Coordinates
version=1
nRows=394
nColumns=19
inDegrees=yes

Units are S.I. units (second, meters, Newtons, ...)
If the header above contains a line with 'inDegrees', this indicates whether rotational values are in degrees (yes) or radians (no).

endheader
time	pelvis_to_ground_rx	pelvis_to_ground_ry	pelvis_to_ground_rz	pelvis_to_ground_tx	pelvis_to_ground_ty	pelvis_to_ground_tz	left_hip_abduction	left_hip_rotation	left_hip_flexion	left_knee_flexion	left_ankle_flexion	left_subtalar_angle	right_hip_abduction	right_hip_rotation	right_hip_flexion	right_knee_flexion	right_ankle_flexion	right_subtalar_angle
      0.04000000	     95.87476104	     13.73362412	     -1.76774855	     -2.13787870	     -0.62287756	      0.70854205	     -6.56634818	     -6.88694976	     -3.77855429	    -39.55134032	      3.69825618	     -5.08581057	     -4.47010173	     -1.80443237	     26.69810649	    -19.06335104	     -5.14998841	     -4.73372507
      0.05000000	     94.69215322	     13.57279432	     -2.28155161	     -2.12416899	     -0.62477823	      0.70960569	     -4.97100479	     -5.00991200	     -1.17308992	    -43.75109657	      2.56823702	     -5.03708781	     -3.00044820	     -0.93794290	     26.33024949	    -18.92901272	     -4.46782173	     -5.17418609
      0.06000000	     93.44058670	     13.39138107	     -2.63189397	     -2.11052007	     -0.62667028	      0.71054946	     -3.44488621	     -3.31230563	      1.11030548	    -47.69564544	      1.30046055	     -5.02391812	     -1.46422608	     -0.02869872	     25.75498163	    -18.69677326	     -3.77830116	     -5.67363119
      0.07000000	     92.16918031	     13.17357464	     -2.92515509	     -2.09704006	     -0.62855462	      0.71152321	     -2.02148438	     -1.77795142	      3.24000920	    -51.41217295	      0.03705815	     -5.12556969	      0.11011615	      0.83984266	     25.05873263	    -18.32246785	     -3.16952888	     -6.11231227
      0.08000000	     90.90796585	     12.90625073	     -3.19588016	     -2.08380123	     -0.63042571	      0.71263486	     -0.72520922	     -0.36414831	      5.30261380	    -54.91504030	     -1.17989803	     -5.34265660	      1.69326208	      1.63340457	     24.24750078	    -17.75603862	     -2.64204160	     -6.44725041
      0.09000000	     89.67364713	     12.56067102	     -3.44403754	     -2.07083884	     -0.63228083	      0.71393285	      0.43563987	      1.01096739	      7.34212510	    -58.22019567	     -1.69317152	     -5.52395102	      3.25773249	      2.37612095	     23.29355206	    -16.95253393	     -2.40885374	     -6.49633561
      0.10000000	     88.53298835	     12.19458839	     -3.76607702	     -2.05817201	     -0.63412946	      0.71547583	      1.37216598	      2.22856788	      9.46110897	    -61.28583854	     -3.23857975	     -6.43317594	      4.75642888	      2.89698198	     22.29398778	    -15.92326463	     -1.88991236	     -6.54274009
      0.11000000	     87.46964364	     11.74836665	     -4.07138755	     -2.04580490	     -0.63596807	      0.71718755	      2.13092673	      3.48440629	     11.61908970	    -64.15406897	     -3.49077432	     -6.52104791	      6.16252509	      3.38784525	     21.14485873	    -14.65542796	     -1.76062145	     -6.47082081
      0.12000000	     86.53425331	     11.26204939	     -4.41405011	     -2.03370513	     -0.63779388	      0.71907670	      2.64635755	      4.68083582	     13.84885347	    -66.75138247	     -3.75628974	     -6.60228552	      7.43259097	      3.76317609	     19.89879320	    -13.15440054	     -1.64671615	     -6.32445086
      0.13000000	     85.74097338	     10.73894476	     -4.74803745	     -2.02186980	     -0.63960788	      0.72103926	      2.91400593	      5.82005746	     16.10975474	    -69.06777589	     -3.90951141	     -6.71829117	      8.54424892	      4.06240226	     18.55170720	    -11.51095086	     -1.59351206	     -6.07990083
      0.14000000	     85.10113101	     10.18307905	     -5.06165561	     -2.01027180	     -0.64140156	      0.72301236	      2.93279848	      6.89880376	     18.38102431	    -71.06790515	     -3.89880893	     -6.89060580	      9.47520112	      4.34062553	     17.11057570	     -9.76544377	     -1.60960174	     -5.71820501
      0.15000000	     84.61963718	      9.59246825	     -5.33488226	     -1.99888677	     -0.64315888	      0.72491392	      2.70988867	      7.91594337	     20.63072313	    -72.72836078	     -3.70763033	     -7.12195370	     10.21941520	      4.63234432	     15.59698651	     -8.00066423	     -1.67457127	     -5.29381534
      0.16000000	     84.29329157	      8.97439751	     -5.56528581	     -1.98770856	     -0.64486424	      0.72668364	      2.26032335	      8.85377731	     22.84726616	    -74.03125939	     -3.33238083	     -7.42868853	     10.77710296	      4.98173582	     14.05104799	     -6.29521296	     -1.77447573	     -4.81390286
      0.17000000	     84.11128003	      8.32931986	     -5.74818923	     -1.97672127	     -0.64649178	      0.72826020	      1.60951247	      9.70434642	     25.01280228	    -74.96561182	     -2.78795513	     -7.82137791	     11.16668151	      5.39088957	     12.51801011	     -4.74016886	     -1.87660807	     -4.31826902
      0.18000000	     84.04554784	      7.67782414	     -5.86965922	     -1.96591175	     -0.64802081	      0.72958736	      0.80428439	     10.41982902	     27.10078546	    -75.53430332	     -1.74452613	     -8.55920975	     11.44991000	      5.69390742	     11.05633671	     -3.44790569	     -1.97226125	     -3.62102644
      0.19000000	     84.08369516	      6.94646497	     -5.97089749	     -1.95528052	     -0.64941159	      0.73067757	     -0.13760026	     11.12253304	     29.13930749	    -75.72229077	     -1.30158176	     -8.93089889	     11.57586145	      6.30950943	      9.66188793	     -2.37254302	     -1.91033021	     -3.32488123
      0.20000000	     84.16422457	      6.20114833	     -6.00091121	     -1.94480171	     -0.65067034	      0.73146263	     -1.11800803	     11.69653136	     31.07075891	    -75.56513796	     -0.31986668	     -9.79586758	     11.67740572	      6.83549726	      8.36546740	     -1.61717057	     -1.78792121	     -3.00087850
      0.21000000	     84.30683761	      5.40838922	     -6.09898190	     -1.93448582	     -0.65175708	      0.73200953	     -2.17786103	     12.17182745	     33.02232454	    -75.04927929	      0.13153650	    -10.22872255	     11.68931746	      7.48758280	      7.27729695	     -1.13855256	     -1.66047764	     -2.83883467
      0.22000000	     84.45268515	      4.57837426	     -6.06310449	     -1.92425962	     -0.65267896	      0.73223722	     -3.18013167	     12.55155818	     34.76016248	    -74.20475128	      1.02062993	    -11.18546262	     11.71974108	      8.05344818	      6.20296938	     -0.95503434	     -1.32383172	     -2.73341862
      0.23000000	     84.58606959	      3.70816376	     -6.07545095	     -1.91414709	     -0.65343178	      0.73219596	     -4.13807198	     12.83796304	     36.48498844	    -73.05906215	      1.53775837	    -11.93495685	     11.75027748	      8.60884649	      5.30947446	     -1.01758953	     -0.94308460	     -2.64175767
      0.24000000	     84.71167735	      2.81355869	     -6.12983357	     -1.90410492	     -0.65402279	      0.73191742	     -5.03188662	     12.99860346	     38.15896235	    -71.61205467	      1.82695873	    -12.25799693	     11.77256830	      9.12627575	      4.55568589	     -1.26026122	     -0.70562788	     -2.58801363
      0.25000000	     84.79402030	      1.89356355	     -6.13408391	     -1.89407265	     -0.65447891	      0.73138090	     -5.77847753	     13.05804690	     39.66794864	    -69.89622511	      2.19898175	    -12.64044712	     11.83353797	      9.63365208	      3.79485694	     -1.60168609	     -0.31190230	     -2.56695774
      0.26000000	     84.82856517	      0.97241375	     -6.03010607	     -1.88400090	     -0.65482926	      0.73058415	     -6.33593121	     13.00740366	     40.92821534	    -67.93292463	      2.60015351	    -13.24081498	     11.95312793	     10.00253391	      2.97001563	     -2.05095568	      0.56036345	     -2.42984696
      0.27000000	     84.84186945	      0.03834237	     -6.02698333	     -1.87388803	     -0.65505963	      0.72964527	     -6.76981340	     12.81523041	     42.13067790	    -65.71188741	      2.65663848	    -13.29169975	     12.04979434	     10.43910403	      2.23304739	     -2.48406032	      0.83186835	     -2.34361433
      0.28000000	     84.80613882	     -0.89571780	     -5.96885582	     -1.86363774	     -0.65522809	      0.72852826	     -6.99907344	     12.52872667	     43.09706528	    -63.28395685	      2.67895032	    -13.26986514	     12.18806137	     10.91060909	      1.39493767	     -2.87770289	      1.34137359	     -2.26539371
      0.29000000	     84.73607263	     -1.81741828	     -5.85701179	     -1.85320469	     -0.65535854	      0.72726016	     -7.02905261	     12.13577738	     43.80547003	    -60.67569703	      2.57627616	    -13.08197541	     12.35498691	     11.37597370	      0.46093161	     -3.24316665	      1.99141112	     -2.13852366
      0.30000000	     84.67281410	     -2.72677520	     -5.68568962	     -1.84255101	     -0.65545165	      0.72584732	     -6.90988469	     11.65612552	     44.24132772	    -57.92641099	      2.30864512	    -12.49635838	     12.49704744	     11.58852224	     -0.48247394	     -3.73428948	      3.04828844	     -1.64754620
      0.31000000	     84.56528674	     -3.61229300	     -5.47887569	     -1.83162170	     -0.65557714	      0.72435520	     -6.56641976	     11.03142400	     44.40590223	    -55.09120876	      2.15716265	    -12.19704483	     12.69511341	     12.12170547	     -1.59056255	     -4.08303520	      3.32409784	     -1.47894757
      0.32000000	     84.49099462	     -4.50479654	     -5.18759310	     -1.82036911	     -0.65571375	      0.72276579	     -6.13035272	     10.39905383	     44.28031197	    -52.23905787	      1.73366811	    -11.61927171	     12.86436567	     12.61360152	     -2.75660221	     -4.56396466	      3.88928480	     -1.32274121
      0.33000000	     84.44565295	     -5.34562309	     -4.87042445	     -1.80880083	     -0.65589297	      0.72110440	     -5.58015821	      9.59601518	     43.91326286	    -49.43897154	      1.31202253	    -11.01999630	     13.00408736	     13.02256553	     -3.88696675	     -5.21677948	      4.43194331	     -1.14672514
      0.34000000	     84.45452723	     -6.15022314	     -4.59344025	     -1.79692060	     -0.65612728	      0.71940358	     -4.99326234	      8.67510198	     43.41045644	    -46.77077447	      0.77583963	    -10.22404340	     13.07654802	     13.39192575	     -4.86103794	     -6.14457265	      5.22272798	     -0.77633213
      0.35000000	     84.52102058	     -6.89631056	     -4.13509140	     -1.78467438	     -0.65646263	      0.71762951	     -4.39177368	      7.71810526	     42.59482076	    -44.35701625	      0.52740992	     -9.86853148	     13.14585805	     13.66993664	     -5.92636008	     -7.31728711	      5.55449633	     -0.62621283
      0.36000000	     84.69238486	     -7.58544922	     -3.78300499	     -1.77216123	     -0.65684816	      0.71587984	     -3.87971647	      6.64196389	     41.77374102	    -42.21080233	     -0.00887293	     -9.44122543	     13.08842123	     13.90064285	     -6.68604026	     -8.88266197	      6.27746547	     -0.30613598
      0.37000000	     84.96553403	     -8.17569357	     -3.38169829	     -1.75937701	     -0.65732667	      0.71412878	     -3.47952592	      5.48793907	     40.83944985	    -40.42992737	     -0.08981823	     -9.30530508	     12.95349082	     13.98591781	     -7.30582086	    -10.80614407	      6.39802871	     -0.28513220
      0.38000000	     85.40190448	     -8.67811641	     -2.96860339	     -1.74636801	     -0.65786664	      0.71240236	     -3.32780109	      4.35632326	     39.87350677	    -39.03284416	     -0.21686339	     -9.23053176	     12.63953336	     13.83143753	     -7.67534719	    -13.16894384	      6.57824668	     -0.30595427
      0.39000000	     85.99753288	     -9.07548713	     -2.58645326	     -1.73318092	     -0.65844524	      0.71073419	     -3.44861969	      3.25955400	     38.93269262	    -38.01903340	     -0.29343142	     -9.26962324	     12.13418418	     13.42334222	     -7.75330200	    -15.92638504	      6.72012111	     -0.33816993
      0.40000000	     86.75712116	     -9.34808865	     -2.22811074	     -1.71986304	     -0.65902290	      0.70913155	     -3.86825768	      2.20938143	     38.03440594	    -37.40338435	     -0.28485238	     -9.44606391	     11.42712392	     12.73709761	     -7.56571034	    -19.00818470	      6.77131212	     -0.35832758
      0.41000000	     87.67519694	     -9.49623954	     -1.95133992	     -1.70644703	     -0.65957144	      0.70764416	     -4.54942240	      1.14152947	     37.19720190	    -37.09708913	     -0.21180758	    -11.00688678	     10.49255893	     11.72513385	     -7.06752833	    -22.34654623	      6.82181440	      0.35002939
      0.42000000	     88.71815502	     -9.46849611	     -1.59979949	     -1.69295070	     -0.66011526	      0.70629687	     -5.49257233	      0.14005732	     36.25986843	    -37.05617212	     -0.41558033	    -11.92533368	      9.40468852	     10.33577331	     -6.49642519	    -25.78454502	      6.44543902	      0.41629880
      0.43000000	     89.88416603	     -9.32627250	     -1.39334785	     -1.67943377	     -0.66055228	      0.70516114	     -6.69964613	     -0.74121180	     35.44230258	    -37.21817931	     -0.05159401	    -12.23571790	      8.10340106	      8.64918210	     -5.62102607	    -29.30718526	      5.91791578	      0.31035519
      0.44000000	     91.06720709	     -9.05337032	     -1.18124171	     -1.66592475	     -0.66092525	      0.70421864	     -8.06374089	     -1.39717674	     34.59601041	    -37.56757218	      0.58584670	    -12.82990630	      6.71946543	      6.57535585	     -4.65636588	    -32.81451426	      4.85088771	      0.23634096
      0.45000000	     92.29855184	     -8.66270253	     -1.04312685	     -1.65246236	     -0.66116951	      0.70358323	     -9.53989392	     -1.99112167	     33.71284557	    -37.91427171	      1.15119584	    -13.30229785	      5.22795997	      4.22523200	     -3.55363402	    -36.24286367	      3.71868153	     -0.02589216
      0.46000000	     93.51199935	     -8.17598749	     -0.98832718	     -1.63910551	     -0.66129191	      0.70328801	    -11.04727970	     -2.46787135	     32.80143847	    -38.21041567	      1.74228069	    -13.64948038	      3.70956134	      1.63690760	     -2.32840294	    -39.54623040	      2.49850153	     -0.43691809
      0.47000000	     94.67878695	     -7.61785900	     -1.02851173	     -1.62589583	     -0.66128473	      0.70337561	    -12.52687278	     -2.83664297	     31.85812980	    -38.38364852	      2.34987971	    -13.83354545	      2.21820445	     -1.11270930	     -0.98724597	    -42.68483550	      1.23256569	     -1.06739823
      0.48000000	     95.76596408	     -7.01570815	     -1.18746523	     -1.61287863	     -0.66115385	      0.70387954	    -13.91518754	     -3.11886673	     30.90044023	    -38.37849968	      2.96462810	    -13.79642898	      0.82003538	     -3.93699266	      0.48868809	    -45.62797998	     -0.01451314	     -1.99361775
      0.49000000	     96.75179634	     -6.38912199	     -1.43223357	     -1.60007793	     -0.66091538	      0.70479861	    -15.17056746	     -3.32948877	     29.89795907	    -38.16496612	      3.53661245	    -13.50455243	     -0.43276675	     -6.76359875	      2.06675641	    -48.35084510	     -1.07603898	     -3.15777901
      0.50000000	     97.61440282	     -5.75884574	     -1.78980592	     -1.58752815	     -0.66057987	      0.70613425	    -16.23815635	     -3.56108769	     28.87259810	    -37.70672153	      3.66803067	    -13.38839285	     -1.48748165	     -9.53827069	      3.79923382	    -50.85692368	     -1.25465006	     -3.52529988
      0.51000000	     98.33271512	     -5.18631763	     -2.22391915	     -1.57522505	     -0.66016773	      0.70785201	    -17.12654601	     -3.65139617	     27.85279063	    -37.06248902	      4.36633666	    -12.69234561	     -2.28051257	    -12.05247881	      5.65159473	    -53.08842502	     -2.17349363	     -5.26871070
      0.52000000	     98.91990077	     -4.62972823	     -2.60334205	     -1.56314705	     -0.65969724	      0.70987480	    -17.81038866	     -3.81662424	     26.66340588	    -36.18689499	      4.40476080	    -12.52188120	     -2.86637528	    -14.39403204	      7.50629645	    -55.07488596	     -2.17713367	     -5.57006075
      0.53000000	     99.33796989	     -4.12249341	     -3.03297776	     -1.55133477	     -0.65921589	      0.71216961	    -18.26276979	     -4.03056533	     25.47466948	    -35.16610103	      4.45550222	    -12.25235479	     -3.14876747	    -16.38916653	      9.48628203	    -56.78169776	     -2.04268514	     -6.08750670
      0.54000000	     99.63371518	     -3.71588211	     -3.38512914	     -1.53974092	     -0.65872238	      0.71463783	    -18.56618795	     -4.14818911	     24.19468205	    -34.02653099	      4.60290249	    -11.44814892	     -3.22245217	    -17.90384362	     11.46393413	    -58.21357949	     -1.82421679	     -7.48746501
      0.55000000	     99.76985955	     -3.33889950	     -3.74228370	     -1.52838514	     -0.65828225	      0.71724670	    -18.63599281	     -4.50943464	     22.87688845	    -32.79036575	      4.63525740	    -11.25098215	     -3.04289718	    -19.03310579	     13.51624296	    -59.36336577	     -1.65817751	     -7.77764204
      0.56000000	     99.76524194	     -2.98155330	     -4.03574243	     -1.51725899	     -0.65794160	      0.71987355	    -18.53436518	     -4.96705675	     21.52141489	    -31.56495227	      4.59012658	    -10.98862354	     -2.67851609	    -19.73411004	     15.54525180	    -60.23105666	     -1.26029931	     -8.22212413
      0.57000000	     99.64789685	     -2.69145678	     -4.27627189	     -1.50634094	     -0.65771490	      0.72244284	    -18.31691621	     -5.37368786	     20.19173330	    -30.41183775	      4.42203570	    -10.61579856	     -2.18606972	    -19.91176713	     17.55150042	    -60.83758377	     -0.50600001	     -8.99072884
      0.58000000	     99.50064655	     -2.36541864	     -4.34040079	     -1.49558556	     -0.65758259	      0.72485498	    -18.05803052	     -6.01548403	     18.68429762	    -29.28323632	      4.37630196	    -10.40127158	     -1.76699318	    -19.80528632	     19.36501342	    -61.21031099	     -0.18279493	     -9.29522979
      0.59000000	     99.26369645	     -2.03354272	     -4.38250591	     -1.48502919	     -0.65763411	      0.72711027	    -17.71198591	     -6.69632004	     17.24303506	    -28.28947370	      4.28095676	    -10.19472021	     -1.30363721	    -19.30202425	     21.12591134	    -61.32531323	      0.25492161	     -9.64857462
      0.60000000	     98.98289062	     -1.67379540	     -4.35902237	     -1.47463272	     -0.65788357	      0.72911925	    -17.34226848	     -7.31864450	     15.84861954	    -27.47703391	      4.03435282	    -10.00764363	     -0.89578417	    -18.48984473	     22.76639503	    -61.21179055	      0.98748912	    -10.24228710
      0.61000000	     98.71788619	     -1.23639925	     -4.22600661	     -1.46436336	     -0.65828844	      0.73085056	    -17.00861320	     -8.04602873	     14.38847229	    -26.77153339	      3.99053348	     -9.86725405	     -0.65057480	    -17.54686047	     24.23069241	    -60.89160697	      1.18620567	    -10.38545015
      0.62000000	     98.46212101	     -0.72415458	     -4.07707641	     -1.45422924	     -0.65888689	      0.73228687	    -16.70207930	     -8.73069871	     13.01106616	    -26.23837355	      3.91875654	     -9.72644234	     -0.52867309	    -16.48167605	     25.61117882	    -60.36514892	      1.43031462	    -10.55626789
      0.63000000	     98.23633533	     -0.12841069	     -3.89000848	     -1.44419773	     -0.65966064	      0.73340376	    -16.44486823	     -9.33731929	     11.68720728	    -25.86880551	      3.83886960	     -9.58137789	     -0.56452218	    -15.37399308	     26.87677984	    -59.64021648	      1.65285751	    -10.71353685
      0.64000000	     98.05240837	      0.56077672	     -3.68876163	     -1.43423217	     -0.66060720	      0.73421554	    -16.23528726	     -9.85552931	     10.41190977	    -25.60414123	      3.78603934	     -9.42350062	     -0.75893368	    -14.31310736	     28.04788237	    -58.71202400	      1.79183645	    -10.80608253
      0.65000000	     97.91349445	      1.33688883	     -3.48538124	     -1.42432073	     -0.66170915	      0.73472177	    -16.06937798	    -10.28983575	      9.19879210	    -25.45241214	      3.75736396	     -9.23510950	     -1.10210886	    -13.32485399	     29.12911585	    -57.57735247	      1.86174108	    -10.84267350
      0.66000000	     97.82039332	      2.19193384	     -3.29426084	     -1.41442977	     -0.66295312	      0.73494409	    -15.93762363	    -10.65132032	      8.04116031	    -25.37628432	      3.76699216	     -8.99913472	     -1.57836273	    -12.44700061	     30.12455777	    -56.22657809	      1.85393031	    -10.80945030
      0.67000000	     97.76834180	      3.11030923	     -3.12568575	     -1.40453483	     -0.66432562	      0.73490398	    -15.82769350	    -10.95537672	      6.93640903	    -25.35481997	      3.82482975	     -8.71711571	     -2.16368077	    -11.69537123	     31.03294707	    -54.65117245	      1.76637827	    -10.69583379
      0.68000000	     97.75200689	      4.06984574	     -2.98438134	     -1.39459449	     -0.66580646	      0.73462954	    -15.73078594	    -11.22589526	      5.87026933	    -25.35987168	      3.95312366	     -8.34469625	     -2.83356111	    -11.07434930	     31.84393179	    -52.84472751	      1.57634138	    -10.47552875
      0.69000000	     97.73105009	      5.04113990	     -2.89810024	     -1.38457886	     -0.66741218	      0.73414498	    -15.57252111	    -11.20017522	      4.96297254	    -25.49729395	      4.83602110	     -6.64968007	     -3.51336439	    -10.56625394	     32.57548558	    -50.80157720	      1.31987567	     -9.89622218
      0.70000000	     97.75134220	      6.00821296	     -2.81226065	     -1.37445489	     -0.66907747	      0.73346992	    -15.45052189	    -11.39213391	      3.96883572	    -25.53243787	      5.01148701	     -6.38885236	     -4.25317087	    -10.15692723	     33.15594201	    -48.54387017	      0.88903301	     -9.47663103
      0.71000000	     97.77561416	      6.95473023	     -2.75676134	     -1.36417483	     -0.67082452	      0.73263514	    -15.30758411	    -11.60528657	      2.99447854	    -25.56799007	      5.28073467	     -6.02687720	     -4.97797754	     -9.84260922	     33.60808037	    -46.08506000	      0.38242446	     -8.98229155
      0.72000000	     97.82569459	      7.85814962	     -2.69376889	     -1.35370053	     -0.67262011	      0.73164070	    -15.19775604	    -11.94667900	      1.95588498	    -25.56149624	      5.44846294	     -5.81158963	     -5.70391285	     -9.58597393	     33.89141381	    -43.47801644	      0.00931663	     -8.63983674
      0.73000000	     97.86147214	      8.69385627	     -2.61660457	     -1.34299286	     -0.67447190	      0.73051359	    -15.06495270	    -12.26613543	      0.90072345	    -25.57054126	      5.70036921	     -5.56717416	     -6.36516636	     -9.36233447	     34.00361239	    -40.75473198	     -0.69776592	     -8.09289382
      0.74000000	     97.88897393	      9.45680425	     -2.52786007	     -1.33202187	     -0.67638007	      0.72924613	    -14.91677089	    -12.56296124	     -0.15388906	    -25.62743619	      5.97625538	     -5.32483566	     -6.95280891	     -9.15216609	     33.96099242	    -37.99394181	     -1.53500273	     -7.50471333
      0.75000000	     97.86978814	     10.17968029	     -2.43788898	     -1.32076327	     -0.67836124	      0.72786569	    -14.69956766	    -12.81119908	     -1.14709312	    -25.81273559	      6.32532195	     -5.02159028	     -7.38778311	     -9.04182017	     33.79221871	    -35.25480950	     -2.64724675	     -6.83754708
      0.76000000	     97.88582712	     10.75712201	     -2.29426903	     -1.30919940	     -0.68032150	      0.72636705	    -14.56343797	    -13.09131544	     -2.23159434	    -25.99471611	      6.50539376	     -4.84528689	     -7.83005278	     -8.73240667	     33.44356906	    -32.62923820	     -3.34363943	     -6.41987844
      0.77000000	     97.82610123	     11.31805858	     -2.20169994	     -1.29732303	     -0.68236186	      0.72481387	    -14.30951239	    -13.30636609	     -3.14382836	    -26.39246592	      6.79418428	     -4.57751367	     -8.04648284	     -8.58420812	     33.06218196	    -30.16283427	     -4.69327196	     -5.80699862
      0.78000000	     97.74868183	     11.78430821	     -1.97564630	     -1.28511860	     -0.68437184	      0.72316108	    -14.08246486	    -13.44578569	     -4.14816369	    -26.90763190	      6.90260813	     -4.41255607	     -8.17704100	     -8.38245204	     32.47626495	    -27.96505393	     -5.51106307	     -5.45043357
      0.79000000	     97.63741987	     12.13205415	     -1.83179637	     -1.27266801	     -0.68637709	      0.72150281	    -13.79089053	    -13.43978934	     -4.92226515	    -27.65861846	      6.91568412	     -4.32897600	     -8.22164630	     -7.97955721	     31.88772098	    -26.01322312	     -6.12872200	     -5.14407896
      0.80000000	     97.44203975	     12.44291483	     -1.71022071	     -1.25994235	     -0.68840012	      0.71986293	    -13.37612897	    -13.29601877	     -5.50055164	    -28.67936794	      6.84424967	     -4.25090498	     -8.06223245	     -7.65365558	     31.27677758	    -24.36777549	     -6.75705720	     -4.85801679
      0.81000000	     97.18276558	     12.68707973	     -1.65064520	     -1.24699825	     -0.69040733	      0.71827839	    -12.86199843	    -13.01059638	     -5.82931982	    -29.98292688	      6.67157981	     -4.17557586	     -7.76338833	     -7.27507459	     30.67604506	    -23.03117114	     -7.21747704	     -4.66815903
      0.82000000	     96.83223454	     12.86120132	     -1.62811636	     -1.23386128	     -0.69238821	      0.71677792	    -12.21253057	    -12.52172331	     -5.90017766	    -31.59145992	      6.39060289	     -4.10813898	     -7.32131411	     -6.79843917	     30.05812265	    -21.98756047	     -7.48441059	     -4.57419123
      0.83000000	     96.38519265	     12.97176469	     -1.64254982	     -1.22057985	     -0.69435156	      0.71539323	    -11.40092779	    -11.76737211	     -5.67782312	    -33.52459459	      5.99516181	     -4.05101503	     -6.73964183	     -6.22414848	     29.41996485	    -21.20282961	     -7.56075714	     -4.57129363
      0.84000000	     95.81959106	     13.02139527	     -1.76400027	     -1.20720620	     -0.69633661	      0.71415220	    -10.40996044	    -10.81061489	     -5.08529001	    -35.78397898	      4.96917277	     -3.63209185	     -6.01902846	     -5.47676393	     28.84667532	    -20.67325894	     -7.40056323	     -4.87722390
      0.85000000	     95.12631419	     13.00285198	     -1.83966393	     -1.19375863	     -0.69829130	      0.71304260	     -9.26455972	     -9.58935738	     -4.28802777	    -38.33891518	      4.18502200	     -3.47380647	     -5.14696583	     -4.62461334	     28.18973026	    -20.35459841	     -6.97856703	     -5.21564129
      0.86000000	     94.32888472	     12.94557055	     -1.91132692	     -1.18030028	     -0.70023556	      0.71207302	     -7.99673002	     -8.16665887	     -3.25400633	    -41.17146647	      3.09149538	     -3.27633918	     -4.11711882	     -3.79832845	     27.52434134	    -20.25390697	     -6.28933895	     -5.69250030
      0.87000000	     93.41106596	     12.82126359	     -2.01166491	     -1.16689288	     -0.70218170	      0.71131699	     -6.62639623	     -6.61156030	     -1.98388591	    -44.21467872	      1.92658743	     -3.18059929	     -2.95767227	     -2.84781588	     26.84444109	    -20.24523715	     -5.49069570	     -6.15497835
      0.88000000	     92.39589846	     12.63828643	     -2.10969874	     -1.15358758	     -0.70411439	      0.71078157	     -5.20591429	     -4.95897707	     -0.53530841	    -47.42214952	      0.65550696	     -3.17159691	     -1.66980708	     -1.89295213	     26.13403155	    -20.29911606	     -4.59505812	     -6.60948210
      0.89000000	     91.30367889	     12.39486456	     -2.22715346	     -1.14044608	     -0.70602845	      0.71050063	     -3.78120957	     -3.25653734	      1.08904538	    -50.73996052	     -0.64347756	     -3.25494965	     -0.27298190	     -0.97865478	     25.40629142	    -20.34558344	     -3.66780602	     -7.01781735
      0.90000000	     90.15394944	     12.09355860	     -2.34421141	     -1.12751436	     -0.70791047	      0.71050284	     -2.39821699	     -1.55191584	      2.83884893	    -54.10376949	     -1.95488200	     -3.49678528	      1.20899569	     -0.14742114	     24.62261714	    -20.31115183	     -2.75142154	     -7.33153316
      0.91000000	     88.99229896	     11.72512045	     -2.52166156	     -1.11485198	     -0.70974077	      0.71081220	     -1.12247820	      0.13040955	      4.75492197	    -57.45971824	     -3.17052104	     -3.87622527	      2.72293164	      0.57579856	     23.83751410	    -20.15055031	     -1.90289538	     -7.51774292
      0.92000000	     87.85694658	     11.29243556	     -2.75019951	     -1.10249616	     -0.71149839	      0.71144390	     -0.00516266	      1.77914303	      6.80944916	    -60.74617170	     -4.20893792	     -4.36519044	      4.22187450	      1.16095112	     23.02418853	    -19.81693085	     -1.17116819	     -7.55130809
      0.93000000	     86.76388768	     10.77127139	     -2.98343604	     -1.09044365	     -0.71316732	      0.71236802	      0.93746591	      3.42484650	      8.93353896	    -63.91006051	     -4.63322023	     -4.69643744	      5.66620552	      1.67910265	     22.11827781	    -19.27754149	     -0.85856310	     -7.48394527
      0.94000000	     85.75935876	     10.26496296	     -3.28359434	     -1.07869303	     -0.71478122	      0.71361037	      1.63784862	      4.86830808	     11.17303336	    -66.88283858	     -5.72033372	     -5.66747589	      7.03299835	      1.93914710	     21.18914099	    -18.53508876	     -0.00820818	     -7.05497616
      0.95000000	     84.88286718	      9.68163639	     -3.67035267	     -1.06726145	     -0.71628279	      0.71510747	      2.06920939	      6.30026439	     13.55222562	    -69.64593256	     -5.74654451	     -5.96435579	      8.22635825	      2.20691253	     20.24976273	    -17.59449816	      0.07172147	     -6.87023097
      0.96000000	     84.12383808	      9.11931409	     -4.03578847	     -1.05606687	     -0.71772509	      0.71682264	      2.26075463	      7.55073012	     15.93716036	    -72.13325468	     -5.72531340	     -6.23194836	      9.27925660	      2.35734407	     19.19015158	    -16.45543378	      0.14804215	     -6.68027220
      0.97000000	     83.54609413	      8.49491696	     -4.44174440	     -1.04513098	     -0.71903912	      0.71866691	      2.14757068	      8.74043739	     18.37579337	    -74.31120347	     -5.56170512	     -6.57695304	     10.10058339	      2.55543746	     18.12755059	    -15.25522371	      0.18222625	     -6.38461743
      0.98000000	     83.15722663	      7.84997009	     -4.85649426	     -1.03441710	     -0.72020787	      0.72056180	      1.73481076	      9.79455687	     20.82391732	    -76.15332607	     -4.90886924	     -7.45718216	     10.71662611	      2.61184411	     17.10225638	    -14.11494220	      0.17552215	     -5.49160080
      0.99000000	     82.88241526	      7.20022392	     -5.13397253	     -1.02382803	     -0.72130857	      0.72247938	      1.16712628	     10.72589891	     23.11966257	    -77.63290851	     -4.42001048	     -8.12562800	     11.15378678	      2.86308595	     15.88143917	    -12.91037902	      0.30236106	     -4.73037228
      1.00000000	     82.78351241	      6.56143767	     -5.46042525	     -1.01341070	     -0.72228296	      0.72437577	      0.34621990	     11.48681370	     25.45627018	    -78.75047113	     -3.83237571	     -8.62490724	     11.36566720	      3.18781398	     14.76066573	    -11.81845561	      0.25521368	     -4.33249499
      1.01000000	     82.79028897	      5.91044717	     -5.66195238	     -1.00308872	     -0.72315378	      0.72618567	     -0.58520177	     12.13315451	     27.62778407	    -79.49324324	     -3.38570964	     -8.98353390	     11.41487379	      3.76622545	     13.52873765	    -10.80326289	      0.21828063	     -4.07248497
      1.02000000	     82.91358976	      5.25851065	     -5.84837650	     -0.99290099	     -0.72386240	      0.72781369	     -1.65273073	     12.63919831	     29.75540379	    -79.89222389	     -2.24952529	     -9.88225376	     11.33996964	      4.24050689	     12.44744377	    -10.10025631	      0.07467708	     -3.67350936
      1.03000000	     83.10275894	      4.62036370	     -5.96300671	     -0.98279038	     -0.72445928	      0.72929941	     -2.75946748	     12.99460850	     31.75614326	    -79.93188580	     -1.47718178	    -10.62676826	     11.16101499	      4.93245064	     11.34947165	     -9.53227522	      0.05262101	     -3.40670745
      1.04000000	     83.31284307	      3.97557983	     -6.03259620	     -0.97276984	     -0.72494349	      0.73058045	     -3.84802192	     13.26571549	     33.67176528	    -79.65138574	     -1.00818275	    -11.08494920	     10.94296260	      5.77817304	     10.29806274	     -9.15192272	      0.06456705	     -3.23986253
      1.05000000	     83.58222863	      3.33801266	     -6.03586638	     -0.96282767	     -0.72525911	      0.73160588	     -4.93780070	     13.39119275	     35.44301728	    -79.04612663	     -0.04859206	    -12.17564377	     10.67834057	      6.45527024	      9.34903250	     -9.08339921	      0.10301214	     -3.11765139
      1.06000000	     83.82187082	      2.70889969	     -6.04402654	     -0.95295811	     -0.72548978	      0.73241594	     -5.93288789	     13.43551201	     37.17153055	    -78.15180688	      0.28384759	    -12.58173660	     10.43570799	      7.27267270	      8.46081204	     -9.11980015	      0.15815817	     -3.01956063
      1.07000000	     84.06675584	      2.12642429	     -6.00151791	     -0.94313931	     -0.72559924	      0.73295484	     -6.83093277	     13.29350643	     38.75156388	    -76.96404213	      1.01236499	    -13.60805849	     10.21122143	      7.85822175	      7.63984826	     -9.35294563	      0.34107946	     -2.98311551
      1.08000000	     84.24162351	      1.49982133	     -5.95099280	     -0.93337513	     -0.72562414	      0.73321419	     -7.57604504	     13.20911408	     40.27752032	    -75.53001689	      1.22688168	    -13.94161306	     10.06031259	      8.48507289	      6.87028049	     -9.69584197	      0.44014862	     -2.91766497
      1.09000000	     84.38971936	      0.91625954	     -5.89864162	     -0.92362185	     -0.72557148	      0.73321678	     -8.18051194	     12.98801609	     41.69127371	    -73.82374979	      1.51466511	    -14.31203639	      9.95013940	      8.94857992	      6.15264128	    -10.11993717	      0.60672507	     -2.87948658
      1.10000000	     84.48871086	      0.35527345	     -5.83633139	     -0.91385634	     -0.72545929	      0.73296395	     -8.61156325	     12.69047962	     42.97634011	    -71.85678890	      1.77591108	    -14.64539052	      9.89925799	      9.29655360	      5.44640991	    -10.57228395	      0.84096076	     -2.84367273
      1.11000000	     84.53441323	     -0.17662934	     -5.75550419	     -0.90404220	     -0.72531449	      0.73245374	     -8.85615647	     12.33342031	     44.10690357	    -69.63856416	      1.94660785	    -14.86851030	      9.91389811	      9.53189492	      4.72742033	    -11.03495314	      1.14051855	     -2.79283791
      1.12000000	     84.52993163	     -0.67680276	     -5.55521066	     -0.89412123	     -0.72515190	      0.73166182	     -8.88847822	     11.93154148	     44.94917173	    -67.18686002	      1.98489877	    -14.86023602	     10.00495630	      9.60201329	      3.89056480	    -11.52162338	      1.22713103	     -2.77929045
      1.13000000	     84.48208453	     -1.22426311	     -5.61591922	     -0.88410450	     -0.72493003	      0.73072271	     -8.81322478	     11.52172433	     45.89174572	    -64.48221729	      1.96259762	    -14.74619570	     10.09210536	      9.94763220	      3.27268566	    -11.95645423	      1.70117845	     -2.73016047
      1.14000000	     84.41044503	     -1.73803037	     -5.47041235	     -0.87383262	     -0.72471272	      0.72951240	     -8.54867115	     11.13381913	     46.41996083	    -61.58988056	      1.70356387	    -14.18878740	     10.23853667	     10.05639978	      2.42844370	    -12.40708911	      2.52242991	     -2.54042462
      1.15000000	     84.30836455	     -2.22078711	     -5.37835353	     -0.86330803	     -0.72448198	      0.72812235	     -8.11083383	     10.62932037	     46.76440845	    -58.51938372	      1.67020548	    -13.98571906	     10.40163589	     10.14790771	      1.59948968	    -12.82049837	      2.63957908	     -2.48441925
      1.16000000	     84.16916806	     -2.72646309	     -5.22658839	     -0.85250028	     -0.72426749	      0.72649124	     -7.52549950	     10.17907703	     46.85735711	    -55.38589061	      1.15448254	    -12.68742531	     10.61876721	     10.33636106	      0.69657759	    -13.31622976	      3.47028807	     -2.21957723
      1.17000000	     83.99204818	     -3.21205755	     -5.00305467	     -0.84130345	     -0.72407450	      0.72468428	     -6.75074744	      9.65077398	     46.64490491	    -52.23445463	      1.03982274	    -12.25168614	     10.90222469	     10.61282108	     -0.36082701	    -13.75808384	      3.66974367	     -2.13108743
      1.18000000	     83.87580113	     -3.74329477	     -4.68748266	     -0.82967179	     -0.72384333	      0.72270391	     -5.98534573	      9.23911479	     46.16354081	    -49.15506796	      0.55863091	    -11.30553258	     11.12404284	     10.85293241	     -1.50120273	    -14.31709635	      4.15578892	     -2.05236523
      1.19000000	     83.76753387	     -4.24230085	     -4.50948968	     -0.81768303	     -0.72359282	      0.72060519	     -5.12636953	      8.62792166	     45.62954158	    -46.23061510	      0.15472160	    -10.08117235	     11.30985435	     11.08379254	     -2.46003267	    -15.01720150	      4.72239964	     -1.84326646
      1.20000000	     83.69532511	     -4.73537681	     -4.18788528	     -0.80524137	     -0.72336113	      0.71837577	     -4.24062589	      8.01387124	     44.82675144	    -43.60401748	     -0.08018141	     -9.29440209	     11.49414348	     11.29142695	     -3.55990653	    -15.82700483	      5.05529078	     -1.65090052
      1.21000000	     83.69270207	     -5.20316580	     -3.91190372	     -0.79241898	     -0.72308864	      0.71609643	     -3.37384987	      7.24998912	     43.95504148	    -41.31823883	     -0.18476131	     -9.02741369	     11.58643315	     11.42319357	     -4.53622394	    -16.81986166	      5.12428002	     -1.61949895
      1.22000000	     83.79530018	     -5.65164100	     -3.61021681	     -0.77924383	     -0.72280181	      0.71380162	     -2.63072850	      6.45286035	     43.00706545	    -39.45649473	     -0.37680955	     -8.76185672	     11.56052911	     11.43700926	     -5.42419973	    -18.05062730	      5.19856254	     -1.59680002
      1.23000000	     84.04216269	     -6.07618857	     -3.30344869	     -0.76574365	     -0.72246835	      0.71154387	     -2.10616048	      5.65943524	     42.04751983	    -38.06700498	     -0.65923913	     -8.57794034	     11.34971219	     11.27269873	     -6.16146254	    -19.55003711	      5.25379926	     -1.50859147
      1.24000000	     84.41258318	     -6.43727997	     -3.14793280	     -0.75203204	     -0.72206734	      0.70941421	     -1.73662570	      4.66778722	     41.21402542	    -37.12397083	     -0.70624745	     -8.56332969	     10.95127446	     10.96396748	     -6.56100418	    -21.31630172	      5.16831799	     -1.46897462
      1.25000000	     84.95180047	     -6.74459829	     -3.00062587	     -0.73812300	     -0.72160019	      0.70740331	     -1.65659680	      3.67183328	     40.42310754	    -36.65177960	     -0.67290876	     -8.69293353	     10.31597737	     10.38996378	     -6.72975440	    -23.38362530	      4.96243632	     -1.42723462
      1.26000000	     85.64624694	     -7.00283456	     -2.89786979	     -0.72407538	     -0.72103608	      0.70557016	     -1.84527557	      2.64125906	     39.69582870	    -36.58848963	     -0.54635024	     -9.94268841	      9.45556045	      9.59329457	     -6.63139049	    -25.72069784	      4.15705024	     -1.03120612
      1.27000000	     86.48677141	     -7.16918636	     -2.85236765	     -0.70997119	     -0.72039774	      0.70394944	     -2.30200341	      1.54893546	     39.04004333	    -36.86410306	     -0.43212857	    -10.97255085	      8.39622396	      8.57140166	     -6.25303940	    -28.30020924	      3.44210021	     -1.01249593
      1.28000000	     87.46648058	     -7.25212062	     -2.81398942	     -0.69585560	     -0.71969341	      0.70255074	     -3.04360697	      0.48782973	     38.40141450	    -37.40174056	     -0.54346441	    -12.32380810	      7.16131510	      7.32983716	     -5.65480447	    -31.08896527	      2.48817583	     -1.40102075
      1.29000000	     88.55240445	     -7.25941574	     -2.78497203	     -0.68176844	     -0.71891440	      0.70139726	     -4.08169205	     -0.40057780	     37.79634325	    -38.15945870	      0.08458992	    -12.88788977	      5.78832943	      5.86904262	     -4.84441670	    -34.05533014	      1.45247455	     -1.35955870
      1.30000000	     89.70471805	     -7.17530968	     -2.74693114	     -0.66778918	     -0.71809801	      0.70053579	     -5.31655712	     -1.18252838	     37.14307401	    -38.98388422	      0.73335583	    -13.55953557	      4.35583229	      4.24721994	     -3.87662598	    -37.12314375	      0.17806811	     -1.55765714
      1.31000000	     90.89931891	     -6.99321237	     -2.73313426	     -0.65397660	     -0.71725372	      0.70001177	     -6.69431916	     -1.86807641	     36.43940061	    -39.76190101	      1.38284390	    -14.16760274	      2.90722335	      2.49785326	     -2.73642624	    -40.24173487	     -1.17027339	     -1.93603086
      1.32000000	     92.10308155	     -6.71203122	     -2.70892937	     -0.64037603	     -0.71642265	      0.69986914	     -8.15400323	     -2.43627189	     35.61631611	    -40.39290508	      1.87430205	    -14.66807054	      1.51358525	      0.69330104	     -1.49618522	    -43.33369040	     -2.83229974	     -3.31327381
      1.33000000	     93.27416851	     -6.36193490	     -2.79945035	     -0.62705949	     -0.71559388	      0.70015750	     -9.61721748	     -2.88912921	     34.78856863	    -40.80847276	      2.53945173	    -14.98846616	      0.21180050	     -1.17949403	     -0.00278033	    -46.40537621	     -3.87702346	     -3.48692338
      1.34000000	     94.38686988	     -5.92930428	     -2.89788905	     -0.61403248	     -0.71480777	      0.70087781	    -11.02847704	     -3.24414611	     33.82629452	    -40.95634193	      3.23548232	    -15.16764189	     -0.93280945	     -3.04651130	      1.58593331	    -49.35792980	     -5.01514437	     -4.09267833
      1.35000000	     95.42748016	     -5.45250563	     -3.04073683	     -0.60132229	     -0.71406292	      0.70204309	    -12.35081105	     -3.48174204	     32.76172036	    -40.78912650	      3.37697415	    -15.15414358	     -1.89862566	     -4.85703362	      3.31939858	    -52.17797477	     -5.23833177	     -4.34163034
      1.36000000	     96.30570296	     -4.85608457	     -3.21548220	     -0.58892370	     -0.71345170	      0.70363720	    -13.45331141	     -3.74190654	     31.58826239	    -40.35658816	      4.34640752	    -14.81570819	     -2.57024040	     -6.63326551	      5.12492118	    -54.73936571	     -6.68694714	     -5.85696457
      1.37000000	     97.06672099	     -4.24612830	     -3.49793933	     -0.57685535	     -0.71289544	      0.70564048	    -14.37084115	     -3.98350334	     30.38881234	    -39.60914587	      4.42790620	    -14.67280216	     -2.99495710	     -8.28776179	      7.14187423	    -57.10769984	     -6.73348067	     -6.11345866
      1.38000000	     97.67006617	     -3.62913905	     -3.84094995	     -0.56507819	     -0.71243732	      0.70798907	    -15.07902857	     -4.13894200	     29.16547272	    -38.63205415	      4.70955228	    -14.19484128	     -3.12430524	     -9.73805382	      9.28733947	    -59.20011275	     -6.76282743	     -6.77578921
      1.39000000	     98.15671142	     -2.97931992	     -3.99889908	     -0.55350883	     -0.71203601	      0.71056696	    -15.60701383	     -4.33228477	     27.63360686	    -37.40606909	      4.79003004	    -14.01569351	     -3.08502646	    -11.03496790	     11.27633336	    -60.99624170	     -6.73047565	     -6.97127433
      1.40000000	     98.45473041	     -2.27693739	     -4.22670998	     -0.54220034	     -0.71177633	      0.71334807	    -15.86655403	     -4.66214258	     26.11847708	    -36.05179363	      4.83395083	    -13.71532543	     -2.74759596	    -12.15023872	     13.36798246	    -62.46336873	     -6.52096677	     -7.26192178
      1.41000000	     98.59407179	     -1.56276898	     -4.47014351	     -0.53111775	     -0.71164299	      0.71620466	    -15.94202896	     -4.90411858	     24.65579682	    -34.68735472	      4.81850767	    -12.91906055	     -2.18326354	    -13.03000092	     15.50268611	    -63.61009730	     -5.81795409	     -7.89712429
      1.42000000	     98.63371643	     -0.82575981	     -4.52552149	     -0.52017829	     -0.71156960	      0.71908014	    -15.85962735	     -5.36356993	     22.93065239	    -33.19960667	      4.84480435	    -12.58666612	     -1.55096578	    -13.70299422	     17.42612249	    -64.41829663	     -5.56712658	     -8.09758398
      1.43000000	     98.56683864	     -0.08790822	     -4.58260145	     -0.50940614	     -0.71160324	      0.72189857	    -15.64504182	     -5.89203086	     21.24288454	    -31.73714700	      4.79528711	    -12.21038771	     -0.81518879	    -14.12743089	     19.34034513	    -64.90454565	     -5.14791031	     -8.37124566
      1.44000000	     98.38335467	      0.65061464	     -4.62139996	     -0.49879371	     -0.71177022	      0.72458629	    -15.31112156	     -6.37212589	     19.63238347	    -30.39263825	      4.57262024	    -11.45902264	      0.00418425	    -14.27781143	     21.19569523	    -65.06038153	     -4.08956373	     -8.97044423
      1.45000000	     98.15727489	      1.45611927	     -4.49037164	     -0.48828685	     -0.71202275	      0.72705198	    -14.92962469	     -7.06725053	     17.87086099	    -29.11738494	      4.55829352	    -11.14190624	      0.74107287	    -14.34020751	     22.80976903	    -64.90710346	     -3.77934858	     -9.15187903
      1.46000000	     97.90600730	      2.27233285	     -4.37236591	     -0.47792012	     -0.71236963	      0.72927599	    -14.53025061	     -7.80777480	     16.21146797	    -27.97580895	      4.47324100	    -10.78364217	      1.41046736	    -14.22013935	     24.38260274	    -64.46453416	     -3.29399687	     -9.45339167
      1.47000000	     97.64454691	      3.08250627	     -4.21138645	     -0.46766278	     -0.71280669	      0.73118408	    -14.15023152	     -8.39791068	     14.64268689	    -27.02907430	      4.26610304	    -10.20410835	      1.95835538	    -13.91797385	     25.83782571	    -63.74668807	     -2.34158667	    -10.07345557
      1.48000000	     97.40662670	      3.94494576	     -4.00437539	     -0.45750386	     -0.71331389	      0.73277150	    -13.80784390	     -9.09666463	     13.08949479	    -26.21024703	      4.25284177	     -9.94710325	      2.33365887	    -13.58229386	     27.16230744	    -62.75631447	     -2.08922092	    -10.24643245
      1.49000000	     97.21713883	      4.80498479	     -3.80292614	     -0.44743261	     -0.71387746	      0.73400765	    -13.53353105	     -9.66431768	     11.64864300	    -25.55154616	      4.15877107	     -9.50515138	      2.51009857	    -13.14317694	     28.40398024	    -61.51086518	     -1.47005805	    -10.72368718
      1.50000000	     97.07269214	      5.68903809	     -3.59476452	     -0.43744050	     -0.71448485	      0.73489395	    -13.31633832	    -10.20649785	     10.27452544	    -25.02264148	      4.16945834	     -9.27907265	      2.48839477	    -12.68738052	     29.53936778	    -60.00439859	     -1.29645169	    -10.83947262
      1.51000000	     96.99510483	      6.57461713	     -3.40409228	     -0.42749968	     -0.71512111	      0.73542472	    -13.17132837	    -10.64282720	      8.98805175	    -24.60630909	      4.17566132	     -9.03018966	      2.24924508	    -12.20436612	     30.57837766	    -58.24256326	     -1.08323933	    -10.96514509
      1.52000000	     96.97998820	      7.45380870	     -3.23774446	     -0.41759047	     -0.71577462	      0.73561007	    -13.08552194	    -10.95504924	      7.78778484	    -24.28787067	      4.20692067	     -8.76047545	      1.80518251	    -11.70887554	     31.51212320	    -56.22130476	     -0.90335661	    -11.03369217
      1.53000000	     97.02040126	      8.31964136	     -3.10007600	     -0.40767426	     -0.71643523	      0.73547049	    -13.04440769	    -11.16415423	      6.65738022	    -24.04080295	      4.28254242	     -8.46838624	      1.17575481	    -11.21481164	     32.32435001	    -53.93556067	     -0.80405602	    -10.99752256
      1.54000000	     97.11588319	      9.16396973	     -2.98740571	     -0.39772103	     -0.71709422	      0.73502447	    -13.04457556	    -11.30130358	      5.56930432	    -23.83420495	      4.41344732	     -8.15169986	      0.37640710	    -10.72884982	     32.99307456	    -51.39176129	     -0.81671781	    -10.82806429
      1.55000000	     97.22647187	      9.97406563	     -2.92538853	     -0.38769363	     -0.71776243	      0.73429812	    -13.02352286	    -11.20891033	      4.61745280	    -23.75923170	      5.04371139	     -7.05243342	     -0.52213833	    -10.24232691	     33.53121006	    -48.59450205	     -1.12845759	     -9.99058937
      1.56000000	     97.40298276	     10.73916495	     -2.82528581	     -0.37752117	     -0.71839704	      0.73328709	    -13.07819158	    -11.26182858	      3.53243808	    -23.59244753	      5.19990528	     -6.84637288	     -1.58394778	     -9.73435916	     33.82555204	    -45.59682625	     -1.20924991	     -9.76120285
      1.57000000	     97.59711216	     11.45923199	     -2.70594427	     -0.36715387	     -0.71901685	      0.73203180	    -13.14292119	    -11.29968431	      2.40269755	    -23.42463412	      5.45341629	     -6.59346583	     -2.71646682	     -9.22617257	     33.89873504	    -42.43374062	     -1.63467156	     -9.25555132
      1.58000000	     97.76360865	     12.13100939	     -2.67116842	     -0.35657141	     -0.71967415	      0.73058284	    -13.12875064	    -11.22910139	      1.42127789	    -23.36913893	      6.01064660	     -6.05093065	     -3.82831726	     -8.68834767	     33.86189655	    -39.14189406	     -2.52337328	     -8.29214549
      1.59000000	     97.96109248	     12.73864021	     -2.43236230	     -0.34567476	     -0.72028515	      0.72886430	    -13.19930162	    -11.24367812	      0.14629199	    -23.27177352	      6.24354298	     -5.85018714	     -5.01539474	     -8.08828101	     33.44032379	    -35.88588520	     -2.95196872	     -7.85064039
      1.60000000	     98.09922826	     13.31560760	     -2.27685745	     -0.33447362	     -0.72096089	      0.72703403	    -13.17532063	    -11.29860049	     -1.00085952	    -23.28457522	      6.80174320	     -5.43990184	     -6.08745116	     -7.48941633	     32.95054039	    -32.67967008	     -4.12696881	     -6.94543013
      1.61000000	     98.21738552	     13.82242603	     -1.99321787	     -0.32292406	     -0.72162780	      0.72503617	    -13.16027516	    -11.35370592	     -2.27616387	    -23.37046716	      7.25070541	     -5.08103566	     -7.10693427	     -6.82080652	     32.22542524	    -29.70062238	     -5.02849797	     -6.33700655
      1.62000000	     98.27976279	     14.26880144	     -1.67181819	     -0.31104245	     -0.72231984	      0.72296309	    -13.09854743	    -11.42288303	     -3.53716152	    -23.59397275	      7.64466455	     -4.79892311	     -7.99043335	     -6.11084660	     31.39444581	    -27.02150992	     -5.91267530	     -5.83626279
      1.63000000	     98.25631632	     14.65838969	     -1.28823301	     -0.29883310	     -0.72304415	      0.72087437	    -12.96132604	    -11.47378317	     -4.77602892	    -23.99059661	      7.87355321	     -4.65599439	     -8.67384331	     -5.40122816	     30.47343036	    -24.72570273	     -6.49658248	     -5.50153688
      1.64000000	     98.16504614	     14.97225933	     -1.04531743	     -0.28639038	     -0.72382194	      0.71889868	    -12.74426986	    -11.56782633	     -5.74570562	    -24.62078149	      8.21954354	     -4.40351883	     -9.16814093	     -4.63095675	     29.67164681	    -22.81675486	     -7.40920248	     -5.18962961
      1.65000000	     97.96664849	     15.21346554	     -0.81088101	     -0.27370806	     -0.72463872	      0.71706052	    -12.41488020	    -11.59347693	     -6.54793532	    -25.50252733	      8.27066605	     -4.34144459	     -9.41954229	     -3.84648342	     28.88440618	    -21.34155210	     -7.61430232	     -5.07669824
      1.66000000	     97.63961376	     15.39515360	     -0.64448117	     -0.26082597	     -0.72550243	      0.71545062	    -11.94514597	    -11.57747164	     -7.09258309	    -26.67100499	      8.27901464	     -4.27809628	     -9.38206963	     -3.12194212	     28.16843808	    -20.25522645	     -7.83654911	     -5.01718075
      1.67000000	     97.17962265	     15.52712872	     -0.57717926	     -0.24779553	     -0.72644009	      0.71411076	    -11.28976792	    -11.42433720	     -7.29028585	    -28.17438008	      8.17810895	     -4.08703577	     -9.04765999	     -2.49494369	     27.55273037	    -19.51840708	     -8.03131229	     -5.19617705
      1.68000000	     96.62361532	     15.54446497	     -0.61403360	     -0.23466778	     -0.72739558	      0.71310984	    -10.55344298	    -11.22862935	     -7.21885984	    -29.90236085	      7.97676955	     -4.03419382	     -8.53646034	     -1.70354852	     26.99112399	    -19.02196626	     -7.93779304	     -5.35090491
      1.69000000	     95.93793961	     15.50168397	     -0.71434021	     -0.22145342	     -0.72839347	      0.71241984	     -9.64613162	    -10.83880881	     -6.83547718	    -31.93480241	      7.58714616	     -3.96086058	     -7.75733277	     -1.00676515	     26.47403316	    -18.75176919	     -7.67627481	     -5.62843990
      1.70000000	     95.15782259	     15.38490239	     -0.93526106	     -0.20818770	     -0.72943719	      0.71212539	     -8.65013974	    -10.38206525	     -6.16514827	    -34.15436702	      6.67226436	     -3.65391741	     -6.81017755	     -0.25216249	     25.99537553	    -18.56143980	     -7.03435307	     -6.28440461
      1.71000000	     94.27044053	     15.17314055	     -1.12423224	     -0.19490159	     -0.73048944	      0.71214537	     -7.54826988	     -9.69147426	     -5.33248391	    -36.57832599	      5.77921000	     -3.54248385	     -5.66882278	      0.48633338	     25.43212133	    -18.43320570	     -6.47807864	     -6.74499516
      1.72000000	     93.30667645	     14.88288399	     -1.31653576	     -0.18162613	     -0.73154286	      0.71250834	     -6.39385216	     -8.84121131	     -4.34796464	    -39.13896310	      4.58241061	     -3.49366127	     -4.37219449	      1.14422612	     24.80305769	    -18.29731224	     -5.79771075	     -7.17662731
      1.73000000	     92.29229957	     14.50005839	     -1.56056887	     -0.16843192	     -0.73261039	      0.71322608	     -5.21595776	     -7.83502978	     -3.17764552	    -41.80198029	      3.23478351	     -3.52750750	     -2.99994412	      1.83865668	     24.12539620	    -18.05452715	     -5.09659765	     -7.47547388
      1.74000000	     91.24679116	     14.03217992	     -1.81552871	     -0.15534252	     -0.73368604	      0.71427270	     -4.05038977	     -6.68240863	     -1.89168641	    -44.51998696	      1.74147539	     -3.64761125	     -1.56993802	      2.49944247	     23.35938354	    -17.67192902	     -4.41065358	     -7.64056954
      1.75000000	     90.20105700	     13.49046222	     -2.08780339	     -0.14240083	     -0.73477017	      0.71562264	     -2.93685666	     -5.41004147	     -0.50199041	    -47.25806180	      0.16458779	     -3.88683476	     -0.12916306	      3.10922109	     22.50595212	    -17.11655147	     -3.78016755	     -7.64553943
      1.76000000	     89.18230910	     12.88406590	     -2.38787674	     -0.12964551	     -0.73586640	      0.71723298	     -1.90686801	     -4.03496704	      0.98968817	    -49.98583405	     -1.38624889	     -4.21310048	      1.28529469	      3.64613516	     21.58427711	    -16.38616741	     -3.24407127	     -7.49668766
      1.77000000	     88.21916394	     12.23352241	     -2.71309519	     -0.11710269	     -0.73697994	      0.71905750	     -0.99553406	     -2.59678320	      2.56802721	    -52.67015440	     -2.82760262	     -4.62216540	      2.63052377	      4.10999962	     20.59262869	    -15.47694029	     -2.81859526	     -7.19232249
      1.78000000	     87.33627037	     11.55653917	     -3.05611725	     -0.10479191	     -0.73811551	      0.72102444	     -0.22869334	     -1.12112817	      4.22218496	    -55.28649732	     -4.04927774	     -5.05832999	      3.87574387	      4.49301128	     19.54405089	    -14.42524973	     -2.51907993	     -6.76648646
      1.79000000	     86.54415581	     10.86497861	     -3.39318526	     -0.09271651	     -0.73927829	      0.72306805	      0.38992478	      0.38817296	      5.92973247	    -57.81255789	     -4.43452986	     -5.27015633	      4.99212112	      4.86574095	     18.41746601	    -13.23706583	     -2.43337175	     -6.55416914
      1.80000000	     85.88348860	     10.21446933	     -3.77421193	     -0.08090534	     -0.74046989	      0.72512672	      0.80327148	      1.80630583	      7.73795412	    -60.21432337	     -5.58060789	     -5.70023579	      5.96483713	      5.06703617	     17.33775359	    -12.05030155	     -2.32148882	     -5.80130870
      1.81000000	     85.31847678	      9.59487312	     -4.09023963	     -0.06933087	     -0.74169781	      0.72711494	      1.07206392	      3.18449448	      9.54845282	    -62.48694978	     -5.67818315	     -5.95734842	      6.78713740	      5.36186299	     16.16177212	    -10.81463167	     -2.27456048	     -5.53832224
      1.82000000	     84.88045842	      9.02510632	     -4.41495389	     -0.05800653	     -0.74293022	      0.72899133	      1.15407811	      4.46867046	     11.43485582	    -64.59999084	     -5.72759633	     -6.21428412	      7.44504065	      5.65719344	     15.03347695	     -9.65658163	     -2.30186873	     -5.18061989
      1.83000000	     84.55134521	      8.52272561	     -4.71402836	     -0.04692513	     -0.74417480	      0.73069643	      1.07873982	      5.63227897	     13.37089598	    -66.54597099	     -5.61456767	     -6.50882366	      7.95939621	      5.98169252	     13.94689463	     -8.63157225	     -2.35503314	     -4.77993979
      1.84000000	     84.31739404	      8.11070730	     -4.97441030	     -0.03608625	     -0.74540193	      0.73217988	      0.86158968	      6.63270399	     15.34754714	    -68.31921663	     -5.02941820	     -7.10727780	      8.36867304	      6.22037611	     12.94435766	     -7.83318916	     -2.40432062	     -4.00590232
      1.85000000	     84.15772529	      7.74919838	     -5.18815335	     -0.02547251	     -0.74659966	      0.73342389	      0.53770518	      7.54222937	     17.35504778	    -69.90479736	     -4.50009626	     -7.49242664	      8.65515683	      6.67196768	     11.98401847	     -7.22507717	     -2.28119905	     -3.63172419
      1.86000000	     84.04734612	      7.47779982	     -5.36945504	     -0.01506961	     -0.74777357	      0.73443119	      0.13400424	      8.28498537	     19.40700455	    -71.29791413	     -4.06971824	     -7.77944112	      8.86513950	      7.26469577	     11.08176619	     -6.79425205	     -2.21687572	     -3.44033478
      1.87000000	     83.97169020	      7.27680081	     -5.48174682	     -0.00487048	     -0.74887787	      0.73512425	     -0.32508639	      8.88968091	     21.46157164	    -72.51262844	     -2.94132732	     -8.40189542	      9.05600021	      7.75441806	     10.28125922	     -6.68191380	     -2.05070269	     -3.24741480
      1.88000000	     83.92234068	      7.13684142	     -5.60749225	      0.00513855	     -0.74992510	      0.73559370	     -0.83581339	      9.36067763	     23.59140431	    -73.51759340	     -2.42250802	     -8.73324318	      9.19989173	      8.41722512	      9.57053038	     -6.71809777	     -1.91924103	     -3.15898548
      1.89000000	     83.86952870	      7.04226290	     -5.62203721	      0.01497935	     -0.75088850	      0.73572998	     -1.34055883	      9.72335459	     25.65846974	    -74.33971247	     -1.23579336	     -9.49018745	      9.38629880	      8.91231884	      8.90271542	     -7.04018718	     -1.57374409	     -3.16732125
      1.90000000	     83.81939180	      7.00606348	     -5.68906079	      0.02466397	     -0.75178600	      0.73567329	     -1.86737992	      9.93541072	     27.81718874	    -74.94285451	     -0.72723084	     -9.87877080	      9.56573643	      9.49798926	      8.32965849	     -7.43077406	     -1.37249160	     -3.15428372
      1.91000000	     83.74296518	      6.98215792	     -5.62764602	      0.03425120	     -0.75258651	      0.73531161	     -2.34321768	     10.09450235	     29.86372995	    -75.34794611	      0.30686959	    -10.75951937	      9.82286034	      9.83857027	      7.72629852	     -7.99578775	     -0.86752385	     -3.24358247
      1.92000000	     83.66321950	      6.97368425	     -5.59825590	      0.04373026	     -0.75329187	      0.73477448	     -2.81944235	     10.14552144	     31.94026129	    -75.51639814	      0.92853480	    -11.49022810	     10.09224066	     10.15136615	      7.18052471	     -8.59502546	     -0.42226424	     -3.26164560
      1.93000000	     83.57061221	      6.96318011	     -5.61110472	      0.05312431	     -0.75389497	      0.73408846	     -3.28111380	     10.12052101	     34.04354500	    -75.44072639	      1.23477575	    -11.85142385	     10.37968076	     10.42030667	      6.68250489	     -9.18283156	     -0.18564468	     -3.27444698
      1.94000000	     83.46139462	      6.92199864	     -5.51737548	      0.06250435	     -0.75437437	      0.73320600	     -3.68666843	     10.07517226	     35.98890544	    -75.11504110	      1.87109603	    -12.76419228	     10.71791036	     10.48934355	      6.09515686	     -9.80265271	      0.48407300	     -3.29079197
      1.95000000	     83.35731799	      6.86017176	     -5.49784094	      0.07188065	     -0.75473220	      0.73226097	     -4.08374241	      9.95556139	     37.93501480	    -74.49917804	      2.09862176	    -13.46567947	     11.04105785	     10.50733788	      5.54772538	    -10.34188423	      1.04412123	     -3.14965772
      1.96000000	     83.26406474	      6.73338896	     -5.50917146	      0.08127966	     -0.75494193	      0.73125602	     -4.47056309	      9.84383238	     39.81628181	    -73.58517192	      2.20247387	    -13.65927053	     11.34111742	     10.52265003	      5.00167876	    -10.83206947	      1.24767685	     -3.12932190
      1.97000000	     83.16671889	      6.56565925	     -5.47662906	      0.09076680	     -0.75503364	      0.73017256	     -4.79713367	      9.70342422	     41.52722676	    -72.37588796	      2.41223258	    -14.14133549	     11.65006527	     10.45450071	      4.38040917	    -11.28063219	      1.94618766	     -3.00321961
      1.98000000	     83.09357745	      6.33761752	     -5.50749622	      0.10036515	     -0.75497268	      0.72910817	     -5.10638321	      9.53625600	     43.13866244	    -70.83348742	      2.42868429	    -14.17458781	     11.90842363	     10.45542270	      3.76403462	    -11.64183223	      2.08827207	     -2.96307694
      1.99000000	     83.03143092	      6.03379763	     -5.53712218	      0.11012384	     -0.75475850	      0.72801285	     -5.37274445	      9.40558175	     44.57876456	    -68.98709847	      2.42306130	    -14.15354488	     12.13694873	     10.46923881	      3.11650665	    -11.98750169	      2.38011775	     -2.92341087
      2.00000000	     82.99945563	      5.67878897	     -5.55834929	      0.12009341	     -0.75439844	      0.72692738	     -5.58611477	      9.23270704	     45.78674561	    -66.82098791	      2.34265187	    -13.99993299	     12.31971711	     10.54555948	      2.40873956	    -12.29164322	      2.72823038	     -2.85148921
      2.01000000	     82.99063726	      5.28536329	     -5.50124577	      0.13032440	     -0.75390273	      0.72580394	     -5.71927823	      9.02151859	     46.68050482	    -64.38060383	      2.09288642	    -13.37524530	     12.47355975	     10.56785122	      1.60480562	    -12.62313123	      3.39452416	     -2.51594296
      2.02000000	     82.99192088	      4.80345642	     -5.48514159	      0.14085166	     -0.75324618	      0.72468917	     -5.77199663	      8.81455498	     47.37050838	    -61.68703694	      1.98312413	    -13.06631956	     12.59553436	     10.82606832	      0.77821997	    -12.91946380	      3.53629299	     -2.38876879
      2.03000000	     83.01554258	      4.30760839	     -5.35706078	      0.15173082	     -0.75246307	      0.72351314	     -5.70049863	      8.50631072	     47.67739623	    -58.80315339	      1.58305330	    -12.38655295	     12.70648149	     11.07410972	     -0.18154751	    -13.26301776	      3.81129413	     -2.24686448
      2.04000000	     83.10475485	      3.74892718	     -5.23862447	      0.16296347	     -0.75149644	      0.72225649	     -5.58656472	      8.15601496	     47.73776048	    -55.79229748	      1.25138028	    -11.30487051	     12.70496171	     11.20422420	     -1.06841349	    -13.78778650	      4.15771501	     -1.94481299
      2.05000000	     83.17465595	      3.16930088	     -4.93707749	      0.17463882	     -0.75045434	      0.72089318	     -5.28540124	      7.72997620	     47.37514111	    -52.77028599	      0.98791598	    -10.74884306	     12.78125796	     11.49140381	     -2.21066344	    -14.30500087	      4.28215722	     -1.80096899
      2.06000000	     83.29278452	      2.58435949	     -4.63116061	      0.18671526	     -0.74929138	      0.71942842	     -4.88025290	      7.12633528	     46.76969649	    -49.79133906	      0.56859318	    -10.10120649	     12.79187075	     11.68686482	     -3.30533471	    -14.98511957	      4.40748525	     -1.66111250
      2.07000000	     83.45368912	      1.99719736	     -4.28364918	      0.19920363	     -0.74803301	      0.71784752	     -4.38358629	      6.37336073	     45.92993514	    -46.97234311	      0.15565658	     -9.49951616	     12.76073732	     11.82441785	     -4.39605916	    -15.82462919	      4.49574654	     -1.50625352
      2.08000000	     83.67270077	      1.42252231	     -3.91108668	      0.21207985	     -0.74670679	      0.71615799	     -3.83624009	      5.46328495	     44.91449339	    -44.40971556	     -0.21979153	     -8.99593522	     12.66594866	     11.86187059	     -5.44066934	    -16.85024195	      4.53122509	     -1.34346986
      2.09000000	     83.96697928	      0.87320122	     -3.53723606	      0.22530335	     -0.74531310	      0.71438721	     -3.29877351	      4.40656981	     43.79456754	    -42.19055682	     -0.51999031	     -8.63972748	     12.47433197	     11.76127518	     -6.39369775	    -18.07134492	      4.49417694	     -1.19213443
      2.10000000	     84.34407373	      0.37327126	     -3.22322445	      0.23882469	     -0.74386945	      0.71258570	     -2.80795248	      3.17111420	     42.66457935	    -40.37127908	     -0.69002149	     -8.43535115	     12.16333515	     11.51351423	     -7.17520685	    -19.48623311	      4.38593049	     -1.09507509
      2.11000000	     84.84838896	     -0.07932330	     -2.91764214	      0.25260000	     -0.74238621	      0.71076926	     -2.49987043	      1.89973704	     41.53422605	    -39.01510620	     -0.80682592	     -8.34967642	     11.66974248	     11.03442905	     -7.80361325	    -21.12599839	      4.17868138	     -1.00311102
      2.12000000	     85.47567922	     -0.48281623	     -2.67798433	      0.26658396	     -0.74082880	      0.70903911	     -2.38701873	      0.56696638	     40.45352773	    -38.09407634	     -1.05109586	     -8.93618217	     10.97804456	     10.34482125	     -8.22430736	    -22.94151673	      3.44955193	     -0.54414409
      2.13000000	     86.23582065	     -0.81316401	     -2.50863415	      0.28069389	     -0.73922538	      0.70739718	     -2.54015331	     -0.75111341	     39.47312823	    -37.63360433	     -0.92361497	     -9.55544138	     10.07498990	      9.42661776	     -8.40596147	    -24.95606406	      2.85592485	     -0.48063356
      2.14000000	     87.12343247	     -1.08706852	     -2.47581469	      0.29487993	     -0.73754635	      0.70593417	     -2.98097174	     -1.98541982	     38.65171027	    -37.56445413	     -0.73016635	    -10.31652865	      8.94946038	      8.30713552	     -8.28045100	    -27.13714467	      1.97925815	     -0.50603072
      2.15000000	     88.12431920	     -1.27429293	     -2.50554619	      0.30911343	     -0.73581573	      0.70472928	     -3.66562844	     -3.21339497	     37.85708873	    -37.75975829	     -0.39198119	    -11.08621914	      7.67231250	      7.03419979	     -7.96443858	    -29.40907984	      0.93884371	     -0.62393824
      2.16000000	     89.20380618	     -1.39169413	     -2.58416486	      0.32333382	     -0.73404986	      0.70375612	     -4.64317674	     -4.17846665	     37.13764265	    -38.23222463	      0.03824945	    -11.92270638	      6.26611376	      5.56483061	     -7.44518113	    -31.79572973	     -0.31995851	     -0.87537471
      2.17000000	     90.35727285	     -1.41850112	     -2.71718704	      0.33749908	     -0.73225793	      0.70314074	     -5.81636801	     -5.06471849	     36.39048180	    -38.76235844	      0.52978850	    -12.68225734	      4.78666574	      3.98822298	     -6.75537628	    -34.22668869	     -1.67828599	     -1.24239955
      2.18000000	     91.55400221	     -1.40712022	     -2.89485005	      0.35154273	     -0.73043863	      0.70293381	     -7.16194851	     -5.72442810	     35.59144451	    -39.23760367	      1.07109980	    -13.40224262	      3.28528016	      2.38460917	     -5.89336109	    -36.70448148	     -3.20526430	     -1.79708492
      2.19000000	     92.74199928	     -1.29374168	     -3.16415560	      0.36540568	     -0.72866185	      0.70317872	     -8.56184656	     -6.28826803	     34.77122712	    -39.58043754	      1.40085674	    -14.01139733	      1.85598384	      0.74842280	     -4.83298789	    -39.16382808	     -4.92596673	     -3.25023180
      2.20000000	     93.91815851	     -1.11923330	     -3.38469318	      0.37908161	     -0.72690080	      0.70387447	    -10.01862962	     -6.65491660	     33.77282814	    -39.71787740	      1.97344887	    -14.31934946	      0.49223179	     -0.93890418	     -3.70298964	    -41.62827083	     -6.08161598	     -3.39175608
      2.21000000	     95.02499639	     -0.88500302	     -3.72669682	      0.39248352	     -0.72520336	      0.70510850	    -11.39061440	     -6.94085910	     32.75220630	    -39.56143762	      2.47371073	    -14.34695465	     -0.68698713	     -2.53268144	     -2.34081162	    -44.02522960	     -7.53213751	     -4.61276441
      2.22000000	     96.07683479	     -0.61968281	     -4.03135102	      0.40562345	     -0.72353506	      0.70683094	    -12.68622072	     -7.13397497	     31.53662119	    -39.06807957	      2.64211726	    -14.35073635	     -1.72242946	     -4.06939715	     -0.89330277	    -46.37860510	     -7.89040811	     -4.72032146
      2.23000000	     96.98721407	     -0.29822230	     -4.37135689	      0.41847874	     -0.72195892	      0.70903026	    -13.80226975	     -7.22415130	     30.25848155	    -38.30617586	      3.11553198	    -14.19512838	     -2.50187407	     -5.52985603	      0.69487051	    -48.60194282	     -9.06533469	     -5.06385424
      2.24000000	     97.79640680	      0.03194261	     -4.68359329	      0.43105352	     -0.72042947	      0.71166852	    -14.74176286	     -7.32765596	     28.81287470	    -37.19869993	      3.16543088	    -14.02389902	     -3.07684822	     -6.83832495	      2.36735431	    -50.70645206	     -9.18594028	     -5.30505967
      2.25000000	     98.45228281	      0.37694089	     -4.99417514	      0.44332749	     -0.71898202	      0.71465320	    -15.48172881	     -7.34018887	     27.32780221	    -35.90131900	      3.12932607	    -12.98559487	     -3.39864001	     -7.99792851	      4.14682350	    -52.64991131	     -9.61498950	     -6.05680032
      2.26000000	     98.97844977	      0.71891678	     -5.17647428	      0.45535838	     -0.71755650	      0.71789997	    -16.01672371	     -7.44653766	     25.62906968	    -34.36771059	      3.18623367	    -12.77314217	     -3.54476010	     -9.01928701	      5.88894347	    -54.42109354	     -9.59295873	     -6.19723749
      2.27000000	     99.36080082	      1.05949166	     -5.30744250	      0.46711823	     -0.71618611	      0.72132636	    -16.34926970	     -7.62668484	     23.86339159	    -32.71217945	      3.06672314	    -12.35596709	     -3.49974990	     -9.89380183	      7.66879888	    -56.00005525	     -9.42109518	     -6.37444371
      2.28000000	     99.60978586	      1.35953263	     -5.36659222	      0.47862737	     -0.71486634	      0.72481951	    -16.53483637	     -7.70819621	     22.08501508	    -31.04408071	      2.55956378	    -11.19728516	     -3.29557276	    -10.57090285	      9.45728902	    -57.38426117	     -8.73160386	     -6.67674511
      2.29000000	     99.75081883	      1.67341529	     -5.30245653	      0.48990320	     -0.71357737	      0.72829398	    -16.56342427	     -8.05875985	     20.18311313	    -29.35295160	      2.46290996	    -10.78116565	     -3.00428421	    -11.15624673	     11.16975952	    -58.54922608	     -8.48179769	     -6.79602687
      2.30000000	     99.77569504	      1.95037222	     -5.18047466	      0.50092528	     -0.71235398	      0.73167229	    -16.48619169	     -8.34352513	     18.34236877	    -27.78611439	      1.85411841	     -9.69967980	     -2.60411089	    -11.55060085	     12.87254317	    -59.49965604	     -7.48875300	     -7.08872992
      2.31000000	     99.74130309	      2.24328835	     -4.96747516	      0.51171388	     -0.71116541	      0.73486389	    -16.34283463	     -8.89950561	     16.46328921	    -26.32212722	      1.68712863	     -9.24063165	     -2.19920349	    -11.88417633	     14.50898590	    -60.23678890	     -7.11126882	     -7.22967575
      2.32000000	     99.65533088	      2.53265051	     -4.71898858	      0.52227139	     -0.71005472	      0.73780133	    -16.17713153	     -9.46873806	     14.68060976	    -25.06332112	      1.34815877	     -8.70913605	     -1.78811289	    -12.12356182	     16.13025901	    -60.76718389	     -6.53239580	     -7.48882343
      2.33000000	     99.51580345	      2.80439958	     -4.44322308	      0.53258042	     -0.70902654	      0.74042884	    -16.00261466	     -9.85653627	     13.06555399	    -24.09353678	      0.66785789	     -7.92448652	     -1.37158561	    -12.22285548	     17.73284023	    -61.08704035	     -5.44866381	     -7.94509184
      2.34000000	     99.40737368	      3.09620266	     -4.16329414	      0.54266286	     -0.70804349	      0.74269942	    -15.89014439	    -10.36382714	     11.54318397	    -23.31723781	      0.32640886	     -7.41431827	     -1.06012964	    -12.30504303	     19.33689241	    -61.21998523	     -4.79641624	     -8.22964389
      2.35000000	     99.30767585	      3.42512951	     -3.87369498	      0.55253552	     -0.70714673	      0.74458882	    -15.82280586	    -10.89031551	     10.12544186	    -22.75840643	      0.17565361	     -7.13504143	     -0.82673386	    -12.36746259	     20.91457061	    -61.14347658	     -4.48148760	     -8.42483330
      2.36000000	     99.22976759	      3.77821379	     -3.63088171	      0.56220712	     -0.70634985	      0.74607881	    -15.80357238	    -11.31695015	      8.88543004	    -22.42175209	     -0.06836597	     -6.83082237	     -0.67173919	    -12.37228727	     22.51782929	    -60.85904838	     -4.03347245	     -8.72466791
      2.37000000	     99.17661630	      4.16015547	     -3.41236409	      0.57170713	     -0.70563944	      0.74715158	    -15.83242960	    -11.58426154	      7.79614689	    -22.29818258	     -0.28453287	     -6.56302295	     -0.61139916	    -12.35697995	     24.11008735	    -60.35733379	     -3.61873167	     -9.01434015
      2.38000000	     99.15144622	      4.57743088	     -3.22727273	      0.58106822	     -0.70503267	      0.74781295	    -15.89885708	    -11.71592328	      6.83441206	    -22.33727045	     -0.42981438	     -6.32865930	     -0.64403031	    -12.31802172	     25.68250143	    -59.62572563	     -3.27826070	     -9.25030368
      2.39000000	     99.17106984	      5.01288713	     -3.08359510	      0.59032462	     -0.70450932	      0.74806943	    -16.01437598	    -11.74202129	      5.97090778	    -22.48059947	     -0.46749912	     -6.17626780	     -0.78662909	    -12.23675891	     27.22989192	    -58.66217506	     -3.08874750	     -9.36314822
      2.40000000	     99.18624800	      5.54214348	     -2.97580810	      0.59952436	     -0.70414545	      0.74796463	    -16.11144137	    -11.72711795	      5.19024937	    -22.73369645	     -0.45224436	     -6.03159843	     -0.97628006	    -12.21385202	     28.70780683	    -57.42437106	     -2.93387367	     -9.42359986
      2.41000000	     99.21493379	      6.09379741	     -2.90439579	      0.60870729	     -0.70388186	      0.74752590	    -16.21022479	    -11.65419710	      4.45786598	    -23.02279446	     -0.36694868	     -5.89846459	     -1.23785492	    -12.15420297	     30.10341248	    -55.91470445	     -2.83529183	     -9.40538718
      2.42000000	     99.27701932	      6.68930956	     -2.89508512	      0.61790722	     -0.70372303	      0.74677331	    -16.32175569	    -11.57237488	      3.78782954	    -23.34545820	     -0.13118370	     -5.70391008	     -1.57758945	    -12.11812279	     31.42959589	    -54.14647227	     -2.79519341	     -9.24745749
      2.43000000	     99.30594588	      7.33349937	     -2.88928613	      0.62720078	     -0.70370026	      0.74577740	    -16.38099297	    -11.50780984	      3.10429045	    -23.67823444	      0.26633523	     -5.47306657	     -1.93005181	    -12.08578865	     32.58042354	    -52.08262321	     -2.87798250	     -8.89313224
      2.44000000	     99.31249575	      8.00120752	     -2.76863270	      0.63664463	     -0.70377163	      0.74450889	    -16.41178097	    -11.34085369	      2.30368060	    -24.03671872	      0.34798062	     -5.44736091	     -2.33791798	    -12.00935810	     33.41746618	    -49.76700563	     -2.89424437	     -8.79028083
      2.45000000	     99.32141056	      8.71094651	     -2.73455795	      0.64623523	     -0.70395553	      0.74306801	    -16.41429017	    -11.28796377	      1.57153679	    -24.42533060	      1.30823667	     -5.02358520	     -2.75496900	    -11.97750582	     34.15630999	    -47.22742885	     -3.36818674	     -7.75581189
      2.46000000	     99.31233507	      9.46764938	     -2.67989581	      0.65607103	     -0.70425670	      0.74146851	    -16.38740229	    -11.36339741	      0.76699374	    -24.79432458	      1.82926178	     -4.70212174	     -3.19101900	    -11.93656888	     34.65290832	    -44.49876714	     -3.65693994	     -7.11590861
      2.47000000	     99.30341714	     10.24252550	     -2.54079187	      0.66619248	     -0.70463058	      0.73971496	    -16.37503859	    -11.55588269	     -0.18692313	    -25.13052464	      2.16224687	     -4.60623807	     -3.67986943	    -11.84959519	     34.84555811	    -41.65513989	     -4.01896923	     -6.69831257
      2.48000000	     99.25668002	     11.03654956	     -2.33329733	      0.67662874	     -0.70510852	      0.73781686	    -16.29668231	    -11.66747006	     -1.16186142	    -25.57990296	      2.62666444	     -4.54371165	     -4.15688559	    -11.72975847	     34.77073234	    -38.76625655	     -4.65801325	     -6.12302153
      2.49000000	     99.18098686	     11.86223735	     -2.15504724	      0.68738385	     -0.70569161	      0.73583323	    -16.15254132	    -11.80282102	     -2.05690878	    -26.16007793	      3.21801650	     -4.35849169	     -4.60215236	    -11.59495867	     34.54043956	    -35.89728728	     -5.48537626	     -5.46142844
      2.50000000	     99.10354690	     12.67520919	     -1.80742651	      0.69853876	     -0.70630395	      0.73372344	    -16.02568344	    -11.91896152	     -3.13946040	    -26.76330892	      3.48542881	     -4.26489257	     -5.09239655	    -11.37622417	     33.97767454	    -33.18524312	     -5.97754393	     -5.09593870
      2.51000000	     98.99181212	     13.48508863	     -1.45591146	      0.71004875	     -0.70697870	      0.73156789	    -15.82810308	    -11.98329514	     -4.14779892	    -27.51515755	      3.81765636	     -4.16446019	     -5.53223716	    -11.11868472	     33.28054662	    -30.66646880	     -6.70132278	     -4.64320243
      2.52000000	     98.83845551	     14.31212124	     -1.21629634	      0.72189888	     -0.70773789	      0.72943089	    -15.52662838	    -12.05580718	     -4.94093389	    -28.44613905	      4.33427535	     -3.79400791	     -5.86256242	    -10.89979939	     32.59529100	    -28.39499051	     -7.81979771	     -4.14437000
      2.53000000	     98.64665926	     15.05988186	     -0.86126591	      0.73410421	     -0.70848533	      0.72725051	    -15.14955815	    -11.90239379	     -5.74396906	    -29.50754253	      4.41677072	     -3.66980630	     -6.16048303	    -10.52611230	     31.71635512	    -26.46330123	     -8.14995753	     -3.96113742
      2.54000000	     98.39655019	     15.76246012	     -0.57979772	      0.74661752	     -0.70926564	      0.72513657	    -14.64372516	    -11.65330158	     -6.34197295	    -30.73255688	      4.45655245	     -3.50648584	     -6.32803966	    -10.11966822	     30.85398594	    -24.85733446	     -8.58131252	     -3.75989973
      2.55000000	     98.08405467	     16.40098170	     -0.38880560	      0.75940556	     -0.71006451	      0.72311358	    -13.99836748	    -11.28035361	     -6.69951404	    -32.12532728	      4.39152326	     -3.31393712	     -6.35344780	     -9.66379365	     30.04224577	    -23.58945737	     -8.91842353	     -3.63263362
      2.56000000	     97.69086614	     16.96310248	     -0.30020242	      0.77244345	     -0.71090192	      0.72123309	    -13.17312990	    -10.72880868	     -6.78192495	    -33.68107227	      4.13620030	     -2.22426162	     -6.22899023	     -9.09432359	     29.28381296	    -22.61618760	     -9.51968163	     -3.83828056
      2.57000000	     97.20104188	     17.42995437	     -0.23292053	      0.78570025	     -0.71174007	      0.71941832	    -12.17892483	     -9.98324860	     -6.65939274	    -35.41521033	      3.94367735	     -2.20874089	     -5.91514105	     -8.48241440	     28.56192883	    -22.00510781	     -9.39773269	     -3.90899472
      2.58000000	     96.62283009	     17.79065302	     -0.29442052	      0.79913396	     -0.71261114	      0.71778519	    -11.02105774	     -9.07748902	     -6.23462361	    -37.29224977	      3.10565023	     -1.69099205	     -5.45131323	     -7.68213516	     27.92925705	    -21.62689934	     -8.94012568	     -4.34713833
      2.59000000	     95.93500969	     18.05214866	     -0.34992784	      0.81272050	     -0.71349398	      0.71625789	     -9.70451477	     -7.97169695	     -5.63089120	    -39.33662398	      2.28959669	     -1.32967048	     -4.78916654	     -6.83781961	     27.31332874	    -21.52469022	     -8.42389176	     -4.80516254
      2.60000000	     95.14191018	     18.20791679	     -0.44745105	      0.82640117	     -0.71440162	      0.71487750	     -8.26363262	     -6.73522589	     -4.81774068	    -41.52691551	      1.29952111	     -1.04968944	     -3.95306137	     -5.87325515	     26.74434485	    -21.62202164	     -7.71384989	     -5.33925325
      2.61000000	     94.24745078	     18.25393489	     -0.55107631	      0.84012432	     -0.71532452	      0.71364253	     -6.73339900	     -5.38780912	     -3.84226802	    -43.85840233	      0.15615211	     -0.84641894	     -2.95001665	     -4.81802895	     26.19477002	    -21.87617643	     -6.84508102	     -5.94083360
      2.62000000	     93.25568144	     18.19622916	     -0.64671577	      0.85383041	     -0.71626253	      0.71256359	     -5.15106110	     -3.98361024	     -2.73177987	    -46.32127699	     -1.08594163	     -0.74050979	     -1.78315036	     -3.71935685	     25.65379376	    -22.24042942	     -5.87097135	     -6.57327519
      2.63000000	     92.18265835	     18.04230322	     -0.74147077	      0.86744358	     -0.71720419	      0.71166079	     -3.56237757	     -2.57690686	     -1.49179699	    -48.90479882	     -2.36042917	     -0.73163984	     -0.47504178	     -2.62142783	     25.12077052	    -22.65271725	     -4.83965643	     -7.19561522
      2.64000000	     91.07243436	     17.76020729	     -0.82228515	      0.88087961	     -0.71810461	      0.71092496	     -2.02992889	     -1.14393586	     -0.15672989	    -51.58538174	     -3.56163936	     -0.82962367	      0.92244879	     -1.55046971	     24.58603847	    -23.09295411	     -3.84602278	     -7.74486645
      2.65000000	     89.88575258	     17.44367378	     -0.90009541	      0.89410515	     -0.71902122	      0.71045280	     -0.55736656	      0.10293765	      1.28085859	    -54.33933054	     -4.78401080	     -1.05464962	      2.44161696	     -0.60899240	     24.00847598	    -23.41684851	     -2.81928742	     -8.24650504
      2.66000000	     88.71618567	     17.01693683	     -1.00854470	      0.90702289	     -0.71986741	      0.71020680	      0.76639765	      1.29156636	      2.82858855	    -57.13074824	     -5.79670510	     -1.37688614	      3.97137758	      0.23330296	     23.43390483	    -23.65713665	     -1.91751319	     -8.59764646
      2.67000000	     87.57612307	     16.51439056	     -1.15368204	      0.91959443	     -0.72064359	      0.71023299	      1.91589885	      2.35954833	      4.48309594	    -59.92117208	     -6.61465618	     -1.77012981	      5.48611658	      0.93478299	     22.83911264	    -23.74913024	     -1.11206621	     -8.80319077
      2.68000000	     86.49548565	     15.95020047	     -1.34239899	      0.93180230	     -0.72134102	      0.71054632	      2.85996950	      3.29079294	      6.23590095	    -62.66136109	     -7.19059695	     -2.21325549	      6.94099551	      1.49400894	     22.20950550	    -23.66368163	     -0.41566528	     -8.84295615
      2.69000000	     85.50346949	     15.33785606	     -1.57024341	      0.94363201	     -0.72193804	      0.71114565	      3.58104633	      4.09568588	      8.07487002	    -65.30865868	     -7.48106783	     -2.69246470	      8.29452770	      1.90123949	     21.53221531	    -23.39434025	      0.15884572	     -8.68961525
      2.70000000	     84.59687987	     14.68307096	     -1.76140937	      0.95513115	     -0.72245296	      0.71201614	      4.11282003	      4.79829539	      9.91029801	    -67.80873164	     -7.49191505	     -2.90332224	      9.53493333	      2.23018406	     20.70486491	    -22.90949059	      0.32344630	     -8.59336110
      2.71000000	     83.86099026	     13.98399448	     -2.07877139	      0.96626873	     -0.72283657	      0.71314990	      4.35529984	      5.41257756	     11.89348522	    -70.11950480	     -7.30056945	     -3.23085522	     10.57171590	      2.47009451	     19.92538790	    -22.29808741	      0.58768566	     -8.38769380
      2.72000000	     83.26063385	     13.33560191	     -2.40964727	      0.97712915	     -0.72313596	      0.71453816	      4.36846010	      5.81042686	     13.91017280	    -72.19569792	     -6.70243338	     -3.78430102	     11.44449324	      2.55910699	     19.06915933	    -21.52527764	      0.94207782	     -7.82886601
      2.73000000	     82.79887328	     12.63753393	     -2.70270253	      0.98774084	     -0.72332521	      0.71610248	      4.20113733	      6.20688227	     15.89399751	    -73.99959155	     -6.13148941	     -4.20088098	     12.12810281	      2.72586313	     18.08997427	    -20.64113999	      1.12121750	     -7.29737228
      2.74000000	     82.48657509	     11.91999692	     -2.97734818	      0.99814079	     -0.72339884	      0.71779067	      3.85132259	      6.57780217	     17.86244956	    -75.51369577	     -5.42836512	     -4.63501732	     12.61867062	      2.92772355	     17.04544669	    -19.71742071	      1.21315914	     -6.81580392
      2.75000000	     82.31448044	     11.25168698	     -3.23762770	      1.00838127	     -0.72338129	      0.71963813	      3.32913426	      6.79395411	     19.80306827	    -76.69650547	     -4.52994178	     -5.16325902	     12.92288619	      3.19201281	     15.91931345	    -18.70350632	      1.25761605	     -6.28604637
      2.76000000	     82.25889077	     10.55758211	     -3.44930096	      1.01846260	     -0.72324811	      0.72150408	      2.69615668	      7.04496926	     21.69372506	    -77.56771631	     -3.60129953	     -5.74620013	     13.07289529	      3.55381541	     14.74476665	    -17.73513777	      1.27407984	     -5.77339156
      2.77000000	     82.32288670	      9.86328104	     -3.62367269	      1.02841736	     -0.72299344	      0.72339755	      1.94615295	      7.26604762	     23.52357187	    -78.10328929	     -2.71094694	     -6.37095889	     13.06599724	      4.04290372	     13.52763440	    -16.80022517	      1.26101847	     -5.32146679
      2.78000000	     82.44893122	      9.16328255	     -3.76795037	      1.03824427	     -0.72262892	      0.72523382	      1.15366207	      7.52211456	     25.32782265	    -78.34023030	     -1.82916037	     -7.08454677	     12.97407936	      4.60978600	     12.31873516	    -15.95136312	      1.21730101	     -4.91941577
      2.79000000	     82.63921691	      8.46874777	     -3.87851037	      1.04795606	     -0.72214244	      0.72700935	      0.31545405	      7.76857088	     27.07968867	    -78.26566765	     -1.00012138	     -7.90165156	     12.79837349	      5.25371292	     11.11099049	    -15.17881295	      1.15407033	     -4.55777477
      2.80000000	     82.84674893	      7.74281332	     -3.92612041	      1.05756365	     -0.72156441	      0.72866407	     -0.50403368	      8.11390654	     28.76422192	    -77.90773975	     -0.58057500	     -8.35724499	     12.59509657	      6.05419842	      9.87548686	    -14.48733169	      1.11815863	     -4.34193905
      2.81000000	     83.14151216	      7.05993259	     -4.04110826	      1.06703349	     -0.72080460	      0.73020052	     -1.41258277	      8.33425383	     30.47562701	    -77.24722672	      0.36876863	     -9.59036897	     12.29255175	      6.63518058	      8.82398065	    -13.97315339	      0.96556462	     -4.02840013
      2.82000000	     83.39037590	      6.31685772	     -4.07718909	      1.07639556	     -0.71994842	      0.73151691	     -2.23121372	      8.72003935	     32.11422407	    -76.34686723	      0.76306784	    -10.74800637	     12.03585601	      7.29430643	      7.75769954	    -13.57134755	      0.88148068	     -3.76877051
      2.83000000	     83.62595379	      5.62539055	     -4.09637545	      1.08568406	     -0.71902515	      0.73267385	     -2.99352993	      9.03172393	     33.69719329	    -75.17122814	      0.88955065	    -11.98782916	     11.79699063	      7.90986690	      6.71161569	    -13.20526418	      0.82184662	     -3.52218148
      2.84000000	     83.85995088	      4.92205439	     -4.19119049	      1.09485460	     -0.71798547	      0.73361991	     -3.74407941	      9.38240767	     35.33933287	    -73.75561475	      1.06064174	    -12.27979260	     11.54255533	      8.44927377	      5.83649200	    -12.97624221	      0.80393052	     -3.39833387
      2.85000000	     84.07439678	      4.24234277	     -4.25827101	      1.10396570	     -0.71685112	      0.73430054	     -4.42718121	      9.69760079	     36.89743859	    -72.08816214	      1.41794459	    -13.17103011	     11.30688703	      8.78931338	      5.02865563	    -12.88656985	      0.73803837	     -3.17043408
      2.86000000	     84.24117401	      3.58874563	     -4.32157481	      1.11306198	     -0.71568697	      0.73476121	     -5.00681907	      9.98398162	     38.38013815	    -70.16476797	      1.48323910	    -13.37695341	     11.12560541	      9.18427715	      4.22805981	    -12.80866341	      0.75832479	     -3.06096011
      2.87000000	     84.39164043	      2.95959690	     -4.39182263	      1.12215974	     -0.71446560	      0.73494983	     -5.51107195	     10.22027557	     39.77105699	    -67.98386494	      1.57732820	    -13.57077545	     10.95660433	      9.45178191	      3.50936822	    -12.85366675	      0.79114900	     -2.95690732
      2.88000000	     84.51992227	      2.36997011	     -4.44167113	      1.13132443	     -0.71321623	      0.73486715	     -5.90900398	     10.37253488	     41.00596049	    -65.54206556	      1.62606752	    -13.67085799	     10.81686394	      9.65955318	      2.80947778	    -12.97988805	      0.85844192	     -2.86948735
      2.89000000	     84.62706675	      1.81794706	     -4.49130421	      1.14060774	     -0.71194936	      0.73451270	     -6.18846844	     10.41804205	     42.07291029	    -62.84491152	      1.60068668	    -13.64748280	     10.70553127	      9.86230876	      2.13844312	    -13.18728922	      0.98198870	     -2.79716245
      2.90000000	     84.71526402	      1.30429976	     -4.52157762	      1.15007334	     -0.71067905	      0.73387563	     -6.32971006	     10.34363917	     42.92321503	    -59.91344261	      1.45655792	    -13.43558017	     10.62747498	     10.07301700	      1.46831667	    -13.48009309	      1.19850944	     -2.74400873
      2.91000000	     84.78964315	      0.82902339	     -4.47880159	      1.15979313	     -0.70941748	      0.73292735	     -6.31800215	     10.16071694	     43.48634154	    -56.79387248	      1.08464202	    -12.83380418	     10.58912044	     10.27981165	      0.73994121	    -13.87375369	      1.62227382	     -2.70866662
      2.92000000	     84.84395714	      0.43684021	     -4.34164711	      1.16986319	     -0.70818510	      0.73168273	     -6.09236582	      9.73154291	     43.69619538	    -53.52764200	      0.96032006	    -12.49044711	     10.60424521	     10.41373756	     -0.09802596	    -14.31122781	      1.79753911	     -2.70380765
      2.93000000	     84.88976194	      0.01271918	     -4.06479570	      1.18029101	     -0.70696448	      0.73007206	     -5.73272372	      9.33071790	     43.58267030	    -50.25234893	      0.34763102	    -11.38908336	     10.66621687	     10.60005582	     -1.04209044	    -14.93986380	      2.39948165	     -2.77321012
      2.94000000	     84.93359354	     -0.34490786	     -3.74971939	      1.19114782	     -0.70576605	      0.72818787	     -5.17635797	      8.64224946	     43.18762232	    -47.00016672	      0.05360167	    -10.52769548	     10.75306817	     10.73450347	     -2.02858667	    -15.64837565	      2.80038310	     -2.78431600
      2.95000000	     84.96981389	     -0.68694499	     -3.45098587	      1.20243556	     -0.70458037	      0.72605811	     -4.47127767	      7.78346160	     42.63114132	    -43.90180112	     -0.34646970	     -9.37354114	     10.86399783	     10.91744347	     -2.99793952	    -16.45886214	      3.36300689	     -2.77922732
      2.96000000	     85.02172464	     -0.97126333	     -3.03130504	      1.21417229	     -0.70342231	      0.72366733	     -3.61160618	      6.66317779	     41.79322612	    -41.07361409	     -0.46937697	     -8.97601707	     10.97622275	     10.91848579	     -4.05423579	    -17.40731103	      3.51988586	     -2.80065740
      2.97000000	     85.13976012	     -1.25242794	     -2.49382581	      1.22636631	     -0.70229756	      0.72110192	     -2.79450988	      5.56479039	     40.77407798	    -38.63262919	     -1.03075224	     -8.13907633	     11.04526159	     10.85916204	     -5.20767877	    -18.49022332	      4.08594953	     -2.82620414
      2.98000000	     85.32755778	     -1.48540026	     -2.00148134	      1.23891061	     -0.70116230	      0.71844770	     -2.00066825	      4.25864819	     39.73759549	    -36.63061104	     -1.16727858	     -7.82598926	     10.99103915	     10.59208126	     -6.22400332	    -19.74383700	      4.24769994	     -2.82110630
      2.99000000	     85.58497639	     -1.67969499	     -1.62978223	      1.25173999	     -0.70002750	      0.71582906	     -1.29402607	      2.82465425	     38.80230290	    -35.11114996	     -1.26609281	     -7.62318481	     10.82503062	     10.25995537	     -7.04404769	    -21.12960510	      4.33661340	     -2.83768098
      3.00000000	     85.97442171	     -1.84670082	     -1.26599831	      1.26481319	     -0.69885755	      0.71328092	     -0.83664032	      1.44794328	     37.90351587	    -34.11650628	     -1.34872462	     -7.56019108	     10.44883785	      9.70001222	     -7.73136893	    -22.69586921	      4.37385444	     -2.83671173
      3.01000000	     86.48455711	     -1.97638337	     -1.02168321	      1.27803837	     -0.69764803	      0.71091485	     -0.63215213	      0.10682860	     37.14915870	    -33.61104042	     -1.34554926	     -7.65928213	      9.85938073	      8.96261723	     -8.15894321	    -24.42979339	      4.29300295	     -2.81225398
      3.02000000	     87.12431305	     -2.08276082	     -0.88446231	      1.29134398	     -0.69635074	      0.70880984	     -0.66168812	     -1.26050230	     36.47959054	    -33.49054974	     -1.81283264	     -9.58252770	      9.04327113	      8.05701299	     -8.32841930	    -26.32478468	      4.01905497	     -2.33900793
      3.03000000	     87.88351011	     -2.14907394	     -0.86123967	      1.30466981	     -0.69499449	      0.70701787	     -1.02663290	     -2.42740589	     35.96079195	    -33.77606232	     -1.46711917	     -9.96132186	      8.02467864	      6.99033056	     -8.22971589	    -28.35852120	      3.44320316	     -2.28210057
      3.04000000	     88.72381016	     -2.18628243	     -0.91948320	      1.31794707	     -0.69356780	      0.70553007	     -1.69642135	     -3.31557599	     35.56827592	    -34.42126407	     -1.00610234	    -10.71661400	      6.83712648	      5.71348026	     -7.87309067	    -30.54338885	      2.49740566	     -2.23699862
      3.05000000	     89.64912680	     -2.18667581	     -1.04286798	      1.33111803	     -0.69207668	      0.70444526	     -2.59738576	     -4.07727817	     35.18235236	    -35.20543746	     -0.58003524	    -11.48619663	      5.52685512	      4.31165536	     -7.30094448	    -32.83003564	      1.42267141	     -2.32485831
      3.06000000	     90.62587085	     -2.14842759	     -1.19873184	      1.34412869	     -0.69054023	      0.70377934	     -3.69517148	     -4.65615079	     34.76370666	    -36.04667744	     -0.11682372	    -12.22539219	      4.14892747	      2.78333214	     -6.54929721	    -35.19355496	      0.16900876	     -2.54269278
      3.07000000	     91.62254908	     -2.07525230	     -1.40715198	      1.35691416	     -0.68896869	      0.70357552	     -4.91822202	     -5.07389337	     34.30263219	    -36.82539011	      0.38826810	    -12.87243680	      2.76421143	      1.16899546	     -5.60066913	    -37.60594081	     -1.23017598	     -2.91790401
      3.08000000	     92.61850717	     -1.96352382	     -1.63742032	      1.36943059	     -0.68739067	      0.70386134	     -6.20545689	     -5.36801964	     33.73781407	    -37.43375644	      0.91545625	    -13.36950126	      1.42583949	     -0.50325527	     -4.49696371	    -40.02966130	     -2.69042138	     -3.43088048
      3.09000000	     93.58532268	     -1.80287745	     -1.85292730	      1.38164429	     -0.68582732	      0.70464626	     -7.49115577	     -5.58147729	     33.00983439	    -37.78651561	      1.33639178	    -13.65190997	      0.19126830	     -2.19589776	     -3.29568030	    -42.40793747	     -4.34404217	     -4.78794527
      3.10000000	     94.49254730	     -1.63898789	     -2.19887090	      1.39349054	     -0.68426961	      0.70595981	     -8.70656515	     -5.70210356	     32.27782090	    -37.83997449	      1.84291169	    -13.84063509	     -0.89419946	     -3.88785541	     -1.80708906	    -44.76723540	     -5.44369653	     -5.01428669
      3.11000000	     95.32563954	     -1.43994749	     -2.51171068	      1.40499718	     -0.68276266	      0.70774934	     -9.81755161	     -5.79252352	     31.35731561	    -37.55536247	      2.33985166	    -13.87326368	     -1.79446090	     -5.54982581	     -0.24625162	    -47.01389543	     -6.63828607	     -5.67849627
      3.12000000	     96.06692364	     -1.21570508	     -2.80525216	      1.41615457	     -0.68131839	      0.70996478	    -10.79342690	     -5.85546401	     30.28224683	    -36.94313488	      2.69343445	    -13.58350702	     -2.48028075	     -7.13989352	      1.40007289	    -49.12336356	     -7.67408381	     -6.87970750
      3.13000000	     96.69645571	     -0.98211496	     -3.12308910	      1.42695749	     -0.67993028	      0.71255040	    -11.58859740	     -5.94839662	     29.11277580	    -36.01899573	      2.79523096	    -13.50549017	     -2.93238337	     -8.66808833	      3.19283226	    -51.09759597	     -7.83699487	     -7.06913539
      3.14000000	     97.20406661	     -0.75739500	     -3.41262961	      1.43744124	     -0.67862184	      0.71542033	    -12.21715268	     -5.98598037	     27.83619281	    -34.84516595	      3.07952686	    -12.97432180	     -3.13178592	    -10.02548267	      5.04971729	    -52.86919190	     -8.47450954	     -7.99219974
      3.15000000	     97.59409061	     -0.52476588	     -3.63821011	      1.44763452	     -0.67738258	      0.71846202	    -12.66090750	     -6.10552916	     26.41651933	    -33.44919162	      3.11272085	    -12.84413001	     -3.11585068	    -11.26974982	      6.93061635	    -54.44696630	     -8.42695206	     -8.14629686
      3.16000000	     97.85755445	     -0.27989486	     -3.82033616	      1.45755162	     -0.67624210	      0.72157238	    -12.93059958	     -6.26647020	     24.93232235	    -31.93572606	      3.08551285	    -12.63146126	     -2.87761620	    -12.36824417	      8.83991871	    -55.80299609	     -8.27054362	     -8.34967559
      3.17000000	     98.01013819	     -0.02998680	     -3.93757474	      1.46722601	     -0.67519561	      0.72465096	    -13.05476787	     -6.46711880	     23.38999882	    -30.36922171	      2.99357424	    -12.33981695	     -2.45777422	    -13.29695958	     10.73994928	    -56.93164229	     -7.97852503	     -8.59022070
      3.18000000	     98.07069378	      0.22170700	     -3.98656862	      1.47668752	     -0.67424231	      0.72760373	    -13.06621531	     -6.69815729	     21.81653943	    -28.81695747	      2.84722058	    -11.98676542	     -1.89972963	    -14.04517140	     12.61168213	    -57.83463507	     -7.55316995	     -8.84743226
      3.19000000	     98.06147625	      0.47881114	     -3.96566601	      1.48595763	     -0.67339136	      0.73034477	    -13.00040078	     -6.94802175	     20.24339419	    -27.35378335	      2.67744637	    -11.61386956	     -1.25173167	    -14.61530250	     14.43735575	    -58.51802613	     -7.04531914	     -9.09506787
      3.20000000	     97.97827474	      0.72212205	     -3.87968690	      1.49507020	     -0.67264960	      0.73280376	    -12.88454154	     -7.04233263	     18.74090635	    -26.08321882	      2.31519610	    -10.94512565	     -0.52779770	    -14.96504070	     16.20304388	    -58.98605574	     -5.93855789	     -9.42195537
      3.21000000	     97.88729070	      1.01471102	     -3.73679269	      1.50403515	     -0.67198941	      0.73494285	    -12.74637660	     -7.35315349	     17.23959494	    -24.94631507	      2.28047447	    -10.68539146	      0.16495022	    -15.23660065	     17.90452116	    -59.25260774	     -5.60537230	     -9.52373384
      3.22000000	     97.79241545	      1.30963462	     -3.56961634	      1.51287059	     -0.67142022	      0.73670133	    -12.63944554	     -7.50084731	     15.88066018	    -24.07866436	      2.08838782	    -10.16225259	      0.81957963	    -15.35030146	     19.57128253	    -59.34213403	     -4.60600690	     -9.77065360
      3.23000000	     97.70511089	      1.64773002	     -3.38765660	      1.52159294	     -0.67095118	      0.73809658	    -12.54067060	     -7.78411294	     14.59416944	    -23.39833589	      2.08257467	     -9.95464349	      1.40671612	    -15.37601734	     21.19275640	    -59.23857438	     -4.29448527	     -9.89515488
      3.24000000	     97.65596004	      1.99479459	     -3.18407020	      1.53022757	     -0.67055402	      0.73907047	    -12.51755633	     -7.88697804	     13.44749056	    -22.99515032	      2.04994147	     -9.58567459	      1.87294054	    -15.29266783	     22.76167301	    -58.97628571	     -3.50509052	    -10.24956786
      3.25000000	     97.65629124	      2.38409750	     -3.00769534	      1.53877752	     -0.67022794	      0.73966501	    -12.55224451	     -8.07216284	     12.41344509	    -22.77652101	      2.10401546	     -9.42689650	      2.20902246	    -15.17055851	     24.32069377	    -58.54512477	     -3.23349770	    -10.41315428
      3.26000000	     97.70213216	      2.79531916	     -2.84610697	      1.54726689	     -0.66997718	      0.73987107	    -12.65046096	     -8.18055981	     11.50410767	    -22.76551938	      2.20775555	     -9.26961535	      2.40750564	    -14.98592259	     25.84508835	    -57.94744311	     -2.85384908	    -10.68352340
      3.27000000	     97.79402185	      3.23590235	     -2.68809197	      1.55572067	     -0.66979623	      0.73972334	    -12.81065675	     -8.19317501	     10.69157157	    -22.93235498	      2.40638584	     -9.12087378	      2.45749280	    -14.76931905	     27.30350719	    -57.16337277	     -2.48271648	    -10.97884904
      3.28000000	     97.94035443	      3.68618300	     -2.47765062	      1.56417859	     -0.66967302	      0.73921184	    -13.04410453	     -8.04848826	      9.90309726	    -23.25101320	      2.93992059	     -8.76937658	      2.33020215	    -14.51692949	     28.63051900	    -56.21120900	     -2.09641885	    -11.36749057
      3.29000000	     98.14190011	      4.15383661	     -2.30132166	      1.57262147	     -0.66959720	      0.73841665	    -13.33112640	     -7.94374015	      9.16496047	    -23.62827963	      3.00978119	     -8.74991500	      2.05240456	    -14.25885918	     29.91023049	    -55.07286882	     -2.06486109	    -11.37913209
      3.30000000	     98.31918091	      4.68870664	     -2.22973173	      1.58108324	     -0.66966765	      0.73743487	    -13.56703552	     -7.89747204	      8.56461732	    -24.09284645	      3.84677576	     -8.50996210	      1.73785493	    -14.02873914	     31.17378815	    -53.68346405	     -1.81791297	    -11.51153696
      3.31000000	     98.55236876	      5.20171799	     -2.12951914	      1.58960803	     -0.66976899	      0.73624841	    -13.85798398	     -7.78810368	      7.90922656	    -24.52333145	      3.97398240	     -8.46558214	      1.25554755	    -13.76085067	     32.28544035	    -52.10143379	     -1.80268114	    -11.46545830
      3.32000000	     98.74833952	      5.77019297	     -2.00581835	      1.59820700	     -0.66999127	      0.73491714	    -14.09710635	     -7.68228678	      7.25706121	    -25.04345798	      4.90021040	     -8.21285841	      0.72744501	    -13.54085439	     33.21870923	    -50.28940634	     -1.77382101	    -11.14255355
      3.33000000	     98.98945426	      6.34226234	     -1.94571897	      1.60690276	     -0.67027779	      0.73351641	    -14.36309726	     -7.71897627	      6.58465524	    -25.45382689	      5.26859235	     -8.03883563	      0.08213812	    -13.30406513	     34.06190234	    -48.28563515	     -1.80010114	    -10.85835970
      3.34000000	     99.19441961	      6.90656694	     -1.75195183	      1.61576722	     -0.67064320	      0.73203517	    -14.57850975	     -7.59971981	      5.77722917	    -25.86595616	      5.77660936	     -7.94763245	     -0.63317528	    -13.03429738	     34.58636049	    -46.10102924	     -1.93077743	    -10.42563493
      3.35000000	     99.35814295	      7.49963741	     -1.67847670	      1.62477039	     -0.67114786	      0.73058356	    -14.70310158	     -7.53646546	      5.09481436	    -26.29821656	      6.48628269	     -7.64316153	     -1.33853016	    -12.74818950	     35.05130887	    -43.74357281	     -2.07465308	     -9.63848473
      3.36000000	     99.52564782	      8.11393622	     -1.46835296	      1.63400150	     -0.67171532	      0.72913387	    -14.83972618	     -7.64752054	      4.16006912	    -26.59972975	      6.70137945	     -7.55327789	     -2.14603522	    -12.44857672	     35.18534775	    -41.30175979	     -2.22476408	     -9.30814921
      3.37000000	     99.65275329	      8.73708021	     -1.24528908	      1.64346141	     -0.67238652	      0.72773115	    -14.90550027	     -7.75715855	      3.20218665	    -26.89788985	      7.05933766	     -7.47754874	     -2.96627135	    -12.10034861	     35.12668507	    -38.81068833	     -2.61693413	     -8.75910032
      3.38000000	     99.73410134	      9.37950923	     -1.01434054	      1.65316788	     -0.67317119	      0.72639627	    -14.89783630	     -7.90998171	      2.23017713	    -27.20901554	      7.39731584	     -7.37263240	     -3.78426484	    -11.70577398	     34.88802581	    -36.32771528	     -3.08238931	     -8.17849496
      3.39000000	     99.74233626	     10.06143152	     -0.82849687	      1.66313984	     -0.67409871	      0.72515880	    -14.77042126	     -8.08539230	      1.33895476	    -27.59036625	      7.92451042	     -7.06707125	     -4.53491117	    -11.31525176	     34.54202271	    -33.90643636	     -3.85196156	     -7.27949246
      3.40000000	     99.75132347	     10.73014009	     -0.52077757	      1.67342823	     -0.67507146	      0.72396872	    -14.65848900	     -8.34171739	      0.26091609	    -27.91140285	      8.06112189	     -6.91750785	     -5.35261477	    -10.81237316	     33.93422445	    -31.66410714	     -4.18058056	     -6.93895745
      3.41000000	     99.66590325	     11.45300169	     -0.21540490	      1.68402734	     -0.67618346	      0.72288588	    -14.41905495	     -8.64141590	     -0.77214525	    -28.31962422	      8.30483535	     -6.65121695	     -6.03526350	    -10.40357842	     33.22223721	    -29.60424299	     -4.98100033	     -6.37923834
      3.42000000	     99.55827173	     12.13491501	     -0.02224688	      1.69488460	     -0.67738580	      0.72191949	    -14.12062717	     -8.93637027	     -1.65037133	    -28.79339983	      8.54543959	     -6.22140878	     -6.70106497	     -9.81297666	     32.50828992	    -27.75104679	     -5.83137881	     -5.95768308
      3.43000000	     99.38395631	     12.83248144	      0.24665457	      1.70607652	     -0.67866918	      0.72102233	    -13.75302564	     -9.25650506	     -2.58298456	    -29.32460370	      8.59925952	     -5.96941519	     -7.25212647	     -9.28233448	     31.64741291	    -26.17609827	     -6.29446711	     -5.75743352
      3.44000000	     99.15530485	     13.49960055	      0.42747022	      1.71752855	     -0.68005166	      0.72023533	    -13.29538298	     -9.55613100	     -3.35644989	    -29.95740529	      8.59439961	     -5.69297473	     -7.68928435	     -8.69005339	     30.79894516	    -24.83720549	     -6.83247462	     -5.57367573
      3.45000000	     98.86982339	     14.13613694	      0.53443312	      1.72924039	     -0.68151886	      0.71954025	    -12.74169456	     -9.79818095	     -3.96985286	    -30.70759673	      8.51924016	     -5.36820692	     -7.98751639	     -8.07914296	     29.96341388	    -23.73672527	     -7.32253460	     -5.48759576
      3.46000000	     98.52627646	     14.72336164	      0.57025564	      1.74118686	     -0.68307229	      0.71892492	    -12.09041431	     -9.96022430	     -4.41312119	    -31.58557203	      8.37154035	     -5.07988586	     -8.13584866	     -7.43189897	     29.14879863	    -22.85953127	     -7.60740651	     -5.49353337
      3.47000000	     98.14095339	     15.23765605	      0.50581241	      1.75332452	     -0.68469760	      0.71839307	    -11.37284442	    -10.07005695	     -4.66829897	    -32.57614039	      8.20815919	     -4.93874332	     -8.14851634	     -6.70624335	     28.38761132	    -22.17301834	     -7.67298384	     -5.49242334
      3.48000000	     97.67491866	     15.70298591	      0.45107949	      1.76566174	     -0.68639925	      0.71788519	    -10.51446922	     -9.95458886	     -4.77473795	    -33.75015928	      7.67817228	     -4.45925808	     -7.94142485	     -6.07740472	     27.61814224	    -21.69888830	     -7.68630937	     -5.76744151
      3.49000000	     97.16030650	     16.04489076	      0.33283870	      1.77810401	     -0.68814796	      0.71743161	     -9.58872631	     -9.69637851	     -4.69705179	    -35.06458825	      7.42744959	     -4.38786280	     -7.59907169	     -5.29071933	     26.89547354	    -21.37166905	     -7.55515902	     -5.86779388
      3.50000000	     96.58607600	     16.30424235	      0.17345442	      1.79063881	     -0.68996368	      0.71701980	     -8.57578295	     -9.27571141	     -4.43516825	    -36.54134278	      6.60718868	     -4.03656788	     -7.07578138	     -4.51335762	     26.23342814	    -21.20681513	     -7.02764517	     -6.34634030
      3.51000000	     95.94423407	     16.43247337	      0.05591436	      1.80318675	     -0.69179737	      0.71659269	     -7.47693955	     -8.58988178	     -4.03829639	    -38.22739330	      6.20488324	     -4.04593358	     -6.36962152	     -3.72659694	     25.58931695	    -21.21127074	     -6.74545060	     -6.52399151
      3.52000000	     95.25174360	     16.45822226	     -0.14608619	      1.81570364	     -0.69369280	      0.71627276	     -6.35459403	     -7.85176439	     -3.44155348	    -40.04152463	      4.97615531	     -3.85100192	     -5.53941102	     -2.82355583	     25.03862624	    -21.28963593	     -5.83561906	     -7.17891040
      3.53000000	     94.50173422	     16.36925443	     -0.26794063	      1.82813048	     -0.69559279	      0.71593060	     -5.19527481	     -6.91018833	     -2.75696179	    -42.06230770	      3.82068611	     -3.94440517	     -4.53457673	     -2.04038733	     24.50738681	    -21.54086768	     -5.08622828	     -7.72545698
      3.54000000	     93.68997944	     16.14738566	     -0.34400811	      1.84040852	     -0.69749583	      0.71566120	     -4.04223802	     -5.89092916	     -1.99809594	    -44.22038461	      2.39017150	     -4.46298331	     -3.41448387	     -1.17300924	     23.96433305	    -21.83724701	     -4.35055527	     -8.25982384
      3.55000000	     92.83800011	     15.84575253	     -0.56600847	      1.85243983	     -0.69943897	      0.71551871	     -2.90876978	     -4.86455194	     -0.92736542	    -46.57170188	      1.18195116	     -4.62955137	     -2.20063159	     -0.32406922	     23.59916703	    -22.14275207	     -3.57429793	     -8.72229545
      3.56000000	     91.99351777	     15.40223399	     -0.66520412	      1.86421932	     -0.70129855	      0.71537721	     -1.86649986	     -3.71187670	      0.12917448	    -49.04507671	     -0.33723520	     -4.94680472	     -0.93570127	      0.41140226	     23.18443468	    -22.55373429	     -2.74550565	     -9.20597670
      3.57000000	     91.10016051	     14.89895385	     -0.79420389	      1.87570522	     -0.70315766	      0.71538981	     -0.88915334	     -2.67049229	      1.33023350	    -51.61868631	     -1.86876746	     -5.42021140	      0.39168790	      1.12280559	     22.77635520	    -22.86667769	     -2.01185228	     -9.58232615
      3.58000000	     90.16623693	     14.35022076	     -0.81339904	      1.88689977	     -0.70497955	      0.71552250	      0.00569754	     -1.77167404	      2.50591210	    -54.23644887	     -3.64577067	     -6.62041408	      1.77460066	      1.73401509	     22.22042263	    -23.06816341	     -1.37733211	     -9.74473133
      3.59000000	     89.29096034	     13.76705546	     -1.04850304	      1.89769168	     -0.70674879	      0.71582577	      0.74334066	     -0.94382205	      4.03456927	    -56.93320572	     -4.74363109	     -6.73495754	      3.08825687	      2.23862225	     21.85438890	    -23.17216616	     -0.82588886	     -9.94385212
      3.60000000	     88.42839799	     13.14159059	     -1.19229532	      1.90817306	     -0.70843857	      0.71623584	      1.37060005	     -0.19668135	      5.54728362	    -59.59886590	     -5.81361419	     -6.84081700	      4.37878319	      2.65341402	     21.33623559	    -23.14440534	     -0.32249914	    -10.03238095
      3.61000000	     87.60606713	     12.52118818	     -1.35191869	      1.91833104	     -0.71005033	      0.71679073	      1.86419391	      0.41142358	      7.15546944	    -62.20045133	     -6.64562367	     -6.87328838	      5.60713199	      2.95056604	     20.75973715	    -22.95785043	      0.09980947	     -9.99988454
      3.62000000	     86.81549064	     11.91115024	     -1.46829596	      1.92820469	     -0.71159365	      0.71747559	      2.25357723	      0.89690802	      8.78593566	    -64.68481886	     -6.95380905	     -6.85462817	      6.77150383	      3.20248638	     20.04569431	    -22.58911559	      0.28582255	     -9.94673220
      3.63000000	     86.12768345	     11.32411583	     -1.62097746	      1.93780279	     -0.71303790	      0.71826284	      2.48354418	      1.30483106	     10.51477139	    -67.01198220	     -7.53270223	     -6.29865321	      7.81747121	      3.27541356	     19.32375417	    -22.14013881	      0.87618530	     -9.57719818
      3.64000000	     85.51049932	     10.77459781	     -1.79222657	      1.94716974	     -0.71440920	      0.71916195	      2.59756254	      1.61726460	     12.31741661	    -69.14848173	     -7.14607042	     -5.32524377	      8.75593672	      3.32010836	     18.54198455	    -21.55038402	      1.37911014	     -8.89098289
      3.65000000	     84.96896578	     10.25917435	     -1.92276997	      1.95636118	     -0.71570557	      0.72015679	      2.60596454	      1.82918856	     14.09471817	    -71.01874208	     -7.06313971	     -5.25935153	      9.57431687	      3.42125957	     17.62714601	    -20.80960982	      1.45425618	     -8.80880744
      3.66000000	     84.52758463	      9.76869479	     -2.04184423	      1.96538616	     -0.71691552	      0.72115101	      2.50545958	      2.07491938	     15.91174082	    -72.67134280	     -5.76598000	     -3.72976904	     10.27852317	      3.43394116	     16.69552002	    -20.08107320	      1.83450238	     -8.14750903
      3.67000000	     84.18489536	      9.32374186	     -2.16141076	      1.97428809	     -0.71805638	      0.72221218	      2.28904378	      2.24153255	     17.72502878	    -74.01594041	     -4.96516995	     -3.03596148	     10.84607052	      3.53234535	     15.70397651	    -19.26883909	      2.04670433	     -7.79085152
      3.68000000	     83.92731813	      8.85289249	     -2.24496472	      1.98308196	     -0.71909505	      0.72325969	      1.99101678	      2.49678181	     19.50065766	    -75.06397409	     -4.65631988	     -3.02053775	     11.29488563	      3.79621542	     14.64603311	    -18.44702885	      2.10942060	     -7.67447213
      3.69000000	     83.76201165	      8.43930369	     -2.30950768	      1.99178824	     -0.72006654	      0.72426056	      1.59283984	      2.72503385	     21.26161753	    -75.85192387	     -3.20627859	     -2.74510316	     11.64781896	      3.97336125	     13.59232496	    -17.68230516	      2.29214378	     -7.31623361
      3.70000000	     83.67719022	      7.96813032	     -2.37811055	      2.00040014	     -0.72093413	      0.72521970	      1.11455007	      3.11449683	     23.01654214	    -76.35497275	     -2.77997628	     -2.81105747	     11.88838767	      4.40911635	     12.53072237	    -16.94971993	      2.37326188	     -7.17776660
      3.71000000	     83.67625519	      7.49623910	     -2.46860864	      2.00891050	     -0.72168915	      0.72605702	      0.53646747	      3.57303496	     24.79339914	    -76.62686974	     -1.49523082	     -3.18164740	     12.04190248	      4.74310784	     11.57489250	    -16.38162401	      2.54737164	     -6.93948438
      3.72000000	     83.70249513	      7.03790577	     -2.51071603	      2.01737415	     -0.72239262	      0.72681463	     -0.06943629	      4.08059413	     26.50686434	    -76.65812738	     -0.55193864	     -3.69375423	     12.16089530	      5.19350717	     10.56407959	    -15.82447523	      2.73836885	     -6.69763100
      3.73000000	     83.77283065	      6.53477703	     -2.59723702	      2.02573892	     -0.72298504	      0.72745013	     -0.74030766	      4.70793522	     28.25894224	    -76.47942609	      0.27183214	     -4.46494275	     12.22210151	      5.69095364	      9.65911211	    -15.39332593	      2.92696240	     -6.48712397
      3.74000000	     83.89976422	      5.99644237	     -2.63166464	      2.03403873	     -0.72345233	      0.72795046	     -1.48406216	      5.40802232	     29.92227763	    -76.08221947	      1.01321312	     -5.69337615	     12.21982627	      6.20509995	      8.75006755	    -15.07814991	      3.17452725	     -6.22023311
      3.75000000	     83.98187649	      5.44523251	     -2.67098072	      2.04226873	     -0.72386593	      0.72828216	     -2.18976452	      6.19337599	     31.60382534	    -75.52919686	      1.36245645	     -7.39075155	     12.26091625	      6.72533022	      7.89414988	    -14.84134319	      3.48205663	     -5.86647740
      3.76000000	     84.12676327	      4.86531147	     -2.81657733	      2.05040771	     -0.72412591	      0.72850039	     -2.99805531	      6.98692639	     33.36045881	    -74.77508196	      1.26397687	     -9.15953675	     12.20728004	      7.19013239	      7.22845574	    -14.75403662	      3.78120155	     -5.49304451
      3.77000000	     84.23622968	      4.27060349	     -2.94157452	      2.05852617	     -0.72432755	      0.72857259	     -3.78422195	      7.84374903	     35.09044473	    -73.87448036	      1.60970978	     -9.59859115	     12.18349514	      7.73937354	      6.55057868	    -14.68884408	      3.86650270	     -5.41574126
      3.78000000	     84.30906661	      3.67745071	     -2.98963444	      2.06662184	     -0.72444589	      0.72842423	     -4.52045247	      8.67029831	     36.70790700	    -72.81693816	      2.08385278	    -11.43040735	     12.19777285	      8.12055645	      5.87005828	    -14.75352122	      4.23210041	     -5.13183053
      3.79000000	     84.39833872	      3.08418112	     -3.16708638	      2.07470215	     -0.72446360	      0.72819645	     -5.30075305	      9.44836522	     38.40908169	    -71.56383633	      2.18585281	    -11.78356650	     12.15997353	      8.53431130	      5.35005267	    -14.86675525	      4.32420719	     -5.04471064
      3.80000000	     84.47653589	      2.51254558	     -3.28005226	      2.08282633	     -0.72439667	      0.72778975	     -6.03236085	     10.11682767	     39.95835308	    -70.11841386	      2.36006979	    -13.11836719	     12.12760685	      8.77731232	      4.82306752	    -15.08728351	      4.73772611	     -4.78343253
      3.81000000	     84.46313368	      1.95484601	     -3.36680110	      2.09104727	     -0.72433412	      0.72726784	     -6.63562235	     10.76641332	     41.41900047	    -68.51343203	      2.30619713	    -13.29777418	     12.20068430	      9.22584119	      4.20377857	    -15.21920119	      4.82368621	     -4.68050010
      3.82000000	     84.46899644	      1.42566290	     -3.46417431	      2.09937230	     -0.72418830	      0.72662672	     -7.20406753	     11.26152903	     42.74977230	    -66.68400588	      2.26470273	    -13.48178088	     12.23861029	      9.55963493	      3.63483933	    -15.43366924	      4.98229536	     -4.59789312
      3.83000000	     84.46084218	      0.93488328	     -3.52578446	      2.10786868	     -0.72400769	      0.72587904	     -7.66983742	     11.61281398	     43.88288282	    -64.64294862	      2.16000692	    -13.55989061	     12.29582728	      9.88666844	      3.01575557	    -15.65416229	      5.17455107	     -4.52176233
      3.84000000	     84.46471367	      0.49265988	     -3.56937460	      2.11657008	     -0.72378585	      0.72503623	     -8.03329085	     11.76767958	     44.79219690	    -62.37768794	      1.68594142	    -13.45260613	     12.34047540	     10.15555485	      2.38311320	    -15.91622497	      5.66745402	     -4.33273972
      3.85000000	     84.42771236	      0.08319976	     -3.56389181	      2.12554698	     -0.72356968	      0.72410632	     -8.21932756	     11.78094824	     45.44476507	    -59.94020608	      1.51231567	    -13.26442616	     12.45598493	     10.55386285	      1.63452255	    -16.12331851	      5.80272928	     -4.24576691
      3.86000000	     84.42566475	     -0.28912368	     -3.50166936	      2.13481147	     -0.72332176	      0.72306470	     -8.28826643	     11.61679031	     45.79702525	    -57.33592021	      0.93593672	    -12.55108159	     12.54261887	     10.85128272	      0.85084573	    -16.42090097	      6.15820272	     -4.15904919
      3.87000000	     84.40682201	     -0.61108093	     -3.36554625	      2.14443899	     -0.72309187	      0.72193424	     -8.15842482	     11.25588546	     45.82687440	    -54.63318143	      0.54782086	    -11.86322246	     12.68388310	     11.18979292	     -0.05616895	    -16.70519174	      6.40259919	     -4.07973526
      3.88000000	     84.41975450	     -0.89218572	     -3.16929316	      2.15442354	     -0.72285004	      0.72068809	     -7.87694781	     10.67395538	     45.54459193	    -51.88440913	      0.11736609	    -11.05166340	     12.80994092	     11.44295714	     -0.99725076	    -17.10502349	      6.64360389	     -4.02798275
      3.89000000	     84.47472516	     -1.14293285	     -3.00402963	      2.16478346	     -0.72259789	      0.71935966	     -7.48920883	      9.88833146	     45.07314051	    -49.17377429	      0.07965121	     -9.51409635	     12.89171247	     11.64944883	     -1.86982604	    -17.63644090	      6.99456441	     -3.77125140
      3.90000000	     84.54694183	     -1.36302725	     -2.72633846	      2.17554824	     -0.72238240	      0.71794204	     -6.94117323	      8.91514626	     44.28626367	    -46.58867413	     -0.39889869	     -8.93640094	     13.01559744	     11.89382871	     -2.86800319	    -18.24446498	      7.14316647	     -3.77058481
      3.91000000	     84.69246769	     -1.53978771	     -2.38693724	      2.18669017	     -0.72216804	      0.71643177	     -6.34396405	      7.74674845	     43.28321064	    -44.22559787	     -0.64950643	     -8.55785022	     13.06757725	     11.94378318	     -3.84222021	    -19.05635854	      7.21102026	     -3.75668999
      3.92000000	     84.90945665	     -1.67717539	     -2.06068341	      2.19816177	     -0.72196996	      0.71487860	     -5.75040100	      6.41042486	     42.19390413	    -42.16762321	     -0.90408535	     -8.21733394	     13.04728643	     11.88829695	     -4.71306264	    -20.07334008	      7.25618493	     -3.72667257
      3.93000000	     85.20215109	     -1.76338001	     -1.79768040	      2.20991636	     -0.72177875	      0.71332379	     -5.20367183	      4.89854431	     41.11173907	    -40.48553391	     -1.00900955	     -8.01582534	     12.93130176	     11.70081345	     -5.40532861	    -21.31022652	      7.23464435	     -3.70191834
      3.94000000	     85.62331406	     -1.81012464	     -1.43978056	      2.22195566	     -0.72158399	      0.71176371	     -4.84421174	      3.40117805	     39.93451011	    -39.23734275	     -1.22154864	     -8.15837685	     12.65947750	     11.22758804	     -6.05084893	    -22.79538137	      7.07190039	     -3.42704171
      3.95000000	     86.17091579	     -1.81158803	     -1.24624622	      2.23414857	     -0.72133051	      0.71026908	     -4.69900424	      1.84592271	     38.94306434	    -38.42431634	     -1.12688765	     -8.19755026	     12.15270958	     10.48860359	     -6.32649689	    -24.57120639	      6.93570923	     -3.43047886
      3.96000000	     86.84125341	     -1.75488450	     -0.98705846	      2.24652713	     -0.72103682	      0.70884353	     -4.79618267	      0.32759624	     37.92087618	    -38.06415258	     -0.72551548	     -8.98153912	     11.47949701	      9.48090772	     -6.52819887	    -26.54223919	      6.28541299	     -3.09970400
      3.97000000	     87.63944605	     -1.67030973	     -0.88906259	      2.25896255	     -0.72064632	      0.70752992	     -5.18977849	     -1.05475442	     37.11838344	    -38.10406967	     -0.45011047	     -9.92098639	     10.54190316	      8.16038331	     -6.34765806	    -28.78090858	      5.59803539	     -2.89437159
