Coordinates
version=1
nRows=345
nColumns=19
inDegrees=yes

Units are S.I. units (second, meters, Newtons, ...)
If the header above contains a line with 'inDegrees', this indicates whether rotational values are in degrees (yes) or radians (no).

endheader
time	pelvis_to_ground_rx	pelvis_to_ground_ry	pelvis_to_ground_rz	pelvis_to_ground_tx	pelvis_to_ground_ty	pelvis_to_ground_tz	left_hip_abduction	left_hip_rotation	left_hip_flexion	left_knee_flexion	left_ankle_flexion	left_subtalar_angle	right_hip_abduction	right_hip_rotation	right_hip_flexion	right_knee_flexion	right_ankle_flexion	right_subtalar_angle
      0.35000000	     96.89977363	     10.50184126	     -4.01062701	     -1.66169630	     -0.74349656	      0.73101025	    -15.28783464	    -11.60566791	      7.98880016	    -27.37406855	      5.23140934	     -8.21883479	     -0.48279317	    -13.16045655	     30.86019415	    -62.83927694	     -4.54518494	    -13.97034312
      0.36000000	     96.92839855	     11.14168829	     -4.12602750	     -1.65278709	     -0.74437236	      0.73084045	    -15.16821123	    -11.72912529	      7.46707680	    -27.64637201	      5.20908081	     -8.10999756	     -0.93661045	    -12.91205887	     32.19769490	    -60.98751963	     -4.46477724	    -13.92635964
      0.37000000	     96.99481704	     11.78630237	     -4.25066587	     -1.64382188	     -0.74525049	      0.73056828	    -15.07020563	    -11.84723906	      6.93537602	    -27.89137239	      5.20419322	     -7.90084946	     -1.47905977	    -12.72850783	     33.37475649	    -58.90759314	     -4.39664613	    -13.75837669
      0.38000000	     97.03992599	     12.36618185	     -4.23529927	     -1.63475135	     -0.74611600	      0.73016540	    -14.97004587	    -11.83279593	      6.28134050	    -28.16803975	      5.61542189	     -6.83295935	     -2.06500909	    -12.49919211	     34.22809080	    -56.58591380	     -3.95267669	    -12.65226557
      0.39000000	     97.06625786	     12.87561649	     -4.19531833	     -1.62555863	     -0.74699784	      0.72963520	    -14.84610088	    -11.81782405	      5.60128864	    -28.44005014	      5.63302133	     -6.80931245	     -2.65978831	    -12.20922428	     34.87086908	    -53.99943673	     -3.96373563	    -12.56057824
      0.40000000	     97.11422915	     13.34993064	     -4.19828831	     -1.61621687	     -0.74788436	      0.72900838	    -14.75614502	    -12.03327610	      4.89810354	    -28.67109561	      5.81387591	     -6.55583322	     -3.24904340	    -11.99701533	     35.38138597	    -51.17929801	     -4.44425400	    -11.64300538
      0.41000000	     97.16741766	     13.72352097	     -4.12442157	     -1.60663876	     -0.74876486	      0.72819611	    -14.68823982	    -12.14983193	      4.12010310	    -28.92801981	      6.02052255	     -6.36204665	     -3.84198288	    -11.73117546	     35.63289348	    -48.16877471	     -4.73510863	    -10.81162345
      0.42000000	     97.20845695	     14.03219013	     -4.01115054	     -1.59681321	     -0.74966560	      0.72721909	    -14.62267357	    -12.27773452	      3.30031775	    -29.22223877	      6.21105368	     -6.25618249	     -4.39061818	    -11.45541453	     35.66277022	    -44.99201887	     -5.13565098	     -9.98091501
      0.43000000	     97.26840549	     14.27491295	     -3.78638044	     -1.58668750	     -0.75055694	      0.72603273	    -14.61977500	    -12.42680430	      2.33297150	    -29.53396504	      6.33574911	     -6.22185310	     -4.93818723	    -11.15239128	     35.40222929	    -41.74310012	     -5.51580653	     -9.40644521
      0.44000000	     97.28919670	     14.48166982	     -3.62120545	     -1.57626624	     -0.75152245	      0.72468827	    -14.54682957	    -12.51023078	      1.49837988	    -29.98421444	      6.57558544	     -6.23037036	     -5.36154702	    -10.85765598	     35.05025813	    -38.47097280	     -6.29867664	     -8.30914322
      0.45000000	     97.36299052	     14.58845774	     -3.34678833	     -1.56552262	     -0.75244205	      0.72311037	    -14.56557417	    -12.50126237	      0.53527240	    -30.46847137	      6.68148165	     -6.24055530	     -5.84330896	    -10.39088462	     34.44209883	    -35.33610332	     -6.67199834	     -7.76348094
      0.46000000	     97.38622765	     14.72311038	     -3.11266976	     -1.55444946	     -0.75343412	      0.72140200	    -14.51632663	    -12.53107556	     -0.32495689	    -31.10945685	      6.90054328	     -6.26728479	     -6.16849777	    -10.02687850	     33.77693625	    -32.40613966	     -7.49379194	     -6.67594608
      0.47000000	     97.40234814	     14.80930040	     -2.79690706	     -1.54307406	     -0.75442063	      0.71951602	    -14.46139774	    -12.40844392	     -1.20128587	    -31.88582666	      7.00308747	     -6.24953758	     -6.45900672	     -9.55900400	     32.96137331	    -29.83093863	     -7.92135272	     -5.98909358
      0.48000000	     97.38043117	     14.86527934	     -2.50660429	     -1.53144245	     -0.75542963	      0.71753024	    -14.32680135	    -12.13422355	     -1.93227280	    -32.84889915	      7.00343945	     -6.25516706	     -6.66697712	     -8.98763726	     32.13280745	    -27.67617392	     -8.08192704	     -5.71462007
      0.49000000	     97.29473352	     14.92233590	     -2.24281265	     -1.51958220	     -0.75646423	      0.71551019	    -14.09035721	    -11.76928786	     -2.51495114	    -33.99702074	      6.95493962	     -6.23183879	     -6.73608745	     -8.42026451	     31.33262925	    -26.01156279	     -8.24522849	     -5.47960534
      0.50000000	     97.13296730	     14.96969968	     -2.04138192	     -1.50754117	     -0.75752269	      0.71351022	    -13.71830440	    -11.26355500	     -2.87395734	    -35.35739727	      6.82080912	     -6.16940669	     -6.66507365	     -7.80840724	     30.61281383	    -24.86185492	     -8.27996354	     -5.37823861
      0.51000000	     96.88189260	     15.00604667	     -1.89702377	     -1.49536769	     -0.75861658	      0.71156382	    -13.17660384	    -10.55508382	     -2.98053628	    -36.94526530	      6.56082737	     -6.04428236	     -6.44642372	     -7.13831390	     29.98271263	    -24.22782354	     -8.13141166	     -5.45370579
      0.52000000	     96.52493586	     15.04538985	     -1.83731824	     -1.48307696	     -0.75977256	      0.70975598	    -12.46227930	     -9.71937339	     -2.82041390	    -38.73214934	      5.86433253	     -5.49889615	     -6.07704809	     -6.37335009	     29.44424086	    -24.03198690	     -7.48510422	     -6.03388960
      0.53000000	     96.06497587	     15.09324825	     -1.81149891	     -1.47071693	     -0.76097864	      0.70803694	    -11.56797043	     -8.67366104	     -2.40357804	    -40.76368580	      5.22758230	     -5.00873261	     -5.52436411	     -5.65397922	     28.99383721	    -24.28075916	     -6.83407308	     -6.74071100
      0.54000000	     95.49451864	     15.12414905	     -1.83964022	     -1.45832256	     -0.76225679	      0.70648872	    -10.51208459	     -7.46874614	     -1.73485383	    -42.98473967	      4.38991428	     -4.59455152	     -4.81438137	     -4.85359455	     28.60448470	    -24.82724911	     -6.02829178	     -7.48375553
      0.55000000	     94.81799684	     15.15584445	     -1.87362839	     -1.44591685	     -0.76359172	      0.70511860	     -9.32613627	     -6.14103011	     -0.87922664	    -45.37356401	      3.34033942	     -4.18767304	     -3.93762582	     -4.07693343	     28.22388255	    -25.58648602	     -5.10954105	     -8.28301216
      0.56000000	     94.04585332	     15.17036588	     -1.91079404	     -1.43354891	     -0.76498161	      0.70395475	     -8.04552987	     -4.71300381	      0.14698819	    -47.90479186	      2.11345505	     -3.83602012	     -2.90509336	     -3.34415417	     27.83598289	    -26.44960280	     -4.13875605	     -9.06573758
      0.57000000	     93.19951445	     15.16311217	     -1.96167791	     -1.42127628	     -0.76641124	      0.70303970	     -6.72070688	     -3.23565665	      1.33154769	    -50.53822750	      0.73224095	     -3.58041696	     -1.74290020	     -2.69431859	     27.43370057	    -27.31411351	     -3.15056933	     -9.77826784
      0.58000000	     92.28559224	     15.12006336	     -2.03581642	     -1.40914988	     -0.76786196	      0.70241402	     -5.38796279	     -1.74719140	      2.66814668	    -53.24674829	     -0.73752283	     -3.45675355	     -0.46779579	     -2.15043789	     27.00600158	    -28.07037010	     -2.19639135	    -10.37034383
      0.59000000	     91.32906061	     15.02872750	     -2.14602660	     -1.39722698	     -0.76931668	      0.70211623	     -4.09967454	     -0.28398201	      4.14639766	    -55.98659904	     -2.22915950	     -3.49457673	      0.87998480	     -1.72031381	     26.54944304	    -28.64464310	     -1.31948271	    -10.81161915
      0.60000000	     90.34937992	     14.88395571	     -2.30830654	     -1.38555012	     -0.77074910	      0.70217717	     -2.90170076	      1.11366815	      5.76197307	    -58.72122456	     -3.67394625	     -3.71517744	      2.26683296	     -1.41509894	     26.06540514	    -28.97941748	     -0.54285154	    -11.08473967
      0.61000000	     89.37621342	     14.66689300	     -2.47850574	     -1.37414134	     -0.77211371	      0.70259057	     -1.84024225	      2.42357702	      7.43287890	    -61.38982504	     -5.28794910	     -4.98344648	      3.64763350	     -1.23746402	     25.49952081	    -29.05609674	      0.23405411	    -10.84236521
      0.62000000	     88.43951932	     14.40356879	     -2.77996315	     -1.36304131	     -0.77343909	      0.70338371	     -0.94689607	      3.65786356	      9.31326398	    -64.01337277	     -6.13054981	     -5.09351400	      4.97704214	     -1.15757183	     24.96231742	    -28.84148655	      0.66704179	    -10.92311519
      0.63000000	     87.51237562	     14.08924951	     -3.00174182	     -1.35219631	     -0.77470718	      0.70448527	     -0.18347790	      4.78404253	     11.14582735	    -66.52347222	     -6.40269030	     -5.27316193	      6.26966489	     -1.15560796	     24.22947051	    -28.33859666	      0.80651062	    -10.89646031
      0.64000000	     86.74235363	     13.67502597	     -3.38934082	     -1.34166773	     -0.77582522	      0.70591533	      0.27091348	      5.82659663	     13.13648540	    -68.83974847	     -7.70846394	     -6.42001778	      7.37488659	     -1.19997570	     23.57671729	    -27.64899931	      1.46618718	    -10.29232190
      0.65000000	     86.04245344	     13.22737224	     -3.78485681	     -1.33139625	     -0.77687029	      0.70758519	      0.54039479	      6.76234972	     15.16854090	    -71.00722467	     -7.59224416	     -6.77581080	      8.36162934	     -1.21949140	     22.82542768	    -26.73711787	      1.49728120	    -10.10243429
      0.66000000	     85.45996445	     12.74174110	     -4.17320229	     -1.32133288	     -0.77780709	      0.70947155	      0.59443996	      7.58548090	     17.18516986	    -72.94577244	     -7.38982994	     -7.21030139	      9.18437299	     -1.22757558	     21.96959076	    -25.65640983	      1.50720589	     -9.81002120
      0.67000000	     85.00088428	     12.27429108	     -4.55719126	     -1.31146162	     -0.77865622	      0.71150421	      0.43573984	      8.20722866	     19.19226617	    -74.64564010	     -6.84075833	     -7.99614205	      9.85239398	     -1.28642201	     21.05026640	    -24.48172746	      1.49274508	     -9.20538067
      0.68000000	     84.64425839	     11.73030722	     -4.84394559	     -1.30172678	     -0.77939711	      0.71363240	      0.13248143	      8.82717617	     21.08412241	    -76.07385079	     -6.52278189	     -8.34562947	     10.32892967	     -1.02143548	     19.93196740	    -23.19939674	      1.50574414	     -8.94242702
      0.69000000	     84.42518270	     11.19156523	     -5.12213229	     -1.29216260	     -0.78001129	      0.71572804	     -0.35943898	      9.32762664	     22.97178131	    -77.26125616	     -5.41302351	     -9.28395937	     10.64598083	     -0.81984852	     18.84042569	    -22.01497299	      1.45272097	     -8.21472452
      0.70000000	     84.33990717	     10.64569866	     -5.44674285	     -1.28272952	     -0.78051503	      0.71786387	     -1.03441876	      9.72043351	     24.89558129	    -78.16201742	     -4.63185330	     -9.85570002	     10.76412008	     -0.35889691	     17.76219210	    -20.83335563	      1.43128481	     -7.81653171
      0.71000000	     84.33888163	     10.09427073	     -5.65548680	     -1.27337326	     -0.78091786	      0.71992100	     -1.78835990	     10.04314682	     26.68396799	    -78.78877930	     -3.67796826	    -10.49603196	     10.74859445	      0.30722290	     16.56695018	    -19.71440218	      1.36547363	     -7.44227272
      0.72000000	     84.37963404	      9.54441376	     -5.77892970	     -1.26410595	     -0.78124219	      0.72182991	     -2.56631309	     10.34396406	     28.40239441	    -79.18153274	     -2.65860618	    -11.18827473	     10.66741094	      1.10244188	     15.33112312	    -18.70975447	      1.29768577	     -7.10383871
      0.73000000	     84.53533283	      8.97888468	     -5.90747982	     -1.25493897	     -0.78142048	      0.72361863	     -3.46844349	     10.58051455	     30.10052725	    -79.30532237	     -1.75622842	    -11.83904862	     10.44265591	      2.05087608	     14.16103005	    -17.86423361	      1.23455564	     -6.85593959
      0.74000000	     84.70932753	      8.44011711	     -6.01913104	     -1.24585295	     -0.78151546	      0.72522874	     -4.36891895	     10.75967821	     31.79511719	    -79.21466599	     -0.94494611	    -12.47884216	     10.19522890	      3.06488141	     13.04223676	    -17.14579153	      1.17156984	     -6.67280066
      0.75000000	     84.90131374	      7.91195213	     -6.09458281	     -1.23683072	     -0.78152206	      0.72663292	     -5.25810476	     10.90470592	     33.45172523	    -78.91535131	     -0.20355237	    -13.14413938	      9.93512008	      4.10447887	     11.96683215	    -16.57795138	      1.11114476	     -6.52564770
      0.76000000	     85.09450344	      7.42274423	     -6.16487794	     -1.22787289	     -0.78146509	      0.72783522	     -6.11352218	     10.97406319	     35.09955156	    -78.41869613	      0.38316453	    -13.74852607	      9.68780060	      5.11199632	     10.96048836	    -16.13018612	      1.07023801	     -6.39843686
      0.77000000	     85.28964210	      6.92012450	     -6.21011912	     -1.21896516	     -0.78130414	      0.72877951	     -6.93854004	     11.06623282	     36.71840909	    -77.74055053	      0.90831512	    -14.38877844	      9.45422556	      6.02184903	     10.03301033	    -15.86414645	      1.03841018	     -6.27589632
      0.78000000	     85.42540180	      6.41626581	     -6.20798423	     -1.21008664	     -0.78109991	      0.72945285	     -7.65902459	     11.21393849	     38.30488966	    -76.91127479	      1.15649004	    -14.70880333	      9.30540586	      6.86835458	      9.13092832	    -15.71332630	      1.03787031	     -6.16125742
      0.79000000	     85.57622810	      5.95837379	     -6.24088720	     -1.20121715	     -0.78080615	      0.72990273	     -8.34802702	     11.22925498	     39.86918668	    -75.87216393	      1.60835276	    -15.73784608	      9.15836103	      7.45874532	      8.35646499	    -15.70238386	      1.06387349	     -5.95341309
      0.80000000	     85.67539722	      5.50664662	     -6.30706751	     -1.19234176	     -0.78047785	      0.73010172	     -8.95241994	     11.28054981	     41.46079988	    -74.67192330	      1.68260105	    -15.91501476	      9.07578852	      7.97646872	      7.67434193	    -15.78019637	      1.09373789	     -5.85556661
      0.81000000	     85.74486938	      5.07840698	     -6.36909443	     -1.18340217	     -0.78009937	      0.73005372	     -9.46898544	     11.29849241	     42.98555344	    -73.27209623	      1.78809836	    -16.11225517	      9.03985718	      8.33608014	      7.04183404	    -15.94768904	      1.14009023	     -5.74779001
      0.82000000	     85.78012289	      4.67021804	     -6.42187077	     -1.17436501	     -0.77968033	      0.72976007	     -9.88575505	     11.29223677	     44.41780682	    -71.66033955	      1.84300609	    -16.24810065	      9.05279914	      8.57513820	      6.43994672	    -16.19243150	      1.21209357	     -5.63804651
      0.83000000	     85.78509634	      4.28335486	     -6.47215941	     -1.16517845	     -0.77922532	      0.72923009	    -10.19949745	     11.25572940	     45.73427194	    -69.81929986	      1.81573152	    -16.28011032	      9.10855512	      8.73751014	      5.85818292	    -16.49961564	      1.31611988	     -5.53170085
      0.84000000	     85.76894332	      3.93937874	     -6.52271711	     -1.15579999	     -0.77874456	      0.72847476	    -10.39870842	     11.12933293	     46.89284338	    -67.72947281	      1.55286957	    -16.09502555	      9.19866921	      8.81320412	      5.29153009	    -16.86510545	      1.60686085	     -5.30224310
      0.85000000	     85.72339129	      3.56898971	     -6.53906288	     -1.14616260	     -0.77821428	      0.72747342	    -10.49402576	     11.06338524	     47.86339247	    -65.41079865	      1.38705429	    -15.87411731	      9.32868491	      8.96082316	      4.68168330	    -17.28426742	      1.75421485	     -5.22174079
      0.86000000	     85.66604214	      3.26867695	     -6.49088731	     -1.13622889	     -0.77766867	      0.72623070	    -10.43797206	     10.85230936	     48.53986052	    -62.85113097	      0.88578713	    -15.14663493	      9.49412050	      9.01133856	      4.00735731	    -17.76856717	      2.11568661	     -5.10569959
      0.87000000	     85.60713390	      2.94086365	     -6.40177480	     -1.12593992	     -0.77705619	      0.72474312	    -10.28110722	     10.65136128	     48.95819412	    -60.09296360	      0.50658368	    -14.33087856	      9.66997695	      9.13902895	      3.28138114	    -18.33226141	      2.44248620	     -5.01584340
      0.88000000	     85.50383989	      2.68619488	     -6.19861542	     -1.11524185	     -0.77644480	      0.72299214	     -9.89412029	     10.26230845	     49.00163903	    -57.19362804	      0.15399028	    -13.61675746	      9.93386982	      9.24954109	      2.40385785	    -18.92477226	      2.69594512	     -5.00391370
      0.89000000	     85.45758049	      2.38406940	     -6.04067962	     -1.10412380	     -0.77571192	      0.72103425	     -9.47542080	      9.84178738	     48.84926461	    -54.18492087	     -0.27181229	    -12.39475727	     10.12252030	      9.40448873	      1.58959021	    -19.65380773	      3.09653145	     -4.96713683
      0.90000000	     85.40198592	      2.12755123	     -5.67960238	     -1.09254056	     -0.77495414	      0.71878260	     -8.86512816	      9.27207276	     48.26348528	    -51.22199000	     -0.59713454	    -11.44163153	     10.36734406	      9.46089217	      0.56285221	    -20.47871073	      3.40363618	     -4.95665228
      0.91000000	     85.38150074	      1.91016014	     -5.27334757	     -1.08053714	     -0.77412076	      0.71629073	     -8.12337153	      8.44928804	     47.41328145	    -48.37921948	     -0.74880571	    -11.04143508	     10.57036186	      9.34819914	     -0.46042892	    -21.46066027	      3.51688253	     -4.98187016
      0.92000000	     85.44213932	      1.67088250	     -4.71864368	     -1.06806530	     -0.77320866	      0.71360022	     -7.40945650	      7.63327724	     46.28761542	    -45.80017245	     -1.11621580	    -10.40485110	     10.70396292	      9.16426115	     -1.61027915	    -22.58772557	      3.76214925	     -5.01548685
      0.93000000	     85.53964945	      1.48850895	     -4.22895442	     -1.05527245	     -0.77226138	      0.71079065	     -6.63917136	      6.53540800	     45.12115220	    -43.58386409	     -1.40736196	     -9.70501573	     10.78396464	      8.86871391	     -2.62601526	    -23.86458402	      4.07087106	     -4.93926589
      0.94000000	     85.77083379	      1.34047234	     -3.76365980	     -1.04218940	     -0.77120035	      0.70789820	     -5.99099971	      5.26812886	     43.92810594	    -41.81671655	     -1.37905549	     -9.53555322	     10.64748941	      8.26209114	     -3.47883372	    -25.37097200	      4.07393347	     -4.94892184
      0.95000000	     86.12163569	      1.22372338	     -3.26392396	     -1.02886989	     -0.77006774	      0.70500122	     -5.53626906	      3.97852951	     42.72904728	    -40.60088707	     -1.30826800	     -9.47982015	     10.33766362	      7.45470224	     -4.25735912	    -27.05352532	      4.02702705	     -4.94030363
      0.96000000	     86.60641884	      1.14648387	     -2.74412273	     -1.01538610	     -0.76885220	      0.70218551	     -5.32695853	      2.68483880	     41.55251193	    -39.94674110	     -1.03549890	     -9.79104577	      9.82722825	      6.44654928	     -4.93499351	    -28.90123402	      3.81310180	     -4.79178050
      0.97000000	     87.24296933	      1.10381910	     -2.43064868	     -1.00188312	     -0.76748538	      0.69952607	     -5.41541519	      1.37565473	     40.64587184	    -39.83419740	     -0.57824243	    -10.62241239	      9.01493668	      5.16604067	     -5.19896845	    -30.98892949	      3.32486828	     -4.56975057
      0.98000000	     88.00681204	      1.12316560	     -2.15697976	     -0.98838109	     -0.76603058	      0.69708045	     -5.79055474	      0.11778000	     39.82458634	    -40.20227976	     -0.13381298	    -11.42871019	      8.00007280	      3.70409736	     -5.27871515	    -33.22392429	      2.68814501	     -4.48685664
      0.99000000	     88.90801233	      1.15031016	     -2.01002832	     -0.97495224	     -0.76442822	      0.69490551	     -6.49613452	     -0.95714879	     39.16799724	    -40.95935556	      0.42988656	    -12.42334585	      6.75581995	      2.11813814	     -5.05871906	    -35.63088514	      1.74814980	     -4.51028681
      1.00000000	     89.88767648	      1.23648802	     -1.97001650	     -0.96166503	     -0.76274766	      0.69304279	     -7.43666244	     -1.89818116	     38.62064196	    -41.98546259	      0.94330120	    -13.51302576	      5.38282307	      0.40261518	     -4.57339133	    -38.15349791	      0.50886709	     -4.87436044
      1.01000000	     90.92618956	      1.36458119	     -1.88475809	     -0.94853339	     -0.76099051	      0.69148359	     -8.60573489	     -2.57871140	     38.01119048	    -43.18417737	      1.66583102	    -14.32006076	      3.92089856	     -1.41046163	     -3.99901692	    -40.76021558	     -0.87128727	     -5.20620814
      1.02000000	     91.99820748	      1.52311392	     -1.77098700	     -0.93561733	     -0.75918296	      0.69028617	     -9.94340126	     -2.97695112	     37.31707274	    -44.40656628	      2.45625803	    -14.92521922	      2.42427637	     -3.24302477	     -3.32326411	    -43.41859074	     -2.25353147	     -5.44738232
      1.03000000	     93.05762347	      1.72197466	     -1.92646361	     -0.92303528	     -0.75736019	      0.68960422	    -11.29640310	     -3.29729962	     36.77910226	    -45.46746087	      3.27480085	    -15.37443580	      1.00808892	     -5.00584830	     -2.22302026	    -46.08302595	     -4.19182159	     -6.62715563
      1.04000000	     94.09483093	      1.96714320	     -1.97756925	     -0.91074269	     -0.75554330	      0.68935021	    -12.67611354	     -3.39301820	     36.02180074	    -46.33151378	      4.05978816	    -15.63125730	     -0.34140930	     -6.75970901	     -1.11225721	    -48.72132042	     -5.71006927	     -7.14536677
      1.05000000	     95.08047102	      2.23621507	     -2.03000298	     -0.89879077	     -0.75375603	      0.68958570	    -14.00672662	     -3.29450395	     35.14451016	    -46.91766218	      4.74994399	    -15.76066223	     -1.55550332	     -8.41049217	      0.12425458	    -51.29368809	     -7.04010038	     -7.56398823
      1.06000000	     95.97138048	      2.53862691	     -2.30716920	     -0.88724254	     -0.75205247	      0.69041464	    -15.17309760	     -3.19426681	     34.35221073	    -47.15361042	      5.44445139	    -15.64642003	     -2.51470784	     -9.92135413	      1.73115246	    -53.75069198	     -8.43345208	     -8.26938185
      1.07000000	     96.79565758	      2.85546440	     -2.51023582	     -0.87604311	     -0.75040136	      0.69171543	    -16.22747991	     -2.97343771	     33.35662560	    -47.04815237	      5.54905430	    -15.60824543	     -3.31061734	    -11.29545409	      3.37971555	    -56.08198216	     -8.64661836	     -8.43401390
      1.08000000	     97.44630007	      3.20794233	     -2.93007016	     -0.86522438	     -0.74890326	      0.69358410	    -17.01811833	     -2.79962489	     32.48003185	    -46.63146998	      6.14892866	    -15.22251839	     -3.73559938	    -12.50397491	      5.37217890	    -58.19365439	     -9.84006506	     -8.91334074
      1.09000000	     98.00181263	      3.58545487	     -3.23920073	     -0.85469680	     -0.74749312	      0.69585405	    -17.64887535	     -2.60324357	     31.38284421	    -45.91548250	      6.44880043	    -14.54056182	     -3.97940208	    -13.54907837	      7.33085952	    -60.09082052	    -10.29588582	     -9.54035042
      1.10000000	     98.42981336	      3.97783542	     -3.49497601	     -0.84443988	     -0.74618731	      0.69850056	    -18.07603920	     -2.44618784	     30.14191402	    -44.93486875	      6.59593355	    -14.17678306	     -4.00728847	    -14.42125857	      9.30861570	    -61.74508279	    -10.43198760	     -9.66926847
      1.11000000	     98.72783365	      4.39271847	     -3.69816567	     -0.83441636	     -0.74499069	      0.70147510	    -18.29156529	     -2.42940858	     28.75472568	    -43.71406074	      6.62133959	    -13.97242331	     -3.83190072	    -15.10967453	     11.27779211	    -63.12389045	    -10.40433364	     -9.72722437
      1.12000000	     98.86272614	      4.79475516	     -4.03027639	     -0.82465231	     -0.74395281	      0.70470691	    -18.29714449	     -2.43200180	     27.51131573	    -42.38934565	      6.51465348	    -13.41070417	     -3.37241965	    -15.58285471	     13.44691573	    -64.23624499	    -10.13048469	     -9.73686388
      1.13000000	     98.86678805	      5.25602579	     -4.19804956	     -0.81501968	     -0.74304137	      0.70810879	    -18.09882557	     -2.70271421	     26.01887662	    -40.91389092	      6.43021056	    -13.00572616	     -2.78669764	    -15.90836522	     15.41604243	    -65.03057231	     -9.81612936	     -9.73629469
      1.14000000	     98.80704741	      5.67918774	     -4.35058967	     -0.80554889	     -0.74219927	      0.71155542	    -17.82633061	     -2.97066378	     24.53190121	    -39.39180573	      6.18613667	    -12.35615177	     -2.13906797	    -16.04432366	     17.38238164	    -65.58945371	     -9.09913763	     -9.64911402
      1.15000000	     98.61046660	      6.18103091	     -4.34127404	     -0.79616804	     -0.74149898	      0.71500617	    -17.37328258	     -3.54293683	     22.85328935	    -37.84410615	      6.14122521	    -12.13437053	     -1.40281453	    -16.08756061	     19.11206338	    -65.83671527	     -8.86081566	     -9.68165272
      1.16000000	     98.30228135	      6.67771211	     -4.41338509	     -0.78693582	     -0.74095564	      0.71839964	    -16.80444483	     -4.16551679	     21.34443664	    -36.38241562	      5.73596357	    -11.65854756	     -0.53817208	    -15.94743912	     20.90384825	    -65.83186746	     -7.95793894	     -9.79200420
      1.17000000	     97.98240666	      7.21251998	     -4.31734366	     -0.77777244	     -0.74046833	      0.72160941	    -16.23341841	     -4.96905214	     19.66981988	    -34.95350749	      5.65804713	    -11.45921610	      0.22374838	    -15.76810730	     22.45270310	    -65.60348689	     -7.69140067	     -9.87853906
      1.18000000	     97.60915263	      7.78310308	     -4.24019689	     -0.76872441	     -0.74011188	      0.72461918	    -15.62120419	     -5.86030890	     18.10235695	    -33.65717721	      5.48618438	    -11.23362912	      0.99426977	    -15.51288089	     23.96868764	    -65.15323178	     -7.28917074	    -10.07939975
      1.19000000	     97.22132536	      8.34842536	     -4.16146440	     -0.75977809	     -0.73984640	      0.72735376	    -15.02212669	     -6.67473144	     16.65051875	    -32.52358599	      4.97322726	    -10.97784347	      1.70776494	    -15.14455900	     25.42879246	    -64.51111475	     -6.41566926	    -10.60995697
      1.20000000	     96.86775582	      8.96139059	     -4.01046067	     -0.75091684	     -0.73963588	      0.72977027	    -14.48745612	     -7.56087762	     15.18488581	    -31.51287494	      4.83732081	    -10.82554517	      2.27792283	    -14.80204444	     26.74992622	    -63.69236172	     -6.14834442	    -10.82681812
      1.21000000	     96.50361208	      9.65895392	     -3.84682825	     -0.74214476	     -0.73954935	      0.73183619	    -13.96324422	     -8.38293952	     13.84737931	    -30.73312353	      4.70644459	    -10.66170052	      2.78015467	    -14.51914777	     27.99435617	    -62.68119682	     -5.89028527	    -11.05978652
      1.22000000	     96.22100328	     10.34479807	     -3.70897283	     -0.73346490	     -0.73948134	      0.73354021	    -13.54247499	     -9.11198389	     12.61174140	    -30.06963907	      4.53996476	    -10.48027926	      3.10641495	    -14.19428763	     29.20792750	    -61.51845139	     -5.59682055	    -11.34672608
      1.23000000	     95.99816392	     11.06790906	     -3.57655213	     -0.72485241	     -0.73946626	      0.73486094	    -13.19389940	     -9.70064017	     11.48519392	    -29.57237063	      4.38413977	    -10.29294445	      3.28069893	    -13.90408204	     30.35473327	    -60.18438789	     -5.34477772	    -11.60211666
      1.24000000	     95.85663741	     11.81412691	     -3.46612980	     -0.71629484	     -0.73948120	      0.73579890	    -12.93133074	    -10.16494633	     10.45467716	    -29.19747380	      4.23819235	    -10.08185051	      3.28370372	    -13.63809478	     31.44156136	    -58.67984621	     -5.13458002	    -11.81231637
      1.25000000	     95.78492441	     12.57402230	     -3.37115860	     -0.70776205	     -0.73950379	      0.73636638	    -12.74049312	    -10.50640662	      9.50625029	    -28.94160967	      4.13455189	     -9.85270142	      3.12898181	    -13.41216406	     32.44627317	    -56.98717258	     -5.00112756	    -11.91752453
      1.26000000	     95.78552475	     13.35620409	     -3.29233344	     -0.69921668	     -0.73953966	      0.73656739	    -12.61619707	    -10.74704548	      8.61833153	    -28.77722347	      4.08721837	     -9.62394455	      2.82366401	    -13.23747674	     33.35264671	    -55.10756231	     -4.95020825	    -11.89736584
      1.27000000	     95.86510131	     14.14244731	     -3.24047756	     -0.69062609	     -0.73956699	      0.73643041	    -12.56584700	    -10.94752146	      7.76516139	    -28.66210249	      4.08703548	     -9.34194413	      2.36743940	    -13.09074851	     34.14905839	    -53.03817351	     -4.97958205	    -11.73458359
      1.28000000	     95.97609796	     14.90980417	     -3.18550591	     -0.68193730	     -0.73959150	      0.73596559	    -12.53125607	    -10.92135228	      6.97988591	    -28.67154859	      4.38549775	     -8.41971652	      1.81841853	    -12.94890521	     34.79133508	    -50.77498862	     -5.18050945	    -10.85003844
      1.29000000	     96.17449283	     15.66677151	     -3.14563083	     -0.67310936	     -0.73956620	      0.73521377	    -12.59590998	    -11.09484665	      6.10876933	    -28.61257243	      4.52766436	     -8.25727996	      1.11641208	    -12.80945292	     35.26420332	    -48.34125268	     -5.23198929	    -10.60309947
      1.30000000	     96.37701507	     16.37818684	     -3.09345065	     -0.66409594	     -0.73952683	      0.73417844	    -12.65055110	    -11.09715327	      5.28093215	    -28.67190772	      4.92903109	     -7.84519516	      0.36363622	    -12.61136977	     35.54163116	    -45.74980723	     -5.70642687	     -9.63739750
      1.31000000	     96.59701886	     17.08114247	     -3.00382502	     -0.65482155	     -0.73946107	      0.73290196	    -12.73482020	    -11.20568853	      4.36688602	    -28.74255917	      5.30567464	     -7.47527852	     -0.44588389	    -12.41177557	     35.58248088	    -43.04826272	     -6.03988418	     -8.81219717
      1.32000000	     96.87355822	     17.71042420	     -2.88400872	     -0.64526794	     -0.73932477	      0.73139027	    -12.90536771	    -11.40843663	      3.34778936	    -28.80120651	      5.50644931	     -7.33035278	     -1.36799784	    -12.06787961	     35.38788470	    -40.31246149	     -6.31128485	     -8.36806753
      1.33000000	     97.09192775	     18.30143265	     -2.77660202	     -0.63538867	     -0.73919456	      0.72971360	    -12.99616825	    -11.52146207	      2.41344671	    -29.01047305	      6.25526870	     -6.64713560	     -2.22550440	    -11.65464941	     35.03529174	    -37.57027027	     -6.75958731	     -7.05408208
      1.34000000	     97.31893154	     18.81243413	     -2.54438358	     -0.62515318	     -0.73899345	      0.72784197	    -13.14359382	    -11.68672297	      1.30954026	    -29.24820811	      6.43335081	     -6.63094250	     -3.14614523	    -11.05296260	     34.38259985	    -34.94112649	     -7.15286184	     -6.68353323
      1.35000000	     97.49894662	     19.26785135	     -2.30418055	     -0.61456664	     -0.73877213	      0.72586784	    -13.25576272	    -11.87835516	      0.23694626	    -29.61228955	      6.69441592	     -6.62889897	     -4.00783668	    -10.31653706	     33.59014106	    -32.47647598	     -7.67031564	     -6.24101202
      1.36000000	     97.58745229	     19.68566119	     -2.08629224	     -0.60362951	     -0.73856800	      0.72385369	    -13.27084362	    -12.07585351	     -0.71731808	    -30.16361469	      7.18469345	     -6.59231890	     -4.72885174	     -9.49151430	     32.72568686	    -30.23256372	     -8.47459215	     -5.68579515
      1.37000000	     97.61903093	     20.01945571	     -1.79579335	     -0.59234982	     -0.73832821	      0.72179417	    -13.24251389	    -12.17646665	     -1.66409574	    -30.86841293	      7.35530175	     -6.53709146	     -5.36600188	     -8.49690542	     31.72605219	    -28.32184028	     -8.68273266	     -5.51625551
      1.38000000	     97.58662714	     20.26299068	     -1.55505508	     -0.58079510	     -0.73807980	      0.71977134	    -13.13090713	    -12.17551670	     -2.43038634	    -31.77572213	      7.47138084	     -6.50582512	     -5.87433456	     -7.33683751	     30.74678870	    -26.76870396	     -8.79812254	     -5.42535505
      1.39000000	     97.40395604	     20.47214842	     -1.28029857	     -0.56894185	     -0.73787042	      0.71784083	    -12.83855022	    -12.04726996	     -3.04636953	    -32.92173908	      7.56163918	     -6.41245218	     -6.12424364	     -6.17045781	     29.73555548	    -25.57169413	     -8.80096679	     -5.54483283
      1.40000000	     97.11660550	     20.60351006	     -1.05687941	     -0.55688019	     -0.73769525	      0.71603760	    -12.38245219	    -11.72534907	     -3.40672659	    -34.30956100	      7.48765732	     -6.24860992	     -6.16784985	     -4.91380175	     28.79187373	    -24.74388548	     -8.55179247	     -5.89344932
      1.41000000	     96.73572968	     20.66169265	     -0.90565757	     -0.54464999	     -0.73756500	      0.71441553	    -11.77561555	    -11.23550917	     -3.50163806	    -35.91069602	      7.19640785	     -5.91227115	     -6.01540859	     -3.57844483	     27.93321801	    -24.24879185	     -8.01061515	     -6.58013202
      1.42000000	     96.19128919	     20.68058400	     -0.74401798	     -0.53226592	     -0.73751356	      0.71296249	    -10.92152530	    -10.48323751	     -3.33803104	    -37.78574057	      6.73620013	     -5.65363084	     -5.55279994	     -2.35916429	     27.11782961	    -24.06178252	     -7.37526086	     -7.16655108
      1.43000000	     95.53545626	     20.62567962	     -0.63552626	     -0.51980318	     -0.73753289	      0.71174893	     -9.90029666	     -9.53612843	     -2.90817923	    -39.86069826	      6.05183758	     -5.33926984	     -4.87746185	     -1.11826979	     26.36496123	    -24.07929650	     -6.54622188	     -7.82041544
      1.44000000	     94.74305262	     20.52150610	     -0.53962028	     -0.50729796	     -0.73764304	      0.71077466	     -8.69492227	     -8.39522359	     -2.23643361	    -42.14489736	      5.20074668	     -5.02545433	     -3.95384965	      0.02954251	     25.64105779	    -24.23579620	     -5.65109488	     -8.43547417
      1.45000000	     93.83620247	     20.38840150	     -0.45131751	     -0.49480970	     -0.73783856	      0.71003484	     -7.34370919	     -7.08271389	     -1.33322583	    -44.63540602	      4.12159926	     -4.67767922	     -2.80021466	      0.95961832	     24.94161627	    -24.47915901	     -4.65990109	     -9.04609341
      1.46000000	     92.85433963	     20.18355780	     -0.38325723	     -0.48240233	     -0.73809484	      0.70952515	     -5.92070661	     -5.61589755	     -0.23096761	    -47.27976574	      2.87998304	     -4.35750790	     -1.48441448	      1.71272278	     24.27543159	    -24.76037765	     -3.67323312	     -9.56695886
      1.47000000	     91.80495880	     19.91141465	     -0.34512185	     -0.47013845	     -0.73840744	      0.70929642	     -4.46922253	     -4.06292474	      1.05418939	    -50.03987185	      1.54582491	     -4.11614437	     -0.05342373	      2.34642767	     23.60936885	    -24.96117167	     -2.75366489	     -9.95545536
      1.48000000	     90.68838304	     19.60103265	     -0.35004925	     -0.45805493	     -0.73879751	      0.70937120	     -3.02526143	     -2.52737028	      2.51402042	    -52.88552142	      0.15727412	     -3.99961621	      1.47480222	      2.83014467	     22.93615200	    -25.00484645	     -1.92235312	    -10.18549998
      1.49000000	     89.56627455	     19.22909167	     -0.39840046	     -0.44620287	     -0.73921429	      0.70970280	     -1.66766775	     -0.98495750	      4.11788286	    -55.78170650	     -1.22426871	     -4.00638330	      3.02397092	      3.15453970	     22.26167029	    -24.90754275	     -1.20070292	    -10.28344373
      1.50000000	     88.45793676	     18.80238778	     -0.48931176	     -0.43460959	     -0.73965608	      0.71029199	     -0.43709611	      0.51254903	      5.83745859	    -58.68234148	     -2.54238426	     -4.18393685	      4.55670755	      3.34781740	     21.56750820	    -24.63379838	     -0.59751126	    -10.22415737
      1.51000000	     87.39574920	     18.33120528	     -0.63779965	     -0.42329286	     -0.74011637	      0.71111618	      0.62301067	      1.93110854	      7.66808691	    -61.54900691	     -3.72276547	     -4.54863526	      6.02714972	      3.43422501	     20.85862422	    -24.17935784	     -0.11349963	    -10.00689341
      1.52000000	     86.40172200	     17.78651044	     -0.78982255	     -0.41225018	     -0.74056436	      0.71211451	      1.50096579	      3.32902032	      9.53689528	    -64.34427600	     -4.16308948	     -4.83516942	      7.39898873	      3.51405766	     20.07188098	    -23.55849701	      0.05792658	     -9.85893200
      1.53000000	     85.51929589	     17.28438772	     -1.04849269	     -0.40149233	     -0.74103332	      0.71331138	      2.12114702	      4.48126588	     11.53218587	    -67.01355604	     -5.36008682	     -5.59436330	      8.64248410	      3.41087772	     19.32911918	    -22.80611537	      0.46849124	     -9.27010013
      1.54000000	     84.72276097	     16.70221269	     -1.20044840	     -0.39096443	     -0.74147534	      0.71456784	      2.57615826	      5.64696108	     13.43028844	    -69.53345811	     -5.38595874	     -5.95795137	      9.75799986	      3.44368923	     18.39271815	    -21.93243121	      0.54553834	     -9.08551315
      1.55000000	     84.06629499	     16.14710126	     -1.39968395	     -0.38067886	     -0.74189595	      0.71591938	      2.77983763	      6.60743316	     15.36709171	    -71.84172848	     -5.56073828	     -7.21946382	     10.71419785	      3.38081708	     17.45800371	    -21.00286033	      0.78773216	     -8.19718755
      1.56000000	     83.54235410	     15.58083418	     -1.60983169	     -0.37061996	     -0.74229752	      0.71731405	      2.77366191	      7.49690125	     17.32529841	    -73.93130636	     -5.49946087	     -7.44686052	     11.48499632	      3.52224271	     16.46421524	    -20.00863400	      0.84590107	     -8.07681667
      1.57000000	     83.15641653	     14.99952867	     -1.82314946	     -0.36077321	     -0.74264122	      0.71870898	      2.55923922	      8.29684284	     19.27680903	    -75.75566916	     -5.21884897	     -7.83686088	     12.08127433	      3.81564976	     15.43871796	    -19.02174454	      0.85962234	     -7.87068231
      1.58000000	     82.92148289	     14.40796530	     -2.01771859	     -0.35114977	     -0.74288527	      0.72001568	      2.13454997	      8.98657793	     21.18870006	    -77.29463803	     -4.71439757	     -9.36364976	     12.51429320	      4.08503474	     14.43977125	    -18.18743545	      1.13409892	     -6.99957620
      1.59000000	     82.76713696	     13.83014734	     -2.16015795	     -0.34167206	     -0.74310103	      0.72130632	      1.60559764	      9.59717253	     23.04898187	    -78.53109904	     -4.34283860	     -9.69446917	     12.82326796	      4.68961637	     13.32599210	    -17.30153818	      1.14403227	     -6.87091663
      1.60000000	     82.74133913	     13.24797152	     -2.35667142	     -0.33242025	     -0.74318574	      0.72246781	      0.89997907	     10.12018225	     24.95784128	    -79.47023081	     -3.24702597	    -10.69437707	     12.98889453	      5.27095775	     12.35513020	    -16.62218931	      1.14232511	     -6.66936749
      1.61000000	     82.79600692	     12.63722184	     -2.50578967	     -0.32332532	     -0.74315981	      0.72353353	      0.10834798	     10.60929534	     26.79406896	    -80.07807656	     -2.54338648	    -11.49440762	     13.05280679	      6.05266282	     11.35307848	    -16.03268265	      1.20283889	     -6.51908054
      1.62000000	     82.88472910	     12.04313572	     -2.63440206	     -0.31438837	     -0.74304823	      0.72446827	     -0.71493087	     11.01118425	     28.60594483	    -80.38167730	     -1.84689095	    -12.36977383	     13.07634381	      6.88734923	     10.38061998	    -15.54545386	      1.28517000	     -6.39269704
      1.63000000	     83.01106908	     11.43556772	     -2.69926214	     -0.30559477	     -0.74281287	      0.72526383	     -1.54960251	     11.34208846	     30.31269376	    -80.35664049	     -1.66396942	    -14.07074278	     13.06232887	      7.75490470	      9.39518037	    -15.17351085	      1.44334819	     -6.19057259
      1.64000000	     83.14108776	     10.82520899	     -2.81559500	     -0.29696413	     -0.74248120	      0.72593031	     -2.38252681	     11.64823360	     32.07607951	    -80.05742278	     -1.26062497	    -14.44291521	     13.03248865	      8.67316454	      8.51210735	    -14.87871667	      1.50273996	     -6.10040428
      1.65000000	     83.31620472	     10.19053811	     -2.92254881	     -0.28848613	     -0.74197840	      0.72641070	     -3.23367918	     11.89599472	     33.77778508	    -79.45987040	     -0.42180776	    -15.55610077	     12.95202882	      9.39416669	      7.73541051	    -14.78995278	      1.66103240	     -6.01034201
      1.66000000	     83.45491706	      9.55426332	     -3.06547711	     -0.28012943	     -0.74138942	      0.72677246	     -4.01419886	     12.10191090	     35.49419374	    -78.59267783	     -0.18343140	    -15.89573316	     12.89624807	     10.15603819	      7.02215418	    -14.72109792	      1.72860494	     -5.91586477
      1.67000000	     83.59281771	      8.91133403	     -3.23846697	     -0.27188112	     -0.74067963	      0.72697483	     -4.75084578	     12.24183383	     37.18690593	    -77.46026348	      0.17136226	    -16.37293772	     12.82793210	     10.77139554	      6.41497058	    -14.76123213	      1.83300149	     -5.82226351
      1.68000000	     83.70762682	      8.26838255	     -3.39289329	     -0.26370094	     -0.73986747	      0.72701546	     -5.39799614	     12.32931348	     38.79621429	    -76.07703419	      0.49167961	    -16.82966538	     12.77826483	     11.26325752	      5.84278400	    -14.87341096	      1.95637136	     -5.71984984
      1.69000000	     83.80104195	      7.63249969	     -3.54477417	     -0.25555947	     -0.73897065	      0.72690343	     -5.94906737	     12.35016318	     40.32326943	    -74.45367948	      0.74181278	    -17.21223300	     12.74399900	     11.64104880	      5.31018620	    -15.03869806	      2.10054139	     -5.60574276
      1.70000000	     83.87041556	      7.00582549	     -3.68691988	     -0.24741112	     -0.73799771	      0.72664277	     -6.39133458	     12.31055959	     41.74403643	    -72.60227340	      0.89989032	    -17.45252548	     12.73121775	     11.94199483	      4.79523755	    -15.24370381	      2.25469150	     -5.49126753
      1.71000000	     83.92306661	      6.39677827	     -3.83548798	     -0.23921370	     -0.73695984	      0.72624237	     -6.72485538	     12.19255444	     43.05444998	    -70.53319565	      0.98234846	    -17.55202478	     12.73136567	     12.19191725	      4.30449806	    -15.48217838	      2.43789030	     -5.37254803
      1.72000000	     83.96210154	      5.80471325	     -3.97401688	     -0.23091083	     -0.73586729	      0.72570372	     -6.94244562	     12.01083915	     44.21981590	    -68.26343476	      0.98144297	    -17.47767367	     12.74729783	     12.41773025	      3.80696720	    -15.74432787	      2.63988370	     -5.26405676
      1.73000000	     83.99310622	      5.23520448	     -4.10779699	     -0.22245644	     -0.73473077	      0.72503012	     -7.03972388	     11.74533281	     45.22332635	    -65.81288925	      0.88592861	    -17.19082311	     12.77495181	     12.63935591	      3.30268922	    -16.03374366	      2.89268226	     -5.15892715
      1.74000000	     84.04330732	      4.69070170	     -4.14630963	     -0.21379831	     -0.73355189	      0.72417530	     -7.02990783	     11.42348275	     45.95955317	    -63.22209183	      0.59289755	    -16.14744989	     12.80363015	     12.76478604	      2.73043143	    -16.43166965	      3.45653827	     -4.92881837
      1.75000000	     84.03312660	      4.19034864	     -4.21741096	     -0.20486126	     -0.73237659	      0.72322861	     -6.81798865	     10.94807305	     46.53989369	    -60.52137861	      0.51110329	    -15.58128540	     12.91772923	     13.12356565	      2.10331818	    -16.73400051	      3.65688342	     -4.83629736
      1.76000000	     84.09448929	      3.70660325	     -4.10461423	     -0.19558624	     -0.73113897	      0.72207922	     -6.55253288	     10.47366348	     46.74406442	    -57.76665332	      0.09718645	    -14.24486920	     12.98730026	     13.24360289	      1.33211255	    -17.19225407	      4.10740266	     -4.81225984
      1.77000000	     84.14020843	      3.25884515	     -4.00560765	     -0.18594907	     -0.72988232	      0.72079421	     -6.15312233	      9.87384193	     46.78422978	    -55.04023216	      0.69849723	    -12.15380420	     13.09251122	     13.44850546	      0.55001667	    -17.69323980	      4.49521104	     -4.54220884
      1.78000000	     84.22741615	      2.84943855	     -3.77660745	     -0.17592013	     -0.72859799	      0.71934545	     -5.62997267	      9.12113484	     46.47682762	    -52.35168181	      0.20007881	    -11.54791866	     13.19694418	     13.58582400	     -0.36186261	    -18.29441317	      4.73476151	     -4.65035643
      1.79000000	     84.34116091	      2.46404997	     -3.59454591	     -0.16550283	     -0.72727398	      0.71778723	     -5.03418767	      8.23304940	     46.04681744	    -49.79454551	     -0.35339437	    -10.66531602	     13.28255634	     13.75951906	     -1.21649607	    -19.00342885	      5.06301939	     -4.75536666
      1.80000000	     84.52018689	      2.12015385	     -3.26286534	     -0.15465506	     -0.72590540	      0.71605450	     -4.40657568	      7.23985496	     45.31829411	    -47.46272258	     -0.60726403	    -10.17441827	     13.32356448	     13.69373074	     -2.16556989	    -19.89105416	      5.22943486	     -4.81219378
      1.81000000	     84.72995424	      1.82921102	     -3.01343299	     -0.14345127	     -0.72451490	      0.71423922	     -3.72864061	      6.03113462	     44.54182967	    -45.39421327	     -0.80536605	     -9.80433822	     13.32239175	     13.56741269	     -2.97444010	    -20.93150944	      5.35337049	     -4.86825795
      1.82000000	     85.05188005	      1.54633107	     -2.64468946	     -0.13185059	     -0.72307165	      0.71232639	     -3.19178077	      4.87658413	     43.57130371	    -43.66104568	     -1.26414053	     -9.17049416	     13.21289394	     13.25107792	     -3.82447399	    -22.17957239	      5.67505042	     -4.91290499
      1.83000000	     85.46168925	      1.31888894	     -2.38132970	     -0.11998498	     -0.72155595	      0.71036114	     -2.73489752	      3.53128078	     42.62725377	    -42.27623704	     -1.26688862	     -9.01899577	     12.92997820	     12.65813373	     -4.40945459	    -23.67822499	      5.67830386	     -4.95435012
      1.84000000	     85.98141000	      1.12500140	     -2.09636619	     -0.10785861	     -0.71997508	      0.70836024	     -2.46586164	      2.18624244	     41.62822292	    -41.27732651	     -1.23795755	     -8.96166977	     12.47754444	     11.80249752	     -4.87178353	    -25.40938752	      5.63565207	     -4.99169278
      1.85000000	     86.60726841	      0.97654795	     -1.78964039	     -0.09553207	     -0.71833181	      0.70635715	     -2.39887168	      0.82829049	     40.58262435	    -40.65883519	     -1.03592255	     -9.28564653	     11.84919820	     10.67331332	     -5.20002694	    -27.36132768	      5.40623034	     -4.89002488
      1.86000000	     87.36174087	      0.85693354	     -1.64201804	     -0.08311432	     -0.71655900	      0.70443162	     -2.56696085	     -0.56521335	     39.66273408	    -40.35536296	     -0.72085048	     -9.81617226	     10.95703472	      9.28554818	     -5.16249053	    -29.56514429	      4.98929166	     -4.80531539
      1.87000000	     88.21444558	      0.75732980	     -1.51981457	     -0.07064120	     -0.71468299	      0.70253571	     -3.02792861	     -1.76279279	     38.81409183	    -40.43577683	     -0.28575701	    -10.54783004	      9.85627408	      7.60884499	     -4.90050515	    -32.00027831	      4.31012777	     -4.75460702
      1.88000000	     89.18714083	      0.68885901	     -1.46057679	     -0.05817449	     -0.71268977	      0.70078627	     -3.74708402	     -2.89333259	     37.99390129	    -40.73227196	      0.18693986	    -11.35502068	      8.55377285	      5.75103183	     -4.40454977	    -34.60775731	      3.40137513	     -4.82710172
      1.89000000	     90.23305748	      0.65416322	     -1.50081933	     -0.04579304	     -0.71061776	      0.69920855	     -4.68290827	     -3.89504434	     37.26735522	    -41.21804214	      0.56367310	    -12.39647982	      7.11735277	      3.74335945	     -3.63850169	    -37.35268012	      2.08647853	     -5.36662604
      1.90000000	     91.34702830	      0.65150391	     -1.41026534	     -0.03349672	     -0.70847013	      0.69778031	     -5.87662680	     -4.61708446	     36.40899416	    -41.85917525	      1.25919873	    -13.00507859	      5.58023152	      1.57040854	     -2.86569318	    -40.19640439	      0.82116084	     -5.47368268
      1.91000000	     92.50117779	      0.66605903	     -1.44423817	     -0.02140823	     -0.70626240	      0.69663720	     -7.21441847	     -5.16684335	     35.64250003	    -42.51587160	      2.00916889	    -13.62900897	      3.99720428	     -0.62137357	     -1.81600425	    -43.10129936	     -0.74922322	     -5.82213464
      1.92000000	     93.66736929	      0.70323309	     -1.49360295	     -0.00954733	     -0.70403309	      0.69580267	     -8.65786336	     -5.50086586	     34.85033912	    -43.12283109	      2.72452490	    -14.17098254	      2.43692825	     -2.79362528	     -0.62601445	    -46.00614057	     -2.53371650	     -6.48577969
      1.93000000	     94.81835326	      0.76461882	     -1.60517925	      0.00202570	     -0.70181560	      0.69534177	    -10.13266261	     -5.66993827	     34.06381430	    -43.60020680	      3.39345773	    -14.56665796	      0.96356387	     -4.89267858	      0.75161963	    -48.86766733	     -4.41046288	     -7.40900465
      1.94000000	     95.92554876	      0.84619367	     -1.80153126	      0.01328016	     -0.69965406	      0.69530480	    -11.57452763	     -5.69946809	     33.29612875	    -43.88794228	      3.86032443	    -14.62018102	     -0.35254178	     -6.84896073	      2.33223964	    -51.63294391	     -6.29409033	     -9.18766010
      1.95000000	     96.98043343	      0.93327459	     -1.90971664	      0.02423989	     -0.69754669	      0.69565561	    -12.97828597	     -5.53189981	     32.37415156	    -43.97128305	      4.37763573	    -14.79636998	     -1.53271261	     -8.70445398	      3.94039479	    -54.29787551	     -7.40735755	     -9.27109874
      1.96000000	     97.93498878	      1.01873234	     -2.14271739	      0.03484844	     -0.69554728	      0.69648647	    -14.23320714	     -5.29602988	     31.50537128	    -43.80365227	      4.87631276	    -14.78918398	     -2.45307590	    -10.33167231	      5.79346678	    -56.78616256	     -8.58327225	     -9.72616549
      1.97000000	     98.78371782	      1.11002613	     -2.38028609	      0.04514547	     -0.69368670	      0.69775025	    -15.33425398	     -4.99616104	     30.56680322	    -43.38996485	      5.23216744	    -14.56327821	     -3.12792576	    -11.73259449	      7.74763061	    -59.06598274	     -9.46527902	    -10.24673768
      1.98000000	     99.52462373	      1.21435771	     -2.54423381	      0.05517326	     -0.69196090	      0.69939946	    -16.26769693	     -4.69975653	     29.46422302	    -42.72555819	      5.33505547	    -14.48532124	     -3.59286988	    -12.92226638	      9.70185337	    -61.11419774	     -9.63678116	    -10.35062235
      1.99000000	    100.11568400	      1.28475758	     -2.74326851	      0.06493509	     -0.69039564	      0.70144393	    -16.99396345	     -4.35208074	     28.35083940	    -41.85951684	      5.66931881	    -13.94707910	     -3.77739712	    -13.79879277	     11.76530328	    -62.89166665	    -10.12083510	    -10.35511817
      2.00000000	    100.57396036	      1.35813764	     -2.90414077	      0.07447989	     -0.68899279	      0.70381371	    -17.50660145	     -4.14119189	     27.10816656	    -40.77137412	      5.72102632	    -13.82868683	     -3.74796748	    -14.40771227	     13.82340827	    -64.38488840	    -10.08354714	    -10.36263202
      2.01000000	    100.89407015	      1.44496070	     -3.03568088	      0.08384302	     -0.68776934	      0.70640773	    -17.82483400	     -4.01867711	     25.79852119	    -39.56568774	      5.73103702	    -13.64570098	     -3.53025446	    -14.79240246	     15.86444986	    -65.59577319	     -9.98656908	    -10.28233928
      2.02000000	    101.06698956	      1.49910462	     -3.09870705	      0.09306725	     -0.68670957	      0.70920609	    -17.95386951	     -3.92737297	     24.38775492	    -38.24542784	      5.64787701	    -12.71236261	     -3.14330704	    -14.87152497	     17.82234583	    -66.51996891	     -8.96887675	     -9.17529781
      2.03000000	    101.10529241	      1.58792125	     -3.13121992	      0.10216977	     -0.68582961	      0.71212604	    -17.88300750	     -4.12159557	     22.88850558	    -36.83650434	      5.71317551	    -12.59080068	     -2.62950939	    -14.73332514	     19.69202114	    -67.13570397	     -8.74955614	     -9.07016057
      2.04000000	    101.05203249	      1.66781146	     -3.13352018	      0.11116642	     -0.68509044	      0.71505889	    -17.70320685	     -4.38334204	     21.36990546	    -35.42132471	      5.50182153	    -12.26473204	     -2.06578669	    -14.38968638	     21.48556606	    -67.50995344	     -7.89555737	     -8.69930526
      2.05000000	    100.91264785	      1.79611277	     -2.96211648	      0.12011990	     -0.68447823	      0.71793841	    -17.42421012	     -4.86017676	     19.64163872	    -33.98837668	      5.48490827	    -12.12004271	     -1.52401245	    -13.92172714	     22.99923242	    -67.62321511	     -7.67911959	     -8.64335045
      2.06000000	    100.64213985	      1.97558795	     -2.84935555	      0.12896512	     -0.68407307	      0.72073518	    -17.00368791	     -5.46406797	     18.03327245	    -32.66370637	      5.16782813	    -11.88460175	     -0.88654645	    -13.33016848	     24.49365033	    -67.49517279	     -6.77321358	     -8.56641840
      2.07000000	    100.38918518	      2.17071047	     -2.62556977	      0.13775391	     -0.68371092	      0.72332730	    -16.62931235	     -6.15063171	     16.32580595	    -31.37826653	      5.10591975	    -11.74433432	     -0.39996431	    -12.67557885	     25.80263935	    -67.19584141	     -6.49285829	     -8.57129413
      2.08000000	    100.06902421	      2.44338050	     -2.41748641	      0.14645104	     -0.68350569	      0.72570797	    -16.20279713	     -6.90057681	     14.71525238	    -30.24535051	      4.98410196	    -11.58900345	      0.07432861	    -12.00559768	     27.04401836	    -66.69492016	     -6.10967287	     -8.68462840
      2.09000000	     99.74959384	      2.77820071	     -2.20876196	      0.15505615	     -0.68339407	      0.72781157	    -15.80312872	     -7.65715870	     13.18402540	    -29.25411616	      4.80624816	    -11.43268502	      0.44695980	    -11.35255019	     28.21646081	    -66.03038398	     -5.64413727	     -8.89307405
      2.10000000	     99.43542798	      3.18175158	     -2.00123070	      0.16356597	     -0.68337698	      0.72960298	    -15.43272610	     -8.32854786	     11.76341286	    -28.44071094	      4.63407294	    -11.28804796	      0.71412310	    -10.73987422	     29.32086288	    -65.19954641	     -5.23294241	     -9.13299279
      2.11000000	     99.15811269	      3.64326480	     -1.81587839	      0.17197739	     -0.68342713	      0.73104735	    -15.11578743	     -8.86025153	     10.47951056	    -27.79913132	      4.26030585	    -11.16388489	      0.84431452	    -10.18084039	     30.38697707	    -64.21557705	     -4.58866692	     -9.65166222
      2.12000000	     98.91981389	      4.19446780	     -1.65309198	      0.18029785	     -0.68354006	      0.73215481	    -14.84983571	     -9.37109456	      9.30059690	    -27.30487133	      4.20288928	    -11.04371114	      0.84342523	     -9.74555304	     31.40637844	    -63.05883298	     -4.47674729	     -9.78063233
      2.13000000	     98.73852297	      4.81307046	     -1.52986889	      0.18854179	     -0.68370833	      0.73290508	    -14.64252664	     -9.76514701	      8.25725180	    -26.95986313	      4.13913661	    -10.89312302	      0.69957251	     -9.41140204	     32.38970610	    -61.72567088	     -4.35629169	     -9.93423170
      2.14000000	     98.61528356	      5.48701906	     -1.44479543	      0.19672916	     -0.68392568	      0.73329777	    -14.48847686	    -10.03661713	      7.33916329	    -26.75137853	      4.09522396	    -10.71331381	      0.41989737	     -9.17162748	     33.32207909	    -60.20376597	     -4.27870508	    -10.06666968
      2.15000000	     98.54955184	      6.21013910	     -1.39864454	      0.20489357	     -0.68418991	      0.73334486	    -14.38263139	    -10.21747695	      6.52688128	    -26.65735582	      4.10222205	    -10.49325851	      0.01509966	     -9.02525435	     34.18541363	    -58.48030785	     -4.28279532	    -10.13535196
      2.16000000	     98.53539290	      6.97534961	     -1.38585060	      0.21306205	     -0.68449247	      0.73306092	    -14.31783427	    -10.34128161	      5.79756548	    -26.66093218	      4.18551290	    -10.25274999	     -0.49609940	     -8.97997388	     34.95656579	    -56.54629209	     -4.38719812	    -10.09323202
      2.17000000	     98.55465311	      7.72651893	     -1.39763782	      0.22128963	     -0.68483044	      0.73246975	    -14.26813619	    -10.30170284	      5.15581867	    -26.77157747	      4.65716389	     -9.54345594	     -1.08954384	     -8.93449870	     35.60142065	    -54.39192859	     -4.86674659	     -9.75671697
      2.18000000	     98.60345747	      8.52470784	     -1.41151162	      0.22962268	     -0.68522810	      0.73157836	    -14.24348192	    -10.32878963	      4.52595728	    -26.96196578	      5.17033755	     -8.99790271	     -1.73747978	     -9.00432809	     36.08187809	    -52.04079898	     -5.11611732	     -9.36851622
      2.19000000	     98.68411741	      9.30751997	     -1.44256804	      0.23813193	     -0.68566113	      0.73045164	    -14.24900433	    -10.46487316	      3.85817556	    -27.11627798	      5.30887076	     -8.89644899	     -2.44046369	     -9.07761464	     36.39016472	    -49.50139302	     -5.25959576	     -9.16074101
      2.20000000	     98.78648679	     10.02265584	     -1.46729320	      0.24680836	     -0.68611543	      0.72907396	    -14.27681687	    -10.56496961	      3.21231430	    -27.37636928	      5.87135940	     -8.67010765	     -3.19487279	     -9.02810358	     36.50060575	    -46.81796672	     -5.91314718	     -8.38701856
      2.21000000	     98.88694711	     10.74356543	     -1.42304938	      0.25577069	     -0.68661130	      0.72749296	    -14.33208854	    -10.85363563	      2.43409794	    -27.64166861	      6.19111103	     -8.54024586	     -3.95320046	     -9.00010749	     36.34109560	    -44.04892826	     -6.22765891	     -7.95489557
      2.22000000	     98.97212590	     11.37859955	     -1.34917213	      0.26501902	     -0.68714774	      0.72574559	    -14.37096324	    -11.09723917	      1.63904578	    -27.97606370	      6.66808658	     -8.45861182	     -4.70565925	     -8.80883822	     35.96386986	    -41.24418614	     -6.75192217	     -7.33352824
      2.23000000	     99.00281223	     11.96238301	     -1.34424074	      0.27456073	     -0.68777219	      0.72388846	    -14.32354719	    -11.31742248	      0.99000063	    -28.47915096	      7.41043546	     -8.27918678	     -5.37701767	     -8.49417967	     35.48795104	    -38.46677586	     -7.35322844	     -6.46991495
      2.24000000	     99.03618941	     12.46785732	     -1.17211594	      0.28445936	     -0.68838336	      0.72190866	    -14.34899136	    -11.64839626	      0.11351085	    -28.99518119	      7.68898676	     -8.21452121	     -6.06813070	     -8.00634440	     34.69769663	    -35.85622485	     -7.56215956	     -6.12874660
      2.25000000	     99.01272903	     12.88940135	     -1.00551697	      0.29466580	     -0.68905070	      0.71989137	    -14.31455012	    -11.93436688	     -0.67416920	    -29.69095818	      8.05007844	     -8.21148805	     -6.66935080	     -7.33346748	     33.80557660	    -33.45277581	     -7.83769959	     -5.75536021
      2.26000000	     98.90380667	     13.26753393	     -0.85988558	      0.30516139	     -0.68979015	      0.71789249	    -14.18943102	    -12.21385820	     -1.32552946	    -30.61919691	      8.76077843	     -8.12862040	     -7.10948111	     -6.59203417	     32.86976755	    -31.33371078	     -8.17356316	     -5.27498413
      2.27000000	     98.73615267	     13.52738139	     -0.68389828	      0.31592861	     -0.69054269	      0.71595058	    -13.99627494	    -12.32453848	     -1.89051396	    -31.72860324	      8.87222666	     -8.09958067	     -7.45158219	     -5.61091235	     31.86081217	    -29.55639887	     -8.12252745	     -5.18199650
      2.28000000	     98.47429387	     13.72069671	     -0.49753628	      0.32692039	     -0.69135570	      0.71410749	    -13.68311516	    -12.27910925	     -2.28783036	    -33.11055462	      8.99317206	     -8.08609460	     -7.59999010	     -4.56045107	     30.84361538	    -28.16337108	     -7.96981113	     -5.19463476
      2.29000000	     98.11324007	     13.84860881	     -0.33066589	      0.33809419	     -0.69224007	      0.71241527	    -13.22375232	    -12.03671308	     -2.46021458	    -34.77521965	      9.16224704	     -7.82188175	     -7.54617998	     -3.43608043	     29.86175496	    -27.15385340	     -7.40455795	     -5.64196034
      2.30000000	     97.65082652	     13.88559729	     -0.20607278	      0.34938836	     -0.69318815	      0.71089783	    -12.57329792	    -11.46034884	     -2.32738139	    -36.75222615	      9.03469711	     -7.79024102	     -7.27126257	     -2.26311011	     28.96613976	    -26.51597425	     -7.11058225	     -5.79695323
      2.31000000	     97.07660811	     13.89343215	     -0.10430703	      0.36078785	     -0.69425645	      0.70960561	    -11.73480528	    -10.64419067	     -1.93463600	    -39.00270630	      8.56739224	     -7.37540929	     -6.76716210	     -1.11215980	     28.11355796	    -26.18555655	     -6.08204506	     -6.58736261
      2.32000000	     96.39944126	     13.83544292	     -0.04057035	      0.37221685	     -0.69542647	      0.70854286	    -10.70540076	     -9.50791810	     -1.24229253	    -41.52917620	      8.01914912	     -7.01368896	     -6.05067628	      0.04243243	     27.33111265	    -26.10969848	     -5.29041993	     -7.19624766
      2.33000000	     95.61333221	     13.76854271	      0.01748827	      0.38365080	     -0.69673204	      0.70771451	     -9.48518647	     -8.08434486	     -0.28514545	    -44.32001871	      7.23605166	     -6.58634551	     -5.09599876	      1.01984409	     26.57787473	    -26.21774290	     -4.39115847	     -7.85420935
      2.34000000	     94.75925833	     13.65951047	      0.06095748	      0.39502866	     -0.69815023	      0.70709840	     -8.14783326	     -6.40217113	      0.90234034	    -47.31202545	      6.21217396	     -6.11022738	     -3.96845524	      1.85617007	     25.87848119	    -26.48885325	     -3.43921236	     -8.50566900
      2.35000000	     93.82012079	     13.54872378	      0.06948815	      0.40631227	     -0.69971434	      0.70679450	     -6.70433516	     -4.56628419	      2.31613344	    -50.45215152	      5.04826186	     -5.69191546	     -2.68418488	      2.55867641	     25.17761594	    -26.72483543	     -2.55674879	     -9.04250259
      2.36000000	     92.83439625	     13.42989764	      0.04704233	      0.41745346	     -0.70139712	      0.70676582	     -5.23063086	     -2.62264933	      3.91743315	    -53.68933969	      3.73046574	     -5.35770342	     -1.29385351	      3.08114508	     24.48902247	    -26.91665580	     -1.72288086	     -9.47825950
      2.37000000	     91.82430274	     13.31388890	     -0.01532010	      0.42841536	     -0.70318965	      0.70703113	     -3.78410959	     -0.64055467	      5.68498100	    -56.96575754	      2.31206043	     -5.15704759	      0.15852123	      3.41221331	     23.80223122	    -26.99278515	     -0.97053334	     -9.79172955
      2.38000000	     90.81565055	     13.20600627	     -0.11734942	      0.43917012	     -0.70507262	      0.70759021	     -2.42302056	      1.32133080	      7.59007237	    -60.22215120	      0.84343236	     -5.16014118	      1.62764382	      3.55354008	     23.10592395	    -26.91048312	     -0.31346255	     -9.95931490
      2.39000000	     89.83488359	     13.10649591	     -0.25320701	      0.44970361	     -0.70702170	      0.70843333	     -1.20593019	      3.18778699	      9.59028402	    -63.38774633	     -0.80121356	     -6.06991571	      3.07271782	      3.51864404	     22.38555638	    -26.64549363	      0.34331723	     -9.70523937
      2.40000000	     88.91035646	     13.03316839	     -0.45842969	      0.45999652	     -0.70902440	      0.70954468	     -0.16972005	      4.97804317	     11.73686610	    -66.44977410	     -1.89077019	     -6.11501234	      4.44499442	      3.33910111	     21.67053671	    -26.18225401	      0.71078359	     -9.75326660
      2.41000000	     88.06276132	     12.97726160	     -0.68655840	      0.47006500	     -0.71105724	      0.71088683	      0.64719348	      6.61998175	     13.93781427	    -69.32556527	     -3.01064400	     -6.53356441	      5.72212454	      3.04924080	     20.91169863	    -25.53309479	      1.02916509	     -9.60154228
      2.42000000	     87.28928062	     12.91451477	     -0.87704873	      0.47992930	     -0.71308945	      0.71239345	      1.25985489	      8.14926241	     16.12315329	    -71.98640397	     -3.35659670	     -6.85422273	      6.89363223	      2.77473962	     20.04250829	    -24.71207514	      1.14098524	     -9.49062578
      2.43000000	     86.65184396	     12.91759229	     -1.11523640	      0.48960097	     -0.71508928	      0.71407027	      1.57727896	      9.38760575	     18.34306905	    -74.35304786	     -4.51231158	     -8.36888652	      7.92063879	      2.29780749	     19.18002405	    -23.78135605	      1.57493387	     -8.78976718
      2.44000000	     86.10260963	     12.93114349	     -1.30271281	      0.49911302	     -0.71706750	      0.71583096	      1.69477492	     10.49117936	     20.52063592	    -76.44809151	     -4.56779907	     -8.51099304	      8.81669609	      1.94885797	     18.19316409	    -22.71284053	      1.61106272	     -8.72644858
      2.45000000	     85.70906145	     12.90249016	     -1.54744314	      0.50844642	     -0.71893520	      0.71761966	      1.52450537	     11.48014047	     22.72467153	    -78.21615752	     -4.55016176	     -8.76295426	      9.51875624	      1.73986079	     17.24376335	    -21.64453421	      1.62220745	     -8.55931930
      2.46000000	     85.41219975	     12.91777522	     -1.71597772	      0.51766548	     -0.72072661	      0.71942803	      1.16530271	     12.20375477	     24.80253969	    -79.62901667	     -4.42758626	     -9.00748909	     10.09564708	      1.62257907	     16.16761066	    -20.51023522	      1.64210013	     -8.40580740
      2.47000000	     85.24038487	     12.88588224	     -1.87657775	      0.52675655	     -0.72235596	      0.72116523	      0.59427304	     12.81410913	     26.80998958	    -80.68683232	     -4.16681337	     -9.29072845	     10.51493831	      1.67760381	     15.08762025	    -19.44412594	      1.66062403	     -8.23381584
      2.48000000	     85.18171477	     12.83123369	     -2.03608108	      0.53571903	     -0.72381310	      0.72278330	     -0.16533524	     13.26481013	     28.74663633	    -81.39326643	     -3.53874384	     -9.76569922	     10.80276923	      1.78079558	     14.05148524	    -18.50575513	      1.69752252	     -7.97086817
      2.49000000	     85.15981600	     12.71957065	     -2.06428426	      0.54461963	     -0.72513085	      0.72427471	     -0.97216988	     13.63224421	     30.46590988	    -81.74242756	     -3.24393569	     -9.95516530	     11.02265559	      2.19940306	     12.85661175	    -17.58559213	      1.75495336	     -7.85548672
      2.50000000	     85.23768463	     12.58012843	     -2.13827479	      0.55339482	     -0.72623550	      0.72561444	     -1.93492975	     13.82558208	     32.13406602	    -81.74510887	     -2.35570704	    -10.35897826	     11.12668154	      2.64829281	     11.77327051	    -16.82634606	      1.86650775	     -7.70962623
      2.51000000	     85.35251236	     12.36614819	     -2.20882814	      0.56206138	     -0.72715072	      0.72677155	     -2.95249606	     13.96033632	     33.71520794	    -81.42409852	     -1.82929563	    -10.59344992	     11.17554259	      3.24521718	     10.73421330	    -16.19187202	      1.95236533	     -7.64258411
      2.52000000	     85.48165055	     12.07828449	     -2.22449489	      0.57063283	     -0.72787026	      0.72770908	     -3.97366802	     14.04305642	     35.15187832	    -80.80362867	     -1.20317507	    -10.90142103	     11.19982736	      3.91138887	      9.69776371	    -15.68963068	      2.05008914	     -7.60024512
      2.53000000	     85.59346073	     11.70282235	     -2.19115172	      0.57910676	     -0.72842275	      0.72842012	     -4.95327807	     14.12182932	     36.46571121	    -79.90983378	     -0.88487565	    -11.09364806	     11.23601786	      4.64681694	      8.66536026	    -15.29482210	      2.11242810	     -7.53547638
      2.54000000	     85.71339925	     11.26222957	     -2.21720802	      0.58745561	     -0.72878921	      0.72891682	     -5.93608481	     14.12855353	     37.76118753	    -78.75589457	     -0.44445313	    -11.39380472	     11.24958899	      5.33639328	      7.77140803	    -15.03537065	      2.20167373	     -7.48158552
      2.55000000	     85.82797132	     10.77049622	     -2.24603063	      0.59569975	     -0.72898306	      0.72917212	     -6.87435487	     14.05303714	     38.97060109	    -77.35907714	      0.29973117	    -12.04767479	     11.25671407	      5.85070301	      6.97525168	    -14.92713614	      2.39385066	     -7.41478716
      2.56000000	     85.87052108	     10.19376776	     -2.24604435	      0.60385850	     -0.72908068	      0.72920342	     -7.68403799	     14.01942754	     40.10551736	    -75.76258711	      0.52039355	    -12.29209484	     11.33340886	      6.44938717	      6.17028131	    -14.83847518	      2.48149980	     -7.31551299
      2.57000000	     85.91683871	      9.56672697	     -2.29621683	      0.61191865	     -0.72902235	      0.72900224	     -8.44714032	     13.91275670	     41.20104943	    -73.95429839	      0.95910692	    -12.95211198	     11.38437407	      6.82271221	      5.51581582	    -14.90429566	      2.74555444	     -7.11120829
      2.58000000	     85.88460023	      8.87822928	     -2.31237763	      0.61993616	     -0.72890993	      0.72859023	     -9.05084599	     13.83618927	     42.20671093	    -71.98143436	      1.06287570	    -13.11490591	     11.51808076	      7.27330483	      4.82649271	    -14.95575749	      2.84597868	     -6.99664293
      2.59000000	     85.83814372	      8.15860038	     -2.39109802	      0.62790545	     -0.72871103	      0.72797987	     -9.56510032	     13.68231847	     43.17799605	    -69.83114684	      1.21980875	    -13.32782477	     11.64926521	      7.61115145	      4.25648845	    -15.09301225	      3.02133860	     -6.86633626
      2.60000000	     85.76056058	      7.41118689	     -2.44106915	      0.63588984	     -0.72845829	      0.72716776	     -9.93985427	     13.49759500	     44.01636830	    -67.53314086	      1.32883100	    -13.46518895	     11.81200857	      7.88726604	      3.68207705	    -15.27896766	      3.22503526	     -6.73994330
      2.61000000	     85.65365531	      6.65260288	     -2.49959273	      0.64391880	     -0.72817324	      0.72617963	    -10.17025837	     13.24611246	     44.74472440	    -65.10556884	      1.37592674	    -13.51128071	     12.00384577	      8.15034827	      3.12913615	    -15.50183080	      3.49093797	     -6.60355655
      2.62000000	     85.54991444	      5.90211491	     -2.53886010	      0.65204242	     -0.72785799	      0.72501004	    -10.27002347	     12.90418003	     45.30647136	    -62.56705001	      1.23162649	    -13.32608848	     12.18989248	      8.29455933	      2.59635084	    -15.82522315	      4.30696980	     -6.17923387
      2.63000000	     85.42658477	      5.15548369	     -2.46500825	      0.66033383	     -0.72754941	      0.72367306	    -10.18770394	     12.51648914	     45.60556576	    -59.96985322	      1.24178684	    -13.24618047	     12.41834065	      8.46294306	      1.92999407	    -16.16388881	      4.34664616	     -6.14022440
      2.64000000	     85.26138560	      4.40640408	     -2.44655572	      0.66883044	     -0.72727667	      0.72225264	     -9.95358889	     12.09368926	     45.83374349	    -57.36108173	      1.11538294	    -12.13672785	     12.71095813	      8.86722907	      1.26580165	    -16.48339349	      5.16188840	     -5.52703635
      2.65000000	     85.14114690	      3.67951963	     -2.41168955	      0.67756203	     -0.72699026	      0.72072483	     -9.60053600	     11.52980402	     45.85152537	    -54.74075602	      0.81151436	    -11.64945238	     12.96076462	      9.26315921	      0.60036985	    -16.89883385	      5.45931066	     -5.57795285
      2.66000000	     85.03506158	      3.01666166	     -2.25960271	      0.68659876	     -0.72674701	      0.71908472	     -9.08613113	     10.82400972	     45.57773228	    -52.19964009	      0.45243313	    -11.02510191	     13.22733383	      9.60384320	     -0.17974667	    -17.39863377	      5.78767407	     -5.62660740
      2.67000000	     84.95067112	      2.41632365	     -2.15313684	      0.69593190	     -0.72653274	      0.71739592	     -8.43546578	      9.88828463	     45.17490217	    -49.77272891	      0.24508695	    -10.59734508	     13.47680259	      9.95423675	     -0.89417641	    -18.00060355	      5.97563226	     -5.64410497
      2.68000000	     84.96277653	      1.82387288	     -1.97868266	      0.70564184	     -0.72632806	      0.71568728	     -7.80090057	      8.96683704	     44.57144470	    -47.51490966	     -0.31930460	     -9.58855773	     13.65009051	     10.32641935	     -1.65822591	    -18.74835075	      6.46932054	     -5.68053061
      2.69000000	     85.01961740	      1.32243941	     -1.71223187	      0.71570980	     -0.72617340	      0.71394711	     -7.07627536	      7.83276781	     43.73597367	    -45.49391734	     -0.48937988	     -9.17078144	     13.80138742	     10.56793243	     -2.47782802	    -19.62208804	      6.61827812	     -5.66073947
      2.70000000	     85.15237749	      0.89667033	     -1.48451046	      0.72611934	     -0.72604999	      0.71223792	     -6.36469239	      6.52646957	     42.83107149	    -43.73320323	     -0.73924396	     -8.75961073	     13.87337310	     10.72456536	     -3.18634240	    -20.67928019	      6.78342605	     -5.64149138
      2.71000000	     85.36194369	      0.54988452	     -1.31758829	      0.73684658	     -0.72594693	      0.71059723	     -5.68949366	      5.03471308	     41.89820492	    -42.25963494	     -0.83748971	     -8.53525468	     13.85222800	     10.76306770	     -3.75124446	    -21.90956175	      6.82445501	     -5.62148997
      2.72000000	     85.69509528	      0.28473068	     -1.10319980	      0.74789696	     -0.72584436	      0.70900860	     -5.16219526	      3.46842007	     40.86350976	    -41.10239795	     -0.90668284	     -8.39603952	     13.67467915	     10.51730509	     -4.23874366	    -23.36679974	      6.80751535	     -5.58616077
      2.73000000	     86.14224224	      0.10490615	     -0.89889139	      0.75922227	     -0.72572700	      0.70750388	     -4.80762941	      1.82788257	     39.80502458	    -40.26527922	     -0.89748395	     -8.38626169	     13.32215033	      9.95990595	     -4.57053665	    -25.04728711	      6.69604120	     -5.51266724
      2.74000000	     86.70143138	      0.01507053	     -0.71620456	      0.77077733	     -0.72557993	      0.70609124	     -4.66202093	      0.15289807	     38.75905562	    -39.75195834	     -0.77600448	     -8.55032316	     12.77468013	      9.04520803	     -4.71764694	    -26.94946842	      6.44861579	     -5.37685743
      2.75000000	     87.38778277	     -0.03441696	     -0.56514065	      0.78252439	     -0.72534354	      0.70482455	     -4.76086236	     -1.47684866	     37.71468309	    -39.48194193	     -0.40524709	     -9.74731097	     11.99659841	      7.79610332	     -4.66451887	    -29.06757054	      5.66711906	     -4.69903323
      2.76000000	     88.15961735	      0.02725118	     -0.43356618	      0.79439495	     -0.72506582	      0.70369078	     -5.07949652	     -3.09447346	     36.68863987	    -39.46727807	     -0.15716256	    -10.63021743	     11.04481692	      6.17670544	     -4.43569701	    -31.35065328	      5.02446089	     -4.36948405
      2.77000000	     89.04450084	      0.12220015	     -0.35669969	      0.80632697	     -0.72467801	      0.70271259	     -5.67603341	     -4.53149213	     35.71957059	    -39.65195436	      0.23852838	    -11.42867407	      9.87555437	      4.25829668	     -3.98472795	    -33.81898387	      4.16944241	     -4.10514006
      2.78000000	     89.99508057	      0.28618121	     -0.29776373	      0.81826998	     -0.72421262	      0.70188911	     -6.50078671	     -5.76546479	     34.77401039	    -39.99569702	      0.73826339	    -12.18110504	      8.55044815	      2.00390376	     -3.36859668	    -36.41907373	      3.12535780	     -3.89809264
      2.79000000	     91.01136120	      0.47748347	     -0.29223608	      0.83015162	     -0.72363793	      0.70126958	     -7.52868665	     -6.75646628	     33.86413211	    -40.40452246	      1.28203059	    -12.92399701	      7.09107704	     -0.46961017	     -2.56640501	    -39.12425041	      1.89976496	     -3.80132302
      2.80000000	     92.06775777	      0.69479672	     -0.31209105	      0.84191811	     -0.72297932	      0.70086552	     -8.71308237	     -7.48056659	     32.95578475	    -40.82109279	      1.84387517	    -13.56592309	      5.55676640	     -3.10151131	     -1.62781833	    -41.88873814	      0.56875166	     -3.85988674
      2.81000000	     93.13996859	      0.92242252	     -0.36984032	      0.85351223	     -0.72224095	      0.70070334	     -9.99679079	     -7.93274210	     32.05386532	    -41.18221741	      2.40443652	    -14.07574545	      4.00063435	     -5.81407760	     -0.55044545	    -44.67377335	     -0.80733003	     -4.11551640
      2.82000000	     94.20464398	      1.14456593	     -0.48023549	      0.86488039	     -0.72143905	      0.70081055	    -11.31851238	     -8.12978196	     31.16655711	    -41.43153592	      2.96443555	    -14.43924786	      2.48544376	     -8.51838468	      0.67562108	    -47.43736330	     -2.21116086	     -4.62211692
      2.83000000	     95.22437530	      1.34935223	     -0.75434832	      0.87595649	     -0.72060740	      0.70124226	    -12.58249551	     -8.15993738	     30.40092418	    -41.51847738	      3.55254156	    -14.56719524	      1.12198450	    -11.10901559	      2.17302540	    -50.12979636	     -3.81271314	     -5.81748547
      2.84000000	     96.20629340	      1.51829678	     -0.92497505	      0.88678740	     -0.71973758	      0.70191157	    -13.83711232	     -7.90010606	     29.49551974	    -41.44856235	      4.06512412	    -14.45099677	     -0.14358003	    -13.57912832	      3.65329530	    -52.72888536	     -4.95597240	     -6.83185814
      2.85000000	     97.12233507	      1.63590072	     -1.06763486	      0.89733779	     -0.71885013	      0.70284178	    -15.01079834	     -7.43350320	     28.52729809	    -41.19832530	      4.46068109	    -14.25965241	     -1.24613451	    -15.84235495	      5.20874484	    -55.19950022	     -5.64087485	     -7.60237830
      2.86000000	     97.92065306	      1.69434555	     -1.41455574	      0.90753893	     -0.71799705	      0.70410676	    -15.98629077	     -6.95786215	     27.73133011	    -40.75569878	      4.95052096	    -13.81175942	     -2.01317097	    -17.79742892	      7.11341282	    -57.49014193	     -6.29023269	     -8.70927905
      2.87000000	     98.63404109	      1.70294585	     -1.62819810	      0.91749954	     -0.71714969	      0.70557254	    -16.84481281	     -6.42203674	     26.75147883	    -40.13050697	      5.02874509	    -13.73287729	     -2.61499760	    -19.49199052	      8.98012324	    -59.58920702	     -6.34893661	     -8.92714751
      2.88000000	     99.23106146	      1.61067369	     -1.82885529	      0.92719773	     -0.71632945	      0.70726528	    -17.54100979	     -5.82552927	     25.73887495	    -39.34841402	      5.11859091	    -13.65451317	     -2.96069010	    -20.77179166	     10.94790508	    -61.45420103	     -6.32948101	     -9.16108808
      2.89000000	     99.68291498	      1.50658753	     -2.01903602	      0.93664207	     -0.71562592	      0.70910237	    -18.04606527	     -5.30823266	     24.71856042	    -38.50902346	      5.48290630	    -12.96151993	     -3.03515916	    -21.72199483	     12.98534422	    -63.05312455	     -6.13670626	    -10.13671360
      2.90000000	    100.01502406	      1.33379722	     -2.18845437	      0.94587502	     -0.71498282	      0.71110677	    -18.37143244	     -4.96527664	     23.62821161	    -37.52862333	      5.55940795	    -12.85689201	     -2.89745422	    -22.27146547	     15.07359470	    -64.38237218	     -6.04392377	    -10.28721453
      2.91000000	    100.21269485	      1.12403161	     -2.30622785	      0.95491912	     -0.71445752	      0.71318022	    -18.53182060	     -4.71861170	     22.49468820	    -36.52410618	      5.61444990	    -12.70708588	     -2.57452861	    -22.43077816	     17.13651605	    -65.42930846	     -5.72116051	    -10.53367461
      2.92000000	    100.30622882	      0.91617642	     -2.35364175	      0.96381069	     -0.71404808	      0.71527737	    -18.56007417	     -4.66796703	     21.27659910	    -35.49892946	      5.65083537	    -12.58094686	     -2.15630988	    -22.27194661	     19.11258277	    -66.19706109	     -5.33151887	    -10.75490131
      2.93000000	    100.29280533	      0.70661714	     -2.34169704	      0.97256337	     -0.71377257	      0.71735881	    -18.46511522	     -4.77400226	     20.00613274	    -34.49183479	      5.66966872	    -12.49717061	     -1.66359662	    -21.78096523	     20.98435871	    -66.68745471	     -4.89704856	    -10.94952530
      2.94000000	    100.18463321	      0.52359963	     -2.28414945	      0.98119178	     -0.71365176	      0.71938156	    -18.26813373	     -5.02729957	     18.70930185	    -33.53643651	      5.66471927	    -12.47391038	     -1.13603410	    -21.01515261	     22.73732990	    -66.91073348	     -4.39901663	    -11.13418716
      2.95000000	    100.04104852	      0.37869320	     -2.17133946	      0.98971237	     -0.71364458	      0.72129066	    -18.04168373	     -5.42814268	     17.36592230	    -32.62364990	      5.65917429	    -12.47917459	     -0.67641595	    -20.04313572	     24.35127269	    -66.90170564	     -4.02530042	    -11.27085098
      2.96000000	     99.77958711	      0.32311979	     -2.05185152	      0.99812904	     -0.71385504	      0.72308306	    -17.69874377	     -5.89566447	     16.07807908	    -31.84372780	      5.57497776	    -12.65242247	     -0.18105849	    -18.90446618	     25.83864643	    -66.62731713	     -3.41361450	    -11.50325726
      2.97000000	     99.56266103	      0.32523653	     -1.86114533	      1.00646303	     -0.71413249	      0.72468241	    -17.42672259	     -6.40927170	     14.72957889	    -31.09821966	      5.55678610	    -12.67780697	      0.11829603	    -17.67607263	     27.16402209	    -66.17271491	     -3.20929666	    -11.58508045
      2.98000000	     99.28597398	      0.44971550	     -1.68947398	      1.01470236	     -0.71460285	      0.72611069	    -17.09846024	     -6.95613415	     13.46141648	    -30.48165663	      5.51955701	    -12.73362416	      0.37727895	    -16.41787288	     28.39327315	    -65.49141317	     -2.95794485	    -11.72860299
      2.99000000	     99.01657948	      0.66428733	     -1.51100249	      1.02284346	     -0.71519488	      0.72730552	    -16.78838796	     -7.43129618	     12.26006261	    -29.98669580	      5.29261085	    -13.10940275	      0.50382659	    -15.13406600	     29.51795421	    -64.62525026	     -2.52570453	    -12.12470804
      3.00000000	     98.76556259	      1.00929270	     -1.31147395	      1.03092710	     -0.71590645	      0.72828747	    -16.50382328	     -7.87488424	     11.07520221	    -29.56472923	      5.27045027	    -13.08051686	      0.48637786	    -13.95067588	     30.52010596	    -63.57105028	     -2.51931769	    -12.13861249
      3.01000000	     98.53951183	      1.44671121	     -1.13211201	      1.03893529	     -0.71670759	      0.72904566	    -16.24190762	     -8.23099370	      9.97811851	    -29.24530183	      5.23720198	    -13.03453340	      0.33000495	    -12.82540863	     31.44297538	    -62.32130364	     -2.51542890	    -12.18124481
      3.02000000	     98.35145047	      1.99172742	     -0.96865016	      1.04690913	     -0.71760658	      0.72956928	    -16.00602667	     -8.49898267	      8.94389275	    -28.99043865	      5.21907828	    -12.95188085	      0.03314347	    -11.82602430	     32.28315274	    -60.89061055	     -2.54864688	    -12.18384949
      3.03000000	     98.20272908	      2.62458416	     -0.81934713	      1.05485169	     -0.71857461	      0.72987190	    -15.79784748	     -8.71299736	      7.96387131	    -28.79541368	      5.20649230	    -12.81172455	     -0.39759636	    -10.95346362	     33.02876966	    -59.26346407	     -2.66540396	    -12.13310428
      3.04000000	     98.09105658	      3.32929069	     -0.68368754	      1.06278207	     -0.71960631	      0.72995226	    -15.61324121	     -8.87493314	      7.04208353	    -28.67301451	      5.21941857	    -12.62711491	     -0.94549620	    -10.19310210	     33.66880818	    -57.44035563	     -2.85749534	    -11.99884070
      3.05000000	     98.01864902	      4.05766730	     -0.58621689	      1.07074344	     -0.72066867	      0.72983494	    -15.44065726	     -8.88254179	      6.21054252	    -28.60690011	      5.37781149	    -12.04625831	     -1.58876025	     -9.55000957	     34.22633942	    -55.41825088	     -3.48942492	    -11.54414212
      3.06000000	     97.96139488	      4.84301431	     -0.48525700	      1.07875654	     -0.72178832	      0.72952331	    -15.27734990	     -8.95415162	      5.39205652	    -28.60608946	      5.73107232	    -11.40290787	     -2.28918420	     -9.03823614	     34.63185006	    -53.20124061	     -3.92572047	    -11.05960302
      3.07000000	     97.94456398	      5.62223411	     -0.41074473	      1.08687608	     -0.72292123	      0.72904718	    -15.14097034	     -9.03065269	      4.58904292	    -28.59284646	      6.03077927	    -10.89578426	     -3.04662076	     -8.62634825	     34.91967923	    -50.81273037	     -4.33725944	    -10.50483388
      3.08000000	     97.95706287	      6.40559345	     -0.30596698	      1.09510878	     -0.72407581	      0.72839635	    -15.05513741	     -9.26299082	      3.73024654	    -28.60655897	      6.17562014	    -10.67485455	     -3.84043237	     -8.29470545	     35.01870925	    -48.28367066	     -4.64758037	    -10.11991465
      3.09000000	     97.95312468	      7.13341661	     -0.26589931	      1.10349458	     -0.72527251	      0.72761675	    -14.90857322	     -9.32418707	      3.00906074	    -28.71632611	      6.59507780	    -10.15556303	     -4.57328626	     -8.00795458	     35.03834953	    -45.63331201	     -5.50069205	     -9.11318267
      3.10000000	     98.00633296	      7.82696170	     -0.12923658	      1.11210966	     -0.72645843	      0.72669168	    -14.87590920	     -9.62951459	      2.07799019	    -28.73898979	      6.77017610	     -9.95024802	     -5.33712350	     -7.77724032	     34.81250422	    -42.96258565	     -5.87326788	     -8.67309231
      3.11000000	     98.00968831	      8.46986920	     -0.05849722	      1.12092481	     -0.72771768	      0.72567196	    -14.74905592	     -9.80825744	      1.30649875	    -28.91346622	      7.19880578	     -9.57060211	     -5.95620098	     -7.60488060	     34.52940751	    -40.28763629	     -6.87617573	     -7.65247293
      3.12000000	     98.03637829	      9.04697704	      0.07296823	      1.13001319	     -0.72898225	      0.72454983	    -14.68004260	    -10.09520266	      0.41638944	    -29.06426182	      7.54684940	     -9.23503282	     -6.52447232	     -7.45375771	     34.07617727	    -37.72830194	     -7.57205228	     -6.92600551
      3.13000000	     98.06645248	      9.53096946	      0.17520677	      1.13933852	     -0.73028317	      0.72337266	    -14.61197069	    -10.37925986	     -0.43650209	    -29.25640767	      7.88242869	     -8.93222926	     -7.00561264	     -7.25542640	     33.56422285	    -35.33475517	     -8.30501621	     -6.24994044
      3.14000000	     98.08263559	      9.95661493	      0.33572658	      1.14894264	     -0.73161095	      0.72214300	    -14.55925758	    -10.71954112	     -1.36267514	    -29.48505436	      8.02295458	     -8.79895155	     -7.37009191	     -7.09422267	     32.93047763	    -33.20084974	     -8.70150173	     -5.91300491
      3.15000000	     98.03171255	     10.33861561	      0.44544898	      1.15879337	     -0.73301787	      0.72092002	    -14.40705415	    -10.99795775	     -2.15549170	    -29.85832197	      8.26644172	     -8.60904555	     -7.52239184	     -7.03965131	     32.31097899	    -31.35502083	     -9.45671674	     -5.40215254
      3.16000000	     97.97014477	     10.60433478	      0.50090725	      1.16884841	     -0.73445191	      0.71973755	    -14.23849000	    -11.23240682	     -2.85682577	    -30.30035023	      8.36656756	     -8.47989163	     -7.59581964	     -6.82107489	     31.69593504	    -29.82268424	     -9.77007647	     -5.18769093
      3.17000000	     97.83808143	     10.82546920	      0.52144544	      1.17912161	     -0.73594837	      0.71860505	    -13.97071592	    -11.38666404	     -3.42436466	    -30.90493856	      8.43199943	     -8.34336290	     -7.47790936	     -6.67308535	     31.09655288	    -28.63612661	    -10.03646141	     -5.04751058
      3.18000000	     97.65448979	     11.00579390	      0.40133962	      1.18956757	     -0.73750971	      0.71760258	    -13.63102366	    -11.57750376	     -3.77537524	    -31.64018421	      8.41820068	     -8.27751300	     -7.21361068	     -6.52812533	     30.59625119	    -27.75230950	    -10.06830324	     -5.02708022
      3.19000000	     97.39770357	     11.08039179	      0.36962142	      1.20015655	     -0.73908383	      0.71660469	    -13.16342889	    -11.39182636	     -4.01755275	    -32.63681726	      8.33507102	     -8.13970336	     -6.84229448	     -6.22390610	     29.98830274	    -27.19320517	    -10.00136321	     -5.12224236
      3.20000000	     97.06844955	     11.11061582	      0.24060110	      1.21086868	     -0.74071630	      0.71574276	    -12.58289298	    -11.10630366	     -4.02113299	    -33.82948110	      8.16572962	     -7.97823856	     -6.34604199	     -5.85553730	     29.42668480	    -26.85800444	     -9.72000931	     -5.35417889
      3.21000000	     96.66654818	     11.10542513	      0.07093234	      1.22168859	     -0.74239803	      0.71498949	    -11.90239537	    -10.68641914	     -3.82906124	    -35.24309748	      7.75294803	     -7.45748725	     -5.75216676	     -5.38943711	     28.85638067	    -26.71905913	     -8.87539853	     -6.06388165
      3.22000000	     96.17604853	     11.02767607	     -0.11882395	      1.23255296	     -0.74411110	      0.71433341	    -11.08076842	     -9.98370433	     -3.40088447	    -36.92898268	      7.34383046	     -7.15084740	     -5.06357211	     -4.74646419	     28.26096385	    -26.70409619	     -8.11508044	     -6.59956736
      3.23000000	     95.59647897	     10.89136803	     -0.31757761	      1.24343683	     -0.74585449	      0.71378689	    -10.14360153	     -9.05390642	     -2.76668779	    -38.86615909	      6.78154320	     -6.91556088	     -4.28564603	     -3.93930274	     27.63154006	    -26.76234829	     -7.23502991	     -7.12726305
      3.24000000	     94.93745228	     10.72036320	     -0.47975716	      1.25430445	     -0.74762180	      0.71330630	     -9.10689683	     -7.87816373	     -1.95958880	    -41.07345663	      6.01014163	     -6.68109756	     -3.40552658	     -3.10253811	     26.96048526	    -26.89883904	     -6.19678359	     -7.70968596
      3.25000000	     94.18398036	     10.49347902	     -0.65124835	      1.26510334	     -0.74941758	      0.71295180	     -7.97702131	     -6.51291267	     -0.95258302	    -43.50998539	      5.13744682	     -6.53039500	     -2.43005852	     -2.13214794	     26.27632135	    -27.02044870	     -5.20486548	     -8.22252389
      3.26000000	     93.39491020	     10.20485253	     -0.79887695	      1.27577921	     -0.75118989	      0.71265658	     -6.82214145	     -4.90928220	      0.21843568	    -46.16891988	      4.03745059	     -6.42176044	     -1.39279771	     -1.18919994	     25.60335979	    -27.18738508	     -4.14925432	     -8.75159714
      3.27000000	     92.51198277	      9.88080533	     -0.92624006	      1.28631601	     -0.75299042	      0.71252079	     -5.62279824	     -3.22954412	      1.51745596	    -48.98561547	      2.77533438	     -6.45598443	     -0.25629747	     -0.19902285	     24.88751696	    -27.25923322	     -3.16427900	     -9.19539731
      3.28000000	     91.60197180	      9.50327582	     -1.08599775	      1.29664914	     -0.75476816	      0.71251475	     -4.45623467	     -1.45481703	      2.99038989	    -51.93399871	      1.41084961	     -6.64503088	      0.92417392	      0.73924596	     24.22139093	    -27.28250646	     -2.28957326	     -9.55956057
      3.29000000	     90.67266527	      9.07966833	     -1.26413752	      1.30675699	     -0.75651599	      0.71265265	     -3.35359156	      0.35921973	      4.59905542	    -54.96494100	     -0.02658923	     -6.97781629	      2.13399420	      1.60076162	     23.57738161	    -27.22539559	     -1.53056526	     -9.84247606
      3.30000000	     89.75178220	      8.61745328	     -1.43981138	      1.31662615	     -0.75821444	      0.71293889	     -2.36885281	      2.12515849	      6.28327831	    -58.00380784	     -1.82659649	     -8.48316877	      3.34910835	      2.31757406	     22.92962680	    -27.08465301	     -0.91930670	     -9.81068903
      3.31000000	     88.86012084	      8.14656144	     -1.69870234	      1.32624057	     -0.75988821	      0.71339087	     -1.51295761	      3.88201184	      8.16409576	    -61.06145591	     -2.88018726	     -8.58978088	      4.53484522	      2.88793523	     22.35077650	    -26.83699340	     -0.46061761	     -9.97674290
      3.32000000	     88.02472049	      7.65881309	     -1.97600448	      1.33560998	     -0.76150146	      0.71399412	     -0.83727901	      5.54479305	     10.12433638	    -64.04084666	     -4.03833883	     -9.04611467	      5.66300664	      3.29158141	     21.76901342	    -26.49077018	     -0.07730639	     -9.99579785
      3.33000000	     87.20974185	      7.18191195	     -2.16021024	      1.34477961	     -0.76308201	      0.71470021	     -0.28014377	      7.09801366	     12.05140071	    -66.92350012	     -4.33520066	     -9.28412334	      6.77297689	      3.54317022	     21.05275747	    -26.03299448	      0.01979706	     -9.95097048
      3.34000000	     86.56345246	      6.67743166	     -2.47372590	      1.35371669	     -0.76453304	      0.71558488	     -0.03543862	      8.51937777	     14.12734783	    -69.58622315	     -5.97004646	    -10.63774632	      7.69215957	      3.64529561	     20.45477147	    -25.52921646	      0.47039134	     -9.50691435
      3.35000000	     85.99913086	      6.22686044	     -2.82754394	      1.36245582	     -0.76595428	      0.71657569	      0.00973130	      9.75799774	     16.31088539	    -72.08904270	     -6.01462418	    -10.99411671	      8.51280627	      3.62101827	     19.87135429	    -24.95237639	      0.52953881	     -9.33628766
      3.36000000	     85.52279962	      5.77576626	     -3.08360835	      1.37107512	     -0.76731507	      0.71764963	     -0.09994948	     10.88655568	     18.40875724	    -74.33579217	     -6.05575255	    -11.21133359	      9.22007557	      3.60682938	     19.14402153	    -24.31412279	      0.57922412	     -9.17798234
      3.37000000	     85.16896955	      5.37225335	     -3.36829031	      1.37957466	     -0.76859576	      0.71882056	     -0.42510139	     11.81676209	     20.55081008	    -76.30167505	     -5.96617405	    -11.45703663	      9.77980681	      3.52806831	     18.43265392	    -23.65656342	      0.62091000	     -8.94799410
      3.38000000	     84.91360738	      5.02270669	     -3.58488188	      1.38800155	     -0.76983138	      0.72003612	     -0.89515893	     12.54220315	     22.61908927	    -77.96570285	     -5.49661850	    -11.90769524	     10.22575053	      3.40988214	     17.64682104	    -23.01080550	      0.78489273	     -8.23956730
      3.39000000	     84.74466063	      4.71045505	     -3.77608992	      1.39637394	     -0.77102764	      0.72132810	     -1.48651717	     13.10274559	     24.64685647	    -79.29875798	     -5.30871907	    -12.02811003	     10.53987682	      3.49184189	     16.79103690	    -22.31993854	      0.85749558	     -8.10440128
      3.40000000	     84.69651862	      4.40228962	     -3.93075468	      1.40468741	     -0.77211207	      0.72258941	     -2.22592253	     13.54788954	     26.61032075	    -80.30669991	     -4.39432191	    -12.27074492	     10.71336850	      3.58800441	     15.94828946	    -21.75410213	      1.01075036	     -7.63177162
      3.41000000	     84.71492970	      4.13205796	     -4.05463476	      1.41298516	     -0.77315930	      0.72390408	     -3.03014526	     13.82757213	     28.49327620	    -80.95895754	     -4.03703836	    -12.39262362	     10.78379448	      3.93893968	     15.03517106	    -21.15767194	      1.08566727	     -7.48803186
      3.42000000	     84.76405743	      3.91217036	     -4.11517704	      1.42125652	     -0.77416167	      0.72514691	     -3.83813162	     13.97147101	     30.27695467	    -81.30955786	     -3.01205751	    -12.66466285	     10.82441530	      4.27469639	     14.09808814	    -20.64425514	      1.23925339	     -7.21277839
      3.43000000	     84.89275653	      3.70383549	     -4.17337480	      1.42950250	     -0.77508211	      0.72640052	     -4.70983206	     13.97932523	     31.97878852	    -81.30500333	     -2.40210217	    -12.88539555	     10.76215176	      4.81389741	     13.15428313	    -20.15696907	      1.35159655	     -7.07648800
      3.44000000	     85.02152059	      3.51681600	     -4.18580122	      1.43772966	     -0.77597112	      0.72758407	     -5.52876699	     13.89564514	     33.57159690	    -80.99844557	     -1.74444995	    -13.22580141	     10.70434240	      5.44265583	     12.17356329	    -19.69780174	      1.46197616	     -6.97876436
      3.45000000	     85.14263646	      3.31982664	     -4.11807186	      1.44593580	     -0.77681610	      0.72867679	     -6.27232568	     13.79817265	     35.01664526	    -80.39870947	     -1.37310992	    -13.47779465	     10.66621757	      6.17534266	     11.11745802	    -19.26673499	      1.53069970	     -6.90382993
      3.46000000	     85.31700971	      3.15376391	     -4.12361460	      1.45407090	     -0.77755677	      0.72968406	     -7.04162862	     13.52115141	     36.44593090	    -79.50161972	     -0.54295352	    -14.18775140	     10.57431825	      6.76051078	     10.20497659	    -18.93328926	      1.66662310	     -6.86429005
      3.47000000	     85.42672514	      2.99895742	     -4.12558195	      1.46216179	     -0.77829477	      0.73058928	     -7.67445368	     13.20607198	     37.81118295	    -78.34820132	     -0.13898319	    -14.68805875	     10.56309525	      7.37235327	      9.28519134	    -18.57364317	      1.74588663	     -6.80641259
      3.48000000	     85.52341594	      2.79713451	     -4.07708769	      1.47021077	     -0.77896766	      0.73135816	     -8.22172612	     12.93070182	     39.04496181	    -76.92858557	      0.08687525	    -14.97892129	     10.57879714	      7.96645918	      8.33787243	    -18.25399720	      1.78814853	     -6.74042428
      3.49000000	     85.59728279	      2.60158967	     -4.11914758	      1.47818998	     -0.77958026	      0.73200480	     -8.69292292	     12.56199807	     40.28300216	    -75.24877111	      0.37852998	    -15.36108833	     10.61187121	      8.42036280	      7.52747415	    -17.97161195	      1.82899403	     -6.67765936
      3.50000000	     85.64080581	      2.39700395	     -4.16374592	      1.48612850	     -0.78014912	      0.73248997	     -9.05298050	     12.15708709	     41.42431041	    -73.31706272	      0.62391503	    -15.71763935	     10.67935798	      8.72203759	      6.75810558	    -17.72753796	      1.85525901	     -6.60818200
      3.51000000	     85.64370235	      2.19255646	     -4.20124056	      1.49405168	     -0.78067442	      0.73278966	     -9.27714347	     11.69444452	     42.44108786	    -71.13866912	      0.82278694	    -16.54132266	     10.78882863	      8.81770241	      6.02385218	    -17.52659789	      1.88037481	     -6.42934976
      3.52000000	     85.63141656	      1.94758593	     -4.19094174	      1.50198758	     -0.78115240	      0.73290620	     -9.39613571	     11.26528054	     43.28205310	    -68.71485002	      0.82481273	    -16.52632262	     10.91645641	      8.85830092	      5.26100416	    -17.36501649	      1.89847007	     -6.39483961
      3.53000000	     85.55386260	      1.64467073	     -4.37470412	      1.50994354	     -0.78158694	      0.73287958	     -9.40438757	     10.84424100	     44.20385370	    -66.06698863	      0.76576310	    -16.43819024	     11.07828010	      9.01979158	      4.68782438	    -17.18523123	      1.90269947	     -6.29951802
      3.54000000	     85.47324089	      1.34256418	     -4.39749195	      1.51800525	     -0.78198048	      0.73259248	     -9.26781047	     10.37257397	     44.77595678	    -63.20948241	      0.73512896	    -16.31669272	     11.25874044	      8.97083542	      3.99089262	    -17.09810151	      1.91781736	     -6.25761864
      3.55000000	     85.36020276	      0.97840658	     -4.53693406	      1.52619035	     -0.78232828	      0.73213162	     -9.03634785	      9.92963674	     45.31093276	    -60.17685489	      0.26869166	    -15.48203099	     11.44932393	      9.06276068	      3.39696462	    -17.02115833	      1.95844857	     -6.03502676
      3.56000000	     85.20376533	      0.62785906	     -4.48755116	      1.53460063	     -0.78267516	      0.73137519	     -8.60954658	      9.42842881	     45.46734732	    -57.05753202	      0.01006083	    -14.52893529	     11.71488730	      9.06750927	      2.60178638	    -16.99023511	      2.11772645	     -5.87587961
      3.57000000	     85.04687391	      0.23780505	     -4.43011257	      1.54323748	     -0.78297087	      0.73037768	     -8.07357948	      8.87838736	     45.42875749	    -53.88373444	     -0.22885128	    -13.50784936	     11.97458226	      9.12965578	      1.80308137	    -17.04233279	      2.30628727	     -5.74996968
      3.58000000	     84.88807938	     -0.17318037	     -4.30786136	      1.55216030	     -0.78324175	      0.72913005	     -7.41224473	      8.25446669	     45.14288664	    -50.74375548	     -0.48809708	    -12.53591595	     12.24735529	      9.24449655	      0.93215555	    -17.17535774	      2.51448247	     -5.65439343
      3.59000000	     84.74870752	     -0.60262597	     -4.23893856	      1.56138786	     -0.78346793	      0.72768103	     -6.67445285	      7.52728629	     44.74964846	    -47.71807978	     -0.80906281	    -11.13892924	     12.48683109	      9.41191927	      0.12615777	    -17.41094953	      2.86548717	     -5.50689635
      3.60000000	     84.61427853	     -1.03769651	     -3.94986915	      1.57098295	     -0.78371133	      0.72598662	     -5.82309488	      6.74579374	     44.00608694	    -44.94034358	     -0.97826414	    -10.58838985	     12.77683769	      9.62675936	     -0.92687293	    -17.72861053	      3.03552954	     -5.45024985
      3.61000000	     84.53432049	     -1.47137686	     -3.68237064	      1.58089343	     -0.78393145	      0.72413928	     -4.95802141	      5.83725138	     43.17785751	    -42.45880510	     -1.36478025	     -9.87066816	     13.01280818	      9.85046558	     -1.91172104	    -18.21515907	      3.33302541	     -5.40483522
      3.62000000	     84.51829045	     -1.90383178	     -3.50542793	      1.59109889	     -0.78411918	      0.72221275	     -4.12082682	      4.80677149	     42.36848792	    -40.34114646	     -1.73899476	     -9.07696958	     13.17697509	     10.11504138	     -2.74488664	    -18.88435324	      3.79032557	     -5.24526464
      3.63000000	     84.59017907	     -2.30587986	     -3.25379646	      1.60161065	     -0.78430764	      0.72020281	     -3.35854242	      3.68674959	     41.44714097	    -38.66133705	     -1.80479475	     -8.85906148	     13.26232830	     10.25253965	     -3.56189187	    -19.77012592	      3.94100202	     -5.18689552
      3.64000000	     84.75081684	     -2.67906348	     -3.11244643	      1.61236160	     -0.78446464	      0.71822256	     -2.70615263	      2.45148189	     40.61834828	    -37.42100155	     -1.84022975	     -8.74548701	     13.23817461	     10.34596202	     -4.15017898	    -20.88597707	      4.04543897	     -5.16726824
      3.65000000	     85.04144760	     -3.01385696	     -2.97136746	      1.62334523	     -0.78458266	      0.71628088	     -2.26316955	      1.19765968	     39.80270142	    -36.63378216	     -1.82176254	     -8.77457711	     13.04644205	     10.21659353	     -4.56662385	    -22.28841242	      4.13340945	     -5.15281877
      3.66000000	     85.46896958	     -3.32245268	     -2.91328855	      1.63450828	     -0.78461380	      0.71443137	     -2.03086157	     -0.11295172	     39.07065694	    -36.24018547	     -1.93950239	    -10.18607992	     12.64284828	      9.84361647	     -4.68054020	    -24.01924362	      4.44205205	     -4.65174375
      3.67000000	     85.99004536	     -3.54819994	     -2.84931995	      1.64583217	     -0.78462742	      0.71270017	     -2.03947753	     -1.37381881	     38.38498394	    -36.27359518	     -1.78072707	    -10.31521178	     12.11241391	      9.22793299	     -4.61615893	    -25.98535976	      4.30734560	     -4.68134481
      3.68000000	     86.64746300	     -3.72001530	     -2.84743395	      1.65729103	     -0.78452962	      0.71116048	     -2.27951178	     -2.68621269	     37.74235378	    -36.57110825	     -1.11113223	    -11.19186300	     11.38086908	      8.37747101	     -4.27109358	    -28.21370941	      3.80307375	     -4.53562865
      3.69000000	     87.39153140	     -3.82655064	     -2.84608261	      1.66883209	     -0.78435283	      0.70970675	     -2.83119882	     -3.72266977	     37.19686847	    -37.22570958	     -0.55551385	    -12.20319852	     10.46793755	      7.11263752	     -3.65823029	    -30.74191336	      3.11988091	     -4.44710347
      3.70000000	     88.25602974	     -3.85568384	     -2.84380633	      1.68044558	     -0.78406805	      0.70848199	     -3.61854848	     -4.72381983	     36.60948833	    -37.98402551	     -0.02662876	    -13.11011112	      9.38936551	      5.59063611	     -2.83336736	    -33.47103844	      2.24546894	     -4.44379869
      3.71000000	     89.19875571	     -3.77918076	     -2.82078612	      1.69209101	     -0.78369769	      0.70745042	     -4.62740906	     -5.58425090	     35.99416081	    -38.83468746	      0.58908375	    -13.88820540	      8.18752099	      3.73846967	     -1.81432932	    -36.37902608	      1.13075288	     -4.49558800
      3.72000000	     90.21793301	     -3.60609693	     -2.79855276	      1.70374010	     -0.78322851	      0.70664603	     -5.83419355	     -6.28089989	     35.34562732	    -39.67919686	      1.27343921	    -14.57846951	      6.88211596	      1.61670510	     -0.59630255	    -39.42827880	     -0.30207859	     -4.65846488
      3.73000000	     91.30526646	     -3.32317887	     -2.75827397	      1.71537185	     -0.78266737	      0.70608343	     -7.20663439	     -6.81765607	     34.62249334	    -40.44233711	      1.98102808	    -15.11286669	      5.50274719	     -0.75650686	      0.77785921	    -42.57335870	     -2.02939469	     -4.96276878
      3.74000000	     92.44433729	     -2.92358870	     -2.74955126	      1.72695520	     -0.78203721	      0.70577895	     -8.69019155	     -7.21472837	     33.85798776	    -41.06279861	      2.63438930	    -15.32763409	      4.10284724	     -3.29101257	      2.32292912	    -45.75058673	     -4.56397959	     -6.77975017
      3.75000000	     93.63266102	     -2.42140485	     -2.78322742	      1.73847804	     -0.78131731	      0.70571175	    -10.25699126	     -7.47678189	     33.05449851	    -41.50964560	      3.37045774	    -15.48429984	      2.68431514	     -6.04856076	      4.05611516	    -48.98516480	     -6.64233705	     -7.09489579
      3.76000000	     94.85885770	     -1.81692615	     -2.76837143	      1.74994736	     -0.78054440	      0.70583049	    -11.89246853	     -7.57033131	     32.11925201	    -41.78378487	      4.12698963	    -15.39479448	      1.28480871	     -8.91949555	      5.81634189	    -52.18967746	     -9.24707299	     -8.09155378
      3.77000000	     96.11358578	     -1.12687236	     -2.65782301	      1.76135213	     -0.77973268	      0.70605783	    -13.58251139	     -7.45809816	     31.01674514	    -41.90860786	      4.86958500	    -14.80208969	     -0.09355299	    -11.82596926	      7.50468907	    -55.32426674	    -12.20916996	    -10.54243869
      3.78000000	     97.36538171	     -0.38188651	     -2.60957971	      1.77261873	     -0.77889200	      0.70638649	    -15.22906698	     -7.27990676	     29.90660633	    -41.88515056	      5.57372382	    -14.31834133	     -1.38779175	    -14.73199349	      9.26816144	    -58.37975828	    -15.02927824	    -12.24909034
      3.79000000	     98.59447815	      0.39063207	     -2.53577093	      1.78368791	     -0.77805180	      0.70671386	    -16.81967623	     -7.01011087	     28.72988253	    -41.77153378	      6.23096946	    -13.76751440	     -2.59718467	    -17.53920304	     10.94630866	    -61.29965981	    -17.87574689	    -14.14134475
