ply
format ascii 1.0
comment VTK generated PLY File
obj_info vtkPolyData points and polygons: vtk4.0
element vertex 4683
property float x
property float y
property float z
element face 9366
property list uchar int vertex_indices
end_header
538.434326171875 18.894758224487305 757.06304931640625 
535.33685302734375 18.593635559082031 754.03631591796875 
537.848876953125 19.037338256835938 753.99859619140625 
555.17987060546875 -75.625740051269531 815.70452880859375 
555.86895751953125 -77.6927490234375 817.81768798828125 
556.4501953125 -74.741195678710938 817.90228271484375 
556.15850830078125 -72.760276794433594 817.1514892578125 
540.50689697265625 18.895065307617188 753.876220703125 
541.01617431640625 19.205848693847656 757.668212890625 
554.5740966796875 -73.891067504882812 813.25567626953125 
555.83843994140625 -70.969192504882812 814.63848876953125 
554.76190185546875 -71.464157104492188 811.06732177734375 
555.55975341796875 -68.556427001953125 812.73638916015625 
554.69732666015625 -68.864128112792969 809.05816650390625 
555.1185302734375 -66.565162658691406 810.529052734375 
554.3900146484375 -65.069694519042969 808.1112060546875 
553.4044189453125 -67.855361938476562 806.520751953125 
553.3167724609375 -63.456527709960938 805.9564208984375 
551.90777587890625 -66.297309875488281 804.227294921875 
551.74224853515625 -61.742149353027344 804.07562255859375 
550.17919921875 -64.471015930175781 802.33770751953125 
549.70550537109375 -60.241706848144531 802.23504638671875 
548.21417236328125 -62.547916412353516 800.6763916015625 
547.6656494140625 -58.606651306152344 800.54266357421875 
546.34515380859375 -60.508712768554688 799.08233642578125 
544.9482421875 -58.286220550537109 797.6300048828125 
546.00689697265625 -56.712612152099609 799.1903076171875 
543.67462158203125 -56.177646636962891 796.14422607421875 
545.383056640625 -54.12841796875 799.04071044921875 
544.646240234375 -52.130271911621094 797.329833984375 
542.355224609375 -54.128940582275391 794.64776611328125 
544.1165771484375 -50.187217712402344 795.33685302734375 
542.1051025390625 -51.416793823242188 793.5262451171875 
542.82958984375 -48.887897491455078 792.8590087890625 
544.07177734375 -47.839012145996094 793.80560302734375 
543.75128173828125 -46.323799133300781 792.30426025390625 
544.9075927734375 -45.098686218261719 793.07965087890625 
544.80584716796875 -43.966480255126953 791.4588623046875 
545.63232421875 -42.830493927001953 791.70050048828125 
544.50537109375 -42.540569305419922 789.17864990234375 
545.95843505859375 -40.887519836425781 789.987060546875 
544.21795654296875 -41.464591979980469 786.57073974609375 
546.043701171875 -39.681751251220703 787.521484375 
544.5968017578125 -40.5311279296875 783.7462158203125 
546.7410888671875 -38.538627624511719 784.9327392578125 
543.570068359375 18.853019714355469 755.3377685546875 
542.84674072265625 17.93309211730957 752.701416015625 
544.15435791015625 19.110908508300781 758.49493408203125 
546.1075439453125 16.978506088256836 753.1129150390625 
543.79376220703125 -40.242179870605469 780.77520751953125 
546.0943603515625 -38.820232391357422 782.42340087890625 
547.48565673828125 -36.600288391113281 783.0028076171875 
543.85491943359375 -38.671619415283203 778.38201904296875 
546.07598876953125 -37.529319763183594 780.50537109375 
543.65301513671875 -36.801326751708984 776.34814453125 
545.8250732421875 -35.693233489990234 778.47088623046875 
545.9752197265625 18.640054702758789 756.41400146484375 
547.40350341796875 18.763072967529297 759.210693359375 
547.91668701171875 17.838930130004883 755.82421875 
549.19573974609375 15.873747825622559 753.83892822265625 
550.1915283203125 17.533355712890625 757.0028076171875 
552.2506103515625 14.821989059448242 754.9071044921875 
543.0673828125 -34.990676879882812 774.5450439453125 
545.29766845703125 -33.885513305664062 776.5565185546875 
542.22064208984375 -33.293453216552734 772.91302490234375 
544.70880126953125 -32.030258178710938 774.79107666015625 
542.0335693359375 -31.047235488891602 771.717529296875 
544.22802734375 -29.946439743041992 773.2386474609375 
547.5523681640625 -34.384105682373047 781.27191162109375 
547.20172119140625 -32.396759033203125 779.2491455078125 
546.625 -30.649280548095703 777.17755126953125 
546.262939453125 -28.622989654541016 775.4354248046875 
553.775634765625 16.308753967285156 758.08294677734375 
555.41326904296875 12.655194282531738 755.5269775390625 
557.233154296875 13.260458946228027 757.5927734375 
558.18896484375 10.411626815795898 756.432861328125 
559.54632568359375 11.634349822998047 758.6748046875 
559.9849853515625 7.8819360733032227 757.1549072265625 
561.26373291015625 9.1014633178710938 760.00653076171875 
560.97711181640625 5.1976137161254883 758.11236572265625 
561.6259765625 5.9919624328613281 760.3583984375 
561.3995361328125 2.6765964031219482 759.80181884765625 
546.26617431640625 -26.261833190917969 774.05999755859375 
541.90704345703125 -26.965246200561523 769.88165283203125 
541.01123046875 -29.480743408203125 770.3817138671875 
543.391845703125 -28.214639663696289 771.5826416015625 
542.97625732421875 -24.416610717773438 769.3687744140625 
544.53411865234375 -25.418272018432617 771.25335693359375 
544.33966064453125 -21.995645523071289 768.97357177734375 
545.50115966796875 -22.868459701538086 770.6719970703125 
546.0245361328125 -19.639432907104492 768.6922607421875 
546.74041748046875 -20.454874038696289 770.20953369140625 
547.6981201171875 -17.381385803222656 768.3765869140625 
547.72064208984375 -18.609163284301758 769.7476806640625 
546.73095703125 -23.654962539672852 773.0018310546875 
547.51812744140625 -21.051750183105469 772.02532958984375 
548.9481201171875 -18.261560440063477 771.77569580078125 
548.9952392578125 -17.058605194091797 770.03094482421875 
550.39453125 -15.528312683105469 771.5335693359375 
548.15142822265625 -15.387538909912109 766.79364013671875 
549.86102294921875 -15.289089202880859 769.099609375 
548.66387939453125 -13.361478805541992 765.13104248046875 
551.1531982421875 -12.88410758972168 767.50787353515625 
550.8463134765625 -11.375373840332031 764.4921875 
551.77740478515625 -12.816638946533203 771.41033935546875 
553.0447998046875 -10.234400749206543 770.81781005859375 
553.41522216796875 -10.197170257568359 766.86895751953125 
553.11224365234375 -9.3770427703857422 763.582763671875 
554.29412841796875 -7.6291985511779785 770.01348876953125 
555.288330078125 -7.9746084213256836 766.05743408203125 
555.6795654296875 -5.6093025207519531 768.43408203125 
555.55682373046875 -7.2727398872375488 762.65606689453125 
556.785400390625 -6.0858941078186035 765.2257080078125 
557.28985595703125 -3.5420200824737549 766.74835205078125 
557.95269775390625 -4.9908304214477539 762.21142578125 
558.91656494140625 -1.301060676574707 765.18499755859375 
559.338623046875 -2.909066915512085 760.7017822265625 
560.31951904296875 1.2871180772781372 763.71923828125 
560.59088134765625 -0.18766278028488159 760.17529296875 
561.1241455078125 4.2278151512145996 762.58282470703125 
560.59002685546875 7.4878630638122559 763.12109375 
559.49664306640625 10.950357437133789 763.6029052734375 
559.188232421875 13.174046516418457 761.5855712890625 
558.09051513671875 13.683498382568359 763.5411376953125 
556.560791015625 15.494627952575684 762.7567138671875 
557.1358642578125 14.887007713317871 760.16595458984375 
553.7880859375 17.134685516357422 761.79949951171875 
550.46588134765625 18.206033706665039 760.7191162109375 
515.78411865234375 0.79648494720458984 741.35211181640625 
518.05780029296875 1.7400398254394531 742.27935791015625 
515.48944091796875 1.3580222129821777 740.8629150390625 
503.5406494140625 -3.5796785354614258 739.8348388671875 
501.44464111328125 -4.9972186088562012 739.94708251953125 
504.09524536132812 -4.7517704963684082 740.45245361328125 
513.470703125 -0.49318057298660278 741.01409912109375 
512.85150146484375 0.21904845535755157 740.34759521484375 
511.24160766601562 -1.7679917812347412 740.9443359375 
509.97427368164062 0.13207536935806274 739.90509033203125 
508.90985107421875 -2.9330134391784668 740.89141845703125 
508.03024291992188 -1.4077968597412109 739.83831787109375 
506.43374633789062 -3.6307244300842285 740.46014404296875 
505.86508178710938 -2.5979561805725098 739.86285400390625 
466.7987060546875 -23.936447143554688 766.20513916015625 
466.82159423828125 -25.798181533813477 767.95654296875 
466.35751342773438 -25.190502166748047 765.37310791015625 
558.77166748046875 -1.5594722032546997 758.412353515625 
466.972900390625 -22.614852905273438 764.11102294921875 
466.1932373046875 -24.704113006591797 762.76800537109375 
467.28570556640625 -21.431663513183594 761.62860107421875 
466.26153564453125 -24.021299362182617 760.0445556640625 
467.71035766601562 -20.461898803710938 759.2216796875 
466.88180541992188 -23.450340270996094 757.45928955078125 
468.1275634765625 -19.508087158203125 756.86676025390625 
467.34548950195312 -23.312393188476562 754.68072509765625 
468.97265625 -18.644721984863281 754.71832275390625 
468.50421142578125 -22.677019119262695 752.40338134765625 
469.76422119140625 -18.419702529907227 752.5638427734375 
470.02340698242188 -22.538354873657227 750.77044677734375 
470.72686767578125 -18.676504135131836 750.42816162109375 
471.83389282226562 -21.850494384765625 748.37640380859375 
472.3765869140625 -18.024139404296875 748.244384765625 
473.86666870117188 -20.726797103881836 746.27264404296875 
474.4586181640625 -17.116893768310547 746.0992431640625 
476.24114990234375 -19.550594329833984 744.50140380859375 
476.89974975585938 -16.132024765014648 744.35675048828125 
478.9493408203125 -18.370872497558594 743.09222412109375 
479.37667846679688 -15.006540298461914 742.9873046875 
481.33306884765625 -17.126628875732422 742.085693359375 
483.37420654296875 -15.525529861450195 741.3626708984375 
481.533447265625 -13.414447784423828 742.2181396484375 
483.7628173828125 -13.270720481872559 741.259765625 
485.55667114257812 -14.12993335723877 740.9281005859375 
483.10903930664062 -11.350707054138184 742.16473388671875 
485.532958984375 -10.157016754150391 741.42193603515625 
485.53823852539062 -12.119854927062988 740.88787841796875 
557.42144775390625 0.34446039795875549 756.83282470703125 
560.0343017578125 1.2323107719421387 758.12921142578125 
558.8450927734375 2.805471658706665 756.79449462890625 
556.322021484375 2.9872779846191406 755.8658447265625 
558.345947265625 5.3192100524902344 756.1197509765625 
555.9241943359375 5.9734621047973633 755.17340087890625 
557.04840087890625 8.0504302978515625 755.39349365234375 
554.88226318359375 10.078489303588867 754.4722900390625 
552.34326171875 12.30742073059082 753.62835693359375 
550.19000244140625 13.97285270690918 753.08514404296875 
487.8995361328125 -8.9848461151123047 740.922607421875 
487.70721435546875 -10.955202102661133 740.5377197265625 
487.8953857421875 -13.036615371704102 740.7353515625 
490.18463134765625 -11.856698989868164 740.650146484375 
547.7015380859375 14.759819030761719 752.09710693359375 
545.13702392578125 16.021633148193359 751.53704833984375 
554.3675537109375 8.3929128646850586 754.326171875 
551.8372802734375 10.430061340332031 753.16436767578125 
549.049072265625 12.115636825561523 751.9947509765625 
546.08428955078125 13.900726318359375 750.91845703125 
542.91241455078125 15.500834465026855 750.14178466796875 
489.64913940429688 -9.9665231704711914 740.2982177734375 
490.24716186523438 -7.7969164848327637 740.60296630859375 
492.3466796875 -10.510387420654297 740.51605224609375 
494.22317504882812 -8.7201738357543945 740.130859375 
492.62554931640625 -6.5288519859313965 740.40008544921875 
495.03335571289062 -5.1742444038391113 740.2958984375 
496.45294189453125 -7.2323899269104004 739.9456787109375 
497.467041015625 -3.7880229949951172 740.2783203125 
498.9678955078125 -6.1052637100219727 739.95867919921875 
499.9415283203125 -2.5326392650604248 740.261962890625 
502.41610717773438 -1.3659696578979492 740.25933837890625 
504.40057373046875 0.23690925538539886 740.816650390625 
507.13076782226562 0.50341176986694336 740.2265625 
509.31597900390625 1.8718808889389038 740.6663818359375 
512.16131591796875 1.6670833826065063 740.27117919921875 
511.49365234375 3.1984939575195312 741.302978515625 
514.55999755859375 2.862539529800415 740.79327392578125 
513.666259765625 4.4687294960021973 742.06719970703125 
516.99237060546875 3.9781033992767334 741.47930908203125 
515.84893798828125 5.7639107704162598 742.90411376953125 
518.88323974609375 5.5707826614379883 742.54046630859375 
518.271484375 6.9350523948669434 743.5706787109375 
521.49786376953125 6.270904541015625 743.3428955078125 
520.555908203125 8.3137636184692383 744.45281982421875 
523.39764404296875 8.0860109329223633 744.35546875 
522.62298583984375 10.083934783935547 745.57989501953125 
525.50762939453125 9.8146047592163086 745.23150634765625 
524.38763427734375 12.027227401733398 747.085693359375 
526.44964599609375 12.34850025177002 746.55853271484375 
528.26275634765625 10.525661468505859 745.6849365234375 
526.34893798828125 13.745808601379395 748.432861328125 
528.35479736328125 13.58270263671875 747.06951904296875 
530.74835205078125 11.343801498413086 746.084716796875 
530.55535888671875 14.888649940490723 747.6964111328125 
533.09222412109375 12.506244659423828 746.568115234375 
532.88140869140625 15.9864501953125 748.3858642578125 
535.3824462890625 13.710506439208984 747.19122314453125 
535.52838134765625 16.527187347412109 748.87310791015625 
537.89642333984375 14.267092704772949 747.91253662109375 
538.20562744140625 16.831535339355469 749.56280517578125 
540.458984375 14.799936294555664 748.8819580078125 
540.5963134765625 17.331001281738281 750.7957763671875 
538.61163330078125 18.253814697265625 751.76446533203125 
536.25616455078125 18.163671493530273 751.4205322265625 
533.1011962890625 17.787757873535156 752.06158447265625 
528.535888671875 15.283904075622559 749.56982421875 
530.6781005859375 16.629350662231445 750.904541015625 
526.16497802734375 8.5192489624023438 745.088134765625 
520.1627197265625 3.3377556800842285 742.8790283203125 
522.140380859375 5.1577310562133789 743.54296875 
524.02630615234375 6.9695568084716797 744.32867431640625 
512.94476318359375 -21.655632019042969 847.9000244140625 
510.19540405273438 -20.161754608154297 847.71905517578125 
512.3004150390625 -21.248554229736328 845.88287353515625 
533.3385009765625 -31.598836898803711 814.9510498046875 
535.05242919921875 -31.462745666503906 812.7352294921875 
535.2890625 -33.277236938476562 815.17498779296875 
514.4390869140625 -22.427034378051758 846.573486328125 
514.4180908203125 -22.587263107299805 844.35479736328125 
515.41632080078125 -23.159902572631836 848.1041259765625 
516.490966796875 -23.628335952758789 846.2130126953125 
516.71270751953125 -24.004920959472656 843.29107666015625 
531.709228515625 -31.791706085205078 817.2142333984375 
533.77081298828125 -32.968574523925781 816.84381103515625 
535.201416015625 -34.905868530273438 817.69384765625 
530.40032958984375 -32.075469970703125 819.64373779296875 
533.06158447265625 -33.533077239990234 818.985595703125 
519.09881591796875 -25.208738327026367 846.04901123046875 
519.04742431640625 -25.406646728515625 842.5888671875 
517.8798828125 -24.673809051513672 848.1121826171875 
520.28070068359375 -25.934185028076172 843.9390869140625 
520.79132080078125 -26.726383209228516 840.919677734375 
522.66094970703125 -27.489355087280273 842.9427490234375 
522.21435546875 -27.958164215087891 839.08648681640625 
524.76141357421875 -29.171018600463867 841.82916259765625 
524.814208984375 -29.638835906982422 838.58013916015625 
522.80438232421875 -28.916404724121094 836.6533203125 
526.638916015625 -31.07252311706543 840.5421142578125 
528.28607177734375 -33.219406127929688 838.9517822265625 
526.70172119140625 -31.317094802856445 837.36334228515625 
529.28240966796875 -32.281143188476562 822.1748046875 
532.09918212890625 -34.068363189697266 821.94110107421875 
524.93011474609375 -30.122182846069336 836.18475341796875 
523.45404052734375 -29.811481475830078 834.21356201171875 
526.48211669921875 -31.404315948486328 834.21697998046875 
524.41290283203125 -30.652797698974609 831.83062744140625 
527.41033935546875 -32.221687316894531 831.31549072265625 
525.69256591796875 -31.408418655395508 829.54791259765625 
534.75030517578125 -36.100879669189453 820.34405517578125 
528.44366455078125 -32.875350952148438 828.814208984375 
526.95849609375 -31.953927993774414 827.1644287109375 
534.26763916015625 -37.130813598632812 823.070556640625 
529.7613525390625 -35.582782745361328 837.2154541015625 
528.49639892578125 -33.296756744384766 835.84954833984375 
530.1785888671875 -35.613998413085938 834.47222900390625 
531.98236083984375 -35.248996734619141 825.2261962890625 
533.8653564453125 -38.134799957275391 825.8316650390625 
532.696044921875 -37.023979187011719 827.25634765625 
530.24639892578125 -33.322395324707031 824.0369873046875 
528.19317626953125 -32.264698028564453 824.70294189453125 
529.5 -33.294837951660156 826.32733154296875 
530.65234375 -35.657249450683594 831.786865234375 
528.92474365234375 -33.608661651611328 833.0003662109375 
530.78839111328125 -34.815673828125 827.99664306640625 
531.908203125 -36.920680999755859 829.80859375 
529.767333984375 -34.22711181640625 830.44805908203125 
533.7423095703125 -2.9606144428253174 763.14007568359375 
535.48382568359375 -5.4781961441040039 764.19134521484375 
535.0367431640625 -3.9764673709869385 761.8729248046875 
492.97152709960938 -18.549043655395508 754.57159423828125 
493.50234985351562 -19.177183151245117 756.4932861328125 
493.53652954101562 -16.44041633605957 755.15936279296875 
532.86517333984375 -1.9928129911422729 761.32684326171875 
534.0699462890625 -2.4177196025848389 759.59423828125 
532.00140380859375 -1.1040334701538086 759.55682373046875 
532.38470458984375 -1.0893868207931519 758.01092529296875 
529.81622314453125 0.76291686296463013 759.098876953125 
529.90191650390625 0.13310126960277557 757.36212158203125 
527.316162109375 2.9401774406433105 758.069091796875 
527.5115966796875 1.0720235109329224 756.614013671875 
525.1207275390625 3.5865383148193359 756.72125244140625 
525.07763671875 1.7661957740783691 755.837646484375 
522.8984375 4.5408592224121094 755.46685791015625 
522.70166015625 2.2107913494110107 755.05047607421875 
520.69403076171875 3.6519548892974854 754.5767822265625 
520.76116943359375 1.6249384880065918 753.92938232421875 
518.49200439453125 2.8223745822906494 753.785400390625 
518.8311767578125 0.90913200378417969 752.92694091796875 
516.31341552734375 1.9174606800079346 753.09356689453125 
516.8612060546875 0.066790029406547546 752.14471435546875 
514.0316162109375 0.98370790481567383 752.5584716796875 
514.83251953125 -0.88699597120285034 751.65240478515625 
511.638916015625 0.054498855024576187 752.2332763671875 
512.80645751953125 -1.9433343410491943 751.36981201171875 
509.1788330078125 -0.96128416061401367 751.98748779296875 
509.83160400390625 -2.3394958972930908 751.82196044921875 
506.77691650390625 -2.0109992027282715 751.72308349609375 
507.57516479492188 -3.8180856704711914 751.696533203125 
504.4832763671875 -3.1815760135650635 751.52191162109375 
505.2867431640625 -5.3023300170898438 751.615478515625 
502.3507080078125 -4.6403689384460449 751.5028076171875 
503.5028076171875 -7.2442893981933594 751.21502685546875 
501.3582763671875 -5.3247499465942383 751.494873046875 
500.3311767578125 -5.9747953414916992 751.47119140625 
501.28253173828125 -8.4673032760620117 751.0921630859375 
498.26889038085938 -7.5216307640075684 751.60845947265625 
499.24612426757812 -9.9454469680786133 751.0185546875 
496.47357177734375 -9.3880138397216797 751.9013671875 
497.37954711914062 -11.686927795410156 750.8402099609375 
495.19952392578125 -11.776350021362305 752.5921630859375 
495.4951171875 -13.223206520080566 751.523681640625 
494.04000854492188 -13.929468154907227 753.80120849609375 
493.91387939453125 -15.482796669006348 751.846435546875 
492.52206420898438 -17.83177375793457 752.53887939453125 
493.476318359375 -16.468112945556641 753.59686279296875 
533.4459228515625 -20.435501098632812 769.221923828125 
534.07501220703125 -22.128158569335938 768.3934326171875 
535.88214111328125 -19.469860076904297 768.33837890625 
535.40301513671875 -18.202976226806641 768.90740966796875 
492.30059814453125 -17.034456253051758 750.3753662109375 
538.0440673828125 -16.940057754516602 767.453369140625 
537.06781005859375 -15.727941513061523 768.32354736328125 
538.850341796875 -14.260832786560059 766.8966064453125 
537.9517822265625 -13.019537925720215 767.41912841796875 
539.384521484375 -11.583964347839355 765.87567138671875 
537.73553466796875 -10.074346542358398 766.40313720703125 
539.62640380859375 -9.0386762619018555 764.18426513671875 
537.699462890625 -7.8950672149658203 764.60284423828125 
539.118408203125 -6.5583152770996094 762.41900634765625 
537.20477294921875 -5.9065542221069336 762.64501953125 
537.48291015625 -4.5355062484741211 760.90740966796875 
535.96673583984375 -2.7928466796875 759.12628173828125 
534.34942626953125 -1.3541780710220337 757.40167236328125 
532.00579833984375 -0.36136004328727722 756.36810302734375 
529.6153564453125 0.31267666816711426 755.48126220703125 
527.32464599609375 0.71348768472671509 754.5185546875 
525.0411376953125 0.82360708713531494 753.63409423828125 
522.8406982421875 0.58412611484527588 752.75653076171875 
520.7403564453125 0.05954335629940033 751.892822265625 
518.94952392578125 -0.75044667720794678 750.79193115234375 
516.8760986328125 -1.646079421043396 750.0711669921875 
514.9361572265625 -2.6963789463043213 749.55010986328125 
494.97421264648438 -13.68748664855957 747.4837646484375 
492.75933837890625 -14.304723739624023 745.2255859375 
492.8785400390625 -15.539510726928711 748.138671875 
513.08941650390625 -3.7872083187103271 748.81103515625 
511.065673828125 -3.7281768321990967 750.77191162109375 
511.27291870117188 -4.8382024765014648 747.87322998046875 
508.9603271484375 -5.2966771125793457 750.52783203125 
509.07308959960938 -5.8953137397766113 747.6507568359375 
506.55255126953125 -6.766273021697998 750.573974609375 
506.74777221679688 -7.0988030433654785 748.55706787109375 
497.3121337890625 -12.452034950256348 748.901123046875 
499.59918212890625 -10.987866401672363 749.38958740234375 
501.95050048828125 -9.6629743576049805 749.39215087890625 
504.34848022460938 -8.3667631149291992 749.19146728515625 
501.44552612304688 -17.778814315795898 847.79888916015625 
504.35629272460938 -18.583274841308594 846.79803466796875 
504.09494018554688 -17.966911315917969 848.58819580078125 
501.18270874023438 -17.304586410522461 849.6943359375 
498.57315063476562 -17.015758514404297 848.5970458984375 
498.498291015625 -16.748409271240234 851.12786865234375 
495.4537353515625 -16.497381210327148 848.8519287109375 
495.3197021484375 -16.165590286254883 851.0506591796875 
485.21615600585938 -15.564030647277832 852.24053955078125 
484.12762451171875 -16.148649215698242 850.97802734375 
486.590576171875 -15.951970100402832 849.93536376953125 
488.82476806640625 -15.558627128601074 851.93060302734375 
488.74661254882812 -16.296546936035156 848.5479736328125 
492.12283325195312 -15.786800384521484 851.07781982421875 
492.25726318359375 -16.184511184692383 848.87615966796875 
483.52938842773438 -16.880023956298828 850.12255859375 
481.22348022460938 -17.447418212890625 852.5443115234375 
482.73721313476562 -18.107051849365234 850.2435302734375 
503.13626098632812 -32.009536743164062 819.4703369140625 
503.04595947265625 -30.804527282714844 817.081298828125 
504.87796020507812 -30.982629776000977 819.0341796875 
484.74078369140625 -18.847707748413086 848.07928466796875 
486.3568115234375 -17.130817413330078 847.96246337890625 
487.09011840820312 -19.234823226928711 846.28106689453125 
489.51800537109375 -17.405551910400391 846.824951171875 
489.59860229492188 -19.433404922485352 845.47540283203125 
492.91207885742188 -17.429065704345703 846.912353515625 
493.60433959960938 -19.408046722412109 845.3206787109375 
491.03976440429688 -21.216455459594727 844.6346435546875 
494.51678466796875 -21.452964782714844 844.1436767578125 
492.27642822265625 -23.366331100463867 844.0887451171875 
495.80783081054688 -23.431110382080078 843.21722412109375 
493.81344604492188 -25.588685989379883 843.59344482421875 
497.453125 -25.35133171081543 842.234619140625 
495.6090087890625 -27.705955505371094 842.912353515625 
497.48226928710938 -29.660789489746094 842.015625 
499.2220458984375 -27.209257125854492 841.0797119140625 
499.5362548828125 -30.954074859619141 840.567626953125 
501.12350463867188 -28.842441558837891 839.54559326171875 
501.4632568359375 -32.215225219726562 838.807373046875 
502.88479614257812 -30.306118011474609 837.739013671875 
502.95040893554688 -33.984058380126953 836.9886474609375 
504.23394775390625 -31.778421401977539 835.68426513671875 
504.18841552734375 -34.577365875244141 834.57904052734375 
505.04946899414062 -33.128582000732422 833.47930908203125 
504.90237426757812 -34.805839538574219 831.98907470703125 
506.1650390625 -32.864582061767578 830.98126220703125 
505.21218872070312 -34.561580657958984 829.33734130859375 
507.01751708984375 -32.489601135253906 828.4140625 
505.33303833007812 -33.83538818359375 826.7247314453125 
506.98236083984375 -32.35015869140625 825.75830078125 
504.9771728515625 -33.290172576904297 824.1512451171875 
506.97933959960938 -31.806098937988281 823.17926025390625 
504.43637084960938 -32.510353088378906 821.71771240234375 
507.05487060546875 -31.023368835449219 820.65643310546875 
478.9083251953125 -16.238191604614258 863.71783447265625 
477.42596435546875 -16.324167251586914 866.8763427734375 
478.33291625976562 -17.990440368652344 864.2431640625 
509.39614868164062 -30.87542724609375 822.20440673828125 
479.02655029296875 -17.66400146484375 861.494873046875 
479.5186767578125 -16.256271362304688 860.55914306640625 
479.55813598632812 -17.012388229370117 858.7686767578125 
480.1846923828125 -16.033332824707031 857.37335205078125 
480.17913818359375 -17.319587707519531 855.37890625 
481.40420532226562 -15.737716674804688 854.81414794921875 
482.63247680664062 -16.023612976074219 852.40863037109375 
508.84722900390625 -31.381181716918945 824.32122802734375 
511.2435302734375 -30.808181762695312 824.22552490234375 
509.52630615234375 -31.334117889404297 826.275390625 
512.50543212890625 -30.654880523681641 826.54766845703125 
510.4224853515625 -30.966960906982422 828.4866943359375 
513.451416015625 -30.272842407226562 828.976318359375 
495.89459228515625 -17.906789779663086 846.63232421875 
511.23162841796875 -30.338600158691406 830.7763671875 
514.203369140625 -29.604108810424805 831.41534423828125 
511.99822998046875 -29.289350509643555 833.1934814453125 
496.151123046875 -19.560176849365234 845.23284912109375 
497.73611450195312 -20.809421539306641 844.4249267578125 
499.35964965820312 -22.545377731323242 843.2659912109375 
500.64132690429688 -24.4224853515625 841.897705078125 
502.21499633789062 -25.982269287109375 840.5789794921875 
498.55126953125 -18.609973907470703 846.20135498046875 
503.79916381835938 -27.485240936279297 839.027099609375 
508.40988159179688 -30.684593200683594 832.56488037109375 
509.71539306640625 -28.868330001831055 834.993408203125 
505.16021728515625 -29.073820114135742 837.18060302734375 
506.59292602539062 -30.211635589599609 835.05487060546875 
507.59207153320312 -28.173995971679688 836.84942626953125 
506.27658081054688 -26.604877471923828 838.8646240234375 
505.63919067382812 -24.516901016235352 840.81903076171875 
501.39471435546875 -19.810104370117188 845.197265625 
505.31637573242188 -20.208356857299805 844.81182861328125 
505.56524658203125 -22.216926574707031 842.87353515625 
502.65603637695312 -22.032129287719727 843.2569580078125 
503.38595581054688 -23.777572631835938 841.8251953125 
508.62567138671875 -31.338155746459961 830.18701171875 
531.090087890625 -70.30706787109375 897.37237548828125 
529.9942626953125 -68.863494873046875 899.48681640625 
530.01885986328125 -67.512550354003906 897.80987548828125 
570.77630615234375 -96.582145690917969 836.66473388671875 
569.31982421875 -98.785537719726562 835.2652587890625 
569.78131103515625 -98.158485412597656 838.7723388671875 
568.46527099609375 -99.944046020507812 837.8487548828125 
567.67718505859375 -100.57871246337891 840.7017822265625 
529.9090576171875 -66.333892822265625 896.05450439453125 
529.48834228515625 -64.755271911621094 894.5106201171875 
530.656982421875 -67.671905517578125 894.0146484375 
530.30303955078125 -66.477470397949219 892.3175048828125 
569.28814697265625 -97.665992736816406 842.1595458984375 
567.40826416015625 -99.829933166503906 844.49725341796875 
548.6748046875 -61.307918548583984 821.55377197265625 
550.8690185546875 -62.467510223388672 818.52081298828125 
550.473388671875 -64.149375915527344 822.3409423828125 
553.35260009765625 -65.610740661621094 817.96075439453125 
530.96734619140625 -69.018363952636719 895.6893310546875 
532.16015625 -72.001808166503906 895.3944091796875 
557.23455810546875 -75.677932739257812 820.33868408203125 
557.4407958984375 -79.129371643066406 819.82330322265625 
553.19366455078125 -67.220695495605469 821.210205078125 
555.279052734375 -69.01123046875 817.20892333984375 
555.03271484375 -70.014564514160156 820.6988525390625 
556.2818603515625 -72.733383178710938 820.63189697265625 
531.41943359375 -69.054443359375 891.77008056640625 
531.0037841796875 -67.855728149414062 889.93890380859375 
568.084228515625 -97.242759704589844 845.64190673828125 
566.533447265625 -99.214950561523438 847.98101806640625 
532.1622314453125 -70.330307006835938 889.3453369140625 
531.63262939453125 -68.958381652832031 887.40234375 
532.88128662109375 -71.454757690429688 886.75067138671875 
532.27630615234375 -69.939872741699219 884.76812744140625 
533.6123046875 -72.434730529785156 884.0198974609375 
532.8160400390625 -70.619544982910156 882.072021484375 
534.26446533203125 -73.19036865234375 881.27734375 
533.2532958984375 -71.006416320800781 879.3389892578125 
534.84759521484375 -73.702247619628906 878.45684814453125 
533.6932373046875 -71.264404296875 876.526611328125 
535.31329345703125 -73.879295349121094 875.60638427734375 
533.91864013671875 -70.99951171875 873.6810302734375 
535.6248779296875 -73.632041931152344 872.67303466796875 
534.098876953125 -70.466056823730469 870.86907958984375 
535.882080078125 -73.122306823730469 869.75714111328125 
534.40966796875 -69.974327087402344 868.084716796875 
536.234130859375 -72.55999755859375 866.90557861328125 
534.957275390625 -69.696586608886719 865.34124755859375 
536.71893310546875 -72.065147399902344 864.1787109375 
535.6259765625 -69.440704345703125 862.6488037109375 
537.411865234375 -71.713844299316406 861.48193359375 
536.39837646484375 -69.198600769042969 859.9320068359375 
538.27215576171875 -71.435989379882812 858.72833251953125 
537.307373046875 -68.948440551757812 857.1317138671875 
539.253173828125 -71.106300354003906 855.87493896484375 
538.2308349609375 -68.528694152832031 854.265380859375 
540.2103271484375 -70.578758239746094 852.96636962890625 
538.9278564453125 -67.651054382324219 851.3209228515625 
558.18890380859375 -76.925933837890625 822.87823486328125 
558.97509765625 -81.055862426757812 821.444091796875 
569.818115234375 -93.543251037597656 829.00469970703125 
570.329833984375 -95.612129211425781 831.13568115234375 
571.5167236328125 -93.555740356445312 833.29498291015625 
571.17083740234375 -95.650955200195312 835.55096435546875 
569.30963134765625 -91.656318664550781 828.23431396484375 
570.74700927734375 -91.418312072753906 831.9140625 
566.5440673828125 -96.824485778808594 848.84210205078125 
565.33038330078125 -99.046440124511719 850.96185302734375 
564.722412109375 -96.320938110351562 851.82916259765625 
564.09075927734375 -98.818435668945312 853.6123046875 
563.0770263671875 -96.229942321777344 854.4794921875 
562.74200439453125 -98.49468994140625 856.09429931640625 
561.4783935546875 -96.180259704589844 857.017822265625 
561.23101806640625 -98.267982482910156 858.5819091796875 
559.845947265625 -96.201255798339844 859.631103515625 
559.58355712890625 -98.224517822265625 861.14068603515625 
558.15362548828125 -96.249717712402344 862.359130859375 
557.87451171875 -98.432937622070312 863.77496337890625 
556.43426513671875 -96.290153503417969 865.1534423828125 
556.10430908203125 -98.288200378417969 866.461669921875 
554.71734619140625 -96.249649047851562 867.90997314453125 
554.34454345703125 -98.294601440429688 869.0787353515625 
552.95947265625 -96.184410095214844 870.715087890625 
552.6298828125 -98.299263000488281 871.56671142578125 
551.27471923828125 -96.378593444824219 873.485107421875 
550.79339599609375 -98.492401123046875 873.9737548828125 
549.4246826171875 -97.077217102050781 876.18707275390625 
549.4974365234375 -94.884490966796875 875.72723388671875 
547.86407470703125 -95.908599853515625 878.36529541015625 
547.6011962890625 -93.547264099121094 878.19146728515625 
546.21221923828125 -94.848106384277344 880.5496826171875 
545.450927734375 -91.983268737792969 881.0135498046875 
544.41265869140625 -94.032676696777344 882.82147216796875 
543.29083251953125 -92.046859741210938 884.3922119140625 
543.44940185546875 -89.664329528808594 883.2327880859375 
541.98443603515625 -90.107048034667969 886.036865234375 
541.695556640625 -87.7459716796875 885.3321533203125 
540.49560546875 -88.252113342285156 887.93975830078125 
540.35772705078125 -86.346572875976562 887.11846923828125 
539.24749755859375 -86.046112060546875 889.29449462890625 
539.32025146484375 -84.378456115722656 887.6552734375 
538.08056640625 -83.607017517089844 890.1463623046875 
538.06488037109375 -82.044151306152344 888.2288818359375 
536.9384765625 -81.131454467773438 890.70269775390625 
536.7216796875 -79.599662780761719 888.87506103515625 
535.7239990234375 -78.646965026855469 891.33428955078125 
535.353515625 -77.095634460449219 889.72467041015625 
534.4879150390625 -76.286529541015625 892.36016845703125 
533.850341796875 -74.282127380371094 890.9542236328125 
533.2930908203125 -74.040664672851562 893.70196533203125 
531.78094482421875 -70.301063537597656 893.5499267578125 
532.7520751953125 -72.450202941894531 893.00390625 
541.0185546875 -69.761054992675781 850.031982421875 
539.176025390625 -66.193511962890625 848.51922607421875 
541.7567138671875 -68.851127624511719 847.115478515625 
540.23260498046875 -65.816986083984375 845.59014892578125 
542.492919921875 -67.980033874511719 844.23785400390625 
540.9970703125 -65.0679931640625 842.75732421875 
542.99639892578125 -66.870521545410156 841.400634765625 
541.1800537109375 -63.626052856445312 840.13397216796875 
543.3165283203125 -65.536338806152344 838.61822509765625 
541.12066650390625 -61.902996063232422 837.7122802734375 
543.7398681640625 -64.083137512207031 835.51214599609375 
541.12225341796875 -60.199371337890625 835.37835693359375 
543.17840576171875 -61.5421142578125 833.0015869140625 
541.2000732421875 -58.547924041748047 833.07269287109375 
542.9256591796875 -59.874916076660156 831.2528076171875 
541.69635009765625 -57.424800872802734 830.583251953125 
543.87310791015625 -59.716152191162109 829.12091064453125 
542.7330322265625 -57.131217956542969 827.97882080078125 
545.06048583984375 -59.515228271484375 826.4451904296875 
544.0152587890625 -57.26165771484375 825.38153076171875 
546.22991943359375 -59.105682373046875 823.34686279296875 
547.500244140625 -61.730945587158203 824.74017333984375 
559.40509033203125 -78.763168334960938 824.9483642578125 
560.2630615234375 -83.756034851074219 822.4761962890625 
560.870849609375 -80.849777221679688 826.5106201171875 
562.314208984375 -85.394439697265625 823.34759521484375 
562.28173828125 -82.502220153808594 828.35430908203125 
564.44525146484375 -85.897026062011719 825.44622802734375 
567.90948486328125 -90.397171020507812 826.9508056640625 
569.105712890625 -89.354522705078125 830.7794189453125 
566.44830322265625 -87.951019287109375 826.7393798828125 
567.10003662109375 -87.435539245605469 830.293701171875 
563.72412109375 -84.127365112304688 829.967041015625 
564.94110107421875 -85.48809814453125 830.99810791015625 
570.51983642578125 -95.947563171386719 839.70733642578125 
571.34503173828125 -94.608985900878906 836.83050537109375 
532.583251953125 -71.567626953125 891.25885009765625 
533.42779541015625 -72.887985229492188 888.75372314453125 
548.70526123046875 -64.261978149414062 826.17486572265625 
551.34381103515625 -66.634689331054688 824.5196533203125 
553.38818359375 -68.679946899414062 823.24755859375 
554.72833251953125 -70.883094787597656 823.5546875 
556.402099609375 -73.674453735351562 823.61871337890625 
534.83935546875 -75.549430847167969 887.956298828125 
534.26904296875 -74.029380798339844 886.005859375 
569.14898681640625 -95.359298706054688 843.19439697265625 
570.05712890625 -93.834877014160156 840.26226806640625 
567.27899169921875 -95.036659240722656 846.48712158203125 
565.0379638671875 -94.722175598144531 849.7579345703125 
562.94207763671875 -94.468070983886719 852.6116943359375 
536.3009033203125 -78.119979858398438 887.03448486328125 
537.75457763671875 -80.586723327636719 886.324462890625 
539.22119140625 -82.991950988769531 885.7188720703125 
540.62457275390625 -85.361846923828125 885.21893310546875 
535.746826171875 -76.6175537109375 885.17041015625 
535.087646484375 -75.017318725585938 883.2281494140625 
535.87774658203125 -75.838768005371094 880.44970703125 
537.2896728515625 -79.150291442871094 884.39337158203125 
536.6739501953125 -77.617317199707031 882.45135498046875 
538.8575439453125 -81.5986328125 883.7574462890625 
540.49957275390625 -84.046333312988281 883.1444091796875 
538.32440185546875 -80.156257629394531 881.8118896484375 
540.0091552734375 -82.582374572753906 881.21966552734375 
542.41412353515625 -86.913734436035156 882.44927978515625 
541.80999755859375 -85.016143798828125 880.50189208984375 
537.605224609375 -78.492790222167969 879.7176513671875 
539.391357421875 -81.089530944824219 879.22674560546875 
541.2073974609375 -83.528053283691406 878.70831298828125 
561.0980224609375 -94.328620910644531 855.24212646484375 
568.0322265625 -93.453376770019531 843.783935546875 
536.58123779296875 -76.40142822265625 877.61151123046875 
546.12457275390625 -61.951068878173828 827.79693603515625 
544.76715087890625 -62.010932922363281 830.5223388671875 
547.18719482421875 -64.442314147949219 829.36737060546875 
545.5460205078125 -64.383895874023438 832.384521484375 
537.0928955078125 -76.496284484863281 874.6673583984375 
538.61370849609375 -79.301750183105469 876.72174072265625 
540.57720947265625 -82.093208312988281 876.79925537109375 
559.3916015625 -94.292877197265625 857.913818359375 
557.7086181640625 -94.358070373535156 860.8092041015625 
556.1402587890625 -94.565460205078125 863.7733154296875 
554.60760498046875 -94.679771423339844 866.5845947265625 
552.89727783203125 -94.52996826171875 869.45526123046875 
550.86944580078125 -94.189369201660156 872.78448486328125 
545.66357421875 -67.724525451660156 837.3780517578125 
546.6473388671875 -67.162498474121094 834.500732421875 
545.17340087890625 -68.833183288574219 840.19818115234375 
544.7420654296875 -70.019744873046875 843.0567626953125 
544.16064453125 -71.112289428710938 845.9481201171875 
543.4407958984375 -72.065757751464844 848.8314208984375 
537.4449462890625 -76.163322448730469 871.64837646484375 
537.7711181640625 -75.613998413085938 868.631103515625 
538.03521728515625 -74.804054260253906 865.6964111328125 
538.49383544921875 -74.189628601074219 863.01690673828125 
539.33392333984375 -73.930862426757812 860.33062744140625 
540.35455322265625 -73.668525695800781 857.5015869140625 
541.44439697265625 -73.305740356445312 854.5992431640625 
538.92364501953125 -78.889488220214844 873.588134765625 
540.1278076171875 -80.950065612792969 874.91168212890625 
542.51171875 -72.804412841796875 851.7098388671875 
556.531494140625 -75.055793762207031 826.78875732421875 
554.298828125 -71.714576721191406 826.36358642578125 
552.57647705078125 -69.0054931640625 825.73095703125 
549.9443359375 -66.823692321777344 827.6741943359375 
539.4390869140625 -78.663230895996094 870.572509765625 
540.81976318359375 -81.1822509765625 872.62969970703125 
541.76373291015625 -82.994621276855469 874.50714111328125 
542.45013427734375 -84.44207763671875 876.27813720703125 
543.09185791015625 -85.861785888671875 877.92718505859375 
543.72991943359375 -87.438934326171875 879.456787109375 
544.5919189453125 -89.425613403320312 880.42181396484375 
546.54034423828125 -91.283073425292969 878.25701904296875 
545.42034912109375 -89.405815124511719 878.263671875 
545.07391357421875 -88.230369567871094 876.99285888671875 
544.54345703125 -86.843612670898438 875.45013427734375 
543.81658935546875 -85.337905883789062 873.8311767578125 
548.5260009765625 -92.746185302734375 875.77081298828125 
546.97021484375 -90.535552978515625 876.200927734375 
548.86981201171875 -91.702667236328125 873.64642333984375 
546.75335693359375 -89.316131591796875 874.53466796875 
546.1773681640625 -87.811836242675781 872.8448486328125 
548.6029052734375 -90.287055969238281 871.7958984375 
550.850341796875 -92.566337585449219 870.7828369140625 
552.70819091796875 -93.047470092773438 867.84576416015625 
554.26171875 -93.321060180664062 865.3282470703125 
550.58612060546875 -91.088523864746094 868.848388671875 
552.62664794921875 -91.754814147949219 865.85504150390625 
547.999267578125 -88.601280212402344 869.78826904296875 
550.38507080078125 -89.758125305175781 866.71240234375 
542.97076416015625 -83.686500549316406 872.04632568359375 
545.27545166015625 -86.144371032714844 871.33966064453125 
539.99969482421875 -78.106819152832031 867.0653076171875 
539.58380126953125 -76.401039123535156 864.407958984375 
540.39898681640625 -76.333122253417969 862.03778076171875 
541.5247802734375 -76.229759216308594 859.18304443359375 
542.71624755859375 -75.911125183105469 856.18157958984375 
543.8663330078125 -75.491630554199219 853.3394775390625 
544.99267578125 -75.008384704589844 850.56719970703125 
570.52825927734375 -92.017845153808594 836.5615234375 
568.5511474609375 -91.807075500488281 840.8184814453125 
568.862060546875 -89.510673522949219 834.86895751953125 
568.3336181640625 -90.23223876953125 838.31884765625 
566.60662841796875 -87.467506408691406 834.06982421875 
564.453369140625 -85.655120849609375 833.83929443359375 
565.97088623046875 -88.2889404296875 838.16162109375 
563.89398193359375 -86.298736572265625 837.09002685546875 
548.55474853515625 -67.370582580566406 831.15142822265625 
551.58624267578125 -69.492942810058594 828.63055419921875 
553.43243408203125 -72.230239868164062 829.3201904296875 
550.8497314453125 -70.128044128417969 831.08404541015625 
549.27081298828125 -69.748817443847656 833.54730224609375 
547.4091796875 -70.79595947265625 839.07861328125 
548.05267333984375 -69.977607727050781 836.3548583984375 
554.97125244140625 -74.821441650390625 830.53839111328125 
557.87335205078125 -77.649246215820312 828.8101806640625 
558.9805908203125 -79.689842224121094 830.8692626953125 
560.004638671875 -81.630805969238281 833.428466796875 
551.98931884765625 -72.214149475097656 832.2708740234375 
550.54595947265625 -72.133590698242188 835.05413818359375 
541.34197998046875 -78.5592041015625 864.0706787109375 
542.6065673828125 -78.6591796875 861.1351318359375 
544.29791259765625 -78.762771606445312 857.77972412109375 
545.21075439453125 -77.932792663574219 854.74908447265625 
546.40533447265625 -77.565277099609375 852.11871337890625 
555.01629638671875 -92.497901916503906 862.61273193359375 
552.479248046875 -90.384483337402344 863.6353759765625 
556.95440673828125 -92.414520263671875 859.0062255859375 
554.42559814453125 -90.589019775390625 860.33245849609375 
558.72802734375 -92.376853942871094 855.958251953125 
560.644287109375 -92.505943298339844 853.16851806640625 
562.86285400390625 -92.762260437011719 850.351318359375 
565.41937255859375 -93.091026306152344 847.23455810546875 
565.89068603515625 -91.506019592285156 844.4058837890625 
566.15625 -89.942596435546875 841.42315673828125 
556.305908203125 -90.550712585449219 856.94305419921875 
558.2801513671875 -90.634010314941406 853.797119140625 
560.462646484375 -90.873306274414062 850.8212890625 
562.994384765625 -91.177474975585938 847.744384765625 
563.245361328125 -89.679031372070312 844.964111328125 
563.3714599609375 -88.206314086914062 842.120361328125 
563.06207275390625 -86.921897888183594 839.95538330078125 
541.97027587890625 -81.553016662597656 869.4661865234375 
542.5057373046875 -80.861007690429688 866.09698486328125 
544.47406005859375 -84.544097900390625 869.57373046875 
546.45989990234375 -86.600685119628906 869.154052734375 
548.26727294921875 -87.746940612792969 867.26055908203125 
550.15045166015625 -88.490753173828125 864.644287109375 
544.30755615234375 -83.375381469726562 867.12359619140625 
546.35614013671875 -85.69696044921875 867.28802490234375 
548.1966552734375 -86.822952270507812 865.40814208984375 
546.7373046875 -84.883399963378906 864.523681640625 
544.53143310546875 -82.603477478027344 864.74951171875 
543.584228515625 -80.827194213867188 863.18353271484375 
551.9937744140625 -88.821258544921875 861.6248779296875 
549.5289306640625 -86.983726501464844 862.89031982421875 
553.83404541015625 -88.852607727050781 858.2906494140625 
551.30865478515625 -87.137283325195312 859.74200439453125 
548.64837646484375 -85.207809448242188 861.12774658203125 
546.00201416015625 -83.036277770996094 862.26220703125 
545.14178466796875 -81.053741455078125 860.19024658203125 
547.78118896484375 -83.316383361816406 859.21014404296875 
546.9432373046875 -81.394485473632812 857.332275390625 
546.508544921875 -79.906829833984375 855.62548828125 
547.643310546875 -79.72833251953125 853.4306640625 
550.4683837890625 -85.332283020019531 857.977783203125 
549.55438232421875 -83.464767456054688 856.31292724609375 
548.64642333984375 -81.618797302246094 854.7783203125 
553.0631103515625 -87.070358276367188 856.51812744140625 
555.80999755859375 -88.681060791015625 854.60992431640625 
552.14239501953125 -85.256858825683594 855.00030517578125 
554.5438232421875 -86.715652465820312 853.42352294921875 
551.15948486328125 -83.411697387695312 853.58062744140625 
550.10107421875 -81.522628784179688 852.25567626953125 
553.62646484375 -84.9676513671875 852.054443359375 
548.9520263671875 -79.505149841308594 850.93609619140625 
547.6446533203125 -77.171676635742188 849.43377685546875 
545.9873046875 -74.309616088867188 847.7303466796875 
546.61383056640625 -73.217498779296875 844.80877685546875 
547.00274658203125 -71.944297790527344 841.893310546875 
549.6905517578125 -72.608802795410156 837.674072265625 
549.32421875 -73.670021057128906 840.3538818359375 
549.107177734375 -75.010894775390625 843.2005615234375 
549.00787353515625 -76.712059020996094 846.3441162109375 
550.2674560546875 -79.27392578125 848.3974609375 
551.73724365234375 -74.08673095703125 836.10565185546875 
553.212158203125 -74.437408447265625 833.68524169921875 
555.98614501953125 -76.9732666015625 832.40313720703125 
551.65753173828125 -75.124687194824219 838.23095703125 
553.90087890625 -76.223243713378906 835.5693359375 
556.58575439453125 -78.744171142578125 834.6988525390625 
562.426025390625 -83.885055541992188 833.81201171875 
561.7659912109375 -84.543487548828125 836.97113037109375 
561.15093994140625 -85.384292602539062 839.86688232421875 
559.34637451171875 -82.545738220214844 837.06011962890625 
558.94927978515625 -83.539939880371094 839.91192626953125 
556.72015380859375 -80.203498840332031 837.43328857421875 
554.06072998046875 -77.671195983886719 838.02490234375 
551.58160400390625 -76.436546325683594 840.88006591796875 
551.6334228515625 -77.923118591308594 843.56585693359375 
551.9498291015625 -79.561294555664062 845.86846923828125 
556.5777587890625 -81.421958923339844 840.1973876953125 
554.07696533203125 -79.050979614257812 840.68896484375 
554.15106201171875 -80.427536010742188 843.177490234375 
556.42181396484375 -82.594932556152344 842.80633544921875 
558.50433349609375 -84.587165832519531 842.78253173828125 
560.72894287109375 -86.470100402832031 842.7005615234375 
552.3341064453125 -80.939537048339844 847.5302734375 
554.15545654296875 -81.695213317871094 845.50177001953125 
551.39013671875 -81.259223937988281 849.70556640625 
552.55694580078125 -83.145652770996094 850.8284912109375 
560.59759521484375 -87.890922546386719 845.53765869140625 
560.5263671875 -89.392242431640625 848.2615966796875 
558.22344970703125 -89.131393432617188 851.39715576171875 
556.54412841796875 -87.719566345214844 851.77862548828125 
555.9619140625 -86.285545349121094 850.297119140625 
557.8446044921875 -85.895538330078125 846.3519287109375 
555.99102783203125 -83.69195556640625 845.65338134765625 
553.64959716796875 -82.61309814453125 848.0369873046875 
554.98883056640625 -84.497329711914062 848.88409423828125 
558.23773193359375 -87.71478271484375 848.95892333984375 
524.02960205078125 6.3711228370666504 755.4691162109375 
548.51068115234375 -59.388927459716797 818.49462890625 
546.627685546875 -58.073528289794922 820.72479248046875 
546.5555419921875 -56.357975006103516 817.63714599609375 
526.220458984375 5.8303022384643555 757.02398681640625 
525.50006103515625 8.1328458786010742 755.5244140625 
527.74041748046875 7.9450054168701172 757.03399658203125 
527.08770751953125 10.080410957336426 755.49847412109375 
529.71875 10.516277313232422 756.9617919921875 
529.63372802734375 13.261981964111328 755.3070068359375 
529.31365966796875 -63.931262969970703 892.22222900390625 
528.62469482421875 -62.235977172851562 894.03448486328125 
529.91943359375 -65.298728942871094 890.18988037109375 
537.7557373046875 17.72844123840332 758.3963623046875 
539.6357421875 18.147405624389648 759.1739501953125 
538.810791015625 16.635908126831055 759.8387451171875 
541.21759033203125 16.957609176635742 761.00567626953125 
530.45458984375 -66.36737060546875 887.898681640625 
528.4609375 -61.500171661376953 891.70660400390625 
527.81732177734375 -59.642959594726562 893.423095703125 
530.9759521484375 -67.287460327148438 885.44000244140625 
531.4876708984375 -68.048820495605469 882.90240478515625 
531.898193359375 -68.530364990234375 880.33917236328125 
540.13909912109375 15.207009315490723 761.15850830078125 
543.0076904296875 15.835057258605957 762.327392578125 
541.78045654296875 13.499554634094238 762.50360107421875 
544.89483642578125 14.485492706298828 763.49920654296875 
543.759033203125 11.851003646850586 763.82110595703125 
546.87774658203125 12.937592506408691 764.56524658203125 
527.65423583984375 -58.900577545166016 890.910888671875 
527.06658935546875 -56.966350555419922 892.67645263671875 
532.25189208984375 -68.77490234375 877.7076416015625 
532.5078125 -68.693031311035156 875.0001220703125 
532.70367431640625 -68.308517456054688 872.2130126953125 
557.35235595703125 9.3853120803833008 765.52410888671875 
558.04193115234375 6.2393150329589844 765.66357421875 
558.49859619140625 3.5155267715454102 765.77996826171875 
556.8797607421875 1.6558951139450073 767.09698486328125 
555.41070556640625 -0.70014798641204834 768.39239501953125 
554.033447265625 -2.8495001792907715 769.77960205078125 
552.62835693359375 -4.7678074836730957 771.36785888671875 
550.3671875 -6.3273091316223145 773.419921875 
552.85345458984375 -8.8251762390136719 772.3402099609375 
550.3460693359375 -8.1865568161010742 774.5858154296875 
551.56378173828125 -10.089287757873535 774.46405029296875 
548.17132568359375 -9.0064659118652344 776.23382568359375 
549.88446044921875 -10.96778678894043 776.6458740234375 
532.2703857421875 16.017118453979492 755.37530517578125 
534.73583984375 17.86094856262207 755.63470458984375 
534.72259521484375 16.204700469970703 757.25225830078125 
536.69525146484375 16.002464294433594 758.797607421875 
553.56561279296875 10.986227989196777 765.9588623046875 
553.949462890625 8.176239013671875 766.55035400390625 
526.862548828125 -56.107524871826172 890.19158935546875 
526.3475341796875 -54.206401824951172 891.97216796875 
526.1253662109375 -53.243476867675781 889.47271728515625 
525.65423583984375 -51.447853088378906 891.323974609375 
525.3887939453125 -50.228733062744141 888.8470458984375 
524.9755859375 -48.722393035888672 890.66375732421875 
524.5926513671875 -46.928230285644531 888.4619140625 
534.53973388671875 -25.063232421875 801.9339599609375 
533.13177490234375 -23.827762603759766 800.1964111328125 
535.9652099609375 -24.328496932983398 799.80517578125 
534.4705810546875 -22.960269927978516 797.87615966796875 
535.68524169921875 -26.39625358581543 803.6810302734375 
537.16156005859375 -25.846822738647461 801.6568603515625 
536.566162109375 -27.824075698852539 805.44122314453125 
538.1214599609375 -27.450736999511719 803.4320068359375 
532.95684814453125 -67.807456970214844 869.40606689453125 
537.19769287109375 -29.345466613769531 807.225830078125 
538.8370361328125 -29.172130584716797 805.189208984375 
528.47113037109375 5.5265274047851562 758.5111083984375 
529.4268798828125 3.0634565353393555 759.62939453125 
550.04168701171875 12.159485816955566 765.447509765625 
549.915771484375 9.5288095474243164 766.0635986328125 
546.42510986328125 10.57844066619873 765.0279541015625 
533.38031005859375 -67.4071044921875 866.59869384765625 
533.96600341796875 -67.111869812011719 863.83843994140625 
534.6634521484375 -66.8763427734375 861.12420654296875 
535.447265625 -66.637290954589844 858.42352294921875 
536.23431396484375 -66.250358581542969 855.6966552734375 
536.91455078125 -65.588485717773438 852.94140625 
537.4351806640625 -64.622360229492188 850.16241455078125 
537.34051513671875 -23.477632522583008 797.593994140625 
535.597412109375 -22.083646774291992 795.54107666015625 
532.12493896484375 13.612010955810547 756.88836669921875 
525.09332275390625 -48.842529296875 886.29339599609375 
524.31365966796875 -45.295562744140625 886.01031494140625 
524.81976318359375 -47.332489013671875 883.500244140625 
524.132080078125 -43.725273132324219 883.401611328125 
524.5743408203125 -45.579700469970703 880.71502685546875 
524.079833984375 -42.364402770996094 880.5938720703125 
524.42230224609375 -43.801765441894531 878.12493896484375 
524.0711669921875 -40.803348541259766 877.815673828125 
524.4080810546875 -42.391994476318359 875.60760498046875 
524.1634521484375 -39.148414611816406 875.0322265625 
524.556640625 -41.396244049072266 872.9461669921875 
524.49920654296875 -38.217041015625 872.1048583984375 
524.86163330078125 -40.753704071044922 870.20703125 
524.99713134765625 -37.404483795166016 869.226806640625 
525.28607177734375 -40.489974975585938 867.53851318359375 
525.5997314453125 -37.270114898681641 866.402587890625 
525.7542724609375 -40.656024932861328 865.038330078125 
526.20074462890625 -37.551155090332031 863.64447021484375 
526.1986083984375 -41.506782531738281 862.63043212890625 
526.67864990234375 -39.097805023193359 861.13092041015625 
544.6820068359375 -56.33905029296875 822.47320556640625 
538.6240234375 -22.624641418457031 795.2532958984375 
536.4739990234375 -20.947317123413086 793.25665283203125 
526.72320556640625 -42.441543579101562 860.09661865234375 
527.22314453125 -39.512039184570312 858.4417724609375 
540.48443603515625 -21.186534881591797 792.71142578125 
536.835205078125 -19.458263397216797 790.950439453125 
540.7431640625 -19.109785079956055 790.1212158203125 
537.3040771484375 -18.026157379150391 788.66802978515625 
540.8660888671875 -17.371129989624023 787.90521240234375 
537.31756591796875 -16.598579406738281 786.3707275390625 
540.9866943359375 -15.740423202514648 785.69207763671875 
537.58984375 -15.238324165344238 784.09381103515625 
541.20916748046875 -14.160101890563965 783.5078125 
537.92608642578125 -13.837841987609863 781.8900146484375 
541.50787353515625 -12.526846885681152 781.30279541015625 
537.934814453125 -12.446614265441895 779.68505859375 
541.80419921875 -10.568487167358398 778.86993408203125 
537.68475341796875 -11.075648307800293 777.45013427734375 
540.2947998046875 -9.1829710006713867 776.77679443359375 
537.24908447265625 -9.7076568603515625 775.16680908203125 
541.11614990234375 -7.1243128776550293 774.9830322265625 
536.65362548828125 -8.3457803726196289 772.84844970703125 
540.0677490234375 -4.8869132995605469 772.56585693359375 
536.05731201171875 -6.9288063049316406 770.43145751953125 
538.06561279296875 -3.5975379943847656 770.4517822265625 
535.39581298828125 -5.5378551483154297 768.1419677734375 
537.26123046875 -1.8611347675323486 768.66876220703125 
534.75543212890625 -3.2358825206756592 766.37835693359375 
536.799072265625 0.077525489032268524 767.03326416015625 
534.0762939453125 -0.95033776760101318 764.71514892578125 
536.208984375 2.0847511291503906 765.34771728515625 
532.953857421875 0.86976027488708496 762.96514892578125 
527.361572265625 -42.766834259033203 857.37335205078125 
527.7735595703125 -39.3101806640625 855.68585205078125 
528.02752685546875 -43.027339935302734 854.62786865234375 
528.28515625 -40.117259979248047 852.9471435546875 
528.7589111328125 -43.482879638671875 851.75830078125 
528.82708740234375 -40.34991455078125 850.152099609375 
529.71063232421875 -44.172813415527344 848.3560791015625 
529.29388427734375 -39.8265380859375 847.39190673828125 
530.230712890625 -42.785488128662109 845.27520751953125 
529.72607421875 -39.380142211914062 844.67523193359375 
530.56842041015625 -41.903018951416016 843.13623046875 
530.3909912109375 -39.940196990966797 841.93902587890625 
531.3099365234375 -42.514854431152344 840.83648681640625 
531.05084228515625 -40.12261962890625 839.186279296875 
532.156494140625 -42.80572509765625 838.1202392578125 
531.75482177734375 -40.206714630126953 836.4427490234375 
533.0133056640625 -42.801826477050781 835.3009033203125 
532.42913818359375 -40.050518035888672 833.719482421875 
533.837890625 -42.514583587646484 832.40325927734375 
532.9840087890625 -39.561592102050781 831.04107666015625 
534.54083251953125 -41.878719329833984 829.515869140625 
533.46136474609375 -38.931064605712891 828.42047119140625 
535.0821533203125 -41.016727447509766 826.794189453125 
535.93829345703125 -40.491657257080078 823.78948974609375 
536.29559326171875 -38.960308074951172 820.92987060546875 
536.737548828125 -37.632114410400391 818.3551025390625 
537.17010498046875 -36.187404632568359 815.84637451171875 
537.78436279296875 -34.631397247314453 813.08648681640625 
537.6685791015625 -32.506969451904297 810.8310546875 
535.583984375 -30.495410919189453 810.6494140625 
537.66021728515625 -30.906988143920898 808.88031005859375 
536.0355224609375 -29.454610824584961 808.56488037109375 
539.3385009765625 -31.015975952148438 806.88372802734375 
535.04132080078125 3.8806018829345703 763.60247802734375 
531.34295654296875 2.2422454357147217 761.28289794921875 
538.0125732421875 -63.720310211181641 847.36328125 
538.740234375 -63.053829193115234 844.65576171875 
539.15631103515625 -62.073814392089844 842.2308349609375 
539.2003173828125 -60.559528350830078 839.95654296875 
539.16522216796875 -58.788921356201172 837.68182373046875 
539.2132568359375 -56.907638549804688 835.2618408203125 
539.43682861328125 -54.907100677490234 832.380126953125 
540.6160888671875 -54.548942565917969 829.275634765625 
541.6363525390625 -54.238166809082031 826.500244140625 
542.62640380859375 -53.957298278808594 823.7431640625 
546.47540283203125 -27.764511108398438 793.13873291015625 
546.50457763671875 -30.074827194213867 794.57958984375 
544.91094970703125 -27.942678451538086 795.93994140625 
545.32720947265625 -31.086208343505859 797.72100830078125 
546.5029296875 -25.468729019165039 791.67529296875 
544.495849609375 -25.454055786132812 794.3165283203125 
546.757080078125 -23.393718719482422 789.92626953125 
544.1400146484375 -23.127998352050781 792.62432861328125 
546.9649658203125 -21.375303268432617 788.11175537109375 
544.00042724609375 -20.953826904296875 790.70001220703125 
546.8377685546875 -19.24247932434082 786.50531005859375 
544.0416259765625 -18.983663558959961 788.70745849609375 
546.82073974609375 -17.283388137817383 784.7442626953125 
544.0523681640625 -17.142827987670898 786.70513916015625 
547.23272705078125 -15.59556770324707 782.74212646484375 
544.18487548828125 -15.380839347839355 784.64471435546875 
548.04217529296875 -14.119644165039062 780.56512451171875 
544.5938720703125 -13.711483001708984 782.52154541015625 
549.1859130859375 -12.787739753723145 778.385498046875 
545.29638671875 -12.064153671264648 780.364501953125 
546.37542724609375 -10.396262168884277 778.21038818359375 
545.132568359375 -55.666236877441406 820.20758056640625 
545.05023193359375 -53.445339202880859 816.15899658203125 
544.34033203125 -53.682029724121094 818.81488037109375 
543.81011962890625 -50.462482452392578 814.7589111328125 
543.25830078125 -51.129463195800781 817.631591796875 
542.7633056640625 -47.270595550537109 813.75421142578125 
542.18597412109375 -48.293807983398438 816.74542236328125 
533.81103515625 5.8146677017211914 761.847900390625 
530.8419189453125 5.4047341346740723 760.11993408203125 
542.75537109375 -45.154804229736328 811.61834716796875 
541.47613525390625 -43.785499572753906 813.90185546875 
541.0789794921875 -45.231891632080078 816.3203125 
543.31683349609375 -43.911048889160156 809.00396728515625 
541.8861083984375 -42.219703674316406 811.5838623046875 
543.826416015625 -42.373676300048828 806.63330078125 
542.41552734375 -40.749870300292969 809.28546142578125 
544.34954833984375 -40.635322570800781 804.4239501953125 
542.90997314453125 -39.087089538574219 807.15435791015625 
544.5767822265625 -38.040630340576172 802.857177734375 
543.35498046875 -37.275581359863281 805.19915771484375 
544.85833740234375 -35.617191314697266 801.20928955078125 
543.64276123046875 -35.251449584960938 803.5185546875 
545.14678955078125 -33.332500457763672 799.45599365234375 
543.7501220703125 -33.017520904541016 801.9248046875 
543.73602294921875 -30.754716873168945 800.22894287109375 
543.38409423828125 -28.3233642578125 798.52020263671875 
529.08099365234375 -63.139911651611328 890.28118896484375 
529.38983154296875 -63.816082000732422 888.32586669921875 
529.83203125 -64.696334838867188 885.99761962890625 
537.3760986328125 14.424696922302246 759.89605712890625 
534.71478271484375 13.851175308227539 758.51617431640625 
530.28497314453125 -65.481971740722656 883.5531005859375 
530.71502685546875 -66.121971130371094 881.15478515625 
531.0306396484375 -66.405059814453125 878.768310546875 
528.37841796875 -61.051582336425781 889.0050048828125 
554.1666259765625 4.8783912658691406 767.32757568359375 
538.5333251953125 12.31629753112793 761.26031494140625 
540.0548095703125 10.279815673828125 762.775390625 
530.2197265625 7.905724048614502 758.6253662109375 
532.3802490234375 10.68712043762207 758.57891845703125 
532.9820556640625 8.0954103469848633 760.20721435546875 
535.33929443359375 11.184076309204102 760.07281494140625 
536.30810546875 8.8394699096679688 761.61383056640625 
537.731201171875 6.9006791114807129 763.29229736328125 
531.22076416015625 -66.308967590332031 876.20458984375 
531.38739013671875 -66.003341674804688 873.5399169921875 
531.5927734375 -65.537101745605469 870.7703857421875 
527.44305419921875 -58.082565307617188 888.433837890625 
539.91717529296875 5.0994167327880859 765.26611328125 
543.4852294921875 -53.711833953857422 821.20751953125 
542.8125 -51.696369171142578 819.826416015625 
541.719482421875 -49.281631469726562 819.38421630859375 
540.6202392578125 -46.433506011962891 818.83905029296875 
549.50164794921875 6.7133841514587402 766.87249755859375 
538.62249755859375 -25.166011810302734 799.49700927734375 
526.65386962890625 -55.27569580078125 887.63861083984375 
525.87884521484375 -52.223400115966797 886.85186767578125 
540.08880615234375 -24.412771224975586 797.266845703125 
539.63165283203125 -26.979766845703125 801.3021240234375 
541.1072998046875 -26.445827484130859 799.09796142578125 
540.37225341796875 -28.906240463256836 803.06719970703125 
540.85870361328125 -30.931404113769531 804.75335693359375 
541.86029052734375 -28.603897094726562 800.83941650390625 
542.2686767578125 -30.776882171630859 802.53839111328125 
531.88885498046875 -65.025993347167969 867.95526123046875 
532.37335205078125 -64.6788330078125 865.1422119140625 
533.0164794921875 -64.45208740234375 862.376220703125 
533.73724365234375 -64.253074645996094 859.67041015625 
534.46710205078125 -63.960117340087891 856.9962158203125 
535.12939453125 -63.456523895263672 854.34307861328125 
535.67315673828125 -62.660404205322266 851.67388916015625 
536.1724853515625 -61.737178802490234 848.94024658203125 
542.1280517578125 8.649968147277832 764.29364013671875 
545.32183837890625 7.6401228904724121 765.7149658203125 
528.8040771484375 -62.072696685791016 886.5023193359375 
527.989990234375 -59.757095336914062 886.88238525390625 
527.328369140625 -57.562789916992188 885.837158203125 
529.1976318359375 -62.869533538818359 884.0802001953125 
529.662353515625 -63.69049072265625 881.63104248046875 
530.11248779296875 -64.466178894042969 879.67138671875 
530.11383056640625 -64.061393737792969 877.544189453125 
530.18084716796875 -63.645305633544922 874.91412353515625 
530.28802490234375 -63.130023956298828 872.18878173828125 
530.4737548828125 -62.562751770019531 869.40771484375 
528.19073486328125 -60.147712707519531 884.6488037109375 
528.60870361328125 -61.011386871337891 881.974853515625 
529.25433349609375 -62.307445526123047 879.44879150390625 
526.4906005859375 -54.604152679443359 884.7891845703125 
525.61187744140625 -51.090305328369141 883.97149658203125 
552.42010498046875 1.962835431098938 768.57269287109375 
548.66015625 3.9306876659393311 767.95416259765625 
551.145263671875 -0.50156086683273315 769.929931640625 
550.03131103515625 -2.5449967384338379 771.281494140625 
548.157958984375 -4.058896541595459 772.68829345703125 
544.82025146484375 -5.2233319282531738 773.92132568359375 
530.852294921875 -62.128696441650391 866.57965087890625 
531.43072509765625 -61.889724731445312 863.7569580078125 
532.126708984375 -61.755611419677734 860.99951171875 
532.8438720703125 -61.567306518554688 858.31536865234375 
533.5108642578125 -61.197097778320312 855.67401123046875 
534.05877685546875 -60.509498596191406 853.01806640625 
534.5146484375 -59.53033447265625 850.25543212890625 
546.36492919921875 -7.1057143211364746 775.28369140625 
543.91815185546875 -8.6696643829345703 776.92431640625 
541.7431640625 -23.669221878051758 794.8729248046875 
542.6800537109375 -25.879543304443359 796.746337890625 
542.45147705078125 -32.963214874267578 804.14703369140625 
541.18756103515625 -33.099216461181641 806.31268310546875 
542.5166015625 -34.899440765380859 805.41156005859375 
541.630859375 -35.780029296875 807.619140625 
541.3037109375 -37.816127777099609 809.69110107421875 
540.84417724609375 -39.317619323730469 811.72662353515625 
539.640380859375 -33.034557342529297 808.580322265625 
539.72674560546875 -35.101047515869141 810.37078857421875 
539.80377197265625 -36.905174255371094 811.80340576171875 
539.11859130859375 -37.774978637695312 813.8677978515625 
543.9876708984375 -3.4093265533447266 772.4566650390625 
540.3265380859375 -40.707576751708984 813.9697265625 
541.1650390625 -2.8190670013427734 771.35308837890625 
546.59832763671875 -2.4846045970916748 771.81646728515625 
547.0308837890625 -0.83199197053909302 770.6868896484375 
538.59490966796875 -39.163890838623047 816.2213134765625 
543.76300048828125 -1.6533071994781494 771.101318359375 
539.87164306640625 -42.139728546142578 816.2664794921875 
547.67425537109375 1.3733843564987183 769.3101806640625 
539.46673583984375 -43.523971557617188 818.62127685546875 
544.4013671875 4.7993531227111816 766.89337158203125 
543.9376220703125 2.3728375434875488 768.2835693359375 
538.15106201171875 -40.557029724121094 818.59417724609375 
540.11138916015625 2.5850474834442139 767.00579833984375 
537.79315185546875 -41.986682891845703 821.02728271484375 
543.7203369140625 0.23969189822673798 769.7132568359375 
539.11444091796875 -44.884899139404297 820.9923095703125 
540.2603759765625 -47.673946380615234 821.2781982421875 
540.30029296875 0.54410111904144287 768.5521240234375 
537.66033935546875 -43.629447937011719 823.27630615234375 
536.5040283203125 -42.883571624755859 825.38519287109375 
538.91558837890625 -46.376300811767578 823.26519775390625 
537.62005615234375 -45.347984313964844 825.43499755859375 
540.58966064453125 -1.3097679615020752 770.0030517578125 
541.55584716796875 -50.837841033935547 821.9586181640625 
539.9993896484375 -48.789859771728516 823.36077880859375 
540.63623046875 -51.17706298828125 824.797607421875 
538.9708251953125 -48.266281127929688 825.41192626953125 
539.35101318359375 -50.993553161621094 827.79998779296875 
536.15576171875 -43.934307098388672 827.6064453125 
537.50775146484375 -47.154544830322266 827.86761474609375 
535.6807861328125 -45.416915893554688 830.636474609375 
537.42413330078125 -49.128395080566406 830.3603515625 
538.84033203125 -52.193874359130859 830.50006103515625 
534.5211181640625 -45.556434631347656 833.93603515625 
536.010986328125 -48.008247375488281 832.65179443359375 
533.49700927734375 -45.685962677001953 836.96923828125 
532.4052734375 -45.343891143798828 839.9267578125 
531.31591796875 -44.539386749267578 842.7421875 
537.344970703125 -51.09967041015625 832.77520751953125 
537.2908935546875 -53.234878540039062 835.28582763671875 
535.35614013671875 -49.111549377441406 835.508544921875 
533.81939697265625 -48.442676544189453 838.88531494140625 
535.48577880859375 -51.892864227294922 838.133056640625 
532.50506591796875 -47.687694549560547 841.93682861328125 
537.28887939453125 -55.448211669921875 837.814208984375 
537.3634033203125 -57.524909973144531 840.1318359375 
537.467041015625 -59.357326507568359 842.26470947265625 
537.5677490234375 -60.799232482910156 844.04669189453125 
536.82330322265625 -61.061946868896484 846.24603271484375 
535.12030029296875 -58.763992309570312 847.414794921875 
533.986572265625 -50.965835571289062 841.04266357421875 
535.61285400390625 -54.297798156738281 840.4769287109375 
535.7967529296875 -56.537094116210938 842.68402099609375 
536.108154296875 -58.700954437255859 844.708251953125 
529.113037109375 -61.443973541259766 876.7452392578125 
529.088134765625 -60.693988800048828 873.82177734375 
529.1510009765625 -59.970096588134766 870.95257568359375 
529.4012451171875 -59.436832427978516 868.09918212890625 
529.900390625 -59.189182281494141 865.246337890625 
530.554443359375 -59.085365295410156 862.44537353515625 
531.29217529296875 -59.010013580322266 859.71551513671875 
531.9754638671875 -58.773994445800781 857.08111572265625 
532.56103515625 -58.248233795166016 854.43853759765625 
532.99578857421875 -57.274379730224609 851.6932373046875 
533.379150390625 -55.803188323974609 848.5194091796875 
527.4290771484375 -57.621006011962891 882.5068359375 
528.24078369140625 -59.567821502685547 879.26043701171875 
526.30352783203125 -53.795566558837891 881.56671142578125 
527.15106201171875 -56.354366302490234 878.86676025390625 
525.28741455078125 -49.610965728759766 880.47686767578125 
524.80645751953125 -46.764278411865234 877.971435546875 
524.599853515625 -44.832931518554688 876.16351318359375 
524.63848876953125 -44.254379272460938 873.88299560546875 
524.7877197265625 -43.676277160644531 871.2264404296875 
525.06488037109375 -43.395160675048828 868.5712890625 
525.44500732421875 -43.395805358886719 866.07513427734375 
525.84320068359375 -43.484046936035156 864.01641845703125 
526.44024658203125 -45.634803771972656 861.822265625 
527.265869140625 -46.097869873046875 858.86138916015625 
531.1656494140625 -46.461563110351562 845.04095458984375 
532.6141357421875 -50.085933685302734 844.07501220703125 
534.1785888671875 -53.407733917236328 843.21221923828125 
534.49072265625 -55.942043304443359 845.392578125 
532.9459228515625 -52.777229309082031 846.09149169921875 
531.190673828125 -49.098426818847656 847.5936279296875 
532.04559326171875 -52.449226379394531 848.572265625 
531.92657470703125 -53.913658142089844 850.8009033203125 
529.72247314453125 -47.114788055419922 850.749755859375 
530.87109375 -50.632781982421875 850.43701171875 
531.59710693359375 -55.098899841308594 853.44000244140625 
531.08612060546875 -55.811149597167969 856.056396484375 
530.6129150390625 -51.909450531005859 852.8165283203125 
529.81195068359375 -49.123672485351562 852.45013427734375 
530.45257568359375 -56.143409729003906 858.64068603515625 
529.72882080078125 -56.243705749511719 861.2947998046875 
528.99755859375 -56.204265594482422 864.03057861328125 
530.142822265625 -52.645637512207031 855.31298828125 
529.2747802734375 -49.412578582763672 854.6199951171875 
529.52313232421875 -53.029190063476562 857.8597412109375 
528.832763671875 -53.169612884521484 860.41888427734375 
528.101806640625 -53.150794982910156 863.0987548828125 
528.5958251953125 -49.650241851806641 857.18218994140625 
527.85052490234375 -49.690315246582031 859.8134765625 
527.1561279296875 -49.754215240478516 862.43890380859375 
528.78424072265625 -46.352779388427734 853.4873046875 
528.022216796875 -46.210086822509766 856.14923095703125 
525.953369140625 -46.396644592285156 864.41351318359375 
525.4969482421875 -46.388057708740234 866.92425537109375 
526.5352783203125 -49.759914398193359 865.09796142578125 
527.3927001953125 -52.970451354980469 865.88739013671875 
528.3626708984375 -56.197925567626953 866.89031982421875 
525.14117431640625 -46.350639343261719 869.61883544921875 
524.94183349609375 -46.571926116943359 872.41326904296875 
524.875244140625 -46.910511016845703 875.2222900390625 
525.9765625 -49.539070129394531 867.85455322265625 
525.61285400390625 -49.518798828125 870.7713623046875 
526.8292236328125 -52.875930786132812 868.82525634765625 
527.95391845703125 -56.457572937011719 869.8489990234375 
527.90447998046875 -57.314464569091797 872.89837646484375 
526.5189208984375 -53.176055908203125 872.2965087890625 
528.04913330078125 -58.461109161376953 876.05950927734375 
526.900390625 -55.073429107666016 875.4981689453125 
526.10284423828125 -52.842258453369141 878.15289306640625 
525.3248291015625 -49.616916656494141 876.91888427734375 
525.40997314453125 -49.542396545410156 873.8095703125 
525.98040771484375 -52.032184600830078 875.32061767578125 
515.391357421875 -30.028799057006836 829.18133544921875 
486.972412109375 -15.285736083984375 760.84576416015625 
488.75711059570312 -14.667667388916016 758.94720458984375 
490.65328979492188 -15.826922416687012 760.89947509765625 
488.54095458984375 -16.114217758178711 762.75775146484375 
491.39288330078125 -16.690935134887695 763.22784423828125 
485.17556762695312 -16.042823791503906 762.85675048828125 
514.7835693359375 -30.365102767944336 826.74566650390625 
517.03759765625 -30.227624893188477 827.18048095703125 
530.1724853515625 -23.41502571105957 800.4112548828125 
532.00836181640625 -24.535978317260742 802.0992431640625 
528.919677734375 -24.276622772216797 802.6500244140625 
530.7509765625 -25.388195037841797 804.4342041015625 
528.15545654296875 -22.458917617797852 798.72674560546875 
526.94708251953125 -23.266683578491211 800.81939697265625 
483.85879516601562 -16.822593688964844 765.05499267578125 
486.84805297851562 -16.677644729614258 764.77020263671875 
483.96490478515625 -17.582904815673828 767.82952880859375 
486.18539428710938 -17.339960098266602 767.23529052734375 
489.73880004882812 -16.865371704101562 764.93701171875 
492.21890258789062 -17.333223342895508 765.679443359375 
513.79522705078125 -30.477571487426758 824.38970947265625 
526.47723388671875 -21.706939697265625 796.76593017578125 
524.9595947265625 -22.402326583862305 798.80242919921875 
525.0206298828125 -21.126373291015625 794.725830078125 
523.1754150390625 -21.741514205932617 796.6019287109375 
523.5015869140625 -20.529172897338867 792.7178955078125 
521.57623291015625 -20.985445022583008 794.26556396484375 
520.6768798828125 -20.292947769165039 791.51654052734375 
527.73089599609375 -25.172325134277344 804.94476318359375 
529.6390380859375 -26.307088851928711 806.8084716796875 
526.72515869140625 -26.132177352905273 807.293212890625 
528.7242431640625 -27.297370910644531 809.26580810546875 
481.98867797851562 -17.930276870727539 799.4345703125 
480.596923828125 -18.341663360595703 797.16448974609375 
482.4068603515625 -16.595664978027344 797.1507568359375 
480.91098022460938 -17.496232986450195 794.79949951171875 
490.66836547851562 -17.534578323364258 767.58367919921875 
493.17105102539062 -17.858322143554688 768.21575927734375 
525.93402099609375 -27.149990081787109 809.6925048828125 
528.12091064453125 -28.331884384155273 811.78076171875 
525.0413818359375 -28.079774856567383 812.048583984375 
526.7789306640625 -29.107769012451172 814.17266845703125 
523.7635498046875 -28.872884750366211 814.3935546875 
525.43475341796875 -29.751871109008789 816.5904541015625 
522.419189453125 -29.480173110961914 816.67999267578125 
524.08795166015625 -30.2208251953125 819.00750732421875 
521.0018310546875 -29.883691787719727 818.8465576171875 
522.486572265625 -30.426851272583008 821.27532958984375 
519.50921630859375 -30.133312225341797 820.9405517578125 
520.89605712890625 -30.465934753417969 823.4810791015625 
517.99468994140625 -30.273374557495117 822.898193359375 
519.0784912109375 -30.357826232910156 825.4398193359375 
516.39495849609375 -30.326211929321289 824.7711181640625 
483.12380981445312 -16.456178665161133 794.17474365234375 
481.34378051757812 -17.461492538452148 792.15594482421875 
483.67770385742188 -16.894193649291992 791.28424072265625 
481.51345825195312 -17.854642868041992 789.44219970703125 
483.75650024414062 -17.518478393554688 788.69171142578125 
481.37722778320312 -18.408212661743164 786.844970703125 
483.38467407226562 -18.106620788574219 786.28570556640625 
480.74868774414062 -19.04908561706543 784.36395263671875 
482.68185424804688 -18.596530914306641 783.8779296875 
480.05780029296875 -19.558084487915039 781.97381591796875 
482.258544921875 -18.925724029541016 781.48126220703125 
479.99948120117188 -19.632228851318359 779.68994140625 
482.54913330078125 -18.988101959228516 779.35321044921875 
480.36114501953125 -19.464139938354492 777.38287353515625 
483.11004638671875 -18.899438858032227 777.07513427734375 
481.01736450195312 -19.124851226806641 774.99139404296875 
484.08633422851562 -18.653457641601562 774.72320556640625 
482.07449340820312 -18.670022964477539 772.65509033203125 
485.35311889648438 -18.313796997070312 772.38494873046875 
483.3118896484375 -18.164848327636719 770.33184814453125 
491.24432373046875 -18.005123138427734 770.2237548828125 
494.37783813476562 -18.268421173095703 770.80999755859375 
492.29891967773438 -18.361047744750977 772.73199462890625 
495.78549194335938 -18.584152221679688 773.40924072265625 
493.96209716796875 -18.678928375244141 775.354248046875 
497.305419921875 -18.831686019897461 775.94158935546875 
512.31915283203125 -30.428981781005859 822.1065673828125 
483.25933837890625 -18.837932586669922 800.93524169921875 
483.83425903320312 -16.732563018798828 799.0819091796875 
485.41531372070312 -18.980173110961914 802.40594482421875 
485.45828247070312 -17.38380241394043 800.59136962890625 
487.64199829101562 -19.919002532958984 803.75592041015625 
487.8377685546875 -18.279644012451172 801.6846923828125 
490.23593139648438 -20.798269271850586 805.01812744140625 
490.11856079101562 -19.180984497070312 802.38140869140625 
486.12741088867188 -17.913711547851562 769.978759765625 
495.95010375976562 -18.983327865600586 778.13592529296875 
499.3673095703125 -19.051782608032227 778.09429931640625 
518.0179443359375 -20.416816711425781 790.27142333984375 
518.4976806640625 -20.957439422607422 793.46185302734375 
515.40789794921875 -20.559127807617188 789.12188720703125 
515.80224609375 -21.072805404663086 792.353271484375 
512.78057861328125 -20.619844436645508 788.13800048828125 
513.01153564453125 -21.093183517456055 790.94793701171875 
510.43405151367188 -20.477996826171875 786.7591552734375 
510.23574829101562 -20.963768005371094 789.41632080078125 
495.678466796875 -30.527044296264648 811 
493.14920043945312 -30.696531295776367 809.303955078125 
495.33367919921875 -27.294717788696289 809.63482666015625 
492.13970947265625 -28.711421966552734 808.9420166015625 
493.97195434570312 -25.653196334838867 808.7462158203125 
492.15786743164062 -25.302480697631836 808.32763671875 
498.40512084960938 -30.247577667236328 812.75823974609375 
498.216552734375 -27.723264694213867 810.9263916015625 
501.20391845703125 -30.207729339599609 814.74066162109375 
501.5186767578125 -28.176830291748047 812.4674072265625 
494.06649780273438 -23.204782485961914 807.240966796875 
491.621337890625 -22.683740615844727 806.84429931640625 
508.47946166992188 -20.187162399291992 784.87066650390625 
507.88388061523438 -20.679599761962891 787.5196533203125 
506.57611083984375 -19.850528717041016 782.9586181640625 
505.90036010742188 -20.294204711914062 785.41900634765625 
504.46646118164062 -19.528158187866211 781.14715576171875 
503.55630493164062 -19.921854019165039 783.640625 
501.98974609375 -19.255558013916016 779.5980224609375 
501.21481323242188 -19.62053108215332 782.20355224609375 
498.76400756835938 -19.311262130737305 780.384521484375 
510.40945434570312 -30.300548553466797 820.08880615234375 
508.408203125 -30.050260543823242 818.3048095703125 
506.41885375976562 -29.660636901855469 816.66790771484375 
504.12091064453125 -29.080528259277344 814.7471923828125 
493.25283813476562 -21.40069580078125 805.20013427734375 
492.07620239257812 -20.081150054931641 803.12298583984375 
488.41650390625 -17.237382888793945 766.7239990234375 
488.55856323242188 -17.74884033203125 769.19854736328125 
515.15716552734375 -30.250457763671875 822.40020751953125 
516.56982421875 -29.997745513916016 820.4576416015625 
513.5523681640625 -30.028160095214844 820.08062744140625 
517.99822998046875 -29.684816360473633 818.49664306640625 
519.4130859375 -29.272317886352539 816.4530029296875 
520.78778076171875 -28.714401245117188 814.37322998046875 
522.1461181640625 -28.026393890380859 812.270751953125 
523.1529541015625 -27.100685119628906 809.95166015625 
525.74798583984375 -24.126552581787109 803.0579833984375 
523.70819091796875 -23.197616577148438 801.03167724609375 
524.6517333984375 -25.090034484863281 805.32672119140625 
522.617919921875 -24.151248931884766 803.3802490234375 
514.96368408203125 -29.599458694458008 818.1026611328125 
516.43756103515625 -29.131206512451172 816.1123046875 
517.8697509765625 -28.554164886474609 814.05126953125 
519.24871826171875 -27.892120361328125 812.07080078125 
511.75982666015625 -29.695045471191406 817.94976806640625 
513.34576416015625 -29.115962982177734 815.9093017578125 
515.1279296875 -28.463798522949219 813.7261962890625 
516.60162353515625 -27.644418716430664 811.3629150390625 
484.624267578125 -16.400449752807617 796.07867431640625 
485.25546264648438 -16.748411178588867 793.212158203125 
486.08984375 -16.85968017578125 797.85943603515625 
487.58804321289062 -17.557100296020508 799.44622802734375 
485.61172485351562 -17.302473068237305 790.56610107421875 
509.90792846679688 -29.209461212158203 815.9195556640625 
507.23806762695312 -28.681102752685547 814.37274169921875 
512.38311767578125 -28.442049026489258 813.701171875 
509.81353759765625 -28.386810302734375 813.54534912109375 
514.0804443359375 -27.572990417480469 811.15228271484375 
511.29541015625 -27.615772247314453 811.3663330078125 
505.17153930664062 -27.842552185058594 812.53173828125 
508.23379516601562 -27.705476760864258 811.8968505859375 
486.81393432617188 -17.023653030395508 795.15081787109375 
488.46694946289062 -17.589567184448242 797.12298583984375 
487.32366943359375 -17.44471549987793 792.4932861328125 
489.04061889648438 -17.833593368530273 794.619873046875 
521.73760986328125 -22.437822341918945 798.7862548828125 
520.57025146484375 -23.330528259277344 801.24822998046875 
519.772216796875 -21.696401596069336 796.26690673828125 
518.5634765625 -22.609722137451172 798.7291259765625 
516.3487548828125 -21.814472198486328 795.84356689453125 
513.2352294921875 -21.630651473999023 793.9744873046875 
510.06918334960938 -21.468032836914062 792.2662353515625 
489.8223876953125 -18.351327896118164 799.67498779296875 
492.14920043945312 -19.313365936279297 800.074462890625 
523.80023193359375 -26.095909118652344 807.6370849609375 
520.6654052734375 -27.210813522338867 810.32049560546875 
518.31842041015625 -26.839578628540039 809.375 
515.81005859375 -26.439544677734375 808.267578125 
512.885498046875 -26.676742553710938 808.80426025390625 
521.60577392578125 -25.214092254638672 805.79156494140625 
520.91949462890625 -26.265413284301758 808.11700439453125 
519.5654296875 -24.447761535644531 803.96527099609375 
518.6217041015625 -25.694206237792969 806.73126220703125 
516.71624755859375 -25.008256912231445 804.93853759765625 
514.0526123046875 -25.509298324584961 805.857177734375 
517.66265869140625 -23.724077224731445 801.7315673828125 
515.58465576171875 -22.944711685180664 799.2171630859375 
513.078369140625 -22.370180130004883 797.08673095703125 
514.8839111328125 -24.235759735107422 802.53704833984375 
509.98855590820312 -22.024690628051758 795.2135009765625 
490.74008178710938 -18.449636459350586 797.10491943359375 
509.83975219726562 -26.879791259765625 809.4443359375 
511.18548583984375 -25.874731063842773 806.68450927734375 
512.0692138671875 -24.753835678100586 803.58233642578125 
485.73092651367188 -17.848600387573242 787.99334716796875 
487.72955322265625 -17.944208145141602 789.74267578125 
489.55844116210938 -18.199916839599609 791.8656005859375 
491.27999877929688 -18.645256042480469 794.20166015625 
488.72427368164062 -18.18889045715332 772.0089111328125 
487.20968627929688 -18.469326019287109 774.48388671875 
490.40530395507812 -18.492170333862305 774.61444091796875 
485.9820556640625 -18.664512634277344 776.9014892578125 
485.15243530273438 -18.751287460327148 779.2547607421875 
484.7177734375 -18.686233520507812 781.414794921875 
484.3360595703125 -18.528524398803711 783.25457763671875 
485.2904052734375 -18.239240646362305 785.578125 
488.95184326171875 -18.653671264648438 776.87530517578125 
492.1966552734375 -18.754705429077148 777.09423828125 
487.86624145507812 -18.737249374389648 779.28167724609375 
487.22402954101562 -18.713890075683594 781.6856689453125 
486.63510131835938 -18.531576156616211 784.0172119140625 
490.68609619140625 -18.847259521484375 779.3045654296875 
493.54891967773438 -18.992006301879883 779.37030029296875 
495.9080810546875 -19.264659881591797 781.04095458984375 
489.91522216796875 -18.886018753051758 781.74761962890625 
492.81289672851562 -19.117456436157227 781.61395263671875 
489.08889770507812 -18.773094177246094 784.2615966796875 
491.91476440429688 -19.129617691040039 784.012451171875 
487.9716796875 -18.390392303466797 786.8271484375 
490.81146240234375 -18.946130752563477 786.50811767578125 
490.03701782226562 -18.604808807373047 789.07379150390625 
491.89947509765625 -18.956851959228516 791.3118896484375 
492.72430419921875 -19.276376724243164 788.66162109375 
495.02780151367188 -19.450586318969727 783.59979248046875 
493.86508178710938 -19.466899871826172 786.1158447265625 
498.20364379882812 -19.647064208984375 783.08209228515625 
500.42242431640625 -20.052030563354492 785.13482666015625 
503.29315185546875 -20.327116012573242 785.983642578125 
505.14031982421875 -20.753463745117188 788.05767822265625 
497.07974243164062 -19.85356330871582 785.660888671875 
495.69384765625 -19.85206413269043 788.23223876953125 
494.47305297851562 -19.686727523803711 790.86962890625 
498.8778076171875 -20.273530960083008 787.85284423828125 
501.9425048828125 -20.58464241027832 788.0145263671875 
493.56439208984375 -19.424522399902344 793.68414306640625 
492.90304565429688 -19.251569747924805 796.80596923828125 
507.35275268554688 -21.184076309204102 790.34625244140625 
497.46469116210938 -20.30609130859375 790.4503173828125 
496.13330078125 -20.152708053588867 793.11663818359375 
495.18603515625 -19.980522155761719 796.09600830078125 
494.58917236328125 -20.07703971862793 799.3902587890625 
494.27029418945312 -20.589052200317383 802.50299072265625 
500.68341064453125 -20.794496536254883 790.4049072265625 
504.14517211914062 -21.106330871582031 790.57171630859375 
499.227783203125 -20.811267852783203 792.81805419921875 
497.65557861328125 -20.671564102172852 795.42333984375 
496.79550170898438 -20.712783813476562 798.651611328125 
506.58041381835938 -21.660825729370117 793.36993408203125 
502.7427978515625 -21.325656890869141 792.93695068359375 
500.76449584960938 -21.303997039794922 795.29803466796875 
499.01901245117188 -21.221235275268555 797.72674560546875 
503.89501953125 -21.857065200805664 795.7965087890625 
501.3441162109375 -21.885200500488281 798.514892578125 
506.93130493164062 -22.298482894897461 796.82843017578125 
503.93460083007812 -22.521745681762695 799.26177978515625 
509.90414428710938 -22.811195373535156 798.48333740234375 
512.60272216796875 -23.458602905273438 800.3638916015625 
506.75927734375 -23.117753982543945 800.23065185546875 
509.57733154296875 -23.86103630065918 801.70623779296875 
509.204833984375 -25.076511383056641 804.6600341796875 
508.2459716796875 -26.14525032043457 807.5699462890625 
506.68035888671875 -26.964742660522461 810.0963134765625 
503.57598876953125 -26.890762329101562 810.47723388671875 
500.69235229492188 -26.225383758544922 809.606201171875 
498.54025268554688 -25.024139404296875 808.4420166015625 
496.49758911132812 -24.012754440307617 807.72540283203125 
506.58755493164062 -24.156721115112305 803.2393798828125 
506.53628540039062 -25.303306579589844 805.7889404296875 
505.22097778320312 -26.033807754516602 808.0767822265625 
502.726806640625 -25.540830612182617 807.9666748046875 
501.0753173828125 -24.04664421081543 805.973876953125 
498.63031005859375 -22.838050842285156 804.967529296875 
495.89175415039062 -22.09697151184082 805.15228271484375 
496.6195068359375 -21.297185897827148 802.1268310546875 
498.90472412109375 -21.730716705322266 801.0106201171875 
501.12786865234375 -22.659700393676758 802.262451171875 
503.66940307617188 -23.438121795654297 802.71136474609375 
503.99221801757812 -24.620447158813477 805.5059814453125 
480.06466674804688 -13.685070037841797 887.09967041015625 
482.28372192382812 -11.199792861938477 884.36083984375 
483.84463500976562 -12.529973030090332 887.00433349609375 
551.67279052734375 -104.34860229492188 864.7742919921875 
552.51788330078125 -105.02132415771484 861.85076904296875 
549.27850341796875 -105.12683868408203 863.1939697265625 
547.67608642578125 -104.55799865722656 865.92510986328125 
551.07763671875 -103.34603118896484 867.7613525390625 
546.0223388671875 -103.82046508789062 868.6676025390625 
549.71063232421875 -102.4482421875 870.68707275390625 
546.84674072265625 -102.76764678955078 871.68048095703125 
543.81268310546875 -102.93582153320312 871.12353515625 
548.73870849609375 -101.10020446777344 873.64288330078125 
547.04693603515625 -100.17945861816406 876.12847900390625 
544.95343017578125 -101.95574951171875 873.98065185546875 
481.86734008789062 -15.072050094604492 889.592041015625 
485.6761474609375 -13.994102478027344 889.5103759765625 
478.59060668945312 -16.959201812744141 888.35504150390625 
479.04931640625 -20.314422607421875 889.53851318359375 
480.74154663085938 -18.135501861572266 891.03204345703125 
483.69454956054688 -16.500242233276367 891.8875732421875 
487.29669189453125 -15.665361404418945 892.02105712890625 
485.00244140625 -18.263950347900391 894.004150390625 
488.76614379882812 -17.549606323242188 894.50994873046875 
486.37973022460938 -20.284822463989258 896.00274658203125 
490.2095947265625 -19.478836059570312 896.71466064453125 
487.92025756835938 -22.394561767578125 897.78155517578125 
491.81365966796875 -21.390907287597656 898.65130615234375 
489.80029296875 -24.730331420898438 899.51324462890625 
493.6522216796875 -23.310903549194336 900.46722412109375 
533.56329345703125 -92.028053283691406 887.65380859375 
531.90643310546875 -90.393569946289062 888.66143798828125 
534.94561767578125 -90.758377075195312 889.99603271484375 
532.22222900390625 -89.255447387695312 890.7645263671875 
545.663330078125 -98.893852233886719 878.58782958984375 
543.7860107421875 -100.60374450683594 876.89898681640625 
543.89776611328125 -97.768280029296875 880.85540771484375 
542.60101318359375 -99.347328186035156 879.2392578125 
542.112060546875 -96.561653137207031 883.0064697265625 
541.12420654296875 -98.010917663574219 881.454345703125 
541.76422119140625 -102.20993041992188 872.44439697265625 
540.451171875 -101.086669921875 874.99249267578125 
541.0382080078125 -100.18032073974609 877.546630859375 
538.165771484375 -99.652565002441406 876.90191650390625 
539.65496826171875 -99.03662109375 879.38336181640625 
536.6314697265625 -98.133781433105469 879.04638671875 
538.17059326171875 -97.564834594726562 881.463623046875 
535.27789306640625 -96.473251342773438 881.18743896484375 
537.058349609375 -96.1630859375 883.28125 
534.925537109375 -94.952598571777344 883.8360595703125 
537.6590576171875 -94.774696350097656 885.60577392578125 
534.52044677734375 -93.597358703613281 885.85546875 
536.629638671875 -92.769012451171875 887.95245361328125 
534.52032470703125 -88.879158020019531 891.90423583984375 
532.00775146484375 -87.806747436523438 892.50750732421875 
533.881103515625 -87.612892150878906 893.05731201171875 
531.86236572265625 -86.830535888671875 893.53070068359375 
534.325927734375 -86.254470825195312 894.0103759765625 
532.09130859375 -85.343116760253906 894.9639892578125 
530.08612060546875 -84.830368041992188 894.9317626953125 
531.27313232421875 -83.955162048339844 896.040283203125 
529.22344970703125 -82.671615600585938 896.700927734375 
479.911865234375 -23.515695571899414 889.216552734375 
480.90386962890625 -21.328365325927734 891.873291015625 
481.62557983398438 -26.299175262451172 888.538818359375 
481.93020629882812 -24.600311279296875 891.686767578125 
484.02090454101562 -28.041837692260742 889.6634521484375 
485.56619262695312 -28.150905609130859 892.81439208984375 
484.04769897460938 -25.509653091430664 893.94024658203125 
492.23919677734375 -27.389993667602539 901.36395263671875 
496.12588500976562 -24.755382537841797 901.95135498046875 
495.19293212890625 -28.406215667724609 903.22247314453125 
499.03396606445312 -25.904365539550781 903.067138671875 
497.63595581054688 -28.952255249023438 904.4149169921875 
500.69171142578125 -27.780302047729492 904.51446533203125 
499.205810546875 -30.788970947265625 905.3885498046875 
503.22857666015625 -29.119012832641602 905.39312744140625 
501.34979248046875 -32.323165893554688 906.3612060546875 
505.55511474609375 -30.67314338684082 906.2135009765625 
503.62722778320312 -33.885921478271484 907.23175048828125 
507.333740234375 -32.660022735595703 907.13360595703125 
505.75003051757812 -35.68341064453125 907.96240234375 
509.3475341796875 -34.602947235107422 907.76690673828125 
540.9124755859375 -94.832427978515625 885.17498779296875 
539.51898193359375 -96.522544860839844 883.55828857421875 
539.675048828125 -92.979934692382812 887.26123046875 
539.10418701171875 -90.648063659667969 889.0626220703125 
537.5426025390625 -88.854957580566406 891.019775390625 
536.4974365234375 -87.63458251953125 892.28125 
532.908935546875 -84.2789306640625 895.62908935546875 
532.21722412109375 -81.977973937988281 897.10015869140625 
508.06454467773438 -37.513294219970703 908.56573486328125 
511.94024658203125 -36.241069793701172 907.86431884765625 
510.95208740234375 -39.4375 908.96533203125 
514.342041015625 -38.097789764404297 907.6468505859375 
515.01885986328125 -40.718345642089844 908.467529296875 
530.82000732421875 -79.966140747070312 898.523193359375 
527.52423095703125 -80.582511901855469 897.795654296875 
529.6339111328125 -77.763320922851562 899.85369873046875 
525.9932861328125 -78.393821716308594 898.774658203125 
526.58807373046875 -76.2630615234375 900.93463134765625 
524.63507080078125 -76.110992431640625 899.80810546875 
529.455810546875 -75.194412231445312 900.83917236328125 
528.89849853515625 -72.661781311035156 901.7943115234375 
527.0523681640625 -74.406707763671875 901.843505859375 
528.01519775390625 -70.188026428222656 902.81536865234375 
526.3048095703125 -72.495109558105469 902.7313232421875 
525.0799560546875 -74.369247436523438 901.7655029296875 
523.353271484375 -73.778602600097656 900.84765625 
527.3148193359375 -67.537803649902344 903.62939453125 
525.575927734375 -70.092575073242188 903.720703125 
526.33172607421875 -64.890289306640625 904.53546142578125 
524.80487060546875 -67.501663208007812 904.6964111328125 
525.23944091796875 -62.242881774902344 905.4449462890625 
523.84759521484375 -64.837722778320312 905.6363525390625 
524.27294921875 -59.444137573242188 906.15362548828125 
522.76904296875 -62.057151794433594 906.5224609375 
523.4451904296875 -56.578449249267578 906.56085205078125 
521.62286376953125 -59.195220947265625 907.3289794921875 
522.59405517578125 -53.700813293457031 906.76556396484375 
520.490478515625 -56.265914916992188 908.00433349609375 
521.487548828125 -50.906898498535156 907.104736328125 
519.3056640625 -53.376182556152344 908.5286865234375 
520.0802001953125 -48.168117523193359 907.619873046875 
518.0335693359375 -50.459800720214844 908.8941650390625 
518.74139404296875 -45.4361572265625 907.82098388671875 
516.77178955078125 -47.612682342529297 909.1041259765625 
517.20867919921875 -42.83221435546875 907.98907470703125 
516.0634765625 -45.070030212402344 909.0567626953125 
513.94427490234375 -43.685562133789062 909.2799072265625 
511.81756591796875 -42.241279602050781 909.23675537109375 
523.93060302734375 -72.184051513671875 902.78131103515625 
522.0830078125 -71.442108154296875 901.6732177734375 
522.95361328125 -69.813796997070312 903.8602294921875 
520.9979248046875 -69.012237548828125 902.79486083984375 
522.05535888671875 -67.295539855957031 904.86865234375 
519.85797119140625 -66.505302429199219 903.6915283203125 
521.029541015625 -64.714378356933594 905.744873046875 
518.66497802734375 -63.990776062011719 904.31512451171875 
519.7764892578125 -62.032466888427734 906.49749755859375 
517.3876953125 -61.446613311767578 904.6611328125 
518.48651123046875 -59.248199462890625 907.1881103515625 
516.2344970703125 -58.809200286865234 905.3621826171875 
517.21820068359375 -56.424057006835938 907.81146240234375 
514.98724365234375 -56.153617858886719 905.82177734375 
515.90216064453125 -53.540657043457031 908.324951171875 
513.6329345703125 -53.514495849609375 906.1005859375 
514.55755615234375 -50.736377716064453 908.6898193359375 
512.22100830078125 -50.811798095703125 906.55401611328125 
513.2437744140625 -47.318706512451172 909.05682373046875 
510.60662841796875 -48.339443206787109 906.42584228515625 
510.81201171875 -45.188388824462891 908.65069580078125 
508.87677001953125 -45.967544555664062 906.1854248046875 
509.02606201171875 -42.954921722412109 908.39105224609375 
507.09774780273438 -43.576835632324219 906.13458251953125 
507.16470336914062 -40.76568603515625 908.0234375 
505.2022705078125 -41.68585205078125 905.33135986328125 
504.97213745117188 -39.043197631835938 907.2274169921875 
503.28497314453125 -39.991847991943359 904.22540283203125 
502.91549682617188 -37.287528991699219 906.48529052734375 
501.26565551757812 -38.121223449707031 903.5550537109375 
500.8282470703125 -35.672168731689453 905.64251708984375 
499.24124145507812 -36.568820953369141 902.3546142578125 
498.69122314453125 -34.202384948730469 904.647705078125 
497.1396484375 -35.067008972167969 901.1341552734375 
496.29092407226562 -32.197761535644531 903.5772705078125 
494.94464111328125 -33.314468383789062 900.7039794921875 
488.11822509765625 -29.726673126220703 894.38494873046875 
486.67315673828125 -26.448709487915039 896.55340576171875 
490.5611572265625 -31.038089752197266 896.43206787109375 
489.44000244140625 -28.649160385131836 898.3343505859375 
492.96240234375 -32.438014984130859 898.21533203125 
491.48236083984375 -30.351802825927734 899.4735107421875 
493.59860229492188 -31.008872985839844 901.57794189453125 
485.3577880859375 -23.409189224243164 896.15875244140625 
482.45675659179688 -19.067836761474609 892.90557861328125 
483.29861450195312 -21.775703430175781 894.3048095703125 
565.62811279296875 -101.36911773681641 846.6153564453125 
565.9796142578125 -101.8853759765625 842.90289306640625 
563.34771728515625 -103.43511199951172 845.7933349609375 
529.00030517578125 -70.177169799804688 901.9847412109375 
528.126953125 -67.352401733398438 902.733154296875 
529.114013671875 -67.926185607910156 901.09246826171875 
530.423095703125 -70.964012145996094 899.86419677734375 
531.5560302734375 -72.03106689453125 897.7227783203125 
532.66949462890625 -73.6600341796875 895.789306640625 
533.8232421875 -75.907142639160156 894.52972412109375 
534.9766845703125 -78.346931457519531 893.5877685546875 
536.1480712890625 -80.775146484375 892.6268310546875 
537.2039794921875 -83.279655456542969 891.910888671875 
538.11181640625 -85.767585754394531 891.14630126953125 
539.168212890625 -88.098869323730469 889.79522705078125 
540.08746337890625 -90.44854736328125 888.319580078125 
541.33319091796875 -92.339431762695312 886.5009765625 
542.84600830078125 -93.888893127441406 884.48126220703125 
544.27313232421875 -95.321487426757812 882.5032958984375 
546.01104736328125 -96.354232788085938 880.3275146484375 
547.376953125 -97.7177734375 878.22406005859375 
548.76043701171875 -98.964813232421875 875.97918701171875 
550.9727783203125 -100.62691497802734 872.0955810546875 
552.54541015625 -99.089714050292969 871.39898681640625 
563.72259521484375 -102.74082183837891 848.52398681640625 
561.494140625 -104.24765777587891 848.80487060546875 
564.7244873046875 -100.99098205566406 850.09161376953125 
552.19842529296875 -101.39720153808594 869.8416748046875 
554.283447265625 -99.519134521484375 868.78680419921875 
562.56878662109375 -103.01117706298828 851.04351806640625 
559.42767333984375 -104.924072265625 851.4774169921875 
561.21759033203125 -103.15260314941406 853.8031005859375 
558.09234619140625 -105.02062225341797 854.28753662109375 
553.5455322265625 -102.20808410644531 867.13140869140625 
556.08856201171875 -99.638458251953125 866.13818359375 
554.93548583984375 -102.82755279541016 864.3751220703125 
554.2501220703125 -105.25485229492188 859.20916748046875 
556.5244140625 -103.11106872558594 861.66290283203125 
556.01043701171875 -105.32318878173828 856.61053466796875 
558.201904296875 -103.16120910644531 859.0050048828125 
559.7662353515625 -103.18808746337891 856.4365234375 
557.87872314453125 -99.695404052734375 863.4305419921875 
559.72271728515625 -99.266914367675781 860.76800537109375 
561.2496337890625 -99.644287109375 858.193115234375 
562.432861328125 -100.40283966064453 855.67974853515625 
563.61578369140625 -100.74197387695312 853.03277587890625 
555.10205078125 -67.713630676269531 815.37896728515625 
552.236328125 -10.927282333374023 772.736083984375 
551.4498291015625 -12.79576301574707 774.09619140625 
550.56951904296875 -13.494830131530762 776.3712158203125 
554.0345458984375 -65.010475158691406 814.5338134765625 
553.80291748046875 -63.512760162353516 811.393798828125 
553.0382080078125 -62.056251525878906 809.05938720703125 
551.60015869140625 -60.313594818115234 807.19757080078125 
549.93780517578125 -58.662391662597656 805.3304443359375 
548.25299072265625 -56.997486114501953 803.6566162109375 
546.78204345703125 -55.257961273193359 801.89471435546875 
550.07208251953125 -15.512565612792969 777.60113525390625 
549.23358154296875 -16.732189178466797 780.156005859375 
548.738037109375 -18.164056777954102 782.17095947265625 
548.53143310546875 -19.938751220703125 783.89263916015625 
548.41070556640625 -21.947568893432617 785.5548095703125 
548.27850341796875 -24.033086776733398 787.30523681640625 
548.03875732421875 -26.123090744018555 789.11834716796875 
547.6798095703125 -28.251928329467773 790.74176025390625 
547.5162353515625 -30.571340560913086 791.9630126953125 
550.563232421875 -15.59982967376709 774.4915771484375 
549.63714599609375 -18.310995101928711 774.8538818359375 
548.703857421875 -21.089076995849609 775.106689453125 
548.0489501953125 -23.515483856201172 775.82403564453125 
547.8199462890625 -25.646678924560547 776.96368408203125 
547.908935546875 -27.608905792236328 778.42333984375 
548.14697265625 -29.474033355712891 780.20794677734375 
548.42333984375 -31.416187286376953 782.17279052734375 
548.57769775390625 -33.443733215332031 784.2159423828125 
548.12603759765625 -35.301166534423828 786.35931396484375 
547.4384765625 -36.829639434814453 788.48492431640625 
547.00604248046875 -38.057460784912109 790.65625 
546.83648681640625 -39.365394592285156 792.82525634765625 
546.58526611328125 -40.807773590087891 795.429443359375 
545.928955078125 -43.936492919921875 796.7137451171875 
545.4361572265625 -46.743694305419922 797.18927001953125 
545.53411865234375 -48.00689697265625 799.21044921875 
545.65240478515625 -49.791015625 801.304931640625 
545.962158203125 -51.554988861083984 803.40533447265625 
551.4810791015625 -61.624267578125 815.20855712890625 
549.34588623046875 -58.833118438720703 814.91937255859375 
547.57562255859375 -56.158714294433594 813.79119873046875 
545.88616943359375 -53.322208404541016 812.60369873046875 
544.5240478515625 -50.31591796875 811.7247314453125 
543.81353759765625 -47.91839599609375 810.96649169921875 
544.16650390625 -47.202220916748047 808.775146484375 
544.92144775390625 -47.124523162841797 805.549072265625 
545.27362060546875 -45.311058044433594 803.03448486328125 
545.73541259765625 -43.356601715087891 800.5289306640625 
546.0313720703125 -39.808731079101562 799.32757568359375 
546.3359375 -36.810375213623047 798.0242919921875 
546.76123046875 -34.014209747314453 796.13775634765625 
547.6392822265625 -33.302284240722656 792.9962158203125 
549.6705322265625 -18.596429824829102 777.54656982421875 
549.1131591796875 -21.081150054931641 777.375244140625 
548.94073486328125 -22.593137741088867 778.5020751953125 
548.85205078125 -24.40873908996582 779.8502197265625 
548.852783203125 -26.284500122070312 781.449462890625 
548.93438720703125 -28.264907836914062 783.23175048828125 
551.79693603515625 -60.955268859863281 812.27386474609375 
549.41363525390625 -19.589296340942383 779.57220458984375 
549.20703125 -21.176162719726562 781.16033935546875 
549.083740234375 -23.017614364624023 782.6881103515625 
549.0040283203125 -25.046186447143555 784.37847900390625 
550.4566650390625 -59.049892425537109 811.08306884765625 
548.617431640625 -56.533935546875 809.47296142578125 
546.34295654296875 -53.1566162109375 809.27166748046875 
548.8768310546875 -27.106346130371094 786.24053955078125 
548.97149658203125 -30.302474975585938 785.2081298828125 
548.62152099609375 -29.135807037353516 788.1221923828125 
548.73919677734375 -32.144977569580078 787.36822509765625 
548.2669677734375 -30.763870239257812 789.68896484375 
548.19000244140625 -33.540935516357422 789.85321044921875 
547.7528076171875 -35.606884002685547 791.14801025390625 
547.53045654296875 -36.373630523681641 793.26593017578125 
547.125732421875 -37.566917419433594 795.25518798828125 
545.293212890625 -49.725299835205078 806.5582275390625 
545.02618408203125 -50.123771667480469 808.90435791015625 
546.54962158203125 -53.177589416503906 805.83306884765625 
548.0062255859375 -55.704822540283203 806.69293212890625 
493.10305786132812 -8.8475522994995117 752.32598876953125 
494.71884155273438 -8.3386735916137695 752.04498291015625 
493.9266357421875 -10.265828132629395 752.7584228515625 
536.10760498046875 -9.8711452484130859 771.671630859375 
492.068603515625 -10.736844062805176 753.4315185546875 
493.58645629882812 -12.481759071350098 753.72412109375 
491.3892822265625 -12.56650447845459 754.79254150390625 
493.28024291992188 -14.51441764831543 754.94677734375 
491.49917602539062 -14.326584815979004 756.60650634765625 
493.32608032226562 -16.362041473388672 756.44854736328125 
493.06658935546875 -16.489534378051758 758.0589599609375 
491.871826171875 -15.608469009399414 758.71405029296875 
494.09747314453125 -17.819679260253906 759.50140380859375 
493.5369873046875 -16.954410552978516 760.6513671875 
495.385986328125 -18.527938842773438 761.67852783203125 
494.95513916015625 -17.898782730102539 762.65802001953125 
497.19140625 -19.359281539916992 763.57012939453125 
496.96957397460938 -18.826593399047852 764.31402587890625 
499.2947998046875 -19.758760452270508 765.42559814453125 
498.78378295898438 -19.04893684387207 766.3485107421875 
501.677490234375 -19.746936798095703 767.16949462890625 
501.05654907226562 -19.139675140380859 768.10406494140625 
504.23220825195312 -19.566402435302734 768.74127197265625 
503.61480712890625 -19.11186408996582 769.51727294921875 
506.05621337890625 -18.865976333618164 771.0123291015625 
506.87503051757812 -19.217311859130859 770.07568359375 
508.527099609375 -18.697437286376953 772.44061279296875 
509.56036376953125 -18.953571319580078 771.282470703125 
510.863037109375 -18.659004211425781 773.99853515625 
510.87030029296875 -18.760232925415039 772.778076171875 
512.37957763671875 -18.961942672729492 772.2796630859375 
536.19915771484375 -10.641581535339355 773.5361328125 
535.64251708984375 -12.790298461914062 772.64312744140625 
512.98345947265625 -18.831878662109375 773.82379150390625 
513.113037109375 -18.75189208984375 775.54986572265625 
515.2547607421875 -19.145885467529297 773.14666748046875 
531.37506103515625 -22.63551139831543 798.27996826171875 
529.459228515625 -21.786205291748047 796.38507080078125 
527.6910400390625 -21.317094802856445 794.5101318359375 
526.12762451171875 -20.731658935546875 792.59320068359375 
524.87200927734375 -20.218130111694336 790.9822998046875 
522.66632080078125 -19.89849853515625 790.30169677734375 
525.0191650390625 -19.805187225341797 789.0057373046875 
522.4312744140625 -19.467008590698242 787.8309326171875 
525.1502685546875 -19.363424301147461 786.6343994140625 
522.506103515625 -19.176015853881836 785.43463134765625 
532.49627685546875 -21.943283081054688 796.02532958984375 
533.44903564453125 -21.224250793457031 793.80828857421875 
534.1138916015625 -20.100807189941406 791.69097900390625 
525.13702392578125 -19.097934722900391 784.259765625 
522.60308837890625 -19.042854309082031 783.10888671875 
515.3892822265625 -18.965816497802734 775.00274658203125 
517.9205322265625 -19.371232986450195 774.1480712890625 
534.32269287109375 -18.983987808227539 789.638671875 
534.138916015625 -17.96980094909668 787.423828125 
535.722900390625 -12.605700492858887 775.18505859375 
535.5836181640625 -13.588872909545898 777.7783203125 
535.18011474609375 -14.559975624084473 780.0953369140625 
534.6058349609375 -15.654163360595703 782.3551025390625 
515.4564208984375 -18.954933166503906 776.90118408203125 
533.6947021484375 -17.042732238769531 784.79736328125 
517.6806640625 -19.146791458129883 776.19189453125 
517.8291015625 -19.197982788085938 778.078125 
520.2916259765625 -19.266788482666016 779.10760498046875 
520.00885009765625 -19.271671295166016 777.22735595703125 
525.0594482421875 -19.114856719970703 781.97552490234375 
521.94024658203125 -19.146820068359375 780.869140625 
534.28973388671875 -15.361273765563965 773.4417724609375 
533.898681640625 -15.569860458374023 775.82366943359375 
532.2271728515625 -17.490837097167969 774.0888671875 
529.6019287109375 -18.981359481811523 774.5894775390625 
531.25872802734375 -17.738296508789062 776.19818115234375 
526.76239013671875 -19.949851989746094 774.643798828125 
528.1915283203125 -19.173587799072266 776.3594970703125 
523.90179443359375 -20.32264518737793 774.39166259765625 
524.9696044921875 -19.660350799560547 776.31524658203125 
520.94000244140625 -19.938629150390625 774.17767333984375 
522.0213623046875 -19.594205856323242 776.0078125 
519.694091796875 -19.433097839355469 775.576904296875 
522.8587646484375 -19.306913375854492 778.24017333984375 
524.8564453125 -19.250858306884766 779.94146728515625 
526.4932861328125 -19.431161880493164 778.19464111328125 
530.5262451171875 -21.350841522216797 794.2099609375 
528.75970458984375 -20.830045700073242 792.314453125 
531.446044921875 -20.567228317260742 792.09478759765625 
527.07598876953125 -20.284990310668945 790.4725341796875 
529.81396484375 -20.104015350341797 790.2628173828125 
532.20184326171875 -19.754110336303711 790.4398193359375 
533.28802490234375 -16.223505020141602 778.07708740234375 
528.13909912109375 -19.765827178955078 788.003662109375 
527.8013916015625 -19.160232543945312 785.343994140625 
531.5338134765625 -19.252470016479492 788.6044921875 
530.8853759765625 -18.725959777832031 786.32177734375 
527.93572998046875 -18.845476150512695 783.17791748046875 
530.26458740234375 -18.304832458496094 784.41925048828125 
531.20843505859375 -17.700881958007812 782.570068359375 
532.26507568359375 -16.974451065063477 780.3114013671875 
530.05364990234375 -18.316122055053711 778.23895263671875 
528.3192138671875 -18.919780731201172 780.5491943359375 
480.19955444335938 -18.795261383056641 795.2191162109375 
481.10708618164062 -18.070655822753906 768.7462158203125 
481.72250366210938 -17.424102783203125 766.57879638671875 
479.5986328125 -19.589637756347656 792.33038330078125 
479.630126953125 -19.41197395324707 789.77398681640625 
479.3291015625 -19.777515411376953 787.1158447265625 
479.77288818359375 -18.706167221069336 770.699951171875 
478.54287719726562 -20.482404708862305 784.5372314453125 
477.730712890625 -21.02142333984375 782.12744140625 
477.32049560546875 -21.049558639526367 779.82379150390625 
477.4866943359375 -20.608924865722656 777.49359130859375 
477.76657104492188 -20.058647155761719 775.01318359375 
478.02294921875 -19.434974670410156 772.41204833984375 
498.49661254882812 -47.301769256591797 799.350830078125 
501.907470703125 -46.645084381103516 798.422119140625 
499.802978515625 -47.821971893310547 796.9022216796875 
485.20492553710938 -14.330790519714355 758.7034912109375 
492.61874389648438 -41.655574798583984 778.33050537109375 
492.49755859375 -41.007804870605469 776.20721435546875 
489.70083618164062 -40.3935546875 776.76922607421875 
496.80908203125 -47.758560180664062 797.83001708984375 
497.80258178710938 -48.287769317626953 795.6011962890625 
495.84634399414062 -45.907951354980469 800.87939453125 
468.078125 -21.650835037231445 765.99359130859375 
468.88775634765625 -20.001373291015625 763.87847900390625 
483.44937133789062 -15.267854690551758 760.7177734375 
481.60165405273438 -14.36570930480957 758.57977294921875 
478.2852783203125 -14.665306091308594 758.54656982421875 
479.808837890625 -15.418392181396484 760.604736328125 
476.32455444335938 -15.727060317993164 760.43212890625 
470.54476928710938 -19.415971755981445 765.60400390625 
471.56472778320312 -18.060552597045898 763.36309814453125 
467.64535522460938 -23.351982116699219 767.98919677734375 
467.48150634765625 -27.739160537719727 769.8211669921875 
467.64736938476562 -25.209976196289062 769.95245361328125 
468.8475341796875 -30.22270393371582 771.18438720703125 
468.21246337890625 -27.184013366699219 771.85345458984375 
470.76382446289062 -32.366867065429688 772.72052001953125 
469.42056274414062 -29.357789993286133 773.5135498046875 
473.0767822265625 -34.310462951660156 774.02362060546875 
471.3870849609375 -31.836273193359375 775.04705810546875 
481.73770141601562 -16.161334991455078 762.7401123046875 
480.16549682617188 -16.975839614868164 764.73211669921875 
495.29830932617188 -47.535388946533203 795.75653076171875 
496.11306762695312 -47.550491333007812 793.51104736328125 
489.28970336914062 -40.703601837158203 779.21392822265625 
486.84054565429688 -39.441810607910156 777.1671142578125 
492.98080444335938 -42.310310363769531 780.54498291015625 
493.41555786132812 -43.077667236328125 782.9051513671875 
490.44140625 -41.554405212402344 781.87420654296875 
493.587646484375 -43.934944152832031 785.4154052734375 
491.22628784179688 -42.375858306884766 784.36529541015625 
493.85385131835938 -44.983268737792969 788.22320556640625 
491.96627807617188 -43.383232116699219 787.00433349609375 
475.560791015625 -35.839046478271484 774.9656982421875 
473.8929443359375 -33.996227264404297 776.373291015625 
478.09280395507812 -36.749523162841797 776.0791015625 
476.5545654296875 -35.362018585205078 777.71234130859375 
480.84695434570312 -37.580116271972656 776.8680419921875 
479.45968627929688 -36.489765167236328 778.75262451171875 
483.81298828125 -38.461666107177734 777.10040283203125 
482.51596069335938 -37.724529266357422 779.07421875 
485.72122192382812 -39.052165985107422 779.19097900390625 
478.02679443359375 -16.361614227294922 762.548828125 
474.15628051757812 -16.750961303710938 762.12335205078125 
493.85409545898438 -46.23529052734375 793.026611328125 
494.65496826171875 -46.264259338378906 791.045654296875 
492.75686645507812 -44.670757293701172 789.9541015625 
473.54656982421875 -17.968257904052734 764.98577880859375 
476.67254638671875 -17.298297882080078 764.6552734375 
485.93460083007812 -22.179435729980469 803.1566162109375 
487.99423217773438 -22.471750259399414 805.00665283203125 
486.78353881835938 -24.664033889770508 803.70806884765625 
489.0400390625 -24.956802368164062 806.3365478515625 
484.21240234375 -21.635047912597656 801.4615478515625 
484.95822143554688 -24.373193740844727 801.24652099609375 
482.71749877929688 -21.277870178222656 799.488037109375 
483.33242797851562 -23.879070281982422 798.95184326171875 
481.33551025390625 -20.566360473632812 797.87554931640625 
481.89004516601562 -22.930681228637695 797.02410888671875 
480.26556396484375 -19.34820556640625 796.0941162109375 
480.55023193359375 -21.635002136230469 795.5919189453125 
479.6097412109375 -22.299785614013672 793.0601806640625 
487.941162109375 -27.077417373657227 804.64697265625 
490.38037109375 -27.16874885559082 807.58013916015625 
489.34744262695312 -29.270650863647461 805.85333251953125 
490.73867797851562 -31.499738693237305 806.82525634765625 
491.97750854492188 -34.336231231689453 806.97369384765625 
493.69741821289062 -34.199581146240234 808.37249755859375 
493.62484741210938 -38.59814453125 806.35205078125 
478.87954711914062 -17.767358779907227 766.73095703125 
477.83663940429688 -18.545007705688477 768.8551025390625 
476.65591430664062 -19.378767013549805 770.9361572265625 
475.66726684570312 -20.343648910522461 773.1375732421875 
475.063232421875 -21.384956359863281 775.48187255859375 
474.53530883789062 -22.584423065185547 777.75543212890625 
474.40753173828125 -23.928762435913086 780.21575927734375 
475.55038452148438 -23.835195541381836 782.814453125 
476.72256469726562 -23.818159103393555 785.67266845703125 
478.00222778320312 -22.164791107177734 788.05950927734375 
478.60317993164062 -22.492702484130859 790.29815673828125 
491.44076538085938 -37.228076934814453 804.6165771484375 
492.53729248046875 -40.765304565429688 803.40850830078125 
494.44180297851562 -42.778663635253906 803.48681640625 
493.53582763671875 -44.094810485839844 801.25946044921875 
494.3929443359375 -46.430397033691406 798.61968994140625 
492.23214721679688 -43.9962158203125 798.78173828125 
487.35455322265625 -39.802318572998047 781.3514404296875 
469.72665405273438 -20.87486457824707 767.77484130859375 
475.71484375 -18.245153427124023 766.9298095703125 
472.64541625976562 -19.137483596801758 767.3504638671875 
474.78176879882812 -19.216890335083008 769.16058349609375 
471.63949584960938 -20.513051986694336 769.58660888671875 
473.73526000976562 -20.371538162231445 771.3353271484375 
490.111328125 -33.892585754394531 804.3526611328125 
488.80120849609375 -31.243036270141602 803.47015380859375 
468.94607543945312 -22.747961044311523 769.8406982421875 
470.75802612304688 -22.173860549926758 771.73297119140625 
472.77340698242188 -21.839275360107422 773.5714111328125 
468.79757690429688 -24.638051986694336 771.8494873046875 
470.32913208007812 -24.129753112792969 773.7803955078125 
472.2861328125 -23.43476676940918 775.73388671875 
469.26956176757812 -26.61480712890625 773.82574462890625 
470.61764526367188 -26.158231735229492 775.8570556640625 
470.385986328125 -28.86808967590332 775.694091796875 
488.6134033203125 -40.539688110351562 783.63446044921875 
489.66195678710938 -41.365169525146484 786.017822265625 
472.28720092773438 -31.296995162963867 777.3934326171875 
471.56289672851562 -28.22752571105957 777.84820556640625 
472.253173828125 -25.338983535766602 777.91943359375 
472.928955078125 -27.336250305175781 779.94683837890625 
474.14984130859375 -26.332571029663086 781.70196533203125 
473.34671020507812 -30.477390289306641 779.7652587890625 
474.36148071289062 -29.095178604125977 781.901123046875 
474.88107299804688 -33.304847717285156 779.0111083984375 
478.04800415039062 -34.603420257568359 781.01971435546875 
481.32675170898438 -36.484157562255859 781.2696533203125 
484.33529663085938 -38.142391204833984 781.25909423828125 
486.0299072265625 -38.729625701904297 783.3592529296875 
487.39593505859375 -39.400951385498047 785.4312744140625 
475.76651000976562 -31.995237350463867 781.72772216796875 
490.51718139648438 -42.334545135498047 788.72100830078125 
488.35409545898438 -39.994716644287109 787.65802001953125 
475.30413818359375 -27.010168075561523 783.71258544921875 
476.36077880859375 -29.993011474609375 784.08697509765625 
478.34161376953125 -32.490077972412109 784.0546875 
480.80438232421875 -34.752601623535156 783.78924560546875 
480.82986450195312 -24.371316909790039 794.1212158203125 
482.50253295898438 -25.519758224487305 795.9478759765625 
484.24798583984375 -26.287742614746094 798.45623779296875 
486.00396728515625 -26.727285385131836 801.4439697265625 
487.36569213867188 -28.956239700317383 802.29620361328125 
487.37890625 -31.074357986450195 800.03436279296875 
488.6922607421875 -33.325614929199219 801.2799072265625 
485.65524291992188 -28.906211853027344 798.2303466796875 
483.61248779296875 -27.92193603515625 795.08782958984375 
481.33392333984375 -27.146585464477539 792.2532958984375 
479.41879272460938 -25.059726715087891 791.11907958984375 
477.82305908203125 -25.023387908935547 788.29608154296875 
477.00177001953125 -27.56849479675293 786.1710205078125 
479.0616455078125 -27.616857528686523 788.8714599609375 
478.6761474609375 -30.140754699707031 786.5076904296875 
480.9583740234375 -29.706758499145508 789.19732666015625 
483.02438354492188 -29.653619766235352 791.81842041015625 
481.11441040039062 -32.483280181884766 786.7235107421875 
483.45184326171875 -36.853294372558594 783.4649658203125 
485.33236694335938 -37.503944396972656 785.3817138671875 
486.700439453125 -38.275554656982422 786.94732666015625 
483.27041625976562 -35.259319305419922 785.86907958984375 
485.45138549804688 -36.36199951171875 787.6068115234375 
482.69000244140625 -31.427719116210938 789.3876953125 
483.83233642578125 -33.73480224609375 788.44757080078125 
487.2540283203125 -38.139656066894531 789.012451171875 
489.05905151367188 -40.535053253173828 790.28289794921875 
484.50564575195312 -32.166416168212891 791.20404052734375 
484.9661865234375 -30.459365844726562 794.306640625 
486.59152221679688 -31.740890502929688 796.7200927734375 
487.76416015625 -33.085174560546875 798.64813232421875 
491.33157348632812 -43.577503204345703 792.25238037109375 
492.95465087890625 -45.640853881835938 795.833251953125 
490.79168701171875 -42.670677185058594 795.4498291015625 
491.61932373046875 -41.421867370605469 800.8330078125 
491.039306640625 -38.831203460693359 802.32464599609375 
489.91693115234375 -36.124240875244141 802.0975341796875 
488.76483154296875 -35.419384002685547 799.19622802734375 
490.03683471679688 -38.395648956298828 799.9237060546875 
490.39825439453125 -40.780342102050781 797.80517578125 
489.56097412109375 -40.942180633544922 792.8265380859375 
488.11203002929688 -38.442787170410156 791.70867919921875 
486.16262817382812 -35.383026123046875 790.54827880859375 
486.28524780273438 -33.295719146728516 793.60321044921875 
487.69183349609375 -36.3526611328125 793.7332763671875 
487.63720703125 -34.45867919921875 796.33074951171875 
488.90420532226562 -37.474685668945312 796.86334228515625 
489.19073486328125 -39.509441375732422 794.6529541015625 
483.33126831054688 -15.431302070617676 854.67181396484375 
482.0579833984375 -15.225985527038574 857.2552490234375 
480.66912841796875 -15.25936222076416 859.77996826171875 
480.14739990234375 -15.39961051940918 862.33837890625 
479.78033447265625 -14.906272888183594 864.9261474609375 
478.94113159179688 -13.773285865783691 867.25982666015625 
481.18893432617188 -13.042891502380371 867.70355224609375 
513.633056640625 -33.871337890625 904.4881591796875 
516.3040771484375 -36.603511810302734 903.7425537109375 
514.8367919921875 -36.537067413330078 905.99945068359375 
512.60797119140625 -34.301288604736328 906.18798828125 
510.06137084960938 -32.526569366455078 906.3189697265625 
510.67401123046875 -31.564373016357422 904.924072265625 
508.30084228515625 -30.588176727294922 905.41656494140625 
509.48916625976562 -29.652973175048828 903.36517333984375 
506.56427001953125 -28.726032257080078 904.21435546875 
508.072021484375 -27.882219314575195 901.82965087890625 
504.41644287109375 -27.073141098022461 903.1732177734375 
505.68365478515625 -26.335609436035156 901.25494384765625 
502.05410766601562 -25.49864387512207 902.129150390625 
503.49462890625 -24.727266311645508 900.23052978515625 
499.734375 -23.844635009765625 900.8631591796875 
501.41632080078125 -23.045969009399414 898.95513916015625 
497.271728515625 -22.22723388671875 899.54400634765625 
499.429443359375 -21.289281845092773 897.454833984375 
495.03134155273438 -20.522455215454102 897.92938232421875 
497.28988647460938 -19.494241714477539 895.83636474609375 
493.37945556640625 -18.658811569213867 895.841796875 
495.6241455078125 -17.595401763916016 893.62811279296875 
491.88311767578125 -16.715654373168945 893.37664794921875 
494.46493530273438 -15.690265655517578 891.007080078125 
490.5966796875 -14.792519569396973 890.64556884765625 
493.46780395507812 -13.950428009033203 888.3114013671875 
489.03955078125 -13.105511665344238 888.06988525390625 
491.8017578125 -12.52518367767334 885.97760009765625 
487.05551147460938 -11.672280311584473 885.62841796875 
489.97323608398438 -11.299406051635742 883.603759765625 
487.7227783203125 -10.201765060424805 881.4288330078125 
484.55117797851562 -10.546521186828613 883.38702392578125 
484.82122802734375 -9.3532533645629883 879.54248046875 
481.80596923828125 -9.8728666305541992 881.28997802734375 
477.85324096679688 -11.838732719421387 870.63238525390625 
482.03887939453125 -11.360211372375488 870.53265380859375 
479.53219604492188 -10.354711532592773 872.79669189453125 
482.58682250976562 -9.9239683151245117 873.504638671875 
476.13888549804688 -12.235188484191895 872.011474609375 
478.28280639648438 -10.097011566162109 875.29742431640625 
482.061279296875 -9.1643552780151367 878.3563232421875 
478.70343017578125 -10.136109352111816 879.23846435546875 
483.64730834960938 -9.1970157623291016 876.5587158203125 
480.89773559570312 -9.3716650009155273 875.82568359375 
531.6112060546875 -37.523532867431641 832.43011474609375 
531.14471435546875 -37.803909301757812 835.1204833984375 
530.56964111328125 -37.768947601318359 837.86419677734375 
530.01318359375 -37.581127166748047 840.59954833984375 
529.50152587890625 -37.329978942871094 843.36700439453125 
529.1734619140625 -37.698261260986328 846.08447265625 
528.80462646484375 -37.879810333251953 848.8519287109375 
528.3729248046875 -37.636035919189453 851.6778564453125 
527.925048828125 -37.093967437744141 854.5164794921875 
527.43194580078125 -36.469135284423828 857.3343505859375 
526.9024658203125 -36.026039123535156 860.1151123046875 
526.32220458984375 -35.864662170410156 862.88037109375 
525.69024658203125 -35.693813323974609 865.6375732421875 
524.8941650390625 -34.972034454345703 868.3720703125 
524.40625 -35.929969787597656 871.15106201171875 
523.934814453125 -36.690956115722656 874.07342529296875 
523.58355712890625 -37.4981689453125 877.01239013671875 
523.3143310546875 -38.326465606689453 879.983154296875 
523.091796875 -39.161067962646484 882.96429443359375 
523.01922607421875 -40.232387542724609 885.81329345703125 
523.194091796875 -41.764419555664062 888.40771484375 
523.073486328125 -42.334918975830078 891.19244384765625 
524.2435302734375 -46.281536102294922 891.84228515625 
523.09832763671875 -43.413124084472656 893.95269775390625 
523.466064453125 -45.402774810791016 896.08526611328125 
524.28265380859375 -47.084766387939453 894.18377685546875 
529.1929931640625 -66.444374084472656 899.73675537109375 
528.281982421875 -65.498558044433594 901.585205078125 
527.02813720703125 -64.530143737792969 903.6839599609375 
527.4649658203125 -62.855354309082031 901.83795166015625 
526.12841796875 -61.538326263427734 904.17584228515625 
529.06427001953125 -64.973464965820312 898.27301025390625 
528.8431396484375 -63.476898193359375 896.46026611328125 
526.60882568359375 -59.825931549072266 901.86138916015625 
525.215576171875 -58.532859802246094 904.55938720703125 
523.52862548828125 -46.966621398925781 898.53094482421875 
524.39849853515625 -48.284629821777344 896.33282470703125 
523.446044921875 -48.546764373779297 900.97412109375 
524.4617919921875 -49.670768737792969 898.48236083984375 
523.27288818359375 -50.310375213623047 903.30035400390625 
524.51336669921875 -51.408733367919922 900.599853515625 
523.16986083984375 -52.50421142578125 905.23809814453125 
524.48468017578125 -53.392261505126953 902.72955322265625 
524.2603759765625 -55.527175903320312 904.85772705078125 
525.5784912109375 -56.544414520263672 902.19586181640625 
527.89825439453125 -60.499797821044922 896.31268310546875 
527.07794189453125 -57.503009796142578 895.52227783203125 
526.40130615234375 -54.756614685058594 894.43353271484375 
525.74359130859375 -52.053447723388672 893.44586181640625 
525.03558349609375 -49.257999420166016 892.6346435546875 
525.09063720703125 -49.975349426269531 894.712890625 
528.4049072265625 -64.284408569335938 900.1658935546875 
527.91131591796875 -61.955425262451172 899.18804931640625 
525.05389404296875 -50.585731506347656 896.60076904296875 
525.705810546875 -52.519382476806641 895.7037353515625 
525.3228759765625 -52.28289794921875 898.12451171875 
526.2164306640625 -54.954921722412109 897.159423828125 
526.7877197265625 -57.9693603515625 898.94586181640625 
525.55902099609375 -54.399799346923828 899.997314453125 
531.51947021484375 0.17193050682544708 761.23699951171875 
521.85662841796875 5.8120484352111816 754.5997314453125 
519.7647705078125 4.8305721282958984 754.02471923828125 
517.68206787109375 3.9720733165740967 753.49908447265625 
515.56427001953125 3.142385721206665 753.02496337890625 
533.132080078125 -1.0802584886550903 763.29705810546875 
534.1885986328125 -3.4029316902160645 764.95050048828125 
535.20880126953125 -5.9881033897399902 766.4644775390625 
536.3419189453125 -7.5807676315307617 765.87548828125 
536.19683837890625 -8.74383544921875 767.88641357421875 
513.37530517578125 2.2400975227355957 752.60968017578125 
511.11532592773438 1.3079079389572144 752.201904296875 
536.15045166015625 -11.45671272277832 769.3394775390625 
537.04461669921875 -12.372319221496582 768.40533447265625 
535.53204345703125 -14.191206932067871 770.42718505859375 
536.10919189453125 -15.030462265014648 769.41937255859375 
534.0853271484375 -16.575408935546875 771.11480712890625 
534.326171875 -17.279769897460938 770.1717529296875 
532.01885986328125 -18.583454132080078 771.5439453125 
532.33489990234375 -19.376659393310547 770.34979248046875 
529.62701416015625 -20.165544509887695 771.7640380859375 
529.92645263671875 -20.951272964477539 770.40692138671875 
526.8812255859375 -21.084129333496094 771.86517333984375 
527.198486328125 -21.95591926574707 770.4976806640625 
508.84326171875 0.35822558403015137 751.7529296875 
506.61358642578125 -0.60679143667221069 751.3731689453125 
504.40304565429688 -1.4102941751480103 750.94110107421875 
502.48458862304688 -2.8823513984680176 750.99041748046875 
500.68704223632812 -4.5820145606994629 751.21295166015625 
501.31488037109375 -5.2996916770935059 751.489013671875 
498.90478515625 -6.2555294036865234 751.471923828125 
496.58587646484375 -7.1219682693481445 751.642578125 
493.86764526367188 -18.001726150512695 758.09906005859375 
494.41293334960938 -19.543745040893555 758.79608154296875 
495.63800048828125 -19.846418380737305 760.99041748046875 
497.32894897460938 -20.224428176879883 763.03350830078125 
499.34088134765625 -20.587863922119141 764.90509033203125 
501.708740234375 -20.786464691162109 766.59661865234375 
504.30685424804688 -20.663272857666016 768.09002685546875 
506.93185424804688 -20.122711181640625 769.38665771484375 
509.7186279296875 -20.020046234130859 770.3162841796875 
512.6488037109375 -20.393362045288086 770.9205322265625 
515.34002685546875 -19.658889770507812 772.2213134765625 
515.568359375 -20.925930023193359 771.0853271484375 
518.22247314453125 -20.515769958496094 771.8558349609375 
518.48736572265625 -21.465755462646484 770.9439697265625 
521.0926513671875 -21.092809677124023 771.75830078125 
521.404296875 -21.948587417602539 770.7813720703125 
523.9921875 -21.277725219726562 771.87994384765625 
524.298583984375 -22.312992095947266 770.5977783203125 
475.39352416992188 -12.147590637207031 874.4970703125 
476.80673217773438 -11.043563842773438 878.7310791015625 
478.11886596679688 -11.52876091003418 882.43316650390625 
516.04931640625 -39.034221649169922 906.7469482421875 
517.739501953125 -41.588752746582031 906.58612060546875 
519.24334716796875 -44.212974548339844 906.41107177734375 
520.6405029296875 -46.9228515625 906.155517578125 
521.9312744140625 -49.707130432128906 905.791748046875 
530.210693359375 -72.624595642089844 900.71026611328125 
530.87847900390625 -75.323310852050781 899.96795654296875 
531.278564453125 -77.99957275390625 899.08819580078125 
533.0748291015625 -80.182533264160156 897.34466552734375 
533.46246337890625 -82.80755615234375 896.1905517578125 
535.0113525390625 -84.8612060546875 894.457275390625 
536.84808349609375 -86.533279418945312 892.5062255859375 
474.74630737304688 -13.509638786315918 873.84307861328125 
522.1571044921875 -39.377250671386719 889.92816162109375 
521.87615966796875 -39.811622619628906 892.882080078125 
520.730712890625 -37.001605987548828 891.78411865234375 
522.2398681640625 -38.491519927978516 887.01531982421875 
520.95098876953125 -36.418136596679688 888.94793701171875 
519.38763427734375 -34.389934539794922 890.587646484375 
522.3206787109375 -37.438072204589844 884.0882568359375 
521.09979248046875 -35.629486083984375 886.01068115234375 
519.613525390625 -33.842998504638672 887.71319580078125 
517.896728515625 -32.121906280517578 889.24786376953125 
522.48187255859375 -36.405048370361328 881.10589599609375 
521.2542724609375 -34.701534271240234 882.97064208984375 
522.72344970703125 -35.448780059814453 878.12664794921875 
521.4473876953125 -33.760486602783203 879.817138671875 
523.07794189453125 -34.759521484375 875.13494873046875 
521.72308349609375 -33.063591003417969 876.711181640625 
523.60125732421875 -34.356491088867188 872.16546630859375 
522.1361083984375 -32.704792022705078 873.6590576171875 
524.23614501953125 -33.858715057373047 869.18682861328125 
522.76641845703125 -32.606754302978516 870.60650634765625 
525.0001220703125 -33.805999755859375 866.290771484375 
523.50946044921875 -32.394699096679688 867.56829833984375 
525.71417236328125 -33.804595947265625 863.4400634765625 
524.32293701171875 -32.461490631103516 864.680419921875 
526.3154296875 -33.721725463867188 860.560546875 
525.0927734375 -32.672161102294922 861.81787109375 
526.88458251953125 -33.883426666259766 857.671630859375 
525.712646484375 -32.645259857177734 858.88677978515625 
527.4132080078125 -34.205471038818359 854.7496337890625 
526.2872314453125 -32.519424438476562 855.8948974609375 
526.78765869140625 -32.398166656494141 852.8447265625 
518.115478515625 -31.647323608398438 886.27490234375 
516.179931640625 -30.221731185913086 887.87554931640625 
525.951171875 -31.071292877197266 850.81756591796875 
525.5059814453125 -31.443954467773438 853.91851806640625 
524.54034423828125 -29.588298797607422 849.41448974609375 
524.3074951171875 -30.019468307495117 852.26727294921875 
522.4959716796875 -27.882871627807617 848.78924560546875 
522.91552734375 -28.629419326782227 850.88494873046875 
520.26409912109375 -26.230546951293945 848.36505126953125 
520.8330078125 -27.09229850769043 850.903564453125 
518.61529541015625 -25.580297470092773 850.71588134765625 
516.09442138671875 -24.011508941650391 850.50738525390625 
513.36065673828125 -22.451360702514648 850.51416015625 
510.61175537109375 -20.930191040039062 850.2750244140625 
507.80828857421875 -19.278818130493164 849.36053466796875 
516.32989501953125 -29.843015670776367 884.78173828125 
514.07501220703125 -28.586309432983398 886.8416748046875 
514.12799072265625 -28.297224044799805 883.52685546875 
511.7109375 -27.045806884765625 886.18341064453125 
511.74893188476562 -26.804107666015625 882.6439208984375 
509.4969482421875 -25.485076904296875 885.55731201171875 
509.48895263671875 -25.21424674987793 882.00909423828125 
507.54019165039062 -23.780572891235352 884.7779541015625 
507.33731079101562 -23.402103424072266 881.27880859375 
505.61837768554688 -21.826011657714844 883.9031982421875 
505.292236328125 -21.451326370239258 880.5517578125 
503.56124877929688 -19.531459808349609 882.95928955078125 
503.35824584960938 -19.504711151123047 879.82086181640625 
501.55548095703125 -17.527292251586914 880.934814453125 
501.78079223632812 -18.296937942504883 877.5146484375 
499.46188354492188 -16.022417068481445 878.78302001953125 
499.73544311523438 -17.250425338745117 875.37030029296875 
497.36163330078125 -15.19985294342041 876.4866943359375 
494.49893188476562 -13.878054618835449 875.33233642578125 
491.92648315429688 -13.517118453979492 873.16705322265625 
494.35946655273438 -15.5184326171875 871.701904296875 
491.31301879882812 -14.883378028869629 869.886962890625 
497.06842041015625 -16.235212326049805 873.46942138671875 
493.77633666992188 -16.672935485839844 868.28668212890625 
490.68112182617188 -16.031345367431641 866.6103515625 
493.290771484375 -17.460123062133789 864.6119384765625 
490.23300170898438 -16.685451507568359 863.3248291015625 
492.91696166992188 -17.492582321166992 860.97235107421875 
490.39236450195312 -16.675331115722656 860.2857666015625 
492.47882080078125 -16.709262847900391 857.72772216796875 
495.30752563476562 -17.771078109741211 858.6329345703125 
494.95034790039062 -16.719619750976562 855.42950439453125 
498.10107421875 -17.872650146484375 855.9075927734375 
497.2236328125 -16.683296203613281 852.9267578125 
500.0867919921875 -17.297199249267578 852.19720458984375 
501.5950927734375 -18.580059051513672 854.37103271484375 
502.77139282226562 -17.912960052490234 851.166748046875 
504.69308471679688 -19.357297897338867 853.13653564453125 
505.198974609375 -18.341928482055664 849.69720458984375 
507.67691040039062 -20.001161575317383 851.5799560546875 
519.8082275390625 -33.164375305175781 884.70184326171875 
518.30706787109375 -31.114891052246094 883.15216064453125 
519.9637451171875 -32.379512786865234 881.56201171875 
495.837646484375 -18.416259765625 862.4134521484375 
496.35919189453125 -18.073125839233398 866.644775390625 
496.8717041015625 -17.396022796630859 870.20062255859375 
499.64434814453125 -18.19023323059082 872.33831787109375 
516.47003173828125 -29.507406234741211 881.53045654296875 
518.42449951171875 -30.570396423339844 879.9241943359375 
520.1192626953125 -31.661680221557617 878.33447265625 
502.27798461914062 -19.352210998535156 874.60357666015625 
504.22061157226562 -20.57073974609375 877.1842041015625 
506.61749267578125 -22.644519805908203 877.78363037109375 
509.028076171875 -24.617742538452148 878.69482421875 
511.60479736328125 -26.412405014038086 879.18914794921875 
514.07879638671875 -27.979888916015625 880.055419921875 
497.72567749023438 -18.780532836914062 859.30029296875 
499.94143676757812 -18.991870880126953 856.91424560546875 
498.5262451171875 -18.995357513427734 865.3377685546875 
499.42889404296875 -19.400047302246094 862.49334716796875 
499.73370361328125 -19.018556594848633 868.93060302734375 
502.47860717773438 -19.999475479125977 871.7608642578125 
505.17446899414062 -21.55088996887207 874.41168212890625 
508.27001953125 -23.847759246826172 875.4736328125 
510.8106689453125 -25.666286468505859 876.13641357421875 
513.8583984375 -27.549257278442383 876.53717041015625 
516.4207763671875 -29.110006332397461 878.196533203125 
518.4964599609375 -30.104625701904297 876.7132568359375 
520.408935546875 -31.261043548583984 875.16033935546875 
520.9241943359375 -31.202983856201172 872.026611328125 
521.7095947265625 -31.351753234863281 868.87628173828125 
522.4989013671875 -31.21959114074707 865.805419921875 
523.24822998046875 -31.183568954467773 862.8804931640625 
523.98297119140625 -31.217592239379883 859.99444580078125 
524.76910400390625 -31.380130767822266 856.98626708984375 
523.5928955078125 -30.021818161010742 855.02691650390625 
522.0482177734375 -28.454627990722656 853.1500244140625 
518.82867431640625 -29.905441284179688 873.50201416015625 
516.59320068359375 -28.951047897338867 874.9366455078125 
502.780029296875 -19.738517761230469 856.1192626953125 
501.15939331054688 -19.795351028442383 859.593505859375 
522.78228759765625 -29.880832672119141 857.94549560546875 
521.4664306640625 -28.558855056762695 855.7069091796875 
519.5869140625 -26.77751350402832 853.42230224609375 
516.95123291015625 -25.01063346862793 852.90130615234375 
514.134521484375 -23.394754409790039 852.687744140625 
510.86459350585938 -21.754209518432617 852.58868408203125 
507.5087890625 -20.637210845947266 853.45068359375 
505.61749267578125 -20.546932220458984 855.645263671875 
521.865966796875 -29.737552642822266 860.94659423828125 
521.0911865234375 -29.808917999267578 863.857421875 
520.4246826171875 -30.149740219116211 867.01348876953125 
519.5906982421875 -30.010215759277344 870.19952392578125 
517.26910400390625 -28.838535308837891 871.55230712890625 
509.22512817382812 -21.710323333740234 855.0985107421875 
512.314208984375 -22.969411849975586 854.77789306640625 
515.032958984375 -24.401405334472656 855.0023193359375 
517.52130126953125 -25.930599212646484 855.53106689453125 
519.54339599609375 -27.386987686157227 856.3052978515625 
520.627197265625 -28.575038909912109 858.74420166015625 
514.8134765625 -27.717094421386719 872.861083984375 
512.4447021484375 -26.462335586547852 873.83935546875 
510.17892456054688 -24.907072067260742 872.587646484375 
507.46109008789062 -23.150106430053711 872.83660888671875 
505.28277587890625 -21.731472015380859 871.110107421875 
503.03656005859375 -20.575664520263672 868.73876953125 
501.3695068359375 -19.952239990234375 865.8267822265625 
502.651611328125 -20.375583648681641 862.7025146484375 
518.097900390625 -28.869501113891602 868.25469970703125 
515.5826416015625 -27.640117645263672 869.527587890625 
518.90167236328125 -28.817893981933594 865.09686279296875 
519.400634765625 -28.378999710083008 861.66387939453125 
518.26910400390625 -27.097448348999023 858.7080078125 
515.826904296875 -25.473543167114258 857.880126953125 
513.3233642578125 -24.019296646118164 857.25689697265625 
510.70965576171875 -22.73149299621582 857.04339599609375 
512.929443359375 -26.348642349243164 870.731689453125 
511.09402465820312 -24.972396850585938 869.0760498046875 
508.35003662109375 -23.494606018066406 870.15936279296875 
506.16470336914062 -22.113271713256836 868.225830078125 
504.25076293945312 -21.088422775268555 865.79815673828125 
513.8603515625 -26.309175491333008 867.48919677734375 
516.3753662109375 -27.569316864013672 866.3638916015625 
517.2215576171875 -27.526393890380859 863.5418701171875 
516.59051513671875 -26.609748840332031 860.9986572265625 
514.21533203125 -25.121850967407227 860.48077392578125 
511.83642578125 -23.729040145874023 859.64385986328125 
514.65289306640625 -26.098554611206055 863.96258544921875 
512.3236083984375 -24.531833648681641 862.709228515625 
511.977294921875 -24.934255599975586 865.85858154296875 
509.16873168945312 -23.594806671142578 867.253173828125 
507.05349731445312 -22.300159454345703 865.4801025390625 
505.302734375 -21.326803207397461 862.79840087890625 
504.29876708984375 -20.704483032226562 859.24554443359375 
507.445556640625 -21.531776428222656 857.63226318359375 
509.40017700195312 -22.552810668945312 859.25897216796875 
507.10357666015625 -21.793827056884766 860.52813720703125 
509.93948364257812 -23.159032821655273 861.6636962890625 
509.88534545898438 -23.552791595458984 864.4559326171875 
507.84005737304688 -22.393701553344727 863.041748046875 
522.48040771484375 -41.742931365966797 893.94012451171875 
517.8778076171875 -38.574161529541016 903.18450927734375 
518.05145263671875 -36.841960906982422 900.53558349609375 
519.59210205078125 -39.713039398193359 900.808837890625 
519.94384765625 -38.405658721923828 898.00616455078125 
518.8140869140625 -40.731742858886719 903.78802490234375 
522.1827392578125 -47.705696105957031 903.6085205078125 
521.24835205078125 -41.263805389404297 898.331787109375 
521.5726318359375 -40.356639862060547 895.60003662109375 
520.9381103515625 -45.480049133300781 904.28692626953125 
520.0615234375 -43.276840209960938 903.94171142578125 
522.46337890625 -42.728218078613281 896.05621337890625 
522.40789794921875 -44.058979034423828 898.53009033203125 
522.09368896484375 -45.503273010253906 901.4632568359375 
520.84002685546875 -42.415557861328125 901.0908203125 
507.30560302734375 -18.939363479614258 848.1302490234375 
505.40396118164062 -18.416210174560547 847.9051513671875 
509.51824951171875 -19.946798324584961 846.38946533203125 
511.35986328125 -21.248439788818359 844.59368896484375 
508.38442993164062 -21.211191177368164 843.8162841796875 
533.24951171875 -25.760097503662109 804.0096435546875 
534.17279052734375 -27.009269714355469 805.85723876953125 
535.0931396484375 -28.444082260131836 807.775146484375 
532.01129150390625 -26.373754501342773 805.88214111328125 
507.88302612304688 -22.776744842529297 842.121337890625 
508.93215942382812 -24.183923721313477 840.60723876953125 
510.399169921875 -25.779754638671875 838.8094482421875 
511.82958984375 -27.170526504516602 836.81915283203125 
512.81622314453125 -28.174631118774414 835.067626953125 
514.90997314453125 -28.614601135253906 833.8641357421875 
532.14013671875 -27.53236198425293 808.15643310546875 
530.95635986328125 -28.562597274780273 810.9512939453125 
510.48623657226562 -22.460899353027344 842.48974609375 
513.556884765625 -22.664548873901367 843.11187744140625 
515.752197265625 -24.122062683105469 841.74542236328125 
512.3692626953125 -23.904438018798828 840.926513671875 
517.97930908203125 -25.543754577636719 840.5748291015625 
514.59228515625 -25.585092544555664 839.0081787109375 
519.9874267578125 -26.915607452392578 839.1651611328125 
517.798583984375 -26.827136993408203 837.80633544921875 
520.5635986328125 -28.024015426635742 836.75408935546875 
520.97113037109375 -29.015430450439453 834.29449462890625 
517.990234375 -28.265626907348633 834.8717041015625 
521.37432861328125 -29.810983657836914 831.75518798828125 
519.10589599609375 -29.204845428466797 832.62640380859375 
529.6998291015625 -29.377218246459961 813.425537109375 
528.25531005859375 -29.989223480224609 815.8265380859375 
526.82855224609375 -30.472841262817383 818.26190185546875 
525.39013671875 -30.770267486572266 820.7061767578125 
523.93768310546875 -30.852924346923828 823.1883544921875 
522.34796142578125 -30.689676284790039 826.09466552734375 
520.134521484375 -30.246501922607422 828.38165283203125 
518.30767822265625 -29.791406631469727 830.18621826171875 
516.718994140625 -29.272287368774414 832.03436279296875 
534.005126953125 -29.331331253051758 810.23760986328125 
532.74627685546875 -30.072565078735352 812.681396484375 
531.09271240234375 -30.504392623901367 814.99114990234375 
529.534423828125 -30.910427093505859 817.36175537109375 
528.1788330078125 -31.250879287719727 819.846435546875 
526.883056640625 -31.411550521850586 822.3778076171875 
525.572021484375 -31.34025764465332 824.87872314453125 
524.20416259765625 -31.033910751342773 827.28521728515625 
522.71087646484375 -30.500894546508789 829.5523681640625 
515.12908935546875 -27.331411361694336 836.3216552734375 
494.36013793945312 -16.130781173706055 852.93658447265625 
492.09909057617188 -15.943843841552734 854.37255859375 
515.446533203125 -33.97100830078125 901.49383544921875 
520.420166015625 -37.590274810791016 894.78387451171875 
519.12542724609375 -34.985294342041016 893.62188720703125 
517.64251708984375 -32.654987335205078 892.3961181640625 
515.91278076171875 -30.609865188598633 891.23211669921875 
513.917236328125 -28.889682769775391 890.28363037109375 
511.65911865234375 -27.34056282043457 889.79193115234375 
509.0460205078125 -25.484628677368164 890.14300537109375 
506.99591064453125 -23.621404647827148 888.99493408203125 
505.24224853515625 -21.674846649169922 887.81610107421875 
502.77493286132812 -18.972869873046875 886.80963134765625 
512.703369140625 -31.56950569152832 902.28814697265625 
511.44110107421875 -29.34149169921875 899.9600830078125 
518.72271728515625 -35.700126647949219 896.8265380859375 
516.73748779296875 -33.830013275146484 898.45098876953125 
489.65554809570312 -15.939635276794434 856.62255859375 
486.56787109375 -15.455472946166992 855.50244140625 
484.76641845703125 -15.35787296295166 857.61163330078125 
484.03994750976562 -15.248854637145996 860.6748046875 
483.58953857421875 -14.756662368774414 864.5772705078125 
509.02328491210938 -27.155960083007812 898.85430908203125 
506.9027099609375 -25.487266540527344 897.8953857421875 
505.02578735351562 -23.883852005004883 896.7032470703125 
503.17315673828125 -22.193265914916992 895.46307373046875 
501.22268676757812 -20.33397102355957 894.12109375 
499.27359008789062 -18.41234016418457 892.54046630859375 
497.80960083007812 -16.612630844116211 890.54205322265625 
496.75222778320312 -14.972433090209961 888.08740234375 
495.7117919921875 -13.501788139343262 884.8428955078125 
493.32730102539062 -12.044031143188477 882.33709716796875 
490.89776611328125 -10.954121589660645 880.11395263671875 
487.848876953125 -10.013250350952148 877.71759033203125 
486.18368530273438 -10.439846992492676 874.34234619140625 
485.47512817382812 -11.702199935913086 871.24774169921875 
484.815185546875 -13.255097389221191 868.16192626953125 
501.00521850585938 -16.956384658813477 884.3995361328125 
498.90530395507812 -15.185025215148926 882.50140380859375 
496.57473754882812 -13.727249145507812 880.511474609375 
494.08953857421875 -12.57233715057373 878.52801513671875 
491.47369384765625 -11.767407417297363 876.60955810546875 
488.65420532226562 -12.552766799926758 871.99755859375 
489.18170166015625 -11.452702522277832 874.781005859375 
488.16983032226562 -13.990915298461914 868.87939453125 
487.4515380859375 -15.263678550720215 865.62493896484375 
487.05618286132812 -15.940301895141602 862.22039794921875 
487.12924194335938 -15.845339775085449 858.90374755859375 
498.48193359375 -15.191391944885254 885.609619140625 
514.4356689453125 -31.719539642333984 899.34075927734375 
515.71929931640625 -31.993244171142578 896.8856201171875 
499.7313232421875 -16.545969009399414 887.65093994140625 
500.51715087890625 -17.871051788330078 889.7552490234375 
502.3953857421875 -19.682744979858398 890.666015625 
504.32736206054688 -21.753175735473633 891.86932373046875 
506.09982299804688 -23.560909271240234 893.05902099609375 
507.66943359375 -25.080999374389648 894.41058349609375 
509.803955078125 -26.367733001708984 892.6077880859375 
511.64825439453125 -27.704736709594727 893.01861572265625 
513.81146240234375 -29.350194931030273 893.601318359375 
515.77545166015625 -31.233964920043945 894.3856201171875 
517.37384033203125 -33.298179626464844 895.4365234375 
509.37432861328125 -26.544132232666016 895.60400390625 
511.53140258789062 -28.231464385986328 896.36236572265625 
513.84552001953125 -30.180498123168945 896.791259765625 
528.06805419921875 15.17901611328125 750.8428955078125 
525.65826416015625 13.614140510559082 750.18182373046875 
523.275390625 12.007143020629883 749.57513427734375 
522.2362060546875 11.123884201049805 747.54364013671875 
520.86553955078125 10.388645172119141 749.23028564453125 
520.36895751953125 9.9017696380615234 746.8651123046875 
518.3870849609375 8.7465963363647461 749.2681884765625 
518.1124267578125 8.5612525939941406 746.17999267578125 
516.01885986328125 7.482750415802002 748.52362060546875 
469.47982788085938 -18.780570983886719 761.46624755859375 
471.77682495117188 -17.176679611206055 761.146484375 
473.51199340820312 -16.017522811889648 759.66900634765625 
475.48336791992188 -14.901588439941406 757.9954833984375 
480.05142211914062 -13.484564781188965 756.50616455078125 
477.37710571289062 -13.78509521484375 756.208251953125 
470.66583251953125 -17.221288681030273 759.07574462890625 
470.77981567382812 -16.636255264282227 756.32489013671875 
470.83230590820312 -16.297695159912109 754.07781982421875 
471.38836669921875 -16.179058074951172 751.8345947265625 
472.12838745117188 -16.337490081787109 749.888671875 
473.6541748046875 -15.400644302368164 748.266845703125 
475.73995971679688 -14.590363502502441 746.35968017578125 
477.9285888671875 -13.675586700439453 744.864990234375 
480.243896484375 -12.409385681152344 743.53240966796875 
515.7724609375 7.3008742332458496 745.6273193359375 
513.672607421875 5.9918527603149414 748.96746826171875 
513.65570068359375 6.199373722076416 744.956787109375 
512.0123291015625 5.4770903587341309 747.256103515625 
511.47055053710938 5.0764622688293457 744.31243896484375 
509.5745849609375 4.1041598320007324 747.46142578125 
509.10537719726562 3.9597451686859131 744.01416015625 
507.23394775390625 2.7347104549407959 747.491455078125 
506.6143798828125 2.8079795837402344 744.1121826171875 
505.03817749023438 1.3446197509765625 747.75640869140625 
504.23220825195312 1.6562362909317017 744.13494873046875 
502.94464111328125 -0.11282259970903397 748.25653076171875 
501.39849853515625 0.21892973780632019 744.61676025390625 
500.88681030273438 -1.7384928464889526 749.0673828125 
498.95989990234375 -1.4797201156616211 746.38958740234375 
498.931396484375 -3.5520021915435791 750.07928466796875 
496.94210815429688 -3.0103249549865723 747.7113037109375 
496.650146484375 -4.8173828125 750.35113525390625 
494.60498046875 -4.3207812309265137 748.31695556640625 
494.10800170898438 -5.8829822540283203 750.37933349609375 
491.94717407226562 -5.6415882110595703 748.7392578125 
491.63107299804688 -7.1739516258239746 750.836181640625 
482.58587646484375 -12.424466133117676 755.115478515625 
479.42941284179688 -12.577096939086914 754.47454833984375 
484.9971923828125 -11.278976440429688 753.7958984375 
481.71755981445312 -11.05130672454834 752.4576416015625 
487.25811767578125 -10.004874229431152 752.67279052734375 
484.60308837890625 -9.7041864395141602 751.31884765625 
489.43630981445312 -8.6377315521240234 751.7161865234375 
486.9583740234375 -8.4301576614379883 750.3436279296875 
489.34063720703125 -7.0617885589599609 749.4517822265625 
499.3365478515625 -0.85936182737350464 743.06707763671875 
497.28387451171875 -2.166923999786377 742.1395263671875 
495.07162475585938 -3.5460917949676514 741.66180419921875 
493.2269287109375 -4.8629469871520996 741.311767578125 
491.09365844726562 -5.7015891075134277 741.7139892578125 
488.59561157226562 -6.7735714912414551 742.2061767578125 
486.18551635742188 -7.8875088691711426 742.80902099609375 
483.7861328125 -9.0264158248901367 743.68719482421875 
481.43209838867188 -10.154296875 744.84393310546875 
497.06753540039062 -1.9587389230728149 744.80841064453125 
494.97430419921875 -2.9324743747711182 743.848388671875 
495.28536987304688 -3.1151807308197021 746.03125 
473.12765502929688 -15.441338539123535 757.473388671875 
475.1123046875 -14.248516082763672 755.94964599609375 
473.107666015625 -14.883978843688965 755.3853759765625 
476.86370849609375 -13.156449317932129 754.35693359375 
474.94940185546875 -13.798952102661133 754.4532470703125 
473.446044921875 -14.344392776489258 753.3360595703125 
492.63815307617188 -4.2007737159729004 745.7420654296875 
492.73284912109375 -4.1783857345581055 742.89599609375 
474.0274658203125 -13.90733814239502 750.88641357421875 
475.97216796875 -12.927194595336914 752.87017822265625 
478.54672241210938 -11.931560516357422 752.50048828125 
482.4014892578125 -9.5106449127197266 749.601318359375 
479.92266845703125 -10.685023307800293 750.34332275390625 
484.69583129882812 -8.3002567291259766 748.56634521484375 
475.94085693359375 -13.054795265197754 748.77783203125 
477.30227661132812 -11.909635543823242 750.845947265625 
477.33905029296875 -12.622143745422363 746.87493896484375 
479.17337036132812 -11.415782928466797 745.98345947265625 
478.39028930664062 -11.243571281433105 748.54754638671875 
482.90750122070312 -8.7420167922973633 746.7735595703125 
480.77365112304688 -9.8831586837768555 747.8505859375 
485.07815551757812 -7.6338300704956055 745.61260986328125 
486.98553466796875 -7.0565018653869629 747.5443115234375 
487.43798828125 -6.4640045166015625 744.63641357421875 
489.57421875 -5.7518682479858398 746.65997314453125 
490.05374145507812 -5.2808475494384766 743.84088134765625 
529.30950927734375 -35.357486724853516 840.0579833984375 
528.8773193359375 -35.064590454101562 842.94927978515625 
528.54864501953125 -34.968219757080078 845.854248046875 
528.24627685546875 -34.913848876953125 848.7928466796875 
527.89068603515625 -34.675457000732422 851.75592041015625 
515.987548828125 6.8298778533935547 750.31097412109375 
518.41534423828125 8.1246166229248047 750.89398193359375 
520.8433837890625 9.6486282348632812 751.300537109375 
523.3052978515625 11.297837257385254 751.735107421875 
525.77618408203125 13.058403015136719 752.17437744140625 
528.31005859375 14.861838340759277 752.6544189453125 
530.62005615234375 16.565389633178711 752.38555908203125 
532.68914794921875 17.423837661743164 753.79144287109375 
495.22048950195312 -18.002307891845703 765.80487060546875 
496.19540405273438 -18.300880432128906 768.31597900390625 
520.2083740234375 -19.911594390869141 789.08294677734375 
497.44827270507812 -18.552406311035156 771.0377197265625 
499.25711059570312 -18.719221115112305 773.233154296875 
501.131591796875 -18.838460922241211 775.10369873046875 
502.70791625976562 -18.943058013916016 776.89312744140625 
505.2701416015625 -19.028282165527344 777.89202880859375 
517.8101806640625 -20.176719665527344 788.2298583984375 
498.77423095703125 -18.730928421020508 768.8734130859375 
500.741943359375 -18.843780517578125 770.7255859375 
502.90768432617188 -18.8428955078125 772.43682861328125 
505.15032958984375 -18.82783317565918 774.36871337890625 
507.75094604492188 -18.806816101074219 775.77264404296875 
510.13699340820312 -18.882972717285156 776.7794189453125 
511.7777099609375 -19.18980598449707 778.5294189453125 
513.947021484375 -19.569190979003906 779.93695068359375 
516.2618408203125 -19.851888656616211 781.181640625 
518.63165283203125 -19.528081893920898 782.2911376953125 
518.80316162109375 -19.620029449462891 784.54815673828125 
519.55999755859375 -19.665157318115234 786.67669677734375 
516.13970947265625 -20.213544845581055 786.57421875 
514.72705078125 -20.081951141357422 784.5596923828125 
512.33203125 -19.966197967529297 783.2001953125 
510.11935424804688 -19.623420715332031 781.47991943359375 
507.94754028320312 -19.242336273193359 779.42633056640625 
527.50537109375 13.161999702453613 753.7752685546875 
525.069091796875 11.626407623291016 753.13543701171875 
522.66693115234375 10.022037506103516 752.677978515625 
520.3289794921875 8.5207986831665039 752.28955078125 
518.0123291015625 7.1812043190002441 751.83251953125 
515.689453125 6.0156979560852051 751.2667236328125 
513.3800048828125 5.0795717239379883 750.45977783203125 
511.06890869140625 4.296483039855957 749.296875 
508.8133544921875 2.8290040493011475 749.4288330078125 
506.58041381835938 1.3916481733322144 749.46380615234375 
504.41595458984375 -0.082306407392024994 749.612060546875 
502.31832885742188 -1.7109040021896362 750.02862548828125 
500.3004150390625 -3.4486684799194336 750.60992431640625 
498.4012451171875 -5.3009490966796875 751.19488525390625 
486.75164794921875 -13.013863563537598 756.4193115234375 
483.19778442382812 -13.458257675170898 757.02996826171875 
521.86773681640625 -26.999420166015625 846.162109375 
527.124267578125 -32.322181701660156 849.7706298828125 
527.8564453125 -32.716121673583984 841.79925537109375 
527.372314453125 -32.325244903564453 846.856689453125 
527.79254150390625 -32.820899963378906 844.34033203125 
524.1947021484375 -28.666704177856445 845.92596435546875 
526.2432861328125 -30.544679641723633 844.10247802734375 
525.86407470703125 -30.383855819702148 847.63970947265625 
542.3203125 18.368526458740234 760.12200927734375 
556.4884033203125 12.445700645446777 765.18511962890625 
553.0701904296875 13.257608413696289 765.4168701171875 
550.66015625 14.615472793579102 764.82122802734375 
548.3643798828125 15.571657180786133 764.0650634765625 
546.25897216796875 16.534543991088867 763.06744384765625 
544.1397705078125 17.290033340454102 761.927001953125 
555.02105712890625 14.766637802124023 764.6671142578125 
552.953369140625 16.304332733154297 763.96270751953125 
550.28375244140625 17.341167449951172 763.11053466796875 
547.73236083984375 18.15693473815918 761.7977294921875 
545.299560546875 18.664531707763672 760.40313720703125 
530.13848876953125 15.285517692565918 754.12652587890625 
539.75750732421875 -28.036630630493164 769.23870849609375 
492.30438232421875 -11.73358154296875 741.25439453125 
490.20516967773438 -13.314908027648926 741.5572509765625 
491.36474609375 -13.973588943481445 743.03436279296875 
552.64837646484375 6.1875114440917969 754.32025146484375 
550.78338623046875 7.6156501770019531 753.4229736328125 
552.68609619140625 4.0376620292663574 755.0987548828125 
493.63162231445312 -12.523911476135254 743.02410888671875 
494.70327758789062 -10.552665710449219 741.3768310546875 
494.79324340820312 -12.796232223510742 744.88946533203125 
496.78109741210938 -12.02745246887207 745.86798095703125 
498.7098388671875 -11.260006904602051 746.95623779296875 
500.69705200195312 -10.051604270935059 746.54791259765625 
536.1478271484375 -21.30888557434082 767.706298828125 
534.94183349609375 -23.372396469116211 767.963623046875 
537.91766357421875 -22.723535537719727 767.57794189453125 
536.70501708984375 -25.056108474731445 767.9940185546875 
537.2242431640625 -19.174564361572266 767.5396728515625 
539.2061767578125 -20.30156135559082 767.09295654296875 
540.814697265625 -25.563528060913086 768.78106689453125 
538.42340087890625 -26.512889862060547 768.44561767578125 
540.17425537109375 -17.884698867797852 766.4188232421875 
540.4803466796875 -15.791703224182129 766.05316162109375 
549.72747802734375 5.3501076698303223 754.2550048828125 
547.30743408203125 6.8785085678100586 753.022705078125 
503.0262451171875 -8.6973199844360352 746.1165771484375 
505.4332275390625 -7.0728888511657715 744.78546142578125 
539.5037841796875 -24.16827392578125 768.02239990234375 
541.76214599609375 -13.749936103820801 765.0582275390625 
507.70297241210938 -5.9286890029907227 744.70245361328125 
543.3143310546875 -10.963902473449707 763.57672119140625 
545.93408203125 4.244478702545166 754.45648193359375 
543.68121337890625 5.9071249961853027 752.860107421875 
552.59686279296875 0.9715765118598938 756.2369384765625 
542.1807861328125 2.9329483509063721 754.69573974609375 
540.09075927734375 4.7198576927185059 752.788330078125 
554.85369873046875 -1.862855076789856 757.214111328125 
556.7698974609375 -3.9152462482452393 758.81549072265625 
554.7674560546875 -5.9320125579833984 759.9053955078125 
552.34600830078125 -7.7889790534973145 761.07080078125 
549.91473388671875 -9.5671119689941406 762.22894287109375 
547.4921875 -11.433891296386719 763.28515625 
542.02508544921875 -23.085872650146484 768.27105712890625 
543.56683349609375 -20.537158966064453 767.70623779296875 
545.56005859375 -17.952592849731445 767.0926513671875 
545.50946044921875 -15.828514099121094 765.6986083984375 
545.08251953125 -13.573898315429688 764.355712890625 
542.587646484375 -7.6720080375671387 762.262451171875 
495.94561767578125 -11.281445503234863 743.1749267578125 
496.89443969726562 -8.9902238845825195 741.03216552734375 
499.21188354492188 -7.6002850532531738 740.8170166015625 
498.58444213867188 -10.073163032531738 743.65106201171875 
501.79144287109375 -6.5745830535888672 740.99725341796875 
501.21954345703125 -8.4999876022338867 743.22705078125 
504.35067749023438 -5.6900138854980469 741.39715576171875 
503.27371215820312 -7.3913044929504395 743.07855224609375 
506.81805419921875 -4.7891287803649902 741.81072998046875 
509.18515014648438 -3.9187085628509521 742.33123779296875 
511.52053833007812 -2.687913179397583 742.36590576171875 
513.0767822265625 -3.2045009136199951 745.01220703125 
513.83282470703125 -1.2951698303222656 742.271240234375 
516.1248779296875 0.13783282041549683 742.38922119140625 
514.81304931640625 -2.2891757488250732 745.34149169921875 
518.3424072265625 1.2671144008636475 743.15386962890625 
516.8734130859375 -1.2864781618118286 745.91656494140625 
520.281005859375 1.7751089334487915 744.64495849609375 
518.96746826171875 -0.39178699254989624 746.80889892578125 
521.01116943359375 0.30412855744361877 748.052490234375 
522.3011474609375 2.3757133483886719 746.12274169921875 
523.04071044921875 0.88260257244110107 749.29974365234375 
524.4095458984375 3.0207257270812988 747.4442138671875 
525.126708984375 1.3800536394119263 750.42626953125 
526.6494140625 3.5625066757202148 748.6126708984375 
527.28778076171875 1.6484189033508301 751.46484375 
529.07281494140625 3.9549200534820557 749.59149169921875 
529.59033203125 1.697107195854187 752.387939453125 
531.6566162109375 4.2621393203735352 750.39666748046875 
532.0035400390625 1.6868479251861572 753.159423828125 
534.4263916015625 4.6127223968505859 751.05462646484375 
534.7022705078125 2.0206396579742432 753.54266357421875 
537.323974609375 5.1247944831848145 751.61810302734375 
535.64813232421875 0.39845067262649536 755.41143798828125 
537.21417236328125 2.5657210350036621 753.73931884765625 
538.76763916015625 1.5468337535858154 755.04315185546875 
537.387939453125 -0.80874145030975342 756.88568115234375 
539.277587890625 -2.3162271976470947 758.50909423828125 
541.718505859375 -4.4648532867431641 760.29156494140625 
540.73486328125 0.1804526150226593 756.57257080078125 
540.83795166015625 -21.648351669311523 767.489501953125 
542.58648681640625 -18.639856338500977 766.56146240234375 
542.77880859375 -15.940753936767578 765.43975830078125 
546.4046630859375 -8.9371557235717773 761.94464111328125 
549.2236328125 -7.2989797592163086 760.6507568359375 
545.79931640625 -6.0338826179504395 760.74359130859375 
544.51153564453125 1.4045060873031616 756.2333984375 
543.10748291015625 -1.4087728261947632 758.079345703125 
546.16461181640625 -3.1015243530273438 759.1121826171875 
547.49896240234375 -0.15597115457057953 757.34124755859375 
548.77313232421875 2.7136092185974121 755.63055419921875 
550.5955810546875 -1.9916607141494751 757.78826904296875 
549.36669921875 -4.7018594741821289 759.31396484375 
551.67724609375 -6.005220890045166 759.65814208984375 
552.99560546875 -4.0745682716369629 758.4337158203125 
502.60556030273438 -35.820137023925781 770.6717529296875 
502.99102783203125 -34.380073547363281 770.0125732421875 
499.74359130859375 -34.648334503173828 769.2860107421875 
500.1636962890625 -37.350509643554688 771.25048828125 
548.53680419921875 9.4737434387207031 752.09747314453125 
546.59381103515625 11.034456253051758 750.9732666015625 
497.09454345703125 -35.950096130371094 769.51324462890625 
496.65615844726562 -33.571483612060547 767.9449462890625 
498.08074951171875 -38.741092681884766 772.2276611328125 
496.97134399414062 -37.591922760009766 770.80145263671875 
495.57797241210938 -39.738903045654297 772.97027587890625 
494.9366455078125 -38.501960754394531 771.3485107421875 
543.66998291015625 11.945206642150879 749.721435546875 
545.45184326171875 8.9582538604736328 751.3597412109375 
542.2171630859375 8.5130901336669922 750.662841796875 
539.055908203125 8.0292930603027344 749.95721435546875 
494.23504638671875 -34.86346435546875 768.02862548828125 
493.95639038085938 -32.464267730712891 766.2520751953125 
491.54519653320312 -34.183555603027344 766.36553955078125 
491.58328247070312 -31.858346939086914 764.2054443359375 
489.15655517578125 -34.119491577148438 764.35150146484375 
489.45025634765625 -31.750335693359375 761.95263671875 
486.94659423828125 -34.384307861328125 762.18829345703125 
487.3812255859375 -31.974157333374023 759.7239990234375 
484.80194091796875 -34.678943634033203 760.1009521484375 
485.27133178710938 -32.395843505859375 757.66455078125 
482.6776123046875 -34.855003356933594 758.16497802734375 
483.08087158203125 -32.744354248046875 755.75177001953125 
480.44573974609375 -34.78656005859375 756.59332275390625 
480.90460205078125 -32.815010070800781 754.18670654296875 
490.56060791015625 -40.062023162841797 774.68133544921875 
493.69107055664062 -40.508636474609375 774.30865478515625 
487.52798461914062 -39.43206787109375 775.22174072265625 
484.9881591796875 -38.862358093261719 775.57012939453125 
482.09039306640625 -38.318992614746094 774.61627197265625 
479.40472412109375 -37.618221282958984 774.677490234375 
477.32598876953125 -37.161186218261719 773.53802490234375 
475.0419921875 -36.307201385498047 772.34637451171875 
472.80792236328125 -34.997852325439453 771.1893310546875 
470.62008666992188 -33.218418121337891 770.03106689453125 
468.62149047851562 -30.925991058349609 768.8099365234375 
467.04275512695312 -28.454713821411133 766.92803955078125 
536.1605224609375 7.6710553169250488 749.24591064453125 
533.392822265625 7.1018633842468262 748.70489501953125 
530.81182861328125 6.631108283996582 748.04656982421875 
528.19110107421875 6.692354679107666 746.83856201171875 
525.9517822265625 5.5562973022460938 746.29150390625 
487.780029296875 -14.777063369750977 741.58880615234375 
485.2572021484375 -15.934212684631348 741.54217529296875 
483.0823974609375 -17.648954391479492 742.07647705078125 
482.58880615234375 -19.977031707763672 743.34027099609375 
480.86001586914062 -19.156585693359375 742.81976318359375 
482.11334228515625 -22.331052780151367 744.98248291015625 
480.796142578125 -21.156333923339844 743.78485107421875 
481.5045166015625 -24.605930328369141 746.69720458984375 
479.3780517578125 -23.234127044677734 745.00482177734375 
481.26266479492188 -26.77613639831543 748.5164794921875 
479.03814697265625 -25.851457595825195 746.878662109375 
480.9027099609375 -28.880443572998047 750.1519775390625 
478.36495971679688 -28.032852172851562 748.6488037109375 
479.898193359375 -31.035505294799805 751.76397705078125 
477.30819702148438 -29.97376823425293 750.4295654296875 
492.04928588867188 -39.378765106201172 772.46624755859375 
466.45407104492188 -27.510574340820312 764.06097412109375 
466.23614501953125 -26.845804214477539 761.3553466796875 
466.76443481445312 -26.343267440795898 758.73712158203125 
467.44003295898438 -25.832902908325195 755.9490966796875 
468.7530517578125 -25.84613037109375 753.6170654296875 
470.89450073242188 -26.363847732543945 750.9759521484375 
472.44375610351562 -24.654611587524414 748.53082275390625 
474.1815185546875 -23.257789611816406 746.5853271484375 
476.54586791992188 -21.896739959716797 745.07183837890625 
478.71713256835938 -20.487215042114258 743.73797607421875 
478.17935180664062 -33.0198974609375 753.63275146484375 
476.29840087890625 -31.826932907104492 752.47161865234375 
478.1036376953125 -34.517032623291016 755.6787109375 
530.2554931640625 8.8999214172363281 746.40252685546875 
540.40826416015625 11.46131706237793 748.672607421875 
537.593994140625 10.977748870849609 747.889892578125 
534.89105224609375 10.337904930114746 747.28131103515625 
532.37713623046875 9.4665164947509766 746.85101318359375 
476.93832397460938 -24.268230438232422 745.9901123046875 
494.54196166992188 -36.917911529541016 769.72564697265625 
475.88766479492188 -25.996250152587891 747.392822265625 
474.63558959960938 -27.844633102416992 749.21990966796875 
473.83108520507812 -29.864833831787109 751.35369873046875 
470.76620483398438 -29.076005935668945 753.19305419921875 
491.715087890625 -36.165546417236328 768.3829345703125 
491.90353393554688 -37.813579559326172 770.3197021484375 
468.98226928710938 -28.264646530151367 755.11163330078125 
473.16937255859375 -31.688709259033203 753.8985595703125 
470.42239379882812 -30.905967712402344 755.75408935546875 
475.59197998046875 -33.569149017333984 754.98919677734375 
468.24954223632812 -28.970577239990234 757.34942626953125 
467.5267333984375 -29.417304992675781 760.062744140625 
467.18148803710938 -29.330194473266602 762.4039306640625 
467.96871948242188 -30.59276008605957 764.54302978515625 
468.90231323242188 -31.787397384643555 766.5716552734375 
472.755859375 -33.378574371337891 756.99786376953125 
475.47998046875 -35.127189636230469 757.70257568359375 
470.91690063476562 -33.993114471435547 767.4132080078125 
470.00869750976562 -32.026416778564453 758.83807373046875 
469.20755004882812 -31.969322204589844 761.94915771484375 
471.16741943359375 -34.207408905029297 764.33709716796875 
473.01443481445312 -35.654556274414062 768.57904052734375 
475.07916259765625 -36.821823120117188 769.78070068359375 
477.2689208984375 -37.643287658691406 771.00726318359375 
479.53591918945312 -38.086708068847656 772.52581787109375 
489.00698852539062 -36.002590179443359 766.7625732421875 
489.04544067382812 -37.283477783203125 768.999755859375 
488.91653442382812 -38.384975433349609 771.04730224609375 
488.24615478515625 -39.1148681640625 773.156005859375 
485.02426147460938 -38.805259704589844 773.69842529296875 
482.37371826171875 -38.551383972167969 771.83721923828125 
485.65274047851562 -38.605026245117188 771.43096923828125 
486.58969116210938 -38.055961608886719 769.61199951171875 
486.24118041992188 -37.474002838134766 767.47967529296875 
486.47781372070312 -36.331745147705078 764.85931396484375 
484.13766479492188 -36.647930145263672 762.813232421875 
481.90634155273438 -36.68438720703125 760.82550048828125 
479.77157592773438 -36.331550598144531 759.0579833984375 
478.02685546875 -35.746810913085938 757.79718017578125 
483.52267456054688 -37.864330291748047 765.69561767578125 
483.37210083007812 -38.439071655273438 768.91912841796875 
479.91622924804688 -38.422508239746094 769.83489990234375 
480.36892700195312 -38.411109924316406 766.82574462890625 
480.96444702148438 -37.904537200927734 763.732421875 
478.58367919921875 -37.384502410888672 761.78399658203125 
476.55001831054688 -36.437335968017578 759.97015380859375 
477.470703125 -37.9442138671875 768.3206787109375 
475.2813720703125 -37.100605010986328 767.49847412109375 
473.747802734375 -36.244014739990234 765.8887939453125 
477.26480102539062 -37.770767211914062 765.16510009765625 
474.94949340820312 -36.577602386474609 762.89520263671875 
472.86801147460938 -34.827651977539062 760.51837158203125 
532.0755615234375 -66.802604675292969 802.4832763671875 
530.30047607421875 -64.967079162597656 801.4501953125 
528.39337158203125 -66.27313232421875 803.193115234375 
533.272705078125 -65.077392578125 800.51983642578125 
534.12640380859375 -63.203205108642578 799.455810546875 
532.0540771484375 -63.062164306640625 800.30352783203125 
538.299072265625 -65.640777587890625 799.69952392578125 
535.78271484375 -64.463836669921875 799.29449462890625 
535.803955078125 -66.778861999511719 801.2921142578125 
538.35491943359375 -63.197441101074219 798.13507080078125 
535.910888671875 -61.930835723876953 798.432861328125 
533.69696044921875 -60.98699951171875 799.44281005859375 
535.0703125 -58.883686065673828 798.58990478515625 
539.234130859375 -53.623867034912109 794.83660888671875 
541.4483642578125 -53.522682189941406 794.16986083984375 
540.301025390625 -51.529827117919922 793.60516357421875 
540.45086669921875 -55.396671295166016 794.912841796875 
541.12127685546875 -49.108970642089844 792.58856201171875 
542.21539306640625 -46.685123443603516 791.6656494140625 
541.559814453125 -59.681568145751953 796.53912353515625 
538.3834228515625 -60.159065246582031 797.018310546875 
541.23822021484375 -61.889656066894531 797.43035888671875 
540.92755126953125 -57.547313690185547 795.668212890625 
537.72735595703125 -55.203155517578125 796.36248779296875 
536.26605224609375 -56.797355651855469 797.69952392578125 
540.7613525390625 -64.008590698242188 798.53631591796875 
543.50140380859375 -44.409381866455078 790.6053466796875 
543.14794921875 -42.996669769287109 788.5955810546875 
542.9039306640625 -41.892734527587891 786.30609130859375 
540.808349609375 -40.067291259765625 778.7164306640625 
541.78839111328125 -40.785869598388672 781.0858154296875 
542.49383544921875 -41.16448974609375 783.74005126953125 
539.14495849609375 -37.525142669677734 774.4154052734375 
541.331298828125 -37.060905456542969 774.75579833984375 
540.56817626953125 -35.740798950195312 773.28155517578125 
540.18841552734375 -38.850429534912109 776.36090087890625 
535.923583984375 -31.530294418334961 769.611328125 
538.50067138671875 -30.659421920776367 769.7652587890625 
537.1517333984375 -29.192422866821289 768.9571533203125 
539.418701171875 -33.983592987060547 771.6270751953125 
537.5635986328125 -36.305038452148438 773.00830078125 
535.9075927734375 -34.995548248291016 771.9005126953125 
537.35870361328125 -32.947292327880859 770.44830322265625 
534.515380859375 -33.506492614746094 770.8787841796875 
539.70513916015625 -31.783121109008789 770.6903076171875 
533.25897216796875 -31.889692306518555 770.049072265625 
535.57244873046875 -27.539989471435547 768.42364501953125 
534.58660888671875 -29.825929641723633 768.93951416015625 
532.83514404296875 -27.909229278564453 768.58221435546875 
533.6558837890625 -25.667228698730469 768.16595458984375 
532.5380859375 -30.046237945556641 769.24249267578125 
536.1513671875 -98.88037109375 874.939453125 
537.74420166015625 -100.30694580078125 873.806884765625 
536.96685791015625 -99.731697082519531 872.35968017578125 
552.2432861328125 -74.806663513183594 812.6241455078125 
551.6875 -73.277046203613281 810.169189453125 
548.2701416015625 -73.807823181152344 811.2713623046875 
478.20794677734375 -13.120406150817871 885.0423583984375 
476.40798950195312 -14.381064414978027 869.48870849609375 
475.116943359375 -15.280130386352539 871.9693603515625 
477.094970703125 -15.931084632873535 886.10443115234375 
549.78448486328125 -104.97444915771484 855.6168212890625 
551.095458984375 -105.51582336425781 855.3936767578125 
551.43853759765625 -104.73046112060547 853.3690185546875 
554.48419189453125 -105.54214477539062 852.25238037109375 
553.22113037109375 -104.30013275146484 850.98492431640625 
555.83648681640625 -104.88156890869141 849.65228271484375 
554.6290283203125 -103.43268585205078 848.575927734375 
557.43975830078125 -104.10403442382812 847.12188720703125 
562.288330078125 -97.875022888183594 832.29180908203125 
563.13092041015625 -96.437713623046875 829.0631103515625 
559.88409423828125 -96.022834777832031 832.20941162109375 
561.1624755859375 -94.603897094726562 828.46630859375 
476.29254150390625 -17.218803405761719 869.6197509765625 
477.68771362304688 -19.234533309936523 866.85986328125 
505.00350952148438 -46.500728607177734 801.421875 
504.4249267578125 -45.104541778564453 799.54180908203125 
501.00970458984375 -47.01568603515625 800.94451904296875 
504.91000366210938 -48.851146697998047 802.75323486328125 
501.909912109375 -47.563316345214844 803.10015869140625 
504.04324340820312 -51.416866302490234 803.9993896484375 
501.95965576171875 -48.941371917724609 804.68109130859375 
503.81570434570312 -52.754081726074219 805.48419189453125 
501.945068359375 -50.459739685058594 806.30377197265625 
556.17059326171875 -102.49980926513672 846.0340576171875 
559.33270263671875 -103.34043884277344 844.47137451171875 
557.81427001953125 -101.59565734863281 843.29522705078125 
561.07080078125 -102.32066345214844 841.37298583984375 
559.3753662109375 -100.80879211425781 840.55950927734375 
562.15765380859375 -100.99090576171875 837.979736328125 
559.50439453125 -99.415184020996094 838.26318359375 
562.69207763671875 -99.522247314453125 834.7855224609375 
559.83642578125 -97.864585876464844 835.36602783203125 
498.06533813476562 -45.405941009521484 803.03961181640625 
496.18344116210938 -43.427371978759766 804.0692138671875 
495.34030151367188 -40.215972900390625 806.47552490234375 
494.92105102539062 -36.814903259277344 808.412841796875 
495.8729248046875 -33.823032379150391 810.72418212890625 
504.73016357421875 -53.914695739746094 807.02606201171875 
502.6304931640625 -51.651931762695312 808.13848876953125 
505.762939453125 -54.77349853515625 808.3328857421875 
503.99526977539062 -52.646945953369141 810.06707763671875 
552.5849609375 -76.486373901367188 814.95330810546875 
548.991455078125 -75.846961975097656 814.4451904296875 
552.955078125 -78.27130126953125 817.02691650390625 
549.46636962890625 -77.686187744140625 817.04205322265625 
554.12225341796875 -80.051658630371094 818.7860107421875 
550.468017578125 -79.548164367675781 819.136474609375 
555.63543701171875 -81.962600708007812 820.38385009765625 
551.92108154296875 -81.546943664550781 820.8685302734375 
556.79876708984375 -84.213432312011719 822.0211181640625 
553.46234130859375 -83.727470397949219 822.5908203125 
545.6470947265625 -74.465713500976562 814.19500732421875 
545.24420166015625 -72.640449523925781 810.959228515625 
542.671630859375 -72.98321533203125 813.96331787109375 
541.96868896484375 -71.416854858398438 811.22113037109375 
539.7333984375 -71.63250732421875 814.04400634765625 
538.66998291015625 -70.257080078125 811.8214111328125 
536.7847900390625 -70.383575439453125 814.36297607421875 
536.15545654296875 -69.335952758789062 812.25555419921875 
521.835205078125 -71.374069213867188 900.2410888671875 
522.95709228515625 -73.660850524902344 899.33038330078125 
522.7259521484375 -72.654029846191406 897.6136474609375 
523.7860107421875 -75.06787109375 897.01611328125 
520.71240234375 -68.996864318847656 901.43133544921875 
521.569091796875 -70.205894470214844 898.50970458984375 
519.56036376953125 -66.570816040039062 902.25103759765625 
520.363525390625 -67.699195861816406 899.48089599609375 
518.4169921875 -64.040206909179688 903.26776123046875 
519.115478515625 -65.124320983886719 900.5543212890625 
517.8541259765625 -62.541812896728516 901.76092529296875 
516.65753173828125 -60.068672180175781 902.81524658203125 
515.544921875 -57.703697204589844 903.3292236328125 
514.32672119140625 -55.212490081787109 903.51690673828125 
512.957275390625 -52.661872863769531 903.640380859375 
511.45791625976562 -50.173912048339844 903.72119140625 
509.85980224609375 -47.815067291259766 903.6114501953125 
508.15185546875 -45.579154968261719 903.455810546875 
506.41082763671875 -43.544898986816406 903.0738525390625 
504.69662475585938 -41.686977386474609 902.25726318359375 
502.84286499023438 -39.852764129638672 901.17999267578125 
500.80477905273438 -38.034450531005859 900.0352783203125 
498.63433837890625 -36.322494506835938 898.73382568359375 
495.84683227539062 -34.422592163085938 897.41510009765625 
561.120361328125 -90.359275817871094 824.90728759765625 
561.9498291015625 -87.3775634765625 823.44561767578125 
557.2564697265625 -88.745689392089844 825.77313232421875 
559.189453125 -86.042648315429688 823.05487060546875 
560.7584228515625 -92.612594604492188 826.7156982421875 
557.6966552734375 -91.4176025390625 828.3179931640625 
558.6116943359375 -93.689979553222656 830.3582763671875 
555.18499755859375 -86.095649719238281 824.28582763671875 
477.13613891601562 -19.227489471435547 886.6688232421875 
478.154541015625 -22.352640151977539 886.7154541015625 
479.66842651367188 -25.155029296875 885.92919921875 
497.4720458984375 -34.375228881835938 812.63671875 
498.97787475585938 -32.339920043945312 814.31768798828125 
500.15261840820312 -32.726638793945312 816.11822509765625 
501.03955078125 -33.568279266357422 818.28997802734375 
501.84417724609375 -34.543952941894531 820.55474853515625 
502.80905151367188 -35.398544311523438 822.79071044921875 
503.673583984375 -36.185581207275391 825.04669189453125 
504.32427978515625 -36.977760314941406 827.47076416015625 
504.8060302734375 -37.60211181640625 830.0941162109375 
504.97882080078125 -38.047939300537109 833.19287109375 
503.9635009765625 -36.745445251464844 836.35504150390625 
474.41549682617188 -13.596407890319824 877.05877685546875 
474.36172485351562 -16.042219161987305 874.96795654296875 
474.90765380859375 -13.808914184570312 880.66815185546875 
475.77398681640625 -14.733777046203613 883.603271484375 
488.32113647460938 -21.498416900634766 845.59893798828125 
489.85903930664062 -23.78643798828125 845.38604736328125 
491.71270751953125 -26.168218612670898 845.15753173828125 
493.77816772460938 -28.494773864746094 844.67230224609375 
495.94970703125 -30.568748474121094 843.85247802734375 
485.80816650390625 -21.662145614624023 847.7320556640625 
483.44110107421875 -21.288396835327148 850.68341064453125 
481.77032470703125 -19.713340759277344 852.2952880859375 
480.77603149414062 -19.530818939208984 854.77069091796875 
479.83364868164062 -18.923095703125 857.97637939453125 
479.52774047851562 -20.066356658935547 860.73297119140625 
479.1280517578125 -21.020462036132812 863.69146728515625 
498.16311645507812 -32.359714508056641 842.61199951171875 
500.32156372070312 -33.899768829345703 840.922607421875 
502.3192138671875 -35.412975311279297 838.8699951171875 
533.88714599609375 -67.930435180664062 809.9698486328125 
531.06744384765625 -67.10284423828125 808.14752197265625 
530.49224853515625 -66.977188110351562 810.49169921875 
528.18133544921875 -66.536964416503906 808.04931640625 
532.57720947265625 -68.012939453125 812.64520263671875 
534.24267578125 -69.201744079589844 814.33837890625 
527.50787353515625 -66.106010437011719 810.6278076171875 
525.29376220703125 -66.032073974609375 807.9207763671875 
524.62322998046875 -65.254135131835938 810.25677490234375 
522.435302734375 -65.408157348632812 807.7454833984375 
521.83612060546875 -64.522171020507812 809.7218017578125 
519.6414794921875 -64.483291625976562 807.36785888671875 
519.3138427734375 -63.649974822998047 809.46728515625 
517.08148193359375 -63.172214508056641 807.001220703125 
516.91583251953125 -62.516101837158203 809.4871826171875 
514.69256591796875 -61.742301940917969 807.1531982421875 
514.45404052734375 -61.101600646972656 809.6378173828125 
512.26898193359375 -60.189754486083984 807.25885009765625 
511.97930908203125 -59.488048553466797 809.8697509765625 
509.93331909179688 -58.534774780273438 807.38458251953125 
509.6112060546875 -57.689834594726562 810.2342529296875 
507.80218505859375 -56.760593414306641 807.7281494140625 
507.54458618164062 -55.724170684814453 810.9085693359375 
505.83746337890625 -53.580326080322266 812.10809326171875 
532.1163330078125 -92.119598388671875 885.2734375 
533.33221435546875 -93.883056640625 883.87530517578125 
532.34796142578125 -92.95501708984375 882.729248046875 
533.36492919921875 -94.849502563476562 881.0726318359375 
531.29852294921875 -90.541297912597656 886.9368896484375 
531.4288330078125 -91.10345458984375 884.4100341796875 
530.39459228515625 -88.792274475097656 888.4560546875 
530.58489990234375 -89.277938842773438 886.1220703125 
529.678955078125 -87.206108093261719 890.3231201171875 
529.8006591796875 -87.488914489746094 887.953125 
528.7408447265625 -85.425849914550781 891.17071533203125 
528.9517822265625 -85.591873168945312 889.497314453125 
527.85772705078125 -83.573936462402344 893.2813720703125 
528.0306396484375 -83.614959716796875 890.95062255859375 
526.8856201171875 -81.562713623046875 894.98223876953125 
527.1204833984375 -81.759292602539062 892.59173583984375 
525.79681396484375 -79.409339904785156 895.8001708984375 
526.3331298828125 -80.212509155273438 893.86297607421875 
524.8076171875 -77.263015747070312 896.30908203125 
525.635498046875 -78.413436889648438 894.003662109375 
524.764892578125 -76.18963623046875 894.33880615234375 
523.7279052734375 -73.749641418457031 894.95709228515625 
493.34518432617188 -32.910499572753906 894.8935546875 
490.831298828125 -31.610061645507812 892.89208984375 
488.38235473632812 -30.479089736938477 891.04052734375 
486.41909790039062 -29.614709854125977 889.51763916015625 
532.9036865234375 -93.799575805664062 880.3868408203125 
533.71881103515625 -95.355255126953125 878.98480224609375 
534.17041015625 -96.250480651855469 878.97088623046875 
534.32989501953125 -96.292144775390625 876.87335205078125 
535.41046142578125 -97.8709716796875 877.22119140625 
535.1944580078125 -97.490791320800781 874.7491455078125 
536.03753662109375 -98.501052856445312 873.0025634765625 
536.818115234375 -98.993904113769531 870.98175048828125 
537.802001953125 -100.18083953857422 869.57452392578125 
537.9090576171875 -99.596778869628906 868.49676513671875 
539.37615966796875 -101.34165191650391 867.28302001953125 
539.38067626953125 -100.52736663818359 866.0926513671875 
541.08917236328125 -102.35809326171875 864.98541259765625 
541.06402587890625 -101.42401885986328 863.60150146484375 
543.10028076171875 -103.43396759033203 862.80902099609375 
542.9361572265625 -102.21460723876953 861.08551025390625 
545.30364990234375 -104.31228637695312 860.58404541015625 
544.995361328125 -102.88469696044922 858.6356201171875 
547.50439453125 -104.77755737304688 858.1414794921875 
547.1986083984375 -103.30670928955078 856.25555419921875 
549.338134765625 -103.46506500244141 853.95855712890625 
483.57192993164062 -28.404502868652344 886.5159912109375 
486.11346435546875 -29.721338272094727 886.8211669921875 
482.0048828125 -27.647468566894531 884.52593994140625 
499.87045288085938 -46.255531311035156 803.73236083984375 
551.1278076171875 -103.49965667724609 852.0823974609375 
500.17788696289062 -46.558734893798828 805.71142578125 
552.07183837890625 -102.59042358398438 850.162109375 
496.45108032226562 -37.842525482177734 809.60565185546875 
500.32098388671875 -47.563400268554688 807.62677001953125 
474.13656616210938 -16.390451431274414 878.2738037109375 
497.04458618164062 -42.147636413574219 806.5433349609375 
498.65933227539062 -44.369190216064453 806.25799560546875 
497.87060546875 -41.227737426757812 809.357421875 
497.817138671875 -38.038730621337891 812.228271484375 
498.57846069335938 -35.265476226806641 814.58441162109375 
499.51364135742188 -36.127876281738281 816.76226806640625 
500.56900024414062 -37.299232482910156 818.9969482421875 
499.17752075195312 -44.361801147460938 808.81951904296875 
498.65057373046875 -41.679214477539062 811.8035888671875 
498.79751586914062 -38.965721130371094 814.56365966796875 
475.67434692382812 -18.017030715942383 884.0823974609375 
474.6163330078125 -16.963045120239258 881.3841552734375 
553.29852294921875 -101.44404602050781 847.7283935546875 
475.51715087890625 -18.197175979614258 872.4754638671875 
475.01669311523438 -18.879508972167969 875.62158203125 
474.9307861328125 -19.301515579223633 878.678466796875 
475.43865966796875 -20.035758972167969 881.354248046875 
476.55712890625 -21.170953750610352 883.9766845703125 
478.15591430664062 -24.096261978149414 883.3541259765625 
476.9114990234375 -22.861774444580078 880.82745361328125 
476.04983520507812 -21.606935501098633 878.9456787109375 
476.19326782226562 -21.514919281005859 876.29010009765625 
476.556640625 -21.019699096679688 873.0411376953125 
477.1009521484375 -20.206672668457031 869.829833984375 
499.67922973632812 -45.312942504882812 811.04266357421875 
499.59307861328125 -42.789642333984375 814.09613037109375 
499.96365356445312 -40.193084716796875 816.84124755859375 
501.7314453125 -38.040531158447266 821.20745849609375 
502.850341796875 -38.668903350830078 823.3251953125 
545.946533203125 -76.351821899414062 817.296630859375 
546.8218994140625 -78.301101684570312 819.866943359375 
500.86233520507812 -48.721179962158203 809.7039794921875 
500.750244140625 -46.454547882080078 813.2242431640625 
501.05191040039062 -44.174762725830078 816.25482177734375 
501.6025390625 -41.584617614746094 819.3111572265625 
502.6126708984375 -40.895217895507812 821.6942138671875 
478.78323364257812 -22.000297546386719 866.83184814453125 
480.24481201171875 -26.548768997192383 882.1729736328125 
478.71112060546875 -25.223533630371094 879.6981201171875 
477.40667724609375 -23.587566375732422 877.56622314453125 
548.2923583984375 -80.359298706054688 821.84503173828125 
550.014892578125 -82.520072937011719 823.55462646484375 
551.88677978515625 -84.863700866699219 825.350341796875 
553.54803466796875 -87.3104248046875 827.33184814453125 
554.7579345703125 -89.718376159667969 829.672607421875 
502.194580078125 -49.817859649658203 811.79229736328125 
504.14129638671875 -51.031036376953125 813.66278076171875 
477.89797973632812 -23.475381851196289 873.9527587890625 
478.39260864257812 -22.875637054443359 870.25579833984375 
502.55703735351562 -47.834499359130859 815.16424560546875 
503.0301513671875 -45.782157897949219 818.1982421875 
503.5833740234375 -43.911876678466797 820.9642333984375 
554.85589599609375 -100.45079040527344 845.0501708984375 
556.62841796875 -99.437164306640625 841.876220703125 
557.06451416015625 -97.767631530761719 839.13983154296875 
557.15386962890625 -96.164802551269531 836.59344482421875 
556.8128662109375 -94.396438598632812 834.24774169921875 
503.96749877929688 -39.465702056884766 825.5118408203125 
503.86758422851562 -41.904052734375 823.39276123046875 
504.97573852539062 -40.129440307617188 827.91485595703125 
505.79946899414062 -40.628246307373047 830.50921630859375 
488.8646240234375 -30.824153900146484 887.9571533203125 
491.525390625 -31.879945755004883 889.589599609375 
493.97567749023438 -33.014003753662109 891.44439697265625 
496.35574340820312 -34.367023468017578 893.37957763671875 
498.6903076171875 -35.936759948730469 895.15283203125 
555.44580078125 -92.105178833007812 832.6668701171875 
529.47412109375 -66.9107666015625 813.22216796875 
531.68310546875 -68.269706726074219 815.279541015625 
522.5999755859375 -71.225822448730469 895.80328369140625 
521.3787841796875 -68.630088806152344 896.720458984375 
520.0968017578125 -65.983985900878906 897.8304443359375 
518.775634765625 -63.299713134765625 898.98895263671875 
517.48126220703125 -60.777431488037109 900.15997314453125 
516.3988037109375 -58.783340454101562 901.21356201171875 
515.57269287109375 -56.745082855224609 900.90509033203125 
514.40576171875 -54.238212585449219 900.7713623046875 
512.983642578125 -51.667572021484375 900.7935791015625 
511.43087768554688 -49.237239837646484 900.85894775390625 
509.79586791992188 -46.967308044433594 900.79217529296875 
508.0308837890625 -44.813343048095703 900.57794189453125 
506.33050537109375 -43.020973205566406 900.5753173828125 
505.03244018554688 -41.475379943847656 899.2857666015625 
503.12432861328125 -39.552524566650391 897.98211669921875 
500.99093627929688 -37.690883636474609 896.64129638671875 
505.29196166992188 -42.70648193359375 825.6527099609375 
506.42889404296875 -43.018692016601562 828.13018798828125 
505.44720458984375 -45.1568603515625 822.978271484375 
504.7733154296875 -49.198596954345703 817.0064697265625 
505.21929931640625 -47.267055511474609 820.03662109375 
506.51190185546875 -52.066051483154297 815.6810302734375 
508.08380126953125 -54.385963439941406 814.2994384765625 
509.81552124023438 -56.355281829833984 813.357421875 
511.94143676757812 -58.195766448974609 812.80523681640625 
514.33685302734375 -59.927143096923828 812.41705322265625 
516.77716064453125 -61.478916168212891 812.06585693359375 
519.11395263671875 -62.771465301513672 811.7320556640625 
521.02374267578125 -63.712448120117188 811.38885498046875 
523.197509765625 -64.371139526367188 812.37298583984375 
507.36529541015625 -45.966339111328125 825.62127685546875 
507.34323120117188 -48.315101623535156 822.06500244140625 
507.0823974609375 -50.349220275878906 818.832275390625 
508.85507202148438 -53.040493011474609 817.43084716796875 
510.07220458984375 -55.020111083984375 815.9808349609375 
511.957763671875 -56.611778259277344 815.77471923828125 
514.246826171875 -58.493839263916016 815.2828369140625 
516.6488037109375 -60.250324249267578 814.8314208984375 
519.05413818359375 -61.832271575927734 814.345947265625 
521.28192138671875 -63.213115692138672 813.64837646484375 
526.20196533203125 -65.545448303222656 813.67181396484375 
523.66131591796875 -64.117431640625 815.3529052734375 
528.72503662109375 -66.935211181640625 816.15435791015625 
526.0614013671875 -65.439559936523438 817.220947265625 
487.5682373046875 -24.038097381591797 847.5748291015625 
489.61856079101562 -26.491275787353516 847.42559814453125 
491.94100952148438 -28.917083740234375 847.0599365234375 
494.44451904296875 -31.181961059570312 846.33856201171875 
496.98883056640625 -33.194446563720703 845.16497802734375 
499.41961669921875 -34.900112152099609 843.54071044921875 
501.74356079101562 -36.490573883056641 841.49530029296875 
504.02078247070312 -38.2923583984375 838.98211669921875 
531.8812255859375 -91.702789306640625 882.029541015625 
530.95220947265625 -89.636894226074219 883.67523193359375 
530.10430908203125 -87.632675170898438 885.326171875 
529.27642822265625 -85.600318908691406 887.0145263671875 
528.3751220703125 -83.469482421875 888.59716796875 
527.43133544921875 -81.421623229980469 890.15167236328125 
526.51239013671875 -79.715095520019531 891.97906494140625 
525.7386474609375 -77.368446350097656 891.97021484375 
524.74462890625 -74.764366149902344 892.38970947265625 
523.5948486328125 -72.077667236328125 893.23260498046875 
522.3594970703125 -69.365631103515625 894.1578369140625 
521.075927734375 -66.654792785644531 895.18377685546875 
519.7430419921875 -63.890960693359375 896.29144287109375 
518.35394287109375 -61.133636474609375 897.49609375 
516.96368408203125 -58.665901184082031 898.924072265625 
516.0875244140625 -56.082801818847656 898.1402587890625 
514.76318359375 -53.230659484863281 897.9283447265625 
513.1417236328125 -50.527301788330078 898.1441650390625 
511.49627685546875 -48.155853271484375 898.27984619140625 
509.76470947265625 -45.921810150146484 898.18402099609375 
507.568603515625 -43.478256225585938 897.92926025390625 
505.62139892578125 -41.219562530517578 896.34466552734375 
503.50473022460938 -39.144607543945312 894.78515625 
501.18612670898438 -37.237098693847656 893.25 
480.75408935546875 -21.032247543334961 857.2935791015625 
482.00372314453125 -21.504310607910156 854.09088134765625 
521.30682373046875 -62.524906158447266 816.46240234375 
518.87249755859375 -60.765552520751953 817.1556396484375 
516.4449462890625 -58.912796020507812 817.6358642578125 
514.07080078125 -56.920722961425781 818.17486572265625 
511.50592041015625 -54.428745269775391 818.946533203125 
509.4635009765625 -51.398628234863281 820.8067626953125 
523.5777587890625 -63.700309753417969 818.45965576171875 
509.55496215820312 -49.339221954345703 824.31097412109375 
528.3525390625 -67.089210510253906 819.1522216796875 
525.805908203125 -65.299652099609375 820.33197021484375 
526.75079345703125 -78.855522155761719 889.68975830078125 
525.7933349609375 -75.923263549804688 889.8687744140625 
524.60467529296875 -72.922958374023438 890.58428955078125 
523.34356689453125 -70.022682189941406 891.5947265625 
527.8006591796875 -80.933792114257812 887.7554931640625 
528.81292724609375 -83.324981689453125 886.1046142578125 
529.6927490234375 -85.604888916015625 884.43499755859375 
530.53948974609375 -87.768745422363281 882.77471923828125 
531.43267822265625 -89.93988037109375 881.2305908203125 
532.421630859375 -92.1552734375 879.481201171875 
522.0284423828125 -67.179397583007812 892.65350341796875 
520.708984375 -64.38470458984375 893.67242431640625 
519.31805419921875 -61.491794586181641 894.761962890625 
517.7681884765625 -58.55230712890625 896.11175537109375 
533.60479736328125 -94.55029296875 877.43194580078125 
534.7760009765625 -96.263595581054688 874.73114013671875 
535.775146484375 -97.595321655273438 872.561279296875 
536.60784912109375 -97.891120910644531 870.06671142578125 
535.34832763671875 -96.129814147949219 872.021484375 
537.7518310546875 -98.373283386230469 867.32098388671875 
536.21697998046875 -96.230743408203125 869.1136474609375 
539.2059326171875 -99.04150390625 864.5546875 
540.96954345703125 -99.787078857421875 861.7811279296875 
542.9622802734375 -100.53964996337891 859.14630126953125 
545.08599853515625 -101.18616485595703 856.73626708984375 
547.27911376953125 -101.56599426269531 854.39019775390625 
549.60565185546875 -101.87083435058594 852.0838623046875 
537.44000244140625 -96.477424621582031 865.90472412109375 
539.14306640625 -97.129158020019531 862.63079833984375 
541.19921875 -98.024757385253906 859.62835693359375 
550.55560302734375 -100.40207672119141 849.70391845703125 
551.9581298828125 -99.197196960449219 846.99359130859375 
553.55792236328125 -98.333282470703125 844.2320556640625 
554.857421875 -97.613433837890625 841.7939453125 
554.67462158203125 -96.17010498046875 840.1544189453125 
554.51275634765625 -94.567710876464844 838.08709716796875 
554.29608154296875 -93.126136779785156 836.1409912109375 
552.53662109375 -96.338188171386719 843.18060302734375 
550.632568359375 -96.8543701171875 846.15191650390625 
548.9508056640625 -97.815254211425781 849.1883544921875 
552.0399169921875 -94.508216857910156 841.46026611328125 
551.86163330078125 -92.812538146972656 839.249267578125 
552.1385498046875 -91.3021240234375 836.49664306640625 
552.34759521484375 -89.721221923828125 833.4208984375 
551.7257080078125 -87.7669677734375 830.696533203125 
550.29962158203125 -85.546981811523438 828.50787353515625 
547.3970947265625 -99.344947814941406 852.355712890625 
545.4378662109375 -99.742012023925781 855.03607177734375 
543.3736572265625 -98.902168273925781 857.03668212890625 
544.38006591796875 -97.652587890625 854.56890869140625 
545.79461669921875 -96.427764892578125 851.63299560546875 
541.87237548828125 -96.473678588867188 857.0850830078125 
542.8795166015625 -95.162422180175781 854.2322998046875 
547.208740234375 -94.946563720703125 848.2802734375 
544.00347900390625 -93.868446350097656 851.22894287109375 
549.680419921875 -94.614540100097656 844.7421875 
549.08831787109375 -92.516792297363281 842.71844482421875 
546.64404296875 -92.563972473144531 846.0753173828125 
544.72674560546875 -92.6883544921875 848.81585693359375 
548.944091796875 -90.640716552734375 840.11083984375 
549.25732421875 -89.082794189453125 837.0528564453125 
549.3472900390625 -87.590805053710938 834.1202392578125 
548.54669189453125 -85.842582702636719 831.79541015625 
545.50994873046875 -89.979660034179688 843.9349365234375 
543.55059814453125 -90.637847900390625 847.739990234375 
542.263916015625 -91.493438720703125 850.8975830078125 
541.28369140625 -92.628273010253906 853.9566650390625 
540.33648681640625 -93.897682189941406 857.1016845703125 
539.5546875 -95.343925476074219 860.0960693359375 
545.994384765625 -88.260650634765625 840.4200439453125 
541.6343994140625 -88.086845397949219 846.9893798828125 
542.63055419921875 -87.019813537597656 843.46429443359375 
540.51336669921875 -89.012367248535156 850.5 
539.56622314453125 -90.029541015625 853.8759765625 
538.7987060546875 -91.232620239257812 857.1788330078125 
538.045166015625 -92.534904479980469 860.4425048828125 
537.1875 -94.039939880371094 864.0672607421875 
535.74017333984375 -94.070594787597656 868.13958740234375 
534.8038330078125 -94.147811889648438 871.427734375 
534.12261962890625 -94.2945556640625 874.38116455078125 
532.93731689453125 -92.181663513183594 876.70074462890625 
531.916748046875 -90.037620544433594 878.72967529296875 
531.003173828125 -87.875801086425781 880.450927734375 
530.13818359375 -85.657058715820312 882.02008056640625 
529.27691650390625 -83.32611083984375 883.68560791015625 
533.50286865234375 -91.987785339355469 873.924072265625 
532.375244140625 -89.852561950683594 876.24468994140625 
531.4404296875 -87.855377197265625 878.2193603515625 
530.60882568359375 -85.706336975097656 879.69281005859375 
529.7579345703125 -83.360435485839844 881.24566650390625 
534.1748046875 -91.74871826171875 870.95147705078125 
535.09765625 -91.529190063476562 867.50164794921875 
536.0040283203125 -90.861839294433594 864.00433349609375 
536.62359619140625 -89.644401550292969 860.80078125 
537.1690673828125 -88.395225524902344 857.56671142578125 
537.7684326171875 -87.272834777832031 854.123779296875 
538.4791259765625 -86.301826477050781 850.4923095703125 
528.310302734375 -80.752723693847656 885.3121337890625 
528.875 -80.951431274414062 882.92437744140625 
527.01031494140625 -77.647529602050781 887.08441162109375 
525.66314697265625 -73.95855712890625 887.955078125 
524.36431884765625 -70.776527404785156 888.9815673828125 
523.03753662109375 -67.772926330566406 890.07025146484375 
521.69573974609375 -64.869384765625 891.1153564453125 
520.3145751953125 -61.930618286132812 892.113525390625 
518.78155517578125 -58.792869567871094 893.21563720703125 
516.7662353515625 -55.249240875244141 894.805908203125 
514.81292724609375 -51.776035308837891 895.3421630859375 
513.051513671875 -49.175010681152344 895.7646484375 
511.3355712890625 -46.896125793457031 895.85040283203125 
509.50296020507812 -44.711585998535156 895.64935302734375 
507.68377685546875 -42.757488250732422 895.2054443359375 
506.22451782226562 -40.914104461669922 892.896728515625 
503.570556640625 -38.590049743652344 891.341796875 
499.02212524414062 -35.666847229003906 891.55322265625 
501.44622802734375 -36.970592498779297 889.52545166015625 
496.8790283203125 -34.323062896728516 889.71783447265625 
494.61703491210938 -33.152881622314453 887.90667724609375 
492.0015869140625 -32.041553497314453 886.1923828125 
488.86856079101562 -30.882678985595703 884.68115234375 
485.30023193359375 -29.517955780029297 883.35565185546875 
482.9542236328125 -28.39990234375 880.65130615234375 
481.09982299804688 -27.146669387817383 877.98626708984375 
479.36697387695312 -25.479970932006836 875.66387939453125 
480.00802612304688 -25.230783462524414 871.55712890625 
480.48907470703125 -24.622592926025391 867.305419921875 
509.43539428710938 -47.463577270507812 827.56689453125 
507.94155883789062 -45.144680023193359 828.44561767578125 
507.34967041015625 -43.348152160644531 830.60162353515625 
509.08837890625 -45.811325073242188 830.38232421875 
506.529052734375 -41.330684661865234 833.11328125 
505.4849853515625 -39.592239379882812 835.8438720703125 
507.23614501953125 -42.163867950439453 835.6605224609375 
506.036376953125 -40.724887847900391 838.124755859375 
508.33380126953125 -43.984554290771484 833.10784912109375 
480.41510009765625 -23.308300018310547 863.6351318359375 
480.62530517578125 -22.277801513671875 860.3101806640625 
539.31097412109375 -85.323089599609375 846.6688232421875 
531.131591796875 -68.689483642578125 818.1549072265625 
534.474365234375 -70.201957702636719 816.96783447265625 
537.96966552734375 -71.913444519042969 816.67327880859375 
540.61199951171875 -73.011444091796875 816.11260986328125 
542.89788818359375 -74.577278137207031 816.9093017578125 
542.92266845703125 -76.340789794921875 820.38079833984375 
544.79461669921875 -78.750541687011719 822.84197998046875 
546.55535888671875 -80.933540344238281 824.75982666015625 
548.4583740234375 -83.205574035644531 826.57562255859375 
546.85107421875 -83.689521789550781 829.8936767578125 
539.98529052734375 -73.881217956542969 818.7047119140625 
536.79595947265625 -72.4359130859375 819.52587890625 
533.59246826171875 -70.768318176269531 820.232666015625 
530.6719970703125 -69.051872253417969 821.0657958984375 
541.413330078125 -77.0086669921875 823.72454833984375 
539.20172119140625 -74.721641540527344 821.6617431640625 
536.01776123046875 -73.018775939941406 822.42529296875 
533.0643310546875 -71.227401733398438 823.06158447265625 
543.22100830078125 -79.1817626953125 825.784912109375 
544.966796875 -81.382415771484375 827.87548828125 
538.24749755859375 -75.24224853515625 824.46435546875 
540.15545654296875 -77.367431640625 826.4468994140625 
535.344970703125 -73.438911437988281 825.07147216796875 
541.75213623046875 -79.445053100585938 828.6502685546875 
543.09124755859375 -81.684211730957031 831.56072998046875 
545.365478515625 -84.192924499511719 833.37432861328125 
546.85693359375 -85.932540893554688 834.69659423828125 
546.513671875 -86.955116271972656 837.28228759765625 
543.447265625 -85.854110717773438 840.02215576171875 
540.2991943359375 -84.384681701660156 842.744140625 
544.32000732421875 -84.915901184082031 836.70062255859375 
542.3729248046875 -82.795333862304688 835.4332275390625 
541.42999267578125 -83.595748901367188 839.00775146484375 
485.46011352539062 -23.894962310791016 850.2947998046875 
483.67193603515625 -23.571212768554688 853.40191650390625 
482.114013671875 -23.075788497924805 856.81146240234375 
482.29293823242188 -24.601402282714844 860.30206298828125 
481.76177978515625 -25.098142623901367 863.9405517578125 
487.62991333007812 -26.389474868774414 850.08624267578125 
490.13809204101562 -28.891708374023438 849.7763671875 
485.7547607421875 -25.929878234863281 853.00225830078125 
484.01266479492188 -25.26458740234375 856.26129150390625 
488.30584716796875 -28.431148529052734 852.71356201171875 
492.99118041992188 -31.367528915405273 849.173828125 
491.41458129882812 -31.04896354675293 852.2020263671875 
495.96258544921875 -33.649242401123047 848.11004638671875 
498.71563720703125 -35.560218811035156 846.5111083984375 
501.147216796875 -37.136112213134766 844.48309326171875 
503.34249877929688 -38.606502532958984 842.24359130859375 
505.03738403320312 -39.958442687988281 840.4532470703125 
495.25750732421875 -34.038242340087891 851.75482177734375 
498.4874267578125 -36.203693389892578 849.8145751953125 
500.99591064453125 -37.8092041015625 847.66448974609375 
503.19754028320312 -39.187408447265625 845.26031494140625 
505.1746826171875 -40.513153076171875 842.79937744140625 
506.69241333007812 -41.686599731445312 840.265869140625 
507.6351318359375 -42.611499786376953 837.93035888671875 
509.36178588867188 -44.683448791503906 836.18609619140625 
510.40603637695312 -46.566364288330078 832.8660888671875 
511.0699462890625 -48.331462860107422 829.881103515625 
511.594970703125 -50.224388122558594 826.81549072265625 
512.16815185546875 -52.609275817871094 823.2366943359375 
514.150146484375 -55.474334716796875 821.20611572265625 
516.21368408203125 -57.607131958007812 820.33087158203125 
518.5516357421875 -59.580921173095703 820.05682373046875 
521.0816650390625 -61.697864532470703 819.4945068359375 
532.8641357421875 -89.443534851074219 873.600341796875 
531.81072998046875 -87.493782043457031 876.0098876953125 
531.0535888671875 -85.903709411621094 877.7232666015625 
530.27947998046875 -83.339775085449219 878.52227783203125 
529.29864501953125 -80.843017578125 880.62103271484375 
533.46319580078125 -88.791595458984375 870.40594482421875 
534.5035400390625 -89.219596862792969 866.99285888671875 
534.819091796875 -88.047264099121094 864.5433349609375 
532.14849853515625 -86.759284973144531 873.62091064453125 
531.2021484375 -84.994003295898438 875.98712158203125 
533.47998046875 -86.8331298828125 868.0963134765625 
532.40325927734375 -85.658210754394531 871.2333984375 
531.48370361328125 -84.128768920898438 873.70025634765625 
530.573974609375 -82.28472900390625 875.88848876953125 
529.62847900390625 -80.172805786132812 878.11767578125 
535.1551513671875 -86.657211303710938 861.60107421875 
533.594970703125 -85.168159484863281 865.56268310546875 
532.48675537109375 -84.115638732910156 869.0362548828125 
531.74371337890625 -83.386848449707031 871.58795166015625 
530.96856689453125 -81.626701354980469 873.17303466796875 
535.48809814453125 -85.332298278808594 858.3572998046875 
535.85662841796875 -84.167793273925781 854.78887939453125 
536.3985595703125 -83.248878479003906 850.72393798828125 
537.0311279296875 -82.137298583984375 845.99822998046875 
538.597900390625 -81.924301147460938 841.1778564453125 
533.71612548828125 -83.51043701171875 862.70123291015625 
532.45697021484375 -82.244338989257812 866.6787109375 
531.56903076171875 -81.588661193847656 870.13372802734375 
533.81610107421875 -81.966552734375 859.47216796875 
532.365234375 -80.269660949707031 863.9185791015625 
531.35943603515625 -79.36273193359375 867.9268798828125 
530.6131591796875 -79.136276245117188 871.73748779296875 
530.0274658203125 -79.43450927734375 875.2064208984375 
533.88330078125 -80.413864135742188 855.63897705078125 
534.59771728515625 -80.10845947265625 850.82965087890625 
534.5093994140625 -78.786270141601562 847.11138916015625 
536.02606201171875 -79.624443054199219 842.85333251953125 
532.16998291015625 -78.296417236328125 860.8302001953125 
531.05316162109375 -76.969139099121094 865.31097412109375 
530.23480224609375 -76.502883911132812 869.6361083984375 
529.511474609375 -76.452613830566406 873.902587890625 
528.97283935546875 -77.021919250488281 877.6298828125 
531.85516357421875 -76.444259643554688 857.81365966796875 
532.98309326171875 -77.933364868164062 854.134033203125 
532.98193359375 -77.093460083007812 851.0904541015625 
531.60760498046875 -75.06707763671875 854.82659912109375 
530.40252685546875 -74.053535461425781 862.376220703125 
530.239501953125 -72.666130065917969 858.53851318359375 
529.6685791015625 -73.68353271484375 867.26470947265625 
528.92340087890625 -73.408332824707031 871.91326904296875 
527.97906494140625 -73.03887939453125 876.99224853515625 
528.65618896484375 -70.546165466308594 865.49066162109375 
528.73785400390625 -69.840744018554688 861.8868408203125 
528.14031982421875 -70.483482360839844 869.6182861328125 
527.2713623046875 -69.758102416992188 874.245849609375 
528.66864013671875 -78.033546447753906 880.3824462890625 
528.52191162109375 -78.910629272460938 882.23406982421875 
527.876953125 -78.264778137207031 884.32318115234375 
526.7274169921875 -75.125778198242188 885.3262939453125 
527.71612548828125 -76.351409912109375 882.7508544921875 
527.77392578125 -74.763565063476562 880.48455810546875 
525.4512939453125 -71.769401550292969 886.30657958984375 
524.07977294921875 -68.51116943359375 887.3902587890625 
526.5889892578125 -73.067825317382812 883.4705810546875 
526.4853515625 -71.021537780761719 881.2017822265625 
526.101318359375 -68.566184997558594 878.7010498046875 
525.21649169921875 -69.578178405761719 884.47662353515625 
522.70947265625 -65.456512451171875 888.49969482421875 
521.32623291015625 -62.464698791503906 889.5264892578125 
519.896484375 -59.389171600341797 890.5030517578125 
523.762939453125 -66.238838195800781 885.649658203125 
522.32177734375 -63.111679077148438 886.8492431640625 
520.9339599609375 -60.105140686035156 887.8616943359375 
524.87969970703125 -67.300506591796875 882.49212646484375 
518.2275390625 -56.106346130371094 891.515625 
519.40093994140625 -56.941696166992188 888.74884033203125 
516.34912109375 -52.852615356445312 892.41436767578125 
514.47637939453125 -50.044574737548828 893.09222412109375 
512.737548828125 -47.726493835449219 893.422119140625 
510.94497680664062 -45.545135498046875 893.3883056640625 
508.92108154296875 -43.356468200683594 893.04132080078125 
523.28631591796875 -63.858051300048828 883.869384765625 
521.83551025390625 -60.729042053222656 885.09405517578125 
520.3914794921875 -57.711753845214844 886.0848388671875 
517.6397705078125 -53.768806457519531 889.564208984375 
518.74200439453125 -54.631267547607422 886.88604736328125 
515.77691650390625 -50.883792877197266 890.3544921875 
513.95086669921875 -48.430576324462891 890.88348388671875 
512.20025634765625 -46.304008483886719 890.99542236328125 
510.32608032226562 -44.213668823242188 890.6365966796875 
508.08624267578125 -41.998249053955078 889.99591064453125 
505.59100341796875 -39.840778350830078 889.05322265625 
503.4510498046875 -38.196586608886719 888.05908203125 
499.43374633789062 -35.632083892822266 887.47540283203125 
502.17327880859375 -37.227081298828125 884.8585205078125 
497.28106689453125 -34.424324035644531 885.6558837890625 
494.89044189453125 -33.284736633300781 883.9801025390625 
491.92828369140625 -32.060504913330078 882.51153564453125 
488.52606201171875 -30.802999496459961 881.12677001953125 
485.70233154296875 -29.717729568481445 879.80084228515625 
484.278564453125 -28.95659065246582 876.41485595703125 
481.8348388671875 -27.191535949707031 873.73736572265625 
524.2681884765625 -64.697868347167969 880.46282958984375 
525.1817626953125 -65.391754150390625 876.17095947265625 
526.43206787109375 -66.995552062988281 871.71044921875 
522.63623046875 -61.35369873046875 882.0435791015625 
521.12945556640625 -58.284454345703125 883.22308349609375 
519.552490234375 -55.264823913574219 884.11865234375 
516.8907470703125 -51.669025421142578 887.61834716796875 
517.7734375 -52.322994232177734 884.82147216796875 
515.01092529296875 -49.103347778320312 888.23895263671875 
513.250244140625 -46.987693786621094 888.58538818359375 
511.53555297851562 -45.051193237304688 888.33306884765625 
509.60491943359375 -43.060321807861328 887.51190185546875 
523.30731201171875 -61.874656677246094 878.7012939453125 
521.69073486328125 -58.714553833007812 880.06781005859375 
520.117431640625 -55.673755645751953 881.0787353515625 
518.33062744140625 -52.697166442871094 881.82196044921875 
515.83453369140625 -49.632610321044922 885.4508056640625 
516.36846923828125 -49.890819549560547 882.41497802734375 
513.982421875 -47.395576477050781 886.012451171875 
512.4913330078125 -45.791908264160156 886.4688720703125 
510.958740234375 -44.10498046875 885.350341796875 
482.2750244140625 -26.874820709228516 869.73211669921875 
482.69796752929688 -26.544300079345703 866.12371826171875 
483.40277099609375 -26.464595794677734 862.750244140625 
484.63742065429688 -26.80389404296875 859.260498046875 
486.400390625 -27.605926513671875 855.81451416015625 
489.48178100585938 -30.280174255371094 855.79052734375 
487.0418701171875 -28.897964477539062 859.02069091796875 
485.44134521484375 -28.170686721801758 862.33740234375 
484.35916137695312 -27.739730834960938 865.02423095703125 
484.4755859375 -28.280471801757812 868.15478515625 
484.46633911132812 -28.706350326538086 871.96051025390625 
487.17532348632812 -30.291154861450195 873.947998046875 
487.7796630859375 -30.567548751831055 877.5941162109375 
491.1689453125 -31.892723083496094 878.76141357421875 
490.15512084960938 -31.632608413696289 875.24920654296875 
487.74746704101562 -29.964998245239258 862.5306396484375 
486.2625732421875 -29.267143249511719 865.77923583984375 
487.23016357421875 -30.177995681762695 869.84625244140625 
489.36282348632812 -31.352033615112305 872.2940673828125 
493.06527709960938 -32.872325897216797 854.98162841796875 
491.50457763671875 -32.146121978759766 858.54461669921875 
489.17489624023438 -30.618732452392578 859.492431640625 
499.38568115234375 -37.273162841796875 853.781494140625 
496.4404296875 -35.304172515869141 855.56781005859375 
501.57553100585938 -38.660957336425781 850.88861083984375 
503.6217041015625 -39.932052612304688 848.32080078125 
505.65185546875 -41.246746063232422 845.6590576171875 
507.51614379882812 -42.605850219726562 842.807373046875 
508.83535766601562 -43.828025817871094 839.72869873046875 
494.5328369140625 -33.266506195068359 879.74273681640625 
493.44400024414062 -33.039295196533203 875.8162841796875 
491.94287109375 -32.573211669921875 872.48980712890625 
497.35067749023438 -34.549869537353516 881.0343017578125 
499.71798706054688 -35.765815734863281 882.77728271484375 
490.36190795898438 -31.893260955810547 869.46588134765625 
488.8597412109375 -30.989631652832031 866.17047119140625 
490.23126220703125 -31.62730598449707 862.4237060546875 
491.596923828125 -32.578144073486328 865.88165283203125 
493.2176513671875 -33.371967315673828 869.1593017578125 
492.90725708007812 -33.266429901123047 861.92578125 
494.45611572265625 -34.102882385253906 858.25372314453125 
494.40179443359375 -34.14361572265625 865.38836669921875 
495.72933959960938 -34.982559204101562 861.53582763671875 
496.91818237304688 -35.721904754638672 858.5804443359375 
499.16671752929688 -37.158348083496094 857.5714111328125 
495.08502197265625 -34.069877624511719 872.33953857421875 
496.1806640625 -34.906929016113281 868.6221923828125 
497.15432739257812 -34.743568420410156 876.02569580078125 
498.25888061523438 -35.689163208007812 871.6195068359375 
497.29342651367188 -35.770904541015625 864.762939453125 
499.18014526367188 -36.531112670898438 867.82513427734375 
498.46099853515625 -36.631362915039062 861.03594970703125 
500.02606201171875 -36.087348937988281 878.18603515625 
502.4246826171875 -37.379779815673828 880.11102294921875 
500.6065673828125 -36.660179138183594 874.1793212890625 
501.35275268554688 -37.396320343017578 870.50201416015625 
500.2255859375 -37.436851501464844 864.03350830078125 
502.12982177734375 -38.197998046875 866.89398193359375 
501.28195190429688 -38.298244476318359 860.4244384765625 
503.12811279296875 -39.089771270751953 863.3868408203125 
504.899658203125 -39.804107666015625 866.174560546875 
504.30203247070312 -39.139011383056641 869.47698974609375 
503.76837158203125 -38.523967742919922 872.8828125 
503.11575317382812 -37.916744232177734 876.3255615234375 
505.61138916015625 -39.417190551757812 878.4951171875 
504.77496337890625 -38.870540618896484 881.93316650390625 
504.88449096679688 -39.066890716552734 885.49407958984375 
507.27200317382812 -40.950508117675781 886.53509521484375 
508.749755859375 -42.015251159667969 884.18658447265625 
506.61917114257812 -40.258399963378906 883.592041015625 
507.5977783203125 -40.889400482177734 881.0865478515625 
506.40692138671875 -40.03118896484375 875.1961669921875 
510.33175659179688 -43.223098754882812 882.0296630859375 
512.482666015625 -45.467594146728516 883.8887939453125 
514.3592529296875 -47.436618804931641 883.02484130859375 
512.28955078125 -44.960933685302734 880.51739501953125 
514.49176025390625 -47.270248413085938 879.63037109375 
504.80752563476562 -40.865341186523438 851.25653076171875 
503.22003173828125 -39.802734375 854.05230712890625 
502.11846923828125 -38.998291015625 857.09637451171875 
506.63681030273438 -42.083145141601562 848.5626220703125 
508.56536865234375 -43.487010955810547 845.764404296875 
509.24395751953125 -42.099712371826172 878.137451171875 
506.74514770507812 -40.429996490478516 871.91607666015625 
512.08782958984375 -44.57305908203125 876.8670654296875 
509.39251708984375 -42.212409973144531 874.33001708984375 
510.60995483398438 -45.294361114501953 842.5567626953125 
511.28494262695312 -46.329048156738281 838.75262451171875 
511.9583740234375 -47.621139526367188 835.4638671875 
512.66278076171875 -49.22021484375 832.384765625 
513.351806640625 -50.978633880615234 829.4898681640625 
514.0716552734375 -52.891452789306641 826.642333984375 
515.04608154296875 -54.933200836181641 824.15460205078125 
516.13287353515625 -56.613231658935547 822.56060791015625 
518.0164794921875 -58.30303955078125 822.51812744140625 
520.68682861328125 -60.608966827392578 822.85113525390625 
523.35357666015625 -63.197471618652344 821.67010498046875 
528.0648193359375 -67.222099304199219 822.11578369140625 
530.35479736328125 -69.350677490234375 823.91815185546875 
532.6251220703125 -71.574058532714844 825.77093505859375 
525.64068603515625 -65.163551330566406 823.48809814453125 
527.88751220703125 -67.3270263671875 825.15093994140625 
530.11224365234375 -69.579544067382812 826.80108642578125 
523.28411865234375 -62.753147125244141 825.03515625 
525.57330322265625 -65.019905090332031 826.78912353515625 
527.78582763671875 -67.376716613769531 828.26202392578125 
521.04571533203125 -60.187767028808594 826.31488037109375 
519.1871337890625 -58.72027587890625 824.6575927734375 
517.3115234375 -56.914409637451172 824.61163330078125 
516.55389404296875 -55.350997924804688 826.85418701171875 
515.7528076171875 -53.596900939941406 829.37518310546875 
515.02008056640625 -51.878807067871094 832.04168701171875 
514.35601806640625 -50.315067291259766 834.84552001953125 
513.77850341796875 -48.979640960693359 837.7996826171875 
513.361328125 -47.983745574951172 840.85845947265625 
523.2891845703125 -62.237716674804688 828.8319091796875 
525.73193359375 -65.006111145019531 830.04815673828125 
518.84954833984375 -57.721870422363281 826.893798828125 
518.2197265625 -56.265815734863281 829.41845703125 
517.44305419921875 -54.592918395996094 831.95391845703125 
516.70770263671875 -52.964725494384766 834.52093505859375 
516.103759765625 -51.553943634033203 837.1463623046875 
515.62451171875 -50.402767181396484 839.80096435546875 
520.65960693359375 -59.05987548828125 829.32049560546875 
519.91143798828125 -57.44635009765625 832.10076904296875 
519.03033447265625 -55.659229278564453 834.5513916015625 
518.30584716796875 -54.098983764648438 836.8980712890625 
517.8079833984375 -52.823989868164062 839.41827392578125 
522.2718505859375 -60.419479370117188 832.026611328125 
524.21527099609375 -62.946327209472656 831.733642578125 
521.53948974609375 -58.718669891357422 835.13311767578125 
520.13983154296875 -56.384426116943359 836.854736328125 
519.94097900390625 -55.447196960449219 839.2061767578125 
521.82208251953125 -58.224517822265625 838.455078125 
523.85540771484375 -62.0477294921875 834.35162353515625 
523.67828369140625 -61.185070037841797 837.38165283203125 
525.79296875 -64.817665100097656 833.09381103515625 
527.7413330078125 -67.349746704101562 831.4276123046875 
529.89801025390625 -69.72235107421875 829.83587646484375 
532.267822265625 -71.871353149414062 828.5142822265625 
534.7449951171875 -73.769027709960938 827.61553955078125 
537.39129638671875 -75.570114135742188 826.967041015625 
539.0511474609375 -77.537788391113281 828.88336181640625 
525.65167236328125 -64.23565673828125 836.1507568359375 
527.63604736328125 -67.104751586914062 834.63861083984375 
529.73101806640625 -69.763961791992188 833.03033447265625 
531.97235107421875 -72.136802673339844 831.5521240234375 
534.32476806640625 -74.153915405273438 830.3170166015625 
536.6712646484375 -75.859390258789062 829.3916015625 
540.1510009765625 -79.286064147949219 831.19598388671875 
538.13360595703125 -77.556159973144531 830.9000244140625 
540.383544921875 -80.637626647949219 834.15301513671875 
539.77374267578125 -81.456085205078125 837.47369384765625 
537.33306884765625 -79.689651489257812 838.87762451171875 
536.3038330078125 -76.415283203125 832.0899658203125 
538.31097412109375 -78.558822631835938 833.2991943359375 
538.452880859375 -79.63812255859375 835.8956298828125 
534.021484375 -74.637725830078125 833.5152587890625 
531.694580078125 -72.307968139648438 834.8968505859375 
529.52191162109375 -69.622482299804688 836.33538818359375 
527.49395751953125 -66.700363159179688 837.83526611328125 
536.16259765625 -77.41949462890625 835.7645263671875 
534.9500732421875 -77.348724365234375 839.9210205078125 
533.52923583984375 -74.906486511230469 837.18194580078125 
533.8150634765625 -76.827117919921875 843.9051513671875 
532.64849853515625 -75.722671508789062 847.7554931640625 
532.75982666015625 -74.640899658203125 840.962158203125 
531.2952880859375 -72.199142456054688 838.3980712890625 
529.27862548828125 -69.296226501464844 839.6341552734375 
530.806396484375 -71.774688720703125 841.851318359375 
531.91082763671875 -73.903274536132812 844.6104736328125 
531.38714599609375 -73.966453552246094 851.54144287109375 
530.96392822265625 -72.652511596679688 848.18408203125 
530.03326416015625 -71.598037719726562 855.19854736328125 
529.80078125 -70.679901123046875 851.70556640625 
525.572509765625 -63.640060424804688 839.302001953125 
527.43328857421875 -66.332633972167969 841.08074951171875 
529.06671142578125 -68.934440612792969 842.86688232421875 
530.2225341796875 -71.022300720214844 845.16998291015625 
529.4173583984375 -69.663650512695312 848.28643798828125 
523.73876953125 -60.526203155517578 840.56622314453125 
525.66864013671875 -63.211605072021484 842.69671630859375 
527.499755859375 -66.166374206542969 844.431640625 
528.88385009765625 -68.605056762695312 845.6275634765625 
521.8280029296875 -57.363967895507812 841.5904541015625 
519.44989013671875 -53.985324859619141 842.298095703125 
517.20391845703125 -51.640056610107422 841.50262451171875 
515.454833984375 -49.684665679931641 842.39117431640625 
513.5001220703125 -47.638278961181641 843.83966064453125 
511.62506103515625 -45.812351226806641 846.0753173828125 
509.84317016601562 -44.289764404296875 848.70684814453125 
508.12039184570312 -42.981800079345703 851.35223388671875 
506.61123657226562 -41.877544403076172 854.11328125 
505.442138671875 -40.955711364746094 857.061767578125 
504.31500244140625 -40.045166015625 860.15234375 
509.98712158203125 -43.961753845214844 854.13873291015625 
508.7513427734375 -42.925823211669922 856.984375 
511.47195434570312 -45.190517425537109 851.51025390625 
513.0443115234375 -46.598094940185547 848.99664306640625 
514.49462890625 -48.087917327880859 846.591552734375 
515.589111328125 -49.393924713134766 844.65081787109375 
517.44012451171875 -51.353168487548828 843.86236572265625 
516.6712646484375 -49.975959777832031 879.0736083984375 
518.6953125 -52.926078796386719 878.556884765625 
520.51666259765625 -55.975200653076172 877.77685546875 
522.22637939453125 -59.091922760009766 876.81585693359375 
523.690673828125 -61.915168762207031 875.77862548828125 
524.65948486328125 -63.354316711425781 872.890869140625 
525.5225830078125 -64.476737976074219 869.47802734375 
527.12139892578125 -67.595939636230469 867.89471435546875 
514.57440185546875 -47.119907379150391 875.63812255859375 
517.0458984375 -50.250045776367188 875.7481689453125 
519.0162353515625 -53.153430938720703 875.11273193359375 
520.9619140625 -56.318618774414062 874.23077392578125 
522.9117431640625 -59.742179870605469 873.560791015625 
523.8094482421875 -60.967617034912109 870.32635498046875 
511.8238525390625 -44.253265380859375 873.21661376953125 
509.29562377929688 -42.249557495117188 870.958740234375 
506.916015625 -40.780998229980469 868.6666259765625 
507.10470581054688 -41.119575500488281 865.92742919921875 
505.99310302734375 -40.703937530517578 863.28179931640625 
509.09356689453125 -42.277633666992188 867.6641845703125 
508.62969970703125 -42.197109222412109 864.36773681640625 
511.42013549804688 -43.955291748046875 869.69854736328125 
511.01193237304688 -43.749294281005859 866.2872314453125 
513.7864990234375 -46.111457824707031 871.6458740234375 
515.708740234375 -48.312702178955078 873.1180419921875 
513.29815673828125 -45.611915588378906 868.11517333984375 
517.45892333984375 -50.554615020751953 872.48175048828125 
515.67919921875 -48.09149169921875 869.7880859375 
507.8350830078125 -42.034763336181641 860.5289306640625 
510.65020751953125 -43.6650390625 862.9622802734375 
510.87216186523438 -44.039043426513672 859.84405517578125 
512.80438232421875 -45.243778228759766 864.82684326171875 
512.45050048828125 -45.056137084960938 862.1011962890625 
511.90090942382812 -44.993240356445312 857.0372314453125 
513.2730712890625 -46.234874725341797 854.4366455078125 
513.451904296875 -45.964271545410156 860.0235595703125 
514.88092041015625 -47.129043579101562 866.25634765625 
514.35333251953125 -46.644760131835938 863.06988525390625 
521.70452880859375 -56.89947509765625 870.3240966796875 
519.44805908203125 -53.427055358886719 871.54364013671875 
517.87420654296875 -50.797527313232422 869.22174072265625 
516.6207275390625 -49.037338256835938 867.1859130859375 
516.41259765625 -48.684036254882812 864.36444091796875 
515.91552734375 -48.139434814453125 861.014892578125 
519.8455810546875 -53.486740112304688 867.95294189453125 
518.21343994140625 -50.899356842041016 866.005859375 
514.86737060546875 -47.275543212890625 857.63214111328125 
514.75006103515625 -47.633769989013672 851.958740234375 
518.26513671875 -50.703433990478516 862.51043701171875 
520.22705078125 -53.488479614257812 864.3785400390625 
517.72454833984375 -49.987159729003906 858.7935791015625 
516.423583984375 -48.811088562011719 855.19915771484375 
520.69671630859375 -53.671768188476562 860.2703857421875 
516.0693359375 -49.073856353759766 849.394775390625 
517.81744384765625 -50.363506317138672 852.579345703125 
517.033935546875 -50.408470153808594 846.662353515625 
519.4451904296875 -53.101978302001953 846.075927734375 
521.74664306640625 -56.322235107421875 845.17266845703125 
523.83367919921875 -59.829105377197266 844.12933349609375 
518.86456298828125 -51.837913513183594 849.5279541015625 
519.41400146484375 -51.895671844482422 856.1453857421875 
521.43267822265625 -55.080112457275391 849.171630859375 
523.70526123046875 -58.785915374755859 848.25518798828125 
525.88482666015625 -62.955348968505859 846.941162109375 
527.8873291015625 -66.686729431152344 847.764404296875 
528.267578125 -67.436378479003906 851.2125244140625 
526.9141845703125 -64.641494750976562 850.25201416015625 
525.29827880859375 -61.351577758789062 851.3377685546875 
521.8079833984375 -56.410953521728516 866.42645263671875 
523.13818359375 -59.137771606445312 867.9552001953125 
522.49072265625 -56.918888092041016 862.99627685546875 
522.19744873046875 -55.645595550537109 856.3994140625 
523.61077880859375 -58.322505950927734 859.41522216796875 
524.6607666015625 -62.170673370361328 867.38214111328125 
526.08380126953125 -65.069854736328125 866.81842041015625 
523.7353515625 -59.74798583984375 865.2401123046875 
527.25164794921875 -67.13275146484375 864.70697021484375 
528.5018310546875 -68.646286010742188 858.5386962890625 
525.60400390625 -63.512886047363281 864.6441650390625 
526.91845703125 -65.712684631347656 861.70703125 
524.822265625 -61.215415954589844 862.078369140625 
526.337158203125 -63.737422943115234 858.1768798828125 
528.3699951171875 -67.864517211914062 854.95928955078125 
526.7535400390625 -64.268867492675781 853.7655029296875 
524.67718505859375 -60.017314910888672 855.52911376953125 
523.15826416015625 -57.314094543457031 852.49554443359375 
520.66119384765625 -53.576648712158203 852.91650390625 
489.7349853515625 -22.752321243286133 806.1065673828125 
490.56866455078125 -24.591972351074219 807.24310302734375 
513.16656494140625 -25.691879272460938 771.1651611328125 
515.47802734375 -24.907575607299805 770.6099853515625 
512.91571044921875 -23.682943344116211 770.340087890625 
510.83053588867188 -25.145349502563477 770.59014892578125 
510.09921264648438 -23.253847122192383 769.8719482421875 
510.90460205078125 -26.666042327880859 771.60186767578125 
508.43328857421875 -24.89985466003418 770.0523681640625 
507.2999267578125 -23.478580474853516 769.23260498046875 
489.37310791015625 -15.370428085327148 743.1656494140625 
490.91552734375 -15.78144359588623 745.4556884765625 
505.82815551757812 -25.934320449829102 769.52947998046875 
504.52908325195312 -23.712577819824219 768.2398681640625 
502.941162109375 -25.833940505981445 768.340087890625 
501.8172607421875 -23.807126998901367 766.93402099609375 
490.5386962890625 -17.484550476074219 748.01806640625 
488.9903564453125 -17.109088897705078 745.2109375 
490.14926147460938 -18.998733520507812 749.831298828125 
487.49380493164062 -19.074539184570312 746.21466064453125 
489.70773315429688 -20.591520309448242 751.34765625 
487.08160400390625 -21.198545455932617 748.49853515625 
487.33587646484375 -17.056562423706055 743.39910888671875 
485.37139892578125 -18.622730255126953 743.57958984375 
484.93875122070312 -20.795228958129883 745.5218505859375 
484.55264282226562 -23.032197952270508 747.65643310546875 
484.08636474609375 -25.222438812255859 749.46630859375 
483.1900634765625 -27.688215255737305 750.8992919921875 
481.97552490234375 -30.171262741088867 752.08819580078125 
483.79904174804688 -29.779445648193359 753.38861083984375 
485.94342041015625 -28.974748611450195 755.05560302734375 
487.97555541992188 -28.610164642333984 757.15960693359375 
490.03762817382812 -28.600164413452148 759.6549072265625 
492.11965942382812 -28.666818618774414 762.08489990234375 
493.97579956054688 -29.379165649414062 764.33197021484375 
496.38543701171875 -30.492637634277344 766.491455078125 
498.59967041015625 -32.248561859130859 767.99285888671875 
501.23260498046875 -32.572010040283203 768.9967041015625 
503.83663940429688 -32.4068603515625 770.03118896484375 
506.33544921875 -33.185287475585938 771.09832763671875 
505.10946655273438 -30.763511657714844 770.68994140625 
507.59207153320312 -31.072267532348633 771.79107666015625 
506.67041015625 -28.563486099243164 770.7562255859375 
509.1805419921875 -28.665430068969727 771.9283447265625 
508.46511840820312 -26.721393585205078 770.7928466796875 
490.73306274414062 -21.748064041137695 754.12261962890625 
487.17108154296875 -23.5289306640625 751.33367919921875 
492.18115234375 -22.483028411865234 756.7255859375 
488.57049560546875 -25.259428024291992 754.75469970703125 
493.65170288085938 -23.084674835205078 759.12481689453125 
490.66354370117188 -25.675493240356445 757.697998046875 
500.04934692382812 -25.714790344238281 766.75701904296875 
499.47589111328125 -23.37763786315918 765.274658203125 
497.54315185546875 -25.411800384521484 764.8466796875 
497.53329467773438 -22.830287933349609 763.39093017578125 
494.9268798828125 -25.798208236694336 762.7716064453125 
495.85552978515625 -22.377025604248047 761.37921142578125 
492.919189453125 -25.678211212158203 760.43792724609375 
504.00894165039062 -28.191135406494141 769.635009765625 
502.20904541015625 -30.450782775878906 769.51995849609375 
499.35784912109375 -30.277734756469727 768.1671142578125 
501.08831787109375 -27.969963073730469 768.349365234375 
498.2037353515625 -27.936605453491211 766.81854248046875 
495.97817993164062 -27.746158599853516 765.1051025390625 
485.63259887695312 -26.52672004699707 752.443603515625 
508.13848876953125 -33.342563629150391 772.9290771484375 
507.198974609375 -49.375656127929688 802.9764404296875 
506.021728515625 -52.0025634765625 803.36859130859375 
509.8543701171875 -49.627323150634766 803.80694580078125 
509.20626831054688 -52.343185424804688 803.94873046875 
507.9453125 -46.391201019287109 802.67498779296875 
510.77664184570312 -45.976829528808594 803.86444091796875 
509.33050537109375 -30.832546234130859 773.84393310546875 
508.75869750976562 -33.291782379150391 775.21856689453125 
507.93960571289062 -43.813777923583984 801.970703125 
511.17916870117188 -42.572101593017578 803.2554931640625 
509.65838623046875 -31.137016296386719 776.53363037109375 
508.17950439453125 -33.336933135986328 777.5543212890625 
509.02740478515625 -31.001012802124023 779.20184326171875 
507.036376953125 -33.438541412353516 779.77337646484375 
508.169921875 -30.877426147460938 781.849365234375 
506.16220092773438 -33.644710540771484 782.25128173828125 
507.38568115234375 -31.396457672119141 784.601806640625 
505.2481689453125 -34.503547668457031 784.58441162109375 
506.57009887695312 -32.409324645996094 787.0828857421875 
504.46432495117188 -35.784366607666016 786.79290771484375 
505.84207153320312 -33.931594848632812 788.99066162109375 
504.22396850585938 -36.880607604980469 789.280029296875 
506.22500610351562 -34.7197265625 791.06341552734375 
504.16867065429688 -38.132377624511719 791.79010009765625 
506.471435546875 -35.989906311035156 793.367431640625 
504.77139282226562 -39.147640228271484 794.34051513671875 
507.178466796875 -37.080368041992188 795.77044677734375 
505.56851196289062 -40.072456359863281 796.675537109375 
508.14498901367188 -37.809417724609375 798.055908203125 
506.42141723632812 -40.994476318359375 798.7581787109375 
509.29049682617188 -38.773162841796875 800.189208984375 
507.26690673828125 -42.192882537841797 800.61376953125 
510.58395385742188 -40.278366088867188 801.9892578125 
512.33770751953125 -50.615180969238281 804.76239013671875 
511.49514770507812 -53.671947479248047 804.65289306640625 
524.819091796875 -66.111503601074219 804.8033447265625 
527.146240234375 -64.79931640625 802.52801513671875 
522.37091064453125 -65.161079406738281 804.65362548828125 
524.62420654296875 -64.530914306640625 803.35003662109375 
520.466552734375 -63.561027526855469 804.47357177734375 
523.2314453125 -62.990028381347656 803.5556640625 
518.82440185546875 -61.669456481933594 804.5828857421875 
521.75164794921875 -61.223976135253906 803.93817138671875 
529.12451171875 -62.844314575195312 801.55523681640625 
517.05389404296875 -59.674137115478516 804.72119140625 
520.013427734375 -59.257221221923828 804.362060546875 
515.1842041015625 -57.674991607666016 804.8525390625 
518.0782470703125 -57.183597564697266 804.75738525390625 
513.30810546875 -55.649662017822266 804.90087890625 
516.166748046875 -54.951469421386719 805.09112548828125 
514.33502197265625 -52.653102874755859 805.21026611328125 
530.8861083984375 -60.682022094726562 800.94415283203125 
532.4354248046875 -58.482963562011719 800.31951904296875 
533.83172607421875 -56.310230255126953 799.58538818359375 
535.218994140625 -54.252384185791016 798.55743408203125 
536.48919677734375 -52.379417419433594 797.1668701171875 
538.091552734375 -51.007041931152344 795.2921142578125 
538.9058837890625 -48.865493774414062 793.9619140625 
539.71453857421875 -46.652271270751953 792.73529052734375 
540.5897216796875 -44.664417266845703 791.478271484375 
540.857421875 -42.964664459228516 789.9840087890625 
540.70367431640625 -41.642299652099609 787.9576416015625 
540.4451904296875 -40.615547180175781 785.59637451171875 
539.88958740234375 -40.106464385986328 782.8746337890625 
539.19921875 -39.570178985595703 780.13616943359375 
539.10662841796875 -38.943737030029297 777.14703369140625 
537.33575439453125 -37.905220031738281 779.20391845703125 
537.42816162109375 -37.622737884521484 776.0045166015625 
535.84088134765625 -36.414234161376953 777.50152587890625 
535.85400390625 -36.269966125488281 774.71685791015625 
534.28997802734375 -34.950347900390625 776.36334228515625 
534.181884765625 -34.848358154296875 773.77349853515625 
532.67742919921875 -33.520523071289062 775.3841552734375 
532.48382568359375 -33.431941986083984 772.947265625 
531.0797119140625 -32.123828887939453 774.54498291015625 
530.92938232421875 -31.963094711303711 772.11676025390625 
529.48126220703125 -30.825498580932617 773.790771484375 
529.520263671875 -30.555513381958008 771.44366455078125 
527.81005859375 -29.669239044189453 773.04534912109375 
528.059326171875 -29.128896713256836 770.88494873046875 
526.02935791015625 -28.60612678527832 772.51739501953125 
526.1534423828125 -27.874774932861328 770.972900390625 
524.020263671875 -27.504493713378906 771.9381103515625 
524.34063720703125 -26.583755493164062 770.65240478515625 
522.01275634765625 -26.482143402099609 770.8623046875 
511.09286499023438 -28.356561660766602 773.4342041015625 
513.1663818359375 -26.895341873168945 772.88983154296875 
515.4910888671875 -26.373737335205078 772.21044921875 
517.75927734375 -24.798208236694336 770.3441162109375 
517.64398193359375 -26.388301849365234 771.37078857421875 
519.97454833984375 -25.63099479675293 770.4261474609375 
519.82159423828125 -27.121152877807617 771.7366943359375 
522.01080322265625 -27.593404769897461 772.51373291015625 
511.02554321289062 -29.047922134399414 775.62152099609375 
513.21124267578125 -46.865398406982422 804.78082275390625 
513.83526611328125 -43.101589202880859 804.231689453125 
515.3138427734375 -48.903041839599609 805.4007568359375 
516.21990966796875 -44.958465576171875 805.0609130859375 
514.10986328125 -39.545482635498047 803.1363525390625 
510.93243408203125 -28.980792999267578 778.3765869140625 
512.81744384765625 -27.887189865112305 777.2794189453125 
526.26019287109375 -62.629627227783203 802.60968017578125 
524.92523193359375 -60.60302734375 803.24078369140625 
523.16546630859375 -58.676311492919922 803.9454345703125 
527.9803466796875 -60.423648834228516 802.2613525390625 
520.97601318359375 -56.596286773681641 804.60626220703125 
518.9678955078125 -54.190807342529297 805.13848876953125 
517.17047119140625 -51.539928436279297 805.494140625 
529.62353515625 -58.184772491455078 801.92333984375 
531.259765625 -55.913860321044922 801.4022216796875 
526.46832275390625 -58.035446166992188 803.2503662109375 
523.81036376953125 -56.035175323486328 804.28521728515625 
528.6251220703125 -55.678672790527344 802.8817138671875 
526.1988525390625 -55.1884765625 803.86468505859375 
521.733642578125 -53.502651214599609 804.959716796875 
524.4571533203125 -52.810264587402344 804.52294921875 
519.90423583984375 -50.761940002441406 805.4180908203125 
522.7391357421875 -50.234222412109375 805.01806640625 
518.1839599609375 -47.640560150146484 805.48455810546875 
520.93890380859375 -47.410736083984375 805.21551513671875 
532.67401123046875 -53.614006042480469 800.68402099609375 
530.0694580078125 -53.139545440673828 802.44696044921875 
527.40850830078125 -52.718559265136719 803.71240234375 
525.73736572265625 -50.039363861083984 804.26776123046875 
524.08831787109375 -47.478618621826172 804.596923828125 
533.9588623046875 -51.46405029296875 799.6533203125 
531.4501953125 -50.742313385009766 801.67608642578125 
528.69927978515625 -50.200359344482422 803.2000732421875 
527.0849609375 -47.383937835693359 803.63140869140625 
530.00750732421875 -47.712150573730469 802.366455078125 
532.565185546875 -48.360939025878906 800.712158203125 
534.68072509765625 -49.198307037353516 798.79779052734375 
536.32904052734375 -49.536872863769531 796.98931884765625 
537.10345458984375 -47.716354370117188 795.74639892578125 
537.810302734375 -45.654979705810547 794.50579833984375 
538.571533203125 -43.559097290039062 793.3125 
539.16717529296875 -41.575878143310547 792.04541015625 
539.18145751953125 -40.134330749511719 790.18194580078125 
538.951904296875 -39.082901000976562 787.89520263671875 
538.3280029296875 -38.574752807617188 785.2181396484375 
537.65771484375 -38.287178039550781 782.33123779296875 
513.04339599609375 -27.502212524414062 774.9168701171875 
515.35211181640625 -26.743938446044922 774.17510986328125 
517.77923583984375 -26.935501098632812 773.38140869140625 
520.1112060546875 -27.562955856323242 773.4390869140625 
516.7918701171875 -41.434921264648438 804.19024658203125 
519.36993408203125 -43.868324279785156 804.83441162109375 
522.373291015625 -45.057018280029297 804.6337890625 
525.2359619140625 -44.725975036621094 803.82061767578125 
528.271240234375 -44.804973602294922 802.71392822265625 
531.0943603515625 -45.228866577148438 801.29461669921875 
533.43414306640625 -45.938556671142578 799.60333251953125 
535.31072998046875 -46.594310760498047 797.7650146484375 
536.00311279296875 -44.44757080078125 796.45159912109375 
536.63446044921875 -42.351741790771484 795.15643310546875 
537.2950439453125 -40.307884216308594 793.9197998046875 
537.6151123046875 -38.578456878662109 792.3568115234375 
537.59765625 -37.351230621337891 790.289306640625 
537.1865234375 -36.632896423339844 787.76763916015625 
536.40594482421875 -36.394943237304688 785.02825927734375 
535.72735595703125 -36.158405303955078 782.35198974609375 
535.32977294921875 -35.768928527832031 780.1605224609375 
534.01580810546875 -34.350555419921875 779.19000244140625 
532.70849609375 -33.042373657226562 777.9901123046875 
531.3330078125 -31.698308944702148 776.98779296875 
529.80157470703125 -30.412229537963867 776.158935546875 
527.9703369140625 -29.393482208251953 775.3687744140625 
526.01123046875 -28.63606071472168 774.576416015625 
524.00555419921875 -27.951927185058594 773.71954345703125 
521.924072265625 -27.8685302734375 774.58935546875 
523.89459228515625 -27.952033996582031 775.7459716796875 
525.96343994140625 -28.215921401977539 776.72607421875 
527.99267578125 -28.828710556030273 777.63739013671875 
529.73992919921875 -29.856216430664062 778.52838134765625 
531.191650390625 -31.094264984130859 779.46832275390625 
532.5096435546875 -32.359363555908203 780.74578857421875 
533.76934814453125 -33.708908081054688 782.38775634765625 
534.04620361328125 -43.484172821044922 798.323974609375 
531.8509521484375 -42.805610656738281 800.056640625 
534.6259765625 -41.313671112060547 796.954833984375 
535.3739013671875 -39.170547485351562 795.71728515625 
536.0086669921875 -37.294517517089844 794.35845947265625 
529.13604736328125 -42.319358825683594 801.58245849609375 
525.97991943359375 -42.151424407958984 802.861328125 
536.103271484375 -35.925418853759766 792.4400634765625 
536.12359619140625 -34.849643707275391 790.283935546875 
535.49755859375 -34.458133697509766 787.56488037109375 
534.53546142578125 -34.247959136962891 784.901123046875 
522.6334228515625 -42.429943084716797 803.94024658203125 
520.06842041015625 -40.546199798583984 803.73760986328125 
532.49237060546875 -40.503482818603516 798.700439453125 
529.97503662109375 -39.955928802490234 800.3009033203125 
526.89483642578125 -39.733795166015625 801.60980224609375 
523.50958251953125 -39.858665466308594 802.77667236328125 
533.153564453125 -38.37554931640625 797.289306640625 
533.9735107421875 -36.343414306640625 795.97198486328125 
534.33905029296875 -34.828384399414062 794.228759765625 
534.47613525390625 -33.714084625244141 792.20916748046875 
534.49847412109375 -32.958061218261719 789.96246337890625 
533.84967041015625 -32.485359191894531 787.389404296875 
532.7940673828125 -32.090167999267578 785.27587890625 
531.9984130859375 -31.460319519042969 783.34332275390625 
530.78228759765625 -30.363407135009766 781.861572265625 
529.34515380859375 -29.259712219238281 780.88720703125 
527.65142822265625 -28.375734329223633 779.87542724609375 
525.65435791015625 -27.845697402954102 778.83563232421875 
523.57562255859375 -27.591758728027344 777.8260498046875 
521.54449462890625 -27.481727600097656 776.63055419921875 
519.562744140625 -27.271383285522461 775.2213134765625 
517.28314208984375 -26.741012573242188 775.6455078125 
514.9725341796875 -26.956081390380859 776.2835693359375 
530.81158447265625 -37.691905975341797 798.934814453125 
527.89605712890625 -37.397315979003906 800.2408447265625 
524.64398193359375 -37.394309997558594 801.450439453125 
521.112060546875 -37.807846069335938 802.42791748046875 
517.64788818359375 -38.433616638183594 803.06646728515625 
531.616943359375 -35.675205230712891 797.4439697265625 
528.9501953125 -35.224552154541016 798.79119873046875 
525.84912109375 -35.135540008544922 799.89892578125 
522.5394287109375 -35.192245483398438 801.01531982421875 
532.292724609375 -33.895584106445312 795.8304443359375 
532.633544921875 -32.610431671142578 793.8607177734375 
532.8160400390625 -31.665836334228516 791.75885009765625 
532.94989013671875 -31.300731658935547 789.5670166015625 
531.874755859375 -30.432119369506836 787.86077880859375 
530.96221923828125 -29.941017150878906 786.0299072265625 
530.34332275390625 -29.665069580078125 784.099609375 
528.77392578125 -28.500377655029297 783.40118408203125 
527.20477294921875 -27.866697311401367 782.2188720703125 
525.278564453125 -27.434700012207031 780.94012451171875 
523.14312744140625 -27.354036331176758 779.955322265625 
521.07958984375 -27.091480255126953 778.796630859375 
519.174560546875 -26.875043869018555 777.35052490234375 
516.85809326171875 -26.752771377563477 777.9072265625 
514.67822265625 -27.209077835083008 778.41845703125 
529.8150634765625 -33.318328857421875 797.1141357421875 
526.94830322265625 -33.138263702392578 798.1820068359375 
523.81121826171875 -33.069644927978516 799.24359130859375 
530.41156005859375 -31.790754318237305 795.15911865234375 
530.778564453125 -30.652891159057617 792.991455078125 
531.03472900390625 -29.969598770141602 790.478759765625 
527.73101806640625 -31.535982131958008 796.16326904296875 
524.82757568359375 -31.634927749633789 797.119140625 
528.290283203125 -30.238605499267578 793.94171142578125 
528.77825927734375 -29.314460754394531 791.48992919921875 
525.599609375 -30.394956588745117 794.80694580078125 
526.1634521484375 -29.215841293334961 792.46527099609375 
529.37969970703125 -28.841543197631836 788.59075927734375 
528.840576171875 -28.310934066772461 785.94244384765625 
526.8212890625 -28.516929626464844 789.98736572265625 
526.807373046875 -27.771512985229492 787.5093994140625 
526.2998046875 -27.402727127075195 784.98724365234375 
525.02984619140625 -27.199819564819336 783.07708740234375 
522.86279296875 -27.191078186035156 782.174072265625 
520.5948486328125 -27.014495849609375 781.08282470703125 
518.57159423828125 -26.769540786743164 779.68170166015625 
516.0238037109375 -26.921514511108398 780.252685546875 
513.01715087890625 -27.613729476928711 780.2269287109375 
510.52764892578125 -28.840621948242188 781.16107177734375 
509.87509155273438 -29.21595573425293 784.08697509765625 
512.396728515625 -27.823215484619141 783.1177978515625 
514.94097900390625 -27.11296272277832 782.33636474609375 
518.05224609375 -26.898208618164062 782.20587158203125 
520.68890380859375 -27.105304718017578 783.527099609375 
523.25311279296875 -27.173040390014648 784.567626953125 
523.9857177734375 -27.505945205688477 786.79876708984375 
524.60772705078125 -27.981512069702148 788.812744140625 
523.97845458984375 -28.682157516479492 790.8642578125 
523.5869140625 -29.483345031738281 793.29327392578125 
522.8414306640625 -30.62738037109375 795.74298095703125 
521.70526123046875 -31.717525482177734 797.95831298828125 
520.4617919921875 -33.388439178466797 800.03643798828125 
519.02703857421875 -35.815006256103516 801.59857177734375 
515.67364501953125 -36.547534942626953 801.8531494140625 
512.4892578125 -37.402450561523438 801.42352294921875 
511.17169189453125 -36.117656707763672 799.27032470703125 
510.07382202148438 -35.281711578369141 796.9666748046875 
508.9144287109375 -34.272064208984375 794.72637939453125 
508.3482666015625 -32.799571990966797 792.31292724609375 
508.22491455078125 -31.195852279663086 789.79437255859375 
509.01480102539062 -29.773954391479492 787.03729248046875 
511.69003295898438 -28.060844421386719 786.1573486328125 
514.265869140625 -27.33955192565918 785.1607666015625 
516.5802001953125 -27.010931015014648 784.23345947265625 
518.8177490234375 -27.109487533569336 785.17303466796875 
521.274658203125 -27.369777679443359 786.27313232421875 
521.69488525390625 -27.799602508544922 789.073974609375 
521.2996826171875 -28.484251022338867 791.8515625 
518.82586669921875 -27.89619255065918 790.99224853515625 
519.02362060546875 -27.426580429077148 788.0780029296875 
516.56072998046875 -27.191720962524414 786.90838623046875 
513.8951416015625 -27.580360412597656 788.10638427734375 
516.352783203125 -27.583805084228516 789.87322998046875 
511.0213623046875 -28.586935043334961 789.10308837890625 
510.59420776367188 -29.873353958129883 791.658447265625 
510.34432983398438 -31.580486297607422 793.8157958984375 
511.68182373046875 -32.417930603027344 795.6778564453125 
513.01708984375 -33.775371551513672 797.65020751953125 
513.52197265625 -28.25660514831543 791.04229736328125 
512.80438232421875 -29.609134674072266 793.74114990234375 
514.40863037109375 -30.893579483032227 795.78692626953125 
515.9305419921875 -28.657360076904297 793.05950927734375 
518.73248291015625 -28.974754333496094 793.762451171875 
517.08673095703125 -30.502779006958008 795.85113525390625 
521.196533203125 -29.535434722900391 794.190185546875 
519.85333251953125 -30.660812377929688 796.1307373046875 
518.62994384765625 -32.229026794433594 798.16845703125 
515.74249267578125 -32.791507720947266 798.0028076171875 
514.16424560546875 -34.962032318115234 799.9544677734375 
517.20965576171875 -34.058269500732422 800.178955078125 
540.3634033203125 -102.43965148925781 867.87432861328125 
538.958251953125 -101.48239135742188 870.54620361328125 
542.60797119140625 -103.13738250732422 869.509033203125 
564.46075439453125 -97.848487854003906 830.14691162109375 
543.45947265625 -103.77866363525391 867.23089599609375 
542.00665283203125 -103.30247497558594 865.333740234375 
544.65643310546875 -104.37725067138672 865.1142578125 
544.32855224609375 -104.34774017333984 863.06427001953125 
545.94287109375 -104.89119720458984 863.01800537109375 
546.80914306640625 -105.13359832763672 860.69927978515625 
548.35784912109375 -105.46598815917969 860.8870849609375 
549.22772216796875 -105.5557861328125 858.1729736328125 
550.350341796875 -105.78651428222656 858.5428466796875 
565.00067138671875 -99.571220397949219 832.94915771484375 
564.5374755859375 -101.01383972167969 836.3414306640625 
563.4254150390625 -102.29532623291016 839.92132568359375 
561.66290283203125 -103.43243408203125 843.37640380859375 
559.648193359375 -104.31411743164062 846.2646484375 
557.84881591796875 -105.04432678222656 848.86810302734375 
556.1480712890625 -105.57368469238281 851.4669189453125 
554.45526123046875 -105.83990478515625 853.86199951171875 
552.2454833984375 -105.88767242431641 856.12554931640625 
538.83441162109375 -101.19987487792969 872.329833984375 
504.13827514648438 -43.667568206787109 797.64727783203125 
505.5303955078125 -35.075210571289062 771.73040771484375 
506.26812744140625 -35.202251434326172 773.64453125 
506.6190185546875 -35.146572113037109 775.73284912109375 
506.21090698242188 -35.287857055664062 778.04681396484375 
505.40032958984375 -35.592319488525391 780.228759765625 
504.66229248046875 -36.1239013671875 782.57318115234375 
503.58779907226562 -37.316493988037109 784.8748779296875 
501.99411010742188 -45.848800659179688 796.31671142578125 
503.52252197265625 -36.833339691162109 772.32330322265625 
501.32601928710938 -38.334743499755859 773.11639404296875 
503.66085815429688 -42.423938751220703 795.47314453125 
500.02713012695312 -46.955600738525391 794.59063720703125 
498.45590209960938 -46.935825347900391 792.74603271484375 
497.04135131835938 -46.432025909423828 790.80084228515625 
495.78851318359375 -45.750049591064453 788.90435791015625 
495.65615844726562 -44.675891876220703 786.56689453125 
495.55023193359375 -43.702949523925781 784.22039794921875 
495.3895263671875 -42.909809112548828 781.833740234375 
495.11019897460938 -42.271598815917969 779.54315185546875 
494.89675903320312 -41.669647216796875 777.51220703125 
495.02044677734375 -41.120578765869141 775.78668212890625 
496.86407470703125 -40.500682830810547 774.7208251953125 
499.05703735351562 -39.579669952392578 773.91741943359375 
502.71136474609375 -41.325527191162109 792.79498291015625 
502.17642211914062 -39.213298797607422 787.18817138671875 
501.83511352539062 -40.694587707519531 789.96453857421875 
501.87112426757812 -44.317832946777344 794.2510986328125 
500.70809936523438 -44.1029052734375 792.145751953125 
499.31466674804688 -44.309089660644531 790.21337890625 
497.5936279296875 -44.6810302734375 788.27392578125 
499.83462524414062 -42.302474975585938 787.8375244140625 
497.62777709960938 -43.486557006835938 785.90240478515625 
499.652587890625 -41.55084228515625 785.37225341796875 
501.43490600585938 -39.626659393310547 784.36248779296875 
497.46322631835938 -42.694061279296875 783.489990234375 
499.17404174804688 -41.340377807617188 782.76470947265625 
497.29397583007812 -42.114994049072266 781.03448486328125 
504.01953125 -36.998916625976562 774.2589111328125 
504.50717163085938 -36.789237976074219 776.186767578125 
503.88427734375 -37.313640594482422 777.8984375 
501.9263916015625 -38.54461669921875 775.40557861328125 
503.42623901367188 -37.647285461425781 780.09326171875 
502.75772094726562 -38.238704681396484 782.35296630859375 
500.78567504882812 -39.969963073730469 781.894287109375 
501.26156616210938 -39.427463531494141 779.84893798828125 
501.64199829101562 -38.985973358154297 777.67633056640625 
499.55807495117188 -39.988670349121094 775.9466552734375 
499.11761474609375 -40.959747314453125 780.25146484375 
497.2794189453125 -41.619659423828125 778.7332763671875 
497.3880615234375 -41.079448699951172 776.69488525390625 
499.4393310546875 -40.443485260009766 778.09326171875 
524.02337646484375 -75.801399230957031 898.39630126953125 
525.10992431640625 -77.903350830078125 897.6416015625 
526.31951904296875 -79.980430603027344 897.003173828125 
527.48736572265625 -82.027267456054688 895.93511962890625 
528.67431640625 -84.084823608398438 894.612060546875 
530.09759521484375 -86.052391052246094 893.46148681640625 
549.00048828125 -72.564315795898438 808.3948974609375 
505.88876342773438 -52.896217346191406 803.9248046875 
506.89520263671875 -54.260467529296875 804.59344482421875 
544.64892578125 -71.459266662597656 808.6671142578125 
547.1837158203125 -71.166328430175781 806.2760009765625 
539.36407470703125 -67.220779418945312 801.5701904296875 
537.318603515625 -67.530403137207031 802.60272216796875 
539.9127197265625 -68.101219177246094 803.173828125 
538.05401611328125 -68.163688659667969 804.391845703125 
543.40753173828125 -68.245460510253906 802.57183837890625 
545.277587890625 -69.706039428710938 804.3436279296875 
541.35546875 -68.957992553710938 804.6719970703125 
542.9410400390625 -70.132575988769531 806.62799072265625 
537.02301025390625 -68.933021545410156 809.70684814453125 
540.67303466796875 -70.124626159667969 809.16070556640625 
509.6204833984375 -55.750789642333984 804.85357666015625 
511.82711791992188 -57.687168121337891 805.0938720703125 
514.08795166015625 -59.707534790039062 805.2440185546875 
516.36541748046875 -61.804180145263672 805.45947265625 
518.275634765625 -63.573776245117188 805.5731201171875 
520.5965576171875 -65.048080444335938 805.9677734375 
523.44036865234375 -65.956146240234375 806.43829345703125 
526.37982177734375 -66.52935791015625 806.80096435546875 
527.7091064453125 -66.825485229492188 805.14654541015625 
529.3980712890625 -66.97698974609375 806.96685791015625 
530.85455322265625 -67.299293518066406 805.190673828125 
532.529052734375 -67.450538635253906 807.2532958984375 
534.39569091796875 -67.733978271484375 805.41851806640625 
534.712158203125 -68.008834838867188 808.57196044921875 
538.41790771484375 -68.792205810546875 807.00408935546875 
507.30523681640625 -55.7900390625 805.97064208984375 
509.5867919921875 -57.627761840820312 805.91607666015625 
511.97787475585938 -59.445850372314453 806.01800537109375 
514.6182861328125 -61.285137176513672 806.15509033203125 
491.0972900390625 -18.68017578125 750.98052978515625 
491.67013549804688 -19.888883590698242 753.55535888671875 
492.64157104492188 -20.776130676269531 755.97711181640625 
493.8394775390625 -21.346139907836914 758.26885986328125 
495.41131591796875 -21.159572601318359 760.50689697265625 
497.04302978515625 -21.679161071777344 762.54248046875 
499.03890991210938 -21.985391616821289 764.5103759765625 
501.41372680664062 -22.195144653320312 766.30889892578125 
504.08047485351562 -22.275922775268555 767.80413818359375 
506.88980102539062 -21.808151245117188 769.01275634765625 
509.75082397460938 -21.62078857421875 769.85015869140625 
512.67657470703125 -22.111648559570312 770.30810546875 
515.62445068359375 -22.579013824462891 770.49163818359375 
518.5882568359375 -22.890382766723633 770.429443359375 
521.4422607421875 -23.686153411865234 770.2393798828125 
524.2933349609375 -24.431119918823242 770.0234375 
526.77801513671875 -24.064998626708984 769.73553466796875 
528.94873046875 -22.963428497314453 769.61114501953125 
531.17919921875 -21.753103256225586 769.4635009765625 
532.486083984375 -24.311759948730469 768.3482666015625 
531.29693603515625 -26.523288726806641 768.59161376953125 
530.6263427734375 -28.656791687011719 769.24139404296875 
530.528076171875 -30.47943115234375 770.50872802734375 
522.02874755859375 -25.201066970825195 770.47576904296875 
519.96771240234375 -24.437877655029297 770.3087158203125 
529.40655517578125 -29.350641250610352 770.216064453125 
529.11761474609375 -25.261867523193359 768.90472412109375 
526.505615234375 -26.024799346923828 769.801025390625 
528.6546630859375 -27.633792877197266 769.5179443359375 
562.9263916015625 -86.246826171875 823.54498291015625 
568.36871337890625 -97.217178344726562 830.000244140625 
570.04754638671875 -96.886009216308594 832.28753662109375 
563.138916015625 -88.684341430664062 823.9013671875 
568.9324951171875 -95.71002197265625 829.00775146484375 
568.25689697265625 -94.584518432617188 827.62286376953125 
565.95635986328125 -94.117271423339844 826.31707763671875 
562.957763671875 -93.046707153320312 825.97332763671875 
563.0806884765625 -91.083503723144531 824.7767333984375 
536.75579833984375 -84.586898803710938 892.957763671875 
531.4034423828125 -73.5347900390625 899.06146240234375 
532.28643798828125 -74.227775573730469 897.51959228515625 
533.12335205078125 -75.924179077148438 896.63311767578125 
534.02392578125 -78.072273254394531 895.86712646484375 
535.8599853515625 -82.727569580078125 894.0823974609375 
534.90582275390625 -80.443824768066406 895.12835693359375 
532.24493408203125 -75.822837829589844 898.3507080078125 
533.0301513671875 -77.630508422851562 897.50677490234375 
563.84332275390625 -94.729988098144531 826.92169189453125 
564.53118896484375 -96.246818542480469 828.0614013671875 
565.9659423828125 -97.619743347167969 829.25726318359375 
566.54296875 -99.128700256347656 831.6619873046875 
568.93206787109375 -98.253067016601562 832.493896484375 
566.333740234375 -100.51353454589844 834.81024169921875 
558.7208251953125 -105.16403961181641 849.6986083984375 
560.52557373046875 -104.55122375488281 847.25518798828125 
562.35736083984375 -103.74164581298828 844.56866455078125 
564.24652099609375 -102.74882507324219 841.53887939453125 
565.42010498046875 -101.71249389648438 838.1834716796875 
542.291259765625 -56.532772064208984 795.47698974609375 
541.50225830078125 -65.914718627929688 800.00872802734375 
542.61505126953125 -58.895366668701172 796.478759765625 
543.09893798828125 -61.299495697021484 797.5887451171875 
552.85052490234375 -71.600868225097656 808.85357666015625 
551.737060546875 -70.612075805664062 806.92840576171875 
545.43048095703125 -62.759929656982422 799.16943359375 
542.76123046875 -63.785484313964844 798.7003173828125 
545.88555908203125 -65.377235412597656 800.5662841796875 
550.04022216796875 -69.33880615234375 804.763671875 
548.1610107421875 -67.711235046386719 802.755615234375 
535.1041259765625 -67.456947326660156 803.16937255859375 
532.8812255859375 -67.426834106445312 804.14013671875 
3 2 1 0 
3 5 4 3 
3 6 5 3 
3 7 2 0 
3 7 0 8 
3 6 3 9 
3 10 6 9 
3 10 9 11 
3 12 10 11 
3 12 11 13 
3 14 12 13 
3 15 14 13 
3 15 13 16 
3 17 15 16 
3 17 16 18 
3 19 17 18 
3 19 18 20 
3 21 19 20 
3 21 20 22 
3 23 21 22 
3 23 22 24 
3 23 24 25 
3 26 23 25 
3 26 25 27 
3 28 26 27 
3 29 28 27 
3 29 27 30 
3 29 30 31 
3 31 30 32 
3 31 32 33 
3 34 31 33 
3 34 33 35 
3 36 34 35 
3 36 35 37 
3 38 36 37 
3 38 37 39 
3 40 38 39 
3 40 39 41 
3 42 40 41 
3 42 41 43 
3 44 42 43 
3 45 7 8 
3 46 7 45 
3 45 8 47 
3 48 46 45 
3 50 43 49 
3 44 43 50 
3 51 44 50 
3 53 49 52 
3 50 49 53 
3 55 52 54 
3 53 52 55 
3 56 45 47 
3 48 45 56 
3 56 47 57 
3 58 48 56 
3 59 48 58 
3 60 59 58 
3 61 59 60 
3 63 54 62 
3 55 54 63 
3 65 62 64 
3 63 62 65 
3 67 64 66 
3 65 64 67 
3 51 50 53 
3 68 51 53 
3 68 53 55 
3 69 68 55 
3 69 55 63 
3 70 69 63 
3 70 63 65 
3 71 70 65 
3 72 61 60 
3 73 61 72 
3 74 73 72 
3 75 73 74 
3 76 75 74 
3 77 75 76 
3 78 77 76 
3 79 77 78 
3 80 79 78 
3 81 79 80 
3 71 65 67 
3 82 71 67 
3 85 84 83 
3 66 84 85 
3 67 66 85 
3 87 83 86 
3 85 83 87 
3 89 86 88 
3 87 86 89 
3 91 88 90 
3 89 88 91 
3 93 90 92 
3 91 90 93 
3 82 67 85 
3 82 85 87 
3 94 82 87 
3 94 87 89 
3 95 94 89 
3 95 89 91 
3 96 95 91 
3 96 91 93 
3 97 96 93 
3 98 96 97 
3 97 93 92 
3 100 92 99 
3 97 92 100 
3 102 99 101 
3 100 99 102 
3 102 101 103 
3 98 97 100 
3 104 98 100 
3 104 100 102 
3 105 104 102 
3 106 102 103 
3 105 102 106 
3 106 103 107 
3 108 105 106 
3 109 106 107 
3 108 106 109 
3 110 108 109 
3 109 107 111 
3 112 109 111 
3 110 109 112 
3 113 110 112 
3 112 111 114 
3 113 112 114 
3 115 113 114 
3 115 114 116 
3 117 115 116 
3 117 116 118 
3 119 117 118 
3 119 118 81 
3 119 81 80 
3 120 119 80 
3 120 80 78 
3 121 120 78 
3 121 78 122 
3 123 121 122 
3 124 123 122 
3 124 122 125 
3 125 76 74 
3 126 124 125 
3 125 74 72 
3 126 125 72 
3 127 126 72 
3 127 72 60 
3 57 127 60 
3 57 58 56 
3 60 58 57 
3 122 76 125 
3 76 122 78 
3 130 129 128 
3 133 132 131 
3 130 128 134 
3 135 130 134 
3 135 134 136 
3 137 135 136 
3 137 136 138 
3 139 137 138 
3 139 138 140 
3 141 139 140 
3 133 141 140 
3 131 141 133 
3 144 143 142 
3 118 116 145 
3 144 142 146 
3 147 144 146 
3 147 146 148 
3 149 147 148 
3 149 148 150 
3 151 149 150 
3 151 150 152 
3 153 151 152 
3 153 152 154 
3 155 153 154 
3 155 154 156 
3 157 155 156 
3 157 156 158 
3 159 157 158 
3 159 158 160 
3 161 159 160 
3 161 160 162 
3 163 161 162 
3 163 162 164 
3 165 163 164 
3 165 164 166 
3 167 165 166 
3 168 167 166 
3 168 166 169 
3 170 168 169 
3 171 168 170 
3 170 169 172 
3 174 172 173 
3 170 172 174 
3 176 145 175 
3 118 145 176 
3 81 118 176 
3 79 81 176 
3 177 176 175 
3 79 176 177 
3 177 175 178 
3 179 79 177 
3 77 79 179 
3 179 177 178 
3 179 178 180 
3 181 77 179 
3 75 77 181 
3 182 75 181 
3 73 75 182 
3 183 73 182 
3 61 73 183 
3 184 61 183 
3 59 61 184 
3 186 173 185 
3 174 173 186 
3 171 170 174 
3 187 171 174 
3 187 174 186 
3 188 187 186 
3 189 59 184 
3 48 59 189 
3 190 48 189 
3 46 48 190 
3 181 179 180 
3 181 180 191 
3 182 181 191 
3 182 191 192 
3 183 182 192 
3 183 192 193 
3 184 183 193 
3 189 184 193 
3 189 193 194 
3 190 189 194 
3 190 194 195 
3 196 186 185 
3 188 186 196 
3 196 185 197 
3 198 188 196 
3 198 196 197 
3 199 198 197 
3 199 197 200 
3 199 200 201 
3 202 199 201 
3 202 201 203 
3 204 202 203 
3 204 203 205 
3 132 204 205 
3 132 205 131 
3 131 205 206 
3 141 131 206 
3 141 206 207 
3 141 207 208 
3 139 141 208 
3 137 139 208 
3 137 208 209 
3 210 137 209 
3 210 209 211 
3 212 210 211 
3 212 211 213 
3 214 212 213 
3 214 213 215 
3 216 214 215 
3 216 215 217 
3 218 216 217 
3 218 217 219 
3 220 218 219 
3 220 219 221 
3 222 220 221 
3 222 221 223 
3 224 222 223 
3 225 222 224 
3 224 223 226 
3 227 225 224 
3 228 225 227 
3 229 228 227 
3 230 228 229 
3 231 230 229 
3 232 230 231 
3 233 232 231 
3 234 232 233 
3 235 234 233 
3 236 234 235 
3 237 236 235 
3 195 236 237 
3 46 190 195 
3 46 195 237 
3 7 46 237 
3 238 7 237 
3 2 7 238 
3 239 2 238 
3 1 2 239 
3 240 1 239 
3 238 237 235 
3 227 224 226 
3 227 226 241 
3 229 227 241 
3 229 241 242 
3 231 229 242 
3 231 242 240 
3 233 231 240 
3 233 240 239 
3 239 235 233 
3 238 235 239 
3 222 225 243 
3 135 137 210 
3 130 135 210 
3 130 210 212 
3 130 212 214 
3 129 130 214 
3 244 129 214 
3 244 214 216 
3 244 216 218 
3 245 244 218 
3 246 245 218 
3 246 218 220 
3 222 246 220 
3 243 246 222 
3 249 248 247 
3 252 251 250 
3 253 249 247 
3 254 249 253 
3 253 247 255 
3 256 254 253 
3 257 254 256 
3 259 250 258 
3 252 250 259 
3 260 252 259 
3 262 258 261 
3 259 258 262 
3 263 257 256 
3 264 257 263 
3 265 263 256 
3 256 255 265 
3 253 255 256 
3 264 263 266 
3 267 264 266 
3 267 266 268 
3 269 267 268 
3 269 268 270 
3 271 269 270 
3 272 269 271 
3 271 270 273 
3 275 273 274 
3 271 273 275 
3 277 261 276 
3 262 261 277 
3 278 271 275 
3 272 271 278 
3 279 272 278 
3 280 279 278 
3 281 279 280 
3 282 281 280 
3 283 281 282 
3 260 259 262 
3 284 260 262 
3 285 283 282 
3 286 283 285 
3 284 262 277 
3 287 284 277 
3 289 274 288 
3 275 274 289 
3 289 288 290 
3 291 287 277 
3 292 287 291 
3 293 292 291 
3 294 277 276 
3 291 277 294 
3 294 276 295 
3 296 286 285 
3 295 286 296 
3 294 295 296 
3 298 290 297 
3 289 290 298 
3 299 293 291 
3 300 293 299 
3 301 300 299 
3 297 300 301 
3 298 297 301 
3 291 294 296 
3 299 291 296 
3 299 296 285 
3 301 299 285 
3 282 301 285 
3 298 301 282 
3 298 282 280 
3 289 298 280 
3 280 275 289 
3 278 275 280 
3 304 303 302 
3 307 306 305 
3 309 304 308 
3 304 302 308 
3 309 308 310 
3 311 309 310 
3 311 310 312 
3 313 311 312 
3 313 312 314 
3 315 313 314 
3 315 314 316 
3 317 315 316 
3 317 316 318 
3 319 317 318 
3 319 318 320 
3 321 319 320 
3 321 320 322 
3 323 321 322 
3 323 322 324 
3 325 323 324 
3 325 324 326 
3 327 325 326 
3 327 326 328 
3 329 327 328 
3 331 329 330 
3 329 328 330 
3 331 330 332 
3 333 331 332 
3 333 332 334 
3 335 333 334 
3 335 334 336 
3 337 335 336 
3 337 336 338 
3 340 337 339 
3 337 338 339 
3 340 339 341 
3 342 340 341 
3 342 341 343 
3 344 342 343 
3 344 343 345 
3 346 344 345 
3 346 345 347 
3 348 346 347 
3 350 305 349 
3 307 305 350 
3 347 307 350 
3 348 350 349 
3 347 350 348 
3 353 352 351 
3 353 351 354 
3 348 349 355 
3 356 353 354 
3 356 354 357 
3 358 356 357 
3 358 357 359 
3 360 358 359 
3 360 359 361 
3 362 360 361 
3 362 361 363 
3 364 362 363 
3 364 363 365 
3 366 364 365 
3 366 365 304 
3 367 366 304 
3 367 304 309 
3 368 367 309 
3 368 309 311 
3 369 368 311 
3 369 311 313 
3 370 369 313 
3 370 313 315 
3 371 370 315 
3 371 315 317 
3 372 371 317 
3 372 317 319 
3 373 372 319 
3 373 319 321 
3 374 373 321 
3 374 321 323 
3 375 374 323 
3 375 323 325 
3 376 375 325 
3 376 325 327 
3 377 376 327 
3 377 327 329 
3 380 379 378 
3 381 377 329 
3 381 329 382 
3 383 381 382 
3 383 382 384 
3 385 383 384 
3 385 384 386 
3 387 385 386 
3 348 355 380 
3 346 348 380 
3 346 380 378 
3 346 378 388 
3 344 346 388 
3 344 388 389 
3 342 344 389 
3 342 389 390 
3 340 342 390 
3 340 390 391 
3 337 340 391 
3 387 386 337 
3 387 337 391 
3 394 393 392 
3 395 394 392 
3 395 392 396 
3 397 395 396 
3 397 396 398 
3 399 397 398 
3 402 401 400 
3 402 400 403 
3 404 402 403 
3 404 403 405 
3 406 404 405 
3 406 399 398 
3 405 399 406 
3 409 408 407 
3 412 411 410 
3 413 409 407 
3 413 407 414 
3 415 413 414 
3 415 414 416 
3 417 415 416 
3 417 416 418 
3 417 418 419 
3 420 417 419 
3 420 419 421 
3 422 420 421 
3 422 421 423 
3 424 422 423 
3 424 423 425 
3 426 424 425 
3 427 426 425 
3 427 425 428 
3 429 427 428 
3 429 428 430 
3 431 429 430 
3 431 430 432 
3 433 431 432 
3 433 432 434 
3 435 433 434 
3 435 434 436 
3 437 435 436 
3 437 436 438 
3 439 437 438 
3 439 438 440 
3 441 439 440 
3 441 440 442 
3 443 441 442 
3 443 442 444 
3 445 443 444 
3 445 444 446 
3 412 445 446 
3 410 445 412 
3 449 448 447 
3 450 446 444 
3 451 449 447 
3 451 447 452 
3 453 451 452 
3 453 452 454 
3 455 453 454 
3 455 454 456 
3 408 455 456 
3 408 456 457 
3 407 408 457 
3 407 457 401 
3 407 401 402 
3 407 402 414 
3 414 402 404 
3 416 414 404 
3 416 404 406 
3 418 416 406 
3 418 406 398 
3 458 450 444 
3 459 450 458 
3 458 444 442 
3 460 459 458 
3 461 459 460 
3 462 461 460 
3 463 461 462 
3 464 418 398 
3 419 418 464 
3 464 398 396 
3 465 463 462 
3 466 463 465 
3 467 466 465 
3 468 419 464 
3 421 419 468 
3 469 421 468 
3 423 421 469 
3 470 423 469 
3 425 423 470 
3 471 425 470 
3 428 425 471 
3 472 428 471 
3 430 428 472 
3 473 464 396 
3 468 464 473 
3 473 396 392 
3 474 430 472 
3 432 430 474 
3 460 458 442 
3 460 442 440 
3 475 467 465 
3 476 467 475 
3 477 432 474 
3 434 432 477 
3 478 476 475 
3 479 476 478 
3 478 434 477 
3 479 478 477 
3 480 479 477 
3 480 477 474 
3 481 480 474 
3 482 392 393 
3 473 392 482 
3 482 393 483 
3 485 483 484 
3 482 483 485 
3 486 484 481 
3 485 484 486 
3 481 474 472 
3 486 481 472 
3 436 434 478 
3 436 478 475 
3 438 436 475 
3 487 475 465 
3 438 475 487 
3 440 438 487 
3 462 460 440 
3 486 472 471 
3 487 462 440 
3 465 462 487 
3 485 486 471 
3 485 471 470 
3 482 485 470 
3 482 470 469 
3 469 473 482 
3 468 473 469 
3 490 489 488 
3 493 492 491 
3 494 492 493 
3 495 494 493 
3 498 497 496 
3 499 497 498 
3 500 495 493 
3 501 495 500 
3 504 503 502 
3 505 503 504 
3 506 490 488 
3 496 490 506 
3 498 496 506 
3 506 488 507 
3 508 4 5 
3 509 4 508 
3 510 505 504 
3 511 505 510 
3 512 511 510 
3 6 511 512 
3 513 6 512 
3 5 6 513 
3 508 5 513 
3 514 499 498 
3 515 499 514 
3 516 501 500 
3 517 501 516 
3 518 515 514 
3 519 515 518 
3 520 519 518 
3 521 519 520 
3 522 521 520 
3 523 521 522 
3 524 523 522 
3 525 523 524 
3 526 525 524 
3 527 525 526 
3 528 527 526 
3 529 527 528 
3 530 529 528 
3 531 529 530 
3 532 531 530 
3 533 531 532 
3 534 533 532 
3 535 533 534 
3 536 535 534 
3 537 535 536 
3 538 537 536 
3 539 537 538 
3 540 539 538 
3 541 539 540 
3 542 541 540 
3 543 541 542 
3 544 543 542 
3 545 543 544 
3 546 509 508 
3 547 509 546 
3 550 549 548 
3 551 549 550 
3 553 548 552 
3 550 548 553 
3 554 517 516 
3 555 517 554 
3 556 555 554 
3 557 555 556 
3 558 557 556 
3 559 557 558 
3 560 559 558 
3 561 559 560 
3 562 561 560 
3 563 561 562 
3 564 563 562 
3 565 563 564 
3 566 565 564 
3 567 565 566 
3 568 567 566 
3 569 567 568 
3 570 569 568 
3 571 569 570 
3 572 571 570 
3 573 571 572 
3 574 573 572 
3 575 574 572 
3 576 574 575 
3 577 576 575 
3 578 576 577 
3 579 578 577 
3 580 578 579 
3 581 580 579 
3 582 581 579 
3 583 581 582 
3 584 583 582 
3 585 583 584 
3 586 585 584 
3 587 585 586 
3 588 587 586 
3 589 587 588 
3 590 589 588 
3 591 589 590 
3 592 591 590 
3 593 591 592 
3 594 593 592 
3 595 593 594 
3 596 595 594 
3 597 595 596 
3 598 498 506 
3 514 498 598 
3 598 506 507 
3 599 507 597 
3 598 507 599 
3 599 597 596 
3 600 545 544 
3 601 545 600 
3 602 601 600 
3 603 601 602 
3 604 603 602 
3 605 603 604 
3 606 605 604 
3 607 605 606 
3 608 607 606 
3 609 607 608 
3 610 609 608 
3 611 609 610 
3 612 611 610 
3 613 611 612 
3 614 613 612 
3 615 613 614 
3 616 615 614 
3 617 615 616 
3 618 617 616 
3 619 617 618 
3 620 619 618 
3 621 620 618 
3 502 620 621 
3 504 502 621 
3 622 547 546 
3 623 547 622 
3 624 623 622 
3 625 623 624 
3 626 625 624 
3 627 625 626 
3 629 552 628 
3 553 552 629 
3 631 628 630 
3 629 628 631 
3 632 630 627 
3 632 627 626 
3 633 630 632 
3 631 630 633 
3 634 493 491 
3 635 491 551 
3 634 491 635 
3 635 551 550 
3 500 493 634 
3 636 598 599 
3 514 598 636 
3 518 514 636 
3 636 599 596 
3 637 636 596 
3 518 636 637 
3 520 518 637 
3 638 504 621 
3 510 504 639 
3 640 510 639 
3 512 510 640 
3 641 512 640 
3 513 512 641 
3 642 513 641 
3 508 513 642 
3 546 508 642 
3 643 596 594 
3 637 596 643 
3 644 637 643 
3 520 637 644 
3 522 520 644 
3 645 500 634 
3 516 500 645 
3 646 634 635 
3 645 634 646 
3 647 516 645 
3 554 516 647 
3 648 554 647 
3 556 554 648 
3 649 556 648 
3 558 556 649 
3 650 594 592 
3 643 594 650 
3 651 592 590 
3 650 592 651 
3 652 590 588 
3 651 590 652 
3 653 588 586 
3 652 588 653 
3 653 586 584 
3 654 643 650 
3 644 643 654 
3 655 644 654 
3 655 522 644 
3 524 522 655 
3 656 524 655 
3 526 524 656 
3 657 650 651 
3 654 650 657 
3 658 654 657 
3 655 654 658 
3 656 655 658 
3 659 651 652 
3 657 651 659 
3 660 652 653 
3 659 652 660 
3 661 657 659 
3 658 657 661 
3 662 659 660 
3 661 659 662 
3 663 653 584 
3 660 653 663 
3 663 584 582 
3 664 660 663 
3 662 660 664 
3 665 658 661 
3 656 658 665 
3 666 661 662 
3 665 661 666 
3 667 662 664 
3 666 662 667 
3 668 558 649 
3 560 558 668 
3 669 645 646 
3 647 645 669 
3 670 526 656 
3 528 526 670 
3 670 656 665 
3 671 618 616 
3 621 618 671 
3 672 616 614 
3 671 616 672 
3 672 614 612 
3 638 621 671 
3 639 504 638 
3 673 671 672 
3 638 671 673 
3 674 612 610 
3 672 612 674 
3 673 672 674 
3 675 528 670 
3 530 528 675 
3 676 670 665 
3 675 670 676 
3 676 665 666 
3 677 666 667 
3 676 666 677 
3 678 560 668 
3 562 560 678 
3 679 562 678 
3 564 562 679 
3 680 564 679 
3 566 564 680 
3 681 566 680 
3 568 566 681 
3 682 568 681 
3 570 568 682 
3 683 570 682 
3 572 570 683 
3 575 572 683 
3 684 610 608 
3 674 610 685 
3 686 608 606 
3 684 608 686 
3 687 606 604 
3 686 606 687 
3 688 604 602 
3 687 604 688 
3 689 602 600 
3 690 530 675 
3 532 530 690 
3 691 532 690 
3 534 532 691 
3 692 534 691 
3 536 534 692 
3 693 536 692 
3 538 536 693 
3 694 538 693 
3 540 538 694 
3 695 540 694 
3 542 540 695 
3 696 542 695 
3 544 542 696 
3 697 675 676 
3 690 675 697 
3 698 676 677 
3 697 676 698 
3 699 544 696 
3 600 544 699 
3 689 600 699 
3 688 602 689 
3 700 546 642 
3 622 546 700 
3 701 642 641 
3 700 642 701 
3 702 641 640 
3 701 641 702 
3 702 640 639 
3 703 639 638 
3 702 639 703 
3 703 638 673 
3 704 690 697 
3 691 690 704 
3 705 697 698 
3 704 697 705 
3 706 698 677 
3 705 698 706 
3 707 677 667 
3 706 677 707 
3 708 667 664 
3 707 667 708 
3 709 664 663 
3 708 664 709 
3 710 663 582 
3 710 582 579 
3 709 663 710 
3 711 579 577 
3 710 579 711 
3 712 710 711 
3 709 710 712 
3 713 709 712 
3 708 709 713 
3 714 708 713 
3 707 708 714 
3 715 707 714 
3 706 707 715 
3 717 711 716 
3 711 577 716 
3 712 711 717 
3 718 716 683 
3 717 716 718 
3 719 713 717 
3 713 712 717 
3 714 713 719 
3 719 717 718 
3 720 714 719 
3 715 714 720 
3 721 719 718 
3 720 719 721 
3 722 718 683 
3 722 683 682 
3 721 718 722 
3 723 682 681 
3 722 682 723 
3 724 681 680 
3 723 681 724 
3 725 722 723 
3 721 722 725 
3 726 723 724 
3 725 723 726 
3 727 721 725 
3 720 721 727 
3 728 725 726 
3 727 725 728 
3 729 706 715 
3 705 706 729 
3 730 715 720 
3 729 715 730 
3 730 720 727 
3 731 691 704 
3 692 691 731 
3 732 692 731 
3 693 692 732 
3 733 693 732 
3 694 693 733 
3 734 694 733 
3 695 694 734 
3 735 695 734 
3 696 695 735 
3 736 696 735 
3 699 696 736 
3 737 699 736 
3 689 699 737 
3 738 635 550 
3 738 550 553 
3 646 635 738 
3 739 646 738 
3 669 646 739 
3 740 553 629 
3 738 553 740 
3 741 738 740 
3 739 738 741 
3 742 629 631 
3 740 629 742 
3 743 631 633 
3 742 631 743 
3 744 740 742 
3 741 740 744 
3 745 742 743 
3 744 742 745 
3 746 673 674 
3 703 673 746 
3 746 674 685 
3 747 703 746 
3 702 703 747 
3 701 702 747 
3 748 701 747 
3 700 701 748 
3 749 747 746 
3 748 747 749 
3 750 746 685 
3 749 746 750 
3 751 684 686 
3 685 684 752 
3 753 700 748 
3 754 700 753 
3 754 622 700 
3 624 622 754 
3 755 624 754 
3 626 624 755 
3 756 626 755 
3 757 748 749 
3 753 748 757 
3 757 749 750 
3 758 750 752 
3 757 750 758 
3 759 732 731 
3 733 732 759 
3 760 733 759 
3 734 733 760 
3 761 734 760 
3 735 734 761 
3 762 735 761 
3 736 735 762 
3 763 736 762 
3 737 736 763 
3 764 680 679 
3 724 680 764 
3 726 724 764 
3 765 726 764 
3 728 726 765 
3 766 679 678 
3 764 679 766 
3 767 764 766 
3 765 764 767 
3 768 678 668 
3 766 678 768 
3 769 668 649 
3 768 668 769 
3 770 649 648 
3 769 649 770 
3 771 648 647 
3 770 648 771 
3 771 647 669 
3 772 669 739 
3 771 669 772 
3 773 739 741 
3 772 739 773 
3 773 741 744 
3 774 766 768 
3 767 766 774 
3 775 768 769 
3 774 768 775 
3 776 769 770 
3 775 769 776 
3 777 770 771 
3 776 770 777 
3 777 771 772 
3 778 772 773 
3 777 772 778 
3 779 773 744 
3 778 773 779 
3 780 744 745 
3 779 744 780 
3 781 704 705 
3 731 704 781 
3 781 705 729 
3 782 731 781 
3 759 731 782 
3 783 729 730 
3 781 729 783 
3 784 730 727 
3 783 730 784 
3 785 727 728 
3 784 727 785 
3 786 728 765 
3 785 728 786 
3 787 781 783 
3 782 781 787 
3 788 783 784 
3 787 783 788 
3 788 784 785 
3 789 785 786 
3 788 785 789 
3 790 788 789 
3 787 788 790 
3 791 787 790 
3 782 787 791 
3 792 782 791 
3 759 782 792 
3 760 759 792 
3 793 765 767 
3 786 765 793 
3 794 786 793 
3 789 786 794 
3 790 789 794 
3 795 767 774 
3 793 767 795 
3 796 793 795 
3 794 793 796 
3 797 794 796 
3 790 794 797 
3 798 790 797 
3 791 790 798 
3 792 791 798 
3 799 792 798 
3 760 792 799 
3 761 760 799 
3 800 798 797 
3 799 798 800 
3 801 799 800 
3 761 799 801 
3 802 761 801 
3 762 761 802 
3 803 762 802 
3 763 762 803 
3 804 797 796 
3 800 797 804 
3 805 800 804 
3 801 800 805 
3 806 801 805 
3 802 801 806 
3 803 802 806 
3 807 796 795 
3 804 796 807 
3 808 795 774 
3 808 774 775 
3 807 795 808 
3 809 804 807 
3 805 804 809 
3 810 807 808 
3 809 807 810 
3 811 805 809 
3 806 805 811 
3 812 806 811 
3 803 806 812 
3 813 809 810 
3 811 809 813 
3 814 803 812 
3 763 803 814 
3 815 763 814 
3 737 763 815 
3 816 737 815 
3 689 737 816 
3 688 689 816 
3 817 688 816 
3 687 688 817 
3 818 687 817 
3 686 687 818 
3 751 686 818 
3 752 684 751 
3 819 752 751 
3 758 752 819 
3 820 751 818 
3 819 751 820 
3 821 818 817 
3 820 818 821 
3 822 817 816 
3 822 816 815 
3 821 817 822 
3 823 815 814 
3 822 815 823 
3 824 758 819 
3 825 758 824 
3 825 757 758 
3 753 757 825 
3 826 753 825 
3 754 753 826 
3 755 754 826 
3 827 819 820 
3 824 819 827 
3 828 824 827 
3 825 824 828 
3 826 825 828 
3 829 826 828 
3 755 826 829 
3 632 626 756 
3 756 755 829 
3 830 632 756 
3 633 632 830 
3 743 633 830 
3 831 743 830 
3 745 743 831 
3 832 745 831 
3 780 745 832 
3 833 830 756 
3 831 830 833 
3 834 831 833 
3 832 831 834 
3 835 756 829 
3 833 756 835 
3 836 829 828 
3 835 829 836 
3 836 828 827 
3 837 827 820 
3 836 827 837 
3 837 820 821 
3 838 821 822 
3 837 821 838 
3 839 822 823 
3 838 822 839 
3 840 833 835 
3 834 833 840 
3 841 835 836 
3 841 836 837 
3 840 835 841 
3 841 837 838 
3 842 838 839 
3 842 841 838 
3 840 841 842 
3 843 840 842 
3 834 840 843 
3 844 834 843 
3 832 834 844 
3 845 832 844 
3 780 832 845 
3 779 780 845 
3 846 839 823 
3 847 839 846 
3 848 823 814 
3 846 823 848 
3 848 814 812 
3 849 812 811 
3 848 812 849 
3 849 811 813 
3 850 779 845 
3 778 779 850 
3 851 778 850 
3 851 777 778 
3 776 777 851 
3 852 776 851 
3 775 776 852 
3 808 775 852 
3 853 808 852 
3 810 808 853 
3 854 810 853 
3 855 845 844 
3 850 845 855 
3 856 844 843 
3 855 844 856 
3 856 843 847 
3 857 847 846 
3 856 847 857 
3 857 846 848 
3 857 848 849 
3 858 849 813 
3 857 849 858 
3 854 813 810 
3 858 813 854 
3 859 853 852 
3 854 853 859 
3 859 852 851 
3 859 851 850 
3 859 850 855 
3 854 859 855 
3 858 854 855 
3 858 855 856 
3 857 858 856 
3 575 716 577 
3 716 575 683 
3 685 752 750 
3 684 685 610 
3 847 842 839 
3 842 847 843 
3 860 318 316 
3 502 503 861 
3 862 502 861 
3 620 502 862 
3 862 861 863 
3 864 860 316 
3 865 860 864 
3 864 316 314 
3 866 865 864 
3 867 865 866 
3 868 867 866 
3 869 867 868 
3 870 497 499 
3 871 497 870 
3 872 499 515 
3 870 499 872 
3 875 874 873 
3 876 874 875 
3 877 515 519 
3 872 515 877 
3 878 871 870 
3 879 871 878 
3 880 519 521 
3 877 519 880 
3 881 521 523 
3 880 521 881 
3 882 523 525 
3 881 523 882 
3 883 876 875 
3 884 876 883 
3 885 884 883 
3 886 884 885 
3 887 886 885 
3 888 886 887 
3 889 879 878 
3 890 879 889 
3 891 525 527 
3 882 525 891 
3 892 527 529 
3 891 527 892 
3 893 529 531 
3 892 529 893 
3 895 120 894 
3 119 120 895 
3 896 119 895 
3 117 119 896 
3 897 117 896 
3 115 117 897 
3 898 115 897 
3 113 115 898 
3 899 113 898 
3 110 113 899 
3 900 110 899 
3 108 110 900 
3 901 108 900 
3 902 108 901 
3 903 902 901 
3 904 902 903 
3 905 904 903 
3 906 904 905 
3 909 908 907 
3 873 908 909 
3 910 873 909 
3 875 873 910 
3 912 894 911 
3 895 894 912 
3 913 890 889 
3 914 890 913 
3 915 914 913 
3 916 914 915 
3 917 916 915 
3 918 916 917 
3 919 918 917 
3 922 921 920 
3 923 921 922 
3 925 920 924 
3 922 920 925 
3 927 924 926 
3 925 924 927 
3 928 531 533 
3 893 531 928 
3 930 926 929 
3 927 926 930 
3 931 864 314 
3 866 864 931 
3 931 314 932 
3 934 911 933 
3 912 911 934 
3 935 933 888 
3 934 933 935 
3 935 888 887 
3 936 533 535 
3 928 533 936 
3 937 535 537 
3 936 535 937 
3 938 537 539 
3 937 537 938 
3 939 539 541 
3 938 539 939 
3 940 541 543 
3 939 541 940 
3 941 543 545 
3 940 543 941 
3 942 545 601 
3 941 545 942 
3 943 923 922 
3 944 923 943 
3 945 869 868 
3 907 869 945 
3 909 907 945 
3 946 919 917 
3 947 919 946 
3 948 947 946 
3 949 947 948 
3 950 949 948 
3 951 949 950 
3 952 951 950 
3 953 951 952 
3 954 953 952 
3 955 953 954 
3 956 955 954 
3 957 955 956 
3 958 957 956 
3 959 957 958 
3 960 959 958 
3 961 959 960 
3 962 961 960 
3 963 961 962 
3 964 963 962 
3 965 963 964 
3 966 620 862 
3 619 620 966 
3 967 944 943 
3 968 944 967 
3 969 965 964 
3 970 965 969 
3 971 968 967 
3 972 968 971 
3 973 972 971 
3 974 972 973 
3 975 974 973 
3 976 974 975 
3 977 976 975 
3 978 976 977 
3 979 978 977 
3 980 978 979 
3 981 980 979 
3 982 980 981 
3 983 982 981 
3 984 982 983 
3 985 984 983 
3 986 984 985 
3 987 986 985 
3 988 986 987 
3 989 988 987 
3 990 988 989 
3 991 990 989 
3 992 990 991 
3 993 992 991 
3 994 992 993 
3 995 994 993 
3 996 994 995 
3 997 996 995 
3 998 996 997 
3 999 970 969 
3 1000 970 999 
3 1001 1000 999 
3 1002 1000 1001 
3 1003 1002 1001 
3 1004 1002 1003 
3 1005 1004 1003 
3 1006 1004 1005 
3 1007 1006 1005 
3 1008 1006 1007 
3 1009 1008 1007 
3 1010 1008 1009 
3 1011 1010 1009 
3 1012 1010 1011 
3 1013 1012 1011 
3 1014 1012 1013 
3 1015 1014 1013 
3 1016 1014 1015 
3 1017 1016 1015 
3 1018 1016 1017 
3 1019 1018 1017 
3 1020 1018 1019 
3 1021 1020 1019 
3 292 1020 1021 
3 1022 292 1021 
3 287 292 1022 
3 1023 287 1022 
3 284 287 1023 
3 1024 284 1023 
3 260 284 1024 
3 1025 260 1024 
3 252 260 1025 
3 1026 252 1025 
3 251 252 1026 
3 1027 251 1026 
3 1028 251 1027 
3 1029 1028 1027 
3 1030 1028 1029 
3 929 1030 1029 
3 1031 929 1029 
3 930 929 1031 
3 1032 998 997 
3 1033 998 1032 
3 1034 601 603 
3 942 601 1034 
3 1035 603 605 
3 1034 603 1035 
3 1036 605 607 
3 1035 605 1036 
3 1037 607 609 
3 1036 607 1037 
3 1038 609 611 
3 1037 609 1038 
3 1039 611 613 
3 1038 611 1039 
3 1040 613 615 
3 1039 613 1040 
3 1041 615 617 
3 1040 615 1041 
3 1042 617 619 
3 1041 617 1042 
3 1043 619 966 
3 1042 619 1043 
3 1046 1045 1044 
3 1047 1045 1046 
3 1049 1044 1048 
3 1046 1044 1049 
3 1051 1048 1050 
3 1049 1048 1051 
3 1053 1050 1052 
3 1051 1050 1053 
3 1055 1052 1054 
3 1053 1052 1055 
3 1057 1054 1056 
3 1055 1054 1057 
3 1059 1056 1058 
3 1057 1056 1059 
3 1061 1058 1060 
3 1059 1058 1061 
3 1063 1060 1062 
3 1061 1060 1063 
3 1064 1062 906 
3 1063 1062 1064 
3 1064 906 905 
3 1065 862 863 
3 966 862 1065 
3 1067 863 1066 
3 1065 863 1067 
3 1069 1066 1068 
3 1067 1066 1069 
3 1071 1068 1070 
3 1069 1068 1071 
3 1072 1033 1032 
3 1073 1033 1072 
3 932 1033 1073 
3 931 932 1073 
3 1075 1070 1074 
3 1076 1070 1075 
3 1071 1070 1076 
3 1078 1074 1077 
3 1075 1074 1078 
3 1080 1077 1079 
3 1078 1077 1080 
3 1082 1079 1081 
3 1080 1079 1082 
3 1084 1081 1083 
3 1082 1081 1084 
3 1086 1083 1085 
3 1084 1083 1086 
3 1088 1085 1087 
3 1086 1085 1088 
3 1089 1087 1047 
3 1088 1087 1089 
3 1090 1047 1046 
3 1089 1047 1090 
3 1091 870 872 
3 878 870 1091 
3 1092 872 877 
3 1091 872 1092 
3 1093 877 880 
3 1092 877 1093 
3 1094 875 910 
3 883 875 1094 
3 1095 909 945 
3 910 909 1095 
3 1094 910 1095 
3 1096 880 881 
3 1093 880 1096 
3 1097 881 882 
3 1096 881 1097 
3 1098 882 891 
3 1097 882 1098 
3 1099 878 1091 
3 889 878 1099 
3 1099 1091 1092 
3 1100 895 912 
3 896 895 1100 
3 897 896 1100 
3 1101 883 1094 
3 885 883 1101 
3 1102 885 1101 
3 887 885 1102 
3 1103 866 931 
3 868 866 1103 
3 1103 931 1073 
3 1104 868 1103 
3 945 868 1104 
3 1095 945 1104 
3 1105 1073 1072 
3 1103 1073 1105 
3 1104 1103 1105 
3 1106 1104 1105 
3 1095 1104 1106 
3 1094 1095 1106 
3 1101 1094 1106 
3 1107 1105 1072 
3 1106 1105 1107 
3 1101 1106 1107 
3 1102 1101 1107 
3 1108 1072 1032 
3 1108 1107 1072 
3 1102 1107 1108 
3 1109 891 892 
3 1098 891 1109 
3 1110 892 893 
3 1109 892 1110 
3 1111 893 928 
3 1110 893 1111 
3 1112 889 1099 
3 913 889 1112 
3 1113 1032 997 
3 1108 1032 1113 
3 1114 966 1065 
3 1043 966 1114 
3 1114 1065 1067 
3 1115 1067 1069 
3 1114 1067 1115 
3 1116 1069 1071 
3 1115 1069 1116 
3 1117 1071 1076 
3 1116 1071 1117 
3 1118 912 934 
3 1100 912 1118 
3 1119 922 925 
3 943 922 1119 
3 1120 913 1112 
3 915 913 1120 
3 1121 915 1120 
3 917 915 1121 
3 946 917 1121 
3 1122 943 1119 
3 967 943 1122 
3 1123 925 927 
3 1119 925 1123 
3 1124 1119 1123 
3 1122 1119 1124 
3 1125 927 930 
3 1123 927 1125 
3 1126 930 1031 
3 1125 930 1126 
3 1127 1123 1125 
3 1124 1123 1127 
3 1128 1125 1126 
3 1127 1125 1128 
3 1129 928 936 
3 1111 928 1129 
3 1130 936 937 
3 1129 936 1130 
3 1131 937 938 
3 1130 937 1131 
3 1132 938 939 
3 1131 938 1132 
3 1133 939 940 
3 1132 939 1133 
3 1134 940 941 
3 1133 940 1134 
3 1135 941 942 
3 1134 941 1135 
3 1136 942 1034 
3 1135 942 1136 
3 1137 887 1102 
3 935 887 1137 
3 1137 1102 1108 
3 1137 1108 1113 
3 1138 934 935 
3 1118 934 1138 
3 1138 935 1137 
3 1138 1137 1113 
3 1139 1092 1093 
3 1099 1092 1139 
3 1140 1099 1139 
3 1112 1099 1140 
3 1141 1112 1140 
3 1120 1112 1141 
3 1142 1093 1096 
3 1139 1093 1142 
3 1143 1096 1097 
3 1142 1096 1143 
3 1144 1097 1098 
3 1143 1097 1144 
3 1145 1098 1109 
3 1144 1098 1145 
3 1146 1109 1110 
3 1145 1109 1146 
3 1147 1110 1111 
3 1146 1110 1147 
3 1148 1111 1129 
3 1147 1111 1148 
3 1149 1139 1142 
3 1140 1139 1149 
3 1141 1140 1149 
3 1150 1142 1143 
3 1149 1142 1150 
3 1151 1143 1144 
3 1150 1143 1151 
3 1151 1144 1145 
3 1152 1120 1141 
3 1121 1120 1152 
3 1153 1121 1152 
3 946 1121 1153 
3 948 946 1153 
3 1154 897 1100 
3 898 897 1154 
3 1154 1100 1155 
3 1156 898 1154 
3 899 898 1156 
3 1157 899 1156 
3 900 899 1157 
3 1158 900 1157 
3 901 900 1158 
3 1159 901 1158 
3 1160 1129 1130 
3 1148 1129 1160 
3 1161 1130 1131 
3 1160 1130 1161 
3 1162 1131 1132 
3 1161 1131 1162 
3 1163 1132 1133 
3 1162 1132 1163 
3 1164 1133 1134 
3 1163 1133 1164 
3 1165 1134 1135 
3 1164 1134 1165 
3 1166 1135 1136 
3 1165 1135 1166 
3 1167 903 901 
3 905 903 1167 
3 1168 905 1167 
3 1064 905 1168 
3 1169 967 1122 
3 971 967 1169 
3 1170 1122 1124 
3 1169 1122 1170 
3 1090 1124 1127 
3 1170 1124 1090 
3 1089 1090 1127 
3 1170 1090 1046 
3 1089 1127 1128 
3 1170 1046 1049 
3 1088 1089 1128 
3 1169 1170 1049 
3 1171 1128 1126 
3 1088 1128 1171 
3 1169 1049 1051 
3 1086 1088 1171 
3 971 1169 1051 
3 1172 1126 1031 
3 1053 971 1051 
3 1171 1126 1172 
3 973 971 1053 
3 1173 1171 1172 
3 1086 1171 1173 
3 973 1053 1055 
3 1084 1086 1173 
3 975 973 1055 
3 1174 1084 1173 
3 1082 1084 1174 
3 975 1055 1057 
3 1174 1173 1172 
3 977 975 1057 
3 1175 1082 1174 
3 1080 1082 1175 
3 977 1057 1059 
3 1176 1080 1175 
3 1078 1080 1176 
3 979 977 1059 
3 1177 1031 1029 
3 979 1059 1061 
3 1172 1031 1177 
3 981 979 1061 
3 1174 1172 1177 
3 981 1061 1063 
3 1177 1029 1027 
3 983 981 1063 
3 1178 1174 1177 
3 1175 1174 1178 
3 983 1063 1064 
3 1178 1177 1027 
3 983 1064 1168 
3 1178 1027 1026 
3 985 983 1168 
3 1179 1175 1178 
3 1176 1175 1179 
3 987 985 1168 
3 1179 1178 1026 
3 987 1168 1167 
3 1180 1026 1025 
3 1179 1026 1180 
3 989 987 1159 
3 1176 1179 1180 
3 1181 1159 1158 
3 989 1159 1181 
3 1182 1176 1180 
3 1183 989 1181 
3 991 989 1183 
3 1078 1176 1182 
3 1184 1158 1157 
3 1181 1158 1184 
3 1075 1078 1182 
3 1185 1157 1156 
3 1184 1157 1185 
3 1186 1180 1025 
3 1182 1180 1186 
3 1187 1181 1184 
3 1183 1181 1187 
3 1186 1025 1024 
3 1187 1184 1185 
3 1188 1182 1186 
3 1075 1182 1188 
3 1189 1156 1154 
3 1185 1156 1189 
3 1076 1075 1188 
3 1189 1154 1155 
3 1190 1076 1188 
3 1117 1076 1190 
3 1191 1118 1138 
3 1192 1155 1191 
3 1193 1186 1024 
3 1188 1186 1193 
3 1191 1138 1113 
3 1190 1188 1193 
3 1194 1113 997 
3 1191 1113 1194 
3 1193 1024 1023 
3 1194 997 995 
3 1195 1193 1023 
3 1190 1193 1195 
3 1192 1191 1194 
3 1189 1155 1192 
3 1195 1023 1022 
3 1196 1189 1192 
3 1185 1189 1196 
3 1197 1190 1195 
3 1117 1190 1197 
3 1187 1185 1196 
3 1198 1117 1197 
3 1116 1117 1198 
3 1199 1192 1194 
3 1200 1195 1022 
3 1197 1195 1200 
3 1196 1192 1199 
3 1201 1022 1021 
3 1200 1022 1201 
3 1199 1194 995 
3 1202 1197 1200 
3 1198 1197 1202 
3 1199 995 993 
3 1203 1200 1201 
3 1202 1200 1203 
3 1204 993 991 
3 1205 1116 1198 
3 1115 1116 1205 
3 1204 991 1183 
3 1114 1115 1205 
3 1187 1204 1183 
3 1196 1204 1187 
3 1043 1114 1205 
3 1206 1198 1202 
3 1205 1198 1206 
3 1207 1205 1206 
3 1043 1205 1207 
3 1042 1043 1207 
3 1208 1202 1203 
3 1206 1202 1208 
3 1207 1206 1208 
3 1209 1042 1207 
3 1041 1042 1209 
3 1209 1207 1208 
3 1210 1021 1019 
3 1201 1021 1210 
3 1203 1201 1210 
3 1211 1203 1210 
3 1208 1203 1211 
3 1209 1208 1211 
3 1212 1019 1017 
3 1210 1019 1212 
3 1211 1210 1212 
3 1213 1211 1212 
3 1209 1211 1213 
3 1214 1209 1213 
3 1041 1209 1214 
3 1040 1041 1214 
3 1215 1017 1015 
3 1212 1017 1215 
3 1216 1212 1215 
3 1213 1212 1216 
3 1217 1015 1013 
3 1215 1015 1217 
3 1218 1013 1011 
3 1217 1013 1218 
3 1219 1011 1009 
3 1218 1011 1219 
3 1219 1009 1007 
3 1220 1213 1216 
3 1214 1213 1220 
3 1040 1214 1220 
3 1221 1040 1220 
3 1039 1040 1221 
3 1222 1215 1217 
3 1216 1215 1222 
3 1220 1216 1222 
3 1221 1220 1222 
3 1223 1217 1218 
3 1222 1217 1223 
3 1224 1222 1223 
3 1221 1222 1224 
3 1225 1218 1219 
3 1223 1218 1225 
3 1226 1221 1224 
3 1039 1221 1226 
3 1038 1039 1226 
3 1227 1038 1226 
3 1037 1038 1227 
3 1228 1037 1227 
3 1036 1037 1228 
3 1229 1036 1228 
3 1035 1036 1229 
3 1230 1035 1229 
3 1230 1034 1035 
3 1136 1034 1230 
3 1231 1136 1230 
3 1166 1136 1231 
3 1232 1223 1225 
3 1224 1223 1232 
3 1233 1224 1232 
3 1233 1226 1224 
3 1227 1226 1233 
3 1234 1227 1233 
3 1228 1227 1234 
3 1235 1228 1234 
3 1229 1228 1235 
3 1230 1229 1235 
3 1231 1230 1235 
3 1236 1145 1146 
3 1151 1145 1236 
3 1237 1146 1147 
3 1236 1146 1237 
3 1238 1147 1148 
3 1237 1147 1238 
3 1239 1148 1160 
3 1238 1148 1239 
3 1240 1160 1161 
3 1239 1160 1240 
3 1241 1161 1162 
3 1240 1161 1241 
3 1242 1162 1163 
3 1241 1162 1242 
3 1243 1163 1164 
3 1242 1163 1243 
3 1244 1164 1165 
3 1243 1164 1244 
3 1245 1165 1166 
3 1244 1165 1245 
3 1246 1166 1231 
3 1247 1149 1150 
3 1141 1149 1247 
3 1152 1141 1247 
3 1248 1150 1151 
3 1247 1150 1248 
3 1248 1151 1236 
3 1249 1152 1247 
3 1153 1152 1249 
3 1249 1247 1250 
3 1251 1153 1249 
3 948 1153 1251 
3 950 948 1251 
3 1252 950 1251 
3 952 950 1252 
3 1253 952 1252 
3 954 952 1253 
3 1254 954 1253 
3 956 954 1254 
3 1255 956 1254 
3 958 956 1255 
3 1256 958 1255 
3 960 958 1256 
3 1257 960 1256 
3 962 960 1257 
3 1258 962 1257 
3 964 962 1258 
3 1259 964 1258 
3 969 964 1259 
3 1260 969 1259 
3 999 969 1260 
3 1261 1219 1007 
3 1225 1219 1261 
3 1261 1007 1005 
3 1262 1225 1261 
3 1232 1225 1262 
3 1263 1232 1262 
3 1233 1232 1263 
3 1234 1233 1263 
3 1264 1234 1263 
3 1235 1234 1264 
3 1231 1235 1264 
3 1265 1263 1262 
3 1264 1263 1265 
3 1246 1264 1265 
3 1231 1264 1246 
3 1245 1166 1246 
3 1266 1262 1261 
3 1265 1262 1266 
3 1266 1261 1005 
3 1267 1265 1266 
3 1246 1265 1267 
3 1268 1246 1267 
3 1245 1246 1268 
3 1269 1005 1003 
3 1266 1005 1269 
3 1270 1266 1269 
3 1267 1266 1270 
3 1268 1267 1270 
3 1271 1245 1268 
3 1244 1245 1271 
3 1272 1244 1271 
3 1243 1244 1272 
3 1273 1268 1270 
3 1271 1268 1273 
3 1274 1270 1269 
3 1273 1270 1274 
3 1275 1243 1272 
3 1242 1243 1275 
3 1276 1242 1275 
3 1241 1242 1276 
3 1277 1241 1276 
3 1240 1241 1277 
3 1278 1271 1273 
3 1272 1271 1278 
3 1279 1273 1274 
3 1278 1273 1279 
3 1280 1272 1278 
3 1275 1272 1280 
3 1281 1275 1280 
3 1276 1275 1281 
3 1282 1276 1281 
3 1277 1276 1282 
3 1283 1278 1279 
3 1280 1278 1283 
3 1284 1280 1283 
3 1281 1280 1284 
3 1285 1281 1284 
3 1282 1281 1285 
3 1286 1269 1003 
3 1274 1269 1286 
3 1286 1003 1001 
3 1279 1274 1286 
3 1287 1001 999 
3 1286 1001 1287 
3 1279 1286 1287 
3 1283 1279 1287 
3 1287 999 1260 
3 1283 1287 1260 
3 1284 1283 1260 
3 1259 1284 1260 
3 1285 1284 1259 
3 1288 1259 1258 
3 1285 1259 1288 
3 1289 1288 1257 
3 1288 1258 1257 
3 1289 1257 1256 
3 1290 1285 1288 
3 1282 1285 1290 
3 1290 1288 1289 
3 1291 1282 1290 
3 1277 1282 1291 
3 1292 1277 1291 
3 1240 1277 1292 
3 1239 1240 1292 
3 1293 1256 1255 
3 1289 1256 1293 
3 1294 1255 1254 
3 1293 1255 1294 
3 1295 1254 1253 
3 1296 1289 1293 
3 1290 1289 1296 
3 1297 1293 1294 
3 1296 1293 1297 
3 1298 1291 1296 
3 1291 1290 1296 
3 1292 1291 1298 
3 1298 1296 1297 
3 1299 1292 1298 
3 1239 1292 1299 
3 1238 1239 1299 
3 1300 1238 1299 
3 1237 1238 1300 
3 1301 1299 1298 
3 1300 1299 1301 
3 1301 1298 1297 
3 1302 1237 1300 
3 1236 1237 1302 
3 1248 1236 1302 
3 1303 1250 1302 
3 1304 1250 1303 
3 1304 1249 1250 
3 1251 1249 1304 
3 1305 1251 1304 
3 1252 1251 1305 
3 1295 1252 1305 
3 1253 1252 1295 
3 1294 1254 1295 
3 1306 1294 1295 
3 1297 1294 1306 
3 1301 1297 1306 
3 1307 1306 1305 
3 1306 1295 1305 
3 1307 1305 1304 
3 1301 1306 1307 
3 1303 1301 1307 
3 1300 1301 1303 
3 1302 1300 1303 
3 1304 1303 1307 
3 1159 1167 901 
3 1167 1159 987 
3 1204 1199 993 
3 1199 1204 1196 
3 1155 1118 1191 
3 1118 1155 1100 
3 1250 1248 1302 
3 1248 1250 1247 
3 463 466 1308 
3 1311 1310 1309 
3 1312 1311 1309 
3 1313 1311 1312 
3 1312 1309 1314 
3 1315 463 1308 
3 461 463 1315 
3 1315 1308 1316 
3 1319 1318 1317 
3 1320 1318 1319 
3 1322 1317 1321 
3 1319 1317 1322 
3 1324 1314 1323 
3 1312 1314 1324 
3 1326 1323 1325 
3 1324 1323 1326 
3 1327 1312 1324 
3 1313 1312 1327 
3 1328 1313 1327 
3 1329 461 1315 
3 459 461 1329 
3 1331 1321 1330 
3 1322 1321 1331 
3 1333 1330 1332 
3 1331 1330 1333 
3 1335 1332 1334 
3 1333 1332 1335 
3 1335 1334 1336 
3 1337 1320 1319 
3 1338 1320 1337 
3 1339 1338 1337 
3 1340 1338 1339 
3 1343 1342 1341 
3 1344 1342 1343 
3 1345 1328 1327 
3 1346 1328 1345 
3 1347 1340 1339 
3 1348 1340 1347 
3 1349 1348 1347 
3 1350 1348 1349 
3 1351 1350 1349 
3 1352 1350 1351 
3 1353 1352 1351 
3 1354 1352 1353 
3 1355 1354 1353 
3 1356 1354 1355 
3 1357 1356 1355 
3 1358 1356 1357 
3 1359 1358 1357 
3 1360 1358 1359 
3 1361 1360 1359 
3 1316 1360 1361 
3 1315 1316 1361 
3 1329 1315 1361 
3 1362 1344 1343 
3 1363 1344 1362 
3 1364 1363 1362 
3 1365 1363 1364 
3 1366 1365 1364 
3 1367 1365 1366 
3 1368 1367 1366 
3 1369 1367 1368 
3 1370 1369 1368 
3 1371 1369 1370 
3 1372 1371 1370 
3 1373 1371 1372 
3 1374 1373 1372 
3 1375 1373 1374 
3 1376 1375 1374 
3 1377 1375 1376 
3 1378 1377 1376 
3 1379 1377 1378 
3 1380 1379 1378 
3 1381 1379 1380 
3 1382 1346 1345 
3 1383 1346 1382 
3 1384 1383 1382 
3 1385 1383 1384 
3 1386 1385 1384 
3 1387 1385 1386 
3 1388 459 1329 
3 450 459 1388 
3 1390 1341 1389 
3 1343 1341 1390 
3 1392 1389 1391 
3 1390 1389 1392 
3 1394 1391 1393 
3 1392 1391 1394 
3 1396 1393 1395 
3 1394 1393 1396 
3 1397 1381 1380 
3 1325 1381 1397 
3 1326 1325 1397 
3 1398 1387 1386 
3 1399 1387 1398 
3 1401 1336 1400 
3 1335 1336 1401 
3 1403 1400 1402 
3 1401 1400 1403 
3 1405 1402 1404 
3 1403 1402 1405 
3 1407 1404 1406 
3 1405 1404 1407 
3 1410 1409 1408 
3 1411 1409 1410 
3 1412 1411 1410 
3 1413 1411 1412 
3 1415 1408 1414 
3 1410 1408 1415 
3 1417 1414 1416 
3 1415 1414 1417 
3 1418 1413 1412 
3 1419 1413 1418 
3 1421 1406 1420 
3 1407 1406 1421 
3 1423 1420 1422 
3 1421 1420 1423 
3 1425 1422 1424 
3 1423 1422 1425 
3 1427 1424 1426 
3 1425 1424 1427 
3 1428 1426 1399 
3 1427 1426 1428 
3 1428 1399 1398 
3 1429 450 1388 
3 446 450 1429 
3 1430 446 1429 
3 412 446 1430 
3 1431 412 1430 
3 411 412 1431 
3 1432 411 1431 
3 1416 411 1432 
3 1417 1416 1432 
3 1433 1419 1418 
3 1395 1419 1433 
3 1434 1395 1433 
3 1396 1395 1434 
3 1435 1327 1324 
3 1345 1327 1435 
3 1435 1324 1326 
3 1436 1326 1397 
3 1436 1435 1326 
3 1345 1435 1436 
3 1382 1345 1436 
3 1437 1329 1361 
3 1388 1329 1437 
3 1437 1361 1359 
3 1438 1359 1357 
3 1437 1359 1438 
3 1439 1437 1438 
3 1388 1437 1439 
3 1429 1388 1439 
3 1440 1357 1355 
3 1438 1357 1440 
3 1441 1355 1353 
3 1440 1355 1441 
3 1442 1353 1351 
3 1441 1353 1442 
3 1443 1351 1349 
3 1442 1351 1443 
3 1444 1349 1347 
3 1445 1319 1322 
3 1337 1319 1445 
3 1446 1322 1331 
3 1445 1322 1446 
3 1447 1337 1445 
3 1339 1337 1447 
3 1448 1445 1446 
3 1447 1445 1448 
3 1449 1438 1440 
3 1439 1438 1449 
3 1450 1440 1441 
3 1449 1440 1450 
3 1451 1441 1442 
3 1450 1441 1451 
3 1452 1442 1443 
3 1451 1442 1452 
3 1453 1439 1449 
3 1429 1439 1453 
3 1430 1429 1453 
3 1454 1449 1450 
3 1453 1449 1454 
3 1455 1450 1451 
3 1454 1450 1455 
3 1456 1451 1452 
3 1455 1451 1456 
3 1457 1343 1390 
3 1362 1343 1457 
3 1458 1362 1457 
3 1364 1362 1458 
3 1459 1390 1392 
3 1457 1390 1459 
3 1460 1392 1394 
3 1459 1392 1460 
3 1461 1364 1458 
3 1366 1364 1461 
3 1462 1453 1454 
3 1430 1453 1462 
3 1431 1430 1462 
3 1463 1431 1462 
3 1432 1431 1463 
3 1464 1454 1455 
3 1462 1454 1464 
3 1465 1462 1464 
3 1463 1462 1465 
3 1466 1455 1456 
3 1464 1455 1466 
3 1467 1464 1466 
3 1465 1464 1467 
3 1468 1432 1463 
3 1417 1432 1468 
3 1469 1463 1465 
3 1468 1463 1469 
3 1469 1465 1467 
3 1470 1457 1459 
3 1458 1457 1470 
3 1471 1459 1460 
3 1470 1459 1471 
3 1472 1458 1470 
3 1461 1458 1472 
3 1473 1470 1471 
3 1472 1470 1473 
3 1474 1331 1333 
3 1446 1331 1474 
3 1475 1446 1474 
3 1448 1446 1475 
3 1476 1333 1335 
3 1474 1333 1476 
3 1476 1335 1401 
3 1477 1474 1476 
3 1475 1474 1477 
3 1478 1476 1401 
3 1477 1476 1478 
3 1478 1401 1403 
3 1479 1403 1405 
3 1478 1403 1479 
3 1480 1405 1407 
3 1479 1405 1480 
3 1481 1394 1396 
3 1460 1394 1481 
3 1471 1460 1481 
3 1482 1396 1434 
3 1481 1396 1482 
3 1483 1339 1447 
3 1347 1339 1483 
3 1443 1349 1444 
3 1484 1443 1444 
3 1452 1443 1484 
3 1485 1452 1484 
3 1456 1452 1485 
3 1486 1456 1485 
3 1466 1456 1486 
3 1487 1466 1486 
3 1467 1466 1487 
3 1488 1447 1448 
3 1483 1447 1488 
3 1489 1483 1488 
3 1484 1444 1489 
3 1485 1484 1489 
3 1490 1448 1475 
3 1488 1448 1490 
3 1491 1488 1490 
3 1489 1488 1491 
3 1485 1489 1491 
3 1486 1485 1491 
3 1492 1486 1491 
3 1487 1486 1493 
3 1492 1491 1490 
3 1493 1486 1492 
3 1494 1490 1475 
3 1492 1490 1494 
3 1494 1475 1477 
3 1495 1477 1478 
3 1494 1477 1495 
3 1496 1478 1479 
3 1495 1478 1496 
3 1497 1494 1495 
3 1492 1494 1497 
3 1493 1492 1497 
3 1498 1479 1480 
3 1496 1479 1498 
3 1499 1471 1481 
3 1473 1471 1499 
3 1499 1481 1482 
3 1500 1467 1487 
3 1469 1467 1500 
3 1501 1487 1493 
3 1500 1487 1501 
3 1502 1493 1497 
3 1501 1493 1502 
3 1503 1366 1461 
3 1368 1366 1503 
3 1504 1461 1472 
3 1503 1461 1504 
3 1505 1472 1473 
3 1504 1472 1505 
3 1506 1473 1499 
3 1505 1473 1506 
3 1507 1382 1436 
3 1384 1382 1507 
3 1507 1436 1397 
3 1507 1397 1380 
3 1508 1380 1378 
3 1507 1380 1508 
3 1509 1507 1508 
3 1384 1507 1509 
3 1386 1384 1509 
3 1510 1378 1376 
3 1508 1378 1510 
3 1511 1376 1374 
3 1510 1376 1511 
3 1512 1374 1372 
3 1511 1374 1512 
3 1513 1372 1370 
3 1512 1372 1513 
3 1514 1370 1368 
3 1513 1370 1514 
3 1514 1368 1503 
3 1515 1508 1510 
3 1509 1508 1515 
3 1516 1509 1515 
3 1386 1509 1516 
3 1398 1386 1516 
3 1517 1510 1511 
3 1515 1510 1517 
3 1518 1511 1512 
3 1517 1511 1518 
3 1519 1512 1513 
3 1518 1512 1519 
3 1519 1513 1514 
3 1520 1515 1517 
3 1516 1515 1520 
3 1521 1516 1520 
3 1398 1516 1521 
3 1522 1398 1521 
3 1428 1398 1522 
3 1523 1517 1518 
3 1520 1517 1523 
3 1524 1520 1523 
3 1521 1520 1524 
3 1522 1521 1524 
3 1525 1518 1519 
3 1523 1518 1525 
3 1526 1523 1525 
3 1524 1523 1526 
3 1527 1514 1503 
3 1519 1514 1527 
3 1527 1503 1504 
3 1525 1519 1527 
3 1528 1525 1527 
3 1526 1525 1528 
3 1529 1527 1504 
3 1528 1527 1529 
3 1529 1504 1505 
3 1530 1505 1506 
3 1529 1505 1530 
3 1531 1529 1530 
3 1528 1529 1531 
3 1532 1524 1526 
3 1522 1524 1532 
3 1533 1526 1528 
3 1532 1526 1533 
3 1533 1528 1531 
3 1534 1522 1532 
3 1428 1522 1534 
3 1427 1428 1534 
3 1535 1427 1534 
3 1425 1427 1535 
3 1536 1425 1535 
3 1423 1425 1536 
3 1537 1423 1536 
3 1421 1423 1537 
3 1538 1532 1533 
3 1534 1532 1538 
3 1535 1534 1538 
3 1539 1533 1531 
3 1538 1533 1539 
3 1540 1531 1530 
3 1539 1531 1540 
3 1541 1538 1539 
3 1535 1538 1541 
3 1542 1535 1541 
3 1536 1535 1542 
3 1537 1536 1542 
3 1543 1530 1506 
3 1540 1530 1543 
3 1544 1506 1499 
3 1543 1506 1544 
3 1544 1499 1482 
3 1545 1421 1537 
3 1407 1421 1545 
3 1480 1407 1545 
3 1546 1539 1540 
3 1541 1539 1546 
3 1547 1540 1543 
3 1546 1540 1547 
3 1548 1543 1544 
3 1547 1543 1548 
3 1549 1544 1482 
3 1548 1544 1549 
3 1550 1482 1434 
3 1549 1482 1550 
3 1550 1434 1433 
3 1551 1541 1546 
3 1542 1541 1551 
3 1552 1542 1551 
3 1537 1542 1552 
3 1545 1537 1552 
3 1553 1546 1547 
3 1551 1546 1553 
3 1554 1547 1548 
3 1553 1547 1554 
3 1555 1548 1549 
3 1554 1548 1555 
3 1556 1480 1545 
3 1498 1480 1556 
3 1556 1545 1552 
3 1557 1552 1551 
3 1556 1552 1557 
3 1557 1551 1553 
3 1558 1553 1554 
3 1557 1553 1558 
3 1559 1554 1555 
3 1558 1554 1559 
3 1560 1557 1558 
3 1556 1557 1560 
3 1561 1558 1559 
3 1560 1558 1561 
3 1562 1556 1560 
3 1498 1556 1562 
3 1563 1560 1561 
3 1562 1560 1563 
3 1564 1498 1562 
3 1496 1498 1564 
3 1495 1496 1565 
3 1497 1495 1565 
3 1502 1497 1565 
3 1566 1562 1563 
3 1564 1562 1566 
3 1567 1564 1566 
3 1502 1565 1567 
3 1568 1502 1567 
3 1501 1502 1568 
3 1569 1501 1568 
3 1500 1501 1569 
3 1570 1500 1569 
3 1469 1500 1570 
3 1468 1469 1570 
3 1571 1468 1570 
3 1417 1468 1571 
3 1572 1417 1571 
3 1415 1417 1572 
3 1573 1415 1572 
3 1410 1415 1573 
3 1574 1410 1573 
3 1412 1410 1574 
3 1418 1412 1574 
3 1575 1567 1566 
3 1568 1567 1575 
3 1576 1568 1575 
3 1569 1568 1576 
3 1577 1569 1576 
3 1570 1569 1577 
3 1571 1570 1577 
3 1578 1571 1577 
3 1572 1571 1578 
3 1579 1572 1578 
3 1573 1572 1579 
3 1580 1573 1579 
3 1574 1573 1580 
3 1581 1574 1580 
3 1418 1574 1581 
3 1433 1418 1581 
3 1550 1433 1581 
3 1549 1550 1582 
3 1555 1549 1582 
3 1583 1555 1582 
3 1559 1555 1583 
3 1561 1559 1583 
3 1584 1561 1583 
3 1563 1561 1584 
3 1566 1563 1585 
3 1575 1566 1585 
3 1586 1577 1576 
3 1578 1577 1586 
3 1586 1576 1575 
3 1586 1575 1585 
3 1579 1578 1586 
3 1579 1586 1585 
3 1580 1579 1584 
3 1580 1584 1583 
3 1580 1583 1582 
3 1582 1581 1580 
3 1550 1581 1582 
3 1444 1483 1489 
3 1483 1444 1347 
3 1565 1564 1567 
3 1564 1565 1496 
3 1584 1585 1563 
3 1585 1584 1579 
3 1589 1588 1587 
3 1592 1591 1590 
3 1593 1592 1590 
3 1593 1590 1594 
3 1595 1593 1594 
3 1595 1594 1596 
3 1597 1595 1596 
3 1598 1595 1597 
3 1597 1596 1599 
3 1601 1599 1600 
3 1597 1599 1601 
3 1602 1589 1587 
3 1603 1589 1602 
3 1602 1587 1604 
3 1606 1604 1605 
3 1602 1604 1606 
3 1607 1602 1606 
3 1603 1602 1607 
3 1608 1603 1607 
3 1609 1608 1607 
3 1610 1608 1609 
3 1611 1610 1609 
3 1612 1610 1611 
3 1613 1612 1611 
3 1614 1612 1613 
3 1615 1614 1613 
3 1616 1614 1615 
3 1619 1618 1617 
3 1620 1618 1619 
3 1622 1600 1621 
3 1601 1600 1622 
3 1624 1621 1623 
3 1622 1621 1624 
3 1626 1623 1625 
3 1624 1623 1626 
3 1598 1597 1601 
3 1627 1598 1601 
3 1628 1627 1601 
3 1628 1601 1622 
3 1629 1622 1624 
3 1628 1622 1629 
3 1630 1628 1629 
3 1631 1630 1629 
3 1632 1630 1631 
3 1633 1632 1631 
3 1634 1632 1633 
3 1635 1634 1633 
3 1636 1634 1635 
3 1637 1636 1635 
3 1638 1636 1637 
3 1639 1638 1637 
3 1617 1638 1639 
3 1619 1617 1639 
3 1640 1620 1619 
3 1641 1620 1640 
3 1642 1641 1640 
3 1643 1641 1642 
3 1645 1643 1644 
3 1646 1643 1645 
3 1647 1646 1645 
3 1648 1646 1647 
3 1650 1605 1649 
3 1606 1605 1650 
3 1652 1649 1651 
3 1650 1649 1652 
3 1652 1651 1653 
3 1655 1653 1654 
3 1652 1653 1655 
3 1656 1616 1615 
3 1657 1616 1656 
3 1658 1657 1656 
3 1659 1657 1658 
3 1660 1659 1658 
3 1661 1659 1660 
3 1662 1661 1660 
3 1663 1661 1662 
3 1664 1663 1662 
3 1665 1663 1664 
3 1666 1665 1664 
3 1667 1665 1666 
3 1668 1667 1666 
3 1669 1667 1668 
3 1671 1625 1670 
3 1626 1625 1671 
3 1637 1670 1672 
3 1639 1637 1672 
3 1639 1672 1673 
3 1619 1639 1673 
3 1619 1673 1674 
3 1640 1619 1674 
3 1640 1674 1675 
3 1642 1640 1675 
3 1642 1675 1644 
3 1643 1642 1644 
3 1645 1644 1676 
3 1647 1645 1676 
3 1647 1676 1677 
3 1678 1669 1668 
3 1679 1669 1678 
3 1680 1679 1678 
3 1681 1679 1680 
3 1682 1681 1680 
3 1648 1647 1677 
3 1648 1677 1683 
3 1684 1648 1683 
3 1684 1683 1685 
3 1686 1684 1685 
3 1687 1686 1685 
3 1688 1686 1687 
3 1687 1685 1689 
3 1691 1689 1690 
3 1687 1689 1691 
3 1693 1690 1692 
3 1691 1690 1693 
3 1694 1687 1691 
3 1688 1687 1694 
3 1695 1688 1694 
3 1697 1692 1696 
3 1693 1692 1697 
3 1699 1696 1698 
3 1697 1696 1699 
3 1701 1698 1700 
3 1699 1698 1701 
3 1703 1700 1702 
3 1701 1700 1703 
3 1705 1702 1704 
3 1703 1702 1705 
3 1707 1704 1706 
3 1705 1704 1707 
3 1709 1706 1708 
3 1707 1706 1709 
3 1711 1708 1710 
3 1709 1708 1711 
3 1713 1710 1712 
3 1711 1710 1713 
3 1715 1712 1714 
3 1713 1712 1715 
3 1716 1714 1682 
3 1715 1714 1716 
3 1717 1682 1680 
3 1716 1682 1717 
3 1718 1695 1694 
3 1719 1695 1718 
3 1720 1719 1718 
3 1721 1719 1720 
3 1722 1721 1720 
3 1723 1721 1722 
3 1724 1723 1722 
3 1725 1723 1724 
3 1726 1725 1724 
3 1727 1725 1726 
3 1728 1727 1726 
3 1729 1727 1728 
3 1730 1729 1728 
3 1731 1729 1730 
3 1732 1731 1730 
3 1733 1731 1732 
3 1734 1733 1732 
3 1735 1733 1734 
3 1736 1735 1734 
3 1737 1735 1736 
3 1738 1737 1736 
3 1739 1737 1738 
3 1740 1739 1738 
3 1741 1739 1740 
3 1742 1741 1740 
3 1743 1741 1742 
3 1744 1743 1742 
3 1745 1743 1744 
3 1746 1745 1744 
3 1747 1745 1746 
3 1748 1747 1746 
3 1749 1747 1748 
3 1750 1749 1748 
3 1751 1749 1750 
3 1752 1751 1750 
3 1753 1751 1752 
3 1755 1654 1754 
3 1655 1654 1755 
3 1757 1754 1756 
3 1755 1754 1757 
3 1759 1756 1758 
3 1757 1756 1759 
3 1760 1758 1753 
3 1759 1758 1760 
3 1671 1670 1637 
3 1760 1753 1752 
3 1671 1637 1635 
3 1693 1694 1691 
3 1631 1629 1624 
3 1718 1694 1693 
3 1631 1624 1626 
3 1718 1693 1697 
3 1633 1631 1626 
3 1720 1718 1697 
3 1671 1633 1626 
3 1635 1633 1671 
3 1720 1697 1699 
3 1722 1720 1699 
3 1722 1699 1701 
3 1724 1722 1701 
3 1724 1701 1703 
3 1726 1724 1703 
3 1726 1703 1705 
3 1728 1726 1705 
3 1728 1705 1707 
3 1730 1728 1707 
3 1730 1707 1709 
3 1732 1730 1709 
3 1732 1709 1711 
3 1734 1711 1713 
3 1734 1732 1711 
3 1736 1734 1713 
3 1736 1713 1715 
3 1736 1715 1716 
3 1738 1736 1716 
3 1738 1716 1717 
3 1740 1738 1717 
3 1740 1717 1680 
3 1742 1740 1680 
3 1742 1680 1678 
3 1744 1742 1678 
3 1744 1678 1668 
3 1746 1744 1668 
3 1746 1668 1666 
3 1748 1746 1666 
3 1748 1666 1664 
3 1750 1748 1664 
3 1750 1664 1662 
3 1752 1750 1662 
3 1752 1662 1660 
3 1752 1660 1658 
3 1760 1752 1658 
3 1760 1658 1656 
3 1759 1760 1656 
3 1757 1759 1656 
3 1757 1656 1615 
3 1755 1757 1615 
3 1755 1615 1613 
3 1761 1613 1611 
3 1755 1613 1761 
3 1655 1755 1761 
3 1762 1606 1650 
3 1607 1606 1762 
3 1609 1607 1762 
3 1763 1655 1761 
3 1652 1655 1763 
3 1650 1652 1763 
3 1762 1650 1763 
3 1763 1761 1611 
3 1609 1763 1611 
3 1762 1763 1609 
3 1766 1765 1764 
3 1769 1768 1767 
3 1769 1767 489 
3 489 1767 1770 
3 488 489 1770 
3 488 1770 1771 
3 507 488 1771 
3 507 1771 1772 
3 597 507 1772 
3 597 1772 1773 
3 595 597 1773 
3 595 1773 1774 
3 593 595 1774 
3 593 1774 1775 
3 591 593 1775 
3 591 1775 1776 
3 589 591 1776 
3 589 1776 1777 
3 587 589 1777 
3 587 1777 1778 
3 585 587 1778 
3 585 1778 1779 
3 583 585 1779 
3 583 1779 1780 
3 581 583 1780 
3 581 1780 1781 
3 580 581 1781 
3 580 1781 1782 
3 578 580 1782 
3 578 1782 1783 
3 576 578 1783 
3 576 1783 1784 
3 574 576 1784 
3 574 1784 1785 
3 573 574 1785 
3 573 1785 1599 
3 1786 573 1599 
3 1787 573 1786 
3 1786 1599 1596 
3 1788 1766 1764 
3 1789 1766 1788 
3 1788 1764 1790 
3 1791 1787 1786 
3 1792 1787 1791 
3 1791 1786 1596 
3 1791 1596 1594 
3 1793 1789 1788 
3 1794 1789 1793 
3 1795 1794 1793 
3 1796 1794 1795 
3 1797 1791 1594 
3 1797 1594 1590 
3 1792 1791 1797 
3 1798 1792 1797 
3 1799 1590 1591 
3 1797 1590 1799 
3 1801 1591 1800 
3 1799 1591 1801 
3 1803 1800 1802 
3 1801 1800 1803 
3 1804 1802 1796 
3 1803 1802 1804 
3 1804 1796 1795 
3 1798 1797 1799 
3 1805 1798 1799 
3 1805 1799 1801 
3 1806 1805 1801 
3 1806 1801 1803 
3 1807 1806 1803 
3 1807 1803 1804 
3 1808 1807 1804 
3 1808 1804 1795 
3 1809 1808 1795 
3 1809 1795 1793 
3 1793 1790 1809 
3 1788 1790 1793 
3 105 108 902 
3 511 6 10 
3 1810 10 12 
3 511 10 1810 
3 505 511 1810 
3 1811 902 904 
3 105 902 1811 
3 104 105 1811 
3 1812 904 906 
3 1811 904 1812 
3 1813 906 1062 
3 1812 906 1813 
3 1814 12 14 
3 1810 12 1814 
3 1815 14 15 
3 1814 14 1815 
3 1816 15 17 
3 1815 15 1816 
3 1817 17 19 
3 1816 17 1817 
3 1818 19 21 
3 1817 19 1818 
3 1819 21 23 
3 1818 21 1819 
3 1820 23 26 
3 1819 23 1820 
3 1820 26 28 
3 1821 1062 1060 
3 1813 1062 1821 
3 1822 1060 1058 
3 1821 1060 1822 
3 1823 1058 1056 
3 1822 1058 1823 
3 1824 1056 1054 
3 1823 1056 1824 
3 1825 1054 1052 
3 1824 1054 1825 
3 1826 1052 1050 
3 1825 1052 1826 
3 1827 1050 1048 
3 1826 1050 1827 
3 1828 1048 1044 
3 1827 1048 1828 
3 1829 1044 1045 
3 1828 1044 1829 
3 104 1811 1812 
3 98 104 1812 
3 1830 1812 1813 
3 98 1812 1830 
3 96 98 1830 
3 1831 96 1830 
3 95 96 1831 
3 1832 95 1831 
3 94 95 1832 
3 1833 94 1832 
3 82 94 1833 
3 1834 82 1833 
3 71 82 1834 
3 1835 71 1834 
3 70 71 1835 
3 1836 70 1835 
3 69 70 1836 
3 1837 69 1836 
3 68 69 1837 
3 1838 68 1837 
3 51 68 1838 
3 1839 51 1838 
3 44 51 1839 
3 1840 44 1839 
3 42 44 1840 
3 1841 42 1840 
3 40 42 1841 
3 1842 40 1841 
3 38 40 1842 
3 1843 38 1842 
3 36 38 1843 
3 1844 36 1843 
3 34 36 1844 
3 1845 34 1844 
3 31 34 1845 
3 1846 31 1845 
3 29 31 1846 
3 1847 29 1846 
3 28 29 1847 
3 1848 28 1847 
3 1820 28 1848 
3 505 1810 1814 
3 503 505 1814 
3 1849 1814 1815 
3 503 1814 1849 
3 861 503 1849 
3 1850 861 1849 
3 863 861 1850 
3 1851 863 1850 
3 1066 863 1851 
3 1852 1066 1851 
3 1068 1066 1852 
3 1853 1068 1852 
3 1070 1068 1853 
3 1854 1070 1853 
3 1074 1070 1854 
3 1855 1074 1854 
3 1077 1074 1855 
3 1856 1077 1855 
3 1079 1077 1856 
3 1857 1079 1856 
3 1081 1079 1857 
3 1858 1081 1857 
3 1083 1081 1858 
3 1859 1083 1858 
3 1085 1083 1859 
3 1860 1085 1859 
3 1087 1085 1860 
3 1861 1087 1860 
3 1047 1087 1861 
3 1045 1047 1861 
3 1862 1045 1861 
3 1829 1045 1862 
3 1830 1813 1821 
3 1831 1830 1821 
3 1863 1821 1822 
3 1831 1821 1863 
3 1832 1831 1863 
3 1864 1832 1863 
3 1833 1832 1864 
3 1865 1833 1864 
3 1834 1833 1865 
3 1866 1834 1865 
3 1835 1834 1866 
3 1867 1835 1866 
3 1836 1835 1867 
3 1868 1836 1867 
3 1837 1836 1868 
3 1869 1849 1815 
3 1850 1849 1869 
3 1869 1815 1816 
3 1870 1822 1823 
3 1863 1822 1870 
3 1864 1863 1870 
3 1865 1864 1870 
3 1871 1823 1824 
3 1870 1823 1871 
3 1865 1870 1871 
3 1866 1865 1871 
3 1872 1824 1825 
3 1871 1824 1872 
3 1866 1871 1872 
3 1867 1866 1872 
3 1873 1867 1872 
3 1868 1867 1873 
3 1873 1872 1825 
3 1873 1825 1826 
3 1874 1816 1817 
3 1869 1816 1874 
3 1850 1869 1874 
3 1851 1850 1874 
3 1875 1817 1818 
3 1874 1817 1875 
3 1851 1874 1875 
3 1852 1851 1875 
3 1876 1852 1875 
3 1853 1852 1876 
3 1877 1826 1827 
3 1873 1826 1877 
3 1868 1873 1877 
3 1878 1868 1877 
3 1837 1868 1878 
3 1838 1837 1878 
3 1879 1877 1827 
3 1878 1877 1879 
3 1879 1827 1828 
3 1880 1878 1879 
3 1838 1878 1880 
3 1839 1838 1880 
3 1881 1879 1828 
3 1880 1879 1881 
3 1881 1828 1829 
3 1882 1880 1881 
3 1839 1880 1882 
3 1840 1839 1882 
3 1882 1881 1829 
3 1882 1829 1862 
3 1883 1882 1862 
3 1840 1882 1883 
3 1841 1840 1883 
3 1884 1862 1861 
3 1883 1862 1884 
3 1841 1883 1884 
3 1842 1841 1884 
3 1885 1884 1861 
3 1842 1884 1885 
3 1885 1861 1860 
3 1843 1842 1885 
3 1843 1885 1860 
3 1843 1860 1859 
3 1844 1843 1859 
3 1844 1859 1858 
3 1845 1844 1858 
3 1846 1845 1858 
3 1846 1858 1857 
3 1847 1846 1857 
3 1847 1857 1856 
3 1848 1847 1856 
3 1886 1856 1855 
3 1848 1856 1886 
3 1887 1855 1854 
3 1886 1855 1887 
3 1887 1854 1853 
3 1887 1853 1876 
3 1888 1886 1887 
3 1848 1886 1888 
3 1888 1887 1876 
3 1820 1848 1888 
3 1819 1820 1888 
3 1889 1819 1888 
3 1818 1819 1889 
3 1875 1818 1889 
3 1889 1876 1875 
3 1888 1876 1889 
3 1892 1891 1890 
3 988 990 1893 
3 1892 1890 1894 
3 1895 1892 1894 
3 1895 1894 1896 
3 1897 1895 1896 
3 1317 1318 921 
3 1897 1896 1898 
3 1899 1897 1898 
3 1899 1898 1900 
3 1900 1898 1901 
3 1900 1901 1902 
3 1902 1901 1903 
3 1904 1902 1903 
3 1904 1903 1905 
3 1906 1904 1905 
3 1906 1905 1907 
3 1908 1906 1907 
3 1908 1907 1909 
3 1910 1908 1909 
3 1910 1909 1911 
3 1912 1910 1911 
3 1912 1911 1913 
3 1915 1913 1914 
3 1912 1913 1915 
3 1915 1914 1916 
3 1917 1915 1916 
3 1919 1916 1918 
3 1917 1916 1919 
3 1920 1917 1919 
3 1921 988 1893 
3 986 988 1921 
3 1921 1893 1922 
3 1923 1919 1918 
3 1920 1919 1923 
3 1923 1918 1924 
3 1925 1920 1923 
3 1926 921 923 
3 1317 921 1926 
3 1321 1317 1926 
3 1927 1321 1926 
3 1330 1321 1927 
3 1928 1330 1927 
3 1332 1330 1928 
3 1929 1332 1928 
3 1334 1332 1929 
3 1930 1334 1929 
3 1931 1334 1930 
3 1932 1931 1930 
3 1933 1931 1932 
3 1934 1933 1932 
3 1935 1933 1934 
3 1936 923 944 
3 1926 923 1936 
3 1937 944 968 
3 1936 944 1937 
3 1938 968 972 
3 1937 968 1938 
3 1939 1935 1934 
3 1940 1935 1939 
3 1941 1925 1923 
3 1942 1925 1941 
3 1943 972 974 
3 1938 972 1943 
3 1944 974 976 
3 1943 974 1944 
3 1945 986 1921 
3 984 986 1945 
3 1946 984 1945 
3 982 984 1946 
3 1947 982 1946 
3 980 982 1947 
3 1948 980 1947 
3 978 980 1948 
3 1941 1923 1924 
3 1941 1924 1949 
3 1950 978 1948 
3 976 978 1950 
3 1944 976 1950 
3 1951 1941 1949 
3 1951 1949 1952 
3 1954 1952 1953 
3 1951 1952 1954 
3 1955 1940 1939 
3 1956 1940 1955 
3 1945 1921 1922 
3 1945 1922 1957 
3 1958 1945 1957 
3 1946 1945 1958 
3 1958 1957 1959 
3 1961 1959 1960 
3 1958 1959 1961 
3 1963 1960 1962 
3 1961 1960 1963 
3 1965 1962 1964 
3 1963 1962 1965 
3 1967 1964 1966 
3 1965 1964 1967 
3 1968 1966 1942 
3 1967 1966 1968 
3 1942 1941 1951 
3 1968 1942 1951 
3 1968 1951 1954 
3 1967 1968 1954 
3 1969 1954 1953 
3 1969 1953 1956 
3 1970 1956 1955 
3 1969 1956 1970 
3 1967 1954 1969 
3 1965 1967 1969 
3 1927 1926 1936 
3 1971 1969 1970 
3 1965 1969 1971 
3 1963 1965 1971 
3 1972 1927 1936 
3 1928 1927 1972 
3 1972 1936 1937 
3 1973 1928 1972 
3 1929 1928 1973 
3 1974 1972 1937 
3 1973 1972 1974 
3 1974 1937 1938 
3 1975 1929 1973 
3 1930 1929 1975 
3 1932 1930 1975 
3 1976 1973 1974 
3 1975 1973 1976 
3 1977 1974 1938 
3 1976 1974 1977 
3 1977 1938 1943 
3 1978 1946 1958 
3 1947 1946 1978 
3 1978 1958 1961 
3 1979 1932 1975 
3 1934 1932 1979 
3 1979 1975 1976 
3 1980 1934 1979 
3 1939 1934 1980 
3 1981 1976 1977 
3 1979 1976 1981 
3 1981 1977 1943 
3 1981 1943 1944 
3 1982 1979 1981 
3 1980 1979 1982 
3 1982 1981 1944 
3 1982 1944 1950 
3 1983 1939 1980 
3 1955 1939 1983 
3 1984 1980 1982 
3 1983 1980 1984 
3 1984 1982 1950 
3 1985 1950 1948 
3 1984 1950 1985 
3 1983 1984 1985 
3 1986 1948 1947 
3 1985 1948 1986 
3 1986 1947 1978 
3 1987 1978 1961 
3 1986 1978 1987 
3 1987 1961 1963 
3 1987 1963 1971 
3 1988 1970 1955 
3 1971 1970 1988 
3 1988 1955 1983 
3 1988 1983 1985 
3 1988 1985 1986 
3 1987 1988 1986 
3 1971 1988 1987 
3 1989 1342 1344 
3 1325 1991 1990 
3 1381 1325 1990 
3 1992 1989 1344 
3 1992 1344 1363 
3 1993 1992 1363 
3 1993 1363 1365 
3 1994 1993 1365 
3 1994 1365 1367 
3 1381 1990 1995 
3 1379 1381 1995 
3 1996 1994 1367 
3 1996 1367 1369 
3 1997 1996 1369 
3 1997 1369 1371 
3 1998 1997 1371 
3 1998 1371 1373 
3 1999 1998 1373 
3 1999 1373 1375 
3 2000 1999 1375 
3 2000 1375 1377 
3 2001 2000 1377 
3 1379 2001 1377 
3 1995 2001 1379 
3 2004 2003 2002 
3 1309 1310 2005 
3 2008 2007 2006 
3 2009 2004 2002 
3 2010 2004 2009 
3 2009 2002 2011 
3 2012 146 142 
3 2013 146 2012 
3 2014 1309 2005 
3 1314 1309 2014 
3 2014 2005 2015 
3 2017 2015 2016 
3 2014 2015 2017 
3 2017 2016 2018 
3 2019 2013 2012 
3 2020 2013 2019 
3 2021 142 143 
3 2012 142 2021 
3 2023 143 2022 
3 2021 143 2023 
3 2025 2022 2024 
3 2023 2022 2025 
3 2027 2024 2026 
3 2025 2024 2027 
3 2029 2026 2028 
3 2027 2026 2029 
3 2030 2014 2017 
3 1314 2014 2030 
3 1323 1314 2030 
3 2031 1323 2030 
3 1991 1323 2031 
3 2032 2010 2009 
3 2033 2010 2032 
3 2034 2008 2006 
3 2035 2008 2034 
3 2034 2006 2036 
3 2038 2036 2037 
3 2034 2036 2038 
3 2040 2037 2039 
3 2038 2037 2040 
3 2042 2039 2041 
3 2040 2039 2042 
3 2044 2028 2043 
3 2029 2028 2044 
3 2046 2043 2045 
3 2044 2043 2046 
3 2048 2045 2047 
3 2046 2045 2048 
3 2050 2047 2049 
3 2048 2047 2050 
3 2051 2049 2035 
3 2050 2049 2051 
3 2051 2035 2034 
3 2052 2017 2018 
3 2052 2018 2053 
3 2054 2033 2032 
3 2055 2033 2054 
3 2056 2041 2055 
3 2042 2041 2056 
3 2056 2055 2054 
3 2057 2053 2020 
3 2057 2020 2019 
3 2052 2053 2058 
3 2061 2060 2059 
3 2062 2060 2061 
3 2064 2059 2063 
3 2061 2059 2064 
3 2066 2063 2065 
3 2064 2063 2066 
3 2068 2065 2067 
3 2066 2065 2068 
3 2070 2067 2069 
3 2068 2067 2070 
3 2070 2069 1989 
3 2070 1989 2071 
3 2071 1989 1992 
3 2072 2062 2061 
3 2073 2062 2072 
3 2074 2073 2072 
3 1411 2073 2074 
3 2075 1411 2074 
3 1409 1411 2075 
3 2076 1409 2075 
3 2077 1409 2076 
3 2078 2077 2076 
3 2079 1991 2031 
3 1990 1991 2079 
3 2080 1990 2079 
3 1995 1990 2080 
3 2081 1995 2080 
3 2001 1995 2081 
3 2082 2001 2081 
3 2000 2001 2082 
3 2083 2000 2082 
3 1999 2000 2083 
3 2084 1999 2083 
3 1998 1999 2084 
3 2085 1998 2084 
3 1997 1998 2085 
3 2086 1997 2085 
3 1996 1997 2086 
3 2087 1996 2086 
3 1994 1996 2087 
3 2088 1994 2087 
3 1993 1994 2088 
3 2089 1993 2088 
3 1992 1993 2089 
3 2071 1992 2089 
3 2090 2078 2076 
3 2091 2078 2090 
3 2092 2078 2091 
3 2093 2092 2091 
3 2011 2092 2093 
3 2094 2009 2011 
3 2094 2011 2093 
3 2030 2017 2052 
3 2031 2030 2052 
3 2095 2094 2093 
3 2058 2031 2052 
3 2079 2031 2058 
3 2058 2053 2057 
3 2096 2034 2038 
3 2051 2034 2096 
3 2097 2012 2021 
3 2019 2012 2097 
3 2098 2058 2057 
3 2079 2058 2098 
3 2080 2079 2098 
3 2099 2057 2019 
3 2098 2057 2099 
3 2099 2019 2097 
3 2100 2080 2098 
3 2081 2080 2100 
3 2100 2098 2099 
3 2101 2099 2097 
3 2100 2099 2101 
3 2102 2081 2100 
3 2082 2081 2102 
3 2102 2100 2101 
3 2103 2076 2075 
3 2090 2076 2103 
3 2103 2075 2104 
3 2105 2021 2023 
3 2097 2021 2105 
3 2101 2097 2105 
3 2106 2101 2105 
3 2102 2101 2106 
3 2107 2102 2106 
3 2107 2082 2102 
3 2108 2023 2025 
3 2105 2023 2108 
3 2106 2105 2108 
3 2109 2106 2108 
3 2107 2106 2109 
3 2110 2107 2109 
3 2084 2083 2110 
3 2111 2025 2027 
3 2108 2025 2111 
3 2109 2108 2111 
3 2112 2109 2111 
3 2110 2109 2112 
3 2113 2027 2029 
3 2111 2027 2113 
3 2112 2111 2113 
3 2114 2038 2040 
3 2096 2038 2114 
3 2115 2040 2042 
3 2114 2040 2115 
3 2116 2029 2044 
3 2113 2029 2116 
3 2117 2113 2116 
3 2112 2113 2117 
3 2118 2112 2117 
3 2110 2112 2118 
3 2084 2110 2118 
3 2085 2084 2118 
3 2119 2118 2117 
3 2085 2118 2119 
3 2120 2085 2119 
3 2086 2085 2120 
3 2121 2117 2116 
3 2119 2117 2121 
3 2122 2119 2121 
3 2120 2119 2122 
3 2123 2116 2044 
3 2121 2116 2123 
3 2123 2044 2046 
3 2124 2046 2048 
3 2123 2046 2124 
3 2125 2048 2050 
3 2124 2048 2125 
3 2126 2050 2051 
3 2125 2050 2126 
3 2126 2051 2096 
3 2127 2096 2114 
3 2126 2096 2127 
3 2128 2114 2115 
3 2127 2114 2128 
3 2129 2121 2123 
3 2122 2121 2129 
3 2129 2123 2124 
3 2130 2042 2056 
3 2115 2042 2130 
3 2131 2115 2130 
3 2128 2115 2131 
3 2132 2086 2120 
3 2087 2086 2132 
3 2132 2120 2122 
3 2133 2122 2129 
3 2132 2122 2133 
3 2134 2129 2124 
3 2133 2129 2134 
3 2135 2124 2125 
3 2136 2070 2071 
3 2068 2070 2136 
3 2137 2068 2136 
3 2066 2068 2137 
3 2138 2066 2137 
3 2064 2066 2138 
3 2139 2064 2138 
3 2061 2064 2139 
3 2072 2061 2139 
3 2140 2072 2139 
3 2074 2072 2140 
3 2142 2104 2141 
3 2103 2104 2142 
3 2143 2139 2138 
3 2140 2139 2143 
3 2144 2138 2137 
3 2143 2138 2144 
3 2145 2137 2136 
3 2144 2137 2145 
3 2146 2136 2071 
3 2145 2136 2146 
3 2146 2071 2089 
3 2147 2089 2088 
3 2146 2089 2147 
3 2147 2088 2087 
3 2148 2087 2132 
3 2147 2087 2148 
3 2148 2132 2133 
3 2149 2147 2148 
3 2146 2147 2149 
3 2145 2146 2149 
3 2150 2148 2133 
3 2149 2148 2150 
3 2150 2133 2134 
3 2151 2149 2150 
3 2145 2149 2151 
3 2152 2145 2151 
3 2144 2145 2152 
3 2153 2150 2134 
3 2151 2150 2153 
3 2135 2134 2124 
3 2153 2134 2135 
3 2154 2125 2126 
3 2135 2125 2154 
3 2154 2126 2127 
3 2155 2127 2128 
3 2154 2127 2155 
3 2156 2128 2131 
3 2155 2128 2156 
3 2157 2154 2155 
3 2135 2154 2157 
3 2158 2155 2156 
3 2153 2135 2157 
3 2159 2151 2153 
3 2152 2151 2159 
3 2160 2153 2157 
3 2159 2153 2160 
3 2158 2157 2155 
3 2160 2157 2158 
3 2161 2156 2131 
3 2158 2156 2161 
3 2162 2131 2130 
3 2161 2131 2162 
3 2163 2152 2159 
3 2144 2152 2164 
3 2143 2144 2164 
3 2165 2143 2164 
3 2141 2143 2165 
3 2166 2141 2165 
3 2142 2141 2166 
3 2167 2130 2056 
3 2162 2130 2167 
3 2167 2056 2054 
3 2095 2168 2094 
3 2169 2168 2095 
3 2170 2093 2091 
3 2095 2093 2170 
3 2171 2091 2090 
3 2170 2091 2171 
3 2172 2090 2103 
3 2171 2090 2172 
3 2172 2103 2142 
3 2173 2142 2166 
3 2172 2142 2173 
3 2174 2172 2173 
3 2171 2172 2174 
3 2170 2171 2174 
3 2175 2170 2174 
3 2095 2170 2175 
3 2169 2095 2175 
3 2167 2168 2169 
3 2176 2167 2169 
3 2162 2167 2176 
3 2177 2162 2176 
3 2161 2162 2177 
3 2178 2161 2177 
3 2158 2161 2178 
3 2160 2158 2178 
3 2163 2160 2178 
3 2159 2160 2163 
3 2164 2152 2163 
3 2179 2164 2163 
3 2165 2164 2179 
3 2179 2163 2178 
3 2180 2178 2177 
3 2179 2178 2180 
3 2181 2179 2180 
3 2165 2179 2181 
3 2166 2165 2181 
3 2173 2166 2181 
3 2182 2173 2181 
3 2174 2173 2182 
3 2175 2174 2182 
3 2182 2181 2180 
3 2183 2175 2182 
3 2169 2175 2183 
3 2183 2182 2180 
3 2183 2180 2177 
3 2176 2183 2177 
3 2169 2183 2176 
3 2107 2083 2082 
3 2083 2107 2110 
3 2168 2054 2032 
3 2054 2168 2167 
3 2074 2104 2075 
3 2104 2074 2140 
3 2094 2032 2009 
3 2032 2094 2168 
3 2140 2141 2104 
3 2141 2140 2143 
3 2184 400 457 
3 2184 457 456 
3 2185 2184 456 
3 2185 456 454 
3 2186 2185 454 
3 2186 454 452 
3 2187 2186 452 
3 2187 452 447 
3 2188 2187 447 
3 2188 447 2189 
3 2190 2188 2189 
3 2193 2192 2191 
3 2194 2193 2191 
3 2194 2191 2195 
3 2195 2191 2196 
3 2197 2195 2196 
3 2197 2196 2198 
3 2199 2197 2198 
3 2199 2198 2200 
3 2201 2199 2200 
3 2201 2200 2202 
3 2203 2201 2202 
3 2203 2202 2204 
3 2205 2203 2204 
3 2205 2204 2206 
3 2207 2205 2206 
3 2207 2206 2208 
3 2209 2207 2208 
3 2209 2208 2210 
3 2211 2209 2210 
3 2211 2210 2212 
3 2213 2211 2212 
3 2213 2212 2214 
3 2215 2213 2214 
3 2215 2214 2216 
3 2217 2215 2216 
3 2217 2216 2218 
3 2219 2217 2218 
3 2219 2218 2220 
3 2219 2220 2221 
3 2222 2219 2221 
3 2222 2221 2223 
3 2224 2222 2223 
3 2190 2189 2225 
3 2226 2190 2225 
3 2227 2226 2225 
3 2228 2226 2227 
3 2227 2225 2229 
3 2227 2229 2230 
3 2231 2224 2223 
3 2232 2224 2231 
3 2231 2223 2233 
3 2230 2232 2234 
3 2234 2227 2230 
3 2228 2227 2234 
3 2234 2232 2231 
3 2234 2233 2228 
3 2231 2233 2234 
3 1020 292 293 
3 1020 293 300 
3 1018 1020 300 
3 1018 300 2235 
3 1016 1018 2235 
3 1016 2235 2236 
3 1014 1016 2236 
3 1014 2236 2237 
3 1012 1014 2237 
3 1012 2237 2238 
3 1010 1012 2238 
3 1010 2238 2239 
3 1008 1010 2239 
3 1008 2239 2240 
3 1006 1008 2240 
3 1006 2240 2241 
3 1004 1006 2241 
3 1004 2241 2242 
3 1002 1004 2242 
3 1002 2242 2243 
3 1000 1002 2243 
3 1000 2243 2244 
3 970 1000 2244 
3 970 2244 2245 
3 965 970 2245 
3 965 2245 2246 
3 963 965 2246 
3 963 2246 2247 
3 961 963 2247 
3 961 2247 2248 
3 959 961 2248 
3 959 2248 2249 
3 957 959 2249 
3 957 2249 2250 
3 955 957 2250 
3 955 2250 2251 
3 953 955 2251 
3 953 2251 2252 
3 951 953 2252 
3 951 2252 2253 
3 949 951 2253 
3 949 2253 2254 
3 947 949 2254 
3 947 2254 2255 
3 919 947 2255 
3 919 2255 2256 
3 2257 919 2256 
3 918 919 2257 
3 2257 2256 2258 
3 2260 2258 2259 
3 2257 2258 2260 
3 2261 489 490 
3 1769 489 2261 
3 2262 1769 2261 
3 1768 1769 2262 
3 2263 1768 2262 
3 2264 2263 2262 
3 2265 2263 2264 
3 2266 490 496 
3 2261 490 2266 
3 2267 496 497 
3 2266 496 2267 
3 2267 497 871 
3 2268 2265 2264 
3 2269 2265 2268 
3 2271 2259 2270 
3 2260 2259 2271 
3 2273 2270 2272 
3 2271 2270 2273 
3 2275 2272 2274 
3 2273 2272 2275 
3 2277 2274 2276 
3 2275 2274 2277 
3 2277 2276 2278 
3 2279 2269 2268 
3 2278 2269 2279 
3 2277 2278 2279 
3 2280 871 879 
3 2267 871 2280 
3 2281 879 890 
3 2280 879 2281 
3 2282 890 914 
3 2281 890 2282 
3 2283 914 916 
3 2282 914 2283 
3 2284 916 918 
3 2283 916 2284 
3 2284 918 2257 
3 2284 2257 2260 
3 2285 2260 2271 
3 2284 2260 2285 
3 2283 2284 2285 
3 2286 2262 2261 
3 2264 2262 2286 
3 2286 2261 2266 
3 2287 2264 2286 
3 2268 2264 2287 
3 2287 2286 2266 
3 2287 2266 2267 
3 2287 2267 2280 
3 2288 2285 2271 
3 2289 2285 2288 
3 2288 2271 2273 
3 2289 2283 2285 
3 2282 2283 2289 
3 2290 2288 2273 
3 2289 2288 2290 
3 2290 2273 2275 
3 2291 2282 2289 
3 2281 2282 2291 
3 2291 2289 2290 
3 2292 2281 2291 
3 2280 2281 2292 
3 2287 2280 2292 
3 2268 2287 2292 
3 2279 2268 2292 
3 2293 2279 2292 
3 2293 2292 2291 
3 2290 2293 2291 
3 2275 2293 2290 
3 2293 2277 2279 
3 2277 2293 2275 
3 2294 312 310 
3 318 860 2295 
3 320 318 2295 
3 320 2295 2296 
3 322 320 2296 
3 322 2296 2297 
3 324 322 2297 
3 324 2297 2298 
3 2294 310 308 
3 2299 2294 308 
3 2299 308 302 
3 2300 2299 302 
3 2300 302 303 
3 2301 2300 303 
3 2301 303 2302 
3 2303 2301 2302 
3 2303 2302 361 
3 326 324 2298 
3 326 2298 2304 
3 328 326 2304 
3 328 2304 2305 
3 2306 2303 361 
3 2306 361 2307 
3 2308 2306 2307 
3 2308 2307 2309 
3 2310 2308 2309 
3 2310 2309 2311 
3 2312 2310 2311 
3 2312 2311 2313 
3 2314 2312 2313 
3 2314 2313 2315 
3 2316 2314 2315 
3 2316 2315 2317 
3 330 328 2318 
3 328 2305 2318 
3 330 2318 2319 
3 332 330 2319 
3 332 2319 2320 
3 334 332 2320 
3 334 2320 2321 
3 336 334 2321 
3 336 2321 2322 
3 2323 336 2322 
3 339 2323 2322 
3 339 2322 2324 
3 341 339 2324 
3 341 2324 2325 
3 343 341 2325 
3 343 2325 1891 
3 345 343 1892 
3 343 1891 1892 
3 345 1892 1895 
3 347 345 1895 
3 347 1895 1897 
3 307 347 1897 
3 307 1897 1899 
3 306 307 1899 
3 306 1899 2326 
3 2327 306 2326 
3 2327 2326 1902 
3 2328 2327 1902 
3 2328 1902 1904 
3 2329 2328 1904 
3 2329 1904 1906 
3 2330 2329 1906 
3 2330 1906 1908 
3 2331 2330 1908 
3 2331 1908 1910 
3 2332 2331 1910 
3 2332 1910 1912 
3 2333 2332 1912 
3 2333 1912 1915 
3 2334 2333 1915 
3 2334 1915 1917 
3 2335 2334 1917 
3 2335 1917 1920 
3 2335 1920 2336 
3 2337 2335 2336 
3 2337 2336 2338 
3 2339 2337 2338 
3 2339 2338 2340 
3 2341 2339 2340 
3 2341 2340 2342 
3 2343 2341 2342 
3 2342 2317 2343 
3 2316 2317 2342 
3 363 361 2302 
3 303 304 365 
3 363 303 365 
3 2302 303 363 
3 2344 2230 2229 
3 2345 2232 2230 
3 2346 2224 2232 
3 1588 2222 2224 
3 1589 2219 2222 
3 1603 2217 2219 
3 1603 2215 2217 
3 1608 2213 2215 
3 1610 2211 2213 
3 1614 2209 2211 
3 1616 2207 2209 
3 1657 2205 2207 
3 1659 2203 2205 
3 1661 2201 2203 
3 1663 2199 2201 
3 1665 2197 2199 
3 1667 2195 2197 
3 1669 2194 2195 
3 1679 2193 2194 
3 2193 1681 2347 
3 2347 1681 1682 
3 1682 2348 2347 
3 1714 2349 2348 
3 1712 2350 2349 
3 1710 2351 2350 
3 1708 2276 2351 
3 1706 2278 2276 
3 1704 2269 2278 
3 1702 2265 2269 
3 1700 2263 2265 
3 1696 1768 2263 
3 1692 1767 1768 
3 1690 2352 1767 
3 1689 2353 2352 
3 1685 2354 2353 
3 1683 2355 2354 
3 2355 1677 2356 
3 2356 1677 1676 
3 1676 2357 2356 
3 1644 2358 2357 
3 1644 1675 2358 
3 1676 1644 2357 
3 2355 1683 1677 
3 2354 1685 1683 
3 2353 1689 1685 
3 2352 1690 1689 
3 1767 1692 1690 
3 1768 1696 1692 
3 2263 1698 1696 
3 1700 1698 2263 
3 1702 1700 2265 
3 1704 1702 2269 
3 1706 1704 2278 
3 1708 1706 2276 
3 1710 1708 2351 
3 1712 1710 2350 
3 1714 1712 2349 
3 1682 1714 2348 
3 2193 1679 1681 
3 2194 1669 1679 
3 2195 1667 1669 
3 2197 1665 1667 
3 2199 1663 1665 
3 2201 1661 1663 
3 2203 1659 1661 
3 2205 1657 1659 
3 2207 1616 1657 
3 2209 1614 1616 
3 2211 1612 1614 
3 1610 1612 2211 
3 1608 1610 2213 
3 1603 1608 2215 
3 1589 1603 2219 
3 2222 1588 1589 
3 2224 2346 1588 
3 2232 2345 2346 
3 2230 2344 2345 
3 2229 2359 2344 
3 2362 2361 2360 
3 2364 2360 2363 
3 2362 2360 2364 
3 2365 2362 2364 
3 2367 2363 2366 
3 2364 2363 2367 
3 2368 2364 2367 
3 2365 2364 2368 
3 2369 2365 2368 
3 2371 2366 2370 
3 2367 2366 2371 
3 2373 2370 2372 
3 2371 2370 2373 
3 2375 2372 2374 
3 2373 2372 2375 
3 2377 2374 2376 
3 2375 2374 2377 
3 2379 2376 2378 
3 2377 2376 2379 
3 2381 2378 2380 
3 2379 2378 2381 
3 2383 2380 2382 
3 2381 2380 2383 
3 2385 2382 2384 
3 2383 2382 2385 
3 2387 2384 2386 
3 2385 2384 2387 
3 2389 2386 2388 
3 2387 2386 2389 
3 2389 2388 2390 
3 2391 2369 2368 
3 2392 2369 2391 
3 2394 2390 2393 
3 2389 2390 2394 
3 2396 2393 2395 
3 2394 2393 2396 
3 2398 2395 2397 
3 2396 2395 2398 
3 2400 2397 2399 
3 2398 2397 2400 
3 2401 2399 265 
3 2400 2399 2401 
3 2402 265 255 
3 2401 265 2402 
3 2403 255 247 
3 2402 255 2403 
3 2404 247 248 
3 2403 247 2404 
3 2404 248 2405 
3 2406 2392 2391 
3 2407 2392 2406 
3 2408 2407 2406 
3 2409 2407 2408 
3 2410 2409 2408 
3 2411 2409 2410 
3 2412 2411 2410 
3 2413 2411 2412 
3 2414 2413 2412 
3 2415 2413 2414 
3 2416 2415 2414 
3 2417 2415 2416 
3 2418 2417 2416 
3 2419 2417 2418 
3 2420 2419 2418 
3 2421 2419 2420 
3 2422 2421 2420 
3 2423 2421 2422 
3 2426 2425 2424 
3 2427 2425 2426 
3 2428 2424 2423 
3 2426 2424 2428 
3 2428 2423 2422 
3 2429 2427 2426 
3 2430 2427 2429 
3 2431 2430 2429 
3 2432 2430 2431 
3 2433 2432 2431 
3 2434 2432 2433 
3 2435 2434 2433 
3 2436 2435 2433 
3 2437 2435 2436 
3 2438 2437 2436 
3 2439 2437 2438 
3 2440 2439 2438 
3 2441 2440 2438 
3 2442 2440 2441 
3 2443 2442 2441 
3 2444 2442 2443 
3 2445 2444 2443 
3 2405 2444 2445 
3 2404 2405 2445 
3 2446 2368 2367 
3 2391 2368 2446 
3 2446 2367 2371 
3 2447 2391 2446 
3 2406 2391 2447 
3 2448 2446 2371 
3 2447 2446 2448 
3 2448 2371 2373 
3 2449 2433 2431 
3 2436 2433 2449 
3 2450 2431 2429 
3 2449 2431 2450 
3 2451 2429 2426 
3 2450 2429 2451 
3 2451 2426 2428 
3 2452 2428 2422 
3 2451 2428 2452 
3 2453 2406 2447 
3 2408 2406 2453 
3 2454 2447 2448 
3 2453 2447 2454 
3 2455 2448 2373 
3 2454 2448 2455 
3 2456 2422 2420 
3 2452 2422 2456 
3 2457 2420 2418 
3 2456 2420 2457 
3 2457 2418 2416 
3 2458 2416 2414 
3 2457 2416 2458 
3 2459 2414 2412 
3 2458 2414 2459 
3 2460 2412 2410 
3 2459 2412 2460 
3 2461 2410 2408 
3 2460 2410 2461 
3 2461 2408 2453 
3 2462 2436 2449 
3 2438 2436 2462 
3 2463 2438 2462 
3 2441 2438 2463 
3 2464 2449 2450 
3 2462 2449 2465 
3 2466 2450 2451 
3 2464 2450 2466 
3 2466 2451 2452 
3 2467 2452 2456 
3 2466 2452 2467 
3 2468 2456 2457 
3 2467 2456 2468 
3 2468 2457 2458 
3 2469 2458 2459 
3 2468 2458 2469 
3 2470 2459 2460 
3 2469 2459 2470 
3 2471 2460 2461 
3 2470 2460 2471 
3 2472 2461 2453 
3 2471 2461 2472 
3 2472 2453 2454 
3 2473 2454 2455 
3 2472 2454 2473 
3 2474 2375 2377 
3 2473 2455 2474 
3 2475 2377 2379 
3 2474 2377 2475 
3 2476 2379 2381 
3 2475 2379 2476 
3 2477 2381 2383 
3 2476 2381 2477 
3 2478 2383 2385 
3 2477 2383 2478 
3 2479 2385 2387 
3 2478 2385 2479 
3 2480 2387 2389 
3 2479 2387 2480 
3 2480 2389 2394 
3 2481 2394 2396 
3 2480 2394 2481 
3 2482 2396 2398 
3 2481 2396 2482 
3 2482 2398 2400 
3 2483 2473 2474 
3 2484 2473 2483 
3 2483 2474 2475 
3 2484 2472 2473 
3 2471 2472 2484 
3 2485 2441 2463 
3 2443 2441 2485 
3 2486 2463 2462 
3 2485 2463 2486 
3 2486 2462 2465 
3 2487 2480 2481 
3 2479 2480 2487 
3 2488 2481 2482 
3 2487 2481 2488 
3 2489 2482 2400 
3 2488 2482 2489 
3 2489 2400 2401 
3 2490 2401 2402 
3 2489 2401 2490 
3 2491 2402 2403 
3 2490 2402 2491 
3 2492 2403 2404 
3 2491 2403 2492 
3 2492 2404 2445 
3 2493 2445 2443 
3 2492 2445 2493 
3 2494 2443 2485 
3 2493 2443 2494 
3 2495 2479 2487 
3 2478 2479 2495 
3 2496 2478 2495 
3 2477 2478 2496 
3 2497 2477 2496 
3 2476 2477 2497 
3 2498 2476 2497 
3 2475 2476 2498 
3 2483 2475 2498 
3 2499 2483 2498 
3 2484 2483 2499 
3 2500 2493 2494 
3 2492 2493 2500 
3 2501 2492 2500 
3 2491 2492 2501 
3 2502 2491 2501 
3 2490 2491 2502 
3 2503 2490 2502 
3 2489 2490 2503 
3 2504 2489 2503 
3 2488 2489 2504 
3 2505 2488 2504 
3 2487 2488 2505 
3 2495 2487 2505 
3 2506 2484 2499 
3 2471 2484 2506 
3 2507 2471 2506 
3 2470 2471 2507 
3 2508 2470 2507 
3 2469 2470 2508 
3 2509 2469 2508 
3 2468 2469 2509 
3 2510 2468 2509 
3 2467 2468 2510 
3 2511 2467 2510 
3 2466 2467 2511 
3 2512 2466 2511 
3 2464 2466 2512 
3 2513 2465 2512 
3 2486 2465 2513 
3 2514 2499 2498 
3 2506 2499 2515 
3 2514 2498 2497 
3 2515 2499 2514 
3 2516 2497 2496 
3 2514 2497 2516 
3 2517 2496 2495 
3 2517 2495 2505 
3 2516 2496 2517 
3 2518 2505 2504 
3 2517 2505 2518 
3 2518 2504 2503 
3 2519 2503 2502 
3 2518 2503 2519 
3 2520 2502 2501 
3 2519 2502 2520 
3 2521 2501 2500 
3 2520 2501 2521 
3 2522 2507 2506 
3 2508 2507 2522 
3 2522 2506 2515 
3 2523 2508 2522 
3 2509 2508 2524 
3 2510 2509 2524 
3 2525 2510 2524 
3 2511 2510 2525 
3 2526 2511 2525 
3 2512 2511 2526 
3 2513 2512 2526 
3 2527 2522 2515 
3 2523 2522 2527 
3 2528 2515 2514 
3 2527 2515 2528 
3 2528 2514 2516 
3 2529 2516 2517 
3 2528 2516 2529 
3 2530 2517 2518 
3 2529 2517 2530 
3 2530 2518 2519 
3 2531 2519 2520 
3 2530 2519 2531 
3 2532 2520 2521 
3 2531 2520 2532 
3 2533 2528 2529 
3 2527 2528 2533 
3 2533 2529 2530 
3 2533 2530 2531 
3 2534 2531 2532 
3 2533 2531 2534 
3 2535 2533 2534 
3 2527 2533 2535 
3 2523 2527 2535 
3 2536 2523 2535 
3 2525 2524 2536 
3 2537 2525 2536 
3 2526 2525 2537 
3 2538 2526 2537 
3 2513 2526 2538 
3 2539 2513 2538 
3 2539 2486 2513 
3 2485 2486 2539 
3 2494 2485 2539 
3 2540 2494 2539 
3 2500 2494 2540 
3 2521 2500 2540 
3 2541 2521 2540 
3 2532 2521 2541 
3 2542 2540 2539 
3 2541 2540 2542 
3 2542 2539 2538 
3 2543 2532 2541 
3 2534 2532 2543 
3 2543 2541 2542 
3 2544 2534 2543 
3 2535 2534 2544 
3 2536 2535 2544 
3 2537 2536 2544 
3 2545 2544 2543 
3 2537 2544 2545 
3 2545 2543 2542 
3 2538 2545 2542 
3 2537 2545 2538 
3 2375 2455 2373 
3 2455 2375 2474 
3 2464 2465 2449 
3 2465 2464 2512 
3 2524 2523 2536 
3 2523 2524 2508 
3 2258 2256 2546 
3 2351 2276 2274 
3 2192 2193 2347 
3 2192 2347 2547 
3 2548 2192 2547 
3 2549 2548 2547 
3 2550 2548 2549 
3 2551 2347 2348 
3 2547 2347 2551 
3 2552 2351 2274 
3 2350 2351 2552 
3 2552 2274 2272 
3 2553 2550 2549 
3 2554 2550 2553 
3 2555 2350 2552 
3 2349 2350 2555 
3 2556 2348 2349 
3 2551 2348 2556 
3 2556 2349 2555 
3 2557 2554 2553 
3 2546 2554 2557 
3 2258 2546 2557 
3 2259 2258 2557 
3 2558 2259 2557 
3 2270 2259 2558 
3 2559 2270 2558 
3 2272 2270 2559 
3 2552 2272 2559 
3 2555 2552 2559 
3 2558 2557 2553 
3 2556 2555 2559 
3 2560 2559 2558 
3 2556 2559 2560 
3 2560 2558 2553 
3 2560 2553 2549 
3 2551 2556 2560 
3 2549 2551 2560 
3 2547 2551 2549 
3 920 921 1318 
3 483 2562 2561 
3 483 2561 2563 
3 2565 2563 2564 
3 483 2563 2565 
3 484 483 2565 
3 2566 1318 1320 
3 920 1318 2566 
3 924 920 2566 
3 2567 924 2566 
3 926 924 2567 
3 2568 926 2567 
3 2569 2566 1320 
3 2567 2566 2569 
3 2569 1320 1338 
3 2570 484 2565 
3 481 484 2570 
3 2571 481 2570 
3 480 481 2571 
3 2572 480 2571 
3 479 480 2572 
3 2573 479 2572 
3 476 479 2573 
3 2574 476 2573 
3 467 476 2574 
3 2575 467 2574 
3 466 467 2575 
3 2576 1338 1340 
3 2569 1338 2576 
3 2577 1340 1348 
3 2576 1340 2577 
3 2578 2565 2564 
3 2570 2565 2578 
3 2578 2564 2579 
3 2581 2579 2580 
3 2578 2579 2581 
3 2583 2580 2582 
3 2581 2580 2583 
3 2585 2582 2584 
3 2583 2582 2585 
3 2585 2584 2586 
3 2588 2586 2587 
3 2585 2586 2588 
3 2590 2587 2589 
3 2588 2587 2590 
3 2591 1348 1350 
3 2577 1348 2591 
3 2592 1350 1352 
3 2591 1350 2592 
3 2593 1352 1354 
3 2592 1352 2593 
3 2594 1354 1356 
3 2593 1354 2594 
3 2595 1356 1358 
3 2594 1356 2595 
3 2596 1358 1360 
3 2595 1358 2596 
3 2597 1360 1316 
3 2596 1360 2597 
3 2598 1316 1308 
3 2597 1316 2598 
3 2599 1308 466 
3 2598 1308 2599 
3 2599 466 2575 
3 2567 2569 2576 
3 2568 2567 2576 
3 2600 2568 2576 
3 2600 2576 2577 
3 2601 2600 2577 
3 2601 2577 2591 
3 2602 2601 2591 
3 2602 2591 2592 
3 2603 2602 2592 
3 2603 2592 2593 
3 2604 2603 2593 
3 2604 2593 2594 
3 2605 2604 2594 
3 2605 2594 2595 
3 2606 2605 2595 
3 2606 2595 2596 
3 2607 2606 2596 
3 2608 2607 2596 
3 2608 2596 2597 
3 2589 2608 2597 
3 2589 2597 2598 
3 2590 2589 2598 
3 2590 2598 2599 
3 2571 2578 2581 
3 2571 2570 2578 
3 2572 2571 2581 
3 2572 2581 2583 
3 2573 2572 2583 
3 2609 2573 2583 
3 2574 2573 2609 
3 2575 2609 2588 
3 2575 2574 2609 
3 2588 2599 2575 
3 2590 2599 2588 
3 2609 2585 2588 
3 2585 2609 2583 
3 2444 2561 2562 
3 2444 2562 394 
3 2442 2444 394 
3 2442 394 395 
3 2440 2442 395 
3 2440 395 397 
3 2439 2440 397 
3 2439 397 399 
3 2610 2439 399 
3 2437 2439 2610 
3 2610 399 405 
3 2611 2437 2610 
3 2435 2437 2611 
3 2612 2192 2548 
3 2191 2192 2612 
3 2613 2361 2362 
3 2554 2361 2613 
3 2550 2554 2613 
3 2614 2362 2365 
3 2613 2362 2614 
3 2615 2365 2369 
3 2614 2365 2615 
3 2616 2369 2392 
3 2615 2369 2616 
3 2617 2392 2407 
3 2616 2392 2617 
3 2618 2407 2409 
3 2617 2407 2618 
3 2619 2409 2411 
3 2618 2409 2619 
3 2620 2411 2413 
3 2619 2411 2620 
3 2621 2413 2415 
3 2620 2413 2621 
3 2622 2415 2417 
3 2621 2415 2622 
3 2623 2191 2612 
3 2196 2191 2623 
3 2198 2196 2623 
3 2624 2198 2623 
3 2200 2198 2624 
3 2625 2613 2614 
3 2550 2613 2625 
3 2548 2550 2625 
3 2626 2548 2625 
3 2612 2548 2626 
3 2611 2610 405 
3 2611 405 403 
3 2627 2435 2611 
3 2434 2435 2627 
3 2628 400 2184 
3 403 400 2628 
3 2627 2611 403 
3 2627 403 2628 
3 2629 2184 2185 
3 2628 2184 2629 
3 2630 2185 2186 
3 2629 2185 2630 
3 2630 2186 2187 
3 2631 2187 2188 
3 2630 2187 2631 
3 2631 2188 2190 
3 2632 2200 2624 
3 2202 2200 2632 
3 2633 2202 2632 
3 2204 2202 2633 
3 2634 2204 2633 
3 2206 2204 2634 
3 2635 2206 2634 
3 2208 2206 2635 
3 2636 2208 2635 
3 2210 2208 2636 
3 2637 2210 2636 
3 2212 2210 2637 
3 2638 2212 2637 
3 2214 2212 2638 
3 2639 2214 2638 
3 2216 2214 2639 
3 2640 2216 2639 
3 2218 2216 2640 
3 2641 2218 2640 
3 2220 2218 2641 
3 2642 2220 2641 
3 2221 2220 2642 
3 2643 2221 2642 
3 2223 2221 2643 
3 2233 2223 2643 
3 2644 2233 2643 
3 2228 2233 2644 
3 2645 2228 2644 
3 2226 2228 2645 
3 2646 2226 2645 
3 2190 2226 2646 
3 2631 2190 2646 
3 2647 2417 2419 
3 2622 2417 2647 
3 2648 2419 2421 
3 2647 2419 2648 
3 2649 2421 2423 
3 2648 2421 2649 
3 2650 2423 2424 
3 2649 2423 2650 
3 2651 2424 2425 
3 2650 2424 2651 
3 2652 2425 2427 
3 2653 2425 2652 
3 2651 2425 2653 
3 2654 2427 2430 
3 2652 2427 2654 
3 2655 2430 2432 
3 2654 2430 2655 
3 2656 2432 2434 
3 2655 2432 2656 
3 2657 2434 2627 
3 2656 2434 2657 
3 2657 2627 2628 
3 2657 2628 2629 
3 2657 2629 2630 
3 2656 2657 2630 
3 2656 2630 2631 
3 2655 2656 2631 
3 2655 2631 2646 
3 2654 2655 2646 
3 2654 2646 2645 
3 2652 2654 2645 
3 2652 2645 2644 
3 2653 2652 2644 
3 2653 2644 2643 
3 2651 2653 2643 
3 2651 2643 2642 
3 2650 2651 2642 
3 2650 2642 2641 
3 2649 2650 2641 
3 2640 2649 2641 
3 2648 2649 2640 
3 2658 2640 2639 
3 2648 2640 2658 
3 2647 2648 2658 
3 2660 2659 2626 
3 2623 2612 2659 
3 2661 2639 2638 
3 2658 2639 2661 
3 2647 2658 2661 
3 2622 2647 2661 
3 2662 2638 2637 
3 2661 2638 2662 
3 2622 2661 2662 
3 2663 2637 2636 
3 2662 2637 2663 
3 2622 2662 2663 
3 2621 2622 2663 
3 2664 2636 2635 
3 2663 2636 2664 
3 2621 2663 2664 
3 2620 2621 2664 
3 2665 2635 2634 
3 2664 2635 2665 
3 2620 2664 2665 
3 2619 2620 2665 
3 2666 2634 2633 
3 2665 2634 2666 
3 2619 2665 2666 
3 2667 2619 2666 
3 2618 2619 2667 
3 2668 2618 2667 
3 2617 2618 2668 
3 2669 2617 2668 
3 2616 2617 2669 
3 2670 2616 2669 
3 2615 2616 2670 
3 2671 2615 2670 
3 2614 2615 2671 
3 2625 2614 2671 
3 2626 2625 2671 
3 2660 2626 2671 
3 2660 2671 2670 
3 2672 2666 2633 
3 2667 2666 2672 
3 2672 2633 2632 
3 2668 2667 2672 
3 2673 2672 2632 
3 2668 2672 2673 
3 2673 2632 2624 
3 2669 2668 2673 
3 2674 2669 2673 
3 2670 2669 2674 
3 2660 2670 2674 
3 2674 2673 2624 
3 2659 2674 2624 
3 2623 2659 2624 
3 2659 2660 2674 
3 2626 2659 2612 
3 2336 1920 1925 
3 932 314 312 
3 1033 932 312 
3 1033 312 2294 
3 998 1033 2294 
3 998 2294 2299 
3 996 998 2299 
3 996 2299 2300 
3 994 996 2300 
3 994 2300 2301 
3 992 994 2301 
3 992 2301 2303 
3 990 992 2303 
3 1893 990 2303 
3 1893 2303 2306 
3 1922 1893 2306 
3 1922 2306 2308 
3 1957 1922 2308 
3 1957 2308 2310 
3 1959 1957 2310 
3 1959 2310 2312 
3 1960 1959 2312 
3 1960 2312 2314 
3 1962 1960 2314 
3 1962 2314 2316 
3 1964 1962 2316 
3 1964 2316 2342 
3 1966 1964 2342 
3 1966 2342 2340 
3 1966 2340 2338 
3 1942 1966 2338 
3 2338 1925 1942 
3 2336 1925 2338 
3 2675 242 241 
3 148 146 2013 
3 2676 2675 241 
3 2676 241 226 
3 2677 2676 226 
3 2677 226 223 
3 2678 2677 223 
3 2679 2677 2678 
3 2678 223 221 
3 2680 2679 2678 
3 2681 2679 2680 
3 2682 2681 2680 
3 2683 2681 2682 
3 2680 2678 221 
3 2680 221 219 
3 2684 2013 2020 
3 148 2013 2684 
3 150 148 2684 
3 2685 2020 2053 
3 2684 2020 2685 
3 2686 2053 2018 
3 2685 2053 2686 
3 2687 2018 2016 
3 2686 2018 2687 
3 2689 2016 2688 
3 2687 2016 2689 
3 2690 150 2684 
3 152 150 2690 
3 2691 152 2690 
3 154 152 2691 
3 2692 154 2691 
3 156 154 2692 
3 2693 156 2692 
3 158 156 2693 
3 2694 158 2693 
3 160 158 2694 
3 2695 160 2694 
3 162 160 2695 
3 2696 162 2695 
3 164 162 2696 
3 2697 164 2696 
3 166 164 2697 
3 2698 166 2697 
3 169 166 2698 
3 172 169 2698 
3 2699 2683 2682 
3 2700 2683 2699 
3 2701 2700 2699 
3 2702 2700 2701 
3 2682 2680 219 
3 2682 219 217 
3 2699 2682 217 
3 2699 217 215 
3 2703 2702 2701 
3 2704 2702 2703 
3 2705 2704 2703 
3 2706 2704 2705 
3 2707 2706 2705 
3 2708 2706 2707 
3 2709 2708 2707 
3 2710 2708 2709 
3 2711 2710 2709 
3 2712 2710 2711 
3 2713 2712 2711 
3 2714 2712 2713 
3 2715 2714 2713 
3 2716 2714 2715 
3 2717 2716 2715 
3 2718 2716 2717 
3 2719 2718 2717 
3 2720 2718 2719 
3 2722 2688 2721 
3 2689 2688 2722 
3 2724 2721 2723 
3 2722 2721 2724 
3 2726 2723 2725 
3 2724 2723 2726 
3 2728 2725 2727 
3 2726 2725 2728 
3 2729 2727 2720 
3 2728 2727 2729 
3 2729 2720 2719 
3 2701 2699 215 
3 2701 215 213 
3 2703 2701 213 
3 2703 213 211 
3 2705 2703 211 
3 2705 211 209 
3 2707 2705 209 
3 2707 209 208 
3 2709 2707 208 
3 2709 208 207 
3 2711 2709 207 
3 2711 207 206 
3 2730 2711 206 
3 2713 2711 2730 
3 2730 206 205 
3 2731 205 203 
3 2730 205 2731 
3 2732 203 201 
3 2731 203 2732 
3 2733 201 200 
3 2732 201 2733 
3 2734 200 197 
3 2733 200 2734 
3 2735 197 185 
3 2734 197 2735 
3 2736 185 173 
3 2735 185 2736 
3 2737 173 172 
3 2736 173 2737 
3 2738 172 2698 
3 2737 172 2738 
3 2690 2684 2685 
3 2690 2685 2686 
3 2739 2730 2731 
3 2713 2730 2739 
3 2715 2713 2739 
3 2740 2731 2732 
3 2739 2731 2740 
3 2741 2739 2740 
3 2715 2739 2741 
3 2717 2715 2741 
3 2742 2690 2686 
3 2691 2690 2742 
3 2742 2686 2687 
3 2743 2687 2689 
3 2742 2687 2743 
3 2744 2691 2742 
3 2692 2691 2744 
3 2744 2742 2743 
3 2745 2689 2722 
3 2743 2689 2745 
3 2746 2743 2745 
3 2744 2743 2746 
3 2747 2744 2746 
3 2692 2744 2747 
3 2693 2692 2747 
3 2748 2717 2741 
3 2719 2717 2748 
3 2748 2741 2740 
3 2749 2740 2732 
3 2748 2740 2749 
3 2749 2732 2733 
3 2750 2693 2747 
3 2694 2693 2750 
3 2695 2694 2750 
3 2751 2747 2746 
3 2750 2747 2751 
3 2751 2746 2745 
3 2752 2745 2722 
3 2751 2745 2752 
3 2752 2722 2724 
3 2753 2724 2726 
3 2752 2724 2754 
3 2755 2726 2728 
3 2753 2726 2755 
3 2756 2695 2750 
3 2696 2695 2756 
3 2757 2750 2751 
3 2757 2751 2752 
3 2756 2750 2757 
3 2757 2752 2754 
3 2758 2696 2756 
3 2697 2696 2758 
3 2759 2697 2758 
3 2698 2697 2759 
3 2738 2698 2759 
3 2760 2756 2757 
3 2758 2756 2760 
3 2760 2757 2754 
3 2759 2758 2760 
3 2761 2753 2755 
3 2760 2754 2762 
3 2759 2760 2762 
3 2738 2759 2762 
3 2761 2738 2762 
3 2737 2738 2761 
3 2761 2762 2753 
3 2763 2737 2761 
3 2736 2737 2763 
3 2763 2761 2755 
3 2764 2755 2728 
3 2763 2755 2764 
3 2764 2728 2729 
3 2765 2736 2763 
3 2735 2736 2765 
3 2765 2763 2764 
3 2766 2764 2729 
3 2765 2764 2766 
3 2766 2729 2719 
3 2767 2735 2765 
3 2734 2735 2767 
3 2767 2765 2766 
3 2748 2766 2719 
3 2767 2766 2748 
3 2767 2748 2749 
3 2749 2734 2767 
3 2733 2734 2749 
3 2754 2753 2762 
3 2753 2754 2724 
3 2235 300 297 
3 2360 2361 2256 
3 2360 2256 2255 
3 2363 2360 2255 
3 2363 2255 2254 
3 2366 2363 2254 
3 2366 2254 2253 
3 2370 2366 2253 
3 2370 2253 2252 
3 2372 2370 2252 
3 2372 2252 2251 
3 2374 2372 2251 
3 2374 2251 2250 
3 2376 2374 2250 
3 2376 2250 2249 
3 2378 2376 2249 
3 2378 2249 2248 
3 2380 2378 2248 
3 2380 2248 2247 
3 2382 2380 2247 
3 2382 2247 2246 
3 2235 297 290 
3 2236 2235 290 
3 2236 290 288 
3 2237 2236 288 
3 2237 288 2768 
3 2238 2237 2768 
3 2384 2382 2246 
3 2384 2246 2245 
3 2238 2768 2769 
3 2239 2238 2769 
3 2239 2769 2770 
3 2240 2239 2770 
3 2386 2384 2245 
3 2386 2245 2244 
3 2240 2770 2771 
3 2241 2240 2771 
3 2388 2386 2244 
3 2388 2244 2243 
3 2241 2771 2772 
3 2242 2241 2772 
3 2772 2243 2242 
3 2388 2243 2772 
3 2256 2361 2546 
3 2683 2700 2773 
3 873 874 0 
3 2681 2683 2773 
3 2681 2773 2774 
3 908 873 0 
3 908 0 1 
3 2679 2681 2774 
3 2679 2774 2775 
3 2677 2679 2775 
3 2677 2775 2776 
3 2676 2677 2776 
3 2676 2776 2777 
3 2675 2676 2777 
3 2675 2777 2778 
3 242 2675 2778 
3 242 2778 2779 
3 240 242 2779 
3 240 2779 2780 
3 2780 1 240 
3 908 1 2780 
3 1336 1334 1931 
3 1901 1310 1311 
3 1903 1901 1311 
3 1903 1311 1313 
3 1905 1903 1313 
3 1905 1313 1328 
3 1907 1905 2781 
3 2781 1328 1346 
3 1905 1328 2781 
3 1909 1907 2781 
3 2782 1346 1383 
3 2781 1346 2782 
3 2783 1336 1931 
3 1400 1336 2783 
3 2783 1931 1933 
3 2784 1383 1385 
3 2782 1383 2784 
3 2785 1385 1387 
3 2784 1385 2785 
3 2786 1387 1399 
3 2785 1387 2786 
3 2787 1399 1426 
3 2786 1399 2787 
3 2788 1426 1424 
3 2787 1426 2788 
3 2789 1400 2783 
3 1402 1400 2789 
3 1909 2781 2782 
3 2790 1909 2782 
3 1911 1909 2790 
3 2791 1911 2790 
3 1913 1911 2791 
3 2792 1913 2791 
3 1914 1913 2792 
3 2793 1914 2792 
3 1916 1914 2793 
3 2794 1916 2793 
3 1918 1916 2794 
3 2795 1918 2794 
3 1924 1918 2795 
3 2796 1924 2795 
3 1949 1924 2796 
3 2797 1949 2796 
3 1952 1949 2797 
3 2798 1952 2797 
3 1953 1952 2798 
3 2799 1953 2798 
3 1956 1953 2799 
3 1940 1956 2799 
3 2800 1940 2799 
3 1935 1940 2800 
3 2801 1935 2800 
3 1933 1935 2801 
3 2783 1933 2801 
3 2802 1402 2789 
3 1404 1402 2802 
3 2803 1404 2802 
3 1406 1404 2803 
3 2804 1406 2803 
3 1420 1406 2804 
3 2805 1420 2804 
3 1422 1420 2805 
3 2806 1422 2805 
3 1424 1422 2806 
3 2788 1424 2806 
3 2789 2783 2801 
3 2790 2782 2784 
3 2791 2790 2784 
3 2791 2784 2785 
3 2792 2791 2785 
3 2792 2785 2786 
3 2793 2792 2786 
3 2793 2786 2787 
3 2793 2787 2788 
3 2794 2793 2788 
3 2794 2788 2806 
3 2795 2794 2806 
3 2796 2795 2806 
3 2796 2806 2805 
3 2797 2796 2805 
3 2797 2805 2804 
3 2798 2797 2804 
3 2798 2804 2803 
3 2800 2803 2802 
3 2799 2803 2800 
3 2799 2798 2803 
3 2802 2801 2800 
3 2789 2801 2802 
3 2688 2016 2015 
3 2807 2778 2777 
3 2808 2807 2777 
3 2808 2777 2776 
3 2809 2808 2776 
3 2809 2776 2775 
3 2810 2809 2775 
3 2810 2775 2774 
3 2811 2810 2774 
3 2811 2774 2773 
3 2812 2811 2773 
3 2812 2773 2700 
3 2813 2812 2700 
3 1310 1901 1898 
3 2814 2700 2702 
3 2813 2700 2814 
3 2814 2702 2704 
3 2815 2814 2704 
3 2815 2704 2706 
3 2816 2815 2706 
3 2816 2706 2708 
3 2817 2816 2708 
3 2817 2708 2710 
3 2818 2817 2710 
3 2818 2710 2712 
3 2819 2818 2712 
3 2819 2712 2714 
3 2820 2819 2714 
3 2820 2714 2716 
3 2325 2820 2716 
3 2325 2716 2718 
3 1891 2325 2718 
3 1891 2718 2720 
3 1890 1891 2720 
3 1890 2720 2727 
3 1894 1890 2727 
3 1894 2727 2725 
3 1896 1894 2725 
3 1896 2725 2723 
3 2821 1896 2723 
3 1898 1896 2821 
3 1310 1898 2821 
3 2005 1310 2821 
3 2821 2723 2721 
3 2822 2688 2015 
3 2721 2688 2822 
3 2822 2015 2005 
3 2822 2821 2721 
3 2005 2821 2822 
3 929 926 2568 
3 1030 929 2568 
3 1030 2568 2600 
3 1028 1030 2600 
3 2561 2405 248 
3 2563 2561 248 
3 2563 248 249 
3 2564 2563 249 
3 2564 249 254 
3 2579 2564 254 
3 2579 254 257 
3 2580 2579 257 
3 1028 2600 2601 
3 251 1028 2601 
3 250 251 2601 
3 250 2601 2602 
3 258 250 2602 
3 258 2602 2603 
3 261 258 2603 
3 261 2603 2604 
3 276 261 2604 
3 276 2604 2605 
3 295 276 2605 
3 295 2605 2606 
3 286 295 2606 
3 286 2606 2607 
3 283 286 2607 
3 283 2607 2608 
3 281 283 2608 
3 281 2608 2589 
3 279 281 2589 
3 279 2589 2587 
3 272 279 2587 
3 272 2587 2586 
3 269 272 2586 
3 269 2586 2584 
3 267 269 2584 
3 267 2584 2582 
3 264 267 2582 
3 2580 264 2582 
3 257 264 2580 
3 0 874 8 
3 2820 2325 2324 
3 2820 2324 2322 
3 2819 2820 2322 
3 2819 2322 2321 
3 2818 2819 2321 
3 2818 2321 2320 
3 2817 2818 2320 
3 2817 2320 2319 
3 2816 2817 2319 
3 2816 2319 2318 
3 2815 2816 2318 
3 2815 2318 2305 
3 2814 2815 2305 
3 2814 2305 2304 
3 2813 2814 2304 
3 2813 2304 2298 
3 2812 2813 2298 
3 2812 2298 2297 
3 2811 2812 2297 
3 2811 2297 2296 
3 2810 2811 2296 
3 2810 2296 2295 
3 2809 2810 2295 
3 867 2807 2808 
3 865 867 2808 
3 2809 2295 860 
3 865 2808 2809 
3 865 2809 860 
3 382 329 331 
3 335 337 386 
3 335 386 384 
3 333 335 384 
3 382 333 384 
3 331 333 382 
3 2390 2388 2772 
3 2768 288 274 
3 263 265 2399 
3 2823 263 2399 
3 266 263 2823 
3 268 266 2823 
3 2823 2399 2397 
3 2824 2772 2771 
3 2390 2772 2824 
3 2393 2390 2824 
3 2825 2768 274 
3 2769 2768 2825 
3 2825 274 273 
3 2826 2771 2770 
3 2824 2771 2826 
3 2827 2770 2769 
3 2826 2770 2827 
3 2827 2769 2825 
3 2828 2823 2397 
3 2828 2397 2395 
3 268 2823 2828 
3 270 268 2828 
3 2829 270 2828 
3 273 270 2829 
3 2825 273 2829 
3 2827 2825 2829 
3 2830 2824 2826 
3 2393 2824 2830 
3 2395 2393 2830 
3 2828 2395 2830 
3 2829 2828 2830 
3 2826 2829 2830 
3 2827 2829 2826 
3 2546 2361 2554 
3 894 120 121 
3 2831 874 876 
3 8 874 2831 
3 47 8 2831 
3 2832 894 121 
3 911 894 2832 
3 2832 121 123 
3 2833 911 2832 
3 933 911 2833 
3 2834 933 2833 
3 888 933 2834 
3 2835 888 2834 
3 886 888 2835 
3 2836 886 2835 
3 884 886 2836 
3 2837 876 884 
3 2831 876 2837 
3 2837 884 2836 
3 2838 2832 123 
3 2833 2832 2838 
3 2838 123 124 
3 2839 124 126 
3 2838 124 2839 
3 2840 126 127 
3 2839 126 2840 
3 2841 127 57 
3 2840 127 2841 
3 2842 57 47 
3 2841 57 2842 
3 2842 47 2831 
3 2842 2831 2837 
3 2841 2837 2836 
3 2842 2837 2841 
3 2840 2841 2836 
3 2840 2836 2835 
3 2839 2835 2834 
3 2839 2840 2835 
3 2834 2838 2839 
3 2833 2838 2834 
3 907 908 2780 
3 2807 867 869 
3 2843 2780 2779 
3 907 2780 2843 
3 869 907 2843 
3 2843 2779 2778 
3 2843 2807 869 
3 2778 2807 2843 
3 1991 1325 1323 
3 83 84 2844 
3 2847 2846 2845 
3 2848 191 180 
3 2849 191 2848 
3 2850 180 178 
3 2848 180 2850 
3 2851 2847 2845 
3 379 2847 2851 
3 2851 2845 2852 
3 2853 379 2851 
3 378 379 2853 
3 2854 378 2853 
3 388 378 2854 
3 2855 388 2854 
3 389 388 2855 
3 2856 389 2855 
3 390 389 2856 
3 2859 2858 2857 
3 2860 2858 2859 
3 2862 2857 2861 
3 2859 2857 2862 
3 2863 83 2844 
3 86 83 2863 
3 2863 2844 2864 
3 2865 2861 356 
3 2862 2861 2865 
3 2866 356 358 
3 2865 356 2866 
3 2867 2849 2848 
3 2868 2849 2867 
3 2869 390 2856 
3 391 390 2869 
3 2870 391 2869 
3 387 391 2870 
3 2871 2860 2859 
3 2864 2860 2871 
3 2863 2864 2871 
3 2872 358 360 
3 2866 358 2872 
3 2873 387 2870 
3 385 387 2873 
3 2874 360 362 
3 2872 360 2874 
3 2875 2868 2867 
3 2876 2868 2875 
3 2877 178 175 
3 2850 178 2877 
3 2878 2876 2875 
3 2879 2876 2878 
3 2880 175 145 
3 2877 175 2880 
3 2881 145 116 
3 2880 145 2881 
3 2881 116 114 
3 2882 114 111 
3 2881 114 2882 
3 2883 111 107 
3 2882 111 2883 
3 2884 107 103 
3 2883 107 2884 
3 2885 103 101 
3 2884 103 2885 
3 2886 2863 2871 
3 86 2863 2886 
3 88 86 2886 
3 2887 88 2886 
3 90 88 2887 
3 2888 90 2887 
3 92 90 2888 
3 99 92 2888 
3 2889 99 2888 
3 101 99 2889 
3 2890 101 2889 
3 2885 101 2890 
3 2891 362 364 
3 2874 362 2891 
3 2892 2851 2852 
3 2853 2851 2892 
3 2892 2852 2893 
3 2895 2893 2894 
3 2892 2893 2895 
3 2897 2894 2896 
3 2895 2894 2897 
3 2899 2896 2898 
3 2897 2896 2899 
3 2870 2898 2900 
3 2873 2870 2900 
3 2873 2900 2901 
3 385 2873 2901 
3 383 385 2901 
3 383 2901 2902 
3 2903 383 2902 
3 381 383 2903 
3 2903 2902 2904 
3 2906 2904 2905 
3 2903 2904 2906 
3 2908 2905 2907 
3 2906 2905 2908 
3 2910 2907 2909 
3 2908 2907 2910 
3 381 2903 2906 
3 377 381 2906 
3 377 2906 2908 
3 376 377 2908 
3 376 2908 2910 
3 375 376 2910 
3 2911 2910 2909 
3 375 2910 2911 
3 2911 2909 2912 
3 374 375 2911 
3 2913 2911 2912 
3 374 2911 2913 
3 2913 2912 2914 
3 373 374 2913 
3 2915 2913 2914 
3 373 2913 2915 
3 2915 2914 2916 
3 372 373 2915 
3 2917 2915 2916 
3 372 2915 2917 
3 2917 2916 2918 
3 371 372 2917 
3 2919 2917 2918 
3 371 2917 2919 
3 2919 2918 2920 
3 370 371 2919 
3 2921 2919 2920 
3 370 2919 2921 
3 2921 2920 2922 
3 369 370 2921 
3 2923 2921 2922 
3 369 2921 2923 
3 2923 2922 2924 
3 2925 369 2923 
3 368 369 2925 
3 2926 2923 2924 
3 2925 2923 2926 
3 2926 2924 2879 
3 2927 2879 2878 
3 2926 2879 2927 
3 2928 368 2925 
3 367 368 2928 
3 2929 367 2928 
3 366 367 2929 
3 2930 366 2929 
3 364 366 2930 
3 2891 364 2930 
3 2899 2898 2870 
3 2867 2848 2850 
3 2899 2870 2869 
3 2927 2925 2926 
3 2854 2853 2892 
3 2928 2925 2927 
3 2854 2892 2895 
3 2931 2928 2927 
3 2929 2928 2931 
3 2855 2854 2895 
3 2931 2927 2878 
3 2856 2855 2895 
3 2932 2886 2871 
3 2887 2886 2932 
3 2856 2895 2897 
3 2932 2871 2859 
3 2897 2869 2856 
3 2899 2869 2897 
3 2932 2859 2862 
3 2933 2862 2865 
3 2932 2862 2933 
3 2887 2932 2933 
3 2888 2887 2933 
3 2889 2888 2933 
3 2934 2933 2865 
3 2934 2865 2866 
3 2934 2866 2872 
3 2890 2934 2872 
3 2890 2872 2874 
3 2885 2890 2874 
3 2935 2885 2874 
3 2884 2885 2935 
3 2935 2874 2891 
3 2936 2884 2935 
3 2883 2884 2936 
3 2937 2935 2891 
3 2937 2891 2930 
3 2936 2935 2937 
3 2938 2878 2875 
3 2931 2878 2938 
3 2939 2931 2938 
3 2929 2931 2939 
3 2930 2929 2939 
3 2940 2930 2939 
3 2937 2930 2940 
3 2941 2939 2938 
3 2940 2939 2941 
3 2942 2938 2875 
3 2941 2938 2942 
3 2942 2875 2867 
3 2942 2867 2850 
3 2942 2850 2877 
3 2941 2942 2877 
3 2943 2877 2880 
3 2941 2877 2943 
3 2940 2941 2943 
3 2944 2940 2943 
3 2937 2940 2944 
3 2936 2937 2944 
3 2945 2936 2944 
3 2883 2936 2945 
3 2882 2883 2945 
3 2946 2882 2945 
3 2946 2944 2943 
3 2945 2944 2946 
3 2881 2882 2946 
3 2946 2880 2881 
3 2943 2880 2946 
3 2889 2934 2890 
3 2934 2889 2933 
3 192 191 2849 
3 2949 2948 2947 
3 2949 2947 2950 
3 2951 192 2849 
3 193 192 2951 
3 2951 2849 2868 
3 2952 193 2951 
3 194 193 2952 
3 2953 2949 2950 
3 2954 2949 2953 
3 2956 2950 2955 
3 2953 2950 2956 
3 2958 2955 2957 
3 2956 2955 2958 
3 2959 194 2952 
3 195 194 2959 
3 236 195 2959 
3 2960 2951 2868 
3 2952 2951 2960 
3 2960 2868 2876 
3 2961 2876 2879 
3 2960 2876 2961 
3 2962 2879 2924 
3 2961 2879 2962 
3 2963 2954 2953 
3 2964 2954 2963 
3 2965 2964 2963 
3 2966 2964 2965 
3 2967 2966 2965 
3 2968 2966 2967 
3 2969 2968 2967 
3 2970 2968 2969 
3 2971 2970 2969 
3 2972 2970 2971 
3 2973 2972 2971 
3 2974 2972 2973 
3 2975 2974 2973 
3 2976 2974 2975 
3 2977 2007 2008 
3 2978 2007 2977 
3 2979 2008 2035 
3 2977 2008 2979 
3 2980 2035 2049 
3 2979 2035 2980 
3 2981 2049 2047 
3 2980 2049 2981 
3 2982 2047 2045 
3 2981 2047 2982 
3 2983 2045 2043 
3 2982 2045 2983 
3 2984 2043 2028 
3 2983 2043 2984 
3 2985 2028 2026 
3 2984 2028 2985 
3 2986 2026 2024 
3 2985 2026 2986 
3 2987 2024 2022 
3 2986 2024 2987 
3 2988 2022 143 
3 2987 2022 2988 
3 2988 143 144 
3 2989 2924 2922 
3 2962 2924 2989 
3 2990 2922 2920 
3 2989 2922 2990 
3 2991 2920 2918 
3 2990 2920 2991 
3 2992 2918 2916 
3 2991 2918 2992 
3 2993 2916 2914 
3 2992 2916 2993 
3 246 2914 2912 
3 245 246 2912 
3 245 2912 2909 
3 244 245 2909 
3 244 2909 2907 
3 129 244 2907 
3 129 2907 2905 
3 128 129 2905 
3 128 2905 2904 
3 134 128 2904 
3 134 2904 2902 
3 136 134 2902 
3 136 2902 2901 
3 138 136 2901 
3 138 2901 2900 
3 140 138 2900 
3 133 140 2900 
3 133 2900 2898 
3 132 2898 2896 
3 133 2898 132 
3 204 132 2896 
3 204 2896 2894 
3 202 204 2894 
3 202 2894 2893 
3 199 202 2893 
3 199 2893 2852 
3 198 199 2852 
3 198 2852 2845 
3 188 198 2845 
3 188 2845 2846 
3 187 188 2846 
3 187 2846 2994 
3 171 187 2994 
3 171 2994 2995 
3 168 171 2995 
3 168 2995 2996 
3 167 168 2996 
3 2998 2996 2997 
3 167 2996 2998 
3 165 167 2998 
3 3000 2997 2999 
3 2998 2997 3000 
3 3002 2999 3001 
3 3000 2999 3002 
3 3004 3001 3003 
3 3002 3001 3004 
3 3006 3003 3005 
3 3004 3003 3006 
3 3008 3005 3007 
3 3006 3005 3008 
3 3009 2957 2978 
3 2958 2957 3009 
3 3009 2978 2977 
3 3010 144 147 
3 2988 144 3010 
3 3011 147 149 
3 3010 147 3011 
3 3012 149 151 
3 3011 149 3012 
3 3013 151 153 
3 3012 151 3013 
3 3014 153 155 
3 3013 153 3014 
3 3015 155 157 
3 3014 155 3015 
3 3016 157 159 
3 3015 157 3016 
3 3017 159 161 
3 3016 159 3017 
3 3018 161 163 
3 3017 161 3018 
3 3019 163 165 
3 3018 163 3019 
3 3019 165 2998 
3 3019 2998 3000 
3 3020 3007 2976 
3 3021 3007 3020 
3 3008 3007 3021 
3 3022 2976 2975 
3 3020 2976 3022 
3 2993 2914 246 
3 2993 246 243 
3 2992 2993 243 
3 2992 243 225 
3 3023 2992 225 
3 2991 2992 3023 
3 3023 225 228 
3 3024 236 2959 
3 234 236 3024 
3 3025 234 3024 
3 232 234 3025 
3 3026 232 3025 
3 230 232 3026 
3 3027 230 3026 
3 228 230 3027 
3 3023 228 3027 
3 3019 3000 3002 
3 2991 3023 3027 
3 3018 3019 3002 
3 2990 2991 3027 
3 3028 3002 3004 
3 3018 3002 3028 
3 2990 3027 3026 
3 3017 3018 3028 
3 2989 2990 3026 
3 3029 2953 2956 
3 2963 2953 3029 
3 2989 3026 3025 
3 3029 2956 2958 
3 2962 3025 3024 
3 3030 3004 3006 
3 3028 3004 3030 
3 2962 2989 3025 
3 3017 3028 3030 
3 2961 2962 3024 
3 3016 3017 3030 
3 2961 3024 2959 
3 3031 3006 3008 
3 3030 3006 3031 
3 2959 2960 2961 
3 2952 2960 2959 
3 3016 3030 3031 
3 3015 3016 3031 
3 3032 3008 3021 
3 3031 3008 3032 
3 3015 3031 3032 
3 3033 3015 3032 
3 3014 3015 3033 
3 3034 2963 3029 
3 2965 2963 3034 
3 3035 3029 2958 
3 3034 3029 3035 
3 3035 2958 3009 
3 3036 3014 3033 
3 3013 3014 3036 
3 3037 3033 3032 
3 3038 3033 3037 
3 3037 3032 3021 
3 3039 3021 3020 
3 3037 3021 3039 
3 3039 3020 3022 
3 3040 3013 3036 
3 3012 3013 3040 
3 3041 3012 3040 
3 3011 3012 3041 
3 3038 3036 3033 
3 3040 3036 3038 
3 3042 3011 3041 
3 3010 3011 3042 
3 3043 3010 3042 
3 2988 3010 3043 
3 3044 2988 3043 
3 2987 2988 3044 
3 3045 3037 3039 
3 3038 3037 3045 
3 3046 3039 3022 
3 3047 2987 3044 
3 2986 2987 3047 
3 3048 3040 3038 
3 3041 3040 3048 
3 3048 3038 3045 
3 3049 3041 3048 
3 3042 3041 3049 
3 3043 3042 3049 
3 3050 3043 3049 
3 3044 3043 3050 
3 3047 3044 3050 
3 3051 2986 3047 
3 2985 2986 3051 
3 3052 2985 3051 
3 2984 2985 3052 
3 3053 2984 3052 
3 2983 2984 3053 
3 3054 2983 3053 
3 2982 2983 3054 
3 2981 2982 3054 
3 3055 2965 3034 
3 2967 2965 3055 
3 3056 3034 3035 
3 3055 3034 3056 
3 3057 3035 3009 
3 3056 3035 3057 
3 3058 3009 2977 
3 3058 2977 2979 
3 3057 3009 3058 
3 3059 2979 2980 
3 3058 2979 3059 
3 3059 2980 2981 
3 3060 2981 3054 
3 3059 2981 3060 
3 3061 3058 3059 
3 3057 3058 3061 
3 3061 3059 3060 
3 3062 3057 3061 
3 3056 3057 3062 
3 3063 3056 3062 
3 3055 3056 3063 
3 3064 3055 3063 
3 2967 3055 3064 
3 2969 2967 3064 
3 3065 2969 3064 
3 2971 2969 3065 
3 3066 2971 3065 
3 2973 2971 3066 
3 3067 2973 3066 
3 2975 2973 3067 
3 3068 2975 3067 
3 3022 2975 3068 
3 3069 3064 3063 
3 3065 3064 3069 
3 3070 3063 3062 
3 3069 3063 3070 
3 3070 3062 3061 
3 3070 3061 3060 
3 3071 3060 3054 
3 3070 3060 3071 
3 3071 3054 3053 
3 3072 3070 3071 
3 3069 3070 3072 
3 3073 3069 3072 
3 3065 3069 3073 
3 3066 3065 3073 
3 3074 3066 3073 
3 3067 3066 3074 
3 3075 3067 3074 
3 3068 3067 3075 
3 3076 3071 3053 
3 3072 3071 3076 
3 3076 3053 3052 
3 3077 3052 3051 
3 3076 3052 3077 
3 3078 3051 3047 
3 3077 3051 3078 
3 3078 3047 3050 
3 3079 3073 3072 
3 3074 3073 3079 
3 3079 3072 3076 
3 3079 3076 3077 
3 3079 3077 3078 
3 3080 3074 3079 
3 3075 3074 3080 
3 3080 3079 3078 
3 3080 3078 3050 
3 3081 3050 3049 
3 3080 3050 3081 
3 3075 3080 3081 
3 3046 3075 3081 
3 3068 3075 3046 
3 3022 3068 3046 
3 3045 3039 3046 
3 3045 3046 3081 
3 3081 3048 3045 
3 3049 3048 3081 
3 3084 3083 3082 
3 3083 3085 3082 
3 3087 3086 3085 
3 3090 3089 3088 
3 3090 3085 3089 
3 3089 3091 3088 
3 3089 3086 3092 
3 3093 3086 3087 
3 3092 3091 3089 
3 3094 3092 3093 
3 3097 3096 3095 
3 3095 3096 3098 
3 3099 33 32 
3 3100 35 33 
3 3103 3102 3101 
3 3102 3104 3101 
3 3106 3105 3104 
3 3103 3091 3102 
3 3107 3088 3091 
3 3092 3102 3091 
3 3094 3106 3102 
3 3105 3098 3104 
3 3105 3095 3098 
3 35 3108 37 
3 39 37 3108 
3 41 39 3109 
3 43 41 3110 
3 49 3112 3111 
3 49 3113 3112 
3 3116 3115 3114 
3 3115 62 54 
3 3116 64 62 
3 3111 3117 52 
3 3115 3117 3114 
3 54 52 3117 
3 3120 3119 3118 
3 3119 2844 84 
3 3120 2864 2844 
3 3122 3121 3116 
3 64 3116 3121 
3 3122 3123 3121 
3 3125 3124 3123 
3 3118 3119 3124 
3 3121 3126 66 
3 3121 3124 3126 
3 3119 3126 3124 
3 84 66 3126 
3 3127 3118 3125 
3 3129 3128 3120 
3 3129 3118 3127 
3 3129 3130 3128 
3 3128 3130 3131 
3 3128 2860 2864 
3 3131 2858 2860 
3 2860 3128 3131 
3 2864 3120 3128 
3 3129 3132 3130 
3 3127 3132 3129 
3 3120 3118 3129 
3 3126 3119 84 
3 3121 3123 3124 
3 3124 3125 3118 
3 3121 66 64 
3 3116 3114 3122 
3 3119 3120 2844 
3 3117 3115 54 
3 52 49 3111 
3 3115 3116 62 
3 49 43 3113 
3 3113 43 3110 
3 3109 3110 41 
3 3108 3109 39 
3 35 3100 3108 
3 3102 3092 3094 
3 3091 3103 3107 
3 3102 3106 3104 
3 33 3099 3100 
3 32 3097 3099 
3 3097 32 3096 
3 3086 3093 3092 
3 3089 3085 3086 
3 3090 3082 3085 
3 3085 3083 3087 
3 2323 338 336 
3 339 338 2323 
3 1408 1409 2077 
3 3135 3134 3133 
3 3138 3137 3136 
3 3139 1588 2346 
3 1587 1588 3139 
3 3141 2229 3140 
3 2359 2229 3141 
3 3142 1587 3139 
3 1604 1587 3142 
3 3145 3144 3143 
3 3146 3144 3145 
3 3147 3146 3145 
3 3148 3146 3147 
3 3149 3148 3147 
3 3150 3148 3149 
3 3153 3152 3151 
3 3154 3152 3153 
3 3155 3140 448 
3 3141 3140 3155 
3 3156 448 449 
3 3155 448 3156 
3 3159 3158 3157 
3 2003 3158 3159 
3 2002 2003 3159 
3 3161 3157 3160 
3 3159 3157 3161 
3 3163 3160 3162 
3 3161 3160 3163 
3 3165 3162 3164 
3 3163 3162 3165 
3 3166 3150 3149 
3 3167 3150 3166 
3 3168 3167 3166 
3 3169 3167 3168 
3 3170 3169 3168 
3 3171 3169 3170 
3 3172 3171 3170 
3 3173 3171 3172 
3 3174 3173 3172 
3 3151 3173 3174 
3 3153 3151 3174 
3 3175 2002 3159 
3 2011 2002 3175 
3 3176 2011 3175 
3 2092 2011 3176 
3 3177 2092 3176 
3 2078 2092 3177 
3 3178 2078 3177 
3 2077 2078 3178 
3 3179 2077 3178 
3 1408 2077 3179 
3 1414 1408 3179 
3 3181 3164 3180 
3 3165 3164 3181 
3 3183 3180 3182 
3 3181 3180 3183 
3 3185 3136 3184 
3 3138 3136 3185 
3 3187 3184 3186 
3 3185 3184 3187 
3 3189 3186 3188 
3 3187 3186 3189 
3 3191 3188 3190 
3 3189 3188 3191 
3 3193 3190 3192 
3 3191 3190 3193 
3 3194 3138 3185 
3 3195 3138 3194 
3 3196 3195 3194 
3 3197 3195 3196 
3 3198 3197 3196 
3 3199 3197 3198 
3 3200 3199 3198 
3 3201 3199 3200 
3 3204 3203 3202 
3 3205 3203 3204 
3 3207 3202 3206 
3 3204 3202 3207 
3 3209 3206 3208 
3 3207 3206 3209 
3 3211 3208 3210 
3 3209 3208 3211 
3 3212 3210 1727 
3 3211 3210 3212 
3 3213 1727 1729 
3 3212 1727 3213 
3 3214 1729 1731 
3 3213 1729 3214 
3 3215 1731 1733 
3 3214 1731 3215 
3 3216 1733 1735 
3 3215 1733 3216 
3 3217 1735 1737 
3 3216 1735 3217 
3 3218 1737 1739 
3 3217 1737 3218 
3 3219 1739 1741 
3 3218 1739 3219 
3 3220 1741 1743 
3 3219 1741 3220 
3 3221 1743 1745 
3 3220 1743 3221 
3 3222 1745 1747 
3 3221 1745 3222 
3 3223 1747 1749 
3 3222 1747 3223 
3 3224 1749 1751 
3 3223 1749 3224 
3 3225 1751 1753 
3 3224 1751 3225 
3 3225 1753 1758 
3 3228 3227 3226 
3 3229 3227 3228 
3 3231 3226 3230 
3 3228 3226 3231 
3 3232 3230 3154 
3 3231 3230 3232 
3 3232 3154 3153 
3 3233 3192 3229 
3 3193 3192 3233 
3 3233 3229 3228 
3 3234 1604 3142 
3 1605 1604 3234 
3 3235 1605 3234 
3 1649 1605 3235 
3 3236 1649 3235 
3 1651 1649 3236 
3 3237 1414 3179 
3 3238 1414 3237 
3 1416 1414 3238 
3 3239 1416 3238 
3 411 1416 3239 
3 3240 411 3239 
3 410 411 3240 
3 3241 410 3240 
3 445 410 3241 
3 3242 445 3241 
3 443 445 3242 
3 3243 443 3242 
3 441 443 3243 
3 3244 441 3243 
3 439 441 3244 
3 3245 439 3244 
3 437 439 3245 
3 3246 437 3245 
3 435 437 3246 
3 3247 435 3246 
3 433 435 3247 
3 3248 2344 2359 
3 2345 2344 3248 
3 3249 2359 3141 
3 3248 2359 3249 
3 3250 2345 3248 
3 2346 2345 3250 
3 3251 2346 3250 
3 3139 2346 3251 
3 3252 417 420 
3 415 417 3252 
3 3253 420 422 
3 3252 420 3253 
3 3254 422 424 
3 3253 422 3254 
3 3255 424 426 
3 3254 424 3255 
3 3256 426 427 
3 3255 426 3256 
3 3257 415 3252 
3 413 415 3257 
3 3258 413 3257 
3 409 413 3258 
3 3259 409 3258 
3 408 409 3259 
3 3260 408 3259 
3 455 408 3260 
3 3261 455 3260 
3 453 455 3261 
3 451 453 3261 
3 3262 451 3261 
3 449 451 3262 
3 3263 449 3262 
3 3156 449 3263 
3 3264 427 429 
3 3256 427 3264 
3 3265 429 431 
3 3264 429 3265 
3 3266 431 433 
3 3265 431 3266 
3 3266 433 3247 
3 3269 3268 3267 
3 3270 3268 3269 
3 3271 3267 3201 
3 3269 3267 3271 
3 3272 3201 3200 
3 3271 3201 3272 
3 3273 3270 3269 
3 3274 3270 3273 
3 3275 3274 3273 
3 3276 3274 3275 
3 3277 3276 3275 
3 3278 3276 3277 
3 3279 3278 3277 
3 3280 3278 3279 
3 3281 3280 3279 
3 3282 3280 3281 
3 3283 3282 3281 
3 3284 3282 3283 
3 3285 3284 3283 
3 3286 3284 3285 
3 3287 3286 3285 
3 3288 3286 3287 
3 3289 3288 3287 
3 3182 3288 3289 
3 3290 3182 3289 
3 3183 3182 3290 
3 3293 3292 3291 
3 3294 3292 3293 
3 3296 3291 3295 
3 3293 3291 3296 
3 3298 3295 3297 
3 3296 3295 3298 
3 3300 3297 3299 
3 3298 3297 3300 
3 3302 3299 3301 
3 3300 3299 3302 
3 3304 3301 3303 
3 3302 3301 3304 
3 3306 3303 3305 
3 3304 3303 3306 
3 3308 3305 3307 
3 3306 3305 3308 
3 3310 3307 3309 
3 3308 3307 3310 
3 3311 3309 3205 
3 3310 3309 3311 
3 3312 3205 3204 
3 3311 3205 3312 
3 3313 1758 1756 
3 3225 1758 3313 
3 3314 1756 1754 
3 3313 1756 3314 
3 3315 1754 1654 
3 3314 1754 3315 
3 3316 1654 1653 
3 3315 1654 3316 
3 3317 3294 3293 
3 3318 3294 3317 
3 3319 3294 3318 
3 3320 3319 3318 
3 3321 3319 3320 
3 3322 3321 3320 
3 3133 3321 3322 
3 3323 3133 3322 
3 3135 3133 3323 
3 3324 3135 3323 
3 3325 3135 3324 
3 3326 3325 3324 
3 3327 3325 3326 
3 3328 3327 3326 
3 3329 3327 3328 
3 3330 3329 3328 
3 3331 3329 3330 
3 3332 3331 3330 
3 3333 3331 3332 
3 3334 3333 3332 
3 3335 3333 3334 
3 3336 3335 3334 
3 3143 3335 3336 
3 3337 3143 3336 
3 3145 3143 3337 
3 3338 1653 1651 
3 3339 1653 3338 
3 3316 1653 3339 
3 3340 1651 3236 
3 3338 1651 3340 
3 3142 3139 3251 
3 3341 3159 3161 
3 3175 3159 3341 
3 3342 3145 3337 
3 3147 3145 3342 
3 3343 3161 3163 
3 3341 3161 3343 
3 3344 3147 3342 
3 3149 3147 3344 
3 3345 3179 3178 
3 3237 3179 3345 
3 3345 3178 3177 
3 3346 3163 3165 
3 3343 3163 3346 
3 3347 3248 3249 
3 3250 3248 3347 
3 3348 3177 3176 
3 3345 3177 3348 
3 3348 3176 3175 
3 3349 3175 3341 
3 3348 3175 3349 
3 3349 3341 3343 
3 3350 3348 3349 
3 3345 3348 3350 
3 3351 3345 3350 
3 3237 3345 3351 
3 3352 3237 3351 
3 3238 3237 3352 
3 3239 3238 3352 
3 3353 3239 3352 
3 3240 3239 3353 
3 3354 3240 3353 
3 3355 3349 3343 
3 3350 3349 3355 
3 3355 3343 3346 
3 3356 3350 3355 
3 3351 3350 3356 
3 3357 3351 3356 
3 3352 3351 3357 
3 3353 3352 3357 
3 3358 3142 3251 
3 3234 3142 3358 
3 3359 3251 3250 
3 3358 3251 3359 
3 3359 3250 3347 
3 3360 3149 3344 
3 3166 3149 3360 
3 3361 3141 3155 
3 3249 3141 3361 
3 3362 3249 3361 
3 3347 3249 3362 
3 3363 3347 3362 
3 3359 3347 3363 
3 3364 3359 3363 
3 3358 3359 3364 
3 3365 3358 3364 
3 3234 3358 3365 
3 3235 3234 3365 
3 3366 3235 3365 
3 3236 3235 3366 
3 3367 3365 3364 
3 3366 3365 3367 
3 3368 3364 3363 
3 3367 3364 3368 
3 3369 3363 3362 
3 3368 3363 3369 
3 3370 3362 3361 
3 3369 3362 3370 
3 3371 3361 3155 
3 3370 3361 3371 
3 3371 3155 3156 
3 3372 3355 3346 
3 3356 3355 3372 
3 3373 3356 3372 
3 3357 3356 3373 
3 3374 3357 3373 
3 3353 3357 3374 
3 3354 3353 3374 
3 3241 3240 3354 
3 3375 3241 3354 
3 3242 3241 3375 
3 3376 3242 3375 
3 3243 3242 3376 
3 3377 3185 3187 
3 3194 3185 3377 
3 3378 3187 3189 
3 3377 3187 3378 
3 3379 3165 3181 
3 3346 3165 3379 
3 3372 3346 3379 
3 3380 3372 3379 
3 3373 3372 3380 
3 3381 3373 3380 
3 3374 3373 3381 
3 3382 3374 3381 
3 3354 3374 3382 
3 3375 3354 3382 
3 3383 3375 3382 
3 3376 3375 3383 
3 3384 3156 3263 
3 3371 3156 3384 
3 3385 3236 3366 
3 3340 3236 3385 
3 3386 3366 3367 
3 3385 3366 3386 
3 3387 3367 3368 
3 3386 3367 3387 
3 3387 3368 3369 
3 3388 3189 3191 
3 3378 3189 3388 
3 3389 3191 3193 
3 3388 3191 3389 
3 3390 3193 3233 
3 3389 3193 3390 
3 3391 3233 3228 
3 3390 3233 3391 
3 3392 3228 3231 
3 3391 3228 3392 
3 3393 3181 3183 
3 3379 3181 3393 
3 3380 3379 3393 
3 3394 3183 3290 
3 3393 3183 3394 
3 3395 3369 3370 
3 3387 3369 3395 
3 3396 3370 3371 
3 3395 3370 3396 
3 3396 3371 3384 
3 3397 3393 3394 
3 3380 3393 3397 
3 3381 3380 3397 
3 3398 3381 3397 
3 3382 3381 3398 
3 3383 3382 3399 
3 3400 3166 3360 
3 3168 3166 3400 
3 3401 3168 3400 
3 3170 3168 3401 
3 3172 3170 3401 
3 3402 3172 3401 
3 3174 3172 3402 
3 3403 3174 3402 
3 3153 3174 3403 
3 3404 3153 3403 
3 3232 3153 3404 
3 3405 3243 3376 
3 3244 3243 3405 
3 3406 3376 3383 
3 3405 3376 3406 
3 3406 3383 3399 
3 3407 3244 3405 
3 3245 3244 3407 
3 3408 3245 3407 
3 3246 3245 3408 
3 3409 3316 3339 
3 3315 3316 3409 
3 3410 3315 3409 
3 3314 3315 3410 
3 3411 3314 3410 
3 3313 3314 3411 
3 3412 3313 3411 
3 3225 3313 3412 
3 3413 3225 3412 
3 3224 3225 3413 
3 3414 3231 3232 
3 3392 3231 3414 
3 3414 3232 3404 
3 3415 3269 3271 
3 3273 3269 3415 
3 3416 3271 3272 
3 3415 3271 3416 
3 3417 3204 3207 
3 3312 3204 3417 
3 3418 3207 3209 
3 3417 3207 3418 
3 3419 3209 3211 
3 3418 3209 3419 
3 3420 3211 3212 
3 3419 3211 3420 
3 3421 3212 3213 
3 3420 3212 3421 
3 3422 3213 3214 
3 3421 3213 3422 
3 3423 3214 3215 
3 3422 3214 3423 
3 3424 3215 3216 
3 3423 3215 3424 
3 3425 3216 3217 
3 3424 3216 3425 
3 3426 3217 3218 
3 3425 3217 3426 
3 3427 3218 3219 
3 3426 3218 3427 
3 3428 3219 3220 
3 3427 3219 3428 
3 3429 3220 3221 
3 3428 3220 3429 
3 3430 3221 3222 
3 3429 3221 3430 
3 3431 3222 3223 
3 3430 3222 3431 
3 3432 3223 3224 
3 3431 3223 3432 
3 3432 3224 3413 
3 3433 3405 3406 
3 3407 3405 3433 
3 3434 3407 3433 
3 3408 3407 3434 
3 3435 3406 3399 
3 3433 3406 3435 
3 3436 3398 3397 
3 3435 3399 3437 
3 3436 3397 3394 
3 3437 3398 3436 
3 3438 3394 3290 
3 3436 3394 3438 
3 3439 3290 3289 
3 3438 3290 3439 
3 3440 3289 3287 
3 3439 3289 3440 
3 3441 3287 3285 
3 3440 3287 3441 
3 3442 3285 3283 
3 3441 3285 3442 
3 3443 3283 3281 
3 3442 3283 3443 
3 3444 3281 3279 
3 3443 3281 3444 
3 3445 3279 3277 
3 3444 3279 3445 
3 3446 3277 3275 
3 3445 3277 3446 
3 3447 3433 3435 
3 3434 3433 3447 
3 3448 3435 3437 
3 3447 3435 3448 
3 3449 3437 3436 
3 3448 3437 3449 
3 3449 3436 3438 
3 3450 3438 3439 
3 3449 3438 3450 
3 3451 3439 3440 
3 3450 3439 3451 
3 3452 3440 3441 
3 3451 3440 3452 
3 3453 3441 3442 
3 3452 3441 3453 
3 3454 3442 3443 
3 3453 3442 3454 
3 3455 3443 3444 
3 3454 3443 3455 
3 3456 3444 3445 
3 3455 3444 3456 
3 3456 3445 3446 
3 3457 3275 3273 
3 3446 3275 3457 
3 3457 3273 3415 
3 3458 3446 3457 
3 3456 3446 3458 
3 3459 3415 3416 
3 3457 3415 3459 
3 3460 3457 3459 
3 3458 3457 3460 
3 3461 3252 3253 
3 3257 3252 3461 
3 3462 3253 3254 
3 3461 3253 3462 
3 3463 3254 3255 
3 3462 3254 3463 
3 3464 3255 3256 
3 3463 3255 3464 
3 3465 3256 3264 
3 3464 3256 3465 
3 3466 3264 3265 
3 3465 3264 3466 
3 3467 3265 3266 
3 3466 3265 3467 
3 3468 3266 3247 
3 3467 3266 3468 
3 3469 3293 3296 
3 3317 3293 3469 
3 3470 3296 3298 
3 3469 3296 3470 
3 3471 3298 3300 
3 3470 3298 3471 
3 3472 3300 3302 
3 3471 3300 3472 
3 3473 3302 3304 
3 3472 3302 3473 
3 3474 3304 3306 
3 3473 3304 3474 
3 3475 3306 3308 
3 3474 3306 3475 
3 3475 3308 3310 
3 3476 3310 3311 
3 3475 3310 3476 
3 3477 3311 3312 
3 3476 3311 3477 
3 3478 3312 3417 
3 3477 3312 3478 
3 3479 3417 3418 
3 3478 3417 3479 
3 3480 3418 3419 
3 3479 3418 3480 
3 3481 3419 3420 
3 3480 3419 3481 
3 3482 3420 3421 
3 3481 3420 3482 
3 3483 3421 3422 
3 3482 3421 3483 
3 3483 3422 3423 
3 3484 3423 3424 
3 3483 3423 3484 
3 3485 3424 3425 
3 3484 3424 3485 
3 3486 3425 3426 
3 3485 3425 3486 
3 3487 3426 3427 
3 3486 3426 3487 
3 3488 3427 3428 
3 3487 3427 3488 
3 3489 3428 3429 
3 3488 3428 3489 
3 3489 3429 3430 
3 3490 3430 3431 
3 3489 3430 3490 
3 3491 3431 3432 
3 3490 3431 3491 
3 3492 3432 3413 
3 3491 3432 3492 
3 3493 3261 3260 
3 3262 3261 3493 
3 3494 3260 3259 
3 3493 3260 3494 
3 3494 3259 3258 
3 3495 3456 3458 
3 3455 3456 3495 
3 3496 3455 3495 
3 3454 3455 3496 
3 3497 3454 3496 
3 3453 3454 3497 
3 3498 3453 3497 
3 3452 3453 3498 
3 3499 3452 3498 
3 3451 3452 3499 
3 3450 3451 3499 
3 3500 3450 3499 
3 3449 3450 3500 
3 3448 3449 3500 
3 3501 3458 3460 
3 3495 3458 3501 
3 3502 3448 3500 
3 3447 3448 3502 
3 3503 3460 3459 
3 3504 3460 3503 
3 3505 3475 3476 
3 3474 3475 3505 
3 3506 3476 3477 
3 3505 3476 3506 
3 3507 3477 3478 
3 3506 3477 3507 
3 3508 3478 3479 
3 3507 3478 3508 
3 3509 3474 3505 
3 3473 3474 3509 
3 3510 3473 3509 
3 3472 3473 3510 
3 3511 3472 3510 
3 3471 3472 3511 
3 3512 3471 3511 
3 3470 3471 3512 
3 3513 3470 3512 
3 3469 3470 3513 
3 3514 3469 3513 
3 3317 3469 3514 
3 3515 3479 3480 
3 3508 3479 3515 
3 3516 3480 3481 
3 3515 3480 3516 
3 3517 3481 3482 
3 3516 3481 3517 
3 3518 3482 3483 
3 3517 3482 3518 
3 3518 3483 3484 
3 3519 3317 3514 
3 3318 3317 3519 
3 3320 3318 3519 
3 3520 3320 3519 
3 3322 3320 3520 
3 3521 3322 3520 
3 3323 3322 3521 
3 3324 3323 3521 
3 3522 3324 3521 
3 3326 3324 3522 
3 3523 3521 3520 
3 3522 3521 3523 
3 3524 3326 3522 
3 3328 3326 3524 
3 3525 3522 3523 
3 3524 3522 3525 
3 3526 3328 3524 
3 3330 3328 3526 
3 3527 3330 3526 
3 3332 3330 3527 
3 3528 3332 3527 
3 3334 3332 3528 
3 3529 3334 3528 
3 3336 3334 3529 
3 3530 3336 3529 
3 3337 3336 3530 
3 3531 3337 3530 
3 3342 3337 3531 
3 3344 3342 3531 
3 3532 3524 3525 
3 3526 3524 3532 
3 3533 3526 3532 
3 3527 3526 3533 
3 3534 3527 3533 
3 3528 3527 3534 
3 3535 3344 3531 
3 3360 3344 3535 
3 3536 3360 3535 
3 3400 3360 3536 
3 3537 3400 3536 
3 3401 3400 3537 
3 3538 3401 3537 
3 3402 3401 3538 
3 3539 3402 3538 
3 3403 3402 3539 
3 3540 3403 3539 
3 3404 3403 3540 
3 3541 3404 3540 
3 3414 3404 3541 
3 3542 3538 3537 
3 3539 3538 3542 
3 3543 3537 3536 
3 3542 3537 3543 
3 3544 3536 3535 
3 3543 3536 3544 
3 3545 3539 3542 
3 3540 3539 3545 
3 3546 3540 3545 
3 3541 3540 3546 
3 3547 3541 3546 
3 3414 3541 3547 
3 3548 3414 3547 
3 3392 3414 3548 
3 3549 3392 3548 
3 3391 3392 3549 
3 3550 3391 3549 
3 3390 3391 3550 
3 3551 3535 3531 
3 3544 3535 3551 
3 3551 3531 3530 
3 3552 3530 3529 
3 3551 3530 3552 
3 3553 3529 3528 
3 3553 3528 3534 
3 3552 3529 3553 
3 3554 3552 3553 
3 3551 3552 3554 
3 3555 3551 3554 
3 3544 3551 3555 
3 3556 3553 3534 
3 3554 3553 3556 
3 3557 3554 3556 
3 3555 3554 3557 
3 3558 3544 3555 
3 3543 3544 3558 
3 3559 3555 3557 
3 3558 3555 3559 
3 3560 3542 3543 
3 3545 3542 3560 
3 3560 3543 3558 
3 3561 3545 3560 
3 3546 3545 3561 
3 3562 3560 3558 
3 3561 3560 3562 
3 3563 3558 3559 
3 3562 3558 3563 
3 3564 3546 3561 
3 3547 3546 3564 
3 3565 3547 3564 
3 3548 3547 3565 
3 3566 3548 3565 
3 3549 3548 3566 
3 3567 3549 3566 
3 3550 3549 3567 
3 3568 3561 3562 
3 3564 3561 3568 
3 3569 3562 3563 
3 3568 3562 3569 
3 3570 3563 3559 
3 3569 3563 3570 
3 3571 3559 3557 
3 3570 3559 3571 
3 3572 3557 3556 
3 3571 3557 3572 
3 3573 3556 3534 
3 3572 3556 3573 
3 3573 3534 3533 
3 3574 3564 3568 
3 3565 3564 3574 
3 3575 3568 3569 
3 3576 3568 3575 
3 3577 3569 3570 
3 3575 3569 3577 
3 3578 3570 3571 
3 3577 3570 3578 
3 3579 3571 3572 
3 3578 3571 3579 
3 3580 3572 3573 
3 3579 3572 3580 
3 3581 3573 3533 
3 3580 3573 3581 
3 3581 3533 3532 
3 3582 3532 3525 
3 3581 3532 3582 
3 3583 3525 3523 
3 3582 3525 3583 
3 3584 3523 3520 
3 3583 3523 3584 
3 3584 3520 3519 
3 3585 3519 3514 
3 3584 3519 3585 
3 3586 3514 3513 
3 3585 3514 3586 
3 3587 3513 3512 
3 3586 3513 3587 
3 3588 3512 3511 
3 3587 3512 3588 
3 3589 3511 3510 
3 3588 3511 3589 
3 3590 3584 3585 
3 3583 3584 3590 
3 3591 3585 3586 
3 3590 3585 3591 
3 3592 3586 3587 
3 3591 3586 3592 
3 3593 3587 3588 
3 3592 3587 3593 
3 3594 3588 3589 
3 3593 3588 3594 
3 3595 3583 3590 
3 3582 3583 3595 
3 3596 3582 3595 
3 3581 3582 3596 
3 3597 3581 3596 
3 3580 3581 3597 
3 3598 3580 3597 
3 3579 3580 3598 
3 3599 3579 3598 
3 3578 3579 3599 
3 3600 3578 3599 
3 3577 3578 3600 
3 3601 3577 3600 
3 3575 3577 3601 
3 3602 3510 3509 
3 3589 3510 3602 
3 3603 3589 3602 
3 3594 3589 3603 
3 3604 3509 3505 
3 3602 3509 3604 
3 3604 3505 3506 
3 3605 3506 3507 
3 3604 3506 3605 
3 3606 3507 3508 
3 3605 3507 3606 
3 3607 3508 3515 
3 3606 3508 3607 
3 3608 3515 3516 
3 3607 3515 3608 
3 3609 3516 3517 
3 3608 3516 3609 
3 3610 3517 3518 
3 3609 3517 3610 
3 3611 3518 3484 
3 3610 3518 3611 
3 3611 3484 3485 
3 3612 3485 3486 
3 3611 3485 3612 
3 3613 3486 3487 
3 3612 3486 3613 
3 3614 3487 3488 
3 3613 3487 3614 
3 3615 3488 3489 
3 3614 3488 3615 
3 3616 3489 3490 
3 3615 3489 3616 
3 3617 3490 3491 
3 3616 3490 3617 
3 3618 3491 3492 
3 3617 3491 3618 
3 3619 3492 3413 
3 3618 3492 3620 
3 3619 3413 3412 
3 3620 3492 3619 
3 3621 3412 3411 
3 3619 3412 3621 
3 3622 3411 3410 
3 3621 3411 3622 
3 3623 3410 3409 
3 3622 3410 3623 
3 3624 3409 3339 
3 3623 3409 3624 
3 3625 3339 3338 
3 3624 3339 3625 
3 3625 3338 3340 
3 3626 3340 3385 
3 3625 3340 3626 
3 3627 3385 3386 
3 3626 3385 3627 
3 3628 3386 3387 
3 3627 3386 3628 
3 3628 3387 3395 
3 3629 3395 3396 
3 3628 3395 3629 
3 3630 3396 3384 
3 3629 3396 3630 
3 3631 3447 3502 
3 3632 3447 3631 
3 3434 3447 3632 
3 3633 3434 3632 
3 3408 3434 3633 
3 3634 3632 3631 
3 3633 3632 3634 
3 3635 3408 3633 
3 3246 3408 3635 
3 3636 3246 3635 
3 3637 3636 3635 
3 3468 3636 3638 
3 3639 3633 3634 
3 3635 3633 3639 
3 3637 3635 3639 
3 3638 3636 3637 
3 3640 3384 3263 
3 3630 3384 3640 
3 3641 3263 3262 
3 3640 3263 3641 
3 3641 3262 3493 
3 3642 3575 3601 
3 3576 3575 3642 
3 3574 3568 3576 
3 3643 3459 3416 
3 3503 3459 3643 
3 3644 3416 3272 
3 3643 3416 3644 
3 3644 3272 3200 
3 3645 3200 3198 
3 3644 3200 3645 
3 3646 3198 3196 
3 3645 3198 3646 
3 3647 3196 3194 
3 3647 3194 3377 
3 3646 3196 3647 
3 3648 3377 3378 
3 3647 3377 3648 
3 3649 3378 3388 
3 3648 3378 3649 
3 3650 3388 3389 
3 3649 3388 3650 
3 3651 3389 3390 
3 3650 3389 3651 
3 3651 3390 3550 
3 3652 3550 3567 
3 3651 3550 3652 
3 3653 3646 3647 
3 3645 3646 3653 
3 3653 3647 3648 
3 3654 3645 3653 
3 3644 3645 3654 
3 3655 3644 3654 
3 3643 3644 3655 
3 3656 3643 3655 
3 3503 3643 3656 
3 3657 3648 3649 
3 3658 3648 3657 
3 3658 3653 3648 
3 3654 3653 3658 
3 3659 3654 3658 
3 3655 3654 3659 
3 3660 3655 3659 
3 3656 3655 3660 
3 3661 3649 3650 
3 3657 3649 3661 
3 3662 3650 3651 
3 3661 3650 3662 
3 3662 3651 3652 
3 3663 3658 3657 
3 3659 3658 3663 
3 3664 3657 3661 
3 3663 3657 3664 
3 3665 3659 3663 
3 3660 3659 3665 
3 3666 3661 3662 
3 3664 3661 3666 
3 3667 3662 3652 
3 3666 3662 3667 
3 3668 3652 3567 
3 3667 3652 3668 
3 3669 3567 3566 
3 3668 3567 3669 
3 3670 3566 3565 
3 3670 3565 3574 
3 3669 3566 3670 
3 3671 3574 3576 
3 3670 3574 3671 
3 3672 3576 3642 
3 3671 3576 3672 
3 3673 3669 3670 
3 3668 3669 3673 
3 3673 3670 3671 
3 3674 3668 3673 
3 3667 3668 3674 
3 3675 3673 3671 
3 3674 3673 3675 
3 3675 3671 3672 
3 3676 3257 3461 
3 3258 3257 3676 
3 3677 3258 3676 
3 3494 3258 3677 
3 3678 3494 3677 
3 3493 3494 3678 
3 3641 3493 3678 
3 3679 3641 3678 
3 3640 3641 3679 
3 3680 3640 3679 
3 3630 3640 3680 
3 3681 3461 3462 
3 3676 3461 3681 
3 3682 3462 3463 
3 3681 3462 3682 
3 3683 3677 3676 
3 3678 3677 3684 
3 3679 3678 3684 
3 3683 3676 3681 
3 3684 3677 3683 
3 3685 3681 3682 
3 3683 3681 3685 
3 3686 3463 3464 
3 3682 3463 3686 
3 3687 3682 3686 
3 3685 3682 3687 
3 3688 3464 3465 
3 3686 3464 3688 
3 3689 3465 3466 
3 3688 3465 3689 
3 3690 3466 3467 
3 3689 3466 3690 
3 3691 3467 3468 
3 3690 3467 3691 
3 3692 3468 3638 
3 3691 3468 3692 
3 3693 3686 3688 
3 3687 3686 3693 
3 3694 3688 3689 
3 3693 3688 3694 
3 3695 3689 3690 
3 3694 3689 3695 
3 3696 3690 3691 
3 3695 3690 3696 
3 3697 3691 3692 
3 3696 3691 3697 
3 3698 3692 3638 
3 3697 3692 3698 
3 3699 3638 3637 
3 3698 3638 3699 
3 3700 3637 3639 
3 3699 3637 3700 
3 3701 3639 3634 
3 3700 3639 3701 
3 3702 3634 3631 
3 3701 3634 3702 
3 3703 3631 3502 
3 3702 3631 3703 
3 3704 3502 3500 
3 3703 3502 3704 
3 3704 3500 3499 
3 3705 3499 3498 
3 3704 3499 3705 
3 3706 3498 3497 
3 3705 3498 3706 
3 3707 3497 3496 
3 3706 3497 3707 
3 3708 3496 3495 
3 3707 3496 3708 
3 3708 3495 3501 
3 3709 3590 3591 
3 3595 3590 3709 
3 3710 3591 3592 
3 3709 3591 3710 
3 3711 3592 3593 
3 3710 3592 3711 
3 3712 3593 3594 
3 3711 3593 3712 
3 3713 3594 3603 
3 3712 3594 3713 
3 3714 3595 3709 
3 3596 3595 3714 
3 3715 3596 3714 
3 3597 3596 3715 
3 3716 3597 3715 
3 3598 3597 3716 
3 3717 3709 3710 
3 3714 3709 3717 
3 3718 3710 3711 
3 3717 3710 3718 
3 3718 3711 3712 
3 3719 3715 3714 
3 3716 3715 3719 
3 3720 3714 3717 
3 3719 3714 3720 
3 3721 3717 3718 
3 3720 3717 3721 
3 3722 3718 3712 
3 3721 3718 3722 
3 3723 3712 3713 
3 3724 3598 3716 
3 3599 3598 3724 
3 3725 3716 3719 
3 3724 3716 3725 
3 3726 3719 3720 
3 3725 3719 3726 
3 3727 3720 3721 
3 3726 3720 3727 
3 3728 3721 3722 
3 3727 3721 3728 
3 3729 3599 3724 
3 3600 3599 3729 
3 3730 3600 3729 
3 3601 3600 3730 
3 3731 3601 3730 
3 3642 3601 3731 
3 3732 3642 3731 
3 3672 3642 3732 
3 3733 3672 3732 
3 3675 3672 3733 
3 3734 3724 3725 
3 3729 3724 3734 
3 3735 3725 3726 
3 3734 3725 3735 
3 3736 3726 3727 
3 3735 3726 3736 
3 3736 3727 3728 
3 3737 3729 3734 
3 3730 3729 3737 
3 3738 3734 3735 
3 3737 3734 3738 
3 3739 3735 3736 
3 3738 3735 3739 
3 3740 3736 3728 
3 3739 3736 3740 
3 3741 3728 3722 
3 3740 3728 3741 
3 3723 3722 3712 
3 3741 3722 3723 
3 3742 3730 3737 
3 3731 3730 3742 
3 3743 3731 3742 
3 3732 3731 3743 
3 3744 3732 3743 
3 3745 3732 3744 
3 3746 3737 3738 
3 3742 3737 3746 
3 3747 3738 3739 
3 3746 3738 3747 
3 3748 3739 3740 
3 3747 3739 3748 
3 3749 3740 3741 
3 3748 3740 3749 
3 3750 3741 3723 
3 3749 3741 3750 
3 3751 3742 3746 
3 3752 3742 3751 
3 3743 3742 3752 
3 3753 3743 3752 
3 3744 3743 3753 
3 3754 3752 3751 
3 3753 3752 3754 
3 3755 3746 3747 
3 3751 3746 3755 
3 3756 3751 3755 
3 3754 3751 3756 
3 3757 3747 3748 
3 3755 3747 3757 
3 3758 3748 3749 
3 3757 3748 3758 
3 3759 3749 3750 
3 3758 3749 3759 
3 3760 3755 3757 
3 3761 3755 3760 
3 3762 3757 3758 
3 3760 3757 3762 
3 3763 3758 3759 
3 3762 3758 3763 
3 3764 3723 3713 
3 3750 3723 3764 
3 3765 3713 3603 
3 3764 3713 3765 
3 3766 3603 3602 
3 3766 3602 3604 
3 3765 3603 3766 
3 3767 3604 3605 
3 3766 3604 3767 
3 3768 3765 3766 
3 3764 3765 3768 
3 3768 3766 3767 
3 3769 3764 3768 
3 3750 3764 3769 
3 3759 3750 3769 
3 3770 3605 3606 
3 3767 3605 3770 
3 3771 3606 3607 
3 3770 3606 3771 
3 3772 3767 3770 
3 3768 3767 3772 
3 3769 3768 3772 
3 3773 3769 3772 
3 3759 3769 3773 
3 3774 3759 3773 
3 3775 3770 3771 
3 3772 3770 3775 
3 3773 3772 3775 
3 3776 3607 3608 
3 3771 3607 3776 
3 3777 3608 3609 
3 3776 3608 3777 
3 3778 3609 3610 
3 3777 3609 3778 
3 3779 3771 3776 
3 3775 3771 3779 
3 3780 3776 3777 
3 3779 3776 3780 
3 3781 3777 3778 
3 3780 3777 3781 
3 3782 3775 3779 
3 3773 3775 3782 
3 3774 3773 3782 
3 3763 3759 3774 
3 3783 3610 3611 
3 3778 3610 3783 
3 3784 3778 3783 
3 3781 3778 3784 
3 3785 3611 3612 
3 3783 3611 3785 
3 3786 3612 3613 
3 3785 3612 3786 
3 3787 3613 3614 
3 3786 3613 3787 
3 3788 3614 3615 
3 3787 3614 3788 
3 3789 3615 3616 
3 3788 3615 3789 
3 3789 3616 3617 
3 3790 3779 3780 
3 3782 3779 3790 
3 3791 3780 3781 
3 3790 3780 3791 
3 3792 3781 3784 
3 3791 3781 3792 
3 3793 3783 3785 
3 3784 3783 3793 
3 3794 3784 3793 
3 3792 3784 3794 
3 3795 3785 3786 
3 3793 3785 3795 
3 3796 3786 3787 
3 3795 3786 3796 
3 3797 3787 3788 
3 3796 3787 3797 
3 3798 3788 3789 
3 3797 3788 3798 
3 3799 3789 3617 
3 3798 3789 3799 
3 3800 3617 3618 
3 3799 3617 3800 
3 3801 3618 3620 
3 3800 3618 3801 
3 3802 3620 3619 
3 3803 3620 3802 
3 3802 3619 3621 
3 3804 3621 3622 
3 3802 3621 3804 
3 3805 3622 3623 
3 3804 3622 3805 
3 3806 3623 3624 
3 3805 3623 3806 
3 3807 3624 3625 
3 3806 3624 3807 
3 3808 3625 3626 
3 3807 3625 3808 
3 3809 3626 3627 
3 3808 3626 3809 
3 3810 3627 3628 
3 3809 3627 3810 
3 3810 3628 3629 
3 3811 3782 3790 
3 3774 3782 3811 
3 3812 3774 3811 
3 3763 3774 3812 
3 3813 3763 3812 
3 3762 3763 3813 
3 3814 3790 3791 
3 3811 3790 3814 
3 3815 3791 3792 
3 3814 3791 3815 
3 3816 3792 3794 
3 3815 3792 3816 
3 3817 3794 3793 
3 3816 3794 3818 
3 3817 3793 3795 
3 3818 3794 3817 
3 3819 3795 3796 
3 3817 3795 3819 
3 3820 3796 3797 
3 3819 3796 3820 
3 3821 3797 3798 
3 3820 3797 3821 
3 3822 3798 3799 
3 3821 3798 3822 
3 3823 3811 3814 
3 3812 3811 3823 
3 3824 3814 3815 
3 3823 3814 3824 
3 3825 3815 3816 
3 3824 3815 3825 
3 3826 3816 3818 
3 3825 3816 3826 
3 3827 3818 3817 
3 3828 3818 3827 
3 3827 3817 3819 
3 3829 3819 3820 
3 3827 3819 3829 
3 3830 3820 3821 
3 3829 3820 3830 
3 3831 3821 3822 
3 3830 3821 3831 
3 3832 3629 3630 
3 3810 3629 3832 
3 3833 3630 3680 
3 3832 3630 3833 
3 3834 3680 3679 
3 3833 3680 3834 
3 3835 3679 3684 
3 3834 3679 3835 
3 3836 3684 3683 
3 3835 3684 3836 
3 3836 3683 3685 
3 3837 3685 3687 
3 3836 3685 3837 
3 3838 3836 3837 
3 3835 3836 3838 
3 3839 3835 3838 
3 3834 3835 3839 
3 3840 3834 3839 
3 3833 3834 3840 
3 3841 3833 3840 
3 3832 3833 3841 
3 3842 3832 3841 
3 3810 3832 3842 
3 3843 3809 3842 
3 3809 3810 3842 
3 3844 3809 3843 
3 3808 3809 3844 
3 3807 3808 3844 
3 3845 3807 3844 
3 3806 3807 3845 
3 3846 3844 3843 
3 3845 3844 3846 
3 3847 3839 3838 
3 3848 3839 3847 
3 3848 3840 3839 
3 3841 3840 3848 
3 3849 3841 3848 
3 3842 3841 3849 
3 3843 3842 3849 
3 3850 3843 3849 
3 3846 3843 3850 
3 3851 3687 3693 
3 3837 3687 3851 
3 3852 3837 3851 
3 3838 3837 3853 
3 3847 3838 3853 
3 3854 3693 3694 
3 3851 3693 3855 
3 3856 3694 3695 
3 3855 3693 3854 
3 3857 3695 3696 
3 3856 3695 3857 
3 3858 3696 3697 
3 3857 3696 3858 
3 3859 3697 3698 
3 3858 3697 3859 
3 3860 3698 3699 
3 3859 3698 3860 
3 3860 3699 3700 
3 3861 3806 3845 
3 3805 3806 3861 
3 3862 3845 3846 
3 3861 3845 3862 
3 3863 3846 3850 
3 3862 3846 3863 
3 3864 3805 3861 
3 3804 3805 3864 
3 3865 3804 3864 
3 3802 3804 3865 
3 3803 3802 3865 
3 3801 3620 3803 
3 3866 3850 3849 
3 3863 3850 3866 
3 3867 3849 3848 
3 3866 3849 3867 
3 3867 3848 3847 
3 3868 3847 3853 
3 3867 3847 3868 
3 3869 3867 3868 
3 3866 3867 3869 
3 3870 3866 3869 
3 3863 3866 3870 
3 3871 3868 3852 
3 3869 3868 3871 
3 3872 3852 3851 
3 3871 3852 3872 
3 3872 3851 3855 
3 3873 3869 3871 
3 3870 3869 3873 
3 3874 3871 3872 
3 3873 3871 3874 
3 3875 3872 3855 
3 3874 3872 3875 
3 3876 3855 3854 
3 3875 3855 3876 
3 3877 3863 3870 
3 3862 3863 3877 
3 3878 3870 3873 
3 3877 3870 3878 
3 3879 3862 3877 
3 3861 3862 3879 
3 3864 3861 3879 
3 3880 3877 3878 
3 3879 3877 3880 
3 3881 3873 3874 
3 3878 3873 3881 
3 3882 3878 3881 
3 3880 3878 3882 
3 3883 3874 3875 
3 3881 3874 3883 
3 3883 3875 3876 
3 3884 3865 3864 
3 3803 3865 3885 
3 3884 3864 3879 
3 3885 3865 3884 
3 3886 3879 3880 
3 3884 3879 3886 
3 3887 3880 3882 
3 3886 3880 3887 
3 3888 3882 3881 
3 3887 3882 3889 
3 3888 3881 3883 
3 3889 3882 3888 
3 3890 3883 3876 
3 3888 3883 3890 
3 3891 3888 3890 
3 3889 3888 3891 
3 3893 3889 3892 
3 3887 3889 3893 
3 3894 3887 3893 
3 3886 3887 3894 
3 3895 3886 3894 
3 3884 3886 3895 
3 3885 3884 3895 
3 3896 3885 3895 
3 3803 3885 3897 
3 3898 3803 3897 
3 3801 3803 3898 
3 3800 3801 3898 
3 3899 3800 3898 
3 3799 3800 3899 
3 3822 3799 3899 
3 3900 3822 3899 
3 3831 3822 3900 
3 3901 3899 3898 
3 3900 3899 3901 
3 3901 3898 3897 
3 3902 3901 3897 
3 3900 3901 3902 
3 3896 3897 3885 
3 3902 3897 3896 
3 3903 3895 3894 
3 3896 3895 3903 
3 3904 3900 3902 
3 3831 3900 3904 
3 3905 3831 3904 
3 3830 3831 3905 
3 3829 3830 3905 
3 3906 3829 3905 
3 3827 3829 3906 
3 3828 3827 3906 
3 3826 3818 3828 
3 3907 3905 3904 
3 3906 3905 3907 
3 3908 3906 3907 
3 3828 3906 3908 
3 3909 3856 3857 
3 3910 3856 3909 
3 3910 3911 3854 
3 3911 3876 3854 
3 3912 3857 3858 
3 3909 3857 3912 
3 3913 3858 3859 
3 3912 3858 3913 
3 3914 3904 3902 
3 3907 3904 3914 
3 3914 3902 3896 
3 3914 3896 3903 
3 3915 3903 3894 
3 3915 3894 3893 
3 3916 3907 3914 
3 3908 3907 3916 
3 3917 3914 3903 
3 3916 3914 3917 
3 3917 3903 3915 
3 3918 3859 3860 
3 3913 3859 3918 
3 3919 3860 3700 
3 3918 3860 3919 
3 3920 3700 3701 
3 3919 3700 3920 
3 3921 3701 3702 
3 3920 3701 3921 
3 3922 3702 3703 
3 3921 3702 3922 
3 3923 3703 3704 
3 3922 3703 3923 
3 3924 3704 3705 
3 3923 3704 3924 
3 3925 3705 3706 
3 3924 3705 3925 
3 3926 3706 3707 
3 3925 3706 3926 
3 3927 3707 3708 
3 3926 3707 3927 
3 3928 3708 3501 
3 3927 3708 3928 
3 3504 3501 3460 
3 3928 3501 3504 
3 3929 3503 3656 
3 3504 3503 3929 
3 3930 3656 3660 
3 3929 3656 3930 
3 3931 3660 3665 
3 3930 3660 3931 
3 3932 3504 3929 
3 3928 3504 3932 
3 3933 3929 3930 
3 3932 3929 3933 
3 3934 3930 3931 
3 3933 3930 3934 
3 3935 3928 3932 
3 3927 3928 3935 
3 3936 3932 3933 
3 3935 3932 3936 
3 3937 3933 3934 
3 3936 3933 3937 
3 3938 3927 3935 
3 3939 3927 3938 
3 3926 3927 3939 
3 3940 3926 3939 
3 3925 3926 3940 
3 3924 3925 3940 
3 3941 3924 3940 
3 3923 3924 3941 
3 3942 3923 3941 
3 3922 3923 3942 
3 3943 3922 3942 
3 3921 3922 3943 
3 3944 3921 3943 
3 3920 3921 3944 
3 3945 3920 3944 
3 3919 3920 3945 
3 3946 3919 3945 
3 3918 3919 3946 
3 3947 3935 3936 
3 3938 3935 3947 
3 3948 3936 3937 
3 3947 3936 3948 
3 3949 3940 3939 
3 3941 3940 3949 
3 3949 3939 3938 
3 3950 3941 3949 
3 3942 3941 3950 
3 3951 3942 3950 
3 3943 3942 3951 
3 3952 3943 3951 
3 3944 3943 3952 
3 3953 3944 3952 
3 3945 3944 3953 
3 3954 3945 3953 
3 3946 3945 3954 
3 3955 3949 3938 
3 3950 3949 3955 
3 3955 3938 3947 
3 3956 3950 3955 
3 3951 3950 3956 
3 3957 3951 3956 
3 3952 3951 3957 
3 3958 3952 3957 
3 3953 3952 3958 
3 3959 3953 3958 
3 3954 3953 3959 
3 3960 3955 3947 
3 3956 3955 3960 
3 3961 3947 3948 
3 3960 3947 3961 
3 3962 3956 3960 
3 3957 3956 3962 
3 3963 3957 3962 
3 3958 3957 3963 
3 3964 3958 3963 
3 3959 3958 3964 
3 3965 3963 3962 
3 3964 3963 3965 
3 3966 3960 3961 
3 3962 3960 3966 
3 3967 3962 3966 
3 3965 3962 3967 
3 3968 3961 3948 
3 3966 3961 3968 
3 3969 3948 3937 
3 3968 3948 3969 
3 3970 3937 3934 
3 3969 3937 3970 
3 3971 3934 3931 
3 3970 3934 3971 
3 3972 3931 3665 
3 3971 3931 3972 
3 3973 3665 3663 
3 3972 3665 3973 
3 3974 3973 3664 
3 3973 3663 3664 
3 3974 3664 3666 
3 3975 3966 3968 
3 3967 3966 3975 
3 3976 3968 3969 
3 3975 3968 3976 
3 3977 3969 3970 
3 3976 3969 3977 
3 3978 3970 3971 
3 3977 3970 3978 
3 3979 3971 3972 
3 3978 3971 3979 
3 3980 3972 3973 
3 3979 3972 3980 
3 3980 3973 3974 
3 3981 3974 3666 
3 3980 3974 3982 
3 3981 3666 3667 
3 3982 3974 3981 
3 3983 3667 3674 
3 3981 3667 3983 
3 3984 3674 3675 
3 3983 3674 3984 
3 3985 3984 3733 
3 3984 3675 3733 
3 3745 3733 3732 
3 3985 3733 3745 
3 3986 3980 3982 
3 3979 3980 3986 
3 3987 3982 3981 
3 3986 3982 3987 
3 3987 3981 3983 
3 3988 3983 3984 
3 3987 3983 3988 
3 3988 3984 3985 
3 3989 3979 3986 
3 3978 3979 3989 
3 3990 3978 3989 
3 3977 3978 3990 
3 3991 3977 3990 
3 3976 3977 3991 
3 3992 3976 3991 
3 3975 3976 3992 
3 3993 3987 3988 
3 3986 3987 3993 
3 3989 3986 3993 
3 3993 3988 3985 
3 3994 3985 3745 
3 3993 3985 3994 
3 3995 3993 3994 
3 3989 3993 3995 
3 3990 3989 3995 
3 3996 3745 3744 
3 3994 3745 3996 
3 3997 3744 3753 
3 3996 3744 3997 
3 3998 3994 3996 
3 3995 3994 3998 
3 3999 3995 3998 
3 3990 3995 3999 
3 3991 3990 3999 
3 4000 3991 3999 
3 3992 3991 4000 
3 4001 3999 3998 
3 4000 3999 4001 
3 4002 3998 3996 
3 4001 3998 4002 
3 4002 3996 3997 
3 4003 3753 3754 
3 3997 3753 4003 
3 4004 3997 4003 
3 4002 3997 4004 
3 4005 3754 3756 
3 4003 3754 4005 
3 4006 4003 4005 
3 4004 4003 4006 
3 4007 3975 3992 
3 3967 3975 4007 
3 4008 3992 4000 
3 4007 3992 4008 
3 4009 4000 4001 
3 4008 4000 4009 
3 4010 4001 4002 
3 4009 4001 4010 
3 4010 4002 4004 
3 4011 4004 4006 
3 4010 4004 4011 
3 4012 3967 4007 
3 3965 3967 4012 
3 4013 4007 4008 
3 4012 4007 4013 
3 4014 4008 4009 
3 4013 4008 4014 
3 4015 4009 4010 
3 4014 4009 4015 
3 4015 4010 4011 
3 4016 3965 4012 
3 3964 3965 4016 
3 4017 3964 4016 
3 3959 3964 4017 
3 4018 3959 4017 
3 3954 3959 4018 
3 4019 3954 4018 
3 3946 3954 4019 
3 4020 3946 4019 
3 3918 3946 4020 
3 4021 3918 4020 
3 3913 3918 4021 
3 4022 3913 4021 
3 3912 3913 4022 
3 4023 3912 4022 
3 3909 3912 4023 
3 4024 3909 4023 
3 3910 3909 4024 
3 4025 3910 4024 
3 3911 3910 4025 
3 4026 3911 4025 
3 3890 3911 4026 
3 4027 4024 4023 
3 4028 4024 4027 
3 4029 4023 4022 
3 4027 4023 4029 
3 4030 4022 4021 
3 4029 4022 4030 
3 4031 4021 4020 
3 4030 4021 4031 
3 4032 4020 4019 
3 4031 4020 4032 
3 4033 4019 4018 
3 4032 4019 4033 
3 4033 4018 4017 
3 4034 3828 3908 
3 3826 3828 4034 
3 4035 3826 4034 
3 3825 3826 4035 
3 4036 3825 4035 
3 3824 3825 4036 
3 4037 3824 4036 
3 3823 3824 4037 
3 4038 3823 4037 
3 3812 3823 4038 
3 4039 3812 4038 
3 3813 3812 4039 
3 4040 3813 4039 
3 4041 3813 4040 
3 4041 3762 3813 
3 3760 3762 4041 
3 4042 3908 3916 
3 4034 3908 4042 
3 4043 4034 4042 
3 4035 4034 4043 
3 4044 4035 4043 
3 4036 4035 4044 
3 4045 4036 4044 
3 4037 4036 4045 
3 4046 4037 4045 
3 4046 4038 4037 
3 4039 4038 4046 
3 4047 4039 4046 
3 4040 4039 4047 
3 4048 3916 3917 
3 4042 3916 4048 
3 4049 3917 3915 
3 4048 3917 4049 
3 4050 3915 3893 
3 4049 3915 4050 
3 4051 4050 3892 
3 4050 3893 3892 
3 4051 3892 4052 
3 4053 4050 4051 
3 4049 4050 4053 
3 4053 4051 4054 
3 4055 4049 4053 
3 4048 4049 4055 
3 4056 4053 4054 
3 4055 4053 4056 
3 4057 4048 4055 
3 4042 4048 4057 
3 4058 4042 4057 
3 4043 4042 4058 
3 4059 4055 4056 
3 4057 4055 4059 
3 4060 4043 4058 
3 4044 4043 4060 
3 4061 4058 4057 
3 4060 4058 4061 
3 4061 4057 4059 
3 4062 4026 4025 
3 4054 4052 4062 
3 4054 4051 4052 
3 4028 4025 4024 
3 4062 4025 4028 
3 4063 4054 4062 
3 4056 4054 4063 
3 4064 4062 4028 
3 4063 4062 4064 
3 4065 4056 4063 
3 4059 4056 4065 
3 4066 4063 4064 
3 4065 4063 4066 
3 4067 4028 4027 
3 4064 4028 4067 
3 4068 4027 4029 
3 4069 4064 4067 
3 4066 4064 4069 
3 4070 4059 4065 
3 4061 4059 4070 
3 4071 4065 4066 
3 4070 4065 4071 
3 4071 4066 4069 
3 4072 4046 4045 
3 4047 4046 4072 
3 4073 4045 4044 
3 4072 4045 4073 
3 4073 4044 4060 
3 4074 4060 4061 
3 4073 4060 4074 
3 4075 4061 4070 
3 4074 4061 4075 
3 4076 4070 4071 
3 4075 4070 4076 
3 4077 4071 4069 
3 4076 4071 4077 
3 4078 4073 4074 
3 4072 4073 4078 
3 4079 4074 4075 
3 4078 4074 4079 
3 4079 4075 4076 
3 4068 4067 4027 
3 4069 4067 4080 
3 4077 4069 4080 
3 4081 4029 4030 
3 4068 4029 4081 
3 4082 4076 4077 
3 4079 4076 4082 
3 4083 4079 4082 
3 4078 4079 4083 
3 4084 4077 4080 
3 4082 4077 4084 
3 4085 4068 4081 
3 4084 4080 4085 
3 4086 4082 4084 
3 4083 4082 4086 
3 4087 4081 4030 
3 4088 4081 4087 
3 4087 4030 4031 
3 4089 4031 4032 
3 4087 4031 4089 
3 4089 4032 4033 
3 4090 4033 4017 
3 4089 4033 4090 
3 4091 4017 4016 
3 4090 4017 4091 
3 4092 4016 4012 
3 4091 4016 4092 
3 4092 4012 4013 
3 4093 4089 4090 
3 4087 4089 4093 
3 4088 4087 4093 
3 4085 4081 4088 
3 4094 4085 4088 
3 4084 4085 4094 
3 4095 4090 4091 
3 4093 4090 4095 
3 4096 4091 4092 
3 4095 4091 4096 
3 4097 4092 4013 
3 4096 4092 4097 
3 4097 4013 4014 
3 4098 4014 4015 
3 4097 4014 4098 
3 4098 4015 4011 
3 4099 4011 4006 
3 4098 4011 4099 
3 4100 4098 4099 
3 4097 4098 4100 
3 4101 4097 4100 
3 4096 4097 4101 
3 4102 4078 4083 
3 4072 4078 4102 
3 4103 4072 4102 
3 4047 4072 4103 
3 4104 4083 4086 
3 4102 4083 4104 
3 4094 4086 4084 
3 4106 4086 4105 
3 4107 4047 4103 
3 4040 4047 4107 
3 4108 4040 4107 
3 4041 4040 4108 
3 4109 4103 4102 
3 4107 4103 4109 
3 4109 4102 4104 
3 4110 4041 4108 
3 3760 4041 4110 
3 3761 3760 4110 
3 3756 3755 3761 
3 4111 3756 3761 
3 4005 3756 4111 
3 4112 4108 4107 
3 4110 4108 4112 
3 4112 4107 4109 
3 4113 4110 4112 
3 3761 4110 4113 
3 4111 3761 4113 
3 4114 4112 4109 
3 4113 4112 4114 
3 4114 4109 4104 
3 4106 4104 4086 
3 4114 4104 4106 
3 4115 4113 4114 
3 4111 4113 4115 
3 4115 4114 4106 
3 4116 4005 4111 
3 4006 4005 4116 
3 4116 4111 4115 
3 4099 4006 4116 
3 4117 4100 4099 
3 4101 4100 4117 
3 4117 4099 4116 
3 4117 4116 4115 
3 4117 4115 4118 
3 4101 4117 4118 
3 4096 4101 4119 
3 4095 4096 4119 
3 4120 4119 4105 
3 4095 4119 4120 
3 4086 4094 4105 
3 4120 4093 4095 
3 4088 4093 4120 
3 3853 3852 3868 
3 3852 3853 3837 
3 3911 3890 3876 
3 3890 4026 3891 
3 3892 3891 4052 
3 3891 3892 3889 
3 4068 4080 4067 
3 4080 4068 4085 
3 4120 4094 4088 
3 4094 4120 4105 
3 4119 4118 4105 
3 4118 4119 4101 
3 4106 4118 4115 
3 4118 4106 4105 
3 3636 3247 3246 
3 3247 3636 3468 
3 3399 3398 3437 
3 3398 3399 3382 
3 3856 3854 3694 
3 3854 3856 3910 
3 4026 4052 3891 
3 4052 4026 4062 
3 1900 2326 1899 
3 1902 2326 1900 
3 1342 1989 2069 
3 2060 1395 1393 
3 2059 2060 1393 
3 2059 1393 1391 
3 2063 2059 1391 
3 2063 1391 1389 
3 2065 2063 1389 
3 1342 2069 2067 
3 1341 1342 2067 
3 1341 2065 1389 
3 2067 2065 1341 
3 2073 1411 1413 
3 4121 1395 2060 
3 1419 1395 4121 
3 4121 2060 2062 
3 4122 2073 1413 
3 2062 2073 4122 
3 4122 1413 1419 
3 4122 4121 2062 
3 1419 4121 4122 
3 2189 447 448 
3 3140 2229 2225 
3 2189 3140 2225 
3 448 3140 2189 
3 4125 4124 4123 
3 4126 4125 4123 
3 4127 4125 4126 
3 4126 4123 4128 
3 4129 4127 4126 
3 4130 4127 4129 
3 4131 2846 2847 
3 2994 2846 4131 
3 4131 2847 4132 
3 4133 4130 4129 
3 4134 4130 4133 
3 4135 4134 4133 
3 4136 4134 4135 
3 4138 4132 4137 
3 4131 4132 4138 
3 4140 4137 4139 
3 4138 4137 4140 
3 4142 4139 4141 
3 4140 4139 4142 
3 4143 4131 4138 
3 2994 4131 4143 
3 2995 2994 4143 
3 4144 2995 4143 
3 2996 2995 4144 
3 2997 2996 4144 
3 4145 2997 4144 
3 2999 2997 4145 
3 4146 2999 4145 
3 3001 2999 4146 
3 4147 3001 4146 
3 3003 3001 4147 
3 4148 3003 4147 
3 3005 3003 4148 
3 4149 3005 4148 
3 3007 3005 4149 
3 2976 3007 4149 
3 4150 2976 4149 
3 2974 2976 4150 
3 4151 2974 4150 
3 2972 2974 4151 
3 4152 2972 4151 
3 2970 2972 4152 
3 4153 2970 4152 
3 2968 2970 4153 
3 4154 2968 4153 
3 2966 2968 4154 
3 4155 2966 4154 
3 2964 2966 4155 
3 4156 2964 4155 
3 2954 2964 4156 
3 4157 2954 4156 
3 2949 2954 4157 
3 4158 2949 4157 
3 2948 2949 4158 
3 4159 2948 4158 
3 4160 2948 4159 
3 4161 4160 4159 
3 4162 4160 4161 
3 4163 4162 4161 
3 4164 4162 4163 
3 4165 4164 4163 
3 4128 4164 4165 
3 4126 4128 4165 
3 4129 4126 4165 
3 4167 4141 4166 
3 4142 4141 4167 
3 4169 4166 4168 
3 4167 4166 4169 
3 4171 4168 4170 
3 4169 4168 4171 
3 4172 4136 4135 
3 4173 4136 4172 
3 4174 4173 4172 
3 4175 4173 4174 
3 4176 4175 4174 
3 4177 4175 4176 
3 4178 4177 4176 
3 4170 4177 4178 
3 4171 4170 4178 
3 4133 4129 4165 
3 4133 4165 4163 
3 4179 4133 4163 
3 4135 4133 4179 
3 4179 4163 4161 
3 4180 4161 4159 
3 4179 4161 4180 
3 4180 4159 4158 
3 4181 4158 4157 
3 4180 4158 4181 
3 4181 4157 4156 
3 4182 4179 4180 
3 4182 4180 4181 
3 4135 4179 4182 
3 4172 4135 4182 
3 4183 4182 4181 
3 4172 4182 4183 
3 4183 4181 4156 
3 4174 4172 4183 
3 4184 4156 4155 
3 4183 4156 4184 
3 4174 4183 4184 
3 4176 4174 4184 
3 4176 4184 4155 
3 4176 4155 4154 
3 4178 4176 4154 
3 4178 4154 4153 
3 4171 4178 4153 
3 4171 4153 4152 
3 4169 4171 4152 
3 4169 4152 4151 
3 4185 4169 4151 
3 4167 4169 4185 
3 4185 4151 4150 
3 4150 4149 4148 
3 4185 4150 4148 
3 4185 4148 4147 
3 4167 4185 4147 
3 4146 4167 4147 
3 4142 4167 4146 
3 4142 4146 4145 
3 4140 4142 4145 
3 4140 4145 4144 
3 4143 4140 4144 
3 4138 4140 4143 
3 4186 4160 4162 
3 4189 4188 4187 
3 4190 4188 4189 
3 4192 4187 4191 
3 4189 4187 4192 
3 4193 4186 4162 
3 4194 4186 4193 
3 4193 4162 4164 
3 4196 4191 4195 
3 4192 4191 4196 
3 4197 4194 4193 
3 4198 4194 4197 
3 4199 4198 4197 
3 4200 4198 4199 
3 4201 4200 4199 
3 4202 4200 4201 
3 4203 4202 4201 
3 4204 4202 4203 
3 4205 4204 4203 
3 4206 4204 4205 
3 4207 4206 4205 
3 4208 4206 4207 
3 4209 4208 4207 
3 4210 4208 4209 
3 4211 4210 4209 
3 4212 4210 4211 
3 4213 4212 4211 
3 4214 4212 4213 
3 4215 4214 4213 
3 4216 4214 4215 
3 4217 4216 4215 
3 4218 4216 4217 
3 4219 4218 4217 
3 4195 4218 4219 
3 4196 4195 4219 
3 4220 4190 4189 
3 4221 4190 4220 
3 4223 3084 4222 
3 3083 3084 4223 
3 4225 4222 4224 
3 4223 4222 4225 
3 4227 4224 4226 
3 4225 4224 4227 
3 4229 4226 4228 
3 4227 4226 4229 
3 4230 3083 4223 
3 3087 3083 4230 
3 4232 4228 4231 
3 4229 4228 4232 
3 4234 4231 4233 
3 4232 4231 4234 
3 4236 4233 4235 
3 4234 4233 4236 
3 4237 4235 4221 
3 4236 4235 4237 
3 4237 4221 4220 
3 4238 3087 4230 
3 3093 3087 4238 
3 4239 3093 4238 
3 3094 3093 4239 
3 4240 3094 4239 
3 3106 3094 4240 
3 4241 3106 4240 
3 3105 3106 4241 
3 4242 3105 4241 
3 3095 3105 4242 
3 4243 3095 4242 
3 3097 3095 4243 
3 4244 3097 4243 
3 3099 3097 4244 
3 4245 3099 4244 
3 3100 3099 4245 
3 4246 3100 4245 
3 3108 3100 4246 
3 4247 3108 4246 
3 3109 3108 4247 
3 4248 3109 4247 
3 3110 3109 4248 
3 4249 3110 4248 
3 3113 3110 4249 
3 4250 3113 4249 
3 3112 3113 4250 
3 4251 3112 4250 
3 3111 3112 4251 
3 4252 3111 4251 
3 4253 4252 4251 
3 4254 4252 4253 
3 4255 4254 4253 
3 4256 4254 4255 
3 4257 4256 4255 
3 4258 4256 4257 
3 4259 4258 4257 
3 4260 4258 4259 
3 4261 4260 4259 
3 4262 4260 4261 
3 4263 4262 4261 
3 4264 4262 4263 
3 4265 4264 4263 
3 4266 4264 4265 
3 4267 4266 4265 
3 4268 4266 4267 
3 4269 4268 4267 
3 4270 4268 4269 
3 4271 4270 4269 
3 4272 4164 4128 
3 4193 4164 4272 
3 4273 4128 4123 
3 4272 4128 4273 
3 4274 4123 4124 
3 4273 4123 4274 
3 4276 4124 4275 
3 4274 4124 4276 
3 4276 4275 4277 
3 4278 4277 4271 
3 4276 4277 4278 
3 4279 4271 4269 
3 4278 4271 4279 
3 4280 4193 4272 
3 4197 4193 4280 
3 4281 4189 4192 
3 4220 4189 4281 
3 4282 4192 4196 
3 4281 4192 4282 
3 4283 4220 4281 
3 4237 4220 4283 
3 4284 4281 4282 
3 4283 4281 4284 
3 4285 4196 4219 
3 4282 4196 4285 
3 4287 4286 4280 
3 4286 4197 4280 
3 4288 4225 4227 
3 4223 4225 4288 
3 4230 4223 4288 
3 4289 4227 4229 
3 4288 4227 4289 
3 4290 4229 4232 
3 4289 4229 4290 
3 4291 4230 4288 
3 4238 4230 4291 
3 4291 4288 4289 
3 4292 4232 4234 
3 4290 4232 4292 
3 4293 4234 4236 
3 4292 4234 4293 
3 4294 4236 4237 
3 4293 4236 4294 
3 4294 4237 4283 
3 4295 4238 4291 
3 4239 4238 4295 
3 4296 4239 4295 
3 4240 4239 4296 
3 4297 4291 4289 
3 4295 4291 4297 
3 4297 4289 4290 
3 4298 4290 4292 
3 4297 4290 4298 
3 4299 4295 4297 
3 4296 4295 4299 
3 4300 4297 4298 
3 4299 4297 4300 
3 4301 4292 4293 
3 4298 4292 4301 
3 4302 4298 4301 
3 4300 4298 4302 
3 4303 4293 4294 
3 4301 4293 4303 
3 4304 4301 4303 
3 4302 4301 4304 
3 4305 4294 4283 
3 4303 4294 4305 
3 4305 4283 4284 
3 4306 4303 4305 
3 4304 4303 4306 
3 4307 4240 4296 
3 4241 4240 4307 
3 4308 4296 4299 
3 4307 4296 4308 
3 4309 4299 4300 
3 4308 4299 4309 
3 4309 4300 4302 
3 4310 4302 4304 
3 4309 4302 4310 
3 4311 4304 4306 
3 4310 4304 4311 
3 4312 4241 4307 
3 4242 4241 4312 
3 4313 4307 4308 
3 4312 4307 4313 
3 4314 4308 4309 
3 4313 4308 4314 
3 4314 4309 4310 
3 4315 4310 4311 
3 4314 4310 4315 
3 4316 4314 4315 
3 4313 4314 4316 
3 4317 4313 4316 
3 4312 4313 4317 
3 4318 4312 4317 
3 4242 4312 4318 
3 4319 4242 4318 
3 4243 4242 4319 
3 4320 4243 4319 
3 4244 4243 4320 
3 4321 4244 4320 
3 4245 4244 4321 
3 4322 4245 4321 
3 4246 4245 4322 
3 4323 4246 4322 
3 4247 4246 4323 
3 4324 4247 4323 
3 4248 4247 4324 
3 4325 4248 4324 
3 4249 4248 4325 
3 4326 4249 4325 
3 4250 4249 4326 
3 4327 4250 4326 
3 4251 4250 4327 
3 4253 4251 4327 
3 4328 4272 4273 
3 4280 4272 4328 
3 4287 4280 4328 
3 4329 4273 4274 
3 4328 4273 4329 
3 4330 4274 4276 
3 4329 4274 4330 
3 4330 4276 4278 
3 4331 4278 4279 
3 4330 4278 4331 
3 4332 4282 4285 
3 4284 4282 4332 
3 4333 4284 4332 
3 4305 4284 4333 
3 4306 4305 4333 
3 4334 4306 4333 
3 4311 4306 4334 
3 4335 4311 4334 
3 4315 4311 4335 
3 4336 4315 4335 
3 4316 4315 4336 
3 4337 4316 4336 
3 4317 4316 4337 
3 4338 4317 4337 
3 4318 4317 4338 
3 4339 4318 4338 
3 4319 4318 4339 
3 4320 4319 4339 
3 4340 4320 4339 
3 4321 4320 4340 
3 4341 4321 4340 
3 4322 4321 4341 
3 4342 4322 4341 
3 4323 4322 4342 
3 4343 4323 4342 
3 4324 4323 4343 
3 4344 4324 4343 
3 4325 4324 4344 
3 4345 4325 4344 
3 4326 4325 4345 
3 4346 4326 4345 
3 4327 4326 4346 
3 4347 4327 4346 
3 4253 4327 4347 
3 4348 4253 4347 
3 4255 4253 4348 
3 4349 4255 4348 
3 4257 4255 4349 
3 4350 4257 4349 
3 4259 4257 4350 
3 4351 4259 4350 
3 4261 4259 4351 
3 4352 4261 4351 
3 4263 4261 4352 
3 4353 4263 4352 
3 4265 4263 4353 
3 4354 4265 4353 
3 4267 4265 4354 
3 4355 4267 4354 
3 4269 4267 4355 
3 4279 4269 4355 
3 4356 4279 4355 
3 4331 4279 4356 
3 4357 4355 4354 
3 4356 4355 4357 
3 4358 4354 4353 
3 4357 4354 4358 
3 4359 4353 4352 
3 4358 4353 4359 
3 4360 4352 4351 
3 4359 4352 4360 
3 4361 4351 4350 
3 4360 4351 4361 
3 4362 4350 4349 
3 4361 4350 4362 
3 4363 4349 4348 
3 4362 4349 4363 
3 4363 4348 4347 
3 4364 4339 4338 
3 4340 4339 4364 
3 4365 4338 4337 
3 4364 4338 4365 
3 4366 4340 4364 
3 4341 4340 4366 
3 4367 4341 4366 
3 4342 4341 4367 
3 4368 4342 4367 
3 4343 4342 4368 
3 4369 4337 4336 
3 4365 4337 4369 
3 4370 4336 4335 
3 4369 4336 4370 
3 4371 4343 4368 
3 4344 4343 4371 
3 4372 4344 4371 
3 4345 4344 4372 
3 4373 4345 4372 
3 4346 4345 4373 
3 4374 4346 4373 
3 4347 4346 4374 
3 4363 4347 4374 
3 4375 4335 4334 
3 4370 4335 4375 
3 4375 4334 4333 
3 4376 4333 4332 
3 4375 4333 4376 
3 4377 4364 4365 
3 4366 4364 4377 
3 4378 4365 4369 
3 4377 4365 4378 
3 4379 4369 4370 
3 4378 4369 4379 
3 4380 4370 4375 
3 4379 4370 4380 
3 4380 4375 4376 
3 4381 4366 4377 
3 4367 4366 4381 
3 4382 4367 4381 
3 4368 4367 4382 
3 4383 4368 4382 
3 4371 4368 4383 
3 4384 4371 4383 
3 4372 4371 4384 
3 4385 4372 4384 
3 4373 4372 4385 
3 4386 4373 4385 
3 4374 4373 4386 
3 4387 4374 4386 
3 4363 4374 4387 
3 4388 4363 4387 
3 4362 4363 4388 
3 4389 4362 4388 
3 4361 4362 4389 
3 4390 4361 4389 
3 4360 4361 4390 
3 4391 4360 4390 
3 4359 4360 4391 
3 4392 4359 4391 
3 4358 4359 4392 
3 4393 4358 4392 
3 4357 4358 4393 
3 4394 4357 4393 
3 4356 4357 4394 
3 4395 4356 4394 
3 4331 4356 4395 
3 4330 4331 4395 
3 4396 4330 4395 
3 4329 4330 4396 
3 4397 4329 4396 
3 4328 4329 4397 
3 4287 4328 4397 
3 4398 4377 4378 
3 4381 4377 4398 
3 4399 4378 4379 
3 4398 4378 4399 
3 4400 4379 4380 
3 4399 4379 4400 
3 4401 4380 4376 
3 4400 4380 4401 
3 4402 4376 4332 
3 4401 4376 4402 
3 4402 4332 4285 
3 4403 4381 4398 
3 4382 4381 4403 
3 4404 4398 4399 
3 4403 4398 4404 
3 4405 4399 4400 
3 4404 4399 4405 
3 4406 4400 4401 
3 4405 4400 4406 
3 4407 4382 4403 
3 4383 4382 4407 
3 4408 4383 4407 
3 4384 4383 4408 
3 4409 4384 4408 
3 4385 4384 4409 
3 4410 4385 4409 
3 4386 4385 4410 
3 4411 4386 4410 
3 4387 4386 4411 
3 4412 4387 4411 
3 4388 4387 4412 
3 4413 4388 4412 
3 4389 4388 4413 
3 4414 4389 4413 
3 4390 4389 4414 
3 4415 4390 4414 
3 4391 4390 4415 
3 4416 4391 4415 
3 4392 4391 4416 
3 4417 4392 4416 
3 4393 4392 4417 
3 4418 4393 4417 
3 4394 4393 4418 
3 4419 4394 4418 
3 4395 4394 4419 
3 4396 4395 4419 
3 4420 4396 4419 
3 4397 4396 4420 
3 4421 4397 4420 
3 4287 4397 4421 
3 4422 4403 4404 
3 4407 4403 4422 
3 4423 4404 4405 
3 4422 4404 4423 
3 4424 4405 4406 
3 4423 4405 4424 
3 4425 4407 4422 
3 4408 4407 4425 
3 4426 4408 4425 
3 4409 4408 4426 
3 4427 4409 4426 
3 4410 4409 4427 
3 4411 4410 4427 
3 4428 4422 4423 
3 4425 4422 4428 
3 4429 4423 4424 
3 4428 4423 4429 
3 4430 4425 4428 
3 4426 4425 4430 
3 4431 4426 4430 
3 4427 4426 4431 
3 4432 4428 4429 
3 4430 4428 4432 
3 4433 4430 4432 
3 4431 4430 4433 
3 4434 4427 4431 
3 4411 4427 4434 
3 4412 4411 4434 
3 4435 4412 4434 
3 4413 4412 4435 
3 4414 4413 4435 
3 4436 4431 4433 
3 4434 4431 4436 
3 4437 4434 4436 
3 4435 4434 4437 
3 4438 4435 4437 
3 4414 4435 4438 
3 4415 4414 4438 
3 4439 4415 4438 
3 4416 4415 4439 
3 4440 4416 4439 
3 4417 4416 4440 
3 4441 4417 4440 
3 4418 4417 4441 
3 4442 4418 4441 
3 4419 4418 4442 
3 4420 4419 4442 
3 4443 4420 4442 
3 4421 4420 4443 
3 4444 4287 4421 
3 4286 4287 4444 
3 4444 4421 4443 
3 4445 4286 4444 
3 4201 4199 4445 
3 4446 4201 4445 
3 4203 4201 4446 
3 4447 4445 4444 
3 4446 4445 4447 
3 4448 4444 4443 
3 4447 4444 4448 
3 4449 4443 4442 
3 4448 4443 4449 
3 4449 4442 4441 
3 4450 4441 4440 
3 4449 4441 4450 
3 4451 4440 4439 
3 4450 4440 4451 
3 4451 4439 4438 
3 4452 4438 4437 
3 4451 4438 4452 
3 4453 4437 4436 
3 4452 4437 4453 
3 4454 4436 4433 
3 4453 4436 4454 
3 4455 4433 4432 
3 4454 4433 4455 
3 4456 4432 4429 
3 4455 4432 4456 
3 4457 4429 4424 
3 4456 4429 4457 
3 4458 4424 4406 
3 4457 4424 4458 
3 4459 4406 4401 
3 4459 4401 4402 
3 4458 4406 4459 
3 4460 4402 4285 
3 4459 4402 4460 
3 4461 4285 4219 
3 4461 4219 4217 
3 4460 4285 4461 
3 4462 4217 4215 
3 4461 4217 4462 
3 4463 4215 4213 
3 4462 4215 4463 
3 4464 4213 4211 
3 4463 4213 4464 
3 4465 4211 4209 
3 4464 4211 4465 
3 4466 4209 4207 
3 4465 4209 4466 
3 4466 4207 4205 
3 4467 4203 4446 
3 4205 4203 4467 
3 4466 4205 4467 
3 4468 4446 4447 
3 4467 4446 4468 
3 4469 4447 4448 
3 4468 4447 4469 
3 4470 4448 4449 
3 4469 4448 4470 
3 4471 4449 4450 
3 4470 4449 4471 
3 4472 4450 4451 
3 4471 4450 4472 
3 4472 4451 4452 
3 4473 4452 4453 
3 4472 4452 4473 
3 4473 4453 4454 
3 4474 4454 4455 
3 4473 4454 4474 
3 4475 4473 4474 
3 4472 4473 4476 
3 4477 4471 4476 
3 4471 4472 4476 
3 4470 4471 4477 
3 4469 4470 4477 
3 4478 4469 4477 
3 4468 4469 4478 
3 4479 4477 4476 
3 4478 4477 4479 
3 4480 4468 4478 
3 4467 4468 4480 
3 4466 4467 4480 
3 4481 4466 4480 
3 4465 4466 4481 
3 4482 4465 4481 
3 4464 4465 4482 
3 4483 4464 4482 
3 4463 4464 4483 
3 4484 4463 4483 
3 4462 4463 4484 
3 4485 4478 4479 
3 4480 4478 4485 
3 4481 4480 4485 
3 4486 4481 4485 
3 4486 4482 4481 
3 4483 4482 4486 
3 4487 4483 4486 
3 4484 4483 4487 
3 4488 4485 4479 
3 4486 4485 4488 
3 4488 4479 4475 
3 4489 4475 4474 
3 4487 4486 4488 
3 4489 4488 4475 
3 4487 4488 4490 
3 4491 4474 4455 
3 4489 4474 4491 
3 4491 4455 4456 
3 4492 4456 4457 
3 4491 4456 4492 
3 4489 4491 4492 
3 4490 4489 4492 
3 4494 4490 4493 
3 4484 4487 4494 
3 4495 4484 4494 
3 4462 4484 4495 
3 4461 4462 4495 
3 4460 4461 4495 
3 4496 4460 4495 
3 4459 4460 4496 
3 4496 4495 4494 
3 4496 4494 4493 
3 4458 4493 4457 
3 4458 4496 4493 
3 4459 4496 4458 
3 4286 4199 4197 
3 4199 4286 4445 
3 4490 4488 4489 
3 4487 4490 4494 
3 4476 4475 4479 
3 4475 4476 4473 
3 4493 4492 4457 
3 4492 4493 4490 
3 4499 4498 4497 
3 3151 3152 4500 
3 4501 4499 4497 
3 4501 4497 4502 
3 4503 4501 4502 
3 4503 4502 4504 
3 4505 4503 4504 
3 4505 4504 4506 
3 4507 4505 4506 
3 4507 4506 4508 
3 4509 4507 4508 
3 3151 4500 4510 
3 3173 3151 4510 
3 3173 4510 4511 
3 3171 3173 4511 
3 3171 4511 4512 
3 3169 3171 4512 
3 3169 4512 4513 
3 3167 3169 4513 
3 3167 4513 4514 
3 3150 3167 4514 
3 3150 4514 4515 
3 3148 3150 4515 
3 3148 4515 4516 
3 3146 3148 4516 
3 3146 4516 4517 
3 3144 3146 4517 
3 3144 4517 4518 
3 4518 4508 3144 
3 4509 4508 4518 
3 3135 4498 4519 
3 3325 4497 4498 
3 3329 4502 4497 
3 3331 4504 4502 
3 3333 4506 4504 
3 3335 4508 4506 
3 3143 3144 4508 
3 4508 3335 3143 
3 4506 3333 3335 
3 4504 3331 3333 
3 4502 3329 3331 
3 3327 3329 4497 
3 3325 3327 4497 
3 3135 3325 4498 
3 3134 3135 4519 
3 4216 4218 3158 
3 4520 3158 2003 
3 4216 3158 4520 
3 4214 4216 4520 
3 4521 2948 4160 
3 2947 2948 4521 
3 4521 4160 4186 
3 4522 4186 4194 
3 4521 4186 4522 
3 4523 4194 4198 
3 4522 4194 4523 
3 4524 4198 4200 
3 4523 4198 4524 
3 4525 4200 4202 
3 4524 4200 4525 
3 4526 4202 4204 
3 4525 4202 4526 
3 4527 4204 4206 
3 4526 4204 4527 
3 4528 2003 2004 
3 4520 2003 4528 
3 4529 2947 4521 
3 2950 2947 4529 
3 4530 2950 4529 
3 2955 2950 4530 
3 4531 4520 4528 
3 4214 4520 4531 
3 4212 4214 4531 
3 4532 2004 2010 
3 4528 2004 4532 
3 4533 2010 2033 
3 4532 2010 4533 
3 4534 2033 2055 
3 4533 2033 4534 
3 4535 2055 2041 
3 4534 2055 4535 
3 4536 2041 2039 
3 4535 2041 4536 
3 4537 2039 2037 
3 4536 2039 4537 
3 4538 2037 2036 
3 4537 2037 4538 
3 4539 2036 2006 
3 4538 2036 4539 
3 4540 2006 2007 
3 4539 2006 4540 
3 4541 2007 2978 
3 4540 2007 4541 
3 4542 2978 2957 
3 4541 2978 4542 
3 4543 2957 2955 
3 4542 2957 4543 
3 4543 2955 4530 
3 4544 4212 4531 
3 4210 4212 4544 
3 4545 4206 4208 
3 4527 4206 4545 
3 4546 4208 4210 
3 4545 4208 4546 
3 4546 4210 4544 
3 4529 4521 4522 
3 4547 4531 4528 
3 4544 4531 4547 
3 4547 4528 4532 
3 4548 4532 4533 
3 4547 4532 4548 
3 4544 4547 4548 
3 4546 4544 4548 
3 4549 4533 4534 
3 4548 4533 4549 
3 4546 4548 4549 
3 4550 4534 4535 
3 4549 4534 4550 
3 4550 4535 4536 
3 4551 4549 4550 
3 4546 4549 4551 
3 4545 4546 4551 
3 4552 4536 4537 
3 4550 4536 4552 
3 4551 4550 4552 
3 4553 4551 4552 
3 4545 4551 4553 
3 4554 4545 4553 
3 4527 4545 4554 
3 4555 4537 4538 
3 4552 4537 4555 
3 4553 4552 4555 
3 4556 4553 4555 
3 4554 4553 4556 
3 4557 4555 4538 
3 4556 4555 4557 
3 4557 4538 4539 
3 4558 4522 4523 
3 4529 4522 4558 
3 4530 4529 4558 
3 4559 4523 4524 
3 4558 4523 4559 
3 4560 4524 4525 
3 4559 4524 4560 
3 4561 4558 4559 
3 4530 4558 4561 
3 4543 4530 4561 
3 4561 4559 4560 
3 4562 4525 4526 
3 4560 4525 4562 
3 4563 4526 4527 
3 4562 4526 4563 
3 4563 4527 4554 
3 4564 4554 4556 
3 4563 4554 4564 
3 4565 4563 4564 
3 4562 4563 4565 
3 4566 4562 4565 
3 4560 4562 4566 
3 4561 4560 4566 
3 4567 4561 4566 
3 4543 4561 4567 
3 4542 4543 4567 
3 4568 4556 4557 
3 4564 4556 4568 
3 4565 4564 4568 
3 4569 4557 4539 
3 4568 4557 4569 
3 4569 4539 4540 
3 4570 4542 4567 
3 4541 4542 4570 
3 4540 4541 4570 
3 4569 4540 4570 
3 4571 4569 4570 
3 4568 4569 4571 
3 4565 4568 4571 
3 4571 4570 4567 
3 4566 4571 4567 
3 4565 4571 4566 
3 4572 3203 3205 
3 4572 3205 3309 
3 4573 4572 3309 
3 4573 3309 3307 
3 4574 4573 3307 
3 4574 3307 3305 
3 4575 4574 3305 
3 3297 1618 1620 
3 4575 3305 3303 
3 4576 4575 3303 
3 3299 3297 1620 
3 3299 1620 1641 
3 3299 1641 4577 
3 3301 3299 4577 
3 4576 3301 4577 
3 3303 3301 4576 
3 4578 3137 3138 
3 4578 3138 3195 
3 4579 3162 4188 
3 3164 3162 4579 
3 4580 3164 4579 
3 4579 4188 4190 
3 4581 4578 3195 
3 4582 4578 4581 
3 4581 3195 3197 
3 4585 4584 4583 
3 4586 4584 4585 
3 4585 4583 4587 
3 4589 4587 4588 
3 4585 4587 4589 
3 4590 4582 4581 
3 4588 4582 4590 
3 4589 4588 4590 
3 4592 3199 4591 
3 3197 3199 4592 
3 4581 3197 4592 
3 4580 4579 4190 
3 4593 4580 4190 
3 4593 4190 4221 
3 4593 4221 4235 
3 4594 4593 4235 
3 4594 4235 4233 
3 4595 4594 4233 
3 4595 4233 4231 
3 4596 4595 4231 
3 4596 4231 4228 
3 4597 4596 4228 
3 4597 4228 4226 
3 4598 4597 4226 
3 4598 4226 4224 
3 4599 4598 4224 
3 4599 4224 4222 
3 4600 4599 4222 
3 4600 4222 4601 
3 4602 4600 4601 
3 4602 4601 4603 
3 4604 4602 4603 
3 4604 4603 4605 
3 4606 4604 4605 
3 4607 4605 4586 
3 4606 4605 4607 
3 4591 4606 4607 
3 4592 4591 4607 
3 4590 4581 4592 
3 4590 4592 4607 
3 4589 4590 4607 
3 4586 4589 4607 
3 4585 4589 4586 
3 3162 4187 4188 
3 3160 4191 4187 
3 3157 4195 4191 
3 3157 4218 4195 
3 3157 3158 4218 
3 4191 3160 3157 
3 3162 3160 4187 
3 3199 3201 4591 
3 4591 3201 3267 
3 4606 4591 3267 
3 3182 3180 4608 
3 3288 3182 4608 
3 3288 4608 4609 
3 3286 3288 4609 
3 3286 4609 4610 
3 3284 3286 4610 
3 3284 4610 4611 
3 3282 3284 4611 
3 4606 3267 4604 
3 4604 3267 3268 
3 4602 4604 3268 
3 4602 3268 3270 
3 4600 4602 3270 
3 4600 3270 3274 
3 4599 4600 3274 
3 4599 3274 3276 
3 4598 4599 3276 
3 4598 3276 3278 
3 4597 4598 3278 
3 4597 3278 3280 
3 4596 4597 3280 
3 4611 4596 3280 
3 4611 3280 3282 
3 4595 4596 4611 
3 4595 4611 4610 
3 4594 4595 4610 
3 4594 4610 4609 
3 4593 4594 4609 
3 4593 4609 4608 
3 4580 4593 4608 
3 3180 4580 4608 
3 3164 4580 3180 
3 4132 2847 379 
3 4132 379 380 
3 380 4137 4132 
3 355 4137 380 
3 2307 361 359 
3 4612 4137 355 
3 4612 355 349 
3 4613 4612 349 
3 4613 349 305 
3 4614 4613 305 
3 4614 305 306 
3 4615 4614 306 
3 4615 306 2327 
3 4616 4615 2327 
3 4616 2327 2328 
3 4617 4616 2328 
3 4617 2328 2329 
3 4618 4617 2329 
3 4618 2329 2330 
3 4619 4618 2330 
3 4619 2330 2331 
3 4620 4619 2331 
3 4620 2331 2332 
3 4621 4620 2332 
3 4621 2332 2333 
3 4622 4621 2333 
3 4622 2333 2334 
3 2309 2307 359 
3 2309 359 357 
3 4622 2334 2335 
3 4623 4622 2335 
3 4623 2335 2337 
3 4624 4623 2337 
3 4624 2337 2339 
3 4625 4624 2339 
3 4625 2339 2341 
3 4626 4625 2341 
3 4626 2341 2343 
3 4627 4626 2343 
3 4628 4627 2343 
3 4628 2343 2317 
3 4629 4628 2317 
3 4629 2317 2315 
3 4630 4629 2315 
3 4630 2315 2313 
3 351 4630 2313 
3 354 351 2313 
3 354 2313 2311 
3 2311 357 354 
3 2309 357 2311 
3 353 356 2861 
3 3117 3111 4252 
3 353 2861 2857 
3 352 353 2857 
3 352 2857 2858 
3 4631 352 2858 
3 4631 2858 3131 
3 4632 4631 3131 
3 4632 3131 3130 
3 4633 4632 3130 
3 4633 3130 3132 
3 4634 4633 3132 
3 4634 3132 3127 
3 4262 4634 3127 
3 4260 4262 3127 
3 4260 3127 3125 
3 4258 4260 3125 
3 4258 3125 3123 
3 4256 4258 3123 
3 4256 3123 3122 
3 4254 4256 3122 
3 4254 3122 3114 
3 3114 4252 4254 
3 3117 4252 3114 
3 4139 4137 4612 
3 4141 4139 4612 
3 4141 4612 4613 
3 4166 4141 4613 
3 4166 4613 4614 
3 4168 4166 4614 
3 4168 4614 4615 
3 4170 4168 4615 
3 4170 4615 4616 
3 4177 4170 4616 
3 4177 4616 4617 
3 4175 4177 4617 
3 4175 4617 4618 
3 4173 4175 4618 
3 4173 4618 4619 
3 4136 4173 4619 
3 4136 4619 4620 
3 4134 4136 4620 
3 4134 4620 4621 
3 4130 4134 4621 
3 4130 4621 4622 
3 4127 4130 4622 
3 4127 4622 4623 
3 4125 4127 4623 
3 4125 4623 4624 
3 4124 4125 4624 
3 4275 4124 4624 
3 4275 4624 4625 
3 4635 4270 4271 
3 4627 4270 4635 
3 4626 4627 4635 
3 4635 4271 4277 
3 4636 4275 4625 
3 4277 4275 4636 
3 4636 4625 4626 
3 4636 4635 4277 
3 4626 4635 4636 
3 4634 4262 4264 
3 4630 351 352 
3 4630 352 4631 
3 4629 4630 4631 
3 4637 4264 4266 
3 4634 4264 4637 
3 4633 4634 4637 
3 4638 4631 4632 
3 4629 4631 4638 
3 4628 4629 4638 
3 4639 4627 4628 
3 4270 4627 4639 
3 4639 4628 4638 
3 4268 4270 4639 
3 4640 4639 4638 
3 4268 4639 4640 
3 4266 4268 4640 
3 4637 4266 4640 
3 4640 4638 4632 
3 4633 4640 4632 
3 4637 4640 4633 
3 457 400 401 
3 2562 393 394 
3 393 2562 483 
3 2444 2405 2561 
3 4641 625 627 
3 549 4643 4642 
3 4644 4641 627 
3 549 4642 4645 
3 548 549 4645 
3 548 4645 4646 
3 552 548 4646 
3 552 4646 4647 
3 628 552 4647 
3 628 4647 4648 
3 630 628 4648 
3 630 4648 4649 
3 630 4644 627 
3 4649 4644 630 
3 1600 1599 1785 
3 1770 1767 2352 
3 1600 1785 1784 
3 1621 1600 1784 
3 1621 1784 1783 
3 1623 1621 1783 
3 1623 1783 1782 
3 1625 1623 1782 
3 1625 1782 1781 
3 1670 1625 1781 
3 1670 1781 1780 
3 1672 1670 1780 
3 1672 1780 1779 
3 1673 1672 1779 
3 1673 1779 1778 
3 1674 1673 1778 
3 1674 1778 1777 
3 2358 1674 1777 
3 4650 1777 1776 
3 2358 1777 4650 
3 2357 2358 4650 
3 4651 1770 2352 
3 1771 1770 4651 
3 4651 2352 2353 
3 4652 1771 4651 
3 1772 1771 4652 
3 4653 1772 4652 
3 1773 1772 4653 
3 4654 1773 4653 
3 1774 1773 4654 
3 4655 1776 1775 
3 4650 1776 4655 
3 4656 1775 1774 
3 4655 1775 4656 
3 4656 1774 4654 
3 4657 4651 2353 
3 4652 4651 4657 
3 4657 2353 2354 
3 4658 2354 2355 
3 4657 2354 4658 
3 2357 4650 4655 
3 2356 2357 4655 
3 2356 4655 4656 
3 2355 2356 4656 
3 2355 4656 4654 
3 4658 2355 4654 
3 4658 4654 4653 
3 4653 4657 4658 
3 4652 4657 4653 
3 551 4643 549 
3 491 4643 551 
3 4659 4648 4647 
3 4660 4659 4647 
3 4660 4647 4646 
3 4661 4660 4646 
3 4661 4646 4645 
3 1592 4505 4507 
3 4661 4645 4642 
3 4662 4661 4642 
3 4662 4642 4663 
3 4664 4662 4663 
3 4664 4663 492 
3 1591 1592 4507 
3 1591 4507 4509 
3 1800 1591 4509 
3 1800 4509 4518 
3 1802 1800 4518 
3 1802 4518 4517 
3 1796 1802 4517 
3 1796 4517 4516 
3 1794 1796 4516 
3 1794 4516 4665 
3 1789 1794 4665 
3 1789 4665 4666 
3 1766 1789 4666 
3 1766 4666 4667 
3 1765 1766 4667 
3 1765 4667 4668 
3 495 1765 4668 
3 495 4668 4669 
3 494 495 4669 
3 4664 494 4669 
3 492 494 4664 
3 571 573 1787 
3 1765 495 501 
3 1764 1765 501 
3 1764 501 517 
3 1790 1764 517 
3 1790 517 555 
3 1809 1790 555 
3 1809 555 557 
3 1808 1809 557 
3 1808 557 559 
3 1807 1808 559 
3 1807 559 561 
3 1806 1807 561 
3 1806 561 563 
3 1805 1806 563 
3 1805 563 565 
3 1798 1805 565 
3 1798 565 567 
3 1792 1798 567 
3 1792 567 569 
3 569 1787 1792 
3 571 1787 569 
3 4643 4663 4642 
3 492 4663 491 
3 4643 491 4663 
3 4670 30 27 
3 4641 4644 3227 
3 4587 4583 4671 
3 625 4641 3227 
3 625 3227 3229 
3 623 625 3229 
3 623 3229 3192 
3 547 623 3192 
3 547 3192 3190 
3 509 547 3190 
3 509 3190 3188 
3 4 509 3188 
3 4 3188 3186 
3 3 4 3186 
3 3 3186 3184 
3 9 3 3184 
3 9 3184 3136 
3 11 9 3136 
3 11 3136 3137 
3 4672 4670 27 
3 4672 27 25 
3 4673 4672 25 
3 4673 25 24 
3 4674 11 3137 
3 13 11 4674 
3 4674 3137 4578 
3 4675 13 4674 
3 16 13 4675 
3 4676 4673 24 
3 4677 4673 4676 
3 4676 24 22 
3 4675 4674 4578 
3 4675 4578 4582 
3 4678 4677 4676 
3 4671 4677 4678 
3 4587 4671 4678 
3 4679 4675 4582 
3 16 4675 4679 
3 18 16 4679 
3 4679 4582 4588 
3 4680 4679 4588 
3 18 4679 4680 
3 20 18 4680 
3 4680 4588 4587 
3 4680 4587 4678 
3 20 4680 4678 
3 4678 22 20 
3 4676 22 4678 
3 3096 32 30 
3 4601 4222 3084 
3 3098 3096 30 
3 3098 30 4670 
3 3104 3098 4670 
3 3104 4670 4672 
3 3101 3104 4672 
3 3101 4672 4673 
3 3103 3101 4673 
3 3103 4673 4677 
3 3107 3103 4677 
3 3107 4677 4671 
3 3088 3107 4671 
3 3088 4671 4583 
3 3090 3088 4583 
3 3090 4583 4584 
3 3090 4584 4681 
3 3082 3090 4681 
3 3082 4681 4682 
3 4603 4601 3084 
3 3082 4603 3084 
3 4682 4603 3082 
3 1725 1727 3210 
3 4577 1641 1643 
3 4577 1643 1646 
3 4576 4577 1646 
3 4576 1646 1648 
3 4575 4576 1648 
3 4575 1648 1684 
3 4574 4575 1684 
3 4574 1684 1686 
3 4573 4574 1686 
3 4573 1686 1688 
3 4572 4573 1688 
3 4572 1688 1695 
3 3203 4572 1695 
3 3203 1695 1719 
3 3202 3203 1719 
3 3202 1719 1721 
3 3206 3202 1721 
3 3206 1721 1723 
3 3208 3206 1723 
3 1725 3208 1723 
3 3210 3208 1725 
3 4605 4603 4682 
3 4605 4681 4586 
3 4682 4681 4605 
3 4681 4584 4586 
3 1595 1598 4499 
3 1595 4499 4501 
3 4505 1592 1593 
3 4503 4505 1593 
3 4501 1593 1595 
3 4503 1593 4501 
3 4499 1598 4498 
3 4498 1598 1627 
3 4519 4498 1627 
3 4519 1627 1628 
3 3134 4519 1628 
3 3134 1628 1630 
3 3133 3134 1630 
3 1636 3292 3294 
3 1634 1636 3294 
3 1634 3294 3319 
3 1632 1634 3319 
3 1632 3319 3321 
3 1630 3321 3133 
3 1632 3321 1630 
3 3292 1636 1638 
3 1618 3297 3295 
3 3291 3292 1638 
3 3291 1638 1617 
3 1617 3295 3291 
3 1618 3295 1617 
3 1674 2358 1675 
3 4665 4516 4515 
3 4666 4665 4515 
3 4666 4515 4514 
3 4667 4666 4514 
3 4667 4514 4513 
3 4668 4667 4513 
3 4668 4513 4512 
3 4669 4668 4512 
3 4669 4512 4511 
3 4664 4669 4511 
3 4664 4511 4510 
3 4662 4664 4510 
3 4662 4510 4500 
3 4661 4662 4500 
3 4500 4660 4661 
3 3152 4660 4500 
3 4644 3226 3227 
3 4649 3230 3226 
3 4648 3154 3230 
3 3152 4659 4660 
3 3154 4648 4659 
3 3152 3154 4659 
3 3230 4649 4648 
3 3226 4644 4649 
