ply
format ascii 1.0
comment VTK generated PLY File
obj_info vtkPolyData points and polygons: vtk4.0
element vertex 6724
property float x
property float y
property float z
element face 13444
property list uchar int vertex_indices
end_header
500.37188720703125 -95.700370788574219 136.82150268554688 
502.16314697265625 -94.8817138671875 139.33740234375 
500.16708374023438 -95.306640625 139.41270446777344 
502.37896728515625 -95.341590881347656 136.67227172851562 
500.39178466796875 -95.939155578613281 134.41929626464844 
502.44976806640625 -95.587753295898438 134.13200378417969 
500.26193237304688 -96.183456420898438 132.15861511230469 
502.39422607421875 -95.76055908203125 131.74722290039062 
500.13922119140625 -96.506561279296875 129.9158935546875 
502.41024780273438 -96.0611572265625 129.47563171386719 
500.03250122070312 -96.838279724121094 127.67303466796875 
502.47137451171875 -96.286689758300781 127.15860748291016 
499.766845703125 -97.097610473632812 125.49354553222656 
502.223388671875 -96.405433654785156 124.91842651367188 
499.37884521484375 -97.172477722167969 123.35082244873047 
501.57321166992188 -96.368606567382812 122.56470489501953 
498.89584350585938 -96.957489013671875 121.3604736328125 
500.71307373046875 -96.056404113769531 120.40329742431641 
505.10903930664062 -86.982192993164062 341.8980712890625 
504.85122680664062 -86.890701293945312 339.231689453125 
504.97610473632812 -87.957481384277344 340.26034545898438 
505.810546875 -88.402214050292969 347.9818115234375 
505.6270751953125 -88.5968017578125 345.4268798828125 
506.34164428710938 -89.996223449707031 346.57061767578125 
505.60385131835938 -86.885322570800781 346.79498291015625 
505.35162353515625 -86.996238708496094 344.3707275390625 
506.14559936523438 -90.142890930175781 343.86001586914062 
505.36639404296875 -88.577896118164062 342.86578369140625 
506.46322631835938 -89.735282897949219 349.38235473632812 
506.00213623046875 -88.318359375 350.17340087890625 
505.89645385742188 -86.650711059570312 349.18853759765625 
505.92095947265625 -90.21661376953125 341.16525268554688 
506.11172485351562 -87.432731628417969 351.89553833007812 
506.55545043945312 -89.374977111816406 352.16043090820312 
504.94210815429688 -88.708473205566406 338.48245239257812 
505.72927856445312 -90.320259094238281 338.47900390625 
505.59991455078125 -90.429595947265625 335.80084228515625 
504.617431640625 -88.487495422363281 335.82498168945312 
504.383056640625 -88.658714294433594 333.2294921875 
505.43948364257812 -90.558563232421875 333.03329467773438 
504.16476440429688 -88.811676025390625 330.60433959960938 
505.0926513671875 -90.483650207519531 330.31964111328125 
503.979248046875 -88.965484619140625 327.9818115234375 
504.80950927734375 -90.426040649414062 327.66534423828125 
503.79928588867188 -89.111404418945312 325.39361572265625 
504.94851684570312 -90.774650573730469 325.01531982421875 
503.60537719726562 -89.197067260742188 322.70614624023438 
504.85235595703125 -90.89306640625 322.34124755859375 
503.4112548828125 -89.27716064453125 320.01785278320312 
504.71347045898438 -90.967414855957031 319.66668701171875 
503.21908569335938 -89.330734252929688 317.37460327148438 
504.51028442382812 -90.997642517089844 316.94189453125 
502.97720336914062 -89.356292724609375 314.68682861328125 
504.18756103515625 -90.989639282226562 314.1932373046875 
502.70172119140625 -89.451850891113281 311.93423461914062 
503.92852783203125 -91.049247741699219 311.37564086914062 
502.541259765625 -89.588813781738281 309.21719360351562 
503.842529296875 -91.166816711425781 308.5921630859375 
502.44439697265625 -89.609519958496094 306.57498168945312 
503.86138916015625 -91.260124206542969 305.77737426757812 
502.3349609375 -89.578147888183594 303.93386840820312 
503.94854736328125 -91.290115356445312 303.07431030273438 
502.25192260742188 -89.785301208496094 301.26223754882812 
504.05636596679688 -91.398338317871094 300.56927490234375 
502.18960571289062 -90.100440979003906 298.68667602539062 
505.25439453125 -91.694099426269531 297.876220703125 
502.09619140625 -90.413528442382812 296.01702880859375 
505.02023315429688 -91.67462158203125 295.22744750976562 
502.13565063476562 -90.703475952148438 293.33712768554688 
504.7371826171875 -91.665023803710938 292.562255859375 
502.28720092773438 -90.920967102050781 290.74139404296875 
504.50088500976562 -91.630714416503906 289.88095092773438 
502.13104248046875 -90.897041320800781 288.05184936523438 
504.32180786132812 -91.597763061523438 287.12451171875 
501.90780639648438 -90.867660522460938 285.26461791992188 
504.20834350585938 -91.578025817871094 284.32882690429688 
501.75689697265625 -90.889228820800781 282.50424194335938 
504.08502197265625 -91.574722290039062 281.66192626953125 
501.67889404296875 -90.898880004882812 279.868408203125 
503.91375732421875 -91.523429870605469 279.0377197265625 
501.57891845703125 -90.855415344238281 277.32296752929688 
503.814697265625 -91.439994812011719 276.35552978515625 
501.45758056640625 -90.810142517089844 274.70355224609375 
503.7525634765625 -91.361984252929688 273.64776611328125 
501.32125854492188 -90.748733520507812 271.9024658203125 
503.54046630859375 -91.272514343261719 270.92288208007812 
501.2420654296875 -90.726905822753906 269.03817749023438 
503.20147705078125 -91.191848754882812 268.165771484375 
501.15240478515625 -90.673599243164062 266.18798828125 
502.98605346679688 -91.126022338867188 265.35195922851562 
501.21383666992188 -90.6805419921875 264.04776000976562 
502.75457763671875 -91.097572326660156 262.57327270507812 
501.03976440429688 -90.663772583007812 261.97201538085938 
502.37451171875 -91.07647705078125 259.794921875 
500.1953125 -90.314552307128906 259.91558837890625 
502.046142578125 -91.058387756347656 257.12771606445312 
499.45321655273438 -89.821159362792969 257.88595581054688 
499.41534423828125 -89.88507080078125 255.19793701171875 
501.87106323242188 -91.004348754882812 254.48594665527344 
499.439453125 -89.94854736328125 252.50633239746094 
501.78860473632812 -90.965171813964844 251.74728393554688 
499.41677856445312 -90.02239990234375 249.90318298339844 
501.76150512695312 -90.962348937988281 249.01078796386719 
499.38742065429688 -90.087821960449219 247.33442687988281 
501.645263671875 -90.948822021484375 246.24574279785156 
499.26611328125 -90.142066955566406 244.60765075683594 
501.51260375976562 -90.923316955566406 243.47930908203125 
499.14718627929688 -90.149269104003906 241.86528015136719 
501.59130859375 -90.94512939453125 240.57192993164062 
499.15643310546875 -90.1944580078125 239.22550964355469 
501.61154174804688 -90.988845825195312 237.75028991699219 
499.2137451171875 -90.256881713867188 236.60249328613281 
501.5958251953125 -90.990676879882812 234.95094299316406 
499.31137084960938 -90.33319091796875 234.02069091796875 
501.57864379882812 -91.002769470214844 232.14166259765625 
499.38165283203125 -90.40496826171875 231.45822143554688 
501.47015380859375 -91.010261535644531 229.33448791503906 
499.43240356445312 -90.470817565917969 228.9306640625 
501.2630615234375 -90.995475769042969 226.56529235839844 
499.4569091796875 -90.538528442382812 226.43299865722656 
506.4276123046875 -87.533836364746094 354.74349975585938 
501.018798828125 -90.993095397949219 223.70735168457031 
504.47860717773438 -91.012229919433594 239.62474060058594 
503.12704467773438 -91.093795776367188 241.55513000488281 
504.27496337890625 -91.034004211425781 237.01420593261719 
504.10537719726562 -91.049087524414062 234.4549560546875 
503.95068359375 -91.073844909667969 231.85531616210938 
503.76223754882812 -91.089012145996094 229.24700927734375 
503.5189208984375 -91.111473083496094 226.66085815429688 
503.30587768554688 -91.151351928710938 224.02961730957031 
503.20718383789062 -91.188980102539062 221.38607788085938 
500.89602661132812 -91.033195495605469 220.97506713867188 
503.17495727539062 -91.212745666503906 218.74635314941406 
500.83108520507812 -91.088981628417969 218.33952331542969 
503.1441650390625 -91.252037048339844 216.13426208496094 
500.79525756835938 -91.159927368164062 215.70578002929688 
503.073486328125 -91.313461303710938 213.51878356933594 
500.74444580078125 -91.225570678710938 213.08056640625 
502.94668579101562 -91.418342590332031 210.879150390625 
500.62783813476562 -91.289619445800781 210.45278930664062 
502.84353637695312 -91.531036376953125 208.21847534179688 
500.54830932617188 -91.359611511230469 207.78607177734375 
502.80905151367188 -91.579833984375 205.54380798339844 
500.53955078125 -91.441802978515625 205.08892822265625 
502.8204345703125 -91.609687805175781 202.88946533203125 
500.57901000976562 -91.553749084472656 202.41731262207031 
502.85076904296875 -91.637382507324219 200.22735595703125 
500.62149047851562 -91.644088745117188 199.77259826660156 
502.87283325195312 -91.683296203613281 197.55805969238281 
500.6494140625 -91.7252197265625 197.11808776855469 
502.84765625 -91.759773254394531 194.90522766113281 
500.63552856445312 -91.815780639648438 194.4205322265625 
502.7891845703125 -91.817176818847656 192.26631164550781 
500.6142578125 -91.934967041015625 191.67567443847656 
502.728759765625 -91.887405395507812 189.60087585449219 
500.6390380859375 -92.031463623046875 188.90666198730469 
502.7237548828125 -91.916984558105469 186.91140747070312 
500.6888427734375 -92.112785339355469 186.19851684570312 
502.71243286132812 -91.917533874511719 184.15922546386719 
500.71591186523438 -92.200874328613281 183.45652770996094 
502.71438598632812 -91.878189086914062 181.27827453613281 
500.80072021484375 -92.293731689453125 180.62185668945312 
502.82952880859375 -91.769699096679688 178.50265502929688 
500.97879028320312 -92.337654113769531 177.89694213867188 
503.01828002929688 -91.535957336425781 175.84780883789062 
501.134033203125 -92.328117370605469 175.21412658691406 
503.1478271484375 -91.341880798339844 173.19609069824219 
501.209228515625 -92.302558898925781 172.45851135253906 
503.23440551757812 -91.252647399902344 170.52842712402344 
501.30758666992188 -92.328399658203125 169.67636108398438 
503.291748046875 -91.310905456542969 167.83985900878906 
501.36309814453125 -92.413093566894531 166.87651062011719 
503.26806640625 -91.387428283691406 165.12217712402344 
501.34268188476562 -92.472923278808594 164.15960693359375 
503.18804931640625 -91.434097290039062 162.42221069335938 
501.27273559570312 -92.532691955566406 161.39372253417969 
503.18017578125 -91.511680603027344 159.7047119140625 
501.22140502929688 -92.642921447753906 158.56877136230469 
503.24505615234375 -91.642776489257812 156.97956848144531 
501.21408081054688 -92.829330444335938 155.69688415527344 
503.24734497070312 -91.870101928710938 154.17842102050781 
501.23724365234375 -93.060150146484375 152.83071899414062 
503.20535278320312 -92.155303955078125 151.34796142578125 
501.26040649414062 -93.338760375976562 150.07589721679688 
503.21359252929688 -92.507156372070312 148.61360168457031 
501.29443359375 -93.64495849609375 147.40542602539062 
503.2613525390625 -92.86456298828125 145.96138000488281 
501.45986938476562 -93.948204040527344 144.69891357421875 
503.47393798828125 -93.25311279296875 143.33766174316406 
501.793701171875 -94.345939636230469 141.97554016113281 
503.81460571289062 -93.767974853515625 140.80628967285156 
504.21804809570312 -94.297775268554688 138.25105285644531 
504.52224731445312 -94.646209716796875 135.78428649902344 
504.72671508789062 -94.792823791503906 133.31646728515625 
504.73855590820312 -94.911941528320312 130.974609375 
504.76266479492188 -95.138442993164062 128.67684936523438 
504.5950927734375 -95.250999450683594 126.34973907470703 
504.077392578125 -95.292335510253906 124.03086853027344 
503.23898315429688 -95.096412658691406 121.76003265380859 
502.22445678710938 -94.613914489746094 119.54039001464844 
500.39328002929688 -93.781379699707031 117.83828735351562 
502.37054443359375 -93.383110046386719 118.66445922851562 
498.58535766601562 -95.183853149414062 118.19837188720703 
497.1824951171875 -96.236793518066406 119.10972595214844 
495.67410278320312 -96.82818603515625 120.31547546386719 
496.85415649414062 -97.331504821777344 122.24887084960938 
502.03524780273438 -92.141395568847656 118.10926055908203 
519.54833984375 -97.295211791992188 403.71356201171875 
522.07427978515625 -96.551689147949219 403.829345703125 
518.79290771484375 -96.19482421875 405.85284423828125 
520.09027099609375 -97.700531005859375 401.59384155273438 
522.4073486328125 -96.894210815429688 401.7496337890625 
520.0606689453125 -97.504653930664062 399.47311401367188 
522.29400634765625 -96.537483215332031 399.73623657226562 
519.50555419921875 -96.801132202148438 397.21945190429688 
521.90960693359375 -95.768608093261719 397.45315551757812 
518.9105224609375 -95.826118469238281 394.73245239257812 
521.28436279296875 -94.897842407226562 394.8939208984375 
518.09393310546875 -95.104042053222656 392.20687866210938 
520.546630859375 -94.110145568847656 392.32843017578125 
517.1436767578125 -94.527557373046875 389.71624755859375 
519.62158203125 -93.501922607421875 389.84860229492188 
516.39599609375 -94.014122009277344 387.31341552734375 
518.710693359375 -93.079574584960938 387.42315673828125 
515.95660400390625 -93.541709899902344 384.82818603515625 
518.0794677734375 -92.683441162109375 384.93280029296875 
517.551025390625 -92.354652404785156 382.2855224609375 
515.54217529296875 -93.159736633300781 382.278076171875 
516.9544677734375 -92.126792907714844 379.5423583984375 
513.679443359375 -92.617446899414062 374.15301513671875 
516.3363037109375 -91.999382019042969 376.77142333984375 
514.24847412109375 -92.735618591308594 376.87637329101562 
513.32177734375 -92.523590087890625 371.5057373046875 
515.82562255859375 -91.886199951171875 374.05035400390625 
513.11279296875 -92.451950073242188 368.93045043945312 
515.4378662109375 -91.853294372558594 371.41384887695312 
512.94635009765625 -92.323020935058594 366.27713012695312 
515.1707763671875 -91.78082275390625 368.82870483398438 
512.608642578125 -92.211814880371094 363.50897216796875 
514.98126220703125 -91.636528015136719 366.140869140625 
512.2432861328125 -92.132865905761719 360.6507568359375 
514.70819091796875 -91.496528625488281 363.39773559570312 
512.01708984375 -92.066398620605469 357.86712646484375 
514.400634765625 -91.379867553710938 360.64413452148438 
511.91259765625 -92.007896423339844 355.16580200195312 
514.16619873046875 -91.266510009765625 357.8753662109375 
511.72463989257812 -91.937904357910156 352.37557983398438 
513.95916748046875 -91.21514892578125 355.06439208984375 
511.5377197265625 -91.8660888671875 349.58596801757812 
513.5218505859375 -91.201728820800781 349.49710083007812 
511.2860107421875 -91.813888549804688 346.88925170898438 
513.23736572265625 -91.192466735839844 346.83261108398438 
511.00668334960938 -91.782546997070312 344.18576049804688 
512.9971923828125 -91.152366638183594 344.1331787109375 
510.84286499023438 -91.780426025390625 341.37579345703125 
512.79010009765625 -91.129974365234375 341.39895629882812 
510.70489501953125 -91.770271301269531 338.57821655273438 
512.65460205078125 -91.139785766601562 338.66128540039062 
510.58273315429688 -91.768524169921875 335.820068359375 
512.540283203125 -91.167190551757812 335.95742797851562 
510.43692016601562 -91.766517639160156 333.06134033203125 
512.40643310546875 -91.175071716308594 333.27786254882812 
510.23428344726562 -91.782073974609375 330.29925537109375 
512.2423095703125 -91.198135375976562 330.58001708984375 
509.98703002929688 -91.796958923339844 327.55291748046875 
512.02862548828125 -91.245269775390625 327.90328979492188 
509.76980590820312 -91.791557312011719 324.92147827148438 
511.82174682617188 -91.289543151855469 325.24429321289062 
509.58929443359375 -91.794967651367188 322.33181762695312 
511.683349609375 -91.311439514160156 322.59503173828125 
509.47747802734375 -91.828292846679688 319.69284057617188 
511.58221435546875 -91.309089660644531 319.92840576171875 
509.364013671875 -91.876419067382812 316.98782348632812 
511.450439453125 -91.295402526855469 317.228759765625 
509.15975952148438 -91.918113708496094 314.18414306640625 
511.25106811523438 -91.288322448730469 314.54135131835938 
508.88629150390625 -91.920440673828125 311.34112548828125 
511.03341674804688 -91.278343200683594 311.87860107421875 
508.64102172851562 -91.885177612304688 308.571533203125 
510.80902099609375 -91.269935607910156 309.2044677734375 
508.43051147460938 -91.807937622070312 305.87841796875 
510.57562255859375 -91.234870910644531 306.53872680664062 
508.17556762695312 -91.731300354003906 303.26800537109375 
510.32693481445312 -91.194442749023438 303.82003784179688 
507.95819091796875 -91.6943359375 300.62158203125 
510.10629272460938 -91.143043518066406 301.15194702148438 
507.72189331054688 -91.666107177734375 297.9031982421875 
509.9456787109375 -91.125244140625 298.46444702148438 
507.45074462890625 -91.652565002441406 295.11892700195312 
509.81475830078125 -91.129493713378906 295.75650024414062 
507.18572998046875 -91.639785766601562 292.30453491210938 
509.67050170898438 -91.115875244140625 293.0791015625 
506.99404907226562 -91.6197509765625 289.5711669921875 
509.526611328125 -91.086685180664062 290.40951538085938 
506.87380981445312 -91.587181091308594 286.88690185546875 
509.35171508789062 -91.021461486816406 287.75445556640625 
506.75433349609375 -91.537086486816406 284.1993408203125 
509.18771362304688 -90.957420349121094 285.07586669921875 
506.68853759765625 -91.449966430664062 281.47222900390625 
509.03890991210938 -90.867843627929688 282.37765502929688 
506.6263427734375 -91.377021789550781 278.72454833984375 
508.94482421875 -90.776016235351562 279.56204223632812 
506.60952758789062 -91.322967529296875 275.96133422851562 
508.88027954101562 -90.694190979003906 276.71939086914062 
506.61294555664062 -91.223304748535156 273.09921264648438 
508.78399658203125 -90.628944396972656 273.90936279296875 
506.51361083984375 -91.124443054199219 270.28631591796875 
508.64434814453125 -90.549781799316406 271.24102783203125 
506.3863525390625 -91.053825378417969 267.50015258789062 
508.50408935546875 -90.487945556640625 268.60491943359375 
506.22705078125 -91.039573669433594 264.65704345703125 
508.32803344726562 -90.475761413574219 265.90267944335938 
505.9744873046875 -91.080604553222656 261.81350708007812 
508.1180419921875 -90.513656616210938 263.11370849609375 
505.74740600585938 -91.087921142578125 259.0308837890625 
507.94479370117188 -90.564483642578125 260.3243408203125 
505.62393188476562 -91.028594970703125 256.29257202148438 
507.83456420898438 -90.527923583984375 257.52188110351562 
505.52685546875 -90.975044250488281 253.593017578125 
507.74465942382812 -90.396553039550781 254.75558471679688 
505.39987182617188 -90.954490661621094 250.91938781738281 
507.63885498046875 -90.313102722167969 252.05326843261719 
505.22244262695312 -90.942901611328125 248.15803527832031 
507.50863647460938 -90.297531127929688 249.38554382324219 
504.98995971679688 -90.962356567382812 245.28689575195312 
507.276611328125 -90.305679321289062 246.66226196289062 
506.80111694335938 -90.421951293945312 241.12405395507812 
504.7330322265625 -90.985488891601562 242.41061401367188 
506.59918212890625 -90.493400573730469 238.45384216308594 
506.18893432617188 -90.588218688964844 233.2523193359375 
506.38455200195312 -90.561111450195312 235.87620544433594 
506.02838134765625 -90.563339233398438 230.55410766601562 
505.95074462890625 -90.501708984375 227.82377624511719 
505.84097290039062 -90.440406799316406 219.7327880859375 
505.85891723632812 -90.46429443359375 222.40379333496094 
504.51071166992188 -90.996620178222656 220.56642150878906 
505.91351318359375 -90.4610595703125 225.09066772460938 
504.53985595703125 -91.005401611328125 223.15830993652344 
504.61590576171875 -90.979911804199219 225.39373779296875 
505.73361206054688 -90.446334838867188 214.28994750976562 
505.80697631835938 -90.406356811523438 217.01750183105469 
504.51458740234375 -91.003944396972656 215.26345825195312 
504.52084350585938 -90.981681823730469 217.92201232910156 
505.49188232421875 -90.619369506835938 208.85821533203125 
505.60372924804688 -90.548553466796875 211.5762939453125 
504.30154418945312 -91.208480834960938 209.90837097167969 
504.41839599609375 -91.08587646484375 212.58888244628906 
504.20819091796875 -91.284492492675781 207.17721557617188 
505.3740234375 -90.128387451171875 200.69923400878906 
505.42367553710938 -90.3372802734375 203.43728637695312 
504.22463989257812 -91.146286010742188 201.77865600585938 
505.45449829101562 -90.510520935058594 206.13766479492188 
504.17965698242188 -91.238960266113281 204.47938537597656 
505.20840454101562 -90.031875610351562 195.43466186523438 
505.28656005859375 -90.040771484375 198.07632446289062 
504.2496337890625 -91.054824829101562 196.481689453125 
504.25927734375 -91.049232482910156 199.11317443847656 
504.96966552734375 -90.2459716796875 190.14007568359375 
505.09524536132812 -90.137351989746094 192.79270935058594 
504.04421997070312 -91.252120971679688 191.19830322265625 
504.16351318359375 -91.134872436523438 193.81668090820312 
503.92605590820312 -91.320037841796875 188.53143310546875 
504.80007934570312 -89.812637329101562 181.95451354980469 
504.63430786132812 -90.379135131835938 184.70721435546875 
503.80950927734375 -91.244377136230469 183.06901550292969 
504.77920532226562 -90.347625732421875 187.42790222167969 
503.82391357421875 -91.346611022949219 185.83711242675781 
504.79193115234375 -89.306808471679688 176.56198120117188 
504.859619140625 -89.418930053710938 179.27427673339844 
503.99691772460938 -90.697174072265625 177.46603393554688 
503.90933227539062 -90.982559204101562 180.22377014160156 
504.91522216796875 -88.491622924804688 171.19725036621094 
504.85665893554688 -88.817916870117188 173.869873046875 
504.2432861328125 -90.107933044433594 172.14581298828125 
504.13430786132812 -90.358222961425781 174.7806396484375 
504.28564453125 -90.058830261230469 169.47238159179688 
504.80996704101562 -88.629905700683594 162.89642333984375 
504.9091796875 -88.550765991210938 165.77398681640625 
504.2674560546875 -90.130241394042969 164.09361267089844 
504.95941162109375 -88.453163146972656 168.51170349121094 
504.29421997070312 -90.107498168945312 166.81742858886719 
504.91323852539062 -88.833053588867188 157.15887451171875 
504.79891967773438 -88.685745239257812 159.98663330078125 
504.34860229492188 -90.198287963867188 158.442626953125 
504.24728393554688 -90.133804321289062 161.25962829589844 
505.03338623046875 -89.91619873046875 151.64971923828125 
505.0015869140625 -89.25634765625 154.4300537109375 
504.34555053710938 -90.859169006347656 152.88644409179688 
504.4388427734375 -90.422683715820312 155.68757629394531 
504.26443481445312 -91.353469848632812 150.10537719726562 
505.3115234375 -91.598464965820312 143.65603637695312 
505.15283203125 -91.040245056152344 146.26727294921875 
504.33831787109375 -92.263168334960938 144.81338500976562 
505.07598876953125 -90.498512268066406 148.93351745605469 
504.25796508789062 -91.806503295898438 147.43658447265625 
506.168212890625 -92.644416809082031 138.61422729492188 
505.65969848632812 -92.161552429199219 141.09544372558594 
505.01370239257812 -93.317253112792969 139.72038269042969 
504.59661865234375 -92.776252746582031 142.23072814941406 
506.86196899414062 -93.133407592773438 133.86085510253906 
506.63754272460938 -92.913185119628906 136.17800903320312 
505.7840576171875 -93.952552795410156 134.83477783203125 
505.48516845703125 -93.737236022949219 137.21107482910156 
505.95925903320312 -94.113166809082031 132.45478820800781 
506.72311401367188 -93.603622436523438 126.81843566894531 
506.88742065429688 -93.488365173339844 129.26304626464844 
505.90426635742188 -94.381263732910156 127.75055694580078 
506.87216186523438 -93.34185791015625 131.59213256835938 
505.9678955078125 -94.259788513183594 130.13775634765625 
505.36016845703125 -93.117469787597656 122.04169464111328 
506.20864868164062 -93.448455810546875 124.41252899169922 
504.84686279296875 -94.334976196289062 123.14329528808594 
505.54745483398438 -94.424949645996094 125.41387176513672 
503.92926025390625 -92.594024658203125 119.66005706787109 
503.8658447265625 -93.962417602539062 120.79616546630859 
507.03280639648438 -90.341529846191406 243.88600158691406 
513.73895263671875 -91.199043273925781 352.22415161132812 
514.9345703125 -92.887184143066406 379.66610717773438 
521.12872314453125 -95.484054565429688 405.97274780273438 
498.60748291015625 -92.430343627929688 117.27241516113281 
495.65850830078125 -95.043617248535156 117.93106079101562 
496.88137817382812 -93.840972900390625 117.34413909912109 
494.5806884765625 -96.238044738769531 119.35905456542969 
500.3056640625 -90.968353271484375 117.75352478027344 
498.50030517578125 -89.698173522949219 118.46411895751953 
493.63229370117188 -93.706321716308594 117.65776062011719 
495.04885864257812 -92.489707946777344 117.37955474853516 
496.49575805664062 -90.964866638183594 117.70352172851562 
503.98876953125 -82.301643371582031 298.65020751953125 
502.27841186523438 -83.809120178222656 299.14837646484375 
503.20401000976562 -83.02813720703125 300.75131225585938 
501.89837646484375 -84.001548767089844 296.46243286132812 
503.8043212890625 -82.199256896972656 295.98526000976562 
501.64334106445312 -84.071739196777344 293.808349609375 
503.79983520507812 -82.051712036132812 293.36065673828125 
502.46133422851562 -82.829902648925781 291.83273315429688 
501.478515625 -84.008277893066406 291.26617431640625 
503.9183349609375 -81.840255737304688 290.68563842773438 
502.3739013671875 -82.696708679199219 289.68316650390625 
501.2684326171875 -83.961738586425781 288.7178955078125 
502.1739501953125 -82.579582214355469 287.09271240234375 
504.03692626953125 -81.603263854980469 287.9974365234375 
500.998046875 -83.929885864257812 285.97140502929688 
503.71084594726562 -81.545333862304688 285.37811279296875 
501.86260986328125 -82.552642822265625 284.375 
502.8988037109375 -81.738723754882812 282.77783203125 
500.7900390625 -83.827659606933594 283.13229370117188 
501.67605590820312 -82.498497009277344 281.66012573242188 
500.61611938476562 -83.709083557128906 280.3770751953125 
502.80184936523438 -81.637229919433594 280.11956787109375 
501.49496459960938 -82.449615478515625 278.92373657226562 
500.408447265625 -83.613700866699219 277.64227294921875 
502.62521362304688 -81.489295959472656 277.48068237304688 
501.31622314453125 -82.366920471191406 276.29910278320312 
500.18301391601562 -83.5928955078125 274.95941162109375 
502.51913452148438 -81.381179809570312 274.88885498046875 
501.16555786132812 -82.254692077636719 273.6356201171875 
499.9676513671875 -83.570396423339844 272.1708984375 
502.47988891601562 -81.264396667480469 272.13516235351562 
501.05120849609375 -82.146072387695312 270.79571533203125 
499.86477661132812 -83.472427368164062 269.38946533203125 
502.5048828125 -81.158287048339844 269.1728515625 
500.9896240234375 -82.002494812011719 267.897705078125 
499.7484130859375 -83.430549621582031 266.61572265625 
502.59103393554688 -81.036186218261719 266.266357421875 
500.93658447265625 -81.917350769042969 265.13076782226562 
499.6009521484375 -83.3836669921875 263.890625 
502.57135009765625 -80.972915649414062 263.56033325195312 
500.7659912109375 -81.9215087890625 262.46368408203125 
499.3897705078125 -83.451866149902344 261.21600341796875 
502.4794921875 -80.907707214355469 260.993408203125 
500.61044311523438 -81.910720825195312 259.78707885742188 
499.17098999023438 -83.531150817871094 258.51068115234375 
502.36550903320312 -80.867149353027344 258.3419189453125 
500.4471435546875 -81.93438720703125 256.97592163085938 
502.11370849609375 -80.920745849609375 255.7412109375 
498.9375 -83.587989807128906 255.76408386230469 
500.115966796875 -82.079757690429688 254.27284240722656 
501.14657592773438 -81.369468688964844 253.09963989257812 
498.74188232421875 -83.553749084472656 252.92633056640625 
499.81826782226562 -82.201515197753906 251.54153442382812 
500.9097900390625 -81.410331726074219 250.29829406738281 
498.57095336914062 -83.50927734375 250.072998046875 
499.589599609375 -82.202957153320312 248.73661804199219 
500.7041015625 -81.390647888183594 247.43659973144531 
498.38876342773438 -83.477470397949219 247.28456115722656 
499.39797973632812 -82.187080383300781 245.99195861816406 
500.5601806640625 -81.372291564941406 244.68804931640625 
498.22470092773438 -83.426742553710938 244.56294250488281 
499.26858520507812 -82.1951904296875 243.34745788574219 
500.43270874023438 -81.402023315429688 242.06770324707031 
498.11041259765625 -83.31988525390625 241.8731689453125 
499.17510986328125 -82.152755737304688 240.74851989746094 
500.36444091796875 -81.423583984375 239.43763732910156 
497.99441528320312 -83.224075317382812 239.21513366699219 
499.089599609375 -82.13580322265625 238.1112060546875 
500.26467895507812 -81.40777587890625 236.75669860839844 
497.89794921875 -83.143791198730469 236.53201293945312 
499.032958984375 -82.068367004394531 235.40878295898438 
500.17752075195312 -81.394447326660156 234.04621887207031 
497.82742309570312 -83.025001525878906 233.88017272949219 
498.95120239257812 -82.025894165039062 232.71408081054688 
500.05340576171875 -81.394309997558594 231.30136108398438 
497.707763671875 -82.963142395019531 231.17474365234375 
498.85360717773438 -82.0169677734375 229.93612670898438 
499.93350219726562 -81.415603637695312 228.53001403808594 
497.58193969726562 -82.973411560058594 228.46495056152344 
498.76885986328125 -82.025627136230469 227.15896606445312 
499.82745361328125 -81.481666564941406 225.74124145507812 
497.47366333007812 -83.026481628417969 225.71047973632812 
498.61187744140625 -82.101669311523438 224.42674255371094 
499.70321655273438 -81.568099975585938 223.02828979492188 
497.34445190429688 -83.081878662109375 222.97734069824219 
498.43075561523438 -82.203483581542969 221.77003479003906 
499.5216064453125 -81.689743041992188 220.32528686523438 
497.18743896484375 -83.131324768066406 220.33465576171875 
498.25250244140625 -82.290687561035156 219.08537292480469 
499.42947387695312 -81.7596435546875 217.61209106445312 
497.02523803710938 -83.139854431152344 217.71438598632812 
498.1075439453125 -82.336105346679688 216.382080078125 
499.45458984375 -81.777244567871094 214.96226501464844 
496.92755126953125 -83.108413696289062 215.05392456054688 
498.08657836914062 -82.279067993164062 213.72369384765625 
499.57815551757812 -81.768447875976562 212.32905578613281 
496.8927001953125 -82.995018005371094 212.37611389160156 
498.17147827148438 -82.179718017578125 211.0765380859375 
504.30136108398438 -82.391769409179688 301.27044677734375 
502.2479248046875 -84.135993957519531 301.77017211914062 
503.2154541015625 -83.205123901367188 302.82998657226562 
504.56524658203125 -82.439521789550781 303.81381225585938 
502.31094360351562 -84.513465881347656 304.46624755859375 
503.28567504882812 -83.360137939453125 305.40573120117188 
504.71783447265625 -82.51873779296875 306.42300415039062 
502.45065307617188 -84.688957214355469 307.12460327148438 
503.44076538085938 -83.444961547851562 308.07723999023438 
504.87948608398438 -82.599578857421875 309.07949829101562 
502.6500244140625 -84.76025390625 309.79977416992188 
503.67584228515625 -83.460655212402344 310.74618530273438 
505.19366455078125 -82.609046936035156 311.70730590820312 
502.90054321289062 -84.75238037109375 312.49227905273438 
503.97894287109375 -83.397361755371094 313.41433715820312 
503.12289428710938 -84.715118408203125 315.14239501953125 
504.1710205078125 -83.38470458984375 316.03384399414062 
505.82147216796875 -82.526031494140625 314.21328735351562 
505.71792602539062 -82.631141662597656 316.80999755859375 
503.30502319335938 -84.707008361816406 317.76046752929688 
504.25421142578125 -83.459739685058594 318.59896850585938 
505.71261596679688 -82.721893310546875 319.41790771484375 
503.48007202148438 -84.728797912597656 320.36978149414062 
504.39859008789062 -83.5325927734375 321.17483520507812 
505.82476806640625 -82.793144226074219 322.07943725585938 
503.73345947265625 -84.726356506347656 323.04513549804688 
504.6605224609375 -83.602020263671875 323.86666870117188 
506.03140258789062 -82.869590759277344 324.79193115234375 
504.07247924804688 -84.746086120605469 325.76300048828125 
504.9652099609375 -83.699981689453125 326.55487060546875 
506.26837158203125 -82.973846435546875 327.49563598632812 
504.40792846679688 -84.800849914550781 328.419189453125 
505.23809814453125 -83.818199157714844 329.20779418945312 
506.47711181640625 -83.089385986328125 330.15036010742188 
504.66864013671875 -84.870429992675781 331.0618896484375 
505.43280029296875 -83.927581787109375 331.87124633789062 
506.61962890625 -83.197349548339844 332.79104614257812 
504.88946533203125 -84.901679992675781 333.75216674804688 
505.63064575195312 -83.972618103027344 334.5804443359375 
506.75448608398438 -83.249320983886719 335.45291137695312 
505.09902954101562 -84.921127319335938 336.46517944335938 
505.85394287109375 -83.976287841796875 337.32379150390625 
506.95449829101562 -83.261947631835938 338.1749267578125 
505.34774780273438 -84.927955627441406 339.19281005859375 
506.1370849609375 -83.976028442382812 340.03302001953125 
507.22586059570312 -83.283943176269531 340.97113037109375 
505.67254638671875 -84.899284362792969 341.96603393554688 
506.4345703125 -83.973548889160156 342.37445068359375 
507.48861694335938 -83.339515686035156 343.78778076171875 
506.0048828125 -84.915557861328125 344.76504516601562 
506.77230834960938 -84.047187805175781 345.73745727539062 
507.70657348632812 -83.388900756835938 346.57846069335938 
506.26040649414062 -85.02337646484375 347.48519897460938 
506.97567749023438 -84.144569396972656 348.468994140625 
507.9150390625 -83.429031372070312 349.34158325195312 
506.49307250976562 -85.170196533203125 350.20599365234375 
507.21707153320312 -84.256263732910156 351.72171020507812 
499.64797973632812 -81.776626586914062 209.67047119140625 
496.89114379882812 -82.854408264160156 209.72816467285156 
498.22061157226562 -82.112144470214844 208.40167236328125 
499.693603515625 -81.812385559082031 207.00674438476562 
496.84970092773438 -82.760818481445312 207.04981994628906 
498.17984008789062 -82.125930786132812 205.67616271972656 
499.6993408203125 -81.895774841308594 204.31707763671875 
496.7843017578125 -82.738502502441406 204.28988647460938 
498.0799560546875 -82.199455261230469 202.93971252441406 
499.65164184570312 -82.000526428222656 201.61444091796875 
496.70404052734375 -82.74444580078125 201.57569885253906 
498.02447509765625 -82.236984252929688 200.2325439453125 
508.16152954101562 -83.456695556640625 352.09487915039062 
506.72372436523438 -85.316307067871094 352.96182250976562 
507.40618896484375 -84.336174011230469 353.98056030273438 
499.59561157226562 -82.073936462402344 198.92439270019531 
496.63369750976562 -82.716941833496094 198.88648986816406 
497.99301147460938 -82.265388488769531 197.54275512695312 
499.57339477539062 -82.15460205078125 196.26025390625 
496.6553955078125 -82.691070556640625 196.20198059082031 
498.05502319335938 -82.289291381835938 194.88059997558594 
496.743408203125 -82.691841125488281 193.50981140136719 
498.15518188476562 -82.328964233398438 192.29759216308594 
496.82293701171875 -82.696022033691406 190.79867553710938 
498.24896240234375 -82.35797119140625 190.11859130859375 
499.63815307617188 -82.235893249511719 193.59272766113281 
499.66323852539062 -82.297187805175781 190.91598510742188 
508.37408447265625 -83.533363342285156 354.88729858398438 
506.96484375 -85.461540222167969 355.73934936523438 
507.72689819335938 -84.343765258789062 356.60870361328125 
508.7811279296875 -83.493453979492188 357.61434936523438 
508.17730712890625 -84.196022033691406 358.80392456054688 
507.3743896484375 -85.320816040039062 358.47760009765625 
509.10006713867188 -83.574462890625 360.28775024414062 
508.14871215820312 -84.620193481445312 360.86767578125 
497.15756225585938 -82.6181640625 188.17373657226562 
499.69479370117188 -82.366233825683594 188.252685546875 
497.98855590820312 -82.452781677246094 185.61775207519531 
509.31698608398438 -83.645347595214844 362.9781494140625 
519.80224609375 -93.71795654296875 407.93341064453125 
518.25921630859375 -93.75860595703125 408.3851318359375 
517.945556640625 -94.992111206054688 407.35675048828125 
522.256591796875 -93.211135864257812 407.19149780273438 
523.48382568359375 -94.150581359863281 405.9110107421875 
516.73846435546875 -93.612892150878906 408.72625732421875 
524.521240234375 -91.933853149414062 406.29672241210938 
522.87249755859375 -90.462303161621094 407.65631103515625 
521.420654296875 -92.240211486816406 407.95999145507812 
522.8896484375 -95.485153198242188 404.97042846679688 
510.82327270507812 -88.135627746582031 408.45846557617188 
510.36322021484375 -85.944587707519531 406.6627197265625 
510.2071533203125 -87.265518188476562 406.70355224609375 
511.33038330078125 -85.156562805175781 408.18789672851562 
509.81585693359375 -86.734870910644531 404.8302001953125 
498.570068359375 -81.764778137207031 148.38253784179688 
500.79501342773438 -82.327964782714844 147.21815490722656 
499.67059326171875 -81.891998291015625 146.30746459960938 
500.86215209960938 -82.415374755859375 149.931396484375 
498.04885864257812 -81.82550048828125 150.76188659667969 
500.93011474609375 -82.506622314453125 152.60855102539062 
498.13143920898438 -81.939300537109375 153.31890869140625 
500.98785400390625 -82.643096923828125 155.30592346191406 
498.27322387695312 -82.070381164550781 155.92588806152344 
500.99716186523438 -82.790679931640625 157.96607971191406 
498.29754638671875 -82.200042724609375 158.55018615722656 
500.89547729492188 -82.88446044921875 160.61117553710938 
498.2225341796875 -82.328483581542969 161.24653625488281 
500.81344604492188 -82.950920104980469 163.29487609863281 
498.15213012695312 -82.443801879882812 163.97854614257812 
500.84542846679688 -83.018409729003906 165.96842956542969 
498.18966674804688 -82.533004760742188 166.71432495117188 
500.86715698242188 -83.071144104003906 168.7119140625 
498.2440185546875 -82.553146362304688 169.38519287109375 
500.88409423828125 -83.079154968261719 171.55485534667969 
498.29400634765625 -82.550437927246094 172.09028625488281 
500.9073486328125 -83.084182739257812 174.39488220214844 
498.35958862304688 -82.538925170898438 174.82292175292969 
500.8916015625 -83.058235168457031 177.21022033691406 
498.3258056640625 -82.536773681640625 177.55117797851562 
500.87472534179688 -83.002304077148438 180.02967834472656 
498.24612426757812 -82.532691955566406 180.25924682617188 
498.12130737304688 -82.497947692871094 182.94320678710938 
500.92483520507812 -82.924293518066406 182.80610656738281 
501.00613403320312 -82.833992004394531 185.51783752441406 
501.07000732421875 -82.334548950195312 144.56034851074219 
494.11734008789062 -87.742294311523438 121.98276519775391 
496.23382568359375 -86.962600708007812 121.87168121337891 
494.86294555664062 -88.898635864257812 120.08795928955078 
495.55682373046875 -85.571327209472656 123.68624114990234 
493.58163452148438 -86.327735900878906 123.93818664550781 
494.95736694335938 -83.983993530273438 125.69881439208984 
493.14797973632812 -84.932975769042969 125.83322906494141 
494.501953125 -82.859504699707031 127.64637756347656 
492.651123046875 -84.017570495605469 127.64921569824219 
493.85772705078125 -82.394340515136719 129.58132934570312 
492.23675537109375 -83.541633605957031 129.59878540039062 
493.24435424804688 -82.196273803710938 131.61468505859375 
491.97894287109375 -83.235206604003906 131.70248413085938 
492.92813110351562 -82.088233947753906 134.03926086425781 
491.81500244140625 -83.163009643554688 133.72407531738281 
492.09188842773438 -82.791496276855469 135.93757629394531 
492.7908935546875 -82.150192260742188 136.56729125976562 
492.7147216796875 -82.645957946777344 139.14674377441406 
499.85888671875 -89.351287841796875 275.69091796875 
499.36199951171875 -87.6705322265625 277.47726440429688 
499.19284057617188 -87.653556823730469 274.64547729492188 
500.02511596679688 -89.358238220214844 278.44534301757812 
499.56695556640625 -87.603218078613281 280.21786499023438 
500.1953125 -89.341545104980469 281.19015502929688 
499.78839111328125 -87.496932983398438 282.87979125976562 
500.3486328125 -89.268516540527344 283.98065185546875 
500.03973388671875 -87.442192077636719 285.542724609375 
500.51828002929688 -89.282913208007812 286.76144409179688 
500.2451171875 -87.556022644042969 288.25094604492188 
500.68167114257812 -89.276992797851562 289.45346069335938 
500.49761962890625 -87.636077880859375 290.90231323242188 
499.40594482421875 -85.728004455566406 276.21475219726562 
499.67291259765625 -85.728408813476562 278.89910888671875 
499.94308471679688 -85.712051391601562 281.53216552734375 
500.20791625976562 -85.575103759765625 284.23101806640625 
500.385009765625 -85.730484008789062 286.97994995117188 
500.57327270507812 -85.937614440917969 289.72134399414062 
500.902099609375 -89.090980529785156 292.26766967773438 
500.74847412109375 -86.225929260253906 292.3544921875 
500.75357055664062 -87.504432678222656 293.5714111328125 
499.23886108398438 -85.689971923828125 273.46548461914062 
499.6856689453125 -89.322151184082031 272.8311767578125 
499.0374755859375 -87.523704528808594 271.81240844726562 
499.10818481445312 -85.677589416503906 270.69760131835938 
499.42626953125 -89.204826354980469 269.95068359375 
498.8697509765625 -87.427200317382812 268.97817993164062 
498.93124389648438 -85.620468139648438 267.84371948242188 
498.6768798828125 -87.311798095703125 266.23416137695312 
498.7418212890625 -85.494155883789062 265.021484375 
498.48934936523438 -87.013023376464844 264.02801513671875 
499.18536376953125 -89.056327819824219 267.07827758789062 
498.89932250976562 -88.734687805175781 264.25277709960938 
498.39984130859375 -87.727218627929688 261.84384155273438 
498.52798461914062 -85.460304260253906 262.43389892578125 
498.27044677734375 -85.638404846191406 259.82119750976562 
498.2919921875 -87.943450927734375 259.06707763671875 
498.06881713867188 -85.802566528320312 257.12860107421875 
498.20523071289062 -88.147781372070312 256.2183837890625 
497.89886474609375 -85.632179260253906 254.39453125 
498.08624267578125 -88.179145812988281 253.3519287109375 
497.831787109375 -85.226226806640625 251.67042541503906 
497.92559814453125 -88.085357666015625 250.59056091308594 
497.6112060546875 -85.532272338867188 248.94265747070312 
497.77066040039062 -88.026931762695312 247.97824096679688 
497.41925048828125 -85.587455749511719 246.38337707519531 
497.50827026367188 -87.935050964355469 245.40229797363281 
497.21743774414062 -85.435699462890625 243.74911499023438 
497.23471069335938 -87.823387145996094 242.71644592285156 
497.026123046875 -85.238746643066406 241.01982116699219 
496.99710083007812 -87.558647155761719 240.08108520507812 
496.89205932617188 -85.072776794433594 238.33772277832031 
496.77545166015625 -87.169670104980469 237.42819213867188 
496.77413940429688 -84.928749084472656 235.68539428710938 
496.61642456054688 -86.82879638671875 234.73788452148438 
496.64450073242188 -84.799079895019531 232.94194030761719 
496.4775390625 -86.944053649902344 231.95011901855469 
496.55206298828125 -84.7598876953125 230.20333862304688 
496.35745239257812 -86.996231079101562 229.17915344238281 
496.444091796875 -84.738815307617188 227.5330810546875 
496.23867797851562 -86.959327697753906 226.44732666015625 
496.34323120117188 -84.720260620117188 224.83686828613281 
496.11471557617188 -86.829536437988281 223.79322814941406 
496.2095947265625 -84.752334594726562 222.19294738769531 
495.98980712890625 -86.708587646484375 221.13584899902344 
496.04879760742188 -84.770751953125 219.59228515625 
495.85614013671875 -86.648162841796875 218.43333435058594 
495.89599609375 -84.728111267089844 216.99122619628906 
495.69952392578125 -86.515892028808594 215.78050231933594 
495.78289794921875 -84.579299926757812 214.32341003417969 
495.53524780273438 -86.32550048828125 213.07817077636719 
495.71914672851562 -84.367469787597656 211.57099914550781 
495.40707397460938 -86.086776733398438 210.34620666503906 
495.66644287109375 -84.193679809570312 208.82464599609375 
495.26284790039062 -85.984207153320312 207.61500549316406 
495.57705688476562 -84.110267639160156 206.14794921875 
495.10162353515625 -85.751121520996094 204.89993286132812 
495.45211791992188 -84.075424194335938 203.49961853027344 
494.9571533203125 -85.543022155761719 202.19515991210938 
495.3289794921875 -84.01336669921875 200.86396789550781 
494.818115234375 -85.44537353515625 199.47451782226562 
495.234619140625 -83.960350036621094 198.21961975097656 
494.70706176757812 -85.678558349609375 196.81559753417969 
495.21725463867188 -83.916694641113281 195.58993530273438 
494.64837646484375 -85.73992919921875 194.12481689453125 
495.22665405273438 -83.896430969238281 192.91741943359375 
494.61358642578125 -85.671867370605469 191.36471557617188 
495.22128295898438 -83.867202758789062 190.19523620605469 
494.551513671875 -85.617118835449219 188.62347412109375 
495.156005859375 -83.834869384765625 187.44163513183594 
494.447021484375 -85.546577453613281 185.91192626953125 
495.04342651367188 -83.818649291992188 184.71029663085938 
494.34881591796875 -85.457832336425781 183.18072509765625 
494.93258666992188 -83.815200805664062 182.02102661132812 
494.22390747070312 -85.407333374023438 180.52210998535156 
494.86544799804688 -83.760421752929688 179.34605407714844 
494.08795166015625 -85.286827087402344 177.75703430175781 
494.84344482421875 -83.655838012695312 176.60861206054688 
493.99447631835938 -85.202621459960938 174.80255126953125 
494.83834838867188 -83.610549926757812 173.81094360351562 
493.94342041015625 -85.174453735351562 171.93734741210938 
494.7921142578125 -83.63885498046875 171.02357482910156 
493.87387084960938 -85.170036315917969 169.18574523925781 
494.71810913085938 -83.653488159179688 168.296630859375 
493.77853393554688 -85.132759094238281 166.39358520507812 
494.61376953125 -83.61370849609375 165.61848449707031 
493.70941162109375 -85.085556030273438 163.60343933105469 
494.55355834960938 -83.476295471191406 162.83854675292969 
493.59274291992188 -85.021270751953125 160.84878540039062 
494.41915893554688 -83.3695068359375 159.9903564453125 
493.46234130859375 -84.928840637207031 158.08528137207031 
494.32351684570312 -83.258636474609375 157.20370483398438 
493.33462524414062 -84.849510192871094 155.37347412109375 
494.21722412109375 -83.202964782714844 154.53044128417969 
493.14291381835938 -84.806373596191406 152.64422607421875 
494.084228515625 -83.149490356445312 151.888427734375 
492.97421264648438 -84.793312072753906 149.95953369140625 
494.0845947265625 -82.976234436035156 149.30221557617188 
492.76007080078125 -84.760353088378906 147.37156677246094 
494.0364990234375 -82.7197265625 146.77796936035156 
492.44876098632812 -84.583976745605469 144.771484375 
493.56820678710938 -82.72100830078125 144.20513916015625 
492.15301513671875 -84.295936584472656 142.19352722167969 
493.15023803710938 -82.663414001464844 141.6243896484375 
491.87652587890625 -83.986526489257812 139.70057678222656 
491.60244750976562 -83.872123718261719 137.32827758789062 
491.33700561523438 -84.01251220703125 134.83816528320312 
491.1868896484375 -84.362869262695312 132.20361328125 
491.13800048828125 -84.848907470703125 129.89533996582031 
491.26156616210938 -85.35162353515625 127.95937347412109 
491.52706909179688 -86.186355590820312 126.0706787109375 
491.80963134765625 -87.307525634765625 124.23485565185547 
492.19854736328125 -88.521835327148438 122.34857177734375 
497.29281616210938 -88.245903015136719 120.08311462402344 
495.992431640625 -89.592178344726562 118.87885284423828 
501.131103515625 -88.722801208496094 295.13153076171875 
500.92959594726562 -86.228935241699219 294.9312744140625 
500.954345703125 -87.318992614746094 295.8441162109375 
492.72695922851562 -89.67962646484375 120.23626708984375 
493.64544677734375 -90.980415344238281 118.51374816894531 
501.36593627929688 -88.275924682617188 297.81866455078125 
501.14102172851562 -86.273277282714844 297.61053466796875 
501.3779296875 -86.489593505859375 300.35198974609375 
519.46392822265625 -90.444137573242188 409.34906005859375 
518.72735595703125 -88.249374389648438 409.92294311523438 
517.41668701171875 -89.918045043945312 410.512451171875 
521.02252197265625 -89.669868469238281 408.69525146484375 
520.89849853515625 -87.463691711425781 408.64532470703125 
519.460693359375 -85.924346923828125 409.14114379882812 
517.7344970703125 -85.768478393554688 410.0135498046875 
516.542236328125 -88.117279052734375 411.0986328125 
518.77545166015625 -91.99176025390625 409.11343383789062 
515.33551025390625 -89.936119079589844 411.27224731445312 
516.80743408203125 -91.671356201171875 410.03854370117188 
514.6591796875 -87.687057495117188 411.44500732421875 
515.8289794921875 -85.780662536621094 410.74505615234375 
523.06610107421875 -88.792472839355469 407.5853271484375 
522.74005126953125 -86.744407653808594 407.4439697265625 
521.2259521484375 -84.966133117675781 407.82241821289062 
519.56298828125 -83.546073913574219 408.16030883789062 
517.21759033203125 -83.286361694335938 409.13784790039062 
515.0765380859375 -92.176307678222656 410.05780029296875 
515.0352783203125 -83.723640441894531 409.85427856445312 
513.9461669921875 -85.270530700683594 410.47842407226562 
513.092529296875 -87.122520446777344 410.84103393554688 
513.17889404296875 -88.880744934082031 411.05630493164062 
513.39373779296875 -90.6121826171875 410.76434326171875 
513.97418212890625 -93.123069763183594 380.91146850585938 
512.7457275390625 -92.889747619628906 379.51785278320312 
513.65179443359375 -92.934494018554688 378.76327514648438 
512.8685302734375 -93.093894958496094 382.26953125 
514.24981689453125 -93.386924743652344 383.01626586914062 
512.9688720703125 -93.363044738769531 384.91873168945312 
513.40509033203125 -93.811897277832031 387.44036865234375 
514.15374755859375 -94.44732666015625 389.88363647460938 
515.1639404296875 -95.211524963378906 392.15573120117188 
516.0538330078125 -96.003875732421875 394.6573486328125 
516.76214599609375 -96.864555358886719 397.069091796875 
517.26715087890625 -97.6201171875 399.36328125 
517.34136962890625 -97.735015869140625 401.65884399414062 
516.8988037109375 -97.172500610351562 403.89047241210938 
516.54351806640625 -96.224685668945312 405.5908203125 
515.788330078125 -95.212242126464844 406.83578491210938 
514.931640625 -93.451644897460938 408.80038452148438 
512.6016845703125 -92.775833129882812 376.8270263671875 
513.93756103515625 -93.621345520019531 408.19891357421875 
513.3577880859375 -92.312728881835938 409.45761108398438 
512.520263671875 -87.078163146972656 292.22207641601562 
511.13311767578125 -84.86541748046875 292.14019775390625 
512.4949951171875 -86.602088928222656 294.82736206054688 
511.1915283203125 -84.983001708984375 289.522705078125 
512.3843994140625 -87.195259094238281 289.42398071289062 
512.22265625 -87.292289733886719 286.71466064453125 
511.25473022460938 -85.109153747558594 286.99539184570312 
511.09890747070312 -85.398712158203125 281.52896118164062 
511.21304321289062 -85.287544250488281 284.30010986328125 
511.97332763671875 -87.403038024902344 284.0177001953125 
510.962890625 -85.428009033203125 278.706787109375 
511.74545288085938 -87.536895751953125 281.3216552734375 
510.86553955078125 -85.454574584960938 275.93869018554688 
511.53952026367188 -87.580909729003906 278.63143920898438 
510.825439453125 -85.516410827636719 273.17575073242188 
511.42550659179688 -87.606559753417969 275.93472290039062 
511.3265380859375 -87.666618347167969 273.2860107421875 
510.74029541015625 -85.56390380859375 270.40423583984375 
510.19818115234375 -86.780189514160156 256.365234375 
510.39520263671875 -86.634269714355469 259.23916625976562 
510.32730102539062 -87.971687316894531 259.26715087890625 
510.755126953125 -87.706977844238281 264.9681396484375 
510.51190185546875 -87.907257080078125 262.10635375976562 
510.52059936523438 -86.321510314941406 262.23043823242188 
510.60751342773438 -85.962570190429688 264.929931640625 
510.99026489257812 -87.5850830078125 267.76431274414062 
509.69769287109375 -84.218040466308594 267.63150024414062 
511.17428588867188 -87.635322570800781 270.57907104492188 
511.34518432617188 -84.96728515625 294.719482421875 
512.046142578125 -85.533470153808594 297.23880004882812 
509.06173706054688 -83.9462890625 256.68646240234375 
509.9117431640625 -85.303665161132812 258.27163696289062 
509.06182861328125 -84.194618225097656 253.84811401367188 
509.97280883789062 -86.857704162597656 253.55726623535156 
509.03485107421875 -84.403053283691406 251.09651184082031 
509.77230834960938 -86.929344177246094 250.89604187011719 
508.92251586914062 -84.525047302246094 248.3123779296875 
509.5919189453125 -87.058914184570312 248.26359558105469 
508.776123046875 -84.551498413085938 245.47787475585938 
509.4005126953125 -87.192428588867188 245.53947448730469 
509.1708984375 -85.919692993164062 243.75437927246094 
508.58255004882812 -84.502845764160156 242.53932189941406 
508.99627685546875 -85.890266418457031 241.1817626953125 
509.21755981445312 -87.318473815917969 242.7490234375 
509.010009765625 -87.317268371582031 239.98069763183594 
508.42572021484375 -84.607833862304688 239.62467956542969 
508.79721069335938 -85.938148498535156 238.55503845214844 
508.99612426757812 -83.676429748535156 259.5357666015625 
509.95364379882812 -85.089332580566406 260.85577392578125 
508.79974365234375 -87.206405639648438 237.16378784179688 
508.25869750976562 -84.773651123046875 236.84649658203125 
508.57962036132812 -85.955833435058594 235.9798583984375 
510.00320434570312 -84.923439025878906 263.36825561523438 
508.96145629882812 -83.545219421386719 262.33224487304688 
509.17877197265625 -83.711906433105469 265.00595092773438 
508.51565551757812 -87.031791687011719 234.376220703125 
508.09793090820312 -84.96405029296875 234.13421630859375 
507.89920043945312 -85.114173889160156 231.43232727050781 
506.35025024414062 -88.722091674804688 207.05961608886719 
506.03216552734375 -89.485191345214844 204.897705078125 
506.49346923828125 -88.997024536132812 209.70301818847656 
506.6124267578125 -89.181724548339844 212.38290405273438 
506.75714111328125 -89.200515747070312 215.07160949707031 
506.91793823242188 -89.154731750488281 217.75773620605469 
507.06503295898438 -89.14520263671875 220.440185546875 
507.26025390625 -89.056541442871094 223.11526489257812 
507.49020385742188 -88.917953491210938 225.73075866699219 
507.09140014648438 -89.652671813964844 227.09967041015625 
507.7510986328125 -88.75146484375 228.33255004882812 
507.22381591796875 -89.688987731933594 229.56837463378906 
507.99642944335938 -88.646896362304688 230.98368835449219 
507.2735595703125 -89.828834533691406 232.09913635253906 
508.07598876953125 -88.938804626464844 233.64300537109375 
507.22821044921875 -90.038948059082031 234.64265441894531 
506.19781494140625 -88.509071350097656 204.49009704589844 
505.936767578125 -89.224929809570312 202.48097229003906 
508.03695678710938 -89.327552795410156 236.17498779296875 
508.2528076171875 -89.264457702636719 238.87921142578125 
508.460693359375 -89.194221496582031 241.60256958007812 
508.67929077148438 -89.087921142578125 244.37620544433594 
508.94485473632812 -88.955009460449219 247.1767578125 
509.14324951171875 -88.95159912109375 249.83566284179688 
509.29403686523438 -89.054695129394531 252.47344970703125 
509.40252685546875 -89.235496520996094 255.19659423828125 
509.53579711914062 -89.353744506835938 257.95706176757812 
509.63662719726562 -89.448822021484375 260.86090087890625 
509.84475708007812 -89.435264587402344 263.74295043945312 
510.08963012695312 -89.3695068359375 266.61257934570312 
510.25289916992188 -89.372474670410156 269.33883666992188 
510.37509155273438 -89.466163635253906 272.06875610351562 
510.45352172851562 -89.516708374023438 274.79763793945312 
510.59564208984375 -89.596023559570312 277.4957275390625 
510.80300903320312 -89.651069641113281 280.22268676757812 
511.06442260742188 -89.629043579101562 283.03790283203125 
511.32803344726562 -89.666526794433594 285.78622436523438 
511.4530029296875 -89.7950439453125 288.46926879882812 
511.56329345703125 -89.944076538085938 291.0389404296875 
511.56063842773438 -90.106231689453125 293.74746704101562 
511.65219116210938 -90.214462280273438 296.5069580078125 
511.83273315429688 -90.255531311035156 299.211181640625 
512.060791015625 -90.255706787109375 301.91159057617188 
512.295166015625 -90.245223999023438 304.65988159179688 
512.55584716796875 -90.234619140625 307.43722534179688 
512.82940673828125 -90.182350158691406 310.1328125 
513.0478515625 -90.141288757324219 312.769775390625 
513.2042236328125 -90.143646240234375 315.414794921875 
513.30859375 -90.196815490722656 318.0772705078125 
513.41864013671875 -90.217933654785156 320.83383178710938 
513.52203369140625 -90.266845703125 323.59375 
513.64508056640625 -90.28631591796875 326.27474975585938 
513.78131103515625 -90.275222778320312 328.88479614257812 
513.9017333984375 -90.287513732910156 331.5367431640625 
514.02374267578125 -90.275741577148438 334.26174926757812 
514.177734375 -90.200630187988281 337.02340698242188 
514.38128662109375 -90.109077453613281 339.77651977539062 
514.6263427734375 -90.044692993164062 342.51144409179688 
514.87823486328125 -90.040168762207031 345.20864868164062 
515.09326171875 -90.069686889648438 347.88449096679688 
515.29656982421875 -90.054115295410156 350.61984252929688 
515.49237060546875 -90.018714904785156 353.44113159179688 
515.729248046875 -90.003067016601562 356.29251098632812 
515.98931884765625 -90.040611267089844 359.093505859375 
516.24822998046875 -90.137680053710938 361.73843383789062 
516.5185546875 -90.210281372070312 364.3597412109375 
516.766357421875 -90.294708251953125 367.03756713867188 
516.9654541015625 -90.459747314453125 369.70755004882812 
517.25958251953125 -90.536468505859375 372.38262939453125 
517.7437744140625 -90.544662475585938 375.1043701171875 
518.2969970703125 -90.614906311035156 377.86148071289062 
518.90478515625 -90.75909423828125 380.55966186523438 
519.38970947265625 -91.130203247070312 383.20993041992188 
520.09490966796875 -91.448158264160156 385.77462768554688 
520.93780517578125 -91.66253662109375 388.09979248046875 
521.93780517578125 -91.9852294921875 390.46762084960938 
522.78759765625 -92.712593078613281 392.90234375 
523.40106201171875 -93.576309204101562 395.29608154296875 
523.88031005859375 -94.474853515625 397.685302734375 
524.40142822265625 -95.123939514160156 399.92953491210938 
524.63818359375 -95.291984558105469 401.99871826171875 
524.34698486328125 -95.06927490234375 404.00497436523438 
501.21051025390625 -82.741157531738281 188.19306945800781 
501.4619140625 -82.687248229980469 190.90533447265625 
501.65109252929688 -82.622428894042969 193.56332397460938 
501.78012084960938 -82.526908874511719 196.2249755859375 
501.931396484375 -82.42730712890625 198.93760681152344 
501.98785400390625 -82.274520874023438 201.62710571289062 
502.01705932617188 -82.079200744628906 204.34416198730469 
502.06640625 -81.907310485839844 207.01898193359375 
502.09381103515625 -81.769111633300781 209.63571166992188 
502.07125854492188 -81.678070068359375 212.29934692382812 
501.99227905273438 -81.565544128417969 214.98814392089844 
501.8909912109375 -81.424125671386719 217.7076416015625 
501.90048217773438 -81.321144104003906 220.40716552734375 
502.01431274414062 -81.224319458007812 223.17352294921875 
502.11776733398438 -81.131027221679688 225.99833679199219 
502.20376586914062 -81.025299072265625 228.82406616210938 
502.29885864257812 -80.955703735351562 231.61329650878906 
502.36343383789062 -80.906829833984375 234.29878234863281 
502.40338134765625 -80.865493774414062 237.02099609375 
502.52349853515625 -80.824409484863281 239.77725219726562 
502.67068481445312 -80.777801513671875 242.47444152832031 
502.794189453125 -80.744972229003906 245.20777893066406 
502.91549682617188 -80.6744384765625 248.10151672363281 
503.1182861328125 -80.611808776855469 251.04867553710938 
503.42337036132812 -80.57281494140625 253.89598083496094 
505.16455078125 -80.939079284667969 256.41287231445312 
504.98446655273438 -80.816413879394531 259.18795776367188 
504.91473388671875 -80.802078247070312 262.00042724609375 
504.91455078125 -80.847198486328125 264.78451538085938 
504.880126953125 -80.833290100097656 267.51626586914062 
504.84539794921875 -80.868278503417969 270.3175048828125 
504.79702758789062 -80.905731201171875 273.1556396484375 
504.80300903320312 -80.954536437988281 275.91387939453125 
504.884765625 -81.084815979003906 278.560546875 
505.07870483398438 -81.179725646972656 281.35205078125 
505.40420532226562 -81.294586181640625 284.18161010742188 
506.08340454101562 -81.465293884277344 285.94888305664062 
507.13235473632812 -81.879158020019531 287.25723266601562 
506.57431030273438 -81.694992065429688 289.83984375 
506.12939453125 -81.6260986328125 292.44012451171875 
506.3031005859375 -81.729446411132812 294.97213745117188 
506.5966796875 -81.885154724121094 297.53836059570312 
506.69204711914062 -82.020095825195312 300.20489501953125 
506.8487548828125 -82.164833068847656 302.89285278320312 
507.04177856445312 -82.278976440429688 305.5552978515625 
507.19586181640625 -82.342887878417969 308.25613403320312 
507.32757568359375 -82.400505065917969 310.97579956054688 
505.278076171875 -87.687088012695312 152.26741027832031 
504.86410522460938 -85.936798095703125 149.97311401367188 
504.79409790039062 -86.027900695800781 152.52066040039062 
505.544921875 -88.306549072265625 149.60330200195312 
505.79507446289062 -88.404434204101562 146.89372253417969 
504.91366577148438 -85.780731201171875 147.44432067871094 
506.09317016601562 -88.17181396484375 144.33351135253906 
505.0421142578125 -85.6175537109375 144.97886657714844 
506.3482666015625 -87.502006530761719 142.03358459472656 
505.29885864257812 -85.449714660644531 142.57188415527344 
506.74801635742188 -87.246994018554688 139.70146179199219 
505.69058227539062 -85.344749450683594 140.125732421875 
506.09878540039062 -85.404304504394531 137.62254333496094 
507.36410522460938 -87.360427856445312 137.07940673828125 
506.34591674804688 -85.621307373046875 135.16929626464844 
507.7086181640625 -87.467506408691406 134.53880310058594 
506.3704833984375 -85.696807861328125 132.82138061523438 
507.86532592773438 -87.521820068359375 132.12356567382812 
506.27740478515625 -85.727470397949219 130.52992248535156 
507.802734375 -87.626029968261719 129.71133422851562 
506.13058471679688 -85.946159362792969 128.16195678710938 
507.56491088867188 -87.901077270507812 127.33940887451172 
505.75927734375 -86.323898315429688 126.00988006591797 
506.94189453125 -88.223716735839844 125.0830078125 
505.08010864257812 -86.813034057617188 123.92628479003906 
506.03765869140625 -88.738685607910156 122.83589172363281 
504.1204833984375 -87.541893005371094 121.79954528808594 
504.84957885742188 -89.6051025390625 120.70509338378906 
502.92388916015625 -88.539985656738281 119.99742889404297 
503.49282836914062 -90.802894592285156 119.00984191894531 
501.76718139648438 -89.551284790039062 118.78495025634766 
504.71612548828125 -86.098335266113281 155.10519409179688 
507.43246459960938 -82.060699462890625 268.31011962890625 
506.99453735351562 -81.798072814941406 270.94964599609375 
507.54852294921875 -82.148567199707031 265.75018310546875 
507.15060424804688 -81.896286010742188 263.0963134765625 
507.1763916015625 -81.91595458984375 260.459716796875 
507.31838989257812 -82.059127807617188 257.7142333984375 
507.44818115234375 -82.242881774902344 254.97146606445312 
505.31320190429688 -81.061439514160156 253.63529968261719 
507.50677490234375 -82.415397644042969 252.21633911132812 
505.41021728515625 -81.1773681640625 250.87794494628906 
507.53366088867188 -82.563758850097656 249.46658325195312 
505.5606689453125 -81.334617614746094 248.07894897460938 
507.5068359375 -82.655059814453125 246.77214050292969 
505.642822265625 -81.44696044921875 245.29428100585938 
507.4141845703125 -82.680244445800781 244.07450866699219 
505.64242553710938 -81.466644287109375 242.50151062011719 
507.32913208007812 -82.733047485351562 241.32234191894531 
505.60183715820312 -81.523788452148438 239.66716003417969 
507.24822998046875 -82.856712341308594 238.53524780273438 
505.549072265625 -81.6256103515625 236.81803894042969 
507.15774536132812 -83.020668029785156 235.71221923828125 
505.49618530273438 -81.745269775390625 234.01828002929688 
507.05117797851562 -83.171142578125 232.8935546875 
505.38192749023438 -81.866783142089844 231.27520751953125 
506.91815185546875 -83.294235229492188 230.2410888671875 
505.2686767578125 -81.956245422363281 228.52275085449219 
506.79617309570312 -83.408615112304688 227.55508422851562 
505.17538452148438 -82.088340759277344 225.72628784179688 
506.68606567382812 -83.568138122558594 224.82546997070312 
505.03558349609375 -82.234344482421875 222.96095275878906 
506.55499267578125 -83.743560791015625 222.13807678222656 
504.83575439453125 -82.325675964355469 220.28111267089844 
506.39508056640625 -83.859649658203125 219.45780944824219 
504.6129150390625 -82.342987060546875 217.58769226074219 
506.21340942382812 -83.901290893554688 216.82254028320312 
504.4105224609375 -82.412826538085938 214.87171936035156 
506.02218627929688 -83.947738647460938 214.24153137207031 
504.22393798828125 -82.503570556640625 212.1429443359375 
505.8377685546875 -84.026649475097656 211.63191223144531 
504.08096313476562 -82.624496459960938 209.43998718261719 
505.65164184570312 -84.146087646484375 209.01197814941406 
503.97998046875 -82.772697448730469 206.81390380859375 
505.45675659179688 -84.298385620117188 206.43595886230469 
503.89083862304688 -82.939346313476562 204.21099853515625 
505.31796264648438 -84.52581787109375 203.87026977539062 
503.80331420898438 -83.151504516601562 201.57080078125 
505.24664306640625 -84.797630310058594 201.27122497558594 
503.69866943359375 -83.346488952636719 198.9149169921875 
505.16757202148438 -85.067672729492188 198.68486022949219 
503.5968017578125 -83.493980407714844 196.18833923339844 
505.08871459960938 -85.296180725097656 196.08366394042969 
503.51071166992188 -83.629997253417969 193.52229309082031 
504.94989013671875 -85.407432556152344 193.50596618652344 
503.33468627929688 -83.695091247558594 190.9189453125 
504.7880859375 -85.451019287109375 190.8974609375 
503.144775390625 -83.718307495117188 188.25057983398438 
504.63644409179688 -85.450393676757812 188.19845581054688 
503.0203857421875 -83.796134948730469 185.45921325683594 
504.54525756835938 -85.55670166015625 185.43568420410156 
502.92324829101562 -83.904403686523438 182.69706726074219 
504.53863525390625 -85.7789306640625 182.66651916503906 
502.89663696289062 -84.047782897949219 179.98751831054688 
504.55419921875 -85.953163146972656 179.974609375 
502.92669677734375 -84.196708679199219 177.25238037109375 
504.55770874023438 -86.055931091308594 177.28587341308594 
504.570556640625 -86.138893127441406 174.5001220703125 
503.01199340820312 -84.275482177734375 174.46720886230469 
504.63449096679688 -86.163337707519531 171.75253295898438 
503.09283447265625 -84.328147888183594 171.63186645507812 
504.69174194335938 -86.202842712402344 169.14300537109375 
503.14422607421875 -84.355667114257812 168.80259704589844 
504.6673583984375 -86.268218994140625 166.48068237304688 
503.06399536132812 -84.315544128417969 166.11149597167969 
504.60787963867188 -86.2880859375 163.67414855957031 
502.95574951171875 -84.204627990722656 163.49493408203125 
504.6082763671875 -86.248085021972656 160.80264282226562 
503.04092407226562 -84.173416137695312 160.72657775878906 
504.63131713867188 -86.132797241210938 157.8902587890625 
503.1756591796875 -84.152183532714844 157.98027038574219 
503.26681518554688 -84.073211669921875 155.28378295898438 
503.30145263671875 -83.977935791015625 152.59968566894531 
503.29888916015625 -83.908897399902344 149.96243286132812 
503.29946899414062 -83.850456237792969 147.37588500976562 
503.41159057617188 -83.786972045898438 144.75796508789062 
503.65536499023438 -83.676124572753906 142.10685729980469 
504.08926391601562 -83.669631958007812 139.45266723632812 
504.33544921875 -83.833656311035156 136.91554260253906 
504.40664672851562 -84.106925964355469 134.39834594726562 
504.35922241210938 -84.328788757324219 131.952880859375 
504.178955078125 -84.435096740722656 129.48794555664062 
503.92828369140625 -84.720237731933594 127.13431549072266 
503.423828125 -85.290939331054688 124.88250732421875 
502.571044921875 -86.046096801757812 122.78234100341797 
501.41561889648438 -87.087181091308594 120.96764373779297 
500.09616088867188 -88.3885498046875 119.51603698730469 
507.04415893554688 -81.80255126953125 273.67385864257812 
507.14093017578125 -81.818222045898438 276.31484985351562 
507.24893188476562 -81.850593566894531 279.01345825195312 
507.32427978515625 -81.888648986816406 281.73519897460938 
507.36181640625 -81.918548583984375 284.5350341796875 
496.54519653320312 -81.181617736816406 141.30538940429688 
497.74380493164062 -81.032524108886719 139.51553344726562 
495.84597778320312 -81.02655029296875 139.49543762207031 
494.42202758789062 -81.598197937011719 140.48213195800781 
500.27426147460938 -81.7821044921875 136.73097229003906 
498.288330078125 -81.237586975097656 135.11148071289062 
498.2218017578125 -81.057540893554688 137.309326171875 
500.335205078125 -82.045005798339844 134.37254333496094 
502.34771728515625 -82.787117004394531 135.66424560546875 
502.37591552734375 -82.5892333984375 138.11134338378906 
500.25677490234375 -81.669944763183594 139.41288757324219 
499.121337890625 -81.504150390625 141.94075012207031 
496.11727905273438 -80.869621276855469 137.71049499511719 
497.00811767578125 -81.407020568847656 143.56808471679688 
494.839599609375 -81.725814819335938 142.75498962402344 
494.27545166015625 -81.406341552734375 138.25083923339844 
496.23968505859375 -80.958297729492188 135.57853698730469 
494.34780883789062 -81.268745422363281 135.9605712890625 
498.47256469726562 -81.487617492675781 132.9521484375 
496.47030639648438 -81.124763488769531 133.41407775878906 
494.56845092773438 -81.382118225097656 133.64872741699219 
495.02511596679688 -81.559524536132812 131.48764038085938 
496.91049194335938 -81.422622680664062 131.29824829101562 
498.64242553710938 -81.763931274414062 131.1043701171875 
500.350830078125 -82.295356750488281 132.14579772949219 
502.33291625976562 -83.046775817871094 133.1771240234375 
495.7332763671875 -81.902046203613281 129.36676025390625 
497.8316650390625 -81.904998779296875 129.3450927734375 
500.04995727539062 -82.418220520019531 129.89710998535156 
502.24813842773438 -83.234916687011719 130.81443786621094 
498.91085815429688 -81.607292175292969 144.35794067382812 
495.32040405273438 -81.86962890625 145.24263000488281 
497.53073120117188 -81.564796447753906 145.99313354492188 
499.55178833007812 -82.693626403808594 127.78538513183594 
502.00296020507812 -83.417335510253906 128.50657653808594 
496.81719970703125 -82.593605041503906 127.12609100341797 
499.17263793945312 -83.376663208007812 125.69940185546875 
501.63784790039062 -83.876777648925781 126.33445739746094 
497.08355712890625 -83.94805908203125 124.87183380126953 
499.0233154296875 -84.264190673828125 124.15665435791016 
501.11978149414062 -84.595901489257812 124.30674743652344 
497.65350341796875 -85.278053283691406 123.06174468994141 
500.1571044921875 -85.434226989746094 122.70628356933594 
496.03912353515625 -81.90509033203125 148.21823120117188 
510.03033447265625 -83.729278564453125 403.10110473632812 
509.48516845703125 -86.443519592285156 402.44949340820312 
510.05667114257812 -84.791748046875 404.75387573242188 
509.84555053710938 -83.710212707519531 401.27572631835938 
495.8834228515625 -82.073944091796875 151.18302917480469 
495.9228515625 -82.134773254394531 153.83003234863281 
496.03329467773438 -82.191719055175781 156.43479919433594 
496.09597778320312 -82.331207275390625 159.138916015625 
496.11538696289062 -82.498908996582031 161.96287536621094 
496.12289428710938 -82.651557922363281 164.75784301757812 
496.19891357421875 -82.750572204589844 167.49215698242188 
496.31564331054688 -82.756568908691406 170.11734008789062 
496.40890502929688 -82.756744384765625 172.79376220703125 
496.4063720703125 -82.771713256835938 175.60574340820312 
496.39691162109375 -82.80841064453125 178.3634033203125 
496.32974243164062 -82.855453491210938 181.02204895019531 
496.2366943359375 -82.908683776855469 183.65534973144531 
496.11688232421875 -82.997344970703125 185.88748168945312 
505.40859985351562 -85.851112365722656 343.22457885742188 
505.18618774414062 -85.858749389648438 341.09384155273438 
505.631591796875 -85.878730773925781 345.30563354492188 
509.3466796875 -86.216163635253906 400.01788330078125 
509.81439208984375 -83.587486267089844 398.92767333984375 
509.3419189453125 -86.35540771484375 397.51568603515625 
509.88623046875 -83.732589721679688 396.49676513671875 
509.46737670898438 -86.633407592773438 395.03262329101562 
510.02999877929688 -84.034561157226562 394.04403686523438 
509.59130859375 -86.905364990234375 392.59429931640625 
510.11679077148438 -84.35791015625 391.61871337890625 
509.62838745117188 -87.002655029296875 390.04241943359375 
510.14666748046875 -84.522979736328125 389.01806640625 
509.600341796875 -86.980369567871094 387.39352416992188 
510.10006713867188 -84.6048583984375 386.34744262695312 
509.49246215820312 -86.964668273925781 384.678466796875 
509.962890625 -84.675140380859375 383.67184448242188 
509.32168579101562 -86.992866516113281 382.00103759765625 
509.76202392578125 -84.826629638671875 380.89544677734375 
509.09228515625 -87.071884155273438 379.315185546875 
509.50848388671875 -84.9815673828125 378.15109252929688 
508.791015625 -87.196662902832031 376.56686401367188 
509.2330322265625 -85.039932250976562 375.35751342773438 
508.53558349609375 -87.331016540527344 373.83563232421875 
508.90432739257812 -85.2633056640625 372.51773071289062 
508.26065063476562 -87.483375549316406 371.00244140625 
508.58139038085938 -85.447837829589844 369.69180297851562 
507.9691162109375 -87.602638244628906 368.23577880859375 
508.24859619140625 -85.563247680664062 366.86004638671875 
507.68426513671875 -87.699394226074219 365.55206298828125 
507.97894287109375 -85.536094665527344 364.08209228515625 
507.38818359375 -87.734596252441406 362.89691162109375 
507.06484985351562 -87.627197265625 360.19317626953125 
506.73529052734375 -87.564414978027344 357.48495483398438 
504.56698608398438 -86.868553161621094 336.60128784179688 
504.306396484375 -86.857582092285156 334.04534912109375 
504.06192016601562 -86.872352600097656 331.53799438476562 
503.829345703125 -86.820106506347656 329.00997924804688 
503.5858154296875 -86.579421997070312 326.41604614257812 
503.30209350585938 -86.679298400878906 323.8028564453125 
503.05389404296875 -86.849456787109375 321.20773315429688 
502.87838745117188 -86.872390747070312 318.68765258789062 
502.69668579101562 -86.846908569335938 316.09506225585938 
502.43191528320312 -86.921073913574219 313.37216186523438 
502.1685791015625 -87.055908203125 310.6656494140625 
501.9630126953125 -87.091300964355469 308.05795288085938 
501.78204345703125 -86.976058959960938 305.55429077148438 
501.59042358398438 -86.769569396972656 303.009521484375 
501.63595581054688 -82.419731140136719 141.944580078125 
509.38641357421875 -83.767051696777344 365.721435546875 
509.59176635742188 -83.798477172851562 368.46084594726562 
502.69540405273438 -82.826591491699219 140.53439331054688 
498.81362915039062 -86.720626831054688 121.35594940185547 
509.99807739257812 -83.666107177734375 371.20986938476562 
510.3597412109375 -83.438995361328125 374.01422119140625 
510.598876953125 -83.296356201171875 376.82827758789062 
510.83859252929688 -83.122261047363281 379.61648559570312 
511.07467651367188 -82.940589904785156 382.36007690429688 
511.2100830078125 -82.761810302734375 385.125732421875 
511.28488159179688 -82.547630310058594 387.88021850585938 
511.28765869140625 -82.244148254394531 390.5595703125 
511.14910888671875 -81.875900268554688 393.11257934570312 
510.98660278320312 -81.533302307128906 395.65206909179688 
510.87771606445312 -81.249252319335938 398.166748046875 
510.91751098632812 -81.185722351074219 400.44305419921875 
510.87124633789062 -81.57867431640625 402.54461669921875 
510.85305786132812 -82.511573791503906 404.79513549804688 
511.0338134765625 -83.699378967285156 406.5997314453125 
503.34860229492188 -81.525787353515625 221.74433898925781 
503.51483154296875 -81.424606323242188 224.42811584472656 
503.6099853515625 -81.310638427734375 227.27189636230469 
503.66879272460938 -81.213813781738281 230.06427001953125 
503.76580810546875 -81.133689880371094 232.77064514160156 
503.85195922851562 -81.061103820800781 235.43864440917969 
503.94583129882812 -81.003852844238281 238.21192932128906 
504.011962890625 -80.951004028320312 241.03974914550781 
504.06558227539062 -80.946823120117188 243.80320739746094 
504.08920288085938 -80.895156860351562 246.51091003417969 
504.09414672851562 -80.798469543457031 249.25373840332031 
503.219482421875 -81.616630554199219 219.13731384277344 
504.17495727539062 -80.722679138183594 251.97181701660156 
503.12246704101562 -81.696311950683594 216.64376831054688 
525.06353759765625 -90.167655944824219 406.1796875 
525.13421630859375 -88.283668518066406 406.046142578125 
524.0137939453125 -85.458892822265625 405.90374755859375 
522.562255859375 -84.831367492675781 406.84661865234375 
522.1756591796875 -83.294204711914062 406.28500366210938 
506.36410522460938 -90.474159240722656 142.00531005859375 
506.87005615234375 -88.985580444335938 140.72392272949219 
506.43472290039062 -88.99273681640625 142.67291259765625 
506.88775634765625 -90.829582214355469 139.64949035644531 
507.48638916015625 -89.126808166503906 138.31320190429688 
507.48736572265625 -91.126670837402344 137.1939697265625 
508.08755493164062 -89.407463073730469 135.77253723144531 
507.89089965820312 -91.374114990234375 134.85829162597656 
508.36077880859375 -89.585357666015625 133.37991333007812 
508.02593994140625 -91.597763061523438 132.65219116210938 
508.4078369140625 -89.645957946777344 131.13545227050781 
508.09762573242188 -91.668441772460938 130.47596740722656 
508.41360473632812 -89.76239013671875 128.94265747070312 
508.04681396484375 -91.805953979492188 128.13931274414062 
508.07623291015625 -90.023025512695312 126.61061096191406 
507.57760620117188 -91.885383605957031 125.6982421875 
507.26724243164062 -90.146392822265625 124.32855224609375 
506.6209716796875 -91.821403503417969 123.31462097167969 
506.2669677734375 -90.267295837402344 122.38817596435547 
506.0531005859375 -89.810897827148438 144.32475280761719 
514.26678466796875 -88.363449096679688 316.30087280273438 
514.02081298828125 -88.455085754394531 313.6614990234375 
514.0799560546875 -89.259140014648438 317.70809936523438 
513.7947998046875 -88.567718505859375 311.0791015625 
513.56219482421875 -88.766952514648438 308.47665405273438 
513.3699951171875 -88.835914611816406 305.80697631835938 
513.19891357421875 -88.852706909179688 303.07559204101562 
513.0042724609375 -88.848388671875 300.35092163085938 
512.814697265625 -88.804664611816406 297.61856079101562 
512.6295166015625 -88.724540710449219 294.88858032226562 
512.5218505859375 -88.579742431640625 292.23727416992188 
508.29330444335938 -87.477394104003906 231.99220275878906 
514.49725341796875 -88.159042358398438 318.94256591796875 
514.27569580078125 -89.162361145019531 319.93011474609375 
508.1221923828125 -87.154563903808594 229.71626281738281 
507.76507568359375 -85.242324829101562 228.70249938964844 
507.9285888671875 -87.202308654785156 227.10295104980469 
507.65463256835938 -85.405914306640625 225.98970031738281 
507.72540283203125 -87.3760986328125 224.45124816894531 
507.50418090820312 -85.618865966796875 223.2679443359375 
507.51272583007812 -87.580223083496094 221.8004150390625 
507.33682250976562 -85.786766052246094 220.58251953125 
507.34637451171875 -87.666641235351562 219.15914916992188 
507.137451171875 -85.835380554199219 217.89111328125 
507.17462158203125 -87.631561279296875 216.4534912109375 
506.83132934570312 -85.537017822265625 215.09767150878906 
506.98629760742188 -87.620384216308594 213.70135498046875 
506.66021728515625 -85.729400634765625 212.40284729003906 
506.78970336914062 -87.654624938964844 210.99154663085938 
506.51751708984375 -86.195465087890625 209.7451171875 
506.56100463867188 -87.636878967285156 208.42851257324219 
506.30392456054688 -86.447654724121094 207.06292724609375 
506.37237548828125 -87.61572265625 206.29023742675781 
506.1292724609375 -86.752861022949219 204.44680786132812 
506.00930786132812 -87.011024475097656 201.80720520019531 
505.90960693359375 -87.338249206542969 199.17129516601562 
505.79458618164062 -87.695907592773438 196.59883117675781 
505.63571166992188 -87.984901428222656 194.03779602050781 
505.48388671875 -88.201644897460938 191.40345764160156 
505.34219360351562 -88.365509033203125 188.64334106445312 
505.23550415039062 -88.341194152832031 185.76158142089844 
505.166015625 -88.138259887695312 182.83287048339844 
505.0704345703125 -87.702766418457031 180.08549499511719 
505.33984375 -91.364547729492188 121.01406097412109 
514.684326171875 -87.900627136230469 321.58383178710938 
514.4442138671875 -89.089645385742188 322.580810546875 
514.825439453125 -87.656242370605469 324.26907348632812 
514.569580078125 -89.094871520996094 325.26409912109375 
514.49029541015625 -89.474288940429688 327.9677734375 
514.9400634765625 -87.356117248535156 327.01803588867188 
515.06756591796875 -88.739410400390625 329.90753173828125 
515.0626220703125 -87.065055847167969 329.69952392578125 
515.39959716796875 -87.750190734863281 331.82965087890625 
515.298583984375 -88.621322631835938 331.8778076171875 
515.43804931640625 -88.532020568847656 333.98269653320312 
520.95794677734375 -81.33740234375 405.62615966796875 
518.24603271484375 -82.052322387695312 407.91696166992188 
518.3082275390625 -79.910903930664062 406.00747680664062 
517.01739501953125 -80.659568786621094 407.2470703125 
519.77740478515625 -79.651275634765625 404.7100830078125 
510.23971557617188 -83.785247802734375 298.5445556640625 
511.6864013671875 -85.0087890625 299.12448120117188 
509.43804931640625 -83.232490539550781 296.14675903320312 
509.09176635742188 -83.031646728515625 293.60382080078125 
509.1759033203125 -83.085220336914062 291.07916259765625 
509.3001708984375 -83.163040161132812 288.54571533203125 
509.41287231445312 -83.292137145996094 285.96832275390625 
509.44705200195312 -83.415817260742188 283.36383056640625 
509.421875 -83.485107421875 280.625 
509.36688232421875 -83.545036315917969 277.878173828125 
509.31356811523438 -83.589385986328125 275.22152709960938 
509.2642822265625 -83.597953796386719 272.6717529296875 
509.21087646484375 -83.613800048828125 270.09259033203125 
511.20071411132812 -84.484062194824219 300.89266967773438 
510.106201171875 -82.9019775390625 339.5035400390625 
508.509765625 -82.8160400390625 337.23077392578125 
508.29946899414062 -82.876617431640625 339.572265625 
510.35910034179688 -82.973602294921875 336.40350341796875 
508.76296997070312 -82.7735595703125 334.18130493164062 
510.77093505859375 -83.10888671875 334.20709228515625 
510.39077758789062 -83.062103271484375 332.03512573242188 
508.36553955078125 -82.721366882324219 331.19357299804688 
510.09530639648438 -83.034561157226562 329.3975830078125 
508.15011596679688 -82.672508239746094 328.513427734375 
509.88128662109375 -83.029678344726562 326.68356323242188 
507.96661376953125 -82.641616821289062 325.79672241210938 
509.76806640625 -83.053268432617188 323.95516967773438 
507.82952880859375 -82.605232238769531 323.06710815429688 
509.72125244140625 -83.073570251464844 321.24737548828125 
507.65878295898438 -82.564254760742188 320.39175415039062 
509.458984375 -82.996116638183594 318.29226684570312 
507.28268432617188 -82.508399963378906 318.19122314453125 
507.6722412109375 -82.496368408203125 316.10806274414062 
509.80502319335938 -83.174003601074219 315.375244140625 
508.7464599609375 -82.859832763671875 341.88580322265625 
510.54052734375 -82.908973693847656 342.67013549804688 
509.03753662109375 -82.860626220703125 344.693603515625 
510.83645629882812 -82.876243591308594 345.55221557617188 
509.27816772460938 -82.850563049316406 347.50357055664062 
511.13729858398438 -82.843704223632812 348.3818359375 
509.50363159179688 -82.843177795410156 350.25408935546875 
514.03302001953125 -78.751884460449219 403.39691162109375 
512.18524169921875 -80.34564208984375 404.21609497070312 
513.7989501953125 -79.78118896484375 405.38040161132812 
512.24896240234375 -79.683128356933594 401.95663452148438 
511.30709838867188 -82.783187866210938 351.14874267578125 
513.92010498046875 -78.323646545410156 401.376708984375 
509.75881958007812 -82.832672119140625 352.94696044921875 
512.7427978515625 -79.064964294433594 399.5902099609375 
511.473876953125 -82.743423461914062 353.82550048828125 
515.3660888671875 -77.752769470214844 399.7391357421875 
510.13232421875 -82.820510864257812 355.60250854492188 
514.83795166015625 -78.11175537109375 397.4674072265625 
511.74505615234375 -82.740402221679688 356.20855712890625 
512.6036376953125 -79.417739868164062 396.82962036132812 
508.02328491210938 -82.546798706054688 313.87164306640625 
514.6611328125 -78.592987060546875 395.45486450195312 
509.6826171875 -83.194931030273438 312.66885375976562 
512.91217041015625 -79.734100341796875 394.31927490234375 
510.99871826171875 -82.71405029296875 358.483642578125 
516.3812255859375 -77.895477294921875 402.33035278320312 
517.9168701171875 -77.684944152832031 400.04635620117188 
517.63421630859375 -77.804054260253906 397.83859252929688 
517.078857421875 -78.247085571289062 395.58255004882812 
516.5037841796875 -78.96588134765625 393.12030029296875 
513.31591796875 -80.143302917480469 391.861328125 
516.030517578125 -79.73358154296875 390.57406616210938 
513.260498046875 -80.756584167480469 389.25369262695312 
515.630126953125 -80.347427368164062 388.11468505859375 
513.09429931640625 -81.235160827636719 386.54885864257812 
515.31109619140625 -80.845481872558594 385.5164794921875 
512.9647216796875 -81.601234436035156 383.88397216796875 
515.13238525390625 -81.255393981933594 382.89920043945312 
512.82952880859375 -81.85406494140625 381.19039916992188 
514.97271728515625 -81.587158203125 380.29708862304688 
512.6409912109375 -82.041168212890625 378.49282836914062 
514.841064453125 -81.918930053710938 377.57485961914062 
512.42474365234375 -82.234916687011719 375.69427490234375 
514.53216552734375 -82.197479248046875 374.63433837890625 
512.143798828125 -82.447090148925781 372.8408203125 
514.25531005859375 -82.342475891113281 371.67425537109375 
511.77960205078125 -82.598136901855469 370.0379638671875 
513.9952392578125 -82.45721435546875 368.89984130859375 
511.479736328125 -82.632896423339844 367.241455078125 
513.71746826171875 -82.57513427734375 366.19943237304688 
511.29135131835938 -82.666267395019531 364.45480346679688 
513.4571533203125 -82.690567016601562 363.50982666015625 
511.13531494140625 -82.692955017089844 361.66244506835938 
513.31805419921875 -82.835273742675781 360.77511596679688 
513.1253662109375 -82.971267700195312 357.9864501953125 
513.08001708984375 -83.104583740234375 355.14810180664062 
513.23138427734375 -83.288604736328125 352.26931762695312 
513.20709228515625 -83.442718505859375 349.39764404296875 
512.7694091796875 -83.39874267578125 346.60592651367188 
512.311767578125 -83.364921569824219 343.8170166015625 
512.22186279296875 -83.463821411132812 341.02801513671875 
512.12921142578125 -83.529350280761719 338.3116455078125 
512.0469970703125 -83.571731567382812 335.6690673828125 
509.48031616210938 -83.160186767578125 309.91534423828125 
512.4447021484375 -83.9443359375 333.15390014648438 
512.12396240234375 -83.924728393554688 330.446533203125 
511.72903442382812 -83.85504150390625 327.74154663085938 
509.4022216796875 -83.140495300292969 307.21331787109375 
509.38153076171875 -83.124504089355469 304.65646362304688 
509.5390625 -83.229804992675781 302.56118774414062 
508.8026123046875 -82.794586181640625 300.56597900390625 
508.350341796875 -82.535362243652344 298.58364868164062 
511.66928100585938 -83.936019897460938 325.0263671875 
511.67340087890625 -84.030509948730469 322.32965087890625 
511.71786499023438 -84.134262084960938 319.6976318359375 
511.67471313476562 -84.2103271484375 317.00479125976562 
511.56027221679688 -84.268363952636719 314.26959228515625 
511.457275390625 -84.332710266113281 311.54757690429688 
511.32693481445312 -84.376075744628906 308.83096313476562 
511.2384033203125 -84.402061462402344 306.14007568359375 
511.22384643554688 -84.420356750488281 303.52413940429688 
505.25479125976562 -86.9647216796875 189.29432678222656 
505.13497924804688 -86.98284912109375 187.01545715332031 
505.02603149414062 -86.984123229980469 184.31048583984375 
512.34027099609375 -81.475929260253906 406.3367919921875 
504.9744873046875 -86.936943054199219 181.93780517578125 
515.99383544921875 -79.01763916015625 404.98318481445312 
514.2724609375 -80.82708740234375 407.2147216796875 
527.19732666015625 -88.941604614257812 403.04934692382812 
527.26300048828125 -91.189247131347656 402.52664184570312 
527.576904296875 -88.9627685546875 401.2664794921875 
526.34375 -91.341438293457031 404.50311279296875 
526.31475830078125 -89.143661499023438 404.6959228515625 
526.20330810546875 -87.266258239746094 404.23748779296875 
526.8138427734375 -86.639007568359375 402.41506958007812 
527.0841064453125 -86.276321411132812 400.2615966796875 
527.3912353515625 -88.783760070800781 399.333251953125 
526.97393798828125 -91.565879821777344 400.26837158203125 
526.62396240234375 -90.780509948730469 397.916259765625 
526.9287109375 -88.416191101074219 397.36224365234375 
526.892333984375 -86.104263305664062 398.0489501953125 
526.1341552734375 -89.43792724609375 395.72683715820312 
526.381591796875 -86.8861083984375 395.90304565429688 
525.5299072265625 -87.996383666992188 393.7269287109375 
519.10552978515625 -89.115806579589844 376.68490600585938 
519.9688720703125 -87.263595581054688 377.99267578125 
519.75274658203125 -89.106063842773438 379.32022094726562 
519.4306640625 -87.424346923828125 375.52975463867188 
520.63787841796875 -87.157859802246094 380.65948486328125 
520.44842529296875 -89.255355834960938 381.997802734375 
521.482421875 -87.125846862792969 383.62734985351562 
521.2783203125 -89.428138732910156 384.73699951171875 
522.57586669921875 -87.229927062988281 386.85650634765625 
522.008544921875 -89.7742919921875 387.08755493164062 
523.39617919921875 -88.975151062011719 389.39419555664062 
523.38983154296875 -85.766220092773438 389.36062622070312 
524.515380859375 -86.867416381835938 391.4932861328125 
524.1512451171875 -89.904075622558594 391.75759887695312 
524.76025390625 -91.008415222167969 393.99813842773438 
525.24462890625 -92.123374938964844 396.2685546875 
525.752685546875 -92.987098693847656 398.74407958984375 
526.1881103515625 -93.519393920898438 401.09808349609375 
518.6890869140625 -88.906562805175781 373.88372802734375 
522.07464599609375 -84.683258056640625 387.08267211914062 
521.32318115234375 -84.947563171386719 384.51834106445312 
520.61383056640625 -85.153663635253906 381.80096435546875 
519.93829345703125 -85.254165649414062 379.0760498046875 
519.4378662109375 -85.773918151855469 376.35958862304688 
518.969482421875 -86.265716552734375 373.49740600585938 
518.3863525390625 -88.739662170410156 371.44363403320312 
518.58489990234375 -86.724861145019531 370.53927612304688 
517.9805908203125 -88.808097839355469 368.7132568359375 
518.25115966796875 -86.958023071289062 367.61459350585938 
517.6903076171875 -88.741996765136719 365.95346069335938 
517.94195556640625 -87.100311279296875 364.781982421875 
517.37176513671875 -88.775444030761719 363.26919555664062 
517.58856201171875 -87.243682861328125 362.05609130859375 
517.06134033203125 -88.754196166992188 360.64569091796875 
517.23675537109375 -87.307449340820312 359.31582641601562 
516.79962158203125 -88.698570251464844 357.89508056640625 
516.99530029296875 -87.366943359375 356.50494384765625 
516.55078125 -88.725601196289062 355.02536010742188 
516.81597900390625 -87.420021057128906 353.71234130859375 
516.3087158203125 -88.777885437011719 352.18167114257812 
516.6014404296875 -87.508079528808594 350.912353515625 
516.11895751953125 -88.8134765625 349.3851318359375 
516.3895263671875 -87.635940551757812 348.10989379882812 
515.9384765625 -88.865692138671875 346.65975952148438 
516.1907958984375 -87.763885498046875 345.32537841796875 
515.71612548828125 -88.934700012207031 343.923583984375 
515.99432373046875 -87.881614685058594 342.52426147460938 
515.46307373046875 -89.073417663574219 341.14041137695312 
515.78619384765625 -88.03460693359375 339.70892333984375 
515.22015380859375 -89.290031433105469 338.38580322265625 
515.63690185546875 -88.280250549316406 336.837158203125 
514.98614501953125 -89.483306884765625 335.65139770507812 
514.75469970703125 -89.601608276367188 332.9923095703125 
514.56561279296875 -89.6221923828125 330.50119018554688 
526.13134765625 -93.462913513183594 403.08834838867188 
525.31402587890625 -93.307968139648438 404.8406982421875 
524.25360107421875 -82.095848083496094 402.00094604492188 
526 -84.084739685058594 401.10064697265625 
524.6873779296875 -81.790641784667969 399.31246948242188 
526.0447998046875 -83.841377258300781 398.5333251953125 
525.2459716796875 -84.582794189453125 403.54458618164062 
523.1844482421875 -82.481819152832031 404.29446411132812 
524.4329833984375 -81.953582763671875 396.80575561523438 
525.65521240234375 -84.227851867675781 396.09176635742188 
525.14605712890625 -85.293121337890625 393.6514892578125 
523.9757080078125 -82.625099182128906 394.2005615234375 
522.06396484375 -80.200675964355469 402.43783569335938 
522.75103759765625 -80.005241394042969 400.10812377929688 
522.7821044921875 -80.12713623046875 397.84588623046875 
522.4388427734375 -80.455154418945312 395.68252563476562 
521.86749267578125 -81.05828857421875 393.22344970703125 
523.55511474609375 -83.789085388183594 391.66314697265625 
521.375 -81.716384887695312 390.88580322265625 
522.42596435546875 -83.608207702636719 389.44009399414062 
520.80059814453125 -82.308540344238281 388.3638916015625 
520.09796142578125 -82.695777893066406 385.69146728515625 
519.5125732421875 -83.043807983398438 383.07540893554688 
519.0601806640625 -83.466575622558594 380.45330810546875 
518.5999755859375 -83.794883728027344 377.6370849609375 
518.18310546875 -84.16363525390625 374.72064208984375 
517.853515625 -84.500022888183594 371.75009155273438 
517.61126708984375 -84.744270324707031 368.87112426757812 
517.35736083984375 -84.998077392578125 366.09527587890625 
517.0452880859375 -85.180953979492188 363.3824462890625 
516.74981689453125 -85.320480346679688 360.62271118164062 
516.48260498046875 -85.361846923828125 357.77200317382812 
516.29254150390625 -85.384414672851562 354.957763671875 
516.06512451171875 -85.406784057617188 352.16552734375 
515.8946533203125 -85.612335205078125 349.32077026367188 
515.72369384765625 -85.818977355957031 346.49542236328125 
515.61029052734375 -86.062362670898438 343.76031494140625 
515.46173095703125 -86.177925109863281 340.9814453125 
515.36669921875 -86.28912353515625 338.13885498046875 
515.637451171875 -87.383842468261719 335.64938354492188 
515.3204345703125 -86.474029541015625 335.2841796875 
515.3878173828125 -87.006172180175781 333.41513061523438 
514.42279052734375 -85.545951843261719 332.55917358398438 
514.88836669921875 -86.33172607421875 331.247802734375 
513.705322265625 -85.077438354492188 329.98013305664062 
514.4573974609375 -86.03021240234375 328.02395629882812 
513.4154052734375 -84.998779296875 327.19265747070312 
514.3818359375 -86.191276550292969 325.50128173828125 
513.365478515625 -85.100578308105469 324.34686279296875 
514.31695556640625 -86.4547119140625 322.82778930664062 
513.35479736328125 -85.287490844726562 321.54824829101562 
514.2303466796875 -86.717155456542969 320.10989379882812 
513.301513671875 -85.496269226074219 318.80612182617188 
514.10430908203125 -86.926277160644531 317.46432495117188 
513.2032470703125 -85.641342163085938 316.07797241210938 
513.97027587890625 -87.081214904785156 314.79226684570312 
513.08306884765625 -85.753311157226562 313.35171508789062 
513.8006591796875 -87.187934875488281 312.16378784179688 
513.009033203125 -85.901222229003906 310.6351318359375 
513.6707763671875 -87.340530395507812 309.60983276367188 
512.9810791015625 -86.073371887207031 308.01205444335938 
513.56488037109375 -87.494552612304688 307.06869506835938 
512.977294921875 -86.249984741210938 305.37200927734375 
513.4071044921875 -87.615669250488281 304.40875244140625 
513.214111328125 -87.618255615234375 301.72348022460938 
513.0582275390625 -87.701568603515625 299.33456420898438 
512.94525146484375 -86.392448425292969 302.61270141601562 
512.687255859375 -86.239921569824219 299.87921142578125 
512.86724853515625 -87.264297485351562 297.0740966796875 
519.842529296875 -78.883354187011719 403.03439331054688 
519.877197265625 -78.402847290039062 401.29238891601562 
513.93707275390625 -84.679931640625 337.6956787109375 
513.99810791015625 -84.899574279785156 335.12518310546875 
514.09100341796875 -84.635757446289062 340.33895874023438 
514.25823974609375 -84.571212768554688 343.025634765625 
514.4710693359375 -84.509223937988281 345.7669677734375 
514.6968994140625 -84.453483581542969 348.53823852539062 
514.89453125 -84.35009765625 351.3402099609375 
515.00286865234375 -84.198997497558594 354.13934326171875 
515.1142578125 -84.078941345214844 356.95281982421875 
515.2777099609375 -83.949928283691406 359.74453735351562 
515.46630859375 -83.763359069824219 362.47039794921875 
515.744384765625 -83.576019287109375 365.1802978515625 
516.0047607421875 -83.381752014160156 367.88943481445312 
516.18707275390625 -83.170166015625 370.6273193359375 
516.3756103515625 -82.937454223632812 373.48779296875 
516.6728515625 -82.638542175292969 376.41238403320312 
517.047607421875 -82.322311401367188 379.28802490234375 
517.34521484375 -81.926063537597656 382.00836181640625 
517.7115478515625 -81.471588134765625 384.623291015625 
518.2470703125 -81.032180786132812 387.18280029296875 
518.77886962890625 -80.503990173339844 389.69113159179688 
519.20831298828125 -79.806816101074219 392.14593505859375 
519.6680908203125 -79.1068115234375 394.603759765625 
520.14874267578125 -78.681655883789062 396.84088134765625 
520.2999267578125 -78.436302185058594 399.0084228515625 
518.14996337890625 -78.466148376464844 403.6470947265625 
512.39813232421875 -82.760063171386719 407.86105346679688 
513.10711669921875 -84.104316711425781 409.3826904296875 
514.1988525390625 -82.247314453125 408.66024780273438 
515.87835693359375 -81.792755126953125 408.49639892578125 
511.80099487304688 -89.574104309082031 409.84271240234375 
511.14303588867188 -90.545761108398438 408.51031494140625 
512.17578125 -91.249626159667969 409.53692626953125 
511.943603515625 -87.998504638671875 410.15872192382812 
512.04840087890625 -86.151985168457031 409.76742553710938 
512.20684814453125 -92.451004028320312 408.29544067382812 
512.17205810546875 -85.271324157714844 303.83355712890625 
518.39990234375 -78.010871887207031 401.9967041015625 
512.0614013671875 -85.233901977539062 301.66116333007812 
499.70703125 -94.811172485351562 141.99755859375 
499.25497436523438 -94.402587890625 144.6588134765625 
500.31881713867188 -90.273353576660156 264.0775146484375 
499.56466674804688 -89.717437744140625 261.82778930664062 
499.03378295898438 -94.097663879394531 147.20132446289062 
499.47467041015625 -89.707221984863281 259.86715698242188 
497.69033813476562 -89.011482238769531 239.72599792480469 
497.59829711914062 -88.991241455078125 237.12675476074219 
497.59149169921875 -89.067489624023438 234.4588623046875 
497.54550170898438 -89.126853942871094 231.76617431640625 
497.50216674804688 -89.169891357421875 229.06869506835938 
498.93701171875 -93.790412902832031 149.73251342773438 
497.46420288085938 -89.218505859375 226.39556884765625 
498.87796020507812 -93.477287292480469 152.28361511230469 
498.91107177734375 -93.209457397460938 155.03057861328125 
498.94085693359375 -92.991127014160156 157.92637634277344 
498.76092529296875 -92.855247497558594 160.7662353515625 
498.3912353515625 -92.677101135253906 163.58387756347656 
497.3819580078125 -89.269157409667969 223.70671081542969 
498.71978759765625 -90.229751586914062 224.48838806152344 
499.6658935546875 -92.68084716796875 165.89723205566406 
497.74090576171875 -92.372215270996094 166.30796813964844 
498.960205078125 -90.414695739746094 222.18263244628906 
499.39218139648438 -92.569717407226562 168.13787841796875 
497.42059326171875 -92.068405151367188 169.03182983398438 
497.3408203125 -89.373497009277344 220.93925476074219 
497.35903930664062 -89.525650024414062 218.16474914550781 
498.94451904296875 -90.483551025390625 219.53536987304688 
498.9056396484375 -90.54248046875 216.9095458984375 
499.21517944335938 -92.441429138183594 170.79991149902344 
497.17572021484375 -91.784271240234375 171.57841491699219 
499.09475708007812 -92.342697143554688 173.48503112792969 
497.12368774414062 -91.574150085449219 174.33848571777344 
499.00503540039062 -92.238197326660156 176.20738220214844 
497.0811767578125 -91.336517333984375 177.20753479003906 
497.34329223632812 -89.640037536621094 215.47817993164062 
498.85848999023438 -92.051811218261719 178.952392578125 
497.00906372070312 -91.058921813964844 180.03427124023438 
498.8951416015625 -90.623397827148438 214.28179931640625 
497.28787231445312 -89.7156982421875 212.83621215820312 
498.85842895507812 -90.697959899902344 211.64765930175781 
497.23165893554688 -89.790855407714844 210.17330932617188 
498.833740234375 -90.761306762695312 208.98579406738281 
497.19732666015625 -89.828636169433594 207.52656555175781 
498.81045532226562 -90.826011657714844 206.29837036132812 
497.19924926757812 -89.880722045898438 204.86759948730469 
498.78799438476562 -90.888130187988281 203.59976196289062 
497.14218139648438 -89.960136413574219 202.16732788085938 
498.78439331054688 -90.980072021484375 200.93470764160156 
497.03826904296875 -90.044670104980469 199.44900512695312 
498.749267578125 -91.073715209960938 198.26570129394531 
496.98638916015625 -90.141876220703125 196.71757507324219 
498.71682739257812 -91.208953857421875 195.5643310546875 
496.93792724609375 -90.270416259765625 193.960693359375 
498.67257690429688 -91.345588684082031 192.82133483886719 
496.83404541015625 -90.377471923828125 191.18655395507812 
498.6070556640625 -91.466178894042969 190.04171752929688 
496.7637939453125 -90.465675354003906 188.42387390136719 
498.5865478515625 -91.567817687988281 187.2303466796875 
496.73394775390625 -90.547660827636719 185.65766906738281 
496.79400634765625 -90.717147827148438 182.85983276367188 
498.61883544921875 -91.651565551757812 184.46221923828125 
498.7030029296875 -91.807502746582031 181.69903564453125 
508.56643676757812 -91.068244934082031 361.48147583007812 
508.35406494140625 -91.111404418945312 358.79403686523438 
510.197021484375 -92.006706237792969 360.66958618164062 
508.76510620117188 -91.004570007324219 364.09698486328125 
510.3787841796875 -92.092262268066406 363.47100830078125 
509.01876831054688 -90.950836181640625 366.73660278320312 
510.59555053710938 -92.148078918457031 366.23849487304688 
509.24057006835938 -90.83416748046875 369.38687133789062 
510.80389404296875 -92.152999877929688 368.94827270507812 
509.41104125976562 -90.731956481933594 371.972412109375 
510.92376708984375 -92.161605834960938 371.57156372070312 
509.55133056640625 -90.629478454589844 374.53717041015625 
511.00704956054688 -92.152053833007812 374.2381591796875 
507.95858764648438 -91.170951843261719 353.27008056640625 
507.87557983398438 -91.222328186035156 350.54403686523438 
509.84896850585938 -91.955291748046875 352.35549926757812 
508.13641357421875 -91.136795043945312 356.02218627929688 
509.91390991210938 -91.976058959960938 355.07485961914062 
510.03713989257812 -91.981109619140625 357.83847045898438 
507.8126220703125 -91.319084167480469 347.85052490234375 
509.84994506835938 -91.941215515136719 349.59548950195312 
509.7520751953125 -91.938919067382812 346.85879516601562 
508.63821411132812 -91.811256408691406 344.57540893554688 
507.64382934570312 -91.407745361328125 345.18228149414062 
507.4034423828125 -91.399513244628906 342.53897094726562 
511.21194458007812 -92.251602172851562 382.5098876953125 
511.28463745117188 -92.386253356933594 385.223388671875 
509.9404296875 -90.547706604003906 382.6103515625 
511.13998413085938 -92.153785705566406 379.77685546875 
509.835205078125 -90.518455505371094 379.97662353515625 
511.07244873046875 -92.116119384765625 377.00021362304688 
509.71023559570312 -90.524040222167969 377.24411010742188 
510.16482543945312 -90.713081359863281 387.97091674804688 
511.43893432617188 -92.855506896972656 390.50540161132812 
510.17092895507812 -90.862503051757812 390.6754150390625 
511.40933227539062 -92.609657287597656 387.85028076171875 
510.07437133789062 -90.598114013671875 385.27593994140625 
511.44012451171875 -93.206611633300781 393.184814453125 
511.47952270507812 -93.658462524414062 395.87832641601562 
510.53289794921875 -92.208450317382812 395.2064208984375 
510.03866577148438 -90.758201599121094 393.28363037109375 
511.39114379882812 -93.948379516601562 398.3748779296875 
510.29727172851562 -92.172698974609375 400.86746215820312 
510.2694091796875 -91.990570068359375 398.1881103515625 
509.84628295898438 -90.539543151855469 395.68954467773438 
511.31448364257812 -93.989097595214844 400.71087646484375 
510.69232177734375 -92.843093872070312 402.71746826171875 
511.25051879882812 -93.848686218261719 402.54830932617188 
511.40542602539062 -93.522880554199219 404.62188720703125 
503.27484130859375 -91.109809875488281 244.34359741210938 
512.4698486328125 -95.228401184082031 402.70437622070312 
512.89959716796875 -95.081512451171875 404.63497924804688 
512.08685302734375 -94.990409851074219 400.63909912109375 
514.91802978515625 -96.34661865234375 404.37014770507812 
515.77227783203125 -97.30584716796875 402.61087036132812 
515.4254150390625 -97.297592163085938 400.82589721679688 
514.78717041015625 -96.786003112792969 398.58831787109375 
514.04766845703125 -96.394294738769531 402.65005493164062 
514.01556396484375 -95.828300476074219 396.21438598632812 
513.36346435546875 -94.91937255859375 393.84024047851562 
512.8929443359375 -94.195121765136719 391.48025512695312 
512.57086181640625 -93.663192749023438 389.3941650390625 
503.458740234375 -91.110153198242188 247.14149475097656 
503.59768676757812 -91.08935546875 249.88116455078125 
503.70138549804688 -91.089141845703125 252.57337951660156 
503.78134155273438 -91.13995361328125 255.25588989257812 
503.97824096679688 -91.175239562988281 257.94509887695312 
504.28585815429688 -91.188484191894531 260.736083984375 
504.52890014648438 -91.193016052246094 263.54132080078125 
504.71908569335938 -91.206497192382812 266.31927490234375 
504.88711547851562 -91.233146667480469 269.16171264648438 
505.06915283203125 -91.322883605957031 271.94155883789062 
505.12081909179688 -91.416732788085938 274.24801635742188 
512.7589111328125 -95.397079467773438 398.33319091796875 
508.93252563476562 -91.877685546875 342.02426147460938 
507.182373046875 -91.40484619140625 339.92730712890625 
508.84854125976562 -91.871528625488281 339.3394775390625 
507.05215454101562 -91.460670471191406 337.30877685546875 
508.7393798828125 -91.882492065429688 336.63665771484375 
506.95785522460938 -91.544364929199219 334.67254638671875 
508.656005859375 -91.904373168945312 333.9107666015625 
506.842041015625 -91.609657287597656 332.01565551757812 
508.56512451171875 -91.912200927734375 331.17669677734375 
506.76931762695312 -91.659805297851562 329.35519409179688 
508.48239135742188 -91.912818908691406 328.51287841796875 
506.83258056640625 -91.72540283203125 326.71832275390625 
508.39727783203125 -91.895370483398438 326.33648681640625 
506.82540893554688 -91.757408142089844 324.159912109375 
506.82540893554688 -91.811210632324219 321.56985473632812 
506.85757446289062 -91.8721923828125 318.96853637695312 
506.85504150390625 -91.938056945800781 316.27993774414062 
506.85476684570312 -92.006378173828125 313.50381469726562 
506.7410888671875 -92.019683837890625 310.84695434570312 
506.39779663085938 -91.957809448242188 308.30154418945312 
505.82858276367188 -91.847732543945312 305.60205078125 
505.71334838867188 -91.794807434082031 302.98712158203125 
505.58612060546875 -91.774734497070312 300.47100830078125 
513.5106201171875 -96.228019714355469 400.69830322265625 
512.52801513671875 -93.842544555664062 406.62478637695312 
505.0390625 -91.665443420410156 307.57412719726562 
505.25823974609375 -91.704742431640625 310.02102661132812 
510.31802368164062 -89.782760620117188 406.71246337890625 
509.88351440429688 -89.19207763671875 405.03939819335938 
509.61917114257812 -88.42645263671875 403.40411376953125 
509.45883178710938 -88.510848999023438 401.32644653320312 
509.35171508789062 -88.209922790527344 398.98220825195312 
509.40042114257812 -88.347640991210938 396.48345947265625 
511.0548095703125 -92.076789855957031 406.60870361328125 
510.345947265625 -91.366912841796875 404.69134521484375 
505.41690063476562 -91.698928833007812 312.51431274414062 
505.53726196289062 -91.634529113769531 314.99990844726562 
506.9012451171875 -89.469139099121094 355.235107421875 
507.18557739257812 -89.427947998046875 358.239501953125 
509.54608154296875 -88.671379089355469 394.08139038085938 
509.85690307617188 -90.636260986328125 402.690673828125 
509.66970825195312 -88.9249267578125 391.62884521484375 
509.70584106445312 -88.977523803710938 388.99148559570312 
509.63751220703125 -88.907608032226562 386.26983642578125 
509.49270629882812 -88.859405517578125 383.58499145507812 
509.35781860351562 -88.882240295410156 380.93728637695312 
509.14862060546875 -88.932655334472656 378.2054443359375 
508.91439819335938 -89.0050048828125 375.50076293945312 
508.690185546875 -89.126976013183594 372.779541015625 
508.46282958984375 -89.20721435546875 370.02828979492188 
508.20755004882812 -89.270851135253906 367.29412841796875 
507.8817138671875 -89.338508605957031 364.4337158203125 
507.54598999023438 -89.519676208496094 361.28988647460938 
509.644287109375 -90.04046630859375 397.91766357421875 
509.7030029296875 -90.412467956542969 400.14520263671875 
494.22683715820312 -86.807945251464844 180.557861328125 
490.67269897460938 -85.780006408691406 131.5384521484375 
490.60028076171875 -86.156295776367188 133.88851928710938 
490.82781982421875 -85.9576416015625 136.34417724609375 
491.17999267578125 -85.942497253417969 138.73648071289062 
491.5152587890625 -86.226669311523438 141.20726013183594 
491.88552856445312 -86.624755859375 143.76315307617188 
492.28176879882812 -86.848739624023438 146.40744018554688 
492.57894897460938 -87.067741394042969 149.09797668457031 
492.77203369140625 -87.069786071777344 151.84512329101562 
492.95831298828125 -87.061820983886719 154.69944763183594 
493.17779541015625 -87.133338928222656 157.48445129394531 
493.38265991210938 -87.303878784179688 160.26083374023438 
493.53671264648438 -87.411506652832031 163.09077453613281 
493.7000732421875 -87.391197204589844 165.96385192871094 
493.85781860351562 -87.346275329589844 168.89494323730469 
493.94876098632812 -87.201873779296875 171.80668640136719 
494.00503540039062 -87.006462097167969 174.76983642578125 
494.11428833007812 -86.919998168945312 177.72776794433594 
491.52462768554688 -87.827911376953125 141.38612365722656 
492.55154418945312 -92.673255920410156 118.23596954345703 
492.53652954101562 -95.016998291015625 119.16712951660156 
491.24407958984375 -94.2225341796875 119.95880889892578 
491.24093627929688 -87.18212890625 139.57386779785156 
491.20095825195312 -88.49285888671875 138.9434814453125 
490.87960815429688 -87.312744140625 137.41427612304688 
490.77426147460938 -88.743316650390625 136.48832702636719 
491.463623046875 -91.613975524902344 119.8033447265625 
490.39346313476562 -93.40618896484375 121.27503204345703 
489.98492431640625 -92.149345397949219 123.28412628173828 
490.90936279296875 -90.662620544433594 121.53563690185547 
490.51052856445312 -87.459197998046875 135.097412109375 
490.40884399414062 -88.95294189453125 133.94515991210938 
490.62310791015625 -89.564834594726562 123.48181915283203 
490.34634399414062 -88.511581420898438 125.42666625976562 
490.28643798828125 -87.56915283203125 127.36827087402344 
489.85757446289062 -91.032768249511719 125.23526763916016 
489.87286376953125 -89.905021667480469 127.10649871826172 
490.42291259765625 -86.665901184082031 129.14891052246094 
490.31597900390625 -87.514083862304688 132.63626098632812 
490.17605590820312 -89.137847900390625 131.42524719238281 
489.9990234375 -89.225868225097656 129.1256103515625 
490.20907592773438 -87.655555725097656 130.58189392089844 
496.01309204101562 -88.070480346679688 212.98641967773438 
490.25411987304688 -94.111297607421875 123.30318450927734 
495.5919189453125 -87.141845703125 211.35928344726562 
495.92367553710938 -88.161430358886719 210.38151550292969 
490.46585083007812 -94.234878540039062 125.41637420654297 
489.89114379882812 -92.776130676269531 124.75059509277344 
490.82110595703125 -94.054862976074219 127.53586578369141 
489.963134765625 -92.231163024902344 126.53849792480469 
495.50689697265625 -87.20751953125 208.83335876464844 
495.91366577148438 -88.28680419921875 207.7095947265625 
491.30206298828125 -93.869041442871094 129.72526550292969 
490.16848754882812 -91.83740234375 128.50387573242188 
495.39566040039062 -87.230369567871094 206.16287231445312 
495.89862060546875 -88.405784606933594 205.0340576171875 
491.750732421875 -93.574783325195312 132.04147338867188 
490.46612548828125 -91.635627746582031 130.54881286621094 
492.11306762695312 -93.279006958007812 134.573486328125 
490.8045654296875 -91.450714111328125 132.90313720703125 
492.42144775390625 -92.942375183105469 137.07504272460938 
491.12847900390625 -91.234481811523438 135.54048156738281 
492.72494506835938 -92.48382568359375 139.50796508789062 
491.569091796875 -90.946029663085938 138.122314453125 
492.94088745117188 -91.9481201171875 142.03895568847656 
491.88525390625 -90.395713806152344 140.66363525390625 
493.22793579101562 -91.554443359375 144.64521789550781 
492.13467407226562 -89.618560791015625 143.20684814453125 
493.5023193359375 -91.302711486816406 147.31703186035156 
492.4691162109375 -89.251441955566406 145.59294128417969 
493.76556396484375 -91.151268005371094 149.93881225585938 
492.8006591796875 -89.220588684082031 148.16815185546875 
493.9970703125 -90.978157043457031 152.66729736328125 
493.01083374023438 -89.156837463378906 150.84085083007812 
494.16885375976562 -90.724998474121094 155.55831909179688 
493.19192504882812 -89.03570556640625 153.65824890136719 
494.392822265625 -90.610023498535156 158.43031311035156 
493.40048217773438 -88.963851928710938 156.4927978515625 
494.62213134765625 -90.556732177734375 161.24778747558594 
493.67669677734375 -89.021484375 159.26368713378906 
494.85797119140625 -90.529930114746094 164.04403686523438 
493.9237060546875 -89.108001708984375 162.0830078125 
495.11740112304688 -90.450614929199219 166.9361572265625 
494.17291259765625 -89.140052795410156 164.99046325683594 
495.2977294921875 -90.285301208496094 169.7318115234375 
494.39346313476562 -89.058738708496094 167.93026733398438 
495.37130737304688 -90.097587585449219 172.48484802246094 
494.49441528320312 -88.89111328125 170.72050476074219 
495.39999389648438 -89.908226013183594 175.32244873046875 
494.53976440429688 -88.690544128417969 173.50935363769531 
495.27032470703125 -89.551795959472656 178.19879150390625 
494.55029296875 -88.487083435058594 176.21318054199219 
494.9310302734375 -88.816886901855469 181.04853820800781 
494.51913452148438 -88.093757629394531 179.42413330078125 
495.25076293945312 -87.190826416015625 203.55184936523438 
495.84774780273438 -88.553459167480469 202.37947082519531 
495.07022094726562 -87.174736022949219 200.91650390625 
495.7427978515625 -88.658584594726562 199.716552734375 
494.94921875 -87.238815307617188 198.29190063476562 
495.63821411132812 -88.717857360839844 197.04840087890625 
494.87759399414062 -87.351829528808594 195.57365417480469 
495.54714965820312 -88.782119750976562 194.34881591796875 
494.8004150390625 -87.386192321777344 192.85282897949219 
495.472900390625 -88.842132568359375 191.68714904785156 
494.73458862304688 -87.33563232421875 190.14628601074219 
495.3773193359375 -88.855682373046875 189.04026794433594 
494.62841796875 -87.189933776855469 187.38636779785156 
495.25723266601562 -88.861923217773438 186.38821411132812 
494.43804931640625 -87.016624450683594 184.32461547851562 
495.10177612304688 -88.821990966796875 183.73455810546875 
495.958251953125 -91.726173400878906 163.51092529296875 
497.38082885742188 -93.381942749023438 152.19026184082031 
495.28707885742188 -92.603950500488281 150.972412109375 
496.77484130859375 -93.592803955078125 149.34637451171875 
497.11019897460938 -92.920021057128906 155.94772338867188 
495.51919555664062 -91.949653625488281 157.15081787109375 
496.96017456054688 -92.634147644042969 158.84812927246094 
495.45339965820312 -92.300910949707031 154.02153015136719 
495.6531982421875 -91.7430419921875 160.14395141601562 
496.91351318359375 -92.454505920410156 161.32952880859375 
496.32839965820312 -93.843215942382812 146.53315734863281 
494.92669677734375 -92.761909484863281 148.12213134765625 
496.10986328125 -94.199310302734375 143.72592163085938 
494.35147094726562 -92.870803833007812 144.77456665039062 
494.42062377929688 -93.753753662109375 141.15577697753906 
496.61849975585938 -94.82305908203125 141.05001831054688 
493.8341064453125 -94.150260925292969 137.922607421875 
493.3914794921875 -94.45001220703125 134.82170104980469 
495.6422119140625 -94.968025207519531 138.74830627441406 
495.46182250976562 -95.3626708984375 136.23341369628906 
491.07754516601562 -95.108757019042969 121.78690338134766 
492.49871826171875 -95.804336547851562 120.46404266357422 
491.26263427734375 -95.554847717285156 123.84246826171875 
492.0252685546875 -95.890457153320312 125.75727081298828 
492.6739501953125 -96.535354614257812 124.02761840820312 
493.95806884765625 -96.912467956542969 124.96586608886719 
492.45355224609375 -96.329986572265625 122.42467498779297 
494.01956176757812 -96.815811157226562 121.25912475585938 
493.80795288085938 -96.938140869140625 123.05673980712891 
492.5203857421875 -95.536369323730469 128.18928527832031 
494.215087890625 -96.677108764648438 126.94747924804688 
493.00961303710938 -95.228729248046875 130.45062255859375 
494.63778686523438 -96.331748962402344 129.04290771484375 
493.58914184570312 -95.122467041015625 132.43487548828125 
495.42410278320312 -95.74273681640625 133.6754150390625 
495.09262084960938 -96.00048828125 131.33720397949219 
496.4051513671875 -88.199623107910156 219.63323974609375 
496.295166015625 -88.238655090332031 216.75907897949219 
496.4923095703125 -88.165718078613281 221.93829345703125 
514.27362060546875 -95.11322021484375 406.23049926757812 
497.5740966796875 -94.631057739257812 143.1160888671875 
498.38119506835938 -95.189605712890625 140.32859802246094 
498.76849365234375 -95.615303039550781 138.07196044921875 
497.01528930664062 -95.418251037597656 138.36221313476562 
497.42428588867188 -95.931083679199219 135.68153381347656 
497.67092895507812 -96.223030090332031 133.26034545898438 
497.6207275390625 -96.498886108398438 130.95393371582031 
497.51235961914062 -96.858978271484375 128.77005004882812 
497.28826904296875 -97.22003173828125 126.48879241943359 
497.12255859375 -97.433197021484375 124.23654174804688 
518.457763671875 -53.267799377441406 126.43230438232422 
519.85833740234375 -54.976604461669922 127.27338409423828 
517.96173095703125 -54.768531799316406 127.82359313964844 
520.0509033203125 -53.460445404052734 126.46813201904297 
519.93524169921875 -65.662399291992188 132.51300048828125 
519.28887939453125 -63.058723449707031 132.75814819335938 
520.6077880859375 -63.684974670410156 132.45187377929688 
520.7890625 -80.761001586914062 134.78762817382812 
522.96533203125 -78.831588745117188 136.60890197753906 
521.57537841796875 -81.089141845703125 136.18977355957031 
521.67498779296875 -78.108848571777344 134.19660949707031 
524.07696533203125 -76.421913146972656 137.03248596191406 
523.7567138671875 -75.07196044921875 135.21295166015625 
520.90380859375 -75.96624755859375 132.96353149414062 
523.17071533203125 -73.640487670898438 133.73320007324219 
520.131103515625 -74.027565002441406 132.47174072265625 
522.278076171875 -72.028572082519531 132.83822631835938 
519.351318359375 -71.96368408203125 132.45341491699219 
521.42742919921875 -70.036231994628906 132.38778686523438 
518.57763671875 -69.744094848632812 132.65141296386719 
520.573486328125 -67.962867736816406 132.35018920898438 
517.86602783203125 -67.363883972167969 132.92530822753906 
517.23297119140625 -64.945777893066406 133.24012756347656 
516.6517333984375 -62.449901580810547 133.36085510253906 
518.62811279296875 -60.547916412353516 132.65951538085938 
516.0732421875 -60.017509460449219 133.03054809570312 
517.98223876953125 -58.112499237060547 131.53515625 
515.38433837890625 -57.769737243652344 132.03120422363281 
519.968017578125 -83.135025024414062 136.06695556640625 
517.2008056640625 -56.169269561767578 129.72125244140625 
515.97808837890625 -54.855014801025391 128.77005004882812 
514.67913818359375 -56.122138977050781 130.59201049804688 
514.08587646484375 -54.542610168457031 129.01690673828125 
515.96734619140625 -53.125732421875 127.13111114501953 
513.41729736328125 -53.067909240722656 127.90031433105469 
523.943603515625 -70.107322692871094 306.62911987304688 
521.718505859375 -68.428382873535156 305.15301513671875 
523.624267578125 -70.17095947265625 304.08688354492188 
522.823486328125 -69.114448547363281 307.85574340820312 
521.79345703125 -68.8885498046875 302.477294921875 
523.64495849609375 -70.421516418457031 301.40969848632812 
521.7445068359375 -69.210655212402344 299.77496337890625 
523.6307373046875 -70.671829223632812 298.69668579101562 
521.80609130859375 -69.6895751953125 297.09927368164062 
523.61181640625 -70.929092407226562 295.90365600585938 
521.74871826171875 -70.04547119140625 294.39926147460938 
523.53009033203125 -71.136344909667969 293.13934326171875 
521.5869140625 -70.284553527832031 291.685546875 
523.400146484375 -71.311203002929688 290.41250610351562 
521.3692626953125 -70.455680847167969 289.004150390625 
523.3111572265625 -71.49468994140625 287.723388671875 
521.20855712890625 -70.674819946289062 286.34036254882812 
523.287841796875 -71.716583251953125 285.0423583984375 
521.102783203125 -70.944015502929688 283.66567993164062 
523.35614013671875 -71.975120544433594 282.35134887695312 
521.07012939453125 -71.271286010742188 281.00534057617188 
523.5399169921875 -72.266014099121094 279.65304565429688 
521.064697265625 -71.596237182617188 278.31686401367188 
523.65478515625 -72.539283752441406 277.02090454101562 
521.066650390625 -71.90692138671875 275.60763549804688 
523.58160400390625 -72.759765625 274.35092163085938 
521.0181884765625 -72.173446655273438 272.9002685546875 
523.4569091796875 -72.969161987304688 271.5999755859375 
520.94110107421875 -72.40582275390625 270.17385864257812 
523.34246826171875 -73.161781311035156 268.85809326171875 
520.85235595703125 -72.62139892578125 267.43304443359375 
523.20855712890625 -73.352073669433594 266.091552734375 
520.76318359375 -72.865409851074219 264.701416015625 
523.076904296875 -73.552040100097656 263.310546875 
520.71429443359375 -73.145034790039062 261.96322631835938 
522.95843505859375 -73.775321960449219 260.51449584960938 
520.67694091796875 -73.418769836425781 259.22891235351562 
522.91033935546875 -74.006690979003906 257.70230102539062 
520.6748046875 -73.702613830566406 256.50299072265625 
522.9427490234375 -74.233352661132812 254.90071105957031 
520.64178466796875 -73.95489501953125 253.7662353515625 
523.01177978515625 -74.450599670410156 252.11776733398438 
520.60772705078125 -74.1971435546875 251.0631103515625 
523.10052490234375 -74.659027099609375 249.39094543457031 
520.6103515625 -74.451255798339844 248.35365295410156 
523.20977783203125 -74.867881774902344 246.69752502441406 
520.66302490234375 -74.724105834960938 245.64553833007812 
523.280517578125 -75.084747314453125 244.00907897949219 
520.71270751953125 -74.982940673828125 242.91912841796875 
523.23931884765625 -75.265907287597656 241.30735778808594 
520.68310546875 -75.225288391113281 240.17347717285156 
523.0938720703125 -75.434249877929688 238.60398864746094 
520.58892822265625 -75.446380615234375 237.42085266113281 
522.8743896484375 -75.599555969238281 235.86734008789062 
520.42535400390625 -75.6492919921875 234.658203125 
522.5916748046875 -75.758613586425781 233.11656188964844 
520.2222900390625 -75.832992553710938 231.89952087402344 
522.31024169921875 -75.911529541015625 230.36592102050781 
520.04498291015625 -76.017189025878906 229.16859436035156 
522.09088134765625 -76.058258056640625 227.62190246582031 
519.9222412109375 -76.193046569824219 226.46421813964844 
521.97479248046875 -76.205902099609375 224.89932250976562 
519.8575439453125 -76.364479064941406 223.7769775390625 
521.91461181640625 -76.337715148925781 222.19041442871094 
519.85650634765625 -76.552291870117188 221.07415771484375 
521.89764404296875 -76.465194702148438 219.48025512695312 
519.876953125 -76.73309326171875 218.37393188476562 
521.87255859375 -76.582862854003906 216.73384094238281 
519.87689208984375 -76.897872924804688 215.66162109375 
521.825927734375 -76.672462463378906 213.98133850097656 
519.806640625 -77.040054321289062 212.9443359375 
521.8468017578125 -76.719589233398438 211.23426818847656 
519.7166748046875 -77.167556762695312 210.25447082519531 
521.87548828125 -76.753219604492188 208.59579467773438 
519.61663818359375 -77.292457580566406 207.56396484375 
521.765869140625 -76.807685852050781 205.99183654785156 
519.53375244140625 -77.412429809570312 204.89767456054688 
521.62542724609375 -76.875022888183594 203.37962341308594 
519.47821044921875 -77.531692504882812 202.22483825683594 
521.44927978515625 -76.958648681640625 200.78225708007812 
519.4407958984375 -77.649253845214844 199.55561828613281 
521.197021484375 -77.096115112304688 198.14839172363281 
519.3857421875 -77.772270202636719 196.88603210449219 
521.01123046875 -77.219245910644531 195.4039306640625 
519.29632568359375 -77.914810180664062 194.20843505859375 
520.885009765625 -77.327919006347656 192.737548828125 
519.18975830078125 -78.058258056640625 191.56845092773438 
520.70318603515625 -77.459884643554688 190.10906982421875 
519.072509765625 -78.211471557617188 188.94380187988281 
520.5230712890625 -77.583724975585938 187.51042175292969 
518.9541015625 -78.3541259765625 186.32969665527344 
520.25775146484375 -77.775436401367188 184.96195983886719 
518.8330078125 -78.508888244628906 183.73774719238281 
521.19036865234375 -77.2442626953125 183.33033752441406 
520.0201416015625 -77.973274230957031 182.23930358886719 
518.6939697265625 -78.6793212890625 181.15176391601562 
521.15692138671875 -77.270172119140625 180.73553466796875 
519.94976806640625 -78.076103210449219 179.56965637207031 
518.56072998046875 -78.872032165527344 178.54408264160156 
521.15740966796875 -77.278099060058594 178.06973266601562 
519.832275390625 -78.232757568359375 176.95051574707031 
518.4007568359375 -79.108879089355469 175.8934326171875 
519.6971435546875 -78.431922912597656 174.30033874511719 
518.23712158203125 -79.370155334472656 173.22373962402344 
519.62841796875 -78.6190185546875 171.72683715820312 
518.35009765625 -79.537246704101562 170.52861022949219 
519.6312255859375 -78.797492980957031 169.24652099609375 
518.46649169921875 -79.719741821289062 167.8858642578125 
520.75927734375 -77.99212646484375 167.31497192382812 
517.95758056640625 -80.305580139160156 165.32957458496094 
519.450927734375 -79.193077087402344 165.93429565429688 
519.307373046875 -79.562973022460938 163.52606201171875 
517.78558349609375 -80.762741088867188 162.72097778320312 
519.34869384765625 -79.89739990234375 161.00723266601562 
517.77008056640625 -81.215354919433594 160.077392578125 
519.31982421875 -80.359054565429688 158.62649536132812 
517.73773193359375 -81.786239624023438 157.4295654296875 
519.09283447265625 -81.081291198730469 156.26657104492188 
517.68695068359375 -82.517242431640625 154.79864501953125 
520.05841064453125 -80.764793395996094 154.37413024902344 
519.14471435546875 -82.057090759277344 152.77723693847656 
520.54156494140625 -79.671875 156.82431030273438 
520.89306640625 -78.802360534667969 159.34864807128906 
520.6640625 -78.591728210449219 162.04054260253906 
520.65399169921875 -78.303558349609375 164.68830871582031 
520.82110595703125 -77.786354064941406 169.962890625 
520.9039306640625 -77.604484558105469 172.64582824707031 
520.982666015625 -77.450294494628906 175.37606811523438 
524.33172607421875 -70.108062744140625 309.4290771484375 
521.5789794921875 -67.845458984375 307.7430419921875 
522.58355712890625 -68.755043029785156 310.21084594726562 
524.48870849609375 -70.063446044921875 311.75680541992188 
523.2481689453125 -69.12298583984375 312.87515258789062 
524.66436767578125 -69.979629516601562 314.12103271484375 
521.740966796875 -76.860450744628906 185.89988708496094 
521.97210693359375 -76.729690551757812 188.5400390625 
522.18701171875 -76.615760803222656 191.19819641113281 
522.3974609375 -76.524955749511719 193.86822509765625 
522.5174560546875 -76.480247497558594 196.55455017089844 
522.92401123046875 -76.282569885253906 199.21157836914062 
523.3001708984375 -76.125267028808594 201.84413146972656 
523.49468994140625 -76.091758728027344 204.50215148925781 
523.7415771484375 -76.038856506347656 207.1392822265625 
523.805419921875 -76.07672119140625 209.77066040039062 
523.67645263671875 -76.166465759277344 212.42022705078125 
523.68817138671875 -76.165756225585938 215.12486267089844 
523.82171630859375 -76.099143981933594 217.85368347167969 
523.91473388671875 -76.029647827148438 220.58544921875 
524.02777099609375 -75.950721740722656 223.2822265625 
524.1812744140625 -75.857192993164062 225.98033142089844 
524.42572021484375 -75.752876281738281 228.69084167480469 
524.7659912109375 -75.637420654296875 231.43165588378906 
525.14947509765625 -75.508010864257812 234.18893432617188 
525.51495361328125 -75.375938415527344 236.94540405273438 
525.81658935546875 -75.244659423828125 239.68357849121094 
526.0064697265625 -75.118927001953125 242.41053771972656 
526.08197021484375 -74.996414184570312 245.13272094726562 
525.99761962890625 -74.862800598144531 247.86677551269531 
525.81072998046875 -74.708641052246094 250.61152648925781 
525.60943603515625 -74.544853210449219 253.37583923339844 
525.43243408203125 -74.372077941894531 256.16830444335938 
525.402587890625 -74.183395385742188 258.96975708007812 
525.4774169921875 -73.993354797363281 261.764404296875 
525.62615966796875 -73.806411743164062 264.5247802734375 
525.73211669921875 -73.620079040527344 267.31118774414062 
525.84710693359375 -73.441429138183594 270.08819580078125 
525.95367431640625 -73.2603759765625 272.840576171875 
526.216064453125 -73.088951110839844 275.57421875 
526.31793212890625 -72.885856628417969 278.25677490234375 
525.9461669921875 -72.628181457519531 280.92681884765625 
525.81939697265625 -72.396865844726562 283.60281372070312 
525.783203125 -72.201980590820312 286.28451538085938 
525.80987548828125 -72.024887084960938 288.9813232421875 
525.85870361328125 -71.877540588378906 291.68035888671875 
525.90899658203125 -71.741806030273438 294.42562866210938 
525.894287109375 -71.601020812988281 297.20516967773438 
525.87066650390625 -71.445808410644531 300.0111083984375 
525.81640625 -71.287445068359375 302.7867431640625 
525.76983642578125 -71.129638671875 305.54672241210938 
517.6611328125 -83.366287231445312 152.22706604003906 
519.4407958984375 -82.658088684082031 150.33773803710938 
517.71044921875 -84.294639587402344 149.70960998535156 
519.646240234375 -83.349044799804688 147.93318176269531 
525.98876953125 -71.040451049804688 308.2415771484375 
520.69830322265625 -81.007926940917969 151.56233215332031 
521.21710205078125 -81.417213439941406 148.75390625 
517.868408203125 -85.095840454101562 147.21920776367188 
519.74566650390625 -83.994377136230469 145.49867248535156 
521.30645751953125 -82.232978820800781 146.07135009765625 
526.3084716796875 -70.989051818847656 310.93630981445312 
526.43829345703125 -70.879203796386719 313.59405517578125 
525.7679443359375 -70.448257446289062 316.06146240234375 
523.59722900390625 -69.107757568359375 315.65484619140625 
518.04205322265625 -85.567817687988281 144.75511169433594 
524.7252197265625 -69.758476257324219 318.190185546875 
521.879638671875 -79.126785278320312 153.06610107421875 
522.8720703125 -77.3214111328125 154.81248474121094 
521.5325927734375 -78.948211669921875 155.26527404785156 
523.6163330078125 -76.989349365234375 151.9385986328125 
522.28302001953125 -79.435928344726562 150.44960021972656 
523.4425048828125 -78.134925842285156 149.26362609863281 
522.692138671875 -79.640029907226562 148.20207214355469 
522.16583251953125 -77.734970092773438 157.20111083984375 
523.66912841796875 -75.619880676269531 157.022216796875 
530.44122314453125 -72.381393432617188 287.40219116210938 
528.17218017578125 -72.161735534667969 290.13995361328125 
530.37493896484375 -72.540626525878906 284.69265747070312 
530.35980224609375 -72.72222900390625 282.0091552734375 
530.76458740234375 -72.877357482910156 279.35238647460938 
529.1173095703125 -73.110496520996094 276.36920166015625 
530.5506591796875 -72.234947204589844 290.14605712890625 
528.205810546875 -72.043563842773438 292.43307495117188 
528.5906982421875 -73.293045043945312 273.652099609375 
531.7496337890625 -72.961524963378906 276.77081298828125 
531.07574462890625 -73.1751708984375 274.19830322265625 
530.82855224609375 -73.342483520507812 271.50088500976562 
528.35028076171875 -73.459770202636719 270.92333984375 
530.7001953125 -73.500381469726562 268.74456787109375 
528.23126220703125 -73.617301940917969 268.15939331054688 
530.6329345703125 -73.653335571289062 265.99258422851562 
528.13360595703125 -73.792182922363281 265.38723754882812 
530.5147705078125 -73.798110961914062 263.25009155273438 
528.0228271484375 -73.965530395507812 262.65130615234375 
530.30780029296875 -73.956550598144531 260.52743530273438 
527.813720703125 -74.130874633789062 259.97769165039062 
530.03369140625 -74.105964660644531 257.81304931640625 
527.33935546875 -74.281280517578125 257.73709106445312 
527.76702880859375 -74.37432861328125 255.55938720703125 
529.9710693359375 -74.206268310546875 255.05319213867188 
528.0804443359375 -74.471534729003906 253.00448608398438 
528.8212890625 -74.468887329101562 250.88778686523438 
528.63519287109375 -74.564651489257812 248.69895935058594 
528.62799072265625 -74.631965637207031 246.06309509277344 
528.51580810546875 -74.704612731933594 243.37748718261719 
528.30670166015625 -74.7874755859375 240.68104553222656 
527.98773193359375 -74.883544921875 237.9744873046875 
527.5494384765625 -75.015411376953125 235.25340270996094 
527.0567626953125 -75.143722534179688 232.53585815429688 
526.60614013671875 -75.262062072753906 229.81626892089844 
526.22918701171875 -75.338897705078125 227.13111877441406 
530.66937255859375 -72.100028991699219 292.91867065429688 
528.23895263671875 -71.908515930175781 295.14990234375 
525.93695068359375 -75.400337219238281 224.45791625976562 
525.71917724609375 -75.458648681640625 221.79800415039062 
525.53857421875 -75.487152099609375 219.12185668945312 
525.3480224609375 -75.529769897460938 216.50961303710938 
530.4013671875 -74.195655822753906 252.35726928710938 
530.8623046875 -74.123451232910156 249.65106201171875 
530.96380615234375 -74.080245971679688 246.9212646484375 
530.73297119140625 -74.113365173339844 244.21601867675781 
530.467529296875 -74.147895812988281 241.50845336914062 
530.20513916015625 -74.182060241699219 238.8004150390625 
529.725830078125 -74.29815673828125 236.11526489257812 
529.15850830078125 -74.445976257324219 233.46461486816406 
528.58453369140625 -74.573562622070312 230.82290649414062 
528.1102294921875 -74.649581909179688 228.16276550292969 
527.72222900390625 -74.69378662109375 225.52595520019531 
527.40228271484375 -74.712326049804688 222.88526916503906 
527.13104248046875 -74.724853515625 220.238525390625 
526.8802490234375 -74.731475830078125 217.56105041503906 
525.16455078125 -75.556114196777344 214.26829528808594 
526.56982421875 -74.767791748046875 214.88261413574219 
526.11053466796875 -74.899375915527344 212.26173400878906 
526.28924560546875 -74.532783508300781 209.80375671386719 
526.64141845703125 -73.883384704589844 207.39811706542969 
526.22906494140625 -73.99822998046875 204.73475646972656 
525.85992431640625 -74.050018310546875 202.12510681152344 
525.42376708984375 -74.218193054199219 199.54548645019531 
524.8909912109375 -74.574974060058594 197.01832580566406 
524.795654296875 -74.419342041015625 194.30108642578125 
524.4776611328125 -74.531692504882812 191.65206909179688 
524.19488525390625 -74.619300842285156 189.01071166992188 
523.91070556640625 -74.753402709960938 186.36300659179688 
523.5609130859375 -75.032493591308594 183.73921203613281 
523.36773681640625 -75.129997253417969 181.10540771484375 
523.2447509765625 -75.155937194824219 178.41944885253906 
523.0953369140625 -75.267372131347656 175.72689819335938 
522.971923828125 -75.398582458496094 173.02095031738281 
522.888671875 -75.536964416503906 170.33006286621094 
522.85040283203125 -75.666549682617188 167.67442321777344 
522.86016845703125 -75.778984069824219 165.039306640625 
522.9296875 -75.903564453125 162.39009094238281 
523.1962890625 -75.862213134765625 159.7178955078125 
530.7652587890625 -71.972122192382812 295.7091064453125 
528.2567138671875 -71.776321411132812 297.92767333984375 
524.24969482421875 -75.279258728027344 154.30152893066406 
530.84429931640625 -71.853279113769531 298.51678466796875 
528.2562255859375 -71.654930114746094 300.74603271484375 
530.89129638671875 -71.744064331054688 301.30459594726562 
528.25677490234375 -71.539276123046875 303.53469848632812 
530.92669677734375 -71.633407592773438 304.06838989257812 
528.3138427734375 -71.436386108398438 306.28533935546875 
531.0433349609375 -71.548652648925781 306.8160400390625 
528.50048828125 -71.3673095703125 308.98965454101562 
531.11639404296875 -71.4752197265625 309.56002807617188 
528.77874755859375 -71.298347473144531 311.70071411132812 
531.16259765625 -71.401374816894531 312.28857421875 
529.68963623046875 -71.307014465332031 314.55657958984375 
522.63726806640625 -80.419265747070312 146.24700927734375 
523.79937744140625 -78.549995422363281 146.47026062011719 
528.343994140625 -71.165863037109375 316.815673828125 
527.1180419921875 -70.816436767578125 318.977294921875 
526.0440673828125 -70.347885131835938 321.06942749023438 
530.984619140625 -71.246177673339844 330.01165771484375 
528.3258056640625 -70.800697326660156 327.82894897460938 
531.60064697265625 -71.244865417480469 327.63937377929688 
533.89886474609375 -71.229469299316406 329.35382080078125 
533.5040283203125 -71.274078369140625 331.869873046875 
530.541748046875 -71.20147705078125 332.5281982421875 
532.749755859375 -71.31878662109375 334.325927734375 
530.14691162109375 -71.135894775390625 334.96002197265625 
527.9549560546875 -70.514694213867188 333.41720581054688 
528.0672607421875 -70.640968322753906 330.7796630859375 
530.0374755859375 -71.137382507324219 325.61041259765625 
532.24432373046875 -71.155525207519531 325.74685668945312 
534.08953857421875 -71.157150268554688 326.9385986328125 
531.47784423828125 -71.177825927734375 323.7657470703125 
533.8643798828125 -71.10968017578125 324.45513916015625 
536.33074951171875 -71.056480407714844 325.60406494140625 
536.4718017578125 -71.100021362304688 328.30227661132812 
536.4432373046875 -71.1298828125 330.95523071289062 
531.85589599609375 -71.299880981445312 336.27359008789062 
527.9521484375 -70.402450561523438 336.02447509765625 
530.05029296875 -71.0736083984375 337.32879638671875 
536.1123046875 -71.209762573242188 333.9871826171875 
534.157470703125 -71.321434020996094 336.4437255859375 
532.2042236328125 -71.319679260253906 338.241455078125 
536.96490478515625 -71.223876953125 336.927734375 
534.69757080078125 -71.353523254394531 338.86203002929688 
537.36993408203125 -71.259780883789062 339.54461669921875 
534.969482421875 -71.377342224121094 341.32821655273438 
532.4697265625 -71.342643737792969 340.6202392578125 
530.19244384765625 -71.063369750976562 339.77377319335938 
528.0576171875 -70.3392333984375 338.66006469726562 
537.63671875 -71.29071044921875 342.13357543945312 
535.20867919921875 -71.435752868652344 343.79339599609375 
532.67218017578125 -71.382560729980469 343.05596923828125 
530.358642578125 -71.073036193847656 342.30563354492188 
528.1915283203125 -70.304283142089844 341.31399536132812 
537.8720703125 -71.338485717773438 344.72677612304688 
535.47967529296875 -71.463668823242188 346.27471923828125 
533.02532958984375 -71.420997619628906 345.4703369140625 
530.6177978515625 -71.097053527832031 344.80697631835938 
528.3389892578125 -70.300445556640625 343.99050903320312 
533.4801025390625 -71.500831604003906 347.53085327148438 
531.17474365234375 -71.210075378417969 347.27410888671875 
528.64166259765625 -70.374420166015625 346.631103515625 
538.05609130859375 -71.387771606445312 347.41107177734375 
535.48583984375 -71.541152954101562 348.79278564453125 
532.48541259765625 -71.508781433105469 349.87936401367188 
529.23834228515625 -70.626289367675781 349.221923828125 
529.9349365234375 -70.962356567382812 351.9510498046875 
533.01251220703125 -71.697166442871094 352.98236083984375 
535.48828125 -71.667427062988281 351.520751953125 
538.1871337890625 -71.464363098144531 350.18731689453125 
538.36846923828125 -71.619033813476562 352.94830322265625 
535.8609619140625 -71.8101806640625 354.28213500976562 
533.87701416015625 -71.888664245605469 355.38507080078125 
530.8968505859375 -71.352218627929688 355.1014404296875 
536.17877197265625 -71.958267211914062 356.92584228515625 
533.54522705078125 -71.947990417480469 357.58303833007812 
530.6689453125 -71.379470825195312 358.14007568359375 
533.3170166015625 -72.079078674316406 360.2489013671875 
536.28314208984375 -72.141059875488281 359.58096313476562 
530.3929443359375 -71.365638732910156 360.74688720703125 
532.498046875 -72.077468872070312 362.73995971679688 
535.99090576171875 -72.376075744628906 362.71682739257812 
529.96490478515625 -71.2603759765625 362.90451049804688 
530.8851318359375 -71.687828063964844 364.89730834960938 
533.77252197265625 -72.430656433105469 365.22979736328125 
536.86651611328125 -72.599029541015625 365.88067626953125 
538.67919921875 -71.765884399414062 355.71923828125 
538.98651123046875 -71.885414123535156 358.46234130859375 
539.206298828125 -72.069366455078125 361.200439453125 
539.5576171875 -72.259323120117188 364.02960205078125 
531.7196044921875 -72.119232177734375 367.32583618164062 
534.42572021484375 -72.703170776367188 367.93258666992188 
537.41351318359375 -72.8377685546875 368.671630859375 
540.04833984375 -72.454841613769531 366.821044921875 
540.56640625 -72.688728332519531 369.5506591796875 
537.9720458984375 -73.101593017578125 371.37503051757812 
534.96990966796875 -72.995521545410156 370.64251708984375 
541.09747314453125 -72.937583923339844 372.2574462890625 
538.560302734375 -73.378982543945312 374.03604125976562 
535.5966796875 -73.3343505859375 373.30282592773438 
541.671630859375 -73.21807861328125 374.95941162109375 
539.22381591796875 -73.693534851074219 376.69891357421875 
536.31817626953125 -73.714859008789062 375.96585083007812 
542.3238525390625 -73.535697937011719 377.6622314453125 
539.97186279296875 -74.028663635253906 379.38043212890625 
537.05755615234375 -74.083824157714844 378.5770263671875 
543.11944580078125 -73.843109130859375 380.35214233398438 
540.84259033203125 -74.398338317871094 382.07171630859375 
537.904541015625 -74.4798583984375 381.17169189453125 
543.9305419921875 -74.204299926757812 383.0980224609375 
541.68865966796875 -74.860626220703125 384.7174072265625 
538.82489013671875 -74.936790466308594 383.78472900390625 
539.7835693359375 -75.454093933105469 386.32919311523438 
542.310791015625 -75.342384338378906 387.02130126953125 
544.51104736328125 -74.709831237792969 385.93133544921875 
541.0369873046875 -76.01336669921875 388.78530883789062 
544.59014892578125 -75.5162353515625 389.05618286132812 
547.26715087890625 -74.308502197265625 387.12918090820312 
547.90606689453125 -74.900558471679688 390.08685302734375 
545.92694091796875 -76.268508911132812 392.17669677734375 
542.5050048828125 -76.7041015625 391.36148071289062 
543.9443359375 -77.678970336914062 394.36465454101562 
547.22882080078125 -76.926506042480469 394.89639282226562 
548.7965087890625 -75.426300048828125 392.87606811523438 
532.25067138671875 -72.441635131835938 369.91973876953125 
532.7708740234375 -72.815383911132812 372.58917236328125 
533.471923828125 -73.270423889160156 375.2547607421875 
534.2696533203125 -73.771995544433594 377.91793823242188 
535.10418701171875 -74.266036987304688 380.49349975585938 
535.9913330078125 -74.783401489257812 383.04336547851562 
536.927001953125 -75.356544494628906 385.57064819335938 
537.9482421875 -76.021278381347656 388.0733642578125 
539.08294677734375 -76.771842956542969 390.5618896484375 
540.276611328125 -77.669685363769531 393.0792236328125 
527.563720703125 -70.654541015625 324.98580932617188 
529.1156005859375 -71.101951599121094 323.3502197265625 
546.81109619140625 -73.800529479980469 384.17788696289062 
546.20977783203125 -73.471153259277344 381.34307861328125 
545.4833984375 -73.260147094726562 378.63894653320312 
544.80303955078125 -73.02490234375 375.9752197265625 
544.2109375 -72.772697448730469 373.2740478515625 
543.6673583984375 -72.528732299804688 370.57284545898438 
543.15423583984375 -72.309196472167969 367.86410522460938 
542.68670654296875 -72.115447998046875 365.16946411132812 
542.271484375 -71.943458557128906 362.4749755859375 
541.9200439453125 -71.787490844726562 359.78475952148438 
541.57611083984375 -71.653640747070312 357.05960083007812 
541.2781982421875 -71.52398681640625 354.29074096679688 
541.05084228515625 -71.370185852050781 351.50543212890625 
540.841796875 -71.273353576660156 348.6611328125 
540.61627197265625 -71.203506469726562 345.86447143554688 
540.36578369140625 -71.153907775878906 343.11212158203125 
540.1171875 -71.075355529785156 340.46295166015625 
539.83013916015625 -71.033805847167969 337.80331420898438 
539.445556640625 -71.001258850097656 335.09207153320312 
539.2078857421875 -70.946044921875 332.32949829101562 
539.1031494140625 -70.881813049316406 329.599853515625 
538.93603515625 -70.875450134277344 326.87216186523438 
535.97247314453125 -71.085639953613281 322.46600341796875 
538.72235107421875 -70.883583068847656 324.04718017578125 
533.05914306640625 -71.155982971191406 321.8587646484375 
530.542724609375 -71.207923889160156 321.4078369140625 
538.6806640625 -70.899063110351562 321.23968505859375 
536.78656005859375 -71.11090087890625 319.98080444335938 
534.60504150390625 -71.162803649902344 319.77618408203125 
532.0430908203125 -71.211563110351562 319.34063720703125 
527.26666259765625 -70.682441711425781 322.86370849609375 
528.19732666015625 -70.976531982421875 321.13656616210938 
529.4810791015625 -71.212577819824219 319.0904541015625 
538.61578369140625 -70.938407897949219 318.614013671875 
536.25164794921875 -71.18115234375 317.8187255859375 
533.68048095703125 -71.236129760742188 317.2840576171875 
530.94580078125 -71.268379211425781 316.94168090820312 
535.5885009765625 -71.248977661132812 315.32742309570312 
538.3187255859375 -70.992111206054688 316.00814819335938 
532.6412353515625 -71.310897827148438 314.83029174804688 
534.70135498046875 -71.330879211425781 312.80123901367188 
537.84967041015625 -71.076942443847656 313.3358154296875 
537.07598876953125 -71.221595764160156 310.393798828125 
533.68487548828125 -71.430679321289062 310.66952514648438 
534.2386474609375 -71.4766845703125 308.35244750976562 
537.58770751953125 -71.174400329589844 307.31588745117188 
534.77008056640625 -71.545585632324219 305.28689575195312 
538.131591796875 -71.099067687988281 304.98001098632812 
537.36328125 -71.28778076171875 302.8455810546875 
534.1256103515625 -71.681587219238281 302.23907470703125 
536.9305419921875 -71.401481628417969 300.20327758789062 
533.87200927734375 -71.792121887207031 299.45327758789062 
536.71844482421875 -71.504768371582031 297.4539794921875 
533.7276611328125 -71.897697448730469 296.65115356445312 
536.598876953125 -71.576850891113281 294.68231201171875 
533.62408447265625 -72.003105163574219 293.83816528320312 
536.51104736328125 -71.625556945800781 291.88204956054688 
533.54144287109375 -72.076499938964844 291.03314208984375 
536.44854736328125 -71.662017822265625 289.11199951171875 
533.4622802734375 -72.172515869140625 288.28463745117188 
536.40380859375 -71.746978759765625 286.32797241210938 
533.38848876953125 -72.304008483886719 285.5535888671875 
536.271728515625 -71.858871459960938 283.53369140625 
533.22576904296875 -72.441062927246094 282.86199951171875 
535.83734130859375 -72.083038330078125 280.44497680664062 
532.81134033203125 -72.618782043457031 280.64840698242188 
533.5662841796875 -72.632034301757812 278.36691284179688 
536.025146484375 -72.117935180664062 277.07302856445312 
533.6395263671875 -72.749320983886719 275.55880737304688 
535.62298583984375 -72.316352844238281 274.0345458984375 
537.821533203125 -71.305282592773438 275.3095703125 
537.3438720703125 -71.520698547363281 272.44036865234375 
533.30560302734375 -72.924583435058594 272.75390625 
535.2545166015625 -72.508544921875 271.18646240234375 
536.9755859375 -71.673103332519531 269.74331665039062 
533.07598876953125 -73.092521667480469 269.96762084960938 
535.01971435546875 -72.640480041503906 268.46722412109375 
536.69140625 -71.759506225585938 267.09628295898438 
532.96002197265625 -73.230216979980469 267.22616577148438 
534.912841796875 -72.714027404785156 265.81414794921875 
536.4615478515625 -71.802017211914062 264.47763061523438 
534.93096923828125 -72.694847106933594 263.2203369140625 
532.94207763671875 -73.327896118164062 264.48696899414062 
535.03619384765625 -72.581924438476562 261.09042358398438 
533.1197509765625 -73.358978271484375 261.49093627929688 
536.2298583984375 -71.7730712890625 261.99371337890625 
535.87823486328125 -71.853828430175781 259.55941772460938 
534.46002197265625 -72.853424072265625 259.03427124023438 
541.25860595703125 -78.686264038085938 395.50225830078125 
543.63018798828125 -78.86346435546875 396.60623168945312 
545.898681640625 -78.358787536621094 396.8663330078125 
532.43914794921875 -73.613838195800781 258.67300415039062 
535.31683349609375 -72.109352111816406 257.05148315429688 
533.7490234375 -73.149162292480469 256.61251831054688 
531.9085693359375 -73.801490783691406 256.49099731445312 
534.5286865234375 -72.507080078125 254.48112487792969 
532.527587890625 -73.6123046875 254.37657165527344 
542.0908203125 -79.800994873046875 397.75518798828125 
544.61370849609375 -79.721305847167969 398.66073608398438 
525.623779296875 -69.923309326171875 323.64059448242188 
525.58251953125 -69.698417663574219 326.3463134765625 
525.71722412109375 -69.608985900878906 329.0860595703125 
525.85784912109375 -69.538604736328125 331.80340576171875 
526.0137939453125 -69.47100830078125 334.52578735351562 
526.16864013671875 -69.383514404296875 337.25595092773438 
526.3094482421875 -69.302169799804688 340.023193359375 
526.42193603515625 -69.237091064453125 342.83090209960938 
526.53900146484375 -69.206336975097656 345.64810180664062 
526.86004638671875 -69.338218688964844 348.39895629882812 
527.37347412109375 -69.644821166992188 351.07650756835938 
528.0494384765625 -70.089363098144531 353.65963745117188 
528.29638671875 -70.263275146484375 356.2926025390625 
528.1251220703125 -70.179031372070312 358.97610473632812 
528.03802490234375 -70.166160583496094 361.73394775390625 
528.18084716796875 -70.32177734375 364.43231201171875 
529.33984375 -71.118217468261719 366.74444580078125 
533.30938720703125 -73.161422729492188 251.55647277832031 
533.010009765625 -73.092269897460938 248.6019287109375 
532.98834228515625 -72.933692932128906 246.31585693359375 
532.39190673828125 -73.206398010253906 244.38735961914062 
531.82489013671875 -73.439201354980469 242.44053649902344 
538.52825927734375 -70.989738464355469 278.83416748046875 
539.47418212890625 -69.875389099121094 276.02606201171875 
539.0189208984375 -70.093620300292969 273.48275756835938 
538.588134765625 -70.273155212402344 270.9014892578125 
538.16717529296875 -70.422676086425781 268.30661010742188 
537.79052734375 -70.504066467285156 265.6617431640625 
537.40234375 -70.547050476074219 262.99252319335938 
537.010498046875 -70.522590637207031 260.36129760742188 
536.54010009765625 -70.6497802734375 257.65789794921875 
535.979248046875 -70.951797485351562 254.95536804199219 
535.3056640625 -71.404159545898438 252.33778381347656 
534.7320556640625 -71.654060363769531 249.70130920410156 
534.2109375 -71.808013916015625 247.05752563476562 
533.73980712890625 -71.919631958007812 244.43362426757812 
533.30963134765625 -71.937355041503906 241.84407043457031 
531.79791259765625 -73.2506103515625 240.20892333984375 
538.71710205078125 -70.93475341796875 281.52349853515625 
538.89141845703125 -70.855728149414062 284.2447509765625 
539.02191162109375 -70.788894653320312 286.999755859375 
539.13629150390625 -70.751693725585938 289.79702758789062 
539.2347412109375 -70.7244873046875 292.58615112304688 
539.3380126953125 -70.693428039550781 295.35986328125 
539.49066162109375 -70.648811340332031 298.09957885742188 
539.79925537109375 -70.572837829589844 300.76690673828125 
540.30413818359375 -70.429977416992188 303.3563232421875 
540.5587158203125 -70.339546203613281 306.02520751953125 
540.552001953125 -70.387977600097656 308.71627807617188 
540.3951416015625 -70.498374938964844 311.42254638671875 
540.563720703125 -70.481864929199219 314.15939331054688 
540.72650146484375 -70.468544006347656 316.93792724609375 
540.88507080078125 -70.4649658203125 319.73577880859375 
541.0662841796875 -70.443199157714844 322.53341674804688 
541.24835205078125 -70.439079284667969 325.32644653320312 
541.4583740234375 -70.455909729003906 328.07858276367188 
541.67474365234375 -70.517570495605469 330.79672241210938 
541.9180908203125 -70.582481384277344 333.4908447265625 
542.1678466796875 -70.637733459472656 336.14620971679688 
542.4505615234375 -70.692665100097656 338.84100341796875 
542.708740234375 -70.772758483886719 341.52981567382812 
542.9449462890625 -70.896354675292969 344.2476806640625 
543.204345703125 -70.98382568359375 347.03680419921875 
543.46209716796875 -71.085273742675781 349.84832763671875 
543.72900390625 -71.202529907226562 352.666259765625 
544.0096435546875 -71.343528747558594 355.44134521484375 
544.3289794921875 -71.487350463867188 358.1746826171875 
544.69451904296875 -71.624900817871094 360.88229370117188 
545.09979248046875 -71.76556396484375 363.56982421875 
545.54425048828125 -71.920875549316406 366.23712158203125 
546.0350341796875 -72.09490966796875 368.91915893554688 
546.56304931640625 -72.275863647460938 371.60696411132812 
547.1190185546875 -72.43780517578125 374.30740356445312 
547.71282958984375 -72.564735412597656 376.99530029296875 
548.333251953125 -72.642715454101562 379.68374633789062 
548.9052734375 -72.772117614746094 382.44390869140625 
549.423095703125 -73.034309387207031 385.20394897460938 
549.97015380859375 -73.391426086425781 387.97247314453125 
550.53753662109375 -73.801239013671875 390.70785522460938 
532.93157958984375 -71.869102478027344 239.280029296875 
531.5679931640625 -73.085716247558594 237.09580993652344 
551.04638671875 -74.219612121582031 393.38558959960938 
549.89666748046875 -75.776420593261719 395.50155639648438 
548.50494384765625 -77.402687072753906 397.34939575195312 
530.0086669921875 -71.60418701171875 369.23818969726562 
547.0577392578125 -79.038978576660156 399.20559692382812 
530.27630615234375 -71.927909851074219 371.92559814453125 
530.94091796875 -72.441390991210938 374.55612182617188 
531.7222900390625 -73.039237976074219 377.1982421875 
532.55023193359375 -73.662673950195312 379.81411743164062 
533.35980224609375 -74.279586791992188 382.37814331054688 
534.20989990234375 -74.956161499023438 384.89828491210938 
535.07476806640625 -75.691780090332031 387.41604614257812 
535.94500732421875 -76.524032592773438 389.88217163085938 
536.92852783203125 -77.466865539550781 392.322021484375 
538.026611328125 -78.495414733886719 394.62814331054688 
539.2705078125 -79.621047973632812 396.88418579101562 
532.687255859375 -71.567771911621094 236.60719299316406 
532.20050048828125 -71.764289855957031 234.15266418457031 
530.7735595703125 -73.442550659179688 234.07466125488281 
531.40093994140625 -72.461616516113281 231.88328552246094 
530.1373291015625 -73.656494140625 231.44328308105469 
530.899169921875 -72.554695129394531 229.333251953125 
529.6146240234375 -73.758529663085938 228.85383605957031 
530.43670654296875 -72.59320068359375 226.75973510742188 
529.18115234375 -73.788772583007812 226.23283386230469 
530.00604248046875 -72.605827331542969 224.16624450683594 
528.80218505859375 -73.796928405761719 223.61721801757812 
529.6199951171875 -72.591438293457031 221.54159545898438 
528.46893310546875 -73.785362243652344 220.99758911132812 
529.2528076171875 -72.553215026855469 218.95498657226562 
528.1497802734375 -73.76434326171875 218.39303588867188 
528.93426513671875 -72.438522338867188 216.301025390625 
527.8170166015625 -73.776138305664062 215.79339599609375 
528.61199951171875 -72.351959228515625 213.68728637695312 
527.34808349609375 -73.947090148925781 213.39897155761719 
527.7591552734375 -73.255462646484375 211.81622314453125 
526.93695068359375 -74.1121826171875 211.42658996582031 
540.5198974609375 -80.863296508789062 399.11917114257812 
543.07025146484375 -81.00042724609375 400.18704223632812 
527.05975341796875 -73.758476257324219 209.6982421875 
545.5059814453125 -80.690483093261719 401.14639282226562 
524.5650634765625 -54.916507720947266 129.45079040527344 
522.56390380859375 -56.086360931396484 128.30047607421875 
523.34918212890625 -51.870811462402344 129.05436706542969 
523.1839599609375 -58.123111724853516 130.25653076171875 
521.48699951171875 -53.95379638671875 126.92729949951172 
524.72442626953125 -75.234634399414062 138.22016906738281 
525.5645751953125 -72.713798522949219 138.42507934570312 
525.07891845703125 -75.201278686523438 139.9183349609375 
523.864013671875 -77.819427490234375 138.69993591308594 
525.6422119140625 -75.268333435058594 142.30059814453125 
524.60052490234375 -77.643569946289062 142.65203857421875 
524.3621826171875 -77.418495178222656 140.74769592285156 
524.90484619140625 -76.954582214355469 144.40228271484375 
525.8900146484375 -74.8267822265625 144.73074340820312 
526.7398681640625 -72.652458190917969 143.6280517578125 
526.18280029296875 -73.131019592285156 141.03742980957031 
527.11865234375 -70.667221069335938 141.88253784179688 
526.5089111328125 -71.075698852539062 139.82652282714844 
527.11383056640625 -68.743927001953125 140.09626770019531 
526.21368408203125 -69.999130249023438 137.92811584472656 
526.93792724609375 -67.359756469726562 138.26089477539062 
527.76531982421875 -67.826751708984375 142.13005065917969 
527.644775390625 -66.122077941894531 140.21434020996094 
527.601806640625 -69.6695556640625 143.87982177734375 
523.57421875 -79.500633239746094 142.24017333984375 
523.22607421875 -79.641502380371094 140.19120788574219 
523.74298095703125 -79.094253540039062 144.36048889160156 
527.33984375 -64.614311218261719 138.08285522460938 
526.4635009765625 -65.877166748046875 136.45942687988281 
525.893798828125 -68.382110595703125 136.13169860839844 
522.41339111328125 -81.297538757324219 142.0198974609375 
522.5794677734375 -80.963768005371094 144.14036560058594 
522.03436279296875 -81.663284301757812 139.97268676757812 
521.10662841796875 -82.974563598632812 141.85871887207031 
521.25457763671875 -82.689811706542969 143.91586303710938 
522.5897216796875 -80.250350952148438 138.19842529296875 
520.76318359375 -83.381271362304688 139.87785339355469 
521.3043212890625 -82.363822937011719 137.96804809570312 
519.43988037109375 -84.738662719726562 139.92010498046875 
519.7698974609375 -84.165306091308594 138.06800842285156 
519.6619873046875 -84.495635986328125 141.648193359375 
519.76092529296875 -84.306404113769531 143.52507019042969 
525.2537841796875 -66.18798828125 134.69087219238281 
526.33447265625 -63.401664733886719 135.51702880859375 
524.56976318359375 -64.067466735839844 133.65647888183594 
525.4681396484375 -61.436733245849609 133.71578979492188 
523.60662841796875 -61.950107574462891 132.53561401367188 
524.52508544921875 -59.456184387207031 131.9317626953125 
525.19793701171875 -71.1724853515625 135.97856140136719 
524.890869140625 -73.808761596679688 136.73516845703125 
527.38720703125 -70.567291259765625 145.92921447753906 
526.55047607421875 -72.817054748535156 146.46455383300781 
524.55694580078125 -69.010520935058594 134.36233520507812 
523.57177734375 -66.798309326171875 133.22708129882812 
522.50604248046875 -64.368797302246094 132.60554504394531 
527.5247802734375 -62.170444488525391 137.73580932617188 
526.849609375 -60.546424865722656 135.47935485839844 
528.0030517578125 -63.521686553955078 140.13450622558594 
528.21490478515625 -65.122169494628906 142.3101806640625 
528.1707763671875 -66.885101318359375 144.28469848632812 
526.1351318359375 -58.71331787109375 133.37120056152344 
527.8865966796875 -68.722564697265625 146.21760559082031 
525.580810546875 -74.979904174804688 146.9915771484375 
524.7208251953125 -76.798332214355469 146.71498107910156 
521.57696533203125 -61.838642120361328 132.09443664550781 
522.35650634765625 -59.975921630859375 131.30047607421875 
518.0135498046875 -85.296783447265625 137.25469970703125 
518.18292236328125 -85.645484924316406 139.16165161132812 
518.21392822265625 -85.785011291503906 141.06001281738281 
518.15460205078125 -85.74249267578125 142.91670227050781 
525.4295654296875 -56.823249816894531 131.29754638671875 
521.50830078125 -51.673686981201172 127.44987487792969 
519.4324951171875 -51.370433807373047 126.65415191650391 
517.2364501953125 -50.845043182373047 126.69017791748047 
515.7845458984375 -49.973472595214844 127.33744812011719 
514.05389404296875 -51.017730712890625 127.72446441650391 
514.31268310546875 -48.886894226074219 128.3734130859375 
551.908203125 -71.489089965820312 385.87548828125 
551.10516357421875 -72.504783630371094 387.4661865234375 
551.40289306640625 -71.416542053222656 383.10391235351562 
550.94134521484375 -71.427497863769531 380.35110473632812 
550.41802978515625 -71.496940612792969 377.64181518554688 
549.84393310546875 -71.543678283691406 374.96478271484375 
549.274658203125 -71.529098510742188 372.25900268554688 
548.7437744140625 -71.45745849609375 369.52603149414062 
548.2628173828125 -71.332099914550781 366.762939453125 
547.86187744140625 -71.176307678222656 364.0101318359375 
547.504150390625 -71.016273498535156 361.237060546875 
547.16485595703125 -70.868446350097656 358.47396850585938 
546.82427978515625 -70.7203369140625 355.70950317382812 
546.50897216796875 -70.5692138671875 352.93380737304688 
546.19647216796875 -70.422348022460938 350.14276123046875 
546.19830322265625 -70.13470458984375 347.37179565429688 
545.84051513671875 -70.012321472167969 344.62582397460938 
545.34381103515625 -69.965888977050781 341.88507080078125 
545.064453125 -69.844993591308594 339.15133666992188 
544.8173828125 -69.72900390625 336.41900634765625 
544.59808349609375 -69.606071472167969 333.673095703125 
544.3740234375 -69.491203308105469 330.91244506835938 
544.17340087890625 -69.37823486328125 328.12420654296875 
542.82562255859375 -69.893356323242188 326.16058349609375 
544.23583984375 -69.123031616210938 325.3348388671875 
542.85760498046875 -69.74578857421875 323.86184692382812 
542.734619140625 -69.67987060546875 321.16647338867188 
544.67999267578125 -68.555404663085938 322.61001586914062 
544.170654296875 -68.769119262695312 319.85400390625 
542.434326171875 -69.757575988769531 318.39019775390625 
543.658447265625 -68.95330810546875 317.0723876953125 
542.131103515625 -69.797470092773438 315.61541748046875 
543.2352294921875 -69.061851501464844 314.31063842773438 
541.9046630859375 -69.819381713867188 312.9388427734375 
542.979736328125 -69.087577819824219 311.5614013671875 
541.79150390625 -69.802726745605469 310.67050170898438 
542.776611328125 -69.088821411132812 308.82180786132812 
542.572021484375 -69.080612182617188 306.11196899414062 
542.3770751953125 -69.083038330078125 303.40292358398438 
541.57012939453125 -69.382560729980469 299.58837890625 
541.17132568359375 -69.548843383789062 296.69046020507812 
540.88653564453125 -69.652786254882812 293.89462280273438 
540.644775390625 -69.760887145996094 291.12353515625 
543.23358154296875 -67.72906494140625 300.59249877929688 
542.8023681640625 -67.987739562988281 297.87033081054688 
542.3902587890625 -68.219772338867188 295.12908935546875 
541.99163818359375 -68.430511474609375 292.35617065429688 
541.653076171875 -68.601432800292969 289.54727172851562 
540.43731689453125 -69.855690002441406 288.38046264648438 
540.241943359375 -69.900199890136719 286.0894775390625 
552.45703125 -71.643020629882812 388.68020629882812 
551.54083251953125 -72.762611389160156 389.69216918945312 
541.33245849609375 -68.7454833984375 286.7298583984375 
551.78271484375 -73.142738342285156 391.81060791015625 
553.02484130859375 -71.744606018066406 391.47076416015625 
552.36102294921875 -73.076629638671875 393.90255737304688 
541.0020751953125 -68.778511047363281 284.017333984375 
540.7054443359375 -68.766593933105469 281.3123779296875 
540.40411376953125 -68.704414367675781 278.61355590820312 
553.468017578125 -71.723236083984375 394.305908203125 
527.4793701171875 -59.004245758056641 143.5133056640625 
527.44061279296875 -58.989612579345703 145.67735290527344 
528.0025634765625 -60.701862335205078 145.34677124023438 
526.63665771484375 -56.977523803710938 143.81864929199219 
526.8355712890625 -57.673694610595703 146.19345092773438 
527.0166015625 -57.486305236816406 141.59614562988281 
527.699951171875 -59.338020324707031 141.43110656738281 
528.1190185546875 -61.171993255615234 143.5224609375 
526.0162353515625 -56.314067840576172 145.94548034667969 
526.3428955078125 -57.281974792480469 148.02198791503906 
527.2884521484375 -58.979862213134766 147.91938781738281 
527.94683837890625 -60.766590118408203 147.66481018066406 
528.4019775390625 -62.956996917724609 145.56173706054688 
525.16339111328125 -55.740776062011719 147.98365783691406 
527.302734375 -57.414329528808594 139.2464599609375 
514.2515869140625 -46.646991729736328 132.02803039550781 
516.59185791015625 -47.218212127685547 130.47509765625 
514.4176025390625 -47.572952270507812 129.74716186523438 
512.1072998046875 -46.889034271240234 131.44517517089844 
515.53546142578125 -51.896778106689453 152.11384582519531 
518.199462890625 -53.021213531494141 153.27348327636719 
517.426025390625 -51.801906585693359 150.29499816894531 
515.1068115234375 -50.937835693359375 149.41166687011719 
516.90130615234375 -50.771530151367188 147.61868286132812 
519.20196533203125 -51.704841613769531 148.09791564941406 
519.94110107421875 -52.893573760986328 150.668701171875 
515.8792724609375 -52.815761566162109 154.7926025390625 
513.63360595703125 -52.117931365966797 153.67601013183594 
513.245849609375 -51.230144500732422 151.04078674316406 
518.43609619140625 -50.553783416748047 145.44558715820312 
516.41021728515625 -49.894500732421875 145.37054443359375 
514.80426025390625 -50.028438568115234 146.79592895507812 
512.97625732421875 -50.354103088378906 148.43754577636719 
512.78350830078125 -49.450233459472656 145.75785827636719 
514.75286865234375 -49.149833679199219 144.13735961914062 
517.0738525390625 -49.283359527587891 142.72102355957031 
512.661376953125 -48.555973052978516 143.02984619140625 
514.6943359375 -48.312110900878906 141.27095031738281 
519.7672119140625 -50.341274261474609 142.89778137207031 
516.47540283203125 -48.306221008300781 139.8760986328125 
518.522216796875 -49.061954498291016 140.13681030273438 
512.54364013671875 -47.740680694580078 140.04472351074219 
514.826416015625 -47.434078216552734 137.81301879882812 
517.4134521484375 -47.863975524902344 137.46250915527344 
519.729736328125 -48.638301849365234 137.37092590332031 
520.81243896484375 -50.184238433837891 140.21958923339844 
520.738525390625 -51.681232452392578 145.63694763183594 
521.97869873046875 -51.656402587890625 143.05177307128906 
522.98431396484375 -51.568305969238281 140.28628540039062 
521.91705322265625 -49.806793212890625 137.30589294433594 
520.83642578125 -48.524868011474609 134.75201416015625 
518.7109375 -47.497638702392578 134.9398193359375 
516.46124267578125 -46.963485717773438 134.95724487304688 
514.30596923828125 -46.576953887939453 134.70530700683594 
512.38201904296875 -46.920398712158203 136.982421875 
517.77532958984375 -53.68798828125 155.935546875 
516.17913818359375 -53.625267028808594 157.45370483398438 
513.98614501953125 -52.946865081787109 156.35406494140625 
511.92703247070312 -52.517520904541016 155.27561950683594 
511.51055908203125 -51.705417633056641 152.60043334960938 
511.15447998046875 -50.851470947265625 150.07530212402344 
510.92047119140625 -49.973930358886719 147.45065307617188 
510.7177734375 -49.106258392333984 144.751708984375 
510.57806396484375 -48.321254730224609 141.96141052246094 
510.40896606445312 -47.456310272216797 139.16262817382812 
519.78375244140625 -47.876743316650391 132.61619567871094 
517.76611328125 -47.052467346191406 132.62298583984375 
515.86181640625 -46.646198272705078 132.8170166015625 
512.23602294921875 -46.441085815429688 134.1376953125 
510.24179077148438 -46.824596405029297 136.43197631835938 
510.07672119140625 -46.704437255859375 133.88639831542969 
518.955810546875 -47.881587982177734 130.47203063964844 
520.574951171875 -48.646316528320312 130.74172973632812 
521.6075439453125 -49.032432556152344 132.30877685546875 
522.85003662109375 -49.827716827392578 134.51113891601562 
521.505615234375 -52.897499084472656 148.22331237792969 
522.84564208984375 -52.995403289794922 145.73710632324219 
523.94110107421875 -51.321540832519531 137.27880859375 
523.94061279296875 -53.157909393310547 143.22781372070312 
524.9822998046875 -53.578083038330078 140.40008544921875 
516.1571044921875 -48.625415802001953 128.28657531738281 
518.27587890625 -48.886741638183594 128.325439453125 
520.34564208984375 -49.528251647949219 128.73291015625 
521.9903564453125 -49.968120574951172 129.91563415527344 
523.37481689453125 -50.491539001464844 131.81039428710938 
524.606201171875 -51.451904296875 134.37786865234375 
525.526611328125 -53.212825775146484 137.051513671875 
526.34930419921875 -55.391056060791016 139.4515380859375 
526.18896484375 -55.658039093017578 141.81219482421875 
525.51104736328125 -54.983676910400391 143.59342956542969 
524.59027099609375 -54.501873016357422 145.82180786132812 
523.5225830078125 -54.260723114013672 148.15293884277344 
522.2525634765625 -54.170063018798828 150.59884643554688 
520.95989990234375 -54.226848602294922 153.11614990234375 
519.864990234375 -54.470802307128906 155.70785522460938 
518.6240234375 -54.681793212890625 158.485107421875 
516.36004638671875 -54.298938751220703 160.12690734863281 
514.28741455078125 -53.639369964599609 158.99113464355469 
514.5697021484375 -54.146156311035156 161.23661804199219 
518.3585205078125 -55.256008148193359 161.64976501464844 
516.13616943359375 -54.746253967285156 162.78030395507812 
512.2391357421875 -53.250370025634766 157.98939514160156 
512.62933349609375 -53.843299865722656 160.6580810546875 
513.537841796875 -54.420173645019531 163.52177429199219 
515.83538818359375 -55.064670562744141 165.49545288085938 
518.17291259765625 -55.655910491943359 164.46548461914062 
513.51800537109375 -54.852699279785156 166.6768798828125 
515.66009521484375 -55.355846405029297 168.25761413574219 
523.71844482421875 -48.980800628662109 372.82345581054688 
522.60247802734375 -51.331356048583984 372.97140502929688 
522.95111083984375 -50.079368591308594 374.64703369140625 
523.3277587890625 -50.1807861328125 370.23797607421875 
517.96978759765625 -55.931076049804688 167.20198059082031 
522.27996826171875 -52.673297882080078 371.29739379882812 
513.4686279296875 -55.16998291015625 169.461669921875 
522.388671875 -52.699237823486328 368.98104858398438 
515.4696044921875 -55.601116180419922 170.84059143066406 
523.4390869140625 -50.417030334472656 367.16372680664062 
517.65625 -56.135791778564453 169.88508605957031 
522.46429443359375 -52.778911590576172 366.26303100585938 
513.50811767578125 -55.435306549072266 172.09080505371094 
523.4364013671875 -50.714847564697266 364.48080444335938 
515.26715087890625 -55.754386901855469 172.9993896484375 
522.48382568359375 -52.890342712402344 363.57571411132812 
517.2169189453125 -56.231121063232422 172.44435119628906 
523.4188232421875 -50.997180938720703 361.8087158203125 
516.286865234375 -56.175403594970703 175.08732604980469 
522.4835205078125 -53.011756896972656 360.9296875 
513.76898193359375 -55.691001892089844 174.56965637207031 
523.27655029296875 -51.415439605712891 359.19778442382812 
514.1790771484375 -55.917129516601562 177.03840637207031 
522.41241455078125 -53.236171722412109 358.666259765625 
516.2894287109375 -56.355770111083984 177.54592895507812 
522.8642578125 -52.264102935791016 356.41079711914062 
520.30352783203125 -55.918918609619141 160.53408813476562 
524.3299560546875 -50.046108245849609 357.45755004882812 
520.28289794921875 -56.458747863769531 163.35934448242188 
520.2017822265625 -56.845256805419922 166.17076110839844 
519.9051513671875 -57.022708892822266 168.91111755371094 
519.49859619140625 -57.105487823486328 171.61355590820312 
518.93914794921875 -57.080314636230469 174.23367309570312 
518.24713134765625 -56.960781097412109 176.73774719238281 
517.91632080078125 -57.012187957763672 179.32957458496094 
514.8143310546875 -56.158428192138672 179.43295288085938 
515.8515625 -56.509639739990234 181.70558166503906 
512.65423583984375 -56.121540069580078 181.67257690429688 
514.903564453125 -56.434665679931641 183.95681762695312 
512.337890625 -55.980159759521484 179.02713012695312 
511.86669921875 -55.830631256103516 176.37210083007812 
511.67901611328125 -55.61279296875 173.64700317382812 
511.50778198242188 -55.339679718017578 170.85762023925781 
511.34811401367188 -55.018718719482422 168.02069091796875 
511.46737670898438 -54.608234405517578 165.18351745605469 
510.99923706054688 -54.215316772460938 162.4422607421875 
510.46722412109375 -53.728221893310547 159.69200134277344 
510.505615234375 -53.014110565185547 156.89549255371094 
512.5665283203125 -56.297889709472656 184.38096618652344 
514.655517578125 -56.5196533203125 186.26641845703125 
512.80706787109375 -56.407268524169922 187.09376525878906 
514.67620849609375 -56.592395782470703 188.57106018066406 
513.07379150390625 -56.499656677246094 189.80935668945312 
514.76007080078125 -56.655567169189453 190.6517333984375 
517.748779296875 -57.114479064941406 181.92936706542969 
517.23333740234375 -57.014667510986328 183.81370544433594 
516.7406005859375 -56.9290771484375 185.71534729003906 
516.5806884765625 -56.946830749511719 187.73539733886719 
516.4910888671875 -56.972000122070312 189.77058410644531 
513.3302001953125 -56.579353332519531 192.52822875976562 
516.4527587890625 -57.035354614257812 192.50564575195312 
513.57794189453125 -56.645389556884766 195.25546264648438 
516.49224853515625 -57.074165344238281 195.23973083496094 
513.8031005859375 -56.699909210205078 197.95881652832031 
516.6064453125 -57.081897735595703 197.95915222167969 
514.02056884765625 -56.734939575195312 200.65512084960938 
516.76239013671875 -57.0731201171875 200.64347839355469 
514.22265625 -56.748844146728516 203.35714721679688 
516.917236328125 -57.042751312255859 203.33872985839844 
514.4024658203125 -56.748809814453125 206.07194519042969 
517.0924072265625 -56.99957275390625 206.02639770507812 
514.56024169921875 -56.7432861328125 208.81986999511719 
517.2481689453125 -56.929637908935547 208.73678588867188 
514.69696044921875 -56.705097198486328 211.5545654296875 
517.3887939453125 -56.845779418945312 211.45680236816406 
515.0887451171875 -56.629222869873047 214.28292846679688 
517.539794921875 -56.739204406738281 214.21229553222656 
515.6815185546875 -56.539505004882812 216.97665405273438 
517.70159912109375 -56.633007049560547 216.98179626464844 
517.893798828125 -56.524253845214844 219.72947692871094 
515.406982421875 -56.582920074462891 219.73648071289062 
515.436279296875 -56.607463836669922 222.47219848632812 
518.14080810546875 -56.419406890869141 222.44631958007812 
515.702392578125 -56.589096069335938 225.16543579101562 
518.407958984375 -56.314548492431641 225.12229919433594 
515.98779296875 -56.543376922607422 227.82490539550781 
518.6734619140625 -56.19720458984375 227.76908874511719 
516.237548828125 -56.511386871337891 230.46675109863281 
518.91156005859375 -56.077285766601562 230.42225646972656 
516.45697021484375 -56.469879150390625 233.15913391113281 
519.076416015625 -55.940692901611328 233.12286376953125 
516.6053466796875 -56.454006195068359 235.8648681640625 
519.1776123046875 -55.808933258056641 235.8448486328125 
516.74639892578125 -56.451271057128906 238.59243774414062 
519.26519775390625 -55.675960540771484 238.59904479980469 
516.90020751953125 -56.460212707519531 241.3154296875 
519.3824462890625 -55.555912017822266 241.35861206054688 
517.06591796875 -56.48291015625 244.03663635253906 
519.52239990234375 -55.446731567382812 244.0653076171875 
517.201416015625 -56.518836975097656 246.73890686035156 
519.65380859375 -55.355144500732422 246.74932861328125 
517.3084716796875 -56.554698944091797 249.42701721191406 
519.74383544921875 -55.273429870605469 249.42207336425781 
517.41546630859375 -56.591598510742188 252.11080932617188 
519.79119873046875 -55.196369171142578 252.12315368652344 
517.54144287109375 -56.612571716308594 254.81010437011719 
519.80810546875 -55.106300354003906 254.85475158691406 
517.681396484375 -56.631137847900391 257.51315307617188 
519.82196044921875 -55.017158508300781 257.59133911132812 
517.86114501953125 -56.630905151367188 260.23291015625 
519.88006591796875 -54.943214416503906 260.30853271484375 
518.1248779296875 -56.594856262207031 262.99533081054688 
519.96673583984375 -54.879467010498047 263.02239990234375 
518.34954833984375 -56.532806396484375 265.71868896484375 
520.110595703125 -54.8212890625 265.7296142578125 
518.60382080078125 -56.436122894287109 268.4439697265625 
520.28955078125 -54.763656616210938 268.44528198242188 
518.862060546875 -56.332504272460938 271.15087890625 
520.47344970703125 -54.696872711181641 271.16110229492188 
519.0789794921875 -56.245578765869141 273.85430908203125 
520.6495361328125 -54.622444152832031 273.86227416992188 
519.2813720703125 -56.159465789794922 276.53875732421875 
520.82891845703125 -54.524799346923828 276.56704711914062 
519.49664306640625 -56.065296173095703 279.23086547851562 
521.0008544921875 -54.415019989013672 279.27651977539062 
519.7169189453125 -55.967178344726562 281.94522094726562 
521.16436767578125 -54.316825866699219 282.0164794921875 
519.9302978515625 -55.846733093261719 284.65438842773438 
521.3438720703125 -54.205680847167969 284.7667236328125 
520.12481689453125 -55.721267700195312 287.39694213867188 
521.51617431640625 -54.065010070800781 287.50888061523438 
520.2984619140625 -55.601295471191406 290.12237548828125 
521.6876220703125 -53.909767150878906 290.25497436523438 
520.46759033203125 -55.481422424316406 292.82879638671875 
521.84674072265625 -53.761440277099609 292.96066284179688 
520.6171875 -55.39898681640625 295.51324462890625 
522.0047607421875 -53.624088287353516 295.66268920898438 
520.73126220703125 -55.334888458251953 298.1741943359375 
522.1392822265625 -53.511871337890625 298.32717895507812 
520.79962158203125 -55.299160003662109 300.8369140625 
522.2598876953125 -53.385757446289062 300.99905395507812 
520.85498046875 -55.272136688232422 303.50515747070312 
522.357421875 -53.271343231201172 303.64691162109375 
520.903564453125 -55.265811920166016 306.15274047851562 
522.44036865234375 -53.164310455322266 306.30502319335938 
520.966552734375 -55.245227813720703 308.81747436523438 
522.51904296875 -53.059310913085938 308.99493408203125 
521.04205322265625 -55.229335784912109 311.48452758789062 
522.67828369140625 -52.879562377929688 311.68759155273438 
521.9981689453125 -53.780742645263672 313.472900390625 
521.12744140625 -55.211540222167969 314.18218994140625 
523.15875244140625 -52.399040222167969 314.31341552734375 
522.1162109375 -53.658149719238281 315.71780395507812 
521.19659423828125 -55.208427429199219 316.88848876953125 
523.21502685546875 -52.323883056640625 317.0584716796875 
522.1475830078125 -53.627479553222656 318.3751220703125 
521.24578857421875 -55.200839996337891 319.598876953125 
523.2108154296875 -52.284938812255859 319.81246948242188 
522.158203125 -53.604354858398438 321.09649658203125 
521.28277587890625 -55.159236907958984 322.32156372070312 
523.2095947265625 -52.222915649414062 322.5565185546875 
522.1551513671875 -53.557987213134766 323.834228515625 
521.30828857421875 -55.111709594726562 325.04348754882812 
523.1343994140625 -52.200656890869141 325.27313232421875 
522.13140869140625 -53.508201599121094 326.54656982421875 
521.35009765625 -55.033351898193359 327.7593994140625 
523.115234375 -52.148471832275391 327.95712280273438 
522.16558837890625 -53.427497863769531 329.23980712890625 
521.41290283203125 -54.936744689941406 330.45181274414062 
523.1754150390625 -52.052162170410156 330.64767456054688 
522.2352294921875 -53.319625854492188 331.93246459960938 
521.491455078125 -54.837337493896484 333.14547729492188 
523.2451171875 -51.937564849853516 333.31991577148438 
522.3099365234375 -53.21612548828125 334.61669921875 
521.5692138671875 -54.752609252929688 335.81698608398438 
523.30023193359375 -51.830047607421875 336.00637817382812 
522.3865966796875 -53.103828430175781 337.28826904296875 
521.6314697265625 -54.662513732910156 338.46969604492188 
523.35418701171875 -51.722850799560547 338.69329833984375 
522.435302734375 -53.023841857910156 339.95565795898438 
521.67987060546875 -54.588512420654297 341.114501953125 
523.4111328125 -51.623458862304688 341.37905883789062 
522.51318359375 -52.919181823730469 342.6385498046875 
521.74151611328125 -54.470363616943359 343.77749633789062 
523.51654052734375 -51.486934661865234 344.0802001953125 
522.60736083984375 -52.790637969970703 345.31475830078125 
521.83203125 -54.342269897460938 346.4583740234375 
523.65216064453125 -51.306552886962891 346.77578735351562 
522.7406005859375 -52.611991882324219 348.00701904296875 
509.9962158203125 -52.309783935546875 154.22195434570312 
509.43203735351562 -51.545860290527344 151.63546752929688 
509.13336181640625 -50.693061828613281 149.08824157714844 
508.87240600585938 -49.854347229003906 146.42915344238281 
508.69305419921875 -49.043270111083984 143.716552734375 
508.62759399414062 -48.340526580810547 140.88829040527344 
512.65350341796875 -48.2142333984375 129.26689147949219 
508.41061401367188 -47.556182861328125 138.46054077148438 
508.25503540039062 -47.200344085693359 136.09347534179688 
511.10043334960938 -47.71002197265625 130.27702331542969 
509.69720458984375 -47.267242431640625 131.94061279296875 
508.26751708984375 -47.341743469238281 133.69859313964844 
521.95306396484375 -54.188793182373047 349.13275146484375 
523.8121337890625 -51.071510314941406 349.46026611328125 
522.88348388671875 -52.373966217041016 350.68560791015625 
524.843017578125 -52.336097717285156 131.59165954589844 
525.87738037109375 -53.516189575195312 134.22868347167969 
521.20709228515625 -55.813369750976562 157.96665954589844 
522.18231201171875 -55.708675384521484 155.42588806152344 
523.1429443359375 -55.592052459716797 152.89442443847656 
524.1436767578125 -55.565620422363281 150.40011596679688 
526.67022705078125 -55.330699920654297 136.72084045410156 
522.1353759765625 -53.833724975585938 351.87271118164062 
523.97882080078125 -50.780864715576172 352.11935424804688 
522.949951171875 -52.222705841064453 353.38790893554688 
524.13775634765625 -50.44683837890625 354.78836059570312 
522.0574951171875 -54.124416351318359 354.48367309570312 
524.532958984375 -49.58563232421875 360.14749145507812 
524.75244140625 -49.06475830078125 362.82968139648438 
524.78106689453125 -48.714187622070312 365.50942993164062 
524.86328125 -48.234317779541016 368.1593017578125 
524.9813232421875 -47.633335113525391 370.78909301757812 
521.85662841796875 -54.890895843505859 357.05364990234375 
521.88690185546875 -54.911598205566406 359.83071899414062 
521.88580322265625 -54.999641418457031 362.65087890625 
525.07928466796875 -46.923019409179688 373.40408325195312 
523.858154296875 -48.174602508544922 375.20101928710938 
521.87060546875 -55.127006530761719 365.4853515625 
521.832763671875 -55.248443603515625 368.27410888671875 
521.79498291015625 -55.057765960693359 371.07327270507812 
521.8636474609375 -54.028343200683594 373.53372192382812 
522.1361083984375 -52.177513122558594 375.537841796875 
522.79083251953125 -49.856884002685547 376.86968994140625 
525.15155029296875 -46.142852783203125 375.96844482421875 
523.8175048828125 -47.500946044921875 377.75527954101562 
525.19427490234375 -45.320209503173828 378.45083618164062 
527.819091796875 -61.211139678955078 139.93061828613281 
528.1334228515625 -62.304832458496094 141.92440795898438 
527.47052001953125 -59.559963226318359 138.22956848144531 
526.952880859375 -57.848953247070312 136.22036743164062 
526.3289794921875 -56.151081085205078 134.10444641113281 
528.37445068359375 -63.911979675292969 143.82911682128906 
525.6016845703125 -54.604518890380859 131.9671630859375 
528.42010498046875 -65.864006042480469 145.34878540039062 
547.73614501953125 -69.795341491699219 351.69924926757812 
547.48260498046875 -69.618637084960938 349.147705078125 
548.0811767578125 -69.932632446289062 354.3919677734375 
549.056884765625 -68.986618041992188 352.890380859375 
548.69036865234375 -68.842643737792969 350.116455078125 
548.354736328125 -68.672508239746094 347.35037231445312 
547.5552978515625 -68.68035888671875 343.82550048828125 
549.01849365234375 -67.123924255371094 344.41644287109375 
548.47332763671875 -67.287483215332031 341.64846801757812 
546.98095703125 -68.711990356445312 340.71511840820312 
547.96502685546875 -67.400482177734375 338.87265014648438 
546.54388427734375 -68.699974060058594 337.8154296875 
547.48724365234375 -67.476219177246094 336.10052490234375 
546.14996337890625 -68.640792846679688 335.00448608398438 
547.02130126953125 -67.4671630859375 333.33297729492188 
545.8319091796875 -68.521942138671875 332.20599365234375 
549.45416259765625 -69.098190307617188 355.6387939453125 
548.50543212890625 -70.041252136230469 357.16253662109375 
546.74896240234375 -67.326690673828125 330.47735595703125 
545.6141357421875 -68.403343200683594 329.51541137695312 
545.32366943359375 -68.404403686523438 327.1649169921875 
546.496337890625 -67.132949829101562 327.60971069335938 
545.5264892578125 -67.952003479003906 325.0477294921875 
546.3765869140625 -66.711593627929688 324.79916381835938 
545.85162353515625 -67.178260803222656 322.9171142578125 
545.54791259765625 -67.234832763671875 320.74490356445312 
546.52880859375 -65.380867004394531 322.3148193359375 
546.1143798828125 -65.632736206054688 319.5233154296875 
545.10479736328125 -67.460227966308594 318.183837890625 
545.70330810546875 -65.871223449707031 316.74981689453125 
544.6575927734375 -67.646682739257812 315.517333984375 
545.3173828125 -66.070976257324219 313.99508666992188 
544.327392578125 -67.729774475097656 312.82321166992188 
549.9935302734375 -69.093666076660156 358.343017578125 
548.96051025390625 -70.139846801757812 359.897216796875 
544.984375 -66.0537109375 311.2489013671875 
544.0274658203125 -67.760284423828125 310.20895385742188 
544.6373291015625 -66.197151184082031 308.56747436523438 
543.6983642578125 -67.921340942382812 307.74966430664062 
550.5216064453125 -69.07867431640625 361.07574462890625 
549.40020751953125 -70.225082397460938 362.6510009765625 
551.0059814453125 -69.066558837890625 363.84622192382812 
549.83758544921875 -70.323982238769531 365.4146728515625 
551.4869384765625 -69.027793884277344 366.6102294921875 
550.3052978515625 -70.379570007324219 368.15536499023438 
551.96258544921875 -68.941078186035156 369.33926391601562 
550.77471923828125 -70.395515441894531 370.84512329101562 
552.36248779296875 -68.894386291503906 372.05459594726562 
551.23101806640625 -70.379783630371094 373.51846313476562 
552.72088623046875 -68.851844787597656 374.74041748046875 
551.66339111328125 -70.321342468261719 376.16470336914062 
553.03179931640625 -68.789688110351562 377.39913940429688 
552.0806884765625 -70.230865478515625 378.82528686523438 
553.3424072265625 -68.704032897949219 380.06405639648438 
552.45281982421875 -70.141464233398438 381.50588989257812 
553.6173095703125 -68.665481567382812 382.73760986328125 
552.76751708984375 -70.163200378417969 384.21539306640625 
553.87384033203125 -68.733070373535156 385.42083740234375 
553.193603515625 -70.235794067382812 386.9609375 
554.25457763671875 -68.789863586425781 388.23822021484375 
553.6588134765625 -70.320747375488281 389.708740234375 
554.085205078125 -70.294471740722656 392.24703979492188 
544.1201171875 -66.993728637695312 305.9677734375 
543.32513427734375 -68.188117980957031 305.19406127929688 
554.67510986328125 -68.777099609375 391.11279296875 
543.64117431640625 -67.468780517578125 303.29861450195312 
554.35662841796875 -70.21142578125 394.15231323242188 
555.0806884765625 -68.633033752441406 393.93295288085938 
514.38946533203125 -57.122875213623047 410.51507568359375 
514.903564453125 -59.415485382080078 410.67022705078125 
514.23699951171875 -58.711616516113281 412.92831420898438 
514.35614013671875 -55.460880279541016 407.9888916015625 
515.054443359375 -57.877777099609375 408.13201904296875 
514.591796875 -61.098304748535156 412.95867919921875 
515.5599365234375 -63.184329986572266 410.7545166015625 
514.78485107421875 -63.483715057373047 412.95550537109375 
515.3817138671875 -61.383750915527344 410.42929077148438 
516.36383056640625 -62.811752319335938 408.3631591796875 
515.7620849609375 -60.303558349609375 408.27139282226562 
513.73431396484375 -54.728694915771484 410.41012573242188 
513.72967529296875 -56.217037200927734 412.84661865234375 
513.16876220703125 -52.338184356689453 410.458984375 
513.828369140625 -52.92376708984375 407.94546508789062 
513.02630615234375 -53.683158874511719 412.89810180664062 
512.88433837890625 -47.542999267578125 408.02786254882812 
513.33612060546875 -50.260574340820312 407.99288940429688 
512.39208984375 -48.272605895996094 410.65017700195312 
512.66717529296875 -50.239513397216797 410.96624755859375 
511.976806640625 -48.570652008056641 413.27859497070312 
512.4505615234375 -51.203651428222656 413.08294677734375 
525.910400390625 -85.653610229492188 411.315673828125 
527.32818603515625 -85.037452697753906 408.96820068359375 
528.98480224609375 -86.079147338867188 410.62142944335938 
524.69586181640625 -84.023384094238281 409.12371826171875 
522.9439697265625 -84.445556640625 411.14532470703125 
524.04449462890625 -85.525390625 413.09542846679688 
526.22625732421875 -86.276710510253906 413.95596313476562 
528.79766845703125 -86.548576354980469 412.54815673828125 
531.8775634765625 -86.151008605957031 410.33670043945312 
530.33917236328125 -85.524330139160156 409.08126831054688 
531.799560546875 -86.582344055175781 411.814208984375 
521.7305908203125 -84.718376159667969 413.7896728515625 
520.58465576171875 -83.347122192382812 411.84674072265625 
522.072509765625 -82.483818054199219 409.5458984375 
523.6268310546875 -85.653038024902344 415.90850830078125 
533.73211669921875 -85.791252136230469 409.41714477539062 
534.66485595703125 -86.307518005371094 410.98760986328125 
519.2371826171875 -81.515464782714844 411.1326904296875 
519.72314453125 -80.267921447753906 409.64801025390625 
522.755126953125 -80.898757934570312 407.8680419921875 
524.8072509765625 -82.33966064453125 407.6015625 
527.109375 -83.513343811035156 407.32113647460938 
529.588623046875 -84.4342041015625 407.82815551757812 
532.58062744140625 -85.034797668457031 408.26223754882812 
518.3743896484375 -82.020217895507812 412.95858764648438 
516.90289306640625 -79.435714721679688 412.52447509765625 
521.17864990234375 -79.161598205566406 407.9315185546875 
517.968017578125 -78.217018127441406 410.29949951171875 
519.67333984375 -77.140068054199219 408.08404541015625 
515.87591552734375 -76.773696899414062 412.91802978515625 
517.056396484375 -75.959800720214844 410.45449829101562 
518.51019287109375 -74.896797180175781 408.21054077148438 
515.41510009765625 -74.417839050292969 412.93698120117188 
516.5003662109375 -73.564872741699219 410.58200073242188 
517.92718505859375 -72.53997802734375 408.27371215820312 
515.1934814453125 -71.987319946289062 412.98260498046875 
516.2357177734375 -71.137969970703125 410.68231201171875 
517.554443359375 -70.07708740234375 408.34774780273438 
515.13079833984375 -69.515487670898438 413.07855224609375 
516.08978271484375 -68.573051452636719 410.80233764648438 
517.22235107421875 -67.632797241210938 408.42898559570312 
515.09588623046875 -66.997894287109375 413.12966918945312 
515.877685546875 -65.845947265625 410.94464111328125 
529.38848876953125 -86.912033081054688 414.77999877929688 
527.04425048828125 -86.58282470703125 416.42959594726562 
535.6375732421875 -85.338279724121094 408.40545654296875 
536.7703857421875 -85.826774597167969 409.9720458984375 
519.3602294921875 -83.42779541015625 414.722900390625 
520.57501220703125 -84.1903076171875 416.65762329101562 
522.05316162109375 -84.602943420410156 418.3780517578125 
525.4434814453125 -85.992179870605469 418.3428955078125 
532.17822265625 -86.934318542480469 413.64291381835938 
534.92193603515625 -86.659049987792969 412.6434326171875 
537.43109130859375 -86.193023681640625 411.66921997070312 
538.53076171875 -85.376419067382812 408.53753662109375 
539.598876953125 -85.66558837890625 410.24929809570312 
516.86224365234375 -65.211212158203125 408.43185424804688 
541.411865234375 -84.997833251953125 408.51931762695312 
536.9102783203125 -86.545768737792969 416.39376831054688 
539.20672607421875 -85.955421447753906 414.72064208984375 
539.17657470703125 -85.863365173339844 416.87161254882812 
537.154541015625 -86.463623046875 413.85394287109375 
534.760498046875 -86.902297973632812 414.75933837890625 
534.3525390625 -86.969192504882812 416.84695434570312 
532.04400634765625 -87.100883483886719 415.548095703125 
531.98504638671875 -87.084098815917969 417.33871459960938 
539.34954833984375 -85.747161865234375 412.46401977539062 
541.2906494140625 -85.119239807128906 413.09930419921875 
541.0419921875 -85.217674255371094 415.559814453125 
529.608154296875 -86.949119567871094 416.78976440429688 
530.68023681640625 -86.858467102050781 418.5758056640625 
533.24114990234375 -86.822700500488281 418.72567749023438 
535.62078857421875 -86.519973754882812 418.62973022460938 
541.45965576171875 -85.062744140625 410.71640014648438 
528.05059814453125 -86.56951904296875 418.419189453125 
537.880126953125 -85.939903259277344 418.75689697265625 
540.6859130859375 -85.033843994140625 418.00265502929688 
540.17779541015625 -84.344291687011719 420.174560546875 
549.58001708984375 -66.925254821777344 347.26168823242188 
538.6060791015625 -82.007080078125 400.62786865234375 
541.53485107421875 -82.358673095703125 401.84197998046875 
539.6064453125 -83.177391052246094 402.71804809570312 
543.9002685546875 -82.084976196289062 402.71868896484375 
542.3963623046875 -83.324287414550781 404.39212036132812 
538.705078125 -84.187736511230469 404.49517822265625 
536.82305908203125 -83.118309020996094 402.32894897460938 
540.9871826171875 -84.277397155761719 406.15548706054688 
537.4378662109375 -84.696189880371094 406.06338500976562 
534.91607666015625 -84.01544189453125 404.0740966796875 
533.90765380859375 -84.514472961425781 405.94451904296875 
532.6986083984375 -84.066932678222656 404.9945068359375 
530.4466552734375 -83.658378601074219 405.72335815429688 
520.32965087890625 -48.610065460205078 391.1893310546875 
520.9033203125 -45.53863525390625 391.57327270507812 
521.22674560546875 -47.266056060791016 389.14404296875 
520.61444091796875 -50.270526885986328 388.95266723632812 
526.250244140625 -71.727073669433594 389.24691772460938 
526.79156494140625 -73.184486389160156 391.9422607421875 
525.09912109375 -71.007209777832031 391.54507446289062 
524.662353515625 -69.428886413574219 388.95562744140625 
519.95220947265625 -51.64654541015625 391.3175048828125 
519.8935546875 -54.599685668945312 391.6978759765625 
519.3135986328125 -52.572635650634766 393.83621215820312 
519.510986328125 -49.957706451416016 393.39276123046875 
521.79046630859375 -59.469276428222656 369.76385498046875 
521.7474365234375 -59.045253753662109 373.21002197265625 
521.63922119140625 -57.339797973632812 370.4293212890625 
521.65167236328125 -57.81878662109375 367.00115966796875 
520.35791015625 -53.164703369140625 388.98123168945312 
520.4439697265625 -55.810203552246094 388.917724609375 
524.626708984375 -67.556831359863281 381.82159423828125 
525.31201171875 -69.135551452636719 384.2808837890625 
523.96209716796875 -66.648170471191406 383.85394287109375 
525.90350341796875 -69.548294067382812 382.04998779296875 
525.4210205078125 -68.5032958984375 379.54998779296875 
524.2003173828125 -66.471427917480469 379.47933959960938 
523.40313720703125 -65.016624450683594 381.31869506835938 
524.53912353515625 -66.860359191894531 376.94003295898438 
523.24566650390625 -64.346649169921875 378.40664672851562 
522.44195556640625 -62.413082122802734 380.57327270507812 
522.81182861328125 -63.9012451171875 383.44287109375 
523.3304443359375 -65.799888610839844 385.81747436523438 
524.37750244140625 -68.143669128417969 386.494140625 
525.86895751953125 -70.492515563964844 386.58432006835938 
527.0303955078125 -71.206695556640625 383.8687744140625 
526.94671630859375 -70.525909423828125 380.59091186523438 
526.25830078125 -69.401824951171875 377.73626708984375 
525.69500732421875 -68.477989196777344 375.15240478515625 
524.25274658203125 -66.243141174316406 374.1131591796875 
523.22698974609375 -64.180984497070312 375.68402099609375 
522.37921142578125 -61.890296936035156 377.59304809570312 
521.73394775390625 -59.599456787109375 379.79931640625 
521.89794921875 -59.849925994873047 376.25717163085938 
522.34161376953125 -61.715946197509766 374.4556884765625 
523.11041259765625 -63.90167236328125 372.88763427734375 
525.324951171875 -67.856536865234375 372.36624145507812 
524.0328369140625 -65.830787658691406 371.32855224609375 
522.23272705078125 -61.442928314208984 371.7176513671875 
522.99664306640625 -63.689247131347656 370.2608642578125 
522.26239013671875 -61.671836853027344 369.212158203125 
521.58056640625 -57.665088653564453 376.669677734375 
521.60528564453125 -56.530857086181641 373.76162719726562 
522.74365234375 -63.1083984375 367.54440307617188 
521.9541015625 -60.518833160400391 367.02011108398438 
523.75079345703125 -65.309593200683594 368.57696533203125 
524.958740234375 -67.307968139648438 369.57559204101562 
523.3826904296875 -64.598617553710938 365.96914672851562 
522.42822265625 -62.342430114746094 365.04559326171875 
521.7969970703125 -59.89617919921875 364.4906005859375 
524.570556640625 -66.713279724121094 366.8023681640625 
524.0645751953125 -65.924560546875 364.4442138671875 
523.0853271484375 -64.096061706542969 363.31472778320312 
522.23968505859375 -61.9500732421875 362.40127563476562 
526.4053955078125 -69.104301452636719 370.44790649414062 
525.9044189453125 -68.469161987304688 367.54678344726562 
521.6217041015625 -57.458477020263672 363.84307861328125 
521.70538330078125 -59.652168273925781 361.66342163085938 
525.2686767578125 -67.684257507324219 364.35757446289062 
523.99346923828125 -65.924827575683594 362.00326538085938 
522.93890380859375 -63.959526062011719 360.67556762695312 
522.097900390625 -61.745502471923828 359.65869140625 
526.875732421875 -69.698448181152344 373.23138427734375 
527.40960693359375 -70.414878845214844 375.90029907226562 
528.02667236328125 -71.243011474609375 378.59237670898438 
521.9813232421875 -61.312732696533203 383.0850830078125 
522.4720458984375 -63.646064758300781 386.0789794921875 
528.50732421875 -72.042953491210938 381.5487060546875 
523.24652099609375 -66.522476196289062 388.55447387695312 
527.53033447265625 -72.311637878417969 386.68896484375 
528.9127197265625 -72.847259521484375 384.29922485351562 
523.67425537109375 -68.436332702636719 391.177978515625 
528.04583740234375 -73.484298706054688 389.442138671875 
529.54461669921875 -73.824882507324219 386.96875 
521.35455322265625 -56.828746795654297 379.98489379882812 
521.36492919921875 -58.633277893066406 383.1103515625 
521.74554443359375 -61.240531921386719 385.9659423828125 
522.17120361328125 -63.688053131103516 388.743408203125 
522.51837158203125 -65.735916137695312 391.20822143554688 
521.2193603515625 -59.262454986572266 386.47222900390625 
521.40313720703125 -61.131050109863281 388.98974609375 
521.606201171875 -63.063167572021484 391.50469970703125 
521.07086181640625 -55.737499237060547 383.07476806640625 
520.9102783203125 -56.981983184814453 385.93621826171875 
525.55694580078125 -72.588150024414062 394.06341552734375 
523.9990234375 -70.115470886230469 393.74942016601562 
522.7730712890625 -67.509445190429688 393.647216796875 
521.72833251953125 -64.811958312988281 393.97341918945312 
520.78643798828125 -58.416294097900391 389.00927734375 
520.8424072265625 -60.286079406738281 391.60369873046875 
520.91339111328125 -62.21368408203125 394.19467163085938 
520.75445556640625 -54.420387268066406 386.10568237304688 
520.2537841796875 -57.450077056884766 391.576171875 
520.22503662109375 -59.496620178222656 394.11093139648438 
520.109130859375 -61.237354278564453 396.72097778320312 
520.85040283203125 -63.878040313720703 396.79693603515625 
521.8680419921875 -66.519287109375 396.0567626953125 
522.8892822265625 -69.080436706542969 396.02880859375 
524.1322021484375 -71.534721374511719 396.14373779296875 
527.46240234375 -74.802925109863281 394.56463623046875 
525.6953125 -73.827827453613281 396.42144775390625 
528.77606201171875 -74.8402099609375 392.0546875 
530.26287841796875 -74.884742736816406 389.56912231445312 
521.13726806640625 -65.970191955566406 398.24810791015625 
521.883544921875 -68.137367248535156 398.24734497070312 
522.83245849609375 -70.446159362792969 398.2777099609375 
524.030517578125 -72.741317749023438 398.375 
525.41534423828125 -74.907554626464844 398.82504272460938 
527.11859130859375 -75.768035888671875 397.26531982421875 
531.1739501953125 -76.072563171386719 391.96810913085938 
529.807373046875 -76.32672119140625 394.26519775390625 
528.9862060546875 -76.819442749023438 396.4482421875 
528.37646484375 -77.595542907714844 398.66928100585938 
526.77105712890625 -76.999374389648438 399.7730712890625 
524.9049072265625 -75.991691589355469 400.97073364257812 
523.61334228515625 -73.820785522460938 400.54083251953125 
522.50128173828125 -71.598968505859375 400.42947387695312 
521.5880126953125 -69.321487426757812 400.42144775390625 
520.837646484375 -67.026016235351562 400.39007568359375 
520.2978515625 -64.663597106933594 399.83566284179688 
519.813232421875 -62.506103515625 399.28817749023438 
519.69415283203125 -56.886680603027344 394.08432006835938 
519.471923828125 -58.662437438964844 396.62582397460938 
519.1591796875 -60.128566741943359 399.14822387695312 
519.27630615234375 -54.73443603515625 394.5665283203125 
518.9156494140625 -56.222202301025391 396.77645874023438 
518.536865234375 -57.729450225830078 399.0328369140625 
521.56890869140625 -54.931465148925781 376.96408081054688 
521.36065673828125 -54.085186004638672 380.46206665039062 
521.15447998046875 -52.97442626953125 383.51358032226562 
520.8798828125 -51.70281982421875 386.43075561523438 
518.54193115234375 -53.627635955810547 396.76223754882812 
518.7442626953125 -51.056812286376953 395.70404052734375 
522.94305419921875 -74.886283874511719 402.57696533203125 
521.91705322265625 -72.792900085449219 402.55047607421875 
521.05938720703125 -70.544151306152344 402.55856323242188 
520.37042236328125 -68.208206176757812 402.52337646484375 
519.81634521484375 -65.846122741699219 402.31649780273438 
519.3114013671875 -63.587093353271484 401.99594116210938 
518.74969482421875 -61.374893188476562 401.6920166015625 
518.01812744140625 -55.334041595458984 399.02481079101562 
518.0850830078125 -59.033096313476562 401.48550415039062 
517.4505615234375 -56.703964233398438 401.3572998046875 
518.001708984375 -51.666419982910156 397.87191772460938 
517.52838134765625 -53.105258941650391 399.44122314453125 
516.8997802734375 -54.402957916259766 401.45046997070312 
526.96746826171875 -69.445838928222656 365.82684326171875 
527.71533203125 -70.190666198730469 368.53164672851562 
528.2122802734375 -70.698951721191406 371.21389770507812 
528.740966796875 -71.243904113769531 373.90682983398438 
529.3829345703125 -71.916450500488281 376.56985473632812 
530.04974365234375 -72.629043579101562 379.31765747070312 
530.7012939453125 -73.356483459472656 382.0372314453125 
531.3443603515625 -74.116325378417969 384.64071655273438 
532.09344482421875 -74.9619140625 387.18630981445312 
532.9317626953125 -75.898284912109375 389.65011596679688 
524.1302490234375 -76.933990478515625 402.85769653320312 
526.1956787109375 -78.129707336425781 401.81146240234375 
528.4049072265625 -79.135993957519531 400.8817138671875 
530.1798095703125 -78.690986633300781 398.61569213867188 
531.19775390625 -77.997611999511719 396.41079711914062 
532.35504150390625 -77.404556274414062 394.21609497070312 
533.9661865234375 -76.951377868652344 392.01666259765625 
521.87713623046875 -52.139972686767578 378.46615600585938 
521.757080078125 -51.226604461669922 381.32888793945312 
521.59100341796875 -50.120582580566406 384.10903930664062 
521.40301513671875 -48.805366516113281 386.73336791992188 
519.80743408203125 -47.373184204101562 393.42526245117188 
522.1016845703125 -44.490802764892578 389.4493408203125 
522.31475830078125 -45.962516784667969 387.05874633789062 
522.43768310546875 -47.263969421386719 384.62203979492188 
522.56512451171875 -48.37445068359375 382.09835815429688 
522.6297607421875 -49.348224639892578 379.49755859375 
522.06805419921875 -76.011589050292969 404.45663452148438 
521.1124267578125 -74.039054870605469 404.44253540039062 
520.3182373046875 -71.87744140625 404.49612426757812 
519.67974853515625 -69.524177551269531 404.53677368164062 
519.18096923828125 -67.130416870117188 404.4713134765625 
518.72332763671875 -64.807098388671875 404.33450317382812 
518.18536376953125 -62.513458251953125 404.14306640625 
517.53985595703125 -60.221744537353516 403.93289184570312 
518.8787841796875 -48.583351135253906 395.57254028320312 
517.9765625 -49.485927581787109 397.752197265625 
517.11785888671875 -50.645118713378906 399.82907104492188 
516.389404296875 -51.953712463378906 401.62643432617188 
516.8333740234375 -57.914993286132812 403.74578857421875 
516.20343017578125 -55.605720520019531 403.62921142578125 
515.6522216796875 -53.183238983154297 403.66903686523438 
519.9615478515625 -45.158485412597656 394.07284545898438 
518.99176025390625 -46.156063079833984 395.876220703125 
518.003662109375 -47.155418395996094 397.8072509765625 
516.986083984375 -48.177654266357422 399.81451416015625 
516.0177001953125 -49.323497772216797 401.7816162109375 
515.157470703125 -50.551197052001953 403.73916625976562 
523.0994873046875 -77.78558349609375 404.641845703125 
524.9306640625 -78.950004577636719 403.90512084960938 
526.9866943359375 -80.100509643554688 403.22494506835938 
521.863037109375 -42.779155731201172 391.7186279296875 
520.6265869140625 -43.161235809326172 393.83193969726562 
519.29345703125 -43.639873504638672 396.11737060546875 
518.12213134765625 -44.644428253173828 397.97793579101562 
516.97802734375 -45.7288818359375 399.79873657226562 
529.14208984375 -81.002182006835938 402.5877685546875 
530.771240234375 -80.251861572265625 400.52890014648438 
515.804931640625 -46.693572998046875 401.83090209960938 
514.7108154296875 -47.737812042236328 403.8328857421875 
513.90478515625 -48.980628967285156 405.86712646484375 
514.400634765625 -51.72998046875 405.811767578125 
514.88299560546875 -54.3304443359375 405.78094482421875 
515.512451171875 -56.733135223388672 405.88644409179688 
516.22686767578125 -59.077457427978516 406.05642700195312 
516.93377685546875 -61.441951751708984 406.21759033203125 
517.543212890625 -63.828289031982422 406.31893920898438 
518.00714111328125 -66.216163635253906 406.44268798828125 
518.41888427734375 -68.621551513671875 406.47396850585938 
518.87774658203125 -71.053237915039062 406.42388916015625 
519.458251953125 -73.369560241699219 406.3448486328125 
520.2508544921875 -75.559707641601562 406.26455688476562 
521.41448974609375 -77.621673583984375 406.27960205078125 
523.145263671875 -79.448875427246094 406.0198974609375 
525.2357177734375 -80.826225280761719 405.57791137695312 
527.62591552734375 -82.104667663574219 405.13229370117188 
530.2449951171875 -82.593505859375 403.917724609375 
531.6357421875 -81.740348815917969 402.00509643554688 
526.44024658203125 -68.921974182128906 362.88235473632812 
525.01116943359375 -67.425628662109375 361.103759765625 
523.8013916015625 -65.720840454101562 359.13400268554688 
521.58740234375 -57.239864349365234 360.8701171875 
521.615966796875 -59.385555267333984 358.81539916992188 
522.7750244140625 -63.773391723632812 357.98178100585938 
521.93145751953125 -61.425872802734375 356.91250610351562 
522.5220947265625 -63.369586944580078 355.5633544921875 
523.63641357421875 -65.606552124023438 356.0001220703125 
524.87725830078125 -67.318458557128906 358.134521484375 
526.3388671875 -68.833442687988281 360.0345458984375 
532.49468994140625 -79.596694946289062 398.4757080078125 
533.74334716796875 -78.833770751953125 396.38766479492188 
535.1668701171875 -78.1175537109375 394.30636596679688 
526.4024658203125 -68.902671813964844 357.453125 
524.9931640625 -67.53741455078125 355.42626953125 
524.111083984375 -66.480453491210938 353.09130859375 
522.82940673828125 -64.221328735351562 353.364990234375 
521.858642578125 -61.479663848876953 353.9149169921875 
521.52618408203125 -59.191204071044922 355.98770141601562 
521.5419921875 -57.085464477539062 357.99636840820312 
519.883056640625 -41.361560821533203 396.159423828125 
521.445556640625 -40.821937561035156 394.07000732421875 
523.01953125 -40.291191101074219 392.1551513671875 
523.31494140625 -41.924343109130859 389.836669921875 
523.50885009765625 -43.345649719238281 387.52066040039062 
523.62017822265625 -44.613330841064453 385.12539672851562 
523.7352294921875 -45.69671630859375 382.68365478515625 
523.78253173828125 -46.674903869628906 380.23483276367188 
533.37017822265625 -81.048683166503906 400.2581787109375 
532.6571044921875 -83.054252624511719 403.32846069335938 
534.369140625 -82.51678466796875 401.969970703125 
534.99676513671875 -80.233428955078125 398.4073486328125 
536.024169921875 -81.656791687011719 400.3170166015625 
536.4698486328125 -79.353195190429688 396.49374389648438 
522.54144287109375 -38.469882965087891 394.4696044921875 
520.69354248046875 -39.03533935546875 396.30459594726562 
518.3404541015625 -42.095169067382812 398.23861694335938 
518.84027099609375 -39.780982971191406 398.32373046875 
537.69293212890625 -80.664108276367188 398.61068725585938 
526.59515380859375 -69.081024169921875 355.11627197265625 
525.80438232421875 -68.421157836914062 352.86279296875 
523.25885009765625 -65.228660583496094 350.88803100585938 
524.9632568359375 -67.647773742675781 350.30673217773438 
523.53289794921875 -65.854484558105469 348.3935546875 
524.94561767578125 -67.7490234375 347.35501098632812 
523.6063232421875 -66.177253723144531 345.65280151367188 
524.8695068359375 -67.822212219238281 344.36697387695312 
523.5531005859375 -66.330718994140625 342.77734375 
524.7811279296875 -67.914176940917969 341.4437255859375 
523.40863037109375 -66.347702026367188 339.99356079101562 
524.65789794921875 -67.992523193359375 338.6220703125 
523.26971435546875 -66.387802124023438 337.26473999023438 
524.5379638671875 -68.0623779296875 335.88961791992188 
523.1414794921875 -66.447036743164062 334.58209228515625 
524.41217041015625 -68.161666870117188 333.1732177734375 
523.01531982421875 -66.548370361328125 331.90048217773438 
524.2784423828125 -68.252769470214844 330.43923950195312 
522.8834228515625 -66.682876586914062 329.21109008789062 
524.12457275390625 -68.361793518066406 327.60208129882812 
522.7562255859375 -66.832504272460938 326.53280639648438 
523.9854736328125 -68.495521545410156 324.57305908203125 
522.50958251953125 -66.763031005859375 324.05511474609375 
523.14007568359375 -67.889144897460938 321.78347778320312 
522.06536865234375 -66.391227722167969 321.68777465820312 
524.43389892578125 -69.218147277832031 321.38824462890625 
523.3565673828125 -68.486671447753906 318.829345703125 
522.15069580078125 -66.865463256835938 319.37167358398438 
519.6571044921875 -37.544517517089844 398.35382080078125 
521.85198974609375 -36.5675048828125 396.6868896484375 
521.429443359375 -58.786815643310547 353.52841186523438 
521.5115966796875 -56.674739837646484 355.30697631835938 
520.46160888671875 -35.461353302001953 398.73080444335938 
522.09661865234375 -62.580600738525391 351.20175170898438 
521.58172607421875 -60.417095184326172 351.42434692382812 
521.3614501953125 -58.118587493896484 351.21908569335938 
521.5406494140625 -56.135421752929688 352.90280151367188 
522.2457275390625 -67.392951965332031 316.86614990234375 
522.235107421875 -67.707756042480469 314.39151000976562 
522.3055419921875 -63.3599853515625 348.870849609375 
522.49261474609375 -64.033363342285156 346.44448852539062 
522.616455078125 -64.563430786132812 343.94192504882812 
521.80523681640625 -34.088115692138672 398.57833862304688 
523.50799560546875 -34.3314208984375 397.09991455078125 
524.01837158203125 -36.317790985107422 394.93853759765625 
524.435302734375 -38.108791351318359 392.7254638671875 
524.76702880859375 -39.639110565185547 390.48098754882812 
524.98468017578125 -40.991561889648438 388.18521118164062 
525.09698486328125 -42.243827819824219 385.826416015625 
517.04876708984375 -43.279335021972656 399.93255615234375 
515.7825927734375 -44.346122741699219 401.644287109375 
514.42254638671875 -44.920875549316406 403.87115478515625 
513.4161376953125 -46.012287139892578 406.04248046875 
522.45721435546875 -64.5467529296875 341.28570556640625 
522.3021240234375 -64.542350769042969 338.62060546875 
522.15869140625 -64.584129333496094 335.96701049804688 
522.025146484375 -64.660774230957031 333.34548950195312 
521.8970947265625 -64.765548706054688 330.73245239257812 
521.76763916015625 -64.869407653808594 328.10696411132812 
521.63360595703125 -64.977409362792969 325.49209594726562 
521.4744873046875 -65.046989440917969 322.86968994140625 
521.28985595703125 -65.091667175292969 320.25961303710938 
521.2010498046875 -65.389244079589844 317.69183349609375 
521.22406005859375 -65.970176696777344 315.1539306640625 
525.19268798828125 -43.319393157958984 383.4014892578125 
525.23931884765625 -44.337184906005859 380.93994140625 
517.15576171875 -40.5948486328125 400.17593383789062 
517.7772216796875 -38.028717041015625 400.17572021484375 
518.921630859375 -35.549266815185547 400.11724853515625 
522.0540771484375 -67.820419311523438 312.03506469726562 
521.5028076171875 -56.007675170898438 350.48675537109375 
521.1458740234375 -66.276710510253906 312.581787109375 
520.39300537109375 -33.304004669189453 400.24960327148438 
521.25152587890625 -66.914955139160156 310.12716674804688 
522.90924072265625 -32.330520629882812 399.31915283203125 
521.29669189453125 -31.840341567993164 400.85470581054688 
522.26910400390625 -30.517045974731445 401.628662109375 
553.7908935546875 -71.77423095703125 399.52420043945312 
553.12689208984375 -72.716621398925781 396.79071044921875 
554.201904296875 -70.922531127929688 396.98553466796875 
554.83984375 -69.637725830078125 399.43545532226562 
554.198974609375 -70.070655822753906 402.0821533203125 
552.433837890625 -73.993896484375 398.6419677734375 
552.73126220703125 -73.427200317382812 400.8541259765625 
551.61138916015625 -75.228607177734375 400.77359008789062 
551.85546875 -74.306869506835938 403.07257080078125 
553.1302490234375 -72.1070556640625 402.59402465820312 
555.64447021484375 -67.465538024902344 399.01577758789062 
555.157470703125 -67.828742980957031 401.75213623046875 
555.15362548828125 -68.950157165527344 396.73760986328125 
551.7359619140625 -74.400642395019531 396.2098388671875 
550.681884765625 -76.013137817382812 398.38253784179688 
550.451171875 -76.841506958007812 401.113037109375 
550.64678955078125 -76.367813110351562 403.24310302734375 
549.2584228515625 -77.867195129394531 400.02157592773438 
549.29974365234375 -78.364105224609375 403.04397583007812 
547.8746337890625 -79.471244812011719 401.5753173828125 
547.449951171875 -80.270355224609375 403.78924560546875 
555.7469482421875 -66.884422302246094 396.21774291992188 
546.11700439453125 -81.004898071289062 402.73263549804688 
544.98089599609375 -82.062835693359375 404.24667358398438 
546.13824462890625 -81.418960571289062 405.53451538085938 
548.0545654296875 -79.539909362792969 405.34127807617188 
556.112060546875 -65.30389404296875 398.52911376953125 
555.78204345703125 -65.590187072753906 401.15731811523438 
556.17681884765625 -64.552909851074219 395.90118408203125 
555.75634765625 -66.241676330566406 393.62826538085938 
549.52484130859375 -77.474624633789062 405.39950561523438 
550.780517578125 -75.280975341796875 405.29681396484375 
551.95013427734375 -73.016937255859375 405.05157470703125 
553.09649658203125 -70.631202697753906 404.80783081054688 
554.20697021484375 -68.11614990234375 404.40045166015625 
543.72296142578125 -83.017486572265625 405.85012817382812 
555.1427001953125 -65.515098571777344 403.758056640625 
556.00921630859375 -63.7349853515625 393.34329223632812 
528.0546875 -30.824686050415039 419.55230712890625 
530.12420654296875 -28.544355392456055 418.97244262695312 
528.038330078125 -28.596834182739258 418.73709106445312 
530.59149169921875 -30.969614028930664 419.91754150390625 
532.33306884765625 -28.638866424560547 419.21102905273438 
533.19647216796875 -30.982486724853516 420.25674438476562 
534.5885009765625 -28.781091690063477 419.39886474609375 
535.85333251953125 -31.096893310546875 420.59771728515625 
525.72406005859375 -29.937673568725586 418.94033813476562 
539.69598388671875 -29.817609786987305 419.54800415039062 
540.4964599609375 -32.379405975341797 421.33828735351562 
542.03936767578125 -30.878189086914062 419.61856079101562 
538.156982421875 -31.724842071533203 421.04336547851562 
537.17388916015625 -29.118478775024414 419.51092529296875 
542.93218994140625 -33.087528228759766 421.35665893554688 
528.3092041015625 -27.32966423034668 417.97286987304688 
530.78204345703125 -27.182989120483398 418.13601684570312 
528.99249267578125 -26.188449859619141 416.69390869140625 
531.6480712890625 -26.174409866333008 416.75234985351562 
526.46514892578125 -26.642345428466797 416.79885864257812 
525.9263916015625 -28.14134407043457 418.12338256835938 
533.32000732421875 -27.329906463623047 418.273193359375 
534.48809814453125 -26.557624816894531 416.78759765625 
536.103271484375 -27.735073089599609 418.2869873046875 
537.436279296875 -27.356651306152344 416.68185424804688 
524.25909423828125 -27.39460563659668 416.96868896484375 
523.71240234375 -29.179197311401367 418.2252197265625 
522.3179931640625 -28.226511001586914 417.05752563476562 
521.120361328125 -29.873079299926758 417.9395751953125 
517.290771484375 -32.639122009277344 417.77029418945312 
519.4046630859375 -34.158363342285156 419.38247680664062 
519.14996337890625 -31.230777740478516 417.99710083007812 
517.1187744140625 -34.583400726318359 418.73336791992188 
521.49713134765625 -32.570404052734375 419.20843505859375 
523.601318359375 -31.205224990844727 419.04629516601562 
515.48101806640625 -34.634986877441406 417.52850341796875 
517.6275634765625 -36.228492736816406 419.64572143554688 
515.6934814453125 -36.666614532470703 418.86538696289062 
535.83734130859375 -26.564741134643555 415.07162475585938 
532.8267822265625 -25.843902587890625 415.08328247070312 
529.91766357421875 -25.633094787597656 415.095703125 
527.0860595703125 -25.839797973632812 415.151611328125 
524.6861572265625 -26.308374404907227 415.23748779296875 
522.470458984375 -27.058334350585938 415.35763549804688 
520.60009765625 -28.117849349975586 415.56600952148438 
518.6934814453125 -29.539581298828125 415.66802978515625 
516.945556640625 -31.245607376098633 415.65084838867188 
515.39849853515625 -33.253910064697266 415.67355346679688 
538.9918212890625 -28.514873504638672 418.02236938476562 
514.061279296875 -35.625339508056641 415.86669921875 
514.17205810546875 -37.011333465576172 417.7218017578125 
538.718994140625 -27.826583862304688 415.06646728515625 
540.32855224609375 -28.675786972045898 416.08477783203125 
541.68695068359375 -29.550079345703125 417.2562255859375 
516.20245361328125 -38.736930847167969 419.90066528320312 
514.5487060546875 -39.042491912841797 419.04595947265625 
515.18133544921875 -41.543178558349609 420.02777099609375 
520.43505859375 -30.695919036865234 403.19552612304688 
519.3343505859375 -32.232570648193359 402.49343872070312 
516.747802734375 -34.711448669433594 403.97564697265625 
517.65533447265625 -32.823307037353516 404.53732299804688 
518.41876220703125 -33.862728118896484 402.07086181640625 
516.56781005859375 -33.385272979736328 406.6817626953125 
518.12841796875 -31.548128128051758 406.81793212890625 
519.94757080078125 -30.11009407043457 405.6624755859375 
521.72076416015625 -29.43242073059082 403.98480224609375 
518.86553955078125 -31.345342636108398 404.583740234375 
519.47515869140625 -30.148569107055664 408.0772705078125 
521.49957275390625 -28.848785400390625 406.37322998046875 
519.12322998046875 -30.102462768554688 410.31063842773438 
521.341064453125 -28.63233757019043 408.78070068359375 
516.9278564453125 -31.584804534912109 411.53720092773438 
518.75189208984375 -29.708408355712891 412.2825927734375 
517.2275390625 -31.95550537109375 409.20547485351562 
520.66204833984375 -28.133684158325195 413.34124755859375 
518.60589599609375 -29.426548004150391 414.19131469726562 
521.0914306640625 -28.479812622070312 411.17086791992188 
515.0946044921875 -33.410964965820312 413.46420288085938 
515.358154296875 -33.743843078613281 411.09637451171875 
513.826416015625 -35.827445983886719 413.26202392578125 
516.70550537109375 -31.286813735961914 413.6697998046875 
514.5565185546875 -36.314094543457031 408.018310546875 
515.54669189453125 -34.242954254150391 408.6964111328125 
515.43511962890625 -35.639011383056641 405.903564453125 
514.1383056640625 -36.258869171142578 410.63021850585938 
512.1793212890625 -41.176170349121094 412.73867797851562 
512.28076171875 -39.901477813720703 414.83737182617188 
513.109375 -38.28125 412.323974609375 
513.768310546875 -38.676639556884766 408.99298095703125 
512.9482421875 -40.324367523193359 410.64773559570312 
512.16912841796875 -41.628353118896484 416.72702026367188 
513.01531982421875 -39.207435607910156 417.23443603515625 
513.50518798828125 -41.316337585449219 418.76461791992188 
512.7384033203125 -43.623931884765625 418.09805297851562 
511.72384643554688 -42.907371520996094 414.76309204101562 
511.92022705078125 -44.83135986328125 416.509765625 
513.0745849609375 -37.547977447509766 415.18218994140625 
511.9141845703125 -44.0477294921875 412.57772827148438 
511.68011474609375 -45.913333892822266 414.47393798828125 
511.94781494140625 -46.568546295166016 412.2427978515625 
512.45733642578125 -42.923088073730469 410.46310424804688 
512.33758544921875 -45.759567260742188 410.15005493164062 
513.16522216796875 -41.620231628417969 408.36758422851562 
512.774169921875 -44.546909332275391 408.16415405273438 
513.89373779296875 -40.541614532470703 406.24713134765625 
513.51983642578125 -43.255393981933594 406.0673828125 
514.62298583984375 -42.357669830322266 403.82437133789062 
514.48919677734375 -38.119499206542969 406.18173217773438 
514.9654541015625 -39.792675018310547 403.89105224609375 
515.91961669921875 -41.634323120117188 401.759765625 
516.28265380859375 -38.920738220214844 401.89260864257812 
515.62274169921875 -37.222835540771484 403.95016479492188 
517.1573486328125 -36.285354614257812 401.97457885742188 
512.17919921875 -47.832553863525391 416.15420532226562 
512.94732666015625 -46.176433563232422 418.13626098632812 
514.09161376953125 -44.096149444580078 419.431640625 
535.035400390625 -80.171554565429688 424.25155639648438 
534.31060791015625 -82.895156860351562 423.23199462890625 
537.2554931640625 -81.155158996582031 423.72268676757812 
538.163330078125 -78.33831787109375 424.46728515625 
531.7764892578125 -56.901111602783203 428.11346435546875 
532.00689697265625 -60.019355773925781 427.99227905273438 
534.45086669921875 -58.120765686035156 427.45733642578125 
533.83148193359375 -54.639320373535156 427.819091796875 
519.19927978515625 -51.906452178955078 423.57196044921875 
520.30078125 -54.20050048828125 425.1461181640625 
521.1661376953125 -51.015235900878906 424.8948974609375 
520.10430908203125 -48.514621734619141 423.5458984375 
520.3319091796875 -76.456504821777344 423.37063598632812 
518.696533203125 -78.4625244140625 421.77822875976562 
522.16571044921875 -78.45367431640625 423.44403076171875 
524.3294677734375 -75.987922668457031 424.35403442382812 
539.16552734375 -75.497024536132812 424.84567260742188 
535.751708984375 -77.431610107421875 424.79684448242188 
538.92926025390625 -52.398872375488281 427.09286499023438 
536.7696533203125 -55.395622253417969 427.084228515625 
540.15863037109375 -54.904617309570312 426.46096801757812 
542.17840576171875 -52.638309478759766 426.41314697265625 
540.66259765625 -47.56170654296875 426.68344116210938 
543.1741943359375 -45.592254638671875 425.96994018554688 
539.99755859375 -45.286247253417969 426.0980224609375 
537.24444580078125 -47.141269683837891 426.832763671875 
529.5897216796875 -50.7811279296875 428.14175415039062 
531.6375732421875 -48.553085327148438 427.7857666015625 
528.15826416015625 -48.319164276123047 427.50869750976562 
532.85870361328125 -51.277839660644531 428.12527465820312 
530.96429443359375 -53.6802978515625 428.30105590820312 
535.856689453125 -52.026084899902344 427.6497802734375 
534.90618896484375 -49.033985137939453 427.65802001953125 
530.27435302734375 -46.616054534912109 426.9613037109375 
533.5992431640625 -46.309886932373047 426.66482543945312 
538.1337890625 -49.686691284179688 427.32257080078125 
539.12677001953125 -57.476383209228516 426.26315307617188 
537.0345458984375 -59.242290496826172 426.60964965820312 
529.24737548828125 -55.867301940917969 428.31207275390625 
529.227783203125 -58.633831024169922 428.35336303710938 
534.650146484375 -61.764198303222656 427.05609130859375 
527.80029296875 -53.320266723632812 428.08306884765625 
526.74298095703125 -56.317264556884766 428.16888427734375 
526.31610107421875 -50.591678619384766 427.52151489257812 
524.9876708984375 -53.335742950439453 427.39678955078125 
530.33013916015625 -44.654453277587891 425.75747680664062 
527.23858642578125 -45.788097381591797 426.23052978515625 
525.22833251953125 -47.911373138427734 426.56399536132812 
523.55963134765625 -50.553825378417969 426.35818481445312 
529.00836181640625 -61.300586700439453 428.03875732421875 
531.46563720703125 -62.82861328125 427.5521240234375 
526.2164306640625 -59.269432067871094 428.1292724609375 
524.2535400390625 -56.231346130371094 427.62985229492188 
522.57257080078125 -53.427864074707031 426.34344482421875 
521.6983642578125 -56.131755828857422 426.55499267578125 
522.72698974609375 -58.575782775878906 427.31509399414062 
523.95574951171875 -60.973251342773438 427.40432739257812 
526.25164794921875 -62.460788726806641 427.5313720703125 
528.51104736328125 -64.274330139160156 427.32418823242188 
521.141357421875 -60.837753295898438 426.55349731445312 
523.1060791015625 -63.51092529296875 426.68035888671875 
525.54949951171875 -65.543403625488281 426.66033935546875 
519.7161865234375 -57.708576202392578 425.74710083007812 
518.94049072265625 -60.880325317382812 425.43496704101562 
520.42626953125 -63.750598907470703 425.77828979492188 
522.31353759765625 -66.29644775390625 425.84393310546875 
530.712890625 -65.745124816894531 426.84921264648438 
528.20233154296875 -67.61322021484375 426.40127563476562 
524.62298583984375 -68.283645629882812 425.86697387695312 
519.59442138671875 -66.674026489257812 424.88742065429688 
521.46112060546875 -69.04241943359375 425.0439453125 
518.30609130859375 -63.887027740478516 424.72137451171875 
533.393798828125 -65.061622619628906 426.74765014648438 
531.65838623046875 -68.215972900390625 426.27651977539062 
529.6605224609375 -70.711250305175781 425.80935668945312 
526.696044921875 -70.26031494140625 425.70181274414062 
523.70867919921875 -71.305572509765625 425.101806640625 
538.14166259765625 -62.312026977539062 426.03323364257812 
536.1673583984375 -64.768997192382812 426.30191040039062 
534.78485107421875 -67.856201171875 426.06472778320312 
533.00897216796875 -70.754310607910156 425.79718017578125 
526.57086181640625 -73.200965881347656 425.11273193359375 
530.74957275390625 -73.325973510742188 425.41140747070312 
518.44329833984375 -55.202312469482422 423.91668701171875 
517.74566650390625 -58.177272796630859 424.18682861328125 
517.09344482421875 -61.141429901123047 423.92706298828125 
516.5233154296875 -63.925117492675781 423.29034423828125 
517.43304443359375 -66.664787292480469 423.72100830078125 
518.62408447265625 -69.277641296386719 423.93716430664062 
520.2921142578125 -71.739540100097656 424.16891479492188 
522.40478515625 -73.970657348632812 424.357421875 
516.14630126953125 -58.990226745605469 422.376220703125 
515.613525390625 -61.608604431152344 422.06747436523438 
515.1612548828125 -63.990604400634766 421.592529296875 
515.63104248046875 -66.38714599609375 422.11788940429688 
516.31390380859375 -69.033584594726562 422.47076416015625 
517.36981201171875 -71.676742553710938 422.79742431640625 
518.79937744140625 -74.159317016601562 423.141845703125 
528.34893798828125 -75.565544128417969 424.90576171875 
539.1453857421875 -65.118255615234375 425.58367919921875 
537.83001708984375 -67.662078857421875 425.6502685546875 
536.3759765625 -70.421478271484375 425.6156005859375 
534.4345703125 -73.05792236328125 425.4283447265625 
532.676513671875 -75.887123107910156 425.06570434570312 
540.3712158203125 -60.477123260498047 425.56683349609375 
541.77880859375 -63.6964111328125 424.955078125 
540.89605712890625 -67.247413635253906 425.03536987304688 
539.51275634765625 -70.148933410644531 425.22259521484375 
537.9327392578125 -72.784469604492188 425.30596923828125 
536.10089111328125 -75.005256652832031 425.15576171875 
543.61920166015625 -66.852088928222656 424.25244140625 
542.373046875 -69.970413208007812 424.54061889648438 
540.9698486328125 -72.786865234375 424.77334594726562 
532.61907958984375 -78.909744262695312 424.57135009765625 
529.85443115234375 -77.699424743652344 424.67929077148438 
522.4451904296875 -47.864952087402344 425.08404541015625 
516.82501220703125 -56.185394287109375 422.42239379882812 
517.55889892578125 -53.004116058349609 422.27011108398438 
518.1087646484375 -49.665409088134766 422.06112670898438 
524.377197265625 -45.386142730712891 425.0977783203125 
521.7679443359375 -45.201225280761719 423.76116943359375 
519.0419921875 -46.322528839111328 422.42901611328125 
526.15106201171875 -78.135513305664062 424.27401733398438 
517.32135009765625 -76.033798217773438 421.5953369140625 
516.1407470703125 -73.614181518554688 421.1650390625 
515.29083251953125 -70.956336975097656 420.719482421875 
514.74359130859375 -68.267875671386719 420.34103393554688 
514.4063720703125 -65.609214782714844 419.8857421875 
514.4656982421875 -62.785850524902344 419.87347412109375 
514.9398193359375 -60.169113159179688 420.38931274414062 
515.41485595703125 -57.415615081787109 420.64395141601562 
515.90228271484375 -54.347133636474609 420.64352416992188 
516.34442138671875 -51.165134429931641 420.66000366210938 
514.447509765625 -58.889751434326172 418.66281127929688 
514.68603515625 -56.009422302246094 418.869873046875 
514.76239013671875 -53.011070251464844 418.97463989257812 
516.722412109375 -47.742275238037109 420.86224365234375 
514.9058837890625 -50.087337493896484 419.28900146484375 
527.2294921875 -43.690322875976562 424.74868774414062 
524.68572998046875 -43.068672180175781 423.7960205078125 
522.76800537109375 -42.288524627685547 422.96832275390625 
520.45166015625 -43.127696990966797 422.55471801757812 
517.91864013671875 -44.154304504394531 421.61679077148438 
533.288818359375 -43.824993133544922 425.30682373046875 
536.48028564453125 -44.823616027832031 425.88189697265625 
542.0155029296875 -57.931495666503906 425.5606689453125 
542.99517822265625 -55.432170867919922 425.82373046875 
541.40826416015625 -50.000030517578125 426.76980590820312 
530.28497314453125 -42.536567687988281 424.25216674804688 
527.528076171875 -41.500259399414062 423.28021240234375 
543.5384521484375 -60.813022613525391 424.69705200195312 
545.184326171875 -57.9163818359375 424.80648803710938 
544.96527099609375 -53.947101593017578 425.51138305664062 
544.40325927734375 -50.731689453125 425.98150634765625 
543.8868408203125 -48.036758422851562 426.14669799804688 
542.28521728515625 -43.291740417480469 425.406005859375 
539.2576904296875 -43.055091857910156 425.21875 
536.09832763671875 -42.448631286621094 424.63687133789062 
533.2183837890625 -41.431888580322266 423.76226806640625 
530.40240478515625 -40.232086181640625 422.8323974609375 
525.08984375 -40.659725189208984 422.5416259765625 
527.7113037109375 -39.211830139160156 422.09432983398438 
522.32391357421875 -40.288307189941406 421.97964477539062 
519.4136962890625 -41.224842071533203 421.66207885742188 
525.045654296875 -38.483112335205078 421.5682373046875 
527.59515380859375 -36.878395080566406 421.1566162109375 
530.27447509765625 -37.771530151367188 421.7481689453125 
533.0233154296875 -39.018375396728516 422.5216064453125 
520.53363037109375 -38.895664215087891 421.19363403320312 
522.6007080078125 -37.551921844482422 421.00885009765625 
524.81219482421875 -36.066982269287109 420.694580078125 
530.014892578125 -35.184921264648438 420.88961791992188 
527.06573486328125 -34.469375610351562 420.43582153320312 
532.6397705078125 -36.631721496582031 421.62362670898438 
544.859375 -63.950511932373047 424.00900268554688 
528.8197021484375 -79.957107543945312 424.18899536132812 
524.75555419921875 -80.392158508300781 423.54193115234375 
521.311767578125 -80.546493530273438 422.410400390625 
531.66546630859375 -81.414649963378906 423.98373413085938 
527.70550537109375 -82.046150207519531 423.54605102539062 
524.13543701171875 -82.397491455078125 422.49972534179688 
530.70343017578125 -83.569557189941406 423.0042724609375 
527.1959228515625 -84.106819152832031 422.19305419921875 
546.34039306640625 -61.278331756591797 423.84130859375 
540.3216552734375 -79.7894287109375 423.63705444335938 
541.57708740234375 -77.303718566894531 424.00225830078125 
542.7947998046875 -74.942138671875 424.0145263671875 
544.1182861328125 -72.482002258300781 423.7958984375 
545.25823974609375 -69.728591918945312 423.45523071289062 
546.4910888671875 -67.017425537109375 423.0513916015625 
547.7291259765625 -64.412567138671875 422.74066162109375 
514.62701416015625 -47.246711730957031 419.48101806640625 
515.9078369140625 -44.601402282714844 420.57302856445312 
524.31243896484375 -84.538803100585938 420.62100219726562 
521.61761474609375 -82.869606018066406 420.855224609375 
519.13897705078125 -81.023536682128906 420.4959716796875 
535.75604248046875 -39.962833404541016 423.30126953125 
538.58197021484375 -40.638656616210938 424.07012939453125 
541.44342041015625 -40.908435821533203 424.57443237304688 
535.24407958984375 -37.533660888671875 422.30499267578125 
537.88177490234375 -38.214492797851562 423.04345703125 
540.587158203125 -38.545806884765625 423.6690673828125 
547.210205078125 -55.545192718505859 424.4698486328125 
546.9134521484375 -51.985637664794922 424.93392944335938 
546.74322509765625 -48.847248077392578 425.11251831054688 
546.355224609375 -46.15020751953125 425.19696044921875 
545.4468994140625 -43.681247711181641 425.12237548828125 
544.437255859375 -41.372188568115234 424.69070434570312 
543.3289794921875 -38.966037750244141 423.99038696289062 
517.08062744140625 -41.467510223388672 420.95364379882812 
518.30877685546875 -38.793773651123047 420.69906616210938 
520.025146484375 -36.603412628173828 420.35189819335938 
522.052490234375 -35.040248870849609 420.09420776367188 
524.14642333984375 -33.5946044921875 419.86398315429688 
528.940185546875 -32.840744018554688 420.19110107421875 
526.1473388671875 -32.149154663085938 419.6939697265625 
532.58111572265625 -34.527194976806641 421.04327392578125 
534.80181884765625 -35.136924743652344 421.56988525390625 
537.153076171875 -35.750881195068359 422.20791625976562 
539.656005859375 -36.208786010742188 422.81646728515625 
542.2333984375 -36.626926422119141 423.17007446289062 
514.15045166015625 -61.643543243408203 418.04742431640625 
514.0799560546875 -60.393657684326172 416.5263671875 
514.1304931640625 -57.751945495605469 416.95028686523438 
513.96234130859375 -54.964153289794922 417.13162231445312 
514.0987548828125 -59.397666931152344 414.85162353515625 
513.819580078125 -56.834503173828125 415.00735473632812 
513.62139892578125 -52.101509094238281 417.348876953125 
513.322265625 -54.138179779052734 415.162841796875 
513.334228515625 -49.268898010253906 417.71292114257812 
512.724853515625 -51.337482452392578 415.43063354492188 
531.46099853515625 -32.856475830078125 420.49148559570312 
534.08135986328125 -32.820484161376953 420.89410400390625 
536.39312744140625 -33.329639434814453 421.42327880859375 
538.776123046875 -33.874046325683594 421.964111328125 
541.17572021484375 -34.407627105712891 422.31005859375 
514.2210693359375 -61.618473052978516 414.55429077148438 
514.102783203125 -63.163177490234375 415.64532470703125 
514.00714111328125 -64.44866943359375 417.68829345703125 
514.123779296875 -67.061935424804688 417.96640014648438 
514.34173583984375 -69.691207885742188 418.177490234375 
514.6219482421875 -72.225845336914062 418.32138061523438 
515.1326904296875 -74.628852844238281 418.79217529296875 
515.9749755859375 -76.988861083984375 419.22149658203125 
516.97991943359375 -79.241783142089844 419.14776611328125 
537.66400146484375 -83.349739074707031 422.4044189453125 
539.55621337890625 -82.255012512207031 422.60208129882812 
548.10400390625 -58.892642974853516 423.53701782226562 
549.05535888671875 -61.968318939208984 422.43658447265625 
536.3643798828125 -84.652412414550781 421.601318359375 
533.1595458984375 -85.10528564453125 421.68991088867188 
530.31292724609375 -85.563285827636719 421.18966674804688 
527.7266845703125 -85.915138244628906 420.06448364257812 
549.69580078125 -55.517192840576172 423.10775756835938 
549.24822998046875 -52.834480285644531 423.6478271484375 
519.7177734375 -83.097633361816406 418.50845336914062 
517.80499267578125 -81.534957885742188 417.8009033203125 
549.1143798828125 -50.063026428222656 423.83743286132812 
549.33404541015625 -47.288192749023438 423.55557250976562 
548.6490478515625 -44.539447784423828 423.71182250976562 
547.4969482421875 -42.000095367431641 423.91915893554688 
546.156982421875 -39.646965026855469 423.782958984375 
544.9930419921875 -37.329402923583984 423.14889526367188 
543.86907958984375 -35.065040588378906 422.29107666015625 
541.79779052734375 -81.249290466308594 422.28118896484375 
543.3663330078125 -79.199043273925781 422.57955932617188 
544.703369140625 -76.92376708984375 422.62417602539062 
545.89208984375 -74.609199523925781 422.47885131835938 
547.0130615234375 -72.140586853027344 422.2098388671875 
548.10064697265625 -69.592704772949219 421.7869873046875 
549.1802978515625 -67.030914306640625 421.34539794921875 
550.317138671875 -64.404708862304688 420.90475463867188 
514.38848876953125 -65.799415588378906 415.40106201171875 
522.53228759765625 -27.100221633911133 413.69229125976562 
524.98541259765625 -26.170644760131836 413.85110473632812 
527.61712646484375 -25.863620758056641 412.82180786132812 
524.89111328125 -26.490409851074219 412.18869018554688 
522.686279296875 -27.35655403137207 411.8204345703125 
526.8399658203125 -26.301624298095703 410.820068359375 
524.5762939453125 -26.932855606079102 410.10479736328125 
522.70428466796875 -27.729923248291016 409.79705810546875 
523.8348388671875 -27.650901794433594 407.65167236328125 
524.64544677734375 -29.722158432006836 401.28677368164062 
524.31103515625 -28.87394905090332 402.91815185546875 
527.15557861328125 -29.247373580932617 401.07907104492188 
523.95623779296875 -28.102092742919922 405.16757202148438 
526.63067626953125 -27.935018539428711 403.52471923828125 
526.248046875 -27.16978645324707 406.06451416015625 
526.2496337890625 -26.723501205444336 408.56161499023438 
550.14154052734375 -66.437103271484375 349.78607177734375 
550.64520263671875 -64.03192138671875 351.30352783203125 
550.42034912109375 -66.698287963867188 352.20767211914062 
549.86236572265625 -64.28521728515625 345.93505859375 
550.2567138671875 -64.15045166015625 348.63095092773438 
550.83551025390625 -66.723075866699219 354.78390502929688 
551.3818359375 -63.842269897460938 356.56024169921875 
551.0213623046875 -63.921024322509766 353.95541381835938 
551.2764892578125 -66.713676452636719 357.36257934570312 
551.734619140625 -63.784145355224609 359.1419677734375 
551.6905517578125 -66.689689636230469 360.06106567382812 
552.0947265625 -66.655250549316406 362.7576904296875 
552.438232421875 -63.624580383300781 364.36978149414062 
552.48876953125 -66.583045959472656 365.46328735351562 
552.08599853515625 -63.715499877929688 361.7476806640625 
552.878662109375 -66.455703735351562 368.16403198242188 
553.13427734375 -63.426494598388672 369.68508911132812 
553.23187255859375 -66.347091674804688 370.86892700195312 
552.79278564453125 -63.513492584228516 367.02420043945312 
555.50787353515625 -66.3353271484375 391.86166381835938 
555.2283935546875 -66.325912475585938 389.39529418945312 
554.92108154296875 -66.280990600585938 386.75057983398438 
555.26348876953125 -63.638988494873047 388.09979248046875 
554.9207763671875 -63.51885986328125 385.42840576171875 
554.60357666015625 -66.176315307617188 384.0826416015625 
554.60162353515625 -63.345233917236328 382.81167602539062 
554.30096435546875 -66.131996154785156 381.46505737304688 
554.28155517578125 -63.272891998291016 380.22802734375 
554.03204345703125 -66.163078308105469 378.83392333984375 
553.99560546875 -63.288185119628906 377.61749267578125 
553.78082275390625 -66.248786926269531 376.20034790039062 
553.73236083984375 -63.320674896240234 374.99713134765625 
553.50885009765625 -66.310585021972656 373.53811645507812 
553.45050048828125 -63.367343902587891 372.35720825195312 
555.6131591796875 -63.745391845703125 390.77285766601562 
546.90789794921875 -65.170257568359375 324.98318481445312 
547.27667236328125 -65.004280090332031 327.64321899414062 
547.63525390625 -64.851852416992188 330.2725830078125 
547.99591064453125 -64.736579895019531 332.87594604492188 
548.35919189453125 -64.637229919433594 335.45413208007812 
548.7281494140625 -64.536880493164062 338.04513549804688 
549.09661865234375 -64.457046508789062 340.644775390625 
549.47509765625 -64.388687133789062 343.27108764648438 
555.33197021484375 -62.402034759521484 389.51641845703125 
555.7479248046875 -62.485515594482422 392.22183227539062 
555.7772216796875 -61.272125244140625 393.55645751953125 
556.1317138671875 -62.753257751464844 394.95602416992188 
554.91009521484375 -61.031322479248047 388.17236328125 
555.33734130859375 -61.132156372070312 390.9232177734375 
556.24273681640625 -63.125408172607422 397.46530151367188 
556.235107421875 -61.253562927246094 398.68890380859375 
556.117919921875 -61.298473358154297 396.15353393554688 
555.40972900390625 -63.464084625244141 403.74069213867188 
555.83837890625 -63.480644226074219 402.02581787109375 
555.4608154296875 -61.477443695068359 403.8502197265625 
556.1702880859375 -63.390201568603516 399.80780029296875 
554.954345703125 -62.274509429931641 386.7724609375 
554.58343505859375 -62.099876403808594 384.112060546875 
554.493896484375 -60.875377655029297 385.45663452148438 
554.214599609375 -61.967586517333984 381.47586059570312 
554.07647705078125 -60.726463317871094 382.7713623046875 
553.87677001953125 -61.925701141357422 378.85052490234375 
553.578857421875 -61.930683135986328 376.18865966796875 
553.34130859375 -60.586669921875 377.42324829101562 
553.02313232421875 -60.570507049560547 374.71441650390625 
553.29449462890625 -61.950008392333984 373.50772094726562 
552.705810546875 -60.581710815429688 371.982177734375 
552.989501953125 -61.999771118164062 370.82403564453125 
552.6539306640625 -62.098827362060547 368.1187744140625 
552.3768310546875 -60.678119659423828 369.25534057617188 
552.02838134765625 -60.789264678955078 366.56121826171875 
552.300048828125 -62.205970764160156 365.44268798828125 
551.66961669921875 -60.919769287109375 363.89181518554688 
551.94091796875 -62.310619354248047 362.78872680664062 
551.59161376953125 -62.43975830078125 360.19488525390625 
551.3133544921875 -61.051338195800781 361.27880859375 
550.95245361328125 -61.149055480957031 358.67654418945312 
551.24371337890625 -62.530513763427734 357.59091186523438 
550.60113525390625 -61.224987030029297 356.0504150390625 
550.89324951171875 -62.597091674804688 354.97698974609375 
550.53790283203125 -62.688671112060547 352.30584716796875 
550.24609375 -61.302631378173828 353.36383056640625 
549.88836669921875 -61.407386779785156 350.63153076171875 
550.16168212890625 -62.796810150146484 349.59732055664062 
549.52081298828125 -61.536476135253906 347.84716796875 
549.780517578125 -62.929164886474609 346.86154174804688 
549.3927001953125 -63.027614593505859 344.11550903320312 
549.12713623046875 -61.622524261474609 345.051513671875 
548.74530029296875 -61.693145751953125 342.30307006835938 
549.019287109375 -63.099678039550781 341.42996215820312 
548.3818359375 -61.755760192871094 339.58184814453125 
548.65130615234375 -63.157951354980469 338.75906372070312 
548.3104248046875 -63.231678009033203 336.1190185546875 
548.03350830078125 -61.788841247558594 336.89682006835938 
547.701904296875 -61.858745574951172 334.22235107421875 
547.96990966796875 -63.311260223388672 333.49502563476562 
547.3870849609375 -61.944774627685547 331.5438232421875 
547.6318359375 -63.408096313476562 330.87298583984375 
547.31048583984375 -63.5513916015625 328.22430419921875 
547.0755615234375 -62.07562255859375 328.86468505859375 
546.77020263671875 -62.238510131835938 326.16262817382812 
546.98004150390625 -63.718177795410156 325.53009033203125 
546.457275390625 -62.416893005371094 323.44229125976562 
546.63763427734375 -63.922199249267578 322.81649780273438 
546.29052734375 -64.162361145019531 320.09976196289062 
546.14215087890625 -62.626235961914062 320.72509765625 
545.81494140625 -62.864604949951172 318.01055908203125 
545.9197998046875 -64.407173156738281 317.39013671875 
545.4815673828125 -63.130107879638672 315.30154418945312 
545.564697265625 -64.650505065917969 314.72027587890625 
545.2181396484375 -64.829750061035156 312.03915405273438 
545.16729736328125 -63.410869598388672 312.61575317382812 
544.8843994140625 -63.672611236572266 309.9512939453125 
544.87579345703125 -64.99853515625 309.23956298828125 
544.60601806640625 -63.917922973632812 307.25897216796875 
544.53424072265625 -65.429939270019531 306.42626953125 
544.19598388671875 -65.877487182617188 303.85366821289062 
544.31915283203125 -64.169975280761719 304.59292602539062 
544.0050048828125 -64.430625915527344 301.92718505859375 
543.8294677734375 -66.1942138671875 301.24356079101562 
543.65838623046875 -64.683113098144531 299.2523193359375 
543.444580078125 -66.460052490234375 298.56686401367188 
543.0548095703125 -66.710105895996094 295.87322998046875 
543.28656005859375 -64.92706298828125 296.572265625 
542.88043212890625 -65.201904296875 293.88204956054688 
542.64801025390625 -66.955490112304688 293.16802978515625 
542.46502685546875 -65.479774475097656 291.16476440429688 
542.262451171875 -67.183502197265625 290.44113159179688 
541.88726806640625 -67.388893127441406 287.70083618164062 
542.06353759765625 -65.762489318847656 288.4417724609375 
541.67401123046875 -66.03802490234375 285.71917724609375 
541.5184326171875 -67.554458618164062 285.04708862304688 
541.28485107421875 -66.296554565429688 283.01519775390625 
541.15106201171875 -67.668983459472656 282.4381103515625 
540.79815673828125 -67.735282897949219 279.92425537109375 
540.88427734375 -66.532638549804688 280.35354614257812 
540.46405029296875 -66.773361206054688 277.73611450195312 
540.158203125 -68.348434448242188 276.45254516601562 
540.0224609375 -67.006935119628906 275.14019775390625 
539.7166748046875 -68.688461303710938 274.18984985351562 
539.27880859375 -68.8856201171875 271.70556640625 
539.557373046875 -67.213546752929688 272.53857421875 
539.09814453125 -67.428390502929688 269.91781616210938 
538.84051513671875 -69.061538696289062 269.13479614257812 
538.62890625 -67.622581481933594 267.251708984375 
538.4013671875 -69.190216064453125 266.5159912109375 
537.9573974609375 -69.291954040527344 263.87405395507812 
538.1573486328125 -67.811965942382812 264.58233642578125 
537.69281005859375 -67.970664978027344 261.85955810546875 
537.5001220703125 -69.373809814453125 261.20037841796875 
537.207763671875 -68.173263549804688 259.12350463867188 
537.00738525390625 -69.491378784179688 258.38922119140625 
536.4769287109375 -69.745330810546875 255.5748291015625 
536.7076416015625 -68.391937255859375 256.35867309570312 
536.2003173828125 -68.633804321289062 253.58905029296875 
535.919921875 -70.092430114746094 252.84159851074219 
535.70220947265625 -68.887748718261719 250.82638549804688 
535.3720703125 -70.392112731933594 250.21650695800781 
534.858642578125 -70.597923278808594 247.61279296875 
535.20379638671875 -69.127265930175781 248.10568237304688 
534.71551513671875 -69.321151733398438 245.41372680664062 
534.376953125 -70.746353149414062 245.06083679199219 
534.23052978515625 -69.485786437988281 242.76043701171875 
533.94842529296875 -70.816810607910156 242.6190185546875 
531.3531494140625 -71.33941650390625 228.35197448730469 
531.858154296875 -71.301094055175781 231.13357543945312 
531.4833984375 -69.892906188964844 227.03182983398438 
531.93841552734375 -69.869270324707031 229.63180541992188 
532.85748291015625 -69.774002075195312 234.85981750488281 
533.7637939453125 -69.590621948242188 240.12448120117188 
533.31005859375 -69.684982299804688 237.49298095703125 
530.88885498046875 -71.365028381347656 225.68934631347656 
530.17340087890625 -70.125083923339844 219.10568237304688 
530.597900390625 -70.016197204589844 221.75445556640625 
530.05401611328125 -71.398674011230469 220.5089111328125 
531.03375244140625 -69.951118469238281 224.39590454101562 
530.45770263671875 -71.38494873046875 223.08340454101562 
529.65032958984375 -71.409393310546875 217.98445129394531 
529.741943359375 -70.277687072753906 216.4366455078125 
529.286376953125 -71.415679931640625 215.48027038574219 
529.3013916015625 -70.489372253417969 213.79010009765625 
528.0750732421875 -72.313522338867188 210.0870361328125 
528.85101318359375 -70.7386474609375 211.14848327636719 
528.60791015625 -71.845756530761719 212.16357421875 
526.01983642578125 -73.389663696289062 148.61189270019531 
526.74462890625 -71.738212585449219 148.11587524414062 
524.81854248046875 -74.867897033691406 151.82670593261719 
525.102783203125 -73.609153747558594 154.17181396484375 
525.2940673828125 -74.711997985839844 149.35504150390625 
525.52642822265625 -73.528411865234375 151.35902404785156 
525.812255859375 -72.237129211425781 153.37612915039062 
526.18670654296875 -72.230186462402344 150.63096618652344 
524.723876953125 -73.774604797363281 156.65476989746094 
525.65625 -71.857749938964844 156.14482116699219 
524.3289794921875 -74.072509765625 159.08987426757812 
525.30047607421875 -72.156539916992188 158.82038879394531 
523.90350341796875 -74.511863708496094 161.22071838378906 
524.89935302734375 -72.657981872558594 161.44268798828125 
523.89154052734375 -74.321029663085938 163.41365051269531 
523.8118896484375 -74.297210693359375 165.91799926757812 
524.6463623046875 -72.768699645996094 166.73236083984375 
524.7369384765625 -72.745216369628906 164.08241271972656 
523.79083251953125 -74.242195129394531 168.52262878417969 
524.6029052734375 -72.757827758789062 169.36221313476562 
523.8118896484375 -74.1572265625 171.17779541015625 
523.89410400390625 -74.027328491210938 173.84396362304688 
524.7181396484375 -72.555030822753906 174.61750793457031 
524.63909912109375 -72.663902282714844 171.98716735839844 
524.01495361328125 -73.913482666015625 176.51980590820312 
524.83447265625 -72.441932678222656 177.22904968261719 
524.1578369140625 -73.8248291015625 179.19796752929688 
524.33056640625 -73.735267639160156 181.82307434082031 
525.1962890625 -72.17138671875 182.43252563476562 
524.9949951171875 -72.315261840820312 179.83882141113281 
524.5777587890625 -73.567161560058594 184.39820861816406 
525.43524169921875 -72.0262451171875 185.04066467285156 
524.8739013671875 -73.369461059570312 187.03395080566406 
525.1644287109375 -73.250442504882812 189.69465637207031 
525.9884033203125 -71.754241943359375 190.29356384277344 
525.69891357421875 -71.877288818359375 187.66407775878906 
525.4678955078125 -73.1439208984375 192.36203002929688 
526.288818359375 -71.630905151367188 192.90464782714844 
525.783203125 -73.05377197265625 195.05189514160156 
526.11041259765625 -72.912826538085938 197.50358581542969 
527.03411865234375 -71.069969177246094 198.05259704589844 
526.69879150390625 -71.2352294921875 195.44999694824219 
526.492919921875 -72.736259460449219 200.06344604492188 
527.332275390625 -71.073471069335938 200.69808959960938 
526.82745361328125 -72.749549865722656 202.66984558105469 
527.18634033203125 -72.725631713867188 205.30033874511719 
527.98797607421875 -71.173591613769531 205.91386413574219 
527.62200927734375 -71.249557495117188 203.29129028320312 
527.60113525390625 -72.573699951171875 207.82456970214844 
528.39697265625 -70.993919372558594 208.54217529296875 
532.4013671875 -69.825935363769531 232.24240112304688 
553.68841552734375 -60.633220672607422 380.10134887695312 
555.994140625 -61.354591369628906 401.2520751953125 
547.5242919921875 -38.510063171386719 422.47970581054688 
547.6978759765625 -36.967056274414062 421.24392700195312 
546.02197265625 -36.443805694580078 422.25094604492188 
549.4957275390625 -39.560375213623047 420.81591796875 
548.68280029296875 -40.6453857421875 422.510009765625 
550.536865234375 -42.146484375 420.84185791015625 
549.6259765625 -43.041839599609375 422.46109008789062 
551.21246337890625 -44.809253692626953 421.05917358398438 
550.3402099609375 -45.663619995117188 422.414306640625 
551.802001953125 -47.591564178466797 421.07589721679688 
552.1539306640625 -53.284751892089844 421.04290771484375 
550.83642578125 -51.624111175537109 422.48468017578125 
550.9285888671875 -54.084957122802734 422.26300048828125 
552.13153076171875 -50.439155578613281 421.07467651367188 
550.77545166015625 -49.183094024658203 422.4912109375 
551.92919921875 -56.089374542236328 421.04837036132812 
550.24786376953125 -57.694446563720703 422.37942504882812 
551.39129638671875 -58.876361846923828 421.14920043945312 
549.8851318359375 -59.922340393066406 422.2708740234375 
550.79669189453125 -61.645755767822266 421.1326904296875 
545.4495849609375 -34.761554718017578 421.39993286132812 
534.8392333984375 -85.938255310058594 420.34857177734375 
542.42218017578125 -82.664337158203125 420.57064819335938 
544.47418212890625 -81.355911254882812 419.8927001953125 
545.923828125 -79.389999389648438 419.98043823242188 
547.13568115234375 -77.094154357910156 420.0751953125 
548.30377197265625 -74.751960754394531 419.93402099609375 
549.4132080078125 -72.180686950683594 419.58914184570312 
550.3797607421875 -69.656936645507812 419.162353515625 
551.27716064453125 -67.177833557128906 418.70513916015625 
552.026611328125 -64.703460693359375 418.38168334960938 
552.60906982421875 -62.198822021484375 418.24996948242188 
553.05645751953125 -59.612701416015625 418.24029541015625 
553.36273193359375 -56.929286956787109 418.22637939453125 
553.45037841796875 -54.240932464599609 418.2174072265625 
553.32562255859375 -51.566390991210938 418.33953857421875 
552.96612548828125 -48.824337005615234 418.71127319335938 
552.49169921875 -46.202754974365234 418.62814331054688 
551.8526611328125 -43.705352783203125 418.57369995117188 
550.95709228515625 -41.214130401611328 418.7205810546875 
549.7958984375 -38.705631256103516 418.94662475585938 
548.3001708984375 -36.219406127929688 419.09976196289062 
546.38134765625 -33.957614898681641 419.26162719726562 
545.325927734375 -32.662769317626953 418.34429931640625 
544.43890380859375 -31.653148651123047 417.2109375 
519.28607177734375 -58.054096221923828 187.76055908203125 
521.93414306640625 -59.430927276611328 181.4874267578125 
519.9073486328125 -58.150215148925781 181.72650146484375 
521.04034423828125 -58.904567718505859 183.51889038085938 
518.96343994140625 -57.754962921142578 183.91415405273438 
520.1141357421875 -58.418552398681641 185.60829162597656 
522.94134521484375 -60.124744415283203 179.17330932617188 
521.9246826171875 -59.19573974609375 177.99478149414062 
520.536865234375 -58.096744537353516 176.14974975585938 
520.1922607421875 -58.091987609863281 178.98397827148438 
524.6156005859375 -61.388935089111328 171.82695007324219 
523.07891845703125 -59.73193359375 172.70668029785156 
524.38189697265625 -61.319988250732422 174.40560913085938 
521.12493896484375 -58.260845184326172 173.51564025878906 
522.59307861328125 -59.532966613769531 175.26490783691406 
523.7823486328125 -60.786201477050781 176.83145141601562 
521.9149169921875 -58.200454711914062 168.17060852050781 
521.57952880859375 -58.296489715576172 170.868408203125 
525.27667236328125 -61.120250701904297 163.76667785644531 
523.8873291015625 -59.401447296142578 164.5924072265625 
525.0302734375 -61.281852722167969 166.51518249511719 
522.13604736328125 -57.962249755859375 165.38961791992188 
523.64178466796875 -59.611228942871094 167.34292602539062 
524.82373046875 -61.369583129882812 169.19923400878906 
523.39935302734375 -59.722690582275391 170.04597473144531 
527.48077392578125 -60.465442657470703 150.12881469726562 
526.53033447265625 -58.615921020507812 150.76368713378906 
525.54998779296875 -56.866550445556641 149.97599792480469 
526.94329833984375 -60.465850830078125 152.73768615722656 
525.84515380859375 -58.717220306396484 153.66206359863281 
526.41510009765625 -60.557838439941406 155.41586303710938 
524.99652099609375 -57.060146331787109 152.24188232421875 
524.205322265625 -57.11700439453125 154.73942565917969 
525.194091796875 -58.824794769287109 156.43145751953125 
523.42431640625 -57.237964630126953 157.33097839355469 
525.57281494140625 -60.918067932128906 160.97799682617188 
524.17510986328125 -59.18316650390625 161.86985778808594 
525.939453125 -60.711837768554688 158.17730712890625 
524.59368896484375 -58.975082397460938 159.14186096191406 
522.31646728515625 -57.607681274414062 162.59989929199219 
522.700927734375 -57.366386413574219 159.96975708007812 
551.88427734375 -56.184116363525391 383.17794799804688 
550.1636962890625 -54.4638671875 381.08627319335938 
550.3682861328125 -54.211009979248047 383.39804077148438 
551.4443359375 -56.359363555908203 379.87744140625 
553.02398681640625 -58.476139068603516 381.43429565429688 
553.57012939453125 -58.612937927246094 384.3277587890625 
552.8402099609375 -56.752151489257812 386.219970703125 
551.2579345703125 -54.750782012939453 385.64816284179688 
554.109619140625 -58.875457763671875 386.97772216796875 
553.56610107421875 -57.347537994384766 388.405029296875 
552.3331298828125 -55.342056274414062 388.75506591796875 
554.56414794921875 -59.028881072998047 389.53884887695312 
553.84307861328125 -57.139781951904297 390.73220825195312 
552.9149169921875 -55.172164916992188 392.09490966796875 
551.2862548828125 -53.398414611816406 390.65240478515625 
550.4278564453125 -53.230846405029297 387.563720703125 
549.549072265625 -52.899192810058594 384.7747802734375 
548.9189453125 -52.760051727294922 382.22390747070312 
549.50897216796875 -51.573738098144531 389.30587768554688 
548.6285400390625 -51.350383758544922 386.36990356445312 
547.8387451171875 -51.141216278076172 383.59121704101562 
547.71234130859375 -49.752326965332031 388.00482177734375 
546.85302734375 -49.549942016601562 385.10861206054688 
545.81298828125 -47.934413909912109 386.72323608398438 
546.701171875 -48.092479705810547 389.53488159179688 
548.55999755859375 -49.875255584716797 390.85623168945312 
554.99627685546875 -59.119972229003906 392.1876220703125 
554.35772705078125 -57.073444366455078 393.48690795898438 
550.30548095703125 -51.617576599121094 392.23757934570312 
551.94952392578125 -53.324409484863281 393.64022827148438 
553.49774169921875 -55.045223236083984 394.91018676757812 
554.86907958984375 -56.925647735595703 396.09396362304688 
555.48443603515625 -59.15093994140625 394.8492431640625 
552.5240478515625 -58.357955932617188 378.50946044921875 
544.70892333984375 -46.295196533203125 388.29183959960938 
555.8603515625 -59.096290588378906 397.63839721679688 
555.15545654296875 -56.654739379882812 398.47686767578125 
555.794921875 -58.61456298828125 399.74102783203125 
556.04736328125 -60.085098266601562 399.76693725585938 
554.03839111328125 -54.797664642333984 397.47720336914062 
552.5343017578125 -53.084629058837891 396.42861938476562 
550.9561767578125 -51.443271636962891 395.05453491210938 
549.30950927734375 -49.823673248291016 393.60275268554688 
547.53521728515625 -48.137546539306641 392.21047973632812 
545.62939453125 -46.403385162353516 390.92022705078125 
550.9390869140625 -56.351783752441406 376.80328369140625 
552.00115966796875 -58.203273773193359 375.48275756835938 
549.73370361328125 -54.559177398681641 378.17901611328125 
548.46112060546875 -52.809177398681641 379.55697631835938 
547.19769287109375 -51.037494659423828 380.89089965820312 
546.02301025390625 -49.339015960693359 382.26861572265625 
544.9041748046875 -47.699249267578125 383.84832763671875 
543.788330078125 -46.151153564453125 385.53823852539062 
543.62432861328125 -44.707305908203125 389.802490234375 
542.64617919921875 -44.618175506591797 387.23043823242188 
526.475341796875 -69.235595703125 156.67495727539062 
526.2930908203125 -70.553146362304688 154.53231811523438 
526.2198486328125 -69.395057678222656 159.39898681640625 
526.0203857421875 -69.521873474121094 162.08966064453125 
525.8935546875 -69.560806274414062 164.77543640136719 
525.831787109375 -69.536872863769531 167.42276000976562 
525.817138671875 -69.464729309082031 170.05769348144531 
525.83465576171875 -69.371086120605469 172.67463684082031 
525.89141845703125 -69.270736694335938 175.26393127441406 
525.97412109375 -69.200798034667969 177.84812927246094 
526.07696533203125 -69.136390686035156 180.43328857421875 
526.203369140625 -69.081008911132812 183.029296875 
526.357177734375 -69.010093688964844 185.65684509277344 
526.552734375 -68.938102722167969 188.30197143554688 
526.7735595703125 -68.880355834960938 190.94807434082031 
527.01336669921875 -68.839118957519531 193.58235168457031 
527.2642822265625 -68.81756591796875 196.21244812011719 
527.5279541015625 -68.808151245117188 198.86102294921875 
527.80517578125 -68.754264831542969 201.48193359375 
528.101806640625 -68.654869079589844 204.08612060546875 
528.41619873046875 -68.529182434082031 206.69697570800781 
528.7432861328125 -68.368972778320312 209.31887817382812 
529.073974609375 -68.206382751464844 211.98051452636719 
529.414794921875 -68.015472412109375 214.64352416992188 
529.773193359375 -67.841728210449219 217.28871154785156 
530.133056640625 -67.700904846191406 219.92988586425781 
530.507080078125 -67.631057739257812 222.60426330566406 
530.902099609375 -67.609588623046875 225.28504943847656 
531.322509765625 -67.570343017578125 227.9427490234375 
531.7659912109375 -67.537254333496094 230.59169006347656 
532.2098388671875 -67.496498107910156 233.22900390625 
532.64361572265625 -67.4405517578125 235.86236572265625 
533.0858154296875 -67.361373901367188 238.49624633789062 
533.533203125 -67.246330261230469 241.12962341308594 
533.98406982421875 -67.094879150390625 243.77066040039062 
534.427978515625 -66.913131713867188 246.45768737792969 
534.86651611328125 -66.722984313964844 249.17884826660156 
535.310302734375 -66.48345947265625 251.92684936523438 
535.7669677734375 -66.241775512695312 254.6766357421875 
536.22808837890625 -65.987022399902344 257.43722534179688 
536.7093505859375 -65.776275634765625 260.18890380859375 
537.185302734375 -65.584548950195312 262.90890502929688 
537.64605712890625 -65.383415222167969 265.609375 
538.09381103515625 -65.182540893554688 268.28085327148438 
538.53387451171875 -64.963592529296875 270.92977905273438 
538.97198486328125 -64.715591430664062 273.5343017578125 
539.4053955078125 -64.496070861816406 276.14065551757812 
539.8179931640625 -64.274864196777344 278.7489013671875 
540.2021484375 -64.0152587890625 281.38238525390625 
540.579345703125 -63.755382537841797 284.05999755859375 
540.95953369140625 -63.500556945800781 286.76205444335938 
541.347412109375 -63.233798980712891 289.47900390625 
541.74871826171875 -62.961223602294922 292.181640625 
542.13885498046875 -62.668136596679688 294.876953125 
542.5194091796875 -62.366920471191406 297.54266357421875 
542.86163330078125 -62.104774475097656 300.21279907226562 
543.16241455078125 -61.86199951171875 302.8623046875 
543.43560791015625 -61.633922576904297 305.51046752929688 
543.69525146484375 -61.41668701171875 308.158935546875 
543.93988037109375 -61.169208526611328 310.81494140625 
544.1995849609375 -60.922847747802734 313.49273681640625 
544.48193359375 -60.6842041015625 316.17529296875 
544.7796630859375 -60.447502136230469 318.88040161132812 
545.0760498046875 -60.223121643066406 321.59228515625 
545.362060546875 -60.014911651611328 324.31283569335938 
545.65008544921875 -59.834518432617188 327.02972412109375 
545.9315185546875 -59.667427062988281 329.72164916992188 
546.22735595703125 -59.548404693603516 332.40939331054688 
546.5340576171875 -59.446849822998047 335.08319091796875 
546.8778076171875 -59.386154174804688 337.77667236328125 
547.2408447265625 -59.323799133300781 340.50961303710938 
547.61456298828125 -59.256942749023438 343.25390625 
547.99407958984375 -59.169872283935547 346.038330078125 
548.36614990234375 -59.065685272216797 348.84109497070312 
548.73699951171875 -58.970012664794922 351.63333129882812 
549.0941162109375 -58.876354217529297 354.360595703125 
549.4622802734375 -58.794010162353516 357.038330078125 
549.84381103515625 -58.726108551025391 359.62631225585938 
550.221923828125 -58.637050628662109 362.19619750976562 
550.596923828125 -58.5418701171875 364.75848388671875 
550.95989990234375 -58.434078216552734 367.37301635742188 
551.3067626953125 -58.334682464599609 370.02676391601562 
551.645751953125 -58.245346069335938 372.7447509765625 
526.5791015625 -70.500190734863281 152.29579162597656 
526.98321533203125 -70.344741821289062 149.80038452148438 
527.35662841796875 -70.045066833496094 147.73896789550781 
526.88128662109375 -68.768959045410156 153.95310974121094 
527.2696533203125 -68.636238098144531 151.275390625 
527.6219482421875 -68.707412719726562 148.70439147949219 
555.83587646484375 -60.211715698242188 401.64694213867188 
541.54962158203125 -43.122734069824219 388.88851928710938 
531.44482421875 -26.194744110107422 410.31173706054688 
528.820068359375 -26.189966201782227 409.49359130859375 
529.46856689453125 -25.79969596862793 411.94259643554688 
530.73590087890625 -26.503488540649414 407.93051147460938 
528.41912841796875 -26.647699356079102 407.15475463867188 
530.203125 -26.957700729370117 405.97897338867188 
532.52386474609375 -25.881244659423828 412.83279418945312 
533.925537109375 -26.599594116210938 410.662353515625 
533.0311279296875 -26.777389526367188 408.49118041992188 
535.26641845703125 -26.674840927124023 412.43582153320312 
534.639404296875 -26.287168502807617 413.90237426757812 
528.563720703125 -27.291957855224609 404.78219604492188 
532.38629150390625 -27.261953353881836 406.00503540039062 
530.95294189453125 -27.763650894165039 403.93585205078125 
529.16021728515625 -28.44880485534668 402.23724365234375 
536.90692138671875 -27.097900390625 413.831298828125 
554.20892333984375 -60.402584075927734 411.48623657226562 
553.66156005859375 -62.580497741699219 413.62167358398438 
554.0906982421875 -62.525505065917969 411.03811645507812 
553.9093017578125 -59.730308532714844 413.77255249023438 
553.41845703125 -61.248542785644531 416.00479125976562 
553.66595458984375 -58.485595703125 416.06509399414062 
554.2056884765625 -57.899848937988281 411.53759765625 
553.91925048828125 -56.966968536376953 413.8150634765625 
552.9918212890625 -63.793170928955078 416.1173095703125 
553.6739501953125 -64.568641662597656 411.73532104492188 
553.070068359375 -65.347984313964844 414.14718627929688 
552.31036376953125 -66.318199157714844 416.5267333984375 
552.2899169921875 -67.912284851074219 414.62960815429688 
552.97735595703125 -66.967315673828125 412.23828125 
553.43035888671875 -66.080734252929688 409.97967529296875 
554.0347900390625 -63.851486206054688 409.42739868164062 
554.304443359375 -61.399112701416016 409.33786010742188 
554.3466796875 -59.026226043701172 409.48617553710938 
553.90313720703125 -55.447605133056641 411.60482788085938 
554.13995361328125 -56.642173767089844 409.50552368164062 
553.706298828125 -55.710830688476562 416.088623046875 
553.7037353515625 -54.338153839111328 413.89480590820312 
553.66534423828125 -54.401874542236328 409.5267333984375 
553.48822021484375 -53.088657379150391 411.69708251953125 
554.0408935546875 -55.741641998291016 407.55105590820312 
554.42974853515625 -58.090152740478516 407.658935546875 
554.58587646484375 -60.447040557861328 407.57562255859375 
554.40386962890625 -62.914314270019531 407.65521240234375 
553.90765380859375 -65.299514770507812 407.93484497070312 
552.6859130859375 -68.395332336425781 410.4007568359375 
553.1781005859375 -67.586982727050781 408.380615234375 
553.555908203125 -53.015071868896484 416.20132446289062 
553.3790283203125 -51.763980865478516 414.0323486328125 
552.96624755859375 -50.769699096679688 411.874267578125 
553.1588134765625 -52.158718109130859 409.607177734375 
553.62115478515625 -53.287086486816406 407.31350708007812 
554.26336669921875 -54.573348999023438 405.37457275390625 
554.66180419921875 -57.17059326171875 405.72518920898438 
554.9783935546875 -59.581066131591797 405.71435546875 
555.27142333984375 -58.898677825927734 403.85067749023438 
554.89691162109375 -56.333797454833984 403.61834716796875 
554.35748291015625 -54.176410675048828 402.96969604492188 
553.643798828125 -52.103355407714844 404.80282592773438 
555.44207763671875 -58.041378021240234 401.94088745117188 
555.0848388671875 -56.185352325439453 401.08273315429688 
554.34124755859375 -54.42578125 400.19094848632812 
553.52734375 -52.382152557373047 401.88232421875 
553.21722412109375 -50.891487121582031 407.38845825195312 
552.77996826171875 -50.31829833984375 402.9818115234375 
552.8546142578125 -49.569480895996094 405.4595947265625 
552.76068115234375 -49.676284790039062 409.75161743164062 
552.5859375 -48.416828155517578 407.837646484375 
551.931640625 -48.117088317871094 403.76565551757812 
552.10308837890625 -47.117202758789062 406.12570190429688 
552.4478759765625 -48.347454071044922 412.08596801757812 
552.20819091796875 -47.20050048828125 410.0850830078125 
551.84228515625 -45.947425842285156 408.33901977539062 
551.1783447265625 -45.874404907226562 404.48843383789062 
551.32208251953125 -44.669895172119141 406.81039428710938 
552.9072265625 -49.323768615722656 414.24749755859375 
552.00189208984375 -45.922584533691406 412.29409790039062 
552.42962646484375 -46.796207427978516 414.4111328125 
551.55023193359375 -44.709274291992188 410.46441650390625 
551.34722900390625 -43.583930969238281 412.57421875 
551.8397216796875 -44.170795440673828 414.45782470703125 
553.27142333984375 -50.336513519287109 416.46148681640625 
552.88623046875 -47.743770599365234 416.62057495117188 
552.319580078125 -45.131092071533203 416.56973266601562 
550.98614501953125 -43.358112335205078 408.99777221679688 
550.67645263671875 -42.088836669921875 411.3544921875 
550.7802734375 -41.451473236083984 414.15972900390625 
551.523681640625 -42.555892944335938 416.460693359375 
550.413818359375 -43.660011291503906 405.21615600585938 
550.2965087890625 -42.209915161132812 407.46136474609375 
549.9337158203125 -40.765792846679688 409.65045166015625 
549.7415771484375 -39.787441253662109 412.28964233398438 
549.5086669921875 -41.539283752441406 405.93441772460938 
549.04058837890625 -39.528640747070312 407.77679443359375 
548.8394775390625 -38.401844024658203 410.41659545898438 
550.55157470703125 -40.134075164794922 416.64266967773438 
549.65472412109375 -38.860332489013672 414.75668334960938 
548.58953857421875 -37.4193115234375 413.04171752929688 
547.4803466796875 -36.050243377685547 411.42327880859375 
547.7127685546875 -37.016757965087891 408.81362915039062 
547.58819580078125 -38.039981842041016 406.46038818359375 
548.32183837890625 -40.129833221435547 405.17251586914062 
549.0340576171875 -42.409515380859375 403.87506103515625 
549.87066650390625 -44.602455139160156 403.0069580078125 
550.65679931640625 -46.762340545654297 402.17791748046875 
551.4498291015625 -48.834281921386719 401.33529663085938 
552.29010009765625 -50.764095306396484 400.30801391601562 
553.15576171875 -52.753246307373047 399.0504150390625 
554.9744873046875 -62.003860473632812 405.7818603515625 
554.75286865234375 -64.356185913085938 405.8128662109375 
554.12347412109375 -66.702301025390625 406.10635375976562 
552.12493896484375 -69.358734130859375 412.731689453125 
551.7828369140625 -70.690200805664062 410.87899780273438 
552.251953125 -70.031532287597656 408.80715942382812 
553.17462158203125 -69.13427734375 406.59115600585938 
549.924072265625 -47.374710083007812 399.835693359375 
549.11712646484375 -45.323490142822266 400.80157470703125 
548.24591064453125 -43.171577453613281 401.75140380859375 
547.42333984375 -40.966598510742188 402.84609985351562 
546.7025146484375 -38.912132263183594 403.96951293945312 
548.26800537109375 -45.864570617675781 398.49111938476562 
547.3692626953125 -43.789363861083984 399.56060791015625 
546.40875244140625 -41.613735198974609 400.61288452148438 
546.4722900390625 -44.328937530517578 397.23471069335938 
545.43524169921875 -42.253440856933594 398.33905029296875 
550.74505615234375 -49.302257537841797 398.7899169921875 
549.12677001953125 -47.794029235839844 397.36642456054688 
547.39996337890625 -46.239704132080078 396.0123291015625 
544.55889892578125 -42.845634460449219 396.00299072265625 
545.59454345703125 -44.708736419677734 394.76974487304688 
545.47637939453125 -39.465827941894531 401.667236328125 
544.32244873046875 -40.110569000244141 399.36062622070312 
543.3643798828125 -40.852626800537109 397.0255126953125 
543.75579833984375 -43.290485382080078 393.58853149414062 
542.60833740234375 -41.547573089599609 394.73202514648438 
551.622314453125 -51.174419403076172 397.67117309570312 
551.47998046875 -68.852973937988281 417.00601196289062 
551.399658203125 -70.446983337402344 415.1195068359375 
551.2373046875 -71.749107360839844 413.13320922851562 
550.95452880859375 -72.881706237792969 411.21246337890625 
551.343505859375 -72.406784057617188 409.19085693359375 
552.09197998046875 -71.615486145019531 406.98947143554688 
550.57696533203125 -71.434150695800781 417.44027709960938 
550.54937744140625 -72.974601745605469 415.31219482421875 
550.3741455078125 -74.194656372070312 412.90628051757812 
550.35040283203125 -74.882720947265625 410.06729125976562 
551.08001708984375 -73.957420349121094 407.49227905273438 
550.09722900390625 -76.144584655761719 407.81069946289062 
549.27886962890625 -77.34759521484375 410.23828125 
549.58795166015625 -76.271903991699219 412.60812377929688 
549.68414306640625 -75.387702941894531 415.2757568359375 
549.64794921875 -74.014381408691406 417.68115234375 
548.55157470703125 -78.243438720703125 413.11575317382812 
548.70172119140625 -77.498374938964844 415.41128540039062 
548.64617919921875 -76.403732299804688 417.83895874023438 
547.8834228515625 -79.520057678222656 411.6239013671875 
547.3892822265625 -80.078857421875 413.75439453125 
547.43853759765625 -79.561500549316406 415.76763916015625 
547.38092041015625 -78.674789428710938 417.97705078125 
549.25091552734375 -37.623775482177734 417.07794189453125 
548.2637939453125 -36.371440887451172 415.43637084960938 
547.07720947265625 -35.067478179931641 413.93576049804688 
550.02313232421875 -49.627445220947266 396.2083740234375 
547.94110107421875 -79.5128173828125 409.52719116210938 
546.67138671875 -81.265609741210938 410.977783203125 
546.41387939453125 -81.5133056640625 413.0013427734375 
546.4410400390625 -81.316062927246094 409.166259765625 
545.19781494140625 -82.804145812988281 410.10150146484375 
544.99822998046875 -82.918724060058594 412.27871704101562 
548.9560546875 -78.30804443359375 407.62310791015625 
547.22314453125 -80.41400146484375 407.35333251953125 
545.28179931640625 -82.426101684570312 407.71182250976562 
543.50927734375 -83.956207275390625 409.34030151367188 
543.408447265625 -84.116302490234375 411.52606201171875 
548.32330322265625 -48.038688659667969 394.78744506835938 
547.5260009765625 -35.122364044189453 417.55902099609375 
546.468017578125 -33.887519836425781 416.23443603515625 
546.0728759765625 -81.497566223144531 415.45565795898438 
544.6812744140625 -83.0367431640625 414.58096313476562 
543.0748291015625 -84.248291015625 413.8790283203125 
546.5321044921875 -46.413631439208984 393.45742797851562 
545.92022705078125 -80.898841857910156 417.86270141601562 
544.62799072265625 -44.808010101318359 392.21261596679688 
544.4556884765625 -82.83697509765625 416.87820434570312 
542.791748046875 -84.214820861816406 416.31137084960938 
541.97808837890625 -42.056617736816406 392.56838989257812 
542.5745849609375 -43.231666564941406 391.0870361328125 
544.01513671875 -82.527778625488281 418.75869750976562 
542.38336181640625 -83.864860534667969 418.64300537109375 
542.9742431640625 -83.826187133789062 407.53521728515625 
546.02862548828125 -37.089675903320312 404.97012329101562 
546.203125 -35.730800628662109 407.35336303710938 
546.173583984375 -34.675029754638672 409.91021728515625 
545.85821533203125 -33.817489624023438 412.47064208984375 
545.24560546875 -32.782844543457031 414.92791748046875 
544.73785400390625 -37.463176727294922 402.78665161132812 
543.34039306640625 -38.01544189453125 400.4468994140625 
542.15594482421875 -38.860111236572266 397.96878051757812 
541.2923583984375 -39.786903381347656 395.49905395507812 
540.69940185546875 -40.655307769775391 393.08914184570312 
540.4158935546875 -41.468250274658203 390.82568359375 
519.94970703125 -58.446998596191406 190.31596374511719 
520.40484619140625 -58.724876403808594 192.98985290527344 
518.75201416015625 -57.9053955078125 196.38755798339844 
520.76483154296875 -58.918861389160156 198.53440856933594 
518.7493896484375 -57.864757537841797 199.46543884277344 
520.9207763671875 -58.911506652832031 201.2542724609375 
520.64971923828125 -58.859783172607422 195.74247741699219 
518.90899658203125 -57.832416534423828 202.29557800292969 
521.0908203125 -58.890804290771484 203.96949768066406 
519.086669921875 -57.792675018310547 205.02638244628906 
521.269775390625 -58.843597412109375 206.65118408203125 
519.258056640625 -57.736045837402344 207.73007202148438 
521.4688720703125 -58.785938262939453 209.33148193359375 
519.43133544921875 -57.652297973632812 210.43946838378906 
521.68194580078125 -58.720329284667969 212.02688598632812 
519.60247802734375 -57.548656463623047 213.16510009765625 
521.94140625 -58.652381896972656 214.71987915039062 
519.828125 -57.439865112304688 215.94259643554688 
522.28350830078125 -58.601516723632812 217.39894104003906 
520.11187744140625 -57.330173492431641 218.75750732421875 
522.66998291015625 -58.547733306884766 220.03399658203125 
520.09613037109375 -57.056903839111328 221.679443359375 
522.2186279296875 -57.927013397216797 222.66288757324219 
521.938720703125 -57.449344635009766 225.30345153808594 
522.0029296875 -57.169391632080078 228.01283264160156 
522.1605224609375 -56.966682434082031 230.72604370117188 
522.29974365234375 -56.736351013183594 233.47959899902344 
522.42529296875 -56.494106292724609 236.25625610351562 
522.5665283203125 -56.248764038085938 239.04202270507812 
522.7498779296875 -56.004154205322266 241.82264709472656 
522.9971923828125 -55.77899169921875 244.57130432128906 
523.30145263671875 -55.585285186767578 247.28814697265625 
523.55645751953125 -55.383899688720703 249.96937561035156 
521.81610107421875 -54.931827545166016 253.239501953125 
523.75909423828125 -55.174907684326172 252.65394592285156 
523.9241943359375 -54.941722869873047 255.34600830078125 
521.7890625 -54.729118347167969 256.32989501953125 
524.08197021484375 -54.687427520751953 258.05780029296875 
521.8702392578125 -54.523715972900391 259.1925048828125 
524.2335205078125 -54.417613983154297 260.78955078125 
521.9630126953125 -54.336910247802734 261.96826171875 
524.3692626953125 -54.157760620117188 263.53897094726562 
522.08795166015625 -54.175853729248047 264.69775390625 
524.51751708984375 -53.90948486328125 266.27792358398438 
522.22357177734375 -54.030838012695312 267.42108154296875 
524.6429443359375 -53.698635101318359 268.98617553710938 
522.3551025390625 -53.926593780517578 270.10342407226562 
524.66162109375 -53.479629516601562 271.68203735351562 
522.426513671875 -53.821868896484375 272.74334716796875 
524.531005859375 -53.279014587402344 274.34857177734375 
522.47369384765625 -53.72015380859375 275.35223388671875 
524.37286376953125 -53.107589721679688 277.0250244140625 
522.5242919921875 -53.620124816894531 277.85784912109375 
524.27239990234375 -52.953845977783203 279.73941040039062 
524.25885009765625 -52.802768707275391 282.49725341796875 
524.2923583984375 -52.657966613769531 285.26385498046875 
524.35400390625 -52.495128631591797 288.03018188476562 
524.43597412109375 -52.319583892822266 290.80352783203125 
524.5185546875 -52.146915435791016 293.5330810546875 
524.63616943359375 -51.962337493896484 296.22750854492188 
524.74859619140625 -51.792446136474609 298.91738891601562 
524.840087890625 -51.641132354736328 301.60855102539062 
524.86383056640625 -51.545528411865234 304.31768798828125 
524.907958984375 -51.428089141845703 307.00558471679688 
524.9859619140625 -51.288471221923828 309.7257080078125 
525.23394775390625 -51.070037841796875 312.45916748046875 
525.8936767578125 -50.711334228515625 315.13446044921875 
524.64666748046875 -51.230308532714844 318.28591918945312 
526.00836181640625 -50.435382843017578 320.56292724609375 
524.50115966796875 -51.222713470458984 321.331787109375 
525.8743896484375 -50.373905181884766 323.28695678710938 
526.13458251953125 -50.510650634765625 317.83004760742188 
524.40350341796875 -51.185909271240234 324.21371459960938 
525.75640869140625 -50.316497802734375 326.00399780273438 
524.36737060546875 -51.112033843994141 326.99658203125 
525.86444091796875 -50.154689788818359 328.68173217773438 
524.49066162109375 -50.949577331542969 329.72036743164062 
526.3424072265625 -49.819034576416016 331.32034301757812 
524.67236328125 -50.745147705078125 332.30059814453125 
526.48876953125 -49.624927520751953 333.9512939453125 
524.6756591796875 -50.652988433837891 334.7813720703125 
526.0382080078125 -49.716197967529297 336.61422729492188 
524.5804443359375 -50.632659912109375 337.30902099609375 
525.9547119140625 -49.642421722412109 339.308837890625 
525.91925048828125 -49.560939788818359 342.0145263671875 
525.89154052734375 -49.470809936523438 344.72344970703125 
525.47808837890625 -49.656597137451172 347.80105590820312 
526.8966064453125 -48.828422546386719 346.71295166015625 
528.105224609375 -48.187709808349609 348.677490234375 
525.93328857421875 -49.201854705810547 350.33645629882812 
525.03387451171875 -30.900657653808594 399.71304321289062 
527.68511962890625 -30.993856430053711 398.8017578125 
525.53070068359375 -32.595798492431641 397.6849365234375 
528.143310546875 -32.884662628173828 396.53683471679688 
525.99908447265625 -34.477737426757812 395.54531860351562 
528.55841064453125 -34.743743896484375 394.31582641601562 
526.3941650390625 -36.283046722412109 393.32958984375 
526.72882080078125 -37.836868286132812 391.08285522460938 
529.23419189453125 -37.734729766845703 389.84896850585938 
526.977783203125 -39.164608001708984 388.79241943359375 
528.9189453125 -36.365596771240234 392.06732177734375 
527.1314697265625 -40.344768524169922 386.4581298828125 
529.63623046875 -39.936698913574219 385.24163818359375 
527.23388671875 -41.386177062988281 384.06790161132812 
529.48602294921875 -38.908744812011719 387.56820678710938 
529.71697998046875 -40.877105712890625 382.83816528320312 
527.30352783203125 -42.330131530761719 381.62716674804688 
527.2952880859375 -43.264591217041016 379.11968994140625 
529.59234619140625 -42.664703369140625 377.7310791015625 
527.189208984375 -44.136631011962891 376.6021728515625 
529.70574951171875 -41.779655456542969 380.33529663085938 
527.06842041015625 -44.943061828613281 374.061767578125 
529.27471923828125 -44.229377746582031 372.49093627929688 
526.96527099609375 -45.676570892333984 371.48025512695312 
529.43011474609375 -43.48126220703125 375.09814453125 
529.1224365234375 -44.907779693603516 369.85638427734375 
526.8531494140625 -46.315017700195312 368.89117431640625 
526.7266845703125 -46.870796203613281 366.2889404296875 
528.8302001953125 -46.005931854248047 364.65484619140625 
526.62579345703125 -47.325626373291016 363.67529296875 
528.9793701171875 -45.494846343994141 367.24441528320312 
526.5018310546875 -47.752830505371094 360.99642944335938 
528.55975341796875 -46.867786407470703 359.4661865234375 
526.34771728515625 -48.172805786132812 358.33224487304688 
528.6851806640625 -46.460498809814453 362.07406616210938 
528.44000244140625 -47.243915557861328 356.81338500976562 
526.19580078125 -48.561508178710938 355.6529541015625 
526.05902099609375 -48.902412414550781 352.98712158203125 
528.23101806640625 -47.902629852294922 351.39932250976562 
528.3414306640625 -47.584609985351562 354.11083984375 
524.43695068359375 -61.952068328857422 197.53509521484375 
525.10137939453125 -62.519634246826172 200.81855773925781 
525.92803955078125 -63.784492492675781 198.13848876953125 
525.465087890625 -63.2822265625 195.43229675292969 
541.50604248046875 -34.160526275634766 402.54580688476562 
539.53558349609375 -33.761146545410156 400.882080078125 
540.25604248046875 -32.26287841796875 403.503662109375 
542.34869384765625 -33.080036163330078 404.91192626953125 
533.79229736328125 -29.994205474853516 401.19354248046875 
535.70745849609375 -31.602258682250977 400.24270629882812 
533.66595458984375 -31.53858757019043 399.14019775390625 
536.14837646484375 -29.53278923034668 403.520263671875 
538.05413818359375 -31.79412841796875 401.88107299804688 
537.31134033203125 -33.974262237548828 398.57119750976562 
538.74395751953125 -30.336160659790039 404.84121704101562 
540.79144287109375 -35.224685668945312 400.55081176757812 
539.42633056640625 -35.658004760742188 398.59811401367188 
534.62890625 -33.1553955078125 397.67880249023438 
533.3302001953125 -28.291540145874023 403.73406982421875 
531.46600341796875 -29.028453826904297 401.6885986328125 
531.8087158203125 -30.687679290771484 399.48480224609375 
532.24652099609375 -32.436542510986328 397.47164916992188 
537.97491455078125 -36.478897094726562 396.10125732421875 
535.52899169921875 -35.237281799316406 395.66696166992188 
532.91436767578125 -34.258228302001953 395.49359130859375 
540.12164306640625 -37.730197906494141 396.84970092773438 
539.10723876953125 -38.579616546630859 394.3585205078125 
536.53564453125 -37.294425964355469 393.5697021484375 
533.6815185546875 -36.11041259765625 393.35012817382812 
534.70355224609375 -37.939140319824219 390.9273681640625 
538.0740966796875 -39.247989654541016 391.86080932617188 
536.75201416015625 -39.706474304199219 389.193115234375 
534.0928955078125 -38.877002716064453 388.5159912109375 
534.7777099609375 -39.852615356445312 386.67218017578125 
538.006103515625 -41.300552368164062 386.85699462890625 
534.9134521484375 -40.783821105957031 384.1051025390625 
537.22802734375 -41.981033325195312 383.303466796875 
540.015380859375 -43.062156677246094 385.36068725585938 
539.14569091796875 -43.366180419921875 382.17520141601562 
534.53912353515625 -41.5894775390625 381.19927978515625 
536.72802734375 -42.600448608398438 380.281005859375 
538.671875 -43.809917449951172 379.34014892578125 
536.5184326171875 -43.274803161621094 377.46414184570312 
534.27972412109375 -42.377353668212891 378.33819580078125 
541.5604248046875 -44.617721557617188 383.93936157226562 
540.853271484375 -44.820571899414062 380.98309326171875 
538.42974853515625 -44.263542175292969 377.05374145507812 
540.33172607421875 -45.118476867675781 378.30307006835938 
536.93621826171875 -44.162944793701172 374.59310913085938 
539.67498779296875 -45.325477600097656 375.6607666015625 
534.23101806640625 -43.132244110107422 375.50335693359375 
534.1119384765625 -43.828365325927734 372.67333984375 
536.4366455078125 -44.723548889160156 371.41949462890625 
539.00042724609375 -45.573516845703125 372.863037109375 
538.52789306640625 -45.917789459228516 370.10720825195312 
533.83758544921875 -44.430866241455078 369.90191650390625 
536.07281494140625 -45.186164855957031 368.7047119140625 
543.00225830078125 -46.182998657226562 382.50527954101562 
542.3853759765625 -46.352718353271484 379.70016479492188 
541.84185791015625 -46.561603546142578 376.9755859375 
541.3328857421875 -46.787899017333984 374.22491455078125 
540.82647705078125 -47.031352996826172 371.46661376953125 
538.13037109375 -46.233211517333984 367.57351684570312 
540.35321044921875 -47.260936737060547 368.83148193359375 
533.61212158203125 -44.962009429931641 367.24603271484375 
535.91162109375 -45.639663696289062 366.15011596679688 
544.3232421875 -47.827548980712891 381.01718139648438 
543.78753662109375 -47.970272064208984 378.28582763671875 
543.33551025390625 -48.159500122070312 375.56417846679688 
542.91986083984375 -48.366348266601562 372.83236694335938 
542.44189453125 -48.54437255859375 370.13299560546875 
537.86163330078125 -46.512626647949219 365.46697998046875 
539.85302734375 -47.433086395263672 366.36178588867188 
541.9488525390625 -48.688182830810547 367.52102661132812 
533.56365966796875 -45.456096649169922 364.62741088867188 
536.31884765625 -46.27227783203125 363.431396484375 
539.13299560546875 -47.45477294921875 363.9774169921875 
541.36895751953125 -48.758735656738281 364.98226928710938 
538.3951416015625 -47.505241394042969 361.48507690429688 
540.76275634765625 -48.795608520507812 362.43893432617188 
535.87396240234375 -46.641876220703125 360.50546264648438 
537.97088623046875 -47.743190765380859 358.86862182617188 
540.22198486328125 -48.882118225097656 359.85986328125 
535.5809326171875 -47.001235961914062 357.81396484375 
537.66680908203125 -48.032672882080078 356.2393798828125 
539.8160400390625 -49.066940307617188 357.24771118164062 
533.4923095703125 -45.911510467529297 361.98660278320312 
533.2757568359375 -46.326431274414062 359.29583740234375 
535.3880615234375 -47.340286254882812 355.14706420898438 
533.0968017578125 -46.711559295654297 356.53622436523438 
533.02008056640625 -47.064254760742188 353.83352661132812 
535.11578369140625 -47.633380889892578 352.60174560546875 
537.37347412109375 -48.317264556884766 353.59161376953125 
539.4735107421875 -49.291873931884766 354.60870361328125 
539.1058349609375 -49.494586944580078 351.93783569335938 
536.939697265625 -48.511573791503906 350.98992919921875 
533.07904052734375 -47.34033203125 351.73968505859375 
534.506591796875 -47.792224884033203 350.22061157226562 
538.65521240234375 -49.644676208496094 349.26260375976562 
536.31610107421875 -48.621803283691406 348.35952758789062 
538.1546630859375 -49.759078979492188 346.55148315429688 
535.73846435546875 -48.753669738769531 345.64218139648438 
533.3970947265625 -47.884635925292969 347.59466552734375 
533.26043701171875 -48.17218017578125 344.74020385742188 
537.65606689453125 -49.863327026367188 343.84381103515625 
535.268310546875 -48.902675628662109 342.9205322265625 
531.42742919921875 -47.8687744140625 346.17666625976562 
532.72723388671875 -48.333782196044922 342.158935546875 
530.797607421875 -48.061786651611328 344.080322265625 
534.636962890625 -48.972053527832031 340.1953125 
537.1668701171875 -49.948585510253906 341.1573486328125 
530.20458984375 -48.272190093994141 341.62167358398438 
532.0147705078125 -48.443775177001953 339.62887573242188 
533.7476806640625 -49.001361846923828 337.148193359375 
536.62884521484375 -50.008762359619141 338.39682006835938 
529.79217529296875 -48.445297241210938 339.47769165039062 
530.72467041015625 -48.541427612304688 337.37188720703125 
531.7095947265625 -48.795524597167969 334.85824584960938 
534.1112060546875 -49.413722991943359 334.1002197265625 
536.30218505859375 -50.185703277587891 335.60501098632812 
531.939208984375 -47.463497161865234 350.01742553710938 
530.5272216796875 -47.716217041015625 348.14508056640625 
529.2650146484375 -48.062431335449219 346.27294921875 
528.02154541015625 -48.562107086181641 343.72848510742188 
527.943115234375 -48.750228881835938 340.69857788085938 
528.16180419921875 -48.820098876953125 338.11724853515625 
528.841552734375 -48.842090606689453 335.18002319335938 
530.322998046875 -48.857189178466797 333.14337158203125 
532.23004150390625 -49.089649200439453 332.40713500976562 
534.2784423828125 -49.743053436279297 331.53024291992188 
536.23223876953125 -50.465137481689453 332.91397094726562 
528.4295654296875 -49.109664916992188 332.38067626953125 
530.44775390625 -49.030532836914062 330.93389892578125 
532.54742431640625 -49.396041870117188 329.90621948242188 
534.40997314453125 -50.037452697753906 329.36541748046875 
536.12744140625 -50.7154541015625 330.37509155273438 
531.501220703125 -36.830291748046875 391.38235473632812 
530.94488525390625 -35.264148712158203 393.61737060546875 
531.8114013671875 -38.110301971435547 389.09893798828125 
531.993896484375 -39.138641357421875 386.86184692382812 
532.17352294921875 -40.082836151123047 384.55252075195312 
541.32818603515625 -36.899410247802734 399.27224731445312 
532.10833740234375 -40.979503631591797 381.9932861328125 
531.9375 -41.851490020751953 379.28543090820312 
531.78857421875 -42.672958374023438 376.54501342773438 
535.808349609375 -50.862602233886719 327.85806274414062 
533.260986328125 -49.878929138183594 327.1259765625 
530.63592529296875 -49.254810333251953 328.34066772460938 
530.7467041015625 -49.512203216552734 325.506591796875 
533.0767822265625 -50.153656005859375 323.98223876953125 
535.40435791015625 -50.995697021484375 325.16848754882812 
528.28997802734375 -49.299888610839844 329.78280639648438 
528.2259521484375 -49.471584320068359 327.11117553710938 
528.21038818359375 -49.660881042480469 324.34384155273438 
530.676025390625 -49.751731872558594 322.72744750976562 
532.89227294921875 -50.393253326416016 321.15689086914062 
535.14556884765625 -51.206047058105469 322.36526489257812 
528.19976806640625 -49.841693878173828 321.623046875 
530.53607177734375 -49.97003173828125 320.00033569335938 
532.63482666015625 -50.5947265625 318.447265625 
534.888427734375 -51.419231414794922 319.62005615234375 
528.128662109375 -50.029277801513672 318.92303466796875 
530.2791748046875 -50.176719665527344 317.29501342773438 
532.342041015625 -50.784523010253906 315.76480102539062 
534.61053466796875 -51.60809326171875 316.90081787109375 
527.92626953125 -50.2457275390625 316.20623779296875 
529.9520263671875 -50.360210418701172 314.612060546875 
532.0350341796875 -50.957004547119141 313.09332275390625 
534.31396484375 -51.795127868652344 314.20504760742188 
529.70416259765625 -50.548530578613281 311.91677856445312 
527.56390380859375 -50.445671081542969 313.49908447265625 
531.8831787109375 -51.169776916503906 310.47677612304688 
534.04998779296875 -51.981300354003906 311.5369873046875 
533.82958984375 -52.185977935791016 308.95010375976562 
531.8955078125 -51.412631988525391 308.18939208984375 
529.7451171875 -50.767475128173828 309.20220947265625 
527.31817626953125 -50.626384735107422 310.76986694335938 
533.39764404296875 -52.284011840820312 306.46408081054688 
530.4903564453125 -51.188377380371094 306.18722534179688 
527.39617919921875 -50.788856506347656 307.94488525390625 
527.5057373046875 -50.958366394042969 305.09542846679688 
530.26617431640625 -51.451187133789062 303.0950927734375 
532.93603515625 -52.389900207519531 303.8782958984375 
527.43536376953125 -51.168601989746094 302.35232543945312 
530.060546875 -51.676631927490234 300.37310791015625 
532.64520263671875 -52.573188781738281 301.15704345703125 
527.28466796875 -51.371135711669922 299.66244506835938 
529.82391357421875 -51.892669677734375 297.71865844726562 
532.35699462890625 -52.770313262939453 298.54141235351562 
527.11260986328125 -51.591579437255859 296.9833984375 
529.595947265625 -52.121379852294922 295.05819702148438 
532.0684814453125 -52.964118957519531 295.89077758789062 
526.95538330078125 -51.822990417480469 294.31048583984375 
531.80963134765625 -53.191211700439453 293.22201538085938 
529.384033203125 -52.359233856201172 292.36639404296875 
526.8070068359375 -52.045452117919922 291.59857177734375 
529.2025146484375 -52.597919464111328 289.64492797851562 
531.55853271484375 -53.433597564697266 290.50521850585938 
533.63763427734375 -54.542430877685547 291.48580932617188 
533.9263916015625 -54.303047180175781 294.20199584960938 
534.224365234375 -54.095279693603516 296.88363647460938 
534.55706787109375 -53.912815093994141 299.52462768554688 
534.9033203125 -53.752349853515625 302.14971923828125 
535.2252197265625 -53.590702056884766 304.7816162109375 
535.55389404296875 -53.438648223876953 307.38616943359375 
535.83685302734375 -53.254852294921875 310.00955200195312 
536.09033203125 -53.055233001708984 312.66384887695312 
536.3681640625 -52.847320556640625 315.3543701171875 
536.6624755859375 -52.659255981445312 318.052978515625 
536.948974609375 -52.476539611816406 320.77041625976562 
537.23492431640625 -52.281757354736328 323.51031494140625 
537.5301513671875 -52.104270935058594 326.22537231445312 
537.8267822265625 -51.926826477050781 328.90371704101562 
538.07635498046875 -51.734310150146484 331.53836059570312 
538.2891845703125 -51.519683837890625 334.18362426757812 
538.56011962890625 -51.344631195068359 336.86279296875 
538.97259521484375 -51.240409851074219 339.54534912109375 
539.39202880859375 -51.155059814453125 342.21539306640625 
539.8187255859375 -51.062450408935547 344.89892578125 
540.2637939453125 -50.959327697753906 347.60928344726562 
540.68804931640625 -50.824428558349609 350.34002685546875 
541.0821533203125 -50.670986175537109 353.0606689453125 
541.447998046875 -50.49786376953125 355.73562622070312 
541.83819580078125 -50.360458374023438 358.36749267578125 
542.303955078125 -50.285190582275391 360.98699951171875 
542.83758544921875 -50.250438690185547 363.583984375 
543.357177734375 -50.200736999511719 366.166748046875 
543.86383056640625 -50.125247955322266 368.77651977539062 
544.30218505859375 -49.979209899902344 371.43515014648438 
544.69921875 -49.800121307373047 374.1572265625 
545.10400390625 -49.625644683837891 376.86630249023438 
545.53179931640625 -49.459121704101562 379.56640625 
531.64239501953125 -43.429542541503906 373.81854248046875 
531.476806640625 -44.119747161865234 371.11944580078125 
531.28399658203125 -44.728565216064453 368.44781494140625 
531.131591796875 -45.260337829589844 365.83441162109375 
531.01324462890625 -45.729999542236328 363.25698852539062 
542.531005859375 -36.087650299072266 401.57485961914062 
543.64453125 -35.272922515869141 403.82431030273438 
540.87872314453125 -31.173168182373047 406.16989135742188 
537.13348388671875 -28.699090957641602 406.5618896484375 
539.2896728515625 -29.588153839111328 407.57901000976562 
534.67230224609375 -27.836202621459961 406.10055541992188 
537.6328125 -28.264970779418945 409.09967041015625 
535.50787353515625 -27.507991790771484 408.5677490234375 
530.885986328125 -46.155632019042969 360.65277099609375 
530.72216796875 -46.557746887207031 357.95587158203125 
530.4970703125 -46.976249694824219 354.84353637695312 
535.55621337890625 -55.7813720703125 292.6307373046875 
535.88446044921875 -55.563350677490234 295.328857421875 
536.23504638671875 -55.377128601074219 298.01535034179688 
536.5848388671875 -55.197883605957031 300.6702880859375 
536.9163818359375 -55.039562225341797 303.30398559570312 
537.2196044921875 -54.869831085205078 305.91607666015625 
537.4906005859375 -54.679267883300781 308.53060913085938 
537.7388916015625 -54.46844482421875 311.17269897460938 
538.010498046875 -54.268520355224609 313.82559204101562 
538.2938232421875 -54.070018768310547 316.50799560546875 
538.58648681640625 -53.880950927734375 319.22274780273438 
538.8765869140625 -53.694534301757812 321.93856811523438 
539.15435791015625 -53.497173309326172 324.66436767578125 
539.44439697265625 -53.330341339111328 327.3763427734375 
539.71588134765625 -53.133342742919922 330.07406616210938 
539.98419189453125 -52.951889038085938 332.734375 
540.272705078125 -52.802452087402344 335.3824462890625 
540.6087646484375 -52.678440093994141 338.02395629882812 
540.99517822265625 -52.587123870849609 340.69140625 
541.3890380859375 -52.491863250732422 343.37271118164062 
541.78594970703125 -52.382595062255859 346.08758544921875 
542.19378662109375 -52.274547576904297 348.82846069335938 
542.585693359375 -52.152042388916016 351.58743286132812 
542.95953369140625 -52.010391235351562 354.30923461914062 
543.340576171875 -51.896900177001953 357.00384521484375 
543.7508544921875 -51.822399139404297 359.63372802734375 
544.2183837890625 -51.791458129882812 362.22872924804688 
544.71124267578125 -51.767551422119141 364.813720703125 
545.1888427734375 -51.724956512451172 367.43978881835938 
545.6129150390625 -51.621463775634766 370.08895874023438 
546.0081787109375 -51.4786376953125 372.77630615234375 
546.37445068359375 -51.311313629150391 375.48202514648438 
546.78411865234375 -51.15771484375 378.2078857421875 
535.25347900390625 -56.036052703857422 289.91314697265625 
533.35699462890625 -54.792640686035156 288.77169799804688 
531.3316650390625 -53.687759399414062 287.80514526367188 
526.68084716796875 -52.260982513427734 288.87652587890625 
529.01239013671875 -52.844074249267578 286.94464111328125 
526.54913330078125 -52.484378814697266 286.15667724609375 
528.80438232421875 -53.099617004394531 284.31976318359375 
531.0679931640625 -53.950141906738281 285.15573120117188 
533.07177734375 -55.039188385009766 286.077392578125 
534.94744873046875 -56.278709411621094 287.18267822265625 
526.4515380859375 -52.709648132324219 283.49472045898438 
528.54669189453125 -53.308403015136719 281.81448364257812 
530.73651123046875 -54.167503356933594 282.5858154296875 
532.762451171875 -55.274978637695312 283.433837890625 
534.63909912109375 -56.523868560791016 284.50372314453125 
526.387451171875 -52.911098480224609 280.9229736328125 
528.2525634765625 -53.469749450683594 279.742919921875 
530.24664306640625 -54.277793884277344 280.125244140625 
532.3709716796875 -55.439083099365234 280.8660888671875 
534.29217529296875 -56.725791931152344 281.849365234375 
526.595458984375 -53.174587249755859 278.44866943359375 
529.2991943359375 -54.1649169921875 277.57565307617188 
531.8515625 -55.5274658203125 278.305908203125 
533.894287109375 -56.890922546386719 279.24722290039062 
531.3367919921875 -55.598003387451172 275.7593994140625 
533.46209716796875 -57.037120819091797 276.669677734375 
529.2940673828125 -54.502712249755859 275.03103637695312 
530.8065185546875 -55.666873931884766 273.28228759765625 
533.02978515625 -57.185615539550781 274.10025024414062 
526.9810791015625 -53.524978637695312 275.83746337890625 
527.78436279296875 -54.123699188232422 272.929443359375 
530.27435302734375 -55.724830627441406 270.67697143554688 
532.59857177734375 -57.323993682861328 271.49261474609375 
527.5369873046875 -54.413444519042969 269.8773193359375 
529.98345947265625 -55.998405456542969 267.92791748046875 
532.22222900390625 -57.525009155273438 268.80484008789062 
527.3436279296875 -54.689212799072266 267.10726928710938 
529.71612548828125 -56.279476165771484 265.18173217773438 
531.8868408203125 -57.783248901367188 266.09005737304688 
527.15240478515625 -54.967464447021484 264.36993408203125 
529.44940185546875 -56.572174072265625 262.41567993164062 
531.56005859375 -58.05206298828125 263.35980224609375 
526.94189453125 -55.252754211425781 261.61407470703125 
529.1427001953125 -56.839733123779297 259.68115234375 
531.2034912109375 -58.300514221191406 260.64007568359375 
526.7093505859375 -55.548622131347656 258.86163330078125 
530.83685302734375 -58.537971496582031 257.91452026367188 
528.81964111328125 -57.098308563232422 256.937744140625 
526.45458984375 -55.819847106933594 256.110107421875 
530.4693603515625 -58.773269653320312 255.18788146972656 
528.48883056640625 -57.338382720947266 254.21797180175781 
526.1912841796875 -56.06707763671875 253.39971923828125 
528.193359375 -57.575828552246094 251.5550537109375 
530.1268310546875 -59.000244140625 252.51063537597656 
531.8841552734375 -60.594066619873047 253.6121826171875 
532.27093505859375 -60.359786987304688 256.33233642578125 
532.67486572265625 -60.121223449707031 259.05816650390625 
533.08013916015625 -59.900161743164062 261.77783203125 
533.4739990234375 -59.658195495605469 264.4810791015625 
533.8575439453125 -59.411357879638672 267.19461059570312 
534.2255859375 -59.168212890625 269.8861083984375 
531.51934814453125 -60.837814331054688 250.93028259277344 
529.80279541015625 -59.249759674072266 249.84208679199219 
525.93267822265625 -56.288589477539062 250.73078918457031 
527.8868408203125 -57.810691833496094 248.91090393066406 
525.64520263671875 -56.511196136474609 248.06961059570312 
527.567626953125 -58.04986572265625 246.24882507324219 
529.461669921875 -59.487834930419922 247.19303894042969 
531.1690673828125 -61.088665008544922 248.26885986328125 
532.71514892578125 -62.804225921630859 249.43952941894531 
533.09344482421875 -62.551815032958984 252.1397705078125 
533.48577880859375 -62.293033599853516 254.84658813476562 
533.90972900390625 -62.063529968261719 257.58114624023438 
534.35760498046875 -61.851150512695312 260.32147216796875 
534.806884765625 -61.646183013916016 263.033935546875 
535.23541259765625 -61.420818328857422 265.73287963867188 
535.64544677734375 -61.195316314697266 268.42315673828125 
534.615478515625 -58.973403930664062 272.54708862304688 
534.99786376953125 -58.761363983154297 275.17657470703125 
535.37420654296875 -58.565235137939453 277.77825927734375 
536.04595947265625 -60.966285705566406 271.10455322265625 
536.42596435546875 -60.726303100585938 273.73883056640625 
536.8013916015625 -60.500301361083984 276.35528564453125 
532.34197998046875 -63.059108734130859 246.77476501464844 
530.7906494140625 -61.301715850830078 245.60308837890625 
529.0950927734375 -59.708721160888672 244.54197692871094 
525.34136962890625 -56.731655120849609 245.3853759765625 
527.2244873046875 -58.269519805908203 243.58749389648438 
531.92816162109375 -63.213691711425781 244.08456420898438 
530.3931884765625 -61.497634887695312 242.91854858398438 
528.713134765625 -59.920459747314453 241.86917114257812 
525.025390625 -56.957374572753906 242.68890380859375 
526.85821533203125 -58.475860595703125 240.92657470703125 
524.71917724609375 -57.182384490966797 240.01492309570312 
526.418212890625 -58.593711853027344 238.36006164550781 
528.25286865234375 -60.048820495605469 239.20652770996094 
529.95135498046875 -61.649932861328125 240.23321533203125 
531.51007080078125 -63.373462677001953 241.39585876464844 
524.43328857421875 -57.382831573486328 237.435546875 
525.95294189453125 -58.594635009765625 236.25810241699219 
527.6102294921875 -59.953754425048828 236.65866088867188 
529.409912109375 -61.658836364746094 237.5406494140625 
531.036376953125 -63.467330932617188 238.71322631835938 
524.38153076171875 -57.705490112304688 234.94552612304688 
526.501708984375 -59.388175964355469 234.31289672851562 
528.5921630859375 -61.353034973144531 234.80308532714844 
530.4527587890625 -63.396343231201172 235.98442077636719 
524.5921630859375 -58.218303680419922 232.34190368652344 
527.2908935546875 -60.618186950683594 231.70805358886719 
529.736083984375 -63.148700714111328 233.134033203125 
529.10894775390625 -63.021858215332031 230.24018859863281 
526.93426513671875 -60.881454467773438 228.48771667480469 
524.65631103515625 -58.670318603515625 229.56260681152344 
528.70428466796875 -63.133010864257812 227.42295837402344 
526.6966552734375 -61.156238555908203 225.70539855957031 
524.54071044921875 -59.002525329589844 226.7899169921875 
528.40313720703125 -63.318183898925781 224.71885681152344 
524.51104736328125 -59.384853363037109 224.0909423828125 
526.53302001953125 -61.437381744384766 223.01068115234375 
528.1376953125 -63.4835205078125 222.00212097167969 
524.54437255859375 -59.7991943359375 221.4161376953125 
526.35693359375 -61.672462463378906 220.32138061523438 
527.87353515625 -63.627861022949219 219.31748962402344 
524.43841552734375 -60.073013305664062 218.77882385253906 
526.15478515625 -61.855293273925781 217.63551330566406 
527.6182861328125 -63.767841339111328 216.66773986816406 
524.1773681640625 -60.179447174072266 216.11526489257812 
525.91351318359375 -61.963233947753906 214.96286010742188 
527.37164306640625 -63.891151428222656 214.0155029296875 
523.91204833984375 -60.250980377197266 213.44834899902344 
525.67755126953125 -62.053993225097656 212.3133544921875 
527.15521240234375 -64.003280639648438 211.35906982421875 
523.67083740234375 -60.315525054931641 210.77445983886719 
525.465576171875 -62.133899688720703 209.66421508789062 
526.9488525390625 -64.105873107910156 208.70979309082031 
523.4517822265625 -60.363910675048828 208.11480712890625 
525.2637939453125 -62.185153961181641 206.97283935546875 
526.76202392578125 -64.204421997070312 206.01602172851562 
523.27716064453125 -60.420024871826172 205.384033203125 
525.12628173828125 -62.289894104003906 204.15724182128906 
526.64630126953125 -64.397735595703125 203.2303466796875 
523.13616943359375 -60.484214782714844 202.52769470214844 
526.694091796875 -64.822074890136719 200.5196533203125 
526.83758544921875 -65.441856384277344 198.43682861328125 
522.915771484375 -60.439197540283203 199.56764221191406 
522.593505859375 -60.271213531494141 196.68174743652344 
523.9930419921875 -61.569778442382812 194.77568054199219 
526.555908203125 -65.104476928710938 196.23417663574219 
522.30157470703125 -60.0596923828125 193.92050170898438 
523.6048583984375 -61.212982177734375 192.55574035644531 
524.99810791015625 -62.747669219970703 192.81407165527344 
526.22418212890625 -64.684234619140625 193.55503845214844 
527.20318603515625 -66.931541442871094 197.40364074707031 
526.97705078125 -66.796737670898438 194.81875610351562 
535.7550048828125 -58.367919921875 280.39273071289062 
536.1153564453125 -58.160678863525391 283.03125 
536.45111083984375 -57.942752838134766 285.7197265625 
527.40289306640625 -66.865814208984375 199.87141418457031 
527.56219482421875 -66.636024475097656 202.41983032226562 
527.75567626953125 -66.446357727050781 205.07411193847656 
527.993896484375 -66.321319580078125 207.75053405761719 
528.2403564453125 -66.186607360839844 210.42109680175781 
528.49688720703125 -66.040168762207031 213.0848388671875 
528.7662353515625 -65.876197814941406 215.71507263183594 
529.0579833984375 -65.741439819335938 218.36752319335938 
529.368896484375 -65.614524841308594 221.01678466796875 
529.7001953125 -65.504623413085938 223.712158203125 
530.0513916015625 -65.407508850097656 226.41099548339844 
530.448974609375 -65.322799682617188 229.09616088867188 
530.92437744140625 -65.31048583984375 231.83651733398438 
531.447998046875 -65.378898620605469 234.56434631347656 
531.9676513671875 -65.422103881835938 237.27030944824219 
536.7711181640625 -57.700359344482422 288.43243408203125 
537.10137939453125 -57.455894470214844 291.15420532226562 
537.43170166015625 -57.200382232666016 293.85980224609375 
537.7874755859375 -56.986175537109375 296.5660400390625 
538.1463623046875 -56.806289672851562 299.2357177734375 
538.47772216796875 -56.632656097412109 301.87399291992188 
538.78643798828125 -56.455028533935547 304.48974609375 
539.05963134765625 -56.261131286621094 307.09860229492188 
539.3243408203125 -56.056789398193359 309.72750854492188 
539.578369140625 -55.845333099365234 312.36990356445312 
539.84967041015625 -55.650775909423828 315.03884887695312 
540.1363525390625 -55.460742950439453 317.74246215820312 
540.4166259765625 -55.256401062011719 320.45404052734375 
540.70794677734375 -55.057754516601562 323.160400390625 
540.9813232421875 -54.868915557861328 325.88690185546875 
541.25439453125 -54.681755065917969 328.58963012695312 
541.53070068359375 -54.501590728759766 331.28207397460938 
541.82464599609375 -54.352634429931641 333.94415283203125 
542.14447021484375 -54.230339050292969 336.597900390625 
532.437255859375 -65.369102478027344 239.93057250976562 
532.88299560546875 -65.226058959960938 242.59257507324219 
533.31689453125 -65.087532043457031 245.27996826171875 
533.73553466796875 -64.915397644042969 247.97496032714844 
534.140869140625 -64.666664123535156 250.6865234375 
534.55767822265625 -64.4219970703125 253.4178466796875 
534.989501953125 -64.168159484863281 256.15945434570312 
535.44903564453125 -63.943428039550781 258.9130859375 
535.924072265625 -63.753265380859375 261.63851928710938 
536.379638671875 -63.543724060058594 264.33883666992188 
536.82086181640625 -63.338748931884766 267.02169799804688 
537.24615478515625 -63.115329742431641 269.68954467773438 
537.66552734375 -62.876190185546875 272.32806396484375 
538.06878662109375 -62.638736724853516 274.94174194335938 
537.17041015625 -60.269439697265625 278.97183227539062 
538.4617919921875 -62.406784057617188 277.55328369140625 
537.547119140625 -60.062782287597656 281.5931396484375 
538.8358154296875 -62.167690277099609 280.15316772460938 
537.901611328125 -59.835437774658203 284.27365112304688 
539.2042236328125 -61.925891876220703 282.81112670898438 
538.24102783203125 -59.590629577636719 286.9818115234375 
539.57183837890625 -61.685012817382812 285.51312255859375 
538.57574462890625 -59.332157135009766 289.691162109375 
539.9239501953125 -61.415840148925781 288.21121215820312 
538.90869140625 -59.0631103515625 292.41531372070312 
540.29412841796875 -61.153270721435547 290.93942260742188 
539.26531982421875 -58.823749542236328 295.11688232421875 
540.6573486328125 -60.878082275390625 293.64825439453125 
539.6287841796875 -58.611362457275391 297.79574584960938 
539.951416015625 -58.382038116455078 300.4324951171875 
541.02313232421875 -60.617343902587891 296.32656860351562 
541.36297607421875 -60.348117828369141 298.9945068359375 
540.26611328125 -58.199867248535156 303.05953979492188 
541.67645263671875 -60.114616394042969 301.63552856445312 
540.547607421875 -57.997653961181641 305.68130493164062 
541.958984375 -59.894084930419922 304.2626953125 
540.81243896484375 -57.794178009033203 308.30386352539062 
542.2279052734375 -59.682270050048828 306.89459228515625 
541.076904296875 -57.577857971191406 310.94717407226562 
542.48858642578125 -59.46734619140625 309.53912353515625 
541.33837890625 -57.36444091796875 313.61203002929688 
542.74273681640625 -59.230846405029297 312.20526123046875 
541.614501953125 -57.164310455322266 316.29818725585938 
543.006103515625 -59.0106201171875 314.87445068359375 
541.88946533203125 -56.952365875244141 318.9932861328125 
543.2847900390625 -58.783657073974609 317.57058715820312 
542.17828369140625 -56.739013671875 321.7091064453125 
543.5726318359375 -58.564628601074219 320.2752685546875 
542.4542236328125 -56.529380798339844 324.42520141601562 
543.8502197265625 -58.336441040039062 322.99566650390625 
542.73724365234375 -56.356922149658203 327.13583374023438 
544.1334228515625 -58.138263702392578 325.71051025390625 
530.42218017578125 -33.498081207275391 395.77346801757812 
542.50927734375 -54.132755279541016 339.27276611328125 
543.01092529296875 -56.176528930664062 329.83670043945312 
543.30230712890625 -56.036552429199219 332.52871704101562 
543.6094970703125 -55.909450531005859 335.20187377929688 
543.96337890625 -55.823680877685547 337.87973022460938 
544.414794921875 -57.974212646484375 328.42257690429688 
544.6956787109375 -57.827835083007812 331.1138916015625 
545.00299072265625 -57.721576690673828 333.79977416992188 
545.3319091796875 -57.6246337890625 336.48614501953125 
542.89178466796875 -54.043346405029297 341.95330810546875 
544.344970703125 -55.73516845703125 340.56121826171875 
545.69232177734375 -57.542903900146484 339.17880249023438 
543.288818359375 -53.964515686035156 344.6641845703125 
544.7333984375 -55.657192230224609 343.27215576171875 
546.0692138671875 -57.459064483642578 341.90597534179688 
543.67822265625 -53.851005554199219 347.4173583984375 
545.11383056640625 -55.549781799316406 346.04229736328125 
546.44830322265625 -57.366947174072266 344.66732788085938 
544.06011962890625 -53.742279052734375 350.17532348632812 
545.5003662109375 -55.449047088623047 348.832275390625 
546.8255615234375 -57.258468627929688 347.45883178710938 
544.4345703125 -53.627204895019531 352.94769287109375 
545.8609619140625 -55.331329345703125 351.62026977539062 
547.18914794921875 -57.136543273925781 350.25979614257812 
544.79974365234375 -53.514266967773438 355.68118286132812 
546.22247314453125 -55.230106353759766 354.36468505859375 
547.5589599609375 -57.044063568115234 353.02999877929688 
545.18597412109375 -53.441875457763672 358.36569213867188 
546.5955810546875 -55.15509033203125 357.08026123046875 
547.92449951171875 -56.96051025390625 355.75985717773438 
545.60626220703125 -53.400966644287109 360.96893310546875 
546.0689697265625 -53.391811370849609 363.53369140625 
546.52545166015625 -53.368064880371094 366.11285400390625 
546.94903564453125 -53.299293518066406 368.73440551757812 
546.99591064453125 -55.103702545166016 359.72311401367188 
547.42523193359375 -55.078605651855469 362.28582763671875 
547.86932373046875 -55.060714721679688 364.83441162109375 
548.2816162109375 -55.007946014404297 367.41445922851562 
547.32598876953125 -53.1845703125 371.39178466796875 
548.65570068359375 -54.909843444824219 370.03253173828125 
547.6805419921875 -53.037773132324219 374.10333251953125 
548.05523681640625 -52.909427642822266 376.83456420898438 
548.3203125 -56.915920257568359 358.40765380859375 
548.71820068359375 -56.854759216308594 361.00247192382812 
549.129150390625 -56.805019378662109 363.54501342773438 
549.52587890625 -56.742687225341797 366.10348510742188 
549.89508056640625 -56.649959564208984 368.70205688476562 
548.9923095703125 -54.783733367919922 372.70675659179688 
550.24560546875 -56.54925537109375 371.35791015625 
526.75494384765625 -66.579238891601562 192.10040283203125 
525.783203125 -64.002357482910156 190.5135498046875 
524.182861328125 -61.803398132324219 190.54702758789062 
524.6845703125 -62.400436401367188 188.56040954589844 
525.67462158203125 -63.949466705322266 187.51502990722656 
526.5667724609375 -66.412925720214844 189.29278564453125 
549.34979248046875 -54.656684875488281 375.44070434570312 
550.58636474609375 -56.456573486328125 374.04595947265625 
529.9559326171875 -31.668573379516602 397.913330078125 
544.3875732421875 -34.318508148193359 406.1871337890625 
542.820068359375 -32.186859130859375 407.43533325195312 
541.17608642578125 -30.508241653442383 408.79718017578125 
544.61724853515625 -33.430850982666016 408.664306640625 
542.85125732421875 -31.531772613525391 410.00521850585938 
539.380615234375 -29.109090805053711 410.15298461914062 
540.99920654296875 -29.994142532348633 411.34286499023438 
522.19500732421875 -59.965339660644531 190.93002319335938 
523.177490234375 -60.777492523193359 188.3363037109375 
524.177490234375 -61.772865295410156 186.39346313476562 
521.201171875 -59.189613342285156 188.10052490234375 
522.2259521484375 -59.906150817871094 185.93148803710938 
525.32501220703125 -63.329807281494141 184.7666015625 
523.37774658203125 -60.855991363525391 183.90533447265625 
526.38140869140625 -66.110671997070312 186.4482421875 
544.421142578125 -32.643501281738281 411.20535278320312 
542.59979248046875 -30.847602844238281 412.48248291015625 
536.0499267578125 -27.33929443359375 410.462890625 
537.44873046875 -27.882223129272461 411.4627685546875 
539.03460693359375 -28.573291778564453 412.63595581054688 
540.6903076171875 -29.275966644287109 413.77359008789062 
529.56573486328125 -29.891872406005859 400.091064453125 
544.09857177734375 -31.826015472412109 413.57894897460938 
542.27020263671875 -30.05647087097168 414.79708862304688 
526.24053955078125 -65.830375671386719 183.66168212890625 
524.8123779296875 -62.412937164306641 181.71066284179688 
526.16693115234375 -65.815338134765625 180.93449401855469 
525.236328125 -62.948417663574219 178.79850769042969 
526.14776611328125 -66.096427917480469 178.34089660644531 
525.5333251953125 -63.481903076171875 176.24784851074219 
526.137939453125 -66.484275817871094 175.83277893066406 
525.8140869140625 -64.165519714355469 173.46078491210938 
526.11676025390625 -67.158699035644531 173.77107238769531 
526.127685546875 -66.714515686035156 171.603759765625 
525.823974609375 -63.865348815917969 170.50341796875 
526.17730712890625 -66.627151489257812 168.97731018066406 
525.95330810546875 -63.795387268066406 167.79052734375 
526.27484130859375 -66.611709594726562 166.29891967773438 
526.1151123046875 -63.722122192382812 165.09063720703125 
526.40692138671875 -66.548561096191406 163.61643981933594 
526.3359375 -63.614315032958984 162.36830139160156 
526.611083984375 -66.439300537109375 160.91712951660156 
526.5960693359375 -63.455486297607422 159.61988830566406 
526.87286376953125 -66.261199951171875 158.184326171875 
526.90155029296875 -63.248703002929688 156.85212707519531 
527.17315673828125 -65.957038879394531 155.38984680175781 
527.277099609375 -62.946571350097656 154.10887145996094 
527.63226318359375 -65.406990051269531 152.35084533691406 
527.602783203125 -62.452468872070312 151.86067199707031 
528.026611328125 -63.206844329833984 149.90432739257812 
527.9725341796875 -66.126266479492188 149.56747436523438 
528.33404541015625 -64.230514526367188 147.57916259765625 
528.14404296875 -66.709716796875 147.48518371582031 
543.63031005859375 -31.066144943237305 415.57534790039062 
530.76641845703125 -47.265098571777344 352.01425170898438 
529.43133544921875 -47.437774658203125 352.53570556640625 
529.40087890625 -47.665096282958984 350.3226318359375 
520.094970703125 -61.632946014404297 132.49208068847656 
520.56927490234375 -59.833316802978516 131.73318481445312 
520.9266357421875 -56.296150207519531 128.37242126464844 
518.89727783203125 -56.544643402099609 129.26644897460938 
521.51226806640625 -57.927722930908203 130.14021301269531 
519.6318359375 -58.144538879394531 130.89521789550781 
529.39312744140625 -47.679519653320312 350.310302734375 
521.78839111328125 -66.423629760742188 132.6124267578125 
522.25360107421875 -68.280677795410156 132.65391540527344 
523.19482421875 -69.680816650390625 133.15565490722656 
523.932861328125 -71.3565673828125 134.02615356445312 
524.3245849609375 -73.007110595703125 135.03915405273438 
524.4696044921875 -76.298652648925781 149.365478515625 
508.9744873046875 -54.942630767822266 130.22093200683594 
509.42535400390625 -53.416725158691406 129.47602844238281 
511.27618408203125 -53.884307861328125 129.08158874511719 
512.3406982421875 -50.79278564453125 127.96575927734375 
510.21041870117188 -51.770492553710938 128.70994567871094 
507.9993896484375 -52.733066558837891 129.72288513183594 
507.251708984375 -54.358100891113281 130.41557312011719 
505.10263061523438 -55.226882934570312 131.22682189941406 
503.10806274414062 -56.067535400390625 131.97805786132812 
503.71090698242188 -54.271804809570312 131.79904174804688 
505.76248168945312 -53.557518005371094 130.77958679199219 
504.4932861328125 -57.009994506835938 131.6317138671875 
502.46670532226562 -57.876491546630859 132.18997192382812 
506.66738891601562 -56.012577056884766 131.05244445800781 
509.03713989257812 -48.965373992919922 130.20687866210938 
504.08917236328125 -49.833568572998047 136.67774963378906 
506.12310791015625 -48.392036437988281 135.30653381347656 
504.54879760742188 -50.399688720703125 134.01205444335938 
505.134765625 -51.4859619140625 131.76507568359375 
506.32864379882812 -49.123580932617188 132.99015808105469 
507.04202270507812 -50.123710632324219 130.96513366699219 
508.03240966796875 -48.367389678955078 131.86553955078125 
506.85076904296875 -51.738914489746094 130.5155029296875 
510.77401733398438 -49.626533508300781 128.96713256835938 
508.80914306640625 -50.705024719238281 129.61723327636719 
512.413818359375 -55.742134094238281 130.57518005371094 
510.4281005859375 -55.730243682861328 130.77894592285156 
508.39419555664062 -57.140369415283203 131.67489624023438 
512.89190673828125 -57.693073272705078 132.15029907226562 
513.535888671875 -59.853794097900391 133.09053039550781 
514.24176025390625 -62.243743896484375 133.53419494628906 
514.97454833984375 -64.702217102050781 133.56782531738281 
515.64984130859375 -67.151176452636719 133.37495422363281 
516.29620361328125 -69.565681457519531 133.14447021484375 
517.02081298828125 -71.967002868652344 132.96537780761719 
517.7322998046875 -74.282997131347656 132.85818481445312 
518.49859619140625 -76.352210998535156 132.88104248046875 
519.72015380859375 -78.062042236328125 133.1058349609375 
506.23440551757812 -58.503047943115234 132.096435546875 
503.98040771484375 -59.65325927734375 132.33158874511719 
501.44610595703125 -60.080436706542969 132.61653137207031 
503.2613525390625 -62.067218780517578 132.73243713378906 
500.34613037109375 -62.196094512939453 132.92501831054688 
501.56759643554688 -64.302749633789062 132.94990539550781 
499.2252197265625 -64.234054565429688 133.1436767578125 
500.44940185546875 -66.600364685058594 133.05174255371094 
498.14651489257812 -66.194534301757812 133.27989196777344 
499.48318481445312 -68.772506713867188 133.20533752441406 
497.06008911132812 -68.032012939453125 133.50332641601562 
498.30691528320312 -70.56793212890625 133.40324401855469 
495.96328735351562 -69.739227294921875 133.927001953125 
496.56137084960938 -71.963218688964844 133.94895935058594 
518.477294921875 -80.075775146484375 133.34539794921875 
516.91943359375 -78.520103454589844 133.26210021972656 
517.192138671875 -81.96051025390625 133.69853210449219 
515.69635009765625 -80.65081787109375 133.72444152832031 
514.8536376953125 -82.900100708007812 134.20172119140625 
512.68701171875 -83.698410034179688 135.31050109863281 
513.19970703125 -81.506309509277344 134.53912353515625 
510.63018798828125 -82.813995361328125 135.90939331054688 
508.478759765625 -81.631294250488281 136.30215454101562 
511.19491577148438 -80.386611938476562 134.99092102050781 
506.27474975585938 -80.3287353515625 136.44793701171875 
508.90390014648438 -79.271369934082031 135.31924438476562 
504.05062866210938 -79.083793640136719 136.40815734863281 
506.55517578125 -78.112449645996094 135.4453125 
501.885498046875 -77.974868774414062 136.15921020507812 
504.18521118164062 -76.981338500976562 135.33460998535156 
499.7896728515625 -77.003433227539062 135.82510375976562 
501.86434936523438 -75.922370910644531 135.05690002441406 
497.79412841796875 -75.992172241210938 135.36053466796875 
499.61474609375 -74.953018188476562 134.68609619140625 
497.20681762695312 -74.063575744628906 134.39619445800781 
499.14501953125 -72.830833435058594 133.88212585449219 
510.5252685546875 -57.627902984619141 132.06878662109375 
510.79544067382812 -59.878025054931641 133.01231384277344 
511.547607421875 -62.093898773193359 133.48609924316406 
512.57647705078125 -64.431022644042969 133.66215515136719 
513.3792724609375 -66.846778869628906 133.62736511230469 
514.03704833984375 -69.214149475097656 133.53123474121094 
514.7056884765625 -71.627540588378906 133.39884948730469 
515.388916015625 -74.100143432617188 133.35542297363281 
515.92132568359375 -76.551239013671875 133.28158569335938 
508.34164428710938 -59.526275634765625 132.66380310058594 
506.03851318359375 -60.992271423339844 132.76042175292969 
508.542724609375 -62.095863342285156 133.29118347167969 
510.06448364257812 -64.206153869628906 133.59555053710938 
511.13363647460938 -66.522346496582031 133.68785095214844 
511.75189208984375 -68.827827453613281 133.71414184570312 
512.42681884765625 -71.149314880371094 133.71249389648438 
513.076904296875 -73.569770812988281 133.76922607421875 
513.60406494140625 -76.169464111328125 133.82461547851562 
513.9541015625 -78.86004638671875 133.90847778320312 
511.44973754882812 -77.895126342773438 134.43870544433594 
511.20803833007812 -75.342941284179688 134.18867492675781 
508.99114990234375 -76.876312255859375 134.72264099121094 
510.72109985351562 -72.927055358886719 134.00662231445312 
508.71066284179688 -74.525405883789062 134.3446044921875 
506.47808837890625 -75.885635375976562 134.77348327636719 
510.12542724609375 -70.661567687988281 133.85377502441406 
508.2550048828125 -72.305648803710938 134.08485412597656 
506.07876586914062 -73.724861145019531 134.33624267578125 
503.93310546875 -74.847305297851562 134.60316467285156 
501.49288940429688 -73.720527648925781 134.22592163085938 
503.48330688476562 -72.67547607421875 134.04258728027344 
509.39627075195312 -68.439155578613281 133.74324035644531 
507.76873779296875 -70.070892333984375 133.85089111328125 
505.76214599609375 -71.691490173339844 133.97030639648438 
508.9647216796875 -66.349067687988281 133.65213012695312 
506.913330078125 -67.607841491699219 133.63133239746094 
505.65835571289062 -69.664146423339844 133.7073974609375 
503.46368408203125 -70.554786682128906 133.65249633789062 
507.537841796875 -64.784469604492188 133.49163818359375 
505.84414672851562 -63.254390716552734 133.16021728515625 
503.79135131835938 -64.411598205566406 133.05357360839844 
502.78826904296875 -66.553741455078125 133.17326354980469 
501.84201049804688 -68.850028991699219 133.31373596191406 
500.9920654296875 -71.271018981933594 133.59555053710938 
504.27313232421875 -68.212295532226562 133.46986389160156 
505.28854370117188 -65.938507080078125 133.38456726074219 
517.62005615234375 -83.848335266113281 134.96995544433594 
520.04632568359375 -79.776710510253906 133.86752319335938 
518.98284912109375 -81.989173889160156 134.44749450683594 
515.54290771484375 -57.871681213378906 244.09339904785156 
516.02996826171875 -57.196098327636719 242.2593994140625 
515.078125 -58.098232269287109 241.36222839355469 
506.15557861328125 -48.545787811279297 137.54081726074219 
504.1407470703125 -50.197612762451172 138.98008728027344 
504.28485107421875 -50.408458709716797 141.64445495605469 
506.336669921875 -49.030097961425781 139.91874694824219 
515.72869873046875 -57.265529632568359 239.69976806640625 
514.6500244140625 -58.287590026855469 238.61863708496094 
506.45504760742188 -49.566818237304688 142.65457153320312 
506.59210205078125 -50.145347595214844 145.43612670898438 
504.45669555664062 -50.808872222900391 144.43270874023438 
504.75912475585938 -51.398941040039062 147.1270751953125 
505.09906005859375 -52.165691375732422 149.60298156738281 
506.88388061523438 -50.880153656005859 148.11700439453125 
505.43203735351562 -53.004787445068359 152.12532043457031 
507.1837158203125 -51.745925903320312 150.63130187988281 
505.79940795898438 -53.798053741455078 154.79011535644531 
507.58282470703125 -52.571983337402344 153.22630310058594 
506.16717529296875 -54.52508544921875 157.55776977539062 
508.0196533203125 -53.305679321289062 155.89883422851562 
506.48574829101562 -55.174755096435547 160.36216735839844 
508.30007934570312 -53.995426177978516 158.62249755859375 
506.77203369140625 -55.682830810546875 163.16484069824219 
508.57839965820312 -54.588581085205078 161.51022338867188 
506.99142456054688 -56.126693725585938 165.93391418457031 
508.92755126953125 -55.016189575195312 164.29818725585938 
507.1617431640625 -56.542472839355469 168.69723510742188 
509.097412109375 -55.418647766113281 167.01925659179688 
507.32351684570312 -56.914871215820312 171.449462890625 
509.19821166992188 -55.800651550292969 169.8575439453125 
507.49917602539062 -57.220344543457031 174.17308044433594 
509.35018920898438 -56.111370086669922 172.66972351074219 
507.68429565429688 -57.484073638916016 176.8729248046875 
509.51904296875 -56.371479034423828 175.42851257324219 
507.87872314453125 -57.702709197998047 179.57089233398438 
509.76531982421875 -56.558917999267578 178.14749145507812 
508.08914184570312 -57.877365112304688 182.28231811523438 
510.03890991210938 -56.696224212646484 180.78160095214844 
508.32669067382812 -58.022720336914062 185.00650024414062 
510.20108032226562 -56.861499786376953 183.4251708984375 
508.572509765625 -58.140621185302734 187.752197265625 
510.37991333007812 -56.996608734130859 186.17352294921875 
508.81216430664062 -58.259235382080078 190.50968933105469 
510.64862060546875 -57.082958221435547 188.92208862304688 
509.06036376953125 -58.380588531494141 193.23526000976562 
510.89886474609375 -57.172332763671875 191.65225219726562 
509.3082275390625 -58.495189666748047 195.96070861816406 
511.13287353515625 -57.253429412841797 194.36479187011719 
509.71649169921875 -58.47564697265625 198.67703247070312 
511.42266845703125 -57.303237915039062 197.02250671386719 
510.12460327148438 -58.439620971679688 201.39143371582031 
511.75787353515625 -57.334247589111328 199.72097778320312 
512.01910400390625 -57.364723205566406 202.46253967285156 
512.1202392578125 -57.410823822021484 205.21601867675781 
512.1785888671875 -57.437767028808594 207.88768005371094 
512.25885009765625 -57.519062042236328 210.60482788085938 
515.41796875 -57.329738616943359 237.11732482910156 
514.25091552734375 -58.410476684570312 235.92710876464844 
515.1968994140625 -57.33538818359375 234.56289672851562 
514.0302734375 -58.349002838134766 233.2393798828125 
515.017822265625 -57.308647155761719 231.99638366699219 
513.80572509765625 -58.263721466064453 230.57661437988281 
512.36541748046875 -57.656116485595703 213.40286254882812 
510.33709716796875 -58.522441864013672 204.10176086425781 
512.65789794921875 -57.633640289306641 216.12165832519531 
512.908203125 -57.691444396972656 218.76824951171875 
513.20428466796875 -57.883220672607422 221.36526489257812 
510.29940795898438 -58.908107757568359 206.81869506835938 
510.3515625 -59.265064239501953 209.55850219726562 
510.5404052734375 -59.496574401855469 212.33197021484375 
510.75979614257812 -59.683750152587891 215.11566162109375 
511.04254150390625 -59.822940826416016 217.88870239257812 
511.45721435546875 -59.805912017822266 220.62161254882812 
511.88018798828125 -59.718578338623047 223.30596923828125 
513.592529296875 -57.820529937744141 223.84375 
512.53912353515625 -59.154605865478516 225.75807189941406 
514.15740966796875 -57.528522491455078 226.13320922851562 
513.59014892578125 -58.144783020019531 227.95184326171875 
514.82733154296875 -57.270275115966797 229.53533935546875 
521.80645751953125 -61.918804168701172 348.5826416015625 
515.89385986328125 -86.810989379882812 139.69430541992188 
515.78997802734375 -86.830390930175781 142.18992614746094 
515.629150390625 -86.718994140625 144.63166809082031 
515.47308349609375 -86.3271484375 147.08070373535156 
515.362060546875 -85.537467956542969 149.57548522949219 
515.27960205078125 -84.602714538574219 152.11087036132812 
515.26336669921875 -83.716316223144531 154.67855834960938 
515.30633544921875 -82.962394714355469 157.30180358886719 
515.3421630859375 -82.355209350585938 159.93980407714844 
515.3955078125 -81.844635009765625 162.57974243164062 
515.48248291015625 -81.400215148925781 165.20187377929688 
515.59576416015625 -81.002029418945312 167.81950378417969 
515.73828125 -80.633628845214844 170.46711730957031 
515.883056640625 -80.292648315429688 173.12101745605469 
516.0191650390625 -79.966552734375 175.77511596679688 
516.1390380859375 -79.695144653320312 178.36869812011719 
516.23638916015625 -79.458503723144531 180.92120361328125 
516.32708740234375 -79.249900817871094 183.46366882324219 
516.4033203125 -79.055816650390625 186.02432250976562 
516.4945068359375 -78.865501403808594 188.6025390625 
516.57733154296875 -78.674049377441406 191.2127685546875 
516.64715576171875 -78.470466613769531 193.85549926757812 
516.7022705078125 -78.26953125 196.52784729003906 
516.7215576171875 -78.070762634277344 199.20782470703125 
516.74493408203125 -77.875328063964844 201.89178466796875 
516.78082275390625 -77.678443908691406 204.56471252441406 
516.83880615234375 -77.479965209960938 207.2489013671875 
516.90234375 -77.284172058105469 209.91587829589844 
516.96685791015625 -77.087730407714844 212.59873962402344 
516.994873046875 -76.867073059082031 215.27442932128906 
517.0126953125 -76.636802673339844 217.96170043945312 
517.018310546875 -76.388641357421875 220.64137268066406 
517.03070068359375 -76.130126953125 223.31503295898438 
517.10528564453125 -75.882118225097656 225.98323059082031 
517.24810791015625 -75.644668579101562 228.65586853027344 
517.44512939453125 -75.421554565429688 231.37034606933594 
517.5997314453125 -75.170745849609375 234.1046142578125 
517.72808837890625 -74.902587890625 236.87321472167969 
517.78631591796875 -74.602394104003906 239.63331604003906 
517.79962158203125 -74.268692016601562 242.36491394042969 
517.786865234375 -73.922561645507812 245.07948303222656 
517.72015380859375 -73.531257629394531 247.75843811035156 
517.69158935546875 -73.138954162597656 250.42985534667969 
517.7135009765625 -72.792251586914062 253.07815551757812 
517.765380859375 -72.452735900878906 255.70057678222656 
517.98907470703125 -72.211532592773438 258.30874633789062 
518.31396484375 -72.0279541015625 260.93899536132812 
518.60394287109375 -71.844940185546875 263.58233642578125 
518.88787841796875 -71.674942016601562 266.26531982421875 
519.17266845703125 -71.531593322753906 268.99227905273438 
518.81732177734375 -70.915267944335938 270.742919921875 
518.37994384765625 -70.100990295410156 272.31219482421875 
518.5748291015625 -69.832321166992188 274.9559326171875 
518.75531005859375 -69.521720886230469 277.57443237304688 
518.88507080078125 -69.137535095214844 280.18359375 
519.03765869140625 -68.798164367675781 282.78759765625 
519.2283935546875 -68.517372131347656 285.4083251953125 
519.4339599609375 -68.269287109375 288.0316162109375 
519.651611328125 -68.039520263671875 290.64419555664062 
519.86083984375 -67.800621032714844 293.24679565429688 
520.07135009765625 -67.553451538085938 295.85406494140625 
520.26416015625 -67.299964904785156 298.45468139648438 
520.42474365234375 -67.083724975585938 301.02655029296875 
520.86456298828125 -67.392822265625 303.48297119140625 
519.940673828125 -65.566108703613281 303.14846801757812 
520.681396484375 -66.691581726074219 305.52008056640625 
519.86566162109375 -64.695457458496094 305.63714599609375 
522.004638671875 -62.708885192871094 346.89215087890625 
521.58087158203125 -61.466331481933594 345.87823486328125 
520.5826416015625 -65.961883544921875 307.89797973632812 
519.957275390625 -64.125259399414062 308.3104248046875 
521.95068359375 -62.832233428955078 344.73016357421875 
521.84625244140625 -62.934680938720703 342.16473388671875 
521.69512939453125 -62.946178436279297 339.50244140625 
521.5377197265625 -62.946117401123047 336.85317993164062 
521.407958984375 -63.003177642822266 334.2113037109375 
521.28936767578125 -63.108219146728516 331.58212280273438 
521.18585205078125 -63.2696533203125 328.99774169921875 
521.18560791015625 -63.634765625 326.84765625 
520.97674560546875 -63.424060821533203 324.70492553710938 
520.75830078125 -63.255023956298828 322.032470703125 
520.535888671875 -65.37896728515625 309.98098754882812 
520.045166015625 -63.576622009277344 310.95379638671875 
520.1002197265625 -62.917194366455078 313.55606079101562 
520.1129150390625 -62.098049163818359 316.06735229492188 
520.26849365234375 -62.031482696533203 318.74563598632812 
520.40899658203125 -61.970329284667969 321.44662475585938 
520.53717041015625 -61.900638580322266 324.1646728515625 
520.65264892578125 -61.788196563720703 326.88140869140625 
520.7625732421875 -61.666606903076172 329.60565185546875 
520.87841796875 -61.551216125488281 332.30987548828125 
520.99261474609375 -61.455440521240234 334.99752807617188 
521.12213134765625 -61.412372589111328 337.680419921875 
521.267822265625 -61.403919219970703 340.38726806640625 
521.4254150390625 -61.42449951171875 343.13931274414062 
502.8533935546875 -51.188980102539062 136.82063293457031 
493.76205444335938 -75.590339660644531 138.89018249511719 
493.96908569335938 -76.145210266113281 141.33554077148438 
493.08157348632812 -74.4970703125 140.90499877929688 
492.94720458984375 -73.595405578613281 138.74722290039062 
492.62820434570312 -72.498664855957031 140.66529846191406 
492.65719604492188 -71.547882080078125 138.72898864746094 
521.3653564453125 -59.649871826171875 349.1383056640625 
521.342529296875 -60.033699035644531 346.92044067382812 
521.28692626953125 -57.613742828369141 349.07003784179688 
521.42059326171875 -55.990585327148438 347.76837158203125 
492.8326416015625 -70.420928955078125 140.43251037597656 
492.89334106445312 -69.4498291015625 138.64747619628906 
493.1578369140625 -68.290176391601562 140.29978942871094 
493.34332275390625 -67.334327697753906 138.53440856933594 
493.68582153320312 -66.101646423339844 140.17160034179688 
494.03244018554688 -65.189346313476562 138.39387512207031 
494.43399047851562 -63.862201690673828 140.04116821289062 
495.01019287109375 -63.000690460205078 138.15196228027344 
495.31878662109375 -61.631793975830078 139.91960144042969 
496.227294921875 -60.906452178955078 137.81231689453125 
496.55386352539062 -59.534103393554688 139.66656494140625 
497.5126953125 -58.796401977539062 137.5435791015625 
497.90643310546875 -57.517177581787109 139.48112487792969 
498.77227783203125 -56.661716461181641 137.39013671875 
499.24786376953125 -55.519519805908203 139.39761352539062 
500.110595703125 -54.584720611572266 137.19033813476562 
500.77108764648438 -53.669906616210938 139.14266967773438 
501.65237426757812 -52.634696960449219 136.95680236816406 
502.364013671875 -51.951103210449219 138.84420776367188 
503.03359985351562 -51.379066467285156 140.68791198730469 
502.86477661132812 -51.757610321044922 143.14628601074219 
502.88421630859375 -52.288322448730469 145.66961669921875 
503.00607299804688 -53.014686584472656 148.12118530273438 
503.40631103515625 -53.708518981933594 150.46102905273438 
503.99002075195312 -54.396762847900391 153.14071655273438 
504.44717407226562 -55.158603668212891 156.02108764648438 
504.74984741210938 -55.930271148681641 158.85359191894531 
505.01425170898438 -56.584255218505859 161.6346435546875 
505.26055908203125 -57.146263122558594 164.39909362792969 
505.45455932617188 -57.674114227294922 167.156982421875 
505.578857421875 -58.204181671142578 169.83863830566406 
505.78378295898438 -58.527595520019531 172.44009399414062 
506.14151000976562 -58.697483062744141 175.22769165039062 
506.3863525390625 -58.959247589111328 178.03695678710938 
506.59332275390625 -59.252922058105469 180.83763122558594 
506.7425537109375 -59.563243865966797 183.56051635742188 
506.96484375 -59.768341064453125 186.23208618164062 
507.27227783203125 -59.871360778808594 188.93757629394531 
507.6116943359375 -59.940071105957031 191.69546508789062 
507.94580078125 -60.034603118896484 194.47894287109375 
521.1192626953125 -59.102870941162109 344.291259765625 
508.28695678710938 -60.132083892822266 197.28472900390625 
508.69497680664062 -60.110549926757812 200.01065063476562 
508.994384765625 -60.150569915771484 202.69329833984375 
509.181396484375 -60.408580780029297 205.35556030273438 
509.29586791992188 -60.865062713623047 207.99159240722656 
520.99139404296875 -59.159076690673828 341.57421875 
520.867431640625 -59.173774719238281 338.85714721679688 
520.76605224609375 -59.222301483154297 336.18341064453125 
520.66876220703125 -59.29248046875 333.50180053710938 
520.56878662109375 -59.399940490722656 330.8084716796875 
520.47735595703125 -59.504127502441406 328.09661865234375 
520.3858642578125 -59.589710235595703 325.37939453125 
520.298095703125 -59.664329528808594 322.66436767578125 
520.2034912109375 -59.706398010253906 319.95559692382812 
520.0799560546875 -59.774951934814453 317.22122192382812 
510.03109741210938 -82.552253723144531 158.18434143066406 
510.06369018554688 -82.020111083984375 160.88639831542969 
508.14813232421875 -81.40966796875 159.25932312011719 
508.42739868164062 -82.119148254394531 156.49971008300781 
506.58782958984375 -80.770896911621094 157.59347534179688 
506.7393798828125 -81.400138854980469 154.96168518066406 
505.1243896484375 -80.090858459472656 155.85476684570312 
504.97576904296875 -80.506690979003906 153.550537109375 
503.34921264648438 -79.119415283203125 154.26744079589844 
503.21035766601562 -79.571243286132812 152.16035461425781 
501.55438232421875 -78.050178527832031 153.03643798828125 
501.43557739257812 -78.676727294921875 150.83528137207031 
499.83987426757812 -77.149116516113281 151.76304626464844 
499.64614868164062 -77.922515869140625 149.60322570800781 
510.13876342773438 -81.562820434570312 163.54508972167969 
508.21237182617188 -80.946617126464844 161.79704284667969 
510.25933837890625 -81.157958984375 166.16604614257812 
508.27545166015625 -80.457084655761719 164.50794982910156 
510.42196655273438 -80.800559997558594 168.75749206542969 
508.05908203125 -79.833541870117188 167.01885986328125 
510.5859375 -80.448921203613281 171.3671875 
508.56723022460938 -79.665702819824219 169.81320190429688 
510.72293090820312 -80.098320007324219 173.99151611328125 
508.70230102539062 -79.300270080566406 172.43818664550781 
510.83810424804688 -79.763961791992188 176.60995483398438 
508.8924560546875 -78.962112426757812 175.09530639648438 
510.91873168945312 -79.443077087402344 179.2032470703125 
509.0240478515625 -78.595108032226562 177.7476806640625 
511.010986328125 -79.143661499023438 181.77915954589844 
509.1549072265625 -78.222091674804688 180.37138366699219 
511.12857055664062 -78.858802795410156 184.385009765625 
509.2890625 -77.878074645996094 182.97402954101562 
511.2532958984375 -78.572044372558594 187.01533508300781 
509.46054077148438 -77.573654174804688 185.56790161132812 
511.351806640625 -78.245819091796875 189.69253540039062 
509.616455078125 -77.252403259277344 188.16929626464844 
511.36288452148438 -77.862342834472656 192.38491821289062 
509.73028564453125 -76.900894165039062 190.787353515625 
511.32156372070312 -77.430610656738281 195.07785034179688 
509.78335571289062 -76.446434020996094 193.44001770019531 
511.244873046875 -76.959487915039062 197.786865234375 
509.78329467773438 -75.906097412109375 196.09347534179688 
511.17919921875 -76.474876403808594 200.46659851074219 
509.77627563476562 -75.326446533203125 198.76576232910156 
511.14041137695312 -75.968795776367188 203.12591552734375 
509.79489135742188 -74.713821411132812 201.47068786621094 
511.21847534179688 -75.540016174316406 205.77970886230469 
509.90365600585938 -74.163497924804688 204.19390869140625 
498.06527709960938 -76.509140014648438 150.170654296875 
497.65072631835938 -77.487380981445312 147.99217224121094 
509.51205444335938 -61.214218139648438 210.70414733886719 
509.81246948242188 -61.453086853027344 213.48765563964844 
510.09356689453125 -61.772068023681641 216.32929992675781 
510.39434814453125 -62.047935485839844 219.09909057617188 
510.73098754882812 -62.133731842041016 221.77642822265625 
521.264404296875 -56.477878570556641 345.14801025390625 
521.14971923828125 -56.770397186279297 342.64187622070312 
521.04217529296875 -56.865947723388672 339.998779296875 
520.9876708984375 -56.907676696777344 337.35479736328125 
520.90277099609375 -56.983951568603516 334.68154907226562 
520.8255615234375 -57.077308654785156 331.9952392578125 
520.73614501953125 -57.184711456298828 329.28378295898438 
520.66082763671875 -57.284812927246094 326.55123901367188 
520.60009765625 -57.35430908203125 323.83847045898438 
520.54034423828125 -57.394645690917969 321.1285400390625 
520.4656982421875 -57.424476623535156 318.40060424804688 
520.346435546875 -57.525745391845703 315.66030883789062 
520.1885986328125 -57.702167510986328 313.00723266601562 
520.12799072265625 -57.538421630859375 310.52386474609375 
520.06463623046875 -57.356590270996094 307.75082397460938 
519.8916015625 -57.593448638916016 305.11776733398438 
519.77703857421875 -57.655185699462891 302.50003051757812 
519.7138671875 -57.561485290527344 299.76104736328125 
519.6064453125 -57.552494049072266 296.98223876953125 
519.437255859375 -57.631244659423828 294.208984375 
519.22149658203125 -57.775829315185547 291.44873046875 
518.99951171875 -57.948047637939453 288.67144775390625 
518.76165771484375 -58.158740997314453 285.93325805664062 
518.49969482421875 -58.387958526611328 283.21749877929688 
518.23858642578125 -58.567848205566406 280.6142578125 
518.03228759765625 -58.606407165527344 278.06256103515625 
517.882080078125 -58.513317108154297 275.51800537109375 
517.7470703125 -58.370574951171875 272.8511962890625 
517.55755615234375 -58.306190490722656 270.11172485351562 
517.349365234375 -58.277175903320312 267.3580322265625 
517.1275634765625 -58.275371551513672 264.5726318359375 
516.91644287109375 -58.268238067626953 261.78622436523438 
516.6805419921875 -58.261043548583984 258.96124267578125 
516.43316650390625 -58.277637481689453 256.16058349609375 
516.13189697265625 -58.314018249511719 253.34349060058594 
515.87322998046875 -58.296646118164062 250.51164245605469 
515.672607421875 -58.171527862548828 247.50888061523438 
511.5771484375 -75.367057800292969 208.46275329589844 
510.1588134765625 -73.804519653320312 206.97509765625 
511.94561767578125 -75.20111083984375 211.16548156738281 
510.50119018554688 -73.618446350097656 209.7115478515625 
512.29302978515625 -75.032310485839844 213.87472534179688 
510.85760498046875 -73.47723388671875 212.41188049316406 
512.64739990234375 -74.862899780273438 216.57391357421875 
511.18270874023438 -73.338211059570312 215.03671264648438 
512.3939208984375 -74.079048156738281 219.02635192871094 
511.42877197265625 -73.120773315429688 217.38941955566406 
511.99148559570312 -72.932807922363281 221.37556457519531 
511.0194091796875 -71.657478332519531 219.47738647460938 
511.7611083984375 -71.802009582519531 223.77163696289062 
510.75222778320312 -69.864952087402344 221.86819458007812 
494.71401977539062 -76.635177612304688 143.68626403808594 
493.59298706054688 -75.128242492675781 143.30355834960938 
495.93133544921875 -77.095611572265625 145.97706604003906 
494.48489379882812 -75.408638000488281 146.05508422851562 
496.17584228515625 -75.968368530273438 148.2449951171875 
511.18099975585938 -61.855911254882812 224.53631591796875 
511.725830078125 -61.329078674316406 227.27366638183594 
512.584716796875 -59.944232940673828 229.37043762207031 
512.8048095703125 -60.156543731689453 231.85018920898438 
513.06988525390625 -60.286396026611328 234.490966796875 
513.32684326171875 -60.404197692871094 237.23565673828125 
513.5977783203125 -60.533477783203125 240.00239562988281 
514.21441650390625 -59.915569305419922 243.06343078613281 
514.53643798828125 -59.974472045898438 246.05239868164062 
511.96072387695312 -71.379829406738281 226.33282470703125 
511.03530883789062 -69.2784423828125 224.86485290527344 
512.33544921875 -71.297904968261719 229.04231262207031 
511.39236450195312 -69.04852294921875 227.70414733886719 
512.732421875 -71.253013610839844 231.76606750488281 
511.7789306640625 -69.06781005859375 230.43910217285156 
513.14410400390625 -71.212837219238281 234.51333618164062 
512.19256591796875 -69.146080017089844 233.27468872070312 
513.564697265625 -71.2042236328125 237.29167175292969 
512.47515869140625 -68.604400634765625 236.30174255371094 
513.98919677734375 -71.19976806640625 240.07286071777344 
512.91961669921875 -68.819015502929688 239.06196594238281 
514.57110595703125 -71.397842407226562 242.78042602539062 
513.4097900390625 -69.049224853515625 241.84880065917969 
515.17315673828125 -71.608612060546875 245.43382263183594 
513.93109130859375 -69.33441162109375 244.4691162109375 
515.30084228515625 -71.116897583007812 248.08793640136719 
514.39727783203125 -69.611358642578125 246.78408813476562 
515.48297119140625 -70.703987121582031 250.81704711914062 
514.39776611328125 -68.593269348144531 249.12667846679688 
515.72833251953125 -70.384391784667969 253.49717712402344 
514.608642578125 -68.078163146972656 251.64039611816406 
516.01971435546875 -70.11273193359375 256.1781005859375 
514.96697998046875 -67.887855529785156 254.50250244140625 
516.33868408203125 -69.846488952636719 258.88250732421875 
515.3067626953125 -67.450225830078125 257.52639770507812 
516.64166259765625 -69.687217712402344 261.5595703125 
515.70843505859375 -67.510208129882812 260.54031372070312 
516.95635986328125 -69.588798522949219 264.23233032226562 
516.03057861328125 -67.429466247558594 263.363037109375 
517.29815673828125 -69.582000732421875 266.90655517578125 
516.35516357421875 -67.480239868164062 266.05252075195312 
517.78729248046875 -69.793319702148438 269.60220336914062 
516.7373046875 -67.68927001953125 268.70913696289062 
517.198974609375 -68.022850036621094 271.29708862304688 
517.57965087890625 -68.171836853027344 273.79592895507812 
517.73406982421875 -67.6273193359375 276.53524780273438 
517.82501220703125 -66.997322082519531 278.99606323242188 
518.02667236328125 -66.648612976074219 281.616943359375 
518.22235107421875 -66.301002502441406 284.28207397460938 
518.42645263671875 -65.988273620605469 286.95352172851562 
518.6282958984375 -65.713287353515625 289.60232543945312 
518.824462890625 -65.452079772949219 292.24606323242188 
519.02886962890625 -65.228935241699219 294.8818359375 
519.21917724609375 -65.005378723144531 297.52401733398438 
519.4508056640625 -64.921493530273438 300.24627685546875 
519.90557861328125 -60.113826751708984 314.43267822265625 
519.728759765625 -60.555484771728516 311.74603271484375 
519.60986328125 -61.686901092529297 309.09231567382812 
519.46856689453125 -62.136634826660156 306.42361450195312 
519.37890625 -62.951950073242188 304.14569091796875 
519.16778564453125 -62.658969879150391 301.93099975585938 
502.83175659179688 -75.403633117675781 163.27680969238281 
502.60150146484375 -74.134597778320312 165.05227661132812 
501.5345458984375 -73.536300659179688 162.67002868652344 
501.731689453125 -74.928451538085938 160.81706237792969 
503.12533569335938 -76.595008850097656 161.46856689453125 
504.409423828125 -77.258201599121094 164.01202392578125 
504.01693725585938 -76.055137634277344 166.02407836914062 
502.19656372070312 -76.367179870605469 159.16197204589844 
504.05337524414062 -78.106307983398438 159.88705444335938 
504.98947143554688 -78.397483825683594 162.10154724121094 
503.52029418945312 -74.612174987792969 167.70333862304688 
502.31607055664062 -72.570152282714844 166.7911376953125 
501.44021606445312 -72.028121948242188 164.41970825195312 
521.1846923828125 -58.113964080810547 346.80807495117188 
500.5443115234375 -71.5821533203125 161.96963500976562 
500.53573608398438 -73.210273742675781 160.15748596191406 
500.63839721679688 -74.723846435546875 158.22938537597656 
501.46200561523438 -70.430931091308594 166.05723571777344 
500.66360473632812 -69.813896179199219 163.62619018554688 
499.86245727539062 -69.519790649414062 161.1944580078125 
499.58981323242188 -71.369743347167969 159.46255493164062 
499.4566650390625 -73.0927734375 157.59304809570312 
506.2879638671875 -78.981651306152344 164.66375732421875 
505.64248657226562 -77.922958374023438 166.51289367675781 
505.106689453125 -76.604713439941406 168.82208251953125 
506.15045166015625 -79.898391723632812 160.14910888671875 
506.69476318359375 -79.768013000488281 162.59538269042969 
502.86419677734375 -77.645889282226562 157.679931640625 
504.8145751953125 -79.287651062011719 158.12699890136719 
501.06185913085938 -76.145339965820312 156.63954162597656 
499.399169921875 -74.700302124023438 155.39593505859375 
519.6800537109375 -59.418941497802734 309.27923583984375 
503.6085205078125 -78.763420104980469 156.27825927734375 
506.68417358398438 -78.525733947753906 168.52105712890625 
501.59307861328125 -52.749198913574219 141.22425842285156 
519.51043701171875 -59.750885009765625 306.7777099609375 
501.94515991210938 -77.614501953125 155.29299926757812 
492.85726928710938 -73.2650146484375 142.71054077148438 
492.7650146484375 -71.199264526367188 142.47361755371094 
500.27291870117188 -76.440986633300781 154.18017578125 
500.10049438476562 -54.404895782470703 141.57931518554688 
519.30841064453125 -60.230377197265625 303.9893798828125 
493.0408935546875 -69.053863525390625 142.21580505371094 
498.695556640625 -75.597885131835938 152.60151672363281 
493.42300415039062 -66.861328125 142.07575988769531 
494.02706909179688 -64.63177490234375 141.98435974121094 
494.84835815429688 -62.393333435058594 141.90078735351562 
498.593505859375 -56.247455596923828 141.748779296875 
506.80783081054688 -78.072746276855469 170.85139465332031 
495.85031127929688 -60.210952758789062 141.88307189941406 
497.13577270507812 -58.170055389404297 141.8160400390625 
519.16607666015625 -60.033157348632812 301.11895751953125 
519.0318603515625 -59.942760467529297 298.30325317382812 
518.9451904296875 -62.426128387451172 299.27200317382812 
518.83978271484375 -60.023654937744141 295.51165771484375 
518.74810791015625 -62.496356964111328 296.56341552734375 
518.6246337890625 -60.185306549072266 292.7581787109375 
518.53753662109375 -62.662853240966797 293.85647583007812 
518.3956298828125 -60.389804840087891 289.970703125 
518.3306884765625 -62.887321472167969 291.14126586914062 
518.109619140625 -63.141716003417969 288.39208984375 
517.8912353515625 -63.455333709716797 285.67349243164062 
518.15362548828125 -60.649738311767578 287.19183349609375 
517.64459228515625 -63.817501068115234 282.92648315429688 
517.38140869140625 -64.1666259765625 280.22152709960938 
517.126953125 -64.400505065917969 277.537109375 
517.08416748046875 -65.956016540527344 275.21292114257812 
516.775146484375 -65.763580322265625 272.91067504882812 
516.45343017578125 -65.501640319824219 270.49258422851562 
517.91058349609375 -60.947708129882812 284.44448852539062 
517.61541748046875 -61.275394439697266 281.71389770507812 
517.34381103515625 -61.50396728515625 279.10244750976562 
517.14886474609375 -61.326625823974609 276.652587890625 
516.99676513671875 -60.871295928955078 274.07321166992188 
516.80633544921875 -63.507854461669922 274.909423828125 
516.5450439453125 -63.152729034423828 272.35736083984375 
516.81927490234375 -60.594852447509766 271.45382690429688 
516.2989501953125 -62.881702423095703 269.77792358398438 
516.6190185546875 -60.418807983398438 268.75442504882812 
516.39862060546875 -60.313377380371094 265.98764038085938 
516.049072265625 -62.659889221191406 267.11474609375 
516.1304931640625 -65.205886840820312 267.92672729492188 
516.1824951171875 -60.245132446289062 263.1890869140625 
515.798583984375 -62.532943725585938 264.37872314453125 
515.83184814453125 -65.018569946289062 265.27151489257812 
515.546630859375 -64.99066162109375 262.56182861328125 
515.551513671875 -62.465274810791016 261.6396484375 
515.25384521484375 -64.997123718261719 259.89697265625 
515.96966552734375 -60.173717498779297 260.406005859375 
515.3140869140625 -62.305496215820312 258.98751831054688 
514.986328125 -64.5751953125 257.58221435546875 
514.710693359375 -65.215965270996094 255.17033386230469 
515.7091064453125 -60.182064056396484 257.57485961914062 
515.0054931640625 -62.404293060302734 256.18658447265625 
515.37396240234375 -60.271198272705078 254.73805236816406 
514.644775390625 -62.707206726074219 253.477294921875 
514.35107421875 -65.398941040039062 252.3282470703125 
515.033447265625 -60.359218597412109 251.93026733398438 
514.76458740234375 -60.258544921875 249.06477355957031 
514.3094482421875 -62.783378601074219 250.63069152832031 
514.0123291015625 -62.530849456787109 247.79219055175781 
513.71124267578125 -62.169578552246094 244.87942504882812 
513.97332763671875 -65.501686096191406 249.27957153320312 
513.75146484375 -67.212471008300781 246.744384765625 
513.54730224609375 -64.715896606445312 246.13336181640625 
513.29388427734375 -66.85736083984375 243.925048828125 
513.14794921875 -64.381843566894531 243.16200256347656 
507.0977783203125 -77.777481079101562 173.50982666015625 
501.29312133789062 -53.281051635742188 143.81190490722656 
499.72149658203125 -55.073368072509766 144.07501220703125 
498.16690063476562 -56.996936798095703 144.13438415527344 
507.32980346679688 -77.384170532226562 176.22665405273438 
496.71807861328125 -59.025001525878906 144.09042358398438 
495.48318481445312 -61.115253448486328 144.0738525390625 
494.49847412109375 -63.259845733642578 144.08804321289062 
493.7525634765625 -65.441314697265625 144.15879821777344 
493.25091552734375 -67.653076171875 144.28265380859375 
507.50390625 -76.951812744140625 178.8934326171875 
507.65542602539062 -76.565841674804688 181.51319885253906 
507.83111572265625 -76.222366333007812 184.10038757324219 
508.04812622070312 -75.879280090332031 186.67190551757812 
508.242919921875 -75.508041381835938 189.23533630371094 
508.405029296875 -75.069793701171875 191.79275512695312 
508.50064086914062 -74.539787292480469 194.39157104492188 
508.58517456054688 -73.929725646972656 197.05143737792969 
508.68170166015625 -73.255722045898438 199.77926635742188 
508.81472778320312 -72.579727172851562 202.59358215332031 
493.06729125976562 -69.84747314453125 144.4891357421875 
493.08316040039062 -71.982170104980469 144.7412109375 
493.38723754882812 -73.929878234863281 144.83680725097656 
513.39898681640625 -62.019927978515625 242.18881225585938 
512.84423828125 -66.478652954101562 241.08367919921875 
512.839111328125 -63.690196990966797 240.35356140136719 
512.67620849609375 -62.918663024902344 238.03617858886719 
512.46063232421875 -66.089401245117188 238.42874145507812 
512.444580078125 -62.540859222412109 235.46420288085938 
512.16949462890625 -65.299156188964844 236.18324279785156 
511.95736694335938 -66.983978271484375 234.34327697753906 
511.8804931640625 -64.615234375 233.60270690917969 
512.18157958984375 -62.277553558349609 232.74996948242188 
511.61947631835938 -66.866004943847656 231.86151123046875 
511.26974487304688 -66.666717529296875 229.2388916015625 
511.55343627929688 -64.439849853515625 230.9381103515625 
511.869873046875 -62.086528778076172 230.01380920410156 
511.2264404296875 -64.116409301757812 228.21958923339844 
510.85736083984375 -64.210685729980469 225.58390808105469 
510.90664672851562 -66.697845458984375 226.54493713378906 
496.92764282226562 -74.934158325195312 150.61819458007812 
497.77212524414062 -74.015548706054688 153.02330017089844 
498.27938842773438 -72.8192138671875 155.16334533691406 
498.5225830078125 -71.234954833984375 156.8822021484375 
498.91665649414062 -69.539649963378906 158.58345031738281 
509.06680297851562 -72.07958984375 205.40084838867188 
509.39700317382812 -71.795799255371094 208.23252868652344 
509.76959228515625 -71.676933288574219 211.07821655273438 
510.11715698242188 -71.502769470214844 213.93576049804688 
510.4635009765625 -71.339447021484375 216.72879028320312 
510.19631958007812 -69.383773803710938 218.83604431152344 
505.5670166015625 -76.371444702148438 171.79313659667969 
504.2496337890625 -74.8118896484375 170.3128662109375 
505.9036865234375 -75.98388671875 174.64027404785156 
506.12078857421875 -75.51605224609375 177.34625244140625 
506.3310546875 -75.030876159667969 179.98922729492188 
506.52645874023438 -74.621299743652344 182.60336303710938 
506.75808715820312 -74.236587524414062 185.1854248046875 
506.98773193359375 -73.822601318359375 187.69993591308594 
507.21658325195312 -73.38580322265625 190.20236206054688 
507.41336059570312 -72.91229248046875 192.71621704101562 
507.60760498046875 -72.391899108886719 195.30876159667969 
507.802490234375 -71.723068237304688 198.04801940917969 
508.00668334960938 -70.985855102539062 200.88984680175781 
503.04708862304688 -72.9189453125 169.21022033691406 
502.1920166015625 -70.854408264160156 168.4136962890625 
508.24969482421875 -70.217208862304688 203.81004333496094 
504.69705200195312 -74.520889282226562 173.11427307128906 
503.66171264648438 -73.013320922851562 171.69308471679688 
502.81356811523438 -71.100723266601562 170.73799133300781 
504.96646118164062 -73.957832336425781 175.84233093261719 
505.19924926757812 -73.409164428710938 178.39730834960938 
505.4664306640625 -72.932716369628906 181.01087951660156 
505.73159790039062 -72.446266174316406 183.66191101074219 
505.9781494140625 -71.930595397949219 186.17459106445312 
506.22372436523438 -71.464080810546875 188.62002563476562 
506.50552368164062 -71.031837463378906 191.07260131835938 
506.78720092773438 -70.637786865234375 193.59628295898438 
507.08114624023438 -70.1334228515625 196.24053955078125 
507.37350463867188 -69.416458129882812 199.07882690429688 
507.68527221679688 -68.571723937988281 201.99444580078125 
504.04150390625 -72.5126953125 174.37503051757812 
503.33111572265625 -71.264068603515625 172.95680236816406 
504.2467041015625 -71.633438110351562 176.86068725585938 
503.55197143554688 -70.188034057617188 175.19097900390625 
504.58322143554688 -71.191261291503906 179.29078674316406 
503.84994506835938 -69.0262451171875 177.71826171875 
504.94931030273438 -70.759437561035156 182.05157470703125 
505.19903564453125 -69.971351623535156 184.57072448730469 
505.49331665039062 -69.328903198242188 186.9947509765625 
505.80752563476562 -68.895179748535156 189.40878295898438 
506.15512084960938 -68.601089477539062 191.90768432617188 
506.51107788085938 -68.287696838378906 194.47444152832031 
506.87481689453125 -67.901130676269531 197.12699890136719 
507.21969604492188 -67.050277709960938 199.88957214355469 
504.37881469726562 -69.237350463867188 180.35124206542969 
504.6512451171875 -68.2503662109375 182.72721862792969 
505.006591796875 -67.172332763671875 185.20150756835938 
505.3826904296875 -66.566543579101562 187.66290283203125 
505.78097534179688 -66.352165222167969 190.26698303222656 
506.1671142578125 -66.178947448730469 192.84963989257812 
506.55044555664062 -65.995697021484375 195.41224670410156 
506.92474365234375 -65.805427551269531 197.90792846679688 
495.19357299804688 -74.164543151855469 148.6185302734375 
493.87347412109375 -73.110572814941406 146.88803100585938 
496.078369140625 -73.018028259277344 150.8135986328125 
496.94674682617188 -72.273452758789062 152.83297729492188 
497.251708984375 -70.950775146484375 154.18522644042969 
508.5909423828125 -69.785125732421875 206.65272521972656 
509.0009765625 -69.728874206542969 209.63272094726562 
509.4019775390625 -69.659439086914062 212.64483642578125 
509.77532958984375 -69.384346008300781 215.79444885253906 
508.026611328125 -67.535865783691406 205.03256225585938 
507.58493041992188 -66.173568725585938 202.43157958984375 
507.32473754882812 -64.381683349609375 199.93989562988281 
508.48104858398438 -67.598678588867188 208.14875793457031 
508.89398193359375 -67.657646179199219 211.16940307617188 
509.31216430664062 -67.639976501464844 214.27458190917969 
509.7255859375 -67.003273010253906 217.7164306640625 
501.227294921875 -54.030105590820312 146.336181640625 
501.26043701171875 -54.953449249267578 148.86463928222656 
502.1971435546875 -55.235370635986328 151.50279235839844 
502.8388671875 -55.877597808837891 154.39218139648438 
503.12359619140625 -56.736736297607422 157.12802124023438 
499.57498168945312 -55.895027160644531 146.48309326171875 
497.92672729492188 -57.980453491210938 146.32791137695312 
496.56289672851562 -60.049201965332031 146.25813293457031 
495.45037841796875 -62.145343780517578 146.24172973632812 
494.5804443359375 -64.248329162597656 146.24697875976562 
493.94488525390625 -66.397697448730469 146.3431396484375 
503.34201049804688 -57.589874267578125 159.84693908691406 
493.65090942382812 -68.572166442871094 146.51898193359375 
493.66012573242188 -70.806404113769531 146.81620788574219 
494.68685913085938 -71.839729309082031 149.01156616210938 
503.62759399414062 -58.276660919189453 162.55915832519531 
503.94338989257812 -58.894264221191406 165.357421875 
504.07562255859375 -59.566299438476562 167.98320007324219 
504.20013427734375 -60.239913940429688 170.59091186523438 
504.77371215820312 -60.228118896484375 173.56660461425781 
505.17523193359375 -60.353687286376953 176.34002685546875 
505.4222412109375 -60.700771331787109 179.17388916015625 
505.57611083984375 -61.212779998779297 181.87757873535156 
505.77130126953125 -61.689292907714844 184.64938354492188 
506.06613159179688 -61.900806427001953 187.32373046875 
506.47409057617188 -61.874984741210938 190.11276245117188 
506.86813354492188 -61.875816345214844 192.89874267578125 
507.261962890625 -61.916393280029297 195.71345520019531 
507.62893676757812 -62.084190368652344 198.58097839355469 
499.32080078125 -57.0762939453125 148.47711181640625 
500.47286987304688 -56.668819427490234 150.61625671386719 
501.40545654296875 -56.694568634033203 152.87818908691406 
501.59194946289062 -57.597190856933594 155.18905639648438 
501.82269287109375 -58.556632995605469 157.69891357421875 
502.05014038085938 -59.575599670410156 160.33990478515625 
497.81304931640625 -59.139305114746094 148.40054321289062 
496.631591796875 -61.188133239746094 148.32423400878906 
495.6802978515625 -63.201503753662109 148.22444152832031 
494.94683837890625 -65.272201538085938 148.26315307617188 
494.51205444335938 -67.431549072265625 148.43661499023438 
494.50433349609375 -69.6292724609375 148.79727172851562 
499.01809692382812 -58.556705474853516 150.49256896972656 
500.17242431640625 -58.198009490966797 152.77023315429688 
497.80966186523438 -60.481372833251953 150.38616943359375 
496.82742309570312 -62.400360107421875 150.29153442382812 
496.02120971679688 -64.356353759765625 150.13716125488281 
495.483154296875 -66.396492004394531 150.240478515625 
495.36187744140625 -68.529777526855469 150.6824951171875 
495.72982788085938 -70.735450744628906 151.23324584960938 
499.01388549804688 -59.944225311279297 152.6541748046875 
500.3497314453125 -59.325767517089844 155.1552734375 
497.99874877929688 -61.778324127197266 152.47079467773438 
499.25848388671875 -61.143978118896484 154.93519592285156 
497.15972900390625 -63.627571105957031 152.27540588378906 
496.507568359375 -65.475555419921875 152.06777954101562 
496.25064086914062 -67.443313598632812 152.345703125 
496.51480102539062 -69.299278259277344 153.06576538085938 
497.81005859375 -69.525291442871094 155.87062072753906 
498.33160400390625 -63.025115966796875 154.61500549316406 
497.63339233398438 -64.81011962890625 154.31802368164062 
497.109130859375 -66.435264587402344 153.94148254394531 
497.32861328125 -67.957237243652344 154.850830078125 
498.42669677734375 -67.8609619140625 157.46434020996094 
498.06356811523438 -66.266288757324219 156.15779113769531 
498.69500732421875 -64.396942138671875 156.71372985839844 
499.48922729492188 -62.442039489746094 157.05632019042969 
500.60821533203125 -60.422889709472656 157.54486083984375 
500.61080932617188 -61.783405303955078 159.47477722167969 
499.7022705078125 -63.951324462890625 159.1383056640625 
499.04632568359375 -65.984489440917969 158.56365966796875 
499.42691040039062 -67.681724548339844 160.10877990722656 
502.6158447265625 -60.120346069335938 163.36735534667969 
501.49432373046875 -61.380348205566406 161.70301818847656 
500.630615234375 -63.434123992919922 161.47348022460938 
499.96148681640625 -65.658843994140625 161.06184387207031 
507.99591064453125 -62.048885345458984 201.19712829589844 
508.30023193359375 -62.223003387451172 203.92619323730469 
508.4884033203125 -62.767269134521484 206.41474914550781 
508.76376342773438 -63.154453277587891 208.98004150390625 
509.09469604492188 -63.384780883789062 211.69107055664062 
500.31915283203125 -67.420158386230469 162.86839294433594 
501.0445556640625 -68.214401245117188 165.35844421386719 
501.71630859375 -68.783546447753906 167.80609130859375 
502.348876953125 -69.110282897949219 170.27420043945312 
502.9283447265625 -69.396125793457031 172.78089904785156 
509.4462890625 -63.561557769775391 214.49310302734375 
502.78469848632812 -60.960945129394531 165.799072265625 
501.64254760742188 -62.401721954345703 163.75444030761719 
500.8248291015625 -64.840385437011719 163.38758850097656 
501.1383056640625 -65.915489196777344 165.24049377441406 
501.61795043945312 -66.6605224609375 167.40373229980469 
502.1512451171875 -67.153640747070312 169.79745483398438 
502.7200927734375 -67.471717834472656 172.44784545898438 
501.79501342773438 -63.373615264892578 165.67918395996094 
501.99166870117188 -64.253639221191406 167.5013427734375 
502.26116943359375 -65.082038879394531 169.42399597167969 
502.94976806640625 -62.613395690917969 169.76350402832031 
502.92251586914062 -61.709442138671875 167.9833984375 
503.703857421875 -61.933792114257812 172.279541015625 
502.9296875 -63.794170379638672 171.37551879882812 
502.71200561523438 -65.605842590332031 171.90988159179688 
504.1119384765625 -62.128250122070312 174.96061706542969 
503.37826538085938 -63.9012451171875 173.85707092285156 
503.223876953125 -65.8729248046875 174.70364379882812 
503.27169799804688 -68.00592041015625 175.161865234375 
504.54641723632812 -62.084030151367188 177.43614196777344 
503.87655639648438 -64.139762878417969 176.92820739746094 
503.69869995117188 -66.484138488769531 177.46600341796875 
504.17062377929688 -67.127792358398438 180.1771240234375 
504.6805419921875 -62.790668487548828 179.80821228027344 
504.95767211914062 -63.408645629882812 182.66862487792969 
505.24609375 -64.267036437988281 185.63064575195312 
505.71142578125 -64.076881408691406 188.61312866210938 
506.14120483398438 -63.982032775878906 191.40695190429688 
506.55612182617188 -63.915596008300781 194.15435791015625 
506.96514892578125 -63.886348724365234 196.96833801269531 
507.73544311523438 -63.930816650390625 202.45204162597656 
507.96096801757812 -64.799530029296875 204.75668334960938 
508.27688598632812 -65.306488037109375 207.180908203125 
508.65347290039062 -65.452255249023438 209.91661071777344 
504.65890502929688 -65.71826171875 182.90097045898438 
509.02304077148438 -65.586143493652344 212.6815185546875 
504.27212524414062 -64.881507873535156 179.97627258300781 
509.3876953125 -65.674758911132812 215.38008117675781 
509.759521484375 -64.130104064941406 217.35101318359375 
510.05795288085938 -64.660491943359375 219.953857421875 
510.14675903320312 -67.214431762695312 220.80389404296875 
510.5238037109375 -67.039695739746094 223.67500305175781 
510.43698120117188 -64.550216674804688 222.77481079101562 
499.79006958007812 -79.119468688964844 144.23394775390625 
501.74005126953125 -79.862358093261719 143.14561462402344 
501.28079223632812 -79.678291320800781 145.88424682617188 
503.19439697265625 -80.653961181640625 145.00927734375 
503.1695556640625 -80.649681091308594 147.21165466308594 
499.411376953125 -78.591835021972656 146.99075317382812 
497.7630615234375 -78.138870239257812 145.45164489746094 
501.3148193359375 -79.280265808105469 148.42694091796875 
497.29348754882812 -77.919975280761719 139.24179077148438 
499.48721313476562 -78.677444458007812 138.79197692871094 
497.94189453125 -78.333580017089844 141.09333801269531 
498.42889404296875 -78.581718444824219 143.04141235351562 
500.27084350585938 -79.193161010742188 141.15397644042969 
495.778564453125 -77.353721618652344 141.40757751464844 
495.34494018554688 -76.979751586914062 139.23004150390625 
496.50204467773438 -77.714630126953125 143.50709533691406 
503.97195434570312 -81.217941284179688 143.09062194824219 
505.09280395507812 -82.058700561523438 145.98236083984375 
505.70248413085938 -82.648025512695312 143.04655456542969 
506.90512084960938 -83.634048461914062 144.84989929199219 
501.63885498046875 -79.605194091796875 138.64434814453125 
503.78125 -80.716194152832031 138.72837829589844 
502.57574462890625 -80.287635803222656 140.85261535644531 
504.70785522460938 -81.672882080078125 140.82296752929688 
508.68414306640625 -85.277854919433594 143.78390502929688 
507.51885986328125 -84.155296325683594 142.18974304199219 
506.69082641601562 -83.096420288085938 140.46449279785156 
505.59490966796875 -81.737831115722656 138.51980590820312 
509.07351684570312 -85.535575866699219 141.71095275878906 
510.59832763671875 -86.621253967285156 141.00422668457031 
510.4725341796875 -86.745513916015625 142.8922119140625 
508.58810424804688 -84.751609802246094 139.52217102050781 
510.74261474609375 -86.3641357421875 139.09828186035156 
507.33078002929688 -82.767448425292969 138.20584106445312 
503.19070434570312 -80.131980895996094 149.66207885742188 
505.08493041992188 -81.181251525878906 150.86531066894531 
504.95529174804688 -81.570198059082031 148.38084411621094 
506.54959106445312 -83.103927612304688 146.99832153320312 
506.81536865234375 -82.891082763671875 149.15399169921875 
508.44378662109375 -84.787925720214844 146.67388916015625 
510.30087280273438 -86.474708557128906 145.38285827636719 
510.201416015625 -85.939315795898438 147.86573791503906 
508.47357177734375 -84.248550415039062 149.39881896972656 
510.17755126953125 -85.205177307128906 150.38359069824219 
506.89312744140625 -82.286880493164062 151.95616149902344 
508.723388671875 -83.725563049316406 151.67567443847656 
508.42172241210938 -82.790412902832031 153.97059631347656 
510.07232666015625 -83.282867431640625 155.52517700195312 
510.1029052734375 -84.170295715332031 152.92149353027344 
513.4163818359375 -87.256332397460938 139.59442138671875 
513.261962890625 -87.279373168945312 142.11521911621094 
515.71624755859375 -72.638290405273438 243.79022216796875 
516.1346435546875 -73.395851135253906 241.93266296386719 
515.78045654296875 -73.57745361328125 239.20426940917969 
515.3973388671875 -73.722480773925781 236.45875549316406 
515.0181884765625 -73.862770080566406 233.70010375976562 
514.668701171875 -74.040206909179688 230.978271484375 
514.36871337890625 -74.265106201171875 228.29154968261719 
514.32476806640625 -74.689292907714844 225.65411376953125 
514.314697265625 -75.110733032226562 223.02267456054688 
514.32476806640625 -75.5115966796875 220.3768310546875 
514.45355224609375 -75.94744873046875 217.72549438476562 
514.54705810546875 -76.329421997070312 215.07762145996094 
514.47454833984375 -76.605789184570312 212.4168701171875 
514.32891845703125 -76.847343444824219 209.77333068847656 
514.19073486328125 -77.086814880371094 207.12107849121094 
514.13653564453125 -77.363090515136719 204.46493530273438 
514.12811279296875 -77.654052734375 201.790771484375 
514.14263916015625 -77.949867248535156 199.09324645996094 
514.140625 -78.240432739257812 196.3822021484375 
514.101318359375 -78.517379760742188 193.6751708984375 
514.01544189453125 -78.771392822265625 191.01402282714844 
513.9036865234375 -79.009346008300781 188.38056945800781 
513.797119140625 -79.245834350585938 185.79121398925781 
513.70782470703125 -79.47998046875 183.22712707519531 
513.63006591796875 -79.730842590332031 180.69000244140625 
513.5433349609375 -79.99639892578125 178.15156555175781 
513.4547119140625 -80.291358947753906 175.58546447753906 
513.3358154296875 -80.607414245605469 172.99383544921875 
513.1846923828125 -80.951881408691406 170.38948059082031 
513.0396728515625 -81.330696105957031 167.78082275390625 
512.9298095703125 -81.736221313476562 165.17803955078125 
512.832763671875 -82.186286926269531 162.55325317382812 
512.790283203125 -82.71246337890625 159.90411376953125 
512.76605224609375 -83.380683898925781 157.25572204589844 
512.755859375 -84.20196533203125 154.65176391601562 
512.78839111328125 -85.133026123046875 152.07510375976562 
512.8519287109375 -86.066154479980469 149.53024291992188 
512.9112548828125 -86.799629211425781 147.03373718261719 
513.062255859375 -87.146377563476562 144.59443664550781 
511.84759521484375 -87.097831726074219 141.11930847167969 
515.0953369140625 -72.518867492675781 241.04840087890625 
511.807373046875 -87.0101318359375 143.2344970703125 
514.6156005859375 -72.534538269042969 238.31578063964844 
514.2139892578125 -72.60137939453125 235.5556640625 
513.8089599609375 -72.6920166015625 232.81791687011719 
513.440185546875 -72.836074829101562 230.10992431640625 
513.1015625 -73.001136779785156 227.49494934082031 
512.72821044921875 -73.000930786132812 225.33906555175781 
512.95086669921875 -73.743576049804688 223.43531799316406 
513.127197265625 -74.360252380371094 221.461669921875 
517.0089111328125 -86.112113952636719 138.40312194824219 
516.49481201171875 -85.377937316894531 136.21197509765625 
515.138427734375 -86.557716369628906 137.81452941894531 
493.7703857421875 -73.936302185058594 137.18728637695312 
501.54412841796875 -53.607330322265625 135.07672119140625 
501.43753051757812 -54.835533142089844 133.63772583007812 
499.8638916015625 -56.286128997802734 134.820068359375 
500.210205078125 -55.1982421875 135.62165832519531 
493.2716064453125 -72.143753051757812 137.25967407226562 
494.0928955078125 -72.119094848632812 135.74214172363281 
493.63888549804688 -70.231552124023438 136.26113891601562 
493.67929077148438 -68.296012878417969 136.53521728515625 
494.24853515625 -66.303489685058594 136.36985778808594 
495.16815185546875 -64.351394653320312 136.11441040039062 
496.24884033203125 -62.333057403564453 135.88294982910156 
497.38558959960938 -60.257850646972656 135.64271545410156 
498.56744384765625 -58.182044982910156 135.37313842773438 
502.17324829101562 -79.442489624023438 137.65982055664062 
494.71630859375 -74.363571166992188 136.18763732910156 
500.33953857421875 -78.37890625 136.98825073242188 
498.07119750976562 -77.608230590820312 137.00914001464844 
496.20065307617188 -77.08746337890625 137.92593383789062 
495.91586303710938 -76.33380126953125 136.79376220703125 
494.80459594726562 -75.843894958496094 137.58343505859375 
510.91580200195312 -83.942497253417969 136.39785766601562 
509.13162231445312 -83.597366333007812 137.4046630859375 
514.0118408203125 -85.089797973632812 135.67941284179688 
511.15179443359375 -85.145233154296875 137.28660583496094 
512.86431884765625 -86.279716491699219 137.59690856933594 
495.756591796875 -67.636238098144531 134.24325561523438 
496.2530517578125 -65.486656188964844 134.28642272949219 
496.8994140625 -66.491050720214844 133.73670959472656 
497.31939697265625 -63.403404235839844 134.02632141113281 
497.70004272460938 -64.778877258300781 133.59494018554688 
503.21865844726562 -52.435901641845703 133.71351623535156 
498.69512939453125 -63.016902923583984 133.42890930175781 
498.58428955078125 -61.380023956298828 133.74526977539062 
500.93594360351562 -57.121562957763672 133.07421875 
499.87832641601562 -59.316070556640625 133.34182739257812 
496.19338989257812 -74.943168640136719 135.48585510253906 
499.62188720703125 -57.941047668457031 134.12518310546875 
498.572509765625 -59.755184173583984 134.44976806640625 
495.50119018554688 -73.112037658691406 134.94436645507812 
497.47311401367188 -61.602756500244141 134.73518371582031 
496.1116943359375 -64.064498901367188 135.04153442382812 
495.282470703125 -65.924468994140625 135.20257568359375 
494.65948486328125 -67.558662414550781 135.42523193359375 
494.6715087890625 -69.244537353515625 135.11598205566406 
494.947509765625 -71.101425170898438 134.80291748046875 
502.84103393554688 -75.396072387695312 163.2906494140625 
515.809326171875 -78.349739074707031 414.604248046875 
516.7996826171875 -80.455589294433594 414.19219970703125 
516.385498046875 -79.983001708984375 416.34103393554688 
518.93231201171875 -82.993743896484375 416.69131469726562 
517.71844482421875 -81.912345886230469 415.40884399414062 
515.643310546875 -77.87744140625 416.97726440429688 
514.47296142578125 -68.457771301269531 415.55624389648438 
515.11407470703125 -75.763641357421875 417.0498046875 
514.55780029296875 -71.045440673828125 415.60641479492188 
514.78546142578125 -73.561241149902344 415.64846801757812 
515.283447265625 -76.032684326171875 414.9219970703125 
3 0 1 2 
3 3 1 0 
3 4 3 0 
3 5 3 4 
3 6 5 4 
3 7 5 6 
3 8 7 6 
3 9 7 8 
3 10 9 8 
3 11 9 10 
3 12 11 10 
3 13 11 12 
3 14 13 12 
3 15 13 14 
3 16 15 14 
3 17 15 16 
3 18 19 20 
3 21 22 23 
3 21 24 22 
3 25 22 24 
3 26 23 22 
3 27 22 25 
3 27 26 22 
3 28 21 23 
3 29 21 28 
3 30 21 29 
3 30 24 21 
3 18 27 25 
3 20 27 18 
3 31 27 20 
3 31 26 27 
3 32 30 29 
3 33 29 28 
3 33 32 29 
3 34 31 20 
3 35 31 34 
3 36 35 34 
3 37 36 34 
3 38 36 37 
3 39 36 38 
3 40 39 38 
3 41 39 40 
3 42 41 40 
3 43 41 42 
3 44 43 42 
3 45 43 44 
3 46 45 44 
3 47 45 46 
3 48 47 46 
3 49 47 48 
3 50 49 48 
3 51 49 50 
3 52 51 50 
3 53 51 52 
3 54 53 52 
3 55 53 54 
3 56 55 54 
3 57 55 56 
3 58 57 56 
3 59 57 58 
3 60 59 58 
3 61 59 60 
3 62 61 60 
3 63 61 62 
3 64 63 62 
3 65 63 64 
3 66 65 64 
3 67 65 66 
3 68 67 66 
3 69 67 68 
3 70 69 68 
3 71 69 70 
3 72 71 70 
3 73 71 72 
3 74 73 72 
3 75 73 74 
3 76 75 74 
3 77 75 76 
3 78 77 76 
3 79 77 78 
3 80 79 78 
3 81 79 80 
3 82 81 80 
3 83 81 82 
3 84 83 82 
3 85 83 84 
3 86 85 84 
3 87 85 86 
3 88 87 86 
3 89 87 88 
3 90 89 88 
3 91 89 90 
3 92 91 90 
3 93 91 92 
3 94 93 92 
3 95 93 94 
3 96 95 94 
3 97 95 96 
3 98 95 97 
3 99 98 97 
3 100 98 99 
3 101 100 99 
3 102 100 101 
3 103 102 101 
3 104 102 103 
3 105 104 103 
3 106 104 105 
3 107 106 105 
3 108 106 107 
3 109 108 107 
3 110 108 109 
3 111 110 109 
3 112 110 111 
3 113 112 111 
3 114 112 113 
3 115 114 113 
3 116 114 115 
3 117 116 115 
3 118 116 117 
3 119 118 117 
3 120 32 33 
3 121 118 119 
3 108 122 123 
3 108 110 122 
3 124 122 110 
3 112 124 110 
3 125 124 112 
3 114 125 112 
3 126 125 114 
3 116 126 114 
3 127 126 116 
3 128 127 116 
3 118 128 116 
3 129 128 118 
3 121 129 118 
3 130 129 121 
3 131 130 121 
3 132 130 131 
3 133 132 131 
3 134 132 133 
3 135 134 133 
3 136 134 135 
3 137 136 135 
3 138 136 137 
3 139 138 137 
3 140 138 139 
3 141 140 139 
3 142 140 141 
3 143 142 141 
3 144 142 143 
3 145 144 143 
3 146 144 145 
3 147 146 145 
3 148 146 147 
3 149 148 147 
3 150 148 149 
3 151 150 149 
3 152 150 151 
3 153 152 151 
3 154 152 153 
3 155 154 153 
3 156 154 155 
3 157 156 155 
3 158 156 157 
3 159 158 157 
3 160 158 159 
3 161 160 159 
3 162 160 161 
3 163 162 161 
3 164 162 163 
3 165 164 163 
3 166 164 165 
3 167 166 165 
3 168 166 167 
3 169 168 167 
3 170 168 169 
3 171 170 169 
3 172 170 171 
3 173 172 171 
3 174 172 173 
3 175 174 173 
3 176 174 175 
3 177 176 175 
3 178 176 177 
3 179 178 177 
3 180 178 179 
3 181 180 179 
3 182 180 181 
3 183 182 181 
3 184 182 183 
3 185 184 183 
3 186 184 185 
3 187 186 185 
3 188 186 187 
3 189 188 187 
3 190 188 189 
3 1 190 189 
3 191 190 1 
3 3 191 1 
3 192 191 3 
3 5 192 3 
3 193 192 5 
3 7 193 5 
3 194 193 7 
3 9 194 7 
3 195 194 9 
3 11 195 9 
3 196 195 11 
3 13 196 11 
3 197 196 13 
3 15 197 13 
3 198 197 15 
3 17 198 15 
3 199 198 17 
3 106 108 123 
3 199 200 201 
3 199 202 200 
3 17 202 199 
3 203 202 17 
3 16 203 17 
3 204 203 16 
3 205 204 16 
3 206 201 200 
3 207 208 209 
3 210 211 207 
3 210 212 213 
3 212 214 215 
3 214 216 217 
3 216 218 219 
3 218 220 221 
3 220 222 223 
3 222 224 225 
3 226 227 228 
3 229 230 231 
3 232 233 229 
3 234 235 232 
3 236 237 234 
3 238 239 236 
3 240 241 238 
3 242 243 240 
3 244 245 242 
3 246 247 244 
3 248 249 246 
3 248 250 251 
3 250 252 253 
3 252 254 255 
3 254 256 257 
3 256 258 259 
3 258 260 261 
3 260 262 263 
3 262 264 265 
3 264 266 267 
3 266 268 269 
3 268 270 271 
3 270 272 273 
3 272 274 275 
3 274 276 277 
3 276 278 279 
3 278 280 281 
3 280 282 283 
3 282 284 285 
3 284 286 287 
3 286 288 289 
3 288 290 291 
3 290 292 293 
3 292 294 295 
3 294 296 297 
3 296 298 299 
3 298 300 301 
3 300 302 303 
3 302 304 305 
3 304 306 307 
3 306 308 309 
3 308 310 311 
3 310 312 313 
3 312 314 315 
3 314 316 317 
3 316 318 319 
3 318 320 321 
3 320 322 323 
3 322 324 325 
3 122 326 327 
3 124 328 122 
3 329 330 125 
3 125 126 329 
3 126 127 331 
3 127 128 332 
3 333 334 335 
3 334 336 337 
3 335 337 130 
3 337 338 129 
3 339 340 341 
3 340 333 342 
3 341 342 134 
3 342 335 132 
3 343 344 345 
3 344 339 346 
3 345 346 138 
3 346 341 136 
3 345 347 343 
3 138 140 345 
3 348 349 350 
3 349 351 352 
3 350 352 144 
3 352 347 142 
3 353 354 355 
3 354 348 356 
3 355 356 148 
3 356 350 146 
3 357 358 359 
3 358 353 360 
3 359 360 152 
3 360 355 150 
3 359 361 357 
3 152 154 359 
3 362 363 364 
3 363 365 366 
3 364 366 158 
3 366 361 156 
3 367 368 369 
3 368 362 370 
3 369 370 162 
3 370 364 160 
3 371 372 373 
3 372 367 374 
3 373 374 166 
3 374 369 164 
3 373 375 371 
3 166 168 373 
3 376 377 378 
3 377 379 380 
3 378 380 172 
3 380 375 170 
3 381 382 383 
3 382 376 384 
3 383 384 176 
3 384 378 174 
3 385 386 387 
3 386 381 388 
3 387 388 180 
3 388 383 178 
3 387 389 385 
3 180 182 387 
3 390 391 392 
3 391 393 394 
3 392 394 186 
3 394 389 184 
3 395 396 397 
3 396 390 398 
3 397 398 190 
3 398 392 188 
3 399 400 401 
3 400 395 402 
3 401 402 192 
3 402 397 191 
3 401 403 399 
3 192 193 401 
3 404 405 406 
3 405 407 408 
3 406 408 195 
3 408 403 194 
3 409 410 411 
3 410 404 412 
3 411 412 197 
3 412 406 196 
3 206 413 201 
3 413 409 414 
3 201 414 199 
3 414 411 198 
3 197 198 411 
3 198 199 414 
3 411 414 409 
3 414 201 413 
3 195 196 406 
3 196 197 412 
3 406 412 404 
3 412 411 410 
3 193 194 403 
3 194 195 408 
3 403 408 407 
3 408 406 405 
3 403 401 193 
3 407 399 403 
3 190 191 397 
3 191 192 402 
3 397 402 395 
3 402 401 400 
3 186 188 392 
3 188 190 398 
3 392 398 390 
3 398 397 396 
3 182 184 389 
3 184 186 394 
3 389 394 393 
3 394 392 391 
3 389 387 182 
3 393 385 389 
3 176 178 383 
3 178 180 388 
3 383 388 381 
3 388 387 386 
3 172 174 378 
3 174 176 384 
3 378 384 376 
3 384 383 382 
3 168 170 375 
3 170 172 380 
3 375 380 379 
3 380 378 377 
3 375 373 168 
3 379 371 375 
3 162 164 369 
3 164 166 374 
3 369 374 367 
3 374 373 372 
3 158 160 364 
3 160 162 370 
3 364 370 362 
3 370 369 368 
3 154 156 361 
3 156 158 366 
3 361 366 365 
3 366 364 363 
3 361 359 154 
3 365 357 361 
3 148 150 355 
3 150 152 360 
3 355 360 353 
3 360 359 358 
3 144 146 350 
3 146 148 356 
3 350 356 348 
3 356 355 354 
3 140 142 347 
3 142 144 352 
3 347 352 351 
3 352 350 349 
3 347 345 140 
3 351 343 347 
3 134 136 341 
3 136 138 346 
3 341 346 339 
3 346 345 344 
3 130 132 335 
3 132 134 342 
3 335 342 333 
3 342 341 340 
3 128 129 338 
3 129 130 337 
3 338 337 336 
3 337 335 334 
3 338 336 332 
3 338 332 128 
3 332 331 127 
3 331 329 126 
3 330 328 124 
3 330 124 125 
3 328 326 122 
3 326 415 327 
3 324 327 415 
3 324 415 325 
3 325 323 322 
3 323 321 320 
3 321 319 318 
3 319 317 316 
3 317 315 314 
3 315 313 312 
3 313 311 310 
3 311 309 308 
3 309 307 306 
3 307 305 304 
3 305 303 302 
3 303 301 300 
3 301 299 298 
3 299 297 296 
3 297 295 294 
3 295 293 292 
3 293 291 290 
3 291 289 288 
3 289 287 286 
3 287 285 284 
3 285 283 282 
3 283 281 280 
3 281 279 278 
3 279 277 276 
3 277 275 274 
3 275 273 272 
3 273 271 270 
3 271 269 268 
3 269 267 266 
3 267 265 264 
3 265 263 262 
3 263 261 260 
3 261 259 258 
3 259 257 256 
3 257 255 254 
3 255 253 252 
3 253 251 250 
3 249 416 246 
3 251 249 248 
3 416 247 246 
3 247 245 244 
3 245 243 242 
3 243 241 240 
3 241 239 238 
3 239 237 236 
3 237 235 234 
3 235 233 232 
3 233 230 229 
3 230 228 231 
3 227 417 228 
3 224 227 226 
3 417 231 228 
3 226 225 224 
3 225 223 222 
3 223 221 220 
3 221 219 218 
3 219 217 216 
3 217 215 214 
3 215 213 212 
3 213 211 210 
3 211 208 207 
3 208 418 209 
3 200 419 206 
3 420 421 202 
3 420 203 422 
3 202 203 420 
3 203 204 422 
3 421 200 202 
3 421 419 200 
3 419 423 206 
3 423 419 424 
3 425 426 420 
3 426 427 421 
3 426 421 420 
3 419 421 427 
3 419 427 424 
3 428 429 430 
3 428 431 429 
3 432 431 428 
3 433 431 432 
3 434 433 432 
3 435 433 434 
3 436 433 435 
3 437 435 434 
3 438 435 437 
3 438 436 435 
3 439 436 438 
3 440 439 438 
3 441 438 437 
3 441 440 438 
3 442 439 440 
3 443 440 441 
3 444 440 443 
3 444 442 440 
3 445 444 443 
3 446 442 444 
3 447 444 445 
3 447 446 444 
3 448 446 447 
3 449 447 445 
3 450 447 449 
3 450 448 447 
3 451 448 450 
3 452 450 449 
3 453 450 452 
3 453 451 450 
3 454 451 453 
3 455 453 452 
3 456 453 455 
3 456 454 453 
3 457 454 456 
3 458 456 455 
3 459 456 458 
3 459 457 456 
3 460 457 459 
3 461 459 458 
3 462 459 461 
3 462 460 459 
3 463 460 462 
3 464 462 461 
3 465 462 464 
3 465 463 462 
3 466 463 465 
3 467 465 464 
3 468 465 467 
3 468 466 465 
3 469 466 468 
3 470 468 467 
3 471 468 470 
3 471 469 468 
3 472 469 471 
3 473 471 470 
3 474 471 473 
3 474 472 471 
3 475 474 473 
3 476 472 474 
3 477 474 475 
3 477 476 474 
3 478 477 475 
3 479 476 477 
3 480 477 478 
3 480 479 477 
3 481 480 478 
3 482 479 480 
3 483 480 481 
3 483 482 480 
3 484 483 481 
3 485 482 483 
3 486 483 484 
3 486 485 483 
3 487 486 484 
3 488 485 486 
3 489 486 487 
3 489 488 486 
3 490 489 487 
3 491 488 489 
3 492 489 490 
3 492 491 489 
3 493 492 490 
3 494 491 492 
3 495 492 493 
3 495 494 492 
3 496 495 493 
3 497 494 495 
3 498 495 496 
3 498 497 495 
3 499 498 496 
3 500 497 498 
3 501 498 499 
3 501 500 498 
3 502 501 499 
3 503 500 501 
3 504 501 502 
3 504 503 501 
3 505 504 502 
3 506 503 504 
3 507 504 505 
3 507 506 504 
3 508 507 505 
3 509 506 507 
3 510 507 508 
3 510 509 507 
3 511 510 508 
3 512 509 510 
3 513 510 511 
3 513 512 510 
3 514 513 511 
3 515 512 513 
3 516 513 514 
3 516 515 513 
3 517 516 514 
3 518 515 516 
3 519 516 517 
3 519 518 516 
3 520 519 517 
3 521 518 519 
3 522 519 520 
3 522 521 519 
3 523 522 520 
3 524 521 522 
3 525 522 523 
3 525 524 522 
3 526 428 430 
3 527 430 429 
3 528 430 527 
3 528 526 430 
3 529 526 528 
3 530 528 527 
3 531 528 530 
3 531 529 528 
3 532 529 531 
3 533 531 530 
3 534 531 533 
3 534 532 531 
3 535 532 534 
3 536 534 533 
3 537 534 536 
3 537 535 534 
3 538 535 537 
3 539 537 536 
3 540 537 539 
3 540 538 537 
3 541 540 539 
3 542 540 541 
3 543 540 542 
3 543 538 540 
3 544 543 542 
3 545 542 541 
3 546 542 545 
3 546 544 542 
3 547 544 546 
3 548 546 545 
3 549 546 548 
3 549 547 546 
3 550 547 549 
3 551 549 548 
3 552 549 551 
3 552 550 549 
3 553 550 552 
3 554 552 551 
3 555 552 554 
3 555 553 552 
3 556 553 555 
3 557 555 554 
3 558 555 557 
3 558 556 555 
3 559 556 558 
3 560 558 557 
3 561 558 560 
3 561 559 558 
3 562 559 561 
3 563 561 560 
3 564 561 563 
3 564 562 561 
3 565 562 564 
3 566 564 563 
3 567 564 566 
3 567 565 564 
3 568 565 567 
3 569 567 566 
3 570 567 569 
3 570 568 567 
3 571 568 570 
3 572 570 569 
3 573 570 572 
3 573 571 570 
3 574 571 573 
3 575 573 572 
3 574 573 575 
3 576 574 575 
3 577 574 576 
3 578 576 575 
3 577 576 578 
3 579 577 578 
3 580 577 579 
3 581 579 578 
3 580 579 581 
3 582 580 581 
3 583 525 523 
3 584 524 525 
3 585 525 583 
3 585 584 525 
3 586 585 583 
3 587 584 585 
3 588 585 586 
3 588 587 585 
3 589 588 586 
3 590 587 588 
3 591 588 589 
3 591 590 588 
3 592 591 589 
3 593 590 591 
3 594 591 592 
3 594 593 591 
3 595 580 582 
3 596 582 581 
3 597 582 596 
3 597 595 582 
3 598 594 592 
3 599 593 594 
3 600 594 598 
3 600 599 594 
3 601 600 598 
3 602 599 600 
3 603 600 601 
3 603 602 600 
3 604 602 603 
3 605 604 603 
3 606 604 605 
3 607 606 605 
3 608 603 601 
3 608 605 603 
3 609 605 608 
3 609 607 605 
3 610 595 597 
3 611 597 596 
3 612 597 611 
3 612 610 597 
3 613 610 612 
3 614 613 612 
3 615 612 611 
3 615 614 612 
3 616 613 614 
3 617 614 615 
3 617 616 614 
3 618 606 607 
3 619 607 609 
3 619 618 607 
3 620 618 619 
3 621 616 617 
3 418 622 623 
3 624 418 623 
3 418 624 209 
3 625 622 418 
3 626 625 418 
3 627 624 623 
3 628 625 626 
3 628 629 625 
3 630 625 629 
3 630 622 625 
3 418 631 626 
3 418 208 631 
3 632 633 634 
3 632 635 633 
3 636 634 633 
3 637 638 639 
3 637 640 638 
3 641 640 637 
3 642 640 641 
3 643 642 641 
3 644 642 643 
3 645 644 643 
3 646 644 645 
3 647 646 645 
3 648 646 647 
3 649 648 647 
3 650 648 649 
3 651 650 649 
3 652 650 651 
3 653 652 651 
3 654 652 653 
3 655 654 653 
3 656 654 655 
3 657 656 655 
3 658 656 657 
3 659 658 657 
3 660 658 659 
3 661 660 659 
3 662 660 661 
3 663 662 661 
3 664 662 663 
3 665 662 664 
3 620 665 664 
3 666 665 620 
3 619 666 620 
3 667 639 638 
3 668 669 670 
3 671 669 668 
3 672 671 668 
3 673 671 672 
3 674 673 672 
3 675 673 674 
3 676 675 674 
3 677 675 676 
3 678 677 676 
3 679 677 678 
3 680 679 678 
3 681 680 682 
3 681 679 680 
3 683 681 682 
3 684 681 683 
3 685 684 683 
3 686 687 688 
3 686 689 687 
3 690 687 689 
3 691 690 689 
3 692 690 691 
3 693 692 691 
3 694 692 693 
3 695 694 693 
3 696 694 695 
3 697 696 695 
3 698 696 697 
3 699 688 687 
3 700 687 690 
3 700 699 687 
3 701 690 692 
3 701 700 690 
3 702 692 694 
3 702 701 692 
3 703 694 696 
3 703 702 694 
3 704 703 696 
3 698 704 696 
3 705 698 697 
3 706 704 698 
3 707 698 705 
3 707 706 698 
3 708 688 699 
3 709 686 688 
3 710 688 708 
3 710 709 688 
3 711 710 708 
3 712 709 710 
3 713 710 711 
3 713 712 710 
3 714 713 711 
3 715 713 714 
3 716 715 714 
3 717 715 716 
3 718 713 715 
3 718 712 713 
3 719 715 717 
3 719 718 715 
3 720 719 717 
3 721 717 716 
3 721 720 717 
3 722 720 721 
3 723 720 722 
3 724 723 722 
3 725 723 724 
3 726 725 724 
3 727 725 726 
3 728 727 726 
3 729 727 728 
3 730 729 728 
3 731 729 730 
3 732 731 730 
3 733 731 732 
3 734 733 732 
3 735 733 734 
3 736 735 734 
3 737 735 736 
3 738 737 736 
3 739 737 738 
3 740 739 738 
3 741 739 740 
3 742 741 740 
3 743 741 742 
3 744 743 742 
3 745 743 744 
3 746 745 744 
3 747 745 746 
3 748 747 746 
3 749 747 748 
3 750 749 748 
3 751 749 750 
3 752 751 750 
3 753 751 752 
3 754 753 752 
3 755 753 754 
3 756 755 754 
3 757 755 756 
3 758 757 756 
3 759 757 758 
3 760 759 758 
3 761 759 760 
3 762 761 760 
3 763 761 762 
3 764 763 762 
3 765 763 764 
3 766 765 764 
3 767 765 766 
3 768 767 766 
3 769 767 768 
3 770 769 768 
3 771 769 770 
3 772 771 770 
3 773 771 772 
3 774 773 772 
3 775 773 774 
3 776 775 774 
3 777 775 776 
3 778 777 776 
3 779 777 778 
3 780 779 778 
3 781 779 780 
3 782 781 780 
3 783 781 782 
3 784 783 782 
3 785 783 784 
3 786 785 784 
3 787 785 786 
3 788 787 786 
3 789 787 788 
3 790 789 788 
3 791 789 790 
3 792 791 790 
3 793 791 792 
3 794 793 792 
3 795 793 794 
3 796 795 794 
3 797 795 796 
3 798 797 796 
3 799 797 798 
3 800 799 798 
3 801 799 800 
3 802 801 800 
3 803 801 802 
3 804 803 802 
3 805 803 804 
3 806 805 804 
3 807 805 806 
3 808 807 806 
3 809 807 808 
3 810 809 808 
3 811 809 810 
3 685 811 810 
3 812 685 683 
3 812 811 685 
3 813 683 682 
3 813 812 683 
3 814 682 680 
3 814 813 682 
3 815 680 678 
3 815 814 680 
3 816 678 676 
3 816 815 678 
3 817 676 674 
3 817 816 676 
3 818 674 672 
3 818 817 674 
3 819 672 668 
3 819 818 672 
3 820 670 669 
3 821 670 820 
3 822 707 705 
3 823 706 707 
3 824 707 822 
3 824 823 707 
3 825 668 670 
3 825 819 668 
3 826 670 821 
3 826 825 670 
3 427 826 821 
3 424 821 820 
3 424 427 821 
3 827 824 822 
3 828 824 827 
3 828 823 824 
3 426 826 427 
3 829 828 827 
3 830 831 832 
3 830 833 831 
3 834 831 833 
3 835 831 834 
3 836 831 835 
3 837 831 836 
3 837 832 831 
3 838 830 832 
3 839 832 837 
3 840 838 832 
3 839 840 832 
3 841 839 837 
3 842 837 836 
3 842 841 837 
3 630 830 838 
3 630 833 830 
3 629 833 630 
3 843 833 629 
3 843 834 833 
3 844 834 843 
3 845 834 844 
3 845 835 834 
3 846 835 845 
3 846 836 835 
3 847 836 846 
3 847 842 836 
3 622 630 838 
3 623 838 840 
3 623 622 838 
3 627 623 840 
3 848 840 839 
3 848 627 840 
3 849 842 847 
3 850 842 849 
3 850 841 842 
3 851 841 850 
3 852 841 851 
3 852 839 841 
3 853 839 852 
3 853 848 839 
3 854 855 856 
3 854 857 855 
3 858 857 854 
3 859 857 858 
3 224 859 858 
3 860 859 224 
3 222 860 224 
3 861 860 222 
3 220 861 222 
3 862 861 220 
3 218 862 220 
3 863 862 218 
3 216 863 218 
3 864 863 216 
3 214 864 216 
3 865 864 214 
3 212 865 214 
3 210 865 212 
3 866 865 210 
3 207 866 210 
3 867 866 207 
3 209 867 207 
3 868 867 209 
3 624 868 209 
3 869 868 624 
3 627 869 624 
3 870 869 627 
3 227 858 854 
3 227 224 858 
3 417 854 856 
3 417 227 854 
3 871 856 855 
3 231 856 871 
3 231 417 856 
3 872 869 870 
3 848 870 627 
3 873 870 848 
3 873 872 870 
3 853 873 848 
3 229 231 871 
3 874 875 876 
3 877 875 878 
3 879 880 878 
3 881 882 883 
3 884 881 885 
3 886 884 887 
3 888 886 889 
3 888 890 891 
3 892 893 894 
3 895 896 897 
3 897 898 895 
3 891 899 900 
3 899 898 900 
3 898 899 895 
3 896 893 897 
3 893 896 894 
3 890 901 891 
3 889 890 888 
3 901 899 891 
3 886 887 889 
3 884 885 887 
3 881 883 885 
3 882 879 883 
3 882 880 879 
3 880 877 878 
3 875 874 878 
3 875 902 876 
3 902 903 876 
3 892 904 905 
3 892 906 904 
3 907 906 892 
3 908 906 907 
3 909 908 907 
3 910 908 909 
3 911 910 909 
3 912 910 911 
3 913 912 911 
3 914 912 913 
3 915 912 914 
3 916 915 914 
3 917 914 913 
3 917 916 914 
3 918 916 917 
3 919 915 916 
3 920 916 918 
3 920 919 916 
3 893 892 905 
3 921 905 904 
3 922 905 921 
3 922 893 905 
3 923 920 918 
3 924 919 920 
3 925 920 923 
3 925 924 920 
3 897 893 922 
3 926 897 922 
3 927 922 921 
3 927 926 922 
3 898 897 926 
3 928 926 927 
3 928 898 926 
3 929 925 923 
3 930 925 929 
3 930 924 925 
3 900 898 928 
3 931 930 929 
3 932 351 933 
3 932 343 351 
3 934 343 932 
3 344 343 934 
3 935 344 934 
3 339 344 935 
3 936 339 935 
3 340 339 936 
3 937 340 936 
3 333 340 937 
3 938 333 937 
3 334 333 938 
3 939 334 938 
3 336 334 939 
3 940 336 939 
3 941 336 940 
3 332 336 941 
3 942 941 940 
3 943 941 942 
3 943 332 941 
3 331 332 943 
3 944 943 942 
3 945 943 944 
3 945 331 943 
3 329 331 945 
3 946 945 944 
3 947 945 946 
3 947 329 945 
3 948 932 933 
3 349 933 351 
3 949 933 349 
3 949 948 933 
3 950 947 946 
3 348 949 349 
3 950 330 947 
3 950 328 330 
3 951 328 950 
3 326 328 951 
3 952 326 951 
3 415 326 952 
3 953 415 952 
3 325 415 953 
3 954 325 953 
3 323 325 954 
3 955 323 954 
3 321 323 955 
3 956 321 955 
3 319 321 956 
3 957 319 956 
3 317 319 957 
3 958 317 957 
3 315 317 958 
3 959 315 958 
3 313 315 959 
3 960 313 959 
3 311 313 960 
3 961 311 960 
3 309 311 961 
3 962 309 961 
3 307 309 962 
3 963 307 962 
3 305 307 963 
3 964 305 963 
3 303 305 964 
3 965 303 964 
3 301 303 965 
3 966 301 965 
3 299 301 966 
3 967 299 966 
3 297 299 967 
3 968 297 967 
3 295 297 968 
3 969 295 968 
3 293 295 969 
3 970 293 969 
3 291 293 970 
3 971 291 970 
3 289 291 971 
3 972 289 971 
3 287 289 972 
3 973 287 972 
3 285 287 973 
3 974 285 973 
3 283 285 974 
3 975 283 974 
3 281 283 975 
3 976 281 975 
3 279 281 976 
3 977 279 976 
3 277 279 977 
3 978 277 977 
3 275 277 978 
3 979 275 978 
3 273 275 979 
3 980 273 979 
3 271 273 980 
3 981 271 980 
3 269 271 981 
3 982 269 981 
3 267 269 982 
3 983 267 982 
3 265 267 983 
3 984 265 983 
3 263 265 984 
3 985 263 984 
3 261 263 985 
3 986 261 985 
3 259 261 986 
3 987 259 986 
3 257 259 987 
3 988 257 987 
3 255 257 988 
3 989 255 988 
3 253 255 989 
3 990 253 989 
3 251 253 990 
3 991 251 990 
3 249 251 991 
3 992 249 991 
3 416 249 992 
3 993 416 992 
3 247 416 993 
3 994 247 993 
3 245 247 994 
3 995 245 994 
3 243 245 995 
3 996 243 995 
3 241 243 996 
3 997 241 996 
3 239 241 997 
3 998 239 997 
3 237 239 998 
3 999 237 998 
3 235 237 999 
3 1000 235 999 
3 233 235 1000 
3 1001 233 1000 
3 230 233 1001 
3 1002 230 1001 
3 228 230 1002 
3 1003 228 1002 
3 226 228 1003 
3 1004 226 1003 
3 225 226 1004 
3 1005 225 1004 
3 223 225 1005 
3 1006 223 1005 
3 221 223 1006 
3 1007 221 1006 
3 219 221 1007 
3 1008 219 1007 
3 217 219 1008 
3 1009 217 1008 
3 215 217 1009 
3 1010 215 1009 
3 213 215 1010 
3 1011 213 1010 
3 211 213 1011 
3 1012 211 1011 
3 208 211 1012 
3 1013 208 1012 
3 631 208 1013 
3 626 631 1013 
3 329 947 330 
3 609 1014 619 
3 609 1015 1014 
3 608 1015 609 
3 1016 1015 608 
3 601 1016 608 
3 1017 1016 601 
3 598 1017 601 
3 1018 1017 598 
3 592 1018 598 
3 1019 1018 592 
3 589 1019 592 
3 1020 1019 589 
3 586 1020 589 
3 1021 1020 586 
3 583 1021 586 
3 1022 1021 583 
3 523 1022 583 
3 1023 1022 523 
3 520 1023 523 
3 1024 1023 520 
3 517 1024 520 
3 1025 1024 517 
3 514 1025 517 
3 1026 1025 514 
3 511 1026 514 
3 1027 1026 511 
3 508 1027 511 
3 1028 1027 508 
3 505 1028 508 
3 1029 1028 505 
3 502 1029 505 
3 1030 1029 502 
3 499 1030 502 
3 1031 1030 499 
3 496 1031 499 
3 1032 1031 496 
3 493 1032 496 
3 1033 1032 493 
3 490 1033 493 
3 1034 1033 490 
3 487 1034 490 
3 1035 1034 487 
3 484 1035 487 
3 1036 1035 484 
3 481 1036 484 
3 1037 1036 481 
3 478 1037 481 
3 1038 1037 478 
3 475 1038 478 
3 1039 1038 475 
3 473 1039 475 
3 1040 1039 473 
3 470 1040 473 
3 1041 1040 470 
3 467 1041 470 
3 1042 1041 467 
3 464 1042 467 
3 1043 1042 464 
3 461 1043 464 
3 1044 1043 461 
3 458 1044 461 
3 1045 1044 458 
3 455 1045 458 
3 1046 1045 455 
3 452 1046 455 
3 1047 1046 452 
3 449 1047 452 
3 1048 1047 449 
3 445 1048 449 
3 1049 1048 445 
3 443 1049 445 
3 1050 1049 443 
3 441 1050 443 
3 1051 1050 441 
3 1052 1051 441 
3 437 1052 441 
3 1053 1052 437 
3 434 1053 437 
3 1054 1053 434 
3 432 1054 434 
3 1055 1054 432 
3 428 1055 432 
3 1056 1055 428 
3 526 1056 428 
3 1057 1056 526 
3 529 1057 526 
3 1058 1057 529 
3 532 1058 529 
3 1059 1058 532 
3 535 1059 532 
3 1060 1059 535 
3 538 1060 535 
3 543 1060 538 
3 666 619 1014 
3 1061 1062 1063 
3 1061 1064 1062 
3 1065 1062 1064 
3 1066 1062 1065 
3 1067 1066 1065 
3 1068 1066 1067 
3 1069 1068 1067 
3 1070 1068 1069 
3 1071 1070 1069 
3 1072 1070 1071 
3 1073 1072 1071 
3 1074 1073 1071 
3 1075 1073 1074 
3 1076 1075 1074 
3 1077 1075 1076 
3 1078 1077 1076 
3 1079 1077 1078 
3 1080 1079 1078 
3 1081 1079 1080 
3 1082 1081 1080 
3 1083 1081 1082 
3 1084 1083 1082 
3 1085 1083 1084 
3 1086 1085 1084 
3 1087 1085 1086 
3 1088 1087 1086 
3 1089 1087 1088 
3 1090 1089 1088 
3 1091 1089 1090 
3 206 1091 1090 
3 423 1091 206 
3 1092 1061 1063 
3 1093 1044 1094 
3 1093 1043 1044 
3 1095 1043 1093 
3 1042 1043 1095 
3 1096 1042 1095 
3 1041 1042 1096 
3 1097 1041 1096 
3 1040 1041 1097 
3 1098 1040 1097 
3 1039 1040 1098 
3 1099 1039 1098 
3 1100 1039 1099 
3 1101 1100 1099 
3 1102 1100 1101 
3 1103 1102 1101 
3 1104 1102 1103 
3 1105 1104 1103 
3 1106 1104 1105 
3 1107 1106 1105 
3 1108 1106 1107 
3 1109 1108 1107 
3 1110 1108 1109 
3 1111 1110 1109 
3 1112 1110 1111 
3 1113 1112 1111 
3 1114 1112 1113 
3 1115 1114 1113 
3 1116 1114 1115 
3 1117 1116 1115 
3 1118 1116 1117 
3 1119 1118 1117 
3 1120 1118 1119 
3 1121 1120 1119 
3 1122 1120 1121 
3 1123 1122 1121 
3 1124 1122 1123 
3 1125 1124 1123 
3 1126 1124 1125 
3 1127 1126 1125 
3 1128 1126 1127 
3 1129 1128 1127 
3 1130 1128 1129 
3 1131 1130 1129 
3 1132 1130 1131 
3 1133 1132 1131 
3 1134 1132 1133 
3 1135 1134 1133 
3 1136 1134 1135 
3 1137 1136 1135 
3 1138 1136 1137 
3 1139 1138 1137 
3 1140 1138 1139 
3 1141 1140 1139 
3 1142 1140 1141 
3 1143 1142 1141 
3 1144 1142 1143 
3 1145 1144 1143 
3 1146 1144 1145 
3 1147 1146 1145 
3 1148 1146 1147 
3 1149 1148 1147 
3 1150 1148 1149 
3 1151 1150 1149 
3 1152 1150 1151 
3 1153 1152 1151 
3 1154 1152 1153 
3 1155 1154 1153 
3 1156 1154 1155 
3 1157 1156 1155 
3 1158 1156 1157 
3 1159 1156 1158 
3 1160 1159 1158 
3 1161 1159 1160 
3 1162 1161 1160 
3 1163 1161 1162 
3 1164 1163 1162 
3 1165 1163 1164 
3 1166 1165 1164 
3 1167 1165 1166 
3 1168 1167 1166 
3 1169 1167 1168 
3 1170 1169 1168 
3 1171 1169 1170 
3 1092 1171 1170 
3 1172 1171 1092 
3 1063 1172 1092 
3 1173 1172 1063 
3 1062 1173 1063 
3 1174 1173 1062 
3 1066 1174 1062 
3 1175 1174 1066 
3 1068 1175 1066 
3 1176 1175 1068 
3 1070 1176 1068 
3 1177 1176 1070 
3 1072 1177 1070 
3 1178 1177 1072 
3 1073 1178 1072 
3 1179 1178 1073 
3 1075 1179 1073 
3 1180 1179 1075 
3 1077 1180 1075 
3 1181 1180 1077 
3 1079 1181 1077 
3 1182 1181 1079 
3 1081 1182 1079 
3 1183 1182 1081 
3 1083 1183 1081 
3 1184 1183 1083 
3 1085 1184 1083 
3 1185 1184 1085 
3 1087 1185 1085 
3 1186 1185 1087 
3 1089 1186 1087 
3 1187 1186 1089 
3 1091 1187 1089 
3 424 1187 1091 
3 423 424 1091 
3 1045 1094 1044 
3 1188 1094 1045 
3 1046 1188 1045 
3 1189 1188 1046 
3 1047 1189 1046 
3 1190 1189 1047 
3 1048 1190 1047 
3 1191 1190 1048 
3 1049 1191 1048 
3 1192 1191 1049 
3 1050 1192 1049 
3 1051 1192 1050 
3 1193 1194 1195 
3 1195 1196 1193 
3 1197 1198 1199 
3 1197 1200 1198 
3 1201 1200 1197 
3 1202 1201 1197 
3 1203 1197 1199 
3 1203 1202 1197 
3 1194 1203 1199 
3 1204 1203 1194 
3 1205 1194 1199 
3 1195 1194 1205 
3 1193 1204 1194 
3 1206 1204 1193 
3 1207 1206 1193 
3 1196 1207 1193 
3 1208 1195 1205 
3 1208 1196 1195 
3 1209 1199 1198 
3 1209 1205 1199 
3 1210 1205 1209 
3 1210 1208 1205 
3 1211 1198 1200 
3 1212 1198 1211 
3 1212 1209 1198 
3 1213 1209 1212 
3 1213 1210 1209 
3 1214 1213 1212 
3 1215 1212 1211 
3 1215 1214 1212 
3 1216 1215 1211 
3 1217 1211 1200 
3 1217 1216 1211 
3 1218 1200 1201 
3 1218 1217 1200 
3 1219 1214 1215 
3 1220 1215 1216 
3 1220 1219 1215 
3 1221 1216 1217 
3 1221 1220 1216 
3 1222 1217 1218 
3 1222 1221 1217 
3 1223 1204 1206 
3 1224 1206 1207 
3 1225 1206 1224 
3 1225 1223 1206 
3 1226 1220 1221 
3 1227 1221 1222 
3 1227 1226 1221 
3 1228 1220 1226 
3 1228 1219 1220 
3 1229 1228 1226 
3 1230 1226 1227 
3 1230 1229 1226 
3 1231 1228 1229 
3 1232 1231 1229 
3 1233 1229 1230 
3 1233 1232 1229 
3 1234 1231 1232 
3 1235 1232 1233 
3 1235 1234 1232 
3 1236 1225 1224 
3 637 1225 1236 
3 1237 1238 1239 
3 1237 1240 1238 
3 641 637 1236 
3 1241 641 1236 
3 643 641 1241 
3 1242 643 1241 
3 645 1242 1243 
3 645 643 1242 
3 647 1243 1244 
3 647 645 1243 
3 649 647 1244 
3 1245 649 1244 
3 651 649 1245 
3 1246 651 1245 
3 653 651 1246 
3 1247 653 1246 
3 655 653 1247 
3 1248 655 1247 
3 657 655 1248 
3 1249 657 1248 
3 659 657 1249 
3 1250 659 1249 
3 661 659 1250 
3 1251 661 1250 
3 663 661 1251 
3 1252 663 1251 
3 664 663 1252 
3 1253 664 1252 
3 620 664 1253 
3 1254 620 1253 
3 618 620 1254 
3 776 618 1254 
3 1255 572 1256 
3 1255 575 572 
3 1257 575 1255 
3 578 575 1257 
3 1258 1238 1240 
3 1259 1258 1240 
3 1260 1258 1259 
3 1261 1260 1259 
3 1262 1260 1261 
3 1263 1262 1261 
3 1264 1262 1263 
3 1265 1264 1263 
3 1266 1264 1265 
3 1267 1266 1265 
3 1268 1266 1267 
3 1269 1268 1267 
3 1270 1268 1269 
3 1271 1270 1269 
3 1272 1270 1271 
3 1273 1272 1271 
3 1274 1272 1273 
3 1275 1274 1273 
3 1276 1274 1275 
3 1277 1276 1275 
3 1278 1276 1277 
3 1279 1278 1277 
3 1280 1278 1279 
3 1281 1280 1279 
3 1282 1280 1281 
3 1283 1282 1281 
3 1284 1282 1283 
3 1285 1284 1283 
3 1286 1284 1285 
3 1287 1286 617 
3 617 1286 1285 
3 615 1287 617 
3 1288 1287 615 
3 611 1288 615 
3 120 1288 611 
3 596 120 611 
3 32 120 596 
3 581 32 596 
3 30 32 581 
3 578 30 581 
3 24 578 1257 
3 24 30 578 
3 25 1257 1255 
3 25 24 1257 
3 18 1255 1256 
3 18 25 1255 
3 569 1256 572 
3 19 1256 569 
3 19 18 1256 
3 1289 19 569 
3 566 1289 569 
3 1290 1289 566 
3 563 1290 566 
3 1291 1290 563 
3 560 1291 563 
3 1292 1291 560 
3 557 1292 560 
3 1293 1292 557 
3 554 1293 557 
3 1294 1293 554 
3 551 1294 554 
3 1295 1294 551 
3 548 1295 551 
3 1296 1295 548 
3 545 1296 548 
3 1297 1296 545 
3 541 1297 545 
3 1298 1297 541 
3 539 1298 541 
3 1299 1298 539 
3 536 1299 539 
3 1300 1299 536 
3 533 1300 536 
3 1301 1300 533 
3 530 1301 533 
3 1302 1301 530 
3 527 1302 530 
3 829 1302 527 
3 429 829 527 
3 828 829 429 
3 431 828 429 
3 823 828 431 
3 433 823 431 
3 706 823 433 
3 436 706 433 
3 704 706 436 
3 439 704 436 
3 703 704 439 
3 442 703 439 
3 702 703 442 
3 446 702 442 
3 701 702 446 
3 448 701 446 
3 700 701 448 
3 451 700 448 
3 699 700 451 
3 454 699 451 
3 708 699 454 
3 457 708 454 
3 711 708 457 
3 460 711 457 
3 714 711 460 
3 463 714 460 
3 716 714 463 
3 466 716 463 
3 721 716 466 
3 469 721 466 
3 722 721 469 
3 472 722 469 
3 724 722 472 
3 476 724 472 
3 726 724 476 
3 479 726 476 
3 728 726 479 
3 482 728 479 
3 730 728 482 
3 485 730 482 
3 732 730 485 
3 488 732 485 
3 734 732 488 
3 491 734 488 
3 736 734 491 
3 494 736 491 
3 738 736 494 
3 497 738 494 
3 740 738 497 
3 500 740 497 
3 742 740 500 
3 503 742 500 
3 744 742 503 
3 506 744 503 
3 746 744 506 
3 509 746 506 
3 748 746 509 
3 512 748 509 
3 750 748 512 
3 515 750 512 
3 752 750 515 
3 518 752 515 
3 754 752 518 
3 521 754 518 
3 756 754 521 
3 524 756 521 
3 758 756 524 
3 584 758 524 
3 760 758 584 
3 587 760 584 
3 762 760 587 
3 590 762 587 
3 764 762 590 
3 593 764 590 
3 766 764 593 
3 599 766 593 
3 768 766 599 
3 602 768 599 
3 770 768 602 
3 604 770 602 
3 772 770 604 
3 606 772 604 
3 774 772 606 
3 618 774 606 
3 776 774 618 
3 778 1254 1253 
3 778 776 1254 
3 780 1253 1252 
3 780 778 1253 
3 782 1252 1251 
3 782 780 1252 
3 784 1251 1250 
3 784 782 1251 
3 786 1250 1249 
3 786 784 1250 
3 788 1249 1248 
3 788 786 1249 
3 790 1248 1247 
3 790 788 1248 
3 792 1247 1246 
3 792 790 1247 
3 794 1246 1245 
3 794 792 1246 
3 796 1245 1244 
3 796 794 1245 
3 798 1244 1243 
3 798 796 1244 
3 800 1243 1242 
3 800 798 1243 
3 802 1242 1241 
3 802 800 1242 
3 804 1241 1236 
3 804 802 1241 
3 806 1236 1224 
3 806 804 1236 
3 639 1225 637 
3 639 1223 1225 
3 667 1223 639 
3 667 1204 1223 
3 1303 1204 667 
3 1303 1203 1204 
3 808 1224 1207 
3 808 806 1224 
3 810 1207 1196 
3 810 808 1207 
3 685 1196 1208 
3 685 810 1196 
3 684 1208 1210 
3 684 685 1208 
3 681 1210 1213 
3 681 684 1210 
3 679 1213 1214 
3 679 681 1213 
3 677 1214 1219 
3 677 679 1214 
3 675 1219 1228 
3 675 677 1219 
3 621 617 1285 
3 1304 1285 1283 
3 1304 621 1285 
3 1305 1283 1281 
3 1305 1304 1283 
3 1306 1203 1303 
3 1306 1202 1203 
3 1179 1201 1202 
3 1178 1202 1306 
3 1178 1179 1202 
3 1180 1201 1179 
3 1180 1218 1201 
3 673 1228 1231 
3 673 675 1228 
3 671 1231 1234 
3 671 673 1231 
3 669 671 1234 
3 1307 1234 1235 
3 1307 669 1234 
3 1308 1281 1279 
3 1308 1305 1281 
3 1309 1279 1277 
3 1309 1308 1279 
3 1310 1277 1275 
3 1310 1309 1277 
3 1311 1275 1273 
3 1311 1310 1275 
3 1312 1273 1271 
3 1312 1311 1273 
3 1313 1271 1269 
3 1313 1312 1271 
3 1314 1269 1267 
3 1314 1313 1269 
3 1315 1267 1265 
3 1315 1314 1267 
3 1316 1265 1263 
3 1316 1315 1265 
3 1317 1263 1261 
3 1317 1316 1263 
3 1181 1218 1180 
3 1181 1222 1218 
3 1182 1222 1181 
3 1182 1227 1222 
3 1183 1227 1182 
3 1183 1230 1227 
3 1184 1230 1183 
3 1184 1233 1230 
3 1185 1233 1184 
3 1185 1235 1233 
3 1186 1235 1185 
3 1186 1307 1235 
3 820 669 1307 
3 1187 1307 1186 
3 1187 820 1307 
3 1318 1261 1259 
3 1318 1317 1261 
3 1319 1259 1240 
3 1319 1318 1259 
3 1320 1240 1237 
3 1320 1319 1240 
3 1321 1237 1239 
3 1321 1320 1237 
3 636 1239 1238 
3 633 1239 636 
3 1322 1239 633 
3 1322 1321 1239 
3 424 820 1187 
3 635 1322 633 
3 1323 1324 1122 
3 1323 1027 1324 
3 1120 1122 1324 
3 1028 1324 1027 
3 1325 1324 1028 
3 1325 1120 1324 
3 1118 1120 1325 
3 1029 1325 1028 
3 1326 1325 1029 
3 1326 1118 1325 
3 1116 1118 1326 
3 1030 1326 1029 
3 1327 1326 1030 
3 1327 1116 1326 
3 1031 1327 1030 
3 1114 1116 1327 
3 1328 1327 1031 
3 1328 1114 1327 
3 1032 1328 1031 
3 1112 1114 1328 
3 1329 1328 1032 
3 1329 1112 1328 
3 1033 1329 1032 
3 1110 1112 1329 
3 1330 1329 1033 
3 1330 1110 1329 
3 1034 1330 1033 
3 1108 1110 1330 
3 1331 1330 1034 
3 1331 1108 1330 
3 1035 1331 1034 
3 1106 1108 1331 
3 1332 1331 1035 
3 1332 1106 1331 
3 1036 1332 1035 
3 1104 1106 1332 
3 1333 1332 1036 
3 1333 1104 1332 
3 1026 1027 1323 
3 1124 1323 1122 
3 1334 1323 1124 
3 1334 1026 1323 
3 1037 1333 1036 
3 1102 1104 1333 
3 1335 1333 1037 
3 1335 1102 1333 
3 1126 1334 1124 
3 1336 1334 1126 
3 1025 1334 1336 
3 1025 1026 1334 
3 1038 1335 1037 
3 1100 1335 1038 
3 1100 1102 1335 
3 1128 1336 1126 
3 1024 1336 1128 
3 1024 1025 1336 
3 1130 1024 1128 
3 1023 1024 1130 
3 1132 1023 1130 
3 1022 1023 1132 
3 1134 1022 1132 
3 1021 1022 1134 
3 1136 1021 1134 
3 1020 1021 1136 
3 1138 1020 1136 
3 1019 1020 1138 
3 1140 1019 1138 
3 1018 1019 1140 
3 1142 1018 1140 
3 1017 1018 1142 
3 1144 1017 1142 
3 1016 1017 1144 
3 1146 1016 1144 
3 1015 1016 1146 
3 1148 1015 1146 
3 1014 1015 1148 
3 1150 1014 1148 
3 666 1014 1150 
3 1152 666 1150 
3 665 666 1152 
3 1154 665 1152 
3 662 665 1154 
3 1156 662 1154 
3 660 662 1156 
3 1159 660 1156 
3 658 660 1159 
3 656 658 1159 
3 1161 656 1159 
3 654 656 1161 
3 1163 654 1161 
3 652 654 1163 
3 1165 652 1163 
3 650 652 1165 
3 1167 650 1165 
3 1169 650 1167 
3 648 650 1169 
3 1171 648 1169 
3 646 648 1171 
3 1172 646 1171 
3 644 646 1172 
3 1173 644 1172 
3 642 644 1173 
3 640 642 1173 
3 1174 640 1173 
3 638 640 1174 
3 1175 638 1174 
3 667 638 1175 
3 1176 667 1175 
3 1303 667 1176 
3 1177 1303 1176 
3 1306 1303 1177 
3 1178 1306 1177 
3 1039 1100 1038 
3 843 1337 1338 
3 843 629 1337 
3 844 843 1338 
3 1339 844 1338 
3 628 1337 629 
3 1339 1340 844 
3 1339 1341 1340 
3 1342 1343 1344 
3 1342 1345 1343 
3 1346 1343 1345 
3 1347 1346 1345 
3 1348 1346 1347 
3 1349 1348 1347 
3 1350 1348 1349 
3 1351 1350 1349 
3 1352 1350 1351 
3 1353 1352 1351 
3 1354 1352 1353 
3 1355 1354 1353 
3 1356 1354 1355 
3 1357 1356 1355 
3 1358 1356 1357 
3 1359 1358 1357 
3 1360 1358 1359 
3 1361 1342 1344 
3 1362 979 1363 
3 1362 1364 979 
3 978 1363 979 
3 1365 1363 978 
3 977 1365 978 
3 1366 1365 977 
3 976 1366 977 
3 1367 1366 976 
3 975 1367 976 
3 1368 1367 975 
3 974 1368 975 
3 1369 1368 974 
3 973 1369 974 
3 1370 1369 973 
3 972 1370 973 
3 1371 1370 972 
3 971 1371 972 
3 1372 1371 971 
3 970 1372 971 
3 878 1372 970 
3 878 970 969 
3 879 878 969 
3 968 879 969 
3 883 879 968 
3 967 883 968 
3 885 883 967 
3 966 885 967 
3 887 885 966 
3 965 887 966 
3 889 887 965 
3 964 889 965 
3 890 889 964 
3 963 890 964 
3 901 890 963 
3 962 901 963 
3 899 901 962 
3 961 899 962 
3 895 899 961 
3 960 895 961 
3 896 895 960 
3 959 896 960 
3 894 896 959 
3 958 894 959 
3 892 894 958 
3 892 958 957 
3 907 892 957 
3 956 907 957 
3 909 907 956 
3 955 909 956 
3 911 909 955 
3 954 911 955 
3 913 911 954 
3 953 913 954 
3 917 913 953 
3 952 917 953 
3 918 917 952 
3 951 918 952 
3 923 918 951 
3 950 923 951 
3 929 923 950 
3 946 929 950 
3 1373 929 946 
3 980 979 1364 
3 1374 1364 1362 
3 1375 1364 1374 
3 1375 980 1364 
3 931 929 1373 
3 1376 931 1373 
3 1377 931 1376 
3 1378 1377 1376 
3 1379 1377 1378 
3 1380 1379 1378 
3 1381 1379 1380 
3 1382 1381 1380 
3 1383 1381 1382 
3 1384 1383 1382 
3 1385 1383 1384 
3 1386 1385 1384 
3 1387 1385 1386 
3 1388 1387 1386 
3 1389 1387 1388 
3 1390 1389 1388 
3 1391 1389 1390 
3 1392 1391 1390 
3 944 1373 946 
3 944 1376 1373 
3 942 1376 944 
3 942 1378 1376 
3 940 1378 942 
3 940 1380 1378 
3 939 1380 940 
3 939 1382 1380 
3 938 1382 939 
3 938 1384 1382 
3 937 1384 938 
3 937 1386 1384 
3 936 1386 937 
3 936 1388 1386 
3 935 1388 936 
3 935 1390 1388 
3 934 1390 935 
3 934 1392 1390 
3 1393 1391 1392 
3 932 1392 934 
3 1394 1392 932 
3 1394 1393 1392 
3 1395 1393 1394 
3 948 1394 932 
3 948 1395 1394 
3 1396 1395 948 
3 949 1396 948 
3 1397 1396 949 
3 348 1397 949 
3 354 1397 348 
3 1398 1397 354 
3 353 1398 354 
3 1399 1398 353 
3 358 1399 353 
3 1400 1399 358 
3 357 1400 358 
3 1401 1400 357 
3 365 1401 357 
3 1402 1401 365 
3 363 1402 365 
3 1403 1402 363 
3 362 1403 363 
3 1404 1403 362 
3 368 1404 362 
3 1157 1404 368 
3 1157 368 367 
3 1158 1157 367 
3 372 1158 367 
3 1160 1158 372 
3 371 1160 372 
3 1162 1160 371 
3 379 1162 371 
3 1164 1162 379 
3 377 1164 379 
3 1166 1164 377 
3 376 1166 377 
3 1168 1166 376 
3 382 1168 376 
3 1170 1168 382 
3 381 1170 382 
3 1092 1170 381 
3 386 1092 381 
3 1061 1092 386 
3 385 1061 386 
3 1064 1061 385 
3 393 1064 385 
3 1065 1064 393 
3 391 1065 393 
3 1361 1065 391 
3 390 1361 391 
3 390 1342 1361 
3 396 1342 390 
3 396 1345 1342 
3 395 1345 396 
3 395 1347 1345 
3 400 1347 395 
3 400 1349 1347 
3 399 1349 400 
3 399 1351 1349 
3 407 1351 399 
3 407 1353 1351 
3 405 1353 407 
3 405 1355 1353 
3 404 1355 405 
3 404 1357 1355 
3 410 1357 404 
3 410 1359 1357 
3 409 1359 410 
3 1405 1359 409 
3 1405 1360 1359 
3 1067 1361 1344 
3 1067 1065 1361 
3 981 980 1375 
3 1406 1375 1374 
3 1407 1375 1406 
3 1407 981 1375 
3 1069 1344 1343 
3 1069 1067 1344 
3 1071 1343 1346 
3 1071 1069 1343 
3 1074 1346 1348 
3 1074 1071 1346 
3 1076 1348 1350 
3 1076 1074 1348 
3 1078 1350 1352 
3 1078 1076 1350 
3 982 981 1407 
3 1408 1407 1406 
3 1409 1407 1408 
3 1409 982 1407 
3 1080 1352 1354 
3 1080 1078 1352 
3 1082 1354 1356 
3 1082 1080 1354 
3 1084 1356 1358 
3 1084 1082 1356 
3 1086 1358 1360 
3 1086 1084 1358 
3 1088 1360 1405 
3 1088 1086 1360 
3 413 1405 409 
3 1090 1405 413 
3 1090 1088 1405 
3 983 982 1409 
3 1410 983 1409 
3 1411 1409 1408 
3 1411 1410 1409 
3 1412 1410 1411 
3 1413 1412 1411 
3 1412 1413 1414 
3 1415 1412 1414 
3 206 1090 413 
3 1416 1415 1414 
3 1341 845 1340 
3 1341 846 845 
3 1417 846 1341 
3 1418 846 1417 
3 1419 1418 1417 
3 1420 1418 1419 
3 1421 1419 1417 
3 844 1340 845 
3 903 1422 1423 
3 903 1424 1422 
3 902 1424 903 
3 1425 1424 902 
3 875 1425 902 
3 1426 1425 875 
3 877 1426 875 
3 1427 1426 877 
3 880 1427 877 
3 1428 1427 880 
3 882 1428 880 
3 1429 1428 882 
3 881 1429 882 
3 1430 1429 881 
3 884 1430 881 
3 1431 1430 884 
3 886 1431 884 
3 1432 1431 886 
3 888 1432 886 
3 1433 1432 888 
3 891 1433 888 
3 1434 1433 891 
3 900 1434 891 
3 1435 1423 1422 
3 1436 1437 1438 
3 1436 1439 1437 
3 1440 1437 1439 
3 1441 1440 1439 
3 1442 1440 1441 
3 1443 1440 1442 
3 1444 1443 1442 
3 1445 1443 1444 
3 1446 1445 1444 
3 1447 1445 1446 
3 1448 1447 1446 
3 1449 1447 1448 
3 1450 1449 1448 
3 1451 1449 1450 
3 1452 1451 1450 
3 1453 1451 1452 
3 1454 1453 1452 
3 1455 1454 1452 
3 1456 1436 1438 
3 1457 1436 1456 
3 1458 1457 1456 
3 1459 1457 1458 
3 1460 1459 1458 
3 1461 1459 1460 
3 1462 1461 1460 
3 1463 1464 1465 
3 1463 1466 1464 
3 1467 1461 1462 
3 1468 1466 1463 
3 1469 1467 1462 
3 1470 1466 1468 
3 1471 1467 1469 
3 1472 1470 1468 
3 1473 1471 1469 
3 1474 1470 1472 
3 1475 1471 1473 
3 1476 1470 1474 
3 1477 1454 1455 
3 1478 1476 1474 
3 1479 1477 1455 
3 1480 1476 1478 
3 1481 1475 1473 
3 1482 1468 1463 
3 1482 1472 1468 
3 1483 1472 1482 
3 1484 1472 1483 
3 1484 1474 1472 
3 1485 1474 1484 
3 1485 1478 1474 
3 1486 1478 1485 
3 1486 1480 1478 
3 1487 1480 1486 
3 1488 1487 1486 
3 1489 1487 1488 
3 1490 1489 1488 
3 1491 1489 1490 
3 1492 1491 1490 
3 1493 1491 1492 
3 1494 1493 1492 
3 1495 1493 1494 
3 1496 1495 1494 
3 1497 1495 1496 
3 1498 1497 1496 
3 1499 1497 1498 
3 1500 1499 1498 
3 1501 1499 1500 
3 1502 1501 1500 
3 1503 1501 1502 
3 1504 1503 1502 
3 1505 1503 1504 
3 1506 1505 1504 
3 1507 1505 1506 
3 1508 1507 1506 
3 1509 1507 1508 
3 1510 1509 1508 
3 1481 1509 1510 
3 1511 1481 1510 
3 1511 1475 1481 
3 1512 1475 1511 
3 1512 1471 1475 
3 1513 1471 1512 
3 1513 1467 1471 
3 1514 1467 1513 
3 1514 1461 1467 
3 1515 1461 1514 
3 1515 1459 1461 
3 1516 1459 1515 
3 1516 1457 1459 
3 1517 1457 1516 
3 1517 1436 1457 
3 1518 1436 1517 
3 1518 1439 1436 
3 1519 1439 1518 
3 1519 1441 1439 
3 1060 1477 1479 
3 1520 1060 1479 
3 543 1477 1060 
3 543 1454 1477 
3 544 1454 543 
3 544 1453 1454 
3 547 1453 544 
3 547 1451 1453 
3 550 1451 547 
3 550 1449 1451 
3 553 1449 550 
3 553 1447 1449 
3 556 1447 553 
3 556 1445 1447 
3 559 1445 556 
3 559 1443 1445 
3 562 1443 559 
3 562 1440 1443 
3 565 1440 562 
3 565 1437 1440 
3 568 1437 565 
3 568 1438 1437 
3 571 1438 568 
3 571 1456 1438 
3 574 1456 571 
3 574 1458 1456 
3 577 1458 574 
3 577 1460 1458 
3 580 1460 577 
3 580 1462 1460 
3 595 1462 580 
3 595 1469 1462 
3 610 1469 595 
3 610 1473 1469 
3 613 1473 610 
3 613 1481 1473 
3 616 1481 613 
3 616 1509 1481 
3 621 1509 616 
3 621 1507 1509 
3 1304 1507 621 
3 1304 1505 1507 
3 1305 1505 1304 
3 1305 1503 1505 
3 1308 1503 1305 
3 1308 1501 1503 
3 1309 1501 1308 
3 1309 1499 1501 
3 1310 1499 1309 
3 1310 1497 1499 
3 1311 1497 1310 
3 1311 1495 1497 
3 1312 1495 1311 
3 1312 1493 1495 
3 1313 1493 1312 
3 1313 1491 1493 
3 1314 1491 1313 
3 1314 1489 1491 
3 1315 1489 1314 
3 1315 1487 1489 
3 1316 1487 1315 
3 1316 1480 1487 
3 1317 1480 1316 
3 1317 1476 1480 
3 1318 1476 1317 
3 1318 1470 1476 
3 1319 1470 1318 
3 1319 1466 1470 
3 1521 1441 1519 
3 1521 1442 1441 
3 1522 1442 1521 
3 1522 1444 1442 
3 1523 1444 1522 
3 1523 1446 1444 
3 1320 1466 1319 
3 1320 1464 1466 
3 1059 1060 1520 
3 1524 1059 1520 
3 1058 1059 1524 
3 1525 1058 1524 
3 1057 1058 1525 
3 1526 1057 1525 
3 1527 1057 1526 
3 1056 1057 1527 
3 1528 1056 1527 
3 1529 1446 1523 
3 1529 1448 1446 
3 1530 1448 1529 
3 1530 1450 1448 
3 1531 1450 1530 
3 1531 1452 1450 
3 1532 1452 1531 
3 1532 1455 1452 
3 1533 1455 1532 
3 1533 1479 1455 
3 1534 1479 1533 
3 1534 1520 1479 
3 1535 1520 1534 
3 1535 1524 1520 
3 1536 1524 1535 
3 1536 1525 1524 
3 1537 1525 1536 
3 1537 1526 1525 
3 1435 1526 1537 
3 1435 1527 1526 
3 1422 1527 1435 
3 1422 1528 1527 
3 1055 1056 1528 
3 1424 1528 1422 
3 1424 1055 1528 
3 1054 1055 1424 
3 1425 1054 1424 
3 1053 1054 1425 
3 1426 1053 1425 
3 1052 1053 1426 
3 1427 1052 1426 
3 1051 1052 1427 
3 1428 1051 1427 
3 1192 1051 1428 
3 1429 1192 1428 
3 1191 1192 1429 
3 1430 1191 1429 
3 1190 1191 1430 
3 1431 1190 1430 
3 1189 1190 1431 
3 1432 1189 1431 
3 1188 1189 1432 
3 1433 1188 1432 
3 1094 1188 1433 
3 1434 1094 1433 
3 1093 1094 1434 
3 900 1093 1434 
3 1095 1093 900 
3 928 1095 900 
3 1096 1095 928 
3 927 1096 928 
3 1097 1096 927 
3 921 1097 927 
3 1098 1097 921 
3 904 1098 921 
3 1099 1098 904 
3 906 1099 904 
3 1101 1099 906 
3 908 1101 906 
3 1103 1101 908 
3 910 1103 908 
3 1105 1103 910 
3 912 1105 910 
3 1107 1105 912 
3 915 1107 912 
3 1109 1107 915 
3 919 1109 915 
3 1111 1109 919 
3 924 1111 919 
3 1113 1111 924 
3 930 1113 924 
3 1115 1113 930 
3 931 1115 930 
3 1117 1115 931 
3 1377 1117 931 
3 1119 1117 1377 
3 1379 1119 1377 
3 1121 1119 1379 
3 1381 1121 1379 
3 1123 1121 1381 
3 1383 1123 1381 
3 1125 1123 1383 
3 1385 1125 1383 
3 1127 1125 1385 
3 1387 1127 1385 
3 1129 1127 1387 
3 1389 1129 1387 
3 1131 1129 1389 
3 1391 1131 1389 
3 1133 1131 1391 
3 1393 1133 1391 
3 1135 1133 1393 
3 1395 1135 1393 
3 1137 1135 1395 
3 1396 1137 1395 
3 1139 1137 1396 
3 1397 1139 1396 
3 1141 1139 1397 
3 1398 1141 1397 
3 1143 1141 1398 
3 1399 1143 1398 
3 1145 1143 1399 
3 1400 1145 1399 
3 1147 1145 1400 
3 1538 1147 1400 
3 1401 1538 1400 
3 1539 1538 1401 
3 1149 1538 1539 
3 1149 1147 1538 
3 1402 1539 1401 
3 1151 1149 1539 
3 1540 1539 1402 
3 1540 1151 1539 
3 1321 1464 1320 
3 1541 1464 1321 
3 1541 1465 1464 
3 1403 1540 1402 
3 1153 1151 1540 
3 1542 1540 1403 
3 1542 1153 1540 
3 1543 1463 1465 
3 1543 1482 1463 
3 1544 1465 1541 
3 1544 1543 1465 
3 1404 1542 1403 
3 1155 1542 1404 
3 1155 1153 1542 
3 1157 1155 1404 
3 1545 1546 1547 
3 1545 1548 1546 
3 1549 1548 1545 
3 1337 1548 1549 
3 1338 1337 1549 
3 1550 1549 1545 
3 1550 1338 1549 
3 1551 1545 1547 
3 1551 1550 1545 
3 1552 1551 1547 
3 1553 1552 1547 
3 1554 1547 1546 
3 1554 1553 1547 
3 1555 1553 1554 
3 1556 1553 1555 
3 1557 1553 1556 
3 1557 1552 1553 
3 1558 1556 1555 
3 1559 1556 1558 
3 1559 1557 1556 
3 628 1548 1337 
3 1560 1559 1558 
3 1561 1562 1563 
3 1561 1564 1562 
3 1565 1563 1562 
3 1566 1563 1565 
3 1567 1566 1565 
3 1568 1566 1567 
3 1569 1568 1567 
3 1570 1568 1569 
3 1571 1570 1569 
3 1572 1571 1569 
3 1573 1571 1572 
3 1574 1571 1573 
3 1560 1574 1573 
3 1575 1574 1560 
3 1558 1575 1560 
3 1576 1575 1558 
3 1555 1576 1558 
3 1577 1576 1555 
3 1554 1577 1555 
3 1578 1577 1554 
3 1011 1577 1578 
3 1010 1577 1011 
3 1010 1576 1577 
3 1009 1576 1010 
3 1009 1575 1576 
3 1008 1575 1009 
3 1008 1574 1575 
3 1007 1574 1008 
3 1007 1571 1574 
3 1006 1571 1007 
3 1006 1570 1571 
3 1005 1570 1006 
3 1005 1568 1570 
3 1004 1568 1005 
3 1004 1566 1568 
3 1003 1566 1004 
3 1003 1563 1566 
3 1002 1563 1003 
3 1002 1561 1563 
3 1001 1561 1002 
3 1579 1561 1001 
3 1579 1564 1561 
3 1580 1572 1569 
3 1581 1569 1567 
3 1581 1580 1569 
3 1582 1567 1565 
3 1582 1581 1567 
3 1583 1565 1562 
3 1583 1582 1565 
3 1584 1562 1564 
3 1584 1583 1562 
3 1585 1564 1579 
3 1585 1584 1564 
3 1000 1579 1001 
3 1586 1579 1000 
3 1586 1585 1579 
3 1587 1585 1586 
3 999 1586 1000 
3 1588 1586 999 
3 1588 1587 1586 
3 1589 1587 1588 
3 998 1588 999 
3 1590 1588 998 
3 1590 1589 1588 
3 1591 1589 1590 
3 997 1590 998 
3 1592 1590 997 
3 1592 1591 1590 
3 1593 1591 1592 
3 996 1592 997 
3 1594 1592 996 
3 1594 1593 1592 
3 1595 1593 1594 
3 995 1594 996 
3 1596 1594 995 
3 1596 1595 1594 
3 1597 1595 1596 
3 994 1596 995 
3 1598 1596 994 
3 1598 1597 1596 
3 1599 1597 1598 
3 993 1598 994 
3 1600 1598 993 
3 1600 1599 1598 
3 1601 1599 1600 
3 992 1600 993 
3 1602 1600 992 
3 1602 1601 1600 
3 1603 1601 1602 
3 991 1602 992 
3 1604 1602 991 
3 1604 1603 1602 
3 1605 1603 1604 
3 990 1604 991 
3 1606 1604 990 
3 1606 1605 1604 
3 1607 1605 1606 
3 989 1606 990 
3 1608 1606 989 
3 1608 1607 1606 
3 1609 1607 1608 
3 988 1608 989 
3 1610 1608 988 
3 1610 1609 1608 
3 1611 1609 1610 
3 987 1610 988 
3 1612 1610 987 
3 1612 1611 1610 
3 986 1612 987 
3 1416 1611 1612 
3 1613 1612 986 
3 1613 1416 1612 
3 1415 1416 1613 
3 985 1613 986 
3 1614 1613 985 
3 1614 1415 1613 
3 1012 1011 1578 
3 1615 1012 1578 
3 1013 1012 1615 
3 1616 1013 1615 
3 1546 1578 1554 
3 1546 1615 1578 
3 1548 1615 1546 
3 1548 1616 1615 
3 626 1013 1616 
3 628 1616 1548 
3 628 626 1616 
3 1412 1415 1614 
3 984 1614 985 
3 1410 1614 984 
3 1410 1412 1614 
3 983 1410 984 
3 1617 1618 1619 
3 1619 1618 1620 
3 1621 1618 1617 
3 1622 1621 1617 
3 1623 1619 1620 
3 1624 1623 1620 
3 1557 1624 1620 
3 1559 1624 1557 
3 1625 1624 1559 
3 1626 1624 1625 
3 1626 1623 1624 
3 1627 1622 1617 
3 1628 1617 1619 
3 1628 1627 1617 
3 1629 1619 1623 
3 1629 1628 1619 
3 1630 1623 1626 
3 1630 1629 1623 
3 1631 1630 1626 
3 1632 1626 1625 
3 1632 1631 1626 
3 1633 1631 1632 
3 1634 1633 1632 
3 1560 1625 1559 
3 1573 1625 1560 
3 1573 1632 1625 
3 1572 1632 1573 
3 1572 1634 1632 
3 1635 1633 1634 
3 1580 1634 1572 
3 1580 1635 1634 
3 1636 1635 1580 
3 1581 1636 1580 
3 1637 1636 1581 
3 1582 1637 1581 
3 1638 1637 1582 
3 1583 1638 1582 
3 1639 1638 1583 
3 1584 1639 1583 
3 1640 1639 1584 
3 1585 1640 1584 
3 1641 1640 1585 
3 1587 1641 1585 
3 1642 1641 1587 
3 1589 1642 1587 
3 1643 1642 1589 
3 1591 1643 1589 
3 1644 1643 1591 
3 1593 1644 1591 
3 1645 1644 1593 
3 1595 1645 1593 
3 1646 1645 1595 
3 1597 1646 1595 
3 1647 1646 1597 
3 1599 1647 1597 
3 1648 1647 1599 
3 1601 1648 1599 
3 1649 1648 1601 
3 1603 1649 1601 
3 1650 1649 1603 
3 1605 1650 1603 
3 1651 1650 1605 
3 1607 1651 1605 
3 1652 1651 1607 
3 1609 1652 1607 
3 1653 1652 1609 
3 1611 1653 1609 
3 1654 1653 1611 
3 1655 1653 1654 
3 1656 1655 1654 
3 1416 1654 1611 
3 1416 1656 1654 
3 1414 1656 1416 
3 1657 1655 1656 
3 1658 1656 1414 
3 1658 1657 1656 
3 1413 1658 1414 
3 1659 1657 1658 
3 1659 1658 1413 
3 1660 1659 1413 
3 1661 1659 1660 
3 1411 1660 1413 
3 1662 1660 1411 
3 1662 1661 1660 
3 1663 1661 1662 
3 1408 1662 1411 
3 1664 1662 1408 
3 1664 1663 1662 
3 1665 1663 1664 
3 1406 1664 1408 
3 1666 1664 1406 
3 1666 1665 1664 
3 1667 1665 1666 
3 1374 1666 1406 
3 1668 1666 1374 
3 1668 1667 1666 
3 1669 1667 1668 
3 1362 1668 1374 
3 1670 1668 1362 
3 1670 1669 1668 
3 1671 1669 1670 
3 1363 1670 1362 
3 1672 1670 1363 
3 1672 1671 1670 
3 1673 1671 1672 
3 1365 1672 1363 
3 1674 1672 1365 
3 1674 1673 1672 
3 1366 1674 1365 
3 1675 1673 1674 
3 1676 1674 1366 
3 1676 1675 1674 
3 1552 1620 1618 
3 1552 1557 1620 
3 1551 1618 1621 
3 1551 1552 1618 
3 1417 1622 1627 
3 1341 1622 1417 
3 1339 1622 1341 
3 1339 1621 1622 
3 1550 1621 1339 
3 1550 1551 1621 
3 1367 1676 1366 
3 1677 1675 1676 
3 1678 1676 1367 
3 1678 1677 1676 
3 1368 1678 1367 
3 1679 1678 1368 
3 1369 1679 1368 
3 1680 1679 1369 
3 1681 1678 1679 
3 1681 1677 1678 
3 1682 1679 1680 
3 1682 1681 1679 
3 1370 1680 1369 
3 1683 1680 1370 
3 1683 1682 1680 
3 903 1682 1683 
3 876 903 1683 
3 1371 1683 1370 
3 1371 876 1683 
3 874 876 1371 
3 1372 874 1371 
3 1421 1417 1627 
3 1338 1550 1339 
3 878 874 1372 
3 1684 1627 1685 
3 1684 1421 1627 
3 1686 1655 1687 
3 1686 1653 1655 
3 1688 1653 1686 
3 1652 1653 1688 
3 1689 1652 1688 
3 1651 1652 1689 
3 1690 1651 1689 
3 1650 1651 1690 
3 1691 1650 1690 
3 1649 1650 1691 
3 1692 1649 1691 
3 1648 1649 1692 
3 1693 1648 1692 
3 1647 1648 1693 
3 1694 1647 1693 
3 1646 1647 1694 
3 1695 1646 1694 
3 1645 1646 1695 
3 1696 1645 1695 
3 1644 1645 1696 
3 1697 1644 1696 
3 1643 1644 1697 
3 1698 1643 1697 
3 1642 1643 1698 
3 1699 1642 1698 
3 1641 1642 1699 
3 1700 1641 1699 
3 1640 1641 1700 
3 1701 1640 1700 
3 1639 1640 1701 
3 1702 1639 1701 
3 1638 1639 1702 
3 1703 1638 1702 
3 1637 1638 1703 
3 1704 1637 1703 
3 1636 1637 1704 
3 1705 1636 1704 
3 1635 1636 1705 
3 1706 1635 1705 
3 1633 1635 1706 
3 1707 1633 1706 
3 1631 1633 1707 
3 1708 1631 1707 
3 1630 1631 1708 
3 1709 1630 1708 
3 1629 1630 1709 
3 1710 1629 1709 
3 1628 1629 1710 
3 1685 1628 1710 
3 1627 1628 1685 
3 1657 1687 1655 
3 1711 1419 1421 
3 1711 1543 1419 
3 1420 1419 1543 
3 1482 1543 1711 
3 1420 1543 1544 
3 1321 1322 1541 
3 1322 635 1712 
3 1541 1712 1544 
3 1712 1713 1714 
3 1714 1715 1544 
3 1715 847 1418 
3 1714 849 1715 
3 847 1715 849 
3 846 1418 847 
3 1715 1418 1420 
3 1715 1420 1544 
3 849 1714 1713 
3 1714 1544 1712 
3 1713 1712 635 
3 1712 1541 1322 
3 1716 1717 1718 
3 1716 632 1717 
3 1719 632 1716 
3 1720 632 1719 
3 851 1720 1719 
3 852 1719 1716 
3 852 851 1719 
3 853 1716 1718 
3 853 852 1716 
3 1721 1718 1717 
3 873 1718 1721 
3 873 853 1718 
3 635 632 1720 
3 1713 635 1720 
3 850 1720 851 
3 850 1713 1720 
3 872 873 1721 
3 849 1713 850 
3 1536 1677 1722 
3 1536 1675 1677 
3 1535 1675 1536 
3 1673 1675 1535 
3 1534 1673 1535 
3 1671 1673 1534 
3 1533 1671 1534 
3 1669 1671 1533 
3 1532 1669 1533 
3 1667 1669 1532 
3 1531 1667 1532 
3 1665 1667 1531 
3 1530 1665 1531 
3 1663 1665 1530 
3 1529 1663 1530 
3 1661 1663 1529 
3 1523 1661 1529 
3 1659 1661 1523 
3 1522 1659 1523 
3 1521 1659 1522 
3 1657 1659 1521 
3 1687 1657 1521 
3 1519 1687 1521 
3 1686 1687 1519 
3 1518 1686 1519 
3 1688 1686 1518 
3 1517 1688 1518 
3 1689 1688 1517 
3 1516 1689 1517 
3 1690 1689 1516 
3 1515 1690 1516 
3 1691 1690 1515 
3 1514 1691 1515 
3 1692 1691 1514 
3 1513 1692 1514 
3 1693 1692 1513 
3 1512 1693 1513 
3 1694 1693 1512 
3 1511 1694 1512 
3 1695 1694 1511 
3 1510 1695 1511 
3 1696 1695 1510 
3 1508 1696 1510 
3 1697 1696 1508 
3 1506 1697 1508 
3 1698 1697 1506 
3 1504 1698 1506 
3 1699 1698 1504 
3 1502 1699 1504 
3 1700 1699 1502 
3 1500 1700 1502 
3 1701 1700 1500 
3 1498 1701 1500 
3 1702 1701 1498 
3 1496 1702 1498 
3 1703 1702 1496 
3 1494 1703 1496 
3 1704 1703 1494 
3 1492 1704 1494 
3 1705 1704 1492 
3 1490 1705 1492 
3 1706 1705 1490 
3 1488 1706 1490 
3 1707 1706 1488 
3 1486 1707 1488 
3 1708 1707 1486 
3 1485 1708 1486 
3 1709 1708 1485 
3 1484 1709 1485 
3 1710 1709 1484 
3 1483 1710 1484 
3 1685 1710 1483 
3 1723 1685 1483 
3 1537 1536 1722 
3 1681 1722 1677 
3 1724 1722 1681 
3 1724 1537 1722 
3 1684 1685 1723 
3 1711 1684 1723 
3 1482 1723 1483 
3 1482 1711 1723 
3 1435 1537 1724 
3 1682 1724 1681 
3 1423 1724 1682 
3 1423 1435 1724 
3 1421 1684 1711 
3 903 1423 1682 
3 1 189 2 
3 2 189 1725 
3 20 19 34 
3 19 1289 34 
3 34 1289 37 
3 1289 1290 37 
3 37 1290 38 
3 1290 1291 38 
3 38 1291 40 
3 1291 1292 40 
3 40 1292 42 
3 1292 1293 42 
3 42 1293 44 
3 1293 1294 44 
3 44 1294 46 
3 1294 1295 46 
3 46 1295 48 
3 1295 1296 48 
3 48 1296 50 
3 1296 1297 50 
3 50 1297 52 
3 1297 1298 52 
3 52 1298 54 
3 1298 1299 54 
3 54 1299 56 
3 1299 1300 56 
3 56 1300 58 
3 1300 1301 58 
3 58 1301 60 
3 1301 1302 60 
3 60 1302 62 
3 1302 829 62 
3 829 64 62 
3 829 827 64 
3 64 827 66 
3 827 822 66 
3 66 822 68 
3 822 705 68 
3 189 187 1725 
3 1725 187 1726 
3 68 705 70 
3 705 697 70 
3 70 697 72 
3 697 695 72 
3 72 695 74 
3 695 693 74 
3 74 693 76 
3 693 691 76 
3 76 691 78 
3 691 689 78 
3 78 689 80 
3 689 686 80 
3 80 686 82 
3 686 709 82 
3 82 709 84 
3 709 712 84 
3 84 712 86 
3 712 718 86 
3 86 718 88 
3 88 718 1727 
3 718 719 1727 
3 1727 719 1728 
3 719 720 1728 
3 187 185 1726 
3 1726 185 1729 
3 720 1730 1728 
3 720 723 1730 
3 1730 723 96 
3 723 725 96 
3 96 725 97 
3 725 727 97 
3 97 727 99 
3 727 729 99 
3 99 729 101 
3 729 731 101 
3 101 731 103 
3 731 733 103 
3 103 733 105 
3 733 735 105 
3 105 735 107 
3 735 1731 107 
3 107 1731 109 
3 1731 1732 109 
3 109 1732 111 
3 1732 1733 111 
3 111 1733 113 
3 1733 1734 113 
3 113 1734 115 
3 1734 1735 115 
3 115 1735 117 
3 185 183 1729 
3 1729 183 1736 
3 1735 1737 117 
3 117 1737 119 
3 183 181 1736 
3 1736 181 1738 
3 1738 181 1739 
3 181 179 1739 
3 1739 179 1740 
3 179 177 1740 
3 1740 177 1741 
3 177 175 1741 
3 1741 175 1742 
3 175 173 1742 
3 1737 1743 1744 
3 1737 1744 119 
3 119 1744 121 
3 1742 173 1745 
3 1742 1745 1746 
3 173 171 1745 
3 121 1744 1747 
3 121 1747 131 
3 1746 1745 1748 
3 1746 1748 1749 
3 1744 1743 1747 
3 1743 1750 1747 
3 1750 1751 1752 
3 1750 1752 1747 
3 1747 1752 131 
3 131 1752 133 
3 133 1752 1753 
3 133 1753 135 
3 1745 171 1748 
3 171 169 1748 
3 1749 1748 1754 
3 1749 1754 1755 
3 1755 1754 1756 
3 1755 1756 1757 
3 1757 1756 1758 
3 1757 1758 1759 
3 1752 1751 1753 
3 1751 1760 1753 
3 1759 1758 1761 
3 1759 1761 1762 
3 1753 1760 1763 
3 1753 1763 135 
3 135 1763 137 
3 1760 1764 1763 
3 1763 1764 1765 
3 1763 1765 137 
3 137 1765 139 
3 1764 1766 1765 
3 1765 1766 1767 
3 1765 1767 139 
3 139 1767 141 
3 1766 1768 1767 
3 1767 1768 1769 
3 1767 1769 141 
3 141 1769 143 
3 1768 1770 1769 
3 1769 1770 1771 
3 1769 1771 143 
3 143 1771 145 
3 1770 1772 1771 
3 1771 1772 1773 
3 1771 1773 145 
3 145 1773 147 
3 1772 1774 1773 
3 1773 1774 1775 
3 1773 1775 147 
3 147 1775 149 
3 1774 1776 1775 
3 149 1775 1777 
3 149 1777 151 
3 1775 1776 1777 
3 1776 1778 1777 
3 1777 1778 1779 
3 1777 1779 151 
3 151 1779 153 
3 1778 1780 1779 
3 1779 1780 1781 
3 1779 1781 153 
3 153 1781 155 
3 1780 1782 1781 
3 1781 1782 1783 
3 1781 1783 155 
3 155 1783 157 
3 1782 1784 1783 
3 1784 1785 1786 
3 1784 1786 1783 
3 1785 1762 1787 
3 1785 1787 1786 
3 1762 1761 1787 
3 1783 1786 157 
3 157 1786 159 
3 1786 1787 159 
3 159 1787 161 
3 1787 1761 161 
3 161 1761 163 
3 1761 1758 163 
3 163 1758 165 
3 1758 1756 165 
3 165 1756 167 
3 1756 1754 167 
3 169 167 1754 
3 169 1754 1748 
3 88 1727 90 
3 96 94 1730 
3 90 1727 92 
3 1727 1728 92 
3 94 92 1728 
3 94 1728 1730 
3 1788 1789 1790 
3 1791 1788 1792 
3 1793 1791 1794 
3 1795 1793 1796 
3 1797 1795 1798 
3 1799 1797 1800 
3 1801 1802 1803 
3 1804 1801 1805 
3 1789 1804 1806 
3 1807 1808 1802 
3 1809 1808 1807 
3 1810 1809 1811 
3 1810 1811 1812 
3 1813 1814 1815 
3 1816 1813 1817 
3 1818 1816 1819 
3 1820 1821 1822 
3 1821 1820 1823 
3 1823 1824 1814 
3 1825 1826 1827 
3 1822 1825 1828 
3 1829 1830 1831 
3 1826 1829 1831 
3 1827 1831 1832 
3 1830 1829 1833 
3 1834 1833 1835 
3 1836 1834 1835 
3 1834 1830 1833 
3 1828 1827 1832 
3 1827 1826 1831 
3 1827 1828 1825 
3 1815 1814 1824 
3 1824 1823 1820 
3 1825 1822 1821 
3 1799 1818 1819 
3 1819 1816 1817 
3 1817 1813 1815 
3 1807 1811 1809 
3 1803 1802 1808 
3 1790 1789 1806 
3 1806 1804 1805 
3 1805 1801 1803 
3 1818 1799 1800 
3 1800 1797 1798 
3 1798 1795 1796 
3 1796 1793 1794 
3 1794 1791 1792 
3 1792 1788 1790 
3 122 327 123 
3 123 327 1837 
3 123 1837 106 
3 327 324 1837 
3 106 1837 104 
3 1836 1835 1838 
3 1836 1838 1839 
3 1835 1833 1840 
3 1835 1840 1838 
3 1833 1829 1840 
3 867 1841 1842 
3 867 1842 866 
3 866 1842 1843 
3 866 1843 865 
3 865 1843 1844 
3 865 1844 864 
3 1839 1838 1845 
3 1839 1845 1841 
3 1841 1845 1842 
3 864 1844 1846 
3 864 1846 863 
3 863 1846 1847 
3 863 1847 862 
3 862 1847 1848 
3 862 1848 861 
3 861 1848 1849 
3 861 1849 860 
3 1837 324 1850 
3 1837 1850 104 
3 324 322 1850 
3 104 1850 102 
3 1850 322 1851 
3 1850 1851 102 
3 322 320 1851 
3 102 1851 100 
3 1851 320 1852 
3 1851 1852 100 
3 320 318 1852 
3 100 1852 98 
3 1852 318 1853 
3 1852 1853 98 
3 318 316 1853 
3 98 1853 95 
3 1853 316 1854 
3 1853 1854 95 
3 316 314 1854 
3 95 1854 93 
3 1854 314 1855 
3 1854 1855 93 
3 314 312 1855 
3 93 1855 91 
3 1855 312 1856 
3 1855 1856 91 
3 312 310 1856 
3 91 1856 89 
3 1856 310 1857 
3 1856 1857 89 
3 310 308 1857 
3 89 1857 87 
3 1857 308 1858 
3 1857 1858 87 
3 308 306 1858 
3 87 1858 85 
3 1858 306 1859 
3 1858 1859 85 
3 306 304 1859 
3 85 1859 83 
3 1859 304 1860 
3 1859 1860 83 
3 304 302 1860 
3 83 1860 81 
3 860 1849 1823 
3 1823 1849 1821 
3 1849 1848 1821 
3 1821 1848 1825 
3 1848 1847 1825 
3 1825 1847 1826 
3 1847 1846 1826 
3 1826 1846 1861 
3 1826 1861 1829 
3 1829 1861 1840 
3 1823 1814 860 
3 860 1814 859 
3 1814 1813 859 
3 859 1813 857 
3 1813 1816 857 
3 857 1816 855 
3 1816 1818 855 
3 855 1818 871 
3 1818 1800 871 
3 871 1800 229 
3 229 1800 232 
3 1800 1798 232 
3 232 1798 234 
3 1798 1796 234 
3 234 1796 236 
3 1796 1794 236 
3 236 1794 238 
3 1794 1792 238 
3 238 1792 240 
3 1792 1790 240 
3 240 1790 242 
3 1790 1806 242 
3 242 1806 244 
3 1806 1805 244 
3 244 1805 246 
3 1805 1803 246 
3 246 1803 248 
3 1803 1808 248 
3 248 1808 250 
3 1808 1809 250 
3 250 1809 252 
3 1809 1810 252 
3 252 1810 1862 
3 252 1862 254 
3 1810 1812 1862 
3 1812 1863 1862 
3 1862 1863 1864 
3 1862 1864 254 
3 254 1864 256 
3 1863 1865 1864 
3 1864 1865 1866 
3 1864 1866 256 
3 256 1866 258 
3 1865 1867 1866 
3 1866 1867 1868 
3 1866 1868 258 
3 258 1868 260 
3 1867 1869 1868 
3 1868 1869 1870 
3 1868 1870 260 
3 260 1870 262 
3 1869 1871 1870 
3 1870 1871 1872 
3 1870 1872 262 
3 262 1872 264 
3 1871 1873 1872 
3 1872 1873 1874 
3 1872 1874 264 
3 264 1874 266 
3 1873 1875 1874 
3 1874 1875 266 
3 266 1875 268 
3 1875 1876 268 
3 268 1876 270 
3 1876 1877 270 
3 270 1877 272 
3 1877 1878 272 
3 272 1878 274 
3 1878 1879 274 
3 274 1879 276 
3 1879 1880 276 
3 276 1880 278 
3 1880 1881 278 
3 278 1881 280 
3 1881 1882 280 
3 280 1882 282 
3 1882 1883 282 
3 282 1883 284 
3 1883 1884 284 
3 284 1884 286 
3 1884 65 286 
3 286 65 288 
3 65 67 288 
3 288 67 290 
3 67 69 290 
3 290 69 292 
3 69 71 292 
3 71 73 292 
3 292 73 294 
3 73 75 294 
3 294 75 296 
3 75 77 296 
3 296 77 298 
3 77 79 298 
3 298 79 300 
3 79 81 300 
3 302 300 81 
3 302 81 1860 
3 1846 1844 1861 
3 1861 1844 1885 
3 1844 1843 1885 
3 1861 1885 1840 
3 1845 1843 1842 
3 1840 1885 1838 
3 1885 1843 1845 
3 1845 1838 1885 
3 65 1884 63 
3 872 1721 1886 
3 1884 1883 63 
3 63 1883 61 
3 1883 1882 61 
3 61 1882 59 
3 59 1882 1887 
3 59 1887 57 
3 1882 1881 1887 
3 57 1887 1888 
3 57 1888 55 
3 632 634 1889 
3 632 1889 1717 
3 634 636 1890 
3 634 1890 1889 
3 636 1238 1891 
3 636 1891 1890 
3 1238 1258 1892 
3 1238 1892 1891 
3 1258 1260 1893 
3 1258 1893 1892 
3 1260 1262 1894 
3 1260 1894 1893 
3 1886 1721 1895 
3 1886 1895 1836 
3 1721 1717 1895 
3 1717 1889 1895 
3 1836 1895 1896 
3 1836 1896 1834 
3 55 1888 1897 
3 55 1897 53 
3 53 1897 1898 
3 53 1898 51 
3 51 1878 1877 
3 51 1898 1878 
3 1878 1898 1879 
3 1898 1897 1879 
3 1879 1897 1880 
3 1897 1888 1880 
3 1881 1880 1888 
3 1881 1888 1887 
3 51 1877 49 
3 1877 1876 49 
3 49 1876 47 
3 1876 1875 47 
3 47 1875 45 
3 1875 1873 45 
3 45 1873 43 
3 1873 1871 43 
3 43 1871 41 
3 1871 1869 41 
3 41 1869 39 
3 1869 1867 39 
3 39 1867 36 
3 1867 1865 36 
3 36 1865 35 
3 1865 1863 35 
3 35 1863 31 
3 1863 1812 31 
3 31 1812 26 
3 1812 1811 26 
3 26 1811 23 
3 1811 1807 23 
3 23 1807 28 
3 1807 1802 28 
3 28 1802 33 
3 1802 1801 33 
3 33 1801 1899 
3 33 1899 120 
3 1801 1804 1899 
3 120 1899 1288 
3 1899 1804 1900 
3 1899 1900 1288 
3 1804 1789 1900 
3 1288 1900 1287 
3 1262 1264 1901 
3 1262 1901 1894 
3 1834 1896 1902 
3 1834 1902 1830 
3 1264 1266 1903 
3 1264 1903 1901 
3 1266 1268 1904 
3 1266 1904 1903 
3 1268 1270 1905 
3 1268 1905 1904 
3 1270 1272 1906 
3 1270 1906 1905 
3 1272 1274 1907 
3 1272 1907 1906 
3 1274 1276 1908 
3 1274 1908 1907 
3 1276 1278 1909 
3 1276 1909 1908 
3 1278 1280 1910 
3 1278 1910 1909 
3 1280 1282 1911 
3 1280 1911 1910 
3 1282 1284 1912 
3 1282 1912 1911 
3 1284 1286 1913 
3 1284 1913 1912 
3 1286 1287 1914 
3 1286 1914 1913 
3 1287 1900 1914 
3 1900 1789 1914 
3 1789 1788 1914 
3 1788 1791 1914 
3 1914 1791 1913 
3 1791 1793 1913 
3 1913 1793 1912 
3 1793 1795 1912 
3 1912 1795 1911 
3 1795 1797 1911 
3 1911 1797 1910 
3 1797 1799 1910 
3 1910 1799 1909 
3 1799 1819 1909 
3 1909 1819 1908 
3 1819 1817 1908 
3 1908 1817 1907 
3 1817 1815 1907 
3 1907 1815 1906 
3 1815 1824 1906 
3 1906 1824 1905 
3 1824 1820 1905 
3 1905 1820 1904 
3 1820 1822 1904 
3 1904 1822 1903 
3 1822 1828 1903 
3 1903 1828 1901 
3 1828 1832 1901 
3 1901 1832 1894 
3 1832 1831 1915 
3 1832 1915 1894 
3 1831 1830 1916 
3 1831 1916 1915 
3 1830 1902 1916 
3 1894 1915 1893 
3 1895 1889 1896 
3 1889 1890 1896 
3 1896 1890 1902 
3 1890 1891 1902 
3 1915 1916 1893 
3 1893 1916 1892 
3 1892 1916 1902 
3 1892 1902 1891 
3 779 781 1917 
3 815 1918 814 
3 1918 1919 814 
3 814 1919 813 
3 1919 1920 813 
3 813 1920 812 
3 1920 1921 812 
3 812 1921 811 
3 1921 1922 811 
3 811 1922 809 
3 1922 1923 809 
3 809 1923 807 
3 1923 1924 807 
3 807 1924 805 
3 1924 1925 805 
3 805 1925 803 
3 1925 1926 803 
3 803 1926 801 
3 1926 1927 801 
3 801 1927 799 
3 1927 1928 799 
3 799 1928 797 
3 1928 1929 797 
3 797 1929 795 
3 1929 1930 795 
3 795 1930 793 
3 1930 1931 793 
3 793 1931 791 
3 1931 1932 791 
3 791 1932 789 
3 1932 1933 789 
3 789 1933 787 
3 1933 1934 787 
3 787 1934 785 
3 1934 1935 785 
3 785 1935 783 
3 783 1935 1917 
3 783 1917 781 
3 1923 1922 1936 
3 426 425 1937 
3 426 1937 826 
3 425 1938 1937 
3 1938 1939 1937 
3 1936 1922 1940 
3 1936 1940 1941 
3 1922 1921 1940 
3 1941 1940 1942 
3 1941 1942 1943 
3 826 1937 1944 
3 826 1944 825 
3 1937 1939 1944 
3 1939 1945 1944 
3 1945 1946 1947 
3 1945 1947 1944 
3 1943 1942 1948 
3 1943 1948 1949 
3 1944 1947 825 
3 825 1947 819 
3 819 1947 1950 
3 819 1950 818 
3 818 1950 1951 
3 818 1951 817 
3 817 1951 1952 
3 817 1952 816 
3 1947 1946 1950 
3 1946 1953 1950 
3 1950 1953 1951 
3 1953 1954 1951 
3 816 1952 1955 
3 816 1955 815 
3 815 1955 1918 
3 1949 1948 1956 
3 1949 1956 1957 
3 1951 1954 1952 
3 1954 1958 1952 
3 1957 1956 1959 
3 1957 1959 1958 
3 1952 1958 1955 
3 1958 1959 1955 
3 1955 1959 1918 
3 1959 1956 1918 
3 1918 1956 1919 
3 1956 1948 1919 
3 1919 1948 1920 
3 1948 1942 1920 
3 1921 1920 1942 
3 1921 1942 1940 
3 755 757 1960 
3 1945 1961 1946 
3 1960 757 1962 
3 1960 1962 1963 
3 757 759 1962 
3 1961 1964 1965 
3 1961 1965 1946 
3 1946 1965 1953 
3 1964 1966 1967 
3 1964 1967 1965 
3 1963 1962 1968 
3 1963 1968 1969 
3 1962 759 1968 
3 759 761 1968 
3 1966 1970 1971 
3 1966 1971 1967 
3 1968 761 1972 
3 1968 1972 1969 
3 1969 1972 1973 
3 761 763 1972 
3 1970 1974 1975 
3 1970 1975 1971 
3 1974 1976 1977 
3 1974 1977 1975 
3 1976 1978 1979 
3 1976 1979 1977 
3 1978 1980 1981 
3 1978 1981 1979 
3 1980 1982 1983 
3 1980 1983 1981 
3 1982 1984 1985 
3 1982 1985 1983 
3 1984 1986 1987 
3 1984 1987 1985 
3 1986 1988 1989 
3 1986 1989 1987 
3 1988 1990 1991 
3 1988 1991 1989 
3 1990 1992 1993 
3 1990 1993 1991 
3 1992 1994 1995 
3 1992 1995 1993 
3 1994 1996 1997 
3 1994 1997 1995 
3 1996 1998 1999 
3 1996 1999 1997 
3 1998 2000 2001 
3 1998 2001 1999 
3 2000 2002 2003 
3 2000 2003 2001 
3 2002 2004 2005 
3 2002 2005 2003 
3 2004 2006 2007 
3 2004 2007 2005 
3 2006 2008 2009 
3 2006 2009 2007 
3 2008 2010 2011 
3 2008 1935 2009 
3 1965 1967 1953 
3 1953 1967 1954 
3 1967 1971 1954 
3 1954 1971 1958 
3 1971 1975 1958 
3 1958 1975 1957 
3 1975 1977 1957 
3 1957 1977 1949 
3 1977 1979 1949 
3 1949 1979 1943 
3 1979 1981 1943 
3 1943 1981 1941 
3 1981 1983 1941 
3 1941 1983 1936 
3 1983 1985 1936 
3 1936 1985 1923 
3 1985 1987 1923 
3 1923 1987 1924 
3 1987 1989 1924 
3 1924 1989 1925 
3 1989 1991 1925 
3 1925 1991 1926 
3 1991 1993 1926 
3 1926 1993 1927 
3 1993 1995 1927 
3 1927 1995 1928 
3 1995 1997 1928 
3 1928 1997 1929 
3 1997 1999 1929 
3 1929 1999 1930 
3 1999 2001 1930 
3 1930 2001 1931 
3 2001 2003 1931 
3 1931 2003 1932 
3 2003 2005 1932 
3 1932 2005 1933 
3 2005 2007 1933 
3 1933 2007 1934 
3 2007 2009 1934 
3 1934 2009 1935 
3 2008 2011 1935 
3 1935 2011 1917 
3 1972 763 2012 
3 1972 2012 1973 
3 1973 2012 2013 
3 763 765 2012 
3 2012 765 2014 
3 2012 2014 2013 
3 2013 2014 2015 
3 765 767 2014 
3 767 769 2016 
3 767 2016 2014 
3 2014 2016 2015 
3 2015 2016 2017 
3 2016 769 2018 
3 2016 2018 2017 
3 2017 2018 2019 
3 769 771 2018 
3 2018 771 2020 
3 2018 2020 2019 
3 2019 2020 2021 
3 771 773 2020 
3 2020 773 2022 
3 2020 2022 2021 
3 2021 2022 2023 
3 773 775 2022 
3 2022 775 2024 
3 2022 2024 2023 
3 2023 2024 2025 
3 775 777 2024 
3 2024 777 2026 
3 2024 2026 2025 
3 2025 2026 2027 
3 777 779 2026 
3 779 1917 2026 
3 2026 1917 2027 
3 2010 2027 1917 
3 2010 1917 2011 
3 1996 2028 1998 
3 2000 1746 1749 
3 2028 1746 2000 
3 2002 2000 1749 
3 2004 2002 1755 
3 2006 2004 1757 
3 2029 2030 2031 
3 2032 1739 1740 
3 2033 2032 2034 
3 2032 2029 1739 
3 1992 1990 2035 
3 2033 1992 2035 
3 2035 1990 2030 
3 2032 2035 2029 
3 2034 1740 1741 
3 2036 1996 1994 
3 2034 2036 2033 
3 2037 1742 2028 
3 2036 2037 2028 
3 1741 1742 2037 
3 2034 1741 2037 
3 2033 1994 1992 
3 2028 1742 1746 
3 2038 2031 2039 
3 2039 2030 1988 
3 2040 2038 2041 
3 2041 2039 1986 
3 2008 2006 1759 
3 2010 2008 1762 
3 2027 2010 1785 
3 2025 2027 1784 
3 2023 2025 1782 
3 2021 2023 1780 
3 2019 2021 1778 
3 2017 2019 1776 
3 1984 2041 1986 
3 2042 2041 1982 
3 2040 2041 2042 
3 2043 2040 2042 
3 1980 2042 1982 
3 2044 1978 2045 
3 2046 2044 2047 
3 2044 2046 2042 
3 1978 2044 1980 
3 2045 1978 1976 
3 1974 2045 1976 
3 1961 1945 2048 
3 2048 1939 2049 
3 2049 1938 422 
3 2050 2051 1964 
3 2048 2050 1961 
3 2052 2053 2051 
3 2050 2052 2051 
3 2054 2049 2055 
3 2052 2054 2056 
3 2054 2052 2050 
3 2049 2054 2048 
3 1966 1964 2051 
3 2057 2051 2058 
3 1970 1966 2057 
3 2059 2057 2060 
3 2061 1974 2059 
3 2061 2045 1974 
3 2062 2047 2045 
3 2063 2062 2061 
3 1772 1770 2013 
3 1774 1772 2015 
3 1973 1768 1969 
3 1768 1973 1770 
3 1764 1963 1766 
3 1963 1764 1960 
3 751 753 2064 
3 2064 2065 1751 
3 749 751 2066 
3 2066 2064 1750 
3 2065 753 755 
3 1760 2065 1960 
3 1735 745 747 
3 1735 1734 745 
3 1750 1743 2066 
3 749 1737 747 
3 1743 1737 749 
3 737 1732 1731 
3 739 1733 1732 
3 737 739 1732 
3 1733 739 741 
3 1734 1733 743 
3 745 1734 743 
3 743 1733 741 
3 735 737 1731 
3 2066 1743 749 
3 1737 1735 747 
3 755 1960 2065 
3 1751 1750 2064 
3 2064 2066 751 
3 1760 1751 2065 
3 2065 2064 753 
3 1760 1960 1764 
3 1969 1766 1963 
3 2013 1770 1973 
3 1766 1969 1768 
3 2017 1774 2015 
3 2015 1772 2013 
3 2059 2063 2061 
3 2061 2062 2045 
3 1970 2059 1974 
3 2063 2059 2060 
3 2059 1970 2057 
3 2060 2057 2058 
3 2057 1966 2051 
3 2048 2054 2050 
3 2053 2052 2056 
3 2056 2054 2055 
3 2058 2051 2053 
3 1961 2050 1964 
3 2055 2049 422 
3 1938 2049 1939 
3 1939 2048 1945 
3 2042 1980 2044 
3 2045 2047 2044 
3 2046 2043 2042 
3 1984 1982 2041 
3 1774 2017 1776 
3 1776 2019 1778 
3 1778 2021 1780 
3 1780 2023 1782 
3 1782 2025 1784 
3 1784 2027 1785 
3 1785 2010 1762 
3 1762 2008 1759 
3 1988 1986 2039 
3 2039 2041 2038 
3 1990 1988 2030 
3 2030 2039 2031 
3 2036 2034 2037 
3 1996 2036 2028 
3 1994 2033 2036 
3 2030 2029 2035 
3 2032 2033 2035 
3 1740 2034 2032 
3 1759 2006 1757 
3 1757 2004 1755 
3 1755 2002 1749 
3 1998 2028 2000 
3 1886 1836 1839 
3 869 872 2067 
3 1886 1839 2067 
3 868 869 2067 
3 867 868 1841 
3 1841 868 2067 
3 1841 2067 1839 
3 1886 2067 872 
3 422 1938 425 
3 420 422 425 
3 1738 1739 2029 
3 1736 1738 2031 
3 1736 2031 1729 
3 1725 1726 2068 
3 1726 1729 2038 
3 2068 1726 2038 
3 2069 2 1725 
3 2043 2069 2068 
3 2070 0 2 
3 2071 2070 2069 
3 2070 2072 0 
3 2070 2071 2072 
3 4 2072 2073 
3 6 2073 2074 
3 8 2074 2075 
3 10 2075 2076 
3 12 2076 2077 
3 14 2077 205 
3 16 14 205 
3 14 12 2077 
3 12 10 2076 
3 10 8 2075 
3 8 6 2074 
3 6 4 2073 
3 0 2072 4 
3 2043 2071 2069 
3 2069 2070 2 
3 2040 2043 2068 
3 2068 2069 1725 
3 2040 2068 2038 
3 1729 2031 2038 
3 2031 1738 2029 
3 2043 2046 2071 
3 422 204 2055 
3 2046 2047 2071 
3 2071 2047 2072 
3 2047 2062 2072 
3 2072 2062 2073 
3 2062 2063 2073 
3 2073 2063 2074 
3 2063 2060 2074 
3 2074 2060 2075 
3 2060 2058 2075 
3 2075 2058 2076 
3 2058 2053 2076 
3 2076 2053 2077 
3 2053 2056 2077 
3 2077 2056 205 
3 205 2056 2055 
3 205 2055 204 
3 2078 2079 2080 
3 2078 2081 2079 
3 2082 2083 2084 
3 2085 2086 2087 
3 2085 2088 2086 
3 2089 2086 2088 
3 2090 2089 2088 
3 2091 2090 2088 
3 2092 2090 2091 
3 2093 2092 2091 
3 2094 2092 2093 
3 2095 2094 2093 
3 2096 2094 2095 
3 2097 2096 2095 
3 2098 2096 2097 
3 2099 2098 2097 
3 2082 2098 2099 
3 2100 2082 2099 
3 2083 2082 2100 
3 2101 2083 2100 
3 2102 2083 2101 
3 2103 2102 2101 
3 2104 2102 2103 
3 2105 2104 2103 
3 2106 2085 2087 
3 2107 2108 2080 
3 2107 2109 2108 
3 2110 2108 2109 
3 2111 2108 2110 
3 2111 2080 2108 
3 2078 2080 2111 
3 2112 2111 2110 
3 2105 2109 2107 
3 2113 2114 2115 
3 2113 2116 2114 
3 2117 2115 2114 
3 2118 2115 2117 
3 2119 2118 2117 
3 2120 2118 2119 
3 2121 2120 2119 
3 2122 2120 2121 
3 2123 2122 2121 
3 2124 2122 2123 
3 2125 2124 2123 
3 2126 2124 2125 
3 2127 2126 2125 
3 2128 2126 2127 
3 2129 2128 2127 
3 2130 2128 2129 
3 2131 2130 2129 
3 2132 2130 2131 
3 2133 2132 2131 
3 2134 2132 2133 
3 2135 2134 2133 
3 2136 2134 2135 
3 2137 2136 2135 
3 2138 2136 2137 
3 2139 2138 2137 
3 2140 2138 2139 
3 2141 2140 2139 
3 2142 2140 2141 
3 2143 2142 2141 
3 2144 2142 2143 
3 2145 2144 2143 
3 2146 2144 2145 
3 2147 2146 2145 
3 2148 2146 2147 
3 2149 2148 2147 
3 2150 2148 2149 
3 2151 2150 2149 
3 2152 2150 2151 
3 2153 2152 2151 
3 2154 2152 2153 
3 2155 2154 2153 
3 2156 2154 2155 
3 2157 2156 2155 
3 2158 2156 2157 
3 2159 2158 2157 
3 2160 2158 2159 
3 2161 2160 2159 
3 2162 2160 2161 
3 2163 2162 2161 
3 2164 2162 2163 
3 2165 2164 2163 
3 2166 2164 2165 
3 2167 2166 2165 
3 2168 2166 2167 
3 2169 2168 2167 
3 2170 2168 2169 
3 2171 2170 2169 
3 2172 2170 2171 
3 2173 2172 2171 
3 2174 2172 2173 
3 2175 2174 2173 
3 2176 2174 2175 
3 2177 2176 2175 
3 2178 2176 2177 
3 2179 2178 2177 
3 2180 2178 2179 
3 2181 2180 2179 
3 2182 2180 2181 
3 2183 2182 2181 
3 2184 2182 2183 
3 2185 2184 2183 
3 2186 2184 2185 
3 2187 2186 2185 
3 2188 2186 2187 
3 2189 2188 2187 
3 2190 2188 2189 
3 2191 2190 2189 
3 2192 2190 2191 
3 2193 2192 2191 
3 2194 2192 2193 
3 2195 2194 2193 
3 2196 2194 2195 
3 2197 2196 2195 
3 2198 2196 2197 
3 2199 2198 2197 
3 2200 2198 2199 
3 2201 2200 2199 
3 2202 2200 2201 
3 2203 2202 2201 
3 2204 2202 2203 
3 2205 2204 2203 
3 2206 2204 2207 
3 2208 2207 2205 
3 2209 2207 2210 
3 2211 2210 2208 
3 2212 2210 2213 
3 2214 2213 2211 
3 2215 2213 2214 
3 2216 2215 2214 
3 2217 2215 2216 
3 2218 2217 2216 
3 2219 2217 2218 
3 2220 2219 2218 
3 2221 2219 2220 
3 2222 2223 2220 
3 2224 2223 2222 
3 2225 2224 2222 
3 2226 2224 2225 
3 2227 2226 2225 
3 2228 2226 2227 
3 2229 2228 2227 
3 2230 2228 2229 
3 2231 2230 2229 
3 2232 2230 2231 
3 2233 2232 2231 
3 2234 2230 2232 
3 2234 2228 2230 
3 2235 2228 2234 
3 2235 2226 2228 
3 2236 2226 2235 
3 2236 2224 2226 
3 2237 2224 2236 
3 2237 2223 2224 
3 2221 2223 2237 
3 2221 2220 2223 
3 2238 2219 2221 
3 2238 2217 2219 
3 2239 2217 2238 
3 2239 2215 2217 
3 2240 2215 2239 
3 2240 2213 2215 
3 2212 2213 2240 
3 2210 2211 2213 
3 2209 2210 2212 
3 2207 2208 2210 
3 2206 2207 2209 
3 2204 2205 2207 
3 2241 2116 2113 
3 2242 2114 2116 
3 2243 2116 2241 
3 2243 2242 2116 
3 2244 2243 2241 
3 2245 2243 2244 
3 2246 2245 2244 
3 2247 2204 2206 
3 2247 2202 2204 
3 2248 2202 2247 
3 2248 2200 2202 
3 2249 2200 2248 
3 2249 2198 2200 
3 2250 2198 2249 
3 2250 2196 2198 
3 2251 2196 2250 
3 2251 2194 2196 
3 2252 2194 2251 
3 2252 2192 2194 
3 2253 2192 2252 
3 2253 2190 2192 
3 2254 2190 2253 
3 2254 2188 2190 
3 2255 2188 2254 
3 2255 2186 2188 
3 2256 2186 2255 
3 2256 2184 2186 
3 2257 2184 2256 
3 2257 2182 2184 
3 2258 2182 2257 
3 2258 2180 2182 
3 2259 2180 2258 
3 2259 2178 2180 
3 2260 2178 2259 
3 2260 2176 2178 
3 2261 2176 2260 
3 2261 2174 2176 
3 2262 2174 2261 
3 2262 2172 2174 
3 2263 2172 2262 
3 2263 2170 2172 
3 2264 2170 2263 
3 2264 2168 2170 
3 2265 2168 2264 
3 2265 2166 2168 
3 2266 2166 2265 
3 2266 2164 2166 
3 2267 2164 2266 
3 2267 2162 2164 
3 2268 2162 2267 
3 2268 2160 2162 
3 2269 2160 2268 
3 2269 2158 2160 
3 2270 2158 2269 
3 2270 2156 2158 
3 2271 2156 2270 
3 2271 2154 2156 
3 2272 2154 2271 
3 2272 2152 2154 
3 2273 2152 2272 
3 2273 2150 2152 
3 2274 2150 2273 
3 2274 2148 2150 
3 2275 2148 2274 
3 2275 2146 2148 
3 2276 2146 2275 
3 2276 2144 2146 
3 2277 2144 2276 
3 2277 2142 2144 
3 2278 2142 2277 
3 2278 2140 2142 
3 2279 2140 2278 
3 2279 2138 2140 
3 2280 2138 2279 
3 2280 2136 2138 
3 2281 2136 2280 
3 2281 2134 2136 
3 2282 2134 2281 
3 2282 2132 2134 
3 2283 2132 2282 
3 2283 2130 2132 
3 2284 2130 2283 
3 2284 2128 2130 
3 2285 2128 2284 
3 2285 2126 2128 
3 2286 2126 2285 
3 2286 2124 2126 
3 2287 2124 2286 
3 2287 2122 2124 
3 2288 2122 2287 
3 2288 2120 2122 
3 2289 2120 2288 
3 2289 2118 2120 
3 2290 2118 2289 
3 2290 2115 2118 
3 2291 2115 2290 
3 2291 2113 2115 
3 2292 2233 2231 
3 2293 2233 2292 
3 2294 2293 2292 
3 2295 2293 2294 
3 2296 2113 2291 
3 2296 2241 2113 
3 2297 2233 2293 
3 2297 2232 2233 
3 2298 2293 2295 
3 2298 2297 2293 
3 2299 2295 2294 
3 2300 2295 2299 
3 2301 2295 2300 
3 2301 2298 2295 
3 2302 2241 2296 
3 2302 2244 2241 
3 2303 2244 2302 
3 2303 2246 2244 
3 2304 2246 2303 
3 2305 2246 2304 
3 2305 2245 2246 
3 2306 2300 2299 
3 2307 2305 2304 
3 2308 2309 2310 
3 2308 2311 2309 
3 2312 2311 2308 
3 2313 2311 2312 
3 2314 2313 2312 
3 2315 2310 2309 
3 2316 2315 2309 
3 2317 2318 2285 
3 2284 2317 2285 
3 2319 2317 2284 
3 2283 2319 2284 
3 2320 2319 2283 
3 2282 2320 2283 
3 2321 2320 2282 
3 2281 2321 2282 
3 2322 2321 2281 
3 2323 2318 2317 
3 2286 2285 2318 
3 2324 2318 2323 
3 2324 2286 2318 
3 2280 2322 2281 
3 2325 2322 2280 
3 2326 2321 2322 
3 2327 2322 2325 
3 2327 2326 2322 
3 2328 2327 2325 
3 2329 2328 2325 
3 2330 2328 2329 
3 2331 2330 2329 
3 2332 2330 2331 
3 2333 2332 2331 
3 2334 2332 2333 
3 2335 2334 2333 
3 2336 2334 2335 
3 2337 2336 2335 
3 2338 2336 2337 
3 2339 2338 2337 
3 2340 2338 2339 
3 2341 2338 2340 
3 2342 2341 2340 
3 2279 2325 2280 
3 2279 2329 2325 
3 2278 2329 2279 
3 2278 2331 2329 
3 2277 2331 2278 
3 2277 2333 2331 
3 2276 2333 2277 
3 2276 2335 2333 
3 2275 2335 2276 
3 2275 2337 2335 
3 2274 2337 2275 
3 2274 2339 2337 
3 2273 2339 2274 
3 2273 2340 2339 
3 2272 2340 2273 
3 2272 2342 2340 
3 2271 2342 2272 
3 2343 2342 2271 
3 2344 2343 2271 
3 2270 2344 2271 
3 2345 2344 2270 
3 2269 2345 2270 
3 2346 2345 2269 
3 2268 2346 2269 
3 2347 2346 2268 
3 2267 2347 2268 
3 2348 2347 2267 
3 2266 2348 2267 
3 2349 2348 2266 
3 2265 2349 2266 
3 2350 2349 2265 
3 2264 2350 2265 
3 2351 2350 2264 
3 2263 2351 2264 
3 2352 2351 2263 
3 2353 2324 2323 
3 2287 2286 2324 
3 2354 2324 2353 
3 2354 2287 2324 
3 2262 2352 2263 
3 2355 2352 2262 
3 2261 2355 2262 
3 2356 2355 2261 
3 2260 2356 2261 
3 2357 2356 2260 
3 2259 2357 2260 
3 2358 2357 2259 
3 2359 2342 2343 
3 2359 2341 2342 
3 2360 2343 2344 
3 2360 2359 2343 
3 2361 2344 2345 
3 2361 2360 2344 
3 2362 2345 2346 
3 2362 2361 2345 
3 2363 2346 2347 
3 2363 2362 2346 
3 2364 2347 2348 
3 2364 2363 2347 
3 2365 2348 2349 
3 2365 2364 2348 
3 2366 2349 2350 
3 2366 2365 2349 
3 2367 2350 2351 
3 2367 2366 2350 
3 2368 2351 2352 
3 2368 2367 2351 
3 2369 2352 2355 
3 2369 2368 2352 
3 2370 2355 2356 
3 2370 2369 2355 
3 2371 2356 2357 
3 2371 2370 2356 
3 2372 2357 2358 
3 2372 2371 2357 
3 2258 2358 2259 
3 2373 2358 2258 
3 2374 2358 2373 
3 2374 2372 2358 
3 2257 2373 2258 
3 2375 2373 2257 
3 2375 2374 2373 
3 2256 2375 2257 
3 2376 2375 2256 
3 2255 2376 2256 
3 2377 2376 2255 
3 2378 2377 2255 
3 2254 2378 2255 
3 2379 2378 2254 
3 2253 2379 2254 
3 2380 2379 2253 
3 2252 2380 2253 
3 2381 2380 2252 
3 2251 2381 2252 
3 2382 2381 2251 
3 2250 2382 2251 
3 2383 2382 2250 
3 2249 2383 2250 
3 2384 2383 2249 
3 2248 2384 2249 
3 2385 2384 2248 
3 2247 2385 2248 
3 2386 2385 2247 
3 2206 2386 2247 
3 2387 2386 2206 
3 2209 2387 2206 
3 2388 2387 2209 
3 2212 2388 2209 
3 2389 2388 2212 
3 2240 2389 2212 
3 2390 2389 2240 
3 2239 2390 2240 
3 2391 2390 2239 
3 2238 2391 2239 
3 2392 2391 2238 
3 2221 2392 2238 
3 2393 2392 2221 
3 2237 2393 2221 
3 2394 2393 2237 
3 2236 2394 2237 
3 2395 2394 2236 
3 2235 2395 2236 
3 2315 2395 2235 
3 2396 2354 2353 
3 2288 2287 2354 
3 2397 2354 2396 
3 2397 2288 2354 
3 2316 2395 2315 
3 2398 2309 2311 
3 2398 2316 2309 
3 2399 2397 2396 
3 2289 2288 2397 
3 2400 2397 2399 
3 2400 2289 2397 
3 2234 2315 2235 
3 2234 2310 2315 
3 2232 2310 2234 
3 2232 2308 2310 
3 2297 2308 2232 
3 2297 2312 2308 
3 2401 2400 2399 
3 2290 2289 2400 
3 2402 2400 2401 
3 2402 2290 2400 
3 2403 2402 2401 
3 2291 2290 2402 
3 2404 2402 2403 
3 2404 2291 2402 
3 2405 2404 2403 
3 2296 2291 2404 
3 2406 2404 2405 
3 2406 2296 2404 
3 2407 2406 2405 
3 2302 2296 2406 
3 2408 2406 2407 
3 2408 2302 2406 
3 2409 2408 2407 
3 2303 2302 2408 
3 2410 2408 2409 
3 2410 2303 2408 
3 2298 2312 2297 
3 2298 2314 2312 
3 2411 2314 2298 
3 2412 2314 2411 
3 2412 2313 2314 
3 2413 2303 2410 
3 2304 2303 2413 
3 2301 2411 2298 
3 2414 2304 2413 
3 2307 2304 2414 
3 2415 2307 2414 
3 2416 2417 2418 
3 2418 2419 2416 
3 2420 2416 2419 
3 2420 2421 2416 
3 2422 2421 2420 
3 2423 2421 2422 
3 2424 2421 2423 
3 2425 2421 2424 
3 2425 2416 2421 
3 2417 2416 2425 
3 2426 2418 2417 
3 2427 2418 2426 
3 2428 2418 2427 
3 2428 2419 2418 
3 2429 2427 2426 
3 2430 2427 2429 
3 2430 2428 2427 
3 2431 2428 2430 
3 2432 2428 2431 
3 2432 2419 2428 
3 2433 2419 2432 
3 2433 2420 2419 
3 2434 2423 2422 
3 2435 2424 2423 
3 2436 2423 2434 
3 2436 2435 2423 
3 2437 2420 2433 
3 2437 2422 2420 
3 2438 2422 2437 
3 2438 2434 2422 
3 2439 2434 2438 
3 2439 2436 2434 
3 2440 2438 2437 
3 2441 2438 2440 
3 2441 2439 2438 
3 2442 2441 2440 
3 2443 2441 2442 
3 2444 2441 2443 
3 2444 2439 2441 
3 2445 2439 2444 
3 2445 2436 2439 
3 2446 2436 2445 
3 2446 2435 2436 
3 2447 2443 2442 
3 2448 2443 2447 
3 2449 2443 2448 
3 2449 2444 2443 
3 2450 2444 2449 
3 2450 2445 2444 
3 2451 2445 2450 
3 2451 2446 2445 
3 2452 2448 2447 
3 2453 2448 2452 
3 2454 2448 2453 
3 2454 2449 2448 
3 2455 2449 2454 
3 2455 2450 2449 
3 2456 2450 2455 
3 2456 2451 2450 
3 2457 2454 2453 
3 2458 2454 2457 
3 2458 2455 2454 
3 2459 2455 2458 
3 2459 2456 2455 
3 2460 2453 2452 
3 2461 2453 2460 
3 2461 2457 2453 
3 2462 2457 2461 
3 2462 2458 2457 
3 2463 2458 2462 
3 2463 2459 2458 
3 2464 2463 2462 
3 2465 2464 2462 
3 2466 2462 2461 
3 2466 2465 2462 
3 2467 2461 2460 
3 2467 2466 2461 
3 2468 2466 2467 
3 2469 2466 2468 
3 2469 2465 2466 
3 2470 2465 2469 
3 2471 2465 2470 
3 2471 2464 2465 
3 2472 2470 2469 
3 2473 2470 2472 
3 2473 2471 2470 
3 2474 2471 2473 
3 2475 2474 2473 
3 2476 2473 2472 
3 2476 2475 2473 
3 2477 2474 2475 
3 2478 2477 2475 
3 2479 2475 2476 
3 2479 2478 2475 
3 2480 2477 2478 
3 2481 2480 2478 
3 2482 2481 2478 
3 2483 2482 2479 
3 2479 2482 2478 
3 2484 2469 2468 
3 2484 2472 2469 
3 2485 2472 2484 
3 2485 2476 2472 
3 2486 2476 2485 
3 2486 2479 2476 
3 2487 2479 2486 
3 2487 2483 2479 
3 2488 2481 2482 
3 2489 2482 2483 
3 2489 2488 2482 
3 2490 2489 2483 
3 2491 2483 2487 
3 2491 2490 2483 
3 2492 2490 2491 
3 2493 2490 2492 
3 2494 2490 2493 
3 2494 2489 2490 
3 2495 2493 2492 
3 2496 2493 2495 
3 2497 2493 2496 
3 2497 2494 2493 
3 2498 2496 2495 
3 2499 2496 2498 
3 2500 2496 2499 
3 2500 2497 2496 
3 2501 2499 2498 
3 2502 2499 2501 
3 2503 2499 2502 
3 2503 2500 2499 
3 2504 2502 2501 
3 2505 2502 2504 
3 2506 2502 2505 
3 2506 2503 2502 
3 2507 2505 2504 
3 2508 2505 2507 
3 2509 2505 2508 
3 2509 2506 2505 
3 2510 2509 2508 
3 2511 2510 2508 
3 2512 2508 2507 
3 2512 2511 2508 
3 2513 2510 2511 
3 2514 2511 2512 
3 2514 2513 2511 
3 2515 2514 2512 
3 2516 2514 2515 
3 2517 2514 2516 
3 2518 2514 2517 
3 2518 2513 2514 
3 2519 2518 2517 
3 2520 2519 2517 
3 2521 2517 2516 
3 2521 2520 2517 
3 2522 2489 2494 
3 2522 2488 2489 
3 2523 2494 2497 
3 2523 2522 2494 
3 2524 2497 2500 
3 2524 2523 2497 
3 2525 2500 2503 
3 2525 2524 2500 
3 2526 2503 2506 
3 2526 2525 2503 
3 2527 2506 2509 
3 2527 2526 2506 
3 2528 2509 2510 
3 2528 2527 2509 
3 2529 2510 2513 
3 2529 2528 2510 
3 2530 2513 2518 
3 2530 2529 2513 
3 2531 2518 2519 
3 2531 2530 2518 
3 2532 2426 2417 
3 2533 2426 2532 
3 2533 2429 2426 
3 2534 2512 2507 
3 2534 2515 2512 
3 2535 2507 2504 
3 2535 2534 2507 
3 2536 2504 2501 
3 2536 2535 2504 
3 2537 2501 2498 
3 2537 2536 2501 
3 2538 2498 2495 
3 2538 2537 2498 
3 2539 2495 2492 
3 2539 2538 2495 
3 2540 2492 2491 
3 2540 2539 2492 
3 2541 2491 2487 
3 2541 2540 2491 
3 2542 2487 2486 
3 2542 2541 2487 
3 2543 2486 2485 
3 2543 2542 2486 
3 2544 2485 2484 
3 2544 2543 2485 
3 2545 2484 2468 
3 2545 2544 2484 
3 2546 2468 2467 
3 2546 2545 2468 
3 2547 2467 2460 
3 2547 2546 2467 
3 2548 2460 2452 
3 2548 2547 2460 
3 2549 2452 2447 
3 2549 2548 2452 
3 2550 2447 2442 
3 2550 2549 2447 
3 2551 2442 2440 
3 2551 2550 2442 
3 2552 2440 2437 
3 2552 2551 2440 
3 2553 2437 2433 
3 2553 2552 2437 
3 2554 2433 2432 
3 2554 2553 2433 
3 2555 2432 2431 
3 2555 2554 2432 
3 2556 2431 2430 
3 2557 2555 2431 
3 2556 2557 2431 
3 2558 2430 2429 
3 2558 2556 2430 
3 2559 2429 2533 
3 2559 2558 2429 
3 2560 2557 2556 
3 2561 2560 2556 
3 2562 2556 2558 
3 2562 2561 2556 
3 2563 2558 2559 
3 2563 2562 2558 
3 2564 2533 2532 
3 2565 2533 2564 
3 2565 2559 2533 
3 2566 2559 2565 
3 2566 2563 2559 
3 2567 2560 2561 
3 2568 2561 2562 
3 2568 2567 2561 
3 2569 2562 2563 
3 2569 2568 2562 
3 2570 2563 2566 
3 2570 2569 2563 
3 2571 2568 2569 
3 2572 2568 2571 
3 2572 2567 2568 
3 2573 2569 2570 
3 2573 2571 2569 
3 2574 2571 2573 
3 2575 2571 2574 
3 2575 2572 2571 
3 2576 2575 2574 
3 2577 2576 2574 
3 2578 2576 2577 
3 2579 2576 2578 
3 2580 2579 2578 
3 2581 2579 2580 
3 2582 2581 2580 
3 2583 2582 2580 
3 2584 2582 2583 
3 2585 2584 2583 
3 2586 2584 2585 
3 2587 2586 2585 
3 2588 2586 2587 
3 2589 2588 2587 
3 2590 2588 2589 
3 2591 2590 2589 
3 2592 2590 2591 
3 2593 2592 2591 
3 2594 2592 2593 
3 2595 2594 2593 
3 2596 2594 2595 
3 2597 2596 2595 
3 2598 2596 2597 
3 2599 2598 2597 
3 2600 2598 2599 
3 2601 2598 2600 
3 2602 2601 2600 
3 2603 2601 2602 
3 2604 2601 2603 
3 2605 2604 2603 
3 2606 2603 2602 
3 2607 2603 2606 
3 2607 2605 2603 
3 2608 2605 2607 
3 2609 2607 2606 
3 2610 2607 2609 
3 2610 2608 2607 
3 2611 2608 2610 
3 2612 2610 2609 
3 2613 2610 2612 
3 2613 2611 2610 
3 2614 2611 2613 
3 2615 2614 2613 
3 2616 2613 2612 
3 2616 2615 2613 
3 2617 2615 2618 
3 2619 2615 2617 
3 2619 2614 2615 
3 2618 2615 2616 
3 2620 2619 2617 
3 2621 2617 2618 
3 2621 2620 2617 
3 2622 2531 2519 
3 2623 2622 2519 
3 2624 2519 2520 
3 2624 2623 2519 
3 2625 2621 2618 
3 2626 2620 2621 
3 2627 2621 2625 
3 2627 2626 2621 
3 2628 2627 2625 
3 2629 2626 2627 
3 2630 2627 2628 
3 2630 2629 2627 
3 2631 2622 2623 
3 2632 2623 2624 
3 2632 2631 2623 
3 2326 2602 2600 
3 2321 2600 2599 
3 2321 2326 2600 
3 2320 2599 2597 
3 2320 2321 2599 
3 2319 2597 2595 
3 2319 2320 2597 
3 2317 2595 2593 
3 2317 2319 2595 
3 2323 2593 2591 
3 2323 2317 2593 
3 2353 2591 2589 
3 2353 2323 2591 
3 2396 2589 2587 
3 2396 2353 2589 
3 2399 2587 2585 
3 2399 2396 2587 
3 2401 2585 2583 
3 2401 2399 2585 
3 2403 2583 2580 
3 2403 2401 2583 
3 2405 2580 2578 
3 2405 2403 2580 
3 2407 2578 2577 
3 2407 2405 2578 
3 2409 2574 2573 
3 2409 2577 2574 
3 2409 2407 2577 
3 2410 2573 2570 
3 2410 2409 2573 
3 2413 2570 2566 
3 2413 2410 2570 
3 2414 2566 2565 
3 2414 2413 2566 
3 2415 2565 2564 
3 2415 2414 2565 
3 2633 2564 2532 
3 2633 2415 2564 
3 2634 2532 2417 
3 2634 2633 2532 
3 2635 2417 2425 
3 2635 2634 2417 
3 2636 2425 2424 
3 2636 2635 2425 
3 2637 2424 2435 
3 2637 2636 2424 
3 2638 2435 2446 
3 2638 2637 2435 
3 2639 2446 2451 
3 2639 2638 2446 
3 2640 2451 2456 
3 2640 2639 2451 
3 2641 2456 2459 
3 2641 2640 2456 
3 2642 2459 2463 
3 2642 2641 2459 
3 2643 2463 2464 
3 2643 2642 2463 
3 2644 2464 2471 
3 2644 2643 2464 
3 2645 2471 2474 
3 2645 2644 2471 
3 2646 2474 2477 
3 2646 2645 2474 
3 2647 2477 2480 
3 2647 2646 2477 
3 2648 2480 2481 
3 2648 2647 2480 
3 2649 2481 2488 
3 2649 2648 2481 
3 2327 2602 2326 
3 2327 2606 2602 
3 2328 2606 2327 
3 2328 2609 2606 
3 2330 2609 2328 
3 2330 2612 2609 
3 2332 2612 2330 
3 2332 2616 2612 
3 2334 2616 2332 
3 2334 2618 2616 
3 2336 2618 2334 
3 2336 2625 2618 
3 2338 2625 2336 
3 2338 2628 2625 
3 2341 2628 2338 
3 2341 2630 2628 
3 2359 2630 2341 
3 2650 2630 2359 
3 2650 2629 2630 
3 2360 2650 2359 
3 2651 2650 2360 
3 2361 2651 2360 
3 2652 2651 2361 
3 2653 2652 2361 
3 2362 2653 2361 
3 2654 2653 2362 
3 2655 2601 2604 
3 2655 2598 2601 
3 2656 2655 2604 
3 2657 2604 2605 
3 2657 2656 2604 
3 2658 2605 2608 
3 2658 2657 2605 
3 2659 2608 2611 
3 2659 2658 2608 
3 2660 2611 2614 
3 2660 2659 2611 
3 2661 2614 2619 
3 2661 2660 2614 
3 2662 2619 2620 
3 2662 2661 2619 
3 2663 2620 2626 
3 2663 2662 2620 
3 2664 2626 2629 
3 2664 2663 2626 
3 2665 2629 2650 
3 2665 2664 2629 
3 2666 2650 2651 
3 2666 2665 2650 
3 2667 2651 2652 
3 2667 2666 2651 
3 2668 2652 2653 
3 2668 2667 2652 
3 2669 2653 2654 
3 2669 2668 2653 
3 2363 2654 2362 
3 2670 2654 2363 
3 2670 2669 2654 
3 2671 2598 2655 
3 2671 2596 2598 
3 2672 2596 2671 
3 2672 2594 2596 
3 2673 2594 2672 
3 2673 2592 2594 
3 2674 2592 2673 
3 2674 2590 2592 
3 2675 2590 2674 
3 2675 2588 2590 
3 2676 2588 2675 
3 2676 2586 2588 
3 2677 2586 2676 
3 2677 2584 2586 
3 2678 2584 2677 
3 2678 2582 2584 
3 2679 2582 2678 
3 2679 2581 2582 
3 2680 2581 2679 
3 2680 2579 2581 
3 2681 2579 2680 
3 2681 2576 2579 
3 2682 2576 2681 
3 2682 2575 2576 
3 2683 2575 2682 
3 2683 2572 2575 
3 2684 2572 2683 
3 2684 2567 2572 
3 2685 2567 2684 
3 2685 2560 2567 
3 2686 2560 2685 
3 2686 2557 2560 
3 2687 2557 2686 
3 2687 2555 2557 
3 2688 2555 2687 
3 2688 2554 2555 
3 2689 2554 2688 
3 2689 2553 2554 
3 2690 2553 2689 
3 2690 2552 2553 
3 2691 2552 2690 
3 2691 2551 2552 
3 2692 2551 2691 
3 2692 2550 2551 
3 2693 2550 2692 
3 2693 2549 2550 
3 2694 2549 2693 
3 2694 2548 2549 
3 2695 2548 2694 
3 2695 2547 2548 
3 2696 2547 2695 
3 2696 2546 2547 
3 2697 2546 2696 
3 2697 2545 2546 
3 2698 2545 2697 
3 2698 2544 2545 
3 2699 2544 2698 
3 2699 2543 2544 
3 2700 2543 2699 
3 2700 2542 2543 
3 2701 2542 2700 
3 2701 2541 2542 
3 2702 2541 2701 
3 2702 2540 2541 
3 2703 2540 2702 
3 2703 2539 2540 
3 2704 2539 2703 
3 2704 2538 2539 
3 2705 2538 2704 
3 2705 2537 2538 
3 2706 2537 2705 
3 2706 2536 2537 
3 2707 2536 2706 
3 2707 2535 2536 
3 2708 2535 2707 
3 2708 2534 2535 
3 2709 2534 2708 
3 2709 2515 2534 
3 2710 2515 2709 
3 2710 2516 2515 
3 2711 2516 2710 
3 2711 2521 2516 
3 2712 2669 2670 
3 2364 2670 2363 
3 2713 2670 2364 
3 2713 2712 2670 
3 2714 2521 2711 
3 2715 2521 2714 
3 2715 2520 2521 
3 2716 2520 2715 
3 2716 2624 2520 
3 2717 2488 2522 
3 2717 2649 2488 
3 2718 2624 2716 
3 2718 2632 2624 
3 2719 2522 2523 
3 2719 2717 2522 
3 2720 2523 2524 
3 2720 2719 2523 
3 2721 2524 2525 
3 2721 2720 2524 
3 2722 2525 2526 
3 2722 2721 2525 
3 2723 2526 2527 
3 2723 2722 2526 
3 2724 2527 2528 
3 2724 2723 2527 
3 2725 2528 2529 
3 2725 2724 2528 
3 2726 2529 2530 
3 2726 2725 2529 
3 2727 2530 2531 
3 2727 2726 2530 
3 2728 2531 2622 
3 2728 2727 2531 
3 2729 2622 2631 
3 2729 2728 2622 
3 2730 2712 2713 
3 2731 2730 2713 
3 2732 2731 2713 
3 2733 2731 2732 
3 2734 2733 2732 
3 2735 2733 2734 
3 2736 2735 2734 
3 2737 2735 2736 
3 2738 2737 2736 
3 2739 2737 2738 
3 2740 2739 2738 
3 2741 2739 2740 
3 2742 2741 2740 
3 2743 2741 2742 
3 2744 2743 2742 
3 2745 2743 2744 
3 2746 2745 2744 
3 2747 2745 2746 
3 2748 2747 2746 
3 2749 2748 2750 
3 2749 2747 2748 
3 2365 2713 2364 
3 2365 2732 2713 
3 2366 2732 2365 
3 2366 2734 2732 
3 2367 2734 2366 
3 2367 2736 2734 
3 2368 2736 2367 
3 2368 2738 2736 
3 2369 2738 2368 
3 2369 2740 2738 
3 2370 2740 2369 
3 2370 2742 2740 
3 2371 2742 2370 
3 2371 2744 2742 
3 2372 2744 2371 
3 2372 2746 2744 
3 2374 2746 2372 
3 2374 2748 2746 
3 2751 2729 2631 
3 2752 2631 2632 
3 2752 2751 2631 
3 2375 2748 2374 
3 2375 2750 2748 
3 2753 2749 2750 
3 2376 2750 2375 
3 2376 2753 2750 
3 2754 2632 2718 
3 2754 2752 2632 
3 2377 2753 2376 
3 2755 2756 2757 
3 2758 2756 2755 
3 2756 2759 2757 
3 2760 2761 2762 
3 2762 2763 2760 
3 2764 2765 2766 
3 2764 2767 2765 
3 2768 2767 2764 
3 2769 2768 2764 
3 2770 2769 2764 
3 2762 2764 2766 
3 2762 2770 2764 
3 2771 2769 2770 
3 2772 2771 2770 
3 2761 2770 2762 
3 2761 2772 2770 
3 2773 2771 2772 
3 2774 2772 2761 
3 2774 2773 2772 
3 2775 2773 2774 
3 2776 2771 2773 
3 2777 2773 2775 
3 2777 2776 2773 
3 2778 2771 2776 
3 2778 2769 2771 
3 2763 2762 2766 
3 2779 2766 2765 
3 2780 2763 2766 
3 2779 2780 2766 
3 2781 2765 2767 
3 2781 2779 2765 
3 2782 2777 2775 
3 2783 2782 2775 
3 2784 2775 2774 
3 2784 2783 2775 
3 2785 2780 2779 
3 2786 2779 2781 
3 2786 2785 2779 
3 2787 2780 2785 
3 2788 2787 2785 
3 2789 2785 2786 
3 2789 2788 2785 
3 2790 2780 2787 
3 2790 2763 2780 
3 2791 2787 2788 
3 2792 2787 2791 
3 2792 2790 2787 
3 2793 2794 2791 
3 2795 2791 2788 
3 2795 2793 2791 
3 2796 2788 2789 
3 2796 2795 2788 
3 2797 2783 2784 
3 2798 2783 2797 
3 2798 2782 2783 
3 2794 2792 2791 
3 2799 2798 2797 
3 2800 2798 2799 
3 2801 2800 2799 
3 2802 2800 2801 
3 2803 2774 2761 
3 2803 2784 2774 
3 2804 2761 2760 
3 2804 2803 2761 
3 2089 2760 2763 
3 2089 2804 2760 
3 2805 2769 2778 
3 2806 2769 2805 
3 2806 2768 2769 
3 2807 2784 2803 
3 2807 2797 2784 
3 2808 2797 2807 
3 2808 2799 2797 
3 2809 2799 2808 
3 2809 2801 2799 
3 2810 2782 2798 
3 2811 2798 2800 
3 2811 2810 2798 
3 2812 2782 2810 
3 2812 2777 2782 
3 2813 2777 2812 
3 2813 2776 2777 
3 2814 2776 2813 
3 2814 2778 2776 
3 2815 2800 2802 
3 2815 2811 2800 
3 2086 2763 2790 
3 2086 2089 2763 
3 2087 2790 2792 
3 2087 2086 2790 
3 2106 2792 2794 
3 2106 2087 2792 
3 2816 2778 2814 
3 2816 2805 2778 
3 2817 2768 2806 
3 2818 2768 2817 
3 2818 2767 2768 
3 2412 2767 2818 
3 2412 2781 2767 
3 2411 2781 2412 
3 2411 2786 2781 
3 2301 2786 2411 
3 2301 2789 2786 
3 2300 2789 2301 
3 2300 2796 2789 
3 2819 2801 2809 
3 2820 2801 2819 
3 2820 2802 2801 
3 2821 2106 2794 
3 2822 2794 2793 
3 2822 2821 2794 
3 2823 2793 2795 
3 2823 2822 2793 
3 2824 2795 2796 
3 2824 2823 2795 
3 2306 2796 2300 
3 2306 2824 2796 
3 2758 2802 2820 
3 2825 2802 2758 
3 2825 2815 2802 
3 2755 2825 2758 
3 2081 2826 2759 
3 2081 2827 2826 
3 2078 2827 2081 
3 2828 2827 2078 
3 2111 2828 2078 
3 2829 2828 2111 
3 2830 2829 2111 
3 2831 2829 2830 
3 2112 2830 2111 
3 2757 2759 2826 
3 2709 2832 2833 
3 2709 2834 2832 
3 2708 2834 2709 
3 2835 2834 2708 
3 2707 2835 2708 
3 2836 2835 2707 
3 2706 2836 2707 
3 2837 2836 2706 
3 2705 2837 2706 
3 2838 2837 2705 
3 2704 2838 2705 
3 2839 2838 2704 
3 2703 2839 2704 
3 2840 2839 2703 
3 2702 2840 2703 
3 2841 2840 2702 
3 2701 2841 2702 
3 2842 2841 2701 
3 2700 2842 2701 
3 2843 2842 2700 
3 2699 2843 2700 
3 2844 2843 2699 
3 2698 2844 2699 
3 2845 2844 2698 
3 2697 2845 2698 
3 2846 2845 2697 
3 2696 2846 2697 
3 2847 2846 2696 
3 2695 2847 2696 
3 2848 2847 2695 
3 2694 2848 2695 
3 2849 2848 2694 
3 2693 2849 2694 
3 2850 2849 2693 
3 2692 2850 2693 
3 2851 2850 2692 
3 2691 2851 2692 
3 2852 2851 2691 
3 2690 2852 2691 
3 2853 2852 2690 
3 2689 2853 2690 
3 2854 2853 2689 
3 2688 2854 2689 
3 2855 2854 2688 
3 2856 2854 2855 
3 2687 2855 2688 
3 2857 2855 2687 
3 2857 2856 2855 
3 2686 2857 2687 
3 2858 2857 2686 
3 2859 2857 2858 
3 2859 2856 2857 
3 2860 2859 2858 
3 2685 2858 2686 
3 2861 2858 2685 
3 2861 2860 2858 
3 2862 2860 2861 
3 2684 2861 2685 
3 2863 2861 2684 
3 2863 2862 2861 
3 2864 2862 2863 
3 2683 2863 2684 
3 2865 2863 2683 
3 2865 2864 2863 
3 2866 2864 2865 
3 2867 2866 2865 
3 2682 2865 2683 
3 2682 2867 2865 
3 2868 2866 2867 
3 2681 2867 2682 
3 2681 2868 2867 
3 2869 2868 2681 
3 2680 2869 2681 
3 2870 2869 2680 
3 2679 2870 2680 
3 2678 2870 2679 
3 2871 2870 2678 
3 2677 2871 2678 
3 2872 2871 2677 
3 2676 2872 2677 
3 2873 2872 2676 
3 2675 2873 2676 
3 2874 2873 2675 
3 2875 2870 2871 
3 2876 2871 2872 
3 2876 2875 2871 
3 2877 2872 2873 
3 2877 2876 2872 
3 2878 2877 2873 
3 2874 2878 2873 
3 2879 2878 2874 
3 2674 2874 2675 
3 2880 2874 2674 
3 2880 2879 2874 
3 2673 2880 2674 
3 2881 2880 2673 
3 2710 2709 2833 
3 2882 2833 2832 
3 2883 2833 2882 
3 2883 2710 2833 
3 2884 2880 2881 
3 2884 2879 2880 
3 2711 2710 2883 
3 2885 2711 2883 
3 2886 2883 2882 
3 2886 2885 2883 
3 2887 2885 2886 
3 2714 2885 2887 
3 2714 2711 2885 
3 2672 2881 2673 
3 2888 2881 2672 
3 2888 2884 2881 
3 2671 2888 2672 
3 2889 2888 2671 
3 2655 2889 2671 
3 2890 2889 2655 
3 2891 2887 2886 
3 2656 2890 2655 
3 2892 2893 2894 
3 2892 2895 2893 
3 2896 2893 2895 
3 2897 2895 2892 
3 2898 2897 2892 
3 2899 2892 2894 
3 2899 2898 2892 
3 2900 2896 2895 
3 2901 2896 2900 
3 2902 2896 2901 
3 2902 2893 2896 
3 2903 2893 2902 
3 2903 2894 2893 
3 2904 2894 2903 
3 2904 2899 2894 
3 2905 2901 2900 
3 2906 2897 2898 
3 2907 2908 2909 
3 2909 2910 2907 
3 2911 2912 2913 
3 2913 2914 2911 
3 2913 2915 2914 
3 2913 2916 2915 
3 2917 2916 2913 
3 2912 2917 2913 
3 2918 2912 2911 
3 2919 2918 2911 
3 2920 2911 2914 
3 2920 2919 2911 
3 2921 2915 2916 
3 2922 2915 2921 
3 2923 2915 2922 
3 2923 2914 2915 
3 2924 2914 2923 
3 2924 2920 2914 
3 2925 2924 2923 
3 2926 2923 2922 
3 2926 2925 2923 
3 2927 2922 2921 
3 2927 2926 2922 
3 2928 2925 2926 
3 2929 2926 2927 
3 2929 2928 2926 
3 2930 2927 2921 
3 2931 2929 2927 
3 2932 2927 2930 
3 2932 2931 2927 
3 2933 2928 2929 
3 2934 2929 2931 
3 2934 2933 2929 
3 2935 2931 2932 
3 2935 2934 2931 
3 2936 2935 2932 
3 2937 2932 2930 
3 2937 2936 2932 
3 2938 2921 2916 
3 2938 2930 2921 
3 2939 2930 2938 
3 2939 2937 2930 
3 2940 2937 2939 
3 2941 2937 2940 
3 2941 2936 2937 
3 2942 2936 2941 
3 2943 2936 2942 
3 2943 2935 2936 
3 2944 2935 2943 
3 2944 2934 2935 
3 2945 2934 2944 
3 2946 2934 2945 
3 2946 2933 2934 
3 2947 2912 2918 
3 2948 2947 2918 
3 2949 2918 2919 
3 2949 2948 2918 
3 2950 2949 2919 
3 2951 2919 2920 
3 2951 2950 2919 
3 2952 2920 2924 
3 2952 2951 2920 
3 2953 2924 2925 
3 2953 2952 2924 
3 2954 2925 2928 
3 2954 2953 2925 
3 2955 2928 2933 
3 2955 2954 2928 
3 2956 2933 2946 
3 2956 2955 2933 
3 2957 2943 2942 
3 2958 2943 2957 
3 2958 2944 2943 
3 2959 2944 2958 
3 2959 2945 2944 
3 2907 2945 2959 
3 2960 2946 2945 
3 2961 2946 2960 
3 2961 2956 2946 
3 2962 2961 2960 
3 2910 2962 2960 
3 2907 2960 2945 
3 2907 2910 2960 
3 2908 2959 2958 
3 2908 2907 2959 
3 2963 2958 2957 
3 2963 2908 2958 
3 2964 2963 2957 
3 2965 2957 2942 
3 2965 2964 2957 
3 2966 2942 2941 
3 2966 2965 2942 
3 2967 2916 2917 
3 2967 2938 2916 
3 2968 2938 2967 
3 2968 2939 2938 
3 2969 2941 2940 
3 2969 2966 2941 
3 2970 2939 2968 
3 2970 2940 2939 
3 2971 2940 2970 
3 2971 2969 2940 
3 2972 2909 2908 
3 2973 2908 2963 
3 2973 2972 2908 
3 2974 2963 2964 
3 2974 2973 2963 
3 2975 2964 2965 
3 2975 2974 2964 
3 2976 2965 2966 
3 2976 2975 2965 
3 2977 2966 2969 
3 2977 2976 2966 
3 2978 2969 2971 
3 2978 2977 2969 
3 2979 2978 2971 
3 2980 2979 2971 
3 2981 2971 2970 
3 2981 2980 2971 
3 2982 2970 2968 
3 2982 2981 2970 
3 2983 2968 2967 
3 2983 2982 2968 
3 2984 2967 2917 
3 2984 2983 2967 
3 2985 2917 2912 
3 2985 2984 2917 
3 2986 2912 2947 
3 2986 2985 2912 
3 2987 2947 2948 
3 2987 2986 2947 
3 2988 2987 2948 
3 2989 2948 2949 
3 2989 2988 2948 
3 2990 2988 2989 
3 2991 2987 2988 
3 2992 2988 2990 
3 2992 2991 2988 
3 2993 2949 2950 
3 2993 2989 2949 
3 2994 2989 2993 
3 2994 2990 2989 
3 2995 2990 2994 
3 2995 2992 2990 
3 2996 2992 2995 
3 2997 2992 2996 
3 2997 2991 2992 
3 2998 2996 2995 
3 2999 2996 2998 
3 3000 3001 3002 
3 3000 3003 3001 
3 3004 2996 2999 
3 3004 2997 2996 
3 3005 3001 3003 
3 3006 2999 2998 
3 3007 3005 3003 
3 3008 2999 3006 
3 3009 3007 3003 
3 3010 2999 3008 
3 3010 3004 2999 
3 3011 3007 3009 
3 3012 3008 3006 
3 3013 3011 3009 
3 3014 3008 3012 
3 3015 3011 3013 
3 3016 3008 3014 
3 3016 3010 3008 
3 3017 3015 3013 
3 3018 3016 3014 
3 3019 3015 3017 
3 3020 3014 3012 
3 3020 3018 3014 
3 3021 3019 3017 
3 3022 3018 3020 
3 3023 3019 3021 
3 3024 3018 3022 
3 3025 3023 3021 
3 3026 2987 2991 
3 3027 3025 3021 
3 3028 2991 2997 
3 3028 3026 2991 
3 3029 2997 3004 
3 3029 3028 2997 
3 3030 3004 3010 
3 3030 3029 3004 
3 3031 3010 3016 
3 3031 3030 3010 
3 3032 3016 3018 
3 3032 3031 3016 
3 3033 3018 3024 
3 3033 3032 3018 
3 3034 3033 3024 
3 3035 3024 3022 
3 3035 3034 3024 
3 3036 3034 3035 
3 3037 3036 3035 
3 3038 3036 3037 
3 3039 3035 3022 
3 3039 3037 3035 
3 3040 3022 3020 
3 3040 3039 3022 
3 3041 3020 3012 
3 3041 3040 3020 
3 3042 3012 3006 
3 3042 3041 3012 
3 3043 3006 2998 
3 3043 3042 3006 
3 3044 2998 2995 
3 3044 3043 2998 
3 3045 2995 2994 
3 3045 3044 2995 
3 3046 2994 2993 
3 3046 3045 2994 
3 3047 2993 2950 
3 3047 3046 2993 
3 3048 3038 3037 
3 3049 3038 3048 
3 3050 3049 3048 
3 3051 3049 3050 
3 3052 3051 3050 
3 3053 3051 3052 
3 3054 3034 3036 
3 3055 3036 3038 
3 3055 3054 3036 
3 3056 3038 3049 
3 3056 3055 3038 
3 3057 3049 3051 
3 3057 3056 3049 
3 3058 3051 3053 
3 3058 3057 3051 
3 3059 3053 3052 
3 3060 3053 3059 
3 3060 3058 3053 
3 3061 3060 3059 
3 3062 3060 3061 
3 3063 3062 3061 
3 3064 3062 3063 
3 3065 3064 3063 
3 3066 3064 3065 
3 3067 3066 3065 
3 3068 3066 3067 
3 3069 3068 3067 
3 3070 3068 3069 
3 3071 3070 3069 
3 3072 3070 3071 
3 3073 3072 3071 
3 3074 3072 3073 
3 3075 3074 3073 
3 3076 3074 3075 
3 3077 3076 3075 
3 3078 3076 3077 
3 3079 3078 3077 
3 3080 3079 3077 
3 3081 3079 3080 
3 3082 3079 3081 
3 3083 3082 3081 
3 3084 3082 3083 
3 3085 3084 3083 
3 3086 3084 3085 
3 3087 3086 3085 
3 3088 3086 3087 
3 3089 3088 3087 
3 3090 3088 3089 
3 3091 3090 3089 
3 3092 3090 3091 
3 3093 3092 3091 
3 3094 3092 3093 
3 3095 3094 3093 
3 3096 3094 3095 
3 3097 3096 3095 
3 3098 3096 3097 
3 3099 3098 3097 
3 3100 3098 3099 
3 3101 3100 3099 
3 3102 3100 3101 
3 3103 3102 3101 
3 3104 3102 3103 
3 3105 3104 3103 
3 3106 3104 3105 
3 3107 3106 3105 
3 3108 3106 3107 
3 3109 3108 3107 
3 3110 3108 3109 
3 3111 3110 3109 
3 3112 3110 3111 
3 3113 3112 3111 
3 3114 3112 3113 
3 3115 3114 3113 
3 3116 3114 3115 
3 3117 3116 3115 
3 3118 3116 3117 
3 3119 3118 3117 
3 3120 3118 3119 
3 3121 3120 3119 
3 3122 3120 3121 
3 3123 3122 3121 
3 3124 3122 3123 
3 3125 3124 3123 
3 3126 3124 3125 
3 3127 3126 3125 
3 3128 3126 3127 
3 3129 3128 3127 
3 3130 3128 3129 
3 3131 3130 3129 
3 3132 3130 3131 
3 3133 3132 3131 
3 3134 3132 3133 
3 3135 3134 3133 
3 3136 3134 3135 
3 3137 3136 3135 
3 3138 3136 3137 
3 3139 3138 3137 
3 3140 3138 3139 
3 3141 3140 3139 
3 3142 3140 3141 
3 3143 3142 3141 
3 3144 3142 3143 
3 3145 3144 3143 
3 3146 3144 3145 
3 3147 3146 3145 
3 3148 3146 3147 
3 3149 3148 3147 
3 3150 3149 3147 
3 3151 3148 3149 
3 3152 3149 3150 
3 3152 3151 3149 
3 3153 3152 3150 
3 3154 3151 3152 
3 3155 3152 3153 
3 3155 3154 3152 
3 3156 3155 3153 
3 3157 3154 3155 
3 3158 3155 3156 
3 3158 3157 3155 
3 3159 3158 3156 
3 3160 3157 3158 
3 3161 3158 3159 
3 3161 3160 3158 
3 3162 3161 3159 
3 3163 3160 3161 
3 3164 3161 3162 
3 3164 3163 3161 
3 3165 3164 3162 
3 3166 3163 3164 
3 3167 3164 3165 
3 3167 3166 3164 
3 3168 3167 3165 
3 3169 3166 3167 
3 3170 3167 3168 
3 3170 3169 3167 
3 3171 3170 3168 
3 3172 3169 3170 
3 3173 3170 3171 
3 3173 3172 3170 
3 3174 3173 3171 
3 3175 3172 3173 
3 3176 3173 3174 
3 3176 3175 3173 
3 3177 3176 3174 
3 3178 3175 3176 
3 3179 3176 3177 
3 3179 3178 3176 
3 3180 3179 3177 
3 3181 3178 3179 
3 3182 3179 3180 
3 3182 3181 3179 
3 3183 3182 3180 
3 3184 3181 3182 
3 3185 3182 3183 
3 3185 3184 3182 
3 3186 3185 3183 
3 3187 3184 3185 
3 3188 3185 3186 
3 3188 3187 3185 
3 3189 2950 2951 
3 3189 3047 2950 
3 3190 2951 2952 
3 3190 3189 2951 
3 3191 2952 2953 
3 3191 3190 2952 
3 3192 2953 2954 
3 3192 3191 2953 
3 3193 2954 2955 
3 3193 3192 2954 
3 3194 2955 2956 
3 3194 3193 2955 
3 2831 2909 2972 
3 3195 2909 2831 
3 3195 2910 2909 
3 3196 2956 2961 
3 3196 3194 2956 
3 3197 2961 2962 
3 3197 3196 2961 
3 3198 2910 3195 
3 3199 2910 3198 
3 3199 2962 2910 
3 3200 2962 3199 
3 3200 3197 2962 
3 3201 3188 3186 
3 3202 3187 3188 
3 3203 3188 3201 
3 3203 3202 3188 
3 2829 2831 2972 
3 2828 2972 2973 
3 2828 2829 2972 
3 2827 2973 2974 
3 2827 2828 2973 
3 2826 2974 2975 
3 2826 2827 2974 
3 2757 2975 2976 
3 2757 2826 2975 
3 3204 2976 2977 
3 3204 2757 2976 
3 3205 2977 2978 
3 3205 3204 2977 
3 3206 2987 3026 
3 3206 2986 2987 
3 3207 2986 3206 
3 3207 2985 2986 
3 3208 2985 3207 
3 3208 2984 2985 
3 3209 2984 3208 
3 3209 2983 2984 
3 2905 2983 3209 
3 2905 2982 2983 
3 3210 2978 2979 
3 3210 3205 2978 
3 2900 2982 2905 
3 2900 2981 2982 
3 2895 2981 2900 
3 2895 2980 2981 
3 2897 2980 2895 
3 2897 2979 2980 
3 2906 2979 2897 
3 2906 3210 2979 
3 3211 3203 3201 
3 3212 3202 3203 
3 3213 3203 3211 
3 3213 3212 3203 
3 3214 3212 3213 
3 3215 3213 3211 
3 3025 3213 3215 
3 3025 3214 3213 
3 3027 3214 3025 
3 3216 3021 3017 
3 3216 3027 3021 
3 3217 3017 3013 
3 3217 3216 3017 
3 3218 3013 3009 
3 3218 3217 3013 
3 3219 3009 3003 
3 3219 3218 3009 
3 3220 3003 3000 
3 3220 3219 3003 
3 3221 3025 3215 
3 3221 3023 3025 
3 3222 3023 3221 
3 3222 3019 3023 
3 3223 3019 3222 
3 3223 3015 3019 
3 3224 3220 3000 
3 3225 3000 3002 
3 3225 3224 3000 
3 3226 3015 3223 
3 3226 3011 3015 
3 3227 3011 3226 
3 3227 3007 3011 
3 3228 3007 3227 
3 3228 3005 3007 
3 3229 3005 3228 
3 3229 3001 3005 
3 3230 3001 3229 
3 3230 3002 3001 
3 3231 3002 3230 
3 3231 3225 3002 
3 3232 3224 3225 
3 3233 3225 3231 
3 3233 3232 3225 
3 3234 3232 3233 
3 3235 2898 3236 
3 3235 3237 2898 
3 2906 2898 3237 
3 3238 2906 3237 
3 3210 2906 3238 
3 3239 3210 3238 
3 2899 3236 2898 
3 3240 3236 2899 
3 2813 3236 3240 
3 2812 3236 2813 
3 2812 3235 3236 
3 2810 3235 2812 
3 2810 3237 3235 
3 2811 3237 2810 
3 2811 3238 3237 
3 2815 3238 2811 
3 2815 3239 3238 
3 2825 3239 2815 
3 3241 3239 2825 
3 3205 3239 3241 
3 3205 3210 3239 
3 2755 3241 2825 
3 3204 3241 2755 
3 3204 3205 3241 
3 2904 3240 2899 
3 3242 3240 2904 
3 2814 3240 3242 
3 2814 2813 3240 
3 2757 3204 2755 
3 2816 2814 3242 
3 3243 2846 3244 
3 3243 2845 2846 
3 3245 2845 3243 
3 3246 3245 3243 
3 3247 3243 3244 
3 3247 3246 3243 
3 2847 3244 2846 
3 3248 3244 2847 
3 3248 3247 3244 
3 2848 3248 2847 
3 3249 3248 2848 
3 3250 3248 3249 
3 3251 3250 3249 
3 2849 3249 2848 
3 3252 3249 2849 
3 3252 3251 3249 
3 3253 3251 3252 
3 2850 3252 2849 
3 3254 3252 2850 
3 3254 3253 3252 
3 3255 3253 3254 
3 2851 3254 2850 
3 3256 3254 2851 
3 3256 3255 3254 
3 2852 3256 2851 
3 3257 3255 3256 
3 3258 3256 2852 
3 3258 3257 3256 
3 2844 2845 3245 
3 3259 3245 3246 
3 3260 3245 3259 
3 3260 2844 3245 
3 2853 3258 2852 
3 3261 3257 3258 
3 3262 3258 2853 
3 3262 3261 3258 
3 2854 3262 2853 
3 3263 3262 2854 
3 3264 3262 3263 
3 3264 3261 3262 
3 3265 3264 3263 
3 2856 3263 2854 
3 2856 3265 3263 
3 3266 3264 3265 
3 3267 3266 3265 
3 2859 3265 2856 
3 2859 3267 3265 
3 3268 3267 2859 
3 3269 3267 3268 
3 3269 3266 3267 
3 3270 3269 3268 
3 3271 3270 3268 
3 3272 3270 3271 
3 3273 3272 3271 
3 3274 3272 3273 
3 3275 3274 3273 
3 2843 2844 3260 
3 3276 3260 3259 
3 3277 3260 3276 
3 3277 2843 3260 
3 3278 3274 3275 
3 3279 3278 3275 
3 3280 3278 3279 
3 3281 3280 3279 
3 2842 2843 3277 
3 3282 3277 3276 
3 3283 3277 3282 
3 3283 2842 3277 
3 2841 2842 3283 
3 3284 3283 3282 
3 3285 3283 3284 
3 3285 2841 3283 
3 2840 2841 3285 
3 3286 3285 3284 
3 3287 3285 3286 
3 3287 2840 3285 
3 2839 2840 3287 
3 3288 3287 3286 
3 3289 3287 3288 
3 3289 2839 3287 
3 2838 2839 3289 
3 3290 3289 3288 
3 3291 3289 3290 
3 3291 2838 3289 
3 3292 3291 3290 
3 2837 2838 3291 
3 3293 3291 3292 
3 3293 2837 3291 
3 3294 3293 3292 
3 2836 2837 3293 
3 3295 3293 3294 
3 3295 2836 3293 
3 3296 3295 3294 
3 2835 2836 3295 
3 3297 3295 3296 
3 3297 2835 3295 
3 3298 3297 3296 
3 2834 2835 3297 
3 3299 3297 3298 
3 3299 2834 3297 
3 3300 3299 3298 
3 2832 2834 3299 
3 3301 3299 3300 
3 3301 2832 3299 
3 3302 3301 3300 
3 2882 2832 3301 
3 3303 3301 3302 
3 3303 2882 3301 
3 2860 3268 2859 
3 2860 3271 3268 
3 2862 3271 2860 
3 2862 3273 3271 
3 2864 3273 2862 
3 2864 3275 3273 
3 2866 3275 2864 
3 2866 3279 3275 
3 2868 3279 2866 
3 2868 3281 3279 
3 2886 2882 3303 
3 3304 2886 3303 
3 3305 3280 3281 
3 3306 3305 3281 
3 2869 3281 2868 
3 2869 3306 3281 
3 3307 3303 3302 
3 3307 3304 3303 
3 3308 3305 3306 
3 2870 3306 2869 
3 2870 3308 3306 
3 3309 3304 3310 
3 2891 3304 3309 
3 2891 2886 3304 
3 3310 3304 3307 
3 2875 3308 2870 
3 3311 3312 3313 
3 3314 3315 3311 
3 3316 3317 3318 
3 3317 3319 3320 
3 3319 3312 3321 
3 3311 3322 3314 
3 3313 3323 3311 
3 3322 3324 3325 
3 3323 3326 3322 
3 3327 3328 3329 
3 3329 3330 3331 
3 3330 3324 3332 
3 3326 3332 3324 
3 3332 3331 3330 
3 3324 3330 3328 
3 3330 3329 3328 
3 3324 3322 3326 
3 3328 3325 3324 
3 3322 3311 3323 
3 3325 3314 3322 
3 3315 3321 3312 
3 3321 3320 3319 
3 3312 3319 3316 
3 3319 3317 3316 
3 3312 3311 3315 
3 3316 3313 3312 
3 3333 3334 3335 
3 3333 3336 3334 
3 3337 3336 3333 
3 3338 3337 3333 
3 3339 3338 3333 
3 3340 3333 3335 
3 3340 3339 3333 
3 3341 3335 3342 
3 3342 3335 3334 
3 3343 3335 3341 
3 3343 3340 3335 
3 3344 3337 3338 
3 3345 3337 3344 
3 3346 3337 3345 
3 3346 3336 3337 
3 3347 3338 3339 
3 3347 3344 3338 
3 3348 3341 3342 
3 3349 3341 3348 
3 3349 3343 3341 
3 3350 3346 3345 
3 3351 3346 3350 
3 3352 3346 3351 
3 3353 3346 3352 
3 3353 3336 3346 
3 3354 3336 3353 
3 3354 3334 3336 
3 3355 3334 3354 
3 3355 3342 3334 
3 3356 3342 3355 
3 3356 3348 3342 
3 3357 3350 3345 
3 3358 3350 3357 
3 3358 3351 3350 
3 3359 3352 3351 
3 3360 3351 3358 
3 3360 3359 3351 
3 3361 3359 3360 
3 3362 3360 3358 
3 3363 3360 3362 
3 3363 3361 3360 
3 3364 3361 3363 
3 3365 3363 3362 
3 3366 3363 3365 
3 3366 3364 3363 
3 3367 3364 3366 
3 3368 3366 3365 
3 3369 3366 3368 
3 3369 3367 3366 
3 3370 3367 3369 
3 3371 3369 3368 
3 3372 3369 3371 
3 3372 3370 3369 
3 3373 3370 3372 
3 3374 3372 3371 
3 3375 3372 3374 
3 3375 3373 3372 
3 3376 3339 3340 
3 3377 3339 3376 
3 3377 3347 3339 
3 3378 3348 3356 
3 3379 3348 3378 
3 3379 3349 3348 
3 3380 3345 3344 
3 3380 3357 3345 
3 3381 3344 3347 
3 3381 3380 3344 
3 3382 3381 3347 
3 3383 3347 3377 
3 3383 3382 3347 
3 3384 3340 3343 
3 3384 3376 3340 
3 3385 3343 3349 
3 3385 3384 3343 
3 3386 3349 3379 
3 3386 3385 3349 
3 3387 3379 3378 
3 3388 3379 3387 
3 3388 3386 3379 
3 3389 3373 3375 
3 3317 3389 3375 
3 3318 3375 3374 
3 3318 3317 3375 
3 3320 3389 3317 
3 3390 3388 3387 
3 3391 3392 3393 
3 3391 3394 3392 
3 3395 3394 3391 
3 3396 3395 3391 
3 3397 3395 3396 
3 3398 3397 3396 
3 3399 3392 3394 
3 3386 3399 3394 
3 3385 3394 3395 
3 3385 3386 3394 
3 3400 3392 3399 
3 3401 3392 3400 
3 3401 3393 3392 
3 3384 3395 3397 
3 3384 3385 3395 
3 3402 3397 3398 
3 3403 3402 3398 
3 3404 3398 3396 
3 3404 3403 3398 
3 3405 3396 3391 
3 3405 3404 3396 
3 3388 3399 3386 
3 3406 3399 3388 
3 3406 3400 3399 
3 3376 3397 3402 
3 3376 3384 3397 
3 3407 3402 3403 
3 3377 3402 3407 
3 3377 3376 3402 
3 3408 3391 3393 
3 3408 3405 3391 
3 3409 3393 3401 
3 3409 3408 3393 
3 3410 3408 3409 
3 3383 3377 3407 
3 3390 3406 3388 
3 3248 3250 3411 
3 3412 3413 3414 
3 3412 2751 3413 
3 2752 3413 2751 
3 3415 3413 2752 
3 3416 3413 3415 
3 3416 3414 3413 
3 3417 3414 3416 
3 3418 3414 3417 
3 3418 3412 3414 
3 3419 3417 3416 
3 3420 3417 3419 
3 3421 3417 3420 
3 3421 3418 3417 
3 3422 3421 3420 
3 3423 3421 3422 
3 2754 3415 2752 
3 3424 3423 3422 
3 3425 3426 3427 
3 3427 3428 3425 
3 3429 3430 3431 
3 3431 3432 3429 
3 3433 3434 3435 
3 3435 3436 3433 
3 3437 3438 3439 
3 3439 3440 3437 
3 3434 3433 3441 
3 3441 3442 3434 
3 3443 3444 3445 
3 3446 3444 3443 
3 3447 3446 3443 
3 3448 3447 3443 
3 3449 3443 3445 
3 3449 3448 3443 
3 3450 3447 3448 
3 3451 3448 3449 
3 3451 3450 3448 
3 3452 3451 3449 
3 3453 3449 3445 
3 3453 3452 3449 
3 3454 3453 3445 
3 3455 3445 3444 
3 3455 3454 3445 
3 3456 3455 3444 
3 3457 3444 3446 
3 3457 3456 3444 
3 3458 3446 3447 
3 3458 3457 3446 
3 3459 3447 3450 
3 3459 3458 3447 
3 3460 3459 3450 
3 3461 3460 3450 
3 3462 3450 3451 
3 3462 3461 3450 
3 3463 3451 3452 
3 3463 3462 3451 
3 3464 3463 3452 
3 3465 3463 3464 
3 3466 3463 3465 
3 3466 3462 3463 
3 3467 3462 3466 
3 3467 3461 3462 
3 3468 3460 3461 
3 3469 3461 3467 
3 3469 3468 3461 
3 3470 3467 3466 
3 3438 3466 3465 
3 3438 3470 3466 
3 3471 3467 3470 
3 3471 3469 3467 
3 3437 3470 3438 
3 3472 3471 3470 
3 3473 3465 3464 
3 3473 3438 3465 
3 3474 3438 3473 
3 3439 3438 3474 
3 3437 3472 3470 
3 3475 3471 3472 
3 3476 3472 3437 
3 3476 3475 3472 
3 3477 3471 3475 
3 3477 3469 3471 
3 3478 3469 3477 
3 3478 3468 3469 
3 3479 3477 3475 
3 3480 3475 3476 
3 3480 3479 3475 
3 3440 3476 3437 
3 3481 3476 3440 
3 3481 3480 3476 
3 3482 3477 3479 
3 3482 3478 3477 
3 3483 3482 3479 
3 3484 3479 3480 
3 3484 3483 3479 
3 3485 3480 3481 
3 3485 3484 3480 
3 3486 3468 3478 
3 3487 3478 3482 
3 3487 3486 3478 
3 3488 3481 3440 
3 3489 3481 3488 
3 3489 3485 3481 
3 3490 3482 3483 
3 3490 3487 3482 
3 3491 3483 3484 
3 3491 3490 3483 
3 3492 3484 3485 
3 3492 3491 3484 
3 3493 3485 3489 
3 3493 3492 3485 
3 3494 3468 3486 
3 3494 3460 3468 
3 3495 3460 3494 
3 3495 3459 3460 
3 3496 3459 3495 
3 3496 3458 3459 
3 3497 3452 3453 
3 3497 3464 3452 
3 3498 3453 3454 
3 3498 3497 3453 
3 3499 3458 3496 
3 3499 3457 3458 
3 3500 3454 3455 
3 3500 3498 3454 
3 3432 3455 3456 
3 3432 3500 3455 
3 3501 3456 3457 
3 3501 3429 3456 
3 3502 3457 3499 
3 3502 3501 3457 
3 3503 3500 3432 
3 3429 3432 3456 
3 3431 3503 3432 
3 3504 3429 3501 
3 3505 3501 3502 
3 3505 3504 3501 
3 3506 3473 3464 
3 3507 3464 3497 
3 3507 3506 3464 
3 3508 3497 3498 
3 3508 3507 3497 
3 3509 3498 3500 
3 3509 3508 3498 
3 3510 3500 3503 
3 3510 3509 3500 
3 3511 3507 3508 
3 3512 3508 3509 
3 3512 3511 3508 
3 3513 3509 3510 
3 3513 3512 3509 
3 3514 3506 3507 
3 3515 3507 3511 
3 3515 3514 3507 
3 3430 3429 3504 
3 3516 3431 3430 
3 3517 3431 3516 
3 3517 3503 3431 
3 3518 3503 3517 
3 3518 3510 3503 
3 3519 3510 3518 
3 3519 3513 3510 
3 3520 3511 3512 
3 3520 3515 3511 
3 3521 3512 3513 
3 3521 3520 3512 
3 3522 3513 3519 
3 3522 3521 3513 
3 3523 3514 3515 
3 3442 3515 3520 
3 3442 3523 3515 
3 3524 3520 3521 
3 3524 3442 3520 
3 3525 3521 3522 
3 3525 3524 3521 
3 3526 3525 3522 
3 3527 3522 3519 
3 3527 3526 3522 
3 3528 3519 3518 
3 3528 3527 3519 
3 3529 3518 3517 
3 3529 3528 3518 
3 3530 3517 3516 
3 3530 3529 3517 
3 3531 3516 3430 
3 3532 3530 3516 
3 3531 3532 3516 
3 3533 3430 3504 
3 3533 3531 3430 
3 3534 3504 3505 
3 3534 3533 3504 
3 3535 3527 3528 
3 3536 3528 3529 
3 3536 3535 3528 
3 3537 3529 3530 
3 3537 3536 3529 
3 3538 3530 3532 
3 3538 3537 3530 
3 3539 3538 3532 
3 3540 3532 3531 
3 3540 3539 3532 
3 3541 3533 3534 
3 3542 3533 3541 
3 3542 3531 3533 
3 3543 3531 3542 
3 3543 3540 3531 
3 3544 3540 3543 
3 3545 3540 3544 
3 3545 3539 3540 
3 3546 3539 3545 
3 3547 3539 3546 
3 3547 3538 3539 
3 3548 3538 3547 
3 3548 3537 3538 
3 3549 3537 3548 
3 3549 3536 3537 
3 3550 3536 3549 
3 3550 3535 3536 
3 3551 3535 3550 
3 3551 3527 3535 
3 3552 3527 3551 
3 3552 3526 3527 
3 3434 3442 3524 
3 3441 3523 3442 
3 3553 3524 3525 
3 3553 3434 3524 
3 3554 3525 3526 
3 3554 3553 3525 
3 3555 3526 3552 
3 3555 3554 3526 
3 3556 3434 3553 
3 3557 3553 3554 
3 3557 3556 3553 
3 3558 3554 3555 
3 3558 3557 3554 
3 3559 3473 3506 
3 3559 3474 3473 
3 3560 3506 3514 
3 3560 3559 3506 
3 3561 3514 3523 
3 3561 3560 3514 
3 3562 3523 3441 
3 3562 3561 3523 
3 3428 3562 3441 
3 3435 3434 3556 
3 3433 3428 3441 
3 3563 3556 3557 
3 3563 3435 3556 
3 3436 3425 3433 
3 3564 3435 3563 
3 3564 3436 3435 
3 3565 3547 3546 
3 3566 3547 3565 
3 3566 3548 3547 
3 3567 3548 3566 
3 3567 3549 3548 
3 3568 3549 3567 
3 3568 3550 3549 
3 3569 3550 3568 
3 3569 3551 3550 
3 3570 3551 3569 
3 3570 3552 3551 
3 3571 3552 3570 
3 3571 3555 3552 
3 3572 3557 3558 
3 3572 3563 3557 
3 3573 3555 3571 
3 3573 3558 3555 
3 3574 3558 3573 
3 3574 3572 3558 
3 3575 3564 3563 
3 3576 3563 3572 
3 3576 3575 3563 
3 3577 3572 3574 
3 3577 3576 3572 
3 3578 3487 3490 
3 3579 3487 3578 
3 3579 3486 3487 
3 3580 3486 3579 
3 3580 3494 3486 
3 3581 3494 3580 
3 3581 3495 3494 
3 3582 3495 3581 
3 3582 3496 3495 
3 3583 3496 3582 
3 3583 3499 3496 
3 3584 3499 3583 
3 3584 3502 3499 
3 3585 3502 3584 
3 3585 3505 3502 
3 3586 3505 3585 
3 3586 3534 3505 
3 3587 3534 3586 
3 3587 3541 3534 
3 3588 3565 3546 
3 3589 3546 3545 
3 3589 3588 3546 
3 3590 3545 3544 
3 3590 3589 3545 
3 3591 3544 3543 
3 3591 3590 3544 
3 3592 3543 3542 
3 3592 3591 3543 
3 3593 3542 3541 
3 3593 3592 3542 
3 3594 3541 3587 
3 3594 3593 3541 
3 3595 3559 3560 
3 3596 3560 3561 
3 3596 3595 3560 
3 3597 3561 3562 
3 3597 3596 3561 
3 3598 3562 3428 
3 3598 3597 3562 
3 3425 3428 3433 
3 3427 3598 3428 
3 3599 3425 3436 
3 3426 3425 3599 
3 3600 3427 3426 
3 3601 3427 3600 
3 3601 3598 3427 
3 3602 3598 3601 
3 3602 3597 3598 
3 3603 3597 3602 
3 3603 3596 3597 
3 3604 3596 3603 
3 3604 3595 3596 
3 3605 3565 3588 
3 3606 3565 3605 
3 3606 3566 3565 
3 3607 3566 3606 
3 3607 3567 3566 
3 3608 3567 3607 
3 3608 3568 3567 
3 3609 3568 3608 
3 3609 3569 3568 
3 3610 3569 3609 
3 3610 3570 3569 
3 3611 3570 3610 
3 3611 3571 3570 
3 3612 3571 3611 
3 3612 3573 3571 
3 3613 3436 3564 
3 3613 3599 3436 
3 3614 3564 3575 
3 3614 3613 3564 
3 3615 3575 3576 
3 3615 3614 3575 
3 3616 3576 3577 
3 3616 3615 3576 
3 3617 3573 3612 
3 3617 3574 3573 
3 3618 3574 3617 
3 3618 3577 3574 
3 3619 3577 3618 
3 3619 3616 3577 
3 3620 3426 3599 
3 3621 3599 3613 
3 3621 3620 3599 
3 3622 3613 3614 
3 3622 3621 3613 
3 3623 3614 3615 
3 3623 3622 3614 
3 3624 3615 3616 
3 3624 3623 3615 
3 3625 3616 3619 
3 3625 3624 3616 
3 3626 3605 3588 
3 3627 3588 3589 
3 3627 3626 3588 
3 3628 3589 3590 
3 3628 3627 3589 
3 3629 3600 3426 
3 3630 3426 3620 
3 3630 3629 3426 
3 3631 3620 3621 
3 3631 3630 3620 
3 3632 3621 3622 
3 3632 3631 3621 
3 3633 3622 3623 
3 3633 3632 3622 
3 3634 3628 3590 
3 3635 3590 3591 
3 3635 3634 3590 
3 3636 3623 3624 
3 3636 3633 3623 
3 3637 3624 3625 
3 3637 3636 3624 
3 3638 3637 3625 
3 3639 3625 3619 
3 3639 3638 3625 
3 3640 3619 3618 
3 3640 3639 3619 
3 3641 3618 3617 
3 3641 3640 3618 
3 3642 3617 3612 
3 3642 3641 3617 
3 3643 3612 3611 
3 3643 3642 3612 
3 3644 3611 3610 
3 3644 3643 3611 
3 3645 3610 3609 
3 3645 3644 3610 
3 3646 3609 3608 
3 3646 3645 3609 
3 3647 3608 3607 
3 3647 3646 3608 
3 3648 3607 3606 
3 3648 3647 3607 
3 3649 3606 3605 
3 3649 3648 3606 
3 3650 3605 3626 
3 3650 3649 3605 
3 3651 3626 3627 
3 3651 3650 3626 
3 3652 3627 3628 
3 3652 3651 3627 
3 3653 3628 3634 
3 3653 3652 3628 
3 3654 3653 3634 
3 3655 3634 3635 
3 3655 3654 3634 
3 3656 3578 3490 
3 3657 3490 3491 
3 3657 3656 3490 
3 3658 3491 3492 
3 3658 3657 3491 
3 3659 3489 3488 
3 3660 3489 3659 
3 3660 3493 3489 
3 3661 3492 3493 
3 3661 3658 3492 
3 3662 3493 3660 
3 3662 3661 3493 
3 3663 3661 3662 
3 3664 3661 3663 
3 3664 3658 3661 
3 3665 3658 3664 
3 3665 3657 3658 
3 3666 3657 3665 
3 3666 3656 3657 
3 3667 3591 3592 
3 3667 3635 3591 
3 3668 3592 3593 
3 3668 3667 3592 
3 3669 3593 3594 
3 3669 3668 3593 
3 3670 3666 3665 
3 3671 3665 3664 
3 3671 3670 3665 
3 3672 3671 3664 
3 3673 3664 3663 
3 3673 3672 3664 
3 3674 3663 3662 
3 3674 3673 3663 
3 3675 3662 3660 
3 3675 3674 3662 
3 3676 3660 3659 
3 3676 3675 3660 
3 3677 3630 3631 
3 3678 3630 3677 
3 3678 3629 3630 
3 3679 3629 3678 
3 3680 3629 3679 
3 3680 3600 3629 
3 3681 3600 3680 
3 3681 3601 3600 
3 3682 3601 3681 
3 3682 3602 3601 
3 3683 3602 3682 
3 3683 3603 3602 
3 3684 3603 3683 
3 3684 3604 3603 
3 3685 3635 3667 
3 3685 3655 3635 
3 3686 3654 3655 
3 3687 3655 3685 
3 3687 3686 3655 
3 3688 3667 3668 
3 3688 3685 3667 
3 3689 3685 3688 
3 3689 3687 3685 
3 3690 3668 3669 
3 3690 3688 3668 
3 3691 3679 3678 
3 3692 3678 3677 
3 3692 3691 3678 
3 3693 3631 3632 
3 3693 3677 3631 
3 3694 3677 3693 
3 3694 3692 3677 
3 3695 3688 3690 
3 3695 3689 3688 
3 3696 3670 3671 
3 3697 3671 3672 
3 3697 3696 3671 
3 3698 3672 3673 
3 3698 3699 3672 
3 3699 3697 3672 
3 3700 3699 3698 
3 3701 3699 3700 
3 3702 3701 3700 
3 3703 3701 3702 
3 3704 3703 3702 
3 3705 3703 3704 
3 3706 3705 3704 
3 3707 3705 3706 
3 3708 3707 3706 
3 3709 3707 3708 
3 3710 3709 3708 
3 3711 3709 3710 
3 3712 3711 3710 
3 3713 3711 3712 
3 3714 3713 3712 
3 3715 3713 3714 
3 3716 3715 3714 
3 3717 3715 3716 
3 3718 3717 3716 
3 3719 3717 3718 
3 3720 3719 3718 
3 3721 3717 3719 
3 3722 3721 3719 
3 3723 3719 3720 
3 3723 3722 3719 
3 3724 3692 3694 
3 3725 3692 3724 
3 3725 3691 3692 
3 3726 3674 3675 
3 3727 3675 3676 
3 3727 3726 3675 
3 3728 3725 3724 
3 3729 3673 3674 
3 3729 3698 3673 
3 3730 3674 3726 
3 3730 3729 3674 
3 3228 3439 3474 
3 3229 3474 3559 
3 3229 3228 3474 
3 3731 3730 3726 
3 3732 3726 3727 
3 3732 3731 3726 
3 3230 3559 3595 
3 3230 3229 3559 
3 3227 3439 3228 
3 3227 3440 3439 
3 3226 3440 3227 
3 3226 3488 3440 
3 3223 3488 3226 
3 3223 3659 3488 
3 3222 3659 3223 
3 3222 3676 3659 
3 3221 3676 3222 
3 3221 3727 3676 
3 3733 3722 3723 
3 2305 3722 3733 
3 3734 2305 3733 
3 2307 3722 2305 
3 2307 3721 3722 
3 2648 3578 3656 
3 2647 3656 3666 
3 2647 2648 3656 
3 2646 3666 3670 
3 2646 2647 3666 
3 2645 3670 3696 
3 2645 2646 3670 
3 2644 3696 3697 
3 2644 2645 3696 
3 2643 3697 3699 
3 2643 2644 3697 
3 2642 3699 3701 
3 2642 2643 3699 
3 2641 3701 3703 
3 2641 2642 3701 
3 2640 3703 3705 
3 2640 2641 3703 
3 2639 3705 3707 
3 2639 2640 3705 
3 2638 3707 3709 
3 2638 2639 3707 
3 2637 3709 3711 
3 2637 2638 3709 
3 2636 3711 3713 
3 2636 2637 3711 
3 2635 3713 3715 
3 2635 2636 3713 
3 2634 3715 3717 
3 2634 2635 3715 
3 2633 3717 3721 
3 2633 2634 3717 
3 2415 3721 2307 
3 2415 2633 3721 
3 3735 3698 3729 
3 3735 3700 3698 
3 3736 3700 3735 
3 3736 3702 3700 
3 3737 3702 3736 
3 3737 3704 3702 
3 3231 3595 3604 
3 3231 3230 3595 
3 2649 3578 2648 
3 2649 3579 3578 
3 2717 3579 2649 
3 2717 3580 3579 
3 2719 3580 2717 
3 2719 3581 3580 
3 3233 3604 3684 
3 3233 3231 3604 
3 2720 3581 2719 
3 2720 3582 3581 
3 2721 3582 2720 
3 2721 3583 3582 
3 2722 3583 2721 
3 2722 3584 3583 
3 2723 3584 2722 
3 2723 3585 3584 
3 2724 3585 2723 
3 2724 3586 3585 
3 2725 3586 2724 
3 2725 3587 3586 
3 2726 3587 2725 
3 2726 3594 3587 
3 2727 3594 2726 
3 2727 3669 3594 
3 2728 3669 2727 
3 2728 3690 3669 
3 3738 3725 3728 
3 3739 3725 3738 
3 3740 3725 3739 
3 3740 3691 3725 
3 3741 3691 3740 
3 3741 3679 3691 
3 3742 3679 3741 
3 3742 3680 3679 
3 3743 3680 3742 
3 3743 3681 3680 
3 3744 3681 3743 
3 3744 3682 3681 
3 3745 3632 3633 
3 3745 3693 3632 
3 3746 3633 3636 
3 3746 3745 3633 
3 3747 3636 3637 
3 3747 3746 3636 
3 3748 3637 3638 
3 3748 3747 3637 
3 3327 3748 3638 
3 3328 3638 3639 
3 3328 3327 3638 
3 3325 3639 3640 
3 3325 3328 3639 
3 3314 3640 3641 
3 3314 3325 3640 
3 3315 3641 3642 
3 3315 3314 3641 
3 3321 3642 3643 
3 3321 3315 3642 
3 3320 3643 3644 
3 3320 3321 3643 
3 3389 3644 3645 
3 3389 3320 3644 
3 3373 3645 3646 
3 3373 3389 3645 
3 3370 3646 3647 
3 3370 3373 3646 
3 3367 3647 3648 
3 3367 3370 3647 
3 3364 3648 3649 
3 3364 3367 3648 
3 3361 3649 3650 
3 3361 3364 3649 
3 3359 3650 3651 
3 3359 3361 3650 
3 3352 3651 3652 
3 3352 3359 3651 
3 3353 3652 3653 
3 3353 3352 3652 
3 3354 3353 3653 
3 3424 3653 3654 
3 3424 3354 3653 
3 3749 3704 3737 
3 3749 3706 3704 
3 3750 3706 3749 
3 3750 3708 3706 
3 3751 3708 3750 
3 3751 3710 3708 
3 3752 3710 3751 
3 3752 3712 3710 
3 3753 3712 3752 
3 3753 3714 3712 
3 3754 3714 3753 
3 3754 3716 3714 
3 3755 3716 3754 
3 3755 3718 3716 
3 3756 3718 3755 
3 3756 3720 3718 
3 3757 3720 3756 
3 3757 3723 3720 
3 3758 3723 3757 
3 3758 3733 3723 
3 3759 3733 3758 
3 3759 3734 3733 
3 2729 3690 2728 
3 2729 3695 3690 
3 3760 3682 3744 
3 3760 3683 3682 
3 3761 3683 3760 
3 3761 3684 3683 
3 3234 3684 3761 
3 3234 3233 3684 
3 3423 3654 3686 
3 3423 3424 3654 
3 3421 3686 3687 
3 3421 3423 3686 
3 3418 3687 3689 
3 3418 3421 3687 
3 3412 3689 3695 
3 3412 3418 3689 
3 3762 3693 3745 
3 3762 3694 3693 
3 3763 3694 3762 
3 3763 3724 3694 
3 3764 3724 3763 
3 3764 3728 3724 
3 2751 3695 2729 
3 2751 3412 3695 
3 2245 2305 3734 
3 3765 2245 3734 
3 3215 3727 3221 
3 3215 3732 3727 
3 3766 3731 3732 
3 3211 3732 3215 
3 3211 3766 3732 
3 3767 3734 3759 
3 3767 3765 3734 
3 3768 3728 3764 
3 3768 3738 3728 
3 2243 2245 3765 
3 3769 3765 3767 
3 3769 2243 3765 
3 3770 3739 3738 
3 3771 3738 3768 
3 3771 3770 3738 
3 3201 3766 3211 
3 3772 3770 3771 
3 2242 2243 3769 
3 3773 3774 3775 
3 3776 3777 3773 
3 3776 3773 3775 
3 3773 3778 3774 
3 3779 3778 3773 
3 3780 3778 3779 
3 3781 3780 3779 
3 3782 3779 3773 
3 3782 3781 3779 
3 3777 3782 3773 
3 3783 3784 3776 
3 3785 3776 3775 
3 3785 3783 3776 
3 3786 3774 3778 
3 3787 3778 3780 
3 3787 3786 3778 
3 3788 3787 3780 
3 3789 3780 3781 
3 3789 3788 3780 
3 3790 3787 3788 
3 3791 3788 3789 
3 3791 3790 3788 
3 3784 3777 3776 
3 3792 3790 3791 
3 3793 3792 3791 
3 3794 3783 3785 
3 3795 3792 3793 
3 3796 3795 3793 
3 3797 3796 3793 
3 3798 3793 3791 
3 3798 3797 3793 
3 3799 3783 3794 
3 3800 3783 3799 
3 3800 3784 3783 
3 3801 3799 3794 
3 3802 3801 3794 
3 3310 3794 3785 
3 3310 3802 3794 
3 3309 3785 3775 
3 3309 3310 3785 
3 2891 3775 3774 
3 2891 3309 3775 
3 3803 3791 3789 
3 3803 3798 3791 
3 3804 3789 3781 
3 3804 3803 3789 
3 3805 3781 3782 
3 3805 3804 3781 
3 2715 3786 3787 
3 2716 3787 3790 
3 2716 2715 3787 
3 2718 3790 3792 
3 2718 2716 3790 
3 2887 3774 3786 
3 2887 2891 3774 
3 2714 3786 2715 
3 2714 2887 3786 
3 3806 3782 3777 
3 3806 3805 3782 
3 3807 3777 3784 
3 3807 3806 3777 
3 2754 3792 3795 
3 2754 2718 3792 
3 3415 3795 3796 
3 3415 2754 3795 
3 3808 3796 3797 
3 3416 3796 3808 
3 3416 3415 3796 
3 3809 3784 3800 
3 3809 3807 3784 
3 3810 3801 3802 
3 3419 3416 3808 
3 3811 3812 3813 
3 3811 3814 3812 
3 3815 3812 3814 
3 3816 3815 3814 
3 3817 3815 3816 
3 3818 3817 3816 
3 3819 3811 3813 
3 3820 3821 3822 
3 3820 3823 3821 
3 3824 3823 3820 
3 3818 3823 3824 
3 3817 3818 3824 
3 3825 3822 3821 
3 3826 3827 3828 
3 3828 3827 3829 
3 3830 3826 3828 
3 3831 3826 3830 
3 3832 3829 3827 
3 3833 3829 3832 
3 3834 3833 3832 
3 3835 3833 3834 
3 3836 3831 3830 
3 3837 3831 3836 
3 3838 3837 3836 
3 3839 3837 3838 
3 3840 3841 3842 
3 3840 3843 3841 
3 3844 3842 3841 
3 3839 3842 3844 
3 3845 3839 3844 
3 3845 3837 3839 
3 3819 3837 3845 
3 3819 3831 3837 
3 3813 3831 3819 
3 3813 3826 3831 
3 3846 3843 3840 
3 3847 3841 3843 
3 3848 3843 3846 
3 3848 3847 3843 
3 3849 3833 3835 
3 3850 3833 3849 
3 3850 3829 3833 
3 3851 3829 3850 
3 3851 3828 3829 
3 3852 3828 3851 
3 3852 3830 3828 
3 3853 3830 3852 
3 3853 3836 3830 
3 3854 3836 3853 
3 3854 3838 3836 
3 3855 3838 3854 
3 3855 3839 3838 
3 3856 3839 3855 
3 3856 3842 3839 
3 3857 3842 3856 
3 3857 3840 3842 
3 3858 3840 3857 
3 3858 3846 3840 
3 3812 3826 3813 
3 3812 3827 3826 
3 3815 3827 3812 
3 3815 3832 3827 
3 3817 3832 3815 
3 3817 3834 3832 
3 3824 3834 3817 
3 3859 3834 3824 
3 3859 3835 3834 
3 3860 3846 3858 
3 3861 3846 3860 
3 3861 3848 3846 
3 3862 3849 3835 
3 3863 3835 3859 
3 3863 3862 3835 
3 3820 3859 3824 
3 3864 3859 3820 
3 3864 3863 3859 
3 3865 3847 3848 
3 3866 3848 3861 
3 3866 3865 3848 
3 3822 3864 3820 
3 3867 3865 3866 
3 3771 3868 3772 
3 3768 3869 3771 
3 3870 3871 3872 
3 3871 3873 3874 
3 3871 3870 3873 
3 3868 3875 3876 
3 3869 3877 3868 
3 3875 3878 3879 
3 3877 3874 3875 
3 3878 3880 3881 
3 3880 3882 3883 
3 3874 3884 3878 
3 3885 3886 3855 
3 3887 3883 3885 
3 3856 3886 3857 
3 3888 3889 3890 
3 3858 3888 3860 
3 3891 3882 3888 
3 3857 3891 3858 
3 3892 3893 3894 
3 3889 3893 3895 
3 3893 3884 3873 
3 3882 3884 3889 
3 3884 3893 3889 
3 3874 3873 3884 
3 3893 3892 3895 
3 3873 3894 3893 
3 3891 3888 3858 
3 3882 3889 3888 
3 3888 3890 3860 
3 3889 3895 3890 
3 3886 3883 3891 
3 3886 3891 3857 
3 3886 3885 3883 
3 3856 3855 3886 
3 3884 3882 3880 
3 3884 3880 3878 
3 3891 3883 3882 
3 3880 3883 3887 
3 3880 3887 3881 
3 3874 3878 3875 
3 3878 3881 3879 
3 3877 3875 3868 
3 3875 3879 3876 
3 3894 3873 3870 
3 3871 3874 3877 
3 3871 3877 3869 
3 3871 3869 3872 
3 3872 3869 3768 
3 3869 3868 3771 
3 3868 3876 3772 
3 3896 3897 3898 
3 3898 3899 3900 
3 3901 3902 3897 
3 3901 3903 3902 
3 3904 3903 3901 
3 3905 3901 3897 
3 3906 3901 3905 
3 3906 3904 3901 
3 3907 3897 3902 
3 3898 3897 3907 
3 3896 3905 3897 
3 3908 3905 3896 
3 3909 3906 3905 
3 3910 3909 3908 
3 3908 3909 3905 
3 3911 3908 3896 
3 3900 3896 3898 
3 3900 3911 3896 
3 3912 3908 3911 
3 3912 3910 3908 
3 3913 3911 3900 
3 3914 3911 3913 
3 3914 3912 3911 
3 3899 3913 3900 
3 3915 3913 3899 
3 3916 3914 3913 
3 3915 3916 3913 
3 3917 3916 3915 
3 3918 3915 3899 
3 3919 3915 3918 
3 3919 3917 3915 
3 3920 3917 3919 
3 3921 3920 3919 
3 3922 3919 3918 
3 3922 3921 3919 
3 3892 3918 3899 
3 3895 3899 3898 
3 3895 3892 3899 
3 3890 3898 3907 
3 3890 3895 3898 
3 3894 3918 3892 
3 3894 3922 3918 
3 3762 3920 3921 
3 3763 3762 3921 
3 3923 3921 3922 
3 3923 3763 3921 
3 3747 3916 3917 
3 3748 3916 3747 
3 3748 3914 3916 
3 3870 3922 3894 
3 3870 3923 3922 
3 3860 3890 3907 
3 3861 3907 3902 
3 3861 3860 3907 
3 3866 3902 3903 
3 3866 3861 3902 
3 3327 3914 3748 
3 3327 3912 3914 
3 3329 3912 3327 
3 3329 3910 3912 
3 3331 3910 3329 
3 3331 3909 3910 
3 3924 3909 3331 
3 3924 3906 3909 
3 3925 3906 3924 
3 3925 3904 3906 
3 3926 3904 3925 
3 3926 3903 3904 
3 3867 3903 3926 
3 3867 3866 3903 
3 3746 3917 3920 
3 3746 3747 3917 
3 3745 3920 3762 
3 3745 3746 3920 
3 3872 3923 3870 
3 3764 3923 3872 
3 3764 3763 3923 
3 3768 3764 3872 
3 3927 3928 3929 
3 3929 3930 3927 
3 3931 3932 3933 
3 3933 3934 3931 
3 3935 3936 3937 
3 3937 3938 3935 
3 3939 3940 3941 
3 3941 3942 3939 
3 3930 3943 3944 
3 3944 3927 3930 
3 3945 3946 3947 
3 3947 3948 3945 
3 3949 3950 3951 
3 3951 3952 3949 
3 3953 3954 3955 
3 3953 3956 3954 
3 3957 3956 3953 
3 3934 3956 3957 
3 3958 3956 3934 
3 3959 3956 3958 
3 3959 3954 3956 
3 3960 3955 3954 
3 3961 3954 3959 
3 3961 3960 3954 
3 3952 3961 3959 
3 3962 3959 3958 
3 3962 3952 3959 
3 3945 3962 3958 
3 3946 3958 3934 
3 3946 3945 3958 
3 3931 3934 3957 
3 3933 3946 3934 
3 3963 3947 3946 
3 3964 3946 3933 
3 3964 3963 3946 
3 3965 3931 3957 
3 3966 3931 3965 
3 3932 3967 3933 
3 3968 3957 3953 
3 3968 3965 3957 
3 3966 3932 3931 
3 3969 3965 3968 
3 3969 3966 3965 
3 3970 3953 3955 
3 3970 3968 3953 
3 3971 3968 3970 
3 3971 3969 3968 
3 3972 3960 3961 
3 3972 3973 3960 
3 3973 3955 3960 
3 3974 3955 3973 
3 3974 3970 3955 
3 3975 3970 3974 
3 3975 3971 3970 
3 3967 3964 3933 
3 3976 3932 3966 
3 3977 3932 3976 
3 3977 3967 3932 
3 3978 3966 3969 
3 3978 3976 3966 
3 3979 3969 3971 
3 3979 3978 3969 
3 3980 3971 3975 
3 3980 3979 3971 
3 3981 3979 3980 
3 3982 3979 3981 
3 3982 3978 3979 
3 3983 3978 3982 
3 3984 3978 3983 
3 3984 3976 3978 
3 3985 3976 3984 
3 3985 3977 3976 
3 3986 3983 3982 
3 3987 3983 3986 
3 3987 3984 3983 
3 3988 3984 3987 
3 3988 3985 3984 
3 3989 3982 3981 
3 3989 3986 3982 
3 3990 3986 3989 
3 3990 3991 3986 
3 3992 3988 3987 
3 3991 3987 3986 
3 3991 3992 3987 
3 3993 3977 3985 
3 3994 3985 3988 
3 3994 3993 3985 
3 3995 3988 3992 
3 3995 3994 3988 
3 3996 3992 3991 
3 3997 3995 3992 
3 3996 3997 3992 
3 3998 3991 3990 
3 3998 3996 3991 
3 3999 3977 3993 
3 3999 3967 3977 
3 4000 3993 3994 
3 4000 3999 3993 
3 4001 4000 3994 
3 4002 3994 3995 
3 4002 4001 3994 
3 4003 3995 3997 
3 4003 4002 3995 
3 4004 3964 3967 
3 4005 3967 3999 
3 4005 4004 3967 
3 4006 3999 4000 
3 4006 4005 3999 
3 4007 4000 4001 
3 4007 4006 4000 
3 4008 4002 4003 
3 4008 4001 4002 
3 4009 4001 4008 
3 4009 4007 4001 
3 3936 3981 3980 
3 3936 3989 3981 
3 4010 3989 3936 
3 4011 3990 3989 
3 4012 3990 4011 
3 4012 3998 3990 
3 4013 3998 4012 
3 4014 3998 4013 
3 4014 3996 3998 
3 4015 3996 4014 
3 4015 3997 3996 
3 4016 3997 4015 
3 4016 4003 3997 
3 4017 4003 4016 
3 4017 4008 4003 
3 4018 4012 4011 
3 4019 4012 4018 
3 4019 4013 4012 
3 4020 4013 4019 
3 4021 4013 4020 
3 4021 4014 4013 
3 4022 4014 4021 
3 4022 4015 4014 
3 4023 4015 4022 
3 4023 4016 4015 
3 4024 4016 4023 
3 4024 4017 4016 
3 3939 4017 4024 
3 3942 4008 4017 
3 4025 4008 3942 
3 4025 4009 4008 
3 4026 4004 4005 
3 4027 4005 4006 
3 4027 4026 4005 
3 4028 4006 4007 
3 4028 4027 4006 
3 4029 4007 4009 
3 4029 4028 4007 
3 4030 4009 4025 
3 4030 4029 4009 
3 4031 3964 4004 
3 4031 3963 3964 
3 4032 4004 4026 
3 4032 4031 4004 
3 4033 4026 4027 
3 4033 4032 4026 
3 4034 4027 4028 
3 4034 4033 4027 
3 4035 4028 4029 
3 4035 4034 4028 
3 4036 4029 4030 
3 4036 4035 4029 
3 4037 4032 4033 
3 4038 4033 4034 
3 4038 4037 4033 
3 4039 4034 4035 
3 4039 4038 4034 
3 3943 4035 4036 
3 3943 4039 4035 
3 3944 4036 4030 
3 3944 3943 4036 
3 4040 3944 4030 
3 4041 4030 4025 
3 4041 4040 4030 
3 4042 3975 3974 
3 4042 3937 3975 
3 3937 3980 3975 
3 3937 3936 3980 
3 4010 3936 3935 
3 4010 4011 3989 
3 4043 4011 4010 
3 4043 4018 4011 
3 4044 4010 3935 
3 4044 4043 4010 
3 3938 3937 4042 
3 3938 4045 3935 
3 4046 3974 3973 
3 4046 4042 3974 
3 4047 4042 4046 
3 4047 3938 4042 
3 4045 4044 3935 
3 4048 3938 4047 
3 4048 4045 3938 
3 4049 4025 3942 
3 4049 4041 4025 
3 3939 3942 4017 
3 3941 4049 3942 
3 4050 3939 4024 
3 4051 4024 4023 
3 4051 4050 4024 
3 4052 4023 4022 
3 4052 4051 4023 
3 4053 4022 4021 
3 4053 4052 4022 
3 4054 4021 4020 
3 4054 4053 4021 
3 4055 4020 4019 
3 4055 4054 4020 
3 4056 4019 4018 
3 4056 4055 4019 
3 4057 4018 4043 
3 4057 4056 4018 
3 4058 4043 4044 
3 4058 4057 4043 
3 4059 4044 4045 
3 4059 4058 4044 
3 4060 4056 4057 
3 4061 4057 4058 
3 4061 4060 4057 
3 4062 4058 4059 
3 4062 4061 4058 
3 4063 4045 4048 
3 4063 4059 4045 
3 4064 4059 4063 
3 4064 4062 4059 
3 4065 3973 3972 
3 4065 4046 3973 
3 4066 4046 4065 
3 4066 4047 4046 
3 4067 4047 4066 
3 4068 4047 4067 
3 4068 4048 4047 
3 4069 4048 4068 
3 4069 4063 4048 
3 4070 3972 3961 
3 4071 3961 3952 
3 4071 4070 3961 
3 4072 3963 4031 
3 4072 3947 3963 
3 4073 3947 4072 
3 3948 3947 4073 
3 3948 4074 3945 
3 3949 3952 3962 
3 3951 4071 3952 
3 4074 3962 3945 
3 4074 3949 3962 
3 4075 3972 4070 
3 4075 4065 3972 
3 4076 4065 4075 
3 4076 4066 4065 
3 4077 4031 4032 
3 4077 4072 4031 
3 4078 4072 4077 
3 4078 4073 4072 
3 4079 4073 4078 
3 4079 3948 4073 
3 4080 3948 4079 
3 4080 4074 3948 
3 4081 4074 4080 
3 4081 3949 4074 
3 3950 3949 4081 
3 4082 3951 3950 
3 4083 3951 4082 
3 4083 4071 3951 
3 4084 4071 4083 
3 4084 4070 4071 
3 4085 4070 4084 
3 4085 4075 4070 
3 4086 4075 4085 
3 4086 4076 4075 
3 4087 4066 4076 
3 4087 4067 4066 
3 4088 4076 4086 
3 4088 4087 4076 
3 4089 4067 4087 
3 4089 4068 4067 
3 4090 4068 4089 
3 4090 4069 4068 
3 4091 4087 4088 
3 4091 4089 4087 
3 4092 4091 4088 
3 4093 4088 4086 
3 4093 4092 4088 
3 4094 4086 4085 
3 4094 4093 4086 
3 4095 4090 4089 
3 4096 4089 4091 
3 4096 4095 4089 
3 4097 4091 4092 
3 4097 4096 4091 
3 4098 4092 4093 
3 4099 4097 4092 
3 4098 4099 4092 
3 4100 4093 4094 
3 4100 4098 4093 
3 4101 4032 4037 
3 4101 4077 4032 
3 4102 4041 4049 
3 4102 4040 4041 
3 4103 4049 3941 
3 4103 4102 4049 
3 3940 3939 4050 
3 4104 3941 3940 
3 4104 4103 3941 
3 3927 3944 4040 
3 4105 4040 4102 
3 4105 3927 4040 
3 4106 4102 4103 
3 4106 4105 4102 
3 4107 4103 4104 
3 4107 4106 4103 
3 3928 3927 4105 
3 4108 4105 4106 
3 4108 3928 4105 
3 4109 4106 4107 
3 4109 4108 4106 
3 4110 4077 4101 
3 4110 4078 4077 
3 4111 3930 3929 
3 4112 3930 4111 
3 4112 3943 3930 
3 4113 3943 4112 
3 4113 4039 3943 
3 4114 4039 4113 
3 4114 4038 4039 
3 4115 4038 4114 
3 4115 4037 4038 
3 4116 4037 4115 
3 4116 4101 4037 
3 4117 4101 4116 
3 4117 4110 4101 
3 4118 4064 4063 
3 4119 4063 4069 
3 4119 4118 4063 
3 4120 4109 4107 
3 4121 4107 4104 
3 4121 4120 4107 
3 4122 4104 3940 
3 4122 4121 4104 
3 4123 4085 4084 
3 4123 4094 4085 
3 4124 4084 4083 
3 4124 4123 4084 
3 4125 4083 4082 
3 4125 4124 4083 
3 4126 4094 4123 
3 4126 4100 4094 
3 4127 4123 4124 
3 4127 4126 4123 
3 4128 4124 4125 
3 4128 4127 4124 
3 4129 4079 4078 
3 4130 4079 4129 
3 4130 4080 4079 
3 4131 4080 4130 
3 4131 4081 4080 
3 4132 4081 4131 
3 4132 3950 4081 
3 4133 3950 4132 
3 4133 4082 3950 
3 4134 4082 4133 
3 4134 4125 4082 
3 4135 4125 4134 
3 4135 4128 4125 
3 4136 4069 4090 
3 4136 4119 4069 
3 4137 4090 4095 
3 4137 4136 4090 
3 4138 4095 4096 
3 4138 4137 4095 
3 4139 4096 4097 
3 4139 4138 4096 
3 4140 4097 4099 
3 4140 4139 4097 
3 4141 4099 4098 
3 4142 4099 4141 
3 4142 4140 4099 
3 4143 4098 4100 
3 4144 4100 4126 
3 4144 4143 4100 
3 4145 4126 4127 
3 4145 4144 4126 
3 4146 4127 4128 
3 4146 4145 4127 
3 4147 4128 4135 
3 4147 4146 4128 
3 4148 4056 4060 
3 4148 4055 4056 
3 4149 4148 4060 
3 4150 4060 4061 
3 4150 4149 4060 
3 4151 4061 4062 
3 4151 4150 4061 
3 4152 4149 4150 
3 4153 4150 4151 
3 4153 4152 4150 
3 4154 4062 4064 
3 4154 4151 4062 
3 4155 4151 4154 
3 4155 4153 4151 
3 4156 4064 4118 
3 4156 4154 4064 
3 4157 4154 4156 
3 4157 4155 4154 
3 4158 4098 4143 
3 4158 4141 4098 
3 4159 4143 4144 
3 4159 4158 4143 
3 4160 4144 4145 
3 4160 4159 4144 
3 4161 4145 4146 
3 4161 4160 4145 
3 4162 4146 4147 
3 4162 4161 4146 
3 4163 4149 4152 
3 4164 4149 4163 
3 4164 4148 4149 
3 4165 4148 4164 
3 4165 4055 4148 
3 4165 4054 4055 
3 4166 4054 4165 
3 4166 4053 4054 
3 4167 4053 4166 
3 4167 4052 4053 
3 4168 4052 4167 
3 4168 4051 4052 
3 4169 4051 4168 
3 4169 4050 4051 
3 4170 4050 4169 
3 4170 3940 4050 
3 4171 3940 4170 
3 4171 4122 3940 
3 4172 3929 3928 
3 4173 3929 4172 
3 4173 4111 3929 
3 4174 4078 4110 
3 4174 4129 4078 
3 4175 4110 4117 
3 4175 4174 4110 
3 3926 4118 4119 
3 3867 4119 4136 
3 3867 3926 4119 
3 4176 4172 3928 
3 4177 3928 4108 
3 4177 4176 3928 
3 4178 4108 4109 
3 4178 4177 4108 
3 4179 4109 4120 
3 4179 4178 4109 
3 3925 4118 3926 
3 3925 4156 4118 
3 4180 4129 4174 
3 4181 4129 4180 
3 4181 4130 4129 
3 3383 4179 4120 
3 3382 4120 4121 
3 3382 3383 4120 
3 4182 4121 4122 
3 4182 3382 4121 
3 4183 4122 4171 
3 4183 4182 4122 
3 4184 4130 4181 
3 4184 4131 4130 
3 4185 4131 4184 
3 4185 4132 4131 
3 4186 4132 4185 
3 4186 4133 4132 
3 4187 4133 4186 
3 4187 4134 4133 
3 4188 4134 4187 
3 4188 4135 4134 
3 4189 4135 4188 
3 4189 4147 4135 
3 4190 4147 4189 
3 4190 4162 4147 
3 3811 4142 4141 
3 3814 4141 4158 
3 3814 3811 4141 
3 3816 4158 4159 
3 3816 3814 4158 
3 3818 4159 4160 
3 3818 3816 4159 
3 3823 4160 4161 
3 3823 3818 4160 
3 3821 4161 4162 
3 3821 3823 4161 
3 3825 4162 4190 
3 3825 3821 4162 
3 4191 4111 4173 
3 4192 4111 4191 
3 4192 4112 4111 
3 4193 4112 4192 
3 4193 4113 4112 
3 4194 4113 4193 
3 4194 4114 4113 
3 4195 4114 4194 
3 4195 4115 4114 
3 4196 4115 4195 
3 4196 4116 4115 
3 4197 4116 4196 
3 4197 4117 4116 
3 4198 4117 4197 
3 4198 4175 4117 
3 3865 4136 4137 
3 3865 3867 4136 
3 3847 4137 4138 
3 3847 3865 4137 
3 3841 4138 4139 
3 3841 3847 4138 
3 3844 4139 4140 
3 3844 3841 4139 
3 3845 4140 4142 
3 3845 3844 4140 
3 3819 4142 3811 
3 3819 3845 4142 
3 3924 4156 3925 
3 3924 4157 4156 
3 3332 4157 3924 
3 3326 4157 3332 
3 3326 4155 4157 
3 3323 4155 3326 
3 3323 4153 4155 
3 3313 4153 3323 
3 3313 4152 4153 
3 3316 4152 3313 
3 3316 4163 4152 
3 3318 4163 3316 
3 3318 4164 4163 
3 4199 4164 3318 
3 4199 4165 4164 
3 3331 3332 3924 
3 3374 4199 3318 
3 3854 4200 3855 
3 3853 4201 3854 
3 4201 4202 4203 
3 3853 3852 4201 
3 4200 4203 4204 
3 4203 4205 4206 
3 3887 4207 3881 
3 3885 4204 3887 
3 4207 4206 4208 
3 4209 4210 4211 
3 4210 3876 4212 
3 4209 3772 4210 
3 4213 4212 4214 
3 4212 3879 4208 
3 3881 4208 3879 
3 4208 4214 4212 
3 3876 4210 3772 
3 3879 4212 3876 
3 4210 4212 4213 
3 4210 4213 4211 
3 4206 4215 4208 
3 4208 4215 4214 
3 4204 4206 4207 
3 4207 3887 4204 
3 4208 3881 4207 
3 4215 4206 4205 
3 4206 4204 4203 
3 4202 4201 3852 
3 4205 4203 4202 
3 4201 4203 4200 
3 4201 4200 3854 
3 4200 4204 3885 
3 4200 3885 3855 
3 3411 3247 3248 
3 4216 4217 4218 
3 4219 4220 3411 
3 4221 3246 4218 
3 4222 4221 4223 
3 3259 4224 3276 
3 3246 4221 3259 
3 4224 4225 4226 
3 4221 4222 4224 
3 3282 4227 3284 
3 3276 4226 3282 
3 4227 4228 4229 
3 4226 4230 4227 
3 3286 4231 3288 
3 3284 4229 3286 
3 4231 4232 4233 
3 4229 4234 4231 
3 3802 4235 3810 
3 4235 3307 4236 
3 3802 3310 4235 
3 4237 4238 4236 
3 3300 4237 3302 
3 4239 4240 4241 
3 4238 4237 4239 
3 4240 3298 4242 
3 4237 3300 4240 
3 4243 4244 4245 
3 4241 4242 4243 
3 4244 3294 4246 
3 4242 3296 4244 
3 4247 4248 4249 
3 4245 4246 4247 
3 4248 3290 4233 
3 4246 3292 4248 
3 3292 3290 4248 
3 3290 3288 4233 
3 4246 4248 4247 
3 4248 4233 4249 
3 3296 3294 4244 
3 3294 3292 4246 
3 4242 4244 4243 
3 4244 4246 4245 
3 3300 3298 4240 
3 3298 3296 4242 
3 4237 4240 4239 
3 4240 4242 4241 
3 4237 4236 3302 
3 4238 4250 4236 
3 3310 3307 4235 
3 3307 3302 4236 
3 4235 4236 4250 
3 4235 4250 3810 
3 4234 4232 4231 
3 4232 4249 4233 
3 4229 4231 3286 
3 4231 4233 3288 
3 4230 4228 4227 
3 4228 4234 4229 
3 4226 4227 3282 
3 4227 4229 3284 
3 4222 4225 4224 
3 4225 4230 4226 
3 4221 4224 3259 
3 4224 4226 3276 
3 4221 4218 4223 
3 3246 3247 4218 
3 4220 4217 4216 
3 4220 4216 3411 
3 4217 4223 4218 
3 4216 4218 3247 
3 4216 3247 3411 
3 4251 3264 3266 
3 4251 4252 3264 
3 3261 3264 4252 
3 4253 3261 4252 
3 4254 3261 4253 
3 3257 3261 4254 
3 4255 3257 4254 
3 3255 3257 4255 
3 4256 3255 4255 
3 3253 3255 4256 
3 4257 3253 4256 
3 3251 3253 4257 
3 4258 3251 4257 
3 3250 3251 4258 
3 4219 3250 4258 
3 3411 3250 4219 
3 3269 4251 3266 
3 4259 4260 4250 
3 4260 4261 4262 
3 4263 4264 4259 
3 4265 3801 4262 
3 4266 4265 4267 
3 4268 4269 4270 
3 4269 3800 4271 
3 4268 3809 4269 
3 4265 4266 4271 
3 3801 4265 3799 
3 4259 4272 4263 
3 4250 4238 4259 
3 4272 4273 4274 
3 4238 4239 4272 
3 4273 4275 4276 
3 4275 4243 4277 
3 4273 4241 4275 
3 4278 4279 4277 
3 4247 4278 4245 
3 4280 4281 4282 
3 4279 4278 4280 
3 4281 4249 4283 
3 4278 4247 4281 
3 4284 4285 4283 
3 4234 4284 4232 
3 4286 4287 4288 
3 4285 4284 4286 
3 4287 4228 4289 
3 4284 4234 4287 
3 4290 4291 4289 
3 4225 4290 4230 
3 4292 4293 4294 
3 4291 4290 4292 
3 4293 4222 4295 
3 4290 4225 4293 
3 4296 4297 4295 
3 4217 4296 4223 
3 4298 4299 4300 
3 4297 4296 4298 
3 4299 4220 4301 
3 4296 4217 4299 
3 4302 4303 4301 
3 4258 4302 4219 
3 4304 4305 4306 
3 4303 4302 4304 
3 4305 4257 4307 
3 4302 4258 4305 
3 4308 4309 4307 
3 4255 4308 4256 
3 4310 4311 4312 
3 4309 4308 4310 
3 4311 4254 4313 
3 4308 4255 4311 
3 4314 4315 4313 
3 4252 4314 4253 
3 4316 4317 4318 
3 4315 4314 4316 
3 4317 4251 4319 
3 4314 4252 4317 
3 4320 4321 4319 
3 3270 4320 3269 
3 4322 4323 4324 
3 4321 4320 4322 
3 4323 3272 4325 
3 4320 3270 4323 
3 4326 4327 4325 
3 3278 4326 3274 
3 4328 4329 4330 
3 4327 4326 4328 
3 4329 3280 4331 
3 4326 3278 4329 
3 4332 4333 4331 
3 3308 4332 3305 
3 4334 4335 4336 
3 4333 4332 4334 
3 4335 2875 4337 
3 4332 3308 4335 
3 4338 4339 4337 
3 2877 4338 2876 
3 4340 4341 4342 
3 4339 4338 4340 
3 4341 2878 4343 
3 4338 2877 4341 
3 4344 4345 4343 
3 2884 4344 2879 
3 4346 4347 4348 
3 4345 4344 4346 
3 4347 2888 4349 
3 4344 2884 4347 
3 4350 4351 4349 
3 2890 4350 2889 
3 4352 4353 4354 
3 4351 4350 4352 
3 4353 2656 4355 
3 4350 2890 4352 
3 4356 4357 4355 
3 2658 4356 2657 
3 4358 4359 4360 
3 4357 4356 4358 
3 4359 2659 4361 
3 4356 2658 4359 
3 4362 4363 4361 
3 2661 4362 2660 
3 4364 4365 4366 
3 4363 4362 4364 
3 4365 2662 4367 
3 4362 2661 4365 
3 4368 4369 4367 
3 2664 4368 2663 
3 4370 4371 4372 
3 4369 4368 4370 
3 4371 2665 4373 
3 4368 2664 4371 
3 4374 4375 4373 
3 2667 4374 2666 
3 4376 4377 4378 
3 4375 4374 4376 
3 4377 2668 4379 
3 4374 2667 4377 
3 4380 4381 2735 
3 4382 4383 4380 
3 2733 4381 2731 
3 2731 4384 2730 
3 4385 2712 4386 
3 4385 2669 2712 
3 4380 4387 4382 
3 2735 2737 4380 
3 4388 4389 4390 
3 4389 4391 4392 
3 4390 4392 2741 
3 4392 4387 2739 
3 4390 4393 4388 
3 2741 2743 4390 
3 4394 4395 4396 
3 4396 4395 2747 
3 4395 4393 2745 
3 4397 4398 4399 
3 2747 2749 4399 
3 2806 4400 2817 
3 2805 4401 2806 
3 2398 4402 4403 
3 4402 4404 4405 
3 4403 4405 4406 
3 4405 4400 4407 
3 4403 4408 2398 
3 4406 4409 4403 
3 4408 4410 2316 
3 4409 4411 4408 
3 2395 4412 2394 
3 4412 4413 4414 
3 4412 4410 4413 
3 4415 2393 4414 
3 4416 4415 4417 
3 2392 4418 2391 
3 2393 4415 2392 
3 4418 4419 4420 
3 4415 4416 4418 
3 4421 2390 4420 
3 4422 4421 4423 
3 2389 4424 2388 
3 2390 4421 2389 
3 4424 4425 4426 
3 4421 4422 4424 
3 4427 2387 4426 
3 4428 4427 4429 
3 2386 4430 2385 
3 2387 4427 2386 
3 4430 4431 4432 
3 4427 4428 4430 
3 4433 2384 4432 
3 4434 4433 4435 
3 2383 4436 2382 
3 2384 4433 2383 
3 4436 4437 4438 
3 4433 4434 4436 
3 4439 2381 4438 
3 4440 4439 4441 
3 2380 4442 2379 
3 2381 4439 2380 
3 4442 4443 4444 
3 4439 4440 4442 
3 4445 2378 4444 
3 4446 4445 4447 
3 2377 4448 2753 
3 2378 4445 2377 
3 4448 4449 4397 
3 4445 4446 4448 
3 4446 4449 4448 
3 4449 4398 4397 
3 4445 4448 2377 
3 4448 4397 2753 
3 4445 4444 4447 
3 2378 2379 4444 
3 4440 4443 4442 
3 4443 4447 4444 
3 4439 4442 2380 
3 4442 4444 2379 
3 4439 4438 4441 
3 2381 2382 4438 
3 4434 4437 4436 
3 4437 4441 4438 
3 4433 4436 2383 
3 4436 4438 2382 
3 4433 4432 4435 
3 2384 2385 4432 
3 4428 4431 4430 
3 4431 4435 4432 
3 4427 4430 2386 
3 4430 4432 2385 
3 4427 4426 4429 
3 2387 2388 4426 
3 4422 4425 4424 
3 4425 4429 4426 
3 4421 4424 2389 
3 4424 4426 2388 
3 4421 4420 4423 
3 2390 2391 4420 
3 4416 4419 4418 
3 4419 4423 4420 
3 4415 4418 2392 
3 4418 4420 2391 
3 4415 4414 4417 
3 2393 2394 4414 
3 4411 4413 4410 
3 4413 4417 4414 
3 4410 4412 2395 
3 4412 4414 2394 
3 4410 4408 4411 
3 2395 2316 4410 
3 4408 4403 4409 
3 2316 2398 4408 
3 4401 4407 4400 
3 4407 4406 4405 
3 4400 4405 4404 
3 4405 4403 4402 
3 4400 2806 4401 
3 4404 2817 4400 
3 2749 2753 4397 
3 2749 4397 4399 
3 4398 4396 4399 
3 2743 2745 4393 
3 2745 2747 4395 
3 4393 4395 4394 
3 2747 4399 4396 
3 4393 4390 2743 
3 4394 4388 4393 
3 2737 2739 4387 
3 2739 2741 4392 
3 4387 4392 4391 
3 4392 4390 4389 
3 4387 4380 2737 
3 4391 4382 4387 
3 4378 4379 4385 
3 4379 2669 4385 
3 2712 2730 4386 
3 4450 4384 2731 
3 4384 4386 2730 
3 4381 4383 4450 
3 4381 4450 2731 
3 4381 4380 4383 
3 2733 2735 4381 
3 2667 2668 4377 
3 2668 2669 4379 
3 4374 4377 4376 
3 4377 4379 4378 
3 4374 4373 2666 
3 4375 4372 4373 
3 2664 2665 4371 
3 2665 2666 4373 
3 4368 4371 4370 
3 4371 4373 4372 
3 4368 4367 2663 
3 4369 4366 4367 
3 2661 2662 4365 
3 2662 2663 4367 
3 4362 4365 4364 
3 4365 4367 4366 
3 4362 4361 2660 
3 4363 4360 4361 
3 2658 2659 4359 
3 2659 2660 4361 
3 4356 4359 4358 
3 4359 4361 4360 
3 4356 4355 2657 
3 4357 4354 4355 
3 2890 2656 4353 
3 2656 2657 4355 
3 2890 4353 4352 
3 4353 4355 4354 
3 4350 4349 2889 
3 4351 4348 4349 
3 2884 2888 4347 
3 2888 2889 4349 
3 4344 4347 4346 
3 4347 4349 4348 
3 4344 4343 2879 
3 4345 4342 4343 
3 2877 2878 4341 
3 2878 2879 4343 
3 4338 4341 4340 
3 4341 4343 4342 
3 4338 4337 2876 
3 4339 4336 4337 
3 3308 2875 4335 
3 2875 2876 4337 
3 4332 4335 4334 
3 4335 4337 4336 
3 4332 4331 3305 
3 4333 4330 4331 
3 3278 3280 4329 
3 3280 3305 4331 
3 4326 4329 4328 
3 4329 4331 4330 
3 4326 4325 3274 
3 4327 4324 4325 
3 3270 3272 4323 
3 3272 3274 4325 
3 4320 4323 4322 
3 4323 4325 4324 
3 4320 4319 3269 
3 4321 4318 4319 
3 4252 4251 4317 
3 4251 3269 4319 
3 4314 4317 4316 
3 4317 4319 4318 
3 4314 4313 4253 
3 4315 4312 4313 
3 4255 4254 4311 
3 4254 4253 4313 
3 4308 4311 4310 
3 4311 4313 4312 
3 4308 4307 4256 
3 4309 4306 4307 
3 4258 4257 4305 
3 4257 4256 4307 
3 4302 4305 4304 
3 4305 4307 4306 
3 4302 4301 4219 
3 4303 4300 4301 
3 4217 4220 4299 
3 4220 4219 4301 
3 4296 4299 4298 
3 4299 4301 4300 
3 4296 4295 4223 
3 4297 4294 4295 
3 4225 4222 4293 
3 4222 4223 4295 
3 4290 4293 4292 
3 4293 4295 4294 
3 4290 4289 4230 
3 4291 4288 4289 
3 4234 4228 4287 
3 4228 4230 4289 
3 4284 4287 4286 
3 4287 4289 4288 
3 4284 4283 4232 
3 4285 4282 4283 
3 4247 4249 4281 
3 4249 4232 4283 
3 4278 4281 4280 
3 4281 4283 4282 
3 4278 4277 4245 
3 4279 4451 4277 
3 4239 4241 4273 
3 4241 4243 4275 
3 4243 4245 4277 
3 4275 4277 4451 
3 4275 4451 4276 
3 4273 4272 4239 
3 4276 4274 4273 
3 4272 4259 4238 
3 4274 4263 4272 
3 4265 4271 3799 
3 4266 4452 4271 
3 3809 3800 4269 
3 3800 3799 4271 
3 4269 4271 4452 
3 4269 4452 4270 
3 4265 4262 4267 
3 3801 3810 4262 
3 4264 4261 4260 
3 4264 4260 4259 
3 4261 4267 4262 
3 4260 4262 3810 
3 4260 3810 4250 
3 4453 4454 4455 
3 4453 4456 4454 
3 4457 4456 4453 
3 4458 4456 4457 
3 4459 4458 4457 
3 4460 4458 4459 
3 4461 4460 4459 
3 4462 4460 4461 
3 4463 4464 4465 
3 4463 4466 4464 
3 4467 4464 4466 
3 4468 4463 4465 
3 4180 4468 4465 
3 4469 4468 4180 
3 4181 4465 4464 
3 4181 4180 4465 
3 4184 4464 4467 
3 4184 4181 4464 
3 4462 4467 4466 
3 4185 4462 4461 
3 4185 4467 4462 
3 4185 4184 4467 
3 4186 4461 4459 
3 4186 4185 4461 
3 4187 4459 4457 
3 4187 4186 4459 
3 4188 4457 4453 
3 4188 4187 4457 
3 4189 4453 4455 
3 4189 4188 4453 
3 4470 4468 4469 
3 4471 4470 4469 
3 4174 4469 4180 
3 4174 4471 4469 
3 4175 4471 4174 
3 4472 4471 4175 
3 4472 4470 4471 
3 4473 4455 4454 
3 4190 4455 4473 
3 4190 4189 4455 
3 4198 4472 4175 
3 3825 4190 4473 
3 3408 4474 3405 
3 3408 4176 4474 
3 3410 4176 3408 
3 4172 4176 3410 
3 4173 4172 3410 
3 4475 4173 3410 
3 4191 4173 4475 
3 4476 4191 4475 
3 4192 4191 4476 
3 4477 4192 4476 
3 4193 4192 4477 
3 4478 4193 4477 
3 4194 4193 4478 
3 4479 4194 4478 
3 4195 4194 4479 
3 4480 4195 4479 
3 4196 4195 4480 
3 4481 4196 4480 
3 4197 4196 4481 
3 4482 4197 4481 
3 4198 4197 4482 
3 4483 4198 4482 
3 4484 4198 4483 
3 4472 4198 4484 
3 4485 4472 4484 
3 4470 4472 4485 
3 4486 4470 4485 
3 4468 4470 4486 
3 4487 4468 4486 
3 4463 4468 4487 
3 4488 4463 4487 
3 4466 4463 4488 
3 4489 4466 4488 
3 4462 4466 4489 
3 4490 4462 4489 
3 4460 4462 4490 
3 4491 4460 4490 
3 4458 4460 4491 
3 4492 4458 4491 
3 4456 4458 4492 
3 4493 4456 4492 
3 4454 4456 4493 
3 4494 4454 4493 
3 4473 4454 4494 
3 4495 4473 4494 
3 3825 4473 4495 
3 4496 3825 4495 
3 3822 3825 4496 
3 4497 3822 4496 
3 3864 3822 4497 
3 3404 3405 4474 
3 3057 4498 3056 
3 3057 3058 4498 
3 4499 4500 4501 
3 4500 3054 4502 
3 4503 4502 3056 
3 4502 3055 3056 
3 4498 4503 3056 
3 4501 4502 4503 
3 3055 4502 3054 
3 4502 4501 4500 
3 3054 4500 3034 
3 4504 4505 4499 
3 3033 4506 3032 
3 3034 4507 3033 
3 4508 4509 4510 
3 4509 4511 4512 
3 4510 4512 4513 
3 4512 4506 4505 
3 3030 4514 3029 
3 3031 4515 3030 
3 3032 4511 3031 
3 4516 4517 4518 
3 4517 4519 4520 
3 4521 4522 4508 
3 4518 4520 4521 
3 4522 4515 4509 
3 4520 4514 4522 
3 2903 2902 4523 
3 2902 2901 4524 
3 2901 2905 4525 
3 4526 4527 4528 
3 4523 4524 4526 
3 4525 4529 4524 
3 4529 3208 4530 
3 4525 3209 4529 
3 4527 4530 4531 
3 4530 3207 4532 
3 4533 4534 4516 
3 4535 4536 4533 
3 4528 4531 4535 
3 3029 4519 3028 
3 4519 4517 4537 
3 3026 4538 3206 
3 3028 4537 3026 
3 4538 4536 4532 
3 4537 4534 4538 
3 4536 4538 4534 
3 4531 4532 4536 
3 4538 3026 4537 
3 4532 3206 4538 
3 4534 4537 4517 
3 4537 3028 4519 
3 4536 4535 4531 
3 4534 4533 4536 
3 4517 4516 4534 
3 3206 4532 3207 
3 4532 4531 4530 
3 3208 4529 3209 
3 3207 4530 3208 
3 4529 4530 4527 
3 4529 4527 4524 
3 4527 4526 4524 
3 4531 4528 4527 
3 3209 4525 2905 
3 4525 4524 2901 
3 4524 4523 2902 
3 4515 4522 4514 
3 4511 4509 4515 
3 4522 4521 4520 
3 4509 4508 4522 
3 4514 4520 4519 
3 4520 4518 4517 
3 4515 3031 4511 
3 4514 3030 4515 
3 4519 3029 4514 
3 4507 4505 4506 
3 4505 4513 4512 
3 4506 4512 4511 
3 4512 4510 4509 
3 4506 3033 4507 
3 4511 3032 4506 
3 4505 4507 4499 
3 4499 4507 4500 
3 4513 4505 4504 
3 4507 3034 4500 
3 4539 4540 4541 
3 4539 4542 4540 
3 4543 4542 4539 
3 4544 4543 4539 
3 4545 4544 4539 
3 4546 4539 4541 
3 4546 4545 4539 
3 4547 4544 4545 
3 4548 4547 4545 
3 4549 4545 4546 
3 4549 4548 4545 
3 4550 4547 4548 
3 4551 4548 4549 
3 4551 4550 4548 
3 4552 4551 4549 
3 4553 4552 4549 
3 4554 4549 4546 
3 4554 4553 4549 
3 4555 4546 4541 
3 4555 4554 4546 
3 4556 4541 4540 
3 4556 4555 4541 
3 4557 4553 4554 
3 4558 4554 4555 
3 4558 4557 4554 
3 4559 4555 4556 
3 4559 4558 4555 
3 4560 4557 4558 
3 4561 4558 4559 
3 4561 4560 4558 
3 4562 4560 4561 
3 4563 4560 4562 
3 4564 4560 4563 
3 4564 4557 4560 
3 4565 4550 4551 
3 4566 4551 4552 
3 4566 4565 4551 
3 4567 4557 4564 
3 4567 4553 4557 
3 4568 4553 4567 
3 4568 4552 4553 
3 4569 4552 4568 
3 4569 4566 4552 
3 4570 4566 4569 
3 4571 4566 4570 
3 4571 4565 4566 
3 4572 4542 4543 
3 4573 4563 4562 
3 4574 4571 4570 
3 4575 4574 4570 
3 4574 4576 4577 
3 4575 4576 4574 
3 4578 4570 4569 
3 4578 4575 4570 
3 4579 4569 4568 
3 4579 4578 4569 
3 4580 4568 4567 
3 4580 4579 4568 
3 4581 4567 4564 
3 4581 4580 4567 
3 4582 4564 4563 
3 4582 4581 4564 
3 4583 4563 4573 
3 4583 4582 4563 
3 4584 4542 4572 
3 4585 4584 4572 
3 4586 4542 4584 
3 4586 4540 4542 
3 4587 4540 4586 
3 4587 4556 4540 
3 4588 4556 4587 
3 4588 4559 4556 
3 4589 4559 4588 
3 4589 4561 4559 
3 4590 4561 4589 
3 4590 4562 4561 
3 4591 4562 4590 
3 4591 4573 4562 
3 4592 4583 4573 
3 4593 4573 4591 
3 4593 4592 4573 
3 4594 4409 4595 
3 4594 4411 4409 
3 4596 4411 4594 
3 4413 4411 4596 
3 4597 4413 4596 
3 4417 4413 4597 
3 4598 4417 4597 
3 4416 4417 4598 
3 4599 4416 4598 
3 4419 4416 4599 
3 4600 4419 4599 
3 4423 4419 4600 
3 4601 4423 4600 
3 4422 4423 4601 
3 4602 4422 4601 
3 4425 4422 4602 
3 4603 4425 4602 
3 4429 4425 4603 
3 4604 4429 4603 
3 4428 4429 4604 
3 4605 4428 4604 
3 4431 4428 4605 
3 4606 4431 4605 
3 4435 4431 4606 
3 4607 4435 4606 
3 4434 4435 4607 
3 4608 4434 4607 
3 4437 4434 4608 
3 4609 4437 4608 
3 4441 4437 4609 
3 4610 4441 4609 
3 4440 4441 4610 
3 4611 4440 4610 
3 4443 4440 4611 
3 4612 4443 4611 
3 4447 4443 4612 
3 4613 4447 4612 
3 4446 4447 4613 
3 4614 4446 4613 
3 4449 4446 4614 
3 4615 4449 4614 
3 4398 4449 4615 
3 4616 4398 4615 
3 4396 4398 4616 
3 4617 4396 4616 
3 4394 4396 4617 
3 4618 4394 4617 
3 4388 4394 4618 
3 4619 4388 4618 
3 4389 4388 4619 
3 4620 4389 4619 
3 4391 4389 4620 
3 4621 4391 4620 
3 4382 4391 4621 
3 4622 4382 4621 
3 4383 4382 4622 
3 4623 4383 4622 
3 4450 4383 4623 
3 4624 4450 4623 
3 4384 4450 4624 
3 4625 4384 4624 
3 4386 4384 4625 
3 4626 4386 4625 
3 4385 4386 4626 
3 4627 4385 4626 
3 4378 4385 4627 
3 4628 4378 4627 
3 4376 4378 4628 
3 4629 4376 4628 
3 4375 4376 4629 
3 4630 4375 4629 
3 4372 4375 4630 
3 4631 4372 4630 
3 4370 4372 4631 
3 4632 4370 4631 
3 4369 4370 4632 
3 4633 4369 4632 
3 4366 4369 4633 
3 4634 4366 4633 
3 4364 4366 4634 
3 4635 4364 4634 
3 4363 4364 4635 
3 4636 4363 4635 
3 4360 4363 4636 
3 4637 4360 4636 
3 4358 4360 4637 
3 4638 4358 4637 
3 4357 4358 4638 
3 4639 4357 4638 
3 4354 4357 4639 
3 4640 4354 4639 
3 4352 4354 4640 
3 4641 4352 4640 
3 4351 4352 4641 
3 4642 4351 4641 
3 4348 4351 4642 
3 4643 4348 4642 
3 4346 4348 4643 
3 4644 4346 4643 
3 4345 4346 4644 
3 4645 4345 4644 
3 4342 4345 4645 
3 4646 4342 4645 
3 4340 4342 4646 
3 4647 4340 4646 
3 4339 4340 4647 
3 4648 4339 4647 
3 4336 4339 4648 
3 4649 4336 4648 
3 4334 4336 4649 
3 4650 4334 4649 
3 4333 4334 4650 
3 4651 4333 4650 
3 4330 4333 4651 
3 4652 4330 4651 
3 4328 4330 4652 
3 4653 4328 4652 
3 4327 4328 4653 
3 4654 4327 4653 
3 4324 4327 4654 
3 4655 4324 4654 
3 4322 4324 4655 
3 4656 4322 4655 
3 4321 4322 4656 
3 4657 4321 4656 
3 4318 4321 4657 
3 4658 4318 4657 
3 4316 4318 4658 
3 4659 4316 4658 
3 4315 4316 4659 
3 4660 4315 4659 
3 4312 4315 4660 
3 4661 4312 4660 
3 4310 4312 4661 
3 4662 4310 4661 
3 4309 4310 4662 
3 4663 4309 4662 
3 4306 4309 4663 
3 4664 4306 4663 
3 4304 4306 4664 
3 4665 4304 4664 
3 4303 4304 4665 
3 4666 4303 4665 
3 4300 4303 4666 
3 4667 4300 4666 
3 4298 4300 4667 
3 4668 4298 4667 
3 4297 4298 4668 
3 4669 4297 4668 
3 4294 4297 4669 
3 4670 4294 4669 
3 4292 4294 4670 
3 4671 4292 4670 
3 4291 4292 4671 
3 4672 4291 4671 
3 4288 4291 4672 
3 4673 4288 4672 
3 4286 4288 4673 
3 4674 4286 4673 
3 4285 4286 4674 
3 4675 4285 4674 
3 4282 4285 4675 
3 4676 4282 4675 
3 4280 4282 4676 
3 4585 4280 4676 
3 4279 4585 4572 
3 4279 4280 4585 
3 4451 4572 4543 
3 4451 4279 4572 
3 4276 4543 4544 
3 4276 4451 4543 
3 4274 4544 4547 
3 4274 4276 4544 
3 4263 4547 4550 
3 4263 4274 4547 
3 4264 4550 4565 
3 4264 4263 4550 
3 4261 4565 4571 
3 4261 4264 4565 
3 4267 4571 4574 
3 4267 4261 4571 
3 4266 4574 4577 
3 4266 4267 4574 
3 4406 4595 4409 
3 4677 4595 4406 
3 4407 4677 4406 
3 4678 4677 4407 
3 4401 4678 4407 
3 4679 4678 4401 
3 4680 4595 4677 
3 4680 4594 4595 
3 4681 4677 4678 
3 4681 4680 4677 
3 4682 4678 4679 
3 4682 4681 4678 
3 4683 4577 4576 
3 4452 4577 4683 
3 4452 4266 4577 
3 2805 4679 4401 
3 2816 4679 2805 
3 2816 4682 4679 
3 4684 4592 4593 
3 4270 4452 4683 
3 4685 4686 4687 
3 4685 4688 4686 
3 4689 4686 4688 
3 4690 4689 4688 
3 4691 4685 4687 
3 4692 4685 4691 
3 4693 4685 4692 
3 4693 4688 4685 
3 4694 4692 4691 
3 4695 4694 4691 
3 3850 4695 4691 
3 3851 4691 4687 
3 3851 3850 4691 
3 4202 3851 4687 
3 4205 4687 4686 
3 4205 4202 4687 
3 4215 4686 4689 
3 4215 4205 4686 
3 4214 4215 4689 
3 4696 4689 4690 
3 4696 4214 4689 
3 4697 4688 4693 
3 4697 4690 4688 
3 4698 4690 4697 
3 4698 4696 4690 
3 4213 4214 4696 
3 4699 4696 4698 
3 4699 4213 4696 
3 3849 4695 3850 
3 4700 4695 3849 
3 4700 4694 4695 
3 3852 3851 4202 
3 4211 4213 4699 
3 3862 4700 3849 
3 4701 4702 4703 
3 4701 4704 4702 
3 4705 4702 4704 
3 4706 4705 4704 
3 4707 4704 4701 
3 4708 4704 4707 
3 4708 4706 4704 
3 4709 4702 4705 
3 4710 4703 4702 
3 4711 4702 4709 
3 4711 4710 4702 
3 4712 4711 4709 
3 4713 4711 4712 
3 4714 4711 4713 
3 4714 4710 4711 
3 4715 4710 4714 
3 4716 4710 4715 
3 4716 4703 4710 
3 4717 4703 4716 
3 4717 4701 4703 
3 4718 4701 4717 
3 4718 4707 4701 
3 4719 4708 4707 
3 4720 4707 4718 
3 4720 4719 4707 
3 4721 4706 4708 
3 4722 4708 4719 
3 4722 4721 4708 
3 4723 4719 4720 
3 4724 4722 4719 
3 4723 4724 4719 
3 4725 4723 4720 
3 4726 4720 4718 
3 4726 4725 4720 
3 4727 4718 4717 
3 4727 4726 4718 
3 4728 4717 4716 
3 4728 4727 4717 
3 4729 4716 4715 
3 4729 4728 4716 
3 4730 4715 4714 
3 4731 4715 4730 
3 4731 4729 4715 
3 4732 4721 4722 
3 4733 4722 4724 
3 4733 4732 4722 
3 4734 4733 4724 
3 4735 4724 4723 
3 4735 4734 4724 
3 4736 4723 4725 
3 4736 4735 4723 
3 4737 4736 4725 
3 4738 4725 4726 
3 4738 4737 4725 
3 4739 4726 4727 
3 4739 4738 4726 
3 4740 4738 4739 
3 4741 4738 4740 
3 4741 4737 4738 
3 4742 4737 4741 
3 4742 4743 4737 
3 4744 4741 4740 
3 4745 4741 4744 
3 4745 4742 4741 
3 4743 4736 4737 
3 4746 4742 4745 
3 4747 4742 4746 
3 4747 4743 4742 
3 4748 4736 4743 
3 4748 4735 4736 
3 4749 4743 4747 
3 4750 4743 4749 
3 4750 4748 4743 
3 4751 4735 4748 
3 4751 4734 4735 
3 4752 4748 4750 
3 4752 4751 4748 
3 4753 4750 4749 
3 4754 4750 4753 
3 4754 4752 4750 
3 4755 4734 4751 
3 4756 4751 4752 
3 4756 4755 4751 
3 4757 4752 4754 
3 4757 4756 4752 
3 4758 4754 4753 
3 4759 4754 4758 
3 4759 4757 4754 
3 4760 4734 4755 
3 4760 4733 4734 
3 4761 4755 4756 
3 4762 4755 4761 
3 4762 4760 4755 
3 4763 4756 4757 
3 4763 4761 4756 
3 4764 4761 4763 
3 4765 4761 4764 
3 4765 4762 4761 
3 4766 4733 4760 
3 4766 4732 4733 
3 4767 4760 4762 
3 4767 4766 4760 
3 4768 4762 4765 
3 4768 4767 4762 
3 4769 4757 4759 
3 4769 4763 4757 
3 4770 4763 4769 
3 4770 4764 4763 
3 4771 4764 4770 
3 4771 4765 4764 
3 4772 4765 4771 
3 4772 4768 4765 
3 4773 4759 4758 
3 4774 4759 4773 
3 4774 4769 4759 
3 4775 4769 4774 
3 4775 4770 4769 
3 4776 4770 4775 
3 4776 4771 4770 
3 4777 4774 4773 
3 4778 4774 4777 
3 4778 4775 4774 
3 4779 4775 4778 
3 4779 4776 4775 
3 4780 4772 4771 
3 4781 4771 4776 
3 4781 4780 4771 
3 4782 4776 4779 
3 4782 4781 4776 
3 4783 4782 4779 
3 4784 4779 4778 
3 4784 4783 4779 
3 4785 4784 4778 
3 4786 4778 4777 
3 4786 4785 4778 
3 4787 4777 4773 
3 4787 4786 4777 
3 4788 4773 4758 
3 4788 4787 4773 
3 4789 4758 4753 
3 4789 4788 4758 
3 4790 4753 4749 
3 4790 4789 4753 
3 4791 4749 4747 
3 4791 4790 4749 
3 4792 4747 4746 
3 4792 4791 4747 
3 4793 4727 4728 
3 4793 4739 4727 
3 4794 4728 4729 
3 4794 4793 4728 
3 4795 4729 4731 
3 4795 4794 4729 
3 4796 4714 4713 
3 4797 4730 4796 
3 4796 4730 4714 
3 4798 4730 4797 
3 4798 4731 4730 
3 4799 4731 4798 
3 4799 4795 4731 
3 4800 4789 4790 
3 4801 4789 4800 
3 4801 4788 4789 
3 4802 4788 4801 
3 4802 4787 4788 
3 4803 4787 4802 
3 4803 4786 4787 
3 4804 4786 4803 
3 4804 4785 4786 
3 4805 4801 4800 
3 4806 4801 4805 
3 4806 4802 4801 
3 4807 4802 4806 
3 4807 4803 4802 
3 4808 4806 4805 
3 4809 4806 4808 
3 4809 4807 4806 
3 4810 4790 4791 
3 4810 4800 4790 
3 4811 4800 4810 
3 4811 4805 4800 
3 4812 4805 4811 
3 4812 4808 4805 
3 4813 4809 4808 
3 4814 4808 4812 
3 4814 4813 4808 
3 4815 4803 4807 
3 4815 4804 4803 
3 4816 4807 4809 
3 4816 4815 4807 
3 4817 4809 4813 
3 4817 4816 4809 
3 4818 4813 4814 
3 4819 4813 4818 
3 4819 4817 4813 
3 4820 4791 4792 
3 4820 4810 4791 
3 4821 4713 4712 
3 4822 4713 4821 
3 4822 4796 4713 
3 4823 4796 4822 
3 4823 4797 4796 
3 4824 4797 4823 
3 4824 4825 4797 
3 4825 4798 4797 
3 4826 4798 4825 
3 4826 4799 4798 
3 4827 4822 4821 
3 4828 4822 4827 
3 4828 4823 4822 
3 4829 4823 4828 
3 4829 4824 4823 
3 4830 4824 4829 
3 4830 4825 4824 
3 4831 4825 4830 
3 4831 4826 4825 
3 4832 4831 4830 
3 4833 4832 4830 
3 4834 4830 4829 
3 4834 4833 4830 
3 4835 4829 4828 
3 4835 4834 4829 
3 4836 4828 4827 
3 4836 4835 4828 
3 4837 4833 4834 
3 4838 4834 4835 
3 4838 4837 4834 
3 4839 4835 4836 
3 4839 4838 4835 
3 4840 4833 4837 
3 4841 4840 4837 
3 4842 4837 4838 
3 4842 4841 4837 
3 4843 4838 4839 
3 4843 4842 4838 
3 4844 4780 4781 
3 4845 4781 4782 
3 4845 4844 4781 
3 4846 4782 4783 
3 4846 4845 4782 
3 4847 4810 4820 
3 4847 4811 4810 
3 4848 4833 4840 
3 4849 4848 4840 
3 4850 4840 4841 
3 4850 4849 4840 
3 4851 4848 4849 
3 4852 4851 4849 
3 4853 4849 4850 
3 4853 4852 4849 
3 4854 4833 4848 
3 4854 4832 4833 
3 4855 4848 4851 
3 4855 4854 4848 
3 4856 4851 4852 
3 4856 4855 4851 
3 4857 4856 4852 
3 4858 4852 4853 
3 4858 4857 4852 
3 4859 4811 4847 
3 4859 4812 4811 
3 4860 4844 4845 
3 4861 4845 4846 
3 4861 4860 4845 
3 4862 4841 4842 
3 4862 4850 4841 
3 4863 4850 4862 
3 4863 4853 4850 
3 4864 4853 4863 
3 4864 4858 4853 
3 4865 4812 4859 
3 4865 4814 4812 
3 4866 4842 4843 
3 4866 4862 4842 
3 4867 4814 4865 
3 4867 4818 4814 
3 4868 4862 4866 
3 4868 4863 4862 
3 4869 4863 4868 
3 4869 4864 4863 
3 4870 4819 4818 
3 4871 4818 4867 
3 4871 4870 4818 
3 4872 4868 4866 
3 4873 4868 4872 
3 4873 4869 4868 
3 4874 4856 4857 
3 4476 4872 4866 
3 4477 4866 4843 
3 4477 4476 4866 
3 4478 4843 4839 
3 4478 4477 4843 
3 4479 4839 4836 
3 4479 4478 4839 
3 4480 4836 4827 
3 4480 4479 4836 
3 4481 4827 4821 
3 4481 4480 4827 
3 4482 4821 4712 
3 4482 4481 4821 
3 4483 4712 4709 
3 4483 4482 4712 
3 4484 4709 4705 
3 4484 4483 4709 
3 4485 4705 4706 
3 4485 4484 4705 
3 4486 4706 4721 
3 4486 4485 4706 
3 4487 4721 4732 
3 4487 4486 4721 
3 4488 4732 4766 
3 4488 4487 4732 
3 4489 4766 4767 
3 4489 4488 4766 
3 4490 4767 4768 
3 4490 4489 4767 
3 4491 4768 4772 
3 4491 4490 4768 
3 4492 4772 4780 
3 4492 4491 4772 
3 4493 4780 4844 
3 4493 4492 4780 
3 4494 4844 4860 
3 4494 4493 4844 
3 4270 4739 4793 
3 4270 4740 4739 
3 4683 4740 4270 
3 4683 4744 4740 
3 4576 4744 4683 
3 4576 4745 4744 
3 4575 4745 4576 
3 4575 4746 4745 
3 4578 4746 4575 
3 4578 4792 4746 
3 4579 4792 4578 
3 4579 4820 4792 
3 4268 4793 4794 
3 4268 4270 4793 
3 3809 4794 4795 
3 3809 4268 4794 
3 3807 4795 4799 
3 3807 3809 4795 
3 4875 4785 4804 
3 4876 4785 4875 
3 4876 4784 4785 
3 4877 4784 4876 
3 4877 4783 4784 
3 4878 4783 4877 
3 4878 4846 4783 
3 3806 4799 4826 
3 3806 3807 4799 
3 3805 4826 4831 
3 3805 3806 4826 
3 3804 4831 4832 
3 3804 3805 4831 
3 3803 4832 4854 
3 3803 3804 4832 
3 4879 4846 4878 
3 4879 4861 4846 
3 4580 4820 4579 
3 4580 4847 4820 
3 4581 4847 4580 
3 4581 4859 4847 
3 3798 4854 4855 
3 3798 3803 4854 
3 3797 4855 4856 
3 3797 3798 4855 
3 3808 4856 4874 
3 3808 3797 4856 
3 4582 4859 4581 
3 4582 4865 4859 
3 3406 4857 4858 
3 3400 4858 4864 
3 3400 3406 4858 
3 4583 4865 4582 
3 4583 4867 4865 
3 4592 4867 4583 
3 4592 4871 4867 
3 4880 4804 4815 
3 4880 4875 4804 
3 4881 4815 4816 
3 4881 4880 4815 
3 4882 4816 4817 
3 4882 4881 4816 
3 4883 4817 4819 
3 4883 4882 4817 
3 4884 4819 4870 
3 4884 4883 4819 
3 4885 4870 4871 
3 4885 4884 4870 
3 4684 4871 4592 
3 4684 4885 4871 
3 3401 4864 4869 
3 3401 3400 4864 
3 4495 4494 4860 
3 4496 4860 4861 
3 4496 4495 4860 
3 4497 4861 4879 
3 4497 4496 4861 
3 3390 4857 3406 
3 3390 4874 4857 
3 3409 4869 4873 
3 3409 3401 4869 
3 4475 4872 4476 
3 4475 4873 4872 
3 3410 4873 4475 
3 3410 3409 4873 
3 3419 4874 3390 
3 3419 3808 4874 
3 3060 4886 3058 
3 3062 4887 3060 
3 3062 4888 4887 
3 4889 4890 4891 
3 4892 4888 4889 
3 4890 3066 4893 
3 4888 3064 4890 
3 4894 4895 4896 
3 4891 4893 4894 
3 4895 3070 4897 
3 4893 3068 4895 
3 4896 4897 4898 
3 4897 3072 4899 
3 4900 4901 4902 
3 4898 4899 4900 
3 4901 3076 4903 
3 4899 3074 4901 
3 4904 4905 4906 
3 4902 4903 4904 
3 4905 3079 4907 
3 4903 3078 4905 
3 4908 4907 3084 
3 3086 4909 3084 
3 3088 4910 3086 
3 3090 4911 3088 
3 3092 4912 3090 
3 3094 4913 3092 
3 3096 4914 3094 
3 3098 4915 3096 
3 3100 4916 3098 
3 3102 4917 3100 
3 3104 4918 3102 
3 3104 4919 4918 
3 4920 4919 4921 
3 4919 3106 4922 
3 4923 4924 4925 
3 4921 4922 4923 
3 4924 3110 4926 
3 4922 3108 4924 
3 4925 4926 4927 
3 4926 3112 4928 
3 4929 4930 4931 
3 4927 4928 4929 
3 4930 3116 4932 
3 4928 3114 4930 
3 4933 4934 4935 
3 4931 4932 4933 
3 4934 3120 4936 
3 4932 3118 4934 
3 4935 4936 4937 
3 4936 3122 4938 
3 4939 3124 3126 
3 3128 4940 3126 
3 3130 4941 3128 
3 3132 4942 3130 
3 3134 4943 3132 
3 3136 4944 3134 
3 3138 4945 3136 
3 3140 4946 3138 
3 3142 4947 3140 
3 3144 4948 3142 
3 3146 4949 3144 
3 3148 4950 3146 
3 3151 4951 3148 
3 3154 4952 3151 
3 3154 4953 4952 
3 4954 4955 4956 
3 4957 4953 4954 
3 4955 3160 4958 
3 4953 3157 4955 
3 4959 4960 4961 
3 4956 4958 4959 
3 4960 3166 4962 
3 4958 3163 4960 
3 4961 4962 4963 
3 4962 3169 4964 
3 4965 4966 4967 
3 4963 4964 4965 
3 4966 3175 4968 
3 4964 3172 4966 
3 3181 4969 3178 
3 3184 4970 3181 
3 3187 4971 3184 
3 3187 4972 4971 
3 4973 4972 4974 
3 4972 3202 4975 
3 4209 4976 3772 
3 4976 4977 4978 
3 4209 4211 4976 
3 3770 4978 3739 
3 4978 4979 4980 
3 3739 4980 3740 
3 4980 4981 4982 
3 3741 4983 3742 
3 3740 4982 3741 
3 4983 4984 4985 
3 4982 4986 4983 
3 3743 4987 3744 
3 3742 4985 3743 
3 4987 4988 4989 
3 4985 4990 4987 
3 3744 4989 3760 
3 4989 4991 4992 
3 3761 4993 3234 
3 3760 4992 3761 
3 4993 4994 4995 
3 4992 4996 4993 
3 3232 4997 3224 
3 3234 4995 3232 
3 4997 4998 4999 
3 4995 5000 4997 
3 3224 4999 3220 
3 4999 5001 5002 
3 3219 5003 3218 
3 3220 5002 3219 
3 5003 5004 5005 
3 5002 5006 5003 
3 3217 5007 3216 
3 3218 5005 3217 
3 5007 5008 5009 
3 5005 5010 5007 
3 3216 5009 3027 
3 5009 5011 5012 
3 3214 5013 3212 
3 3027 5012 3214 
3 5013 5014 4975 
3 5012 5015 5013 
3 5014 5013 5015 
3 4974 4975 5014 
3 5013 3214 5012 
3 4975 3212 5013 
3 5015 5012 5011 
3 5012 3027 5009 
3 5008 5007 5010 
3 5011 5009 5008 
3 5007 3217 5005 
3 5009 3216 5007 
3 5004 5003 5006 
3 5010 5005 5004 
3 5003 3219 5002 
3 5005 3218 5003 
3 5006 5002 5001 
3 5002 3220 4999 
3 4998 4997 5000 
3 5001 4999 4998 
3 4997 3232 4995 
3 4999 3224 4997 
3 4994 4993 4996 
3 5000 4995 4994 
3 4993 3761 4992 
3 4995 3234 4993 
3 4996 4992 4991 
3 4992 3760 4989 
3 4988 4987 4990 
3 4991 4989 4988 
3 4987 3743 4985 
3 4989 3744 4987 
3 4984 4983 4986 
3 4990 4985 4984 
3 4983 3741 4982 
3 4985 3742 4983 
3 4986 4982 4981 
3 4982 3740 4980 
3 4981 4980 4979 
3 4980 3739 4978 
3 4977 4976 4211 
3 4979 4978 4977 
3 4976 4978 3770 
3 4976 3770 3772 
3 3212 4975 3202 
3 4975 4974 4972 
3 3202 4972 3187 
3 4972 4973 4971 
3 4970 3184 4971 
3 4969 3181 4970 
3 4967 4968 4969 
3 4968 3178 4969 
3 3175 4966 3172 
3 3178 4968 3175 
3 4966 4965 4964 
3 4968 4967 4966 
3 3172 4964 3169 
3 4964 4963 4962 
3 3166 4960 3163 
3 3169 4962 3166 
3 4960 4959 4958 
3 4962 4961 4960 
3 3160 4955 3157 
3 3163 4958 3160 
3 4955 4954 4953 
3 4958 4956 4955 
3 3157 4953 3154 
3 4953 4957 4952 
3 4951 3151 4952 
3 4950 3148 4951 
3 4949 3146 4950 
3 4948 3144 4949 
3 4947 3142 4948 
3 4946 3140 4947 
3 4945 3138 4946 
3 4944 3136 4945 
3 4943 3134 4944 
3 4942 3132 4943 
3 4941 3130 4942 
3 4940 3128 4941 
3 4939 3126 4940 
3 4937 4938 4939 
3 4938 3124 4939 
3 3124 4938 3122 
3 4938 4937 4936 
3 3120 4934 3118 
3 3122 4936 3120 
3 4934 4933 4932 
3 4936 4935 4934 
3 3116 4930 3114 
3 3118 4932 3116 
3 4930 4929 4928 
3 4932 4931 4930 
3 3114 4928 3112 
3 4928 4927 4926 
3 3110 4924 3108 
3 3112 4926 3110 
3 4924 4923 4922 
3 4926 4925 4924 
3 3108 4922 3106 
3 4922 4921 4919 
3 3106 4919 3104 
3 4919 4920 4918 
3 4917 3102 4918 
3 4916 3100 4917 
3 4915 3098 4916 
3 4914 3096 4915 
3 4913 3094 4914 
3 4912 3092 4913 
3 4911 3090 4912 
3 4910 3088 4911 
3 4909 3086 4910 
3 4908 3084 4909 
3 4906 4907 4908 
3 4907 3082 3084 
3 3079 4905 3078 
3 3082 4907 3079 
3 4905 4904 4903 
3 4907 4906 4905 
3 3076 4901 3074 
3 3078 4903 3076 
3 4901 4900 4899 
3 4903 4902 4901 
3 3074 4899 3072 
3 4899 4898 4897 
3 3070 4895 3068 
3 3072 4897 3070 
3 4895 4894 4893 
3 4897 4896 4895 
3 3066 4890 3064 
3 3068 4893 3066 
3 4890 4889 4888 
3 4893 4891 4890 
3 3064 4888 3062 
3 4888 4892 4887 
3 4886 3060 4887 
3 4498 3058 4886 
3 5016 5017 5018 
3 5018 5019 5016 
3 5020 5021 5022 
3 5022 5023 5020 
3 5024 5025 5026 
3 5024 5027 5025 
3 5028 5025 5027 
3 5021 5029 5028 
3 5030 5028 5027 
3 5022 5028 5030 
3 5022 5021 5028 
3 5031 5021 5020 
3 5032 5021 5031 
3 5029 5021 5032 
3 5029 5025 5028 
3 5033 5025 5029 
3 5033 5026 5025 
3 5034 5027 5024 
3 5035 5034 5024 
3 5036 5024 5026 
3 5036 5035 5024 
3 5037 5026 5033 
3 5037 5036 5026 
3 5038 5029 5032 
3 5039 5029 5038 
3 5039 5033 5029 
3 5040 5033 5039 
3 5040 5037 5033 
3 5041 5038 5032 
3 5042 5038 5041 
3 5043 5038 5042 
3 5043 5039 5038 
3 5044 5039 5043 
3 5044 5040 5039 
3 5045 5044 5043 
3 5046 5043 5042 
3 5046 5045 5043 
3 5047 5045 5046 
3 5048 5045 5047 
3 5049 5048 5047 
3 5050 5049 5047 
3 5051 5049 5050 
3 5052 5051 5050 
3 5053 5052 5050 
3 5054 5052 5053 
3 5055 5051 5052 
3 5056 5052 5054 
3 5056 5055 5052 
3 5057 5056 5054 
3 5058 5056 5057 
3 5059 5056 5058 
3 5059 5055 5056 
3 5060 5054 5053 
3 5061 5054 5060 
3 5061 5057 5054 
3 5062 5058 5057 
3 5063 5057 5061 
3 5063 5062 5057 
3 5064 5058 5062 
3 5065 5062 5063 
3 5065 5064 5062 
3 5066 5058 5064 
3 5066 5059 5058 
3 5067 5066 5064 
3 5068 5067 5064 
3 5069 5064 5065 
3 5069 5068 5064 
3 5070 5068 5069 
3 5071 5067 5068 
3 5072 5068 5070 
3 5072 5071 5068 
3 5073 5061 5060 
3 5074 5061 5073 
3 5074 5063 5061 
3 5075 5063 5074 
3 5075 5065 5063 
3 5076 5065 5075 
3 5076 5069 5065 
3 5077 5069 5076 
3 5077 5070 5069 
3 5078 5072 5070 
3 5079 5070 5077 
3 5079 5078 5070 
3 5080 5071 5072 
3 5081 5072 5078 
3 5081 5080 5072 
3 5082 5074 5073 
3 5083 5074 5082 
3 5083 5075 5074 
3 5084 5075 5083 
3 5084 5076 5075 
3 5085 5076 5084 
3 5085 5077 5076 
3 5086 5077 5085 
3 5086 5079 5077 
3 5087 5081 5078 
3 5088 5078 5079 
3 5088 5087 5078 
3 5089 5079 5086 
3 5089 5088 5079 
3 5090 5080 5081 
3 5091 5081 5087 
3 5091 5090 5081 
3 5092 5087 5088 
3 5092 5091 5087 
3 5093 5088 5089 
3 5093 5092 5088 
3 5094 5091 5092 
3 5095 5092 5093 
3 5095 5094 5092 
3 5096 5091 5094 
3 5097 5096 5094 
3 5098 5094 5095 
3 5098 5097 5094 
3 5099 5096 5097 
3 5100 5099 5097 
3 5101 5097 5098 
3 5101 5100 5097 
3 5102 5091 5096 
3 5102 5090 5091 
3 5103 5096 5099 
3 5103 5102 5096 
3 5104 5099 5100 
3 5105 5099 5104 
3 5105 5103 5099 
3 5106 5105 5104 
3 5107 5106 5104 
3 5108 5104 5100 
3 5108 5107 5104 
3 5109 5100 5101 
3 5109 5108 5100 
3 5110 5108 5109 
3 5111 5108 5110 
3 5111 5107 5108 
3 5112 5106 5107 
3 5113 5107 5111 
3 5113 5112 5107 
3 5114 5111 5110 
3 5115 5111 5114 
3 5115 5113 5111 
3 5116 5115 5114 
3 5117 5115 5116 
3 5117 5118 5115 
3 5118 5113 5115 
3 5119 5118 5117 
3 5120 5117 5116 
3 5121 5117 5120 
3 5121 5119 5117 
3 5122 5118 5119 
3 5123 5119 5121 
3 5123 5124 5119 
3 5125 5123 5121 
3 5126 5121 5120 
3 5126 5125 5121 
3 5124 5122 5119 
3 5127 5124 5123 
3 5128 5123 5125 
3 5128 5127 5123 
3 5129 5128 5125 
3 5130 5125 5126 
3 5130 5129 5125 
3 5131 5127 5128 
3 5132 5128 5129 
3 5132 5131 5128 
3 5133 5132 5129 
3 5134 5133 5129 
3 5135 5129 5130 
3 5135 5134 5129 
3 5136 5113 5118 
3 5136 5112 5113 
3 5137 5118 5122 
3 5137 5136 5118 
3 5138 5122 5124 
3 5138 5137 5122 
3 5139 5124 5127 
3 5139 5138 5124 
3 5140 5127 5131 
3 5140 5139 5127 
3 5141 5131 5132 
3 5141 5140 5131 
3 5142 5132 5133 
3 5142 5141 5132 
3 5143 5142 5133 
3 5144 5133 5134 
3 5144 5143 5133 
3 5145 5144 5134 
3 5146 5134 5135 
3 5146 5145 5134 
3 5147 5142 5143 
3 5148 5143 5144 
3 5148 5147 5143 
3 5149 5144 5145 
3 5149 5148 5144 
3 5150 5149 5145 
3 5151 5145 5146 
3 5151 5150 5145 
3 5152 5044 5045 
3 5153 5040 5044 
3 5152 5153 5044 
3 5154 5045 5048 
3 5154 5152 5045 
3 5155 5048 5049 
3 5155 5154 5048 
3 5156 5049 5051 
3 5156 5155 5049 
3 5157 5032 5031 
3 5157 5041 5032 
3 5158 5051 5055 
3 5158 5156 5051 
3 5159 5055 5059 
3 5159 5158 5055 
3 5160 5059 5066 
3 5160 5159 5059 
3 5161 5150 5151 
3 5162 5150 5161 
3 5162 5149 5150 
3 5163 5149 5162 
3 5163 5148 5149 
3 5164 5163 5162 
3 5165 5164 5162 
3 5166 5162 5161 
3 5166 5165 5162 
3 5167 5148 5163 
3 5167 5147 5148 
3 5168 5163 5164 
3 5168 5167 5163 
3 5169 5168 5164 
3 5170 5164 5165 
3 5170 5169 5164 
3 5171 5170 5165 
3 5172 5165 5166 
3 5172 5171 5165 
3 5173 5169 5170 
3 5174 5170 5171 
3 5174 5173 5170 
3 5175 5174 5171 
3 5176 5171 5172 
3 5176 5175 5171 
3 5177 5173 5174 
3 5178 5174 5175 
3 5178 5177 5174 
3 5179 5178 5175 
3 5180 5175 5176 
3 5180 5179 5175 
3 5181 5177 5178 
3 5182 5178 5179 
3 5182 5181 5178 
3 5183 5182 5179 
3 5184 5179 5180 
3 5184 5183 5179 
3 5185 5182 5183 
3 5186 5182 5185 
3 5186 5181 5182 
3 5187 5185 5183 
3 5188 5183 5184 
3 5188 5187 5183 
3 5189 5187 5188 
3 5190 5187 5189 
3 5191 5187 5190 
3 5191 5185 5187 
3 5192 5185 5191 
3 5192 5186 5185 
3 5193 5190 5189 
3 5194 5190 5193 
3 5194 5191 5190 
3 5195 5191 5194 
3 5195 5192 5191 
3 5196 5195 5194 
3 5197 5196 5194 
3 5198 5194 5193 
3 5198 5197 5194 
3 5199 5196 5197 
3 5200 5199 5197 
3 5201 5197 5198 
3 5201 5200 5197 
3 5202 5199 5200 
3 5203 5202 5200 
3 5204 5200 5201 
3 5204 5203 5200 
3 5205 5202 5203 
3 5206 5205 5203 
3 5207 5203 5204 
3 5207 5206 5203 
3 5208 5205 5206 
3 5209 5206 5207 
3 5210 5206 5209 
3 5210 5208 5206 
3 5211 5208 5210 
3 5212 5211 5210 
3 5213 5210 5209 
3 5213 5212 5210 
3 5214 5213 5209 
3 5215 5209 5207 
3 5215 5214 5209 
3 5216 5207 5204 
3 5216 5215 5207 
3 5217 5204 5201 
3 5217 5216 5204 
3 5218 5201 5198 
3 5218 5217 5201 
3 5219 5198 5193 
3 5219 5218 5198 
3 5220 5193 5189 
3 5220 5219 5193 
3 5221 5189 5188 
3 5221 5220 5189 
3 5222 5188 5184 
3 5222 5221 5188 
3 5223 5184 5180 
3 5223 5222 5184 
3 5224 5180 5176 
3 5224 5223 5180 
3 5225 5176 5172 
3 5225 5224 5176 
3 5226 5172 5166 
3 5226 5225 5172 
3 5227 5166 5161 
3 5227 5226 5166 
3 5228 5161 5151 
3 5228 5227 5161 
3 5229 5151 5146 
3 5229 5228 5151 
3 5230 5146 5135 
3 5230 5229 5146 
3 5231 5135 5130 
3 5231 5230 5135 
3 5232 5130 5126 
3 5232 5231 5130 
3 5233 5126 5120 
3 5233 5232 5126 
3 5234 5120 5116 
3 5234 5233 5120 
3 5235 5116 5114 
3 5235 5234 5116 
3 5236 5114 5110 
3 5236 5235 5114 
3 5237 5110 5109 
3 5237 5236 5110 
3 5238 5109 5101 
3 5238 5237 5109 
3 5239 5101 5098 
3 5239 5238 5101 
3 5240 5098 5095 
3 5240 5239 5098 
3 5241 5095 5093 
3 5241 5240 5095 
3 5242 5093 5089 
3 5242 5241 5093 
3 5243 5089 5086 
3 5243 5242 5089 
3 5244 5086 5085 
3 5244 5243 5086 
3 5245 5085 5084 
3 5245 5244 5085 
3 5246 5084 5083 
3 5246 5245 5084 
3 5247 5083 5082 
3 5247 5246 5083 
3 5248 5066 5067 
3 5248 5160 5066 
3 5249 5067 5071 
3 5249 5248 5067 
3 5250 5071 5080 
3 5250 5249 5071 
3 5251 5080 5090 
3 5251 5250 5080 
3 5252 5090 5102 
3 5252 5251 5090 
3 5253 5031 5020 
3 5253 5157 5031 
3 5023 5254 5020 
3 5255 5022 5030 
3 5255 5023 5022 
3 5256 5030 5027 
3 5257 5030 5256 
3 5257 5255 5030 
3 5258 5027 5034 
3 5258 5256 5027 
3 5259 5257 5256 
3 5260 5256 5258 
3 5260 5259 5256 
3 5261 5102 5103 
3 5261 5252 5102 
3 5262 5103 5105 
3 5262 5261 5103 
3 5263 5105 5106 
3 5263 5262 5105 
3 5264 5214 5215 
3 5265 5215 5216 
3 5265 5264 5215 
3 5266 5216 5217 
3 5266 5265 5216 
3 5267 5217 5218 
3 5267 5266 5217 
3 5268 5218 5219 
3 5268 5267 5218 
3 5269 5219 5220 
3 5269 5268 5219 
3 5270 5220 5221 
3 5270 5269 5220 
3 5271 5221 5222 
3 5271 5270 5221 
3 5272 5222 5223 
3 5272 5271 5222 
3 5273 5223 5224 
3 5273 5272 5223 
3 5274 5224 5225 
3 5274 5273 5224 
3 5275 5225 5226 
3 5275 5274 5225 
3 5276 5226 5227 
3 5276 5275 5226 
3 5277 5227 5228 
3 5277 5276 5227 
3 5278 5228 5229 
3 5278 5277 5228 
3 5279 5229 5230 
3 5279 5278 5229 
3 5280 5230 5231 
3 5280 5279 5230 
3 5281 5231 5232 
3 5281 5280 5231 
3 5282 5232 5233 
3 5282 5281 5232 
3 5283 5233 5234 
3 5283 5282 5233 
3 5284 5234 5235 
3 5284 5283 5234 
3 5285 5235 5236 
3 5285 5284 5235 
3 5286 5236 5237 
3 5286 5285 5236 
3 5287 5237 5238 
3 5287 5286 5237 
3 5288 5238 5239 
3 5288 5287 5238 
3 5289 5239 5240 
3 5289 5288 5239 
3 5290 5240 5241 
3 5290 5289 5240 
3 5291 5241 5242 
3 5291 5290 5241 
3 5292 5242 5243 
3 5292 5291 5242 
3 5293 5243 5244 
3 5293 5292 5243 
3 5294 5244 5245 
3 5294 5293 5244 
3 5295 5245 5246 
3 5295 5294 5245 
3 5296 5246 5247 
3 5296 5295 5246 
3 5297 5214 5264 
3 5298 5214 5297 
3 5298 5213 5214 
3 5299 5213 5298 
3 5299 5212 5213 
3 5300 5211 5212 
3 5301 5212 5299 
3 5301 5300 5212 
3 5302 5300 5301 
3 5303 5302 5301 
3 5304 5301 5299 
3 5304 5303 5301 
3 5305 5299 5298 
3 5305 5304 5299 
3 5306 5298 5297 
3 5306 5305 5298 
3 5307 5302 5303 
3 5308 5307 5303 
3 5309 5303 5304 
3 5309 5308 5303 
3 5310 5304 5305 
3 5310 5309 5304 
3 5311 5305 5306 
3 5311 5310 5305 
3 5312 5307 5308 
3 5313 5312 5308 
3 5314 5308 5309 
3 5314 5313 5308 
3 5315 5309 5310 
3 5315 5314 5309 
3 5316 5310 5311 
3 5316 5315 5310 
3 5317 5312 5313 
3 5318 5313 5314 
3 5318 5317 5313 
3 5319 5314 5315 
3 5319 5318 5314 
3 5320 5315 5316 
3 5320 5319 5315 
3 5321 5318 5319 
3 5322 5319 5320 
3 5322 5321 5319 
3 5323 5318 5321 
3 5324 5323 5321 
3 5325 5321 5322 
3 5325 5324 5321 
3 5326 5318 5323 
3 5326 5317 5318 
3 5327 5323 5324 
3 5327 5326 5323 
3 5328 5327 5324 
3 5329 5324 5325 
3 5329 5328 5324 
3 5330 5327 5328 
3 5331 5330 5328 
3 5332 5328 5329 
3 5332 5331 5328 
3 5333 5330 5331 
3 5334 5333 5331 
3 5335 5331 5332 
3 5335 5334 5331 
3 5336 5333 5334 
3 5337 5336 5334 
3 5338 5334 5335 
3 5338 5337 5334 
3 5339 5336 5337 
3 5340 5339 5337 
3 5341 5337 5338 
3 5341 5340 5337 
3 5342 5339 5340 
3 5343 5340 5341 
3 5344 5340 5343 
3 5344 5342 5340 
3 5345 5342 5344 
3 5346 5344 5343 
3 5347 5344 5346 
3 5347 5345 5344 
3 5348 5345 5347 
3 5349 5348 5347 
3 5350 5347 5346 
3 5350 5349 5347 
3 5351 5350 5346 
3 5352 5346 5343 
3 5352 5351 5346 
3 5353 5343 5341 
3 5353 5352 5343 
3 5354 5341 5338 
3 5354 5353 5341 
3 5355 5338 5335 
3 5355 5354 5338 
3 5356 5335 5332 
3 5356 5355 5335 
3 5357 5332 5329 
3 5357 5356 5332 
3 5358 5350 5351 
3 5359 5350 5358 
3 5359 5349 5350 
3 5360 5348 5349 
3 5361 5349 5359 
3 5361 5360 5349 
3 5362 5360 5361 
3 5363 5362 5361 
3 5364 5361 5359 
3 5364 5363 5361 
3 5365 5359 5358 
3 5365 5364 5359 
3 5366 5365 5358 
3 5367 5358 5351 
3 5367 5366 5358 
3 5368 5351 5352 
3 5368 5367 5351 
3 5369 5352 5353 
3 5369 5368 5352 
3 5370 5353 5354 
3 5370 5369 5353 
3 5371 5354 5355 
3 5371 5370 5354 
3 5372 5355 5356 
3 5372 5371 5355 
3 5373 5356 5357 
3 5373 5372 5356 
3 5374 5329 5325 
3 5374 5357 5329 
3 5375 5325 5322 
3 5375 5374 5325 
3 5376 5322 5320 
3 5376 5375 5322 
3 5377 5357 5374 
3 5377 5373 5357 
3 5378 5374 5375 
3 5378 5377 5374 
3 5379 5375 5376 
3 5379 5378 5375 
3 5380 5365 5366 
3 5381 5365 5380 
3 5381 5364 5365 
3 5382 5364 5381 
3 5382 5363 5364 
3 5383 5362 5363 
3 5384 5363 5382 
3 5384 5383 5363 
3 5385 5381 5380 
3 5386 5381 5385 
3 5386 5382 5381 
3 5387 5382 5386 
3 5387 5384 5382 
3 5388 5383 5384 
3 5389 5384 5387 
3 5389 5388 5384 
3 5390 5388 5389 
3 5391 5390 5389 
3 5392 5389 5387 
3 5392 5391 5389 
3 5393 5387 5386 
3 5393 5392 5387 
3 5394 5386 5385 
3 5394 5393 5386 
3 5395 5390 5391 
3 5396 5395 5391 
3 5397 5391 5392 
3 5397 5396 5391 
3 5398 5392 5393 
3 5398 5397 5392 
3 5399 5393 5394 
3 5399 5398 5393 
3 5400 5395 5396 
3 5401 5396 5397 
3 5401 5400 5396 
3 5402 5397 5398 
3 5402 5401 5397 
3 5403 5398 5399 
3 5403 5402 5398 
3 5404 5400 5401 
3 5405 5401 5402 
3 5405 5404 5401 
3 5406 5402 5403 
3 5406 5405 5402 
3 5407 5405 5406 
3 5408 5405 5407 
3 5409 5405 5408 
3 5409 5404 5405 
3 5410 5408 5407 
3 5411 5408 5410 
3 5412 5408 5411 
3 5412 5409 5408 
3 5413 5411 5410 
3 5414 5412 5411 
3 5415 5411 5413 
3 5415 5414 5411 
3 5416 5415 5413 
3 5417 5414 5415 
3 5418 5415 5416 
3 5418 5417 5415 
3 5419 5418 5416 
3 5420 5417 5418 
3 5421 5418 5419 
3 5421 5420 5418 
3 5422 5421 5419 
3 5423 5420 5421 
3 5424 5421 5422 
3 5424 5423 5421 
3 5425 5424 5422 
3 5426 5423 5424 
3 5427 5424 5425 
3 5427 5426 5424 
3 5428 5427 5425 
3 5429 5426 5427 
3 5430 5427 5428 
3 5430 5429 5427 
3 5431 5430 5428 
3 5432 5429 5430 
3 5433 5430 5431 
3 5433 5432 5430 
3 5434 5433 5431 
3 5435 5432 5433 
3 5436 5433 5434 
3 5436 5435 5433 
3 5437 5436 5434 
3 5438 5435 5436 
3 5017 5436 5437 
3 5017 5438 5436 
3 5439 5017 5437 
3 5440 5018 5439 
3 5018 5017 5439 
3 5441 5017 5016 
3 5441 5438 5017 
3 5442 5441 5016 
3 5443 5442 5016 
3 5019 5443 5016 
3 5444 5018 5440 
3 5444 5019 5018 
3 5445 5442 5443 
3 5446 5445 5443 
3 5447 5443 5019 
3 5447 5446 5443 
3 5448 5019 5444 
3 5448 5447 5019 
3 5449 5444 5440 
3 5450 5444 5449 
3 5450 5448 5444 
3 5451 5320 5316 
3 5451 5376 5320 
3 5452 5316 5311 
3 5452 5451 5316 
3 5453 5311 5306 
3 5453 5452 5311 
3 5454 5440 5439 
3 5454 5449 5440 
3 5455 5439 5437 
3 5455 5454 5439 
3 5456 5437 5434 
3 5456 5455 5437 
3 5457 5434 5431 
3 5457 5456 5434 
3 5458 5431 5428 
3 5458 5457 5431 
3 5459 5428 5425 
3 5459 5458 5428 
3 5460 5425 5422 
3 5460 5459 5425 
3 5461 5422 5419 
3 5461 5460 5422 
3 5462 5419 5416 
3 5462 5461 5419 
3 5463 5416 5413 
3 5463 5462 5416 
3 5464 5413 5410 
3 5464 5463 5413 
3 5465 5410 5407 
3 5465 5464 5410 
3 5466 5407 5406 
3 5466 5465 5407 
3 5467 5406 5403 
3 5467 5466 5406 
3 5468 5403 5399 
3 5468 5467 5403 
3 5469 5306 5297 
3 5469 5453 5306 
3 5470 5297 5264 
3 5470 5469 5297 
3 5471 5264 5265 
3 5471 5470 5264 
3 5472 5265 5266 
3 5472 5471 5265 
3 5473 5266 5267 
3 5473 5472 5266 
3 5474 5267 5268 
3 5474 5473 5267 
3 5475 5268 5269 
3 5475 5474 5268 
3 5476 5269 5270 
3 5476 5475 5269 
3 5477 5270 5271 
3 5477 5476 5270 
3 5478 5271 5272 
3 5478 5477 5271 
3 5479 5272 5273 
3 5479 5478 5272 
3 5480 5273 5274 
3 5480 5479 5273 
3 5481 5274 5275 
3 5481 5480 5274 
3 5482 5275 5276 
3 5482 5481 5275 
3 5483 5276 5277 
3 5483 5482 5276 
3 5484 5277 5278 
3 5484 5483 5277 
3 5485 5278 5279 
3 5485 5484 5278 
3 5486 5279 5280 
3 5486 5485 5279 
3 5487 5280 5281 
3 5487 5486 5280 
3 5488 5399 5394 
3 5488 5468 5399 
3 5489 5394 5385 
3 5489 5488 5394 
3 5490 5385 5380 
3 5490 5489 5385 
3 5491 5380 5366 
3 5491 5490 5380 
3 5492 5366 5367 
3 5492 5491 5366 
3 5493 5367 5368 
3 5493 5492 5367 
3 5494 5368 5369 
3 5494 5493 5368 
3 5495 5369 5370 
3 5495 5494 5369 
3 5496 5370 5371 
3 5496 5495 5370 
3 5497 5371 5372 
3 5497 5496 5371 
3 5498 5372 5373 
3 5498 5497 5372 
3 5499 5373 5377 
3 5499 5498 5373 
3 5500 5377 5378 
3 5500 5499 5377 
3 5501 5378 5379 
3 5501 5500 5378 
3 5502 5376 5451 
3 5502 5379 5376 
3 5503 5379 5502 
3 5503 5501 5379 
3 5504 5451 5452 
3 5504 5502 5451 
3 5505 5502 5504 
3 5505 5503 5502 
3 5506 5452 5453 
3 5506 5504 5452 
3 5507 5504 5506 
3 5507 5505 5504 
3 5508 5453 5469 
3 5508 5506 5453 
3 5509 5506 5508 
3 5509 5507 5506 
3 5510 5469 5470 
3 5510 5508 5469 
3 5511 5508 5510 
3 5511 5509 5508 
3 5512 5470 5471 
3 5512 5510 5470 
3 5513 5510 5512 
3 5513 5511 5510 
3 5514 5471 5472 
3 5514 5512 5471 
3 5515 5512 5514 
3 5515 5513 5512 
3 5516 5472 5473 
3 5516 5514 5472 
3 5517 5473 5474 
3 5517 5516 5473 
3 5518 5514 5516 
3 5518 5515 5514 
3 5519 5516 5517 
3 5519 5518 5516 
3 5520 5474 5475 
3 5520 5517 5474 
3 5521 5517 5520 
3 5521 5519 5517 
3 5522 5475 5476 
3 5522 5520 5475 
3 5523 5520 5522 
3 5523 5521 5520 
3 5524 5476 5477 
3 5524 5522 5476 
3 5525 5522 5524 
3 5525 5523 5522 
3 5526 5477 5478 
3 5526 5524 5477 
3 5527 5524 5526 
3 5527 5525 5524 
3 5528 5478 5479 
3 5528 5526 5478 
3 5529 5526 5528 
3 5529 5527 5526 
3 5530 5479 5480 
3 5530 5528 5479 
3 5531 5528 5530 
3 5531 5529 5528 
3 5532 5480 5481 
3 5532 5530 5480 
3 5533 5530 5532 
3 5533 5531 5530 
3 5534 5481 5482 
3 5534 5532 5481 
3 5535 5532 5534 
3 5535 5533 5532 
3 5536 5482 5483 
3 5536 5534 5482 
3 5537 5534 5536 
3 5537 5535 5534 
3 5538 5483 5484 
3 5538 5536 5483 
3 5539 5536 5538 
3 5539 5537 5536 
3 5540 5040 5153 
3 5540 5037 5040 
3 5541 5281 5282 
3 5541 5487 5281 
3 5542 5484 5485 
3 5542 5538 5484 
3 5543 5485 5486 
3 5543 5542 5485 
3 5544 5486 5487 
3 5544 5543 5486 
3 5545 5487 5541 
3 5545 5544 5487 
3 5546 5538 5542 
3 5546 5539 5538 
3 5547 5542 5543 
3 5547 5546 5542 
3 5548 5543 5544 
3 5548 5547 5543 
3 5549 5544 5545 
3 5549 5548 5544 
3 5550 5282 5283 
3 5550 5541 5282 
3 5551 5541 5550 
3 5551 5545 5541 
3 5552 5545 5551 
3 5552 5549 5545 
3 5553 5283 5284 
3 5553 5550 5283 
3 5554 5550 5553 
3 5554 5551 5550 
3 5555 5551 5554 
3 5555 5552 5551 
3 5556 5284 5285 
3 5556 5553 5284 
3 5557 5553 5556 
3 5557 5554 5553 
3 5558 5554 5557 
3 5558 5555 5554 
3 5559 5285 5286 
3 5559 5556 5285 
3 5560 5556 5559 
3 5560 5557 5556 
3 5561 5557 5560 
3 5561 5558 5557 
3 5562 5286 5287 
3 5562 5559 5286 
3 5563 5559 5562 
3 5563 5560 5559 
3 5564 5560 5563 
3 5564 5561 5560 
3 5565 5287 5288 
3 5565 5562 5287 
3 5566 5562 5565 
3 5566 5563 5562 
3 5567 5563 5566 
3 5567 5564 5563 
3 5568 5288 5289 
3 5568 5565 5288 
3 5569 5565 5568 
3 5569 5566 5565 
3 5570 5566 5569 
3 5570 5567 5566 
3 5571 5289 5290 
3 5571 5568 5289 
3 5572 5290 5291 
3 5572 5571 5290 
3 5573 5291 5292 
3 5573 5572 5291 
3 5574 5292 5293 
3 5574 5573 5292 
3 5575 5568 5571 
3 5575 5569 5568 
3 5576 5571 5572 
3 5576 5575 5571 
3 5577 5572 5573 
3 5577 5576 5572 
3 5578 5573 5574 
3 5578 5577 5573 
3 5579 5293 5294 
3 5579 5574 5293 
3 5580 5574 5579 
3 5580 5578 5574 
3 5581 5294 5295 
3 5581 5579 5294 
3 5582 5295 5296 
3 5582 5581 5295 
3 5583 5569 5575 
3 5583 5570 5569 
3 5584 5575 5576 
3 5584 5583 5575 
3 5585 5576 5577 
3 5585 5584 5576 
3 5586 5577 5578 
3 5586 5585 5577 
3 5587 5578 5580 
3 5587 5586 5578 
3 5588 5579 5581 
3 5588 5580 5579 
3 5589 5580 5588 
3 5589 5587 5580 
3 5590 5448 5450 
3 5591 5448 5590 
3 5591 5447 5448 
3 5592 5447 5591 
3 5592 5446 5447 
3 5593 5592 5591 
3 5594 5593 5591 
3 5595 5591 5590 
3 5595 5594 5591 
3 5596 5581 5582 
3 5596 5588 5581 
3 5597 5588 5596 
3 5597 5589 5588 
3 5598 5037 5540 
3 5598 5036 5037 
3 5254 5253 5020 
3 5599 5254 5023 
3 5600 5023 5255 
3 5600 5599 5023 
3 5601 5255 5257 
3 5601 5600 5255 
3 5602 5599 5600 
3 5603 5600 5601 
3 5603 5602 5600 
3 5604 5257 5259 
3 5604 5601 5257 
3 5605 5601 5604 
3 5605 5603 5601 
3 5606 5446 5592 
3 5606 5445 5446 
3 5607 5592 5593 
3 5607 5606 5592 
3 5608 5593 5594 
3 5608 5607 5593 
3 5609 5606 5607 
3 5610 5607 5608 
3 5610 5609 5607 
3 5611 5608 5594 
3 5612 5608 5611 
3 5612 5610 5608 
3 5613 5594 5595 
3 5613 5611 5594 
3 5614 5602 5603 
3 5615 5603 5605 
3 5615 5614 5603 
3 5616 5259 5260 
3 5617 5259 5616 
3 5617 5604 5259 
3 5618 5604 5617 
3 5618 5605 5604 
3 5619 5605 5618 
3 5619 5615 5605 
3 5620 5036 5598 
3 5620 5035 5036 
3 5621 5614 5615 
3 5622 5615 5619 
3 5622 5621 5615 
3 5623 5611 5613 
3 5624 5611 5623 
3 5624 5612 5611 
3 5625 5624 5623 
3 5626 5624 5625 
3 5627 5626 5625 
3 5628 5626 5627 
3 5629 5628 5627 
3 5630 5628 5629 
3 5631 5630 5629 
3 5632 5630 5631 
3 5633 5630 5632 
3 5634 5633 5632 
3 5635 5633 5634 
3 5636 5635 5634 
3 5637 5635 5636 
3 5638 5637 5636 
3 5639 5637 5638 
3 5640 5639 5638 
3 5641 5639 5640 
3 5642 5641 5640 
3 5643 5641 5642 
3 5644 5643 5642 
3 5645 5643 5644 
3 5646 5645 5644 
3 5647 5645 5646 
3 5648 5647 5646 
3 5649 5648 5646 
3 5650 5648 5649 
3 5651 5650 5649 
3 5652 5621 5622 
3 5653 5112 5136 
3 5653 5106 5112 
3 5653 5263 5106 
3 5654 5263 5653 
3 5655 5136 5137 
3 5655 5653 5136 
3 4974 5137 5138 
3 4974 5655 5137 
3 4973 5138 5139 
3 4973 4974 5138 
3 4971 4973 5139 
3 4970 5139 5140 
3 4970 4971 5139 
3 4969 5140 5141 
3 4969 4970 5140 
3 4967 5141 5142 
3 4967 4969 5141 
3 4965 5142 5147 
3 4965 4967 5142 
3 4963 5147 5167 
3 4963 4965 5147 
3 4961 5167 5168 
3 4961 4963 5167 
3 4959 5168 5169 
3 4959 4961 5168 
3 4956 5169 5173 
3 4956 4959 5169 
3 4954 5173 5177 
3 4954 4956 5173 
3 4957 5177 5181 
3 4957 4954 5177 
3 4952 5181 5186 
3 4952 4957 5181 
3 4951 5186 5192 
3 4951 4952 5186 
3 4950 5192 5195 
3 4950 4951 5192 
3 4949 5195 5196 
3 4949 4950 5195 
3 4948 5196 5199 
3 4948 4949 5196 
3 4947 5199 5202 
3 4947 4948 5199 
3 4946 5202 5205 
3 4946 4947 5202 
3 4945 5205 5208 
3 4945 4946 5205 
3 4944 5208 5211 
3 4944 4945 5208 
3 4943 5211 5300 
3 4943 4944 5211 
3 4942 5300 5302 
3 4942 4943 5300 
3 4941 5302 5307 
3 4941 4942 5302 
3 4940 5307 5312 
3 4940 4941 5307 
3 4939 5312 5317 
3 4939 4940 5312 
3 4937 5317 5326 
3 4937 4939 5317 
3 4935 5326 5327 
3 4935 4937 5326 
3 4933 5327 5330 
3 4933 4935 5327 
3 4931 5330 5333 
3 4931 4933 5330 
3 4929 5333 5336 
3 4929 4931 5333 
3 4927 5336 5339 
3 4927 4929 5336 
3 4925 5339 5342 
3 4925 4927 5339 
3 4923 5342 5345 
3 4923 4925 5342 
3 4921 5345 5348 
3 4921 4923 5345 
3 4920 5348 5360 
3 4920 4921 5348 
3 4918 5360 5362 
3 4918 4920 5360 
3 4917 5362 5383 
3 4917 4918 5362 
3 4916 5383 5388 
3 4916 4917 5383 
3 4915 5388 5390 
3 4915 4916 5388 
3 4914 5390 5395 
3 4914 4915 5390 
3 4913 5395 5400 
3 4913 4914 5395 
3 4912 5400 5404 
3 4912 4913 5400 
3 4911 5404 5409 
3 4911 4912 5404 
3 4910 5409 5412 
3 4910 4911 5409 
3 4909 5412 5414 
3 4909 4910 5412 
3 4908 5414 5417 
3 4908 4909 5414 
3 4906 5417 5420 
3 4906 4908 5417 
3 4904 5420 5423 
3 4904 4906 5420 
3 4902 5423 5426 
3 4902 4904 5423 
3 4900 5426 5429 
3 4900 4902 5426 
3 4898 5429 5432 
3 4898 4900 5429 
3 4896 5432 5435 
3 4896 4898 5432 
3 4894 5435 5438 
3 4894 4896 5435 
3 4891 5438 5441 
3 4891 4894 5438 
3 4889 5441 5442 
3 4889 4891 5441 
3 4892 5442 5445 
3 4892 4889 5442 
3 4887 5445 5606 
3 4887 4892 5445 
3 4886 5606 5609 
3 4886 4887 5606 
3 4498 4886 5609 
3 4503 5609 5610 
3 4503 4498 5609 
3 4501 5610 5612 
3 4501 4503 5610 
3 4499 5612 5624 
3 4499 4501 5612 
3 4504 5624 5626 
3 4504 4499 5624 
3 4513 5626 5628 
3 4513 4504 5626 
3 4510 5628 5630 
3 4510 4513 5628 
3 4697 5258 5034 
3 4698 5034 5035 
3 4698 4697 5034 
3 4885 5047 5046 
3 4885 5050 5047 
3 4684 5050 4885 
3 4684 5053 5050 
3 4593 5053 4684 
3 4593 5060 5053 
3 4591 5060 4593 
3 4591 5073 5060 
3 4590 5073 4591 
3 4590 5082 5073 
3 4699 5035 5620 
3 4699 4698 5035 
3 4589 5082 4590 
3 4589 5247 5082 
3 4884 5046 5042 
3 4884 4885 5046 
3 4883 5042 5041 
3 4883 4884 5042 
3 4882 5041 5157 
3 4882 4883 5041 
3 4881 5157 5253 
3 4881 4882 5157 
3 5015 5263 5654 
3 5011 5263 5015 
3 5011 5262 5263 
3 5008 5262 5011 
3 5008 5261 5262 
3 5010 5261 5008 
3 5010 5252 5261 
3 5004 5252 5010 
3 5004 5251 5252 
3 5006 5251 5004 
3 5006 5250 5251 
3 5001 5250 5006 
3 5001 5249 5250 
3 4998 5249 5001 
3 4998 5248 5249 
3 5000 5248 4998 
3 5000 5160 5248 
3 4994 5160 5000 
3 4994 5159 5160 
3 4996 5159 4994 
3 4996 5158 5159 
3 4991 5158 4996 
3 4991 5156 5158 
3 4988 5156 4991 
3 4988 5155 5156 
3 4990 5155 4988 
3 4990 5154 5155 
3 4984 5154 4990 
3 4984 5152 5154 
3 4986 5152 4984 
3 4986 5153 5152 
3 4981 5153 4986 
3 4981 5540 5153 
3 4880 5253 5254 
3 4880 4881 5253 
3 4875 5254 5599 
3 4875 4880 5254 
3 4876 5599 5602 
3 4876 4875 5599 
3 4877 5602 5614 
3 4877 4876 5602 
3 4680 5646 5644 
3 4681 5646 4680 
3 4681 5649 5646 
3 4588 5247 4589 
3 4588 5296 5247 
3 4508 5630 5633 
3 4508 4510 5630 
3 4521 5633 5635 
3 4521 4508 5633 
3 4979 5540 4981 
3 4979 5598 5540 
3 4587 5296 4588 
3 4587 5582 5296 
3 4586 5582 4587 
3 4586 5596 5582 
3 4518 5635 5637 
3 4518 4521 5635 
3 4584 5596 4586 
3 4584 5597 5596 
3 4594 5644 5642 
3 4594 4680 5644 
3 4596 5642 5640 
3 4596 4594 5642 
3 4597 5640 5638 
3 4597 4596 5640 
3 4598 5638 5636 
3 4598 4597 5638 
3 4599 5636 5634 
3 4599 4598 5636 
3 4600 5634 5632 
3 4600 4599 5634 
3 4601 5632 5631 
3 4601 4600 5632 
3 4602 5631 5629 
3 4602 4601 5631 
3 4603 5629 5627 
3 4603 4602 5629 
3 4604 5627 5625 
3 4604 4603 5627 
3 4605 5625 5623 
3 4605 4604 5625 
3 4606 5623 5613 
3 4606 4605 5623 
3 4607 5613 5595 
3 4607 4606 5613 
3 4608 5595 5590 
3 4608 4607 5595 
3 4609 5590 5450 
3 4609 4608 5590 
3 4610 5450 5449 
3 4610 4609 5450 
3 4611 5449 5454 
3 4611 4610 5449 
3 4612 5454 5455 
3 4612 4611 5454 
3 4613 5455 5456 
3 4613 4612 5455 
3 4614 5456 5457 
3 4614 4613 5456 
3 4615 5457 5458 
3 4615 4614 5457 
3 4616 5458 5459 
3 4616 4615 5458 
3 4617 5459 5460 
3 4617 4616 5459 
3 4618 5460 5461 
3 4618 4617 5460 
3 4619 5461 5462 
3 4619 4618 5461 
3 4620 5462 5463 
3 4620 4619 5462 
3 4621 5463 5464 
3 4621 4620 5463 
3 4622 5464 5465 
3 4622 4621 5464 
3 4623 5465 5466 
3 4623 4622 5465 
3 4624 5466 5467 
3 4624 4623 5466 
3 4625 5467 5468 
3 4625 4624 5467 
3 4626 5468 5488 
3 4626 4625 5468 
3 4627 5488 5489 
3 4627 4626 5488 
3 4628 5489 5490 
3 4628 4627 5489 
3 4629 5490 5491 
3 4629 4628 5490 
3 4630 5491 5492 
3 4630 4629 5491 
3 4631 5492 5493 
3 4631 4630 5492 
3 4632 5493 5494 
3 4632 4631 5493 
3 4633 5494 5495 
3 4633 4632 5494 
3 4634 5495 5496 
3 4634 4633 5495 
3 4635 5496 5497 
3 4635 4634 5496 
3 4636 5497 5498 
3 4636 4635 5497 
3 4637 5498 5499 
3 4637 4636 5498 
3 4638 5499 5500 
3 4638 4637 5499 
3 4639 5500 5501 
3 4639 4638 5500 
3 4640 5501 5503 
3 4640 4639 5501 
3 4641 5503 5505 
3 4641 4640 5503 
3 4642 5505 5507 
3 4642 4641 5505 
3 4643 5507 5509 
3 4643 4642 5507 
3 4644 5509 5511 
3 4644 4643 5509 
3 4645 5511 5513 
3 4645 4644 5511 
3 4646 5513 5515 
3 4646 4645 5513 
3 4647 5515 5518 
3 4647 4646 5515 
3 4648 5518 5519 
3 4648 4647 5518 
3 4649 5519 5521 
3 4649 4648 5519 
3 4650 5521 5523 
3 4650 4649 5521 
3 4651 5523 5525 
3 4651 4650 5523 
3 4652 5525 5527 
3 4652 4651 5525 
3 4653 5527 5529 
3 4653 4652 5527 
3 4654 5529 5531 
3 4654 4653 5529 
3 4655 5531 5533 
3 4655 4654 5531 
3 4656 5533 5535 
3 4656 4655 5533 
3 4657 5535 5537 
3 4657 4656 5535 
3 4658 5537 5539 
3 4658 4657 5537 
3 4659 5539 5546 
3 4659 4658 5539 
3 4660 5546 5547 
3 4660 4659 5546 
3 4661 5547 5548 
3 4661 4660 5547 
3 4662 5548 5549 
3 4662 4661 5548 
3 4663 5549 5552 
3 4663 4662 5549 
3 4664 5552 5555 
3 4664 4663 5552 
3 4665 5555 5558 
3 4665 4664 5555 
3 4666 5558 5561 
3 4666 4665 5558 
3 4667 5561 5564 
3 4667 4666 5561 
3 4668 5564 5567 
3 4668 4667 5564 
3 4669 5567 5570 
3 4669 4668 5567 
3 4670 5570 5583 
3 4670 4669 5570 
3 4671 5583 5584 
3 4671 4670 5583 
3 4672 5584 5585 
3 4672 4671 5584 
3 4673 5585 5586 
3 4673 4672 5585 
3 4674 5586 5587 
3 4674 4673 5586 
3 4675 5587 5589 
3 4675 4674 5587 
3 4676 5589 5597 
3 4676 4675 5589 
3 4977 5598 4979 
3 4977 5620 5598 
3 4516 5637 5639 
3 4516 4518 5637 
3 4585 5597 4584 
3 4585 4676 5597 
3 4533 5639 5641 
3 4533 4516 5639 
3 4535 5641 5643 
3 4535 4533 5641 
3 4528 5643 5645 
3 4528 4535 5643 
3 4526 5645 5647 
3 4526 4528 5645 
3 4878 5614 5621 
3 4878 4877 5614 
3 4682 5649 4681 
3 4682 5651 5649 
3 4523 5647 5648 
3 4523 4526 5647 
3 2903 5648 5650 
3 2903 4523 5648 
3 4879 5621 5652 
3 4879 4878 5621 
3 4693 5258 4697 
3 4693 5260 5258 
3 4692 5260 4693 
3 4692 5616 5260 
3 4694 5616 4692 
3 4694 5617 5616 
3 4700 5617 4694 
3 4700 5618 5617 
3 3862 5618 4700 
3 3862 5619 5618 
3 3863 5619 3862 
3 3863 5622 5619 
3 4211 5620 4977 
3 4211 4699 5620 
3 2904 2903 5650 
3 3242 5650 5651 
3 3242 2904 5650 
3 2816 5651 4682 
3 2816 3242 5651 
3 3864 5622 3863 
3 3864 5652 5622 
3 4497 5652 3864 
3 4497 4879 5652 
3 5014 5015 5654 
3 5655 5654 5653 
3 5655 5014 5654 
3 4974 5014 5655 
3 2081 2759 2079 
3 2084 2083 5656 
3 2084 5656 2819 
3 2083 2102 5656 
3 2819 5656 5657 
3 2819 5657 2820 
3 2759 2756 5658 
3 2759 5658 2079 
3 2080 2079 5659 
3 2080 5659 2107 
3 2107 5659 2104 
3 2820 5657 5660 
3 2820 5660 2758 
3 2758 5660 2756 
3 2756 5660 5658 
3 2079 5658 5659 
3 5656 2102 5657 
3 2102 2104 5661 
3 2102 5661 5657 
3 2104 5659 5661 
3 5657 5661 5660 
3 5658 5660 5661 
3 5658 5661 5659 
3 2107 2104 2105 
3 5653 5662 5655 
3 5662 4974 5655 
3 5662 5653 5655 
3 5655 4974 5662 
3 2089 2090 2804 
3 2819 2809 2084 
3 2084 2809 2082 
3 2082 2809 5663 
3 2082 5663 2098 
3 2809 2808 5663 
3 2098 5663 5664 
3 2098 5664 2096 
3 2096 5664 5665 
3 2096 5665 2094 
3 2094 5665 5666 
3 2094 5666 2092 
3 2092 5666 5667 
3 2092 5667 2090 
3 2090 5667 2804 
3 2804 5667 2803 
3 5667 5666 2803 
3 2803 5666 2807 
3 5666 5665 2807 
3 2807 5665 2808 
3 2808 5665 5664 
3 2808 5664 5663 
3 4402 2398 2311 
3 5668 4404 4402 
3 2313 5668 2311 
3 2818 2817 5668 
3 2412 2818 2313 
3 5668 2313 2818 
3 4404 5668 2817 
3 2311 5668 4402 
3 5669 5670 5671 
3 2112 5671 5672 
3 5670 5673 5671 
3 5674 5673 5670 
3 5675 5670 5669 
3 5676 5677 5678 
3 5675 5676 5679 
3 5680 5681 5677 
3 5682 5680 5676 
3 5675 5682 5676 
3 5676 5680 5677 
3 5674 5675 5679 
3 5679 5676 5678 
3 5682 5675 5669 
3 5675 5674 5670 
3 5672 5671 5673 
3 5672 2831 2830 
3 5672 2830 2112 
3 3198 5683 3199 
3 5684 5685 5686 
3 5687 5686 5688 
3 5687 5688 5689 
3 5686 5685 5688 
3 5685 3200 5688 
3 5688 3200 5690 
3 5688 5690 5689 
3 5689 5690 5683 
3 5690 3200 3199 
3 5690 3199 5683 
3 5678 5687 5679 
3 2831 5672 3195 
3 5687 5689 5691 
3 5687 5691 5679 
3 5679 5691 5674 
3 3195 5672 5692 
3 3195 5692 3198 
3 3198 5692 5683 
3 5672 5673 5692 
3 5689 5683 5693 
3 5689 5693 5691 
3 5683 5692 5693 
3 5692 5673 5693 
3 5693 5673 5674 
3 5693 5674 5691 
3 2112 2110 5671 
3 2110 2109 5694 
3 2110 5694 5671 
3 5671 5694 5695 
3 5671 5695 5669 
3 5669 5695 5696 
3 5669 5696 5682 
3 2109 2105 5697 
3 2109 5697 5694 
3 2105 2103 5698 
3 2105 5698 5697 
3 2103 2101 5699 
3 2103 5699 5698 
3 2101 2100 5700 
3 2101 5700 5699 
3 2100 2099 5701 
3 2100 5701 5700 
3 2099 2097 5702 
3 2099 5702 5701 
3 2097 2095 5703 
3 2097 5703 5702 
3 2095 2093 5704 
3 2095 5704 5703 
3 2093 2091 5705 
3 2093 5705 5704 
3 2091 5706 5705 
3 5682 5696 5707 
3 5682 5707 5680 
3 5680 5707 5708 
3 5680 5708 5681 
3 5681 5708 5709 
3 5709 5708 5710 
3 5709 5710 5711 
3 5711 5710 5712 
3 5711 5712 5713 
3 5713 5712 5714 
3 5713 5714 5715 
3 5715 5714 5716 
3 5715 5716 5717 
3 5717 5716 5718 
3 5717 5718 5719 
3 5719 5718 5720 
3 5706 5721 5722 
3 5706 5722 5705 
3 5721 5723 5724 
3 5721 5724 5722 
3 5723 5725 5724 
3 5725 5726 5727 
3 5725 5727 5724 
3 5726 5728 5727 
3 5728 5729 5730 
3 5728 5730 5727 
3 5729 5731 5732 
3 5729 5732 5730 
3 5731 5733 5734 
3 5731 5734 5732 
3 5733 5735 5736 
3 5733 5736 5734 
3 5735 5737 5738 
3 5735 5738 5736 
3 5737 5739 5740 
3 5737 5740 5738 
3 5739 5741 5740 
3 5741 5720 5742 
3 5720 5718 5742 
3 5741 5742 5740 
3 5694 5697 5743 
3 5694 5743 5695 
3 5695 5743 5696 
3 5697 5698 5744 
3 5697 5744 5743 
3 5698 5699 5745 
3 5698 5745 5744 
3 5699 5700 5746 
3 5699 5746 5745 
3 5700 5701 5747 
3 5700 5747 5746 
3 5701 5702 5748 
3 5701 5748 5747 
3 5702 5703 5749 
3 5702 5749 5748 
3 5703 5704 5750 
3 5703 5750 5749 
3 5704 5705 5751 
3 5704 5751 5750 
3 5705 5722 5751 
3 5696 5743 5752 
3 5696 5752 5707 
3 5743 5744 5752 
3 5707 5752 5753 
3 5707 5753 5708 
3 5708 5753 5710 
3 5744 5745 5754 
3 5744 5754 5752 
3 5752 5754 5753 
3 5745 5746 5755 
3 5745 5755 5754 
3 5746 5747 5756 
3 5746 5756 5755 
3 5747 5748 5757 
3 5747 5757 5756 
3 5748 5749 5758 
3 5748 5758 5757 
3 5749 5750 5759 
3 5749 5759 5758 
3 5750 5751 5760 
3 5750 5760 5759 
3 5751 5722 5761 
3 5751 5761 5760 
3 5722 5724 5761 
3 5724 5727 5761 
3 5727 5730 5761 
3 5761 5730 5762 
3 5761 5762 5760 
3 5730 5732 5762 
3 5760 5762 5763 
3 5760 5763 5759 
3 5762 5732 5764 
3 5762 5764 5763 
3 5732 5734 5764 
3 5759 5763 5765 
3 5759 5765 5758 
3 5763 5764 5766 
3 5763 5766 5765 
3 5764 5734 5767 
3 5764 5767 5766 
3 5734 5736 5767 
3 5758 5765 5768 
3 5758 5768 5757 
3 5765 5766 5769 
3 5765 5769 5768 
3 5766 5767 5770 
3 5766 5770 5769 
3 5767 5736 5771 
3 5736 5738 5771 
3 5767 5771 5770 
3 5738 5740 5772 
3 5738 5772 5771 
3 5740 5742 5772 
3 5771 5772 5773 
3 5771 5773 5770 
3 5757 5768 5774 
3 5757 5774 5756 
3 5768 5769 5775 
3 5768 5775 5774 
3 5769 5770 5776 
3 5769 5776 5775 
3 5770 5773 5776 
3 5756 5774 5777 
3 5756 5777 5755 
3 5774 5775 5778 
3 5774 5778 5777 
3 5775 5776 5779 
3 5775 5779 5778 
3 5776 5773 5780 
3 5776 5780 5779 
3 5755 5777 5781 
3 5755 5781 5754 
3 5754 5781 5782 
3 5753 5754 5782 
3 5753 5782 5710 
3 5710 5782 5783 
3 5710 5783 5712 
3 5712 5783 5784 
3 5712 5784 5714 
3 5714 5784 5785 
3 5714 5785 5716 
3 5716 5785 5786 
3 5716 5786 5718 
3 5718 5786 5742 
3 5742 5786 5772 
3 5772 5786 5773 
3 5773 5786 5780 
3 5786 5785 5780 
3 5780 5785 5787 
3 5780 5787 5779 
3 5785 5784 5787 
3 5779 5787 5778 
3 5784 5783 5788 
3 5784 5788 5787 
3 5783 5782 5788 
3 5787 5788 5778 
3 5782 5781 5788 
3 5778 5788 5781 
3 5778 5781 5777 
3 2091 2088 5706 
3 2821 5789 2106 
3 2088 2085 5790 
3 2088 5790 5706 
3 5706 5790 5721 
3 5789 5723 5791 
3 5789 5791 2106 
3 2106 5791 2085 
3 5723 5721 5791 
3 5791 5721 5790 
3 5791 5790 2085 
3 3099 3097 5792 
3 3200 5685 3197 
3 3097 3095 5793 
3 3097 5793 5792 
3 5792 5793 5794 
3 3197 5685 5795 
3 3197 5795 3196 
3 5685 5684 5795 
3 5684 5796 5795 
3 5796 5797 5798 
3 5796 5798 5795 
3 5793 3095 5799 
3 5793 5799 5794 
3 3095 3093 5799 
3 5794 5799 5800 
3 5795 5798 3196 
3 3196 5798 3194 
3 3194 5798 5801 
3 3194 5801 3193 
3 3193 5801 5802 
3 3193 5802 3192 
3 5798 5797 5801 
3 5797 5803 5801 
3 5801 5803 5802 
3 5803 5804 5802 
3 5804 5805 5806 
3 5804 5806 5802 
3 5805 5807 5808 
3 5805 5808 5806 
3 5807 5809 5810 
3 5807 5810 5808 
3 5809 5811 5812 
3 5809 5812 5810 
3 5811 5813 5814 
3 5811 5814 5812 
3 5813 5815 5816 
3 5813 5816 5814 
3 5815 5817 5818 
3 5815 5818 5816 
3 5817 5819 5820 
3 5817 5820 5818 
3 5819 5821 5822 
3 5819 5822 5820 
3 5821 5823 5824 
3 5821 5824 5822 
3 5823 5825 5826 
3 5823 5826 5824 
3 5825 5827 5828 
3 5825 5828 5826 
3 5827 5829 5830 
3 5827 5830 5828 
3 5829 5831 5832 
3 5829 5832 5830 
3 5831 5833 5834 
3 5831 5834 5832 
3 5833 5835 5836 
3 5833 5836 5834 
3 5835 5837 5838 
3 5835 5838 5836 
3 5837 5839 5840 
3 5837 5840 5838 
3 5839 5841 5842 
3 5839 5842 5840 
3 5841 5843 5844 
3 5841 5844 5842 
3 5802 5806 3192 
3 3192 5806 3191 
3 5806 5808 3191 
3 3191 5808 3190 
3 5808 5810 3190 
3 3190 5810 3189 
3 5810 5812 3189 
3 3189 5812 3047 
3 5812 5814 3047 
3 3047 5814 3046 
3 5814 5816 3046 
3 3046 5816 3045 
3 5816 5818 3045 
3 3045 5818 3044 
3 5818 5820 3044 
3 3044 5820 3043 
3 5820 5822 3043 
3 3043 5822 3042 
3 5822 5824 3042 
3 3042 5824 3041 
3 5824 5826 3041 
3 3041 5826 3040 
3 5826 5828 3040 
3 3040 5828 3039 
3 5828 5830 3039 
3 3039 5830 3037 
3 5830 5832 3037 
3 3037 5832 3048 
3 5832 5834 3048 
3 3048 5834 3050 
3 5834 5836 3050 
3 3050 5836 3052 
3 5836 5838 3052 
3 3052 5838 3059 
3 5838 5840 3059 
3 3059 5840 3061 
3 5840 5842 3061 
3 3061 5842 3063 
3 5842 5844 3063 
3 3063 5844 3065 
3 3065 5844 5845 
3 3065 5845 3067 
3 3067 5845 5846 
3 3067 5846 3069 
3 3069 5846 5847 
3 3069 5847 3071 
3 3071 5847 5848 
3 3071 5848 3073 
3 5799 3093 5849 
3 5799 5849 5800 
3 3093 3091 5849 
3 5800 5849 5850 
3 5850 5849 5851 
3 5850 5851 5852 
3 5849 3091 5851 
3 3091 3089 5851 
3 5851 3089 5853 
3 5851 5853 5852 
3 3089 3087 5853 
3 5852 5853 5854 
3 3073 5848 5855 
3 3073 5855 3075 
3 5844 5843 5845 
3 5843 5856 5845 
3 3075 5855 5857 
3 3075 5857 3077 
3 3077 5857 5858 
3 3077 5858 3080 
3 3080 5858 5859 
3 3080 5859 3081 
3 5845 5856 5846 
3 5856 5860 5846 
3 5846 5860 5847 
3 5860 5861 5847 
3 5847 5861 5848 
3 5861 5862 5848 
3 5848 5862 5855 
3 5862 5863 5855 
3 5855 5863 5857 
3 5863 5864 5857 
3 5857 5864 5858 
3 5864 5865 5858 
3 5858 5865 5859 
3 5865 5866 5859 
3 5859 5866 5867 
3 5859 5867 3081 
3 5866 5868 5867 
3 3081 5867 3083 
3 5867 5868 5869 
3 5867 5869 3083 
3 5868 5870 5869 
3 3083 5869 3085 
3 5869 5870 3085 
3 3085 5870 5871 
3 3085 5871 3087 
3 5870 5854 5871 
3 5853 3087 5871 
3 5853 5871 5854 
3 3729 5872 3735 
3 5873 2823 5874 
3 2823 2824 5874 
3 5874 2824 5875 
3 2824 2306 5875 
3 5875 2306 5876 
3 2306 2299 5876 
3 5876 2299 5877 
3 2299 2294 5877 
3 5877 2294 5878 
3 2294 2292 5878 
3 5878 2292 5879 
3 2292 2231 5879 
3 5879 2231 5880 
3 2231 2229 5880 
3 5880 2229 5881 
3 2229 2227 5881 
3 5881 2227 5882 
3 2227 2225 5882 
3 5882 2225 5883 
3 2225 2222 5883 
3 5883 2222 5884 
3 2222 2220 5884 
3 5884 2220 5885 
3 2220 2218 5885 
3 5885 2218 5886 
3 2218 2216 5886 
3 5886 2216 5887 
3 2216 2214 5887 
3 5887 2214 5888 
3 2214 2211 5888 
3 5888 2211 5889 
3 2211 2208 5889 
3 5889 2208 5890 
3 2208 2205 5890 
3 5890 2205 5891 
3 2205 2203 5891 
3 5891 2203 5892 
3 2203 2201 5892 
3 5892 2201 5893 
3 2201 2199 5893 
3 5893 2199 5894 
3 2199 2197 5894 
3 5894 2197 5895 
3 2197 2195 5895 
3 5895 2195 5896 
3 2195 2193 5896 
3 5896 2193 5897 
3 2193 2191 5897 
3 5897 2191 5898 
3 2191 2189 5898 
3 5898 2189 5899 
3 2189 2187 5899 
3 5899 2187 5900 
3 2187 2185 5900 
3 5900 2185 5901 
3 2185 2183 5901 
3 5901 2183 5902 
3 2183 2181 5902 
3 5902 2181 5903 
3 2181 2179 5903 
3 5903 2179 5904 
3 2179 2177 5904 
3 5904 2177 5905 
3 2177 2175 5905 
3 5905 2175 5906 
3 2175 2173 5906 
3 5906 2173 5907 
3 2173 2171 5907 
3 5907 2171 5908 
3 2171 2169 5908 
3 5908 2169 5909 
3 2169 2167 5909 
3 5909 2167 5910 
3 2167 2165 5910 
3 5910 2165 5911 
3 2165 2163 5911 
3 5911 2163 5912 
3 2163 2161 5912 
3 5912 2161 5913 
3 2161 2159 5913 
3 5913 2159 5914 
3 2159 2157 5914 
3 5914 2157 5915 
3 2157 2155 5915 
3 5915 2155 5916 
3 2155 2153 5916 
3 5916 2153 5917 
3 2153 2151 5917 
3 5917 2151 5918 
3 2151 2149 5918 
3 5918 2149 5919 
3 2149 2147 5919 
3 5919 2147 5920 
3 2147 2145 5920 
3 5920 2145 5921 
3 2145 2143 5921 
3 5921 2143 5922 
3 2143 2141 5922 
3 5922 2141 5923 
3 2141 2139 5923 
3 5923 2139 5924 
3 5924 2139 5925 
3 2139 2137 5925 
3 5925 2137 5926 
3 2137 2135 5926 
3 5926 2135 5927 
3 2135 2133 5927 
3 5927 2133 5928 
3 2133 2131 5928 
3 5928 2131 5929 
3 2131 2129 5929 
3 5929 2129 5930 
3 2129 2127 5930 
3 5930 2127 5931 
3 2127 2125 5931 
3 5931 2125 5932 
3 2125 2123 5932 
3 5932 2123 5933 
3 2123 2121 5933 
3 5933 2121 5934 
3 2121 2119 5934 
3 5934 2119 5935 
3 2119 2117 5935 
3 5935 2117 5936 
3 5935 5936 5937 
3 2117 2114 5936 
3 5937 5936 5938 
3 5937 5938 5939 
3 3735 5872 5940 
3 3735 5940 3736 
3 5872 5941 5940 
3 5939 5938 5942 
3 5939 5942 5943 
3 3736 5940 5944 
3 3736 5944 3737 
3 3737 5944 5945 
3 3737 5945 3749 
3 3749 5945 5946 
3 3749 5946 3750 
3 3750 5946 5947 
3 3750 5947 3751 
3 3751 5947 5948 
3 3751 5948 3752 
3 3752 5948 5949 
3 3752 5949 3753 
3 3753 5949 5950 
3 3753 5950 3754 
3 3754 5950 5951 
3 3754 5951 3755 
3 3755 5951 5952 
3 3755 5952 3756 
3 3756 5952 5953 
3 3756 5953 3757 
3 5943 5942 5954 
3 5943 5954 5955 
3 5936 2114 5938 
3 2114 2242 5938 
3 5938 2242 5942 
3 2242 3769 5942 
3 5942 3769 5954 
3 3769 3767 5954 
3 5954 3767 5955 
3 5955 3767 5956 
3 3767 3759 5956 
3 5956 3759 5957 
3 3759 3758 5957 
3 5957 3758 5958 
3 3758 3757 5958 
3 3757 5953 5958 
3 5958 5953 5959 
3 5959 5953 5960 
3 5953 5952 5960 
3 5960 5952 5961 
3 5952 5951 5961 
3 5951 5950 5961 
3 5961 5950 5962 
3 5950 5949 5962 
3 5962 5949 5963 
3 5949 5948 5963 
3 5963 5948 5964 
3 5948 5947 5964 
3 5964 5947 5965 
3 5947 5946 5965 
3 5965 5946 5966 
3 5946 5945 5966 
3 5966 5945 5967 
3 5945 5944 5967 
3 5941 5967 5944 
3 5941 5944 5940 
3 3729 3730 5872 
3 5684 5968 5796 
3 5969 5970 5971 
3 5969 5971 5972 
3 5972 5971 5973 
3 5972 5973 5974 
3 3730 3731 5975 
3 3730 5975 5872 
3 5872 5975 5976 
3 5872 5976 5941 
3 3731 3766 5977 
3 3731 5977 5975 
3 3766 3201 5978 
3 3766 5978 5977 
3 3201 3186 5978 
3 5974 5973 5979 
3 5974 5979 5980 
3 5980 5979 5981 
3 5980 5981 5982 
3 5982 5981 5983 
3 5982 5983 5984 
3 5984 5983 5985 
3 5984 5985 5986 
3 5986 5985 5987 
3 5986 5987 5988 
3 5988 5987 5989 
3 5988 5989 5990 
3 5990 5989 5991 
3 5990 5991 5992 
3 5992 5991 5993 
3 5992 5993 5994 
3 5994 5993 5995 
3 5994 5995 5996 
3 5996 5995 5997 
3 5996 5997 5968 
3 5968 5997 5796 
3 5796 5997 5998 
3 5796 5998 5797 
3 5797 5998 5999 
3 5797 5999 5803 
3 5803 5999 6000 
3 5803 6000 5804 
3 5804 6000 6001 
3 5804 6001 5805 
3 5805 6001 6002 
3 5805 6002 5807 
3 5807 6002 6003 
3 5807 6003 5809 
3 5809 6003 6004 
3 5809 6004 5811 
3 5811 6004 6005 
3 5811 6005 5813 
3 5813 6005 6006 
3 5813 6006 5815 
3 5815 6006 6007 
3 5815 6007 5817 
3 5817 6007 6008 
3 5817 6008 5819 
3 5819 6008 6009 
3 5819 6009 5821 
3 5821 6009 6010 
3 5821 6010 5823 
3 5823 6010 6011 
3 5823 6011 5825 
3 5825 6011 6012 
3 5825 6012 5827 
3 5827 6012 6013 
3 5827 6013 5829 
3 5829 6013 6014 
3 5829 6014 5831 
3 5831 6014 6015 
3 5831 6015 5833 
3 5833 6015 6016 
3 5833 6016 5835 
3 5835 6016 6017 
3 5835 6017 5837 
3 5837 6017 6018 
3 5837 6018 5839 
3 5941 5976 6019 
3 5941 6019 5967 
3 5839 6018 6020 
3 5839 6020 5841 
3 5841 6020 6021 
3 5841 6021 5843 
3 5843 6021 6022 
3 5843 6022 5856 
3 5856 6022 6023 
3 5856 6023 5860 
3 5860 6023 6024 
3 5860 6024 5861 
3 5967 6019 6025 
3 5967 6025 5966 
3 5966 6025 6026 
3 5966 6026 5965 
3 5965 6026 6027 
3 5965 6027 5964 
3 5964 6027 6028 
3 5964 6028 5963 
3 5963 6028 6029 
3 5963 6029 5962 
3 5962 6029 6030 
3 5962 6030 5961 
3 5961 6030 6031 
3 5961 6031 5960 
3 5960 6031 6032 
3 5960 6032 5959 
3 5959 6032 6033 
3 5959 6033 5958 
3 5958 6033 6034 
3 5958 6034 5957 
3 6035 6036 6037 
3 6035 6037 6038 
3 6038 6037 6039 
3 6038 6039 6040 
3 6040 6039 6041 
3 6040 6041 6042 
3 6042 6041 6043 
3 6042 6043 6044 
3 6044 6043 6045 
3 6044 6045 6046 
3 6046 6045 6047 
3 6046 6047 6048 
3 6036 6049 6050 
3 6036 6050 6037 
3 6049 6051 6052 
3 6049 6052 6050 
3 6051 6053 6054 
3 6051 6054 6052 
3 6053 6055 6056 
3 6053 6056 6054 
3 6055 6057 6058 
3 6055 6058 6056 
3 6057 6059 6060 
3 6057 6060 6058 
3 6059 6061 6062 
3 6059 6062 6060 
3 6061 6063 6064 
3 6061 6064 6062 
3 6063 6065 6066 
3 6063 6066 6064 
3 6065 6067 6068 
3 6065 6068 6066 
3 6067 6069 6070 
3 6067 6070 6068 
3 6069 6071 6072 
3 6069 6072 6070 
3 6071 6073 6074 
3 6071 6074 6072 
3 6073 6075 6076 
3 6073 6076 6074 
3 6075 6077 6078 
3 6075 6078 6076 
3 6077 6079 6080 
3 6077 6080 6078 
3 6079 6081 6082 
3 6079 6082 6080 
3 6048 6047 6083 
3 6048 6083 6084 
3 5861 6024 6085 
3 5861 6085 5862 
3 5862 6085 6086 
3 5862 6086 5863 
3 5863 6086 6087 
3 5863 6087 5864 
3 5864 6087 6088 
3 5864 6088 5865 
3 5865 6088 6089 
3 5865 6089 5866 
3 3186 3183 6090 
3 3186 6090 5978 
3 3183 3180 6091 
3 3183 6091 6090 
3 3180 3177 6092 
3 3180 6092 6091 
3 3177 3174 6093 
3 3177 6093 6092 
3 3174 3171 6094 
3 3174 6094 6093 
3 3171 3168 6095 
3 3171 6095 6094 
3 3168 3165 6096 
3 3168 6096 6095 
3 3165 3162 6097 
3 3165 6097 6096 
3 3162 3159 6098 
3 3162 6098 6097 
3 3159 3156 6099 
3 3159 6099 6098 
3 3156 3153 6100 
3 3156 6100 6099 
3 3153 3150 6101 
3 3153 6101 6100 
3 3150 3147 6102 
3 3150 6102 6101 
3 3147 3145 6103 
3 3147 6103 6102 
3 3145 3143 6104 
3 3145 6104 6103 
3 3143 3141 6105 
3 3143 6105 6104 
3 3141 3139 6106 
3 3141 6106 6105 
3 3139 3137 6107 
3 3139 6107 6106 
3 3137 3135 6108 
3 3137 6108 6107 
3 3135 3133 6109 
3 3135 6109 6108 
3 3133 3131 6110 
3 3133 6110 6109 
3 3131 3129 6111 
3 3131 6111 6110 
3 3129 3127 6112 
3 3129 6112 6111 
3 3127 3125 6113 
3 3127 6113 6112 
3 3125 3123 6114 
3 3125 6114 6113 
3 3123 3121 6115 
3 3123 6115 6114 
3 3121 3119 6116 
3 3121 6116 6115 
3 3119 3117 6117 
3 3119 6117 6116 
3 3117 3115 6118 
3 3117 6118 6117 
3 3115 3113 6119 
3 3115 6119 6118 
3 3113 3111 6120 
3 3113 6120 6119 
3 3111 3109 6121 
3 3111 6121 6120 
3 3109 3107 6122 
3 3109 6122 6121 
3 3107 3105 6123 
3 3107 6123 6122 
3 3105 3103 6124 
3 3105 6124 6123 
3 3103 3101 6125 
3 3103 6125 6124 
3 3101 3099 6126 
3 3101 6126 6125 
3 3099 5792 6126 
3 6081 6127 6128 
3 6081 6128 6082 
3 6127 6129 6130 
3 6127 6130 6128 
3 6129 6131 6132 
3 6129 6132 6130 
3 6131 6133 6134 
3 6131 6134 6132 
3 6133 6135 6136 
3 6133 6136 6134 
3 6135 6137 6138 
3 6135 6138 6136 
3 6137 6139 6140 
3 6137 6140 6138 
3 5970 6141 6142 
3 5970 6142 5971 
3 6141 6143 6144 
3 6141 6144 6142 
3 6143 6084 6145 
3 6143 6145 6144 
3 6084 6083 6145 
3 5866 6089 6146 
3 5866 6146 5868 
3 5868 6146 6147 
3 5868 6147 5870 
3 5870 6147 6148 
3 5870 6148 5854 
3 5854 6148 6149 
3 5854 6149 5852 
3 5852 6149 6150 
3 5852 6150 5850 
3 5850 6150 6151 
3 5850 6151 5800 
3 5800 6151 6152 
3 5800 6152 5794 
3 5794 6152 6153 
3 5794 6153 5792 
3 5792 6153 6154 
3 5792 6154 6126 
3 6139 6155 6156 
3 6139 6156 6140 
3 6155 6157 6158 
3 6155 6158 6156 
3 6157 6159 6160 
3 6157 6160 6158 
3 6159 6161 6162 
3 6159 6162 6160 
3 6161 6163 6164 
3 6161 6164 6162 
3 6163 6165 6166 
3 6163 6166 6164 
3 6165 6167 6168 
3 6165 6168 6166 
3 6167 6169 6170 
3 6167 6170 6168 
3 6169 6171 6172 
3 6169 6172 6170 
3 6171 6173 6174 
3 6171 6174 6172 
3 6173 6175 6176 
3 6173 6176 6174 
3 6175 6177 6178 
3 6175 6178 6176 
3 6177 6179 6180 
3 6177 6180 6178 
3 6179 6181 6182 
3 6179 6182 6180 
3 6181 6183 6184 
3 6181 6184 6182 
3 6183 6185 6186 
3 6183 6186 6184 
3 6185 6187 6188 
3 6185 6188 6186 
3 6187 5924 6189 
3 6187 6189 6188 
3 5924 5925 6190 
3 5924 6190 6189 
3 5925 5926 6191 
3 5925 6191 6190 
3 5926 5927 6192 
3 5926 6192 6191 
3 5927 5928 6193 
3 5927 6193 6192 
3 5928 5929 6194 
3 5928 6194 6193 
3 5929 5930 6195 
3 5929 6195 6194 
3 5930 5931 6196 
3 5930 6196 6195 
3 5931 5932 6197 
3 5931 6197 6196 
3 5932 5933 6198 
3 5932 6198 6197 
3 5933 5934 6199 
3 5933 6199 6198 
3 5934 5935 6200 
3 5934 6200 6199 
3 5935 5937 6200 
3 5957 6034 6201 
3 5957 6201 5956 
3 5956 6201 6202 
3 5956 6202 5955 
3 5955 6202 6203 
3 5955 6203 5943 
3 5943 6203 6204 
3 5943 6204 5939 
3 5939 6204 6205 
3 5939 6205 5937 
3 5937 6205 6206 
3 5937 6206 6200 
3 6207 6208 6209 
3 6207 6209 6210 
3 6207 6210 6211 
3 6207 6211 6212 
3 6207 6212 6213 
3 6207 6213 6208 
3 6211 6210 6214 
3 6211 6214 6215 
3 6211 6215 6216 
3 6211 6216 6212 
3 6208 6213 6217 
3 6208 6217 6218 
3 6208 6218 6219 
3 6208 6219 6209 
3 5978 6090 6220 
3 5978 6220 5977 
3 6209 6219 6221 
3 5977 6220 5975 
3 6209 6221 6222 
3 6209 6222 6210 
3 5975 6220 5976 
3 6210 6222 6223 
3 5976 6220 6019 
3 6210 6223 6214 
3 6220 6090 6019 
3 6219 6218 6224 
3 6090 6091 6019 
3 6219 6224 6225 
3 6219 6225 6221 
3 6019 6091 6025 
3 6221 6225 6226 
3 6091 6092 6025 
3 6221 6226 6227 
3 6221 6227 6222 
3 6025 6092 6026 
3 6222 6227 6228 
3 6222 6228 6223 
3 6092 6093 6026 
3 6212 6216 6229 
3 6026 6093 6027 
3 6212 6229 6230 
3 6212 6230 6213 
3 6093 6094 6027 
3 6213 6230 6231 
3 6027 6094 6028 
3 6213 6231 6217 
3 6094 6095 6028 
3 6216 6215 6232 
3 6028 6095 6029 
3 6216 6232 6233 
3 6216 6233 6229 
3 6095 6096 6029 
3 6215 6214 6234 
3 6029 6096 6030 
3 6215 6234 6235 
3 6215 6235 6232 
3 6096 6097 6030 
3 6214 6223 6236 
3 6030 6097 6031 
3 6214 6236 6234 
3 6097 6098 6031 
3 6223 6228 6237 
3 6031 6098 6032 
3 6223 6237 6236 
3 6098 6099 6032 
3 6232 6235 6039 
3 6039 6235 6041 
3 6032 6099 6033 
3 6099 6100 6033 
3 6033 6100 6034 
3 6100 6101 6034 
3 6034 6101 6201 
3 6101 6102 6201 
3 6039 6037 6232 
3 6037 6050 6232 
3 6232 6050 6233 
3 6050 6052 6233 
3 6233 6052 6229 
3 6201 6102 6202 
3 6102 6103 6202 
3 6052 6054 6229 
3 6229 6054 6230 
3 6202 6103 6238 
3 6202 6238 6203 
3 6103 6104 6238 
3 6041 6235 6239 
3 6041 6239 6043 
3 6235 6234 6239 
3 6054 6056 6240 
3 6054 6240 6230 
3 6230 6240 6231 
3 5997 5995 6241 
3 5997 6241 5998 
3 5998 6241 5999 
3 6203 6238 6242 
3 6203 6242 6204 
3 6238 6104 6242 
3 6104 6105 6242 
3 6043 6239 6243 
3 6043 6243 6045 
3 6239 6234 6243 
3 6234 6236 6243 
3 5971 6142 6244 
3 5971 6244 5973 
3 5973 6244 6245 
3 5973 6245 5979 
3 6045 6243 6246 
3 6045 6246 6047 
3 6243 6236 6246 
3 6236 6237 6246 
3 5995 5993 6247 
3 5995 6247 6241 
3 6204 6242 6248 
3 6204 6248 6205 
3 6242 6105 6248 
3 6105 6106 6248 
3 5979 6245 6249 
3 5979 6249 5981 
3 6047 6246 6250 
3 6047 6250 6083 
3 6246 6237 6250 
3 5981 6249 6251 
3 5981 6251 5983 
3 5983 6251 6252 
3 5983 6252 5985 
3 5985 6252 6253 
3 5985 6253 5987 
3 5993 5991 6254 
3 5993 6254 6247 
3 6056 6058 6255 
3 6056 6255 6240 
3 6240 6255 6231 
3 5987 6253 6256 
3 5987 6256 5989 
3 5991 5989 6257 
3 5991 6257 6254 
3 5989 6256 6257 
3 6106 6107 6258 
3 6106 6258 6248 
3 6248 6258 6206 
3 6248 6206 6205 
3 6107 6108 6259 
3 6107 6259 6258 
3 6258 6259 6260 
3 6258 6260 6206 
3 6206 6260 6200 
3 6200 6260 6199 
3 6108 6109 6261 
3 6108 6261 6259 
3 6259 6261 6262 
3 6259 6262 6260 
3 6260 6262 6199 
3 6199 6262 6198 
3 6109 6110 6263 
3 6109 6263 6261 
3 6261 6263 6264 
3 6261 6264 6262 
3 6262 6264 6198 
3 6198 6264 6197 
3 6110 6111 6265 
3 6110 6265 6263 
3 6263 6265 6266 
3 6263 6266 6264 
3 6264 6266 6197 
3 6197 6266 6196 
3 6196 6266 6267 
3 6196 6267 6195 
3 6266 6265 6267 
3 6195 6267 6268 
3 6195 6268 6194 
3 6265 6111 6269 
3 6265 6269 6267 
3 6111 6112 6269 
3 6194 6268 6270 
3 6194 6270 6193 
3 6193 6270 6271 
3 6193 6271 6192 
3 6192 6271 6272 
3 6192 6272 6191 
3 6191 6272 6273 
3 6191 6273 6190 
3 6190 6273 6274 
3 6190 6274 6189 
3 6189 6274 6275 
3 6189 6275 6188 
3 6112 6113 6276 
3 6112 6276 6269 
3 6269 6276 6268 
3 6267 6269 6268 
3 6268 6276 6270 
3 6270 6276 6277 
3 6270 6277 6271 
3 6276 6113 6277 
3 6113 6114 6277 
3 6114 6115 6278 
3 6271 6277 6278 
3 6271 6278 6272 
3 6277 6114 6278 
3 6115 6116 6279 
3 6116 6117 6280 
3 6116 6280 6279 
3 6279 6280 6281 
3 6279 6281 6272 
3 6272 6281 6273 
3 6274 6281 6282 
3 6273 6281 6274 
3 6281 6280 6282 
3 6274 6282 6275 
3 6117 6118 6283 
3 6117 6283 6280 
3 6280 6283 6282 
3 6282 6283 6284 
3 6282 6284 6275 
3 6118 6119 6285 
3 6118 6285 6283 
3 6283 6285 6284 
3 6119 6120 6286 
3 6119 6286 6285 
3 6285 6286 6287 
3 6285 6287 6284 
3 6284 6287 6288 
3 6284 6288 6275 
3 6275 6288 6188 
3 6188 6288 6186 
3 6120 6121 6289 
3 6120 6289 6286 
3 6286 6289 6290 
3 6286 6290 6287 
3 6287 6290 6291 
3 6287 6291 6288 
3 6288 6291 6186 
3 6186 6291 6184 
3 6291 6290 6292 
3 6291 6292 6184 
3 6184 6292 6182 
3 6290 6289 6293 
3 6290 6293 6292 
3 6292 6293 6294 
3 6292 6294 6182 
3 6182 6294 6180 
3 6289 6121 6295 
3 6289 6295 6293 
3 6121 6122 6295 
3 6293 6295 6296 
3 6293 6296 6294 
3 6294 6296 6297 
3 6294 6297 6180 
3 6180 6297 6298 
3 6180 6298 6178 
3 6295 6122 6299 
3 6295 6299 6296 
3 6122 6123 6299 
3 6296 6299 6300 
3 6296 6300 6297 
3 6297 6300 6298 
3 6299 6123 6301 
3 6299 6301 6300 
3 6123 6124 6301 
3 6300 6301 6302 
3 6178 6298 6303 
3 6178 6303 6176 
3 6124 6125 6304 
3 6124 6304 6301 
3 6301 6304 6302 
3 6300 6302 6298 
3 6298 6302 6303 
3 6125 6126 6305 
3 6125 6305 6304 
3 6126 6154 6305 
3 6304 6305 6306 
3 6304 6306 6302 
3 6302 6306 6303 
3 6305 6154 6307 
3 6305 6307 6306 
3 6154 6153 6308 
3 6154 6308 6307 
3 6306 6307 6309 
3 6306 6309 6303 
3 6303 6309 6176 
3 6176 6309 6174 
3 6174 6309 6310 
3 6174 6310 6172 
3 6172 6310 6170 
3 6309 6307 6311 
3 6309 6311 6310 
3 6307 6308 6311 
3 6310 6311 6312 
3 6310 6312 6170 
3 6170 6312 6168 
3 6311 6308 6313 
3 6311 6313 6312 
3 6058 6060 6314 
3 6058 6314 6255 
3 6241 6247 6315 
3 6241 6315 5999 
3 5999 6315 6000 
3 6247 6254 6316 
3 6247 6316 6315 
3 6254 6257 6317 
3 6254 6317 6316 
3 6060 6062 6318 
3 6060 6318 6314 
3 6257 6256 6319 
3 6257 6319 6317 
3 6256 6253 6320 
3 6256 6320 6319 
3 6253 6252 6321 
3 6253 6321 6320 
3 6252 6251 6322 
3 6252 6322 6321 
3 6251 6249 6323 
3 6251 6323 6322 
3 6062 6064 6324 
3 6062 6324 6318 
3 6064 6066 6325 
3 6064 6325 6324 
3 6066 6068 6326 
3 6066 6326 6325 
3 6068 6070 6327 
3 6068 6327 6326 
3 6070 6072 6328 
3 6070 6328 6327 
3 6072 6074 6329 
3 6072 6329 6328 
3 6074 6076 6330 
3 6074 6330 6329 
3 6076 6078 6331 
3 6076 6331 6330 
3 6078 6080 6332 
3 6078 6332 6331 
3 6080 6082 6333 
3 6080 6333 6332 
3 6249 6245 6334 
3 6249 6334 6323 
3 6245 6244 6335 
3 6245 6335 6334 
3 6244 6142 6336 
3 6142 6144 6336 
3 6244 6336 6335 
3 6153 6152 6337 
3 6153 6337 6308 
3 6308 6337 6313 
3 6312 6313 6338 
3 6312 6338 6168 
3 6168 6338 6166 
3 6313 6337 6339 
3 6152 6151 6340 
3 6152 6339 6337 
3 6313 6339 6338 
3 6338 6339 6341 
3 6338 6341 6166 
3 6166 6341 6164 
3 6151 6150 6342 
3 6151 6342 6340 
3 6340 6342 6343 
3 6340 6343 6341 
3 6341 6343 6164 
3 6164 6343 6344 
3 6164 6344 6162 
3 6343 6342 6345 
3 6343 6345 6344 
3 6342 6150 6346 
3 6342 6346 6345 
3 6150 6149 6346 
3 6162 6344 6347 
3 6162 6347 6160 
3 6344 6345 6347 
3 6160 6347 6348 
3 6160 6348 6158 
3 6345 6346 6349 
3 6345 6349 6347 
3 6347 6349 6348 
3 6346 6149 6350 
3 6346 6350 6349 
3 6149 6148 6350 
3 6148 6147 6350 
3 6349 6350 6351 
3 6349 6351 6348 
3 6350 6147 6351 
3 6147 6146 6352 
3 6147 6352 6351 
3 6351 6352 6353 
3 6351 6353 6348 
3 6348 6353 6158 
3 6158 6353 6156 
3 6083 6250 6354 
3 6083 6354 6145 
3 6250 6237 6355 
3 6250 6355 6354 
3 6237 6228 6356 
3 6237 6356 6355 
3 6228 6227 6357 
3 6228 6357 6356 
3 6227 6226 6358 
3 6227 6358 6357 
3 6082 6128 6359 
3 6082 6359 6333 
3 6128 6130 6360 
3 6128 6360 6359 
3 6130 6132 6361 
3 6130 6361 6360 
3 6132 6134 6362 
3 6132 6362 6361 
3 6134 6136 6363 
3 6134 6363 6362 
3 6136 6138 6363 
3 6138 6140 6364 
3 6138 6364 6363 
3 6255 6314 6365 
3 6255 6365 6231 
3 6231 6365 6366 
3 6231 6366 6217 
3 6314 6318 6367 
3 6314 6367 6365 
3 6318 6324 6368 
3 6318 6368 6367 
3 6324 6325 6369 
3 6324 6369 6368 
3 6325 6326 6370 
3 6325 6370 6369 
3 6326 6327 6371 
3 6326 6371 6370 
3 6327 6328 6372 
3 6327 6372 6371 
3 6328 6329 6373 
3 6328 6373 6372 
3 6329 6330 6374 
3 6329 6374 6373 
3 6330 6331 6375 
3 6330 6375 6374 
3 6331 6332 6376 
3 6331 6376 6375 
3 6332 6333 6377 
3 6332 6377 6376 
3 6217 6366 6378 
3 6217 6378 6218 
3 6218 6378 6379 
3 6218 6379 6224 
3 6333 6359 6380 
3 6333 6380 6377 
3 6365 6367 6381 
3 6365 6381 6366 
3 6366 6381 6382 
3 6366 6382 6378 
3 6378 6382 6383 
3 6378 6383 6379 
3 6367 6368 6384 
3 6367 6384 6381 
3 6368 6369 6385 
3 6368 6385 6384 
3 6369 6370 6386 
3 6369 6386 6385 
3 6370 6371 6387 
3 6370 6387 6386 
3 6371 6372 6388 
3 6371 6388 6387 
3 6372 6373 6389 
3 6372 6389 6388 
3 6373 6374 6390 
3 6373 6390 6389 
3 6374 6375 6391 
3 6374 6391 6390 
3 6375 6376 6392 
3 6375 6392 6391 
3 6376 6377 6393 
3 6376 6393 6392 
3 6377 6380 6394 
3 6377 6394 6393 
3 6381 6384 6395 
3 6381 6395 6382 
3 6382 6395 6396 
3 6382 6396 6383 
3 6384 6385 6397 
3 6384 6397 6395 
3 6395 6397 6398 
3 6395 6398 6396 
3 6385 6386 6399 
3 6385 6399 6397 
3 6397 6399 6400 
3 6397 6400 6398 
3 6386 6387 6401 
3 6386 6401 6399 
3 6387 6388 6402 
3 6387 6402 6401 
3 6388 6389 6403 
3 6388 6403 6402 
3 6389 6390 6404 
3 6389 6404 6403 
3 6390 6391 6405 
3 6390 6405 6404 
3 6391 6392 6406 
3 6391 6406 6405 
3 6392 6393 6407 
3 6392 6407 6406 
3 6393 6394 6408 
3 6393 6408 6407 
3 6399 6401 6409 
3 6399 6409 6400 
3 6401 6402 6410 
3 6401 6410 6409 
3 6402 6403 6411 
3 6402 6411 6410 
3 6403 6404 6412 
3 6403 6412 6411 
3 6404 6405 6413 
3 6404 6413 6412 
3 6405 6406 6414 
3 6405 6414 6413 
3 6406 6407 6415 
3 6406 6415 6414 
3 6407 6408 6416 
3 6407 6416 6415 
3 6144 6145 6417 
3 6144 6418 6336 
3 6145 6354 6417 
3 6354 6355 6419 
3 6354 6419 6417 
3 6355 6356 6420 
3 6355 6420 6419 
3 6356 6357 6421 
3 6359 6360 6422 
3 6359 6422 6380 
3 6360 6361 6423 
3 6360 6423 6422 
3 6361 6362 6424 
3 6361 6424 6423 
3 6362 6363 6425 
3 6362 6425 6424 
3 6363 6364 6425 
3 6380 6422 6426 
3 6380 6426 6394 
3 6394 6426 6427 
3 6394 6427 6408 
3 6408 6427 6428 
3 6408 6428 6416 
3 6422 6423 6429 
3 6422 6429 6426 
3 6423 6424 6430 
3 6423 6430 6429 
3 6424 6425 6431 
3 6424 6431 6430 
3 6425 6364 6432 
3 6425 6432 6431 
3 6315 6316 6433 
3 6315 6433 6000 
3 6000 6433 6001 
3 6001 6433 6434 
3 6001 6434 6002 
3 6002 6434 6435 
3 6002 6435 6003 
3 6003 6435 6436 
3 6003 6436 6004 
3 6004 6436 6437 
3 6004 6437 6005 
3 6316 6317 6438 
3 6316 6438 6433 
3 6433 6438 6434 
3 6317 6319 6439 
3 6317 6439 6438 
3 6319 6320 6440 
3 6319 6440 6439 
3 6320 6321 6441 
3 6320 6441 6440 
3 6321 6322 6442 
3 6321 6442 6441 
3 6322 6323 6443 
3 6322 6443 6442 
3 6005 6437 6444 
3 6005 6444 6006 
3 6323 6334 6445 
3 6323 6445 6443 
3 6334 6335 6446 
3 6334 6446 6445 
3 6335 6336 6418 
3 6335 6418 6446 
3 6418 6417 6447 
3 6418 6447 6446 
3 6006 6444 6448 
3 6006 6448 6007 
3 6007 6448 6449 
3 6007 6449 6008 
3 6008 6449 6450 
3 6008 6450 6009 
3 6009 6450 6451 
3 6009 6451 6010 
3 6010 6451 6452 
3 6010 6452 6011 
3 6011 6452 6453 
3 6011 6453 6012 
3 6012 6453 6454 
3 6012 6454 6013 
3 6013 6454 6455 
3 6013 6455 6014 
3 6014 6455 6456 
3 6014 6456 6015 
3 6015 6456 6457 
3 6015 6457 6016 
3 6016 6457 6458 
3 6016 6458 6017 
3 6017 6458 6459 
3 6017 6459 6018 
3 6018 6459 6460 
3 6018 6460 6020 
3 6020 6460 6461 
3 6020 6461 6021 
3 6438 6439 6462 
3 6438 6462 6434 
3 6434 6462 6463 
3 6434 6463 6435 
3 6435 6463 6464 
3 6435 6464 6436 
3 6436 6464 6465 
3 6436 6465 6437 
3 6437 6465 6466 
3 6437 6466 6444 
3 6444 6466 6467 
3 6444 6467 6448 
3 6439 6440 6468 
3 6439 6468 6462 
3 6440 6441 6469 
3 6440 6469 6468 
3 6441 6442 6470 
3 6441 6470 6469 
3 6442 6443 6471 
3 6442 6471 6470 
3 6443 6445 6472 
3 6443 6472 6471 
3 6445 6446 6473 
3 6445 6473 6472 
3 6446 6447 6473 
3 6462 6468 6474 
3 6462 6474 6463 
3 6463 6474 6475 
3 6463 6475 6464 
3 6464 6475 6465 
3 6468 6469 6476 
3 6468 6476 6474 
3 6469 6470 6477 
3 6469 6477 6476 
3 6470 6471 6478 
3 6470 6478 6477 
3 6471 6472 6479 
3 6471 6479 6478 
3 6472 6473 6480 
3 6472 6480 6479 
3 6473 6447 6481 
3 6473 6481 6480 
3 6447 6419 6481 
3 6419 6420 6481 
3 6474 6476 6482 
3 6474 6482 6475 
3 6475 6482 6483 
3 6475 6483 6465 
3 6465 6483 6466 
3 6476 6477 6484 
3 6476 6484 6482 
3 6482 6484 6485 
3 6482 6485 6483 
3 6477 6478 6486 
3 6477 6486 6484 
3 6478 6479 6487 
3 6478 6487 6486 
3 6479 6480 6488 
3 6479 6488 6487 
3 6480 6481 6489 
3 6480 6489 6488 
3 6481 6421 6489 
3 6421 6357 6490 
3 6421 6490 6489 
3 6357 6358 6490 
3 6484 6486 6491 
3 6484 6491 6485 
3 6486 6487 6492 
3 6486 6492 6491 
3 6487 6488 6493 
3 6487 6493 6492 
3 6488 6489 6494 
3 6488 6494 6493 
3 6489 6490 6494 
3 6490 6358 6495 
3 6490 6495 6494 
3 6494 6495 6496 
3 6493 6494 6496 
3 6493 6496 6492 
3 6492 6496 6497 
3 6492 6497 6491 
3 6491 6497 6498 
3 6491 6498 6485 
3 6485 6498 6499 
3 6485 6499 6483 
3 6483 6499 6466 
3 6466 6499 6467 
3 6499 6498 6500 
3 6499 6500 6467 
3 6498 6497 6501 
3 6498 6501 6500 
3 6497 6496 6502 
3 6497 6502 6501 
3 6496 6495 6502 
3 6495 6358 6503 
3 6495 6503 6502 
3 6358 6226 6503 
3 6448 6467 6504 
3 6448 6504 6449 
3 6467 6500 6505 
3 6467 6505 6504 
3 6500 6501 6506 
3 6500 6506 6505 
3 6501 6502 6507 
3 6501 6507 6506 
3 6502 6503 6507 
3 6021 6461 6508 
3 6021 6508 6022 
3 6022 6508 6509 
3 6022 6509 6023 
3 6023 6509 6510 
3 6023 6510 6024 
3 6024 6510 6511 
3 6024 6511 6085 
3 6085 6511 6512 
3 6085 6512 6086 
3 6503 6226 6513 
3 6226 6225 6513 
3 6503 6513 6507 
3 6225 6224 6514 
3 6225 6514 6513 
3 6224 6379 6515 
3 6224 6515 6514 
3 6379 6383 6516 
3 6379 6516 6515 
3 6383 6396 6517 
3 6383 6517 6516 
3 6396 6398 6517 
3 6086 6512 6518 
3 6086 6518 6087 
3 6449 6504 6519 
3 6449 6519 6450 
3 6504 6505 6520 
3 6504 6520 6519 
3 6505 6506 6520 
3 6506 6507 6521 
3 6506 6521 6520 
3 6507 6513 6521 
3 6513 6514 6522 
3 6513 6522 6521 
3 6514 6515 6523 
3 6514 6523 6522 
3 6515 6516 6524 
3 6515 6524 6523 
3 6516 6517 6525 
3 6516 6525 6524 
3 6521 6522 6526 
3 6521 6526 6520 
3 6522 6523 6527 
3 6520 6526 6519 
3 6523 6524 6528 
3 6523 6528 6527 
3 6527 6528 6529 
3 6526 6530 6519 
3 6519 6530 6450 
3 6450 6530 6451 
3 6451 6529 6531 
3 6451 6531 6452 
3 6529 6528 6532 
3 6529 6532 6531 
3 6528 6524 6533 
3 6528 6533 6532 
3 6524 6525 6533 
3 6452 6531 6534 
3 6452 6534 6453 
3 6531 6532 6535 
3 6531 6535 6534 
3 6532 6533 6535 
3 6533 6525 6536 
3 6533 6536 6535 
3 6525 6517 6537 
3 6525 6537 6536 
3 6517 6398 6537 
3 6398 6400 6537 
3 6453 6534 6538 
3 6453 6538 6454 
3 6534 6535 6539 
3 6534 6539 6538 
3 6535 6536 6539 
3 6536 6537 6540 
3 6536 6540 6539 
3 6537 6400 6540 
3 6400 6409 6541 
3 6400 6541 6540 
3 6454 6538 6542 
3 6454 6542 6455 
3 6455 6542 6543 
3 6455 6543 6456 
3 6456 6543 6544 
3 6456 6544 6457 
3 6457 6544 6545 
3 6457 6545 6458 
3 6458 6545 6546 
3 6458 6546 6459 
3 6459 6546 6547 
3 6459 6547 6460 
3 6460 6547 6548 
3 6460 6548 6461 
3 6461 6548 6428 
3 6461 6428 6508 
3 6428 6548 6416 
3 6428 6427 6549 
3 6428 6549 6508 
3 6416 6548 6415 
3 6508 6549 6509 
3 6548 6547 6415 
3 6509 6549 6550 
3 6509 6550 6510 
3 6415 6547 6414 
3 6549 6427 6550 
3 6547 6546 6414 
3 6427 6426 6550 
3 6414 6546 6413 
3 6426 6429 6551 
3 6546 6545 6413 
3 6510 6550 6551 
3 6510 6551 6511 
3 6413 6545 6412 
3 6550 6426 6551 
3 6545 6544 6412 
3 6429 6430 6552 
3 6429 6552 6551 
3 6412 6544 6411 
3 6551 6552 6511 
3 6411 6544 6553 
3 6411 6553 6410 
3 6511 6552 6512 
3 6544 6543 6553 
3 6512 6552 6554 
3 6512 6554 6518 
3 6543 6542 6555 
3 6543 6555 6553 
3 6552 6430 6554 
3 6410 6553 6541 
3 6410 6541 6409 
3 6430 6431 6554 
3 6553 6555 6541 
3 6554 6431 6556 
3 6554 6556 6518 
3 6431 6432 6556 
3 6518 6556 6557 
3 6518 6557 6087 
3 6541 6555 6540 
3 6087 6557 6088 
3 6540 6555 6539 
3 6556 6432 6557 
3 6539 6555 6542 
3 6539 6542 6538 
3 6557 6432 6558 
3 6557 6558 6088 
3 6088 6558 6089 
3 6432 6364 6559 
3 6432 6559 6558 
3 6364 6140 6559 
3 6140 6156 6560 
3 6156 6353 6560 
3 6140 6560 6559 
3 6559 6560 6561 
3 6559 6561 6558 
3 6558 6561 6089 
3 6089 6561 6146 
3 6146 6561 6352 
3 6352 6561 6560 
3 6352 6560 6353 
3 6278 6115 6279 
3 6279 6272 6278 
3 6340 6341 6339 
3 6339 6152 6340 
3 6418 6144 6417 
3 6417 6419 6447 
3 6421 6481 6420 
3 6420 6356 6421 
3 6526 6522 6527 
3 6527 6530 6526 
3 6530 6527 6529 
3 6529 6451 6530 
3 6562 6563 6564 
3 6564 6565 6566 
3 6567 6084 6568 
3 6564 6567 6562 
3 6569 6048 6567 
3 6566 6569 6564 
3 6570 6571 6572 
3 6573 6574 6562 
3 6573 6572 6574 
3 6575 5970 6576 
3 6572 6575 6570 
3 6568 6143 6577 
3 6577 6141 6575 
3 6562 6568 6573 
3 6573 6577 6572 
3 6563 6578 6565 
3 6579 6580 6581 
3 6578 6580 6579 
3 6582 6583 6584 
3 6584 6585 6578 
3 6571 6582 6574 
3 6574 6584 6563 
3 6586 6581 6587 
3 6587 6580 6588 
3 6588 6585 6589 
3 6590 6591 6592 
3 6587 6590 6586 
3 6593 6594 6591 
3 6589 6595 6588 
3 6587 6593 6590 
3 6595 6593 6588 
3 6587 6588 6593 
3 6590 6593 6591 
3 6586 6590 6592 
3 6583 6589 6585 
3 6585 6588 6580 
3 6580 6587 6581 
3 6578 6563 6584 
3 6584 6574 6582 
3 6580 6578 6585 
3 6585 6584 6583 
3 6565 6578 6579 
3 6575 6572 6577 
3 6577 6573 6568 
3 5970 6575 6141 
3 6141 6577 6143 
3 6576 6570 6575 
3 5969 6576 5970 
3 6563 6562 6574 
3 6574 6572 6571 
3 6567 6564 6569 
3 6084 6567 6048 
3 6568 6562 6567 
3 6143 6568 6084 
3 6579 6566 6565 
3 6565 6564 6563 
3 6046 6048 6569 
3 6596 6044 6046 
3 6566 6596 6569 
3 6597 6042 6044 
3 6598 6596 6566 
3 6598 6597 6596 
3 6599 6598 6579 
3 6599 6600 6598 
3 6599 6581 6601 
3 6601 6586 6602 
3 6600 6599 6601 
3 6603 6604 6601 
3 6603 6605 6604 
3 6606 6040 6042 
3 6600 6606 6597 
3 6606 6600 6604 
3 6607 6604 6605 
3 6608 6038 6040 
3 6607 6608 6606 
3 6609 6035 6038 
3 6610 6609 6608 
3 6607 6610 6608 
3 6608 6609 6038 
3 6606 6608 6040 
3 6610 6607 6605 
3 6607 6606 6604 
3 6598 6600 6597 
3 6597 6606 6042 
3 6602 6603 6601 
3 6604 6600 6601 
3 6592 6602 6586 
3 6586 6601 6581 
3 6581 6599 6579 
3 6579 6598 6566 
3 6596 6597 6044 
3 6569 6596 6046 
3 5924 6187 5923 
3 5923 6187 5922 
3 5873 5874 6611 
3 6611 5874 6612 
3 6187 6185 5922 
3 5922 6185 5921 
3 6185 6183 5921 
3 5921 6183 5920 
3 6183 6181 5920 
3 5920 6181 5919 
3 6181 6179 5919 
3 5919 6179 5918 
3 6179 6177 5918 
3 5918 6177 5917 
3 6177 6175 5917 
3 5917 6175 5916 
3 6175 6173 5916 
3 5916 6173 5915 
3 6173 6171 5915 
3 5915 6171 5914 
3 6171 6169 5914 
3 5914 6169 5913 
3 6169 6613 5913 
3 5913 6614 5912 
3 6613 6614 5913 
3 5912 6614 5911 
3 6614 6615 5911 
3 5911 6615 5910 
3 6615 6616 5910 
3 5910 6616 5909 
3 6616 6617 5909 
3 5909 6617 5908 
3 6617 6618 5908 
3 5908 6618 5907 
3 6618 6619 5907 
3 5907 6619 5906 
3 6619 6620 5906 
3 5906 6620 5905 
3 6620 6621 5905 
3 5905 6621 5904 
3 6621 6622 5904 
3 5904 6622 5903 
3 6622 6623 5903 
3 5903 6623 5902 
3 6623 6624 5902 
3 5902 6624 5901 
3 6624 6625 5901 
3 5901 6625 5900 
3 6625 6626 5900 
3 5900 6626 5899 
3 6626 6627 5899 
3 5899 6627 5898 
3 6627 6628 5898 
3 5898 6628 5897 
3 6628 6629 5897 
3 5897 6629 5896 
3 6629 6630 5896 
3 5896 6630 5895 
3 6630 6631 5895 
3 5895 6631 5894 
3 6631 6632 5894 
3 5894 6632 5893 
3 6632 6633 5893 
3 5893 6633 5892 
3 6633 6634 5892 
3 5892 6634 5891 
3 6634 6635 5891 
3 5891 6635 5890 
3 6635 6636 5890 
3 5890 6636 5889 
3 6636 6637 5889 
3 5889 6637 5888 
3 6637 6638 5888 
3 5888 6638 5887 
3 6638 6639 5887 
3 5887 6639 5886 
3 6639 6640 5886 
3 5886 6640 5885 
3 6640 6641 5885 
3 5885 6641 5884 
3 6641 6642 5884 
3 5884 6642 5883 
3 6642 6643 5883 
3 5883 6643 5882 
3 6643 6644 5882 
3 5882 6644 5881 
3 6644 6645 5881 
3 5881 6645 5880 
3 6645 6646 5880 
3 6646 6647 5880 
3 5880 6647 5879 
3 6647 6648 5879 
3 5879 6648 5878 
3 6648 6649 5878 
3 5878 6649 5877 
3 6649 6650 5877 
3 5877 6650 5876 
3 5876 6650 5875 
3 6650 6651 5875 
3 5874 5875 6651 
3 5874 6651 6612 
3 6611 6612 6652 
3 6169 6167 6613 
3 6613 6167 6653 
3 6613 6653 6614 
3 6167 6165 6653 
3 6614 6653 6615 
3 6652 6612 6654 
3 6652 6654 6592 
3 6612 6651 6654 
3 6592 6654 6602 
3 6653 6165 6655 
3 6653 6655 6615 
3 6165 6163 6655 
3 6615 6655 6616 
3 6655 6163 6656 
3 6655 6656 6616 
3 6163 6161 6656 
3 6616 6656 6617 
3 6656 6161 6657 
3 6656 6657 6617 
3 6161 6159 6657 
3 6617 6657 6618 
3 6657 6159 6658 
3 6657 6658 6618 
3 6159 6157 6658 
3 6618 6658 6619 
3 6658 6157 6659 
3 6658 6659 6619 
3 6157 6155 6659 
3 6619 6659 6620 
3 6659 6155 6660 
3 6659 6660 6620 
3 6155 6139 6660 
3 6620 6661 6621 
3 6139 6137 6661 
3 6139 6661 6660 
3 6660 6661 6620 
3 6621 6661 6662 
3 6621 6662 6622 
3 6661 6137 6662 
3 6137 6135 6662 
3 6662 6135 6622 
3 6622 6135 6623 
3 6135 6133 6623 
3 6623 6133 6624 
3 6133 6131 6624 
3 6624 6131 6625 
3 6131 6129 6625 
3 6625 6129 6626 
3 6129 6127 6626 
3 6626 6127 6627 
3 6127 6081 6627 
3 6627 6081 6628 
3 6081 6079 6628 
3 6628 6079 6629 
3 6079 6077 6629 
3 6629 6077 6630 
3 6077 6075 6630 
3 6630 6075 6631 
3 6075 6073 6631 
3 6631 6073 6632 
3 6073 6071 6632 
3 6632 6071 6633 
3 6071 6069 6633 
3 6633 6069 6634 
3 6069 6067 6634 
3 6634 6067 6635 
3 6067 6065 6635 
3 6635 6065 6636 
3 6065 6063 6636 
3 6636 6063 6637 
3 6063 6061 6637 
3 6637 6061 6638 
3 6061 6059 6638 
3 6638 6059 6639 
3 6059 6057 6639 
3 6639 6057 6640 
3 6057 6055 6640 
3 6640 6055 6641 
3 6055 6053 6641 
3 6641 6053 6642 
3 6053 6051 6642 
3 6642 6051 6643 
3 6051 6049 6643 
3 6643 6049 6644 
3 6049 6036 6644 
3 6644 6036 6645 
3 6036 6035 6645 
3 6645 6035 6646 
3 6035 6609 6646 
3 6646 6609 6647 
3 6609 6610 6647 
3 6647 6610 6648 
3 6610 6605 6648 
3 6648 6605 6649 
3 6605 6603 6649 
3 6649 6603 6650 
3 6603 6602 6650 
3 6651 6650 6602 
3 6651 6602 6654 
3 3354 3424 3355 
3 3390 3387 3419 
3 3419 3387 3420 
3 3387 3378 3420 
3 3420 3378 3422 
3 3378 3356 3422 
3 3424 3422 3356 
3 3424 3356 3355 
3 4179 3383 3407 
3 4178 4179 3403 
3 4178 3403 3404 
3 4177 3404 4474 
3 4177 4474 4176 
3 4177 4178 3404 
3 3407 3403 4179 
3 6663 2821 2822 
3 6663 2822 5873 
3 5873 2822 2823 
3 5789 2821 6664 
3 6611 6665 5873 
3 5873 6665 6663 
3 6663 6665 6664 
3 6663 6664 2821 
3 5969 5972 6666 
3 5996 6667 5994 
3 6668 6669 6670 
3 6668 6670 6667 
3 6667 6670 5994 
3 5994 6670 5992 
3 5972 5974 6671 
3 5972 6671 6666 
3 6666 6671 6672 
3 6672 6671 6673 
3 6671 5974 6673 
3 5974 5980 6673 
3 6673 5980 6674 
3 5980 5982 6674 
3 6674 5982 6675 
3 5982 5984 6675 
3 6675 5984 6676 
3 5984 5986 6676 
3 6676 5986 6677 
3 5986 5988 6677 
3 6677 5988 6678 
3 5988 5990 6678 
3 6678 5990 6679 
3 5990 5992 6679 
3 6669 6679 5992 
3 6669 5992 6670 
3 6583 6582 6680 
3 6672 6681 6666 
3 6582 6571 6682 
3 6582 6682 6680 
3 6682 6571 6683 
3 6571 6570 6683 
3 6683 6570 6684 
3 6683 6684 6685 
3 6570 6576 6684 
3 6666 6681 6686 
3 6666 6686 5969 
3 6681 6685 6686 
3 5969 6686 6576 
3 6684 6576 6686 
3 6684 6686 6685 
3 5726 6687 5728 
3 5739 5737 6683 
3 6683 5737 6682 
3 5737 5735 6682 
3 6682 5735 6680 
3 5735 5733 6680 
3 6687 6688 5728 
3 5728 6688 5729 
3 6688 6595 5729 
3 6680 5733 6583 
3 5733 5731 6583 
3 6583 5731 6589 
3 5731 5729 6595 
3 5731 6595 6589 
3 6595 6688 6593 
3 5723 5789 5725 
3 5789 6664 5725 
3 5725 6664 6689 
3 5725 6689 5726 
3 6664 6665 6689 
3 6593 6688 6690 
3 6593 6690 6594 
3 6688 6687 6690 
3 6665 6611 6691 
3 6665 6691 6689 
3 6611 6594 6691 
3 6594 6690 6691 
3 6691 6690 6689 
3 5726 6689 6690 
3 5726 6690 6687 
3 5719 6692 5717 
3 5684 5686 5968 
3 6692 6693 6694 
3 6692 6694 5717 
3 5717 6694 5715 
3 6693 6695 6696 
3 6693 6696 6694 
3 5687 5678 6697 
3 5687 6697 5686 
3 5686 6697 5968 
3 5968 6697 5996 
3 5996 6697 6667 
3 6667 6697 6668 
3 6694 6696 5715 
3 5715 6696 5713 
3 6696 6695 6698 
3 6696 6698 5713 
3 6695 6699 6698 
3 5713 6698 5711 
3 6697 5678 6668 
3 5678 5677 6668 
3 6668 5677 6700 
3 5677 5681 6700 
3 5681 5709 6700 
3 6700 5709 6701 
3 5709 5711 6701 
3 6699 6701 5711 
3 6699 5711 6698 
3 6652 6592 6591 
3 6652 6591 6594 
3 6611 6652 6594 
3 6683 6685 5739 
3 6668 6700 6669 
3 6685 6681 6702 
3 6685 6702 5739 
3 5739 6702 5741 
3 6669 6700 6703 
3 6669 6703 6679 
3 6700 6701 6703 
3 6679 6703 6704 
3 6679 6704 6678 
3 6681 6672 6705 
3 6681 6705 6702 
3 6678 6704 6706 
3 6678 6706 6677 
3 6677 6695 6707 
3 6677 6707 6676 
3 6676 6707 6708 
3 6676 6708 6675 
3 6675 6708 6709 
3 6675 6709 6674 
3 6674 6709 6710 
3 6674 6710 6673 
3 6673 6710 6711 
3 6673 6711 6672 
3 6672 6711 6705 
3 6703 6701 6704 
3 6701 6699 6704 
3 6704 6699 6706 
3 6699 6695 6706 
3 6706 6695 6677 
3 6695 6693 6707 
3 6707 6693 6708 
3 6693 6692 6708 
3 6708 6692 6709 
3 6692 5719 6710 
3 6692 6710 6709 
3 6710 5719 6711 
3 5719 5720 6711 
3 6711 5720 6705 
3 6705 5720 5741 
3 6705 5741 6702 
3 6211 6207 6712 
3 6207 6208 6712 
3 3382 4182 3381 
3 3362 3358 6713 
3 6713 3358 6714 
3 6713 6714 6715 
3 3358 3357 6714 
3 4182 4183 6716 
3 4182 6716 3381 
3 3381 6716 3380 
3 6715 6714 6717 
3 6715 6717 4183 
3 4183 6717 6716 
3 6714 3357 6717 
3 6717 3357 3380 
3 6717 3380 6716 
3 4183 4171 6715 
3 4165 4199 4166 
3 4171 4170 6718 
3 4171 6718 6715 
3 6715 6718 6713 
3 3374 3371 6719 
3 3374 6719 4199 
3 4199 6719 4166 
3 4166 6719 4167 
3 4170 4169 6720 
3 4170 6720 6718 
3 3371 3368 6721 
3 3371 6721 6719 
3 4169 6722 6720 
3 3368 3365 6722 
3 3368 6722 6721 
3 3365 3362 6723 
3 3365 6723 6722 
3 3362 6713 6723 
3 6713 6718 6723 
3 6718 6720 6723 
3 6723 6720 6722 
3 6719 6721 4167 
3 4167 6721 4168 
3 6722 4169 4168 
3 6722 4168 6721 
3 6207 6211 6712 
3 6712 6208 6207 
