ply
format ascii 1.0
comment VTK generated PLY File
obj_info vtkPolyData points and polygons: vtk4.0
element vertex 4683
property float x
property float y
property float z
element face 9366
property list uchar int vertex_indices
end_header
682.91192626953125 4.1457991600036621 959.28729248046875 
680.81256103515625 4.5644574165344238 954.70916748046875 
684.09130859375 3.9327101707458496 955.26324462890625 
684.61639404296875 93.242721557617188 1030.8819580078125 
684.871337890625 94.603378295898438 1033.68994140625 
684.64996337890625 91.4244384765625 1033.42724609375 
684.19976806640625 89.814109802246094 1032.142822265625 
687.468994140625 4.1798233985900879 956.10601806640625 
685.82403564453125 3.8398284912109375 960.6444091796875 
684.55853271484375 92.358009338378906 1027.844970703125 
684.583984375 88.638847351074219 1029.3870849609375 
684.98162841796875 90.350563049316406 1025.4049072265625 
684.46051025390625 86.789260864257812 1026.988525390625 
685.1351318359375 88.222419738769531 1023.00732421875 
684.4169921875 85.455245971679688 1024.340087890625 
684.37603759765625 84.651649475097656 1021.443359375 
684.6844482421875 88.061264038085938 1019.866943359375 
683.7818603515625 83.590736389160156 1018.7164916992188 
683.8411865234375 87.066619873046875 1016.9456176757812 
682.54779052734375 82.35302734375 1016.1724243164062 
682.6217041015625 85.651351928710938 1014.21533203125 
681.04559326171875 81.298820495605469 1013.5399780273438 
681.06219482421875 84.063911437988281 1011.5611572265625 
679.4986572265625 79.997093200683594 1010.9227294921875 
679.51904296875 82.340240478515625 1008.9227905273438 
678.30657958984375 80.34027099609375 1006.5369262695312 
678.037841796875 78.2449951171875 1008.6721801757812 
677.33966064453125 78.494300842285156 1004.1497802734375 
677.03350830078125 75.599349975585938 1008.0462036132812 
677.031982421875 74.094711303710938 1005.664794921875 
676.49859619140625 76.925788879394531 1001.5734252929688 
677.4937744140625 72.908721923828125 1003.0537719726562 
676.6021728515625 74.732307434082031 999.9527587890625 
677.48712158203125 72.542373657226562 999.50274658203125 
678.15594482421875 71.20989990234375 1001.2108764648438 
678.5687255859375 70.146751403808594 999.40753173828125 
679.29315185546875 68.648208618164062 1000.8442993164062 
679.89471435546875 67.734466552734375 999.18121337890625 
680.55047607421875 66.347206115722656 999.88128662109375 
680.4490966796875 66.335380554199219 996.892333984375 
681.3504638671875 64.205940246582031 998.45281982421875 
681.04876708984375 65.004707336425781 994.49871826171875 
682.15228271484375 62.634708404541016 996.31842041015625 
682.33575439453125 63.467021942138672 992.45111083984375 
683.62530517578125 60.773258209228516 994.5638427734375 
690.23199462890625 4.3163566589355469 958.9468994140625 
690.51513671875 5.4647965431213379 956.23486328125 
689.36163330078125 4.1361207962036133 962.51434326171875 
693.82574462890625 6.2881441116333008 958.117919921875 
683.0072021484375 63.117515563964844 989.54656982421875 
684.21875 61.044849395751953 992.231689453125 
685.03570556640625 58.186344146728516 993.30242919921875 
684.25396728515625 61.224128723144531 987.588134765625 
685.05126953125 59.491989135742188 990.630615234375 
685.0001220703125 59.218227386474609 985.54766845703125 
685.6148681640625 57.514572143554688 988.644775390625 
692.43682861328125 4.6951799392700195 961.13262939453125 
692.9156494140625 4.5933952331542969 964.47216796875 
694.807373046875 5.5871858596801758 961.61981201171875 
696.8336181640625 7.4906187057495117 960.212158203125 
696.8446044921875 6.2731237411499023 963.86920166015625 
699.6585693359375 8.8263206481933594 962.6053466796875 
685.22222900390625 57.471004486083984 983.366455078125 
685.9285888671875 55.740299224853516 986.45721435546875 
685.105712890625 55.944362640380859 981.1148681640625 
686.21380615234375 54.049407958984375 984.2354736328125 
685.39910888671875 53.793842315673828 979.49298095703125 
686.50885009765625 52.195945739746094 982.1268310546875 
685.6068115234375 55.703693389892578 991.745361328125 
686.02581787109375 53.800624847412109 989.61822509765625 
686.41424560546875 52.232784271240234 987.22723388671875 
686.9127197265625 50.416446685791016 985.0635986328125 
700.35284423828125 7.5121259689331055 966.44378662109375 
702.888916015625 10.644368171691895 964.02154541015625 
704.00946044921875 10.045507431030273 967.22430419921875 
705.1455078125 13.062200546264648 965.65283203125 
705.3475341796875 12.067818641662598 969.02911376953125 
706.2275390625 15.915575981140137 966.87628173828125 
705.98590087890625 15.109856605529785 971.00494384765625 
706.56500244140625 18.621770858764648 968.22271728515625 
705.74517822265625 18.062467575073242 971.53228759765625 
706.354248046875 20.80230712890625 970.25982666015625 
687.53875732421875 48.267238616943359 983.25872802734375 
685.9727783203125 50.031894683837891 976.65423583984375 
684.99615478515625 52.562160491943359 977.2061767578125 
686.5888671875 50.808300018310547 979.632568359375 
687.0772705078125 47.4906005859375 976.18017578125 
687.6417236328125 47.953617095947266 979.32861328125 
688.3760986328125 44.917922973632812 976.04718017578125 
688.61993408203125 45.359657287597656 978.7322998046875 
689.79412841796875 42.308559417724609 976.22955322265625 
689.6546630859375 42.839897155761719 978.3992919921875 
691.17230224609375 39.793563842773438 976.32000732421875 
690.51611328125 40.875820159912109 978.0465087890625 
688.33721923828125 45.758697509765625 981.894287109375 
689.28228759765625 43.186653137207031 980.75384521484375 
690.20257568359375 40.351375579833984 980.581298828125 
691.177490234375 39.161666870117188 978.61773681640625 
691.21673583984375 37.586227416992188 980.39300537109375 
692.2301025390625 37.901710510253906 974.38275146484375 
692.30511474609375 37.342994689941406 977.65130615234375 
693.34271240234375 36.068405151367188 972.36102294921875 
694.12896728515625 34.926979064941406 975.9566650390625 
695.41436767578125 33.807117462158203 972.231201171875 
692.25048828125 34.897850036621094 980.21881103515625 
693.6611328125 32.392745971679688 979.52972412109375 
696.2579345703125 32.156681060791016 975.522216796875 
697.6409912109375 31.639459609985352 971.77764892578125 
695.15460205078125 29.940269470214844 978.68560791015625 
698.2823486328125 29.985542297363281 974.8736572265625 
697.2520751953125 28.020328521728516 977.173095703125 
699.901611328125 29.505405426025391 971.3856201171875 
699.9451904296875 28.279750823974609 974.22943115234375 
699.37548828125 26.081943511962891 975.77032470703125 
702.11041259765625 27.34526252746582 971.51312255859375 
701.1734619140625 23.982105255126953 974.664794921875 
704.0460205078125 25.53709602355957 970.29193115234375 
702.7786865234375 21.741458892822266 973.8572998046875 
705.4193115234375 23.290367126464844 970.053466796875 
704.1370849609375 19.367792129516602 973.27801513671875 
703.9820556640625 16.529184341430664 973.64532470703125 
703.434814453125 13.318975448608398 973.55242919921875 
704.06060791015625 10.968521118164062 971.54217529296875 
702.4586181640625 10.305598258972168 972.71502685546875 
701.4722900390625 7.6677708625793457 971.31982421875 
703.0772705078125 8.5257053375244141 969.57977294921875 
698.93316650390625 5.8505234718322754 969.46575927734375 
695.710205078125 5.1084718704223633 967.2030029296875 
668.04632568359375 22.116933822631836 932.5164794921875 
669.940185546875 20.841188430786133 934.3536376953125 
667.7379150390625 21.417274475097656 931.97021484375 
656.3992919921875 28.084796905517578 926.24786376953125 
654.22833251953125 29.749612808227539 925.42413330078125 
656.8084716796875 29.235006332397461 927.07794189453125 
666.037109375 23.856857299804688 931.38037109375 
665.45880126953125 22.987174987792969 930.5272216796875 
663.88885498046875 25.526088714599609 930.47540283203125 
662.71612548828125 23.41636848449707 929.0234375 
661.60888671875 26.966518402099609 929.53509521484375 
660.97662353515625 25.356521606445312 928.03759765625 
659.218505859375 27.882862091064453 928.0482177734375 
658.7772216796875 26.851173400878906 927.2069091796875 
610.90386962890625 50.862800598144531 945.95550537109375 
610.60833740234375 52.766941070556641 947.82037353515625 
610.9344482421875 52.313304901123047 944.8656005859375 
704.65240478515625 24.415237426757812 967.62322998046875 
611.4686279296875 49.65264892578125 943.71453857421875 
611.44000244140625 51.940189361572266 941.93450927734375 
612.308837890625 48.739723205566406 941.06964111328125 
612.16339111328125 51.536685943603516 939.0740966796875 
613.2589111328125 47.946125030517578 938.42901611328125 
613.24017333984375 51.457790374755859 936.293701171875 
614.32086181640625 47.221282958984375 935.8177490234375 
614.77191162109375 52.047176361083984 933.61273193359375 
615.55059814453125 46.555633544921875 933.22747802734375 
616.58026123046875 51.83892822265625 931.004638671875 
616.90203857421875 46.594326019287109 930.61273193359375 
618.67181396484375 51.528301239013672 928.594970703125 
618.60186767578125 46.983482360839844 928.031005859375 
621.20477294921875 51.374439239501953 926.417236328125 
620.890869140625 46.587806701660156 925.8551025390625 
623.61279296875 50.533203125 924.47674560546875 
623.45135498046875 45.926185607910156 923.933837890625 
626.26239013671875 49.396575927734375 922.89788818359375 
626.14349365234375 44.939601898193359 922.330810546875 
629.12591552734375 48.096138000488281 921.8046875 
628.93695068359375 43.742538452148438 921.29974365234375 
631.78265380859375 46.313457489013672 921.15350341796875 
634.04095458984375 44.060935974121094 920.65252685546875 
631.38031005859375 41.676101684570312 920.804931640625 
634.24786376953125 41.27880859375 920.4019775390625 
636.54302978515625 41.994880676269531 920.56201171875 
633.062255859375 38.996417999267578 921.11346435546875 
636.06884765625 37.34295654296875 921.0421142578125 
636.33770751953125 39.660549163818359 920.4349365234375 
704.15838623046875 22.79069709777832 965.447265625 
705.88824462890625 21.941974639892578 967.59832763671875 
705.25848388671875 20.582803726196289 965.827880859375 
703.4603271484375 20.564085006713867 964.095458984375 
705.096435546875 18.374582290649414 965.05364990234375 
703.24407958984375 17.915670394897461 963.4000244140625 
704.27587890625 15.823843002319336 963.9698486328125 
702.83929443359375 13.499526977539062 962.27264404296875 
700.37628173828125 11.145977020263672 960.9022216796875 
698.156982421875 9.4402704238891602 959.70977783203125 
638.98248291015625 35.665264129638672 921.3189697265625 
638.94744873046875 37.939792633056641 920.56585693359375 
639.328369140625 40.305912017822266 920.8736572265625 
641.9658203125 38.531429290771484 921.476318359375 
695.90185546875 8.5704269409179688 957.62451171875 
693.2822265625 7.5791172981262207 956.23175048828125 
702.18603515625 15.570639610290527 962.11138916015625 
700.3204345703125 13.179454803466797 959.9814453125 
697.81646728515625 11.152962684631348 957.70184326171875 
694.6553955078125 9.6505279541015625 955.7801513671875 
691.4425048828125 8.1904850006103516 953.8873291015625 
641.20703125 36.459384918212891 921.03436279296875 
641.75775146484375 33.894561767578125 921.91937255859375 
644.40374755859375 36.652755737304688 922.2001953125 
646.495849609375 34.412776947021484 922.582763671875 
644.46917724609375 32.107902526855469 922.61181640625 
647.11138916015625 30.314517974853516 923.37701416015625 
648.9432373046875 32.530166625976562 923.31549072265625 
649.68377685546875 28.594655990600586 924.31597900390625 
651.59869384765625 31.125997543334961 924.40667724609375 
652.3099365234375 27.086580276489258 925.30267333984375 
654.91021728515625 25.65611457824707 926.2579345703125 
656.7833251953125 23.65925407409668 927.70306396484375 
659.78753662109375 23.279193878173828 928.1680908203125 
661.735595703125 21.487611770629883 929.55963134765625 
664.546142578125 21.434116363525391 930.34869384765625 
663.57073974609375 19.729368209838867 931.119140625 
666.5416259765625 19.80810546875 931.87744140625 
665.35882568359375 18.084896087646484 932.86016845703125 
668.59783935546875 18.299127578735352 933.46630859375 
667.19512939453125 16.553951263427734 934.62451171875 
670.130615234375 16.472091674804688 935.349365234375 
669.32476806640625 15.234330177307129 936.20611572265625 
672.52362060546875 15.59832763671875 937.0809326171875 
671.30072021484375 13.903506278991699 938.0328369140625 
674.1536865234375 13.962239265441895 938.99749755859375 
672.89520263671875 12.404331207275391 940.04632568359375 
675.97137451171875 12.567944526672363 940.85089111328125 
673.850830078125 10.752530097961426 942.436767578125 
676.1824951171875 10.579379081726074 942.71002197265625 
678.5509033203125 12.014240264892578 942.54583740234375 
674.87347412109375 9.1301746368408203 944.6353759765625 
677.7451171875 9.5121927261352539 943.99615478515625 
680.83355712890625 11.340941429138184 944.0718994140625 
679.58648681640625 8.3123483657836914 945.54437255859375 
682.900390625 10.429228782653809 945.70928955078125 
681.70123291015625 7.2392683029174805 947.231689453125 
684.916259765625 9.411402702331543 947.38519287109375 
684.32452392578125 6.6704201698303223 948.95233154296875 
687.17523193359375 9.0313282012939453 949.22906494140625 
686.82177734375 6.547203540802002 951.05584716796875 
689.40667724609375 8.7304515838623047 951.428955078125 
688.8243408203125 6.1796212196350098 953.431640625 
686.39483642578125 4.9002442359924316 953.185302734375 
683.8494873046875 4.7748599052429199 951.67230224609375 
679.376220703125 5.3166904449462891 951.426513671875 
676.1783447265625 7.6539301872253418 946.70184326171875 
677.4462890625 6.4125261306762695 949.12713623046875 
676.74151611328125 13.637148857116699 940.93914794921875 
671.6156005859375 18.783100128173828 935.7855224609375 
673.215087890625 16.701217651367188 937.32586669921875 
674.84442138671875 14.922774314880371 939.07763671875 
621.74249267578125 46.421539306640625 1038.0843505859375 
619.6395263671875 45.45953369140625 1036.6572265625 
622.0953369140625 46.236473083496094 1036.266357421875 
655.1351318359375 53.900852203369141 1018.3775024414062 
657.73681640625 53.655261993408203 1016.8870849609375 
657.24078369140625 55.174217224121094 1019.251220703125 
623.5057373046875 46.965244293212891 1037.7626953125 
624.42547607421875 47.185661315917969 1036.1260986328125 
623.62298583984375 47.584197998046875 1039.3961181640625 
625.36505126953125 47.794109344482422 1038.4320068359375 
626.79608154296875 48.137546539306641 1036.3348388671875 
652.6326904296875 54.199012756347656 1019.8911743164062 
654.9530029296875 55.057544708251953 1020.2791137695312 
656.32763671875 56.543586730957031 1021.617431640625 
650.3909912109375 54.575412750244141 1021.63623046875 
653.42449951171875 55.612567901611328 1022.0499877929688 
627.76776123046875 48.92041015625 1039.4593505859375 
629.188720703125 49.083889007568359 1036.7626953125 
625.713623046875 48.776943206787109 1040.510498046875 
629.8023681640625 49.313232421875 1038.3624267578125 
631.54547119140625 50.164718627929688 1036.16748046875 
632.58038330078125 50.362628936767578 1038.694091796875 
633.7149658203125 51.269344329833984 1035.22216796875 
635.24896240234375 51.798286437988281 1038.82861328125 
636.555419921875 52.530914306640625 1036.0067138671875 
635.346435546875 52.282489776611328 1033.348876953125 
637.86700439453125 53.458660125732422 1038.6866455078125 
640.4896240234375 55.217437744140625 1038.160888671875 
639.11492919921875 53.924266815185547 1035.88916015625 
648.2554931640625 54.873275756835938 1023.4715576171875 
651.28790283203125 56.1915283203125 1024.4342041015625 
637.66485595703125 53.150608062744141 1033.9202880859375 
637.05096435546875 53.145969390869141 1031.479736328125 
640.097412109375 54.228870391845703 1032.9490966796875 
639.0665283203125 53.878852844238281 1029.809814453125 
642.32965087890625 54.951362609863281 1030.7989501953125 
641.37554931640625 54.4566650390625 1028.376220703125 
654.94659423828125 57.609027862548828 1024.0006103515625 
644.500244140625 55.472103118896484 1029.054443359375 
643.7286376953125 54.824649810791016 1026.8695068359375 
653.48931884765625 58.577106475830078 1026.379638671875 
643.0538330078125 57.083774566650391 1037.4012451171875 
641.80194091796875 55.487312316894531 1035.469482421875 
644.45233154296875 57.285678863525391 1035.1031494140625 
649.9459228515625 57.218093872070312 1027.4141845703125 
652.09246826171875 59.461067199707031 1028.7969970703125 
650.09979248046875 58.600868225097656 1029.601318359375 
648.45880126953125 55.716766357421875 1025.5704345703125 
646.06842041015625 54.972545623779297 1025.2655029296875 
646.70794677734375 55.754192352294922 1027.328857421875 
645.94415283203125 57.477405548095703 1032.830322265625 
643.341796875 55.890796661376953 1033.08837890625 
647.4813232421875 56.917873382568359 1029.40185546875 
648.22589111328125 58.495712280273438 1031.6044921875 
645.3260498046875 56.44482421875 1031.1710205078125 
678.4974365234375 27.423372268676758 965.248291015625 
679.9493408203125 29.929347991943359 966.74066162109375 
680.5089111328125 28.305908203125 964.1697998046875 
641.04681396484375 44.038093566894531 939.25970458984375 
640.89703369140625 44.563240051269531 941.82122802734375 
641.1502685546875 41.964862823486328 940.1466064453125 
678.46820068359375 26.199970245361328 962.99554443359375 
680.47393798828125 26.45417594909668 961.4205322265625 
678.3858642578125 24.934436798095703 960.73980712890625 
679.41339111328125 24.708194732666016 959.0791015625 
676.37548828125 22.846406936645508 959.41375732421875 
677.229248046875 23.117912292480469 957.40472412109375 
674.23291015625 20.420007705688477 957.3228759765625 
675.2030029296875 21.965044021606445 955.51873779296875 
672.61431884765625 19.547431945800781 954.89434814453125 
673.16302490234375 21.230655670166016 953.60302734375 
670.790283203125 18.401336669921875 952.64215087890625 
671.16815185546875 20.796909332275391 951.71551513671875 
669.1251220703125 19.302560806274414 950.57440185546875 
669.74664306640625 21.376667022705078 949.4931640625 
667.39337158203125 20.255535125732422 948.62261962890625 
668.23529052734375 22.152177810668945 947.45361328125 
665.61663818359375 21.318141937255859 946.7862548828125 
666.57330322265625 23.147415161132812 945.67718505859375 
663.674560546875 22.502704620361328 945.2054443359375 
664.78729248046875 24.340560913085938 944.20599365234375 
661.49493408203125 23.626930236816406 943.92437744140625 
662.91204833984375 25.671989440917969 942.95477294921875 
659.19671630859375 24.741945266723633 942.77569580078125 
660.033935546875 26.321756362915039 942.36907958984375 
656.87689208984375 25.91008186340332 941.6226806640625 
657.8338623046875 27.943029403686523 941.23077392578125 
654.5556640625 27.223560333251953 940.5072021484375 
655.49078369140625 29.544557571411133 940.14105224609375 
652.3133544921875 28.898260116577148 939.54290771484375 
653.609130859375 31.650516510009766 938.72406005859375 
651.24932861328125 29.704290390014648 939.111083984375 
650.14300537109375 30.494684219360352 938.62890625 
651.182373046875 32.955604553222656 937.7860107421875 
647.83514404296875 32.371677398681641 937.8907470703125 
648.91912841796875 34.6529541015625 936.916748046875 
645.71734619140625 34.598388671875 937.4375 
646.84027099609375 36.604305267333984 935.9771728515625 
644.005615234375 37.187885284423828 937.6336669921875 
644.54180908203125 38.448436737060547 936.2105712890625 
642.24652099609375 39.517017364501953 938.645263671875 
642.79949951171875 40.858173370361328 936.1572265625 
641.3294677734375 43.402446746826172 936.6741943359375 
641.68328857421875 41.946384429931641 938.189697265625 
676.2947998046875 44.041175842285156 970.0814208984375 
677.72674560546875 46.011325836181641 969.63623046875 
679.11529541015625 43.208465576171875 969.9949951171875 
678.10833740234375 41.824604034423828 970.39825439453125 
641.92755126953125 42.691535949707031 934.10498046875 
681.47613525390625 40.779525756835938 969.8612060546875 
679.86669921875 39.485641479492188 970.50982666015625 
682.34918212890625 38.180267333984375 969.72283935546875 
681.0958251953125 36.959068298339844 970.12188720703125 
683.30706787109375 35.647354125976562 969.07208251953125 
681.3719482421875 34.23004150390625 969.29833984375 
684.32525634765625 33.261314392089844 967.54705810546875 
682.16876220703125 32.216415405273438 967.567626953125 
684.5513916015625 30.884832382202148 965.6815185546875 
682.488037109375 30.284151077270508 965.4873046875 
683.45184326171875 28.855609893798828 963.7620849609375 
682.596923828125 26.881742477416992 961.42254638671875 
681.66754150390625 25.024421691894531 958.938720703125 
679.7137451171875 23.625329971313477 956.96539306640625 
677.684814453125 22.653310775756836 954.9443359375 
675.7542724609375 22.06425666809082 952.82281494140625 
673.84185791015625 21.882665634155273 950.7781982421875 
672.01361083984375 22.188682556152344 948.80230712890625 
670.25592041015625 22.845548629760742 946.94134521484375 
668.77606201171875 23.88047981262207 944.93017578125 
666.99139404296875 25.01194953918457 943.3182373046875 
665.20562744140625 26.364126205444336 941.88250732421875 
645.475341796875 39.004898071289062 931.553466796875 
644.003173828125 40.258842468261719 928.72467041015625 
643.21337890625 41.1939697265625 931.78656005859375 
663.57342529296875 27.798620223999023 940.25677490234375 
661.2984619140625 27.73333740234375 941.3524169921875 
662.00299072265625 29.163486480712891 938.4261474609375 
659.2861328125 29.588800430297852 939.9798583984375 
659.84698486328125 30.357481002807617 937.14874267578125 
656.88397216796875 31.219038009643555 938.86370849609375 
657.34063720703125 31.633127212524414 936.867431640625 
647.48291015625 37.397125244140625 933.53265380859375 
649.78564453125 35.736080169677734 934.77197265625 
652.31036376953125 34.316795349121094 935.65155029296875 
654.8292236328125 32.972892761230469 936.40277099609375 
612.22222900390625 44.603450775146484 1033.12158203125 
615.19427490234375 45.126056671142578 1033.5316162109375 
614.2728271484375 44.258583068847656 1034.758056640625 
611.21112060546875 43.876754760742188 1034.5655517578125 
609.23736572265625 44.003520965576172 1032.6600341796875 
608.17431640625 43.383590698242188 1034.8546142578125 
606.0220947265625 43.747215270996094 1031.6322021484375 
605.1583251953125 43.067295074462891 1033.5416259765625 
594.69500732421875 42.948467254638672 1030.245361328125 
593.9388427734375 43.618122100830078 1028.9332275390625 
596.70452880859375 43.617046356201172 1028.8360595703125 
598.336669921875 42.881278991699219 1031.4718017578125 
599.20025634765625 44.107082366943359 1028.6583251953125 
601.892578125 42.96759033203125 1032.19091796875 
602.66668701171875 43.714473724365234 1030.324951171875 
593.3841552734375 44.287979125976562 1028.1265869140625 
590.0205078125 44.225429534912109 1029.6544189453125 
592.38214111328125 45.238315582275391 1028.15478515625 
623.22857666015625 56.246906280517578 1010.391845703125 
623.819091796875 55.109447479248047 1008.1768798828125 
624.859130859375 55.064067840576172 1010.6422729492188 
595.05780029296875 46.291454315185547 1027.25146484375 
596.8857421875 44.923549652099609 1027.4500732421875 
598.08270263671875 46.998603820800781 1027.076416015625 
600.4788818359375 45.3140869140625 1027.938720703125 
601.17803955078125 47.343910217285156 1027.655517578125 
603.9644775390625 45.15155029296875 1029.2109375 
605.35260009765625 47.136764526367188 1028.76806640625 
603.2261962890625 49.112579345703125 1027.954833984375 
606.9410400390625 49.081275939941406 1028.596435546875 
604.9305419921875 51.171092987060547 1028.2298583984375 
608.77984619140625 50.90814208984375 1028.593505859375 
606.771484375 53.145133972167969 1028.485107421875 
610.90350341796875 52.498565673828125 1028.56103515625 
608.90570068359375 54.909889221191406 1028.676513671875 
611.16583251953125 56.420391082763672 1028.712646484375 
613.1082763671875 53.920307159423828 1028.3623046875 
613.6871337890625 57.222728729248047 1028.2706298828125 
615.4083251953125 55.032009124755859 1027.785888671875 
616.03009033203125 57.994888305664062 1027.4190673828125 
617.5936279296875 56.006755828857422 1026.832763671875 
617.93963623046875 59.339801788330078 1026.343994140625 
619.45562744140625 57.077690124511719 1025.5177001953125 
619.8275146484375 59.661026000976562 1024.599853515625 
620.91973876953125 58.185024261474609 1023.8535766601562 
621.27850341796875 59.730648040771484 1022.4835815429688 
622.660888671875 57.773048400878906 1022.0118408203125 
622.40423583984375 59.354927062988281 1020.1912841796875 
624.18804931640625 57.207744598388672 1020.0597534179688 
623.30718994140625 58.514373779296875 1017.8973999023438 
624.97357177734375 56.903724670410156 1017.6825561523438 
623.73773193359375 57.789096832275391 1015.441650390625 
625.70147705078125 56.142482757568359 1015.3306884765625 
623.8656005859375 56.811393737792969 1012.9860229492188 
626.44598388671875 55.148563385009766 1013.0502319335938 
584.474609375 43.149421691894531 1039.8409423828125 
582.6617431640625 43.50634765625 1042.815185546875 
583.71099853515625 44.532703399658203 1040.2982177734375 
628.18890380859375 55.075531005859375 1015.4324340820312 
584.68096923828125 43.952003479003906 1037.5302734375 
585.3551025390625 42.720844268798828 1036.6322021484375 
585.85638427734375 43.232013702392578 1034.9287109375 
586.9892578125 42.469318389892578 1033.729248046875 
587.71282958984375 43.66455078125 1031.9871826171875 
589.46533203125 42.544109344482422 1031.6051025390625 
591.83160400390625 43.215522766113281 1029.7327880859375 
627.02911376953125 55.779510498046875 1017.1216430664062 
629.3253173828125 55.081214904785156 1017.9736938476562 
627.03448486328125 55.8316650390625 1019.141845703125 
629.72418212890625 54.962825775146484 1020.5089111328125 
627.10662841796875 55.546768188476562 1021.453125 
629.7197265625 54.613864898681641 1022.987548828125 
607.143310546875 45.360549926757812 1030.1143798828125 
627.01934814453125 54.971931457519531 1023.77392578125 
629.446533203125 54.001121520996094 1025.368408203125 
626.7415771484375 54.010509490966797 1026.1654052734375 
607.878662109375 47.020870208740234 1029.4521484375 
609.7777099609375 48.100784301757812 1029.6053466796875 
611.8438720703125 49.573070526123047 1029.56005859375 
613.72027587890625 51.118209838867188 1029.193603515625 
615.72552490234375 52.297580718994141 1028.849853515625 
609.96337890625 45.840389251708984 1030.8458251953125 
617.750244140625 53.407413482666016 1028.2449951171875 
623.9921875 55.601253509521484 1024.3179931640625 
624.10992431640625 53.892925262451172 1026.9395751953125 
619.64971923828125 54.610645294189453 1027.2177734375 
621.6204833984375 55.412265777587891 1025.8782958984375 
621.6414794921875 53.542064666748047 1027.8004150390625 
619.7149658203125 52.339523315429688 1028.9691162109375 
618.35235595703125 50.597850799560547 1030.150634765625 
613.0025634765625 46.800727844238281 1031.3017578125 
616.690673828125 46.760467529296875 1032.59130859375 
617.52642822265625 48.626461029052734 1031.4371337890625 
614.82745361328125 48.724452972412109 1030.6300048828125 
616.031982421875 50.209938049316406 1030.0234375 
624.97674560546875 56.103118896484375 1022.2743530273438 
625.4061279296875 87.030082702636719 1103.746826171875 
623.19415283203125 85.8095703125 1105.6734619140625 
623.83624267578125 84.191337585449219 1102.8258056640625 
694.88623046875 106.47020721435547 1062.484130859375 
694.2337646484375 109.294921875 1061.6287841796875 
693.36151123046875 108.24376678466797 1064.60546875 
692.643310546875 110.47113037109375 1064.0938720703125 
690.9652099609375 111.13665008544922 1066.4830322265625 
624.34039306640625 82.874687194824219 1099.8631591796875 
624.42041015625 81.313705444335938 1097.0234375 
626.03802490234375 84.245773315429688 1097.875 
626.251708984375 83.149757385253906 1095.1033935546875 
691.7137451171875 107.42967224121094 1067.1220703125 
689.330322265625 110.40716552734375 1069.3531494140625 
672.94390869140625 79.913406372070312 1030.088134765625 
676.46575927734375 81.275550842285156 1028.2379150390625 
674.96099853515625 82.222801208496094 1031.9608154296875 
679.61273193359375 83.910079956054688 1029.476318359375 
625.8079833984375 85.605888366699219 1100.839599609375 
627.48382568359375 88.676651000976562 1102.01513671875 
684.45751953125 91.723861694335938 1036.1427001953125 
685.71160888671875 95.083351135253906 1036.5843505859375 
678.580078125 84.827507019042969 1032.7064208984375 
682.39080810546875 86.702583312988281 1030.7117919921875 
681.03021240234375 87.067146301269531 1033.8118896484375 
682.78497314453125 89.234443664550781 1035.1402587890625 
627.77459716796875 85.755805969238281 1095.73828125 
627.98455810546875 84.753067016601562 1092.864990234375 
689.1763916015625 106.96067810058594 1069.57666015625 
686.989013671875 110.04298400878906 1071.8016357421875 
629.527099609375 87.217292785644531 1093.3975830078125 
629.62982177734375 86.0693359375 1090.3572998046875 
631.3214111328125 88.53643798828125 1090.858642578125 
631.3004150390625 87.191009521484375 1087.7735595703125 
633.12591552734375 89.593658447265625 1088.1470947265625 
632.87738037109375 87.977890014648438 1085.01611328125 
634.9173583984375 90.363327026367188 1085.3302001953125 
634.38348388671875 88.4207763671875 1082.1246337890625 
636.68792724609375 90.827812194824219 1082.450927734375 
635.9801025390625 88.671165466308594 1079.2762451171875 
638.39166259765625 90.983573913574219 1079.4481201171875 
637.37371826171875 88.5245361328125 1076.3125 
639.9749755859375 90.809783935546875 1076.355712890625 
638.742919921875 88.140892028808594 1073.3624267578125 
641.5340576171875 90.450828552246094 1073.29052734375 
640.27716064453125 87.790451049804688 1070.5260009765625 
643.12164306640625 89.995307922363281 1070.3663330078125 
642.0250244140625 87.563560485839844 1067.8553466796875 
644.796142578125 89.563552856445312 1067.6834716796875 
643.84991455078125 87.245071411132812 1065.302978515625 
646.582275390625 89.172149658203125 1065.1845703125 
645.74896240234375 86.93994140625 1062.84375 
648.496337890625 88.821311950683594 1062.80859375 
647.71044921875 86.576675415039062 1060.476318359375 
650.44696044921875 88.394432067871094 1060.4654541015625 
649.6146240234375 86.059822082519531 1058.1160888671875 
652.29425048828125 87.780830383300781 1058.0777587890625 
651.18426513671875 85.217788696289062 1055.6536865234375 
684.398681640625 92.307640075683594 1039.05419921875 
686.59295654296875 96.193702697753906 1039.17431640625 
696.81719970703125 104.35227966308594 1054.242919921875 
696.51971435546875 106.32463073730469 1056.993408203125 
696.17791748046875 103.16407775878906 1058.3707275390625 
695.60479736328125 105.41828918457031 1061.2291259765625 
695.91534423828125 102.41751861572266 1052.5177001953125 
695.478271484375 101.17816162109375 1056.023193359375 
686.2110595703125 106.76859283447266 1071.8160400390625 
684.354248046875 110.23931121826172 1074.2630615234375 
682.8114013671875 106.78099822998047 1073.7655029296875 
681.59991455078125 110.34382629394531 1076.6142578125 
679.6480712890625 107.35758209228516 1075.8553466796875 
678.76617431640625 110.30323791503906 1078.8348388671875 
676.510986328125 107.88199615478516 1078.0494384765625 
675.9014892578125 110.42166900634766 1081.052490234375 
673.42822265625 108.43790435791016 1080.3868408203125 
673.10028076171875 110.80530548095703 1083.328369140625 
670.52923583984375 108.93512725830078 1082.8563232421875 
670.4312744140625 111.48146820068359 1085.68505859375 
667.8311767578125 109.34090423583984 1085.3211669921875 
667.6678466796875 111.69593048095703 1087.9027099609375 
665.205322265625 109.62406158447266 1087.76806640625 
664.97393798828125 112.12990570068359 1090.20068359375 
662.49749755859375 109.86133575439453 1090.3463134765625 
662.2344970703125 112.65444946289062 1092.3717041015625 
659.85528564453125 110.45077514648438 1093.282470703125 
659.4393310546875 113.56324768066406 1094.4063720703125 
656.97100830078125 112.16732788085938 1096.1217041015625 
656.84393310546875 109.16168975830078 1094.5213623046875 
654.34515380859375 111.15516662597656 1097.7857666015625 
653.62713623046875 108.14025115966797 1096.218017578125 
651.6282958984375 110.28205871582031 1099.3681640625 
650.0203857421875 106.966796875 1098.0819091796875 
648.80865478515625 109.76554107666016 1100.910888671875 
646.67413330078125 107.62110900878906 1101.4891357421875 
646.61541748046875 104.96385192871094 1098.565673828125 
644.3837890625 105.68498992919922 1101.7333984375 
643.71783447265625 103.33682250976562 1099.2523193359375 
641.875732421875 104.04726409912109 1102.3140869140625 
641.511474609375 102.14263153076172 1100.07861328125 
639.70208740234375 101.99875640869141 1102.1866455078125 
639.8616943359375 100.43759155273438 1099.35009765625 
637.73187255859375 99.787940979003906 1101.5386962890625 
637.875732421875 98.394844055175781 1098.574951171875 
635.804443359375 97.526679992675781 1100.76318359375 
635.800537109375 96.192512512207031 1097.9051513671875 
633.81939697265625 95.231178283691406 1100.2080078125 
633.600341796875 93.807655334472656 1097.516845703125 
631.72235107421875 92.9515380859375 1100.2401123046875 
631.13671875 91.03167724609375 1097.494873046875 
629.5869140625 90.709228515625 1100.810302734375 
627.57403564453125 86.935661315917969 1098.6646728515625 
629.01727294921875 89.1326904296875 1099.0784912109375 
653.9603271484375 86.950202941894531 1055.6292724609375 
652.27642822265625 83.898033142089844 1053.1248779296875 
655.65875244140625 86.070106506347656 1053.1964111328125 
654.4000244140625 83.496131896972656 1050.9774169921875 
657.46063232421875 85.242546081542969 1050.7724609375 
656.2415771484375 82.786087036132812 1048.6754150390625 
659.129638671875 84.24053955078125 1048.3016357421875 
657.3863525390625 81.545463562011719 1046.2296142578125 
660.56817626953125 83.069366455078125 1045.7401123046875 
658.18304443359375 80.041152954101562 1043.7857666015625 
662.23211669921875 81.767562866210938 1042.836669921875 
658.9447021484375 78.556571960449219 1041.3587646484375 
662.31121826171875 79.62628173828125 1039.9013671875 
659.75506591796875 77.125160217285156 1038.9417724609375 
662.5152587890625 78.217681884765625 1037.8756103515625 
661.137939453125 76.149147033691406 1036.5552978515625 
664.4154052734375 78.066551208496094 1036.0355224609375 
663.246337890625 75.85430908203125 1034.3148193359375 
666.74285888671875 77.945137023925781 1033.6839599609375 
665.65240478515625 76.009147644042969 1032.1544189453125 
669.1805419921875 77.774551391601562 1030.8914794921875 
670.47216796875 79.958999633789062 1032.9366455078125 
684.94561767578125 93.473770141601562 1041.8067626953125 
687.543701171875 98.214523315429688 1041.1580810546875 
686.1663818359375 94.927169799804688 1044.21728515625 
689.70782470703125 99.111228942871094 1043.1363525390625 
687.3284912109375 95.9737548828125 1046.6923828125 
691.15155029296875 98.657623291015625 1046.1248779296875 
694.282470703125 101.64855194091797 1050.3604736328125 
694.09442138671875 99.68792724609375 1053.8382568359375 
692.49072265625 99.802963256835938 1048.61328125 
692.260986328125 98.548408508300781 1051.9652099609375 
688.66455078125 96.844200134277344 1049.1298828125 
689.84393310546875 97.469345092773438 1051.0577392578125 
693.43328857421875 104.85209655761719 1064.662841796875 
694.90496826171875 103.34088134765625 1061.7955322265625 
629.35687255859375 88.327056884765625 1096.4049072265625 
631.29547119140625 89.808967590332031 1094.0009765625 
671.5255126953125 81.986274719238281 1035.2021484375 
675.26434326171875 84.026557922363281 1034.952392578125 
678.12591552734375 85.747901916503906 1035.04296875 
679.64483642578125 87.3997802734375 1036.475341796875 
681.74169921875 89.583030700683594 1038.0264892578125 
633.382568359375 92.44024658203125 1094.4835205078125 
633.26251220703125 91.076202392578125 1091.3143310546875 
690.56402587890625 104.1439208984375 1066.75244140625 
691.96240234375 102.47144317626953 1063.722900390625 
687.346435546875 104.49965667724609 1068.7843017578125 
683.89849853515625 105.06121826171875 1070.824951171875 
680.43695068359375 105.61188507080078 1072.856201171875 
635.66290283203125 94.899017333984375 1094.924560546875 
637.8707275390625 97.185775756835938 1095.582275390625 
640.02728271484375 99.301170349121094 1096.4041748046875 
642.12786865234375 101.31175231933594 1097.4483642578125 
635.49285888671875 93.552902221679688 1091.8056640625 
635.2567138671875 92.080406188964844 1088.5804443359375 
637.25799560546875 92.806007385253906 1085.805908203125 
637.79498291015625 95.908866882324219 1092.470703125 
637.6082763671875 94.502433776855469 1089.2130126953125 
640.0599365234375 98.130424499511719 1093.3157958984375 
642.416748046875 100.27153778076172 1094.2952880859375 
639.99810791015625 96.8516845703125 1090.069580078125 
642.3826904296875 99.036048889160156 1091.0750732421875 
645.18280029296875 102.69707489013672 1095.608642578125 
644.92413330078125 101.1103515625 1092.068115234375 
639.80352783203125 95.290084838867188 1086.545166015625 
642.3128662109375 97.697540283203125 1087.66455078125 
644.78155517578125 99.845809936523438 1088.8778076171875 
677.0535888671875 106.11032104492188 1075.0028076171875 
688.564453125 102.92803955078125 1065.8460693359375 
639.27105712890625 93.288253784179688 1082.891357421875 
667.7489013671875 79.988494873046875 1035.66455078125 
665.13739013671875 79.996513366699219 1037.9949951171875 
668.59222412109375 82.047218322753906 1037.9532470703125 
665.60028076171875 82.00225830078125 1040.4156494140625 
641.1190185546875 93.379913330078125 1079.693603515625 
642.31304931640625 96.009361267089844 1083.5438232421875 
644.76776123046875 98.5712890625 1085.566650390625 
673.67333984375 106.63576507568359 1077.33056640625 
670.39764404296875 107.16222381591797 1079.92138671875 
667.55462646484375 107.70711517333984 1082.6309814453125 
665.0601806640625 108.10006713867188 1085.166015625 
662.35302734375 108.23468017578125 1087.6612548828125 
659.09808349609375 108.21038818359375 1090.73046875 
664.14227294921875 84.770439147949219 1045.556396484375 
666.37255859375 84.272239685058594 1043.1424560546875 
662.44891357421875 85.773193359375 1048.0516357421875 
660.7413330078125 86.819175720214844 1050.5958251953125 
658.9730224609375 87.821235656738281 1053.181640625 
657.1551513671875 88.770805358886719 1055.68798828125 
642.82598876953125 93.085647583007812 1076.417236328125 
644.5216064453125 92.621719360351562 1073.2154541015625 
646.00274658203125 91.936630249023438 1070.1546630859375 
647.50360107421875 91.352531433105469 1067.5509033203125 
649.372802734375 91.025779724121094 1065.2230224609375 
651.375732421875 90.639968872070312 1062.8785400390625 
653.384521484375 90.165275573730469 1060.522216796875 
643.99114990234375 95.580833435058594 1079.81640625 
645.010009765625 97.481414794921875 1082.583740234375 
655.3028564453125 89.564559936523438 1058.1412353515625 
680.5787353515625 90.338279724121094 1041.31982421875 
677.9698486328125 87.790748596191406 1039.14990234375 
676.188232421875 85.785118103027344 1037.1859130859375 
672.44744873046875 83.994552612304688 1037.6337890625 
645.9263916015625 95.318595886230469 1076.585693359375 
646.87066650390625 97.583274841308594 1080.2205810546875 
647.2220458984375 99.234481811523438 1083.600341796875 
647.268310546875 100.55877685546875 1086.779052734375 
647.42926025390625 101.79602813720703 1089.826904296875 
647.774169921875 103.13277435302734 1092.7115478515625 
648.74163818359375 104.75057983398438 1095.342041015625 
652.00445556640625 106.21511840820312 1094.457275390625 
650.404052734375 104.70280456542969 1092.925048828125 
650.28704833984375 103.70702362060547 1090.59033203125 
650.08447265625 102.45840454101562 1087.7442626953125 
649.91015625 101.14608001708984 1084.68408203125 
655.32470703125 107.25770568847656 1092.822265625 
653.005615234375 105.51084136962891 1091.54052734375 
656.17266845703125 106.27512359619141 1089.6058349609375 
653.1434326171875 104.41901397705078 1088.6590576171875 
652.96337890625 103.0443115234375 1085.586669921875 
656.23699951171875 104.93478393554688 1086.454345703125 
659.3597412109375 106.6956787109375 1087.26904296875 
662.32318115234375 106.82270050048828 1084.8671875 
664.843994140625 106.83076477050781 1082.90673828125 
659.4576416015625 105.28328704833984 1084.1707763671875 
662.7005615234375 105.55373382568359 1081.9971923828125 
656.158935546875 103.35286712646484 1082.9923095703125 
659.8863525390625 103.9578857421875 1081.0882568359375 
649.70196533203125 99.660148620605469 1081.3541259765625 
652.6015625 101.55580139160156 1082.5450439453125 
648.01251220703125 94.754241943359375 1072.955078125 
648.44891357421875 93.261550903320312 1069.72265625 
650.20062255859375 93.1224365234375 1067.72509765625 
652.34381103515625 92.868522644042969 1065.4322509765625 
654.4814453125 92.405769348144531 1063.022216796875 
656.5140380859375 91.827865600585938 1060.6278076171875 
658.546630859375 91.235496520996094 1058.2430419921875 
693.36602783203125 101.05593872070312 1060.12060546875 
689.718017578125 101.43646240234375 1062.8486328125 
692.24908447265625 99.407814025878906 1057.35498046875 
690.302001953125 100.21857452392578 1060.2012939453125 
690.51080322265625 98.31597900390625 1055.24365234375 
688.4085693359375 97.543144226074219 1053.466064453125 
688.0511474609375 99.248214721679688 1058.645751953125 
686.517333984375 98.133071899414062 1056.2293701171875 
669.72381591796875 84.409645080566406 1040.6676025390625 
673.995849609375 86.050529479980469 1039.7498779296875 
675.893310546875 88.10302734375 1041.7431640625 
672.39990234375 86.564529418945312 1041.9591064453125 
669.87738037109375 86.326972961425781 1043.5592041015625 
665.84417724609375 87.282203674316406 1047.9468994140625 
667.6036376953125 86.559036254882812 1045.6654052734375 
677.37738037109375 90.034271240234375 1044.035400390625 
681.6859130859375 92.243995666503906 1044.2777099609375 
682.5733642578125 93.752403259277344 1046.8936767578125 
683.250244140625 95.163787841796875 1049.8740234375 
673.39581298828125 88.147567749023438 1043.9031982421875 
670.99468994140625 88.202888488769531 1045.77685546875 
650.71942138671875 95.059951782226562 1070.527587890625 
653.09710693359375 94.9613037109375 1068.2681884765625 
655.87689208984375 94.801399230957031 1065.813232421875 
657.6785888671875 93.87396240234375 1063.019775390625 
659.7545166015625 93.339447021484375 1060.73583984375 
666.5810546875 105.8592529296875 1079.9327392578125 
663.302734375 104.18923187255859 1078.9815673828125 
670.36004638671875 105.38838195800781 1076.8983154296875 
666.8812255859375 104.05545043945312 1076.517822265625 
673.9656982421875 104.91100311279297 1074.331787109375 
677.5689697265625 104.46808624267578 1072.0491943359375 
681.19927978515625 104.03128814697266 1069.9490966796875 
684.9227294921875 103.52572631835938 1067.90185546875 
685.99969482421875 102.0645751953125 1064.9725341796875 
687.018310546875 100.69526672363281 1061.9793701171875 
670.5374755859375 103.65859222412109 1073.8485107421875 
674.310791015625 103.27120971679688 1071.378662109375 
678.14471435546875 102.94473266601562 1069.17333984375 
682.05462646484375 102.56609344482422 1067.0556640625 
683.01922607421875 101.17694854736328 1064.0982666015625 
683.99249267578125 99.869918823242188 1061.0595703125 
684.525390625 98.818138122558594 1058.56787109375 
649.57049560546875 97.724357604980469 1077.209716796875 
651.44281005859375 96.983016967773438 1073.6357421875 
652.44012451171875 100.13636016845703 1079.445556640625 
654.74188232421875 101.68119049072266 1080.69091796875 
657.3892822265625 102.38938903808594 1079.8426513671875 
660.37628173828125 102.73359680175781 1078.2174072265625 
653.16217041015625 99.037521362304688 1076.2398681640625 
655.32684326171875 100.81071472167969 1078.18701171875 
657.99652099609375 101.48949432373047 1077.452880859375 
656.7020263671875 99.949165344238281 1075.1531982421875 
654.1937255859375 98.252273559570312 1073.6688232421875 
653.61395263671875 96.800529479980469 1071.1947021484375 
663.524169921875 102.72652435302734 1076.054931640625 
660.294189453125 101.39926147460938 1075.543701171875 
666.91021728515625 102.45429229736328 1073.558349609375 
663.3350830078125 101.24883270263672 1073.2801513671875 
659.8455810546875 99.926986694335938 1072.798583984375 
656.5877685546875 98.407249450683594 1072.0152587890625 
656.198486328125 96.754669189453125 1069.0894775390625 
659.3963623046875 98.359970092773438 1069.974609375 
658.97210693359375 96.754844665527344 1067.2127685546875 
658.93115234375 95.460678100585938 1064.91845703125 
660.813232421875 95.072578430175781 1063.092529296875 
662.83111572265625 99.721946716308594 1070.5819091796875 
662.19915771484375 98.153839111328125 1067.93994140625 
661.58563232421875 96.608413696289062 1065.4190673828125 
666.4755859375 100.87540435791016 1070.841796875 
670.69085693359375 101.90585327148438 1070.6146240234375 
665.68280029296875 99.310447692871094 1068.2969970703125 
669.28680419921875 100.22613525390625 1068.2366943359375 
664.87091064453125 97.772087097167969 1065.78955078125 
664.01715087890625 96.206214904785156 1063.3590087890625 
668.422607421875 98.711143493652344 1065.7935791015625 
663.1055908203125 94.604461669921875 1060.9678955078125 
662.054931640625 92.734481811523438 1058.4278564453125 
660.62615966796875 90.443443298339844 1055.7508544921875 
662.52203369140625 89.377601623535156 1053.073974609375 
664.2078857421875 88.262130737304688 1050.41796875 
669.2005615234375 88.6309814453125 1047.781982421875 
667.78533935546875 89.51116943359375 1050.060302734375 
666.3385009765625 90.625679016113281 1052.662353515625 
664.89678955078125 92.068450927734375 1055.815673828125 
665.57537841796875 94.125244140625 1058.8233642578125 
672.1134033203125 89.693458557128906 1047.4820556640625 
674.4744873046875 89.834907531738281 1046.037841796875 
678.236572265625 91.64288330078125 1046.5244140625 
671.369384765625 90.517410278320312 1049.4102783203125 
674.8314208984375 91.206550598144531 1048.2513427734375 
678.48870849609375 93.004905700683594 1049.099365234375 
686.07867431640625 96.635612487792969 1051.8701171875 
684.247314453125 97.160369873046875 1054.5657958984375 
682.5250244140625 97.893539428710938 1057.23388671875 
681.41357421875 95.842124938964844 1053.0841064453125 
679.9322509765625 96.677299499511719 1055.804443359375 
677.9261474609375 94.150657653808594 1051.8121337890625 
674.3585205078125 92.347282409667969 1050.6790771484375 
670.30706787109375 91.573150634765625 1051.8343505859375 
669.24102783203125 92.769760131835938 1054.4781494140625 
668.657470703125 94.1031494140625 1057.119873046875 
676.847900390625 95.147552490234375 1054.5018310546875 
673.47174072265625 93.436912536621094 1053.259033203125 
672.54937744140625 94.565185546875 1055.828369140625 
675.6192626953125 96.129989624023438 1057.139404296875 
678.27154541015625 97.556777954101562 1058.6593017578125 
680.94384765625 98.878471374511719 1060.0697021484375 
668.44757080078125 95.235916137695312 1059.26123046875 
671.56402587890625 95.623390197753906 1058.351806640625 
666.43499755859375 95.682479858398438 1061.1585693359375 
667.4739990234375 97.207687377929688 1063.4063720703125 
679.765869140625 100.12645721435547 1063.1766357421875 
678.898681640625 101.53097534179688 1066.2545166015625 
674.96795654296875 101.79037475585938 1068.4737548828125 
672.49591064453125 100.77719116210938 1067.723388671875 
672.133056640625 99.498504638671875 1065.4755859375 
676.0050048828125 98.807586669921875 1062.2310791015625 
673.87689208984375 97.108413696289062 1059.9886474609375 
669.8858642578125 96.511466979980469 1060.8748779296875 
671.3021240234375 97.990486145019531 1062.994384765625 
675.6539306640625 100.41748809814453 1065.5582275390625 
671.61285400390625 16.436141967773438 953.1680908203125 
673.454833984375 78.618751525878906 1026.9737548828125 
670.3857421875 77.084930419921875 1028.4080810546875 
671.06951904296875 75.84954833984375 1025.50341796875 
673.149169921875 17.232719421386719 955.87896728515625 
672.75177001953125 14.71083927154541 953.80072021484375 
674.31085205078125 15.175917625427246 956.4830322265625 
673.93121337890625 12.962454795837402 954.3531494140625 
675.8431396484375 12.962882041931152 957.074951171875 
675.812255859375 10.433732986450195 955.00506591796875 
625.14300537109375 80.658164978027344 1093.8087158203125 
623.56695556640625 78.774925231933594 1095.33447265625 
626.6632080078125 82.209945678710938 1091.9732666015625 
681.923583984375 5.8390851020812988 960.69085693359375 
683.44049072265625 4.8315753936767578 962.10009765625 
682.84698486328125 7.4247188568115234 962.75250244140625 
684.7926025390625 6.3201088905334473 964.74700927734375 
628.12420654296875 83.514617919921875 1089.7540283203125 
624.36083984375 78.283851623535156 1092.25439453125 
622.76190185546875 76.224784851074219 1093.6510009765625 
629.5797119140625 84.672584533691406 1087.3389892578125 
631.033447265625 85.578758239746094 1084.8245849609375 
632.4278564453125 86.1854248046875 1082.2042236328125 
683.94512939453125 9.1283884048461914 964.83367919921875 
686.43304443359375 7.9049520492553711 967.0166015625 
685.14373779296875 10.937087059020996 966.95404052734375 
688.01214599609375 9.6642208099365234 969.05712890625 
686.5784912109375 12.764555931091309 969.05487060546875 
689.5791015625 11.619586944580078 970.7940673828125 
623.6253662109375 75.793052673339844 1090.5694580078125 
621.99432373046875 73.638038635253906 1091.999267578125 
633.77374267578125 86.524543762207031 1079.490234375 
635.1260986328125 86.53741455078125 1076.745361328125 
636.47674560546875 86.320358276367188 1073.884521484375 
699.96014404296875 14.73076057434082 974.70648193359375 
700.18084716796875 17.464277267456055 975.00921630859375 
700.40130615234375 19.733419418334961 975.15594482421875 
698.39862060546875 21.577472686767578 975.8966064453125 
696.494140625 23.798463821411133 976.886962890625 
694.53680419921875 25.904031753540039 978.04376220703125 
692.3138427734375 27.816989898681641 979.54327392578125 
688.9979248046875 29.627225875854492 981.479248046875 
692.3675537109375 31.268062591552734 981.00933837890625 
688.4022216796875 31.282140731811523 982.9559326171875 
689.8763427734375 32.676406860351562 983.2611083984375 
685.4537353515625 32.554443359375 984.34039306640625 
687.06396484375 33.869407653808594 985.3812255859375 
677.65570068359375 7.9953699111938477 955.76165771484375 
679.5125732421875 5.6363191604614258 956.565185546875 
679.57403564453125 8.1755924224853516 958.758056640625 
681.1385498046875 8.4414520263671875 961.10797119140625 
695.83251953125 13.467392921447754 974.1639404296875 
695.75067138671875 16.191747665405273 974.7689208984375 
622.8428955078125 73.170158386230469 1088.9874267578125 
621.22833251953125 71.003021240234375 1090.463134765625 
622.09381103515625 70.481895446777344 1087.4266357421875 
620.486083984375 68.367767333984375 1088.989013671875 
621.30902099609375 67.612907409667969 1085.9093017578125 
619.819580078125 65.81365966796875 1087.423828125 
620.3553466796875 64.463211059570312 1084.4981689453125 
660.90631103515625 47.573898315429688 1006.8433837890625 
660.08221435546875 46.457473754882812 1004.8193359375 
663.23370361328125 46.798248291015625 1005.271728515625 
662.42864990234375 45.651317596435547 1002.9312133789062 
661.49102783203125 48.815322875976562 1008.8064575195312 
663.9205322265625 48.157417297363281 1007.3920288085938 
661.8642578125 50.150848388671875 1010.7041625976562 
664.40234375 49.628787994384766 1009.3690795898438 
637.88104248046875 85.980110168457031 1071.01318359375 
661.95294189453125 51.557899475097656 1012.5431518554688 
664.6197509765625 51.20361328125 1011.2271118164062 
674.67303466796875 17.837703704833984 958.4232177734375 
675.42913818359375 20.633316040039062 959.96942138671875 
692.4385986328125 12.493621826171875 972.66900634765625 
691.94781494140625 15.252931594848633 973.228271484375 
688.79254150390625 14.248948097229004 971.192138671875 
639.5177001953125 85.650978088378906 1068.1953125 
641.29595947265625 85.300155639648438 1065.5076904296875 
643.1190185546875 84.934638977050781 1062.96533203125 
644.98907470703125 84.567459106445312 1060.5543212890625 
646.7703857421875 84.088333129882812 1058.2252197265625 
648.4239501953125 83.414321899414062 1055.9417724609375 
649.84039306640625 82.560249328613281 1053.6220703125 
665.6458740234375 46.005435943603516 1003.5352783203125 
664.68682861328125 45.043712615966797 1000.73583984375 
677.69818115234375 10.572911262512207 957.76544189453125 
622.04656982421875 66.738021850585938 1082.8209228515625 
621.02740478515625 63.312648773193359 1081.5452880859375 
622.8203125 65.787361145019531 1079.6607666015625 
621.80364990234375 62.252506256103516 1078.59619140625 
623.5872802734375 64.560028076171875 1076.585693359375 
622.8045654296875 61.462837219238281 1075.6707763671875 
624.40338134765625 63.252120971679688 1073.844482421875 
623.836669921875 60.574142456054688 1072.8236083984375 
625.37359619140625 62.332454681396484 1071.32177734375 
624.9552001953125 59.670352935791016 1070.067626953125 
626.627685546875 61.7293701171875 1068.8662109375 
626.4365234375 59.23992919921875 1067.486572265625 
628.04876708984375 61.328880310058594 1066.4576416015625 
627.97412109375 58.757740020751953 1064.9854736328125 
629.5245361328125 61.111625671386719 1064.1533203125 
629.61602783203125 58.669589996337891 1062.6632080078125 
630.95928955078125 61.172443389892578 1061.995849609375 
631.23101806640625 58.799751281738281 1060.3951416015625 
632.41143798828125 61.757606506347656 1059.9617919921875 
632.89215087890625 59.749271392822266 1058.4600830078125 
667.31610107421875 75.322509765625 1029.482177734375 
668.14715576171875 45.510261535644531 1001.2587280273438 
666.5904541015625 44.156814575195312 998.5953369140625 
633.96148681640625 62.400691986083984 1057.751953125 
634.39178466796875 59.880176544189453 1056.1524658203125 
671.08551025390625 44.160480499267578 999.36810302734375 
667.81671142578125 42.849315643310547 996.46002197265625 
672.17803955078125 42.356590270996094 996.8514404296875 
669.16265869140625 41.666015625 994.24566650390625 
673.06439208984375 40.934856414794922 994.59088134765625 
670.039306640625 40.486568450927734 991.927490234375 
673.9521484375 39.61627197265625 992.3319091796875 
671.19976806640625 39.361080169677734 989.6378173828125 
675.00518798828125 38.269130706787109 990.15399169921875 
672.425048828125 38.137680053710938 987.43487548828125 
676.201171875 36.824127197265625 987.97821044921875 
673.3868408203125 36.845718383789062 985.13824462890625 
677.5902099609375 35.017494201660156 985.5750732421875 
674.2156982421875 35.521392822265625 982.69989013671875 
677.021728515625 33.855251312255859 982.9522705078125 
675.0107421875 34.210418701171875 980.05950927734375 
678.759765625 31.936698913574219 981.29486083984375 
675.8055419921875 32.869407653808594 977.22369384765625 
678.81500244140625 30.0064697265625 978.33233642578125 
676.71588134765625 31.557077407836914 974.17974853515625 
677.8604736328125 28.796880722045898 975.2998046875 
677.401123046875 30.245828628540039 971.32391357421875 
677.8978271484375 27.156440734863281 972.99407958984375 
677.51708984375 28.1085205078125 969.30303955078125 
678.17926025390625 25.219223022460938 970.95904541015625 
677.494873046875 25.82568359375 967.34576416015625 
678.39715576171875 22.982023239135742 968.8096923828125 
677.1917724609375 23.721689224243164 965.04534912109375 
635.52337646484375 62.532184600830078 1055.36474609375 
635.75152587890625 59.558540344238281 1053.7242431640625 
637.085205078125 62.629886627197266 1052.9825439453125 
637.29913330078125 60.076747894287109 1051.4281005859375 
638.74224853515625 63.013961791992188 1050.55029296875 
638.8067626953125 60.235366821289062 1049.070556640625 
640.8763427734375 63.686138153076172 1047.76171875 
640.0634765625 59.832347869873047 1046.6875 
642.203369140625 62.493782043457031 1045.166015625 
641.30682373046875 59.583278656005859 1044.3428955078125 
643.0947265625 61.788089752197266 1043.3211669921875 
642.99822998046875 60.178306579589844 1042.148193359375 
644.68621826171875 62.445503234863281 1041.539306640625 
644.58770751953125 60.506935119628906 1039.9337158203125 
646.451171875 62.866748809814453 1039.42236328125 
646.2213134765625 60.757938385009766 1037.7357177734375 
648.2486572265625 63.056774139404297 1037.2125244140625 
647.81329345703125 60.800773620605469 1035.528076171875 
650.10418701171875 62.974956512451172 1034.924560546875 
649.28668212890625 60.540374755859375 1033.290283203125 
651.8204345703125 62.535697937011719 1032.552978515625 
650.720458984375 60.109794616699219 1031.0316162109375 
653.37139892578125 61.822994232177734 1030.2572021484375 
655.41033935546875 61.301994323730469 1027.800048828125 
656.748291015625 59.903884887695312 1025.2039794921875 
658.05755615234375 58.670482635498047 1022.8919677734375 
659.3477783203125 57.398872375488281 1020.6138305664062 
660.8865966796875 56.052871704101562 1018.2015380859375 
661.39971923828125 54.31781005859375 1016.0216674804688 
659.01776123046875 52.769092559814453 1015.1563110351562 
661.9805908203125 52.93182373046875 1014.2037963867188 
660.2091064453125 51.789371490478516 1013.3926391601562 
664.67584228515625 52.855655670166016 1012.9527587890625 
678.14935302734375 20.732254028320312 966.38677978515625 
676.4378662109375 21.896726608276367 962.55743408203125 
651.36322021484375 81.781272888183594 1051.35888671875 
653.0361328125 81.18902587890625 1049.25927734375 
654.3187255859375 80.3314208984375 1047.1661376953125 
655.16644287109375 78.982162475585938 1044.982666015625 
655.858642578125 77.40863037109375 1042.647216796875 
656.5875244140625 75.760643005371094 1040.1182861328125 
657.67193603515625 73.993980407714844 1037.2855224609375 
660.0977783203125 73.637657165527344 1034.73291015625 
662.250732421875 73.306503295898438 1032.4232177734375 
664.28521728515625 73.106796264648438 1030.0794677734375 
678.57659912109375 49.702541351318359 1001.7293701171875 
678.412353515625 51.8343505859375 1003.3231201171875 
675.7149658203125 49.790657043457031 1004.216796875 
675.90289306640625 52.692649841308594 1006.2973022460938 
678.80889892578125 47.483634948730469 1000.2896118164062 
675.57666015625 47.612831115722656 1002.3148193359375 
679.4649658203125 45.503406524658203 998.681640625 
675.515380859375 45.521839141845703 1000.49658203125 
680.1312255859375 43.664947509765625 996.94488525390625 
675.8319091796875 43.597476959228516 998.54931640625 
680.429443359375 41.817192077636719 995.24615478515625 
676.44940185546875 41.855602264404297 996.53515625 
680.94232177734375 40.114612579345703 993.42431640625 
677.05078125 40.304550170898438 994.48480224609375 
682.034912109375 38.59490966796875 991.44293212890625 
677.877685546875 38.808856964111328 992.38629150390625 
683.64727783203125 37.180072784423828 989.33343505859375 
679.09185791015625 37.330238342285156 990.30029296875 
685.6632080078125 35.72052001953125 987.23651123046875 
680.67230224609375 35.81707763671875 988.18267822265625 
682.73052978515625 34.147129058837891 986.1121826171875 
668.512939453125 74.869026184082031 1027.460693359375 
669.4873046875 73.080665588378906 1023.8215942382812 
667.86767578125 73.082977294921875 1025.9884033203125 
668.293212890625 70.197990417480469 1022.307373046875 
666.78179931640625 70.689186096191406 1024.673095703125 
667.17584228515625 67.123649597167969 1021.162109375 
665.572021484375 68.007530212402344 1023.630859375 
677.83056640625 18.266149520874023 963.947998046875 
676.10260009765625 18.31440544128418 961.07379150390625 
667.81011962890625 65.113990783691406 1019.2096557617188 
665.40838623046875 63.807289123535156 1020.7894897460938 
664.21856689453125 65.154747009277344 1022.9039916992188 
669.4222412109375 64.004325866699219 1016.9287719726562 
666.66522216796875 62.363697052001953 1018.7422485351562 
671.00244140625 62.681255340576172 1014.7755126953125 
668.1077880859375 61.051643371582031 1016.7229614257812 
672.6151123046875 61.3192138671875 1012.7142944335938 
669.51708984375 59.658161163330078 1014.7755126953125 
673.531982421875 59.151714324951172 1011.141845703125 
670.82745361328125 58.168003082275391 1012.9810180664062 
674.4356689453125 57.039344787597656 1009.5413208007812 
671.80084228515625 56.483562469482422 1011.3676147460938 
675.29364013671875 54.915950775146484 1007.9080200195312 
672.4296875 54.503677368164062 1009.8270263671875 
672.8421630859375 52.365627288818359 1008.214111328125 
672.8529052734375 50.090892791748047 1006.4026489257812 
625.67236328125 80.079017639160156 1091.223388671875 
626.76519775390625 81.027626037597656 1089.1934814453125 
628.08203125 82.204536437988281 1086.8607177734375 
681.66949462890625 10.13912296295166 962.68988037109375 
679.6044921875 10.610743522644043 960.3988037109375 
629.421142578125 83.220359802246094 1084.47265625 
630.748779296875 84.011909484863281 1082.126708984375 
631.9337158203125 84.420570373535156 1079.6844482421875 
625.31787109375 78.21771240234375 1089.0430908203125 
695.5579833984375 19.186128616333008 975.5516357421875 
682.38555908203125 12.142895698547363 964.650390625 
683.24578857421875 14.151196479797363 966.847900390625 
675.89031982421875 15.516312599182129 959.1700439453125 
677.61737060546875 13.112978935241699 959.80279541015625 
677.68212890625 15.662839889526367 961.8193359375 
679.72119140625 12.914838790893555 962.3607177734375 
680.10296630859375 15.242127418518066 964.4000244140625 
680.714599609375 17.528066635131836 966.7572021484375 
633.11614990234375 84.484245300292969 1077.0777587890625 
634.3348388671875 84.389808654785156 1074.3377685546875 
635.667236328125 84.068222045898438 1071.5494384765625 
624.3720703125 75.427848815917969 1087.519287109375 
681.9716796875 19.833290100097656 969.734619140625 
666.09027099609375 72.954193115234375 1027.9501953125 
665.5875244140625 71.131011962890625 1026.5240478515625 
664.27569580078125 68.890434265136719 1025.8470458984375 
662.9473876953125 66.270889282226562 1025.0531005859375 
691.2769775390625 18.072933197021484 973.97540283203125 
666.42193603515625 47.408809661865234 1005.85009765625 
623.6300048828125 72.854133605957031 1085.905029296875 
622.898681640625 69.982772827148438 1084.2999267578125 
669.04547119140625 46.724506378173828 1004.0567016601562 
666.99810791015625 49.032859802246094 1007.9088745117188 
669.67626953125 48.458271026611328 1006.2388916015625 
667.30548095703125 50.779518127441406 1009.8020629882812 
667.357666015625 52.613143920898438 1011.5152587890625 
670.02313232421875 50.404281616210938 1008.1861572265625 
670.041015625 52.419445037841797 1009.9210205078125 
637.1534423828125 83.670936584472656 1068.6728515625 
638.8104248046875 83.287002563476562 1065.8515625 
640.6153564453125 82.8931884765625 1063.1990966796875 
642.42755126953125 82.508056640625 1060.708984375 
644.2100830078125 82.088104248046875 1058.3792724609375 
645.86956787109375 81.524131774902344 1056.1341552734375 
647.33306884765625 80.80938720703125 1053.8973388671875 
648.77520751953125 80.037803649902344 1051.6776123046875 
684.665771484375 16.083253860473633 969.23101806640625 
687.42529296875 17.352958679199219 971.77392578125 
626.71258544921875 79.6656494140625 1086.49609375 
625.63427734375 77.344345092773438 1086.254150390625 
625.18463134765625 75.431175231933594 1084.5123291015625 
627.98504638671875 80.791358947753906 1084.0635986328125 
629.32952880859375 81.827522277832031 1081.7293701171875 
630.55230712890625 82.68341064453125 1079.9476318359375 
631.30596923828125 82.523094177246094 1077.642578125 
632.36883544921875 82.346282958984375 1074.89404296875 
633.57977294921875 82.072792053222656 1072.08837890625 
634.9239501953125 81.668159484863281 1069.236083984375 
626.61126708984375 78.175949096679688 1083.86328125 
627.9688720703125 79.415245056152344 1081.209716796875 
629.59173583984375 80.846176147460938 1078.979248046875 
624.51177978515625 72.776603698730469 1082.648681640625 
623.683837890625 69.449851989746094 1081.0006103515625 
693.45452880859375 21.965200424194336 976.38006591796875 
690.12322998046875 20.753572463989258 974.92437744140625 
691.6636962890625 24.325382232666016 977.50543212890625 
689.9049072265625 26.366050720214844 978.7911376953125 
687.3406982421875 28.069047927856445 980.08984375 
683.302978515625 29.775373458862305 980.8641357421875 
636.4776611328125 81.235099792480469 1066.371337890625 
638.2147216796875 80.819664001464844 1063.6085205078125 
640.0001220703125 80.418502807617188 1061.0255126953125 
641.7606201171875 80.031227111816406 1058.6285400390625 
643.43499755859375 79.544143676757812 1056.369140625 
644.9638671875 78.880844116210938 1054.1466064453125 
646.367919921875 78.051521301269531 1051.8258056640625 
684.14678955078125 31.206264495849609 982.77813720703125 
680.81719970703125 33.040603637695312 984.02935791015625 
671.9801025390625 46.301383972167969 1001.8668212890625 
672.5050048828125 47.996612548828125 1004.2976684570312 
669.8076171875 54.357398986816406 1011.5099487304688 
667.334228515625 54.497207641601562 1013.0999145507812 
669.53265380859375 56.050094604492188 1012.7769775390625 
667.57537841796875 56.739479064941406 1014.5787963867188 
666.4876708984375 58.447597503662109 1016.5122680664062 
665.26129150390625 59.759479522705078 1018.3150634765625 
664.56195068359375 54.560871124267578 1014.6427612304688 
664.17138671875 56.257011413574219 1016.3974609375 
663.8682861328125 57.739509582519531 1017.8536987304688 
662.3966064453125 58.53485107421875 1019.5552978515625 
683.13629150390625 28.250308990478516 979.035400390625 
663.912841796875 61.021884918212891 1020.270751953125 
680.54205322265625 28.074640274047852 977.2332763671875 
686.27264404296875 26.921709060668945 978.76385498046875 
687.3203125 25.327581405639648 977.5672607421875 
661.05517578125 59.7823486328125 1021.6427612304688 
683.5579833984375 26.653518676757812 977.46044921875 
662.66595458984375 62.351219177246094 1022.3367919921875 
688.624755859375 23.204004287719727 976.18084716796875 
661.48602294921875 63.638534545898438 1024.4346923828125 
686.0335693359375 20.236827850341797 972.8946533203125 
685.02203369140625 22.733142852783203 974.32501220703125 
659.8143310546875 61.07879638671875 1023.7952270507812 
681.320556640625 22.707870483398438 971.85577392578125 
658.6505126953125 62.406864166259766 1025.9833984375 
684.14935302734375 24.848896026611328 975.8831787109375 
660.3968505859375 64.940193176269531 1026.5157470703125 
661.84185791015625 67.443122863769531 1027.1636962890625 
680.7987060546875 24.880458831787109 973.733154296875 
657.81884765625 63.931858062744141 1028.05078125 
655.63775634765625 63.373260498046875 1029.536865234375 
659.48321533203125 66.323226928710938 1028.5357666015625 
657.1231689453125 65.488372802734375 1030.0462646484375 
680.52484130859375 26.70197868347168 975.51129150390625 
663.3717041015625 70.305519104003906 1028.1414794921875 
660.93548583984375 68.452323913574219 1028.979248046875 
661.39263916015625 70.589157104492188 1030.489990234375 
658.970703125 68.035438537597656 1030.5228271484375 
658.8223876953125 70.487678527832031 1032.82861328125 
654.50872802734375 64.328094482421875 1031.462646484375 
656.289306640625 67.113304138183594 1032.23193359375 
653.0009765625 65.592056274414062 1034.028564453125 
655.4647216796875 68.862930297851562 1034.4716796875 
657.352783203125 71.591552734375 1035.1585693359375 
650.5638427734375 65.608604431152344 1036.5576171875 
652.908203125 67.859519958496094 1035.9957275390625 
648.53179931640625 65.516006469726562 1038.9132080078125 
646.4219970703125 65.034217834472656 1041.1551513671875 
644.330810546875 64.203208923339844 1043.2569580078125 
654.73797607421875 70.607414245605469 1036.6905517578125 
654.04791259765625 72.50732421875 1039.1104736328125 
651.31622314453125 68.744033813476562 1038.347900390625 
648.53497314453125 67.989730834960938 1040.8287353515625 
650.93988037109375 71.246086120605469 1040.9276123046875 
646.10711669921875 67.180290222167969 1043.0462646484375 
653.4288330078125 74.504913330078125 1041.626708984375 
652.9215087890625 76.35009765625 1044.022216796875 
652.4139404296875 77.990516662597656 1046.21337890625 
651.953857421875 79.27349853515625 1047.9697265625 
650.40191650390625 79.497611999511719 1049.593505859375 
648.01397705078125 77.454360961914062 1049.58837890625 
648.25396728515625 70.335243225097656 1042.94140625 
650.57403564453125 73.449272155761719 1043.29150390625 
650.2469482421875 75.496620178222656 1045.5430908203125 
650.03973388671875 77.426116943359375 1047.681396484375 
630.4254150390625 80.356674194335938 1075.990966796875 
631.56085205078125 79.94293212890625 1072.91455078125 
632.81103515625 79.475601196289062 1069.931640625 
634.24847412109375 79.033279418945312 1067.0242919921875 
635.91839599609375 78.640098571777344 1064.2103271484375 
637.67724609375 78.287612915039062 1061.5389404296875 
639.4376220703125 77.8857421875 1059.1033935546875 
641.0855712890625 77.468757629394531 1056.8037109375 
642.61712646484375 76.877243041992188 1054.573974609375 
644.00433349609375 76.004798889160156 1052.24365234375 
645.45654296875 74.737228393554688 1049.5777587890625 
626.4168701171875 76.151885986328125 1080.8841552734375 
628.4822998046875 78.426658630371094 1077.994873046875 
625.412841796875 72.600914001464844 1079.06103515625 
627.3792724609375 75.513206481933594 1076.8333740234375 
624.63836669921875 68.615341186523438 1077.1943359375 
625.05718994140625 66.156044006347656 1074.29296875 
625.51861572265625 64.55206298828125 1072.263671875 
626.51251220703125 64.280052185058594 1070.1072998046875 
627.81207275390625 63.925163269042969 1067.6656494140625 
629.20831298828125 63.704627990722656 1065.2689208984375 
630.62701416015625 63.637359619140625 1063.0321044921875 
631.83673095703125 63.590206146240234 1061.2169189453125 
633.45208740234375 65.497566223144531 1059.2354736328125 
635.33062744140625 65.722496032714844 1056.6575927734375 
643.60797119140625 65.957717895507812 1045.29052734375 
645.72027587890625 69.456405639648438 1045.09326171875 
647.995361328125 72.617385864257812 1045.106689453125 
647.8182373046875 74.94342041015625 1047.3406982421875 
645.5953369140625 71.983108520507812 1047.12841796875 
642.9383544921875 68.47357177734375 1047.5726318359375 
643.71514892578125 71.6405029296875 1048.874267578125 
642.89154052734375 72.966255187988281 1050.827392578125 
640.32586669921875 66.473739624023438 1049.8680419921875 
641.72723388671875 69.874298095703125 1049.990234375 
641.69000244140625 74.029853820800781 1053.080810546875 
640.28924560546875 74.783294677734375 1055.2716064453125 
640.707763671875 71.080703735351562 1052.004638671875 
639.956787109375 68.41143798828125 1051.3896484375 
638.78338623046875 75.271835327148438 1057.510986328125 
637.14337158203125 75.655372619628906 1059.8499755859375 
635.41876220703125 75.930305480957031 1062.3399658203125 
639.410888671875 71.856575012207031 1054.092041015625 
638.7137451171875 68.733322143554688 1053.1614990234375 
637.96649169921875 72.382545471191406 1056.269287109375 
636.4713134765625 72.754554748535156 1058.52001953125 
634.83062744140625 73.03436279296875 1060.901123046875 
637.25115966796875 69.088203430175781 1055.313720703125 
635.680908203125 69.353004455566406 1057.57470703125 
634.09332275390625 69.663818359375 1059.890380859375 
638.49822998046875 65.759780883789062 1052.050048828125 
636.91705322265625 65.703369140625 1054.294921875 
632.0394287109375 66.449188232421875 1061.548828125 
630.561767578125 66.574478149414062 1063.8780517578125 
632.48944091796875 69.897125244140625 1062.3153076171875 
633.0594482421875 73.116775512695312 1063.4678955078125 
633.64697265625 76.159309387207031 1065.04150390625 
629.0272216796875 66.570960998535156 1066.3763427734375 
627.57940673828125 66.703041076660156 1069.0140380859375 
626.2867431640625 66.737747192382812 1071.703369140625 
630.7733154296875 69.823928833007812 1064.9169921875 
629.09857177734375 69.758819580078125 1067.734130859375 
631.26092529296875 73.141815185546875 1066.2908935546875 
631.98504638671875 76.455314636230469 1067.9815673828125 
630.6241455078125 77.070671081542969 1071.1314697265625 
629.3857421875 73.308967590332031 1069.7034912109375 
629.49517822265625 77.795318603515625 1074.5137939453125 
628.4337158203125 74.768119812011719 1073.187255859375 
626.47320556640625 72.222801208496094 1075.43896484375 
626.09356689453125 69.225189208984375 1073.685546875 
627.51446533203125 69.562171936035156 1070.6796875 
627.4808349609375 71.855453491210938 1072.4788818359375 
631.511962890625 54.171974182128906 1023.8642578125 
632.6376953125 41.459926605224609 946.23516845703125 
635.1109619140625 40.949348449707031 944.26397705078125 
636.13824462890625 41.741886138916016 947.18231201171875 
633.31024169921875 41.968036651611328 949.01580810546875 
636.01385498046875 42.218257904052734 950.3504638671875 
630.1474609375 41.958137512207031 948.2103271484375 
631.8878173828125 54.465694427490234 1021.526123046875 
633.97698974609375 54.095748901367188 1022.7426147460938 
657.00738525390625 46.177589416503906 1004.185302734375 
658.23345947265625 47.204769134521484 1006.2365112304688 
654.978759765625 47.126861572265625 1005.7941284179688 
656.1468505859375 48.157264709472656 1007.9480590820312 
655.73846435546875 45.3291015625 1002.0853271484375 
653.75146484375 46.209651947021484 1003.5575561523438 
627.98529052734375 42.441444396972656 950.5018310546875 
630.9346923828125 42.289230346679688 951.0052490234375 
627.00848388671875 42.827167510986328 953.7984619140625 
629.40350341796875 42.610645294189453 953.73876953125 
633.69866943359375 42.329555511474609 952.0384521484375 
636.012939453125 42.507686614990234 953.56890869140625 
631.8046875 54.56207275390625 1019.0991821289062 
655.0650634765625 44.761871337890625 999.64129638671875 
652.73016357421875 45.504261016845703 1001.0445556640625 
654.69775390625 44.354583740234375 997.09869384765625 
652.10906982421875 45.015571594238281 998.294189453125 
654.2259521484375 43.764358520507812 994.71258544921875 
651.6981201171875 44.22113037109375 995.6441650390625 
652.174072265625 43.465774536132812 992.714599609375 
653.04608154296875 48.103668212890625 1007.4368896484375 
654.26171875 49.166229248046875 1009.73046875 
651.3160400390625 49.119743347167969 1009.1400756835938 
652.59600830078125 50.194889068603516 1011.62109375 
610.9747314453125 42.304752349853516 982.70745849609375 
609.3194580078125 41.481727600097656 979.91680908203125 
612.30718994140625 40.521163940429688 980.7525634765625 
610.875732421875 40.763584136962891 977.968505859375 
633.796630859375 42.636276245117188 955.4111328125 
636.19354248046875 42.717327117919922 956.79180908203125 
649.80712890625 50.15069580078125 1010.9820556640625 
651.17242431640625 51.224708557128906 1013.6728515625 
648.17529296875 51.074928283691406 1012.7340087890625 
649.0787353515625 52.000022888183594 1015.312744140625 
646.15130615234375 51.882301330566406 1014.3098754882812 
646.90618896484375 52.688591003417969 1016.9268188476562 
643.94464111328125 52.56622314453125 1015.7595825195312 
644.647216796875 53.245132446289062 1018.5023193359375 
641.6551513671875 53.102359771728516 1017.1087036132812 
642.1204833984375 53.601882934570312 1019.8258666992188 
639.24530029296875 53.536735534667969 1018.3320922851562 
639.54315185546875 53.833789825439453 1021.07568359375 
636.8067626953125 53.884838104248047 1019.4307250976562 
636.8192138671875 53.941116333007812 1022.04345703125 
634.33831787109375 54.16986083984375 1020.4281005859375 
613.96258544921875 40.011341094970703 978.67877197265625 
612.3800048828125 40.546585083007812 975.96868896484375 
615.5550537109375 40.159557342529297 976.58636474609375 
613.68701171875 40.601016998291016 973.8460693359375 
616.92559814453125 40.707057952880859 974.4549560546875 
614.9146728515625 41.017635345458984 971.701416015625 
617.9136962890625 41.326023101806641 972.21185302734375 
615.85443115234375 41.748966217041016 969.451416015625 
618.59625244140625 41.815269470214844 969.81475830078125 
616.750244140625 42.521686553955078 967.15203857421875 
619.6409912109375 42.348365783691406 967.513427734375 
618.162353515625 42.997585296630859 965.04119873046875 
621.2132568359375 42.775524139404297 965.61822509765625 
619.7996826171875 43.280124664306641 962.96533203125 
622.91015625 43.034660339355469 963.5775146484375 
621.46478271484375 43.375225067138672 960.770751953125 
624.79803466796875 43.106521606445312 961.47998046875 
623.40228271484375 43.302345275878906 958.64599609375 
626.874755859375 43.018577575683594 959.3602294921875 
625.45489501953125 43.117389678955078 956.47698974609375 
633.55181884765625 42.81488037109375 958.59771728515625 
636.552978515625 42.860576629638672 960.00201416015625 
633.79254150390625 42.940185546875 961.63043212890625 
636.99945068359375 42.977718353271484 963.21051025390625 
634.489990234375 43.069961547851562 964.9173583984375 
637.472412109375 43.076709747314453 966.4185791015625 
631.1171875 54.495811462402344 1016.5114135742188 
612.4130859375 44.03680419921875 985.15447998046875 
613.82049560546875 41.586780548095703 983.5211181640625 
614.4095458984375 44.797538757324219 987.81500244140625 
615.17388916015625 42.911182403564453 986.00897216796875 
616.10205078125 45.958637237548828 990.328857421875 
617.08209228515625 44.059234619140625 988.4512939453125 
617.86669921875 46.804580688476562 992.70587158203125 
618.90692138671875 44.945400238037109 990.269287109375 
628.43719482421875 42.863128662109375 956.91717529296875 
635.261962890625 43.224445343017578 968.466064453125 
638.52301025390625 43.179901123046875 969.43023681640625 
650.37860107421875 43.677276611328125 990.41497802734375 
649.22705078125 44.1544189453125 993.82794189453125 
648.55645751953125 43.928489685058594 988.1734619140625 
647.31524658203125 44.37322998046875 991.61419677734375 
646.5791015625 44.104927062988281 986.04681396484375 
645.4117431640625 44.501106262207031 989.01239013671875 
645.07366943359375 44.095893859863281 983.560791015625 
643.58551025390625 44.517562866210938 986.2734375 
619.64642333984375 56.064998626708984 1000.7786865234375 
618.22314453125 56.119720458984375 998.60638427734375 
620.30120849609375 52.959831237792969 999.13006591796875 
617.6549072265625 54.006011962890625 997.76806640625 
619.64581298828125 51.423915863037109 997.71405029296875 
618.22601318359375 50.996070861816406 996.76690673828125 
621.3123779296875 55.497409820556641 1002.988525390625 
622.02667236328125 53.04571533203125 1001.1292724609375 
622.99951171875 54.944053649902344 1005.4873046875 
624.10675048828125 52.789360046386719 1003.5394287109375 
620.3272705078125 49.008216857910156 996.23455810546875 
618.35626220703125 48.602947235107422 995.02569580078125 
644.13580322265625 43.973167419433594 980.6162109375 
642.302734375 44.392776489257812 983.2802734375 
643.22784423828125 43.778278350830078 977.60125732421875 
641.44390869140625 44.170116424560547 980.1434326171875 
642.04345703125 43.548686981201172 974.6751708984375 
640.0389404296875 43.909347534179688 977.19976806640625 
640.374755859375 43.305690765380859 972.01007080078125 
638.48016357421875 43.676395416259766 974.691650390625 
636.95245361328125 43.451988220214844 971.79791259765625 
629.88360595703125 54.284152984619141 1013.9200439453125 
628.4285888671875 53.924934387207031 1011.4725341796875 
626.9959716796875 53.494152069091797 1009.1362915039062 
625.489501953125 53.140480041503906 1006.4956665039062 
620.449951171875 47.141426086425781 994.1253662109375 
620.36669921875 45.756893157958984 991.8504638671875 
631.77587890625 42.529121398925781 953.79736328125 
631.1458740234375 42.750297546386719 956.71307373046875 
633.9989013671875 54.103733062744141 1017.8775024414062 
636.286376953125 53.634525299072266 1016.7382202148438 
633.1912841796875 53.869350433349609 1015.2075805664062 
638.63616943359375 53.107734680175781 1015.5806274414062 
640.9696044921875 52.533721923828125 1014.337890625 
643.1851806640625 51.8624267578125 1013.0617065429688 
645.31158447265625 51.107353210449219 1011.7565307617188 
647.0628662109375 50.157764434814453 1010.1087036132812 
651.78558349609375 47.119819641113281 1005.1490478515625 
650.64678955078125 46.267166137695312 1002.6432495117188 
649.99530029296875 48.139728546142578 1006.666015625 
648.716796875 47.236118316650391 1004.2161865234375 
635.49334716796875 53.206302642822266 1014.0088500976562 
637.89544677734375 52.523082733154297 1012.8294067382812 
640.25732421875 51.783679962158203 1011.5768432617188 
642.4266357421875 51.030681610107422 1010.3707885742188 
632.0660400390625 53.432411193847656 1012.5523071289062 
634.59014892578125 52.608325958251953 1011.3782348632812 
637.41265869140625 51.736709594726562 1010.1597900390625 
639.88958740234375 50.777385711669922 1008.641357421875 
615.4835205078125 40.693206787109375 981.4632568359375 
617.04449462890625 40.764545440673828 979.37725830078125 
616.677734375 41.819431304931641 984.01983642578125 
617.6732177734375 42.926536560058594 986.351318359375 
618.5194091796875 41.184299468994141 977.19683837890625 
630.86358642578125 52.806987762451172 1009.9472045898438 
628.662841796875 52.300304412841797 1007.4446411132812 
634.40753173828125 51.742923736572266 1008.9860229492188 
631.70806884765625 51.764556884765625 1007.7733154296875 
637.2607421875 50.686973571777344 1007.3941650390625 
634.2022705078125 50.782398223876953 1006.4176635742188 
627.35736083984375 51.641761779785156 1004.95654296875 
630.72930908203125 51.089824676513672 1005.6236572265625 
618.2679443359375 41.643196105957031 982.095703125 
619.3134765625 42.597637176513672 984.82464599609375 
619.7718505859375 41.846431732177734 979.919189453125 
620.8094482421875 42.605850219726562 982.83843994140625 
649.782958984375 45.658088684082031 999.8067626953125 
647.64788818359375 46.483505249023438 1001.52294921875 
649.1134033203125 44.972393035888672 996.81927490234375 
646.880615234375 45.906509399414062 998.40863037109375 
646.1217041015625 45.088165283203125 995.05792236328125 
644.1248779296875 44.974597930908203 992.00213623046875 
642.0279541015625 44.975444793701172 988.99322509765625 
619.6998291015625 43.722854614257812 987.7958984375 
621.74224853515625 44.625560760498047 989.291015625 
648.4150390625 49.156795501708984 1008.3399047851562 
644.47528076171875 50.303165435791016 1009.4183349609375 
642.40802001953125 49.917167663574219 1007.6007690429688 
640.21087646484375 49.479423522949219 1005.5332641601562 
636.93853759765625 49.731704711914062 1004.74169921875 
646.92022705078125 48.299575805664062 1005.8489379882812 
645.47100830078125 49.344352722167969 1007.5812377929688 
645.60821533203125 47.541797637939453 1003.4185791015625 
643.66094970703125 48.751308441162109 1005.3848876953125 
642.4576416015625 48.084171295166016 1002.962646484375 
639.37835693359375 48.5875244140625 1002.5745239257812 
644.71148681640625 46.938282012939453 1000.6075439453125 
643.859375 46.237434387207031 997.52978515625 
642.47705078125 45.694923400878906 994.66357421875 
641.6717529296875 47.472160339355469 999.9903564453125 
640.50250244140625 45.517730712890625 991.65704345703125 
621.54046630859375 43.474651336669922 985.98309326171875 
633.4974365234375 50.098049163818359 1004.0465087890625 
636.1170654296875 49.042476654052734 1002.0875854492188 
638.42706298828125 48.050266265869141 999.642578125 
619.93212890625 41.633708953857422 974.90032958984375 
621.38250732421875 42.150714874267578 977.4998779296875 
622.39666748046875 42.703720092773438 980.44464111328125 
623.1829833984375 43.407566070556641 983.53265380859375 
630.443359375 42.918952941894531 959.909912109375 
628.1182861328125 43.013687133789062 962.16253662109375 
631.282958984375 43.009151458740234 963.19036865234375 
625.9979248046875 43.001361846923828 964.31689453125 
624.157958984375 42.865032196044922 966.41693115234375 
622.564453125 42.538505554199219 968.37396240234375 
621.0283203125 42.14630126953125 969.95831298828125 
620.7667236328125 41.939525604248047 972.490478515625 
629.0118408203125 43.086959838867188 965.1658935546875 
632.09893798828125 43.127517700195312 966.3167724609375 
626.93792724609375 43.016204833984375 967.28497314453125 
625.134765625 42.826156616210938 969.49835205078125 
623.24951171875 42.484848022460938 971.56207275390625 
629.7041015625 43.183422088623047 968.1575927734375 
632.42108154296875 43.270500183105469 969.08984375 
633.94189453125 43.478595733642578 971.60009765625 
627.81488037109375 43.118747711181641 970.4207763671875 
630.70721435546875 43.359710693359375 971.212646484375 
625.70172119140625 42.915950775146484 972.69659423828125 
628.66009521484375 43.336261749267578 973.41717529296875 
623.12213134765625 42.472404479980469 974.79931640625 
626.28466796875 43.173030853271484 975.61322021484375 
624.17279052734375 42.916530609130859 977.88946533203125 
625.010986328125 43.466556549072266 980.9573974609375 
627.1175537109375 43.646446228027344 978.54693603515625 
631.9095458984375 43.659568786621094 974.0386962890625 
629.53826904296875 43.727195739746094 976.287353515625 
635.2169189453125 43.806148529052734 974.5638427734375 
636.38861083984375 44.127368927001953 977.6451416015625 
638.71221923828125 44.284175872802734 979.6768798828125 
639.462646484375 44.610435485839844 982.656982421875 
632.933837890625 44.049655914306641 976.96197509765625 
630.30975341796875 44.174903869628906 979.2059326171875 
627.81707763671875 44.196506500244141 981.509765625 
633.604736328125 44.451969146728516 979.97564697265625 
636.46881103515625 44.6119384765625 981.3150634765625 
625.62677001953125 44.124897003173828 984.023681640625 
623.72100830078125 44.189708709716797 986.734619140625 
640.437744140625 44.888832092285156 985.92352294921875 
630.95526123046875 44.691925048828125 982.17913818359375 
628.41326904296875 44.749099731445312 984.416015625 
626.16290283203125 44.758464813232422 987.0181884765625 
624.227783203125 45.102725982666016 989.79632568359375 
622.58856201171875 45.916706085205078 992.31195068359375 
634.11407470703125 44.985218048095703 983.3018798828125 
637.31103515625 45.024246215820312 984.81890869140625 
631.527587890625 45.208999633789062 985.21942138671875 
628.83447265625 45.289897918701172 987.24969482421875 
626.57769775390625 45.511051177978516 990.00982666015625 
638.2398681640625 45.416034698486328 988.506591796875 
634.83306884765625 45.416839599609375 986.60992431640625 
631.81500244140625 45.627544403076172 988.21160888671875 
629.031982421875 45.762687683105469 989.92840576171875 
634.52880859375 45.895095825195312 989.7333984375 
630.8287353515625 46.204124450683594 991.40234375 
636.86785888671875 46.028736114501953 991.8123779296875 
632.84844970703125 46.566764831542969 992.9010009765625 
638.81805419921875 46.279140472412109 994.44024658203125 
640.45562744140625 46.8026123046875 997.15380859375 
634.9781494140625 46.807811737060547 994.728759765625 
636.903564453125 47.305210113525391 997.0440673828125 
635.085205078125 48.509815216064453 999.452392578125 
632.77044677734375 49.554611206054688 1001.7012939453125 
629.99932861328125 50.544731140136719 1003.3858642578125 
626.85595703125 51.026531219482422 1002.54443359375 
624.72344970703125 51.030677795410156 1000.7234497070312 
623.4471435546875 50.251701354980469 998.90826416015625 
622.11749267578125 49.538478851318359 997.5281982421875 
633.29058837890625 47.827510833740234 997.2603759765625 
631.966796875 48.978302001953125 999.46868896484375 
629.5748291015625 49.856346130371094 1001.0419921875 
627.306396484375 49.832931518554688 1000.0546264648438 
626.8253173828125 48.562507629394531 997.75018310546875 
625.1982421875 47.711376190185547 996.03619384765625 
622.7574462890625 47.473167419433594 995.15069580078125 
624.8421630859375 46.300571441650391 992.9459228515625 
627.38580322265625 46.357135772705078 992.83868408203125 
628.7640380859375 47.020828247070312 994.64434814453125 
630.85540771484375 47.471771240234375 995.83599853515625 
629.71063232421875 48.615165710449219 998.350830078125 
577.545166015625 40.17083740234375 1062.436279296875 
580.6011962890625 37.761859893798828 1060.3887939453125 
580.60498046875 39.042491912841797 1063.6177978515625 
665.5418701171875 119.7449951171875 1086.7296142578125 
667.860595703125 120.44212341308594 1084.0718994140625 
664.43011474609375 121.46587371826172 1083.783935546875 
661.68536376953125 121.20569610595703 1086.023681640625 
663.494384765625 118.69757843017578 1089.45556640625 
658.88641357421875 120.80511474609375 1088.2186279296875 
660.7911376953125 118.00925445556641 1091.73486328125 
657.85595703125 119.27284240722656 1091.88671875 
655.8109130859375 120.39698791503906 1089.775634765625 
658.39483642578125 116.76776885986328 1094.0323486328125 
655.6175537109375 116.14092254638672 1095.8104248046875 
655.0482177734375 118.80294036865234 1093.26416015625 
577.68731689453125 41.470123291015625 1065.5887451171875 
580.93499755859375 40.411689758300781 1066.8043212890625 
575.291748046875 43.231601715087891 1063.5308837890625 
574.826416015625 46.391624450683594 1064.8956298828125 
575.75494384765625 44.394287109375 1066.9395751953125 
578.15826416015625 42.989990234375 1068.5845947265625 
581.30596923828125 42.051445007324219 1069.9122314453125 
578.43035888671875 44.798965454101562 1071.3291015625 
581.682861328125 43.774852752685547 1072.99609375 
578.8427734375 46.734016418457031 1074.0462646484375 
582.25421142578125 45.525833129882812 1075.978271484375 
579.5302734375 48.660942077636719 1076.6748046875 
583.11572265625 47.252552032470703 1078.8380126953125 
580.5115966796875 50.579982757568359 1079.4521484375 
584.24432373046875 48.903385162353516 1081.565185546875 
637.04742431640625 111.39845275878906 1100.36767578125 
634.750244140625 110.20993804931641 1100.17041015625 
636.6160888671875 109.47673797607422 1103.6297607421875 
633.8309326171875 108.78915405273438 1102.38525390625 
653.00872802734375 115.00440216064453 1097.697265625 
652.475830078125 117.50156402587891 1095.6280517578125 
650.13427734375 114.13138580322266 1099.3228759765625 
650.12188720703125 116.38800811767578 1097.41748046875 
647.292236328125 113.20054626464844 1100.72998046875 
647.4986572265625 115.36298370361328 1098.9434814453125 
653.54937744140625 120.20555877685547 1090.1656494140625 
650.9736328125 119.25430297851562 1092.10009765625 
649.83221435546875 117.87297058105469 1094.9503173828125 
647.95623779296875 118.40675354003906 1092.8052978515625 
647.59796142578125 117.02906036376953 1096.0814208984375 
645.2276611328125 117.19641876220703 1094.087646484375 
645.0313720703125 115.93567657470703 1097.4088134765625 
642.5582275390625 115.84993743896484 1095.4268798828125 
642.90985107421875 114.76598358154297 1098.526611328125 
640.628662109375 114.24119567871094 1097.7530517578125 
641.86761474609375 113.02706909179688 1101.161865234375 
639.0277099609375 112.86504364013672 1099.365234375 
639.40185546875 111.13663482666016 1102.8529052734375 
634.8519287109375 107.46687316894531 1105.2867431640625 
632.4556884765625 107.21305084228516 1103.98193359375 
633.4683837890625 106.24760437011719 1105.920654296875 
631.54656982421875 106.16712188720703 1104.9581298828125 
633.04010009765625 104.30828094482422 1106.9737548828125 
630.559814453125 104.29163360595703 1106.57421875 
628.99957275390625 104.48082733154297 1104.9500732421875 
629.074951171875 102.99140930175781 1107.01611328125 
626.88427734375 102.32976531982422 1106.1973876953125 
575.4134521484375 49.688762664794922 1065.056884765625 
575.396728515625 47.584480285644531 1067.7847900390625 
577.132080078125 52.753433227539062 1065.5689697265625 
576.18365478515625 50.953536987304688 1068.258056640625 
578.72119140625 54.587387084960938 1068.062744140625 
578.906005859375 54.558605194091797 1071.6478271484375 
577.226806640625 51.891059875488281 1071.4720458984375 
582.0279541015625 52.666526794433594 1082.56494140625 
586.1435546875 49.940708160400391 1084.029541015625 
584.52691650390625 53.312282562255859 1085.748779296875 
588.46612548828125 50.672710418701172 1086.2490234375 
586.68438720703125 53.623744964599609 1087.9857177734375 
589.6412353515625 52.362174987792969 1088.662841796875 
587.82861328125 55.334014892578125 1089.89306640625 
591.6573486328125 53.455265045166016 1090.76220703125 
589.6324462890625 56.755645751953125 1092.046630859375 
593.55145263671875 54.748714447021484 1092.7650146484375 
591.6158447265625 58.212757110595703 1094.0975341796875 
595.03448486328125 56.581829071044922 1094.710693359375 
593.52520751953125 59.826953887939453 1095.95556640625 
596.8037109375 58.219894409179688 1096.4132080078125 
644.82867431640625 111.55405426025391 1102.224365234375 
644.7935791015625 114.23992919921875 1100.22021484375 
642.370849609375 109.79192352294922 1103.5770263671875 
640.6011962890625 107.27008819580078 1104.6597900390625 
637.940185546875 105.82334899902344 1105.6754150390625 
636.12945556640625 104.87242889404297 1106.3433837890625 
630.57916259765625 102.71057891845703 1107.7362060546875 
628.69146728515625 100.34339141845703 1108.516845703125 
595.650146484375 61.340652465820312 1097.77001953125 
599.21624755859375 59.115509033203125 1097.6402587890625 
598.2884521484375 62.712234497070312 1099.5267333984375 
601.65924072265625 59.893165588378906 1098.6680908203125 
602.1988525390625 62.55401611328125 1100.48681640625 
626.33489990234375 98.606010437011719 1108.95751953125 
624.4625244140625 100.58541870117188 1105.9801025390625 
624.147705078125 96.535751342773438 1109.339599609375 
622.2208251953125 98.616058349609375 1105.6802978515625 
621.083251953125 95.852012634277344 1108.3548583984375 
620.0450439453125 96.477279663085938 1105.5965576171875 
622.7918701171875 93.693550109863281 1109.640380859375 
621.2642822265625 90.987937927246094 1109.7498779296875 
620.3909912109375 93.564727783203125 1109.2484130859375 
619.50653076171875 88.46246337890625 1109.79150390625 
618.864990234375 91.650642395019531 1109.296875 
619.10595703125 94.179122924804688 1107.7958984375 
617.89984130859375 94.283149719238281 1105.5992431640625 
618.1236572265625 85.608367919921875 1109.49609375 
617.216552734375 89.184463500976562 1109.2421875 
616.50982666015625 82.97991943359375 1109.103515625 
615.53387451171875 86.597496032714844 1109.091552734375 
614.80743408203125 80.517494201660156 1108.5697021484375 
613.77679443359375 84.037879943847656 1108.8160400390625 
613.35400390625 77.858039855957031 1107.85791015625 
612.02178955078125 81.472915649414062 1108.392578125 
612.17626953125 75.129417419433594 1106.7930908203125 
610.292236328125 78.939155578613281 1107.818359375 
610.98675537109375 72.506103515625 1105.5780029296875 
608.67724609375 76.44268798828125 1107.07861328125 
609.5009765625 70.132820129394531 1104.5771484375 
607.06011962890625 74.040969848632812 1106.260009765625 
607.72003173828125 67.969680786132812 1103.7464599609375 
605.49658203125 71.669502258300781 1105.25537109375 
606.16943359375 65.74310302734375 1102.574462890625 
604.037353515625 69.2613525390625 1104.0941162109375 
604.50604248046875 63.695999145507812 1101.361083984375 
603.2352294921875 66.927719116210938 1102.9029541015625 
601.135986328125 66.188850402832031 1102.067626953125 
599.13568115234375 65.308601379394531 1100.9891357421875 
617.17498779296875 92.086029052734375 1107.7506103515625 
615.83624267578125 92.059783935546875 1105.32080078125 
615.24566650390625 89.697578430175781 1107.8341064453125 
613.85748291015625 89.661613464355469 1105.341552734375 
613.3934326171875 87.158134460449219 1107.776611328125 
611.90338134765625 87.269271850585938 1105.106201171875 
611.52679443359375 84.709205627441406 1107.4669189453125 
610.04412841796875 84.916694641113281 1104.45263671875 
609.60308837890625 82.336288452148438 1106.870361328125 
608.30596923828125 82.638038635253906 1103.361083984375 
607.717529296875 79.990043640136719 1106.1676025390625 
606.51568603515625 80.344474792480469 1102.702392578125 
605.92767333984375 77.706245422363281 1105.4061279296875 
604.84368896484375 78.073478698730469 1101.711181640625 
604.138427734375 75.40924072265625 1104.587890625 
603.13018798828125 75.863533020019531 1100.6383056640625 
602.42779541015625 73.127128601074219 1103.6837158203125 
601.25469970703125 73.618682861328125 1099.8973388671875 
600.79046630859375 70.138275146484375 1102.6365966796875 
599.47802734375 71.50225830078125 1098.6524658203125 
598.5302734375 68.540016174316406 1100.8140869140625 
597.6927490234375 69.444488525390625 1097.3258056640625 
596.7664794921875 66.594528198242188 1099.4422607421875 
595.7716064453125 67.342399597167969 1096.2264404296875 
595.01092529296875 64.702247619628906 1097.8236083984375 
594.05914306640625 65.696891784667969 1094.3094482421875 
593.0274658203125 63.222835540771484 1095.740234375 
592.4085693359375 64.264488220214844 1092.0419921875 
591.128173828125 61.683448791503906 1093.6875 
590.51458740234375 62.703826904296875 1090.0750732421875 
589.2283935546875 60.209579467773438 1091.5010986328125 
588.79278564453125 61.450538635253906 1087.6239013671875 
587.32000732421875 58.834632873535156 1089.1873779296875 
587.00189208984375 60.193260192871094 1085.20263671875 
585.15380859375 56.919158935546875 1086.7396240234375 
584.82763671875 58.469898223876953 1083.554931640625 
580.41522216796875 55.870471954345703 1074.5009765625 
578.4041748046875 52.503501892089844 1075.33740234375 
581.87310791015625 56.849349975585938 1077.53662109375 
580.13104248046875 54.231292724609375 1078.552734375 
583.601318359375 58.010509490966797 1080.286865234375 
581.6876220703125 55.651165008544922 1080.6646728515625 
583.08062744140625 55.991012573242188 1083.5299072265625 
577.55517578125 49.708656311035156 1073.9356689453125 
576.52777099609375 45.581760406494141 1069.369873046875 
576.602783203125 48.255329132080078 1071.1246337890625 
686.95928955078125 112.44314575195312 1071.1041259765625 
688.76202392578125 112.88545227050781 1068.1943359375 
685.52081298828125 115.05351257324219 1070.302001953125 
620.96990966796875 87.863700866699219 1109.162109375 
619.509521484375 84.886123657226562 1108.5506591796875 
621.45574951171875 85.074142456054688 1107.0731201171875 
623.64947509765625 88.033912658691406 1107.1627197265625 
625.9453125 88.865837097167969 1105.05224609375 
628.1385498046875 90.379417419433594 1103.3404541015625 
630.211669921875 92.598670959472656 1102.7618408203125 
632.25469970703125 94.951553344726562 1102.698974609375 
634.32781982421875 97.235427856445312 1102.7432861328125 
636.20416259765625 99.593452453613281 1103.3128662109375 
637.9329833984375 102.01180267333984 1104.017333984375 
639.947265625 104.27946472167969 1104.12255859375 
641.82305908203125 106.70488739013672 1104.07568359375 
644.10491943359375 108.52755737304688 1103.1815185546875 
646.639404296875 109.95758056640625 1102.0076904296875 
649.125 111.30934143066406 1100.7080078125 
651.86785888671875 112.19174957275391 1099.246826171875 
654.365478515625 113.47767639160156 1097.6402587890625 
656.840576171875 114.54411315917969 1095.8941650390625 
660.88623046875 115.80886077880859 1092.9471435546875 
662.28717041015625 113.70413970947266 1092.363037109375 
684.56103515625 114.23712158203125 1072.6949462890625 
682.71221923828125 116.29421234130859 1072.8404541015625 
684.53973388671875 112.42153930664062 1073.732177734375 
663.1759033203125 116.293701171875 1091.248779296875 
665.15313720703125 113.70698547363281 1090.2470703125 
682.349853515625 114.88974761962891 1074.8792724609375 
679.63494873046875 117.69631195068359 1075.1192626953125 
679.7366943359375 115.55338287353516 1077.3836669921875 
676.9481201171875 118.39188385009766 1077.736328125 
665.8104248046875 116.82293701171875 1089.1109619140625 
668.0140380859375 113.34774780273438 1088.002197265625 
668.5145263671875 117.18373870849609 1086.878662109375 
670.77532958984375 120.11886596679688 1081.8077392578125 
671.38427734375 117.12934112548828 1084.6539306640625 
673.7508544921875 119.53707122802734 1079.587158203125 
674.22662353515625 116.63901519775391 1082.194091796875 
677.05487060546875 116.16275024414062 1079.908203125 
670.869140625 113.00283050537109 1085.727294921875 
673.6676025390625 112.08209991455078 1083.358642578125 
676.50445556640625 112.16659545898438 1081.1156005859375 
679.24151611328125 112.66854095458984 1078.851318359375 
681.93560791015625 112.62398529052734 1076.346923828125 
682.55755615234375 85.865455627441406 1028.728271484375 
691.67913818359375 33.268581390380859 981.44903564453125 
690.26776123046875 35.139984130859375 982.998779296875 
688.1474609375 36.101093292236328 985.38836669921875 
681.1090087890625 83.800514221191406 1026.757568359375 
681.389404296875 82.881088256835938 1023.6948852539062 
681.07171630859375 81.899673461914062 1021.1671752929688 
679.92327880859375 80.599372863769531 1018.8187866210938 
678.86328125 79.238868713378906 1016.4509887695312 
677.8414306640625 77.757904052734375 1014.16650390625 
677.09002685546875 76.215736389160156 1011.7241821289062 
687.22930908203125 38.146968841552734 986.802734375 
685.29278564453125 39.5074462890625 989.40045166015625 
684.0828857421875 40.8529052734375 991.4600830078125 
683.3345947265625 42.396541595458984 993.2547607421875 
682.76959228515625 44.105060577392578 995.0015869140625 
682.1536865234375 45.901058197021484 996.77886962890625 
681.48443603515625 47.832187652587891 998.4818115234375 
680.8375244140625 50.025791168212891 999.78887939453125 
680.61065673828125 52.405311584472656 1000.905517578125 
689.52276611328125 37.902427673339844 983.5240478515625 
688.8616943359375 40.544384002685547 983.97247314453125 
688.33013916015625 43.186225891113281 984.3558349609375 
687.678466796875 45.478111267089844 985.23162841796875 
687.091064453125 47.441516876220703 986.65692138671875 
686.603515625 49.189376831054688 988.4605712890625 
686.091796875 50.842803955078125 990.4986572265625 
685.64495849609375 52.553836822509766 992.6102294921875 
685.1256103515625 54.510826110839844 994.62322998046875 
683.95208740234375 56.911781311035156 996.23687744140625 
682.7491455078125 59.098464965820312 997.762939453125 
681.78094482421875 60.774398803710938 999.52862548828125 
681.00506591796875 62.188472747802734 1001.598876953125 
679.78759765625 63.380664825439453 1004.160888671875 
678.5572509765625 66.518997192382812 1005.1344604492188 
677.82177734375 69.148818969726562 1005.5037231445312 
676.952880859375 69.705856323242188 1007.8181762695312 
676.05889892578125 70.834312438964844 1010.2470092773438 
675.35577392578125 72.181663513183594 1012.6430053710938 
677.80755615234375 80.9354248046875 1025.4849853515625 
675.260009765625 78.544418334960938 1024.1275634765625 
673.3463134765625 76.092491149902344 1022.491943359375 
671.58258056640625 73.264434814453125 1020.9918823242188 
670.132080078125 70.255363464355469 1019.8795776367188 
669.44927978515625 67.866157531738281 1018.990966796875 
670.693115234375 67.236373901367188 1017.104248046875 
673.05670166015625 67.375740051269531 1014.2708129882812 
674.70050048828125 65.9619140625 1011.7752685546875 
676.461669921875 64.670822143554688 1009.25439453125 
677.23272705078125 61.406124114990234 1008.0757446289062 
677.89154052734375 58.496097564697266 1006.9284057617188 
678.75531005859375 55.601810455322266 1005.2116088867188 
680.8526611328125 54.959175109863281 1002.26220703125 
687.32012939453125 41.048130035400391 986.89666748046875 
687.31982421875 43.30218505859375 986.826416015625 
686.76043701171875 44.699008941650391 988.12396240234375 
686.24981689453125 46.293590545654297 989.72320556640625 
685.7171630859375 47.895751953125 991.52294921875 
685.20489501953125 49.565364837646484 993.4886474609375 
678.65911865234375 80.663436889648438 1023.11474609375 
686.1383056640625 42.080554962158203 989.0701904296875 
685.38397216796875 43.48614501953125 990.813720703125 
684.808837890625 45.064201354980469 992.50921630859375 
684.25970458984375 46.734138488769531 994.319580078125 
677.35986328125 79.102859497070312 1021.4397583007812 
675.7523193359375 76.795814514160156 1019.3209228515625 
673.2054443359375 73.302139282226562 1018.3067626953125 
683.64044189453125 48.539329528808594 996.17913818359375 
684.65240478515625 51.362178802490234 995.456298828125 
682.91339111328125 50.504722595214844 997.84356689453125 
683.7630615234375 53.379875183105469 997.31658935546875 
682.20745849609375 52.308094024658203 999.1312255859375 
682.53619384765625 55.207225799560547 999.31829833984375 
682.00347900390625 57.651477813720703 1000.4248046875 
681.17755126953125 58.346660614013672 1002.5377807617188 
680.135498046875 59.532470703125 1004.433349609375 
673.07049560546875 69.920402526855469 1015.445068359375 
671.73687744140625 70.200752258300781 1017.5255737304688 
674.8480224609375 73.564407348632812 1015.3074340820312 
676.08056640625 76.131591796875 1016.7186889648438 
642.2879638671875 34.507232666015625 936.92633056640625 
643.99407958984375 33.744110107421875 937.149169921875 
642.78082275390625 36.006584167480469 937.67022705078125 
676.4876708984375 34.083580017089844 975.28155517578125 
640.729248046875 36.793304443359375 937.95294189453125 
641.886962890625 38.280235290527344 938.60943603515625 
639.3402099609375 38.847663879394531 939.505859375 
640.9791259765625 40.288932800292969 939.96539306640625 
638.59014892578125 40.528347015380859 941.84222412109375 
640.407958984375 41.989284515380859 941.83837890625 
639.536865234375 42.189052581787109 943.94305419921875 
638.11749267578125 41.575572967529297 944.6260986328125 
640.22601318359375 43.153526306152344 945.98345947265625 
639.2176513671875 42.392654418945312 947.3995361328125 
641.034912109375 43.509517669677734 949.036865234375 
640.15753173828125 42.924606323242188 950.25726318359375 
642.5347900390625 44.010780334472656 951.76641845703125 
641.9329833984375 43.463283538818359 952.71490478515625 
644.24749755859375 44.13592529296875 954.45526123046875 
643.17340087890625 43.384002685546875 955.5615234375 
646.109130859375 43.819606781005859 957.0712890625 
644.88897705078125 43.174236297607422 958.15618896484375 
648.04388427734375 43.437938690185547 959.575927734375 
646.9422607421875 42.914863586425781 960.45404052734375 
648.69769287109375 42.522815704345703 962.92315673828125 
650.0797119140625 42.915424346923828 961.9052734375 
650.3931884765625 42.276355743408203 965.39202880859375 
652.11566162109375 42.53192138671875 964.14947509765625 
651.8233642578125 42.211341857910156 968.03094482421875 
652.52227783203125 42.303871154785156 966.44171142578125 
654.27557373046875 42.485523223876953 966.2066650390625 
675.36309814453125 34.847923278808594 977.545654296875 
675.63543701171875 36.569034576416016 975.87286376953125 
653.94830322265625 42.319042205810547 968.42254638671875 
653.11798095703125 42.277111053466797 970.75115966796875 
656.4718017578125 42.526355743408203 968.1962890625 
659.080810546875 45.402873992919922 1002.515625 
658.11236572265625 44.798633575439453 1000.0374755859375 
657.416015625 44.559722900390625 997.5078125 
656.8377685546875 44.031932830810547 995.17218017578125 
656.382568359375 43.479537963867188 993.277587890625 
654.57269287109375 43.056877136230469 992.08221435546875 
657.46380615234375 43.029552459716797 991.278076171875 
655.55462646484375 42.596698760986328 989.3870849609375 
658.68475341796875 42.5167236328125 988.81756591796875 
656.79559326171875 42.266242980957031 986.7034912109375 
661.32196044921875 44.935394287109375 1000.4105834960938 
663.399658203125 44.4503173828125 998.24945068359375 
664.93865966796875 43.445430755615234 996.37420654296875 
659.80865478515625 42.151542663574219 986.19036865234375 
658.018798828125 42.094814300537109 984.00408935546875 
655.5418701171875 42.355186462402344 970.76025390625 
658.336669921875 42.565685272216797 970.4595947265625 
665.9674072265625 42.454898834228516 994.41473388671875 
666.7138671875 41.578876495361328 992.11431884765625 
674.086669921875 36.588336944580078 979.11859130859375 
672.46337890625 37.609012603759766 982.08819580078125 
670.86236572265625 38.534015655517578 984.58160400390625 
669.26025390625 39.535541534423828 986.91851806640625 
654.58062744140625 42.374359130859375 973.350830078125 
667.41082763671875 40.731632232666016 989.2681884765625 
657.02093505859375 42.387859344482422 973.18743896484375 
656.1881103515625 42.478996276855469 975.8167724609375 
657.9293212890625 42.350337982177734 978.15411376953125 
658.61431884765625 42.322509765625 975.50238037109375 
660.89007568359375 42.065872192382812 983.49737548828125 
658.54736328125 42.168605804443359 981.02459716796875 
673.9476318359375 38.734268188476562 976.08819580078125 
672.2054443359375 38.993320465087891 978.9990234375 
671.6917724609375 40.4857177734375 976.03704833984375 
668.979736328125 41.711257934570312 975.684326171875 
669.5968017578125 40.661643981933594 978.49285888671875 
666.3155517578125 42.604930877685547 974.68060302734375 
666.6583251953125 41.82244873046875 977.5712890625 
663.7593994140625 43.081714630126953 973.1925048828125 
663.67877197265625 42.328823089599609 976.25341796875 
661.13079833984375 42.918636322021484 971.6630859375 
661.09613037109375 42.444622039794922 974.628662109375 
659.18499755859375 42.489345550537109 973.115234375 
660.70556640625 42.163459777832031 977.99517822265625 
661.69378662109375 42.08447265625 980.95263671875 
664.13037109375 42.116119384765625 979.353271484375 
660.34814453125 44.569438934326172 997.90704345703125 
659.572998046875 44.120471954345703 995.49542236328125 
662.25042724609375 43.854835510253906 996.01995849609375 
658.79833984375 43.563510894775391 993.25518798828125 
661.535888671875 43.395523071289062 993.76025390625 
663.6890869140625 43.106246948242188 994.595703125 
670.43621826171875 39.636379241943359 981.56207275390625 
660.982666015625 43.010044097900391 990.99530029296875 
661.8341064453125 42.309768676757812 988.15966796875 
663.88970947265625 42.640838623046875 992.568115234375 
664.296630859375 42.095119476318359 990.04461669921875 
662.9803466796875 41.902847290039062 985.82061767578125 
664.52362060546875 41.583641052246094 987.89788818359375 
666.27545166015625 41.030185699462891 986.131591796875 
668.35272216796875 40.3446044921875 983.8726806640625 
667.43548583984375 41.194801330566406 980.66796875 
664.6651611328125 41.805206298828125 982.91265869140625 
609.93707275390625 42.007835388183594 978.3017578125 
623.85247802734375 43.291496276855469 954.0123291015625 
625.3175048828125 42.91558837890625 951.67041015625 
610.504638671875 42.465461730957031 975.86016845703125 
611.72137451171875 42.105510711669922 973.70135498046875 
612.75555419921875 42.245021820068359 971.41204833984375 
621.78131103515625 43.667366027832031 955.79095458984375 
613.49365234375 42.894123077392578 969.00616455078125 
614.29486083984375 43.638492584228516 966.63140869140625 
615.41864013671875 44.093845367431641 964.3145751953125 
616.86236572265625 44.187210083007812 962.08740234375 
618.23748779296875 44.198707580566406 959.68292236328125 
619.44525146484375 44.113189697265625 957.03387451171875 
628.35101318359375 76.001785278320312 990.60394287109375 
632.1026611328125 74.781349182128906 990.29327392578125 
631.11083984375 76.345809936523438 988.26611328125 
631.96038818359375 40.876838684082031 943.16815185546875 
632.527587890625 70.559616088867188 967.54547119140625 
633.3896484375 69.576919555664062 965.2691650390625 
630.44451904296875 68.76580810546875 965.23114013671875 
627.75775146484375 76.449615478515625 988.77093505859375 
629.9713134765625 77.159523010253906 986.684814453125 
624.826171875 73.905311584472656 991.71575927734375 
612.1788330078125 48.404064178466797 946.2532958984375 
613.43072509765625 47.104099273681641 944.09637451171875 
629.5255126953125 41.575916290283203 945.1683349609375 
628.800048828125 41.094017028808594 942.06494140625 
625.5638427734375 41.642848968505859 941.1160888671875 
626.2923583984375 41.989925384521484 944.0472412109375 
622.822021484375 42.701183319091797 942.8665771484375 
614.78924560546875 46.227825164794922 946.7330322265625 
616.479736328125 45.193950653076172 944.54638671875 
611.34478759765625 49.896331787109375 948.36602783203125 
611.08001708984375 54.728694915771484 950.267822265625 
610.88018798828125 51.720378875732422 950.5308837890625 
612.275390625 57.008701324462891 952.5787353515625 
611.0142822265625 53.773582458496094 952.83795166015625 
613.49749755859375 58.653491973876953 955.256103515625 
611.82415771484375 55.786548614501953 955.25067138671875 
615.23492431640625 60.016365051269531 957.77764892578125 
613.1036376953125 57.808536529541016 957.77093505859375 
627.0670166015625 42.230171203613281 947.1595458984375 
624.6669921875 42.853561401367188 949.02239990234375 
627.3955078125 76.460906982421875 986.505615234375 
629.2005615234375 76.538978576660156 984.51568603515625 
628.965087890625 69.565208435058594 967.59442138671875 
627.65960693359375 66.827301025390625 965.15869140625 
631.76397705078125 71.375831604003906 970.05487060546875 
630.9703369140625 72.291877746582031 972.7545166015625 
628.71942138671875 70.899497985839844 970.69970703125 
629.8424072265625 73.380180358886719 975.57928466796875 
628.11328125 71.871315002441406 973.642578125 
628.82672119140625 74.412078857421875 978.70770263671875 
627.41619873046875 72.882766723632812 976.836181640625 
617.56048583984375 61.212326049804688 959.9129638671875 
615.05517578125 59.4810791015625 960.24700927734375 
619.95074462890625 62.11383056640625 961.9462890625 
617.4910888671875 60.590568542480469 962.68634033203125 
622.378662109375 63.394664764404297 963.529296875 
620.18408203125 61.919914245605469 964.698486328125 
624.9915771484375 64.953208923339844 964.497802734375 
622.95330810546875 63.873321533203125 965.99505615234375 
625.76092529296875 66.218193054199219 966.90435791015625 
623.68548583984375 42.795936584472656 945.867919921875 
619.75067138671875 43.807949066162109 944.107666015625 
626.92059326171875 75.3291015625 983.68878173828125 
628.57794189453125 75.4130859375 981.86944580078125 
626.8668212890625 73.980728149414062 980.306396484375 
617.97607421875 44.622776031494141 947.17083740234375 
621.3623046875 43.580394744873047 947.89691162109375 
614.71490478515625 47.627517700195312 989.2962646484375 
616.006103515625 48.246990203857422 991.9639892578125 
615.30615234375 49.784782409667969 990.58843994140625 
616.29034423828125 50.381019592285156 993.94256591796875 
613.35589599609375 46.694282531738281 986.71893310546875 
614.2750244140625 49.066177368164062 987.39495849609375 
612.19036865234375 45.800487518310547 983.94281005859375 
613.16912841796875 48.0931396484375 984.2742919921875 
610.756591796875 44.437702178955078 981.53607177734375 
612.039306640625 46.719264984130859 981.5126953125 
609.65948486328125 42.569099426269531 979.16973876953125 
610.607177734375 44.911632537841797 979.311279296875 
610.58551025390625 45.120620727539062 976.92266845703125 
615.79217529296875 52.046249389648438 992.322021484375 
616.792724609375 52.397987365722656 995.8218994140625 
616.34527587890625 54.263679504394531 994.23675537109375 
617.001953125 56.562614440917969 995.8223876953125 
617.81768798828125 59.562370300292969 996.51416015625 
618.78302001953125 59.733432769775391 998.20953369140625 
619.50048828125 64.273231506347656 996.39898681640625 
622.54913330078125 43.425277709960938 950.98126220703125 
620.62957763671875 43.928356170654297 953.0484619140625 
618.68475341796875 44.467067718505859 954.92401123046875 
616.99493408203125 45.024440765380859 956.94171142578125 
615.5689697265625 45.506668090820312 959.18511962890625 
614.115478515625 46.103279113769531 961.3477783203125 
612.750732421875 46.878383636474609 963.83331298828125 
612.12261962890625 46.282077789306641 966.7705078125 
611.6585693359375 46.123039245605469 969.8485107421875 
611.24951171875 44.504726409912109 972.19146728515625 
610.7708740234375 44.990688323974609 974.306640625 
618.22003173828125 62.567489624023438 994.31695556640625 
619.97088623046875 66.631248474121094 993.5357666015625 
621.71453857421875 69.289016723632812 994.07171630859375 
622.32196044921875 71.188751220703125 991.62030029296875 
624.99700927734375 74.845596313476562 989.07220458984375 
622.4482421875 71.67962646484375 988.88671875 
626.16552734375 67.910011291503906 969.3948974609375 
613.30072021484375 47.288406372070312 948.87469482421875 
619.375 44.24932861328125 950.1571044921875 
616.21484375 45.471630096435547 949.47589111328125 
617.52447509765625 44.886566162109375 952.27581787109375 
614.573974609375 46.480342864990234 951.60113525390625 
615.8505859375 45.719757080078125 954.30389404296875 
617.11767578125 59.025001525878906 993.74395751953125 
616.4879150390625 56.262271881103516 992.36199951171875 
612.1539306640625 48.855491638183594 950.98944091796875 
613.2457275390625 47.775455474853516 953.701904296875 
614.39739990234375 46.733478546142578 956.42535400390625 
611.458251953125 50.547309875488281 953.184326171875 
612.2691650390625 49.314125061035156 955.85760498046875 
613.13372802734375 47.772254943847656 958.55596923828125 
611.2286376953125 52.461166381835938 955.43536376953125 
611.7137451171875 51.068504333496094 958.083251953125 
611.6273193359375 54.639461517333984 957.804931640625 
626.0855712890625 69.3184814453125 972.0770263671875 
625.71441650390625 70.418060302734375 975.01837158203125 
612.8468017578125 56.696121215820312 960.313720703125 
611.68634033203125 52.992813110351562 960.37005615234375 
612.1661376953125 49.241630554199219 960.77423095703125 
611.86700439453125 51.060012817382812 963.010009765625 
611.93817138671875 49.361854553222656 965.2335205078125 
612.5684814453125 55.068485260009766 962.922119140625 
612.35015869140625 52.744461059570312 965.42041015625 
614.81060791015625 58.367717742919922 963.013671875 
617.4056396484375 59.696659088134766 966.095703125 
620.75042724609375 62.172996520996094 967.62725830078125 
623.52850341796875 64.813529968261719 968.57843017578125 
623.88726806640625 66.042961120605469 971.15911865234375 
623.9248046875 67.249046325683594 973.76318359375 
614.18804931640625 56.472496032714844 965.77899169921875 
625.10833740234375 71.461456298828125 978.31500244140625 
623.51739501953125 68.101821899414062 976.55621337890625 
611.99505615234375 49.827735900878906 967.6116943359375 
613.2896728515625 53.651229858398438 968.31878662109375 
615.8128662109375 56.956489562988281 969.092529296875 
618.73248291015625 59.930324554443359 969.85443115234375 
611.97882080078125 47.553794860839844 978.74920654296875 
613.39947509765625 49.261356353759766 981.4571533203125 
614.3836669921875 50.535163879394531 984.84844970703125 
615.15325927734375 51.415515899658203 988.566162109375 
615.86981201171875 53.847549438476562 990.39599609375 
616.36260986328125 56.031696319580078 988.81878662109375 
616.95672607421875 58.471302032470703 990.68359375 
615.6533203125 53.493144989013672 985.978271484375 
614.967041015625 52.000118255615234 981.79241943359375 
613.84368896484375 50.655807495117188 977.91046142578125 
611.91314697265625 47.893093109130859 975.7061767578125 
611.6044921875 47.542987823486328 972.6676025390625 
612.4493408203125 50.448104858398438 970.61639404296875 
613.1728515625 50.764175415039062 973.93231201171875 
614.41748046875 53.874797821044922 971.6712646484375 
615.2557373046875 53.567760467529297 975.258056640625 
615.891357421875 53.79632568359375 978.77105712890625 
617.07501220703125 57.006370544433594 973.03131103515625 
621.488037109375 62.902751922607422 970.52001953125 
622.02276611328125 64.0482177734375 973.16912841796875 
622.32794189453125 65.313041687011719 975.3426513671875 
619.79443359375 60.693927764892578 973.0296630859375 
620.64923095703125 62.269180297851562 975.7982177734375 
616.93731689453125 55.822700500488281 976.43939208984375 
618.58819580078125 58.758411407470703 976.09423828125 
621.542236328125 64.976554870605469 977.97088623046875 
622.7928466796875 68.617385864257812 979.80810546875 
617.5238037109375 56.868862152099609 979.21990966796875 
616.44219970703125 54.981651306152344 982.26904296875 
616.77410888671875 56.615020751953125 985.55841064453125 
617.02911376953125 58.180259704589844 987.98602294921875 
624.419189453125 72.541458129882812 982.3515625 
624.90350341796875 74.535179138183594 986.074951171875 
622.3497314453125 70.633735656738281 985.54876708984375 
620.33453369140625 67.652137756347656 990.9971923828125 
618.90728759765625 64.422187805175781 992.284423828125 
617.76019287109375 61.446159362792969 991.80511474609375 
617.73284912109375 60.754520416259766 988.9573974609375 
618.86993408203125 64.081092834472656 989.98492431640625 
620.4075927734375 67.309158325195312 988.03619384765625 
622.039794921875 68.69647216796875 982.77325439453125 
620.81268310546875 65.158897399902344 981.3304443359375 
619.38641357421875 60.967872619628906 979.43450927734375 
617.7908935546875 58.332111358642578 982.60986328125 
619.097412109375 62.109035491943359 983.4808349609375 
617.77301025390625 59.716331481933594 985.910888671875 
618.9031982421875 63.229854583740234 986.93658447265625 
620.48724365234375 66.184318542480469 984.73394775390625 
591.94427490234375 42.536163330078125 1031.83935546875 
589.41900634765625 42.109474182128906 1033.8662109375 
586.79315185546875 41.995132446289062 1036.0411376953125 
585.84075927734375 42.377334594726562 1038.622314453125 
585.30950927734375 42.467613220214844 1041.370849609375 
584.16668701171875 41.803314208984375 1043.6297607421875 
585.89617919921875 41.307723999023438 1044.40185546875 
601.1212158203125 56.261238098144531 1094.1646728515625 
604.2266845703125 57.512008666992188 1094.78173828125 
602.29486083984375 58.040721893310547 1096.6810302734375 
599.91552734375 56.915168762207031 1095.7025146484375 
597.416259765625 55.992633819580078 1094.6412353515625 
598.0015869140625 55.047592163085938 1093.199462890625 
595.7960205078125 54.469566345214844 1092.732421875 
596.97943115234375 53.561161041259766 1090.77783203125 
594.38568115234375 52.760780334472656 1090.566650390625 
595.97454833984375 51.867832183837891 1088.390380859375 
592.72662353515625 51.241096496582031 1088.4227294921875 
594.07275390625 50.390689849853516 1086.6707763671875 
591.0257568359375 49.791042327880859 1086.19482421875 
592.55096435546875 48.7314453125 1084.6224365234375 
589.379150390625 48.348335266113281 1083.8377685546875 
591.20098876953125 47.202857971191406 1082.2484130859375 
587.5947265625 47.122268676757812 1081.375244140625 
589.954345703125 45.687995910644531 1079.7242431640625 
586.08489990234375 45.818462371826172 1078.7109375 
588.619384765625 44.331600189208984 1077.0919189453125 
585.25567626953125 44.114517211914062 1075.7803955078125 
587.98541259765625 42.757617950439453 1074.1602783203125 
584.78204345703125 42.432605743408203 1072.6732177734375 
587.95587158203125 41.146804809570312 1071.0062255859375 
584.65472412109375 40.710048675537109 1069.461669921875 
588.110107421875 39.541084289550781 1067.829833984375 
584.30572509765625 39.164104461669922 1066.296142578125 
587.59661865234375 38.351860046386719 1064.7738037109375 
583.6654052734375 38.028129577636719 1063.13330078125 
586.9783935546875 37.4013671875 1061.7322998046875 
585.8251953125 37.02593994140625 1058.8973388671875 
582.50677490234375 37.330818176269531 1060.167724609375 
583.98779296875 36.948249816894531 1056.3829345703125 
581.272705078125 37.215560913085938 1057.181396484375 
582.1439208984375 40.107505798339844 1046.771240234375 
585.6571044921875 39.832633972167969 1047.3466796875 
582.801025390625 38.914558410644531 1049.024169921875 
584.86370849609375 38.462028503417969 1050.2921142578125 
580.1663818359375 40.035511016845703 1047.4951171875 
581.0126953125 38.385231018066406 1050.6729736328125 
582.49285888671875 37.430000305175781 1054.54736328125 
580.0240478515625 37.789577484130859 1054.072509765625 
584.32794189453125 37.498550415039062 1053.3165283203125 
582.64630126953125 37.950618743896484 1051.9757080078125 
647.0289306640625 58.847415924072266 1033.944580078125 
645.6298828125 58.896102905273438 1036.2132568359375 
644.1197509765625 58.685234069824219 1038.451416015625 
642.6043701171875 58.356781005859375 1040.6915283203125 
641.0977783203125 58.006103515625 1042.958740234375 
639.92999267578125 58.188713073730469 1045.3118896484375 
638.6591796875 58.262954711914062 1047.6910400390625 
637.221923828125 58.117195129394531 1050.063232421875 
635.714599609375 57.86468505859375 1052.3931884765625 
634.20166015625 57.669033050537109 1054.711669921875 
632.7105712890625 57.610340118408203 1057.0369873046875 
631.218505859375 57.67926025390625 1059.3643798828125 
629.5843505859375 57.659420013427734 1061.6138916015625 
627.55633544921875 57.269939422607422 1063.51953125 
626.21807861328125 57.757217407226562 1066.02587890625 
624.65289306640625 58.044761657714844 1068.522216796875 
623.103515625 58.227630615234375 1071.0953369140625 
621.5716552734375 58.396160125732422 1073.7998046875 
620.1298828125 58.569786071777344 1076.661376953125 
618.93548583984375 59.035335540771484 1079.659912109375 
618.14349365234375 59.860912322998047 1082.69775390625 
616.7061767578125 60.011554718017578 1085.730224609375 
618.1436767578125 63.37078857421875 1087.845458984375 
615.47149658203125 60.805706024169922 1088.9752197265625 
614.973876953125 62.506187438964844 1092.0201416015625 
617.0123291015625 63.936107635498047 1090.672607421875 
622.03955078125 83.316154479980469 1104.708740234375 
620.2041015625 82.615928649902344 1106.3365478515625 
617.750244140625 82.161323547363281 1108.0340576171875 
619.04815673828125 79.991432189941406 1105.1964111328125 
616.4443359375 79.178459167480469 1106.9434814453125 
622.43145751953125 81.632545471191406 1102.03271484375 
622.83331298828125 79.997634887695312 1098.8941650390625 
617.81512451171875 76.992988586425781 1103.69580078125 
615.06219482421875 76.304168701171875 1105.8341064453125 
613.97760009765625 64.205085754394531 1095.1292724609375 
616.0880126953125 65.123756408691406 1093.4075927734375 
612.9793701171875 66.184120178222656 1098.1689453125 
615.25091552734375 66.739143371582031 1096.129150390625 
612.24029541015625 68.42486572265625 1101.0703125 
614.627197265625 68.738601684570312 1098.9447021484375 
611.91375732421875 70.869308471679688 1103.7457275390625 
614.16046142578125 71.062217712402344 1101.82421875 
613.57818603515625 73.513931274414062 1104.7230224609375 
616.077392578125 73.886878967285156 1102.5853271484375 
621.61859130859375 76.999839782714844 1097.3819580078125 
620.734130859375 74.037620544433594 1095.36962890625 
620.131103515625 71.337654113769531 1093.344970703125 
619.535400390625 68.721168518066406 1091.512451171875 
618.87603759765625 66.057899475097656 1089.7723388671875 
617.90130615234375 66.609725952148438 1092.2921142578125 
620.86968994140625 81.170379638671875 1104.0400390625 
620.5716552734375 78.68011474609375 1101.58984375 
616.94891357421875 67.292701721191406 1094.50927734375 
618.4000244140625 69.073356628417969 1094.1566162109375 
616.7235107421875 69.114311218261719 1096.6588134765625 
618.62176513671875 71.582443237304688 1096.4591064453125 
618.92340087890625 74.699195861816406 1099.532958984375 
616.52239990234375 71.395706176757812 1099.4296875 
676.9820556640625 23.975982666015625 962.51922607421875 
669.8299560546875 16.860651016235352 951.1923828125 
668.10247802734375 17.887920379638672 949.58642578125 
666.3126220703125 18.833534240722656 948.00640869140625 
664.46856689453125 19.817033767700195 946.51470947265625 
677.510986328125 25.669425964355469 965.391845703125 
677.93145751953125 28.069316864013672 967.42205810546875 
678.42889404296875 30.537151336669922 969.18170166015625 
680.11273193359375 31.929897308349609 968.63555908203125 
678.89129638671875 33.004734039306641 970.76104736328125 
662.53515625 20.869333267211914 945.1280517578125 
660.53662109375 21.945053100585938 943.82147216796875 
678.13543701171875 35.386707305908203 972.0447998046875 
679.626220703125 36.289730072021484 971.057373046875 
676.9716796875 37.788738250732422 972.7276611328125 
678.22314453125 38.673374176025391 971.56134033203125 
675.2733154296875 39.908802032470703 972.7435302734375 
676.156982421875 40.699607849121094 971.5526123046875 
673.1661376953125 41.706321716308594 972.40924072265625 
674.3463134765625 42.697643280029297 970.93408203125 
670.8828125 43.182113647460938 971.782470703125 
672.18231201171875 44.298347473144531 970.11810302734375 
668.27264404296875 44.086078643798828 970.88372802734375 
669.62921142578125 45.354942321777344 969.22845458984375 
658.487548828125 22.989343643188477 942.5255126953125 
656.371337890625 24.099462509155273 941.34124755859375 
654.18011474609375 25.077972412109375 940.0452880859375 
652.3087158203125 26.884355545043945 939.32550048828125 
650.4913330078125 28.933435440063477 938.72686767578125 
651.21795654296875 29.666040420532227 939.10565185546875 
648.57379150390625 30.938724517822266 938.15478515625 
646.05596923828125 32.163730621337891 937.42803955078125 
640.46600341796875 43.383098602294922 944.0687255859375 
641.06329345703125 44.763427734375 945.04083251953125 
641.7352294921875 44.830223083496094 948.1685791015625 
643.00469970703125 44.948162078857422 951.06414794921875 
644.59832763671875 45.085563659667969 953.77520751953125 
646.45196533203125 45.083217620849609 956.32977294921875 
648.466552734375 44.749099731445312 958.7276611328125 
650.51226806640625 44.001659393310547 960.98760986328125 
652.80426025390625 43.799125671386719 962.88629150390625 
655.31805419921875 44.098064422607422 964.495361328125 
657.09185791015625 43.109428405761719 966.99432373046875 
658.04229736328125 44.551078796386719 965.638671875 
660.05609130859375 43.872791290283203 967.5125732421875 
660.9615478515625 45.022537231445312 966.44073486328125 
662.85491943359375 44.332538604736328 968.43914794921875 
663.90643310546875 45.454559326171875 967.2918701171875 
665.5313720703125 44.355350494384766 969.7430419921875 
666.84124755859375 45.800155639648438 968.22222900390625 
578.95733642578125 39.853832244873047 1049.2332763671875 
578.96759033203125 38.549625396728516 1053.0748291015625 
578.47796630859375 38.301959991455078 1057.041015625 
603.51385498046875 59.941421508789062 1098.5216064453125 
605.3201904296875 61.872825622558594 1099.6470947265625 
606.93487548828125 64.027496337890625 1100.84228515625 
608.52191162109375 66.278099060058594 1101.978515625 
610.13812255859375 68.6207275390625 1102.947021484375 
623.11956787109375 90.200515747070312 1108.8934326171875 
624.5086669921875 93.161041259765625 1109.287109375 
625.87664794921875 96.167259216308594 1109.188720703125 
628.91925048828125 97.840377807617188 1108.49560546875 
630.401123046875 100.75788879394531 1108.2681884765625 
633.1597900390625 102.37897491455078 1107.305908203125 
636.20233154296875 103.41416931152344 1106.1873779296875 
578.17828369140625 40.732757568359375 1048.3975830078125 
615.93780517578125 58.094333648681641 1083.3134765625 
614.2965087890625 58.244461059570312 1086.4307861328125 
613.3133544921875 56.672218322753906 1084.171875 
617.254638671875 57.747474670410156 1080.1187744140625 
614.797607421875 56.437137603759766 1081.1072998046875 
612.24432373046875 55.260536193847656 1081.866455078125 
618.51104736328125 57.294380187988281 1076.985595703125 
616.1468505859375 56.080024719238281 1077.9471435546875 
613.69342041015625 55.011497497558594 1078.73681640625 
611.1529541015625 53.919742584228516 1079.488525390625 
619.865234375 56.957012176513672 1073.95556640625 
617.562744140625 55.65606689453125 1074.7506103515625 
621.31756591796875 56.789966583251953 1071.094482421875 
619.05572509765625 55.396736145019531 1071.5977783203125 
622.81390380859375 56.863006591796875 1068.4471435546875 
620.4501953125 55.547023773193359 1068.7022705078125 
624.43328857421875 56.986400604248047 1065.97509765625 
621.86334228515625 55.851158142089844 1066.0875244140625 
626.15606689453125 56.728630065917969 1063.5467529296875 
623.46026611328125 56.109653472900391 1063.6480712890625 
628.0126953125 56.708488464355469 1061.318359375 
625.2647705078125 55.994735717773438 1061.25 
629.768798828125 56.605667114257812 1059.053466796875 
627.06280517578125 56.080146789550781 1059.0010986328125 
631.29229736328125 56.352294921875 1056.65234375 
628.7359619140625 56.182876586914062 1056.7032470703125 
632.8067626953125 56.14697265625 1054.23779296875 
630.31170654296875 55.845882415771484 1054.2237548828125 
634.3931884765625 55.954608917236328 1051.885498046875 
631.98834228515625 55.279502868652344 1051.785888671875 
633.747802734375 54.61688232421875 1049.4615478515625 
612.55865478515625 53.697647094726562 1076.29443359375 
609.8997802734375 52.675930023193359 1077.1268310546875 
633.13519287109375 53.644454956054688 1046.916259765625 
631.318115234375 54.514869689941406 1049.2061767578125 
631.8497314453125 52.661617279052734 1044.700439453125 
630.36761474609375 53.37481689453125 1046.9422607421875 
629.8304443359375 51.430488586425781 1043.087158203125 
629.32415771484375 52.274303436279297 1044.9945068359375 
627.80438232421875 50.021091461181641 1041.763427734375 
627.15545654296875 51.053474426269531 1044.055908203125 
625.09368896484375 49.835723876953125 1042.90234375 
622.96905517578125 48.571315765380859 1041.6201171875 
620.788818359375 47.277816772460938 1040.378662109375 
618.75390625 46.093788146972656 1038.9449462890625 
616.97381591796875 44.843494415283203 1036.9058837890625 
611.17724609375 52.626686096191406 1073.906982421875 
608.30633544921875 51.337238311767578 1075.0703125 
609.47442626953125 51.415622711181641 1071.7266845703125 
606.55377197265625 49.744892120361328 1073.2774658203125 
607.78936767578125 49.767417907714844 1069.7681884765625 
604.98785400390625 47.946033477783203 1071.4725341796875 
606.19482421875 47.903221130371094 1067.9503173828125 
603.59552001953125 46.040775299072266 1069.6258544921875 
604.610107421875 46.005905151367188 1066.1363525390625 
602.028564453125 44.241546630859375 1067.7923583984375 
602.90966796875 44.482791900634766 1064.4781494140625 
600.29229736328125 42.708904266357422 1065.91064453125 
601.27386474609375 43.288112640380859 1062.983642578125 
599.08782958984375 41.872997283935547 1063.249267578125 
600.61639404296875 42.951633453369141 1060.3155517578125 
597.9476318359375 41.433517456054688 1060.54638671875 
599.52764892578125 42.852859497070312 1057.6412353515625 
596.9681396484375 41.37713623046875 1057.6832275390625 
594.92742919921875 40.780101776123047 1055.5255126953125 
593.55340576171875 40.93133544921875 1052.7100830078125 
596.209716796875 42.422767639160156 1052.377197265625 
594.17498779296875 42.158588409423828 1049.642333984375 
597.91107177734375 42.640361785888672 1054.9329833984375 
596.95172119140625 43.634689331054688 1049.1741943359375 
594.7877197265625 43.175510406494141 1046.481689453125 
597.94140625 44.347442626953125 1045.7164306640625 
595.721923828125 43.616489410400391 1043.261962890625 
599.19854736328125 44.190872192382812 1042.1920166015625 
597.1612548828125 43.300346374511719 1040.2684326171875 
600.2276611328125 43.04022216796875 1038.6318359375 
602.4161376953125 44.139934539794922 1040.826904296875 
603.414794921875 42.966030120849609 1037.48486328125 
605.91680908203125 44.066307067871094 1039.246826171875 
606.30560302734375 43.108573913574219 1036.025390625 
609.10723876953125 43.630317687988281 1036.388916015625 
609.371337890625 44.700218200683594 1039.0811767578125 
611.8748779296875 44.123271942138672 1036.450927734375 
612.41778564453125 45.394496917724609 1039.0970458984375 
614.6737060546875 44.321891784667969 1036.0941162109375 
615.6837158203125 45.651515960693359 1038.8179931640625 
615.1116943359375 54.702281951904297 1075.5428466796875 
613.93804931640625 53.599006652832031 1073.068359375 
616.56939697265625 54.398197174072266 1072.298583984375 
601.0831298828125 45.188323974609375 1044.6923828125 
599.87115478515625 44.639335632324219 1048.6251220703125 
599.010498046875 43.982414245605469 1051.9927978515625 
600.66180419921875 44.214504241943359 1054.9283447265625 
612.367919921875 52.820304870605469 1070.686279296875 
615.247802734375 53.580635070800781 1069.8653564453125 
618.0042724609375 54.215663909912109 1069.151611328125 
602.171630859375 44.367507934570312 1057.9757080078125 
603.0430908203125 44.552661895751953 1061.004150390625 
605.06573486328125 45.975124359130859 1062.560546875 
606.8494873046875 47.694290161132812 1064.5596923828125 
608.7904052734375 49.693592071533203 1066.31689453125 
610.52130126953125 51.5574951171875 1068.329833984375 
603.97894287109375 45.481101989746094 1042.5062255859375 
606.80133056640625 45.550521850585938 1041.07275390625 
602.32110595703125 45.325458526611328 1048.1807861328125 
604.17333984375 45.834999084472656 1045.92529296875 
602.06793212890625 45.185928344726562 1051.87158203125 
603.43731689453125 45.447860717773438 1055.4532470703125 
604.8970947265625 45.869522094726562 1058.91064453125 
607.2506103515625 47.483436584472656 1061.183837890625 
609.125732421875 49.303977966308594 1063.021484375 
611.521484375 51.468166351318359 1064.8280029296875 
613.42718505859375 52.884246826171875 1067.468017578125 
616.497802734375 53.488422393798828 1066.8121337890625 
619.3577880859375 54.421695709228516 1066.3089599609375 
620.75994873046875 54.867473602294922 1063.7313232421875 
622.4033203125 55.338001251220703 1061.2877197265625 
624.22174072265625 55.237552642822266 1058.804443359375 
625.91912841796875 55.175018310546875 1056.462158203125 
627.56646728515625 55.017890930175781 1054.08837890625 
629.35467529296875 54.87890625 1051.62255859375 
628.49786376953125 53.685218811035156 1049.0435791015625 
627.459228515625 52.350971221923828 1046.5323486328125 
617.98553466796875 53.537994384765625 1063.9603271484375 
614.7119140625 53.044952392578125 1064.447021484375 
609.33856201171875 46.28717041015625 1041.3778076171875 
606.63018798828125 46.404224395751953 1043.962158203125 
626.69989013671875 53.697154998779297 1051.3931884765625 
625.89117431640625 52.561923980712891 1048.5863037109375 
624.78271484375 51.064426422119141 1045.6365966796875 
622.46661376953125 49.750495910644531 1043.97021484375 
620.187744140625 48.390789031982422 1042.56298828125 
617.655517578125 47.106834411621094 1041.0755615234375 
614.42340087890625 46.627616882324219 1040.528564453125 
611.8031005859375 46.903583526611328 1041.921142578125 
624.89678955078125 53.686962127685547 1053.7518310546875 
623.18572998046875 53.887939453125 1056.085693359375 
621.37823486328125 54.367630004882812 1058.732666015625 
619.7076416015625 53.929843902587891 1061.27490234375 
616.81072998046875 52.794208526611328 1061.467529296875 
614.9754638671875 47.562351226806641 1042.7054443359375 
617.605712890625 48.430431365966797 1043.6357421875 
619.7174072265625 49.703475952148438 1044.9873046875 
621.83544921875 50.773090362548828 1046.5740966796875 
623.62481689453125 51.730968475341797 1048.216064453125 
624.0870361328125 52.630176544189453 1051.0128173828125 
613.76104736328125 51.863929748535156 1061.736572265625 
611.27630615234375 50.483512878417969 1061.6046142578125 
609.83636474609375 48.989051818847656 1059.375732421875 
607.49432373046875 47.325069427490234 1058.3878173828125 
606.2135009765625 46.596187591552734 1055.9063720703125 
605.109130859375 46.123844146728516 1052.874267578125 
604.69921875 45.83294677734375 1049.5941162109375 
606.9063720703125 46.328269958496094 1047.2012939453125 
618.68133544921875 52.928951263427734 1058.70068359375 
615.8372802734375 51.664035797119141 1058.803955078125 
620.4117431640625 53.057723999023438 1056.1077880859375 
621.95660400390625 52.557849884033203 1053.115478515625 
621.53399658203125 51.68115234375 1049.838623046875 
619.30755615234375 50.785064697265625 1047.9864501953125 
617.20159912109375 49.842510223388672 1046.3408203125 
615.250732421875 48.565792083740234 1045.0906982421875 
612.8707275390625 50.54608154296875 1058.8521728515625 
611.94891357421875 49.292919158935547 1056.432861328125 
609.21942138671875 47.953933715820312 1056.2745361328125 
608.05267333984375 47.110767364501953 1053.5938720703125 
607.2625732421875 46.539207458496094 1050.593017578125 
614.9852294921875 50.449478149414062 1056.063232421875 
617.61590576171875 51.702373504638672 1056.095703125 
619.1787109375 51.936767578125 1053.841064453125 
619.1905517578125 51.443748474121094 1051.20849609375 
617.05206298828125 50.424079895019531 1049.704833984375 
615.25189208984375 49.389015197753906 1047.964599609375 
616.6829833984375 50.647476196289062 1053.0860595703125 
614.92913818359375 49.548114776611328 1050.9652099609375 
613.8316650390625 49.477672576904297 1053.7305908203125 
610.97332763671875 48.263118743896484 1053.8916015625 
609.80340576171875 47.379814147949219 1051.3804931640625 
609.15618896484375 46.910587310791016 1048.2706298828125 
609.3133544921875 47.074745178222656 1044.74951171875 
612.4713134765625 47.639598846435547 1044.4013671875 
613.4703369140625 48.334011077880859 1046.63037109375 
611.303466796875 47.525264739990234 1046.9046630859375 
613.25927734375 48.532138824462891 1049.041259765625 
612.46014404296875 48.501899719238281 1051.5777587890625 
611.23150634765625 47.691814422607422 1049.457275390625 
614.6453857421875 59.506340026855469 1088.296630859375 
606.10882568359375 58.592731475830078 1095.2183837890625 
606.97918701171875 56.917373657226562 1092.245361328125 
608.61865234375 58.813949584960938 1093.7890625 
609.95172119140625 57.436733245849609 1090.7733154296875 
607.0042724609375 60.301162719726562 1096.7938232421875 
610.749755859375 66.190452575683594 1100.172119140625 
611.3414306640625 59.465286254882812 1092.34423828125 
612.79083251953125 58.520725250244141 1089.3905029296875 
609.19097900390625 64.423553466796875 1099.668701171875 
608.295166015625 62.425800323486328 1098.2335205078125 
613.72027587890625 60.291748046875 1090.8382568359375 
612.61212158203125 61.703227996826172 1093.8387451171875 
611.18731689453125 63.593635559082031 1097.212158203125 
609.9046630859375 60.959461212158203 1095.351806640625 
617.13043212890625 44.749488830566406 1035.7164306640625 
615.64739990234375 44.623641967773438 1034.77392578125 
619.64447021484375 45.519821166992188 1035.4034423828125 
621.82672119140625 46.634124755859375 1034.9608154296875 
619.64422607421875 47.303585052490234 1033.1717529296875 
658.78167724609375 48.367557525634766 1008.3401489257812 
659.10723876953125 49.562183380126953 1010.3085327148438 
659.4315185546875 50.912403106689453 1012.3644409179688 
656.88568115234375 49.097003936767578 1009.6389770507812 
619.78009033203125 48.857833862304688 1031.797119140625 
621.20831298828125 49.955081939697266 1031.1376953125 
623.101806640625 51.172489166259766 1030.312744140625 
625.11541748046875 52.18804931640625 1029.1983642578125 
626.69110107421875 52.948451995849609 1028.05224609375 
629.0797119140625 53.079013824462891 1027.73193359375 
656.2474365234375 50.2508544921875 1011.755126953125 
654.15032958984375 51.313575744628906 1013.9224853515625 
621.85723876953125 48.165462493896484 1033.0953369140625 
624.19903564453125 47.606151580810547 1034.8385009765625 
626.6031494140625 48.619831085205078 1034.722900390625 
624.033935546875 49.203937530517578 1032.6788330078125 
629.06097412109375 49.629791259765625 1034.6842041015625 
626.683349609375 50.407737731933594 1032.0113525390625 
631.541259765625 50.670303344726562 1034.3199462890625 
630.08172607421875 51.053237915039062 1032.2451171875 
633.12994384765625 51.766670227050781 1032.4581298828125 
634.628173828125 52.718715667724609 1030.4591064453125 
631.52301025390625 52.405529022216797 1029.7440185546875 
636.1739501953125 53.427986145019531 1028.421142578125 
633.59405517578125 53.100212097167969 1028.2374267578125 
652.08905029296875 52.137561798095703 1015.715087890625 
649.8441162109375 52.762981414794922 1017.370361328125 
647.55377197265625 53.314338684082031 1018.9863891601562 
645.17559814453125 53.728408813476562 1020.5343627929688 
642.66900634765625 53.969100952148438 1022.079345703125 
639.78759765625 54.018817901611328 1023.9208984375 
636.5439453125 53.868473052978516 1024.986572265625 
633.92242431640625 53.669879913330078 1025.8160400390625 
631.55010986328125 53.418575286865234 1026.80517578125 
657.45367431640625 51.827205657958984 1014.26416015625 
655.32281494140625 52.603424072265625 1016.0805053710938 
652.85382080078125 53.077487945556641 1017.6392211914062 
650.45233154296875 53.546852111816406 1019.2310791015625 
648.15374755859375 53.984745025634766 1020.9330444335938 
645.84954833984375 54.270648956298828 1022.63720703125 
643.45745849609375 54.347766876220703 1024.24755859375 
641.0169677734375 54.224845886230469 1025.7476806640625 
638.5023193359375 53.905937194824219 1027.062255859375 
628.25933837890625 51.928390502929688 1029.9267578125 
603.63287353515625 42.780052185058594 1034.9132080078125 
600.9705810546875 42.576824188232422 1035.225341796875 
603.74517822265625 55.852230072021484 1091.7498779296875 
611.6817626953125 56.894680023193359 1087.4144287109375 
610.65771484375 55.588504791259766 1085.1368408203125 
609.5211181640625 54.385749816894531 1082.8560791015625 
608.25592041015625 53.044742584228516 1080.6842041015625 
606.7708740234375 51.670299530029297 1078.6619873046875 
605.05206298828125 50.136222839355469 1076.9796142578125 
602.6756591796875 48.004592895507812 1076.0709228515625 
601.33074951171875 45.849151611328125 1073.7447509765625 
600.00677490234375 43.831043243408203 1071.6436767578125 
597.827880859375 42.048133850097656 1069.434814453125 
600.46588134765625 54.830909729003906 1091.1082763671875 
599.881591796875 53.143745422363281 1087.65673828125 
608.9271240234375 56.007305145263672 1088.4888916015625 
606.11572265625 55.407123565673828 1089.0703125 
597.7860107421875 42.590984344482422 1036.2064208984375 
595.02410888671875 42.442356109619141 1033.7298583984375 
592.328857421875 42.277671813964844 1034.969970703125 
590.31195068359375 42.21807861328125 1037.7537841796875 
588.85064697265625 42.352943420410156 1041.850341796875 
597.9962158203125 50.959968566894531 1085.3052978515625 
596.51727294921875 49.120307922363281 1083.3291015625 
595.35247802734375 47.290435791015625 1081.24658203125 
594.19793701171875 45.585308074951172 1079.0093994140625 
592.94573974609375 44.024845123291016 1076.6768798828125 
591.80023193359375 42.748912811279297 1074.1900634765625 
591.2890625 41.473850250244141 1071.517333984375 
591.3314208984375 40.102939605712891 1068.5611572265625 
591.95367431640625 39.087638854980469 1064.8106689453125 
590.9228515625 38.276905059814453 1061.44970703125 
589.7052001953125 37.859893798828125 1058.456298828125 
587.9022216796875 37.953205108642578 1055.329345703125 
588.0286865234375 38.907886505126953 1051.89306640625 
588.56829833984375 39.996109008789062 1048.8489990234375 
588.91094970703125 41.316417694091797 1045.694091796875 
597.113037109375 41.058612823486328 1066.2640380859375 
595.99578857421875 40.311416625976562 1063.659912109375 
594.736328125 39.7486572265625 1060.94580078125 
593.36798095703125 39.393692016601562 1058.1795654296875 
591.83843994140625 39.278511047363281 1055.520751953125 
591.16815185546875 40.526657104492188 1050.597900390625 
590.576416015625 39.486190795898438 1053.19677734375 
591.696044921875 41.673446655273438 1047.5870361328125 
592.17205810546875 42.682441711425781 1044.286376953125 
593.09210205078125 43.001674652099609 1040.7525634765625 
594.35455322265625 42.673103332519531 1037.309326171875 
594.19677734375 40.019245147705078 1066.514892578125 
603.238525390625 54.606769561767578 1088.7081298828125 
605.5648193359375 54.458797454833984 1086.7064208984375 
594.38629150390625 40.838668823242188 1069.08984375 
594.21044921875 41.812602996826172 1071.6492919921875 
595.68548583984375 42.835086822509766 1073.4127197265625 
597.1217041015625 44.480358123779297 1075.57373046875 
598.339111328125 46.298904418945312 1077.7332763671875 
599.1954345703125 48.164997100830078 1079.9207763671875 
602.133544921875 49.348922729492188 1078.97900390625 
603.527587890625 50.843357086181641 1080.3126220703125 
605.1490478515625 52.412548065185547 1082.0797119140625 
606.703369140625 53.791740417480469 1083.9805908203125 
607.955078125 54.888858795166016 1086.081298828125 
600.13824462890625 49.941516876220703 1081.9176025390625 
601.7003173828125 51.753242492675781 1083.761962890625 
603.69403076171875 53.409420013427734 1085.48583984375 
675.006103515625 7.6168045997619629 948.09320068359375 
673.2901611328125 8.9144773483276367 946.33709716796875 
671.60400390625 10.248321533203125 944.57196044921875 
671.622802734375 11.375343322753906 942.0343017578125 
669.6845703125 11.578960418701172 943.13037109375 
670.1893310546875 12.438899993896484 940.5360107421875 
667.4737548828125 12.949071884155273 942.10748291015625 
668.31488037109375 13.62384033203125 938.8883056640625 
665.59088134765625 14.245540618896484 940.44622802734375 
614.45892333984375 46.209384918212891 941.41253662109375 
617.25421142578125 44.606769561767578 941.95086669921875 
619.64306640625 43.447696685791016 940.8106689453125 
622.48602294921875 42.239833831787109 939.46380615234375 
627.96026611328125 40.459358215332031 939.02362060546875 
625.10455322265625 41.064075469970703 937.84765625 
616.1207275390625 44.906414031982422 938.8126220703125 
616.7415771484375 44.532688140869141 935.4405517578125 
617.54510498046875 44.351226806640625 932.5340576171875 
618.74298095703125 44.320808410644531 929.84149169921875 
620.03863525390625 44.608905792236328 927.634033203125 
621.99847412109375 43.701507568359375 926.07843017578125 
624.3990478515625 42.840835571289062 924.2838134765625 
626.87188720703125 41.791572570800781 922.93902587890625 
629.564697265625 40.372398376464844 921.96337890625 
666.25262451171875 14.811756134033203 937.36358642578125 
663.2197265625 15.821149826049805 940.0731201171875 
664.37982177734375 15.922046661376953 935.76678466796875 
662.17578125 16.513847351074219 937.735595703125 
662.42254638671875 17.115165710449219 934.22027587890625 
659.773681640625 18.143779754638672 937.26800537109375 
660.20574951171875 18.399810791015625 933.02838134765625 
657.48187255859375 19.882232666015625 936.79046630859375 
657.67718505859375 19.729103088378906 932.2994384765625 
655.198974609375 21.729839324951172 936.548828125 
655.27105712890625 21.169328689575195 931.57696533203125 
652.99169921875 23.676103591918945 936.4390869140625 
652.2816162109375 23.182039260864258 931.44122314453125 
650.791259765625 25.703655242919922 936.48077392578125 
649.36834716796875 25.565383911132812 932.8206787109375 
648.6441650390625 27.858987808227539 936.70623779296875 
647.10546875 27.546695709228516 933.22503662109375 
646.3251953125 29.432889938354492 935.92767333984375 
644.70477294921875 29.194719314575195 932.75469970703125 
643.82257080078125 30.85822868347168 934.82244873046875 
641.94512939453125 30.903617858886719 932.16937255859375 
641.25640869140625 32.538791656494141 934.4039306640625 
630.9095458984375 39.260059356689453 937.83154296875 
627.6617431640625 39.707019805908203 936.13262939453125 
633.720947265625 37.879989624023438 936.6431884765625 
630.42254638671875 37.970600128173828 934.0245361328125 
636.317138671875 36.236000061035156 935.58013916015625 
633.75726318359375 36.264686584472656 933.24169921875 
638.80780029296875 34.429744720458984 934.8309326171875 
636.4559326171875 34.566211700439453 932.5701904296875 
639.11669921875 32.772998809814453 932.151611328125 
650.5582275390625 24.734384536743164 928.5423583984375 
648.788818359375 26.544984817504883 926.5985107421875 
646.6427001953125 28.339038848876953 925.1640625 
644.83349609375 30.052667617797852 924.0477294921875 
642.39996337890625 31.237316131591797 923.77886962890625 
639.44598388671875 32.775505065917969 923.4090576171875 
636.44720458984375 34.34722900390625 923.13824462890625 
633.447265625 35.867401123046875 923.29791259765625 
630.50970458984375 37.372745513916016 923.866943359375 
647.843505859375 26.248798370361328 930.03643798828125 
645.9495849609375 27.551773071289062 928.05706787109375 
645.77880859375 27.781848907470703 930.74761962890625 
619.3919677734375 43.085624694824219 937.62518310546875 
622.17108154296875 41.787681579589844 936.43798828125 
619.51910400390625 42.684608459472656 934.6961669921875 
624.50445556640625 40.572891235351562 934.9505615234375 
621.90130615234375 41.444866180419922 934.06427001953125 
620.1578369140625 42.294071197509766 932.02496337890625 
643.17181396484375 29.273483276367188 929.409912109375 
643.86676025390625 29.192497253417969 926.0234375 
621.46112060546875 41.956775665283203 929.11126708984375 
623.241455078125 40.522518157958984 932.22967529296875 
626.603759765625 39.214839935302734 933.00244140625 
631.3543701171875 36.336147308349609 930.45660400390625 
628.275634765625 37.807285308837891 930.48760986328125 
634.13250732421875 34.801025390625 929.92840576171875 
623.818603515625 40.858497619628906 926.8228759765625 
624.93206787109375 39.373111724853516 929.92755126953125 
625.72216796875 40.414909362792969 925.0067138671875 
627.81494140625 38.942573547363281 924.53509521484375 
626.4693603515625 38.599338531494141 927.35186767578125 
632.04925537109375 35.3870849609375 926.9847412109375 
629.31805419921875 36.879291534423828 927.43896484375 
634.83148193359375 33.927482604980469 926.471435546875 
636.8536376953125 33.161266326904297 929.46142578125 
637.7039794921875 32.326347351074219 926.1669921875 
639.79815673828125 31.356861114501953 929.31829833984375 
640.8270263671875 30.710235595703125 926.23944091796875 
641.59234619140625 56.703781127929688 1039.762451171875 
640.11138916015625 56.316684722900391 1042.137939453125 
638.74151611328125 56.116851806640625 1044.5841064453125 
637.3900146484375 56.043849945068359 1047.051513671875 
635.9798583984375 55.980419158935547 1049.509765625 
664.93060302734375 14.779003143310547 942.40234375 
666.88494873046875 13.343219757080078 943.9495849609375 
668.84674072265625 11.859659194946289 945.38775634765625 
670.73492431640625 10.467373847961426 947.0079345703125 
672.61639404296875 9.2026863098144531 948.788330078125 
674.567138671875 7.965977668762207 950.58343505859375 
676.6407470703125 6.5970211029052734 951.114501953125 
678.12274169921875 6.0273880958557129 953.68145751953125 
639.29315185546875 42.817306518554688 954.35595703125 
639.4029541015625 42.896102905273438 957.52703857421875 
652.950439453125 43.095390319824219 990.0067138671875 
639.63458251953125 42.935451507568359 960.9237060546875 
640.53997802734375 42.91851806640625 963.840087890625 
641.55682373046875 42.918418884277344 966.5008544921875 
642.2857666015625 42.942569732666016 969.08551025390625 
644.29205322265625 42.970993041992188 971.12994384765625 
651.22650146484375 43.498252868652344 988.147705078125 
641.96026611328125 43.049346923828125 958.65679931640625 
643.188232421875 42.958480834960938 961.255859375 
644.616455078125 42.805091857910156 963.8380126953125 
645.89263916015625 42.712589263916016 966.790771484375 
647.77618408203125 42.602146148681641 969.33837890625 
649.5941162109375 42.639324188232422 971.36883544921875 
650.278564453125 42.965614318847656 974.12799072265625 
651.6551513671875 43.282146453857422 976.72186279296875 
653.22528076171875 43.398086547851562 979.215087890625 
654.878662109375 42.824932098388672 981.5438232421875 
653.94036865234375 42.907108306884766 984.3406982421875 
653.56207275390625 42.875865936279297 987.10650634765625 
650.5272216796875 43.6668701171875 985.62335205078125 
650.18927001953125 43.663063049316406 982.7392578125 
648.5765380859375 43.719573974609375 980.1466064453125 
647.29345703125 43.485725402832031 977.219970703125 
646.15582275390625 43.156230926513672 973.90826416015625 
673.97357177734375 9.7350234985351562 951.97772216796875 
671.99920654296875 10.556114196777344 949.88861083984375 
670.06829833984375 11.682942390441895 948.14178466796875 
668.1357421875 12.977181434631348 946.625244140625 
666.236328125 14.401627540588379 945.1768798828125 
664.35943603515625 15.788461685180664 943.63409423828125 
662.43170166015625 16.899599075317383 941.771484375 
660.67132568359375 17.902175903320312 939.71881103515625 
658.47344970703125 19.74586296081543 939.3060302734375 
656.31732177734375 21.601022720336914 938.840087890625 
654.21881103515625 23.534975051879883 938.4312744140625 
652.1295166015625 25.552314758300781 938.170654296875 
650.02239990234375 27.64024543762207 937.9542236328125 
648.02618408203125 29.876317977905273 937.734375 
634.43560791015625 39.620590209960938 940.56524658203125 
630.88885498046875 40.214344024658203 940.51153564453125 
630.40850830078125 50.235488891601562 1040.79541015625 
635.2637939453125 54.175582885742188 1047.058837890625 
638.965087890625 54.622909545898438 1040.4896240234375 
636.57830810546875 54.093616485595703 1044.667236328125 
638.02374267578125 54.553234100341797 1042.7205810546875 
633.00958251953125 51.360118865966797 1041.8621826171875 
636.07391357421875 52.759475708007812 1041.604736328125 
634.29010009765625 52.715408325195312 1044.297607421875 
686.22564697265625 4.6419329643249512 963.9715576171875 
699.56121826171875 11.731611251831055 974.07781982421875 
695.73895263671875 10.990146636962891 973.57293701171875 
693.49835205078125 9.5664281845092773 972.31573486328125 
691.45654296875 8.3309793472290039 970.806884765625 
689.5850830078125 6.9307284355163574 968.9298095703125 
687.61053466796875 5.7800650596618652 966.77655029296875 
698.35546875 8.9472894668579102 973.05975341796875 
696.3779296875 7.0262060165405273 971.745361328125 
693.836181640625 5.8565163612365723 969.99078369140625 
691.725830078125 4.9717836380004883 967.566162109375 
689.68096923828125 4.4689669609069824 965.1292724609375 
675.9869384765625 8.2030668258666992 953.40948486328125 
684.1112060546875 51.425086975097656 974.9317626953125 
644.31475830078125 38.073318481445312 923.1055908203125 
642.01153564453125 40.208995819091797 922.7991943359375 
643.1463623046875 40.571872711181641 925.51995849609375 
700.5537109375 17.880020141601562 961.5015869140625 
698.97991943359375 16.471656799316406 960.0697021484375 
700.29376220703125 20.017801284790039 962.23345947265625 
645.45379638671875 38.521854400634766 926.3759765625 
646.8526611328125 36.372974395751953 924.2984619140625 
646.09906005859375 38.368133544921875 928.93292236328125 
647.83544921875 37.247940063476562 930.443359375 
649.5054931640625 36.205581665039062 932.062744140625 
651.63873291015625 34.927562713623047 932.375244140625 
680.1427001953125 45.252857208251953 969.65411376953125 
679.076416015625 47.404254913330078 969.84716796875 
682.306396484375 46.585586547851562 970.744384765625 
681.08782958984375 48.964370727539062 971.1788330078125 
680.95977783203125 43.061435699462891 969.64715576171875 
683.49951171875 44.1787109375 970.36468505859375 
685.185302734375 48.935443878173828 974.4627685546875 
682.861083984375 50.144149780273438 972.973876953125 
684.46405029296875 41.797748565673828 969.79339599609375 
684.643798828125 39.721183776855469 969.410400390625 
697.59576416015625 18.83837890625 960.5806884765625 
695.54925537109375 17.240995407104492 958.6168212890625 
654.07220458984375 33.480861663818359 932.942626953125 
656.75933837890625 31.740875244140625 932.83709716796875 
683.93707275390625 47.776153564453125 972.49871826171875 
686.27374267578125 37.716045379638672 968.91705322265625 
659.05621337890625 30.499906539916992 933.81878662109375 
688.33721923828125 34.980560302734375 967.9521484375 
693.91009521484375 19.788944244384766 959.53692626953125 
692.113525390625 17.983514785766602 957.21710205078125 
699.97027587890625 22.978132247924805 963.20428466796875 
690.3094482421875 20.730783462524414 958.411865234375 
688.83953857421875 18.644439697265625 955.72503662109375 
701.90875244140625 25.285282135009766 965.02587890625 
702.72174072265625 26.749452590942383 967.54339599609375 
700.62255859375 28.782993316650391 968.14837646484375 
698.15740966796875 30.700223922729492 968.62335205078125 
695.56158447265625 32.659309387207031 969.04931640625 
692.8865966796875 34.784843444824219 969.37408447265625 
686.43548583984375 46.427707672119141 974.045166015625 
687.9627685546875 43.789218902587891 973.793701171875 
689.941162109375 40.944332122802734 973.8201904296875 
690.2540283203125 39.065261840820312 971.78033447265625 
690.15191650390625 37.174327850341797 969.725830078125 
688.093017578125 31.869928359985352 966.31634521484375 
647.76318359375 36.835243225097656 927.351806640625 
649.19952392578125 34.413166046142578 924.79296875 
651.6571044921875 32.672473907470703 925.47509765625 
650.263916015625 35.245941162109375 928.91339111328125 
654.26220703125 31.385473251342773 926.83270263671875 
652.98193359375 33.463050842285156 929.51068115234375 
656.75250244140625 30.282505035400391 928.4228515625 
655.05279541015625 32.188121795654297 930.18096923828125 
659.16937255859375 29.171619415283203 929.96038818359375 
661.44757080078125 28.117292404174805 931.63006591796875 
663.80633544921875 26.669639587402344 932.54864501953125 
664.60211181640625 27.346006393432617 936.46722412109375 
666.07000732421875 24.90325927734375 933.24261474609375 
668.21826171875 23.016973495483398 934.1085205078125 
666.285400390625 26.203691482543945 937.5255126953125 
670.1142578125 21.443620681762695 935.75274658203125 
668.19732666015625 24.945131301879883 938.8896484375 
671.67376708984375 20.727230072021484 938.35174560546875 
670.00335693359375 23.753223419189453 940.56524658203125 
671.6192626953125 22.726228713989258 942.611083984375 
673.30364990234375 19.961212158203125 940.8311767578125 
673.20758056640625 21.904678344726562 944.71795654296875 
675.04278564453125 19.183313369750977 943.1104736328125 
674.92999267578125 21.199892044067383 946.7738037109375 
676.95867919921875 18.588617324829102 945.29779052734375 
676.78033447265625 20.803131103515625 948.82501220703125 
679.12554931640625 18.209201812744141 947.364013671875 
678.80181884765625 20.755359649658203 950.846435546875 
681.48089599609375 18.01304817199707 949.37774658203125 
680.980712890625 20.905641555786133 952.78125 
684.0013427734375 17.930009841918945 951.350341796875 
683.52362060546875 20.770401000976562 954.33026123046875 
686.564697265625 17.863718032836914 953.3487548828125 
683.75103759765625 22.84100341796875 956.96514892578125 
685.92474365234375 20.470165252685547 955.51312255859375 
686.95184326171875 21.805961608886719 957.571044921875 
684.891357421875 24.513683319091797 959.245361328125 
686.15673828125 26.356210708618164 961.59991455078125 
687.99346923828125 28.675746917724609 964.0457763671875 
688.33697509765625 23.539096832275391 959.83966064453125 
685.26824951171875 45.270782470703125 972.06103515625 
687.14471435546875 42.238384246826172 971.48321533203125 
687.4844970703125 39.725311279296875 969.928955078125 
692.16571044921875 32.790103912353516 967.13067626953125 
695.4544677734375 30.928277969360352 966.67767333984375 
691.94793701171875 30.039918899536133 965.49676513671875 
692.12066650390625 22.463722229003906 960.66455078125 
690.18756103515625 25.350976943969727 962.02911376953125 
692.89984130859375 27.062522888183594 963.83245849609375 
694.7034912109375 24.128925323486328 962.55694580078125 
696.358642578125 21.385288238525391 961.4752197265625 
697.62664794921875 25.959123611450195 963.9661865234375 
695.99664306640625 28.597156524658203 965.0736083984375 
698.1318359375 29.453283309936523 966.58856201171875 
699.7686767578125 27.594001770019531 965.6611328125 
646.11822509765625 61.967750549316406 961.18011474609375 
647.08331298828125 60.439403533935547 960.3414306640625 
644.49737548828125 61.463798522949219 958.78057861328125 
643.3419189453125 63.727535247802734 961.5029296875 
697.20916748046875 14.382678985595703 957.8543701171875 
695.5826416015625 12.561230659484863 955.7882080078125 
641.49786376953125 63.290946960449219 958.724365234375 
642.04339599609375 61.020740509033203 956.7156982421875 
640.70770263671875 65.420501708984375 962.31842041015625 
640.5206298828125 64.80426025390625 960.3360595703125 
637.9495849609375 67.459320068359375 962.54486083984375 
638.1256103515625 66.279800415039062 960.5755615234375 
692.7073974609375 11.730011940002441 953.54473876953125 
694.18939208984375 14.990406036376953 956.126220703125 
691.1495361328125 15.306668281555176 954.3145751953125 
688.3621826171875 15.428990364074707 952.3837890625 
639.21136474609375 62.771617889404297 956.5826416015625 
639.75714111328125 60.233818054199219 954.45538330078125 
636.87237548828125 62.064903259277344 954.406982421875 
637.77044677734375 59.694744110107422 951.90557861328125 
634.95989990234375 61.885650634765625 951.853271484375 
636.110595703125 59.552791595458984 949.08587646484375 
633.27020263671875 61.988845825195312 949.04315185546875 
634.59674072265625 59.792667388916016 946.14691162109375 
631.6949462890625 62.192729949951172 946.15472412109375 
633.0419921875 60.328285217285156 943.2657470703125 
630.2059326171875 62.5758056640625 943.35174560546875 
631.397705078125 60.941555023193359 940.4918212890625 
628.62371826171875 62.875381469726562 940.7802734375 
629.8463134765625 61.479927062988281 937.83624267578125 
632.1904296875 68.291297912597656 963.2772216796875 
635.4654541015625 68.930923461914062 963.511474609375 
629.10076904296875 66.89678955078125 963.33404541015625 
626.651611328125 65.741920471191406 963.23822021484375 
624.352294921875 64.717788696289062 961.69122314453125 
621.73309326171875 63.445919036865234 961.0950927734375 
619.856689453125 62.875682830810547 959.2867431640625 
617.76483154296875 62.002979278564453 957.1873779296875 
615.86468505859375 60.961135864257812 954.9105224609375 
614.22088623046875 59.636150360107422 952.42303466796875 
612.79437255859375 57.815536499023438 949.89483642578125 
611.67047119140625 55.608890533447266 946.8934326171875 
685.80279541015625 15.367218017578125 950.40374755859375 
683.363525390625 15.517531394958496 948.4884033203125 
681.06170654296875 15.692048072814941 946.548828125 
678.6689453125 15.468250274658203 944.1092529296875 
676.615478515625 16.442667007446289 942.4144287109375 
639.311279296875 42.302970886230469 922.1380615234375 
636.39849853515625 44.161216735839844 921.37799072265625 
633.963134765625 46.603126525878906 921.63934326171875 
633.708740234375 49.335342407226562 923.29071044921875 
631.60394287109375 48.666000366210938 922.27734375 
633.38232421875 51.846549987792969 925.4923095703125 
631.832763671875 50.871265411376953 923.60308837890625 
632.72442626953125 54.196380615234375 927.6956787109375 
630.53326416015625 53.130958557128906 924.96392822265625 
632.19232177734375 56.345867156982422 930.10076904296875 
630.2220458984375 55.702632904052734 927.36773681640625 
631.3687744140625 58.549644470214844 932.222900390625 
629.322509765625 57.719409942626953 929.50872802734375 
629.82470703125 60.409111022949219 934.18414306640625 
627.920654296875 59.431129455566406 931.5484619140625 
634.64910888671875 67.667938232421875 961.2027587890625 
611.77264404296875 54.748275756835938 943.37078857421875 
612.3125 54.266719818115234 940.45220947265625 
613.36834716796875 54.15802001953125 937.67376708984375 
614.82440185546875 54.253623962402344 934.97393798828125 
616.878173828125 54.658199310302734 932.435791015625 
620.1695556640625 55.535083770751953 929.77764892578125 
622.53076171875 54.505329132080078 927.26123046875 
624.72918701171875 53.444236755371094 925.4425048828125 
627.04986572265625 52.193027496337891 923.97955322265625 
629.3487548828125 50.518051147460938 922.90191650390625 
627.62322998046875 61.971946716308594 936.01947021484375 
626.31103515625 61.027996063232422 933.686767578125 
626.87860107421875 63.043994903564453 938.59521484375 
680.526123046875 13.556593894958496 944.4522705078125 
689.675048828125 12.205389976501465 951.35205078125 
687.11944580078125 12.442936897277832 949.43988037109375 
684.7164306640625 12.738736152648926 947.6317138671875 
682.4619140625 13.228745460510254 945.94500732421875 
627.9608154296875 54.413906097412109 925.622802734375 
638.5948486328125 64.74169921875 958.6217041015625 
626.91387939453125 56.102821350097656 927.11871337890625 
625.37921142578125 57.700008392333984 928.98785400390625 
624.0185546875 59.289699554443359 931.308837890625 
619.70086669921875 57.816352844238281 932.4061279296875 
636.1556396484375 64.036392211914062 956.73980712890625 
635.46148681640625 65.69818115234375 958.93121337890625 
616.9671630859375 56.521026611328125 934.11651611328125 
622.5606689453125 60.631092071533203 934.013427734375 
618.7216796875 59.104011535644531 935.21600341796875 
624.7989501953125 62.349250793457031 936.40484619140625 
615.58544921875 56.791385650634766 936.4959716796875 
614.13153076171875 56.837921142578125 939.3646240234375 
613.0711669921875 56.599704742431641 941.8570556640625 
613.212158203125 57.7969970703125 944.5792236328125 
613.55401611328125 58.804332733154297 947.439208984375 
621.1123046875 61.736789703369141 937.42242431640625 
623.75732421875 63.414054870605469 939.7689208984375 
615.13592529296875 60.646270751953125 949.59063720703125 
617.20989990234375 59.739753723144531 938.545166015625 
615.2061767578125 59.317657470703125 941.9656982421875 
616.3270263671875 61.293910980224609 945.92266845703125 
616.70452880859375 61.967372894287109 952.16326904296875 
618.3880615234375 62.971992492675781 954.47698974609375 
620.34906005859375 63.834304809570312 956.6717529296875 
622.39739990234375 64.35589599609375 958.9818115234375 
633.90081787109375 63.617607116699219 954.590576171875 
633.07623291015625 64.636558532714844 957.13031005859375 
632.130859375 65.824562072753906 959.29083251953125 
630.6219482421875 66.589851379394531 961.3533935546875 
627.40704345703125 65.645919799804688 961.37237548828125 
625.498046875 65.122718811035156 958.9752197265625 
628.80938720703125 65.549873352050781 959.15570068359375 
630.376220703125 64.995864868164062 957.432373046875 
630.77264404296875 64.428764343261719 955.0550537109375 
631.884033203125 63.648952484130859 952.0723876953125 
630.14556884765625 63.835090637207031 949.2281494140625 
628.596923828125 63.954925537109375 946.32415771484375 
627.181640625 63.996753692626953 943.53253173828125 
626.0660400390625 63.860980987548828 941.21783447265625 
628.53118896484375 64.700958251953125 952.5474853515625 
627.3582763671875 65.154945373535156 956.11181640625 
623.48114013671875 64.998771667480469 956.2769775390625 
624.84735107421875 65.197219848632812 953.05780029296875 
626.59136962890625 64.862754821777344 949.6016845703125 
624.984375 64.713127136230469 946.5001220703125 
623.8447265625 64.248130798339844 943.2545166015625 
621.3004150390625 64.530128479003906 953.78741455078125 
619.27825927734375 63.637226104736328 952.00146484375 
618.3057861328125 62.973106384277344 949.34124755859375 
622.22528076171875 64.74554443359375 950.0791015625 
620.873779296875 63.928691864013672 946.20556640625 
619.759765625 62.609012603759766 941.85595703125 
666.14971923828125 90.310333251953125 1006.1529541015625 
663.9246826171875 88.490097045898438 1004.0702514648438 
661.88580322265625 90.258018493652344 1005.3156127929688 
667.2481689453125 88.108154296875 1004.302978515625 
667.6629638671875 86.152633666992188 1003.193115234375 
665.2188720703125 86.310821533203125 1003.3048706054688 
673.05126953125 88.179801940917969 1005.85205078125 
670.0516357421875 87.235107421875 1003.9257202148438 
670.38848876953125 89.746376037597656 1006.5624389648438 
672.5626220703125 85.669685363769531 1003.7581787109375 
669.37615966796875 84.709030151367188 1002.70361328125 
666.4041748046875 84.043426513671875 1002.8353881835938 
667.65936279296875 81.846519470214844 1002.3997192382812 
673.220703125 76.924209594726562 999.6837158203125 
675.7685546875 76.6043701171875 1000.38134765625 
674.79522705078125 75.123786926269531 998.79022216796875 
674.53131103515625 78.327987670898438 1000.709228515625 
675.9705810546875 73.055091857910156 998.06109619140625 
677.38037109375 70.819931030273438 997.77740478515625 
675.52813720703125 82.032096862792969 1003.5714111328125 
672.02362060546875 82.803642272949219 1002.2078857421875 
675.41314697265625 84.124221801757812 1004.4959716796875 
674.87005615234375 80.158538818359375 1002.0650024414062 
671.0096435546875 78.242759704589844 1000.8683471679688 
669.00970458984375 79.736595153808594 1001.8743286132812 
675.2650146484375 86.226951599121094 1005.6295776367188 
679.01458740234375 68.501983642578125 997.5645751953125 
679.44775390625 67.119544982910156 995.52154541015625 
679.975830078125 65.781913757324219 993.442138671875 
681.17791748046875 63.647907257080078 985.73291015625 
680.92034912109375 64.239662170410156 988.4044189453125 
680.45758056640625 64.716606140136719 991.09954833984375 
681.59979248046875 61.272495269775391 980.91864013671875 
683.623046875 60.074234008789062 982.628173828125 
683.52374267578125 58.891273498535156 980.68988037109375 
681.7396240234375 62.431461334228516 983.3292236328125 
680.12506103515625 55.732006072998047 973.9151611328125 
682.7489013671875 54.186305999755859 975.3603515625 
681.54168701171875 52.980018615722656 973.48675537109375 
683.0765380859375 57.382354736328125 978.25885009765625 
680.56103515625 60.396701812744141 978.6175537109375 
679.25921630859375 59.468818664550781 976.5552978515625 
681.3970947265625 56.877513885498047 975.76336669921875 
678.14263916015625 58.218528747558594 974.71051025390625 
683.64007568359375 55.031379699707031 977.1951904296875 
677.0416259765625 56.735435485839844 973.06231689453125 
679.94439697265625 51.551719665527344 971.73822021484375 
678.86407470703125 54.217498779296875 972.25225830078125 
677.07220458984375 52.441616058349609 970.65899658203125 
677.936767578125 49.932216644287109 970.0509033203125 
676.56463623046875 54.866836547851562 971.603271484375 
647.047607421875 118.83017730712891 1089.35498046875 
649.4140625 119.66029357910156 1089.3316650390625 
649.292236328125 119.50049591064453 1086.9254150390625 
682.67510986328125 94.140800476074219 1026.465087890625 
682.91778564453125 93.371864318847656 1023.6046752929688 
679.14898681640625 94.222755432128906 1023.5084228515625 
577.091796875 39.513877868652344 1059.85009765625 
581.20306396484375 42.026420593261719 1045.250732421875 
579.2462158203125 42.576271057128906 1047.0909423828125 
575.00860595703125 42.02490234375 1060.7686767578125 
669.036865234375 120.35585784912109 1075.15185546875 
670.22210693359375 120.85867309570312 1075.7508544921875 
671.4844970703125 119.46041107177734 1073.451904296875 
674.67559814453125 119.9163818359375 1074.1043701171875 
674.1842041015625 118.41478729248047 1071.6263427734375 
677.322021484375 118.61046600341797 1071.740966796875 
676.6009521484375 117.14093780517578 1069.4349365234375 
680.129150390625 117.18714904785156 1069.462158203125 
688.87628173828125 110.36814880371094 1055.5146484375 
690.95025634765625 109.03732299804688 1052.39404296875 
686.62774658203125 109.143310546875 1053.64794921875 
689.39642333984375 107.89707183837891 1050.2359619140625 
581.04718017578125 44.290332794189453 1045.331787109375 
582.70855712890625 45.787174224853516 1043.0706787109375 
633.63372802734375 74.706199645996094 994.11407470703125 
633.76153564453125 72.976997375488281 992.26702880859375 
629.98541259765625 75.604248046875 992.697998046875 
633.44879150390625 76.920425415039062 995.13092041015625 
630.06005859375 75.980796813964844 994.91021728515625 
632.740234375 79.223701477050781 995.67071533203125 
629.824462890625 77.190505981445312 996.147705078125 
632.26763916015625 80.296592712402344 996.83013916015625 
629.68402099609375 78.378486633300781 997.21429443359375 
679.21820068359375 115.75629425048828 1067.1529541015625 
683.04339599609375 115.79558563232422 1067.2232666015625 
681.87799072265625 114.44297790527344 1064.77587890625 
685.61590576171875 114.45899200439453 1064.6473388671875 
684.17205810546875 113.43609619140625 1062.6807861328125 
687.39410400390625 113.06159210205078 1061.6243896484375 
684.7808837890625 112.196533203125 1060.2637939453125 
688.48602294921875 111.61784362792969 1058.53759765625 
685.64422607421875 110.71057891845703 1057.2994384765625 
625.61798095703125 73.620750427246094 994.21710205078125 
622.98846435546875 70.602630615234375 994.96832275390625 
620.96148681640625 66.483940124511719 996.97589111328125 
619.69805908203125 62.609169006347656 998.537109375 
619.69390869140625 59.465087890625 1000.7036743164062 
632.7869873046875 80.845344543457031 998.66357421875 
629.9407958984375 79.050865173339844 998.8934326171875 
633.4356689453125 81.193473815917969 1000.3920288085938 
630.62384033203125 79.395500183105469 1001.0708618164062 
682.4407958984375 95.109321594238281 1029.202880859375 
679.079345703125 95.4073486328125 1027.162109375 
682.37225341796875 96.402107238769531 1031.8067626953125 
678.96466064453125 96.638893127441406 1030.2032470703125 
683.08203125 97.485069274902344 1034.4541015625 
679.2816162109375 97.867355346679688 1033.120361328125 
684.1136474609375 98.535552978515625 1037.0269775390625 
680.0941162109375 99.114250183105469 1035.926025390625 
684.783935546875 99.925804138183594 1039.4586181640625 
681.1837158203125 100.42316436767578 1038.66455078125 
675.77783203125 94.763595581054688 1025.182861328125 
676.19512939453125 93.67578125 1021.7913208007812 
672.680908203125 93.890388488769531 1023.528564453125 
672.6689453125 92.950241088867188 1020.5701293945312 
669.4312744140625 93.055519104003906 1022.2880249023438 
668.94482421875 92.222312927246094 1019.64990234375 
665.99237060546875 92.270050048828125 1021.25244140625 
665.97296142578125 91.572845458984375 1018.9068603515625 
616.02862548828125 91.879791259765625 1103.492431640625 
617.9918212890625 94.106216430664062 1103.5589599609375 
618.109130859375 92.617576599121094 1101.0242919921875 
619.88116455078125 95.185813903808594 1101.5479736328125 
614.1424560546875 89.539276123046875 1103.54638671875 
616.1976318359375 90.196846008300781 1100.81494140625 
612.24578857421875 87.264434814453125 1103.2322998046875 
614.24725341796875 87.863304138183594 1100.6405029296875 
610.3460693359375 84.937576293945312 1103.0494384765625 
612.28839111328125 85.54296875 1100.4898681640625 
610.28265380859375 83.295356750488281 1100.4444580078125 
608.3956298828125 81.240684509277344 1100.3150634765625 
606.7701416015625 79.23077392578125 1099.6724853515625 
605.19036865234375 77.111480712890625 1098.651611328125 
603.41033935546875 74.984275817871094 1097.603515625 
601.57025146484375 72.870941162109375 1096.5343017578125 
599.73345947265625 70.842460632324219 1095.3436279296875 
597.90789794921875 68.899139404296875 1094.1168212890625 
596.1517333984375 67.180984497070312 1092.744140625 
594.608154296875 65.674812316894531 1090.9654541015625 
593.0599365234375 64.247215270996094 1088.803955078125 
591.2884521484375 62.907112121582031 1086.4273681640625 
589.3155517578125 61.642379760742188 1083.808349609375 
586.724609375 60.163394927978516 1080.9183349609375 
689.2144775390625 103.86017608642578 1045.4827880859375 
689.592041015625 101.02492523193359 1043.550048828125 
684.92950439453125 103.36002349853516 1044.12939453125 
686.854248046875 100.57736206054688 1041.7318115234375 
689.14422607421875 106.05718231201172 1047.7840576171875 
685.1805419921875 105.48100280761719 1047.4622802734375 
685.75238037109375 107.27747344970703 1050.4632568359375 
682.6756591796875 101.7647705078125 1041.343017578125 
574.43707275390625 45.200164794921875 1061.5020751953125 
574.8038330078125 48.288475036621094 1062.03271484375 
576.384033203125 51.331573486328125 1062.201171875 
620.40838623046875 59.939823150634766 1002.6824951171875 
621.200927734375 57.581367492675781 1004.5418701171875 
621.64227294921875 57.695781707763672 1006.4378051757812 
621.7918701171875 58.224502563476562 1008.643310546875 
621.92279052734375 58.99957275390625 1010.92919921875 
622.2650146484375 59.828708648681641 1013.3477172851562 
622.42181396484375 60.695751190185547 1015.7131958007812 
622.23712158203125 61.57781982421875 1018.1278686523438 
621.84197998046875 62.367706298828125 1020.7271118164062 
621.02532958984375 63.005466461181641 1023.7513427734375 
619.09796142578125 61.897071838378906 1026.3751220703125 
577.16986083984375 41.004444122314453 1051.1104736328125 
577.583251953125 43.063034057617188 1049.4705810546875 
576.0992431640625 40.786361694335938 1054.4605712890625 
575.453369140625 41.287818908691406 1057.7265625 
599.98272705078125 49.270641326904297 1027.6903076171875 
601.8924560546875 51.494983673095703 1028.38623046875 
604.01904296875 53.606075286865234 1029.0108642578125 
606.38360595703125 55.612842559814453 1029.4696044921875 
608.95947265625 57.387931823730469 1029.6883544921875 
596.512451171875 48.991004943847656 1028.138916015625 
592.97186279296875 48.077022552490234 1029.3917236328125 
590.56512451171875 46.258102416992188 1029.9052734375 
588.55548095703125 45.762561798095703 1031.889892578125 
586.48992919921875 45.026283264160156 1034.552734375 
585.34967041015625 46.146854400634766 1037.30224609375 
584.48614501953125 47.253936767578125 1040.413330078125 
611.64215087890625 58.796520233154297 1029.54150390625 
614.270751953125 59.857769012451172 1028.960693359375 
616.78094482421875 60.918933868408203 1027.98681640625 
664.25604248046875 90.720649719238281 1015.383544921875 
661.9473876953125 90.51654052734375 1011.9393920898438 
660.07183837890625 90.202095031738281 1014.2997436523438 
658.738037109375 90.433052062988281 1010.4876708984375 
661.6988525390625 90.747665405273438 1017.576416015625 
663.04608154296875 91.52325439453125 1020.0349731445312 
656.4345703125 89.799491882324219 1013.0740966796875 
655.6708984375 90.462417602539062 1009.1261596679688 
653.19671630859375 89.375701904296875 1011.4557495117188 
652.696044921875 90.372413635253906 1007.7832641601562 
650.3970947265625 89.101791381835938 1009.75 
649.87689208984375 89.874214172363281 1006.3043823242188 
647.8199462890625 88.493415832519531 1008.4479370117188 
647.15863037109375 88.810340881347656 1004.864990234375 
645.14404296875 87.42620849609375 1007.5068969726562 
644.21881103515625 87.536788940429688 1004.0165405273438 
642.3372802734375 86.071578979492188 1006.591064453125 
641.34906005859375 86.094207763671875 1002.9898071289062 
639.502197265625 84.699317932128906 1005.55810546875 
638.636474609375 84.552391052246094 1001.8216552734375 
636.7431640625 83.266868591308594 1004.4603271484375 
636.0657958984375 82.905494689941406 1000.9014282226562 
634.13519287109375 81.632675170898438 1003.7244873046875 
631.55206298828125 79.686264038085938 1003.7899169921875 
636.7005615234375 112.23094940185547 1097.225830078125 
638.95611572265625 113.54873657226562 1096.697509765625 
638.46417236328125 112.58401489257812 1094.39208984375 
640.40008544921875 114.85951232910156 1093.8720703125 
635.05242919921875 110.41866302490234 1097.9150390625 
636.57672119140625 110.59905242919922 1095.120361328125 
633.291015625 108.58026885986328 1098.4447021484375 
634.7860107421875 108.62020874023438 1095.87353515625 
631.431396484375 107.14244842529297 1099.69189453125 
633.0062255859375 106.6839599609375 1096.7537841796875 
629.7852783203125 105.40100860595703 1099.5909423828125 
631.055908203125 104.89634704589844 1097.460205078125 
627.4732666015625 103.85082244873047 1101.21875 
628.88177490234375 103.22133636474609 1098.2235107421875 
625.3441162109375 101.93797302246094 1102.24560546875 
626.719970703125 101.60485076904297 1099.3126220703125 
623.42230224609375 99.778739929199219 1102.1781005859375 
624.94183349609375 100.22217559814453 1100.1627197265625 
621.7279052734375 97.470054626464844 1101.7183837890625 
623.6378173828125 98.280754089355469 1099.5596923828125 
621.97955322265625 95.895729064941406 1099.00341796875 
620.14691162109375 93.331031799316406 1098.6011962890625 
584.90179443359375 59.046722412109375 1077.1895751953125 
583.27886962890625 57.998695373535156 1074.1578369140625 
581.7943115234375 57.011611938476562 1071.391845703125 
580.72613525390625 56.216705322265625 1069.1060791015625 
640.48162841796875 112.80452728271484 1091.8358154296875 
642.08056640625 114.68164825439453 1091.3004150390625 
642.4967041015625 116.29889678955078 1092.234130859375 
643.80059814453125 115.87640380859375 1089.40478515625 
644.9822998046875 117.58134460449219 1091.297607421875 
645.90631103515625 117.28337860107422 1087.8104248046875 
647.7860107421875 118.33461761474609 1086.6114501953125 
649.60284423828125 118.53521728515625 1084.737060546875 
651.46575927734375 120.12141418457031 1084.248046875 
651.88958740234375 118.84554290771484 1082.562255859375 
654.25286865234375 120.61572265625 1082.695068359375 
654.615478515625 119.03725433349609 1080.75927734375 
657.0484619140625 120.95413970947266 1081.062255859375 
657.4952392578125 119.263427734375 1078.9840087890625 
660.0128173828125 121.16677856445312 1079.7454833984375 
660.42559814453125 119.54148101806641 1077.2669677734375 
663.02398681640625 121.28359222412109 1078.405029296875 
663.4013671875 119.5921630859375 1075.6968994140625 
665.998046875 120.98451995849609 1076.7989501953125 
666.3780517578125 119.24143218994141 1074.2247314453125 
669.231689453125 118.61498260498047 1072.791748046875 
579.53350830078125 54.956325531005859 1064.9229736328125 
581.3809814453125 56.383087158203125 1066.29736328125 
578.90338134765625 54.039794921875 1062.2105712890625 
627.31976318359375 74.588600158691406 995.1710205078125 
671.620361328125 118.07297515869141 1071.6148681640625 
627.01458740234375 74.667182922363281 996.8839111328125 
673.2200927734375 116.91368103027344 1069.7252197265625 
620.64337158203125 63.812175750732422 999.90380859375 
626.88006591796875 75.528465270996094 998.2113037109375 
576.152099609375 43.298477172851562 1052.3360595703125 
622.5887451171875 69.065895080566406 997.34381103515625 
624.6700439453125 72.014793395996094 997.25177001953125 
622.3441162109375 67.808845520019531 999.85491943359375 
620.9957275390625 63.764713287353516 1002.31591796875 
620.70355224609375 60.521949768066406 1004.5696411132812 
620.86865234375 60.974971771240234 1006.6679077148438 
621.27032470703125 61.772537231445312 1008.9042358398438 
624.34814453125 71.63043212890625 999.4090576171875 
622.33599853515625 67.857406616210938 1001.9345092773438 
621.14508056640625 64.24639892578125 1004.3797607421875 
574.52520751953125 44.197761535644531 1058.431396484375 
575.09246826171875 43.560527801513672 1055.418212890625 
675.37628173828125 115.54631805419922 1067.3809814453125 
579.29266357421875 44.929927825927734 1047.8658447265625 
577.6256103515625 45.342742919921875 1050.617431640625 
576.18798828125 45.629947662353516 1053.378173828125 
575.17266845703125 46.163032531738281 1056.0626220703125 
574.7225341796875 47.092498779296875 1058.9202880859375 
575.9427490234375 49.943954467773438 1059.090087890625 
576.18707275390625 48.647350311279297 1056.2926025390625 
576.6240234375 47.545505523681641 1054.2471923828125 
577.94873046875 47.511932373046875 1051.9013671875 
579.65673828125 47.221416473388672 1049.029296875 
581.37066650390625 46.645801544189453 1046.0406494140625 
624.37603759765625 72.241775512695312 1001.1459350585938 
622.61968994140625 68.426399230957031 1003.9553833007812 
621.58453369140625 64.91876220703125 1006.5810546875 
621.7635498046875 62.324275970458984 1011.282470703125 
622.213134765625 62.945217132568359 1013.6022338867188 
675.351318359375 95.995918273925781 1028.4439697265625 
675.41534423828125 97.27197265625 1031.6966552734375 
627.03387451171875 76.256385803222656 999.84051513671875 
624.84954833984375 72.803352355957031 1003.1878051757812 
623.36138916015625 69.263587951660156 1006.1466064453125 
622.384521484375 65.870132446289062 1009.1629638671875 
622.52191162109375 65.021835327148438 1011.7623901367188 
583.495849609375 48.270809173583984 1043.777099609375 
578.2269287109375 52.648910522460938 1059.058349609375 
578.05999755859375 51.076145172119141 1056.084716796875 
578.114013671875 49.390087127685547 1053.66943359375 
676.1290283203125 98.618759155273438 1034.859619140625 
677.19110107421875 99.959312438964844 1037.8734130859375 
678.538330078125 101.36289978027344 1040.80908203125 
679.998291015625 102.897216796875 1043.73193359375 
680.91815185546875 104.50048065185547 1046.8277587890625 
627.636962890625 76.70318603515625 1001.98828125 
628.70770263671875 77.285888671875 1004.345458984375 
580.07452392578125 49.423210144042969 1050.673095703125 
582.01336669921875 49.017890930175781 1047.2906494140625 
625.8905029296875 73.55804443359375 1005.430908203125 
624.6104736328125 70.568626403808594 1008.4046020507812 
623.84649658203125 68.151786804199219 1011.1724853515625 
677.95196533203125 114.12387847900391 1064.9515380859375 
680.8450927734375 112.77493286132812 1062.2176513671875 
681.86767578125 111.19764709472656 1059.2486572265625 
682.45880126953125 109.65869140625 1056.3603515625 
682.4659423828125 108.03028106689453 1053.4078369140625 
622.592041015625 63.817371368408203 1016.0083618164062 
623.19708251953125 66.053878784179688 1013.6946411132812 
622.76678466796875 64.666183471679688 1018.6246948242188 
622.78997802734375 65.414176940917969 1021.4783325195312 
583.22998046875 57.504795074462891 1068.3253173828125 
584.83624267578125 58.49383544921875 1070.8262939453125 
586.476806640625 59.446762084960938 1073.6905517578125 
588.24383544921875 60.418991088867188 1076.8125 
590.2646484375 61.474143981933594 1079.972900390625 
681.0498046875 106.2557373046875 1050.4559326171875 
657.6990966796875 90.214431762695312 1016.6444702148438 
659.58209228515625 90.951217651367188 1019.75 
618.3250732421875 90.731231689453125 1098.2799072265625 
616.36248779296875 88.284172058105469 1098.0545654296875 
614.38427734375 85.857551574707031 1097.93017578125 
612.33526611328125 83.558708190917969 1097.8792724609375 
610.26904296875 81.483451843261719 1097.937744140625 
608.54949951171875 79.908927917480469 1098.0767822265625 
607.46844482421875 78.14007568359375 1096.9190673828125 
605.90667724609375 75.983642578125 1095.6519775390625 
604.03985595703125 73.790519714355469 1094.4825439453125 
602.12945556640625 71.71746826171875 1093.369140625 
600.25238037109375 69.789657592773438 1092.1741943359375 
598.39019775390625 68.026390075683594 1090.938232421875 
596.6961669921875 66.608230590820312 1090.0225830078125 
595.7298583984375 65.383529663085938 1087.9326171875 
594.19183349609375 63.939174652099609 1085.502685546875 
592.35052490234375 62.642051696777344 1082.8485107421875 
623.894287109375 67.031776428222656 1016.3715209960938 
624.299072265625 67.625175476074219 1019.3289794921875 
625.078857421875 69.4873046875 1013.739990234375 
627.2733154296875 74.490463256835938 1007.8934936523438 
626.12982177734375 71.946701049804688 1010.8828125 
630.0272216796875 77.66949462890625 1007.372314453125 
632.67626953125 79.963577270507812 1007.0978393554688 
635.1722412109375 81.6822509765625 1007.4332885742188 
637.8026123046875 83.192352294921875 1008.30712890625 
640.608154296875 84.676010131835938 1009.2314453125 
643.421142578125 86.124221801757812 1010.0341796875 
646.13580322265625 87.356307983398438 1010.6951904296875 
648.41485595703125 88.226272583007812 1011.1300048828125 
650.34429931640625 88.687110900878906 1013.0057373046875 
626.292236328125 70.566490173339844 1017.1719970703125 
627.7686767578125 73.039657592773438 1013.8565063476562 
628.94244384765625 75.349967956542969 1010.7510375976562 
631.76580810546875 78.172660827636719 1010.5224609375 
633.99578857421875 80.169235229492188 1009.9931640625 
636.261962890625 81.566764831542969 1011.0123901367188 
639.0244140625 83.27789306640625 1011.8397827148438 
641.84576416015625 84.915885925292969 1012.5973510742188 
644.67559814453125 86.433235168457031 1013.1937255859375 
647.49957275390625 87.721824645996094 1013.4583129882812 
653.3720703125 89.451950073242188 1015.5931396484375 
649.47357177734375 88.317359924316406 1016.1250610351562 
655.51568603515625 90.172492980957031 1019.2196044921875 
651.62518310546875 89.148818969726562 1019.0043334960938 
598.75579833984375 51.363449096679688 1029.177001953125 
601.15167236328125 53.592205047607422 1030.1072998046875 
603.72015380859375 55.835979461669922 1030.8260498046875 
606.5714111328125 58.002365112304688 1031.25048828125 
609.60687255859375 59.852218627929688 1031.2691650390625 
612.578125 61.185832977294922 1030.90234375 
615.42388916015625 62.311191558837891 1030.1273193359375 
618.35968017578125 63.708637237548828 1028.9122314453125 
638.38543701171875 110.61587524414062 1092.474853515625 
636.35528564453125 108.56905364990234 1093.1551513671875 
634.42462158203125 106.51680755615234 1093.9013671875 
632.46502685546875 104.48664093017578 1094.6671142578125 
630.25927734375 102.57002258300781 1095.44970703125 
627.86968994140625 100.86534881591797 1096.40234375 
625.65118408203125 99.329154968261719 1097.7716064453125 
624.19921875 96.786972045898438 1096.8023681640625 
622.4224853515625 94.09698486328125 1096.16845703125 
620.50799560546875 91.285552978515625 1095.8262939453125 
618.55963134765625 88.660400390625 1095.539306640625 
616.5146484375 86.150199890136719 1095.36181640625 
614.420166015625 83.732933044433594 1095.28515625 
612.159423828125 81.453041076660156 1095.3758544921875 
609.8167724609375 79.500083923339844 1095.815673828125 
608.68426513671875 77.21563720703125 1093.970947265625 
606.85040283203125 74.765312194824219 1092.47265625 
604.70611572265625 72.471084594726562 1091.3372802734375 
602.71295166015625 70.459007263183594 1090.224853515625 
600.77972412109375 68.598770141601562 1088.999267578125 
598.57208251953125 66.708999633789062 1087.5753173828125 
597.130615234375 64.979782104492188 1084.8111572265625 
595.50323486328125 63.535064697265625 1082.0623779296875 
593.54296875 62.302082061767578 1079.212890625 
587.7305908203125 47.195056915283203 1034.57080078125 
590.2197265625 47.868675231933594 1032.0269775390625 
646.25048828125 86.927619934082031 1016.1691284179688 
643.2359619140625 85.299392700195312 1015.7592163085938 
640.36273193359375 83.590888977050781 1015.078369140625 
637.53057861328125 81.731613159179688 1014.3739013671875 
634.27001953125 79.392501831054688 1013.5924072265625 
630.91888427734375 76.345474243164062 1013.9720458984375 
648.07244873046875 87.642868041992188 1019.0604858398438 
629.5068359375 74.207122802734375 1017.186767578125 
653.705322265625 90.043502807617188 1021.973388671875 
650.05072021484375 88.626441955566406 1021.920166015625 
626.58319091796875 98.165359497070312 1094.8094482421875 
624.861572265625 95.179267883300781 1093.7935791015625 
622.7969970703125 92.180038452148438 1093.282470703125 
620.78277587890625 89.229362487792969 1093.0244140625 
629.24127197265625 99.974899291992188 1093.4403076171875 
631.7667236328125 102.05758666992188 1092.59716796875 
633.88824462890625 104.28664398193359 1091.811279296875 
635.877685546875 106.44900512695312 1091.06640625 
638.00335693359375 108.44016265869141 1090.43310546875 
640.2322998046875 110.64532470703125 1089.6192626953125 
618.68731689453125 86.50421142578125 1092.819580078125 
616.513671875 84.008079528808594 1092.665283203125 
614.2059326171875 81.523002624511719 1092.6702880859375 
611.55401611328125 79.136268615722656 1092.9617919921875 
642.69940185546875 113.26393127441406 1088.6767578125 
645.34326171875 115.23881530761719 1086.7138671875 
647.54071044921875 116.97761535644531 1085.330810546875 
649.53955078125 116.98019409179688 1082.8792724609375 
647.05804443359375 115.04330444335938 1083.6595458984375 
651.975830078125 117.07609558105469 1080.49072265625 
649.18548583984375 115.02768707275391 1080.77490234375 
654.7607421875 117.22695159912109 1078.3465576171875 
657.76812744140625 117.52617645263672 1076.3641357421875 
660.8427734375 117.80674743652344 1074.6785888671875 
663.878662109375 117.81992340087891 1073.2928466796875 
666.84820556640625 117.37763977050781 1071.8968505859375 
669.936279296875 116.91571044921875 1070.5345458984375 
651.77978515625 115.10240173339844 1077.928466796875 
654.95721435546875 115.29331970214844 1075.5406494140625 
658.3292236328125 115.73026275634766 1073.64111328125 
671.51611328125 115.26798248291016 1068.0523681640625 
673.8192138671875 113.78115844726562 1065.413330078125 
676.48980712890625 112.45156860351562 1062.883544921875 
678.6683349609375 111.47484588623047 1060.7178955078125 
678.772705078125 110.14865875244141 1058.536376953125 
678.91607666015625 108.66412353515625 1055.89306640625 
678.91143798828125 107.34750366210938 1053.5032958984375 
675.43231201171875 110.84745025634766 1060.7276611328125 
672.296630859375 111.89963531494141 1063.2547607421875 
669.52496337890625 113.34881591796875 1066.110595703125 
675.16925048828125 109.20813751220703 1058.1844482421875 
675.3792724609375 107.60231781005859 1055.427490234375 
676.15093994140625 106.22671508789062 1052.42626953125 
676.94439697265625 104.84930419921875 1049.2396240234375 
676.8065185546875 103.44025421142578 1046.1260986328125 
675.8299560546875 102.05899810791016 1043.1365966796875 
667.187255859375 115.24155426025391 1069.2388916015625 
664.4693603515625 116.23448181152344 1071.2916259765625 
661.60186767578125 116.08165740966797 1072.2298583984375 
663.08929443359375 114.46829986572266 1069.818115234375 
665.1566162109375 112.88667297363281 1067.0723876953125 
659.4447021484375 113.98163604736328 1070.91162109375 
661.088134765625 112.35853576660156 1068.173828125 
667.481689453125 111.06037139892578 1063.708984375 
662.9080810546875 110.85018920898438 1065.310791015625 
671.404296875 109.98512268066406 1060.7164306640625 
671.15509033203125 108.08849334716797 1057.8140869140625 
667.2496337890625 108.81871032714844 1060.5367431640625 
664.26513671875 109.50935363769531 1062.7979736328125 
671.5614013671875 106.42610168457031 1054.60888671875 
672.57830810546875 105.00753021240234 1051.3236083984375 
673.30291748046875 103.77349853515625 1048.273193359375 
673.02313232421875 102.53501892089844 1045.465576171875 
666.35260009765625 106.60296630859375 1057.2369384765625 
663.00653076171875 107.79683685302734 1060.71923828125 
660.77655029296875 108.88533782958984 1063.650390625 
658.9661865234375 110.20352935791016 1066.5283203125 
657.2491455078125 111.72090911865234 1069.4354248046875 
655.7659912109375 113.40574645996094 1072.4747314453125 
667.9317626953125 104.96353912353516 1053.288818359375 
660.826416015625 105.68058776855469 1058.442626953125 
663.01055908203125 104.486328125 1054.8785400390625 
658.63580322265625 106.78358459472656 1061.76904296875 
656.7430419921875 107.97440338134766 1064.87646484375 
655.0367431640625 109.33419799804688 1067.946533203125 
653.400634765625 110.81874847412109 1071.130859375 
651.63812255859375 112.49439239501953 1074.880615234375 
648.62158203125 112.66939544677734 1078.50634765625 
646.35809326171875 112.72354125976562 1081.7684326171875 
644.47491455078125 112.90744018554688 1085.02197265625 
641.8497314453125 110.65866851806641 1086.38037109375 
639.528076171875 108.38147735595703 1087.5225830078125 
637.42034912109375 106.25756072998047 1088.3740234375 
635.3846435546875 104.15514373779297 1089.047119140625 
633.3707275390625 101.81983947753906 1089.7998046875 
643.53826904296875 110.40856170654297 1083.136474609375 
640.9718017578125 108.16828155517578 1084.5535888671875 
638.85589599609375 106.04006195068359 1085.7509765625 
636.83587646484375 104.07295227050781 1086.360595703125 
634.87921142578125 101.76177978515625 1087.0167236328125 
645.4853515625 110.05584716796875 1079.8865966796875 
647.720947265625 109.86537933349609 1076.496337890625 
649.65826416015625 109.37339782714844 1073.066650390625 
651.18011474609375 108.09880065917969 1069.834228515625 
652.64935302734375 106.75456237792969 1066.6343994140625 
654.225830078125 105.54920196533203 1063.3280029296875 
655.99432373046875 104.43663024902344 1059.892578125 
630.98333740234375 99.490737915039062 1090.5181884765625 
632.7718505859375 99.458541870117188 1087.8394775390625 
627.90771484375 96.782569885253906 1091.3055419921875 
625.32159423828125 93.296653747558594 1090.7392578125 
623.0821533203125 90.101051330566406 1090.4447021484375 
620.89617919921875 87.1107177734375 1090.2496337890625 
618.6737060546875 84.409904479980469 1090.0758056640625 
616.361083984375 81.812232971191406 1089.97802734375 
613.722412109375 79.176902770996094 1089.9898681640625 
610.34088134765625 76.282470703125 1090.292724609375 
607.5289306640625 73.325996398925781 1089.1566162109375 
605.229736328125 71.098114013671875 1088.1622314453125 
603.24237060546875 69.202301025390625 1087.062255859375 
601.29962158203125 67.451316833496094 1085.7781982421875 
599.5758056640625 65.991432189941406 1084.4248046875 
598.88818359375 64.676170349121094 1081.25 
596.65771484375 63.161643981933594 1078.44287109375 
591.6654052734375 61.323348999023438 1076.1695556640625 
594.9583740234375 62.142135620117188 1075.4971923828125 
589.847900390625 60.4412841796875 1073.056396484375 
588.11114501953125 59.554397583007812 1070.0802001953125 
586.34295654296875 58.6143798828125 1067.3502197265625 
584.3896484375 57.543216705322266 1064.9212646484375 
582.06488037109375 56.14324951171875 1062.5703125 
581.20025634765625 54.856346130371094 1059.06201171875 
580.71026611328125 53.355129241943359 1055.7646484375 
580.3935546875 51.447994232177734 1052.9407958984375 
582.5634765625 51.345363616943359 1049.2923583984375 
584.7359619140625 50.946826934814453 1045.016357421875 
628.0423583984375 72.380012512207031 1020.1441650390625 
625.94012451171875 69.968765258789062 1020.2756958007812 
624.51702880859375 68.266128540039062 1022.1821899414062 
626.61712646484375 70.871803283691406 1022.731201171875 
622.77947998046875 66.3558349609375 1024.35888671875 
620.791259765625 64.764083862304688 1026.5787353515625 
622.80633544921875 67.429763793945312 1027.1243896484375 
620.72052001953125 66.117088317871094 1028.9927978515625 
624.8507080078125 69.165061950683594 1025.0643310546875 
585.8895263671875 49.6611328125 1041.1221923828125 
586.873779296875 48.53717041015625 1037.6707763671875 
657.97735595703125 103.41109466552734 1056.212646484375 
657.6600341796875 91.176673889160156 1022.2517700195312 
662.26556396484375 92.147315979003906 1022.6167602539062 
666.554931640625 93.254997253417969 1023.897705078125 
669.7960205078125 93.899642944335938 1024.6065673828125 
672.13543701171875 94.909561157226562 1026.40771484375 
670.97857666015625 96.044410705566406 1029.7723388671875 
672.07073974609375 97.657806396484375 1033.563720703125 
673.187255859375 99.123046875 1036.8902587890625 
674.45355224609375 100.58681488037109 1040.074462890625 
671.74761962890625 101.1048583984375 1042.505859375 
668.18377685546875 94.506866455078125 1026.6402587890625 
664.00933837890625 93.551383972167969 1025.9495849609375 
659.73724365234375 92.47119140625 1025.2257080078125 
655.73748779296875 91.269393920898438 1024.8416748046875 
667.79833984375 96.493873596191406 1032.3258056640625 
665.994140625 94.984733581542969 1029.0643310546875 
661.68682861328125 93.875236511230469 1028.2850341796875 
657.71044921875 92.652046203613281 1027.716552734375 
669.1513671875 98.036865234375 1035.7144775390625 
670.37451171875 99.546348571777344 1039.162109375 
663.5684814453125 95.314018249511719 1031.353515625 
665.18359375 96.80029296875 1034.515380859375 
659.59490966796875 94.125381469726562 1030.61328125 
666.405517578125 98.309646606445312 1037.865234375 
667.1666259765625 99.955177307128906 1041.851318359375 
669.23199462890625 101.669677734375 1045.1915283203125 
670.49346923828125 102.86528778076172 1047.439208984375 
669.40863037109375 103.75347900390625 1050.0048828125 
665.020751953125 103.36669921875 1051.3409423828125 
660.33642578125 102.49418640136719 1052.460205078125 
667.0797119140625 102.43253326416016 1048.1259765625 
665.2044677734375 100.94406890869141 1045.5513916015625 
662.8984375 101.72438049316406 1048.91943359375 
595.5877685546875 50.806495666503906 1030.4935302734375 
592.5279541015625 50.149223327636719 1032.4368896484375 
589.6630859375 49.474803924560547 1034.9581298828125 
588.93792724609375 51.104621887207031 1038.5782470703125 
587.1627197265625 51.600112915039062 1041.926513671875 
598.1539306640625 53.225593566894531 1031.5306396484375 
600.89166259765625 55.607509613037109 1032.4971923828125 
595.0906982421875 52.577068328857422 1033.2952880859375 
592.07275390625 51.839508056640625 1035.5201416015625 
597.8223876953125 55.060089111328125 1034.39501953125 
603.9754638671875 58.132694244384766 1033.2918701171875 
600.97247314453125 57.7159423828125 1035.5162353515625 
607.4503173828125 60.440402984619141 1033.6002197265625 
610.8790283203125 62.177146911621094 1033.250732421875 
613.99371337890625 63.358074188232422 1032.5438232421875 
616.80523681640625 64.41485595703125 1031.5657958984375 
619.0069580078125 65.548416137695312 1030.697265625 
604.94927978515625 60.707717895507812 1036.85791015625 
609.2606201171875 62.852787017822266 1036.2650146484375 
612.71875 64.261428833007812 1035.29150390625 
615.7509765625 65.287437438964844 1034.15234375 
618.46038818359375 66.286178588867188 1032.8621826171875 
620.76873779296875 67.247611999511719 1031.2291259765625 
622.51495361328125 68.044029235839844 1029.4459228515625 
624.96746826171875 70.03228759765625 1028.4501953125 
627.25860595703125 71.747749328613281 1025.7344970703125 
629.0718994140625 73.347793579101562 1023.2098999023438 
630.86871337890625 75.126907348632812 1020.6377563476562 
633.1153564453125 77.497222900390625 1017.7575073242188 
636.31561279296875 80.225944519042969 1017.09423828125 
638.9736328125 82.203811645507812 1017.3797607421875 
641.67169189453125 83.991836547851562 1018.2155151367188 
644.7535400390625 85.869979858398438 1018.877685546875 
642.45526123046875 107.77783966064453 1081.408447265625 
640.0743408203125 105.65042114257812 1083.0792236328125 
638.1883544921875 104.16267395019531 1084.216064453125 
636.51678466796875 101.71176147460938 1083.9271240234375 
634.1688232421875 99.295982360839844 1085.1749267578125 
644.2960205078125 107.01396179199219 1077.878173828125 
646.80322265625 107.52535247802734 1074.914794921875 
647.716064453125 106.50724029541016 1072.17724609375 
641.21612548828125 104.93670654296875 1080.188720703125 
638.8427734375 103.23898315429688 1081.8992919921875 
644.803955078125 105.09719085693359 1074.830810546875 
642.2220458984375 103.81913757324219 1077.3349609375 
639.82183837890625 102.38227081298828 1079.13134765625 
637.58856201171875 100.67475128173828 1080.638916015625 
635.29083251953125 98.700294494628906 1082.15283203125 
648.795166015625 105.23378753662109 1068.9853515625 
645.4871826171875 103.61464691162109 1071.8291015625 
642.78070068359375 102.36480712890625 1074.6263427734375 
640.75408935546875 101.70088195800781 1076.755126953125 
638.846923828125 100.075439453125 1077.64453125 
649.96429443359375 103.96043395996094 1065.597900390625 
651.31011962890625 102.75428009033203 1061.9710693359375 
652.9952392578125 101.7689208984375 1058.0458984375 
655.01641845703125 100.73727416992188 1053.5147705078125 
658.59124755859375 100.56755828857422 1049.4981689453125 
646.242431640625 102.16265869140625 1068.5653076171875 
643.1182861328125 100.78031921386719 1071.7459716796875 
640.60699462890625 100.09384155273438 1074.73291015625 
647.037353515625 100.76042938232422 1064.9429931640625 
643.45770263671875 99.100494384765625 1068.4447021484375 
640.49884033203125 98.189170837402344 1071.9610595703125 
638.2227783203125 97.860603332519531 1075.4493408203125 
636.52532958984375 98.058204650878906 1078.869384765625 
647.9259033203125 99.234901428222656 1060.7078857421875 
650.147216796875 98.935516357421875 1056.333984375 
651.07855224609375 97.85986328125 1052.458251953125 
654.5845947265625 98.740631103515625 1049.384765625 
643.73565673828125 97.339950561523438 1064.73681640625 
640.38519287109375 96.086822509765625 1068.6773681640625 
637.7105712890625 95.564872741699219 1072.6888427734375 
635.516357421875 95.398056030273438 1076.6510009765625 
633.94580078125 95.828033447265625 1080.46484375 
643.937255859375 95.507232666015625 1061.0374755859375 
646.74725341796875 96.888107299804688 1058.143310546875 
647.5455322265625 96.212516784667969 1055.015625 
644.333984375 94.20025634765625 1057.511962890625 
640.01348876953125 93.395370483398438 1064.7855224609375 
640.99066162109375 91.974494934082031 1060.206787109375 
637.1429443359375 93.077415466308594 1069.562255859375 
634.657470703125 92.7032470703125 1073.8350830078125 
632.024658203125 92.286209106445312 1078.451904296875 
636.0313720703125 90.277931213378906 1066.7305908203125 
637.47442626953125 89.531837463378906 1062.655517578125 
633.90570068359375 90.159095764160156 1070.7481689453125 
631.3575439453125 89.412788391113281 1074.7340087890625 
632.95556640625 96.7445068359375 1083.7467041015625 
632.26458740234375 97.546791076660156 1086.1778564453125 
630.48773193359375 97.082427978515625 1088.2994384765625 
628.0198974609375 94.323783874511719 1088.1627197265625 
630.555419921875 95.327743530273438 1085.712158203125 
631.09979248046875 93.891304016113281 1082.600341796875 
625.6046142578125 91.170745849609375 1087.8416748046875 
623.1876220703125 88.019554138183594 1087.592041015625 
628.265869140625 92.412734985351562 1085.1810302734375 
628.5556640625 90.559783935546875 1081.9224853515625 
628.40887451171875 88.368553161621094 1078.4716796875 
625.67822265625 89.206611633300781 1084.832763671875 
620.824951171875 85.061454772949219 1087.4481201171875 
618.499267578125 82.326652526855469 1087.334228515625 
616.0736083984375 79.626121520996094 1087.2279052734375 
623.0614013671875 86.045852661132812 1084.6500244140625 
620.58074951171875 83.065383911132812 1084.6234130859375 
618.19622802734375 80.301422119140625 1084.5618896484375 
625.5594482421875 87.18121337890625 1081.746337890625 
613.29620361328125 76.85205078125 1087.1019287109375 
615.69183349609375 77.591011047363281 1084.3746337890625 
610.377197265625 74.168441772460938 1086.666015625 
607.77874755859375 71.7857666015625 1085.9232177734375 
605.585693359375 69.811210632324219 1084.998046875 
603.62396240234375 68.041595458984375 1083.857666015625 
601.589599609375 66.377182006835938 1082.5350341796875 
622.726318359375 83.997528076171875 1081.7847900390625 
620.19281005859375 81.076316833496094 1081.8359375 
617.7901611328125 78.337921142578125 1081.740478515625 
612.9462890625 74.988136291503906 1084.008544921875 
615.2322998046875 75.734283447265625 1081.4254150390625 
610.250732421875 72.525604248046875 1083.4931640625 
607.85382080078125 70.43988037109375 1082.792236328125 
605.8055419921875 68.678237915039062 1081.8438720703125 
603.86468505859375 67.0635986328125 1080.55859375 
601.718017578125 65.49261474609375 1079.0225830078125 
599.46221923828125 64.04779052734375 1077.124755859375 
597.585205078125 63.005638122558594 1075.19482421875 
593.37371826171875 61.255802154541016 1072.2529296875 
597.23779296875 62.454856872558594 1071.494873046875 
591.593017578125 60.406528472900391 1069.080322265625 
589.739990234375 59.492080688476562 1066.1505126953125 
587.70758056640625 58.488182067871094 1063.5477294921875 
585.5655517578125 57.406120300292969 1061.2557373046875 
583.8416748046875 56.302715301513672 1059.205810546875 
584.14349365234375 55.438583374023438 1055.4227294921875 
583.17144775390625 53.444072723388672 1052.0394287109375 
625.10211181640625 84.929222106933594 1078.7100830078125 
627.704833984375 85.632225036621094 1074.916259765625 
630.83428955078125 87.086250305175781 1071.446044921875 
622.21185302734375 81.861595153808594 1078.9678955078125 
619.6859130859375 79.106063842773438 1078.9599609375 
617.24041748046875 76.478530883789062 1078.7279052734375 
612.5552978515625 73.283187866210938 1080.957763671875 
614.63165283203125 73.998512268066406 1078.2913818359375 
610.00164794921875 71.129959106445312 1080.4066162109375 
607.8035888671875 69.352798461914062 1079.76220703125 
605.95562744140625 67.825241088867188 1078.703125 
604.10430908203125 66.368118286132812 1077.1409912109375 
624.2607421875 82.546356201171875 1075.94140625 
621.57098388671875 79.798011779785156 1076.0589599609375 
619.09381103515625 77.115386962890625 1075.8714599609375 
616.51947021484375 74.614097595214844 1075.4127197265625 
611.982421875 71.773292541503906 1077.7774658203125 
613.80450439453125 72.31561279296875 1074.850341796875 
609.53240966796875 69.887855529785156 1077.3861083984375 
607.64739990234375 68.554847717285156 1077.193115234375 
606.2747802734375 67.351478576660156 1075.501220703125 
585.18597412109375 53.254814147949219 1047.921142578125 
587.20599365234375 53.087726593017578 1044.3013916015625 
589.294921875 53.103584289550781 1041.3297119140625 
591.75775146484375 53.439449310302734 1038.70166015625 
594.694091796875 54.239433288574219 1036.4022216796875 
597.4742431640625 56.942203521728516 1037.9896240234375 
594.05438232421875 55.600940704345703 1039.621337890625 
591.4044189453125 54.881008148193359 1041.72705078125 
589.30865478515625 54.403976440429688 1043.677490234375 
587.98468017578125 54.894161224365234 1046.69921875 
586.27264404296875 55.198585510253906 1050.7752685546875 
587.73779296875 56.818260192871094 1053.4696044921875 
586.60736083984375 57.084529876708984 1057.4703369140625 
588.83740234375 58.259777069091797 1059.5457763671875 
589.6954345703125 57.989952087402344 1055.635009765625 
593.35675048828125 56.675247192382812 1042.835205078125 
590.6954345703125 55.966026306152344 1044.9638671875 
589.74261474609375 56.754238128662109 1049.1878662109375 
590.40362548828125 57.799167633056641 1052.3394775390625 
601.14129638671875 59.495800018310547 1038.98681640625 
598.21929931640625 58.79046630859375 1041.4027099609375 
595.72967529296875 57.329410552978516 1041.0394287109375 
608.06048583984375 63.577541351318359 1040.4110107421875 
604.14501953125 61.668708801269531 1040.8829345703125 
611.7772216796875 65.048454284667969 1038.5887451171875 
614.92718505859375 66.150260925292969 1037.084716796875 
617.8876953125 67.181900024414062 1035.573974609375 
620.71173095703125 68.252105712890625 1033.8406982421875 
623.13348388671875 69.316719055175781 1031.544921875 
591.22833251953125 59.341182708740234 1061.7998046875 
592.1707763671875 59.112030029296875 1057.4144287109375 
592.57159423828125 58.774425506591797 1053.4840087890625 
593.4110107421875 60.395366668701172 1064.62109375 
595.27093505859375 61.399711608886719 1067.9036865234375 
592.67913818359375 58.331527709960938 1049.935302734375 
592.85491943359375 57.621265411376953 1046.3297119140625 
595.628173828125 58.272682189941406 1043.9012451171875 
595.4635009765625 59.019309997558594 1047.34033203125 
595.373779296875 59.545578002929688 1050.88916015625 
598.2799072265625 59.692676544189453 1044.77392578125 
601.08624267578125 60.526508331298828 1042.4381103515625 
598.20758056640625 60.341129302978516 1048.186279296875 
600.97369384765625 61.160404205322266 1045.6502685546875 
603.273193359375 61.892417907714844 1043.7083740234375 
605.86724853515625 63.193675994873047 1043.77392578125 
595.3306884765625 60.021255493164062 1054.6641845703125 
598.23577880859375 60.886722564697266 1051.67626953125 
595.348388671875 60.548515319824219 1059.40234375 
598.5384521484375 61.543888092041016 1055.3619384765625 
601.0389404296875 61.756977081298828 1048.8892822265625 
601.267333984375 62.403247833251953 1052.2027587890625 
603.66925048828125 62.588924407958984 1046.3797607421875 
597.2366943359375 61.767097473144531 1063.3076171875 
599.0390625 62.811923980712891 1066.7818603515625 
599.50140380859375 62.366691589355469 1059.10009765625 
601.9429931640625 63.165885925292969 1055.57275390625 
603.93902587890625 63.234859466552734 1049.50830078125 
604.38232421875 63.903350830078125 1052.64892578125 
606.49407958984375 64.067573547363281 1047.0888671875 
606.852783203125 64.687103271484375 1050.2542724609375 
607.30706787109375 65.305320739746094 1053.2474365234375 
605.25311279296875 64.721229553222656 1055.8602294921875 
603.15521240234375 64.139945983886719 1059.0689697265625 
601.05950927734375 63.448478698730469 1062.7158203125 
602.764892578125 64.555679321289062 1066.3748779296875 
600.851806640625 63.835197448730469 1069.898681640625 
599.870849609375 63.713108062744141 1073.4852294921875 
601.9718017578125 64.949333190917969 1075.408203125 
604.23895263671875 65.928352355957031 1073.6365966796875 
602.20709228515625 64.717681884765625 1072.333740234375 
603.97686767578125 65.422386169433594 1070.0606689453125 
604.8231201171875 65.308792114257812 1062.8182373046875 
606.63836669921875 67.07403564453125 1071.9281005859375 
608.50042724609375 68.593681335449219 1074.557373046875 
611.05535888671875 70.272407531738281 1074.4666748046875 
609.47271728515625 68.640274047851562 1071.03076171875 
612.56219482421875 70.597785949707031 1071.048095703125 
614.48260498046875 67.00982666015625 1040.3514404296875 
611.55908203125 65.901298522949219 1042.3060302734375 
608.90765380859375 64.902900695800781 1044.636474609375 
617.4276123046875 68.028427124023438 1038.61279296875 
620.43365478515625 69.161537170410156 1036.8541259765625 
606.772216796875 66.698448181152344 1067.3441162109375 
606.62188720703125 65.798492431640625 1059.3408203125 
610.64923095703125 68.815254211425781 1067.098876953125 
608.464111328125 67.093925476074219 1063.1588134765625 
623.74609375 70.713333129882812 1034.745849609375 
625.9788818359375 71.5982666015625 1031.5521240234375 
627.94122314453125 72.726776123046875 1028.795166015625 
629.82757568359375 74.135993957519531 1026.2960205078125 
631.67169189453125 75.734458923339844 1023.9705200195312 
633.68927001953125 77.534210205078125 1021.77392578125 
635.92547607421875 79.488990783691406 1020.1204223632812 
637.88629150390625 81.109359741210938 1019.272216796875 
640.000732421875 82.560653686523438 1020.151611328125 
642.8958740234375 84.434280395507812 1021.7137451171875 
646.553955078125 86.768409729003906 1021.9351806640625 
652.05389404296875 89.879562377929688 1024.7099609375 
654.03045654296875 91.296218872070312 1027.4599609375 
655.93426513671875 92.823402404785156 1030.204345703125 
648.587646484375 88.0865478515625 1024.7982177734375 
650.592529296875 89.671646118164062 1027.48828125 
652.51171875 91.305961608886719 1030.114501953125 
645.11785888671875 85.955490112304688 1024.923095703125 
647.230712890625 87.684982299804688 1027.7122802734375 
649.26080322265625 89.530448913574219 1030.244140625 
641.79144287109375 83.687034606933594 1024.8668212890625 
640.3360595703125 82.638473510742188 1022.5526733398438 
638.21087646484375 81.128410339355469 1021.61572265625 
636.30322265625 79.572395324707031 1023.1868286132812 
634.28729248046875 77.908248901367188 1025.029052734375 
632.37139892578125 76.34783935546875 1027.062255859375 
630.55810546875 74.987266540527344 1029.25244140625 
628.79901123046875 73.8037109375 1031.6507568359375 
627.11260986328125 72.947113037109375 1034.2470703125 
643.5631103515625 85.174766540527344 1028.1531982421875 
646.1497802734375 87.480415344238281 1030.56982421875 
638.914794921875 81.539031982421875 1024.3104248046875 
636.99237060546875 80.075469970703125 1026.202880859375 
634.97308349609375 78.519905090332031 1028.0738525390625 
633.06744384765625 77.079734802246094 1030.000732421875 
631.3345947265625 75.83355712890625 1032.0775146484375 
629.7545166015625 74.825630187988281 1034.24609375 
639.9827880859375 82.436737060546875 1027.232177734375 
637.81024169921875 80.860610961914062 1029.275634765625 
635.63983154296875 79.221221923828125 1031.04443359375 
633.753662109375 77.821929931640625 1032.813232421875 
632.1019287109375 76.667388916015625 1034.851318359375 
640.92462158203125 83.440841674804688 1030.3089599609375 
643.59454345703125 85.62652587890625 1031.103759765625 
638.59857177734375 81.771568298339844 1032.6962890625 
635.9632568359375 79.703033447265625 1033.5736083984375 
634.61370849609375 78.780471801757812 1035.62255859375 
637.44659423828125 81.165252685546875 1035.8284912109375 
642.07891845703125 84.730133056640625 1033.1678466796875 
640.5487060546875 83.835220336914062 1035.7872314453125 
645.05902099609375 87.180992126464844 1033.1988525390625 
648.00714111328125 89.35205078125 1032.972900390625 
651.104248046875 91.311943054199219 1032.80615234375 
654.36724853515625 92.973968505859375 1032.7926025390625 
657.7720947265625 94.359512329101562 1033.0101318359375 
661.3885498046875 95.565834045410156 1033.563720703125 
662.85943603515625 96.999763488769531 1036.52734375 
643.691650390625 86.563201904296875 1035.781982421875 
646.7161865234375 89.044815063476562 1035.6805419921875 
649.74713134765625 91.248306274414062 1035.5810546875 
652.92071533203125 93.127708435058594 1035.5684814453125 
656.21856689453125 94.662330627441406 1035.6141357421875 
659.5341796875 95.876983642578125 1035.8011474609375 
663.57073974609375 98.328964233398438 1039.6478271484375 
660.98052978515625 97.124496459960938 1038.18896484375 
663.05865478515625 99.415855407714844 1042.935302734375 
661.27630615234375 100.14132690429688 1046.1513671875 
657.640869140625 98.839675903320312 1046.1253662109375 
658.19610595703125 96.356887817382812 1038.4691162109375 
660.52685546875 97.940017700195312 1040.802001953125 
659.976318359375 98.805892944335938 1043.6358642578125 
654.81048583984375 95.044105529785156 1038.6259765625 
651.4678955078125 93.205978393554688 1038.5296630859375 
648.36737060546875 91.0369873046875 1038.4222412109375 
645.35662841796875 88.588859558105469 1038.427001953125 
656.9512939453125 97.172714233398438 1042.151123046875 
654.0975341796875 97.004302978515625 1045.588623046875 
653.04608154296875 95.203529357910156 1041.8841552734375 
651.1805419921875 96.4210205078125 1048.710205078125 
648.14013671875 95.194969177246094 1051.45263671875 
650.8145751953125 94.846443176269531 1045 
649.82049560546875 93.0185546875 1041.5325927734375 
646.85870361328125 90.650894165039062 1041.2508544921875 
647.930419921875 92.474617004394531 1044.3975830078125 
648.3321533203125 93.982925415039062 1047.8382568359375 
645.0081787109375 93.370323181152344 1053.9503173828125 
645.6297607421875 92.524444580078125 1050.37451171875 
641.7781982421875 91.012092590332031 1056.3297119140625 
642.67913818359375 90.402107238769531 1052.61865234375 
642.30194091796875 85.907928466796875 1038.559814453125 
643.9532470703125 88.066925048828125 1041.2603759765625 
645.27880859375 90.062232971191406 1043.99072265625 
645.84857177734375 91.52996826171875 1046.98388671875 
643.45159912109375 89.921531677246094 1049.110107421875 
639.12237548828125 83.043350219726562 1038.6961669921875 
640.83636474609375 85.207618713378906 1041.6019287109375 
642.55816650390625 87.525886535644531 1044.235595703125 
643.86279296875 89.421897888183594 1046.298095703125 
635.89093017578125 80.189826965332031 1038.6383056640625 
632.5489501953125 77.371307373046875 1038.14453125 
630.53326416015625 75.662361145019531 1036.4327392578125 
628.43255615234375 74.186355590820312 1036.46826171875 
625.88751220703125 72.59710693359375 1036.9783935546875 
623.07135009765625 71.085838317871094 1038.2861328125 
620.1407470703125 69.884346008300781 1040.0037841796875 
617.27880859375 68.802993774414062 1041.8194580078125 
614.520263671875 67.76513671875 1043.8023681640625 
611.9180908203125 66.715606689453125 1046.03515625 
609.38592529296875 65.659996032714844 1048.19775390625 
617.4464111328125 69.457832336425781 1045.06591796875 
614.92706298828125 68.423805236816406 1047.2391357421875 
620.12060546875 70.493553161621094 1043.1378173828125 
622.885009765625 71.630401611328125 1041.36767578125 
625.4781494140625 72.824546813964844 1039.7491455078125 
627.4898681640625 73.875526428222656 1038.492431640625 
629.66912841796875 75.286300659179688 1038.59326171875 
615.55389404296875 72.814956665039062 1071.62841796875 
618.31854248046875 75.223701477050781 1072.3785400390625 
620.94488525390625 77.746963500976562 1072.873779296875 
623.5269775390625 80.332000732421875 1073.1915283203125 
625.85198974609375 82.679756164550781 1073.2672119140625 
628.1380615234375 83.9896240234375 1071.1865234375 
630.43206787109375 85.071044921875 1068.4278564453125 
633.034423828125 87.647186279296875 1068.066162109375 
614.2733154296875 70.964485168457031 1067.07470703125 
617.39105224609375 73.450019836425781 1068.5989990234375 
620.13604736328125 75.860931396484375 1069.2918701171875 
622.9613037109375 78.379379272460938 1069.78173828125 
625.73699951171875 80.972610473632812 1070.4447021484375 
628.06781005859375 82.126579284667969 1067.9071044921875 
611.82708740234375 68.822235107421875 1063.1634521484375 
609.8096923828125 67.293891906738281 1059.5694580078125 
608.24444580078125 66.117958068847656 1056.270263671875 
609.55535888671875 66.387710571289062 1053.9798583984375 
609.55487060546875 66.115760803222656 1051.37158203125 
610.921142578125 67.333755493164062 1056.3714599609375 
611.700927734375 67.33624267578125 1053.3636474609375 
612.704833984375 68.708877563476562 1059.42236328125 
613.46502685546875 68.541595458984375 1056.0506591796875 
614.7855224609375 70.384918212890625 1062.60205078125 
616.67840576171875 72.103996276855469 1065.18994140625 
615.40899658203125 70.045059204101562 1058.8736572265625 
619.14508056640625 73.987228393554688 1065.640625 
617.779296875 72.044784545898438 1061.805908203125 
612.4625244140625 67.408828735351562 1049.9146728515625 
614.24658203125 68.616363525390625 1052.9876708984375 
615.66351318359375 69.100715637207031 1050.4105224609375 
615.9141845703125 69.788887023925781 1055.50830078125 
616.42987060546875 69.741645812988281 1052.9207763671875 
617.84381103515625 70.044929504394531 1048.2666015625 
620.3582763671875 71.120780944824219 1046.305419921875 
618.2156982421875 70.552177429199219 1051.381591796875 
617.86383056640625 71.268157958984375 1057.838623046875 
618.19744873046875 70.942138671875 1054.511474609375 
625.433349609375 78.937393188476562 1066.3466796875 
622.0123291015625 76.369720458984375 1066.0684814453125 
620.74169921875 74.306488037109375 1062.5374755859375 
619.72723388671875 72.826034545898438 1059.64794921875 
620.24835205078125 72.508895874023438 1056.62060546875 
620.61370849609375 72.125457763671875 1053.0841064453125 
623.7037353515625 76.471267700195312 1062.505615234375 
622.10205078125 74.306251525878906 1059.24755859375 
620.61383056640625 71.629302978515625 1049.6033935546875 
623.002197265625 72.221664428710938 1044.47900390625 
623.03094482421875 74.056495666503906 1055.4818115234375 
625.1580810546875 76.325042724609375 1058.6326904296875 
623.39813232421875 73.509010314941406 1051.5162353515625 
623.2425537109375 72.845237731933594 1047.800537109375 
626.7611083984375 76.209976196289062 1054.2530517578125 
625.60064697265625 73.369155883789062 1042.665283203125 
625.888427734375 74.072837829589844 1045.9144287109375 
627.9207763671875 74.461387634277344 1040.763427734375 
630.75604248046875 76.396675109863281 1041.29443359375 
633.98516845703125 78.959060668945312 1041.6336669921875 
637.451416015625 82.0521240234375 1041.821533203125 
628.469482421875 75.263092041015625 1043.789794921875 
626.31256103515625 74.928184509277344 1049.6104736328125 
631.68658447265625 77.631729125976562 1044.6329345703125 
635.2332763671875 80.658889770507812 1045.1112060546875 
639.08642578125 84.371620178222656 1045.356201171875 
641.56494140625 87.434890747070312 1047.424560546875 
640.63848876953125 87.614799499511719 1050.8160400390625 
639.07171630859375 85.328483581542969 1048.87158203125 
636.22528076171875 82.433219909667969 1048.668212890625 
626.79449462890625 78.681304931640625 1062.1536865234375 
628.07232666015625 80.748039245605469 1064.8671875 
628.60589599609375 78.913078308105469 1058.5811767578125 
629.87481689453125 77.645462036132812 1051.16845703125 
631.05474853515625 79.784202575683594 1055.265869140625 
630.1307373046875 83.217742919921875 1065.476806640625 
632.10723876953125 85.54840087890625 1066.010498046875 
629.6727294921875 81.270248413085938 1062.237548828125 
634.36395263671875 87.247047424316406 1064.6063232421875 
638.314208984375 88.351455688476562 1058.539794921875 
632.23358154296875 84.250152587890625 1063.1024169921875 
634.969482421875 85.917282104492188 1060.78271484375 
632.00457763671875 82.25408935546875 1059.3480224609375 
635.2987060546875 84.101127624511719 1056.133056640625 
639.3555908203125 87.676155090332031 1054.523681640625 
637.4158935546875 84.614341735839844 1051.947998046875 
633.74639892578125 81.090278625488281 1052.0079345703125 
632.6123046875 79.093826293945312 1048.2479248046875 
629.070068359375 76.270408630371094 1047.2906494140625 
617.1473388671875 48.649723052978516 993.66912841796875 
617.37396240234375 50.290157318115234 995.21868896484375 
655.54095458984375 49.48138427734375 965.328125 
658.28985595703125 48.924549102783203 965.36651611328125 
655.98828125 47.636310577392578 964.01556396484375 
653.66094970703125 49.02630615234375 963.73895263671875 
653.50225830078125 47.27484130859375 962.492431640625 
652.90008544921875 50.277271270751953 965.14031982421875 
651.61529541015625 48.906150817871094 962.25921630859375 
651.02630615234375 47.638156890869141 960.861328125 
641.0145263671875 42.541072845458984 925.05517578125 
642.155517578125 42.227581024169922 928.49951171875 
649.317626953125 50.085079193115234 960.8367919921875 
648.7120361328125 48.080368041992188 958.91455078125 
647.042236328125 50.363807678222656 958.64947509765625 
646.5252685546875 48.456611633300781 956.7073974609375 
641.0791015625 43.75372314453125 931.35107421875 
640.33074951171875 44.210494995117188 927.78802490234375 
640.24627685546875 45.270225524902344 933.29266357421875 
638.670166015625 46.622287750244141 928.698486328125 
639.465087890625 46.996337890625 935.01519775390625 
637.8345947265625 48.751964569091797 931.4639892578125 
638.88482666015625 44.935794830322266 924.70166015625 
636.78594970703125 47.136764526367188 924.449462890625 
636.28314208984375 49.448299407958984 927.14117431640625 
635.6002197265625 51.677513122558594 929.9161376953125 
634.72283935546875 53.923957824707031 932.19775390625 
633.36138916015625 56.633743286132812 933.9295654296875 
631.68115234375 59.309368133544922 935.279052734375 
633.070556640625 58.353862762451172 937.49407958984375 
634.73577880859375 56.880203247070312 940.0462646484375 
636.0635986328125 56.026142120361328 943.02569580078125 
637.34527587890625 55.750434875488281 946.3812255859375 
638.7347412109375 55.655467987060547 949.51239013671875 
640.0892333984375 56.319644927978516 952.327392578125 
642.08367919921875 57.199626922607422 955.06768798828125 
644.0601806640625 58.946880340576172 957.03863525390625 
646.0811767578125 58.523780822753906 958.687744140625 
647.65850830078125 57.391761779785156 960.6390380859375 
649.115966796875 58.021610260009766 962.66192626953125 
648.05206298828125 54.763519287109375 961.97113037109375 
649.57281494140625 54.7735595703125 964.12103271484375 
649.37628173828125 52.340290069580078 962.61395263671875 
650.929931640625 52.147933959960938 964.94921875 
651.0926513671875 50.509056091308594 963.25897216796875 
639.5574951171875 47.859607696533203 938.58203125 
637.19769287109375 50.930580139160156 935.07208251953125 
640.16082763671875 48.352184295654297 942.12689208984375 
637.47296142578125 52.245006561279297 939.66290283203125 
640.8671875 48.772140502929688 945.5599365234375 
638.53778076171875 52.220718383789062 943.70416259765625 
644.801025390625 50.702671051025391 956.17596435546875 
644.74322509765625 48.281200408935547 954.2396240234375 
642.93634033203125 50.7999267578125 953.4609375 
643.39093017578125 47.910839080810547 951.5615234375 
640.99432373046875 51.702243804931641 950.6072998046875 
642.2830810546875 47.619174957275391 948.7236328125 
639.81396484375 51.901496887207031 947.43621826171875 
647.51885986328125 52.388263702392578 960.4498291015625 
646.0723876953125 55.024765014648438 959.78363037109375 
644.0916748046875 55.704109191894531 957.5892333984375 
645.28863525390625 52.717792510986328 958.24859619140625 
643.04876708984375 53.331546783447266 955.9432373046875 
641.44927978515625 53.700675964355469 953.5814208984375 
635.34429931640625 54.504837036132812 936.50823974609375 
649.33087158203125 57.428501129150391 965.5489501953125 
635.90924072265625 76.944900512695312 995.761474609375 
635.06549072265625 79.423149108886719 995.5078125 
638.58447265625 76.194831848144531 997.5380859375 
638.24578857421875 78.647613525390625 997.411376953125 
636.32183837890625 74.166229248046875 995.95562744140625 
638.99993896484375 72.985466003417969 998.01458740234375 
649.71075439453125 53.853229522705078 967.3580322265625 
648.4276123046875 56.493087768554688 968.52099609375 
636.2669677734375 71.59625244140625 995.551025390625 
639.22662353515625 69.646492004394531 997.8370361328125 
648.4583740234375 53.612007141113281 970.600341796875 
646.574462890625 55.785507202148438 970.97784423828125 
646.53033447265625 53.068790435791016 973.34759521484375 
644.36517333984375 55.281021118164062 973.120361328125 
644.58990478515625 52.742538452148438 975.90850830078125 
642.46240234375 55.242828369140625 975.4925537109375 
642.7657470703125 53.237033843994141 978.43682861328125 
640.63311767578125 56.230930328369141 977.6385498046875 
640.99786376953125 54.444953918457031 980.685791015625 
638.99658203125 58.098968505859375 979.71539306640625 
639.4619140625 56.457275390625 982.3931884765625 
637.7581787109375 60.142940521240234 982.23846435546875 
639.034423828125 58.015907287597656 984.5235595703125 
636.64483642578125 62.409843444824219 984.8739013671875 
638.38995361328125 60.214675903320312 986.8406982421875 
636.25811767578125 64.366508483886719 987.541259765625 
638.1392822265625 62.175926208496094 989.37548828125 
635.980224609375 66.112228393554688 990.10302734375 
638.03265380859375 63.549160003662109 991.9937744140625 
635.81182861328125 67.854759216308594 992.40020751953125 
638.11334228515625 65.133041381835938 994.48541259765625 
635.9261474609375 69.701385498046875 994.281982421875 
638.82342529296875 67.027702331542969 996.58538818359375 
641.1439208984375 75.982940673828125 999.85906982421875 
640.71270751953125 78.858985900878906 999.61846923828125 
657.3123779296875 90.685707092285156 1005.6403198242188 
660.23095703125 88.785652160644531 1004.0718383789062 
654.58319091796875 90.011734008789062 1004.526611328125 
657.218505859375 88.865127563476562 1004.0537719726562 
652.229736328125 88.58551025390625 1003.5861206054688 
655.109619140625 87.350494384765625 1003.818359375 
649.8870849609375 86.611663818359375 1003.123291015625 
652.8580322265625 85.514701843261719 1003.7593994140625 
661.7271728515625 86.463653564453125 1003.63916015625 
647.49371337890625 84.399833679199219 1002.6350708007812 
650.4677734375 83.402084350585938 1003.6207885742188 
645.1212158203125 82.181396484375 1002.0415649414062 
648.03216552734375 81.127609252929688 1003.2706298828125 
642.846435546875 80.236412048339844 1001.1358642578125 
645.72314453125 78.868423461914062 1002.7340698242188 
643.474609375 76.980110168457031 1001.7442016601562 
662.9376220703125 84.06121826171875 1003.5413818359375 
664.25616455078125 81.711593627929688 1003.3737182617188 
665.68487548828125 79.372222900390625 1003.1199951171875 
667.3621826171875 77.251174926757812 1002.522705078125 
669.19879150390625 75.55328369140625 1001.3163452148438 
671.66131591796875 74.532196044921875 999.628173828125 
673.050537109375 72.863494873046875 998.33984375 
674.34161376953125 71.010200500488281 997.39813232421875 
675.72161865234375 69.196273803710938 996.628662109375 
676.6329345703125 67.591300964355469 995.4112548828125 
677.26007080078125 66.222503662109375 993.5728759765625 
677.8046875 64.899711608886719 991.49658203125 
678.21466064453125 64.097007751464844 988.83233642578125 
678.66607666015625 63.507438659667969 985.94964599609375 
680.12384033203125 62.808837890625 983.2708740234375 
677.03472900390625 61.935707092285156 984.23175048828125 
678.78143310546875 61.637134552001953 981.3026123046875 
676.16143798828125 60.343399047851562 982.04010009765625 
677.68408203125 60.431217193603516 979.35174560546875 
674.95269775390625 58.8175048828125 980.32989501953125 
676.261474609375 59.149917602539062 977.66412353515625 
673.596435546875 57.380603790283203 978.656005859375 
674.773193359375 57.908016204833984 976.0074462890625 
672.18212890625 55.960433959960938 977.0865478515625 
673.405029296875 56.550731658935547 974.38970947265625 
670.74920654296875 54.667335510253906 975.5377197265625 
672.14276123046875 55.178508758544922 972.92041015625 
669.28564453125 53.621158599853516 973.9228515625 
670.84283447265625 53.754177093505859 971.4586181640625 
667.62860107421875 52.579410552978516 972.4642333984375 
668.7283935546875 52.271289825439453 970.55450439453125 
665.85089111328125 51.503974914550781 970.79522705078125 
667.0257568359375 50.877193450927734 969.16070556640625 
664.53363037109375 50.780464172363281 968.420166015625 
651.69732666015625 51.501792907714844 967.60516357421875 
654.1864013671875 50.254936218261719 967.683837890625 
657.01385498046875 49.957210540771484 967.64593505859375 
660.73052978515625 48.944076538085938 965.82464599609375 
659.79510498046875 50.394489288330078 967.33233642578125 
662.83544921875 49.944789886474609 966.88897705078125 
661.6990966796875 51.241809844970703 968.7337646484375 
663.41412353515625 51.521152496337891 970.67816162109375 
650.27496337890625 51.774791717529297 970.23443603515625 
641.589599609375 72.868194580078125 1000.0462646484375 
642.01580810546875 69.321922302246094 999.83349609375 
644.0228271484375 73.747734069824219 1001.9641723632812 
644.6829833984375 70.301925659179688 1001.780517578125 
642.33203125 65.357963562011719 998.84735107421875 
648.80938720703125 51.462368011474609 973.33563232421875 
651.245361328125 50.644901275634766 972.8975830078125 
658.37115478515625 86.589309692382812 1003.8787841796875 
656.0748291015625 84.495414733886719 1004.1849975585938 
653.62353515625 82.468307495117188 1004.3657836914062 
659.457763671875 84.055313110351562 1004.0867919921875 
650.96514892578125 80.302001953125 1004.2055053710938 
648.59869384765625 77.9046630859375 1003.8687744140625 
646.34326171875 75.55645751953125 1003.215576171875 
660.7763671875 81.632926940917969 1004.2236328125 
662.35675048828125 79.192131042480469 1004.1929931640625 
657.0941162109375 81.591018676757812 1004.6747436523438 
653.900146484375 79.610572814941406 1004.7926025390625 
659.15594482421875 79.085479736328125 1004.8908081054688 
656.3460693359375 78.701087951660156 1005.11328125 
651.48480224609375 77.223075866699219 1004.5946655273438 
654.315673828125 76.57733154296875 1005.00537109375 
649.2381591796875 74.743392944335938 1004.1505737304688 
652.2093505859375 74.251884460449219 1004.6986083984375 
647.02862548828125 72.159652709960938 1003.256591796875 
650.0255126953125 71.736221313476562 1004.0427856445312 
663.84197998046875 76.808525085449219 1003.940185546875 
660.522705078125 76.550071716308594 1004.874755859375 
657.4083251953125 76.340713500976562 1005.2002563476562 
655.38214111328125 73.9927978515625 1004.9904174804688 
653.3592529296875 71.656539916992188 1004.5762329101562 
665.3507080078125 74.656539916992188 1003.2979125976562 
661.83984375 74.142929077148438 1004.5729370117188 
658.55413818359375 73.890670776367188 1005.0652465820312 
656.493896484375 71.383926391601562 1004.7611083984375 
659.70269775390625 71.415634155273438 1004.708984375 
662.99139404296875 71.808700561523438 1003.9852905273438 
666.233154296875 72.532325744628906 1002.5919189453125 
668.9005126953125 72.976631164550781 1001.0205078125 
670.19281005859375 71.545150756835938 999.80426025390625 
671.42144775390625 69.937080383300781 998.60595703125 
672.67083740234375 68.176193237304688 997.64019775390625 
673.8336181640625 66.415435791015625 996.67254638671875 
674.7213134765625 65.058433532714844 994.96112060546875 
675.4041748046875 63.838054656982422 992.86810302734375 
675.78741455078125 63.055282592773438 990.22601318359375 
676.1375732421875 62.592864990234375 987.25103759765625 
652.7252197265625 50.501434326171875 970.2186279296875 
655.52947998046875 49.89849853515625 970.18951416015625 
658.4947509765625 50.341136932373047 970.0997314453125 
660.85931396484375 51.175395965576172 971.0740966796875 
645.23760986328125 66.669258117675781 1001.0559692382812 
648.0963134765625 68.528007507324219 1002.895263671875 
651.3876953125 69.389060974121094 1003.897216796875 
654.39288330078125 68.876335144042969 1004.1407470703125 
657.56488037109375 68.740867614746094 1004.2643432617188 
660.8304443359375 68.951705932617188 1003.9615478515625 
664.08465576171875 69.510543823242188 1003.009033203125 
667.11590576171875 70.2203369140625 1001.5783081054688 
668.37164306640625 68.498710632324219 1000.2089233398438 
669.58526611328125 66.804168701171875 998.87347412109375 
670.81866455078125 65.057792663574219 997.75341796875 
671.93035888671875 63.530471801757812 996.295166015625 
672.85211181640625 62.256065368652344 994.40631103515625 
673.4874267578125 61.296512603759766 992.07208251953125 
673.72454833984375 60.851760864257812 989.29095458984375 
674.02093505859375 60.544750213623047 986.4957275390625 
674.4205322265625 59.862010955810547 984.3489990234375 
673.30035400390625 58.194454193115234 982.95977783203125 
672.285888671875 56.587635040283203 981.2965087890625 
671.08154296875 54.968311309814453 979.75006103515625 
669.68231201171875 53.540725708007812 978.23358154296875 
668.04315185546875 52.580921173095703 976.60406494140625 
666.3465576171875 51.968448638916016 974.8680419921875 
664.70318603515625 51.463294982910156 973.02459716796875 
662.03179931640625 51.269443511962891 973.20574951171875 
663.41986083984375 51.026046752929688 975.37945556640625 
665.0718994140625 51.065921783447266 977.3201904296875 
666.81298828125 51.52630615234375 979.13006591796875 
668.37677001953125 52.649551391601562 980.73114013671875 
669.69671630859375 54.177562713623047 982.213623046875 
670.7601318359375 55.845836639404297 983.88848876953125 
671.64837646484375 57.649871826171875 985.8360595703125 
665.17572021484375 67.361648559570312 1001.6238403320312 
661.95098876953125 66.627815246582031 1002.7360229492188 
666.38958740234375 65.50634765625 1000.0966186523438 
667.65692138671875 63.609691619873047 998.88641357421875 
668.92303466796875 61.873115539550781 997.5928955078125 
658.617431640625 66.237869262695312 1003.2973022460938 
655.19415283203125 66.212104797363281 1003.3575439453125 
670.016845703125 60.547885894775391 995.75030517578125 
671.014404296875 59.325950622558594 993.82635498046875 
671.517822265625 58.698925018310547 991.23101806640625 
671.54180908203125 58.410923004150391 988.42462158203125 
651.64434814453125 66.701545715332031 1003.2029418945312 
648.91259765625 65.014778137207031 1001.874755859375 
663.11700439453125 64.484405517578125 1001.259765625 
659.79742431640625 63.860641479492188 1002.081787109375 
656.34710693359375 63.6844482421875 1002.301025390625 
652.72760009765625 63.946994781494141 1002.2018432617188 
664.35546875 62.486595153808594 999.773193359375 
665.70050048828125 60.481437683105469 998.53594970703125 
666.93701171875 58.976016998291016 996.85595703125 
668.06494140625 57.768283843994141 995.0087890625 
669.117919921875 56.8497314453125 993.0140380859375 
669.49285888671875 56.144439697265625 990.5447998046875 
669.141845703125 55.656394958496094 988.22344970703125 
668.97552490234375 54.801254272460938 986.21240234375 
668.1031494140625 53.318870544433594 984.4600830078125 
666.812255859375 51.923999786376953 983.0601806640625 
665.36529541015625 50.914119720458984 981.44610595703125 
663.70135498046875 50.443946838378906 979.601806640625 
662.01055908203125 50.354183197021484 977.68426513671875 
660.512451171875 50.429401397705078 975.53814697265625 
659.2147216796875 50.384204864501953 973.1002197265625 
656.65533447265625 49.720138549804688 972.79168701171875 
653.95587158203125 49.888504028320312 972.645263671875 
661.048583984375 61.592861175537109 1000.7333984375 
657.64068603515625 61.262653350830078 1001.1098022460938 
654.06829833984375 61.276298522949219 1001.1817626953125 
650.2872314453125 61.896068572998047 1000.8017578125 
646.34619140625 63.1171875 1000.0872802734375 
662.3719482421875 59.537067413330078 999.306396484375 
659.00262451171875 58.970752716064453 999.85223388671875 
655.5504150390625 58.891189575195312 999.95086669921875 
651.893798828125 58.997631072998047 999.88751220703125 
663.70294189453125 57.652698516845703 997.8427734375 
664.953857421875 56.249828338623047 996.06085205078125 
666.11761474609375 55.148502349853516 994.21649169921875 
667.27679443359375 54.662147521972656 992.29229736328125 
666.7313232421875 53.500080108642578 990.50555419921875 
666.44342041015625 52.841690063476562 988.5657958984375 
666.56561279296875 52.473903656005859 986.551513671875 
665.027587890625 51.028739929199219 985.484375 
663.82373046875 50.313777923583984 983.81488037109375 
662.3372802734375 49.916248321533203 981.80816650390625 
660.59356689453125 49.994007110595703 979.912109375 
659.01171875 49.817859649658203 977.89105224609375 
657.72576904296875 49.693332672119141 975.54705810546875 
655.1153564453125 49.58111572265625 975.29583740234375 
652.63238525390625 50.001129150390625 974.96636962890625 
660.3856201171875 56.946922302246094 998.42059326171875 
657.04644775390625 56.780067443847656 998.600830078125 
653.5799560546875 56.725616455078125 998.56658935546875 
661.74041748046875 55.245998382568359 996.73223876953125 
663.05902099609375 53.892288208007812 994.8736572265625 
664.47283935546875 53.01708984375 992.6903076171875 
658.48553466796875 55.013801574707031 996.91424560546875 
655.26702880859375 55.176158905029297 996.8309326171875 
659.899658203125 53.50067138671875 995.06585693359375 
661.4560546875 52.333076477050781 993.039794921875 
656.8466796875 53.809066772460938 994.92962646484375 
658.29150390625 52.401332855224609 993.065185546875 
663.383544921875 51.622249603271484 990.605712890625 
663.96820068359375 50.883289337158203 988.021240234375 
660.0203857421875 51.467891693115234 991.08154296875 
661.08160400390625 50.469013214111328 988.904541015625 
661.644775390625 49.919845581054688 986.34930419921875 
661.15667724609375 49.688991546630859 983.98760986328125 
659.3643798828125 49.807201385498047 982.19390869140625 
657.53936767578125 49.698703765869141 980.1993408203125 
656.06884765625 49.512477874755859 977.9515380859375 
653.2398681640625 49.700851440429688 977.5440673828125 
650.1505126953125 50.284900665283203 976.24176025390625 
647.2216796875 51.210243225097656 976.161865234375 
645.46685791015625 51.516849517822266 978.89019775390625 
648.36785888671875 50.433258056640625 978.9996337890625 
651.284423828125 49.860733032226562 979.27801513671875 
654.5008544921875 49.649265289306641 980.40460205078125 
656.62506103515625 49.835132598876953 982.7493896484375 
658.7359619140625 49.836700439453125 984.80169677734375 
658.5216064453125 50.292205810546875 987.201904296875 
658.27630615234375 50.921638488769531 989.25775146484375 
656.7930908203125 51.837764739990234 990.7943115234375 
655.41644287109375 52.820812225341797 992.82098388671875 
653.7764892578125 54.100746154785156 994.7578125 
651.88470458984375 55.277980804443359 996.46820068359375 
650.0244140625 57.110774993896484 998.0419921875 
648.2335205078125 59.908836364746094 999.01043701171875 
644.53369140625 61.316928863525391 997.91180419921875 
641.15228271484375 62.995353698730469 996.4327392578125 
640.75927734375 61.299236297607422 993.69635009765625 
640.71417236328125 60.027645111083984 990.98016357421875 
640.3121337890625 58.413536071777344 988.66729736328125 
640.693115234375 56.117546081542969 986.31793212890625 
641.5950927734375 53.840435028076172 983.95074462890625 
643.50555419921875 52.131782531738281 981.5472412109375 
646.5166015625 50.707622528076172 981.7852783203125 
649.48193359375 50.08966064453125 981.87384033203125 
652.2001953125 49.79779052734375 981.88653564453125 
654.0777587890625 49.910530090332031 983.68109130859375 
656.0640869140625 50.217941284179688 985.6572265625 
655.2755126953125 50.815826416015625 988.42742919921875 
653.70318603515625 51.699630737304688 990.77703857421875 
651.60736083984375 51.011608123779297 989.1668701171875 
653.061767578125 50.372509002685547 986.54901123046875 
651.07958984375 50.059555053710938 984.525146484375 
647.94573974609375 50.448371887207031 984.634033203125 
649.64044189453125 50.594505310058594 987.25030517578125 
644.68505859375 51.395767211914062 984.42901611328125 
643.20538330078125 52.912887573242188 986.601318359375 
642.0567626953125 55.046146392822266 988.4268798828125 
642.708251953125 56.246337890625 990.41363525390625 
643.4833984375 58.037521362304688 992.46624755859375 
646.3614501953125 51.301090240478516 987.22674560546875 
644.54583740234375 52.907867431640625 989.363037109375 
645.38397216796875 54.440261840820312 991.57208251953125 
647.90911865234375 51.8597412109375 989.94073486328125 
650.403076171875 52.243637084960938 991.54864501953125 
648.0391845703125 53.946807861328125 992.62841796875 
652.68634033203125 52.892189025878906 992.77825927734375 
650.71112060546875 54.121334075927734 993.93084716796875 
648.8656005859375 55.879253387451172 995.29632568359375 
646.08367919921875 56.673362731933594 993.87762451171875 
643.71075439453125 59.516845703125 995.26727294921875 
646.7481689453125 58.094982147216797 996.75994873046875 
655.07501220703125 121.37302398681641 1084.314453125 
652.36663818359375 120.77469635009766 1086.5006103515625 
655.9891357421875 121.10305786132812 1087.488525390625 
691.774169921875 109.91753387451172 1054.43212890625 
657.97344970703125 121.54387664794922 1085.3714599609375 
657.8585205078125 121.69869232177734 1082.27978515625 
660.07183837890625 121.91503143310547 1083.5789794921875 
660.98919677734375 121.89228820800781 1080.9073486328125 
662.20611572265625 122.06346893310547 1081.7750244140625 
664.163330078125 121.91394805908203 1079.5107421875 
665.12579345703125 121.88578796386719 1080.538330078125 
667.28948974609375 121.53029632568359 1077.8743896484375 
667.8951416015625 121.57334899902344 1078.95166015625 
691.0113525390625 111.20511627197266 1057.773681640625 
689.63421630859375 112.58042907714844 1061.1168212890625 
687.82794189453125 114.04144287109375 1064.2965087890625 
685.326416015625 115.44756317138672 1067.192138671875 
682.44708251953125 116.84552764892578 1069.576416015625 
679.53125 118.31208038330078 1071.89306640625 
676.57293701171875 119.61757659912109 1074.1109619140625 
673.74658203125 120.38516235351562 1075.9090576171875 
670.69854736328125 121.11785125732422 1077.2694091796875 
651.29327392578125 120.25702667236328 1088.437744140625 
634.271240234375 70.814094543457031 990.459228515625 
647.85040283203125 60.27294921875 963.24871826171875 
647.1016845703125 59.246376037597656 965.89654541015625 
646.1156005859375 58.322853088378906 968.45135498046875 
644.4801025390625 57.795639038085938 970.8863525390625 
642.63409423828125 57.725944519042969 973.0257568359375 
640.9268798828125 58.269805908203125 975.25616455078125 
638.96710205078125 59.943752288818359 977.45672607421875 
633.21063232421875 73.392356872558594 988.34417724609375 
645.55340576171875 62.164634704589844 963.581298828125 
643.03826904296875 63.78668212890625 964.146240234375 
634.78875732421875 68.709182739257812 988.23297119140625 
632.42181396484375 74.897163391113281 986.14599609375 
631.7110595703125 75.073623657226562 984.2344970703125 
631.083984375 74.780853271484375 982.14556884765625 
630.58367919921875 74.492462158203125 979.92681884765625 
631.306396484375 73.054962158203125 977.4840087890625 
632.22119140625 71.764244079589844 974.9239501953125 
633.24334716796875 70.876724243164062 972.22662353515625 
634.17156982421875 70.251564025878906 969.655029296875 
635.017822265625 69.588760375976562 967.39093017578125 
636.0235595703125 69.005943298339844 965.537841796875 
638.2208251953125 67.499290466308594 964.90484619140625 
640.5648193359375 65.576271057128906 964.596435546875 
634.850830078125 66.730125427246094 985.5640869140625 
636.5654296875 62.634990692138672 979.7421875 
635.04534912109375 65.244949340820312 982.63916015625 
633.800537109375 71.137451171875 986.5330810546875 
633.49017333984375 70.618255615234375 984.3585205078125 
632.9444580078125 70.738479614257812 982.2271728515625 
632.269287109375 71.643447875976562 979.871826171875 
634.07635498046875 67.159980773925781 980.07073974609375 
633.130126953125 69.660377502441406 977.4365234375 
634.96533203125 65.824562072753906 977.390625 
637.06903076171875 62.917926788330078 976.5980224609375 
634.04449462890625 68.702438354492188 974.77972412109375 
635.767822265625 65.756080627441406 974.474853515625 
635.1328125 68.28839111328125 972.0185546875 
644.6497802734375 61.110393524169922 966.1168212890625 
643.9022216796875 60.017433166503906 968.48431396484375 
642.37823486328125 60.211990356445312 970.23309326171875 
642.10272216796875 62.749317169189453 967.00146484375 
640.86773681640625 60.328655242919922 972.46124267578125 
639.22564697265625 61.042221069335938 974.68695068359375 
637.58154296875 63.474014282226562 973.88134765625 
639.00140380859375 62.822067260742188 971.81884765625 
640.5054931640625 62.580471038818359 969.5321044921875 
639.77777099609375 65.116424560546875 967.089111328125 
636.983154296875 65.594924926757812 971.722412109375 
636.366943359375 67.999404907226562 969.48663330078125 
637.5709228515625 67.556907653808594 967.2926025390625 
638.4222412109375 65.17584228515625 969.44537353515625 
619.8824462890625 96.244033813476562 1103.5247802734375 
621.734130859375 98.36822509765625 1103.6700439453125 
623.62017822265625 100.37403869628906 1104.082275390625 
625.64093017578125 102.31325531005859 1103.9429931640625 
627.82147216796875 104.16101837158203 1103.42236328125 
630.08154296875 105.84941864013672 1103.3792724609375 
681.264892578125 93.6973876953125 1020.7974243164062 
634.91033935546875 80.144683837890625 996.00244140625 
635.95599365234375 81.021339416503906 997.08441162109375 
676.417724609375 93.086151123046875 1019.2527465820312 
680.259033203125 92.831954956054688 1017.8746948242188 
673.954345703125 89.831214904785156 1008.7080688476562 
671.55999755859375 90.42559814453125 1008.8682861328125 
674.028076171875 90.787918090820312 1010.8585815429688 
671.5462646484375 91.048759460449219 1011.2621459960938 
677.83258056640625 90.496467590332031 1011.9284057617188 
679.12908935546875 91.761795043945312 1014.9241943359375 
674.8389892578125 91.487251281738281 1013.3432006835938 
675.57513427734375 92.320945739746094 1016.3359985351562 
667.869384765625 91.421524047851562 1016.6658935546875 
672.00567626953125 92.226638793945312 1017.8695678710938 
638.986083984375 81.620368957519531 998.8599853515625 
641.5863037109375 83.199783325195312 1000.409423828125 
644.2525634765625 85.238975524902344 1001.6787719726562 
646.96630859375 87.356147766113281 1002.89404296875 
649.4765625 89.216575622558594 1003.7796020507812 
652.060791015625 90.415725708007812 1005.1801147460938 
654.8548583984375 90.863304138183594 1006.7779541015625 
657.8045654296875 91.013374328613281 1008.28759765625 
660.37322998046875 91.14996337890625 1007.0955810546875 
660.97015380859375 90.949874877929688 1009.7462158203125 
663.77099609375 91.215774536132812 1008.4876708984375 
664.17401123046875 90.851921081542969 1011.6049194335938 
667.29931640625 91.069252014160156 1010.5110473632812 
665.85919189453125 90.947059631347656 1014.2390747070312 
670.61712646484375 91.489707946777344 1014.4131469726562 
636.1424560546875 82.172889709472656 998.8135986328125 
638.88824462890625 83.752349853515625 999.99993896484375 
641.6224365234375 85.465606689453125 1001.4259033203125 
644.63580322265625 87.047943115234375 1002.8870849609375 
640.6790771484375 44.604114532470703 934.67584228515625 
640.401123046875 45.668025970458984 937.8358154296875 
640.5601806640625 46.378704071044922 941.0811767578125 
641.01708984375 46.755817413330078 944.30426025390625 
641.892578125 46.294467926025391 947.4820556640625 
643.06097412109375 46.637489318847656 950.37939453125 
644.53338623046875 46.737247467041016 953.20721435546875 
646.310302734375 46.727016448974609 955.87603759765625 
648.42108154296875 46.567142486572266 958.29852294921875 
650.669677734375 45.909854888916016 960.466796875 
653.112060546875 45.581356048583984 962.31378173828125 
655.77716064453125 45.991744995117188 963.79437255859375 
658.529052734375 46.413257598876953 965.038330078125 
661.462646484375 46.69818115234375 965.974609375 
664.39422607421875 47.594711303710938 966.8851318359375 
667.3677978515625 48.485679626464844 967.87255859375 
669.96307373046875 48.035465240478516 968.46734619140625 
672.03448486328125 46.729366302490234 969.008544921875 
674.1444091796875 45.403640747070312 969.5816650390625 
676.484619140625 48.515026092529297 969.383056640625 
675.39044189453125 51.074169158935547 969.6533203125 
674.47747802734375 53.488075256347656 970.52557373046875 
673.738037109375 55.246017456054688 972.27142333984375 
664.80389404296875 49.307598114013672 967.72412109375 
662.9072265625 48.512809753417969 966.5499267578125 
672.6685791015625 54.122238159179688 971.28607177734375 
672.92822265625 49.712001800537109 968.7109375 
669.76190185546875 50.420139312744141 968.8836669921875 
672.23321533203125 52.387561798095703 969.79071044921875 
690.61968994140625 99.693397521972656 1043.779052734375 
695.26715087890625 108.08303070068359 1056.1533203125 
695.81683349609375 107.44452667236328 1058.3128662109375 
690.54473876953125 101.79006195068359 1044.91650390625 
696.0718994140625 106.64488220214844 1054.99658203125 
695.86456298828125 105.74520111083984 1053.1075439453125 
693.5660400390625 106.07680511474609 1050.603515625 
690.8033447265625 105.77766418457031 1048.240966796875 
690.6307373046875 103.94255828857422 1046.510498046875 
635.61993408203125 101.18655395507812 1105.401611328125 
625.3331298828125 90.668968200683594 1107.3779296875 
627.11090087890625 91.107780456542969 1105.8179931640625 
628.6524658203125 92.740707397460938 1105.429931640625 
630.309814453125 94.854637145996094 1105.46044921875 
633.87322998046875 99.420059204101562 1105.6348876953125 
632.00469970703125 97.192962646484375 1105.6739501953125 
626.880615234375 92.971992492675781 1107.5909423828125 
628.39288330078125 94.734748840332031 1107.390625 
691.57171630859375 107.12012481689453 1050.14697265625 
692.2376708984375 108.40029907226562 1052.0528564453125 
693.309814453125 109.14568328857422 1054.38427734375 
692.87890625 110.43157958984375 1057.263671875 
694.813720703125 108.97055053710938 1058.759765625 
691.50079345703125 111.79978942871094 1060.3856201171875 
679.87762451171875 118.19599151611328 1073.11328125 
682.6610107421875 116.96615600585938 1071.0726318359375 
685.3101806640625 115.65210723876953 1068.815673828125 
687.8447265625 114.29998779296875 1066.4072265625 
689.77081298828125 113.08757781982422 1063.4420166015625 
676.29107666015625 79.0859375 1002.634033203125 
676.24884033203125 88.158355712890625 1007.8629150390625 
676.54638671875 81.214210510253906 1004.0878295898438 
677.180419921875 83.441810607910156 1005.6973876953125 
684.1591796875 91.603897094726562 1022.4639282226562 
683.77301025390625 91.134559631347656 1020.063232421875 
679.24017333984375 84.646697998046875 1008.70556640625 
677.20904541015625 85.8795166015625 1006.8695068359375 
679.931884765625 87.139518737792969 1010.6412963867188 
682.91845703125 90.374595642089844 1017.1728515625 
681.7154541015625 89.116287231445312 1014.1654052734375 
669.09490966796875 90.627593994140625 1008.390869140625 
666.41424560546875 90.980995178222656 1008.3529052734375 
3 0 1 2 
3 3 4 5 
3 3 5 6 
3 0 2 7 
3 8 0 7 
3 9 3 6 
3 9 6 10 
3 11 9 10 
3 11 10 12 
3 13 11 12 
3 13 12 14 
3 13 14 15 
3 16 13 15 
3 16 15 17 
3 18 16 17 
3 18 17 19 
3 20 18 19 
3 20 19 21 
3 22 20 21 
3 22 21 23 
3 24 22 23 
3 25 24 23 
3 25 23 26 
3 27 25 26 
3 27 26 28 
3 27 28 29 
3 30 27 29 
3 31 30 29 
3 32 30 31 
3 33 32 31 
3 33 31 34 
3 35 33 34 
3 35 34 36 
3 37 35 36 
3 37 36 38 
3 39 37 38 
3 39 38 40 
3 41 39 40 
3 41 40 42 
3 43 41 42 
3 43 42 44 
3 8 7 45 
3 45 7 46 
3 47 8 45 
3 45 46 48 
3 49 43 50 
3 50 43 44 
3 50 44 51 
3 52 49 53 
3 53 49 50 
3 54 52 55 
3 55 52 53 
3 47 45 56 
3 56 45 48 
3 57 47 56 
3 56 48 58 
3 58 48 59 
3 58 59 60 
3 60 59 61 
3 62 54 63 
3 63 54 55 
3 64 62 65 
3 65 62 63 
3 66 64 67 
3 67 64 65 
3 53 50 51 
3 53 51 68 
3 55 53 68 
3 55 68 69 
3 63 55 69 
3 63 69 70 
3 65 63 70 
3 65 70 71 
3 60 61 72 
3 72 61 73 
3 72 73 74 
3 74 73 75 
3 74 75 76 
3 76 75 77 
3 76 77 78 
3 78 77 79 
3 78 79 80 
3 80 79 81 
3 67 65 71 
3 67 71 82 
3 83 84 85 
3 85 84 66 
3 85 66 67 
3 86 83 87 
3 87 83 85 
3 88 86 89 
3 89 86 87 
3 90 88 91 
3 91 88 89 
3 92 90 93 
3 93 90 91 
3 85 67 82 
3 87 85 82 
3 87 82 94 
3 89 87 94 
3 89 94 95 
3 91 89 95 
3 91 95 96 
3 93 91 96 
3 93 96 97 
3 97 96 98 
3 92 93 97 
3 99 92 100 
3 100 92 97 
3 101 99 102 
3 102 99 100 
3 103 101 102 
3 100 97 98 
3 100 98 104 
3 102 100 104 
3 102 104 105 
3 103 102 106 
3 106 102 105 
3 107 103 106 
3 106 105 108 
3 107 106 109 
3 109 106 108 
3 109 108 110 
3 111 107 109 
3 111 109 112 
3 112 109 110 
3 112 110 113 
3 114 111 112 
3 114 112 113 
3 114 113 115 
3 116 114 115 
3 116 115 117 
3 118 116 117 
3 118 117 119 
3 81 118 119 
3 80 81 119 
3 80 119 120 
3 78 80 120 
3 78 120 121 
3 122 78 121 
3 122 121 123 
3 122 123 124 
3 125 122 124 
3 74 76 125 
3 125 124 126 
3 72 74 125 
3 72 125 126 
3 72 126 127 
3 60 72 127 
3 60 127 57 
3 56 58 57 
3 57 58 60 
3 125 76 122 
3 78 122 76 
3 128 129 130 
3 131 132 133 
3 134 128 130 
3 134 130 135 
3 136 134 135 
3 136 135 137 
3 138 136 137 
3 138 137 139 
3 140 138 139 
3 140 139 141 
3 140 141 133 
3 133 141 131 
3 142 143 144 
3 145 116 118 
3 146 142 144 
3 146 144 147 
3 148 146 147 
3 148 147 149 
3 150 148 149 
3 150 149 151 
3 152 150 151 
3 152 151 153 
3 154 152 153 
3 154 153 155 
3 156 154 155 
3 156 155 157 
3 158 156 157 
3 158 157 159 
3 160 158 159 
3 160 159 161 
3 162 160 161 
3 162 161 163 
3 164 162 163 
3 164 163 165 
3 166 164 165 
3 166 165 167 
3 166 167 168 
3 169 166 168 
3 169 168 170 
3 170 168 171 
3 172 169 170 
3 173 172 174 
3 174 172 170 
3 175 145 176 
3 176 145 118 
3 176 118 81 
3 176 81 79 
3 175 176 177 
3 177 176 79 
3 178 175 177 
3 177 79 179 
3 179 79 77 
3 178 177 179 
3 180 178 179 
3 179 77 181 
3 181 77 75 
3 181 75 182 
3 182 75 73 
3 182 73 183 
3 183 73 61 
3 183 61 184 
3 184 61 59 
3 185 173 186 
3 186 173 174 
3 174 170 171 
3 174 171 187 
3 186 174 187 
3 186 187 188 
3 184 59 189 
3 189 59 48 
3 189 48 190 
3 190 48 46 
3 180 179 181 
3 191 180 181 
3 191 181 182 
3 192 191 182 
3 192 182 183 
3 193 192 183 
3 193 183 184 
3 193 184 189 
3 194 193 189 
3 194 189 190 
3 195 194 190 
3 185 186 196 
3 196 186 188 
3 197 185 196 
3 196 188 198 
3 197 196 198 
3 197 198 199 
3 200 197 199 
3 201 200 199 
3 201 199 202 
3 203 201 202 
3 203 202 204 
3 205 203 204 
3 205 204 132 
3 131 205 132 
3 206 205 131 
3 206 131 141 
3 207 206 141 
3 208 207 141 
3 208 141 139 
3 208 139 137 
3 209 208 137 
3 209 137 210 
3 211 209 210 
3 211 210 212 
3 213 211 212 
3 213 212 214 
3 215 213 214 
3 215 214 216 
3 217 215 216 
3 217 216 218 
3 219 217 218 
3 219 218 220 
3 221 219 220 
3 221 220 222 
3 223 221 222 
3 223 222 224 
3 224 222 225 
3 226 223 224 
3 224 225 227 
3 227 225 228 
3 227 228 229 
3 229 228 230 
3 229 230 231 
3 231 230 232 
3 231 232 233 
3 233 232 234 
3 233 234 235 
3 235 234 236 
3 235 236 237 
3 237 236 195 
3 195 190 46 
3 237 195 46 
3 237 46 7 
3 237 7 238 
3 238 7 2 
3 238 2 239 
3 239 2 1 
3 239 1 240 
3 235 237 238 
3 226 224 227 
3 241 226 227 
3 241 227 229 
3 242 241 229 
3 242 229 231 
3 240 242 231 
3 240 231 233 
3 239 240 233 
3 233 235 239 
3 239 235 238 
3 243 225 222 
3 210 137 135 
3 210 135 130 
3 212 210 130 
3 214 212 130 
3 214 130 129 
3 214 129 244 
3 216 214 244 
3 218 216 244 
3 218 244 245 
3 218 245 246 
3 220 218 246 
3 220 246 222 
3 222 246 243 
3 247 248 249 
3 250 251 252 
3 247 249 253 
3 253 249 254 
3 255 247 253 
3 253 254 256 
3 256 254 257 
3 258 250 259 
3 259 250 252 
3 259 252 260 
3 261 258 262 
3 262 258 259 
3 256 257 263 
3 263 257 264 
3 256 263 265 
3 265 255 256 
3 256 255 253 
3 266 263 264 
3 266 264 267 
3 268 266 267 
3 268 267 269 
3 270 268 269 
3 270 269 271 
3 271 269 272 
3 273 270 271 
3 274 273 275 
3 275 273 271 
3 276 261 277 
3 277 261 262 
3 275 271 278 
3 278 271 272 
3 278 272 279 
3 278 279 280 
3 280 279 281 
3 280 281 282 
3 282 281 283 
3 262 259 260 
3 262 260 284 
3 282 283 285 
3 285 283 286 
3 277 262 284 
3 277 284 287 
3 288 274 289 
3 289 274 275 
3 290 288 289 
3 277 287 291 
3 291 287 292 
3 291 292 293 
3 276 277 294 
3 294 277 291 
3 295 276 294 
3 285 286 296 
3 296 286 295 
3 296 295 294 
3 297 290 298 
3 298 290 289 
3 291 293 299 
3 299 293 300 
3 299 300 301 
3 301 300 297 
3 301 297 298 
3 296 294 291 
3 296 291 299 
3 285 296 299 
3 285 299 301 
3 285 301 282 
3 282 301 298 
3 280 282 298 
3 280 298 289 
3 289 275 280 
3 280 275 278 
3 302 303 304 
3 305 306 307 
3 308 304 309 
3 308 302 304 
3 310 308 309 
3 310 309 311 
3 312 310 311 
3 312 311 313 
3 314 312 313 
3 314 313 315 
3 316 314 315 
3 316 315 317 
3 318 316 317 
3 318 317 319 
3 320 318 319 
3 320 319 321 
3 322 320 321 
3 322 321 323 
3 324 322 323 
3 324 323 325 
3 326 324 325 
3 326 325 327 
3 328 326 327 
3 328 327 329 
3 330 329 331 
3 330 328 329 
3 332 330 331 
3 332 331 333 
3 334 332 333 
3 334 333 335 
3 336 334 335 
3 336 335 337 
3 338 336 337 
3 339 337 340 
3 339 338 337 
3 341 339 340 
3 341 340 342 
3 343 341 342 
3 343 342 344 
3 345 343 344 
3 345 344 346 
3 347 345 346 
3 347 346 348 
3 349 305 350 
3 350 305 307 
3 350 307 347 
3 349 350 348 
3 348 350 347 
3 351 352 353 
3 354 351 353 
3 355 349 348 
3 354 353 356 
3 357 354 356 
3 357 356 358 
3 359 357 358 
3 359 358 360 
3 361 359 360 
3 361 360 362 
3 363 361 362 
3 363 362 364 
3 365 363 364 
3 365 364 366 
3 304 365 366 
3 304 366 367 
3 309 304 367 
3 309 367 368 
3 311 309 368 
3 311 368 369 
3 313 311 369 
3 313 369 370 
3 315 313 370 
3 315 370 371 
3 317 315 371 
3 317 371 372 
3 319 317 372 
3 319 372 373 
3 321 319 373 
3 321 373 374 
3 323 321 374 
3 323 374 375 
3 325 323 375 
3 325 375 376 
3 327 325 376 
3 327 376 377 
3 329 327 377 
3 378 379 380 
3 329 377 381 
3 382 329 381 
3 382 381 383 
3 384 382 383 
3 384 383 385 
3 386 384 385 
3 386 385 387 
3 380 355 348 
3 380 348 346 
3 378 380 346 
3 388 378 346 
3 388 346 344 
3 389 388 344 
3 389 344 342 
3 390 389 342 
3 390 342 340 
3 391 390 340 
3 391 340 337 
3 337 386 387 
3 391 337 387 
3 392 393 394 
3 392 394 395 
3 396 392 395 
3 396 395 397 
3 398 396 397 
3 398 397 399 
3 400 401 402 
3 403 400 402 
3 403 402 404 
3 405 403 404 
3 405 404 406 
3 398 399 406 
3 406 399 405 
3 407 408 409 
3 410 411 412 
3 407 409 413 
3 414 407 413 
3 414 413 415 
3 416 414 415 
3 416 415 417 
3 418 416 417 
3 419 418 417 
3 419 417 420 
3 421 419 420 
3 421 420 422 
3 423 421 422 
3 423 422 424 
3 425 423 424 
3 425 424 426 
3 425 426 427 
3 428 425 427 
3 428 427 429 
3 430 428 429 
3 430 429 431 
3 432 430 431 
3 432 431 433 
3 434 432 433 
3 434 433 435 
3 436 434 435 
3 436 435 437 
3 438 436 437 
3 438 437 439 
3 440 438 439 
3 440 439 441 
3 442 440 441 
3 442 441 443 
3 444 442 443 
3 444 443 445 
3 446 444 445 
3 446 445 412 
3 412 445 410 
3 447 448 449 
3 444 446 450 
3 447 449 451 
3 452 447 451 
3 452 451 453 
3 454 452 453 
3 454 453 455 
3 456 454 455 
3 456 455 408 
3 457 456 408 
3 457 408 407 
3 401 457 407 
3 402 401 407 
3 414 402 407 
3 404 402 414 
3 404 414 416 
3 406 404 416 
3 406 416 418 
3 398 406 418 
3 444 450 458 
3 458 450 459 
3 442 444 458 
3 458 459 460 
3 460 459 461 
3 460 461 462 
3 462 461 463 
3 398 418 464 
3 464 418 419 
3 396 398 464 
3 462 463 465 
3 465 463 466 
3 465 466 467 
3 464 419 468 
3 468 419 421 
3 468 421 469 
3 469 421 423 
3 469 423 470 
3 470 423 425 
3 470 425 471 
3 471 425 428 
3 471 428 472 
3 472 428 430 
3 396 464 473 
3 473 464 468 
3 392 396 473 
3 472 430 474 
3 474 430 432 
3 442 458 460 
3 440 442 460 
3 465 467 475 
3 475 467 476 
3 474 432 477 
3 477 432 434 
3 475 476 478 
3 478 476 479 
3 477 434 478 
3 477 478 479 
3 477 479 480 
3 474 477 480 
3 474 480 481 
3 393 392 482 
3 482 392 473 
3 483 393 482 
3 484 483 485 
3 485 483 482 
3 481 484 486 
3 486 484 485 
3 472 474 481 
3 472 481 486 
3 478 434 436 
3 475 478 436 
3 475 436 438 
3 465 475 487 
3 487 475 438 
3 487 438 440 
3 440 460 462 
3 471 472 486 
3 440 462 487 
3 487 462 465 
3 471 486 485 
3 470 471 485 
3 470 485 482 
3 469 470 482 
3 482 473 469 
3 469 473 468 
3 488 489 490 
3 491 492 493 
3 493 492 494 
3 493 494 495 
3 496 497 498 
3 498 497 499 
3 493 495 500 
3 500 495 501 
3 502 503 504 
3 504 503 505 
3 488 490 506 
3 506 490 496 
3 506 496 498 
3 507 488 506 
3 5 4 508 
3 508 4 509 
3 504 505 510 
3 510 505 511 
3 510 511 512 
3 512 511 6 
3 512 6 513 
3 513 6 5 
3 513 5 508 
3 498 499 514 
3 514 499 515 
3 500 501 516 
3 516 501 517 
3 514 515 518 
3 518 515 519 
3 518 519 520 
3 520 519 521 
3 520 521 522 
3 522 521 523 
3 522 523 524 
3 524 523 525 
3 524 525 526 
3 526 525 527 
3 526 527 528 
3 528 527 529 
3 528 529 530 
3 530 529 531 
3 530 531 532 
3 532 531 533 
3 532 533 534 
3 534 533 535 
3 534 535 536 
3 536 535 537 
3 536 537 538 
3 538 537 539 
3 538 539 540 
3 540 539 541 
3 540 541 542 
3 542 541 543 
3 542 543 544 
3 544 543 545 
3 508 509 546 
3 546 509 547 
3 548 549 550 
3 550 549 551 
3 552 548 553 
3 553 548 550 
3 516 517 554 
3 554 517 555 
3 554 555 556 
3 556 555 557 
3 556 557 558 
3 558 557 559 
3 558 559 560 
3 560 559 561 
3 560 561 562 
3 562 561 563 
3 562 563 564 
3 564 563 565 
3 564 565 566 
3 566 565 567 
3 566 567 568 
3 568 567 569 
3 568 569 570 
3 570 569 571 
3 570 571 572 
3 572 571 573 
3 572 573 574 
3 572 574 575 
3 575 574 576 
3 575 576 577 
3 577 576 578 
3 577 578 579 
3 579 578 580 
3 579 580 581 
3 579 581 582 
3 582 581 583 
3 582 583 584 
3 584 583 585 
3 584 585 586 
3 586 585 587 
3 586 587 588 
3 588 587 589 
3 588 589 590 
3 590 589 591 
3 590 591 592 
3 592 591 593 
3 592 593 594 
3 594 593 595 
3 594 595 596 
3 596 595 597 
3 506 498 598 
3 598 498 514 
3 507 506 598 
3 597 507 599 
3 599 507 598 
3 596 597 599 
3 544 545 600 
3 600 545 601 
3 600 601 602 
3 602 601 603 
3 602 603 604 
3 604 603 605 
3 604 605 606 
3 606 605 607 
3 606 607 608 
3 608 607 609 
3 608 609 610 
3 610 609 611 
3 610 611 612 
3 612 611 613 
3 612 613 614 
3 614 613 615 
3 614 615 616 
3 616 615 617 
3 616 617 618 
3 618 617 619 
3 618 619 620 
3 618 620 621 
3 621 620 502 
3 621 502 504 
3 546 547 622 
3 622 547 623 
3 622 623 624 
3 624 623 625 
3 624 625 626 
3 626 625 627 
3 628 552 629 
3 629 552 553 
3 630 628 631 
3 631 628 629 
3 627 630 632 
3 626 627 632 
3 632 630 633 
3 633 630 631 
3 491 493 634 
3 551 491 635 
3 635 491 634 
3 550 551 635 
3 634 493 500 
3 599 598 636 
3 636 598 514 
3 636 514 518 
3 596 599 636 
3 596 636 637 
3 637 636 518 
3 637 518 520 
3 621 504 638 
3 639 504 510 
3 639 510 640 
3 640 510 512 
3 640 512 641 
3 641 512 513 
3 641 513 642 
3 642 513 508 
3 642 508 546 
3 594 596 643 
3 643 596 637 
3 643 637 644 
3 644 637 520 
3 644 520 522 
3 634 500 645 
3 645 500 516 
3 635 634 646 
3 646 634 645 
3 645 516 647 
3 647 516 554 
3 647 554 648 
3 648 554 556 
3 648 556 649 
3 649 556 558 
3 592 594 650 
3 650 594 643 
3 590 592 651 
3 651 592 650 
3 588 590 652 
3 652 590 651 
3 586 588 653 
3 653 588 652 
3 584 586 653 
3 650 643 654 
3 654 643 644 
3 654 644 655 
3 644 522 655 
3 655 522 524 
3 655 524 656 
3 656 524 526 
3 651 650 657 
3 657 650 654 
3 657 654 658 
3 658 654 655 
3 658 655 656 
3 652 651 659 
3 659 651 657 
3 653 652 660 
3 660 652 659 
3 659 657 661 
3 661 657 658 
3 660 659 662 
3 662 659 661 
3 584 653 663 
3 663 653 660 
3 582 584 663 
3 663 660 664 
3 664 660 662 
3 661 658 665 
3 665 658 656 
3 662 661 666 
3 666 661 665 
3 664 662 667 
3 667 662 666 
3 649 558 668 
3 668 558 560 
3 646 645 669 
3 669 645 647 
3 656 526 670 
3 670 526 528 
3 665 656 670 
3 616 618 671 
3 671 618 621 
3 614 616 672 
3 672 616 671 
3 612 614 672 
3 671 621 638 
3 638 504 639 
3 672 671 673 
3 673 671 638 
3 610 612 674 
3 674 612 672 
3 674 672 673 
3 670 528 675 
3 675 528 530 
3 665 670 676 
3 676 670 675 
3 666 665 676 
3 667 666 677 
3 677 666 676 
3 668 560 678 
3 678 560 562 
3 678 562 679 
3 679 562 564 
3 679 564 680 
3 680 564 566 
3 680 566 681 
3 681 566 568 
3 681 568 682 
3 682 568 570 
3 682 570 683 
3 683 570 572 
3 683 572 575 
3 608 610 684 
3 685 610 674 
3 606 608 686 
3 686 608 684 
3 604 606 687 
3 687 606 686 
3 602 604 688 
3 688 604 687 
3 600 602 689 
3 675 530 690 
3 690 530 532 
3 690 532 691 
3 691 532 534 
3 691 534 692 
3 692 534 536 
3 692 536 693 
3 693 536 538 
3 693 538 694 
3 694 538 540 
3 694 540 695 
3 695 540 542 
3 695 542 696 
3 696 542 544 
3 676 675 697 
3 697 675 690 
3 677 676 698 
3 698 676 697 
3 696 544 699 
3 699 544 600 
3 699 600 689 
3 689 602 688 
3 642 546 700 
3 700 546 622 
3 641 642 701 
3 701 642 700 
3 640 641 702 
3 702 641 701 
3 639 640 702 
3 638 639 703 
3 703 639 702 
3 673 638 703 
3 697 690 704 
3 704 690 691 
3 698 697 705 
3 705 697 704 
3 677 698 706 
3 706 698 705 
3 667 677 707 
3 707 677 706 
3 664 667 708 
3 708 667 707 
3 663 664 709 
3 709 664 708 
3 582 663 710 
3 579 582 710 
3 710 663 709 
3 577 579 711 
3 711 579 710 
3 711 710 712 
3 712 710 709 
3 712 709 713 
3 713 709 708 
3 713 708 714 
3 714 708 707 
3 714 707 715 
3 715 707 706 
3 716 711 717 
3 716 577 711 
3 717 711 712 
3 683 716 718 
3 718 716 717 
3 717 713 719 
3 717 712 713 
3 719 713 714 
3 718 717 719 
3 719 714 720 
3 720 714 715 
3 718 719 721 
3 721 719 720 
3 683 718 722 
3 682 683 722 
3 722 718 721 
3 681 682 723 
3 723 682 722 
3 680 681 724 
3 724 681 723 
3 723 722 725 
3 725 722 721 
3 724 723 726 
3 726 723 725 
3 725 721 727 
3 727 721 720 
3 726 725 728 
3 728 725 727 
3 715 706 729 
3 729 706 705 
3 720 715 730 
3 730 715 729 
3 727 720 730 
3 704 691 731 
3 731 691 692 
3 731 692 732 
3 732 692 693 
3 732 693 733 
3 733 693 694 
3 733 694 734 
3 734 694 695 
3 734 695 735 
3 735 695 696 
3 735 696 736 
3 736 696 699 
3 736 699 737 
3 737 699 689 
3 550 635 738 
3 553 550 738 
3 738 635 646 
3 738 646 739 
3 739 646 669 
3 629 553 740 
3 740 553 738 
3 740 738 741 
3 741 738 739 
3 631 629 742 
3 742 629 740 
3 633 631 743 
3 743 631 742 
3 742 740 744 
3 744 740 741 
3 743 742 745 
3 745 742 744 
3 674 673 746 
3 746 673 703 
3 685 674 746 
3 746 703 747 
3 747 703 702 
3 747 702 701 
3 747 701 748 
3 748 701 700 
3 746 747 749 
3 749 747 748 
3 685 746 750 
3 750 746 749 
3 686 684 751 
3 752 684 685 
3 748 700 753 
3 753 700 754 
3 700 622 754 
3 754 622 624 
3 754 624 755 
3 755 624 626 
3 755 626 756 
3 749 748 757 
3 757 748 753 
3 750 749 757 
3 752 750 758 
3 758 750 757 
3 731 732 759 
3 759 732 733 
3 759 733 760 
3 760 733 734 
3 760 734 761 
3 761 734 735 
3 761 735 762 
3 762 735 736 
3 762 736 763 
3 763 736 737 
3 679 680 764 
3 764 680 724 
3 764 724 726 
3 764 726 765 
3 765 726 728 
3 678 679 766 
3 766 679 764 
3 766 764 767 
3 767 764 765 
3 668 678 768 
3 768 678 766 
3 649 668 769 
3 769 668 768 
3 648 649 770 
3 770 649 769 
3 647 648 771 
3 771 648 770 
3 669 647 771 
3 739 669 772 
3 772 669 771 
3 741 739 773 
3 773 739 772 
3 744 741 773 
3 768 766 774 
3 774 766 767 
3 769 768 775 
3 775 768 774 
3 770 769 776 
3 776 769 775 
3 771 770 777 
3 777 770 776 
3 772 771 777 
3 773 772 778 
3 778 772 777 
3 744 773 779 
3 779 773 778 
3 745 744 780 
3 780 744 779 
3 705 704 781 
3 781 704 731 
3 729 705 781 
3 781 731 782 
3 782 731 759 
3 730 729 783 
3 783 729 781 
3 727 730 784 
3 784 730 783 
3 728 727 785 
3 785 727 784 
3 765 728 786 
3 786 728 785 
3 783 781 787 
3 787 781 782 
3 784 783 788 
3 788 783 787 
3 785 784 788 
3 786 785 789 
3 789 785 788 
3 789 788 790 
3 790 788 787 
3 790 787 791 
3 791 787 782 
3 791 782 792 
3 792 782 759 
3 792 759 760 
3 767 765 793 
3 793 765 786 
3 793 786 794 
3 794 786 789 
3 794 789 790 
3 774 767 795 
3 795 767 793 
3 795 793 796 
3 796 793 794 
3 796 794 797 
3 797 794 790 
3 797 790 798 
3 798 790 791 
3 798 791 792 
3 798 792 799 
3 799 792 760 
3 799 760 761 
3 797 798 800 
3 800 798 799 
3 800 799 801 
3 801 799 761 
3 801 761 802 
3 802 761 762 
3 802 762 803 
3 803 762 763 
3 796 797 804 
3 804 797 800 
3 804 800 805 
3 805 800 801 
3 805 801 806 
3 806 801 802 
3 806 802 803 
3 795 796 807 
3 807 796 804 
3 774 795 808 
3 775 774 808 
3 808 795 807 
3 807 804 809 
3 809 804 805 
3 808 807 810 
3 810 807 809 
3 809 805 811 
3 811 805 806 
3 811 806 812 
3 812 806 803 
3 810 809 813 
3 813 809 811 
3 812 803 814 
3 814 803 763 
3 814 763 815 
3 815 763 737 
3 815 737 816 
3 816 737 689 
3 816 689 688 
3 816 688 817 
3 817 688 687 
3 817 687 818 
3 818 687 686 
3 818 686 751 
3 751 684 752 
3 751 752 819 
3 819 752 758 
3 818 751 820 
3 820 751 819 
3 817 818 821 
3 821 818 820 
3 816 817 822 
3 815 816 822 
3 822 817 821 
3 814 815 823 
3 823 815 822 
3 819 758 824 
3 824 758 825 
3 758 757 825 
3 825 757 753 
3 825 753 826 
3 826 753 754 
3 826 754 755 
3 820 819 827 
3 827 819 824 
3 827 824 828 
3 828 824 825 
3 828 825 826 
3 828 826 829 
3 829 826 755 
3 756 626 632 
3 829 755 756 
3 756 632 830 
3 830 632 633 
3 830 633 743 
3 830 743 831 
3 831 743 745 
3 831 745 832 
3 832 745 780 
3 756 830 833 
3 833 830 831 
3 833 831 834 
3 834 831 832 
3 829 756 835 
3 835 756 833 
3 828 829 836 
3 836 829 835 
3 827 828 836 
3 820 827 837 
3 837 827 836 
3 821 820 837 
3 822 821 838 
3 838 821 837 
3 823 822 839 
3 839 822 838 
3 835 833 840 
3 840 833 834 
3 836 835 841 
3 837 836 841 
3 841 835 840 
3 838 837 841 
3 839 838 842 
3 838 841 842 
3 842 841 840 
3 842 840 843 
3 843 840 834 
3 843 834 844 
3 844 834 832 
3 844 832 845 
3 845 832 780 
3 845 780 779 
3 823 839 846 
3 846 839 847 
3 814 823 848 
3 848 823 846 
3 812 814 848 
3 811 812 849 
3 849 812 848 
3 813 811 849 
3 845 779 850 
3 850 779 778 
3 850 778 851 
3 778 777 851 
3 851 777 776 
3 851 776 852 
3 852 776 775 
3 852 775 808 
3 852 808 853 
3 853 808 810 
3 853 810 854 
3 844 845 855 
3 855 845 850 
3 843 844 856 
3 856 844 855 
3 847 843 856 
3 846 847 857 
3 857 847 856 
3 848 846 857 
3 849 848 857 
3 813 849 858 
3 858 849 857 
3 810 813 854 
3 854 813 858 
3 852 853 859 
3 859 853 854 
3 851 852 859 
3 850 851 859 
3 855 850 859 
3 855 859 854 
3 855 854 858 
3 856 855 858 
3 856 858 857 
3 577 716 575 
3 683 575 716 
3 750 752 685 
3 610 685 684 
3 839 842 847 
3 843 847 842 
3 316 318 860 
3 861 503 502 
3 861 502 862 
3 862 502 620 
3 863 861 862 
3 316 860 864 
3 864 860 865 
3 314 316 864 
3 864 865 866 
3 866 865 867 
3 866 867 868 
3 868 867 869 
3 499 497 870 
3 870 497 871 
3 515 499 872 
3 872 499 870 
3 873 874 875 
3 875 874 876 
3 519 515 877 
3 877 515 872 
3 870 871 878 
3 878 871 879 
3 521 519 880 
3 880 519 877 
3 523 521 881 
3 881 521 880 
3 525 523 882 
3 882 523 881 
3 875 876 883 
3 883 876 884 
3 883 884 885 
3 885 884 886 
3 885 886 887 
3 887 886 888 
3 878 879 889 
3 889 879 890 
3 527 525 891 
3 891 525 882 
3 529 527 892 
3 892 527 891 
3 531 529 893 
3 893 529 892 
3 894 120 895 
3 895 120 119 
3 895 119 896 
3 896 119 117 
3 896 117 897 
3 897 117 115 
3 897 115 898 
3 898 115 113 
3 898 113 899 
3 899 113 110 
3 899 110 900 
3 900 110 108 
3 900 108 901 
3 901 108 902 
3 901 902 903 
3 903 902 904 
3 903 904 905 
3 905 904 906 
3 907 908 909 
3 909 908 873 
3 909 873 910 
3 910 873 875 
3 911 894 912 
3 912 894 895 
3 889 890 913 
3 913 890 914 
3 913 914 915 
3 915 914 916 
3 915 916 917 
3 917 916 918 
3 917 918 919 
3 920 921 922 
3 922 921 923 
3 924 920 925 
3 925 920 922 
3 926 924 927 
3 927 924 925 
3 533 531 928 
3 928 531 893 
3 929 926 930 
3 930 926 927 
3 314 864 931 
3 931 864 866 
3 932 314 931 
3 933 911 934 
3 934 911 912 
3 888 933 935 
3 935 933 934 
3 887 888 935 
3 535 533 936 
3 936 533 928 
3 537 535 937 
3 937 535 936 
3 539 537 938 
3 938 537 937 
3 541 539 939 
3 939 539 938 
3 543 541 940 
3 940 541 939 
3 545 543 941 
3 941 543 940 
3 601 545 942 
3 942 545 941 
3 922 923 943 
3 943 923 944 
3 868 869 945 
3 945 869 907 
3 945 907 909 
3 917 919 946 
3 946 919 947 
3 946 947 948 
3 948 947 949 
3 948 949 950 
3 950 949 951 
3 950 951 952 
3 952 951 953 
3 952 953 954 
3 954 953 955 
3 954 955 956 
3 956 955 957 
3 956 957 958 
3 958 957 959 
3 958 959 960 
3 960 959 961 
3 960 961 962 
3 962 961 963 
3 962 963 964 
3 964 963 965 
3 862 620 966 
3 966 620 619 
3 943 944 967 
3 967 944 968 
3 964 965 969 
3 969 965 970 
3 967 968 971 
3 971 968 972 
3 971 972 973 
3 973 972 974 
3 973 974 975 
3 975 974 976 
3 975 976 977 
3 977 976 978 
3 977 978 979 
3 979 978 980 
3 979 980 981 
3 981 980 982 
3 981 982 983 
3 983 982 984 
3 983 984 985 
3 985 984 986 
3 985 986 987 
3 987 986 988 
3 987 988 989 
3 989 988 990 
3 989 990 991 
3 991 990 992 
3 991 992 993 
3 993 992 994 
3 993 994 995 
3 995 994 996 
3 995 996 997 
3 997 996 998 
3 969 970 999 
3 999 970 1000 
3 999 1000 1001 
3 1001 1000 1002 
3 1001 1002 1003 
3 1003 1002 1004 
3 1003 1004 1005 
3 1005 1004 1006 
3 1005 1006 1007 
3 1007 1006 1008 
3 1007 1008 1009 
3 1009 1008 1010 
3 1009 1010 1011 
3 1011 1010 1012 
3 1011 1012 1013 
3 1013 1012 1014 
3 1013 1014 1015 
3 1015 1014 1016 
3 1015 1016 1017 
3 1017 1016 1018 
3 1017 1018 1019 
3 1019 1018 1020 
3 1019 1020 1021 
3 1021 1020 292 
3 1021 292 1022 
3 1022 292 287 
3 1022 287 1023 
3 1023 287 284 
3 1023 284 1024 
3 1024 284 260 
3 1024 260 1025 
3 1025 260 252 
3 1025 252 1026 
3 1026 252 251 
3 1026 251 1027 
3 1027 251 1028 
3 1027 1028 1029 
3 1029 1028 1030 
3 1029 1030 929 
3 1029 929 1031 
3 1031 929 930 
3 997 998 1032 
3 1032 998 1033 
3 603 601 1034 
3 1034 601 942 
3 605 603 1035 
3 1035 603 1034 
3 607 605 1036 
3 1036 605 1035 
3 609 607 1037 
3 1037 607 1036 
3 611 609 1038 
3 1038 609 1037 
3 613 611 1039 
3 1039 611 1038 
3 615 613 1040 
3 1040 613 1039 
3 617 615 1041 
3 1041 615 1040 
3 619 617 1042 
3 1042 617 1041 
3 966 619 1043 
3 1043 619 1042 
3 1044 1045 1046 
3 1046 1045 1047 
3 1048 1044 1049 
3 1049 1044 1046 
3 1050 1048 1051 
3 1051 1048 1049 
3 1052 1050 1053 
3 1053 1050 1051 
3 1054 1052 1055 
3 1055 1052 1053 
3 1056 1054 1057 
3 1057 1054 1055 
3 1058 1056 1059 
3 1059 1056 1057 
3 1060 1058 1061 
3 1061 1058 1059 
3 1062 1060 1063 
3 1063 1060 1061 
3 906 1062 1064 
3 1064 1062 1063 
3 905 906 1064 
3 863 862 1065 
3 1065 862 966 
3 1066 863 1067 
3 1067 863 1065 
3 1068 1066 1069 
3 1069 1066 1067 
3 1070 1068 1071 
3 1071 1068 1069 
3 1032 1033 1072 
3 1072 1033 1073 
3 1073 1033 932 
3 1073 932 931 
3 1074 1070 1075 
3 1075 1070 1076 
3 1076 1070 1071 
3 1077 1074 1078 
3 1078 1074 1075 
3 1079 1077 1080 
3 1080 1077 1078 
3 1081 1079 1082 
3 1082 1079 1080 
3 1083 1081 1084 
3 1084 1081 1082 
3 1085 1083 1086 
3 1086 1083 1084 
3 1087 1085 1088 
3 1088 1085 1086 
3 1047 1087 1089 
3 1089 1087 1088 
3 1046 1047 1090 
3 1090 1047 1089 
3 872 870 1091 
3 1091 870 878 
3 877 872 1092 
3 1092 872 1091 
3 880 877 1093 
3 1093 877 1092 
3 910 875 1094 
3 1094 875 883 
3 945 909 1095 
3 1095 909 910 
3 1095 910 1094 
3 881 880 1096 
3 1096 880 1093 
3 882 881 1097 
3 1097 881 1096 
3 891 882 1098 
3 1098 882 1097 
3 1091 878 1099 
3 1099 878 889 
3 1092 1091 1099 
3 912 895 1100 
3 1100 895 896 
3 1100 896 897 
3 1094 883 1101 
3 1101 883 885 
3 1101 885 1102 
3 1102 885 887 
3 931 866 1103 
3 1103 866 868 
3 1073 931 1103 
3 1103 868 1104 
3 1104 868 945 
3 1104 945 1095 
3 1072 1073 1105 
3 1105 1073 1103 
3 1105 1103 1104 
3 1105 1104 1106 
3 1106 1104 1095 
3 1106 1095 1094 
3 1106 1094 1101 
3 1072 1105 1107 
3 1107 1105 1106 
3 1107 1106 1101 
3 1107 1101 1102 
3 1032 1072 1108 
3 1072 1107 1108 
3 1108 1107 1102 
3 892 891 1109 
3 1109 891 1098 
3 893 892 1110 
3 1110 892 1109 
3 928 893 1111 
3 1111 893 1110 
3 1099 889 1112 
3 1112 889 913 
3 997 1032 1113 
3 1113 1032 1108 
3 1065 966 1114 
3 1114 966 1043 
3 1067 1065 1114 
3 1069 1067 1115 
3 1115 1067 1114 
3 1071 1069 1116 
3 1116 1069 1115 
3 1076 1071 1117 
3 1117 1071 1116 
3 934 912 1118 
3 1118 912 1100 
3 925 922 1119 
3 1119 922 943 
3 1112 913 1120 
3 1120 913 915 
3 1120 915 1121 
3 1121 915 917 
3 1121 917 946 
3 1119 943 1122 
3 1122 943 967 
3 927 925 1123 
3 1123 925 1119 
3 1123 1119 1124 
3 1124 1119 1122 
3 930 927 1125 
3 1125 927 1123 
3 1031 930 1126 
3 1126 930 1125 
3 1125 1123 1127 
3 1127 1123 1124 
3 1126 1125 1128 
3 1128 1125 1127 
3 936 928 1129 
3 1129 928 1111 
3 937 936 1130 
3 1130 936 1129 
3 938 937 1131 
3 1131 937 1130 
3 939 938 1132 
3 1132 938 1131 
3 940 939 1133 
3 1133 939 1132 
3 941 940 1134 
3 1134 940 1133 
3 942 941 1135 
3 1135 941 1134 
3 1034 942 1136 
3 1136 942 1135 
3 1102 887 1137 
3 1137 887 935 
3 1108 1102 1137 
3 1113 1108 1137 
3 935 934 1138 
3 1138 934 1118 
3 1137 935 1138 
3 1113 1137 1138 
3 1093 1092 1139 
3 1139 1092 1099 
3 1139 1099 1140 
3 1140 1099 1112 
3 1140 1112 1141 
3 1141 1112 1120 
3 1096 1093 1142 
3 1142 1093 1139 
3 1097 1096 1143 
3 1143 1096 1142 
3 1098 1097 1144 
3 1144 1097 1143 
3 1109 1098 1145 
3 1145 1098 1144 
3 1110 1109 1146 
3 1146 1109 1145 
3 1111 1110 1147 
3 1147 1110 1146 
3 1129 1111 1148 
3 1148 1111 1147 
3 1142 1139 1149 
3 1149 1139 1140 
3 1149 1140 1141 
3 1143 1142 1150 
3 1150 1142 1149 
3 1144 1143 1151 
3 1151 1143 1150 
3 1145 1144 1151 
3 1141 1120 1152 
3 1152 1120 1121 
3 1152 1121 1153 
3 1153 1121 946 
3 1153 946 948 
3 1100 897 1154 
3 1154 897 898 
3 1155 1100 1154 
3 1154 898 1156 
3 1156 898 899 
3 1156 899 1157 
3 1157 899 900 
3 1157 900 1158 
3 1158 900 901 
3 1158 901 1159 
3 1130 1129 1160 
3 1160 1129 1148 
3 1131 1130 1161 
3 1161 1130 1160 
3 1132 1131 1162 
3 1162 1131 1161 
3 1133 1132 1163 
3 1163 1132 1162 
3 1134 1133 1164 
3 1164 1133 1163 
3 1135 1134 1165 
3 1165 1134 1164 
3 1136 1135 1166 
3 1166 1135 1165 
3 901 903 1167 
3 1167 903 905 
3 1167 905 1168 
3 1168 905 1064 
3 1122 967 1169 
3 1169 967 971 
3 1124 1122 1170 
3 1170 1122 1169 
3 1127 1124 1090 
3 1090 1124 1170 
3 1127 1090 1089 
3 1046 1090 1170 
3 1128 1127 1089 
3 1049 1046 1170 
3 1128 1089 1088 
3 1049 1170 1169 
3 1126 1128 1171 
3 1171 1128 1088 
3 1051 1049 1169 
3 1171 1088 1086 
3 1051 1169 971 
3 1031 1126 1172 
3 1051 971 1053 
3 1172 1126 1171 
3 1053 971 973 
3 1172 1171 1173 
3 1173 1171 1086 
3 1055 1053 973 
3 1173 1086 1084 
3 1055 973 975 
3 1173 1084 1174 
3 1174 1084 1082 
3 1057 1055 975 
3 1172 1173 1174 
3 1057 975 977 
3 1174 1082 1175 
3 1175 1082 1080 
3 1059 1057 977 
3 1175 1080 1176 
3 1176 1080 1078 
3 1059 977 979 
3 1029 1031 1177 
3 1061 1059 979 
3 1177 1031 1172 
3 1061 979 981 
3 1177 1172 1174 
3 1063 1061 981 
3 1027 1029 1177 
3 1063 981 983 
3 1177 1174 1178 
3 1178 1174 1175 
3 1064 1063 983 
3 1027 1177 1178 
3 1168 1064 983 
3 1026 1027 1178 
3 1168 983 985 
3 1178 1175 1179 
3 1179 1175 1176 
3 1168 985 987 
3 1026 1178 1179 
3 1167 1168 987 
3 1025 1026 1180 
3 1180 1026 1179 
3 1159 987 989 
3 1180 1179 1176 
3 1158 1159 1181 
3 1181 1159 989 
3 1180 1176 1182 
3 1181 989 1183 
3 1183 989 991 
3 1182 1176 1078 
3 1157 1158 1184 
3 1184 1158 1181 
3 1182 1078 1075 
3 1156 1157 1185 
3 1185 1157 1184 
3 1025 1180 1186 
3 1186 1180 1182 
3 1184 1181 1187 
3 1187 1181 1183 
3 1024 1025 1186 
3 1185 1184 1187 
3 1186 1182 1188 
3 1188 1182 1075 
3 1154 1156 1189 
3 1189 1156 1185 
3 1188 1075 1076 
3 1155 1154 1189 
3 1188 1076 1190 
3 1190 1076 1117 
3 1138 1118 1191 
3 1191 1155 1192 
3 1024 1186 1193 
3 1193 1186 1188 
3 1113 1138 1191 
3 1193 1188 1190 
3 997 1113 1194 
3 1194 1113 1191 
3 1023 1024 1193 
3 995 997 1194 
3 1023 1193 1195 
3 1195 1193 1190 
3 1194 1191 1192 
3 1192 1155 1189 
3 1022 1023 1195 
3 1192 1189 1196 
3 1196 1189 1185 
3 1195 1190 1197 
3 1197 1190 1117 
3 1196 1185 1187 
3 1197 1117 1198 
3 1198 1117 1116 
3 1194 1192 1199 
3 1022 1195 1200 
3 1200 1195 1197 
3 1199 1192 1196 
3 1021 1022 1201 
3 1201 1022 1200 
3 995 1194 1199 
3 1200 1197 1202 
3 1202 1197 1198 
3 993 995 1199 
3 1201 1200 1203 
3 1203 1200 1202 
3 991 993 1204 
3 1198 1116 1205 
3 1205 1116 1115 
3 1183 991 1204 
3 1205 1115 1114 
3 1183 1204 1187 
3 1187 1204 1196 
3 1205 1114 1043 
3 1202 1198 1206 
3 1206 1198 1205 
3 1206 1205 1207 
3 1207 1205 1043 
3 1207 1043 1042 
3 1203 1202 1208 
3 1208 1202 1206 
3 1208 1206 1207 
3 1207 1042 1209 
3 1209 1042 1041 
3 1208 1207 1209 
3 1019 1021 1210 
3 1210 1021 1201 
3 1210 1201 1203 
3 1210 1203 1211 
3 1211 1203 1208 
3 1211 1208 1209 
3 1017 1019 1212 
3 1212 1019 1210 
3 1212 1210 1211 
3 1212 1211 1213 
3 1213 1211 1209 
3 1213 1209 1214 
3 1214 1209 1041 
3 1214 1041 1040 
3 1015 1017 1215 
3 1215 1017 1212 
3 1215 1212 1216 
3 1216 1212 1213 
3 1013 1015 1217 
3 1217 1015 1215 
3 1011 1013 1218 
3 1218 1013 1217 
3 1009 1011 1219 
3 1219 1011 1218 
3 1007 1009 1219 
3 1216 1213 1220 
3 1220 1213 1214 
3 1220 1214 1040 
3 1220 1040 1221 
3 1221 1040 1039 
3 1217 1215 1222 
3 1222 1215 1216 
3 1222 1216 1220 
3 1222 1220 1221 
3 1218 1217 1223 
3 1223 1217 1222 
3 1223 1222 1224 
3 1224 1222 1221 
3 1219 1218 1225 
3 1225 1218 1223 
3 1224 1221 1226 
3 1226 1221 1039 
3 1226 1039 1038 
3 1226 1038 1227 
3 1227 1038 1037 
3 1227 1037 1228 
3 1228 1037 1036 
3 1228 1036 1229 
3 1229 1036 1035 
3 1229 1035 1230 
3 1035 1034 1230 
3 1230 1034 1136 
3 1230 1136 1231 
3 1231 1136 1166 
3 1225 1223 1232 
3 1232 1223 1224 
3 1232 1224 1233 
3 1224 1226 1233 
3 1233 1226 1227 
3 1233 1227 1234 
3 1234 1227 1228 
3 1234 1228 1235 
3 1235 1228 1229 
3 1235 1229 1230 
3 1235 1230 1231 
3 1146 1145 1236 
3 1236 1145 1151 
3 1147 1146 1237 
3 1237 1146 1236 
3 1148 1147 1238 
3 1238 1147 1237 
3 1160 1148 1239 
3 1239 1148 1238 
3 1161 1160 1240 
3 1240 1160 1239 
3 1162 1161 1241 
3 1241 1161 1240 
3 1163 1162 1242 
3 1242 1162 1241 
3 1164 1163 1243 
3 1243 1163 1242 
3 1165 1164 1244 
3 1244 1164 1243 
3 1166 1165 1245 
3 1245 1165 1244 
3 1231 1166 1246 
3 1150 1149 1247 
3 1247 1149 1141 
3 1247 1141 1152 
3 1151 1150 1248 
3 1248 1150 1247 
3 1236 1151 1248 
3 1247 1152 1249 
3 1249 1152 1153 
3 1250 1247 1249 
3 1249 1153 1251 
3 1251 1153 948 
3 1251 948 950 
3 1251 950 1252 
3 1252 950 952 
3 1252 952 1253 
3 1253 952 954 
3 1253 954 1254 
3 1254 954 956 
3 1254 956 1255 
3 1255 956 958 
3 1255 958 1256 
3 1256 958 960 
3 1256 960 1257 
3 1257 960 962 
3 1257 962 1258 
3 1258 962 964 
3 1258 964 1259 
3 1259 964 969 
3 1259 969 1260 
3 1260 969 999 
3 1007 1219 1261 
3 1261 1219 1225 
3 1005 1007 1261 
3 1261 1225 1262 
3 1262 1225 1232 
3 1262 1232 1263 
3 1263 1232 1233 
3 1263 1233 1234 
3 1263 1234 1264 
3 1264 1234 1235 
3 1264 1235 1231 
3 1262 1263 1265 
3 1265 1263 1264 
3 1265 1264 1246 
3 1246 1264 1231 
3 1246 1166 1245 
3 1261 1262 1266 
3 1266 1262 1265 
3 1005 1261 1266 
3 1266 1265 1267 
3 1267 1265 1246 
3 1267 1246 1268 
3 1268 1246 1245 
3 1003 1005 1269 
3 1269 1005 1266 
3 1269 1266 1270 
3 1270 1266 1267 
3 1270 1267 1268 
3 1268 1245 1271 
3 1271 1245 1244 
3 1271 1244 1272 
3 1272 1244 1243 
3 1270 1268 1273 
3 1273 1268 1271 
3 1269 1270 1274 
3 1274 1270 1273 
3 1272 1243 1275 
3 1275 1243 1242 
3 1275 1242 1276 
3 1276 1242 1241 
3 1276 1241 1277 
3 1277 1241 1240 
3 1273 1271 1278 
3 1278 1271 1272 
3 1274 1273 1279 
3 1279 1273 1278 
3 1278 1272 1280 
3 1280 1272 1275 
3 1280 1275 1281 
3 1281 1275 1276 
3 1281 1276 1282 
3 1282 1276 1277 
3 1279 1278 1283 
3 1283 1278 1280 
3 1283 1280 1284 
3 1284 1280 1281 
3 1284 1281 1285 
3 1285 1281 1282 
3 1003 1269 1286 
3 1286 1269 1274 
3 1001 1003 1286 
3 1286 1274 1279 
3 999 1001 1287 
3 1287 1001 1286 
3 1287 1286 1279 
3 1287 1279 1283 
3 1260 999 1287 
3 1260 1287 1283 
3 1260 1283 1284 
3 1260 1284 1259 
3 1259 1284 1285 
3 1258 1259 1288 
3 1288 1259 1285 
3 1257 1288 1289 
3 1257 1258 1288 
3 1256 1257 1289 
3 1288 1285 1290 
3 1290 1285 1282 
3 1289 1288 1290 
3 1290 1282 1291 
3 1291 1282 1277 
3 1291 1277 1292 
3 1292 1277 1240 
3 1292 1240 1239 
3 1255 1256 1293 
3 1293 1256 1289 
3 1254 1255 1294 
3 1294 1255 1293 
3 1253 1254 1295 
3 1293 1289 1296 
3 1296 1289 1290 
3 1294 1293 1297 
3 1297 1293 1296 
3 1296 1291 1298 
3 1296 1290 1291 
3 1298 1291 1292 
3 1297 1296 1298 
3 1298 1292 1299 
3 1299 1292 1239 
3 1299 1239 1238 
3 1299 1238 1300 
3 1300 1238 1237 
3 1298 1299 1301 
3 1301 1299 1300 
3 1297 1298 1301 
3 1300 1237 1302 
3 1302 1237 1236 
3 1302 1236 1248 
3 1302 1250 1303 
3 1303 1250 1304 
3 1250 1249 1304 
3 1304 1249 1251 
3 1304 1251 1305 
3 1305 1251 1252 
3 1305 1252 1295 
3 1295 1252 1253 
3 1295 1254 1294 
3 1295 1294 1306 
3 1306 1294 1297 
3 1306 1297 1301 
3 1305 1306 1307 
3 1305 1295 1306 
3 1304 1305 1307 
3 1307 1306 1301 
3 1307 1301 1303 
3 1303 1301 1300 
3 1303 1300 1302 
3 1307 1303 1304 
3 901 1167 1159 
3 987 1159 1167 
3 993 1199 1204 
3 1196 1204 1199 
3 1191 1118 1155 
3 1100 1155 1118 
3 1302 1248 1250 
3 1247 1250 1248 
3 1308 466 463 
3 1309 1310 1311 
3 1309 1311 1312 
3 1312 1311 1313 
3 1314 1309 1312 
3 1308 463 1315 
3 1315 463 461 
3 1316 1308 1315 
3 1317 1318 1319 
3 1319 1318 1320 
3 1321 1317 1322 
3 1322 1317 1319 
3 1323 1314 1324 
3 1324 1314 1312 
3 1325 1323 1326 
3 1326 1323 1324 
3 1324 1312 1327 
3 1327 1312 1313 
3 1327 1313 1328 
3 1315 461 1329 
3 1329 461 459 
3 1330 1321 1331 
3 1331 1321 1322 
3 1332 1330 1333 
3 1333 1330 1331 
3 1334 1332 1335 
3 1335 1332 1333 
3 1336 1334 1335 
3 1319 1320 1337 
3 1337 1320 1338 
3 1337 1338 1339 
3 1339 1338 1340 
3 1341 1342 1343 
3 1343 1342 1344 
3 1327 1328 1345 
3 1345 1328 1346 
3 1339 1340 1347 
3 1347 1340 1348 
3 1347 1348 1349 
3 1349 1348 1350 
3 1349 1350 1351 
3 1351 1350 1352 
3 1351 1352 1353 
3 1353 1352 1354 
3 1353 1354 1355 
3 1355 1354 1356 
3 1355 1356 1357 
3 1357 1356 1358 
3 1357 1358 1359 
3 1359 1358 1360 
3 1359 1360 1361 
3 1361 1360 1316 
3 1361 1316 1315 
3 1361 1315 1329 
3 1343 1344 1362 
3 1362 1344 1363 
3 1362 1363 1364 
3 1364 1363 1365 
3 1364 1365 1366 
3 1366 1365 1367 
3 1366 1367 1368 
3 1368 1367 1369 
3 1368 1369 1370 
3 1370 1369 1371 
3 1370 1371 1372 
3 1372 1371 1373 
3 1372 1373 1374 
3 1374 1373 1375 
3 1374 1375 1376 
3 1376 1375 1377 
3 1376 1377 1378 
3 1378 1377 1379 
3 1378 1379 1380 
3 1380 1379 1381 
3 1345 1346 1382 
3 1382 1346 1383 
3 1382 1383 1384 
3 1384 1383 1385 
3 1384 1385 1386 
3 1386 1385 1387 
3 1329 459 1388 
3 1388 459 450 
3 1389 1341 1390 
3 1390 1341 1343 
3 1391 1389 1392 
3 1392 1389 1390 
3 1393 1391 1394 
3 1394 1391 1392 
3 1395 1393 1396 
3 1396 1393 1394 
3 1380 1381 1397 
3 1397 1381 1325 
3 1397 1325 1326 
3 1386 1387 1398 
3 1398 1387 1399 
3 1400 1336 1401 
3 1401 1336 1335 
3 1402 1400 1403 
3 1403 1400 1401 
3 1404 1402 1405 
3 1405 1402 1403 
3 1406 1404 1407 
3 1407 1404 1405 
3 1408 1409 1410 
3 1410 1409 1411 
3 1410 1411 1412 
3 1412 1411 1413 
3 1414 1408 1415 
3 1415 1408 1410 
3 1416 1414 1417 
3 1417 1414 1415 
3 1412 1413 1418 
3 1418 1413 1419 
3 1420 1406 1421 
3 1421 1406 1407 
3 1422 1420 1423 
3 1423 1420 1421 
3 1424 1422 1425 
3 1425 1422 1423 
3 1426 1424 1427 
3 1427 1424 1425 
3 1399 1426 1428 
3 1428 1426 1427 
3 1398 1399 1428 
3 1388 450 1429 
3 1429 450 446 
3 1429 446 1430 
3 1430 446 412 
3 1430 412 1431 
3 1431 412 411 
3 1431 411 1432 
3 1432 411 1416 
3 1432 1416 1417 
3 1418 1419 1433 
3 1433 1419 1395 
3 1433 1395 1434 
3 1434 1395 1396 
3 1324 1327 1435 
3 1435 1327 1345 
3 1326 1324 1435 
3 1397 1326 1436 
3 1326 1435 1436 
3 1436 1435 1345 
3 1436 1345 1382 
3 1361 1329 1437 
3 1437 1329 1388 
3 1359 1361 1437 
3 1357 1359 1438 
3 1438 1359 1437 
3 1438 1437 1439 
3 1439 1437 1388 
3 1439 1388 1429 
3 1355 1357 1440 
3 1440 1357 1438 
3 1353 1355 1441 
3 1441 1355 1440 
3 1351 1353 1442 
3 1442 1353 1441 
3 1349 1351 1443 
3 1443 1351 1442 
3 1347 1349 1444 
3 1322 1319 1445 
3 1445 1319 1337 
3 1331 1322 1446 
3 1446 1322 1445 
3 1445 1337 1447 
3 1447 1337 1339 
3 1446 1445 1448 
3 1448 1445 1447 
3 1440 1438 1449 
3 1449 1438 1439 
3 1441 1440 1450 
3 1450 1440 1449 
3 1442 1441 1451 
3 1451 1441 1450 
3 1443 1442 1452 
3 1452 1442 1451 
3 1449 1439 1453 
3 1453 1439 1429 
3 1453 1429 1430 
3 1450 1449 1454 
3 1454 1449 1453 
3 1451 1450 1455 
3 1455 1450 1454 
3 1452 1451 1456 
3 1456 1451 1455 
3 1390 1343 1457 
3 1457 1343 1362 
3 1457 1362 1458 
3 1458 1362 1364 
3 1392 1390 1459 
3 1459 1390 1457 
3 1394 1392 1460 
3 1460 1392 1459 
3 1458 1364 1461 
3 1461 1364 1366 
3 1454 1453 1462 
3 1462 1453 1430 
3 1462 1430 1431 
3 1462 1431 1463 
3 1463 1431 1432 
3 1455 1454 1464 
3 1464 1454 1462 
3 1464 1462 1465 
3 1465 1462 1463 
3 1456 1455 1466 
3 1466 1455 1464 
3 1466 1464 1467 
3 1467 1464 1465 
3 1463 1432 1468 
3 1468 1432 1417 
3 1465 1463 1469 
3 1469 1463 1468 
3 1467 1465 1469 
3 1459 1457 1470 
3 1470 1457 1458 
3 1460 1459 1471 
3 1471 1459 1470 
3 1470 1458 1472 
3 1472 1458 1461 
3 1471 1470 1473 
3 1473 1470 1472 
3 1333 1331 1474 
3 1474 1331 1446 
3 1474 1446 1475 
3 1475 1446 1448 
3 1335 1333 1476 
3 1476 1333 1474 
3 1401 1335 1476 
3 1476 1474 1477 
3 1477 1474 1475 
3 1401 1476 1478 
3 1478 1476 1477 
3 1403 1401 1478 
3 1405 1403 1479 
3 1479 1403 1478 
3 1407 1405 1480 
3 1480 1405 1479 
3 1396 1394 1481 
3 1481 1394 1460 
3 1481 1460 1471 
3 1434 1396 1482 
3 1482 1396 1481 
3 1447 1339 1483 
3 1483 1339 1347 
3 1444 1349 1443 
3 1444 1443 1484 
3 1484 1443 1452 
3 1484 1452 1485 
3 1485 1452 1456 
3 1485 1456 1486 
3 1486 1456 1466 
3 1486 1466 1487 
3 1487 1466 1467 
3 1448 1447 1488 
3 1488 1447 1483 
3 1488 1483 1489 
3 1489 1444 1484 
3 1489 1484 1485 
3 1475 1448 1490 
3 1490 1448 1488 
3 1490 1488 1491 
3 1491 1488 1489 
3 1491 1489 1485 
3 1491 1485 1486 
3 1491 1486 1492 
3 1493 1486 1487 
3 1490 1491 1492 
3 1492 1486 1493 
3 1475 1490 1494 
3 1494 1490 1492 
3 1477 1475 1494 
3 1478 1477 1495 
3 1495 1477 1494 
3 1479 1478 1496 
3 1496 1478 1495 
3 1495 1494 1497 
3 1497 1494 1492 
3 1497 1492 1493 
3 1480 1479 1498 
3 1498 1479 1496 
3 1481 1471 1499 
3 1499 1471 1473 
3 1482 1481 1499 
3 1487 1467 1500 
3 1500 1467 1469 
3 1493 1487 1501 
3 1501 1487 1500 
3 1497 1493 1502 
3 1502 1493 1501 
3 1461 1366 1503 
3 1503 1366 1368 
3 1472 1461 1504 
3 1504 1461 1503 
3 1473 1472 1505 
3 1505 1472 1504 
3 1499 1473 1506 
3 1506 1473 1505 
3 1436 1382 1507 
3 1507 1382 1384 
3 1397 1436 1507 
3 1380 1397 1507 
3 1378 1380 1508 
3 1508 1380 1507 
3 1508 1507 1509 
3 1509 1507 1384 
3 1509 1384 1386 
3 1376 1378 1510 
3 1510 1378 1508 
3 1374 1376 1511 
3 1511 1376 1510 
3 1372 1374 1512 
3 1512 1374 1511 
3 1370 1372 1513 
3 1513 1372 1512 
3 1368 1370 1514 
3 1514 1370 1513 
3 1503 1368 1514 
3 1510 1508 1515 
3 1515 1508 1509 
3 1515 1509 1516 
3 1516 1509 1386 
3 1516 1386 1398 
3 1511 1510 1517 
3 1517 1510 1515 
3 1512 1511 1518 
3 1518 1511 1517 
3 1513 1512 1519 
3 1519 1512 1518 
3 1514 1513 1519 
3 1517 1515 1520 
3 1520 1515 1516 
3 1520 1516 1521 
3 1521 1516 1398 
3 1521 1398 1522 
3 1522 1398 1428 
3 1518 1517 1523 
3 1523 1517 1520 
3 1523 1520 1524 
3 1524 1520 1521 
3 1524 1521 1522 
3 1519 1518 1525 
3 1525 1518 1523 
3 1525 1523 1526 
3 1526 1523 1524 
3 1503 1514 1527 
3 1527 1514 1519 
3 1504 1503 1527 
3 1527 1519 1525 
3 1527 1525 1528 
3 1528 1525 1526 
3 1504 1527 1529 
3 1529 1527 1528 
3 1505 1504 1529 
3 1506 1505 1530 
3 1530 1505 1529 
3 1530 1529 1531 
3 1531 1529 1528 
3 1526 1524 1532 
3 1532 1524 1522 
3 1528 1526 1533 
3 1533 1526 1532 
3 1531 1528 1533 
3 1532 1522 1534 
3 1534 1522 1428 
3 1534 1428 1427 
3 1534 1427 1535 
3 1535 1427 1425 
3 1535 1425 1536 
3 1536 1425 1423 
3 1536 1423 1537 
3 1537 1423 1421 
3 1533 1532 1538 
3 1538 1532 1534 
3 1538 1534 1535 
3 1531 1533 1539 
3 1539 1533 1538 
3 1530 1531 1540 
3 1540 1531 1539 
3 1539 1538 1541 
3 1541 1538 1535 
3 1541 1535 1542 
3 1542 1535 1536 
3 1542 1536 1537 
3 1506 1530 1543 
3 1543 1530 1540 
3 1499 1506 1544 
3 1544 1506 1543 
3 1482 1499 1544 
3 1537 1421 1545 
3 1545 1421 1407 
3 1545 1407 1480 
3 1540 1539 1546 
3 1546 1539 1541 
3 1543 1540 1547 
3 1547 1540 1546 
3 1544 1543 1548 
3 1548 1543 1547 
3 1482 1544 1549 
3 1549 1544 1548 
3 1434 1482 1550 
3 1550 1482 1549 
3 1433 1434 1550 
3 1546 1541 1551 
3 1551 1541 1542 
3 1551 1542 1552 
3 1552 1542 1537 
3 1552 1537 1545 
3 1547 1546 1553 
3 1553 1546 1551 
3 1548 1547 1554 
3 1554 1547 1553 
3 1549 1548 1555 
3 1555 1548 1554 
3 1545 1480 1556 
3 1556 1480 1498 
3 1552 1545 1556 
3 1551 1552 1557 
3 1557 1552 1556 
3 1553 1551 1557 
3 1554 1553 1558 
3 1558 1553 1557 
3 1555 1554 1559 
3 1559 1554 1558 
3 1558 1557 1560 
3 1560 1557 1556 
3 1559 1558 1561 
3 1561 1558 1560 
3 1560 1556 1562 
3 1562 1556 1498 
3 1561 1560 1563 
3 1563 1560 1562 
3 1562 1498 1564 
3 1564 1498 1496 
3 1565 1496 1495 
3 1565 1495 1497 
3 1565 1497 1502 
3 1563 1562 1566 
3 1566 1562 1564 
3 1566 1564 1567 
3 1567 1565 1502 
3 1567 1502 1568 
3 1568 1502 1501 
3 1568 1501 1569 
3 1569 1501 1500 
3 1569 1500 1570 
3 1570 1500 1469 
3 1570 1469 1468 
3 1570 1468 1571 
3 1571 1468 1417 
3 1571 1417 1572 
3 1572 1417 1415 
3 1572 1415 1573 
3 1573 1415 1410 
3 1573 1410 1574 
3 1574 1410 1412 
3 1574 1412 1418 
3 1566 1567 1575 
3 1575 1567 1568 
3 1575 1568 1576 
3 1576 1568 1569 
3 1576 1569 1577 
3 1577 1569 1570 
3 1577 1570 1571 
3 1577 1571 1578 
3 1578 1571 1572 
3 1578 1572 1579 
3 1579 1572 1573 
3 1579 1573 1580 
3 1580 1573 1574 
3 1580 1574 1581 
3 1581 1574 1418 
3 1581 1418 1433 
3 1581 1433 1550 
3 1582 1550 1549 
3 1582 1549 1555 
3 1582 1555 1583 
3 1583 1555 1559 
3 1583 1559 1561 
3 1583 1561 1584 
3 1584 1561 1563 
3 1585 1563 1566 
3 1585 1566 1575 
3 1576 1577 1586 
3 1586 1577 1578 
3 1575 1576 1586 
3 1585 1575 1586 
3 1586 1578 1579 
3 1585 1586 1579 
3 1584 1579 1580 
3 1583 1584 1580 
3 1582 1583 1580 
3 1580 1581 1582 
3 1582 1581 1550 
3 1489 1483 1444 
3 1347 1444 1483 
3 1567 1564 1565 
3 1496 1565 1564 
3 1563 1585 1584 
3 1579 1584 1585 
3 1587 1588 1589 
3 1590 1591 1592 
3 1590 1592 1593 
3 1594 1590 1593 
3 1594 1593 1595 
3 1596 1594 1595 
3 1596 1595 1597 
3 1597 1595 1598 
3 1599 1596 1597 
3 1600 1599 1601 
3 1601 1599 1597 
3 1587 1589 1602 
3 1602 1589 1603 
3 1604 1587 1602 
3 1605 1604 1606 
3 1606 1604 1602 
3 1606 1602 1607 
3 1607 1602 1603 
3 1607 1603 1608 
3 1607 1608 1609 
3 1609 1608 1610 
3 1609 1610 1611 
3 1611 1610 1612 
3 1611 1612 1613 
3 1613 1612 1614 
3 1613 1614 1615 
3 1615 1614 1616 
3 1617 1618 1619 
3 1619 1618 1620 
3 1621 1600 1622 
3 1622 1600 1601 
3 1623 1621 1624 
3 1624 1621 1622 
3 1625 1623 1626 
3 1626 1623 1624 
3 1601 1597 1598 
3 1601 1598 1627 
3 1601 1627 1628 
3 1622 1601 1628 
3 1624 1622 1629 
3 1629 1622 1628 
3 1629 1628 1630 
3 1629 1630 1631 
3 1631 1630 1632 
3 1631 1632 1633 
3 1633 1632 1634 
3 1633 1634 1635 
3 1635 1634 1636 
3 1635 1636 1637 
3 1637 1636 1638 
3 1637 1638 1639 
3 1639 1638 1617 
3 1639 1617 1619 
3 1619 1620 1640 
3 1640 1620 1641 
3 1640 1641 1642 
3 1642 1641 1643 
3 1644 1643 1645 
3 1645 1643 1646 
3 1645 1646 1647 
3 1647 1646 1648 
3 1649 1605 1650 
3 1650 1605 1606 
3 1651 1649 1652 
3 1652 1649 1650 
3 1653 1651 1652 
3 1654 1653 1655 
3 1655 1653 1652 
3 1615 1616 1656 
3 1656 1616 1657 
3 1656 1657 1658 
3 1658 1657 1659 
3 1658 1659 1660 
3 1660 1659 1661 
3 1660 1661 1662 
3 1662 1661 1663 
3 1662 1663 1664 
3 1664 1663 1665 
3 1664 1665 1666 
3 1666 1665 1667 
3 1666 1667 1668 
3 1668 1667 1669 
3 1670 1625 1671 
3 1671 1625 1626 
3 1672 1670 1637 
3 1672 1637 1639 
3 1673 1672 1639 
3 1673 1639 1619 
3 1674 1673 1619 
3 1674 1619 1640 
3 1675 1674 1640 
3 1675 1640 1642 
3 1644 1675 1642 
3 1644 1642 1643 
3 1676 1644 1645 
3 1676 1645 1647 
3 1677 1676 1647 
3 1668 1669 1678 
3 1678 1669 1679 
3 1678 1679 1680 
3 1680 1679 1681 
3 1680 1681 1682 
3 1677 1647 1648 
3 1683 1677 1648 
3 1683 1648 1684 
3 1685 1683 1684 
3 1685 1684 1686 
3 1685 1686 1687 
3 1687 1686 1688 
3 1689 1685 1687 
3 1690 1689 1691 
3 1691 1689 1687 
3 1692 1690 1693 
3 1693 1690 1691 
3 1691 1687 1694 
3 1694 1687 1688 
3 1694 1688 1695 
3 1696 1692 1697 
3 1697 1692 1693 
3 1698 1696 1699 
3 1699 1696 1697 
3 1700 1698 1701 
3 1701 1698 1699 
3 1702 1700 1703 
3 1703 1700 1701 
3 1704 1702 1705 
3 1705 1702 1703 
3 1706 1704 1707 
3 1707 1704 1705 
3 1708 1706 1709 
3 1709 1706 1707 
3 1710 1708 1711 
3 1711 1708 1709 
3 1712 1710 1713 
3 1713 1710 1711 
3 1714 1712 1715 
3 1715 1712 1713 
3 1682 1714 1716 
3 1716 1714 1715 
3 1680 1682 1717 
3 1717 1682 1716 
3 1694 1695 1718 
3 1718 1695 1719 
3 1718 1719 1720 
3 1720 1719 1721 
3 1720 1721 1722 
3 1722 1721 1723 
3 1722 1723 1724 
3 1724 1723 1725 
3 1724 1725 1726 
3 1726 1725 1727 
3 1726 1727 1728 
3 1728 1727 1729 
3 1728 1729 1730 
3 1730 1729 1731 
3 1730 1731 1732 
3 1732 1731 1733 
3 1732 1733 1734 
3 1734 1733 1735 
3 1734 1735 1736 
3 1736 1735 1737 
3 1736 1737 1738 
3 1738 1737 1739 
3 1738 1739 1740 
3 1740 1739 1741 
3 1740 1741 1742 
3 1742 1741 1743 
3 1742 1743 1744 
3 1744 1743 1745 
3 1744 1745 1746 
3 1746 1745 1747 
3 1746 1747 1748 
3 1748 1747 1749 
3 1748 1749 1750 
3 1750 1749 1751 
3 1750 1751 1752 
3 1752 1751 1753 
3 1754 1654 1755 
3 1755 1654 1655 
3 1756 1754 1757 
3 1757 1754 1755 
3 1758 1756 1759 
3 1759 1756 1757 
3 1753 1758 1760 
3 1760 1758 1759 
3 1637 1670 1671 
3 1752 1753 1760 
3 1635 1637 1671 
3 1691 1694 1693 
3 1624 1629 1631 
3 1693 1694 1718 
3 1626 1624 1631 
3 1697 1693 1718 
3 1626 1631 1633 
3 1697 1718 1720 
3 1626 1633 1671 
3 1671 1633 1635 
3 1699 1697 1720 
3 1699 1720 1722 
3 1701 1699 1722 
3 1701 1722 1724 
3 1703 1701 1724 
3 1703 1724 1726 
3 1705 1703 1726 
3 1705 1726 1728 
3 1707 1705 1728 
3 1707 1728 1730 
3 1709 1707 1730 
3 1709 1730 1732 
3 1711 1709 1732 
3 1713 1711 1734 
3 1711 1732 1734 
3 1713 1734 1736 
3 1715 1713 1736 
3 1716 1715 1736 
3 1716 1736 1738 
3 1717 1716 1738 
3 1717 1738 1740 
3 1680 1717 1740 
3 1680 1740 1742 
3 1678 1680 1742 
3 1678 1742 1744 
3 1668 1678 1744 
3 1668 1744 1746 
3 1666 1668 1746 
3 1666 1746 1748 
3 1664 1666 1748 
3 1664 1748 1750 
3 1662 1664 1750 
3 1662 1750 1752 
3 1660 1662 1752 
3 1658 1660 1752 
3 1658 1752 1760 
3 1656 1658 1760 
3 1656 1760 1759 
3 1656 1759 1757 
3 1615 1656 1757 
3 1615 1757 1755 
3 1613 1615 1755 
3 1611 1613 1761 
3 1761 1613 1755 
3 1761 1755 1655 
3 1650 1606 1762 
3 1762 1606 1607 
3 1762 1607 1609 
3 1761 1655 1763 
3 1763 1655 1652 
3 1763 1652 1650 
3 1763 1650 1762 
3 1611 1761 1763 
3 1611 1763 1609 
3 1609 1763 1762 
3 1764 1765 1766 
3 1767 1768 1769 
3 489 1767 1769 
3 1770 1767 489 
3 1770 489 488 
3 1771 1770 488 
3 1771 488 507 
3 1772 1771 507 
3 1772 507 597 
3 1773 1772 597 
3 1773 597 595 
3 1774 1773 595 
3 1774 595 593 
3 1775 1774 593 
3 1775 593 591 
3 1776 1775 591 
3 1776 591 589 
3 1777 1776 589 
3 1777 589 587 
3 1778 1777 587 
3 1778 587 585 
3 1779 1778 585 
3 1779 585 583 
3 1780 1779 583 
3 1780 583 581 
3 1781 1780 581 
3 1781 581 580 
3 1782 1781 580 
3 1782 580 578 
3 1783 1782 578 
3 1783 578 576 
3 1784 1783 576 
3 1784 576 574 
3 1785 1784 574 
3 1785 574 573 
3 1599 1785 573 
3 1599 573 1786 
3 1786 573 1787 
3 1596 1599 1786 
3 1764 1766 1788 
3 1788 1766 1789 
3 1790 1764 1788 
3 1786 1787 1791 
3 1791 1787 1792 
3 1596 1786 1791 
3 1594 1596 1791 
3 1788 1789 1793 
3 1793 1789 1794 
3 1793 1794 1795 
3 1795 1794 1796 
3 1594 1791 1797 
3 1590 1594 1797 
3 1797 1791 1792 
3 1797 1792 1798 
3 1591 1590 1799 
3 1799 1590 1797 
3 1800 1591 1801 
3 1801 1591 1799 
3 1802 1800 1803 
3 1803 1800 1801 
3 1796 1802 1804 
3 1804 1802 1803 
3 1795 1796 1804 
3 1799 1797 1798 
3 1799 1798 1805 
3 1801 1799 1805 
3 1801 1805 1806 
3 1803 1801 1806 
3 1803 1806 1807 
3 1804 1803 1807 
3 1804 1807 1808 
3 1795 1804 1808 
3 1795 1808 1809 
3 1793 1795 1809 
3 1809 1790 1793 
3 1793 1790 1788 
3 902 108 105 
3 10 6 511 
3 12 10 1810 
3 1810 10 511 
3 1810 511 505 
3 904 902 1811 
3 1811 902 105 
3 1811 105 104 
3 906 904 1812 
3 1812 904 1811 
3 1062 906 1813 
3 1813 906 1812 
3 14 12 1814 
3 1814 12 1810 
3 15 14 1815 
3 1815 14 1814 
3 17 15 1816 
3 1816 15 1815 
3 19 17 1817 
3 1817 17 1816 
3 21 19 1818 
3 1818 19 1817 
3 23 21 1819 
3 1819 21 1818 
3 26 23 1820 
3 1820 23 1819 
3 28 26 1820 
3 1060 1062 1821 
3 1821 1062 1813 
3 1058 1060 1822 
3 1822 1060 1821 
3 1056 1058 1823 
3 1823 1058 1822 
3 1054 1056 1824 
3 1824 1056 1823 
3 1052 1054 1825 
3 1825 1054 1824 
3 1050 1052 1826 
3 1826 1052 1825 
3 1048 1050 1827 
3 1827 1050 1826 
3 1044 1048 1828 
3 1828 1048 1827 
3 1045 1044 1829 
3 1829 1044 1828 
3 1812 1811 104 
3 1812 104 98 
3 1813 1812 1830 
3 1830 1812 98 
3 1830 98 96 
3 1830 96 1831 
3 1831 96 95 
3 1831 95 1832 
3 1832 95 94 
3 1832 94 1833 
3 1833 94 82 
3 1833 82 1834 
3 1834 82 71 
3 1834 71 1835 
3 1835 71 70 
3 1835 70 1836 
3 1836 70 69 
3 1836 69 1837 
3 1837 69 68 
3 1837 68 1838 
3 1838 68 51 
3 1838 51 1839 
3 1839 51 44 
3 1839 44 1840 
3 1840 44 42 
3 1840 42 1841 
3 1841 42 40 
3 1841 40 1842 
3 1842 40 38 
3 1842 38 1843 
3 1843 38 36 
3 1843 36 1844 
3 1844 36 34 
3 1844 34 1845 
3 1845 34 31 
3 1845 31 1846 
3 1846 31 29 
3 1846 29 1847 
3 1847 29 28 
3 1847 28 1848 
3 1848 28 1820 
3 1814 1810 505 
3 1814 505 503 
3 1815 1814 1849 
3 1849 1814 503 
3 1849 503 861 
3 1849 861 1850 
3 1850 861 863 
3 1850 863 1851 
3 1851 863 1066 
3 1851 1066 1852 
3 1852 1066 1068 
3 1852 1068 1853 
3 1853 1068 1070 
3 1853 1070 1854 
3 1854 1070 1074 
3 1854 1074 1855 
3 1855 1074 1077 
3 1855 1077 1856 
3 1856 1077 1079 
3 1856 1079 1857 
3 1857 1079 1081 
3 1857 1081 1858 
3 1858 1081 1083 
3 1858 1083 1859 
3 1859 1083 1085 
3 1859 1085 1860 
3 1860 1085 1087 
3 1860 1087 1861 
3 1861 1087 1047 
3 1861 1047 1045 
3 1861 1045 1862 
3 1862 1045 1829 
3 1821 1813 1830 
3 1821 1830 1831 
3 1822 1821 1863 
3 1863 1821 1831 
3 1863 1831 1832 
3 1863 1832 1864 
3 1864 1832 1833 
3 1864 1833 1865 
3 1865 1833 1834 
3 1865 1834 1866 
3 1866 1834 1835 
3 1866 1835 1867 
3 1867 1835 1836 
3 1867 1836 1868 
3 1868 1836 1837 
3 1815 1849 1869 
3 1869 1849 1850 
3 1816 1815 1869 
3 1823 1822 1870 
3 1870 1822 1863 
3 1870 1863 1864 
3 1870 1864 1865 
3 1824 1823 1871 
3 1871 1823 1870 
3 1871 1870 1865 
3 1871 1865 1866 
3 1825 1824 1872 
3 1872 1824 1871 
3 1872 1871 1866 
3 1872 1866 1867 
3 1872 1867 1873 
3 1873 1867 1868 
3 1825 1872 1873 
3 1826 1825 1873 
3 1817 1816 1874 
3 1874 1816 1869 
3 1874 1869 1850 
3 1874 1850 1851 
3 1818 1817 1875 
3 1875 1817 1874 
3 1875 1874 1851 
3 1875 1851 1852 
3 1875 1852 1876 
3 1876 1852 1853 
3 1827 1826 1877 
3 1877 1826 1873 
3 1877 1873 1868 
3 1877 1868 1878 
3 1878 1868 1837 
3 1878 1837 1838 
3 1827 1877 1879 
3 1879 1877 1878 
3 1828 1827 1879 
3 1879 1878 1880 
3 1880 1878 1838 
3 1880 1838 1839 
3 1828 1879 1881 
3 1881 1879 1880 
3 1829 1828 1881 
3 1881 1880 1882 
3 1882 1880 1839 
3 1882 1839 1840 
3 1829 1881 1882 
3 1862 1829 1882 
3 1862 1882 1883 
3 1883 1882 1840 
3 1883 1840 1841 
3 1861 1862 1884 
3 1884 1862 1883 
3 1884 1883 1841 
3 1884 1841 1842 
3 1861 1884 1885 
3 1885 1884 1842 
3 1860 1861 1885 
3 1885 1842 1843 
3 1860 1885 1843 
3 1859 1860 1843 
3 1859 1843 1844 
3 1858 1859 1844 
3 1858 1844 1845 
3 1858 1845 1846 
3 1857 1858 1846 
3 1857 1846 1847 
3 1856 1857 1847 
3 1856 1847 1848 
3 1855 1856 1886 
3 1886 1856 1848 
3 1854 1855 1887 
3 1887 1855 1886 
3 1853 1854 1887 
3 1876 1853 1887 
3 1887 1886 1888 
3 1888 1886 1848 
3 1876 1887 1888 
3 1888 1848 1820 
3 1888 1820 1819 
3 1888 1819 1889 
3 1889 1819 1818 
3 1889 1818 1875 
3 1875 1876 1889 
3 1889 1876 1888 
3 1890 1891 1892 
3 1893 990 988 
3 1894 1890 1892 
3 1894 1892 1895 
3 1896 1894 1895 
3 1896 1895 1897 
3 921 1318 1317 
3 1898 1896 1897 
3 1898 1897 1899 
3 1900 1898 1899 
3 1901 1898 1900 
3 1902 1901 1900 
3 1903 1901 1902 
3 1903 1902 1904 
3 1905 1903 1904 
3 1905 1904 1906 
3 1907 1905 1906 
3 1907 1906 1908 
3 1909 1907 1908 
3 1909 1908 1910 
3 1911 1909 1910 
3 1911 1910 1912 
3 1913 1911 1912 
3 1914 1913 1915 
3 1915 1913 1912 
3 1916 1914 1915 
3 1916 1915 1917 
3 1918 1916 1919 
3 1919 1916 1917 
3 1919 1917 1920 
3 1893 988 1921 
3 1921 988 986 
3 1922 1893 1921 
3 1918 1919 1923 
3 1923 1919 1920 
3 1924 1918 1923 
3 1923 1920 1925 
3 923 921 1926 
3 1926 921 1317 
3 1926 1317 1321 
3 1926 1321 1927 
3 1927 1321 1330 
3 1927 1330 1928 
3 1928 1330 1332 
3 1928 1332 1929 
3 1929 1332 1334 
3 1929 1334 1930 
3 1930 1334 1931 
3 1930 1931 1932 
3 1932 1931 1933 
3 1932 1933 1934 
3 1934 1933 1935 
3 944 923 1936 
3 1936 923 1926 
3 968 944 1937 
3 1937 944 1936 
3 972 968 1938 
3 1938 968 1937 
3 1934 1935 1939 
3 1939 1935 1940 
3 1923 1925 1941 
3 1941 1925 1942 
3 974 972 1943 
3 1943 972 1938 
3 976 974 1944 
3 1944 974 1943 
3 1921 986 1945 
3 1945 986 984 
3 1945 984 1946 
3 1946 984 982 
3 1946 982 1947 
3 1947 982 980 
3 1947 980 1948 
3 1948 980 978 
3 1924 1923 1941 
3 1949 1924 1941 
3 1948 978 1950 
3 1950 978 976 
3 1950 976 1944 
3 1949 1941 1951 
3 1952 1949 1951 
3 1953 1952 1954 
3 1954 1952 1951 
3 1939 1940 1955 
3 1955 1940 1956 
3 1922 1921 1945 
3 1957 1922 1945 
3 1957 1945 1958 
3 1958 1945 1946 
3 1959 1957 1958 
3 1960 1959 1961 
3 1961 1959 1958 
3 1962 1960 1963 
3 1963 1960 1961 
3 1964 1962 1965 
3 1965 1962 1963 
3 1966 1964 1967 
3 1967 1964 1965 
3 1942 1966 1968 
3 1968 1966 1967 
3 1951 1941 1942 
3 1951 1942 1968 
3 1954 1951 1968 
3 1954 1968 1967 
3 1953 1954 1969 
3 1956 1953 1969 
3 1955 1956 1970 
3 1970 1956 1969 
3 1969 1954 1967 
3 1969 1967 1965 
3 1936 1926 1927 
3 1970 1969 1971 
3 1971 1969 1965 
3 1971 1965 1963 
3 1936 1927 1972 
3 1972 1927 1928 
3 1937 1936 1972 
3 1972 1928 1973 
3 1973 1928 1929 
3 1937 1972 1974 
3 1974 1972 1973 
3 1938 1937 1974 
3 1973 1929 1975 
3 1975 1929 1930 
3 1975 1930 1932 
3 1974 1973 1976 
3 1976 1973 1975 
3 1938 1974 1977 
3 1977 1974 1976 
3 1943 1938 1977 
3 1958 1946 1978 
3 1978 1946 1947 
3 1961 1958 1978 
3 1975 1932 1979 
3 1979 1932 1934 
3 1976 1975 1979 
3 1979 1934 1980 
3 1980 1934 1939 
3 1977 1976 1981 
3 1981 1976 1979 
3 1943 1977 1981 
3 1944 1943 1981 
3 1981 1979 1982 
3 1982 1979 1980 
3 1944 1981 1982 
3 1950 1944 1982 
3 1980 1939 1983 
3 1983 1939 1955 
3 1982 1980 1984 
3 1984 1980 1983 
3 1950 1982 1984 
3 1948 1950 1985 
3 1985 1950 1984 
3 1985 1984 1983 
3 1947 1948 1986 
3 1986 1948 1985 
3 1978 1947 1986 
3 1961 1978 1987 
3 1987 1978 1986 
3 1963 1961 1987 
3 1971 1963 1987 
3 1955 1970 1988 
3 1988 1970 1971 
3 1983 1955 1988 
3 1985 1983 1988 
3 1986 1985 1988 
3 1986 1988 1987 
3 1987 1988 1971 
3 1344 1342 1989 
3 1990 1991 1325 
3 1990 1325 1381 
3 1344 1989 1992 
3 1363 1344 1992 
3 1363 1992 1993 
3 1365 1363 1993 
3 1365 1993 1994 
3 1367 1365 1994 
3 1995 1990 1381 
3 1995 1381 1379 
3 1367 1994 1996 
3 1369 1367 1996 
3 1369 1996 1997 
3 1371 1369 1997 
3 1371 1997 1998 
3 1373 1371 1998 
3 1373 1998 1999 
3 1375 1373 1999 
3 1375 1999 2000 
3 1377 1375 2000 
3 1377 2000 2001 
3 1377 2001 1379 
3 1379 2001 1995 
3 2002 2003 2004 
3 2005 1310 1309 
3 2006 2007 2008 
3 2002 2004 2009 
3 2009 2004 2010 
3 2011 2002 2009 
3 142 146 2012 
3 2012 146 2013 
3 2005 1309 2014 
3 2014 1309 1314 
3 2015 2005 2014 
3 2016 2015 2017 
3 2017 2015 2014 
3 2018 2016 2017 
3 2012 2013 2019 
3 2019 2013 2020 
3 143 142 2021 
3 2021 142 2012 
3 2022 143 2023 
3 2023 143 2021 
3 2024 2022 2025 
3 2025 2022 2023 
3 2026 2024 2027 
3 2027 2024 2025 
3 2028 2026 2029 
3 2029 2026 2027 
3 2017 2014 2030 
3 2030 2014 1314 
3 2030 1314 1323 
3 2030 1323 2031 
3 2031 1323 1991 
3 2009 2010 2032 
3 2032 2010 2033 
3 2006 2008 2034 
3 2034 2008 2035 
3 2036 2006 2034 
3 2037 2036 2038 
3 2038 2036 2034 
3 2039 2037 2040 
3 2040 2037 2038 
3 2041 2039 2042 
3 2042 2039 2040 
3 2043 2028 2044 
3 2044 2028 2029 
3 2045 2043 2046 
3 2046 2043 2044 
3 2047 2045 2048 
3 2048 2045 2046 
3 2049 2047 2050 
3 2050 2047 2048 
3 2035 2049 2051 
3 2051 2049 2050 
3 2034 2035 2051 
3 2018 2017 2052 
3 2053 2018 2052 
3 2032 2033 2054 
3 2054 2033 2055 
3 2055 2041 2056 
3 2056 2041 2042 
3 2054 2055 2056 
3 2020 2053 2057 
3 2019 2020 2057 
3 2058 2053 2052 
3 2059 2060 2061 
3 2061 2060 2062 
3 2063 2059 2064 
3 2064 2059 2061 
3 2065 2063 2066 
3 2066 2063 2064 
3 2067 2065 2068 
3 2068 2065 2066 
3 2069 2067 2070 
3 2070 2067 2068 
3 1989 2069 2070 
3 2071 1989 2070 
3 1992 1989 2071 
3 2061 2062 2072 
3 2072 2062 2073 
3 2072 2073 2074 
3 2074 2073 1411 
3 2074 1411 2075 
3 2075 1411 1409 
3 2075 1409 2076 
3 2076 1409 2077 
3 2076 2077 2078 
3 2031 1991 2079 
3 2079 1991 1990 
3 2079 1990 2080 
3 2080 1990 1995 
3 2080 1995 2081 
3 2081 1995 2001 
3 2081 2001 2082 
3 2082 2001 2000 
3 2082 2000 2083 
3 2083 2000 1999 
3 2083 1999 2084 
3 2084 1999 1998 
3 2084 1998 2085 
3 2085 1998 1997 
3 2085 1997 2086 
3 2086 1997 1996 
3 2086 1996 2087 
3 2087 1996 1994 
3 2087 1994 2088 
3 2088 1994 1993 
3 2088 1993 2089 
3 2089 1993 1992 
3 2089 1992 2071 
3 2076 2078 2090 
3 2090 2078 2091 
3 2091 2078 2092 
3 2091 2092 2093 
3 2093 2092 2011 
3 2011 2009 2094 
3 2093 2011 2094 
3 2052 2017 2030 
3 2052 2030 2031 
3 2093 2094 2095 
3 2052 2031 2058 
3 2058 2031 2079 
3 2057 2053 2058 
3 2038 2034 2096 
3 2096 2034 2051 
3 2021 2012 2097 
3 2097 2012 2019 
3 2057 2058 2098 
3 2098 2058 2079 
3 2098 2079 2080 
3 2019 2057 2099 
3 2099 2057 2098 
3 2097 2019 2099 
3 2098 2080 2100 
3 2100 2080 2081 
3 2099 2098 2100 
3 2097 2099 2101 
3 2101 2099 2100 
3 2100 2081 2102 
3 2102 2081 2082 
3 2101 2100 2102 
3 2075 2076 2103 
3 2103 2076 2090 
3 2104 2075 2103 
3 2023 2021 2105 
3 2105 2021 2097 
3 2105 2097 2101 
3 2105 2101 2106 
3 2106 2101 2102 
3 2106 2102 2107 
3 2102 2082 2107 
3 2025 2023 2108 
3 2108 2023 2105 
3 2108 2105 2106 
3 2108 2106 2109 
3 2109 2106 2107 
3 2109 2107 2110 
3 2110 2083 2084 
3 2027 2025 2111 
3 2111 2025 2108 
3 2111 2108 2109 
3 2111 2109 2112 
3 2112 2109 2110 
3 2029 2027 2113 
3 2113 2027 2111 
3 2113 2111 2112 
3 2040 2038 2114 
3 2114 2038 2096 
3 2042 2040 2115 
3 2115 2040 2114 
3 2044 2029 2116 
3 2116 2029 2113 
3 2116 2113 2117 
3 2117 2113 2112 
3 2117 2112 2118 
3 2118 2112 2110 
3 2118 2110 2084 
3 2118 2084 2085 
3 2117 2118 2119 
3 2119 2118 2085 
3 2119 2085 2120 
3 2120 2085 2086 
3 2116 2117 2121 
3 2121 2117 2119 
3 2121 2119 2122 
3 2122 2119 2120 
3 2044 2116 2123 
3 2123 2116 2121 
3 2046 2044 2123 
3 2048 2046 2124 
3 2124 2046 2123 
3 2050 2048 2125 
3 2125 2048 2124 
3 2051 2050 2126 
3 2126 2050 2125 
3 2096 2051 2126 
3 2114 2096 2127 
3 2127 2096 2126 
3 2115 2114 2128 
3 2128 2114 2127 
3 2123 2121 2129 
3 2129 2121 2122 
3 2124 2123 2129 
3 2056 2042 2130 
3 2130 2042 2115 
3 2130 2115 2131 
3 2131 2115 2128 
3 2120 2086 2132 
3 2132 2086 2087 
3 2122 2120 2132 
3 2129 2122 2133 
3 2133 2122 2132 
3 2124 2129 2134 
3 2134 2129 2133 
3 2125 2124 2135 
3 2071 2070 2136 
3 2136 2070 2068 
3 2136 2068 2137 
3 2137 2068 2066 
3 2137 2066 2138 
3 2138 2066 2064 
3 2138 2064 2139 
3 2139 2064 2061 
3 2139 2061 2072 
3 2139 2072 2140 
3 2140 2072 2074 
3 2141 2104 2142 
3 2142 2104 2103 
3 2138 2139 2143 
3 2143 2139 2140 
3 2137 2138 2144 
3 2144 2138 2143 
3 2136 2137 2145 
3 2145 2137 2144 
3 2071 2136 2146 
3 2146 2136 2145 
3 2089 2071 2146 
3 2088 2089 2147 
3 2147 2089 2146 
3 2087 2088 2147 
3 2132 2087 2148 
3 2148 2087 2147 
3 2133 2132 2148 
3 2148 2147 2149 
3 2149 2147 2146 
3 2149 2146 2145 
3 2133 2148 2150 
3 2150 2148 2149 
3 2134 2133 2150 
3 2150 2149 2151 
3 2151 2149 2145 
3 2151 2145 2152 
3 2152 2145 2144 
3 2134 2150 2153 
3 2153 2150 2151 
3 2124 2134 2135 
3 2135 2134 2153 
3 2126 2125 2154 
3 2154 2125 2135 
3 2127 2126 2154 
3 2128 2127 2155 
3 2155 2127 2154 
3 2131 2128 2156 
3 2156 2128 2155 
3 2155 2154 2157 
3 2157 2154 2135 
3 2156 2155 2158 
3 2157 2135 2153 
3 2153 2151 2159 
3 2159 2151 2152 
3 2157 2153 2160 
3 2160 2153 2159 
3 2155 2157 2158 
3 2158 2157 2160 
3 2131 2156 2161 
3 2161 2156 2158 
3 2130 2131 2162 
3 2162 2131 2161 
3 2159 2152 2163 
3 2164 2152 2144 
3 2164 2144 2143 
3 2164 2143 2165 
3 2165 2143 2141 
3 2165 2141 2166 
3 2166 2141 2142 
3 2056 2130 2167 
3 2167 2130 2162 
3 2054 2056 2167 
3 2094 2168 2095 
3 2095 2168 2169 
3 2091 2093 2170 
3 2170 2093 2095 
3 2090 2091 2171 
3 2171 2091 2170 
3 2103 2090 2172 
3 2172 2090 2171 
3 2142 2103 2172 
3 2166 2142 2173 
3 2173 2142 2172 
3 2173 2172 2174 
3 2174 2172 2171 
3 2174 2171 2170 
3 2174 2170 2175 
3 2175 2170 2095 
3 2175 2095 2169 
3 2169 2168 2167 
3 2169 2167 2176 
3 2176 2167 2162 
3 2176 2162 2177 
3 2177 2162 2161 
3 2177 2161 2178 
3 2178 2161 2158 
3 2178 2158 2160 
3 2178 2160 2163 
3 2163 2160 2159 
3 2163 2152 2164 
3 2163 2164 2179 
3 2179 2164 2165 
3 2178 2163 2179 
3 2177 2178 2180 
3 2180 2178 2179 
3 2180 2179 2181 
3 2181 2179 2165 
3 2181 2165 2166 
3 2181 2166 2173 
3 2181 2173 2182 
3 2182 2173 2174 
3 2182 2174 2175 
3 2180 2181 2182 
3 2182 2175 2183 
3 2183 2175 2169 
3 2180 2182 2183 
3 2177 2180 2183 
3 2177 2183 2176 
3 2176 2183 2169 
3 2082 2083 2107 
3 2110 2107 2083 
3 2032 2054 2168 
3 2167 2168 2054 
3 2075 2104 2074 
3 2140 2074 2104 
3 2009 2032 2094 
3 2168 2094 2032 
3 2104 2141 2140 
3 2143 2140 2141 
3 457 400 2184 
3 456 457 2184 
3 456 2184 2185 
3 454 456 2185 
3 454 2185 2186 
3 452 454 2186 
3 452 2186 2187 
3 447 452 2187 
3 447 2187 2188 
3 2189 447 2188 
3 2189 2188 2190 
3 2191 2192 2193 
3 2191 2193 2194 
3 2195 2191 2194 
3 2196 2191 2195 
3 2196 2195 2197 
3 2198 2196 2197 
3 2198 2197 2199 
3 2200 2198 2199 
3 2200 2199 2201 
3 2202 2200 2201 
3 2202 2201 2203 
3 2204 2202 2203 
3 2204 2203 2205 
3 2206 2204 2205 
3 2206 2205 2207 
3 2208 2206 2207 
3 2208 2207 2209 
3 2210 2208 2209 
3 2210 2209 2211 
3 2212 2210 2211 
3 2212 2211 2213 
3 2214 2212 2213 
3 2214 2213 2215 
3 2216 2214 2215 
3 2216 2215 2217 
3 2218 2216 2217 
3 2218 2217 2219 
3 2220 2218 2219 
3 2221 2220 2219 
3 2221 2219 2222 
3 2223 2221 2222 
3 2223 2222 2224 
3 2225 2189 2190 
3 2225 2190 2226 
3 2225 2226 2227 
3 2227 2226 2228 
3 2229 2225 2227 
3 2230 2229 2227 
3 2223 2224 2231 
3 2231 2224 2232 
3 2233 2223 2231 
3 2234 2232 2230 
3 2230 2227 2234 
3 2234 2227 2228 
3 2231 2232 2234 
3 2228 2233 2234 
3 2234 2233 2231 
3 293 292 1020 
3 300 293 1020 
3 300 1020 1018 
3 2235 300 1018 
3 2235 1018 1016 
3 2236 2235 1016 
3 2236 1016 1014 
3 2237 2236 1014 
3 2237 1014 1012 
3 2238 2237 1012 
3 2238 1012 1010 
3 2239 2238 1010 
3 2239 1010 1008 
3 2240 2239 1008 
3 2240 1008 1006 
3 2241 2240 1006 
3 2241 1006 1004 
3 2242 2241 1004 
3 2242 1004 1002 
3 2243 2242 1002 
3 2243 1002 1000 
3 2244 2243 1000 
3 2244 1000 970 
3 2245 2244 970 
3 2245 970 965 
3 2246 2245 965 
3 2246 965 963 
3 2247 2246 963 
3 2247 963 961 
3 2248 2247 961 
3 2248 961 959 
3 2249 2248 959 
3 2249 959 957 
3 2250 2249 957 
3 2250 957 955 
3 2251 2250 955 
3 2251 955 953 
3 2252 2251 953 
3 2252 953 951 
3 2253 2252 951 
3 2253 951 949 
3 2254 2253 949 
3 2254 949 947 
3 2255 2254 947 
3 2255 947 919 
3 2256 2255 919 
3 2256 919 2257 
3 2257 919 918 
3 2258 2256 2257 
3 2259 2258 2260 
3 2260 2258 2257 
3 490 489 2261 
3 2261 489 1769 
3 2261 1769 2262 
3 2262 1769 1768 
3 2262 1768 2263 
3 2262 2263 2264 
3 2264 2263 2265 
3 496 490 2266 
3 2266 490 2261 
3 497 496 2267 
3 2267 496 2266 
3 871 497 2267 
3 2264 2265 2268 
3 2268 2265 2269 
3 2270 2259 2271 
3 2271 2259 2260 
3 2272 2270 2273 
3 2273 2270 2271 
3 2274 2272 2275 
3 2275 2272 2273 
3 2276 2274 2277 
3 2277 2274 2275 
3 2278 2276 2277 
3 2268 2269 2279 
3 2279 2269 2278 
3 2279 2278 2277 
3 879 871 2280 
3 2280 871 2267 
3 890 879 2281 
3 2281 879 2280 
3 914 890 2282 
3 2282 890 2281 
3 916 914 2283 
3 2283 914 2282 
3 918 916 2284 
3 2284 916 2283 
3 2257 918 2284 
3 2260 2257 2284 
3 2271 2260 2285 
3 2285 2260 2284 
3 2285 2284 2283 
3 2261 2262 2286 
3 2286 2262 2264 
3 2266 2261 2286 
3 2286 2264 2287 
3 2287 2264 2268 
3 2266 2286 2287 
3 2267 2266 2287 
3 2280 2267 2287 
3 2271 2285 2288 
3 2288 2285 2289 
3 2273 2271 2288 
3 2285 2283 2289 
3 2289 2283 2282 
3 2273 2288 2290 
3 2290 2288 2289 
3 2275 2273 2290 
3 2289 2282 2291 
3 2291 2282 2281 
3 2290 2289 2291 
3 2291 2281 2292 
3 2292 2281 2280 
3 2292 2280 2287 
3 2292 2287 2268 
3 2292 2268 2279 
3 2292 2279 2293 
3 2291 2292 2293 
3 2291 2293 2290 
3 2290 2293 2275 
3 2279 2277 2293 
3 2275 2293 2277 
3 310 312 2294 
3 2295 860 318 
3 2295 318 320 
3 2296 2295 320 
3 2296 320 322 
3 2297 2296 322 
3 2297 322 324 
3 2298 2297 324 
3 308 310 2294 
3 308 2294 2299 
3 302 308 2299 
3 302 2299 2300 
3 303 302 2300 
3 303 2300 2301 
3 2302 303 2301 
3 2302 2301 2303 
3 361 2302 2303 
3 2298 324 326 
3 2304 2298 326 
3 2304 326 328 
3 2305 2304 328 
3 361 2303 2306 
3 2307 361 2306 
3 2307 2306 2308 
3 2309 2307 2308 
3 2309 2308 2310 
3 2311 2309 2310 
3 2311 2310 2312 
3 2313 2311 2312 
3 2313 2312 2314 
3 2315 2313 2314 
3 2315 2314 2316 
3 2317 2315 2316 
3 2318 328 330 
3 2318 2305 328 
3 2319 2318 330 
3 2319 330 332 
3 2320 2319 332 
3 2320 332 334 
3 2321 2320 334 
3 2321 334 336 
3 2322 2321 336 
3 2322 336 2323 
3 2322 2323 339 
3 2324 2322 339 
3 2324 339 341 
3 2325 2324 341 
3 2325 341 343 
3 1891 2325 343 
3 1892 343 345 
3 1892 1891 343 
3 1895 1892 345 
3 1895 345 347 
3 1897 1895 347 
3 1897 347 307 
3 1899 1897 307 
3 1899 307 306 
3 2326 1899 306 
3 2326 306 2327 
3 1902 2326 2327 
3 1902 2327 2328 
3 1904 1902 2328 
3 1904 2328 2329 
3 1906 1904 2329 
3 1906 2329 2330 
3 1908 1906 2330 
3 1908 2330 2331 
3 1910 1908 2331 
3 1910 2331 2332 
3 1912 1910 2332 
3 1912 2332 2333 
3 1915 1912 2333 
3 1915 2333 2334 
3 1917 1915 2334 
3 1917 2334 2335 
3 1920 1917 2335 
3 2336 1920 2335 
3 2336 2335 2337 
3 2338 2336 2337 
3 2338 2337 2339 
3 2340 2338 2339 
3 2340 2339 2341 
3 2342 2340 2341 
3 2342 2341 2343 
3 2343 2317 2342 
3 2342 2317 2316 
3 2302 361 363 
3 365 304 303 
3 365 303 363 
3 363 303 2302 
3 2229 2230 2344 
3 2230 2232 2345 
3 2232 2224 2346 
3 2224 2222 1588 
3 2222 2219 1589 
3 2219 2217 1603 
3 2217 2215 1603 
3 2215 2213 1608 
3 2213 2211 1610 
3 2211 2209 1614 
3 2209 2207 1616 
3 2207 2205 1657 
3 2205 2203 1659 
3 2203 2201 1661 
3 2201 2199 1663 
3 2199 2197 1665 
3 2197 2195 1667 
3 2195 2194 1669 
3 2194 2193 1679 
3 2347 1681 2193 
3 1682 1681 2347 
3 2347 2348 1682 
3 2348 2349 1714 
3 2349 2350 1712 
3 2350 2351 1710 
3 2351 2276 1708 
3 2276 2278 1706 
3 2278 2269 1704 
3 2269 2265 1702 
3 2265 2263 1700 
3 2263 1768 1696 
3 1768 1767 1692 
3 1767 2352 1690 
3 2352 2353 1689 
3 2353 2354 1685 
3 2354 2355 1683 
3 2356 1677 2355 
3 1676 1677 2356 
3 2356 2357 1676 
3 2357 2358 1644 
3 2358 1675 1644 
3 2357 1644 1676 
3 1677 1683 2355 
3 1683 1685 2354 
3 1685 1689 2353 
3 1689 1690 2352 
3 1690 1692 1767 
3 1692 1696 1768 
3 1696 1698 2263 
3 2263 1698 1700 
3 2265 1700 1702 
3 2269 1702 1704 
3 2278 1704 1706 
3 2276 1706 1708 
3 2351 1708 1710 
3 2350 1710 1712 
3 2349 1712 1714 
3 2348 1714 1682 
3 1681 1679 2193 
3 1679 1669 2194 
3 1669 1667 2195 
3 1667 1665 2197 
3 1665 1663 2199 
3 1663 1661 2201 
3 1661 1659 2203 
3 1659 1657 2205 
3 1657 1616 2207 
3 1616 1614 2209 
3 1614 1612 2211 
3 2211 1612 1610 
3 2213 1610 1608 
3 2215 1608 1603 
3 2219 1603 1589 
3 1589 1588 2222 
3 1588 2346 2224 
3 2346 2345 2232 
3 2345 2344 2230 
3 2344 2359 2229 
3 2360 2361 2362 
3 2363 2360 2364 
3 2364 2360 2362 
3 2364 2362 2365 
3 2366 2363 2367 
3 2367 2363 2364 
3 2367 2364 2368 
3 2368 2364 2365 
3 2368 2365 2369 
3 2370 2366 2371 
3 2371 2366 2367 
3 2372 2370 2373 
3 2373 2370 2371 
3 2374 2372 2375 
3 2375 2372 2373 
3 2376 2374 2377 
3 2377 2374 2375 
3 2378 2376 2379 
3 2379 2376 2377 
3 2380 2378 2381 
3 2381 2378 2379 
3 2382 2380 2383 
3 2383 2380 2381 
3 2384 2382 2385 
3 2385 2382 2383 
3 2386 2384 2387 
3 2387 2384 2385 
3 2388 2386 2389 
3 2389 2386 2387 
3 2390 2388 2389 
3 2368 2369 2391 
3 2391 2369 2392 
3 2393 2390 2394 
3 2394 2390 2389 
3 2395 2393 2396 
3 2396 2393 2394 
3 2397 2395 2398 
3 2398 2395 2396 
3 2399 2397 2400 
3 2400 2397 2398 
3 265 2399 2401 
3 2401 2399 2400 
3 255 265 2402 
3 2402 265 2401 
3 247 255 2403 
3 2403 255 2402 
3 248 247 2404 
3 2404 247 2403 
3 2405 248 2404 
3 2391 2392 2406 
3 2406 2392 2407 
3 2406 2407 2408 
3 2408 2407 2409 
3 2408 2409 2410 
3 2410 2409 2411 
3 2410 2411 2412 
3 2412 2411 2413 
3 2412 2413 2414 
3 2414 2413 2415 
3 2414 2415 2416 
3 2416 2415 2417 
3 2416 2417 2418 
3 2418 2417 2419 
3 2418 2419 2420 
3 2420 2419 2421 
3 2420 2421 2422 
3 2422 2421 2423 
3 2424 2425 2426 
3 2426 2425 2427 
3 2423 2424 2428 
3 2428 2424 2426 
3 2422 2423 2428 
3 2426 2427 2429 
3 2429 2427 2430 
3 2429 2430 2431 
3 2431 2430 2432 
3 2431 2432 2433 
3 2433 2432 2434 
3 2433 2434 2435 
3 2433 2435 2436 
3 2436 2435 2437 
3 2436 2437 2438 
3 2438 2437 2439 
3 2438 2439 2440 
3 2438 2440 2441 
3 2441 2440 2442 
3 2441 2442 2443 
3 2443 2442 2444 
3 2443 2444 2445 
3 2445 2444 2405 
3 2445 2405 2404 
3 2367 2368 2446 
3 2446 2368 2391 
3 2371 2367 2446 
3 2446 2391 2447 
3 2447 2391 2406 
3 2371 2446 2448 
3 2448 2446 2447 
3 2373 2371 2448 
3 2431 2433 2449 
3 2449 2433 2436 
3 2429 2431 2450 
3 2450 2431 2449 
3 2426 2429 2451 
3 2451 2429 2450 
3 2428 2426 2451 
3 2422 2428 2452 
3 2452 2428 2451 
3 2447 2406 2453 
3 2453 2406 2408 
3 2448 2447 2454 
3 2454 2447 2453 
3 2373 2448 2455 
3 2455 2448 2454 
3 2420 2422 2456 
3 2456 2422 2452 
3 2418 2420 2457 
3 2457 2420 2456 
3 2416 2418 2457 
3 2414 2416 2458 
3 2458 2416 2457 
3 2412 2414 2459 
3 2459 2414 2458 
3 2410 2412 2460 
3 2460 2412 2459 
3 2408 2410 2461 
3 2461 2410 2460 
3 2453 2408 2461 
3 2449 2436 2462 
3 2462 2436 2438 
3 2462 2438 2463 
3 2463 2438 2441 
3 2450 2449 2464 
3 2465 2449 2462 
3 2451 2450 2466 
3 2466 2450 2464 
3 2452 2451 2466 
3 2456 2452 2467 
3 2467 2452 2466 
3 2457 2456 2468 
3 2468 2456 2467 
3 2458 2457 2468 
3 2459 2458 2469 
3 2469 2458 2468 
3 2460 2459 2470 
3 2470 2459 2469 
3 2461 2460 2471 
3 2471 2460 2470 
3 2453 2461 2472 
3 2472 2461 2471 
3 2454 2453 2472 
3 2455 2454 2473 
3 2473 2454 2472 
3 2377 2375 2474 
3 2474 2455 2473 
3 2379 2377 2475 
3 2475 2377 2474 
3 2381 2379 2476 
3 2476 2379 2475 
3 2383 2381 2477 
3 2477 2381 2476 
3 2385 2383 2478 
3 2478 2383 2477 
3 2387 2385 2479 
3 2479 2385 2478 
3 2389 2387 2480 
3 2480 2387 2479 
3 2394 2389 2480 
3 2396 2394 2481 
3 2481 2394 2480 
3 2398 2396 2482 
3 2482 2396 2481 
3 2400 2398 2482 
3 2474 2473 2483 
3 2483 2473 2484 
3 2475 2474 2483 
3 2473 2472 2484 
3 2484 2472 2471 
3 2463 2441 2485 
3 2485 2441 2443 
3 2462 2463 2486 
3 2486 2463 2485 
3 2465 2462 2486 
3 2481 2480 2487 
3 2487 2480 2479 
3 2482 2481 2488 
3 2488 2481 2487 
3 2400 2482 2489 
3 2489 2482 2488 
3 2401 2400 2489 
3 2402 2401 2490 
3 2490 2401 2489 
3 2403 2402 2491 
3 2491 2402 2490 
3 2404 2403 2492 
3 2492 2403 2491 
3 2445 2404 2492 
3 2443 2445 2493 
3 2493 2445 2492 
3 2485 2443 2494 
3 2494 2443 2493 
3 2487 2479 2495 
3 2495 2479 2478 
3 2495 2478 2496 
3 2496 2478 2477 
3 2496 2477 2497 
3 2497 2477 2476 
3 2497 2476 2498 
3 2498 2476 2475 
3 2498 2475 2483 
3 2498 2483 2499 
3 2499 2483 2484 
3 2494 2493 2500 
3 2500 2493 2492 
3 2500 2492 2501 
3 2501 2492 2491 
3 2501 2491 2502 
3 2502 2491 2490 
3 2502 2490 2503 
3 2503 2490 2489 
3 2503 2489 2504 
3 2504 2489 2488 
3 2504 2488 2505 
3 2505 2488 2487 
3 2505 2487 2495 
3 2499 2484 2506 
3 2506 2484 2471 
3 2506 2471 2507 
3 2507 2471 2470 
3 2507 2470 2508 
3 2508 2470 2469 
3 2508 2469 2509 
3 2509 2469 2468 
3 2509 2468 2510 
3 2510 2468 2467 
3 2510 2467 2511 
3 2511 2467 2466 
3 2511 2466 2512 
3 2512 2466 2464 
3 2512 2465 2513 
3 2513 2465 2486 
3 2498 2499 2514 
3 2515 2499 2506 
3 2497 2498 2514 
3 2514 2499 2515 
3 2496 2497 2516 
3 2516 2497 2514 
3 2495 2496 2517 
3 2505 2495 2517 
3 2517 2496 2516 
3 2504 2505 2518 
3 2518 2505 2517 
3 2503 2504 2518 
3 2502 2503 2519 
3 2519 2503 2518 
3 2501 2502 2520 
3 2520 2502 2519 
3 2500 2501 2521 
3 2521 2501 2520 
3 2506 2507 2522 
3 2522 2507 2508 
3 2515 2506 2522 
3 2522 2508 2523 
3 2524 2508 2509 
3 2524 2509 2510 
3 2524 2510 2525 
3 2525 2510 2511 
3 2525 2511 2526 
3 2526 2511 2512 
3 2526 2512 2513 
3 2515 2522 2527 
3 2527 2522 2523 
3 2514 2515 2528 
3 2528 2515 2527 
3 2516 2514 2528 
3 2517 2516 2529 
3 2529 2516 2528 
3 2518 2517 2530 
3 2530 2517 2529 
3 2519 2518 2530 
3 2520 2519 2531 
3 2531 2519 2530 
3 2521 2520 2532 
3 2532 2520 2531 
3 2529 2528 2533 
3 2533 2528 2527 
3 2530 2529 2533 
3 2531 2530 2533 
3 2532 2531 2534 
3 2534 2531 2533 
3 2534 2533 2535 
3 2535 2533 2527 
3 2535 2527 2523 
3 2535 2523 2536 
3 2536 2524 2525 
3 2536 2525 2537 
3 2537 2525 2526 
3 2537 2526 2538 
3 2538 2526 2513 
3 2538 2513 2539 
3 2513 2486 2539 
3 2539 2486 2485 
3 2539 2485 2494 
3 2539 2494 2540 
3 2540 2494 2500 
3 2540 2500 2521 
3 2540 2521 2541 
3 2541 2521 2532 
3 2539 2540 2542 
3 2542 2540 2541 
3 2538 2539 2542 
3 2541 2532 2543 
3 2543 2532 2534 
3 2542 2541 2543 
3 2543 2534 2544 
3 2544 2534 2535 
3 2544 2535 2536 
3 2544 2536 2537 
3 2543 2544 2545 
3 2545 2544 2537 
3 2542 2543 2545 
3 2542 2545 2538 
3 2538 2545 2537 
3 2373 2455 2375 
3 2474 2375 2455 
3 2449 2465 2464 
3 2512 2464 2465 
3 2536 2523 2524 
3 2508 2524 2523 
3 2546 2256 2258 
3 2274 2276 2351 
3 2347 2193 2192 
3 2547 2347 2192 
3 2547 2192 2548 
3 2547 2548 2549 
3 2549 2548 2550 
3 2348 2347 2551 
3 2551 2347 2547 
3 2274 2351 2552 
3 2552 2351 2350 
3 2272 2274 2552 
3 2549 2550 2553 
3 2553 2550 2554 
3 2552 2350 2555 
3 2555 2350 2349 
3 2349 2348 2556 
3 2556 2348 2551 
3 2555 2349 2556 
3 2553 2554 2557 
3 2557 2554 2546 
3 2557 2546 2258 
3 2557 2258 2259 
3 2557 2259 2558 
3 2558 2259 2270 
3 2558 2270 2559 
3 2559 2270 2272 
3 2559 2272 2552 
3 2559 2552 2555 
3 2553 2557 2558 
3 2559 2555 2556 
3 2558 2559 2560 
3 2560 2559 2556 
3 2553 2558 2560 
3 2549 2553 2560 
3 2560 2556 2551 
3 2560 2551 2549 
3 2549 2551 2547 
3 1318 921 920 
3 2561 2562 483 
3 2563 2561 483 
3 2564 2563 2565 
3 2565 2563 483 
3 2565 483 484 
3 1320 1318 2566 
3 2566 1318 920 
3 2566 920 924 
3 2566 924 2567 
3 2567 924 926 
3 2567 926 2568 
3 1320 2566 2569 
3 2569 2566 2567 
3 1338 1320 2569 
3 2565 484 2570 
3 2570 484 481 
3 2570 481 2571 
3 2571 481 480 
3 2571 480 2572 
3 2572 480 479 
3 2572 479 2573 
3 2573 479 476 
3 2573 476 2574 
3 2574 476 467 
3 2574 467 2575 
3 2575 467 466 
3 1340 1338 2576 
3 2576 1338 2569 
3 1348 1340 2577 
3 2577 1340 2576 
3 2564 2565 2578 
3 2578 2565 2570 
3 2579 2564 2578 
3 2580 2579 2581 
3 2581 2579 2578 
3 2582 2580 2583 
3 2583 2580 2581 
3 2584 2582 2585 
3 2585 2582 2583 
3 2586 2584 2585 
3 2587 2586 2588 
3 2588 2586 2585 
3 2589 2587 2590 
3 2590 2587 2588 
3 1350 1348 2591 
3 2591 1348 2577 
3 1352 1350 2592 
3 2592 1350 2591 
3 1354 1352 2593 
3 2593 1352 2592 
3 1356 1354 2594 
3 2594 1354 2593 
3 1358 1356 2595 
3 2595 1356 2594 
3 1360 1358 2596 
3 2596 1358 2595 
3 1316 1360 2597 
3 2597 1360 2596 
3 1308 1316 2598 
3 2598 1316 2597 
3 466 1308 2599 
3 2599 1308 2598 
3 2575 466 2599 
3 2576 2569 2567 
3 2576 2567 2568 
3 2576 2568 2600 
3 2577 2576 2600 
3 2577 2600 2601 
3 2591 2577 2601 
3 2591 2601 2602 
3 2592 2591 2602 
3 2592 2602 2603 
3 2593 2592 2603 
3 2593 2603 2604 
3 2594 2593 2604 
3 2594 2604 2605 
3 2595 2594 2605 
3 2595 2605 2606 
3 2596 2595 2606 
3 2596 2606 2607 
3 2596 2607 2608 
3 2597 2596 2608 
3 2597 2608 2589 
3 2598 2597 2589 
3 2598 2589 2590 
3 2599 2598 2590 
3 2581 2578 2571 
3 2578 2570 2571 
3 2581 2571 2572 
3 2583 2581 2572 
3 2583 2572 2573 
3 2583 2573 2609 
3 2609 2573 2574 
3 2588 2609 2575 
3 2609 2574 2575 
3 2575 2599 2588 
3 2588 2599 2590 
3 2588 2585 2609 
3 2583 2609 2585 
3 2562 2561 2444 
3 394 2562 2444 
3 394 2444 2442 
3 395 394 2442 
3 395 2442 2440 
3 397 395 2440 
3 397 2440 2439 
3 399 397 2439 
3 399 2439 2610 
3 2610 2439 2437 
3 405 399 2610 
3 2610 2437 2611 
3 2611 2437 2435 
3 2548 2192 2612 
3 2612 2192 2191 
3 2362 2361 2613 
3 2613 2361 2554 
3 2613 2554 2550 
3 2365 2362 2614 
3 2614 2362 2613 
3 2369 2365 2615 
3 2615 2365 2614 
3 2392 2369 2616 
3 2616 2369 2615 
3 2407 2392 2617 
3 2617 2392 2616 
3 2409 2407 2618 
3 2618 2407 2617 
3 2411 2409 2619 
3 2619 2409 2618 
3 2413 2411 2620 
3 2620 2411 2619 
3 2415 2413 2621 
3 2621 2413 2620 
3 2417 2415 2622 
3 2622 2415 2621 
3 2612 2191 2623 
3 2623 2191 2196 
3 2623 2196 2198 
3 2623 2198 2624 
3 2624 2198 2200 
3 2614 2613 2625 
3 2625 2613 2550 
3 2625 2550 2548 
3 2625 2548 2626 
3 2626 2548 2612 
3 405 2610 2611 
3 403 405 2611 
3 2611 2435 2627 
3 2627 2435 2434 
3 2184 400 2628 
3 2628 400 403 
3 403 2611 2627 
3 2628 403 2627 
3 2185 2184 2629 
3 2629 2184 2628 
3 2186 2185 2630 
3 2630 2185 2629 
3 2187 2186 2630 
3 2188 2187 2631 
3 2631 2187 2630 
3 2190 2188 2631 
3 2624 2200 2632 
3 2632 2200 2202 
3 2632 2202 2633 
3 2633 2202 2204 
3 2633 2204 2634 
3 2634 2204 2206 
3 2634 2206 2635 
3 2635 2206 2208 
3 2635 2208 2636 
3 2636 2208 2210 
3 2636 2210 2637 
3 2637 2210 2212 
3 2637 2212 2638 
3 2638 2212 2214 
3 2638 2214 2639 
3 2639 2214 2216 
3 2639 2216 2640 
3 2640 2216 2218 
3 2640 2218 2641 
3 2641 2218 2220 
3 2641 2220 2642 
3 2642 2220 2221 
3 2642 2221 2643 
3 2643 2221 2223 
3 2643 2223 2233 
3 2643 2233 2644 
3 2644 2233 2228 
3 2644 2228 2645 
3 2645 2228 2226 
3 2645 2226 2646 
3 2646 2226 2190 
3 2646 2190 2631 
3 2419 2417 2647 
3 2647 2417 2622 
3 2421 2419 2648 
3 2648 2419 2647 
3 2423 2421 2649 
3 2649 2421 2648 
3 2424 2423 2650 
3 2650 2423 2649 
3 2425 2424 2651 
3 2651 2424 2650 
3 2427 2425 2652 
3 2652 2425 2653 
3 2653 2425 2651 
3 2430 2427 2654 
3 2654 2427 2652 
3 2432 2430 2655 
3 2655 2430 2654 
3 2434 2432 2656 
3 2656 2432 2655 
3 2627 2434 2657 
3 2657 2434 2656 
3 2628 2627 2657 
3 2629 2628 2657 
3 2630 2629 2657 
3 2630 2657 2656 
3 2631 2630 2656 
3 2631 2656 2655 
3 2646 2631 2655 
3 2646 2655 2654 
3 2645 2646 2654 
3 2645 2654 2652 
3 2644 2645 2652 
3 2644 2652 2653 
3 2643 2644 2653 
3 2643 2653 2651 
3 2642 2643 2651 
3 2642 2651 2650 
3 2641 2642 2650 
3 2641 2650 2649 
3 2641 2649 2640 
3 2640 2649 2648 
3 2639 2640 2658 
3 2658 2640 2648 
3 2658 2648 2647 
3 2626 2659 2660 
3 2659 2612 2623 
3 2638 2639 2661 
3 2661 2639 2658 
3 2661 2658 2647 
3 2661 2647 2622 
3 2637 2638 2662 
3 2662 2638 2661 
3 2662 2661 2622 
3 2636 2637 2663 
3 2663 2637 2662 
3 2663 2662 2622 
3 2663 2622 2621 
3 2635 2636 2664 
3 2664 2636 2663 
3 2664 2663 2621 
3 2664 2621 2620 
3 2634 2635 2665 
3 2665 2635 2664 
3 2665 2664 2620 
3 2665 2620 2619 
3 2633 2634 2666 
3 2666 2634 2665 
3 2666 2665 2619 
3 2666 2619 2667 
3 2667 2619 2618 
3 2667 2618 2668 
3 2668 2618 2617 
3 2668 2617 2669 
3 2669 2617 2616 
3 2669 2616 2670 
3 2670 2616 2615 
3 2670 2615 2671 
3 2671 2615 2614 
3 2671 2614 2625 
3 2671 2625 2626 
3 2671 2626 2660 
3 2670 2671 2660 
3 2633 2666 2672 
3 2672 2666 2667 
3 2632 2633 2672 
3 2672 2667 2668 
3 2632 2672 2673 
3 2673 2672 2668 
3 2624 2632 2673 
3 2673 2668 2669 
3 2673 2669 2674 
3 2674 2669 2670 
3 2674 2670 2660 
3 2624 2673 2674 
3 2624 2674 2659 
3 2624 2659 2623 
3 2674 2660 2659 
3 2612 2659 2626 
3 1925 1920 2336 
3 312 314 932 
3 312 932 1033 
3 2294 312 1033 
3 2294 1033 998 
3 2299 2294 998 
3 2299 998 996 
3 2300 2299 996 
3 2300 996 994 
3 2301 2300 994 
3 2301 994 992 
3 2303 2301 992 
3 2303 992 990 
3 2303 990 1893 
3 2306 2303 1893 
3 2306 1893 1922 
3 2308 2306 1922 
3 2308 1922 1957 
3 2310 2308 1957 
3 2310 1957 1959 
3 2312 2310 1959 
3 2312 1959 1960 
3 2314 2312 1960 
3 2314 1960 1962 
3 2316 2314 1962 
3 2316 1962 1964 
3 2342 2316 1964 
3 2342 1964 1966 
3 2340 2342 1966 
3 2338 2340 1966 
3 2338 1966 1942 
3 1942 1925 2338 
3 2338 1925 2336 
3 241 242 2675 
3 2013 146 148 
3 241 2675 2676 
3 226 241 2676 
3 226 2676 2677 
3 223 226 2677 
3 223 2677 2678 
3 2678 2677 2679 
3 221 223 2678 
3 2678 2679 2680 
3 2680 2679 2681 
3 2680 2681 2682 
3 2682 2681 2683 
3 221 2678 2680 
3 219 221 2680 
3 2020 2013 2684 
3 2684 2013 148 
3 2684 148 150 
3 2053 2020 2685 
3 2685 2020 2684 
3 2018 2053 2686 
3 2686 2053 2685 
3 2016 2018 2687 
3 2687 2018 2686 
3 2688 2016 2689 
3 2689 2016 2687 
3 2684 150 2690 
3 2690 150 152 
3 2690 152 2691 
3 2691 152 154 
3 2691 154 2692 
3 2692 154 156 
3 2692 156 2693 
3 2693 156 158 
3 2693 158 2694 
3 2694 158 160 
3 2694 160 2695 
3 2695 160 162 
3 2695 162 2696 
3 2696 162 164 
3 2696 164 2697 
3 2697 164 166 
3 2697 166 2698 
3 2698 166 169 
3 2698 169 172 
3 2682 2683 2699 
3 2699 2683 2700 
3 2699 2700 2701 
3 2701 2700 2702 
3 219 2680 2682 
3 217 219 2682 
3 217 2682 2699 
3 215 217 2699 
3 2701 2702 2703 
3 2703 2702 2704 
3 2703 2704 2705 
3 2705 2704 2706 
3 2705 2706 2707 
3 2707 2706 2708 
3 2707 2708 2709 
3 2709 2708 2710 
3 2709 2710 2711 
3 2711 2710 2712 
3 2711 2712 2713 
3 2713 2712 2714 
3 2713 2714 2715 
3 2715 2714 2716 
3 2715 2716 2717 
3 2717 2716 2718 
3 2717 2718 2719 
3 2719 2718 2720 
3 2721 2688 2722 
3 2722 2688 2689 
3 2723 2721 2724 
3 2724 2721 2722 
3 2725 2723 2726 
3 2726 2723 2724 
3 2727 2725 2728 
3 2728 2725 2726 
3 2720 2727 2729 
3 2729 2727 2728 
3 2719 2720 2729 
3 215 2699 2701 
3 213 215 2701 
3 213 2701 2703 
3 211 213 2703 
3 211 2703 2705 
3 209 211 2705 
3 209 2705 2707 
3 208 209 2707 
3 208 2707 2709 
3 207 208 2709 
3 207 2709 2711 
3 206 207 2711 
3 206 2711 2730 
3 2730 2711 2713 
3 205 206 2730 
3 203 205 2731 
3 2731 205 2730 
3 201 203 2732 
3 2732 203 2731 
3 200 201 2733 
3 2733 201 2732 
3 197 200 2734 
3 2734 200 2733 
3 185 197 2735 
3 2735 197 2734 
3 173 185 2736 
3 2736 185 2735 
3 172 173 2737 
3 2737 173 2736 
3 2698 172 2738 
3 2738 172 2737 
3 2685 2684 2690 
3 2686 2685 2690 
3 2731 2730 2739 
3 2739 2730 2713 
3 2739 2713 2715 
3 2732 2731 2740 
3 2740 2731 2739 
3 2740 2739 2741 
3 2741 2739 2715 
3 2741 2715 2717 
3 2686 2690 2742 
3 2742 2690 2691 
3 2687 2686 2742 
3 2689 2687 2743 
3 2743 2687 2742 
3 2742 2691 2744 
3 2744 2691 2692 
3 2743 2742 2744 
3 2722 2689 2745 
3 2745 2689 2743 
3 2745 2743 2746 
3 2746 2743 2744 
3 2746 2744 2747 
3 2747 2744 2692 
3 2747 2692 2693 
3 2741 2717 2748 
3 2748 2717 2719 
3 2740 2741 2748 
3 2732 2740 2749 
3 2749 2740 2748 
3 2733 2732 2749 
3 2747 2693 2750 
3 2750 2693 2694 
3 2750 2694 2695 
3 2746 2747 2751 
3 2751 2747 2750 
3 2745 2746 2751 
3 2722 2745 2752 
3 2752 2745 2751 
3 2724 2722 2752 
3 2726 2724 2753 
3 2754 2724 2752 
3 2728 2726 2755 
3 2755 2726 2753 
3 2750 2695 2756 
3 2756 2695 2696 
3 2751 2750 2757 
3 2752 2751 2757 
3 2757 2750 2756 
3 2754 2752 2757 
3 2756 2696 2758 
3 2758 2696 2697 
3 2758 2697 2759 
3 2759 2697 2698 
3 2759 2698 2738 
3 2757 2756 2760 
3 2760 2756 2758 
3 2754 2757 2760 
3 2760 2758 2759 
3 2755 2753 2761 
3 2762 2754 2760 
3 2762 2760 2759 
3 2762 2759 2738 
3 2762 2738 2761 
3 2761 2738 2737 
3 2753 2762 2761 
3 2761 2737 2763 
3 2763 2737 2736 
3 2755 2761 2763 
3 2728 2755 2764 
3 2764 2755 2763 
3 2729 2728 2764 
3 2763 2736 2765 
3 2765 2736 2735 
3 2764 2763 2765 
3 2729 2764 2766 
3 2766 2764 2765 
3 2719 2729 2766 
3 2765 2735 2767 
3 2767 2735 2734 
3 2766 2765 2767 
3 2719 2766 2748 
3 2748 2766 2767 
3 2749 2748 2767 
3 2767 2734 2749 
3 2749 2734 2733 
3 2762 2753 2754 
3 2724 2754 2753 
3 297 300 2235 
3 2256 2361 2360 
3 2255 2256 2360 
3 2255 2360 2363 
3 2254 2255 2363 
3 2254 2363 2366 
3 2253 2254 2366 
3 2253 2366 2370 
3 2252 2253 2370 
3 2252 2370 2372 
3 2251 2252 2372 
3 2251 2372 2374 
3 2250 2251 2374 
3 2250 2374 2376 
3 2249 2250 2376 
3 2249 2376 2378 
3 2248 2249 2378 
3 2248 2378 2380 
3 2247 2248 2380 
3 2247 2380 2382 
3 2246 2247 2382 
3 290 297 2235 
3 290 2235 2236 
3 288 290 2236 
3 288 2236 2237 
3 2768 288 2237 
3 2768 2237 2238 
3 2246 2382 2384 
3 2245 2246 2384 
3 2769 2768 2238 
3 2769 2238 2239 
3 2770 2769 2239 
3 2770 2239 2240 
3 2245 2384 2386 
3 2244 2245 2386 
3 2771 2770 2240 
3 2771 2240 2241 
3 2244 2386 2388 
3 2243 2244 2388 
3 2772 2771 2241 
3 2772 2241 2242 
3 2242 2243 2772 
3 2772 2243 2388 
3 2546 2361 2256 
3 2773 2700 2683 
3 0 874 873 
3 2773 2683 2681 
3 2774 2773 2681 
3 0 873 908 
3 1 0 908 
3 2774 2681 2679 
3 2775 2774 2679 
3 2775 2679 2677 
3 2776 2775 2677 
3 2776 2677 2676 
3 2777 2776 2676 
3 2777 2676 2675 
3 2778 2777 2675 
3 2778 2675 242 
3 2779 2778 242 
3 2779 242 240 
3 2780 2779 240 
3 240 1 2780 
3 2780 1 908 
3 1931 1334 1336 
3 1311 1310 1901 
3 1311 1901 1903 
3 1313 1311 1903 
3 1313 1903 1905 
3 1328 1313 1905 
3 2781 1905 1907 
3 1346 1328 2781 
3 2781 1328 1905 
3 2781 1907 1909 
3 1383 1346 2782 
3 2782 1346 2781 
3 1931 1336 2783 
3 2783 1336 1400 
3 1933 1931 2783 
3 1385 1383 2784 
3 2784 1383 2782 
3 1387 1385 2785 
3 2785 1385 2784 
3 1399 1387 2786 
3 2786 1387 2785 
3 1426 1399 2787 
3 2787 1399 2786 
3 1424 1426 2788 
3 2788 1426 2787 
3 2783 1400 2789 
3 2789 1400 1402 
3 2782 2781 1909 
3 2782 1909 2790 
3 2790 1909 1911 
3 2790 1911 2791 
3 2791 1911 1913 
3 2791 1913 2792 
3 2792 1913 1914 
3 2792 1914 2793 
3 2793 1914 1916 
3 2793 1916 2794 
3 2794 1916 1918 
3 2794 1918 2795 
3 2795 1918 1924 
3 2795 1924 2796 
3 2796 1924 1949 
3 2796 1949 2797 
3 2797 1949 1952 
3 2797 1952 2798 
3 2798 1952 1953 
3 2798 1953 2799 
3 2799 1953 1956 
3 2799 1956 1940 
3 2799 1940 2800 
3 2800 1940 1935 
3 2800 1935 2801 
3 2801 1935 1933 
3 2801 1933 2783 
3 2789 1402 2802 
3 2802 1402 1404 
3 2802 1404 2803 
3 2803 1404 1406 
3 2803 1406 2804 
3 2804 1406 1420 
3 2804 1420 2805 
3 2805 1420 1422 
3 2805 1422 2806 
3 2806 1422 1424 
3 2806 1424 2788 
3 2801 2783 2789 
3 2784 2782 2790 
3 2784 2790 2791 
3 2785 2784 2791 
3 2785 2791 2792 
3 2786 2785 2792 
3 2786 2792 2793 
3 2787 2786 2793 
3 2788 2787 2793 
3 2788 2793 2794 
3 2806 2788 2794 
3 2806 2794 2795 
3 2806 2795 2796 
3 2805 2806 2796 
3 2805 2796 2797 
3 2804 2805 2797 
3 2804 2797 2798 
3 2803 2804 2798 
3 2802 2803 2800 
3 2800 2803 2799 
3 2803 2798 2799 
3 2800 2801 2802 
3 2802 2801 2789 
3 2015 2016 2688 
3 2777 2778 2807 
3 2777 2807 2808 
3 2776 2777 2808 
3 2776 2808 2809 
3 2775 2776 2809 
3 2775 2809 2810 
3 2774 2775 2810 
3 2774 2810 2811 
3 2773 2774 2811 
3 2773 2811 2812 
3 2700 2773 2812 
3 2700 2812 2813 
3 1898 1901 1310 
3 2702 2700 2814 
3 2814 2700 2813 
3 2704 2702 2814 
3 2704 2814 2815 
3 2706 2704 2815 
3 2706 2815 2816 
3 2708 2706 2816 
3 2708 2816 2817 
3 2710 2708 2817 
3 2710 2817 2818 
3 2712 2710 2818 
3 2712 2818 2819 
3 2714 2712 2819 
3 2714 2819 2820 
3 2716 2714 2820 
3 2716 2820 2325 
3 2718 2716 2325 
3 2718 2325 1891 
3 2720 2718 1891 
3 2720 1891 1890 
3 2727 2720 1890 
3 2727 1890 1894 
3 2725 2727 1894 
3 2725 1894 1896 
3 2723 2725 1896 
3 2723 1896 2821 
3 2821 1896 1898 
3 2821 1898 1310 
3 2821 1310 2005 
3 2721 2723 2821 
3 2015 2688 2822 
3 2822 2688 2721 
3 2005 2015 2822 
3 2721 2821 2822 
3 2822 2821 2005 
3 2568 926 929 
3 2568 929 1030 
3 2600 2568 1030 
3 2600 1030 1028 
3 248 2405 2561 
3 248 2561 2563 
3 249 248 2563 
3 249 2563 2564 
3 254 249 2564 
3 254 2564 2579 
3 257 254 2579 
3 257 2579 2580 
3 2601 2600 1028 
3 2601 1028 251 
3 2601 251 250 
3 2602 2601 250 
3 2602 250 258 
3 2603 2602 258 
3 2603 258 261 
3 2604 2603 261 
3 2604 261 276 
3 2605 2604 276 
3 2605 276 295 
3 2606 2605 295 
3 2606 295 286 
3 2607 2606 286 
3 2607 286 283 
3 2608 2607 283 
3 2608 283 281 
3 2589 2608 281 
3 2589 281 279 
3 2587 2589 279 
3 2587 279 272 
3 2586 2587 272 
3 2586 272 269 
3 2584 2586 269 
3 2584 269 267 
3 2582 2584 267 
3 2582 267 264 
3 2582 264 2580 
3 2580 264 257 
3 8 874 0 
3 2324 2325 2820 
3 2322 2324 2820 
3 2322 2820 2819 
3 2321 2322 2819 
3 2321 2819 2818 
3 2320 2321 2818 
3 2320 2818 2817 
3 2319 2320 2817 
3 2319 2817 2816 
3 2318 2319 2816 
3 2318 2816 2815 
3 2305 2318 2815 
3 2305 2815 2814 
3 2304 2305 2814 
3 2304 2814 2813 
3 2298 2304 2813 
3 2298 2813 2812 
3 2297 2298 2812 
3 2297 2812 2811 
3 2296 2297 2811 
3 2296 2811 2810 
3 2295 2296 2810 
3 2295 2810 2809 
3 2808 2807 867 
3 2808 867 865 
3 860 2295 2809 
3 2809 2808 865 
3 860 2809 865 
3 331 329 382 
3 386 337 335 
3 384 386 335 
3 384 335 333 
3 384 333 382 
3 382 333 331 
3 2772 2388 2390 
3 274 288 2768 
3 2399 265 263 
3 2399 263 2823 
3 2823 263 266 
3 2823 266 268 
3 2397 2399 2823 
3 2771 2772 2824 
3 2824 2772 2390 
3 2824 2390 2393 
3 274 2768 2825 
3 2825 2768 2769 
3 273 274 2825 
3 2770 2771 2826 
3 2826 2771 2824 
3 2769 2770 2827 
3 2827 2770 2826 
3 2825 2769 2827 
3 2397 2823 2828 
3 2395 2397 2828 
3 2828 2823 268 
3 2828 268 270 
3 2828 270 2829 
3 2829 270 273 
3 2829 273 2825 
3 2829 2825 2827 
3 2826 2824 2830 
3 2830 2824 2393 
3 2830 2393 2395 
3 2830 2395 2828 
3 2830 2828 2829 
3 2830 2829 2826 
3 2826 2829 2827 
3 2554 2361 2546 
3 121 120 894 
3 876 874 2831 
3 2831 874 8 
3 2831 8 47 
3 121 894 2832 
3 2832 894 911 
3 123 121 2832 
3 2832 911 2833 
3 2833 911 933 
3 2833 933 2834 
3 2834 933 888 
3 2834 888 2835 
3 2835 888 886 
3 2835 886 2836 
3 2836 886 884 
3 884 876 2837 
3 2837 876 2831 
3 2836 884 2837 
3 123 2832 2838 
3 2838 2832 2833 
3 124 123 2838 
3 126 124 2839 
3 2839 124 2838 
3 127 126 2840 
3 2840 126 2839 
3 57 127 2841 
3 2841 127 2840 
3 47 57 2842 
3 2842 57 2841 
3 2831 47 2842 
3 2837 2831 2842 
3 2836 2837 2841 
3 2841 2837 2842 
3 2836 2841 2840 
3 2835 2836 2840 
3 2834 2835 2839 
3 2835 2840 2839 
3 2839 2838 2834 
3 2834 2838 2833 
3 2780 908 907 
3 869 867 2807 
3 2779 2780 2843 
3 2843 2780 907 
3 2843 907 869 
3 2778 2779 2843 
3 869 2807 2843 
3 2843 2807 2778 
3 1323 1325 1991 
3 2844 84 83 
3 2845 2846 2847 
3 180 191 2848 
3 2848 191 2849 
3 178 180 2850 
3 2850 180 2848 
3 2845 2847 2851 
3 2851 2847 379 
3 2852 2845 2851 
3 2851 379 2853 
3 2853 379 378 
3 2853 378 2854 
3 2854 378 388 
3 2854 388 2855 
3 2855 388 389 
3 2855 389 2856 
3 2856 389 390 
3 2857 2858 2859 
3 2859 2858 2860 
3 2861 2857 2862 
3 2862 2857 2859 
3 2844 83 2863 
3 2863 83 86 
3 2864 2844 2863 
3 356 2861 2865 
3 2865 2861 2862 
3 358 356 2866 
3 2866 356 2865 
3 2848 2849 2867 
3 2867 2849 2868 
3 2856 390 2869 
3 2869 390 391 
3 2869 391 2870 
3 2870 391 387 
3 2859 2860 2871 
3 2871 2860 2864 
3 2871 2864 2863 
3 360 358 2872 
3 2872 358 2866 
3 2870 387 2873 
3 2873 387 385 
3 362 360 2874 
3 2874 360 2872 
3 2867 2868 2875 
3 2875 2868 2876 
3 175 178 2877 
3 2877 178 2850 
3 2875 2876 2878 
3 2878 2876 2879 
3 145 175 2880 
3 2880 175 2877 
3 116 145 2881 
3 2881 145 2880 
3 114 116 2881 
3 111 114 2882 
3 2882 114 2881 
3 107 111 2883 
3 2883 111 2882 
3 103 107 2884 
3 2884 107 2883 
3 101 103 2885 
3 2885 103 2884 
3 2871 2863 2886 
3 2886 2863 86 
3 2886 86 88 
3 2886 88 2887 
3 2887 88 90 
3 2887 90 2888 
3 2888 90 92 
3 2888 92 99 
3 2888 99 2889 
3 2889 99 101 
3 2889 101 2890 
3 2890 101 2885 
3 364 362 2891 
3 2891 362 2874 
3 2852 2851 2892 
3 2892 2851 2853 
3 2893 2852 2892 
3 2894 2893 2895 
3 2895 2893 2892 
3 2896 2894 2897 
3 2897 2894 2895 
3 2898 2896 2899 
3 2899 2896 2897 
3 2900 2898 2870 
3 2900 2870 2873 
3 2901 2900 2873 
3 2901 2873 385 
3 2901 385 383 
3 2902 2901 383 
3 2902 383 2903 
3 2903 383 381 
3 2904 2902 2903 
3 2905 2904 2906 
3 2906 2904 2903 
3 2907 2905 2908 
3 2908 2905 2906 
3 2909 2907 2910 
3 2910 2907 2908 
3 2906 2903 381 
3 2906 381 377 
3 2908 2906 377 
3 2908 377 376 
3 2910 2908 376 
3 2910 376 375 
3 2909 2910 2911 
3 2911 2910 375 
3 2912 2909 2911 
3 2911 375 374 
3 2912 2911 2913 
3 2913 2911 374 
3 2914 2912 2913 
3 2913 374 373 
3 2914 2913 2915 
3 2915 2913 373 
3 2916 2914 2915 
3 2915 373 372 
3 2916 2915 2917 
3 2917 2915 372 
3 2918 2916 2917 
3 2917 372 371 
3 2918 2917 2919 
3 2919 2917 371 
3 2920 2918 2919 
3 2919 371 370 
3 2920 2919 2921 
3 2921 2919 370 
3 2922 2920 2921 
3 2921 370 369 
3 2922 2921 2923 
3 2923 2921 369 
3 2924 2922 2923 
3 2923 369 2925 
3 2925 369 368 
3 2924 2923 2926 
3 2926 2923 2925 
3 2879 2924 2926 
3 2878 2879 2927 
3 2927 2879 2926 
3 2925 368 2928 
3 2928 368 367 
3 2928 367 2929 
3 2929 367 366 
3 2929 366 2930 
3 2930 366 364 
3 2930 364 2891 
3 2870 2898 2899 
3 2850 2848 2867 
3 2869 2870 2899 
3 2926 2925 2927 
3 2892 2853 2854 
3 2927 2925 2928 
3 2895 2892 2854 
3 2927 2928 2931 
3 2931 2928 2929 
3 2895 2854 2855 
3 2878 2927 2931 
3 2895 2855 2856 
3 2871 2886 2932 
3 2932 2886 2887 
3 2897 2895 2856 
3 2859 2871 2932 
3 2856 2869 2897 
3 2897 2869 2899 
3 2862 2859 2932 
3 2865 2862 2933 
3 2933 2862 2932 
3 2933 2932 2887 
3 2933 2887 2888 
3 2933 2888 2889 
3 2865 2933 2934 
3 2866 2865 2934 
3 2872 2866 2934 
3 2872 2934 2890 
3 2874 2872 2890 
3 2874 2890 2885 
3 2874 2885 2935 
3 2935 2885 2884 
3 2891 2874 2935 
3 2935 2884 2936 
3 2936 2884 2883 
3 2891 2935 2937 
3 2930 2891 2937 
3 2937 2935 2936 
3 2875 2878 2938 
3 2938 2878 2931 
3 2938 2931 2939 
3 2939 2931 2929 
3 2939 2929 2930 
3 2939 2930 2940 
3 2940 2930 2937 
3 2938 2939 2941 
3 2941 2939 2940 
3 2875 2938 2942 
3 2942 2938 2941 
3 2867 2875 2942 
3 2850 2867 2942 
3 2877 2850 2942 
3 2877 2942 2941 
3 2880 2877 2943 
3 2943 2877 2941 
3 2943 2941 2940 
3 2943 2940 2944 
3 2944 2940 2937 
3 2944 2937 2936 
3 2944 2936 2945 
3 2945 2936 2883 
3 2945 2883 2882 
3 2945 2882 2946 
3 2943 2944 2946 
3 2946 2944 2945 
3 2946 2882 2881 
3 2881 2880 2946 
3 2946 2880 2943 
3 2890 2934 2889 
3 2933 2889 2934 
3 2849 191 192 
3 2947 2948 2949 
3 2950 2947 2949 
3 2849 192 2951 
3 2951 192 193 
3 2868 2849 2951 
3 2951 193 2952 
3 2952 193 194 
3 2950 2949 2953 
3 2953 2949 2954 
3 2955 2950 2956 
3 2956 2950 2953 
3 2957 2955 2958 
3 2958 2955 2956 
3 2952 194 2959 
3 2959 194 195 
3 2959 195 236 
3 2868 2951 2960 
3 2960 2951 2952 
3 2876 2868 2960 
3 2879 2876 2961 
3 2961 2876 2960 
3 2924 2879 2962 
3 2962 2879 2961 
3 2953 2954 2963 
3 2963 2954 2964 
3 2963 2964 2965 
3 2965 2964 2966 
3 2965 2966 2967 
3 2967 2966 2968 
3 2967 2968 2969 
3 2969 2968 2970 
3 2969 2970 2971 
3 2971 2970 2972 
3 2971 2972 2973 
3 2973 2972 2974 
3 2973 2974 2975 
3 2975 2974 2976 
3 2008 2007 2977 
3 2977 2007 2978 
3 2035 2008 2979 
3 2979 2008 2977 
3 2049 2035 2980 
3 2980 2035 2979 
3 2047 2049 2981 
3 2981 2049 2980 
3 2045 2047 2982 
3 2982 2047 2981 
3 2043 2045 2983 
3 2983 2045 2982 
3 2028 2043 2984 
3 2984 2043 2983 
3 2026 2028 2985 
3 2985 2028 2984 
3 2024 2026 2986 
3 2986 2026 2985 
3 2022 2024 2987 
3 2987 2024 2986 
3 143 2022 2988 
3 2988 2022 2987 
3 144 143 2988 
3 2922 2924 2989 
3 2989 2924 2962 
3 2920 2922 2990 
3 2990 2922 2989 
3 2918 2920 2991 
3 2991 2920 2990 
3 2916 2918 2992 
3 2992 2918 2991 
3 2914 2916 2993 
3 2993 2916 2992 
3 2912 2914 246 
3 2912 246 245 
3 2909 2912 245 
3 2909 245 244 
3 2907 2909 244 
3 2907 244 129 
3 2905 2907 129 
3 2905 129 128 
3 2904 2905 128 
3 2904 128 134 
3 2902 2904 134 
3 2902 134 136 
3 2901 2902 136 
3 2901 136 138 
3 2900 2901 138 
3 2900 138 140 
3 2900 140 133 
3 2898 2900 133 
3 2896 2898 132 
3 132 2898 133 
3 2896 132 204 
3 2894 2896 204 
3 2894 204 202 
3 2893 2894 202 
3 2893 202 199 
3 2852 2893 199 
3 2852 199 198 
3 2845 2852 198 
3 2845 198 188 
3 2846 2845 188 
3 2846 188 187 
3 2994 2846 187 
3 2994 187 171 
3 2995 2994 171 
3 2995 171 168 
3 2996 2995 168 
3 2996 168 167 
3 2997 2996 2998 
3 2998 2996 167 
3 2998 167 165 
3 2999 2997 3000 
3 3000 2997 2998 
3 3001 2999 3002 
3 3002 2999 3000 
3 3003 3001 3004 
3 3004 3001 3002 
3 3005 3003 3006 
3 3006 3003 3004 
3 3007 3005 3008 
3 3008 3005 3006 
3 2978 2957 3009 
3 3009 2957 2958 
3 2977 2978 3009 
3 147 144 3010 
3 3010 144 2988 
3 149 147 3011 
3 3011 147 3010 
3 151 149 3012 
3 3012 149 3011 
3 153 151 3013 
3 3013 151 3012 
3 155 153 3014 
3 3014 153 3013 
3 157 155 3015 
3 3015 155 3014 
3 159 157 3016 
3 3016 157 3015 
3 161 159 3017 
3 3017 159 3016 
3 163 161 3018 
3 3018 161 3017 
3 165 163 3019 
3 3019 163 3018 
3 2998 165 3019 
3 3000 2998 3019 
3 2976 3007 3020 
3 3020 3007 3021 
3 3021 3007 3008 
3 2975 2976 3022 
3 3022 2976 3020 
3 246 2914 2993 
3 243 246 2993 
3 243 2993 2992 
3 225 243 2992 
3 225 2992 3023 
3 3023 2992 2991 
3 228 225 3023 
3 2959 236 3024 
3 3024 236 234 
3 3024 234 3025 
3 3025 234 232 
3 3025 232 3026 
3 3026 232 230 
3 3026 230 3027 
3 3027 230 228 
3 3027 228 3023 
3 3002 3000 3019 
3 3027 3023 2991 
3 3002 3019 3018 
3 3027 2991 2990 
3 3004 3002 3028 
3 3028 3002 3018 
3 3026 3027 2990 
3 3028 3018 3017 
3 3026 2990 2989 
3 2956 2953 3029 
3 3029 2953 2963 
3 3025 3026 2989 
3 2958 2956 3029 
3 3024 3025 2962 
3 3006 3004 3030 
3 3030 3004 3028 
3 3025 2989 2962 
3 3030 3028 3017 
3 3024 2962 2961 
3 3030 3017 3016 
3 2959 3024 2961 
3 3008 3006 3031 
3 3031 3006 3030 
3 2961 2960 2959 
3 2959 2960 2952 
3 3031 3030 3016 
3 3031 3016 3015 
3 3021 3008 3032 
3 3032 3008 3031 
3 3032 3031 3015 
3 3032 3015 3033 
3 3033 3015 3014 
3 3029 2963 3034 
3 3034 2963 2965 
3 2958 3029 3035 
3 3035 3029 3034 
3 3009 2958 3035 
3 3033 3014 3036 
3 3036 3014 3013 
3 3032 3033 3037 
3 3037 3033 3038 
3 3021 3032 3037 
3 3020 3021 3039 
3 3039 3021 3037 
3 3022 3020 3039 
3 3036 3013 3040 
3 3040 3013 3012 
3 3040 3012 3041 
3 3041 3012 3011 
3 3033 3036 3038 
3 3038 3036 3040 
3 3041 3011 3042 
3 3042 3011 3010 
3 3042 3010 3043 
3 3043 3010 2988 
3 3043 2988 3044 
3 3044 2988 2987 
3 3039 3037 3045 
3 3045 3037 3038 
3 3022 3039 3046 
3 3044 2987 3047 
3 3047 2987 2986 
3 3038 3040 3048 
3 3048 3040 3041 
3 3045 3038 3048 
3 3048 3041 3049 
3 3049 3041 3042 
3 3049 3042 3043 
3 3049 3043 3050 
3 3050 3043 3044 
3 3050 3044 3047 
3 3047 2986 3051 
3 3051 2986 2985 
3 3051 2985 3052 
3 3052 2985 2984 
3 3052 2984 3053 
3 3053 2984 2983 
3 3053 2983 3054 
3 3054 2983 2982 
3 3054 2982 2981 
3 3034 2965 3055 
3 3055 2965 2967 
3 3035 3034 3056 
3 3056 3034 3055 
3 3009 3035 3057 
3 3057 3035 3056 
3 2977 3009 3058 
3 2979 2977 3058 
3 3058 3009 3057 
3 2980 2979 3059 
3 3059 2979 3058 
3 2981 2980 3059 
3 3054 2981 3060 
3 3060 2981 3059 
3 3059 3058 3061 
3 3061 3058 3057 
3 3060 3059 3061 
3 3061 3057 3062 
3 3062 3057 3056 
3 3062 3056 3063 
3 3063 3056 3055 
3 3063 3055 3064 
3 3064 3055 2967 
3 3064 2967 2969 
3 3064 2969 3065 
3 3065 2969 2971 
3 3065 2971 3066 
3 3066 2971 2973 
3 3066 2973 3067 
3 3067 2973 2975 
3 3067 2975 3068 
3 3068 2975 3022 
3 3063 3064 3069 
3 3069 3064 3065 
3 3062 3063 3070 
3 3070 3063 3069 
3 3061 3062 3070 
3 3060 3061 3070 
3 3054 3060 3071 
3 3071 3060 3070 
3 3053 3054 3071 
3 3071 3070 3072 
3 3072 3070 3069 
3 3072 3069 3073 
3 3073 3069 3065 
3 3073 3065 3066 
3 3073 3066 3074 
3 3074 3066 3067 
3 3074 3067 3075 
3 3075 3067 3068 
3 3053 3071 3076 
3 3076 3071 3072 
3 3052 3053 3076 
3 3051 3052 3077 
3 3077 3052 3076 
3 3047 3051 3078 
3 3078 3051 3077 
3 3050 3047 3078 
3 3072 3073 3079 
3 3079 3073 3074 
3 3076 3072 3079 
3 3077 3076 3079 
3 3078 3077 3079 
3 3079 3074 3080 
3 3080 3074 3075 
3 3078 3079 3080 
3 3050 3078 3080 
3 3049 3050 3081 
3 3081 3050 3080 
3 3081 3080 3075 
3 3081 3075 3046 
3 3046 3075 3068 
3 3046 3068 3022 
3 3046 3039 3045 
3 3081 3046 3045 
3 3045 3048 3081 
3 3081 3048 3049 
3 3082 3083 3084 
3 3082 3085 3083 
3 3085 3086 3087 
3 3088 3089 3090 
3 3089 3085 3090 
3 3088 3091 3089 
3 3092 3086 3089 
3 3087 3086 3093 
3 3089 3091 3092 
3 3093 3092 3094 
3 3095 3096 3097 
3 3098 3096 3095 
3 32 33 3099 
3 33 35 3100 
3 3101 3102 3103 
3 3101 3104 3102 
3 3104 3105 3106 
3 3102 3091 3103 
3 3091 3088 3107 
3 3091 3102 3092 
3 3102 3106 3094 
3 3104 3098 3105 
3 3098 3095 3105 
3 37 3108 35 
3 3108 37 39 
3 3109 39 41 
3 3110 41 43 
3 3111 3112 49 
3 3112 3113 49 
3 3114 3115 3116 
3 54 62 3115 
3 62 64 3116 
3 52 3117 3111 
3 3114 3117 3115 
3 3117 52 54 
3 3118 3119 3120 
3 84 2844 3119 
3 2844 2864 3120 
3 3116 3121 3122 
3 3121 3116 64 
3 3121 3123 3122 
3 3123 3124 3125 
3 3124 3119 3118 
3 66 3126 3121 
3 3126 3124 3121 
3 3124 3126 3119 
3 3126 66 84 
3 3125 3118 3127 
3 3120 3128 3129 
3 3127 3118 3129 
3 3128 3130 3129 
3 3131 3130 3128 
3 2864 2860 3128 
3 2860 2858 3131 
3 3131 3128 2860 
3 3128 3120 2864 
3 3130 3132 3129 
3 3129 3132 3127 
3 3129 3118 3120 
3 84 3119 3126 
3 3124 3123 3121 
3 3118 3125 3124 
3 64 66 3121 
3 3122 3114 3116 
3 2844 3120 3119 
3 54 3115 3117 
3 3111 49 52 
3 62 3116 3115 
3 3113 43 49 
3 3110 43 3113 
3 41 3110 3109 
3 39 3109 3108 
3 3108 3100 35 
3 3094 3092 3102 
3 3107 3103 3091 
3 3104 3106 3102 
3 3100 3099 33 
3 3099 3097 32 
3 3096 32 3097 
3 3092 3093 3086 
3 3086 3085 3089 
3 3085 3082 3090 
3 3087 3083 3085 
3 336 338 2323 
3 2323 338 339 
3 2077 1409 1408 
3 3133 3134 3135 
3 3136 3137 3138 
3 2346 1588 3139 
3 3139 1588 1587 
3 3140 2229 3141 
3 3141 2229 2359 
3 3139 1587 3142 
3 3142 1587 1604 
3 3143 3144 3145 
3 3145 3144 3146 
3 3145 3146 3147 
3 3147 3146 3148 
3 3147 3148 3149 
3 3149 3148 3150 
3 3151 3152 3153 
3 3153 3152 3154 
3 448 3140 3155 
3 3155 3140 3141 
3 449 448 3156 
3 3156 448 3155 
3 3157 3158 3159 
3 3159 3158 2003 
3 3159 2003 2002 
3 3160 3157 3161 
3 3161 3157 3159 
3 3162 3160 3163 
3 3163 3160 3161 
3 3164 3162 3165 
3 3165 3162 3163 
3 3149 3150 3166 
3 3166 3150 3167 
3 3166 3167 3168 
3 3168 3167 3169 
3 3168 3169 3170 
3 3170 3169 3171 
3 3170 3171 3172 
3 3172 3171 3173 
3 3172 3173 3174 
3 3174 3173 3151 
3 3174 3151 3153 
3 3159 2002 3175 
3 3175 2002 2011 
3 3175 2011 3176 
3 3176 2011 2092 
3 3176 2092 3177 
3 3177 2092 2078 
3 3177 2078 3178 
3 3178 2078 2077 
3 3178 2077 3179 
3 3179 2077 1408 
3 3179 1408 1414 
3 3180 3164 3181 
3 3181 3164 3165 
3 3182 3180 3183 
3 3183 3180 3181 
3 3184 3136 3185 
3 3185 3136 3138 
3 3186 3184 3187 
3 3187 3184 3185 
3 3188 3186 3189 
3 3189 3186 3187 
3 3190 3188 3191 
3 3191 3188 3189 
3 3192 3190 3193 
3 3193 3190 3191 
3 3185 3138 3194 
3 3194 3138 3195 
3 3194 3195 3196 
3 3196 3195 3197 
3 3196 3197 3198 
3 3198 3197 3199 
3 3198 3199 3200 
3 3200 3199 3201 
3 3202 3203 3204 
3 3204 3203 3205 
3 3206 3202 3207 
3 3207 3202 3204 
3 3208 3206 3209 
3 3209 3206 3207 
3 3210 3208 3211 
3 3211 3208 3209 
3 1727 3210 3212 
3 3212 3210 3211 
3 1729 1727 3213 
3 3213 1727 3212 
3 1731 1729 3214 
3 3214 1729 3213 
3 1733 1731 3215 
3 3215 1731 3214 
3 1735 1733 3216 
3 3216 1733 3215 
3 1737 1735 3217 
3 3217 1735 3216 
3 1739 1737 3218 
3 3218 1737 3217 
3 1741 1739 3219 
3 3219 1739 3218 
3 1743 1741 3220 
3 3220 1741 3219 
3 1745 1743 3221 
3 3221 1743 3220 
3 1747 1745 3222 
3 3222 1745 3221 
3 1749 1747 3223 
3 3223 1747 3222 
3 1751 1749 3224 
3 3224 1749 3223 
3 1753 1751 3225 
3 3225 1751 3224 
3 1758 1753 3225 
3 3226 3227 3228 
3 3228 3227 3229 
3 3230 3226 3231 
3 3231 3226 3228 
3 3154 3230 3232 
3 3232 3230 3231 
3 3153 3154 3232 
3 3229 3192 3233 
3 3233 3192 3193 
3 3228 3229 3233 
3 3142 1604 3234 
3 3234 1604 1605 
3 3234 1605 3235 
3 3235 1605 1649 
3 3235 1649 3236 
3 3236 1649 1651 
3 3179 1414 3237 
3 3237 1414 3238 
3 3238 1414 1416 
3 3238 1416 3239 
3 3239 1416 411 
3 3239 411 3240 
3 3240 411 410 
3 3240 410 3241 
3 3241 410 445 
3 3241 445 3242 
3 3242 445 443 
3 3242 443 3243 
3 3243 443 441 
3 3243 441 3244 
3 3244 441 439 
3 3244 439 3245 
3 3245 439 437 
3 3245 437 3246 
3 3246 437 435 
3 3246 435 3247 
3 3247 435 433 
3 2359 2344 3248 
3 3248 2344 2345 
3 3141 2359 3249 
3 3249 2359 3248 
3 3248 2345 3250 
3 3250 2345 2346 
3 3250 2346 3251 
3 3251 2346 3139 
3 420 417 3252 
3 3252 417 415 
3 422 420 3253 
3 3253 420 3252 
3 424 422 3254 
3 3254 422 3253 
3 426 424 3255 
3 3255 424 3254 
3 427 426 3256 
3 3256 426 3255 
3 3252 415 3257 
3 3257 415 413 
3 3257 413 3258 
3 3258 413 409 
3 3258 409 3259 
3 3259 409 408 
3 3259 408 3260 
3 3260 408 455 
3 3260 455 3261 
3 3261 455 453 
3 3261 453 451 
3 3261 451 3262 
3 3262 451 449 
3 3262 449 3263 
3 3263 449 3156 
3 429 427 3264 
3 3264 427 3256 
3 431 429 3265 
3 3265 429 3264 
3 433 431 3266 
3 3266 431 3265 
3 3247 433 3266 
3 3267 3268 3269 
3 3269 3268 3270 
3 3201 3267 3271 
3 3271 3267 3269 
3 3200 3201 3272 
3 3272 3201 3271 
3 3269 3270 3273 
3 3273 3270 3274 
3 3273 3274 3275 
3 3275 3274 3276 
3 3275 3276 3277 
3 3277 3276 3278 
3 3277 3278 3279 
3 3279 3278 3280 
3 3279 3280 3281 
3 3281 3280 3282 
3 3281 3282 3283 
3 3283 3282 3284 
3 3283 3284 3285 
3 3285 3284 3286 
3 3285 3286 3287 
3 3287 3286 3288 
3 3287 3288 3289 
3 3289 3288 3182 
3 3289 3182 3290 
3 3290 3182 3183 
3 3291 3292 3293 
3 3293 3292 3294 
3 3295 3291 3296 
3 3296 3291 3293 
3 3297 3295 3298 
3 3298 3295 3296 
3 3299 3297 3300 
3 3300 3297 3298 
3 3301 3299 3302 
3 3302 3299 3300 
3 3303 3301 3304 
3 3304 3301 3302 
3 3305 3303 3306 
3 3306 3303 3304 
3 3307 3305 3308 
3 3308 3305 3306 
3 3309 3307 3310 
3 3310 3307 3308 
3 3205 3309 3311 
3 3311 3309 3310 
3 3204 3205 3312 
3 3312 3205 3311 
3 1756 1758 3313 
3 3313 1758 3225 
3 1754 1756 3314 
3 3314 1756 3313 
3 1654 1754 3315 
3 3315 1754 3314 
3 1653 1654 3316 
3 3316 1654 3315 
3 3293 3294 3317 
3 3317 3294 3318 
3 3318 3294 3319 
3 3318 3319 3320 
3 3320 3319 3321 
3 3320 3321 3322 
3 3322 3321 3133 
3 3322 3133 3323 
3 3323 3133 3135 
3 3323 3135 3324 
3 3324 3135 3325 
3 3324 3325 3326 
3 3326 3325 3327 
3 3326 3327 3328 
3 3328 3327 3329 
3 3328 3329 3330 
3 3330 3329 3331 
3 3330 3331 3332 
3 3332 3331 3333 
3 3332 3333 3334 
3 3334 3333 3335 
3 3334 3335 3336 
3 3336 3335 3143 
3 3336 3143 3337 
3 3337 3143 3145 
3 1651 1653 3338 
3 3338 1653 3339 
3 3339 1653 3316 
3 3236 1651 3340 
3 3340 1651 3338 
3 3251 3139 3142 
3 3161 3159 3341 
3 3341 3159 3175 
3 3337 3145 3342 
3 3342 3145 3147 
3 3163 3161 3343 
3 3343 3161 3341 
3 3342 3147 3344 
3 3344 3147 3149 
3 3178 3179 3345 
3 3345 3179 3237 
3 3177 3178 3345 
3 3165 3163 3346 
3 3346 3163 3343 
3 3249 3248 3347 
3 3347 3248 3250 
3 3176 3177 3348 
3 3348 3177 3345 
3 3175 3176 3348 
3 3341 3175 3349 
3 3349 3175 3348 
3 3343 3341 3349 
3 3349 3348 3350 
3 3350 3348 3345 
3 3350 3345 3351 
3 3351 3345 3237 
3 3351 3237 3352 
3 3352 3237 3238 
3 3352 3238 3239 
3 3352 3239 3353 
3 3353 3239 3240 
3 3353 3240 3354 
3 3343 3349 3355 
3 3355 3349 3350 
3 3346 3343 3355 
3 3355 3350 3356 
3 3356 3350 3351 
3 3356 3351 3357 
3 3357 3351 3352 
3 3357 3352 3353 
3 3251 3142 3358 
3 3358 3142 3234 
3 3250 3251 3359 
3 3359 3251 3358 
3 3347 3250 3359 
3 3344 3149 3360 
3 3360 3149 3166 
3 3155 3141 3361 
3 3361 3141 3249 
3 3361 3249 3362 
3 3362 3249 3347 
3 3362 3347 3363 
3 3363 3347 3359 
3 3363 3359 3364 
3 3364 3359 3358 
3 3364 3358 3365 
3 3365 3358 3234 
3 3365 3234 3235 
3 3365 3235 3366 
3 3366 3235 3236 
3 3364 3365 3367 
3 3367 3365 3366 
3 3363 3364 3368 
3 3368 3364 3367 
3 3362 3363 3369 
3 3369 3363 3368 
3 3361 3362 3370 
3 3370 3362 3369 
3 3155 3361 3371 
3 3371 3361 3370 
3 3156 3155 3371 
3 3346 3355 3372 
3 3372 3355 3356 
3 3372 3356 3373 
3 3373 3356 3357 
3 3373 3357 3374 
3 3374 3357 3353 
3 3374 3353 3354 
3 3354 3240 3241 
3 3354 3241 3375 
3 3375 3241 3242 
3 3375 3242 3376 
3 3376 3242 3243 
3 3187 3185 3377 
3 3377 3185 3194 
3 3189 3187 3378 
3 3378 3187 3377 
3 3181 3165 3379 
3 3379 3165 3346 
3 3379 3346 3372 
3 3379 3372 3380 
3 3380 3372 3373 
3 3380 3373 3381 
3 3381 3373 3374 
3 3381 3374 3382 
3 3382 3374 3354 
3 3382 3354 3375 
3 3382 3375 3383 
3 3383 3375 3376 
3 3263 3156 3384 
3 3384 3156 3371 
3 3366 3236 3385 
3 3385 3236 3340 
3 3367 3366 3386 
3 3386 3366 3385 
3 3368 3367 3387 
3 3387 3367 3386 
3 3369 3368 3387 
3 3191 3189 3388 
3 3388 3189 3378 
3 3193 3191 3389 
3 3389 3191 3388 
3 3233 3193 3390 
3 3390 3193 3389 
3 3228 3233 3391 
3 3391 3233 3390 
3 3231 3228 3392 
3 3392 3228 3391 
3 3183 3181 3393 
3 3393 3181 3379 
3 3393 3379 3380 
3 3290 3183 3394 
3 3394 3183 3393 
3 3370 3369 3395 
3 3395 3369 3387 
3 3371 3370 3396 
3 3396 3370 3395 
3 3384 3371 3396 
3 3394 3393 3397 
3 3397 3393 3380 
3 3397 3380 3381 
3 3397 3381 3398 
3 3398 3381 3382 
3 3399 3382 3383 
3 3360 3166 3400 
3 3400 3166 3168 
3 3400 3168 3401 
3 3401 3168 3170 
3 3401 3170 3172 
3 3401 3172 3402 
3 3402 3172 3174 
3 3402 3174 3403 
3 3403 3174 3153 
3 3403 3153 3404 
3 3404 3153 3232 
3 3376 3243 3405 
3 3405 3243 3244 
3 3383 3376 3406 
3 3406 3376 3405 
3 3399 3383 3406 
3 3405 3244 3407 
3 3407 3244 3245 
3 3407 3245 3408 
3 3408 3245 3246 
3 3339 3316 3409 
3 3409 3316 3315 
3 3409 3315 3410 
3 3410 3315 3314 
3 3410 3314 3411 
3 3411 3314 3313 
3 3411 3313 3412 
3 3412 3313 3225 
3 3412 3225 3413 
3 3413 3225 3224 
3 3232 3231 3414 
3 3414 3231 3392 
3 3404 3232 3414 
3 3271 3269 3415 
3 3415 3269 3273 
3 3272 3271 3416 
3 3416 3271 3415 
3 3207 3204 3417 
3 3417 3204 3312 
3 3209 3207 3418 
3 3418 3207 3417 
3 3211 3209 3419 
3 3419 3209 3418 
3 3212 3211 3420 
3 3420 3211 3419 
3 3213 3212 3421 
3 3421 3212 3420 
3 3214 3213 3422 
3 3422 3213 3421 
3 3215 3214 3423 
3 3423 3214 3422 
3 3216 3215 3424 
3 3424 3215 3423 
3 3217 3216 3425 
3 3425 3216 3424 
3 3218 3217 3426 
3 3426 3217 3425 
3 3219 3218 3427 
3 3427 3218 3426 
3 3220 3219 3428 
3 3428 3219 3427 
3 3221 3220 3429 
3 3429 3220 3428 
3 3222 3221 3430 
3 3430 3221 3429 
3 3223 3222 3431 
3 3431 3222 3430 
3 3224 3223 3432 
3 3432 3223 3431 
3 3413 3224 3432 
3 3406 3405 3433 
3 3433 3405 3407 
3 3433 3407 3434 
3 3434 3407 3408 
3 3399 3406 3435 
3 3435 3406 3433 
3 3397 3398 3436 
3 3437 3399 3435 
3 3394 3397 3436 
3 3436 3398 3437 
3 3290 3394 3438 
3 3438 3394 3436 
3 3289 3290 3439 
3 3439 3290 3438 
3 3287 3289 3440 
3 3440 3289 3439 
3 3285 3287 3441 
3 3441 3287 3440 
3 3283 3285 3442 
3 3442 3285 3441 
3 3281 3283 3443 
3 3443 3283 3442 
3 3279 3281 3444 
3 3444 3281 3443 
3 3277 3279 3445 
3 3445 3279 3444 
3 3275 3277 3446 
3 3446 3277 3445 
3 3435 3433 3447 
3 3447 3433 3434 
3 3437 3435 3448 
3 3448 3435 3447 
3 3436 3437 3449 
3 3449 3437 3448 
3 3438 3436 3449 
3 3439 3438 3450 
3 3450 3438 3449 
3 3440 3439 3451 
3 3451 3439 3450 
3 3441 3440 3452 
3 3452 3440 3451 
3 3442 3441 3453 
3 3453 3441 3452 
3 3443 3442 3454 
3 3454 3442 3453 
3 3444 3443 3455 
3 3455 3443 3454 
3 3445 3444 3456 
3 3456 3444 3455 
3 3446 3445 3456 
3 3273 3275 3457 
3 3457 3275 3446 
3 3415 3273 3457 
3 3457 3446 3458 
3 3458 3446 3456 
3 3416 3415 3459 
3 3459 3415 3457 
3 3459 3457 3460 
3 3460 3457 3458 
3 3253 3252 3461 
3 3461 3252 3257 
3 3254 3253 3462 
3 3462 3253 3461 
3 3255 3254 3463 
3 3463 3254 3462 
3 3256 3255 3464 
3 3464 3255 3463 
3 3264 3256 3465 
3 3465 3256 3464 
3 3265 3264 3466 
3 3466 3264 3465 
3 3266 3265 3467 
3 3467 3265 3466 
3 3247 3266 3468 
3 3468 3266 3467 
3 3296 3293 3469 
3 3469 3293 3317 
3 3298 3296 3470 
3 3470 3296 3469 
3 3300 3298 3471 
3 3471 3298 3470 
3 3302 3300 3472 
3 3472 3300 3471 
3 3304 3302 3473 
3 3473 3302 3472 
3 3306 3304 3474 
3 3474 3304 3473 
3 3308 3306 3475 
3 3475 3306 3474 
3 3310 3308 3475 
3 3311 3310 3476 
3 3476 3310 3475 
3 3312 3311 3477 
3 3477 3311 3476 
3 3417 3312 3478 
3 3478 3312 3477 
3 3418 3417 3479 
3 3479 3417 3478 
3 3419 3418 3480 
3 3480 3418 3479 
3 3420 3419 3481 
3 3481 3419 3480 
3 3421 3420 3482 
3 3482 3420 3481 
3 3422 3421 3483 
3 3483 3421 3482 
3 3423 3422 3483 
3 3424 3423 3484 
3 3484 3423 3483 
3 3425 3424 3485 
3 3485 3424 3484 
3 3426 3425 3486 
3 3486 3425 3485 
3 3427 3426 3487 
3 3487 3426 3486 
3 3428 3427 3488 
3 3488 3427 3487 
3 3429 3428 3489 
3 3489 3428 3488 
3 3430 3429 3489 
3 3431 3430 3490 
3 3490 3430 3489 
3 3432 3431 3491 
3 3491 3431 3490 
3 3413 3432 3492 
3 3492 3432 3491 
3 3260 3261 3493 
3 3493 3261 3262 
3 3259 3260 3494 
3 3494 3260 3493 
3 3258 3259 3494 
3 3458 3456 3495 
3 3495 3456 3455 
3 3495 3455 3496 
3 3496 3455 3454 
3 3496 3454 3497 
3 3497 3454 3453 
3 3497 3453 3498 
3 3498 3453 3452 
3 3498 3452 3499 
3 3499 3452 3451 
3 3499 3451 3450 
3 3499 3450 3500 
3 3500 3450 3449 
3 3500 3449 3448 
3 3460 3458 3501 
3 3501 3458 3495 
3 3500 3448 3502 
3 3502 3448 3447 
3 3459 3460 3503 
3 3503 3460 3504 
3 3476 3475 3505 
3 3505 3475 3474 
3 3477 3476 3506 
3 3506 3476 3505 
3 3478 3477 3507 
3 3507 3477 3506 
3 3479 3478 3508 
3 3508 3478 3507 
3 3505 3474 3509 
3 3509 3474 3473 
3 3509 3473 3510 
3 3510 3473 3472 
3 3510 3472 3511 
3 3511 3472 3471 
3 3511 3471 3512 
3 3512 3471 3470 
3 3512 3470 3513 
3 3513 3470 3469 
3 3513 3469 3514 
3 3514 3469 3317 
3 3480 3479 3515 
3 3515 3479 3508 
3 3481 3480 3516 
3 3516 3480 3515 
3 3482 3481 3517 
3 3517 3481 3516 
3 3483 3482 3518 
3 3518 3482 3517 
3 3484 3483 3518 
3 3514 3317 3519 
3 3519 3317 3318 
3 3519 3318 3320 
3 3519 3320 3520 
3 3520 3320 3322 
3 3520 3322 3521 
3 3521 3322 3323 
3 3521 3323 3324 
3 3521 3324 3522 
3 3522 3324 3326 
3 3520 3521 3523 
3 3523 3521 3522 
3 3522 3326 3524 
3 3524 3326 3328 
3 3523 3522 3525 
3 3525 3522 3524 
3 3524 3328 3526 
3 3526 3328 3330 
3 3526 3330 3527 
3 3527 3330 3332 
3 3527 3332 3528 
3 3528 3332 3334 
3 3528 3334 3529 
3 3529 3334 3336 
3 3529 3336 3530 
3 3530 3336 3337 
3 3530 3337 3531 
3 3531 3337 3342 
3 3531 3342 3344 
3 3525 3524 3532 
3 3532 3524 3526 
3 3532 3526 3533 
3 3533 3526 3527 
3 3533 3527 3534 
3 3534 3527 3528 
3 3531 3344 3535 
3 3535 3344 3360 
3 3535 3360 3536 
3 3536 3360 3400 
3 3536 3400 3537 
3 3537 3400 3401 
3 3537 3401 3538 
3 3538 3401 3402 
3 3538 3402 3539 
3 3539 3402 3403 
3 3539 3403 3540 
3 3540 3403 3404 
3 3540 3404 3541 
3 3541 3404 3414 
3 3537 3538 3542 
3 3542 3538 3539 
3 3536 3537 3543 
3 3543 3537 3542 
3 3535 3536 3544 
3 3544 3536 3543 
3 3542 3539 3545 
3 3545 3539 3540 
3 3545 3540 3546 
3 3546 3540 3541 
3 3546 3541 3547 
3 3547 3541 3414 
3 3547 3414 3548 
3 3548 3414 3392 
3 3548 3392 3549 
3 3549 3392 3391 
3 3549 3391 3550 
3 3550 3391 3390 
3 3531 3535 3551 
3 3551 3535 3544 
3 3530 3531 3551 
3 3529 3530 3552 
3 3552 3530 3551 
3 3528 3529 3553 
3 3534 3528 3553 
3 3553 3529 3552 
3 3553 3552 3554 
3 3554 3552 3551 
3 3554 3551 3555 
3 3555 3551 3544 
3 3534 3553 3556 
3 3556 3553 3554 
3 3556 3554 3557 
3 3557 3554 3555 
3 3555 3544 3558 
3 3558 3544 3543 
3 3557 3555 3559 
3 3559 3555 3558 
3 3543 3542 3560 
3 3560 3542 3545 
3 3558 3543 3560 
3 3560 3545 3561 
3 3561 3545 3546 
3 3558 3560 3562 
3 3562 3560 3561 
3 3559 3558 3563 
3 3563 3558 3562 
3 3561 3546 3564 
3 3564 3546 3547 
3 3564 3547 3565 
3 3565 3547 3548 
3 3565 3548 3566 
3 3566 3548 3549 
3 3566 3549 3567 
3 3567 3549 3550 
3 3562 3561 3568 
3 3568 3561 3564 
3 3563 3562 3569 
3 3569 3562 3568 
3 3559 3563 3570 
3 3570 3563 3569 
3 3557 3559 3571 
3 3571 3559 3570 
3 3556 3557 3572 
3 3572 3557 3571 
3 3534 3556 3573 
3 3573 3556 3572 
3 3533 3534 3573 
3 3568 3564 3574 
3 3574 3564 3565 
3 3569 3568 3575 
3 3575 3568 3576 
3 3570 3569 3577 
3 3577 3569 3575 
3 3571 3570 3578 
3 3578 3570 3577 
3 3572 3571 3579 
3 3579 3571 3578 
3 3573 3572 3580 
3 3580 3572 3579 
3 3533 3573 3581 
3 3581 3573 3580 
3 3532 3533 3581 
3 3525 3532 3582 
3 3582 3532 3581 
3 3523 3525 3583 
3 3583 3525 3582 
3 3520 3523 3584 
3 3584 3523 3583 
3 3519 3520 3584 
3 3514 3519 3585 
3 3585 3519 3584 
3 3513 3514 3586 
3 3586 3514 3585 
3 3512 3513 3587 
3 3587 3513 3586 
3 3511 3512 3588 
3 3588 3512 3587 
3 3510 3511 3589 
3 3589 3511 3588 
3 3585 3584 3590 
3 3590 3584 3583 
3 3586 3585 3591 
3 3591 3585 3590 
3 3587 3586 3592 
3 3592 3586 3591 
3 3588 3587 3593 
3 3593 3587 3592 
3 3589 3588 3594 
3 3594 3588 3593 
3 3590 3583 3595 
3 3595 3583 3582 
3 3595 3582 3596 
3 3596 3582 3581 
3 3596 3581 3597 
3 3597 3581 3580 
3 3597 3580 3598 
3 3598 3580 3579 
3 3598 3579 3599 
3 3599 3579 3578 
3 3599 3578 3600 
3 3600 3578 3577 
3 3600 3577 3601 
3 3601 3577 3575 
3 3509 3510 3602 
3 3602 3510 3589 
3 3602 3589 3603 
3 3603 3589 3594 
3 3505 3509 3604 
3 3604 3509 3602 
3 3506 3505 3604 
3 3507 3506 3605 
3 3605 3506 3604 
3 3508 3507 3606 
3 3606 3507 3605 
3 3515 3508 3607 
3 3607 3508 3606 
3 3516 3515 3608 
3 3608 3515 3607 
3 3517 3516 3609 
3 3609 3516 3608 
3 3518 3517 3610 
3 3610 3517 3609 
3 3484 3518 3611 
3 3611 3518 3610 
3 3485 3484 3611 
3 3486 3485 3612 
3 3612 3485 3611 
3 3487 3486 3613 
3 3613 3486 3612 
3 3488 3487 3614 
3 3614 3487 3613 
3 3489 3488 3615 
3 3615 3488 3614 
3 3490 3489 3616 
3 3616 3489 3615 
3 3491 3490 3617 
3 3617 3490 3616 
3 3492 3491 3618 
3 3618 3491 3617 
3 3413 3492 3619 
3 3620 3492 3618 
3 3412 3413 3619 
3 3619 3492 3620 
3 3411 3412 3621 
3 3621 3412 3619 
3 3410 3411 3622 
3 3622 3411 3621 
3 3409 3410 3623 
3 3623 3410 3622 
3 3339 3409 3624 
3 3624 3409 3623 
3 3338 3339 3625 
3 3625 3339 3624 
3 3340 3338 3625 
3 3385 3340 3626 
3 3626 3340 3625 
3 3386 3385 3627 
3 3627 3385 3626 
3 3387 3386 3628 
3 3628 3386 3627 
3 3395 3387 3628 
3 3396 3395 3629 
3 3629 3395 3628 
3 3384 3396 3630 
3 3630 3396 3629 
3 3502 3447 3631 
3 3631 3447 3632 
3 3632 3447 3434 
3 3632 3434 3633 
3 3633 3434 3408 
3 3631 3632 3634 
3 3634 3632 3633 
3 3633 3408 3635 
3 3635 3408 3246 
3 3635 3246 3636 
3 3635 3636 3637 
3 3638 3636 3468 
3 3634 3633 3639 
3 3639 3633 3635 
3 3639 3635 3637 
3 3637 3636 3638 
3 3263 3384 3640 
3 3640 3384 3630 
3 3262 3263 3641 
3 3641 3263 3640 
3 3493 3262 3641 
3 3601 3575 3642 
3 3642 3575 3576 
3 3576 3568 3574 
3 3416 3459 3643 
3 3643 3459 3503 
3 3272 3416 3644 
3 3644 3416 3643 
3 3200 3272 3644 
3 3198 3200 3645 
3 3645 3200 3644 
3 3196 3198 3646 
3 3646 3198 3645 
3 3194 3196 3647 
3 3377 3194 3647 
3 3647 3196 3646 
3 3378 3377 3648 
3 3648 3377 3647 
3 3388 3378 3649 
3 3649 3378 3648 
3 3389 3388 3650 
3 3650 3388 3649 
3 3390 3389 3651 
3 3651 3389 3650 
3 3550 3390 3651 
3 3567 3550 3652 
3 3652 3550 3651 
3 3647 3646 3653 
3 3653 3646 3645 
3 3648 3647 3653 
3 3653 3645 3654 
3 3654 3645 3644 
3 3654 3644 3655 
3 3655 3644 3643 
3 3655 3643 3656 
3 3656 3643 3503 
3 3649 3648 3657 
3 3657 3648 3658 
3 3648 3653 3658 
3 3658 3653 3654 
3 3658 3654 3659 
3 3659 3654 3655 
3 3659 3655 3660 
3 3660 3655 3656 
3 3650 3649 3661 
3 3661 3649 3657 
3 3651 3650 3662 
3 3662 3650 3661 
3 3652 3651 3662 
3 3657 3658 3663 
3 3663 3658 3659 
3 3661 3657 3664 
3 3664 3657 3663 
3 3663 3659 3665 
3 3665 3659 3660 
3 3662 3661 3666 
3 3666 3661 3664 
3 3652 3662 3667 
3 3667 3662 3666 
3 3567 3652 3668 
3 3668 3652 3667 
3 3566 3567 3669 
3 3669 3567 3668 
3 3565 3566 3670 
3 3574 3565 3670 
3 3670 3566 3669 
3 3576 3574 3671 
3 3671 3574 3670 
3 3642 3576 3672 
3 3672 3576 3671 
3 3670 3669 3673 
3 3673 3669 3668 
3 3671 3670 3673 
3 3673 3668 3674 
3 3674 3668 3667 
3 3671 3673 3675 
3 3675 3673 3674 
3 3672 3671 3675 
3 3461 3257 3676 
3 3676 3257 3258 
3 3676 3258 3677 
3 3677 3258 3494 
3 3677 3494 3678 
3 3678 3494 3493 
3 3678 3493 3641 
3 3678 3641 3679 
3 3679 3641 3640 
3 3679 3640 3680 
3 3680 3640 3630 
3 3462 3461 3681 
3 3681 3461 3676 
3 3463 3462 3682 
3 3682 3462 3681 
3 3676 3677 3683 
3 3684 3677 3678 
3 3684 3678 3679 
3 3681 3676 3683 
3 3683 3677 3684 
3 3682 3681 3685 
3 3685 3681 3683 
3 3464 3463 3686 
3 3686 3463 3682 
3 3686 3682 3687 
3 3687 3682 3685 
3 3465 3464 3688 
3 3688 3464 3686 
3 3466 3465 3689 
3 3689 3465 3688 
3 3467 3466 3690 
3 3690 3466 3689 
3 3468 3467 3691 
3 3691 3467 3690 
3 3638 3468 3692 
3 3692 3468 3691 
3 3688 3686 3693 
3 3693 3686 3687 
3 3689 3688 3694 
3 3694 3688 3693 
3 3690 3689 3695 
3 3695 3689 3694 
3 3691 3690 3696 
3 3696 3690 3695 
3 3692 3691 3697 
3 3697 3691 3696 
3 3638 3692 3698 
3 3698 3692 3697 
3 3637 3638 3699 
3 3699 3638 3698 
3 3639 3637 3700 
3 3700 3637 3699 
3 3634 3639 3701 
3 3701 3639 3700 
3 3631 3634 3702 
3 3702 3634 3701 
3 3502 3631 3703 
3 3703 3631 3702 
3 3500 3502 3704 
3 3704 3502 3703 
3 3499 3500 3704 
3 3498 3499 3705 
3 3705 3499 3704 
3 3497 3498 3706 
3 3706 3498 3705 
3 3496 3497 3707 
3 3707 3497 3706 
3 3495 3496 3708 
3 3708 3496 3707 
3 3501 3495 3708 
3 3591 3590 3709 
3 3709 3590 3595 
3 3592 3591 3710 
3 3710 3591 3709 
3 3593 3592 3711 
3 3711 3592 3710 
3 3594 3593 3712 
3 3712 3593 3711 
3 3603 3594 3713 
3 3713 3594 3712 
3 3709 3595 3714 
3 3714 3595 3596 
3 3714 3596 3715 
3 3715 3596 3597 
3 3715 3597 3716 
3 3716 3597 3598 
3 3710 3709 3717 
3 3717 3709 3714 
3 3711 3710 3718 
3 3718 3710 3717 
3 3712 3711 3718 
3 3714 3715 3719 
3 3719 3715 3716 
3 3717 3714 3720 
3 3720 3714 3719 
3 3718 3717 3721 
3 3721 3717 3720 
3 3712 3718 3722 
3 3722 3718 3721 
3 3713 3712 3723 
3 3716 3598 3724 
3 3724 3598 3599 
3 3719 3716 3725 
3 3725 3716 3724 
3 3720 3719 3726 
3 3726 3719 3725 
3 3721 3720 3727 
3 3727 3720 3726 
3 3722 3721 3728 
3 3728 3721 3727 
3 3724 3599 3729 
3 3729 3599 3600 
3 3729 3600 3730 
3 3730 3600 3601 
3 3730 3601 3731 
3 3731 3601 3642 
3 3731 3642 3732 
3 3732 3642 3672 
3 3732 3672 3733 
3 3733 3672 3675 
3 3725 3724 3734 
3 3734 3724 3729 
3 3726 3725 3735 
3 3735 3725 3734 
3 3727 3726 3736 
3 3736 3726 3735 
3 3728 3727 3736 
3 3734 3729 3737 
3 3737 3729 3730 
3 3735 3734 3738 
3 3738 3734 3737 
3 3736 3735 3739 
3 3739 3735 3738 
3 3728 3736 3740 
3 3740 3736 3739 
3 3722 3728 3741 
3 3741 3728 3740 
3 3712 3722 3723 
3 3723 3722 3741 
3 3737 3730 3742 
3 3742 3730 3731 
3 3742 3731 3743 
3 3743 3731 3732 
3 3743 3732 3744 
3 3744 3732 3745 
3 3738 3737 3746 
3 3746 3737 3742 
3 3739 3738 3747 
3 3747 3738 3746 
3 3740 3739 3748 
3 3748 3739 3747 
3 3741 3740 3749 
3 3749 3740 3748 
3 3723 3741 3750 
3 3750 3741 3749 
3 3746 3742 3751 
3 3751 3742 3752 
3 3752 3742 3743 
3 3752 3743 3753 
3 3753 3743 3744 
3 3751 3752 3754 
3 3754 3752 3753 
3 3747 3746 3755 
3 3755 3746 3751 
3 3755 3751 3756 
3 3756 3751 3754 
3 3748 3747 3757 
3 3757 3747 3755 
3 3749 3748 3758 
3 3758 3748 3757 
3 3750 3749 3759 
3 3759 3749 3758 
3 3757 3755 3760 
3 3760 3755 3761 
3 3758 3757 3762 
3 3762 3757 3760 
3 3759 3758 3763 
3 3763 3758 3762 
3 3713 3723 3764 
3 3764 3723 3750 
3 3603 3713 3765 
3 3765 3713 3764 
3 3602 3603 3766 
3 3604 3602 3766 
3 3766 3603 3765 
3 3605 3604 3767 
3 3767 3604 3766 
3 3766 3765 3768 
3 3768 3765 3764 
3 3767 3766 3768 
3 3768 3764 3769 
3 3769 3764 3750 
3 3769 3750 3759 
3 3606 3605 3770 
3 3770 3605 3767 
3 3607 3606 3771 
3 3771 3606 3770 
3 3770 3767 3772 
3 3772 3767 3768 
3 3772 3768 3769 
3 3772 3769 3773 
3 3773 3769 3759 
3 3773 3759 3774 
3 3771 3770 3775 
3 3775 3770 3772 
3 3775 3772 3773 
3 3608 3607 3776 
3 3776 3607 3771 
3 3609 3608 3777 
3 3777 3608 3776 
3 3610 3609 3778 
3 3778 3609 3777 
3 3776 3771 3779 
3 3779 3771 3775 
3 3777 3776 3780 
3 3780 3776 3779 
3 3778 3777 3781 
3 3781 3777 3780 
3 3779 3775 3782 
3 3782 3775 3773 
3 3782 3773 3774 
3 3774 3759 3763 
3 3611 3610 3783 
3 3783 3610 3778 
3 3783 3778 3784 
3 3784 3778 3781 
3 3612 3611 3785 
3 3785 3611 3783 
3 3613 3612 3786 
3 3786 3612 3785 
3 3614 3613 3787 
3 3787 3613 3786 
3 3615 3614 3788 
3 3788 3614 3787 
3 3616 3615 3789 
3 3789 3615 3788 
3 3617 3616 3789 
3 3780 3779 3790 
3 3790 3779 3782 
3 3781 3780 3791 
3 3791 3780 3790 
3 3784 3781 3792 
3 3792 3781 3791 
3 3785 3783 3793 
3 3793 3783 3784 
3 3793 3784 3794 
3 3794 3784 3792 
3 3786 3785 3795 
3 3795 3785 3793 
3 3787 3786 3796 
3 3796 3786 3795 
3 3788 3787 3797 
3 3797 3787 3796 
3 3789 3788 3798 
3 3798 3788 3797 
3 3617 3789 3799 
3 3799 3789 3798 
3 3618 3617 3800 
3 3800 3617 3799 
3 3620 3618 3801 
3 3801 3618 3800 
3 3619 3620 3802 
3 3802 3620 3803 
3 3621 3619 3802 
3 3622 3621 3804 
3 3804 3621 3802 
3 3623 3622 3805 
3 3805 3622 3804 
3 3624 3623 3806 
3 3806 3623 3805 
3 3625 3624 3807 
3 3807 3624 3806 
3 3626 3625 3808 
3 3808 3625 3807 
3 3627 3626 3809 
3 3809 3626 3808 
3 3628 3627 3810 
3 3810 3627 3809 
3 3629 3628 3810 
3 3790 3782 3811 
3 3811 3782 3774 
3 3811 3774 3812 
3 3812 3774 3763 
3 3812 3763 3813 
3 3813 3763 3762 
3 3791 3790 3814 
3 3814 3790 3811 
3 3792 3791 3815 
3 3815 3791 3814 
3 3794 3792 3816 
3 3816 3792 3815 
3 3793 3794 3817 
3 3818 3794 3816 
3 3795 3793 3817 
3 3817 3794 3818 
3 3796 3795 3819 
3 3819 3795 3817 
3 3797 3796 3820 
3 3820 3796 3819 
3 3798 3797 3821 
3 3821 3797 3820 
3 3799 3798 3822 
3 3822 3798 3821 
3 3814 3811 3823 
3 3823 3811 3812 
3 3815 3814 3824 
3 3824 3814 3823 
3 3816 3815 3825 
3 3825 3815 3824 
3 3818 3816 3826 
3 3826 3816 3825 
3 3817 3818 3827 
3 3827 3818 3828 
3 3819 3817 3827 
3 3820 3819 3829 
3 3829 3819 3827 
3 3821 3820 3830 
3 3830 3820 3829 
3 3822 3821 3831 
3 3831 3821 3830 
3 3630 3629 3832 
3 3832 3629 3810 
3 3680 3630 3833 
3 3833 3630 3832 
3 3679 3680 3834 
3 3834 3680 3833 
3 3684 3679 3835 
3 3835 3679 3834 
3 3683 3684 3836 
3 3836 3684 3835 
3 3685 3683 3836 
3 3687 3685 3837 
3 3837 3685 3836 
3 3837 3836 3838 
3 3838 3836 3835 
3 3838 3835 3839 
3 3839 3835 3834 
3 3839 3834 3840 
3 3840 3834 3833 
3 3840 3833 3841 
3 3841 3833 3832 
3 3841 3832 3842 
3 3842 3832 3810 
3 3842 3809 3843 
3 3842 3810 3809 
3 3843 3809 3844 
3 3844 3809 3808 
3 3844 3808 3807 
3 3844 3807 3845 
3 3845 3807 3806 
3 3843 3844 3846 
3 3846 3844 3845 
3 3838 3839 3847 
3 3847 3839 3848 
3 3839 3840 3848 
3 3848 3840 3841 
3 3848 3841 3849 
3 3849 3841 3842 
3 3849 3842 3843 
3 3849 3843 3850 
3 3850 3843 3846 
3 3693 3687 3851 
3 3851 3687 3837 
3 3851 3837 3852 
3 3853 3837 3838 
3 3853 3838 3847 
3 3694 3693 3854 
3 3855 3693 3851 
3 3695 3694 3856 
3 3854 3693 3855 
3 3696 3695 3857 
3 3857 3695 3856 
3 3697 3696 3858 
3 3858 3696 3857 
3 3698 3697 3859 
3 3859 3697 3858 
3 3699 3698 3860 
3 3860 3698 3859 
3 3700 3699 3860 
3 3845 3806 3861 
3 3861 3806 3805 
3 3846 3845 3862 
3 3862 3845 3861 
3 3850 3846 3863 
3 3863 3846 3862 
3 3861 3805 3864 
3 3864 3805 3804 
3 3864 3804 3865 
3 3865 3804 3802 
3 3865 3802 3803 
3 3803 3620 3801 
3 3849 3850 3866 
3 3866 3850 3863 
3 3848 3849 3867 
3 3867 3849 3866 
3 3847 3848 3867 
3 3853 3847 3868 
3 3868 3847 3867 
3 3868 3867 3869 
3 3869 3867 3866 
3 3869 3866 3870 
3 3870 3866 3863 
3 3852 3868 3871 
3 3871 3868 3869 
3 3851 3852 3872 
3 3872 3852 3871 
3 3855 3851 3872 
3 3871 3869 3873 
3 3873 3869 3870 
3 3872 3871 3874 
3 3874 3871 3873 
3 3855 3872 3875 
3 3875 3872 3874 
3 3854 3855 3876 
3 3876 3855 3875 
3 3870 3863 3877 
3 3877 3863 3862 
3 3873 3870 3878 
3 3878 3870 3877 
3 3877 3862 3879 
3 3879 3862 3861 
3 3879 3861 3864 
3 3878 3877 3880 
3 3880 3877 3879 
3 3874 3873 3881 
3 3881 3873 3878 
3 3881 3878 3882 
3 3882 3878 3880 
3 3875 3874 3883 
3 3883 3874 3881 
3 3876 3875 3883 
3 3864 3865 3884 
3 3885 3865 3803 
3 3879 3864 3884 
3 3884 3865 3885 
3 3880 3879 3886 
3 3886 3879 3884 
3 3882 3880 3887 
3 3887 3880 3886 
3 3881 3882 3888 
3 3889 3882 3887 
3 3883 3881 3888 
3 3888 3882 3889 
3 3876 3883 3890 
3 3890 3883 3888 
3 3890 3888 3891 
3 3891 3888 3889 
3 3892 3889 3893 
3 3893 3889 3887 
3 3893 3887 3894 
3 3894 3887 3886 
3 3894 3886 3895 
3 3895 3886 3884 
3 3895 3884 3885 
3 3895 3885 3896 
3 3897 3885 3803 
3 3897 3803 3898 
3 3898 3803 3801 
3 3898 3801 3800 
3 3898 3800 3899 
3 3899 3800 3799 
3 3899 3799 3822 
3 3899 3822 3900 
3 3900 3822 3831 
3 3898 3899 3901 
3 3901 3899 3900 
3 3897 3898 3901 
3 3897 3901 3902 
3 3902 3901 3900 
3 3885 3897 3896 
3 3896 3897 3902 
3 3894 3895 3903 
3 3903 3895 3896 
3 3902 3900 3904 
3 3904 3900 3831 
3 3904 3831 3905 
3 3905 3831 3830 
3 3905 3830 3829 
3 3905 3829 3906 
3 3906 3829 3827 
3 3906 3827 3828 
3 3828 3818 3826 
3 3904 3905 3907 
3 3907 3905 3906 
3 3907 3906 3908 
3 3908 3906 3828 
3 3857 3856 3909 
3 3909 3856 3910 
3 3854 3911 3910 
3 3854 3876 3911 
3 3858 3857 3912 
3 3912 3857 3909 
3 3859 3858 3913 
3 3913 3858 3912 
3 3902 3904 3914 
3 3914 3904 3907 
3 3896 3902 3914 
3 3903 3896 3914 
3 3894 3903 3915 
3 3893 3894 3915 
3 3914 3907 3916 
3 3916 3907 3908 
3 3903 3914 3917 
3 3917 3914 3916 
3 3915 3903 3917 
3 3860 3859 3918 
3 3918 3859 3913 
3 3700 3860 3919 
3 3919 3860 3918 
3 3701 3700 3920 
3 3920 3700 3919 
3 3702 3701 3921 
3 3921 3701 3920 
3 3703 3702 3922 
3 3922 3702 3921 
3 3704 3703 3923 
3 3923 3703 3922 
3 3705 3704 3924 
3 3924 3704 3923 
3 3706 3705 3925 
3 3925 3705 3924 
3 3707 3706 3926 
3 3926 3706 3925 
3 3708 3707 3927 
3 3927 3707 3926 
3 3501 3708 3928 
3 3928 3708 3927 
3 3460 3501 3504 
3 3504 3501 3928 
3 3656 3503 3929 
3 3929 3503 3504 
3 3660 3656 3930 
3 3930 3656 3929 
3 3665 3660 3931 
3 3931 3660 3930 
3 3929 3504 3932 
3 3932 3504 3928 
3 3930 3929 3933 
3 3933 3929 3932 
3 3931 3930 3934 
3 3934 3930 3933 
3 3932 3928 3935 
3 3935 3928 3927 
3 3933 3932 3936 
3 3936 3932 3935 
3 3934 3933 3937 
3 3937 3933 3936 
3 3935 3927 3938 
3 3938 3927 3939 
3 3939 3927 3926 
3 3939 3926 3940 
3 3940 3926 3925 
3 3940 3925 3924 
3 3940 3924 3941 
3 3941 3924 3923 
3 3941 3923 3942 
3 3942 3923 3922 
3 3942 3922 3943 
3 3943 3922 3921 
3 3943 3921 3944 
3 3944 3921 3920 
3 3944 3920 3945 
3 3945 3920 3919 
3 3945 3919 3946 
3 3946 3919 3918 
3 3936 3935 3947 
3 3947 3935 3938 
3 3937 3936 3948 
3 3948 3936 3947 
3 3939 3940 3949 
3 3949 3940 3941 
3 3938 3939 3949 
3 3949 3941 3950 
3 3950 3941 3942 
3 3950 3942 3951 
3 3951 3942 3943 
3 3951 3943 3952 
3 3952 3943 3944 
3 3952 3944 3953 
3 3953 3944 3945 
3 3953 3945 3954 
3 3954 3945 3946 
3 3938 3949 3955 
3 3955 3949 3950 
3 3947 3938 3955 
3 3955 3950 3956 
3 3956 3950 3951 
3 3956 3951 3957 
3 3957 3951 3952 
3 3957 3952 3958 
3 3958 3952 3953 
3 3958 3953 3959 
3 3959 3953 3954 
3 3947 3955 3960 
3 3960 3955 3956 
3 3948 3947 3961 
3 3961 3947 3960 
3 3960 3956 3962 
3 3962 3956 3957 
3 3962 3957 3963 
3 3963 3957 3958 
3 3963 3958 3964 
3 3964 3958 3959 
3 3962 3963 3965 
3 3965 3963 3964 
3 3961 3960 3966 
3 3966 3960 3962 
3 3966 3962 3967 
3 3967 3962 3965 
3 3948 3961 3968 
3 3968 3961 3966 
3 3937 3948 3969 
3 3969 3948 3968 
3 3934 3937 3970 
3 3970 3937 3969 
3 3931 3934 3971 
3 3971 3934 3970 
3 3665 3931 3972 
3 3972 3931 3971 
3 3663 3665 3973 
3 3973 3665 3972 
3 3664 3973 3974 
3 3664 3663 3973 
3 3666 3664 3974 
3 3968 3966 3975 
3 3975 3966 3967 
3 3969 3968 3976 
3 3976 3968 3975 
3 3970 3969 3977 
3 3977 3969 3976 
3 3971 3970 3978 
3 3978 3970 3977 
3 3972 3971 3979 
3 3979 3971 3978 
3 3973 3972 3980 
3 3980 3972 3979 
3 3974 3973 3980 
3 3666 3974 3981 
3 3982 3974 3980 
3 3667 3666 3981 
3 3981 3974 3982 
3 3674 3667 3983 
3 3983 3667 3981 
3 3675 3674 3984 
3 3984 3674 3983 
3 3733 3984 3985 
3 3733 3675 3984 
3 3732 3733 3745 
3 3745 3733 3985 
3 3982 3980 3986 
3 3986 3980 3979 
3 3981 3982 3987 
3 3987 3982 3986 
3 3983 3981 3987 
3 3984 3983 3988 
3 3988 3983 3987 
3 3985 3984 3988 
3 3986 3979 3989 
3 3989 3979 3978 
3 3989 3978 3990 
3 3990 3978 3977 
3 3990 3977 3991 
3 3991 3977 3976 
3 3991 3976 3992 
3 3992 3976 3975 
3 3988 3987 3993 
3 3993 3987 3986 
3 3993 3986 3989 
3 3985 3988 3993 
3 3745 3985 3994 
3 3994 3985 3993 
3 3994 3993 3995 
3 3995 3993 3989 
3 3995 3989 3990 
3 3744 3745 3996 
3 3996 3745 3994 
3 3753 3744 3997 
3 3997 3744 3996 
3 3996 3994 3998 
3 3998 3994 3995 
3 3998 3995 3999 
3 3999 3995 3990 
3 3999 3990 3991 
3 3999 3991 4000 
3 4000 3991 3992 
3 3998 3999 4001 
3 4001 3999 4000 
3 3996 3998 4002 
3 4002 3998 4001 
3 3997 3996 4002 
3 3754 3753 4003 
3 4003 3753 3997 
3 4003 3997 4004 
3 4004 3997 4002 
3 3756 3754 4005 
3 4005 3754 4003 
3 4005 4003 4006 
3 4006 4003 4004 
3 3992 3975 4007 
3 4007 3975 3967 
3 4000 3992 4008 
3 4008 3992 4007 
3 4001 4000 4009 
3 4009 4000 4008 
3 4002 4001 4010 
3 4010 4001 4009 
3 4004 4002 4010 
3 4006 4004 4011 
3 4011 4004 4010 
3 4007 3967 4012 
3 4012 3967 3965 
3 4008 4007 4013 
3 4013 4007 4012 
3 4009 4008 4014 
3 4014 4008 4013 
3 4010 4009 4015 
3 4015 4009 4014 
3 4011 4010 4015 
3 4012 3965 4016 
3 4016 3965 3964 
3 4016 3964 4017 
3 4017 3964 3959 
3 4017 3959 4018 
3 4018 3959 3954 
3 4018 3954 4019 
3 4019 3954 3946 
3 4019 3946 4020 
3 4020 3946 3918 
3 4020 3918 4021 
3 4021 3918 3913 
3 4021 3913 4022 
3 4022 3913 3912 
3 4022 3912 4023 
3 4023 3912 3909 
3 4023 3909 4024 
3 4024 3909 3910 
3 4024 3910 4025 
3 4025 3910 3911 
3 4025 3911 4026 
3 4026 3911 3890 
3 4023 4024 4027 
3 4027 4024 4028 
3 4022 4023 4029 
3 4029 4023 4027 
3 4021 4022 4030 
3 4030 4022 4029 
3 4020 4021 4031 
3 4031 4021 4030 
3 4019 4020 4032 
3 4032 4020 4031 
3 4018 4019 4033 
3 4033 4019 4032 
3 4017 4018 4033 
3 3908 3828 4034 
3 4034 3828 3826 
3 4034 3826 4035 
3 4035 3826 3825 
3 4035 3825 4036 
3 4036 3825 3824 
3 4036 3824 4037 
3 4037 3824 3823 
3 4037 3823 4038 
3 4038 3823 3812 
3 4038 3812 4039 
3 4039 3812 3813 
3 4039 3813 4040 
3 4040 3813 4041 
3 3813 3762 4041 
3 4041 3762 3760 
3 3916 3908 4042 
3 4042 3908 4034 
3 4042 4034 4043 
3 4043 4034 4035 
3 4043 4035 4044 
3 4044 4035 4036 
3 4044 4036 4045 
3 4045 4036 4037 
3 4045 4037 4046 
3 4037 4038 4046 
3 4046 4038 4039 
3 4046 4039 4047 
3 4047 4039 4040 
3 3917 3916 4048 
3 4048 3916 4042 
3 3915 3917 4049 
3 4049 3917 4048 
3 3893 3915 4050 
3 4050 3915 4049 
3 3892 4050 4051 
3 3892 3893 4050 
3 4052 3892 4051 
3 4051 4050 4053 
3 4053 4050 4049 
3 4054 4051 4053 
3 4053 4049 4055 
3 4055 4049 4048 
3 4054 4053 4056 
3 4056 4053 4055 
3 4055 4048 4057 
3 4057 4048 4042 
3 4057 4042 4058 
3 4058 4042 4043 
3 4056 4055 4059 
3 4059 4055 4057 
3 4058 4043 4060 
3 4060 4043 4044 
3 4057 4058 4061 
3 4061 4058 4060 
3 4059 4057 4061 
3 4025 4026 4062 
3 4062 4052 4054 
3 4052 4051 4054 
3 4024 4025 4028 
3 4028 4025 4062 
3 4062 4054 4063 
3 4063 4054 4056 
3 4028 4062 4064 
3 4064 4062 4063 
3 4063 4056 4065 
3 4065 4056 4059 
3 4064 4063 4066 
3 4066 4063 4065 
3 4027 4028 4067 
3 4067 4028 4064 
3 4029 4027 4068 
3 4067 4064 4069 
3 4069 4064 4066 
3 4065 4059 4070 
3 4070 4059 4061 
3 4066 4065 4071 
3 4071 4065 4070 
3 4069 4066 4071 
3 4045 4046 4072 
3 4072 4046 4047 
3 4044 4045 4073 
3 4073 4045 4072 
3 4060 4044 4073 
3 4061 4060 4074 
3 4074 4060 4073 
3 4070 4061 4075 
3 4075 4061 4074 
3 4071 4070 4076 
3 4076 4070 4075 
3 4069 4071 4077 
3 4077 4071 4076 
3 4074 4073 4078 
3 4078 4073 4072 
3 4075 4074 4079 
3 4079 4074 4078 
3 4076 4075 4079 
3 4027 4067 4068 
3 4080 4067 4069 
3 4080 4069 4077 
3 4030 4029 4081 
3 4081 4029 4068 
3 4077 4076 4082 
3 4082 4076 4079 
3 4082 4079 4083 
3 4083 4079 4078 
3 4080 4077 4084 
3 4084 4077 4082 
3 4081 4068 4085 
3 4085 4080 4084 
3 4084 4082 4086 
3 4086 4082 4083 
3 4030 4081 4087 
3 4087 4081 4088 
3 4031 4030 4087 
3 4032 4031 4089 
3 4089 4031 4087 
3 4033 4032 4089 
3 4017 4033 4090 
3 4090 4033 4089 
3 4016 4017 4091 
3 4091 4017 4090 
3 4012 4016 4092 
3 4092 4016 4091 
3 4013 4012 4092 
3 4090 4089 4093 
3 4093 4089 4087 
3 4093 4087 4088 
3 4088 4081 4085 
3 4088 4085 4094 
3 4094 4085 4084 
3 4091 4090 4095 
3 4095 4090 4093 
3 4092 4091 4096 
3 4096 4091 4095 
3 4013 4092 4097 
3 4097 4092 4096 
3 4014 4013 4097 
3 4015 4014 4098 
3 4098 4014 4097 
3 4011 4015 4098 
3 4006 4011 4099 
3 4099 4011 4098 
3 4099 4098 4100 
3 4100 4098 4097 
3 4100 4097 4101 
3 4101 4097 4096 
3 4083 4078 4102 
3 4102 4078 4072 
3 4102 4072 4103 
3 4103 4072 4047 
3 4086 4083 4104 
3 4104 4083 4102 
3 4084 4086 4094 
3 4105 4086 4106 
3 4103 4047 4107 
3 4107 4047 4040 
3 4107 4040 4108 
3 4108 4040 4041 
3 4102 4103 4109 
3 4109 4103 4107 
3 4104 4102 4109 
3 4108 4041 4110 
3 4110 4041 3760 
3 4110 3760 3761 
3 3761 3755 3756 
3 3761 3756 4111 
3 4111 3756 4005 
3 4107 4108 4112 
3 4112 4108 4110 
3 4109 4107 4112 
3 4112 4110 4113 
3 4113 4110 3761 
3 4113 3761 4111 
3 4109 4112 4114 
3 4114 4112 4113 
3 4104 4109 4114 
3 4086 4104 4106 
3 4106 4104 4114 
3 4114 4113 4115 
3 4115 4113 4111 
3 4106 4114 4115 
3 4111 4005 4116 
3 4116 4005 4006 
3 4115 4111 4116 
3 4116 4006 4099 
3 4099 4100 4117 
3 4117 4100 4101 
3 4116 4099 4117 
3 4115 4116 4117 
3 4118 4115 4117 
3 4118 4117 4101 
3 4119 4101 4096 
3 4119 4096 4095 
3 4105 4119 4120 
3 4120 4119 4095 
3 4105 4094 4086 
3 4095 4093 4120 
3 4120 4093 4088 
3 3868 3852 3853 
3 3837 3853 3852 
3 3876 3890 3911 
3 3891 4026 3890 
3 4052 3891 3892 
3 3889 3892 3891 
3 4067 4080 4068 
3 4085 4068 4080 
3 4088 4094 4120 
3 4105 4120 4094 
3 4105 4118 4119 
3 4101 4119 4118 
3 4115 4118 4106 
3 4105 4106 4118 
3 3246 3247 3636 
3 3468 3636 3247 
3 3437 3398 3399 
3 3382 3399 3398 
3 3694 3854 3856 
3 3910 3856 3854 
3 3891 4052 4026 
3 4062 4026 4052 
3 1899 2326 1900 
3 1900 2326 1902 
3 2069 1989 1342 
3 1393 1395 2060 
3 1393 2060 2059 
3 1391 1393 2059 
3 1391 2059 2063 
3 1389 1391 2063 
3 1389 2063 2065 
3 2067 2069 1342 
3 2067 1342 1341 
3 1389 2065 1341 
3 1341 2065 2067 
3 1413 1411 2073 
3 2060 1395 4121 
3 4121 1395 1419 
3 2062 2060 4121 
3 1413 2073 4122 
3 4122 2073 2062 
3 1419 1413 4122 
3 2062 4121 4122 
3 4122 4121 1419 
3 448 447 2189 
3 2225 2229 3140 
3 2225 3140 2189 
3 2189 3140 448 
3 4123 4124 4125 
3 4123 4125 4126 
3 4126 4125 4127 
3 4128 4123 4126 
3 4126 4127 4129 
3 4129 4127 4130 
3 2847 2846 4131 
3 4131 2846 2994 
3 4132 2847 4131 
3 4129 4130 4133 
3 4133 4130 4134 
3 4133 4134 4135 
3 4135 4134 4136 
3 4137 4132 4138 
3 4138 4132 4131 
3 4139 4137 4140 
3 4140 4137 4138 
3 4141 4139 4142 
3 4142 4139 4140 
3 4138 4131 4143 
3 4143 4131 2994 
3 4143 2994 2995 
3 4143 2995 4144 
3 4144 2995 2996 
3 4144 2996 2997 
3 4144 2997 4145 
3 4145 2997 2999 
3 4145 2999 4146 
3 4146 2999 3001 
3 4146 3001 4147 
3 4147 3001 3003 
3 4147 3003 4148 
3 4148 3003 3005 
3 4148 3005 4149 
3 4149 3005 3007 
3 4149 3007 2976 
3 4149 2976 4150 
3 4150 2976 2974 
3 4150 2974 4151 
3 4151 2974 2972 
3 4151 2972 4152 
3 4152 2972 2970 
3 4152 2970 4153 
3 4153 2970 2968 
3 4153 2968 4154 
3 4154 2968 2966 
3 4154 2966 4155 
3 4155 2966 2964 
3 4155 2964 4156 
3 4156 2964 2954 
3 4156 2954 4157 
3 4157 2954 2949 
3 4157 2949 4158 
3 4158 2949 2948 
3 4158 2948 4159 
3 4159 2948 4160 
3 4159 4160 4161 
3 4161 4160 4162 
3 4161 4162 4163 
3 4163 4162 4164 
3 4163 4164 4165 
3 4165 4164 4128 
3 4165 4128 4126 
3 4165 4126 4129 
3 4166 4141 4167 
3 4167 4141 4142 
3 4168 4166 4169 
3 4169 4166 4167 
3 4170 4168 4171 
3 4171 4168 4169 
3 4135 4136 4172 
3 4172 4136 4173 
3 4172 4173 4174 
3 4174 4173 4175 
3 4174 4175 4176 
3 4176 4175 4177 
3 4176 4177 4178 
3 4178 4177 4170 
3 4178 4170 4171 
3 4165 4129 4133 
3 4163 4165 4133 
3 4163 4133 4179 
3 4179 4133 4135 
3 4161 4163 4179 
3 4159 4161 4180 
3 4180 4161 4179 
3 4158 4159 4180 
3 4157 4158 4181 
3 4181 4158 4180 
3 4156 4157 4181 
3 4180 4179 4182 
3 4181 4180 4182 
3 4182 4179 4135 
3 4182 4135 4172 
3 4181 4182 4183 
3 4183 4182 4172 
3 4156 4181 4183 
3 4183 4172 4174 
3 4155 4156 4184 
3 4184 4156 4183 
3 4184 4183 4174 
3 4184 4174 4176 
3 4155 4184 4176 
3 4154 4155 4176 
3 4154 4176 4178 
3 4153 4154 4178 
3 4153 4178 4171 
3 4152 4153 4171 
3 4152 4171 4169 
3 4151 4152 4169 
3 4151 4169 4185 
3 4185 4169 4167 
3 4150 4151 4185 
3 4148 4149 4150 
3 4148 4150 4185 
3 4147 4148 4185 
3 4147 4185 4167 
3 4147 4167 4146 
3 4146 4167 4142 
3 4145 4146 4142 
3 4145 4142 4140 
3 4144 4145 4140 
3 4144 4140 4143 
3 4143 4140 4138 
3 4162 4160 4186 
3 4187 4188 4189 
3 4189 4188 4190 
3 4191 4187 4192 
3 4192 4187 4189 
3 4162 4186 4193 
3 4193 4186 4194 
3 4164 4162 4193 
3 4195 4191 4196 
3 4196 4191 4192 
3 4193 4194 4197 
3 4197 4194 4198 
3 4197 4198 4199 
3 4199 4198 4200 
3 4199 4200 4201 
3 4201 4200 4202 
3 4201 4202 4203 
3 4203 4202 4204 
3 4203 4204 4205 
3 4205 4204 4206 
3 4205 4206 4207 
3 4207 4206 4208 
3 4207 4208 4209 
3 4209 4208 4210 
3 4209 4210 4211 
3 4211 4210 4212 
3 4211 4212 4213 
3 4213 4212 4214 
3 4213 4214 4215 
3 4215 4214 4216 
3 4215 4216 4217 
3 4217 4216 4218 
3 4217 4218 4219 
3 4219 4218 4195 
3 4219 4195 4196 
3 4189 4190 4220 
3 4220 4190 4221 
3 4222 3084 4223 
3 4223 3084 3083 
3 4224 4222 4225 
3 4225 4222 4223 
3 4226 4224 4227 
3 4227 4224 4225 
3 4228 4226 4229 
3 4229 4226 4227 
3 4223 3083 4230 
3 4230 3083 3087 
3 4231 4228 4232 
3 4232 4228 4229 
3 4233 4231 4234 
3 4234 4231 4232 
3 4235 4233 4236 
3 4236 4233 4234 
3 4221 4235 4237 
3 4237 4235 4236 
3 4220 4221 4237 
3 4230 3087 4238 
3 4238 3087 3093 
3 4238 3093 4239 
3 4239 3093 3094 
3 4239 3094 4240 
3 4240 3094 3106 
3 4240 3106 4241 
3 4241 3106 3105 
3 4241 3105 4242 
3 4242 3105 3095 
3 4242 3095 4243 
3 4243 3095 3097 
3 4243 3097 4244 
3 4244 3097 3099 
3 4244 3099 4245 
3 4245 3099 3100 
3 4245 3100 4246 
3 4246 3100 3108 
3 4246 3108 4247 
3 4247 3108 3109 
3 4247 3109 4248 
3 4248 3109 3110 
3 4248 3110 4249 
3 4249 3110 3113 
3 4249 3113 4250 
3 4250 3113 3112 
3 4250 3112 4251 
3 4251 3112 3111 
3 4251 3111 4252 
3 4251 4252 4253 
3 4253 4252 4254 
3 4253 4254 4255 
3 4255 4254 4256 
3 4255 4256 4257 
3 4257 4256 4258 
3 4257 4258 4259 
3 4259 4258 4260 
3 4259 4260 4261 
3 4261 4260 4262 
3 4261 4262 4263 
3 4263 4262 4264 
3 4263 4264 4265 
3 4265 4264 4266 
3 4265 4266 4267 
3 4267 4266 4268 
3 4267 4268 4269 
3 4269 4268 4270 
3 4269 4270 4271 
3 4128 4164 4272 
3 4272 4164 4193 
3 4123 4128 4273 
3 4273 4128 4272 
3 4124 4123 4274 
3 4274 4123 4273 
3 4275 4124 4276 
3 4276 4124 4274 
3 4277 4275 4276 
3 4271 4277 4278 
3 4278 4277 4276 
3 4269 4271 4279 
3 4279 4271 4278 
3 4272 4193 4280 
3 4280 4193 4197 
3 4192 4189 4281 
3 4281 4189 4220 
3 4196 4192 4282 
3 4282 4192 4281 
3 4281 4220 4283 
3 4283 4220 4237 
3 4282 4281 4284 
3 4284 4281 4283 
3 4219 4196 4285 
3 4285 4196 4282 
3 4280 4286 4287 
3 4280 4197 4286 
3 4227 4225 4288 
3 4288 4225 4223 
3 4288 4223 4230 
3 4229 4227 4289 
3 4289 4227 4288 
3 4232 4229 4290 
3 4290 4229 4289 
3 4288 4230 4291 
3 4291 4230 4238 
3 4289 4288 4291 
3 4234 4232 4292 
3 4292 4232 4290 
3 4236 4234 4293 
3 4293 4234 4292 
3 4237 4236 4294 
3 4294 4236 4293 
3 4283 4237 4294 
3 4291 4238 4295 
3 4295 4238 4239 
3 4295 4239 4296 
3 4296 4239 4240 
3 4289 4291 4297 
3 4297 4291 4295 
3 4290 4289 4297 
3 4292 4290 4298 
3 4298 4290 4297 
3 4297 4295 4299 
3 4299 4295 4296 
3 4298 4297 4300 
3 4300 4297 4299 
3 4293 4292 4301 
3 4301 4292 4298 
3 4301 4298 4302 
3 4302 4298 4300 
3 4294 4293 4303 
3 4303 4293 4301 
3 4303 4301 4304 
3 4304 4301 4302 
3 4283 4294 4305 
3 4305 4294 4303 
3 4284 4283 4305 
3 4305 4303 4306 
3 4306 4303 4304 
3 4296 4240 4307 
3 4307 4240 4241 
3 4299 4296 4308 
3 4308 4296 4307 
3 4300 4299 4309 
3 4309 4299 4308 
3 4302 4300 4309 
3 4304 4302 4310 
3 4310 4302 4309 
3 4306 4304 4311 
3 4311 4304 4310 
3 4307 4241 4312 
3 4312 4241 4242 
3 4308 4307 4313 
3 4313 4307 4312 
3 4309 4308 4314 
3 4314 4308 4313 
3 4310 4309 4314 
3 4311 4310 4315 
3 4315 4310 4314 
3 4315 4314 4316 
3 4316 4314 4313 
3 4316 4313 4317 
3 4317 4313 4312 
3 4317 4312 4318 
3 4318 4312 4242 
3 4318 4242 4319 
3 4319 4242 4243 
3 4319 4243 4320 
3 4320 4243 4244 
3 4320 4244 4321 
3 4321 4244 4245 
3 4321 4245 4322 
3 4322 4245 4246 
3 4322 4246 4323 
3 4323 4246 4247 
3 4323 4247 4324 
3 4324 4247 4248 
3 4324 4248 4325 
3 4325 4248 4249 
3 4325 4249 4326 
3 4326 4249 4250 
3 4326 4250 4327 
3 4327 4250 4251 
3 4327 4251 4253 
3 4273 4272 4328 
3 4328 4272 4280 
3 4328 4280 4287 
3 4274 4273 4329 
3 4329 4273 4328 
3 4276 4274 4330 
3 4330 4274 4329 
3 4278 4276 4330 
3 4279 4278 4331 
3 4331 4278 4330 
3 4285 4282 4332 
3 4332 4282 4284 
3 4332 4284 4333 
3 4333 4284 4305 
3 4333 4305 4306 
3 4333 4306 4334 
3 4334 4306 4311 
3 4334 4311 4335 
3 4335 4311 4315 
3 4335 4315 4336 
3 4336 4315 4316 
3 4336 4316 4337 
3 4337 4316 4317 
3 4337 4317 4338 
3 4338 4317 4318 
3 4338 4318 4339 
3 4339 4318 4319 
3 4339 4319 4320 
3 4339 4320 4340 
3 4340 4320 4321 
3 4340 4321 4341 
3 4341 4321 4322 
3 4341 4322 4342 
3 4342 4322 4323 
3 4342 4323 4343 
3 4343 4323 4324 
3 4343 4324 4344 
3 4344 4324 4325 
3 4344 4325 4345 
3 4345 4325 4326 
3 4345 4326 4346 
3 4346 4326 4327 
3 4346 4327 4347 
3 4347 4327 4253 
3 4347 4253 4348 
3 4348 4253 4255 
3 4348 4255 4349 
3 4349 4255 4257 
3 4349 4257 4350 
3 4350 4257 4259 
3 4350 4259 4351 
3 4351 4259 4261 
3 4351 4261 4352 
3 4352 4261 4263 
3 4352 4263 4353 
3 4353 4263 4265 
3 4353 4265 4354 
3 4354 4265 4267 
3 4354 4267 4355 
3 4355 4267 4269 
3 4355 4269 4279 
3 4355 4279 4356 
3 4356 4279 4331 
3 4354 4355 4357 
3 4357 4355 4356 
3 4353 4354 4358 
3 4358 4354 4357 
3 4352 4353 4359 
3 4359 4353 4358 
3 4351 4352 4360 
3 4360 4352 4359 
3 4350 4351 4361 
3 4361 4351 4360 
3 4349 4350 4362 
3 4362 4350 4361 
3 4348 4349 4363 
3 4363 4349 4362 
3 4347 4348 4363 
3 4338 4339 4364 
3 4364 4339 4340 
3 4337 4338 4365 
3 4365 4338 4364 
3 4364 4340 4366 
3 4366 4340 4341 
3 4366 4341 4367 
3 4367 4341 4342 
3 4367 4342 4368 
3 4368 4342 4343 
3 4336 4337 4369 
3 4369 4337 4365 
3 4335 4336 4370 
3 4370 4336 4369 
3 4368 4343 4371 
3 4371 4343 4344 
3 4371 4344 4372 
3 4372 4344 4345 
3 4372 4345 4373 
3 4373 4345 4346 
3 4373 4346 4374 
3 4374 4346 4347 
3 4374 4347 4363 
3 4334 4335 4375 
3 4375 4335 4370 
3 4333 4334 4375 
3 4332 4333 4376 
3 4376 4333 4375 
3 4365 4364 4377 
3 4377 4364 4366 
3 4369 4365 4378 
3 4378 4365 4377 
3 4370 4369 4379 
3 4379 4369 4378 
3 4375 4370 4380 
3 4380 4370 4379 
3 4376 4375 4380 
3 4377 4366 4381 
3 4381 4366 4367 
3 4381 4367 4382 
3 4382 4367 4368 
3 4382 4368 4383 
3 4383 4368 4371 
3 4383 4371 4384 
3 4384 4371 4372 
3 4384 4372 4385 
3 4385 4372 4373 
3 4385 4373 4386 
3 4386 4373 4374 
3 4386 4374 4387 
3 4387 4374 4363 
3 4387 4363 4388 
3 4388 4363 4362 
3 4388 4362 4389 
3 4389 4362 4361 
3 4389 4361 4390 
3 4390 4361 4360 
3 4390 4360 4391 
3 4391 4360 4359 
3 4391 4359 4392 
3 4392 4359 4358 
3 4392 4358 4393 
3 4393 4358 4357 
3 4393 4357 4394 
3 4394 4357 4356 
3 4394 4356 4395 
3 4395 4356 4331 
3 4395 4331 4330 
3 4395 4330 4396 
3 4396 4330 4329 
3 4396 4329 4397 
3 4397 4329 4328 
3 4397 4328 4287 
3 4378 4377 4398 
3 4398 4377 4381 
3 4379 4378 4399 
3 4399 4378 4398 
3 4380 4379 4400 
3 4400 4379 4399 
3 4376 4380 4401 
3 4401 4380 4400 
3 4332 4376 4402 
3 4402 4376 4401 
3 4285 4332 4402 
3 4398 4381 4403 
3 4403 4381 4382 
3 4399 4398 4404 
3 4404 4398 4403 
3 4400 4399 4405 
3 4405 4399 4404 
3 4401 4400 4406 
3 4406 4400 4405 
3 4403 4382 4407 
3 4407 4382 4383 
3 4407 4383 4408 
3 4408 4383 4384 
3 4408 4384 4409 
3 4409 4384 4385 
3 4409 4385 4410 
3 4410 4385 4386 
3 4410 4386 4411 
3 4411 4386 4387 
3 4411 4387 4412 
3 4412 4387 4388 
3 4412 4388 4413 
3 4413 4388 4389 
3 4413 4389 4414 
3 4414 4389 4390 
3 4414 4390 4415 
3 4415 4390 4391 
3 4415 4391 4416 
3 4416 4391 4392 
3 4416 4392 4417 
3 4417 4392 4393 
3 4417 4393 4418 
3 4418 4393 4394 
3 4418 4394 4419 
3 4419 4394 4395 
3 4419 4395 4396 
3 4419 4396 4420 
3 4420 4396 4397 
3 4420 4397 4421 
3 4421 4397 4287 
3 4404 4403 4422 
3 4422 4403 4407 
3 4405 4404 4423 
3 4423 4404 4422 
3 4406 4405 4424 
3 4424 4405 4423 
3 4422 4407 4425 
3 4425 4407 4408 
3 4425 4408 4426 
3 4426 4408 4409 
3 4426 4409 4427 
3 4427 4409 4410 
3 4427 4410 4411 
3 4423 4422 4428 
3 4428 4422 4425 
3 4424 4423 4429 
3 4429 4423 4428 
3 4428 4425 4430 
3 4430 4425 4426 
3 4430 4426 4431 
3 4431 4426 4427 
3 4429 4428 4432 
3 4432 4428 4430 
3 4432 4430 4433 
3 4433 4430 4431 
3 4431 4427 4434 
3 4434 4427 4411 
3 4434 4411 4412 
3 4434 4412 4435 
3 4435 4412 4413 
3 4435 4413 4414 
3 4433 4431 4436 
3 4436 4431 4434 
3 4436 4434 4437 
3 4437 4434 4435 
3 4437 4435 4438 
3 4438 4435 4414 
3 4438 4414 4415 
3 4438 4415 4439 
3 4439 4415 4416 
3 4439 4416 4440 
3 4440 4416 4417 
3 4440 4417 4441 
3 4441 4417 4418 
3 4441 4418 4442 
3 4442 4418 4419 
3 4442 4419 4420 
3 4442 4420 4443 
3 4443 4420 4421 
3 4421 4287 4444 
3 4444 4287 4286 
3 4443 4421 4444 
3 4444 4286 4445 
3 4445 4199 4201 
3 4445 4201 4446 
3 4446 4201 4203 
3 4444 4445 4447 
3 4447 4445 4446 
3 4443 4444 4448 
3 4448 4444 4447 
3 4442 4443 4449 
3 4449 4443 4448 
3 4441 4442 4449 
3 4440 4441 4450 
3 4450 4441 4449 
3 4439 4440 4451 
3 4451 4440 4450 
3 4438 4439 4451 
3 4437 4438 4452 
3 4452 4438 4451 
3 4436 4437 4453 
3 4453 4437 4452 
3 4433 4436 4454 
3 4454 4436 4453 
3 4432 4433 4455 
3 4455 4433 4454 
3 4429 4432 4456 
3 4456 4432 4455 
3 4424 4429 4457 
3 4457 4429 4456 
3 4406 4424 4458 
3 4458 4424 4457 
3 4401 4406 4459 
3 4402 4401 4459 
3 4459 4406 4458 
3 4285 4402 4460 
3 4460 4402 4459 
3 4219 4285 4461 
3 4217 4219 4461 
3 4461 4285 4460 
3 4215 4217 4462 
3 4462 4217 4461 
3 4213 4215 4463 
3 4463 4215 4462 
3 4211 4213 4464 
3 4464 4213 4463 
3 4209 4211 4465 
3 4465 4211 4464 
3 4207 4209 4466 
3 4466 4209 4465 
3 4205 4207 4466 
3 4446 4203 4467 
3 4467 4203 4205 
3 4467 4205 4466 
3 4447 4446 4468 
3 4468 4446 4467 
3 4448 4447 4469 
3 4469 4447 4468 
3 4449 4448 4470 
3 4470 4448 4469 
3 4450 4449 4471 
3 4471 4449 4470 
3 4451 4450 4472 
3 4472 4450 4471 
3 4452 4451 4472 
3 4453 4452 4473 
3 4473 4452 4472 
3 4454 4453 4473 
3 4455 4454 4474 
3 4474 4454 4473 
3 4474 4473 4475 
3 4476 4473 4472 
3 4476 4471 4477 
3 4476 4472 4471 
3 4477 4471 4470 
3 4477 4470 4469 
3 4477 4469 4478 
3 4478 4469 4468 
3 4476 4477 4479 
3 4479 4477 4478 
3 4478 4468 4480 
3 4480 4468 4467 
3 4480 4467 4466 
3 4480 4466 4481 
3 4481 4466 4465 
3 4481 4465 4482 
3 4482 4465 4464 
3 4482 4464 4483 
3 4483 4464 4463 
3 4483 4463 4484 
3 4484 4463 4462 
3 4479 4478 4485 
3 4485 4478 4480 
3 4485 4480 4481 
3 4485 4481 4486 
3 4481 4482 4486 
3 4486 4482 4483 
3 4486 4483 4487 
3 4487 4483 4484 
3 4479 4485 4488 
3 4488 4485 4486 
3 4475 4479 4488 
3 4474 4475 4489 
3 4488 4486 4487 
3 4475 4488 4489 
3 4490 4488 4487 
3 4455 4474 4491 
3 4491 4474 4489 
3 4456 4455 4491 
3 4457 4456 4492 
3 4492 4456 4491 
3 4492 4491 4489 
3 4492 4489 4490 
3 4493 4490 4494 
3 4494 4487 4484 
3 4494 4484 4495 
3 4495 4484 4462 
3 4495 4462 4461 
3 4495 4461 4460 
3 4495 4460 4496 
3 4496 4460 4459 
3 4494 4495 4496 
3 4493 4494 4496 
3 4457 4493 4458 
3 4493 4496 4458 
3 4458 4496 4459 
3 4197 4199 4286 
3 4445 4286 4199 
3 4489 4488 4490 
3 4494 4490 4487 
3 4479 4475 4476 
3 4473 4476 4475 
3 4457 4492 4493 
3 4490 4493 4492 
3 4497 4498 4499 
3 4500 3152 3151 
3 4497 4499 4501 
3 4502 4497 4501 
3 4502 4501 4503 
3 4504 4502 4503 
3 4504 4503 4505 
3 4506 4504 4505 
3 4506 4505 4507 
3 4508 4506 4507 
3 4508 4507 4509 
3 4510 4500 3151 
3 4510 3151 3173 
3 4511 4510 3173 
3 4511 3173 3171 
3 4512 4511 3171 
3 4512 3171 3169 
3 4513 4512 3169 
3 4513 3169 3167 
3 4514 4513 3167 
3 4514 3167 3150 
3 4515 4514 3150 
3 4515 3150 3148 
3 4516 4515 3148 
3 4516 3148 3146 
3 4517 4516 3146 
3 4517 3146 3144 
3 4518 4517 3144 
3 3144 4508 4518 
3 4518 4508 4509 
3 4519 4498 3135 
3 4498 4497 3325 
3 4497 4502 3329 
3 4502 4504 3331 
3 4504 4506 3333 
3 4506 4508 3335 
3 4508 3144 3143 
3 3143 3335 4508 
3 3335 3333 4506 
3 3333 3331 4504 
3 3331 3329 4502 
3 4497 3329 3327 
3 4497 3327 3325 
3 4498 3325 3135 
3 4519 3135 3134 
3 3158 4218 4216 
3 2003 3158 4520 
3 4520 3158 4216 
3 4520 4216 4214 
3 4160 2948 4521 
3 4521 2948 2947 
3 4186 4160 4521 
3 4194 4186 4522 
3 4522 4186 4521 
3 4198 4194 4523 
3 4523 4194 4522 
3 4200 4198 4524 
3 4524 4198 4523 
3 4202 4200 4525 
3 4525 4200 4524 
3 4204 4202 4526 
3 4526 4202 4525 
3 4206 4204 4527 
3 4527 4204 4526 
3 2004 2003 4528 
3 4528 2003 4520 
3 4521 2947 4529 
3 4529 2947 2950 
3 4529 2950 4530 
3 4530 2950 2955 
3 4528 4520 4531 
3 4531 4520 4214 
3 4531 4214 4212 
3 2010 2004 4532 
3 4532 2004 4528 
3 2033 2010 4533 
3 4533 2010 4532 
3 2055 2033 4534 
3 4534 2033 4533 
3 2041 2055 4535 
3 4535 2055 4534 
3 2039 2041 4536 
3 4536 2041 4535 
3 2037 2039 4537 
3 4537 2039 4536 
3 2036 2037 4538 
3 4538 2037 4537 
3 2006 2036 4539 
3 4539 2036 4538 
3 2007 2006 4540 
3 4540 2006 4539 
3 2978 2007 4541 
3 4541 2007 4540 
3 2957 2978 4542 
3 4542 2978 4541 
3 2955 2957 4543 
3 4543 2957 4542 
3 4530 2955 4543 
3 4531 4212 4544 
3 4544 4212 4210 
3 4208 4206 4545 
3 4545 4206 4527 
3 4210 4208 4546 
3 4546 4208 4545 
3 4544 4210 4546 
3 4522 4521 4529 
3 4528 4531 4547 
3 4547 4531 4544 
3 4532 4528 4547 
3 4533 4532 4548 
3 4548 4532 4547 
3 4548 4547 4544 
3 4548 4544 4546 
3 4534 4533 4549 
3 4549 4533 4548 
3 4549 4548 4546 
3 4535 4534 4550 
3 4550 4534 4549 
3 4536 4535 4550 
3 4550 4549 4551 
3 4551 4549 4546 
3 4551 4546 4545 
3 4537 4536 4552 
3 4552 4536 4550 
3 4552 4550 4551 
3 4552 4551 4553 
3 4553 4551 4545 
3 4553 4545 4554 
3 4554 4545 4527 
3 4538 4537 4555 
3 4555 4537 4552 
3 4555 4552 4553 
3 4555 4553 4556 
3 4556 4553 4554 
3 4538 4555 4557 
3 4557 4555 4556 
3 4539 4538 4557 
3 4523 4522 4558 
3 4558 4522 4529 
3 4558 4529 4530 
3 4524 4523 4559 
3 4559 4523 4558 
3 4525 4524 4560 
3 4560 4524 4559 
3 4559 4558 4561 
3 4561 4558 4530 
3 4561 4530 4543 
3 4560 4559 4561 
3 4526 4525 4562 
3 4562 4525 4560 
3 4527 4526 4563 
3 4563 4526 4562 
3 4554 4527 4563 
3 4556 4554 4564 
3 4564 4554 4563 
3 4564 4563 4565 
3 4565 4563 4562 
3 4565 4562 4566 
3 4566 4562 4560 
3 4566 4560 4561 
3 4566 4561 4567 
3 4567 4561 4543 
3 4567 4543 4542 
3 4557 4556 4568 
3 4568 4556 4564 
3 4568 4564 4565 
3 4539 4557 4569 
3 4569 4557 4568 
3 4540 4539 4569 
3 4567 4542 4570 
3 4570 4542 4541 
3 4570 4541 4540 
3 4570 4540 4569 
3 4570 4569 4571 
3 4571 4569 4568 
3 4571 4568 4565 
3 4567 4570 4571 
3 4567 4571 4566 
3 4566 4571 4565 
3 3205 3203 4572 
3 3309 3205 4572 
3 3309 4572 4573 
3 3307 3309 4573 
3 3307 4573 4574 
3 3305 3307 4574 
3 3305 4574 4575 
3 1620 1618 3297 
3 3303 3305 4575 
3 3303 4575 4576 
3 1620 3297 3299 
3 1641 1620 3299 
3 4577 1641 3299 
3 4577 3299 3301 
3 4577 3301 4576 
3 4576 3301 3303 
3 3138 3137 4578 
3 3195 3138 4578 
3 4188 3162 4579 
3 4579 3162 3164 
3 4579 3164 4580 
3 4190 4188 4579 
3 3195 4578 4581 
3 4581 4578 4582 
3 3197 3195 4581 
3 4583 4584 4585 
3 4585 4584 4586 
3 4587 4583 4585 
3 4588 4587 4589 
3 4589 4587 4585 
3 4581 4582 4590 
3 4590 4582 4588 
3 4590 4588 4589 
3 4591 3199 4592 
3 4592 3199 3197 
3 4592 3197 4581 
3 4190 4579 4580 
3 4190 4580 4593 
3 4221 4190 4593 
3 4235 4221 4593 
3 4235 4593 4594 
3 4233 4235 4594 
3 4233 4594 4595 
3 4231 4233 4595 
3 4231 4595 4596 
3 4228 4231 4596 
3 4228 4596 4597 
3 4226 4228 4597 
3 4226 4597 4598 
3 4224 4226 4598 
3 4224 4598 4599 
3 4222 4224 4599 
3 4222 4599 4600 
3 4601 4222 4600 
3 4601 4600 4602 
3 4603 4601 4602 
3 4603 4602 4604 
3 4605 4603 4604 
3 4605 4604 4606 
3 4586 4605 4607 
3 4607 4605 4606 
3 4607 4606 4591 
3 4607 4591 4592 
3 4592 4581 4590 
3 4607 4592 4590 
3 4607 4590 4589 
3 4607 4589 4586 
3 4586 4589 4585 
3 4188 4187 3162 
3 4187 4191 3160 
3 4191 4195 3157 
3 4195 4218 3157 
3 4218 3158 3157 
3 3157 3160 4191 
3 4187 3160 3162 
3 4591 3201 3199 
3 3267 3201 4591 
3 3267 4591 4606 
3 4608 3180 3182 
3 4608 3182 3288 
3 4609 4608 3288 
3 4609 3288 3286 
3 4610 4609 3286 
3 4610 3286 3284 
3 4611 4610 3284 
3 4611 3284 3282 
3 4604 3267 4606 
3 3268 3267 4604 
3 3268 4604 4602 
3 3270 3268 4602 
3 3270 4602 4600 
3 3274 3270 4600 
3 3274 4600 4599 
3 3276 3274 4599 
3 3276 4599 4598 
3 3278 3276 4598 
3 3278 4598 4597 
3 3280 3278 4597 
3 3280 4597 4596 
3 3280 4596 4611 
3 3282 3280 4611 
3 4611 4596 4595 
3 4610 4611 4595 
3 4610 4595 4594 
3 4609 4610 4594 
3 4609 4594 4593 
3 4608 4609 4593 
3 4608 4593 4580 
3 4608 4580 3180 
3 3180 4580 3164 
3 379 2847 4132 
3 380 379 4132 
3 4132 4137 380 
3 380 4137 355 
3 359 361 2307 
3 355 4137 4612 
3 349 355 4612 
3 349 4612 4613 
3 305 349 4613 
3 305 4613 4614 
3 306 305 4614 
3 306 4614 4615 
3 2327 306 4615 
3 2327 4615 4616 
3 2328 2327 4616 
3 2328 4616 4617 
3 2329 2328 4617 
3 2329 4617 4618 
3 2330 2329 4618 
3 2330 4618 4619 
3 2331 2330 4619 
3 2331 4619 4620 
3 2332 2331 4620 
3 2332 4620 4621 
3 2333 2332 4621 
3 2333 4621 4622 
3 2334 2333 4622 
3 359 2307 2309 
3 357 359 2309 
3 2335 2334 4622 
3 2335 4622 4623 
3 2337 2335 4623 
3 2337 4623 4624 
3 2339 2337 4624 
3 2339 4624 4625 
3 2341 2339 4625 
3 2341 4625 4626 
3 2343 2341 4626 
3 2343 4626 4627 
3 2343 4627 4628 
3 2317 2343 4628 
3 2317 4628 4629 
3 2315 2317 4629 
3 2315 4629 4630 
3 2313 2315 4630 
3 2313 4630 351 
3 2313 351 354 
3 2311 2313 354 
3 354 357 2311 
3 2311 357 2309 
3 2861 356 353 
3 4252 3111 3117 
3 2857 2861 353 
3 2857 353 352 
3 2858 2857 352 
3 2858 352 4631 
3 3131 2858 4631 
3 3131 4631 4632 
3 3130 3131 4632 
3 3130 4632 4633 
3 3132 3130 4633 
3 3132 4633 4634 
3 3127 3132 4634 
3 3127 4634 4262 
3 3127 4262 4260 
3 3125 3127 4260 
3 3125 4260 4258 
3 3123 3125 4258 
3 3123 4258 4256 
3 3122 3123 4256 
3 3122 4256 4254 
3 3114 3122 4254 
3 4254 4252 3114 
3 3114 4252 3117 
3 4612 4137 4139 
3 4612 4139 4141 
3 4613 4612 4141 
3 4613 4141 4166 
3 4614 4613 4166 
3 4614 4166 4168 
3 4615 4614 4168 
3 4615 4168 4170 
3 4616 4615 4170 
3 4616 4170 4177 
3 4617 4616 4177 
3 4617 4177 4175 
3 4618 4617 4175 
3 4618 4175 4173 
3 4619 4618 4173 
3 4619 4173 4136 
3 4620 4619 4136 
3 4620 4136 4134 
3 4621 4620 4134 
3 4621 4134 4130 
3 4622 4621 4130 
3 4622 4130 4127 
3 4623 4622 4127 
3 4623 4127 4125 
3 4624 4623 4125 
3 4624 4125 4124 
3 4624 4124 4275 
3 4625 4624 4275 
3 4271 4270 4635 
3 4635 4270 4627 
3 4635 4627 4626 
3 4277 4271 4635 
3 4625 4275 4636 
3 4636 4275 4277 
3 4626 4625 4636 
3 4277 4635 4636 
3 4636 4635 4626 
3 4264 4262 4634 
3 352 351 4630 
3 4631 352 4630 
3 4631 4630 4629 
3 4266 4264 4637 
3 4637 4264 4634 
3 4637 4634 4633 
3 4632 4631 4638 
3 4638 4631 4629 
3 4638 4629 4628 
3 4628 4627 4639 
3 4639 4627 4270 
3 4638 4628 4639 
3 4639 4270 4268 
3 4638 4639 4640 
3 4640 4639 4268 
3 4640 4268 4266 
3 4640 4266 4637 
3 4632 4638 4640 
3 4632 4640 4633 
3 4633 4640 4637 
3 401 400 457 
3 394 393 2562 
3 483 2562 393 
3 2561 2405 2444 
3 627 625 4641 
3 4642 4643 549 
3 627 4641 4644 
3 4645 4642 549 
3 4645 549 548 
3 4646 4645 548 
3 4646 548 552 
3 4647 4646 552 
3 4647 552 628 
3 4648 4647 628 
3 4648 628 630 
3 4649 4648 630 
3 627 4644 630 
3 630 4644 4649 
3 1785 1599 1600 
3 2352 1767 1770 
3 1784 1785 1600 
3 1784 1600 1621 
3 1783 1784 1621 
3 1783 1621 1623 
3 1782 1783 1623 
3 1782 1623 1625 
3 1781 1782 1625 
3 1781 1625 1670 
3 1780 1781 1670 
3 1780 1670 1672 
3 1779 1780 1672 
3 1779 1672 1673 
3 1778 1779 1673 
3 1778 1673 1674 
3 1777 1778 1674 
3 1777 1674 2358 
3 1776 1777 4650 
3 4650 1777 2358 
3 4650 2358 2357 
3 2352 1770 4651 
3 4651 1770 1771 
3 2353 2352 4651 
3 4651 1771 4652 
3 4652 1771 1772 
3 4652 1772 4653 
3 4653 1772 1773 
3 4653 1773 4654 
3 4654 1773 1774 
3 1775 1776 4655 
3 4655 1776 4650 
3 1774 1775 4656 
3 4656 1775 4655 
3 4654 1774 4656 
3 2353 4651 4657 
3 4657 4651 4652 
3 2354 2353 4657 
3 2355 2354 4658 
3 4658 2354 4657 
3 4655 4650 2357 
3 4655 2357 2356 
3 4656 4655 2356 
3 4656 2356 2355 
3 4654 4656 2355 
3 4654 2355 4658 
3 4653 4654 4658 
3 4658 4657 4653 
3 4653 4657 4652 
3 549 4643 551 
3 551 4643 491 
3 4647 4648 4659 
3 4647 4659 4660 
3 4646 4647 4660 
3 4646 4660 4661 
3 4645 4646 4661 
3 4507 4505 1592 
3 4642 4645 4661 
3 4642 4661 4662 
3 4663 4642 4662 
3 4663 4662 4664 
3 492 4663 4664 
3 4507 1592 1591 
3 4509 4507 1591 
3 4509 1591 1800 
3 4518 4509 1800 
3 4518 1800 1802 
3 4517 4518 1802 
3 4517 1802 1796 
3 4516 4517 1796 
3 4516 1796 1794 
3 4665 4516 1794 
3 4665 1794 1789 
3 4666 4665 1789 
3 4666 1789 1766 
3 4667 4666 1766 
3 4667 1766 1765 
3 4668 4667 1765 
3 4668 1765 495 
3 4669 4668 495 
3 4669 495 494 
3 4669 494 4664 
3 4664 494 492 
3 1787 573 571 
3 501 495 1765 
3 501 1765 1764 
3 517 501 1764 
3 517 1764 1790 
3 555 517 1790 
3 555 1790 1809 
3 557 555 1809 
3 557 1809 1808 
3 559 557 1808 
3 559 1808 1807 
3 561 559 1807 
3 561 1807 1806 
3 563 561 1806 
3 563 1806 1805 
3 565 563 1805 
3 565 1805 1798 
3 567 565 1798 
3 567 1798 1792 
3 569 567 1792 
3 1792 1787 569 
3 569 1787 571 
3 4642 4663 4643 
3 491 4663 492 
3 4663 491 4643 
3 27 30 4670 
3 3227 4644 4641 
3 4671 4583 4587 
3 3227 4641 625 
3 3229 3227 625 
3 3229 625 623 
3 3192 3229 623 
3 3192 623 547 
3 3190 3192 547 
3 3190 547 509 
3 3188 3190 509 
3 3188 509 4 
3 3186 3188 4 
3 3186 4 3 
3 3184 3186 3 
3 3184 3 9 
3 3136 3184 9 
3 3136 9 11 
3 3137 3136 11 
3 27 4670 4672 
3 25 27 4672 
3 25 4672 4673 
3 24 25 4673 
3 3137 11 4674 
3 4674 11 13 
3 4578 3137 4674 
3 4674 13 4675 
3 4675 13 16 
3 24 4673 4676 
3 4676 4673 4677 
3 22 24 4676 
3 4578 4674 4675 
3 4582 4578 4675 
3 4676 4677 4678 
3 4678 4677 4671 
3 4678 4671 4587 
3 4582 4675 4679 
3 4679 4675 16 
3 4679 16 18 
3 4588 4582 4679 
3 4588 4679 4680 
3 4680 4679 18 
3 4680 18 20 
3 4587 4588 4680 
3 4678 4587 4680 
3 4678 4680 20 
3 20 22 4678 
3 4678 22 4676 
3 30 32 3096 
3 3084 4222 4601 
3 30 3096 3098 
3 4670 30 3098 
3 4670 3098 3104 
3 4672 4670 3104 
3 4672 3104 3101 
3 4673 4672 3101 
3 4673 3101 3103 
3 4677 4673 3103 
3 4677 3103 3107 
3 4671 4677 3107 
3 4671 3107 3088 
3 4583 4671 3088 
3 4583 3088 3090 
3 4584 4583 3090 
3 4681 4584 3090 
3 4681 3090 3082 
3 4682 4681 3082 
3 3084 4601 4603 
3 3084 4603 3082 
3 3082 4603 4682 
3 3210 1727 1725 
3 1643 1641 4577 
3 1646 1643 4577 
3 1646 4577 4576 
3 1648 1646 4576 
3 1648 4576 4575 
3 1684 1648 4575 
3 1684 4575 4574 
3 1686 1684 4574 
3 1686 4574 4573 
3 1688 1686 4573 
3 1688 4573 4572 
3 1695 1688 4572 
3 1695 4572 3203 
3 1719 1695 3203 
3 1719 3203 3202 
3 1721 1719 3202 
3 1721 3202 3206 
3 1723 1721 3206 
3 1723 3206 3208 
3 1723 3208 1725 
3 1725 3208 3210 
3 4682 4603 4605 
3 4586 4681 4605 
3 4605 4681 4682 
3 4586 4584 4681 
3 4499 1598 1595 
3 4501 4499 1595 
3 1593 1592 4505 
3 1593 4505 4503 
3 1595 1593 4501 
3 4501 1593 4503 
3 4498 1598 4499 
3 1627 1598 4498 
3 1627 4498 4519 
3 1628 1627 4519 
3 1628 4519 3134 
3 1630 1628 3134 
3 1630 3134 3133 
3 3294 3292 1636 
3 3294 1636 1634 
3 3319 3294 1634 
3 3319 1634 1632 
3 3321 3319 1632 
3 3133 3321 1630 
3 1630 3321 1632 
3 1638 1636 3292 
3 3295 3297 1618 
3 1638 3292 3291 
3 1617 1638 3291 
3 3291 3295 1617 
3 1617 3295 1618 
3 1675 2358 1674 
3 4515 4516 4665 
3 4515 4665 4666 
3 4514 4515 4666 
3 4514 4666 4667 
3 4513 4514 4667 
3 4513 4667 4668 
3 4512 4513 4668 
3 4512 4668 4669 
3 4511 4512 4669 
3 4511 4669 4664 
3 4510 4511 4664 
3 4510 4664 4662 
3 4500 4510 4662 
3 4500 4662 4661 
3 4661 4660 4500 
3 4500 4660 3152 
3 3227 3226 4644 
3 3226 3230 4649 
3 3230 3154 4648 
3 4660 4659 3152 
3 4659 4648 3154 
3 4659 3154 3152 
3 4648 4649 3230 
3 4649 4644 3226 
