Coordinates
version=1
nRows=346
nColumns=19
inDegrees=yes

Units are S.I. units (second, meters, Newtons, ...)
If the header above contains a line with 'inDegrees', this indicates whether rotational values are in degrees (yes) or radians (no).

endheader
time	pelvis_obliquity	pelvis_rotation	pelvis_tilt	pelvis_to_ground_tx	pelvis_to_ground_ty	pelvis_to_ground_tz	left_hip_abduction	left_hip_rotation	left_hip_flexion	left_knee_flexion	left_ankle_flexion	left_subtalar_angle	right_hip_abduction	right_hip_rotation	right_hip_flexion	right_knee_flexion	right_ankle_flexion	right_subtalar_angle
      2.69000000	     97.16293451	     25.25385490	     -9.61157313	     -1.68865357	     -0.58092656	      0.56404191	     -3.57510047	    -26.19635252	     -3.13145980	    -11.34824151	    -17.37531605	     -6.37598179	    -15.46713713	      0.31548793	     42.02598768	    -38.93332697	      0.24567508	    -16.70620076
      2.70000000	     95.32965616	     24.77057213	    -10.10842897	     -1.67815461	     -0.58312704	      0.56553388	     -1.74378423	    -25.87981704	      0.11365933	    -15.63038342	    -17.75331040	     -6.60840660	    -13.27705312	      0.88945749	     42.17317931	    -37.94909384	      0.46058063	    -16.43727916
      2.71000000	     93.42656676	     24.29228336	    -10.33358880	     -1.66772513	     -0.58523315	      0.56680383	      0.03857174	    -25.38264164	      2.97949864	    -19.74221325	    -18.14860797	     -6.74710584	    -11.03002355	      1.50394101	     42.02782798	    -36.94537403	      0.60283872	    -16.18462631
      2.72000000	     91.59953791	     23.80113439	    -10.68678083	     -1.65739586	     -0.58730032	      0.56816702	      1.76098451	    -24.91215717	      5.76723651	    -23.48007983	    -18.53283916	     -6.69895980	     -8.91344909	      2.29109418	     41.83899304	    -35.73009998	      0.70102579	    -15.87748060
      2.73000000	     89.90837390	     23.28225973	    -10.89551753	     -1.64717902	     -0.58927830	      0.56961609	      3.26403844	    -24.23117699	      8.23302137	    -26.88828131	    -18.92300848	     -6.70884132	     -6.92696727	      3.09154679	     41.34290445	    -34.39099184	      0.75602746	    -15.60732718
      2.74000000	     88.40177974	     22.70905835	    -11.02562052	     -1.63707993	     -0.59118427	      0.57128804	      4.51053729	    -23.35220557	     10.43371865	    -29.91519226	    -19.24110971	     -6.91083935	     -5.13716500	      4.00115158	     40.55511387	    -32.85377858	      0.82028674	    -15.40472125
      2.75000000	     87.16335584	     22.10148762	    -11.26627087	     -1.62712015	     -0.59302322	      0.57328122	      5.48145419	    -22.34671439	     12.57809835	    -32.55440837	    -19.51717311	     -7.20803966	     -3.62573146	      4.97718859	     39.62252923	    -31.07604304	      0.82040539	    -15.22151390
      2.76000000	     86.21169291	     21.47205253	    -11.63942012	     -1.61729980	     -0.59478627	      0.57563303	      6.15282854	    -21.25417267	     14.70905935	    -34.80359733	    -19.78383922	     -7.80853986	     -2.41651363	      6.03403295	     38.55816786	    -29.03154010	      0.57733088	    -15.12028129
      2.77000000	     85.48827056	     20.80834922	    -11.96191231	     -1.60762264	     -0.59646498	      0.57821780	      6.51210547	    -19.99444129	     16.70291487	    -36.73621926	    -19.92333704	     -8.69226036	     -1.41512889	      7.09888982	     37.26155033	    -26.83348483	      0.21445334	    -15.15645039
      2.78000000	     85.01386777	     20.09989220	    -12.28196081	     -1.59809541	     -0.59803232	      0.58100071	      6.54287826	    -18.58010356	     18.62386379	    -38.35527347	    -19.94721746	     -9.72136645	     -0.64054140	      8.13331702	     35.80178069	    -24.51174621	     -0.24314274	    -15.26961158
      2.79000000	     84.76782814	     19.33555524	    -12.57860240	     -1.58869817	     -0.59945292	      0.58394313	      6.23905393	    -17.08177839	     20.44129385	    -39.64969833	    -19.89494505	    -10.30622942	     -0.09225446	      9.21246681	     34.17324804	    -22.06416820	     -0.38329001	    -15.17311845
      2.80000000	     84.69221625	     18.59937240	    -12.92869701	     -1.57948166	     -0.60075352	      0.58692044	      5.72411129	    -15.60391458	     22.34077713	    -40.71997993	    -19.61833690	    -11.82062246	      0.31268541	     10.13758598	     32.52457102	    -19.57100390	     -1.31836907	    -15.46191344
      2.81000000	     84.76907301	     17.80417018	    -13.20511325	     -1.57041355	     -0.60187580	      0.58985198	      4.94332970	    -14.09824003	     24.14853021	    -41.54600419	    -19.37828086	    -12.85683089	      0.56918855	     11.03681912	     30.76886917	    -17.09415567	     -1.94172769	    -15.56695879
      2.82000000	     84.96269550	     16.97151753	    -13.40723788	     -1.56149634	     -0.60280615	      0.59265279	      3.95277458	    -12.63993448	     25.89148320	    -42.16445357	    -19.16363664	    -13.39980753	      0.71784928	     11.84691302	     28.95110643	    -14.69535116	     -2.16427909	    -15.40474335
      2.83000000	     85.17920641	     16.15273357	    -13.57361553	     -1.55275636	     -0.60359241	      0.59520631	      2.90534620	    -11.28975530	     27.69625955	    -42.67252139	    -18.56619925	    -14.58082509	      0.85871428	     12.45761245	     27.17058634	    -12.42687940	     -3.15014227	    -15.46281047
      2.84000000	     85.39071881	     15.31219201	    -13.65376203	     -1.54417279	     -0.60422565	      0.59746112	      1.81875297	    -10.02238766	     29.50267669	    -43.08549936	    -18.41556468	    -14.89278107	      1.00326043	     12.94453996	     25.41381747	    -10.34925333	     -3.25572326	    -15.24934660
      2.85000000	     85.64843673	     14.43563993	    -13.66184221	     -1.53571473	     -0.60464686	      0.59944206	      0.67812603	     -9.03073992	     31.23756062	    -43.32773691	    -17.73453453	    -15.75836139	      1.05806652	     13.46320858	     23.64020866	     -8.38154579	     -4.27125881	    -15.12639835
      2.86000000	     85.78050844	     13.57570264	    -13.62469510	     -1.52741002	     -0.60499379	      0.60100037	     -0.29605429	     -8.14525052	     33.09373103	    -43.58419420	    -17.58796215	    -15.94676979	      1.23399469	     13.81149933	     21.99693905	     -6.67228216	     -4.36485507	    -14.87346372
      2.87000000	     85.92625196	     12.63762817	    -13.48715714	     -1.51917786	     -0.60515114	      0.60223317	     -1.24119962	     -7.47865566	     34.83396461	    -43.68035911	    -17.16213235	    -16.24159462	      1.34586653	     14.27438758	     20.32462978	     -5.10775247	     -4.84090961	    -14.50563933
      2.88000000	     85.90296548	     11.79272513	    -13.34315725	     -1.51102930	     -0.60529446	      0.60302857	     -1.87696678	     -7.07626267	     36.70632981	    -43.78318437	    -16.69153430	    -16.43480311	      1.63670597	     14.56695711	     18.76645855	     -3.71063445	     -5.43760714	    -14.20400750
      2.89000000	     85.78329075	     10.86836924	    -13.15226196	     -1.50292754	     -0.60536031	      0.60342524	     -2.31819658	     -6.71490873	     38.57647251	    -43.80341786	    -16.52238727	    -16.48151499	      1.98328809	     14.92146322	     17.29325578	     -2.54971966	     -5.58129732	    -13.91359925
      2.90000000	     85.57920413	      9.98376574	    -12.93390866	     -1.49480119	     -0.60538835	      0.60346016	     -2.49742295	     -6.61605178	     40.40369325	    -43.68326315	    -16.16811936	    -16.45958876	      2.41751428	     15.25872553	     15.82780613	     -1.47600889	     -5.98720885	    -13.58601602
      2.91000000	     85.26846083	      9.04277964	    -12.70491169	     -1.48662444	     -0.60539917	      0.60312855	     -2.42267490	     -6.52699535	     42.19912035	    -43.42339796	    -16.06852875	    -16.44106175	      2.93695464	     15.64126114	     14.44029649	     -0.59550109	     -6.04417616	    -13.32442280
      2.92000000	     84.88728366	      8.11560920	    -12.46510728	     -1.47831964	     -0.60540473	      0.60248205	     -2.08536482	     -6.58239623	     43.87747005	    -42.94480077	    -15.95363172	    -16.40553184	      3.53635165	     16.02607363	     13.05299054	      0.19723607	     -6.14602723	    -13.06795488
      2.93000000	     84.44079880	      7.17526715	    -12.23049349	     -1.46984382	     -0.60541557	      0.60154279	     -1.50692867	     -6.68129761	     45.41663163	    -42.22700111	    -15.89978869	    -16.37443128	      4.20267648	     16.40237138	     11.69437285	      0.86543155	     -6.19810288	    -12.86183449
      2.94000000	     83.95110977	      6.23484457	    -12.00346410	     -1.46112995	     -0.60544195	      0.60035232	     -0.70902021	     -6.82929884	     46.75264504	    -41.22721267	    -15.89744594	    -16.35075445	      4.91942149	     16.79359335	     10.33500917	      1.44705294	     -6.23682296	    -12.70394280
      2.95000000	     83.42227784	      5.29485664	    -11.78848880	     -1.45214566	     -0.60549148	      0.59894240	      0.29379389	     -7.01397771	     47.84358944	    -39.93788103	    -15.96850226	    -16.34915853	      5.67883953	     17.18403724	      9.00208358	      1.89083986	     -6.22522460	    -12.58289816
      2.96000000	     82.89739438	      4.37104601	    -11.58800547	     -1.44279396	     -0.60555688	      0.59734100	      1.41187580	     -7.19083633	     48.65284959	    -38.37228179	    -16.12057897	    -16.38737724	      6.44210346	     17.54706028	      7.63553588	      2.30715049	     -6.21362908	    -12.51327319
      2.97000000	     82.37236709	      3.46539010	    -11.39202948	     -1.43306195	     -0.60564829	      0.59558530	      2.63737829	     -7.38937698	     49.13637934	    -36.55873852	    -16.36918178	    -16.48760306	      7.20922740	     17.90650876	      6.27996237	      2.59114237	     -6.20784829	    -12.48942334
      2.98000000	     81.87143666	      2.59953543	    -11.21277586	     -1.42292212	     -0.60575555	      0.59369766	      3.91201283	     -7.62711354	     49.30147093	    -34.56008891	    -16.67790413	    -16.63938414	      7.94804448	     18.21566123	      4.95434626	      2.74752694	     -6.20013123	    -12.47573034
      2.99000000	     81.41896926	      1.78658533	    -11.09265612	     -1.41236916	     -0.60587046	      0.59171704	      5.19385900	     -7.93439625	     49.19741387	    -32.45109443	    -17.35073256	    -17.22174489	      8.61674549	     18.52083293	      3.71820952	      2.76893991	     -6.37210702	    -12.62416131
      3.00000000	     81.01975521	      1.04682927	    -10.92256914	     -1.40136222	     -0.60600610	      0.58964733	      6.37267516	     -8.24277182	     48.75623702	    -30.35434911	    -17.55417280	    -17.33751355	      9.23870132	     18.68035844	      2.49205547	      2.60733941	     -6.35336881	    -12.52838622
      3.01000000	     80.77095447	      0.39779700	    -10.89888555	     -1.38996212	     -0.60609587	      0.58758184	      7.40739551	     -8.69376013	     48.17951717	    -28.28814662	    -17.69448092	    -17.43294672	      9.63783683	     18.78301657	      1.51978194	      2.25036855	     -6.39053016	    -12.45410525
      3.02000000	     80.60301522	     -0.15405806	    -10.76688840	     -1.37817610	     -0.60619441	      0.58550192	      8.20717830	     -9.11567508	     47.31460053	    -26.46205283	    -17.86430620	    -17.61503912	      9.98892681	     18.83939965	      0.53030933	      1.70166050	     -6.52006550	    -12.35894240
      3.03000000	     80.51211618	     -0.58161543	    -10.62222633	     -1.36610938	     -0.60627431	      0.58344816	      8.79852277	     -9.55818096	     46.32754052	    -24.97057015	    -18.29602122	    -18.47040150	     10.25891073	     18.82987301	     -0.32627271	      0.92920467	     -7.06249421	    -12.12642569
      3.04000000	     80.65563556	     -0.86238327	    -10.56860714	     -1.35379811	     -0.60627108	      0.58153738	      9.03359533	    -10.08578232	     45.31186475	    -23.72713185	    -18.20546324	    -18.57310449	     10.23429017	     18.69286793	     -0.87696139	     -0.12567753	     -7.34935851	    -12.07232429
      3.05000000	     80.99230973	     -0.99404137	    -10.56066685	     -1.34133561	     -0.60619338	      0.57980726	      8.94397311	    -10.65478664	     44.27509426	    -22.78042207	    -17.96785624	    -18.68561524	      9.99626730	     18.50411500	     -1.17312250	     -1.43810465	     -7.86331433	    -11.93899140
      3.06000000	     81.52818909	     -0.97609747	    -10.60174957	     -1.32881151	     -0.60601110	      0.57831000	      8.52544908	    -11.23914663	     43.24641495	    -22.10714524	    -17.57833023	    -18.75360055	      9.53489886	     18.24660748	     -1.18323908	     -3.02943160	     -8.57411833	    -11.77617121
      3.07000000	     82.26214648	     -0.79696359	    -10.69395044	     -1.31631066	     -0.60571795	      0.57709626	      7.81543536	    -11.86059823	     42.23277816	    -21.63845945	    -17.06552414	    -18.72304718	      8.86690367	     17.93526690	     -0.90545435	     -4.88461797	     -9.44133922	    -11.61351340
      3.08000000	     83.17327694	     -0.44962632	    -10.82418987	     -1.30391571	     -0.60530906	      0.57620866	      6.86674967	    -12.53047602	     41.21172874	    -21.28239643	    -16.47821664	    -18.57693325	      8.02143543	     17.53367094	     -0.34649185	     -7.00556384	    -10.43468834	    -11.46861299
      3.09000000	     84.23817908	      0.05643412	    -10.99854045	     -1.29170603	     -0.60477849	      0.57568023	      5.73927389	    -13.24952761	     40.17534383	    -20.94511985	    -15.83764482	    -18.30357865	      7.01673266	     17.01933604	      0.49598404	     -9.38035992	    -11.55489685	    -11.31746425
      3.10000000	     85.42276023	      0.71007158	    -11.21363617	     -1.27974778	     -0.60412376	      0.57553560	      4.49731536	    -14.02080985	     39.09870468	    -20.53036493	    -15.20448369	    -17.91431154	      5.88344496	     16.36243354	      1.60815815	    -11.99096568	    -12.73035762	    -11.16096708
      3.11000000	     86.68290521	      1.45446596	    -11.53356273	     -1.26809246	     -0.60333169	      0.57581588	      3.19775896	    -14.75446389	     38.02421498	    -19.94778220	    -14.32652229	    -17.07982785	      4.65415010	     15.67821484	      3.01158448	    -14.75883112	    -14.27305737	    -10.66322920
      3.12000000	     87.98588479	      2.33808084	    -11.82904906	     -1.25678918	     -0.60241399	      0.57645789	      1.91189134	    -15.62028620	     36.80789191	    -19.14550620	    -13.81440567	    -16.42843788	      3.34595997	     14.64260948	      4.61426616	    -17.75063131	    -15.32721049	    -10.52018948
      3.13000000	     89.27171548	      3.31119220	    -12.04746958	     -1.24584062	     -0.60136679	      0.57743099	      0.64358312	    -16.49091829	     35.40293144	    -18.13402578	    -13.50805064	    -16.00899800	      2.04092017	     13.36617259	      6.29871086	    -20.87227474	    -16.10139905	    -10.57060732
      3.14000000	     90.50537416	      4.28386078	    -12.48917750	     -1.23530206	     -0.60016584	      0.57882155	     -0.45660586	    -17.39175462	     34.08271676	    -16.78015468	    -13.18521440	    -15.19378177	      0.71542630	     12.10465475	      8.33609041	    -24.00364253	    -17.08127213	    -10.14999785
      3.15000000	     91.62306653	      5.29376707	    -12.79537919	     -1.22511555	     -0.59884514	      0.58045446	     -1.48817594	    -18.21317677	     32.53949747	    -15.23944629	    -13.01257108	    -14.52511413	     -0.50574891	     10.64911719	     10.34335891	    -27.14594372	    -17.63288198	    -10.02336652
      3.16000000	     92.58301545	      6.31426344	    -13.05609341	     -1.21528417	     -0.59742733	      0.58229569	     -2.38615762	    -18.93838863	     30.90038691	    -13.54917012	    -12.91826456	    -14.10011020	     -1.59402111	      9.09803028	     12.39744465	    -30.23217384	    -17.93550879	    -10.12626092
      3.17000000	     93.39166227	      7.28613299	    -13.37209598	     -1.20578209	     -0.59590344	      0.58438254	     -3.08288352	    -19.69959412	     29.21603393	    -11.58882179	    -13.04598691	    -13.51740306	     -2.55878416	      7.65521548	     14.56204274	    -33.15015538	    -17.99755835	    -10.11842943
      3.18000000	     94.00355113	      8.28032764	    -13.58679306	     -1.19658120	     -0.59432570	      0.58650818	     -3.66490058	    -20.29087260	     27.48133744	     -9.66446869	    -13.15238812	    -13.11540388	     -3.34155244	      6.07366680	     16.70255614	    -35.94281771	    -17.88346584	    -10.30723454
      3.19000000	     94.44534878	      9.20992276	    -13.75486298	     -1.18766087	     -0.59269412	      0.58867991	     -4.11296667	    -20.79104480	     25.70574408	     -7.68687335	    -13.73372082	    -12.67527734	     -3.96777050	      4.62740990	     18.86057655	    -38.55204053	    -17.12466534	    -10.54165728
      3.20000000	     94.70899567	     10.14340926	    -13.84980145	     -1.17898154	     -0.59106180	      0.59079521	     -4.42586991	    -21.20085105	     23.94325934	     -5.79845358	    -14.11479109	    -12.43626018	     -4.41281776	      3.18672254	     20.99748787	    -40.95689895	    -16.38582877	    -10.92741451
      3.21000000	     94.82678911	     11.09556733	    -13.89241336	     -1.17050847	     -0.58946291	      0.59280256	     -4.60620958	    -21.59683415	     22.22500151	     -4.02169473	    -14.29211647	    -12.17738805	     -4.69615637	      1.76135244	     23.12338023	    -43.14730004	    -15.81716879	    -11.34339093
      3.22000000	     94.84431904	     12.03123105	    -13.85169284	     -1.16222885	     -0.58789435	      0.59462284	     -4.73379648	    -21.88635416	     20.53983080	     -2.41337731	    -14.69811760	    -11.91608669	     -4.87445769	      0.38919933	     25.21703201	    -45.15759640	    -14.80378500	    -11.91234250
      3.23000000	     94.79426100	     12.94660568	    -13.74111082	     -1.15411594	     -0.58637707	      0.59617784	     -4.86892534	    -21.89293263	     18.97869729	     -1.12321085	    -15.33780127	    -11.77529890	     -4.98010675	     -0.93872389	     27.29494711	    -47.01916014	    -13.34007974	    -12.50403467
      3.24000000	     94.71061168	     13.91830337	    -13.61366362	     -1.14612928	     -0.58495652	      0.59750419	     -4.88660041	    -22.17815418	     17.46463623	      0.09177780	    -15.50961589	    -11.54544670	     -5.01571607	     -2.25197183	     29.36422327	    -48.69389274	    -12.55295228	    -12.93679241
      3.25000000	     94.63495884	     14.90456153	    -13.42066118	     -1.13824602	     -0.58362439	      0.59851263	     -4.92914561	    -22.39204437	     16.01514141	      1.07431045	    -15.80612491	    -11.28394183	     -5.04437982	     -3.53340051	     31.39001545	    -50.24857476	    -11.44318166	    -13.48505154
      3.26000000	     94.56341803	     15.94279026	    -13.15044307	     -1.13044525	     -0.58240554	      0.59919032	     -4.99009455	    -22.50200848	     14.65745137	      1.75286153	    -16.17597567	    -11.04987340	     -5.05477966	     -4.82128376	     33.34609397	    -51.68768392	    -10.12280241	    -13.95918774
      3.27000000	     94.57888642	     16.96055705	    -12.93296384	     -1.12270903	     -0.58126991	      0.59958335	     -5.05423018	    -22.87025080	     13.32458823	      2.46316000	    -16.23772236	    -10.78082442	     -5.14890760	     -5.98708071	     35.34715799	    -53.01880109	     -9.42023464	    -14.29325160
      3.28000000	     94.64480271	     18.02477393	    -12.65948001	     -1.11500164	     -0.58024854	      0.59966244	     -5.16177001	    -23.27182738	     12.00062121	      3.01598809	    -16.33987847	    -10.47439787	     -5.28595876	     -7.13437743	     37.26558909	    -54.24372192	     -8.56688114	    -14.66935591
      3.29000000	     94.77310383	     19.10311941	    -12.37196778	     -1.10730826	     -0.57932424	      0.59945970	     -5.31651890	    -23.70115184	     10.69700834	      3.45827809	    -16.40075501	    -10.17513361	     -5.49091077	     -8.21483941	     39.12983105	    -55.34987245	     -7.80467790	    -14.96489229
      3.30000000	     94.97281697	     20.18256456	    -12.09289068	     -1.09961148	     -0.57849214	      0.59900890	     -5.52168384	    -24.18361373	      9.39016210	      3.86298233	    -16.41187698	     -9.87849386	     -5.78117013	     -9.21121064	     40.93928744	    -56.31254920	     -7.15489765	    -15.19229359
      3.31000000	     95.22513865	     21.27034572	    -11.80921944	     -1.09187876	     -0.57774203	      0.59834678	     -5.77051336	    -24.71226007	      8.06579473	      4.21916256	    -16.41328340	     -9.57759376	     -6.14286814	    -10.13331874	     42.65363629	    -57.09511396	     -6.51868754	    -15.35917453
      3.32000000	     95.55230465	     22.29842679	    -11.58913778	     -1.08410273	     -0.57704657	      0.59750896	     -6.07600503	    -25.21088280	      6.75929732	      4.58899899	    -16.35454524	     -9.31458311	     -6.61216044	    -10.90072535	     44.31926772	    -57.66068429	     -6.11638561	    -15.45232562
      3.33000000	     95.91926277	     23.30600183	    -11.38357823	     -1.07624065	     -0.57640786	      0.59653359	     -6.41778463	    -25.72069929	      5.42793919	      4.95165604	    -16.29431322	     -9.05515376	     -7.15153956	    -11.55841186	     45.84685403	    -57.95850446	     -5.76408358	    -15.49578156
      3.34000000	     96.32026450	     24.25904663	    -11.21695342	     -1.06826966	     -0.57580613	      0.59545080	     -6.78819520	    -26.18507991	      4.10308397	      5.30325967	    -16.23416545	     -8.81783186	     -7.76107621	    -12.06618935	     47.23270906	    -57.94770325	     -5.49927576	    -15.47388646
      3.35000000	     96.74661316	     25.14632287	    -11.08996240	     -1.06015602	     -0.57522029	      0.59428570	     -7.18069308	    -26.58968189	      2.79157480	      5.63507885	    -16.18264583	     -8.60425076	     -8.43543312	    -12.40760873	     48.44054919	    -57.59177647	     -5.31797256	    -15.38567869
      3.36000000	     97.18710359	     25.95342392	    -11.00584282	     -1.05186164	     -0.57464267	      0.59305188	     -7.58253655	    -26.92367089	      1.50786371	      5.93455175	    -16.13761187	     -8.41411818	     -9.16333515	    -12.55875406	     49.44557029	    -56.87451420	     -5.22747382	    -15.24430496
      3.37000000	     97.63525539	     26.67286590	    -10.96199372	     -1.04335205	     -0.57405148	      0.59175679	     -7.98898368	    -27.17605035	      0.27112302	      6.16688818	    -16.09588806	     -8.24528987	     -9.93900790	    -12.50662576	     50.21451826	    -55.79100427	     -5.22132765	    -15.07482520
      3.38000000	     98.05904070	     27.29130108	    -10.93236435	     -1.03457684	     -0.57344696	      0.59041158	     -8.37656604	    -27.36035217	     -0.93933540	      6.34492575	    -16.07529478	     -8.09044167	    -10.73575286	    -12.20424244	     50.70903187	    -54.35407798	     -5.27400858	    -14.86957927
      3.39000000	     98.45560915	     27.81254428	    -10.91585438	     -1.02550233	     -0.57280406	      0.58900355	     -8.74531086	    -27.47201803	     -2.08946473	      6.40588916	    -16.06756735	     -7.95223110	    -11.53866491	    -11.67678350	     50.92438379	    -52.61985256	     -5.37830072	    -14.67206035
      3.40000000	     98.81707576	     28.23184409	    -10.90756833	     -1.01608881	     -0.57212035	      0.58752563	     -9.08926573	    -27.51549902	     -3.16492903	      6.32420781	    -16.06468407	     -7.82854899	    -12.32783049	    -10.91758435	     50.86693476	    -50.66320551	     -5.50891955	    -14.52123625
      3.41000000	     99.13202669	     28.54550633	    -10.89006943	     -1.00632460	     -0.57138222	      0.58596741	     -9.41446067	    -27.52695421	     -4.17299500	      6.08278464	    -16.07918980	     -7.70096386	    -13.07596390	     -9.94560429	     50.55609984	    -48.58966279	     -5.66294410	    -14.43778219
      3.42000000	     99.37201795	     28.74786734	    -10.85171843	     -0.99620451	     -0.57059937	      0.58433241	     -9.69717081	    -27.49661233	     -5.08310712	      5.64164579	    -16.10381278	     -7.58580846	    -13.73133864	     -8.77944059	     50.03608005	    -46.50909838	     -5.78453704	    -14.44503890
      3.43000000	     99.52453367	     28.83035657	    -10.79394425	     -0.98573267	     -0.56976190	      0.58263210	     -9.93650320	    -27.45100275	     -5.88182143	      4.99023888	    -16.15351407	     -7.47098220	    -14.25105514	     -7.46804643	     49.36970591	    -44.54123478	     -5.86297847	    -14.55485274
      3.44000000	     99.56757481	     28.78502406	    -10.71891535	     -0.97494599	     -0.56888570	      0.58088872	    -10.11646210	    -27.39457656	     -6.53265028	      4.10105977	    -16.24353081	     -7.34565412	    -14.58610649	     -6.05969210	     48.62738180	    -42.79180159	     -5.87963973	    -14.79932214
      3.45000000	     99.49696992	     28.60768240	    -10.77329357	     -0.96389504	     -0.56801483	      0.57919082	    -10.20213043	    -27.53391367	     -6.92074280	      3.04225282	    -16.32976569	     -7.28522528	    -14.70256016	     -4.61678281	     47.98563105	    -41.29434095	     -5.78781142	    -14.91811656
      3.46000000	     99.21817788	     28.30400128	    -10.56591649	     -0.95261320	     -0.56710349	      0.57745269	    -10.19347496	    -27.31573005	     -7.20450137	      1.51621401	    -16.59465234	     -7.18947766	    -14.49635520	     -3.23406131	     47.18219160	    -40.20666372	     -5.56600522	    -15.42813878
      3.47000000	     98.80631372	     27.86880991	    -10.58402881	     -0.94118651	     -0.56626748	      0.57588644	    -10.04319174	    -27.36166848	     -7.09391393	     -0.18202970	    -16.88288070	     -6.95941431	    -14.04795742	     -1.90504226	     46.61629439	    -39.37870789	     -5.19944962	    -16.08724042
      3.48000000	     98.19688816	     27.29789411	    -10.55161752	     -0.92965713	     -0.56547038	      0.57446250	     -9.77394132	    -27.36833102	     -6.76714375	     -2.16918224	    -17.23220303	     -6.88595723	    -13.29691963	     -0.69277167	     46.07524502	    -38.84297994	     -4.76451122	    -16.44537485
      3.49000000	     97.39730709	     26.59693087	    -10.49462463	     -0.91808820	     -0.56474842	      0.57324217	     -9.37526822	    -27.33816674	     -6.20049774	     -4.42321621	    -17.65023585	     -6.94484989	    -12.27919090	      0.41581704	     45.55575617	    -38.51042718	     -4.31971246	    -16.65772501
      3.50000000	     96.43652142	     25.79016351	    -10.51770151	     -0.90653773	     -0.56414158	      0.57229955	     -8.80634227	    -27.27903203	     -5.28040642	     -6.92782511	    -18.15378915	     -6.97584197	    -11.05661682	      1.41972192	     45.10887410	    -38.25973973	     -3.74012817	    -16.86819963
      3.51000000	     95.32380262	     24.89171895	    -10.54656422	     -0.89504564	     -0.56366355	      0.57166586	     -8.08983068	    -27.13050924	     -4.10276606	     -9.63817752	    -18.67586798	     -7.02003912	     -9.66239010	      2.33337149	     44.62937280	    -37.99860109	     -3.15938179	    -16.97337459
      3.52000000	     94.09443844	     23.91569713	    -10.61854272	     -0.88366346	     -0.56334350	      0.57138086	     -7.20817403	    -26.83000098	     -2.63128404	    -12.51597525	    -19.20188229	     -7.05147327	     -8.16614904	      3.20166661	     44.11679812	    -37.63330472	     -2.56011100	    -16.96707434
      3.53000000	     92.78155682	     22.89279485	    -10.72300556	     -0.87240913	     -0.56319552	      0.57148443	     -6.17967385	    -26.37044103	     -0.91636117	    -15.49037563	    -19.68697896	     -7.08046439	     -6.61402810	      4.03558374	     43.51864996	    -37.07831552	     -1.99422321	    -16.83243909
      3.54000000	     91.43998397	     21.84567618	    -10.89038569	     -0.86131847	     -0.56322950	      0.57200567	     -5.02374674	    -25.71971650	      1.05055168	    -18.50859117	    -20.10592753	     -7.10319716	     -5.07388593	      4.85559111	     42.83025486	    -36.26701502	     -1.46850982	    -16.56864782
      3.55000000	     90.15017378	     20.80407265	    -11.25046463	     -0.85040185	     -0.56346193	      0.57298708	     -3.77728253	    -24.99618329	      3.32523698	    -21.46192113	    -20.41342148	     -6.95411099	     -3.64962400	      5.71261185	     42.14999467	    -35.15706403	     -0.84341738	    -16.02420857
      3.56000000	     88.87650778	     19.79298241	    -11.40028649	     -0.83964438	     -0.56384165	      0.57430508	     -2.54642715	    -23.97950515	      5.50826752	    -24.36908984	    -20.60856178	     -7.08787949	     -2.22526560	      6.49027006	     41.11776963	    -33.83451927	     -0.54545964	    -15.60767086
      3.57000000	     87.72664304	     18.83470773	    -11.69997993	     -0.82906790	     -0.56438778	      0.57606048	     -1.31639845	    -22.90568805	      7.90297355	    -27.12246722	    -20.69052933	     -7.25971075	     -0.96620099	      7.31243029	     40.03288614	    -32.18682115	     -0.32841074	    -15.11856897
      3.58000000	     86.73383922	     17.94928154	    -12.05197493	     -0.81867753	     -0.56505207	      0.57818112	     -0.17055140	    -21.76447680	     10.38981930	    -29.69657318	    -20.64386481	     -7.49785274	      0.12262732	      8.14784952	     38.82334567	    -30.27945264	     -0.22036858	    -14.59135222
      3.59000000	     85.89917633	     17.14706169	    -12.39263097	     -0.80843726	     -0.56579332	      0.58060489	      0.85850325	    -20.54619505	     12.89101637	    -32.06170307	    -20.52129009	     -7.81773939	      1.07347592	      8.95313345	     37.43918673	    -28.13789908	     -0.20873456	    -14.12983770
      3.60000000	     85.29066459	     16.43525144	    -12.87295797	     -0.79840274	     -0.56654968	      0.58327438	      1.71505656	    -19.41647744	     15.54157523	    -34.21776490	    -19.99588387	     -8.39029742	      1.76706565	      9.85143199	     36.04879105	    -25.79495833	     -0.58108055	    -13.54388873
      3.61000000	     84.81989929	     15.75717864	    -13.14483214	     -0.78851358	     -0.56728040	      0.58600736	      2.36954668	    -18.09544170	     18.01486860	    -36.18922149	    -19.73162370	     -8.86677283	      2.38040064	     10.73614196	     34.38104928	    -23.39803166	     -0.76644050	    -13.25460444
      3.62000000	     84.54280601	     15.20528225	    -13.51616254	     -0.77878968	     -0.56794930	      0.58883291	      2.85769881	    -16.96567116	     20.59668039	    -37.93400821	    -19.03251018	     -9.75152866	      2.80630075	     11.63210792	     32.70205149	    -20.84692221	     -1.56033083	    -13.13195253
      3.63000000	     84.39019611	     14.64814941	    -13.73193282	     -0.76923702	     -0.56849510	      0.59152831	      3.13651049	    -15.67183910	     23.06667241	    -39.52491279	    -18.48830276	    -10.57666646	      3.15461587	     12.50491135	     30.87501267	    -18.37135911	     -2.35767540	    -13.26271144
      3.64000000	     84.37276710	     14.14075246	    -13.91020853	     -0.75983157	     -0.56888672	      0.59409775	      3.23229079	    -14.47038512	     25.50451712	    -40.91030029	    -17.96790215	    -11.30298141	      3.38797664	     13.38792030	     28.98817460	    -15.90447686	     -3.09292858	    -13.39588913
      3.65000000	     84.45033848	     13.62647152	    -13.98666872	     -0.75055848	     -0.56908354	      0.59643714	      3.15323189	    -13.27234443	     27.84470689	    -42.10267317	    -17.66793661	    -11.72443081	      3.56021436	     14.23200773	     27.03091223	    -13.54891174	     -3.35766032	    -13.26777893
      3.66000000	     84.58445511	     13.17552490	    -14.03009129	     -0.74141904	     -0.56911376	      0.59849495	      2.99746754	    -12.23955898	     30.17656809	    -43.10936486	    -16.89265575	    -12.58146256	      3.70563996	     14.97139460	     25.07296273	    -11.27821236	     -4.55307160	    -13.64827481
      3.67000000	     84.73779940	     12.67943199	    -13.96943726	     -0.73237954	     -0.56894162	      0.60021078	      2.75675961	    -11.18729571	     32.40250253	    -43.91154249	    -16.49799107	    -13.06746066	      3.85050188	     15.65581898	     23.09750220	     -9.20149680	     -5.25858240	    -13.84197367
      3.68000000	     84.88361297	     12.14265751	    -13.83337814	     -0.72340525	     -0.56857288	      0.60156012	      2.48620121	    -10.16693814	     34.53273809	    -44.48295452	    -16.29983534	    -13.32288041	      4.02053163	     16.20503166	     21.15250047	     -7.35176618	     -5.44202698	    -13.67919480
      3.69000000	     84.99579039	     11.61222021	    -13.63013662	     -0.71445535	     -0.56805444	      0.60254760	      2.26121413	     -9.27908969	     36.55340560	    -44.78295605	    -16.00059119	    -13.63182484	      4.23554692	     16.69116843	     19.20797403	     -5.64547304	     -5.83334121	    -13.57180403
      3.70000000	     85.05535687	     11.06702488	    -13.37640994	     -0.70548475	     -0.56740363	      0.60315945	      2.12121607	     -8.50923675	     38.44729300	    -44.78224953	    -15.74163172	    -13.90088860	      4.50797599	     17.08291912	     17.30275469	     -4.12636034	     -6.26789398	    -13.50701185
      3.71000000	     85.05668199	     10.50911156	    -13.08183774	     -0.69644131	     -0.56664481	      0.60340586	      2.09908854	     -7.86466399	     40.18194534	    -44.43791268	    -15.55656459	    -14.11357188	      4.83901860	     17.40664049	     15.44049129	     -2.79235672	     -6.68924825	    -13.46206944
      3.72000000	     84.98801345	      9.93056368	    -12.76744231	     -0.68728526	     -0.56580112	      0.60329637	      2.22948433	     -7.34698595	     41.73740141	    -43.72671599	    -15.47296425	    -14.26358493	      5.23246437	     17.66846086	     13.64996725	     -1.65902691	     -7.01017925	    -13.39521945
      3.73000000	     84.85683312	      9.33385167	    -12.41815850	     -0.67794407	     -0.56489981	      0.60285197	      2.52648065	     -6.97137049	     43.03732714	    -42.61680057	    -15.46028871	    -14.38999237	      5.68861189	     17.90289591	     11.89708601	     -0.71260064	     -7.31950439	    -13.33818824
      3.74000000	     84.65191121	      8.76205546	    -12.09188843	     -0.66839924	     -0.56397308	      0.60208544	      3.05217347	     -6.83648269	     44.10775642	    -41.11780245	    -15.52686451	    -14.47414601	      6.21022389	     18.08654697	     10.25289933	      0.03485042	     -7.48383712	    -13.24611470
      3.75000000	     84.42122736	      8.12182485	    -11.69332868	     -0.65855189	     -0.56300087	      0.60103295	      3.69952375	     -6.77479111	     44.77761016	    -39.23062842	    -15.66340225	    -14.57610353	      6.75730311	     18.26488283	      8.61483077	      0.54371158	     -7.66282637	    -13.16143724
      3.76000000	     84.08343193	      7.47403123	    -11.25544898	     -0.64838695	     -0.56204603	      0.59965744	      4.56404004	     -6.80763892	     45.13007904	    -37.10106451	    -15.91517502	    -14.75886744	      7.41480530	     18.42183800	      7.02813792	      0.82487402	     -7.91028012	    -13.11352225
      3.77000000	     83.74478937	      6.84616106	    -10.83125746	     -0.63788018	     -0.56108380	      0.59803937	      5.58181308	     -7.11161219	     45.14346664	    -34.72585189	    -16.21842829	    -14.98259693	      8.05784970	     18.52477346	      5.54715821	      0.86864657	     -8.10078125	    -13.05686738
      3.78000000	     83.37996564	      6.22104288	    -10.38394903	     -0.62701118	     -0.56013387	      0.59618548	      6.72189656	     -7.58365889	     44.82402667	    -32.26625185	    -16.57731419	    -15.29368835	      8.71255326	     18.58624803	      4.16257092	      0.63211483	     -8.29333612	    -12.97374897
      3.79000000	     83.02661814	      5.62271238	     -9.92734510	     -0.61579101	     -0.55918654	      0.59413674	      7.91336813	     -8.23559513	     44.22126150	    -29.85543132	    -16.93150993	    -15.66278735	      9.32990767	     18.58105765	      2.90913122	      0.09944426	     -8.49845003	    -12.85073968
      3.80000000	     82.70729436	      5.04882365	     -9.47619163	     -0.60425202	     -0.55824489	      0.59194704	      9.07492893	     -8.99827766	     43.40388889	    -27.64037708	    -17.29866864	    -16.17327707	      9.86729605	     18.50120890	      1.83286186	     -0.75359703	     -8.78144337	    -12.65921139
      3.81000000	     82.46512709	      4.53852837	     -9.09079555	     -0.59245850	     -0.55731121	      0.58969263	     10.12328754	     -9.85521766	     42.49233044	    -25.73270133	    -17.50203835	    -16.58079200	     10.26193555	     18.34443648	      1.03739616	     -1.96055469	     -9.09376572	    -12.45222881
      3.82000000	     82.34747021	      4.08681894	     -8.75772281	     -0.58046870	     -0.55634463	      0.58745314	     10.94568780	    -10.72912661	     41.51254695	    -24.21382175	    -17.58585826	    -16.98146960	     10.45636221	     18.11505473	      0.52303184	     -3.51177357	     -9.51985195	    -12.17491848
      3.83000000	     82.41232985	      3.68618214	     -8.54863607	     -0.56836852	     -0.55531425	      0.58533238	     11.45650908	    -11.54599576	     40.55461506	    -23.08888843	    -17.57814797	    -17.60192506	     10.36315153	     17.84505419	      0.39228939	     -5.41936859	    -10.13226284	    -11.55543212
      3.84000000	     82.63185491	      3.43503067	     -8.36745772	     -0.55624085	     -0.55426920	      0.58335259	     11.65839672	    -12.33235379	     39.58710735	    -22.37570535	    -17.35175354	    -17.65058945	     10.05041526	     17.39097684	      0.57811533	     -7.68659214	    -10.66673787	    -11.40371487
      3.85000000	     83.07419434	      3.25970646	     -8.35021252	     -0.54417111	     -0.55311706	      0.58162459	     11.48999176	    -12.96849230	     38.71393501	    -21.96931851	    -16.78787978	    -17.64066499	      9.38984991	     16.84174469	      1.22322015	    -10.29382889	    -11.53083703	    -10.65736110
      3.86000000	     83.70834101	      3.25959066	     -8.33444392	     -0.53222533	     -0.55191054	      0.58016438	     11.01240983	    -13.60743928	     37.77997161	    -21.76590418	    -16.34521146	    -17.46500487	      8.48945311	     16.06995817	      2.14191860	    -13.18531644	    -12.24666834	    -10.46548354
      3.87000000	     84.57059387	      3.33772368	     -8.54522633	     -0.52047920	     -0.55056625	      0.57908925	     10.24052204	    -14.12254558	     36.95541569	    -21.58689730	    -15.43056148	    -16.90181773	      7.26244912	     15.29332898	      3.52182444	    -16.27372703	    -13.26914281	     -9.52379873
      3.88000000	     85.58430149	      3.57566231	     -8.74222876	     -0.50896575	     -0.54915270	      0.57835674	      9.23714578	    -14.60438930	     36.02331924	    -21.37825844	    -14.65681677	    -16.20404528	      5.86139082	     14.28646399	      5.09907406	    -19.52818815	    -14.09932797	     -8.98626941
      3.89000000	     86.69827934	      3.92983564	     -8.95053926	     -0.49773041	     -0.54765995	      0.57799203	      8.05889297	    -14.95990513	     35.00775736	    -21.07267735	    -13.84124609	    -15.29080466	      4.34725158	     13.14671849	      6.84927903	    -22.86267889	    -14.92096333	     -8.41054439
      3.90000000	     87.93875207	      4.41832996	     -9.28845983	     -0.48680019	     -0.54608003	      0.57811547	      6.84483239	    -15.54243753	     33.92364186	    -20.41305423	    -13.29998484	    -14.62714766	      2.70364115	     11.95168429	      8.82311172	    -26.14791019	    -15.54742110	     -8.21037860
      3.91000000	     89.15942999	      4.99441135	     -9.55583397	     -0.47615952	     -0.54444807	      0.57858900	      5.55395182	    -15.93283693	     32.69084755	    -19.60304044	    -12.59261418	    -13.46350450	      1.09937455	     10.60990054	     10.81270517	    -29.38655384	    -16.07988012	     -7.75058693
      3.92000000	     90.36232684	      5.65601363	     -9.90160994	     -0.46584479	     -0.54276511	      0.57949727	      4.35475852	    -16.49538261	     31.38362349	    -18.46809737	    -12.32526915	    -13.03978540	     -0.47255917	      9.23842706	     12.92692293	    -32.47614095	    -16.35464968	     -7.86193376
      3.93000000	     91.47234849	      6.33904206	    -10.29076456	     -0.45583875	     -0.54105584	      0.58079723	      3.25711878	    -17.05121943	     30.00578085	    -17.06780054	    -12.10499011	    -12.47026715	     -1.93394838	      7.88523548	     15.12144272	    -35.37462416	    -16.46456034	     -7.87272756
      3.94000000	     92.44748003	      6.99839633	    -10.67459113	     -0.44610697	     -0.53932638	      0.58241911	      2.25451279	    -17.49594667	     28.54662896	    -15.47769673	    -12.02502597	    -11.67462985	     -3.24130705	      6.59619428	     17.34659677	    -38.05844339	    -16.14268523	     -7.81229627
      3.95000000	     93.21874324	      7.72342864	    -10.94001807	     -0.43663348	     -0.53765358	      0.58426786	      1.44390580	    -18.04254637	     26.94863784	    -13.78729582	    -11.95624530	    -11.33755273	     -4.29661678	      5.21402902	     19.47415351	    -40.49884111	    -15.89628877	     -8.03912367
      3.96000000	     93.81349634	      8.40934803	    -11.19979832	     -0.42742085	     -0.53602437	      0.58631650	      0.79879908	    -18.57871266	     25.33507980	    -12.01126546	    -12.05951387	    -11.03885119	     -5.15033392	      3.91424411	     21.63790083	    -42.68620256	    -15.33491798	     -8.32231277
      3.97000000	     94.19937608	      9.05335452	    -11.33822464	     -0.41843550	     -0.53447237	      0.58842760	      0.28475392	    -18.95375064	     23.67732075	    -10.31834510	    -12.60607009	    -10.93358401	     -5.76475790	      2.64776923	     23.73598424	    -44.64570972	    -14.01052952	     -8.68430215
      3.98000000	     94.39246302	      9.67315828	    -11.47491314	     -0.40965729	     -0.53303831	      0.59062227	      0.00210176	    -19.44602179	     22.06224035	     -8.61550678	    -12.75209712	    -10.86645109	     -6.13963582	      1.46212629	     25.86211166	    -46.31578807	    -13.39717424	     -8.97245297
      3.99000000	     94.42883109	     10.25128921	    -11.46315059	     -0.40106653	     -0.53171815	      0.59270957	     -0.20488345	    -19.73370577	     20.44752632	     -7.12881826	    -13.48282164	    -11.16563312	     -6.32139721	      0.27194223	     27.89866398	    -47.79187272	    -11.88804654	     -9.40238134
      4.00000000	     94.32116516	     10.81072975	    -11.45661626	     -0.39262838	     -0.53056093	      0.59474154	     -0.21104728	    -20.14184017	     18.92051817	     -5.69781171	    -13.71207518	    -11.20378792	     -6.29869278	     -0.84991217	     29.95961593	    -49.00256117	    -11.18351240	     -9.69535513
      4.01000000	     94.13736140	     11.33722157	    -11.35785930	     -0.38431529	     -0.52954075	      0.59656658	     -0.16404585	    -20.45296729	     17.43523398	     -4.46128739	    -14.14958650	    -11.32657630	     -6.15295084	     -1.97388087	     31.96182845	    -50.03667242	    -10.13610466	    -10.09043889
      4.02000000	     93.90015767	     11.84033154	    -11.21198389	     -0.37610781	     -0.52867108	      0.59816102	     -0.05514609	    -20.67407062	     16.03731195	     -3.40541092	    -14.58254185	    -11.46596135	     -5.90025426	     -3.07930190	     33.93169966	    -50.88283359	     -9.16417490	    -10.42917516
      4.03000000	     93.63930135	     12.34138585	    -10.97806318	     -0.36795596	     -0.52794367	      0.59945577	      0.07151839	    -20.77027039	     14.69229340	     -2.56797983	    -15.20619312	    -11.76351134	     -5.57102898	     -4.20745028	     35.81372476	    -51.56553435	     -8.02984664	    -10.72538157
      4.04000000	     93.41186905	     12.82433682	    -10.80855881	     -0.35983688	     -0.52735227	      0.60050340	      0.25217362	    -21.04736469	     13.41565187	     -1.70492844	    -15.35057096	    -11.69827850	     -5.22720590	     -5.25104395	     37.72433937	    -52.03614719	     -7.57162604	    -10.96517529
      4.05000000	     93.22416261	     13.32262830	    -10.53934623	     -0.35169762	     -0.52688298	      0.60119054	      0.38113181	    -21.23076513	     12.11859802	     -0.99548621	    -15.74265631	    -11.66377958	     -4.89076672	     -6.29610404	     39.49061252	    -52.33877592	     -6.77540352	    -11.32114890
      4.06000000	     93.11673417	     13.80818347	    -10.30884954	     -0.34352070	     -0.52650984	      0.60155767	      0.47712788	    -21.50092239	     10.85012091	     -0.29113099	    -15.94664311	    -11.52637924	     -4.61745395	     -7.24945875	     41.21886948	    -52.42492926	     -6.28368712	    -11.59351349
      4.07000000	     93.12183436	     14.29778463	    -10.12393216	     -0.33528237	     -0.52621876	      0.60156134	      0.49113649	    -21.75093103	      9.64657586	      0.33560616	    -15.95426665	    -11.34069928	     -4.45024127	     -8.13520807	     42.89154543	    -52.29769995	     -6.09007086	    -11.78336353
      4.08000000	     93.16416727	     14.77668738	     -9.84923038	     -0.32687868	     -0.52601229	      0.60125328	      0.45029026	    -22.05987715	      8.26792747	      1.03773554	    -16.15851462	    -11.03423993	     -4.36875594	     -8.80702367	     44.31298359	    -51.87061031	     -5.64179772	    -12.12634009
      4.09000000	     93.32280794	     15.27224662	     -9.65440304	     -0.31833786	     -0.52586821	      0.60059657	      0.32462078	    -22.39529469	      6.96080954	      1.67513247	    -16.14820340	    -10.77647009	     -4.43804911	     -9.36258820	     45.62993497	    -51.16538037	     -5.50162582	    -12.29863171
      4.10000000	     93.58920763	     15.75031267	     -9.43168637	     -0.30959158	     -0.52575314	      0.59959213	      0.06086000	    -22.71033550	      5.56298806	      2.29382698	    -16.15732836	    -10.48282375	     -4.70456278	     -9.71412943	     46.69182779	    -50.17528954	     -5.38231242	    -12.48338525
      4.11000000	     93.93743102	     16.21859942	     -9.20807527	     -0.30059998	     -0.52567381	      0.59826752	     -0.30296052	    -23.00853481	      4.12029147	      2.86521909	    -16.15541685	    -10.18350310	     -5.15767620	     -9.82876311	     47.48287011	    -48.88238834	     -5.32196607	    -12.64658966
      4.12000000	     94.36617058	     16.67126841	     -8.98238514	     -0.29135084	     -0.52561506	      0.59663716	     -0.77624084	    -23.29812524	      2.65451509	      3.32765151	    -16.11752749	     -9.90661827	     -5.82187460	     -9.65944998	     47.97178972	    -47.31292677	     -5.32498195	    -12.77058775
      4.13000000	     94.83621614	     17.11852415	     -8.73522262	     -0.28174807	     -0.52557842	      0.59472593	     -1.31504556	    -23.54297538	      1.13175797	      3.73460193	    -16.08836176	     -9.62759550	     -6.63441739	     -9.28680057	     48.13395407	    -45.52671022	     -5.37296310	    -12.92321649
      4.14000000	     95.34506473	     17.54609593	     -8.46974215	     -0.27182829	     -0.52554610	      0.59256236	     -1.93150462	    -23.76880246	     -0.38109522	      3.94985234	    -16.04687830	     -9.37252654	     -7.61148276	     -8.62554102	     47.97578534	    -43.60323229	     -5.44878314	    -13.09380414
      4.15000000	     95.86132262	     17.94406251	     -8.19452057	     -0.26156956	     -0.52551984	      0.59019199	     -2.58603923	    -23.96010043	     -1.85219851	      3.96396211	    -16.00728612	     -9.13602762	     -8.68712433	     -7.70971504	     47.54209365	    -41.64841903	     -5.52746323	    -13.32013801
      4.16000000	     96.35546723	     18.30815687	     -7.91751903	     -0.25098929	     -0.52550448	      0.58767254	     -3.24728417	    -24.13870776	     -3.23036169	      3.72648409	    -15.98353541	     -8.90535617	     -9.79096311	     -6.57545407	     46.89463918	    -39.78533579	     -5.58816324	    -13.65562698
      4.17000000	     96.78477920	     18.62437605	     -7.64526469	     -0.24011008	     -0.52550044	      0.58507320	     -3.86388390	    -24.26195985	     -4.43879314	      3.16492290	    -15.97556403	     -8.71206575	    -10.82170354	     -5.29395999	     46.10970147	    -38.13213684	     -5.57403423	    -14.00375958
      4.18000000	     97.12089303	     18.88328716	     -7.40600449	     -0.22898361	     -0.52552987	      0.58248281	     -4.40497154	    -24.39571537	     -5.42535969	      2.27605715	    -16.01005573	     -8.50255872	    -11.69855421	     -3.93120947	     45.28145270	    -36.78982498	     -5.46957237	    -14.47937564
      4.19000000	     97.36627295	     19.05187584	     -7.37678305	     -0.21770433	     -0.52561019	      0.58002473	     -4.81339537	    -24.59939483	     -5.96897556	      1.04884555	    -16.06578755	     -8.39018040	    -12.39169231	     -2.52525094	     44.62722989	    -35.78750040	     -5.30865838	    -14.68568887
      4.20000000	     97.36058364	     19.18124226	     -7.15031829	     -0.20625069	     -0.52576220	      0.57769219	     -5.04764780	    -24.66259848	     -6.36877469	     -0.64533226	    -16.27564775	     -8.08706523	    -12.66578714	     -1.28127525	     43.83956688	    -35.23589560	     -4.86282055	    -15.48774505
      4.21000000	     97.22190001	     19.20562836	     -7.18253668	     -0.19477373	     -0.52600569	      0.57568798	     -5.09887296	    -24.84620941	     -6.23787642	     -2.64513463	    -16.50995879	     -7.88643096	    -12.67906111	     -0.10284253	     43.30512898	    -34.96725340	     -4.44966840	    -15.88039944
      4.22000000	     96.86183687	     19.13639755	     -7.28044142	     -0.18329691	     -0.52636495	      0.57403189	     -4.94340409	    -25.07309806	     -5.74262326	     -4.95806403	    -16.83978917	     -7.69791854	    -12.32633585	      0.92569939	     42.86753885	    -34.94962664	     -3.94772907	    -16.19089444
      4.23000000	     96.29599202	     18.97677708	     -7.46139244	     -0.17187914	     -0.52684439	      0.57278853	     -4.57756955	    -25.30623451	     -4.86488059	     -7.53912876	    -17.26227992	     -7.48412398	    -11.64560295	      1.79573543	     42.50955197	    -35.06225107	     -3.37338195	    -16.42674639
      4.24000000	     95.53574784	     18.71808880	     -7.71579812	     -0.16056484	     -0.52745396	      0.57200634	     -4.00335122	    -25.50015868	     -3.63875187	    -10.30922354	    -17.75909922	     -7.23415843	    -10.68336506	      2.55143081	     42.18743668	    -35.17336728	     -2.76385367	    -16.55794634
      4.25000000	     94.62709375	     18.35980295	     -8.11157063	     -0.14939308	     -0.52819905	      0.57176014	     -3.23850905	    -25.67678253	     -2.05378777	    -13.15440825	    -18.33306155	     -6.75794190	     -9.53863469	      3.27294934	     41.90416549	    -35.11398693	     -2.01782297	    -16.55354056
      4.26000000	     93.55876781	     17.91564979	     -8.38882528	     -0.13837698	     -0.52905684	      0.57195546	     -2.31968964	    -25.57501334	     -0.34001102	    -16.09207517	    -18.82876399	     -6.60960000	     -8.16620532	      3.84771562	     41.42600218	    -34.90076187	     -1.58191695	    -16.44507323
      4.27000000	     92.45854925	     17.40024433	     -8.92973993	     -0.12755555	     -0.53007153	      0.57277751	     -1.24746174	    -25.43475579	      1.77102643	    -18.92319299	    -19.38755327	     -6.17315048	     -6.80597873	      4.50079252	     41.00349357	    -34.27481889	     -1.02615204	    -16.18301177
      4.28000000	     91.30789446	     16.81142960	     -9.39819954	     -0.11691698	     -0.53122429	      0.57404767	     -0.11155910	    -25.01019184	      3.94049759	    -21.66849953	    -19.82306285	     -5.89882803	     -5.38802090	      5.14068756	     40.37713318	    -33.37222194	     -0.65882345	    -15.85985496
      4.29000000	     90.17456342	     16.17181222	     -9.78215144	     -0.10645036	     -0.53248863	      0.57576749	      1.00725464	    -24.29482864	      6.10487834	    -24.26757623	    -20.13828907	     -5.88249037	     -3.98575499	      5.77506703	     39.48782770	    -32.12935059	     -0.45847236	    -15.57828876
      4.30000000	     89.18321976	     15.51698687	    -10.40744421	     -0.09619474	     -0.53387923	      0.57800233	      2.08544574	    -23.49246379	      8.53228974	    -26.62614636	    -20.38587919	     -5.76513384	     -2.78865657	      6.51611541	     38.61133647	    -30.45847464	     -0.36195755	    -15.15915009
      4.31000000	     88.28138762	     14.83376654	    -10.83732973	     -0.08610725	     -0.53535410	      0.58051630	      3.00084054	    -22.38105384	     10.78531738	    -28.80697776	    -20.50595216	     -5.91415970	     -1.65721925	      7.25199678	     37.40654808	    -28.56064940	     -0.35995648	    -14.83768935
      4.32000000	     87.57168860	     14.14533051	    -11.34437463	     -0.07619045	     -0.53688624	      0.58334878	      3.73042709	    -21.12379827	     13.09251884	    -30.72691689	    -20.50896404	     -6.19392702	     -0.73925507	      8.03697854	     36.10663707	    -26.36851124	     -0.50994809	    -14.51243023
      4.33000000	     87.04674441	     13.48968815	    -11.86803788	     -0.06647411	     -0.53845200	      0.58635891	      4.23664148	    -19.82866852	     15.41180590	    -32.45955524	    -20.30950450	     -6.76562299	     -0.02076445	      8.89549715	     34.70771938	    -23.98950980	     -1.05028406	    -14.24822788
      4.34000000	     86.68038957	     12.78904378	    -12.18403284	     -0.05691237	     -0.53998677	      0.58937698	      4.45331594	    -18.26791776	     17.51508974	    -34.01211515	    -20.15832334	     -7.33607237	      0.57833847	      9.74278934	     33.06526838	    -21.59145728	     -1.34109623	    -14.06845139
      4.35000000	     86.49185339	     12.16198065	    -12.52974378	     -0.04753076	     -0.54147630	      0.59239152	      4.45269082	    -16.81957273	     19.65807371	    -35.39676846	    -19.67605345	     -8.60160204	      1.01471133	     10.53111860	     31.40087068	    -19.12900800	     -2.41866213	    -14.19073091
      4.36000000	     86.44263672	     11.50066648	    -12.74450689	     -0.03831412	     -0.54285393	      0.59525823	      4.19305301	    -15.28748450	     21.68158556	    -36.64394875	    -19.33969134	     -9.64285876	      1.32653730	     11.34127686	     29.63633097	    -16.75840222	     -3.14351224	    -14.30996767
      4.37000000	     86.50143431	     10.84499557	    -12.87274526	     -0.02925221	     -0.54410293	      0.59791860	      3.73986392	    -13.82411921	     23.64370706	    -37.76422071	    -18.90431936	    -10.65251575	      1.55550349	     12.07981965	     27.83150883	    -14.50114581	     -3.84371288	    -14.36553773
      4.38000000	     86.65620697	     10.14648337	    -12.95007836	     -0.02034925	     -0.54518123	      0.60030781	      3.10894716	    -12.40601926	     25.58591046	    -38.76932992	    -18.64597374	    -11.20785130	      1.68406242	     12.78120161	     26.06863006	    -12.43525714	     -4.08508152	    -14.21265219
      4.39000000	     86.81257150	      9.49357644	    -12.98626637	     -0.01158354	     -0.54612141	      0.60236485	      2.45405446	    -11.19955557	     27.56022568	    -39.69780508	    -17.95817849	    -12.40761922	      1.83154362	     13.31730671	     24.35653668	    -10.53914178	     -5.12264089	    -14.41001553
      4.40000000	     86.96388092	      8.79755886	    -12.94199642	     -0.00291852	     -0.54689834	      0.60407509	      1.76435410	    -10.11165845	     29.48662086	    -40.50949381	    -17.59153247	    -13.05252325	      1.97139343	     13.84837544	     22.66156274	     -8.82662532	     -5.66159841	    -14.43192827
      4.41000000	     87.08257956	      8.03504489	    -12.83496417	      0.00566926	     -0.54751521	      0.60540383	      1.09106404	     -9.11490119	     31.38074315	    -41.20016604	    -17.35310096	    -13.38280334	      2.13071281	     14.29917545	     21.03164422	     -7.35721904	     -5.85804662	    -14.25976620
      4.42000000	     87.10634128	      7.30169546	    -12.70994462	      0.01422072	     -0.54803976	      0.60634387	      0.57102281	     -8.36127789	     33.29678096	    -41.77091953	    -16.79959877	    -13.89676147	      2.38277948	     14.65620033	     19.45469692	     -6.01490083	     -6.56969344	    -14.26537320
      4.43000000	     87.06350316	      6.51405651	    -12.56046760	      0.02278134	     -0.54845782	      0.60691814	      0.16920312	     -7.74582547	     35.16663823	    -42.15866060	    -16.64688486	    -14.02934327	      2.67641831	     15.00783817	     17.93038103	     -4.83113358	     -6.68111373	    -14.08237296
      4.44000000	     86.91362078	      5.71608532	    -12.38468753	      0.03140250	     -0.54882846	      0.60711550	     -0.03680625	     -7.28836808	     36.97909278	    -42.36014503	    -16.42484217	    -14.13587700	      3.07369325	     15.33155535	     16.43016054	     -3.77071855	     -6.88442536	    -13.88853842
      4.45000000	     86.67630152	      4.89435553	    -12.19182383	      0.04011605	     -0.54916240	      0.60696757	     -0.04860519	     -6.97509921	     38.68788293	    -42.31781829	    -16.23452471	    -14.17808509	      3.55144561	     15.62015182	     14.95316776	     -2.83048649	     -7.07358483	    -13.70931127
      4.46000000	     86.35310243	      4.06935487	    -11.98590702	      0.04898454	     -0.54950138	      0.60649527	      0.15164473	     -6.80991713	     40.25440113	    -42.00440815	    -16.07103028	    -14.16264029	      4.11777829	     15.89916378	     13.47824628	     -1.98637458	     -7.26547673	    -13.55515217
      4.47000000	     85.96363535	      3.22641448	    -11.78005823	      0.05804461	     -0.54986191	      0.60571460	      0.54323536	     -6.74660080	     41.65122349	    -41.40491467	    -15.99760593	    -14.13053810	      4.74623458	     16.15444455	     12.02995012	     -1.27442713	     -7.37419323	    -13.41746137
      4.48000000	     85.48643340	      2.42639582	    -11.62270022	      0.06728547	     -0.55027986	      0.60464674	      1.18816180	     -6.88858008	     42.89517168	    -40.51201911	    -16.00114247	    -14.11248759	      5.45703190	     16.34109653	     10.69105523	     -0.75187334	     -7.39937104	    -13.29960423
      4.49000000	     85.01742894	      1.57185801	    -11.34761407	      0.07686479	     -0.55070629	      0.60335787	      1.89772997	     -7.03272928	     43.72880450	    -39.28413559	    -16.05168948	    -14.12121617	      6.18034980	     16.67074355	      9.17074837	     -0.24170334	     -7.44694505	    -13.16266021
      4.50000000	     84.51078969	      0.77341105	    -11.12075585	      0.08670792	     -0.55121558	      0.60183110	      2.78631155	     -7.36097020	     44.34671554	    -37.80115238	    -16.16152995	    -14.18005889	      6.93257526	     16.90951860	      7.77189717	      0.05103770	     -7.48843472	    -13.08073457
      4.51000000	     83.99134212	      0.00997645	    -10.87373046	      0.09684095	     -0.55176912	      0.60010015	      3.78522763	     -7.83334755	     44.65697112	    -36.11218695	    -16.33648206	    -14.31688784	      7.69514726	     17.15447082	      6.41794238	      0.13697230	     -7.52362888	    -13.01230321
      4.52000000	     83.47771229	     -0.69494176	    -10.61484773	      0.10728861	     -0.55238083	      0.59818715	      4.85358011	     -8.45961092	     44.67869090	    -34.30440300	    -16.56412632	    -14.54925966	      8.44886466	     17.37999948	      5.13108417	      0.00985487	     -7.56977314	    -12.94513385
      4.53000000	     82.99145750	     -1.32518352	    -10.33644981	      0.11803039	     -0.55303713	      0.59612509	      5.93325145	     -9.23335831	     44.43118564	    -32.47684570	    -16.83423346	    -14.90616583	      9.16885093	     17.57515656	      3.93587443	     -0.35822571	     -7.65600728	    -12.86341356
      4.54000000	     82.55080382	     -1.86043825	    -10.12728761	      0.12902728	     -0.55371389	      0.59395481	      6.99934944	    -10.17197038	     44.05112039	    -30.74733822	    -17.27897650	    -15.73255004	      9.80695522	     17.76713524	      2.96755810	     -1.00263385	     -7.88950666	    -12.73629800
      4.55000000	     82.29145476	     -2.32663613	     -9.97582758	      0.14028280	     -0.55434674	      0.59177516	      7.83766929	    -11.19761957	     43.52562245	    -29.13217652	    -17.29924870	    -15.81378533	     10.20407845	     17.93739030	      2.25482275	     -1.95289276	     -7.97756761	    -12.65501292
      4.56000000	     82.02163461	     -2.63070766	     -9.56538656	      0.15175688	     -0.55505354	      0.58948592	      8.49596813	    -12.16351622	     42.68799065	    -27.93844228	    -17.37118969	    -16.27949466	     10.67772597	     17.85192851	      1.47566130	     -3.21387926	     -8.34584959	    -12.41142123
      4.57000000	     81.98092487	     -2.80398786	     -9.36128514	      0.16334724	     -0.55564688	      0.58730641	      8.88718063	    -13.24466360	     41.95162074	    -26.99273861	    -17.30895624	    -16.70430767	     10.82272606	     17.78669785	      1.15814382	     -4.76487552	     -8.82220269	    -12.12799330
      4.58000000	     82.14190246	     -2.87855037	     -9.20189538	      0.17502641	     -0.55612665	      0.58525826	      8.91515524	    -14.19744163	     41.19304351	    -26.36713555	    -17.11301769	    -17.17115149	     10.71417138	     17.70755600	      1.13437793	     -6.60320472	     -9.48837620	    -11.65706978
      4.59000000	     82.47942363	     -2.72617801	     -9.05649349	      0.18671176	     -0.55651871	      0.58335961	      8.67373670	    -15.21076986	     40.41868692	    -26.03721903	    -16.82632808	    -17.27725736	     10.40355382	     17.42846983	      1.38856106	     -8.70526439	    -10.11663884	    -11.41241465
      4.60000000	     83.03991542	     -2.43180561	     -8.95675125	      0.19837081	     -0.55674177	      0.58168832	      8.07974713	    -16.09220015	     39.62697060	    -25.90784803	    -16.37936166	    -17.30262713	      9.80087294	     16.98012240	      1.96080453	    -11.07754713	    -10.97147676	    -11.00026304
      4.61000000	     83.81081104	     -1.99325648	     -8.95328202	      0.20995517	     -0.55677197	      0.58031947	      7.20877854	    -16.87348700	     38.84101071	    -25.85128718	    -15.62601833	    -17.09246344	      8.93731474	     16.46734837	      2.83995523	    -13.61305904	    -12.11636965	    -10.08104729
      4.62000000	     84.76847850	     -1.36637361	     -8.97207607	      0.22140496	     -0.55661003	      0.57925309	      6.11218947	    -17.63260193	     37.97709916	    -25.77723752	    -14.95020312	    -16.63180259	      7.83387461	     15.68148051	      3.97156486	    -16.34846494	    -13.11364942	     -9.44603016
      4.63000000	     85.85748594	     -0.55915044	     -8.96720999	      0.23268876	     -0.55625614	      0.57850211	      4.84805814	    -18.34319557	     36.97464878	    -25.61702485	    -14.49794463	    -16.25517402	      6.56765358	     14.62005728	      5.26128855	    -19.23548028	    -13.91906565	     -9.22696999
      4.64000000	     87.10215067	      0.32683284	     -9.20046197	      0.24377365	     -0.55562710	      0.57821624	      3.50717182	    -19.01819091	     36.03498998	    -25.17960440	    -13.67690151	    -15.29179250	      5.07985579	     13.60926474	      6.89018505	    -22.13164563	    -15.05748937	     -8.23282475
      4.65000000	     88.38692768	      1.35932892	     -9.38381919	      0.25464505	     -0.55481889	      0.57827969	      2.11873084	    -19.67039429	     34.89545453	    -24.51855935	    -13.08097105	    -14.35269942	      3.53929054	     12.32750219	      8.57753813	    -25.10185219	    -15.78666182	     -7.76711841
      4.66000000	     89.65413314	      2.45699303	     -9.60141991	      0.26528023	     -0.55380982	      0.57872087	      0.73975488	    -20.17689278	     33.64904686	    -23.61737575	    -12.55600355	    -13.29283705	      1.99111844	     10.95053088	     10.37022053	    -28.07894299	    -16.34398748	     -7.38245231
      4.67000000	     90.91586015	      3.62129242	     -9.92432036	      0.27568617	     -0.55260069	      0.57961279	     -0.52369032	    -20.87604786	     32.30547315	    -22.34470332	    -12.25658526	    -12.54416456	      0.44572383	      9.61668945	     12.27818503	    -30.95235234	    -16.63984105	     -7.33954547
      4.68000000	     92.04847593	      4.80199560	    -10.23966286	      0.28583681	     -0.55124859	      0.58080242	     -1.70287955	    -21.38411200	     30.87108944	    -20.91720923	    -12.03630698	    -11.57319968	     -0.99042865	      8.20703562	     14.23800157	    -33.78415945	    -16.66192578	     -7.32387317
      4.69000000	     93.05570741	      5.99375993	    -10.54086376	      0.29576524	     -0.54977374	      0.58233002	     -2.72771930	    -22.00320226	     29.28268195	    -19.23947360	    -11.90249975	    -11.18902699	     -2.29412229	      6.85786351	     16.19788090	    -36.47393129	    -16.63978136	     -7.61520985
      4.70000000	     93.89780720	      7.14906254	    -10.85147571	      0.30544946	     -0.54822154	      0.58411515	     -3.59418966	    -22.58842198	     27.63607720	    -17.41813975	    -11.88409689	    -10.72990515	     -3.44353516	      5.59096659	     18.21977324	    -39.03029626	    -16.35866705	     -7.98518147
      4.71000000	     94.55860272	      8.22019698	    -11.18896994	      0.31489053	     -0.54663843	      0.58608872	     -4.30151988	    -23.02140875	     26.00513182	    -15.52863607	    -12.20396782	    -10.11423905	     -4.43066960	      4.46680250	     20.34130524	    -41.42779820	    -15.31691659	     -8.63065547
      4.72000000	     95.02246268	      9.28422080	    -11.43387854	      0.32411990	     -0.54507874	      0.58818932	     -4.81906346	    -23.57028920	     24.26648059	    -13.58432216	    -12.26688818	     -9.86209832	     -5.21180733	      3.36734957	     22.42668395	    -43.63321311	    -14.78507466	     -9.11946070
      4.73000000	     95.32126856	     10.26305315	    -11.60125627	      0.33313364	     -0.54357188	      0.59028254	     -5.23852035	    -23.92460743	     22.52349388	    -11.73339224	    -12.77436632	     -9.76842345	     -5.84132788	      2.37402209	     24.53244358	    -45.68377686	    -13.44747677	     -9.98541768
      4.74000000	     95.45413063	     11.22031051	    -11.73491841	      0.34195751	     -0.54217783	      0.59239033	     -5.45319948	    -24.42154288	     20.78199021	     -9.87232638	    -12.93012007	     -9.67071660	     -6.29345531	      1.43000800	     26.66621769	    -47.49952973	    -12.76165659	    -10.50950558
      4.75000000	     95.46732178	     12.09803380	    -11.74767612	      0.35059591	     -0.54089902	      0.59433198	     -5.62107337	    -24.65942382	     19.05597310	     -8.20593623	    -13.59701387	     -9.86648355	     -6.63590223	      0.54562735	     28.77464976	    -49.15247841	    -11.25183761	    -11.37306384
      4.76000000	     95.37442448	     12.97053088	    -11.74800921	      0.35909989	     -0.53979710	      0.59616942	     -5.61039410	    -25.08132239	     17.36784125	     -6.54415654	    -13.78913679	     -9.82737974	     -6.84784970	     -0.31225476	     30.90668878	    -50.54935836	    -10.54666028	    -11.81859847
      4.77000000	     95.23117837	     13.77914887	    -11.62388409	      0.36749233	     -0.53884459	      0.59773772	     -5.60025699	    -25.24630674	     15.69004087	     -5.07914362	    -14.46819529	    -10.05553341	     -7.00960731	     -1.13712580	     32.97052483	    -51.76782332	     -9.12521611	    -12.46944511
      4.78000000	     95.04408233	     14.60623002	    -11.49557897	      0.37580661	     -0.53808477	      0.59909301	     -5.46730164	    -25.57859421	     14.07260062	     -3.65926607	    -14.62897501	     -9.95282084	     -7.09661833	     -1.97889763	     35.02541678	    -52.72733617	     -8.53434679	    -12.79127081
      4.79000000	     94.86168127	     15.40418540	    -11.28030875	      0.38409343	     -0.53748022	      0.60014187	     -5.34429187	    -25.82324123	     12.44353462	     -2.35466810	    -14.93649755	     -9.82840649	     -7.17914851	     -2.79638442	     36.98278138	    -53.46703811	     -7.73056241	    -13.17533605
      4.80000000	     94.70319250	     16.18362997	    -11.02752957	      0.39238518	     -0.53702094	      0.60087937	     -5.22572274	    -26.00811441	     10.84980761	     -1.16599966	    -15.27223607	     -9.67431345	     -7.27656609	     -3.58500726	     38.85902603	    -53.96344481	     -6.95847515	    -13.46973935
      4.81000000	     94.59883578	     16.91408818	    -10.72998295	      0.40072451	     -0.53666840	      0.60128421	     -5.16491098	    -26.08253957	      9.25993546	     -0.08879671	    -15.72838474	     -9.51143082	     -7.43674740	     -4.28788270	     40.62078889	    -54.20941804	     -6.11356136	    -13.65018228
      4.82000000	     94.52557707	     17.68350948	    -10.45535798	      0.40915645	     -0.53645206	      0.60140319	     -5.08251542	    -26.29165879	      7.72959873	      0.89764237	    -15.79622990	     -9.25234533	     -7.61506072	     -4.96340987	     42.27290296	    -54.13944800	     -5.84063981	    -13.73979226
      4.83000000	     94.56151034	     18.35921156	    -10.18777280	      0.41770940	     -0.53628389	      0.60118475	     -5.12791083	    -26.40393492	      6.20295020	      1.79082940	    -15.86717344	     -8.97016994	     -7.94660430	     -5.42430790	     43.79229428	    -53.79081985	     -5.61801420	    -13.80995176
      4.84000000	     94.57583784	     19.08480921	     -9.84864167	      0.42649168	     -0.53622046	      0.60071889	     -5.16665157	    -26.58278618	      4.63609511	      2.55355532	    -15.97872388	     -8.63327228	     -8.27447007	     -5.77453505	     45.02060062	    -53.05723006	     -5.40483934	    -13.83743271
      4.85000000	     94.67820963	     19.79932181	     -9.49759923	      0.43548653	     -0.53618414	      0.59993205	     -5.32600078	    -26.71032047	      3.10356539	      3.09240949	    -16.13321298	     -8.28242376	     -8.73354245	     -5.97888394	     46.00843645	    -52.02960432	     -5.23907069	    -13.79260465
      4.86000000	     94.84118285	     20.43772563	     -9.19921813	      0.44474309	     -0.53615922	      0.59889036	     -5.55834618	    -26.79466311	      1.65543216	      3.44943045	    -16.19766851	     -7.99767127	     -9.33052121	     -5.85057286	     46.77976073	    -50.66009575	     -5.21569702	    -13.70441592
      4.87000000	     95.05124733	     21.04424127	     -8.90891663	      0.45430081	     -0.53614623	      0.59759662	     -5.86900295	    -26.85997561	      0.28024140	      3.54853719	    -16.22166876	     -7.76175159	    -10.04298420	     -5.45138200	     47.26352258	    -48.99488287	     -5.29303474	    -13.61012523
      4.88000000	     95.30203907	     21.61488357	     -8.63078114	      0.46419170	     -0.53613434	      0.59606231	     -6.25269230	    -26.91066231	     -0.99955220	      3.36028763	    -16.22410456	     -7.56762954	    -10.86593585	     -4.75150166	     47.45657406	    -47.10108114	     -5.44839082	    -13.54055697
      4.89000000	     95.57831593	     22.14680343	     -8.36235943	      0.47443573	     -0.53612417	      0.59430107	     -6.69428794	    -26.94874108	     -2.15562006	      2.84474408	    -16.21168525	     -7.41329443	    -11.77112522	     -3.75065287	     47.37163538	    -45.07188130	     -5.65786637	    -13.53689619
      4.90000000	     95.85844935	     22.63828538	     -8.09935365	      0.48502776	     -0.53612317	      0.59232933	     -7.16695463	    -26.97072529	     -3.15486376	      1.97272676	    -16.19793372	     -7.28572994	    -12.70956843	     -2.47508710	     47.04397535	    -43.02567084	     -5.88931091	    -13.63870332
      4.91000000	     96.11545381	     23.08795700	     -7.84752117	      0.49595295	     -0.53614230	      0.59017049	     -7.63208532	    -26.97602226	     -3.94658865	      0.71192593	    -16.20502464	     -7.17277126	    -13.60965077	     -0.98835133	     46.53698940	    -41.09486332	     -6.08617511	    -13.85504909
      4.92000000	     96.31887452	     23.50179724	     -7.67363074	      0.50717267	     -0.53622133	      0.58788857	     -8.01815383	    -27.02175215	     -4.43183715	     -0.91944019	    -16.20503820	     -6.88182053	    -14.40095413	      0.64386225	     45.96772542	    -39.38007790	     -6.39072474	    -14.52159590
      4.93000000	     96.43487131	     23.84947170	     -7.45243190	      0.51863525	     -0.53634364	      0.58547336	     -8.33738289	    -27.00209598	     -4.70614197	     -2.92524227	    -16.32903477	     -6.80214435	    -14.96934117	      2.27088240	     45.31482377	    -38.05125806	     -6.33418655	    -14.73629227
      4.94000000	     96.41833751	     24.15038725	     -7.29381834	      0.53027928	     -0.53659325	      0.58303800	     -8.46891893	    -26.98710438	     -4.62060530	     -5.25819387	    -16.54677123	     -6.59254886	    -15.24584481	      3.82529100	     44.70797985	    -37.10931256	     -6.16282816	    -15.19540148
      4.95000000	     96.23448471	     24.38619154	     -7.18898699	      0.54205055	     -0.53699949	      0.58066592	     -8.38485690	    -27.01981878	     -4.21246868	     -7.80997650	    -16.85218913	     -6.31327031	    -15.17357451	      5.23991935	     44.17211728	    -36.56097564	     -5.87054662	    -15.66626464
      4.96000000	     95.89117226	     24.57050095	     -7.15165030	      0.55387859	     -0.53758374	      0.57844543	     -8.05451314	    -27.03478680	     -3.44738232	    -10.53893349	    -17.25827153	     -5.93579187	    -14.74705608	      6.41295810	     43.70131658	    -36.34042346	     -5.44378113	    -16.14417622
      4.97000000	     95.35490913	     24.68778880	     -7.15925968	      0.56572784	     -0.53839276	      0.57647194	     -7.44714770	    -27.04069918	     -2.37869414	    -13.33850037	    -17.74957703	     -5.47192455	    -13.95067169	      7.35660164	     43.27713029	    -36.36007736	     -4.89835305	    -16.56822637
      4.98000000	     94.65473076	     24.74190543	     -7.32350725	      0.57754843	     -0.53946607	      0.57490822	     -6.53965691	    -27.08934069	     -0.93788512	    -16.09738673	    -18.36189395	     -4.53108189	    -12.87586505	      8.12676360	     42.94247995	    -36.42211359	     -4.05011644	    -17.02792053
      4.99000000	     93.82362827	     24.73734959	     -7.42852840	      0.58928312	     -0.54075169	      0.57370181	     -5.42973514	    -26.94428824	      0.68086479	    -18.86541619	    -18.92795063	     -3.73242792	    -11.49955898	      8.54200456	     42.50645025	    -36.54883245	     -3.25721495	    -17.19987646
      5.00000000	     92.83055579	     24.62094786	     -7.50647612	      0.60091923	     -0.54226433	      0.57304390	     -4.09381427	    -26.63741363	      2.43769936	    -21.50049162	    -19.38586294	     -3.55149836	     -9.92159022	      8.94950877	     41.93710991	    -36.46316780	     -2.78139174	    -17.22088771
      5.01000000	     91.82106592	     24.45609357	     -7.90803630	      0.61239344	     -0.54404546	      0.57306225	     -2.54329505	    -26.32766167	      4.63586944	    -23.96142417	    -19.98475310	     -2.84959967	     -8.35127719	      9.27581031	     41.51358051	    -36.05618836	     -1.93252677	    -17.15374287
      5.02000000	     90.74289048	     24.20655557	     -8.09244401	      0.62370608	     -0.54598028	      0.57360544	     -0.97365332	    -25.68245275	      6.72715777	    -26.32278331	    -20.32488215	     -2.72379199	     -6.64968507	      9.47483818	     40.76448004	    -35.41201227	     -1.50588301	    -17.00430393
      5.03000000	     89.70230297	     23.90364357	     -8.46797415	      0.63482657	     -0.54809212	      0.57484924	      0.64246028	    -24.92526663	      9.05553615	    -28.50056405	    -20.60844045	     -2.61295777	     -5.04718191	      9.70927440	     40.00601124	    -34.33860131	     -1.08071548	    -16.74264114
      5.04000000	     88.74994705	     23.57241562	     -8.96564084	      0.64574828	     -0.55030776	      0.57672361	      2.18252493	    -24.04608193	     11.51314009	    -30.50978474	    -20.76295558	     -2.48150503	     -3.56572131	      9.89913252	     39.18150853	    -32.88553205	     -0.63032820	    -16.17038748
      5.05000000	     87.83394932	     23.14451660	     -9.30219924	      0.65650223	     -0.55257094	      0.57911257	      3.54962841	    -22.87168037	     13.79597538	    -32.37203304	    -20.78978403	     -2.81241066	     -2.16020093	     10.26359942	     38.04779696	    -31.08809777	     -0.51053268	    -15.82633310
      5.06000000	     87.07440805	     22.70212512	     -9.77741712	      0.66702487	     -0.55483760	      0.58196756	      4.70604155	    -21.65293162	     16.19259798	    -34.10821128	    -20.59642446	     -3.50451752	     -0.96998669	     10.69269874	     36.88828027	    -28.97973458	     -0.63484334	    -15.22675749
      5.07000000	     86.41718590	     22.17412072	    -10.06791829	      0.67736896	     -0.55703676	      0.58509078	      5.56131602	    -20.15450827	     18.38286139	    -35.74307994	    -20.44489554	     -4.16911486	      0.11550507	     11.21141462	     35.44636146	    -26.69201920	     -0.76573331	    -14.82727635
      5.08000000	     85.92326428	     21.66353686	    -10.38798877	      0.68751469	     -0.55912079	      0.58843598	      6.13033405	    -18.75867452	     20.55792503	    -37.24280058	    -19.92043504	     -5.70373643	      1.02499765	     11.72958897	     33.91112561	    -24.21955620	     -1.51601639	    -14.26218296
      5.09000000	     85.55977426	     21.03215349	    -10.55205389	      0.69747692	     -0.56103196	      0.59181884	      6.35358812	    -17.16745187	     22.54212351	    -38.62739083	    -19.70388215	     -6.47099425	      1.76951637	     12.51552702	     32.16184312	    -21.67856893	     -1.76985784	    -13.93635014
      5.10000000	     85.31616503	     20.45848515	    -10.65279460	      0.70724836	     -0.56275646	      0.59512901	      6.33471027	    -15.80934632	     24.46375252	    -39.88804161	    -19.01811627	     -8.21166878	      2.43509086	     13.19850441	     30.30138418	    -19.11588684	     -2.87793664	    -13.64461805
      5.11000000	     85.18702928	     19.74539293	    -10.61752295	      0.71680683	     -0.56422651	      0.59819187	      6.02038223	    -14.31534002	     26.24962687	    -41.03328592	    -18.59168910	     -9.49890583	      2.98763230	     13.98647721	     28.35527544	    -16.72448804	     -3.70951633	    -13.55452849
      5.12000000	     85.16959361	     18.96666964	    -10.51040708	      0.72618307	     -0.56543654	      0.60098399	      5.47813298	    -12.93802406	     27.94017236	    -41.98836630	    -18.32897509	    -10.12249370	      3.43191219	     14.86579776	     26.36000859	    -14.46250223	     -4.01960334	    -13.31187370
      5.13000000	     85.15294226	     18.18850058	    -10.25948774	      0.73538899	     -0.56643080	      0.60336258	      4.87125511	    -11.73055280	     29.54047942	    -42.78811290	    -17.62565146	    -11.39412060	      3.94281548	     15.56375363	     24.31418099	    -12.43209658	     -5.18879023	    -13.35607908
      5.14000000	     85.20015969	     17.32512008	     -9.97343704	      0.74443654	     -0.56718430	      0.60534281	      4.16347705	    -10.64616074	     31.08257281	    -43.33927763	    -17.26564073	    -12.07188800	      4.38467076	     16.33007064	     22.31658005	    -10.63837669	     -5.86719160	    -13.41977323
      5.15000000	     85.26326724	     16.42297598	     -9.65035622	      0.75336047	     -0.56773338	      0.60688925	      3.45684806	     -9.75426468	     32.56865744	    -43.61502521	    -17.05531105	    -12.36546373	      4.82817714	     17.02440107	     20.38330106	     -9.10175563	     -6.07937132	    -13.25769987
      5.16000000	     85.27431197	     15.49805930	     -9.24915708	      0.76219848	     -0.56815350	      0.60796218	      2.86153390	     -9.03235881	     33.96830837	    -43.61346948	    -16.79006410	    -12.63535958	      5.35620709	     17.59113691	     18.49446062	     -7.83924476	     -6.37111213	    -13.15848815
      5.17000000	     85.21179393	     14.52333207	     -8.84635090	      0.77095757	     -0.56848342	      0.60855243	      2.42962309	     -8.38772456	     35.35337843	    -43.33203459	    -16.63396329	    -12.79618762	      5.95212537	     18.02719411	     16.77824187	     -6.93115385	     -6.53381295	    -13.07816632
      5.18000000	     85.14612669	     13.58077165	     -8.39196853	      0.77976057	     -0.56873272	      0.60879370	      2.15113724	     -8.10805535	     36.51808491	    -42.62087465	    -16.46420830	    -12.91682490	      6.57461475	     18.53109209	     15.01001028	     -6.10047399	     -6.71376000	    -13.03709168
      5.19000000	     85.00201511	     12.63032296	     -7.96748505	      0.78857988	     -0.56898144	      0.60861946	      2.11311914	     -7.97373627	     37.60348437	    -41.57267478	    -16.37658627	    -12.98860547	      7.26412689	     18.90454175	     13.42074182	     -5.57825309	     -6.83090957	    -13.05274919
      5.20000000	     84.77498673	     11.68954603	     -7.53201518	      0.79748516	     -0.56926837	      0.60807421	      2.33169971	     -8.00613127	     38.51319579	    -40.18460589	    -16.34692777	    -13.06523302	      8.03989729	     19.24094659	     11.91834960	     -5.28010842	     -6.97987996	    -13.20177798
      5.21000000	     84.57587131	     10.78944147	     -7.20855920	      0.80653150	     -0.56956835	      0.60726111	      2.74332162	     -8.37044217	     39.25334180	    -38.38270352	    -16.42995914	    -13.11528164	      8.75120876	     19.49948259	     10.60202970	     -5.17739720	     -6.94728743	    -13.22303296
      5.22000000	     84.21845297	      9.86460906	     -6.77065182	      0.81572586	     -0.56997608	      0.60609053	      3.45718978	     -8.77370494	     39.68951881	    -36.38024873	    -16.66826811	    -13.28467958	      9.65017097	     19.77633336	      9.30897624	     -5.37721235	     -6.89576490	    -13.29577271
      5.23000000	     83.86462460	      8.99039695	     -6.39344688	      0.82514135	     -0.57044419	      0.60468616	      4.35461918	     -9.44504999	     39.88901100	    -34.12541326	    -17.02199701	    -13.56383250	     10.51573473	     19.93140407	      8.17311215	     -5.80124677	     -6.82170564	    -13.34216680
      5.24000000	     83.48630918	      8.14734609	     -6.02416389	      0.83478655	     -0.57098958	      0.60304647	      5.41384797	    -10.29410996	     39.82995401	    -31.76027439	    -17.46851659	    -13.95433996	     11.37631376	     19.95675448	      7.18037270	     -6.50560515	     -6.75284995	    -13.32577742
      5.25000000	     83.16097000	      7.29804324	     -5.75683522	      0.84465285	     -0.57154823	      0.60124481	      6.54357501	    -11.31847683	     39.58485445	    -29.35743556	    -18.30339773	    -14.93892032	     12.09404825	     19.90246323	      6.44924139	     -7.52157793	     -6.67620999	    -13.12094091
      5.26000000	     82.77375746	      6.53795194	     -5.41324137	      0.85476070	     -0.57221932	      0.59921038	      7.74267306	    -12.41773227	     39.11533873	    -27.17888302	    -18.55749902	    -15.21301634	     12.84701047	     19.59206167	      5.81895515	     -8.82768486	     -6.75314587	    -13.00920624
      5.27000000	     82.50403937	      5.76467786	     -5.16160448	      0.86506284	     -0.57284889	      0.59711434	      8.83335607	    -13.59285068	     38.50635525	    -25.19657487	    -19.22299274	    -16.22485455	     13.36449124	     19.22109118	      5.44820543	    -10.40840318	     -6.88226864	    -12.40694860
      5.28000000	     82.32832666	      5.01935446	     -4.88120231	      0.87554407	     -0.57346839	      0.59492833	      9.69459712	    -14.65584209	     37.73483200	    -23.58912874	    -19.37807132	    -16.61319221	     13.67860392	     18.60128169	      5.26878128	    -12.30859863	     -7.21801060	    -12.07730920
      5.29000000	     82.27714171	      4.32480020	     -4.69077006	      0.88612378	     -0.57402218	      0.59276159	     10.34109917	    -15.70053976	     36.93247394	    -22.36320336	    -19.45713596	    -17.11951287	     13.72969451	     17.87887748	      5.36749403	    -14.40765431	     -7.79062250	    -11.42184083
      5.30000000	     82.38390809	      3.69014437	     -4.56237792	      0.89675017	     -0.57448108	      0.59068153	     10.70479914	    -16.67956898	     36.08147516	    -21.49861556	    -19.33930423	    -17.50047667	     13.48349671	     17.03647150	      5.71891388	    -16.66763080	     -8.57490052	    -10.70350256
      5.31000000	     82.66009877	      3.11973485	     -4.45694146	      0.90737143	     -0.57481725	      0.58872770	     10.73335760	    -17.50594853	     35.16368733	    -20.97552563	    -19.07876731	    -17.59016538	     12.92882716	     16.04059583	      6.30100460	    -19.08064572	     -9.40888917	    -10.32859378
      5.32000000	     83.12917325	      2.55938702	     -4.46772430	      0.91795685	     -0.57497457	      0.58707347	     10.46686760	    -18.16775952	     34.20837282	    -20.60331940	    -18.51695330	    -17.70190749	     12.06011945	     15.16299584	      7.12380790	    -21.47775909	    -10.96328145	     -9.20243369
      5.33000000	     83.72571738	      2.09268416	     -4.47565509	      0.92842698	     -0.57500194	      0.58567731	      9.95029797	    -18.67071477	     33.17822056	    -20.39335009	    -17.90757736	    -17.56229812	     10.97294600	     14.20990826	      8.11616626	    -23.88682573	    -12.50115966	     -8.38257657
      5.34000000	     84.44346137	      1.71781772	     -4.52836907	      0.93874182	     -0.57489580	      0.58464866	      9.26189597	    -19.07255079	     32.09232562	    -20.17292969	    -17.21880146	    -17.23043904	      9.69556294	     13.28828559	      9.28590852	    -26.21504450	    -14.21749262	     -7.59040915
      5.35000000	     85.20874108	      1.42582706	     -4.55907881	      0.94885936	     -0.57468509	      0.58399630	      8.44076616	    -19.23064966	     30.93093297	    -19.93613888	    -16.45142106	    -16.64138447	      8.34239945	     12.42373303	     10.55097048	    -28.42743760	    -16.10738223	     -6.80999791
      5.36000000	     86.05953242	      1.26348407	     -4.67096703	      0.95872342	     -0.57436064	      0.58384734	      7.60755196	    -19.54236948	     29.72677413	    -19.43620438	    -15.79130881	    -15.98731387	      6.88239824	     11.65563550	     11.99210120	    -30.45738516	    -17.79396592	     -6.17797978
      5.37000000	     86.88133501	      1.20220486	     -4.72748043	      0.96831555	     -0.57397961	      0.58410080	      6.73799026	    -19.63453733	     28.45800886	    -18.84623242	    -15.16781541	    -15.15596530	      5.46329569	     10.91162369	     13.47708141	    -32.33711433	    -19.45132273	     -5.59874857
      5.38000000	     87.69419791	      1.30317785	     -4.78955721	      0.97758458	     -0.57353698	      0.58479891	      5.92685507	    -19.92915834	     27.14195910	    -18.03095680	    -14.85188873	    -14.66585252	      4.06837329	     10.14212849	     15.05177909	    -34.03953932	    -20.32381209	     -5.38444239
      5.39000000	     88.40178345	      1.43832497	     -4.88020845	      0.98658273	     -0.57309682	      0.58598833	      5.18724873	    -19.98025210	     25.81560371	    -17.01569042	    -14.43115394	    -13.62589296	      2.82995704	      9.63832207	     16.66892155	    -35.46099841	    -21.77677351	     -4.81820320
      5.40000000	     89.03717436	      1.72848212	     -4.94912059	      0.99526032	     -0.57265271	      0.58754123	      4.53830386	    -20.28523649	     24.44387260	    -15.83620206	    -14.26539523	    -13.00923381	      1.70974012	      9.11790382	     18.31196230	    -36.70066396	    -22.31457708	     -4.69387948
      5.41000000	     89.53679926	      2.13001344	     -4.96143413	      1.00364219	     -0.57224342	      0.58935454	      3.95800038	    -20.51314851	     23.07154070	    -14.65105850	    -14.21754599	    -12.61852304	      0.77182899	      8.52729925	     19.94225973	    -37.78444495	    -22.55388491	     -4.69090277
      5.42000000	     89.90214286	      2.61830268	     -4.95998337	      1.01175456	     -0.57188511	      0.59141897	      3.47866537	    -20.79273369	     21.70103879	    -13.41550869	    -14.27931342	    -12.23607359	      0.02800560	      8.00450947	     21.56612234	    -38.68197270	    -22.60990843	     -4.73536416
      5.43000000	     90.14804915	      3.12347290	     -4.91289811	      1.01961800	     -0.57156096	      0.59360038	      3.03134407	    -20.89213898	     20.34998972	    -12.25197667	    -14.33834869	    -12.01903388	     -0.55249579	      7.55786051	     23.17704672	    -39.47701195	    -22.50955047	     -4.86078635
      5.44000000	     90.22977354	      3.84858979	     -4.79978022	      1.02730508	     -0.57137450	      0.59589659	      2.75379281	    -21.37921658	     18.93450363	    -11.03633053	    -14.92112577	    -11.69014368	     -0.88596487	      6.89403884	     24.68059989	    -40.09785790	    -21.63804019	     -5.22816127
      5.45000000	     90.20748123	      4.62027079	     -4.68352079	      1.03478912	     -0.57124356	      0.59813361	      2.53898666	    -21.77554378	     17.62185482	     -9.97153247	    -15.15354233	    -11.64235854	     -1.07763910	      6.16776370	     26.21411996	    -40.69137608	    -20.96765524	     -5.57416140
      5.46000000	     90.10524869	      5.41942793	     -4.48077421	      1.04215023	     -0.57116241	      0.60023338	      2.33645189	    -21.97448919	     16.31106800	     -9.04666610	    -15.66180003	    -11.80777401	     -1.14865719	      5.37761251	     27.68183832	    -41.28305941	    -19.74057882	     -6.10398632
      5.47000000	     89.92250109	      6.31218446	     -4.25814776	      1.04940738	     -0.57115629	      0.60218370	      2.23226133	    -22.28423342	     15.03979442	     -8.18793515	    -16.01081691	    -11.93608354	     -1.09562291	      4.45383746	     29.12641483	    -41.85254953	    -18.66224682	     -6.60562534
      5.48000000	     89.70549708	      7.24928687	     -4.00875145	      1.05659207	     -0.57118745	      0.60390361	      2.17188772	    -22.55249186	     13.81267610	     -7.41678783	    -16.32976718	    -12.03707845	     -0.98238261	      3.42724377	     30.55293263	    -42.44168329	    -17.51770988	     -7.13854688
      5.49000000	     89.48910556	      8.21892553	     -3.74652121	      1.06373228	     -0.57123012	      0.60535121	      2.13810376	    -22.78375786	     12.63388930	     -6.71368870	    -16.60770156	    -12.08694411	     -0.85651786	      2.30669016	     31.97056528	    -43.05778673	    -16.34612057	     -7.67176957
      5.50000000	     89.31310211	      9.22375309	     -3.52336606	      1.07084549	     -0.57125990	      0.60652386	      2.12498918	    -23.11617711	     11.51168032	     -6.00556312	    -16.70802560	    -11.97951753	     -0.77096994	      1.11007063	     33.41333198	    -43.67919579	    -15.52945788	     -8.12715854
      5.51000000	     89.14212878	     10.24705049	     -3.22664125	      1.07797481	     -0.57128145	      0.60736850	      2.12047828	    -23.32857544	     10.38817773	     -5.39084786	    -16.88125305	    -11.82350511	     -0.69579266	     -0.12710093	     34.75616074	    -44.28811982	    -14.36260534	     -8.70184592
      5.52000000	     89.02964055	     11.27179046	     -2.96342761	      1.08512915	     -0.57125552	      0.60789891	      2.11248575	    -23.49783863	      9.34960147	     -4.84160543	    -16.99158753	    -11.58828630	     -0.70598713	     -1.35993340	     36.08915054	    -44.85721113	    -13.33557817	     -9.18184135
      5.53000000	     88.99763019	     12.27763486	     -2.73035252	      1.09231818	     -0.57116833	      0.60813446	      2.07042676	    -23.68008445	      8.34086933	     -4.29142825	    -17.02099385	    -11.28607181	     -0.83550455	     -2.53259552	     37.38146360	    -45.34413197	    -12.54541031	     -9.58523407
      5.54000000	     89.04017455	     13.26134459	     -2.50410585	      1.09957291	     -0.57102014	      0.60808706	      1.98206022	    -23.85936992	      7.33905246	     -3.76647034	    -17.02928809	    -10.87327794	     -1.08971223	     -3.60465993	     38.58062344	    -45.71000757	    -11.70375490	     -9.99531737
      5.55000000	     89.14572976	     14.20564220	     -2.25870788	      1.10691745	     -0.57081069	      0.60775248	      1.84231743	    -23.87647230	      6.36730022	     -3.35647913	    -17.00272782	    -10.28590108	     -1.46377799	     -4.55077128	     39.64079031	    -45.93044833	    -10.76961388	    -10.34916986
      5.56000000	     89.38292498	     15.11103352	     -2.15184611	      1.11432778	     -0.57052866	      0.60721967	      1.62024903	    -24.15420707	      5.43617779	     -2.87208956	    -16.89956009	     -9.90427529	     -2.02850875	     -5.30891352	     40.67250441	    -45.95262151	    -10.42977918	    -10.56073672
      5.57000000	     89.68516354	     15.97339828	     -2.00965713	      1.12187447	     -0.57019139	      0.60646986	      1.31034653	    -24.38714739	      4.45813543	     -2.46242095	    -16.81560287	     -9.43516860	     -2.72172489	     -5.88395064	     41.48050044	    -45.76633551	     -9.99949583	    -10.79782773
      5.58000000	     90.05799624	     16.78436058	     -1.90317600	      1.12956118	     -0.56982167	      0.60553136	      0.93221932	    -24.60252081	      3.50973188	     -2.14172427	    -16.72070355	     -8.97218018	     -3.53798309	     -6.24456686	     42.11692833	    -45.36450091	     -9.65257409	    -10.97079682
      5.59000000	     90.50218516	     17.54601139	     -1.82972043	      1.13740624	     -0.56942697	      0.60443243	      0.47302819	    -24.83319460	      2.57850812	     -1.91314845	    -16.61793086	     -8.55408122	     -4.46757386	     -6.38446397	     42.55841675	    -44.75312142	     -9.41293336	    -11.08766086
      5.60000000	     90.99589259	     18.25767567	     -1.77532496	      1.14543445	     -0.56902607	      0.60319787	     -0.05328078	    -25.07724152	      1.65894854	     -1.79233222	    -16.51593448	     -8.15035003	     -5.47378351	     -6.29635437	     42.78187107	    -43.95040576	     -9.23061694	    -11.17771662
      5.61000000	     91.52794724	     18.91915221	     -1.75241149	      1.15366386	     -0.56863814	      0.60184761	     -0.63187519	    -25.33644490	      0.77696286	     -1.79860752	    -16.41842107	     -7.79228275	     -6.52268928	     -5.98397815	     42.80172763	    -42.99615433	     -9.11285820	    -11.25364992
      5.62000000	     92.07824111	     19.54173273	     -1.75716854	      1.16210493	     -0.56828241	      0.60040159	     -1.24253859	    -25.61954651	     -0.04812550	     -1.95873021	    -16.33308196	     -7.49514743	     -7.56750761	     -5.47972190	     42.62683336	    -41.94527389	     -9.04189877	    -11.33484511
      5.63000000	     92.63915575	     20.07938354	     -1.88113033	      1.17073455	     -0.56798214	      0.59887772	     -1.81116768	    -25.76891387	     -0.64382437	     -2.34361576	    -16.28047493	     -7.34508017	     -8.57794815	     -4.73190261	     42.38060958	    -40.85046521	     -8.99854218	    -11.36229445
      5.64000000	     93.17368582	     20.60401466	     -1.94814210	      1.17960147	     -0.56775045	      0.59729266	     -2.42313222	    -26.09273568	     -1.29662734	     -2.84580001	    -16.23550169	     -7.13982165	     -9.48427819	     -3.90496698	     41.91529630	    -39.82075744	     -8.92936791	    -11.47194367
      5.65000000	     93.62876911	     21.14149234	     -1.91224885	      1.18870656	     -0.56761927	      0.59565869	     -3.03155026	    -26.54424601	     -1.99490084	     -3.51971499	    -16.24136392	     -6.81420387	    -10.19366678	     -3.10212800	     41.23257657	    -38.93477316	     -8.77218170	    -11.84909806
      5.66000000	     94.05525602	     21.55391230	     -2.11269125	      1.19793693	     -0.56760096	      0.59402931	     -3.48027359	    -26.81477047	     -2.25600015	     -4.45475583	    -16.26569690	     -6.69096073	    -10.76544717	     -2.13406688	     40.70918035	    -38.18565676	     -8.65458618	    -11.98236815
      5.67000000	     94.36378537	     21.95773933	     -2.19452396	      1.20736423	     -0.56772428	      0.59239325	     -3.87405399	    -27.15062609	     -2.53668069	     -5.55426120	    -16.42058888	     -6.35357457	    -11.07984207	     -1.24769672	     40.04007708	    -37.69209489	     -8.27417030	    -12.63649249
      5.68000000	     94.58270889	     22.27493681	     -2.43402652	      1.21688481	     -0.56801129	      0.59082814	     -4.08324815	    -27.43607064	     -2.46942004	     -6.85534400	    -16.59078119	     -6.12433369	    -11.17693898	     -0.37739403	     39.51887660	    -37.39774437	     -7.94917127	    -13.05049426
      5.69000000	     94.66865943	     22.52397890	     -2.68118118	      1.22650764	     -0.56848295	      0.58935637	     -4.15045797	    -27.75435371	     -2.26396604	     -8.27690893	    -16.82098605	     -5.90255922	    -11.01914414	      0.41456086	     39.03008095	    -37.32242281	     -7.56718405	    -13.43584722
      5.70000000	     94.64339316	     22.69938078	     -2.97472038	      1.23618832	     -0.56912858	      0.58804137	     -4.07304681	    -28.06077118	     -1.86803446	     -9.81025412	    -17.12518448	     -5.64976599	    -10.65166440	      1.10841060	     38.59470889	    -37.38659365	     -7.11747120	    -13.82829963
      5.71000000	     94.46886942	     22.79260763	     -3.30227438	      1.24590166	     -0.56999727	      0.58692794	     -3.80031251	    -28.33205327	     -1.28253292	    -11.42456523	    -17.49758199	     -5.37760905	    -10.06241941	      1.73143452	     38.21985305	    -37.53572943	     -6.62842733	    -14.18776703
      5.72000000	     94.15595987	     22.80251648	     -3.64052395	      1.25560648	     -0.57107512	      0.58605483	     -3.35038450	    -28.51532415	     -0.52716924	    -13.11640805	    -17.89398510	     -5.16804405	     -9.28653832	      2.26772891	     37.87171178	    -37.69648594	     -6.18557459	    -14.44792307
      5.73000000	     93.73250262	     22.71782995	     -4.06624699	      1.26527699	     -0.57237606	      0.58548982	     -2.71885983	    -28.61568024	      0.45350765	    -14.84209899	    -18.37169785	     -4.87823887	     -8.38893479	      2.78356193	     37.60169896	    -37.77856440	     -5.67559324	    -14.69109751
      5.74000000	     93.19454689	     22.54900691	     -4.47360801	      1.27489652	     -0.57387394	      0.58525212	     -1.94937711	    -28.55041376	      1.55489259	    -16.61316103	    -18.80943616	     -4.69835298	     -7.37384998	      3.24590125	     37.28462877	    -37.71276216	     -5.27195608	    -14.80833371
      5.75000000	     92.56319957	     22.29047550	     -4.94801109	      1.28444066	     -0.57558663	      0.58537685	     -1.02164388	    -28.29947737	      2.85715663	    -18.40657528	    -19.25414597	     -4.55017429	     -6.28767008	      3.71559826	     36.99438342	    -37.44861552	     -4.89172648	    -14.85326989
      5.76000000	     91.92177304	     21.97016833	     -5.58219252	      1.29387940	     -0.57747537	      0.58594577	     -0.00507883	    -27.91274477	      4.40833542	    -20.18196651	    -19.73732977	     -4.30509110	     -5.23666244	      4.22451161	     36.74173622	    -36.86865508	     -4.47994660	    -14.81602996
      5.77000000	     91.19354312	     21.56114933	     -6.05899451	      1.30324404	     -0.57951352	      0.58680364	      1.04263986	    -27.12457600	      5.93320566	    -22.02389913	    -20.06792933	     -4.35625979	     -4.10747881	      4.71969509	     36.28057598	    -36.07997790	     -4.24409782	    -14.69856721
      5.78000000	     90.49631616	     21.11683846	     -6.67062457	      1.31248791	     -0.58169155	      0.58806622	      2.09520462	    -26.16508845	      7.65635601	    -23.83289667	    -20.35976544	     -4.47853956	     -3.05087910	      5.26794357	     35.80728175	    -34.95962793	     -4.05192067	    -14.52409496
      5.79000000	     89.81073245	     20.62819866	     -7.25902550	      1.32165442	     -0.58397151	      0.58963522	      3.08406731	    -24.93822297	      9.41557928	    -25.63159072	    -20.57084826	     -4.74666711	     -2.02228574	      5.85668803	     35.18265394	    -33.56036281	     -3.93384071	    -14.32427892
      5.80000000	     89.17964558	     20.11834026	     -7.86104928	      1.33071102	     -0.58632244	      0.59147702	      3.96111037	    -23.48834909	     11.24196180	    -27.40335734	    -20.69803408	     -5.16200168	     -1.06468650	      6.50593003	     34.43043066	    -31.88938629	     -3.88831925	    -14.11357605
      5.81000000	     88.63289850	     19.58833924	     -8.46832725	      1.33968021	     -0.58869546	      0.59354116	      4.67124681	    -21.84671107	     13.10079663	    -29.10604465	    -20.72548569	     -5.75620325	     -0.20105016	      7.21340991	     33.53683422	    -29.96868304	     -3.93538073	    -13.91460141
      5.82000000	     88.17285670	     19.08314566	     -9.04392356	      1.34853119	     -0.59107198	      0.59571602	      5.19023904	    -20.13245263	     14.98287318	    -30.77297372	    -20.59595330	     -6.97941373	      0.58747385	      7.91586334	     32.49762195	    -27.87639603	     -4.34166487	    -13.85558457
      5.83000000	     87.79624430	     18.54746150	     -9.50285381	      1.35730573	     -0.59340858	      0.59795903	      5.47695568	    -18.28627221	     16.77151032	    -32.33689656	    -20.50505151	     -7.63579294	      1.29282159	      8.78208506	     31.22448331	    -25.61448343	     -4.40543137	    -13.73826575
      5.84000000	     87.53160807	     18.05074763	     -9.95964230	      1.36593320	     -0.59568135	      0.60014939	      5.55916492	    -16.47482233	     18.64213609	    -33.84129397	    -20.04671472	     -9.08325700	      1.91044990	      9.55581711	     29.89374538	    -23.30733660	     -5.01464188	    -13.90729190
      5.85000000	     87.34366070	     17.54015413	    -10.26783735	      1.37446302	     -0.59786130	      0.60225813	      5.41996440	    -14.70183344	     20.40627326	    -35.21725078	    -19.76915191	    -10.20482846	      2.46565158	     10.45287373	     28.35131254	    -20.93618353	     -5.50668915	    -14.13572630
      5.86000000	     87.24882372	     17.03036972	    -10.53274143	      1.38284472	     -0.59992471	      0.60419251	      5.08906382	    -13.02855916	     22.20826701	    -36.48488806	    -19.30798560	    -11.15425255	      2.94461250	     11.31458562	     26.76431747	    -18.61353231	     -5.96628141	    -14.29927498
      5.87000000	     87.21842801	     16.53262660	    -10.72118345	      1.39109409	     -0.60187484	      0.60592319	      4.60838192	    -11.56065056	     24.00354361	    -37.60798911	    -18.80723769	    -11.97101392	      3.37950169	     12.15584983	     25.10550644	    -16.33689546	     -6.44385003	    -14.48426785
      5.88000000	     87.22718879	     16.01737294	    -10.83184062	      1.39919343	     -0.60370124	      0.60738564	      4.02041611	    -10.25861433	     25.80482455	    -38.58888265	    -18.29803312	    -12.63434836	      3.78753298	     12.94586367	     23.42843596	    -14.19666198	     -6.94510973	    -14.68672235
      5.89000000	     87.27319240	     15.46415737	    -10.88046402	      1.40716243	     -0.60540073	      0.60856686	      3.34797669	     -9.14909031	     27.59909175	    -39.38989525	    -18.05330697	    -12.92629896	      4.16701455	     13.64129930	     21.76750836	    -12.22939666	     -7.03817430	    -14.58427152
      5.90000000	     87.28779521	     14.95399620	    -10.85788730	      1.41503795	     -0.60703359	      0.60945494	      2.71926158	     -8.37031215	     29.38784821	    -40.00256518	    -17.32852830	    -13.40934089	      4.59355029	     14.27559038	     20.08313221	    -10.34355167	     -7.76494332	    -14.85473554
      5.91000000	     87.29133326	     14.36375045	    -10.80026446	      1.42280831	     -0.60857595	      0.61002520	      2.10362277	     -7.69421605	     31.17929410	    -40.41379326	    -17.16287847	    -13.52668337	      5.01845127	     14.79892846	     18.49583771	     -8.71132840	     -7.84466229	    -14.73409593
      5.92000000	     87.25106373	     13.80788717	    -10.66794234	      1.43057096	     -0.61008745	      0.61031399	      1.59848603	     -7.35423208	     32.88364102	    -40.56770619	    -16.68982656	    -13.63271821	      5.50497386	     15.26664278	     16.86972257	     -7.15167906	     -8.36612004	    -14.78365316
      5.93000000	     87.14256089	     13.17524222	    -10.52128651	      1.43830447	     -0.61157312	      0.61028067	      1.21459413	     -7.05668483	     34.57800288	    -40.50355802	    -16.58902760	    -13.65693380	      6.03724528	     15.64290414	     15.36905214	     -5.84900305	     -8.43686776	    -14.63108191
      5.94000000	     86.98407021	     12.54137419	    -10.32126122	      1.44610813	     -0.61305797	      0.60998467	      0.97538756	     -6.98051218	     36.13428431	    -40.14801630	    -16.47724882	    -13.66329647	      6.62797571	     15.98696097	     13.86176888	     -4.65911413	     -8.58358956	    -14.45694508
      5.95000000	     86.77018274	     11.88342207	    -10.08670965	      1.45401834	     -0.61456035	      0.60941831	      0.88547534	     -7.03338960	     37.55061520	    -39.51899684	    -16.42172134	    -13.65610852	      7.27533143	     16.29991581	     12.38739650	     -3.63064033	     -8.75605531	    -14.28046806
      5.96000000	     86.47819274	     11.21273430	     -9.81580691	      1.46207394	     -0.61610804	      0.60859389	      0.96800150	     -7.17636344	     38.80138124	    -38.63071352	    -16.43520666	    -13.64736962	      8.00641128	     16.58573156	     10.94558662	     -2.76659163	     -9.17980268	    -14.18691038
      5.97000000	     86.19016066	     10.50568306	     -9.56070315	      1.47033196	     -0.61766022	      0.60757961	      1.14525902	     -7.44170492	     39.83968340	    -37.42917410	    -16.56699333	    -13.67678789	      8.71999061	     16.89932783	      9.57377407	     -2.07988984	     -9.19244722	    -14.00304962
      5.98000000	     85.84096479	      9.78299681	     -9.25255017	      1.47882796	     -0.61925359	      0.60633807	      1.45102690	     -7.75718914	     40.62801489	    -36.03186383	    -16.79873602	    -13.75976306	      9.50818972	     17.20370497	      8.20581636	     -1.56194997	     -9.27547655	    -13.80210153
      5.99000000	     85.46429075	      9.05499525	     -8.92965238	      1.48758830	     -0.62088490	      0.60491994	      1.85186641	     -8.15455911	     41.15626170	    -34.44689106	    -17.11791777	    -13.91130160	     10.32489285	     17.51165496	      6.90316303	     -1.26681647	     -9.38793117	    -13.60865967
      6.00000000	     85.07202117	      8.33171746	     -8.59929979	      1.49665113	     -0.62253700	      0.60334381	      2.30882368	     -8.61621578	     41.43011338	    -32.76226551	    -17.53711156	    -14.17569694	     11.15368172	     17.80753430	      5.66308564	     -1.16738973	     -9.53564626	    -13.42109989
      6.01000000	     84.76430001	      7.63990539	     -8.40576781	      1.50601174	     -0.62417462	      0.60168914	      2.76088229	     -9.27624467	     41.54120888	    -30.96895266	    -17.76847057	    -14.32577314	     11.83037536	     18.01960118	      4.67972974	     -1.32879121	     -9.60000306	    -13.27725221
      6.02000000	     84.32960039	      6.93704324	     -7.96550691	      1.51570399	     -0.62588163	      0.59986318	      3.23944226	     -9.76049827	     41.25594312	    -29.39660153	    -18.32538543	    -14.85050785	     12.71751515	     18.31971867	      3.51116714	     -1.67008708	     -9.84319617	    -13.01227017
      6.03000000	     84.04213005	      6.29925648	     -7.70000208	      1.52568035	     -0.62754068	      0.59805059	      3.63118321	    -10.47892643	     40.86652205	    -27.87333910	    -18.76900125	    -15.47719828	     13.36143231	     18.50320611	      2.67500830	     -2.28909301	    -10.13294471	    -12.76560683
      6.04000000	     83.91461062	      5.64470977	     -7.62818433	      1.53593675	     -0.62912231	      0.59629442	      3.83539940	    -11.14685760	     40.43856568	    -26.50684107	    -18.84487147	    -15.68462334	     13.72460002	     18.72972338	      2.19948686	     -3.19595475	    -10.28683183	    -12.63204945
      6.05000000	     83.77563738	      5.12449814	     -7.44813327	      1.54644235	     -0.63073912	      0.59451831	      4.02555050	    -11.92184603	     39.80221059	    -25.52904363	    -19.23777811	    -16.97019930	     14.11103881	     18.76997585	      1.76625566	     -4.29451857	    -10.93630491	    -12.06396263
      6.06000000	     83.81015779	      4.68735911	     -7.36375641	      1.55719760	     -0.63230206	      0.59284336	      4.01300395	    -12.70870640	     39.09802801	    -24.81523815	    -19.12836808	    -17.24522556	     14.23510332	     18.71192820	      1.61663720	     -5.63760730	    -11.33086542	    -11.86684074
      6.07000000	     84.01500554	      4.32730510	     -7.39413193	      1.56815546	     -0.63379883	      0.59130947	      3.83312649	    -13.49604940	     38.37532293	    -24.37530822	    -18.83949166	    -17.64969407	     14.08970933	     18.56020284	      1.77209239	     -7.19322918	    -12.01319371	    -11.46123201
      6.08000000	     84.38563946	      4.05953101	     -7.51246933	      1.57929624	     -0.63522778	      0.58992692	      3.52192342	    -14.32222934	     37.62512196	    -24.19005542	    -18.41427911	    -18.00781951	     13.69336500	     18.29903284	      2.19403554	     -8.91848216	    -12.85016801	    -10.98331093
      6.09000000	     84.93680207	      3.86788386	     -7.71103712	      1.59061729	     -0.63658724	      0.58871820	      3.07253207	    -15.13391634	     36.83890338	    -24.18882169	    -17.74305487	    -18.37241871	     13.05210276	     17.98781398	      2.83663333	    -10.75524444	    -14.01870355	    -10.14110334
      6.10000000	     85.67733758	      3.84454878	     -7.94698180	      1.60206191	     -0.63789488	      0.58764466	      2.54626487	    -16.16486684	     35.97318252	    -24.27878831	    -17.19366175	    -18.39954428	     12.13985469	     17.31564203	      3.72003099	    -12.77466900	    -15.01362308	     -9.78404107
      6.11000000	     86.57319606	      3.83627469	     -8.28455183	      1.61362456	     -0.63912446	      0.58673403	      1.92714664	    -17.09096564	     35.10377414	    -24.41035431	    -16.20413397	    -18.31041212	     11.02362364	     16.68242101	      4.78097087	    -14.82580611	    -16.70487528	     -8.69327308
      6.12000000	     87.60836000	      3.99307326	     -8.56950461	      1.62522340	     -0.64031871	      0.58588717	      1.28144269	    -18.29929875	     34.07097601	    -24.50191945	    -15.56220220	    -18.09731253	      9.74568795	     15.66405494	      5.91223966	    -16.98172881	    -17.92097107	     -8.29635650
      6.13000000	     88.71912759	      4.11644742	     -8.92624744	      1.63681645	     -0.64145247	      0.58514502	      0.59768025	    -19.36887676	     33.02138501	    -24.51160263	    -14.40879299	    -17.58597207	      8.39878311	     14.82851746	      7.07878485	    -19.04256464	    -20.07615050	     -7.04517423
      6.14000000	     89.86533361	      4.29977982	     -9.20700358	      1.64824209	     -0.64255030	      0.58438034	     -0.10073769	    -20.54928086	     31.83465392	    -24.43691681	    -13.50564981	    -17.07733217	      7.03288914	     13.82532250	      8.17305263	    -21.08542924	    -21.88041675	     -6.25247319
