PathFileType	3	(X/Y/Z)	RCH0000002 BBF 05.c3d
DataRate	CameraRate	NumFrames	NumMarkers	Units	OrigDataRate	OrigDataStartFrame	OrigNumFrames
100.0	100.0	252	23	mm	100.0	159	252
Frame#	Time	T2			T10			MAN			LASI			RASI			LPSI			RPSI			LPAT			LKNE			LANK			LMED			LHEE			LTOE			RPAT			RKNE			RANK			RMED			RHEE			RTOE			RTHI			LTHI			RTIB			LTIB			
		X1	Y1	Z1	X2	Y2	Z2	X3	Y3	Z3	X4	Y4	Z4	X5	Y5	Z5	X6	Y6	Z6	X7	Y7	Z7	X8	Y8	Z8	X9	Y9	Z9	X10	Y10	Z10	X11	Y11	Z11	X12	Y12	Z12	X13	Y13	Z13	X14	Y14	Z14	X15	Y15	Z15	X16	Y16	Z16	X17	Y17	Z17	X18	Y18	Z18	X19	Y19	Z19	X20	Y20	Z20	X21	Y21	Z21	X22	Y22	Z22	X23	Y23	Z23	

159	1.580	-1426.87304	-46.87140	958.43688	-1405.09903	-84.48164	776.57979	-1287.69904	-43.49013	939.29093	-1305.95873	-16.44892	635.77246	-1326.91485	-191.71850	631.00785	-1420.32631	-54.12623	688.83762	-1425.46825	-126.13331	689.90890	-1261.47264	-70.47484	379.66723	-1288.41888	-6.59397	335.02460	-1351.45490	19.10928	70.85190	-1367.60422	-48.26761	88.23425	-1398.44128	-8.92981	102.98264	-1314.38765	-29.22838	66.89853	-1377.06634	-134.66296	329.51493	-1439.09111	-179.34858	318.59259	-1637.80798	-175.90404	133.48167	-1638.22566	-108.32546	150.14640	-1646.19229	-147.18114	189.16969	-1623.72270	-136.34113	90.94305	-1402.35901	-253.16764	421.45894	-1301.86314	68.05984	456.47292	-1523.60122	-243.40415	239.18558	-1294.30798	64.03108	225.76938	
160	1.590	-1416.44276	-49.41098	964.14824	-1394.00069	-85.18525	781.47261	-1277.78405	-44.79153	945.31699	-1295.77027	-13.93253	640.35407	-1312.07865	-189.52709	635.97604	-1408.60140	-54.69047	693.63392	-1412.41637	-126.63090	694.47023	-1259.80986	-67.96301	381.37803	-1288.49111	-4.24424	337.36196	-1352.12777	17.98926	72.57133	-1366.80042	-49.61906	90.16096	-1398.42665	-10.83656	105.00590	-1314.03878	-29.57132	68.10630	-1353.75020	-133.82451	334.31773	-1415.45357	-179.19032	322.24058	-1613.96477	-178.14274	137.13434	-1614.00300	-110.13400	152.29634	-1623.07911	-148.20392	191.86983	-1597.77506	-139.95687	94.59874	-1380.51558	-252.55054	425.99681	-1298.90830	70.25502	459.06404	-1500.49012	-244.15931	244.43763	-1296.83523	65.45348	227.22112	
161	1.600	-1406.02685	-51.88257	969.74230	-1383.02085	-85.86888	786.25917	-1267.87399	-46.07182	951.15867	-1285.72021	-11.45476	644.83876	-1297.37739	-187.33632	640.84502	-1397.01309	-55.27869	698.29755	-1399.48940	-127.14306	698.90432	-1258.06991	-65.48100	383.06003	-1288.49111	-1.96187	339.67867	-1352.76261	16.84244	74.30102	-1365.91345	-50.98531	92.08571	-1398.35442	-12.79607	107.05083	-1313.65501	-29.92092	69.30488	-1330.44473	-133.01435	339.14160	-1391.81302	-179.05165	325.86332	-1589.95887	-180.39768	140.58902	-1589.70340	-111.97908	154.33651	-1599.85511	-149.31628	194.41344	-1571.72445	-143.50166	98.11398	-1358.79072	-251.96342	430.51933	-1295.95531	72.38703	461.62072	-1477.22161	-244.93553	249.50303	-1299.32736	66.82117	228.68111	
162	1.610	-1395.60267	-54.22941	975.09424	-1372.23606	-86.52190	790.82701	-1257.93813	-47.31289	956.62756	-1275.91244	-9.05340	649.12495	-1282.91416	-185.14995	645.50216	-1385.66437	-55.91937	702.68997	-1386.78130	-127.68829	703.07327	-1256.17198	-63.04709	384.67060	-1288.34424	0.20335	341.94300	-1353.32353	15.66344	76.03868	-1364.87700	-52.36088	93.99941	-1398.17304	-14.82850	109.12648	-1313.20696	-30.27054	70.47827	-1307.13115	-132.24474	344.01663	-1368.12193	-178.93900	329.44702	-1565.55148	-182.68114	143.66708	-1565.16395	-113.89165	156.15581	-1576.33400	-150.59493	196.64569	-1545.38111	-146.91196	101.36393	-1337.25187	-251.42261	435.01176	-1292.99571	74.40469	464.10195	-1453.59366	-245.74469	254.22729	-1301.73516	68.09676	230.14607	
163	1.620	-1385.13826	-56.40827	980.09603	-1361.69569	-87.13993	795.07917	-1247.93844	-48.50020	961.56349	-1266.42582	-6.75864	653.12434	-1268.76696	-182.97080	649.84372	-1374.63412	-56.64030	706.68934	-1374.36376	-128.28500	706.85378	-1254.04738	-60.66032	386.16255	-1287.99370	2.22621	344.11805	-1353.77658	14.46938	77.77026	-1363.64604	-53.72050	95.88684	-1397.83960	-16.91781	111.22713	-1312.67240	-30.60164	71.60625	-1283.77710	-131.51832	348.96977	-1344.31505	-178.85406	332.98396	-1540.52493	-185.00344	146.23784	-1540.22046	-115.89575	157.66711	-1552.33818	-152.09637	198.44720	-1518.56089	-150.14424	104.25732	-1315.92600	-250.93429	439.45943	-1290.03861	76.27620	466.46839	-1429.41981	-246.59413	258.49737	-1304.00577	69.26306	231.60457	
164	1.630	-1374.59885	-58.39157	984.65841	-1351.42304	-87.72555	798.93612	-1237.83626	-49.62290	965.84012	-1257.31343	-4.59301	656.76390	-1254.99188	-180.80271	653.77663	-1363.97754	-57.46667	710.19447	-1362.28859	-128.95024	710.14081	-1251.64620	-58.30378	387.48538	-1287.40282	4.10607	346.16193	-1354.09268	13.30064	79.46865	-1362.20278	-55.01864	97.72560	-1397.32419	-19.00944	113.33022	-1312.03890	-30.88394	72.66437	-1260.35427	-130.82737	354.02143	-1320.32860	-178.79236	336.47234	-1514.70770	-187.36997	148.22664	-1514.72694	-118.00466	158.81072	-1527.72037	-153.84991	199.73991	-1491.10767	-153.17668	106.74147	-1294.81016	-250.49328	443.84646	-1287.10838	77.98944	468.68289	-1404.55684	-247.48443	262.25098	-1306.08192	70.32425	233.03518	
165	1.640	-1363.95124	-60.16752	988.71031	-1341.41781	-88.28810	802.33548	-1227.59655	-50.67387	969.36558	-1248.60288	-2.57236	659.98596	-1241.62667	-178.65233	657.21959	-1353.72721	-58.41959	713.12637	-1350.59012	-129.69867	712.84909	-1248.94084	-55.95312	388.58825	-1286.55237	5.86129	348.03009	-1354.25109	12.21546	81.09577	-1360.55813	-56.19462	99.48712	-1396.61292	-21.01801	115.39859	-1311.30512	-31.07895	73.62537	-1236.85218	-130.15498	359.18520	-1296.11615	-178.74254	339.91687	-1487.98404	-189.77922	149.61268	-1488.56452	-120.21879	159.55236	-1502.37314	-155.85526	200.48453	-1462.90289	-156.00723	108.80087	-1273.88460	-250.08372	448.15639	-1284.23431	79.54804	470.71136	-1378.92160	-248.40800	265.47959	-1307.90278	71.30285	234.40679	
166	1.650	-1353.16638	-61.73900	992.19716	-1331.65946	-88.84270	805.23044	-1217.19022	-51.64950	972.08048	-1240.29706	-0.70751	662.74760	-1228.69362	-176.53074	660.10429	-1343.89400	-59.51452	715.42876	-1339.28687	-130.54151	714.91389	-1245.92678	-53.58670	389.42389	-1285.43534	7.52092	349.67892	-1354.24288	11.28048	82.60719	-1358.74924	-57.18149	101.13943	-1395.70969	-22.84164	117.38582	-1310.48087	-31.14552	74.46163	-1213.28851	-129.47712	364.46882	-1271.66140	-178.68591	343.32898	-1460.29266	-192.22135	150.41958	-1461.64399	-122.52520	159.87778	-1476.23014	-158.08404	200.67280	-1433.86675	-158.64833	110.45093	-1253.12683	-249.68127	452.37363	-1281.43648	80.96535	472.52369	-1352.49874	-249.34862	268.22518	-1309.40714	72.23382	235.68098	
167	1.660	-1342.22088	-63.12161	995.07921	-1322.11068	-89.40877	807.58817	-1206.59522	-52.54955	973.95497	-1232.37474	0.99396	665.01975	-1216.20126	-174.45471	662.37709	-1334.46740	-60.75981	717.06825	-1328.38209	-131.48554	716.29160	-1242.62045	-51.19443	389.95283	-1284.05157	9.11623	351.06990	-1354.07334	10.55967	83.95806	-1356.83397	-57.91656	102.65095	-1394.63607	-24.37917	119.24330	-1309.58597	-31.04623	75.14837	-1189.71590	-128.76496	369.87482	-1246.98731	-178.59636	346.72582	-1431.61891	-194.67740	150.70157	-1433.90580	-124.89829	159.78606	-1449.26267	-160.48489	200.31689	-1403.95527	-161.11917	111.72889	-1232.52482	-249.25605	456.48430	-1278.71242	82.25853	474.09465	-1325.34025	-250.28177	270.57080	-1310.53909	73.15753	236.81605	
168	1.670	-1331.09754	-64.34132	997.33007	-1312.72096	-90.00821	809.38830	-1195.79662	-53.37710	974.98545	-1224.79116	2.52612	666.78644	-1204.14487	-172.44719	664.00087	-1325.41555	-62.15541	718.03432	-1317.86334	-132.53222	716.96042	-1239.05455	-48.78284	390.14679	-1282.40336	10.67390	352.17344	-1353.76241	10.10418	85.10936	-1354.88284	-58.35122	103.99464	-1393.42916	-25.54671	120.92762	-1308.64788	-30.75338	75.66672	-1166.22523	-127.98647	375.39943	-1222.16105	-178.44059	350.12712	-1401.98454	-197.11913	150.52796	-1405.32047	-127.30175	159.28301	-1421.47466	-162.99117	199.43843	-1373.15700	-163.43640	112.68312	-1212.08751	-248.77566	460.47549	-1276.02835	83.44418	475.40455	-1297.55762	-251.17539	272.62512	-1311.25479	74.11260	237.77213	
169	1.680	-1319.78534	-65.43197	998.93580	-1303.42993	-90.66331	810.62181	-1184.78608	-54.13860	975.19161	-1217.47887	3.88352	668.04384	-1192.50606	-170.53705	664.95676	-1316.68538	-63.69196	718.33871	-1307.70149	-133.67708	716.92069	-1235.27094	-46.37529	389.99081	-1280.49250	12.21170	352.97176	-1353.34264	9.94474	86.03343	-1352.96957	-58.45841	105.15178	-1392.13700	-26.29016	122.40700	-1307.69832	-30.25330	76.00625	-1142.94502	-127.10687	381.02895	-1197.29442	-178.17857	353.54951	-1371.43871	-199.50933	149.96830	-1375.89124	-129.69122	158.37566	-1392.89871	-165.53016	198.05894	-1341.49186	-165.60494	113.36243	-1191.85083	-248.20775	464.33234	-1273.31736	84.53614	476.43963	-1269.30782	-251.99098	274.50244	-1311.52863	75.12982	238.51650	
170	1.690	-1308.27901	-66.43268	999.89436	-1294.17058	-91.39467	811.29015	-1173.56097	-54.84389	974.61370	-1210.34946	5.06086	668.79913	-1181.25178	-168.75764	665.24497	-1308.20328	-65.35056	718.01394	-1297.84972	-134.90951	716.19458	-1231.31194	-44.00809	389.48380	-1278.31816	13.73683	353.46039	-1352.85454	10.08780	86.71809	-1351.16122	-58.23637	106.11473	-1390.81177	-26.59205	123.66593	-1306.76914	-29.54855	76.16651	-1120.03666	-126.08780	386.73359	-1172.53949	-177.76467	356.99872	-1340.05323	-201.80256	149.08003	-1345.65977	-132.01741	157.06824	-1363.59501	-168.03203	196.19297	-1309.01390	-167.61068	113.80627	-1171.87804	-247.52169	468.03311	-1270.48443	85.54496	477.19230	-1240.77574	-252.68440	276.30051	-1311.35639	76.22768	239.02820	
171	1.700	-1296.57834	-67.38552	1000.21513	-1284.87212	-92.21926	811.40450	-1162.12323	-55.50621	973.30993	-1203.29638	6.05332	669.06900	-1170.33333	-167.14427	664.88448	-1299.87701	-67.10343	717.11050	-1288.24324	-136.21312	714.82468	-1227.21072	-41.72399	388.63724	-1275.87459	15.24613	353.64776	-1352.33990	10.51560	87.16891	-1349.50931	-57.70849	106.88852	-1389.50160	-26.47188	124.70782	-1305.88780	-28.65780	76.15730	-1097.68535	-124.88607	392.45995	-1148.07984	-177.14935	360.46065	-1307.92392	-203.94635	147.89994	-1314.71449	-134.22904	155.35978	-1333.65425	-170.43680	193.84477	-1275.81835	-169.41667	114.03707	-1152.25423	-246.68946	471.54331	-1267.41623	86.47836	477.66090	-1212.15632	-253.20666	278.07975	-1310.75381	77.40991	239.30112	
172	1.710	-1284.68727	-68.33335	999.91838	-1275.46262	-93.14863	810.98482	-1150.47811	-56.14207	971.35387	-1196.19940	6.85773	668.87751	-1159.68591	-165.73063	663.91129	-1291.59902	-68.91544	715.69282	-1278.80002	-137.56660	712.87132	-1222.98216	-39.56542	387.47267	-1273.14780	16.72748	353.55295	-1351.83413	11.18960	87.40964	-1348.04284	-56.91973	107.49078	-1388.24205	-25.98092	125.55537	-1305.07328	-27.61380	75.99766	-1076.08721	-123.45293	398.12358	-1124.11816	-176.28203	363.89281	-1275.17887	-205.88294	146.44016	-1283.20033	-136.27523	153.24323	-1303.20461	-172.69801	191.00854	-1242.05196	-170.96403	114.05517	-1133.07611	-245.68589	474.81022	-1263.99268	87.34165	477.84876	-1183.64049	-253.50482	279.84779	-1309.74967	78.66519	239.34485	
173	1.720	-1272.61290	-69.31797	999.03435	-1265.87121	-94.18752	810.05879	-1138.63305	-56.77086	968.83162	-1188.93039	7.47420	668.25366	-1149.22936	-164.54470	662.37549	-1283.25121	-70.74640	713.83406	-1269.42316	-138.94502	710.40875	-1218.61516	-37.56923	386.01789	-1270.11135	18.16161	353.20174	-1351.35863	12.05628	87.48064	-1346.76408	-55.93036	107.95048	-1387.04838	-25.19303	126.24907	-1304.33264	-26.45994	75.71383	-1055.43328	-121.73529	403.60397	-1100.86177	-175.11498	367.21819	-1241.99225	-207.55173	144.68848	-1251.32782	-138.10723	150.70622	-1272.42166	-174.78249	187.67190	-1207.92482	-172.17784	113.83711	-1114.43892	-244.48879	477.75960	-1260.09732	88.13775	477.76254	-1155.40791	-253.52375	281.55249	-1308.37449	79.96876	239.18307	
174	1.730	-1260.36452	-70.37846	997.60211	-1256.03006	-95.33283	808.66046	-1126.59658	-57.41410	965.83874	-1181.36035	7.90797	667.22856	-1138.87033	-163.60459	660.33751	-1274.71123	-72.55377	711.61043	-1260.00495	-140.32141	707.52058	-1214.06789	-35.76393	384.30274	-1266.72178	19.52380	352.62141	-1350.91449	13.05409	87.43570	-1345.64745	-54.80868	108.30533	-1385.90999	-24.19349	126.84397	-1303.65893	-25.24629	75.33631	-1035.89199	-119.67974	408.74395	-1078.50728	-173.60836	370.32327	-1208.60098	-208.89285	142.61275	-1219.37910	-139.67952	147.73346	-1241.53915	-176.66672	183.82205	-1173.72063	-172.97772	113.33777	-1096.42301	-243.07953	480.29598	-1255.62478	88.86676	477.40956	-1127.62832	-253.20945	283.08567	-1306.64701	81.28549	238.84960	
175	1.740	-1247.95266	-71.54973	995.66799	-1245.87597	-96.57317	806.82875	-1114.37744	-58.09432	962.47683	-1173.36698	8.17091	665.83276	-1128.50624	-162.91527	657.86424	-1265.85950	-74.29538	709.09570	-1250.43247	-141.66830	704.29510	-1209.26677	-34.16966	382.35469	-1262.91529	20.78548	351.83514	-1350.47830	14.12049	87.33739	-1344.64127	-53.62360	108.59843	-1384.78754	-23.06787	127.40511	-1303.03057	-24.02556	74.89665	-1017.59196	-117.23976	413.35537	-1057.22631	-171.73615	373.06177	-1175.31989	-209.85224	140.16852	-1187.70860	-140.95117	144.31113	-1210.85742	-178.33137	179.45361	-1139.80225	-173.29151	112.49645	-1079.08264	-241.44447	482.30733	-1250.48481	89.52530	476.79482	-1100.47081	-252.51426	284.29718	-1304.56128	82.57363	238.38256	
176	1.750	-1235.38827	-72.86107	993.28403	-1235.35202	-97.88870	804.60613	-1101.98395	-58.83345	958.84996	-1164.84212	8.28223	664.09397	-1118.03092	-162.46678	655.02573	-1256.58677	-75.93170	706.35670	-1240.59450	-142.95890	700.82110	-1204.11007	-32.80008	380.19501	-1258.60722	21.91558	350.85696	-1350.00067	15.19788	87.25154	-1343.67203	-52.43821	108.87447	-1383.61330	-21.89257	128.00184	-1302.41209	-22.84959	74.42421	-1000.60745	-114.38525	417.23178	-1037.15326	-169.49221	375.26478	-1142.55028	-210.38829	137.30935	-1156.73616	-141.88789	140.43335	-1180.74598	-179.75614	174.57733	-1106.60899	-173.07024	111.24684	-1062.43904	-239.57760	483.67445	-1244.60364	90.10599	475.91798	-1074.11772	-251.40380	285.01727	-1302.07762	83.78890	237.81762	
177	1.760	-1222.68211	-74.33464	990.50650	-1224.40910	-99.25147	802.03762	-1089.42366	-59.65101	955.06111	-1155.69817	8.26805	662.03571	-1107.34163	-162.23456	651.89303	-1246.80119	-77.42731	703.45056	-1230.38915	-144.16790	697.18496	-1198.47596	-31.66535	377.83616	-1253.69564	22.88172	349.68828	-1349.40748	16.23811	87.24120	-1342.65022	-51.30502	109.17587	-1382.29434	-20.72783	128.70174	-1301.75601	-21.76651	73.94355	-984.94867	-111.11312	420.16768	-1018.37654	-166.89585	376.75726	-1110.77663	-210.47982	133.99861	-1126.93122	-142.46561	136.11043	-1151.63649	-180.91732	169.22881	-1074.64299	-172.30183	109.52998	-1046.47910	-237.48428	484.28406	-1237.92381	90.59729	474.77151	-1048.77805	-249.86513	285.08334	-1299.11932	84.88800	237.18145	
178	1.770	-1209.84445	-75.98376	987.39488	-1213.00779	-100.62610	799.17045	-1076.70330	-60.56194	951.20889	-1145.87305	8.15961	659.67714	-1096.34695	-162.18217	648.53754	-1236.43441	-78.75151	700.42408	-1219.73157	-145.27157	693.46912	-1192.23442	-30.77528	375.28103	-1248.06906	23.65149	348.31697	-1348.60334	17.20503	87.36108	-1341.47689	-50.26300	109.53952	-1380.71823	-19.61394	129.56444	-1301.00508	-20.81868	73.47283	-970.55897	-107.45688	421.98251	-1000.93396	-163.99578	377.37918	-1080.54777	-210.13410	130.22208	-1098.78765	-142.67555	131.37804	-1124.00395	-181.78949	163.47612	-1044.44345	-171.02101	107.30878	-1031.16007	-235.18576	484.04439	-1230.40335	90.98381	473.34027	-1024.69411	-247.91509	284.36641	-1295.57621	85.83147	236.48671	
179	1.780	-1196.88502	-77.81121	984.01132	-1201.12039	-101.97073	796.05447	-1063.82905	-61.57451	947.38492	-1135.33298	7.99031	657.03429	-1084.97465	-162.26611	645.03183	-1225.44604	-79.87802	697.31542	-1208.56090	-146.24751	689.75231	-1185.26134	-30.14196	372.52449	-1241.61760	24.19367	346.71946	-1347.47678	18.07520	87.65295	-1340.05008	-49.33673	109.99436	-1378.76016	-18.57047	130.63644	-1300.09442	-20.04135	73.02367	-957.31996	-103.49321	422.54614	-984.81289	-160.87175	377.00908	-1052.44082	-209.39335	125.99953	-1072.78993	-142.53004	126.30573	-1098.33500	-182.35180	157.42523	-1016.54909	-169.31322	104.58165	-1016.41920	-232.72370	482.90091	-1222.01495	91.24693	471.60331	-1002.13592	-245.60727	282.79330	-1291.31454	86.58538	235.72949	
180	1.790	-1183.81331	-79.80742	980.42086	-1188.73299	-103.23842	792.74339	-1050.80719	-62.68845	943.67197	-1124.07310	7.79175	654.12267	-1073.17860	-162.44216	641.45153	-1213.82598	-80.78432	694.15772	-1196.84566	-147.07407	686.11088	-1177.45280	-29.78163	369.55744	-1234.24555	24.47935	344.86589	-1345.90635	18.83674	88.14302	-1338.27011	-48.53736	110.56042	-1376.29082	-17.59848	131.94739	-1298.95288	-19.46196	72.60240	-945.06452	-99.34393	421.80202	-969.95523	-157.63313	375.58617	-1027.01005	-208.33760	121.39374	-1049.37330	-142.06772	121.00241	-1075.08556	-182.59750	151.22164	-991.45192	-167.31097	101.39262	-1002.18668	-230.16373	480.85007	-1212.74525	91.36584	469.53772	-981.38060	-243.03592	280.36124	-1286.19124	87.12206	234.89019	
181	1.800	-1170.63916	-81.94898	976.69222	-1175.84750	-104.37889	789.29647	-1037.64496	-63.89364	940.14324	-1112.11588	7.58950	650.96105	-1060.94380	-162.67222	637.87771	-1201.59437	-81.45081	690.98415	-1184.58691	-147.73005	682.62098	-1168.73726	-29.71575	366.37304	-1225.88292	24.48289	342.72776	-1343.76700	19.48693	88.84150	-1336.04336	-47.86529	111.24923	-1373.18412	-16.68516	133.50856	-1297.50352	-19.09989	72.21281	-933.59647	-95.17230	419.78348	-956.26669	-154.41423	373.12730	-1004.72621	-207.08191	116.51445	-1028.88188	-141.35631	115.61676	-1054.63219	-182.54420	145.04674	-969.54752	-165.18241	97.83516	-988.39950	-227.59690	477.94872	-1202.59402	91.31863	467.12427	-962.67834	-240.33442	277.14308	-1280.07035	87.41977	233.93791	
182	1.810	-1157.37362	-84.19776	972.89881	-1162.48307	-105.34086	785.78047	-1024.35178	-65.16948	936.86269	-1099.50779	7.39925	647.57599	-1048.28864	-162.93039	634.39878	-1188.79909	-81.86068	687.83336	-1171.81851	-148.19485	679.36053	-1159.08331	-29.97100	362.97436	-1216.49385	24.18267	340.28707	-1340.93638	20.02864	89.74492	-1333.28407	-47.31409	112.06577	-1369.32412	-15.81045	135.31388	-1295.66342	-18.96661	71.85993	-922.71426	-91.17361	416.61971	-943.62951	-151.36659	369.73482	-985.91588	-205.76737	111.51517	-1011.53064	-140.49125	110.33071	-1037.22491	-182.24162	139.10776	-951.08923	-163.11328	94.04779	-975.01357	-225.13786	474.31716	-1191.57315	91.08348	464.35427	-946.21085	-237.66722	273.28247	-1272.83877	87.46160	232.83822	
183	1.820	-1144.02999	-86.50085	969.11994	-1148.67666	-106.07490	782.27127	-1010.94045	-66.48526	933.88634	-1086.31459	7.22395	644.00644	-1035.26378	-163.20733	631.11123	-1175.51107	-82.00053	684.75443	-1158.60425	-148.44959	676.41043	-1148.50176	-30.57808	359.38227	-1206.07992	23.56177	337.54535	-1337.30094	20.46636	90.84059	-1329.91411	-46.87524	113.01118	-1364.61080	-14.95489	137.34337	-1293.34293	-19.06596	71.55415	-912.23528	-87.56087	412.52886	-931.91706	-148.64891	365.59310	-970.71233	-204.54633	106.58163	-997.37775	-139.58954	105.34540	-1022.95034	-181.77398	133.62112	-936.15419	-161.28494	90.20098	-962.01213	-222.91918	470.13479	-1179.70517	90.64001	461.23678	-932.05265	-235.21521	268.97917	-1264.41927	87.23422	231.56334	
184	1.830	-1130.62474	-88.79182	965.44139	-1134.48246	-106.53672	778.85462	-997.42847	-67.80146	931.26423	-1072.61593	7.05259	640.30777	-1021.94768	-163.51185	628.11851	-1161.81780	-81.86211	681.81025	-1145.03197	-148.47913	673.85438	-1137.04144	-31.56898	355.64201	-1194.67825	22.60874	334.53126	-1332.76155	20.80222	92.11281	-1325.86101	-46.54306	114.08599	-1358.96432	-14.10800	139.56836	-1290.44503	-19.39456	71.31505	-902.01696	-84.54672	407.79828	-921.00869	-146.41567	360.95281	-959.02940	-203.56446	101.91233	-986.31358	-138.77890	100.86119	-1011.71403	-181.25549	128.79069	-924.62878	-159.85212	86.47716	-949.40862	-221.08162	465.62785	-1167.02174	89.97068	457.80521	-920.14603	-233.15681	264.46600	-1254.77940	86.72682	230.10339	
185	1.840	-1117.17833	-90.99335	961.95522	-1119.96990	-106.69084	775.62552	-983.83899	-69.07190	929.04257	-1058.49976	6.86093	636.55437	-1008.43883	-163.86947	625.52779	-1147.81570	-81.44499	679.07852	-1131.20509	-148.27496	671.77686	-1124.77950	-32.97229	351.82716	-1182.35479	21.31885	331.30528	-1327.23851	21.03247	93.54943	-1321.05470	-46.31917	115.29266	-1352.32764	-13.27619	141.95754	-1286.86507	-19.94209	71.17398	-891.97153	-82.32390	402.75377	-910.80286	-144.80537	356.10484	-950.56669	-202.94304	97.69417	-978.07043	-138.18383	97.05458	-1003.24813	-180.81892	124.78407	-916.21844	-158.92486	83.04756	-937.24375	-219.76118	461.05034	-1153.56258	89.06238	454.12243	-910.29884	-231.64858	259.98037	-1243.93575	85.93091	228.47708	
186	1.850	-1103.71559	-93.02141	958.75836	-1105.22028	-106.51410	772.68607	-970.20139	-70.24665	927.26566	-1044.05712	6.61423	632.84022	-994.84588	-164.31801	623.44473	-1133.60234	-80.75960	676.65012	-1117.23270	-147.83838	670.25964	-1111.80773	-34.80667	348.03979	-1169.19450	19.69580	327.96070	-1320.67534	21.14498	95.14759	-1315.42361	-46.21591	116.63707	-1344.66715	-12.48908	144.48247	-1282.49115	-20.69162	71.17475	-882.07210	-81.04604	397.72276	-901.22709	-143.92985	351.34781	-944.84830	-202.76493	94.07788	-972.25330	-137.91089	94.05649	-997.14544	-180.59890	121.71159	-910.48203	-158.55774	80.05059	-925.57747	-219.07451	456.66019	-1139.37528	87.90818	450.28332	-902.20896	-230.80923	255.73513	-1231.95357	84.84132	226.73981	
187	1.860	-1090.26558	-94.79065	955.94977	-1090.32232	-105.99879	770.14149	-956.55117	-71.27535	925.97696	-1029.37754	6.27163	629.27694	-981.27671	-164.90107	621.96685	-1119.26913	-79.82994	674.62473	-1103.21922	-147.18339	669.37695	-1098.21750	-37.07288	344.40645	-1155.29051	17.75393	324.62035	-1313.04057	21.11800	96.91713	-1308.89106	-46.25809	118.12812	-1335.97123	-11.80310	147.12141	-1277.20536	-21.62001	71.37177	-872.34993	-80.81160	392.99736	-892.24368	-143.86526	346.95488	-941.28891	-203.06661	91.15883	-968.38735	-138.03528	91.93632	-992.91468	-180.71260	119.61243	-906.88606	-158.74821	77.57666	-914.47782	-219.10505	452.69419	-1124.51649	86.50921	446.41416	-895.51196	-230.70951	251.89465	-1218.94217	83.45845	224.98752	
188	1.870	-1076.86067	-96.22075	953.62640	-1075.36694	-105.15461	768.09479	-942.92899	-72.11058	925.21900	-1014.54548	5.79173	625.98912	-967.82794	-165.66030	621.17641	-1104.89558	-78.69508	673.10417	-1089.25518	-146.33845	669.19029	-1084.08572	-39.74590	341.07008	-1140.73415	15.52043	321.42938	-1304.32692	20.92057	98.88070	-1301.37271	-46.48260	119.77554	-1326.24640	-11.30130	149.86049	-1270.88580	-22.69867	71.82562	-862.88421	-81.65294	388.80424	-883.85076	-144.64575	343.14572	-939.27376	-203.83667	88.96771	-965.97348	-138.59096	90.69510	-990.04590	-181.24128	118.45132	-904.86862	-159.44283	75.66207	-904.00912	-219.89232	449.34551	-1109.05406	84.87633	442.66839	-889.84166	-231.36854	248.56124	-1205.04604	81.79135	223.35470	
189	1.880	-1063.53494	-97.24307	951.87799	-1060.44195	-104.00937	766.64035	-929.37886	-72.71104	925.03186	-999.63778	5.13839	623.10719	-954.57622	-166.62800	621.13393	-1090.54540	-77.40858	672.18440	-1075.41017	-145.34630	669.74344	-1069.46418	-42.76886	338.17911	-1125.60716	13.03699	318.54477	-1294.54706	20.51443	101.07015	-1292.77593	-46.93587	121.58623	-1315.51141	-11.08863	152.69190	-1263.40961	-23.89507	72.59640	-853.78716	-83.53241	385.28693	-876.07865	-146.26016	340.06886	-938.23513	-205.01973	87.47296	-964.54139	-139.56553	90.26907	-988.07234	-182.21583	118.12661	-903.90082	-160.54909	74.29243	-894.22191	-221.42650	446.74761	-1093.06948	83.03159	439.21846	-884.88899	-232.75546	245.77468	-1190.43218	79.86066	222.00579	
190	1.890	-1050.32192	-97.80688	950.78148	-1045.62714	-102.60782	765.85733	-915.94545	-73.04417	925.45030	-984.72203	4.28619	620.75850	-941.57247	-167.82110	621.87324	-1076.26504	-76.03568	671.94709	-1061.72902	-144.26157	671.05857	-1054.37367	-46.05085	335.87519	-1109.97654	10.36009	316.12270	-1283.72638	19.85751	103.51959	-1283.00156	-47.66911	123.56002	-1303.78953	-11.28250	155.60989	-1254.65695	-25.17516	73.73587	-845.18760	-86.34600	382.50353	-868.98208	-148.65210	337.79678	-937.70956	-206.52432	86.59383	-963.69055	-140.90079	90.54256	-986.61619	-183.60958	118.48815	-903.53439	-161.94940	73.41365	-885.14623	-223.64918	444.96700	-1076.65900	81.00891	436.24428	-880.44425	-234.79514	243.52393	-1175.27381	77.70029	221.12001	
191	1.900	-1037.25175	-97.88443	950.39540	-1030.99050	-101.00888	765.80340	-902.67074	-73.08809	926.49967	-969.85593	3.22455	619.05732	-928.83955	-169.23749	623.39875	-1062.08434	-74.64799	672.45175	-1048.23143	-143.14622	673.13363	-1038.80347	-49.47017	334.28132	-1093.89149	7.55929	314.30519	-1271.89318	18.90864	106.25620	-1271.94847	-48.73181	125.68602	-1291.10026	-11.99921	158.60531	-1244.51600	-26.50659	75.27953	-837.21539	-89.93427	380.43913	-862.62897	-151.72350	336.33344	-937.36649	-208.23370	86.22051	-963.11335	-142.49942	91.36754	-985.41100	-185.34045	119.36116	-903.42863	-163.51515	72.94720	-876.78845	-226.46001	444.00553	-1059.93202	78.85381	433.91893	-876.41316	-237.37644	241.76662	-1159.73145	75.35661	220.87093	
192	1.910	-1024.34824	-97.47424	950.75494	-1016.58578	-99.28128	766.50970	-889.59046	-72.83273	928.19118	-955.08733	1.96012	618.09506	-916.37358	-170.85509	625.68511	-1048.01916	-73.31665	673.72945	-1034.91493	-142.06325	675.94141	-1022.71570	-52.88354	333.49211	-1077.38167	4.71333	313.20739	-1259.06803	17.63319	109.29066	-1259.52029	-50.16412	127.94077	-1277.45164	-13.33761	161.66064	-1232.88849	-27.86236	77.24012	-829.98828	-94.09861	379.02848	-857.08651	-155.34176	335.63111	-937.00759	-210.01863	86.23637	-962.59936	-144.23723	92.58574	-984.29997	-187.28258	120.57145	-903.35542	-165.11928	72.80607	-869.13074	-229.72776	443.81086	-1043.00559	76.62161	432.39301	-872.80459	-240.36272	240.45043	-1143.93294	72.88483	221.40335	
193	1.920	-1011.62607	-96.60196	951.86830	-1002.45170	-97.49814	767.97750	-876.73048	-72.28005	930.51718	-940.45482	0.51706	617.93187	-904.14854	-172.63352	628.67902	-1034.07530	-72.10479	675.77848	-1021.76053	-141.06987	679.42994	-1006.05349	-56.14058	333.56738	-1060.45589	1.90421	312.90711	-1245.25395	16.00920	112.60890	-1245.63370	-51.98899	130.28875	-1262.83484	-15.36196	164.74649	-1219.69499	-29.22399	79.60370	-823.60130	-98.62073	378.18241	-852.40647	-159.35014	335.61120	-936.54318	-211.75124	86.53725	-962.02420	-145.97954	94.04937	-983.21513	-189.28578	121.96701	-903.18605	-166.64707	72.90824	-862.13199	-233.30370	444.29228	-1025.99471	74.37412	431.77943	-869.69594	-243.60380	239.53022	-1127.95475	70.34308	222.81093	
194	1.930	-999.08852	-95.31878	953.71463	-988.61259	-95.73124	770.17690	-864.10393	-71.44353	933.44699	-925.98878	-1.06470	618.59034	-892.12333	-174.51795	632.30256	-1020.25313	-71.06074	678.56236	-1008.74017	-140.21104	683.52398	-988.75143	-59.10118	334.52954	-1043.10093	-0.78979	313.43772	-1230.42938	14.03334	116.16690	-1230.22649	-54.20518	132.68516	-1247.22209	-18.08682	167.82052	-1204.87904	-30.58326	82.32869	-818.11840	-103.28278	377.81118	-848.61144	-163.58112	336.18411	-935.95641	-213.31862	87.04404	-961.32864	-147.59895	95.63689	-982.14621	-191.19872	123.43264	-902.86671	-168.00481	73.18579	-855.72926	-237.03536	445.33829	-1008.99958	72.17474	432.14063	-867.18729	-246.94879	238.97716	-1111.80770	67.78596	225.11860	
195	1.940	-986.72618	-93.69747	956.24380	-975.08034	-94.04528	773.04755	-851.70915	-70.34688	936.92405	-911.71256	-2.73295	620.05228	-880.25042	-176.44439	636.45742	-1006.55233	-70.21293	682.01011	-995.82468	-139.51445	688.12737	-970.74687	-61.65291	336.36479	-1025.28126	-3.30104	314.78557	-1214.54525	11.72581	119.88951	-1213.26401	-56.78232	135.08011	-1230.56836	-21.46683	170.82858	-1188.40912	-31.94173	85.34796	-813.56580	-107.88634	377.83976	-845.68475	-167.87144	337.26375	-935.26616	-214.63437	87.70701	-960.49464	-148.99177	97.26193	-981.10824	-192.89127	124.89579	-902.39029	-169.12611	73.58889	-849.83987	-240.77914	446.83243	-992.09178	70.08281	433.48038	-865.35705	-250.25908	238.77875	-1095.43006	65.25976	228.27329	
196	1.950	-974.51669	-91.82626	959.37805	-961.85702	-92.49313	776.50138	-839.52901	-69.02233	940.86492	-897.64363	-4.42814	622.25862	-868.48465	-178.34582	641.02959	-992.97597	-69.56725	686.01849	-982.99132	-138.98764	693.12580	-951.99059	-63.72484	339.02733	-1006.94057	-5.57793	316.89209	-1197.52688	9.13342	123.67323	-1194.74208	-59.65915	137.42253	-1212.81642	-25.39398	173.70731	-1170.27791	-33.30777	88.57320	-809.92732	-112.26857	378.21331	-843.56590	-172.07724	338.77486	-934.49703	-215.64655	88.50258	-959.52345	-150.09013	98.87489	-980.11506	-194.27163	126.32407	-901.77068	-169.97552	74.08511	-844.36516	-244.41086	448.66499	-975.30246	68.14844	435.74153	-864.22945	-253.42017	238.93186	-1078.69026	62.80127	232.14532	
197	1.960	-962.42590	-89.80152	963.01527	-948.93776	-91.11214	780.42693	-827.53171	-67.50834	945.16034	-883.79450	-6.08902	625.11241	-856.79133	-180.15837	645.89412	-979.53367	-69.10714	690.45597	-970.22989	-138.61748	698.39004	-932.45570	-65.29485	342.44567	-988.00653	-7.58759	319.66075	-1179.28032	6.32967	127.39259	-1174.68555	-62.74555	139.66259	-1193.90395	-29.70384	176.38712	-1150.49871	-34.69132	91.90086	-807.14215	-116.31461	378.89378	-842.15259	-176.08706	340.65350	-933.66073	-216.34105	89.42463	-958.41949	-150.86823	100.45827	-979.16296	-195.29573	127.71647	-901.02365	-170.54917	74.65547	-839.19710	-247.83371	450.73937	-958.61561	66.40888	438.81060	-863.75999	-256.35130	239.43220	-1061.40013	60.44036	236.54094	
198	1.970	-950.41009	-87.71975	967.03359	-936.31344	-89.92204	784.69481	-815.67292	-65.84732	949.67844	-870.17310	-7.65851	628.48456	-845.15242	-181.82718	650.91975	-966.24311	-68.79614	695.16812	-957.54662	-138.37186	703.77956	-912.14416	-66.38886	346.52980	-968.39953	-9.31554	322.96764	-1159.70206	3.41162	130.90905	-1153.14247	-65.92842	141.75181	-1173.77114	-34.19043	178.79453	-1129.09981	-36.09730	95.21876	-805.10599	-119.96480	379.85103	-841.30895	-179.83048	342.84271	-932.74918	-216.74029	90.47371	-957.18118	-151.34231	102.01765	-978.22485	-195.96846	129.09112	-900.15604	-170.87254	75.28873	-834.22805	-250.98340	452.97370	-941.96888	64.88765	442.52865	-863.83905	-259.01143	240.26456	-1043.33768	58.20513	241.22422	
199	1.980	-938.41927	-85.66995	971.29697	-923.97264	-88.92440	789.16382	-803.89927	-64.08313	954.26996	-856.78259	-9.08910	632.22151	-833.57008	-183.31115	655.97348	-953.12993	-68.58234	699.98406	-944.96538	-138.20319	709.14648	-891.09037	-67.07212	351.17815	-948.04504	-10.76265	326.67430	-1138.69047	0.49358	134.08111	-1130.17473	-69.08059	143.64082	-1152.36735	-38.62774	180.85340	-1106.11772	-37.51906	98.41268	-803.67636	-123.21590	381.05226	-840.87818	-183.28074	345.28620	-931.73705	-216.89771	91.64695	-955.79853	-151.56472	103.57090	-977.25364	-196.33773	130.47274	-899.16259	-170.99544	75.97553	-829.36275	-253.83003	455.29895	-925.26266	63.59610	446.70705	-864.30994	-261.40008	241.39640	-1024.27673	56.12699	245.94485	
200	1.990	-926.40116	-83.72698	975.66106	-911.90280	-88.10361	793.68723	-792.15255	-62.25883	958.77495	-843.62066	-10.34723	636.15419	-822.06721	-184.58632	660.92497	-940.22569	-68.40392	704.72378	-932.52608	-138.05311	714.34009	-869.36184	-67.43452	356.28341	-926.88822	-11.94046	330.64060	-1116.15702	-2.30163	136.77445	-1105.84732	-72.07128	145.27605	-1129.65577	-42.79409	182.48522	-1081.59071	-38.93320	101.37279	-802.68201	-126.11519	382.45340	-840.69716	-186.45060	347.92258	-930.59015	-216.88911	92.93084	-954.25601	-151.61383	105.13761	-976.19138	-196.48320	131.88210	-898.02894	-170.98498	76.70366	-824.53011	-256.37658	457.65553	-908.37672	62.53671	451.14571	-864.99414	-263.55253	242.77617	-1004.01863	54.24331	250.46676	
201	2.000	-914.30543	-81.94657	979.97928	-900.09038	-87.42913	798.11887	-780.37439	-60.41470	963.03051	-830.67830	-11.41605	640.10745	-810.68479	-185.64738	665.65056	-927.56407	-68.19519	709.20599	-920.28019	-137.85783	719.21177	-847.05742	-67.57346	361.73664	-904.90845	-12.86630	334.73570	-1092.03569	-4.85266	138.87079	-1080.21837	-74.77661	146.59642	-1105.61588	-46.49514	183.60907	-1055.55397	-40.29711	103.99921	-801.93587	-128.74794	383.99427	-840.61035	-189.38227	350.68188	-929.27637	-216.80176	94.29806	-952.53854	-151.58097	106.73072	-974.98133	-196.50187	133.32905	-896.73835	-170.91692	77.45511	-819.69191	-258.65375	459.98985	-891.19149	61.70656	455.65099	-865.71720	-265.52940	244.33570	-982.42069	52.59629	254.59269	
202	2.010	-902.08768	-80.36246	984.10828	-888.52009	-86.85876	802.31853	-768.51083	-58.58658	966.87881	-817.93843	-12.29636	643.90909	-799.47637	-186.50714	670.03705	-915.17570	-67.89225	713.25624	-908.28400	-137.55349	723.62031	-824.30329	-67.57797	367.42943	-882.13099	-13.55946	338.84531	-1066.28943	-7.04911	140.27473	-1053.33262	-77.08859	147.53197	-1080.24399	-49.58135	184.14220	-1028.03775	-41.55006	106.20676	-801.24981	-131.21949	385.59824	-840.48074	-192.13322	353.48510	-927.77655	-216.72247	95.70812	-950.63869	-151.55643	108.35110	-973.58000	-196.49219	134.80950	-895.28012	-170.86637	78.20522	-814.84570	-260.71160	462.25172	-873.60995	61.09959	460.05035	-866.32984	-267.40235	245.99547	-959.41636	51.22857	258.18050	
203	2.020	-889.71294	-78.98567	987.91297	-877.17345	-86.34245	806.15656	-756.51623	-56.80465	970.17491	-805.37463	-13.00546	647.39800	-788.50024	-187.19382	673.98464	-903.08209	-67.43782	716.71495	-896.59024	-137.08100	727.43740	-801.24733	-67.51766	373.25406	-858.63331	-14.03926	342.87435	-1038.91356	-8.79939	140.91803	-1025.22010	-78.92154	148.00510	-1053.55297	-51.95732	184.00201	-999.06915	-42.61794	107.92844	-800.44942	-133.63489	387.17577	-840.19706	-194.76070	356.24654	-926.09346	-216.72573	97.11131	-948.56302	-151.61597	109.98556	-971.96713	-196.53845	136.30611	-893.65744	-170.89878	78.92379	-810.02081	-262.60874	464.39303	-855.57570	60.70693	464.20165	-866.72213	-269.23839	247.67139	-935.02385	50.17725	261.14912	
204	2.030	-877.15820	-77.80589	991.27048	-866.02686	-85.82657	809.51748	-744.35625	-55.09261	972.79365	-792.95024	-13.57428	650.43089	-777.81024	-187.74664	677.40932	-891.28953	-66.78504	719.44477	-885.23897	-136.39015	730.55287	-778.05236	-67.43852	379.10219	-834.54457	-14.32520	346.74516	-1009.93687	-10.03589	140.76133	-995.90112	-80.21561	147.93512	-1025.57262	-53.58204	183.11017	-968.67827	-43.42116	109.11744	-799.38658	-136.07976	388.63048	-839.67667	-197.30771	358.87825	-924.25769	-216.86333	98.45454	-946.33610	-151.80952	111.60791	-970.15203	-196.69704	137.79169	-891.89314	-171.06216	79.57777	-805.26830	-264.40076	466.36731	-837.08320	60.51555	467.99605	-866.83066	-271.08559	249.28192	-909.34246	49.46812	263.47396	
205	2.040	-864.41382	-76.79467	994.07340	-855.04959	-85.25804	812.30251	-732.00963	-53.46727	974.63541	-780.61813	-14.04288	652.88730	-767.44614	-188.21022	680.24414	-879.78367	-65.89986	721.33691	-874.24895	-135.44270	732.87932	-754.88846	-67.36581	384.86252	-810.03797	-14.43870	350.39218	-979.42213	-10.71733	139.79369	-965.39783	-80.93767	147.24543	-996.35191	-54.46132	181.39868	-936.90859	-43.88466	109.74750	-797.94812	-138.60593	389.86644	-838.86493	-199.79313	361.29555	-922.32942	-217.15682	99.68809	-944.00137	-152.15349	113.18245	-968.17535	-196.98657	139.23440	-890.03206	-171.38163	80.13481	-800.64678	-266.12974	468.12996	-818.17842	60.50593	471.35518	-866.63990	-272.96285	250.75496	-882.53831	49.11160	265.17396	
206	2.050	-851.48374	-75.90991	996.23200	-844.20202	-84.58824	814.43127	-719.46867	-51.93842	975.63032	-768.32120	-14.45528	654.67293	-757.42486	-188.62850	682.43963	-868.52579	-64.76226	722.31600	-863.61063	-134.21447	734.35579	-731.92488	-67.31258	390.41828	-785.31692	-14.40578	353.75493	-947.46784	-10.82858	138.03055	-933.75111	-81.08030	145.87234	-965.96446	-54.63513	178.81751	-903.83126	-43.94838	109.81179	-796.05911	-141.22443	390.79522	-837.73161	-202.20734	363.42268	-920.39540	-217.59401	100.77187	-941.61831	-152.62800	114.66904	-966.10564	-197.38310	140.60351	-888.13926	-171.85690	80.56707	-796.20733	-267.81668	469.63873	-798.94977	60.64967	474.22430	-866.17905	-274.85533	252.03395	-854.82344	49.10049	266.29369	
207	2.060	-838.38454	-75.10108	997.67592	-833.43444	-83.77657	815.84263	-706.73852	-50.50897	975.74084	-755.99399	-14.85406	655.72140	-747.73359	-189.03932	683.96320	-857.45143	-63.36634	722.34316	-853.28177	-132.69645	734.95009	-709.32181	-67.29068	395.64539	-760.59754	-14.25943	356.77122	-914.21307	-10.37903	135.51076	-901.04113	-80.65972	143.77402	-934.51756	-54.16351	175.34270	-869.56207	-43.57663	109.32036	-793.68057	-143.90656	391.34167	-836.26499	-204.51371	365.19761	-918.56087	-218.13044	101.68055	-939.25614	-153.17944	116.02876	-964.03080	-197.82201	141.87491	-886.29414	-172.46331	80.85453	-791.98003	-269.45837	470.85455	-779.51170	60.90830	476.56395	-865.51455	-276.71596	253.08268	-826.43314	49.40971	266.88473	
208	2.070	-825.14349	-74.31467	998.35531	-822.68674	-82.79329	816.49523	-693.83540	-49.17539	974.96286	-743.56523	-15.27539	655.99480	-738.32575	-189.47010	684.79795	-846.47189	-61.71957	721.41721	-843.18645	-130.89511	734.65965	-687.22261	-67.32102	400.41238	-736.09033	-14.04091	359.37255	-879.84617	-9.40013	132.29320	-867.40883	-79.71337	140.93785	-902.16453	-53.11454	170.98365	-834.27933	-42.76479	108.29681	-790.80173	-146.59208	391.44776	-834.46403	-206.65509	366.57528	-916.93674	-218.69562	102.40671	-936.98470	-153.72829	117.22922	-962.04497	-198.20640	143.03545	-884.58098	-173.15603	80.98709	-787.96401	-271.02883	471.74253	-759.98481	61.23355	478.34265	-864.73817	-278.47243	253.88822	-797.60657	49.99726	266.99035	
209	2.080	-811.79586	-73.49918	998.24178	-811.88929	-81.62177	816.36778	-680.78422	-47.92829	973.32528	-730.96147	-15.74510	655.48345	-729.12043	-189.93544	684.94085	-835.47880	-59.84158	719.57405	-833.21794	-128.83204	733.51094	-665.74711	-67.43964	404.58275	-711.98410	-13.79910	361.48296	-844.61685	-7.94288	128.45328	-833.07521	-78.29750	137.38507	-869.11856	-51.55685	165.78825	-798.24009	-41.54206	106.77466	-787.42812	-149.20178	391.07411	-832.32890	-208.56351	367.52870	-915.62323	-219.20359	102.96156	-934.86347	-154.18112	118.24896	-960.23234	-198.42138	144.08578	-883.07719	-173.87697	80.96506	-784.12150	-272.48481	472.27313	-740.47701	61.56989	479.53248	-863.94992	-280.03797	254.46110	-768.57468	50.80657	266.63652	
210	2.090	-798.38169	-72.60951	997.32941	-800.96496	-80.25996	815.45952	-667.61572	-46.75339	970.88842	-718.11177	-16.27595	654.20537	-720.00564	-190.43644	684.40103	-824.35150	-57.76268	716.88459	-823.24525	-126.54314	731.55768	-644.98689	-67.69755	408.02043	-688.43505	-13.58740	363.02183	-808.84919	-6.07528	124.07959	-798.35516	-76.48457	133.17201	-835.66579	-49.55725	159.84498	-761.79175	-39.96973	104.79416	-783.56736	-151.65155	390.19937	-829.85019	-210.17097	368.04753	-914.69180	-219.56611	103.37332	-932.93018	-154.44503	119.08018	-958.64947	-198.35232	145.04113	-881.84080	-174.56322	80.79798	-780.37586	-273.77376	472.42338	-721.06988	61.85908	480.10826	-863.23621	-281.32407	254.83228	-739.55744	51.76992	265.83041	
211	2.100	-784.94250	-71.61021	995.63575	-789.83255	-78.72113	813.79102	-654.36359	-45.63271	967.74135	-704.95320	-16.86620	652.20562	-710.84498	-190.96185	683.19826	-812.96683	-55.52256	713.45152	-813.12285	-124.07751	728.87818	-625.00311	-68.15384	410.59843	-665.56240	-13.45821	363.91046	-772.95201	-3.87933	119.27069	-763.66254	-74.36003	128.38804	-802.17395	-47.18249	153.28132	-725.37576	-38.13493	102.40014	-779.21466	-153.86451	388.81779	-826.99788	-211.41928	368.13451	-914.16773	-219.70659	103.68325	-931.19025	-154.44232	119.72978	-957.30876	-197.90427	145.93022	-880.89897	-175.15572	80.50207	-776.61268	-274.84229	472.17763	-701.81336	62.04677	480.05034	-862.64477	-282.25306	255.04674	-710.77010	52.81344	264.56581	
212	2.110	-771.51812	-70.47781	993.20304	-778.41132	-77.03369	811.40525	-641.06181	-44.54616	963.99852	-691.43679	-17.49935	649.55586	-701.48735	-191.49026	681.36211	-801.21005	-53.16906	709.40534	-802.70259	-121.49598	725.57213	-605.82775	-68.86296	412.21023	-643.45123	-13.45525	364.08170	-737.42193	-1.44710	114.13218	-729.50373	-72.01782	123.15091	-769.09283	-44.50292	146.25887	-689.52067	-36.14049	99.64151	-774.34039	-155.77933	386.93585	-823.71152	-212.26730	367.80014	-914.01592	-219.57242	103.94030	-929.60871	-154.12306	120.21890	-956.16502	-197.01950	146.79244	-880.23906	-175.60673	80.09697	-772.68336	-275.64356	471.52763	-682.73000	62.09046	479.34990	-862.15962	-282.76876	255.15431	-682.43562	53.86349	262.83330	
213	2.120	-758.14400	-69.20193	990.09929	-766.62640	-75.24018	808.36898	-627.74254	-43.47355	959.79572	-677.53354	-18.14489	646.35385	-691.77838	-191.99272	678.93192	-788.98614	-50.75728	704.90004	-791.84641	-118.86945	721.75731	-587.46841	-69.85860	412.78293	-622.16151	-13.60459	363.49105	-702.83455	1.12481	108.77428	-696.45776	-69.55427	117.60060	-736.94349	-41.59526	138.96568	-654.82258	-34.09243	96.57231	-768.88173	-157.35365	384.56889	-819.89336	-212.69483	367.05701	-914.13216	-219.14369	104.19500	-928.10566	-153.47350	120.58119	-955.10760	-195.69000	147.67401	-879.80328	-175.88503	79.60278	-768.41076	-276.14231	470.47205	-663.82782	61.96802	478.01569	-861.68047	-282.84401	255.19899	-654.79866	54.85455	260.63175	
214	2.130	-744.84926	-67.78559	986.41893	-754.41466	-73.39534	804.77389	-614.43465	-42.39673	955.28558	-663.23967	-18.75974	642.72261	-681.57259	-192.43528	675.95771	-776.22976	-48.34855	700.10852	-780.43858	-116.27657	717.56636	-569.91667	-71.13725	412.29033	-601.74152	-13.90567	362.12790	-669.82075	3.74226	103.30994	-665.14265	-67.06055	111.89261	-706.29406	-38.54241	131.60682	-621.91276	-32.08666	93.25410	-762.73999	-158.56267	381.73878	-815.40634	-212.70276	365.91502	-914.34168	-218.43663	104.49411	-926.55611	-152.51902	120.86056	-953.95958	-193.96266	148.62365	-879.48779	-175.97810	79.03826	-763.59646	-276.31699	469.01562	-645.11944	61.68567	476.08073	-861.01145	-282.48394	255.20882	-628.13568	55.73829	257.97850	
215	2.140	-731.65564	-66.24472	982.28273	-741.73051	-71.56321	800.73703	-601.16291	-41.30205	950.63274	-648.58047	-19.29029	638.80880	-670.74491	-192.78072	672.50182	-762.91289	-46.00914	695.21775	-768.39596	-113.80092	713.14377	-553.15916	-72.64494	410.76405	-582.24305	-14.32378	360.02496	-639.02732	6.32177	97.85369	-636.16996	-64.61439	106.19147	-677.72244	-35.42936	124.39404	-591.41401	-30.19717	89.75870	-755.78421	-159.39416	378.47341	-810.07814	-212.30993	364.37905	-914.40570	-217.50123	104.87689	-924.79435	-151.32080	121.10880	-952.48478	-191.93567	149.68868	-879.14585	-175.89119	78.42109	-758.02981	-276.15911	467.16854	-626.64327	61.28398	473.60776	-859.86299	-281.72497	255.18855	-602.75626	56.49273	254.91568	
216	2.150	-718.57735	-64.60719	977.83629	-728.55094	-69.81336	796.40003	-587.94813	-40.18251	946.00871	-633.61191	-19.67494	634.77960	-659.20023	-192.98962	668.64100	-749.04897	-43.80818	690.42335	-755.67511	-111.52705	708.64280	-537.19005	-74.27006	408.30014	-563.73542	-14.78579	357.26427	-611.06475	8.79829	92.52057	-610.09182	-62.27240	100.66427	-651.76878	-32.33579	117.53501	-563.88992	-28.46751	86.17017	-747.86079	-159.84159	374.80860	-803.71147	-211.54758	362.45003	-914.03584	-216.41313	105.37399	-922.62258	-149.96696	121.38356	-950.40253	-189.74654	150.91214	-878.59460	-175.64377	77.77032	-751.49826	-275.67050	464.94696	-608.48209	60.84077	470.69246	-857.86896	-280.62920	255.11724	-578.99270	57.13030	251.51230	
217	2.160	-705.62189	-62.91137	973.24684	-714.87919	-68.21620	791.92640	-574.80771	-39.03965	941.58643	-618.41945	-19.84722	630.81765	-646.88037	-193.02075	664.46854	-734.69279	-41.81451	685.92345	-742.27563	-109.53563	704.22223	-522.02299	-75.84478	405.05911	-546.31556	-15.18072	353.97798	-586.44819	11.13136	87.42457	-587.34724	-60.06464	95.47405	-628.88356	-29.32726	111.22232	-539.79300	-26.90724	82.58457	-738.80797	-159.89704	370.79214	-796.09962	-210.45256	360.12970	-912.91482	-215.26147	106.00913	-919.82273	-148.55937	121.74670	-947.40884	-187.55319	152.33128	-877.62413	-175.26421	77.11082	-743.79857	-274.85930	462.37479	-590.77438	60.46928	467.46358	-854.61822	-279.27506	254.95216	-557.17820	57.70250	247.86215	
218	2.170	-692.79156	-61.20431	968.69798	-700.74672	-66.83778	787.49648	-561.75690	-37.88470	937.53463	-603.11370	-19.73953	627.11377	-633.76769	-192.83119	660.09563	-719.93608	-40.09218	681.91130	-728.23920	-107.89747	700.04247	-507.70014	-77.15612	401.25771	-530.11190	-15.36622	350.34303	-565.54106	13.30767	82.67565	-568.21581	-57.99281	90.77229	-609.37932	-26.44757	105.62239	-519.41943	-25.49400	79.10672	-728.47274	-159.54581	366.48930	-787.04525	-209.06045	357.42858	-910.72102	-214.13462	106.80323	-916.17012	-147.19831	122.26285	-943.20163	-185.51119	153.97746	-876.00768	-174.78397	76.47874	-734.74819	-273.73571	459.48714	-573.71482	60.31078	464.07951	-849.69659	-277.74506	254.63903	-537.61699	58.29895	244.07865	
219	2.180	-680.08551	-59.53956	964.38217	-686.21285	-65.73418	783.30013	-548.81003	-36.73883	934.01193	-587.82305	-19.28743	623.85750	-619.88527	-192.37690	655.65160	-704.89920	-38.69487	678.56682	-713.64489	-106.66693	696.26056	-494.29611	-77.96657	397.15242	-515.28053	-15.18133	346.56929	-548.51184	15.33919	78.37482	-552.78700	-56.03311	86.69044	-593.39518	-23.71472	100.86474	-502.87793	-24.18083	75.84380	-716.72775	-158.76410	361.98834	-776.37966	-207.40006	354.37553	-907.15399	-213.10657	107.77985	-911.44746	-145.96761	122.99779	-937.50730	-183.75086	155.87705	-873.51161	-174.23239	75.92631	-724.19587	-272.30849	456.33487	-557.54225	60.52116	460.72085	-842.73321	-276.11255	254.12730	-520.55280	59.03928	240.28775	
220	2.190	-667.50183	-57.97449	960.49146	-671.36221	-64.94616	779.52700	-535.98183	-35.63237	931.16070	-572.68399	-18.43452	621.22599	-605.29415	-191.61406	651.28220	-689.71987	-37.65964	676.04708	-698.60121	-105.87538	693.02417	-481.91487	-78.04254	393.01584	-501.99338	-14.46463	342.88215	-535.31365	17.25682	74.60761	-540.95131	-54.14365	83.33107	-580.88172	-21.12245	97.03286	-490.07908	-22.90741	72.89686	-703.48542	-157.52043	357.40437	-763.97964	-205.49012	351.02684	-901.95760	-212.22613	108.97005	-905.45746	-144.92270	124.01583	-930.10493	-182.35808	158.05255	-869.90427	-173.63296	75.52427	-712.03089	-270.58285	452.98938	-542.51588	61.25236	457.57920	-833.44377	-274.42998	253.38779	-506.14223	60.05755	236.61958	
221	2.200	-655.03949	-56.56706	957.20668	-656.30011	-64.49458	776.35530	-523.28822	-34.60284	929.10097	-557.82999	-17.13743	619.37211	-590.08782	-190.50157	647.14562	-674.54056	-37.00095	674.47654	-683.23634	-105.52559	690.46429	-470.67912	-77.18680	389.10953	-490.41905	-13.07586	339.50185	-525.69245	19.10032	71.43753	-532.41590	-52.27557	80.75998	-571.61034	-18.64750	94.15859	-480.74816	-21.61301	70.35168	-688.70732	-155.78095	352.87995	-749.77979	-203.33874	347.47254	-894.93781	-211.51089	110.41486	-898.03281	-144.08348	125.37582	-920.84496	-181.36220	160.52276	-864.96340	-173.00160	75.36026	-698.19033	-268.56019	449.54639	-528.88322	62.63079	454.84262	-821.66381	-272.72128	252.42911	-494.43922	61.48115	233.19958	
222	2.210	-642.69970	-55.37206	954.68618	-641.14605	-64.37723	773.93995	-510.74652	-33.69222	927.92440	-543.38056	-15.37044	618.41316	-574.38514	-189.00476	643.40577	-659.49625	-36.70630	673.93791	-667.68755	-105.58842	688.68746	-460.71270	-75.26988	385.65772	-480.69900	-10.91766	336.62258	-519.22340	20.90649	68.90128	-526.74211	-50.38594	79.00149	-565.20573	-16.26189	92.22197	-474.45969	-20.24882	68.27137	-672.40767	-153.51746	348.58126	-733.77868	-200.94568	343.83787	-885.97265	-210.94672	112.16337	-889.04249	-143.43317	127.12523	-909.65932	-180.73306	163.30124	-858.48223	-172.34663	75.53213	-682.66395	-266.23947	446.12720	-516.84542	64.73652	452.67935	-807.36670	-270.98042	251.30890	-485.39314	63.40780	230.14011	
223	2.220	-630.48653	-54.43689	953.05505	-626.02627	-64.56770	772.40119	-498.37493	-32.94333	927.68884	-529.43190	-13.12918	618.42147	-558.32209	-187.09973	640.22317	-644.70413	-36.73444	674.46487	-652.09143	-106.00259	687.76787	-452.11878	-72.25439	382.82686	-472.92231	-7.95397	334.39505	-515.36831	22.69771	67.00764	-523.39793	-48.45028	78.03811	-561.19461	-13.94763	91.15763	-470.68803	-18.78763	66.69196	-654.65084	-150.71667	344.68943	-716.03848	-198.30675	340.27857	-875.01331	-210.49226	114.26597	-878.39413	-142.92282	129.29289	-896.56147	-180.38736	166.39236	-850.27449	-171.67000	76.13646	-665.49663	-263.62020	442.87622	-506.52653	67.58748	451.22173	-790.66367	-269.17683	250.13676	-478.86006	65.88533	227.53356	
224	2.230	-618.40664	-53.79725	952.39586	-611.06579	-65.01677	771.81513	-486.19117	-32.39597	928.41377	-516.05052	-10.43267	619.41820	-542.04333	-184.77781	637.74377	-630.25669	-37.01737	676.03789	-636.57566	-106.67847	687.74075	-444.95728	-68.20676	380.71491	-467.10345	-4.22118	332.91531	-513.54206	24.47281	65.74055	-521.81525	-46.47218	77.81552	-559.06078	-11.71063	90.86713	-468.86447	-17.22932	65.62181	-635.54371	-147.38831	341.38780	-696.67851	-195.41938	336.97010	-862.07644	-210.08729	116.76293	-866.03263	-142.48051	131.88107	-881.63590	-180.20311	169.78529	-840.17924	-170.96880	77.25366	-646.78814	-260.70621	439.95394	-497.95279	71.13241	450.55285	-771.78574	-267.26643	249.06673	-474.62294	68.89852	225.44781	
225	2.240	-606.46825	-53.47313	952.74213	-596.38095	-65.65620	772.20729	-474.21069	-32.08311	930.07721	-503.27064	-7.32342	621.37123	-525.69405	-182.04909	636.08673	-616.21861	-37.46629	678.58381	-621.25312	-107.50581	688.59763	-439.22562	-63.29301	379.35159	-463.16706	0.17048	332.22113	-513.17509	26.20245	65.06543	-521.44222	-44.48785	78.25174	-558.29574	-9.58986	91.23507	-468.43144	-15.60168	65.04434	-615.22418	-143.57033	338.84660	-675.86380	-192.28826	334.09195	-847.22952	-209.66269	119.67067	-851.93579	-142.02298	134.85871	-865.01900	-180.03918	173.44699	-828.06582	-170.23639	78.93234	-626.69004	-257.50980	437.52545	-491.04616	75.25462	450.69828	-751.05046	-265.20521	248.27907	-472.41484	72.36596	223.92447	
226	2.250	-594.67947	-53.46566	954.07505	-582.07299	-66.40489	773.54999	-462.44438	-32.02747	932.61465	-491.09561	-3.86520	624.19748	-509.41266	-178.94431	635.33259	-602.62770	-37.98111	681.97975	-606.21839	-108.36484	690.28453	-434.84633	-57.75818	378.70812	-460.94266	5.04660	332.29556	-513.76135	27.83033	64.93675	-521.78347	-42.56415	79.24864	-558.43738	-7.65866	92.14531	-468.88573	-13.95629	64.92285	-593.84782	-139.32992	337.20756	-653.79025	-188.92969	331.80932	-830.57205	-209.15013	122.96886	-836.10814	-141.46774	138.15760	-846.87443	-179.75611	177.31627	-813.83870	-169.46265	81.17643	-605.39969	-254.05547	435.74572	-485.63301	79.78582	451.62438	-728.81854	-262.96170	247.95386	-471.93950	76.14795	222.97945	
227	2.260	-583.04626	-53.75533	956.32420	-568.22315	-67.17652	775.76397	-450.89650	-32.23897	935.92022	-479.50284	-0.13885	627.76931	-493.32470	-175.51447	635.51336	-589.49879	-38.46222	686.06076	-591.54655	-109.13926	692.70343	-431.66359	-51.89272	378.71252	-460.17070	10.18804	333.07545	-514.88644	29.28083	65.30440	-522.42534	-40.78955	80.70313	-559.09328	-6.01637	93.49383	-469.80655	-12.36014	65.20596	-571.57436	-134.75998	336.57084	-630.66785	-185.37382	330.25540	-812.21602	-208.48979	126.59188	-818.57423	-140.74326	141.67315	-827.36747	-179.23483	181.30094	-797.44186	-168.63342	83.93802	-583.15118	-250.38261	434.74371	-481.46588	84.52733	453.24361	-705.44738	-260.52471	248.24075	-472.88584	80.06406	222.60477	
228	2.270	-571.57037	-54.30201	959.37199	-554.88975	-67.88787	778.72414	-439.56288	-32.71325	939.85046	-468.45117	3.76353	631.92420	-477.53812	-171.82813	636.60609	-576.82973	-38.82278	690.63053	-577.29362	-109.72927	695.71700	-429.44981	-45.99241	379.26555	-460.51941	15.35755	334.46260	-516.23579	30.47249	66.11709	-523.04659	-39.25916	82.51588	-559.94930	-4.77085	95.19557	-470.86786	-10.88424	65.83251	-548.55576	-129.97167	336.98654	-606.70391	-181.66414	329.51717	-792.26889	-207.63520	130.42778	-799.37249	-139.79625	145.27066	-806.64293	-178.39013	185.27994	-778.86134	-167.72966	87.11832	-560.20304	-246.54628	434.60781	-478.25342	89.27438	455.42594	-681.24919	-257.90472	249.23142	-474.93564	83.91744	222.77063	
229	2.280	-560.24751	-55.04702	963.06160	-542.10702	-68.46673	782.26863	-428.42979	-33.43150	944.23057	-457.88917	7.74522	636.47645	-462.14015	-167.96651	638.53110	-564.60794	-38.99946	695.47388	-563.49809	-110.06263	699.15617	-427.92173	-40.31970	380.25368	-461.61036	20.32858	336.33487	-517.58709	31.33498	67.32210	-523.41809	-38.05639	84.59624	-560.76722	-4.01498	97.18459	-471.83729	-9.59103	66.73515	-524.92734	-125.08433	338.45235	-582.08792	-177.85446	329.62720	-770.82142	-206.55526	134.32573	-778.55041	-138.59504	148.79658	-784.81025	-177.17759	189.11106	-758.12501	-166.72710	90.57714	-536.82316	-242.61550	435.37506	-475.69255	93.83902	458.01438	-656.46030	-255.12938	250.94111	-477.76648	87.52157	223.42711	
230	2.290	-549.06616	-55.91702	967.20756	-529.88571	-68.85843	786.21044	-417.47375	-34.36155	948.86290	-447.76297	11.71166	641.22964	-447.19572	-164.01722	641.15542	-552.81632	-38.95999	700.36976	-550.18300	-110.10209	702.82996	-426.76431	-35.07397	381.55732	-463.04932	24.91170	338.55608	-518.79317	31.82617	68.86225	-523.39537	-37.23495	86.86306	-561.37632	-3.80230	99.40840	-472.56583	-8.52295	67.84267	-500.80290	-120.21434	340.91737	-556.97980	-174.00356	330.56297	-747.94183	-205.23386	138.11153	-756.16123	-137.12940	152.09339	-761.93753	-175.59337	192.64341	-735.29905	-165.59685	94.14937	-513.27179	-238.66888	437.02624	-473.49697	98.06824	460.84170	-631.22607	-252.23562	253.30423	-481.05338	90.72505	224.50570	
231	2.300	-538.00692	-56.82963	971.60808	-518.21495	-69.03029	790.35023	-406.66217	-35.46015	953.53719	-438.02225	15.57655	645.98863	-432.74717	-160.06749	644.30127	-541.43747	-38.70634	705.10354	-537.35795	-109.84824	706.53650	-425.65944	-30.37597	383.05476	-464.45806	28.97372	340.98402	-519.76226	31.94519	70.67173	-522.90772	-36.80529	89.24257	-561.66327	-4.12792	101.81919	-472.97287	-7.69440	69.08145	-476.27424	-115.46458	344.29154	-531.50304	-170.16885	332.25364	-723.67598	-203.66783	141.60796	-732.26182	-135.40721	155.01537	-738.05402	-173.66794	195.73233	-710.48112	-164.30753	97.66553	-489.78424	-234.78766	439.48747	-471.41786	101.85493	463.74562	-605.60256	-249.26116	256.18546	-484.47292	93.43016	225.92101	
232	2.310	-527.04289	-57.70001	976.05774	-507.06506	-68.97341	794.48912	-395.95495	-36.67637	958.04174	-428.62353	19.26665	650.57015	-418.81526	-156.19780	647.75877	-530.45575	-38.27315	709.47793	-525.02078	-109.33741	710.07464	-424.31559	-26.26761	384.62381	-465.50315	32.44708	343.47684	-520.44080	31.73805	72.67290	-521.94627	-36.72885	91.66494	-561.56334	-4.92006	104.36513	-473.03031	-7.08873	70.37690	-451.41511	-110.91588	348.45866	-505.74367	-166.39985	334.59278	-698.05252	-201.86397	144.65628	-706.91128	-133.44912	157.44248	-713.15915	-171.45536	198.25393	-683.79142	-162.82851	100.97222	-466.55530	-231.04718	442.63846	-469.25503	105.14140	466.58016	-579.57280	-246.23795	259.40393	-487.71250	95.60259	227.57336	
233	2.320	-516.14060	-58.44773	980.35971	-496.39080	-68.70196	798.44042	-385.30667	-37.95552	962.17489	-419.53057	22.72491	654.81154	-405.40083	-152.47674	651.30163	-519.85698	-37.72178	713.32168	-513.15876	-108.63514	713.25494	-422.49412	-22.72480	386.14317	-465.91849	35.32863	345.89870	-520.80212	31.29382	74.77571	-520.55206	-36.92169	94.06143	-561.05400	-6.04510	106.98436	-472.74833	-6.66091	71.65537	-426.28852	-106.62170	353.29073	-479.75549	-162.73292	337.45483	-671.09092	-199.83566	147.13419	-680.16992	-131.28211	159.28996	-687.23497	-169.02039	200.11609	-655.36285	-161.13352	103.94875	-443.72794	-227.50828	446.32583	-466.85891	107.91618	469.22223	-553.07334	-243.18846	262.76460	-490.48543	97.27082	229.35249	
234	2.330	-505.26183	-59.00338	984.33628	-486.13472	-68.25003	802.03935	-374.66933	-39.24351	965.75581	-410.71199	25.91184	658.57710	-392.48706	-148.95775	654.70384	-509.62612	-37.13113	716.49616	-501.74913	-107.82642	715.90962	-420.02838	-19.67828	387.49520	-465.51981	37.66945	348.12498	-520.84135	30.73186	76.88076	-518.80423	-37.26718	96.36358	-560.15034	-7.32589	109.60367	-472.16402	-6.34541	72.84712	-400.95666	-102.60626	358.66094	-453.57063	-159.18795	340.71186	-642.81031	-197.59931	148.96690	-652.09858	-128.93323	160.51219	-660.25934	-166.42591	201.26372	-625.33221	-159.20357	106.51702	-421.38798	-224.21015	450.37947	-464.12592	110.20614	471.57399	-526.02546	-240.12476	266.08948	-492.55061	98.51583	231.14291	
235	2.340	-494.36579	-59.31398	987.83716	-476.23025	-67.66674	805.15022	-363.99506	-40.49100	968.63381	-402.13704	28.80505	661.76225	-380.04194	-145.67784	657.75602	-499.74345	-36.58641	718.89953	-490.75924	-107.00404	717.90073	-416.83288	-17.03635	388.57065	-464.21022	39.55875	350.04774	-520.57478	30.18263	78.88587	-516.80795	-37.63506	98.50519	-558.90076	-8.56958	112.14222	-471.33275	-6.06743	73.89017	-375.49137	-98.86629	364.45313	-427.21405	-155.76745	344.24760	-613.23741	-195.17095	150.12944	-622.75893	-126.42438	161.10046	-632.21759	-163.72283	201.67775	-593.83392	-157.02794	108.64338	-399.56622	-221.16625	454.62930	-460.99018	112.06612	473.56204	-498.36525	-237.04957	269.24140	-493.73306	99.45327	232.83059	
236	2.350	-483.41160	-59.34695	990.74488	-466.60436	-67.01017	807.67078	-353.23878	-41.65712	970.69565	-393.77024	31.39765	664.29555	-368.02051	-142.65813	660.27935	-490.18014	-36.16776	720.46886	-480.14617	-106.25686	719.12614	-412.90169	-14.70440	389.27501	-461.97731	41.10533	351.58113	-520.04091	29.76627	80.69522	-514.68191	-37.90281	100.42675	-557.38110	-9.59890	114.51926	-470.32139	-5.75536	74.73457	-349.98377	-95.37542	370.56592	-400.71954	-152.45792	347.96617	-582.41253	-192.56309	150.64028	-592.21551	-123.76889	161.07572	-603.11176	-160.94399	201.36819	-560.99732	-154.60265	110.33295	-378.24772	-218.36399	458.91965	-457.41445	113.56836	475.13547	-470.06791	-233.95827	272.13579	-493.94072	100.21156	234.31100	
237	2.360	-472.36077	-59.09225	992.97737	-457.17962	-66.34109	809.53363	-342.36035	-42.71231	971.87013	-385.56626	33.69558	666.13859	-356.36700	-139.90586	662.13616	-480.89397	-35.94006	721.18014	-469.85624	-105.65936	719.52304	-408.29654	-12.59831	389.53518	-458.88220	42.42015	352.66633	-519.29984	29.57354	82.22950	-512.54551	-37.97494	102.08141	-555.68614	-10.27997	116.66411	-469.20251	-5.35182	75.34641	-324.55115	-92.09018	376.91103	-374.14468	-149.23280	351.79398	-550.39398	-189.78211	150.54847	-560.54034	-120.97022	160.47796	-572.96756	-158.10267	200.36355	-526.94865	-151.92672	111.61816	-357.38706	-215.76803	463.11895	-453.38196	114.79288	476.26382	-441.16261	-230.84101	274.73887	-493.17256	100.91026	235.49766	
238	2.370	-461.17945	-58.56267	994.48771	-447.87572	-65.71708	810.70507	-331.32619	-43.64002	972.12993	-377.46588	35.71471	667.28418	-345.01634	-137.41719	663.23605	-471.82603	-35.94523	721.04649	-459.82453	-105.26378	719.06898	-403.12698	-10.65122	389.30510	-455.04168	43.60218	353.27490	-518.42890	29.65305	83.43519	-510.50630	-37.79632	103.44082	-553.91818	-10.54088	118.52598	-468.04842	-4.82160	75.71076	-299.33983	-88.95617	383.40631	-347.58218	-146.05633	355.67475	-517.26175	-186.82666	149.91747	-527.82061	-118.02278	159.35455	-541.83981	-155.19548	198.69911	-491.81754	-148.99725	112.54439	-336.92693	-213.32624	467.12313	-448.88970	115.81957	476.93566	-411.73696	-227.68440	277.05378	-491.51458	101.64256	236.33022	
239	2.380	-449.84014	-57.79238	995.26141	-438.61057	-65.18755	811.18169	-320.11014	-44.43712	971.49044	-369.39385	37.47796	667.75285	-333.89540	-135.18020	663.53736	-462.89904	-36.19783	720.11450	-449.97457	-105.09555	717.78027	-397.52556	-8.81475	388.56899	-450.60481	44.72911	353.40950	-517.51365	30.00706	84.29121	-508.64864	-37.35726	104.49934	-552.17343	-10.37772	120.08177	-466.92486	-4.15503	75.83268	-274.52320	-85.91326	389.96500	-321.16550	-142.88730	359.55904	-483.12218	-183.68733	148.80923	-494.16940	-114.91460	157.74936	-509.81781	-152.20834	196.40670	-455.74806	-145.80487	113.15536	-316.81663	-210.97693	470.85252	-443.94253	116.72213	477.15739	-381.93182	-224.47227	279.09925	-489.12246	102.46505	236.78044	
240	2.390	-438.32283	-56.83398	995.31182	-429.30101	-64.79032	810.98525	-308.69366	-45.11309	970.00600	-361.25915	39.01275	667.58784	-322.92382	-133.17762	663.04422	-454.01785	-36.68428	718.45887	-440.21872	-105.15234	715.70815	-391.62146	-7.05703	387.34113	-445.72638	45.85294	353.10129	-516.63499	30.59627	84.81186	-507.02460	-36.68986	105.27574	-550.52804	-9.84754	121.34031	-465.88430	-3.36699	75.73610	-250.29473	-82.89899	396.48384	-295.06775	-139.68238	363.39081	-448.11504	-180.34793	147.27155	-459.73859	-111.63112	155.69461	-477.03157	-149.12384	193.50817	-418.91314	-142.33140	113.48085	-297.02693	-208.65573	474.24320	-438.54735	117.56360	476.95153	-351.92939	-221.18550	280.88621	-486.19247	103.39570	236.85478	
241	2.400	-426.61545	-55.75444	994.67436	-419.86342	-64.54950	810.15653	-297.06544	-45.68794	967.76378	-352.95768	40.34900	666.84900	-312.01490	-131.38881	661.79984	-445.07211	-37.36553	716.17561	-430.45930	-105.40655	712.93298	-385.51634	-5.35928	385.66191	-440.53995	47.00010	352.40369	-515.85463	31.35184	85.04525	-505.64795	-35.85715	105.81165	-549.02554	-9.05070	122.34228	-464.95967	-2.49182	75.46029	-226.85660	-79.85023	402.83282	-269.49345	-136.39871	367.09418	-412.42369	-176.78847	145.33062	-424.73247	-108.15956	153.20626	-443.65954	-145.92838	190.01363	-381.53074	-138.55104	113.52842	-277.55822	-206.30115	477.23539	-432.70677	118.39355	476.35359	-321.93863	-217.80143	282.39843	-482.92489	104.41948	236.59230	
242	2.410	-414.71366	-54.63019	993.40007	-410.21458	-64.47496	808.74885	-285.22054	-46.18920	964.87607	-344.37725	41.51760	665.60599	-301.07684	-129.79111	659.87724	-435.94130	-38.18265	713.37404	-420.59084	-105.81053	709.55703	-379.26530	-3.71235	383.59064	-435.13429	48.17499	351.38311	-515.20154	32.19201	85.06768	-504.49201	-34.93745	106.16719	-547.66771	-8.10663	123.15623	-464.15943	-1.57570	75.05460	-204.40509	-76.70368	408.84934	-244.66431	-132.99608	370.56377	-376.28784	-172.98987	142.98936	-389.41995	-104.49333	150.28353	-409.93712	-142.61741	185.92434	-343.87936	-134.43554	113.27998	-258.44074	-203.85835	479.76221	-426.41289	119.24664	475.40734	-292.18221	-214.29365	283.58162	-479.48601	105.49922	236.05770	
243	2.420	-402.62003	-53.54179	991.54945	-400.27280	-64.56293	806.82185	-273.15932	-46.64822	961.47155	-335.40425	42.54925	663.93129	-290.01461	-128.36040	657.36891	-426.50152	-39.06435	710.16836	-410.50372	-106.30377	705.69659	-372.86572	-2.11387	381.19594	-429.53669	49.36567	350.10796	-514.66211	33.03948	84.97440	-503.49147	-34.00751	106.41437	-546.41025	-7.12823	123.87096	-463.46474	-0.66793	74.57191	-183.11442	-73.39653	414.33900	-220.80082	-129.43905	373.66131	-340.01657	-168.94005	140.23110	-354.14262	-100.63598	146.91236	-376.16438	-139.19838	181.23949	-306.30990	-129.96317	112.69346	-239.72692	-201.28125	481.74212	-419.64222	120.14267	474.15869	-262.88806	-210.63306	284.34354	-475.97547	106.58885	235.33023	
244	2.430	-390.34293	-52.56833	989.18707	-389.95972	-64.79743	804.43637	-260.88619	-47.09630	957.68652	-325.93148	43.47337	661.89377	-278.73300	-127.07149	654.37680	-416.63358	-39.93543	706.66950	-400.08902	-106.82084	701.47424	-366.25526	-0.56593	378.54537	-423.70621	50.55044	348.63761	-514.17593	33.83639	84.86839	-502.54796	-33.12757	106.62931	-545.16389	-6.19977	124.58574	-462.82950	0.18745	74.06208	-163.12101	-69.86842	419.08412	-198.10230	-125.69948	376.22019	-303.99833	-164.64097	137.02716	-319.31611	-96.60478	143.07235	-342.71026	-135.69134	175.96526	-269.25056	-125.12996	111.70927	-221.47837	-198.53379	483.07787	-412.35327	121.08762	472.64944	-234.28675	-206.79106	284.56477	-472.40484	107.64592	234.49013	
245	2.440	-377.89511	-51.78190	986.37756	-379.20284	-65.15234	801.65084	-248.40864	-47.56080	953.65669	-315.86605	44.31705	659.55369	-267.14076	-125.89854	651.00406	-406.23168	-40.72508	702.97818	-389.24451	-107.29924	697.01201	-359.31934	0.92661	375.69580	-417.53819	51.70419	347.01324	-513.63800	34.55419	84.84848	-501.53855	-32.33091	106.88445	-543.80061	-5.36209	125.39940	-462.18310	0.95821	73.56625	-144.51021	-66.06583	422.85980	-176.72833	-121.75987	378.05832	-268.70319	-160.11573	133.34712	-285.42236	-92.43358	138.74646	-310.01023	-132.12807	170.12472	-233.20182	-119.96129	110.26088	-203.75079	-195.59098	483.66296	-404.48809	122.07550	470.91198	-206.61352	-202.74513	284.11781	-468.69145	108.64128	233.60517	
246	2.450	-365.29239	-51.24239	983.18335	-367.93868	-65.59360	798.51957	-235.73644	-48.06185	949.51040	-305.13681	45.10388	656.95946	-255.15580	-124.81596	647.34946	-395.21157	-41.37399	699.18015	-377.88152	-107.68606	692.42626	-351.90672	2.35745	372.68644	-410.87954	52.80341	345.25246	-512.90697	35.19709	84.99882	-500.32612	-31.61939	107.24174	-542.16412	-4.60732	126.39983	-461.43545	1.62806	73.11310	-127.30735	-61.94926	425.45618	-156.78419	-117.61740	378.99777	-234.67343	-155.41482	129.17033	-252.99121	-88.17489	133.93251	-278.55428	-128.55069	163.76708	-198.71918	-114.52122	108.28844	-186.58063	-192.44066	483.39503	-395.97792	123.09040	468.96626	-180.11163	-198.48628	282.88996	-464.66858	109.56431	232.71980	
247	2.460	-352.55250	-50.99292	979.66431	-356.11650	-66.08155	795.09324	-222.88127	-48.60972	945.36377	-293.70028	45.85245	654.14699	-242.71122	-123.80011	643.50495	-383.51758	-41.83953	695.34420	-365.93173	-107.94284	687.82473	-343.85075	3.71952	369.53572	-403.55210	53.82941	343.34876	-511.81779	35.79914	85.38104	-498.77008	-30.96518	107.74783	-540.08299	-3.88340	127.65524	-460.48355	2.19798	72.71772	-111.47464	-57.50249	426.70401	-138.31254	-113.28842	378.88876	-202.49917	-150.61987	124.49772	-222.57091	-83.90069	128.65505	-248.86352	-125.01065	156.97532	-166.38302	-108.91726	105.75409	-169.97689	-189.08627	482.19372	-386.75218	124.10852	466.81977	-155.03279	-194.02745	280.80576	-460.10995	110.42338	231.84932	
248	2.470	-339.69434	-51.05616	975.87924	-343.70228	-66.57322	791.42132	-209.85681	-49.20325	941.31803	-281.54450	46.57481	651.14149	-229.76133	-122.83173	639.55627	-371.12758	-42.09859	691.52329	-353.35355	-108.04817	683.30586	-334.99277	5.00489	366.24284	-395.37999	54.76936	341.27629	-510.19673	36.41617	86.03041	-496.73612	-30.31780	108.43166	-537.38488	-3.10682	129.20834	-459.21831	2.68501	72.38324	-96.91483	-52.74264	426.49993	-121.29249	-108.81269	377.63413	-172.77859	-145.84371	119.36277	-194.68911	-79.70137	122.97596	-221.45510	-121.56827	149.87111	-136.75696	-103.29850	102.65647	-153.91966	-185.55071	480.01961	-376.74916	125.09998	464.47071	-131.63014	-189.41103	277.84470	-454.76379	111.24172	230.98046	
249	2.480	-326.73760	-51.43185	971.88884	-330.68242	-67.02460	787.55602	-196.67920	-49.82927	937.45921	-268.69045	47.27494	647.96178	-216.28692	-121.89881	635.58593	-358.05526	-42.14801	687.75865	-340.13682	-107.99817	678.96016	-325.20385	6.20372	362.79414	-386.21587	55.61524	338.99920	-507.87629	37.11437	86.95654	-494.10387	-29.61474	109.30471	-533.91002	-2.18070	131.07429	-457.53072	3.11894	72.10514	-83.48177	-47.72892	424.82758	-105.64616	-104.25645	375.21030	-146.06550	-141.22538	113.84040	-169.80759	-75.68229	117.00159	-196.79804	-118.29248	142.61595	-110.33854	-97.84623	99.04223	-138.36589	-181.88054	476.89045	-365.92614	126.03027	461.91404	-110.14171	-184.71377	274.05171	-448.39003	112.05013	230.07848	
250	2.490	-313.70292	-52.09590	967.75962	-317.06669	-67.39297	783.55718	-183.36794	-50.46319	933.85990	-255.19065	47.94741	644.62632	-202.29898	-120.99957	631.67752	-344.34937	-42.00285	684.08614	-326.30536	-107.80489	674.87307	-314.40121	7.30230	359.17320	-375.96154	56.36151	336.48403	-504.70816	37.95809	88.14842	-490.77146	-28.79362	110.36370	-529.52259	-1.01469	133.24261	-455.31630	3.53796	71.87741	-70.99688	-42.56772	421.77032	-91.25187	-99.71340	371.68082	-122.81015	-136.91973	108.05159	-148.27637	-71.95742	110.88435	-175.26472	-115.25976	135.40730	-87.50832	-92.75752	95.01130	-123.26065	-178.14942	472.89117	-354.26678	126.86154	459.14936	-90.76482	-180.04686	269.53917	-440.79415	112.87805	229.09988	
251	2.500	-300.61230	-53.00114	963.56792	-302.88994	-67.63932	779.49708	-169.94682	-51.07045	930.58253	-241.12522	48.57674	641.16030	-187.83987	-120.14470	627.91998	-330.08991	-41.69308	680.54382	-311.91658	-107.49337	671.12830	-302.55703	8.28088	355.37313	-364.57950	57.00208	333.71300	-500.57271	38.99851	89.58273	-486.65686	-27.80376	111.59515	-524.11885	0.45670	135.68272	-452.47726	3.98384	71.69955	-59.26983	-37.41221	417.51275	-77.96187	-95.30277	367.19945	-103.30279	-133.08205	102.16180	-130.29390	-68.64059	104.81695	-157.08568	-112.55134	128.46871	-68.48517	-88.22353	90.71377	-108.55122	-174.45938	468.17561	-341.78461	127.55401	456.18952	-73.62599	-175.55024	264.48020	-431.85201	113.74509	228.00840	
252	2.510	-287.48983	-54.07990	959.40322	-288.21218	-67.73096	775.46419	-156.44498	-51.60893	927.68350	-226.59570	49.13753	637.60267	-172.98138	-119.35841	624.41081	-315.38151	-41.25940	677.17923	-297.05783	-107.09796	667.81059	-289.69841	9.11205	351.40898	-352.09422	57.52772	330.69599	-495.38444	40.26491	91.23398	-481.69590	-26.61560	112.98091	-517.63133	2.25995	138.35197	-448.92227	4.49750	71.58315	-48.12087	-32.45494	412.32913	-65.62240	-91.16416	362.00132	-87.63060	-129.85003	96.37099	-115.88075	-65.83490	99.01866	-142.31629	-110.24831	122.03365	-53.29602	-84.40613	86.33746	-94.20065	-170.93845	462.95879	-328.52209	128.06774	453.06860	-58.75392	-171.38089	259.09378	-421.52271	114.65473	226.79151	
253	2.520	-274.36227	-55.24829	955.36991	-273.11664	-67.64402	771.56510	-142.89763	-52.03192	925.21731	-211.71716	49.59575	634.01194	-157.81970	-118.67756	621.25699	-300.34456	-40.74888	674.05509	-281.83984	-106.65850	665.00715	-275.89904	9.76104	347.32797	-338.58388	57.92479	327.47903	-489.09319	41.75913	93.08425	-475.83756	-25.22677	114.50352	-510.02872	4.37416	141.20457	-444.56414	5.11536	71.55663	-37.40155	-27.91362	406.55920	-54.09316	-87.44935	356.38248	-75.65855	-127.32604	90.89537	-104.87277	-63.62206	93.71453	-130.82352	-108.42471	116.32391	-41.76698	-81.41701	82.08727	-80.19778	-167.73375	457.50060	-314.54605	128.36498	449.84802	-46.06411	-167.69707	253.62306	-409.84867	115.59128	225.47437	
254	2.530	-261.25952	-56.41200	951.58678	-257.70595	-67.36585	767.92357	-129.34623	-52.29145	923.23978	-196.60961	49.91122	630.46980	-142.46748	-118.14878	618.57316	-285.10522	-40.21107	671.25206	-266.38750	-106.21698	662.80687	-261.26480	10.18887	343.21571	-324.16503	58.17560	324.14828	-481.68138	43.45341	95.13075	-469.03728	-23.66447	116.15039	-501.31160	6.72875	144.19954	-439.31640	5.86654	71.66716	-27.01102	-24.01126	400.57392	-43.26381	-84.31175	350.67050	-67.04102	-125.56374	85.94266	-96.93700	-62.05345	89.11056	-122.29810	-107.13970	111.52553	-33.53959	-79.30385	78.16006	-66.56166	-165.00011	452.08284	-299.94102	128.41308	446.61979	-35.36238	-164.64147	248.30928	-396.94486	116.52043	224.12855	
255	2.540	-248.21453	-57.47322	948.18389	-242.09646	-66.89692	764.67664	-115.83801	-52.34179	921.80958	-181.38938	50.04125	627.08175	-127.04405	-117.82371	616.47687	-269.78532	-39.69486	668.86777	-250.82940	-105.81484	661.29731	-245.91612	10.35849	339.19707	-308.97400	58.26077	320.82849	-473.15808	45.29122	97.38941	-461.24954	-21.98429	117.91572	-491.50462	9.20700	147.30606	-433.08964	6.77086	71.97897	-16.90532	-20.95328	394.73625	-33.06553	-81.89457	345.19031	-61.26493	-124.56214	81.68569	-91.60939	-61.14450	85.36936	-116.29235	-106.43017	107.76641	-28.11149	-78.04649	74.72018	-53.33990	-162.88522	446.98286	-284.80202	128.18765	443.50610	-26.36966	-162.32685	243.36537	-382.98041	117.39300	222.87358	
256	2.550	-235.26266	-58.33811	945.29678	-226.41138	-66.25171	761.96768	-102.42453	-52.14285	920.98769	-166.16146	49.94504	623.97414	-111.66500	-117.75281	615.08149	-254.49331	-39.24609	667.01204	-235.28716	-105.49104	660.55961	-229.97050	10.24330	335.43111	-293.14859	58.16286	317.67633	-463.55058	47.19065	99.89348	-452.42112	-20.26578	119.79986	-480.64613	11.65460	150.50487	-425.78909	7.83731	72.56792	-7.09881	-18.90516	389.36334	-23.47633	-80.31910	340.23131	-57.71715	-124.26832	78.24034	-88.34832	-60.87344	82.59100	-112.27755	-106.30495	105.10058	-24.89497	-77.56396	71.88096	-40.60161	-161.51374	442.44770	-269.22835	127.67559	440.65487	-18.76487	-160.82677	238.95438	-368.15644	118.15088	221.87056	
257	2.560	-222.44030	-58.92430	943.05845	-210.77326	-65.45857	759.93696	-89.15938	-51.66311	920.83455	-151.01352	49.58850	621.28770	-96.43272	-117.97880	614.48780	-239.31755	-38.90571	665.79865	-219.86619	-105.28050	660.66208	-213.52804	9.83608	332.10068	-276.81299	57.87060	314.86912	-452.89463	49.04989	102.68712	-442.48645	-18.60559	121.80626	-468.77664	13.89239	153.78583	-417.31427	9.06271	73.51294	2.34202	-17.97417	384.69718	-14.51980	-79.67435	336.02114	-55.76258	-124.58753	75.65315	-86.59439	-61.18427	80.80343	-109.70952	-106.74179	103.50307	-23.28301	-77.72997	69.69584	-28.42716	-160.97302	438.67268	-253.31874	126.87744	438.23110	-12.23617	-160.17230	235.17760	-352.68315	118.73377	221.30812	
258	2.570	-209.78292	-59.16760	941.58989	-195.29668	-64.55794	758.71076	-76.09508	-50.88215	921.40512	-136.01221	48.94864	619.16798	-81.42913	-118.53058	614.77531	-224.32244	-38.70809	665.33482	-204.64905	-105.21256	661.65355	-196.66197	9.15610	329.39764	-260.06758	57.38269	312.59021	-441.22455	50.75469	105.81496	-431.36663	-17.10873	123.93690	-455.92812	15.73224	157.14220	-407.56137	10.43046	74.88557	11.31067	-18.19857	380.88902	-6.25746	-80.00926	332.71079	-54.81594	-125.39771	73.90178	-85.82528	-61.99309	79.96416	-108.08879	-107.68757	102.87717	-22.71026	-78.39281	68.16007	-16.89673	-161.30315	435.78785	-237.16781	125.80864	436.40465	-6.52802	-160.35409	232.07492	-336.75859	119.08578	221.38219	
259	2.580	-197.32255	-59.02733	940.99028	-180.08208	-63.59935	758.39031	-63.27937	-49.79230	922.74250	-121.20176	48.01726	617.75349	-66.71165	-119.41888	615.99473	-209.54781	-38.67910	665.70973	-189.69212	-105.30930	663.55727	-179.41475	8.25194	327.50576	-242.98352	56.71023	311.01248	-428.56429	52.18759	109.30954	-418.97270	-15.87874	126.18776	-442.11573	16.99531	160.56374	-396.42827	11.90966	76.73928	19.67660	-19.54582	377.99987	1.22437	-81.32828	330.37266	-54.39367	-126.56505	72.90774	-85.59650	-63.19667	79.97273	-107.00390	-109.06225	103.07270	-22.69866	-79.39505	67.22160	-6.07968	-162.49317	433.85387	-220.86278	124.49935	435.33516	-1.47176	-161.32798	229.63651	-320.55002	119.16074	222.27180	
260	2.590	-185.08509	-58.48958	941.32800	-165.21115	-62.63698	759.04189	-50.75147	-48.39962	924.87099	-106.60506	46.80298	617.16291	-52.31273	-120.63404	618.16259	-195.01134	-38.83393	666.98374	-175.02613	-105.58345	666.36630	-161.79930	7.19872	326.58342	-225.60115	55.87728	310.28162	-414.92077	53.23880	113.17926	-405.21334	-15.00734	128.54561	-427.33373	17.53151	164.03062	-383.82164	13.45503	79.10036	27.30316	-21.91990	376.01550	7.83178	-83.59099	329.01052	-54.13838	-127.95784	72.55776	-85.56288	-64.68224	80.69086	-106.15165	-110.76618	103.91166	-22.88180	-80.59000	66.79746	3.97408	-164.48373	432.86726	-204.47948	122.99290	435.15565	3.00732	-163.02231	227.82176	-304.17844	118.92612	224.11408	
261	2.600	-173.08764	-57.56807	942.63356	-150.74438	-61.72463	760.68929	-38.53848	-46.72387	927.78936	-92.22668	45.33161	617.48282	-38.24292	-122.14641	621.25820	-180.71334	-39.17487	669.17952	-160.65987	-106.03633	670.04091	-143.80398	6.08952	326.74826	-207.93079	54.91925	310.50125	-400.28013	53.81815	117.39916	-390.00599	-14.56451	130.98747	-411.55633	17.23842	167.51012	-369.66467	15.00816	81.96202	34.06580	-25.17607	374.87041	13.48263	-86.71578	328.57715	-53.81709	-129.45755	72.72804	-85.48097	-66.33761	81.96589	-105.33479	-112.69010	105.21558	-23.00798	-81.85316	66.79169	13.24033	-167.17543	432.77281	-188.07704	121.34293	435.95686	6.90638	-165.34594	226.57941	-287.70663	118.36559	226.98195	
262	2.610	-161.33637	-56.30249	944.89515	-136.72083	-60.91041	763.30956	-26.65264	-44.79777	931.46551	-78.05736	43.64456	618.75730	-24.49678	-123.90916	625.22351	-166.64299	-39.68957	672.27621	-146.58663	-106.65612	674.50802	-125.39984	5.02251	328.06567	-189.95457	53.87976	311.72143	-384.60730	53.86694	121.90661	-373.28932	-14.58991	133.48284	-394.74323	16.07773	170.95715	-353.90416	16.50084	85.28242	39.86971	-29.14012	374.47390	18.12564	-90.58756	328.99456	-53.29976	-130.96672	73.30556	-85.19628	-68.06093	83.65267	-104.44245	-114.72675	106.82902	-22.92619	-83.08897	67.11112	21.72417	-170.44100	433.47989	-171.69148	119.60963	437.77438	10.17843	-168.19597	225.86321	-271.13128	117.48100	230.86784	
263	2.620	-149.82503	-54.75442	948.05747	-123.15982	-60.23189	766.83242	-15.08953	-42.66536	935.83308	-64.07925	41.79552	620.98085	-11.06042	-125.86307	629.96512	-152.78513	-40.35023	676.20697	-132.79200	-107.41710	679.66270	-106.54849	4.08607	330.54263	-171.62896	52.80624	313.93245	-367.84893	53.36813	126.60255	-355.03465	-15.08669	135.99788	-376.84861	14.08647	174.31807	-336.51543	17.86045	88.98677	44.66544	-33.62892	374.73143	21.75614	-95.06874	330.17149	-52.52814	-132.41383	74.20193	-84.62181	-69.76925	85.62997	-103.42177	-116.78206	108.63498	-22.56205	-84.23341	67.67625	29.46075	-174.13935	434.87908	-155.32939	117.85543	440.58097	12.77220	-171.46531	225.63969	-254.38025	116.29425	235.67669	
264	2.630	-138.53456	-53.00145	952.02375	-110.06406	-59.71242	771.14344	-3.82775	-40.37972	940.79068	-50.27115	39.84574	624.09531	2.08039	-127.94273	635.35836	-139.12654	-41.11438	680.86015	-119.26196	-108.28022	685.37141	-87.20955	3.34497	334.12744	-152.88817	51.74536	317.06482	-349.93894	52.35292	131.35822	-335.25356	-16.01870	138.50016	-357.83138	11.38038	177.53666	-317.50412	19.01743	92.97301	48.46141	-38.46936	375.55711	24.42597	-100.01210	332.01478	-51.48402	-133.75588	75.35800	-83.71443	-71.40521	87.80903	-102.24876	-118.78464	110.56012	-21.89077	-85.25380	68.42631	36.51267	-178.12962	436.85576	-138.96339	116.14076	444.28546	14.66815	-175.04992	225.88738	-237.31599	114.84930	241.23001	
265	2.640	-127.43370	-51.12994	956.66083	-97.42366	-59.35893	776.09041	7.17012	-38.00008	946.20388	-36.61311	37.85844	627.99129	14.93295	-130.08326	641.25278	-125.66095	-41.92719	686.08376	-105.99002	-109.19505	691.47663	-67.34716	2.83020	338.71536	-133.64928	50.73865	320.99585	-330.80618	50.90207	136.02626	-313.99988	-17.31182	140.96205	-337.66446	8.14763	180.56014	-296.90453	19.91402	97.12005	51.33142	-43.51309	376.87654	26.24591	-105.27331	334.43354	-50.16373	-134.97865	76.73967	-82.45446	-72.94103	90.13391	-100.90485	-120.69228	112.57034	-20.91297	-86.14651	69.31869	42.96404	-182.28352	439.29905	-122.53130	114.52021	448.73904	15.90265	-178.85540	226.58955	-219.74628	113.21339	247.28169	
266	2.650	-116.48075	-49.22744	961.80659	-85.22028	-59.16153	781.49222	17.95521	-35.58848	951.90993	-23.08974	35.89294	632.51384	27.49221	-132.22697	647.47872	-112.39238	-42.72530	691.69265	-92.98253	-110.10312	697.80257	-46.93550	2.53431	344.15940	-113.81976	49.81904	325.56215	-310.38286	49.14126	140.45442	-291.36504	-18.85938	143.36142	-316.34097	4.63235	183.34322	-274.77465	20.51338	101.29747	53.41593	-48.64530	378.62165	27.38040	-110.72106	337.33710	-48.56200	-136.09509	78.32766	-80.83167	-74.37922	92.57479	-99.36243	-122.49448	114.65921	-19.63721	-86.93308	70.32414	48.91164	-186.49457	442.10544	-105.94042	113.03942	453.74832	16.57699	-182.80210	227.72384	-201.44246	111.47607	253.54392	
267	2.660	-105.62607	-47.37530	967.27904	-73.43077	-59.09498	787.14941	28.58902	-33.20630	957.72472	-9.69213	33.99920	637.47188	39.73804	-134.32907	653.85450	-99.33630	-43.44179	697.47788	-80.26131	-110.94224	704.16171	-25.96360	2.41274	350.28465	-93.30765	49.00813	330.57632	-288.61273	47.23047	144.49953	-267.46733	-20.53111	145.67910	-293.87623	1.10982	185.84897	-251.18875	20.80750	105.37563	54.91569	-53.78659	380.72143	28.03574	-116.24259	340.62938	-46.66579	-137.14135	80.10483	-78.83909	-75.74969	95.11687	-97.58041	-124.21083	116.83285	-18.07043	-87.65479	71.41982	54.45477	-190.68327	445.17796	-89.07717	111.73281	459.09359	16.85190	-186.82752	229.25225	-182.16442	109.74405	259.71994	
268	2.670	-94.81532	-45.64246	972.88623	-62.02993	-59.12167	792.85528	39.13931	-30.91075	963.45164	3.58200	32.21337	642.65037	51.63542	-136.36162	660.19396	-86.51876	-44.01161	703.21758	-67.86334	-111.65124	710.36186	-4.43993	2.39075	356.90422	-72.03399	48.31458	335.84557	-265.45769	45.34880	148.03951	-242.43686	-22.18434	147.89378	-270.30518	-2.14327	188.04613	-226.22876	20.82247	109.23489	56.07780	-58.88775	383.09242	28.44387	-121.74385	344.20252	-44.45658	-138.17019	82.04454	-76.47358	-77.10278	97.74778	-95.50861	-125.88488	119.09509	-16.21629	-88.36557	72.58202	59.68567	-194.79723	448.42246	-71.82145	110.62187	464.54949	16.93131	-190.88462	231.11391	-161.68958	108.13129	265.53819	
269	2.680	-83.99288	-44.08065	978.43610	-50.99218	-59.19573	798.40671	49.67581	-28.75164	968.89126	16.72950	30.55509	647.82405	63.13761	-138.31526	666.31399	-73.97344	-44.37680	708.68842	-55.83753	-112.17469	716.21355	17.60322	2.37405	363.83451	-49.94609	47.73307	341.18955	-240.90175	43.67665	150.98168	-216.39895	-23.67622	149.97550	-245.67621	-4.87853	189.90364	-199.97565	20.61954	112.77319	57.17508	-63.91879	385.63223	28.84423	-127.14480	347.93234	-41.91869	-139.24178	84.10271	-73.74149	-78.49876	100.44637	-93.09866	-127.57369	121.43606	-14.07951	-89.12310	73.78048	64.68269	-198.80652	451.74273	-54.06351	109.71399	469.90537	17.04006	-194.93608	233.22194	-139.84194	106.74511	270.78216	
270	2.690	-73.10528	-42.72168	983.74544	-40.29194	-59.26779	803.61395	60.26586	-26.76881	973.85142	29.74396	29.02675	652.77141	74.19181	-140.19826	672.04159	-61.73717	-44.49116	713.67711	-44.23877	-112.46702	721.53747	40.10582	2.26125	370.90779	-27.02998	47.24421	346.45465	-214.95194	42.37811	153.26606	-189.45904	-24.87530	151.87982	-220.04297	-6.90083	191.38409	-172.50237	20.29121	115.91103	58.48096	-68.85473	388.21775	29.46535	-132.37181	351.67732	-39.05122	-140.41212	86.21516	-70.66668	-79.99440	103.17514	-90.31863	-129.33390	123.82603	-11.67409	-89.97882	74.97542	69.50721	-202.69511	455.03620	-35.72089	109.00168	474.98208	17.39950	-198.94536	235.46456	-116.51654	105.67107	275.31063	
271	2.700	-62.10424	-41.57677	988.64760	-29.90295	-59.28961	808.30866	70.97071	-24.99030	978.15668	42.61860	27.61506	657.28776	84.74670	-142.03290	677.22028	-49.84429	-44.32353	717.99118	-33.11998	-112.49564	726.17181	62.97725	1.95560	377.98025	-3.31988	46.81517	351.52283	-187.63619	41.58569	154.86392	-161.69217	-25.67158	153.54425	-193.45637	-8.08472	192.43825	-143.86930	19.95203	118.59340	60.24306	-73.66176	390.70861	30.50798	-137.35005	355.28185	-35.88069	-141.72074	88.30032	-67.29834	-81.62864	105.87768	-87.16797	-131.20613	126.21517	-9.03261	-90.96780	76.11782	74.20450	-206.45035	458.19139	-16.75228	108.46248	479.64308	18.20378	-202.86705	237.71033	-91.69499	104.96038	279.06514	
272	2.710	-50.94913	-40.63798	992.99829	-19.79681	-59.21824	812.34994	81.84248	-23.43135	981.65660	55.34916	26.29459	661.19604	94.76094	-143.84976	681.71543	-38.32053	-43.85975	721.46830	-22.52314	-112.24281	729.97902	86.09561	1.37413	384.93477	21.09701	46.40135	356.31377	-158.99937	41.38941	155.77226	-133.13915	-25.98441	154.88846	-165.95898	-8.38029	193.00234	-114.12334	19.72482	120.78869	62.65908	-78.28743	392.95495	32.13052	-141.99866	358.58358	-32.47183	-143.17959	90.26651	-63.71624	-83.40978	108.48131	-83.68976	-133.20032	128.53850	-6.21415	-92.10027	77.15290	78.80718	-210.05300	461.08792	2.83387	108.05975	483.79839	19.59829	-206.63963	239.81666	-65.44975	104.62302	282.06383	
273	2.720	-39.60865	-39.88118	996.67953	-9.94090	-59.01912	815.62810	92.92209	-22.09450	984.23239	67.93650	25.03293	664.35489	104.21176	-145.68064	685.41850	-27.17702	-43.10291	723.98373	-12.47025	-111.70612	732.85177	109.31001	0.45304	391.67824	46.08128	45.94907	360.78049	-129.09902	41.83070	156.00588	-103.81048	-25.76799	155.81871	-137.58361	-7.80903	192.99956	-83.30112	19.72379	122.48498	65.85833	-82.65753	394.80795	34.43763	-146.23074	361.42408	-28.93356	-144.76574	92.02233	-60.03180	-85.30699	110.90418	-79.97725	-135.28511	130.72455	-3.30829	-93.35661	78.02605	83.33990	-213.47068	463.59981	22.97769	107.74467	487.40161	21.66124	-210.18329	241.64099	-37.93638	104.62798	284.38348	
274	2.730	-28.06175	-39.27045	999.60161	-0.29621	-58.66805	818.06621	104.23826	-20.97032	985.80147	80.38870	23.79659	666.66319	113.10256	-147.55138	688.24988	-16.40522	-42.07199	725.45520	-2.95553	-110.89758	734.71756	132.44627	-0.85091	398.13460	71.44807	45.39933	364.89964	-98.00293	42.90099	155.58892	-73.69815	-25.01495	156.23589	-108.35698	-6.45194	192.34572	-51.43687	20.03674	123.68452	69.89187	-86.68083	396.13152	37.47310	-149.95876	363.66136	-25.41811	-146.41993	93.48822	-56.38411	-87.24863	113.06537	-76.17277	-137.38448	132.70566	-0.43357	-94.68733	78.69011	87.82356	-216.65637	465.60181	43.57297	107.45953	490.44088	24.39061	-213.40407	243.05352	-9.37593	104.90974	286.13327	
275	2.740	-16.29764	-38.76290	1001.70340	9.18469	-58.15182	819.61977	115.80744	-20.03900	986.31999	92.72246	22.55677	668.06123	121.46863	-149.47586	690.16038	-5.97323	-40.79922	725.84520	6.06024	-109.84152	735.54166	155.31607	-2.56207	404.23517	96.97858	44.69231	368.65867	-65.79057	44.54360	154.54763	-42.79383	-23.75829	156.04608	-78.30888	-4.43384	190.95852	-18.57470	20.70866	124.39741	74.73249	-90.26022	396.81323	41.21824	-153.10417	365.18242	-22.11143	-148.05199	94.60714	-52.93048	-89.12844	114.89585	-72.45755	-139.38322	134.42804	2.27022	-96.01844	79.11252	92.27863	-219.55247	466.97864	64.47800	107.14193	492.92639	27.69899	-216.20412	243.95010	19.96895	105.37860	287.42539	
276	2.750	-4.31520	-38.31352	1002.95111	18.55919	-57.46782	820.27462	127.63468	-19.27224	985.78315	104.96385	21.29409	668.52882	129.38013	-151.45208	691.13149	4.17598	-39.32637	725.16053	14.65241	-108.57162	735.32813	177.72869	-4.68916	409.90885	122.43478	43.77215	372.04249	-32.55990	46.65778	152.90536	-11.11139	-22.07193	155.17158	-47.48597	-1.90796	188.76847	15.21526	21.72934	124.63550	80.28486	-93.30785	396.77324	45.59699	-155.60890	365.91400	-19.21509	-149.55283	95.35251	-49.83224	-90.81938	116.34828	-69.03294	-141.14135	135.85971	4.65576	-97.26170	79.28071	96.72759	-222.09924	467.63576	85.52975	106.72968	494.87646	31.41973	-218.49578	244.26361	49.81889	105.93163	288.34781	
277	2.760	7.87835	-37.87941	1003.33605	27.89538	-56.62274	820.04372	139.71512	-18.63543	984.22361	117.14838	20.00158	668.08090	136.94185	-153.46109	691.17420	14.12406	-37.70051	723.44922	22.93148	-107.12743	734.11856	199.50410	-7.22832	415.07421	147.57524	42.59138	375.02204	1.56006	49.10362	150.68054	21.28929	-20.07002	153.56043	-15.96871	0.95591	185.72982	49.81830	23.02717	124.40741	86.40419	-95.76018	395.97017	50.48857	-157.44605	365.82949	-16.92116	-150.81099	95.73184	-47.23667	-92.19269	117.40390	-66.09476	-142.51532	136.99507	6.58604	-98.32807	79.20447	101.19718	-224.24548	467.51017	106.55886	106.16568	496.30502	35.32652	-220.21655	243.97195	79.89826	106.46184	288.94447	
278	2.770	20.26906	-37.42304	1002.87182	37.27171	-55.63080	818.96318	152.03599	-18.08992	981.70820	129.32037	18.68552	666.76171	144.28956	-155.46882	690.32665	23.97451	-35.96980	720.79538	31.03866	-105.55100	731.98872	220.48588	-10.16469	419.63552	172.16983	41.11465	377.54699	36.39211	51.70771	147.88720	54.28037	-17.90411	151.19252	16.11060	3.97814	181.82908	85.05643	24.47072	123.71508	92.92117	-97.59009	394.40336	55.74691	-158.62697	364.95094	-15.38360	-151.73064	95.78533	-45.25687	-93.13878	118.07538	-63.80402	-143.38209	137.85557	7.95415	-99.14175	78.91437	105.72096	-225.95862	466.57908	127.40296	105.40248	497.21212	39.16596	-221.34139	243.10082	109.94716	106.86438	289.20621	
279	2.780	32.83822	-36.91417	1001.59116	46.77549	-54.51193	817.08802	164.57879	-17.59526	978.33328	141.53155	17.36424	664.63835	151.58312	-157.43038	688.65060	33.84750	-34.17982	717.31254	39.13803	-103.88390	729.04317	240.55217	-13.47219	423.48375	196.01169	39.32117	379.54368	71.69186	54.27008	144.53723	87.64929	-15.75750	148.08158	48.55144	6.97145	177.08990	120.67243	25.87879	122.55233	99.66963	-98.81353	392.11117	61.22487	-159.20336	363.34552	-14.69061	-152.24773	95.57945	-43.95212	-93.58588	118.40535	-62.25845	-143.66138	138.48648	8.70153	-99.65237	78.45636	110.34232	-227.23213	464.86455	147.91674	104.40615	497.57870	42.69950	-221.88977	241.72023	139.72271	107.04010	289.07373	
280	2.790	45.56425	-36.33071	999.54310	56.50014	-53.29005	814.48823	177.32158	-17.11130	974.21918	153.83885	16.06525	661.79482	158.99716	-159.29581	686.22692	43.87284	-32.37103	713.13603	47.40622	-102.16524	725.40839	259.62317	-17.11174	426.50256	218.92553	37.20609	380.91863	107.13142	56.57383	140.64357	121.09005	-13.83542	144.27256	81.07336	9.74150	171.57335	156.32027	27.03851	120.90565	106.51333	-99.48993	389.16557	66.79970	-159.26360	361.11701	-14.84315	-152.34107	95.19676	-43.31162	-93.51290	118.46101	-61.46968	-143.33148	138.95076	8.83176	-99.84306	77.88348	115.11722	-228.08872	462.43287	167.97798	103.15927	497.36638	45.74758	-221.92574	239.93461	168.99112	106.89770	288.45085	
281	2.800	58.42460	-35.65851	996.79055	66.54116	-51.99190	811.24536	190.24088	-16.60035	969.50409	166.30108	14.82145	658.32715	166.71007	-161.01625	683.15031	54.18132	-30.57744	708.41539	56.02035	-100.43070	721.22503	277.66401	-21.02942	428.57847	240.77212	34.78080	381.56739	142.29073	58.39864	136.22337	154.20483	-12.35039	139.83582	113.31203	12.08939	165.37384	191.56506	27.72989	118.75720	113.36802	-99.71674	385.66347	72.39540	-158.92412	358.39331	-15.74393	-152.03645	94.72391	-43.24497	-92.95420	118.32591	-61.35019	-142.43576	139.32101	8.41701	-99.73292	77.24626	120.11583	-228.57880	459.38836	187.49000	101.66281	496.52213	48.22730	-221.55116	237.86803	197.51422	106.35611	287.22467	
282	2.810	71.39723	-34.89063	993.40854	76.99115	-50.64638	807.45003	203.31334	-16.02916	964.33802	178.97473	13.66731	654.34012	174.89254	-162.54921	679.52382	64.89515	-28.82689	703.30732	65.14561	-98.71287	716.63999	294.68260	-25.15557	429.61375	261.44931	32.07275	381.38747	176.66156	59.53909	131.30115	186.51730	-11.50256	134.85966	144.82591	13.81993	158.61209	225.89523	27.75418	116.09017	120.21578	-99.61901	381.71602	77.99795	-158.31688	355.31209	-17.19925	-151.40334	94.24003	-43.58176	-91.99565	118.09019	-61.71275	-141.07845	139.67088	7.59564	-99.37391	76.58389	125.42244	-228.77445	455.86256	206.38111	99.93705	494.98768	50.17541	-220.89355	235.64737	225.03664	105.34878	285.28810	
283	2.820	84.46176	-34.02643	989.48328	87.93412	-49.28446	803.20044	216.51673	-15.37087	958.87700	191.90870	12.63570	649.94566	183.69666	-163.86219	675.45345	76.11839	-27.14245	697.96983	74.92345	-97.04232	711.79938	310.72283	-29.40590	429.54032	280.89084	29.12525	380.29422	209.66723	59.82704	125.91217	217.49776	-11.45638	129.44345	175.11511	14.75760	151.42709	258.74777	26.96240	112.89617	127.10933	-99.33536	377.43749	83.66075	-157.57471	352.00641	-18.93408	-150.54488	93.80740	-44.08157	-90.76292	117.84077	-62.28303	-139.41078	140.06715	6.56132	-98.84273	75.91791	131.13325	-228.75976	452.00051	224.60241	98.02128	492.71261	51.75127	-220.09060	233.38653	251.28003	103.83081	282.56095	
284	2.830	97.59997	-33.07097	985.11187	99.43956	-47.93937	798.60178	229.83034	-14.60684	953.27820	205.13873	11.75585	645.26272	193.24646	-164.93397	671.04371	87.92796	-25.54466	692.55793	85.46151	-95.44929	706.84282	325.85412	-33.68454	428.33274	299.06372	25.99771	378.23755	240.69893	59.15597	120.10693	246.59886	-12.31603	123.69337	203.65279	14.76973	143.96931	289.54555	25.28031	109.18425	134.16556	-99.00170	372.93548	89.49931	-156.81649	348.59254	-20.61754	-149.58308	93.46596	-44.45311	-89.40425	117.65260	-62.72347	-137.61008	140.56336	5.54523	-98.22954	75.24963	137.35258	-228.61886	447.94631	242.12444	95.97259	489.67000	53.21929	-219.27406	231.17497	275.94926	101.78878	279.00702	
285	2.840	110.79586	-32.03486	980.40248	111.55675	-46.64687	793.76637	243.23466	-13.72829	947.69585	218.68186	11.05278	640.41789	203.63067	-165.75382	666.39446	100.36646	-24.05386	687.22090	96.82615	-93.96504	701.89991	340.15902	-37.88790	426.01884	315.96511	22.76646	375.21777	269.16562	57.50330	113.95677	273.29877	-14.10342	117.72174	229.92675	13.79327	136.39676	317.74322	22.72550	104.99019	141.54939	-98.73414	368.30411	95.67671	-156.13391	345.16170	-21.89461	-148.64196	93.23219	-44.38014	-88.07067	117.58224	-62.66472	-135.85571	141.19569	4.79481	-97.62540	74.56205	144.18800	-228.42349	443.83033	258.93336	93.86389	485.87238	54.91505	-218.55471	229.07227	298.75264	99.25190	274.64629	
286	2.850	124.03504	-30.93483	975.47471	124.30994	-45.44521	788.81416	256.71051	-12.73755	942.27843	232.53189	10.54777	635.54613	214.89791	-166.31874	661.59964	113.43742	-22.69199	682.10100	109.03820	-92.62258	697.08873	353.72066	-41.90792	422.68654	331.61877	19.52612	371.29803	294.55159	54.94605	107.56001	297.14730	-16.74325	111.64961	253.48700	11.85934	128.87422	342.87633	19.41375	100.38443	149.45057	-98.61314	363.62136	102.38267	-155.58152	341.77679	-22.41834	-147.83146	93.10244	-43.54996	-86.89706	117.66460	-61.73986	-134.30607	141.98170	4.55265	-97.11082	73.82588	151.74526	-228.22178	439.75983	275.02625	91.78157	481.38547	57.20314	-218.01033	227.10893	319.43344	96.30149	269.56157	
287	2.860	137.30370	-29.79464	970.45969	137.69482	-44.37435	783.87307	270.23775	-11.64887	937.16672	246.65662	10.25970	630.79068	227.05470	-166.62982	656.74799	127.10381	-21.48318	677.33315	122.07233	-91.45592	692.51649	366.61178	-45.63314	418.48571	346.07066	16.39087	366.61096	316.47292	51.66489	101.04671	317.80918	-20.05931	105.61095	273.99260	9.10832	121.57428	364.60677	15.55225	95.47636	158.05766	-98.67093	358.95100	109.81034	-155.17144	338.47451	-21.87792	-147.23496	93.06016	-41.68041	-85.98693	117.91334	-59.61666	-133.08028	142.92210	5.03914	-96.74717	73.00910	160.12359	-228.03034	435.81447	290.40562	89.82315	476.33688	60.43540	-217.67771	225.29253	337.80610	93.07587	263.89949	
288	2.870	150.58725	-28.64618	965.49940	151.67682	-43.47431	779.07860	283.79375	-10.48850	932.49269	260.99767	10.20651	626.30158	240.06620	-166.68823	651.92549	141.29025	-20.45277	673.04489	135.85996	-90.49793	688.28143	378.88630	-48.94715	413.62397	359.38277	13.49452	361.35738	334.72306	47.93336	94.57919	335.09820	-23.78515	99.75555	291.25022	5.78935	114.67738	382.75771	11.41985	90.41292	167.53373	-98.88471	354.34838	118.13490	-154.87349	335.27222	-20.01923	-146.90204	93.08606	-38.54184	-85.40308	118.32515	-56.02411	-132.24746	144.00572	6.44115	-96.57241	72.08864	169.41145	-227.83103	432.04700	305.07303	88.09507	470.91704	64.91706	-217.54991	223.61738	353.78763	89.76779	257.86422	
289	2.880	163.86891	-27.53015	960.74477	166.19149	-42.78249	774.57228	297.35197	-9.29406	928.37875	275.47317	10.40621	622.23211	253.85977	-166.49201	647.21914	155.88892	-19.62457	669.35602	150.29563	-89.77665	684.47527	390.57423	-51.72550	408.35559	371.62438	10.98827	355.79535	349.29863	44.09115	88.34579	348.99683	-27.58946	94.24758	305.23708	2.24058	108.36781	397.33186	7.33610	85.37020	177.99791	-99.17748	349.86876	127.49703	-154.62088	332.17809	-16.65648	-146.84746	93.16977	-33.97141	-85.16505	118.88723	-50.77092	-131.82410	145.21715	8.90791	-96.60152	71.06248	179.68280	-227.57337	428.48918	319.02232	86.71009	465.37070	70.88447	-217.57925	222.07568	367.41482	86.61310	251.70293	
290	2.890	177.12844	-26.49591	956.35220	181.14713	-42.33019	770.49840	310.88101	-8.11294	924.93682	289.98344	10.87717	618.73324	268.33098	-166.03402	642.72085	170.76882	-19.01699	666.37722	165.24605	-89.31067	681.18524	401.67964	-53.83352	402.96335	382.86058	9.03464	350.21965	360.39946	40.50420	82.54660	359.65730	-31.11410	89.25789	316.10313	-1.14910	102.82331	408.50961	3.62336	80.53844	189.51583	-99.42767	345.57573	137.99313	-154.32086	329.20266	-11.67590	-147.05553	93.32125	-27.87884	-85.25284	119.58658	-43.75525	-131.77899	146.54588	12.55330	-96.83121	69.96002	190.99351	-227.18238	425.16157	332.23342	85.78347	459.97886	78.49458	-217.68593	220.66892	378.84075	83.87090	245.68280	
291	2.900	190.34119	-25.59998	952.47807	196.42960	-42.13872	766.99897	324.34422	-6.99997	922.26692	304.41900	11.63724	615.94611	283.35160	-165.30155	638.53047	185.78723	-18.63833	664.20718	180.56113	-89.10435	678.49464	412.18157	-55.12874	397.73441	393.13929	7.79696	344.93349	368.40140	37.51757	77.37248	367.38322	-34.01910	84.94979	324.15066	-3.99138	98.19877	416.62648	0.56775	76.10240	202.09961	-99.48675	341.54751	149.67251	-153.86894	326.36936	-5.03275	-147.48841	93.57965	-20.24361	-85.61541	120.41932	-34.96579	-132.04337	147.99526	17.46291	-97.24747	68.84863	203.37760	-226.57091	422.08542	344.66804	85.42684	455.03262	87.82367	-217.77121	219.41795	388.30930	81.79702	240.06224	
292	2.910	203.47781	-24.90305	949.27148	211.90899	-42.21567	764.20676	337.70032	-6.01428	920.45487	318.66997	12.70208	613.99335	298.77905	-164.27770	634.75672	200.80217	-18.48250	662.92828	196.08576	-89.14381	676.48153	422.03736	-55.47058	392.93286	402.47950	7.42412	340.21646	373.80601	35.40933	72.98149	372.59391	-36.02728	81.46082	329.79426	-5.95373	94.60666	422.13302	-1.61481	72.22110	215.71640	-99.20265	337.87910	162.54043	-153.16450	323.72201	3.25601	-148.09620	94.01741	-11.10474	-86.18191	121.39751	-24.47473	-132.52384	149.58893	23.70321	-97.83402	67.83443	216.84335	-225.65407	419.29428	356.26877	85.73894	450.80272	98.87160	-217.73336	218.37073	396.11234	80.61411	235.06133	
293	2.920	216.50465	-24.46543	946.86547	227.44753	-42.55204	762.23711	350.90482	-5.21557	919.56884	332.63546	14.08275	612.97012	314.46609	-162.94427	631.51499	215.68411	-18.52593	662.60100	211.67108	-89.39474	675.21527	431.18814	-54.73866	388.77349	410.86444	8.03224	336.29443	377.17614	34.35445	69.47856	375.77709	-36.96037	78.88474	333.50841	-6.80748	92.09984	425.54365	-2.80183	69.01086	230.30264	-98.44498	334.67941	176.56543	-152.12578	321.32763	13.12248	-148.82666	94.73766	-0.54526	-86.87332	122.55168	-12.42353	-133.11558	151.37260	31.33018	-98.57959	67.05600	231.36957	-224.36356	416.84270	366.96305	86.79366	447.50969	111.56929	-217.48377	217.60632	402.53958	80.48254	230.83869	
294	2.930	229.38494	-24.34145	945.36749	242.90813	-43.12079	761.17912	363.91250	-4.66020	919.65501	346.23170	15.78314	612.93595	330.27019	-161.28555	628.92191	230.32529	-18.72679	663.25790	227.18399	-89.80277	674.75115	439.56615	-52.85748	385.40186	418.24353	9.68536	333.31740	379.06984	34.40510	66.90397	377.43795	-36.76024	77.25842	335.77270	-6.45931	90.66210	427.38303	-2.97362	66.53542	245.78045	-97.12737	332.06343	191.68863	-150.70188	319.27376	24.46109	-149.63297	95.86386	11.32667	-87.61300	123.92782	0.99791	-133.71441	153.40979	40.39535	-99.48228	66.67083	246.90315	-222.65947	414.80974	376.67277	88.62685	445.30013	125.78829	-216.96092	217.23359	407.83375	81.47714	227.47983	
295	2.940	242.08079	-24.57321	944.85028	258.16249	-43.87731	761.08744	376.68048	-4.39719	920.73268	359.39751	17.79783	613.90876	346.06133	-159.29249	627.08674	244.64551	-19.02711	664.89800	242.51389	-90.29695	675.12397	447.10349	-49.82237	382.88532	424.54516	12.37897	331.34966	379.98475	35.49034	65.23369	378.05320	-35.49198	76.55756	337.02513	-4.96046	90.21041	428.13856	-2.20821	64.80447	262.07267	-95.22286	330.14109	207.83364	-148.88017	317.66073	37.14423	-150.47863	97.52257	24.39734	-88.33483	125.57907	15.57707	-134.22672	155.77135	50.94797	-100.54997	66.83592	263.35895	-220.53768	413.29600	385.32937	91.22488	444.23371	141.35367	-216.13971	217.38336	412.16246	83.57400	224.99944	
296	2.950	254.55575	-25.18461	945.34436	273.09806	-44.76198	761.97567	389.17175	-4.46459	922.78944	372.09670	20.11056	615.86175	361.72777	-156.96637	626.10068	258.59381	-19.35782	667.48264	257.57612	-90.79605	676.34142	453.74226	-45.71893	381.21679	429.69948	16.03013	330.37407	380.32168	37.43336	64.39100	378.03706	-33.32950	76.70228	337.63096	-2.49367	90.60887	428.22608	-0.66419	63.77999	279.11414	-92.76944	329.00481	224.91574	-146.68830	316.58979	51.03967	-151.33913	99.82173	38.56510	-88.98859	127.55379	31.10714	-134.57730	158.52062	63.03317	-101.79683	67.68548	280.62303	-218.03228	412.41393	392.89218	94.51823	444.28288	158.06141	-215.03496	218.19322	415.61328	86.65026	223.35477	
297	2.960	266.77786	-26.17652	946.83323	287.62320	-45.70450	763.81259	401.35857	-4.88655	925.77725	384.31701	22.69377	618.72375	377.17928	-154.32146	626.02552	272.14605	-19.64618	670.93365	272.31190	-91.21697	678.37852	459.44580	-40.72846	380.32976	433.66655	20.47771	330.30779	380.37039	39.98142	64.26522	377.72269	-30.52751	77.57099	337.86975	0.65762	91.69105	427.97158	1.44489	63.38791	296.85800	-89.86489	328.71834	242.85015	-144.19063	316.14936	66.02824	-152.20116	102.82854	53.75383	-89.54267	129.88263	47.41402	-134.71507	161.69711	76.68730	-103.23676	69.30951	298.55985	-215.21275	412.27305	399.36637	98.38279	445.34435	175.70118	-213.69818	219.78642	418.21070	90.49734	222.46483	
298	2.970	278.72266	-27.52384	949.25214	301.67006	-46.62973	766.52163	413.22540	-5.67124	929.61017	396.06638	25.50916	622.38304	392.34784	-151.38617	626.88341	285.29945	-19.82456	675.13433	286.68538	-91.48421	681.17393	464.21075	-35.11462	380.11964	436.46298	25.49462	331.02450	380.31515	42.84235	64.73223	377.35870	-27.38554	79.01898	337.93899	4.15079	93.28479	427.60875	3.87972	63.53197	315.27705	-86.65237	329.30889	261.55900	-141.47988	316.40166	82.01975	-153.06004	106.55163	69.92037	-89.98457	132.56801	64.37799	-134.61719	165.30273	91.93200	-104.87539	71.73777	317.02278	-212.17643	412.96274	404.81548	102.65004	447.25863	194.08278	-212.20824	222.24765	419.94802	94.84565	222.22926	
299	2.980	290.37588	-29.17507	952.49078	315.19518	-47.46410	769.98411	424.77093	-6.80996	934.16448	407.36727	28.50908	626.69396	407.18615	-148.20266	628.64944	298.06522	-19.83903	679.93338	300.67863	-91.53864	684.62906	468.07858	-29.19189	380.46499	438.17956	30.81150	332.37663	380.25431	45.72169	65.67145	377.11729	-24.20945	80.89708	337.96880	7.62931	95.23364	427.28872	6.40431	64.10667	334.36117	-83.29943	330.76399	280.97730	-138.66530	317.37224	98.96445	-153.91655	110.93127	87.05526	-90.31992	135.57829	81.94600	-134.29137	169.29358	108.76928	-106.70272	74.93208	335.86696	-209.03746	414.53600	409.36377	107.12495	449.83278	213.06256	-210.65758	225.60047	420.82339	99.39709	222.54274	
300	2.990	301.73539	-31.05467	956.39968	328.17808	-48.14204	774.04573	436.00882	-8.27741	939.28156	418.25024	31.63874	631.48555	421.66441	-144.82493	631.24815	310.46085	-19.65638	685.15157	314.28555	-91.34445	688.61020	471.14389	-23.28174	381.24364	438.98443	36.14834	334.21272	380.22670	48.35662	66.97626	377.10860	-21.27547	83.06674	338.04171	10.76635	97.41055	427.09705	8.81117	65.00724	354.11196	-79.97460	333.03344	301.05749	-135.85925	319.04433	116.85825	-154.77397	115.84006	105.17749	-90.57018	138.84795	100.13291	-133.77593	173.57948	127.17945	-108.68839	78.78872	354.96262	-205.91360	416.99760	413.18614	111.60819	452.86194	232.56426	-209.13688	229.79199	420.87030	103.86047	223.30338	
301	3.000	312.81220	-33.06799	960.79961	340.61838	-48.61141	778.52582	446.96712	-10.03321	944.77369	428.74804	34.83891	636.57134	435.76617	-141.31576	634.55500	322.50327	-19.26838	690.59043	327.50608	-90.89308	692.95369	473.55661	-17.66699	382.34088	439.11093	41.24818	336.38776	380.23869	50.54338	68.55698	377.39622	-18.80038	85.40912	338.21145	13.30223	99.72202	427.07300	10.94055	66.13585	374.53590	-76.82534	336.03607	321.77198	-133.16431	321.35933	135.74040	-155.63600	121.09424	124.32533	-90.76930	142.28330	119.01181	-133.13677	178.03098	147.12266	-110.78110	83.15000	374.20675	-202.91287	420.29903	416.48697	115.91829	456.14673	252.58896	-207.72164	234.68939	420.17627	107.98455	224.41584	
302	3.010	323.63020	-35.10857	965.49309	352.53204	-48.83761	783.22843	457.68636	-12.02457	950.43247	438.89096	38.04883	641.75924	449.48394	-137.74293	638.40247	334.20398	-18.69276	696.04240	340.34129	-90.20365	697.47373	475.51532	-12.55522	383.65051	438.83315	45.90620	338.76699	380.28659	52.15603	70.33785	378.00978	-16.92090	87.82783	338.51698	15.07218	102.10401	427.22697	12.69200	67.40405	395.63692	-73.96117	339.67000	343.11270	-130.66282	324.22349	155.68432	-156.50557	126.47359	144.54594	-90.95915	145.77166	138.69592	-132.46023	182.49224	168.54430	-112.91290	87.82274	393.53113	-200.12218	424.34121	419.47330	119.90931	459.50542	273.21084	-206.46359	240.09064	418.88777	111.58394	225.79078	
303	3.020	334.22484	-37.06678	970.27667	363.94729	-48.80580	787.95397	468.21646	-14.18974	956.03930	448.70431	41.20938	646.86097	462.81534	-134.17513	642.59045	345.56670	-17.97070	701.30142	352.79021	-89.32004	701.97227	477.25125	-8.05954	385.07142	438.43579	49.98867	341.22564	380.37165	53.15487	72.25068	378.95299	-15.68432	90.24642	338.98979	16.02128	104.51218	427.55351	14.02758	68.73268	417.40916	-71.44434	343.82477	365.08708	-128.41039	327.51976	176.78304	-157.38440	131.74617	165.88635	-91.18381	149.19164	159.31616	-131.84188	186.79684	191.38292	-115.00769	92.59995	412.90472	-197.59979	428.98453	422.33008	123.48145	462.78112	294.55837	-205.38832	245.74861	417.20304	114.55420	227.34248	
304	3.030	344.64075	-38.83915	974.95297	374.90096	-48.52126	792.51068	478.61299	-16.46205	961.37708	458.20807	44.26600	651.70047	475.76027	-130.67815	646.89965	356.58760	-17.16143	706.17334	364.84863	-88.30511	706.24986	479.00493	-4.19960	386.50331	438.18512	53.43896	343.64718	380.50633	53.58317	74.22811	380.20728	-15.05144	92.60295	339.65481	16.20403	106.91062	428.03913	14.96697	70.05050	439.83033	-69.28919	348.39343	387.71000	-126.43409	331.12282	199.13221	-158.27283	136.69349	188.38759	-91.48301	152.42244	180.99877	-131.37229	190.78315	215.57900	-116.99228	97.28216	432.32957	-195.37290	434.06426	425.20409	126.58365	465.84477	316.78416	-204.49824	251.40434	415.35603	116.87454	228.98614	
305	3.040	354.92870	-40.33717	979.34142	385.43540	-48.00793	796.72476	488.93308	-18.77424	966.24215	467.41874	47.17126	656.12122	488.31939	-127.31153	651.10674	367.25792	-16.33470	710.48532	376.50982	-87.23285	710.11693	480.99961	-0.92030	387.84428	438.30629	56.27091	345.92242	380.71285	53.55278	76.19905	381.73297	-14.91117	94.84408	340.52681	15.76847	109.26227	428.66547	15.57568	71.29297	462.85612	-67.46972	353.28275	410.99251	-124.73504	334.91443	222.81369	-159.16938	141.13154	212.08239	-91.88552	155.35054	203.84684	-131.12204	194.30652	241.08254	-118.80722	101.69510	451.83017	-193.44034	439.40853	428.19970	129.20951	468.59486	340.02883	-203.77899	256.82284	413.59497	118.59868	230.63596	
306	3.050	365.14225	-41.49479	983.28688	395.59641	-47.30554	800.44861	499.23148	-21.06264	970.45542	476.35282	49.88689	659.99203	500.49409	-124.12617	654.99952	377.56840	-15.56213	714.09395	387.76691	-86.17980	713.40427	483.41649	1.87897	388.99195	438.96898	58.55296	347.95046	381.01591	53.22073	78.08774	383.47026	-15.10441	96.92103	341.60491	14.92707	111.52374	429.40920	15.94852	72.40201	486.41600	-65.93338	358.42001	434.92845	-123.29442	338.79662	247.88270	-160.06978	144.92437	236.99554	-92.40371	157.87378	227.92825	-131.12913	197.24669	267.85778	-120.41476	105.70182	471.43760	-191.77950	444.85561	431.38556	131.38833	470.95517	364.38602	-203.20663	261.82420	412.15820	119.83634	232.20501	
307	3.060	375.33438	-42.27369	986.66577	405.43203	-46.46567	803.56665	509.55735	-23.27090	973.87177	485.03137	52.38494	663.21158	512.28779	-121.16282	658.39087	387.51466	-14.90869	716.89134	398.61651	-85.21642	715.97214	486.37659	4.31313	389.84807	440.28143	60.38728	349.64185	381.43304	52.76072	79.81679	385.34195	-15.45295	98.78848	342.86809	13.91938	113.64517	430.24075	16.19120	73.32732	510.41065	-64.61775	363.75531	459.48112	-122.08119	342.70003	274.36006	-160.96543	147.98873	263.14522	-93.03003	159.90316	253.27066	-131.39151	199.51014	295.88394	-121.80178	109.20808	491.17108	-190.35560	450.26747	434.80749	133.17412	472.87150	389.87517	-202.75411	266.30329	411.25000	120.72914	233.60737	
308	3.070	385.55446	-42.66604	989.38941	414.99222	-45.54725	805.99863	519.95182	-25.35312	976.38702	493.48470	54.64804	665.71139	523.70825	-118.45160	661.13006	397.10293	-14.42519	718.80926	409.06297	-84.39982	717.71724	489.93245	6.48594	390.32554	442.29113	61.88875	350.92329	381.96574	52.33468	81.31360	387.25892	-15.78853	100.40653	344.27393	12.97327	115.57489	431.12338	16.40310	74.02887	534.71126	-63.46651	369.25890	484.57219	-121.05969	346.58608	302.23014	-161.84168	150.29007	290.54317	-93.73657	161.36346	279.86251	-131.86676	201.02823	325.15140	-122.97685	112.16147	511.02067	-189.13091	455.53731	438.50225	134.63470	474.30874	416.42726	-202.39599	270.23425	411.01894	121.42534	234.76272	
309	3.080	395.84589	-42.69428	991.40471	424.32926	-44.61203	807.70020	530.44684	-27.27611	977.94195	501.75644	56.66892	667.45716	534.77059	-116.01242	663.11061	406.35513	-14.14290	719.82079	419.12269	-83.76837	718.57721	494.07094	8.47480	390.35617	444.99054	63.16743	351.74306	382.59441	52.06926	82.51856	389.12843	-15.97693	101.74504	345.76185	12.27160	117.26697	432.01400	16.66359	74.48007	559.16090	-62.44104	374.91399	510.07491	-120.19560	350.44249	331.44329	-162.67640	151.83188	319.19180	-94.47747	162.19352	307.65780	-132.47900	201.75274	355.65354	-123.96197	114.54510	530.93477	-188.07218	460.58976	442.50746	135.84274	475.24883	443.88610	-202.11116	273.65876	411.54228	122.05730	235.60284	
310	3.090	406.24451	-42.40842	992.69241	433.49852	-43.72031	808.66126	541.06499	-29.02067	978.52309	509.90615	58.44906	668.44829	545.50035	-113.85590	664.27409	415.31278	-14.07069	719.93956	428.82791	-83.33884	718.53211	498.72620	10.32678	389.89730	448.32701	64.31636	352.07560	383.27890	52.04122	83.39327	390.86424	-15.93354	102.78877	347.26090	11.92993	118.68970	432.86643	17.02388	74.67070	583.57798	-61.52514	380.70579	535.81320	-119.45911	354.27284	361.92040	-163.43927	152.64150	349.07703	-95.19403	162.34675	336.58166	-133.13186	201.65076	387.37445	-124.78110	116.36788	550.81567	-187.15455	465.37436	446.86581	136.86913	475.69001	472.02410	-201.88315	276.66092	412.81993	122.72508	236.07907	
311	3.100	416.77782	-41.88098	993.26324	442.55936	-42.92724	808.90205	551.82038	-30.58179	978.16064	518.01001	59.99702	668.71552	555.93642	-111.98458	664.60968	424.03908	-14.19520	719.21647	438.22943	-83.10642	717.60315	503.79998	12.06351	388.93598	452.21613	65.40526	351.92429	383.96510	52.27331	83.92699	392.39711	-15.62837	103.54163	348.70094	11.98844	119.83290	433.63681	17.50475	74.60865	607.76195	-60.72202	386.60840	561.56732	-118.82479	358.08212	393.55697	-164.09214	152.75555	380.15695	-95.82127	161.79179	366.53419	-133.72436	200.70046	420.27369	-125.44803	117.65306	570.52465	-186.36172	469.85399	451.62390	137.77855	475.64694	500.56884	-201.69809	279.33424	414.78023	123.48805	236.16901	
312	3.110	427.46503	-41.20040	993.15249	451.57606	-42.27986	808.46774	562.72017	-31.96799	976.92348	526.15925	61.32657	668.31656	566.13311	-110.39410	664.14976	432.61892	-14.48374	717.73414	447.39805	-83.04729	715.84858	509.18571	13.69068	387.48956	456.55847	66.47922	351.32115	384.59635	52.74057	84.13996	393.68427	-15.08091	104.02893	350.02555	12.41819	120.71245	434.29065	18.09970	74.31984	631.50121	-60.04440	392.57150	587.08566	-118.26872	361.86074	426.22356	-164.59032	152.20818	412.34707	-96.29465	160.51305	397.39029	-134.16621	198.88879	454.26901	-125.95661	118.42706	589.89620	-185.68252	473.99126	456.82832	138.62648	475.15051	529.23401	-201.54021	281.74828	417.29810	124.36505	235.88091	
313	3.120	438.31777	-40.46352	992.41360	460.61824	-41.81500	807.42183	573.76656	-33.19958	974.91221	534.45633	62.45496	667.33002	576.16120	-109.07401	662.96223	441.15650	-14.88961	715.59928	456.42412	-83.12358	713.35740	514.79210	15.20810	385.60286	461.25843	67.56087	350.32306	385.12767	53.38436	84.08286	394.71650	-14.34686	104.29680	351.20416	13.13904	121.37128	434.81018	18.78218	73.84611	654.58310	-59.50048	398.50920	612.10147	-117.76366	365.57010	459.76110	-164.88468	151.02373	445.50436	-96.55557	158.51052	428.99467	-134.38919	196.21158	489.21893	-126.27562	118.71030	608.75886	-185.10506	477.73606	462.52185	139.45709	474.24659	557.74808	-201.38625	283.92243	420.22298	125.34158	235.25436	
314	3.130	449.34130	-39.76799	991.11121	469.76093	-41.55789	805.83908	584.95886	-34.30628	972.25055	543.00946	63.40135	665.84794	586.10750	-108.00822	661.14054	449.77081	-15.35904	712.93382	465.41540	-83.28970	710.24140	520.56298	16.61694	383.34185	466.24323	68.65462	349.00464	385.53981	54.13073	83.83243	395.52180	-13.50034	104.40867	352.24169	14.04458	121.87660	435.20056	19.51493	73.24102	676.80559	-59.07932	404.29317	636.35241	-117.27388	369.13251	493.97042	-164.92433	149.21470	479.41251	-96.55508	155.79869	461.15252	-134.35219	192.67585	524.90704	-126.34975	118.51104	626.95896	-184.61009	481.01747	468.74185	140.30171	472.99272	585.87433	-201.20044	285.81270	423.41212	126.38161	234.35638	
315	3.140	460.53595	-39.20513	989.31449	479.08373	-41.52152	803.79858	596.29529	-35.32413	969.07621	551.92576	64.18565	663.96767	596.07276	-107.17524	658.79275	458.58912	-15.83855	709.86536	474.49292	-83.49929	706.62645	526.49025	17.92291	380.78506	471.47935	69.75156	347.44849	385.85039	54.90900	83.48380	396.16526	-12.61534	104.43935	353.18395	15.02848	122.31401	435.49378	20.25940	72.56409	697.98995	-58.73941	409.75201	659.60042	-116.75142	372.42777	528.59774	-164.65981	146.78441	513.77132	-96.25539	152.40479	493.61761	-134.03982	188.30353	561.03043	-126.10666	117.82324	644.38276	-184.16540	483.74178	475.52115	141.17801	471.45291	613.41859	-200.93184	287.31447	426.76304	127.44076	233.27308	
316	3.150	471.89871	-38.85389	987.09126	488.66927	-41.70655	801.37756	607.77445	-36.29207	965.53169	561.30414	64.82756	661.78374	606.16768	-106.54834	656.03098	467.73904	-16.28194	706.51800	483.78509	-83.71171	702.64399	532.61847	19.13563	378.01363	476.98303	70.83419	345.73425	386.12003	55.66694	83.14049	396.74503	-11.74990	104.46753	354.11812	16.00708	122.77894	435.74918	20.98368	71.87426	717.99327	-58.40390	414.67813	681.64960	-116.13528	375.29774	563.31944	-164.04692	143.73291	548.19288	-95.63005	148.36693	526.08109	-133.45580	183.13583	597.19474	-125.46912	116.62854	660.97327	-183.72296	485.79761	482.89049	142.08988	469.69114	640.22372	-200.51542	288.27994	430.23894	128.47805	232.09786	
317	3.160	483.42458	-38.77622	984.50356	498.60056	-42.10173	798.64668	619.39629	-37.24833	961.75606	571.22827	65.34579	659.38070	616.50716	-106.09616	652.96261	477.33980	-16.65557	703.00448	493.42036	-83.89701	698.42354	539.04066	20.26554	375.10151	482.82248	71.88041	343.92828	386.45207	56.38008	82.90335	397.38505	-10.93588	104.56775	355.16831	16.93446	123.36685	436.05050	21.66767	71.22340	736.71917	-57.96414	418.84231	702.35977	-115.35470	377.55907	597.73105	-163.05145	140.06468	582.20680	-94.66385	143.73307	558.16504	-132.61414	177.23740	632.91814	-124.37022	114.90219	676.73852	-183.22009	487.06735	490.88043	143.02818	467.76477	666.15342	-199.87717	288.54596	433.88199	129.46414	230.91799	
318	3.170	495.10771	-39.01402	981.60516	508.95746	-42.68454	795.66717	631.16238	-38.22690	957.87819	581.76069	65.75743	656.82770	627.20277	-105.78383	649.68433	487.49366	-16.94144	699.42040	503.51881	-84.03890	694.08709	545.88605	21.32020	372.10733	489.11049	72.86660	342.07556	386.98612	57.05424	82.85990	398.22531	-10.17510	104.80299	356.48677	17.80821	124.16301	436.49976	22.30521	70.65085	754.12533	-57.29192	422.01487	721.65424	-114.33673	379.02281	631.34569	-161.65504	135.79660	615.27603	-93.35354	138.56176	589.42450	-131.53138	170.69956	667.64592	-122.76915	112.62218	691.74996	-182.58507	487.44313	499.52114	143.97229	465.71926	691.07089	-198.94295	287.96555	437.81184	130.38519	229.80217	
319	3.180	506.94206	-39.58779	978.44127	519.81225	-43.42230	792.49026	643.07576	-39.25432	954.01199	592.93839	66.07724	654.17544	638.35424	-105.57499	646.27953	498.27814	-17.13754	695.84146	514.18327	-84.13515	689.74579	553.30199	22.30120	369.06904	495.98843	73.76981	340.19552	387.88633	57.72169	83.07543	399.41097	-9.44201	105.21884	358.24192	18.66592	125.23336	437.20911	22.90320	70.17980	770.22593	-56.25880	423.99141	739.52079	-113.01727	379.51860	663.60662	-159.86203	130.96539	646.82342	-91.71028	132.92494	619.36150	-130.22281	163.64223	700.77665	-120.66479	109.78058	706.13097	-181.74677	486.84462	508.83955	144.89215	463.58511	714.81986	-197.64999	286.43640	442.20964	131.24240	228.79127	
320	3.190	518.92170	-40.49668	975.05054	531.22456	-44.27336	789.15889	655.14023	-40.34704	950.25394	604.77035	66.31698	651.45598	650.04052	-105.43452	642.81924	509.73995	-17.25564	692.32370	525.49096	-84.19558	685.49905	561.43290	23.20244	366.00253	503.60420	74.56887	338.28265	389.32653	58.43249	83.58711	401.08174	-8.69138	105.84007	360.60487	19.57446	126.61763	438.29193	23.47841	69.81631	785.08848	-54.75939	424.61970	756.00576	-111.35400	378.92004	693.91617	-157.70608	125.63402	676.26822	-89.76353	126.91256	647.45219	-128.70400	156.21451	731.69940	-118.10478	106.39512	720.03720	-180.64708	485.23562	518.85425	145.75080	461.37780	737.21522	-195.95984	283.92138	447.29094	132.04811	227.89431	
321	3.200	531.04053	-41.71973	971.46909	543.23619	-45.18867	785.71145	667.35912	-41.50947	946.68295	617.23714	66.48471	648.68541	662.31156	-105.33187	639.36605	521.89122	-17.31698	688.90686	537.48619	-84.23818	681.43584	570.39974	24.00969	362.90449	512.08874	75.24468	336.31187	391.47462	59.24330	84.40226	403.36282	-7.86892	106.67011	363.73594	20.61450	128.32576	439.85485	24.05293	69.55124	798.82460	-52.73457	423.82397	771.20209	-109.33870	377.16729	721.68080	-155.25528	119.89664	703.06975	-87.56565	120.63772	673.18623	-126.99723	148.59321	759.83979	-115.18804	102.51934	733.63167	-179.25404	482.63686	529.57005	146.50698	459.10053	758.04821	-193.87081	280.45864	453.27305	132.81959	227.09057	
322	3.210	543.29166	-43.21813	967.73592	555.86619	-46.11368	782.18703	679.73384	-42.73299	943.36242	630.29269	66.58412	645.86903	675.18174	-105.24444	635.97988	534.70850	-17.34671	685.62016	550.17544	-84.28390	677.63751	580.28370	24.70075	359.75928	521.53567	75.77963	334.24778	394.47870	60.20581	85.50102	406.35848	-6.92294	107.69364	367.77286	21.86373	130.33860	441.99201	24.64907	69.36511	811.57563	-50.19025	421.62263	785.23293	-107.00681	374.28342	746.36785	-152.61352	113.88126	726.77408	-85.19532	114.24038	696.11467	-125.14072	140.97914	784.71056	-112.05968	98.24857	747.05862	-177.57339	479.13284	540.97417	147.11775	456.74941	777.10729	-191.42756	276.16133	460.34343	133.57195	226.33754	
323	3.220	555.66651	-44.93795	963.89891	569.10700	-46.99068	778.63132	692.26218	-43.99596	940.34384	643.86787	66.61405	643.00852	688.62618	-105.16058	632.72440	548.13453	-17.36807	682.48957	563.52513	-84.35137	674.18129	591.11670	25.24576	356.54894	531.98836	76.15640	332.05620	398.45661	61.35655	86.84339	410.14878	-5.81498	108.88178	372.82195	23.38107	132.61283	444.78250	25.28465	69.23520	823.49487	-47.20787	418.13599	798.23310	-104.44185	370.38140	767.56646	-149.91661	107.74882	747.05816	-82.75783	107.88737	715.89964	-123.19712	133.58992	805.96078	-108.89834	93.71989	760.42028	-175.65615	474.87193	553.03567	147.54087	454.32006	794.21066	-188.72516	271.20841	468.63514	134.31161	225.58326	
324	3.230	568.15364	-46.81334	960.02031	582.92205	-47.76171	775.10208	704.93654	-45.26474	937.67150	657.87563	66.56840	640.11000	702.58060	-105.08161	629.67250	562.08281	-17.39745	679.54524	577.46297	-84.45229	671.14334	602.88039	25.60732	353.26457	543.43693	76.35651	329.71589	403.49022	62.70929	88.37942	414.78980	-4.52812	110.19934	378.95309	25.19433	135.08957	448.29141	25.96911	69.14390	834.72864	-43.94415	413.58180	810.33088	-101.77360	365.65999	785.04229	-147.32219	101.68709	763.76475	-80.38086	101.76681	732.35761	-121.25803	126.64898	823.41599	-105.89721	89.10456	773.76050	-173.60033	470.05946	565.70898	147.73708	451.81469	809.24259	-185.90577	265.82851	478.21319	135.03138	224.78083	
325	3.240	580.73764	-48.76996	956.18073	597.24554	-48.37189	771.67324	717.74230	-46.49570	935.38719	672.21716	66.43640	637.19188	716.94507	-105.02229	626.90950	576.44449	-17.44116	676.82790	591.88281	-84.58847	668.60060	615.51339	25.74089	349.91741	555.82509	76.35908	327.22836	409.62455	64.25067	90.06100	420.31713	-3.07226	111.61277	386.19886	27.29210	137.70532	452.57400	26.70108	69.08674	845.39908	-40.61921	408.25814	821.63259	-99.16960	360.38858	798.77493	-144.99417	95.89838	776.92201	-78.20520	96.07629	745.48729	-119.44200	120.37031	837.10201	-103.24155	84.59293	787.05801	-171.54560	464.94447	578.94064	147.67226	449.24855	822.18359	-183.14739	260.27842	489.07299	135.70802	223.90246	
326	3.250	593.39813	-50.72856	952.48067	611.98456	-48.77331	768.43653	730.65660	-47.63802	933.53430	686.78852	66.20358	634.29140	731.59177	-105.00960	624.53320	591.09691	-17.49444	674.39283	606.65282	-84.75109	666.63047	628.92500	25.59635	346.54738	569.06472	76.14059	324.62461	416.87125	65.93892	91.85285	426.75213	-1.48610	113.09732	394.55760	29.62041	140.40294	457.68225	27.46738	69.07845	855.59101	-37.49432	402.51519	832.21173	-96.82079	354.88243	808.96821	-143.08404	90.58152	786.74272	-76.37125	91.00577	755.47499	-117.88511	114.94035	847.24619	-101.08642	80.37415	800.23037	-169.66079	459.80145	592.67744	147.31958	446.65492	833.12495	-180.64608	254.81836	501.14916	136.30252	222.95056	
327	3.260	606.10910	-52.60879	949.03894	627.02359	-48.92893	765.50023	743.64756	-48.63711	932.16033	701.48721	65.85334	631.46876	746.37572	-105.07958	622.65037	605.91293	-17.54302	672.31074	621.62615	-84.92228	665.30840	643.01229	25.12179	343.22776	583.05420	75.67598	321.96759	425.21557	67.70544	93.74056	434.11007	0.16390	114.64192	403.99996	32.08380	143.14055	463.67216	28.24346	69.15573	865.34497	-34.84216	396.71956	842.10395	-94.92289	349.47164	816.02835	-141.71240	85.91066	793.60152	-75.00320	86.71801	762.67406	-116.72532	110.49964	854.25357	-99.53890	76.61422	813.14762	-168.12550	454.90853	606.87350	146.66180	444.08827	842.26182	-178.59457	249.68658	514.33099	136.76304	221.96413	
328	3.270	618.83870	-54.33312	945.98788	642.23124	-48.81627	762.98452	756.67437	-49.43830	931.31730	716.21797	65.36915	628.80802	761.14756	-105.27270	621.36982	620.77018	-17.56670	670.66514	636.65301	-85.07874	664.70329	657.67691	24.27010	340.06490	597.69578	74.94154	319.35068	434.62520	69.45877	95.73387	442.40912	1.78734	116.25058	414.47791	34.55037	145.89627	470.61013	28.99496	69.37565	874.65712	-32.91405	391.21644	851.30787	-93.65594	344.46843	820.51159	-140.95453	82.01544	797.99232	-74.19388	83.33045	767.56035	-116.08320	107.12776	858.66017	-98.64803	73.43740	825.65269	-167.10834	450.52437	621.49394	145.69347	441.62498	849.86457	-177.16076	245.07715	528.47995	137.03007	221.01967	
329	3.280	631.54960	-55.83086	943.46549	657.46855	-48.43043	761.01407	769.68812	-49.99053	931.05993	730.89753	64.73712	626.41444	775.76659	-105.62835	620.79324	635.55913	-17.54439	669.54653	651.59269	-85.19662	664.87157	672.83839	23.00820	337.19299	612.90820	73.91934	316.89238	445.05986	71.09019	97.86397	451.67870	3.27582	117.93971	425.93524	36.85991	148.66765	478.57703	29.68016	69.80954	883.48545	-31.90903	386.29575	859.79132	-93.16461	340.13762	823.05086	-140.83229	78.96712	800.47277	-73.99253	80.90264	770.67183	-116.04281	104.83546	861.07057	-98.40377	70.91468	837.58471	-166.74543	446.86646	636.51392	144.42285	439.36181	856.23433	-176.46930	241.12513	543.44539	137.04309	220.22652	
330	3.290	644.20013	-57.04210	941.60545	672.59803	-47.78574	759.70830	782.63366	-50.24973	931.44153	745.45776	63.94863	624.40832	790.11248	-106.17908	621.00486	650.18923	-17.45926	669.04409	666.32410	-85.25671	665.85087	688.44176	21.32751	334.76432	628.63212	72.60253	314.72824	456.48007	72.48069	100.17531	461.96572	4.51069	119.73184	438.31824	38.83479	151.46588	487.66844	30.25275	70.53327	891.76083	-31.94969	382.16795	867.50160	-93.54188	336.67501	824.27656	-141.31355	76.77447	801.60533	-74.39797	79.43180	772.54408	-116.63657	103.56620	862.09140	-98.74392	69.06144	848.80075	-167.12267	444.09357	651.91309	142.87326	437.41173	861.65374	-176.58871	237.90206	559.07610	136.74796	219.71738	
331	3.300	656.74598	-57.92129	940.52596	687.49257	-46.91588	759.17080	795.45227	-50.18163	932.50821	759.84713	63.00277	622.91569	804.09414	-106.94576	622.06185	664.59262	-17.30306	669.23620	680.75361	-85.24859	667.65439	704.45877	19.25346	332.93650	644.82831	71.00036	313.00054	468.85407	73.50874	102.71333	473.33726	5.37192	121.64704	451.58512	40.29270	154.30623	497.99091	30.66467	71.61529	899.40056	-33.06829	378.95320	874.37834	-94.81822	334.19640	824.74812	-142.31810	75.39004	801.90525	-75.35792	78.85756	773.65463	-117.83712	103.20731	862.27241	-99.56651	67.84392	859.19302	-168.26504	442.29500	667.66708	141.08341	435.89739	866.34561	-177.52517	235.42211	575.22762	136.10381	219.63519	
332	3.310	669.14263	-58.44014	940.31886	702.04303	-45.87203	759.47891	808.08502	-49.76396	934.29213	774.03053	61.90800	622.05708	817.65473	-107.93409	623.98671	678.72508	-17.07860	670.18105	694.81931	-85.17309	670.26689	720.88375	16.85138	331.85795	661.47077	69.14180	311.84682	482.16231	74.05885	105.51081	485.87849	5.74787	123.69421	465.71274	41.06091	157.19716	509.65428	30.86901	73.10496	906.32237	-35.20507	376.68480	880.36747	-96.95770	332.73801	824.90827	-143.72874	74.72503	801.80345	-76.77478	79.07434	774.38543	-119.55819	103.60848	862.06490	-100.74460	67.19186	868.69949	-170.13433	441.48790	683.73854	139.10648	434.94201	870.44994	-179.22352	233.65643	591.76669	135.08850	220.11752	
333	3.320	681.34825	-58.58955	941.04037	716.16391	-44.71920	760.67505	820.47658	-48.98775	936.80476	787.98746	60.68284	621.93544	830.77227	-109.13316	626.76296	692.56445	-16.79983	671.90856	708.49142	-85.04243	673.64287	737.72592	14.22654	331.65360	678.53792	67.07655	311.38776	496.39923	74.03064	108.57571	499.68569	5.54522	125.86455	480.69954	40.99152	160.13102	522.76141	30.82285	75.02320	912.45761	-38.21839	375.32418	885.43481	-99.86157	332.26675	825.06540	-145.40535	74.66862	801.62770	-78.51694	79.94872	775.00783	-121.66435	104.60403	861.80179	-102.14105	67.01415	877.30810	-172.63529	441.62284	700.07085	137.00783	434.65818	874.02388	-181.57486	232.55076	608.57519	133.70157	221.28004	
334	3.330	693.32675	-58.38019	942.70456	729.79641	-43.53106	762.76080	832.57920	-47.85792	940.03098	801.70913	59.35537	622.62458	843.45617	-110.51598	630.33434	706.10685	-16.48967	674.41458	721.76896	-84.87805	677.70714	755.00058	11.51707	332.41230	696.00579	64.87281	311.71552	511.57280	73.34837	111.88323	514.85479	4.69866	128.12895	496.56411	39.97674	163.07861	537.39701	30.49033	77.35745	917.76276	-41.90473	374.78273	889.57813	-103.37905	332.69657	825.40102	-147.20018	75.10699	801.60179	-80.43396	81.33793	775.68823	-123.98793	106.03413	861.69843	-103.62174	67.21384	885.05551	-175.62846	442.59613	716.58703	134.86127	435.13550	877.06245	-184.42953	232.04135	625.55569	131.96442	223.20052	
335	3.340	705.05078	-57.84169	945.28020	742.90875	-42.38356	765.69427	844.35629	-46.39303	943.92493	815.19483	57.96155	624.15977	855.74038	-112.04192	634.60769	719.36144	-16.17614	677.65780	734.67343	-84.70676	682.35751	772.72136	8.88002	334.17761	713.84551	62.61205	312.88355	527.70249	71.97022	115.37361	531.46737	3.17955	130.44008	513.33989	37.96353	165.98893	553.61773	29.84593	80.06146	922.22885	-46.02507	374.94446	892.83611	-107.32414	333.90720	825.99479	-148.97258	75.93800	801.85828	-82.37349	83.10629	776.50858	-126.35004	107.76149	861.86935	-105.06650	67.70016	892.02184	-178.94729	444.26649	733.19509	132.74392	436.42832	879.53228	-187.61379	232.06553	642.63949	129.91778	225.90541	
336	3.350	716.50427	-57.02029	948.69144	755.49398	-41.34833	769.39124	855.78554	-44.62434	948.40812	828.44816	56.54248	626.53133	867.67428	-113.66066	639.45879	732.34437	-15.88750	681.55961	747.24042	-84.55599	687.46919	790.89470	6.47259	336.94311	732.02609	60.38132	314.89933	544.81660	69.89666	118.95576	549.57644	1.00261	132.73856	531.06725	34.96565	168.79395	571.44507	28.87809	83.05989	925.88836	-50.33384	375.68503	895.29274	-111.49632	335.76138	826.85753	-150.60176	77.07919	802.45925	-84.19762	85.13701	777.49407	-128.58216	109.68100	862.35378	-106.37748	68.39592	898.32236	-182.41699	446.47317	749.79955	130.73021	438.54579	881.40791	-190.94830	232.56558	659.79650	127.61762	229.36092	
337	3.360	727.68426	-55.97523	952.82215	767.56582	-40.48626	773.72958	866.86103	-42.59420	953.37015	841.47368	55.14089	629.68215	879.31269	-115.31726	644.74028	745.07287	-15.64755	686.00646	759.51039	-84.44894	692.90027	809.51717	4.43156	340.65299	750.52124	58.26444	317.72151	562.94956	67.17662	122.51586	569.19485	-1.77034	134.96139	549.78474	31.07148	171.41693	590.86263	27.59271	86.25626	928.81872	-54.60671	376.88422	897.07603	-115.70239	338.11834	827.96355	-151.99675	78.46878	803.41926	-85.79687	87.33816	778.64084	-130.54534	111.72171	863.14344	-107.48496	69.24022	904.09652	-185.87274	449.05269	766.31664	128.88549	441.44613	882.70128	-194.26630	233.48714	677.04511	125.13105	233.47047	
338	3.370	738.60163	-54.77400	957.52314	779.15329	-39.84224	778.55662	877.59425	-40.35390	958.67206	854.27444	53.79712	633.50918	890.70630	-116.95761	650.29073	757.56005	-15.47163	690.85463	771.51984	-84.40049	698.49768	828.57505	2.85489	345.20773	769.31764	56.33381	321.26208	582.13932	63.91021	125.92916	590.28880	-5.03051	137.05040	569.52112	26.44512	173.78215	611.81783	26.01650	89.54276	931.14162	-58.66338	378.43175	898.35088	-119.77624	340.84261	829.27679	-153.10297	80.06124	804.72562	-87.10037	89.64308	779.93834	-132.14468	113.84238	864.20692	-108.35063	70.18723	909.49484	-189.17525	451.85223	782.68994	127.26049	445.03676	883.47807	-197.42982	234.77462	694.45896	122.53334	238.07988	
339	3.380	749.28084	-53.48707	962.62172	790.29498	-39.44136	783.69829	888.01373	-37.96099	964.15203	866.85089	52.54518	637.86889	901.89371	-118.53407	655.94373	769.81127	-15.36406	695.93664	783.29409	-84.41455	704.10329	848.04540	1.78876	350.47417	788.42143	54.64399	325.39406	602.42477	60.24685	129.07278	612.77782	-8.62665	138.95849	590.28956	21.31924	175.82364	634.22787	24.19945	92.81023	933.01729	-62.38293	380.22771	899.30675	-123.59335	343.80843	830.76784	-153.90526	81.81976	806.35318	-88.08145	92.00619	781.38358	-133.33800	116.02258	865.50764	-108.96814	71.20226	914.66449	-192.22222	454.73831	798.90246	125.88755	449.18057	883.85936	-200.34155	236.36639	712.16750	119.90665	242.99071	
340	3.390	759.75840	-52.18225	967.93224	801.03372	-39.28720	788.96940	898.16352	-35.47641	969.63297	879.20094	51.40908	642.58588	912.89610	-120.01032	661.53637	781.82241	-15.31721	701.06905	794.84255	-84.48296	709.55959	867.89734	1.22248	356.29808	807.86022	53.22823	329.96340	623.84246	56.37803	131.83760	636.54163	-12.37399	140.65230	612.08459	15.97915	177.49097	657.98877	22.21614	95.95709	934.63375	-65.70932	382.17980	900.14225	-127.07821	346.90075	832.42178	-154.42694	83.70827	808.27245	-88.75795	94.39613	782.98671	-134.13797	118.25211	867.01384	-109.36107	72.25688	919.73532	-194.95441	457.60070	814.98215	124.77931	453.70795	884.01057	-202.95096	238.19148	730.34762	117.33991	247.98068	
341	3.400	770.08035	-50.91956	973.26684	811.41233	-39.36206	794.18391	908.10037	-32.96133	974.93134	891.32150	50.40017	647.46386	923.71494	-121.36518	666.91633	793.58018	-15.31224	706.06114	806.15708	-84.58624	714.71510	888.09247	1.09217	362.51746	827.67911	52.09811	334.80376	646.42262	52.52480	134.13758	661.43294	-16.06689	142.11083	634.88210	10.73908	178.75097	682.98583	20.16516	98.89631	936.19174	-68.64711	384.19964	901.04870	-130.20373	350.01420	834.23775	-154.72487	85.68502	810.45175	-89.18716	96.78793	784.76882	-134.60744	120.52099	868.70138	-109.57776	73.32417	924.80833	-197.35597	460.35212	830.99902	123.93015	458.43262	884.12242	-205.25318	240.16865	749.20519	114.92803	252.82853	
342	3.410	780.29902	-49.74667	978.44525	821.47074	-39.62922	799.16434	917.88999	-30.47419	979.86651	903.21070	49.51567	652.29779	934.33313	-122.59452	671.94733	805.06458	-15.32135	710.72403	817.21376	-84.69581	719.42911	908.58416	1.29231	368.97427	847.93082	51.24611	339.75149	670.18445	48.92066	135.91510	687.29405	-19.49420	143.32091	658.64209	5.91333	179.58522	709.10401	18.16614	101.55986	937.88676	-71.24830	386.19967	902.19505	-132.98360	353.05113	836.22248	-154.88031	87.69899	812.85500	-89.45540	99.15611	786.75405	-134.84816	122.81195	870.55070	-109.68358	74.37546	929.94869	-199.44912	462.92465	847.05404	123.31962	463.16884	884.38847	-207.28111	242.20765	768.94808	112.76880	257.33912	
343	3.420	790.46925	-48.69564	983.30301	831.24480	-40.03673	803.74984	927.60277	-28.06796	984.26988	914.87059	48.73889	656.88619	944.71913	-123.71116	676.51282	816.25287	-15.31107	714.87986	827.97761	-84.77735	723.57618	929.31547	1.69296	375.52316	868.66154	50.65000	344.65882	695.13135	45.79192	137.14214	713.97440	-22.45559	144.27084	683.31360	1.78635	179.98436	736.23638	16.35399	103.90051	939.89081	-73.59350	388.09175	903.71553	-135.45976	355.92004	838.37987	-154.98618	89.68981	815.43756	-89.66328	101.46997	788.95862	-134.98355	125.09630	872.54035	-109.75079	75.37892	935.18418	-201.28421	465.26437	863.26151	122.91695	467.74766	884.98323	-209.09200	244.21210	789.75445	110.95654	261.36419	
344	3.430	800.64454	-47.78101	987.69765	840.76653	-40.52222	807.80238	937.30915	-25.78771	987.99312	926.30972	48.04103	661.04254	954.83361	-124.74241	680.51811	827.12488	-15.24623	718.37058	838.40971	-84.79480	727.05001	950.21657	2.15958	382.03636	889.89501	50.27821	349.40310	721.24687	43.33782	137.81719	741.34594	-24.77717	144.94409	708.84049	-1.41395	179.94084	764.28977	14.87037	105.89110	942.33600	-75.77132	389.78787	905.70108	-137.68787	358.53502	840.69917	-155.13213	91.59071	818.14224	-89.90834	103.69168	791.37919	-135.13767	127.33364	874.63949	-109.84747	76.30022	940.50886	-202.92705	467.32573	879.72798	122.68560	472.02940	886.04248	-210.75146	246.08382	811.74219	109.57321	264.81463	
345	3.440	810.87350	-46.99953	991.51258	850.06566	-41.01827	811.21083	947.07529	-23.66891	990.91501	937.54509	47.38464	664.60481	964.63767	-125.72552	683.89112	837.66854	-15.09397	721.06579	848.47565	-84.71444	729.76707	971.20260	2.57177	388.40433	911.61813	50.09488	353.89082	748.49224	41.71325	137.95909	769.31341	-26.32463	145.31485	735.16676	-3.53558	179.44226	793.18648	13.85277	107.52165	945.30279	-77.85996	391.20280	908.19472	-139.72374	360.81703	843.14451	-155.38948	93.33400	820.89714	-90.26778	105.77744	793.98357	-135.41319	129.47478	876.80178	-110.02704	77.10503	945.89076	-204.44575	469.06696	896.53174	122.58684	475.91088	887.64713	-212.31796	247.72825	834.94569	108.67899	267.66215	
346	3.450	821.19692	-46.33133	994.65880	859.17204	-41.45762	813.89305	956.95927	-21.73614	992.94646	948.60335	46.72826	667.44267	974.10156	-126.70175	686.58215	847.88528	-14.82725	722.86908	858.15422	-84.50835	731.66946	992.17298	2.83764	394.53322	933.77081	50.06393	358.05622	776.80551	41.01634	137.59897	797.81715	-27.01258	145.34647	762.23956	-4.51184	178.46698	822.86190	13.42197	108.79484	948.81441	-79.91434	392.25838	911.19109	-141.61290	362.69689	845.64819	-155.79859	94.85789	823.61667	-90.78430	107.68109	796.70567	-135.87238	131.46732	878.96231	-110.32004	77.76265	951.28182	-205.89934	470.44751	913.70669	122.58234	479.32636	889.81118	-213.83087	249.06099	859.30439	108.30497	269.93043	
347	3.460	831.64567	-45.74254	997.07472	868.11845	-41.77788	815.79602	967.00821	-20.00262	994.03356	959.52097	46.03162	669.46189	983.21266	-127.70975	688.56295	857.79433	-14.42750	723.72246	867.44503	-84.15700	732.72712	1013.01305	2.90154	400.33979	956.24236	50.15151	361.85528	806.10193	41.28249	136.77207	826.82759	-26.80913	144.99335	790.00841	-4.35968	176.98355	853.25794	13.66937	109.72066	952.83866	-81.96007	392.88853	914.64009	-143.38469	364.11973	848.10998	-156.36139	96.11356	826.20576	-91.45786	109.35935	799.44666	-136.52463	133.26241	881.03895	-110.72985	78.24998	956.62833	-207.32986	471.42821	931.23340	122.63549	482.24269	892.47573	-215.30386	250.01498	884.66520	108.44987	271.67828	
348	3.470	842.23959	-45.18876	998.72446	876.94341	-41.92530	816.89445	977.25648	-18.47018	994.15853	970.34364	45.26077	670.60601	991.98176	-128.77945	689.82530	867.43554	-13.88590	723.60839	876.37409	-83.65053	732.93882	1033.59817	2.74409	405.74562	978.87513	50.32662	365.25659	836.27420	42.48490	135.51093	856.33123	-25.73583	144.20580	818.41976	-3.16843	174.95407	884.31253	14.64552	110.31096	957.29692	-83.99434	393.04424	918.45505	-145.05088	365.04971	850.40372	-157.04053	97.07112	828.56724	-92.24505	110.77760	802.08278	-137.32357	134.82176	882.93836	-111.23303	78.55497	961.88077	-208.75875	471.97384	949.03921	122.71197	484.64994	895.51119	-216.72456	250.54756	910.79808	109.08093	272.97865	
349	3.480	852.98746	-44.61922	999.59511	885.69345	-41.85744	817.18819	987.72505	-17.12987	993.33888	981.12483	44.39228	670.85553	1000.44663	-129.92750	690.37925	876.87019	-13.20337	722.54916	884.99660	-82.98874	732.33182	1053.79983	2.37525	410.67161	1001.47516	50.56003	368.23144	867.19127	44.54093	133.84110	886.30999	-23.86345	142.93684	847.40679	-1.08162	172.34099	915.94596	16.35152	110.57466	962.07933	-85.99176	392.69746	922.52523	-146.60806	365.47395	852.39094	-157.76579	97.72347	830.61148	-93.06658	111.91505	804.47946	-138.17470	136.12340	884.56602	-111.78427	78.67877	967.00263	-210.18735	472.05740	967.00694	122.77965	486.55006	898.73026	-218.05961	250.64601	937.42106	110.13818	273.89777	
350	3.490	863.88780	-43.98098	999.69352	894.42462	-41.54484	816.69892	998.42199	-15.96299	991.62487	991.92402	43.41609	670.22506	1008.67266	-131.15485	690.25099	886.17976	-12.38921	720.60397	893.39644	-82.17983	730.95997	1073.49306	1.82221	415.03435	1023.82811	50.82202	370.74542	898.69411	47.32244	131.77985	916.71639	-21.30470	141.14940	876.87559	1.72398	169.11593	948.04512	18.73465	110.51413	967.06429	-87.91316	391.84322	926.73233	-148.04236	365.40425	853.94022	-158.44683	98.08741	832.26718	-93.82147	112.76852	806.51014	-138.95264	137.16562	885.83901	-112.32513	78.63605	971.97765	-211.60034	471.66488	984.99076	122.80817	487.94608	901.91235	-219.26373	250.33014	964.22970	111.54025	274.47863	
351	3.500	874.93061	-43.22290	999.04299	903.20293	-40.97165	815.46653	1009.34390	-14.94256	989.09559	1002.80447	42.33650	668.75913	1016.75014	-132.44702	689.48055	895.46249	-11.45889	717.86362	901.68251	-81.23845	728.90016	1092.56392	1.11542	418.74502	1045.71786	51.07956	372.75325	930.58829	50.66832	129.33773	947.44852	-18.20504	138.82240	906.68945	5.05827	165.26851	980.44767	21.68925	110.12309	972.13967	-89.71480	390.49928	930.96962	-149.33500	364.87580	854.94911	-158.98991	98.20183	833.49204	-94.40552	113.35401	808.07707	-139.52486	137.96827	886.69938	-112.79484	78.45320	976.81556	-212.97121	470.79904	1002.83624	122.76845	488.83421	904.83811	-220.29024	249.65079	990.92475	113.19031	274.73174	
352	3.510	886.09942	-42.29903	997.68034	912.10337	-40.13559	813.54567	1020.47802	-14.03512	985.85421	1013.83075	41.17132	666.52732	1024.78888	-133.77670	688.11916	904.82818	-10.43137	714.44391	909.98218	-80.18336	726.24749	1110.91579	0.27551	421.71133	1066.94493	51.29410	374.19809	962.63414	54.39728	126.52202	978.32881	-14.73253	135.95455	936.65403	8.73354	160.81344	1012.92827	25.06330	109.38638	977.22298	-91.35647	388.70334	935.16117	-150.46747	363.94271	855.36493	-159.31559	98.12320	834.28191	-94.73051	113.70619	809.13080	-139.77736	138.57154	887.12588	-113.14121	78.16469	981.55550	-214.26815	469.48135	1020.40102	122.63249	489.20045	907.32913	-221.10100	248.68362	1017.23282	114.98134	274.63472	
353	3.520	897.37386	-41.17130	995.65349	921.20779	-39.04738	811.00273	1031.80474	-13.20285	982.02246	1025.06602	39.94941	663.61930	1032.91056	-135.10817	686.22651	914.39147	-9.32660	710.47804	918.43266	-79.03535	723.10940	1128.47392	-0.69556	423.84249	1087.34181	51.42081	375.01547	994.53695	58.32009	123.34095	1009.09090	-11.06715	132.56531	966.50663	12.57475	155.79438	1045.19000	28.67055	108.28152	982.27780	-92.80751	386.50794	939.27832	-151.42554	362.67096	855.20046	-159.37379	97.91913	834.67710	-94.74062	113.87562	809.68513	-139.63706	139.03243	887.14175	-113.32972	77.80806	986.26663	-215.45961	467.75130	1037.57278	122.37380	489.02223	909.28567	-221.67386	247.51894	1042.91670	116.80098	274.13996	
354	3.530	908.73201	-39.81152	993.01991	930.60139	-37.72994	807.91345	1043.30018	-12.40588	977.73505	1036.56890	38.70712	660.14043	1041.24008	-136.40254	683.86794	924.26423	-8.16383	706.10928	927.17113	-77.81592	719.59949	1145.18751	-1.81746	425.05669	1106.78315	51.41040	375.14104	1025.94069	62.25077	119.80754	1039.37789	-7.38973	128.69335	995.91241	16.42461	150.28379	1076.86346	32.30737	106.78217	987.32392	-94.05058	383.97397	943.35018	-152.20159	361.12993	854.54128	-159.15341	97.66102	834.76494	-94.42294	113.92425	809.82460	-139.08633	139.41939	886.81738	-113.34921	77.41831	991.04540	-216.51865	465.66350	1054.28133	121.96901	488.27451	910.71427	-222.00661	246.24935	1067.77465	118.53679	273.18830	
355	3.540	920.15271	-38.20262	989.84582	940.36811	-36.21744	804.36141	1054.93867	-11.60479	973.13406	1048.38986	37.48446	656.20798	1049.89675	-137.62280	681.11182	934.54762	-6.96095	701.48430	936.32474	-76.54695	715.83164	1161.02967	-3.12720	425.29038	1125.18978	51.21420	374.52106	1056.42926	66.01712	115.94253	1068.75387	-3.87045	124.39356	1024.47069	20.14539	144.37938	1107.51617	35.77275	104.86350	992.43979	-95.08313	381.16387	947.46585	-152.79538	359.38412	853.54322	-158.68447	97.41686	834.67782	-93.81018	113.91972	809.70320	-138.16682	139.80610	886.26689	-113.21327	77.02270	996.00938	-217.42584	463.28292	1070.50307	121.40069	486.93926	911.73833	-222.11739	244.95763	1091.63129	120.08260	271.72501	
356	3.550	931.61731	-36.33957	986.20605	950.58536	-34.55440	800.43712	1066.69467	-10.76313	968.36374	1060.56722	36.32132	651.94834	1058.98629	-138.73768	678.02725	945.32439	-5.73516	696.74787	946.00136	-75.25144	711.91514	1175.99568	-4.66808	424.50830	1142.52640	50.79228	373.12386	1085.53854	69.47105	111.77636	1096.72939	-0.65668	119.73403	1051.73280	23.61994	138.19805	1136.67317	38.88942	102.50907	997.75649	-95.91681	378.13561	951.76753	-153.21320	357.48652	852.42023	-158.03255	97.24510	834.58674	-92.97524	113.92915	809.53433	-136.97184	140.26481	885.63948	-112.95722	76.63687	1001.28842	-218.17024	460.67950	1086.25680	120.66157	485.01623	912.58850	-222.04176	243.70765	1114.32475	121.34690	269.71468	
357	3.560	943.11087	-34.22979	982.18441	961.31830	-32.79464	796.23771	1078.54425	-9.84988	963.56590	1073.12286	35.25476	647.49478	1068.59450	-139.72380	674.68225	956.65211	-4.50470	692.03915	956.28191	-73.95506	707.95135	1190.10017	-6.47327	422.71337	1158.79429	50.12405	370.95075	1112.78120	72.49915	107.35098	1122.79886	2.13923	114.79454	1077.23144	26.75448	131.86947	1163.84844	41.52353	99.71876	1003.44414	-96.57465	374.93869	956.43550	-153.46581	355.47488	851.42495	-157.28688	97.19045	834.69085	-92.01873	114.01317	809.57358	-135.62931	140.86016	885.10666	-112.63160	76.26299	1007.01428	-218.74862	457.92267	1101.59158	119.75955	482.53303	913.57419	-221.82712	242.53998	1135.69572	122.26299	267.15229	
358	3.570	954.62266	-31.89338	977.87417	972.61434	-31.00002	791.86682	1090.46585	-8.84168	958.87601	1086.05816	34.31729	642.98567	1078.78273	-140.56589	671.14267	968.55789	-3.29113	687.48936	967.21491	-72.68792	704.03210	1203.37396	-8.54667	419.95510	1174.02046	49.21950	368.04479	1137.68346	75.03289	102.72197	1146.48614	4.45142	109.66703	1100.51964	29.48450	125.53068	1188.58452	43.60040	96.51673	1009.69255	-97.08631	371.61262	961.66749	-153.56552	353.37124	850.82553	-156.54456	97.28194	835.20394	-91.05227	114.22093	810.09708	-134.27919	141.64402	884.84753	-112.29315	75.89048	1013.31072	-219.16312	455.07683	1116.56852	118.72305	479.55258	915.04223	-221.52509	241.47262	1155.58397	122.80037	264.06935	
359	3.580	966.14605	-29.36311	973.37833	984.49825	-29.23862	787.43437	1102.44039	-7.72464	954.42011	1099.35075	33.53649	638.56245	1089.58528	-141.25526	667.47190	981.03501	-2.12143	683.22063	978.81353	-71.48596	700.23975	1215.86077	-10.84490	416.33540	1188.24581	48.12866	364.49618	1159.83048	77.05738	97.96141	1167.39258	6.26959	104.45799	1121.21464	31.78363	119.32296	1210.49579	45.11366	92.95781	1016.68923	-97.48157	368.18815	967.65625	-153.52283	351.18456	850.88241	-155.89430	97.53338	836.33941	-90.18052	114.58681	811.37842	-133.05008	142.65186	885.03443	-111.99535	75.49925	1020.28540	-219.41761	452.19786	1131.23948	117.60547	476.17627	917.33186	-221.18297	240.50581	1173.83531	122.97545	260.53538	
360	3.590	977.67774	-26.68401	968.80933	996.96848	-27.58231	783.05585	1114.45088	-6.49560	950.31248	1112.95274	32.93546	634.36713	1101.00857	-141.78717	663.73137	994.04212	-1.02917	679.34524	991.05522	-70.39113	696.64852	1227.61357	-13.26466	412.01034	1201.51397	46.94665	360.44307	1178.91386	78.61647	93.16070	1185.24053	7.64349	99.29097	1139.04082	33.67314	113.39042	1229.30941	46.12592	89.13072	1024.59811	-97.78288	364.69073	974.56911	-153.34333	348.91575	851.82843	-155.40270	97.94583	838.29536	-89.48555	115.12942	813.66726	-132.03969	143.90110	885.82107	-111.77986	75.06534	1028.02493	-219.51378	449.33118	1145.62673	116.48760	472.54215	920.73534	-220.83562	239.62899	1190.31869	122.85891	256.65575	
361	3.600	989.21653	-23.91249	964.28793	1009.99508	-26.10324	778.85074	1126.48161	-5.16274	946.65397	1126.79122	32.53395	630.53870	1113.03185	-142.15768	659.98185	1007.50507	-0.05398	675.96486	1003.88393	-69.44987	693.32640	1238.69030	-15.63953	407.18619	1213.86262	45.81185	356.06694	1194.77315	79.81170	88.43172	1199.90545	8.68072	94.30711	1153.86432	35.22842	107.87887	1244.89732	46.76017	85.15636	1033.54227	-97.99832	361.14564	982.53281	-153.02537	346.56395	853.85431	-155.10527	98.51195	841.24129	-89.01587	115.85294	817.17155	-131.30242	145.39185	887.33480	-111.67050	74.56820	1036.59339	-219.44756	446.51154	1159.70765	115.47659	468.81797	925.47121	-220.49936	238.82789	1204.94946	122.57641	252.56667	
362	3.610	1000.76196	-21.11472	959.94093	1023.51948	-24.86955	774.93999	1138.51711	-3.74539	943.53083	1140.77136	32.34936	627.20846	1125.60911	-142.36094	656.28543	1021.32168	0.76097	673.16906	1017.21455	-68.70959	690.33688	1249.14835	-17.74914	402.10871	1225.31818	44.89593	351.58231	1207.42249	80.79308	83.90419	1211.43092	9.53633	89.66122	1165.71248	36.57838	102.93259	1257.29329	47.18230	81.18035	1043.59338	-98.11654	357.58348	991.62538	-152.55902	344.13296	857.10019	-155.00324	99.22154	845.30804	-88.78160	116.75106	822.04480	-130.84532	147.11005	889.67410	-111.67048	73.99885	1046.03345	-219.20713	443.76462	1173.40810	114.70039	465.18992	931.67323	-220.16900	238.09040	1217.71191	122.30023	248.42730	
363	3.620	1012.31269	-18.36408	955.89765	1037.45652	-23.94027	771.44213	1150.54119	-2.27307	941.01387	1154.78227	32.39721	624.49421	1138.67204	-142.38753	652.70755	1035.36905	1.37356	671.03303	1030.93924	-68.21339	687.73986	1259.03790	-19.34148	397.04524	1235.89388	44.38595	347.22068	1217.05524	81.74112	79.71779	1220.02330	10.39405	85.51205	1174.77316	37.89450	98.68720	1266.69116	47.57712	77.36025	1054.76893	-98.10514	354.04526	1001.87547	-151.92665	341.63683	861.65297	-155.06581	100.06767	850.58194	-88.75560	117.81249	828.37879	-130.63179	149.03273	892.91117	-111.76312	73.36758	1056.36917	-218.77294	441.11053	1186.60708	114.29690	461.84827	939.39342	-219.81877	237.41074	1228.67328	122.23096	244.40838	
364	3.630	1023.86521	-15.73766	952.28512	1051.69849	-23.35996	768.46849	1162.53611	-0.78370	939.15768	1168.70522	32.69072	622.49383	1152.13386	-142.22432	649.31887	1049.51300	1.74871	669.61444	1044.93516	-67.99361	685.59136	1268.39482	-20.16611	392.26068	1245.59084	44.46062	343.21010	1224.02323	82.84147	76.00890	1226.02640	11.44067	82.00739	1181.37214	39.36870	95.25797	1273.42328	48.12147	73.84918	1067.03725	-97.91363	350.58585	1013.26803	-151.10524	339.10404	867.54859	-155.23657	101.05260	857.10386	-88.87954	119.02725	836.20164	-130.59085	151.13450	897.09885	-111.91540	72.70974	1067.60871	-218.12026	438.56871	1199.15228	114.39816	458.97139	948.61497	-219.40653	236.79231	1237.98283	122.57092	240.67739	
365	3.640	1035.41263	-13.31179	949.22214	1066.12122	-23.15375	766.11732	1174.48212	0.67876	937.99983	1182.42325	33.23935	621.27874	1165.89382	-141.85617	646.19591	1063.61862	1.86495	668.94997	1059.07289	-68.06544	683.94177	1277.23449	-20.01332	387.99036	1254.40110	45.26429	339.75246	1228.79235	84.25582	72.89424	1229.87997	12.83736	79.26624	1185.93164	41.18237	92.72538	1277.92190	48.95861	70.77892	1080.32865	-97.48081	347.27513	1025.75416	-150.07006	336.57940	874.77815	-155.44240	102.19216	864.87313	-89.07317	120.39198	845.48102	-130.62918	153.39383	902.28017	-112.08344	72.08836	1079.74598	-217.22355	436.16352	1210.88414	115.11119	456.70972	959.26935	-218.88056	236.24993	1245.85335	123.49334	237.38156	
366	3.650	1046.94405	-11.15683	946.81248	1080.59166	-23.32350	764.46770	1186.35741	2.06720	937.55993	1195.83108	34.04660	620.88822	1179.84215	-141.26893	643.42017	1077.56069	1.72004	669.05212	1073.22485	-68.42174	682.83306	1285.54850	-18.75205	384.41440	1262.31201	46.88311	337.00224	1231.88218	86.09424	70.45511	1232.06911	14.69249	77.36212	1188.91719	43.47192	91.12148	1280.66983	50.17819	68.24586	1094.55009	-96.74550	344.19640	1039.26278	-148.79919	334.12364	883.29705	-155.60298	103.51720	873.85587	-89.24464	121.91293	856.13198	-130.64347	155.79758	908.49864	-112.21860	71.59195	1092.76029	-216.06215	433.92922	1221.66346	116.49867	455.17154	971.25304	-218.18748	235.81153	1252.52782	125.11312	234.63205	
367	3.660	1058.44427	-9.33178	945.13792	1094.97628	-23.84582	763.57356	1198.13858	3.33458	937.83867	1208.84368	35.10753	621.32542	1193.86532	-140.45344	641.07506	1091.23281	1.33457	669.90709	1087.27299	-69.03050	682.29522	1293.30547	-16.35880	381.63896	1269.31153	49.32780	335.05051	1233.80162	88.39441	68.72642	1233.07352	17.04121	76.31165	1190.78311	46.29815	90.42147	1282.14889	51.80470	66.30244	1109.60030	-95.65861	341.44206	1053.71163	-147.27818	331.81055	893.03617	-155.63949	105.07097	883.99642	-89.30059	123.60523	868.02924	-130.53109	158.34211	915.80679	-112.27315	71.32720	1106.61414	-214.62583	431.91308	1231.39699	118.56370	454.41252	984.44109	-217.28008	235.51921	1258.23904	127.46489	232.49293	
368	3.670	1069.89420	-7.87911	944.25182	1109.14948	-24.67262	763.45879	1209.80145	4.43711	938.81690	1221.40237	36.40666	622.55592	1207.85130	-139.40949	639.24068	1104.55390	0.75218	671.47426	1101.11497	-69.83576	682.34273	1300.45692	-12.93081	379.68885	1275.39439	52.52632	333.91790	1234.99309	91.11191	67.69360	1233.32491	19.83599	76.07159	1191.92681	49.62662	90.54367	1282.79492	53.79576	64.95545	1125.38284	-94.19426	339.10716	1069.01608	-145.50430	329.72182	903.91432	-155.48154	106.90185	895.23052	-89.15451	125.48820	881.02310	-130.19826	161.03044	924.27114	-112.20479	71.40660	1121.25019	-212.91951	430.17557	1240.05571	121.24269	454.43071	998.69694	-216.12396	235.42838	1263.17314	130.49289	230.97817	
369	3.680	1081.27176	-6.82053	944.17401	1123.00115	-25.73420	764.11398	1221.32241	5.33726	940.45509	1233.47750	37.91703	624.50920	1221.69469	-138.14876	637.98684	1117.47143	0.03616	673.68757	1114.66829	-70.76238	682.97145	1306.94767	-8.67962	378.51352	1280.56909	56.32840	333.55817	1235.79549	94.12393	67.29791	1233.17837	22.95015	76.54520	1192.65964	53.32403	91.35911	1282.96608	56.05004	64.17075	1141.81500	-92.35771	337.28162	1085.09474	-143.48966	327.94023	915.85047	-155.07189	109.05231	907.49812	-88.73321	127.57748	894.95783	-129.56566	163.86564	933.97215	-111.97945	71.93260	1136.58869	-210.96636	428.78699	1247.68236	124.40924	455.16841	1013.87968	-214.70213	235.60402	1267.44679	134.05524	230.05673	
370	3.690	1092.55338	-6.15440	944.88801	1136.44239	-26.94491	765.49556	1232.67990	6.00630	942.69330	1245.06751	39.60065	627.08315	1235.30137	-136.69619	637.36514	1129.96100	-0.73748	676.45867	1127.87213	-71.72406	684.15657	1312.72943	-3.90509	378.00481	1284.86529	60.52146	333.87131	1236.43015	97.24570	67.44851	1232.89992	26.19430	77.59656	1193.19697	57.17243	92.70884	1282.92752	58.42337	63.88269	1158.83209	-90.18892	336.04236	1101.87212	-141.26291	326.54208	928.77468	-154.36895	111.54605	920.75416	-87.98092	129.87585	909.69058	-128.57192	166.84224	944.99897	-111.57252	72.98095	1152.52684	-208.80872	427.82078	1254.38692	127.88878	456.52053	1029.85023	-213.01740	236.11347	1271.10375	137.94197	229.66398	
371	3.700	1103.71597	-5.85500	946.34080	1149.40898	-28.21060	767.52749	1243.85611	6.42606	945.45195	1256.19454	41.41064	630.15111	1248.59235	-135.08904	637.40137	1142.02273	-1.48929	679.68135	1140.68698	-72.63355	685.85166	1317.77546	1.04622	378.02158	1288.34031	64.85615	334.72297	1237.00868	100.25722	68.03764	1232.66867	29.34322	79.06972	1193.66565	60.89923	94.42506	1282.85210	60.75030	64.00592	1176.38760	-87.76106	335.44653	1119.27915	-138.86911	325.58970	942.63624	-153.34762	114.37640	934.97537	-86.86173	132.36538	925.10811	-127.17592	169.93800	957.43978	-110.96863	74.58651	1168.94135	-206.50697	427.34463	1260.33109	131.48130	458.34815	1046.47839	-211.09218	237.01601	1274.13069	141.90381	229.71562	
372	3.710	1114.73909	-5.87418	948.44571	1161.86235	-29.43703	770.10540	1254.83863	6.58992	948.63354	1266.89775	43.29472	633.57063	1261.50661	-133.37408	638.08959	1153.67512	-2.14651	683.23664	1153.09229	-73.41310	687.98910	1322.09366	5.83043	378.41496	1291.08278	69.07767	335.96550	1237.55707	102.93584	68.95534	1232.58939	32.16872	80.80843	1194.12366	64.21808	96.35133	1282.83339	62.86803	64.44707	1194.45038	-85.17435	335.52688	1137.25301	-136.36770	325.12526	957.40831	-151.99875	117.49904	950.16207	-85.36054	135.00322	941.13880	-125.35860	173.10868	971.36997	-110.16040	76.73477	1185.69456	-204.13601	427.41080	1265.70494	134.98783	460.49487	1063.65122	-208.96609	238.35097	1276.48639	145.68686	230.12062	
373	3.720	1125.60724	-6.14502	951.08796	1173.78806	-30.53824	773.10308	1265.62182	6.50280	952.12539	1277.22534	45.19947	637.19303	1274.00261	-131.60314	639.38880	1164.94765	-2.65220	686.99800	1165.08280	-74.00369	690.48181	1325.73518	10.15444	379.04827	1293.21181	72.95804	337.45616	1238.04850	105.08969	70.10078	1232.71054	34.47354	82.67298	1194.58526	66.87365	98.35797	1282.90619	64.63929	65.11448	1213.00026	-82.54602	336.29000	1155.73737	-133.82851	325.16676	973.08842	-150.32822	120.83124	966.33453	-83.48323	137.72296	957.75754	-123.12478	176.28755	986.84046	-109.14650	79.36115	1202.64417	-201.77963	428.04755	1270.70041	138.23524	462.80343	1081.28246	-206.69147	240.12669	1278.13586	149.06700	230.79086	
374	3.730	1136.31178	-6.58750	954.13249	1185.19250	-31.44376	776.38030	1276.20794	6.18010	955.80332	1287.22672	47.07477	640.87260	1286.05832	-129.82802	641.22315	1175.87325	-2.97195	690.83634	1176.66428	-74.37127	693.22617	1328.79653	13.81357	379.80842	1294.87093	76.32423	339.06966	1238.43711	106.58654	71.38858	1233.04294	36.12061	84.55147	1195.04543	68.68264	100.35030	1283.06922	65.97096	65.92502	1232.02343	-79.99789	337.71759	1174.68365	-131.32614	325.70670	989.69528	-148.35580	124.25830	983.52463	-81.25628	140.44136	974.98266	-120.50467	179.39039	1003.86881	-107.92968	82.35860	1219.65563	-199.52317	429.25319	1275.48693	141.09558	465.13024	1099.32108	-204.32778	242.31306	1279.08052	151.87889	231.64679	
375	3.740	1146.85241	-7.11523	957.43309	1196.09830	-32.10404	779.79151	1286.60753	5.64590	959.53621	1296.94602	48.87760	644.47478	1297.66978	-128.09563	643.48553	1186.48187	-3.09712	694.62450	1187.84923	-74.50937	696.10602	1331.41412	16.71221	380.60859	1296.21778	79.07744	340.70433	1238.68635	107.37383	72.75049	1233.57577	37.05330	86.36481	1195.49910	69.56395	102.26942	1283.30566	66.82584	66.80776	1251.50816	-77.64301	339.77057	1194.05331	-128.93349	326.71393	1007.26229	-146.11431	127.64627	1001.76474	-78.72577	143.06916	992.86582	-117.55456	182.32479	1022.43478	-106.51546	85.59193	1236.61565	-197.44515	430.99407	1280.19386	143.49717	467.35638	1117.75677	-201.93575	244.84012	1279.37807	154.03506	232.61953	
376	3.750	1157.23791	-7.64286	960.84198	1206.53949	-32.49338	783.19441	1296.83933	4.93042	963.19116	1306.41773	50.57489	647.88251	1308.84858	-126.44404	646.04437	1196.79600	-3.04439	698.24141	1198.65317	-74.43779	698.99752	1333.75177	18.86504	381.38443	1297.41160	81.20070	342.28272	1238.78780	107.48656	74.13339	1234.28800	37.30343	88.06573	1195.95262	69.55283	104.08722	1283.59848	67.22617	67.70496	1271.44094	-75.57346	342.39522	1213.82003	-126.71517	328.13851	1025.82892	-143.64881	130.85843	1021.07633	-75.95548	145.52317	1011.47688	-114.35528	185.00174	1042.48099	-104.91231	88.91602	1253.44433	-195.60930	433.20701	1284.90276	145.42684	469.39400	1136.61981	-199.57242	247.60390	1279.14904	155.53308	233.65054	
377	3.760	1167.48611	-8.09323	964.21877	1216.55677	-32.61044	786.45773	1306.92946	4.06706	966.63906	1315.66490	52.14486	651.00061	1319.61847	-124.90011	648.75267	1206.82851	-2.85190	701.57590	1209.09207	-74.19804	701.77474	1335.98327	20.38038	382.08729	1298.60127	82.75382	343.74877	1238.76875	107.04197	75.49559	1235.15518	36.98579	89.63359	1196.42749	68.79651	105.79765	1283.93947	67.24856	68.57123	1291.80293	-73.85108	345.53048	1233.97045	-124.72204	329.91880	1045.43128	-141.01576	133.77241	1041.46124	-73.02354	147.73663	1030.88728	-111.00751	187.34673	1063.91840	-103.13382	92.19410	1270.10356	-194.05818	435.80599	1289.65015	146.92406	471.18807	1155.97389	-197.28779	250.47927	1278.56996	156.45039	234.68995	
378	3.770	1177.62301	-8.40352	967.43801	1226.19386	-32.47639	789.46754	1316.91007	3.08945	969.76007	1324.69992	53.57699	653.75810	1330.01160	-123.47881	651.45821	1216.58315	-2.57288	704.53028	1219.18089	-73.84639	704.31554	1338.27321	21.43083	382.67782	1299.91564	83.85748	345.06366	1238.68906	106.22194	76.80282	1236.15225	36.28066	91.06688	1196.95739	67.53250	107.40718	1284.33191	67.01161	69.37184	1312.56635	-72.50263	349.11512	1254.50225	-122.98764	331.98993	1066.09303	-138.28160	136.29458	1062.89738	-70.01769	149.66527	1051.15508	-107.62371	189.30764	1086.63530	-101.20260	95.31277	1286.59921	-192.80976	438.69202	1294.43868	148.06889	472.71384	1175.90192	-195.12332	253.33784	1277.85561	156.92849	235.69448	
379	3.780	1187.68125	-8.53000	970.39487	1235.49489	-32.13105	792.13187	1326.81754	2.02859	972.44877	1333.52737	54.87072	656.10860	1340.06506	-122.18417	654.01385	1226.05716	-2.26800	707.02373	1228.93352	-73.44583	706.50756	1340.75930	22.21827	383.12196	1301.45705	84.66999	346.20180	1238.63004	105.24648	78.02535	1237.25394	35.40733	92.37532	1197.58106	66.05346	108.92634	1284.78832	66.65824	70.08087	1333.69072	-71.52017	353.09352	1275.41867	-121.52709	334.29207	1087.81845	-135.52040	138.36882	1085.33999	-67.02925	151.28779	1072.31434	-104.31740	190.85749	1110.50814	-99.15482	98.19117	1302.97576	-191.85750	441.76447	1299.25304	148.96610	473.97117	1196.48669	-193.11197	256.06711	1277.23415	157.14948	236.62579	
380	3.790	1197.69807	-8.45083	973.00845	1244.50309	-31.62784	794.38328	1336.69043	0.91064	974.61865	1342.14839	56.03315	658.02923	1349.81794	-121.01142	656.28695	1235.24553	-1.99746	708.99525	1238.36390	-73.05809	708.25389	1343.53926	22.94022	383.38995	1303.29783	85.36143	347.14806	1238.67864	104.34256	79.13666	1238.43410	34.59321	93.57318	1198.33370	64.66503	110.36385	1285.32516	66.33589	70.67976	1355.11916	-70.86659	357.41929	1296.71981	-120.33841	336.77694	1110.58857	-132.81040	139.97815	1108.72760	-64.14661	152.60101	1094.37029	-101.19164	191.99159	1135.41263	-97.04358	100.78317	1319.30348	-191.17403	444.93182	1304.07604	149.72841	474.97718	1217.78955	-191.27886	258.58695	1276.91951	157.30908	237.44956	
381	3.800	1207.71300	-8.16685	975.22295	1253.26064	-31.02804	796.17952	1346.56738	-0.24469	976.20544	1350.56565	57.07623	659.51819	1359.30939	-119.95002	658.16693	1244.14614	-1.81402	710.40607	1247.48798	-72.73680	709.47798	1346.66414	23.76293	383.45780	1305.47918	86.08952	347.89629	1238.91109	103.71353	80.11367	1239.66523	34.04364	94.67450	1199.23921	63.64383	111.72360	1285.95649	66.17740	71.15648	1376.77518	-70.48516	362.05571	1318.39185	-119.40577	339.41139	1134.36148	-130.22966	141.13880	1132.99096	-61.44921	153.61106	1117.30013	-98.32913	192.71964	1161.23352	-94.93948	103.07314	1335.65978	-190.71738	448.11967	1308.90131	150.46132	475.75860	1239.83130	-189.64228	260.85942	1277.08539	157.59003	238.13586	
382	3.810	1217.76550	-7.70048	977.00676	1261.80925	-30.39509	797.50243	1356.48526	-1.42487	977.16927	1358.78811	58.01380	660.59140	1368.57769	-118.98677	659.57072	1252.76483	-1.75760	711.24102	1256.32627	-72.52246	710.12742	1350.13879	24.80452	383.30988	1308.01209	86.98087	348.44865	1239.37921	103.51379	80.93817	1240.91888	33.91674	95.69058	1200.30488	63.20224	113.00448	1286.68855	66.28546	71.50511	1398.56058	-70.31114	366.97314	1340.39606	-118.70388	342.17706	1159.07648	-127.85124	141.88834	1158.06242	-59.00289	154.32317	1141.05847	-95.78586	193.05464	1187.87187	-92.92732	105.06683	1352.10796	-190.43848	451.27423	1313.73980	151.25167	476.34515	1262.57926	-188.21459	262.88944	1277.84482	158.13975	238.66043	
383	3.820	1227.89280	-7.09285	978.34994	1270.19138	-29.78960	798.35537	1366.47755	-2.62459	977.49533	1366.83491	58.85909	661.27854	1377.66046	-118.10884	660.44552	1261.11985	-1.85207	711.50859	1264.90643	-72.43962	710.17625	1353.92867	26.12870	382.94120	1310.88000	88.11948	348.81535	1240.10187	103.83218	81.59881	1242.16702	34.30668	96.62931	1201.51964	63.46476	114.20207	1287.51625	66.72244	71.72583	1420.35498	-70.28311	372.14345	1362.65986	-118.20248	345.06597	1184.66113	-125.73874	142.27061	1183.88316	-56.85725	154.73213	1165.58500	-93.58978	193.00132	1215.24904	-91.09889	106.77968	1368.67769	-190.28837	454.36074	1318.61981	152.16071	476.76456	1285.94334	-187.00313	264.71593	1279.23865	159.05474	239.00681	
384	3.830	1238.12805	-6.39977	979.26052	1278.45139	-29.26529	798.75948	1376.57314	-3.84493	977.19317	1374.73776	59.62268	661.61861	1386.59576	-117.30601	660.76911	1269.24477	-2.10436	711.23933	1273.26555	-72.49637	709.62539	1357.97181	27.74761	382.35829	1314.04366	89.54266	349.01377	1241.06268	104.68595	82.09305	1243.38420	35.23707	97.49596	1202.85563	64.45882	115.31151	1288.42246	67.50645	71.82480	1442.01756	-70.35168	377.53231	1385.07173	-117.87017	348.07287	1211.03935	-123.94285	142.32042	1210.40617	-55.04534	154.81582	1190.81232	-91.74446	192.54641	1243.30664	-89.54302	108.22516	1385.35113	-190.22400	457.35692	1323.58156	153.22174	477.03948	1309.78226	-186.01114	266.39478	1281.23440	160.37348	239.16865	
385	3.840	1248.49884	-5.68692	979.76016	1286.63664	-28.86634	798.74931	1386.79561	-5.09214	976.29459	1382.54157	60.31141	661.65548	1395.42380	-116.57208	660.54769	1277.18969	-2.50567	710.48261	1281.45178	-72.68592	708.50118	1362.19370	29.63093	381.57824	1317.44836	91.24344	349.06698	1242.21389	106.02533	82.42861	1244.54998	36.66435	98.29467	1204.27283	66.11978	116.33064	1289.37977	68.61360	71.81386	1463.39115	-70.48376	383.09054	1407.48123	-117.67672	351.18532	1238.13815	-122.49945	142.05146	1237.59369	-53.58522	154.53260	1216.67126	-90.23691	191.65310	1272.00206	-88.33471	109.40508	1402.05819	-190.21161	460.24325	1328.66910	154.44134	477.18623	1333.91859	-185.23854	267.97755	1283.73597	162.07762	239.15158	
386	3.850	1259.02627	-5.02475	979.87949	1294.79811	-28.62596	798.36797	1397.16278	-6.37596	974.85041	1390.30343	60.92817	661.43339	1404.18893	-115.90520	659.81179	1285.02051	-3.03466	709.30176	1289.52493	-72.98997	706.85202	1366.52321	31.71822	380.62571	1321.03369	93.17756	349.00105	1243.48523	107.74674	82.62414	1245.65121	38.48971	99.03021	1205.72564	68.30798	117.26291	1290.35451	69.98530	71.70985	1484.30866	-70.66170	388.74590	1429.70469	-117.59390	354.37350	1265.89059	-121.42942	141.44960	1265.40904	-52.48308	153.82323	1243.09243	-89.04742	190.26091	1301.29943	-87.52555	110.30360	1418.68214	-190.22757	462.99227	1333.92245	155.80301	477.21458	1358.15938	-184.68234	269.49030	1286.60265	164.10026	238.97384	
387	3.860	1269.72437	-4.48358	979.65373	1302.99051	-28.56633	797.66238	1407.68669	-7.70788	972.92635	1398.08993	61.47240	660.99306	1412.94152	-115.30733	658.61067	1292.81640	-3.66193	707.76809	1297.55601	-73.38318	704.74338	1370.90750	33.93151	379.52866	1324.74516	95.27299	348.84159	1244.79625	109.71175	82.70891	1246.68387	40.57669	99.70961	1207.17062	70.83402	118.11955	1291.31201	71.53891	71.53354	1504.60172	-70.87738	394.39687	1451.53629	-117.59445	357.58157	1294.23319	-120.73987	140.47283	1293.80348	-51.73683	152.61654	1270.00266	-88.15934	188.29113	1331.15641	-87.13729	110.88540	1435.07509	-190.25665	465.55960	1339.37270	157.27193	477.12823	1382.31791	-184.33625	270.91763	1289.67458	166.33907	238.66535	
388	3.870	1280.59989	-4.12927	979.11870	1311.27175	-28.69942	796.67888	1418.37374	-9.09940	970.59848	1405.97339	61.94124	660.36832	1421.73913	-114.78289	657.00602	1300.66573	-4.35526	705.95446	1305.62563	-73.83826	702.25186	1375.32439	36.18595	378.31341	1328.54686	97.44015	348.60968	1246.06988	111.76819	82.72162	1247.65430	42.77143	100.34325	1208.57435	73.48745	118.92091	1292.22236	73.17978	71.30827	1524.11063	-71.12289	399.90965	1472.76333	-117.64996	360.72232	1323.09700	-120.42640	139.05768	1322.70003	-51.33953	150.83790	1297.31668	-87.56642	185.65729	1361.50761	-87.15977	111.09822	1451.08060	-190.28833	467.87913	1345.04148	158.79996	476.92524	1406.23195	-184.18982	272.19558	1292.80087	168.67156	238.26486	
389	3.880	1291.65250	-4.01965	978.30759	1319.70199	-29.02859	795.45957	1429.22497	-10.56052	967.94838	1414.02747	62.33091	659.58379	1430.64683	-114.33698	655.06539	1308.66107	-5.08478	703.92903	1313.82121	-74.33095	699.45887	1379.79078	38.39770	376.99985	1332.43302	99.58148	348.31766	1247.24542	113.76996	82.70845	1248.58007	44.92225	100.94540	1209.92037	76.06445	119.69675	1293.06576	74.81284	71.05828	1542.69517	-71.37992	405.11973	1493.18394	-117.72824	363.67674	1352.39250	-120.47554	137.13078	1351.97619	-51.28191	148.41934	1324.92478	-87.27635	182.27912	1392.24616	-87.55336	110.87904	1466.55959	-190.31201	469.86365	1350.94470	160.33040	476.59826	1429.77449	-184.22707	273.21550	1295.86634	170.96993	237.81544	
390	3.890	1302.87518	-4.20186	977.24868	1328.34202	-29.55043	794.03963	1440.23653	-12.09850	965.05870	1422.32250	62.63801	658.65355	1439.73620	-113.97352	652.85650	1316.89367	-5.82746	701.75015	1322.23337	-74.84407	696.44482	1384.36630	40.48876	375.59741	1336.43680	101.59953	347.96543	1248.28917	115.59283	82.72036	1249.49040	46.89614	101.53398	1211.21481	78.39055	120.48544	1293.83672	76.35222	70.80705	1560.24481	-71.61042	409.83833	1512.62494	-117.79105	366.29916	1381.99044	-120.86702	134.62332	1381.44845	-51.55350	145.30993	1352.67846	-87.30968	178.09794	1423.20588	-88.25553	110.16308	1481.41485	-190.31223	471.41147	1357.09897	161.80206	476.13439	1452.85519	-184.42515	273.83845	1298.81282	173.11373	237.35894	
391	3.900	1314.25491	-4.71065	975.96417	1337.25142	-30.25651	792.44585	1451.40012	-13.71693	962.00922	1430.92126	62.86061	657.58107	1449.08279	-113.69369	650.44267	1325.44798	-6.57014	699.46283	1330.95144	-75.37029	693.28455	1389.15156	42.38938	374.10238	1340.63421	103.40333	347.53771	1249.20152	117.14479	82.81001	1250.42649	48.59026	102.12972	1212.48980	80.33616	121.33199	1294.54698	77.72796	70.57564	1576.68747	-71.75132	413.86402	1530.95760	-117.79342	368.42811	1411.70173	-121.57529	131.48590	1410.86128	-52.14234	141.48551	1380.37673	-87.69461	173.09147	1454.14677	-89.19008	108.89420	1495.60977	-190.26509	472.41795	1363.52854	163.15282	475.51493	1475.41222	-184.75331	273.91737	1301.65221	174.99929	236.93008	
392	3.910	1325.77357	-5.56750	974.47013	1346.48623	-31.13473	790.69651	1462.70363	-15.41513	958.87380	1439.87535	62.99879	656.36019	1458.76231	-113.49498	647.88019	1334.39658	-7.31077	697.09740	1340.05854	-75.91306	690.04453	1394.28121	44.03909	372.49691	1345.14186	104.91322	347.00311	1250.02001	118.37039	83.02835	1251.44152	49.93789	102.75464	1213.80483	81.82385	122.28516	1295.22666	78.88948	70.38112	1591.99539	-71.71500	416.99872	1548.10902	-117.68498	369.90182	1441.26072	-122.57060	127.70138	1439.88354	-53.03355	136.95668	1407.75653	-88.45889	167.28587	1484.74720	-90.27753	107.03547	1509.17780	-190.13705	472.79002	1370.27022	164.32255	474.71547	1497.39702	-185.17245	273.32291	1304.46926	176.54557	236.55125	
393	3.920	1337.40905	-6.78050	972.77765	1356.09657	-32.17008	788.80264	1474.13175	-17.18781	955.71837	1449.22256	63.05462	654.97718	1468.84549	-113.37108	645.21771	1343.79608	-8.05764	694.67035	1349.62647	-76.48550	686.78219	1399.91225	45.38716	370.74982	1350.10829	106.06418	346.31532	1250.81827	119.24946	83.42110	1252.60041	50.90889	103.43036	1215.24563	82.82797	123.39357	1295.92423	79.80603	70.23541	1606.18723	-71.39680	419.06684	1564.06728	-117.41404	370.57687	1470.31698	-123.81948	123.29382	1468.11455	-54.20733	131.77457	1434.49049	-89.62060	160.76334	1514.60593	-91.44487	104.57869	1522.22050	-189.88681	472.46105	1377.37481	165.25564	473.70670	1518.75556	-185.63573	271.96747	1307.41407	177.69679	236.22883	
394	3.930	1349.13647	-8.34475	970.89497	1366.12407	-33.34455	786.77042	1485.66682	-19.02496	952.60003	1458.98543	63.03158	653.41371	1479.39231	-113.31271	642.49768	1353.68392	-8.82657	692.18738	1359.71075	-77.10747	683.54725	1406.20916	46.39307	368.81962	1355.69982	106.80802	345.41695	1251.70183	119.79168	84.02547	1253.97921	51.50571	104.17624	1216.92128	83.36794	124.70137	1296.70518	80.46462	70.14454	1619.32551	-70.68903	419.93555	1578.87926	-116.93391	370.34733	1498.43988	-125.28522	118.33281	1495.10140	-55.63689	126.03373	1460.19518	-91.17991	153.66406	1543.25655	-92.63328	101.55171	1534.89382	-189.47041	471.40341	1384.90444	165.90310	472.45643	1539.41104	-186.09070	269.82313	1310.68570	178.42230	235.95174	
395	3.940	1360.92972	-10.24318	968.83043	1376.59944	-34.63649	784.60465	1497.28968	-20.91202	949.56719	1469.17087	62.93353	651.65025	1490.44596	-113.30916	639.75942	1364.07662	-9.63676	689.64817	1370.34637	-77.80118	680.38473	1413.32748	47.02716	366.65961	1362.08291	107.11446	344.24576	1252.80166	120.02829	84.86725	1255.66404	51.75626	105.00785	1218.95953	83.49745	126.24374	1297.65012	80.86613	70.10857	1631.50950	-69.49989	419.53374	1592.64108	-116.21095	369.16175	1525.13909	-126.92837	112.93281	1520.36765	-57.28713	119.87175	1484.45124	-93.11340	146.18193	1570.19513	-93.80258	98.02244	1547.38425	-188.84915	469.63638	1392.92645	166.22432	470.93292	1559.25246	-186.48355	266.93009	1314.50983	178.71429	235.69240	
396	3.950	1372.76292	-12.44765	966.59588	1387.54043	-36.01945	782.31271	1508.98072	-22.83015	946.66067	1479.77101	62.76343	649.66993	1502.02746	-113.35052	637.04326	1374.96931	-10.50567	687.05219	1381.54448	-78.58600	677.33900	1421.39838	47.27112	364.22496	1369.40605	106.97097	342.74286	1254.26674	120.00287	85.95887	1257.74965	51.70510	105.93585	1221.50135	83.29172	128.04294	1298.85243	81.02066	70.12241	1642.86390	-67.77448	417.86687	1605.48230	-115.23306	367.03527	1549.90130	-128.70739	107.24784	1543.45164	-59.11442	113.46501	1506.83524	-95.37227	138.55409	1594.92012	-94.93214	94.09884	1559.87839	-187.99929	467.22832	1401.50546	166.18830	469.10935	1578.13282	-186.76567	263.39453	1319.11437	178.58391	235.41030	
397	3.960	1384.61206	-14.92033	964.20994	1398.95029	-37.46102	779.90851	1520.72095	-24.75681	943.91528	1490.76501	62.52193	647.46221	1514.13169	-113.43010	634.39482	1386.33685	-11.44397	684.40491	1393.29081	-79.47326	674.45799	1430.51605	47.11770	361.48112	1377.78390	106.38136	340.86190	1256.25673	119.76264	87.29845	1260.33760	51.40445	106.96557	1224.69475	82.83491	130.10533	1300.41588	80.94249	70.17743	1653.52471	-65.51424	415.02524	1617.54587	-114.01735	364.05474	1572.23994	-130.57945	101.46217	1563.95068	-61.06792	107.02045	1526.96023	-97.88464	131.04507	1616.98044	-96.01839	89.92407	1572.53063	-186.92219	464.29287	1410.69560	165.77440	466.96911	1595.87819	-186.90225	259.37680	1324.70690	178.05619	235.05745	
398	3.970	1396.45644	-17.61518	961.70089	1410.81711	-38.92196	777.41599	1532.49312	-26.66641	941.36176	1502.12176	62.20630	645.02604	1526.72553	-113.54654	631.86867	1398.13631	-12.45129	681.72338	1405.54595	-80.46201	671.79672	1440.72978	46.56933	358.41269	1387.28650	105.36304	338.57775	1258.93524	119.35120	88.87030	1263.53404	50.90612	108.09728	1228.68856	82.20906	132.42000	1302.45211	80.64571	70.26389	1663.62416	-62.79103	411.18332	1628.96702	-112.61557	360.37553	1591.75147	-132.50165	95.77745	1581.56531	-63.09260	100.76303	1544.51973	-100.56200	123.92666	1636.02577	-97.06993	85.66674	1585.43439	-185.65318	460.98032	1420.53456	164.97251	464.51089	1612.30677	-186.88164	255.07285	1331.45718	177.16453	234.58521	
399	3.980	1408.28007	-20.47987	959.10823	1423.11423	-40.35611	774.87127	1544.28286	-28.53133	939.02851	1513.80307	61.80959	642.37230	1539.74871	-113.70547	629.53036	1410.31089	-13.51361	679.04030	1418.24779	-81.53645	669.41931	1452.04156	45.63542	355.03124	1397.93470	103.94330	335.89352	1262.46370	118.80363	90.64689	1267.44697	50.25519	109.32728	1233.62612	81.48568	134.95939	1305.07800	80.14075	70.37381	1673.27690	-59.75239	406.58930	1639.85423	-111.11620	356.21001	1608.16876	-134.43270	90.39704	1596.13652	-65.13390	94.91976	1559.32785	-103.30899	117.45545	1651.85060	-98.10169	81.50668	1598.60212	-184.26738	457.46548	1431.04080	163.78262	461.75282	1627.25454	-186.72360	250.69236	1339.48702	175.94524	233.95147	
400	3.990	1420.07255	-23.45790	956.48289	1435.80183	-41.71149	772.32321	1556.07954	-30.32305	936.94280	1525.76723	61.32057	639.52484	1553.11757	-113.91998	627.45624	1422.79477	-14.60273	676.40575	1431.31622	-82.66547	667.39868	1464.40921	44.32861	351.38074	1409.70245	102.15500	332.84434	1266.99555	118.14383	92.59201	1272.18273	49.48593	110.64956	1239.63887	80.72034	137.68199	1308.41243	79.43237	70.50389	1682.56977	-56.61619	401.54493	1650.27575	-109.64228	351.80895	1621.40109	-136.33573	85.50879	1607.66870	-67.14372	89.70139	1571.34744	-106.03547	111.85055	1664.42389	-99.12964	77.61780	1611.95810	-182.88064	453.93405	1442.21384	162.21400	458.73474	1640.60203	-186.48418	246.43742	1348.86757	174.43271	233.12691	
401	4.000	1431.82964	-26.49111	953.88541	1448.82971	-42.93257	769.83177	1567.87690	-32.01365	935.13108	1537.97241	60.72426	636.52017	1566.73153	-114.20996	625.73059	1435.51859	-15.67807	673.88601	1444.65946	-83.80474	665.81376	1477.75388	42.66095	347.53885	1422.52455	100.03231	329.49706	1272.66982	117.38418	94.66509	1277.84153	48.62012	112.05781	1246.83961	79.95029	140.53691	1312.57193	78.51929	70.65782	1691.55677	-53.65391	396.37766	1660.25391	-108.34452	347.43784	1631.55151	-138.18213	81.26788	1616.33278	-69.08699	85.28431	1580.69965	-108.66930	107.27430	1673.89724	-100.16747	74.15068	1625.34591	-181.64417	450.56874	1454.03717	160.28410	455.51777	1652.29620	-186.25524	242.48445	1359.62273	172.65576	232.09966	
402	4.010	1443.55309	-29.52260	951.38219	1462.14083	-43.96386	767.46421	1579.67323	-33.57741	933.61817	1550.37948	60.00341	633.40536	1580.48160	-114.60008	624.44001	1448.41485	-16.69070	671.55916	1458.18164	-84.90100	664.74402	1491.97053	40.64094	343.61323	1436.30791	97.60729	325.94551	1279.60362	116.52699	96.82577	1284.51144	47.66754	113.54736	1255.31527	79.19478	143.46982	1317.66461	77.39550	70.84749	1700.26011	-51.16418	391.40855	1669.76838	-107.38960	343.35152	1638.90614	-139.95588	77.78237	1622.44728	-70.94732	81.79518	1587.65132	-111.16740	103.81895	1680.58850	-101.22575	71.21774	1638.54976	-180.73212	447.53639	1466.48232	158.01724	452.18085	1662.36252	-186.15754	238.97109	1371.73622	170.63568	230.87722	
403	4.020	1455.24958	-32.49993	949.04006	1475.67530	-44.75449	765.28920	1591.47068	-34.99266	932.42528	1562.95384	59.14065	630.23435	1594.25982	-115.11664	623.66536	1461.42241	-17.58905	669.50767	1471.79033	-85.89816	664.26163	1506.93901	38.27260	339.73232	1450.94351	94.90796	322.30154	1287.88289	115.56741	99.03821	1292.26082	46.62848	115.11648	1265.11901	78.45763	146.42917	1323.78180	76.05299	71.09247	1708.67681	-49.43969	386.92037	1678.76783	-106.94425	339.77014	1643.89628	-141.65709	75.10392	1626.43955	-72.73012	79.30104	1592.58167	-113.52249	101.50144	1684.94251	-102.31324	68.88400	1651.32619	-180.32284	444.97654	1479.51248	155.44332	448.81428	1670.90478	-186.32747	235.98848	1385.15909	168.38611	229.48564	
404	4.030	1466.92867	-35.37834	946.91948	1489.37387	-45.26340	763.36943	1603.27371	-36.24368	931.56696	1575.66553	58.12132	627.06299	1607.96829	-115.78357	623.47190	1474.48931	-18.32562	667.80853	1485.40308	-86.74428	664.42219	1522.53373	35.55744	336.03112	1466.31596	91.95830	318.68274	1297.55145	114.49726	101.27430	1301.12875	45.49755	116.76660	1276.26170	77.73141	149.37164	1330.98723	74.48557	71.41753	1716.78932	-48.73186	383.13066	1687.18781	-107.15636	336.85972	1647.04026	-143.30277	73.22577	1628.79429	-74.46157	77.80624	1595.93432	-115.76272	100.26737	1687.47600	-103.43879	67.16467	1663.44079	-180.57613	442.99195	1493.08416	152.59671	445.51068	1678.09281	-186.89906	233.57887	1399.81491	165.91514	227.96569	
405	4.040	1478.59934	-38.12383	945.06734	1503.17995	-45.46464	761.75351	1615.08607	-37.32251	931.04731	1588.48736	56.93663	623.94323	1621.52611	-116.61809	623.89891	1487.57312	-18.86366	666.52210	1498.95160	-87.39864	665.25461	1538.62983	32.49931	332.63353	1482.30839	88.78038	315.19829	1308.59875	113.30934	103.51489	1311.11373	44.26826	118.50092	1288.70308	77.00263	152.26571	1339.30376	72.69311	71.84823	1724.57754	-49.21792	380.17373	1694.97136	-108.13509	334.71918	1648.87714	-144.92344	72.08832	1629.99853	-76.18250	77.25630	1598.16407	-117.94318	100.00293	1688.71702	-104.61220	66.02953	1674.70353	-181.60968	441.64148	1507.14568	149.51547	442.35435	1684.14144	-187.98350	231.73814	1415.60056	163.22928	226.36665	
406	4.050	1490.26499	-40.71547	943.51022	1517.03926	-45.35207	760.46826	1626.90616	-38.23049	930.85596	1601.39046	55.58693	620.91746	1634.87304	-117.62651	624.94969	1500.63812	-19.18299	665.68102	1512.38264	-87.83772	666.75165	1555.10415	29.11163	329.63378	1498.80116	85.39832	311.93502	1320.94704	112.00170	105.74892	1322.16095	42.93773	120.32142	1302.34283	76.25709	155.09258	1348.69854	70.68559	72.40498	1732.02949	-50.97464	378.09355	1702.08846	-109.93221	333.37490	1649.90465	-146.55517	71.59101	1630.49261	-77.93777	77.54719	1599.68795	-120.12992	100.55241	1689.14934	-105.84269	65.41229	1684.99728	-183.47852	440.93557	1521.63202	146.24110	439.41068	1689.28512	-189.64926	230.42224	1432.38143	160.33903	224.73880	
407	4.060	1501.91664	-43.14665	942.24922	1530.89602	-44.94294	759.51257	1638.72049	-38.97924	930.96462	1614.33721	54.08466	618.01401	1647.96838	-118.80081	626.58367	1513.64910	-19.28412	665.28107	1525.65452	-88.05938	668.86217	1571.83044	25.42571	327.08008	1515.66407	81.84343	308.94593	1334.43937	110.58144	107.97021	1334.14954	41.51088	122.22464	1317.01201	75.48473	157.84417	1359.06816	68.48657	73.09653	1739.14833	-53.96187	376.84747	1708.55048	-112.52736	332.78230	1650.53133	-148.22870	71.60780	1630.63412	-79.76319	78.53765	1600.84784	-122.38010	101.73761	1689.17030	-107.13516	65.22244	1694.29511	-186.16058	440.83463	1536.45606	142.81913	436.71721	1693.75331	-191.90570	229.55661	1449.98149	157.26529	223.12575	
408	4.070	1513.52426	-45.42437	941.25762	1544.68525	-44.27945	758.85436	1650.49504	-39.59064	931.32507	1627.27146	52.45647	615.24501	1660.78410	-120.11634	628.71218	1526.56160	-19.18985	665.27586	1538.72887	-88.08448	671.48677	1588.66880	21.49832	324.96423	1532.74318	78.15965	306.24355	1348.83007	109.06751	110.17299	1346.88159	40.00360	124.19708	1332.46599	74.68336	160.51885	1370.22636	66.13548	73.91440	1745.95383	-58.01790	376.31889	1714.41629	-115.81986	332.83348	1651.04840	-149.95838	72.00300	1630.67809	-81.67302	80.06214	1601.88870	-124.72292	103.37560	1689.06654	-108.48528	65.35713	1702.66343	-189.55064	441.25092	1551.49705	139.30051	434.27861	1697.74983	-194.69309	229.04707	1468.17014	154.04538	221.55846	
409	4.080	1525.02646	-47.56633	940.48275	1558.32080	-43.42746	758.43204	1662.16487	-40.09538	931.86981	1640.10662	50.74402	612.60781	1673.29177	-121.53144	631.19958	1539.30892	-18.94397	665.57755	1551.55738	-87.95539	674.47881	1605.45065	17.41650	323.22087	1549.84467	74.40804	303.80061	1363.78073	107.49209	112.34684	1360.07601	38.44442	126.21140	1348.38030	73.86071	163.11563	1381.89817	63.68838	74.82991	1752.47714	-62.86860	376.33620	1719.78753	-119.63008	333.37027	1651.62251	-151.73416	72.64457	1630.77383	-83.65164	81.94284	1602.95286	-127.14658	105.29220	1689.00848	-109.87548	65.71142	1710.24863	-193.46428	442.05471	1566.58804	135.74364	432.06745	1701.43802	-197.88179	228.79087	1486.64890	150.73754	220.05256	
410	4.090	1536.31926	-49.59479	939.85332	1571.68004	-42.47117	758.16214	1673.62270	-40.52940	932.51665	1652.71273	49.00273	610.09102	1685.44278	-122.98959	633.87253	1551.78687	-18.60614	666.06596	1564.06374	-87.73065	677.65318	1621.96162	13.29728	321.73988	1566.71915	70.66882	301.56008	1378.86586	105.89997	114.47263	1373.37187	36.87420	128.22515	1364.35284	73.03443	165.62811	1393.72554	61.21679	75.79547	1758.74790	-68.15271	376.69643	1724.79022	-123.71367	334.20265	1652.30825	-153.51962	73.41333	1630.97702	-85.65213	84.00049	1604.08960	-129.59581	107.32996	1689.06269	-111.27370	66.18614	1717.24469	-197.65392	443.08673	1581.50473	132.21667	430.03288	1704.93140	-201.28330	228.68688	1505.04295	147.42189	218.61054	
