PathFileType	3	(X/Y/Z)	RCH0000002 BBF 06.c3d
DataRate	CameraRate	NumFrames	NumMarkers	Units	OrigDataRate	OrigDataStartFrame	OrigNumFrames
100.0	100.0	380	23	mm	100.0	275	380
Frame#	Time	LASI			RASI			LPAT			LKNE			LANK			LMED			LTOE			RPAT			RKNE			RANK			RTOE			RMED			RHEE			RPSI			T2			T10			LPSI			LHEE			MAN			RTHI			LTHI			RTIB			LTIB			
		X1	Y1	Z1	X2	Y2	Z2	X3	Y3	Z3	X4	Y4	Z4	X5	Y5	Z5	X6	Y6	Z6	X7	Y7	Z7	X8	Y8	Z8	X9	Y9	Z9	X10	Y10	Z10	X11	Y11	Z11	X12	Y12	Z12	X13	Y13	Z13	X14	Y14	Z14	X15	Y15	Z15	X16	Y16	Z16	X17	Y17	Z17	X18	Y18	Z18	X19	Y19	Z19	X20	Y20	Z20	X21	Y21	Z21	X22	Y22	Z22	X23	Y23	Z23	

275	2.740	-1386.22337	86.81580	624.95853	-1398.88663	-88.96152	639.52162	-1318.36478	28.64770	383.04334	-1345.48167	90.44550	334.26308	-1395.32205	105.18874	65.05386	-1394.29321	34.24522	78.81638	-1345.65166	70.24805	64.76552	-1457.72978	-29.93914	340.56671	-1515.39736	-79.60804	325.25736	-1677.51908	-79.65155	99.85254	-1654.47627	-34.52843	68.16373	-1686.34874	-14.58198	123.32140	-1701.33984	-56.87003	155.40168	-1505.00440	-23.84004	687.74595	-1517.29124	62.12724	955.07510	-1493.94347	28.26487	770.38370	-1502.31693	47.74664	679.68658	-1436.07740	64.12072	91.23524	-1382.45381	66.44166	932.25312	-1469.85410	-153.34180	424.49027	-1377.45664	166.01845	451.64349	-1583.74509	-146.62123	227.65605	-1363.39541	159.58891	223.57525	
276	2.750	-1378.35223	88.81762	627.51044	-1387.72754	-87.02804	639.55071	-1316.98183	33.74759	382.41902	-1346.20656	95.02060	334.69304	-1395.15068	108.14715	64.86524	-1394.66609	37.37523	79.39206	-1345.75771	72.73065	64.72629	-1440.48318	-28.86782	340.15794	-1498.12655	-78.52790	324.51089	-1664.35084	-80.71080	103.43613	-1642.96030	-35.84291	70.59587	-1672.75604	-15.48466	126.85998	-1686.29905	-57.67168	159.38404	-1494.45155	-24.71311	689.43093	-1507.75805	59.80191	957.06181	-1483.59046	26.46480	772.61527	-1492.88078	46.88742	682.65390	-1436.15850	67.55863	91.57788	-1373.12959	65.56817	934.99969	-1454.48941	-152.02755	424.69634	-1375.26096	169.63675	453.26894	-1566.98686	-146.43987	228.91420	-1363.80783	163.66990	223.16663	
277	2.760	-1370.54519	90.80495	630.01411	-1376.67271	-85.10438	639.63036	-1315.63657	38.67042	381.82896	-1346.92726	99.43624	335.13128	-1395.02850	110.92141	64.70700	-1395.00314	40.32394	79.97214	-1345.86857	75.09081	64.70681	-1423.27902	-27.78403	339.87779	-1480.89024	-77.45541	323.85985	-1651.12495	-81.78032	107.06946	-1631.21851	-37.21783	73.10740	-1659.08228	-16.38002	130.35882	-1671.29747	-58.42562	163.35399	-1483.99587	-25.53419	691.11256	-1498.28233	57.49467	959.04429	-1473.33663	24.73152	774.82656	-1483.52436	46.07580	685.57609	-1436.24944	70.77040	91.93649	-1363.86460	64.69619	937.70565	-1439.19862	-150.72635	424.99914	-1373.09042	173.14208	454.85397	-1550.29066	-146.25927	230.29943	-1364.32805	167.57615	222.79004	
278	2.770	-1362.84738	92.76448	632.42402	-1365.79749	-83.19840	639.80221	-1314.34400	43.26490	381.30033	-1347.62346	103.55382	335.58425	-1394.99271	113.35665	64.60707	-1395.26928	42.93862	80.56225	-1345.98457	77.22541	64.72348	-1406.11412	-26.68242	339.85807	-1463.67461	-76.40050	323.40145	-1637.71273	-82.86228	110.77282	-1618.97566	-38.69613	75.75445	-1645.18348	-17.25686	133.76631	-1656.29691	-59.08793	167.27700	-1473.70849	-26.26171	692.78216	-1488.89440	55.22466	961.01580	-1463.25442	23.12353	776.99559	-1474.30555	45.34842	688.40772	-1436.35218	73.56552	92.32855	-1354.69072	63.82671	940.32825	-1424.01416	-149.45299	425.49379	-1370.95409	176.43482	456.36329	-1533.65515	-146.07964	231.91923	-1365.03160	171.15768	222.47414	
279	2.780	-1355.29053	94.68578	634.70341	-1355.15408	-81.31577	640.09660	-1313.10172	47.41985	380.85292	-1348.26692	107.26825	336.05642	-1395.06731	115.33810	64.58775	-1395.43407	45.10655	81.16807	-1346.10279	79.05827	64.78805	-1388.96938	-25.56519	340.20686	-1446.45219	-75.37401	323.21597	-1623.97905	-83.95219	114.54097	-1605.98983	-40.30140	78.56531	-1630.91770	-18.10309	137.02926	-1641.23218	-59.62346	171.10791	-1463.63962	-26.86648	694.42988	-1479.61040	53.00926	962.96911	-1453.39467	21.68598	779.10289	-1465.26565	44.73006	691.11038	-1436.46298	75.80245	92.77071	-1345.62517	62.96082	942.83099	-1408.95032	-148.22211	426.25698	-1368.85058	179.43902	457.77023	-1517.05583	-145.90089	233.85059	-1365.96143	174.30129	222.24048	
280	2.790	-1347.89511	96.56059	636.82498	-1344.77384	-79.46089	640.52950	-1311.88888	51.07041	380.49734	-1348.82136	110.51383	336.54949	-1395.26013	116.80039	64.66394	-1395.47374	46.76379	81.79452	-1346.21674	80.54571	64.90642	-1371.81971	-24.44344	341.00204	-1429.19224	-74.38812	323.36205	-1609.79436	-85.03768	118.33779	-1592.07255	-42.03338	81.53451	-1616.15891	-18.90555	140.09282	-1626.01950	-60.00846	174.78879	-1453.82077	-27.33401	696.04338	-1470.43587	50.86487	964.89514	-1443.78859	20.44829	781.13078	-1456.43181	44.23162	693.65289	-1436.57179	77.40023	93.27741	-1336.67388	62.10034	945.18365	-1394.00985	-147.04846	427.34155	-1366.76895	182.10597	459.05772	-1500.45316	-145.72254	236.13121	-1367.12131	176.93791	222.10221	
281	2.800	-1340.67261	98.38198	638.77034	-1334.67078	-77.63774	641.10198	-1310.66859	54.19712	380.23445	-1349.24442	113.26426	337.06194	-1395.56257	117.72958	64.84249	-1395.37250	47.89643	82.44517	-1346.31676	81.67718	65.07846	-1354.64106	-23.33641	342.29066	-1411.86724	-73.45613	323.87591	-1595.04207	-86.09909	122.09767	-1577.09572	-43.86793	84.62392	-1600.80426	-19.65026	142.90204	-1610.56454	-60.23160	178.25037	-1444.26795	-27.66452	697.60727	-1461.36890	48.80748	966.78224	-1434.45082	19.42390	783.06280	-1447.81983	43.85012	696.01059	-1436.66294	78.34113	93.85954	-1327.83451	61.24802	947.36150	-1379.18838	-145.94671	428.77527	-1364.69103	184.41374	460.21782	-1483.79888	-145.54384	238.75767	-1368.47605	179.04352	222.06432	
282	2.810	-1333.62748	100.14347	640.52886	-1324.84537	-75.85057	641.80120	-1309.39278	56.81992	380.05575	-1349.49095	115.52871	337.58911	-1395.95140	118.15945	65.12241	-1395.12331	48.53639	83.12172	-1346.39097	82.47236	65.29856	-1337.41498	-22.26902	344.09191	-1394.45652	-72.59166	324.77317	-1579.62289	-87.11154	125.73234	-1560.98960	-45.76069	87.76927	-1584.77671	-20.32304	145.40465	-1594.77017	-60.29375	181.41649	-1434.98501	-27.87125	699.10293	-1452.40267	46.85279	968.61605	-1425.38284	18.61170	784.88330	-1439.43666	43.57034	698.16449	-1436.71675	78.66637	94.52336	-1319.09898	60.40752	949.34437	-1364.47718	-144.93081	430.56271	-1362.59453	186.36405	461.25047	-1467.04085	-145.36386	241.68918	-1369.95705	180.63544	222.12472	
283	2.820	-1326.75860	101.83847	642.09624	-1315.28818	-74.10442	642.60264	-1308.00881	58.98905	379.94464	-1349.51727	117.34526	338.12346	-1396.39223	118.16340	65.49577	-1394.72811	48.75300	83.82369	-1346.42672	82.97556	65.55671	-1320.13145	-21.26840	346.40213	-1376.94774	-71.80749	326.05204	-1563.45760	-88.04773	129.14115	-1543.73544	-47.65315	90.88982	-1568.02469	-20.91034	147.55472	-1578.54396	-60.20639	184.21043	-1425.96664	-27.97783	700.50911	-1443.52727	45.01597	970.37990	-1416.57620	17.99812	786.57733	-1431.28237	43.36751	700.10048	-1436.71180	78.46619	95.26961	-1310.45543	59.58320	951.11567	-1349.86479	-144.01293	432.68899	-1360.45589	187.97761	462.16176	-1450.12703	-145.18184	244.85541	-1371.47158	181.76544	222.27576	
284	2.830	-1320.06026	103.45974	643.47326	-1305.98297	-72.40543	643.47295	-1306.46649	60.77443	379.87844	-1349.28563	118.77289	338.65530	-1396.84424	117.84287	65.94913	-1394.19742	48.64180	84.54827	-1346.41206	83.24838	65.83998	-1302.79055	-20.36000	349.20049	-1359.33713	-71.11411	327.69731	-1546.48869	-88.88109	132.22312	-1525.35540	-49.48040	93.89953	-1550.51974	-21.40014	149.31609	-1561.80470	-59.98905	186.56207	-1417.20083	-28.01500	701.80285	-1434.73096	43.31093	972.05562	-1408.01528	17.55975	788.13092	-1423.35152	43.21045	701.80876	-1436.62756	77.86587	96.09321	-1301.88970	58.77957	952.66181	-1335.33817	-143.20233	435.12434	-1358.25251	189.28883	462.96216	-1433.00900	-144.99732	248.16689	-1372.91440	182.51061	222.50578	
285	2.840	-1313.52251	104.99917	644.66458	-1296.90911	-70.76092	644.37315	-1304.72464	62.25501	379.83090	-1348.76818	119.88301	339.17375	-1397.26536	117.31401	66.46538	-1393.54930	48.31188	85.29041	-1346.33735	83.36158	66.13414	-1285.40333	-19.56397	352.45434	-1341.62935	-70.51825	329.68424	-1528.68104	-89.58878	134.88850	-1505.90159	-51.17925	96.71760	-1532.25283	-21.78274	150.66500	-1544.48743	-59.66576	188.41423	-1408.67076	-28.01731	702.96084	-1426.00098	41.74932	973.62464	-1399.67952	17.26599	789.53156	-1415.63382	43.06492	703.28364	-1436.44690	77.00929	96.98356	-1293.38629	58.00079	953.97190	-1320.88402	-142.50421	437.82893	-1355.96418	190.34041	463.66473	-1415.64511	-144.81029	251.52641	-1374.18041	182.96310	222.80056	
286	2.850	-1307.13137	106.44779	645.67797	-1288.04335	-69.17937	645.26185	-1302.75626	63.50921	379.77489	-1347.95004	120.75122	339.66796	-1397.61748	116.69392	67.02573	-1392.80763	47.87329	86.04327	-1346.19644	83.38694	66.42533	-1267.99236	-18.89245	356.12364	-1323.83747	-70.02166	331.98201	-1510.02150	-90.15408	137.06813	-1485.44554	-52.69565	99.27705	-1513.23012	-22.05149	151.59112	-1526.54662	-59.26140	189.72726	-1400.35599	-28.01992	703.96090	-1417.32391	40.33942	975.06921	-1391.54516	17.08161	790.76890	-1408.11443	42.89677	704.52352	-1436.15832	76.04192	97.92550	-1284.92907	57.25005	955.03785	-1306.49058	-141.91891	440.75717	-1353.57361	191.17844	464.28369	-1398.00341	-144.62101	254.83990	-1375.17690	183.21952	223.14459	
287	2.860	-1300.86862	107.79598	646.52363	-1279.36082	-67.67006	646.09822	-1300.55137	64.60735	379.68513	-1346.83109	121.45019	340.12839	-1397.87070	116.08835	67.61169	-1391.99985	47.42588	86.79877	-1345.98747	83.39016	66.70152	-1250.59182	-18.34800	360.16396	-1305.98322	-69.62028	334.55625	-1490.51719	-90.56799	138.71931	-1464.06896	-53.99035	101.53027	-1493.46856	-22.20333	152.09687	-1507.95695	-58.79848	190.48095	-1392.23324	-28.05587	704.78336	-1408.68591	39.08505	976.37353	-1383.58642	16.96914	791.83539	-1400.77393	42.67466	705.53090	-1435.75743	75.09550	98.90098	-1276.50169	56.52888	955.85458	-1292.15015	-141.44165	443.86107	-1351.06641	191.84810	464.83325	-1380.06406	-144.42963	258.02533	-1375.83401	183.37132	223.52237	
288	2.870	-1294.71167	109.03394	647.21378	-1270.83552	-66.24267	646.84456	-1298.11753	65.60650	379.54050	-1345.42612	122.04395	340.54807	-1398.00634	115.58213	68.20689	-1391.15437	47.05079	87.54848	-1345.71307	83.42534	66.95369	-1233.24745	-17.92332	364.52792	-1288.09780	-69.30395	337.37043	-1470.19241	-90.82996	139.82754	-1441.85626	-55.04203	103.45100	-1472.99207	-22.23927	152.19507	-1488.71232	-58.29509	190.67372	-1384.27665	-28.15394	705.41231	-1400.07273	37.98460	977.52481	-1375.77629	16.89089	792.72682	-1393.58825	42.37217	706.31233	-1435.24765	74.27609	99.89112	-1268.08788	55.83673	956.42047	-1277.86190	-141.06269	447.09224	-1348.43069	192.39048	465.32681	-1361.82101	-144.23575	261.01866	-1376.11186	183.49677	223.91964	
289	2.880	-1288.63343	110.15229	647.76227	-1262.44034	-64.90666	647.46836	-1295.47780	66.54807	379.32574	-1343.76326	122.58416	340.92360	-1398.01808	115.23343	68.79840	-1390.29793	46.80536	88.28450	-1345.37996	83.53164	67.17646	-1216.01597	-17.60192	369.16507	-1270.22259	-69.05670	340.38600	-1449.08456	-90.94765	140.40417	-1418.88915	-55.84765	105.03303	-1451.82885	-22.16472	151.90551	-1468.82314	-57.76443	190.31923	-1376.45792	-28.33718	705.83636	-1391.46980	37.03039	978.51392	-1368.08704	16.81070	793.44266	-1386.52862	41.96918	706.87814	-1434.63983	73.65674	100.87841	-1259.67163	55.17049	956.73767	-1263.63440	-140.76802	450.40259	-1345.65670	192.84033	465.77653	-1343.28277	-144.03788	263.77596	-1376.00346	183.65554	224.32461	
290	2.890	-1282.60233	111.14278	648.18422	-1254.14674	-63.67060	647.94357	-1292.66659	67.45770	379.03242	-1341.88079	123.10817	341.25576	-1397.91136	115.07205	69.37769	-1389.45320	46.72152	89.00042	-1344.99808	83.73203	67.36834	-1198.96403	-17.35965	374.02044	-1252.40969	-68.85746	343.56138	-1427.23972	-90.93606	140.48087	-1395.24372	-56.42012	106.28602	-1430.01024	-21.98980	151.25075	-1448.31310	-57.21613	189.44132	-1368.74614	-28.62208	706.04898	-1382.86224	36.20842	979.33575	-1360.49044	16.69530	793.98607	-1379.56178	41.45256	707.24170	-1433.95085	73.27520	101.84871	-1251.23736	54.52428	956.81233	-1249.48719	-140.54021	453.74376	-1342.73623	193.22493	466.19313	-1324.47186	-143.83320	266.27193	-1375.53312	183.88608	224.72904	
291	2.900	-1276.58261	111.99914	648.49552	-1245.92433	-62.54143	648.25126	-1289.72408	68.34715	378.65900	-1339.82257	123.63891	341.54963	-1397.70132	115.10139	69.94090	-1388.63694	46.80748	89.69205	-1344.57929	84.03420	67.53142	-1182.16640	-17.16629	379.03209	-1234.72179	-68.68122	346.85008	-1404.70877	-90.81613	140.10185	-1370.99003	-56.78410	107.22947	-1407.57156	-21.72950	150.25218	-1427.21606	-56.65893	188.06812	-1361.10774	-29.01847	706.04829	-1374.23508	35.49849	979.98919	-1352.95786	16.51534	794.36347	-1372.65030	40.81610	707.41851	-1433.20152	73.13626	102.79278	-1242.77009	53.88941	956.65467	-1235.45069	-140.35935	457.06574	-1339.66217	193.56390	466.58594	-1305.42298	-143.61754	268.49512	-1374.75061	184.20580	225.12908	
292	2.910	-1270.53475	112.71774	648.71222	-1237.74041	-61.52381	648.37966	-1286.68986	69.21737	378.21011	-1337.63240	124.18619	341.81412	-1397.40963	115.30332	70.48876	-1387.85880	47.05179	90.35797	-1344.13601	84.43288	67.67069	-1165.70352	-16.98727	384.12831	-1217.23092	-68.50044	350.19830	-1381.54500	-90.61297	139.31542	-1346.19428	-56.97066	107.88589	-1384.55494	-21.40371	148.92654	-1405.57406	-56.10416	186.22658	-1353.50639	-29.52985	705.83649	-1365.57347	34.87469	980.47671	-1345.46023	16.24612	794.58395	-1365.75329	40.06000	707.42486	-1432.41387	73.21765	103.70726	-1234.25563	53.25451	956.27879	-1221.56405	-140.20378	460.31514	-1336.42768	193.86981	466.96285	-1286.18022	-143.38572	270.44112	-1373.72235	184.61361	225.52565	
293	2.920	-1264.41610	113.29823	648.84978	-1229.55971	-60.61952	648.32353	-1283.59657	70.06227	377.69509	-1335.34816	124.74903	342.06095	-1397.06095	115.64453	71.02603	-1387.12099	47.42886	90.99974	-1343.67984	84.91318	67.79307	-1149.65819	-16.78500	389.22510	-1200.01595	-68.28658	353.54275	-1357.80417	-90.35421	138.16613	-1320.92352	-57.01208	108.27421	-1361.01397	-21.03698	147.28359	-1383.43709	-55.56914	183.93817	-1345.90318	-30.15414	705.41889	-1356.86310	34.30631	980.80360	-1337.96798	15.86802	794.65821	-1358.82712	39.18990	707.27643	-1431.60828	73.47800	104.59491	-1225.68081	52.60591	955.70218	-1207.87102	-140.05053	463.43387	-1333.02507	194.14920	467.33025	-1266.79377	-143.13207	272.10515	-1372.52083	185.09405	225.92429	
294	2.930	-1258.18178	113.74391	648.92211	-1221.34439	-59.82717	648.08324	-1280.46423	70.87235	377.12596	-1332.99613	125.31852	342.30303	-1396.67958	116.08346	71.56074	-1386.41856	47.90473	91.62186	-1343.22048	85.45423	67.90642	-1134.11161	-16.51995	394.22443	-1183.15902	-68.01165	356.80914	-1333.54742	-90.06827	136.68861	-1295.25239	-56.93733	108.40449	-1337.01966	-20.65787	145.32514	-1360.86510	-55.07963	181.21652	-1338.25683	-30.88464	704.80285	-1348.09061	33.75894	980.97698	-1330.45095	15.36675	794.59746	-1351.82645	38.21575	706.98690	-1430.80093	73.86537	105.46439	-1217.03374	51.92817	954.94521	-1194.41427	-139.87559	466.35861	-1329.44442	194.40407	467.69265	-1247.31704	-142.85110	273.47563	-1371.21418	185.62209	226.33445	
295	2.940	-1251.78563	114.06188	648.94057	-1213.05442	-59.14207	647.66364	-1277.29564	71.63787	376.51509	-1330.58622	125.88068	342.55253	-1396.28653	116.57641	72.10351	-1385.74041	48.44240	92.23143	-1342.76487	86.03246	68.01852	-1119.13896	-16.15162	399.01426	-1166.74096	-67.64975	359.91201	-1308.84714	-89.78303	134.90396	-1269.27133	-56.76932	108.27457	-1312.66711	-20.29800	143.04548	-1337.93213	-54.67057	178.06741	-1330.52437	-31.71101	703.99683	-1339.24420	33.19587	981.00471	-1322.87830	14.73340	794.41215	-1344.70529	37.15074	706.56673	-1430.00160	74.32493	106.32957	-1208.30413	51.20475	954.03036	-1181.22910	-139.65392	469.02161	-1325.67195	194.63328	468.05208	-1227.80485	-142.53804	274.53000	-1369.85684	186.16781	226.76831	
296	2.950	-1245.18129	114.26281	648.91285	-1204.64839	-58.55641	647.07296	-1274.07337	72.35108	375.87270	-1328.10832	126.41912	342.81853	-1395.89745	117.08236	72.66689	-1385.07051	49.00584	92.83759	-1342.31673	86.62432	68.13625	-1104.80491	-15.63962	403.47043	-1150.83654	-67.17846	362.75619	-1283.79531	-89.52462	132.81900	-1243.09532	-56.52384	107.86940	-1288.08180	-19.99054	140.43342	-1314.73229	-54.38479	174.49108	-1322.66198	-32.62013	703.00975	-1330.31415	32.57960	980.89423	-1315.21862	13.96451	794.11086	-1337.41812	36.01039	706.02242	-1429.21226	74.80498	107.20871	-1199.48356	50.41886	952.98142	-1168.33761	-139.35964	471.35283	-1321.68831	194.83388	468.40718	-1208.31330	-142.18918	275.23384	-1368.48250	186.70045	227.23918	
297	2.960	-1238.32346	114.36040	648.84203	-1196.08480	-58.05987	646.32191	-1270.75815	73.00746	375.20445	-1325.53028	126.91705	343.10461	-1395.52117	117.56612	73.26505	-1384.38918	49.56264	93.45100	-1341.87626	87.20799	68.26513	-1091.15929	-14.94522	407.46108	-1135.50989	-66.58012	365.24030	-1258.51317	-89.31667	130.42841	-1216.87216	-56.21047	107.16302	-1263.42482	-19.76837	137.47555	-1291.38650	-54.26968	170.48661	-1314.62623	-33.59680	701.85078	-1321.29334	31.87347	980.65161	-1307.44004	13.06200	793.69936	-1329.92121	34.81190	705.35626	-1428.42612	75.26084	108.12351	-1190.56579	49.55435	951.82275	-1155.74465	-138.96650	473.28337	-1317.46719	195.00211	468.75210	-1188.90187	-141.80191	275.54343	-1367.09960	187.19131	227.75973	
298	2.970	-1231.16921	114.37056	648.72573	-1187.32369	-57.64039	645.42313	-1267.28905	73.60599	374.50935	-1322.79743	127.35867	343.40662	-1395.15881	117.99968	73.91366	-1383.67420	50.08532	94.08320	-1341.44004	87.76419	68.40901	-1078.23362	-14.03353	410.85321	-1120.81092	-65.84306	367.26213	-1233.16072	-89.17969	127.71936	-1190.78874	-55.83501	106.12309	-1238.89564	-19.66195	134.16082	-1268.04892	-54.37212	166.05772	-1306.37554	-34.62410	700.52971	-1312.17774	31.04332	980.28080	-1299.51062	12.03325	793.18007	-1322.17384	33.57384	704.56665	-1427.62727	75.65663	109.09830	-1181.54704	48.59668	950.57863	-1143.43629	-138.44897	474.74982	-1312.97430	195.13398	469.07530	-1169.63728	-141.37453	275.41142	-1365.68937	187.61554	228.34022	
299	2.980	-1223.67944	114.31029	648.55569	-1178.32875	-57.28528	644.39122	-1263.58498	74.14847	373.77806	-1319.83368	127.72991	343.71069	-1394.80305	118.36234	74.63009	-1382.90136	50.55145	94.74627	-1341.00088	88.27623	68.57021	-1066.03883	-12.87651	413.52146	-1106.77305	-64.96273	368.72560	-1207.94413	-89.13079	124.67796	-1165.07421	-55.40274	104.71742	-1214.73187	-19.69704	130.48579	-1244.91160	-54.73267	161.21927	-1297.87206	-35.68357	699.05791	-1302.96673	30.05911	979.78329	-1291.39900	10.89117	792.55197	-1314.13981	32.31620	703.64913	-1426.79046	75.96567	110.15940	-1172.42615	47.53389	949.27270	-1131.38149	-137.78410	475.69892	-1308.16700	195.22553	469.35854	-1150.59868	-140.90598	274.79443	-1364.20591	187.95299	228.98679	
300	2.990	-1215.82032	114.19638	648.31767	-1169.06949	-56.98252	643.24305	-1259.54755	74.63826	372.99198	-1316.54399	128.01856	343.99196	-1394.43726	118.63995	75.43361	-1382.04451	50.94330	95.45258	-1340.54747	88.72944	68.74990	-1054.56463	-11.45675	415.35794	-1093.41269	-63.94286	369.54886	-1183.11896	-89.18342	121.29666	-1139.99858	-54.92189	102.92176	-1191.20491	-19.89254	126.46015	-1222.20563	-55.37961	156.00362	-1289.08361	-36.75518	697.44970	-1293.66325	28.89654	979.15821	-1283.07528	9.65423	791.81104	-1305.78883	31.06052	702.59780	-1425.88089	76.16977	111.33455	-1163.20473	46.35751	947.92766	-1119.53687	-136.95415	476.09218	-1302.99470	195.27252	469.57617	-1131.88288	-140.39586	273.66134	-1362.57789	188.18832	229.69998	
301	3.000	-1207.56491	114.04400	647.99201	-1159.52356	-56.72208	641.99858	-1255.06507	75.07853	372.12312	-1312.81797	128.21406	344.21410	-1394.03428	118.82386	76.34557	-1381.07491	51.24720	96.21489	-1340.06358	89.11049	68.94876	-1043.78080	-9.77160	416.28260	-1080.73069	-62.79649	369.67246	-1158.98739	-89.34728	117.58160	-1115.86586	-54.40647	100.72754	-1168.61114	-20.25871	122.11195	-1200.19763	-56.32408	150.46566	-1279.98577	-37.81730	695.72406	-1284.27378	27.53851	978.40298	-1274.51227	8.34656	790.95133	-1297.09808	29.83016	701.40721	-1424.85384	76.25843	112.65253	-1153.88718	45.06338	946.56509	-1107.85411	-135.94989	475.90981	-1297.40008	195.26996	469.69509	-1113.60814	-139.84489	272.00050	-1360.71114	188.31078	230.47366	
302	3.010	-1198.89455	113.86537	647.55470	-1149.67887	-56.49724	640.68191	-1250.01736	75.47049	371.13509	-1308.53460	128.30701	344.33003	-1393.55467	118.90991	77.38947	-1379.96013	51.45312	97.04668	-1339.52693	89.40661	69.16784	-1033.64045	-7.83737	416.25259	-1068.71561	-61.54701	369.06694	-1135.88825	-89.62810	113.55889	-1093.00138	-53.87778	98.14851	-1147.25853	-20.79591	117.49147	-1179.18057	-57.55683	144.68588	-1270.56390	-38.84663	693.90624	-1274.80814	25.97646	977.51433	-1265.68691	6.99782	789.96646	-1288.05368	28.65039	700.07449	-1423.65404	76.22822	114.14275	-1144.48061	43.65235	945.20554	-1096.28896	-134.77435	475.15354	-1291.32112	195.21135	469.67549	-1095.91532	-139.25610	269.82490	-1358.49166	188.31383	231.29421	
303	3.020	-1189.80021	113.66850	646.97919	-1139.53529	-56.30575	639.32225	-1244.28146	75.81160	369.98516	-1303.56760	128.28865	344.28391	-1392.94472	118.89788	78.59065	-1378.66244	51.55448	97.96273	-1338.90751	89.60519	69.40966	-1024.08515	-5.69275	415.26951	-1057.34836	-60.22883	367.73851	-1114.17942	-90.02744	109.27874	-1071.73341	-53.36435	95.22515	-1127.44923	-21.49425	112.67323	-1159.45868	-59.04744	138.77051	-1260.81481	-39.81843	692.02922	-1265.27908	24.21141	976.48984	-1256.58197	5.64287	788.85162	-1278.65187	27.54823	698.60138	-1422.21497	76.08270	115.83477	-1134.99476	42.13074	943.86873	-1084.81052	-133.44635	473.84834	-1284.69364	195.08796	469.47254	-1078.96526	-138.63682	267.17431	-1355.78890	188.19494	232.14029	
304	3.030	-1180.28347	113.45618	646.23864	-1129.10585	-56.15067	637.95475	-1237.73768	76.09415	368.62773	-1297.79139	128.15042	344.01457	-1392.13435	118.79134	79.97578	-1377.13715	51.54838	98.97962	-1338.16561	89.69377	69.67937	-1015.05144	-3.40082	413.38343	-1046.60766	-58.88775	365.73225	-1094.21350	-90.54237	104.81674	-1052.37038	-52.90005	92.02575	-1109.45909	-22.33424	107.75510	-1141.32721	-60.74606	132.84829	-1250.74796	-40.70708	690.13447	-1255.70182	22.25470	975.32967	-1247.18772	4.32101	787.60573	-1268.90001	26.55177	696.99620	-1420.45829	75.83260	117.75761	-1125.44166	40.51060	942.57386	-1073.40913	-132.00342	472.04272	-1277.45421	194.88821	469.03924	-1062.93200	-138.00113	264.11421	-1352.45964	187.95529	232.98328	
305	3.040	-1170.35711	113.22543	645.30879	-1118.41701	-56.04078	636.62076	-1230.27620	76.30422	367.01891	-1291.08734	127.88369	343.46037	-1391.03578	118.59772	81.57192	-1375.33086	51.43581	100.11627	-1337.24976	89.66056	69.98602	-1006.47813	-1.04895	410.69271	-1036.47553	-57.58064	363.13194	-1076.30870	-91.16539	100.27157	-1035.17581	-52.52088	88.64371	-1093.51631	-23.28850	102.85437	-1125.04870	-62.58779	127.06366	-1240.38598	-41.48704	688.27195	-1246.09340	20.12830	974.03837	-1237.50347	3.07480	786.23364	-1258.81691	25.68909	695.27527	-1418.29387	75.49612	119.93878	-1115.83542	38.80961	941.34000	-1062.10164	-130.50319	469.80772	-1269.54331	194.59750	468.33015	-1047.99185	-137.37226	260.73187	-1348.35270	187.59956	233.78850	
306	3.050	-1160.04514	112.96730	644.17102	-1107.50819	-55.99055	635.36747	-1221.80351	76.42129	365.12218	-1283.35022	127.47962	342.56518	-1389.54335	118.32835	83.40531	-1373.18017	51.22191	101.39401	-1336.09481	89.49532	70.34357	-998.31358	1.25393	407.33923	-1026.94208	-56.37443	360.05633	-1060.71847	-91.88463	95.75904	-1020.34367	-52.26096	85.19114	-1079.78121	-24.32468	98.10058	-1110.82861	-64.49934	121.56680	-1229.76427	-42.13420	686.49906	-1236.47209	17.86461	972.62654	-1227.53878	1.94829	784.74802	-1248.43261	24.98658	693.46388	-1415.62076	75.09864	122.40295	-1106.19184	37.05079	940.18644	-1050.93286	-129.02278	467.23462	-1260.90836	194.19834	467.30614	-1034.30965	-136.78434	257.13029	-1343.31520	187.13541	234.51764	
307	3.060	-1149.38227	112.66727	642.81550	-1096.43024	-56.01945	634.24663	-1212.24861	76.41850	362.91462	-1274.49429	126.92941	341.28529	-1387.53543	117.99821	85.49990	-1370.61086	50.91576	102.83620	-1334.62068	89.19069	70.77168	-990.52191	3.38275	403.49915	-1018.00874	-55.34392	356.65185	-1047.60399	-92.68487	91.40295	-1007.97775	-52.14856	81.78930	-1068.33028	-25.40918	93.62576	-1098.79363	-66.40738	116.50135	-1218.92968	-42.62770	684.87860	-1226.85672	15.50563	971.11216	-1217.31405	0.98478	783.17070	-1237.78738	24.46686	691.59652	-1412.32958	74.67142	125.17030	-1096.52804	35.26178	939.13297	-1039.97290	-127.65552	464.43119	-1251.50676	193.67125	465.93953	-1022.02386	-136.28272	253.42096	-1337.20060	186.57249	235.13227	
308	3.070	-1138.41281	112.30615	641.24406	-1085.24307	-56.15088	633.31248	-1201.56839	76.26374	360.39323	-1264.45896	126.22463	339.59632	-1384.87853	117.62493	87.87568	-1367.53795	50.52969	104.46702	-1332.73193	88.74361	71.29589	-983.08751	5.20438	399.37002	-1009.68944	-54.56866	353.08254	-1037.01410	-93.54929	87.32374	-998.07828	-52.20310	78.55729	-1059.14684	-26.51163	89.55327	-1088.97637	-68.24768	111.99148	-1207.93825	-42.95190	683.47566	-1217.26612	13.10152	969.52133	-1206.86050	0.22408	781.53328	-1226.93001	24.14641	689.71635	-1408.30637	74.24897	128.25439	-1086.86204	33.47389	938.19997	-1029.31082	-126.50509	461.51664	-1241.30868	192.99605	464.21938	-1011.23278	-135.92241	249.71634	-1329.87847	185.92101	235.59864	
309	3.080	-1127.18903	111.86152	639.47244	-1074.01256	-56.41043	632.61884	-1189.75160	75.92167	357.58043	-1253.21338	125.35797	337.49962	-1381.43390	117.22706	90.54682	-1363.86664	50.07798	106.30944	-1330.31858	88.15678	71.94704	-976.01690	6.58761	395.15545	-1002.00955	-54.12865	349.51798	-1028.87651	-94.46216	83.62657	-990.53851	-52.43378	75.60073	-1052.12053	-27.60918	85.98666	-1081.30940	-69.97371	108.12996	-1196.85223	-43.09846	682.35391	-1207.71861	10.70854	967.88818	-1196.21920	-0.30040	779.87673	-1215.91540	24.03325	687.87391	-1403.43798	73.86496	131.65978	-1077.21235	31.72082	937.40832	-1019.04537	-125.67730	458.61514	-1230.29976	192.15370	462.15628	-1001.98430	-135.76466	246.12270	-1321.24540	185.18992	235.89342	
310	3.090	-1115.76903	111.30960	637.53171	-1062.80700	-56.82395	632.21568	-1176.82107	75.35655	354.52803	-1240.75982	124.32406	335.02696	-1377.06592	116.82166	93.51980	-1359.49424	49.57497	108.38228	-1327.25828	87.43967	72.75967	-969.33770	7.41402	391.04927	-995.00262	-54.09923	346.12066	-1023.00274	-95.41187	80.39093	-985.15265	-52.83989	73.00210	-1047.05624	-28.69015	83.00043	-1075.63040	-71.56324	104.96952	-1185.73646	-43.06810	681.57135	-1198.23152	8.38640	966.25420	-1185.43942	-0.56459	778.25004	-1204.80183	24.12494	686.12513	-1397.61845	73.54702	135.37936	-1067.59753	30.03720	936.77901	-1009.27457	-125.27047	455.84834	-1218.48354	191.12843	459.78604	-994.27070	-135.87180	242.73401	-1311.23599	184.38505	236.00977	
311	3.100	-1104.21444	110.62736	635.46834	-1051.69337	-57.41539	632.14550	-1162.83355	74.53601	351.31868	-1227.13526	123.12059	332.24299	-1371.65148	116.42142	96.79134	-1354.31308	49.03282	110.69660	-1323.41985	86.60909	73.76945	-963.09461	7.58858	387.22096	-988.70545	-54.54533	343.03417	-1019.10673	-96.39342	77.66351	-981.63454	-53.41265	70.81442	-1043.69172	-29.75585	80.63402	-1071.69807	-73.02141	102.51884	-1174.65474	-42.87192	681.17625	-1188.82077	6.19511	964.66654	-1174.57617	-0.55635	776.70788	-1193.64793	24.40722	684.52869	-1390.75577	73.31102	139.39173	-1058.03576	28.45703	936.33256	-1000.08540	-125.36580	453.32739	-1205.88361	189.90981	457.17147	-988.02969	-136.30124	239.62713	-1299.83224	183.50763	235.96300	
312	3.110	-1092.58789	109.79472	633.34299	-1040.73382	-58.20469	632.43985	-1147.87720	73.43534	348.06426	-1212.41109	121.74951	329.24444	-1365.08902	116.03171	100.34646	-1348.21399	48.45914	113.25161	-1318.66799	85.68876	75.00945	-957.34296	7.04848	383.80438	-983.15208	-55.51584	340.37367	-1016.83466	-97.40937	75.45567	-979.64455	-54.13769	69.05899	-1041.72156	-30.81991	78.89014	-1069.21669	-74.37883	100.74406	-1163.66632	-42.53179	681.20338	-1179.50053	4.19166	963.17583	-1163.68732	-0.27735	775.30754	-1182.50983	24.85368	683.14300	-1382.77800	73.15569	143.65868	-1048.54434	27.01194	936.08809	-991.54545	-126.01907	451.14527	-1192.54510	188.49483	454.40189	-983.15126	-137.09929	236.85861	-1287.06990	182.55366	235.79441	
313	3.120	-1080.95060	108.79656	631.22780	-1029.98268	-59.20588	633.11642	-1132.06665	72.04198	344.90094	-1196.69057	120.21825	326.15600	-1357.30586	115.64803	104.15655	-1341.09037	47.85474	116.03077	-1312.86894	84.70777	76.50578	-952.14065	5.76925	380.89090	-978.36772	-57.03856	338.21961	-1015.80107	-98.46847	73.74595	-978.82071	-54.99706	67.72730	-1040.82387	-31.90470	77.73747	-1067.86539	-75.68450	99.57573	-1152.82292	-42.07973	681.67136	-1170.28280	2.42660	961.83340	-1152.83048	0.25600	774.10534	-1171.43867	25.42664	682.02288	-1373.63794	73.05861	148.12348	-1039.13924	25.72972	936.06229	-983.69746	-127.25501	449.37048	-1178.53539	186.88936	451.58975	-979.48955	-138.29567	234.46324	-1273.04013	181.51445	235.57236	
314	3.130	-1069.36007	107.62440	629.20229	-1019.48429	-60.42568	634.17719	-1115.53610	70.35973	341.98101	-1180.10420	118.54090	323.12288	-1348.26263	115.25421	108.17766	-1332.84249	47.21209	118.99878	-1305.89651	83.69799	78.27285	-947.53948	3.76698	378.52784	-974.36328	-59.11636	336.61527	-1015.62578	-99.58160	72.48691	-978.80945	-55.97036	66.78626	-1040.68583	-33.03522	77.11721	-1067.32755	-76.99440	98.91975	-1142.16670	-41.55613	682.58098	-1161.17711	0.94086	960.68828	-1142.05997	1.01275	773.15284	-1160.47874	26.07941	681.21628	-1363.31527	72.97439	152.71017	-1029.83463	24.63282	936.26819	-976.55742	-129.06508	448.04279	-1163.94352	185.10914	448.86442	-976.87773	-139.89946	232.45449	-1257.88574	180.37841	235.38927	
315	3.140	-1057.86817	106.27760	627.34829	-1009.27165	-61.86255	635.60768	-1098.43110	68.41208	339.46223	-1162.80315	116.73900	320.30058	-1337.95384	114.82173	112.34942	-1323.38167	46.51447	122.10004	-1297.63822	82.69026	80.30905	-943.57707	1.09661	376.72165	-971.13150	-61.72525	335.56822	-1015.96604	-100.75610	71.61484	-979.29177	-57.03445	66.18572	-1041.02492	-34.23163	76.95219	-1067.31616	-78.35775	98.67048	-1131.72912	-41.00683	683.91501	-1152.19013	-0.23698	959.78417	-1131.42422	1.94897	772.49327	-1149.66630	26.75964	680.76112	-1351.81604	72.83583	157.32452	-1020.64237	23.73724	936.71390	-970.11613	-131.40888	447.17190	-1148.87812	183.18009	446.36349	-975.14371	-141.89703	230.82677	-1241.79157	179.13359	235.35412	
316	3.150	-1046.51955	104.76380	625.74413	-999.36621	-63.50647	637.37751	-1080.89972	66.24392	337.49589	-1144.95113	114.84196	317.84305	-1326.40462	114.31052	116.59479	-1312.63447	45.73646	125.25945	-1288.00085	81.71017	82.59347	-940.27021	-2.15348	375.44493	-968.64462	-64.81451	335.05485	-1016.53987	-101.98983	71.06033	-980.00190	-58.16261	65.86666	-1041.60364	-35.50207	77.15688	-1067.59206	-79.80421	98.72378	-1121.53092	-40.47935	685.63921	-1143.32540	-1.09259	959.15673	-1120.96382	3.01042	772.15844	-1139.02920	27.41376	680.68263	-1339.16938	72.55845	161.85685	-1011.57164	23.05174	937.40147	-964.34339	-134.21866	446.73886	-1133.46339	181.13786	444.22218	-974.12410	-144.25205	229.55899	-1224.97005	177.77059	235.58086	
317	3.160	-1035.35059	103.09886	624.45884	-989.77837	-65.33918	639.44219	-1063.08412	63.92118	336.21491	-1126.71521	112.88667	315.89034	-1313.66401	113.67143	120.82128	-1300.54644	44.84572	128.38583	-1276.91522	80.77376	85.08458	-937.61051	-5.86991	374.64567	-966.85411	-68.30934	335.02711	-1017.13841	-103.26686	70.75779	-980.73724	-59.32371	65.76884	-1042.23704	-36.83769	77.64684	-1067.97341	-81.33500	98.98788	-1111.58295	-40.01868	687.70448	-1134.58309	-1.62706	958.83130	-1110.71040	4.13623	772.16642	-1128.58722	27.99165	680.99124	-1325.42214	72.04811	166.18714	-1002.62854	22.57743	938.32588	-959.19367	-137.40620	446.70037	-1117.83335	179.02661	442.56217	-973.67449	-146.90782	228.61907	-1207.64338	176.28486	236.17377	
318	3.170	-1024.38883	101.30599	623.54687	-980.50890	-67.33510	641.74586	-1045.11332	61.52794	335.72354	-1108.25631	110.91636	314.55752	-1299.79620	112.85030	124.92383	-1287.08548	43.80616	131.37809	-1264.33970	79.88427	87.72123	-935.56248	-9.92428	374.25679	-965.69194	-72.11547	335.42020	-1017.62744	-104.55638	70.65219	-981.35975	-60.48244	65.83674	-1042.79348	-38.21121	78.34617	-1068.33671	-82.92019	99.39058	-1101.88781	-39.66310	690.04974	-1125.95990	-1.85686	958.82126	-1100.68632	5.26322	772.52015	-1118.35285	28.45135	681.68128	-1310.63264	71.21138	170.19209	-993.81584	22.30786	939.47432	-954.61200	-140.87063	446.99497	-1102.12435	176.89724	441.48096	-973.67475	-149.79137	227.96853	-1190.02471	174.67826	237.21232	
319	3.180	-1013.65285	99.41449	623.04390	-971.55071	-69.46262	644.22475	-1027.09766	59.16086	336.08975	-1089.72016	108.97839	313.92588	-1284.87132	111.79373	128.78983	-1272.24437	42.58231	134.13361	-1250.26224	79.03063	90.42633	-934.06441	-14.18360	374.20479	-965.07324	-76.12569	336.16003	-1017.93944	-105.81529	70.70250	-981.79022	-61.60094	66.02349	-1043.19008	-39.57950	79.19234	-1068.61062	-84.50288	99.88227	-1092.44183	-39.44062	692.60534	-1117.44913	-1.81292	959.12724	-1090.90512	6.33044	773.20710	-1108.33255	28.76284	682.73048	-1294.86451	69.96706	173.75376	-985.13284	22.22946	940.82591	-950.53882	-144.50647	447.55043	-1086.46669	174.80485	441.04323	-974.02927	-152.81910	227.56667	-1172.30052	172.95931	238.73796	
320	3.190	-1003.15268	97.45797	622.96408	-962.89101	-71.68572	646.81091	-1009.12552	56.92139	337.34132	-1071.22958	107.12132	314.03763	-1268.95738	110.45569	132.30588	-1256.04240	41.14447	136.55771	-1234.70077	78.18847	93.11277	-933.03154	-18.51976	374.41630	-964.90003	-80.22728	337.16974	-1018.05940	-106.99405	70.88162	-981.99774	-62.64191	66.29247	-1043.38457	-40.88957	80.13801	-1068.76494	-86.00921	100.43492	-1083.23732	-39.36639	695.29660	-1109.04083	-1.53861	959.73710	-1081.37265	7.28343	774.19999	-1098.52813	28.91069	684.10047	-1278.18175	68.25768	176.76878	-976.57536	22.32248	942.35180	-946.91333	-148.21068	448.29113	-1070.97610	172.80557	441.27522	-974.66277	-155.90312	227.37378	-1154.61647	171.14272	240.74570	
321	3.200	-992.89047	95.47230	623.29911	-954.51332	-73.96594	649.43600	-991.26234	54.90635	339.46575	-1052.87880	105.39116	314.89443	-1252.11463	108.80460	135.36605	-1238.52552	39.47390	138.57295	-1217.70192	77.32363	95.69116	-932.36136	-22.81713	374.82244	-965.06548	-84.30965	338.37473	-1018.00744	-108.04435	71.17367	-981.98662	-63.57236	66.61706	-1043.36557	-42.08668	81.15044	-1068.79744	-87.36179	101.03813	-1074.26458	-39.44150	698.04717	-1100.72229	-1.08689	960.62668	-1072.08851	8.07801	775.45849	-1088.93816	28.89516	685.73820	-1260.64575	66.05887	179.15694	-968.13596	22.56218	944.01576	-943.67498	-151.88829	449.14467	-1055.74604	170.95301	442.16300	-975.51336	-158.95760	227.35329	-1137.06817	169.24847	243.18237	
322	3.210	-982.86144	93.49349	624.01909	-946.39929	-76.26429	652.03476	-973.55174	53.19818	342.41366	-1034.73038	103.82755	316.45981	-1234.39290	106.82962	137.88036	-1219.76494	37.56753	140.12670	-1199.33812	76.39796	98.07795	-931.94024	-26.97774	375.36118	-965.45859	-88.27123	339.70613	-1017.82180	-108.92675	71.56991	-981.78335	-64.36741	66.97907	-1043.14276	-43.12273	82.20900	-1068.72097	-88.49339	101.69343	-1065.51363	-39.65314	700.78221	-1092.47856	-0.51684	961.76140	-1063.04772	8.68296	776.93167	-1079.55909	28.73160	687.57828	-1242.31403	63.38544	180.86788	-959.80425	22.92036	945.77526	-940.76368	-155.45626	450.04683	-1040.84185	169.29431	443.65460	-976.52488	-161.90437	227.47289	-1119.69763	167.30100	245.95193	
323	3.220	-973.05503	91.55555	625.07493	-938.53014	-78.54323	654.54802	-956.01862	51.85601	346.10504	-1016.81515	102.46003	318.66486	-1215.83176	104.54539	139.78262	-1199.85415	35.44121	141.19562	-1179.70330	75.37640	100.20320	-931.65087	-30.92395	375.97825	-965.96889	-92.02493	341.10293	-1017.54457	-109.61648	72.06435	-981.42494	-65.01287	67.36648	-1042.73824	-43.96297	83.30172	-1068.55287	-89.35785	102.40829	-1056.97525	-39.97618	703.43107	-1084.29318	0.11029	963.09820	-1054.24226	9.08167	778.56105	-1070.38613	28.44851	689.54611	-1223.24072	60.29299	181.88472	-951.56734	23.36696	947.58296	-938.11916	-158.84579	450.94475	-1026.29757	167.86642	445.66581	-977.64052	-164.67721	227.70485	-1102.49518	165.32864	248.92715	
324	3.230	-963.45593	89.68854	626.40224	-930.88750	-80.76847	656.92503	-938.67359	50.90895	350.43718	-999.13512	101.30511	321.41629	-1196.46277	101.99434	141.03610	-1178.90437	33.13119	141.78645	-1158.90751	74.23429	102.01652	-931.37961	-34.59873	376.62717	-966.49097	-95.50181	342.51306	-1017.21180	-110.10615	72.65022	-980.95025	-65.50626	67.77118	-1042.17973	-44.58993	84.42167	-1068.30778	-89.93605	103.19092	-1048.64147	-40.37576	705.92968	-1076.14903	0.73503	964.58806	-1045.66236	9.27255	780.28398	-1061.41368	28.08433	691.56162	-1203.47779	56.87493	182.22405	-943.41048	23.87181	949.38856	-935.68042	-162.00302	451.79809	-1012.11595	166.69279	448.08867	-978.79905	-167.22461	228.02568	-1085.40639	163.36324	251.96555	
325	3.240	-954.04512	87.91702	627.92605	-923.45379	-82.91048	659.12508	-921.51827	50.35245	355.29321	-981.66900	100.36448	324.60566	-1176.31299	99.24601	141.63636	-1157.03900	30.69341	141.93293	-1137.07094	72.96335	103.49058	-931.02308	-37.96432	377.26898	-966.92866	-98.65265	343.89369	-1016.84858	-110.40505	73.31777	-980.39422	-65.85582	68.18705	-1041.49592	-45.00383	85.56384	-1067.99426	-90.23621	104.04655	-1040.50532	-40.81073	708.22237	-1068.02909	1.30352	966.17856	-1037.29737	9.26818	782.03706	-1052.63523	27.68355	693.54346	-1183.07654	53.25533	181.93207	-935.31765	24.40620	951.14089	-933.38564	-164.88889	452.57873	-998.27155	165.78112	450.80161	-979.93470	-169.51075	228.41555	-1068.34286	161.43965	254.92650	
326	3.250	-944.80074	86.25893	629.56605	-916.21203	-84.94562	661.11832	-904.55093	50.14834	360.55007	-964.37985	99.62463	328.11862	-1155.40856	96.39340	141.61049	-1134.38748	28.20064	141.68949	-1114.31780	71.57555	104.62172	-930.49346	-40.99959	377.87185	-967.19859	-101.44785	345.21113	-1016.46837	-110.53546	74.05371	-979.78522	-66.07793	68.60872	-1040.71369	-45.21989	86.72285	-1067.61467	-90.28896	104.97556	-1032.56008	-41.23736	710.26335	-1059.91730	1.77083	967.81645	-1029.13618	9.09351	783.75930	-1044.04297	27.29255	695.41319	-1162.08876	49.57873	181.07758	-927.27228	24.94442	952.79008	-931.17303	-167.47817	453.26920	-984.71647	165.12240	453.67989	-980.98002	-171.51507	228.85744	-1051.19550	159.59462	257.68695	
327	3.260	-935.69872	84.72493	631.24176	-909.14530	-86.85674	662.88585	-887.77178	50.22823	366.08521	-947.22377	99.05786	331.84309	-1133.77779	93.54660	141.01287	-1111.07930	25.73770	141.12270	-1090.77068	70.10383	105.42767	-929.72189	-43.69702	378.41069	-967.23286	-103.87580	346.44039	-1016.07558	-110.52702	74.84183	-979.14455	-66.19346	69.03098	-1039.85682	-45.26342	87.89188	-1067.16733	-90.13898	105.97317	-1024.79799	-41.61310	712.01771	-1051.79921	2.10358	969.44997	-1021.16712	8.78320	785.39490	-1035.62691	26.95561	697.09936	-1140.56723	45.99821	179.74260	-919.25789	25.46489	954.28969	-928.98226	-169.75815	453.86060	-971.38785	164.69142	456.60515	-981.87115	-173.23057	229.33644	-1033.84880	157.86509	260.15283	
328	3.270	-926.71328	83.31850	632.87726	-902.23595	-88.63343	664.41910	-871.18763	50.49992	371.78146	-930.15887	98.62464	335.67546	-1111.45325	90.82428	139.91803	-1087.23866	23.39525	140.30190	-1066.54591	68.59967	105.94283	-928.65990	-46.05973	378.86686	-966.98049	-105.94042	347.56463	-1015.66968	-110.41068	75.66469	-978.48758	-66.22403	69.44880	-1038.94581	-45.16403	89.06247	-1066.64981	-89.83521	107.03052	-1017.20889	-41.89984	713.46188	-1043.66250	2.28161	971.03083	-1013.37749	8.37849	786.89541	-1027.37392	26.71149	698.54098	-1118.56552	42.66331	178.01214	-911.25858	25.95112	955.59870	-926.75645	-171.72718	454.35034	-958.21620	164.44881	459.47304	-982.55368	-174.66140	229.83919	-1016.19459	156.28585	262.26500	
329	3.280	-917.81722	82.03638	634.40514	-895.46471	-90.27170	665.71862	-854.81524	50.85574	377.52978	-913.15352	98.27697	339.52445	-1088.47289	88.34420	138.41152	-1062.98060	21.26280	139.29035	-1041.75051	67.12773	106.21182	-927.27876	-48.09893	379.22776	-966.40762	-107.65819	348.57447	-1015.24934	-110.21355	76.50548	-977.82532	-66.18878	69.85764	-1037.99808	-44.95036	90.22525	-1066.06181	-89.42219	108.13642	-1009.77879	-42.06657	714.58361	-1035.49725	2.29875	972.51574	-1005.75275	7.92392	788.22112	-1019.26667	26.59083	699.69025	-1096.13754	39.70894	175.96446	-903.25951	26.39220	956.68310	-924.44400	-173.39320	454.74011	-945.13346	164.34435	462.19836	-982.98770	-175.82020	230.35362	-998.14402	154.88680	263.99900	
330	3.290	-908.98211	80.86964	635.76924	-888.80974	-91.77336	666.79249	-838.68326	51.18194	383.23011	-896.19307	97.96225	343.31236	-1064.88066	86.21342	136.58022	-1038.40889	19.42156	138.13797	-1016.48112	65.75831	106.28226	-925.56707	-49.83195	379.48626	-965.49614	-109.05505	349.46715	-1014.81540	-109.95567	77.34998	-977.16602	-66.10236	70.25402	-1037.02825	-44.64628	91.37112	-1065.40711	-88.93394	109.27948	-1002.48868	-42.09113	715.38140	-1027.29612	2.16254	973.86741	-998.27556	7.46410	789.34186	-1011.28281	26.61461	700.51422	-1073.33706	37.24629	173.66312	-895.24720	26.78298	957.51716	-922.00004	-174.77220	455.03428	-932.08003	164.32111	464.71737	-983.15056	-176.72549	230.86908	-979.63661	153.69042	265.35951	
331	3.300	-900.17841	79.80499	636.92630	-882.24593	-93.14505	667.65439	-822.83241	51.36787	388.79056	-879.28440	97.62732	346.97399	-1040.72720	84.51941	134.50322	-1013.61602	17.93772	136.87663	-990.82529	64.55864	106.19773	-923.52703	-51.28073	379.64013	-964.24106	-110.16348	350.24564	-1014.37197	-109.64903	78.18787	-976.51614	-65.97436	70.63591	-1036.04814	-44.26921	92.49264	-1064.69363	-88.39147	110.44998	-995.31377	-41.96098	715.86343	-1019.05410	1.89306	975.05504	-990.92486	7.04092	790.23691	-1003.39442	26.79360	700.99529	-1050.21809	35.35632	171.15173	-887.20962	27.12385	958.08416	-919.38691	-175.88672	455.23879	-919.01007	164.31997	466.98731	-983.03674	-177.39962	231.37667	-960.64612	152.70962	266.37110	
332	3.310	-891.37558	78.82629	637.84631	-875.74425	-94.39711	668.32169	-807.31399	51.31440	394.12558	-862.45801	97.22217	350.45380	-1016.07133	83.32271	132.24470	-988.68556	16.85675	135.51821	-964.86514	63.58426	105.99177	-921.16972	-52.47086	379.69129	-962.64673	-111.01997	350.91756	-1013.92561	-109.29890	79.01354	-975.88053	-65.80999	71.00295	-1035.06636	-43.83051	93.58523	-1063.93206	-87.80389	111.64135	-988.22321	-41.67315	716.04602	-1010.76827	1.52095	976.05440	-983.67496	6.69114	790.89447	-995.56793	27.12876	701.13062	-1026.83638	34.08578	168.45206	-879.13625	27.42024	958.37666	-916.57377	-176.76438	455.36049	-905.89490	164.28397	468.98359	-982.65484	-177.86722	231.86984	-941.18307	151.94624	267.06723	
333	3.320	-882.54235	77.91617	638.51191	-869.27147	-95.54242	668.81350	-792.18683	50.94062	399.15371	-845.76737	96.70301	353.70200	-990.98294	82.65182	129.84942	-963.69664	16.19915	134.05552	-938.68319	62.87158	105.68366	-918.51009	-53.43065	379.64488	-960.72243	-111.66265	351.49398	-1013.48303	-108.90664	79.82621	-975.26190	-65.61183	71.35652	-1034.08761	-43.33753	94.64807	-1063.13304	-87.17218	112.85103	-981.18027	-41.23339	715.95178	-1002.43730	1.08498	976.84747	-976.49503	6.44479	791.31057	-987.76459	27.61248	700.93062	-1003.25256	33.44571	165.56542	-871.01790	27.68190	958.39630	-913.53539	-177.43633	455.40675	-892.72433	164.16210	470.69524	-982.02237	-178.15428	232.34492	-921.29462	151.39037	267.47986	
334	3.330	-873.64707	77.05748	638.91691	-862.79006	-96.59519	669.14891	-777.51285	50.18852	403.79563	-829.28593	96.03450	356.67051	-965.54770	82.50056	127.34132	-938.73020	15.95789	132.46556	-912.36988	62.43260	105.27636	-915.56213	-54.19044	379.50834	-958.47787	-112.12947	351.98807	-1013.04808	-108.47321	80.62942	-974.65979	-65.38194	71.69937	-1033.11178	-42.79647	95.68445	-1062.30397	-86.49443	114.08080	-974.14304	-40.65470	715.60764	-994.06091	0.62915	977.42191	-969.34883	6.32400	791.48774	-979.94139	28.23029	700.41665	-979.53691	33.41200	162.47708	-862.84657	27.92195	958.15315	-910.25040	-177.93579	455.38517	-879.50607	163.91219	472.11941	-981.15924	-178.28767	232.80140	-901.06259	151.02029	267.63117	
335	3.340	-864.65834	76.23464	639.06435	-856.25838	-97.56979	669.34550	-763.35210	49.02556	407.97313	-813.10192	95.19119	359.30974	-939.87329	82.82813	124.72518	-913.87643	16.09791	130.71466	-886.03197	62.25241	104.75676	-912.33468	-54.78169	379.29033	-955.91915	-112.45659	352.41365	-1012.61880	-108.00249	81.43014	-974.06941	-65.12391	72.03519	-1032.13312	-42.21541	96.70165	-1061.44581	-85.77121	115.33650	-967.06549	-39.95572	715.04289	-985.63930	0.19973	977.77025	-962.19485	6.34253	791.43352	-972.05247	28.96274	699.61839	-955.77543	33.92757	159.16273	-854.61516	28.15587	957.66478	-906.69953	-178.29664	455.30335	-866.26361	163.50280	473.25596	-980.08132	-178.29483	233.24194	-880.60049	150.80303	267.52880	
336	3.350	-855.54579	75.43477	638.96446	-849.63122	-98.47975	669.41813	-749.75739	47.44504	411.60945	-797.31177	94.15814	361.56684	-914.09648	83.56173	121.99078	-889.24245	16.55778	128.76449	-859.80069	62.28991	104.09810	-908.82828	-55.23611	378.99956	-953.04572	-112.67706	352.78374	-1012.18520	-107.50360	82.23770	-973.48062	-64.84445	72.36796	-1031.13969	-41.60664	97.71031	-1060.55079	-85.00972	116.62746	-959.89880	-39.15901	714.28745	-977.17259	-0.15759	977.88915	-954.98697	6.50572	791.15906	-964.05087	29.78733	698.57121	-932.07636	34.90598	155.59619	-846.31726	28.40045	956.95501	-902.86405	-178.55205	455.16850	-853.03279	162.91411	474.10291	-978.79504	-178.20353	233.67185	-860.05016	150.69568	267.16480	
337	3.360	-846.28125	74.64851	638.63273	-842.86052	-99.33688	669.37805	-736.76963	45.46463	414.63128	-782.01270	92.93105	363.38613	-888.38989	84.60175	119.11867	-864.95929	17.25353	126.57847	-833.83850	62.48154	103.26407	-905.03336	-55.58447	378.64367	-949.84852	-112.81977	353.10913	-1011.72824	-106.99195	83.06265	-972.87743	-64.55404	72.70116	-1030.11324	-40.98790	98.72344	-1059.60124	-84.22613	117.96559	-952.59282	-38.28962	713.37047	-968.66039	-0.40034	977.77864	-947.67545	6.81077	790.67795	-955.89048	30.67999	697.31386	-908.57630	36.23636	151.75715	-837.94694	28.67279	956.05265	-898.72465	-178.73323	454.98689	-839.85788	162.13805	474.65353	-977.29388	-178.04130	234.09832	-839.57826	150.64728	266.51815	
338	3.370	-836.83996	73.87066	638.08849	-835.89645	-100.15052	669.23233	-724.41413	43.12354	416.97233	-767.29553	91.51601	364.71170	-862.96666	85.82915	116.08680	-841.18677	18.08481	124.12769	-808.34286	62.74781	102.21431	-900.92982	-55.85539	378.22809	-946.30951	-112.90851	353.39708	-1011.22009	-106.48881	83.91566	-972.23808	-64.26677	73.03711	-1029.02949	-40.38224	99.75524	-1058.56967	-83.44567	119.36436	-945.09768	-37.37396	712.31947	-960.10150	-0.49147	977.44160	-940.20836	7.24732	790.00531	-947.52817	31.61615	695.88664	-885.44445	37.78988	147.63798	-829.49861	28.98935	954.99011	-894.26086	-178.86819	454.76312	-826.78741	161.17779	474.89559	-975.55718	-177.83470	234.52920	-819.37236	150.60176	265.55992	
339	3.380	-827.20207	73.10056	637.35399	-828.68878	-100.92696	668.98366	-712.69856	40.47876	418.57807	-753.23835	89.92914	365.49205	-838.08132	87.11480	112.87685	-818.11530	18.94296	121.39588	-783.54610	63.00179	100.91037	-896.48801	-56.07383	377.75510	-942.40250	-112.96130	353.65024	-1010.62549	-106.01954	84.80670	-971.53583	-63.99934	73.37620	-1027.85893	-39.81665	100.81975	-1057.41997	-82.70064	120.83763	-937.36545	-36.43921	711.15983	-951.49371	-0.40116	976.88339	-932.53342	7.79806	789.15734	-938.92576	32.57130	694.33032	-862.88367	39.42777	143.24879	-820.96700	29.36508	953.80212	-889.45078	-178.98049	454.49923	-813.87063	160.04696	474.81289	-973.55100	-177.60825	234.97179	-799.63630	150.50186	264.26001	
340	3.390	-817.35422	72.34220	636.45416	-821.18856	-101.66908	668.63044	-701.61271	37.60112	419.41116	-739.90179	88.19621	365.68620	-814.02535	88.33015	109.47983	-795.96347	19.72052	118.38320	-759.71018	63.15892	99.32181	-891.67083	-56.25964	377.22308	-938.09487	-112.98979	353.86592	-1009.90378	-105.61105	85.74423	-970.74033	-63.76934	73.71636	-1026.56789	-39.31966	101.92962	-1056.10944	-82.02698	122.39858	-929.35178	-35.51314	709.91483	-942.83378	-0.10809	976.11181	-924.60003	8.43947	788.15118	-930.05210	33.52098	692.68564	-841.12742	41.01093	138.62042	-812.34719	29.81280	952.52458	-884.27099	-179.08806	454.19376	-801.15489	158.76871	474.38876	-971.23088	-177.38309	235.43153	-780.58387	150.29408	262.59438	
341	3.400	-807.29107	71.60419	635.41683	-813.35001	-102.37616	668.16726	-691.13020	34.57145	419.45685	-727.32646	86.35238	365.27036	-791.11639	89.35866	105.90030	-774.97074	20.32166	115.10847	-737.11627	63.14688	97.43171	-886.43656	-56.42613	376.62614	-933.35001	-112.99899	354.03564	-1009.01118	-105.28869	86.73473	-969.81923	-63.59324	74.05271	-1025.11979	-38.91836	103.09502	-1054.59097	-81.45990	124.05854	-921.01765	-34.62415	708.60596	-934.11762	0.39982	975.13723	-916.36160	9.14265	787.00525	-920.88476	34.44043	690.99337	-820.43149	42.41102	133.80505	-803.63478	30.34250	951.19358	-878.69664	-179.20207	453.84090	-788.68436	157.37487	473.61119	-968.54551	-177.17566	235.91090	-762.43057	149.93442	260.55177	
342	3.410	-797.01675	70.89946	634.27331	-805.13265	-103.04379	667.58570	-681.21188	31.47742	418.72752	-715.53244	84.44196	364.24415	-769.68116	90.10712	102.15916	-755.38521	20.67226	111.61002	-716.04921	62.91472	95.24110	-880.74202	-56.57890	375.95404	-928.12982	-112.98721	354.14518	-1007.90289	-105.07327	87.78223	-968.74002	-63.48428	74.37751	-1023.47637	-38.63544	104.32285	-1052.81518	-81.02961	125.82605	-912.33109	-33.80152	707.25354	-925.34054	1.12505	973.97308	-907.77786	9.87409	785.73978	-911.41165	35.30409	689.29469	-801.06069	43.52199	128.87480	-794.82616	30.96096	949.84459	-872.70143	-179.32601	453.42984	-776.50000	155.90513	472.47848	-965.44067	-176.99647	236.40842	-745.38314	149.39439	258.13917	
343	3.420	-786.54601	70.24473	633.05903	-796.50352	-103.66408	666.87548	-671.81058	28.41100	417.26564	-704.52101	82.51819	362.63533	-750.03307	90.51560	98.29486	-737.44702	20.72876	107.94508	-696.77820	62.44000	92.77182	-874.54558	-56.71512	375.19251	-922.39714	-112.94628	354.17499	-1006.53454	-104.97856	88.88803	-967.47163	-63.45058	74.68040	-1021.59874	-38.48649	105.61633	-1050.73194	-80.75757	127.70606	-903.26893	-33.07553	705.87733	-916.49761	2.06057	972.63641	-898.81728	10.59668	784.37754	-901.63216	36.08517	687.63152	-783.27104	44.27117	123.91846	-785.91875	31.67140	948.51186	-866.25772	-179.45512	452.94465	-764.64078	154.40633	471.00476	-961.86269	-176.84921	236.91806	-729.62724	148.66652	255.38558	
344	3.430	-775.90488	69.65991	631.81400	-787.43933	-104.22585	666.02585	-662.87651	25.46664	415.14463	-694.27788	80.64276	360.50224	-732.44656	90.56505	94.36313	-721.36906	20.48453	104.18781	-679.53541	61.73307	90.06744	-867.80960	-56.82337	374.32401	-916.11766	-112.86224	354.10105	-1004.86302	-105.00957	90.05065	-965.98564	-63.49370	74.94915	-1019.44812	-38.47820	106.97498	-1048.29131	-80.65395	129.69948	-893.81841	-32.47720	704.49714	-907.58415	3.19024	971.14859	-889.45919	11.27084	782.94456	-891.55801	36.75550	686.04678	-767.28901	44.62840	119.03690	-776.91143	32.47321	947.22793	-859.33675	-179.57632	452.36467	-753.14543	152.93170	469.22418	-957.76112	-176.73033	237.42895	-715.31433	147.76851	252.34371	
345	3.440	-765.13075	69.16712	630.58284	-777.92836	-104.71504	665.02725	-654.36281	22.73974	412.46711	-684.77758	78.88485	357.93326	-717.13120	90.28123	90.43507	-707.31693	19.97273	100.42607	-664.49497	60.83785	87.19200	-860.50215	-56.88417	373.32880	-909.26111	-112.71633	353.89622	-1002.84659	-105.16181	91.26602	-964.25697	-63.60803	75.17078	-1016.98628	-38.60750	108.39510	-1045.44376	-80.71660	131.80308	-883.97868	-32.03765	703.13324	-898.59616	4.48954	969.53594	-879.69565	11.85584	781.47077	-881.21343	37.28592	684.58411	-753.29024	44.61162	114.33762	-767.80485	33.36192	946.02330	-851.90902	-179.66866	451.66573	-742.05424	151.53976	467.19312	-953.09020	-176.62931	237.92563	-702.54926	146.74529	249.08919	
346	3.450	-754.27168	68.78971	629.41411	-767.97209	-105.11523	663.87301	-646.23044	20.32502	409.36049	-675.98822	77.31936	355.04311	-704.20920	89.73393	86.59366	-695.39111	19.26486	96.75687	-651.75525	59.82858	84.22633	-852.59783	-56.87128	372.18644	-901.80188	-112.48626	353.53189	-1000.44448	-105.42168	92.52809	-962.26390	-63.78091	75.33327	-1014.17563	-38.86174	109.87079	-1042.13995	-80.93135	134.01002	-873.76184	-31.78676	701.80650	-889.53084	5.92651	967.83019	-869.53291	12.31150	779.99019	-870.63480	37.64725	683.28701	-741.38063	44.28765	109.92856	-758.60177	34.32922	944.92615	-843.94517	-179.70453	450.82207	-731.41011	150.29289	464.98979	-947.80937	-176.52943	238.38874	-691.38026	145.66816	245.71721	
347	3.460	-743.38486	68.55101	628.35891	-757.58616	-105.40824	662.56115	-638.45196	18.31424	405.96992	-667.87595	76.02410	351.96617	-693.69973	89.03110	82.92851	-685.61383	18.46473	93.28068	-641.32684	58.80278	81.26223	-844.07773	-56.75362	370.87756	-893.71905	-112.14784	352.98008	-997.61637	-105.76778	93.82998	-959.98732	-63.99375	75.42761	-1010.97910	-39.21996	111.39528	-1038.33048	-81.27362	136.31076	-863.19351	-31.75139	700.53825	-880.38704	7.46295	966.06857	-858.99212	12.59999	778.54077	-859.86947	37.81202	682.19747	-731.58283	43.76726	105.91154	-749.30731	35.36309	943.96198	-835.41728	-179.65142	449.80895	-721.25848	149.25499	462.71095	-941.88301	-176.40924	238.79643	-681.79336	144.63083	242.33651	
348	3.470	-732.53421	68.47306	627.46874	-746.80071	-105.57497	661.09584	-631.01374	16.79304	402.44925	-660.40876	75.07582	348.84720	-685.51335	88.30772	79.52902	-677.92321	17.69817	90.09482	-633.12864	57.87101	78.39503	-834.92886	-56.49786	369.38603	-884.99605	-111.67668	352.21579	-994.32206	-106.17304	95.16567	-957.40939	-64.22404	75.45031	-1007.35983	-39.65484	112.96276	-1033.96581	-81.71101	138.69465	-852.31274	-31.95298	699.34983	-871.16567	9.05580	964.29347	-848.10947	12.68802	777.16365	-848.97391	37.75663	681.35396	-723.83075	43.19439	102.37559	-739.92918	36.44817	943.15339	-826.30066	-179.47425	448.60586	-711.64582	148.48850	460.46596	-935.27997	-176.24437	239.12632	-673.71253	143.74222	239.06093	
349	3.480	-721.78721	68.57524	626.79270	-735.66006	-105.59637	659.48870	-623.91637	15.83642	398.95052	-653.55922	74.54507	345.83058	-679.45823	87.71070	76.47662	-672.17585	17.09925	87.28620	-626.99301	57.14456	75.71526	-825.14314	-56.07126	367.70117	-875.62026	-111.04995	351.21949	-990.52149	-106.60740	96.53211	-954.51152	-64.44804	75.40591	-1003.28085	-40.13522	114.57021	-1028.99688	-82.20624	141.15184	-841.17105	-32.40508	698.26190	-861.87002	10.65874	962.55158	-836.93534	12.54893	775.90179	-838.01113	37.46394	680.78919	-717.97357	42.73028	99.39048	-730.47772	37.56618	942.51966	-816.57618	-179.13811	447.19988	-702.61677	148.05047	458.36847	-927.97325	-176.00968	239.35821	-667.00659	143.11651	235.99953	
350	3.490	-711.21132	68.87293	626.37429	-724.22145	-105.45461	657.75950	-617.17342	15.50326	395.61319	-647.30593	74.49031	343.04897	-675.25833	87.38120	73.83684	-668.15827	16.79476	84.92435	-622.67993	56.72266	73.30068	-814.71641	-55.44482	365.82018	-865.58265	-110.24810	349.97960	-986.17533	-107.04077	97.93160	-951.27193	-64.64388	75.30931	-998.70476	-40.62886	116.21916	-1023.37643	-82.72034	143.67526	-829.83072	-33.11088	697.29365	-852.50600	12.22395	960.89242	-825.53264	12.16486	774.79809	-827.04759	36.92591	680.52781	-713.78945	42.53417	97.00098	-720.96584	38.69653	942.07637	-806.23280	-178.61120	445.58892	-694.21039	147.98810	456.52679	-919.94021	-175.68137	239.47710	-661.50270	142.86136	233.24639	
351	3.500	-700.87002	69.37628	626.24814	-712.55312	-105.13434	655.93626	-610.80867	15.83025	392.55434	-641.63387	74.95174	340.61297	-672.58134	87.43697	71.65262	-665.60561	16.88879	83.05539	-619.89856	56.68094	71.20978	-803.64773	-54.59612	363.75028	-854.87783	-109.25645	348.49471	-981.24594	-107.44590	99.37399	-947.66287	-64.79468	75.18752	-993.59357	-41.10499	117.91707	-1017.06111	-83.21554	146.26258	-818.36219	-34.06123	696.46192	-843.08225	13.70403	959.36634	-813.97422	11.52852	773.89310	-816.14977	36.14584	680.58436	-711.00720	42.74301	95.22283	-711.40881	39.81708	941.83494	-795.27009	-177.86769	443.78444	-686.45611	148.33415	455.03402	-911.16336	-175.23910	239.47657	-657.00509	143.06546	230.87175	
352	3.510	-690.81912	70.08920	626.43713	-700.73172	-104.62405	654.05474	-604.85222	16.82599	389.86082	-636.53355	75.94567	338.60285	-671.07236	87.95712	69.93997	-664.22500	17.44956	81.69799	-618.33308	57.06262	69.47762	-791.93901	-53.51176	361.51057	-843.50436	-108.06650	346.77540	-975.69854	-107.80085	100.87821	-943.64789	-64.89124	75.08029	-987.90862	-41.53659	119.67783	-1010.01409	-83.65776	148.91742	-806.84097	-35.23362	695.78047	-833.61014	15.05404	958.02215	-802.33960	10.64452	773.22249	-805.38072	35.13989	680.96192	-709.33254	43.45305	94.04095	-701.82394	40.90497	941.80221	-783.70054	-176.89033	441.81319	-679.37008	149.10275	453.95936	-901.63171	-174.66760	239.36181	-653.31660	143.78713	228.91621	
353	3.520	-681.10357	71.00864	626.95010	-688.83910	-103.91729	652.15711	-599.33609	18.46648	387.58469	-631.99920	77.46031	337.06355	-670.38787	88.97161	68.68700	-663.72015	18.50034	80.84198	-617.66929	57.87352	68.11462	-779.59531	-52.18920	359.13317	-831.46555	-106.67701	344.84527	-969.50219	-108.09083	102.47257	-939.17934	-64.93381	75.03934	-981.61075	-41.90199	121.52126	-1002.20778	-84.01841	151.64957	-795.34404	-36.59217	695.25946	-824.10360	16.23358	956.90446	-790.71111	9.52992	772.81456	-794.79691	33.93747	681.65148	-708.47502	44.70612	93.41074	-692.23011	41.93757	941.98003	-771.55108	-175.67261	439.71768	-672.95249	150.28639	453.34179	-891.34225	-173.95799	239.15191	-650.25941	145.04559	227.38876	
354	3.530	-671.75516	72.12429	627.78072	-676.95878	-103.01368	650.28997	-594.28977	20.69294	385.74244	-628.02627	79.45383	336.00370	-670.22468	90.45711	67.85660	-663.81351	20.01580	80.45003	-617.61813	59.08153	67.10822	-766.62553	-50.63754	356.66360	-818.77029	-105.09470	342.74121	-962.63036	-108.30901	104.19341	-934.19656	-64.93255	75.12585	-974.66059	-42.18576	123.47126	-993.62607	-84.27551	154.47396	-783.94617	-38.08919	694.90505	-814.57880	17.20877	956.05108	-779.16981	8.21391	772.68809	-784.44560	32.58025	682.63244	-708.17110	46.48284	93.26240	-682.64712	42.89340	942.36497	-758.86375	-174.22017	437.55517	-667.18635	151.85452	453.18716	-880.30130	-173.10847	238.88076	-647.69160	146.81637	226.26915	
355	3.540	-662.79131	73.41877	628.90749	-665.17231	-101.91955	648.50190	-589.73606	23.41296	384.31805	-624.60834	81.85521	335.39853	-670.33988	92.33957	67.39211	-664.26329	21.92424	80.46228	-617.93320	60.62023	66.42689	-753.04334	-48.87755	354.16001	-805.43412	-103.33456	340.51252	-955.06085	-108.45616	106.08184	-928.62517	-64.90643	75.40607	-967.01900	-42.37871	125.55276	-984.26566	-84.41396	157.40800	-772.71650	-39.66793	694.71940	-805.05372	17.95404	955.49063	-767.79153	6.73648	772.85072	-774.36309	31.11982	683.87390	-708.20073	48.70378	93.50812	-673.09506	43.75304	942.94819	-745.69512	-172.55139	435.39512	-662.03772	153.75450	453.46908	-868.52526	-172.12444	238.59625	-645.51645	149.03185	225.51377	
356	3.550	-654.21515	74.86833	630.29502	-653.55567	-100.64803	646.84051	-585.68774	26.50554	383.26945	-621.73381	84.56833	335.19624	-670.55986	94.50314	67.22516	-664.87385	24.11536	80.80319	-618.42090	62.39632	66.02573	-738.86822	-46.94064	351.69146	-791.47986	-101.41966	338.21914	-946.77506	-108.53919	108.17859	-922.37796	-64.88059	75.94548	-958.64780	-42.47718	127.78752	-974.13607	-84.42510	160.46773	-761.71545	-41.26661	694.70070	-795.54746	18.45366	955.24066	-756.64341	5.14621	773.29818	-764.57382	29.61403	685.33684	-708.39556	51.23837	94.05097	-663.59354	44.50003	943.71547	-732.11443	-170.69704	433.31525	-657.45748	155.91477	454.13350	-856.04050	-171.01807	238.35736	-643.68349	151.58702	225.06375	
357	3.560	-646.01668	76.44403	631.89642	-642.17605	-99.21859	645.34951	-582.14498	29.82980	382.53700	-619.38286	87.47892	335.32668	-670.77903	96.80394	67.28413	-665.49919	26.45252	81.38971	-618.94298	64.29974	65.85259	-724.12619	-44.86715	349.33512	-776.93799	-99.38056	335.92886	-937.75676	-108.56865	110.51761	-915.35736	-64.88241	76.80179	-949.51050	-42.48161	130.18942	-963.25805	-84.30551	163.66292	-750.99244	-42.82315	694.84345	-786.07952	18.70265	955.30644	-745.78108	3.49718	774.01428	-755.09051	28.12241	686.97664	-708.63943	53.92026	94.79435	-654.16087	45.12146	944.64750	-718.20047	-168.69889	431.39662	-653.38424	158.25017	455.10599	-842.88240	-169.80725	238.22943	-642.18161	154.34982	224.85371	
358	3.570	-638.17498	78.11327	633.65658	-631.08929	-97.65605	644.06584	-579.09375	33.23670	382.05275	-617.52500	90.46380	335.71085	-670.95015	99.08679	67.50172	-666.04069	28.78792	82.13937	-619.41268	66.21521	65.85386	-708.85008	-42.70397	347.17264	-761.84630	-97.25411	333.71393	-927.99051	-108.55563	113.11911	-907.45984	-64.93686	78.01775	-939.57336	-42.39477	132.75978	-951.66060	-84.05552	166.99202	-740.58436	-44.28010	695.13862	-776.66895	18.70727	955.68059	-735.24685	1.84554	774.97191	-745.91514	26.70124	688.74588	-708.86242	56.56676	95.65060	-644.81337	45.60852	945.72033	-704.03735	-166.60732	429.71817	-649.74823	160.66876	456.30068	-829.09345	-168.51415	238.27807	-641.02657	157.17454	224.81971	
359	3.580	-630.66103	79.84159	635.51589	-620.33793	-95.98916	643.01732	-576.50526	36.58211	381.74873	-616.11787	93.40132	336.26978	-671.06960	101.20260	67.82064	-666.44064	30.97859	82.97742	-619.78642	68.03391	65.97929	-693.07930	-40.50188	345.28607	-746.24901	-95.08177	331.64722	-917.46027	-108.50868	115.98327	-898.58187	-65.06187	79.61472	-928.80645	-42.22000	135.48359	-939.37690	-83.67747	170.43777	-730.51502	-45.58917	695.57389	-767.33339	18.48470	956.34355	-725.06897	0.24579	776.13465	-737.04066	25.39887	690.59674	-709.03105	58.99988	96.54746	-635.56457	45.95673	946.90602	-689.70964	-164.47825	428.35141	-646.47566	163.07929	457.62936	-814.72072	-167.16353	238.56230	-640.24569	159.91654	224.90532	
360	3.590	-623.44086	81.59452	637.41408	-609.95035	-94.24888	642.22089	-574.33641	39.73966	381.56339	-615.10746	96.18163	336.93171	-671.16070	103.02438	68.19677	-666.67372	32.90140	83.84196	-620.05296	69.66392	66.18520	-676.85904	-38.31265	343.75366	-730.19520	-92.90759	329.79853	-906.14849	-108.43111	119.08573	-888.62676	-65.26466	81.58810	-917.18491	-41.95967	138.32733	-926.43997	-83.17434	173.96425	-720.79554	-46.71490	696.13373	-758.08829	18.06214	957.26479	-715.26178	-1.25264	777.45909	-728.45322	24.25174	692.48316	-709.13694	61.06612	97.43179	-626.42460	46.16589	948.17343	-675.29725	-162.36940	427.35586	-643.49338	165.39835	459.00962	-799.81309	-165.78085	239.12824	-639.86281	162.44634	225.06543	
361	3.600	-616.47861	83.33921	639.29380	-599.94066	-92.46669	641.68172	-572.53131	42.61113	381.44548	-614.42990	98.71557	337.63679	-671.25795	104.45985	68.59967	-666.73790	34.46514	84.68674	-620.22222	71.03826	66.43632	-660.23910	-36.18621	342.64589	-713.73691	-90.77578	328.23119	-894.03603	-108.31962	122.37587	-877.51195	-65.53954	83.90532	-904.69028	-41.61439	141.23894	-912.87872	-82.54878	177.51627	-711.42549	-47.63694	696.79945	-748.94599	17.47518	958.40489	-705.82680	-2.60831	778.89739	-720.13453	23.28181	694.36225	-709.18598	62.65259	98.27036	-617.39971	46.23983	949.48921	-660.87052	-160.33651	426.77567	-640.73310	167.55637	460.37106	-784.41860	-164.39059	240.00405	-639.88596	164.66137	225.26758	
362	3.610	-609.73920	85.04584	641.10363	-590.30958	-90.67292	641.39315	-571.02389	45.13327	381.35539	-614.01429	100.94095	338.33932	-671.39416	105.45934	69.01107	-666.64627	35.61825	85.48174	-620.31512	72.11959	66.70606	-643.27248	-34.16787	342.02226	-696.92701	-88.72822	326.99937	-881.10320	-108.16415	125.77846	-865.17549	-65.86788	86.50718	-891.31167	-41.18293	144.15014	-898.71527	-81.80301	181.02129	-702.39474	-48.35081	697.54930	-739.91508	16.76567	959.71789	-696.75443	-3.78998	780.40006	-712.06420	22.49537	696.19527	-709.18956	63.69761	99.04793	-608.49189	46.18589	950.81876	-646.48617	-158.42953	426.63781	-638.13486	169.50170	461.65923	-768.58234	-163.01482	241.19709	-640.29920	166.49404	225.49138	
363	3.620	-603.19028	86.68858	642.80034	-581.04604	-88.89553	641.33749	-569.74134	47.27990	381.26463	-613.78635	102.82546	339.00773	-671.59168	106.01814	69.42199	-666.42042	36.35143	86.21175	-620.35538	72.90134	66.97582	-626.01412	-32.29593	341.92888	-679.81720	-86.80204	326.14624	-867.33172	-107.94939	129.19868	-851.58106	-66.22012	89.31226	-877.04684	-40.66295	146.98092	-883.96392	-80.93938	184.39395	-693.68562	-48.86717	698.35860	-730.99987	15.97910	961.15415	-688.02610	-4.77783	781.91862	-704.22166	21.88358	697.94804	-709.15829	64.19445	99.76364	-599.69872	46.01418	952.12736	-632.18448	-156.68952	426.95192	-635.64904	171.20254	462.83714	-752.34508	-161.67225	242.69370	-641.05926	167.91535	225.72649	
364	3.630	-596.80348	88.24608	644.35036	-572.12931	-87.15920	641.48754	-568.60813	49.05944	381.15392	-613.67212	104.36626	339.62304	-671.85794	106.17331	69.82949	-666.08560	36.69502	86.87366	-620.36393	73.40515	67.23368	-608.51983	-30.59972	342.39720	-662.45639	-85.02753	325.70308	-852.70743	-107.65749	132.52994	-836.72081	-66.55977	92.22413	-861.90277	-40.05237	149.64572	-868.63189	-79.96137	187.54256	-685.27531	-49.20970	699.20013	-722.20002	15.16189	962.66316	-679.61648	-5.56389	783.40793	-696.58759	21.42433	699.59117	-709.09859	64.18827	100.42642	-591.01339	45.73673	953.38118	-617.98813	-155.14623	427.71160	-633.23676	172.64671	463.88479	-735.74282	-160.37778	244.46166	-642.09684	168.93403	225.96972	
365	3.640	-590.55477	89.70153	645.73042	-563.53148	-85.48491	641.80861	-567.55037	50.50857	381.01096	-613.60134	105.58618	340.17643	-672.18503	105.99573	70.23370	-665.66755	36.71185	87.47314	-620.35565	73.67536	67.47284	-590.84573	-29.09823	343.44375	-644.88990	-83.42651	325.68914	-837.22314	-107.27145	135.66346	-820.61555	-66.84851	95.14019	-845.89567	-39.35098	152.06032	-852.72146	-78.87494	190.37664	-677.13801	-49.41204	700.04475	-713.51042	14.35855	964.19617	-671.49567	-6.15160	784.82821	-689.14468	21.08527	701.10005	-709.01156	63.76680	101.05039	-582.42488	45.36654	954.54835	-603.90303	-153.81677	428.89691	-630.86857	173.83952	464.79706	-718.80714	-159.14250	246.45475	-643.32182	169.59150	226.22212	
366	3.650	-584.42404	91.04233	646.92739	-555.21994	-83.88995	642.26095	-566.49985	51.68331	380.82831	-613.51030	106.52770	340.66659	-672.55231	105.57876	70.63562	-665.19058	36.48684	88.02121	-620.33839	73.77145	67.69012	-573.04813	-27.79962	345.07079	-627.15936	-82.01145	326.11235	-820.88108	-106.77868	138.49811	-803.31240	-67.05182	97.96102	-829.05015	-38.56202	154.14855	-836.23284	-77.68947	192.81443	-669.24681	-49.51414	700.86231	-704.92126	13.60907	965.70856	-663.63119	-6.55454	786.14649	-681.87770	20.82756	702.45492	-708.89361	63.04659	101.65099	-573.91841	44.91665	955.59994	-589.92113	-152.70553	430.47765	-628.52198	174.80029	465.58063	-701.56614	-157.97407	248.61875	-644.63146	169.95372	226.48630	
367	3.660	-578.39413	92.25948	647.93763	-547.15975	-82.38823	642.80222	-565.39760	52.64912	380.60178	-613.34401	107.24553	341.09730	-672.93093	105.02542	71.03597	-664.67658	36.11503	88.53127	-620.31345	73.75961	67.88486	-555.18396	-26.70159	347.26766	-609.30371	-80.78538	326.97032	-803.69428	-106.17392	140.94906	-784.88009	-67.14405	100.59870	-811.39770	-37.69327	155.84789	-819.16699	-76.41847	194.78903	-661.57508	-49.55841	701.62287	-696.41834	12.94662	967.16161	-655.98946	-6.79480	787.33757	-674.77299	20.60979	703.64093	-708.73813	62.15714	102.24221	-565.47591	44.39921	956.51074	-576.02511	-151.80518	432.41673	-626.17830	175.55813	466.25054	-684.04569	-156.87729	250.89768	-645.92019	170.10119	226.76466	
368	3.670	-572.44936	93.34691	648.76576	-539.31557	-80.99082	643.38996	-564.19636	53.47143	380.32952	-613.05766	107.79902	341.47548	-673.28917	104.43588	71.43487	-664.14441	35.69001	89.01679	-620.27719	73.70468	68.05806	-537.31153	-25.79263	350.01237	-591.36085	-79.74245	328.25169	-785.68662	-105.46117	142.95401	-765.40262	-67.11211	102.98322	-792.97447	-36.75753	157.11317	-801.52790	-75.07959	196.25244	-654.09719	-49.58617	702.29800	-687.98347	12.39585	968.52380	-648.53700	-6.90082	788.38435	-667.81749	20.39181	704.64824	-708.53752	61.22514	102.83503	-557.07673	43.82473	957.26001	-562.19444	-151.09877	434.67322	-623.81972	176.14743	466.82671	-666.27079	-155.85483	253.23926	-647.08955	170.11854	227.05836	
369	3.680	-566.57396	94.30073	649.42316	-531.65304	-79.70648	643.98375	-562.86198	54.20803	380.01153	-612.61743	108.24531	341.80987	-673.59737	103.89703	71.83222	-663.60961	35.29400	89.48984	-620.22305	73.66344	68.21196	-519.49151	-25.05407	353.27322	-573.37010	-78.86933	329.93729	-766.89123	-104.65432	144.47604	-744.97201	-66.95726	105.06599	-773.81878	-35.77235	157.91807	-783.32375	-73.69424	197.17679	-646.78874	-49.63461	702.86216	-679.59515	11.97167	969.77139	-641.24114	-6.90523	789.27772	-660.99745	20.13795	705.47216	-708.28511	60.36115	103.43709	-548.69833	43.20145	957.83190	-548.41209	-150.56257	437.20451	-621.42698	176.60384	467.33089	-648.26666	-154.90789	255.59873	-648.05701	170.08511	227.36723	
370	3.690	-560.75048	95.11864	649.92628	-524.13964	-78.54224	644.54697	-561.37342	54.90393	379.64957	-612.00053	108.63416	342.11015	-673.83176	103.47516	72.22829	-663.08400	34.99105	89.96032	-620.14354	73.67994	68.34969	-501.78786	-24.46261	357.00993	-555.37468	-78.14698	332.00097	-747.34768	-103.77638	145.50299	-723.68129	-66.69462	106.82024	-753.96879	-34.75919	158.25425	-764.56706	-72.28690	197.55283	-639.62627	-49.73452	703.29390	-671.22932	11.67874	970.88845	-634.07041	-6.84263	790.01591	-654.29716	19.81948	706.11298	-707.97653	59.65021	104.05308	-540.31706	42.53491	958.21574	-534.67073	-150.16922	439.96743	-618.97824	176.96094	467.78428	-630.05964	-154.03683	257.94037	-648.76228	170.06748	227.69030	
371	3.700	-554.95846	95.79959	650.29489	-516.74487	-77.50374	645.04815	-559.72153	55.58908	379.24722	-611.19458	109.00458	342.38650	-673.97685	103.21242	72.62438	-662.57541	34.82357	90.43586	-620.03191	73.78312	68.47517	-484.26845	-23.99294	361.17411	-537.42417	-77.55282	334.40986	-727.09842	-102.85759	146.04352	-701.61845	-66.35064	108.23864	-733.46073	-33.74218	158.12847	-745.27394	-70.88444	197.38605	-632.58654	-49.90888	703.57671	-662.86016	11.51154	971.86640	-626.99464	-6.74764	790.60349	-647.69775	19.41614	706.57565	-707.61034	59.14708	104.68577	-531.90898	41.82774	958.40600	-520.97755	-149.89082	442.91816	-616.44897	177.24788	468.20585	-611.67758	-153.24175	260.23668	-649.17057	170.11485	228.02662	
372	3.710	-549.17349	96.34360	650.55034	-509.44001	-76.59540	645.46162	-557.90663	56.27870	378.80974	-610.19603	109.38354	342.64935	-674.02605	103.12684	73.02321	-662.08735	34.81224	90.92207	-619.88328	73.98670	68.59286	-467.00522	-23.62005	365.70895	-519.57615	-77.06285	337.12404	-706.18526	-101.93282	146.12097	-678.86246	-65.95894	109.32852	-712.32834	-32.74688	157.55819	-725.46310	-69.51557	196.69131	-625.64569	-50.17236	703.69946	-654.46109	11.45507	972.70297	-619.98484	-6.65313	791.04999	-641.17631	18.91661	706.86902	-707.18805	58.87607	105.33716	-523.45058	41.07966	958.40212	-507.35673	-149.70150	446.01114	-613.81258	177.48816	468.61133	-593.14998	-152.52293	262.46548	-649.27223	170.25725	228.37624	
373	3.720	-543.36677	96.75181	650.71392	-502.19736	-75.82038	645.76777	-555.93530	56.97561	378.34383	-609.00787	109.78628	342.90912	-673.98091	103.21538	73.42898	-661.61884	34.95869	91.42303	-619.69511	74.29093	68.70746	-450.07350	-23.32103	370.54811	-501.89694	-76.65367	340.09556	-684.64681	-101.03871	145.76598	-655.48191	-65.55546	110.10585	-690.60380	-31.79931	156.56642	-705.15509	-68.21072	195.48694	-618.77827	-50.53164	703.65631	-646.00562	11.48599	973.40100	-613.01301	-6.58902	791.36835	-634.70542	18.31811	707.00484	-706.71350	58.83473	106.00956	-514.91951	40.28765	958.20799	-493.84896	-149.57914	449.19737	-611.04151	177.69928	469.01276	-574.50784	-151.88119	264.60565	-649.07943	170.50641	228.74088	
374	3.730	-537.50512	97.02670	650.80538	-494.98946	-75.18037	645.95267	-553.81654	57.67376	377.85703	-607.63659	110.21793	343.17591	-673.84929	103.45895	73.84718	-661.16453	35.24992	91.94186	-619.46724	74.68554	68.82355	-433.55066	-23.07581	375.61411	-484.46090	-76.30394	343.26712	-662.51784	-100.21102	145.00941	-631.53665	-65.17373	110.58890	-668.32053	-30.92530	155.17668	-684.37257	-67.00216	193.78960	-611.95647	-50.98635	703.44603	-637.46842	11.57413	973.96687	-606.05184	-6.58125	791.57325	-628.25315	17.62530	706.99628	-706.19177	59.00015	106.70642	-506.29527	39.44632	957.83137	-480.50803	-149.50611	452.42266	-608.10800	177.89314	469.41844	-555.78337	-151.31819	266.63235	-648.62024	170.85873	229.12430	
375	3.740	-531.55155	97.17246	650.84165	-487.78809	-74.67531	646.00741	-551.55779	58.36202	377.35684	-606.08867	110.67582	343.45888	-673.64290	103.82844	74.28411	-660.71518	35.66356	92.48109	-619.20145	75.15335	68.94513	-417.51370	-22.86708	380.81666	-467.34841	-75.99546	346.57065	-639.83099	-99.48259	143.87649	-607.08255	-64.84110	110.79250	-645.51787	-30.15050	153.40873	-663.14207	-65.92442	191.61057	-605.14955	-51.53051	703.07099	-628.82615	11.68430	974.40895	-599.07443	-6.65133	791.67939	-621.78349	16.84852	706.85639	-705.62806	59.33639	107.43274	-497.55980	38.54843	957.28310	-467.39474	-149.46890	455.62626	-604.98448	178.07690	469.83287	-537.00972	-150.83645	268.51285	-647.93125	171.29931	229.53215	
376	3.750	-525.46622	97.19520	650.83575	-480.56354	-74.30308	645.92709	-549.16102	59.02759	376.84949	-604.36672	111.15187	343.76532	-673.37478	104.29055	74.74644	-660.25846	36.17286	93.04295	-618.90070	75.67380	69.07520	-402.03622	-22.67924	386.05147	-450.64246	-75.71351	349.92637	-616.62140	-98.88212	142.38318	-582.17875	-64.57651	110.72384	-622.24751	-29.50055	151.27593	-641.49753	-65.01470	188.95436	-598.32367	-52.15418	702.53588	-620.05843	11.77821	974.73605	-592.05400	-6.81605	791.69993	-615.25718	16.00190	706.59646	-705.02635	59.80188	108.19514	-488.69799	37.58552	956.57634	-454.56925	-149.45691	458.74045	-601.64329	178.25404	470.25673	-518.22102	-150.43933	270.20378	-647.04983	171.80640	229.97133	
377	3.760	-519.20767	97.10317	650.79587	-473.28410	-74.05929	645.70983	-546.61931	59.65854	376.33850	-602.46588	111.63484	344.09944	-673.05693	104.81262	75.24077	-659.78006	36.75076	93.62938	-618.56825	76.22593	69.21539	-387.18475	-22.49688	391.20017	-434.42426	-75.44670	353.24266	-592.93395	-98.43382	140.53517	-556.89703	-64.39006	110.38034	-598.58106	-29.00156	148.78451	-619.48571	-64.31305	185.81965	-591.44205	-52.84508	701.84635	-611.14861	11.81638	974.95599	-584.96372	-7.08746	791.64508	-608.63292	15.10147	706.22462	-704.38837	60.35551	109.00171	-479.69816	36.54859	955.72579	-442.08276	-149.46065	461.69133	-598.05581	178.42531	470.68654	-499.45281	-150.13072	271.65067	-646.00677	172.35533	230.44898	
378	3.770	-512.73437	96.90677	650.72478	-465.91605	-73.93726	645.35583	-543.91405	60.24515	375.82310	-600.37051	112.11199	344.46076	-672.69846	105.36608	75.77345	-659.26481	37.37249	94.24209	-618.20679	76.79049	69.36581	-373.01491	-22.30298	396.13184	-418.76832	-75.18634	356.41739	-568.83270	-98.15782	138.32930	-531.33195	-64.28427	109.74974	-574.61797	-28.68045	145.93497	-597.17301	-63.86198	182.20273	-584.46565	-53.59006	701.00800	-602.08448	11.76001	975.07444	-577.77656	-7.47306	791.52101	-601.86873	14.16347	705.74469	-703.71253	60.96096	109.86163	-470.55237	35.42883	954.74694	-429.97008	-149.46985	464.40101	-594.19133	178.58946	471.11407	-480.74330	-149.91453	272.79006	-644.82024	172.92152	230.97113	
379	3.780	-506.00629	96.61830	650.61938	-458.42403	-73.92820	644.86668	-541.01288	60.78020	375.29661	-598.05167	112.57002	344.84251	-672.30413	105.92806	76.35069	-658.69767	38.01670	94.88240	-617.81754	77.35101	69.52506	-359.56769	-22.07757	400.70670	-403.73752	-74.92572	359.34085	-544.41146	-98.07110	135.75745	-505.61066	-64.25673	108.81253	-550.49272	-28.56492	142.72547	-574.65306	-63.70541	178.10270	-577.35417	-54.37615	700.02573	-592.85887	11.57278	975.09414	-570.46526	-7.97590	791.32918	-594.92350	13.20321	705.15576	-702.99316	61.58877	110.78489	-461.25675	34.21837	953.65562	-418.24412	-149.47188	466.79098	-590.01589	178.74366	471.52565	-462.13533	-149.79396	273.55424	-643.49142	173.48237	231.54132	
380	3.790	-498.98659	96.25145	650.47057	-450.77198	-74.02163	644.24511	-537.86856	61.25843	374.74516	-595.46549	112.99554	345.22995	-671.87337	106.48166	76.97898	-658.06419	38.66535	95.55138	-617.39951	77.89396	69.69053	-346.86654	-21.79720	404.78194	-389.37896	-74.65939	361.90055	-519.80405	-98.18846	132.81176	-479.90095	-64.30342	107.54631	-526.38001	-28.68282	139.15657	-552.05394	-63.88656	173.52794	-570.06745	-55.19122	698.90383	-583.47003	11.22239	975.01442	-563.00249	-8.59473	791.06615	-587.75860	12.23435	704.45226	-702.21955	62.21663	111.78208	-451.81161	32.91100	952.46761	-406.89339	-149.45104	468.78644	-585.49155	178.88351	471.90133	-443.67917	-149.77072	273.87792	-642.00195	174.01793	232.15925	
381	3.800	-491.64322	95.82054	650.26352	-442.92451	-74.20600	643.49514	-534.41880	61.67541	374.14675	-592.55263	113.37488	345.59913	-671.39937	107.01486	77.66582	-657.35032	39.30264	96.25009	-616.94878	78.40812	69.85892	-334.91536	-21.43572	408.21954	-375.72107	-74.38275	363.98766	-495.19242	-98.52333	129.49087	-454.41598	-64.42211	105.93150	-502.49688	-29.06078	135.23701	-529.54361	-64.44498	168.50274	-562.56712	-56.02418	697.64669	-573.92190	10.68202	974.83133	-555.36122	-9.32405	790.72384	-580.33952	11.26882	703.62492	-701.37509	62.82819	112.86461	-442.22152	31.50285	951.19852	-395.88292	-149.38885	470.32114	-580.57629	179.00277	472.21438	-425.43588	-149.84410	273.70611	-640.31313	174.51073	232.81970	
382	3.810	-483.95046	95.33963	649.97820	-434.84863	-74.46946	642.62276	-530.58697	62.02629	373.47101	-589.23888	113.69373	345.91609	-670.86816	107.51894	78.42065	-656.54143	39.91372	96.98014	-616.45769	78.88343	70.02705	-323.69812	-20.96656	410.89561	-362.77267	-74.09224	365.50468	-470.81084	-99.08789	125.80586	-429.41453	-64.61519	103.95761	-479.10054	-29.72216	130.98921	-507.33213	-65.41279	163.07321	-554.81843	-56.86485	696.26020	-564.22413	9.93148	974.53811	-547.51530	-10.15408	790.29051	-572.63731	10.31704	702.66231	-700.43599	63.41117	114.04513	-432.49531	29.99294	949.86389	-385.15868	-149.26570	471.34209	-575.22459	179.09289	472.43120	-407.48081	-150.01038	273.00186	-638.36644	174.94507	233.51188	
383	3.820	-475.89027	94.82143	649.59050	-426.51575	-74.80078	641.63692	-526.28380	62.30462	372.67989	-585.43682	113.93674	346.13711	-670.25738	107.98666	79.25593	-655.62054	40.48347	97.74462	-615.91395	79.30976	70.19288	-313.18009	-20.36639	412.71029	-350.52404	-73.78602	366.37353	-446.94436	-99.89238	121.78545	-405.19558	-64.89110	101.62927	-456.48131	-30.68433	126.45409	-485.66925	-66.81032	157.31142	-546.79211	-57.70355	694.75366	-554.39191	8.95832	974.12623	-539.44039	-11.07066	789.75207	-564.63009	9.38855	701.55298	-699.36988	63.95542	115.33840	-422.64585	28.38371	948.47950	-374.65500	-149.06354	471.81379	-569.38884	179.14249	472.51203	-389.90646	-150.26257	271.75266	-636.08506	175.30623	234.21935	
384	3.830	-467.45338	94.27625	649.07365	-417.90372	-75.19017	640.55084	-521.41016	62.50156	371.72931	-581.04863	114.08717	346.20990	-669.53471	108.41073	80.18818	-654.56592	40.99580	98.54927	-615.29942	79.67575	70.35675	-303.31077	-19.61994	413.59726	-338.95012	-73.46534	366.54329	-423.92016	-100.94347	117.47936	-382.08654	-65.26430	98.97092	-434.95025	-31.95557	121.69407	-464.83639	-68.64175	151.31684	-538.46619	-58.53064	693.14192	-544.44557	7.75859	973.58683	-531.11511	-12.05520	789.09406	-556.30414	8.49260	700.28804	-698.13405	64.45145	116.76221	-412.68982	26.68139	947.06178	-364.30398	-148.76951	471.72147	-563.02137	179.13693	472.41256	-372.82395	-150.59083	269.97417	-633.37603	175.57983	234.92047	
385	3.840	-458.64016	93.71102	648.40030	-408.99875	-75.63014	639.38329	-515.86073	62.60547	370.57208	-575.96990	114.12701	346.07627	-668.65604	108.78290	81.23889	-653.34838	41.43357	99.40385	-614.58864	79.96808	70.52280	-294.02846	-18.72515	413.53150	-328.01557	-73.13627	365.99639	-402.09149	-102.24179	112.95948	-360.42562	-65.75332	96.02953	-414.82192	-33.53202	116.79364	-445.13263	-70.89132	145.21453	-529.82752	-59.33613	691.44741	-534.40999	6.33745	972.91248	-522.52248	-13.08475	788.30386	-547.65484	7.63873	698.86379	-696.67373	64.88969	118.33827	-402.64738	24.89625	945.62833	-354.04550	-148.37997	471.07315	-556.07681	179.05808	472.08657	-356.36219	-150.98373	267.71079	-630.13304	175.75164	235.58953	
386	3.850	-449.46098	93.12854	647.54488	-399.79700	-76.11614	638.15978	-509.52874	62.60218	369.16185	-570.09429	114.03741	345.67596	-667.56362	109.09361	82.43512	-651.92856	41.77916	100.32348	-613.74711	80.17142	70.70040	-285.26608	-17.69786	412.53438	-317.68084	-72.81159	364.75256	-381.81464	-103.77913	108.31818	-340.53895	-66.37743	92.87447	-396.39324	-35.39522	111.85711	-426.85538	-73.52074	139.14972	-520.87298	-60.10948	689.70174	-524.31387	4.70952	972.09911	-513.65142	-14.13230	787.37310	-538.68711	6.83700	697.28419	-694.92064	65.26053	120.09290	-392.54169	23.04265	944.19846	-343.83646	-147.90429	469.90040	-548.51462	178.88451	471.48956	-340.66414	-151.43033	265.03262	-626.23987	175.80775	236.19869	
387	3.860	-439.93614	92.52707	646.48631	-390.30568	-76.64703	636.91326	-502.31160	62.47552	367.45810	-563.31906	113.79957	344.95195	-666.18478	109.33232	83.80972	-650.25457	42.01546	101.32959	-612.72941	80.26903	70.90566	-276.95755	-16.57513	410.67495	-307.90874	-72.51247	362.86980	-363.42094	-105.53581	103.66385	-322.71484	-67.15233	89.59438	-379.92038	-37.51073	107.00331	-410.27730	-76.46856	133.27897	-511.61016	-60.83974	687.94649	-514.18877	2.89885	971.14799	-504.49830	-15.16741	786.30009	-529.41551	6.09780	695.56298	-692.79236	65.55478	122.05697	-382.39838	21.13900	942.79364	-333.65773	-147.36771	468.25775	-540.30164	178.59204	470.58315	-325.87984	-151.92282	262.02953	-621.57495	175.73516	236.72060	
388	3.870	-430.09524	91.90017	645.21087	-380.54344	-77.22530	635.68423	-494.11706	62.20847	365.43185	-555.55104	113.39597	343.85658	-664.43162	109.48814	85.40087	-648.26045	42.12710	102.45039	-611.47742	80.24418	71.16262	-269.04428	-15.41623	408.06711	-298.67029	-72.26955	360.44190	-347.18681	-107.47902	99.11372	-307.17786	-68.08583	86.29110	-365.59632	-39.82850	102.35774	-395.62193	-79.65214	127.75863	-502.05736	-61.51607	686.23299	-504.06814	0.93855	970.06746	-495.06825	-16.15730	785.09186	-519.86366	5.43138	693.72498	-690.19282	65.76431	124.26513	-372.24493	19.20746	941.43778	-323.51774	-146.81261	466.22082	-531.41416	178.15485	469.34000	-312.15663	-152.45935	258.80329	-616.01723	175.52234	237.13183	
389	3.880	-419.97604	91.23710	643.71498	-370.53998	-77.85703	634.52006	-484.86977	61.78441	363.07160	-546.71285	112.81176	342.35824	-662.20239	109.55053	87.25093	-645.86568	42.10149	103.72022	-609.91896	80.08208	71.50401	-261.48088	-14.30091	404.86241	-289.94933	-72.12309	357.59279	-333.30581	-109.56297	94.78475	-294.06617	-69.17441	83.07133	-353.53198	-42.28535	98.04269	-383.04153	-82.97261	122.73182	-492.24303	-62.12860	684.62083	-493.98617	-1.13008	968.87429	-485.37602	-17.06829	783.76573	-510.06315	4.84678	691.80663	-687.01460	65.88221	126.75400	-362.11005	17.27344	940.15733	-313.45232	-146.29766	463.88311	-521.83983	177.54707	467.74869	-299.62749	-153.04633	255.45917	-609.45362	175.15982	237.41698	
390	3.890	-409.62268	90.52356	642.00756	-360.33494	-78.55149	633.47345	-474.51749	61.18862	360.38897	-536.74896	112.03629	340.44787	-659.38472	109.50991	89.40435	-642.97587	41.92962	105.17786	-607.96716	79.77214	71.97111	-254.23933	-13.32461	401.23919	-281.74482	-72.12188	354.46794	-321.86708	-111.73128	90.78355	-283.41576	-70.40167	80.03704	-343.74401	-44.80968	94.16694	-372.60037	-86.32279	118.31563	-482.20443	-62.66947	683.17532	-483.97671	-3.25883	967.59441	-475.44635	-17.86780	782.35003	-500.05198	4.35066	689.85540	-683.14289	65.90238	129.55918	-352.02287	15.36494	938.98108	-303.52059	-145.89450	461.35161	-511.57884	176.74473	465.81817	-288.39923	-153.69968	252.09828	-601.78771	174.64040	237.57316	
391	3.900	-399.08363	89.74281	640.11184	-349.97601	-79.32057	632.60000	-463.03651	60.40985	357.42312	-525.63093	111.06443	338.14448	-655.86086	109.35772	91.90446	-639.48492	41.60627	106.86342	-605.52090	79.31006	72.61243	-247.31113	-12.59107	397.38909	-274.07085	-72.32082	351.22384	-312.84400	-113.92180	87.19693	-275.15440	-71.73923	77.27627	-336.15149	-47.32801	90.81621	-364.26666	-89.59752	114.59052	-471.98578	-63.13408	681.96386	-474.07211	-5.39449	966.26287	-465.31350	-18.52648	780.88392	-489.87251	3.94592	687.92830	-678.46120	65.81831	132.71120	-342.01224	13.51168	937.93964	-293.79808	-145.68214	458.74117	-500.64480	175.72808	463.58109	-278.54204	-154.44453	248.81176	-592.94921	173.95908	237.61434	
392	3.910	-388.40925	88.87716	638.06615	-339.51650	-80.17784	631.95524	-450.43540	59.44179	354.24341	-513.36135	109.89765	335.49871	-651.51440	109.08618	94.78925	-635.27828	41.12965	108.81402	-602.46636	78.69940	73.48087	-240.70704	-12.20305	393.50230	-266.95399	-72.77721	348.01668	-306.09559	-116.07321	84.08442	-269.10693	-73.14992	74.85556	-330.58270	-49.77251	88.04613	-357.91490	-92.70474	111.59369	-461.63592	-63.52219	681.05166	-464.30213	-7.48113	964.92306	-455.02011	-19.02061	779.41616	-479.56913	3.63053	686.08940	-672.85830	65.62112	136.23061	-332.10583	11.74402	937.06461	-284.36782	-145.73974	456.16792	-489.06499	174.48389	461.09550	-270.08242	-155.31314	245.67700	-582.90272	173.11282	237.57494	
393	3.920	-377.64943	87.90955	635.92372	-329.01259	-81.13745	631.59110	-436.75676	58.28443	350.94938	-499.97605	108.54476	332.59379	-646.23758	108.68744	98.08613	-630.23727	40.50049	111.05837	-598.67995	77.95219	74.62934	-234.45438	-12.25245	389.75355	-260.42871	-73.54607	344.99126	-301.38114	-118.13214	81.47413	-265.01170	-74.59278	72.81534	-326.79132	-52.08812	85.87861	-353.33875	-95.57550	109.31755	-451.20583	-63.83880	680.49724	-454.69287	-9.46279	963.62499	-444.61532	-19.33423	778.00288	-469.18597	3.39669	684.40665	-666.23550	65.29740	140.12246	-322.32933	10.09183	936.38749	-275.31124	-146.13862	453.74218	-476.88020	173.00764	458.44448	-263.00040	-156.34143	242.75586	-571.65461	172.10013	237.51154	
394	3.930	-366.85132	86.82532	633.75100	-318.52047	-82.21288	631.55236	-422.07631	56.94536	347.66774	-485.54402	107.02210	329.54323	-639.93826	108.15261	101.80602	-624.24393	39.72069	113.61089	-594.03217	77.08826	76.10493	-228.59218	-12.81101	386.29020	-254.53124	-74.67502	342.27167	-298.38590	-120.05923	79.36271	-262.54582	-76.02863	71.16878	-324.47982	-54.23780	84.30235	-350.27254	-98.17060	107.71364	-440.74603	-64.09443	680.34810	-445.26578	-11.28643	962.42301	-434.15228	-19.46100	776.70450	-458.76479	3.23063	682.94810	-658.51326	64.82724	144.37093	-312.70553	8.58317	935.93826	-266.70004	-146.93484	451.56144	-464.14403	171.30532	455.73335	-257.23172	-157.56437	240.09449	-559.25633	170.92100	237.50200	
395	3.940	-356.05738	85.61372	631.62487	-308.09364	-83.41563	631.87341	-406.49934	55.44079	344.54613	-470.16488	105.35337	326.48521	-632.54514	107.47052	105.93736	-617.18603	38.79188	116.46602	-588.39238	76.13319	77.94215	-223.16497	-13.92314	383.22412	-249.29315	-76.19919	339.95435	-296.75387	-121.83249	77.71921	-261.35544	-77.42468	69.90404	-323.32638	-56.20450	83.27702	-348.41795	-100.48196	106.70127	-430.30437	-64.30485	680.63716	-436.03677	-12.90480	961.37285	-423.68545	-19.40537	775.58216	-448.34325	3.11307	681.77792	-649.63609	64.18303	148.93468	-303.25346	7.24308	935.74386	-258.59023	-148.16337	449.70425	-450.92169	169.39450	453.08443	-252.67453	-159.01121	237.72395	-545.80316	169.57702	237.64100	
396	3.950	-345.30404	84.26928	629.62851	-297.78065	-84.75398	632.57556	-390.15464	53.79631	341.74411	-453.96399	103.56887	323.57373	-624.01038	106.62688	110.44067	-608.96173	37.71398	119.59365	-581.63388	75.11498	80.15603	-218.21583	-15.60165	380.62784	-244.73527	-78.13693	338.10432	-296.12212	-123.44706	76.49212	-261.08637	-78.75730	68.98918	-323.01129	-57.98958	82.74041	-347.47168	-102.52845	106.17930	-419.92417	-64.49000	681.38013	-427.01542	-14.27928	960.52841	-413.26773	-19.18283	774.69369	-437.95384	3.02057	680.95243	-639.57483	63.32970	153.74382	-293.98756	6.09236	935.82649	-251.01892	-149.83480	448.22556	-437.28810	167.30465	450.62961	-249.19960	-160.70114	235.66152	-531.42792	168.07182	238.03183	
397	3.960	-334.62084	82.79278	627.84644	-287.62340	-86.23183	633.66531	-373.18656	52.04720	339.42213	-437.08542	101.70444	320.96755	-614.30918	105.60385	115.24472	-599.48369	36.48431	122.93660	-573.63904	74.05995	82.73613	-213.77979	-17.82706	378.53522	-240.86297	-80.48677	336.75456	-296.15186	-124.91158	75.61835	-261.41099	-80.01225	68.37870	-323.23969	-59.60793	82.61707	-347.14999	-104.34696	106.03915	-409.64304	-64.67227	682.57423	-418.20445	-15.38210	959.93859	-402.94792	-18.81928	774.08986	-427.62338	2.92763	680.51643	-628.32600	62.22658	158.69926	-284.91692	5.14649	936.20200	-244.00400	-151.93480	447.15435	-423.32540	165.07649	448.50112	-246.66229	-162.64006	233.91236	-516.28995	166.41175	238.77473	
398	3.970	-324.03022	81.19172	626.35891	-277.65605	-87.84785	635.13358	-355.74596	50.23804	337.72967	-419.68336	99.79992	318.81792	-603.43637	104.38054	120.24509	-588.68214	35.09734	126.41098	-564.30401	72.98834	85.64253	-209.87813	-20.55030	376.94578	-237.66318	-83.22613	335.90820	-296.55195	-126.24236	75.03236	-262.04837	-81.18301	68.02047	-323.75794	-61.08123	82.82725	-347.20729	-105.98109	106.17698	-399.49221	-64.87414	684.19815	-409.59930	-16.19806	959.64415	-392.76865	-18.34934	773.81084	-417.37330	2.80926	680.50017	-615.90833	60.83110	163.67505	-276.04474	4.41484	936.87837	-237.54606	-154.42623	446.49346	-409.11959	162.76036	446.82147	-244.91449	-164.81888	232.47152	-500.56090	164.60638	239.95321	
399	3.980	-313.54784	79.48038	625.23629	-267.90468	-89.59493	636.95612	-337.98116	48.42138	336.79382	-401.91278	97.89737	317.25659	-591.40084	102.93460	125.30624	-576.50727	33.54538	129.90974	-553.54289	71.91065	88.80483	-206.51444	-23.69810	375.83154	-235.10339	-86.31185	335.54274	-297.09298	-127.45698	74.67407	-262.77609	-82.26785	67.86196	-324.36310	-62.43119	83.29467	-347.44692	-107.47030	106.50327	-389.49664	-65.11566	686.21326	-401.18812	-16.72541	959.67522	-382.76491	-17.81382	773.88350	-407.22030	2.64384	680.91691	-602.35720	59.10395	168.52407	-267.36794	3.90013	937.85438	-231.63173	-157.25315	446.22191	-394.75661	160.41388	445.69352	-243.81468	-167.21341	231.32625	-484.40898	162.66903	241.62018	
400	3.990	-303.18339	77.67932	624.53387	-258.38750	-91.45988	639.09472	-320.02973	46.65523	336.70974	-383.92021	96.03888	316.38532	-578.21908	101.24491	130.26717	-562.93054	31.82027	133.30964	-541.29094	70.82535	92.12473	-203.67247	-27.18024	375.14494	-233.13245	-89.68264	335.61562	-297.61161	-128.56929	74.49436	-263.43385	-83.26701	67.85517	-324.90547	-63.67427	83.95231	-347.72440	-108.84206	106.94887	-379.67541	-65.41184	688.56580	-392.95201	-16.97583	960.04931	-372.96331	-17.25649	774.31955	-397.17748	2.41588	681.76157	-587.71821	57.01531	173.08675	-258.87705	3.59826	939.11877	-226.23732	-160.34606	446.29903	-380.31795	158.09873	445.19176	-243.23486	-169.78587	230.45823	-467.98403	160.61684	243.78663	
401	4.000	-292.94158	75.81444	624.28756	-249.11558	-93.42372	641.49940	-302.01202	44.99917	337.53388	-365.83545	94.26429	316.26835	-563.90917	99.29527	134.95101	-547.94519	29.91581	136.48073	-527.50687	69.71883	95.48237	-201.31608	-30.89742	374.82641	-231.68302	-93.26307	336.07004	-298.00637	-129.58661	74.45749	-263.92010	-84.18055	67.95958	-325.28573	-64.81894	84.74575	-347.94398	-110.10832	107.46691	-370.04266	-65.77051	691.18981	-384.86570	-16.97357	960.77014	-363.38209	-16.72065	775.11466	-387.25559	2.11814	683.01019	-572.04094	54.55093	177.20224	-250.55644	3.49849	940.64971	-221.33197	-163.62739	446.66999	-365.87613	155.87717	445.35578	-243.06384	-172.48762	229.84558	-451.40526	158.47076	246.41503	
402	4.010	-282.82342	73.91575	624.51098	-240.09394	-95.46218	644.11103	-284.02692	43.50943	339.28081	-347.76512	92.60863	316.92822	-548.48656	97.07857	139.17757	-531.56592	27.83076	139.29738	-512.17399	68.56769	98.74570	-199.39111	-34.74882	374.81088	-230.67513	-96.96881	336.84057	-298.22763	-130.50957	74.54066	-264.18366	-85.00757	68.14329	-325.44815	-65.86566	85.63399	-348.05094	-111.26664	108.03122	-360.60855	-66.19081	694.01042	-376.89847	-16.75370	961.82733	-354.03161	-16.24552	776.24869	-377.46419	1.75312	684.62057	-555.37407	51.71733	180.72055	-242.38486	3.58402	942.41489	-216.87967	-167.01660	447.27179	-351.49063	153.80817	446.18673	-243.20715	-175.26282	229.46440	-434.75302	156.25533	249.41924	
403	4.020	-272.82729	72.01574	625.19405	-231.32267	-97.54671	646.86436	-266.15014	42.23318	341.92359	-329.78847	91.09972	318.34555	-531.96199	94.60080	142.77755	-513.82763	25.57176	141.64925	-495.30028	67.34317	101.78199	-197.82874	-38.63865	375.03254	-230.02064	-100.71240	337.85809	-298.26446	-131.33406	74.73125	-264.21252	-85.74646	68.38267	-325.37175	-66.80898	86.58830	-348.02149	-112.30462	108.63209	-351.38025	-66.66256	696.94743	-369.01554	-16.35971	963.19682	-344.91532	-15.86322	777.68684	-367.81250	1.33341	686.53374	-537.76229	48.54503	183.51437	-234.33622	3.83287	944.37215	-212.84035	-170.43464	448.03906	-337.20488	151.94356	447.64723	-243.58461	-178.05244	229.28957	-418.06522	153.99841	252.67137	
404	4.030	-262.94992	70.14762	626.30329	-222.79820	-99.64584	649.69123	-248.43487	41.20292	345.39750	-311.95587	89.75587	320.46243	-514.34186	91.88435	145.60678	-494.78353	23.15579	143.45069	-476.91730	66.01705	104.46979	-196.55004	-42.48113	375.42816	-229.62803	-104.40901	339.05385	-298.13114	-132.05423	75.02275	-264.02203	-86.39596	68.66093	-325.06102	-67.64076	87.58963	-347.85272	-113.20605	109.27054	-342.36270	-67.16656	699.91871	-361.17962	-15.84050	964.84218	-336.03086	-15.59621	779.38166	-358.30989	0.88111	688.67659	-519.24519	45.08922	185.48870	-226.38077	4.21915	946.47067	-209.17019	-173.80736	448.90895	-323.04459	150.32448	449.66449	-244.12689	-180.79828	229.29524	-401.33814	151.73070	256.01465	
405	4.040	-253.18693	68.34349	627.78377	-214.51423	-101.72673	652.52364	-230.91447	40.43163	349.60639	-294.29011	88.58417	323.18883	-495.63037	88.96983	147.55830	-474.50259	20.61184	144.64724	-457.07820	64.56787	106.70975	-195.47117	-46.20389	375.93903	-229.40725	-107.98146	340.36268	-297.85540	-132.66544	75.41061	-263.64401	-86.95630	68.96621	-324.53747	-68.35342	88.62543	-347.55405	-113.95673	109.95266	-333.55909	-67.67581	702.84350	-353.35269	-15.24715	966.71644	-327.37130	-15.45574	781.27574	-348.96574	0.42618	690.96506	-499.85785	41.42791	186.58725	-218.48636	4.71446	948.65272	-205.82190	-177.06809	449.82487	-309.01801	148.97825	452.13650	-244.77237	-183.44646	229.45483	-384.53117	149.48504	259.28030	
406	4.050	-243.53302	66.63249	629.56244	-206.46242	-103.75695	655.29670	-213.60670	39.90957	354.43067	-276.79013	87.57932	326.41103	-475.83278	85.91625	148.57101	-453.06669	17.98120	145.21854	-435.85489	62.98643	108.43299	-194.50875	-49.74956	376.51207	-229.27422	-111.36423	341.72546	-297.46964	-133.16624	75.88874	-263.11787	-87.42993	69.28972	-323.83256	-68.94226	89.68651	-347.14092	-114.54853	110.68464	-324.97086	-68.15749	705.64539	-345.49780	-14.62951	968.76449	-318.92614	-15.44126	783.30472	-339.78881	0.00419	693.30821	-479.63265	37.65768	186.79471	-210.61993	5.28945	950.85587	-202.74529	-180.15954	450.73879	-295.11789	147.91602	454.94031	-245.46542	-185.95019	229.74125	-367.57445	147.29530	262.30563	
407	4.060	-233.98167	65.03913	631.55262	-198.63266	-105.70624	657.95114	-196.51888	39.60315	359.73583	-259.43682	86.72331	330.00118	-454.95899	82.79905	148.63345	-430.56779	15.31650	145.17740	-413.33483	61.27944	109.60581	-193.58480	-53.07596	377.10046	-229.15452	-114.50598	343.09091	-297.00552	-133.55906	76.44735	-262.48427	-87.82167	69.62431	-322.98253	-69.40636	90.76456	-346.63113	-114.98094	111.46945	-316.59731	-68.57542	708.25487	-337.58085	-14.03297	970.92568	-310.68213	-15.54079	785.40059	-330.78601	-0.34656	695.61259	-458.60176	33.88785	186.13486	-202.74894	5.91546	953.01543	-199.88841	-183.03500	451.61238	-281.32509	147.13143	457.94143	-246.15632	-188.27159	230.12708	-350.37849	145.19488	264.95056	
408	4.070	-224.52454	63.58190	633.65921	-191.01301	-107.54811	660.43536	-179.65327	39.45619	365.38064	-242.20020	85.98599	333.82660	-433.02684	79.70642	147.78263	-407.10550	12.67936	144.56544	-389.61774	59.47056	110.23048	-192.63094	-56.15508	377.66404	-228.98610	-117.37077	344.41675	-296.49159	-133.84937	77.07239	-261.78119	-88.13798	69.96353	-322.02482	-69.74818	91.85050	-346.04324	-115.26002	112.30522	-308.43472	-68.89285	710.61149	-329.57219	-13.49559	973.13657	-302.62373	-15.73226	787.49488	-321.96089	-0.58801	697.78680	-436.79985	30.23361	184.66514	-194.84282	6.56605	955.06724	-197.19920	-185.65911	452.41706	-267.61295	146.60048	461.00347	-246.80264	-190.38254	230.58515	-332.84477	143.21484	267.11021	
409	4.080	-215.15054	62.27226	635.78418	-183.58920	-109.26125	662.70699	-163.01214	39.39325	371.22407	-225.04693	85.32646	337.75806	-410.06494	76.73372	146.09810	-382.78516	10.13661	143.44623	-364.81275	57.59878	110.34202	-191.59121	-58.97120	378.16957	-228.72066	-119.93781	345.67035	-295.95313	-134.04403	77.74627	-261.04199	-88.38588	70.30139	-320.99588	-69.97201	92.93390	-345.39643	-115.39563	113.18523	-300.47534	-69.07516	712.66552	-321.44790	-13.04581	975.33351	-294.73328	-15.98549	789.52155	-313.31186	-0.68526	699.74587	-414.26673	26.80887	182.46844	-186.87418	7.21837	956.95024	-194.62740	-188.00811	453.13327	-253.95196	146.28265	463.99694	-247.37149	-192.26466	231.08932	-314.87654	141.38189	268.72196	
410	4.090	-205.84491	61.11411	637.83198	-176.34394	-110.83043	664.73370	-146.60193	39.32467	377.13056	-207.94764	84.69529	341.67623	-386.11486	73.97672	143.69245	-357.71685	7.75560	141.89691	-339.03633	55.71399	110.00171	-190.42347	-61.51867	378.59089	-228.32357	-122.20030	346.82874	-295.41310	-134.14931	78.44962	-260.29500	-88.57165	70.63239	-319.92978	-70.08225	94.00334	-344.71091	-115.39796	114.09912	-292.70610	-69.09233	714.37898	-313.19068	-12.70082	977.45506	-286.99092	-16.26474	791.41949	-304.83043	-0.60902	701.41526	-391.04973	23.71927	179.64371	-178.81983	7.85429	958.60911	-192.12615	-190.06978	453.74940	-240.31370	146.12333	466.80642	-247.84142	-193.90863	231.61546	-296.38884	139.71631	269.76656	
411	4.100	-196.58837	60.10383	639.71439	-169.25614	-112.24709	666.49352	-130.43634	39.15272	382.97331	-190.88306	84.03734	345.47588	-361.23316	71.52403	140.69937	-332.01528	5.59865	139.99940	-312.41146	53.87064	109.28827	-189.09900	-63.79966	378.90890	-227.77229	-124.16346	347.87818	-294.89325	-134.16934	79.16351	-259.56375	-88.69990	70.95202	-318.85734	-70.08188	95.04737	-344.00802	-115.27457	115.03489	-285.10752	-68.92093	715.72620	-304.79040	-12.46576	979.44391	-279.37422	-16.53150	793.13445	-296.49977	-0.33764	702.73402	-367.20592	21.05566	176.29624	-170.66144	8.46115	959.99640	-189.65303	-191.84280	454.26036	-226.67369	146.05744	469.33586	-248.20321	-195.31301	232.14246	-277.31730	138.23002	270.26361	
412	4.110	-187.35653	59.23074	641.35458	-162.30011	-113.50939	667.97441	-114.53787	38.77808	388.63577	-173.84851	83.29497	349.06770	-335.49343	69.44931	137.26109	-305.80068	3.71731	137.83242	-285.06815	52.12013	108.28775	-187.60051	-65.82218	379.11128	-227.05345	-125.84216	348.81316	-294.41457	-134.10551	79.87166	-258.86737	-88.77320	71.25713	-317.80514	-69.97194	96.05594	-343.30962	-115.02889	115.98114	-277.65277	-68.54552	716.69368	-296.24407	-12.33372	981.24844	-271.85779	-16.74722	794.62035	-288.29369	0.14172	703.65703	-342.80427	18.88833	172.52912	-162.38592	9.03221	961.07439	-187.17007	-193.33583	454.66619	-213.01262	146.01387	471.51150	-248.45886	-196.48298	232.65324	-257.62516	136.92502	270.26283	
413	4.120	-178.11978	58.47812	642.69003	-155.44499	-114.62188	669.17341	-98.93793	38.10616	394.01175	-156.85647	82.41153	352.37808	-308.98882	67.80411	133.51634	-279.20066	2.14687	135.46479	-257.14555	50.50318	107.08366	-185.91851	-67.59851	379.19186	-226.15884	-127.25841	349.63501	-293.99663	-133.95708	80.56224	-258.22079	-88.79244	71.54633	-316.79450	-69.75210	97.02180	-342.63644	-114.66055	116.92918	-270.30733	-67.95940	717.27943	-287.55546	-12.28651	982.82381	-264.41283	-16.87595	795.84001	-280.17638	0.83248	704.15614	-317.92805	17.26219	168.43639	-153.98545	9.56662	961.81628	-184.64282	-194.56615	454.97063	-199.31629	145.92041	473.28276	-248.61842	-197.42907	233.13554	-237.30845	135.79213	269.83267	
414	4.130	-168.84367	57.82460	643.67442	-148.65450	-115.59477	670.09524	-83.67551	37.05290	399.00451	-139.93714	81.33476	355.34720	-281.83534	66.61196	129.59027	-252.35288	0.90185	132.95087	-228.79528	49.04332	105.74821	-184.04673	-69.14397	379.14962	-225.08071	-128.43884	350.35006	-293.65581	-133.72279	81.22899	-257.63437	-88.75789	71.82002	-315.84017	-69.42236	97.94171	-342.00553	-114.16760	117.87472	-263.02910	-67.16477	717.49173	-278.73429	-12.29614	984.13257	-257.00682	-16.88651	796.76534	-272.10287	1.72883	704.22023	-292.67755	16.19306	164.09847	-145.45719	10.06909	962.20695	-182.03844	-195.55800	455.17976	-185.57438	145.70870	474.62116	-248.69494	-198.16610	233.58232	-216.39940	134.81026	269.04836	
415	4.140	-159.48991	57.24579	644.27831	-141.88708	-116.44294	670.75060	-68.79471	35.54975	403.52576	-123.13719	80.01999	357.92627	-254.17581	65.86444	125.58675	-225.40836	-0.02718	130.32814	-200.18573	47.74220	104.33571	-181.97676	-70.47610	378.98718	-223.80691	-129.41231	350.96744	-293.40274	-133.40321	81.87171	-257.11308	-88.67066	72.08022	-314.94892	-68.98532	98.81723	-341.42720	-113.54976	118.81902	-255.76915	-66.17233	717.34758	-269.79516	-12.32685	985.14491	-249.60340	-16.75431	797.37712	-264.02042	2.81646	703.85427	-267.17330	15.66541	159.57998	-136.80278	10.54912	962.24309	-179.32342	-196.34064	455.30063	-171.77885	145.31875	475.51781	-248.69826	-198.71229	233.99184	-194.96826	133.94642	267.98097	
416	4.150	-150.01796	56.71614	644.48890	-135.09647	-117.18467	671.15424	-54.34128	33.54786	407.49488	-106.51705	78.43295	360.07447	-226.18415	65.51995	121.58389	-198.53491	-0.67464	127.61705	-171.50656	46.57789	102.87883	-179.69277	-71.61398	378.70912	-222.31640	-130.20773	351.49679	-293.23946	-133.00310	82.49595	-256.65540	-88.53417	72.33008	-314.11826	-68.44867	99.65499	-340.90190	-112.81209	119.76939	-248.47316	-65.00052	716.87090	-260.75620	-12.33752	985.83872	-242.16254	-16.46265	797.66442	-255.87066	4.07366	703.07768	-241.55954	15.63188	154.92983	-128.02758	11.02003	961.93280	-176.46112	-196.94633	455.33996	-157.92279	144.70266	475.97987	-248.62841	-199.08846	234.36706	-173.12386	133.15647	266.68893	
417	4.160	-140.38709	56.21086	644.30906	-128.23269	-117.84023	671.32299	-40.35884	31.02126	410.83919	-90.14724	76.55213	361.75662	-198.06935	65.50543	117.63244	-171.92032	-1.09860	124.82286	-142.97251	45.50618	101.38776	-177.16687	-72.57760	378.31991	-220.57569	-130.85215	351.94580	-293.15684	-132.53340	83.11213	-256.25213	-88.35543	72.57310	-313.33533	-67.82699	100.46639	-340.41751	-111.96796	120.73901	-241.08331	-63.67458	716.09064	-251.63771	-12.28428	986.19931	-234.64109	-16.00345	797.62398	-247.59245	5.47267	701.92219	-216.00744	16.01485	150.18320	-119.13989	11.49775	961.29482	-173.40989	-197.40821	455.30286	-144.00007	143.82726	476.02653	-248.46971	-199.31733	234.71466	-151.01289	132.38706	265.21278	
418	4.170	-130.55890	55.70776	643.75582	-121.24339	-118.43043	671.27393	-26.88496	27.96939	413.49534	-74.10416	74.37061	362.94190	-170.07808	65.72141	113.75725	-145.77420	-1.37687	121.93929	-114.82552	44.46522	99.85242	-174.35573	-73.38734	377.82192	-218.53674	-131.36917	352.31795	-293.13264	-132.01218	83.73435	-255.88552	-88.14552	72.81225	-312.57629	-67.14256	101.26684	-339.94745	-111.04063	121.74627	-233.54065	-62.22537	715.03911	-242.46073	-12.12325	986.21927	-226.99369	-15.37763	797.25953	-239.12523	6.98112	700.42952	-190.71740	16.71057	145.36494	-110.15009	11.99941	960.35733	-170.12190	-197.75839	455.19173	-130.00650	142.67564	475.68490	-248.18641	-199.42279	235.04341	-128.81776	131.57885	263.57346	
419	4.180	-120.50003	55.18895	642.85870	-114.07548	-118.97508	671.02274	-13.94782	24.41855	415.41210	-58.46589	71.89738	363.60420	-142.49472	66.05021	109.96116	-120.32792	-1.60040	118.95331	-87.33414	43.38292	98.24725	-171.19900	-74.06335	377.21358	-216.13652	-131.77774	352.61065	-293.13056	-131.46436	84.37884	-255.52890	-87.91941	73.04899	-311.80608	-66.42490	102.07454	-339.44966	-110.06309	122.81358	-225.78772	-60.68836	713.75055	-233.24576	-11.81314	985.89825	-219.17408	-14.59499	796.58122	-230.41257	8.56334	698.64920	-165.91925	17.59576	140.49399	-101.06986	12.54203	959.15660	-166.54310	-198.02607	455.00528	-115.94246	141.24777	474.98641	-247.72065	-199.42895	235.36238	-106.75278	130.67112	261.77398	
420	4.190	-110.18501	54.64237	641.65799	-106.67701	-119.49148	670.58260	-1.56374	20.42253	416.55412	-43.30829	69.15825	363.72408	-115.63755	66.36672	106.23102	-95.83163	-1.86451	115.85093	-60.78928	42.18643	96.53794	-167.61982	-74.62488	376.48801	-213.29849	-132.09143	352.81394	-293.10018	-130.92016	85.06244	-255.14694	-87.69490	73.28243	-310.97885	-65.70893	102.90907	-338.86670	-109.07606	123.96574	-217.77127	-59.10256	712.26010	-224.01165	-11.31770	985.24284	-211.13683	-13.67380	795.60535	-221.40585	10.18150	696.63670	-141.86951	18.53680	135.58823	-91.91140	13.14111	957.73538	-162.61401	-198.23598	454.73795	-101.81674	139.56022	473.96401	-246.99292	-199.35920	235.67893	-85.05815	129.60767	259.80387	
421	4.200	-99.59878	54.06297	640.20313	-98.99907	-119.99303	669.96342	10.26403	16.06201	416.90641	-28.70181	66.19621	363.29217	-89.85008	66.55102	102.54520	-72.54769	-2.25858	112.62312	-35.49574	40.81270	94.68923	-163.52757	-75.08953	375.63233	-209.93569	-132.31814	352.91015	-292.97802	-130.41252	85.80108	-254.69661	-87.49085	73.50868	-310.03859	-65.03212	103.78989	-338.12667	-108.12452	125.22812	-209.44494	-57.50958	710.60319	-214.77478	-10.60782	984.26666	-202.83927	-12.64000	794.35427	-212.06752	11.79663	694.45190	-118.84456	19.40102	130.66941	-82.68698	13.80945	956.14139	-158.27140	-198.40702	454.37970	-87.65091	137.64559	472.65056	-245.90496	-199.23506	235.99691	-63.99119	128.34371	257.64570	
422	4.210	-88.73900	53.45352	638.55129	-90.99787	-120.48803	669.17186	21.54499	11.44276	416.47862	-14.70902	63.07136	362.31344	-65.48690	66.50161	98.88181	-50.74027	-2.85518	109.27151	-11.75943	39.21870	92.67302	-158.82259	-75.47246	374.62796	-205.95534	-132.46039	352.87433	-292.68922	-129.97381	86.60844	-254.12862	-87.32501	73.72054	-308.92033	-64.43111	104.73488	-337.14491	-107.25336	126.62465	-200.77174	-55.95258	708.81537	-205.54853	-9.66338	982.99049	-194.24376	-11.52623	792.85645	-202.37405	13.36944	692.15798	-97.12944	20.06934	125.76755	-73.40848	14.55610	954.42571	-153.45035	-198.55119	453.91628	-73.48354	135.55156	471.07864	-244.34480	-199.07515	236.31524	-43.81484	126.85295	255.28283	
423	4.220	-77.61756	52.82499	636.76599	-82.63673	-120.97870	668.21178	32.29955	6.69247	415.30850	-1.38305	59.86012	360.81160	-42.89426	66.14777	95.22681	-30.66143	-3.69994	105.81312	10.12910	37.39005	90.47546	-153.40251	-75.78554	373.45193	-201.26420	-132.51587	352.67590	-292.14977	-129.63238	87.49498	-253.38919	-87.21174	73.90782	-307.55141	-63.93820	105.75922	-335.82619	-106.50285	128.17596	-191.72621	-54.47528	706.93238	-196.34304	-8.47455	981.44245	-185.31985	-10.37056	791.14674	-192.31802	14.86112	689.82054	-77.00223	20.44908	120.92453	-64.08727	15.38552	952.64135	-148.08649	-198.67290	453.33008	-59.37321	133.34001	469.28187	-242.19321	-198.89420	236.62713	-24.78337	125.13406	252.70726	
424	4.230	-66.26138	52.19645	634.91580	-73.88802	-121.46060	667.08540	42.55570	1.95610	413.46364	11.23322	56.65372	358.83266	-22.38650	65.45957	91.58099	-12.53455	-4.80342	102.28352	29.91375	35.34663	88.10229	-147.16944	-76.03661	372.07920	-195.77434	-132.47849	352.28107	-291.26905	-129.40948	88.46736	-252.42186	-87.16015	74.05811	-305.85321	-63.57829	106.87461	-334.06736	-105.90476	129.89765	-182.29604	-53.12056	704.99052	-187.16531	-7.04282	979.65823	-176.04655	-9.21489	789.26654	-181.90934	16.23427	687.50679	-58.71512	20.48553	116.19610	-54.73414	16.29714	950.84189	-142.11824	-198.76871	452.60150	-45.39954	131.08580	467.29730	-239.33073	-198.70231	236.92007	-7.12628	123.21550	249.92669	
425	4.240	-54.71220	51.59437	633.07276	-64.73496	-121.92246	665.79493	52.34459	-2.61003	411.04091	23.10710	53.55563	356.44684	-4.22060	64.45405	87.96467	3.46322	-6.13641	98.73786	47.39254	33.14430	85.58152	-140.03738	-76.22878	370.48590	-189.40860	-132.33956	351.65619	-289.95247	-129.31711	89.52838	-251.16898	-87.17285	74.15842	-303.74296	-63.36678	108.08906	-331.76038	-105.47944	131.79910	-172.48318	-51.92889	703.02698	-178.01954	-5.38141	977.68107	-166.41414	-8.10323	787.26381	-171.17549	17.45398	685.28464	-42.47392	20.17073	111.65199	-45.35944	17.28508	949.08027	-135.48895	-198.82760	451.71092	-31.66163	128.87525	465.16859	-235.64453	-198.50467	237.17682	8.96828	121.15759	246.96957	
426	4.250	-43.02533	51.05136	631.31054	-55.17312	-122.34651	664.34442	61.69550	-6.84537	408.16303	34.21548	50.67782	353.74804	11.42818	63.19625	84.41938	17.21732	-7.62952	95.24928	62.43552	30.87197	82.96290	-131.93880	-76.36009	368.65326	-182.10529	-132.08918	350.77152	-288.10414	-129.35699	90.67763	-249.57279	-87.24582	74.19737	-301.13595	-63.30847	109.40714	-328.79571	-105.23457	133.88292	-162.30433	-50.93643	701.08011	-168.90775	-3.51526	975.56147	-156.42573	-7.07957	785.19269	-160.16047	18.48930	683.22148	-28.41858	19.54781	107.37359	-35.97333	18.33826	947.40769	-128.14896	-198.83189	450.64128	-18.27375	126.80357	462.94890	-231.03452	-198.30158	237.37731	23.36861	119.05126	243.88732	
427	4.260	-31.26728	50.60443	629.70216	-45.21155	-122.70936	662.74196	70.63079	-10.59308	404.97241	44.54359	48.13587	350.85035	24.48569	61.79452	81.00564	28.68856	-9.17777	91.90464	74.99837	28.64416	80.31417	-122.83003	-76.42350	366.57165	-173.82179	-131.71757	349.60525	-285.62969	-129.52094	91.91281	-247.57583	-87.36937	74.16798	-297.94791	-63.39772	110.83089	-325.06641	-105.16528	136.14511	-151.79057	-50.17272	699.18940	-159.83041	-1.48044	973.35659	-146.09814	-6.18560	783.11266	-148.92277	19.31490	681.38250	-16.60777	18.70978	103.44900	-26.58600	19.44085	945.87257	-120.05774	-198.75881	449.38096	-5.35857	124.97119	460.70277	-225.41829	-198.08899	237.50144	36.01084	117.01300	240.75286	
428	4.270	-19.51251	50.29261	628.31723	-34.87341	-122.98339	661.00161	79.16163	-13.70855	401.62242	54.08344	46.04288	347.88161	34.98986	60.39005	77.79699	37.92003	-10.64997	88.79771	85.12932	26.58979	77.71447	-112.69462	-76.40733	364.24458	-164.53688	-131.21634	348.14742	-282.43933	-129.79254	93.23166	-245.12081	-87.53020	74.07081	-294.09777	-63.61979	112.36101	-320.47265	-105.25575	138.57620	-140.98639	-49.65839	697.39518	-150.78726	0.67698	971.12905	-135.46215	-5.45830	781.08706	-137.53218	19.91313	679.82868	-7.01018	17.79202	99.96567	-17.20796	20.57290	944.51964	-111.18614	-198.58261	447.92704	6.96146	123.47851	458.50587	-218.73472	-197.85939	237.53270	46.90446	115.17634	237.65518	
429	4.280	-7.83944	50.15441	627.21886	-24.19591	-123.13853	659.14511	87.28528	-16.06793	398.26685	62.83205	44.50264	344.97464	43.09037	59.14160	74.87086	45.03648	-11.90218	86.02051	92.96766	24.83852	75.24597	-101.54454	-76.29623	361.69195	-154.25150	-130.57963	346.40315	-278.45119	-130.14974	94.63445	-242.14990	-87.71429	73.91705	-289.51045	-63.95289	113.99835	-314.92709	-105.48158	141.16303	-129.94786	-49.40277	695.73787	-141.77799	2.90262	968.94529	-124.56189	-4.92743	779.18108	-126.06585	20.27592	678.61431	0.49511	16.95868	97.00130	-7.85019	21.71136	943.38897	-101.51876	-198.27710	446.28838	18.57334	122.41948	456.44219	-210.94630	-197.60305	237.46211	56.13029	113.68044	234.69058	
430	4.290	3.67400	50.22503	626.46041	-13.22950	-123.14445	657.20294	94.98423	-17.57622	395.04883	70.78980	43.60232	342.25685	49.03572	58.20717	72.29792	50.23565	-12.79363	83.65397	98.73335	23.50658	72.98493	-89.41911	-76.07265	358.95214	-142.98831	-129.80488	344.39508	-273.59490	-130.56806	96.12655	-238.60378	-87.91013	73.73102	-284.11975	-64.37081	115.74532	-308.36041	-105.81271	143.89119	-118.74026	-49.40205	694.25688	-132.80288	5.13612	966.87341	-113.45353	-4.61329	777.45911	-114.60388	20.40666	677.78438	6.10845	16.38424	94.61425	1.47579	22.83116	942.51505	-91.05631	-197.81838	444.48826	29.38223	121.87434	454.59856	-202.04043	-197.30924	237.29229	63.83029	112.65704	231.95177	
431	4.300	14.95472	50.53375	626.08234	-2.03634	-122.97280	655.21460	102.22765	-18.17432	392.09037	77.95923	43.40545	339.83980	53.14886	57.72496	70.13174	53.77219	-13.20326	81.75917	102.70857	22.68396	70.99379	-76.38189	-75.71860	356.08279	-130.78991	-128.89335	342.16450	-267.81501	-131.02374	97.72069	-234.42046	-88.11184	73.55171	-277.87087	-64.84556	117.60687	-300.72676	-106.21606	146.74742	-107.43508	-49.63807	692.98921	-123.86324	7.31383	964.98050	-102.20309	-4.52486	775.98179	-103.22475	20.32136	677.37206	10.09076	16.23234	92.83521	10.75802	23.90656	941.92585	-79.81760	-197.18737	442.56616	39.31861	121.90254	453.05716	-192.02960	-196.96755	237.04086	70.19000	112.21712	229.51683	
432	4.310	25.93844	51.10167	626.10960	9.31220	-122.59941	653.22796	108.97499	-17.84432	389.48403	84.34452	43.94579	337.81022	55.79462	57.79642	68.40106	55.93641	-13.04446	80.37056	105.21352	22.42460	69.31538	-62.51591	-75.21769	353.15980	-117.71613	-127.85029	339.77095	-261.07398	-131.49643	99.43828	-229.53441	-88.32145	73.43263	-270.72243	-65.34973	119.59071	-292.00830	-106.65778	149.72167	-96.10678	-50.07822	691.96774	-114.96160	9.37201	963.32981	-90.88360	-4.65853	774.80279	-92.00117	20.04896	677.39654	12.73836	16.63469	91.66185	19.98432	24.91248	941.64197	-67.84101	-196.37190	440.57807	48.34284	122.53662	451.88713	-180.95077	-196.56893	236.74286	75.41584	112.43883	227.44025	
433	4.320	36.57279	51.94012	626.54981	20.73857	-122.00623	651.29745	115.18126	-16.61237	387.28798	89.95187	45.22285	336.22361	57.34412	58.47352	67.10609	57.03091	-12.27612	79.49255	106.57982	22.74086	67.97023	-47.91775	-74.55715	350.27457	-103.84046	-126.68473	337.29031	-253.35382	-131.97078	101.30920	-223.87596	-88.54985	73.43965	-262.64754	-65.85814	121.70643	-282.21784	-107.10451	152.80813	-84.82939	-50.67659	691.21960	-106.10179	11.25018	961.97766	-79.57178	-4.99777	773.96579	-80.99663	19.63051	677.86148	14.35569	17.67322	91.05763	29.14268	25.82591	941.67576	-55.18476	-195.36816	438.59528	56.44681	123.77820	451.13681	-168.86368	-196.10647	236.45126	79.71110	113.35832	225.74786	
434	4.330	46.81927	53.04985	627.39253	32.16273	-121.18271	649.48145	120.80325	-14.54840	385.52493	94.79096	47.19979	335.10174	58.14180	59.75216	66.21968	57.34836	-10.90857	79.09977	107.12526	23.60261	66.95687	-32.69110	-73.72961	347.52978	-89.24618	-125.40906	334.81125	-244.65629	-132.43674	103.36957	-217.37161	-88.81609	73.64668	-253.63382	-66.34874	123.96349	-271.39891	-107.52396	156.00469	-73.67322	-51.37655	690.76455	-97.28865	12.89448	960.97061	-68.34433	-5.51373	773.50175	-70.26289	19.11704	678.75448	15.23003	19.36794	90.95554	38.22177	26.62713	942.03064	-41.92597	-194.18137	436.70122	63.65276	125.59660	450.82806	-155.84824	-195.57580	236.23537	83.25459	114.96456	224.43641	
435	4.340	56.65385	54.42119	628.60981	43.50607	-120.12657	647.83872	125.80601	-11.76230	384.18520	98.87726	49.80428	334.43399	58.47996	61.57228	65.69273	57.15342	-9.00354	79.14111	107.13307	24.94084	66.25491	-16.94059	-72.73461	345.03379	-74.02226	-124.03847	332.43042	-235.00101	-132.88854	105.65733	-209.94519	-89.14491	74.12915	-243.68230	-66.80253	126.36803	-259.62262	-107.88460	159.31073	-62.70200	-52.11457	690.61359	-88.52769	14.26085	960.34291	-57.27432	-6.16693	773.42693	-59.83885	18.56607	680.04745	15.61184	21.67246	91.26607	47.21144	27.30087	942.70064	-28.15811	-192.82561	434.98676	70.00959	127.93062	450.95370	-142.00078	-194.97513	236.17667	86.18586	117.19914	223.47756	
436	4.350	66.06639	56.03498	630.15799	54.69526	-118.84383	646.42443	130.16867	-8.39639	383.23304	102.23496	52.93253	334.18220	58.58361	63.82451	65.46253	56.67056	-6.66822	79.54663	106.83804	26.65512	65.82983	-0.76623	-71.57953	342.89425	-58.25952	-122.59028	330.24673	-224.42182	-133.32240	108.20597	-201.52030	-89.56269	74.95603	-232.80520	-67.20292	128.91895	-246.98135	-108.15516	162.72321	-51.97046	-52.82506	690.76795	-79.82454	15.31763	960.11455	-46.42781	-6.90985	773.74176	-49.75044	18.03730	681.69802	15.70280	24.47755	91.88799	56.10331	27.83716	943.67020	-13.98706	-191.32302	433.54414	75.58739	130.69322	451.47848	-127.42938	-194.30499	236.36239	88.59891	119.96110	222.82498	
437	4.360	75.05874	57.86437	631.98051	65.66587	-117.34814	645.28602	133.88914	-4.61462	382.61490	104.89987	56.45642	334.28800	58.60615	66.36234	65.46196	56.07825	-4.04435	80.23613	106.41991	28.62393	65.63859	15.74088	-70.27998	341.21158	-42.04711	-121.08332	328.35517	-212.96167	-133.73377	111.03699	-192.02384	-90.09250	76.18117	-221.02295	-67.53452	131.60386	-233.57970	-108.30408	166.23181	-41.52265	-53.44566	691.21856	-71.18437	16.04749	960.29005	-35.86105	-7.69033	774.43068	-40.01170	17.58754	683.65184	15.65196	27.62248	92.72006	64.89126	28.23191	944.91439	0.47408	-189.70241	432.46027	80.47100	133.77872	452.34334	-112.24839	-193.56770	236.87723	90.54472	123.11628	222.42256	
438	4.370	83.64228	59.87691	634.01166	76.36524	-115.65944	644.45938	136.98718	-0.58947	382.26817	106.92159	60.23321	334.68117	58.63468	69.01811	65.62782	55.50875	-1.29354	81.12782	106.00370	30.71664	65.63500	32.50133	-68.85943	340.07283	-25.46974	-119.53736	326.84097	-200.66672	-134.11443	114.15253	-181.39052	-90.74890	77.83522	-208.36092	-67.78191	134.39574	-219.52391	-108.29958	169.81387	-31.39097	-53.92239	691.94593	-62.61132	16.44845	960.85818	-25.61839	-8.45531	775.46306	-30.62662	17.26583	685.84541	15.55886	30.91240	93.67136	73.57182	28.48714	946.39940	15.11103	-187.99746	431.81004	84.75309	137.07150	453.47209	-96.57240	-192.76663	237.79432	92.04074	126.51015	222.21223	
439	4.380	91.83482	62.03705	636.18058	86.75451	-113.80234	643.96584	139.50538	3.51209	382.12881	108.36435	64.11672	335.28765	58.70213	71.62098	65.90672	55.05206	1.41933	82.14589	105.66545	32.80581	65.77410	49.44863	-67.34823	339.54659	-8.60544	-117.97259	325.77442	-187.58059	-134.45034	117.52929	-169.56771	-91.53343	79.91945	-194.84627	-67.92873	137.25109	-204.91117	-108.11048	173.43045	-21.59595	-54.21408	692.92063	-54.10800	16.53379	961.79253	-15.73116	-9.15468	776.79505	-21.59141	17.10906	688.20937	15.48162	34.13990	94.66878	82.14445	28.61088	948.08362	29.81476	-186.24462	431.65049	88.52755	140.45539	454.77941	-80.51016	-191.90551	239.16638	93.08479	129.98236	222.14008	
440	4.390	99.65769	64.30835	638.41548	96.80968	-111.80417	643.81016	141.50807	7.54170	382.13699	109.30596	67.96883	336.03616	58.80312	74.01469	66.25797	54.76236	3.94263	83.22598	105.44139	34.77858	66.01517	66.52903	-65.78169	339.67945	8.47589	-116.40892	325.20706	-173.73964	-134.72072	121.11528	-156.52003	-92.43161	82.40263	-180.50541	-67.95726	140.11021	-189.82057	-107.70797	177.02437	-12.14670	-54.29557	694.10422	-45.67512	16.33106	963.05300	-6.21738	-9.74474	778.37214	-12.89691	17.13879	690.67168	15.44751	37.10776	95.66059	90.61163	28.61669	949.91892	44.48771	-184.48080	432.01649	91.88345	143.82237	456.17904	-64.15893	-190.98769	241.01853	93.66993	133.38130	222.16022	
441	4.400	107.13313	66.65547	640.64747	106.52148	-109.69320	643.97987	143.07804	11.38011	382.24035	109.83490	71.66983	336.86288	58.91062	76.07301	66.65357	54.66515	6.15251	84.31805	105.33858	36.54584	66.32337	83.69998	-64.19751	340.49424	25.71341	-114.86523	325.16937	-159.17001	-134.89854	124.83014	-142.23285	-93.41196	85.22161	-165.36253	-67.84874	142.89986	-174.30701	-107.06808	180.52113	-3.04195	-54.15934	695.45065	-37.31127	15.88008	964.58810	2.91774	-10.19108	780.13237	-4.53080	17.35962	693.16087	15.46386	39.65022	96.61620	98.97875	28.52286	951.85244	59.04930	-182.74105	432.91836	94.90023	147.07982	457.59096	-47.59979	-190.01563	243.34376	93.79781	136.57688	222.23659	
442	4.410	114.28237	69.04560	642.81392	115.89438	-107.49701	644.44594	144.31129	14.94381	382.39516	110.04598	75.12630	337.71414	58.99076	77.71106	67.07594	54.76425	7.96366	85.38704	105.34542	38.04834	66.67008	100.92780	-62.63250	341.99019	43.05569	-113.35824	325.67018	-143.88666	-134.95253	128.56945	-126.71421	-94.42730	88.28589	-149.43920	-67.58438	145.53821	-158.39896	-106.17436	183.83266	5.72847	-53.81534	696.90810	-29.01292	15.23016	966.33776	11.68053	-10.47052	782.00975	3.52082	17.75916	695.60874	15.52761	41.64991	97.52282	107.25395	28.35138	953.82849	73.44025	-181.05617	434.34178	97.64442	150.15550	458.94709	-30.89422	-188.99058	246.10164	93.48848	139.47016	222.34286	
443	4.420	121.12459	71.44931	644.86100	124.94469	-105.24137	645.16475	145.31042	18.18711	382.56590	110.03510	78.27572	338.54740	59.01421	78.89114	67.51458	55.04764	9.33495	86.41141	105.44065	39.25910	67.03248	118.18463	-61.11895	344.14469	60.46055	-111.90124	326.69773	-127.89456	-134.85012	132.21255	-109.99473	-95.41812	91.48534	-132.75502	-67.14677	147.94135	-142.10014	-105.02035	186.86364	14.18196	-53.28938	698.42114	-20.77451	14.43684	968.23667	20.08723	-10.57211	783.93780	11.27234	18.30966	697.95288	15.63246	43.04803	98.38029	115.44767	28.12665	955.79076	87.62506	-179.45048	436.24982	100.16838	152.99999	460.19499	-14.08253	-187.91249	249.22071	92.78558	141.99885	222.46132	
444	4.430	127.67673	73.84084	646.74553	133.69809	-102.94941	646.08107	146.17735	21.09967	382.72420	109.89410	81.08731	339.33099	58.96321	79.62238	67.96253	55.49238	10.26958	87.38051	105.60033	40.18205	67.39268	135.44529	-59.68093	346.91641	77.89432	-110.50262	328.22203	-111.19150	-134.56098	135.63272	-92.12561	-96.31762	94.70031	-115.32908	-66.52149	150.03042	-125.39435	-103.61109	189.51930	22.34130	-52.62009	699.93311	-12.58872	13.55834	970.21768	28.16199	-10.49711	785.85286	18.73838	18.97103	700.13864	15.77326	43.84665	99.19549	123.57219	27.87418	957.68446	101.59239	-177.93998	438.58678	102.51110	155.58653	461.29937	2.81612	-186.78019	252.60424	91.75680	144.13836	222.58099	
445	4.440	133.95409	76.19791	648.43596	142.18688	-100.64142	647.13186	147.00629	23.70042	382.84751	109.70615	83.55940	340.04310	58.83431	79.95473	68.41352	56.06839	10.80980	88.29140	105.80241	40.84735	67.73677	152.68404	-58.33112	350.24929	95.33052	-109.16434	330.19832	-93.77185	-134.06034	138.70845	-73.17508	-97.05760	97.81232	-97.18161	-65.69860	151.73829	-108.25256	-101.96347	191.71363	30.23306	-51.85501	701.38856	-4.44679	12.65201	972.21519	35.93489	-10.25813	787.69702	25.93409	19.69476	702.12063	15.94795	44.10304	99.97734	131.64109	27.61912	959.45846	115.35315	-176.53098	441.28338	104.70083	157.90867	462.24189	19.80186	-185.59151	256.13855	90.48986	145.89871	222.69558	
446	4.450	139.97160	78.50121	649.91261	150.44716	-98.33490	648.25036	147.87784	26.02902	382.91819	109.54225	85.71406	340.67053	58.63735	79.96826	68.86034	56.74165	11.02748	89.14575	106.02919	41.30421	68.05408	169.87170	-57.06855	354.07676	112.74792	-107.88074	332.57101	-75.63060	-133.33166	141.33389	-53.22384	-97.57441	100.71406	-78.33562	-64.67369	153.01480	-90.64058	-100.10514	193.37643	37.88604	-51.04627	702.73569	3.66102	11.77114	974.16819	43.43995	-9.87741	789.42046	32.87593	20.42832	703.86382	16.15740	43.91728	100.73329	139.66869	27.38505	961.06724	128.93611	-175.21952	444.26233	106.75892	159.97636	463.01925	36.89089	-184.34344	259.70284	89.08509	147.31799	222.80175	
447	4.460	145.74544	80.73377	651.16727	158.51635	-96.04492	649.37035	148.85497	28.13646	382.92294	109.45912	87.58989	341.20737	58.39188	79.75992	69.29439	57.47700	11.01209	89.94734	106.26804	41.61247	68.33675	186.97332	-55.87753	358.32588	130.12793	-106.63773	335.27764	-56.76682	-132.36813	143.42716	-32.36015	-97.81399	103.31736	-58.81809	-63.44833	153.82970	-72.52622	-98.07220	194.45839	45.33025	-50.24623	703.92852	11.74510	10.96215	976.02284	50.71347	-9.38471	790.98324	39.58276	21.11967	705.34413	16.40422	43.41558	101.46761	147.66950	27.19271	962.47253	142.38165	-173.99155	447.44373	108.70398	161.81100	463.64037	54.11104	-183.03204	263.17927	87.64584	148.45368	222.89773	
448	4.470	151.29475	82.88030	652.20218	166.43104	-93.78466	650.42994	149.98120	30.07607	382.85272	109.49850	89.23436	341.65383	58.12232	79.42975	69.70645	58.24068	10.85805	90.70034	106.51090	41.83401	68.57950	203.94643	-54.72822	362.92063	147.45158	-105.41257	338.25244	-37.18625	-131.17282	144.93552	-10.67525	-97.73537	105.55817	-38.66081	-62.02984	154.17317	-53.88499	-95.90600	194.93339	52.59608	-49.50349	704.92871	19.81611	10.26255	977.73445	57.79251	-8.81474	792.35622	46.07684	21.72129	706.54846	16.69100	42.73210	102.18119	155.65775	27.05907	963.64453	155.73406	-172.82397	450.74953	110.55575	163.44048	464.12296	71.49674	-181.65201	266.46187	86.26836	149.37294	222.98260	
449	4.480	156.64321	84.92678	653.02869	174.22555	-91.56585	651.37493	151.28122	31.89614	382.70273	109.68783	90.69658	342.01518	57.85303	79.06853	70.08793	59.00283	10.65327	91.40848	106.75317	42.02523	68.77966	220.74024	-53.57843	367.78432	164.69630	-104.17446	341.42908	-16.90264	-129.75728	145.83677	11.74035	-97.31184	107.39831	-17.90082	-60.43028	154.05394	-34.70394	-93.64953	194.79795	59.71395	-48.85963	705.70683	27.88468	9.69955	979.26871	64.71387	-8.20451	793.52138	52.38473	22.19348	707.47423	17.01890	41.99209	102.87269	163.64696	26.99656	964.56278	169.03355	-171.68632	454.10650	112.33791	164.89459	464.49006	89.08363	-180.19608	269.46325	85.03293	150.14334	223.05616	
450	4.490	161.82026	86.86035	653.66545	181.93111	-89.39918	652.16118	152.76349	33.63473	382.47259	110.04226	92.02145	342.30083	57.60436	78.74867	70.43254	59.73951	10.47032	92.07499	106.99255	42.23146	68.93718	237.29560	-52.37672	372.84082	181.83287	-102.88575	344.74224	4.06185	-128.13896	146.13711	34.79920	-96.52990	108.82403	3.41900	-58.66472	153.49554	-14.98370	-91.34378	194.06810	66.71421	-48.34688	706.24308	35.96117	9.28949	980.60220	71.51323	-7.59086	794.47136	58.53779	22.50677	708.12837	17.38667	41.29877	103.54027	171.64971	27.01266	965.21637	182.30890	-170.54300	457.44756	114.07969	166.20151	464.76686	106.90329	-178.65417	272.11827	83.99769	150.82505	223.11923	
451	4.500	166.86176	88.66947	654.13655	189.57572	-87.29448	652.75618	154.42451	35.31698	382.16615	110.56767	93.24560	342.52346	57.39029	78.51889	70.73770	60.43446	10.36104	92.70298	107.22800	42.48363	69.05464	253.54599	-51.06614	378.01455	198.82310	-101.50384	348.12815	25.67674	-126.33767	145.86620	58.41759	-95.38621	109.84204	25.24912	-56.74901	152.53136	5.26080	-89.02455	192.77447	73.62725	-47.98675	706.52723	44.05559	9.03796	981.72219	78.22477	-7.00811	795.20844	64.57220	22.64319	708.52578	17.79066	40.72514	104.18348	179.67744	27.10970	965.60384	195.57202	-169.35565	460.71164	115.81633	167.38540	464.97820	124.97838	-177.01268	274.38449	83.19614	151.46530	223.17421	
452	4.510	171.81004	90.34448	654.46945	197.18450	-85.26067	653.13956	156.25395	36.95465	381.79108	111.26449	94.39533	342.69804	57.21776	78.40306	71.00548	61.07998	10.35473	93.29612	107.45925	42.79741	69.13703	269.41931	-49.58834	383.22958	215.61840	-99.98365	351.52410	47.90302	-124.37156	145.07017	82.51428	-93.88301	110.47369	47.53192	-54.69715	151.19945	26.00020	-86.71976	190.95657	80.48383	-47.78963	706.55805	52.17744	8.94052	982.62579	84.88091	-6.48619	795.74301	70.52852	22.59650	708.68745	18.22544	40.31130	104.80485	187.74034	27.28496	965.73250	208.81504	-168.08559	463.84233	117.58859	168.46531	465.14664	143.31851	-175.25392	276.23955	82.63853	152.09554	223.22568	
453	4.520	176.71338	91.87838	654.69290	204.78054	-83.30548	653.30270	158.24005	38.54769	381.35811	112.13184	95.48639	342.84086	57.08761	78.40253	71.24304	61.67709	10.45961	93.85930	107.68674	43.17448	69.19147	284.84063	-47.88756	388.40815	232.15977	-98.28036	354.86726	70.69215	-122.25318	143.80392	107.00741	-92.02327	110.74835	70.19950	-52.51857	149.53753	47.19041	-84.44744	188.65707	87.31534	-47.75532	706.34210	60.33571	8.98394	983.31859	91.51235	-6.04919	796.09161	76.45088	22.37154	708.63824	18.68506	40.06656	105.41094	195.84736	27.53102	965.61738	222.01063	-166.69603	466.78598	119.44172	169.45520	465.29127	161.91680	-173.35612	277.67633	82.31677	152.73121	223.28069	
454	4.530	181.62482	93.26769	654.83499	212.38590	-81.43509	653.24751	160.37470	40.08706	380.87988	113.17172	96.52519	342.96841	56.99661	78.50121	71.46244	62.23480	10.66665	94.39914	107.91195	43.60537	69.22667	299.73554	-45.91417	393.46901	248.37912	-96.35231	358.09326	93.98342	-119.98616	142.12372	131.80973	-89.80628	110.69703	93.17073	-50.21581	147.57913	68.77166	-82.21425	185.91705	94.15408	-47.87421	705.89224	68.53884	9.14771	983.81290	98.14833	-5.71442	796.27484	82.38578	21.98278	708.40465	19.16459	39.97526	106.01276	204.00623	27.83637	965.27993	235.11525	-165.15384	469.48994	121.42430	170.36465	465.42693	180.74724	-171.29387	278.69677	82.21154	153.37375	223.34884	
455	4.540	186.60058	94.51325	654.92125	220.02264	-79.65361	652.98478	162.65776	41.55831	380.36955	114.39269	97.51105	343.09601	56.94000	78.67194	71.67994	62.76857	10.95481	94.92415	108.13792	44.07333	69.25231	314.03403	-43.62763	398.32620	264.20192	-94.16390	361.13498	117.69964	-117.56300	140.08087	156.82255	-87.22480	110.34681	116.34789	-47.78288	145.35087	90.66632	-80.01463	182.77274	101.03335	-48.12891	705.22585	76.79465	9.40576	984.12574	104.81689	-5.49195	796.31515	88.38080	21.45247	708.01265	19.66176	40.00481	106.62553	212.22357	28.18613	964.74646	248.07490	-163.43106	471.90140	123.58700	171.20020	465.56395	199.76259	-169.03932	279.30568	82.30054	154.01413	223.44180	
456	4.550	191.69820	95.62084	654.97296	227.71367	-77.96267	652.53204	165.10035	42.94540	379.83923	115.81289	98.43886	343.23642	56.91414	78.88329	71.91497	63.29836	11.29682	95.44469	108.36969	44.55829	69.27834	327.67457	-40.99876	402.88880	279.55093	-91.68818	363.92212	141.74131	-114.96449	137.71736	181.92915	-84.26445	109.71708	139.61309	-45.20459	142.87144	112.77577	-77.83045	179.25420	107.98733	-48.49615	704.36325	85.11026	9.72826	984.27673	111.54527	-5.38457	796.23475	94.48324	20.80857	707.48585	20.17823	40.11437	107.26796	220.50488	28.56296	964.04653	260.83224	-161.50583	473.96736	125.98162	171.96673	465.70783	218.89281	-166.56390	279.50557	82.56631	154.63714	223.57240	
457	4.560	196.97441	96.60139	655.00569	235.48320	-76.36115	651.91150	167.72698	44.23405	379.29822	117.46198	99.30170	343.39823	56.91864	79.10548	72.18876	63.84649	11.66439	95.97250	108.61466	45.04052	69.31415	340.60808	-38.01145	407.06194	294.35047	-88.90910	366.38171	165.97994	-112.16102	135.06373	206.98854	-80.90559	108.81777	162.82508	-42.45735	140.15204	134.97657	-75.63148	175.38585	115.05073	-48.94853	703.32627	93.49194	10.08335	984.28611	118.36025	-5.38808	796.05376	100.73875	20.08282	706.84411	20.72072	40.26289	107.96125	228.85466	28.94803	963.21137	273.33392	-159.36315	475.63579	128.66024	172.66877	465.85907	238.04396	-163.84067	279.29341	83.00274	155.22568	223.75338	
458	4.570	202.48318	97.47075	655.02821	243.35675	-74.84514	651.14818	170.57647	45.41434	378.75143	119.38208	100.09302	343.58425	56.95792	79.31491	72.52302	64.43582	12.03254	96.52018	108.88249	45.50337	69.36783	352.80131	-34.66372	410.74935	308.53090	-85.82319	368.44008	190.25157	-109.11603	132.13938	231.83049	-77.12784	107.64993	185.81722	-39.51154	137.19835	157.11670	-73.37685	171.18884	122.25805	-49.45619	702.13731	101.94495	10.43876	984.17287	125.28839	-5.49185	795.78874	107.19017	19.30901	706.10273	21.30158	40.41562	108.72787	237.27637	29.32208	962.27244	285.53683	-156.99527	476.85794	131.67461	173.31148	466.01283	257.09768	-160.84715	278.65992	83.61944	155.76440	223.99582	
459	4.580	208.27380	98.24901	655.04170	251.36058	-73.40820	650.26833	173.70181	46.48221	378.19784	121.62762	100.80818	343.78997	57.04222	79.49697	72.93860	65.08864	12.38259	97.10048	109.18496	45.93487	69.44547	364.23926	-30.96842	413.85756	322.03265	-82.44070	370.02621	214.35208	-105.79143	128.95521	256.25291	-72.91649	106.20846	208.39701	-36.33547	134.01364	179.01311	-71.01794	166.68474	129.64263	-49.98807	700.81893	110.47324	10.76330	983.95335	132.35615	-5.67950	795.45168	113.87636	18.52172	705.27224	21.93911	40.54848	109.59042	245.77243	29.66637	961.26019	297.41227	-154.40223	477.59153	135.07566	173.90102	466.15846	275.91167	-157.56853	277.59137	84.44407	156.24231	224.30750	
460	4.590	214.38928	98.95929	655.03944	259.52063	-72.04191	649.29851	177.16900	47.43980	377.62930	124.26416	101.44508	344.00225	57.18800	79.64683	73.45435	65.82622	12.70374	97.72568	109.53559	46.32818	69.55063	374.92632	-26.95336	416.30139	334.80941	-78.78611	371.07618	238.03570	-102.15474	125.51811	280.02262	-68.27032	104.48657	230.34816	-32.90078	130.60281	200.45151	-68.50285	161.90005	137.23531	-50.51286	699.39394	119.07930	11.02822	983.64022	139.58964	-5.92972	795.04959	120.83111	17.75542	704.35886	22.65770	40.65022	110.57064	254.34414	29.96376	960.20310	308.94754	-151.59231	477.80439	138.91304	174.44452	466.27910	294.32162	-154.00103	276.07358	85.52252	156.65411	224.69134	
461	4.600	220.86511	99.62615	655.00705	267.86094	-70.73682	648.26509	181.05492	48.29464	377.02979	127.36644	102.00406	344.19853	57.41827	79.76881	74.08640	66.66934	12.99332	98.40706	109.94950	46.68108	69.68413	384.88577	-22.66124	418.01033	346.83011	-74.89800	371.53864	261.01823	-98.18712	121.83674	302.88018	-63.20935	102.48134	251.43551	-29.18895	126.97678	221.18971	-65.78264	156.87086	145.06293	-50.99958	697.88596	127.76379	11.20839	983.24201	147.01420	-6.21701	794.58460	128.08211	17.04399	703.36542	23.48799	40.72258	111.68869	262.99162	30.19953	959.12708	320.14462	-148.58272	477.47810	143.23463	174.94945	466.35132	312.14528	-150.15532	274.09756	86.91768	157.00045	225.14405	
462	4.610	227.72839	100.27382	654.92325	276.40190	-69.48343	647.19434	185.44445	49.05799	376.37536	131.01573	102.48716	344.34671	57.76292	79.87447	74.84778	67.63951	13.25590	99.15472	110.44361	46.99467	69.84424	394.15767	-18.14905	418.93507	358.07961	-70.82847	371.38044	282.98614	-93.89144	117.92774	324.54919	-57.78157	100.19946	271.41319	-25.19807	123.15668	240.96530	-62.81889	151.64692	153.14668	-51.41800	696.32030	136.52540	11.28336	982.76322	154.65354	-6.51252	794.05479	135.64994	16.42042	702.29278	24.46726	40.77873	112.96272	271.71366	30.36225	958.05511	331.01653	-145.40039	476.61112	148.08607	175.42261	466.34526	329.18900	-146.05940	271.66564	88.70704	157.28708	225.65522	
463	4.620	234.99725	100.92416	654.76122	285.15822	-68.27351	646.11284	190.42697	49.74258	375.63479	135.29662	102.89699	344.40594	58.25926	79.98003	75.74854	68.76072	13.50154	99.97759	111.03726	47.27178	70.02725	402.79503	-13.48709	419.05355	368.55788	-66.64199	370.59188	303.61170	-89.29917	113.82132	344.75001	-52.06713	97.66217	290.03598	-20.94910	119.17724	259.50790	-59.59196	146.29433	161.50042	-51.73895	694.72497	145.36063	11.23836	982.20500	162.52863	-6.78479	793.45542	143.54710	15.91658	701.14147	25.63995	40.84061	114.40884	280.50761	30.44436	957.00721	341.58213	-142.08280	475.22122	153.51008	175.86890	466.22531	345.25722	-141.76085	268.79722	90.97968	157.52332	226.20704	
464	4.630	242.68065	101.59481	654.49058	294.13711	-67.10127	645.04818	196.09214	50.36020	374.77127	140.29352	103.23550	344.32854	58.95273	80.10353	76.79624	70.06144	13.74352	100.88375	111.75351	47.51538	70.22859	410.85871	-8.75763	418.37535	378.27805	-62.41388	369.19080	322.57395	-84.47475	109.56522	363.21716	-46.17905	94.90840	307.07343	-16.49061	115.08870	276.55580	-56.10892	140.89625	170.12932	-51.93465	693.13153	154.26365	11.06506	981.56630	170.65632	-7.00068	792.78064	151.77726	15.56293	699.91346	27.05853	40.93549	116.04115	289.36932	30.44271	956.00069	351.86025	-138.67855	473.34681	159.54560	176.29021	465.95162	360.16433	-137.32763	265.53309	93.83271	157.72017	226.77460	
465	4.640	250.77841	102.29755	654.07979	303.33681	-65.96446	644.02955	202.52541	50.91960	373.74512	146.08673	103.50299	344.06308	59.89777	80.26221	77.99687	71.57672	13.99585	101.88100	112.62072	47.72728	70.44419	418.41153	-4.05296	416.94413	387.26348	-58.22844	367.22471	339.58369	-79.51657	105.22616	379.71899	-40.25974	91.99544	322.32574	-11.90101	110.95683	291.87570	-52.40970	135.55108	179.02873	-51.97930	691.57566	163.22635	10.76228	980.84545	179.04784	-7.12626	792.02554	160.33468	15.38787	698.61386	28.78425	41.09236	117.87203	298.29301	30.35882	955.05053	361.86446	-135.24753	471.04712	166.22680	176.68446	465.48257	373.74827	-132.84726	261.93748	97.36726	157.88839	227.32725	
466	4.650	259.28140	103.03704	653.49905	312.74561	-64.86525	643.08818	209.80313	51.42502	372.51744	152.74839	103.69750	343.55858	61.15831	80.47021	79.35579	73.34998	14.27104	102.97746	113.67449	47.90741	70.67230	425.51212	0.52693	414.83713	395.54425	-54.17679	364.77060	354.41006	-74.55361	100.88807	394.07783	-34.47320	88.99678	335.63994	-7.28748	106.86068	305.28348	-48.57019	130.36794	188.18377	-51.84988	690.09719	172.23833	10.33639	980.04188	187.70735	-7.12799	791.18815	169.20407	15.41683	697.25239	30.88752	41.33833	119.91234	307.27124	30.19894	954.16993	371.59916	-131.86032	468.40106	173.58171	177.04521	464.77822	385.88426	-128.42409	258.09730	101.68378	158.03671	227.83073	
467	4.660	268.17201	103.81015	652.72336	322.34162	-63.81068	642.25737	217.98769	51.87555	371.05479	160.33835	103.81489	342.76957	62.80770	80.73709	80.87880	75.43437	14.57821	104.18218	114.95956	48.05391	70.91515	432.20924	4.87726	412.16185	403.15354	-50.35429	361.93189	366.90522	-69.73784	96.64714	406.18795	-28.99361	85.99707	346.92443	-2.78123	102.88818	316.66340	-44.70125	125.45954	197.56950	-51.52729	688.73953	181.28714	9.80154	979.15790	196.63078	-6.97404	790.27136	178.36097	15.67088	695.84455	33.44758	41.69552	122.17133	316.29491	29.97392	953.37086	381.05766	-128.59654	465.50468	181.63074	177.36186	463.80446	396.49693	-124.17451	254.11821	106.87672	158.17068	228.25041	
468	4.670	277.42471	104.60584	651.73554	332.09329	-62.81273	641.57193	227.12290	52.26559	369.33417	168.90009	103.84950	341.66168	64.92762	81.06692	82.57285	77.89331	14.92195	105.50548	116.53130	48.16389	71.18065	438.53739	8.89178	409.04982	410.12413	-46.85770	358.83281	377.02324	-65.23278	92.60400	416.02893	-23.99133	83.08517	356.15992	1.47083	99.12987	325.98259	-40.94293	120.93336	207.15196	-50.99771	687.54840	190.35856	9.17944	978.20029	205.80501	-6.63584	789.28443	187.77262	16.16517	694.41221	36.55092	42.17834	124.65635	325.35335	29.69887	952.66458	390.22233	-125.54222	462.46723	190.38494	177.62050	462.53778	405.56876	-120.22068	250.11781	113.02844	158.29199	228.55535	
469	4.680	287.00695	105.40576	650.52903	341.96074	-61.88790	641.06705	237.22998	52.58620	367.34826	178.45701	103.79547	340.21715	67.60567	81.45837	84.44647	80.80016	15.30191	106.95878	118.45659	48.23499	71.48355	444.51406	12.46670	405.64804	416.48552	-43.78188	355.61045	384.82950	-61.19953	88.85411	423.67186	-19.61844	80.34591	363.40464	5.31737	95.67168	333.29811	-37.45402	116.88192	216.88983	-50.25413	686.57000	199.43692	8.49877	977.18143	215.20775	-6.08988	788.24395	197.39951	16.90704	692.98378	40.28835	42.79165	127.37200	334.43443	29.39253	952.06203	399.06638	-122.78593	459.40568	199.84419	177.80539	460.96998	413.14303	-116.68304	246.21664	120.20273	158.39856	228.72306	
470	4.690	296.88011	106.18539	649.11010	351.89773	-61.05636	640.77656	248.30452	52.82722	365.10986	189.00935	103.64847	338.43968	70.93164	81.90539	86.50959	84.23671	15.71332	108.55396	120.81361	48.26750	71.84593	450.13927	15.50489	402.10892	422.26183	-41.21605	352.40533	390.49822	-57.78211	85.47804	429.27670	-15.99543	77.85234	368.79252	8.61567	92.58761	338.75445	-34.39800	113.37395	226.73680	-49.29785	685.84858	208.50567	7.79414	976.12000	224.80806	-5.31943	787.17403	207.19729	17.89440	691.59370	44.75062	43.52962	130.31883	343.52482	29.07655	951.57406	407.55693	-120.41412	456.43804	209.99549	177.90086	459.11238	419.32021	-113.67256	242.52803	128.43833	158.48537	228.74442	
471	4.700	307.00080	106.91566	647.49923	361.85415	-60.34069	640.73080	260.31497	52.97984	362.65521	200.53210	103.40755	336.35782	74.99260	82.39857	88.77270	88.29074	16.14801	110.30199	123.69071	48.26669	72.29676	455.39715	17.92044	398.57980	427.47062	-39.23964	349.35145	394.29703	-55.09386	82.53322	433.08040	-13.20116	75.65934	372.52390	11.24488	89.93339	342.57106	-31.92663	110.44775	236.64427	-48.13965	685.42383	217.54791	7.10460	975.04090	234.56752	-4.31635	786.10576	217.11913	19.11429	690.28137	50.02286	44.37550	133.49179	352.61029	28.77450	951.21145	415.65835	-118.50598	453.67589	220.81155	177.89354	456.99888	424.24761	-111.28324	239.14837	137.74324	158.54580	228.62836	
472	4.710	317.32226	107.56502	645.73139	371.77871	-59.76444	640.95422	273.20272	53.03919	360.04528	212.97428	103.07687	334.02648	79.86726	82.92682	91.24552	93.05243	16.59614	112.21094	127.18392	48.24507	72.87035	460.25970	19.64334	395.19319	432.12278	-37.91791	346.56694	396.56042	-53.20676	80.04874	435.37666	-11.26713	73.79976	374.84931	13.11790	87.74221	345.02116	-30.16356	108.10816	246.56414	-46.80061	685.32813	226.54708	6.47167	973.97454	244.44212	-3.08250	785.07580	227.11816	20.54214	689.08949	56.17848	45.30221	136.87828	361.67616	28.51085	950.98467	423.33536	-117.12822	451.21666	232.24985	177.77446	454.68724	428.10330	-109.58572	236.14941	148.09074	158.57347	228.40531	
473	4.720	327.79595	108.10160	643.85521	381.62163	-59.35059	641.46312	286.88427	53.00651	357.36469	226.25984	102.66704	331.52593	85.62044	83.47925	93.93487	98.61025	17.04797	114.28350	131.39351	48.22407	73.60369	464.69191	20.62390	392.05886	436.22350	-37.29745	344.14648	397.65562	-52.14498	78.02428	436.49003	-10.17670	72.28366	376.04864	14.19048	86.02300	346.40485	-29.18977	106.32762	256.45143	-45.31200	685.58404	235.48766	5.93718	972.95551	254.38454	-1.63075	784.12441	237.14981	22.14194	688.06194	63.27339	46.27386	140.45644	370.70778	28.30983	950.90347	430.55550	-116.33041	449.13680	244.25261	177.54082	452.25822	431.07674	-108.62231	233.57362	159.41791	158.56423	228.12876	
474	4.730	338.37313	108.49546	641.93076	391.33707	-59.11999	642.26370	301.25525	52.89069	354.71801	240.29051	102.19571	328.95815	92.29842	84.04672	96.84221	105.04645	17.49569	116.51433	136.41975	48.23473	74.53280	468.65776	20.83666	389.25859	439.77411	-37.40215	342.15619	397.94646	-51.88296	76.43303	436.74802	-9.86869	71.10023	376.40834	14.46629	84.76151	347.02070	-29.03302	105.05139	266.26635	-43.71448	686.20234	244.35592	5.54080	972.02071	264.34671	0.01470	783.29288	247.17376	23.86734	687.24120	71.34137	47.24804	144.19361	379.69116	28.19423	950.97622	437.29071	-116.14132	447.48646	256.74787	177.19719	449.81222	433.34893	-108.40406	231.43351	171.62745	158.51801	227.87407	
475	4.740	349.00643	108.72060	640.02632	400.88497	-59.09011	643.35089	316.19628	52.70884	352.22353	254.95049	101.68749	326.44074	99.92609	84.62319	99.96086	112.43265	17.93499	118.88755	142.35816	48.31700	75.68837	472.12615	20.28325	386.84411	442.77480	-38.22998	340.63159	397.76095	-52.34825	75.22818	436.45525	-10.24476	70.22208	376.20001	13.99753	83.92388	347.14024	-29.66285	104.20582	275.97574	-42.05620	687.18074	253.14070	5.31768	971.20711	274.28231	1.81889	782.62076	257.15545	25.66399	686.66568	80.39164	48.17881	148.04538	388.61356	28.18439	951.20912	443.51836	-116.56652	446.28672	269.65185	176.75600	447.46358	435.07557	-108.90984	229.71455	184.59311	158.44023	227.73405	
476	4.750	359.65133	108.75668	638.21405	410.23238	-59.27394	644.70786	331.58004	52.48586	350.00512	270.11290	101.17296	324.09875	108.50661	85.20640	103.27313	120.82611	18.36605	121.37495	149.29482	48.51759	77.09129	475.07634	18.99377	384.83807	445.22780	-39.75116	339.57856	397.36714	-53.42837	74.35133	435.87317	-11.17896	69.61075	375.66306	12.88074	83.46200	346.98898	-30.99192	103.70821	285.55365	-40.38999	688.50340	261.83408	5.29621	970.54937	284.14905	3.73744	782.14305	267.06683	27.47275	686.36693	90.40897	49.02043	151.95546	397.46419	28.29711	951.60538	449.22189	-117.58769	445.52964	282.87275	176.23713	445.33282	436.37578	-110.08773	228.38081	198.16863	158.34248	227.81122	
477	4.760	370.26734	108.59025	636.56516	419.35393	-59.67931	646.30664	347.27900	52.25307	348.18283	285.64735	100.68711	322.05520	118.02373	85.79825	106.74801	130.26666	18.79429	123.93526	157.30202	48.88641	78.74857	477.50219	17.02632	383.23774	447.14093	-41.90829	338.97699	396.96009	-54.98109	73.74128	435.20730	-12.52882	69.22257	374.99327	11.24841	83.31977	346.73598	-32.88376	103.47675	294.98110	-38.76994	690.14139	270.43194	5.49622	970.07749	293.91045	5.71890	781.88767	276.88654	29.23371	686.36702	101.35662	49.73162	155.85654	406.23476	28.54491	952.16432	454.39172	-119.16342	445.18125	296.31557	175.66681	443.53759	437.32802	-111.85859	227.38230	212.19944	158.24241	228.20720	
478	4.770	380.81904	108.21548	635.14483	428.23180	-60.30851	648.10958	363.17309	52.04614	346.86348	301.42817	100.26717	320.42156	128.44657	86.40488	110.33954	140.77491	19.23053	126.51498	166.43471	49.47201	80.65044	479.41515	14.46432	382.02031	448.53107	-44.61855	338.78618	396.66017	-56.84695	73.34171	434.60290	-14.14650	69.01378	374.33774	9.25707	83.43932	346.49238	-35.16622	103.43882	304.24527	-37.24743	692.05399	278.93435	5.92766	969.81475	303.53700	7.70769	781.87333	286.59938	30.89054	686.67639	113.18154	50.28035	159.67232	414.92002	28.93538	952.88059	459.02633	-121.23169	445.18693	309.88787	175.07595	442.18330	437.97313	-114.12151	226.66240	226.53603	158.16266	229.01060	
479	4.780	391.27669	107.63425	634.00746	436.85496	-61.15813	650.07145	379.15640	51.90237	346.13238	317.34233	99.95019	319.28895	139.73594	87.03672	113.98672	152.35146	19.69109	129.05096	176.72797	50.31684	82.76923	480.84571	11.41168	381.14906	449.42711	-47.77822	338.95130	396.52120	-58.86301	73.10646	434.14787	-15.88964	68.94456	373.79585	7.07322	83.76626	346.31750	-37.64889	103.53673	313.33809	-35.86730	694.19060	287.34577	6.58994	969.77600	313.00665	9.64757	782.10806	296.19540	32.39474	687.29224	125.82097	50.64870	163.32078	423.51816	29.47086	953.74359	463.13375	-123.71365	445.47839	323.50557	174.49801	441.35449	438.32332	-116.76075	226.16452	241.04734	158.12931	230.28507	
480	4.790	401.61661	106.85581	633.19258	445.21816	-62.21934	652.14217	395.14246	51.85768	346.04706	333.29640	99.77058	318.72144	151.85111	87.70884	117.61518	164.97739	20.19764	131.47458	188.19570	51.45321	85.06027	481.84349	7.98606	380.57920	449.87204	-51.26909	339.40984	396.54522	-60.87648	73.00199	433.88148	-17.63083	68.98132	373.42475	4.85859	84.25354	346.23033	-40.14233	103.73025	322.25464	-34.66441	696.49326	295.67492	7.47206	969.96658	322.30466	11.48535	782.58852	305.66856	33.70926	688.19766	139.20920	50.83748	166.71873	432.03096	30.14840	954.73708	466.73302	-126.51848	445.98133	337.09830	173.96671	441.10794	438.37482	-119.65363	225.83724	255.63241	158.17002	232.05960	
481	4.800	411.82125	105.89583	632.72199	453.32061	-63.47820	654.26961	411.06738	51.94356	346.63396	349.22163	99.75777	318.75195	164.75566	88.44150	121.14088	178.61588	20.77711	133.71730	200.83069	52.90062	87.46503	482.47593	4.31087	380.26271	449.92358	-54.96617	340.09739	396.70063	-62.75674	73.00710	433.80627	-19.26532	69.09759	373.24789	2.75651	84.86354	346.22360	-42.47650	103.99628	330.99171	-33.66102	698.89936	303.93437	8.55334	970.38173	331.42300	13.17429	783.29994	315.01547	34.81108	689.36172	153.28353	50.86963	169.78716	440.46382	30.95996	955.83914	469.85508	-129.54904	446.62265	350.61350	173.51380	441.46848	438.12127	-122.67851	225.63766	270.22881	158.31238	234.32300	
482	4.810	421.87900	104.77516	632.59812	461.16476	-64.91635	656.40244	426.89094	52.18418	347.88816	365.07679	99.93424	319.38140	178.42141	89.26080	124.47575	193.21500	21.46138	135.71657	214.60605	54.66522	89.91603	482.82555	0.50697	380.15197	449.65331	-58.74596	340.95226	396.94012	-64.40454	73.11060	433.90103	-20.71614	69.27363	373.26459	0.88095	85.56849	346.27767	-44.51596	104.32601	339.54649	-32.86538	701.34449	312.13990	9.80495	971.00684	340.35930	14.67718	784.21696	324.23408	35.69250	690.74045	167.98855	50.79173	172.45695	448.82553	31.89294	957.02248	472.54268	-132.70770	447.33646	364.01882	173.16687	442.42787	437.56565	-125.72222	225.53304	284.81655	158.58266	237.02379	
483	4.820	431.78383	103.51820	632.80411	468.75523	-66.51173	658.49256	442.59532	52.59399	349.77614	380.84834	100.31410	320.58089	192.82998	90.19903	127.53461	208.71163	22.28672	137.42128	229.47794	56.74119	92.34288	482.98593	-3.31508	380.20197	449.14402	-62.49414	341.91871	397.21574	-65.75722	73.30770	434.13273	-21.93640	69.49518	373.45934	-0.69040	86.34944	346.37210	-46.16978	104.72075	347.91583	-32.27156	703.76514	320.30955	11.19186	971.81811	349.11572	15.96853	785.30505	333.32274	36.36101	692.27876	183.27868	50.67269	174.67403	457.12778	32.93091	958.25512	474.84900	-135.90201	448.06822	377.30240	172.94751	443.94684	436.72845	-128.68626	225.50096	299.41701	159.00521	240.07595	
484	4.830	441.53489	102.15127	633.30519	476.09813	-68.23945	660.49715	458.18181	53.17608	352.24088	396.54792	100.90213	322.29656	207.97214	91.29433	130.24239	225.03619	23.29268	138.79586	245.38942	59.11398	94.67848	483.05659	-7.06096	380.37148	448.48569	-66.11190	342.94878	397.48952	-66.78937	73.59628	434.46611	-22.90835	69.75190	373.80958	-1.91833	87.19438	346.49345	-47.39507	105.18723	356.09609	-31.86052	706.10129	328.46256	12.67527	972.78395	357.69777	17.03587	786.52244	342.27968	36.83775	693.91327	199.11898	50.59947	176.40321	465.38459	34.05455	959.50144	476.83502	-139.04958	448.77691	390.47093	172.86986	445.96001	435.65119	-131.49112	225.52818	314.08720	159.60200	243.36940	
485	4.840	451.13589	100.70094	634.05153	483.20085	-70.07274	662.38009	473.66594	53.92150	355.20848	412.20736	101.69354	324.45641	223.84546	92.58932	132.54047	242.11804	24.52037	139.82212	262.27524	61.76419	96.86452	483.13705	-10.65636	380.62343	447.77047	-69.52018	344.00305	397.73874	-67.50901	73.97373	434.87012	-23.63969	70.03590	374.29136	-2.79954	88.09570	346.63885	-48.19391	105.73329	364.08357	-31.60230	708.29854	336.61816	14.21526	973.86672	366.11336	17.87999	787.82250	351.10290	37.15492	695.57568	215.48489	50.67006	177.62991	473.61148	35.24268	960.72358	478.56597	-142.08167	449.43524	403.54589	172.93951	448.38273	434.39515	-134.07843	225.60878	328.91010	160.39225	246.78358	
486	4.850	460.59459	99.19253	634.98210	490.07219	-71.98389	664.11285	489.07141	54.80960	358.59540	427.87173	102.67417	326.97800	240.45141	94.12851	134.39112	259.89066	26.01000	140.49887	280.06684	64.67142	98.85549	483.32061	-14.04798	380.92487	447.08721	-72.66156	345.05035	397.95648	-67.95012	74.43470	435.32123	-24.15742	70.34049	374.88288	-3.36002	89.04780	346.81550	-48.60478	106.36464	371.87545	-31.45907	710.30994	344.79438	15.77333	975.02479	374.37202	18.51413	789.15627	359.79057	37.35236	697.19676	232.36135	50.98460	178.35939	481.82458	36.47343	961.88307	480.10756	-144.94528	450.02824	416.55821	173.15302	451.11923	433.03599	-136.41080	225.74166	343.98280	161.39155	250.20147	
487	4.860	469.92218	97.64909	636.02913	496.72301	-73.94498	665.67475	504.42353	55.80938	362.31519	443.59109	103.82103	329.77611	257.79256	95.95478	135.77919	278.29622	27.79782	140.83928	298.69743	67.81688	100.62070	483.68852	-17.20211	381.24682	446.51642	-75.49988	346.06705	398.14841	-68.16284	74.97031	435.80394	-24.50050	70.65954	375.56587	-3.64576	90.04499	347.03732	-48.69028	107.08288	379.47123	-31.38856	712.09741	353.00699	17.31483	976.21472	382.48449	18.96236	790.47500	368.34188	37.47377	698.71026	249.74153	51.63598	178.61365	490.03981	37.72531	962.94257	481.52266	-147.60340	450.55080	429.54224	173.49798	454.07058	431.65572	-138.46974	225.92799	359.40390	162.61039	253.52174	
488	4.870	479.13275	96.09060	637.12299	503.16704	-75.92863	667.05277	519.74279	56.88138	366.28406	459.41175	105.10319	332.76928	275.87065	98.10510	136.71085	297.28860	29.91262	140.86666	318.10624	71.18414	102.14421	484.30523	-20.10129	381.56407	446.12604	-78.01800	347.03599	398.32742	-68.20306	75.56832	436.30942	-24.71221	70.98715	376.32560	-3.71238	91.08002	347.32000	-48.52354	107.88481	386.87427	-31.34755	713.63266	361.26860	18.81093	977.39347	390.46258	19.25721	791.73251	376.75803	37.56303	700.05682	267.62544	52.70124	178.42630	498.27193	38.97828	963.86766	482.86895	-150.03378	451.00470	442.52980	173.95362	457.14187	430.33377	-140.25202	226.16890	375.26200	164.05228	256.66686	
489	4.880	488.24274	94.53382	638.19667	509.42186	-77.90845	668.24094	535.03911	57.97998	370.42457	475.36818	106.48267	335.88449	294.68570	100.60603	137.20946	316.83459	32.37210	140.60935	338.24160	74.75776	103.42291	485.21525	-22.73994	381.85507	445.96874	-80.21443	347.94547	398.50788	-68.12319	76.21426	436.83311	-24.83345	71.31786	377.14993	-3.61558	92.14350	347.67611	-48.17567	108.76291	394.09332	-31.29516	714.89764	369.58803	20.24011	978.52033	398.31927	19.43690	792.88733	385.04354	37.66085	701.18716	286.01827	54.23487	177.83638	506.53391	40.21464	964.62854	484.19797	-152.22643	451.39560	455.54508	174.49200	460.24754	429.13890	-141.76537	226.46373	391.62654	165.71157	259.58633	
490	4.890	497.27048	92.99238	639.18985	515.50978	-79.85941	669.23952	550.30745	59.05545	374.66726	491.47617	107.91530	339.05952	314.23584	103.46942	137.30951	336.91283	35.17932	140.09558	359.06227	78.51979	104.46295	486.44222	-25.11977	382.10200	446.08100	-82.09931	348.78829	398.70085	-67.96538	76.89302	437.37221	-24.89779	71.64689	378.02813	-3.40359	93.22408	348.11148	-47.70628	109.70657	401.14388	-31.19542	715.88446	377.96998	21.58893	979.55867	406.06902	19.54249	793.90426	393.20738	37.80225	702.06456	304.92836	56.26453	176.88191	514.83630	41.41973	965.20140	485.55558	-154.18048	451.73053	468.60116	175.07948	463.31453	428.12347	-143.02424	226.80921	408.54179	167.57167	262.25474	
491	4.900	506.23586	91.47726	640.05197	521.45850	-81.75804	670.05399	565.52503	60.05562	378.95024	507.72820	109.35159	342.24289	334.51726	106.68861	137.04947	357.51053	38.31958	139.34890	380.53666	82.44496	105.27542	487.99025	-27.24589	382.29082	446.48406	-83.69064	349.56113	398.91131	-67.75806	77.59053	437.92377	-24.92879	71.97056	378.94994	-3.11285	94.30923	348.62373	-47.15815	110.70370	408.04888	-31.01911	716.59485	386.41509	22.85224	980.47720	413.72809	19.61506	794.75554	401.26391	38.01490	702.66620	324.36447	58.78925	175.59421	523.18691	42.58248	965.56957	486.98344	-155.90100	452.01603	481.69855	175.67850	466.28323	427.32094	-144.04622	227.19945	426.02432	169.60364	264.66560	
492	4.910	515.16009	89.99745	640.74431	527.30148	-83.58263	670.69407	580.65062	60.92700	383.21706	524.09138	110.73748	345.39163	355.52358	110.23546	136.46481	378.61826	41.75784	138.38487	402.63973	86.49512	105.87173	489.84744	-29.12399	382.41143	447.18659	-85.01090	350.26403	399.13782	-67.51584	78.29531	438.48373	-24.93958	72.28655	379.90510	-2.76676	95.38660	349.20307	-46.55644	111.74248	414.83900	-30.74466	717.03907	394.92024	24.03272	981.25089	421.31488	19.69337	795.42144	409.23349	38.31842	702.98332	344.33218	61.77964	173.99383	531.59067	43.69568	965.72416	488.52126	-157.39613	452.25722	494.82587	176.24929	469.10626	426.74703	-144.84959	227.62675	444.06349	171.76575	266.82257	
493	4.920	524.06554	88.56059	641.24078	533.07780	-85.31341	671.17270	595.62588	61.61537	387.41349	540.50805	112.01520	348.46748	377.24354	114.05833	135.58247	400.22314	45.43700	137.20939	425.34745	90.61417	106.25957	491.99124	-30.75898	382.45780	448.18869	-86.08454	350.90000	399.37430	-67.24221	78.99948	439.04708	-24.93447	72.59397	380.88361	-2.37749	96.44546	349.83517	-45.91166	112.81298	421.55215	-30.35824	717.23448	403.47913	25.13991	981.86137	428.85018	19.81189	795.89031	417.14256	38.72467	703.02025	364.82938	65.17942	172.08864	540.04977	44.75601	965.66435	490.20892	-158.67515	452.45749	507.96230	176.75149	471.74594	426.40378	-145.45213	228.08293	462.62403	174.00370	268.72992	
494	4.930	532.97566	87.17360	641.52780	538.83171	-86.93281	671.50513	610.37863	62.06610	391.48400	556.89909	113.12431	351.43247	399.65658	118.08108	134.41744	422.30095	49.27716	135.81865	448.62907	94.72441	106.43994	494.39487	-32.15481	382.42780	449.48664	-86.93621	351.47470	399.61320	-66.93417	79.69942	439.60893	-24.91179	72.89323	381.87660	-1.94964	97.47809	350.50507	-45.22527	113.90843	428.23248	-29.85308	717.20369	412.08316	26.18887	982.29700	436.35728	19.99950	796.15819	425.02327	39.23862	702.79249	385.84074	68.90758	169.87430	548.56389	45.76392	965.39711	492.08823	-159.74737	452.61895	521.08147	177.14554	474.17083	426.28586	-145.87097	228.56076	481.64961	176.25145	270.38426	
495	4.940	541.91480	85.84318	641.60311	544.61170	-88.42578	671.70807	624.82777	62.22465	395.36882	573.16931	114.00305	354.24464	422.72595	122.20328	132.97206	444.80781	53.17610	134.20087	472.43780	98.72516	106.40581	497.03409	-33.31536	382.32293	451.07790	-87.58970	351.99585	399.84945	-66.58741	80.39573	440.16613	-24.86735	73.18574	382.87776	-1.48488	98.48086	351.20156	-44.49610	115.02614	434.92878	-29.22841	716.97266	420.72230	27.19862	982.55244	443.86194	20.27866	796.22797	432.91253	39.85980	702.32404	407.33129	72.86055	167.33719	557.13068	46.72326	964.93667	494.20379	-160.62191	452.74307	534.15574	177.39375	476.35225	426.38755	-146.12325	229.05527	501.06595	178.43268	271.76901	
496	4.950	550.90806	84.57610	641.47409	550.46936	-89.78014	671.79884	638.88928	62.03761	399.00208	589.21428	114.59033	356.85503	446.38955	126.30177	131.23797	467.67214	57.01128	132.33941	496.70060	102.49441	106.14241	499.89351	-34.24586	382.14758	452.96545	-88.06748	352.47251	400.08393	-66.20111	81.09297	440.71905	-24.79778	73.47340	383.88495	-0.98643	99.45482	351.92088	-43.72640	116.16806	441.69260	-28.48814	716.56881	429.38613	28.19044	982.62806	451.39209	20.66515	796.10834	440.85066	40.58383	701.64456	429.23966	76.91434	164.45917	565.74628	47.64079	964.30345	496.60284	-161.30808	452.83144	547.16029	177.46131	478.26137	426.70906	-146.22706	229.56460	520.78251	180.46261	272.85254	
497	4.960	559.98077	83.37939	641.15570	556.45792	-90.98685	671.79459	652.48275	61.45452	402.31193	604.92779	114.82834	359.20645	470.54957	130.23389	129.20025	490.78769	60.64368	130.21685	521.30838	105.89384	105.62927	502.97158	-34.95436	381.90802	455.16124	-88.39048	352.91403	400.32613	-65.78137	81.79889	441.27311	-24.70311	73.75801	384.90181	-0.46254	100.40573	352.66936	-42.92611	117.34078	448.57619	-27.63964	716.01927	438.06470	29.18634	982.52902	458.97751	21.16808	795.81254	448.87968	41.40378	700.78647	451.47137	80.92697	161.22368	574.40592	48.52551	963.52293	499.33436	-161.81602	452.88629	560.07618	177.31728	479.86751	427.26137	-146.20236	230.09022	540.69215	182.25048	273.59019	
498	4.970	569.15789	82.26037	640.66842	562.63079	-92.04032	671.71140	665.53761	60.43103	405.22245	620.20899	114.66598	361.23468	495.06242	133.84286	126.84282	514.00866	63.92371	127.81953	546.10804	108.77707	104.84357	506.28383	-35.45289	381.61101	457.68826	-88.57806	353.32879	400.59547	-65.34292	82.52359	441.83971	-24.58834	74.04065	385.93911	0.07160	101.34352	353.46469	-42.11485	118.55517	455.63041	-26.69292	715.34959	446.74944	30.20758	982.26432	466.64916	21.79025	795.35703	457.04136	42.31114	699.78271	473.89317	84.74175	157.62212	583.10445	49.38796	962.62419	502.44765	-162.15731	452.91059	572.89177	176.93577	481.13777	428.06863	-146.07136	230.63655	560.66900	183.70299	273.92955	
499	4.980	578.46295	81.22665	640.03648	569.03992	-92.93840	671.56348	677.99848	58.93310	407.65770	634.96841	114.06302	362.87189	519.73074	136.96558	124.15438	537.14769	66.69950	125.14189	570.89772	111.00099	103.76434	509.86403	-35.75803	381.26221	460.58113	-88.64794	353.72269	400.92119	-64.90887	83.27852	442.43654	-24.46386	74.32107	387.01558	0.59362	102.28130	354.33589	-41.32158	119.82565	462.90274	-25.66016	714.58282	455.43368	31.27346	981.84570	474.43853	22.52855	794.76038	465.37520	43.29623	698.66503	496.32952	88.19259	153.65967	591.83685	50.23943	961.63846	505.99069	-162.34537	452.90763	585.60225	176.29756	482.03829	429.16841	-145.85842	231.21001	580.56530	184.72904	273.81788	
500	4.990	587.91675	80.28616	639.28651	575.73421	-93.68229	671.36222	689.82893	56.94233	409.54713	649.13213	112.99486	364.05208	544.29993	139.44327	121.13378	559.97761	68.82748	122.19024	595.42682	112.43908	102.37692	513.76341	-35.89074	380.86452	463.88532	-88.61612	354.09768	401.34127	-64.50887	84.07543	443.08710	-24.34469	74.59708	388.15825	1.07529	103.23409	355.32226	-40.58214	121.16906	470.43549	-24.55580	713.73914	464.11311	32.40040	981.28679	482.37668	23.37441	794.04219	473.91634	44.34806	697.46333	518.56221	91.11208	149.35985	600.59858	51.09116	960.59774	510.00866	-162.39535	452.88013	598.20710	175.39217	482.53692	430.60991	-145.58930	231.81760	600.20874	185.24611	273.21026	
501	5.000	597.53585	79.44717	638.44672	582.75796	-94.27611	671.11537	701.01329	54.46190	410.83202	662.64378	111.45760	364.71792	568.46077	141.13464	117.79424	582.23737	70.18484	118.98549	619.40160	112.99561	100.67720	518.04803	-35.87559	380.41646	467.65523	-88.49673	354.45025	401.90059	-64.17605	84.92542	443.81972	-24.24904	74.86429	389.40212	1.48508	104.21745	356.47177	-39.93563	122.60335	478.26425	-23.39706	712.83596	472.78591	33.60116	980.60225	490.49321	24.31414	793.22242	482.69354	45.45365	696.20567	540.33418	93.34292	144.76702	609.38590	51.95347	959.53344	514.54284	-162.32383	452.82904	610.70595	174.22052	482.60714	432.45088	-145.28994	232.46525	619.40192	185.18847	272.07724	
502	5.010	607.33078	78.71835	637.54654	590.14925	-94.72628	670.82632	711.55623	51.52236	411.47195	675.46428	109.47292	364.82795	591.85964	141.93096	114.16602	603.64234	70.68320	115.56450	642.49687	112.61938	98.67493	522.79507	-35.73953	379.91085	471.95155	-88.30184	354.77024	402.64882	-63.94339	85.83809	444.66632	-24.19616	75.11595	390.78952	1.79128	105.24614	357.83939	-39.42006	124.14617	486.41647	-22.20461	711.88832	481.45267	34.88435	979.80723	498.81508	25.32920	792.32094	491.72732	46.59713	694.91908	561.35843	94.75245	139.94677	618.19586	52.83504	958.47532	519.62982	-162.14804	452.75210	623.09315	172.79790	482.23264	434.75408	-144.98491	233.15614	637.92572	184.51650	270.41091	
503	5.020	617.30431	78.10897	636.61672	597.93852	-95.04073	670.49366	721.48021	48.18662	411.45047	687.56957	107.09210	364.36328	614.11656	141.77165	110.29729	623.89865	70.28195	111.98013	664.37339	111.31501	96.39590	528.08829	-35.51043	379.33395	476.83813	-88.04137	355.04015	403.63854	-63.84008	86.82089	445.66103	-24.20418	75.34334	392.36901	1.96539	106.33321	359.48548	-39.06830	125.81361	494.91046	-21.00328	710.90958	490.11603	36.25405	978.91710	507.36524	26.39651	791.35740	501.02836	47.75874	693.63067	581.33181	95.24918	134.98410	627.02637	53.74218	957.45053	525.30120	-161.88501	452.64273	635.35217	171.15692	481.41219	437.58383	-144.69594	233.88919	655.54742	183.22644	268.22889	
504	5.030	627.44985	77.62898	635.68948	606.14718	-95.22786	670.11097	730.82110	44.55293	410.77926	698.94698	104.39861	363.33284	634.85023	140.65830	106.25341	642.72076	68.99973	108.29981	684.69967	109.15030	93.88251	534.01340	-35.21567	378.66523	482.37894	-87.72309	355.23490	404.92367	-63.88837	87.87888	446.83906	-24.28797	75.53660	394.19424	1.98504	107.48941	361.47460	-38.90469	127.61916	503.75436	-19.82244	709.91214	498.78023	37.70953	977.94743	516.16132	27.48864	790.35145	510.59613	48.91418	692.36885	599.95353	94.79937	129.97964	635.87593	54.67820	956.48302	531.58351	-161.55060	452.48913	647.45050	169.35003	480.16400	441.00327	-144.44055	234.65803	672.03390	181.35872	265.57604	
505	5.040	637.75026	77.28913	634.79872	614.78643	-95.29554	669.66720	739.62245	40.75523	409.49997	709.59080	101.50823	361.77624	653.70802	138.66487	102.11458	659.85067	66.92178	104.60284	703.17631	106.25799	91.19268	540.65352	-34.88076	377.87796	488.63520	-87.35275	355.32253	406.55844	-64.10127	89.01497	448.23592	-24.45757	75.68612	396.32273	1.83632	108.72327	363.87470	-38.94274	129.57318	512.94565	-18.69586	708.90811	507.45050	39.24506	976.91423	525.21419	28.57426	789.32300	520.41810	50.03438	691.16423	616.94673	93.44095	125.04444	644.74340	55.64293	955.59311	538.49835	-161.15864	452.27420	659.33633	167.45080	478.52902	445.07249	-144.23118	235.45053	687.16895	179.00333	262.52393	
506	5.050	648.17723	77.10102	633.97990	623.85633	-95.25001	669.14740	747.92920	36.95985	407.68348	719.49817	98.56628	359.76389	670.39749	135.94137	97.97199	675.07719	64.20152	100.97648	719.56008	102.83086	88.39704	548.08523	-34.52836	376.94069	495.66304	-86.93431	355.26553	408.59666	-64.48145	90.23077	449.88708	-24.71735	75.78464	398.81467	1.51511	110.04169	366.75625	-39.18403	131.68291	522.47071	-17.66076	707.90975	516.13238	40.84973	975.83435	534.52675	29.61883	788.29271	530.46948	51.08614	690.04995	632.08098	91.29180	120.29358	653.62765	56.63243	954.79736	546.06269	-160.72015	451.97615	670.93769	165.55340	476.57238	449.84735	-144.07468	236.24924	700.77282	176.30046	259.16803	
507	5.060	658.69146	77.07696	633.26952	633.34519	-95.09505	668.53404	755.78156	33.35826	405.42636	728.66560	95.74146	357.39397	684.71549	132.70925	93.92266	688.25284	61.05455	97.51108	733.68508	99.10981	85.57452	556.37519	-34.17743	375.81970	503.51158	-86.47031	355.02323	411.09124	-65.02118	91.52809	451.82831	-25.06600	75.82975	401.73177	1.02743	111.45107	370.19140	-39.61826	133.95308	532.30494	-16.75613	706.92966	524.83106	42.50739	974.72597	544.09293	30.58561	787.28223	540.71358	52.03351	689.06122	645.19305	88.54992	115.83916	662.52717	57.63881	954.10854	554.28907	-160.24285	451.57002	682.16468	163.76957	474.38244	455.37906	-143.97239	237.03268	712.72114	173.43525	255.62276	
508	5.070	669.24375	77.22968	632.70401	643.22935	-94.83133	667.80870	763.20969	30.15587	402.84487	737.08699	93.21613	354.78643	696.57032	129.24727	90.06311	699.30647	57.74469	94.29448	745.47782	95.36539	82.80679	565.57728	-33.84262	374.48237	512.22146	-85.96225	354.55481	414.09373	-65.70352	92.91093	454.09651	-25.49752	75.82671	405.13614	0.38873	112.95867	374.25255	-40.22437	136.38700	542.41328	-16.02015	705.98070	533.55075	44.19668	973.60899	553.89708	31.43714	786.31443	551.10309	52.84005	688.23412	656.20278	85.48340	111.78317	671.43973	58.65037	953.53583	563.18567	-159.73088	451.03010	692.91471	162.22293	472.06719	461.71387	-143.92065	237.77750	722.96011	170.62643	252.01425	
509	5.080	679.77703	77.57180	632.31808	653.47341	-94.45613	666.95418	770.22998	27.55739	400.06690	744.75323	91.17371	352.07456	705.99310	125.86843	86.48227	708.24972	54.56251	91.40620	754.96424	91.87457	80.17207	575.73044	-33.53376	372.90117	521.82377	-85.41088	353.82314	417.65379	-66.50432	94.38784	456.73109	-26.00297	75.79117	409.08920	-0.37762	114.57410	379.01033	-40.97237	138.98793	552.75114	-15.48708	705.07568	542.29423	45.89123	972.50525	563.91389	32.13712	785.41312	561.58205	53.47177	687.60357	665.12154	82.40981	108.21058	680.36209	59.65194	953.08511	572.75625	-159.18478	450.33286	703.08040	161.04054	469.74782	468.89272	-143.91157	238.46153	731.51471	168.10941	248.47123	
510	5.090	690.22921	78.11503	632.14260	664.03095	-93.96354	665.95665	776.84325	25.74995	397.22281	751.65328	89.78385	349.39478	713.13540	122.88987	83.25444	715.17612	51.79815	88.91174	762.26697	88.89505	77.73909	586.85691	-33.25549	371.05825	532.33912	-84.81653	352.79883	421.81859	-67.39505	95.97401	459.77576	-26.57288	75.75130	413.65061	-1.24262	116.31039	384.53088	-41.82589	141.76036	563.26602	-15.18387	704.22687	551.06244	47.56010	971.43844	574.10895	32.65265	784.60253	572.08854	53.90041	687.20087	672.05128	79.66622	105.18327	689.28981	60.62535	952.75918	582.99962	-158.60171	449.46039	712.55906	160.34254	467.54993	476.95049	-143.93407	239.06722	738.48762	166.11539	245.11450	
511	5.100	700.53669	78.86916	632.20221	674.84577	-93.34513	664.80789	783.03506	24.88561	394.43593	757.77650	89.18717	346.87596	718.25251	120.59915	80.43320	720.25269	49.71166	86.85764	767.59294	86.64067	75.56209	598.96107	-33.00689	368.94989	543.77683	-84.17927	351.46441	426.63225	-68.34580	97.69272	463.28061	-27.19968	75.74873	418.87726	-2.17427	118.18435	390.87271	-42.74491	144.71080	573.89941	-15.12685	703.44546	559.85432	49.16856	970.43368	584.43983	32.95665	783.90637	582.55797	54.10677	687.05104	677.17394	77.57290	102.73545	698.21715	61.55032	952.55819	593.90890	-157.97596	448.40393	721.26263	160.23072	465.59311	485.91485	-143.97492	239.58535	744.04746	164.84888	242.04654	
512	5.110	710.63815	79.84081	632.51293	685.85357	-92.59116	663.50711	788.77817	25.06538	391.81394	763.11562	89.48092	344.62915	721.67411	119.22176	78.04717	723.70497	48.50467	85.26791	771.21273	85.26080	73.67733	612.02877	-32.78129	366.59067	556.13424	-83.49889	349.81816	432.13561	-69.32829	99.57545	467.30430	-27.87989	75.83785	424.82249	-3.14026	120.21581	398.08348	-43.68863	147.84761	584.58923	-15.31904	702.74107	568.66678	50.67923	969.51667	594.85788	33.03016	783.34653	592.92664	54.08346	687.17029	680.73214	76.39538	100.87120	707.13716	62.40532	952.47981	605.47045	-157.29964	447.16690	729.12653	160.77774	463.98025	495.80471	-144.01981	240.01819	748.40731	164.46614	239.34261	
513	5.120	720.47823	81.03213	633.08014	696.98417	-91.69205	662.06242	794.03670	26.32688	389.44184	767.66985	90.70791	342.73928	723.76653	118.89451	76.09863	725.79724	48.29759	84.14231	773.43424	84.82690	72.10181	626.02726	-32.56624	364.01655	569.39603	-82.77493	347.87703	438.36649	-70.31829	101.66007	471.91597	-28.61542	76.08300	431.53556	-4.11054	122.42552	406.19732	-44.61808	151.17957	595.27239	-15.74852	702.12134	577.49483	52.05365	968.71254	605.31045	32.86443	782.94163	603.13526	53.83686	687.56413	683.00416	76.31062	99.56448	716.04186	63.16876	952.51955	617.66262	-156.56366	445.76730	736.11638	162.01822	462.78778	506.62848	-144.05415	240.38178	751.79633	165.05749	237.04517	
514	5.130	730.01081	82.43953	633.89722	708.16404	-90.64023	660.49150	798.77161	28.63766	387.37745	771.44758	92.84996	341.25945	724.89287	119.64921	74.56511	726.81071	49.11570	83.45674	774.57471	85.32775	70.83404	640.90584	-32.34388	361.28656	583.53379	-82.00654	345.67842	445.36058	-71.29715	103.98685	477.19668	-29.41359	76.55342	439.06150	-5.05909	124.83166	415.23318	-45.49825	154.71299	605.88750	-16.38820	701.59171	586.33190	53.25412	968.04453	615.74333	32.46223	782.70558	613.13213	53.38767	688.22626	684.27691	77.38279	98.76204	724.92259	63.82009	952.67094	630.45445	-155.75883	444.23892	742.23141	163.94339	462.05848	518.38262	-144.06379	240.70665	754.42947	166.63601	235.16274	
515	5.140	739.20137	84.05269	634.94511	719.31923	-89.43184	658.82152	802.94680	31.89542	385.64968	774.46833	95.82750	340.20877	725.37762	121.40943	73.40383	727.02250	50.88663	83.16595	774.93473	86.67393	69.85657	656.59721	-32.09179	358.48263	598.50580	-81.19252	343.28042	453.15304	-72.25208	106.59224	483.23989	-30.28563	77.31627	447.44121	-5.96508	127.44526	425.19474	-46.29950	158.44737	616.37734	-17.19719	701.15544	595.17024	54.24587	967.53253	626.10339	31.83839	782.64636	622.87562	52.76997	689.13853	684.82098	79.55322	98.38877	733.77041	64.34102	952.92562	643.80456	-154.87716	442.63113	747.50446	166.50005	461.79788	531.05050	-144.03551	241.03653	756.48118	169.13455	233.67331	
516	5.150	748.02836	85.85394	636.19296	730.37835	-88.06829	657.08811	806.53529	35.93578	384.25982	776.76403	99.50541	339.57376	725.48108	124.00094	72.55817	726.68784	53.44972	83.20808	774.77785	88.71073	69.13983	673.01954	-31.78440	355.70720	614.25731	-80.33130	340.76034	461.78043	-73.17518	109.50107	490.15054	-31.24376	78.42830	456.71198	-6.81283	130.26491	436.07188	-46.99822	162.37029	626.69111	-18.12381	700.81371	604.00144	54.99936	967.19175	636.34097	31.01930	782.76507	632.33574	52.02870	690.27193	684.87130	82.64654	98.35518	742.57657	64.71659	953.27349	657.66044	-153.91315	441.00721	751.99851	169.59417	461.97500	544.60225	-143.95734	241.42513	758.06832	172.41186	232.53130	
517	5.160	756.48327	87.81827	637.60000	741.27557	-86.55726	655.33355	809.52479	40.54691	383.18539	778.37956	103.70495	339.31313	725.38686	127.17447	71.96509	726.02726	56.57594	83.51087	774.31773	91.23754	68.64657	690.07913	-31.39507	353.07884	630.72119	-79.42121	338.21152	471.28253	-74.06147	112.71813	498.04241	-32.29726	79.92723	466.90785	-7.59111	133.27182	447.84375	-47.57679	166.45200	636.78616	-19.10995	700.56588	612.81697	55.49239	967.03162	646.41192	30.04134	783.05570	641.49470	51.21570	691.58855	684.61561	86.39251	98.56601	751.33303	64.93610	953.70282	671.95829	-152.86508	439.44119	755.80053	173.09889	462.52718	558.99531	-143.81880	241.93093	759.24563	176.26757	231.67671	
518	5.170	764.56961	89.91392	639.11819	751.95341	-84.91315	653.60419	811.92231	45.48948	382.38595	779.37294	108.22028	339.36511	725.20259	130.63725	71.56235	725.21946	59.99573	83.99856	773.71337	94.03116	68.33624	707.67356	-30.89859	350.72584	647.81923	-78.46092	335.73864	481.70349	-74.90618	116.22067	507.03364	-33.44811	81.82425	478.05983	-8.29155	136.42598	460.48268	-48.02293	170.64111	646.62922	-20.09626	700.40978	621.60871	55.71198	967.05509	656.27916	28.94834	783.50528	650.34633	50.38489	693.04417	684.19119	90.46024	98.92908	760.03295	64.99374	954.20029	686.62371	-151.73597	438.01351	759.01361	176.86574	463.36859	574.17607	-143.61094	242.61077	760.01394	180.46383	231.04443	
519	5.180	772.30097	92.10370	640.69574	762.36508	-83.15670	651.94743	813.75737	50.51942	381.81004	779.81520	112.83755	339.65620	724.97174	134.08868	71.29457	724.39951	63.43070	84.59877	773.07176	96.86995	68.16881	725.69500	-30.27395	348.77847	665.46380	-77.44997	333.45192	493.09161	-75.70222	119.95337	517.24044	-34.68722	84.09889	490.19562	-8.90697	139.66448	473.95835	-48.32874	174.86223	656.19694	-21.02771	700.34186	630.36949	55.65569	967.25831	665.91362	27.78839	784.09473	658.89473	49.58692	694.59118	683.68893	94.49970	99.36331	768.67105	64.88901	954.75116	701.57333	-150.53420	436.80586	761.74859	180.73784	464.40079	590.08204	-143.32653	243.51302	760.33884	184.75069	230.57241	
520	5.190	779.69841	94.34674	642.28078	772.47620	-81.31401	650.40850	815.08330	55.41064	381.40206	779.78990	117.35412	340.11016	724.69269	137.25529	71.11754	723.66133	66.62495	85.24857	772.45588	99.55598	68.10777	744.03352	-29.50700	347.36049	683.56015	-76.38950	331.46052	505.49743	-76.43805	123.82717	528.76952	-35.99206	86.69750	503.33864	-9.42960	142.90267	488.24134	-48.48968	179.01670	665.47585	-21.85869	700.35728	639.09347	55.33218	967.63091	675.29456	26.61026	784.80014	667.15214	48.86426	696.18146	683.16266	98.18445	99.80490	777.24400	64.62671	955.33941	716.71757	-149.27360	435.89572	764.11616	184.56318	465.52410	606.64450	-142.96012	244.67130	760.17525	188.89163	230.20788	
521	5.200	786.78769	96.60069	643.82505	782.26580	-79.41496	649.02737	815.97660	59.97444	381.10845	779.39202	121.59556	340.65598	724.34068	139.92014	71.00028	723.06317	69.37184	85.89883	771.89583	101.93261	68.12204	762.58022	-28.59255	346.58082	702.00899	-75.28295	329.86602	518.96990	-77.09683	127.72299	541.70998	-37.32629	89.53594	517.50655	-9.84991	146.03844	503.30540	-48.50353	182.98668	674.46184	-22.55702	700.44975	647.77647	54.76095	968.15659	684.40940	25.45981	785.59435	675.13654	48.24704	697.76898	682.64111	101.24936	100.21116	785.75060	64.21662	955.94800	731.96450	-147.97295	435.35098	766.22034	188.20672	466.64802	623.79110	-142.50812	246.09993	759.49260	192.68584	229.91111	
522	5.210	793.59673	98.82387	645.28706	791.72643	-77.49138	647.83607	816.53406	64.07335	380.88234	778.72607	125.42825	341.23388	723.88832	141.94299	70.92515	722.63459	71.53290	86.51666	771.40089	103.89582	68.18685	781.22998	-27.53563	346.52628	720.70942	-74.13653	328.75627	533.55126	-77.65673	131.50004	556.12568	-38.64194	92.50636	532.70937	-10.15596	148.95931	519.12821	-48.36947	186.64273	683.15914	-23.10652	700.61130	656.41616	53.97121	968.81418	693.25314	24.37684	786.44864	682.86928	47.75049	699.31179	682.13985	103.51825	100.56148	794.19184	63.67285	956.55912	747.22462	-146.65488	435.22548	768.15371	191.55962	467.69939	641.44807	-141.96898	247.79156	758.29591	195.98473	229.65693	
523	5.220	800.15362	100.97740	646.63443	800.86353	-75.57511	646.85671	816.86777	67.62765	380.68638	777.90322	128.76645	341.79893	723.32151	143.26910	70.88617	722.38386	73.04663	87.08558	770.97031	105.39820	68.28379	799.88370	-26.35157	347.25587	739.56191	-72.95956	328.20028	549.27102	-78.09257	135.00816	572.04899	-39.88360	95.48729	548.94772	-10.33373	151.55153	535.69072	-48.08725	189.85386	691.57899	-23.50765	700.83183	665.01215	52.99995	969.57892	701.82753	23.39243	787.33453	690.37296	47.37396	700.77340	681.67126	104.91796	100.85567	802.57091	63.01289	957.15463	762.41616	-145.34426	435.55554	769.99479	194.54501	468.62753	659.54188	-141.34337	249.71777	756.63886	198.70103	229.43415	
524	5.230	806.48543	103.02686	647.84530	809.69400	-73.69624	646.10024	817.09850	70.61432	380.49378	777.03731	131.57333	342.32209	722.64861	143.92603	70.88609	722.30481	73.92683	87.60373	770.60166	106.44590	68.40018	818.45005	-25.06488	348.79742	758.47119	-71.76425	328.24447	566.14049	-78.37849	138.10222	589.47685	-40.99429	98.35554	566.21139	-10.36806	153.70997	552.97540	-47.65665	192.49868	699.73830	-23.77647	701.09879	673.56590	51.88932	970.42390	710.14013	22.52727	788.22515	697.67001	47.10185	702.12358	681.25093	105.47752	101.11010	810.89304	62.25647	957.71647	777.47027	-144.06631	436.35811	771.80751	197.11967	469.40592	678.00041	-140.63432	251.83218	754.62701	200.81012	229.24332	
525	5.240	812.61797	104.94345	648.90866	818.24434	-71.88180	645.56614	817.34792	73.05929	380.28775	776.24009	133.85640	342.78908	721.90236	144.00998	70.93305	722.38262	74.25133	88.08061	770.29595	107.08945	68.52809	836.84651	-23.70697	351.14648	777.34876	-70.56514	328.91046	584.14859	-78.49109	140.65641	608.36960	-41.92198	100.99820	584.47863	-10.24451	155.34731	570.96415	-47.07734	194.47616	707.65827	-23.94190	701.39689	682.08066	50.68367	971.32151	718.20345	21.79081	789.09657	704.78189	46.90609	703.33852	680.90036	105.31342	101.35239	819.16525	61.42430	958.22716	792.33514	-142.84455	437.63039	773.64252	199.27218	470.03067	696.75363	-139.84740	254.07572	752.41087	202.34406	229.09329	
526	5.250	818.57638	106.70455	649.82372	826.54837	-70.15488	645.24292	817.73051	75.02500	380.05996	775.61585	135.65867	343.19773	721.13544	143.66426	71.03714	722.59852	74.14360	88.53304	770.05953	107.41047	68.66318	854.99985	-22.31317	354.26748	796.11467	-69.37807	330.19449	603.26008	-78.41284	142.57634	628.65278	-42.62554	103.32290	603.71621	-9.95159	156.40131	589.63629	-46.34938	195.71421	715.36327	-24.04189	701.70805	690.56122	49.42638	972.24472	726.03420	21.18132	789.92849	711.72917	46.74979	704.40073	680.64607	104.60431	101.61556	827.39604	60.53674	958.67038	806.97838	-141.69893	439.35094	775.53965	201.01798	470.51647	715.73432	-138.99085	256.38299	750.17024	203.37970	228.99729	
527	5.260	824.38628	108.29380	650.59850	834.64502	-68.53418	645.10935	818.34608	76.59558	379.80836	775.25590	137.04727	343.55461	720.41159	143.05406	71.20769	722.93309	73.75057	88.98089	769.90334	107.50641	68.80361	872.84595	-20.91927	358.09661	814.69861	-68.21889	332.06824	623.41633	-78.13506	143.80687	650.22166	-43.07943	105.26498	623.87991	-9.48341	156.83915	608.96711	-45.47466	196.17482	722.88003	-24.11897	702.01162	699.01370	48.15684	973.16819	733.65268	20.68677	790.70470	718.53210	46.59167	705.29859	680.51628	103.55969	101.93240	835.59506	59.61255	959.03146	821.38677	-140.64443	441.48182	777.53110	202.39248	470.89086	734.87882	-138.07557	258.68844	748.09292	204.02283	228.96899	
528	5.270	830.07534	109.70073	651.24778	842.57622	-67.03409	645.13619	819.27365	77.86226	379.53502	775.23352	138.10124	343.87161	719.79465	142.34149	71.45126	723.36856	73.22039	89.44348	769.84038	107.47569	68.94910	890.32907	-19.55819	362.54594	833.03986	-67.10205	334.48076	644.53876	-77.66035	144.33486	672.94766	-43.27621	106.79066	644.91530	-8.84221	156.65841	628.92699	-44.45914	195.85526	730.23725	-24.21584	702.28486	707.44527	46.90786	974.06901	741.08248	20.28638	791.41303	725.21187	46.39041	706.02577	680.53644	102.38814	102.33095	843.77275	58.66783	959.29787	835.56330	-139.69019	443.97116	779.64442	203.44348	471.18804	754.12821	-137.11517	260.93153	746.35151	204.39080	229.01947	
529	5.280	835.67475	110.92011	651.79080	850.38527	-65.66490	645.28831	820.56742	78.91101	379.24421	775.60005	138.90045	344.16301	719.33823	141.66469	71.77081	723.89003	72.68329	89.93671	769.88241	107.40538	69.10027	907.40083	-18.25723	367.50795	851.08646	-66.03931	337.36111	666.53413	-77.00399	144.18638	696.68595	-43.22670	107.89592	666.75832	-8.04055	155.88455	649.48107	-43.31590	194.78509	737.46555	-24.37139	702.50377	715.86394	45.70362	974.92713	748.35023	19.95254	792.04493	731.79188	46.10868	706.58054	680.72486	101.26983	102.83136	851.93995	57.71512	959.45961	849.52187	-138.83937	446.75577	781.90473	204.22383	471.44299	773.42962	-136.12583	263.05974	745.08255	204.59613	229.15534	
530	5.290	841.22042	111.95120	652.24881	858.11569	-64.43321	645.52686	822.25537	79.81375	378.94091	776.38271	139.51672	344.44334	719.07780	141.12367	72.16562	724.48603	72.23817	90.47146	770.03691	107.36253	69.25818	924.01898	-17.03593	372.86001	868.79356	-65.03879	340.62138	689.30066	-76.19435	143.41946	721.28287	-42.95804	108.60165	689.33538	-7.10281	154.56549	670.58901	-42.06828	193.01975	744.59778	-24.61772	702.64400	724.27828	44.55837	975.72542	755.48551	19.65310	792.59479	738.29909	45.71618	706.96506	681.08954	100.33713	103.44451	860.10762	56.76282	959.50947	863.28052	-138.08952	449.76315	784.33599	204.78533	471.68688	792.73764	-135.12618	265.02938	744.37154	204.73325	229.37818	
531	5.300	846.75356	112.79710	652.64282	865.81056	-63.34225	645.81143	824.34059	80.62362	378.62980	777.58481	140.00801	344.72604	719.02664	140.77395	72.63203	725.14841	71.94571	91.05307	770.30496	107.39011	69.42404	940.14626	-15.90499	378.46838	886.12146	-64.10442	344.15973	712.73356	-75.27210	142.11350	746.58216	-42.51009	108.94597	712.56279	-6.06570	152.76414	692.20458	-40.75256	190.63195	751.66950	-24.97823	702.68191	732.69720	43.47593	976.44945	762.52079	19.35359	793.05905	744.76501	45.19161	707.18444	681.62678	99.66516	104.17223	868.28652	55.81486	959.44315	876.85468	-137.43351	452.91300	786.96125	205.17440	471.94393	812.01535	-134.13700	266.80429	744.24618	204.86995	229.68530	
532	5.310	852.32043	113.46407	652.99157	873.51230	-62.39215	646.10192	826.80516	81.37411	378.31459	779.18844	140.41574	345.02267	719.17568	140.62785	73.16452	725.87191	71.82824	91.68181	770.68038	107.50699	69.59915	955.74966	-14.86592	384.19141	903.03371	-63.23595	347.86338	736.72896	-74.28842	140.35733	772.42908	-41.93093	108.97504	736.34548	-4.97758	150.54985	714.27457	-39.41940	187.70202	758.71942	-25.46700	702.59563	741.12975	42.44988	977.08697	769.49128	19.01948	793.43515	751.22612	44.52335	707.24589	682.32177	99.27227	105.00886	876.48695	54.87076	959.25920	890.25182	-136.86054	456.11821	789.80209	205.42952	472.23000	831.23460	-133.18079	268.35314	744.67851	205.04425	230.07136	
533	5.320	857.97145	113.96113	653.30986	881.26279	-61.58004	646.36016	829.61637	82.08128	377.99747	781.15967	140.76499	345.34239	719.49699	140.66180	73.75707	726.65353	71.87493	92.35403	771.15030	107.71148	69.78476	970.80009	-13.91143	389.88241	919.49562	-62.42936	351.61152	761.18501	-73.30216	138.23763	798.67191	-41.27233	108.73383	760.57507	-3.89655	147.99004	736.73680	-38.13338	184.30889	765.78969	-26.08913	702.36590	749.58491	41.46449	977.62732	776.43477	18.61813	793.72051	757.72374	43.70904	707.15758	683.15100	99.12869	105.94371	884.71852	53.92590	958.95883	903.46875	-136.35720	459.28594	792.87800	205.58053	472.55248	850.37507	-132.28113	269.64620	745.59504	205.26608	230.53022	
534	5.330	863.75950	114.29962	653.60728	889.10344	-60.90015	646.55122	832.73440	82.74794	377.67857	783.45575	141.06681	345.69156	719.94976	140.82752	74.40430	727.49185	72.05068	93.06369	771.69678	107.98697	69.98203	985.27278	-13.02639	395.39206	935.47372	-61.67769	355.27832	785.99990	-72.37638	135.82930	825.16051	-40.58561	108.25826	785.12746	-2.88734	145.14315	759.51698	-36.97047	180.52273	772.92587	-26.84197	701.97685	758.07136	40.49617	978.06073	783.39117	18.12049	793.91167	764.30320	42.75431	706.92761	684.08589	99.17067	106.96386	892.98999	52.97211	958.54563	916.49214	-135.90828	462.31924	796.20576	205.64913	472.91100	869.42190	-131.46174	270.65262	746.89269	205.52281	231.05658	
535	5.340	869.73781	114.49295	653.88736	897.07520	-60.34386	646.64440	836.12080	83.36880	377.35524	786.03344	141.32181	346.07297	720.48758	141.06454	75.10250	728.38654	72.30647	93.80402	772.29923	108.30845	70.19188	999.14815	-12.18907	400.57126	950.93610	-60.97206	358.73628	811.06690	-71.57440	133.18889	851.74246	-39.91863	107.56966	809.86024	-2.01735	142.05381	782.52474	-36.01336	176.40046	780.17624	-27.71679	701.41654	766.59728	39.51530	978.37769	790.40205	17.50251	794.00351	771.01237	41.67097	706.56291	685.09723	99.31686	108.05695	901.30899	51.99848	958.02515	929.30211	-135.49728	465.11967	799.79968	205.65022	473.29871	888.36187	-130.74517	271.33899	748.45767	205.78683	231.64699	
536	5.350	875.95750	114.55616	654.14708	905.21821	-59.89995	646.61408	839.74680	83.93532	377.02120	788.85775	141.52412	346.48483	721.06572	141.31193	75.85044	729.33813	72.58945	94.56897	772.93716	108.64866	70.41491	1012.41324	-11.37271	405.27447	965.85373	-60.30272	361.86016	836.26701	-70.95576	130.35178	878.25743	-39.31370	106.67251	834.61030	-1.35209	138.75084	805.64904	-35.34524	171.98432	787.59067	-28.70061	700.67746	775.17005	38.48837	978.56854	797.50981	16.74619	793.98890	777.89975	40.47506	706.06841	686.15965	99.48400	109.21365	909.68191	50.99232	957.40451	941.87814	-135.10674	467.59123	803.67253	205.59354	473.70327	907.17825	-130.15131	271.66971	750.18448	206.02368	232.29988	
537	5.360	882.46514	114.50554	654.37672	913.57095	-59.55508	646.44047	843.60066	84.43966	376.66544	791.90990	141.66502	346.91935	721.64763	141.51745	76.64981	730.34816	72.85132	95.35439	773.59286	108.98287	70.65124	1025.06314	-10.54736	409.36414	980.20242	-59.66010	364.53170	861.46059	-70.57252	127.33299	904.53095	-38.80666	105.55556	859.19210	-0.95060	135.24839	828.75377	-35.04280	167.30381	795.21877	-29.77787	699.75691	783.79600	37.38017	978.62318	804.75673	15.84033	793.85857	785.01219	39.18509	705.44645	687.25567	99.59973	110.42945	918.11364	49.94022	956.69208	954.20566	-134.71839	469.64535	807.83735	205.48514	474.10769	925.84512	-129.69563	271.60925	751.99240	206.19922	233.01468	
538	5.370	889.30052	114.35800	654.56014	922.16897	-59.29452	646.11028	847.69323	84.87715	376.27115	795.19376	141.73572	347.36119	722.21006	141.64348	77.50561	731.41991	73.05409	96.15890	774.25376	109.29183	70.90050	1037.10232	-9.68195	412.71632	993.96493	-59.03566	366.64507	886.47957	-70.46602	124.13150	930.36890	-38.42676	104.19610	883.39718	-0.86116	131.55003	851.67431	-35.16922	162.38038	803.10755	-30.93172	698.65749	792.48010	36.15600	978.53120	812.18382	14.78111	793.60150	792.39252	37.82067	704.69671	688.37907	99.61116	111.70603	926.60739	48.82921	955.89712	966.28189	-134.31345	471.20656	812.30985	205.32840	474.49050	944.32163	-129.38759	271.12597	753.83797	206.28511	233.79024	
539	5.380	896.49471	114.13035	654.67540	931.04312	-59.10318	645.61750	852.06108	85.24701	375.81486	798.73996	141.72897	347.78594	722.74653	141.66942	78.42640	732.55945	73.17307	96.98449	774.91436	109.56279	71.16192	1048.54536	-8.74681	415.22712	1007.13269	-58.42262	368.11286	911.12194	-70.66457	120.73715	955.55419	-38.19696	102.56685	906.99560	-1.11790	127.65512	874.21618	-35.76828	157.23433	811.29873	-32.14483	697.38761	801.22560	34.78381	978.28231	819.82944	13.57231	793.20565	800.07715	36.40170	703.81655	689.53728	99.48890	113.05193	935.16446	47.64781	955.02968	978.11926	-133.87328	472.21808	817.11102	205.12452	474.82563	962.54741	-129.22935	270.19697	755.72248	206.26214	234.62287	
540	5.390	904.06870	113.83841	654.69574	940.21749	-58.96691	644.96418	856.76707	85.55170	375.26593	802.60735	141.63965	348.15908	723.26940	141.59110	79.42444	733.77724	73.19730	97.83686	775.57767	109.78877	71.43461	1059.41679	-7.71650	416.81983	1019.70670	-57.81657	368.87214	935.15020	-71.18202	117.13928	979.84696	-38.13449	100.64432	929.73993	-1.73829	123.56659	896.15670	-36.85995	151.89259	819.82589	-33.39972	695.96217	810.03377	33.23614	977.86709	827.72782	12.22536	792.65913	808.09399	34.94808	702.80207	690.75302	99.22703	114.48270	943.78410	46.38708	954.10053	989.74552	-133.38066	472.64657	822.26933	204.87238	475.08216	980.43986	-129.21519	268.81302	757.69432	206.12142	235.50437	
541	5.400	912.03251	113.49601	654.59103	949.70726	-58.87381	644.16116	861.89803	85.79499	374.58689	806.88149	141.46438	348.43591	723.81069	141.41795	80.51585	735.08981	73.12791	98.72571	776.25632	109.96668	71.71817	1069.74967	-6.57296	417.45175	1031.69705	-57.21603	368.89008	958.29529	-72.01737	113.33568	1002.98921	-38.25113	98.41748	951.37222	-2.72201	119.29884	917.25051	-38.43819	146.39626	828.71178	-34.67874	694.40325	818.90354	31.49183	977.27807	835.90739	10.75925	791.95171	816.46059	33.47988	701.64949	692.06520	98.83990	116.02063	952.46334	45.04144	953.12129	1001.20013	-132.82161	472.48528	827.82227	204.56809	475.22420	997.89395	-129.33188	266.98290	759.84680	205.86383	236.42051	
542	5.410	920.38487	113.11403	654.32964	959.51667	-58.81560	643.22864	867.55983	85.97946	373.73473	811.67038	141.20051	348.56253	724.42209	141.16894	81.72058	736.52166	72.97526	99.66481	776.97358	110.09490	72.01348	1079.58301	-5.30870	417.11995	1043.12107	-56.62304	368.16827	980.26649	-73.15515	109.34086	1024.71436	-38.55319	95.89513	971.63437	-4.05091	114.88442	937.23939	-40.47088	140.80647	837.96600	-35.96384	692.74071	827.83132	29.53748	976.51101	844.38917	9.20001	791.07653	825.18288	32.01761	700.35705	693.52920	98.35705	117.69389	961.19690	43.60943	952.10469	1012.52736	-132.18787	471.75524	833.81643	204.20427	475.21145	1014.78504	-129.56001	264.73614	762.31202	205.49805	237.35011	
543	5.420	929.11349	112.69946	653.88069	969.63748	-58.78870	642.19643	873.87031	86.10389	372.66356	817.09772	140.84488	348.47857	725.17423	140.86812	83.06225	738.10700	72.75529	100.67205	777.76418	110.17090	72.32385	1088.95800	-3.92974	415.86490	1054.00011	-56.04385	366.74501	1000.76736	-74.56651	105.19201	1044.76159	-39.04114	93.11098	990.28156	-5.69027	110.37837	955.86637	-42.90174	135.20732	847.58341	-37.23632	691.01260	836.81082	27.36862	975.56637	853.18515	7.58007	790.03192	834.25442	30.58260	698.92704	695.21665	97.81723	119.53531	969.97719	42.09406	951.06482	1023.76748	-131.47969	470.50424	840.30627	203.76952	475.00056	1030.97457	-129.87653	262.12383	765.25171	205.03793	238.26523	
544	5.430	938.19575	112.25473	653.21672	980.04796	-58.79499	641.10374	880.95051	86.16108	371.32851	823.29432	140.39269	348.12137	726.15555	140.54036	84.56764	739.89138	72.48602	101.76922	778.67544	110.18952	72.65616	1097.91344	-2.45783	413.77115	1064.35538	-55.48969	364.69505	1019.51643	-76.21093	100.95172	1062.89371	-39.70883	90.12506	1007.09803	-7.59106	105.85902	972.89300	-45.65424	129.70495	857.54335	-38.47678	689.26505	845.83296	24.99042	974.45066	862.29692	5.93716	788.82313	843.65624	29.19696	697.36779	697.21452	97.26255	121.58056	978.79440	40.50308	950.01754	1034.94734	-130.70847	468.80383	847.35131	203.24819	474.54770	1046.31811	-130.25780	259.21696	768.84595	204.49936	239.13236	
545	5.440	947.59990	111.77727	652.31658	990.71292	-58.84206	639.99831	888.91504	86.13646	369.69094	830.38835	139.83669	347.43178	727.47045	140.20786	86.26570	741.93292	72.18433	102.98139	779.76824	110.14202	73.02204	1106.48085	-0.93155	410.96428	1074.20347	-54.97753	362.12633	1036.27079	-78.03835	96.70655	1078.91697	-40.54289	87.02126	1021.91376	-9.69323	101.42491	988.11844	-48.63687	124.42239	867.80997	-39.66544	687.55159	854.88596	22.41807	973.17768	871.71464	4.31283	787.46377	853.35740	27.88322	695.69544	699.62345	96.73313	123.86576	987.63667	38.84885	948.98069	1046.07255	-129.89880	466.74483	855.01209	202.62077	473.81227	1060.67502	-130.68329	256.10266	773.28042	203.89727	239.91490	
546	5.450	957.28655	111.25961	651.16828	1001.58450	-58.94292	638.93475	897.86227	86.00775	367.72457	838.49526	139.16696	346.36100	729.23668	139.88745	88.18608	744.30304	71.86336	104.33577	781.11800	110.01634	73.43869	1114.67994	0.59423	407.60403	1083.55202	-54.53077	359.17365	1050.84941	-79.99197	92.56134	1092.69998	-41.52237	83.90078	1034.61989	-11.92979	97.18783	1001.39774	-51.74987	119.49029	878.33351	-40.78291	685.93168	863.95557	19.67668	971.76933	881.41648	2.75055	785.97676	863.31622	26.66335	693.93515	702.55494	96.26275	126.42453	996.49041	37.14799	947.97434	1057.12244	-129.08925	464.43172	863.34520	201.86490	472.76160	1073.91867	-131.13895	252.87847	778.73283	203.24295	240.57671	
547	5.460	967.21033	110.68976	649.77177	1012.60400	-59.11517	637.97222	907.86532	85.74599	365.42191	847.70804	138.37138	344.87790	731.58156	139.58874	90.35701	747.08654	71.53076	105.85992	782.81521	109.79825	73.92916	1122.51518	2.05051	403.87386	1092.39669	-54.17961	355.98967	1063.15297	-82.01172	88.62962	1104.18919	-42.61932	80.87260	1045.18080	-14.23169	93.26289	1012.65684	-54.89281	115.03462	889.05279	-41.81137	684.46847	873.02542	16.80068	970.25599	891.36879	1.29348	784.39469	873.48214	25.55729	692.12162	706.12738	95.87520	129.28441	1005.34068	35.42077	947.02070	1068.04908	-128.33157	461.97649	872.39779	200.95716	471.37619	1085.94606	-131.62006	249.64543	785.35928	202.54190	241.08685	
548	5.470	977.32176	110.05227	648.14104	1023.70464	-59.37966	637.17129	918.96459	85.31761	362.80020	858.08882	137.43670	342.97595	734.63684	139.31307	92.80260	750.38082	71.18753	107.57905	784.96523	109.47328	74.52176	1129.97410	3.35821	399.96767	1100.71971	-53.96092	352.73415	1073.17665	-84.03845	85.02147	1113.41790	-43.80040	78.04228	1053.64030	-16.53307	89.75686	1021.90145	-57.97281	111.16317	899.89839	-42.73614	683.22584	882.07755	13.83266	968.67627	901.52694	-0.01813	782.75930	883.79822	24.58112	690.29883	710.46065	95.58156	132.46287	1014.17175	33.69024	946.14395	1078.78049	-127.68784	459.49239	882.20207	199.87532	469.65513	1096.68551	-132.13301	246.50082	793.28112	201.79253	241.42490	
549	5.480	987.56905	109.32949	646.30558	1034.81474	-59.75874	636.59041	931.16259	84.68782	359.90610	869.66220	136.35024	340.67888	738.53230	139.05296	95.53970	754.29400	70.82753	109.51269	787.68702	109.02907	75.24852	1137.02783	4.43357	396.07529	1108.49062	-53.91728	349.56227	1081.01338	-86.01859	81.83081	1120.50688	-45.02966	75.50086	1060.12050	-18.77651	86.75685	1029.21802	-60.91244	107.95298	910.79652	-43.54735	682.26488	891.09310	10.82176	967.07605	911.83695	-1.14965	781.12033	894.20397	23.74500	688.51881	715.66982	95.37798	135.96315	1022.96763	31.98125	945.36967	1089.22767	-127.22592	457.08766	892.77028	198.60094	467.62071	1106.10156	-132.69558	243.53141	802.57342	200.98562	241.58659	
550	5.490	997.89986	108.50335	644.31059	1045.86146	-60.27444	636.28207	944.42166	83.82477	356.81796	882.41109	135.10191	338.04391	743.38827	138.79206	98.57440	758.94212	70.43743	111.67069	791.11053	108.45756	76.14252	1143.63396	5.19461	392.36828	1115.66921	-54.09516	346.61360	1086.84624	-87.90883	79.12429	1125.65587	-46.27211	73.31593	1064.81283	-20.91770	84.32103	1034.76619	-63.65638	105.44095	921.67310	-44.24162	681.64012	900.05313	7.82157	965.50694	922.23781	-2.07467	779.53339	904.63841	23.05145	686.83960	721.85810	95.24418	139.77017	1031.71275	30.31923	944.72411	1099.29399	-127.01339	454.85979	904.09051	197.12205	465.32160	1114.19668	-133.33572	240.80792	813.25602	200.10495	241.58880	
551	5.500	1008.26293	107.55711	642.21600	1056.77438	-60.94655	636.28917	958.66494	82.70437	353.64515	896.27542	133.68635	335.16212	749.30793	138.50532	101.89848	764.44527	69.99700	114.04918	795.37279	107.75677	77.23437	1149.74161	5.56778	388.98793	1122.21035	-54.54211	344.00289	1090.93080	-89.67979	76.93395	1129.12664	-47.49752	71.52606	1067.96209	-22.92857	82.47305	1038.76338	-66.17553	103.61973	932.45774	-44.82323	681.39592	908.93956	4.88762	964.02414	932.66444	-2.77727	778.05734	915.04303	22.49398	685.32250	729.11024	95.14257	143.84727	1040.39265	28.72898	944.23311	1108.88539	-127.11116	452.89030	916.12384	195.43542	462.83379	1121.00978	-134.08877	238.38128	825.28838	199.12887	241.47288	
552	5.510	1018.60952	106.47717	640.09409	1067.48881	-61.79103	636.64189	973.78051	81.31504	350.52390	911.15385	132.10504	332.15508	756.37050	138.15948	105.48630	770.92299	69.47968	116.62690	800.61274	106.93135	78.54790	1155.29809	5.49404	386.03700	1128.07010	-55.30301	341.81362	1093.57002	-91.31799	75.25511	1131.22014	-48.68337	70.13941	1069.84580	-24.79834	81.20116	1041.46422	-68.46750	102.43954	943.08708	-45.30469	681.56332	917.73602	2.07473	962.68383	943.05084	-3.25365	776.75114	925.36439	22.05669	684.02864	737.48705	95.01835	148.13398	1048.99463	27.23346	943.92090	1117.91964	-127.56750	451.24061	928.80333	193.54831	460.25871	1126.61172	-134.99344	236.28109	838.56934	198.03284	241.30539	
553	5.520	1028.89467	105.25463	638.02572	1077.94850	-62.81873	637.35542	989.62843	79.66200	347.60975	926.90865	130.36791	329.16806	764.62641	137.71374	109.29229	778.48928	68.85330	119.36273	806.96512	105.99196	80.09581	1160.25630	4.93362	383.57619	1133.21229	-56.41591	340.09527	1095.08578	-92.82522	74.04967	1132.25112	-49.81644	69.13642	1070.75199	-26.53194	80.46185	1043.13777	-70.55297	101.81580	953.50739	-45.70630	682.15768	926.42887	-0.56581	961.54041	953.33345	-3.51293	775.67051	935.55614	21.71492	683.01536	747.02212	94.80087	152.54572	1057.50834	25.85261	943.80877	1126.33321	-128.41361	449.94939	942.03505	191.47935	457.71825	1131.09868	-136.08704	234.51612	852.94254	196.79262	241.17492	
554	5.530	1039.07829	103.88644	636.09554	1088.10747	-64.03460	638.42890	1006.04997	77.77033	345.06710	943.37347	128.49432	326.36006	774.09543	137.12084	113.24994	787.24738	68.08113	122.19501	814.55394	104.95308	81.87568	1164.58199	3.86894	381.62554	1137.61472	-57.90773	338.86403	1095.79142	-94.21534	73.25420	1132.52398	-50.89237	68.47572	1070.95837	-28.14606	80.18741	1044.04618	-72.46838	101.64116	963.67610	-46.05483	683.17741	935.00790	-2.98886	960.64360	963.45415	-3.57686	774.86463	945.58028	21.43703	682.33242	757.72142	94.40647	156.97563	1065.92634	24.60236	943.91365	1134.08505	-129.66132	449.03160	955.70159	189.25848	455.34677	1134.58415	-137.40068	233.07686	868.20740	195.38749	241.18485	
555	5.540	1049.12599	102.37608	634.38643	1097.93101	-65.43742	639.84548	1022.87809	75.68633	343.05691	960.36332	126.51323	323.89170	784.76825	136.32858	117.27230	797.28476	67.12319	125.04331	823.48593	103.82960	83.86722	1168.25978	2.30531	380.17003	1141.27400	-59.79049	338.10679	1095.96904	-95.50920	72.79086	1132.31288	-51.91359	68.10188	1070.71565	-29.66354	80.29569	1044.42741	-74.25636	101.79968	973.56224	-46.38107	684.60393	943.46700	-5.15782	960.03577	973.36282	-3.47847	774.37321	955.40759	21.18730	682.01851	769.56581	93.74319	161.29898	1074.24449	23.49377	944.24688	1141.15709	-131.30307	448.47961	969.66786	186.92601	453.28083	1137.19089	-138.95492	231.93948	884.13490	193.80303	241.44201	
556	5.550	1059.00978	100.73364	632.97372	1107.39573	-67.01996	641.57372	1039.94808	73.47650	341.72406	977.68633	124.46228	321.91226	796.61130	135.28208	121.25470	808.66862	65.93823	127.81296	833.84454	102.63274	86.03130	1171.29746	0.26956	379.16816	1144.20858	-62.05868	337.78718	1095.85390	-96.72876	72.57901	1131.84805	-52.88618	67.95363	1070.23619	-31.10734	80.70046	1044.48364	-75.95598	102.18054	983.14591	-46.71681	686.40264	951.80454	-7.04643	959.74960	983.01919	-3.25968	774.22406	965.01742	20.92951	682.09824	782.51600	92.71729	165.38022	1082.46212	22.53252	944.81304	1147.55217	-133.31396	448.26598	983.78913	184.53069	451.64760	1139.04355	-140.75669	231.07072	900.48654	192.03284	242.04259	
557	5.560	1068.70847	98.97542	631.91976	1116.48879	-68.76949	643.56985	1057.10727	71.22406	341.18574	995.15592	122.38586	320.54747	809.57383	133.92690	125.07965	821.44194	64.48620	130.40219	845.68504	101.36612	88.31127	1173.72791	-2.19308	378.56154	1146.45948	-64.68809	337.85274	1095.62687	-97.89197	72.54536	1131.30893	-53.81665	67.97120	1069.68842	-32.49530	81.32058	1044.37577	-77.59482	102.68928	992.41688	-47.09140	688.52492	960.02348	-8.64011	959.80623	992.39382	-2.96810	774.43139	974.39676	20.63089	682.57990	796.51899	91.24126	169.08213	1090.58215	21.71858	945.60906	1153.29015	-135.65512	448.34784	997.92049	182.12722	450.55338	1140.26296	-142.79767	230.43283	917.03427	190.07886	243.05753	
558	5.570	1078.20787	97.12301	631.26937	1125.20667	-70.66857	645.78080	1074.22297	69.02284	341.52238	1012.60255	120.33206	319.88938	823.59597	132.21305	128.62390	835.62048	62.73152	132.71133	859.03106	100.02295	90.63674	1175.60854	-5.02321	378.28403	1148.08903	-67.63648	338.24195	1095.41417	-99.00941	72.63090	1130.82361	-54.70951	68.10184	1069.19631	-33.83687	82.08677	1044.22321	-79.18460	103.25485	1001.37280	-47.52836	690.91089	968.13118	-9.93640	960.21406	1001.46833	-2.65330	774.99495	983.53901	20.26579	683.45409	811.51464	89.24271	172.27663	1098.61082	21.04630	946.62379	1158.40361	-138.27774	448.67206	1011.92702	179.77308	450.07360	1140.96214	-145.05448	229.98790	933.57898	187.95055	244.51989	
559	5.580	1087.50072	95.20208	631.04665	1133.55338	-72.69591	648.14761	1091.18793	66.96911	342.77213	1029.88377	118.34894	319.98962	838.61613	130.09972	131.76723	851.19090	60.64665	134.65287	873.87294	98.58507	92.92941	1177.01837	-8.15204	378.26899	1149.17760	-70.84597	338.89025	1095.29276	-100.08318	72.79416	1130.47319	-55.56596	68.30308	1068.84273	-35.13206	82.94528	1044.10765	-80.72064	103.83200	1010.01709	-48.04264	693.49252	976.13892	-10.94478	960.96824	1010.23478	-2.36287	775.90004	992.44249	19.81861	684.69349	827.44113	86.67293	174.85576	1106.55744	20.50467	947.83775	1162.93394	-141.12701	449.18075	1025.69326	177.52488	450.24573	1141.24424	-147.49034	229.70106	949.96553	185.66328	246.41700	
560	5.590	1096.58642	93.24081	631.25337	1141.53866	-74.82735	650.60884	1107.92310	65.15207	344.92943	1046.89173	116.48015	320.85659	854.57665	127.56040	134.40204	868.11028	58.21588	136.16099	890.16818	97.02446	95.11038	1178.05312	-11.50601	378.45419	1149.81892	-74.24690	339.73460	1095.29935	-101.10805	73.01067	1130.29933	-56.38393	68.54378	1068.67530	-36.37253	83.85855	1044.07913	-82.18494	104.39950	1018.35695	-48.63866	696.19703	984.06115	-11.68570	962.05088	1018.69458	-2.13868	777.11830	1001.10915	19.28573	686.25370	844.23855	83.51416	176.74157	1114.43374	20.07803	949.22355	1166.92824	-144.14538	449.81624	1039.13095	175.43458	451.06585	1141.20193	-150.05808	229.54232	966.09286	183.23659	248.68909	
561	5.600	1105.47058	91.26828	631.86912	1149.17619	-77.03687	653.10375	1124.37754	63.64409	347.94752	1063.55742	114.76056	322.45690	871.42686	124.58758	136.44260	886.30712	55.43851	137.19892	907.84379	95.30702	97.10775	1178.81861	-15.01087	378.78423	1150.11441	-77.76251	340.71652	1095.44086	-102.07397	73.26970	1130.31334	-57.15910	68.80343	1068.71336	-37.54423	84.80338	1044.16287	-83.55151	104.95513	1026.40173	-49.30951	698.95020	991.91454	-12.18887	963.43195	1026.85693	-2.01378	778.60939	1009.54336	18.67596	688.07516	861.85010	79.78414	177.89339	1122.25323	19.74695	950.74653	1170.43728	-147.27502	450.52520	1052.18402	173.54557	452.48937	1140.91779	-152.70381	229.48706	981.91848	180.69287	251.23512	
562	5.610	1114.16437	89.31266	632.85318	1156.48201	-79.29755	655.57515	1140.52611	62.49202	351.74423	1079.85122	113.21240	324.72046	889.12358	121.19658	137.83269	905.68399	52.33113	137.76288	926.80067	93.39813	98.86351	1179.42348	-18.59490	379.21126	1150.16710	-81.31398	341.78375	1095.70441	-102.96907	73.56953	1130.50514	-57.88631	69.07015	1068.95494	-38.63057	85.76737	1044.36574	-84.79231	105.50910	1034.16177	-50.03733	701.67951	999.71691	-12.49104	965.07089	1034.73711	-2.00996	780.32318	1017.75131	18.00988	690.08619	880.22146	75.53743	178.31127	1130.03040	19.48929	952.36598	1173.51426	-150.45946	451.26147	1064.83044	171.88914	454.43558	1140.46476	-155.37087	229.51555	997.45729	178.05667	253.92471	
563	5.620	1122.68383	87.39966	634.14765	1163.47339	-81.58260	657.97164	1156.36515	61.71073	356.21010	1095.78009	111.84221	327.54846	907.62963	117.42766	138.55057	926.12155	48.92847	137.88192	946.91932	91.26891	100.33869	1179.97165	-22.19124	379.69437	1150.07586	-84.82518	342.89091	1096.06585	-103.78231	73.91239	1130.85134	-58.56085	69.33821	1069.38320	-39.61533	86.74486	1044.68173	-85.88238	106.07720	1041.64779	-50.79463	704.31688	1007.48613	-12.63335	966.91862	1042.35479	-2.13646	782.20241	1025.74065	17.31784	692.20661	899.29869	70.86311	178.03494	1137.77986	19.28149	954.03660	1176.21398	-153.64463	451.98762	1077.08078	170.48145	456.79535	1139.90628	-158.00354	229.61189	1012.77529	175.35462	256.61425	
564	5.630	1131.04915	85.55094	635.68173	1170.16804	-83.86627	660.24928	1171.90696	61.27955	361.21758	1111.38152	110.63920	330.82291	926.91091	113.34606	138.61034	947.48373	45.28267	137.61347	968.06648	88.90226	101.51609	1180.55551	-25.73941	380.19870	1149.93022	-88.22660	343.99963	1096.49603	-104.50512	74.30024	1131.32157	-59.17931	69.60556	1069.97181	-40.48473	87.73293	1045.09604	-86.80311	106.67497	1048.87087	-51.54661	706.80112	1015.23896	-12.65849	968.91996	1049.73250	-2.38962	784.18568	1033.52082	16.63728	694.35215	919.02568	65.87929	177.13837	1145.51551	19.09989	955.71030	1178.59192	-156.77963	452.67521	1088.97417	169.32161	459.44091	1139.29588	-160.55012	229.76279	1027.97903	172.61536	259.16425	
565	5.640	1139.28399	83.78292	637.37650	1176.58379	-86.12477	662.37273	1187.17361	61.14226	366.63001	1126.71522	109.57498	334.41673	946.93319	109.03968	138.05958	969.62357	41.46089	137.03546	990.10211	86.29741	102.40027	1181.25053	-29.18623	380.69452	1149.80627	-91.45852	345.07840	1096.96482	-105.13181	74.73203	1131.88306	-59.73969	69.87170	1070.68916	-41.22828	88.72842	1045.58808	-87.54320	107.31355	1055.84297	-52.25389	709.07972	1022.99019	-12.60780	971.01625	1056.89446	-2.75368	786.21037	1041.10363	16.00947	696.43890	939.34199	60.72511	175.72051	1153.24981	18.92198	957.33813	1180.70309	-159.81756	453.30426	1100.57236	168.39091	462.23661	1138.67616	-162.96526	229.95649	1043.20220	169.86927	261.45504	
566	5.650	1147.41488	82.10584	639.14993	1182.73873	-88.33711	664.31576	1202.19068	61.21018	372.30962	1141.85343	108.60491	338.20297	967.65915	104.61446	136.97353	992.38929	37.54163	136.23602	1012.88576	83.47221	103.01496	1182.11173	-32.48643	381.15656	1149.76389	-94.47299	346.10224	1097.44328	-105.65887	75.20245	1132.50352	-60.24097	70.13626	1071.50172	-41.83856	89.72600	1046.13361	-88.09770	107.99758	1062.57776	-52.87561	711.11028	1030.75182	-12.51863	973.14789	1063.86567	-3.20240	788.21544	1048.50424	15.47612	698.38770	960.18150	55.55109	173.89370	1160.99314	18.72764	958.87232	1182.60041	-162.71655	453.86213	1111.95293	167.65355	465.04929	1138.07758	-165.21142	230.18200	1058.59057	167.14748	263.39842	
567	5.660	1155.47080	80.52327	640.92157	1188.65158	-90.48570	666.06126	1216.98139	61.36828	378.12361	1156.87091	107.67079	342.06243	989.04630	100.18776	135.44658	1015.62998	33.60992	135.30242	1036.28205	80.46269	103.39818	1183.17247	-35.60309	381.56374	1149.84547	-97.23493	347.05255	1097.90448	-106.08373	75.70224	1133.15283	-60.68234	70.39812	1072.37642	-42.31030	90.71759	1046.70641	-88.46572	108.72493	1069.09168	-53.37231	712.86121	1038.53260	-12.42209	975.25679	1070.67148	-3.70142	790.14391	1055.74213	15.07624	700.12814	981.47230	50.50904	171.77108	1168.75341	18.50017	960.26818	1184.33306	-165.44098	454.34217	1123.20250	167.05887	467.75762	1137.51769	-167.25953	230.42876	1074.28705	164.48014	264.94359	
568	5.670	1163.48273	79.03199	642.61667	1194.34236	-92.55695	667.60079	1231.56155	61.48314	383.94823	1171.83550	106.70471	345.88902	1011.04570	95.88018	133.58216	1039.20059	29.75173	134.31059	1060.16436	77.32001	103.59597	1184.44554	-38.50811	381.89906	1150.07630	-99.72242	347.91680	1098.32367	-106.40337	76.21952	1133.80375	-61.06242	70.65522	1073.28254	-42.63926	91.69288	1047.27994	-88.64790	109.48793	1075.40500	-53.70872	714.31200	1046.33781	-12.34129	977.28845	1077.33744	-4.21111	791.94483	1062.84209	14.84347	701.60170	1003.13772	45.74217	169.45490	1176.53581	18.22709	961.48588	1185.94498	-167.96279	454.74249	1134.41055	166.54478	470.25933	1137.00122	-169.08905	230.68661	1090.41809	161.89403	266.07717	
569	5.680	1171.48346	77.62242	644.16942	1199.83315	-94.54155	668.93370	1245.93556	61.41237	389.67071	1186.80008	105.63363	349.59260	1033.60154	91.80670	131.48236	1062.96558	26.04822	133.31665	1084.41673	74.10493	103.65534	1185.92628	-41.18266	382.14972	1150.46633	-101.92615	348.68831	1098.67847	-106.61357	76.74165	1134.43229	-61.37880	70.90477	1074.19306	-42.82146	92.64055	1047.82899	-88.64450	110.27547	1081.54275	-53.85584	715.45284	1054.16932	-12.29028	979.19363	1083.88942	-4.68955	793.57470	1069.83486	14.80394	702.76395	1025.09800	41.37628	167.02690	1184.34285	17.90076	962.49194	1187.47388	-170.26257	455.06489	1145.66428	166.04231	472.47603	1136.52150	-170.68752	230.94621	1107.08269	159.40991	266.81783	
570	5.690	1179.50715	76.27928	645.52526	1205.14889	-96.43461	670.06603	1260.09393	61.01432	395.18943	1201.79651	104.38434	353.09933	1056.65088	88.06767	129.23852	1086.80101	22.56999	132.35131	1108.93353	70.88083	103.61750	1187.59728	-43.61740	382.30710	1151.01344	-103.84837	349.36584	1098.94933	-106.70880	77.25720	1135.01800	-61.62810	71.14368	1075.08569	-42.85312	93.54993	1048.33153	-88.45469	111.07560	1087.53538	-53.79262	716.28378	1062.02596	-12.27363	980.92966	1090.35395	-5.09554	794.99830	1076.75726	14.97499	703.58567	1047.27205	37.51231	164.54205	1192.17459	17.51859	963.26039	1188.95115	-172.33028	455.31405	1157.04439	165.48048	474.35537	1136.06349	-172.04993	231.19958	1124.34442	157.03992	267.20703	
571	5.700	1187.58899	74.98278	646.64211	1210.31806	-98.23560	671.00907	1274.01234	60.15767	400.41279	1216.83196	102.88830	356.35002	1080.12303	84.74071	126.92370	1110.59476	19.37200	131.41762	1133.61705	67.70608	103.51213	1189.43404	-45.81244	382.36678	1151.70769	-105.50123	349.95301	1099.12049	-106.68322	77.75760	1135.54434	-61.80646	71.36918	1075.94359	-42.73128	94.41270	1048.77057	-88.07719	111.87787	1093.41898	-53.50684	716.81346	1069.90403	-12.28672	982.46110	1096.75867	-5.39135	796.18902	1083.65189	15.36450	704.05286	1069.57845	34.22082	162.02597	1200.02905	17.08306	963.77352	1190.40269	-174.16539	455.49690	1168.62155	164.79118	475.87052	1135.60807	-173.17791	231.44075	1142.22671	154.78554	267.29784	
572	5.710	1195.76450	73.70994	647.49070	1215.37329	-99.94812	671.77786	1287.65242	58.73008	405.25740	1231.88762	101.08618	359.29705	1103.93806	81.87415	124.58793	1134.24480	16.48930	130.49218	1158.37326	64.62687	103.35340	1191.41103	-47.77672	382.32833	1152.53617	-106.90481	350.45753	1099.18137	-106.53221	78.23828	1135.99928	-61.91055	71.57935	1076.75591	-42.45525	95.22424	1049.13578	-87.51208	112.67535	1099.23515	-52.99554	717.05752	1077.79803	-12.31660	983.76013	1103.13271	-5.54505	797.12859	1090.56608	15.97081	704.16574	1091.93529	31.53830	159.47620	1207.90272	16.60147	964.02228	1191.85081	-175.77619	455.62206	1180.45333	163.91333	477.01733	1135.13719	-174.07899	231.66645	1160.71089	152.63625	267.14382	
573	5.720	1204.06863	72.43617	648.05406	1220.35160	-101.57945	672.38965	1300.96423	56.64554	409.64633	1246.91977	98.93159	361.90056	1128.00404	79.48273	122.25644	1157.65543	13.93421	129.52941	1183.10596	61.67148	103.13809	1193.50732	-49.52691	382.19492	1153.48815	-108.08484	350.89009	1099.12805	-106.25438	78.69916	1136.37597	-61.93875	71.77355	1077.51807	-42.02814	95.98462	1049.42478	-86.76316	113.46596	1105.03032	-52.26496	717.03694	1085.70145	-12.34332	984.80648	1109.50704	-5.53239	797.80651	1097.55036	16.78323	703.93705	1114.25817	29.46558	156.86675	1215.79128	16.08538	964.00625	1193.31685	-177.17858	455.69927	1192.58140	162.79613	477.80946	1134.63914	-174.76584	231.87644	1179.73664	150.56936	266.78956	
574	5.730	1212.53458	71.13697	648.32651	1225.29454	-103.13996	672.86229	1313.89021	53.85005	413.50795	1261.86287	96.39408	364.12488	1152.21291	77.54609	119.93084	1180.73200	11.69509	128.46818	1207.71023	58.84685	102.84612	1195.71147	-51.08572	381.97265	1154.55971	-109.07039	351.26309	1098.96456	-105.85333	79.14468	1136.67350	-61.89224	71.95264	1078.23187	-41.45847	96.69895	1049.64388	-85.84031	114.25308	1110.85476	-51.33014	716.77637	1093.60753	-12.34173	985.58713	1115.91458	-5.33812	798.21930	1104.65638	17.78281	703.38988	1136.45670	27.96831	154.15536	1223.69017	15.54990	963.73333	1194.82410	-178.39433	455.73864	1205.02892	161.40106	478.27243	1134.11336	-175.25557	232.07361	1199.20413	148.55097	266.26424	
575	5.740	1221.19232	69.78964	648.31228	1230.24797	-104.64232	673.21281	1326.37016	50.32519	416.77598	1276.63425	93.46115	365.93597	1176.43531	76.01023	117.59302	1203.37472	9.73697	127.24005	1232.06566	56.13807	102.44333	1198.02507	-52.47979	381.66967	1155.75759	-109.89165	351.58919	1098.70365	-105.33899	79.58317	1136.89736	-61.77593	72.11901	1078.90538	-40.76120	97.37720	1049.80826	-84.76122	115.04553	1116.76114	-50.21429	716.30268	1101.50999	-12.28339	986.09578	1122.39014	-4.95679	798.36953	1111.93456	18.94327	702.55541	1158.42958	26.97959	151.29213	1231.59524	15.01287	963.21908	1196.40059	-179.44903	455.74974	1217.79829	159.70292	478.43719	1133.57398	-175.56908	232.26377	1218.97739	146.53823	265.57854	
576	5.750	1230.06696	68.37498	648.02412	1235.26160	-106.10062	673.45615	1338.34670	46.08971	419.39091	1291.13990	90.13943	367.30035	1200.51530	74.79212	115.21089	1225.47239	8.00439	125.77805	1256.03059	53.51093	101.88608	1200.46489	-53.73749	381.29503	1157.10170	-110.57808	351.87982	1098.36698	-104.72813	80.02608	1137.05977	-61.59892	72.27634	1079.55256	-39.95799	98.03350	1049.94152	-83.55210	115.85694	1122.80292	-48.94823	715.64377	1109.40367	-12.13865	986.33231	1128.96995	-4.39314	798.26502	1119.43147	20.23198	701.47086	1180.05928	26.40473	148.22883	1239.50328	14.49384	962.48587	1198.08128	-180.37013	455.74066	1230.86943	157.69008	478.33427	1133.05190	-175.73029	232.45499	1238.88823	144.48286	264.72527	
577	5.760	1239.17702	66.87887	647.48197	1240.38820	-107.52936	673.60412	1349.77060	41.19903	421.30300	1305.28080	86.45505	368.18604	1224.26592	73.78728	112.74553	1246.89736	6.42632	124.02521	1279.43824	50.91744	101.12735	1203.06331	-54.88666	380.85743	1158.62625	-111.15682	352.14366	1097.98451	-104.04407	80.48695	1137.17948	-61.37448	72.42924	1080.19285	-39.07671	98.68514	1050.07485	-82.24732	116.70483	1129.03250	-47.56964	714.82783	1117.28491	-11.87868	986.30223	1135.69103	-3.66192	797.91815	1127.18738	21.61087	700.17770	1201.20731	26.12808	144.92756	1247.41237	14.01311	961.56185	1199.90939	-181.18510	455.71686	1244.19888	155.36441	477.98921	1132.59491	-175.76534	232.65674	1258.74086	142.33579	263.68296	
578	5.770	1248.53277	65.29361	646.71205	1245.68262	-108.94234	673.66466	1360.60529	35.74271	422.47629	1318.95895	82.45331	368.56535	1247.46720	72.87975	110.15858	1267.50281	4.92314	121.94196	1302.09591	48.30371	100.12331	1205.86725	-55.95272	380.36396	1160.37923	-111.65167	352.38555	1097.59349	-103.31554	80.98041	1137.28132	-61.11941	72.58267	1080.85051	-38.15017	99.35128	1050.24586	-80.88794	117.60933	1135.49924	-46.12246	713.88292	1125.15192	-11.47738	986.01620	1142.59008	-2.78750	797.34538	1135.23386	23.03728	698.72053	1221.71143	26.02181	141.36807	1255.32210	13.59068	960.47988	1201.93672	-181.91990	455.68026	1257.71991	152.74136	477.42015	1132.26629	-175.70174	232.87886	1278.31723	140.05270	262.42194	
579	5.780	1258.13478	63.61903	645.74618	1251.20049	-110.35158	673.64158	1370.82998	29.84048	422.89336	1332.08281	78.19779	368.41920	1269.86812	71.95394	107.41946	1287.12338	3.41518	119.51182	1323.78796	45.61950	98.84001	1208.93575	-56.95714	379.81905	1162.42045	-112.08246	352.60558	1097.23709	-102.57488	81.52125	1137.39534	-60.85295	72.74132	1081.55410	-37.21421	100.05169	1050.49738	-79.51940	118.59195	1142.24756	-44.65621	712.83697	1133.00478	-10.91311	985.48969	1149.70222	-1.80308	796.56702	1143.59177	24.46468	697.14635	1241.38607	25.95627	137.55291	1263.23361	13.24527	959.27632	1204.22307	-182.59780	455.62844	1271.34382	149.85025	476.63776	1132.14172	-175.56731	233.13047	1297.38355	137.60017	260.91162	
580	5.790	1267.97284	61.86320	644.62146	1256.99669	-111.76627	673.53456	1380.44107	23.63684	422.55987	1344.57157	73.76884	367.74223	1291.19352	70.90736	104.51147	1305.57983	1.83228	116.74487	1344.28328	42.82799	97.25915	1212.33652	-57.91648	379.22373	1164.81846	-112.46479	352.79876	1096.96294	-101.85587	82.12373	1137.55563	-60.59532	72.90892	1082.33591	-36.30553	100.80547	1050.87634	-78.18870	119.67428	1149.31500	-43.22505	711.71788	1140.84542	-10.17017	984.74275	1157.05944	-0.74965	795.60729	1152.26981	25.84349	695.50419	1260.02699	25.81143	133.51017	1271.14945	12.99346	957.98987	1206.83479	-183.23847	455.55418	1284.96265	146.73494	475.64766	1132.30536	-175.38917	233.41898	1315.69837	134.96186	259.12817	
581	5.800	1278.02536	60.04264	643.38009	1263.12357	-113.19176	673.33967	1389.45153	17.29484	421.50817	1356.35811	69.26160	366.54795	1311.15686	69.66277	101.43641	1322.68784	0.12341	113.67882	1363.34707	39.91471	95.38247	1216.14182	-58.84191	378.57534	1167.64672	-112.81011	352.95517	1096.82183	-101.19137	82.80094	1137.79915	-60.36595	73.08765	1083.23169	-35.45935	101.63002	1051.43288	-76.94136	120.87689	1156.73048	-41.88677	710.55378	1148.67736	-9.23999	983.79984	1164.68886	0.32532	794.49435	1161.26350	27.12198	693.84500	1277.42066	25.48845	129.29349	1279.07326	12.84882	956.66046	1209.84262	-183.85744	455.44550	1298.45309	143.45443	474.45486	1132.84541	-175.19268	233.74923	1333.02250	132.14406	257.06153	
582	5.810	1288.25932	58.18211	642.06917	1269.62894	-114.62882	673.05017	1397.88861	10.98928	419.79919	1367.39066	64.78328	364.87269	1329.47843	68.17867	98.21726	1338.27061	-1.73484	110.37757	1380.75647	36.89415	93.23408	1220.42416	-59.73936	377.86777	1170.97942	-113.12608	353.06060	1096.86663	-100.61099	83.56440	1138.16440	-60.18178	73.27766	1084.28033	-34.70731	102.54019	1052.21973	-75.81849	122.21828	1164.51274	-40.70120	709.37326	1156.50539	-8.12202	982.68974	1172.61105	1.36947	793.26049	1170.55491	28.24750	692.22135	1293.35816	24.92060	124.97973	1287.00941	12.82126	955.32812	1213.31918	-184.46575	455.28619	1311.68165	140.08300	473.06927	1133.84954	-175.00047	234.12289	1349.13106	129.17987	254.72098	
583	5.820	1298.63092	56.31383	640.74023	1276.55399	-116.07301	672.65773	1405.78994	4.89962	417.52196	1377.63304	60.44990	362.77779	1345.90777	66.45648	94.89851	1352.17390	-3.73204	106.92751	1396.31849	33.81299	90.86055	1225.25202	-60.60993	377.09208	1174.88740	-113.41701	353.09759	1097.15142	-100.13922	84.42364	1138.69031	-60.05577	73.47682	1085.52381	-34.07569	103.54766	1053.29187	-74.85435	123.71397	1172.66923	-39.72825	708.20536	1164.33509	-6.82436	981.44535	1180.83836	2.32741	791.94216	1180.11305	29.16799	690.68692	1307.65261	24.08189	120.66425	1294.96245	12.91650	954.03193	1217.33607	-185.06987	455.05682	1324.51078	136.70931	471.51144	1135.40065	-174.83173	234.53805	1363.82732	126.13113	252.13843	
584	5.830	1309.08682	54.47612	639.44831	1283.93102	-117.51442	672.15366	1413.19869	-0.79739	414.79051	1387.06403	56.38218	360.34904	1360.24789	64.54323	91.54411	1364.28194	-5.82124	103.43168	1409.88835	30.74899	88.32838	1230.68628	-61.45081	376.23753	1179.43447	-113.68457	353.04676	1097.73091	-99.79399	85.38578	1139.41531	-59.99592	73.68070	1087.00698	-33.58424	104.66064	1054.70625	-74.07456	125.37568	1181.19525	-39.02536	707.07926	1172.17238	-5.36398	980.10333	1189.37349	3.14288	790.57960	1189.89495	29.83397	689.29547	1320.15798	22.99246	116.45449	1302.93664	13.13566	952.80901	1221.96090	-185.67175	454.73619	1336.80565	133.43389	469.81700	1137.57324	-174.70165	234.98915	1376.95718	123.08738	249.36920	
585	5.840	1319.56613	52.71161	638.25040	1291.78127	-118.93777	671.53041	1420.15854	-5.93502	411.73820	1395.67600	52.70063	357.69340	1372.37787	62.52885	88.23300	1374.53191	-7.92066	100.00251	1421.38578	27.80547	85.71919	1236.77724	-62.25626	375.29282	1184.67432	-113.92842	352.88837	1098.65992	-99.58600	86.45511	1140.37664	-60.00483	73.88302	1088.77731	-33.24568	105.88381	1056.52159	-73.49525	127.21065	1190.07371	-38.64460	706.02366	1180.02299	-3.76663	978.70348	1198.20856	3.76120	789.21626	1199.84741	30.20096	688.09919	1330.78688	21.71923	112.46226	1310.93539	13.47507	951.69350	1227.25416	-186.26913	454.30321	1348.44118	130.36487	468.03904	1140.43081	-174.62128	235.46712	1388.42283	120.16145	246.48980	
586	5.850	1330.00291	51.06503	637.20324	1300.11297	-120.32282	670.78292	1426.70889	-10.36389	408.50965	1403.47333	49.51993	354.93283	1382.27019	60.53801	85.05248	1382.92467	-9.92012	96.75340	1430.80652	25.10178	83.12291	1243.56273	-63.01874	374.24745	1190.64842	-114.14692	352.60380	1099.99295	-99.51889	87.63273	1141.60998	-60.08011	74.07642	1090.88431	-33.06598	107.21853	1058.79790	-73.12330	129.22114	1199.27531	-38.62926	705.06581	1187.89202	-2.06634	977.28789	1207.32456	4.13194	787.89756	1209.90948	30.23216	687.14655	1339.52404	20.37119	108.79524	1318.96080	13.92624	950.71568	1233.26622	-186.85595	453.73899	1359.30889	127.61192	466.24737	1144.02438	-174.59767	235.95989	1398.19300	117.48167	243.59270	
587	5.860	1340.32916	49.58070	636.36047	1308.91972	-121.64524	669.90977	1432.88121	-13.95924	405.25126	1410.47073	46.94254	352.19580	1389.99896	58.71678	82.09011	1389.52969	-11.69200	93.79014	1438.22702	22.76067	80.62988	1251.06718	-63.72992	373.09305	1197.38477	-114.33772	352.17699	1101.78356	-99.59019	88.91649	1143.14939	-60.21544	74.25372	1093.37869	-33.04521	108.66339	1061.59569	-72.95750	131.40413	1208.75942	-39.01056	704.23025	1195.78344	-0.30451	975.89964	1216.69154	4.21170	786.66928	1220.01528	29.90130	686.47959	1346.43290	19.08901	105.54844	1327.01335	14.47604	949.90107	1240.03447	-187.42297	453.02896	1369.32299	125.27885	464.52472	1148.39224	-174.63440	236.45320	1406.30796	115.18119	240.77850	
588	5.870	1350.47802	48.29983	635.76939	1318.17947	-122.87786	668.91416	1438.69672	-16.62767	402.10103	1416.69181	45.05210	349.60755	1395.73673	57.21566	79.42491	1394.48281	-13.10555	91.20267	1443.80079	20.89446	78.32266	1259.30152	-64.38157	371.82466	1204.89767	-114.49830	351.59569	1104.08364	-99.79310	90.30128	1145.02750	-60.40236	74.40958	1096.31109	-33.17913	110.21502	1064.97455	-72.99071	133.75155	1218.47539	-39.80449	703.53742	1203.69974	1.47139	974.58129	1226.26949	3.96682	785.57544	1230.09730	29.19531	686.13110	1351.65323	18.02946	102.79639	1335.09156	15.10707	949.26966	1247.58092	-187.95845	452.16498	1378.42520	123.45569	462.95986	1153.56066	-174.73226	236.93178	1412.87699	113.38556	238.14626	
589	5.880	1360.38706	47.25798	635.46755	1327.85424	-123.99224	667.80441	1444.16578	-18.31314	399.17884	1422.16771	43.90693	347.27985	1399.73886	56.17105	77.11920	1397.97652	-14.04292	89.05819	1447.74628	19.59175	76.26885	1268.26401	-64.96630	370.44184	1213.18829	-114.62636	350.85255	1106.94226	-100.11865	91.77992	1147.27590	-60.63256	74.54248	1099.73050	-33.46094	111.86925	1068.99117	-73.21237	136.25100	1228.36449	-41.00927	703.00226	1211.64167	3.20960	973.37311	1236.00987	3.37591	784.65598	1240.08970	28.11652	686.12195	1355.38943	17.34621	100.58686	1343.19192	15.79820	948.83522	1255.91023	-188.44909	451.14705	1386.58793	122.21096	461.63877	1159.54533	-174.89016	237.38087	1418.06779	112.19996	235.78320	
590	5.890	1370.00129	46.48270	635.47963	1337.89075	-124.96045	666.59410	1449.28886	-19.00159	396.57836	1426.93583	43.53440	345.30196	1402.31734	55.68757	75.21229	1400.24396	-14.41465	87.39618	1450.32757	18.90668	74.51573	1277.94147	-65.47791	368.94968	1222.24582	-114.72010	349.94598	1110.40431	-100.55810	93.34476	1149.92582	-60.90040	74.65691	1103.68258	-33.88327	113.62227	1073.69674	-73.61116	138.88704	1238.36231	-42.60394	702.63313	1219.60794	4.85622	972.31120	1245.85774	2.43181	783.94431	1249.93158	26.68409	686.45891	1357.89084	17.16926	98.93694	1351.30884	16.52533	948.60486	1265.00857	-188.88092	449.98454	1393.81526	121.58531	460.63510	1166.35308	-175.10591	237.78803	1422.08815	111.69751	233.75542	
591	5.900	1379.27571	45.99166	635.81505	1348.22202	-125.75703	665.30178	1454.05880	-18.72346	394.36151	1431.03869	43.92681	343.73365	1403.80796	55.82390	73.71693	1401.53879	-14.17249	86.22604	1451.83068	18.85211	73.08751	1288.31090	-65.91163	367.35960	1232.04919	-114.77831	348.88077	1114.50880	-101.10507	94.98977	1153.00901	-61.20535	74.76533	1108.20787	-34.43971	115.47191	1079.13392	-74.17714	141.64294	1248.40147	-44.54819	702.43100	1227.59520	6.35758	971.42573	1255.75444	1.14281	783.46509	1259.56975	24.93416	687.13342	1359.42707	17.58592	97.83211	1359.43481	17.26229	948.57874	1274.84342	-189.24039	448.69682	1400.14172	121.58728	460.00140	1173.98345	-175.37693	238.14518	1425.16246	111.91027	232.10133	
592	5.910	1388.17711	45.79146	636.46648	1358.76990	-126.36071	663.95019	1458.46393	-17.55331	392.55603	1434.52261	45.03982	342.60136	1404.53632	56.58409	72.61921	1402.11420	-13.31761	85.52765	1452.53895	19.39755	71.98526	1299.34123	-66.26411	365.68996	1242.56894	-114.80046	347.66850	1119.28702	-101.75707	96.71285	1156.55880	-61.55391	74.88973	1113.34036	-35.12592	117.41849	1085.33372	-74.90293	144.50277	1258.41461	-46.78389	702.38934	1235.59796	7.66296	970.73932	1265.64041	-0.46706	783.23246	1268.96092	22.91869	688.12154	1360.26255	18.62640	97.22846	1367.56056	17.98190	948.75013	1285.36458	-189.51547	447.31298	1405.62861	122.19186	459.76267	1182.42966	-175.70069	238.45054	1427.50661	112.82418	230.82883	
593	5.920	1396.68504	45.87722	637.40984	1369.44850	-126.75603	662.56513	1462.49151	-15.60627	391.15674	1437.43631	46.79370	341.89804	1404.78842	57.91559	71.88182	1402.20406	-11.90290	85.25474	1452.71111	20.47183	71.18952	1310.99498	-66.53336	363.96638	1253.76908	-114.78676	346.32763	1124.76097	-102.51608	98.51790	1160.61120	-61.96083	75.06219	1119.10650	-35.93985	119.46514	1092.31269	-75.78364	147.45314	1268.33737	-49.23822	702.49456	1243.60866	8.72721	970.26591	1275.45811	-2.35901	783.24892	1278.07310	20.70280	689.38525	1360.63425	20.25644	97.05793	1375.67535	18.65703	949.10571	1296.50621	-189.69669	445.87085	1410.35845	123.34211	459.91326	1191.67869	-176.07487	238.71040	1429.30577	114.37855	229.91673	
594	5.930	1404.79174	46.23303	638.60563	1380.16829	-126.93439	661.17399	1466.13104	-13.03076	390.12991	1439.82962	49.07793	341.58656	1404.79007	59.71430	71.44990	1402.00869	-10.02901	85.34077	1452.56500	21.97021	70.66474	1323.22981	-66.71875	362.22166	1265.60869	-114.73831	344.88332	1130.94216	-103.38813	100.41600	1165.20605	-62.44917	75.32418	1125.52491	-36.88112	121.61721	1100.07099	-76.81552	150.48440	1278.11126	-51.82828	702.72710	1251.61788	9.51327	970.01012	1285.15465	-4.48144	783.50509	1286.88612	18.36066	690.87498	1360.73582	22.37856	97.23582	1383.76737	19.26189	949.62623	1308.18986	-189.77820	444.41510	1414.42789	124.95381	460.41766	1201.71052	-176.49725	238.94029	1430.69881	116.47057	229.31987	
595	5.940	1412.50126	46.83324	640.00167	1390.84054	-126.89460	659.80413	1469.37729	-9.99806	389.42033	1441.75242	51.75888	341.60624	1404.69754	61.83592	71.25859	1401.68665	-7.83450	85.70646	1452.26839	23.76462	70.36494	1335.99990	-66.82114	360.49521	1278.04321	-114.65730	343.36696	1137.83144	-104.38176	102.42514	1170.38795	-63.04906	75.72419	1132.60688	-37.94962	123.88065	1108.59171	-77.99351	153.59057	1287.68614	-54.46682	703.06302	1259.61462	9.99435	969.96712	1294.68396	-6.77312	783.98037	1295.39121	15.97043	692.53316	1360.70979	24.84189	97.66966	1391.82406	19.77303	950.28747	1320.32831	-189.75865	442.99486	1417.93998	126.92264	461.21502	1212.49691	-176.96540	239.16529	1431.77197	118.96431	228.97682	
596	5.950	1419.82776	47.64447	641.53692	1401.38180	-126.64276	658.48128	1472.23257	-6.68927	388.95982	1443.25386	54.68985	341.88134	1404.59897	64.11190	71.24079	1401.35258	-5.48150	86.26800	1451.93711	25.71610	70.23956	1349.25711	-66.84330	358.83204	1291.02550	-114.54734	341.81530	1145.41998	-105.50576	104.56806	1176.20677	-63.79521	76.31372	1140.35771	-39.14363	126.25937	1117.84210	-79.30828	156.76792	1297.02223	-57.06847	703.47586	1267.58661	10.15560	970.12323	1304.00830	-9.16708	784.64446	1303.58988	13.60852	694.29842	1360.64752	27.45929	98.26808	1399.83258	20.17049	951.06139	1332.82984	-189.64174	441.66089	1420.99657	129.13301	462.22666	1223.99992	-177.47645	239.41922	1432.56194	121.70331	228.81870	
597	5.960	1426.79326	48.62808	643.14598	1411.71800	-126.19160	657.22797	1474.70849	-3.28125	388.67593	1444.38223	57.72260	342.33036	1404.52475	66.36805	71.33403	1401.08015	-3.13856	86.94498	1451.63944	27.68780	70.23881	1362.95203	-66.79050	357.28110	1304.50647	-114.41385	340.26938	1153.69162	-106.76633	106.86826	1182.71761	-64.72328	77.14183	1148.77867	-40.45782	128.75184	1127.77654	-80.74350	160.01205	1306.09130	-59.55583	703.93865	1275.52084	9.99500	970.45703	1313.09911	-11.59494	785.45954	1311.49210	11.34401	696.10975	1360.59570	30.02925	98.94867	1407.78025	20.43862	951.91746	1345.60252	-189.43658	440.46261	1423.69182	131.46763	463.36525	1236.17097	-178.02678	239.74264	1433.06671	124.52522	228.77755	
598	5.970	1433.42509	49.74291	644.76387	1421.78778	-125.55931	656.06237	1476.82677	0.06704	388.49967	1445.18505	60.71887	342.87470	1404.46357	68.44323	71.48556	1400.90862	-0.96306	87.66690	1451.40480	29.55726	70.31777	1377.03484	-66.67121	355.89338	1318.43559	-114.26440	338.77310	1162.62646	-108.16431	109.34441	1189.97992	-65.86540	78.24876	1157.86938	-41.88157	131.34745	1138.34145	-82.27387	163.31397	1314.87720	-61.86478	704.42564	1283.40407	9.52352	970.94088	1321.93701	-13.99130	786.38302	1319.11418	9.23371	697.91038	1360.56688	32.35962	99.64384	1415.65495	20.56668	952.82410	1358.55839	-189.15748	439.44551	1426.10732	133.81668	464.54435	1248.95092	-178.61197	240.17967	1433.26138	127.27658	228.79326	
599	5.980	1439.75344	50.94788	646.33043	1431.54480	-124.76809	654.99747	1478.61937	3.22590	388.37139	1445.70943	63.56061	343.44576	1404.38051	70.20598	71.65516	1400.85113	0.91463	88.37786	1451.23484	31.22644	70.43916	1391.45597	-66.49766	354.71972	1332.76120	-114.10889	337.37174	1172.20524	-109.69295	112.00413	1198.05572	-67.24550	79.65967	1167.63014	-43.39797	134.02338	1149.48121	-83.86481	166.65575	1323.37530	-63.94831	704.91367	1291.22335	8.76441	971.54290	1330.51131	-16.29764	787.37039	1326.47635	7.31856	699.65079	1360.55173	34.28951	100.30408	1423.44566	20.54921	953.75003	1371.61704	-188.82342	438.64885	1428.30920	136.08552	465.68691	1262.27166	-179.22693	240.77392	1433.11545	129.82614	228.81841	
600	5.990	1445.80908	52.20436	647.79405	1440.95880	-123.84260	654.04078	1480.12768	6.10253	388.24427	1446.00233	66.15771	343.98964	1404.23423	71.56674	71.81583	1400.90329	2.40316	89.03884	1451.11465	32.62872	70.57452	1406.16674	-66.28607	353.80871	1347.43106	-113.95946	336.11029	1182.41376	-111.33651	114.83812	1207.00681	-68.87495	81.37936	1178.06370	-44.98380	136.74266	1161.14457	-85.47394	170.00692	1331.59132	-65.77871	705.38313	1298.96670	7.75170	972.22899	1338.81885	-18.46550	788.37809	1333.60056	5.62155	701.29065	1360.53080	35.70665	100.89871	1431.14282	20.38599	954.66554	1384.70863	-188.45692	438.10420	1430.34746	138.20017	466.73173	1276.05923	-179.86604	241.56391	1432.60861	132.07501	228.82065	
601	6.000	1451.62163	53.47784	649.11441	1450.01538	-122.80861	653.19448	1481.40091	8.64415	388.08558	1446.11080	68.45232	344.46930	1403.99071	72.48447	71.95266	1401.05070	3.45696	89.62778	1451.02276	33.73187	70.70414	1421.11977	-66.05617	353.20484	1362.39304	-113.83005	335.03192	1193.24649	-113.07015	117.81609	1216.89130	-70.74932	83.38923	1189.17612	-46.61048	139.45413	1173.29019	-87.05424	173.32238	1339.53928	-67.34778	705.81820	1306.62361	6.52798	972.96496	1346.86270	-20.45860	789.36601	1340.50847	4.14761	702.79972	1360.48423	36.55770	101.41438	1438.73876	20.08176	955.54359	1397.77598	-188.08260	437.83463	1432.25721	140.11022	467.63725	1290.23836	-180.52350	242.57865	1431.74259	133.96259	228.78285	
602	6.010	1457.21836	54.73906	650.26396	1458.71468	-121.69184	652.45599	1482.49379	10.83629	387.87596	1446.08212	70.41943	344.86440	1403.63207	72.96686	72.06054	1401.27494	4.07710	90.13779	1450.93883	34.53710	70.81612	1436.26928	-65.83010	352.94707	1377.59607	-113.73541	334.17645	1204.70851	-114.86112	120.88539	1227.75953	-72.84671	85.64694	1200.97648	-48.24592	142.09464	1185.89040	-88.55857	176.54272	1347.23905	-68.66531	706.20677	1314.18561	5.14171	973.71851	1354.65058	-22.25387	790.29956	1347.21991	2.88507	704.15765	1360.39844	36.85042	101.85193	1446.22809	19.64553	956.36066	1410.77596	-187.72539	437.85464	1434.06180	141.78881	468.38255	1304.73751	-181.19341	243.83390	1430.54772	135.46792	228.70140	
603	6.020	1462.62368	55.96430	651.22834	1467.06906	-120.51724	651.81888	1483.46391	12.69692	387.60741	1445.96381	72.06379	345.16928	1403.16028	73.06445	72.14143	1401.55755	4.30626	90.57392	1450.84853	35.07429	70.90487	1451.57127	-65.63046	353.06789	1392.99125	-113.68983	333.57917	1216.81542	-116.67107	123.97309	1239.65010	-75.12820	88.08939	1213.47543	-49.85697	144.59334	1198.93269	-89.94459	179.59706	1354.71364	-69.75612	706.53996	1321.64677	3.64419	974.46094	1362.19344	-23.84135	791.15112	1353.75183	1.80861	705.35310	1360.26974	36.64763	102.22243	1453.60791	19.08971	957.09740	1423.67980	-187.40859	438.17074	1435.77707	143.23028	468.96596	1319.49393	-181.86989	245.32977	1429.08388	136.60639	228.58323	
604	6.030	1467.85923	57.13516	652.00567	1475.10016	-119.30863	651.27396	1484.36880	14.26760	387.28068	1445.80351	73.41401	345.38975	1402.59607	72.85978	72.20167	1401.88235	4.21914	90.94933	1450.74577	35.39452	70.96941	1466.98345	-65.47798	353.59288	1408.53307	-113.70552	333.26988	1229.59098	-118.45926	126.99144	1252.58631	-77.54047	90.63840	1226.68289	-51.41201	146.87773	1212.41852	-91.17927	182.40843	1361.98663	-70.65609	706.81143	1329.00398	2.08657	975.16850	1369.50416	-25.22322	791.90094	1360.11796	0.88316	706.38232	1360.10507	36.05449	102.54305	1460.87810	18.42908	957.73901	1436.47245	-187.15202	438.78247	1437.41630	144.44587	469.40158	1334.45756	-182.54698	247.05018	1427.43621	137.42280	228.44220	
605	6.040	1472.94438	58.23778	652.60503	1482.83582	-118.08868	650.81042	1485.26333	15.60317	386.90245	1445.64857	74.51475	345.53948	1401.97450	72.45363	72.24987	1402.23643	3.90985	91.28140	1450.63267	35.56087	71.01187	1482.46504	-65.38894	354.54070	1424.18038	-113.79103	333.27232	1243.06294	-120.18618	129.84591	1266.57353	-80.02029	93.20852	1240.60542	-52.88337	148.88026	1226.36001	-92.24202	184.90058	1369.07988	-71.40778	707.01681	1336.25728	0.51692	975.82328	1376.59656	-26.41203	792.53733	1366.32888	0.06813	707.24763	1359.92061	35.20127	102.83340	1468.04133	17.67960	958.27539	1449.15082	-186.97039	439.68368	1438.99469	145.45837	469.71478	1349.59315	-183.21862	248.96433	1425.70696	137.98178	228.29545	
606	6.050	1477.89713	59.26183	653.04441	1490.30697	-116.87904	650.41696	1486.19740	16.76156	386.48294	1445.54545	75.41824	345.63636	1401.33845	71.95042	72.29533	1402.61013	3.47836	91.58827	1450.51796	35.63904	71.03627	1497.97614	-65.37307	355.92327	1439.89686	-113.94984	333.60388	1257.25785	-121.81705	132.44479	1281.59791	-82.50044	95.71555	1255.24381	-54.24920	150.54477	1240.77526	-93.12607	187.00532	1376.01199	-72.05607	707.15317	1343.40994	-1.02219	976.41369	1383.48474	-27.42851	793.05644	1372.39275	-0.67829	707.95594	1359.73906	34.22469	103.11270	1475.10314	16.85726	958.70111	1461.72099	-186.87218	440.86389	1440.53300	146.29652	469.93721	1364.88032	-183.87849	251.03016	1424.00509	138.35716	228.16032	
607	6.060	1482.73501	60.19942	653.34827	1497.54509	-115.70059	650.08269	1487.21431	17.79522	386.03390	1445.53863	76.17646	345.69957	1400.73183	71.44509	72.34726	1402.99669	3.01802	91.88632	1450.41447	35.68897	71.04757	1513.47704	-65.43202	357.74611	1455.65079	-114.17942	334.27562	1272.19564	-123.32486	134.70856	1297.62645	-84.91623	98.08455	1270.59141	-55.49474	151.83136	1255.68321	-93.83781	188.66897	1382.79739	-72.64433	707.21875	1350.46840	-2.49565	976.93444	1390.18272	-28.29912	793.46152	1378.31625	-1.39552	708.51746	1359.58632	33.25066	103.39795	1482.07176	15.97703	959.01517	1474.19438	-186.85925	442.30943	1442.05947	146.98990	470.10211	1380.31148	-184.52014	253.19932	1422.43542	138.62172	228.05210	
608	6.070	1487.47609	61.04407	653.54518	1504.58024	-114.57361	649.79790	1488.34982	18.74494	385.56732	1445.66939	76.83484	345.74724	1400.19372	71.01319	72.41446	1403.39175	2.60587	92.18862	1450.33652	35.75852	71.05111	1528.92709	-65.55905	360.00845	1471.41382	-114.47105	335.29241	1287.88505	-124.69242	136.57760	1314.60849	-87.21149	100.25627	1286.63336	-56.61281	152.71930	1271.09899	-94.39446	189.85694	1389.44633	-73.21136	707.21292	1357.44217	-3.87712	977.38605	1396.70439	-29.05369	793.76187	1384.10587	-2.11763	708.94471	1359.48827	32.38094	103.70307	1488.95796	15.05195	959.22055	1486.58324	-186.92703	444.00424	1443.60990	147.56499	470.24043	1395.88799	-185.13709	255.42277	1421.08907	138.83872	227.98277	
609	6.080	1492.13962	61.79000	653.66546	1511.43985	-113.51766	649.55453	1489.63182	19.63671	385.09443	1445.97449	77.42810	345.79504	1399.75433	70.70515	72.50529	1403.79294	2.29662	92.50439	1450.29758	35.87985	71.05227	1544.28365	-65.73980	362.70313	1487.15899	-114.81031	336.65309	1304.32058	-125.91330	138.01704	1332.47851	-89.34341	102.19096	1303.34679	-57.60363	153.20728	1287.03034	-94.82078	190.55563	1395.96557	-73.78929	707.13625	1364.34347	-5.14970	977.77414	1403.06370	-29.72315	793.97158	1389.76912	-2.87158	709.25176	1359.46807	31.68519	104.03887	1495.77477	14.09246	959.32371	1498.89604	-187.06562	445.93027	1445.22592	148.04262	470.37820	1411.61541	-185.72310	257.65612	1420.03654	139.05614	227.96070	
610	6.090	1496.74650	62.43167	653.73917	1518.14842	-112.55139	649.34635	1491.08054	20.48151	384.62531	1446.48485	77.97852	345.85558	1399.43312	70.54515	72.62788	1404.19974	2.12068	92.83932	1450.30868	36.06860	71.05624	1559.50096	-65.95423	365.81600	1502.85799	-115.17837	338.35030	1321.48148	-126.99164	139.01804	1351.15969	-91.28528	103.86939	1320.70163	-58.47419	153.31129	1303.47545	-95.14551	190.77140	1402.35976	-74.40253	706.99066	1371.18692	-6.30591	978.10825	1409.27497	-30.33772	794.10812	1395.31571	-3.67631	709.45359	1359.54415	31.19878	104.41352	1502.53708	13.10593	959.33393	1511.13312	-187.26129	448.06712	1446.95197	148.43702	470.53499	1427.49856	-186.27261	259.86348	1419.32433	139.30406	227.99106	
611	6.100	1501.31940	62.96377	653.79446	1524.72775	-111.69191	649.16886	1492.70925	21.27740	384.16855	1447.22454	78.49633	345.93835	1399.23891	70.53375	72.79011	1404.61344	2.08594	93.19646	1450.37749	36.32544	71.06799	1574.52944	-66.17927	369.32485	1518.47834	-115.55390	340.37008	1339.33271	-127.94086	139.59545	1370.56809	-93.02688	105.29108	1338.66168	-59.23730	153.06055	1320.42228	-95.39841	190.52704	1408.63312	-75.06759	706.77951	1377.98896	-7.34716	978.40059	1415.35328	-30.92542	794.19083	1400.75845	-4.54293	709.56553	1359.72905	30.92587	104.83342	1509.26127	12.09650	959.26255	1523.28361	-187.49840	450.39137	1448.83152	148.75609	470.72370	1443.53705	-186.78113	262.01920	1418.97494	139.59506	228.07660	
612	6.110	1505.88265	63.38141	653.85635	1531.19784	-110.95412	649.01897	1494.52526	22.01343	383.73121	1448.21022	78.98185	346.05010	1399.17168	70.65348	72.99960	1405.03720	2.18213	93.57740	1450.50830	36.63954	71.09213	1589.31529	-66.39189	373.19795	1533.98086	-115.91528	342.69099	1357.82753	-128.78166	139.78232	1390.61656	-94.57278	106.47015	1357.18553	-59.91042	152.49215	1337.84894	-95.60836	189.85625	1414.79130	-75.79373	706.50748	1384.76739	-8.28282	978.66470	1421.31486	-31.51110	794.23951	1406.11386	-5.47550	709.60268	1360.02912	30.84628	105.30404	1515.96473	11.06517	959.12222	1535.32387	-187.76139	452.87542	1450.90338	149.00276	470.95122	1459.72215	-187.24594	264.10698	1418.98954	139.92714	228.21872	
613	6.120	1510.46194	63.68061	653.94574	1537.57803	-110.34984	648.89440	1496.53113	22.67418	383.31874	1449.45109	79.42871	346.19538	1399.22508	70.87579	73.26348	1405.47613	2.38697	93.98333	1450.70245	36.99293	71.13285	1603.80077	-66.57186	377.39218	1549.31800	-116.24292	345.28280	1376.91088	-129.53959	139.62246	1411.21808	-95.93885	107.42955	1376.22691	-60.51461	151.64520	1355.72484	-95.80275	188.79715	1420.84314	-76.58412	706.18025	1391.54074	-9.12892	978.91402	1427.17747	-32.11584	794.27301	1411.40245	-6.47255	709.57926	1360.44477	30.92434	105.83069	1522.66543	10.01004	958.92610	1547.21824	-188.03639	455.48626	1453.19875	149.17683	471.21971	1476.03527	-187.66668	266.11653	1419.35261	140.28803	228.41832	
614	6.130	1515.08395	63.85887	654.07893	1543.88822	-109.88712	648.79295	1498.72605	23.24426	382.93493	1450.94949	79.82728	346.37719	1399.38934	71.16806	73.58805	1405.93707	2.67239	94.41597	1450.95915	37.36501	71.19386	1617.92529	-66.70405	381.85119	1564.43326	-116.52132	348.10512	1396.52284	-130.24253	139.16212	1432.28786	-97.14795	108.19457	1395.73442	-61.07346	150.55536	1374.01203	-96.00792	187.38596	1426.80210	-77.43731	705.80386	1398.32765	-9.90677	979.16064	1432.96066	-32.75679	794.30796	1416.64868	-7.52864	709.50784	1360.97147	31.11794	106.41886	1529.38136	8.92682	958.68710	1558.92177	-188.31246	458.18443	1455.73954	149.27693	471.52805	1492.44795	-188.04613	268.03861	1420.03738	140.66021	228.67644	
615	6.140	1519.77600	63.91570	654.26725	1550.15008	-109.56957	648.71169	1501.10722	23.71199	382.58185	1452.70196	80.16795	346.59736	1399.65364	71.49955	73.97842	1406.42829	3.01019	94.87792	1451.27636	37.73647	71.27824	1631.62708	-66.77960	386.50386	1579.26205	-116.74065	351.10587	1416.60107	-130.91853	138.44216	1453.74395	-98.22549	108.78646	1415.65041	-61.61223	149.25027	1392.66622	-96.25043	185.65165	1432.68716	-78.34877	705.38394	1405.14625	-10.64146	979.41408	1438.68593	-33.44734	794.35762	1421.88062	-8.63613	709.39863	1361.60105	31.38628	107.07425	1536.13007	7.80935	958.41719	1570.38490	-188.58204	460.92338	1458.53808	149.30225	471.87321	1508.92323	-188.39074	269.85933	1421.01116	141.02533	228.99451	
616	6.150	1524.56581	63.85311	654.51687	1556.38789	-109.39611	648.64619	1503.67128	24.07183	382.25967	1454.70085	80.44349	346.85676	1400.00788	71.84538	74.43816	1406.95882	3.37607	95.37265	1451.65153	38.09218	71.38841	1644.84562	-66.79608	391.26330	1593.73394	-116.89763	354.22034	1437.08173	-131.59412	137.49186	1475.50600	-99.19581	109.21707	1435.90919	-62.15715	147.74645	1411.63696	-96.55839	183.61225	1438.52323	-79.31239	704.92478	1412.01359	-11.36053	979.68041	1444.37690	-34.19745	794.43098	1427.12938	-9.78664	709.25870	1362.32320	31.69522	107.80238	1542.92818	6.65028	958.12678	1581.55938	-188.84081	463.64961	1461.59825	149.25385	472.25123	1525.41767	-188.71096	271.55514	1422.23984	141.36766	229.37427	
617	6.160	1529.48135	63.67576	654.82878	1562.62900	-109.36103	648.58991	1506.41577	24.32532	381.96642	1456.93629	80.65050	347.15524	1400.44348	72.18848	74.96910	1407.53759	3.75181	95.90408	1452.08211	38.42267	71.52599	1657.52457	-66.75652	396.02711	1607.77619	-116.99566	357.37095	1457.89829	-132.29317	136.32506	1497.49231	-100.07972	109.48520	1456.43452	-62.73480	146.04788	1430.86685	-96.96249	181.27348	1444.34096	-80.32158	704.42849	1418.94505	-12.09267	979.96147	1450.05924	-35.01415	794.53203	1432.42845	-10.97223	709.09139	1363.12705	32.01997	108.60805	1549.79091	5.44163	957.82431	1592.40458	-189.08688	466.30353	1464.91746	149.13528	472.65764	1541.88358	-189.02114	273.08961	1423.69125	141.67602	229.81729	
618	6.170	1534.55070	63.39099	655.19879	1568.90386	-109.45439	648.53376	1509.34044	24.48072	381.69778	1459.39833	80.78964	347.49126	1400.95346	72.51945	75.57132	1408.17256	4.12567	96.47590	1452.56571	38.72439	71.69174	1669.61493	-66.66766	400.67889	1621.31810	-117.04422	360.46810	1478.97820	-133.03647	134.93907	1519.61542	-100.89360	109.57504	1477.13678	-63.37152	144.14632	1450.28931	-97.49611	178.62945	1450.17596	-81.37015	703.89434	1425.95382	-12.86666	980.25449	1455.76065	-35.90211	794.65930	1437.81291	-12.18609	708.89592	1364.00245	32.34523	109.49469	1556.73163	4.17547	957.51593	1602.89317	-189.31970	468.82116	1468.48935	148.95265	473.08739	1558.27058	-189.33890	274.41270	1425.33737	141.94428	230.32435	
619	6.180	1539.80207	63.00852	655.61755	1575.24552	-109.66278	648.46607	1512.44862	24.55147	381.44675	1462.07925	80.86506	347.86132	1401.53199	72.83493	76.24329	1408.86994	4.49133	97.09090	1453.10005	38.99886	71.88554	1681.07812	-66.53776	405.09148	1634.29561	-117.05761	363.41247	1500.23781	-133.84172	133.31633	1541.77660	-101.64988	109.45707	1497.90975	-64.09273	142.02341	1469.82534	-98.19433	175.66563	1456.06765	-82.45267	703.31849	1433.05047	-13.71040	980.55195	1461.51068	-36.86402	794.80573	1443.31856	-13.42281	708.66732	1364.94103	32.66341	110.46402	1563.76148	2.84435	957.20541	1613.01514	-189.53877	471.13649	1472.30671	148.71409	473.53430	1574.52609	-189.68391	275.46297	1427.15564	142.17067	230.89477	
620	6.190	1545.26356	62.53995	656.07075	1581.68865	-109.97040	648.37292	1515.74842	24.55400	381.20346	1464.97569	80.88307	348.25925	1402.17374	73.13523	76.98225	1409.63388	4.84600	97.75039	1453.68279	39.25113	72.10631	1691.88885	-66.37444	409.13193	1646.65578	-117.05334	366.09882	1521.57596	-134.72378	131.42855	1563.86015	-102.35862	109.09116	1518.62776	-64.92210	139.65426	1489.37928	-99.09179	172.36347	1462.05768	-83.56449	702.69418	1440.24259	-14.65020	980.84180	1467.34043	-37.90093	794.95887	1448.98103	-14.67813	708.39670	1365.93692	32.97178	111.51597	1570.88906	1.44179	956.89421	1622.77963	-189.74269	473.18429	1476.36438	148.42892	473.99023	1590.59458	-190.07629	276.17235	1429.12967	142.35622	231.52579	
621	6.200	1550.96288	61.99809	656.53935	1588.26831	-110.36022	648.23896	1519.25387	24.50522	380.95492	1468.09067	80.85051	348.67542	1402.87339	73.42179	77.78477	1410.46652	5.18829	98.45404	1454.31132	39.48782	72.35202	1702.03727	-66.18316	412.66798	1658.36043	-117.05029	368.42123	1542.86752	-135.69507	129.24250	1585.72819	-103.02951	108.43173	1539.14339	-65.88046	137.01236	1508.83454	-100.21967	168.70624	1468.18812	-84.70146	702.01251	1447.53454	-15.71003	981.10797	1473.28215	-39.01230	795.10140	1454.83486	-15.94840	708.07195	1366.98715	33.26944	112.64908	1578.12020	-0.03745	956.58175	1632.21405	-189.92852	474.90320	1480.66163	148.10649	474.44411	1606.41585	-190.53463	276.47295	1431.24970	142.50295	232.21225	
622	6.210	1556.92677	61.39623	656.99999	1595.01824	-110.81525	648.04856	1522.98579	24.42015	380.68495	1471.43519	80.77305	349.09600	1403.62571	73.69514	78.64744	1411.36872	5.51636	99.19995	1454.98289	39.71524	72.61971	1711.53029	-65.96649	415.57585	1669.38857	-117.06705	370.27940	1563.95795	-136.76573	126.72707	1607.21710	-103.67388	107.43430	1559.28654	-66.98453	134.07524	1528.04998	-101.60209	164.68549	1474.49952	-85.85926	701.26373	1454.92731	-16.91098	981.33123	1479.36859	-40.19591	795.21209	1460.91244	-17.22971	707.67881	1368.09210	33.55481	113.86128	1585.45773	-1.59714	956.26591	1641.36070	-190.09193	476.23867	1485.20389	147.75505	474.88107	1621.92268	-191.07401	276.30479	1433.51322	142.61210	232.94644	
623	6.220	1563.18021	60.74736	657.42566	1601.96914	-111.31974	647.78741	1526.97242	24.30981	380.37416	1475.02941	80.65375	349.50246	1404.42620	73.95377	79.56761	1412.34115	5.82671	99.98523	1455.69492	39.93777	72.90555	1720.39178	-65.72461	417.74863	1679.73723	-117.12048	371.58578	1584.66026	-137.94342	123.86044	1628.13651	-104.30600	106.06274	1578.86547	-68.24546	130.83049	1546.85816	-103.25261	160.30740	1481.02888	-87.03272	700.43901	1462.41855	-18.27063	981.49035	1485.63220	-41.44746	795.26709	1467.24296	-18.51693	707.20225	1369.25595	33.82424	115.15090	1592.90151	-3.23944	955.94356	1650.27124	-190.22794	477.14587	1490.00363	147.38059	475.28189	1637.03874	-191.70432	275.62344	1435.92598	142.68284	233.71826	
624	6.230	1569.74530	60.06344	657.78658	1609.14682	-111.86022	647.44430	1531.24958	24.17979	380.00016	1478.90322	80.49201	349.87116	1405.27255	74.19395	80.54409	1413.38575	6.11387	100.80674	1456.44574	40.15681	73.20497	1728.66163	-65.45683	419.10469	1689.42076	-117.22477	372.27260	1604.75571	-139.23273	120.63676	1648.27181	-104.94335	104.29649	1597.67049	-69.66737	127.28151	1565.06650	-105.17124	155.59830	1487.80777	-88.21498	699.53252	1470.00263	-19.80252	981.56341	1492.10405	-42.76009	795.24154	1473.85124	-19.80276	706.62810	1370.48741	34.07181	116.51776	1600.44836	-4.96483	955.61126	1658.99976	-190.33231	477.59218	1495.08042	146.98594	475.62273	1651.67750	-192.42911	274.40641	1438.50354	142.71158	234.51538	
625	6.240	1576.64003	59.35478	658.05131	1616.57056	-112.42635	647.01304	1535.86040	24.02939	379.53794	1483.09614	80.28298	350.17353	1406.16677	74.41045	81.57776	1414.50730	6.37080	101.66192	1457.23572	40.37017	73.51291	1736.39342	-65.16388	419.59526	1698.46857	-117.39101	372.29835	1623.99928	-140.63418	117.07162	1667.39077	-105.60570	102.13657	1615.48085	-71.24608	123.45226	1582.46243	-107.34240	150.60868	1494.86056	-89.39681	698.54355	1477.67091	-21.51552	981.52943	1498.81256	-44.12370	795.11142	1480.75657	-21.07692	705.94475	1371.80078	34.29029	117.96414	1608.09226	-6.77210	955.26608	1667.59562	-190.40335	477.55959	1500.46021	146.57007	475.87552	1665.74281	-193.24526	272.65770	1441.27312	142.69195	235.32351	
626	6.250	1583.87693	58.62953	658.18828	1624.25159	-113.01140	646.49426	1540.85430	23.85139	378.96057	1487.65646	80.01753	350.37655	1407.11775	74.59779	82.67202	1415.71492	6.58993	102.54968	1458.06867	40.57213	73.82417	1743.65089	-64.85057	419.21017	1706.92166	-117.62720	371.65285	1642.13038	-142.14289	113.20544	1685.25444	-106.31305	99.60989	1632.07491	-72.96809	119.39030	1598.82270	-109.73423	145.41497	1502.20293	-90.56609	697.47845	1485.41203	-23.41329	981.36993	1505.78200	-45.52443	794.85557	1487.97164	-22.32566	705.14482	1373.21723	34.47295	119.49543	1615.82450	-8.65832	954.90626	1676.09694	-190.44395	477.04669	1506.17403	146.12777	476.00875	1679.13159	-194.14347	270.40961	1444.27551	142.61531	236.12656	
627	6.260	1591.46188	57.89335	658.16740	1632.19214	-113.61255	645.89691	1546.28542	23.63228	378.24029	1492.63969	79.68257	350.44399	1408.14404	74.75168	83.83288	1417.02342	6.76442	103.47113	1458.95344	40.75373	74.13388	1750.50338	-64.52818	417.98123	1714.82833	-117.93878	370.36026	1658.88857	-143.74729	109.10453	1701.63198	-107.08293	96.77074	1647.24351	-74.81028	115.16746	1613.92709	-112.29925	140.11861	1509.84084	-91.70761	696.35214	1493.21235	-25.49372	981.07055	1513.03096	-46.94420	794.45763	1495.50155	-23.53160	704.22665	1374.76632	34.61563	121.12038	1623.63397	-10.61887	954.53191	1684.52578	-190.46338	476.07044	1512.25615	145.64954	475.98895	1691.73862	-195.10963	267.72203	1447.56641	142.47159	236.90675	
628	6.270	1599.39298	57.14918	657.96193	1640.38481	-114.23078	645.23916	1552.21027	23.35302	377.35002	1498.10611	79.26176	350.33809	1409.27637	74.87012	85.06891	1418.45438	6.88940	104.43000	1459.90547	40.90333	74.43811	1757.02037	-64.21596	415.98238	1722.23943	-118.32940	368.47958	1674.03327	-145.42821	104.85921	1716.31813	-107.92742	93.69918	1660.80534	-76.74043	110.87782	1627.57518	-114.97678	134.84195	1517.76992	-92.80323	695.18893	1501.05640	-27.74854	980.62249	1520.57082	-48.36057	793.90791	1503.34318	-24.67416	703.19532	1376.48730	34.71853	122.85090	1631.50747	-12.64742	954.14560	1692.88569	-190.47848	474.66734	1518.74210	145.12184	475.78257	1703.46327	-196.12674	264.67892	1451.21668	142.25018	237.64473	
629	6.280	1607.65993	56.39728	657.55048	1648.81262	-114.87052	644.54867	1558.68487	22.98996	376.26536	1504.11793	78.73645	350.02201	1410.55956	74.95390	86.39088	1420.03691	6.96268	105.43300	1460.94826	41.00733	74.73466	1763.26579	-63.94156	413.32641	1729.20390	-118.80190	366.10229	1687.36550	-147.15880	100.57905	1729.15177	-108.85075	90.49618	1672.62299	-78.71872	106.63252	1639.60476	-117.69672	129.72117	1525.97544	-93.83249	694.02239	1508.92740	-30.16303	980.02365	1528.40440	-49.74696	793.20480	1511.48480	-25.73033	702.06336	1378.43008	34.78726	124.70138	1639.43013	-14.73593	953.75265	1701.16193	-190.51395	472.89376	1525.66672	144.52766	475.35840	1714.21743	-197.17726	261.38277	1455.31085	141.94075	238.31979	
630	6.290	1616.24375	55.63532	656.91888	1657.44965	-115.53902	643.86187	1565.76134	22.51612	374.96702	1510.73576	78.08679	349.46275	1412.05329	75.00620	87.81115	1421.80809	6.98490	106.48981	1462.11442	41.05069	75.02385	1769.29237	-63.73982	410.15812	1735.76468	-119.35924	363.34712	1698.74879	-148.90559	96.38524	1740.03294	-109.84786	87.27582	1682.61730	-80.70053	102.55201	1649.90905	-120.38497	124.89641	1534.43295	-94.77367	692.89430	1516.80779	-32.71603	979.27940	1536.52500	-51.07348	792.35575	1519.90621	-26.67614	700.85073	1380.65549	34.83274	126.68764	1647.38578	-16.87460	953.36134	1709.32437	-190.60138	470.82497	1533.06220	143.84737	474.69021	1723.93357	-198.24552	257.94740	1459.94382	141.53373	238.91042	
631	6.300	1625.11703	54.85875	656.06187	1666.26228	-116.24548	643.22245	1573.48436	21.90263	373.44349	1518.01494	77.29292	348.63441	1413.83146	75.03148	89.34310	1423.81297	6.95892	107.61285	1463.44633	41.01759	75.30949	1775.13684	-63.65028	406.64436	1741.95564	-120.00529	360.35219	1708.12621	-150.63104	92.40098	1748.93591	-110.90456	84.15531	1690.77790	-82.64019	98.75619	1658.45026	-122.96997	120.50024	1543.10949	-95.60525	691.85257	1524.67977	-35.38024	978.40284	1544.91586	-52.30816	791.37758	1528.57931	-27.48836	699.58434	1383.23433	34.86983	128.82566	1655.35743	-19.05191	952.98280	1717.33230	-190.77704	468.55252	1540.95627	143.05989	473.75958	1732.57197	-199.31975	254.48995	1465.21555	141.02051	239.39529	
632	6.310	1634.24473	54.06124	654.98448	1675.21089	-117.00010	642.67876	1581.88771	21.12047	371.69392	1526.00172	76.33638	347.52161	1415.97965	75.03364	91.00030	1426.10417	6.88858	108.81686	1464.99606	40.89199	75.59979	1780.81651	-63.71356	402.96179	1747.79942	-120.74540	357.26520	1715.53025	-152.29738	88.74055	1755.91555	-111.99920	81.24434	1697.16749	-84.49567	95.35371	1665.26657	-125.38994	116.64566	1551.96529	-96.30766	690.94835	1532.52580	-38.12285	977.41450	1553.55033	-53.41869	790.29607	1537.46912	-28.14667	698.29691	1386.24530	34.91468	131.13010	1663.32767	-21.25463	952.63064	1725.14056	-191.07847	466.17965	1549.37025	142.14417	472.55862	1740.12568	-200.39369	251.12283	1471.22391	140.39332	239.75503	
633	6.320	1643.58535	53.23531	653.70274	1684.25193	-117.81293	642.28066	1590.99126	20.14253	369.73061	1534.72971	75.20147	346.12256	1418.59100	75.01398	92.79593	1428.74096	6.77703	110.11818	1466.82476	40.65836	75.90805	1786.32784	-63.96707	399.28343	1753.30670	-121.58660	354.23249	1721.08312	-153.87129	85.49878	1761.10557	-113.10585	78.63501	1701.91869	-86.23330	92.43188	1670.47093	-127.59996	113.41529	1560.95597	-96.86518	690.23253	1540.32914	-40.90654	976.34158	1562.39269	-54.37464	789.14482	1546.53526	-28.63583	697.02538	1389.77137	34.98128	133.61287	1671.27916	-23.46784	952.32042	1732.70593	-191.54052	463.81494	1558.31711	141.08087	471.09250	1746.62245	-201.46734	247.94636	1478.05609	139.64494	239.97473	
634	6.330	1653.09246	52.37301	652.24386	1693.34023	-118.69289	642.07575	1600.79871	18.94593	367.58100	1544.21677	73.87682	344.45168	1421.76034	74.96940	94.74210	1431.78789	6.62494	111.53377	1469.00133	40.30264	76.25311	1791.64711	-64.44084	395.76564	1758.47676	-122.53733	351.38823	1724.98660	-155.32860	82.74225	1764.70788	-114.19827	76.39398	1705.22308	-87.83184	90.04859	1674.24085	-129.57744	110.85349	1570.03490	-97.26788	689.75197	1548.07432	-43.69089	975.21659	1571.39965	-55.14974	787.96344	1555.73368	-28.94775	695.80891	1393.89512	35.07760	136.28164	1679.19513	-25.67507	952.06888	1739.99268	-192.19130	461.56469	1567.79936	139.85425	469.38130	1752.12291	-202.54684	245.04270	1485.77954	138.76860	240.04723	
635	6.340	1662.71647	51.46676	650.64547	1702.43124	-119.64679	642.10554	1611.29638	17.51471	365.28870	1554.46255	72.35697	342.54114	1425.57746	74.89103	96.84932	1435.31313	6.42886	113.07990	1471.60072	39.81345	76.65934	1796.73352	-65.15396	392.53688	1763.29917	-123.60685	348.84477	1727.50218	-156.65776	80.50360	1766.97433	-115.25393	74.55793	1707.31378	-89.28500	88.22759	1676.80078	-131.32488	108.96254	1579.15565	-97.51322	689.54589	1555.74761	-46.43393	974.07573	1580.52240	-55.72422	786.79528	1565.01856	-29.08323	694.68680	1398.69310	35.20196	139.13856	1687.05978	-27.85847	951.89307	1746.97647	-193.04877	459.52477	1577.80697	138.45399	467.46112	1756.71505	-203.64350	242.47148	1494.43319	137.75799	239.97670	
636	6.350	1672.40649	50.51002	648.95419	1711.48304	-120.67863	642.40191	1622.45336	15.84259	362.91328	1565.44689	70.64384	340.44114	1430.12011	74.76373	99.12591	1439.38661	6.18001	114.77052	1474.70182	39.18355	77.15597	1801.53410	-66.11230	389.68978	1767.75636	-124.80414	346.68548	1728.92458	-157.86119	78.78006	1768.18340	-116.25697	73.13277	1708.44426	-90.60140	86.95767	1678.39933	-132.86849	107.70376	1588.27416	-97.60718	689.64280	1563.33751	-49.09394	972.95694	1589.70922	-56.08686	785.68477	1574.34423	-29.05294	693.69632	1404.23027	35.34002	142.17909	1694.85882	-29.99907	951.80948	1753.64595	-194.11859	457.77303	1588.31540	136.87691	465.38416	1760.50543	-204.77201	240.26765	1504.02064	136.60791	239.78219	
637	6.360	1682.11205	49.49797	647.22342	1720.45801	-121.78921	642.98426	1634.22288	13.93574	360.52864	1577.12945	68.74812	338.21879	1435.44781	74.56631	101.57737	1444.07822	5.86362	116.61537	1478.38542	38.41121	77.77571	1805.99005	-67.30782	387.27744	1771.82669	-126.13655	344.96072	1729.55276	-158.95365	77.53616	1768.61550	-117.19954	72.09656	1708.86661	-91.80183	86.19594	1679.28547	-134.25246	107.00340	1597.35063	-97.56470	690.05839	1570.83516	-51.63129	971.89802	1598.90814	-56.23647	784.67480	1583.66700	-28.87766	692.87087	1410.55502	35.46307	145.39088	1702.57989	-32.07706	951.83314	1760.00194	-195.39350	456.36338	1599.28418	135.12840	463.21755	1763.60835	-205.94810	238.44136	1514.50598	135.31527	239.50023	
638	6.370	1691.78492	48.42800	645.51064	1729.32403	-122.97604	643.85771	1646.54509	11.81509	358.22003	1589.45054	66.69025	335.95540	1441.59741	74.27242	104.20547	1449.45641	5.45886	118.61780	1482.73221	37.50137	78.55249	1810.04353	-68.71959	385.31429	1775.48773	-127.60832	343.68749	1729.66312	-159.95792	76.71047	1768.53055	-118.08100	71.40530	1708.81254	-92.91402	85.87442	1679.68712	-135.52955	106.76221	1606.35087	-97.40925	690.79448	1578.23472	-54.01011	970.93480	1608.06968	-56.18275	783.80432	1592.94669	-28.58747	692.23847	1417.69594	35.52745	148.75291	1710.21299	-34.07224	951.97692	1766.05443	-196.85435	455.32229	1610.65625	133.22327	461.04082	1766.13468	-207.18587	236.98021	1525.81321	133.88035	239.18591	
639	6.380	1701.38058	47.29992	643.87430	1738.05512	-124.23364	645.01244	1659.35094	9.51795	356.07983	1602.33361	64.50085	333.74242	1448.58122	73.85167	107.00702	1455.58724	4.93928	120.77249	1487.82120	36.46600	79.51858	1813.64418	-70.31641	383.78121	1778.71940	-129.21908	342.85247	1729.48875	-160.89867	76.22493	1768.15084	-118.90543	71.00053	1708.47951	-93.96610	85.90897	1679.79541	-136.74985	106.86754	1615.24714	-97.17162	691.83927	1585.53377	-56.19969	970.09961	1617.14927	-55.94616	783.10626	1602.14796	-28.22001	691.82082	1425.66094	35.47538	152.23469	1717.75085	-35.96436	952.25095	1771.81828	-198.47258	454.64824	1622.35885	131.18602	458.94218	1768.18192	-208.49530	235.85331	1537.82955	132.30804	238.91169	
640	6.390	1710.85968	46.11592	642.37079	1746.63164	-125.55409	646.42446	1672.56672	7.09859	354.20250	1615.68907	62.22050	331.67632	1456.38827	73.27075	109.97230	1462.53413	4.27371	123.06337	1493.72842	35.32350	80.70108	1816.75465	-72.06050	382.63376	1781.50684	-130.96285	342.41786	1729.20711	-161.79609	75.99544	1767.65081	-119.67827	70.81743	1708.02317	-94.98008	86.20916	1679.75592	-137.95022	107.20580	1624.01848	-96.88788	693.16872	1592.73357	-58.17557	969.42015	1626.10918	-55.55711	782.60624	1611.24123	-27.81790	691.63291	1434.43922	35.23704	155.79559	1725.18930	-37.73364	952.66234	1777.30822	-200.21370	454.31405	1634.30585	129.05046	457.01364	1769.82706	-209.88029	235.01685	1550.41238	130.60863	238.76363	
641	6.400	1720.18914	44.88032	641.05161	1755.04012	-126.92780	648.05741	1686.11908	4.62756	352.67908	1629.41941	59.89873	329.85287	1464.98871	72.49422	113.08305	1470.35795	3.42745	125.46196	1500.52603	34.09686	82.11824	1819.35443	-73.91168	381.81202	1783.84247	-132.82752	342.32893	1728.93666	-162.66089	75.94189	1767.15399	-120.40309	70.79234	1707.55575	-95.96693	86.68764	1679.66730	-139.14679	107.67380	1632.65057	-96.59686	694.74888	1599.83924	-59.92013	968.91874	1634.91989	-55.05424	782.32181	1620.20332	-27.42573	691.68315	1444.00592	34.73370	159.38460	1732.52751	-39.36124	953.21511	1782.53439	-202.04119	454.27181	1646.40185	126.85849	455.34556	1771.12317	-211.33752	234.42046	1563.39952	128.79768	238.83487	
642	6.410	1729.34311	43.59912	639.96101	1763.27282	-128.34436	649.86539	1699.93967	2.18948	351.59199	1643.42507	57.59215	328.36136	1474.34085	71.48515	116.31060	1479.11744	2.36381	127.92662	1508.28155	32.81073	83.77621	1821.44200	-75.83161	381.25043	1785.72742	-134.79525	342.52200	1728.74137	-163.49188	75.99620	1766.73620	-121.07943	70.86870	1707.14959	-96.92428	87.26785	1679.58593	-140.33219	108.18729	1641.13544	-96.33741	696.53883	1606.85982	-61.42268	968.61210	1643.56080	-54.48209	782.26245	1629.01784	-27.08679	691.97403	1454.32898	33.88200	162.94055	1739.76815	-40.82970	953.91031	1787.49907	-203.92038	454.45940	1658.54757	124.65831	454.02100	1772.10005	-212.85647	234.01329	1576.62157	126.89479	239.21702	
643	6.420	1738.30350	42.27936	639.13441	1771.32720	-129.79334	651.79635	1713.96925	-0.12056	351.01042	1657.61067	55.36193	327.27943	1484.39975	70.20561	119.61430	1488.86920	1.04592	130.40306	1517.05697	31.48782	85.66659	1823.03496	-77.78726	380.88606	1787.17202	-136.84368	342.93183	1728.64102	-164.27659	76.10739	1766.43318	-121.70228	71.00098	1706.84385	-97.83715	87.88933	1679.53473	-141.47790	108.68598	1649.47081	-96.14573	698.49397	1613.80815	-62.67919	968.51136	1652.02031	-53.88849	782.43013	1637.67521	-26.84020	692.50301	1465.37679	32.59900	166.39318	1746.91742	-42.12346	954.74638	1792.19536	-205.82172	454.80792	1670.64628	122.50199	453.11058	1772.76841	-214.42045	233.74915	1589.91521	124.92126	239.99047	
644	6.430	1747.06032	40.92854	638.59744	1779.20531	-131.26497	653.79575	1728.16057	-2.20198	350.98695	1671.89070	53.27050	326.66889	1495.12576	68.61755	122.94108	1499.66693	-0.56108	132.82647	1526.90750	30.14527	87.76561	1824.16850	-79.75349	380.66451	1788.19553	-138.94788	343.49750	1728.62445	-164.99450	76.24334	1766.25069	-122.26296	71.15645	1706.65296	-98.68118	88.51021	1679.51382	-142.54073	109.13474	1657.65955	-96.05318	700.56913	1620.70050	-63.69164	968.62243	1660.29541	-53.32161	782.82034	1646.17248	-26.71847	693.26353	1477.12529	30.80796	169.66548	1753.98498	-43.22930	955.71959	1796.60802	-207.72309	455.24881	1682.61018	120.44264	452.66829	1773.12646	-216.00850	233.59008	1603.13565	122.89703	241.21513	
645	6.440	1755.61151	39.55405	638.36571	1786.91326	-132.75070	655.81017	1742.47985	-3.95491	351.55546	1686.19419	51.37794	326.57291	1506.49114	66.68432	126.22666	1511.55935	-2.48772	135.12547	1537.87940	28.79170	90.03505	1824.89240	-81.71439	380.54304	1788.82514	-141.08268	344.16643	1728.66312	-165.62181	76.38950	1766.17511	-122.75125	71.31497	1706.57496	-99.42761	89.10706	1679.51108	-143.47177	109.52152	1665.70892	-96.08462	702.72146	1627.55596	-64.46714	968.94652	1668.39081	-52.82712	783.42335	1654.51292	-26.74597	694.24604	1489.56259	28.44444	172.67734	1760.98353	-44.13688	956.82451	1800.71628	-209.61096	455.71995	1694.36618	118.53129	452.72879	1773.16739	-217.59787	233.50799	1616.16688	120.83741	242.92306	
646	6.450	1763.96243	38.16268	638.44505	1794.46071	-134.24346	657.79061	1756.90662	-5.28707	352.73033	1700.46766	49.73802	327.01459	1518.48309	64.37311	129.39903	1524.58614	-4.75762	137.22753	1550.00666	27.42591	92.42531	1825.26697	-83.66330	380.49116	1789.09453	-143.22503	344.89643	1728.72296	-166.13661	76.54546	1766.18298	-123.15786	71.46732	1706.59882	-100.04863	89.67259	1679.51072	-144.22561	109.85274	1673.62990	-96.25743	704.91265	1634.39541	-65.01706	969.48058	1676.31775	-52.44556	784.22550	1662.70530	-26.93819	695.43878	1502.68987	25.46202	175.35083	1767.92827	-44.83934	958.05439	1804.49794	-211.48034	456.17008	1705.86018	116.81357	453.30625	1772.88636	-219.16651	233.48461	1628.92814	118.75062	245.11454	
647	6.460	1772.12489	36.76034	638.83200	1801.86022	-135.73781	659.69532	1771.43163	-6.12116	354.50665	1714.67582	48.39431	327.99679	1531.10176	61.65832	132.38402	1538.77194	-7.38489	139.06563	1563.30591	26.03748	94.88011	1825.35836	-85.60167	380.48922	1789.04215	-145.35586	345.65600	1728.77311	-166.52314	76.72012	1766.24848	-123.47665	71.61257	1706.70991	-100.52218	90.21183	1679.49940	-144.76793	110.14730	1681.43623	-96.58120	707.11058	1641.24006	-65.35622	970.21766	1684.09245	-52.20995	785.21036	1670.76279	-27.30171	696.82816	1516.51748	21.83713	177.61653	1774.83577	-45.33395	959.40139	1807.93405	-213.33354	456.56129	1717.05939	115.32660	454.39460	1772.28579	-220.69531	233.51005	1641.37601	116.63665	247.75821	
648	6.470	1780.11557	35.35187	639.51428	1809.12639	-137.22981	661.49201	1786.05292	-6.40212	356.86086	1728.79985	47.37646	329.50275	1544.35281	58.52575	135.11294	1554.11770	-10.37175	140.58517	1577.76932	24.60954	97.34239	1825.23364	-87.53681	380.52598	1788.70946	-147.46116	346.42350	1728.79108	-166.77452	76.92673	1766.34844	-123.70614	71.75506	1706.89353	-100.83537	90.73747	1679.46928	-145.08040	110.43018	1689.14321	-97.05777	709.29016	1648.10944	-65.50233	971.14698	1691.73420	-52.14373	786.35949	1678.70144	-27.83472	698.39880	1531.05611	17.57247	179.42072	1781.72243	-45.62294	960.85655	1811.01351	-215.17796	456.86971	1727.95212	114.09607	455.96894	1771.37856	-222.16973	233.58039	1653.50159	114.48818	250.79550	
649	6.480	1787.95389	33.94123	640.47108	1816.27453	-138.71672	663.15941	1800.76971	-6.10388	359.75133	1742.83292	46.69707	331.49707	1558.23486	54.97706	137.53111	1570.58976	-13.70623	141.75065	1593.35508	23.12320	99.76043	1824.95631	-89.47881	380.59557	1788.13953	-149.53216	347.18537	1728.76456	-166.89355	77.17826	1766.46493	-123.85000	71.90148	1707.13648	-100.98612	91.26514	1679.41858	-145.16239	110.72650	1696.76586	-97.68158	711.43355	1655.01859	-65.47573	972.25360	1699.26296	-52.25916	787.65275	1686.53801	-28.52779	700.13296	1546.30348	12.69888	180.73242	1788.60218	-45.71447	962.40939	1813.73697	-217.02333	457.08462	1738.54506	113.13368	457.98743	1770.18905	-223.58074	233.69493	1665.32320	112.29351	254.14852	
650	6.490	1795.65884	32.53184	641.67290	1823.31848	-140.19644	664.68798	1815.57424	-5.23491	363.11847	1756.77308	46.34915	333.92655	1572.72275	51.03443	139.60629	1588.10639	-17.36016	142.55102	1609.97550	21.56304	102.09345	1824.58237	-91.43695	380.69467	1787.37605	-151.56456	347.93414	1728.69070	-166.89188	77.48375	1766.58581	-123.91672	72.05830	1707.42734	-100.98326	91.80909	1679.35034	-145.02990	111.05664	1704.31626	-98.44002	713.52957	1661.97452	-65.29948	973.51777	1706.69619	-52.55595	789.06805	1694.28689	-29.36453	702.00956	1562.22765	7.27597	181.54966	1795.48331	-45.62360	964.04720	1816.11974	-218.87841	457.20651	1748.85793	112.43533	460.39328	1768.75271	-224.92493	233.85339	1676.87531	110.04124	257.72976	
651	6.500	1803.24480	31.12732	643.08112	1830.26738	-141.66662	666.07986	1830.44138	-3.84206	366.88407	1770.61341	46.30483	336.72065	1587.74883	46.74458	141.33531	1606.52295	-21.28729	143.00314	1627.48330	19.92263	104.31540	1824.15768	-93.41601	380.82010	1786.46307	-153.55687	348.66621	1728.57377	-166.78813	77.84581	1766.70395	-123.91852	72.22977	1707.75568	-100.84543	92.37867	1679.27012	-144.71266	111.43268	1711.79970	-99.31371	715.57243	1668.97173	-64.99962	974.91396	1714.04473	-53.02055	790.58064	1701.95596	-30.32219	704.00274	1578.74852	1.39201	181.90393	1802.36439	-45.37314	965.75391	1818.19316	-220.74781	457.24454	1758.91572	111.98020	463.11629	1767.11464	-226.20381	234.05354	1688.19472	107.72612	261.45180	
652	6.510	1810.71590	29.73246	644.64756	1837.12103	-143.12358	667.34761	1845.31644	-2.01185	370.95033	1784.32975	46.51537	339.79170	1603.18446	42.18199	142.74741	1625.61681	-25.42172	143.15264	1645.65766	18.20920	106.41649	1823.71662	-95.41276	380.96716	1785.44503	-155.50820	349.37985	1728.42230	-166.60545	78.25926	1766.81576	-123.87015	72.41673	1708.11095	-100.59920	92.97589	1679.18363	-144.25032	111.85643	1719.20955	-100.27669	717.55977	1675.98693	-64.60545	976.40983	1721.30750	-53.62606	792.16200	1709.54113	-31.37197	706.08023	1595.71983	-4.83640	181.86167	1809.22917	-44.99406	967.50881	1820.00393	-222.62900	457.21382	1768.73873	111.73112	466.07382	1765.32796	-227.42250	234.28952	1699.30504	105.35488	265.23493	
653	6.520	1818.05897	28.35462	646.31440	1843.86369	-144.56081	668.51161	1860.10151	0.13219	375.19924	1797.86641	46.91361	343.03550	1618.82518	37.45029	143.90241	1645.07536	-29.67689	143.07113	1664.19280	16.44641	108.40139	1823.28226	-97.41335	381.12872	1784.36706	-157.41554	350.07329	1728.24650	-166.36924	78.71103	1766.91955	-123.78749	72.61599	1708.48151	-100.27675	93.59433	1679.09496	-143.68853	112.31902	1726.52070	-101.29683	719.48986	1682.97335	-64.14946	977.96549	1728.46489	-54.33327	793.77879	1717.01940	-32.47938	708.20194	1612.91448	-11.26487	181.52140	1816.04071	-44.52508	969.28522	1821.61067	-224.50999	457.13285	1778.33019	111.63686	469.17162	1763.45244	-228.58762	234.55104	1710.20070	102.95100	269.01077	
654	6.530	1825.23489	27.00533	648.01544	1850.45640	-145.96734	669.59571	1874.64190	2.43776	379.49407	1811.12056	47.41942	346.33343	1634.38364	32.68063	144.88201	1664.49120	-33.94609	142.84877	1682.69362	14.67443	110.28370	1822.86814	-99.39183	381.29528	1783.27503	-159.27076	350.74319	1728.05662	-166.10506	79.18126	1767.01442	-123.68638	72.82073	1708.85417	-99.91331	94.21945	1679.00587	-143.07538	112.80221	1733.68172	-102.33668	721.35807	1689.85502	-63.66640	979.53375	1735.47099	-55.09343	795.39213	1724.34080	-33.60502	710.31921	1630.01731	-17.72283	181.00487	1822.73519	-44.01056	971.04954	1823.07680	-226.36795	457.02125	1787.66209	111.63703	472.30520	1761.55309	-229.70458	234.82375	1720.83149	100.55681	272.72037	
