PathFileType	3	(X/Y/Z)	RCH0000002 BBF 07.c3d
DataRate	CameraRate	NumFrames	NumMarkers	Units	OrigDataRate	OrigDataStartFrame	OrigNumFrames
100.0	100.0	452	23	mm	100.0	41	452
Frame#	Time	T2			T10			MAN			LASI			RASI			RPSI			LPAT			LKNE			LANK			LMED			LHEE			LTOE			RPAT			RKNE			RANK			RMED			RHEE			RTOE			LPSI			RTHI			LTHI			RTIB			LTIB			
		X1	Y1	Z1	X2	Y2	Z2	X3	Y3	Z3	X4	Y4	Z4	X5	Y5	Z5	X6	Y6	Z6	X7	Y7	Z7	X8	Y8	Z8	X9	Y9	Z9	X10	Y10	Z10	X11	Y11	Z11	X12	Y12	Z12	X13	Y13	Z13	X14	Y14	Z14	X15	Y15	Z15	X16	Y16	Z16	X17	Y17	Z17	X18	Y18	Z18	X19	Y19	Z19	X20	Y20	Z20	X21	Y21	Z21	X22	Y22	Z22	X23	Y23	Z23	

41	0.400	-2487.84944	-20.94100	981.00495	-2486.88557	-18.28300	789.71269	-2360.15003	6.72532	940.77039	-2430.86293	75.89738	631.76450	-2376.17738	-91.41772	650.26298	-2498.30376	-67.81444	702.51123	-2440.77861	21.49900	346.39899	-2506.23360	67.19978	321.89120	-2703.92691	47.96426	139.68223	-2685.46644	-19.51387	150.09087	-2708.33505	9.35705	188.45711	-2671.53618	12.97841	100.30707	-2341.91076	-8.87676	384.81774	-2368.56861	-70.45729	342.52089	-2432.69806	-87.12054	79.93627	-2468.80181	-28.72432	95.68084	-2484.08235	-80.18167	115.24976	-2406.37383	-36.39139	74.58138	-2517.97176	-0.27462	693.71691	-2350.40799	-146.64188	448.36266	-2502.05892	141.28841	444.49569	-2368.62922	-137.51044	228.10788	-2594.42462	122.09347	245.69308	
42	0.410	-2478.43836	-19.12601	985.67529	-2476.40797	-18.91876	794.34568	-2350.76162	8.06614	946.29245	-2418.27152	73.98887	636.68825	-2366.15316	-93.86946	654.96600	-2487.25599	-68.97270	707.49680	-2421.64732	23.52418	352.72163	-2487.15839	69.69028	327.39671	-2682.26493	52.53087	142.35224	-2661.97287	-14.88631	150.53920	-2686.93202	12.05731	189.26664	-2647.89861	19.85941	103.28662	-2342.29360	-13.00385	386.67994	-2369.82602	-74.48836	345.09844	-2432.72914	-86.71917	81.29949	-2467.79317	-27.95856	97.36878	-2484.09498	-79.13527	116.62698	-2405.85256	-36.08302	75.36242	-2506.23326	-1.22972	698.83344	-2347.49072	-150.40364	450.02359	-2485.84664	142.10829	450.87814	-2371.83339	-140.46785	229.62200	-2575.45008	125.00190	251.83943	
43	0.420	-2469.03034	-17.36703	990.22329	-2466.01206	-19.53112	798.84968	-2341.38127	9.35399	951.62611	-2405.73908	72.10698	641.48436	-2356.26288	-96.30629	659.55382	-2476.33977	-70.05194	712.32667	-2402.49958	25.55365	359.00265	-2468.00068	72.17839	332.82733	-2660.53015	57.15908	144.95700	-2638.52472	-10.20994	151.01922	-2665.50861	14.89350	190.07129	-2624.23901	26.69981	106.23216	-2342.56074	-17.12253	388.49007	-2370.99363	-78.49179	347.63384	-2432.68620	-86.35073	82.66355	-2466.70927	-27.23310	99.06694	-2484.03179	-78.12794	118.02217	-2405.26293	-35.81046	76.13709	-2494.59449	-2.10694	703.78612	-2344.60154	-154.12566	451.66340	-2469.61777	142.96036	457.13747	-2374.90580	-143.40530	231.10548	-2556.31552	127.94949	257.84017	
44	0.430	-2459.60444	-15.70910	994.52483	-2455.74784	-20.09119	803.09389	-2331.99239	10.54436	956.58714	-2393.28894	70.27196	646.02086	-2346.60456	-98.71529	663.91131	-2465.64942	-70.97440	716.84684	-2383.29339	27.55938	365.19809	-2448.64530	74.63941	338.11099	-2638.56360	61.90008	147.41826	-2615.07730	-5.44623	151.53596	-2643.96135	17.98556	190.83873	-2600.44631	33.45332	109.09748	-2342.59318	-21.21133	390.19208	-2371.97540	-82.42982	350.08092	-2432.51204	-86.03906	84.02482	-2465.49200	-26.57748	100.77993	-2483.83074	-77.18803	119.44908	-2404.55200	-35.60115	76.89689	-2483.11818	-2.82978	708.40958	-2341.75008	-157.76456	453.25319	-2453.30946	143.85605	463.15430	-2377.72413	-146.29357	232.52709	-2536.80939	130.95795	263.55815	
45	0.440	-2450.13569	-14.18458	998.47603	-2445.64704	-20.57197	806.96832	-2322.57362	11.60392	961.02333	-2380.92837	68.49568	650.18359	-2337.24964	-101.08877	667.94170	-2455.25338	-71.67425	720.92775	-2363.97810	29.50271	371.26922	-2428.97943	77.04516	343.18809	-2616.20469	66.79871	149.67198	-2591.56410	-0.56157	152.08785	-2622.17400	21.43155	191.53833	-2576.39950	40.08541	111.84090	-2342.28955	-25.24405	391.73654	-2372.68893	-86.26171	352.39638	-2432.16650	-85.80328	85.37323	-2464.10507	-26.01558	102.50534	-2483.44643	-76.34116	120.91245	-2403.68419	-35.47603	77.63156	-2471.84548	-3.33314	712.56180	-2338.94296	-161.28265	454.76433	-2436.84700	144.79597	468.82892	-2380.18736	-149.10257	233.85952	-2516.73217	134.04490	268.88777	
46	0.450	-2440.60168	-12.81126	1001.99635	-2435.72601	-20.94919	810.38740	-2313.10518	12.51262	964.82085	-2368.65437	66.78168	653.87964	-2328.24229	-103.42290	671.56934	-2445.19425	-72.10145	724.46942	-2344.51096	31.33180	377.18067	-2408.91218	79.36141	348.01217	-2593.30945	71.88566	151.66884	-2567.90891	4.46591	152.66285	-2600.03298	25.29680	192.13867	-2551.98391	46.57006	114.42447	-2341.57306	-29.18592	393.08211	-2373.06968	-89.94187	354.54044	-2431.63198	-85.65451	86.69183	-2462.53968	-25.56203	104.23211	-2482.85553	-75.60593	122.40648	-2402.64613	-35.44674	78.32914	-2460.79861	-3.56728	716.12970	-2336.18329	-164.64635	456.16799	-2420.15699	145.76705	474.08412	-2382.22161	-151.79921	235.07974	-2495.92013	137.21717	273.75857	
47	0.460	-2430.98659	-11.59255	1005.02825	-2425.98852	-21.20161	813.28994	-2303.57266	13.26378	967.90475	-2356.45840	65.12667	657.03827	-2319.60046	-105.71569	674.73957	-2435.49019	-72.22338	727.40246	-2324.87021	32.98109	382.89937	-2388.38749	81.54590	352.54971	-2569.75914	77.17138	153.37095	-2544.03212	9.64115	153.23445	-2577.43624	29.60781	192.60285	-2527.09884	52.88538	116.81234	-2340.39492	-32.99144	394.19585	-2373.07224	-93.41981	356.47765	-2430.91601	-85.59267	87.95869	-2460.81508	-25.21845	105.94118	-2482.05928	-74.98814	123.91623	-2401.44804	-35.51326	78.97691	-2449.98360	-3.49973	719.03114	-2333.46877	-167.82396	457.43481	-2403.17748	146.74166	478.86596	-2383.78304	-154.34581	236.16892	-2474.25964	140.46465	278.13341	
48	0.470	-2421.28294	-10.51901	1007.53494	-2416.42825	-21.31132	815.63718	-2293.96870	13.86296	970.23637	-2344.32976	63.52301	659.61043	-2311.31766	-107.96459	677.41703	-2426.13653	-72.02500	729.68688	-2305.06477	34.37279	388.39402	-2367.39205	83.54708	356.77924	-2545.46266	82.64159	154.74652	-2519.85368	14.94814	153.75854	-2554.29788	34.34980	192.88332	-2501.65988	59.00803	118.96894	-2338.73473	-36.60471	395.05312	-2372.66989	-96.64219	358.17800	-2430.05090	-85.60400	89.15027	-2458.97502	-24.97052	107.60780	-2481.08306	-74.47562	125.42090	-2400.12208	-35.66279	79.56289	-2439.39265	-3.11593	721.21499	-2330.78895	-170.78388	458.53522	-2385.86572	147.67847	483.14288	-2384.85850	-156.69992	237.11236	-2451.69446	143.75553	282.00278	
49	0.480	-2411.49188	-9.57094	1009.49731	-2407.03056	-21.26396	817.40993	-2284.29319	14.32599	971.80884	-2332.25783	61.96160	661.56778	-2303.36519	-110.16419	679.58355	-2417.10767	-71.50816	731.30974	-2285.14022	35.42039	393.63451	-2345.95899	85.30396	360.68954	-2520.35558	88.25414	155.76408	-2495.29512	20.34698	154.17189	-2530.55065	39.46724	192.91787	-2475.59883	64.90726	120.85739	-2336.59846	-39.96263	395.63733	-2371.85268	-99.55673	359.61839	-2429.09014	-85.66066	90.24557	-2457.08079	-24.78734	109.20497	-2479.97307	-74.03586	126.89811	-2398.71815	-35.87016	80.07743	-2429.00605	-2.41877	722.66001	-2328.12256	-173.49420	459.44053	-2368.20388	148.52460	486.90355	-2385.46434	-158.81619	237.89972	-2428.22754	147.03378	285.37665	
50	0.490	-2401.62220	-8.72124	1010.91075	-2397.77388	-21.04895	818.60556	-2274.55219	14.67656	972.64209	-2320.23310	60.43485	662.90140	-2295.69448	-112.30443	681.23610	-2408.35895	-70.68999	732.28215	-2265.18052	36.03383	398.59076	-2324.16777	86.74744	364.27660	-2494.39837	93.93741	156.38766	-2470.28305	25.77182	154.39337	-2506.14798	44.86689	192.62839	-2448.86430	70.53859	122.43837	-2334.01401	-43.00090	395.93987	-2370.62453	-102.11762	360.78422	-2428.10174	-85.72310	91.22976	-2455.20201	-24.62403	110.70730	-2478.79008	-73.61833	128.32809	-2397.29750	-36.10037	80.51463	-2418.79357	-1.42730	723.37291	-2325.43566	-175.92401	460.12480	-2350.20262	149.21875	490.15306	-2385.64266	-160.65043	238.52558	-2403.91806	150.21951	288.27465	
51	0.500	-2391.68851	-7.93855	1011.78222	-2388.63048	-20.65987	819.23505	-2264.75609	14.94371	972.77772	-2308.24715	58.93908	663.62014	-2288.23976	-114.36978	682.38485	-2399.82903	-69.60061	732.63577	-2245.30501	36.12573	403.23076	-2302.14060	87.80297	367.53931	-2467.57598	99.59051	156.57409	-2444.75525	31.12994	154.32817	-2481.06657	50.42292	191.92317	-2421.42457	75.83823	123.66967	-2331.02459	-45.66178	395.96013	-2368.99915	-104.29135	361.67087	-2427.15873	-85.74559	92.09681	-2453.40637	-24.42799	112.09462	-2477.60052	-73.16190	129.69721	-2395.92483	-36.31331	80.87311	-2408.71568	-0.17448	723.38552	-2322.68113	-178.04643	460.56736	-2331.90265	149.69514	492.90766	-2385.45470	-162.16542	238.99028	-2378.87477	153.21212	290.71594	
52	0.510	-2381.70910	-7.19013	1012.12757	-2379.56702	-20.09469	819.32029	-2254.91745	15.15935	972.27414	-2296.29179	57.47596	663.74845	-2280.92122	-116.33972	683.05147	-2391.44276	-68.28022	732.41884	-2225.66083	35.61792	407.51816	-2280.03533	88.39481	370.47405	-2439.90008	105.08505	156.27291	-2418.67016	36.30233	153.87505	-2455.31063	55.98316	190.70307	-2393.27403	80.71888	124.50669	-2327.68028	-47.90242	395.70533	-2366.99492	-106.06188	362.28438	-2426.32816	-85.68409	92.85035	-2451.74975	-24.14828	113.35492	-2476.46599	-72.60627	131.00007	-2394.65944	-36.47001	81.15606	-2398.72482	1.29600	722.75084	-2319.79969	-179.84267	460.75527	-2313.37376	149.88776	495.18809	-2384.97091	-163.33743	239.30040	-2353.24653	155.89608	292.70986	
53	0.520	-2371.70342	-6.44434	1011.96940	-2370.54499	-19.35610	818.89162	-2245.04869	15.35607	971.20190	-2284.35769	56.05278	663.32380	-2273.64878	-118.19041	683.26728	-2383.11480	-66.77574	731.69176	-2206.41124	34.44776	411.40984	-2258.03533	88.45139	373.06903	-2411.41485	110.26870	155.42927	-2392.01898	41.14582	152.93582	-2428.91770	61.37610	188.87095	-2364.44274	85.06825	124.90394	-2324.02850	-49.70204	395.18988	-2364.62889	-107.43415	362.64103	-2425.65982	-85.50520	93.50286	-2450.26779	-23.74616	114.48615	-2475.43236	-71.90535	132.24011	-2393.54672	-36.53956	81.37033	-2388.76689	2.93349	721.53796	-2316.72229	-181.30616	460.68531	-2294.71131	149.73505	497.01222	-2384.25854	-164.16206	239.46877	-2327.21171	158.14839	294.24875	
54	0.530	-2361.68978	-5.67255	1011.33514	-2361.52115	-18.45185	817.98552	-2235.15991	15.56528	969.63947	-2272.43292	54.68145	662.39340	-2266.32641	-119.89760	683.07113	-2374.75392	-65.13733	730.52223	-2187.72104	32.57375	414.85457	-2236.33693	87.91155	375.29956	-2382.20613	114.97041	153.98928	-2364.83920	45.49759	151.42583	-2401.96608	66.41758	186.34303	-2335.00814	88.75130	124.81751	-2320.10437	-51.06659	394.43397	-2361.91040	-108.43505	362.76542	-2425.17658	-85.19418	94.07321	-2448.97000	-23.20489	115.49660	-2474.52021	-71.03933	133.42877	-2392.61096	-36.50518	81.52483	-2378.78316	4.68455	719.82624	-2313.37354	-182.44574	460.36480	-2276.03030	149.18476	498.38828	-2383.36819	-164.65817	239.51349	-2300.96848	159.84690	295.30439	
55	0.540	-2351.68329	-4.85044	1010.25551	-2352.44818	-17.39505	816.64262	-2225.25727	15.81576	967.66929	-2260.50180	53.37650	661.01093	-2258.85683	-121.44009	682.50683	-2366.26785	-63.41531	728.98033	-2169.74102	29.98023	417.79338	-2215.13575	86.73091	377.12531	-2352.41309	119.00756	151.90693	-2337.22747	49.18203	149.28411	-2374.58293	70.91720	183.06056	-2305.10688	91.61704	124.20859	-2315.92210	-52.02989	393.46115	-2358.83509	-109.11161	362.68706	-2424.86785	-84.76038	94.58336	-2447.83676	-22.53621	116.40387	-2473.71801	-70.02291	134.58356	-2391.85072	-36.36822	81.62834	-2368.71267	6.49678	717.69911	-2309.67565	-183.28709	459.81082	-2257.45737	148.19872	499.30973	-2382.32153	-164.86861	239.45575	-2274.72759	160.87862	295.82893	
56	0.550	-2341.69421	-3.95866	1008.76337	-2343.27573	-16.20450	814.90595	-2215.34187	16.13259	965.37423	-2248.54452	52.15264	659.23328	-2251.14625	-122.80314	681.62018	-2357.56816	-61.65771	727.13379	-2152.59317	26.68113	420.16225	-2194.61324	84.88778	378.49083	-2322.24024	122.19516	149.15169	-2309.34945	52.02058	146.48149	-2346.95169	74.68467	178.99990	-2274.94460	93.51036	123.04752	-2311.46880	-52.65090	392.29498	-2355.38036	-109.52639	362.43592	-2424.68731	-84.23846	95.05466	-2446.81934	-21.78200	117.23264	-2472.97911	-68.90731	135.72554	-2391.23723	-36.14916	81.68713	-2358.49512	8.32183	715.23829	-2305.55246	-183.87168	459.04775	-2239.12181	146.75734	499.75335	-2381.10258	-164.85750	239.31685	-2248.70883	161.14774	295.76056	
57	0.560	-2331.72696	-2.98305	1006.89277	-2333.95173	-14.90509	812.81962	-2205.40930	16.53637	962.83448	-2236.53786	51.02218	657.11808	-2243.10878	-123.98126	680.45564	-2348.57499	-59.90903	725.04410	-2136.35910	22.72257	421.89708	-2174.92492	82.38809	379.32969	-2291.96712	124.35786	145.71551	-2281.44448	53.84466	143.02571	-2319.31696	77.53719	174.17954	-2244.80098	94.28839	121.31834	-2306.70155	-53.00750	390.95524	-2351.50318	-109.75076	362.03731	-2424.55525	-83.68516	95.50474	-2445.84290	-21.01031	118.01145	-2472.22312	-67.77556	136.87660	-2390.71635	-35.88527	81.70288	-2348.07405	10.11719	712.51930	-2300.93283	-184.25348	458.10335	-2221.14639	144.86332	499.68133	-2379.65439	-164.70411	239.11465	-2223.14102	160.58324	295.03341	
58	0.570	-2321.77974	-1.91454	1004.67865	-2324.42428	-13.52804	810.42803	-2195.44997	17.04273	960.12506	-2224.45690	49.99325	654.72229	-2234.66999	-124.97956	679.05320	-2339.22106	-58.21013	722.76373	-2121.07292	18.18398	422.94039	-2156.19181	79.26890	379.57210	-2261.95223	125.34487	141.61842	-2253.82301	54.51145	138.96303	-2291.98497	79.30923	168.66310	-2215.02783	93.84034	119.02315	-2301.54844	-53.18767	389.45422	-2347.14067	-109.85705	361.50723	-2424.36520	-83.17190	95.94523	-2444.81166	-20.30648	118.76912	-2471.34125	-66.73161	138.05709	-2390.21353	-35.62525	81.67124	-2337.40031	11.84634	709.60867	-2295.75319	-184.49345	457.00411	-2203.63939	142.54421	499.04760	-2377.88225	-164.49421	238.86024	-2198.26417	159.14636	293.59007	
59	0.580	-2311.84476	-0.74898	1002.15678	-2314.64381	-12.11111	807.77562	-2185.44997	17.66193	957.31402	-2212.27795	49.06890	652.10214	-2225.76959	-125.81354	677.44555	-2329.45480	-56.59930	720.33492	-2106.72001	13.17768	423.24901	-2138.49572	75.60024	379.15530	-2232.62776	125.04769	136.91199	-2226.85574	53.92196	134.37623	-2265.31735	79.86603	162.55812	-2186.03847	92.10860	116.18589	-2295.91351	-53.27935	387.79376	-2342.21367	-109.91056	360.84875	-2423.99355	-82.77451	96.38097	-2443.61563	-19.76073	119.53124	-2470.20463	-65.88513	139.28383	-2389.64098	-35.42197	81.58144	-2326.43545	13.47745	706.56344	-2289.95881	-184.65288	455.77047	-2186.68886	139.85348	497.80790	-2375.66283	-164.31024	238.55557	-2174.33109	156.83808	291.39474	
60	0.590	-2301.90919	0.51301	999.36433	-2304.56558	-10.69844	804.90730	-2175.39258	18.39851	954.46138	-2199.98214	48.24748	649.31424	-2216.36297	-126.50701	675.65622	-2319.24236	-55.11396	717.79018	-2093.24174	7.84660	422.80152	-2121.87906	71.48548	378.03524	-2204.48243	123.41967	131.68049	-2200.95430	52.03999	129.37971	-2239.71667	79.12133	156.01095	-2158.28739	89.10825	112.85514	-2289.68495	-53.36060	385.96379	-2336.63272	-109.96275	360.05022	-2423.31062	-82.56194	96.81052	-2442.13786	-19.45451	120.31728	-2468.67404	-65.33483	140.56887	-2388.90581	-35.32447	81.41696	-2315.15487	14.98101	703.43279	-2283.50378	-184.78634	454.41287	-2170.36006	136.86997	495.93221	-2372.85777	-164.22166	238.19250	-2151.60524	153.70652	288.44494	
61	0.600	-2291.95647	1.86590	996.34083	-2294.15236	-9.34006	801.86934	-2165.26006	19.25100	951.61896	-2187.55938	47.52423	646.41770	-2206.42182	-127.08863	673.69884	-2308.56858	-53.79265	715.15427	-2080.54571	2.36036	421.60457	-2106.34858	67.06013	376.19794	-2178.03154	120.49508	126.03952	-2176.54458	48.90960	124.11264	-2215.60318	77.05813	149.19866	-2132.24106	84.94159	109.10529	-2282.74525	-53.49143	383.94274	-2330.30553	-110.04641	359.08573	-2422.19108	-82.58600	97.22800	-2440.26130	-19.44796	121.13878	-2466.60961	-65.15315	141.91897	-2387.91767	-35.37082	81.15761	-2303.55046	16.32699	700.26139	-2276.35014	-184.93549	452.92936	-2154.69627	133.69588	493.41758	-2369.32896	-164.27706	237.75380	-2130.35170	149.85339	284.77990	
62	0.610	-2281.96812	3.29888	993.12934	-2283.37706	-8.09075	798.71065	-2155.03562	20.21156	948.83101	-2175.01210	46.89361	643.47649	-2195.93410	-127.58737	671.57796	-2297.43692	-52.67634	712.44744	-2068.52008	-3.09010	419.69709	-2091.88247	62.48904	373.66867	-2153.77534	116.40432	120.13227	-2154.03484	44.66817	118.73099	-2193.38359	73.74971	142.31896	-2108.34191	79.80450	105.03553	-2274.98185	-53.70855	381.70007	-2323.14482	-110.17365	357.91787	-2420.52242	-82.87381	97.62600	-2437.87443	-19.77066	121.99898	-2463.87909	-65.37481	143.33593	-2386.59466	-35.58313	80.78265	-2291.63237	17.48246	697.09367	-2268.46657	-185.12454	451.30547	-2139.72289	130.45350	490.29915	-2364.95308	-164.49915	237.21603	-2110.81978	145.43779	280.48451	
63	0.620	-2271.92555	4.79523	989.77792	-2272.22500	-7.00833	795.48410	-2144.70533	21.26573	946.13552	-2162.35807	46.35197	640.56141	-2184.90358	-128.02787	669.29136	-2285.86859	-51.80867	709.68936	-2057.05021	-8.29913	417.15185	-2078.43963	57.96205	370.51743	-2132.15018	111.38118	114.12318	-2133.78186	39.55149	113.39913	-2173.41484	69.37602	135.57886	-2086.96948	73.98187	100.76631	-2266.29678	-54.02366	379.20073	-2315.07555	-110.33669	356.50259	-2418.21035	-83.42432	97.99924	-2434.87540	-20.41706	122.89386	-2460.36397	-65.99117	144.81785	-2384.86656	-35.96561	80.27493	-2279.42965	18.41031	693.97814	-2259.82734	-185.35836	449.51653	-2125.45384	127.28097	486.65747	-2359.63277	-164.88335	236.55413	-2093.21841	140.67556	275.68835	
64	0.630	-2261.81192	6.33165	986.34087	-2260.69582	-6.15109	792.24764	-2134.25989	22.39222	943.56600	-2149.63181	45.90004	637.75090	-2173.34933	-128.42615	666.83374	-2273.90093	-51.23445	706.90307	-2046.03516	-13.05380	414.07399	-2065.96971	53.68756	366.85965	-2113.47934	105.75810	108.18900	-2116.05896	33.88746	108.28137	-2155.96754	64.22978	129.18272	-2068.40361	67.83091	96.43297	-2256.61410	-54.42565	376.41122	-2306.04039	-110.51131	354.79577	-2415.18103	-84.20924	98.34866	-2431.17440	-21.34709	123.81484	-2455.96352	-66.95083	146.36128	-2382.67504	-36.50591	79.62580	-2266.98949	19.06986	690.97071	-2250.41224	-185.62332	447.53271	-2111.89880	124.32699	482.62029	-2353.30341	-165.40015	235.74717	-2077.68828	135.83204	270.55946	
65	0.640	-2251.61375	7.87762	982.87960	-2248.80455	-5.57463	789.06483	-2123.69585	23.56310	941.15350	-2136.88409	45.54459	635.13021	-2161.30507	-128.78662	664.20151	-2261.58533	-50.99641	704.11830	-2035.40172	-17.14259	410.59645	-2054.42263	49.88355	362.85132	-2097.93195	99.94652	102.50728	-2101.03008	28.07641	103.53346	-2141.19510	58.70696	123.32001	-2052.79544	61.75268	92.17680	-2245.88444	-54.88580	373.30666	-2296.00326	-110.66236	352.76068	-2411.38050	-85.17816	98.68558	-2426.69474	-22.49183	124.75244	-2450.59702	-68.16614	147.96409	-2379.97096	-37.17953	78.84010	-2254.37494	19.41951	688.13625	-2240.20752	-185.89078	445.32608	-2099.06978	121.74452	478.35811	-2345.93473	-166.00079	234.78476	-2064.27701	131.20733	265.29292	
66	0.650	-2241.32203	9.39519	979.46288	-2236.58185	-5.32815	786.00449	-2113.01644	24.74415	938.92854	-2124.17934	45.29899	632.78859	-2148.81864	-129.10069	661.39802	-2248.98456	-51.13037	701.37372	-2025.11411	-20.36518	406.87253	-2043.75668	46.76581	358.67891	-2085.49879	94.40214	97.24295	-2088.73374	22.55797	99.29386	-2129.11459	53.27850	118.15303	-2040.15098	56.15468	88.13422	-2234.08672	-55.36514	369.87804	-2284.95056	-110.75019	350.37558	-2406.77194	-86.26676	99.03541	-2421.37272	-23.76291	125.70072	-2444.20497	-69.52437	149.62887	-2376.70955	-37.95631	77.94078	-2241.66098	19.42131	685.54788	-2229.20791	-186.12258	442.87898	-2086.98534	119.68304	474.07343	-2337.52800	-166.62527	233.67304	-2052.92458	127.11457	260.09467	
67	0.660	-2230.93292	10.83924	976.16616	-2224.07316	-5.45044	783.13936	-2102.23160	25.89587	936.92258	-2111.59103	45.18246	630.81469	-2135.95114	-129.34737	658.43860	-2236.16982	-51.65946	698.71760	-2015.17792	-22.54402	403.06589	-2033.94430	44.53327	354.54455	-2075.99127	89.57782	92.53419	-2079.07979	17.76716	95.67517	-2119.60411	48.44375	113.80538	-2030.33099	51.40903	84.42567	-2221.22718	-55.82236	366.13884	-2272.89041	-110.73716	347.64040	-2401.33171	-87.40676	99.44005	-2415.15713	-25.06434	126.66140	-2436.74975	-70.90164	151.36593	-2372.84424	-38.80771	76.97215	-2228.92938	19.04701	683.28388	-2217.41922	-186.27744	440.19232	-2075.67173	118.27931	469.98445	-2328.10999	-167.21147	232.43959	-2043.46495	123.85288	255.16187	
68	0.670	-2220.44778	12.15859	973.06991	-2211.33683	-5.96611	780.54365	-2091.35752	26.97488	935.16888	-2099.19569	45.21807	629.29038	-2122.77564	-129.49575	655.35465	-2223.21737	-52.58834	696.20697	-2005.63789	-23.53754	399.33882	-2024.97506	43.35106	350.64832	-2069.06608	85.87050	88.48000	-2071.86019	14.08525	92.75629	-2112.41860	44.67093	110.35244	-2023.06791	47.81249	81.14567	-2207.33652	-56.22070	362.13017	-2259.85026	-110.59316	344.58175	-2395.04468	-88.53573	99.95829	-2408.00817	-26.30479	127.64694	-2428.21598	-72.17769	153.19532	-2368.32021	-39.71363	76.00091	-2216.26260	18.28440	681.42278	-2204.86085	-186.31722	437.29243	-2065.16063	117.64663	466.30501	-2317.72502	-167.70388	231.13627	-2035.64671	121.67786	250.66272	
69	0.680	-2209.87267	13.29791	970.25677	-2198.44130	-6.88230	778.28958	-2080.41544	27.93588	933.70237	-2087.06599	45.42980	628.28397	-2109.37534	-129.50905	652.19597	-2210.20507	-53.89852	693.90517	-1996.57022	-23.25455	395.83987	-2016.85561	43.33289	347.16964	-2064.27228	83.57066	85.13188	-2066.77265	11.79310	90.57622	-2107.22213	42.33374	107.81530	-2017.99801	45.55433	78.35600	-2192.46579	-56.53291	357.92365	-2245.87335	-110.29940	341.25527	-2387.89932	-89.60546	100.66332	-2399.89625	-27.40868	128.68156	-2418.61019	-73.24940	155.14677	-2363.06866	-40.66728	75.11413	-2203.73753	17.14293	680.03699	-2191.56753	-186.21210	434.23513	-2055.48432	117.86341	463.22327	-2306.42660	-168.06079	229.83912	-2029.17052	120.77311	246.71942	
70	0.690	-2199.21744	14.20056	967.80790	-2185.46151	-8.18660	776.44332	-2069.42997	28.73410	932.55859	-2075.26419	45.83897	627.84361	-2095.84082	-129.34983	649.03099	-2197.20901	-55.54586	691.87815	-1988.07089	-21.66855	392.69236	-2009.60666	44.52492	344.25058	-2061.11252	82.82361	82.49162	-2063.45397	11.03488	89.13094	-2103.63109	41.65619	106.15987	-2014.70356	44.69739	76.08310	-2176.68175	-56.74340	353.62143	-2231.01443	-109.85035	337.74517	-2379.88303	-90.58739	101.63684	-2390.80033	-28.32453	129.79979	-2407.95927	-74.04158	157.25710	-2357.00274	-41.67733	74.41374	-2191.41989	15.65738	679.18633	-2177.58952	-185.94408	431.10601	-2046.66924	118.96225	460.88202	-2294.26958	-168.25903	228.64495	-2023.73658	121.22674	243.39841	
71	0.700	-2188.49437	14.81212	965.79843	-2172.47485	-9.84636	775.06068	-2058.42701	29.32796	931.77169	-2063.83667	46.46063	627.99194	-2082.26661	-128.98550	645.94433	-2184.30036	-57.46108	690.19006	-1980.24202	-18.82963	389.98530	-2003.25704	46.89398	341.98348	-2059.10638	83.61028	80.51629	-2061.51753	11.79924	88.37429	-2101.25991	42.67694	105.30201	-2012.75791	45.17520	74.31982	-2160.06212	-56.84777	349.35314	-2215.33547	-109.25358	334.16055	-2370.97779	-91.47449	102.95998	-2380.70576	-29.02951	131.04224	-2396.30714	-74.51361	159.56491	-2350.01622	-42.76671	74.00763	-2179.35988	13.88850	678.91212	-2162.99125	-185.50856	428.01678	-2038.72921	120.92150	459.36397	-2281.30350	-168.29569	227.66434	-2019.09119	123.01677	240.71029	
72	0.710	-2177.71676	15.08446	964.29280	-2159.55706	-11.80979	774.18304	-2047.43154	29.68189	931.37165	-2052.81050	47.30042	628.72288	-2068.74710	-128.39346	643.03210	-2171.54284	-59.55371	688.89834	-1973.17829	-14.87120	387.76833	-1997.83531	50.32292	340.40493	-2057.84326	85.75143	79.12919	-2060.58909	13.92161	88.22328	-2099.76080	45.24136	105.11825	-2011.76596	46.80513	73.03122	-2142.69127	-56.85044	345.26974	-2198.90153	-108.52808	330.62913	-2361.15678	-92.27959	104.70180	-2369.60185	-29.52998	132.44919	-2383.70910	-74.66152	162.10297	-2341.98536	-43.96836	73.99822	-2167.58989	11.92005	679.23280	-2147.84843	-184.91416	425.09779	-2031.65917	123.66122	458.68433	-2267.56769	-168.18692	227.01162	-2015.06129	126.00876	238.61914	
73	0.720	-2166.89745	14.98000	963.34013	-2146.77842	-14.00886	773.83413	-2036.46549	29.76892	931.38103	-2042.19248	48.35235	630.00113	-2055.37213	-127.56511	640.39510	-2158.99086	-61.71928	688.04909	-1966.95517	-10.00851	386.05146	-1993.35960	54.61530	339.49716	-2057.01577	88.93488	78.23459	-2060.33538	17.10762	88.56759	-2098.85066	49.02355	105.46109	-2011.39383	49.31524	72.16262	-2124.65634	-56.76105	341.53487	-2181.77739	-107.70136	327.28881	-2350.38237	-93.03075	106.90729	-2357.47931	-29.85795	134.05315	-2370.22428	-74.51568	164.88988	-2332.77457	-45.31839	74.47005	-2156.12448	9.85225	680.14166	-2132.24407	-184.18129	422.48794	-2025.43029	127.04513	458.79229	-2253.08824	-167.96415	226.79295	-2011.56853	129.96758	237.05808	
74	0.730	-2156.04750	14.47554	962.97027	-2134.20066	-16.36379	774.01800	-2025.54583	29.57279	931.81169	-2031.97086	49.59781	631.76458	-2042.22262	-126.50813	638.13072	-2146.68857	-63.84898	687.67298	-1961.61964	-4.52682	384.80974	-1989.82708	59.51020	339.19619	-2056.42979	92.76068	77.73300	-2060.48230	20.97379	89.28190	-2098.32219	53.57428	106.17617	-2011.38450	52.38031	71.64868	-2106.04404	-56.59106	338.31441	-2164.02483	-106.80617	324.27829	-2338.60570	-93.76480	109.58686	-2344.32837	-30.06467	135.87176	-2355.90715	-74.13485	167.92228	-2322.24537	-46.84806	75.47831	-2144.96250	7.79221	681.60670	-2116.26379	-183.33978	420.32310	-2019.98683	130.88972	459.58116	-2237.87676	-167.66872	227.09419	-2008.62064	134.58253	235.94664	
75	0.740	-2145.17525	13.56547	963.19108	-2121.87473	-18.78873	774.71843	-2014.68320	29.08939	932.66175	-2022.11922	51.00601	633.92929	-2029.36664	-125.24666	636.32460	-2134.66960	-65.84057	687.78211	-1957.18387	1.24161	383.99163	-1987.20457	64.70630	339.40518	-2055.99305	96.79613	77.53402	-2060.82155	25.09853	90.23957	-2098.04007	58.38568	107.11905	-2011.55930	55.66163	71.42169	-2086.93813	-56.35108	335.76556	-2145.70078	-105.87732	321.72774	-2325.76849	-94.52040	112.70980	-2330.13799	-30.21234	137.90263	-2340.79956	-73.59787	171.16985	-2310.26780	-48.57608	77.04059	-2134.09105	5.84263	683.57262	-2099.99094	-182.42612	418.72482	-2015.24541	134.97977	460.90513	-2221.93101	-167.34588	227.97037	-2006.28375	139.50234	235.20572	
76	0.750	-2134.28571	12.26366	963.98694	-2109.83962	-21.19803	775.89978	-2003.88117	28.32725	933.91341	-2012.60199	52.53573	636.39656	-2016.85626	-123.81944	635.04283	-2122.95746	-67.60902	688.36809	-1953.62161	6.95000	383.52947	-1985.42248	69.89251	340.01026	-2055.68886	100.63148	77.56485	-2061.20738	29.07537	91.32542	-2097.92606	62.96096	108.16879	-2011.80823	58.84501	71.41825	-2067.41739	-56.04959	334.02649	-2126.85637	-104.94890	319.75055	-2311.80687	-95.33196	116.20324	-2314.89653	-30.36556	140.12130	-2324.92525	-72.99449	174.57419	-2296.73264	-50.50260	79.13333	-2123.49045	4.09038	685.96433	-2083.50174	-181.48061	417.79057	-2011.09756	139.08906	462.59990	-2205.23711	-167.03911	229.43856	-2004.64410	144.37496	234.76748	
77	0.760	-2123.38047	10.60378	965.31909	-2098.12216	-23.51232	777.50921	-1993.13616	27.30705	935.53176	-2003.38052	54.13829	639.06088	-2004.72548	-122.27613	634.32580	-2111.56630	-69.09514	689.40145	-1950.86738	12.27502	383.34966	-1984.37390	74.78095	340.89607	-2055.54270	103.92778	77.77347	-2061.54616	32.56043	92.44584	-2097.93867	66.87732	109.23666	-2012.07303	61.67248	71.58345	-2047.55428	-55.69317	333.20763	-2107.53658	-104.05238	318.43700	-2296.65707	-96.22520	119.95729	-2298.59400	-30.58366	142.48275	-2308.28804	-72.41626	178.05220	-2281.56250	-52.60634	81.69382	-2113.13934	2.59674	688.69162	-2066.86101	-180.54474	417.58696	-2007.41626	143.00309	464.50331	-2187.77339	-166.78575	231.47555	-2003.76955	148.88606	234.57965	
78	0.770	-2112.45808	8.63796	967.12742	-2086.73754	-25.66396	779.47993	-1982.43804	26.06013	937.46497	-1994.41873	55.76122	641.81803	-1992.98939	-120.67230	634.18435	-2100.50184	-70.27128	690.83254	-1948.81872	16.95415	383.38119	-1983.91993	79.13721	341.95839	-2055.58981	106.45077	78.12720	-2061.78246	35.30761	93.53495	-2098.05256	69.83306	110.26909	-2012.32798	63.96400	71.87274	-2027.41409	-55.28785	333.38554	-2087.78071	-103.21554	317.85035	-2280.26255	-97.21493	123.83577	-2281.22510	-30.91484	144.92589	-2290.87423	-71.94846	181.50346	-2264.71986	-54.84550	84.62747	-2103.01899	1.39074	691.65427	-2050.11882	-179.65864	418.14630	-2004.06671	146.54065	466.47290	-2169.51570	-166.61431	234.02075	-2003.67962	152.79082	234.60542	
79	0.780	-2101.51479	6.43366	969.33380	-2075.69044	-27.60117	781.73513	-1971.77140	24.62611	939.64580	-1985.68741	57.35234	644.57218	-1981.64459	-119.06404	634.59851	-2089.76220	-71.14297	692.59366	-1947.34164	20.81552	383.56119	-1983.90069	82.80309	343.11255	-2055.84961	108.08728	78.60781	-2061.88513	37.18766	94.55621	-2098.24220	71.67313	111.24517	-2012.56225	65.62770	72.25164	-2007.05495	-54.84126	334.59949	-2067.62355	-102.46212	318.02529	-2262.58149	-98.30480	127.69065	-2262.79224	-31.39254	147.37986	-2272.65856	-71.66323	184.82017	-2246.21070	-57.16252	87.81898	-2093.11618	0.46657	694.74729	-2033.30850	-178.85895	419.46684	-2000.92030	149.57070	468.39810	-2150.44375	-166.54364	236.98412	-2004.32945	155.93512	234.82025	
80	0.790	-2090.54564	4.06914	971.84646	-2064.97634	-29.29069	784.19213	-1961.11722	23.04989	941.99448	-1977.16642	58.86360	647.24141	-1970.67073	-117.50273	635.51899	-2079.33848	-71.74672	694.60250	-1946.27948	23.79434	383.83740	-1984.14993	85.70805	344.29705	-2056.31046	108.84378	79.20521	-2061.83585	38.18978	95.49982	-2098.47194	72.39184	112.16993	-2012.76669	66.65818	72.69411	-1986.52860	-54.36482	336.85080	-2047.09739	-101.81200	318.96868	-2243.59349	-99.48888	131.37767	-2243.30732	-32.03404	149.77063	-2253.61214	-71.61425	187.89740	-2226.08303	-59.49208	91.14510	-2083.42417	-0.21451	697.86597	-2016.44653	-178.17688	421.51614	-1997.86914	152.02196	470.20614	-2130.54816	-166.58371	240.25779	-2005.60905	158.26348	235.20756	
81	0.800	-2079.54556	1.62780	974.56512	-2054.58284	-30.71864	786.76646	-1950.45492	21.37827	944.42272	-1968.84465	60.25440	649.76103	-1960.03302	-116.03083	636.87112	-2069.21511	-72.14425	696.76646	-1945.46464	25.93249	384.16811	-1984.51015	87.86779	345.47299	-2056.92572	108.82919	79.91116	-2061.62178	38.40724	96.37673	-2098.69341	72.11458	113.06522	-2012.92638	67.12460	73.18014	-1965.88229	-53.87535	340.10466	-2026.23517	-101.28160	320.66187	-2223.30408	-100.75435	134.77043	-2222.79169	-32.84114	152.02628	-2233.71043	-71.83299	190.64186	-2204.42053	-61.77094	94.48682	-2073.94167	-0.71832	700.91038	-1999.53461	-177.63664	424.23671	-1994.83764	153.88388	471.86171	-2109.83730	-166.73747	243.72949	-2007.35554	159.81357	235.75417	
82	0.810	-2068.51065	-0.80797	977.38625	-2044.49080	-31.88989	789.37540	-1939.76441	19.65651	946.83841	-1960.71760	61.49391	652.08475	-1949.68537	-114.67932	638.56064	-2059.36986	-72.41417	698.98752	-1944.73188	27.36146	384.52039	-1984.84523	89.37070	346.62037	-2057.61996	108.22597	80.71465	-2061.23244	38.01069	97.21084	-2098.84914	71.06359	113.96018	-2013.01892	67.15080	73.69348	-1945.16160	-53.39564	344.29364	-2005.07422	-100.88414	323.06390	-2201.74614	-102.08482	137.77029	-2201.27415	-33.80250	154.08018	-2212.93943	-72.32716	192.97727	-2181.33265	-63.94768	97.73887	-2064.67003	-1.12877	703.78938	-1982.56411	-177.25432	427.55264	-1991.78764	155.19944	473.36163	-2088.34288	-167.00331	247.29521	-2009.37422	160.69878	236.44650	
83	0.820	-2057.43911	-3.16293	980.20818	-2034.67509	-32.82600	791.94094	-1929.02805	17.92511	949.15074	-1952.78319	62.56214	654.18370	-1939.57382	-113.46676	640.48066	-2049.77382	-72.64238	701.16736	-1943.93158	28.27240	384.86765	-1985.04855	90.35528	347.73269	-2058.30217	107.25481	81.59934	-2060.66015	37.21427	98.03068	-2098.88039	69.51460	114.88287	-2013.01715	66.89131	74.21980	-1924.41408	-52.95366	349.32236	-1983.66046	-100.62948	326.11494	-2178.97739	-103.46371	140.31087	-2178.78765	-34.89736	155.87175	-2191.29918	-73.08181	194.84576	-2156.94269	-65.99048	100.81524	-2055.60931	-1.53723	706.42380	-1965.52275	-177.03733	431.37600	-1988.71554	156.05130	474.72601	-2066.12309	-167.37744	250.86873	-2011.46350	161.08237	237.26772	
84	0.830	-2046.33202	-5.37436	982.93549	-2025.10512	-33.56212	794.39187	-1918.23223	16.21714	951.27511	-1945.03644	63.44983	656.04376	-1929.63991	-112.40032	642.51901	-2040.39119	-72.91237	703.21216	-1942.94089	28.87983	385.18721	-1985.04577	90.98301	348.81116	-2058.88246	106.13878	82.54325	-2059.90248	36.24032	98.86215	-2098.73659	67.75156	115.85417	-2012.89478	66.50661	74.74571	-1903.69309	-52.58032	355.07251	-1962.05230	-100.52357	329.73920	-2155.07467	-104.87727	142.35657	-2155.36588	-36.10012	157.34522	-2168.80403	-74.06339	196.20534	-2131.37614	-67.89128	103.65038	-2046.75368	-2.03161	708.74888	-1948.40234	-176.98443	435.61185	-1985.64183	156.54424	475.98784	-2043.26254	-167.85593	254.38630	-2013.43907	161.14791	238.19648	
85	0.840	-2035.19368	-7.39649	985.48251	-2015.74506	-34.14327	796.66504	-1907.36858	14.55622	953.13763	-1937.46387	64.15717	657.66191	-1919.82362	-111.47812	644.56520	-2031.17926	-73.29676	705.03686	-1941.67096	29.38600	385.45858	-1984.79288	91.41184	349.85960	-2059.28808	105.07224	83.52041	-2058.96509	35.28781	99.72325	-2098.38380	66.02658	116.88452	-2012.63256	66.14141	75.25846	-1883.06141	-52.30582	361.40756	-1940.32363	-100.56728	333.84690	-2130.12586	-106.31704	143.89610	-2131.04132	-37.38546	158.44730	-2145.48078	-75.22671	197.02460	-2104.75131	-69.66554	106.19661	-2038.08720	-2.68663	710.71569	-1931.20659	-177.08621	440.16111	-1982.59567	156.78708	477.18267	-2019.86864	-168.43595	257.80565	-2015.15368	161.07074	239.20708	
86	0.850	-2024.03164	-9.20322	987.77571	-2006.55403	-34.62030	798.70592	-1896.43446	12.95537	954.67847	-1930.03873	64.69174	659.04195	-1910.06576	-110.69240	646.51651	-2022.08864	-73.85083	706.56846	-1940.06895	29.95274	385.66241	-1984.27073	91.77440	350.88055	-2059.47550	104.19850	84.50372	-2057.86357	34.50893	100.62141	-2097.81009	64.53042	117.97347	-2012.22343	65.90843	75.74637	-1862.59380	-52.15509	368.17659	-1918.56521	-100.75511	338.33525	-2104.22177	-107.78152	144.93291	-2105.84577	-38.73336	159.12471	-2121.36588	-76.52392	197.27624	-2077.17416	-71.34800	108.41884	-2029.58042	-3.55638	712.29157	-1913.95719	-177.32602	444.92120	-1979.59849	156.87714	478.33993	-1996.06476	-169.11618	261.09983	-2016.50993	160.99498	240.27111	
87	0.860	-2012.85629	-10.78936	989.75503	-1997.48621	-35.04606	800.46854	-1885.43302	11.41675	955.85422	-1922.71761	65.06606	660.19052	-1900.30944	-110.03286	648.28252	-2013.06383	-74.60872	707.74819	-1938.11458	30.68450	385.78017	-1983.47732	92.16398	351.87300	-2059.43635	103.59846	85.46832	-2056.62329	33.99597	101.55340	-2097.02692	63.37646	119.11153	-2011.67522	65.87912	76.19943	-1842.37815	-52.14268	375.21688	-1896.88391	-101.07387	343.08850	-2077.45000	-109.27719	145.47481	-2079.81454	-40.13357	159.32259	-2096.50352	-77.91441	196.93124	-2048.73855	-72.98546	110.28820	-2021.18864	-4.66998	713.45943	-1896.69683	-177.68094	449.78482	-1976.65033	156.88959	479.47678	-1971.98128	-169.89627	264.24729	-2017.46468	161.01856	241.36015	
88	0.870	-2001.68015	-12.17007	991.37413	-1988.49121	-35.47179	801.91493	-1874.37258	9.93219	956.63884	-1915.43919	65.29519	661.11368	-1890.50091	-109.48957	649.78810	-2004.04418	-75.58225	708.53261	-1935.81171	31.62408	385.79407	-1982.41917	92.62916	352.83134	-2059.19641	103.29037	86.39504	-2055.27712	33.77898	102.50742	-2096.06604	62.59873	120.28387	-2011.01050	66.08161	76.61010	-1822.51459	-52.26788	382.35530	-1875.39990	-101.50170	347.97758	-2049.89325	-110.81874	145.52501	-2052.99423	-41.58907	158.98438	-2070.94632	-79.37398	195.95540	-2019.53233	-74.62844	111.77600	-2012.85192	-6.03048	714.21600	-1879.48816	-178.12259	454.63788	-1973.72153	156.87269	480.59499	-1947.74607	-170.77559	267.22064	-2018.02463	161.18763	242.44883	
89	0.880	-1990.51701	-13.37883	992.59989	-1979.51473	-35.94411	803.01443	-1863.26568	8.48453	957.02336	-1908.12541	65.39476	661.81451	-1880.58972	-109.05473	650.97479	-1994.96545	-76.76246	708.89363	-1933.17634	32.75927	385.68700	-1981.10227	93.17640	353.74522	-2058.80833	103.23890	87.27324	-2053.86144	33.83291	103.46668	-2094.97285	62.16194	121.47493	-2010.26351	66.50482	76.97381	-1803.11249	-52.51070	389.40909	-1854.24170	-102.00783	352.86011	-2021.63336	-112.42860	145.07643	-2025.45401	-43.11780	158.05374	-2044.75957	-80.90170	194.30929	-1989.64882	-76.32336	112.84938	-2004.49709	-7.61690	714.56918	-1862.40852	-178.61785	459.35790	-1970.75082	156.84862	481.68063	-1923.47640	-171.75149	269.97685	-2018.23402	161.49946	243.51750	
90	0.890	-1979.38080	-14.46414	993.41138	-1970.49956	-36.50257	803.74294	-1852.12768	7.04959	957.01452	-1900.68486	65.37966	662.29166	-1870.52861	-108.72340	651.80083	-1985.76178	-78.12299	708.81769	-1930.22313	34.03700	385.44204	-1979.52308	93.77856	354.59962	-2058.33962	103.37063	88.10265	-2052.41108	34.09151	104.41353	-2093.79708	61.97996	122.67321	-2009.47488	67.10707	77.28916	-1784.28533	-52.82974	396.18670	-1833.53985	-102.55329	357.58131	-1992.76142	-114.13581	144.11021	-1997.29885	-44.75253	156.47845	-2018.02954	-82.52335	191.95213	-1959.20256	-78.10666	113.46963	-1996.04145	-9.38881	714.53476	-1845.54104	-179.12913	463.81408	-1967.64892	156.81840	482.70591	-1899.27398	-172.81742	272.45130	-2018.15621	161.91224	244.55372	
91	0.900	-1968.28460	-15.48526	993.79849	-1961.38705	-37.17779	804.08242	-1840.97537	5.59854	956.63257	-1893.01829	65.26343	662.53901	-1860.27346	-108.49307	652.24023	-1976.36800	-79.62498	708.30453	-1926.95214	35.38087	385.04149	-1977.66004	94.38672	355.37462	-2057.85825	103.59250	88.89424	-2050.95408	34.46478	105.33354	-2092.58238	61.93858	123.87549	-2008.68516	67.82699	77.55786	-1766.14379	-53.16255	402.48990	-1813.41962	-103.09273	361.97699	-1963.39329	-115.97410	142.59880	-1968.68343	-46.53840	154.21615	-1990.87480	-84.29038	188.84936	-1928.34704	-80.00155	113.59358	-1987.39783	-11.29250	714.13299	-1828.96361	-179.61489	467.87006	-1964.30563	156.76893	483.63232	-1875.22467	-173.96140	274.55762	-2017.85187	162.35887	245.55213	
92	0.910	-1957.23967	-16.50751	993.76070	-1952.11898	-37.99006	804.02066	-1829.82544	4.10055	955.90859	-1885.02541	65.05819	662.54602	-1849.78355	-108.36242	652.28140	-1966.72240	-81.22229	707.36584	-1923.33792	36.70791	384.46539	-1975.46618	94.94263	356.04457	-2057.41805	103.80979	89.66983	-2049.50689	34.85670	106.21868	-2091.35619	61.91839	125.08981	-2007.92787	68.59472	77.78421	-1748.78767	-53.42912	408.11844	-1793.99370	-103.57731	365.87888	-1933.68798	-117.97908	140.51287	-1939.82413	-48.52827	151.24160	-1963.45909	-86.27428	184.98282	-1897.29169	-82.01749	113.17826	-1978.48056	-13.26768	713.38549	-1812.73810	-180.03036	471.38957	-1960.59819	156.68019	484.41396	-1851.40329	-175.16503	276.19394	-2017.35703	162.76211	246.51251	
93	0.920	-1946.25473	-17.59726	993.30600	-1942.63977	-38.94849	803.55160	-1818.69326	2.52549	954.88171	-1876.61239	64.77487	662.29869	-1839.02256	-108.32985	651.92602	-1956.76960	-82.86661	706.02423	-1919.32190	37.94210	383.68976	-1972.86357	95.38963	356.57660	-2057.04594	103.94126	90.46070	-2048.07040	35.18065	107.06959	-2090.12108	61.81477	126.33696	-2007.22304	69.34165	77.97458	-1732.29758	-53.53870	412.87783	-1775.35563	-103.95866	369.12288	-1903.86583	-120.18444	137.83122	-1911.00683	-50.77596	147.55469	-1936.00295	-88.55655	180.36224	-1866.31503	-84.15164	112.18816	-1969.21163	-15.25377	712.31291	-1796.90196	-180.32932	474.24499	-1956.39903	156.53115	485.00035	-1827.88306	-176.40322	277.25468	-2016.66406	163.04874	247.43629	
94	0.930	-1935.33540	-18.81715	992.45028	-1932.89903	-40.05042	802.67611	-1807.59181	0.84653	953.59655	-1867.69903	64.42337	661.78094	-1827.96028	-108.39234	651.18825	-1946.46365	-84.51155	704.31280	-1914.80949	39.02260	382.68505	-1969.74066	95.68057	356.92896	-2056.73230	103.92972	91.30535	-2046.62697	35.37064	107.89649	-2088.84823	61.55281	127.65012	-2006.57172	70.00765	78.13682	-1716.72764	-53.39975	416.59087	-1757.57495	-104.19352	371.56006	-1874.22223	-122.61730	134.55187	-1882.58786	-53.32803	143.18843	-1908.79116	-91.21531	175.03602	-1835.77042	-86.39163	110.60440	-1959.52660	-17.19486	710.93390	-1781.46435	-180.46703	476.32754	-1951.58167	156.30353	485.33859	-1804.74794	-177.64476	277.64592	-2015.70821	163.16064	248.32217	
95	0.940	-1924.48413	-20.22161	991.21715	-1922.85411	-41.28137	801.40332	-1796.53104	-0.95741	952.10111	-1858.22499	64.01253	660.97621	-1816.57495	-108.54490	650.09493	-1935.77116	-86.11544	702.27527	-1909.67191	39.90681	381.41547	-1965.95325	95.78212	357.04984	-2056.42523	103.74735	92.24671	-2045.13838	35.38767	108.71907	-2087.47365	61.09609	129.07291	-2005.95177	70.54533	78.27994	-1702.10031	-52.93220	419.11217	-1740.69499	-104.24884	373.06941	-1845.13276	-125.29278	130.70262	-1854.98596	-56.21460	138.21551	-1882.17283	-94.30988	169.09942	-1806.08170	-88.71837	108.43401	-1949.37966	-19.04290	709.26542	-1766.40792	-180.40481	477.55803	-1946.02470	155.98344	485.37484	-1782.10563	-178.85377	277.30140	-2014.36160	163.06182	249.16159	
96	0.950	-1913.70024	-21.85306	989.63825	-1912.47269	-42.61544	799.75220	-1785.51762	-2.89967	950.44531	-1848.15437	63.54959	659.86950	-1804.85599	-108.78105	648.68628	-1924.67405	-87.64274	699.96685	-1903.75308	40.56866	379.83988	-1961.32963	95.67559	356.87755	-2056.02869	103.39613	93.32912	-2043.54460	35.22104	109.56543	-2085.89710	60.44911	130.65602	-2005.31503	70.92156	78.41407	-1688.40478	-52.08081	420.34414	-1724.73380	-104.10696	373.57128	-1817.04600	-128.20861	126.34897	-1828.66358	-59.44065	132.75209	-1856.55152	-97.86570	162.69787	-1777.72667	-91.10836	105.71786	-1938.74736	-20.75907	707.32460	-1751.69641	-180.11603	477.89636	-1939.61423	155.56096	485.05569	-1760.09812	-179.99236	276.19572	-2012.43531	162.74108	249.93513	
97	0.960	-1902.98033	-23.73876	987.75389	-1901.73497	-44.01623	797.75343	-1774.55499	-4.98424	948.68023	-1837.47811	63.03929	658.44968	-1792.80662	-109.09407	647.01722	-1913.17191	-89.06425	697.45519	-1896.88064	40.99372	377.91480	-1955.67999	95.35484	356.34315	-2055.40441	102.90392	94.59529	-2041.76319	34.88540	110.47035	-2083.98373	59.65370	132.45278	-2004.58583	71.11658	78.55099	-1675.59942	-50.82795	420.25223	-1709.68825	-103.77023	373.03928	-1790.46173	-131.34045	121.59749	-1804.09769	-62.97881	126.95705	-1832.36416	-101.86198	156.02401	-1751.20810	-93.53474	102.53506	-1927.63056	-22.31352	705.13176	-1737.28702	-179.59307	477.34837	-1932.24578	155.02836	484.33033	-1738.90698	-181.02477	274.35204	-2009.68971	162.21027	250.61073	
98	0.970	-1892.31897	-25.88857	985.61381	-1890.63537	-45.43857	795.45105	-1763.64385	-7.20456	946.85796	-1826.21416	62.48280	656.71233	-1780.44583	-109.47901	645.15835	-1901.28318	-90.35653	694.82120	-1888.88042	41.17271	375.60006	-1948.80953	94.82239	355.37595	-2054.37696	102.31725	96.08357	-2039.68935	34.41462	111.47318	-2081.56842	58.78051	134.51429	-2003.66058	71.12184	78.70502	-1663.61870	-49.20376	418.87637	-1695.54119	-103.26483	371.50865	-1765.89470	-134.63922	116.59333	-1781.74159	-66.76554	121.02551	-1810.04927	-106.22485	149.30736	-1727.01409	-95.96743	99.00240	-1916.05446	-23.68422	702.71428	-1723.14534	-178.85418	475.96880	-1923.82635	154.37782	483.15394	-1718.75085	-181.92319	271.84274	-2005.85196	161.49905	251.14438	
99	0.980	-1881.70936	-28.29366	983.27772	-1879.18347	-46.83097	792.90368	-1752.78272	-9.54306	945.03193	-1814.40547	61.87650	654.66299	-1767.80924	-109.93476	643.19627	-1889.04513	-91.50124	692.15896	-1879.59247	41.09523	372.86686	-1940.53429	94.08477	353.91221	-2052.74167	101.69223	97.82562	-2037.19653	33.85361	112.61521	-2078.46275	57.91664	136.88439	-2002.40836	70.93711	78.89419	-1652.38369	-47.29178	416.33572	-1682.27057	-102.64288	369.07896	-1743.82687	-138.03158	111.51111	-1761.98203	-70.70213	115.17605	-1790.00727	-110.82851	142.79681	-1705.57186	-98.37276	95.26765	-1904.06652	-24.85558	700.11062	-1709.25986	-177.94893	473.85975	-1914.27755	153.59912	481.49299	-1699.87408	-182.67478	268.78282	-2000.63917	160.64710	251.48419	
100	0.990	-1871.14416	-30.92628	980.81552	-1867.40395	-48.13891	790.18485	-1741.96877	-11.97117	943.25734	-1802.11596	61.21127	652.32068	-1754.94841	-110.46585	641.23225	-1876.51207	-92.48471	689.57435	-1868.88716	40.74520	369.70760	-1930.69804	93.14825	351.90638	-2050.27521	101.08454	99.84463	-2034.13792	33.24952	113.93669	-2074.46446	57.15119	139.59486	-2000.67257	70.56783	79.14141	-1641.81475	-45.22820	412.82453	-1669.85909	-101.98245	365.90996	-1724.65439	-141.42460	106.53984	-1745.09731	-74.66181	109.63258	-1772.55808	-115.50576	136.73755	-1687.20147	-100.71348	91.49728	-1891.73240	-25.81748	697.37386	-1695.65280	-176.96062	471.16477	-1903.54013	152.67825	479.33224	-1682.52663	-183.28887	265.31805	-1993.78514	159.69508	251.57758	
101	1.000	-1860.61623	-33.74052	978.30664	-1855.33561	-49.30886	787.38228	-1731.19856	-14.45005	941.59158	-1789.42505	60.47223	649.72130	-1741.92830	-111.08344	639.37907	-1863.75193	-93.29834	687.18190	-1856.67932	40.09909	366.14637	-1919.18837	92.01582	349.34359	-2046.74830	100.54004	102.15395	-2030.34913	32.64340	115.47341	-2069.36922	56.56032	142.66115	-1998.27379	70.02304	79.47508	-1631.84438	-43.19383	408.59820	-1658.30234	-101.38489	362.21002	-1708.63798	-144.71487	101.86381	-1731.22390	-78.50302	104.60284	-1757.90277	-120.06785	131.34573	-1672.07693	-102.95017	87.85975	-1879.13030	-26.56535	694.57402	-1682.38449	-176.00406	468.05902	-1891.57965	151.59726	476.68300	-1666.93798	-183.80230	261.61023	-1985.06799	158.67591	251.38162	
102	1.010	-1850.11920	-36.67438	975.83844	-1843.02928	-50.29272	784.59572	-1720.46870	-16.93205	940.09416	-1776.42137	59.63940	646.92049	-1728.82321	-111.80519	637.75571	-1850.84132	-93.93976	685.09988	-1842.93870	39.12753	362.24810	-1905.94994	90.68595	346.25141	-2041.94008	100.08683	104.75610	-2025.65227	32.06321	117.25261	-2062.98415	56.19361	146.07863	-1995.01402	69.31425	79.92887	-1622.42791	-41.39848	403.95052	-1647.61377	-100.96905	358.21849	-1695.86622	-147.80155	97.64252	-1720.33805	-82.08793	100.25725	-1746.09673	-124.33137	126.78481	-1660.20245	-105.04462	84.50754	-1866.34426	-27.10125	691.79853	-1669.54991	-175.21787	464.73652	-1878.39273	150.33550	473.59126	-1653.28892	-184.28071	257.82262	-1974.33567	157.60775	250.87513	
103	1.020	-1839.64780	-39.65279	973.50365	-1830.54490	-51.05239	781.93342	-1709.77631	-19.36275	938.82596	-1763.19625	58.68910	643.99504	-1715.71144	-112.65387	636.48016	-1837.85964	-94.41464	683.44379	-1827.69542	37.79987	358.12447	-1890.99341	89.15339	342.70843	-2035.65324	99.72994	107.64181	-2019.86197	31.51889	119.28850	-2055.14191	56.06342	149.81968	-1990.68276	68.45501	80.54000	-1613.55011	-40.05932	399.18503	-1637.82498	-100.86249	354.18413	-1686.24026	-150.60135	93.99346	-1712.25737	-85.30294	96.71175	-1737.04041	-128.14764	123.14849	-1651.40914	-106.96490	81.56107	-1853.45725	-27.43584	689.15040	-1657.26745	-174.75132	461.39576	-1864.01296	148.87218	470.14407	-1641.68651	-184.81439	254.10725	-1961.52614	156.49022	250.07069	
104	1.030	-1829.19797	-42.59184	971.39660	-1817.94790	-51.56380	779.50722	-1699.11921	-21.68376	937.84772	-1749.83775	57.59634	641.04245	-1702.66931	-113.65493	635.66119	-1824.88285	-94.73860	682.31887	-1811.03958	36.09135	353.93449	-1874.39877	87.41169	338.84761	-2027.72827	99.44889	110.78897	-2012.79302	30.99971	121.57767	-2045.71394	56.13846	153.83175	-1985.06490	67.46073	81.34616	-1605.22659	-39.37571	394.58496	-1628.98105	-101.19004	350.34281	-1679.48408	-153.06207	90.98119	-1706.66304	-88.07707	94.01833	-1730.49061	-131.42789	120.45360	-1645.37414	-108.69129	79.09781	-1840.54477	-27.59056	686.74394	-1645.66183	-174.74718	458.22525	-1848.51518	147.18977	466.47221	-1632.14731	-185.50819	250.59531	-1946.67926	155.30453	249.02427	
105	1.040	-1818.76660	-45.40369	969.60879	-1805.30533	-51.82006	777.42663	-1688.49584	-23.83590	937.21758	-1736.42574	56.33756	638.17790	-1689.76555	-114.83327	635.38976	-1811.97791	-94.93856	681.81237	-1793.11493	33.99111	349.87854	-1856.31254	85.45702	334.85243	-2018.05525	99.19820	114.16155	-2004.26944	30.47409	124.09514	-2034.62085	56.34250	158.03696	-1977.95049	66.34826	82.38096	-1597.49984	-39.50456	390.38708	-1621.13160	-102.06093	346.89804	-1675.17959	-155.17121	88.61499	-1703.13896	-90.39317	92.16486	-1726.09087	-134.15758	118.64449	-1641.65912	-110.22067	77.14855	-1827.66994	-27.59924	684.69815	-1634.84473	-175.32340	455.39015	-1832.01709	145.27772	462.74740	-1624.59275	-186.46731	247.39040	-1929.93827	154.01754	247.83936	
106	1.050	-1808.35112	-48.00223	968.22388	-1792.68196	-51.83304	775.79232	-1677.90490	-25.76278	936.98795	-1723.02844	54.89383	635.52860	-1677.05663	-116.20978	635.73146	-1799.19858	-95.05273	681.98666	-1774.10744	31.51000	346.18562	-1836.93877	83.29241	330.94572	-2006.58124	98.91051	117.70854	-1994.13424	29.89138	126.79186	-2021.83806	56.55856	162.33360	-1969.14593	65.13461	83.66873	-1590.43090	-40.54043	386.76382	-1614.31950	-103.55617	344.00695	-1672.81969	-156.95621	86.85522	-1701.22024	-92.28820	91.08390	-1723.41543	-136.39476	117.60781	-1639.76112	-111.56775	75.70091	-1814.88056	-27.50822	683.12832	-1624.89713	-176.55707	453.02171	-1814.67726	143.13590	459.17333	-1618.85826	-187.78178	244.56497	-1911.53982	152.58883	246.66358	
107	1.060	-1797.94880	-50.30879	967.31263	-1780.13684	-51.63315	774.68964	-1667.34482	-27.41439	937.20173	-1709.70062	53.25366	633.22558	-1664.58385	-117.79820	636.72082	-1786.58313	-95.12887	682.87384	-1754.22998	28.68624	343.09497	-1816.52450	80.93167	327.37169	-1993.31201	98.50158	121.36361	-1982.25878	29.18552	129.59492	-2007.39542	56.63792	166.60027	-1958.48595	63.83446	85.21948	-1584.08800	-42.50423	383.81659	-1608.56974	-105.71815	341.77345	-1671.86919	-158.47560	85.62681	-1700.44218	-93.84187	90.66831	-1722.01846	-138.25203	117.19444	-1639.16642	-112.76169	74.70860	-1802.20844	-27.37435	682.13668	-1615.85711	-178.47402	451.21020	-1796.68872	140.77738	455.97033	-1614.71487	-189.51286	242.16007	-1891.79332	150.97900	245.67630	
108	1.070	-1787.55607	-52.25773	966.92823	-1767.72070	-51.26713	774.18271	-1656.81309	-28.75052	937.88850	-1696.48333	51.41535	631.39362	-1652.37256	-119.60265	638.35822	-1774.15437	-95.22043	684.47259	-1733.70522	25.58790	340.83435	-1795.34114	78.40195	324.37352	-1978.30762	97.87637	125.04611	-1968.55112	28.27997	132.41124	-1991.37052	56.41342	170.70283	-1945.84527	62.45664	87.02519	-1578.53418	-45.34269	381.58009	-1603.88064	-108.54429	340.24844	-1671.82228	-159.80297	84.83653	-1700.38147	-95.15598	90.79020	-1721.47980	-139.86613	117.24394	-1639.39854	-113.83872	74.10413	-1789.67086	-27.26072	681.80303	-1607.71575	-181.04609	450.00185	-1778.26827	138.22994	453.35553	-1611.89891	-191.68407	240.18864	-1871.05207	149.15692	245.06807	
109	1.080	-1777.16785	-53.80126	967.10246	-1755.47420	-50.79393	774.30969	-1646.30574	-29.74373	939.06092	-1683.40481	49.38833	630.14041	-1640.43345	-121.61640	640.60985	-1761.92172	-95.38108	686.74754	-1712.74870	22.31135	339.59833	-1773.66343	75.74447	322.16958	-1961.67260	96.93599	128.66392	-1952.96227	27.09374	135.13513	-1973.87683	55.71550	174.50411	-1931.14882	61.00016	89.05844	-1573.81534	-48.93843	380.03528	-1600.21899	-111.98608	339.43563	-1672.24736	-161.00811	84.39054	-1700.68458	-96.33011	91.31965	-1721.44004	-141.36368	117.60708	-1640.05360	-114.83278	73.81192	-1777.27381	-27.23030	682.17648	-1600.42152	-184.19640	449.39979	-1759.64185	135.53635	451.52078	-1610.14390	-194.27809	238.64200	-1849.67983	147.10440	245.01480	
110	1.090	-1766.77712	-54.91313	967.84305	-1743.42741	-50.27933	775.07972	-1635.81685	-30.38148	940.71173	-1670.48233	47.19336	629.54633	-1628.76562	-123.82171	643.41041	-1749.88490	-95.65827	689.63105	-1691.55420	18.97530	339.52970	-1751.74833	73.01284	320.93179	-1943.54206	95.58505	132.11864	-1935.49004	25.54821	137.65916	-1955.04878	54.38960	177.87574	-1914.37897	59.45090	91.27395	-1569.95025	-53.12833	379.12636	-1597.51962	-115.95373	339.30073	-1672.81385	-162.14085	84.20852	-1701.08148	-97.44023	92.13993	-1721.62078	-142.83215	118.16257	-1640.81992	-115.76715	73.75963	-1765.01610	-27.33853	683.26926	-1593.89172	-187.81101	449.36855	-1741.02752	132.75290	450.61180	-1609.20832	-197.23971	237.49796	-1828.01743	144.81725	245.65110	
111	1.100	-1756.37476	-55.59076	969.13257	-1731.60016	-49.78961	776.47174	-1625.33841	-30.66741	942.81200	-1657.72443	44.86151	629.65598	-1617.36097	-126.19099	646.66823	-1738.03857	-96.08679	693.02720	-1670.28273	15.71091	340.70687	-1729.81621	70.26913	320.76924	-1924.06633	93.73952	135.31266	-1916.18013	23.57453	139.88710	-1935.02667	52.31323	180.71054	-1895.57856	57.78018	93.61309	-1566.92349	-57.72636	378.77729	-1595.68870	-120.32590	339.78169	-1673.29967	-163.22158	84.23219	-1701.38601	-98.52529	93.15752	-1721.82960	-144.30349	118.82608	-1641.48208	-116.64942	73.88602	-1752.89375	-27.62597	685.05342	-1588.02779	-191.75445	449.84139	-1722.61788	129.94629	450.71173	-1608.89405	-200.48377	236.72858	-1806.35331	142.30346	247.04846	
112	1.110	-1745.94984	-55.85570	970.92880	-1720.00339	-49.38524	778.43531	-1614.86059	-30.62146	945.31063	-1645.13306	42.43207	630.47281	-1606.20888	-128.68891	650.27192	-1726.37707	-96.68349	696.81732	-1649.05634	12.64891	343.13877	-1708.03648	67.57796	321.71926	-1903.39616	91.33476	138.15733	-1895.12412	21.12101	141.74643	-1913.94410	49.41069	182.93373	-1874.84868	55.94616	96.01035	-1564.68194	-62.54644	378.90457	-1594.60973	-124.96284	340.79806	-1673.58222	-164.24079	84.42717	-1701.48614	-99.58460	94.30590	-1721.95196	-145.75360	119.55111	-1641.91225	-117.47142	74.14462	-1740.90380	-28.11227	687.46073	-1582.73046	-195.88596	450.72957	-1704.56463	127.18878	451.83162	-1609.05319	-203.90657	236.30554	-1784.90112	139.57983	249.20248	
113	1.120	-1735.49018	-55.75208	973.16687	-1708.64087	-49.11517	780.89343	-1604.37224	-30.27892	948.13554	-1632.70560	39.94960	631.95743	-1595.30069	-131.27517	654.09793	-1714.89836	-97.44395	700.86674	-1627.95680	9.90536	346.76732	-1686.51935	64.99938	323.74686	-1881.67046	88.33331	140.58077	-1872.45460	18.15993	143.19810	-1891.91961	45.66382	184.51061	-1852.34104	53.89847	98.40068	-1563.13520	-67.42172	379.42459	-1594.15070	-129.72082	342.25856	-1673.61801	-165.16661	84.77908	-1701.32838	-100.58524	95.54406	-1721.93435	-147.11601	120.32312	-1642.05328	-118.21360	74.50358	-1729.04701	-28.79251	690.38593	-1577.91153	-200.07382	451.93263	-1686.96748	124.55217	453.90926	-1609.58329	-207.39855	236.20200	-1763.78623	136.66889	252.03216	
114	1.130	-1724.98336	-55.34333	975.76267	-1697.51118	-49.01250	783.74694	-1593.86185	-29.68837	951.19635	-1620.43620	37.46038	634.02986	-1584.63299	-133.90767	658.01824	-1703.60671	-98.34175	705.03206	-1607.02892	7.56789	351.47649	-1665.31453	62.58171	326.75191	-1859.00751	84.73173	142.53384	-1848.33742	14.69281	144.24117	-1869.05300	41.11712	185.44918	-1828.24527	51.58564	100.72608	-1562.15975	-72.21770	380.25624	-1594.17124	-134.46563	344.06680	-1673.41710	-165.95757	85.28565	-1700.90041	-101.47644	96.85100	-1721.76390	-148.30467	121.14942	-1641.89832	-118.85246	74.94268	-1717.32919	-29.63660	693.69308	-1573.50022	-204.20596	453.34814	-1669.86899	122.10092	456.81632	-1610.41419	-210.85622	236.39133	-1743.04178	133.59719	255.39112	
115	1.140	-1714.41786	-54.70735	978.61749	-1686.60955	-49.09179	786.88025	-1583.31865	-28.90867	954.38858	-1608.31670	35.00878	636.57534	-1574.20936	-136.54560	661.90767	-1692.51361	-99.33039	709.16853	-1586.28773	5.68439	357.10575	-1644.41676	60.35535	330.58264	-1835.50008	80.56520	143.99305	-1822.96152	10.75342	144.91108	-1845.42579	35.87649	185.79647	-1802.77261	48.96415	102.94021	-1561.60640	-76.83834	381.32048	-1594.52901	-139.08280	346.12543	-1673.01815	-166.57656	85.94767	-1700.21499	-102.20629	98.21822	-1721.44886	-149.23886	122.04758	-1641.47118	-119.36862	75.44872	-1705.76092	-30.59176	697.22426	-1569.44370	-208.19584	454.88011	-1653.25618	119.88552	460.37238	-1611.49110	-214.19135	236.84400	-1722.61423	130.39539	259.08816	
116	1.150	-1703.78434	-53.93051	981.62333	-1675.92918	-49.34847	790.16779	-1572.73382	-28.00525	957.59889	-1596.33686	32.63366	639.45305	-1564.04023	-139.15224	665.65028	-1681.63675	-100.34756	713.13713	-1565.72836	4.25582	363.46584	-1623.77719	58.32847	335.05290	-1811.21385	75.90910	144.95972	-1796.52725	6.40781	145.27161	-1821.10424	30.10168	185.62889	-1776.13817	46.00746	105.01034	-1561.31021	-81.22534	382.53904	-1595.08486	-143.48354	348.33942	-1672.46815	-167.00216	86.76091	-1699.29741	-102.73643	99.64217	-1721.00336	-149.86375	123.03504	-1640.81026	-119.75333	76.01076	-1694.35598	-31.58785	700.80993	-1565.70299	-211.98373	456.44497	-1637.06811	117.93686	464.36381	-1612.75891	-217.33646	237.52454	-1702.37735	127.09907	262.91296	
117	1.160	-1693.07676	-53.10103	984.66850	-1665.46196	-49.76011	793.48076	-1562.10158	-27.04594	960.71110	-1584.48425	30.36553	642.50665	-1554.14097	-141.69701	669.14459	-1670.99735	-101.32137	716.81103	-1545.33718	3.23398	370.35413	-1603.31886	56.48521	339.96070	-1786.18883	70.87674	145.45577	-1769.23391	1.75118	145.40198	-1796.14331	23.99311	185.03824	-1748.54406	42.71338	106.91671	-1561.10176	-85.35203	383.83390	-1595.70679	-147.60590	350.61891	-1671.80907	-167.23469	87.71102	-1698.17707	-103.05120	101.11809	-1720.43809	-150.16205	124.12171	-1639.95760	-120.01180	76.61635	-1683.12859	-32.54464	704.27995	-1562.24633	-215.53414	457.97481	-1621.20791	116.26245	468.56453	-1614.15190	-220.24634	238.39009	-1682.15294	123.74950	266.66178	
118	1.170	-1682.29329	-52.30239	987.64303	-1655.19850	-50.28945	796.69356	-1551.42001	-26.09663	963.61233	-1572.74367	28.22445	645.57565	-1544.52843	-144.15683	672.30735	-1660.61613	-102.17748	720.08092	-1525.10288	2.52459	377.56808	-1582.95405	54.78654	345.10545	-1760.44318	65.61276	145.51693	-1741.26818	-3.09829	145.38147	-1770.59049	17.77482	184.11550	-1720.16599	39.10820	108.64964	-1560.81835	-89.21374	385.12829	-1596.27304	-151.41186	352.88180	-1671.07198	-167.29600	88.77213	-1696.88303	-103.15989	102.63604	-1719.75703	-150.15500	125.30636	-1638.95300	-120.16259	77.24933	-1672.09000	-33.38019	707.47437	-1559.04217	-218.83061	459.41795	-1605.55683	114.84501	472.75629	-1615.59055	-222.89593	239.39118	-1661.73594	120.39272	270.15865	
119	1.180	-1671.43679	-51.60732	990.44350	-1645.12734	-50.88874	799.68954	-1540.69143	-25.21717	966.19892	-1561.09649	26.21907	648.50615	-1535.21663	-146.51643	675.07570	-1650.50846	-102.84637	722.85924	-1505.02606	1.99516	384.91531	-1562.60145	53.17349	350.30198	-1733.97898	60.28263	145.18493	-1712.79449	-8.00824	145.27450	-1744.48856	11.67541	182.93559	-1691.14523	35.24676	110.20556	-1560.31404	-92.81704	386.34932	-1596.67446	-154.88168	355.05607	-1670.27728	-167.22360	89.90877	-1695.44269	-103.09219	104.17963	-1718.95905	-149.89375	126.57676	-1637.83226	-120.23373	77.88953	-1661.24488	-34.01924	710.25291	-1556.05325	-221.86929	460.73739	-1589.98843	113.64367	476.74584	-1616.98533	-225.27575	240.47461	-1640.92097	117.07673	273.26920	
120	1.190	-1660.51478	-51.07290	992.97702	-1635.23384	-51.50469	802.36568	-1529.92233	-24.45772	968.38143	-1549.51997	24.34686	651.16028	-1526.21204	-148.76792	677.40768	-1640.67950	-103.26987	725.08274	-1485.12630	1.48645	392.21975	-1542.20084	51.57240	355.38987	-1706.78978	55.05886	144.50003	-1683.94886	-12.84260	145.11861	-1717.87759	5.90890	181.54552	-1661.58701	31.20812	111.58248	-1559.46713	-96.17019	387.43132	-1596.81621	-158.00745	357.08159	-1669.43897	-167.06121	91.08046	-1693.88228	-102.88913	105.72693	-1718.04230	-149.44431	127.91269	-1636.62805	-120.25667	78.51409	-1650.58795	-34.40051	712.50248	-1553.23280	-224.65279	461.90794	-1574.38109	112.59748	480.37760	-1618.24557	-227.38617	241.58750	-1619.52733	113.84665	275.90587	
121	1.200	-1649.53890	-50.73710	995.16410	-1625.49861	-52.08369	804.63595	-1519.12263	-23.85595	970.08860	-1537.98663	22.59537	653.42318	-1517.50938	-150.90970	679.28128	-1631.11987	-103.40621	726.71347	-1465.44586	0.82638	399.32403	-1521.72389	49.90136	360.23781	-1678.86962	50.10574	143.49519	-1654.83719	-17.47300	144.91743	-1690.79684	0.65760	179.95802	-1631.56563	27.08738	112.77585	-1558.18454	-99.27646	388.31910	-1596.61888	-160.78739	358.91134	-1668.57056	-166.84848	92.24728	-1692.22801	-102.59215	107.25306	-1717.00934	-148.87057	129.29043	-1635.37171	-120.25986	79.09985	-1640.10130	-34.48216	714.14205	-1550.52334	-227.18541	462.91290	-1558.62807	111.63092	483.54056	-1619.29044	-229.23176	242.68161	-1597.42010	110.73891	278.02543	
122	1.210	-1638.52379	-50.61713	996.94035	-1615.89601	-52.57660	806.43331	-1508.30457	-23.43510	971.26981	-1526.46398	20.94439	655.20740	-1509.08815	-152.94498	680.69207	-1621.80260	-103.23299	727.73807	-1446.04965	-0.15535	406.08862	-1501.18011	48.07714	364.74284	-1650.22332	45.56404	142.19257	-1625.53860	-21.78968	144.63932	-1663.28753	-3.94151	178.15130	-1601.13543	22.98472	113.77521	-1556.40262	-102.13171	388.97023	-1596.01885	-163.22220	360.51180	-1667.68983	-166.61268	93.37528	-1690.50667	-102.23356	108.73362	-1715.87065	-148.22002	130.68769	-1634.09456	-120.26371	79.62615	-1629.75273	-34.24479	715.12458	-1547.85762	-229.47053	463.74101	-1542.64475	110.66034	486.16932	-1620.05869	-230.81717	243.71701	-1574.52537	107.77564	279.62062	
123	1.220	-1627.48563	-50.70936	998.25711	-1606.39285	-52.94276	807.71031	-1497.48112	-23.20313	971.89606	-1514.91454	19.36854	656.45427	-1500.91061	-154.88032	681.64997	-1612.68168	-102.74812	728.16534	-1427.02158	-1.61309	412.38868	-1480.61751	46.02210	368.82578	-1620.87753	41.53802	140.60242	-1596.11429	-25.71081	144.22158	-1635.39754	-7.80558	176.07491	-1570.34608	18.99325	114.56180	-1554.08466	-104.72592	389.35596	-1594.96783	-165.31391	361.86240	-1666.82089	-166.36440	94.44055	-1688.74503	-101.83081	110.14803	-1714.64541	-147.51550	132.08767	-1632.82780	-120.27817	80.07717	-1619.49533	-33.69184	715.43597	-1545.16139	-231.51038	464.38429	-1526.37311	109.60081	488.23942	-1620.51455	-232.14521	244.66465	-1550.83875	104.96054	280.70846	
124	1.230	-1616.44036	-50.99082	999.08110	-1596.94758	-53.15300	808.43843	-1486.66419	-23.15291	971.95948	-1503.29631	17.84006	657.13284	-1492.92126	-156.72441	682.17534	-1603.69258	-101.96866	728.02251	-1408.45777	-3.67296	418.11004	-1460.11873	43.67023	372.42394	-1590.89229	38.08624	138.72414	-1566.62097	-29.18924	143.57921	-1607.18871	-10.90902	173.66015	-1539.26020	15.18749	115.10732	-1551.21567	-107.04797	389.46041	-1593.43127	-167.06713	362.95417	-1665.99262	-166.09824	95.43121	-1686.96788	-101.38586	111.48220	-1713.35887	-146.75487	133.48156	-1631.60081	-120.30333	80.44338	-1609.26853	-32.84751	715.09145	-1542.35697	-233.30777	464.83676	-1509.78400	108.37247	489.75816	-1620.64799	-233.21744	245.50736	-1526.42701	102.27739	281.31750	
125	1.240	-1605.40191	-51.42197	999.39327	-1587.51011	-53.19157	808.60650	-1475.86282	-23.26344	971.47153	-1491.56378	16.33132	657.23672	-1485.04787	-158.48726	682.29488	-1594.75464	-100.92809	727.35056	-1390.45736	-6.42328	423.14545	-1439.79301	40.97214	375.48314	-1560.37212	35.21735	136.54883	-1537.12786	-32.21561	142.61650	-1578.74662	-13.28114	170.83316	-1507.97125	11.61416	115.37382	-1547.79548	-109.09194	389.27846	-1591.38541	-168.49179	363.78746	-1665.23355	-165.79810	96.34727	-1685.19479	-100.88955	112.73007	-1712.03672	-145.91823	134.86927	-1630.43793	-120.33271	80.72165	-1599.00050	-31.75288	714.12993	-1539.36669	-234.86886	465.09395	-1492.87737	106.90581	490.75243	-1620.46919	-234.03711	246.23937	-1501.42363	99.69146	281.47618	
126	1.250	-1594.38051	-51.95028	999.18721	-1578.02243	-53.05692	808.21845	-1465.08154	-23.50183	970.46030	-1479.66959	14.81700	656.77980	-1477.20414	-160.17975	682.03767	-1585.77518	-99.67269	726.19908	-1373.11235	-9.90840	427.39243	-1419.76574	37.89878	377.95062	-1529.47605	32.89155	134.06262	-1507.73489	-34.81770	141.23959	-1550.19195	-14.99854	167.52851	-1476.61945	8.28698	115.31496	-1543.83094	-110.86310	388.81250	-1588.81329	-169.60622	364.36883	-1664.56448	-165.44563	97.19845	-1683.43623	-100.32957	113.89372	-1710.69757	-144.98031	136.25842	-1629.35451	-120.35822	80.91411	-1588.61181	-30.46086	712.60746	-1536.11543	-236.20604	465.15271	-1475.68067	105.14599	491.25568	-1619.99796	-234.61318	246.86435	-1476.01941	97.15371	281.20389	
127	1.260	-1583.38143	-52.51449	998.46737	-1568.42005	-52.76152	807.29079	-1454.31914	-23.82609	968.96710	-1467.56686	13.27578	655.79165	-1469.29354	-161.81349	681.43163	-1576.65486	-98.25763	724.62132	-1356.49775	-14.12597	430.75366	-1400.16687	34.44370	379.77083	-1498.42527	31.02728	131.25009	-1478.58920	-37.05565	139.36824	-1521.69173	-16.17366	163.70108	-1445.40350	5.18632	114.87855	-1539.32834	-112.38201	388.06859	-1585.69979	-170.43954	364.70738	-1663.99024	-165.02938	98.00057	-1681.68964	-99.69989	114.98229	-1709.34504	-143.92476	137.66196	-1628.35302	-120.37538	81.02595	-1578.02028	-29.03112	710.59057	-1532.53180	-237.33987	465.01095	-1458.24581	103.05595	491.29623	-1619.25029	-234.96449	247.39205	-1450.44997	94.60724	280.50573	
128	1.270	-1572.40418	-53.04899	997.24728	-1558.63426	-52.33095	805.85025	-1443.56802	-24.18830	967.04289	-1455.21228	11.69174	654.31347	-1461.21405	-163.40062	680.50065	-1567.29389	-96.74358	722.67020	-1340.66344	-19.02764	433.14034	-1381.11987	30.62415	380.88487	-1467.50705	29.51254	128.09759	-1449.89694	-39.01356	136.94536	-1493.46797	-16.94081	159.33479	-1414.58644	2.26428	114.01057	-1534.28698	-113.68557	387.05258	-1582.02666	-171.03231	364.81074	-1663.49254	-164.55257	98.77139	-1679.93630	-99.00883	116.00988	-1707.96084	-142.75652	139.09515	-1627.42010	-120.38734	81.06272	-1567.14646	-27.52562	708.15057	-1528.54805	-238.29948	464.66674	-1440.64489	100.61892	490.88927	-1618.22452	-235.12258	247.83408	-1424.98202	91.99488	279.37183	
129	1.280	-1561.44241	-53.48828	995.54833	-1548.59512	-51.80233	803.93188	-1432.81420	-24.53817	964.74488	-1442.56985	10.05540	652.39509	-1452.86336	-164.95338	679.26263	-1557.59845	-95.19414	720.39548	-1325.62910	-24.52255	434.47854	-1362.73261	26.48116	381.23437	-1437.07323	28.21957	124.59628	-1421.92748	-40.78810	133.94362	-1465.80112	-17.44144	154.44742	-1384.49380	-0.54525	112.66067	-1528.69425	-114.82494	385.76660	-1577.76804	-171.43510	364.68130	-1663.02533	-164.03732	99.52653	-1678.13925	-98.28386	116.99281	-1706.50017	-141.50910	140.57239	-1626.52511	-120.40664	81.02765	-1555.91963	-26.00552	705.35964	-1524.09890	-239.12120	464.11699	-1422.96525	97.84035	490.03394	-1616.89010	-235.13220	248.19937	-1399.89983	89.26733	277.78088	
130	1.290	-1550.48435	-53.77132	993.39892	-1538.23519	-51.22229	801.57782	-1422.03812	-24.82664	962.13360	-1429.61499	8.36473	650.09348	-1444.14407	-166.48320	677.72864	-1547.48689	-93.67442	717.84264	-1311.38294	-30.48290	434.71774	-1345.09143	22.07888	380.76930	-1407.53187	27.02146	120.74520	-1395.00793	-42.47513	130.36901	-1439.02568	-17.80982	149.09144	-1355.50332	-3.31270	110.78897	-1522.52294	-115.86050	384.20650	-1572.88735	-171.70506	364.31316	-1662.51356	-163.52429	100.27640	-1676.24282	-97.57157	117.94688	-1704.89011	-140.24489	142.10459	-1625.62060	-120.45433	80.91963	-1544.28373	-24.52961	702.28889	-1519.12007	-239.84553	463.35577	-1405.30457	94.74954	488.71640	-1615.18131	-235.04909	248.48993	-1375.49322	86.39112	275.70745	
131	1.300	-1539.51391	-53.84552	990.83438	-1527.49350	-50.64472	798.83695	-1411.21604	-25.00939	959.27079	-1416.33887	6.62614	647.47253	-1434.96854	-167.99925	675.90318	-1536.89513	-92.25033	715.05340	-1297.88468	-36.75078	433.84056	-1328.25893	17.50328	379.45849	-1379.33051	25.80902	116.55472	-1369.50714	-44.15575	126.26191	-1413.51673	-18.16030	143.35158	-1328.02578	-6.09706	108.37376	-1515.73066	-116.85493	382.36075	-1567.33598	-171.90074	363.69056	-1661.85577	-163.06773	101.02464	-1674.17354	-96.93273	118.88500	-1703.03105	-139.04825	143.69757	-1624.64459	-120.55662	80.73238	-1532.20282	-23.15417	699.00858	-1513.54700	-240.51300	462.37269	-1387.76677	91.40063	486.91817	-1612.99720	-234.93507	248.69782	-1352.04712	83.35587	273.13159	
132	1.310	-1528.51228	-53.67041	987.89752	-1516.31987	-50.12819	795.76519	-1400.32211	-25.05010	956.21810	-1402.75232	4.85534	644.60390	-1425.26311	-169.50650	673.78588	-1525.78110	-90.98852	712.06762	-1285.07247	-43.14548	431.87185	-1312.27545	12.86050	377.30127	-1352.93094	24.50598	112.05062	-1345.80995	-45.88333	121.69610	-1389.66686	-18.57660	137.34025	-1302.47812	-8.93069	105.41930	-1508.26158	-117.86534	380.21106	-1561.05424	-172.07617	362.78802	-1660.92979	-162.72699	101.76837	-1671.84243	-96.43325	119.81561	-1700.80095	-138.01297	145.35142	-1623.52403	-120.73984	80.45511	-1519.66563	-21.93379	695.58995	-1507.31425	-241.15948	461.15215	-1370.45953	87.87280	484.62838	-1610.20796	-234.85122	248.80413	-1329.83221	80.18054	270.04933	
133	1.320	-1517.45981	-53.22085	984.63974	-1504.67895	-49.73338	792.42646	-1389.33081	-24.92319	953.03687	-1388.88882	3.07797	641.56823	-1414.97165	-171.00362	671.37425	-1514.12769	-89.95601	708.92626	-1272.87281	-49.47061	428.88571	-1297.16380	8.27452	374.33787	-1328.77614	23.08071	107.27831	-1324.28393	-47.67325	116.77653	-1367.85523	-19.10358	131.19180	-1279.25065	-11.80755	101.96245	-1500.04998	-118.93593	377.73491	-1553.97422	-172.27509	361.57265	-1659.60061	-162.55619	102.50020	-1669.14816	-96.13317	120.74224	-1698.06143	-137.22655	147.06121	-1622.17881	-121.02504	80.07478	-1506.68871	-20.92239	692.10785	-1500.35589	-241.81175	459.67377	-1353.49371	84.26902	481.85713	-1606.66611	-234.85019	248.78018	-1309.09552	76.91780	266.48205	
134	1.330	-1506.33804	-52.48953	981.12234	-1492.55384	-49.52020	788.89368	-1378.21955	-24.61590	949.78851	-1374.80605	1.32977	638.45596	-1404.05835	-172.48107	668.66768	-1501.94425	-89.21912	705.67469	-1261.21227	-55.52111	425.00857	-1282.93595	3.88412	370.65646	-1307.25212	21.55260	102.30675	-1305.24286	-49.49709	111.63573	-1348.41194	-19.74199	125.05635	-1258.67206	-14.67724	98.07677	-1491.02536	-120.09202	374.90997	-1546.02436	-172.52623	360.00849	-1657.72884	-162.59439	103.21176	-1665.98100	-96.07578	121.66433	-1694.66516	-136.75498	148.81855	-1620.52533	-121.42336	79.57980	-1493.31779	-20.17370	688.64336	-1492.60681	-242.48400	457.91451	-1336.98446	80.71324	478.64722	-1602.22039	-234.96907	248.59128	-1290.04984	73.65590	262.48335	
135	1.340	-1495.13160	-51.48879	977.41783	-1479.94887	-49.54477	785.24968	-1366.97124	-24.12963	946.53560	-1360.58536	-0.34411	635.36711	-1392.50976	-173.91972	665.67218	-1489.26638	-88.84114	702.36572	-1250.02920	-61.09002	420.41725	-1269.60039	-0.16142	366.39499	-1288.64907	19.99162	97.23023	-1288.91170	-51.28250	106.42855	-1331.58237	-20.44703	119.09314	-1240.97622	-17.44676	93.87250	-1481.11852	-121.33632	371.72010	-1537.13485	-172.84047	358.06261	-1655.17860	-162.85828	103.89804	-1662.22696	-96.27942	122.57925	-1690.46376	-136.63101	150.61401	-1618.47882	-121.93330	78.96474	-1479.62681	-19.74046	685.28537	-1484.00494	-243.17585	455.85267	-1321.05311	77.34545	475.08156	-1596.72964	-235.22426	248.20245	-1272.86170	70.51672	258.14198	
136	1.350	-1483.82989	-50.25133	973.61073	-1466.89126	-49.85633	781.58736	-1355.57640	-23.48024	943.34310	-1346.32888	-1.89075	632.40958	-1380.33599	-175.29052	662.40540	-1476.15399	-88.87853	699.06181	-1239.28376	-65.97592	415.33095	-1257.16881	-3.70828	361.73660	-1273.12748	18.51034	92.16691	-1275.39890	-52.91979	101.32469	-1317.49740	-21.13155	113.46309	-1226.27579	-19.99019	89.49141	-1470.26783	-122.64803	368.16237	-1527.24328	-173.21026	355.71237	-1651.82387	-163.33891	104.56195	-1657.77223	-96.73355	123.48534	-1685.31573	-136.84842	152.43988	-1615.95399	-122.54058	78.23550	-1465.71445	-19.67198	682.13039	-1474.49413	-243.87216	453.47338	-1305.82809	74.31472	471.28441	-1590.07431	-235.60929	247.58552	-1257.63898	67.64927	253.57991	
137	1.360	-1472.42825	-48.82973	969.79747	-1453.43132	-50.49386	778.00872	-1344.03481	-22.69740	940.27932	-1332.15413	-3.25229	629.69551	-1367.57112	-176.55531	658.90144	-1462.68783	-89.37577	695.83569	-1228.96487	-69.99142	409.99748	-1245.66093	-6.60606	356.89829	-1260.69593	17.24878	87.25257	-1264.68060	-54.27496	96.49851	-1306.15480	-21.67518	108.31981	-1214.54718	-22.16542	85.09639	-1458.42534	-123.98459	364.25436	-1516.29984	-173.61132	352.95291	-1647.55283	-164.00317	105.21823	-1652.50761	-97.40000	124.38546	-1679.09433	-137.36320	154.29305	-1612.86389	-123.22055	77.41389	-1451.69818	-20.01004	679.28024	-1464.02747	-244.54474	450.77514	-1291.44347	71.77007	467.41558	-1582.16428	-236.09614	246.72648	-1244.42094	65.21796	248.94526	
138	1.370	-1460.92859	-47.29448	966.08506	-1439.64106	-51.48287	774.62261	-1332.35628	-21.82289	937.41632	-1318.18644	-4.36991	627.33591	-1354.27241	-177.66897	655.21464	-1448.96445	-90.35953	692.76948	-1219.09289	-72.97348	404.67440	-1235.10658	-8.71781	352.11379	-1251.20585	16.35374	82.62958	-1256.60010	-55.20818	92.11614	-1297.41653	-21.93951	103.79888	-1205.63005	-23.83509	80.85671	-1445.56180	-125.28606	360.04060	-1504.27153	-174.00630	349.80394	-1642.27022	-164.79941	105.89599	-1646.33269	-98.21892	125.29034	-1671.69499	-138.10109	156.17741	-1609.11740	-123.94284	76.54100	-1437.70591	-20.78346	676.83745	-1452.57070	-245.15561	447.77641	-1278.03384	69.84933	463.65812	-1572.94251	-236.63985	245.63204	-1233.17392	63.38631	244.40015	
139	1.380	-1449.33941	-45.73048	962.58821	-1425.61115	-52.83242	771.54092	-1320.56055	-20.90792	934.82930	-1304.54977	-5.18860	625.43396	-1340.51846	-178.58285	651.42161	-1435.09019	-91.83284	689.95177	-1209.71766	-74.79543	399.60724	-1225.54488	-9.93163	347.61243	-1244.36650	15.95539	78.43228	-1250.88358	-55.59527	88.32122	-1291.02362	-21.78866	100.00610	-1199.24272	-24.88804	76.93127	-1431.67037	-126.48122	355.59715	-1491.14523	-174.34982	346.31472	-1635.89810	-165.66634	106.63901	-1639.15973	-99.11835	126.22102	-1663.04203	-138.96993	158.10531	-1604.61604	-124.67711	75.67813	-1423.86626	-22.00221	674.89902	-1440.10542	-245.66145	444.52110	-1265.72552	68.66681	460.20104	-1562.38503	-237.18549	244.33443	-1223.79579	62.29783	240.10497	
140	1.390	-1437.67534	-44.23203	959.42492	-1411.44635	-54.53280	768.87341	-1308.67632	-20.00966	932.59475	-1291.35705	-5.66233	624.07770	-1326.40604	-179.24918	647.62089	-1421.17454	-93.77058	687.47329	-1200.91198	-75.38003	395.00776	-1217.02046	-10.17298	343.59729	-1239.77936	16.14512	74.77152	-1247.16973	-55.34899	85.22115	-1286.62725	-21.11279	97.00660	-1195.01185	-25.25749	73.45272	-1416.76846	-127.49478	351.03311	-1476.92928	-174.59401	342.56625	-1628.37535	-166.54307	107.50351	-1630.91679	-100.02536	127.20938	-1653.09392	-139.87397	160.09749	-1599.25109	-125.39884	74.90477	-1410.29833	-23.65208	673.54921	-1426.63208	-246.01847	441.08189	-1254.62502	68.30075	457.21958	-1550.49820	-237.67633	242.89328	-1216.13047	62.05674	236.20152	
141	1.400	-1425.95604	-42.89650	956.71064	-1397.25965	-56.55436	766.72153	-1296.73935	-19.18716	930.78744	-1278.70123	-5.75895	623.33297	-1312.04570	-179.62588	643.92988	-1407.32356	-96.11724	685.42128	-1192.76151	-74.71171	391.03561	-1209.57710	-9.41592	340.22588	-1236.98639	16.95819	71.72193	-1245.04860	-54.43648	82.87651	-1283.83066	-19.85072	94.81749	-1192.51194	-24.93268	70.51531	-1400.89767	-128.25459	346.48834	-1461.65372	-174.69385	338.66995	-1619.65631	-167.37856	108.55291	-1621.54981	-100.87678	128.29625	-1641.84620	-140.72776	162.18096	-1592.90215	-126.09385	74.31319	-1397.10236	-25.69130	672.85237	-1412.17223	-246.18719	437.56035	-1244.80668	68.78245	454.85628	-1537.31444	-238.06161	241.39424	-1209.99064	62.71164	232.79830	
142	1.410	-1414.20491	-41.81714	954.55153	-1383.16566	-58.84776	765.17181	-1284.78996	-18.49704	929.47623	-1266.64827	-5.46402	623.23768	-1297.55624	-179.68135	640.47881	-1393.63388	-98.78800	683.87333	-1185.35244	-72.84579	387.78681	-1203.24957	-7.69158	337.59692	-1235.52320	18.36424	69.31491	-1244.10289	-52.88985	81.29619	-1282.23384	-18.00739	93.40631	-1191.30810	-23.96248	68.16885	-1384.12185	-128.69816	342.12709	-1445.36920	-174.61169	334.76265	-1609.70893	-168.13880	109.85012	-1611.02341	-101.62756	129.52688	-1629.33112	-141.46720	164.38484	-1585.43818	-126.76082	73.99992	-1384.35266	-28.05002	672.84703	-1396.77025	-246.13642	434.08344	-1236.30179	70.08892	453.20598	-1522.88727	-238.30274	239.94385	-1205.18419	64.24495	229.96129	
143	1.420	-1402.44749	-41.07559	953.03727	-1369.27394	-61.34607	764.28957	-1272.87005	-17.98929	928.71921	-1255.23301	-4.78307	623.79834	-1283.05848	-179.39827	637.40229	-1380.18796	-101.67346	682.89133	-1178.75848	-69.91169	385.29122	-1198.05445	-5.09184	335.74550	-1234.96685	20.26713	67.53925	-1243.94445	-50.80778	80.43935	-1281.47250	-15.66224	92.69683	-1190.99489	-22.45086	66.41905	-1366.52347	-128.77779	338.12773	-1428.14472	-174.32042	330.99806	-1598.51284	-168.81044	111.44816	-1599.32041	-102.25558	130.94413	-1615.61334	-142.05614	166.73443	-1576.72154	-127.41122	74.05511	-1372.09363	-30.63359	673.54199	-1380.49389	-245.84617	430.79631	-1229.09150	72.14101	452.30730	-1507.28638	-238.37723	238.66108	-1201.53786	66.57002	227.71199	
144	1.430	-1390.70978	-40.73490	952.23441	-1355.68269	-63.96861	764.11361	-1261.01996	-17.70350	928.55867	-1244.45869	-3.74167	624.98924	-1268.66857	-178.77599	634.82897	-1367.05091	-104.64803	682.51611	-1173.02910	-66.10795	383.51940	-1193.98098	-1.76670	334.64727	-1234.96990	22.51412	66.34877	-1244.24095	-48.34766	80.22419	-1281.24464	-12.96635	92.58141	-1191.22539	-20.54541	65.23389	-1348.19881	-128.46401	334.66979	-1410.06455	-173.80535	327.53565	-1586.05754	-169.40072	113.38065	-1586.43984	-102.76240	132.58054	-1600.78193	-142.48790	169.24440	-1566.61533	-128.06685	74.55113	-1360.33957	-33.32954	674.91493	-1363.43353	-245.30929	427.85213	-1223.10468	74.80799	452.14201	-1490.59273	-238.27980	237.66636	-1198.91196	69.53658	226.03279	
145	1.440	-1379.01665	-40.83378	952.18080	-1342.47372	-66.62647	764.65278	-1249.27553	-17.66600	929.01640	-1234.29979	-2.38336	626.75462	-1254.49155	-177.83079	632.87062	-1354.26906	-107.58095	682.76343	-1168.17993	-61.68804	382.39695	-1190.98315	2.08522	334.23024	-1235.27671	24.91278	65.67474	-1244.72990	-45.70909	80.54160	-1281.32201	-10.12792	92.93751	-1191.72753	-18.42100	64.55359	-1329.25226	-127.74730	331.91977	-1391.22419	-173.06469	324.52819	-1572.34123	-169.93385	115.65403	-1572.39423	-103.17009	134.45070	-1584.93952	-142.78212	171.91256	-1554.99350	-128.75567	75.53255	-1349.07795	-36.01774	676.91368	-1345.69965	-244.53180	425.39993	-1218.22167	77.91876	452.64173	-1472.89409	-238.02104	237.06952	-1197.20326	72.94409	224.87740	
146	1.450	-1367.39041	-41.38285	952.88189	-1329.70890	-69.22895	765.88458	-1237.66559	-17.88805	930.08997	-1224.70797	-0.76557	629.01334	-1240.61563	-176.59424	631.61178	-1341.87010	-110.34857	683.62170	-1164.18665	-56.93760	381.82281	-1188.97468	6.23297	334.39119	-1235.72250	27.25329	65.43951	-1245.22073	-43.11125	81.27098	-1281.54744	-7.38820	93.64484	-1192.30737	-16.26069	64.30224	-1309.79049	-126.63825	330.01762	-1371.72585	-172.10896	322.10963	-1557.37028	-170.44493	118.24319	-1557.20635	-103.51528	136.54555	-1568.19019	-142.97792	174.71555	-1541.75223	-129.50681	77.00916	-1338.27536	-38.58232	679.45975	-1327.41850	-243.53221	423.57215	-1214.28319	81.27823	453.70039	-1454.28090	-237.62412	236.95840	-1196.33638	76.56141	224.18334	
147	1.460	-1355.84961	-42.36327	954.30944	-1317.42845	-71.69044	767.75625	-1226.21009	-18.36536	931.75062	-1215.61985	1.04571	631.66546	-1227.10788	-175.10960	631.10147	-1329.86464	-112.84617	685.05157	-1160.98270	-52.14593	381.68715	-1187.82826	10.43451	335.01278	-1236.21891	29.33304	65.56819	-1245.58767	-40.76707	82.29501	-1281.82223	-4.99127	94.59941	-1192.84194	-14.23634	64.39837	-1289.91671	-125.16624	329.06570	-1351.67344	-170.95952	320.38468	-1541.15953	-170.97269	121.09164	-1540.90616	-103.84163	138.83010	-1550.62845	-143.12498	177.60764	-1526.82100	-130.34555	78.95352	-1327.88515	-40.92360	682.45351	-1308.72592	-242.33993	422.47328	-1211.10378	84.68677	455.18954	-1434.84255	-237.12024	237.38986	-1196.24772	80.15033	223.88318	
148	1.470	-1344.40818	-43.72820	956.40265	-1305.65104	-73.93684	770.18801	-1214.91913	-19.07893	933.94281	-1206.96554	2.98185	634.59984	-1214.01171	-173.42710	631.34786	-1318.24865	-114.99746	686.98746	-1158.46132	-47.57587	381.88522	-1187.38037	14.46037	335.97824	-1236.73202	30.98028	65.99583	-1245.75727	-38.85822	83.51095	-1282.08864	-3.15244	95.72190	-1193.26527	-12.49123	64.76321	-1269.72574	-123.37707	329.12169	-1331.16732	-169.64653	319.42155	-1523.73288	-171.55244	124.11630	-1523.52842	-104.19213	141.24501	-1532.33103	-143.27436	180.52317	-1510.17120	-131.28935	81.30347	-1317.85523	-42.96811	685.78030	-1289.75970	-240.99297	422.17129	-1208.48784	87.95974	456.97390	-1414.66430	-236.54382	238.38456	-1196.86748	83.49013	223.91269	
149	1.480	-1333.07487	-45.40677	959.07178	-1294.37536	-75.91073	773.07826	-1203.79278	-19.99715	936.58593	-1198.67662	4.97716	637.70176	-1201.34637	-171.59873	632.31672	-1307.00649	-116.76058	689.34093	-1156.48198	-43.43714	382.32521	-1187.44147	18.11631	337.18129	-1237.25846	32.07366	66.66963	-1245.69433	-37.51423	84.83707	-1282.31253	-2.03003	96.95952	-1193.55167	-11.12661	65.32573	-1249.30001	-121.32957	330.19613	-1310.29944	-168.20650	319.24865	-1505.12413	-172.21033	127.21615	-1505.11139	-104.60267	143.71212	-1513.35281	-143.47051	183.38234	-1491.82075	-132.34507	83.96942	-1308.13494	-44.67530	689.31699	-1270.65105	-239.53521	422.69271	-1206.24653	90.94436	458.92475	-1393.82498	-235.92812	239.92622	-1198.10523	86.39973	224.21509	
150	1.490	-1321.85309	-47.31024	962.20387	-1283.58297	-77.57500	776.30997	-1192.82182	-21.07893	939.57777	-1190.69240	6.97346	640.86002	-1189.10863	-169.67351	633.93364	-1296.11398	-118.12985	692.00550	-1154.88074	-39.86766	382.93019	-1187.81063	21.26153	338.53101	-1237.80434	32.55515	67.54704	-1245.38923	-36.79889	86.21425	-1282.46961	-1.70505	98.28217	-1193.69966	-10.19369	66.02463	-1228.70712	-119.09147	332.25482	-1289.14909	-166.67964	319.85534	-1485.37753	-172.95987	130.28330	-1485.69640	-105.09757	146.14277	-1493.72713	-143.74565	186.09937	-1471.83375	-133.50794	86.84481	-1298.68021	-46.03998	692.93823	-1251.51606	-238.01305	424.02206	-1204.21288	93.53157	460.92978	-1372.39572	-235.30179	241.96553	-1199.84228	88.75469	224.74175	
151	1.500	-1310.74103	-49.33968	965.66993	-1273.24174	-78.91444	779.75788	-1181.98908	-22.27747	942.79978	-1182.96396	8.92323	643.97274	-1177.27609	-167.69377	636.08978	-1285.54147	-119.13328	694.86252	-1153.48366	-36.92562	383.63583	-1188.29188	23.81934	339.95261	-1238.37032	32.43446	68.59130	-1244.84816	-36.70566	87.60348	-1282.53696	-2.17194	99.67499	-1193.71909	-9.69214	66.80821	-1207.99910	-116.73482	335.22514	-1267.78028	-165.10709	321.19663	-1464.54776	-173.80077	133.21437	-1465.32797	-105.68740	148.44747	-1473.46973	-144.11702	188.59141	-1450.31526	-134.76215	89.81824	-1289.45644	-47.09039	696.52228	-1232.44851	-236.47199	426.10558	-1202.25292	95.66153	462.89894	-1350.44001	-234.68682	244.42774	-1201.93230	90.49672	225.45064	
152	1.510	-1299.73211	-51.39431	969.33288	-1263.30967	-79.93543	783.29567	-1171.27136	-23.54434	946.12340	-1175.45546	10.79104	646.95174	-1165.81197	-165.69294	638.65036	-1275.25645	-119.82662	697.78766	-1152.12154	-34.59332	384.38637	-1188.70959	25.77899	341.38558	-1238.94375	31.78445	69.76677	-1244.08691	-37.16265	88.98101	-1282.49019	-3.34178	101.12973	-1193.62240	-9.57476	67.63290	-1187.21363	-114.33124	339.00547	-1246.24093	-163.52829	323.20064	-1442.69924	-174.72021	135.92061	-1444.05397	-106.36924	150.54508	-1452.58498	-144.58665	190.78676	-1427.40205	-136.08307	92.78506	-1280.43912	-47.88254	699.95615	-1213.51496	-234.95305	428.85846	-1200.27114	97.32279	464.76638	-1328.01456	-234.09784	247.22270	-1204.20916	91.63434	226.30358	
153	1.520	-1288.81558	-53.37959	973.05560	-1253.73841	-80.66382	786.80252	-1160.64160	-24.83342	949.41718	-1168.14304	12.55347	649.72534	-1154.67050	-163.69507	641.46478	-1265.22575	-120.28498	700.65758	-1150.64413	-32.79111	385.13100	-1188.92030	27.18855	342.78109	-1239.49774	30.72845	71.03544	-1243.12760	-38.04601	90.33263	-1282.30483	-5.05710	102.63733	-1193.42014	-9.75772	68.46163	-1166.37712	-111.94731	343.47600	-1224.56438	-161.97853	325.77789	-1419.90442	-175.69575	138.33505	-1421.92509	-107.12863	152.36998	-1431.07261	-145.14340	192.63075	-1403.25056	-137.44047	95.65666	-1271.61249	-48.49180	703.13988	-1194.75318	-233.48965	432.17463	-1198.20956	98.54564	466.48947	-1305.17109	-233.54259	250.25557	-1206.49970	92.23523	227.26361	
154	1.530	-1277.97734	-55.21438	976.70825	-1244.47648	-81.14144	790.16880	-1150.07107	-26.10436	952.55387	-1161.01152	14.19762	652.23964	-1143.80243	-161.71594	644.37745	-1255.41719	-120.59337	703.35612	-1148.93174	-31.39834	385.82199	-1188.81963	28.14080	344.09976	-1239.99542	29.42167	72.35567	-1241.99748	-39.19915	91.64854	-1281.96038	-7.11546	104.18316	-1193.12000	-10.13437	69.26253	-1145.50949	-109.64052	348.50961	-1202.77318	-160.48684	328.83076	-1396.24103	-176.69922	140.41566	-1398.99359	-107.94276	153.87604	-1408.93370	-145.76637	194.08846	-1378.02394	-138.80215	98.36624	-1262.96682	-49.00325	705.99000	-1176.17449	-232.10518	435.93736	-1196.04106	99.39159	468.04554	-1281.95834	-233.02322	253.43645	-1208.63850	92.41161	228.29317	
155	1.540	-1267.20083	-56.83637	980.17444	-1235.47171	-81.42166	793.30032	-1139.53141	-27.32523	955.41718	-1154.04997	15.71877	654.45851	-1133.15997	-159.76527	647.23806	-1245.80066	-120.83736	705.77981	-1146.90255	-30.27703	386.41495	-1188.34374	28.75504	345.31024	-1240.39716	28.02976	73.68322	-1240.72864	-40.45463	92.91967	-1281.44491	-9.29751	105.74538	-1192.72810	-10.59055	70.00844	-1124.63019	-107.45601	353.98131	-1180.88480	-159.07432	332.26194	-1371.78828	-177.70069	142.14446	-1375.31122	-108.78410	155.03712	-1386.17455	-146.42895	195.14374	-1351.87966	-140.13705	100.87045	-1254.49473	-49.50185	708.44199	-1157.76995	-230.81177	440.02919	-1193.75884	99.94072	469.42750	-1258.42420	-232.53788	256.68750	-1210.48192	92.30148	229.35360	
156	1.550	-1256.46790	-58.20559	983.35576	-1226.67304	-81.56447	796.12114	-1128.99632	-28.47423	957.90738	-1147.24653	17.11753	656.36248	-1122.70055	-157.84971	649.91058	-1236.34858	-121.09493	707.84221	-1144.51501	-29.29416	386.87064	-1187.46625	29.15802	346.38884	-1240.66834	26.70798	74.97392	-1239.35761	-41.65517	94.13582	-1280.75850	-11.39485	107.29629	-1192.25108	-11.01911	70.67697	-1103.76471	-105.42445	359.77532	-1158.91859	-157.75286	335.98077	-1346.62222	-178.67174	143.52279	-1350.92700	-109.62392	155.84430	-1362.80830	-147.10302	195.79497	-1324.95919	-141.41713	103.14715	-1246.18753	-50.06381	710.45165	-1139.51956	-229.61030	444.33976	-1191.36445	100.27910	470.63921	-1234.61713	-232.08209	259.94660	-1211.91921	92.04870	230.40601	
157	1.560	-1245.75969	-59.30565	986.17467	-1218.03152	-81.63170	798.57491	-1118.44278	-29.54042	959.94567	-1140.58359	18.39703	657.94682	-1112.38917	-155.97595	652.28027	-1227.03581	-121.43022	709.47697	-1141.76498	-28.33925	387.15734	-1186.19155	29.46730	347.31950	-1240.78591	25.58398	76.18735	-1237.92427	-42.67078	95.28549	-1279.91464	-13.23338	108.80556	-1191.69818	-11.33162	71.25110	-1082.95095	-103.56102	365.78898	-1136.90303	-156.52451	339.90671	-1320.81096	-179.58758	144.56402	-1325.88539	-110.43499	156.30066	-1338.85435	-147.76255	196.04855	-1297.38090	-142.61776	105.18994	-1238.03177	-50.74975	711.99540	-1121.40324	-228.49172	448.77054	-1188.85712	100.48807	471.69099	-1210.58696	-231.64957	263.16715	-1212.87928	91.78500	231.41319	
158	1.570	-1235.05742	-60.14300	988.57554	-1209.50084	-81.68259	800.62478	-1107.85177	-30.52343	961.47690	-1134.03386	19.56047	659.21900	-1102.19909	-154.15328	654.25832	-1217.83908	-121.88943	710.63928	-1138.67863	-27.33503	387.25307	-1184.54630	29.77884	348.09407	-1240.74204	24.74640	77.29034	-1236.46979	-43.41002	96.35707	-1278.93896	-14.68921	110.24445	-1191.08229	-11.46607	71.71971	-1062.24442	-101.86542	371.93324	-1114.88227	-155.38122	343.96985	-1294.41075	-180.42776	145.28511	-1300.22595	-111.19356	156.41468	-1314.33661	-148.38655	195.91136	-1269.23709	-143.71649	107.00101	-1230.00677	-51.60032	713.06926	-1103.41168	-227.43929	453.23597	-1186.22605	100.63656	472.59606	-1186.38471	-231.23235	266.31454	-1213.33228	91.61632	232.34219	
159	1.580	-1224.34309	-60.74449	990.52419	-1201.03718	-81.77016	802.25212	-1097.20858	-31.43242	962.47067	-1127.55774	20.60950	660.19587	-1092.11086	-152.39527	655.78402	-1208.73596	-122.49910	711.30592	-1135.30224	-26.24110	387.14671	-1182.57010	30.16014	348.71206	-1240.54471	24.24034	78.25979	-1235.03362	-43.82462	97.34072	-1277.86587	-15.69551	111.58986	-1190.41984	-11.38998	72.07796	-1041.72171	-100.32274	378.13009	-1092.92095	-154.30534	348.10851	-1267.46418	-181.17570	145.69864	-1273.98497	-111.88030	156.19370	-1289.28184	-148.96083	195.38380	-1240.59556	-144.69077	108.58349	-1222.08306	-52.63425	713.68669	-1085.55523	-226.43127	457.66135	-1183.44670	100.77689	473.36775	-1162.06208	-230.82013	269.35996	-1213.28606	91.61463	233.16692	
160	1.590	-1213.60011	-61.15360	992.00608	-1192.59890	-81.93849	803.45424	-1086.50257	-32.28442	962.92070	-1121.10243	21.54347	660.90063	-1082.11003	-150.72024	656.82447	-1199.70350	-123.26638	711.47387	-1131.69056	-25.05106	386.83793	-1180.30617	30.64855	349.18004	-1240.21504	24.06939	79.08439	-1233.65017	-43.90765	98.23043	-1276.73351	-16.24069	112.82759	-1189.72954	-11.09923	72.32722	-1021.48134	-98.90493	384.30737	-1071.10676	-153.27056	352.26474	-1240.00170	-181.81724	145.80662	-1247.19980	-112.48036	155.63822	-1263.71963	-149.47866	194.45462	-1211.50585	-145.51529	109.93475	-1214.22204	-53.84879	713.87530	-1067.86888	-225.44364	461.97832	-1180.48044	100.94394	474.01782	-1137.67112	-230.39928	272.27312	-1212.77790	91.81583	233.87028	
161	1.600	-1202.81373	-61.42590	993.02356	-1184.14591	-82.22108	804.24146	-1075.72677	-33.10228	962.84290	-1114.60267	22.35960	661.35992	-1072.18402	-149.15040	657.37231	-1190.71679	-124.18111	711.15762	-1127.89517	-23.78533	386.33585	-1177.79274	31.25406	349.51029	-1239.78234	24.20310	79.76512	-1232.34551	-43.68672	99.02573	-1275.57824	-16.35955	113.95444	-1189.03027	-10.61347	72.47446	-1001.64167	-97.57264	390.39208	-1049.54990	-152.24364	356.37849	-1212.04746	-182.33873	145.59697	-1219.91581	-112.98282	154.73812	-1237.68521	-149.94032	193.09859	-1182.00985	-146.15990	111.04150	-1206.37658	-55.22222	713.67289	-1050.41226	-224.45222	466.11922	-1177.27688	101.15671	474.55539	-1113.26486	-229.95173	275.01524	-1211.86318	92.22275	234.44537	
162	1.610	-1191.97154	-61.62424	993.59235	-1175.63906	-82.63997	804.63368	-1064.87720	-33.91255	962.27219	-1107.98307	23.05412	661.60093	-1062.31857	-147.70993	657.44168	-1181.74750	-125.21904	710.38586	-1123.95404	-22.48161	385.65660	-1175.05539	31.96485	349.71882	-1239.27792	24.58767	80.31479	-1231.13476	-43.21391	99.73288	-1274.42915	-16.11974	114.97918	-1188.33855	-9.96938	72.53142	-982.33571	-96.27745	396.30330	-1028.37963	-151.18669	360.38169	-1183.62973	-182.72527	145.04286	-1192.19581	-113.37956	153.47116	-1211.22562	-150.35145	191.27740	-1152.15590	-146.58883	111.87737	-1198.49248	-56.71778	713.12305	-1033.26450	-223.43413	470.01183	-1173.77714	101.42151	474.98639	-1088.89952	-229.45436	277.53362	-1210.60226	92.81192	234.89559	
163	1.620	-1181.06365	-61.81410	993.73788	-1167.03952	-83.20584	804.65686	-1053.95212	-34.74342	961.25853	-1101.16169	23.62385	661.64875	-1052.49462	-146.42220	657.06320	-1172.76269	-126.34580	709.19754	-1119.88310	-21.18524	384.82015	-1172.10065	32.75431	349.82273	-1238.72872	25.15775	80.75677	-1230.02033	-42.55451	100.36509	-1273.30358	-15.60642	115.92233	-1187.66608	-9.21325	72.51334	-963.70291	-94.96465	401.94617	-1007.73771	-150.06013	364.19330	-1154.79552	-182.95957	144.10504	-1164.13099	-113.66385	151.80415	-1184.40931	-150.72051	188.94374	-1122.01517	-146.76188	112.40301	-1190.51040	-58.28847	712.27082	-1016.51476	-222.36848	473.57586	-1169.91702	101.73572	475.31301	-1064.63853	-228.87915	279.75892	-1209.04754	93.54238	235.23332	
164	1.630	-1170.08303	-62.05936	993.49146	-1158.30845	-83.91840	804.33966	-1042.95132	-35.62282	959.86245	-1094.05442	24.06806	661.52395	-1042.68598	-145.30678	656.27853	-1163.72415	-127.52108	707.63819	-1115.67046	-19.94102	383.84664	-1168.91099	33.58785	349.83695	-1238.15176	25.84722	81.12321	-1228.99124	-41.77659	100.94201	-1272.20369	-14.90778	116.81503	-1187.01754	-8.39393	72.43779	-945.87867	-93.57655	407.20821	-987.76958	-148.82625	367.71664	-1125.62799	-183.02193	142.73643	-1135.85219	-113.82901	149.69655	-1157.33803	-151.05572	186.04808	-1091.69854	-146.63778	112.56867	-1182.36820	-59.88203	711.15897	-1000.25023	-221.23650	476.72222	-1165.62935	102.09127	475.53288	-1040.55845	-228.19443	281.60596	-1207.23200	94.36460	235.47753	
165	1.640	-1159.02552	-62.41870	992.88695	-1149.40683	-84.76735	803.71044	-1031.87548	-36.57686	958.15058	-1086.57976	24.39017	661.24039	-1032.85830	-144.37664	655.13534	-1154.58853	-128.70235	705.75662	-1111.27346	-18.78740	382.75250	-1165.44185	34.42865	349.77066	-1237.55001	26.59753	81.45294	-1228.02338	-40.94251	101.48848	-1271.11457	-14.10338	117.69721	-1186.38912	-7.55740	72.32320	-928.98238	-92.05689	411.95932	-968.61408	-147.45313	370.83983	-1096.26446	-182.89164	140.88851	-1107.53981	-113.86738	147.10644	-1130.15930	-151.36195	182.54743	-1061.37175	-146.17964	112.31912	-1174.00348	-61.44545	709.82503	-984.54383	-220.02162	479.35563	-1160.84558	102.47747	475.63784	-1016.75580	-227.36752	282.97810	-1205.16068	95.22817	235.65016	
166	1.650	-1147.88990	-62.94272	991.95784	-1140.29579	-85.73324	802.79510	-1020.72572	-37.62856	956.19130	-1078.66362	24.59883	660.80351	-1022.96966	-143.63610	653.68313	-1145.30845	-129.84806	703.60259	-1106.61865	-17.75338	381.54670	-1161.62103	35.24172	349.62350	-1236.91002	27.36268	81.78895	-1227.08046	-40.10349	102.03261	-1270.00343	-13.25652	118.61498	-1185.76779	-6.74318	72.18765	-913.10556	-90.35611	416.05606	-950.39287	-145.91874	373.44004	-1066.91191	-182.54991	138.51870	-1079.43059	-113.77030	143.99828	-1103.07703	-151.63819	178.41503	-1031.26644	-145.36180	111.60033	-1165.35631	-62.92856	708.29945	-969.44390	-218.70997	481.38025	-1155.49698	102.88267	475.61239	-993.35367	-226.36847	283.77500	-1202.80575	96.08740	235.77192	
167	1.660	-1136.67781	-63.67172	990.73532	-1130.93742	-86.78845	801.61574	-1009.50329	-38.79668	954.05116	-1070.24350	24.70817	660.20920	-1012.97276	-143.08009	651.97055	-1135.83477	-130.91979	701.22550	-1101.60483	-16.85784	380.22747	-1157.35093	35.99610	349.38236	-1236.20133	28.11092	82.17573	-1226.11555	-39.29709	102.60365	-1268.82006	-12.41093	119.61763	-1185.13121	-5.98283	72.04758	-898.30163	-88.43764	419.35064	-933.20118	-144.21487	375.39153	-1037.85664	-181.98412	135.59821	-1051.81934	-113.52920	140.35187	-1076.35770	-151.87633	173.65002	-1001.68457	-144.17711	110.36750	-1156.37214	-64.28648	706.60492	-954.96822	-217.29173	482.70790	-1149.51587	103.29504	475.43209	-970.50646	-225.17485	283.90297	-1200.10569	96.90445	235.85772	
168	1.670	-1125.39358	-64.63402	989.24728	-1121.29608	-87.89807	800.19051	-998.20950	-40.09492	951.79197	-1061.27202	24.73708	659.44354	-1002.81848	-142.69461	650.04445	-1126.11982	-131.88353	698.67431	-1096.10898	-16.11068	378.78005	-1152.51388	36.66541	349.01921	-1235.37717	28.82375	82.65650	-1225.07271	-38.54737	103.22978	-1267.49798	-11.59108	120.75429	-1184.44816	-5.30015	71.91682	-884.57905	-86.28455	421.70402	-917.10082	-142.35057	376.57717	-1009.46482	-181.19283	132.11955	-1025.05385	-113.13807	136.17143	-1050.32927	-152.06171	168.28570	-972.99398	-142.64340	108.59365	-1147.00491	-65.48082	704.75684	-941.10331	-215.76371	483.26744	-1142.83746	103.70227	475.06272	-948.40090	-223.77707	283.28661	-1196.96829	97.65019	235.91266	
169	1.680	-1114.04411	-65.84480	987.51843	-1111.34021	-89.02078	798.53456	-986.84586	-41.53095	949.46910	-1051.71943	24.70736	658.48362	-992.46061	-142.45885	647.95050	-1116.12153	-132.71004	695.99835	-1089.99467	-15.51524	377.17600	-1146.98017	37.22730	348.49085	-1234.37611	29.49302	83.27056	-1223.88863	-37.86684	103.93627	-1265.95621	-10.80520	122.07044	-1183.67922	-4.71245	71.80595	-871.89923	-83.90590	423.00171	-902.11685	-140.35450	376.90197	-982.17111	-180.19065	128.10328	-999.52179	-112.59700	131.49369	-1025.37076	-152.17580	162.39558	-945.61373	-140.80763	106.27790	-1137.22007	-66.47983	702.76491	-927.80945	-214.13299	483.01416	-1135.40247	104.09073	474.46055	-927.25189	-222.18356	281.88029	-1193.27709	98.30337	235.92913	
170	1.690	-1102.63857	-67.30528	985.57154	-1101.04462	-90.10984	796.66207	-975.41441	-43.10571	947.13075	-1041.57489	24.64119	657.29981	-981.86094	-142.34835	645.73526	-1105.80782	-133.37469	693.24906	-1083.12257	-15.07119	375.37474	-1140.61833	37.66221	347.74100	-1233.12395	30.11724	84.05102	-1222.49404	-37.25944	104.74411	-1264.10149	-10.04972	123.60480	-1182.77714	-4.23235	71.72231	-860.18029	-81.34171	423.17035	-888.23836	-138.27601	376.30717	-956.45412	-179.01195	123.60293	-975.62898	-111.91618	126.39347	-1001.89152	-152.20068	156.09569	-919.98890	-138.74679	103.45208	-1126.99749	-67.25795	700.63565	-915.03043	-212.42110	481.93782	-1127.16023	104.44429	473.57457	-907.29213	-220.42495	279.67791	-1188.90070	98.84869	235.88587	
171	1.700	-1091.18829	-69.00221	983.42961	-1090.39289	-91.11441	794.58912	-963.91821	-44.81268	944.81848	-1030.84679	24.55801	655.85943	-970.99416	-142.33897	643.44890	-1095.16077	-133.85705	690.48188	-1075.36201	-14.77767	373.32764	-1133.30644	37.95195	346.70533	-1231.53555	30.69801	85.02326	-1220.81462	-36.72376	105.66944	-1261.83061	-9.31402	125.38672	-1181.68681	-3.86944	71.67068	-849.30655	-78.66549	422.19246	-875.42350	-136.18443	374.78253	-932.79950	-177.71218	118.70745	-953.77007	-111.11940	120.98533	-980.30050	-152.12483	149.54250	-896.55619	-136.56457	100.18451	-1116.33364	-67.79504	698.37582	-902.70609	-210.66803	480.06825	-1118.07207	104.74327	472.35078	-888.75560	-218.55634	276.71926	-1183.70353	99.27450	235.74940	
172	1.710	-1079.70660	-70.90776	981.11865	-1079.37969	-91.98133	792.33708	-952.36198	-46.63730	942.56856	-1019.56190	24.47134	654.13175	-959.85183	-142.41099	641.14810	-1084.17978	-134.14062	687.75816	-1066.60264	-14.63611	370.98490	-1124.94323	38.07855	345.31911	-1229.51635	31.23709	86.20437	-1218.77156	-36.25585	106.72380	-1259.03324	-8.58487	127.43450	-1180.34457	-3.63132	71.65475	-839.14300	-75.98325	420.11665	-863.60791	-134.16653	372.37475	-911.65360	-176.36606	113.54004	-934.29390	-110.24620	115.42024	-960.96831	-151.94905	142.92560	-875.70365	-134.38381	96.57945	-1105.24291	-68.07588	695.99632	-890.78518	-208.93473	477.47777	-1108.11426	104.96375	470.73867	-871.85608	-216.65685	273.09185	-1177.55694	99.57066	235.47819	
173	1.720	-1068.20873	-72.97976	978.67074	-1068.01269	-92.65749	789.93604	-940.75274	-48.55679	940.41407	-1007.76357	24.38606	652.09405	-948.44472	-142.55269	638.89809	-1072.88315	-134.21299	685.14641	-1056.76486	-14.65258	368.30474	-1115.45750	38.02358	343.52698	-1226.96386	31.73458	87.60358	-1216.28165	-35.85145	107.91497	-1255.59509	-7.85020	129.75477	-1178.67709	-3.52389	71.67937	-829.55292	-73.42851	417.06096	-852.71555	-132.32207	369.19009	-893.37359	-175.06240	108.25243	-917.46756	-109.35176	109.87661	-944.18656	-151.69145	136.45508	-857.72939	-132.33527	92.77153	-1093.75743	-68.09025	693.51646	-879.23599	-207.30312	474.28022	-1097.28020	105.07757	468.69934	-856.76356	-214.82582	268.92737	-1170.34968	99.72694	235.02931	
174	1.730	-1056.71179	-75.16255	976.12680	-1056.31373	-93.09280	787.42771	-929.10054	-50.54028	938.38739	-995.50928	24.29659	649.73808	-936.80325	-142.76275	636.77338	-1061.30769	-134.06665	682.72250	-1045.80777	-14.83950	365.26395	-1104.81474	37.76815	341.29373	-1223.76950	32.18805	89.22378	-1213.25722	-35.50750	109.24824	-1251.40186	-7.10207	132.34291	-1176.60000	-3.55087	71.75307	-820.41603	-71.15305	413.20787	-842.66997	-130.75773	365.39017	-878.18178	-173.89603	103.01463	-903.44468	-108.50430	104.54630	-930.13101	-151.39013	130.34448	-842.80538	-130.54430	88.91509	-1081.92540	-67.83375	690.96779	-868.05235	-205.87259	470.62630	-1085.58176	105.05313	466.21440	-843.58213	-213.17581	264.39284	-1161.99687	99.73215	234.36721	
175	1.740	-1045.23464	-77.38852	973.53865	-1044.31894	-93.24379	784.86736	-917.41897	-52.54956	936.52252	-982.86753	24.18631	647.07622	-924.97563	-143.05107	634.85655	-1049.50611	-133.70052	680.56843	-1033.73376	-15.21627	361.86843	-1093.02016	37.29360	338.61467	-1219.82149	32.59262	91.06369	-1209.60614	-35.22309	110.72755	-1246.34396	-6.33912	135.18437	-1174.01691	-3.71262	71.89061	-811.64443	-69.31414	408.79086	-833.40454	-129.57984	361.18073	-866.13256	-172.95809	98.00036	-892.24363	-107.78011	99.61691	-918.83544	-151.10304	124.79102	-830.95306	-129.11740	85.16953	-1069.80780	-67.30946	688.39727	-857.25419	-204.75271	466.69548	-1073.04956	104.85704	463.29466	-832.33395	-211.82297	259.67700	-1152.44706	99.57394	233.47354	
176	1.750	-1033.79771	-79.58055	970.96990	-1032.07772	-93.07734	782.32427	-905.72550	-54.54037	934.85699	-969.91438	24.02847	644.14637	-913.02415	-143.43773	633.23504	-1037.54254	-133.12192	678.76962	-1020.58898	-15.80856	358.16187	-1080.11810	36.58290	335.52380	-1215.00921	32.94137	93.12022	-1205.23224	-35.00010	112.35622	-1240.32199	-5.56865	138.25641	-1170.81918	-4.00472	72.11485	-803.19358	-68.05933	404.07373	-824.86999	-128.88647	356.79460	-857.09975	-172.32644	93.37032	-883.74086	-107.25676	95.25314	-910.18273	-150.90433	119.95590	-822.03580	-128.13114	81.68294	-1057.47392	-66.53015	685.86887	-846.88238	-204.05266	462.68473	-1059.73247	104.45651	459.98707	-822.95330	-210.87620	254.97360	-1141.68709	99.23940	232.35670	
177	1.760	-1022.42267	-81.65531	968.49528	-1019.65049	-92.57447	779.88049	-894.04146	-56.46435	933.43290	-956.72992	23.78850	641.01476	-901.01987	-143.95030	631.99616	-1025.48673	-132.34865	677.41069	-1006.45944	-16.64612	354.23092	-1066.18793	35.62259	332.09848	-1209.22897	33.22576	95.39037	-1200.03623	-34.84362	114.13678	-1233.25267	-4.80849	141.52982	-1166.88693	-4.41664	72.45744	-795.06669	-67.51075	399.32545	-817.03835	-128.75948	352.47087	-850.78871	-172.05781	89.25584	-877.68187	-107.00540	91.58009	-903.91647	-150.87747	115.94797	-815.77135	-127.62519	78.57695	-1044.99601	-65.52054	683.46325	-836.98949	-203.86877	458.79470	-1045.69665	103.82230	456.37867	-815.29298	-210.42646	250.46381	-1129.74445	98.71611	231.05945	
178	1.770	-1011.13175	-83.52763	966.19848	-1007.10547	-91.73341	777.62776	-882.39165	-58.27139	932.29673	-943.39456	23.42753	637.77592	-889.03655	-144.61990	631.22073	-1013.40774	-131.41066	676.57015	-991.46334	-17.75872	350.20532	-1051.33745	34.40511	328.45932	-1202.39081	33.43560	97.87215	-1193.91745	-34.76256	116.06975	-1225.07429	-4.08865	144.97023	-1162.09159	-4.93107	72.95776	-787.31176	-67.75114	394.79439	-809.90302	-129.25750	348.43342	-846.77272	-172.18265	85.74613	-873.70941	-107.08288	88.67160	-899.67255	-151.10532	112.81401	-811.76325	-127.60067	75.93561	-1032.44396	-64.31904	681.27501	-827.62871	-204.27232	455.21458	-1031.02408	102.93179	452.59650	-809.14340	-210.53786	246.30058	-1116.68712	97.99380	229.66287	
179	1.780	-999.94686	-85.11547	964.16831	-994.51469	-90.57168	775.66271	-870.80345	-59.91245	931.49802	-929.98573	22.90670	634.54936	-877.14466	-145.47660	630.97642	-1001.36806	-130.35061	676.31450	-975.74026	-19.17069	346.25243	-1035.69451	32.93112	324.76482	-1194.42525	33.55832	100.56401	-1186.77629	-34.77027	118.15156	-1215.75092	-3.45257	148.53873	-1156.29992	-5.52423	73.66002	-780.01212	-68.81373	390.68611	-803.47547	-130.41038	344.87184	-844.54749	-172.70286	82.88190	-871.40393	-107.52430	86.54571	-897.02533	-151.65803	110.53744	-809.54614	-128.02335	73.80039	-1019.88064	-62.97819	679.40764	-818.84348	-205.29984	452.10713	-1015.81077	101.77207	448.80257	-804.26130	-211.24159	242.59739	-1102.62063	97.06611	228.28530	
180	1.790	-988.88835	-86.34549	962.49374	-981.94979	-89.12658	774.08083	-859.30551	-61.34240	931.08658	-916.57470	22.19164	631.47289	-865.40612	-146.54503	631.31153	-989.41909	-129.22286	676.69252	-959.43866	-20.89452	342.56618	-1019.39785	31.21167	321.20090	-1185.28849	33.57772	103.46277	-1178.51720	-34.88530	120.37167	-1205.27423	-2.95753	152.19162	-1149.37956	-6.16759	74.60855	-773.27227	-70.67798	387.14824	-797.77947	-132.21595	341.92747	-843.59334	-173.59176	80.65638	-870.32921	-108.33668	85.16785	-895.53953	-152.57996	109.04593	-808.63707	-128.83020	72.17162	-1007.35850	-61.56321	677.96627	-810.66059	-206.94797	449.59599	-1000.16425	100.34249	445.18411	-800.40313	-212.53310	239.42329	-1087.68212	95.93228	227.07546	
181	1.800	-977.97370	-87.15845	961.25804	-969.47789	-87.45385	772.96967	-847.92605	-62.52284	931.10880	-903.22410	21.25650	628.69311	-853.87055	-147.84073	632.25030	-977.59857	-128.09052	677.73039	-942.70330	-22.92450	339.35158	-1002.58799	29.26976	317.96637	-1174.96517	33.47232	106.56028	-1169.05222	-35.13182	122.70981	-1193.66226	-2.67373	155.87970	-1141.20568	-6.83101	75.84182	-767.20161	-73.27201	384.26475	-792.84403	-134.63939	339.68652	-843.43296	-174.79581	79.02356	-870.07459	-109.49451	84.46084	-894.81754	-153.87787	108.22618	-808.58336	-129.93753	71.01558	-994.91790	-60.14846	677.04911	-803.08774	-209.17395	447.75687	-984.20029	98.65639	441.93969	-797.35629	-214.37288	236.80472	-1072.03171	94.59839	226.19974	
182	1.810	-967.21596	-87.51414	960.53275	-957.15818	-85.62452	772.40205	-836.69095	-63.42458	931.60314	-889.98586	20.08711	626.35383	-842.57330	-149.36795	633.79021	-965.93017	-127.02055	679.42832	-925.66378	-25.23167	336.80666	-985.39883	27.14095	315.25589	-1163.46748	33.21405	109.83933	-1158.30490	-35.53958	125.13389	-1180.95499	-2.68141	159.54749	-1131.66830	-7.48707	77.38612	-761.89843	-76.48160	382.05976	-788.69596	-137.61561	338.18052	-843.67448	-176.23783	77.91126	-870.28700	-110.93844	84.31961	-894.53403	-155.51337	107.94319	-808.99947	-131.24926	70.27503	-982.58714	-58.81163	676.73827	-796.11591	-211.90139	446.61424	-968.03823	96.74194	439.26251	-794.96191	-216.69045	234.73292	-1055.84124	93.07778	225.82480	
183	1.820	-956.62246	-87.39512	960.37197	-945.03948	-83.71999	772.42981	-825.62180	-64.02955	932.59537	-876.90008	18.68279	624.58368	-831.53534	-151.11875	635.90186	-954.42514	-126.07745	681.75908	-908.42587	-27.76116	335.10420	-967.95014	24.87282	313.24248	-1150.83089	32.76792	113.26974	-1146.21439	-36.14278	127.59950	-1167.20723	-3.06558	163.13302	-1120.67953	-8.11583	79.24991	-757.43606	-80.16418	380.50893	-785.35270	-141.05434	337.39304	-844.03405	-177.82226	77.23626	-870.68922	-112.57848	84.62768	-894.45299	-157.40216	108.05998	-809.58822	-132.66482	69.88097	-970.38393	-57.62646	677.09131	-789.72488	-215.03015	446.14376	-951.79497	94.64177	437.32286	-793.12479	-219.39137	233.17495	-1039.28121	91.39038	226.09759	
184	1.830	-946.19369	-86.80884	960.80757	-933.15887	-81.82586	773.07894	-814.73404	-64.33207	934.09412	-863.99454	17.05665	623.48450	-820.76484	-153.07374	638.53097	-943.08554	-125.31641	684.66848	-891.06602	-30.43300	334.37575	-950.34159	22.52313	312.06182	-1137.10689	32.09356	116.80544	-1132.73967	-36.97742	130.05152	-1152.48014	-3.90805	166.56890	-1108.17997	-8.70916	81.41994	-753.85237	-84.16563	379.55501	-782.81568	-144.84770	337.27070	-844.33731	-179.44300	76.91818	-871.08389	-114.30227	85.27259	-894.42716	-159.42189	108.45478	-810.14570	-134.08663	69.76324	-958.31801	-56.65497	678.13426	-783.88958	-218.44823	446.28015	-935.57784	92.41141	436.25192	-791.80916	-222.36642	232.08516	-1022.50687	89.56122	227.12552	
185	1.840	-935.92272	-85.78785	961.84590	-921.54164	-80.02525	774.34650	-804.03558	-64.33925	936.08721	-851.28520	15.23448	623.12161	-810.26000	-155.20380	641.60241	-931.90832	-124.77682	688.07766	-873.62970	-33.14693	334.70011	-932.64798	20.15644	311.80017	-1122.35418	31.14904	120.38364	-1117.86336	-38.07713	132.42801	-1136.83305	-5.27724	169.78487	-1094.14314	-9.27329	83.86004	-751.14316	-88.33713	379.12355	-781.06466	-148.87930	337.73588	-844.50363	-180.99358	76.88940	-871.34605	-115.98799	86.15781	-894.38334	-161.42788	109.03262	-810.55232	-135.42733	69.85855	-946.39414	-55.94029	679.85716	-778.58508	-222.04360	446.92903	-919.47691	90.11643	436.12886	-791.02198	-225.50211	231.41484	-1005.64466	87.61829	228.96038	
186	1.850	-925.79516	-84.38779	963.46608	-910.20208	-78.39213	776.19958	-793.52589	-64.07063	938.53929	-838.77739	13.25250	623.51736	-800.01266	-157.47262	645.02530	-920.88958	-124.47739	691.88697	-856.13325	-35.79100	336.09753	-914.91634	17.83972	312.48738	-1106.62984	29.89713	123.92648	-1101.59481	-39.46748	134.66590	-1120.31710	-7.21673	172.71207	-1078.57747	-9.82877	86.51274	-749.25952	-92.54945	379.13561	-780.05355	-153.03400	338.69860	-844.51969	-182.37887	77.09984	-871.40826	-117.52000	87.20975	-894.29947	-163.27413	109.73046	-810.75480	-136.61652	70.11500	-934.61505	-55.50152	682.21244	-773.78840	-225.71408	447.98074	-903.55770	87.82838	436.97297	-790.78860	-228.69097	231.11814	-988.78060	85.59069	231.58852	
187	1.860	-915.78979	-82.68350	965.62033	-899.14513	-76.98555	778.57649	-783.19575	-63.55690	941.39112	-826.46774	11.15407	624.64849	-790.01198	-159.83952	648.69873	-910.02816	-124.41347	695.98080	-838.56876	-38.25320	338.53025	-897.16463	15.63703	314.09569	-1089.98188	28.31334	127.34522	-1083.97157	-41.15957	136.70743	-1102.97197	-9.73418	175.28820	-1061.52498	-10.40724	89.30373	-748.10906	-96.70295	379.51564	-779.70829	-157.20680	340.06601	-844.40985	-183.52614	77.51646	-871.24307	-118.80445	88.37948	-894.17975	-164.83526	110.51577	-810.74428	-137.60628	70.49325	-922.98394	-55.33126	685.11633	-769.47714	-229.37416	449.32369	-887.85569	85.61974	438.74190	-791.12645	-231.84045	231.15397	-971.95175	83.50750	234.92949	
188	1.870	-905.87975	-80.76346	968.23612	-888.36831	-75.84531	781.38999	-773.02779	-62.83800	944.56071	-814.34651	8.98604	626.44750	-780.24780	-162.26242	652.51738	-899.32822	-124.55725	700.23322	-820.91101	-40.43446	341.90870	-879.38268	13.60413	316.54409	-1072.44434	26.39436	130.54649	-1065.05887	-43.14404	138.50611	-1084.82560	-12.79280	177.46258	-1043.05692	-11.04540	92.14807	-747.56095	-100.73214	380.19433	-779.92730	-161.30985	341.74854	-844.20977	-184.39367	78.11872	-870.84665	-119.78161	89.63985	-894.03318	-166.02484	111.38020	-810.53552	-138.37472	70.96507	-911.50614	-55.39646	688.45313	-765.62574	-232.95828	450.85526	-872.37352	83.55815	441.33606	-792.02272	-234.87905	231.48475	-955.14217	81.39791	238.84340	
189	1.880	-896.03431	-78.72304	971.21994	-877.86375	-74.98951	784.53229	-762.99757	-61.96049	947.94626	-802.40003	6.79484	628.80779	-770.71317	-164.70045	656.37655	-888.80027	-124.86060	704.51373	-803.12576	-42.26102	346.10234	-861.53534	11.78366	319.70776	-1054.03515	24.16540	133.43952	-1044.94647	-45.38666	140.03063	-1065.89658	-16.30723	179.20007	-1023.26646	-11.77714	94.95743	-747.45431	-104.60456	381.10778	-780.58492	-165.27618	343.66293	-843.94727	-184.97472	78.89203	-870.22634	-120.43261	90.97942	-893.85908	-166.80643	112.33034	-810.15043	-138.92645	71.51011	-900.18984	-55.64224	692.08185	-762.20111	-236.42064	452.48874	-857.08178	81.70066	444.60865	-793.42043	-237.75899	232.07347	-938.28391	79.29252	243.14595	
190	1.890	-886.22083	-76.65733	974.46244	-867.61990	-74.41412	787.88127	-753.07530	-60.97463	951.43086	-790.61301	4.62287	631.59180	-761.40565	-167.11635	660.17654	-878.46070	-125.26020	708.69306	-785.17805	-43.69392	350.95319	-843.56804	10.20155	323.43095	-1034.75674	21.68425	135.94325	-1023.74295	-47.82674	141.26605	-1046.19788	-20.14545	180.48273	-1002.25968	-12.62531	97.64698	-747.60947	-108.31466	382.19472	-781.53748	-169.05989	345.73279	-843.63270	-185.29605	79.82112	-869.39312	-120.77912	92.39486	-893.64070	-167.19533	113.37790	-809.60799	-139.28972	72.11226	-889.04587	-55.99815	695.84460	-759.15908	-239.73237	454.15600	-841.92370	80.08863	448.38001	-795.21511	-240.45518	232.88066	-921.26377	77.22504	247.62856	
191	1.900	-876.40700	-74.65425	977.84437	-857.62268	-74.09460	791.30746	-743.22785	-59.93119	954.88845	-778.97040	2.50550	634.64131	-752.32737	-169.47822	663.82598	-868.32988	-125.68435	712.64869	-767.04005	-44.73390	356.29030	-825.41477	8.86525	327.54197	-1014.59898	19.04119	137.99212	-1001.56771	-50.37896	142.21185	-1025.74067	-24.13716	181.30865	-980.14581	-13.59484	100.14129	-747.84121	-111.87381	383.39379	-782.63156	-172.63298	347.88773	-843.25797	-185.41101	80.88503	-868.35901	-120.87615	93.88358	-893.34650	-167.25106	114.53134	-808.92036	-139.51016	72.75632	-878.08661	-56.38608	699.57615	-756.44271	-242.87676	455.80614	-826.82310	78.74398	452.45439	-797.26192	-242.96095	233.86245	-903.93536	75.23350	252.08068	
192	1.910	-866.56288	-72.78837	981.24289	-847.85617	-73.98923	794.68115	-733.42102	-58.87831	958.19070	-767.45864	0.46897	637.78883	-743.48374	-171.76073	667.24431	-858.42909	-126.06037	716.26980	-748.69766	-45.42102	361.94328	-807.00774	7.76380	331.86830	-993.54362	16.35367	139.53994	-978.54155	-52.93881	142.87731	-1004.53733	-28.08796	181.68822	-957.02817	-14.66851	102.37857	-747.97251	-115.29859	384.64198	-783.71346	-175.97976	350.06211	-842.80263	-185.38827	82.05467	-867.13801	-120.79946	95.43791	-892.93715	-167.06244	115.79021	-808.09441	-139.64219	73.42573	-867.32415	-56.72854	703.11379	-753.98292	-245.84393	457.40155	-811.69476	77.66747	456.63709	-799.39096	-245.28135	234.97023	-886.13576	73.35994	256.31073	
193	1.920	-856.66267	-71.11634	984.53775	-838.30257	-74.04370	797.87906	-723.62164	-57.85866	961.21408	-756.06614	-1.47059	640.86903	-734.88102	-173.94553	670.36352	-848.77666	-126.32180	719.46168	-730.15561	-45.82889	367.75353	-788.28815	6.86977	336.25011	-971.56954	13.75646	140.56120	-954.77698	-55.39099	143.27528	-982.60298	-31.79769	181.63832	-932.99699	-15.80631	104.31302	-747.84736	-118.59966	385.87496	-784.63875	-179.09052	352.19427	-842.24374	-185.29843	83.29321	-865.74883	-120.63003	97.04171	-892.37538	-166.72837	117.14282	-807.13633	-139.73932	74.10168	-856.76800	-56.95649	706.30697	-751.70099	-248.62580	458.91271	-796.45584	76.83922	460.74986	-801.42734	-247.42542	236.15181	-867.70485	71.64803	260.16296	
194	1.930	-846.68601	-69.67400	987.61686	-828.94173	-74.19643	800.79029	-713.79950	-56.90704	963.84671	-744.78308	-3.30689	643.72907	-726.52301	-176.02106	673.12909	-839.38398	-126.41447	722.14927	-711.44092	-46.05515	373.58212	-769.21673	6.14252	340.55082	-948.65802	11.38840	141.04986	-930.36973	-57.61973	143.41564	-959.95556	-35.08012	181.17570	-908.12492	-16.94880	105.91534	-747.34104	-121.77359	387.02925	-785.28095	-181.95606	354.22664	-841.56643	-185.20099	84.55878	-864.21760	-120.43871	98.66983	-891.63593	-166.33823	118.56706	-806.05736	-139.84510	74.76344	-846.42251	-57.01564	709.02595	-749.51247	-251.21251	460.31346	-781.03661	76.22123	464.64303	-803.21199	-249.39921	237.35376	-848.50506	70.13864	263.52800	
195	1.940	-836.61872	-68.47546	990.38104	-819.75043	-74.38401	803.32089	-703.92884	-56.04865	965.99432	-733.60047	-5.04223	646.23731	-718.40743	-177.98154	675.50050	-830.25171	-126.30086	724.27972	-692.60457	-46.20982	379.31377	-749.78296	5.53218	344.66346	-924.79732	9.37776	141.01598	-905.39290	-59.51987	143.29980	-936.61498	-37.78106	180.31080	-882.46593	-18.02404	107.17145	-746.36652	-124.79941	388.04543	-785.53850	-184.56445	356.10714	-840.77222	-185.13428	85.80866	-862.57906	-120.27405	100.28998	-890.71298	-165.95588	120.03363	-804.87821	-139.98651	75.38981	-836.28445	-56.87075	711.16876	-747.33172	-253.59089	461.57773	-765.38946	75.76167	468.20305	-804.61972	-251.20077	238.52449	-828.43872	68.86427	266.34615	
196	1.950	-826.45296	-67.51404	992.74754	-810.70143	-74.54627	805.39719	-693.98920	-55.29803	967.58490	-722.50884	-6.68533	648.28950	-710.52226	-179.82567	677.45113	-821.36678	-125.96229	725.82380	-673.72135	-46.40373	384.85704	-730.01159	4.98378	348.51247	-899.98648	7.82851	140.48088	-879.89513	-61.00695	142.91735	-912.60238	-39.79222	179.04330	-856.05780	-18.95729	108.07977	-744.87647	-127.64061	388.87193	-785.33909	-186.90081	357.79136	-839.88285	-185.11035	87.00399	-860.87539	-120.15567	101.86652	-889.62332	-165.61042	121.51050	-803.63099	-140.17082	75.96109	-826.34081	-56.50732	712.66609	-745.07655	-255.74528	462.67850	-749.49490	75.39996	471.35508	-805.57159	-252.81860	239.61767	-807.46065	67.84354	268.60358	
197	1.960	-816.18671	-66.76478	994.65244	-801.76275	-74.63050	806.96755	-683.96588	-54.65884	968.57168	-711.49649	-8.24882	649.81232	-702.84286	-181.55502	678.96790	-812.70054	-125.39893	726.77592	-654.88769	-46.73885	390.14107	-709.96569	4.44104	352.05101	-874.23848	6.80951	139.47179	-853.90370	-62.02539	142.24547	-887.94042	-41.05877	177.36045	-828.92824	-19.68198	108.64764	-742.86061	-130.25179	389.46841	-784.64102	-188.94981	359.24532	-838.93886	-185.11586	88.11387	-859.15293	-120.07447	103.36517	-888.40444	-165.29541	122.96778	-802.35772	-140.38681	76.46121	-816.56739	-55.93097	713.48355	-742.67225	-257.66026	463.58902	-733.36404	75.07202	474.06071	-806.03949	-254.23352	240.59554	-785.58431	67.07702	270.32276	
198	1.970	-805.82288	-66.18821	996.05172	-792.89711	-74.59467	808.00260	-673.84961	-54.12428	968.93441	-700.54782	-9.74666	650.76410	-695.33005	-183.17269	680.05044	-804.20829	-124.62778	727.15271	-636.21743	-47.30156	395.10985	-689.74537	3.84927	355.25455	-847.58348	6.34806	138.01715	-827.43273	-62.55369	141.25131	-862.65599	-41.58030	175.23864	-801.10436	-20.15034	108.88723	-740.33914	-132.58810	389.80820	-783.43112	-190.70004	360.44784	-837.99320	-185.11860	89.11831	-857.45721	-119.99932	104.75774	-887.10808	-164.97644	124.38172	-801.10573	-140.60964	76.87938	-806.92809	-55.16443	713.62121	-740.05420	-259.32457	464.28560	-717.03742	74.71493	476.31162	-806.04252	-255.42385	241.43170	-762.88104	66.54530	271.54929	
199	1.980	-795.36804	-65.73470	996.92109	-784.06182	-74.40946	808.49422	-663.63592	-53.67817	968.67883	-689.64189	-11.19188	651.13322	-687.92965	-184.68222	680.70983	-795.83031	-123.67913	726.99017	-617.83561	-48.15947	399.71529	-669.48239	3.15759	358.11202	-820.07329	6.42823	136.14339	-800.49629	-62.60623	139.89677	-836.78591	-41.40562	172.64810	-772.62505	-20.34215	108.81179	-737.35301	-134.61521	389.87926	-781.71932	-192.14895	361.39199	-837.10127	-185.07808	90.00946	-855.82742	-119.88846	106.02594	-885.79050	-164.60492	125.73757	-799.92095	-140.80853	77.21103	-797.37524	-54.24310	713.11043	-737.16875	-260.73492	464.75103	-700.58035	74.27046	478.12048	-805.63549	-256.37224	242.11299	-739.47321	66.20960	272.33756	
200	1.990	-784.83085	-65.34908	997.25495	-775.20909	-74.05915	808.45342	-653.32402	-53.29652	967.83457	-678.75143	-12.59505	650.93443	-680.57365	-186.08720	680.96693	-787.49430	-122.59222	726.33959	-599.87055	-49.36106	403.91036	-649.33084	2.32024	360.61636	-791.78787	6.99361	133.87380	-773.12508	-62.23182	138.14495	-810.38582	-40.62336	169.56015	-743.55523	-20.27016	108.43267	-733.95245	-136.31725	389.68349	-779.53026	-193.30673	362.08472	-836.30972	-184.95769	90.79110	-854.29116	-119.70292	107.16370	-884.50135	-164.13476	127.03086	-798.84045	-140.95534	77.45778	-787.85097	-53.20970	712.00852	-733.97202	-261.89887	464.97747	-684.07534	73.68755	479.51075	-804.89182	-257.07266	242.63981	-715.52339	66.01446	272.73783	
201	2.000	-774.22064	-64.97502	997.06436	-766.28685	-73.54162	807.90735	-642.91562	-52.94949	966.45179	-667.84266	-13.96340	650.20395	-673.18279	-187.39136	680.85025	-779.11887	-121.41067	725.26267	-582.44480	-50.93753	407.64378	-629.45514	1.29753	362.75601	-762.84436	7.95353	131.22948	-745.38485	-61.50929	135.96701	-783.54172	-39.35052	165.95563	-714.00087	-19.98122	107.75756	-730.18502	-137.70119	389.23447	-776.89314	-194.19818	362.54479	-835.64609	-184.73571	91.47672	-852.86018	-119.41876	108.17769	-883.27334	-163.53798	128.26726	-797.88563	-141.03229	77.62633	-778.28958	-52.10897	710.39184	-730.42699	-262.83592	464.96793	-667.61262	72.92360	480.50715	-803.88356	-257.53566	243.02487	-691.22198	65.89194	272.78680	
202	2.010	-763.54603	-64.55894	996.37455	-757.23991	-72.86761	806.89597	-632.41355	-52.60352	964.59687	-656.87598	-15.30063	648.99413	-665.67044	-188.59913	680.39339	-770.61799	-120.17861	723.82628	-565.66588	-52.90522	410.85726	-610.01677	0.05671	364.50915	-733.40813	9.19166	128.23194	-717.39393	-60.54079	133.34854	-756.38264	-37.72109	161.83337	-684.12276	-19.55273	106.79006	-726.08455	-138.79688	388.55377	-773.83112	-194.86181	362.79875	-835.11136	-184.41282	92.08657	-851.52756	-119.03552	109.08600	-882.11420	-162.81559	129.46130	-797.05749	-141.03699	77.72667	-768.62074	-50.98324	708.34820	-726.49943	-263.57649	464.73565	-651.28001	71.94526	481.12823	-802.66233	-257.79052	243.29019	-666.77616	65.76663	272.50287	
203	2.020	-752.81384	-64.05310	995.22209	-748.01165	-72.05941	805.46854	-621.82071	-52.22371	962.34775	-645.80763	-16.60727	647.36820	-657.94708	-189.71635	679.63230	-761.90564	-118.93776	722.09753	-549.61797	-55.26752	413.48602	-591.16151	-1.42673	365.84172	-703.70402	10.57593	124.90647	-689.33697	-59.44341	130.29426	-729.09222	-35.87620	157.21696	-654.14709	-19.08459	105.53060	-721.66247	-139.65299	387.66653	-770.35195	-195.34623	362.87583	-834.67639	-184.01443	92.64441	-850.26641	-118.57906	109.91546	-881.00220	-162.00164	130.63443	-796.33456	-140.98403	77.76968	-758.77337	-49.86938	705.96966	-722.15392	-264.15907	464.30153	-635.15362	70.72913	481.38231	-801.24447	-257.88376	243.46289	-642.40200	65.56116	271.88656	
204	2.030	-742.02842	-63.41810	993.65205	-738.54592	-71.14934	803.68038	-611.13911	-51.77606	959.78908	-634.59241	-17.88117	645.39594	-649.92506	-190.75081	678.60251	-752.90057	-117.72596	720.13969	-534.35534	-58.01517	415.46263	-573.00910	-3.16696	366.70945	-674.02499	11.96930	121.28521	-661.47191	-58.33970	126.83074	-701.91667	-33.95600	152.15878	-624.37020	-18.68740	103.97854	-716.90244	-140.32986	386.59688	-766.44149	-195.70453	362.80244	-834.28259	-183.58775	93.17442	-849.03023	-118.09856	110.69796	-879.88553	-161.15953	131.81263	-795.67394	-140.90267	77.76478	-748.67989	-48.79754	703.34645	-717.35048	-264.62597	463.69005	-619.29101	69.26275	481.26728	-799.60288	-257.87404	243.57040	-618.32083	65.20210	270.92540	
205	2.040	-731.19140	-62.62452	991.71537	-728.78931	-70.17798	801.59014	-600.36936	-51.22980	957.00781	-623.18717	-19.11799	643.15044	-641.52297	-191.71233	677.33663	-743.53061	-116.57719	718.00949	-519.89879	-61.12443	416.72383	-555.64676	-5.16481	367.06378	-644.73484	13.24078	117.40930	-634.12790	-57.34732	123.00677	-675.16631	-32.09301	146.74062	-595.15561	-18.46822	102.13506	-711.75897	-140.89068	385.36375	-762.06087	-195.98742	362.59712	-833.84630	-183.19401	93.69876	-847.75461	-117.65845	111.46662	-878.68508	-160.37189	133.02410	-795.01488	-140.83140	77.71791	-738.28059	-47.79162	700.56292	-712.04287	-265.01834	462.92442	-603.72822	67.54641	480.77394	-797.66682	-257.82456	243.63586	-594.75900	64.62646	269.60163	
206	2.050	-720.30180	-61.65405	989.46672	-718.69352	-69.19243	799.25783	-589.51057	-50.55942	954.08935	-611.55509	-20.31141	640.70617	-632.66941	-192.61222	675.86241	-733.73635	-115.52265	715.75596	-506.23553	-64.55319	417.21921	-539.12765	-7.40379	366.86042	-616.26173	14.27675	113.32949	-607.69272	-56.56841	118.89173	-649.20831	-30.40573	141.07077	-566.92147	-18.51557	100.00670	-706.16004	-141.39266	383.97798	-757.14785	-196.23669	362.26689	-833.26567	-182.89801	94.23608	-846.36001	-117.32722	112.25223	-877.29987	-159.72628	134.29701	-794.28423	-140.81059	77.63032	-727.52779	-46.87122	697.69559	-706.17862	-265.37125	462.02202	-588.48145	65.59565	479.89219	-795.32901	-257.79422	243.67463	-571.94945	63.78892	267.90108	
207	2.060	-709.35666	-60.50021	986.96286	-708.21788	-68.24446	796.74357	-578.56058	-49.74661	951.11465	-599.67002	-21.45293	638.13828	-623.30597	-193.46206	674.20154	-723.47413	-114.59266	713.42085	-493.32285	-68.23579	416.92063	-523.47427	-9.84572	366.06930	-589.08018	14.99188	109.10553	-582.58997	-56.07892	114.57244	-624.44952	-28.99153	135.27800	-540.11833	-18.88559	97.60902	-700.01328	-141.87945	382.44072	-751.62183	-196.47982	361.80544	-832.42871	-182.75676	94.80087	-844.75550	-117.16542	113.08041	-875.61380	-159.29997	135.65744	-793.40275	-140.87479	77.49838	-716.38961	-46.05442	694.81341	-699.70090	-265.70965	460.99086	-573.55360	63.44446	478.61871	-792.45817	-257.82922	243.69228	-550.13182	62.66956	265.82120	
208	2.070	-698.35180	-59.16863	984.26177	-697.33189	-67.38861	794.10719	-567.51667	-48.78174	948.15824	-587.52082	-22.53130	635.52267	-613.38950	-194.27187	672.36953	-712.71818	-113.81856	711.04039	-481.09542	-72.07791	415.83087	-508.68618	-12.42671	364.68408	-563.68114	15.33923	104.80468	-559.24758	-55.91889	110.14904	-601.30946	-27.91843	129.50371	-515.19814	-19.59135	94.97003	-693.21457	-142.37605	380.74372	-745.39152	-196.72671	361.19354	-831.22113	-182.80973	95.40380	-842.84280	-117.21524	113.96992	-873.50271	-159.14674	137.12778	-792.29110	-141.04623	77.31463	-704.85288	-45.36075	691.97971	-692.55165	-266.04557	459.82794	-558.94455	61.14836	476.96455	-788.91408	-257.95656	243.68429	-529.54858	61.28133	263.37695	
209	2.080	-687.28289	-57.67727	981.42240	-686.01758	-66.68008	791.40838	-556.37648	-47.66502	945.28717	-575.11474	-23.53183	632.93648	-602.89364	-195.04794	670.37664	-701.46198	-113.23402	708.64792	-469.47529	-75.95305	413.98996	-494.75039	-15.05470	362.72984	-540.53224	15.31812	100.49983	-538.06093	-56.08493	105.73051	-580.18564	-27.21617	123.89309	-492.57747	-20.59714	92.13277	-685.65780	-142.88661	378.87117	-738.36392	-196.96906	360.40141	-829.53293	-183.07234	96.05276	-840.52058	-117.49339	114.93225	-870.84080	-159.28818	138.72541	-790.87458	-141.33079	77.06999	-692.92521	-44.81351	689.25505	-684.67559	-266.37713	458.51972	-544.66336	58.78672	474.96150	-784.56235	-258.18047	243.63757	-510.43479	59.67598	260.60416	
210	2.090	-676.14653	-56.05628	978.50501	-674.27158	-66.17248	788.70727	-545.13916	-46.40709	942.56098	-562.47957	-24.43568	630.45837	-591.80990	-195.79075	668.22983	-689.71877	-112.87523	706.27661	-458.38363	-79.70265	411.47829	-481.65236	-17.60971	360.26747	-520.03256	14.97807	96.26775	-519.35522	-56.52629	101.43005	-561.41527	-26.86824	118.58660	-472.59902	-21.81902	89.15621	-677.24448	-143.39538	376.80300	-730.45320	-197.18236	359.39311	-827.26324	-183.53370	96.75458	-837.68862	-117.98839	115.97243	-867.50619	-159.71068	140.46217	-789.08610	-141.71707	76.75698	-680.63566	-44.44080	686.70001	-676.02437	-266.68922	457.04488	-530.73959	56.46300	472.66598	-779.28630	-258.48232	243.53320	-493.00158	57.94646	257.56018	
211	2.100	-664.94122	-54.34765	975.57183	-662.10668	-65.91527	786.06512	-533.80653	-45.02900	940.03211	-549.66400	-25.21957	628.16808	-580.14819	-196.49318	665.93579	-677.52123	-112.77938	703.96197	-447.75245	-83.14123	408.41531	-469.38539	-19.94800	357.39408	-502.46856	14.41739	92.18715	-503.35211	-57.14645	97.36027	-545.23881	-26.80727	113.71222	-455.49692	-23.13218	86.11407	-667.89189	-143.87032	374.51938	-721.58806	-197.33002	358.13204	-824.32326	-184.15871	97.51724	-834.25150	-118.66230	117.09111	-863.38545	-160.36789	142.34458	-786.86703	-142.17860	76.37376	-668.03409	-44.27478	684.37705	-666.56019	-266.95582	455.37902	-517.23101	54.30189	470.15984	-772.99484	-258.82390	243.35052	-477.41530	56.22418	254.32243	
212	2.110	-653.66825	-52.60438	972.68781	-649.55263	-65.95088	783.54468	-522.38421	-43.56157	937.74695	-536.73582	-25.85612	626.14499	-567.93688	-197.13955	663.50439	-664.92025	-112.98155	701.74332	-437.53482	-86.06749	404.95362	-457.95657	-21.91086	354.23891	-487.97893	13.77473	88.33624	-490.14596	-57.81100	93.62811	-531.77151	-26.91654	109.37884	-441.37129	-24.38489	83.09109	-657.53898	-144.26859	372.00584	-711.71710	-197.36896	356.58724	-820.63771	-184.89377	98.35245	-830.12191	-119.45634	118.28757	-858.37748	-161.18793	144.37511	-784.16602	-142.67872	75.92830	-655.18881	-44.34900	682.35075	-656.25864	-267.14352	453.50076	-504.22504	52.44254	467.54795	-765.62605	-259.15343	243.07168	-463.77667	54.66978	250.98461	
213	2.120	-642.33224	-50.88912	969.92111	-636.65602	-66.31189	781.21005	-510.88244	-42.04399	935.74679	-523.77801	-26.31495	624.46550	-555.22230	-197.70578	660.95254	-651.98264	-113.51017	699.66412	-427.71204	-88.28104	401.26874	-447.38815	-23.33778	350.95493	-476.53544	13.21374	84.78915	-479.69353	-58.36219	90.32915	-520.98860	-27.03964	105.67069	-430.17651	-25.41723	80.17684	-646.14974	-144.54311	369.25867	-700.81146	-197.25570	354.73967	-816.14524	-185.67488	99.27832	-825.22321	-120.29903	119.56328	-852.39711	-162.08336	146.55428	-780.93611	-143.17706	75.44233	-642.18267	-44.69410	680.68603	-645.11038	-267.21560	451.39851	-491.83271	51.02758	464.95262	-757.14713	-259.41310	242.68665	-452.10501	53.45766	247.65097	
214	2.130	-630.94149	-49.27202	967.34289	-623.47901	-67.01814	779.12568	-499.31667	-40.52186	934.06875	-510.88289	-26.56474	623.19921	-542.06745	-198.16069	658.30750	-638.78782	-114.38168	697.77099	-418.29681	-89.60334	397.54524	-437.71439	-24.08295	347.70694	-467.94489	12.90196	81.61121	-471.81956	-58.63875	87.54145	-512.72787	-26.99883	102.64279	-421.72619	-26.08217	77.45799	-633.71397	-144.64905	366.28981	-688.86510	-196.95203	352.58769	-810.79811	-186.43668	100.32163	-819.49118	-121.11556	120.92530	-845.37853	-162.96225	148.88340	-777.13073	-143.63649	74.95418	-629.10771	-45.33231	679.44457	-633.12164	-267.13633	449.07674	-480.17555	50.18888	462.50520	-747.55183	-259.54695	242.19799	-442.33269	52.75595	244.42827	
215	2.140	-619.50800	-47.82777	965.02621	-610.09698	-68.07439	777.35453	-487.70752	-39.04455	932.74614	-498.14504	-26.57584	622.40450	-528.54998	-198.46854	655.60942	-625.42366	-115.59532	696.11161	-409.33176	-89.90001	393.96101	-428.97465	-24.03302	344.65730	-461.87348	12.98681	78.85355	-466.23756	-58.49862	85.31953	-506.71025	-26.62057	100.31770	-415.71474	-26.26557	75.01032	-620.24596	-144.54928	363.13100	-675.89303	-196.42962	350.15123	-804.56132	-187.12087	101.51915	-812.87493	-121.83683	122.38888	-837.27842	-163.73862	151.36706	-772.69904	-144.02930	74.51993	-616.05879	-46.27186	678.67984	-620.31378	-266.87479	446.56099	-469.36747	50.03160	460.33559	-736.85647	-259.50800	241.62468	-434.31274	52.70470	241.41651	
216	2.150	-608.04714	-46.63176	963.04386	-596.59503	-69.46864	775.95519	-476.08047	-37.66219	931.80835	-485.65358	-26.32341	622.12388	-514.75914	-198.59253	652.91239	-611.98155	-117.12912	694.73188	-400.88362	-89.10104	390.67173	-421.20471	-23.12324	341.95119	-457.89022	13.57276	76.54819	-462.58272	-57.84073	83.68931	-502.57531	-25.76414	98.68416	-411.75249	-25.90202	72.89182	-605.78165	-144.21828	359.83618	-661.92819	-195.67293	347.47385	-797.41102	-187.68290	102.91710	-805.33670	-122.40700	123.97826	-828.07831	-164.34108	154.01481	-767.58139	-144.34149	74.21196	-603.12680	-47.50219	678.43184	-606.72197	-266.40794	443.90056	-459.49550	50.61936	458.56051	-725.09541	-259.26355	241.00448	-427.83977	53.39605	238.69959	
217	2.160	-596.57708	-45.75559	961.46503	-583.06366	-71.17168	774.97856	-464.46481	-36.42244	931.27996	-473.48509	-25.79054	622.37991	-500.79190	-198.49882	650.28359	-598.55125	-118.93795	693.67278	-393.03377	-87.21503	387.79777	-414.42814	-21.34914	339.70339	-455.52129	14.70384	74.70511	-460.45144	-56.62214	82.64535	-499.92523	-24.34828	97.69843	-409.40860	-24.98374	71.13838	-590.37493	-143.64395	356.48196	-647.01767	-194.68042	344.62247	-789.33213	-188.09608	104.56821	-796.85051	-122.78868	125.72525	-817.78527	-164.71871	156.84093	-761.70557	-144.57457	74.11454	-590.39223	-48.99110	678.72231	-592.39342	-265.72278	441.16844	-450.60385	51.96333	457.27200	-712.31644	-258.79825	240.39396	-422.68035	54.85968	236.33810	
218	2.170	-585.11797	-45.26215	960.35120	-569.59388	-73.13788	774.46404	-452.89228	-35.36734	931.17936	-461.69790	-24.97080	623.17234	-486.74843	-198.16053	647.80045	-585.21600	-120.95455	692.96731	-385.86657	-84.33422	385.41576	-408.64942	-18.77128	337.98883	-454.30520	16.35478	73.31216	-459.44073	-54.86728	82.15122	-498.36897	-22.36981	97.28874	-408.25453	-23.56145	69.76244	-574.09360	-142.82775	353.16566	-631.21901	-193.46424	341.68464	-780.31506	-188.35269	106.52599	-787.39973	-122.96515	127.66521	-806.43033	-164.84393	159.86188	-754.98461	-144.74436	74.31650	-577.91990	-50.68470	679.55156	-577.38545	-264.81749	438.45809	-442.68484	54.01768	456.52783	-698.57640	-258.11476	239.86565	-418.60644	57.05615	234.36579	
219	2.180	-573.69088	-45.20072	959.75161	-556.27229	-75.30758	774.43602	-441.39525	-34.53035	931.51672	-450.32865	-23.86997	624.47713	-472.72704	-197.56105	645.54584	-572.04830	-123.09361	692.63798	-379.45690	-80.62851	383.55616	-403.84996	-15.51169	336.83828	-453.83830	18.43270	72.33826	-459.18147	-52.66725	82.14367	-497.55876	-19.90997	97.36307	-407.90118	-21.73731	68.75491	-557.01529	-141.78329	350.00091	-614.59688	-192.04861	338.76337	-770.35176	-188.46208	108.83649	-776.97375	-122.93972	129.83074	-794.06419	-164.71235	163.09126	-747.31668	-144.87730	74.90125	-565.75543	-52.51040	680.89724	-561.76357	-263.70171	435.87749	-435.67924	56.68272	456.34543	-683.93702	-257.23218	239.50219	-415.42408	59.87949	232.79050	
220	2.190	-562.31655	-45.60256	959.69880	-543.17656	-77.61074	774.90104	-430.00469	-33.93418	932.29191	-439.39152	-22.50639	626.24740	-458.81932	-196.69628	643.60182	-559.10681	-125.25875	692.69493	-373.85865	-76.32840	382.20717	-399.98695	-11.74208	336.23994	-453.80360	20.78900	71.73915	-459.36122	-50.16916	82.54014	-497.21347	-17.12647	97.81925	-408.02450	-19.65122	68.08936	-539.22358	-140.53436	347.11096	-597.22054	-190.46749	335.97018	-759.43176	-188.44645	111.52843	-765.56429	-122.73247	132.24385	-780.75018	-164.33996	166.53299	-738.58789	-145.00463	75.93555	-553.92409	-54.38308	682.71549	-545.59999	-262.39612	433.54108	-429.48559	59.81543	456.70079	-668.46109	-256.18281	239.38774	-412.99089	63.16883	231.59891	
221	2.200	-551.01417	-46.47755	960.20485	-530.37184	-79.97167	775.84603	-418.74799	-33.58924	933.49231	-428.88008	-20.90994	628.41660	-445.10554	-195.57520	642.04245	-546.43473	-127.35154	693.13480	-369.09521	-71.69893	381.32374	-396.99459	-7.66551	336.14640	-453.98059	23.23955	71.46440	-459.73513	-47.55707	83.24868	-497.12713	-14.23231	98.55610	-408.37785	-17.46281	67.72759	-520.80428	-139.11272	344.62036	-579.16189	-188.76185	333.41707	-747.53886	-188.33491	114.60345	-753.16199	-122.37505	134.90810	-766.55550	-163.75844	170.17389	-728.67764	-145.15581	77.45857	-542.43185	-56.21346	684.94397	-528.97239	-260.93135	431.56059	-423.97623	63.24565	457.53273	-652.20911	-255.00778	239.59784	-411.21920	66.72729	230.76343	
222	2.210	-539.80002	-47.81230	961.25892	-517.90831	-82.31437	777.23794	-407.64695	-33.49322	935.09118	-418.77144	-19.11982	630.90320	-431.65117	-194.21894	640.92667	-534.05958	-129.28119	693.94034	-365.15318	-67.00842	380.83954	-394.78678	-3.49406	336.48531	-454.23805	25.58978	71.46405	-460.12601	-45.02752	84.17848	-497.16411	-11.46519	99.48360	-408.79163	-15.33170	67.62536	-501.84214	-137.55621	342.64584	-560.49397	-186.97681	331.20825	-734.64930	-188.15727	118.02841	-739.75397	-121.90473	137.80214	-751.54194	-163.00931	173.97720	-717.46644	-145.35228	79.47311	-531.26859	-57.91760	687.50618	-511.96289	-259.34646	430.03589	-419.01614	66.79523	458.75196	-635.23627	-253.75234	240.18896	-410.06586	70.34539	230.24926	
223	2.220	-528.68635	-49.57005	962.82636	-505.82013	-84.56772	779.02496	-396.71603	-33.63164	937.04656	-409.03179	-17.18124	633.61654	-418.50447	-192.65830	640.29217	-521.99438	-130.97368	695.08052	-361.97971	-62.49718	380.67919	-393.26069	0.57405	337.17156	-454.51499	27.66056	71.69350	-460.41634	-42.76372	85.24911	-497.24506	-9.05290	100.53031	-409.16342	-13.39870	67.73727	-482.41778	-135.90708	341.28747	-541.28952	-185.15891	329.43267	-720.73180	-187.93865	121.73157	-725.32289	-121.35844	140.87612	-735.75785	-162.13814	177.87883	-704.84498	-145.60288	81.94089	-520.41279	-59.42605	690.31637	-494.65659	-257.68677	429.04694	-414.48042	70.29704	460.25342	-617.59019	-252.46130	241.18982	-409.51297	73.82537	230.01993	
224	2.230	-517.68037	-51.69253	964.84977	-494.12571	-86.67019	781.13900	-385.96106	-33.97937	939.30124	-399.62249	-15.14185	636.46289	-405.69583	-190.93036	640.15086	-510.24000	-132.37871	696.51113	-359.48397	-58.35109	380.76835	-392.30088	4.37459	338.11848	-454.79607	29.31112	72.11573	-460.53611	-40.91205	86.39699	-497.32860	-7.18074	101.64680	-409.44239	-11.77049	68.02013	-462.60522	-134.21033	340.62135	-521.61927	-183.35351	328.15815	-705.74961	-187.69569	125.60422	-709.84780	-120.76816	144.05202	-719.23288	-161.18930	181.78754	-690.72303	-145.90176	84.78296	-509.83690	-60.69127	693.28420	-477.13931	-256.00117	428.64772	-410.26711	73.61129	461.92950	-599.30947	-251.17511	242.59601	-409.54533	77.00275	230.04063	
225	2.240	-506.78365	-54.10363	967.25167	-482.82911	-88.57339	783.49954	-375.37860	-34.50301	941.78381	-390.50569	-13.04815	639.35126	-393.23846	-189.07471	640.48682	-498.78823	-133.47378	698.17583	-357.54257	-54.68465	381.04001	-391.78390	7.79182	339.24632	-455.08730	30.45576	72.70090	-460.44970	-39.56460	87.57812	-497.39341	-5.96621	102.80487	-409.61222	-10.50938	68.43472	-442.47009	-132.51176	340.69468	-501.54981	-181.60246	327.42773	-689.66423	-187.43528	129.50781	-693.30657	-120.15793	147.22806	-701.97650	-160.20211	185.58946	-675.03697	-146.22924	87.88574	-499.51272	-61.69213	696.31877	-459.49395	-254.33893	428.86271	-406.30367	76.63679	463.68195	-580.42327	-249.92705	244.36921	-410.13047	79.76241	230.27921	
226	2.250	-495.99177	-56.71454	969.93894	-471.92210	-90.24437	786.01811	-364.95584	-35.16391	944.41079	-381.64877	-10.94254	642.19820	-381.13064	-187.12986	641.25663	-487.62519	-134.26471	700.00754	-356.00852	-51.53576	381.43687	-391.58311	10.76563	340.48706	-455.39643	31.07217	73.42396	-460.14447	-38.74988	88.76711	-497.42403	-5.44469	103.99315	-409.67536	-9.62949	68.94608	-422.06876	-130.85543	341.52393	-481.14125	-179.94190	327.25869	-672.44009	-187.15538	133.28623	-675.67941	-119.54299	150.28681	-683.98019	-159.20847	189.15684	-657.75453	-146.55537	91.11215	-489.41590	-62.43502	699.33172	-441.79564	-252.74602	429.68625	-402.54682	79.31617	465.43047	-560.95199	-248.74150	246.44151	-411.20528	82.04710	230.70549	
227	2.260	-485.29447	-59.43006	972.80814	-461.38676	-91.66641	788.60324	-354.67137	-35.92136	947.08985	-373.02692	-8.86137	644.93131	-369.35887	-185.13051	642.39227	-476.73467	-134.78282	701.93040	-354.72295	-48.87257	381.91058	-391.57365	13.29079	341.78565	-455.72034	31.20076	74.26147	-459.62239	-38.43270	89.95334	-497.40221	-5.56792	105.21072	-409.64100	-9.09919	69.52292	-401.44852	-129.28051	343.09622	-460.44505	-178.40041	327.64410	-654.04951	-186.84790	136.78120	-656.95259	-118.93073	153.10575	-665.22270	-158.23194	192.35939	-638.87632	-146.84568	94.31599	-479.52912	-62.95150	702.23948	-424.10616	-251.26143	431.08480	-398.97665	81.63466	467.11698	-540.90918	-247.63346	248.72422	-412.67109	83.85782	231.28980	
228	2.270	-474.67609	-62.15522	975.75154	-451.19797	-92.83849	791.16527	-344.49642	-36.73598	949.72393	-364.62393	-6.83390	647.49140	-357.90170	-183.10583	643.80601	-466.10091	-135.07940	703.86218	-353.52808	-46.61012	382.41912	-391.63698	15.40889	343.09856	-456.04011	30.93545	75.18864	-458.89502	-38.52291	91.13535	-497.30394	-6.21478	106.46020	-409.51746	-8.84938	70.13669	-380.64903	-127.81799	345.37364	-439.50250	-176.99755	328.55670	-634.47691	-186.50264	139.84866	-637.12157	-118.32291	155.56861	-645.67673	-157.28799	195.07681	-618.43421	-147.06791	97.35763	-469.84345	-63.29305	704.96493	-406.46887	-249.91370	433.00183	-395.58696	83.61356	468.70561	-520.30441	-246.60916	251.11984	-414.39709	85.24664	232.00138	
229	2.280	-464.11639	-64.80182	978.66301	-441.32560	-93.77372	793.62071	-334.39667	-37.57260	952.21581	-356.43092	-4.88245	649.83321	-346.73339	-181.07911	645.39671	-455.71054	-135.21843	705.71727	-352.28001	-44.63304	382.92411	-391.66490	17.19520	344.39103	-456.32274	30.40784	76.17759	-457.98104	-38.89096	92.31509	-497.10121	-7.21197	107.74208	-409.30868	-8.78567	70.76089	-359.70495	-126.48758	348.29964	-418.34470	-175.74281	329.95433	-613.72174	-186.11165	142.37337	-616.19276	-117.71854	157.57590	-625.31579	-156.38515	197.21005	-596.48678	-147.19864	100.11837	-460.35800	-63.52390	707.43870	-388.90557	-248.71835	435.36457	-392.37406	85.29980	470.17912	-499.14668	-245.66755	253.53506	-416.23043	86.30383	232.80742	
230	2.290	-453.59166	-67.29431	981.44347	-431.73621	-94.49687	795.89577	-324.33433	-38.40278	954.47289	-348.44371	-3.02315	651.92516	-335.82708	-179.06833	647.05692	-445.55333	-135.26864	707.41014	-350.85956	-42.81938	383.38908	-391.56281	18.74276	345.63421	-456.52743	29.76751	77.19720	-456.90543	-39.38769	93.49312	-496.76677	-8.36071	109.05110	-409.01425	-8.80283	71.37085	-338.64962	-125.29562	351.80634	-396.99430	-174.63532	331.78602	-591.79965	-185.67292	144.27953	-594.18376	-117.11679	159.05292	-604.11963	-155.52669	198.68966	-573.11317	-147.22854	102.51134	-451.07775	-63.71296	709.60047	-371.41655	-247.67665	438.09175	-389.32633	86.75413	471.53334	-477.44794	-244.80233	255.89240	-418.01052	87.14139	233.67283	
231	2.300	-443.07594	-69.57441	984.00528	-422.39404	-95.04151	797.92886	-314.27039	-39.20652	956.41177	-340.65904	-1.26728	653.74811	-325.15694	-177.08768	648.67989	-435.62168	-135.29607	708.85919	-349.17969	-41.06120	383.77924	-391.25229	20.14681	346.80321	-456.61390	29.16158	78.21440	-455.69895	-39.86506	94.66569	-496.27984	-9.46473	110.37518	-408.63134	-8.79894	71.94420	-317.51935	-124.23449	355.82142	-375.46923	-173.66425	333.99770	-568.74162	-185.19288	145.53560	-571.12230	-116.51942	159.95445	-582.07790	-154.71294	199.47981	-548.40598	-147.16503	104.48730	-442.01008	-63.92615	711.40031	-353.98460	-246.77603	441.10105	-386.41659	88.03987	472.77112	-455.22621	-244.00437	258.13837	-419.58501	87.87601	234.56109	
232	2.310	-432.54233	-71.60422	986.27541	-413.26154	-95.44699	799.67200	-304.16673	-39.97318	957.96229	-333.07044	0.37746	655.29370	-314.69900	-175.14924	650.16599	-425.90889	-135.35785	709.99070	-347.18860	-39.27875	384.06266	-390.67308	21.49180	347.87655	-456.55054	28.71661	79.19670	-454.39718	-40.19460	95.82393	-495.63083	-10.35511	111.69658	-408.15748	-8.68743	72.46181	-296.35805	-123.28378	360.27335	-353.78819	-172.80996	336.53663	-544.59147	-184.68732	146.15279	-547.04442	-115.93260	160.26529	-559.19167	-153.94384	199.57755	-522.46458	-147.03184	106.03482	-433.16045	-64.21980	712.80012	-336.58298	-245.99223	444.31503	-383.59891	89.21419	473.89710	-432.50792	-243.26389	260.24672	-420.82471	88.61372	235.43601	
233	2.320	-421.96435	-73.36772	988.19730	-404.29920	-95.75550	801.09110	-293.98799	-40.70158	959.07060	-325.66417	1.90572	656.56238	-304.43070	-173.26463	651.42801	-416.40643	-135.49787	710.74254	-344.86817	-37.42672	384.21229	-389.78419	22.84255	348.83669	-456.32033	28.52529	80.11506	-453.03845	-40.28120	96.95496	-494.82385	-10.90853	112.99468	-407.59311	-8.40553	72.90887	-275.22138	-122.41318	365.09396	-331.97723	-172.04588	339.35353	-519.40242	-184.18047	146.17766	-521.99296	-115.36776	159.99713	-535.47348	-153.22162	199.00744	-495.38990	-146.86548	107.17488	-424.52766	-64.63594	713.77496	-319.18611	-245.29283	447.66451	-380.81013	90.32272	474.91431	-409.32931	-242.57241	262.21610	-421.63549	89.43818	236.26415	
234	2.330	-411.31709	-74.87051	989.73134	-395.46524	-96.00947	802.16530	-283.70310	-41.39945	959.70123	-318.41579	3.31386	657.56125	-294.32925	-171.44607	652.39488	-407.10063	-135.74449	711.06748	-342.22818	-35.49295	384.20808	-388.56376	24.24004	349.67129	-455.92367	28.63934	80.94674	-451.66099	-40.07069	98.04423	-493.87648	-11.05676	114.24961	-406.94316	-7.91836	73.27592	-254.17997	-121.58650	370.21780	-310.07649	-171.34092	342.40221	-493.23373	-183.70273	145.68033	-496.01712	-114.84176	159.18206	-510.94677	-152.55334	197.81281	-467.28155	-146.70935	107.95139	-416.09958	-65.19970	714.31388	-301.78093	-244.64155	451.08886	-377.97533	91.39750	475.82270	-385.73695	-241.92398	264.06283	-421.96515	90.40361	237.01754	
235	2.340	-400.57836	-76.13816	990.85408	-386.71504	-96.24923	802.88547	-273.28635	-42.08210	959.83801	-311.28785	4.59973	658.30201	-284.36927	-169.70668	653.01391	-397.96926	-136.11021	710.93549	-339.29742	-33.49185	384.03839	-387.00730	25.70145	350.37443	-455.37789	29.06870	81.67761	-450.29933	-39.55092	99.07836	-492.81672	-10.78747	115.44573	-406.21749	-7.21882	73.55932	-233.32111	-120.76612	375.57841	-288.14612	-170.66203	345.63665	-466.14886	-183.28742	144.74039	-469.17402	-114.37624	157.86406	-485.64584	-151.95268	196.04514	-438.23817	-146.60657	108.41898	-407.84972	-65.91873	714.42009	-284.37674	-244.00254	454.53316	-375.01567	92.45755	476.61940	-361.78766	-241.31569	265.80997	-421.80459	91.53264	237.67623	
236	2.350	-389.72950	-77.21317	991.55662	-378.00074	-96.51126	803.25208	-262.71805	-42.77082	959.48376	-304.22878	5.76286	658.79884	-274.52008	-168.05997	653.25133	-388.97863	-136.59303	710.33495	-336.11289	-31.45479	383.70027	-385.12357	27.22322	350.94710	-454.71379	29.78625	82.30348	-448.98084	-38.74717	100.04779	-491.67812	-10.13741	116.57460	-405.43022	-6.32411	73.76110	-212.74826	-119.91681	381.10213	-266.27004	-169.97679	349.00593	-438.21631	-182.96728	143.43286	-441.53274	-113.99646	156.08956	-459.61744	-151.44095	193.75344	-408.36130	-146.59310	108.63024	-399.73511	-66.78458	714.11010	-267.01072	-243.34395	457.94319	-371.85610	93.51098	477.29995	-337.54830	-240.74731	267.47487	-421.18292	92.81830	238.23020	
237	2.360	-378.75618	-78.15112	991.84216	-369.27099	-96.82668	803.27288	-251.98480	-43.49083	958.65895	-297.17327	6.80502	659.06643	-264.74344	-166.51874	653.09140	-380.08175	-137.17898	709.27256	-332.70863	-29.42050	383.19832	-382.92825	28.78590	351.39646	-453.97025	30.73642	82.83056	-447.72268	-37.71361	100.94862	-490.49377	-9.18046	117.63689	-404.59827	-5.26999	73.88823	-192.57834	-119.00828	386.70083	-244.55687	-169.25558	352.44813	-409.51401	-182.77127	141.81629	-413.18094	-113.72979	153.89875	-432.92469	-151.04687	190.97549	-377.76282	-146.69253	108.62443	-391.69599	-67.77526	713.41186	-249.74794	-242.64019	461.25949	-368.43075	94.55764	477.85959	-313.09598	-240.22038	269.05758	-420.15722	94.22929	238.68014	
238	2.370	-367.64882	-79.01618	991.72323	-360.47115	-97.22019	802.96038	-241.07942	-44.26919	957.39952	-290.04409	7.73066	659.11816	-254.99200	-165.09358	652.53454	-371.21786	-137.84547	707.77195	-329.10528	-27.42726	382.54224	-380.43572	30.35938	351.73372	-453.18760	31.84571	83.27501	-446.52979	-36.52268	101.78346	-489.29037	-8.01319	118.64328	-403.73933	-4.10420	73.95133	-172.93643	-118.01590	392.26509	-223.13726	-168.47314	355.88451	-380.13777	-182.72230	139.92489	-384.23381	-113.60387	151.31895	-405.65388	-150.80536	187.73255	-346.57540	-146.91333	108.41912	-383.65720	-68.85885	712.36193	-232.67509	-241.87256	464.41213	-364.68472	95.59157	478.29381	-288.51911	-239.73666	270.53219	-418.79853	95.71695	239.03681	
239	2.380	-356.40295	-79.87640	991.21893	-351.54394	-97.70930	802.32966	-230.00060	-45.13269	955.75408	-282.75518	8.54722	658.96437	-245.20915	-163.79139	651.59460	-362.31377	-138.56474	705.87121	-325.30152	-25.50827	381.74336	-377.64983	31.90753	351.97066	-452.40095	33.03336	83.66191	-445.39397	-35.25438	102.56144	-488.08287	-6.74047	119.61441	-402.86964	-2.88016	73.96321	-153.94837	-116.91972	397.65970	-202.15758	-167.60943	359.21526	-350.21297	-182.83602	137.76547	-354.84450	-113.64481	148.36138	-377.92351	-150.75520	184.02856	-314.96475	-147.24910	108.00623	-375.53148	-69.99734	711.00201	-215.88895	-241.02844	467.31786	-360.57193	96.60280	478.59779	-263.91944	-239.29651	271.84307	-417.17567	97.22273	239.31896	
240	2.390	-345.01928	-80.79903	990.35232	-342.43062	-98.30381	801.39657	-218.75245	-46.10580	953.78075	-275.21576	9.26495	658.61116	-235.33040	-162.61440	650.29612	-353.28687	-139.30718	703.61975	-321.26811	-23.69012	380.81071	-374.55501	33.39182	352.11533	-451.63386	34.22076	84.02378	-444.29409	-33.98700	103.29743	-486.87037	-5.46297	120.58004	-402.00176	-1.65184	73.93736	-135.73174	-115.70218	402.72318	-181.77042	-166.64982	362.31865	-319.90842	-183.12076	135.31981	-325.21438	-113.87529	145.02208	-349.89478	-150.93591	179.85428	-283.14210	-147.68142	107.35301	-367.22412	-71.15040	709.37536	-199.48176	-240.09930	469.88068	-356.04985	97.57849	478.76460	-239.41486	-238.89735	272.90668	-415.33925	98.68507	239.55000	
241	2.400	-333.50363	-81.84620	989.14836	-333.07274	-99.00543	800.17668	-207.34390	-47.20886	951.54393	-267.33533	9.89627	658.05952	-225.28619	-161.55984	648.67163	-344.04978	-140.04412	701.07494	-316.94498	-21.99399	379.74713	-371.10918	34.77360	352.16761	-450.89297	35.33866	84.39886	-443.19705	-32.79009	104.01090	-485.63321	-4.26777	121.57772	-401.14220	-0.47015	73.88679	-118.38629	-114.34576	407.27246	-162.12307	-165.58484	365.05425	-289.44990	-183.57836	132.55189	-295.60152	-114.31286	141.28730	-321.78155	-151.38400	175.19602	-251.37470	-148.18468	106.40811	-358.63898	-72.27868	707.52348	-183.52651	-239.07843	471.99651	-351.07316	98.50329	478.78271	-215.14241	-238.53254	273.61929	-413.30749	100.04495	239.75359	
242	2.410	-321.86664	-83.07096	987.63268	-323.41443	-99.80770	798.68503	-195.78801	-48.45642	949.11131	-259.02890	10.45453	657.30520	-215.00628	-160.62044	646.75983	-334.51615	-140.74990	698.29911	-312.24167	-20.43857	378.54620	-367.23965	36.01523	352.11516	-450.16370	36.33197	84.82936	-442.05923	-31.72001	104.72464	-484.33127	-3.22223	122.65092	-400.28903	0.61923	73.82340	-101.98496	-112.83140	411.11341	-143.34527	-164.40994	367.27117	-259.13056	-184.20555	129.41922	-266.32467	-114.96836	137.14277	-293.85732	-152.12869	170.04777	-219.99174	-148.73182	105.11199	-349.68498	-73.34638	705.48366	-168.06521	-237.95910	473.56132	-345.58790	99.35934	478.63336	-191.26056	-238.19093	273.86964	-411.05587	101.24989	239.94906	
243	2.420	-310.12337	-84.51397	985.83112	-313.40511	-100.69600	796.93679	-184.10141	-49.85590	946.55124	-250.22240	10.95240	656.33928	-204.42483	-159.78581	644.60456	-324.60713	-141.40307	695.35721	-307.04111	-19.04349	377.19039	-362.84296	37.08060	351.93089	-449.40727	37.16200	85.35945	-440.82780	-30.81784	105.46348	-482.90338	-2.37100	123.84686	-399.42930	1.57674	73.75791	-86.56690	-111.13905	414.05653	-125.53833	-163.12544	368.82080	-229.31486	-184.99540	125.88664	-237.76063	-115.84456	132.58572	-266.45649	-153.18767	164.42505	-189.38339	-149.29984	103.41028	-340.28293	-74.32299	703.28777	-153.10284	-236.73417	474.48199	-339.52810	100.12584	478.28874	-167.94978	-237.85739	273.55468	-408.51158	102.25644	240.14689	
244	2.430	-298.29267	-86.20087	983.77033	-303.00252	-101.64782	794.94881	-172.30360	-51.40654	943.93071	-240.85765	11.40004	655.14971	-193.48616	-159.04453	642.25485	-314.25786	-141.98688	692.31563	-301.20633	-17.83234	375.65106	-357.78900	37.93510	351.57231	-448.55894	37.80671	86.03338	-439.44165	-30.10923	106.25335	-481.26751	-1.73565	125.21399	-398.53625	2.36912	73.70052	-72.13372	-109.25099	415.93660	-108.76723	-161.73732	369.57289	-200.43281	-185.93826	121.94063	-210.33291	-116.93506	127.63756	-239.96720	-154.56297	158.37782	-159.99038	-149.87417	101.26813	-330.37165	-75.18415	700.96240	-138.60856	-235.39753	474.68782	-332.81581	100.77878	477.71162	-145.41023	-237.51431	272.59630	-405.55364	103.03122	240.34534	
245	2.440	-286.39649	-88.14028	981.47913	-292.17577	-102.63329	792.74195	-160.41638	-53.09872	941.31401	-230.89659	11.80336	653.72359	-182.15001	-158.38648	639.76588	-303.42324	-142.48912	689.24202	-294.58975	-16.83445	373.89070	-351.92923	38.54585	350.98362	-447.52764	38.25923	86.89343	-437.83186	-29.60558	107.12046	-479.32193	-1.31634	126.79920	-397.56660	2.96928	73.66191	-58.64998	-107.15779	416.63364	-93.05738	-160.25864	369.43298	-172.96220	-187.02227	117.60192	-184.49050	-118.22365	122.35486	-214.81395	-156.23787	152.00020	-132.28318	-150.45094	98.68305	-319.91319	-75.91182	698.53057	-124.52404	-233.94775	474.14120	-325.36463	101.29079	476.85719	-123.85594	-237.14436	270.95598	-402.01866	103.55110	240.52852	
246	2.450	-274.45911	-90.32276	978.99067	-280.90825	-103.61608	790.34380	-148.46330	-54.91367	938.76211	-220.32429	12.16256	652.05040	-170.39602	-157.80526	637.20037	-292.08237	-142.90150	686.20607	-287.04421	-16.08523	371.86731	-345.10803	38.88210	350.10056	-446.19717	38.52525	87.97791	-435.92142	-29.30628	108.09087	-476.94737	-1.09502	128.64486	-396.45798	3.35620	73.65463	-46.04829	-104.86639	416.09220	-78.39657	-158.71186	368.35829	-147.39812	-188.23294	112.93394	-160.67732	-119.68421	116.83602	-191.42969	-158.17535	145.43405	-106.73083	-151.03675	95.69370	-308.89622	-76.49388	696.01463	-110.77767	-232.39326	472.84555	-317.08633	101.63151	475.67717	-103.50495	-236.73426	268.64507	-397.71197	103.80249	240.66676	
247	2.460	-262.50638	-92.72050	976.34484	-269.19986	-104.55485	787.79158	-136.46910	-56.82373	936.33268	-209.15059	12.47132	650.12572	-158.22666	-157.30012	634.63013	-280.24102	-143.21894	683.28075	-278.43475	-15.62475	369.54121	-337.17616	38.91620	348.85812	-444.42907	38.61964	89.31935	-433.62466	-29.20143	109.19000	-474.01044	-1.04004	130.78583	-395.12710	3.51514	73.69441	-34.23878	-102.40851	414.33553	-64.74221	-157.13126	366.36935	-124.21139	-189.55248	108.04518	-139.29454	-121.28156	111.22154	-170.21911	-160.31907	138.86489	-83.76179	-151.64621	92.38267	-297.33735	-76.92348	693.44002	-97.30156	-230.75822	470.84951	-307.89921	101.76859	474.12630	-84.56561	-236.27923	265.72839	-392.42321	103.78015	240.71943	
248	2.470	-250.56488	-95.28803	973.59067	-257.06850	-105.40513	785.13453	-124.45930	-58.79310	934.08056	-197.40984	12.71670	647.95538	-145.66808	-156.87723	632.13678	-267.93174	-143.43895	680.54337	-268.65013	-15.49488	366.88341	-328.00456	38.62509	347.20038	-442.06759	38.56268	90.94296	-430.84620	-29.27501	110.44202	-470.36837	-1.11187	133.24662	-393.46880	3.43807	73.80126	-23.12177	-99.84742	411.47153	-52.03259	-155.56527	363.55489	-103.80056	-190.95915	103.08397	-120.66036	-122.97357	105.68670	-151.51744	-162.59743	132.50930	-63.72127	-152.29757	88.87202	-285.28009	-77.19842	690.83931	-84.04804	-229.08751	468.24687	-297.73713	101.66942	472.17060	-67.22021	-235.78764	262.32044	-385.94511	103.48557	240.64061	
249	2.480	-238.66128	-97.96389	970.78819	-244.55026	-106.12192	782.43553	-112.45968	-60.77913	932.05862	-185.15898	12.87985	645.55948	-132.76881	-156.54979	629.81144	-255.21149	-143.56131	678.07601	-257.61299	-15.73521	363.88504	-317.49715	37.99222	345.09164	-438.94662	38.37624	92.86550	-427.48009	-29.50823	111.86881	-465.87530	-1.26978	136.03873	-391.35647	3.12430	74.00016	-12.60213	-97.28086	407.68849	-40.20023	-154.07755	360.06844	-86.44448	-192.42748	98.22567	-104.97316	-124.71488	100.42676	-135.55091	-164.93107	126.59482	-46.83147	-153.00788	85.31157	-272.79121	-77.32085	688.25592	-71.00201	-227.44935	465.17220	-286.55768	101.30358	469.79655	-51.60784	-235.28480	258.57466	-378.09394	102.92515	240.38740	
250	2.490	-226.82166	-100.67335	968.00922	-231.69834	-106.66269	779.77133	-100.49590	-62.73421	930.31844	-172.47362	12.93746	642.97585	-119.59619	-156.33715	627.75257	-242.15681	-143.58838	675.96463	-245.28740	-16.37803	360.56654	-305.60104	37.00981	342.52744	-434.89865	38.08001	95.09450	-423.40920	-29.88286	113.48820	-460.38976	-1.47909	139.15846	-388.64378	2.58119	74.32093	-2.60284	-94.83827	403.24005	-29.18501	-152.74649	356.11657	-72.26416	-193.93009	93.65375	-92.28515	-126.46211	95.63689	-122.40653	-167.24335	121.33507	-33.16184	-153.78887	81.86200	-259.95501	-77.29740	685.74670	-58.18643	-225.93400	461.79265	-274.34884	100.64585	467.02007	-37.80922	-234.81495	254.66759	-368.72960	102.10841	239.93011	
251	2.500	-215.07089	-103.33209	965.33683	-218.58052	-106.99081	777.23114	-88.59306	-64.60807	928.91087	-159.44274	12.86397	640.26241	-106.23090	-156.26276	626.06202	-228.85716	-143.52578	674.29669	-231.68314	-17.44282	356.98514	-292.31332	35.68114	339.54367	-429.76502	37.68812	97.62780	-418.50556	-30.38448	115.31145	-453.78290	-1.71856	142.58516	-385.16804	1.82453	74.79721	6.92429	-92.67175	398.42090	-18.94468	-151.66227	351.94020	-61.20245	-195.44120	89.53776	-82.49239	-128.18023	91.48984	-112.01789	-169.47236	116.90443	-22.61603	-154.64481	78.67545	-246.86598	-77.13989	683.38304	-45.65981	-224.64782	458.29668	-261.13337	99.67946	463.89381	-25.83673	-234.44046	250.78059	-357.77316	101.04659	239.26327	
252	2.510	-203.43208	-105.85086	962.86315	-205.27545	-107.07906	774.91345	-76.77524	-66.35043	927.88582	-146.16245	12.63405	637.49791	-92.76034	-156.35126	624.83937	-215.40705	-143.38358	673.15711	-216.85586	-18.93076	353.23907	-277.68358	34.02266	336.22217	-423.40657	37.20607	100.45305	-412.63175	-31.00545	117.33998	-445.94645	-1.98703	146.27989	-380.75495	0.87845	75.46419	15.99254	-90.94122	393.53655	-9.46075	-150.92138	347.79160	-53.02734	-196.94135	86.01240	-75.34456	-129.84861	88.11597	-104.17133	-171.58217	113.41711	-14.93943	-155.57296	75.87754	-233.62063	-76.86628	681.24972	-33.50635	-223.70281	454.88030	-246.97097	98.39931	460.51153	-15.63212	-234.23756	247.08212	-345.21955	99.75185	238.41547	
253	2.520	-191.92600	-108.14066	960.68565	-191.86792	-106.91277	772.92111	-65.06500	-67.91385	927.29132	-132.72933	12.22553	634.78053	-79.27143	-156.62510	624.17505	-201.89803	-143.17742	672.62303	-200.90314	-20.81975	349.46728	-261.81194	32.06547	332.69137	-415.71309	36.62825	103.54706	-405.64396	-31.74725	119.56189	-436.79930	-2.30849	150.18483	-375.22489	-0.22567	76.35519	24.57982	-89.79580	388.87218	-0.73913	-150.61870	343.91064	-47.35979	-198.42184	83.16204	-70.47395	-131.46518	85.58913	-98.53266	-173.56991	110.91483	-9.74745	-156.56600	73.55435	-220.30968	-76.50163	679.44164	-21.82112	-223.20306	451.73231	-231.95799	96.81444	457.00796	-7.07331	-234.28890	243.71318	-331.14334	98.23733	237.45588	
254	2.530	-180.57037	-110.11846	958.90194	-178.44380	-106.49216	771.35516	-53.48278	-69.25647	927.17166	-119.23439	11.62218	632.22408	-65.84404	-157.10111	624.14309	-188.41166	-142.92925	672.75785	-183.95666	-23.06086	345.84363	-244.84287	29.85580	329.12091	-406.61036	35.93611	106.87492	-397.39656	-32.62210	121.94877	-426.29155	-2.73457	154.22359	-368.40046	-1.45153	77.49724	32.63370	-89.35474	384.66557	7.19453	-150.83802	340.50391	-43.72165	-199.88679	81.01381	-67.43856	-133.04647	83.92127	-94.68971	-175.46593	109.36574	-6.56984	-157.61518	71.74641	-207.01153	-76.07851	678.05826	-10.69382	-223.23061	449.01956	-216.22477	94.94959	453.55351	0.01021	-234.67358	240.77771	-315.69597	96.51785	236.49518	
255	2.540	-169.37916	-111.71278	957.60370	-165.08499	-105.83355	770.30782	-42.04621	-70.34455	927.56456	-105.75800	10.81625	629.95181	-52.54558	-157.78760	624.79442	-175.01426	-142.66713	673.60526	-166.17132	-25.57684	342.56580	-226.95511	27.45410	325.71029	-396.06304	35.09732	110.38899	-387.74829	-33.65339	124.45382	-414.40502	-3.34364	158.30278	-360.11502	-2.76166	78.90626	40.08077	-89.69129	381.08899	14.30326	-151.64214	337.72965	-41.59426	-201.35109	79.54044	-65.77112	-134.62261	83.06633	-92.20234	-177.32531	108.67427	-4.90290	-158.71222	70.45027	-193.78789	-75.63637	677.19626	-0.19463	-223.83358	446.87430	-199.93057	92.84524	450.34343	5.81579	-235.45632	238.33885	-299.09399	94.61085	235.67917	
256	2.550	-158.36175	-112.86882	956.87020	-151.86497	-104.96903	769.85548	-30.76934	-71.15454	928.49773	-92.36636	9.81039	628.08806	-39.42765	-158.68236	626.15173	-161.75416	-142.42377	675.18418	-147.71249	-28.26359	339.83959	-208.34848	24.93269	322.67240	-384.07321	34.06618	114.02825	-376.56977	-34.87486	127.01221	-401.15022	-4.23594	162.31555	-350.22177	-4.12233	80.58274	46.83875	-90.82281	378.24238	20.54937	-153.06417	335.69015	-40.47637	-202.83394	78.67170	-65.02509	-136.22751	82.93200	-90.65037	-179.21186	108.69981	-4.26023	-159.84900	69.62641	-180.68201	-75.21930	676.94105	9.63483	-225.01907	445.38485	-183.25576	90.55612	447.58201	10.54382	-236.67762	236.42101	-281.59903	92.53682	235.17459	
257	2.560	-147.52217	-113.55259	956.76214	-138.84554	-103.94445	770.05223	-19.66191	-71.67450	929.98509	-79.10976	8.61863	626.74838	-26.52494	-159.77196	628.20642	-148.66170	-142.23358	677.48512	-128.74297	-30.99493	337.86066	-189.22878	22.37176	320.21387	-370.67451	32.78578	117.71853	-363.75184	-36.32827	129.54450	-386.56014	-5.52472	166.14717	-338.60267	-5.50911	82.50890	52.82963	-92.70892	376.15789	25.90498	-155.10158	334.43168	-39.93136	-204.34937	78.31140	-64.81035	-137.88649	83.39654	-89.67114	-181.17818	109.27976	-4.21367	-161.01491	69.21101	-167.71952	-74.87239	677.35804	18.78419	-226.75213	444.59085	-166.39139	88.14824	445.46340	14.37621	-238.34677	235.01669	-263.49190	90.31858	235.14818	
258	2.570	-136.85840	-113.75370	957.31635	-126.07484	-102.81591	770.92480	-8.72866	-71.90484	932.02305	-66.02241	7.26637	626.02931	-13.85630	-161.03235	630.91815	-135.75176	-142.12867	680.46840	-109.41111	-33.63077	336.79589	-169.79197	19.85413	318.51466	-355.92309	31.19230	121.37444	-349.21412	-38.05926	131.96321	-370.68242	-7.32375	169.68285	-325.17639	-6.91178	84.64807	57.99221	-95.25787	374.81285	30.36119	-157.71426	333.95050	-39.61712	-205.89677	78.35596	-64.81466	-139.60490	84.32725	-88.98175	-183.24740	110.25267	-4.41952	-162.19325	69.12897	-154.91159	-74.63668	678.48466	27.27104	-228.96080	444.48348	-149.52619	85.69467	444.15131	17.46129	-240.43890	234.09630	-245.04382	87.97926	235.74230	
259	2.580	-126.36194	-113.48647	958.54190	-113.58687	-101.64503	772.46926	2.03124	-71.85825	934.58744	-53.12374	5.78917	625.99870	-1.42783	-162.43060	634.21690	-123.02818	-142.13413	684.06453	-89.84142	-36.02835	336.76723	-150.20904	17.45922	317.70978	-339.88719	29.22164	124.90308	-332.91283	-40.11176	134.18201	-353.57160	-9.73235	172.81701	-309.90408	-8.33742	86.94685	62.29294	-98.33966	374.14710	33.93475	-160.82705	334.20269	-39.29677	-207.45483	78.71046	-64.81048	-141.36125	85.59711	-88.38501	-185.40181	111.47726	-4.62852	-163.35860	69.30552	-142.25950	-74.54349	680.32402	35.13346	-231.54585	445.01044	-132.83178	83.27067	443.76040	19.90764	-242.89707	233.61838	-226.48893	85.53963	237.05118	
260	2.590	-116.01778	-112.78912	960.41812	-101.40235	-100.49339	774.64985	12.62436	-71.55887	937.63150	-40.42068	4.23052	626.68805	10.76283	-163.92773	638.00721	-110.48928	-142.26361	688.17656	-70.12878	-38.05544	337.84019	-130.61330	15.25681	317.87574	-322.63703	26.81819	128.20958	-314.84665	-42.52107	136.12598	-335.28304	-12.81984	175.46282	-292.79219	-9.81040	89.33957	65.73405	-101.80312	374.07984	36.67178	-164.33688	335.11522	-38.83214	-208.98112	79.29958	-64.64971	-143.10732	87.09725	-87.76144	-187.58189	112.84456	-4.68171	-164.47679	69.67474	-129.75984	-74.60926	682.84107	42.42099	-234.39319	446.08494	-116.44744	80.94846	444.34211	21.78748	-245.63879	233.53809	-208.00119	83.01590	239.10274	
261	2.600	-105.80475	-111.72116	962.89450	-89.53055	-99.41693	777.40015	23.06300	-71.04074	941.08532	-27.91051	2.63876	628.08767	22.72162	-165.48200	642.17398	-98.13352	-142.51583	692.68414	-50.33657	-39.60435	340.01846	-111.09122	13.30137	319.02344	-304.23663	23.94492	131.20349	-295.05971	-45.30644	137.74084	-315.86953	-16.61133	177.56014	-273.89140	-11.36873	91.75435	68.35834	-105.49405	374.52260	38.64832	-168.12328	336.59625	-38.16509	-210.41800	80.07162	-64.25047	-144.77548	88.74363	-87.05217	-189.69632	114.28233	-4.49602	-165.50819	70.18409	-117.40951	-74.83154	685.96169	49.18646	-237.38664	447.59710	-100.46629	78.79251	445.87723	23.14791	-248.56616	233.81216	-189.67832	80.41940	241.84991	
262	2.610	-95.69654	-110.35906	965.89261	-77.97181	-98.46086	780.62618	33.36465	-70.34567	944.85698	-15.58379	1.06337	630.14539	34.45334	-167.05241	646.58920	-85.96438	-142.87268	697.44906	-30.49885	-40.60476	343.24544	-91.67836	11.62776	321.09858	-284.73826	20.59355	133.80500	-273.64054	-48.46418	138.99893	-295.38073	-21.07746	179.08011	-253.29152	-13.05685	94.11936	70.24997	-109.27131	375.38685	39.96802	-172.06071	338.54349	-37.29277	-211.70347	80.99646	-63.58031	-146.29155	90.47826	-86.23790	-191.64019	115.75227	-4.04469	-166.41379	70.79513	-105.20963	-75.18721	689.57496	55.48027	-240.41941	449.42626	-84.92520	76.85554	448.27635	24.02670	-251.57763	234.40002	-171.53421	77.75906	245.17311	
263	2.620	-85.66302	-108.79051	969.30992	-66.72015	-97.65559	784.21144	43.55115	-69.52060	948.83543	-3.42704	-0.44901	632.76894	45.95787	-168.60208	651.11913	-73.99368	-143.29955	702.32174	-10.62569	-41.03357	347.41175	-72.36074	10.24868	323.98899	-264.17968	16.79293	135.94976	-250.71690	-51.96239	139.90052	-273.86480	-26.12963	180.02512	-231.11265	-14.91610	96.36835	71.53132	-113.01903	376.58654	40.75717	-176.03064	340.85016	-36.24278	-212.78417	82.05880	-62.63979	-147.59002	92.26565	-85.31906	-193.31682	117.24223	-3.33704	-167.16257	71.48121	-93.16800	-75.63325	693.53846	61.34760	-243.40263	451.45240	-69.80029	75.17577	451.38839	24.46845	-254.57928	235.26189	-153.50048	75.04646	248.89381	
264	2.630	-75.67208	-107.10789	973.02499	-55.76562	-97.01424	788.02321	53.64756	-68.61478	952.89494	8.57524	-1.85837	635.83180	57.22777	-170.10111	655.63111	-62.24294	-143.74761	707.14821	9.28898	-40.92016	352.36746	-53.08181	9.15444	327.53780	-242.58384	12.61410	137.59157	-226.44663	-55.73834	140.47000	-251.37106	-31.62191	180.42413	-207.49385	-16.97439	98.44445	72.35568	-116.65344	378.03728	41.15780	-179.93140	343.40913	-35.05264	-213.62706	83.24946	-61.44885	-148.62781	94.08640	-84.30058	-194.65772	118.75581	-2.40135	-167.73817	72.22331	-81.29962	-76.11001	697.68615	66.82825	-246.27047	453.56527	-55.00938	73.77562	455.01592	24.53719	-257.49378	236.35544	-135.43679	72.30199	252.79623	
265	2.640	-65.69159	-105.40130	976.90371	-45.09605	-96.53187	791.91967	63.68075	-67.67679	956.90092	20.43931	-3.13473	639.18168	68.24760	-171.52870	659.99983	-50.74253	-144.15803	711.77738	29.25848	-40.34571	357.93683	-33.75434	8.31490	331.56030	-219.96061	8.17066	138.70273	-201.00569	-59.69912	140.74782	-227.95240	-37.35973	180.32388	-182.58065	-19.23709	100.30223	72.89678	-120.12401	379.65429	41.31945	-183.68428	346.11559	-33.75616	-214.22690	84.55688	-60.03741	-149.39321	95.92962	-83.18313	-195.63613	120.30197	-1.27252	-168.14305	73.00551	-69.62547	-76.54665	701.83811	71.95794	-248.98154	455.67026	-40.42155	72.66154	458.93524	24.32224	-260.26562	237.63276	-117.14911	69.56025	256.65340	
266	2.650	-55.69149	-103.75192	980.80613	-34.69797	-96.18646	795.75720	73.67801	-66.75169	960.71648	32.18169	-4.26065	642.65097	78.99499	-172.87432	664.11261	-39.52871	-144.46749	716.06784	49.29448	-39.43649	363.93338	-14.27567	7.68330	335.86208	-196.31009	3.61364	139.27251	-174.57479	-63.72583	140.78018	-203.66639	-43.11437	179.77813	-156.51356	-21.68084	101.90821	73.33585	-123.40945	381.35119	41.39036	-187.23516	348.86926	-32.37745	-214.60758	85.96115	-58.43981	-149.90791	97.78597	-81.96083	-196.27096	121.88663	0.01454	-168.39881	73.81112	-58.16961	-76.86809	705.81143	76.77038	-251.51688	457.69100	-25.87266	71.82490	462.91828	23.93636	-262.86205	239.03903	-98.41381	66.87241	260.25280	
267	2.660	-45.64561	-102.22625	984.59322	-24.55664	-95.94144	799.39739	83.66568	-65.87851	964.20934	43.81945	-5.23255	646.06790	89.44342	-174.13777	667.87349	-28.63900	-144.61424	719.89422	69.39915	-38.35176	370.17334	5.45552	7.20146	340.25602	-171.62703	-0.87885	139.30455	-147.32630	-67.68112	140.60844	-178.57480	-48.64175	178.83682	-129.41898	-24.25147	103.24031	73.84794	-126.50962	383.04046	41.50902	-190.55225	351.57637	-30.93140	-214.81709	87.43133	-56.69257	-150.22165	99.64252	-80.62430	-196.62086	123.50733	1.42693	-168.54255	74.62027	-46.95506	-77.00240	709.43129	81.29928	-253.87539	459.56893	-11.18478	71.24352	466.75369	23.50653	-265.27011	240.51337	-79.00498	64.30434	263.41774	
268	2.670	-35.53310	-100.87166	988.13321	-14.65534	-95.74942	802.71327	93.66798	-65.08819	967.25850	55.37093	-6.06065	649.26743	99.56619	-175.32813	671.20595	-18.10647	-144.54400	723.15241	89.55895	-37.26779	376.48609	25.52289	6.80556	344.57625	-145.90639	-5.11620	138.81388	-119.41338	-71.41925	140.26065	-152.74157	-53.70324	177.53725	-101.40410	-26.86657	104.28675	74.58890	-129.43552	384.63605	41.79678	-193.62077	354.15183	-29.42893	-214.91720	88.92645	-54.83386	-150.40094	101.48013	-79.16673	-196.76973	125.15142	2.93245	-168.62000	75.40939	-35.99910	-76.88791	712.54128	85.58004	-256.06764	461.26083	3.81323	70.88344	470.26424	23.15973	-267.49075	241.99168	-58.72148	61.93043	266.02151	
269	2.680	-25.33941	-99.71385	991.30706	-4.97405	-95.55667	805.59436	103.70622	-64.40220	969.76014	66.85677	-6.76746	652.10090	109.34122	-176.46168	674.05431	-7.95359	-144.21488	725.76356	109.74075	-36.36027	382.72070	45.97859	6.43184	348.68744	-119.14955	-8.91248	137.82419	-90.96260	-74.79792	139.74631	-126.23019	-58.08636	175.89869	-72.55619	-29.42246	105.04467	75.68483	-132.19943	386.05749	42.35225	-196.43651	356.52159	-27.88407	-214.97053	90.39937	-52.90371	-150.51445	103.27349	-77.59064	-196.80748	126.79734	4.49694	-168.67700	76.15240	-25.30852	-76.47893	715.01222	89.65103	-258.10920	462.73536	19.26660	70.70104	473.31872	23.00683	-269.53157	243.41081	-37.41061	59.82430	267.99325	
270	2.690	-15.05657	-98.75610	994.01277	4.51221	-95.30788	807.95042	113.79830	-63.83180	971.63236	78.30092	-7.38500	654.44371	118.75608	-177.55904	676.38378	1.81344	-143.60082	727.67661	129.89039	-35.78739	388.74874	66.83339	6.02159	352.48890	-91.37102	-12.10382	136.36564	-62.07132	-77.69025	139.05515	-99.10164	-61.62281	173.92115	-42.94651	-31.80460	105.51854	77.22536	-134.80747	387.23472	43.24795	-198.99991	358.62503	-26.32056	-215.02785	91.80245	-50.94390	-150.61864	104.99331	-75.91304	-196.81041	128.41805	6.08199	-168.75126	76.82322	-14.87551	-75.74964	716.74869	93.55441	-260.01493	463.96967	35.27939	70.64536	475.83718	23.12811	-271.40008	244.71323	-14.98585	58.04839	269.31586	
271	2.700	-4.68278	-97.98061	996.16849	13.83502	-94.95071	809.71359	123.95865	-63.37797	972.81845	89.73154	-7.95099	656.20051	127.81266	-178.64194	678.17917	11.20923	-142.69314	728.86896	149.93386	-35.67566	394.46345	88.05170	5.52489	355.91350	-62.60550	-14.56374	134.47310	-32.81042	-79.99587	138.15962	-71.41425	-64.20176	171.58814	-12.63829	-33.90017	105.71835	79.26152	-137.25611	388.11234	44.52952	-201.31190	360.41711	-24.77549	-215.11874	93.09363	-48.99684	-150.74695	106.61005	-74.16734	-196.82588	129.98577	7.64438	-168.86633	77.39885	-4.67473	-74.69556	717.69285	97.33636	-261.79504	464.94682	51.90445	70.66084	477.78924	23.56352	-273.09886	245.85146	8.56271	56.64481	270.01748	
272	2.710	5.77851	-97.35143	997.71414	23.03392	-94.43992	810.83930	134.19856	-63.03204	973.28864	101.18141	-8.50462	657.30766	136.53089	-179.73002	679.44265	20.27202	-141.50023	729.34552	169.78111	-36.11024	399.77647	109.55182	4.90308	358.92212	-32.91498	-16.21449	132.18478	-3.23247	-81.64954	137.02022	-43.22648	-65.77702	168.87264	18.30222	-35.61095	105.65728	81.80856	-139.53279	388.65260	46.21768	-203.37230	361.86982	-23.29868	-215.24751	94.24176	-47.10340	-150.90492	108.09801	-72.40117	-196.86450	131.47670	9.13790	-169.02895	77.86230	5.33800	-73.33275	717.82525	101.04694	-263.45374	465.65450	69.13927	70.69036	479.18639	24.30979	-274.62373	246.79171	33.16572	55.62919	270.15866	
273	2.720	16.32014	-96.81878	998.61195	32.15725	-93.74068	811.30574	144.52669	-62.77678	973.04023	112.68796	-9.08231	657.73322	144.95116	-180.83825	680.19060	29.06433	-140.04570	729.13592	189.33218	-37.13065	404.61308	131.21144	4.12964	361.49524	-2.39588	-17.03316	129.54093	26.61530	-82.62666	135.59262	-14.60341	-66.36741	165.74527	49.79256	-36.86503	105.34917	84.85309	-141.62020	388.83640	48.31265	-205.18051	362.97248	-21.94743	-215.39529	95.23003	-45.29954	-151.07209	109.43910	-70.67018	-196.90171	132.87502	10.51757	-169.23024	78.20463	15.22515	-71.69488	717.16283	104.73953	-264.99010	466.08483	86.92770	70.67854	480.06967	25.32536	-275.96509	247.51626	58.67899	54.98838	269.81758	
274	2.730	26.93298	-96.32403	998.84572	41.26219	-92.83106	811.11238	154.94991	-62.58798	972.09627	124.29270	-9.71407	657.47473	153.13504	-181.97517	680.44990	37.67136	-138.36527	728.29033	208.48503	-38.73179	408.90721	152.87732	3.18991	363.62320	28.81405	-17.05198	126.58270	56.67436	-82.94496	133.83507	14.37350	-66.05080	162.18293	81.72038	-37.62566	104.80571	88.36327	-143.50235	388.66214	50.80092	-206.73789	363.73069	-20.77736	-215.52752	96.05729	-43.61225	-151.21006	110.62546	-69.02883	-196.88779	134.17542	11.74550	-169.45032	78.42572	25.06511	-69.82891	715.75442	108.47035	-266.40065	466.23498	105.16687	70.57492	480.49501	26.54266	-277.11165	248.02416	84.89398	54.68229	269.07553	
275	2.740	37.60788	-95.80507	998.41937	50.41398	-91.70359	810.27772	165.47409	-62.43621	970.50303	136.04003	-10.42084	656.55547	161.16419	-183.14222	680.25397	46.19723	-136.50324	726.87420	227.14427	-40.86973	412.59733	174.37820	2.07970	365.29722	60.52924	-16.35336	123.35095	86.85658	-82.66237	131.71499	43.59408	-64.95313	158.17680	113.93043	-37.89620	104.03395	92.30077	-145.17073	388.14262	53.66364	-208.05043	364.16351	-19.83111	-215.60486	96.73688	-42.05513	-151.27441	111.66052	-67.51951	-196.76379	135.38397	12.79729	-169.66500	78.53340	34.94811	-67.79001	713.67441	112.29838	-267.68252	466.10781	123.71838	70.33679	480.51878	27.88583	-278.05550	248.33012	111.55263	54.64879	268.00455	
276	2.750	48.33745	-95.20131	997.35478	59.68422	-90.36590	808.83672	176.10488	-62.28885	968.32657	147.97539	-11.21294	655.02001	169.13750	-184.33413	679.63895	54.75936	-134.50908	724.96246	245.22947	-43.47093	415.62414	195.53917	0.80349	366.50274	92.51097	-15.06050	119.88517	117.02671	-81.87135	129.21391	72.90654	-63.23418	153.73829	146.21416	-37.72036	103.03447	96.63257	-146.62855	387.30049	56.88573	-209.13080	364.29916	-19.12708	-215.59488	97.29362	-40.62427	-151.22767	112.55846	-66.16188	-196.47918	136.51722	13.66767	-169.85287	78.54125	44.97075	-65.63674	711.01554	116.28577	-268.83613	465.71194	142.42254	69.93151	480.18594	29.29094	-278.79666	248.46140	138.36467	54.81071	266.65883	
277	2.760	59.11750	-94.45804	995.68940	69.14836	-88.84066	806.83800	186.84834	-62.11209	965.64859	160.14274	-12.08980	652.92963	177.16669	-185.54017	678.64016	63.48153	-132.43469	722.63397	262.68191	-46.44302	417.93071	216.19583	-0.62760	367.21646	124.46438	-13.32485	116.22258	146.98859	-80.69023	126.33017	102.10648	-61.07196	148.90228	178.30336	-37.17764	101.80070	101.34120	-147.89212	386.16293	60.46462	-209.99882	364.16962	-18.65040	-215.48167	97.75943	-39.29505	-151.05016	113.34228	-64.94431	-196.00706	137.60006	14.37421	-170.00111	78.46534	55.22968	-63.42699	707.88170	120.49899	-269.86645	465.06062	161.11394	69.33819	479.52282	30.72527	-279.34610	248.45304	165.02540	55.08367	265.07074	
278	2.770	69.94806	-93.52995	993.47370	78.88244	-87.16462	804.34136	197.71125	-61.87295	962.56209	172.58140	-13.04061	650.35837	185.37058	-186.74580	677.28939	72.48633	-130.33263	719.96672	279.46854	-49.68548	419.46512	236.20621	-2.19730	367.40755	156.03906	-11.31182	112.39772	176.47793	-79.25234	123.07963	130.93034	-58.64727	143.72741	209.86987	-36.37432	100.32001	106.43210	-148.98897	384.75623	64.41740	-210.67995	363.80481	-18.34799	-215.27116	98.16856	-38.02049	-150.74639	114.04088	-63.81864	-195.35341	138.66255	14.95839	-170.10871	78.32072	65.81499	-61.21549	704.38160	125.01007	-270.78269	464.16951	179.63666	68.54876	478.53576	32.20217	-279.72607	248.34189	191.23183	55.38381	263.25183	
279	2.780	80.83368	-92.38354	990.76889	88.95942	-85.38722	801.41557	208.70111	-61.54129	959.16697	185.32232	-14.04565	647.38999	193.86878	-187.93441	675.61314	81.88747	-128.25556	717.03434	295.58239	-53.09846	420.18560	255.45907	-3.88497	367.04300	186.83513	-9.18588	108.44275	205.16420	-77.69374	119.49494	159.05601	-56.12956	138.29383	240.53248	-35.43101	98.57671	111.93739	-149.95296	383.10114	68.78506	-211.20191	363.22711	-18.12865	-214.99114	98.55311	-36.73148	-150.34567	114.68566	-62.69931	-194.55835	139.73651	15.48365	-170.18646	78.11818	76.80368	-59.05282	700.62403	129.89771	-271.59624	463.05355	197.85702	67.56867	477.21570	33.78869	-279.96771	248.16042	216.69580	55.63489	261.19836	
280	2.790	91.78307	-90.99863	987.64480	99.44516	-83.56848	798.13669	219.82577	-61.09160	955.56605	198.38411	-15.07810	644.11610	202.77493	-189.08872	673.63194	91.78280	-126.25653	713.90434	311.03910	-56.58864	420.06734	273.87734	-5.66522	366.09599	216.41610	-7.09628	104.38885	232.66295	-76.14063	115.62416	186.11239	-53.66488	132.69918	269.87200	-34.46809	96.55696	117.91559	-150.81734	381.20964	73.63347	-211.59014	362.44728	-17.86815	-214.68614	98.93968	-35.33912	-149.89714	115.30721	-61.46670	-193.68983	140.85238	16.03104	-170.25389	77.86228	88.25386	-56.98602	696.71499	135.24760	-272.31728	461.72344	215.67197	66.41717	475.54765	35.60483	-280.10623	247.93122	241.15313	55.77471	258.90008	
281	2.800	102.80813	-89.36898	984.17829	110.39446	-81.77649	794.58682	231.09268	-60.50475	951.86153	211.76905	-16.10580	640.63511	212.19021	-190.19144	671.36098	102.24832	-124.38978	710.63801	325.87000	-60.07130	419.11014	291.41638	-7.50640	364.55594	244.32938	-5.16438	100.26868	258.55884	-74.69738	111.52949	211.69863	-51.36623	127.05370	297.45433	-33.59093	94.25516	124.44766	-151.60704	379.08359	79.05067	-211.86269	361.46218	-17.41815	-214.40845	99.34749	-33.73883	-149.46047	115.93270	-59.97405	-192.83120	142.03659	16.69314	-170.33406	77.55090	100.20001	-55.06023	692.75667	141.15165	-272.95087	460.18275	233.01158	65.12737	473.52296	37.81487	-280.17472	247.66319	264.36914	55.76084	256.35043	
282	2.810	113.92234	-87.50228	980.45191	121.84732	-80.08446	790.85319	242.50779	-59.76940	948.15224	225.45962	-17.09291	637.05170	222.19747	-191.22533	668.81193	113.33364	-122.71144	707.29189	340.11275	-63.46879	417.34563	308.05752	-9.36808	362.43839	270.13405	-3.47359	96.11989	282.43741	-73.43640	107.28654	235.41219	-49.30696	121.47550	322.86013	-32.87668	91.68089	131.63001	-152.33144	376.71562	85.14116	-212.02577	360.25499	-16.61719	-214.20744	99.78831	-31.81590	-149.09437	116.58419	-58.05689	-192.06593	143.31001	17.56747	-170.44740	77.17672	112.64966	-53.32071	688.84786	147.70608	-273.49315	458.42625	249.83507	63.74621	471.15189	40.61267	-280.19751	247.35004	286.14153	55.57564	253.55621	
283	2.820	125.13881	-85.41969	976.55293	133.82575	-78.56720	787.02746	254.07430	-58.88324	944.53159	239.41613	-18.00144	633.47627	232.85625	-192.17253	665.99589	125.05917	-121.27951	703.92024	353.80080	-66.70606	414.84264	323.79806	-11.19809	359.79276	293.43403	-2.06290	91.98890	303.92232	-72.39089	102.98400	256.88321	-47.51717	116.08624	345.71829	-32.36463	88.86487	139.56554	-152.97906	374.09217	92.01794	-212.07076	358.79788	-15.30196	-214.11954	100.26812	-29.45145	-148.84549	117.27828	-55.54341	-191.46260	144.68738	18.75077	-170.60598	76.73058	125.58177	-51.81441	685.08512	155.00821	-273.92849	456.44019	266.12084	62.33415	468.47377	44.20399	-280.18457	246.97147	306.30231	55.23025	250.54473	
284	2.830	136.46821	-83.15508	972.57256	146.33140	-77.29735	783.20499	265.79124	-57.85370	941.08629	253.57597	-18.79254	630.02367	244.19907	-193.01364	662.92717	137.41493	-120.15243	700.57795	366.95348	-69.70470	411.70951	338.63953	-12.93006	356.70638	313.91310	-0.92489	87.93399	322.71322	-71.55172	98.72290	275.81078	-45.98379	111.00716	365.73945	-32.05164	85.86249	148.35399	-153.51518	371.19852	99.79340	-211.97340	357.05713	-13.31709	-214.16072	100.79017	-26.52833	-148.73981	118.02723	-52.26485	-191.06322	146.17788	20.33487	-170.80952	76.20617	138.94711	-50.59021	681.56380	163.15224	-274.22838	454.20507	281.85248	60.96447	465.56245	48.78860	-280.12795	246.49678	324.72020	54.76692	247.36731	
285	2.840	147.91677	-80.75397	968.60518	159.34409	-76.34109	779.48368	277.65220	-56.69828	937.89570	267.85496	-19.42788	626.81082	256.22911	-193.72672	659.62763	150.36125	-119.38611	697.32318	379.56816	-72.37747	408.09202	352.57638	-14.48245	353.30350	331.36689	-0.00880	84.02615	338.61858	-70.86918	94.61447	291.99571	-44.65431	106.35482	382.74471	-31.89356	82.75350	158.08304	-153.88319	368.02519	108.57040	-211.69551	355.00006	-10.52263	-214.32304	101.35907	-22.93603	-148.77795	118.84128	-48.06472	-190.87686	147.78680	22.40509	-171.04398	75.60558	152.67067	-49.69746	678.37828	172.22427	-274.35236	451.70069	297.00374	59.72158	462.52600	54.54476	-280.00102	245.89080	341.30373	54.25868	244.09859	
286	2.850	159.48463	-78.27224	964.74736	172.82152	-75.75379	775.96247	289.64426	-55.44425	935.03151	282.15113	-19.87106	623.95299	268.91949	-194.28690	656.13099	163.83120	-119.02924	694.21906	391.61579	-74.62555	404.16632	365.58707	-15.76029	349.73874	345.72634	0.77128	80.34676	351.57825	-70.26001	90.77550	305.36409	-43.44448	102.23575	396.68517	-31.81274	79.63715	168.82105	-154.00967	364.57503	118.43436	-211.18912	352.60313	-6.79883	-214.57548	101.98505	-18.57420	-148.93525	119.73184	-42.80670	-190.87913	149.51790	25.04123	-171.28290	74.94469	166.65627	-49.18235	675.62062	182.29695	-274.25115	448.91329	311.52600	58.69799	459.50014	61.61735	-279.76097	245.12124	356.00476	53.80532	240.83163	
287	2.860	171.16476	-75.77436	961.09658	186.70032	-75.57562	772.73902	301.74737	-54.12767	932.55766	296.35085	-20.08938	621.55866	282.21421	-194.66662	652.48658	177.73455	-119.11746	691.33402	403.04070	-76.34020	400.12682	377.62926	-16.66030	346.18538	357.06768	1.52342	76.98126	361.67147	-69.61946	87.32068	315.97680	-42.24988	98.73948	407.64841	-31.71060	76.62321	180.61227	-153.81278	360.87004	129.44723	-210.40242	349.86009	-2.04842	-214.86882	102.68793	-13.35468	-149.16590	120.71489	-36.38083	-191.01710	151.37629	28.32084	-171.49134	74.25758	180.79290	-49.08253	673.37764	193.42409	-273.87174	445.84376	325.34156	57.98909	456.63665	70.11000	-279.35406	244.16688	368.82057	53.52489	237.66965	
288	2.870	182.94254	-73.33115	957.74930	200.89822	-75.82770	769.90669	313.93429	-52.79175	930.53012	310.33688	-20.05574	619.72350	296.03085	-194.83698	648.76182	191.96330	-119.66703	688.74044	413.76476	-77.41022	396.17009	388.64006	-17.07958	342.81957	365.60539	2.36153	74.00976	369.10863	-68.83706	84.35258	324.02239	-40.96062	95.93040	415.85014	-31.48345	73.82013	193.47484	-153.21284	356.95696	141.64356	-209.28683	346.78915	3.80326	-215.14332	103.49972	-7.20197	-149.41026	121.81368	-28.70806	-191.21813	153.37103	32.32398	-171.63146	73.59875	194.96262	-49.42062	671.72650	205.63582	-273.16367	442.51566	338.34499	57.68585	454.08824	80.08119	-278.72309	243.02556	379.79283	53.54110	234.71559	
289	2.880	194.79612	-71.01681	954.79839	215.31765	-76.50912	767.55092	326.17119	-51.48458	928.99630	323.99755	-19.75079	618.52390	310.26491	-194.77004	645.04279	206.39814	-120.66924	686.51174	423.69554	-77.73472	392.47679	398.54170	-16.92729	339.80300	371.66822	3.38769	71.49611	374.20753	-67.81419	81.95063	329.79404	-39.47802	93.83970	421.61142	-31.03889	71.32290	207.40118	-152.14354	352.91059	155.02900	-207.80401	343.43793	10.80954	-215.33762	104.46527	-0.05256	-149.60363	123.05982	-19.74311	-191.40055	155.51676	37.13833	-171.66860	73.04242	209.04902	-50.19776	670.72935	218.93452	-272.08579	438.98161	350.41309	57.86544	451.99245	91.54341	-277.81574	241.72079	389.00227	53.96740	232.06092	
290	2.890	206.69741	-68.90530	952.32987	229.85031	-77.59533	765.74508	338.41886	-50.25630	927.99410	337.23597	-19.16485	618.01111	324.79553	-194.44192	641.43246	220.91558	-122.08662	684.71808	432.73755	-77.23976	389.19450	407.25194	-16.13769	337.26655	375.66139	4.67569	69.47852	377.35836	-66.48073	80.16169	333.65446	-37.73110	92.45973	425.32499	-30.31033	69.20276	222.36051	-150.56207	348.83394	169.58079	-205.93196	339.88518	19.00474	-215.39727	105.63994	8.14649	-149.68481	124.49193	-9.47537	-191.48442	157.83360	42.86328	-171.57668	72.67822	222.94556	-51.38851	670.42795	233.29213	-270.61254	435.32663	361.42194	58.58102	450.45698	104.46520	-276.59260	240.30564	396.55915	54.89020	229.77608	
291	2.900	218.61363	-67.06612	950.41903	244.38254	-79.03849	764.54632	350.63461	-49.15605	927.55045	349.97798	-18.29954	618.20677	339.49223	-193.83617	638.04626	235.39506	-123.85212	683.42139	440.80500	-75.89557	386.42477	414.69804	-14.68262	335.29814	378.02167	6.25838	67.96420	378.98329	-64.80822	78.99442	335.99530	-35.69045	91.74299	427.41585	-29.26736	67.50107	238.30260	-148.45665	344.85480	185.25000	-203.66934	336.23879	28.40701	-215.28128	107.08434	17.43919	-149.60305	126.15160	2.07254	-191.40038	160.34479	49.61175	-171.34172	72.60339	236.56255	-52.93836	670.83925	248.64899	-268.73886	431.66723	371.26799	59.85227	449.54883	118.77543	-275.03366	238.86288	402.59121	56.35393	227.90403	
292	2.910	230.50937	-65.55975	949.12636	258.80111	-80.76974	763.99169	362.77456	-48.22867	927.67955	362.17774	-17.16855	619.10055	354.22230	-192.94690	635.00523	249.72532	-125.87192	682.67002	447.83449	-73.73053	384.21696	420.83222	-12.58080	333.93693	379.17378	8.12078	66.92985	379.49794	-62.81719	78.41920	337.19891	-33.37683	91.60714	428.30288	-27.92056	66.22807	255.16216	-145.85028	341.11867	201.96516	-201.03754	332.62981	39.02138	-214.96578	108.85610	27.86208	-149.32238	128.07680	14.84872	-191.09582	163.07191	57.50861	-170.96294	72.91202	249.83217	-54.76493	671.95266	264.91463	-266.48317	428.14599	379.88892	61.65879	449.28896	134.36972	-273.14240	237.50058	407.23212	58.35074	226.45863	
293	2.920	242.34882	-64.43318	948.49351	272.99891	-82.70372	764.09520	374.79628	-47.51177	928.38091	373.82017	-15.79739	620.65055	368.85808	-191.78107	632.42722	263.80963	-128.03192	682.49395	453.79589	-70.83794	382.57014	425.64638	-9.90193	333.17495	379.49531	10.20014	66.32799	379.28028	-60.57742	78.37391	337.60846	-30.86268	91.94591	428.36703	-26.32048	65.36637	272.86336	-142.80025	337.77870	219.63689	-198.08025	329.20309	50.84287	-214.44432	110.99989	39.44520	-148.82308	130.29371	28.77879	-190.53766	166.02842	66.68539	-170.45113	73.68290	262.71075	-56.76316	673.72945	281.97076	-263.88801	424.92162	387.28019	63.93816	449.65292	151.11876	-270.94671	236.34311	410.61318	60.81729	225.42769	
294	2.930	254.09808	-63.71601	948.53989	286.88013	-84.74477	764.84600	386.66147	-47.03311	929.63770	384.91979	-14.22205	622.78633	383.28364	-190.35931	630.41701	277.56931	-130.20747	682.90094	458.70032	-67.37265	381.44251	429.18369	-6.76381	332.96531	379.29503	12.39305	66.09722	378.65074	-58.20061	78.77440	337.51024	-28.26576	92.64384	427.93010	-24.55100	64.87767	291.32399	-139.39359	334.98379	238.16307	-194.86072	326.10567	63.85931	-213.72523	113.53735	52.21235	-148.10038	132.80853	43.77481	-189.71210	169.21247	77.27159	-169.82499	74.96775	275.17816	-58.81419	676.10452	299.67635	-261.01820	422.15573	393.50375	66.58990	450.57732	168.87822	-268.49667	235.51842	412.86039	63.63961	224.77971	
295	2.940	265.72729	-63.41762	949.26022	300.36445	-86.79432	766.20819	398.33840	-46.80886	931.41541	395.51628	-12.48652	625.41433	397.40033	-188.71519	629.05667	290.94538	-132.27492	683.87402	462.60441	-63.53693	380.76555	431.54477	-3.32236	333.23470	378.80563	14.56870	66.17377	377.86373	-55.82651	79.52719	337.12833	-25.73535	93.59184	427.24499	-22.71804	64.71107	310.45926	-135.73930	332.86658	257.43456	-191.45711	323.47427	78.05383	-212.82684	116.45880	66.18084	-147.16135	135.60110	59.74550	-188.62188	172.60068	89.38373	-169.10606	76.78203	287.23473	-60.79682	678.99005	317.87489	-257.95673	419.99799	398.68692	69.48527	451.97006	187.49953	-265.85930	235.14331	414.09702	66.66573	224.47235	
296	2.950	277.21252	-63.52576	950.62354	313.38992	-88.75858	768.12216	409.80400	-46.84264	933.66137	405.66751	-10.63957	628.42489	411.13071	-186.89282	628.39708	303.89851	-134.12359	685.37074	465.61051	-59.55700	380.45927	432.88686	0.24484	333.89699	378.18872	16.58664	66.50105	377.10894	-53.60425	80.54179	336.62911	-23.43241	94.70007	426.49636	-20.93537	64.81103	330.18516	-131.95853	331.53275	277.34104	-187.95637	321.42380	93.40692	-211.77187	119.71875	81.36048	-146.02084	138.62168	76.60616	-187.28230	176.14443	103.11388	-168.31368	79.10021	298.89615	-62.59986	682.28047	336.40329	-254.79879	418.57167	403.01136	72.48136	453.72271	206.84070	-263.11119	235.30902	414.44990	69.72443	224.46025	
297	2.960	288.53716	-64.00701	952.57378	325.91454	-90.55570	770.50746	421.04532	-47.12565	936.30530	415.44108	-8.73120	631.70004	424.42070	-184.94321	628.45203	316.40754	-135.66619	687.32412	467.86278	-55.65449	380.44493	433.41541	3.75889	334.86493	377.54826	18.31676	67.03525	376.51878	-51.67146	81.74003	336.13167	-21.50653	95.90560	425.80879	-19.30922	65.12344	350.42122	-128.17399	331.05355	297.77676	-184.44750	320.03834	109.89774	-210.58245	123.23633	97.75237	-144.69767	141.79230	94.28667	-185.71698	179.76983	118.51995	-167.46088	81.85627	310.18751	-64.13352	685.85815	355.10191	-251.64448	417.96175	406.69373	75.43729	455.72245	226.77593	-260.32999	236.06955	414.05681	72.64709	224.70071	
298	2.970	299.69278	-64.80894	955.03201	337.91633	-92.12159	773.26701	432.06028	-47.63780	939.26089	424.90565	-6.80916	635.12102	437.23985	-182.91983	629.19547	328.46695	-136.84648	689.64531	469.53908	-52.01808	380.65289	433.36885	7.06056	336.05806	376.94762	19.65862	67.74616	376.17852	-50.13445	83.06111	335.72016	-20.07283	97.17375	425.25892	-17.92388	65.59938	371.09273	-124.49993	331.46206	318.64575	-181.01480	319.36570	127.50480	-209.27660	126.90106	115.34734	-143.21173	145.01241	112.73612	-183.95428	183.38184	135.61931	-166.55233	84.94990	321.13724	-65.33811	689.59923	373.82491	-248.59086	418.20720	409.96161	78.22961	457.86224	247.20290	-257.58637	237.43489	413.07190	75.28941	225.15640	
299	2.980	310.67941	-65.86394	957.90022	349.39231	-93.41380	776.29224	442.85762	-48.34969	942.42859	434.12338	-4.91601	638.57497	449.57994	-180.87414	630.56235	340.08383	-137.64304	692.22783	470.83911	-48.78121	381.02489	432.99872	10.02843	337.40628	376.42629	20.55711	68.61382	376.13637	-49.05237	84.46217	335.45456	-19.19277	98.49356	424.88861	-16.83055	66.19634	392.13221	-121.03354	332.75371	339.86608	-177.73187	319.41624	146.20587	-207.86704	130.58305	134.12469	-141.58256	148.16824	131.92347	-182.02485	186.87201	154.38697	-165.58446	88.25713	331.77208	-66.18890	693.37907	392.44975	-245.72414	419.29840	413.02888	80.76444	460.04805	268.04690	-254.93746	239.37033	411.66726	77.54928	225.79534	
300	2.990	321.50529	-67.09422	961.06634	360.35645	-94.41329	779.46868	453.45621	-49.22527	945.69944	443.14423	-3.08695	641.96011	461.45224	-178.85160	632.45293	351.27475	-138.06902	694.95295	471.96959	-46.00969	381.51213	432.54837	12.59091	338.84986	376.01308	21.01168	69.62267	376.41163	-48.42825	85.91510	335.37835	-18.86234	99.86932	424.71648	-16.04104	66.87757	413.47970	-117.84856	334.89054	361.37256	-174.65675	320.16580	165.97722	-206.36208	134.14628	154.05136	-139.82923	151.14416	151.83475	-179.96044	190.12863	174.75864	-164.54786	91.64385	342.11359	-66.69676	697.07723	410.88479	-243.11283	421.18012	416.07531	82.98475	462.20307	289.26136	-252.42303	241.80194	410.02923	79.37815	226.58888	
301	3.000	332.18605	-68.41762	964.41014	370.83704	-95.12391	782.68183	463.88365	-50.22493	948.95975	452.00286	-1.34870	645.18943	472.88373	-176.88867	634.74000	362.06297	-138.16816	697.69590	473.12781	-43.70127	382.07115	432.23358	14.73041	340.33734	375.73411	21.07738	70.75535	377.00071	-48.20840	87.40138	335.52236	-19.01021	101.31065	424.74671	-15.52742	67.61056	435.08197	-114.99153	337.80816	383.11739	-171.82893	321.56191	186.79271	-204.76818	137.46252	175.08236	-137.97115	153.83402	172.46768	-177.79337	193.04738	196.63787	-163.43139	94.97981	352.17653	-66.90452	700.58183	429.07399	-240.80256	423.75927	419.23350	84.87208	464.26905	310.82513	-250.06453	244.62720	408.35005	80.78418	227.50893	
302	3.010	342.74356	-69.75354	967.80933	380.87377	-95.57005	785.82254	474.17443	-51.30856	952.09626	460.71823	0.28071	648.19274	483.91297	-175.01116	637.27829	372.47610	-138.00789	700.33247	474.48561	-41.79599	382.65983	432.22763	16.47936	341.82305	375.61552	20.85713	71.98793	377.88120	-48.29050	88.90645	335.90540	-19.50661	102.82348	424.97447	-15.22752	68.36528	456.89023	-112.48084	341.42429	405.06838	-169.26817	323.53238	208.62277	-203.09336	140.42368	197.16263	-136.02929	156.15031	193.82562	-175.55640	195.54046	219.90622	-162.22708	98.15094	361.96924	-66.88019	703.79324	446.99764	-238.81329	426.91626	422.58493	86.44314	466.20530	332.73682	-247.86693	247.72872	406.81582	81.82706	228.52533	
303	3.020	353.20450	-71.02848	971.14566	390.51477	-95.79273	788.79185	484.36783	-52.43850	955.00145	469.29566	1.79135	650.91728	494.58584	-173.23398	639.91493	382.54450	-137.67068	702.74541	476.17595	-40.19435	383.23513	432.65233	17.90943	343.26541	375.68165	20.48669	73.28763	379.01505	-48.53879	90.41523	336.53318	-20.18151	104.40397	425.38853	-15.05529	69.11307	478.85665	-110.30855	345.64744	427.20479	-166.97530	325.99466	231.43414	-201.35021	142.95032	220.23050	-134.02720	158.02965	215.91188	-173.28249	197.54248	244.43476	-160.93472	101.06814	371.49560	-66.70788	706.62721	464.66893	-237.13922	430.51813	426.16408	87.74237	467.98628	355.00737	-245.82251	250.98866	405.59256	82.60567	229.60420	
304	3.030	363.59882	-72.18082	974.31026	399.81398	-95.84474	791.50486	494.50567	-53.58200	957.57866	477.73082	3.18003	653.32732	504.95168	-171.56224	642.50000	392.30029	-137.24474	704.83035	478.28394	-38.77881	383.75321	433.57527	19.11648	344.62655	375.95050	20.11472	74.61355	380.35174	-48.80389	91.90957	337.39661	-20.84885	106.03600	425.97185	-14.91404	69.82641	500.92993	-108.44456	350.38444	449.51086	-164.93478	328.86456	255.19025	-199.55793	144.99515	244.22249	-131.99146	159.43388	238.72590	-171.00429	199.01205	270.09531	-159.56490	103.67138	380.75820	-66.47797	709.01738	482.12636	-235.75154	434.43154	429.96859	88.83197	469.59831	377.65153	-243.91573	254.30117	404.81278	83.24099	230.70787	
305	3.040	373.95817	-73.16438	977.20807	408.82884	-95.78529	793.89336	504.63020	-54.71299	959.74645	486.01496	4.44871	655.40275	515.06023	-169.99331	644.89608	401.77704	-136.81519	706.50068	480.84368	-37.43436	384.17153	435.01251	20.20407	345.87333	376.42855	19.88176	75.91979	381.83202	-48.94358	93.36793	338.47125	-21.33269	107.69220	426.70141	-14.71029	70.47964	523.05063	-106.84269	355.54592	471.96792	-163.11851	332.06311	279.85254	-197.74269	146.54098	269.07833	-129.95141	160.34693	262.26134	-168.75345	199.92909	296.76998	-158.13992	105.92896	389.76207	-66.27748	710.91695	499.42266	-234.60359	438.53360	433.97209	89.78125	471.03636	400.67943	-242.12824	257.58093	404.56427	83.85736	231.79624	
306	3.050	384.31457	-73.95060	979.76101	417.61853	-95.67483	795.90735	514.78225	-55.81326	961.44204	494.14060	5.60266	657.13710	524.95941	-168.51962	646.98609	411.00995	-136.45659	707.69114	483.84127	-36.06482	384.45218	436.93573	21.26844	346.97928	377.10660	19.90142	77.16018	383.39247	-48.84139	94.76686	339.71844	-21.49056	109.33776	427.54802	-14.36596	71.05034	545.14663	-105.44772	361.04890	494.54596	-161.49034	335.52046	305.38234	-195.93615	147.59409	294.74522	-127.93806	160.76846	286.50585	-166.55985	200.28853	324.35778	-156.69191	107.83261	398.51834	-66.18191	712.29961	516.61185	-233.63762	442.71919	438.13680	90.65684	472.30117	424.08911	-240.44301	260.76650	404.88341	84.56496	232.82965	
307	3.060	394.69914	-74.52936	981.90985	426.24266	-95.57040	797.51509	524.99964	-56.87278	962.62349	502.10693	6.64879	658.53514	534.69428	-167.13157	648.67876	420.03656	-136.22742	708.35993	487.22355	-34.60291	384.56525	439.28261	22.38684	347.92653	377.95816	20.24687	78.29344	384.97083	-48.42005	96.08371	341.08854	-21.23048	110.93570	428.47708	-13.82721	71.52100	567.12984	-104.20245	366.81638	517.19581	-160.01076	339.17647	331.74249	-194.17278	148.17460	321.17986	-125.98275	160.70600	311.44183	-164.45106	200.09215	352.77727	-155.25880	109.38975	407.04750	-66.24910	713.15937	533.73614	-232.79220	446.90375	442.42395	91.51501	473.39722	447.86091	-238.84723	263.81820	405.75401	85.44611	233.77239	
308	3.070	405.14113	-74.90844	983.61467	434.76053	-95.52184	798.70221	535.31608	-57.88948	963.27050	509.92423	7.59430	659.61016	544.30704	-165.82009	649.91155	428.89757	-136.16680	708.48915	490.91113	-33.01383	384.49139	441.96921	23.61046	348.70725	378.94093	20.94430	79.28785	386.51125	-47.64836	97.29964	342.52617	-20.51955	112.45243	429.45048	-13.06893	71.88048	588.89445	-103.05381	372.77391	539.84325	-158.64092	342.97783	358.89789	-192.48643	148.30592	348.34720	-124.11556	160.16720	337.04684	-162.45240	199.34028	381.96492	-153.87880	110.61457	415.38156	-66.51558	713.50919	550.81494	-232.00905	451.02159	446.80115	92.39669	474.33140	471.95423	-237.33361	266.71129	407.11260	86.54708	234.59647	
309	3.080	415.66717	-75.11178	984.85421	443.23060	-95.56913	799.46961	545.76038	-58.86836	963.38396	517.61696	8.44574	660.38119	553.83788	-164.57865	650.65089	437.63786	-136.29360	708.08363	494.81388	-31.29338	384.22278	444.90368	24.96185	349.32395	380.00106	21.97366	80.12472	387.96920	-46.54099	98.40224	343.97638	-19.38328	113.86260	430.42957	-12.09483	72.12507	610.31752	-101.95694	378.84390	562.38619	-157.34585	346.87262	386.81383	-190.90719	148.00559	376.21510	-122.36429	159.15371	363.29261	-160.58760	198.02528	411.86870	-152.58460	111.51959	423.56522	-66.99552	713.37853	567.83785	-231.23847	455.02035	451.24697	93.32541	475.11215	496.30697	-235.90032	269.42620	408.85955	87.87572	235.28468	
310	3.090	426.30069	-75.17685	985.62411	451.71042	-95.74087	799.83073	556.35605	-59.82028	962.98416	525.22522	9.20855	660.87019	563.32656	-163.40427	650.89013	446.30724	-136.60760	707.16834	498.84706	-29.46222	383.76248	447.99989	26.43642	349.78831	381.07976	23.27582	80.80027	389.31513	-45.15219	99.38726	345.39118	-17.89703	115.15262	431.37877	-10.93377	72.25866	631.26220	-100.87689	384.93874	584.69551	-156.09633	350.80305	415.45125	-189.45915	147.27892	404.74513	-120.75402	157.65790	390.14168	-158.88024	196.12832	442.43731	-151.39874	112.10897	431.65566	-67.68206	712.80976	584.76312	-230.44247	458.85306	455.75372	94.30768	475.74877	520.83737	-234.54967	271.93789	410.87498	89.40471	235.83253	
311	3.100	437.06150	-75.15153	985.93436	460.25652	-96.05386	799.80831	567.12115	-60.76040	962.10809	532.80451	9.88717	661.09957	572.81405	-162.29761	650.64558	454.96105	-137.09235	705.78470	502.94593	-27.55835	383.12221	451.19046	28.00688	350.11860	382.12087	24.76434	81.32592	390.53662	-43.56495	100.25930	346.73534	-16.17150	116.32266	432.26929	-9.63332	72.29226	651.58363	-99.78777	390.95412	606.62008	-154.86965	354.69818	444.75850	-188.15957	146.11662	433.87987	-119.30760	155.66268	417.54116	-157.35567	193.61998	473.60575	-150.33101	112.37448	439.72126	-68.55063	711.85387	601.52202	-229.59572	462.46974	460.32928	95.33521	476.25041	545.44722	-233.28617	274.20697	413.03727	91.07885	236.24857	
312	3.110	447.96549	-75.09049	985.80638	468.92445	-96.51358	799.43102	578.06843	-61.70657	960.80611	540.42385	10.48536	661.08981	582.34410	-161.26223	649.95139	463.66004	-137.71929	703.98617	507.07738	-25.62940	382.31884	454.43775	29.62930	350.33587	383.07860	26.33939	81.72720	391.63896	-41.87783	101.03136	347.99084	-14.33519	117.38706	433.08232	-8.25209	72.24265	671.13729	-98.66990	396.76420	627.99553	-153.64923	358.46806	474.65954	-187.01970	144.49637	463.52828	-118.04675	153.14439	445.41358	-156.04287	190.46511	505.27860	-149.37856	112.29463	447.83917	-69.56356	710.56587	618.02843	-228.68413	465.81051	464.99871	96.38831	476.62466	570.02571	-232.11434	276.17449	415.24203	92.82492	236.55294	
313	3.120	459.02442	-75.05165	985.26973	477.76863	-97.11537	798.73024	589.20550	-62.67761	959.13817	548.16251	11.00677	660.85769	591.96403	-160.30327	648.85400	472.46958	-138.45230	701.83381	511.24754	-23.72599	381.37021	457.74202	31.24991	350.45935	383.92422	27.90164	82.04144	392.64418	-40.19158	101.72354	349.15981	-12.51682	118.37345	433.81141	-6.85200	72.13059	689.78913	-97.50592	402.22008	648.65610	-152.42369	362.00104	505.03967	-186.04675	142.38803	493.55075	-116.99337	150.07835	473.64553	-154.97570	186.63100	537.31293	-148.52880	111.83687	456.09206	-70.67531	709.00030	634.19220	-227.70207	468.80193	469.80564	97.43968	476.87564	594.45258	-231.03677	277.76177	417.41895	94.56213	236.77424	
314	3.130	470.24577	-75.09268	984.35915	486.84199	-97.84589	797.73739	600.53520	-63.69173	957.17015	556.10577	11.45556	660.41491	601.72463	-159.42594	647.40685	481.45804	-139.25222	699.39220	515.50467	-21.89693	380.29077	461.14580	32.81136	350.50168	384.65117	29.36404	82.31473	393.58901	-38.59749	102.36114	350.26569	-10.82995	119.32070	434.46358	-5.49174	71.97866	707.42647	-96.27716	407.15286	668.44798	-151.18558	365.16542	535.73023	-185.24673	139.76128	523.74614	-116.17072	146.44622	502.07573	-154.19287	182.09787	569.50332	-147.76446	110.96242	464.56407	-71.83761	707.20753	649.93363	-226.64869	471.35771	474.81290	98.45813	477.00181	618.59987	-230.05290	278.87576	419.54480	96.21178	236.94504	
315	3.140	481.63264	-75.26775	983.11184	496.19516	-98.68475	796.48198	612.05596	-64.76500	954.97038	564.33977	11.83675	659.76740	611.67877	-158.63417	645.66613	490.69409	-140.08077	696.72626	519.93737	-20.18625	379.08768	464.73396	34.25816	350.46454	385.27817	30.66012	82.59837	394.52231	-37.16865	102.97243	351.35324	-9.36171	120.27610	435.05954	-4.22194	71.80916	723.96838	-94.96155	411.38184	687.24260	-149.93060	367.81611	566.49509	-184.62740	136.59453	553.84329	-115.60362	142.24426	530.48460	-153.73614	176.87008	601.57163	-147.06998	109.63346	473.33633	-73.00379	705.23106	665.19645	-225.52470	473.38392	480.10174	99.41165	476.99377	642.33200	-229.15853	279.41928	421.65098	97.70499	237.09666	
316	3.150	493.18379	-75.62456	981.56554	505.87535	-99.60597	794.99062	623.76225	-65.91007	952.60683	572.94628	12.15631	658.91519	621.87889	-157.92973	643.68797	500.24322	-140.90331	693.89929	524.66868	-18.63195	377.75780	468.62928	35.54049	350.33537	385.85028	31.74827	82.94517	395.50231	-35.95493	103.58651	352.48739	-8.16626	121.29200	435.63297	-3.08253	71.64221	739.37407	-93.53414	414.72765	704.94783	-148.65736	369.80609	597.02200	-184.20052	132.88379	583.49962	-115.31765	137.49157	558.58817	-153.64669	170.98625	633.16428	-146.43782	107.82149	482.48220	-74.13201	703.10627	679.95670	-224.33032	474.78828	485.76901	100.26970	476.83277	665.50441	-228.34647	279.30463	423.82510	98.98786	237.25372	
317	3.160	504.89378	-76.20174	979.75733	515.92461	-100.57919	793.28709	635.64492	-67.13491	950.14485	581.99731	12.42079	657.85307	632.37334	-157.31207	641.52731	510.16348	-141.69049	690.97231	529.84663	-17.26611	376.28624	472.98398	36.61668	350.08585	386.43818	32.61203	83.40575	396.59420	-34.98162	104.23144	353.75139	-7.26326	122.42208	436.22935	-2.10207	71.49440	753.64797	-91.97074	417.02939	721.51541	-147.36825	371.00164	626.92233	-183.98288	128.65039	612.30887	-115.33695	132.23709	586.03922	-153.95980	164.52672	663.85933	-145.87352	105.51617	492.06256	-75.18692	700.86063	694.22550	-223.06535	475.49177	491.92222	101.00450	476.49014	687.96172	-227.60800	278.46812	426.20659	100.02403	237.42932	
318	3.170	516.75311	-77.02657	977.72347	526.37779	-101.57056	791.39351	647.69165	-68.44193	947.64582	591.55043	12.63666	656.57200	643.20213	-156.77899	639.23840	520.50094	-142.41853	688.00470	535.63254	-16.11580	374.64671	477.96795	37.45408	349.67242	387.13584	33.25713	84.02538	397.86830	-34.25131	104.93296	355.24459	-6.64048	123.71776	436.90459	-1.29871	71.37802	766.84041	-90.25447	418.16369	736.94323	-146.07125	371.29933	655.74212	-183.99561	123.94655	639.81934	-115.68102	126.56452	612.43802	-154.69868	157.61686	693.18464	-145.39819	102.73324	502.12149	-76.14007	698.51528	708.04519	-221.73156	475.44090	498.67277	101.59142	475.92813	709.53701	-226.93533	276.88308	428.97695	100.79469	237.62154	
319	3.180	528.74862	-78.11309	975.50014	537.26011	-102.54345	789.33231	659.88723	-69.82713	945.16650	601.64477	12.80922	655.06124	654.39243	-156.32790	636.87653	531.28528	-143.06859	685.05567	542.18809	-15.20458	372.80393	483.75503	38.02877	349.03941	388.05706	33.70628	84.84144	399.39880	-33.74816	105.71381	357.07965	-6.25970	125.22472	437.72394	-0.68230	71.30124	779.04336	-88.38428	418.06321	751.27208	-144.78251	370.64222	682.98618	-184.26162	118.85797	665.56257	-116.36080	120.59401	637.35408	-155.86846	150.42537	720.64720	-145.04756	99.52036	512.68285	-76.96912	696.08784	721.47902	-220.33718	474.61832	506.12823	102.00871	475.10255	730.05372	-226.32467	274.56865	432.34591	101.29650	237.81192	
320	3.190	540.86385	-79.46065	973.12490	548.58476	-103.45902	787.12896	672.21384	-71.27965	942.75915	612.29838	12.94135	653.31126	665.95465	-155.95756	634.50044	542.52619	-143.62544	682.18623	549.66249	-14.55413	370.71834	490.50896	38.32442	348.12448	389.33122	33.99278	85.88180	401.26325	-33.44373	106.59374	359.37944	-6.06486	126.98010	438.76111	-0.25677	71.26921	790.38128	-86.38385	416.73151	764.57702	-143.52921	369.03257	708.15471	-184.80136	113.50310	689.09050	-117.37487	114.47975	660.35834	-157.45158	143.15703	745.77161	-144.86746	95.95941	523.74806	-77.65639	693.59598	734.59663	-218.90282	473.05021	514.38464	102.23682	473.96701	749.33178	-225.77965	271.59273	436.53475	101.53813	237.96650	
321	3.200	553.07945	-81.05311	970.63871	560.35073	-104.27706	784.81495	684.65128	-72.78157	940.47220	623.50697	13.03230	651.31724	677.87955	-155.66996	632.17471	554.21113	-144.07605	679.46103	558.18081	-14.18571	368.35252	498.37025	38.33073	346.86631	391.09843	34.15405	87.16443	403.54261	-33.30314	107.58989	362.27335	-5.99100	129.01034	440.09808	-0.02242	71.28593	800.99785	-84.30879	414.25143	776.95464	-142.35193	366.53868	730.78948	-185.62757	108.02842	710.01730	-118.70649	108.40306	681.06296	-159.40595	136.04013	768.14396	-144.90622	92.16434	535.29564	-78.18737	691.06144	747.45779	-217.46721	470.80906	523.51982	102.25774	472.47880	767.19861	-225.31460	268.06830	441.75865	101.53582	238.03949	
322	3.210	565.37361	-82.85871	968.08806	572.54128	-104.95699	782.43045	697.17703	-74.30813	938.35130	635.24437	13.07663	649.08301	690.13712	-155.47178	629.97124	566.30498	-144.40851	676.94955	567.83472	-14.12095	365.67927	507.44560	38.04197	345.21378	393.50413	34.22576	88.69807	406.32169	-33.29100	108.71752	365.89282	-5.97333	131.33000	441.82519	0.02263	71.35691	811.04008	-82.25009	410.78471	788.50820	-141.30593	363.29410	750.52342	-186.74013	102.59983	728.06032	-120.32234	102.56080	699.16358	-161.66655	129.30944	787.45531	-145.20529	88.27401	547.28257	-78.54958	688.51382	760.09791	-216.09133	468.01162	533.58834	102.05464	470.60602	783.50419	-224.95684	264.14392	448.20940	101.30893	237.97981	
323	3.220	577.72240	-84.83076	965.52677	585.12336	-105.45955	780.02645	709.76631	-75.82835	936.44050	647.46452	13.06361	646.62496	702.67741	-155.37523	627.96945	578.75193	-144.61174	674.72605	578.67618	-14.38180	362.69010	517.80058	37.45598	343.13572	396.69315	34.23720	90.48390	409.68980	-33.37631	109.99059	370.36621	-5.95556	133.94151	444.04168	-0.11810	71.49203	820.64179	-80.33219	406.56183	799.33280	-140.46064	359.48885	767.12590	-188.12226	97.39041	743.07348	-122.17363	97.14997	714.47694	-164.15103	123.18643	803.53782	-145.79022	84.44057	559.64762	-78.73238	685.99380	772.51818	-214.85911	464.81208	544.61844	101.61212	468.33527	798.13801	-224.74731	259.99011	456.03993	100.87600	237.73992	
324	3.230	590.10012	-86.90942	963.01706	598.04821	-105.74892	777.66562	722.39218	-77.30616	934.78325	660.10502	12.97731	643.97563	715.43362	-155.39782	626.25453	591.47951	-144.67614	672.86825	590.71470	-14.98900	359.40344	529.45594	36.57406	340.63018	400.80325	34.20803	92.51783	413.74132	-33.53607	111.42197	375.81288	-5.89694	136.83556	446.85610	-0.43891	71.70798	829.90865	-78.70485	401.86245	809.50285	-139.89674	355.35331	780.53458	-189.73956	92.56567	755.06673	-124.19999	92.35017	726.96642	-166.76880	117.85889	816.38695	-146.66400	80.81460	572.31631	-78.72783	683.55515	784.68261	-213.87359	461.39139	556.61087	100.91723	465.67915	811.04408	-224.73862	255.78388	465.35159	100.25182	237.28614	
325	3.240	602.47965	-89.02443	960.62948	611.25330	-105.79540	775.42171	735.02560	-78.70199	933.42307	673.09170	12.79746	641.18634	728.32713	-155.56098	624.91380	604.40462	-144.59526	671.45439	603.91827	-15.95924	355.87100	542.38764	35.40172	337.73179	405.95821	34.14641	94.79295	418.57582	-33.75750	113.02290	382.33693	-5.77775	139.99209	450.38642	-0.93060	72.02986	838.90692	-77.52919	396.98863	819.06362	-139.70091	351.13696	790.86658	-191.54247	88.26796	764.20693	-126.33574	88.30640	736.74912	-169.43227	113.46305	826.16448	-147.80477	77.52959	585.20715	-78.53264	681.26519	796.52237	-213.24811	457.94361	569.53916	99.96121	462.68254	822.23019	-224.99059	251.69353	476.18514	99.44602	236.60934	
326	3.250	614.83288	-91.09887	958.44150	624.66555	-105.57823	773.37731	747.63573	-79.97474	932.40352	686.34379	12.50112	638.32834	741.27396	-155.88768	624.03146	617.44065	-144.36809	670.55905	618.21754	-17.30085	352.18128	556.52999	33.95036	334.51598	412.26115	34.04831	97.30143	424.29765	-34.03898	114.80158	390.02118	-5.60314	143.38125	454.75931	-1.57895	72.49120	847.65737	-76.95959	392.23462	828.02792	-139.95835	347.08484	798.40499	-193.47216	84.60256	770.79854	-128.51750	85.11488	744.08174	-172.06807	110.07091	833.18047	-149.16845	74.68837	598.23833	-78.15074	679.20341	807.94661	-213.09340	454.66086	583.35092	98.74172	459.42654	831.76829	-225.56349	247.86558	488.51597	98.46314	235.73427	
327	3.260	627.13130	-93.05366	956.53468	638.20545	-105.08842	771.61992	760.19042	-81.08407	931.76743	699.77924	12.06516	635.49198	754.19184	-156.39926	623.68216	630.50499	-144.00161	670.24818	633.51284	-19.00871	348.45907	571.78132	32.23926	331.09916	419.78867	33.89771	100.03541	431.01475	-34.39007	116.76061	398.92237	-5.40518	146.96401	460.10826	-2.36358	73.13206	856.13519	-77.12399	387.85779	836.37793	-140.74379	343.41517	803.56188	-195.46823	81.62798	775.24677	-130.69140	82.81459	749.32674	-174.62553	107.68511	837.85643	-150.69559	72.35414	611.33414	-77.59589	677.45811	818.85716	-213.50270	451.71817	597.96970	97.26520	456.02891	839.78487	-226.51006	244.41495	502.25419	97.30422	234.72568	
328	3.270	639.34686	-94.81269	954.99064	651.79186	-104.33090	770.23678	772.65702	-81.99284	931.55517	713.31949	11.46912	632.78362	767.00704	-157.11197	623.92440	643.52584	-143.51279	670.57379	649.68310	-21.05908	344.86045	588.01151	30.29767	327.63399	428.58702	33.66729	102.98630	438.83672	-34.83085	118.89378	409.06856	-5.24296	150.69230	466.57035	-3.25798	73.99514	864.27567	-78.10612	384.05537	844.07160	-142.11216	340.30141	806.82474	-197.47600	79.35244	778.00981	-132.81766	81.38589	752.90513	-177.07969	106.24242	840.67614	-152.32038	70.54747	624.43022	-76.89364	676.12133	829.16425	-214.53765	449.25995	613.29723	95.54904	452.64035	846.44287	-227.86762	241.41930	517.24991	95.96925	233.68949	
329	3.280	651.45302	-96.30793	953.88605	665.34675	-103.32568	769.30875	785.00350	-82.66954	931.80226	726.89342	10.69824	630.32019	779.65998	-158.03386	624.79457	656.44724	-142.92942	671.56915	666.59577	-23.40526	341.56328	605.07070	28.16619	324.29994	438.67107	33.31938	106.14240	447.87210	-35.39091	121.18262	420.45951	-5.20053	154.50869	474.28157	-4.23119	75.12019	871.98458	-79.93258	380.95095	851.05212	-144.09018	337.86102	808.69677	-199.45093	77.73749	779.54884	-134.87095	80.75650	755.24516	-179.42755	105.62541	842.13282	-153.97892	69.24952	637.47702	-76.08180	675.28236	838.79983	-216.21780	447.38953	629.21613	93.62293	449.43616	851.91867	-229.65146	238.91799	533.30375	94.46004	232.76750	
330	3.290	663.42603	-97.48430	953.28737	678.79947	-102.10774	768.90405	797.19986	-83.09050	932.53623	740.44013	9.74619	628.22167	792.10888	-159.16249	626.30259	669.23187	-142.28935	673.24491	684.11676	-25.97517	338.75402	622.79860	25.89719	321.28977	450.02683	32.80702	109.48508	458.22492	-36.10790	123.59363	433.07064	-5.38241	158.34600	483.37079	-5.25147	76.53754	879.15171	-82.56745	378.59243	857.25910	-146.67028	336.15208	809.64254	-201.35893	76.70804	780.28472	-136.83642	80.81370	756.73666	-181.67807	105.68027	842.68212	-155.61489	68.41019	650.44109	-75.20892	675.02042	847.72622	-218.51600	446.16305	645.59346	91.52927	446.60361	856.37929	-231.85048	236.91553	550.18233	92.78256	232.12517	
331	3.300	675.24640	-98.30368	953.24566	692.08997	-100.72527	769.07238	809.21983	-83.24165	933.77319	753.91032	8.61705	626.60199	804.33106	-160.48382	628.42966	681.86112	-141.63776	675.58673	702.11948	-28.67168	336.61226	641.03419	23.55361	318.79321	462.61723	32.07556	112.98424	469.99036	-37.02562	126.07728	446.85990	-5.90622	162.12760	493.95279	-6.29130	78.26178	885.66589	-85.91509	376.96088	862.63988	-149.80788	335.17743	810.04807	-203.17286	76.16688	780.56754	-138.70266	81.42061	757.69878	-183.83894	106.23794	842.70764	-157.18145	67.95939	663.30415	-74.33075	675.39728	855.93911	-221.36032	445.58811	662.28543	89.32231	444.32620	859.96474	-234.42567	235.38915	567.63764	90.94819	231.93330	
332	3.310	686.90026	-98.74778	953.79212	705.17073	-99.23642	769.84021	821.04246	-83.11985	935.51440	767.26662	7.32632	625.55939	816.32171	-161.97252	631.12853	694.33251	-141.02279	678.55447	720.49233	-31.37613	335.29490	659.62527	21.20639	316.97985	476.39056	31.06515	116.59429	483.24956	-38.19111	128.56960	461.77656	-6.89245	165.76922	506.12099	-7.33303	80.28694	891.42981	-89.83083	375.98735	867.15996	-153.42284	334.89447	810.20007	-204.86737	76.01079	780.66196	-140.45416	82.43370	758.36471	-185.90428	107.13498	842.50271	-158.64033	67.81898	676.06023	-73.50483	676.45040	863.46511	-224.64190	445.62737	679.14372	87.06601	442.76635	862.77906	-237.31164	234.29855	585.42871	88.97327	232.34569	
333	3.320	698.38055	-98.81952	954.93482	718.00720	-97.70484	771.20761	832.65377	-82.73340	937.74325	780.48273	5.90072	625.16713	828.09054	-163.59360	634.32614	706.65517	-140.49001	682.08307	739.14408	-33.95545	334.92200	678.43758	18.93026	315.98317	491.29019	29.71488	120.25197	498.06376	-39.65061	130.99689	477.77005	-8.45156	169.18277	519.94075	-8.37382	82.58411	896.37330	-94.13746	375.57340	870.81165	-157.40500	335.22828	810.28443	-206.41443	76.14511	780.74733	-142.06621	83.71877	758.88335	-187.84709	108.23089	842.26804	-159.95965	67.91332	688.71149	-72.78398	678.18753	870.35554	-228.22703	446.20635	696.02352	84.83065	442.04876	864.89154	-240.42128	233.59606	603.34361	86.87743	233.47619	
334	3.330	709.68789	-98.54276	956.65694	730.57693	-96.19445	773.14700	844.04795	-82.10190	940.42318	793.54195	4.37680	625.46574	839.65674	-165.30496	637.92820	718.84386	-140.07653	686.08490	758.00684	-36.27248	335.56623	697.36303	16.79847	315.88795	507.26385	27.96895	123.87688	514.46815	-41.44410	133.28316	494.79702	-10.66956	172.28223	535.44418	-9.42819	85.10235	900.46387	-98.64489	375.61064	873.62006	-161.62355	336.08523	810.40022	-207.78177	76.49408	780.92928	-143.50403	85.16322	759.33393	-189.61920	109.41956	842.12227	-161.11221	68.17706	701.26347	-72.20974	680.58307	876.67842	-231.97117	447.22428	712.79291	82.68848	442.24655	866.34670	-243.65321	233.23481	621.21937	84.68124	235.37926	
335	3.340	720.83094	-97.96049	958.91665	742.86769	-94.76391	775.60396	855.22816	-81.25532	943.49663	806.43529	2.79850	626.45772	851.04315	-167.06071	641.82520	730.91275	-139.80573	690.45326	777.03660	-38.19882	337.24732	716.32639	14.87685	316.72248	524.27096	25.78474	127.37538	532.46639	-43.59885	135.35911	512.82517	-13.59356	174.99098	552.62754	-10.52729	87.77242	903.71362	-103.16999	375.99585	875.64599	-165.93906	337.36494	810.58299	-208.93516	77.00549	781.25770	-144.72677	86.68304	759.74823	-191.15851	110.63346	842.12048	-162.07540	68.55916	713.72040	-71.80662	683.57684	882.51041	-235.73291	448.56655	729.34300	80.70867	443.37219	867.18011	-246.90122	233.17352	638.95776	82.40443	238.03766	
336	3.350	731.82617	-97.13156	961.64867	754.87494	-93.46173	778.49988	866.20672	-80.23229	946.88558	819.15947	1.21390	628.10535	862.27039	-168.81467	645.89902	742.86964	-139.68333	695.06687	796.21145	-39.62876	339.93203	735.28973	13.21803	318.45675	542.28716	23.14204	130.64707	552.02683	-46.12271	137.17064	531.83327	-17.21979	177.24903	571.45181	-11.71427	90.51300	906.18186	-107.55407	376.63981	876.98504	-170.21654	338.96915	810.83112	-209.84397	77.64958	781.74654	-145.69545	88.22431	760.13426	-192.40179	111.84121	842.27576	-162.83310	69.02344	726.08141	-71.57828	687.07524	887.93005	-239.38606	450.11698	745.59758	78.95205	445.37450	867.43548	-250.06464	233.37740	656.53505	80.06582	241.36000	
337	3.360	742.69709	-96.12628	964.76734	766.59920	-92.32217	781.73618	877.00457	-79.07780	950.49352	831.71528	-0.32859	630.33185	873.35180	-170.52373	650.02974	754.71169	-139.69543	699.79494	815.52765	-40.49268	343.53942	754.25372	11.85639	321.00655	561.30557	20.05193	133.59301	573.08155	-48.99822	138.68501	551.80787	-21.48613	179.01849	591.84670	-13.03630	93.23780	907.97304	-111.67591	377.46995	877.76295	-174.33766	340.80699	811.12946	-210.48834	78.41345	782.39120	-146.38256	89.75991	760.49648	-193.29955	113.03980	842.57925	-163.37869	69.54637	738.33797	-71.50596	690.95490	893.01235	-242.82894	451.76839	761.52095	77.46618	448.14237	867.17895	-253.05809	233.81605	674.00457	77.68536	245.18892	
338	3.370	753.47291	-95.02120	968.17090	778.04380	-91.36275	785.19983	887.65026	-77.84041	954.20896	844.10623	-1.78411	633.02582	884.28988	-172.15093	654.10182	766.42296	-139.80883	704.50257	834.99413	-40.76766	347.95032	773.25522	10.80462	324.24305	581.33516	16.56340	136.12389	595.52900	-52.17887	139.89291	572.73807	-26.27107	180.28572	613.71777	-14.53453	95.86275	909.22987	-115.45888	378.42812	878.12759	-178.21024	342.79724	811.46675	-210.86594	79.29291	783.18138	-146.78080	91.28277	760.84924	-193.82910	114.24400	843.01572	-163.71824	70.11302	750.47292	-71.54963	695.06848	897.82504	-245.98996	453.43019	777.12242	76.28149	451.51469	866.50696	-255.81913	234.45970	691.49128	75.28782	249.31863	
339	3.380	764.18685	-93.89356	971.74663	789.21327	-90.58345	788.76940	898.17825	-76.56915	957.91026	856.33777	-3.11505	636.04852	895.07460	-173.66778	658.00947	777.97438	-139.97355	709.05632	854.62569	-40.48365	353.01936	792.36087	10.05238	328.00625	602.39689	12.76601	138.16677	619.24048	-55.58839	140.80592	594.60985	-31.39988	181.05953	636.95556	-16.23384	98.31198	910.12226	-118.87167	379.46572	878.23837	-181.77359	344.86827	811.84505	-210.99607	80.28413	784.10834	-146.90844	92.79750	761.22235	-194.00271	115.47518	843.57322	-163.87236	70.71264	762.46126	-71.65145	699.25241	902.42576	-248.82958	455.03246	792.45646	75.40889	455.29537	865.54625	-258.31246	235.27552	709.17842	72.90682	253.51896	
340	3.390	774.87410	-92.81581	975.37649	800.11256	-89.96755	792.32143	908.62693	-75.31033	961.47135	868.41708	-4.29414	639.24324	905.68382	-175.05583	661.66085	789.32596	-140.12726	713.32956	874.43571	-39.72367	358.58774	811.65690	9.56711	332.12066	624.51860	8.78740	139.66954	644.06983	-59.12362	141.44995	617.40172	-36.65765	181.36533	661.44559	-18.13449	100.52215	910.83294	-121.92289	380.53847	878.25443	-184.99900	346.95681	812.28138	-210.91985	81.37691	785.16704	-146.80967	94.31206	761.65908	-193.86878	116.75188	844.24659	-163.87579	71.33475	774.27237	-71.74136	703.33580	906.86048	-251.33849	456.52642	807.61781	74.83933	459.27162	864.44580	-260.53014	236.22527	727.28719	70.58719	257.56180	
341	3.400	785.56977	-91.85055	978.94269	810.74732	-89.48412	795.73645	919.03640	-74.10464	964.76806	880.35319	-5.30657	642.44583	916.08581	-176.30729	664.98085	800.43105	-140.20111	717.20752	894.42891	-38.61774	364.49507	831.23601	9.29713	336.41105	647.72917	4.78520	140.60240	669.86530	-62.66100	141.85613	641.08263	-41.80758	181.23670	687.07750	-20.20714	102.44504	911.54149	-124.65069	381.60228	878.32300	-187.88587	349.00642	812.80298	-210.69594	82.55093	786.35452	-146.54952	95.83096	762.20872	-193.50553	118.08315	845.03611	-163.77419	71.96656	785.87361	-71.74380	707.15011	911.16288	-253.53270	457.88199	822.73178	74.54516	463.23320	863.36273	-262.48759	237.26483	746.05123	68.38430	261.24559	
342	3.410	796.30694	-91.04637	982.33297	821.12480	-89.09162	798.90437	929.44630	-72.98456	967.68437	892.15751	-6.15091	645.49554	926.24336	-177.42459	667.91260	811.24214	-140.12619	720.59170	914.59481	-37.33104	370.58891	851.18276	9.17639	340.71645	672.05284	0.93417	140.95685	696.48180	-66.06588	142.05119	665.61246	-46.61254	180.70594	713.75215	-22.39259	104.04836	912.40874	-127.10947	382.61133	878.56930	-190.45434	350.96644	813.43845	-210.39230	83.77520	787.66619	-146.20409	97.35091	762.91595	-193.00844	119.46563	845.94281	-163.61857	72.59205	797.23470	-71.58514	710.53877	915.35513	-255.44615	459.08338	837.94074	74.48302	466.99047	862.44483	-264.21643	238.34551	765.68929	66.35947	264.41433	
343	3.420	807.11497	-90.43480	985.44517	831.25554	-88.74223	801.72889	939.89384	-71.97248	970.11825	903.84439	-6.83870	648.24501	936.11915	-178.41897	670.41757	821.71748	-139.83996	723.40355	934.90261	-36.04781	376.73122	871.55918	9.13024	344.90073	697.50390	-2.58987	140.74280	723.79159	-69.20375	142.04942	690.94467	-50.85667	179.79561	741.38545	-24.60626	105.31519	913.56368	-129.35627	383.51853	879.08912	-192.73646	352.79171	814.20757	-210.07567	85.01068	789.09161	-145.84819	98.85930	763.81017	-192.47386	120.88380	846.96253	-163.45820	73.19257	808.33240	-71.20071	713.36596	919.44991	-257.12220	460.12386	853.38807	74.59777	470.38909	861.81314	-265.75558	239.41692	786.37921	64.57226	266.96854	
344	3.430	818.01820	-90.02856	988.19085	841.15517	-88.38638	804.13075	950.41219	-71.07949	971.98662	915.43179	-7.39282	650.56872	945.68173	-179.30831	672.47467	831.82771	-139.29194	725.58711	955.29801	-34.95343	382.80147	892.39246	9.08156	348.85861	724.08205	-5.62706	139.98442	751.69163	-71.95180	141.84760	717.02974	-54.36452	178.51279	769.90843	-26.74695	106.24228	915.09466	-131.43929	384.27790	879.94473	-194.76744	354.44323	815.11222	-209.80090	86.21486	790.61124	-145.54281	100.33535	764.89719	-191.98228	122.31298	848.08080	-163.33350	73.74873	819.15500	-70.54075	715.52401	923.45365	-258.60529	461.00087	869.20180	74.82674	473.31959	861.54756	-267.14228	240.43063	808.23693	63.07127	268.86758	
345	3.440	829.03517	-89.82124	990.49788	850.84631	-87.97696	806.04970	961.02942	-70.30508	973.22895	926.94177	-7.84465	652.36905	954.91128	-180.11434	674.07836	841.56174	-138.44800	727.11036	975.70251	-34.21700	388.69661	913.66624	8.95637	352.51689	751.76824	-8.04903	138.71585	780.10576	-74.20955	141.42393	743.81787	-57.01512	176.84721	799.26343	-28.70869	106.83741	917.04614	-133.39060	384.84800	881.16444	-196.57878	355.88957	816.13085	-209.60230	87.34754	792.19519	-145.32537	101.75329	766.15523	-191.58459	123.72395	849.26990	-163.27040	74.24279	829.70609	-69.57477	716.93865	927.37044	-259.93411	461.71228	885.47966	75.10385	475.72097	861.67824	-268.40500	241.34422	831.30289	61.88580	270.12381	
346	3.450	840.17836	-89.78832	992.31185	860.36010	-87.47291	807.44520	971.76786	-69.63758	973.80944	938.40089	-8.23064	653.57972	963.80467	-180.85980	675.23617	850.93111	-137.29288	727.96536	996.01542	-33.97695	394.32839	935.31682	8.68849	355.83096	780.52073	-9.77071	136.97710	808.98114	-75.90728	140.74073	771.25933	-58.74943	174.77345	829.39673	-30.39374	107.11618	919.42141	-135.22382	385.19562	882.74595	-198.19421	357.10867	817.21789	-209.48904	88.37621	793.80434	-145.20450	103.08672	767.53614	-191.29446	125.08820	850.48922	-163.27754	74.66110	840.00709	-68.29369	717.57168	931.20612	-261.13743	462.25444	902.27770	75.36332	477.57799	862.18405	-269.55924	242.12515	855.53698	61.02029	270.79075	
347	3.460	851.45438	-89.88938	993.59646	869.73720	-86.84186	808.29597	982.64412	-69.05533	973.71763	949.84035	-8.58861	654.16638	972.37916	-181.56584	675.96589	859.97236	-135.83088	728.16690	1016.11874	-34.33123	399.61897	957.23468	8.22297	358.77761	810.27083	-10.75711	134.81080	838.27857	-77.01145	139.75035	799.30132	-59.57056	172.25683	860.24809	-31.72511	107.09841	922.19070	-136.93656	385.29866	884.66293	-199.62861	358.08938	818.30858	-209.44564	89.28046	795.39400	-145.16067	104.31317	768.97201	-191.08821	126.38278	851.68899	-163.34667	74.99591	850.09835	-66.70986	717.42090	934.97224	-262.23277	462.62194	919.60357	75.54264	478.91281	862.99904	-270.60687	242.75397	880.82196	60.45278	270.94737	
348	3.470	862.86466	-90.07127	994.33289	879.02802	-86.06185	808.59847	993.66943	-68.52839	972.96739	961.29590	-8.95419	654.12455	980.67442	-182.25004	676.29254	868.74708	-134.08466	727.74986	1035.88451	-35.33301	404.49580	979.27136	7.51803	361.34574	840.91791	-11.02449	132.25978	867.95784	-77.52670	138.40280	827.88077	-59.53756	169.26174	891.73822	-32.65671	106.80438	925.30344	-138.51622	385.14760	886.87449	-200.88948	358.83222	819.32856	-209.43724	90.05429	796.91958	-145.15220	105.41793	770.38592	-190.91225	127.59415	852.81686	-163.45643	75.24618	860.03858	-64.85483	716.51742	938.68934	-263.22778	462.80871	937.41547	75.58505	479.77261	864.02589	-271.53872	243.22621	906.97383	60.13731	270.68147	
349	3.480	874.40634	-90.27195	994.51842	888.29219	-85.12204	808.36474	1004.85032	-68.02064	971.59475	972.80743	-9.35794	653.47562	988.75252	-182.92539	676.24539	877.33972	-132.09260	726.76551	1055.18399	-36.99167	408.88710	1001.25065	6.54588	363.52659	872.32329	-10.63626	129.36559	897.95969	-77.49444	136.65375	856.91373	-58.75445	165.76082	923.75526	-33.17976	106.25135	928.70287	-139.94724	384.74518	889.33651	-201.97996	359.34876	820.20653	-209.41872	90.70636	798.34345	-145.12536	106.39668	771.70530	-190.69637	128.72042	853.82615	-163.57835	75.41727	869.90256	-62.77567	714.92061	942.38961	-264.12352	462.80993	955.62686	75.44150	480.21518	865.15488	-272.33941	243.55257	933.75715	60.00949	270.07441	
350	3.490	886.07343	-90.42461	994.16454	897.59723	-84.02271	807.61966	1016.18954	-67.49216	969.65451	984.41808	-9.82319	652.26150	996.69609	-183.60008	675.85526	885.85324	-129.90524	725.27700	1073.89774	-39.27806	412.71879	1022.98282	5.29261	365.30548	904.30312	-9.69485	126.16773	928.18699	-76.98851	134.47149	886.28249	-57.35658	161.74347	956.14162	-33.32461	105.45061	932.34099	-141.21797	384.10426	892.01358	-202.90237	359.65931	820.88766	-209.34537	91.25799	799.64197	-145.02643	107.25636	772.87564	-190.36998	129.77192	854.68413	-163.68391	75.51943	879.77747	-60.53001	712.71158	946.11871	-264.91842	462.62373	974.11603	75.07244	480.29516	866.28559	-272.99327	243.75691	960.90246	59.99367	269.18940	
351	3.500	897.85791	-90.46188	993.29472	907.01637	-82.77462	806.39815	1027.68688	-66.90159	967.21632	996.17278	-10.36486	650.53885	1004.60468	-184.27811	675.15194	894.40322	-127.58132	723.35458	1091.92514	-42.13232	415.91397	1044.28000	3.75745	366.65657	936.62122	-8.33071	122.70341	958.48797	-76.10828	131.84181	915.82266	-55.49678	157.22213	988.68305	-33.15765	104.40562	936.19177	-142.32556	383.24411	894.89025	-203.66120	359.78907	821.34538	-209.18314	91.73949	800.81168	-144.81318	108.01449	773.87251	-189.87801	130.77012	855.37885	-163.75098	75.56546	889.75784	-58.18105	709.98589	949.93669	-265.61203	462.25206	992.73926	74.44939	480.05306	867.34810	-273.48986	243.87234	988.12319	60.01047	268.06477	
352	3.510	909.75078	-90.31979	991.94226	916.62582	-81.39804	804.74251	1039.34003	-66.20854	964.36032	1008.11622	-10.98908	648.37380	1012.58968	-184.96037	674.16222	903.11086	-125.18410	721.07110	1109.19228	-45.47272	418.39515	1064.97050	1.95199	367.54165	968.98333	-6.69007	119.00755	988.64425	-74.97005	128.77029	945.31264	-53.33283	152.23557	1021.10176	-32.77353	103.11143	940.26112	-143.27822	382.18564	897.97990	-204.26486	359.76310	821.58954	-208.91612	92.18550	801.87351	-144.46373	108.69700	774.71000	-189.19316	131.74536	855.92330	-163.76839	75.56780	899.93964	-55.79291	706.84658	953.91796	-266.20758	461.70040	1011.34571	73.55652	479.50908	868.32042	-273.82792	243.93548	1015.12987	59.98372	266.71271	
353	3.520	921.74292	-89.94135	990.14824	926.50143	-79.92163	802.70024	1051.14515	-65.37580	961.17299	1020.28994	-11.69327	645.83774	1020.76836	-185.64575	672.90821	912.09551	-122.77834	718.49809	1125.65674	-49.20362	420.08938	1084.91040	-0.10051	367.91332	1001.03485	-4.92237	115.11287	1018.36644	-73.69716	125.28223	974.46824	-51.01711	146.84870	1053.05566	-32.28368	101.55581	944.59247	-144.09458	380.94627	901.33005	-204.72591	359.60078	821.66992	-208.55005	92.63013	802.87467	-143.98117	109.33518	775.44438	-188.32235	132.73354	856.35625	-163.73774	75.53576	910.41395	-53.42704	703.39821	958.15020	-266.71292	460.97605	1029.79145	72.39215	478.66260	869.23957	-274.01723	243.98014	1041.64001	59.84624	265.12321	
354	3.530	933.82563	-89.27976	987.96001	936.71507	-78.38120	800.32250	1063.09717	-64.37145	957.74321	1032.72891	-12.46665	643.00465	1029.25727	-186.33198	671.40644	921.46745	-120.42824	715.70311	1141.30867	-53.22166	420.93569	1103.99064	-2.36533	367.72199	1032.36461	-3.16830	111.05031	1047.29898	-72.40942	121.42082	1002.94489	-48.68845	141.14953	1084.14532	-31.80238	99.72232	949.26729	-144.80050	379.53533	905.02336	-205.05978	359.31081	821.67464	-208.11144	93.10275	803.88776	-143.39333	109.96211	776.17287	-187.30646	133.77255	856.73991	-163.67238	75.47321	921.26047	-51.14016	699.74276	962.73246	-267.13968	460.08551	1047.95081	70.97026	477.49712	870.20455	-274.07785	244.03105	1067.38379	59.54483	263.27205	
355	3.540	945.99093	-88.30103	985.43009	947.33087	-76.81863	797.66327	1075.18987	-63.17072	954.15916	1045.45748	-13.29069	639.95014	1038.16568	-187.01584	669.66767	931.32124	-118.19631	712.74830	1156.16770	-57.41932	420.89399	1122.13887	-4.79599	366.92569	1062.51670	-1.54884	106.84995	1075.03530	-71.21256	117.24457	1030.34898	-46.46560	135.24384	1113.92975	-31.43208	97.59528	954.40081	-145.42414	377.95061	909.17411	-205.28229	358.88742	821.72450	-207.64262	93.62515	805.00741	-142.74800	110.60935	777.02788	-186.21369	134.89866	857.15501	-163.59391	75.37752	932.54152	-48.98361	695.97741	967.77236	-267.50084	459.03140	1065.72284	69.32159	475.98966	871.37124	-274.03723	244.09895	1092.10630	59.04457	261.13102	
356	3.550	958.23156	-86.98617	982.61570	958.40147	-75.28057	794.77933	1087.41567	-61.75758	950.50585	1058.48526	-14.13949	636.75172	1047.58942	-187.69254	667.69746	941.73015	-116.14290	709.69050	1170.27599	-61.68606	419.95407	1139.31604	-7.33343	365.50110	1091.01157	-0.15580	102.54295	1101.14270	-70.18836	112.82491	1056.25876	-44.44151	129.24922	1141.95079	-31.24987	95.16625	960.13359	-145.98996	376.17693	913.92097	-205.40635	358.30875	821.96431	-207.19409	94.21037	806.34514	-142.10479	111.30424	778.16817	-185.12830	136.14355	857.69457	-163.52722	75.24000	944.29687	-47.00395	692.19439	973.38289	-267.80725	457.80975	1083.03214	67.49461	474.12254	872.94022	-273.92559	244.17780	1115.56867	58.33283	258.67866	
357	3.560	970.54077	-85.33281	979.57872	969.96465	-73.81723	791.73072	1099.76523	-60.12605	946.86363	1071.80332	-14.98005	633.49001	1057.60552	-188.35450	665.49785	952.74202	-114.32601	706.58253	1183.68833	-65.90756	418.14370	1155.50866	-9.90509	363.45395	1117.37620	0.95561	98.16463	1125.19512	-69.38643	108.24468	1080.25386	-42.67817	123.28924	1167.76474	-31.29691	92.44120	966.62014	-146.51282	374.18722	919.41699	-205.43874	357.53768	822.55298	-206.81570	94.86358	808.02325	-141.52519	112.06852	779.76827	-184.13689	137.53239	858.45745	-163.49509	75.04815	956.53987	-45.24421	688.48217	979.67881	-268.06369	456.40835	1099.82401	65.55572	471.89532	875.13993	-273.77046	244.24472	1137.55009	57.42298	255.90970	
358	3.570	982.91188	-83.35640	976.38596	982.04046	-72.48072	788.58158	1112.22691	-58.28106	943.30742	1085.38127	-15.77263	630.25006	1068.26794	-188.98946	663.06985	964.37671	-112.80081	703.47540	1196.46058	-69.96397	415.53405	1170.71811	-12.42422	360.82698	1141.18099	1.77146	93.75841	1146.81032	-68.81872	103.59753	1101.95054	-41.20219	117.48885	1190.97806	-31.57253	89.44712	974.01613	-146.99294	371.94614	925.81833	-205.37725	356.52546	823.65367	-206.54829	95.58487	810.16866	-141.06274	112.91838	782.00780	-183.31488	139.08316	859.54299	-163.51351	74.78957	969.25528	-43.74512	684.92742	986.77287	-268.26535	454.80697	1116.05514	63.58883	469.33466	878.20773	-273.59130	244.26272	1157.85290	56.35708	252.84215	
359	3.580	995.33783	-81.09061	973.10952	994.62910	-71.32306	785.40096	1124.78616	-56.23885	939.90663	1099.16590	-16.47133	627.12194	1079.60458	-189.57871	660.41684	976.62525	-111.61827	700.42086	1208.63818	-73.72855	412.24143	1184.94927	-14.79032	357.70405	1162.07929	2.32011	89.37980	1165.68685	-68.45789	98.98749	1121.03849	-40.00213	111.97084	1211.28302	-32.03401	86.23656	982.46576	-147.41280	369.41632	933.27315	-205.20909	355.21777	825.42516	-206.41716	96.37355	812.90741	-140.75500	113.86611	785.06174	-182.71532	140.80755	861.04759	-163.58870	74.45738	982.39920	-42.54553	681.61684	994.77171	-268.39548	452.97977	1131.68208	61.69364	466.50024	882.37161	-273.39523	244.18617	1176.31105	55.20689	249.52128	
360	3.590	1007.81061	-78.58706	969.82694	1007.70974	-70.39365	782.26322	1137.42507	-54.02672	936.72556	1113.08178	-17.02536	624.20019	1091.61583	-190.09554	657.54864	989.45080	-110.82279	697.47371	1220.24633	-77.06781	408.42415	1198.20030	-16.89124	354.20923	1179.84364	2.66856	85.09877	1181.63564	-68.24033	94.52769	1137.31371	-39.02886	106.85269	1228.48822	-32.60248	82.88839	992.09080	-147.73658	366.56651	941.91161	-204.91083	353.56292	828.01496	-206.42849	97.23349	816.36033	-140.61841	114.92312	789.09217	-182.36179	142.71332	863.06364	-163.71622	74.05633	995.90117	-41.68157	678.63786	1003.77156	-268.42494	450.90027	1146.65025	59.98227	463.48564	887.83440	-273.17453	243.96843	1192.80104	54.07176	246.01987	
361	3.600	1020.32079	-75.91405	966.62088	1021.24047	-69.73621	779.24780	1150.12196	-51.68216	933.82390	1127.03427	-17.38116	621.58142	1104.27448	-190.50474	654.48577	1002.79127	-110.44855	694.69319	1231.28354	-79.84445	404.27400	1210.45536	-18.60759	350.50018	1194.39224	2.91380	80.99901	1194.60118	-68.07427	90.33690	1150.70191	-38.20052	102.24279	1242.53900	-33.17421	79.50412	1002.98215	-147.91262	363.38079	951.83795	-204.45013	351.52118	831.55442	-206.56908	98.17867	820.63993	-140.64684	116.10367	794.24159	-182.24603	144.80752	865.68075	-163.88246	73.60874	1009.66857	-41.18410	676.07780	1013.85351	-268.31379	448.54841	1160.88636	58.57393	460.41391	894.76152	-272.90671	243.57095	1207.25252	53.07267	242.43469	
362	3.610	1032.85718	-73.15416	963.57802	1035.15939	-69.38530	776.43791	1162.85131	-49.25125	931.25717	1140.91482	-17.48535	619.36033	1117.52732	-190.76332	651.26342	1016.56347	-110.51508	692.14311	1241.71958	-81.92359	400.00250	1221.68150	-19.81978	346.75644	1205.79998	3.16938	77.17296	1204.66844	-67.85246	86.53311	1161.26781	-37.41271	98.23498	1253.52409	-33.63581	76.19947	1015.19465	-147.87864	359.86766	963.12482	-203.78916	349.07418	836.15553	-206.80926	99.23793	825.84849	-140.81358	117.42863	800.62765	-182.33031	147.10022	868.98880	-164.06817	73.15916	1023.59306	-41.07474	674.02093	1025.07865	-268.01504	445.91895	1174.29648	57.58721	457.42822	903.27259	-272.55694	242.97273	1219.65535	52.34197	238.87885	
363	3.620	1045.40658	-70.40067	960.78707	1049.38700	-69.36282	773.91812	1175.58401	-46.78634	929.07674	1154.60823	-17.28863	617.62403	1131.29808	-190.82264	647.93446	1030.66854	-111.02254	689.89037	1251.49843	-83.18247	395.82308	1231.83007	-20.41742	343.16337	1214.29060	3.54879	73.71264	1212.05400	-67.46801	83.22429	1169.20751	-36.55353	94.90137	1261.66641	-33.88071	73.09260	1028.74509	-147.56926	356.06757	975.81007	-202.88919	346.23322	841.90913	-207.10829	100.45774	832.07696	-141.07627	118.92798	808.33889	-182.55376	149.60744	873.08180	-164.25323	72.77640	1037.55848	-41.36099	672.54381	1037.48331	-267.47988	443.02998	1186.77077	57.13046	454.67878	913.43671	-272.08276	242.17906	1230.06005	52.00964	235.47082	
364	3.630	1057.95378	-67.75269	958.33581	1063.82970	-69.67474	771.77079	1188.28804	-44.34329	927.32937	1168.00117	-16.74998	616.44567	1145.49179	-190.63194	644.57080	1044.99807	-111.94769	688.00193	1260.54597	-83.52269	391.93148	1240.84243	-20.31026	339.89413	1220.20981	4.14779	70.69807	1217.08221	-66.83114	80.49771	1174.82470	-35.52181	92.28454	1267.29911	-33.82444	70.29108	1043.61306	-146.92439	352.05767	989.89572	-201.71588	343.04513	848.88431	-207.42112	101.90181	839.40443	-141.38355	120.64121	817.43153	-182.84124	152.35244	878.06153	-164.42156	72.55188	1051.44945	-42.03138	671.70927	1051.07480	-266.66377	439.92982	1198.19411	57.29080	452.30771	925.27086	-271.44029	241.22785	1238.57021	52.18755	232.32149	
365	3.640	1070.48171	-65.30930	956.30715	1078.38433	-70.30876	770.07173	1200.92952	-41.97818	926.05600	1180.99087	-15.84090	615.87809	1160.00026	-190.14286	641.26255	1059.44070	-113.24160	686.54062	1268.78149	-82.88343	388.48723	1248.65928	-19.43942	337.09227	1223.98372	5.02896	68.18598	1220.15032	-65.88416	78.40993	1178.49456	-34.24556	90.39113	1270.83007	-33.41613	67.88018	1059.74413	-145.89735	347.95243	1005.34887	-200.24419	339.59444	857.12901	-207.70511	103.64671	847.89789	-141.68227	122.61464	827.92764	-183.11333	155.36421	884.03992	-164.56504	72.59353	1065.15980	-43.05182	671.56012	1065.82848	-265.53222	436.70082	1208.46092	58.12340	450.43397	938.74145	-270.59082	240.19222	1245.32781	52.95421	229.52177	
366	3.650	1082.97183	-63.16298	954.77467	1092.94338	-71.23320	768.88520	1213.47423	-39.74403	925.28998	1193.49292	-14.54874	615.94849	1174.70833	-189.31430	638.11453	1073.88837	-114.82990	685.56018	1276.13144	-81.25345	385.59977	1255.23233	-17.78727	334.85820	1226.07008	6.21088	66.20215	1221.68841	-64.61196	76.98016	1180.62205	-32.69701	89.18949	1272.70091	-32.64473	65.91493	1077.05471	-144.46102	343.89961	1022.10438	-198.46240	336.00115	866.67169	-207.92546	105.77305	857.61207	-141.92395	124.89545	839.81531	-183.29578	158.67281	891.13905	-164.68529	73.01526	1078.59956	-44.36428	672.11366	1081.68677	-264.06556	433.45868	1217.49126	59.64257	449.14079	953.76870	-269.50687	239.17813	1250.49473	54.34240	227.13333	
367	3.660	1095.40469	-61.39284	953.79786	1107.40050	-72.39777	768.25912	1225.88936	-37.68755	925.05470	1205.44716	-12.87885	616.65510	1189.50046	-188.11699	635.24026	1088.24181	-116.61627	685.10034	1282.54319	-78.67922	383.32186	1260.53692	-15.38413	333.24190	1226.91152	7.66407	64.73950	1222.12077	-63.04619	76.18866	1181.60236	-30.90125	88.61297	1273.34698	-31.53943	64.41713	1095.43778	-142.61134	340.07137	1040.06884	-196.37449	332.41393	877.52447	-208.05838	108.35287	868.58927	-142.06949	127.52279	853.05137	-183.32726	162.30150	899.48840	-164.79260	73.92283	1091.70004	-45.88858	673.35795	1098.56032	-262.26192	430.34673	1225.24519	61.81674	448.46763	970.23394	-268.17666	238.31625	1254.23494	56.33190	225.18481	
368	3.670	1107.76066	-60.05840	953.41767	1121.65596	-73.73619	768.22087	1238.14552	-35.84636	925.36104	1216.82082	-10.85485	617.96654	1204.26717	-186.53698	632.75366	1102.41490	-118.48903	685.18242	1287.99692	-75.26683	381.65159	1264.58392	-12.31037	332.24338	1226.89881	9.31423	63.76259	1221.83458	-61.26232	75.98100	1181.79013	-28.93631	88.56915	1273.16445	-30.16475	63.37741	1114.76917	-140.36744	336.65138	1059.12572	-194.00068	328.99913	889.68722	-208.09144	111.43469	880.85930	-142.09157	130.51713	867.56712	-183.16459	166.25678	909.21919	-164.90223	75.39793	1104.41613	-47.52774	675.25075	1116.33174	-260.13808	427.52536	1231.73284	64.56850	448.40812	987.98973	-266.60619	237.74865	1256.70220	58.84876	223.67388	
369	3.680	1120.02087	-59.19444	953.65289	1135.62144	-75.17058	768.77432	1250.21871	-34.24692	926.20487	1227.60876	-8.51700	619.82392	1218.91074	-184.57747	630.75952	1116.33753	-120.33049	685.80622	1292.51390	-71.17625	380.54228	1267.42903	-8.69285	331.82013	1226.34899	11.05213	63.21691	1221.15923	-59.37012	76.27723	1181.48111	-26.92429	88.95325	1272.48816	-28.61145	62.76123	1134.91400	-137.76899	333.81938	1079.14149	-191.37599	325.92698	903.15230	-208.02161	115.02877	894.43933	-141.97479	133.86997	883.27682	-182.78492	170.51797	920.45634	-165.02850	77.48308	1116.72600	-49.17635	677.72119	1134.86152	-257.72831	425.15804	1237.01881	67.78048	448.91406	1006.87201	-264.81868	237.61144	1258.03590	61.77143	222.57417	
370	3.690	1132.16820	-58.80775	954.49775	1149.22397	-76.61741	769.89860	1262.09214	-32.90331	927.56493	1237.83089	-5.91898	622.14555	1233.34977	-182.25872	629.34361	1129.95704	-122.02771	686.94838	1296.16015	-66.60773	379.91749	1269.17812	-4.69538	331.89957	1225.49896	12.74857	63.04008	1220.35688	-57.49898	76.98385	1180.90657	-25.01494	89.66269	1271.58145	-26.98459	62.51700	1155.73307	-134.87146	331.73521	1099.97227	-188.54735	323.35656	917.90907	-207.85133	119.09545	909.33394	-141.71387	137.53596	900.08771	-182.18509	175.02893	933.30915	-165.17834	80.17006	1128.62839	-50.73093	680.67409	1153.99564	-255.08136	423.39563	1241.22015	71.30626	449.90453	1026.71338	-262.85125	238.01597	1258.36498	64.94323	221.84466	
371	3.700	1144.18836	-58.87608	955.92126	1162.40853	-77.99408	771.54860	1273.75771	-31.81697	929.40162	1247.52731	-3.12343	624.83349	1247.52206	-179.61620	628.56399	1143.23826	-123.48319	688.56242	1299.04535	-61.78195	379.68730	1269.98686	-0.50399	332.39311	1224.51210	14.27208	63.17202	1219.62277	-55.78055	78.00596	1180.23789	-23.36400	90.60949	1270.63657	-25.39056	62.58441	1177.08910	-131.74029	330.52468	1121.47100	-185.56944	321.42183	933.94731	-207.58416	123.53946	925.53538	-141.31071	141.42951	917.91020	-181.37875	179.69379	947.86221	-165.34562	83.39445	1140.13831	-52.10074	683.99620	1173.57450	-252.25616	422.36147	1244.49850	74.98500	451.27809	1047.35593	-260.74963	239.03174	1257.81709	68.18944	221.43889	
372	3.710	1156.07089	-59.34958	957.86818	1175.13941	-79.22561	773.65743	1285.21693	-30.97751	931.65677	1256.75223	-0.19703	627.78099	1261.38574	-176.69723	628.44450	1156.16241	-124.62402	690.58053	1301.31695	-56.91671	379.76195	1270.05388	3.69130	333.20882	1223.49309	15.50683	63.56139	1219.09199	-54.33100	79.25706	1179.59716	-22.11007	91.72783	1269.78276	-23.92434	62.90137	1198.85244	-128.44510	330.26929	1143.49449	-182.49993	320.22038	951.25894	-207.22080	128.21229	943.02429	-140.77092	145.42714	936.66634	-180.39167	184.37873	964.16826	-165.50805	87.03782	1151.28192	-53.21722	687.56347	1193.44204	-249.31679	422.13930	1247.04723	78.65741	452.92561	1068.66205	-258.56176	240.67427	1256.52904	71.33687	221.31202	
373	3.720	1167.81008	-60.15466	960.26182	1187.40022	-80.25052	776.14038	1296.48122	-30.36442	934.25473	1265.56752	2.79423	630.87990	1274.91852	-173.55696	628.97140	1168.72520	-125.40801	692.91679	1303.15007	-52.20435	380.06067	1269.60771	7.71565	334.26059	1222.50586	16.36837	64.16768	1218.84943	-53.23555	80.66511	1179.06963	-21.35346	92.97561	1269.09848	-22.65886	63.40885	1220.90607	-125.05431	331.00112	1165.91018	-179.39468	319.80643	969.83764	-206.75658	132.92300	961.77085	-140.10057	149.37581	956.29516	-179.25625	188.91996	982.24407	-165.62730	90.93777	1162.09148	-54.04070	691.24851	1213.45467	-246.32720	422.76572	1249.07538	82.18077	454.74162	1090.52163	-256.33140	242.90064	1254.65422	74.23306	221.42465	
374	3.730	1179.40566	-61.19985	963.00828	1199.19281	-81.02533	778.90011	1307.57146	-29.94942	937.10485	1274.03686	5.78891	634.02717	1288.11540	-170.25415	630.09357	1180.93433	-125.82621	695.47155	1304.73402	-47.79359	380.51487	1268.88891	11.42646	335.47285	1221.59059	16.81493	64.95922	1218.94020	-52.53757	82.17436	1178.71453	-21.14068	94.33069	1268.62463	-21.63737	64.05331	1243.14930	-121.63064	332.70348	1188.60175	-176.30317	320.18891	989.67676	-206.18061	137.45640	981.73674	-139.30352	153.10604	976.75434	-178.00569	193.13730	1002.07034	-165.65253	94.90456	1172.60120	-54.56332	694.92737	1233.48893	-243.34609	424.22809	1250.79051	85.44068	456.63276	1112.85487	-254.09295	245.61394	1252.36455	76.76239	221.74361	
375	3.740	1190.86317	-62.38313	966.00181	1210.53523	-81.52733	781.83241	1318.51693	-29.69948	940.10505	1282.22130	8.73303	637.12998	1300.98516	-166.84756	631.72610	1192.80681	-125.90151	698.13658	1306.25671	-43.77890	381.06707	1268.13010	14.72563	336.78167	1220.77645	16.85270	65.90882	1219.37863	-52.23355	83.74372	1178.57263	-21.45712	95.78356	1268.37633	-20.87010	64.78730	1265.49955	-118.22733	335.31676	1211.47308	-173.26464	321.33432	1010.76613	-205.47658	141.59570	1002.87772	-138.37941	156.44789	998.01852	-176.66853	196.85113	1023.59509	-165.52654	98.74156	1182.84418	-54.80789	698.48525	1253.44719	-240.42238	426.46783	1252.38294	88.35844	458.52277	1135.61078	-251.86810	248.67617	1249.84601	78.85693	222.24050	
376	3.750	1202.19411	-63.59991	969.13074	1221.45917	-81.75522	784.83211	1329.35361	-29.57987	943.14656	1290.17644	11.58158	640.10911	1313.54635	-163.39321	633.75692	1204.36621	-125.68386	700.80065	1307.88867	-40.19872	381.66761	1267.53706	17.56526	338.13352	1220.08916	16.53427	66.98894	1220.15534	-52.27490	85.34300	1178.67005	-22.22909	97.32881	1268.35204	-20.33528	65.56907	1287.89191	-114.88514	338.74822	1234.44996	-170.30524	323.17396	1033.08881	-204.62477	145.14595	1025.14675	-137.32251	159.24713	1020.07548	-175.26409	199.89989	1046.74006	-165.19315	102.26647	1192.85090	-54.82323	701.82088	1273.26058	-237.59167	429.38832	1254.01363	90.89325	460.35412	1158.76208	-249.66461	251.92733	1247.28871	80.50040	222.88912	
377	3.760	1213.41553	-64.75105	972.28339	1232.00711	-81.72791	787.79853	1340.12201	-29.55720	946.11913	1297.95154	14.29896	642.90073	1325.82322	-159.94265	636.05545	1215.64019	-125.24300	703.35495	1309.76896	-37.04190	382.27129	1267.27387	19.94611	339.48332	1219.55331	15.95047	68.16815	1221.24238	-52.57595	86.94849	1179.01924	-23.33478	98.95779	1268.53962	-19.98437	66.36171	1310.27630	-111.63017	342.88388	1257.47916	-167.43629	325.61378	1056.61865	-203.60444	147.95437	1048.49720	-136.12152	161.37920	1042.92139	-173.79937	202.15520	1071.40861	-164.60420	105.32975	1202.64892	-54.67679	704.84942	1292.88872	-234.87392	432.86611	1255.80734	93.03990	462.08714	1182.29790	-247.47696	255.20696	1244.87365	81.72508	223.66287	
378	3.770	1224.54948	-65.74995	975.35368	1242.22948	-81.48158	790.64013	1350.86483	-29.60217	948.91664	1305.59020	16.85855	645.45672	1337.84228	-156.54223	638.48233	1226.65848	-124.65981	705.69818	1311.99481	-34.26015	382.83547	1267.45400	21.90999	340.79280	1219.19073	15.21720	69.40979	1222.59727	-53.02686	88.53931	1179.61853	-24.62181	100.65406	1268.91981	-19.75063	67.13270	1332.61251	-108.47258	347.60063	1280.52475	-164.65395	328.54569	1081.31933	-202.39616	149.92415	1072.88556	-134.76024	162.75885	1066.55621	-172.26802	203.53212	1097.49380	-163.72455	107.82768	1212.26374	-54.44574	707.50417	1312.31613	-232.27275	436.76349	1257.85135	94.82290	463.69754	1206.21567	-245.28831	258.37412	1242.75896	82.60253	224.53299	
379	3.780	1235.62196	-66.52837	978.24569	1252.18192	-81.06551	793.27790	1361.62447	-29.69159	951.44224	1313.13228	19.24168	647.74393	1349.62990	-153.23312	640.89923	1237.45144	-124.01747	707.74083	1314.61679	-31.78356	383.31996	1268.13796	23.52776	342.02997	1219.01694	14.45924	70.67318	1224.16641	-53.50914	90.09521	1180.45172	-25.92827	102.39214	1269.46800	-19.55930	67.85392	1354.86370	-105.40665	352.77660	1303.56208	-161.94013	331.85819	1107.14503	-200.98338	151.01990	1098.27277	-133.21910	163.34452	1090.98010	-170.65155	203.99331	1124.88524	-162.53423	109.70841	1221.72028	-54.20797	709.73720	1331.54579	-229.77636	440.94055	1260.19918	96.28835	465.17311	1230.51339	-243.07345	261.32224	1241.06820	83.22990	225.46810	
380	3.790	1246.66170	-67.04036	980.87721	1261.92300	-80.53711	795.64757	1372.44079	-29.80978	953.61302	1320.61653	21.43635	649.74264	1361.21105	-150.05167	643.17774	1248.04943	-123.39335	709.40858	1317.64019	-29.53587	383.68859	1269.33731	24.88558	343.16946	1219.03740	13.79400	71.91674	1225.88871	-53.91114	91.59607	1181.48892	-27.10357	104.13959	1270.15516	-19.33798	68.50228	1376.98924	-102.41201	358.29859	1326.57010	-159.26467	335.44515	1134.04221	-199.35317	151.26449	1124.62361	-131.47751	163.13735	1116.19048	-168.92283	203.54687	1153.47376	-161.02724	110.97064	1231.04475	-54.03377	711.51899	1350.59065	-227.36018	445.26507	1262.87771	97.49522	466.51050	1255.18337	-240.80198	263.98639	1239.88276	83.71449	226.43522	
381	3.800	1257.69876	-67.26429	983.18183	1271.51229	-79.95673	797.70038	1383.34918	-29.94910	955.36348	1328.08349	23.43606	651.44455	1372.60933	-147.02982	645.20657	1258.48285	-122.85253	710.64447	1321.03231	-27.44708	383.91135	1271.02371	26.07161	344.19333	1219.24517	13.31763	73.10226	1227.69962	-54.14129	93.02291	1182.68912	-28.02564	105.86113	1270.94895	-19.02560	69.06055	1398.93817	-99.45630	364.06544	1349.52315	-156.58842	339.21121	1161.95172	-197.49606	150.72860	1151.90352	-129.51657	162.17558	1142.17959	-167.05127	202.23891	1183.15312	-159.20777	111.65597	1240.26644	-53.97938	712.83734	1369.46442	-224.99048	449.61911	1265.89600	98.50707	467.71218	1280.20769	-238.44142	266.34232	1239.23938	84.15873	227.40186	
382	3.810	1268.76309	-67.20276	985.10983	1281.00892	-79.38278	799.40263	1394.37910	-30.10973	956.64781	1335.57798	25.23889	652.85051	1383.84807	-144.19524	646.89659	1268.78297	-122.44329	711.40993	1324.73454	-25.46183	383.96649	1273.14155	27.16516	345.09184	1219.62071	13.09542	74.19904	1229.53563	-54.13714	94.35972	1184.00450	-28.61248	107.52393	1271.81523	-18.57868	69.51820	1420.64400	-96.49866	369.98729	1372.38336	-153.86697	343.07361	1190.80985	-195.40537	149.51539	1180.07275	-127.32211	160.52563	1168.93157	-165.00908	200.14269	1213.81837	-157.08478	111.83652	1249.41935	-54.08262	713.69549	1388.17317	-222.62871	453.90159	1269.25405	99.38511	468.78399	1305.55578	-235.95988	268.39833	1239.13329	84.64814	228.33884	
383	3.820	1279.88305	-66.88082	986.62783	1290.47053	-78.86742	800.73428	1405.55312	-30.29865	957.44074	1343.15095	26.84701	653.96821	1394.95218	-141.57100	648.18342	1278.98317	-122.19474	711.68462	1328.67713	-23.54322	383.84153	1275.62225	28.22919	345.86340	1220.13413	13.15749	75.18732	1231.33913	-53.86945	95.59548	1185.38597	-28.82682	109.10259	1272.72029	-17.97453	69.87179	1442.02217	-93.49374	375.98120	1395.09484	-151.05456	346.96018	1220.54733	-193.07647	147.74330	1209.07828	-124.88737	158.27133	1196.41848	-162.77735	197.34637	1245.36097	-154.66675	111.60007	1258.54331	-54.36085	714.10958	1406.70928	-220.23549	458.02723	1272.95060	100.18326	469.73298	1331.18365	-233.32804	270.18198	1239.52626	85.24321	229.22300	
384	3.830	1291.08417	-66.34264	987.71744	1299.95274	-78.45325	801.68671	1416.88657	-30.52810	957.73706	1350.86022	28.26658	654.80976	1405.95032	-139.17479	649.02761	1289.12048	-122.11656	711.46519	1332.79457	-21.67260	383.53309	1278.39880	29.30666	346.51356	1220.74925	13.49982	76.06025	1233.06319	-53.34132	96.72583	1186.78900	-28.67416	110.58316	1273.63336	-17.21133	70.12485	1462.97042	-90.39547	381.96415	1417.58084	-148.10785	350.80441	1251.08513	-190.50653	145.52960	1238.84409	-122.21543	155.50273	1224.59481	-160.35134	193.94152	1277.66089	-151.95788	111.03505	1267.68459	-54.81130	714.10549	1425.04900	-217.77393	461.92261	1276.98923	100.94520	470.56556	1357.03410	-230.52048	271.72485	1240.35835	85.97606	230.03933	
385	3.840	1302.38800	-65.64716	988.37318	1309.50885	-78.17106	802.26014	1428.38762	-30.81371	957.55000	1358.77002	29.50800	655.38946	1416.87693	-137.01758	649.41287	1299.23700	-122.20052	710.76324	1337.03941	-19.84649	383.04526	1281.41887	30.42021	347.05276	1221.42883	14.08967	76.82431	1234.67574	-52.58325	97.75402	1188.17920	-28.19558	111.96546	1274.52927	-16.30557	70.28694	1483.37259	-87.16011	387.84501	1439.74440	-144.98931	354.53886	1282.32701	-187.69512	142.97694	1269.26092	-119.32084	152.30589	1253.39027	-157.74383	190.01374	1310.57656	-148.95699	110.21715	1276.89579	-55.41313	713.71537	1443.15392	-215.21169	465.52070	1281.38259	101.70327	471.28577	1383.03699	-227.51642	273.04842	1241.56163	86.85150	230.78196	
386	3.850	1313.81130	-64.86306	988.60006	1319.18972	-78.03858	802.46089	1440.05785	-31.17237	956.90863	1366.94927	30.58623	655.72161	1427.77367	-135.10228	649.34262	1309.38073	-122.42330	709.60274	1341.39292	-18.07173	382.38687	1284.65537	31.57464	347.49319	1222.14013	14.87388	77.49836	1236.16271	-51.64539	98.69082	1189.53675	-27.45706	113.26359	1275.39063	-15.28779	70.37225	1503.10543	-83.74854	393.51739	1461.47252	-141.67000	358.08843	1314.14893	-184.64595	140.16416	1300.17665	-116.23063	148.75480	1282.70121	-154.98637	185.63668	1343.93382	-145.65953	109.19953	1286.23503	-56.13105	712.97412	1460.97618	-212.52190	468.75553	1286.15483	102.47897	471.89364	1409.10871	-224.30022	274.15347	1243.07399	87.85143	231.45371	
387	3.860	1325.36544	-64.06351	988.41098	1329.04380	-78.06029	802.29897	1451.89311	-31.62017	955.85470	1375.46874	31.52115	655.81861	1438.68971	-133.42243	648.83578	1319.60565	-122.75021	708.01735	1345.87147	-16.36042	381.56803	1288.11362	32.76102	347.84491	1222.86010	15.78857	78.11162	1237.52958	-50.58852	99.55374	1190.85954	-26.53753	114.50495	1276.20948	-14.19745	70.39777	1522.04809	-80.12783	398.85527	1482.64349	-138.13180	361.36528	1346.38671	-181.36975	137.14197	1331.38846	-112.98448	144.90630	1312.38140	-152.12815	180.86973	1377.51538	-142.06268	108.00735	1295.76420	-56.91961	711.91614	1478.46611	-209.68319	471.55840	1291.34244	103.28441	472.38364	1435.15021	-220.86214	275.01495	1244.85150	88.94157	232.06437	
388	3.870	1337.05623	-63.32094	987.82441	1339.11697	-78.22786	801.78614	1463.88450	-32.17051	954.43932	1384.39733	32.33745	655.68933	1449.68092	-131.96153	647.92249	1329.97059	-123.13922	706.04802	1350.52853	-14.72532	380.59641	1291.83465	33.96150	348.11191	1223.57972	16.76850	78.70096	1238.80123	-49.47525	100.36539	1192.16499	-25.51729	115.72782	1276.98834	-13.07794	70.38130	1540.09292	-76.27275	403.71287	1503.13610	-134.36925	364.26704	1378.82367	-177.88784	133.93334	1362.63793	-109.63408	140.79888	1342.23348	-149.23278	175.75938	1411.05259	-138.17249	106.63756	1305.54655	-57.72783	710.57287	1495.58067	-206.67937	473.85685	1296.99356	104.12434	472.74336	1461.04368	-217.19943	275.58265	1246.87827	90.07901	232.62760	
389	3.880	1348.88400	-62.70225	986.86252	1349.45209	-78.52130	800.93472	1476.01954	-32.83243	952.71956	1393.79784	33.06404	655.33795	1460.80737	-130.69330	646.64035	1340.53689	-123.54481	703.74116	1355.45249	-13.17655	379.47373	1295.89462	35.15396	348.28829	1224.30741	17.75501	79.30787	1240.02019	-48.36264	101.15177	1193.49053	-24.46821	116.97821	1277.74061	-11.97220	70.33980	1557.15660	-72.16772	407.92973	1522.83966	-130.39087	366.67910	1411.18081	-174.23605	130.53822	1393.61038	-106.24197	136.45528	1372.00270	-146.37359	170.34381	1444.22141	-134.01183	105.06358	1315.64333	-58.50336	708.97141	1512.29063	-203.49955	475.57681	1303.16594	104.99819	472.95253	1486.64851	-213.31834	275.78732	1249.17301	91.21951	233.15703	
390	3.890	1360.84394	-62.26444	985.54996	1360.08821	-78.91033	799.75744	1488.28322	-33.60934	950.75549	1403.72274	33.73268	654.76340	1472.12972	-129.58321	645.03186	1351.36473	-123.92144	701.14773	1360.76107	-11.71994	378.19296	1300.40076	36.31576	348.35540	1225.07137	18.70173	79.97548	1241.24372	-47.29688	101.94037	1194.89334	-23.44641	118.30618	1278.49076	-10.91941	70.28809	1573.18977	-67.80985	411.34126	1541.66310	-126.22044	368.48157	1443.11212	-170.46790	126.94169	1423.93937	-102.87951	131.88894	1401.37497	-143.62784	164.65991	1476.64430	-129.62761	103.24449	1326.10996	-59.19602	707.13419	1528.58484	-200.13926	476.64797	1309.92379	105.90161	472.98250	1511.79763	-209.23674	275.55102	1251.79240	92.32352	233.66196	
391	3.900	1372.92672	-62.05100	983.91353	1371.05917	-79.35612	798.26812	1500.65898	-34.49793	948.60776	1414.21024	34.37590	653.95953	1483.70434	-128.59124	643.14329	1362.50849	-124.22615	698.32324	1366.59331	-10.35704	376.73671	1305.48449	37.42618	348.28016	1225.92111	19.57785	80.74583	1242.54048	-46.31026	102.75876	1196.44929	-22.48790	119.76226	1279.27438	-9.95283	70.23836	1588.18372	-63.21306	413.79375	1559.54173	-121.89803	369.56044	1474.20772	-166.65637	123.12465	1453.21759	-99.62440	127.11326	1429.98138	-141.07086	158.75175	1507.89945	-125.09549	101.13735	1336.99174	-59.76032	705.08014	1544.47046	-196.60301	477.01142	1317.33403	106.82735	472.79653	1536.29609	-204.98727	274.79976	1254.83083	93.36047	234.14325	
392	3.910	1385.11924	-62.08894	981.98258	1382.39184	-79.81309	796.48338	1513.12944	-35.48748	946.33586	1425.28125	35.02431	652.91620	1495.57796	-127.67602	641.02507	1374.01151	-124.42048	695.32849	1373.10017	-9.08667	375.07726	1311.29250	38.46757	348.01525	1226.92807	20.36912	81.65763	1243.98759	-45.42040	103.63368	1198.25158	-21.60688	121.39412	1280.13849	-9.09854	70.20044	1602.17279	-58.41295	415.16231	1576.44065	-117.48069	369.82142	1504.00693	-162.89330	119.07571	1481.01443	-96.55730	122.15229	1457.41082	-138.77060	152.67903	1537.53818	-120.52087	98.71083	1348.31964	-60.15695	702.82671	1559.96861	-192.90838	476.62847	1325.46244	107.76540	472.35109	1559.92328	-200.62048	273.47673	1258.41714	94.31107	234.59028	
393	3.920	1397.40544	-62.38682	979.79028	1394.10392	-80.23090	794.42506	1525.67691	-36.55947	943.99709	1436.93747	35.70340	651.62127	1507.78236	-126.79964	638.73325	1385.90098	-124.47163	692.23089	1380.43449	-7.90750	373.17849	1317.97691	39.42526	347.50150	1228.18538	21.07690	82.74476	1245.66860	-44.63118	104.59064	1200.40904	-20.79665	123.24387	1281.14208	-8.37498	70.18303	1615.23153	-53.47162	415.36918	1592.35405	-113.04274	369.20477	1532.02220	-159.28570	114.80266	1506.90027	-93.75777	117.05095	1483.23163	-136.78311	146.52417	1565.11011	-116.03493	95.95791	1360.10660	-60.35347	700.39295	1575.10638	-189.09099	475.48906	1334.37034	108.70249	471.59842	1582.44032	-196.20721	271.55388	1262.70813	95.16743	234.97962	
394	3.930	1409.76703	-62.93358	977.37537	1406.20177	-80.55667	792.12300	1538.28366	-37.68742	941.64639	1449.16085	36.43035	650.06353	1520.32983	-125.93293	636.33164	1398.18355	-124.35306	689.10581	1388.74114	-6.82116	371.00008	1325.68502	40.28661	346.67278	1229.80659	21.71570	84.03554	1247.67285	-43.93489	105.65400	1203.04399	-20.03276	125.34610	1282.35716	-7.79269	70.19570	1627.46639	-48.48112	414.39952	1607.30055	-108.67519	367.69851	1557.77340	-155.94884	110.34176	1530.47633	-91.29943	111.88248	1507.02171	-135.14957	140.39609	1590.19484	-111.78567	92.90538	1372.34492	-60.32445	697.80293	1589.90667	-185.20939	473.61862	1344.11191	109.62133	470.49056	1603.60295	-191.83939	269.04049	1267.87926	95.93157	235.27609	
395	3.940	1422.18418	-63.69850	974.78418	1418.67838	-80.73736	789.61782	1550.93191	-38.83716	939.33663	1461.91451	37.21122	648.23644	1533.21015	-125.06006	633.89380	1410.84259	-124.04491	686.03732	1398.14790	-5.83495	368.50390	1334.54954	41.03991	345.46336	1231.92325	22.30984	85.55281	1250.09594	-43.31508	106.84729	1206.28939	-19.27789	127.72663	1283.87010	-7.35412	70.25134	1639.00273	-43.56432	412.31167	1621.31524	-104.48402	365.34768	1580.82956	-152.99630	105.76279	1551.40752	-89.24465	106.75100	1528.40474	-133.89468	134.42933	1612.43722	-107.92440	89.61784	1385.00519	-60.05135	695.08924	1604.37798	-181.34859	471.08204	1354.73236	110.50001	468.98504	1623.17956	-187.62839	265.98723	1274.11276	96.61257	235.43657	
396	3.950	1434.63591	-64.63214	972.07239	1431.51202	-80.72256	786.96323	1563.60360	-39.96753	937.11951	1475.14508	38.03883	646.14235	1546.38966	-124.18204	631.50418	1423.83764	-123.53435	683.11806	1408.75740	-4.96368	365.66237	1344.67986	41.67342	343.81743	1234.68091	22.88957	87.31469	1253.04124	-42.74964	108.19336	1210.28525	-18.48804	130.40189	1285.78315	-7.05311	70.36859	1649.96851	-38.87215	409.23957	1634.44001	-100.58713	362.25741	1600.85332	-150.52832	101.16817	1569.45465	-87.63933	101.78772	1547.08820	-133.02672	128.77710	1631.58204	-104.58960	86.19507	1398.03736	-59.52265	692.29616	1618.50660	-177.62052	467.98420	1366.26653	111.31199	467.05184	1640.97199	-183.70031	262.48515	1281.58360	97.22293	235.41662	
397	3.960	1447.10045	-65.66847	969.30633	1444.66586	-80.46749	784.22730	1576.28005	-41.03146	935.04651	1488.78610	38.89202	643.79692	1559.81278	-123.31820	629.25757	1437.10655	-122.81616	680.44760	1420.64052	-4.22987	362.46785	1356.15459	42.17508	341.69975	1238.23371	23.48704	89.33564	1256.62151	-42.21379	109.71405	1215.17368	-17.61966	133.37851	1288.21555	-6.87409	70.57377	1660.47699	-34.57641	405.38562	1646.71347	-97.10972	358.58875	1617.64111	-148.62016	96.68530	1584.50112	-86.50873	97.14045	1562.89731	-132.53920	123.59842	1647.50303	-101.89064	82.76261	1411.37380	-58.73445	689.48183	1632.25287	-174.16043	464.46639	1378.73764	112.02701	464.68137	1656.83615	-180.18834	258.65936	1290.44437	97.77498	235.17959	
398	3.970	1459.55536	-66.72804	966.56310	1458.08876	-79.93621	781.49236	1588.94158	-41.97769	933.16978	1502.76226	39.73625	641.23300	1573.40597	-122.50530	627.25663	1450.57019	-121.89367	678.12926	1433.83140	-3.66200	358.94203	1369.01592	42.53330	339.10638	1242.73734	24.13251	91.62732	1260.96006	-41.68273	111.42894	1221.09292	-16.63697	136.65292	1291.30406	-6.79119	70.90154	1670.61108	-30.85843	401.00422	1658.16245	-94.17829	354.54694	1631.15159	-147.31294	92.45269	1596.56908	-85.85524	92.95783	1575.79841	-132.41390	119.04068	1660.22077	-99.89448	79.45698	1424.93456	-57.69160	686.71921	1645.55281	-171.11853	460.69882	1392.15585	112.61314	461.89246	1670.69831	-177.22272	254.65813	1300.80994	98.27776	234.70716	
399	3.980	1471.97771	-67.72223	963.92948	1471.71730	-79.10477	778.85321	1601.56718	-42.75280	931.54259	1516.99384	40.52598	638.50363	1587.08369	-121.79411	625.60731	1464.13945	-120.77985	676.26534	1448.32446	-3.29074	355.14376	1383.26576	42.73868	336.07373	1248.34084	24.85103	94.19870	1266.19067	-41.13386	113.35306	1228.17040	-15.51879	140.21039	1295.20195	-6.76748	71.39388	1680.41198	-27.89429	396.37760	1668.79649	-91.91355	350.36353	1641.51556	-146.60924	88.60220	1605.82101	-85.65911	89.37093	1585.90610	-132.62534	115.22063	1669.90515	-98.61824	76.40835	1438.63398	-56.40930	684.09530	1658.32458	-168.64741	456.86934	1406.51575	113.03975	458.73937	1682.56355	-174.91979	250.63862	1312.74381	98.73527	234.00989	
400	3.990	1484.34426	-68.55832	961.49926	1485.47912	-77.96403	776.41347	1614.13439	-43.30377	930.21903	1531.40117	41.20846	635.68324	1600.75584	-121.24381	624.41240	1477.72351	-119.49845	674.95125	1464.07372	-3.14345	351.17353	1398.86397	42.78650	332.68430	1255.17815	25.65970	97.05493	1272.45577	-40.54867	115.49336	1236.51559	-14.26425	144.02352	1300.07643	-6.75520	72.09703	1689.87398	-25.83846	391.78748	1678.60604	-90.42252	346.27472	1649.02361	-146.47443	85.24101	1612.54445	-85.88197	86.47609	1593.47126	-133.14563	112.20794	1676.86028	-98.02920	73.72420	1452.38800	-54.91485	681.70843	1670.47886	-166.88677	453.16947	1421.79287	113.28102	455.31641	1692.51396	-173.37172	246.75146	1326.24789	99.14617	233.13573	
401	4.000	1496.63187	-69.14519	959.36921	1499.29701	-76.52163	774.28042	1626.61949	-43.58066	929.25273	1545.90834	41.72877	632.86666	1614.33548	-120.91491	623.76414	1491.23837	-118.08468	674.26899	1480.99482	-3.23753	347.17342	1415.72887	42.67950	329.06766	1263.36027	26.56557	100.19465	1279.90261	-39.91422	117.84454	1246.21370	-12.89627	148.05013	1306.10391	-6.69721	73.05644	1698.94650	-24.80799	387.48695	1687.56475	-89.79073	342.49939	1654.09201	-146.84364	82.43744	1617.12160	-86.47244	84.32275	1598.85070	-133.94852	110.01522	1681.49306	-98.05222	71.47739	1466.12116	-53.24886	679.66364	1681.93085	-165.94797	449.77905	1437.93928	113.31949	451.75877	1700.69656	-172.63870	243.12666	1341.25758	99.50521	232.17439	
402	4.010	1508.81825	-69.39935	957.63374	1513.09353	-74.80295	772.55844	1638.99808	-43.53937	928.69467	1560.44623	42.03547	630.16568	1627.74602	-120.86171	623.73660	1504.61436	-116.58488	674.28089	1498.96989	-3.57386	343.32148	1433.74028	42.43035	325.39556	1272.96955	27.56438	103.60592	1288.67771	-39.22441	120.38481	1257.32121	-11.46235	152.23106	1313.46327	-6.53055	74.31027	1707.54268	-24.86993	383.67764	1695.63509	-90.07506	339.22020	1657.21259	-147.63185	80.21406	1619.98833	-87.37198	82.90873	1602.46370	-135.01088	108.59714	1684.27023	-98.58233	69.70073	1479.77214	-51.46540	678.06626	1692.61153	-165.90120	446.85166	1454.87933	113.14892	448.23843	1707.30259	-172.74439	239.86317	1357.64376	99.80592	231.25565	
403	4.020	1520.88295	-69.25073	956.37900	1526.79557	-72.85053	771.34193	1651.24598	-43.14424	928.58992	1574.95448	42.08623	627.70282	1640.92678	-121.12522	624.37904	1517.80139	-115.05485	675.02416	1517.85522	-4.13134	339.82057	1452.74562	42.06325	321.87107	1284.05689	28.63999	107.26145	1298.91980	-38.48087	123.07261	1269.86432	-10.03195	156.48876	1322.32736	-6.19186	75.88245	1715.55312	-26.03407	380.49577	1702.77625	-91.29810	336.57070	1658.89608	-148.74445	78.54945	1621.58998	-88.51915	82.18408	1604.74355	-136.31046	107.85923	1685.67121	-99.49922	68.38854	1493.29711	-49.63032	677.01419	1702.47617	-166.76758	444.50275	1472.50686	112.77619	444.95450	1712.54224	-173.67513	237.02411	1375.22250	100.04369	230.54022	
404	4.030	1532.80864	-68.64797	955.67668	1540.33827	-70.72191	770.70813	1663.34060	-42.37023	928.97376	1589.38237	41.85280	625.60296	1653.83636	-121.72783	625.71111	1530.77137	-113.55648	676.50708	1537.49131	-4.86384	336.88268	1472.56892	41.61407	318.71253	1296.64249	29.76482	111.11421	1310.75198	-37.69336	125.84560	1283.84051	-8.69044	160.72768	1332.85317	-5.62447	77.77655	1722.86240	-28.25214	378.00926	1708.95307	-93.44466	334.63000	1659.61959	-150.08554	77.38771	1622.34155	-89.85139	82.06198	1606.09331	-137.82023	107.67431	1686.14500	-100.68041	67.50400	1506.67050	-47.81756	676.58961	1711.50875	-168.51746	442.80220	1490.68539	112.22169	442.11834	1716.61982	-175.38238	234.63789	1393.77198	100.21839	230.20326	
405	4.040	1544.58258	-67.56249	955.57839	1553.66797	-68.48596	770.71080	1675.26253	-41.20456	929.86743	1603.68899	41.32458	623.98334	1666.45341	-122.67015	627.72061	1543.51733	-112.15277	678.70708	1557.71430	-5.70069	334.71047	1493.02257	41.12896	316.13400	1310.71973	30.90145	115.09490	1324.27371	-36.87925	128.62284	1299.22293	-7.52994	164.83749	1345.17162	-4.78612	79.97197	1729.36598	-31.42373	376.22508	1714.14483	-96.46106	333.42485	1659.78695	-151.56290	76.65322	1622.59831	-91.30456	82.43436	1606.85312	-139.50119	107.90303	1686.07736	-102.01103	66.99014	1519.88310	-46.10328	676.85088	1719.72192	-171.07484	441.77223	1509.25248	111.51846	439.93465	1719.71428	-177.78763	232.70468	1413.05482	100.33566	230.41232	
406	4.050	1556.19807	-65.99113	956.11106	1566.74381	-66.21785	771.37530	1686.99719	-39.64761	931.27408	1617.84254	40.51046	622.94306	1678.77495	-123.93049	630.36381	1556.04972	-110.90172	681.57098	1578.36754	-6.55087	333.47858	1513.92092	40.66134	314.32481	1326.26127	32.00564	119.11247	1339.55324	-36.06189	131.31064	1315.96651	-6.63787	168.69958	1359.37799	-3.65575	82.42336	1734.98544	-35.40743	375.10388	1718.35303	-100.25735	332.93749	1659.70701	-153.09043	76.26661	1622.63983	-92.81207	83.18869	1607.28334	-141.29688	108.41427	1685.77225	-103.38973	66.78151	1532.93814	-44.55858	677.82549	1727.15351	-174.32653	441.39069	1528.02909	110.71017	438.58071	1721.96891	-180.78890	231.20577	1432.84268	100.40641	231.30305	
407	4.060	1567.65563	-63.95699	957.27406	1579.53801	-63.99327	772.69566	1698.53647	-37.71312	933.17538	1631.81936	39.43859	622.55323	1690.81261	-125.46689	633.56833	1568.39048	-109.85001	685.01710	1599.31195	-7.31110	333.31721	1535.09452	40.26770	313.43092	1343.22585	33.03098	123.05849	1356.62145	-35.26759	133.81164	1334.01444	-6.08461	172.19636	1375.52413	-2.23792	85.06382	1739.68061	-40.03514	374.57735	1721.60772	-104.71259	333.11666	1659.59039	-154.58951	76.15840	1622.66716	-94.30532	84.22261	1607.56361	-143.13230	109.10126	1685.44754	-104.73169	66.81453	1545.84606	-43.24172	679.50503	1733.86129	-178.13396	441.59868	1546.83331	109.84818	438.18671	1723.49123	-184.26810	230.11325	1452.93957	100.44509	232.95708	
408	4.070	1578.96381	-61.50815	959.03803	1592.03496	-61.88241	774.63382	1709.87996	-35.42753	935.52936	1645.60260	38.15430	622.84919	1702.58751	-127.22114	637.23797	1580.56589	-109.02727	688.93899	1620.43382	-7.87668	334.30041	1556.40332	40.00273	313.54064	1361.56468	33.93493	126.81486	1375.46782	-34.52152	136.03577	1353.30379	-5.91206	175.22222	1393.61384	-0.56341	87.81122	1743.45771	-45.12719	374.56411	1723.97164	-109.68282	333.88896	1659.56122	-155.99079	76.27734	1622.81060	-95.71676	85.45394	1607.80476	-144.91903	109.89095	1685.24269	-105.96993	67.03456	1558.61890	-42.19106	681.84256	1739.91744	-182.34547	442.31095	1565.49728	108.98807	438.82019	1724.36214	-188.09879	229.39734	1473.20058	100.46771	235.38674	
409	4.080	1590.13934	-58.71458	961.34584	1604.22938	-59.94432	777.12121	1721.03571	-32.82869	938.26987	1659.18106	36.71631	623.82562	1714.12476	-129.12434	641.25866	1592.59959	-108.44206	693.21040	1641.64905	-8.15368	336.44036	1577.74686	39.91427	314.67691	1381.22637	34.68570	130.26404	1396.03952	-33.84284	137.91089	1373.76954	-6.12498	177.69392	1413.60238	1.31451	90.57651	1746.37293	-50.50620	374.98083	1725.54184	-115.01090	335.16850	1659.67829	-157.23746	76.59241	1623.14398	-96.98577	86.82491	1608.06829	-146.56598	110.74549	1685.23409	-107.05604	67.39906	1571.26542	-41.41995	684.75297	1745.40421	-186.80758	443.42736	1583.88439	108.18593	440.47693	1724.65102	-192.15370	229.02997	1493.54371	100.49069	238.52972	
410	4.090	1601.20657	-55.66316	964.11551	1616.12397	-58.22239	780.06252	1732.02038	-29.96387	941.30794	1672.54814	35.19165	625.43528	1725.44819	-131.10315	645.50518	1604.50658	-108.08012	697.69102	1662.90342	-8.07065	339.68821	1599.06978	40.03899	316.79677	1402.16014	35.26895	133.29948	1418.24416	-33.23994	139.39072	1395.34692	-6.68664	179.55828	1435.40061	3.32785	93.27230	1748.53135	-56.00818	375.74766	1726.44814	-120.53707	336.86364	1659.95943	-158.28932	77.08904	1623.70109	-98.06588	88.30072	1608.38761	-147.99332	111.65683	1685.45352	-107.96082	67.87721	1583.78742	-40.91452	688.11625	1750.41075	-191.37416	444.84323	1601.90385	107.49453	443.08002	1724.43245	-196.31158	228.98435	1513.95355	100.53134	242.25516	
411	4.100	1612.19625	-52.45133	967.24459	1627.72708	-56.74123	783.34114	1742.85860	-26.88726	944.53504	1685.70117	33.65003	627.59157	1736.57637	-133.08600	649.84764	1616.28936	-107.90527	702.23271	1684.16889	-7.58792	343.94090	1620.36134	40.39897	319.79798	1424.31768	35.69316	135.83456	1441.95635	-32.70653	140.45830	1417.97249	-7.51984	180.79520	1458.88362	5.40437	95.82029	1750.08127	-61.49014	376.78866	1726.84833	-126.10880	338.88079	1660.40340	-159.12687	77.76140	1624.49084	-98.93160	89.86384	1608.78637	-149.14623	112.63673	1685.90557	-108.67449	68.44684	1596.17802	-40.63461	691.78361	1755.03080	-195.91315	446.45758	1619.51953	106.95989	446.48721	1723.80026	-200.46269	229.23190	1534.47689	100.60956	246.37981	
412	4.110	1623.14359	-49.17991	970.61599	1639.05075	-55.50545	786.82586	1753.58168	-23.65720	947.82803	1698.64120	32.15805	630.17453	1747.52029	-135.00864	654.15774	1627.93648	-107.86282	706.68588	1705.43655	-6.70309	349.05229	1641.64882	40.99980	323.53138	1447.65398	35.99243	137.80827	1467.02756	-32.21945	141.12411	1441.58461	-8.51289	181.41545	1483.90279	7.47901	98.15631	1751.20434	-66.83376	378.02932	1726.92039	-131.58867	341.12607	1661.00584	-159.75339	78.60348	1625.50877	-99.58252	91.50595	1609.29039	-150.00474	113.70481	1686.58111	-109.20591	69.09003	1608.42182	-40.51791	695.58585	1759.36062	-200.31094	448.17820	1636.75126	106.61831	450.50547	1722.87533	-204.51266	229.73807	1555.21102	100.74993	250.69125	
413	4.120	1634.08586	-45.94557	974.10423	1650.10927	-54.50017	790.37834	1764.22577	-20.33311	951.05562	1711.37325	30.77394	633.03961	1758.28296	-136.81851	658.31425	1639.42403	-107.88498	710.90578	1726.70737	-5.45187	354.84683	1662.98561	41.83017	327.81699	1472.12772	36.22621	139.18696	1493.29808	-31.73845	141.41944	1466.12390	-9.53005	181.45342	1510.29957	9.50397	100.23268	1752.10222	-71.94560	379.39351	1726.85225	-136.85924	343.50593	1661.76752	-160.19411	79.60136	1626.74387	-100.04324	93.21985	1609.93233	-150.58689	114.87769	1687.46567	-109.58006	69.78889	1620.49701	-40.48652	699.34349	1763.49660	-204.47445	449.92394	1653.66807	106.49414	454.91055	1721.80532	-208.38417	230.45923	1576.28633	100.98275	254.97336	
414	4.130	1645.05979	-42.83382	977.58204	1660.91871	-53.69330	793.86042	1774.82957	-16.97260	954.08556	1723.90704	29.54350	636.02835	1768.86100	-138.47742	662.20758	1650.71949	-107.89759	714.75860	1747.98203	-3.90448	361.13369	1684.43566	42.86297	332.46131	1497.70127	36.47540	139.96222	1520.60950	-31.20839	141.38642	1491.53402	-10.42432	180.95654	1537.91888	11.45587	102.01811	1752.98111	-76.75415	380.80188	1726.83018	-141.82476	345.92785	1662.69515	-160.49151	80.72870	1628.18126	-100.35843	94.99301	1610.74936	-150.94404	116.16120	1688.54267	-109.83349	70.52249	1632.37901	-40.45505	702.87781	1767.53230	-208.33143	451.62448	1670.37477	106.59839	459.46862	1720.75631	-212.01665	231.34154	1597.84550	101.34302	259.02975	
415	4.140	1656.09896	-39.91297	980.92644	1671.49707	-53.03908	797.14117	1785.43195	-13.62870	956.79206	1736.25789	28.49740	638.97962	1779.24786	-139.96246	665.74349	1661.78768	-107.82711	718.12697	1769.25129	-2.15843	367.71940	1706.05676	44.05746	337.27346	1524.34024	36.83542	140.14597	1548.81583	-30.56353	141.06710	1517.76243	-11.05110	179.97352	1566.61987	13.33838	103.49560	1754.03576	-81.20513	382.17264	1727.02705	-146.41026	348.30188	1663.79650	-160.69729	81.94610	1629.80157	-100.58370	96.80400	1611.77614	-151.14913	117.54678	1689.79277	-110.00808	71.26573	1644.04513	-40.33918	706.02191	1771.55544	-211.82920	453.21886	1686.99430	106.92808	463.95712	1719.89798	-215.36422	232.32240	1620.02198	101.86717	262.70108	
416	4.150	1667.23144	-37.22980	984.02398	1681.86523	-52.48249	800.10268	1796.06965	-10.34756	959.06280	1748.44779	27.65039	641.74048	1789.43800	-141.26506	668.84567	1672.59781	-107.60722	720.91488	1790.48839	-0.32894	374.41803	1727.88517	45.36228	342.07830	1552.01206	37.40680	139.76389	1577.79117	-29.73372	140.49363	1544.76091	-11.28082	178.54382	1596.28225	15.18017	104.65919	1755.43500	-85.25630	383.42485	1727.59170	-150.55886	350.54330	1665.07251	-160.86241	83.20435	1631.57902	-100.77403	98.62239	1613.03549	-151.28030	119.01224	1691.19119	-110.14377	71.99016	1655.47972	-40.06351	708.63086	1775.64485	-214.93235	454.65360	1703.64920	107.46642	468.18208	1719.38540	-218.39266	233.33403	1642.92052	102.58801	265.87435	
417	4.160	1678.47805	-34.80715	986.77497	1692.04817	-51.96404	802.64477	1806.77528	-7.16671	960.80495	1760.50628	27.00222	644.17549	1799.43151	-142.38858	671.45726	1683.13073	-107.18395	723.05143	1811.64445	1.46126	381.05773	1749.92371	46.71885	346.72493	1580.68310	38.28441	138.84881	1607.43278	-28.65184	139.68146	1572.48457	-11.00936	176.69028	1626.80697	17.02815	105.51005	1757.31066	-88.87326	384.48321	1728.64073	-154.22883	352.57617	1666.50935	-161.02715	84.45043	1633.47960	-100.97216	100.41144	1614.53004	-151.40352	120.52597	1692.70501	-110.27189	72.66647	1666.67912	-39.56781	710.59020	1779.86826	-217.62014	455.88134	1720.44510	108.18370	471.99007	1719.34106	-221.07623	234.30869	1666.60198	103.52909	268.48364	
418	4.170	1689.85111	-32.64374	989.09623	1702.07646	-51.42440	804.68790	1817.57587	-4.11403	961.94964	1772.47089	26.54001	646.17379	1809.23824	-143.34479	673.54125	1693.38526	-106.51914	724.49326	1832.64754	3.09160	387.48401	1772.13515	48.06487	351.09032	1610.31364	39.54670	137.43514	1637.65824	-27.26173	138.62648	1600.88882	-10.16569	174.41630	1658.11087	18.93747	106.05263	1759.75158	-92.02750	385.28340	1730.25365	-157.39129	354.33731	1668.07323	-161.21365	85.63478	1635.46089	-101.19971	102.13296	1616.23705	-151.55835	122.05320	1694.29195	-110.41032	73.26785	1677.65574	-38.81097	711.82176	1784.28074	-219.88414	456.86054	1737.45870	109.03914	475.27378	1719.84048	-223.39556	235.18444	1691.07406	104.69954	270.50381	
419	4.180	1701.35412	-30.71605	990.92267	1711.98746	-50.80849	806.17470	1828.49197	-1.20743	962.45473	1784.38704	26.24182	647.65336	1818.88088	-144.15005	675.07974	1703.38276	-105.59182	725.22532	1853.40560	4.45183	393.55970	1794.44148	49.33763	355.07824	1640.85028	41.24599	135.55509	1668.39699	-25.52602	137.30637	1629.92343	-8.71646	171.70779	1690.11599	20.95964	106.29114	1762.80330	-94.69690	385.77633	1732.47215	-160.02913	355.77975	1669.70991	-161.42250	86.71811	1637.47425	-101.45300	103.75292	1618.10856	-151.75000	123.56267	1695.90200	-110.56152	73.77331	1688.44084	-37.77242	712.28654	1788.92434	-221.72650	457.55625	1754.73135	109.98340	477.97114	1720.90462	-225.33697	235.91075	1716.28802	106.09068	271.93947	
420	4.190	1712.98198	-28.98206	992.20757	1721.82609	-50.06890	807.06990	1839.53737	1.54468	962.30568	1796.30726	26.08061	648.56250	1828.39651	-144.82176	676.07210	1713.16906	-104.39758	725.25967	1873.81283	5.44819	399.16290	1816.72895	50.47718	358.61453	1672.21602	43.40092	133.23705	1699.57667	-23.43272	135.68537	1659.52358	-6.66778	168.53941	1722.73476	23.13082	106.22685	1766.47363	-96.86830	385.93045	1735.30378	-162.13711	356.87488	1671.34991	-161.63444	87.67648	1639.46955	-101.70456	105.24645	1620.07714	-151.94968	125.03228	1697.48167	-110.71403	74.17021	1699.08538	-36.45114	711.98421	1793.82883	-223.15913	457.94169	1772.26802	110.96166	480.05896	1722.50090	-226.89338	236.45299	1742.14107	107.67453	272.81213	
421	4.200	1724.72198	-27.38626	992.92192	1731.64494	-49.16841	807.35898	1850.71938	4.14231	961.51467	1808.28963	26.02799	648.87875	1837.83623	-145.37564	676.53231	1722.81360	-102.94654	724.63246	1893.75859	6.00772	404.18385	1838.85790	51.42902	361.64036	1704.29817	45.99192	130.50591	1731.10611	-20.99984	133.72154	1689.59840	-4.06435	164.88385	1755.85297	25.46209	105.85624	1770.74304	-98.54076	385.73148	1738.72967	-163.72243	357.61247	1672.91855	-161.81641	88.50352	1641.40185	-101.91002	106.60131	1622.06695	-152.10273	126.45269	1698.98068	-110.84682	74.45513	1709.65873	-34.86261	710.94958	1799.01368	-224.20312	457.99987	1790.04093	111.91710	481.54266	1724.55340	-228.06625	236.79504	1768.48292	109.40461	273.14828	
422	4.210	1736.55527	-25.86551	993.05312	1741.50347	-48.08166	807.04606	1862.03946	6.59229	960.11808	1820.39545	26.05748	648.60587	1847.26298	-145.82428	676.48555	1732.40546	-101.26021	723.39924	1913.13776	6.08081	408.52215	1860.67570	52.14664	364.10540	1736.93560	48.96026	127.38485	1762.85713	-18.27725	131.37502	1720.01813	-0.98640	160.72223	1789.31288	27.93332	105.17054	1775.57827	-99.72834	385.17956	1742.71557	-164.80490	357.99817	1674.34932	-161.93064	89.20980	1643.23915	-102.01868	107.81918	1624.00820	-152.14254	127.82830	1700.35955	-110.93552	74.63306	1720.24519	-33.03456	709.24649	1804.49146	-224.88811	457.72452	1807.99639	112.79448	482.44436	1726.96118	-228.86742	236.93931	1795.12477	111.21860	272.97053	
423	4.220	1748.45860	-24.35503	992.60331	1751.46642	-46.79613	806.15116	1873.49419	8.90626	958.17290	1832.68621	26.14674	647.76968	1856.74775	-146.17682	675.96449	1742.04695	-99.36813	721.62914	1931.86076	5.64246	412.08560	1882.03087	52.59379	365.96264	1769.90705	52.21098	123.89788	1794.64825	-15.34514	128.61602	1750.60185	2.45556	156.05391	1822.89908	30.49174	104.15642	1780.94718	-100.46100	384.28429	1747.22481	-165.41598	358.04864	1675.59779	-161.94430	89.81927	1644.97002	-101.98507	108.91453	1625.85268	-152.00659	129.17590	1701.59682	-110.95893	74.71481	1730.93848	-31.00231	706.96012	1810.27216	-225.25091	457.11980	1826.06342	113.54382	482.79149	1729.62158	-229.31993	236.90418	1821.84934	113.04261	272.29303	
424	4.230	1760.40630	-22.79398	991.58766	1761.60130	-45.31251	804.70756	1885.07628	11.09852	955.75232	1845.21979	26.27883	646.41368	1866.36474	-146.43960	675.00567	1751.84527	-97.30476	719.39867	1949.86184	4.69267	414.79150	1902.78640	52.74662	367.16638	1802.92276	55.62002	120.07251	1826.23326	-12.30872	125.43153	1781.10811	6.12810	150.90407	1856.32951	33.05589	102.79811	1786.83248	-100.78325	383.05860	1752.23139	-165.59641	357.78513	1676.65350	-161.83740	90.36415	1646.60998	-101.77896	109.91171	1627.58770	-151.65055	130.52139	1702.69450	-110.90427	74.71338	1741.83453	-28.80462	704.18874	1816.36788	-225.33320	456.19857	1844.16285	114.12397	482.60841	1732.45444	-229.45695	236.71891	1848.42035	114.79676	271.12169	
425	4.240	1772.37211	-21.13035	990.03300	1771.97512	-43.64460	802.75940	1896.77556	13.18385	952.94110	1858.04620	26.44266	644.59510	1876.18599	-146.61730	673.64627	1761.90337	-95.10731	716.78603	1967.10408	3.25621	416.57079	1922.83022	52.59588	367.67419	1835.62223	59.04516	115.94217	1857.29741	-9.28920	121.82997	1811.23121	9.88439	145.32786	1889.25402	35.52466	101.08089	1793.24246	-100.75052	381.51280	1757.73089	-165.39242	357.22652	1677.54750	-161.60704	90.87901	1648.20566	-101.39133	110.84079	1629.24595	-151.05729	131.89563	1703.68078	-110.77019	74.63998	1753.02343	-26.48068	701.03619	1822.79717	-225.17835	454.97944	1862.21540	114.50616	481.91255	1735.42271	-229.31881	236.41693	1874.59079	116.40177	269.45846	
426	4.250	1784.33086	-19.32460	987.97682	1782.65071	-41.81871	800.35999	1908.57980	15.17542	949.83102	1871.20287	26.63293	642.38190	1886.27622	-146.71394	671.92177	1772.31103	-92.81462	713.86661	1983.58020	1.38195	417.37468	1942.08123	52.14911	367.45263	1867.58026	62.34035	111.54815	1887.46319	-6.41132	117.84391	1840.60525	13.57591	139.41089	1921.26202	37.79069	98.99567	1800.21679	-100.42410	379.64977	1763.74757	-164.85126	356.38332	1678.35443	-161.26720	91.39571	1649.83611	-100.83519	111.73302	1630.90986	-150.23869	133.33001	1704.60984	-110.56682	74.50085	1764.58120	-24.06867	697.60607	1829.58810	-224.82778	453.48325	1880.14778	114.67742	480.71588	1738.54562	-228.94849	236.02885	1900.10992	117.78668	267.30867	
427	4.260	1796.25981	-17.35220	985.46688	1793.68260	-39.87277	797.57086	1920.47529	17.08314	946.51695	1884.70997	26.84980	639.85108	1896.68843	-146.73343	669.86467	1783.13728	-90.46716	710.71054	1999.30888	-0.85790	417.18296	1960.48998	51.43271	366.48589	1898.32302	65.37222	106.94122	1916.30647	-3.78851	113.53064	1868.81791	17.06590	133.26623	1951.89988	39.75631	96.54452	1807.82674	-99.86522	377.46266	1770.33627	-164.01667	355.25397	1679.18913	-160.84429	91.93985	1651.61108	-100.14109	112.61685	1632.70976	-149.23037	134.85272	1705.55890	-110.31322	74.29549	1776.56231	-21.60590	693.99821	1836.77964	-224.31718	451.72979	1897.89559	114.64353	479.03136	1741.90206	-228.38651	235.57679	1924.72942	118.89713	264.68929	
428	4.270	1808.13954	-15.20489	982.56118	1805.11315	-37.85497	794.46148	1932.44716	18.91222	943.09361	1898.56615	27.09860	637.08792	1907.46061	-146.67921	667.50455	1794.42494	-88.10785	707.38229	2014.32698	-3.36882	416.01245	1978.03417	50.49386	364.78558	1927.35431	68.03703	102.18321	1943.38221	-1.50724	108.97131	1895.43398	20.24391	127.02890	1980.69764	41.34984	93.74627	1816.16947	-99.12952	374.93576	1777.57890	-162.92520	353.82429	1680.19869	-160.36970	92.52958	1653.66643	-99.34870	113.51503	1634.81649	-148.08088	136.48609	1706.62358	-110.03279	74.01711	1788.99381	-19.13026	690.30777	1844.42098	-223.67333	449.73555	1915.40257	114.43125	476.88269	1745.62370	-227.66624	235.07112	1948.20974	119.70396	261.63677	
429	4.280	1819.95444	-12.89081	979.32836	1816.96884	-35.82184	791.10952	1944.47948	20.66234	939.65329	1912.74526	27.38972	634.18589	1918.61382	-146.55318	664.86941	1806.18770	-85.78309	703.94245	2028.67873	-6.03511	413.92391	1994.70963	49.40172	362.39953	1954.19068	70.27598	97.34845	1968.25774	0.38711	104.26868	1920.02734	23.03973	120.84879	2007.20272	42.53949	90.64144	1825.35746	-98.26247	372.04873	1785.57622	-161.60391	352.07042	1681.55177	-159.87123	93.17663	1656.15729	-98.49651	114.44326	1637.42953	-146.83840	138.24516	1707.91253	-109.74791	73.65523	1801.87163	-16.68215	686.62647	1852.56915	-222.91185	447.51309	1932.61589	114.08932	474.31494	1749.87987	-226.81044	234.51069	1970.32775	120.21099	258.21245	
430	4.290	1831.69272	-10.43374	975.84810	1829.25739	-33.83583	787.60122	1956.55508	22.32726	936.28443	1927.19466	27.73842	631.24642	1930.15147	-146.35413	661.98818	1818.40997	-83.54342	700.45100	2042.40365	-8.72164	411.02560	2010.51844	48.24757	359.41759	1978.40212	72.08611	92.52469	1990.54992	1.90049	99.54379	1942.21795	25.43502	114.88293	2031.01744	43.34236	87.29527	1835.50466	-97.29623	368.78390	1794.43644	-160.06983	349.96512	1683.42706	-159.36535	93.88908	1659.24967	-97.61207	115.41046	1640.76252	-145.53825	140.13760	1709.54256	-109.47483	73.20011	1815.15969	-14.30630	683.04517	1861.28523	-222.03632	445.07250	1949.47853	113.68779	471.40310	1754.85753	-225.82945	233.88629	1990.88613	120.46074	254.50468	
431	4.300	1843.34617	-7.87154	972.21124	1841.96576	-31.96210	784.03140	1968.65542	23.89496	933.07090	1941.83550	28.16457	628.37799	1942.05980	-146.07608	658.89403	1831.04909	-81.44301	696.97120	2055.52488	-11.27669	407.47220	2025.45650	47.14304	355.97237	1999.65325	73.52435	87.81263	2009.96160	3.09387	94.93115	1961.70895	27.46984	109.28749	2051.83560	43.82622	83.79762	1846.71152	-96.24839	365.13570	1804.26246	-158.33120	347.48641	1686.00239	-158.85211	94.67512	1663.11132	-96.70508	116.42056	1645.02753	-144.19397	142.16461	1711.63520	-109.21989	72.64845	1828.79175	-12.05235	679.65657	1870.62980	-221.03917	442.42479	1965.92023	113.31544	468.25642	1760.74041	-224.72133	233.18669	2009.72411	120.53648	250.62688	
432	4.310	1854.90961	-5.25410	968.51923	1855.05934	-30.26480	780.50278	1980.76036	25.34832	930.09181	1956.56558	28.69193	625.69381	1954.30920	-145.70711	655.62817	1844.03956	-79.53773	693.57316	2068.04016	-13.53673	403.45789	2039.50263	46.21592	352.23412	2017.73888	74.70297	83.32285	2026.31235	4.07870	90.57206	1978.31805	29.24202	104.20925	2069.47289	44.10312	80.25893	1859.05139	-95.12239	361.12071	1815.13973	-156.39009	344.62737	1689.44579	-158.31369	95.54669	1667.90245	-95.76468	117.47536	1650.41976	-142.79425	144.32255	1714.31505	-108.97778	72.00903	1842.67605	-9.97384	676.55691	1880.65817	-219.90403	439.58692	1981.84967	113.07499	465.01648	1767.69104	-223.47366	232.40586	2026.72777	120.55883	246.71144	
433	4.320	1866.38031	-2.64075	964.88279	1868.48247	-28.80278	777.12413	1992.84815	26.66623	927.42134	1971.26472	29.34684	623.30790	1966.85605	-145.22919	652.24326	1857.29858	-77.88147	690.33594	2079.91683	-15.33400	399.20376	2052.61168	45.60282	348.39942	2032.60728	75.77547	79.16929	2039.55844	5.00369	86.60560	1991.99772	30.89720	99.77642	2083.88639	44.31515	76.80209	1872.56015	-93.90943	356.78676	1827.12639	-154.24586	341.40537	1693.90869	-157.71684	96.52218	1673.76716	-94.76155	118.57779	1657.10354	-141.30588	146.60486	1717.70990	-108.73189	71.30753	1856.70210	-8.12507	673.84547	1891.41593	-218.60962	436.58756	1997.15035	113.07599	461.84903	1775.83804	-222.06698	231.54980	2041.83756	120.67619	242.89990	
434	4.330	1877.75746	-0.09735	961.41921	1882.16036	-27.62511	774.00713	2004.89568	27.82505	925.12847	1985.80237	30.15612	621.32957	1979.64502	-144.61918	648.80614	1870.73221	-76.52111	687.34740	2091.09215	-16.50738	394.94033	2064.71289	45.43881	344.67473	2044.36614	76.91436	75.45927	2049.79872	6.03377	83.15761	2002.83999	32.60931	96.08872	2095.17931	44.61443	73.55114	1887.23058	-92.59149	352.21916	1840.24698	-151.89883	337.86925	1699.52146	-157.01852	97.62737	1680.82594	-93.65396	119.73487	1665.20076	-139.68184	149.00364	1721.95198	-108.45657	70.58909	1870.74915	-6.55615	671.62157	1902.93520	-217.13436	433.47254	2011.68244	113.42556	458.93014	1785.26943	-220.47909	230.64166	2055.05044	121.04885	239.33026	
435	4.340	1889.04172	2.30692	958.24863	1896.00239	-26.76673	771.26190	2016.87909	28.80043	923.27614	2000.04686	31.14442	619.85662	1992.61162	-143.85113	645.39884	1884.24158	-75.49067	684.70150	2101.47929	-16.91652	390.88724	2075.71443	45.84422	341.25705	2053.26832	78.28352	72.28144	2057.26475	7.32438	80.32871	2011.06423	34.55311	93.20772	2103.58955	45.14053	70.61855	1903.01207	-91.14491	347.54268	1854.48998	-149.35334	334.10292	1706.39068	-156.17336	98.89402	1689.16996	-92.39634	120.95945	1674.78252	-137.87259	151.51073	1727.17918	-108.12049	69.91800	1884.69518	-5.30687	669.97886	1915.23197	-215.46104	430.30885	2025.29137	114.21743	456.42874	1796.03131	-218.68974	229.72386	2066.41488	121.82864	236.12337	
436	4.350	1900.23507	4.50313	955.48902	1909.90658	-26.24489	768.99156	2028.77461	29.56922	921.91972	2013.87523	32.33114	618.96819	2005.68492	-142.89961	642.11759	1897.72860	-74.80587	682.49305	2110.97829	-16.45798	387.23306	2085.51375	46.91018	338.31432	2059.67904	80.00993	69.69419	2062.29641	8.99507	78.18336	2016.98939	36.87258	91.14929	2109.46334	45.99921	68.09348	1919.81523	-89.54402	342.91826	1869.80940	-146.61990	330.22453	1714.59789	-155.14131	100.35625	1698.85750	-90.94838	122.27015	1685.86484	-135.83748	154.11770	1733.53525	-107.69043	69.37383	1898.42568	-4.40045	668.99775	1928.30462	-213.58068	427.18594	2037.82268	115.52030	454.48826	1808.13066	-216.68501	228.85684	2076.01902	123.13667	233.37061	
437	4.360	1911.34076	6.42630	953.25031	1923.76496	-26.05681	767.28614	2040.55991	30.11145	921.10482	2027.18246	33.72741	618.71807	2018.79033	-141.74372	639.06939	1911.10073	-74.45999	680.81050	2119.49079	-15.08130	384.11854	2094.01271	48.68454	335.96927	2064.02985	82.15986	67.71779	2065.30674	11.10722	76.74235	2020.99578	39.65108	89.88070	2113.21805	47.24623	66.03342	1937.52030	-87.76451	338.53440	1886.12949	-143.71601	326.38088	1724.19918	-153.89372	102.04494	1709.91307	-89.28254	123.68908	1698.40936	-133.55403	156.81467	1741.16765	-107.13466	69.04440	1911.84107	-3.83847	668.73713	1942.13353	-211.49503	424.21365	2049.14069	117.36705	453.21052	1821.54037	-214.46056	228.11467	2083.97435	125.04313	231.12560	
438	4.370	1922.36344	8.01918	951.62813	1937.46956	-26.17899	766.21662	2052.21537	30.41204	920.86454	2039.88888	35.33365	619.12957	2031.85265	-140.37091	636.36620	1924.27473	-74.42227	679.72787	2126.93608	-12.80199	381.62639	2101.13538	51.16081	334.28932	2066.76829	84.72431	66.33271	2066.74178	13.65027	75.98084	2023.48335	42.88928	89.32409	2115.30028	48.87893	64.46071	1955.98793	-85.78635	334.59386	1903.35181	-140.66584	322.73761	1735.22557	-152.41693	103.98114	1722.32932	-87.38853	125.23767	1712.32933	-131.02285	159.58823	1750.22235	-106.42552	69.01610	1924.86212	-3.59817	669.22677	1956.68158	-209.21734	421.51664	2059.14788	119.74678	452.64454	1836.20517	-212.02348	227.57808	2090.39907	127.55289	229.40173	
439	4.380	1933.30943	9.23595	950.69761	1950.91835	-26.56864	765.82971	2063.72555	30.46237	921.21644	2051.94485	37.13812	620.19286	2044.79898	-138.78015	634.11719	1937.17915	-74.63945	679.29680	2133.26619	-9.70803	379.77961	2106.84575	54.27236	333.28456	2068.31262	87.61672	65.48493	2067.04171	16.53924	75.83289	2024.83398	46.49635	89.36686	2116.14610	50.83652	63.36425	1975.07047	-83.59626	331.29749	1921.36347	-137.49887	319.46629	1747.68390	-150.71270	106.16987	1736.07152	-85.27403	126.93124	1727.50085	-128.26758	162.41889	1760.83567	-105.54106	69.36337	1937.43288	-3.63315	670.46190	1971.89555	-206.77156	419.22574	2067.80126	122.60154	452.78244	1852.04732	-209.39238	227.32635	2095.40577	130.59996	228.17608	
440	4.390	1944.18684	10.04544	950.50791	1964.02075	-27.16695	766.14407	2075.08036	30.26127	922.15972	2063.33219	39.11682	621.86521	2057.56180	-136.98379	632.41977	1949.75583	-75.04054	679.54009	2138.47764	-5.95724	378.54830	2111.16262	57.89394	332.91372	2069.01929	90.68347	65.09693	2066.60868	19.62438	76.20166	2025.38374	50.29705	89.87742	2116.14900	53.00919	62.70550	1994.62253	-81.18976	328.82726	1940.04536	-134.24817	316.73023	1761.55828	-148.79601	108.59577	1751.08396	-82.96184	128.77372	1743.77802	-125.33020	165.27889	1773.12364	-104.46594	70.13894	1949.52102	-3.87761	672.40086	1987.70791	-204.19033	417.46737	2075.12271	125.82905	453.56294	1868.97187	-206.59598	227.42925	2099.09696	134.05235	227.39834	
441	4.400	1955.00571	10.43356	951.07819	1976.70231	-27.90417	767.14841	2086.27598	29.81553	923.67296	2074.06243	41.23475	624.07429	2070.08181	-135.00763	631.35063	1961.96050	-75.54436	680.44756	2142.61817	-1.76430	377.86299	2114.16869	61.85140	333.09633	2069.16673	93.72569	65.08157	2065.78491	22.71155	76.97341	2025.40795	54.05436	90.72318	2115.63922	55.25409	62.42719	2014.50972	-78.57297	327.33100	1959.27963	-130.94845	314.67090	1776.81205	-146.69095	111.22171	1767.29743	-80.48460	130.75374	1761.00986	-122.26330	168.13129	1787.17043	-103.19170	71.36684	1961.11606	-4.25373	674.96644	2004.03918	-201.51233	416.35248	2081.20123	129.29182	454.88170	1886.87144	-203.67041	227.94051	2101.56912	137.72700	227.00245	
442	4.410	1965.77784	10.40474	952.39534	1988.90801	-28.70571	768.80177	2097.31523	29.13982	925.71302	2084.17228	43.44862	626.72405	2082.31054	-132.88928	630.95780	1973.76286	-76.06863	681.97487	2145.78785	2.62199	377.63114	2116.01176	65.93912	333.72820	2068.95500	96.52843	65.35511	2064.84167	25.58995	78.03233	2025.11857	57.50384	91.78682	2114.87492	57.41586	62.46257	2034.61491	-75.76390	326.91098	1978.95573	-127.63437	313.39681	1793.39033	-144.42596	113.99118	1784.63628	-77.87854	132.84348	1779.05636	-119.12117	170.93091	1803.01774	-101.71673	73.03953	1972.22588	-4.68103	678.05068	2020.80073	-198.77963	415.96644	2086.18652	132.83156	456.60639	1905.63116	-200.65587	228.89341	2102.92309	141.41250	226.91794	
443	4.420	1976.51649	9.98199	954.41392	2000.60418	-29.49868	771.03586	2108.20738	28.25598	928.21523	2093.71729	45.71030	629.70239	2094.21244	-130.67487	631.25503	1985.14626	-76.53924	684.04551	2148.13438	6.94783	377.75295	2116.89713	69.94314	334.69674	2068.51776	98.89251	65.84681	2063.97824	28.06273	79.27334	2024.67111	60.39400	92.97781	2114.04385	59.34851	62.74359	2054.84201	-72.79294	327.61764	1998.97482	-124.33933	312.97612	1811.22297	-142.02947	116.83397	1803.02417	-75.17794	135.00058	1797.80079	-115.95213	173.62746	1820.65720	-100.04584	75.11964	1982.87238	-5.08619	681.52242	2037.89817	-196.03542	416.36146	2090.27485	136.28692	458.59365	1925.13367	-197.59324	230.29903	2103.27680	144.89617	227.07899	
444	4.430	1987.23575	9.20560	957.05820	2011.77898	-30.21811	773.75925	2118.96752	27.19189	931.09514	2102.76467	47.97091	632.88965	2105.76635	-128.41471	632.21909	1996.10721	-76.89822	686.55568	2149.84320	10.98553	378.13331	2117.07174	73.66640	335.89374	2067.94096	100.66383	66.50327	2063.32802	29.97547	80.61094	2024.17672	62.52526	94.23712	2113.27235	60.93529	63.20687	2075.11730	-69.70236	329.44908	2019.25257	-121.09453	313.43379	1830.22786	-139.52674	119.67409	1822.38763	-72.41122	137.17311	1817.15657	-112.79339	176.17027	1840.02719	-98.18946	77.54577	1993.08712	-5.41163	685.23671	2055.23536	-193.32211	417.55225	2093.68942	139.51166	460.70524	1945.26425	-194.52104	232.14682	2102.77546	147.99138	227.43011	
445	4.440	1997.94978	8.13036	960.22641	2022.44140	-30.81197	776.86295	2129.61529	25.97982	934.25182	2111.38638	50.18471	636.16703	2116.96610	-126.15852	633.79045	2006.65480	-77.10916	689.38147	2151.12342	14.56068	378.68883	2116.80244	76.95221	337.22402	2067.28290	101.75552	67.28781	2062.96893	31.23805	81.98330	2023.71552	63.78087	95.53528	2112.63824	62.10383	63.79707	2095.38867	-66.54441	332.35564	2039.72041	-117.92847	314.75299	1850.31432	-136.93834	122.43830	1842.65737	-69.59960	139.30627	1837.06794	-109.66919	178.51372	1861.01528	-96.16259	80.24107	2002.90736	-5.62152	689.04487	2072.71893	-190.67991	419.51542	2096.65814	142.39043	462.82118	1965.91570	-191.47311	234.40718	2101.59586	150.56077	227.92823	
446	4.450	2008.67185	6.82172	963.79656	2032.61916	-31.24484	780.22689	2140.17347	24.65470	937.57245	2119.65324	52.31258	639.42384	2127.82031	-123.95082	635.87725	2016.80985	-77.15952	692.38750	2152.19100	17.57085	379.34990	2116.35175	79.70161	338.60983	2066.59110	102.15947	68.17627	2062.93521	31.83647	83.35160	2023.34774	64.14437	96.86535	2112.18435	62.83436	64.46796	2115.62298	-63.37815	336.24831	2060.32520	-114.86650	316.88037	1871.38643	-134.28044	125.06363	1863.76775	-66.75778	141.34941	1857.50540	-106.59200	180.62204	1883.46586	-93.98383	83.12271	2012.37305	-5.70441	692.80415	2090.26272	-188.14542	422.19265	2099.39247	144.84979	464.84826	1986.99225	-188.47736	237.03521	2099.94274	152.53216	228.54199	
447	4.460	2019.41345	5.35104	967.63347	2042.35574	-31.49968	783.72670	2150.66629	23.25211	940.93786	2127.63070	54.32451	642.56334	2138.35115	-121.82717	638.36191	2026.60390	-77.05971	695.43606	2153.25114	19.99253	380.05942	2115.95509	81.88199	339.99175	2065.91318	101.94582	69.15105	2063.22878	31.83302	84.69612	2023.12110	63.70092	98.23328	2111.93034	63.16003	65.18175	2135.80197	-60.26514	341.00936	2081.02750	-111.93056	319.73377	1893.34619	-131.56642	127.50255	1885.65564	-63.89633	143.26153	1878.45773	-103.56574	182.47224	1907.19245	-91.67483	86.11044	2021.52491	-5.67239	696.38601	2107.79183	-185.75023	425.49673	2102.07029	146.86309	466.72380	2008.41206	-185.55542	239.97508	2098.03770	153.90469	229.24904	
448	4.470	2030.18352	3.79053	971.59642	2051.70684	-31.57775	787.24017	2161.11786	21.80646	944.22869	2135.37649	56.20104	645.50652	2148.59249	-119.81173	641.10960	2036.07776	-76.83935	698.39572	2154.48183	21.87574	380.77008	2115.80303	83.52560	341.32725	2065.30093	101.25067	70.19561	2063.82906	31.35512	86.01039	2023.07401	62.62277	99.64812	2111.88144	63.15968	65.90767	2155.91688	-57.26478	346.50327	2101.79827	-109.13889	323.21128	1916.09657	-128.80950	129.72480	1908.25959	-61.02467	145.01385	1899.92274	-100.58988	184.05428	1931.99290	-89.26040	89.13270	2030.40347	-5.55703	699.68245	2125.24522	-183.51937	429.31977	2104.82526	148.44880	468.41482	2030.10782	-182.72337	243.16438	2096.10284	154.74452	230.03237	
449	4.480	2040.98791	2.20812	975.54662	2060.73663	-31.49700	790.65311	2171.55080	20.34924	947.33141	2142.94006	57.93338	648.19399	2158.58729	-117.91633	643.97766	2045.27975	-76.54156	701.14874	2156.02093	23.32827	381.44165	2116.03073	84.71897	342.58802	2064.80819	100.25481	71.29043	2064.70071	30.57529	87.29493	2023.23520	61.14202	101.11451	2112.03397	62.94470	66.62028	2175.96237	-54.42975	352.58671	2122.61443	-106.50570	327.20018	1939.54474	-126.02548	131.71602	1931.52005	-58.15386	146.58896	1921.89922	-97.66333	185.36817	1957.66576	-86.76921	92.12969	2039.04902	-5.40322	702.61004	2142.57662	-181.46985	433.54221	2107.74368	149.66330	469.91376	2052.02547	-179.99315	246.53807	2094.34220	155.17142	230.87659	
450	4.490	2051.82927	0.66304	979.35415	2069.51408	-31.28902	793.86402	2181.98520	18.90759	950.14401	2150.36367	59.52243	650.58606	2168.38466	-116.14110	646.82484	2054.26370	-76.21622	703.59644	2157.95827	24.49308	382.03924	2116.71527	85.58560	343.75693	2064.48475	99.15720	72.41141	2065.79954	29.68582	88.55202	2023.62145	59.51612	102.62813	2112.37791	62.64227	67.29821	2195.93013	-51.80222	359.11629	2143.45336	-104.04091	331.58452	1963.60568	-123.23506	133.47313	1955.38105	-55.29857	147.97660	1944.38139	-94.78755	186.41832	1984.02558	-84.23453	95.05302	2047.50205	-5.26182	705.11147	2159.75332	-179.60957	438.04125	2110.86831	150.58952	471.23200	2074.12146	-177.37432	250.03124	2092.92450	155.33859	231.76506	
451	4.500	2062.70731	-0.79784	982.90372	2078.10954	-30.99519	796.78754	2192.43806	17.50310	952.58066	2157.68459	60.97685	652.66136	2178.03683	-114.47661	649.51958	2063.08666	-75.91333	705.66247	2160.33393	25.52354	382.53279	2117.87994	86.26546	344.82527	2064.36877	98.14806	73.53033	2067.07680	28.87271	89.78207	2024.23504	57.99240	104.17486	2112.89766	62.37792	67.92347	2215.80274	-49.41127	365.95358	2164.28728	-101.74983	336.25064	1988.20601	-120.46506	134.99771	1979.79253	-52.47800	149.16722	1967.35658	-91.96868	187.20623	2010.91544	-81.69441	97.86273	2055.80398	-5.18233	707.15500	2176.75326	-177.93673	442.69777	2114.20755	151.32367	472.39249	2096.35899	-174.87579	253.58083	2091.97037	155.40958	232.67818	
452	4.510	2073.61938	-2.14245	986.09894	2086.59186	-30.66238	799.35647	2202.92309	16.15105	954.57514	2164.93802	62.31042	654.41431	2187.59630	-112.90691	651.94669	2071.80682	-75.67711	707.29367	2163.14261	26.56080	382.89741	2119.50412	86.89489	345.79036	2064.48032	97.38581	74.61716	2068.48227	28.29279	90.98197	2025.06241	56.77754	105.73257	2113.57197	62.26008	68.48133	2235.54847	-47.27125	372.96729	2185.07790	-99.63269	341.09001	2013.28758	-117.74847	136.28873	2004.71252	-49.71580	150.14474	1990.80561	-89.21869	187.72302	2038.21496	-79.19092	100.52260	2063.99792	-5.20664	708.73190	2193.56080	-176.44008	447.40072	2117.74759	151.96209	473.42277	2118.70422	-172.50678	257.12562	2091.54599	155.53605	233.59332	
453	4.520	2084.56135	-3.35454	988.86499	2095.02614	-30.33873	801.52233	2213.45084	14.85994	956.08279	2172.16011	63.53925	655.85197	2197.11346	-111.41319	654.01195	2080.48152	-75.54176	708.45896	2166.34333	27.71649	383.11408	2121.53648	87.58980	346.65363	2064.81779	96.98099	75.64321	2069.96646	28.05740	92.14512	2026.07495	56.01634	107.27498	2114.37401	62.36857	68.96072	2255.11757	-45.38104	380.03280	2205.77239	-97.68401	345.99952	2038.80980	-115.12307	137.33584	2030.10772	-47.03944	150.88031	2014.70471	-86.55589	187.94329	2065.84260	-76.76795	102.99493	2072.12923	-5.36442	709.85256	2210.16221	-175.09970	452.04873	2121.46528	152.59013	474.34899	2141.12305	-170.27698	260.60491	2091.66414	155.83971	234.48601	
454	4.530	2095.52857	-4.43351	991.14955	2103.47210	-30.06978	803.25469	2224.02919	13.63150	957.08097	2179.39077	64.67919	656.99060	2206.63485	-109.97735	655.64461	2089.16577	-75.52882	709.14655	2169.87289	29.06245	383.17014	2123.90979	88.43409	347.41894	2065.35821	96.98884	76.58456	2071.48236	28.22402	93.26283	2027.23231	55.78195	108.77612	2115.27206	62.74822	69.35471	2274.44055	-43.72371	387.02966	2226.30130	-95.89177	350.87975	2064.74943	-112.62913	138.11495	2055.95138	-44.47943	151.32841	2039.02727	-84.00507	187.82191	2093.75186	-74.46797	105.23619	2080.24585	-5.67057	710.54160	2226.54194	-173.88811	456.54934	2125.33984	153.27418	475.19148	2163.57942	-168.19554	263.95600	2092.29229	156.40065	235.33216	
455	4.540	2106.51681	-5.39294	992.92218	2111.98316	-29.89532	804.53947	2234.66386	12.46098	957.56802	2186.67565	65.74371	657.85208	2216.20223	-108.58502	656.79779	2097.91118	-75.64650	709.36009	2173.66109	30.62755	383.05910	2126.55569	89.47409	348.09097	2066.06125	97.41035	77.42508	2072.98709	28.79620	94.32638	2028.48755	56.07740	110.21466	2116.23113	63.40767	69.66111	2293.42891	-42.26625	393.83792	2246.57908	-94.23642	355.63179	2091.09677	-110.30654	138.58650	2082.21776	-42.06855	151.42636	2063.74381	-81.59750	187.29447	2121.92143	-72.32811	107.19428	2088.39817	-6.12478	710.83260	2242.68048	-172.77149	460.81630	2129.36226	154.05738	475.96194	2186.03501	-166.26918	267.11121	2093.36638	157.25287	236.11042	
456	4.550	2117.52302	-6.25823	994.17236	2120.60618	-29.84700	805.37631	2245.35902	11.33793	957.56099	2194.06706	66.74262	658.46059	2225.85252	-107.22759	657.44715	2106.76543	-75.89044	709.11444	2177.64587	32.40055	382.77960	2129.41826	90.71841	348.67353	2066.87611	98.20024	78.15863	2074.44369	29.73047	95.32925	2029.79370	56.84636	111.57745	2117.21542	64.32283	69.88273	2311.97850	-40.95948	400.33430	2266.50700	-92.69012	360.15391	2117.84750	-108.19189	138.69702	2108.87311	-39.84136	151.09744	2088.81930	-79.37082	186.28160	2150.34019	-70.37648	108.80811	2096.63849	-6.71286	710.76282	2258.55445	-171.71052	464.76637	2133.54196	154.95883	476.66199	2208.44999	-164.49983	269.99543	2094.80785	158.38636	236.80434	
457	4.560	2128.54575	-7.06357	994.90654	2129.38162	-29.94683	805.77561	2256.11773	10.24721	957.09243	2201.62368	67.68174	658.83945	2235.61820	-105.90310	657.58831	2115.77211	-76.24576	708.43158	2181.78664	34.33724	382.33347	2132.46548	92.14234	349.16755	2067.74988	99.27956	78.79038	2075.82331	30.94807	96.26894	2031.11039	57.98979	112.86190	2118.19123	65.44350	70.02723	2329.97534	-39.73830	406.38932	2285.97858	-91.21635	364.33906	2144.99025	-106.31607	138.38350	2135.86385	-37.83393	150.25733	2114.20737	-77.36888	184.69688	2178.98864	-68.62944	110.00959	2105.02001	-7.40943	710.36847	2274.13894	-170.66111	468.31654	2137.91065	155.97565	477.28261	2230.78406	-162.88218	272.52541	2096.54130	159.75441	237.40358	
458	4.570	2139.58529	-7.84860	995.14450	2138.34421	-30.20629	805.75525	2266.94234	9.17029	956.20664	2209.40880	68.56330	659.00831	2245.52835	-104.61582	657.23347	2124.97080	-76.68972	707.33725	2186.07458	36.36995	381.72304	2135.69803	93.69515	349.56883	2068.63597	100.55014	79.33694	2077.10775	32.34909	97.14825	2032.41004	59.38488	114.07720	2119.13025	66.70196	70.10655	2347.30346	-38.52289	411.86638	2304.88675	-89.77045	368.07427	2172.49086	-104.70277	137.57998	2163.10340	-36.08353	148.82310	2139.84178	-75.64109	182.45741	2207.81886	-67.09065	110.72783	2113.59544	-8.18133	709.68093	2289.41174	-169.57493	471.38302	2142.52370	157.08689	477.80427	2252.99670	-161.40183	274.61157	2098.51056	161.28389	237.90403	
459	4.580	2150.64336	-8.65495	994.91553	2147.52363	-30.62623	805.33756	2277.83461	8.08678	954.95558	2217.48745	69.38701	658.98069	2255.60958	-103.37497	656.40794	2134.39705	-77.19458	705.85878	2190.53917	38.41770	380.94790	2139.15463	95.30886	349.86547	2069.50161	101.90862	79.82572	2078.29223	33.82657	97.97582	2033.68270	60.90304	115.24456	2120.01259	68.02179	70.13581	2363.85414	-37.22147	416.62390	2323.13205	-88.30128	371.24280	2200.27505	-103.36816	136.22551	2190.45936	-34.62805	146.72371	2165.62622	-74.24122	179.49579	2236.73554	-65.75207	110.89523	2122.41524	-8.99121	708.72416	2304.35838	-168.40033	473.88262	2147.45917	158.25859	478.19719	2275.04589	-160.03448	276.16283	2100.69127	162.88677	238.30650	
460	4.590	2161.72254	-9.52311	994.25475	2156.94528	-31.19708	804.54674	2288.79576	6.97607	953.39512	2225.92247	70.15148	658.76203	2265.88679	-102.19264	655.14695	2144.08225	-77.73034	704.02421	2195.25056	40.39590	380.00163	2142.91394	96.90716	350.03542	2070.33357	103.25815	80.29318	2079.38795	35.27875	98.76592	2034.93963	62.42468	116.39638	2120.82971	69.32609	70.13184	2379.53547	-35.73533	420.52096	2340.63082	-86.75425	373.72938	2228.21197	-102.32156	134.27279	2217.74342	-33.50484	143.91082	2191.42399	-73.22507	175.77236	2265.58064	-64.59712	110.45482	2131.52560	-9.80078	707.51357	2318.97689	-167.08395	475.73679	2152.81463	159.44891	478.42172	2296.88475	-158.74640	277.09445	2103.09895	164.47118	238.61432	
461	4.600	2172.82547	-10.48951	993.19991	2166.63078	-31.89944	803.40699	2299.82632	5.81899	951.58162	2234.77011	70.85550	658.34829	2276.38327	-101.08166	653.49324	2154.05304	-78.26686	701.86290	2200.31787	42.22463	378.86888	2147.09242	98.41358	350.04428	2071.14206	104.51687	80.78244	2080.42420	36.61839	99.53781	2036.21541	63.84978	117.57467	2121.58685	70.54408	70.11145	2394.28132	-33.96625	423.42645	2357.32207	-85.07580	375.42836	2256.10142	-101.56693	131.69656	2244.70610	-32.74873	140.36882	2217.04947	-72.64677	171.28630	2294.12441	-63.60527	109.36823	2140.96628	-10.57347	706.05641	2333.28087	-165.57373	476.87801	2158.70194	160.61279	478.42900	2318.45601	-157.49646	277.33798	2105.79219	165.95068	238.82996	
462	4.610	2183.95403	-11.58415	991.78905	2176.59811	-32.70491	801.94154	2310.92594	4.59946	949.56931	2244.07559	71.49901	657.72552	2287.12011	-100.05361	651.49563	2164.33022	-78.77551	699.40728	2205.88337	43.83524	377.52335	2151.83831	99.75812	349.84424	2071.96284	105.62288	81.34012	2081.44972	37.77868	100.31448	2037.56925	65.10405	118.82841	2122.30514	71.61584	70.08964	2408.05851	-31.82646	425.23130	2373.17215	-83.21910	376.25413	2283.66780	-101.10440	128.50111	2271.03838	-32.38893	136.12298	2242.26363	-72.55346	166.08419	2322.06469	-62.75738	107.62350	2150.76835	-11.27616	704.35357	2347.29965	-163.82345	477.25757	2165.24002	161.70578	478.16221	2339.68490	-156.23966	276.85163	2108.87116	167.25152	238.95133	
463	4.620	2195.10853	-12.82862	990.05913	2186.86121	-33.57708	800.17275	2322.09321	3.30599	947.40857	2253.86908	72.08336	656.87043	2298.11456	-99.11757	649.20859	2174.92734	-79.23007	696.69549	2212.11306	45.17500	375.92743	2157.32155	100.88228	349.37458	2072.85807	106.53616	82.01277	2082.53327	38.71604	101.12128	2039.08536	66.14141	120.21015	2123.02320	72.49525	70.07808	2420.87132	-29.25050	425.86216	2388.17622	-81.15069	376.15232	2310.56305	-100.93153	124.72598	2296.38180	-32.44508	131.24460	2266.77550	-72.97873	160.26480	2349.03615	-62.04060	105.24173	2160.95197	-11.88014	702.40258	2361.07487	-161.79887	476.85357	2172.54611	162.68682	477.55884	2360.47210	-154.93204	275.62915	2112.47184	168.31732	238.96835	
464	4.630	2206.28708	-14.23461	988.04568	2197.42913	-34.47275	798.12314	2333.32544	1.93303	945.14515	2264.16267	72.61096	655.75231	2309.37784	-98.27961	646.69268	2185.84892	-79.60719	693.77429	2219.18395	46.21000	374.03404	2163.72051	101.74227	348.56464	2073.91598	107.23808	82.84294	2083.76337	39.41029	101.98416	2040.87273	66.94364	121.77164	2123.79838	73.15129	70.08413	2432.76241	-26.20783	425.29487	2402.35610	-78.85748	375.11026	2336.38040	-101.04348	120.44905	2320.34747	-32.92275	125.85239	2290.25157	-73.93523	153.97896	2374.62993	-61.45180	102.28144	2171.52440	-12.36149	700.20146	2374.65355	-159.48531	475.67757	2180.72587	163.51995	476.55454	2380.68829	-153.53702	273.70500	2116.75668	169.11169	238.86074	
465	4.640	2217.48515	-15.80285	985.78352	2208.30478	-35.34341	795.81731	2344.61849	0.48194	942.82024	2274.94867	73.08414	654.33634	2320.91229	-97.54331	644.01540	2197.08870	-79.88668	690.70175	2227.26901	46.92616	371.79110	2171.20637	102.31070	347.33943	2075.24982	107.72936	83.86549	2085.24710	39.86301	102.92794	2043.06365	67.51810	123.55891	2124.70735	73.56813	70.11046	2443.80977	-22.71458	423.56522	2415.75462	-76.35344	373.16468	2360.67911	-101.43215	115.78595	2342.54351	-33.80907	120.10920	2312.33393	-75.40770	147.42361	2398.42281	-60.99863	98.83963	2182.47853	-12.70094	697.75305	2388.07830	-156.89555	473.77878	2189.86335	164.17519	475.08874	2400.17268	-152.03270	271.15443	2121.90236	169.61872	238.59763	
466	4.650	2228.69538	-17.52252	983.30830	2219.48346	-36.13715	793.28440	2355.96654	-1.03834	940.47149	2286.19944	73.50364	652.58822	2332.70866	-96.91097	641.25200	2208.62826	-80.05152	687.54895	2236.52072	47.32853	369.14885	2179.92673	102.57678	345.62811	2076.99561	108.02723	85.10436	2087.10788	40.09464	103.97457	2045.81055	67.89417	125.60719	2125.84615	73.74443	70.15572	2454.11970	-18.84251	420.77457	2428.42702	-73.68490	370.40505	2383.01931	-102.08425	110.88502	2362.60862	-35.06972	114.21364	2332.66663	-77.34810	140.82976	2420.01362	-60.69782	95.04835	2193.79205	-12.88378	695.06933	2401.37628	-154.07716	471.24471	2200.01165	164.62880	473.11206	2418.73704	-150.41957	268.08792	2128.08560	169.84197	238.13988	
467	4.660	2239.90754	-19.37115	980.65847	2230.95146	-36.80098	790.56072	2367.36197	-2.61112	938.13439	2297.86895	73.86683	650.47997	2344.74383	-96.38529	638.48579	2220.43627	-80.08825	684.40030	2247.05511	47.43880	366.06956	2189.99020	102.54532	343.37460	2079.30848	108.16225	86.57038	2089.48200	40.14087	105.14162	2049.28038	68.11881	127.93641	2127.32931	73.69234	70.21596	2463.81624	-14.72317	417.08875	2440.43068	-70.93367	366.97122	2403.00350	-102.97921	105.91773	2380.24804	-36.64826	108.38667	2350.92823	-79.67458	134.44472	2439.06299	-60.57117	91.06639	2205.42777	-12.89990	692.17533	2414.54898	-151.11738	468.19798	2211.18545	164.86310	470.59491	2436.17647	-148.72763	264.64102	2135.46819	169.80199	237.44520	
468	4.670	2251.10873	-21.31512	977.87743	2242.68503	-37.28363	787.69207	2378.79506	-4.21225	935.84421	2309.89571	74.16619	647.99626	2356.97969	-95.97118	635.80725	2232.46876	-79.98748	681.35213	2258.93790	47.29136	362.53873	2201.45393	102.23480	340.54934	2082.35686	108.17495	88.26036	2092.51398	40.04854	106.44097	2053.64611	68.25129	130.54787	2129.28806	73.43618	70.28697	2473.02823	-10.54525	412.72873	2451.81448	-68.21684	363.04511	2420.31992	-104.08771	101.06473	2395.26683	-38.46894	102.85402	2366.86645	-82.27590	128.51016	2455.33115	-60.64000	87.06646	2217.33510	-12.74412	689.11220	2427.56499	-148.14403	464.78934	2223.35654	164.86608	467.53632	2452.28657	-147.02106	260.96137	2144.18237	169.53290	236.47601	
469	4.680	2262.28367	-23.31070	975.01532	2254.65004	-37.53881	784.73537	2390.25371	-5.81103	933.63773	2322.20713	74.38831	645.14066	2369.36357	-95.67720	633.31198	2244.67057	-79.74479	678.50934	2272.17494	46.92798	358.57611	2214.31577	101.67446	337.16037	2086.31433	108.11243	90.15786	2096.35072	39.87118	107.87787	2059.07538	68.35706	133.42278	2131.86731	73.01116	70.36704	2481.87532	-6.54430	407.95377	2462.60987	-65.68238	358.83681	2434.78106	-105.37216	96.49902	2407.59494	-40.44353	97.82607	2380.32939	-85.02222	123.23849	2468.70779	-60.91968	83.21915	2229.45284	-12.41708	685.93905	2440.35759	-145.32077	461.18772	2236.45316	164.63092	463.97182	2466.88491	-145.39878	257.19541	2154.31786	169.07807	235.20931	
470	4.690	2273.41511	-25.30602	972.13010	2266.80247	-37.52873	781.75902	2401.72321	-7.37161	931.55488	2334.72453	74.51370	641.94104	2381.83035	-95.51635	631.09704	2256.97803	-79.36183	675.98041	2286.70835	46.39178	354.24467	2228.51220	100.90090	333.26183	2091.34896	108.02452	92.23552	2101.13496	39.66425	109.45036	2065.71705	68.50070	136.52297	2135.22163	72.46195	70.45987	2490.45491	-2.98446	403.03824	2472.82495	-63.50026	354.56678	2446.35017	-106.78964	92.36849	2417.29873	-42.48183	93.47795	2391.28748	-87.78153	118.79097	2479.22848	-61.41566	79.67606	2241.71310	-11.92630	682.73317	2452.82808	-142.83619	457.56821	2250.36349	164.15560	459.97866	2479.83333	-143.98906	253.47681	2165.91203	168.48529	233.64715	
471	4.700	2284.48439	-27.24352	969.28753	2279.08990	-37.22756	778.84191	2413.18590	-8.85483	929.63967	2347.36851	74.51751	638.45314	2394.30638	-95.50594	629.25615	2269.32256	-78.84754	673.87104	2302.41955	45.72137	349.65517	2243.92261	99.95425	328.95818	2097.61115	107.95963	94.45879	2106.99861	39.48011	111.14902	2073.68751	68.73808	139.79388	2139.51006	71.84078	70.57703	2498.83158	-0.13371	398.24565	2482.44292	-61.84906	350.44659	2455.14981	-108.29721	88.78072	2424.57596	-44.50406	89.93288	2399.84110	-90.43921	115.26129	2487.07365	-62.12217	76.55509	2254.04607	-11.28738	679.58842	2464.85479	-140.88693	454.09932	2264.94333	163.44244	455.67718	2491.05678	-142.93774	249.91775	2178.94407	167.80179	231.82613	
472	4.710	2295.47198	-29.06327	966.56008	2291.45392	-36.62457	776.07088	2424.62112	-10.22046	927.94036	2360.06398	74.37129	634.76160	2406.71460	-95.66650	627.87407	2281.63510	-78.21912	672.27725	2319.13889	44.94578	344.96506	2260.37953	98.87432	324.40264	2105.22117	107.95984	96.79060	2114.05662	39.36272	112.95705	2083.05873	69.10812	143.16923	2144.89019	71.20484	70.73946	2507.03075	1.76455	393.80340	2491.42517	-60.89911	346.66086	2461.44916	-109.85834	85.79298	2429.73370	-46.45272	87.25171	2406.21116	-92.91621	112.66794	2492.54935	-63.02367	73.93051	2266.38491	-10.52495	676.61166	2476.30650	-139.65673	450.93096	2280.02718	162.49781	451.22737	2500.55470	-142.39116	246.60354	2193.33420	167.06946	229.82356	
473	4.720	2306.35821	-30.70663	964.02462	2303.83322	-35.72640	773.53680	2436.00529	-11.42961	926.50874	2372.74445	74.04551	630.97809	2418.98032	-96.01984	627.02089	2293.85056	-77.50245	671.27854	2336.66105	44.08147	340.37075	2277.68349	97.69719	319.78942	2114.25863	108.05572	99.19601	2122.40208	39.34247	114.85068	2093.85054	69.62495	146.57677	2151.51175	70.61271	70.97750	2515.03726	2.51977	389.88297	2499.71849	-60.79399	343.35326	2465.63129	-111.44822	83.40971	2433.15270	-48.30019	85.43064	2410.71340	-95.18086	110.95707	2496.05237	-64.09802	71.82966	2278.67029	-9.67286	673.91724	2487.05804	-139.29444	448.18459	2295.44168	161.33189	446.82032	2508.40205	-142.47643	243.59015	2208.94803	166.32078	227.75879	
474	4.730	2317.12412	-32.12017	961.75913	2316.16702	-34.55822	771.32968	2447.31236	-12.44715	925.39839	2385.35514	73.51260	627.23609	2431.03696	-96.58656	626.74694	2305.91200	-76.73164	670.93199	2354.76392	43.13194	336.09400	2295.62052	96.45252	315.34043	2124.75559	108.26099	101.64616	2132.10318	39.43155	116.79980	2106.02894	70.27161	149.94411	2159.50983	70.11944	71.32926	2522.79917	2.01795	386.58860	2507.26494	-61.63276	340.61858	2468.14609	-113.05545	81.58821	2435.24443	-50.04955	84.40744	2413.72051	-97.24961	110.01548	2498.02568	-65.31965	70.23652	2290.85390	-8.77342	671.62005	2497.00577	-139.89468	445.94631	2311.02000	159.95876	442.66519	2514.73934	-143.28266	240.90477	2225.60585	165.57587	225.78822	
475	4.740	2327.75234	-33.25954	959.83880	2328.39861	-33.16333	769.53318	2458.51465	-13.24399	924.66215	2397.85480	72.75023	623.68299	2442.83095	-97.38332	627.07903	2317.77393	-75.94750	671.26812	2373.22853	42.09020	332.36394	2313.98006	95.16218	311.28780	2136.69512	108.56802	104.12049	2143.20204	39.62050	118.76907	2119.51133	70.99662	153.20376	2168.99833	69.77070	71.83728	2530.23588	0.23668	383.95653	2514.01255	-63.45567	338.50158	2469.45750	-114.67896	80.25125	2436.40859	-51.72722	84.07478	2415.61906	-99.17547	109.69127	2498.91210	-66.66113	69.10098	2302.90063	-7.87533	669.82753	2506.08009	-141.48469	444.26381	2326.61547	158.39672	438.97317	2519.75321	-144.84670	238.54933	2243.09591	164.84095	224.09368	
476	4.750	2338.22819	-34.09277	958.33195	2340.47837	-31.60118	768.21933	2469.58406	-13.79887	924.34894	2410.21617	71.74424	620.47004	2454.32523	-98.42028	628.01863	2329.40470	-75.19488	672.28872	2391.85712	40.94388	329.39746	2332.57107	93.84026	307.85473	2150.01588	108.94498	106.60677	2155.71551	39.87663	120.71938	2134.17841	71.71471	156.29662	2180.06363	69.59637	72.54387	2537.24954	-2.75074	381.96428	2519.92482	-66.23580	337.00210	2469.99470	-116.32025	79.30409	2436.99797	-53.36928	84.29795	2416.76872	-101.02665	109.81809	2499.11370	-68.09225	68.35141	2314.78916	-7.03043	668.63159	2514.25327	-144.01956	443.14693	2342.11307	156.66888	435.94039	2523.65165	-147.14584	236.50699	2261.19051	164.10837	222.86527	
477	4.760	2348.54074	-34.60284	957.29612	2352.36622	-29.94393	767.44385	2480.49365	-14.09973	924.50041	2422.42536	70.49109	617.74132	2465.50108	-99.69903	629.54204	2340.78754	-74.51923	673.96716	2410.48706	39.68179	327.38075	2351.23437	92.49446	305.23706	2164.62202	109.33563	109.09899	2169.63747	40.14485	122.61004	2149.89075	72.31241	159.17384	2192.75931	69.60460	73.48598	2543.73808	-6.78295	380.54711	2524.98778	-69.87814	336.08465	2470.11508	-117.97384	78.65218	2437.29524	-55.00511	84.93376	2417.47071	-102.86132	110.23832	2498.96263	-69.57759	67.90806	2326.51120	-6.28945	668.10131	2521.54152	-147.38656	442.57135	2357.43738	154.80405	433.73214	2526.63884	-150.09833	234.75084	2279.66319	163.35807	222.28075	
478	4.770	2358.68387	-34.78906	956.77486	2364.03315	-28.27176	767.24276	2491.21942	-14.14436	925.14764	2434.48034	68.99944	615.62314	2476.35811	-101.21111	631.60259	2351.92073	-73.96272	676.25068	2428.99936	38.30059	326.45453	2369.85032	91.12847	303.58810	2180.39684	109.66220	111.59352	2184.94205	40.35123	124.40170	2166.50736	72.65853	161.79722	2207.10236	69.77754	74.69044	2549.60834	-11.62820	379.61758	2529.21379	-74.22690	335.69003	2470.08358	-119.61897	78.21603	2437.50344	-56.64323	85.84740	2417.94971	-104.70602	110.82135	2498.70599	-71.07398	67.69470	2338.06961	-5.69741	668.27733	2528.00164	-151.41751	442.48450	2372.55612	152.83742	432.47033	2528.89427	-153.57141	233.25315	2298.30545	162.56030	222.48453	
479	4.780	2368.65723	-34.66719	956.79547	2375.46184	-26.66751	767.63051	2501.74213	-13.94036	926.30852	2446.38891	67.29070	614.21510	2486.91268	-102.93747	634.13444	2362.81670	-73.56055	679.06460	2447.32123	36.80983	326.70482	2388.34160	89.74485	303.00834	2197.21763	109.83158	114.08479	2201.58711	40.40903	126.06006	2183.90281	72.61820	164.13890	2223.07179	70.06986	76.17056	2554.78797	-17.00929	379.08373	2532.64199	-79.08002	335.74661	2470.06911	-121.21584	77.94054	2437.74888	-58.26335	86.92493	2418.35040	-106.54381	111.47431	2498.50472	-72.52983	67.64703	2349.47598	-5.28929	669.16851	2533.72370	-155.90660	442.81308	2387.47905	150.81090	432.22575	2530.56003	-157.39531	231.99305	2316.94157	161.67922	223.56965	
480	4.790	2378.46691	-34.26827	957.36803	2386.64646	-25.21118	768.59984	2512.04903	-13.50443	927.98606	2458.16644	65.39865	613.58385	2497.19502	-104.84859	637.05743	2373.50060	-73.33808	682.31765	2465.42358	35.23437	328.15993	2406.67178	88.34772	303.54097	2214.96928	109.74386	116.56138	2219.51766	40.22653	127.55986	2201.98015	72.06843	166.18090	2240.61027	70.41068	77.92451	2559.23490	-22.63186	378.86242	2535.33611	-84.20911	336.17940	2470.15531	-122.70771	77.79760	2438.09336	-59.81662	88.08035	2418.74679	-108.31511	112.14458	2498.44362	-73.88731	67.71703	2360.74793	-5.08683	670.75150	2538.82146	-160.63082	443.47102	2402.25248	148.77261	433.01569	2531.73754	-161.38113	230.96096	2335.44010	160.67712	225.56565	
481	4.800	2388.12577	-33.63620	958.48560	2397.59180	-23.97494	770.12337	2522.13517	-12.86098	930.16782	2469.83364	63.36792	613.76021	2507.24565	-106.90561	640.28244	2384.00824	-73.30916	685.90801	2483.31449	33.61353	330.79348	2424.84066	86.94479	305.17324	2233.55459	109.30207	119.00374	2238.66865	39.71545	128.88849	2220.67769	70.91224	167.91485	2259.62902	70.70897	79.93579	2562.94366	-28.21245	378.88637	2537.38015	-89.38216	336.91640	2470.36078	-124.02846	77.78272	2438.55185	-61.23339	89.25736	2419.16031	-109.92992	112.81522	2498.54888	-75.08737	67.87349	2371.90669	-5.09682	672.97300	2543.42231	-165.37014	444.36750	2416.95043	146.77538	434.80676	2532.49308	-165.34006	230.15868	2353.72107	159.51884	228.43426	
482	4.810	2397.65331	-32.82429	960.12583	2408.31184	-23.01897	772.15664	2532.00420	-12.04035	932.82683	2481.41459	61.25156	614.73971	2517.11137	-109.06215	643.71692	2394.38381	-73.47587	689.72954	2501.03045	31.99728	334.53221	2442.87770	85.54834	307.84283	2252.90029	108.42139	121.38359	2258.96750	38.79896	130.04815	2239.96943	69.08901	169.34178	2280.01555	70.86180	82.17521	2565.94784	-33.50316	379.10535	2538.87273	-94.38551	337.89221	2470.66326	-125.11329	77.90737	2439.11144	-62.43603	90.42685	2419.58148	-111.28730	113.49573	2498.80833	-76.07648	68.09971	2382.97513	-5.31113	675.75463	2547.65793	-169.92511	445.41429	2431.66373	144.87422	437.52193	2532.86889	-169.10147	229.59587	2371.75837	158.17583	232.07363	
483	4.820	2407.07496	-31.89115	962.25337	2418.82805	-22.38859	774.64223	2541.66842	-11.07661	935.92362	2492.93500	59.10773	616.48614	2526.84150	-111.26706	647.27018	2404.67713	-73.82951	693.67780	2518.62675	30.44067	339.26699	2460.83433	84.17499	311.44797	2272.95830	107.03664	123.66542	2280.33616	37.41799	131.05586	2259.85975	66.57935	170.47174	2301.64314	70.76417	84.60401	2568.31841	-38.31058	379.48325	2539.92088	-99.04243	339.04961	2471.02244	-125.90980	78.18979	2439.74820	-63.35312	91.58157	2419.99032	-112.29617	114.21099	2499.19092	-76.81347	68.38953	2393.97620	-5.70849	678.99971	2551.65636	-174.13050	446.53182	2446.48837	143.12285	441.05065	2532.89632	-172.52738	229.28439	2389.57711	156.62961	236.33000	
484	4.830	2416.42063	-30.89635	964.82309	2429.16737	-22.11263	777.51450	2551.14798	-10.00519	939.40920	2504.42067	56.99572	618.93747	2536.48438	-113.46773	650.85825	2414.94056	-74.35269	697.65560	2536.16813	28.99752	344.86525	2478.77561	82.84447	315.85978	2293.70271	105.10705	125.80953	2302.69280	35.53548	131.94114	2280.37389	63.40397	171.32292	2324.38030	70.31921	87.17746	2570.15790	-42.50726	379.99354	2540.63354	-103.22560	340.34011	2471.39811	-126.38657	78.64652	2440.43992	-63.93161	92.72970	2420.37195	-112.89235	114.99091	2499.66227	-77.27475	68.74295	2404.93188	-6.25753	682.60126	2555.53536	-177.86416	447.65375	2461.51432	141.56987	445.26054	2532.60703	-175.52204	229.23244	2407.24596	154.87381	241.01537	
485	4.840	2425.72255	-29.89593	967.78337	2439.35998	-22.20313	780.70442	2560.46919	-8.86064	943.22857	2515.89598	54.97144	622.01292	2546.08435	-115.61393	654.40809	2425.22535	-75.02192	701.57781	2553.72015	27.71477	351.18316	2496.77141	81.57751	320.93501	2315.12259	102.61838	127.77622	2325.95263	33.13822	132.74151	2301.54545	59.61776	171.92017	2348.09808	69.44746	89.84861	2571.59070	-46.03508	380.61495	2541.11522	-106.86253	341.72392	2471.76162	-126.53752	79.28640	2441.17347	-64.14465	93.88824	2420.72528	-113.04842	115.86235	2500.19491	-77.45682	69.16216	2415.86224	-6.92075	686.45034	2559.39706	-181.05100	448.72970	2476.81597	140.25485	450.00931	2532.03998	-178.03553	229.44024	2424.86469	152.91482	245.92826	
486	4.850	2435.01215	-28.93847	971.07902	2449.43656	-22.65570	784.14380	2569.66183	-7.67450	947.32416	2527.38197	53.08286	625.62030	2555.67894	-117.66179	657.86100	2435.57717	-75.81046	705.37543	2571.34128	26.62800	358.07604	2514.88683	80.39326	326.52789	2337.21133	99.58269	129.53069	2350.02698	30.23685	133.49692	2323.40211	55.30068	172.29309	2372.67307	68.09456	92.57187	2572.75066	-48.90041	381.32853	2541.46028	-109.93393	343.16969	2472.10050	-126.38160	80.10758	2441.94695	-63.99400	95.07720	2421.06480	-112.77539	116.84417	2500.77284	-77.37560	69.64861	2426.78412	-7.65875	690.44405	2563.32339	-183.66252	449.72607	2492.44426	139.20490	455.15569	2531.24314	-180.06176	229.89796	2442.54730	150.77076	250.87516	
487	4.860	2444.31592	-28.06172	974.65346	2459.42509	-23.45062	787.76858	2578.75531	-6.47370	951.63849	2538.89363	51.36571	629.66238	2565.29584	-119.57757	661.17494	2446.03079	-76.69073	708.99851	2589.07489	25.75834	365.40602	2533.17179	79.30658	332.49961	2359.95233	96.03667	131.04803	2374.81918	26.86452	134.24410	2345.94978	50.54787	172.47417	2397.98453	66.23682	95.30624	2573.76713	-51.16226	382.11621	2541.74814	-112.46617	344.65371	2472.41733	-125.95821	81.09736	2442.76742	-63.50750	96.31466	2421.41648	-112.11734	117.94479	2501.39109	-77.06299	70.20112	2437.70927	-8.43430	694.49219	2567.37255	-185.71239	450.62526	2508.42052	138.43191	460.56849	2530.27098	-181.63177	230.58571	2460.40142	148.46911	255.68989	
488	4.870	2453.65016	-27.29016	978.44951	2469.34650	-24.55392	791.52059	2587.77386	-5.27941	956.11575	2550.43577	49.84006	634.04155	2574.94936	-121.34065	664.32543	2456.60364	-77.63633	712.41779	2606.94043	25.11071	373.04612	2551.64943	78.32568	338.72450	2383.30148	92.03937	132.31776	2400.21597	23.07506	135.01174	2369.15539	45.46084	172.49708	2423.90456	63.88482	98.01781	2574.75132	-52.91550	382.96045	2542.03960	-114.51995	346.15865	2472.72450	-125.31997	82.23379	2443.64545	-62.73301	97.61288	2421.80977	-111.14135	119.16177	2502.05155	-76.56153	70.81495	2448.64097	-9.21575	698.52212	2571.57637	-187.24930	451.42340	2524.73117	137.93087	466.13283	2529.17920	-182.80390	231.47476	2478.50509	146.04372	260.24865	
489	4.880	2463.01465	-26.63369	982.40891	2479.20930	-25.91841	795.34758	2596.73040	-4.10676	960.70156	2561.99726	48.50816	638.66204	2584.63577	-122.94540	667.30496	2467.28845	-78.62319	715.62467	2624.92295	24.67314	380.88053	2570.30320	77.45047	345.09238	2407.16681	87.67013	133.34726	2426.07370	18.94126	135.81731	2392.92835	40.14134	172.39575	2450.28162	61.08505	100.68125	2575.78459	-54.27206	383.84422	2542.37474	-116.17730	347.67145	2473.03692	-124.52461	83.48800	2444.58829	-61.73078	98.97525	2422.26816	-109.92573	120.48237	2502.75696	-75.91848	71.48144	2459.56911	-9.97949	702.48100	2575.93872	-188.34801	452.12713	2541.32220	137.67913	471.75319	2528.01898	-183.65264	232.52909	2496.88264	143.53181	264.47912	
490	4.890	2472.38523	-26.08775	986.47029	2489.00257	-27.48467	799.20137	2605.61937	-2.96528	965.34115	2573.54328	47.35427	643.42969	2594.32735	-124.40115	670.12041	2478.04519	-79.62998	718.62897	2642.96063	24.41731	388.80095	2589.06276	76.67205	351.50692	2431.38651	83.02712	134.16321	2452.19962	14.55377	136.66538	2417.10135	34.68870	172.20388	2476.91846	57.91974	103.27973	2576.91056	-55.34339	384.75094	2542.77237	-117.52899	349.18067	2473.36487	-123.62777	84.82642	2445.59345	-60.56606	100.39418	2422.80080	-108.54940	121.88441	2503.50477	-75.18054	72.18805	2470.46324	-10.71101	706.33503	2580.43463	-189.09995	452.74987	2558.09239	137.63717	477.35251	2526.83261	-184.25808	233.70676	2515.48175	140.97192	268.36217	
491	4.900	2481.70594	-25.63509	990.56622	2498.68760	-29.18229	803.03436	2614.40850	-1.86046	969.97569	2585.00596	46.34708	648.24944	2603.96525	-125.72986	672.78829	2488.79281	-80.63763	721.45399	2660.93088	24.30076	396.69969	2607.78940	75.97369	357.88001	2455.70787	78.22638	134.81022	2478.33000	10.02034	137.54765	2441.41219	29.20082	171.95466	2503.54741	54.50443	105.80282	2578.13229	-56.22663	385.66390	2543.23140	-118.66366	350.67353	2473.70888	-122.67820	86.21217	2446.64434	-59.30350	101.85009	2423.39731	-107.08442	123.33722	2504.28267	-74.39021	72.91852	2481.26369	-11.40446	710.06508	2585.01021	-189.60386	453.30809	2574.88468	137.75104	482.86735	2525.65169	-184.69704	234.96086	2534.15463	138.40333	271.92520	
492	4.910	2490.88122	-25.24967	994.62002	2508.18837	-30.93231	806.79471	2623.03009	-0.79609	974.53768	2596.27397	45.44534	653.02143	2613.45178	-126.96088	675.32740	2499.40195	-81.62823	724.12813	2678.63644	24.27149	404.46024	2626.26270	75.33394	364.12304	2479.77113	73.40065	135.34525	2504.10867	5.46483	138.44438	2465.49012	23.77839	171.68018	2529.80676	50.98194	108.24191	2579.41601	-56.99640	386.56549	2543.73424	-119.65910	352.13333	2474.05829	-121.71613	87.60585	2447.70967	-58.00403	103.31168	2424.02795	-105.59303	124.80260	2505.06740	-73.58436	73.65323	2491.87141	-12.06038	713.65862	2589.58368	-189.95667	453.81781	2591.47645	137.95728	488.23894	2524.49838	-185.03662	236.24058	2552.64701	135.86735	275.22647	
