PathFileType	3	(X/Y/Z)	RCH0000002 BBF 03.c3d
DataRate	CameraRate	NumFrames	NumMarkers	Units	OrigDataRate	OrigDataStartFrame	OrigNumFrames
100.0	100.0	376	23	mm	100.0	214	376
Frame#	Time	T2			T10			LASI			LPSI			RPSI			LANK			LMED			LTOE			RPAT			RANK			RMED			RHEE			RTOE			MAN			LPAT			RKNE			LKNE			RASI			LHEE			RTHI			LTHI			RTIB			LTIB			
		X1	Y1	Z1	X2	Y2	Z2	X3	Y3	Z3	X4	Y4	Z4	X5	Y5	Z5	X6	Y6	Z6	X7	Y7	Z7	X8	Y8	Z8	X9	Y9	Z9	X10	Y10	Z10	X11	Y11	Z11	X12	Y12	Z12	X13	Y13	Z13	X14	Y14	Z14	X15	Y15	Z15	X16	Y16	Z16	X17	Y17	Z17	X18	Y18	Z18	X19	Y19	Z19	X20	Y20	Z20	X21	Y21	Z21	X22	Y22	Z22	X23	Y23	Z23	

214	2.130	-1605.69929	-57.83975	996.35492	-1595.00770	-63.79424	805.91878	-1511.72466	18.14891	648.41150	-1611.41189	-42.57029	711.01904	-1600.03415	-111.12589	723.84527	-1660.75115	13.68536	133.63593	-1635.04763	-53.04218	140.11254	-1611.01859	-9.81433	106.17666	-1512.53565	-109.79987	388.81194	-1589.97762	-177.01793	82.95904	-1618.42763	-115.33323	97.89144	-1642.21402	-161.80494	115.58408	-1557.30595	-129.37460	72.91179	-1477.25752	-35.16801	965.55855	-1443.89494	-13.53367	390.71365	-1546.75970	-171.92434	356.87275	-1503.02900	31.34518	350.68384	-1484.37152	-154.86905	675.05426	-1671.37714	-33.43789	172.83916	-1504.26283	-235.66400	463.95828	-1539.71520	98.00445	471.98468	-1554.52249	-241.02231	237.93552	-1581.11959	85.41612	264.87864	
215	2.140	-1597.21551	-57.30087	996.63449	-1588.02444	-62.58985	805.92546	-1502.86949	18.09629	648.32218	-1604.02720	-40.81203	709.93405	-1593.52908	-109.45984	723.36247	-1635.42968	17.52173	132.94812	-1610.07207	-49.41912	139.64531	-1584.78235	-5.81200	107.22711	-1509.80929	-110.92091	388.43810	-1589.61400	-176.72933	83.49084	-1617.31046	-114.77979	98.66405	-1641.51777	-161.13293	116.51120	-1556.66318	-129.31378	73.09325	-1469.19537	-34.22997	964.67407	-1427.24956	-12.18997	396.08078	-1545.01981	-172.59572	357.19690	-1484.27644	33.20312	354.24131	-1478.15178	-155.27524	675.53475	-1647.56527	-29.85106	171.31608	-1501.77912	-236.35561	463.95779	-1525.32589	99.37882	474.08515	-1554.33621	-241.47774	238.15518	-1559.60412	88.02721	266.83892	
216	2.150	-1588.77529	-56.72626	996.88254	-1581.06243	-61.36613	805.90427	-1494.02997	18.04605	648.22108	-1596.64160	-39.05878	708.85296	-1587.02346	-107.79370	722.86896	-1610.08298	21.42938	132.21635	-1585.10193	-45.73057	139.11902	-1558.54902	-1.76065	108.25413	-1507.08691	-111.99958	388.06248	-1589.26764	-176.42881	84.02013	-1616.21439	-114.22032	99.43051	-1640.83483	-160.44947	117.43352	-1556.03576	-129.24151	73.27332	-1461.16306	-33.28617	963.77924	-1410.81626	-10.90919	401.36738	-1543.27140	-173.24009	357.52218	-1465.72762	35.02575	357.77062	-1471.94401	-155.65656	675.99839	-1623.74897	-26.19148	169.70443	-1499.26142	-237.00751	463.95287	-1511.03190	100.72940	476.17159	-1554.14376	-241.90833	238.37725	-1538.18100	90.65633	268.76352	
217	2.160	-1580.39464	-56.07253	997.06440	-1574.11013	-60.09869	805.82413	-1485.18563	18.00234	648.09111	-1589.22057	-37.30730	707.77234	-1580.48545	-106.11961	722.34941	-1584.69360	25.45647	131.38631	-1560.15312	-41.93347	138.46569	-1532.33116	2.36394	109.21491	-1504.33903	-112.99590	387.67959	-1588.94305	-176.10915	84.54870	-1615.14596	-113.65192	100.19000	-1640.16302	-159.74678	118.35473	-1555.42832	-129.15054	73.45027	-1453.16275	-32.32421	962.86224	-1394.77474	-9.75660	406.46840	-1541.47593	-173.82902	357.84838	-1447.55680	36.77341	361.21675	-1465.72907	-155.98827	676.42734	-1599.92998	-22.40557	167.91345	-1496.65403	-237.58229	463.93939	-1496.89359	102.03031	478.21182	-1553.91675	-242.29011	238.60685	-1516.92487	93.30890	270.59608	
218	2.170	-1572.07768	-55.30137	997.15094	-1567.14741	-58.76522	805.65897	-1476.30666	17.96899	647.91619	-1581.72416	-35.55103	706.68606	-1573.87866	-104.42711	721.78975	-1559.24439	29.63256	130.41089	-1535.24151	-38.00217	137.62779	-1506.14079	6.56825	110.06678	-1501.53096	-113.87902	387.28560	-1588.63885	-175.76776	85.08025	-1614.10525	-113.07461	100.94437	-1639.49523	-159.02150	119.28145	-1554.84022	-129.03751	73.62336	-1445.18698	-31.33146	961.91290	-1379.26362	-8.78740	411.28447	-1539.59178	-174.33945	358.17711	-1429.90023	38.41010	364.52053	-1459.48076	-156.25005	676.80823	-1576.10854	-18.45526	165.86928	-1493.90489	-238.05143	463.91597	-1482.95076	103.25857	480.17198	-1553.62426	-242.60456	238.85076	-1495.88726	95.98490	272.27904	
219	2.180	-1563.82013	-54.38169	997.11995	-1560.14903	-57.34736	805.38900	-1467.35906	17.94943	647.68168	-1574.11195	-33.78088	705.58563	-1567.16640	-102.70427	721.17790	-1533.74093	33.96090	129.25291	-1510.40278	-33.93572	136.56141	-1480.01052	10.83459	110.76704	-1498.62366	-114.62850	386.87852	-1588.34687	-175.40758	85.62011	-1613.08525	-112.49212	101.69805	-1638.81889	-158.27585	120.22293	-1554.26503	-128.90368	73.79271	-1437.22269	-30.29588	960.92393	-1364.38060	-8.04449	415.72159	-1537.57524	-174.75453	358.51131	-1412.85829	39.90389	367.61698	-1453.16927	-156.42699	677.13259	-1552.30297	-14.32585	163.52105	-1490.96890	-238.39682	463.88424	-1469.22725	104.39423	482.01461	-1553.23269	-242.83958	239.11711	-1475.10801	98.67514	273.75428	
220	2.190	-1555.61210	-53.29011	996.95612	-1553.08662	-55.83146	805.00075	-1458.30789	17.94680	647.37439	-1566.34567	-31.98616	704.46056	-1560.31387	-100.93863	720.50393	-1508.22777	38.41516	127.88553	-1485.70606	-29.76104	135.23616	-1454.00836	15.11911	111.27204	-1495.57370	-115.23399	386.45764	-1588.05217	-175.03697	86.17485	-1612.07204	-111.91184	102.45753	-1638.11584	-157.51753	121.19058	-1553.69063	-128.75491	73.95891	-1429.25391	-29.20646	959.89141	-1350.18613	-7.55839	419.69022	-1535.38046	-175.06321	358.85430	-1396.49994	41.22684	370.43457	-1446.76319	-156.50986	677.39626	-1528.56379	-10.03021	160.84227	-1487.80859	-238.61046	463.84837	-1455.73457	105.42003	483.69689	-1552.70546	-242.98933	239.41464	-1454.62588	101.35878	274.96388	
221	2.200	-1547.44026	-52.01049	996.65011	-1545.92973	-54.20881	804.48623	-1449.11933	17.96408	646.98232	-1558.39040	-30.15545	703.29885	-1553.28883	-99.11808	719.75974	-1482.79895	42.93971	126.29097	-1461.26171	-25.53265	133.63318	-1428.24633	19.35353	111.53643	-1492.33271	-115.69357	386.02231	-1587.73374	-174.66862	86.75171	-1611.04530	-111.34422	103.23076	-1637.36257	-156.75869	122.19748	-1553.09985	-128.60093	74.12240	-1421.26366	-28.05328	958.81477	-1336.70860	-7.34830	423.10475	-1532.95901	-175.25910	359.20828	-1380.86777	42.35483	372.89595	-1440.23057	-156.49463	677.59796	-1504.98254	-5.61010	157.82909	-1484.39316	-238.69280	463.81395	-1442.47463	106.32112	485.16987	-1552.00258	-243.05320	239.75176	-1434.48761	104.00224	275.85142	
222	2.210	-1539.28920	-50.53277	996.19720	-1538.64636	-52.47549	803.84164	-1439.76199	18.00439	646.49451	-1550.21488	-28.27773	702.08779	-1546.06156	-97.23202	718.93876	-1457.60274	47.45316	124.45823	-1437.22354	-21.32935	131.74216	-1402.88331	23.45023	111.51289	-1488.84686	-116.01166	385.57048	-1587.36555	-174.31792	87.35798	-1609.97928	-110.80157	104.02631	-1636.53062	-156.01428	123.25765	-1552.47156	-128.45408	74.28279	-1413.23494	-26.82760	957.69649	-1323.95034	-7.42357	425.88428	-1530.25937	-175.33910	359.57268	-1365.98297	43.26775	374.92035	-1433.53939	-156.38181	677.73755	-1481.69549	-1.13459	154.49627	-1480.69657	-238.65049	463.78631	-1429.44182	107.08497	486.37914	-1551.08038	-243.03436	240.13527	-1414.75513	106.55967	276.36351	
223	2.220	-1531.14251	-48.85185	995.59589	-1531.20317	-50.63218	803.06608	-1430.20801	18.07123	645.90115	-1541.79155	-26.34368	700.81519	-1538.60437	-95.27258	718.03559	-1432.84065	51.85459	122.38034	-1413.78603	-17.24811	129.55848	-1378.12231	27.30970	111.15300	-1485.05682	-116.19655	385.09701	-1586.91786	-174.00089	88.00033	-1608.84383	-110.29658	104.85251	-1635.58719	-155.30005	124.38534	-1551.78193	-128.32778	74.43823	-1405.15141	-25.52179	956.54159	-1311.89359	-7.78491	427.95477	-1527.22680	-175.30184	359.94235	-1351.84998	43.95025	376.42757	-1426.65773	-156.17549	677.81409	-1458.88257	3.30433	150.87216	-1476.69520	-238.49376	463.76854	-1416.62493	107.70179	487.26710	-1549.89163	-242.93808	240.56915	-1395.51017	108.97532	276.45158	
224	2.230	-1522.98343	-46.96649	994.84662	-1523.56584	-48.68402	802.16046	-1420.43414	18.16879	645.19411	-1533.09672	-24.34718	699.47101	-1530.89127	-93.23613	717.04603	-1408.76071	56.03198	120.05186	-1391.17688	-13.39572	127.08109	-1354.20265	30.83002	110.40950	-1480.89823	-116.25824	384.59209	-1586.35846	-173.73199	88.68421	-1607.60557	-109.84076	105.71662	-1634.49570	-154.63041	125.59420	-1551.00591	-128.23473	74.58486	-1396.99764	-24.12953	955.35711	-1300.50636	-8.42495	429.25261	-1523.80371	-175.14643	360.30591	-1338.46094	44.39319	377.34335	-1419.55400	-155.88243	677.82394	-1436.76156	7.59872	146.99346	-1472.36569	-238.23395	463.75939	-1404.00961	108.16548	487.77685	-1548.38597	-242.77003	241.05334	-1376.85598	111.18781	276.07377	
225	2.240	-1514.79527	-44.87846	993.95087	-1515.69970	-46.64070	801.12688	-1410.42312	18.30231	644.36784	-1524.11105	-22.28690	698.04924	-1522.89800	-91.12489	715.96726	-1385.64541	59.87252	117.46737	-1369.64560	-9.87849	124.31180	-1331.38766	33.91728	109.23990	-1476.30302	-116.20637	384.03995	-1585.65359	-173.52208	89.41349	-1606.22890	-109.44273	106.62418	-1633.21622	-154.01646	126.89658	-1550.11858	-128.18512	74.71660	-1388.75939	-22.64601	954.15164	-1289.74807	-9.32785	429.72931	-1519.93065	-174.87140	360.64442	-1325.79995	44.59573	377.60564	-1412.19734	-155.51094	677.75925	-1415.57790	11.63417	142.90060	-1467.68315	-237.88125	463.75125	-1391.58148	108.47517	487.85723	-1546.51056	-242.53473	241.58273	-1358.91593	113.13634	275.19697	
226	2.250	-1506.56188	-42.59209	992.91068	-1507.57075	-44.51665	799.96840	-1400.16528	18.47840	643.42079	-1514.82057	-20.16793	696.55002	-1514.60258	-88.94851	714.79834	-1363.79498	63.27397	114.62138	-1349.44877	-6.79098	121.25628	-1309.94875	36.49628	107.61144	-1471.20119	-116.04875	383.41808	-1584.76861	-173.37660	90.19028	-1604.67682	-109.10688	107.57864	-1631.70582	-153.46432	128.30298	-1549.09633	-128.18502	74.82523	-1380.42374	-21.06830	952.93485	-1279.57465	-10.46774	429.35669	-1515.54760	-174.47403	360.93070	-1313.84720	44.56804	377.17122	-1404.55826	-155.06990	677.60691	-1395.59076	15.30107	138.63469	-1462.61998	-237.44299	463.72864	-1379.32999	108.63723	487.46861	-1544.21087	-242.23437	242.14656	-1341.82887	114.76837	273.79920	
227	2.260	-1498.26802	-40.11420	991.72875	-1499.14725	-42.33128	798.68946	-1389.66036	18.70545	642.35689	-1505.21815	-18.00313	694.98154	-1505.98644	-86.72539	713.54091	-1343.50729	66.15628	111.51032	-1330.83314	-4.20457	117.92658	-1290.14723	38.52029	105.50679	-1465.52325	-115.79027	382.69712	-1583.66823	-173.29441	91.01513	-1602.91151	-108.83220	108.58126	-1629.91855	-152.97379	129.82168	-1547.91765	-128.23502	74.90092	-1371.97943	-19.39579	951.71729	-1269.94302	-11.80646	428.13220	-1510.59570	-173.95000	361.12933	-1302.58278	44.33420	376.02206	-1396.60973	-154.56767	677.34814	-1377.05605	18.50697	134.23645	-1457.14530	-236.92248	463.66737	-1367.25279	108.66762	486.58872	-1541.43149	-241.86787	242.72825	-1325.74159	116.04800	271.87262	
228	2.270	-1489.89975	-37.45443	990.40888	-1490.40159	-40.10925	797.29669	-1378.91926	18.99392	641.18715	-1495.30517	-15.81405	693.36162	-1497.03608	-84.48342	712.19991	-1325.05575	68.47235	108.13641	-1314.01764	-2.15721	114.34511	-1272.21518	39.97888	102.92985	-1459.20278	-115.43231	381.84160	-1582.31645	-173.26713	91.88760	-1600.89462	-108.61155	109.63158	-1627.80550	-152.53768	131.45872	-1546.56350	-128.32943	74.93330	-1363.41723	-17.63067	950.51023	-1260.81455	-13.29064	426.08364	-1505.01909	-173.29337	361.19761	-1291.98993	43.93483	374.17070	-1388.32857	-154.01104	676.95892	-1360.20777	21.18866	129.74721	-1451.22527	-236.31852	463.53465	-1355.36008	108.59412	485.21812	-1538.11717	-241.43046	243.30598	-1310.79880	116.96413	269.42701	
229	2.280	-1481.44498	-34.62581	988.95694	-1481.31253	-37.88050	795.80007	-1367.96551	19.35662	639.93101	-1485.09340	-13.63116	691.71844	-1487.74498	-82.25992	710.78429	-1308.66720	70.21667	104.51306	-1299.17611	-0.64562	110.54891	-1256.33720	40.90266	99.91059	-1452.17921	-114.97270	380.81163	-1580.67622	-173.27914	92.80722	-1598.58729	-108.43152	110.72819	-1625.31466	-152.14162	133.21816	-1545.01708	-128.45606	74.91292	-1354.73034	-15.77843	949.32563	-1252.15753	-14.84923	423.27248	-1498.76667	-172.49681	361.08749	-1282.05733	43.42890	371.66401	-1379.69707	-153.40433	676.41111	-1345.23914	23.32275	125.21188	-1444.82401	-235.62547	463.29034	-1343.67817	108.45811	483.38435	-1534.21385	-240.91375	243.85379	-1297.13154	117.53692	266.49365	
230	2.290	-1472.89397	-31.64562	987.38196	-1471.86749	-35.67995	794.21415	-1356.83609	19.80872	638.61707	-1474.60634	-11.49308	690.09042	-1478.11562	-80.10054	709.30757	-1294.50173	71.43043	100.67053	-1286.42216	0.37862	106.59346	-1242.63468	41.36392	96.50791	-1444.40033	-114.40600	379.56554	-1578.70908	-173.30838	93.77477	-1595.94990	-108.27281	111.86993	-1622.39105	-151.76451	135.10274	-1543.26297	-128.59672	74.83325	-1345.91492	-13.84824	948.17626	-1243.94843	-16.39195	419.79523	-1491.79370	-171.55208	360.74843	-1272.78019	42.89397	368.58464	-1370.70479	-152.74846	675.67451	-1332.28537	24.93303	120.68269	-1437.90513	-234.83391	462.88949	-1332.25148	108.31546	481.14424	-1529.66990	-240.30618	244.34347	-1284.84492	117.82164	263.12869	
231	2.300	-1464.23991	-28.53623	985.69745	-1462.06466	-33.54668	792.55923	-1345.58135	20.36769	637.28317	-1463.88011	-9.44488	688.52499	-1468.16123	-78.05698	707.78801	-1282.63650	72.20190	96.66064	-1275.79809	1.00828	102.55479	-1231.15435	41.47259	92.80956	-1435.82477	-113.72422	378.06345	-1576.37480	-173.32770	94.79384	-1592.94176	-108.11126	113.05740	-1618.97721	-151.37968	137.11468	-1541.28564	-128.72837	74.69294	-1336.97053	-11.85320	947.07576	-1236.17230	-17.81002	415.78213	-1484.06320	-170.45072	360.13117	-1264.15989	42.42437	365.04964	-1361.35028	-152.04040	674.71950	-1321.40995	26.09332	116.22271	-1430.43354	-233.93160	462.28591	-1321.14238	108.23585	478.58388	-1524.43734	-239.59394	244.74708	-1274.00653	117.90859	259.41498	
232	2.310	-1455.47937	-25.32593	983.92243	-1451.91462	-31.52245	790.86211	-1334.26372	21.05282	635.97543	-1452.96327	-7.53507	687.07623	-1457.90699	-76.18347	706.24861	-1273.05562	72.66120	92.55868	-1267.26921	1.37411	98.52860	-1221.86238	41.36732	88.92846	-1426.42394	-112.91768	376.27151	-1573.63119	-173.30692	95.87241	-1589.52079	-107.91943	114.29444	-1615.01418	-150.95660	139.25669	-1539.06744	-128.82505	74.49821	-1327.90053	-9.81037	946.03878	-1228.82230	-18.97956	411.39255	-1475.54707	-169.18487	359.19209	-1256.20260	42.12687	361.20576	-1351.64261	-151.27281	673.52024	-1312.59641	26.92445	111.90759	-1422.37765	-232.90473	461.43672	-1310.42835	108.30029	475.81553	-1518.47334	-238.76218	245.04003	-1264.63681	117.91855	255.46120	
233	2.320	-1446.61280	-22.04936	982.08225	-1441.44141	-29.64971	789.15630	-1322.95524	21.88443	634.74625	-1441.91542	-5.81180	685.80153	-1447.39033	-74.53229	704.71654	-1265.64782	72.96908	88.46149	-1260.72452	1.63318	94.62611	-1214.64511	41.20249	84.99538	-1416.18372	-111.97608	374.16666	-1570.43419	-173.21528	97.02421	-1585.64328	-107.66868	115.58944	-1610.44314	-150.46318	141.53280	-1536.58605	-128.86031	74.26495	-1318.71226	-7.74058	945.08100	-1221.89889	-19.76838	406.80693	-1466.22716	-167.74819	357.89793	-1248.91685	42.11376	357.22129	-1341.60248	-150.43411	672.05821	-1305.74691	27.58489	107.82423	-1413.71152	-231.73925	460.30745	-1300.19670	108.59659	472.97151	-1511.74165	-237.79640	245.20433	-1256.70321	117.99356	251.39733	
234	2.330	-1437.64473	-18.74761	980.20888	-1430.68260	-27.96885	787.48145	-1311.73386	22.88270	633.65136	-1430.80471	-4.31813	684.75757	-1436.66032	-73.14861	703.22233	-1260.21329	73.30053	84.48111	-1255.98422	1.95285	90.96616	-1209.31679	41.13237	81.14859	-1405.10568	-110.88952	371.74134	-1566.73821	-173.02409	98.26961	-1581.26389	-107.33137	116.95614	-1605.20772	-149.86821	143.94890	-1533.81170	-128.80984	74.02042	-1309.41718	-5.66794	944.21897	-1215.40864	-20.04605	402.21538	-1456.09610	-166.13676	356.23044	-1242.31079	42.49390	353.27472	-1331.26266	-149.50908	670.32556	-1300.68868	28.25520	104.06595	-1404.41710	-230.42218	458.87719	-1290.53695	109.21271	470.19503	-1504.21425	-236.68393	245.23193	-1250.11979	118.28376	247.36603	
235	2.340	-1428.58392	-15.46759	978.34053	-1419.68844	-26.51527	785.88201	-1300.67879	24.06612	632.74594	-1419.70418	-3.08718	683.99586	-1425.77598	-72.06517	701.79866	-1256.47988	73.82488	80.73448	-1252.81341	2.49201	87.66463	-1205.63385	41.29456	77.52170	-1393.20763	-109.64943	369.00773	-1562.49676	-172.70930	99.63564	-1576.33592	-106.88310	118.41363	-1599.25686	-149.14384	146.51266	-1530.70428	-128.65417	73.80376	-1300.03064	-3.61906	943.46983	-1209.36284	-19.69645	397.80393	-1445.15808	-164.34993	354.19043	-1236.38946	43.36226	349.54107	-1320.66782	-148.47988	668.32816	-1297.18808	29.11748	100.72426	-1394.48627	-228.94281	457.14321	-1281.53186	110.22860	467.62869	-1495.87279	-235.41524	245.12747	-1244.75327	118.93140	243.51061	
236	2.350	-1419.44311	-12.26084	976.52065	-1408.52009	-25.31611	784.40509	-1289.86536	25.44977	632.08044	-1408.68737	-2.13745	683.55851	-1414.80370	-71.29755	700.47889	-1254.12769	74.68488	77.33085	-1250.94073	3.38212	84.82261	-1203.31445	41.79506	74.23160	-1380.52365	-108.24924	366.00098	-1557.66336	-172.25339	101.15495	-1570.81185	-106.30442	119.98522	-1592.54787	-148.26756	149.23280	-1527.21080	-128.38079	73.66524	-1290.57149	-1.62205	942.85083	-1203.77582	-18.63142	393.73957	-1433.42936	-162.39089	351.80084	-1231.15256	44.78948	346.17723	-1309.87350	-147.32765	666.08779	-1294.97109	30.33222	97.87836	-1383.92275	-227.29371	455.12445	-1273.24812	111.70717	465.40174	-1486.71010	-233.98494	244.91021	-1240.43621	120.05418	239.96125	
237	2.360	-1410.23874	-9.18153	974.79616	-1397.24689	-24.38738	783.09776	-1279.35996	27.04341	631.69620	-1397.82371	-1.46921	683.47447	-1403.81391	-70.84055	699.29542	-1252.81912	75.97819	74.35908	-1250.07971	4.71082	82.51521	-1202.06113	42.69706	71.36829	-1367.10325	-106.68481	362.78083	-1552.19246	-171.64654	102.86343	-1564.64410	-105.58182	121.69628	-1585.04942	-147.22345	152.11738	-1523.26345	-127.98538	73.66387	-1281.06151	0.29471	942.37856	-1198.66277	-16.80373	390.15635	-1420.93847	-160.26699	349.10822	-1226.59284	46.81264	343.30825	-1298.94423	-146.03452	663.64321	-1293.74772	32.01592	95.58461	-1372.74356	-225.47165	452.86333	-1265.72797	113.68571	463.61780	-1476.73120	-232.39238	244.61465	-1236.98561	121.73015	236.82180	
238	2.370	-1400.99023	-6.28392	973.21526	-1385.94304	-23.73168	782.00396	-1269.21551	28.84979	631.62170	-1387.17426	-1.06244	683.75690	-1392.87741	-70.66660	698.27808	-1252.23017	77.74402	71.87759	-1249.95008	6.51054	80.78327	-1201.58373	44.01527	68.98819	-1353.00961	-104.95466	359.43124	-1546.04029	-170.88640	104.79657	-1557.78589	-104.70784	123.57084	-1576.74376	-146.00239	155.17132	-1518.77872	-127.47182	73.86327	-1271.52455	2.10395	942.06813	-1194.03692	-14.21697	387.14446	-1407.72603	-157.98968	346.18239	-1222.69481	49.42870	341.01675	-1287.95102	-144.58576	661.04979	-1293.23681	34.22320	93.86809	-1360.97997	-223.47821	450.42545	-1258.98302	116.16907	462.34476	-1465.95397	-230.64173	244.28950	-1234.22431	123.98655	234.15982	
239	2.380	-1391.71919	-3.61930	971.82477	-1374.68391	-23.33686	781.16140	-1259.46825	30.86330	631.86979	-1376.78830	-0.87701	684.40188	-1382.06176	-70.72648	697.45257	-1252.07790	79.95763	69.90886	-1250.29637	8.75426	79.62945	-1201.61945	45.71613	67.11176	-1338.31709	-103.06001	356.05780	-1539.16550	-169.97679	106.98475	-1550.19227	-103.68006	125.62750	-1567.62797	-144.60118	158.39333	-1513.65801	-126.85064	74.32606	-1261.98569	3.78086	941.93215	-1189.90640	-10.93034	384.74442	-1393.84397	-155.57410	343.11404	-1219.43383	52.59196	339.33710	-1276.96812	-142.97200	658.37756	-1293.18750	36.93676	92.71849	-1348.67778	-221.32026	447.89709	-1252.99125	119.12602	461.60872	-1454.40923	-228.74141	243.99503	-1232.00085	126.79466	232.00188	
240	2.390	-1382.44844	-1.23277	970.66738	-1363.54236	-23.17614	780.59892	-1250.13606	33.06934	632.43636	-1366.70119	-0.85523	685.38871	-1371.42787	-70.95262	696.83914	-1252.13974	82.53369	68.43958	-1250.90145	11.35903	79.01956	-1201.94756	47.72403	65.72573	-1323.10780	-101.00485	352.78283	-1531.52955	-168.92510	109.44776	-1541.82103	-102.49933	127.87487	-1557.71357	-143.02085	161.77246	-1507.78993	-126.13626	75.10724	-1252.47015	5.30444	941.97972	-1186.27072	-7.05672	382.94754	-1379.35422	-153.03840	340.01025	-1216.77514	56.21608	338.25577	-1266.06948	-141.19101	655.70771	-1293.39442	40.06759	92.09141	-1335.89676	-219.01027	445.38027	-1247.69766	122.48971	461.39299	-1442.13993	-226.70326	243.79871	-1230.20345	130.07161	230.33499	
241	2.400	-1373.20089	0.83998	969.77900	-1352.58535	-23.20950	780.33438	-1241.21868	35.44446	633.30067	-1356.93374	-0.92691	686.68166	-1361.02741	-71.26491	696.45152	-1252.26191	85.33809	67.42623	-1251.59391	14.19706	78.88881	-1202.39740	49.93216	64.78880	-1307.46780	-98.79627	349.73855	-1523.09674	-167.73918	112.18944	-1532.63369	-101.16747	130.30749	-1547.02463	-141.26432	165.28501	-1501.05450	-125.34309	76.24732	-1243.00233	6.65858	942.21548	-1183.11742	-2.75368	381.70256	-1364.32673	-150.40291	336.98833	-1214.67284	60.18081	337.71755	-1255.32496	-139.24890	653.12763	-1293.70462	43.46584	91.91502	-1322.70917	-216.56636	442.98616	-1243.01881	126.16268	461.64251	-1429.19964	-224.54125	243.76961	-1228.76484	133.68927	229.11357	
242	2.410	-1363.99843	2.57543	969.18652	-1341.87118	-23.38654	780.37349	-1232.69955	37.95749	634.42737	-1347.49299	-1.01614	688.23295	-1350.90084	-71.57828	696.29625	-1252.35696	88.20648	66.80455	-1252.24917	17.11264	79.15173	-1202.84926	52.21655	64.23999	-1291.48293	-96.44496	347.05886	-1513.83421	-166.42394	115.19308	-1522.59639	-99.68493	132.90265	-1535.59435	-139.33412	168.89208	-1493.32917	-124.48138	77.76630	-1233.60479	7.83285	942.63887	-1180.41935	1.79211	380.92745	-1348.83696	-147.68937	334.16845	-1213.06906	64.34282	337.63673	-1244.79666	-137.16030	650.72511	-1294.01664	46.94080	92.10071	-1309.19741	-214.01216	440.82699	-1238.85050	130.02581	462.27282	-1415.65005	-222.27012	243.97203	-1227.65703	137.48905	228.27017	
243	2.420	-1354.86089	3.96421	968.90605	-1331.44749	-23.65034	780.70963	-1224.54922	40.57146	635.76983	-1338.37427	-1.04924	689.98654	-1341.07648	-71.81117	696.37225	-1252.39228	90.96660	66.50084	-1252.78550	19.94247	79.71374	-1203.22948	54.45134	64.00770	-1275.23500	-93.96609	344.87048	-1503.71191	-164.97866	118.41855	-1511.68085	-98.04890	135.61905	-1523.46060	-137.23048	172.53876	-1484.49621	-123.55341	79.65921	-1224.29739	8.82299	943.24352	-1178.13289	6.38459	380.52382	-1332.96299	-144.92026	331.66580	-1211.89336	68.54922	337.91094	-1234.53571	-134.94769	648.58198	-1294.27289	50.28700	92.55542	-1295.45063	-211.37642	439.00780	-1235.07778	133.95010	463.18204	-1401.55787	-219.90415	244.45911	-1226.87779	141.30028	227.72773	
244	2.430	-1345.80512	5.01218	968.94194	-1321.35015	-23.94195	781.32456	-1216.72957	43.24621	637.27439	-1329.56400	-0.96257	691.88209	-1331.57036	-71.89372	696.67078	-1252.37314	93.46103	66.44250	-1253.15668	22.53634	80.48248	-1203.50143	56.52328	64.01830	-1258.79834	-91.38030	343.28456	-1492.70292	-163.39525	121.80189	-1499.86528	-96.25217	138.39771	-1510.66117	-134.95039	176.15503	-1474.45077	-122.55081	81.89437	-1215.09655	9.63084	944.01702	-1176.19771	10.83944	380.39116	-1316.78234	-142.11832	329.58309	-1211.06332	72.65211	338.43516	-1224.57971	-132.63970	646.76818	-1294.44817	53.31221	93.19329	-1281.56040	-208.69217	437.61855	-1231.58573	137.80936	464.26384	-1386.99121	-217.45611	245.26729	-1226.43280	144.95961	227.41087	
245	2.440	-1336.84422	5.74029	969.28645	-1311.60288	-24.20499	782.18987	-1209.19834	45.94114	638.88485	-1321.04281	-0.70909	693.85880	-1322.38683	-71.77461	697.17560	-1252.32415	95.56681	66.56621	-1253.34316	24.77516	81.37684	-1203.65476	58.34369	64.20301	-1242.23737	-88.71436	342.38947	-1480.78424	-161.65819	125.25790	-1487.13530	-94.28317	141.16529	-1497.22943	-132.48755	179.65894	-1463.10886	-121.45372	84.41471	-1206.01467	10.26394	944.94102	-1174.53833	15.00305	380.43850	-1300.36880	-139.30626	328.00432	-1210.48654	76.52228	339.11353	-1214.95109	-130.26875	645.33660	-1294.53701	55.86273	93.94440	-1267.61561	-205.99558	436.72777	-1228.26954	141.49193	465.41929	-1372.01583	-214.93672	246.41228	-1226.31785	148.32843	227.25464	
246	2.450	-1327.98710	6.18330	969.92033	-1302.21765	-24.38977	783.26904	-1201.91340	48.61800	640.54672	-1312.78862	-0.26280	695.85847	-1313.51987	-71.42540	697.86339	-1252.27273	97.20917	66.82241	-1253.34351	26.58371	82.33281	-1203.69475	59.85641	64.50253	-1225.60508	-86.00129	342.24571	-1467.93811	-159.74584	128.68563	-1473.48486	-92.12704	143.83965	-1483.19122	-129.83353	182.96177	-1450.41415	-120.23199	87.14223	-1197.05980	10.73470	945.99158	-1173.06749	18.76631	380.59176	-1283.78944	-136.50648	326.99028	-1210.06433	80.06015	339.86735	-1205.65673	-127.86845	644.31949	-1294.54235	57.84209	94.75939	-1253.69699	-203.32421	436.37836	-1225.04239	144.90992	466.56600	-1356.69173	-212.35442	247.88723	-1226.50541	151.30612	227.20945	
247	2.460	-1319.23816	6.38731	970.81400	-1293.19552	-24.45658	784.51978	-1194.83610	51.24313	642.21068	-1304.77911	0.37957	697.82794	-1304.95478	-70.84213	698.70445	-1252.23717	98.36751	67.17623	-1253.16718	27.93653	83.30573	-1203.63347	61.04112	64.86921	-1208.94260	-83.27935	342.88335	-1454.15387	-157.63329	131.97641	-1458.91707	-89.76758	146.33694	-1468.56348	-126.97957	185.97475	-1436.34289	-118.84826	89.98506	-1188.23544	11.05928	947.14001	-1171.69125	22.07140	380.79642	-1267.10200	-133.74068	326.57626	-1209.69684	83.20264	340.63871	-1196.68856	-125.47097	643.72668	-1294.46715	59.22027	95.60984	-1239.87168	-200.71495	436.58586	-1221.84009	148.00471	467.64360	-1341.07037	-209.71569	249.66335	-1226.93806	153.83743	227.24242	
248	2.470	-1310.59736	6.40652	971.92935	-1284.52786	-24.37782	785.89652	-1187.93352	53.78901	643.83492	-1296.99351	1.19974	699.72048	-1296.67018	-70.04389	699.66358	-1252.22052	99.07325	67.60550	-1252.82925	28.85646	84.26933	-1203.48354	61.91173	65.26730	-1192.27998	-80.58991	344.30221	-1439.42999	-155.29604	135.02344	-1443.44474	-87.18982	148.57935	-1453.35464	-123.91891	188.61645	-1420.90616	-117.26274	92.84634	-1179.54061	11.25624	948.35375	-1170.31526	24.91098	381.01618	-1250.35307	-131.02923	326.77209	-1209.28893	85.92522	341.39014	-1188.02544	-123.10497	643.54571	-1294.30983	60.03250	96.48501	-1226.18851	-198.20154	437.33935	-1218.62185	150.74845	468.61533	-1325.19300	-207.02561	251.69295	-1227.52988	155.91353	227.33543	
249	2.480	-1302.06034	6.29929	973.22202	-1276.19781	-24.13896	787.35277	-1181.17941	56.23498	645.38644	-1289.41350	2.16146	701.49662	-1288.64012	-69.06893	700.70125	-1252.21008	99.40036	68.09697	-1252.34715	29.40662	85.21236	-1203.25476	62.51065	65.67170	-1175.63781	-77.97409	346.47446	-1423.77586	-152.71407	137.73142	-1427.09057	-84.38286	150.50237	-1437.56666	-120.64906	190.81979	-1404.14915	-115.43867	95.63345	-1170.97006	11.34523	949.59773	-1168.85146	27.32073	381.22900	-1233.57705	-128.39023	327.56409	-1208.75599	88.23925	342.10133	-1179.63586	-120.79414	643.74377	-1294.06325	60.36852	97.38645	-1212.67475	-195.81207	438.60468	-1215.36773	153.14180	469.46616	-1309.08986	-204.28862	253.91450	-1228.17457	157.56699	227.48114	
250	2.490	-1293.61882	6.12405	974.64383	-1268.18172	-23.73831	788.84332	-1174.55395	58.56717	646.84126	-1282.02325	3.21591	703.12441	-1280.83605	-67.96895	701.77507	-1252.18134	99.45088	68.64217	-1251.73894	29.67764	86.13411	-1202.95313	62.90005	66.06586	-1159.02979	-75.46876	349.34916	-1407.21294	-149.87565	140.02516	-1409.88675	-81.34247	152.06028	-1421.19798	-117.17381	192.53757	-1386.14766	-113.34794	98.26638	-1162.51465	11.34558	950.83564	-1167.22442	29.36717	381.42216	-1216.79645	-125.83832	328.91880	-1208.02872	90.18524	342.76442	-1171.48111	-118.55656	644.27112	-1293.71636	60.35483	98.32177	-1199.33498	-193.56680	440.32935	-1212.07341	155.20870	470.19838	-1292.78063	-201.50932	256.25915	-1228.75829	158.86200	227.67819	
251	2.500	-1285.26107	5.93532	976.14537	-1260.45056	-23.18581	790.32612	-1168.04248	60.77775	648.18379	-1274.80883	4.30797	704.57929	-1273.22856	-66.80258	702.84148	-1252.10448	99.33816	69.23382	-1251.02279	29.77272	87.03965	-1202.58175	63.15172	66.43960	-1142.46586	-73.10239	352.85812	-1389.77478	-146.78051	141.85549	-1391.87385	-78.07323	153.22932	-1404.24683	-113.50467	193.74563	-1367.00208	-110.97573	100.68405	-1154.16179	11.27528	952.03142	-1165.37634	31.13344	381.58774	-1200.02334	-123.38347	330.78755	-1207.05643	91.82357	343.37903	-1163.51884	-116.40480	645.06554	-1293.25757	60.13359	99.29914	-1186.15265	-191.47656	442.44851	-1208.74363	156.98933	470.82588	-1276.27548	-198.69311	258.65748	-1229.17380	159.88189	227.92662	
252	2.510	-1276.97245	5.78021	977.67834	-1252.97131	-22.50109	791.76374	-1161.63375	62.86369	649.40574	-1267.75705	5.38238	705.84393	-1265.78872	-65.62896	703.85760	-1251.95131	99.17076	69.86344	-1250.21684	29.79297	87.93576	-1202.14253	63.33711	66.78711	-1125.95574	-70.89167	356.92200	-1371.50571	-143.44170	143.20202	-1373.09911	-74.58995	154.00787	-1386.71417	-109.66162	194.44313	-1346.82957	-108.32362	102.84778	-1145.89609	11.15001	953.15063	-1163.27013	32.70537	381.71923	-1183.26213	-121.02987	333.11149	-1205.80850	93.22420	343.94815	-1155.70617	-114.34660	646.05722	-1292.67834	59.84206	100.32322	-1173.09449	-189.54213	444.89086	-1205.38568	158.53263	471.36826	-1259.57697	-195.84665	261.04572	-1229.33326	160.71586	228.22447	
253	2.520	-1268.73603	5.69568	979.19762	-1245.70812	-21.71111	793.12447	-1155.31783	64.82546	650.50470	-1260.85420	6.38915	706.90793	-1258.48885	-64.50216	704.78325	-1251.70119	99.03954	70.52046	-1249.33920	29.82535	88.82800	-1201.63805	63.51902	67.10538	-1109.51247	-68.83939	361.45608	-1352.45813	-139.88629	144.07202	-1353.61418	-70.91823	154.41385	-1368.60570	-105.67333	194.64990	-1325.75535	-105.41061	104.74158	-1137.69986	10.98267	954.16171	-1160.89016	34.15995	381.80980	-1166.51350	-118.77535	335.82614	-1204.27400	94.45701	344.47526	-1148.00243	-112.38585	647.17373	-1291.97608	59.59567	101.39317	-1160.11730	-187.75466	447.58398	-1202.00415	159.88931	471.84571	-1242.68220	-192.97809	263.37036	-1229.17731	161.44727	228.56606	
254	2.530	-1260.53313	5.70665	980.66299	-1238.62345	-20.84761	794.38293	-1149.08423	66.66560	651.48268	-1254.08470	7.28756	707.76748	-1251.30279	-63.46702	705.58274	-1251.34460	99.00933	71.19251	-1248.40764	29.93455	89.71916	-1201.07306	63.74578	67.39320	-1093.15554	-66.93422	366.37481	-1332.68890	-136.15443	144.49614	-1333.47271	-67.09402	154.47970	-1349.93293	-101.57675	194.40127	-1303.90413	-102.27194	106.36961	-1129.55381	10.78307	955.03706	-1158.24069	35.55763	381.85181	-1149.77891	-116.61129	338.86514	-1202.45956	95.58406	344.96279	-1140.37101	-110.52366	648.34444	-1291.15576	59.47703	102.50233	-1147.17651	-186.09711	450.45810	-1198.59788	161.10633	472.27537	-1225.58528	-190.09708	265.59069	-1228.67929	162.14476	228.94171	
255	2.540	-1252.34394	5.82521	982.04020	-1231.67896	-19.94462	795.52025	-1142.92035	68.38768	652.34476	-1247.43003	8.04850	708.42484	-1244.20574	-62.55667	706.22649	-1250.88421	99.11589	71.86652	-1247.43893	30.15957	90.60884	-1200.45511	64.04839	67.65052	-1076.91345	-65.15220	371.59478	-1312.25517	-132.29721	144.52139	-1312.72814	-63.16233	154.24603	-1330.71305	-97.41630	193.74124	-1281.39256	-98.95581	107.75125	-1121.43759	10.55795	955.75383	-1155.34235	36.93863	381.83743	-1133.06528	-114.52324	342.16264	-1200.38594	96.65452	345.41183	-1132.78028	-108.75935	649.50420	-1290.22988	59.53161	103.63953	-1134.23497	-184.54642	453.44814	-1195.15912	162.22327	472.66935	-1208.27983	-187.21456	267.67889	-1227.84440	162.85715	229.33896	
256	2.550	-1244.14813	6.05075	983.30164	-1224.83633	-19.03629	796.52386	-1136.81048	69.99557	653.09789	-1240.86802	8.65521	708.88759	-1237.17359	-61.79171	706.69207	-1250.33347	99.36748	72.53028	-1246.44794	30.51443	91.49394	-1199.79450	64.44053	67.87811	-1060.82514	-63.45978	377.03573	-1291.21055	-128.37339	144.20286	-1291.43210	-59.17508	153.75461	-1310.96829	-93.24262	192.71511	-1258.32368	-95.51869	108.91470	-1113.33036	10.31129	956.29444	-1152.22718	38.32317	381.75965	-1116.38925	-112.49210	345.65428	-1198.08374	97.70236	345.82256	-1125.20362	-107.09106	650.59600	-1289.21695	59.76954	104.79112	-1121.27058	-183.07607	456.49404	-1191.67473	163.27057	473.03429	-1190.76121	-184.34256	269.61785	-1226.70466	163.61212	229.74439	
257	2.560	-1235.92534	6.37087	984.42641	-1218.05796	-18.15506	797.38688	-1130.73538	71.49310	653.74993	-1234.37256	9.10254	709.16756	-1230.18218	-61.18089	706.96465	-1249.71366	99.75007	73.17376	-1245.44655	30.99231	92.36976	-1199.10356	64.92073	68.07737	-1044.94023	-61.81765	382.61994	-1269.60243	-124.44550	143.59520	-1269.63388	-55.18841	153.04195	-1290.72498	-89.11094	191.36244	-1234.78399	-92.01979	109.89014	-1105.21132	10.04472	956.64672	-1148.93317	39.71462	381.61330	-1099.78025	-110.49572	349.27683	-1195.58879	98.74667	346.19508	-1117.61863	-105.51604	651.57252	-1288.13908	60.17223	105.94335	-1108.28130	-181.65858	459.53958	-1188.12851	164.26947	473.37218	-1173.02848	-181.49377	271.39711	-1225.31100	164.41815	230.14577	
258	2.570	-1227.65582	6.76312	985.39990	-1211.30740	-17.33038	798.10712	-1124.67229	72.88415	654.30885	-1227.91371	9.39504	709.27940	-1223.20629	-60.72278	707.03671	-1249.04992	100.23442	73.79024	-1244.44282	31.57154	93.23109	-1198.39549	65.47609	68.25016	-1029.31793	-60.18470	388.27009	-1247.47100	-120.57560	142.74512	-1247.38122	-51.25962	152.13408	-1270.01309	-85.07914	189.71156	-1210.84358	-88.51552	110.70312	-1097.06016	9.75802	956.80388	-1145.49869	41.10437	381.39578	-1083.28194	-108.51073	352.96672	-1192.93765	99.79380	346.53024	-1110.00572	-104.03068	652.39661	-1287.01897	60.70165	107.08454	-1095.28665	-180.26748	462.53043	-1184.50385	165.23308	473.68180	-1155.08605	-178.68109	273.00793	-1223.72412	165.26854	230.53384	
259	2.580	-1219.32090	7.19711	986.21300	-1204.54971	-16.58776	798.68591	-1118.59534	74.17304	654.78197	-1221.45817	9.54450	709.23890	-1216.21887	-60.40826	706.90707	-1248.36736	100.78382	74.37691	-1243.44045	32.22231	94.07334	-1197.68312	66.08667	68.39867	-1014.02467	-58.52142	393.90633	-1224.85062	-116.82130	141.68580	-1224.72270	-47.44410	151.04313	-1248.86657	-81.20558	187.77610	-1186.55930	-85.05475	111.36916	-1088.85749	9.44968	956.76406	-1141.95765	42.47735	381.10732	-1066.95176	-106.51434	356.65794	-1190.16344	100.84059	346.83018	-1102.34638	-102.63019	653.04091	-1285.87713	61.31030	108.20672	-1082.32532	-178.87872	465.41209	-1180.78572	166.16808	473.96043	-1136.94500	-175.91716	274.43823	-1222.00563	166.14661	230.90350	
260	2.590	-1210.90357	7.63696	986.86101	-1197.75152	-15.94833	799.12663	-1112.47620	75.36504	655.17540	-1214.96995	9.56715	709.06113	-1209.19039	-60.22315	706.57935	-1247.68773	101.36080	74.93498	-1242.43880	32.91267	94.89326	-1196.97767	66.72965	68.52523	-999.13063	-56.79220	399.44313	-1201.77375	-113.23249	140.43364	-1201.71161	-43.79257	149.76593	-1227.32518	-77.54669	185.55405	-1161.98082	-81.67537	111.88990	-1080.58524	9.11739	956.52988	-1138.33562	43.81696	380.75068	-1050.85850	-104.48588	360.27988	-1187.29236	101.87797	347.09844	-1094.62146	-101.30821	653.48672	-1284.72957	61.95017	109.30655	-1069.44934	-177.47120	468.12832	-1176.96156	167.07672	474.20520	-1118.62436	-173.21377	275.66845	-1220.21058	167.03075	231.25425	
261	2.600	-1202.38896	8.04375	987.34231	-1190.88099	-15.42867	799.43330	-1106.28479	76.46690	655.49338	-1208.41121	9.48099	708.75872	-1202.08842	-60.15078	706.06020	-1247.02717	101.93235	75.46950	-1241.43342	33.61309	95.68941	-1196.28783	67.38285	68.63224	-984.70538	-54.96637	404.78676	-1178.27713	-109.84897	138.98759	-1178.41113	-40.34892	148.28470	-1205.43771	-74.15469	183.02929	-1137.15881	-78.40255	112.25114	-1072.22700	8.75855	956.10769	-1134.64698	45.10895	380.33036	-1035.07814	-102.40796	363.75561	-1184.34086	102.89421	347.33950	-1086.80961	-100.05652	653.72248	-1283.58649	62.57940	110.38559	-1056.71581	-176.02656	470.62052	-1173.02070	167.95847	474.41389	-1100.15223	-170.58128	276.66908	-1218.38182	167.89884	231.58984	
262	2.610	-1193.76476	8.37792	987.65706	-1183.90758	-15.04081	799.60912	-1099.98998	77.48731	655.73769	-1201.74309	9.30374	708.34037	-1194.87771	-60.17406	705.35744	-1246.39502	102.47301	75.98879	-1240.41711	34.29930	96.46224	-1195.61909	68.02712	68.72209	-970.81318	-53.01816	409.83401	-1154.41005	-106.69933	137.33089	-1154.90032	-37.14874	146.56946	-1183.26665	-71.07531	180.17533	-1112.15457	-75.24899	112.42308	-1063.76832	8.37057	955.50692	-1130.89321	46.34369	379.85137	-1019.68846	-100.26720	367.00119	-1181.31361	103.87746	347.55776	-1078.88625	-98.86486	653.74218	-1282.45167	63.16612	111.44992	-1044.17750	-174.52857	472.82842	-1168.95273	168.81155	474.58496	-1081.56712	-168.02808	277.40030	-1216.54655	168.73121	231.91715	
263	2.620	-1185.02163	8.60145	987.80592	-1176.80170	-14.79237	799.65523	-1093.56028	78.43703	655.90694	-1194.92658	9.05136	707.80988	-1187.52058	-60.27698	704.47862	-1245.79373	102.96592	76.50378	-1239.38091	34.95321	97.21392	-1194.97339	68.64762	68.79710	-957.50832	-50.92587	414.47275	-1130.24363	-103.80114	135.43471	-1131.28041	-34.21887	144.58207	-1160.89388	-68.34605	176.96078	-1087.05005	-72.21686	112.36248	-1055.19699	7.95120	954.73939	-1127.06204	47.51701	379.31762	-1004.76318	-98.05455	369.92649	-1178.20205	104.81733	347.75598	-1070.82322	-97.72099	653.54382	-1281.32275	63.68958	112.50940	-1031.87421	-172.96219	474.69198	-1164.74501	169.63375	474.71663	-1062.91938	-165.56020	277.81390	-1214.71469	169.51237	232.24464	
264	2.630	-1176.15345	8.67974	987.78906	-1169.53444	-14.68657	799.56985	-1086.96443	79.32869	655.99603	-1187.92341	8.73744	707.16578	-1179.97778	-60.44536	703.43014	-1245.21944	103.40216	77.02717	-1238.31517	35.56239	97.94807	-1194.34918	69.23394	68.85952	-944.83089	-48.67094	418.58465	-1105.88026	-101.16230	133.26341	-1107.68040	-31.57772	142.28129	-1138.42653	-65.99483	173.35597	-1061.95703	-69.30131	112.01678	-1046.50322	7.49872	953.81870	-1123.12709	48.62977	378.73013	-990.36619	-95.76537	372.43764	-1174.98360	105.70553	347.93349	-1062.58916	-96.61114	653.12839	-1280.19181	64.13894	113.57669	-1019.82619	-171.31289	476.15424	-1160.38017	170.42290	474.80541	-1044.27280	-163.18108	277.85730	-1212.87877	170.23122	232.58049	
265	2.640	-1167.15746	8.58311	987.60541	-1162.07737	-14.72218	799.34783	-1080.17203	80.17631	655.99556	-1180.69702	8.37342	706.40169	-1172.20982	-60.66684	702.21725	-1244.66284	103.77895	77.57272	-1237.20995	36.11861	98.66932	-1193.74147	69.77933	68.91150	-932.80364	-46.23749	422.05025	-1081.46176	-98.78337	130.78046	-1084.26109	-29.23638	139.62864	-1116.00216	-64.03942	169.33980	-1037.02436	-66.49501	111.32974	-1037.67979	7.01210	952.75988	-1119.04809	49.68654	378.08514	-976.54686	-93.39944	374.44138	-1171.62136	106.53570	348.08401	-1054.15073	-95.52074	652.49935	-1279.04595	64.51076	114.66629	-1008.03075	-169.56646	477.16486	-1155.83421	171.17680	474.84421	-1025.70597	-160.89183	277.47911	-1211.01462	170.88045	232.93067	
266	2.650	-1158.03426	8.28806	987.25245	-1154.40265	-14.89331	798.98080	-1073.15416	80.99442	655.89158	-1173.21366	7.96944	705.50742	-1164.17877	-60.93029	700.84494	-1244.10982	104.09725	78.15457	-1236.05486	36.61604	99.38306	-1193.14204	70.27938	68.95499	-921.43022	-43.61275	424.75608	-1057.17470	-96.66056	127.95486	-1061.21665	-27.20026	136.59453	-1093.79198	-62.48755	164.90638	-1012.44190	-63.79299	110.24821	-1028.72220	6.49114	951.57906	-1114.77125	50.69384	377.37242	-963.33687	-90.96116	375.85094	-1168.06424	107.30268	348.19377	-1045.47457	-94.43541	651.66279	-1277.86746	64.80594	115.79381	-996.46291	-167.70958	477.68391	-1151.07544	171.89281	474.82038	-1007.31335	-158.69177	276.63558	-1209.08231	171.45523	233.29717	
267	2.660	-1148.78770	7.77818	986.72646	-1146.48340	-15.18891	798.45794	-1065.88413	81.79692	655.66564	-1165.44368	7.53568	704.47063	-1155.85041	-61.22473	699.31961	-1243.54152	104.35944	78.78685	-1234.83816	37.04961	100.09519	-1192.53934	70.73039	68.99176	-910.69517	-40.78892	426.60339	-1033.25171	-94.78902	124.76724	-1038.77283	-25.47099	133.16426	-1072.00116	-61.33778	160.07055	-988.44023	-61.19720	108.72943	-1019.62862	5.93656	950.29350	-1110.22991	51.65819	376.57395	-950.74918	-88.46003	376.59310	-1164.24757	108.00149	348.23995	-1036.52977	-93.34216	650.62819	-1276.63327	65.02703	116.97552	-985.07974	-165.73135	477.68538	-1146.06449	172.56713	474.71420	-989.20538	-156.57962	275.29697	-1207.02694	171.95186	233.67661	
268	2.670	-1139.42457	7.04487	986.02327	-1138.29461	-15.59234	797.76740	-1058.33836	82.59579	655.29538	-1157.36302	7.08397	703.27908	-1147.19669	-61.53804	697.65145	-1242.93342	104.56750	79.48357	-1233.54512	37.41395	100.81224	-1191.91802	71.12791	69.02340	-900.56573	-37.76612	427.51760	-1009.96733	-93.16577	121.21523	-1017.18108	-24.04824	129.34341	-1050.86510	-60.58096	154.87187	-965.28520	-58.71991	106.74819	-1010.39997	5.35015	948.92165	-1105.34566	52.58424	375.66342	-938.77928	-85.91153	376.61568	-1160.09417	108.62623	348.18996	-1027.29086	-92.23069	649.40983	-1275.31359	65.17665	118.22826	-973.82795	-163.62568	477.16027	-1140.75515	173.19401	474.49811	-971.50747	-154.55499	273.45320	-1204.77904	172.36661	234.05931	
269	2.680	-1129.95431	6.08785	985.13950	-1129.81433	-16.08083	796.89828	-1050.49732	83.39980	654.75562	-1148.95481	6.62929	701.92322	-1138.19827	-61.85564	695.85712	-1242.25339	104.72209	80.25876	-1232.15594	37.70308	101.54167	-1191.25796	71.46556	69.05148	-890.99557	-34.55643	427.45745	-987.62783	-91.79199	117.31774	-996.70842	-22.93127	125.16190	-1030.64117	-60.20196	149.37653	-943.26702	-56.38540	104.30318	-1001.03983	4.73491	947.48344	-1100.03011	53.47322	374.60675	-927.40864	-83.33818	375.89467	-1155.51615	109.16923	348.00182	-1017.74082	-91.09471	648.02837	-1273.86979	65.25704	119.56970	-962.65355	-161.39446	476.11885	-1135.09595	173.76495	474.13702	-954.35731	-152.62036	271.11788	-1202.25442	172.69497	234.42891	
270	2.690	-1120.38849	4.91546	984.07420	-1121.02533	-16.62516	795.84303	-1042.34664	84.21328	654.02017	-1140.21086	6.19086	700.39890	-1128.84695	-62.15950	693.96231	-1241.45900	104.82246	81.12681	-1230.64343	37.91092	102.29243	-1190.53290	71.73447	69.07793	-881.93006	-31.18811	426.42269	-966.55511	-90.67411	113.11763	-977.62318	-22.11975	120.67639	-1011.59587	-60.18151	143.67684	-922.68409	-54.22964	101.42150	-991.55436	4.09519	946.00061	-1094.18758	54.32159	373.36393	-916.60999	-80.77091	374.43996	-1150.41746	109.62040	347.62585	-1007.87394	-89.93307	646.51263	-1272.25197	65.27092	121.01871	-951.51214	-159.05095	474.59212	-1129.03219	174.26802	473.58998	-937.90059	-150.78302	268.33015	-1199.35385	172.93155	234.76274	
271	2.700	-1110.74048	3.54487	982.83069	-1111.91684	-17.18980	794.60007	-1033.87813	85.03509	653.06423	-1131.13304	5.79266	698.70999	-1119.14765	-62.42770	692.00377	-1240.49443	104.86732	82.10298	-1228.97080	38.03231	103.07574	-1189.70858	71.92335	69.10565	-873.31271	-27.70925	424.45914	-947.06541	-89.82334	108.68230	-960.17757	-21.61380	115.97022	-993.98814	-60.49770	137.88811	-903.82267	-52.29763	98.16078	-981.95224	3.43686	944.49711	-1087.71894	55.12007	371.89241	-906.35372	-78.25000	372.29891	-1144.69734	109.96706	347.00805	-997.69813	-88.75079	644.90092	-1270.39658	65.22318	122.59566	-940.37838	-156.62302	472.63225	-1122.50823	174.68758	472.81305	-922.28505	-149.05694	265.15415	-1195.96332	173.07043	235.03288	
272	2.710	-1101.02494	2.00205	981.41839	-1102.48640	-17.73353	793.17629	-1025.09069	85.85800	651.86730	-1121.73405	5.46311	696.87065	-1109.11964	-62.63460	690.03044	-1239.28774	104.85613	83.20374	-1227.08988	38.06438	103.90577	-1188.74089	72.01930	69.13948	-865.09220	-24.19001	421.66005	-929.44471	-89.25378	104.10198	-944.58842	-21.41322	111.15067	-978.04998	-61.12699	132.14294	-886.93406	-50.63880	94.60807	-972.24453	2.76745	942.99936	-1080.52673	55.85295	370.15184	-896.61454	-75.82570	369.55686	-1138.25478	110.19407	346.09479	-987.23646	-87.55969	643.24180	-1268.22498	65.12279	124.32240	-929.25319	-154.15546	470.31197	-1115.46977	175.00431	471.76359	-907.65319	-147.46399	261.67597	-1191.95573	173.10577	235.20809	
273	2.720	-1091.25751	0.32149	979.85449	-1092.74135	-18.21088	791.58921	-1015.99096	86.66842	650.41645	-1112.03764	5.23380	694.90705	-1098.79688	-62.75193	688.10325	-1237.74939	104.79060	84.44704	-1224.94015	38.00781	104.80017	-1187.57410	72.00913	69.18732	-857.22900	-20.72239	418.16318	-913.92354	-88.97916	99.48535	-931.01840	-21.51592	106.34336	-963.96680	-62.04452	126.58302	-872.21177	-49.30100	90.87528	-962.44461	2.09623	941.53646	-1072.52133	56.49782	368.11013	-887.37751	-73.55788	366.33430	-1130.99381	110.28445	344.83893	-976.52752	-86.37855	641.59388	-1265.64332	64.98426	126.22178	-918.16759	-151.71077	467.72267	-1107.86620	175.19591	470.40534	-894.13421	-146.03438	257.99843	-1187.19478	173.03250	235.25671	
274	2.730	-1081.45457	-1.45438	978.16513	-1082.69987	-18.57427	789.86836	-1006.59356	87.44665	648.70953	-1102.07795	5.13727	692.85817	-1088.22716	-62.75066	686.29336	-1235.77265	104.67577	85.85210	-1222.44872	37.86767	105.78020	-1186.13951	71.88114	69.26141	-849.70110	-17.41735	414.14331	-900.65431	-89.00894	94.95265	-919.55986	-21.91592	101.68393	-951.85985	-63.22399	121.34922	-859.77174	-48.32389	87.09131	-952.56799	1.43422	940.14011	-1063.62793	57.02565	365.75012	-878.64259	-71.51453	362.78038	-1122.82957	110.22025	343.20667	-965.62462	-85.23286	640.02434	-1262.54460	64.82811	128.31638	-907.18272	-149.36776	464.97108	-1099.65283	175.23833	468.71410	-881.83589	-144.80588	254.23431	-1181.54167	172.84679	235.15039	
275	2.740	-1071.63297	-3.27619	976.38589	-1072.39130	-18.77698	788.05576	-996.92095	88.16765	646.75811	-1091.89809	5.20408	690.77567	-1077.47003	-62.60362	684.67893	-1233.23665	104.52054	87.43888	-1219.53162	37.65356	106.87014	-1184.35491	71.62719	69.37949	-842.50766	-14.39871	409.80064	-889.69466	-89.34434	90.62663	-910.22403	-22.60136	97.30780	-941.77344	-64.63718	116.57066	-849.63845	-47.73285	83.39149	-942.63221	0.79407	938.84432	-1053.79353	57.40149	363.07625	-870.42696	-69.76900	359.06333	-1113.69463	109.98376	341.18443	-954.59367	-84.15393	638.60621	-1258.81295	64.67974	130.62671	-896.38591	-147.21777	462.17432	-1090.79323	175.10757	466.68337	-870.83763	-143.82178	250.49865	-1174.86451	172.54607	234.86862	
276	2.750	-1061.80995	-5.08913	974.56157	-1061.85571	-18.77663	786.20521	-987.00280	88.80233	644.58973	-1081.54785	5.45932	688.72249	-1066.59364	-62.28862	683.34049	-1230.01221	104.33715	89.22694	-1216.09610	37.37900	108.09593	-1182.12499	71.24456	69.56550	-835.67017	-11.79451	405.34591	-880.99993	-89.97532	86.62238	-902.93752	-23.55293	93.33905	-933.66930	-66.25348	112.35407	-841.73967	-47.53440	79.90565	-932.65663	0.18982	937.68478	-1042.99324	57.58589	360.12013	-862.76481	-68.39588	355.35836	-1103.54508	109.55893	338.78497	-943.50996	-83.17737	637.41437	-1254.33021	64.56681	133.16871	-885.88346	-145.35844	459.45323	-1081.26173	174.78187	464.32928	-861.18542	-143.12755	246.90106	-1167.04989	172.12881	234.40373	
277	2.760	-1052.00303	-6.83488	972.74501	-1051.14250	-18.53894	784.38042	-976.87490	89.31936	642.24903	-1071.08100	5.91902	686.77036	-1055.67085	-61.79162	682.35531	-1225.97008	104.13988	91.23382	-1212.04405	37.05985	109.48301	-1179.34303	70.73771	69.84952	-829.23055	-9.72639	400.98404	-874.42646	-90.87901	83.03716	-897.54718	-24.74314	89.87980	-927.42950	-68.03959	108.77480	-835.91115	-47.71408	76.74653	-922.66214	-0.36351	936.69787	-1031.23491	57.53737	356.94412	-855.70432	-67.46574	351.83439	-1092.36576	108.93296	336.05179	-932.45396	-82.34114	636.52067	-1248.98434	64.51499	135.95093	-875.79119	-143.88563	456.92447	-1071.04583	174.24423	461.69410	-852.88969	-142.76658	243.53863	-1158.01534	171.59389	233.76582	
278	2.770	-1042.22981	-8.45411	970.99512	-1040.30834	-18.04129	782.65203	-966.57786	89.68729	639.79743	-1060.55224	6.58705	684.99619	-1044.77474	-61.10970	681.79141	-1220.99084	103.94279	93.47305	-1207.27609	36.71211	111.05328	-1175.89381	70.11926	70.26673	-823.24620	-8.29833	396.89800	-869.74607	-92.01989	79.94189	-893.83324	-26.13642	87.00162	-922.86784	-69.95948	105.87084	-831.91136	-48.23704	74.00020	-912.67087	-0.85048	935.91945	-1018.56124	57.21588	353.64204	-849.30227	-67.03932	348.64112	-1080.17401	108.09796	333.06078	-921.50664	-81.68312	635.98854	-1242.67854	64.54282	138.97160	-866.22403	-142.88447	454.69180	-1060.14851	173.48478	458.84769	-845.92628	-142.77530	240.49021	-1147.72114	170.94013	232.98696	
279	2.780	-1032.50784	-9.88931	969.37416	-1029.41441	-17.27574	781.09367	-956.15549	89.87698	637.31136	-1050.01433	7.45287	683.47760	-1033.97435	-60.25309	681.70187	-1214.97505	103.75714	95.95180	-1201.69592	36.34930	112.82156	-1171.65770	69.41030	70.85511	-817.78259	-7.58609	393.23521	-866.66977	-93.35166	77.37577	-891.52886	-27.69006	84.74037	-919.74820	-71.97430	103.64090	-829.44414	-49.05110	71.71992	-902.70569	-1.25594	935.38327	-1005.04882	56.58728	350.33630	-843.61675	-67.16145	345.89790	-1067.02119	107.05270	329.91870	-910.74477	-81.23846	635.86785	-1235.33998	64.65640	142.21598	-857.28607	-142.42069	452.83786	-1048.59022	172.50282	455.88638	-840.24035	-143.17842	237.81244	-1136.17935	170.16623	232.12368	
280	2.790	-1022.85424	-11.08785	967.94454	-1018.52337	-16.25087	779.77755	-945.65313	89.86395	634.87869	-1039.51562	8.49082	682.28793	-1023.33088	-59.24593	682.12016	-1207.85216	103.58857	98.66844	-1195.21454	35.97971	114.79197	-1166.51570	68.63953	71.65203	-812.90406	-7.62906	390.09826	-864.87687	-94.82008	75.34477	-890.34340	-29.35564	83.09515	-917.80716	-74.04221	102.04697	-828.18608	-50.09171	69.92431	-892.78971	-1.56577	935.11934	-990.80387	55.62850	347.17134	-838.69904	-67.85579	343.68608	-1052.99177	105.80400	326.75805	-900.23655	-81.03698	636.19055	-1226.92661	64.84466	145.65431	-849.06223	-142.53372	451.41749	-1036.41017	171.30828	452.92902	-835.75249	-143.98493	235.53792	-1123.45852	169.27129	231.25686	
281	2.800	-1013.28534	-12.00509	966.76535	-1007.69623	-14.99229	778.76980	-935.11598	89.63058	632.59381	-1029.09832	9.66116	681.49121	-1012.89481	-58.12546	683.05701	-1199.58660	103.43462	101.61027	-1187.75385	35.60404	116.95458	-1160.35490	67.84124	72.69003	-808.66434	-8.42556	387.54124	-864.04490	-96.36624	73.82444	-889.98573	-31.08057	82.03153	-916.77701	-76.11794	101.02104	-827.81415	-51.28750	68.59976	-882.94565	-1.76781	935.15210	-975.95493	54.33269	344.30389	-834.58556	-69.12084	342.04566	-1038.19965	104.36796	323.72860	-890.03813	-81.10080	636.96770	-1217.43070	65.07637	149.24081	-841.61233	-143.23239	450.45386	-1023.66669	169.92221	450.11015	-832.36594	-145.18537	233.67551	-1109.68255	168.25605	230.48822	
282	2.810	-1003.81614	-12.60713	965.88895	-996.98955	-13.54143	778.12609	-924.58760	89.16785	630.55160	-1018.79752	10.91292	681.13740	-1002.70429	-56.93932	684.49934	-1190.17985	103.28294	104.75161	-1179.24947	35.21387	119.28319	-1153.07409	67.05215	73.99227	-805.09777	-9.93257	385.57195	-863.87576	-97.92968	72.76635	-890.18457	-32.80983	81.48851	-916.40613	-78.15255	100.47508	-828.02986	-52.56581	67.70625	-873.19515	-1.85260	935.49872	-960.64334	52.71373	341.89083	-831.29101	-70.92807	340.97668	-1022.78177	102.77053	320.98643	-880.19115	-81.44251	638.18847	-1206.87844	65.29958	152.91401	-834.96797	-144.49409	449.93822	-1010.43599	168.37649	447.57074	-829.97355	-146.75095	232.21282	-1095.02321	167.12454	229.93309	
283	2.820	-994.45980	-12.87314	965.35783	-986.45312	-11.95283	777.88783	-914.10855	88.47650	628.84076	-1008.64102	12.18842	681.25857	-992.78471	-55.74151	686.41114	-1179.66800	103.11056	108.05261	-1169.65259	34.79119	121.73472	-1144.58892	66.30727	75.56842	-802.21258	-12.06990	384.15932	-864.11472	-99.45135	72.10690	-890.70349	-34.48792	81.38775	-916.47399	-80.09384	100.31241	-828.57698	-53.85748	67.18543	-863.55808	-1.81414	936.16758	-945.01246	50.80918	340.07634	-828.80340	-73.22241	340.44475	-1006.88947	101.04749	318.68138	-870.72160	-82.06393	639.82104	-1195.32522	65.44392	156.59861	-829.13194	-146.26715	449.83322	-996.80932	166.71277	445.44736	-828.46344	-148.63465	231.12049	-1079.68667	165.88569	229.70965	
284	2.830	-985.22703	-12.79679	965.20206	-976.12836	-10.28990	778.07935	-903.71526	87.56751	627.53730	-998.64979	13.42892	681.86616	-983.14943	-54.58709	688.73631	-1168.11491	102.88456	111.45910	-1158.93102	34.30942	124.25071	-1134.83632	65.63533	77.41161	-799.98690	-14.72826	383.24415	-864.56075	-100.87651	71.77673	-891.34980	-36.06139	81.64376	-916.79965	-81.88816	100.43891	-829.25156	-55.10083	66.96943	-854.05189	-1.65044	937.15703	-929.19706	48.68094	338.97981	-827.08167	-75.92539	340.38962	-990.67821	99.24362	316.94472	-861.63988	-82.95570	641.81534	-1182.84734	65.42629	160.20904	-824.07979	-148.47605	450.07945	-982.88842	164.98064	443.86080	-827.72275	-150.77425	230.35756	-1063.89559	164.55430	229.92574	
285	2.840	-976.12571	-12.38682	965.43743	-966.04740	-8.61988	778.70619	-893.43920	86.46179	626.69876	-988.83885	14.58050	682.94962	-973.80139	-53.52671	691.40282	-1155.60224	102.56441	114.90384	-1147.06968	33.73603	126.76117	-1123.77783	65.05447	79.49722	-798.36782	-17.77995	382.75115	-865.06828	-102.15771	71.70923	-891.97726	-37.48198	82.17323	-917.24394	-83.48381	100.77222	-829.90437	-56.24483	66.98905	-844.69101	-1.36389	938.45457	-913.31395	46.41319	338.68633	-826.05581	-78.94055	340.73519	-974.29663	97.41093	315.87835	-852.94195	-84.09755	644.10726	-1169.53154	65.15929	163.65465	-819.76272	-151.02847	450.60402	-968.77985	163.23529	442.90570	-827.63923	-153.09692	229.87734	-1047.86863	163.15100	230.66525	
286	2.850	-967.16053	-11.66652	966.06441	-956.23298	-7.00833	779.75466	-883.30626	85.18916	626.35980	-979.21838	15.59947	684.47661	-964.73524	-52.60144	694.32773	-1142.21786	102.10598	118.30946	-1134.07070	33.03658	129.19070	-1111.40155	64.56918	81.78388	-797.27360	-21.09061	382.59997	-865.54202	-103.25790	71.84665	-892.48389	-38.71026	82.90238	-917.70640	-84.83584	101.24776	-830.43719	-57.25149	67.18023	-835.48637	-0.96130	940.03658	-897.45488	44.10734	339.24085	-825.62975	-82.16066	341.39928	-957.87607	95.60603	315.54692	-844.61134	-85.45939	646.62360	-1155.46417	64.56187	166.84619	-816.11130	-153.82315	451.32974	-954.58848	161.53475	442.64225	-828.10122	-155.52485	229.63271	-1031.80018	161.70097	231.97617	
287	2.860	-958.33287	-10.67213	967.06805	-946.69890	-5.51383	781.19258	-873.33639	83.78675	626.52962	-969.79469	16.45641	686.39458	-955.93968	-51.83882	697.42247	-1128.04486	101.46695	121.59309	-1119.95328	32.17978	131.46603	-1097.72252	64.16917	84.21674	-796.59853	-24.53042	382.71368	-865.92717	-104.15319	72.14332	-892.80627	-39.71907	83.77152	-918.11885	-85.91141	101.82114	-830.79481	-58.09745	67.48834	-826.44514	-0.45368	941.86855	-881.68243	41.87439	340.64668	-825.68644	-85.47588	342.30184	-941.52162	93.88678	315.97390	-836.62181	-87.00289	649.28727	-1140.72194	63.57069	169.70318	-813.03940	-156.75742	452.18335	-940.41131	159.93667	443.09123	-828.99677	-157.98127	229.58026	-1015.84270	160.23200	233.86270	
288	2.870	-949.64085	-9.45044	968.41873	-937.45081	-4.18355	782.97120	-863.54338	82.29676	627.19134	-960.57113	17.13854	688.63363	-947.39969	-51.25059	700.59780	-1113.15266	100.61307	124.67241	-1104.75322	31.14298	133.52404	-1082.78148	63.83077	86.73253	-796.22009	-27.98333	383.02404	-866.19789	-104.83485	72.56600	-892.91210	-40.49632	84.73660	-918.43753	-86.69438	102.46715	-830.95499	-58.77447	67.87014	-817.57056	0.14426	943.90596	-866.02903	39.82529	342.86833	-826.09477	-88.78175	343.37078	-925.30563	92.30834	317.14175	-828.94020	-88.68370	652.02209	-1125.36560	62.15051	172.16105	-810.44852	-159.73381	453.10190	-926.33190	158.49477	444.23289	-830.21295	-160.39594	229.68287	-1000.09393	158.77212	236.28306	
289	2.880	-941.07962	-8.05564	970.07370	-928.48742	-3.04992	785.02809	-853.93489	80.76389	628.30344	-951.54865	17.64991	691.11036	-939.09839	-50.83223	703.76813	-1097.59173	99.52432	127.47244	-1088.52181	29.91708	135.31877	-1066.64181	63.52077	89.26577	-796.00744	-31.35351	383.47356	-866.34623	-105.30984	73.09194	-892.79222	-41.04611	85.76817	-918.63550	-87.18814	103.17605	-830.91827	-59.28867	68.29378	-808.86201	0.81489	946.09574	-850.49905	38.06061	345.83780	-826.71757	-91.98617	344.54519	-909.26443	90.91920	318.99615	-821.52938	-90.45396	654.75684	-1109.43732	60.30178	174.17714	-808.23216	-162.66513	454.03635	-912.41628	157.25520	446.00973	-831.63626	-162.70962	229.91058	-984.59047	157.34781	239.15364	
290	2.890	-932.64172	-6.54573	971.97937	-919.80158	-2.12890	787.29065	-844.51253	79.23261	629.80297	-942.72605	18.00987	693.73244	-931.01840	-50.56431	706.85490	-1081.39201	98.19996	129.93210	-1071.32388	28.51013	136.82614	-1049.38504	63.20227	91.75502	-795.83060	-34.56851	384.01522	-866.37333	-105.59950	73.70563	-892.45351	-41.38791	86.84853	-918.69657	-87.41564	103.94840	-830.69904	-59.65847	68.73730	-800.31524	1.53862	948.37822	-835.07349	36.66080	349.46333	-827.41984	-95.01439	345.77617	-893.39866	89.75747	321.45341	-814.35095	-92.26498	657.42827	-1092.96149	58.06389	175.73438	-806.28071	-165.47789	454.95246	-898.71049	156.25300	448.33268	-833.15457	-164.87700	230.24013	-969.30827	155.98301	242.35892	
291	2.900	-924.31769	-4.97884	974.07404	-911.38143	-1.41976	789.68012	-835.27206	77.74438	631.61014	-934.10008	18.24993	696.40352	-923.14273	-50.41529	709.78903	-1064.56479	96.66149	132.00940	-1053.23480	26.94887	138.04532	-1031.10504	62.84150	94.14825	-795.56929	-37.57946	384.61073	-866.28369	-105.73643	74.39521	-891.91300	-41.55369	87.96779	-918.61131	-87.41654	104.78946	-830.31874	-59.91131	69.18640	-791.92271	2.29500	950.68953	-819.71662	35.67845	353.63911	-828.07667	-97.81175	347.02596	-877.67707	88.84807	324.40997	-807.36750	-94.06994	659.98301	-1075.94817	55.51337	176.84185	-804.48658	-168.11423	455.82934	-885.23973	155.50916	451.08991	-834.66079	-166.86782	230.65334	-954.16983	154.69901	245.76537	
292	2.910	-916.09658	-3.40979	976.29093	-903.21138	-0.90637	792.11572	-826.20378	76.33512	633.63388	-925.66514	18.40978	699.02818	-915.45504	-50.34535	712.51254	-1047.10719	94.95299	133.68451	-1034.33639	25.27787	138.99666	-1011.90166	62.41434	96.40661	-795.12060	-40.35873	385.22832	-866.08248	-105.75995	75.14939	-891.19356	-41.58341	89.11994	-918.37525	-87.24182	105.70426	-829.80136	-60.07950	69.63201	-783.67411	3.06391	952.96433	-804.38382	35.13358	358.25473	-828.57993	-100.34404	348.26600	-862.04354	88.20094	327.75279	-800.54449	-95.82637	662.37848	-1058.39789	52.75722	177.53203	-802.74940	-170.53239	456.65641	-872.00917	155.02887	454.15694	-836.05783	-168.66624	231.13520	-939.05680	153.51492	249.23713	
293	2.920	-907.96660	-1.88700	978.56138	-895.27284	-0.55971	794.51854	-817.29299	75.03316	635.77784	-917.41296	18.53290	701.51669	-907.93952	-50.31055	714.97930	-1029.00790	93.13852	134.96003	-1014.71232	23.55656	139.71649	-991.87434	61.91149	98.50619	-794.40472	-42.89600	385.84074	-865.77541	-105.71073	75.95530	-890.32105	-41.51956	90.29938	-917.98857	-86.94692	106.69401	-829.17093	-60.19587	70.06810	-775.55686	3.82665	955.13857	-789.02979	35.01263	363.20332	-828.84339	-102.59583	349.47463	-846.42639	87.81077	331.36933	-793.85134	-97.49816	664.58295	-1040.30688	49.92229	177.85490	-800.98098	-172.70617	457.42966	-859.00595	154.80106	457.40700	-837.26381	-170.26879	231.67186	-923.82650	152.44821	252.65067	
294	2.930	-899.91564	-0.45010	980.81792	-887.54491	-0.34124	796.81524	-808.52059	73.85786	637.94635	-909.33218	18.66233	703.78930	-900.58045	-50.26701	717.15529	-1010.25316	91.29709	135.85854	-994.44328	21.85428	140.24993	-971.11647	61.34129	100.43766	-793.36820	-45.19368	386.42386	-865.36993	-105.62569	76.79769	-889.32259	-41.40172	91.49868	-917.45677	-86.58459	107.75410	-828.45063	-60.28972	70.49015	-767.55667	4.56697	957.15228	-773.61620	35.27098	368.38751	-828.80574	-104.56756	350.63494	-830.74912	87.65787	335.15602	-787.26208	-99.05701	666.57495	-1021.67157	47.14268	177.87002	-799.10935	-174.62356	458.14803	-846.20219	154.79978	460.72046	-838.21687	-171.68139	232.24915	-908.33013	151.51479	255.90633	
295	2.940	-891.93171	0.87164	982.99709	-880.00482	-0.20672	798.94099	-799.86393	72.81892	640.04983	-901.40792	18.83708	705.77981	-893.36158	-50.17449	719.01834	-990.83199	89.51569	136.41774	-973.60289	20.24443	140.64287	-949.71099	60.72981	102.20426	-791.98455	-47.26240	386.95592	-864.87691	-105.53384	77.65915	-888.22555	-41.26209	92.70742	-916.79143	-86.19876	108.87378	-827.66262	-60.38374	70.89411	-759.65809	5.27190	958.95209	-758.11837	35.83860	373.72298	-828.43147	-106.27180	351.73317	-814.94120	87.71035	339.02449	-780.75532	-100.48319	668.34230	-1002.49201	44.54685	177.63758	-797.08138	-176.28480	458.81058	-833.55866	154.98695	463.99255	-838.87826	-172.91602	232.85180	-892.43060	150.72846	258.93517	
296	2.950	-884.00324	2.06013	985.04186	-872.62837	-0.11009	800.84186	-791.29765	71.91658	642.00937	-893.62157	19.08949	707.43812	-886.26550	-49.99924	720.55753	-970.74004	87.88161	136.68395	-952.25474	18.79815	140.93476	-927.72780	60.11812	103.81839	-790.25234	-49.11719	387.41748	-864.31170	-105.45374	78.52123	-887.05691	-41.12252	93.91229	-916.01035	-85.82036	110.03722	-826.82823	-60.49219	71.27615	-751.84500	5.93233	960.49336	-742.53010	36.62758	379.13952	-827.70962	-107.72952	352.75778	-798.94792	87.92701	342.90496	-774.31380	-101.76556	669.88086	-982.77403	42.24661	177.21002	-794.86374	-177.70014	459.41481	-821.02890	155.31636	467.13875	-839.23332	-173.98755	233.46348	-876.01781	150.09985	261.70054	
297	2.960	-876.11926	3.10842	986.90361	-865.39028	-0.00700	802.47638	-782.79473	71.14244	643.76015	-885.95064	19.44348	708.73176	-879.27310	-49.71577	721.77229	-949.98188	86.47487	136.70517	-930.45125	17.57865	141.15294	-905.22309	59.55727	105.29742	-788.19120	-50.77465	387.79182	-863.69414	-105.39287	79.36608	-885.84267	-40.99362	95.09819	-915.13682	-85.46570	111.22544	-825.96795	-60.62054	71.63271	-744.10095	6.54337	961.74179	-726.86664	37.54061	384.57983	-826.65050	-108.96660	353.69920	-782.73830	88.26060	346.74680	-767.92344	-102.90101	671.19329	-962.53020	40.32900	176.62528	-792.44183	-178.88744	459.95615	-808.56354	155.73805	470.09766	-839.28988	-174.91121	234.06767	-859.01964	149.63503	264.19479	
298	2.970	-868.26944	4.02001	988.54347	-858.26460	0.14227	803.81627	-774.32745	70.48101	645.25349	-878.36898	19.91395	709.64614	-872.36323	-49.30772	722.67113	-928.57193	85.36180	136.52439	-908.23428	16.63648	141.30932	-882.24071	59.10179	106.65944	-785.83635	-52.25116	388.06559	-863.04728	-105.34882	80.17821	-884.60708	-40.87570	96.24981	-914.19779	-85.13730	112.41881	-825.10106	-60.76650	71.96090	-736.40949	7.10438	962.67441	-711.16533	38.47921	389.99649	-825.28088	-110.01105	354.55021	-766.31029	88.66115	350.51627	-761.57220	-103.89327	672.28788	-941.78011	38.85193	175.90248	-789.81705	-179.86978	460.42854	-796.11480	156.20259	472.83125	-839.07432	-175.70098	234.64898	-841.40773	149.33438	266.43205	
299	2.980	-860.44398	4.80754	989.93310	-851.22501	0.37066	804.84649	-765.86825	69.91155	646.45763	-870.84720	20.50703	710.18353	-865.51259	-48.76761	723.27013	-906.53451	84.59038	136.17443	-885.63785	16.00628	141.39947	-858.81535	58.80261	107.91922	-783.23223	-53.56187	388.22960	-862.39513	-105.31191	80.94593	-883.37177	-40.76121	97.35354	-913.22136	-84.82680	113.59949	-824.24491	-60.92199	72.25891	-728.75437	7.61878	963.27990	-695.48414	39.35081	395.34775	-823.63811	-110.89080	355.30655	-749.69286	89.07886	354.19219	-755.24877	-104.75153	673.17742	-920.55034	37.84350	175.04059	-787.00242	-180.67315	460.82572	-783.64074	156.66454	475.32267	-838.62584	-176.36875	235.19473	-823.19779	149.19185	268.43867	
300	2.990	-852.63343	5.49115	991.05485	-844.24512	0.70301	805.56447	-757.39046	69.41017	647.35712	-863.35333	21.22109	710.36078	-858.69580	-48.09596	723.59116	-883.90362	84.18759	135.67461	-862.69239	15.70503	141.40391	-834.97743	58.70033	109.08485	-780.42609	-54.72037	388.27936	-861.75989	-105.26855	81.66249	-882.15460	-40.63814	98.39917	-912.23376	-84.51914	114.75361	-823.41400	-61.07573	72.52638	-721.11962	8.09359	963.55840	-679.89819	40.07408	400.59272	-821.76378	-111.63224	355.96765	-732.94498	89.46646	357.75993	-748.94124	-105.48875	673.87829	-898.87468	37.30438	174.01978	-784.01734	-181.32441	461.14280	-771.10921	157.08468	477.57197	-837.98977	-176.92448	235.69641	-804.44518	149.19485	270.24319	
301	3.000	-844.82846	6.09659	991.90137	-837.29867	1.15570	805.97876	-748.86872	68.95193	647.95122	-855.85360	22.04825	710.20625	-851.88570	-47.29971	723.65996	-860.72318	84.15873	135.02970	-839.43032	15.73161	141.29105	-810.75915	58.81972	110.15537	-777.46181	-55.73879	388.21541	-861.15914	-105.20482	82.32648	-880.96854	-40.49356	99.38124	-911.25640	-84.19710	115.87282	-822.61893	-61.21597	72.76450	-713.48960	8.53888	963.52055	-664.49470	40.58224	405.68678	-819.69748	-112.25924	356.53716	-716.15174	89.78076	361.20497	-742.63591	-106.12009	674.40952	-876.79497	37.21229	172.80524	-780.88202	-181.84957	461.37774	-758.50093	157.43094	479.59026	-837.21065	-177.37673	236.15062	-785.23717	149.32467	271.86733	
302	3.010	-837.01960	6.65331	992.47462	-830.35966	1.73685	806.10719	-740.27920	68.51272	648.25129	-848.31339	22.97616	709.75588	-845.05361	-46.39041	723.50414	-837.04844	84.48836	134.23097	-815.89248	16.06754	141.02103	-786.20143	59.16596	111.11941	-774.37453	-56.62821	388.04316	-860.60366	-105.10956	82.94185	-879.82058	-40.31684	100.29978	-910.30341	-83.84553	116.95521	-821.86547	-61.33283	72.97596	-705.84902	8.96700	963.18630	-649.36692	40.82438	410.57772	-817.47125	-112.79274	357.02300	-699.41806	89.98358	364.50668	-736.31632	-106.66151	674.79192	-854.36293	37.52739	171.35271	-777.61246	-182.27248	461.53241	-745.81135	157.67809	481.39290	-836.32619	-177.73356	236.55950	-765.68349	149.55708	273.31927	
303	3.020	-829.19702	7.19264	992.78447	-823.40217	2.44724	805.97454	-731.59954	68.07089	648.27774	-840.69794	23.98990	709.04929	-838.16975	-45.38226	723.15127	-812.94869	85.14235	133.25904	-792.13469	16.67837	140.54989	-761.36106	59.72285	111.95483	-771.18642	-57.39922	387.77223	-860.09595	-104.97666	83.51719	-878.71094	-40.10217	101.16037	-909.37988	-83.45455	118.00542	-821.15391	-61.42016	73.16468	-698.18285	9.39178	962.58314	-634.60768	40.76499	415.20328	-815.10528	-113.25053	357.43691	-682.86088	90.04206	367.63343	-729.96252	-107.12861	675.04719	-831.64304	38.19746	169.61480	-774.21642	-182.61411	461.61295	-733.05075	157.80661	482.99280	-835.36246	-178.00355	236.93041	-745.90708	149.86308	274.59005	
304	3.030	-821.35034	7.74612	992.84700	-816.40021	3.28146	805.61019	-722.80863	67.60840	648.05678	-832.97314	25.07358	708.12595	-831.20355	-44.29047	722.62727	-788.51143	86.07056	132.08770	-768.23392	17.51563	139.83348	-736.31764	60.45320	112.62937	-767.90371	-58.06258	387.41529	-859.62986	-104.80636	84.06480	-877.63265	-39.85006	101.97365	-908.48108	-83.02168	119.03422	-820.47867	-61.47670	73.33530	-690.47632	9.82780	961.74435	-620.30308	40.38226	419.49038	-812.60492	-113.64746	357.79345	-666.60061	89.92854	370.53960	-723.55078	-107.53581	675.19686	-808.71629	39.16218	167.54733	-770.69098	-182.89219	461.62954	-720.24257	157.80114	484.39462	-834.33075	-178.19649	237.27496	-726.03634	150.20943	275.65318	
305	3.040	-813.46860	8.34415	992.68249	-809.32729	4.22935	805.04549	-713.88631	67.11162	647.61725	-825.10595	26.21173	707.02213	-824.12386	-43.12984	721.95513	-763.84746	87.20973	130.68801	-744.29360	18.51898	138.83061	-711.17947	61.30103	113.10207	-764.51524	-58.62993	386.98656	-859.19098	-104.60555	84.59938	-876.57151	-39.56783	102.75425	-907.59242	-82.55255	120.05738	-819.82834	-61.50639	73.49262	-682.71488	10.28961	960.70701	-606.52717	39.66564	423.35628	-809.95941	-113.99562	358.10840	-650.75276	89.62041	373.16507	-717.05365	-107.89592	675.26115	-785.68448	40.35595	165.11483	-767.02179	-183.12141	461.59535	-707.42000	157.64908	485.59071	-833.22613	-178.32389	237.60759	-706.19994	150.55914	276.46705	
306	3.050	-805.54022	9.01484	992.31341	-802.15599	5.27728	804.31151	-704.81312	66.57173	646.98794	-817.06485	27.39018	705.76881	-816.89928	-41.91401	721.15413	-739.09609	88.48645	129.03207	-720.44727	19.61876	137.50549	-686.08784	62.19553	113.32539	-760.99251	-59.11418	386.49996	-858.75765	-104.38720	85.13665	-875.50661	-39.26932	103.51937	-906.69030	-82.06064	121.09432	-819.18603	-61.51817	73.64091	-674.88420	10.79106	959.51019	-593.33782	38.61334	426.71157	-807.14204	-114.30465	358.39687	-635.42062	89.09996	375.43724	-710.44035	-108.22004	675.25775	-762.67416	41.70961	162.29463	-763.18373	-183.31381	461.52507	-694.62134	157.33957	486.55959	-832.02761	-178.39907	237.94381	-686.52439	150.87193	276.97950	
307	3.060	-797.55319	9.78315	991.76250	-794.85753	6.40928	803.43691	-695.57027	65.98468	646.19560	-808.82009	28.59638	704.39082	-809.49836	-40.65525	720.23960	-714.42930	89.82037	127.09585	-696.86016	20.73906	135.82949	-661.21884	63.05645	113.24800	-757.29104	-59.52982	385.96723	-858.30228	-104.16929	85.69197	-874.41112	-38.97375	104.28718	-905.74333	-81.56609	122.16628	-818.53012	-61.52505	73.78322	-666.97030	11.34473	958.19323	-580.77430	37.23014	429.46481	-804.11173	-114.58196	358.67112	-620.68960	88.35464	377.27532	-703.67752	-108.51760	675.20053	-739.83975	43.15133	159.07920	-759.14291	-183.47930	461.43299	-681.88516	156.86321	487.26705	-830.69940	-178.43686	238.29832	-667.13408	151.10515	277.13350	
308	3.070	-789.49522	10.67024	991.05105	-787.40155	7.60780	802.44644	-686.13994	65.35102	645.26379	-800.34412	29.81926	702.90724	-801.89006	-39.36483	719.22316	-690.05369	91.12764	124.86102	-673.72823	21.80143	133.78229	-636.78228	63.80042	112.81816	-753.35315	-59.89263	385.39605	-857.79272	-103.97313	86.27906	-873.25350	-38.70416	105.07514	-904.71384	-81.09402	123.29462	-817.83529	-61.54289	73.92074	-658.95958	11.96144	956.79437	-568.85655	35.52622	431.52846	-800.81569	-114.83290	358.93851	-606.62382	87.37767	378.59672	-696.73027	-108.79671	675.09831	-717.36461	44.60758	155.47679	-754.85926	-183.62610	461.33088	-669.24591	156.21251	487.66975	-829.19316	-178.45295	238.68320	-648.15283	151.21525	276.87330	
309	3.080	-781.35414	11.69288	990.19765	-779.75612	8.85410	801.35997	-676.50598	64.67549	644.21257	-791.61217	31.04855	701.33289	-794.04436	-38.05397	718.11346	-666.20899	92.32521	122.31598	-651.27417	22.72953	131.35304	-613.01715	64.34810	111.98769	-749.11148	-60.21912	384.78847	-857.19338	-103.82167	86.90896	-871.99887	-38.48540	105.89856	-903.55945	-80.67243	124.49898	-817.07370	-61.58879	74.05226	-650.83913	12.64991	955.34961	-557.58618	33.51701	432.82565	-797.19285	-115.06076	359.19952	-593.26496	86.16921	379.32453	-689.56334	-109.06441	674.95380	-695.45940	46.00480	151.51069	-750.28946	-183.76093	461.22585	-656.73114	155.38308	487.72095	-827.45061	-178.46283	239.10621	-629.70611	151.16029	276.15028	
310	3.090	-773.11820	12.86310	989.21742	-771.88816	10.12827	800.19223	-666.65519	63.96662	643.05914	-782.60316	32.27373	699.68072	-785.93311	-36.73518	716.91725	-643.16258	93.33589	119.45644	-629.74019	23.45467	128.54153	-590.18340	64.63168	110.71656	-744.49322	-60.52539	384.13966	-856.46615	-103.73743	87.58918	-870.61043	-38.34191	106.76933	-902.23440	-80.32989	125.79575	-816.21641	-61.67926	74.17389	-642.59689	13.41640	953.89199	-546.94884	31.22437	433.29719	-793.17765	-115.26659	359.44632	-580.63348	84.73798	379.39564	-682.14253	-109.32689	674.76291	-674.35716	47.27247	147.21762	-745.38979	-183.88902	461.11851	-644.36085	154.37545	487.37741	-825.40640	-178.48069	239.56947	-611.92253	150.90351	274.92810	
311	3.100	-764.77654	14.18769	988.12185	-763.76441	11.40884	798.95336	-656.57897	63.23631	641.81912	-773.30099	33.48269	697.96467	-777.53126	-35.42381	715.64073	-621.19944	94.09448	116.28624	-609.37773	23.92212	125.35976	-568.55045	64.60210	108.97792	-739.42456	-60.82565	383.43726	-855.57107	-103.74055	88.32326	-869.05083	-38.29543	107.69512	-900.69075	-80.09316	127.19689	-815.23472	-61.82828	74.27891	-634.22207	14.26454	952.45112	-536.91768	28.67872	432.90848	-788.70400	-115.44898	359.66194	-568.73163	83.10324	378.76857	-674.43604	-109.58944	674.51438	-654.30456	48.34774	142.64601	-740.11844	-184.01377	461.00140	-632.14899	153.19725	486.60663	-822.99096	-178.51800	240.06845	-594.93378	150.41784	273.18720	
312	3.110	-756.31964	15.66785	986.91926	-755.35286	12.67231	797.65002	-646.27535	62.49956	640.50837	-763.69627	34.66047	696.20259	-768.81829	-34.13955	714.29094	-600.60801	94.55454	112.81881	-590.43431	24.09762	121.83389	-548.38268	64.23564	106.76316	-733.83485	-61.13055	382.66131	-854.46688	-103.84665	89.11063	-867.28328	-38.36272	108.67906	-898.87926	-79.98470	128.70919	-814.10145	-62.04547	74.35811	-625.70554	15.19514	951.05312	-527.45738	25.92194	431.65538	-783.70892	-115.60371	359.82018	-557.54781	81.29685	377.43031	-666.41589	-109.85628	674.19010	-635.54974	49.18144	137.85455	-734.43727	-184.13614	460.85818	-620.10705	151.86569	485.39365	-820.13338	-178.58229	240.59146	-578.87235	149.69106	270.92839	
313	3.120	-747.73979	17.29874	985.61587	-746.62465	13.89251	796.28719	-635.75111	61.77427	639.14503	-753.78813	35.78802	694.41877	-759.77991	-32.90753	712.87709	-581.66255	94.69511	109.07939	-573.13833	23.97334	118.00633	-529.92315	63.53885	104.08658	-727.66045	-61.44535	381.78505	-853.11147	-104.06489	89.94711	-865.27233	-38.55349	109.71997	-896.75002	-80.02033	130.33421	-812.79193	-62.33431	74.40053	-617.04027	16.20610	949.72077	-518.52831	23.01042	429.56878	-778.13569	-115.72340	359.88649	-547.06151	79.36509	375.40140	-658.05933	-110.12993	673.76602	-618.32714	49.74482	132.91148	-728.31286	-184.25401	460.66356	-608.24883	150.40989	483.74649	-816.76406	-178.67591	241.11976	-563.86665	148.73093	268.17578	
314	3.130	-739.03158	19.06908	984.21727	-737.55634	15.04026	794.87026	-625.02368	61.08114	637.75146	-743.58617	36.84155	692.64563	-750.40975	-31.75894	711.41178	-564.60357	94.52653	105.10776	-557.68297	23.57240	113.93750	-513.37670	62.55112	100.98875	-720.84768	-61.76849	380.77654	-851.46242	-104.39631	90.82575	-862.98426	-38.86870	110.81315	-894.25296	-80.20706	132.06878	-811.28470	-62.69096	74.39455	-608.22181	17.29232	948.47385	-510.09060	20.01745	426.71699	-771.93623	-115.79734	359.81980	-537.24821	77.36979	372.73873	-649.35003	-110.41056	673.21367	-602.84064	50.03608	127.89442	-721.71676	-184.36144	460.38424	-596.59550	148.87283	481.69979	-812.81739	-178.79522	241.62837	-550.03381	147.56951	264.97863	
315	3.140	-730.19229	20.96089	982.73032	-728.13233	16.08334	793.40730	-614.12251	60.44352	636.35580	-733.11195	37.79248	690.92435	-740.71089	-30.73055	709.91176	-549.61785	94.09391	100.96081	-544.21071	22.95089	109.70676	-498.89402	61.34422	97.53789	-713.35499	-62.09050	379.60114	-849.47759	-104.83267	91.73833	-860.38701	-39.29960	111.95169	-891.33824	-80.54144	133.90614	-809.56149	-63.10358	74.32959	-599.24880	18.44572	947.32962	-502.10758	17.03443	423.20558	-765.07271	-115.81148	359.57521	-528.08367	75.38834	369.53561	-640.27928	-110.69506	672.50250	-589.24648	50.08541	122.89038	-714.62538	-184.44819	459.98101	-585.17983	147.31234	479.31609	-808.23419	-178.93018	242.08767	-537.47072	146.26564	261.41200	
316	3.150	-721.22233	22.94929	981.16499	-718.34715	16.98697	791.91111	-603.08960	59.88718	634.99272	-722.39990	38.60831	689.30415	-730.69707	-29.86340	708.39840	-536.82059	93.47717	96.71383	-532.80016	22.19644	105.41153	-486.55846	60.01813	93.82845	-705.15412	-62.39377	378.22476	-847.11573	-105.35617	92.67726	-857.44980	-39.82751	113.12826	-887.95663	-81.00868	135.83759	-807.60681	-63.55271	74.19808	-590.12341	19.65535	946.30334	-494.54871	14.17006	419.17410	-757.51830	-115.74884	359.10759	-519.54709	73.51210	365.91857	-630.84694	-110.97630	671.60261	-577.63811	49.95719	117.99523	-707.01949	-184.49958	459.41177	-574.04885	145.80080	476.68454	-802.96395	-179.06451	242.46581	-526.24456	144.90480	257.57536	
317	3.160	-712.12556	25.00264	979.53616	-708.20748	17.71506	790.40083	-591.97886	59.43985	633.70334	-711.49718	39.25439	687.84029	-720.39324	-29.20017	706.89754	-526.24176	92.78664	92.45953	-523.45708	21.42289	101.16421	-476.37727	58.69315	89.97658	-696.23041	-62.65319	376.61772	-844.33712	-105.94019	93.63778	-854.14247	-40.42469	114.33710	-884.06009	-81.58283	137.85441	-805.40667	-64.01258	73.99773	-580.85173	20.90747	945.40870	-487.39175	11.54716	414.78962	-749.25723	-115.59022	358.37564	-511.62328	71.84305	362.04103	-621.06223	-111.24248	670.48805	-568.03498	49.74823	113.31166	-698.88372	-184.49674	458.63566	-563.26400	144.42318	473.91682	-796.96684	-179.17658	242.73193	-516.38407	143.59567	253.58888	
318	3.170	-702.90955	27.08304	977.86484	-697.73343	18.23210	788.90284	-580.85428	59.13032	632.53393	-700.46240	39.69677	686.59091	-709.83550	-28.78164	705.43900	-517.81930	92.15391	88.30393	-516.11109	20.76073	97.08647	-468.27872	57.49887	86.11237	-686.58242	-62.83786	374.75890	-841.10417	-106.55128	94.62032	-850.43474	-41.05629	115.57602	-879.60265	-82.22819	139.94985	-802.94684	-64.45358	73.73382	-571.44401	22.18589	944.65824	-480.62416	9.29673	410.23697	-740.28429	-115.31539	357.34637	-504.30359	70.48835	358.07382	-610.94423	-111.47698	669.14015	-560.37746	49.58124	108.94507	-690.20635	-184.41753	457.61772	-552.89871	143.27291	471.14045	-790.21512	-179.24094	242.85991	-507.87368	142.46304	249.58665	
319	3.180	-693.58568	29.14724	976.17891	-686.95905	18.50563	787.45065	-569.78678	58.98723	631.53362	-689.36300	39.90571	685.61293	-699.07010	-28.64241	704.05541	-511.40118	91.71836	84.35900	-510.61896	20.34415	93.30092	-462.11598	56.56096	82.36970	-676.22105	-62.91355	372.63976	-837.38199	-107.15215	95.63248	-846.29560	-41.68327	116.84813	-874.54169	-82.90180	142.12089	-800.21052	-64.84551	73.42124	-561.91481	23.47232	944.06343	-474.24354	7.54956	405.70636	-730.60400	-114.90464	355.99926	-497.58583	69.55324	354.19312	-600.52210	-111.65868	667.55078	-554.52927	49.59329	104.99706	-680.97958	-184.23780	456.33384	-543.03361	142.44586	468.48965	-782.69410	-179.23039	242.83233	-500.65194	141.63742	245.70714	
320	3.190	-684.16913	31.14804	974.51288	-675.93178	18.50931	786.08384	-558.85012	59.03739	630.75109	-678.27159	39.85962	684.95750	-688.15171	-28.80628	702.78079	-506.75717	91.61090	80.73266	-506.77503	20.29591	89.92121	-457.67810	55.98764	78.87480	-665.16836	-62.84584	370.26783	-833.13884	-107.70555	96.69058	-841.69297	-42.26598	118.16298	-868.83959	-83.55705	144.36942	-797.17574	-65.16153	73.08597	-552.28291	24.74689	943.63473	-468.25715	6.42574	401.37941	-720.22965	-114.34046	354.33007	-491.47343	69.13265	350.56684	-589.83487	-111.76293	665.72515	-550.28812	49.92023	101.55701	-671.20025	-183.93324	454.77541	-533.74969	142.03252	466.09455	-774.40244	-179.11844	242.64430	-494.61580	141.24230	242.08149	
321	3.200	-674.67870	33.03621	972.90696	-664.71092	18.22595	784.84594	-548.11612	59.30375	630.23068	-667.26147	39.54903	684.66554	-677.14098	-29.28195	701.64868	-503.59997	91.93711	77.51759	-504.32747	20.71197	87.04146	-454.70701	55.85759	75.73519	-653.45628	-62.60347	367.66920	-828.34641	-108.17837	97.82020	-836.59352	-42.76800	119.53680	-862.46577	-84.14765	146.70272	-793.81268	-65.38201	72.76556	-542.57104	25.98875	943.38124	-462.68010	6.02312	397.41486	-709.18232	-113.60944	352.35343	-485.97378	69.30228	347.34090	-578.93082	-111.76318	663.68369	-547.40378	50.67859	98.69295	-660.87116	-183.48128	452.95299	-525.12054	142.10913	464.06974	-765.35181	-178.88191	242.30644	-489.63107	141.38047	238.82132	
322	3.210	-665.13640	34.76279	971.40515	-653.36506	17.65044	783.78152	-537.64978	59.80327	630.00826	-656.40188	38.97976	684.76375	-666.10169	-30.05969	700.69020	-501.61333	92.76243	74.78108	-502.99894	21.64829	84.72703	-452.91893	56.21127	73.03075	-641.12524	-62.16142	364.88957	-822.98000	-108.54541	99.05547	-830.96301	-43.15974	120.99162	-855.39882	-84.63173	149.13288	-790.08117	-65.49788	72.50847	-532.80538	27.17685	943.31032	-457.53251	6.40600	393.93604	-697.49003	-112.70374	350.10421	-481.09594	70.11017	344.62703	-567.86628	-111.63307	661.46285	-545.60144	51.94786	96.44338	-650.00262	-182.86322	450.89855	-517.20450	142.72884	462.50358	-755.56606	-178.50327	241.84670	-485.54809	142.12131	236.00792	
323	3.220	-655.56694	36.28172	970.05278	-641.96876	16.79193	782.93281	-527.50491	60.54498	630.10746	-645.75353	38.17491	685.26176	-655.09762	-31.10959	699.93211	-500.48280	94.10197	72.55787	-502.50857	23.11176	83.00802	-452.02722	57.04668	70.80816	-628.22281	-61.50337	361.99368	-817.01838	-108.79210	100.43701	-824.76666	-43.42111	122.55326	-847.62827	-84.97516	151.67520	-785.92878	-65.51277	72.37183	-523.01486	28.29070	943.42696	-452.83545	7.59552	391.02176	-685.18696	-111.62240	347.63713	-476.84755	71.56993	342.49402	-556.70397	-111.34890	659.11448	-544.60676	53.75595	94.81201	-638.61404	-182.06609	448.66573	-510.03778	143.91411	461.44982	-745.07976	-177.97245	241.31042	-482.21996	143.49097	233.68518	
324	3.230	-645.99692	37.55263	968.89359	-630.59872	15.67499	782.33607	-517.72073	61.52832	630.53677	-635.36504	37.17498	686.15070	-644.18958	-32.38196	699.39502	-499.92419	95.91661	70.84766	-502.59238	25.05715	81.87708	-451.76363	58.32022	69.07957	-614.80223	-60.62326	359.06287	-810.44345	-108.91580	102.00836	-817.96983	-43.54305	124.24816	-839.15573	-85.15395	154.34556	-781.28977	-65.44341	72.41787	-513.23033	29.31129	943.73306	-448.60633	9.56358	388.70232	-672.31281	-110.37192	345.02460	-473.23113	73.65649	340.96376	-545.51074	-110.89211	656.70365	-544.16864	56.07100	93.76699	-626.73526	-181.08422	446.32786	-503.62953	145.65173	460.92290	-733.93643	-177.28795	240.75844	-479.51959	145.46707	231.85754	
325	3.240	-636.45404	38.54350	967.96664	-619.32983	14.33933	782.01842	-508.31996	62.74243	631.28798	-625.27068	36.03591	687.40340	-633.43277	-33.81005	699.09211	-499.70481	98.11640	69.61778	-503.01937	27.39054	81.29177	-451.89505	59.95219	67.82537	-600.92072	-59.52582	356.19105	-803.23947	-108.92523	103.81113	-810.53867	-43.52752	126.09940	-829.99499	-85.15512	157.15699	-776.08527	-65.31816	72.70887	-503.48349	30.22185	944.22680	-444.85405	12.23139	386.96139	-658.91201	-108.96633	342.35281	-470.23973	76.30539	340.01296	-534.35489	-110.25142	654.30510	-544.07631	58.80123	93.24505	-614.40724	-179.92035	443.97386	-497.95927	147.89146	460.89795	-722.18629	-176.45699	240.26325	-477.35146	147.97895	230.49354	
326	3.250	-626.96606	39.23295	967.30352	-608.23147	12.83810	781.99528	-499.30854	64.16615	632.33614	-615.48963	34.82492	688.97628	-622.87465	-35.31501	699.02825	-499.65470	100.57059	68.81048	-503.60153	29.97921	81.18134	-452.23401	61.83603	67.00023	-586.63767	-58.22617	353.47911	-795.39211	-108.83830	105.87940	-802.44084	-43.38602	128.12236	-820.17075	-84.97626	160.11574	-770.22503	-65.17358	73.30124	-493.80588	31.00866	944.90205	-441.57457	15.47385	385.74357	-645.03300	-107.42661	339.71647	-467.85229	79.41604	339.58019	-523.30308	-109.42439	651.99842	-544.16828	61.80360	93.16022	-601.68203	-178.58623	441.70219	-492.97726	150.54890	461.31542	-709.88385	-175.49487	239.90326	-475.65537	150.91358	229.53416	
327	3.260	-617.55984	39.61200	966.92594	-597.36436	11.23464	782.26878	-490.67699	65.76924	633.64131	-606.02686	33.61472	690.81259	-612.55349	-36.81271	699.19966	-499.66710	103.12299	68.35309	-504.19734	32.66639	81.45646	-452.64225	63.85011	66.54122	-572.01251	-56.74882	351.02862	-786.88729	-108.67851	108.23370	-793.64622	-43.13689	130.32052	-809.71603	-84.62390	163.21738	-763.61078	-65.04956	74.23926	-484.22775	31.66167	945.74795	-438.74740	19.12954	384.96614	-630.72718	-105.77968	337.21259	-466.02942	82.85880	339.57710	-512.41711	-108.41795	649.86241	-544.33315	64.89995	93.41540	-588.62158	-177.10262	439.61359	-488.60747	153.51241	462.08966	-697.08528	-174.42341	239.75581	-474.40120	154.12655	228.90397	
328	3.270	-608.26034	39.68491	966.84406	-586.77828	9.59819	782.82730	-482.40310	67.51435	635.15163	-596.87515	32.47659	692.84659	-602.49753	-38.22133	699.59418	-499.68982	105.61032	68.16901	-504.70966	35.28907	82.02039	-453.02808	65.87042	66.37657	-557.10251	-55.12622	348.93508	-777.71011	-108.47073	110.87574	-784.12763	-42.80200	132.68220	-798.66842	-84.11106	166.44351	-756.14120	-64.98371	75.54920	-474.77709	32.17491	946.74879	-436.33348	23.01549	384.53286	-616.04772	-104.05711	334.93389	-464.71047	86.48551	339.90157	-501.75072	-107.24799	647.96923	-544.50344	67.89846	93.91464	-575.29554	-175.49864	437.80338	-484.75318	156.65340	463.11999	-683.84581	-173.26906	239.88972	-473.57652	157.45653	228.52295	
329	3.280	-599.08979	39.46922	967.05574	-576.51069	7.99888	783.64623	-474.45549	69.35983	636.80748	-588.01812	31.47337	695.00812	-592.72475	-39.46907	700.19189	-499.71065	107.88107	68.18723	-505.07949	37.69615	82.77952	-453.33927	67.78287	66.43363	-541.96065	-53.39723	347.28168	-767.84394	-108.23701	113.78444	-773.86162	-42.40318	135.17864	-787.06556	-83.45470	169.75961	-747.71813	-65.00585	77.23476	-465.47869	32.54670	947.88413	-434.27478	26.94475	384.34718	-601.04809	-102.29365	332.96266	-463.81266	90.14218	340.45070	-491.34680	-105.93793	646.37896	-544.64487	70.61699	94.57374	-561.77809	-173.81063	436.35413	-481.30437	159.83828	464.30243	-670.21717	-172.06062	240.35809	-473.17059	160.74146	228.31684	
330	3.290	-590.06697	38.99461	967.54657	-566.58638	6.50258	784.68959	-466.79754	71.26273	638.54615	-579.43354	30.65347	697.22701	-583.24319	-40.50053	700.96609	-499.74042	109.81212	68.34904	-505.27761	39.76462	83.65181	-453.55326	69.49361	66.64530	-526.63369	-51.60552	346.13413	-757.27023	-107.99315	116.91425	-762.82918	-41.95922	137.76407	-774.94072	-82.67331	173.11469	-738.25339	-65.13357	79.27452	-456.35334	32.77956	949.12914	-432.49578	30.74440	384.32266	-585.78038	-100.52573	331.36565	-463.23329	93.68250	341.13135	-481.23524	-104.51654	645.13515	-544.74410	72.90481	95.32738	-548.14382	-172.08041	435.32967	-478.14626	162.94078	465.54025	-656.24532	-170.82704	241.19254	-473.15898	163.83421	228.22454	
331	3.300	-581.20665	38.30101	968.29090	-557.01792	5.16628	785.91255	-459.39113	73.18187	640.30636	-571.09651	30.04648	699.43692	-574.05175	-41.28124	701.88457	-499.79712	111.32112	68.61103	-505.29593	41.41155	84.57228	-453.66697	70.93662	66.95413	-511.16076	-49.79796	345.53697	-745.96883	-107.74679	120.19621	-751.01662	-41.48375	140.37788	-762.31897	-81.78519	176.44290	-727.67550	-65.36967	81.62195	-447.41732	32.87985	950.45535	-430.90712	34.27121	384.38935	-570.29347	-98.79006	330.19044	-462.85496	96.98037	341.86720	-471.43160	-103.01532	644.26177	-544.79728	74.65945	96.13211	-534.46308	-170.35302	434.77098	-475.16805	165.85260	466.75216	-641.96868	-169.59555	242.39958	-473.49271	166.61596	228.20188	
332	3.310	-572.51926	37.43584	969.25359	-547.80681	4.03431	787.26441	-452.19969	75.08044	642.03230	-562.98220	29.66119	701.57830	-565.14123	-41.79959	702.91089	-499.89376	112.37294	68.94482	-505.13969	42.60032	85.49510	-453.68761	72.07745	67.31433	-495.57243	-48.02274	345.51202	-733.91925	-107.49701	123.54199	-738.41633	-40.98434	142.94886	-749.21484	-80.80750	179.66734	-715.93542	-65.70187	84.20838	-438.68193	32.85722	951.83148	-429.41100	37.42269	384.49585	-554.63102	-97.12214	329.46372	-462.55351	99.93995	342.60172	-461.93696	-101.46582	643.76203	-544.80151	75.83633	96.96508	-520.79714	-168.67413	434.69444	-472.27083	168.49141	467.87729	-627.41688	-168.39028	243.95977	-474.09407	169.00567	228.22195	
333	3.320	-564.01068	36.45077	970.39230	-538.94498	3.13593	788.69173	-445.19041	76.92790	643.67662	-555.06778	29.48603	703.60039	-556.49578	-42.06620	704.00586	-500.03120	112.97962	69.33414	-504.82161	43.34072	86.39284	-453.62580	72.91328	67.69188	-479.89061	-46.32717	346.05869	-721.10271	-107.23570	126.85065	-725.02757	-40.46296	145.40097	-735.63179	-79.75618	182.70564	-703.01057	-66.10484	86.94855	-430.15330	32.72374	953.22450	-427.90816	40.14247	384.60788	-538.82974	-95.55483	329.19151	-462.20751	102.50182	343.29781	-452.73877	-99.89726	643.61890	-544.74978	76.44987	97.81970	-507.19372	-167.08706	435.09245	-469.37358	170.80518	468.87680	-612.61022	-167.23138	245.82981	-474.85991	170.96451	228.27258	
334	3.330	-555.68226	35.39829	971.66024	-530.41662	2.48415	790.14150	-438.33541	78.70108	645.20238	-547.33347	29.49175	705.46229	-548.09437	-42.11091	705.12896	-500.19625	113.19429	69.77067	-504.35783	43.68310	87.25350	-453.49120	73.46932	68.06328	-464.12912	-44.75501	347.15631	-707.50470	-106.95015	130.01727	-710.85715	-39.91743	147.66009	-721.56363	-78.64642	185.47678	-688.90667	-66.54421	89.74836	-421.83229	32.49307	954.60085	-426.30554	42.41947	384.70452	-522.91786	-94.11675	329.36117	-461.70792	104.64461	343.93490	-443.81272	-98.33478	643.79732	-544.62970	76.56658	98.69941	-493.68335	-165.62989	435.93633	-466.41666	172.77285	469.73265	-597.55995	-166.13472	247.94735	-475.67094	172.49514	228.35213	
335	3.340	-547.53085	34.32834	973.00893	-522.19989	2.07611	791.56394	-431.61196	80.38442	646.58379	-539.76276	29.63579	707.13331	-539.91241	-41.97809	706.23987	-500.36416	113.10037	70.24982	-503.76585	43.70798	88.07639	-453.29068	73.79244	68.41364	-448.29495	-43.34356	348.76802	-693.11766	-106.62644	132.94251	-695.91974	-39.34360	149.66061	-706.99749	-77.49343	187.90825	-673.65716	-66.98190	92.51359	-413.71461	32.17942	955.92758	-424.52373	44.28184	384.77376	-506.91422	-92.83083	329.94485	-460.96653	106.38234	344.50490	-435.12542	-96.79831	644.24774	-544.42514	76.29165	99.61135	-480.27736	-164.33270	437.18084	-463.36236	174.40160	470.44416	-582.26920	-165.11194	250.23798	-476.40497	173.63608	228.46450	
336	3.350	-539.54896	33.28532	974.39090	-514.26861	1.89451	792.91475	-425.00196	81.96942	647.80593	-532.34195	29.86763	708.59268	-531.92323	-41.72088	707.29992	-500.50402	112.79803	70.76724	-503.06368	43.51306	88.86775	-453.02837	73.94313	68.73454	-432.39031	-42.12074	350.84568	-677.94353	-106.25285	135.54167	-680.23787	-38.73782	151.35117	-691.91786	-76.31314	189.94242	-657.32037	-67.38183	95.15861	-405.79101	31.79666	957.17364	-422.50319	45.78718	384.80839	-490.82826	-91.71284	330.90394	-459.92205	107.75791	345.00789	-426.63761	-95.30234	644.91044	-544.11965	75.75174	100.56105	-466.96787	-163.21534	438.76994	-460.19291	175.72150	471.02335	-566.73474	-164.17080	252.62332	-476.95113	174.45246	228.61474	
337	3.360	-531.72501	32.30575	975.76208	-506.59359	1.91007	794.15695	-418.49089	83.45346	648.86369	-525.05924	30.13439	709.82903	-524.09944	-41.39541	708.27355	-500.58517	112.39017	71.31679	-502.26988	43.19967	89.63683	-452.70693	73.98699	69.02216	-416.41506	-41.10266	353.33532	-661.99532	-105.82290	137.75207	-663.84133	-38.09912	152.69845	-676.31068	-75.12260	191.54133	-639.97479	-67.71523	97.61375	-398.04761	31.35752	958.31087	-420.20836	47.01078	384.80305	-474.66108	-90.77030	332.19391	-458.54313	108.83428	345.44853	-418.30749	-93.85623	645.72037	-543.70032	75.07701	101.54906	-453.73024	-162.28619	440.64280	-456.90661	176.77859	471.48990	-550.94907	-163.31559	255.02921	-477.22244	175.02478	228.80567	
338	3.370	-524.04358	31.41660	977.08368	-499.14380	2.08461	795.26189	-412.06654	84.83839	649.76008	-517.90351	30.38594	710.83952	-516.41408	-41.05542	709.12978	-500.58316	111.97006	71.88996	-501.40373	42.86069	90.39289	-452.32916	73.98690	69.27583	-400.36958	-40.29208	356.18231	-645.29761	-105.33734	139.53760	-646.76593	-37.43082	153.68872	-660.16697	-73.93987	192.68903	-621.71289	-67.96472	99.83034	-390.46626	30.87289	959.31500	-417.62903	48.03398	384.75259	-458.40764	-90.00180	333.76907	-456.82814	109.68467	345.83330	-410.09392	-92.46511	646.61183	-543.16111	74.38520	102.56970	-440.52798	-161.54184	442.73949	-453.51297	177.62745	471.86658	-534.90296	-162.54750	257.39282	-477.16452	175.43733	229.03619	
339	3.380	-516.48565	30.63451	978.32357	-491.88728	2.37446	796.20975	-405.71778	86.12881	650.50433	-510.86321	30.57908	711.62896	-508.84137	-40.74800	709.84339	-500.48379	111.61210	72.47647	-500.48526	42.57149	91.14325	-451.89944	73.99684	69.49693	-384.25773	-39.67817	359.33578	-627.88556	-104.80500	140.88988	-629.05173	-36.74128	154.32688	-643.48519	-72.78358	193.39110	-602.63428	-68.12654	101.78290	-383.02501	30.35138	960.16629	-414.77875	48.93404	384.65173	-442.05998	-89.39705	335.58653	-454.80188	110.38318	346.16893	-401.95916	-91.13106	647.52274	-542.50463	73.76989	103.61194	-427.31961	-160.96803	445.00552	-450.02793	178.32417	472.17556	-518.58791	-161.86497	259.66774	-476.75934	175.76814	229.30105	
340	3.390	-509.02899	29.96581	979.45699	-484.79180	2.73379	796.98950	-399.43347	87.33054	651.10993	-503.92539	30.68034	712.20868	-501.35733	-40.51066	710.39596	-500.28486	111.36667	73.06562	-499.53476	42.38460	91.89244	-451.42448	74.05784	69.68834	-368.08971	-39.23764	362.75172	-609.80245	-104.24238	141.82597	-610.74081	-36.04370	154.63332	-626.27211	-71.67211	193.67158	-582.83866	-68.21060	103.46820	-375.69859	29.79910	960.84998	-411.69068	49.77653	384.49548	-425.61128	-88.93748	337.60921	-452.50980	110.99708	346.46158	-393.87096	-89.85437	648.39807	-541.74221	73.29405	104.66159	-414.06666	-160.54157	447.39478	-446.46968	178.92059	472.43596	-501.99840	-161.26399	261.82634	-476.02366	176.08143	229.59191	
341	3.400	-501.64841	29.40719	980.46679	-477.82546	3.11779	797.59825	-393.20177	88.44937	651.59272	-497.07508	30.66743	712.59535	-493.94002	-40.36984	710.77643	-499.99537	111.25907	73.64788	-498.57183	42.32837	92.64217	-450.91331	74.19622	69.85394	-351.88455	-38.93719	366.39448	-591.09606	-103.67205	142.38299	-591.87473	-35.35513	154.63914	-608.54220	-70.62282	193.56755	-562.41943	-68.23838	104.90173	-368.45892	29.21960	961.35641	-408.41146	50.61099	384.28002	-409.06017	-88.59761	339.80734	-450.01067	111.58127	346.71679	-385.80377	-88.63463	649.19238	-540.89240	72.98901	105.70411	-400.74162	-160.23304	449.87072	-442.85570	179.46018	472.66253	-485.13369	-160.73831	263.85928	-475.00274	176.42338	229.89904	
342	3.410	-494.31625	28.94701	981.34307	-470.95715	3.48530	798.04034	-387.00968	89.49005	651.96941	-490.29511	30.52931	712.80952	-486.56962	-40.34084	710.98122	-499.63286	111.29201	74.21620	-497.61403	42.40909	93.39182	-450.37665	74.42391	69.99834	-335.67197	-38.73687	370.23647	-571.81436	-103.12025	142.61076	-572.49226	-34.69483	154.38055	-590.31572	-69.65139	193.12243	-541.45831	-68.23903	106.11216	-361.27570	28.61403	961.68084	-404.99408	51.46944	384.00347	-392.41492	-88.34692	342.15847	-447.36849	112.17535	346.93962	-377.73920	-87.47171	649.87116	-539.97815	72.85799	106.72740	-387.33444	-160.00978	452.40560	-439.20083	179.97576	472.86543	-467.99881	-160.27978	265.77229	-473.76080	176.82106	230.21321	
343	3.420	-487.00282	28.56698	982.08244	-464.15693	3.80077	798.32609	-380.84292	90.45577	652.25628	-483.56623	30.26504	712.87402	-479.22832	-40.42881	711.01362	-499.21939	111.45068	74.76681	-496.67549	42.61563	94.13931	-449.82571	74.74044	70.12650	-319.49345	-38.59382	374.25624	-552.00113	-102.61396	142.56346	-552.62750	-34.08236	153.89319	-571.61616	-68.77136	192.37886	-520.02172	-68.24428	107.13477	-354.11697	27.98137	961.82307	-401.49064	52.36753	383.66642	-375.69676	-88.15197	344.64614	-444.64471	112.80302	347.13495	-369.66555	-86.36632	650.41123	-539.02348	72.88293	107.72389	-373.85655	-159.83889	454.97838	-435.51620	180.48889	473.05075	-450.60490	-159.87860	267.58082	-472.36985	177.28418	230.52721	
344	3.430	-479.67695	28.24405	982.68695	-457.39639	4.03560	798.47030	-374.68595	91.34802	652.46835	-476.86755	29.88187	712.81220	-471.90016	-40.63062	710.88273	-498.77728	111.70919	75.29943	-495.76552	42.92553	94.88198	-449.27085	75.13597	70.24336	-303.40231	-38.46579	378.43511	-531.69236	-102.17788	142.29165	-532.30883	-33.53561	153.20710	-552.46750	-67.99417	191.37225	-498.15909	-68.28294	108.00480	-346.94974	27.31891	961.78673	-397.94612	53.30742	383.27196	-358.94201	-87.97863	347.25716	-441.89156	113.47357	347.30776	-361.57672	-85.32031	650.80001	-538.05019	73.03282	108.69158	-360.34141	-159.68962	457.57156	-431.80852	181.01063	473.22142	-432.96885	-159.52376	269.30354	-470.89881	177.80871	230.83686	
345	3.440	-472.30668	27.95226	983.16276	-450.64887	4.16866	798.49069	-368.52205	92.16673	652.61881	-470.17715	29.39270	712.64612	-464.57063	-40.93722	710.60167	-498.32515	112.03721	75.81691	-494.88768	43.31141	95.61741	-448.72036	75.59484	70.35340	-287.46278	-38.31387	382.75288	-510.91405	-101.83173	141.83564	-511.55925	-33.06921	152.34292	-532.89212	-67.32943	190.12579	-475.90351	-68.37587	108.75150	-339.74065	26.62259	961.57849	-394.39357	54.28145	382.82536	-342.20256	-87.79411	349.97808	-439.14700	114.18458	347.46326	-353.47053	-84.33670	651.03409	-537.07514	73.27212	109.63401	-346.84149	-159.53516	460.16769	-428.07939	181.54328	473.37839	-415.11235	-159.20344	270.95559	-469.40428	178.38162	231.14127	
346	3.450	-464.86003	27.66451	983.51869	-443.88959	4.18622	798.40628	-362.33326	92.91064	652.71870	-463.47262	28.81338	712.39481	-457.22629	-41.33611	710.18552	-497.87506	112.40579	76.32452	-494.03943	43.74662	96.34401	-448.17944	76.09900	70.46026	-271.74795	-38.10414	387.18307	-489.68189	-101.58826	141.22096	-490.39800	-32.69342	151.30955	-512.90983	-66.78543	188.64754	-453.27469	-68.53217	109.39349	-332.45667	25.88751	961.20722	-390.85137	55.27606	382.33341	-325.54456	-87.56847	352.79118	-436.43167	114.92547	347.60676	-345.34675	-83.41946	651.11712	-536.10844	73.56795	110.55933	-333.42213	-159.35333	462.74599	-424.32448	182.08254	473.52162	-397.06070	-158.90538	272.54257	-467.92419	178.98564	231.44263	
347	3.460	-457.30579	27.35404	983.76473	-437.09554	4.08122	798.23580	-356.10031	93.57786	652.77668	-456.73142	28.16027	712.07279	-449.85409	-41.81375	709.64901	-497.43096	112.79168	76.82904	-493.21232	44.20944	97.06144	-447.64959	76.63089	70.56647	-256.33685	-37.80795	391.68833	-468.00336	-101.45204	140.45618	-468.84389	-32.41368	150.10340	-492.53853	-66.36988	186.92975	-430.28411	-68.74705	109.93576	-325.06583	25.10835	960.68303	-387.32241	56.27505	381.80351	-309.04545	-87.27569	355.67046	-433.74795	115.68107	347.74354	-337.20493	-82.57320	651.05740	-535.15281	73.89513	111.47882	-320.15303	-159.12651	465.27976	-420.53250	182.61989	473.65090	-378.84167	-158.61727	274.05607	-466.47470	179.60342	231.74549	
348	3.470	-449.61449	26.99556	983.91061	-430.24518	3.85221	797.99610	-349.80230	94.16639	652.79892	-449.93110	27.44811	711.68891	-442.44073	-42.35750	709.00436	-496.98861	113.17982	77.33797	-492.39307	44.68547	97.77072	-447.12838	77.17564	70.67339	-241.31061	-37.40115	396.21655	-445.88215	-101.41933	139.53309	-446.92008	-32.23082	148.70914	-471.79676	-66.09049	184.95056	-406.94210	-69.00179	110.36833	-317.53792	24.27974	960.01649	-383.79512	57.26213	381.24276	-292.78957	-86.89413	358.57815	-431.08084	116.43477	347.87845	-329.04249	-81.80270	650.86533	-534.20388	74.23877	112.40516	-307.09902	-158.84073	467.73464	-416.68432	183.14472	473.76611	-360.48487	-158.32708	275.47131	-465.05028	180.22058	232.05584	
349	3.480	-441.75925	26.56604	983.96442	-423.31793	3.50197	797.70084	-343.41630	94.67466	652.78882	-443.04910	26.68866	711.24571	-434.97174	-42.95700	708.25954	-496.53675	113.56381	77.85877	-491.56505	45.16807	98.47408	-446.60972	77.72221	70.78125	-226.74813	-36.86254	400.69836	-423.32508	-101.47896	138.42883	-424.66013	-32.14184	147.10179	-450.70818	-65.95544	182.67741	-383.26630	-69.26559	110.66666	-309.84526	23.39661	959.21792	-380.24564	58.22248	380.65700	-276.86277	-86.40652	361.46234	-428.40027	117.17094	348.01534	-320.85293	-81.11247	650.55110	-533.25143	74.59439	113.35097	-294.31143	-158.48435	470.06821	-412.75243	183.64611	473.86708	-342.02179	-158.02331	276.74704	-463.62648	180.82717	232.38008	
350	3.490	-433.71672	26.04519	983.93156	-416.29343	3.03618	797.35924	-336.91702	95.10198	652.74674	-436.06247	25.88996	710.73929	-427.43069	-43.60485	707.41704	-496.05933	113.94481	78.39848	-490.71011	45.65709	99.17473	-446.08443	78.26369	70.88944	-212.72150	-36.17224	405.04635	-400.35076	-101.61402	137.10962	-402.11479	-32.14118	145.24975	-429.30764	-65.97362	180.07206	-359.29098	-69.49935	110.79352	-301.96337	22.45444	958.29692	-376.64064	59.14352	380.04978	-261.34671	-85.79973	364.25606	-425.66435	117.87631	348.15640	-312.62470	-80.50624	650.12272	-532.28106	74.96591	114.32768	-281.82141	-158.04670	472.23055	-408.70113	184.11408	473.95297	-323.48684	-157.69533	277.82782	-462.16458	181.41791	232.72409	
351	3.500	-425.46786	25.41567	983.81386	-409.15078	2.46221	796.97521	-330.27653	95.44886	652.66955	-428.94743	25.05655	710.15971	-419.79839	-44.29662	706.47369	-495.53810	114.32909	78.96350	-489.81040	46.15635	99.87637	-445.54118	78.79668	70.99680	-199.29137	-35.31040	409.15643	-376.99973	-101.80433	135.53532	-379.35896	-32.22222	143.11860	-407.64849	-66.15431	177.09632	-335.07630	-69.66058	110.70211	-293.87159	21.44944	957.26205	-372.94001	60.01509	379.42146	-246.31346	-85.06452	366.87821	-422.82279	118.54050	348.30115	-304.34055	-79.98659	649.58475	-531.27609	75.36210	115.34494	-269.63643	-157.51702	474.16594	-404.48755	184.54030	474.02110	-304.91943	-157.33358	278.64825	-460.61713	181.99100	233.09229	
352	3.510	-416.99861	24.66307	983.60914	-401.86779	1.78822	796.54680	-323.46440	95.71723	652.55012	-421.67909	24.19021	709.49198	-412.05249	-45.03020	705.42119	-494.95522	114.72484	79.55969	-488.84983	46.67051	100.58277	-444.96768	79.32007	71.10190	-186.50295	-34.25709	412.91146	-353.34474	-102.02926	133.66457	-356.49799	-32.37884	140.67533	-385.81001	-66.50663	173.71821	-310.71684	-69.70920	110.34035	-285.55363	20.37882	956.12083	-369.09899	60.82910	378.76824	-231.82091	-84.19559	369.23645	-419.82014	119.15555	348.44540	-295.97763	-79.55447	648.93771	-530.21904	75.79241	116.41051	-257.74005	-156.88402	475.81541	-400.06359	184.91831	474.06566	-286.36688	-156.93005	279.13874	-458.93327	182.54619	233.48692	
353	3.520	-408.30037	23.77591	983.31108	-394.42040	1.02280	796.06613	-316.44816	95.91051	652.37689	-414.23134	23.29144	708.71745	-404.16745	-45.80457	704.24778	-494.29523	115.13899	80.19260	-487.81491	47.20196	101.29737	-444.35181	79.83342	71.20320	-174.38268	-32.99345	416.18719	-329.50026	-102.27078	131.45998	-333.67230	-32.60679	137.89281	-363.90419	-67.03858	169.91781	-286.34820	-69.61339	109.65591	-276.99797	19.24084	954.87987	-365.06937	61.57898	378.08120	-217.90968	-83.19197	371.23218	-416.59824	119.71491	348.57989	-287.50835	-79.20905	648.17834	-529.09266	76.26279	117.53060	-246.09539	-156.13639	477.11983	-395.37835	185.24320	474.07614	-267.88795	-156.47872	279.23221	-457.06300	183.08244	233.90733	
354	3.530	-399.37027	22.74561	982.90966	-386.78259	0.17500	795.51986	-309.19431	96.03352	652.13358	-406.57727	22.36123	707.81566	-396.11513	-46.61826	702.94060	-493.54609	115.57427	80.86780	-486.69478	47.74826	102.02297	-443.68258	80.33517	71.29925	-162.93611	-31.50442	418.86009	-305.62944	-102.51623	128.89311	-311.05965	-32.90489	134.75427	-342.08056	-67.75592	165.69258	-262.15083	-69.35487	108.60190	-268.19818	18.03505	953.54540	-360.79979	62.25883	377.34546	-204.60176	-82.05798	372.76708	-413.09770	120.21194	348.68902	-278.90193	-78.94756	647.30080	-527.88000	76.77252	118.71056	-234.65130	-155.26417	478.02353	-390.38097	185.51104	474.03605	-249.55635	-155.97635	278.87095	-454.95963	183.59557	234.34935	
355	3.540	-390.21120	21.56660	982.39205	-378.92672	-0.74506	794.89022	-301.66978	96.09225	651.79917	-398.69003	21.40294	706.76643	-387.86606	-47.46766	701.48875	-492.69875	116.02728	81.59138	-485.48049	48.30068	102.76173	-442.95063	80.82105	71.38864	-152.14728	-29.78271	420.81670	-281.94732	-102.76065	125.94894	-288.87407	-33.27559	131.25753	-320.52791	-68.66109	161.06148	-238.34993	-68.93294	107.14272	-259.15308	16.76245	952.12378	-356.23521	62.86255	376.53953	-191.90105	-80.80458	373.75101	-409.25834	120.63831	348.74960	-270.12669	-78.76540	646.29844	-526.56359	77.31248	119.95578	-223.35063	-154.26103	478.47825	-385.02317	185.71785	473.92183	-231.46368	-155.42344	278.01298	-452.57988	184.07657	234.80469	
356	3.550	-380.83157	20.23663	981.74393	-370.82443	-1.72533	794.15672	-293.84380	96.09336	651.34841	-390.54424	20.42415	705.55220	-379.39135	-48.34541	699.88662	-491.74535	116.48768	82.37025	-484.16353	48.84393	103.51544	-442.14798	81.28283	71.47015	-141.97972	-27.83355	421.96361	-258.71868	-103.00825	122.62972	-267.36080	-33.72515	127.41878	-299.47184	-69.75237	156.06790	-215.21074	-68.36669	105.25975	-249.86672	15.42571	950.62230	-351.31607	63.38272	375.63505	-179.79582	-79.45095	374.11036	-405.01888	120.98256	348.73001	-261.15277	-78.65659	645.16642	-525.12359	77.86517	121.27272	-212.13941	-153.12722	478.44715	-379.26125	185.85856	473.70246	-213.72090	-154.82546	276.63720	-449.88170	184.51058	235.26035	
357	3.560	-371.24488	18.75719	980.95127	-362.44819	-2.75068	793.29832	-285.68996	96.04350	650.75285	-382.11779	19.43804	704.16031	-370.66516	-49.23910	698.13725	-490.67597	116.93872	83.21257	-482.73374	49.35724	104.28617	-441.26702	81.70761	71.54292	-132.37926	-25.67947	422.23721	-236.24971	-103.27281	118.95788	-246.78700	-34.26317	123.27544	-279.16764	-71.02343	150.78069	-193.02851	-67.69495	102.95620	-240.34830	14.02939	949.05004	-345.97760	63.80937	374.59714	-168.26267	-78.02599	373.79613	-400.31607	121.22902	348.59012	-251.95525	-78.61435	643.90448	-523.53523	78.40657	122.66979	-200.97565	-151.87286	477.90890	-373.05725	185.92578	473.33991	-196.45787	-154.19425	274.74683	-446.82038	184.87698	235.69820	
358	3.570	-361.46910	17.13427	980.00239	-353.77331	-3.80182	792.29616	-277.18824	95.94836	649.98251	-373.39388	18.46423	702.58529	-361.66747	-50.13053	696.25520	-489.47439	117.35890	84.12805	-481.17687	49.81641	105.07714	-440.29859	82.07785	71.60685	-123.27866	-23.36415	421.61209	-214.87300	-103.57678	114.97772	-227.42816	-34.90153	118.88771	-259.88807	-72.46321	145.29328	-172.11331	-66.97384	100.26056	-230.61191	12.58023	947.41868	-340.14969	64.12875	373.38573	-157.27164	-76.56942	372.79086	-395.08388	121.35716	348.28209	-242.51724	-78.63209	642.51987	-521.76573	78.90949	124.15810	-189.83683	-150.52109	476.86150	-366.37909	185.90872	472.79054	-179.82017	-153.54928	272.37069	-443.34356	185.15022	236.09483	
359	3.580	-351.52585	15.37902	978.89020	-344.78024	-4.85457	791.13646	-268.32691	95.81168	649.00819	-364.36312	17.52873	700.83082	-352.38686	-50.99564	694.26866	-488.11325	117.72453	85.12830	-479.47193	50.19659	105.89398	-439.22926	82.37207	71.66344	-114.60376	-20.95456	420.10708	-194.92658	-103.94897	110.75551	-209.55105	-35.65283	114.33817	-241.90673	-74.05628	139.72059	-152.77025	-66.27184	97.22794	-220.67615	11.08736	945.74335	-333.75808	64.32202	371.95790	-146.79195	-75.13212	371.11349	-389.25329	121.34168	347.75258	-232.83274	-78.70441	641.02997	-519.77121	79.34764	125.75193	-178.72509	-149.11047	475.32535	-359.19983	185.79241	472.00764	-163.96323	-152.91870	269.56234	-439.38648	185.30153	236.42191	
360	3.590	-341.43962	13.50858	977.61437	-335.45703	-5.87960	789.81343	-259.10391	95.63418	647.80436	-355.02520	16.66314	698.91131	-342.82296	-51.80526	692.22033	-486.54954	118.01275	86.22704	-477.58864	50.47516	106.74584	-438.03811	82.56622	71.71678	-106.28072	-18.54070	417.78778	-176.72843	-104.42110	106.37781	-193.39431	-36.52848	109.72922	-225.47816	-75.78335	134.19350	-135.27665	-65.66303	93.93879	-210.56373	9.56254	944.04325	-326.72670	64.36427	370.27151	-136.79764	-73.77533	368.82135	-382.75288	121.15314	346.94635	-222.90880	-78.82834	639.46412	-517.49420	79.69978	127.46874	-167.66949	-147.69604	473.34545	-351.49620	185.55725	470.94500	-149.04381	-152.33953	266.39714	-434.86879	185.30086	236.64735	
361	3.600	-331.23691	11.54665	976.18327	-325.80150	-6.84290	788.33189	-249.52780	95.41265	646.35239	-345.39013	15.90271	696.85289	-332.98810	-52.52674	690.16703	-484.72116	118.20433	87.44029	-475.48521	50.63431	107.64647	-436.69314	82.63559	71.77491	-98.24389	-16.23235	414.76517	-160.54903	-105.02352	101.94753	-179.14873	-37.53657	105.17796	-210.81676	-77.62193	128.85118	-119.85832	-65.21911	90.49463	-200.30093	8.02027	942.34212	-318.98158	64.22395	368.29002	-127.27255	-72.56866	366.00890	-375.51076	120.75923	345.81127	-212.76681	-79.00435	637.86453	-514.86221	79.95306	129.32872	-156.72530	-146.34851	470.99168	-343.24690	185.17917	469.56146	-135.20967	-151.85686	262.96752	-429.69387	185.11906	236.73733	
362	3.610	-320.94547	9.52381	974.61536	-315.82296	-7.70716	786.70926	-239.61785	95.13940	644.64385	-335.47863	15.28368	694.69374	-322.90799	-53.12627	688.17769	-482.54543	118.28584	88.78642	-473.10678	50.66287	108.61474	-435.14805	82.55712	71.85114	-90.44328	-14.15299	411.18964	-146.58544	-105.78062	97.57790	-166.93960	-38.67999	100.80872	-198.07698	-79.54723	123.83158	-106.66795	-65.00127	87.01102	-189.91700	6.47783	940.66839	-310.45580	63.86314	365.98828	-118.21409	-71.58678	362.80281	-367.45774	120.12664	344.30444	-202.44255	-79.23710	636.28576	-511.78796	80.10473	131.35387	-145.97016	-145.15113	468.35719	-334.43118	184.63057	467.82608	-122.58856	-151.52176	259.37715	-423.75190	184.72970	236.65950	
363	3.620	-310.59360	7.47738	972.93994	-305.54316	-8.43392	784.97661	-229.40365	94.80210	642.68369	-325.32157	14.83990	692.48355	-312.62107	-53.57199	686.33002	-479.92030	118.25073	90.28587	-470.38461	50.55701	109.67450	-433.33957	82.31174	71.96513	-82.85087	-12.43105	407.24092	-134.94059	-106.70679	93.38455	-156.81360	-39.95493	96.74384	-187.33784	-81.53299	119.26105	-95.76862	-65.05309	83.60834	-179.44350	4.95507	939.05501	-301.09514	63.23888	363.35865	-109.63529	-70.90485	359.35370	-358.53171	119.22341	342.39897	-191.98494	-79.53584	634.79274	-508.17170	80.16194	133.56635	-135.49784	-144.19431	465.55409	-325.02811	183.88194	465.72356	-111.27804	-151.38778	255.73428	-416.92670	184.11046	236.38722	
364	3.630	-300.20965	5.45075	971.19702	-294.99630	-8.98647	783.17855	-218.92385	94.38420	640.49270	-314.95861	14.59904	690.28222	-302.17664	-53.83736	684.70588	-476.72847	118.09921	91.96046	-467.23641	50.31980	110.85336	-431.18616	81.88669	72.14335	-75.46472	-11.18926	403.11458	-125.61135	-107.80365	89.47646	-148.73269	-41.35019	93.09358	-178.59418	-83.55259	115.24402	-87.12539	-65.39561	80.40138	-168.91368	3.47413	937.53887	-290.86365	62.30584	360.41689	-101.56478	-70.59322	355.82518	-348.68274	118.02164	340.09051	-181.45350	-79.91408	633.45739	-503.90560	80.13929	135.98643	-125.41011	-143.56824	462.70685	-315.01712	182.90427	463.25930	-101.33769	-151.50642	252.14514	-409.10622	183.24418	235.90471	
365	3.640	-289.82149	3.49208	969.43629	-284.22801	-9.33319	781.37191	-208.22454	93.86600	638.10910	-304.43600	14.57882	688.15770	-291.63180	-53.90456	683.38591	-472.84435	117.83688	93.83216	-463.56781	49.95950	112.18043	-428.58810	81.27742	72.41861	-68.31017	-10.53327	399.00649	-118.48797	-109.05896	85.94684	-142.57634	-42.84742	89.94668	-171.75674	-85.58012	111.85431	-80.60695	-66.02531	77.48939	-158.36162	2.05889	936.15989	-279.74843	61.02022	357.20677	-94.04459	-70.71165	352.38118	-337.87853	116.50046	337.40274	-170.91463	-80.38874	632.35405	-498.88017	80.05466	138.62971	-115.80775	-143.35447	459.94353	-304.38000	181.67212	460.46371	-92.78486	-151.92197	248.70764	-400.19542	182.11940	235.21261	
366	3.650	-279.45622	1.65233	967.71518	-273.29339	-9.45094	779.62310	-197.35708	93.22629	635.58880	-293.80386	14.78383	686.18299	-281.04757	-53.76757	682.44384	-468.14322	117.47248	95.92114	-459.27491	49.48707	113.68299	-425.42940	80.48883	72.82851	-61.43765	-10.54081	395.09700	-113.36564	-110.44749	82.86541	-138.15228	-44.42202	87.36278	-166.66130	-87.59121	109.12931	-75.99767	-66.91542	74.94788	-147.82156	0.73421	934.95961	-267.76280	59.34496	353.80246	-87.12588	-71.30381	349.17316	-326.10942	114.64895	334.39094	-160.43725	-80.97864	631.55398	-492.99195	79.92363	141.50403	-106.78152	-143.61733	457.38591	-293.10434	180.16697	457.39491	-85.59487	-152.66651	245.50603	-390.12985	180.73097	234.33318	
367	3.660	-269.13978	-0.01722	966.09618	-262.25416	-9.32815	778.00451	-186.37581	92.44441	633.00412	-283.11332	15.20324	684.43270	-270.48461	-53.43433	681.94111	-462.51118	117.01508	98.24321	-454.24795	48.91304	115.38221	-421.58135	79.53573	73.41258	-54.91730	-11.25279	391.53700	-109.96667	-111.93341	80.27328	-135.21460	-46.04466	85.36802	-163.08578	-89.56346	107.06792	-73.01869	-68.01994	72.82354	-137.32697	-0.47495	933.97962	-254.94723	57.25561	350.30810	-80.86305	-72.39260	346.32867	-313.39236	112.46888	331.14261	-150.08794	-81.70253	631.11986	-486.15160	79.75368	144.60614	-98.40419	-144.39661	455.13973	-281.18827	178.38046	454.13938	-79.70537	-153.75569	242.60675	-378.88774	179.08067	233.31432	
368	3.670	-258.89663	-1.46787	964.64351	-251.17536	-8.96707	776.59005	-175.33576	91.50262	630.44095	-272.41375	15.81008	682.97900	-259.99915	-52.92756	681.92244	-455.85463	116.47115	100.80664	-448.37559	48.24433	117.28855	-416.90756	78.44219	74.20839	-48.83083	-12.66786	388.43756	-107.96991	-113.47367	78.18128	-133.48616	-47.68269	83.95450	-160.77263	-91.47596	105.63294	-71.35478	-69.27959	71.13278	-126.90975	-1.54460	933.25949	-241.36770	54.74626	346.85382	-75.30686	-73.97691	343.94272	-299.77307	109.97678	327.77495	-139.92640	-82.57690	631.10052	-478.29112	79.53883	147.91844	-90.72437	-145.70258	453.28628	-268.64559	176.31722	450.80995	-75.02413	-155.18601	240.05595	-366.49839	177.17822	232.23110	
369	3.680	-248.74935	-2.65663	963.41956	-240.12178	-8.38477	775.45031	-164.29037	90.38848	627.99429	-261.75043	16.56224	681.88760	-249.63946	-52.28408	682.41260	-448.10751	115.84193	103.60864	-441.54973	47.48156	119.39733	-411.27015	77.23967	75.24689	-43.26177	-14.74119	385.86472	-107.04241	-115.02136	76.57213	-132.68222	-49.30140	83.08357	-159.45290	-93.30809	104.75727	-70.68274	-70.62834	69.86395	-116.59934	-2.45281	932.83479	-227.11146	51.83482	343.58854	-70.49747	-76.03040	342.07307	-285.32598	107.20520	324.42877	-130.00158	-83.61368	631.52688	-469.36900	79.25604	151.40639	-83.76288	-147.51399	451.87663	-255.51068	173.99679	447.54092	-71.43876	-156.93400	237.87880	-353.04489	175.04239	231.18386	
370	3.690	-238.71820	-3.54919	962.48118	-229.15454	-7.61282	774.64779	-153.28967	89.09686	625.76258	-251.16287	17.40540	681.21371	-239.44334	-51.55225	683.41497	-439.23518	115.12151	106.63201	-433.67029	46.61717	121.68529	-404.53652	75.96393	76.54761	-38.28532	-17.38807	383.83987	-106.86831	-116.52882	75.40584	-132.53163	-50.86482	82.69248	-158.86824	-95.03786	104.35324	-70.69724	-71.99952	68.98252	-106.42191	-3.18077	932.73481	-212.28052	48.56649	340.66992	-66.45814	-78.50232	340.73992	-270.15151	104.20271	321.25936	-120.34885	-84.81837	632.40935	-459.37235	78.86391	155.01689	-77.51208	-149.77969	450.92925	-241.84185	171.45437	444.48026	-68.82664	-158.95740	236.08072	-338.66022	172.70197	230.29224	
371	3.700	-228.82061	-4.12268	961.87636	-218.32824	-6.69541	774.23255	-142.37860	87.63160	623.84124	-240.68380	18.27767	680.99845	-229.43686	-50.78796	684.91163	-429.23419	114.29580	109.84237	-424.64983	45.63494	124.10899	-396.58640	74.65098	78.11442	-33.95903	-20.49184	382.34536	-107.17118	-117.95012	74.62743	-132.79326	-52.33669	82.70310	-158.78798	-96.64070	104.32349	-71.13064	-73.33077	68.43813	-96.39956	-3.71382	932.98060	-196.98371	45.01492	338.25259	-63.19048	-81.32073	339.92953	-254.37074	101.03272	318.42515	-110.98856	-86.18861	633.73716	-448.31556	78.30440	158.67843	-71.93791	-152.42326	450.43127	-227.72227	168.74033	441.77948	-67.06338	-161.19836	234.65027	-323.51677	170.19597	229.68493	
372	3.710	-219.07067	-4.36762	961.64123	-207.68874	-5.68607	774.23874	-131.59589	86.00624	622.31581	-230.33889	19.11534	681.26594	-219.63439	-50.04938	686.86507	-418.12814	113.34280	113.18669	-414.41773	44.51093	126.60578	-387.31847	73.33240	79.93279	-30.31542	-23.91527	381.33383	-107.72741	-119.24344	74.17542	-133.26633	-53.68166	83.03148	-159.01971	-98.08937	104.57185	-71.76519	-74.56787	68.17222	-86.54971	-4.04217	933.58307	-181.32817	41.28038	336.47604	-60.67148	-84.39758	339.60108	-238.11770	97.77082	316.07522	-101.92593	-87.71344	635.47942	-436.23572	77.50786	162.30335	-66.98436	-155.35019	450.34299	-213.25774	165.91830	439.58184	-66.02867	-163.58810	233.56331	-307.81027	167.57255	229.48605	
373	3.720	-209.47867	-4.28913	961.79786	-197.27195	-4.64345	774.68216	-120.97322	84.24407	621.25567	-220.14708	19.85916	682.02112	-210.03969	-49.39119	689.22102	-405.96045	112.23423	116.59379	-402.92359	43.21620	129.09756	-376.65617	72.03096	81.96899	-27.35706	-27.51382	380.73943	-108.37046	-120.37339	73.98962	-133.79448	-54.86744	83.59674	-159.41299	-99.35563	105.01254	-72.43739	-75.66744	68.12509	-76.88459	-4.16149	934.54158	-165.41142	37.48473	335.45365	-58.85274	-87.63548	339.69518	-221.52993	94.50097	314.33731	-93.15231	-89.37332	637.58788	-423.18562	76.40078	165.79244	-62.57929	-158.45647	450.60489	-198.57108	163.06220	438.01027	-65.60920	-166.05269	232.78773	-291.74048	164.88631	229.79996	
374	3.730	-200.05072	-3.90709	962.35286	-187.10335	-3.62643	775.55908	-110.53485	82.37717	620.70867	-210.12126	20.46026	683.24865	-200.64792	-48.85912	691.91199	-392.78554	110.93865	119.97716	-390.13993	41.72095	131.49741	-364.55209	70.75737	84.17198	-25.05463	-31.14900	380.48862	-108.98730	-121.31347	74.01708	-134.26469	-55.86762	84.32806	-159.85737	-100.41368	105.57664	-73.03550	-76.59884	68.24155	-67.41095	-4.07310	935.84295	-149.31488	33.76349	335.26427	-57.66178	-90.93522	340.14269	-204.73830	91.31065	313.30749	-84.64751	-91.14102	640.00084	-409.22572	74.91581	169.04187	-58.64074	-161.63740	451.14590	-183.79346	160.25209	437.15646	-65.69875	-168.51921	232.28792	-275.49131	162.19419	230.69672	
375	3.740	-190.78850	-3.25520	963.29683	-177.19850	-2.68934	776.84639	-100.29753	80.44475	620.69738	-200.26937	20.88483	684.91286	-191.44826	-48.48543	694.86117	-378.66008	109.42595	123.24038	-376.06369	39.99965	133.71819	-350.99065	69.50895	86.47753	-23.34789	-34.70011	380.50901	-109.50946	-122.04853	74.21537	-134.60231	-56.66492	85.16918	-160.27630	-101.24461	106.21514	-73.49229	-77.34537	68.47456	-58.13002	-3.78384	937.46112	-133.09970	30.25573	335.94718	-57.00548	-94.20345	340.87246	-187.85709	88.28546	313.04297	-76.38275	-92.98305	642.64772	-394.41645	73.00227	171.95181	-55.08282	-164.79563	451.89172	-169.05393	157.56924	437.07248	-66.19654	-170.92161	232.02838	-259.21302	159.55079	232.20125	
376	3.750	-181.68924	-2.37900	964.60483	-167.56402	-1.87754	778.50292	-90.27068	78.49075	621.21717	-190.59548	21.11704	686.95872	-182.42652	-48.28594	697.98623	-363.63584	107.67269	126.28455	-360.71639	38.03664	135.68195	-335.98851	68.27096	88.81441	-22.14942	-38.07298	380.73525	-109.90149	-122.57660	74.55321	-134.76412	-57.25405	86.08004	-160.61919	-101.84086	106.89876	-73.77517	-77.90453	68.78679	-49.03774	-3.30564	939.35745	-116.80510	27.09273	337.50100	-56.77512	-97.35942	341.81719	-170.97559	85.50355	313.55875	-68.32412	-94.86171	645.45369	-378.81218	70.63584	174.43556	-51.82061	-167.84771	452.77208	-154.46840	155.09065	437.76618	-67.00497	-173.20565	231.97607	-243.00891	157.00399	234.28804	
377	3.760	-172.74591	-1.33308	966.23758	-158.19904	-1.22409	780.47188	-80.45683	76.56096	622.23643	-181.10090	21.15992	689.31399	-173.56778	-48.25902	701.20283	-347.75510	105.66762	129.01706	-344.14276	35.83104	137.32848	-319.59278	67.02039	91.11151	-21.35062	-41.20486	381.11174	-110.14938	-122.90975	75.00885	-134.73067	-57.64344	87.03583	-160.85348	-102.20950	107.61496	-73.87585	-78.28749	69.15056	-40.12514	-2.65475	941.48173	-100.44943	24.38691	339.88638	-56.85275	-100.34015	342.91711	-154.15226	83.03055	314.82837	-60.43588	-96.73747	648.34405	-362.45745	67.82535	176.42794	-48.77389	-170.72835	453.72598	-140.12984	152.88354	439.20084	-68.02793	-175.33224	232.10137	-226.92797	154.59201	236.88307	
378	3.770	-163.94761	-0.17747	968.14356	-149.09680	-0.74759	782.68415	-70.85214	74.70000	623.69879	-171.78509	21.03411	691.89234	-164.85836	-48.38638	704.42771	-331.04884	103.41643	131.36024	-326.40749	33.40040	138.62153	-301.87688	65.73192	93.30486	-20.82944	-44.06515	381.59280	-110.25093	-123.07322	75.56710	-134.49935	-57.85527	88.02422	-160.95798	-102.37323	108.36334	-73.80101	-78.51729	69.54641	-31.37904	-1.85073	943.77387	-84.03352	22.22236	343.03184	-57.11810	-103.10325	344.12148	-137.41222	80.91541	316.78867	-52.68354	-98.57151	651.24788	-345.38566	64.61558	177.89137	-45.86958	-173.39250	454.70467	-126.10108	151.00031	441.29937	-69.17071	-177.27901	232.37788	-210.96402	152.34244	239.87259	
379	3.780	-155.28015	1.02622	970.26162	-140.24624	-0.45150	785.06213	-61.44709	72.94829	625.52699	-162.64639	20.77486	694.59729	-156.28727	-48.63569	707.58134	-313.53757	100.94499	133.25860	-307.59062	30.78215	139.55150	-282.93458	64.38475	95.34341	-20.45921	-46.65230	382.14116	-110.20910	-123.10290	76.21591	-134.07864	-57.92338	89.04131	-160.91858	-102.36885	109.15024	-73.56508	-78.62597	69.96113	-22.78290	-0.91527	946.16619	-67.54577	20.64819	346.84197	-57.45555	-105.62736	345.38848	-120.74851	79.18785	319.34770	-45.03626	-100.32812	654.10088	-327.61983	61.08539	178.81849	-43.04342	-175.81520	455.67228	-112.41111	149.47463	443.95210	-70.34160	-179.03978	232.78158	-195.06107	150.27318	243.11748	
380	3.790	-146.72683	2.21882	972.52404	-131.63330	-0.32480	787.52390	-52.22712	71.33939	627.62828	-153.68225	20.42771	697.32695	-147.84682	-48.96439	710.59016	-295.23386	98.30018	134.68343	-287.78155	28.03283	140.13430	-262.87272	62.96919	97.19282	-20.11743	-48.98765	382.72558	-110.02863	-123.04128	76.94333	-133.48393	-57.88943	90.08745	-160.72609	-102.24319	109.98377	-73.18552	-78.65082	70.38555	-14.31770	0.12905	948.58619	-50.96818	19.67558	351.20671	-57.76035	-107.91014	346.68405	-104.12694	77.85733	322.39474	-37.46843	-101.97681	656.84722	-309.17477	57.34150	179.23093	-40.24075	-177.98937	456.60453	-99.05542	148.31923	447.02743	-71.45531	-180.62229	233.28961	-179.12405	148.39479	246.47059	
381	3.800	-138.26921	3.34742	974.85978	-123.24192	-0.34393	789.98739	-43.17342	69.89798	629.90053	-144.88927	20.04352	699.97915	-139.53240	-49.32435	713.38846	-276.14570	95.54840	135.63397	-267.07276	25.22503	140.40662	-241.80335	61.49169	98.83692	-19.69401	-51.10746	383.31865	-109.71521	-122.93233	77.73539	-132.73487	-57.79775	91.16342	-160.37605	-102.04715	110.86982	-72.68027	-78.63007	70.81278	-5.96297	1.26011	950.95965	-34.28276	19.27869	356.01065	-57.94359	-109.96451	347.98022	-87.49396	76.91399	325.81115	-29.96053	-103.49393	659.44061	-290.05995	53.50906	179.17434	-37.41695	-179.92245	457.48625	-85.99988	147.52566	450.38363	-72.43718	-182.04449	233.87916	-163.03332	146.71320	249.79408	
382	3.810	-129.88800	4.36861	977.19776	-115.05472	-0.47561	792.37426	-34.26368	68.63858	632.23877	-136.26270	19.67340	702.45666	-131.34171	-49.66660	715.92008	-256.27974	92.77158	136.13519	-245.55379	22.44254	140.41885	-219.83627	59.97733	100.27681	-19.09778	-53.05443	383.89505	-109.27664	-122.81622	78.57527	-131.85371	-57.68981	92.26766	-159.86965	-101.82916	111.80959	-72.06694	-78.59871	71.23688	2.30232	2.45736	953.21386	-17.47744	19.39922	361.14127	-57.93560	-111.81380	349.25351	-70.78658	76.33094	329.48063	-22.49893	-104.86362	661.84454	-270.28250	49.72068	178.71062	-34.53738	-181.63209	458.30833	-73.18767	147.06620	453.88066	-73.22757	-183.33015	234.52683	-146.66102	145.23219	252.97378	
383	3.820	-121.56389	5.25101	979.46986	-107.05322	-0.68018	794.61331	-25.47284	67.56523	634.54144	-127.79573	19.36423	704.67226	-123.27335	-49.94576	718.13964	-235.64397	90.06148	136.23241	-223.30650	19.77437	140.22687	-197.07269	58.46925	101.52801	-18.26081	-54.86992	384.43075	-108.72445	-122.72467	79.44363	-130.86436	-57.59924	93.39476	-159.21489	-101.62901	112.79869	-71.36313	-78.58489	71.65219	10.49895	3.70289	955.28075	-0.55121	19.95360	366.49532	-57.68745	-113.48662	350.48366	-53.94310	76.06787	333.29790	-15.07516	-106.07804	664.03206	-249.84976	46.10565	177.90870	-31.57693	-183.14185	459.06485	-60.54795	146.89743	457.39046	-73.78518	-184.50436	235.20857	-129.88705	143.95493	255.92848	
384	3.830	-113.27818	5.97691	981.61365	-99.21790	-0.91517	796.64325	-16.77387	66.67203	636.71592	-119.47857	19.15497	706.55307	-115.32515	-50.12367	720.01358	-214.24936	87.51286	135.98397	-200.40215	17.30834	139.88420	-173.60069	57.02528	102.61628	-17.14014	-56.58809	384.90299	-108.07534	-122.67780	80.31989	-129.79173	-57.54823	94.53514	-158.42721	-101.47331	113.82759	-70.58695	-78.60747	72.05318	18.64678	4.98217	957.09975	16.48205	20.84182	371.98284	-57.17055	-115.01235	351.65304	-36.91329	76.07515	337.17465	-7.68443	-107.13697	665.98508	-228.77153	42.78071	176.83531	-28.51919	-184.47732	459.75089	-48.00522	146.96512	460.80489	-74.08874	-185.58968	235.90021	-112.61272	142.88450	258.61297	
385	3.840	-105.01349	6.54284	983.57451	-91.52790	-1.13857	798.41458	-8.13836	65.94440	638.68295	-111.29743	19.07434	708.04385	-107.49246	-50.17178	721.52062	-192.11078	85.21655	135.45304	-176.90068	15.12497	139.43557	-149.49311	55.71203	103.57272	-15.71687	-58.23221	385.29098	-107.35145	-122.68287	81.18401	-128.66093	-57.54598	95.67598	-157.52904	-101.37333	114.88321	-69.75744	-78.67508	72.43471	26.76432	6.28459	958.62017	33.59122	21.95657	377.52849	-56.37453	-116.41753	352.74653	-19.66706	76.29802	341.04253	-0.32389	-108.04672	667.69351	-207.06176	39.84348	175.54717	-25.35501	-185.66308	460.36125	-35.48800	147.20954	464.04056	-74.13646	-186.60338	236.57865	-94.77052	142.02370	261.01496	
386	3.850	-96.75405	6.95925	985.30719	-83.96070	-1.31171	799.89075	0.46296	65.36096	640.37963	-103.23358	19.13971	709.10904	-99.76655	-50.07243	722.65174	-169.24768	83.25298	134.69973	-152.85235	13.29219	138.91253	-124.80798	54.59757	104.42868	-13.99283	-59.81357	385.57705	-106.57931	-122.73508	82.01851	-127.49626	-57.58920	96.80285	-156.54817	-101.32540	115.95104	-68.89437	-78.78671	72.79244	34.86849	7.60366	959.80304	50.72720	23.19160	383.07032	-55.30366	-117.72366	353.75195	-2.20064	76.68041	344.85275	7.00937	-108.81876	669.15431	-184.74007	37.36857	174.08536	-22.08059	-186.72068	460.89022	-22.93600	147.57058	467.04038	-73.94332	-187.55610	237.22341	-76.32924	141.37423	263.14735	
387	3.860	-88.48607	7.24918	986.77675	-76.49175	-1.40133	801.04841	9.05990	64.89573	641.76090	-95.26273	19.35734	709.73316	-92.13325	-49.81870	723.40953	-145.68484	81.68688	133.77457	-128.30118	11.86143	138.33127	-99.59160	53.74373	105.21107	-11.98543	-61.33250	385.74791	-105.78753	-122.82031	82.81016	-126.31991	-57.66463	97.90173	-155.51494	-101.31378	117.01753	-68.01746	-78.93355	73.12333	42.97454	8.93694	960.62216	67.82383	24.44846	388.55637	-53.97226	-118.94625	354.66081	15.46012	77.16793	348.57280	14.32017	-109.46800	670.37052	-161.83324	35.40629	172.47240	-18.69513	-187.66764	461.33209	-10.30511	147.99203	469.77204	-73.53646	-188.45187	237.81823	-57.29470	140.93570	265.03750	
388	3.870	-80.19779	7.44627	987.95871	-69.09406	-1.38102	801.87677	17.68269	64.52042	642.79955	-87.35463	19.72375	709.91968	-84.57216	-49.41325	723.80692	-121.45407	80.56354	132.71404	-103.29013	10.86504	137.69231	-73.88406	53.19899	105.93829	-9.72132	-62.78090	385.79563	-105.00363	-122.91891	83.55124	-125.15041	-57.75281	98.96104	-154.45880	-101.31519	118.07222	-67.14498	-79.10195	73.42593	51.09618	10.28569	961.06455	84.80051	25.64114	393.93975	-52.39946	-120.09501	355.46895	33.25955	77.70984	352.18086	21.61692	-110.01119	671.35032	-138.37710	33.98322	170.71195	-15.19809	-188.51735	461.68223	2.43011	148.42461	472.22376	-72.94926	-189.28931	238.35250	-37.70690	140.70455	266.71598	
389	3.880	-71.87945	7.59215	988.83870	-61.73798	-1.23176	802.37637	26.36199	64.20655	643.48487	-79.47316	20.22780	709.68857	-77.05624	-48.86626	723.86537	-96.59704	79.90651	131.53820	-77.86729	10.31510	136.98173	-47.72665	52.99284	106.61715	-7.22960	-64.14574	385.71826	-104.25066	-123.01016	84.24008	-124.00114	-57.83256	99.97332	-153.40468	-101.30410	119.10942	-66.29208	-79.27654	73.70057	59.24582	11.65436	961.13013	101.56626	26.69853	399.17293	-50.60397	-121.17476	356.17700	51.11497	78.26019	355.65876	28.91292	-110.46536	672.10611	-114.41895	33.10396	168.79073	-11.58650	-189.27953	461.93825	15.27646	148.82755	474.39820	-72.21499	-190.06360	238.82218	-17.63499	140.67292	268.20640	
390	3.890	-63.52316	7.73355	989.41148	-54.39104	-0.94183	802.55720	35.12905	63.92741	643.82027	-71.57679	20.85335	709.07264	-69.55190	-48.19297	723.61261	-71.16967	79.71684	130.25057	-52.09283	10.20343	136.17331	-21.17057	53.13226	107.24072	-4.53527	-65.41267	385.51966	-103.54417	-123.07632	84.88102	-122.87890	-57.88523	100.93637	-152.36974	-101.25791	120.12925	-65.46901	-79.44340	73.94913	67.43479	13.04985	960.83080	118.02503	27.56475	404.20228	-48.59917	-122.18677	356.79033	68.92204	78.77806	358.98468	36.22722	-110.84665	672.65349	-90.02086	32.75331	166.68228	-7.85257	-189.96115	462.10090	28.22428	149.16892	476.30540	-71.36083	-190.76869	239.23004	2.82864	140.82762	269.51794	
391	3.900	-55.12266	7.91931	989.67949	-47.01791	-0.50622	802.43649	44.01582	63.65952	643.82032	-63.61947	21.58194	708.11340	-62.01961	-47.41101	723.08022	-45.24783	79.97359	128.83983	-26.04603	10.50261	135.23132	5.71377	53.60047	107.78749	-1.65343	-66.56929	385.20864	-102.89000	-123.10584	85.48367	-121.78291	-57.89812	101.85361	-151.36090	-101.16101	121.13794	-64.67965	-79.59252	74.17474	75.67368	14.48071	960.18910	134.08169	28.19800	408.96372	-46.38911	-123.13013	357.31830	86.56211	79.22724	362.12668	43.58490	-111.16942	673.01018	-65.26361	32.89842	164.35163	-3.98187	-190.56741	462.17455	41.25138	149.42482	477.95579	-70.40283	-191.39951	239.58507	23.57376	141.14909	270.64127	
392	3.910	-46.67299	8.19749	989.65117	-39.58059	0.07436	802.03624	53.05487	63.38371	643.50742	-55.55176	22.39518	706.85675	-54.41485	-46.53815	722.30125	-18.93392	80.63534	127.28282	0.16807	11.16769	134.11343	32.82793	54.35800	108.22166	1.41506	-67.60765	384.79729	-102.28315	-123.09528	86.06171	-120.70420	-57.86671	102.73376	-150.37341	-101.00736	122.14745	-63.92056	-79.71932	74.38112	83.97253	15.95631	959.23634	149.64826	28.56830	413.38025	-43.96559	-124.00293	357.77293	103.91082	79.57583	365.03825	51.01687	-111.44576	673.19480	-40.25139	33.49072	161.76058	0.04750	-191.10269	462.16689	54.32804	149.57792	479.35411	-69.34249	-191.95350	239.90117	44.47672	141.61068	271.54791	
393	3.920	-38.17017	8.61279	989.33913	-32.03867	0.79458	801.38091	62.27919	63.08588	642.90872	-47.32242	23.27669	705.34917	-46.68944	-45.59049	721.30801	7.63631	81.64260	125.54825	26.41303	12.13865	132.77384	60.03806	55.34587	108.49481	4.68651	-68.52566	384.29888	-101.70769	-123.04984	86.63142	-119.62545	-57.79545	103.58987	-149.39029	-100.80136	123.17451	-63.18059	-79.82522	74.57181	92.34104	17.48597	958.01068	164.64975	28.65503	417.36201	-41.30664	-124.80303	358.16693	120.84703	79.79589	367.65653	58.55918	-111.68530	673.22559	-15.11641	34.46779	158.87292	4.26495	-191.57124	462.08804	67.42226	149.61584	480.49519	-68.16495	-192.43168	240.19532	65.40332	142.17826	272.19279	
394	3.930	-29.61084	9.20441	988.75833	-24.34990	1.64559	800.49530	71.72140	62.75727	642.05353	-38.88009	24.21318	703.63478	-38.79320	-44.58147	720.13047	34.28811	82.92116	123.60085	52.51711	13.34361	131.16659	87.16980	56.49049	108.54881	8.19537	-69.32742	383.72527	-101.13746	-122.98264	87.21003	-118.52132	-57.69712	104.43790	-148.38280	-100.55711	124.23915	-62.44128	-79.91722	74.74933	100.78857	19.07815	956.55503	179.02895	28.44475	420.80897	-38.37624	-125.52841	358.51137	137.26121	79.86358	369.90381	66.25184	-111.89530	673.11897	9.97707	35.75552	155.65923	8.70657	-191.97760	461.94904	80.50468	149.52974	481.36220	-66.83874	-192.83871	240.48529	86.21062	142.81075	272.51924	
395	3.940	-20.99192	10.00437	987.92464	-16.47088	2.61587	799.40289	81.41263	62.39458	640.97143	-30.17538	25.19472	701.75353	-30.67581	-43.52178	718.79519	60.80425	84.38641	121.40533	78.27197	14.70286	129.24896	114.00677	57.70992	108.32002	11.99352	-70.02246	383.08438	-100.53730	-122.91295	87.81411	-117.35912	-57.59119	105.29504	-147.31131	-100.29650	125.36303	-61.67773	-80.00666	74.91434	109.32413	20.73972	954.91510	192.74976	27.92999	423.61642	-35.12529	-126.17706	358.81317	153.06234	79.75995	371.69227	74.13719	-112.08082	672.88823	34.83044	37.27094	152.10101	13.41373	-192.32650	461.75989	93.55222	149.31351	481.92739	-65.31688	-193.18239	240.78731	106.74818	143.46159	272.46561	
396	3.950	-12.31033	11.03636	986.85365	-8.35810	3.69179	798.12482	91.38079	61.99987	639.69138	-21.16314	26.21426	699.74083	-22.28899	-42.42002	717.32497	86.92535	85.94870	118.93039	103.43467	16.13379	126.98543	140.29304	58.92092	107.74473	16.14795	-70.62405	382.37796	-99.86440	-122.86378	88.45810	-116.09974	-57.50135	106.17799	-146.12657	-100.04649	126.56755	-60.85996	-80.10746	75.06497	117.95619	22.47533	953.13758	205.79856	27.10926	425.68274	-31.49368	-126.74655	359.07273	168.18274	79.47240	372.93159	82.25806	-112.24498	672.54231	59.21123	38.92638	148.19404	18.43146	-192.62245	461.52746	106.54998	148.96384	482.15559	-63.53879	-193.47251	241.11374	126.85930	144.08156	271.97277	
397	3.960	-3.56278	12.31513	985.56008	0.03074	4.85793	796.67958	101.64843	61.58027	638.24172	-11.80495	27.26635	697.62836	-13.58880	-41.28406	715.73921	112.35489	87.51981	116.15250	127.73361	17.55674	124.35182	165.74045	60.04643	106.76548	20.73719	-71.14686	381.59988	-99.06962	-122.85913	89.15324	-114.69882	-57.45269	107.10142	-144.77105	-99.83599	127.87221	-59.95451	-80.23406	75.19646	126.69235	24.28681	951.26866	218.18362	25.98858	426.91883	-27.41294	-127.23340	359.28208	182.58021	78.99680	373.53861	90.65558	-112.38916	672.08500	82.85725	40.63480	143.95094	23.80669	-192.86892	461.25346	119.49085	148.48127	482.00969	-61.43264	-193.71930	241.47121	146.38316	144.62288	270.99177	
398	3.970	5.25430	13.84621	984.05787	8.73509	6.09693	795.08345	112.23017	61.14782	636.65101	-2.07180	28.34543	695.44589	-4.53804	-40.12290	714.05491	136.76964	89.02021	113.05973	150.87881	18.90147	121.33986	190.04052	61.02287	105.33804	25.84674	-71.60431	380.73531	-98.09857	-122.92119	89.90677	-113.10784	-57.46886	108.07686	-143.18011	-99.69287	129.29309	-58.92597	-80.39930	75.30117	135.53902	26.17279	949.35292	229.93237	24.58428	427.25837	-22.80958	-127.63231	359.42363	196.23738	78.34001	373.44796	99.36693	-112.51314	671.51444	105.48528	42.31638	139.40314	29.58675	-193.06730	460.93283	132.37286	147.87210	481.45770	-58.91809	-193.93171	241.85910	165.15819	145.04434	269.49111	
399	3.980	14.14467	15.62604	982.36073	17.78953	7.38921	793.35168	123.13004	60.71904	634.94944	8.05328	29.44390	693.22378	4.89127	-38.94854	712.28805	159.83552	90.38648	109.65572	172.57640	20.11379	117.96163	212.88076	61.80663	103.43839	31.56416	-72.00592	379.76091	-96.89252	-123.06771	90.72187	-111.27528	-57.56937	109.11211	-141.28314	-99.64111	130.84192	-57.73845	-80.61249	75.36916	144.50091	28.12832	947.43251	241.08713	22.92669	426.66772	-17.60848	-127.93551	359.47001	209.15856	77.52245	372.62232	108.42312	-112.61497	670.82336	126.80426	43.90570	134.60209	35.81805	-193.21583	460.55267	145.19432	147.15094	480.48013	-55.90895	-194.11574	242.26887	183.02703	145.31707	267.46295	
400	3.990	23.11206	17.64230	980.48342	27.22153	8.71255	791.50020	134.33890	60.31467	633.17054	18.57275	30.55031	690.99561	14.71562	-37.77777	710.45531	181.22796	91.57829	105.96339	192.54644	21.16156	114.25342	233.96416	62.37913	101.06889	37.97403	-72.35501	378.64627	-95.38926	-123.30987	91.59799	-109.14756	-57.76742	110.21121	-139.00464	-99.69837	132.52562	-56.35653	-80.87780	75.38925	153.58063	30.14469	945.54684	251.69942	21.06403	425.15435	-11.73641	-128.13227	359.38498	221.36453	76.58028	371.06113	117.84693	-112.69077	669.99991	146.53269	45.35881	129.61996	42.54510	-193.30861	460.09217	157.94758	146.34344	479.07702	-52.31614	-194.27305	242.68413	199.84305	145.43026	264.92789	
401	4.000	32.15970	19.87442	978.44330	37.04908	10.04179	789.54773	145.83241	59.95919	631.35289	29.47256	31.64797	688.80041	24.93809	-36.63328	708.57576	200.65531	92.58367	102.02816	210.54282	22.03921	110.27831	253.03015	62.74960	98.26272	45.15322	-72.64702	377.35638	-93.52401	-123.65059	92.53203	-106.66983	-58.06822	111.37514	-136.26548	-99.87411	134.34650	-54.74586	-81.19328	75.35076	162.77809	32.20941	943.73252	261.82374	19.06569	422.77250	-5.12534	-128.20866	359.12559	232.88609	75.56669	368.80630	127.65104	-112.73439	669.02925	164.41873	46.65889	124.54923	49.80971	-193.33489	459.52347	170.61235	145.48856	477.27342	-48.05074	-194.39992	243.08164	215.47807	145.39579	261.93748	
402	4.010	41.28977	22.29421	976.26222	47.27831	11.34879	787.51795	157.56975	59.68030	629.54125	40.72095	32.71429	686.68407	35.54689	-35.54398	706.67231	217.88276	93.42177	97.91962	226.37328	22.76978	106.12651	269.87517	62.95513	95.08553	53.16669	-72.86871	375.85531	-91.23044	-124.08376	93.51994	-103.78666	-58.46801	112.60295	-132.98440	-100.16821	136.30300	-52.87299	-81.55058	75.24567	172.09017	34.30628	942.02349	271.51126	17.02371	419.62493	2.28457	-128.14777	358.64553	243.75718	74.55172	365.94423	137.83671	-112.73695	667.89574	180.26113	47.81975	119.50104	57.65042	-193.27883	458.81376	183.14979	144.63992	475.12259	-43.02734	-194.48685	243.43329	229.83065	145.25109	258.57419	
403	4.020	50.50273	24.86655	973.96829	57.90151	12.60278	785.44141	169.49366	59.50817	627.78699	52.26834	33.72117	684.69950	46.51471	-34.54410	704.77273	232.75415	94.14202	93.73084	239.91700	23.40386	101.91284	284.37029	63.05740	91.63363	62.06412	-72.99827	374.11060	-88.44204	-124.59428	94.55882	-100.44247	-58.95395	113.89339	-129.08005	-100.57030	138.39096	-50.70454	-81.93545	75.07112	181.51025	36.41565	940.45142	280.80412	15.05181	415.86010	10.54243	-127.93029	357.89946	254.00848	73.62021	362.60309	148.39284	-112.68656	666.58575	193.92834	48.88592	114.60132	66.10188	-193.11981	457.92840	195.49887	143.86541	472.70627	-37.16756	-194.51869	243.70898	242.83380	145.05915	254.94819	
404	4.030	59.79656	27.55019	971.59731	68.89557	13.77139	783.35675	181.53170	59.47436	626.14746	64.04846	34.63644	682.90540	57.79897	-33.67117	702.91003	245.20844	94.81938	89.57448	251.13748	24.01481	97.77073	296.47360	63.13622	88.02815	71.87732	-73.00652	372.09830	-85.09358	-125.15904	95.64925	-96.58203	-59.50473	115.24655	-124.47365	-101.06002	140.60508	-48.20559	-82.32925	74.83201	191.02803	38.51491	939.04603	289.73076	13.28099	411.66413	19.68450	-127.53567	356.84801	263.66216	72.86764	358.94553	159.29569	-112.56814	665.09072	205.37296	49.92892	109.98459	75.19408	-192.83347	456.83507	207.57585	143.24474	470.13154	-30.40377	-194.47553	243.88031	254.46100	144.90522	251.19086	
405	4.040	69.16614	30.29873	969.19364	80.22143	14.82219	781.31112	193.59917	59.61049	624.68413	75.98102	35.42648	681.36354	69.34307	-32.96283	701.12207	255.28793	95.54556	85.57514	260.08835	24.69050	93.84282	306.23550	63.28036	84.40566	82.61859	-72.85905	369.80787	-81.12274	-125.74902	96.79732	-92.15087	-60.09213	116.66548	-119.09208	-101.60805	142.94042	-45.33757	-82.71110	74.54324	200.62944	40.57907	937.83534	298.30283	11.85168	407.24807	29.73261	-126.94363	355.46313	272.72827	72.39381	355.15685	170.50914	-112.36359	663.41033	214.63881	51.03941	105.78491	84.95132	-192.39328	455.50858	219.27762	142.86461	467.52428	-22.68250	-194.33419	243.92463	264.72897	144.88998	247.44511	
406	4.050	78.60268	33.06168	966.81014	91.82435	15.72487	779.35933	205.60332	59.94650	623.45963	87.97566	36.05974	680.13489	81.07863	-32.45275	699.45052	263.13623	96.41702	81.85859	266.91084	25.52218	90.26895	313.79557	63.57665	80.90614	94.27997	-72.51922	367.24674	-76.47165	-126.33200	98.01622	-87.09579	-60.68337	118.15714	-112.87152	-102.17823	145.39357	-42.05553	-83.06056	74.23129	210.29676	42.58152	936.84574	306.51393	10.90245	402.83121	40.69308	-126.13608	353.73310	281.20318	72.29483	351.42984	181.98563	-112.05243	661.55535	221.85882	52.31569	102.12463	95.39069	-191.77271	453.93599	230.48875	142.81159	465.01969	-13.96756	-194.07025	243.82925	273.69607	145.11944	243.85345	
407	4.060	88.09352	35.78583	964.50716	103.63550	16.45377	777.56192	217.44859	60.50867	622.53379	99.93703	36.51079	679.27504	92.92868	-32.16611	697.93904	268.98498	97.52120	78.53893	271.82242	26.59187	87.17285	319.37086	64.09886	77.65992	106.83335	-71.95164	364.44369	-71.08822	-126.87593	99.32673	-81.36555	-61.24392	119.73272	-105.76109	-102.73042	147.96317	-38.30552	-83.36050	73.93474	220.00896	44.49498	936.10179	314.34027	10.55646	398.62246	52.55612	-125.09921	351.66676	289.07001	72.65390	347.94786	193.66762	-111.61287	659.54987	227.24310	53.84974	99.10216	106.52014	-190.94775	452.12132	241.09156	143.16340	462.75049	-4.24227	-193.66042	243.59508	281.45552	145.69261	240.54496	
408	4.070	97.62210	38.41686	962.35053	115.57459	16.99052	775.98205	229.04252	61.31750	621.95922	111.77054	36.76447	678.82933	104.81144	-32.11536	696.63106	273.13045	98.92288	75.70598	275.09786	27.95985	84.64949	323.23662	64.89804	74.77564	120.23159	-71.12593	361.45078	-64.92703	-127.35225	100.75651	-74.91154	-61.74054	121.40689	-97.72620	-103.22388	150.64965	-34.02215	-83.59959	73.70318	229.74227	46.29248	935.62567	321.74360	10.90713	394.80187	65.29571	-123.82546	349.29636	296.30123	73.53220	344.86825	205.48966	-111.02340	657.43252	231.05835	55.71232	96.78066	118.33621	-189.89942	450.08939	250.97781	143.97946	460.83452	6.48930	-193.08506	243.23926	288.12385	146.68855	237.62321	
409	4.080	107.16829	40.90121	960.40852	127.55354	17.32647	774.68156	240.30161	62.38572	621.77683	123.38813	36.81924	678.82861	116.64441	-32.29675	695.56719	275.90311	100.65280	73.41530	277.04521	29.65433	82.75524	325.70199	65.99554	72.33107	134.41037	-70.02016	358.34323	-57.94984	-127.73871	102.33769	-67.68865	-62.14413	123.19586	-88.75111	-103.62065	153.45397	-29.12700	-83.77397	73.59455	239.47093	47.94842	935.43639	328.67592	12.00499	391.50525	78.87008	-122.31523	346.67851	302.86301	74.96071	342.30850	217.38078	-110.26460	655.25636	233.60145	57.93949	95.17989	130.82174	-188.61615	447.88796	260.06038	145.29234	459.36322	18.20225	-192.33048	242.79625	293.82599	148.15452	235.15712	
410	4.090	116.70912	43.18815	958.74825	139.48086	17.46451	773.71666	251.15640	63.71654	622.01198	134.71348	36.68940	679.28599	128.34850	-32.68847	694.78273	277.63493	102.70057	71.68284	277.98002	31.66490	81.50274	327.08391	67.37987	70.36817	149.29098	-68.62372	355.21717	-50.12558	-128.02109	104.10310	-59.65606	-62.43187	125.11462	-78.84011	-103.88857	156.37542	-23.52836	-83.88768	73.67078	249.16808	49.43965	935.54870	335.08572	13.84813	388.81411	93.22266	-120.57797	343.89298	308.72114	76.93445	340.33731	229.26732	-109.32125	653.08738	235.17161	60.52271	94.27337	143.94377	-187.09569	445.58771	268.28326	147.10133	458.39295	30.85199	-191.39074	242.31691	298.67984	150.09736	233.17648	
411	4.100	126.21971	45.23201	957.43157	151.26631	17.41985	773.13356	261.55548	65.30269	622.67174	145.68600	36.40537	680.19520	139.85165	-33.25088	694.30533	278.63003	105.01294	70.48562	278.20182	33.94086	80.86133	327.68294	69.00759	68.89282	164.78384	-66.93924	352.18517	-41.42988	-128.19361	106.08121	-50.77798	-62.58829	127.17333	-68.01704	-104.00321	159.40879	-17.12265	-83.95170	73.99196	258.80683	50.74640	935.97194	340.92515	16.37819	386.75281	108.28378	-118.63258	341.03918	313.84791	79.41006	338.97186	241.07588	-108.18416	651.00136	236.04543	63.40452	93.99182	157.65216	-185.34626	443.27977	275.62830	149.36979	457.94049	44.37650	-190.26880	241.86556	302.78343	152.47954	231.67304	
412	4.110	135.67440	46.99434	956.51108	162.82558	17.21973	772.96477	271.46759	67.12618	623.74378	156.26325	36.01186	681.53071	151.09188	-33.92892	694.15309	279.14288	107.49803	69.76816	277.97571	36.39509	80.76315	327.76422	70.80804	67.87896	180.79267	-64.98346	349.37003	-31.84447	-128.25764	108.29051	-41.02435	-62.60522	129.37361	-56.32297	-103.94865	162.54125	-9.79795	-83.98140	74.60984	268.36124	51.85312	936.70876	346.15715	19.48313	385.29321	123.97290	-116.50703	338.23057	318.22921	82.30731	338.18186	252.73639	-106.85166	649.07943	236.45864	66.48103	94.23263	171.87924	-183.38709	441.07067	282.11785	152.02681	457.98363	58.69955	-188.97666	241.51505	306.20789	155.22094	230.60670	
413	4.120	145.04803	48.44596	956.02651	174.08430	16.90173	773.22627	280.88206	69.15906	625.19691	166.42151	35.56402	683.24954	162.01933	-34.65674	694.33332	279.36704	110.03505	69.45313	277.52095	38.91279	81.11367	327.54537	72.69122	67.27595	197.21904	-62.78699	346.89703	-21.35650	-128.21918	110.73421	-30.37142	-62.48054	131.70514	-43.81216	-103.71688	165.74951	-1.43956	-83.99305	75.56135	277.80738	52.74913	937.75406	350.76191	23.00722	384.36587	140.20150	-114.23722	335.58739	321.87105	85.51499	337.89920	264.18500	-105.33037	647.40243	236.59652	69.61124	94.87384	186.54081	-181.24808	439.07519	287.81273	154.97345	458.46630	73.73453	-187.53460	241.34044	308.99766	158.20627	229.91550	
414	4.130	154.31716	49.56851	956.00183	184.98128	16.51105	773.91604	289.80733	71.36509	626.98342	176.15469	35.12195	685.29441	172.59745	-35.36388	694.84176	279.43430	112.48814	69.45392	277.00665	41.36427	81.80473	327.19182	74.55783	67.01755	213.96697	-60.39315	344.88576	-9.95800	-128.08543	113.39608	-18.80237	-62.21603	134.14348	-30.54675	-103.30609	168.99792	8.06265	-83.99971	76.86321	287.12423	53.42899	939.09414	354.74187	26.76707	383.87528	156.87644	-111.86525	333.22854	324.80442	88.90044	338.03132	275.36674	-103.63516	646.04489	236.59281	72.63233	95.78980	201.53857	-178.96875	437.40775	292.80606	158.09255	459.30757	89.38865	-185.96954	241.41194	311.17771	161.29718	229.52701	
415	4.140	163.46123	50.35554	956.44348	195.47058	16.09678	775.01392	298.26799	73.70216	629.04260	185.47177	34.74437	687.59781	182.80324	-35.98222	695.66256	279.42251	114.72263	69.68660	276.55346	43.62002	82.72772	326.81879	76.31024	67.03103	230.94721	-57.85599	343.44194	2.35412	-127.86128	116.23851	-6.30783	-61.81481	136.64941	-16.59097	-102.71818	172.23806	18.80581	-84.00739	78.50842	296.29444	53.89259	940.70624	358.12470	30.57163	383.71608	173.90364	-109.43737	331.26324	327.08759	92.32205	338.47565	286.23767	-101.78832	645.06887	236.53557	75.37896	96.86580	216.76411	-176.59651	436.17336	297.21360	161.26068	460.41242	105.56716	-184.31268	241.78805	312.76567	164.34748	229.36898	
416	4.150	172.46345	50.81285	957.33966	205.52245	15.70786	776.48273	306.30091	76.12510	631.30534	194.39342	34.48226	690.08633	192.62667	-36.45279	696.76866	279.36903	116.62129	70.07901	276.23943	45.56597	83.78484	326.49810	77.86315	67.24512	248.08085	-55.23774	342.65041	15.57769	-127.54619	119.20323	7.11344	-61.27886	139.17030	-2.00564	-101.95614	175.41013	30.86546	-84.01224	80.46556	305.30490	54.14497	942.55852	360.96383	34.24302	383.78725	191.19181	-107.00158	329.78355	328.80525	95.64301	339.13246	296.76643	-99.81788	644.51869	236.47732	77.70369	98.00896	232.10420	-174.18435	435.45896	301.16222	164.36054	461.68282	122.17729	-182.59681	242.50976	313.78543	167.21924	229.37755	
417	4.160	181.31153	50.95805	958.66086	215.12316	15.38898	778.27068	313.95082	78.58870	633.69881	202.94810	34.37358	692.68481	202.06944	-36.73143	698.12266	279.28623	118.09849	70.57581	276.10792	47.11691	84.89693	326.26763	79.15254	67.59570	265.30197	-52.60568	342.56985	29.70430	-127.13244	122.21491	21.45394	-60.60706	141.64342	13.15616	-101.02170	178.44621	44.28802	-83.99927	82.68091	314.14707	54.19580	944.61056	363.33644	37.63499	384.00204	208.65611	-104.60527	328.85846	330.06409	98.74459	339.91448	306.93502	-97.75557	644.41688	236.44667	79.49568	99.15404	247.44702	-171.78795	435.32646	304.77791	167.29185	463.02738	139.13167	-180.85348	243.59667	314.27904	169.79763	229.50195	
418	4.170	189.99801	50.81939	960.36149	224.27385	15.17699	780.31439	321.26609	81.05032	636.15100	211.16835	34.43958	695.31991	211.14336	-36.79267	699.67818	279.17592	119.11003	71.13945	276.17592	48.22619	86.00724	326.14158	80.14192	68.02926	282.55896	-50.02854	343.22966	44.71804	-126.60469	125.18731	36.69683	-59.79416	144.00102	28.85173	-99.91387	181.27522	59.08526	-83.94288	85.08343	322.81714	54.05873	946.81435	365.33876	40.64633	384.29278	226.22129	-102.29286	328.53003	330.98556	101.53710	340.75214	316.73871	-95.63451	644.76194	236.45893	80.69452	100.26401	262.68888	-169.46247	435.80793	308.17513	169.97941	464.36851	156.35096	-179.11049	245.04539	314.31392	172.00240	229.70577	
419	4.180	198.52041	50.43382	962.38248	232.98874	15.09817	782.54264	328.29503	83.47218	638.59463	219.08761	34.68319	697.92301	219.86833	-36.63127	701.38145	279.04039	119.65740	71.74763	276.44144	48.89021	87.08130	326.11968	80.82504	68.50399	299.81467	-47.57256	344.62952	60.59409	-125.94124	128.03106	52.81545	-58.83091	146.17632	45.04928	-98.62856	183.82868	75.23171	-83.80918	87.59184	331.31594	53.75049	949.11576	367.07937	43.22737	384.61105	243.82423	-100.10350	328.81205	331.69661	103.96701	341.59483	326.18521	-93.48697	645.52799	236.52430	81.29717	101.32605	277.74077	-167.25899	436.90367	311.44889	172.37761	465.64662	173.76589	-177.38991	246.83044	313.98424	173.79461	229.96540	
420	4.190	206.88106	49.84464	964.65454	241.29293	15.16648	784.88016	335.08308	85.82284	640.97003	226.73789	35.08963	700.43220	228.27030	-36.26166	703.17332	278.88890	119.78587	72.38871	276.88959	49.14729	88.10372	326.19452	81.22485	68.98914	317.04509	-45.29723	346.74122	77.29778	-125.11661	130.66203	69.77323	-57.70524	148.10968	61.72677	-97.15931	186.04670	92.66539	-83.55965	90.12287	339.64866	53.28986	951.45639	368.67090	45.37919	384.92454	261.41555	-98.06893	329.69100	332.31995	106.01932	342.40901	335.29305	-91.34252	646.66651	236.65266	81.35680	102.34487	292.53390	-165.22098	438.58321	314.67035	174.47099	466.82137	191.31841	-175.70684	248.90745	313.40622	175.17787	230.26667	
421	4.200	215.08677	49.09862	967.10191	249.21999	15.38312	787.25149	341.67096	88.07791	643.22706	234.14834	35.62889	702.79374	236.37928	-35.71521	704.99156	278.73946	119.57685	73.05647	277.49698	49.07122	89.07300	326.35636	81.38897	69.46328	334.23684	-43.25105	349.51272	94.78422	-124.10517	133.00911	87.52410	-56.40436	149.75399	78.86934	-95.49907	187.88313	111.29175	-83.15576	92.59929	347.82448	52.69674	953.77575	370.22126	47.14630	385.21221	278.96010	-96.21161	331.12930	332.96510	107.71494	343.17451	344.08948	-89.22675	648.10976	236.85530	80.97405	103.33475	307.02372	-163.38116	440.78887	317.88606	176.27142	467.87037	208.96232	-174.06891	251.21814	312.70866	176.19414	230.60076	
422	4.210	223.14838	48.24319	969.64622	256.80962	15.73704	789.58440	348.09388	90.22012	645.32602	241.34488	36.25968	704.96291	244.22749	-35.03610	706.77335	278.61692	119.13602	73.74561	278.23501	48.76051	89.99586	326.59575	81.38244	69.91213	351.38361	-41.46760	352.87359	112.99913	-122.88506	135.02007	106.01373	-54.91742	151.07838	96.46605	-93.64254	189.30905	130.99052	-82.56368	94.95673	355.85602	51.99120	956.01359	371.82539	48.60467	385.45952	296.43617	-94.54326	333.07003	333.72132	109.10396	343.88030	352.60796	-87.16050	649.77557	237.14411	80.28234	104.31234	321.19155	-161.75893	443.44165	321.12058	177.81251	468.78616	226.66327	-172.47665	253.69627	312.02065	176.91508	230.96040	
423	4.220	231.08021	47.32354	972.21030	264.10548	16.20659	791.81302	354.38151	92.23868	647.23775	248.35048	36.93419	706.90446	251.84786	-34.27634	708.45800	278.54851	118.57907	74.44854	279.07213	48.32532	90.88192	326.90419	81.27896	70.32640	368.48200	-39.96258	356.74141	131.88077	-121.44204	136.66494	125.18137	-53.23823	152.06977	114.50685	-91.58870	190.31407	151.62456	-81.75859	97.14834	363.75881	51.19262	958.11227	373.55852	49.84735	385.65467	313.83350	-93.06393	335.44283	334.65313	110.25596	344.52073	360.88560	-85.15977	651.57305	237.52927	79.42981	105.29102	335.04363	-160.35906	446.44840	324.38136	179.14240	469.57221	244.39831	-170.92439	256.27389	311.45876	177.43051	231.33715	
424	4.230	238.89947	46.38020	974.72161	271.15325	16.76176	793.88023	360.55868	94.12816	648.94312	255.18613	37.60305	708.59287	259.27281	-33.49056	709.98959	278.55857	118.01756	75.15407	279.97573	47.87405	91.73967	327.27363	81.15194	70.70011	385.52699	-38.73204	361.02811	151.36307	-119.77248	137.93632	144.96252	-51.36768	152.73202	132.98013	-89.34326	190.90523	173.04978	-80.72788	99.14665	371.55071	50.31908	960.01902	375.47162	50.97003	385.78638	331.15008	-91.76194	338.17000	335.79846	111.24923	345.09275	368.96066	-83.23615	653.40864	238.01662	78.56102	106.27748	348.60740	-159.17156	449.70941	327.66477	180.31594	470.23885	262.15504	-169.40178	258.88681	311.11573	177.83581	231.71988	
425	4.240	246.62578	45.44693	977.11513	277.99907	17.36690	795.73951	366.64635	95.88721	650.43208	261.87208	38.21989	710.01236	266.53350	-32.73115	711.31952	278.66382	117.54678	75.84765	280.91380	47.50150	92.57403	327.69549	81.06660	71.02937	402.50782	-37.75233	365.64572	171.37971	-117.88523	138.84678	165.29189	-49.31555	153.08296	151.87142	-86.92042	191.10362	195.12503	-79.47278	100.94280	379.25129	49.38691	961.68800	377.58972	52.05881	385.84324	348.38810	-90.61459	341.17226	337.16947	112.16046	345.59435	376.87052	-81.39753	655.19195	238.60546	77.80105	107.27054	361.92551	-158.17308	453.12568	330.96210	181.38750	470.79957	279.93035	-167.89551	261.47880	311.05249	178.22026	232.09480	
426	4.250	254.28060	44.54931	979.33563	284.68816	17.98357	797.35604	372.66279	97.51715	651.70254	268.42906	38.74506	711.15657	273.65940	-32.04431	712.40860	278.87022	117.23722	76.51276	281.85649	47.28023	93.38562	328.15963	81.07406	71.31173	419.40450	-36.98198	370.51085	191.86850	-115.80200	139.42402	186.10633	-47.10120	153.14988	171.16317	-84.34397	190.93946	217.72082	-78.00823	102.54333	386.88140	48.41039	963.08190	379.91290	53.18138	385.81425	365.54948	-89.58981	344.37346	338.75539	113.05641	346.02407	384.65002	-79.64901	656.84100	239.28753	77.24410	108.26191	375.04809	-157.32954	456.60486	334.26453	182.40502	471.26833	297.72869	-166.39119	264.00391	311.29443	178.65775	232.44652	
427	4.260	261.88678	43.70389	981.33913	291.26380	18.57327	798.70717	378.62473	99.02072	652.75914	274.87935	39.14820	712.02808	280.67824	-31.46716	713.22860	279.17192	117.13055	77.13299	282.77760	47.25590	94.17117	328.65386	81.20813	71.54595	436.18547	-36.36517	375.54752	212.77545	-113.55625	139.70459	207.34732	-44.75331	152.96419	190.83542	-81.64731	190.44627	240.72602	-76.36095	103.96546	394.46267	47.40162	964.17315	382.41982	54.38248	385.68999	382.63132	-88.64859	347.70395	340.52703	113.98839	346.38127	392.33049	-77.99387	658.28633	240.04724	76.94770	109.23815	388.02461	-156.59969	460.06542	337.56656	183.40615	471.65779	315.56014	-164.87516	266.42688	311.83213	179.20110	232.75993	
428	4.270	269.46813	42.91799	983.09369	297.76652	19.09975	799.78216	384.54825	100.40117	653.61206	281.24736	39.40953	712.63740	287.61621	-31.02618	713.76298	279.55232	117.23994	77.69412	283.65589	47.44680	94.92503	329.16417	81.48461	71.73200	452.80662	-35.83665	380.68816	234.05779	-111.19078	139.72725	228.96255	-42.30839	152.55612	210.86693	-78.87256	189.65522	264.05176	-74.56615	105.23147	402.01712	46.37057	964.94457	385.07326	55.68339	385.46401	399.62207	-87.74795	351.10228	342.44228	114.98982	346.66681	399.93939	-76.43427	659.47392	240.86314	76.93261	110.18345	400.89621	-155.93908	463.43877	340.86760	184.41643	471.97864	333.43795	-163.33590	268.72169	312.62634	179.87993	233.02221	
429	4.280	277.04898	42.19002	984.57938	304.23356	19.53084	800.58139	390.44954	101.66172	654.27596	287.55983	39.51988	713.00165	294.49835	-30.73678	714.00677	279.98693	117.55405	78.18587	284.47605	47.84691	95.64095	329.67551	81.90306	71.87123	469.21189	-35.32741	385.87275	255.68517	-108.75421	139.52706	250.90613	-39.80847	151.95028	231.23603	-76.06854	188.59040	287.63211	-72.66323	106.36323	409.56691	45.32518	965.38947	387.82672	57.08482	385.13399	416.49860	-86.84414	354.51517	344.45210	116.07659	346.88390	407.50061	-74.97171	660.36660	241.71030	77.18757	111.08259	413.68978	-155.30393	466.66939	344.17206	185.44937	472.23972	351.37600	-161.76516	270.86870	313.61609	180.70217	233.22478	
430	4.290	284.65378	41.51033	985.78762	310.69855	19.83965	801.11500	396.34536	102.80537	654.76889	293.84555	39.47964	713.14277	301.34911	-30.60410	713.96548	280.44730	118.04360	78.60316	285.22927	48.43165	96.31390	330.17326	82.45016	71.96654	485.33523	-34.77039	391.04650	277.63860	-106.29703	139.13075	273.13741	-37.29806	151.16236	251.92083	-73.28816	187.26558	311.42152	-70.69130	107.37734	417.13397	44.27147	965.51125	390.63146	58.57202	384.70241	433.22475	-85.89585	357.89606	346.50661	117.24956	347.03868	415.03524	-73.60722	660.94405	242.56303	77.67734	111.92354	426.41464	-154.65440	469.71326	347.48851	186.50799	472.44864	369.38590	-160.15850	272.85116	314.72875	181.65788	233.36458	
431	4.300	292.30664	40.86233	986.71992	317.19144	20.00519	801.40105	402.25339	103.83516	655.11133	300.13478	39.29681	713.08540	308.19289	-30.62457	713.65324	280.90535	118.66891	78.94665	285.91335	49.16476	96.94149	330.64479	83.10404	72.02247	501.10384	-34.10553	396.15630	299.90691	-103.86739	138.55392	295.61822	-34.82102	150.19739	272.89817	-70.58510	185.68297	335.38923	-68.68504	108.28144	424.73981	43.21373	965.32242	393.44314	60.12079	384.17668	449.75146	-84.86692	361.20239	348.56083	118.49831	347.14057	422.56277	-72.34123	661.20159	243.39777	78.35240	112.69963	439.06205	-153.95693	472.53520	350.82842	187.58733	472.61267	387.47402	-158.51528	274.65149	315.89059	182.72472	233.44477	
432	4.310	300.03092	40.22393	987.38615	323.73868	20.01242	801.46348	408.19247	104.75460	655.32513	306.45855	38.98465	712.85468	315.05458	-30.78804	713.09030	281.33721	119.38729	79.22268	286.53234	50.00533	97.52495	331.08109	83.83870	72.04513	516.44235	-33.28368	401.14682	322.48094	-101.50744	137.79999	318.30866	-32.41744	149.04949	294.14112	-68.01045	183.83367	359.51146	-66.67154	109.07179	432.40525	42.15467	964.84338	396.22744	61.70328	383.56865	466.01849	-83.72847	364.39227	350.57977	119.80522	347.20205	430.10241	-71.17318	661.14783	244.19556	79.15834	113.41078	451.60785	-153.18545	475.10557	354.20523	188.67715	472.73942	405.63842	-156.83827	276.24815	317.03651	183.87356	233.47451	
433	4.320	307.84871	39.56901	987.80257	330.36367	19.85190	801.32971	414.18284	105.56828	655.43244	312.84794	38.55907	712.47402	321.96012	-31.08017	712.30026	281.72624	120.15909	79.44278	287.09581	50.91370	98.06934	331.47791	84.62789	72.04199	531.27755	-32.26884	405.95657	345.34583	-99.25051	136.86069	341.16187	-30.12130	147.70286	315.61510	-65.60948	181.69981	383.76191	-64.66863	109.73217	440.15008	41.09553	964.10076	398.96439	63.29253	382.89350	481.95762	-82.46016	367.42101	352.54270	121.14924	347.23795	437.67454	-70.10112	660.80170	244.94405	80.04371	114.06399	464.01741	-152.32145	477.39718	357.63407	189.76453	472.83720	423.86593	-155.13281	277.61357	318.11796	185.07347	233.46818	
434	4.330	315.78039	38.86899	987.98956	337.08738	19.51922	801.02832	420.24632	106.28242	655.45450	319.33364	38.03636	711.96316	328.93682	-31.48461	711.30734	282.06467	120.95169	79.62278	287.61789	51.85559	98.58321	331.83635	85.44798	72.02150	545.54317	-31.03869	410.51497	368.47215	-97.11950	135.71783	364.11804	-27.95880	146.13386	337.27276	-63.41906	179.25792	408.10180	-62.68467	110.23410	447.99283	40.03619	963.12568	401.65123	64.86550	382.16825	497.49695	-81.05072	370.23822	354.44623	122.50865	347.26413	445.30177	-69.12124	660.18912	245.63873	80.96532	114.67287	476.25220	-151.35324	479.38270	361.13223	190.83590	472.91476	442.12954	-153.40590	278.71333	319.10820	186.29538	233.44388	
435	4.340	323.84410	38.09427	987.96947	343.92923	19.01427	800.58679	426.40651	106.90524	655.41031	325.94559	37.43141	711.33679	336.01362	-31.98489	710.13413	282.35398	121.74137	79.78180	288.11621	52.80416	99.07788	332.16272	86.27956	71.99250	559.18428	-29.58353	414.74078	391.80691	-95.12673	134.34581	387.09836	-25.94796	144.31381	359.04836	-61.46605	176.48293	432.47026	-60.72003	110.53819	455.95035	38.97531	961.95203	404.30386	66.40428	381.40973	512.56585	-79.49749	372.78601	356.30630	123.86283	347.29570	453.00980	-68.22752	659.33973	246.28357	81.89076	115.25664	488.27689	-150.27445	481.03319	364.72032	191.87843	472.98043	460.38627	-151.66520	279.50689	320.00483	187.51411	233.42166	
436	4.350	332.05526	37.21568	987.76449	350.90791	18.34065	800.02946	432.68882	107.44706	655.31521	332.71289	36.75666	710.60374	343.22107	-32.56565	708.80001	282.60408	122.51299	79.94113	288.61083	53.74006	99.56631	332.46787	87.10784	71.96363	572.16096	-27.90409	418.54262	415.26528	-93.27525	132.71472	409.99965	-24.09921	142.21227	380.85214	-59.76674	173.35258	456.77620	-58.76996	110.59670	464.03752	37.91041	960.61474	406.95717	67.89588	380.63245	527.10004	-77.80554	374.99880	358.15883	125.19280	347.34478	460.82758	-67.41165	658.28406	246.89093	82.79817	115.83862	500.06576	-149.08238	482.31788	368.42346	192.88064	473.04064	478.57589	-149.91833	279.94968	320.82971	188.70880	233.42147	
437	4.360	340.42614	36.20570	987.39499	358.04229	17.50526	799.37602	439.12030	107.92018	655.17960	339.66374	36.02199	709.76704	350.59103	-33.21322	707.32068	282.83177	123.25811	80.12318	289.12341	54.64999	100.06198	332.76606	87.92192	71.94270	584.45083	-26.00869	421.82170	438.72427	-91.56153	130.79383	432.69022	-22.41705	139.80079	402.56574	-58.32765	169.85176	480.89248	-56.82837	110.35716	472.26688	36.83811	959.14837	409.66439	69.33092	379.84636	541.04615	-75.98630	376.80516	360.05925	126.48089	347.41813	468.78696	-66.66319	657.05135	247.48106	83.67411	116.44465	511.60748	-147.77644	483.20515	372.27251	193.83240	473.09810	496.62053	-148.17254	279.99656	321.62679	189.86211	233.46117	
438	4.370	348.96538	35.03966	986.87810	365.35205	16.51817	798.64045	445.72913	108.33842	655.00764	346.82527	35.23529	708.82460	358.15599	-33.91542	705.70862	283.05888	123.97217	80.35062	289.67659	55.52431	100.57789	333.07379	88.71337	71.93609	596.05024	-23.91047	424.47691	462.01914	-89.97900	128.55520	455.00808	-20.90243	137.05676	424.03952	-57.14735	165.97657	504.65324	-54.89211	109.76705	480.64828	35.75430	957.58594	412.49565	70.70181	379.05477	554.36533	-74.05616	378.13161	362.08087	127.70977	347.51479	476.92155	-65.96997	655.66831	248.08125	84.51019	117.10161	522.90732	-146.35713	483.66484	376.30451	194.72446	473.14975	514.42561	-146.43479	279.60613	322.45858	190.95863	233.55457	
439	4.380	357.67775	33.69681	986.22705	372.85803	15.39281	797.83064	452.54379	108.71637	654.79643	354.22314	34.40379	707.77076	365.94793	-34.66085	703.97460	283.31071	124.65144	80.64562	290.29383	56.35449	101.12577	333.40871	89.47436	71.94839	606.97401	-21.62538	426.41201	484.94358	-88.52207	125.97765	476.76179	-19.55553	133.96748	445.09262	-56.21908	161.73790	527.85502	-52.96514	108.77941	489.18862	34.65454	955.95814	415.53586	72.00076	378.25269	567.03544	-72.03528	378.90826	364.31237	128.86127	347.62406	485.26508	-65.31885	654.15880	248.72504	85.29960	117.83625	533.98672	-144.82572	483.67132	380.56259	195.54758	473.18503	531.88187	-144.71236	278.74570	323.40228	191.98309	233.70988	
440	4.390	366.56388	32.16130	985.45095	380.58205	14.14646	796.94876	459.59184	109.06855	654.53564	361.88073	33.53574	706.59820	373.99684	-35.43777	702.12994	283.61523	125.29051	81.02937	290.99965	57.13093	101.71573	333.78909	90.19592	71.98219	617.25371	-19.17142	427.54419	507.25427	-87.18988	123.05071	497.73479	-18.37846	130.53415	465.51648	-55.53388	157.16432	550.26207	-51.06180	107.35893	497.89162	33.53446	954.29296	418.88196	73.21806	377.42576	579.05149	-69.94683	379.07583	366.85453	129.91533	347.72418	493.84904	-64.69660	652.54450	249.45165	86.03431	118.67443	544.87992	-143.18485	483.20725	385.09506	196.29166	473.18453	548.86887	-143.01383	277.39628	324.54596	192.91880	233.92846	
441	4.400	375.62020	30.42322	984.55528	388.54628	12.80080	795.99235	466.89854	109.40833	654.20769	369.81798	32.64215	705.30035	382.32874	-36.23283	700.18919	284.00327	125.88077	81.52181	291.82017	57.84175	102.35630	334.23386	90.86654	72.03826	626.93469	-16.56925	427.81337	528.68004	-85.98922	119.77854	517.69341	-17.37735	126.77549	485.08213	-55.08346	152.30407	571.61606	-49.20877	105.48808	506.75764	32.39027	952.61556	422.63954	74.34070	376.54996	590.42434	-67.81679	378.59317	369.81633	130.84931	347.78194	502.70012	-64.09098	650.84626	250.30574	86.70365	119.64069	555.62840	-141.44007	482.26741	389.95390	196.94488	473.11962	565.25958	-141.35039	275.55693	325.98572	193.74683	234.20401	
442	4.410	384.83898	28.47943	983.54303	396.77193	11.38255	794.95597	474.48528	109.74686	653.78881	378.04986	31.73837	703.87383	390.96352	-37.02989	698.17289	284.50983	126.41006	82.14149	292.78416	58.47252	103.05488	334.76329	91.47139	72.11599	636.07208	-13.84422	427.19095	548.93569	-84.93597	116.18352	536.39833	-16.56357	122.73059	503.55139	-54.86254	147.22596	591.64980	-47.44515	103.17265	515.78359	31.21936	950.94859	426.91870	75.35169	375.59235	601.17776	-65.67439	377.44444	373.31069	131.63793	347.75339	511.83744	-63.49194	649.08606	251.33777	87.29436	120.75809	566.27381	-139.60202	480.86231	395.19287	197.49302	472.95306	580.92604	-139.73714	273.24821	327.82361	194.44598	234.52236	
443	4.420	394.20855	26.33454	982.41620	405.27754	9.92392	793.83352	482.36810	110.09196	653.25079	386.58465	30.84497	702.32071	399.91269	-37.80927	696.10988	285.17630	126.86368	82.90564	293.92415	59.00711	103.81845	335.40043	91.99241	72.21422	644.72605	-11.02933	425.68704	567.73969	-84.05472	112.30878	553.61919	-15.95358	118.46055	520.69124	-54.86995	142.01875	610.10435	-45.82048	100.44563	524.96296	30.02091	949.31270	431.82937	76.22983	374.51298	611.34438	-63.55293	375.64492	377.44981	132.25390	347.58602	521.26988	-62.89271	647.28916	252.60473	87.79214	122.04828	576.85059	-137.68908	479.02107	400.86547	197.91911	472.64086	595.74567	-138.19420	270.51372	330.16628	194.99372	234.86181	
444	4.430	403.71362	24.00153	981.17779	414.07681	8.46257	792.62075	490.55633	110.44714	652.56350	395.42233	29.98796	700.65050	409.17728	-38.54756	694.03885	286.05304	127.22616	83.83027	295.27769	59.42927	104.65464	336.17294	92.40904	72.33232	652.95688	-8.16847	423.35494	584.83454	-83.37646	108.21941	569.15110	-15.56747	114.04825	536.29051	-55.10845	136.78875	626.74829	-44.39072	97.36876	534.28584	28.79649	947.72716	437.47604	76.95017	373.26802	620.96077	-61.49078	373.24456	382.34034	132.66910	347.22228	530.99405	-62.29085	645.48604	254.17091	88.18417	123.53139	587.37925	-135.72991	476.79324	407.02291	198.20362	472.13537	609.60790	-136.74747	267.41983	333.12381	195.36771	235.19423	
445	4.440	413.33568	21.50238	979.83378	423.17642	7.04112	791.31790	499.05164	110.81075	651.69803	404.55328	29.19803	698.88154	418.74625	-39.21816	692.00877	287.20176	127.48360	84.93026	296.88852	59.72460	105.57261	337.11525	92.69974	72.47160	660.81999	-5.31909	420.29197	600.00813	-82.93463	104.00143	582.83174	-15.42627	109.59580	550.17721	-55.58313	131.65539	641.39728	-43.21256	94.03106	543.73909	27.55061	946.21068	443.95214	77.48504	371.81413	630.06248	-59.53220	370.32845	388.07847	132.85637	346.60445	540.99284	-61.68906	643.71381	256.10857	88.46193	125.22604	597.86143	-133.76536	474.24923	413.71228	198.32502	471.38942	622.42060	-135.42863	264.05296	336.80785	195.54778	235.48692	
446	4.450	423.05356	18.86821	978.39512	432.57396	5.70589	789.93207	507.84745	111.17552	650.63024	413.95765	28.50877	697.04162	428.59566	-39.79262	690.07799	288.69692	127.62580	86.21948	298.80741	59.88252	106.58397	338.27054	92.84385	72.63668	668.36160	-2.55345	416.63610	613.11345	-82.75999	99.75823	594.55684	-15.54854	105.21962	562.23449	-56.29883	126.74474	653.93191	-42.33687	90.54386	553.30655	26.29113	944.78199	451.33436	77.80547	370.11387	638.67956	-57.72760	367.01394	394.74517	132.79151	345.68055	551.23503	-61.09571	642.01682	258.49771	88.62358	127.14883	608.27738	-131.84925	471.47885	420.97480	198.26106	470.36138	634.11569	-134.27447	260.51484	341.32852	195.51778	235.70543	
447	4.460	432.84395	16.13912	976.87924	442.25632	4.50489	788.47906	516.92891	111.52835	649.34441	423.60558	27.95412	695.16793	438.68880	-40.24261	688.31195	290.62549	127.64791	87.71069	301.09257	59.89770	107.70315	339.69242	92.82377	72.83688	675.61513	0.04225	412.55817	624.08438	-82.87537	95.60432	604.29216	-15.94669	101.04291	572.41311	-57.25715	122.18121	664.31140	-41.80217	87.03268	562.96933	25.02945	943.46047	459.67730	77.88302	368.14169	646.83293	-56.13288	363.44414	402.40161	132.45544	344.41091	561.67612	-60.52491	640.44599	261.42476	88.67522	129.31373	618.58619	-130.04735	468.58793	428.84429	197.99045	469.02069	644.65335	-133.32537	256.91595	346.78942	195.26722	235.81717	
448	4.470	442.68200	13.36340	975.31112	452.19896	3.48515	786.98439	526.27339	111.85070	647.83666	433.45834	27.56512	693.30610	448.97749	-40.54258	686.77968	293.08461	127.55107	89.41534	303.80944	59.77076	108.94719	341.44583	92.62710	73.08725	682.59878	2.37124	408.25026	632.94459	-83.29112	91.65672	612.07976	-16.62386	97.18652	580.73820	-58.45364	118.07820	672.58067	-41.62915	83.62670	572.70614	23.78057	942.26644	469.00882	77.69188	365.88998	654.53212	-54.80771	359.77844	411.08528	131.83626	342.77466	572.26015	-59.99617	639.05707	264.97977	88.63049	131.73089	628.72863	-128.43455	465.69274	437.34550	197.49505	467.35331	654.02436	-132.62295	253.36790	353.28087	194.79220	235.79589	
449	4.480	452.54191	10.59619	973.72353	462.36603	2.68954	785.48335	535.85144	112.11939	646.11777	443.47046	27.36639	691.50854	459.40447	-40.67263	685.54932	296.17697	127.34197	91.34307	307.02982	59.50793	110.33477	343.60696	92.24856	73.40905	689.31462	4.33215	403.91108	639.80778	-84.00219	88.02495	618.03707	-17.57186	93.75883	587.30883	-59.87598	114.52863	678.86943	-41.81738	80.44715	582.49375	22.56278	941.22123	479.32681	77.21127	363.37435	661.77459	-53.81254	356.18065	420.80679	130.93103	340.77542	582.92271	-59.53355	637.90764	269.25199	88.50840	134.40526	638.63215	-127.08999	462.91266	446.49248	196.76220	465.36669	662.24981	-132.20704	249.97563	360.87149	194.09570	235.62670	
450	4.490	462.39756	7.89751	972.15645	472.71160	2.15328	784.01995	545.62816	112.30797	644.21502	453.59244	27.37273	689.83215	469.90676	-40.62134	684.68316	300.00426	127.03137	93.50114	310.83033	59.11985	111.88440	346.26224	91.69147	73.82952	695.74912	5.82710	399.73016	644.86817	-84.98746	84.80098	622.34831	-18.77052	90.84631	592.28977	-61.50325	111.59681	683.38221	-42.34482	77.59639	592.30749	21.39717	940.34694	490.59772	76.42793	360.63733	668.54658	-53.20453	352.80626	431.54793	129.74708	338.44546	593.59461	-59.16430	637.05322	274.32431	88.32941	137.33483	648.21721	-126.09072	460.36142	456.28661	195.78704	463.09343	669.37822	-132.11231	246.83027	369.59930	193.18721	235.31110	
451	4.500	472.22312	5.32972	970.65576	483.18186	1.90063	782.64491	555.56488	112.38847	642.17265	463.77390	27.58636	688.33553	480.41957	-40.38819	684.23285	304.65930	126.63173	95.89336	315.29044	58.61946	113.61178	349.50614	90.96864	74.38058	701.87531	6.77094	395.87262	648.38203	-86.21120	82.05075	625.24887	-20.18848	88.50592	595.89608	-63.30638	109.31273	686.38048	-43.17004	75.14929	602.12185	20.30681	939.66590	502.75748	75.33882	357.74970	674.82547	-53.03283	349.79008	443.26106	128.30292	335.84743	604.20603	-58.91710	636.54294	280.26702	88.11032	140.50869	657.40404	-125.50463	458.13800	466.71470	194.57450	460.59314	675.48017	-132.36466	244.00345	379.46345	192.08197	234.87154	
452	4.510	481.99371	2.95449	969.27118	493.71809	1.94214	781.41269	565.62091	112.33358	640.05093	473.96673	27.99524	687.07597	490.88047	-39.98511	684.23514	310.21802	126.15443	98.51901	320.49016	58.01949	115.52658	353.43831	90.10244	75.09671	707.65623	7.10059	392.46656	650.64261	-87.62622	79.80874	627.00484	-21.78493	86.76062	598.37278	-65.24922	107.67003	688.15902	-44.23684	73.14823	611.91113	19.31579	939.19979	515.71478	73.95367	354.80888	680.58328	-53.33346	347.23606	455.87028	126.62838	333.07326	614.69065	-58.82004	636.41522	287.13205	87.85878	143.90527	666.11906	-125.38344	456.31831	477.74717	193.14056	457.95187	680.64102	-132.97803	241.54363	390.41818	190.80004	234.35438	
453	4.520	491.68611	0.82962	968.05365	504.26015	2.27279	780.37810	575.75527	112.11879	637.92356	484.12766	28.57278	686.10637	501.23310	-39.43673	684.70891	316.73273	125.60682	101.37129	326.50778	57.32986	117.62892	358.16001	89.12401	76.01166	713.04924	6.78284	389.59499	651.95240	-89.17786	78.07647	627.89061	-23.51186	85.59876	599.97252	-67.28981	106.62783	689.02016	-45.47999	71.60228	621.65017	18.44801	938.96865	529.35700	72.29739	351.93419	685.79088	-54.12473	345.21043	469.27431	124.76426	330.23988	624.98936	-58.89846	636.69411	294.94868	87.56809	147.49069	674.30014	-125.75706	454.94888	489.33679	191.51268	455.27887	684.95267	-133.95177	239.47481	402.37057	189.36530	233.83064	
454	4.530	501.27939	-0.99428	967.05243	514.74991	2.87143	779.59256	585.92824	111.72465	635.87358	494.22019	29.27935	685.47230	511.43031	-38.77926	685.65369	324.22784	124.98962	104.43560	333.41777	56.55533	119.90604	363.77045	88.07123	77.15456	718.01079	5.81950	387.29322	652.59701	-90.80775	76.82527	628.16783	-25.31640	84.97724	600.93466	-69.38140	106.11650	689.24958	-46.83103	70.49034	631.31512	17.72591	938.98961	543.55797	70.41175	349.25936	690.42240	-55.40365	343.73929	483.35141	122.76112	327.48202	635.05322	-59.17286	637.38677	303.72188	87.21361	151.21763	681.90047	-126.62985	454.04373	501.41848	189.72924	452.70047	688.50590	-135.26915	237.79762	415.18310	187.80471	233.39332	
455	4.540	510.75567	-2.47680	966.31223	525.13444	3.70162	779.10052	596.10266	111.13866	633.98812	504.21551	30.06530	685.20941	521.43609	-38.05785	687.04982	332.69933	124.29505	107.68761	341.28902	55.69391	122.32977	370.36310	86.98586	78.54564	722.50112	4.24882	385.55217	652.82431	-92.45713	76.00261	628.06840	-27.14282	84.82802	601.46876	-71.47319	106.04624	689.09706	-48.22325	69.76746	640.88422	17.16924	939.27560	558.18709	68.35617	346.92281	694.45938	-57.14408	342.81067	497.96589	120.67743	324.94254	644.84538	-59.65713	638.48247	313.43378	86.75135	155.02494	688.89076	-127.97965	453.58473	513.91040	187.83802	450.35153	691.38407	-136.89723	236.49247	428.68164	186.14747	233.15101	
456	4.550	520.10070	-3.59024	965.87034	535.36849	4.71400	778.93636	606.24482	110.35670	632.35233	514.09248	30.87540	685.34129	531.22636	-37.32267	688.86016	342.11842	123.50607	111.09129	350.18328	54.73640	124.85522	378.02241	85.90952	80.19212	726.48854	2.14292	384.32655	652.83131	-94.06932	75.54084	627.78328	-28.93461	85.06687	601.74414	-73.51127	106.31747	688.76403	-49.59535	69.37294	650.33849	16.79382	939.83406	573.11876	66.20697	345.05707	697.89437	-59.29694	342.38064	512.97612	118.57714	322.76146	654.34206	-60.35708	639.95323	324.04851	86.11983	158.83829	695.26005	-129.75942	453.52570	526.71686	185.89390	448.36516	693.65958	-138.78819	235.52452	442.66859	184.42411	233.21785	
457	4.560	529.30448	-4.32134	965.75439	545.41608	5.84979	779.12197	616.32502	109.38399	631.04318	523.83674	31.65420	685.87783	540.78851	-36.62422	691.03305	352.43896	122.59720	114.59734	360.15382	53.66720	127.42159	386.82100	84.87937	82.08500	729.95314	-0.39867	383.54631	652.75944	-95.59186	75.36674	627.45750	-30.63665	85.60298	601.88616	-75.44019	106.83117	688.39874	-50.89408	69.23896	659.66239	16.61058	940.66576	588.24078	64.05483	343.77844	700.73364	-61.79283	342.38216	528.24326	116.52649	321.06473	663.53228	-61.26967	641.75591	335.51958	85.24534	162.57207	701.01556	-131.90136	453.79935	539.73295	183.95593	446.86165	695.39302	-140.88214	234.84940	456.93999	182.66518	233.70050	
458	4.570	538.36153	-4.67216	965.98045	555.25106	7.04534	779.66514	626.31780	108.23529	630.12369	533.43938	32.35138	686.81421	550.12003	-36.00834	693.50599	363.60775	121.53704	118.14239	371.24379	52.46670	129.95516	396.81734	83.92383	84.19739	732.88969	-3.25831	383.12909	652.69746	-96.97858	75.41021	627.19090	-32.19794	86.34810	601.97858	-77.20567	107.49788	688.09803	-52.07590	69.29834	668.84431	16.62477	941.76379	603.46115	62.00018	343.17844	702.99887	-64.54679	342.73533	543.64013	114.59061	319.95417	672.41683	-62.38264	643.83549	347.79850	84.05066	166.13289	706.18163	-134.32272	454.32608	552.85066	182.08411	445.93801	696.63523	-143.11131	234.41916	471.30490	180.89958	234.68389	
459	4.580	547.27115	-4.65988	966.55204	564.85685	8.23696	780.55904	636.20186	106.93449	629.63805	542.89519	32.92664	688.13052	559.22631	-35.51175	696.20955	375.57553	120.29259	121.64979	383.48443	51.11494	132.37464	408.05399	83.05923	86.48482	735.30978	-6.31127	382.99149	652.69007	-98.19180	75.61082	627.04326	-33.57473	87.22397	602.07032	-78.75843	108.24429	687.91434	-53.10817	69.49062	677.87692	16.83554	943.11292	618.71212	60.14659	343.31774	704.72776	-67.46493	343.35710	559.05941	112.82973	319.49968	681.00649	-63.67487	646.12913	360.84296	82.46634	169.42471	710.79832	-136.93267	455.02318	565.96593	180.33598	445.65942	697.43114	-145.40496	234.18732	485.60449	179.15277	236.21804	
460	4.590	556.03725	-4.31564	967.45970	574.22536	9.36575	781.78248	645.95981	105.51353	629.60839	552.20110	33.35329	689.79197	568.11810	-35.15865	699.07116	388.30684	118.83505	125.03227	396.89289	49.59626	134.59849	420.55632	82.28818	88.88790	737.24303	-9.43672	383.05766	652.74984	-99.20461	75.92155	627.04214	-34.73378	88.16740	602.18479	-80.05875	109.01667	687.86579	-53.97001	69.76584	686.75726	17.23585	944.68924	633.95156	58.59244	344.22348	705.97332	-70.45190	344.16947	574.42028	111.29555	319.73472	689.31973	-65.11733	648.57026	374.62284	80.44302	172.35546	714.91945	-139.63913	455.81314	578.98599	178.76320	446.05346	697.82472	-147.69471	234.11264	499.72839	177.44535	238.30819	
461	4.600	564.66806	-3.68243	968.68138	583.35551	10.38190	783.30111	655.57787	104.01072	630.03306	561.35474	33.62027	691.74987	576.80898	-34.95870	702.01838	401.78657	117.14631	128.19686	411.47008	47.90422	136.55325	434.33181	81.60012	91.33702	738.73713	-12.52753	383.26434	652.86983	-100.00275	76.30965	627.19189	-35.65531	89.13260	602.32967	-81.08081	109.78134	687.94732	-54.65258	70.08619	695.48671	17.81278	946.46030	649.16138	57.42189	345.88974	706.80202	-73.41843	345.10502	589.67303	110.02791	320.65533	697.38026	-66.67454	651.09259	389.12290	77.96279	174.84437	718.61007	-142.35525	456.62997	591.83596	177.40852	447.10805	697.86361	-149.91957	234.16121	513.62613	175.79257	240.91044	
462	4.610	573.17549	-2.81226	970.18357	592.25148	11.24792	785.06935	665.04562	102.46847	630.88696	570.35354	33.73233	693.94323	585.31301	-34.90675	704.98144	416.02215	115.22509	131.05164	427.19895	46.04588	138.18144	449.36983	80.97410	93.75859	739.85665	-15.49757	383.56251	653.03495	-100.58572	76.75508	627.48228	-36.33472	90.09101	602.50559	-81.81593	110.52257	688.14107	-55.15897	70.42567	704.07064	18.54810	948.38569	664.34380	56.69592	348.28089	707.29097	-76.28786	346.10988	604.80081	109.05216	322.22271	705.21458	-68.30660	653.63341	404.34186	75.04734	176.82923	721.94325	-145.00455	457.42302	604.46406	176.30295	448.77310	697.60237	-152.02988	234.30695	527.31188	174.20525	243.93412	
463	4.620	581.57437	-1.76280	971.92292	600.92106	11.94074	787.03274	674.35589	100.93071	632.12337	579.19425	33.70862	696.30099	593.64296	-34.98400	707.89524	431.04110	113.09156	133.51354	444.04376	44.04468	139.44780	465.64225	80.38359	96.08188	740.68041	-18.28582	383.91633	653.23047	-100.96652	77.24745	627.89590	-36.78291	91.02912	602.71242	-82.27384	111.23882	688.42490	-55.50304	70.76843	712.51802	19.41928	950.41815	679.51586	56.44516	351.33702	707.52420	-79.00070	347.14410	619.81852	108.37750	324.36888	712.84967	-69.97156	656.13616	420.28831	71.76109	178.27217	724.99632	-147.52475	458.15811	616.84476	175.46379	450.96572	697.10375	-153.99002	234.53072	540.86183	172.69202	247.25084	
464	4.630	589.88154	-0.59376	973.84840	609.37421	12.45246	789.13081	683.50489	99.44004	633.67746	587.87310	33.57999	698.74496	601.80909	-35.16050	710.70061	446.88463	110.78935	135.51606	461.95078	41.94116	140.34258	483.10470	79.80224	98.24544	741.29753	-20.85728	384.30046	653.44718	-101.16990	77.78226	628.41362	-37.02462	91.94489	602.95302	-82.48143	111.93811	688.77828	-55.70755	71.10637	720.84075	20.40059	952.50511	694.70325	56.66544	354.98058	707.58866	-81.51686	348.18018	634.76866	107.99651	327.00454	720.31119	-71.62797	658.55215	436.97471	68.20842	179.16302	727.84648	-149.86991	458.81638	628.97959	174.89351	453.57813	696.43764	-155.77927	234.81870	554.40437	171.26224	250.70909	
465	4.640	598.11479	0.63674	975.90371	617.62207	12.78979	791.29992	692.49257	98.03498	635.47081	596.38633	33.38534	701.19320	609.81876	-35.39845	713.34529	463.59885	108.38446	137.01555	480.85060	39.79144	140.88117	501.69851	79.20981	100.20224	741.80229	-23.20073	384.69670	653.68315	-101.22924	78.35741	629.01805	-37.09524	92.84366	603.23420	-82.47927	112.63340	689.18557	-55.80136	71.43657	729.05299	21.46448	954.59057	709.93396	57.31702	359.12321	707.56994	-83.81544	349.20045	649.71441	107.88599	330.02804	727.62205	-73.23750	660.84148	454.41088	64.52509	179.51930	730.56645	-152.01097	459.39156	640.89550	174.57972	456.48741	695.67781	-157.39100	235.16038	568.10425	169.92870	254.15190	
466	4.650	606.29197	1.87548	978.02988	625.67633	12.97237	793.47618	701.32313	96.74736	637.41663	604.73128	33.16782	703.56380	617.67663	-35.65593	715.78442	481.22518	105.96103	137.99502	500.66185	37.66353	141.10039	521.35341	78.59704	101.92278	742.28847	-25.32426	385.09091	653.94281	-101.18244	78.97036	629.69520	-37.03624	93.73412	603.56573	-82.31629	113.33864	689.63695	-55.81616	71.75895	737.17042	22.58298	956.61734	725.23255	58.32790	363.67210	707.54828	-85.89241	350.19408	664.73067	108.00896	333.33448	734.80165	-74.76716	662.97323	472.59849	60.86536	179.38277	733.22051	-153.93486	459.88624	652.64103	174.49646	459.56583	694.89743	-158.83049	235.54668	582.14261	168.70882	257.43475	
467	4.660	614.43003	3.07701	980.16775	633.54906	13.03025	795.59815	710.00563	95.60039	639.42532	612.90761	32.97093	705.77880	625.38561	-35.89051	717.98110	499.79191	103.61448	138.46471	521.29586	35.63203	141.05193	541.99052	77.96865	103.39599	742.84349	-27.24946	385.47057	654.23423	-101.06742	79.61651	630.43458	-36.89026	94.62489	603.95802	-82.04359	114.06588	690.12762	-55.78307	72.07447	745.20952	23.72912	958.52931	740.61520	59.60037	368.53514	707.59498	-87.75691	351.15418	679.89383	108.31760	336.82369	741.86564	-76.19121	664.92516	491.52723	57.38685	178.81306	735.86147	-155.64240	460.30814	664.28062	174.60649	462.69071	694.16384	-160.11166	235.96848	596.69565	167.62404	260.44075	
468	4.670	622.54437	4.20585	982.26036	641.25294	13.00081	797.60915	718.55447	94.60728	641.40977	620.91870	32.83524	707.76798	632.94817	-36.06249	719.90656	519.30798	101.44313	138.45941	542.66160	33.77204	140.79424	563.52568	77.34397	104.62783	743.54311	-29.00510	385.82331	654.56584	-100.91810	80.28850	631.22843	-36.69631	95.52211	604.41951	-81.70851	114.82338	690.65599	-55.72959	72.38394	753.18696	24.87823	960.27381	756.08592	61.02019	373.62454	707.76971	-89.42686	352.07559	695.27154	108.75678	340.40650	748.82622	-77.49227	666.68303	511.17337	54.23568	177.87925	738.52896	-157.14542	460.66673	675.88777	174.86451	465.75286	693.53384	-161.25343	236.41578	611.91468	166.69713	263.09067	
469	4.680	630.64828	5.23793	984.25494	648.80168	12.92550	799.45919	726.98969	93.77078	643.29003	628.77300	32.79581	709.47216	640.36794	-36.13746	721.54043	539.75996	99.53961	138.03286	564.67003	32.15312	140.38423	585.87258	76.75508	105.63803	744.44736	-30.62156	386.13631	654.94329	-100.76119	80.97659	632.07049	-36.48608	96.42806	604.95440	-81.34982	115.61495	691.22151	-55.67732	72.68743	761.11908	26.00915	961.80369	771.63392	62.46662	378.85878	708.11862	-90.92477	352.95334	710.91343	109.26774	344.00850	755.69299	-78.66171	668.23956	531.50031	51.53403	176.65089	741.24935	-158.46340	460.97075	687.53777	175.22078	468.66271	693.05006	-162.27617	236.87748	627.91019	165.94830	265.34653	
470	4.690	638.75275	6.16118	986.10462	656.21062	12.84663	801.10641	735.33698	93.08354	644.99714	636.48507	32.88032	710.84579	647.65140	-36.08809	722.87063	561.11198	97.98314	137.25025	587.23727	30.83397	139.86987	608.94540	76.24276	106.45543	745.59790	-32.12622	386.39650	655.36735	-100.61439	81.66965	632.95470	-36.28161	97.34095	605.56129	-80.99467	116.44009	691.82276	-55.64072	72.98410	769.02155	27.10513	963.07915	787.23223	63.82208	384.16298	708.67361	-92.27416	353.78209	726.84391	109.79163	347.57124	762.47397	-79.69938	669.59347	552.46064	49.37175	175.18959	744.03711	-159.62008	461.22666	699.30067	175.62475	471.35392	692.73919	-163.19882	237.34182	644.74186	165.39121	267.20871	
471	4.700	646.86638	6.97542	987.76960	663.49727	12.80459	802.51785	743.62716	92.52925	646.47568	644.07630	33.10826	711.85846	654.80934	-35.89502	723.89308	583.30831	96.83367	136.17991	610.28612	29.85838	139.28475	632.66052	75.85091	107.11252	747.01740	-33.54057	386.59123	655.83318	-100.48615	82.35639	633.87436	-36.09461	98.25551	606.23310	-80.65772	117.29485	692.45612	-55.62694	73.27243	776.90910	28.15454	964.06914	802.83761	64.98033	389.46784	709.45282	-93.49702	354.55622	743.05776	110.27246	351.05089	769.17698	-80.61255	670.74834	573.99879	47.80269	173.54259	746.89740	-160.64042	461.43811	711.23524	176.02823	473.78406	692.61199	-164.03689	237.79722	662.41536	165.02996	268.70763	
472	4.710	654.99570	7.69144	989.21787	670.68190	12.83550	803.66985	751.89548	92.08439	647.68511	651.57517	33.49066	712.49528	661.85795	-35.54703	724.61107	606.27718	96.12829	134.88542	633.74559	29.25278	138.64498	656.93697	75.62033	107.63998	748.71072	-34.87888	386.70928	656.33079	-100.37664	83.02685	634.82175	-35.92737	99.16426	606.95801	-80.34212	118.17305	693.11525	-55.63666	73.55055	784.79556	29.15124	964.75227	818.39185	65.85221	394.70763	710.46219	-94.61228	355.27051	759.51886	110.65950	354.41487	775.81098	-81.41448	671.71161	596.05347	46.84528	171.73875	749.82958	-161.54810	461.60618	723.38443	176.38786	475.93266	692.66525	-164.80151	238.23341	680.88547	164.85763	269.89191	
473	4.720	663.14552	8.32956	990.42543	677.78788	12.96955	804.54778	760.18047	91.72039	648.59974	659.01696	34.03075	712.75604	668.81953	-35.04052	725.03431	629.93477	95.88000	133.41919	657.54858	29.02514	137.94853	681.69523	75.58255	108.06165	750.66806	-36.14829	386.74188	656.84666	-100.27992	83.67358	635.78827	-35.77479	100.05911	607.72124	-80.04204	119.06781	693.79131	-55.66566	73.81669	792.69385	30.09470	965.11717	833.82443	66.36891	399.81750	711.69812	-95.63530	355.92106	776.16215	110.90880	357.63702	782.38732	-82.12265	672.49363	618.55891	46.48656	169.78745	752.83095	-162.36374	461.73028	735.77279	176.66666	477.79709	692.88519	-165.49939	238.64254	700.06413	164.85665	270.81547	
474	4.730	671.31951	8.91778	991.37614	684.84194	13.23002	805.14538	768.52266	91.40594	649.20766	666.44298	34.72489	712.65324	675.72260	-34.37845	725.17762	654.18790	96.07834	131.81820	681.62789	29.16523	137.17667	706.85437	75.75481	108.39062	752.86952	-37.35016	386.68352	657.36602	-100.18652	84.29263	636.76526	-35.62713	100.93295	608.50738	-79.74597	119.97301	694.47389	-55.70680	74.06953	800.61619	30.98974	965.16232	849.05636	66.48281	404.73073	713.15098	-96.57796	356.50619	792.89828	110.98419	360.69221	788.92086	-82.75693	673.10680	641.44471	46.68803	167.68014	755.90040	-163.10400	461.80917	748.40581	176.83464	479.38675	693.25181	-166.13362	239.02007	719.83143	165.00050	271.52555	
475	4.740	679.52080	9.48962	992.06106	691.87412	13.63280	805.46378	776.96327	91.10929	649.50865	673.89940	35.56398	712.20935	682.60158	-33.56896	725.05953	678.93467	96.69139	130.10217	705.91095	29.64570	136.29706	732.32749	76.13650	108.62669	755.29079	-38.48201	386.53233	657.87527	-100.08625	84.88399	637.74509	-35.47305	101.78107	609.30274	-79.44031	120.88472	695.15240	-55.75204	74.30840	808.57427	31.84608	964.89548	864.00508	66.16652	409.37640	714.80919	-97.44929	357.02704	809.62037	110.85768	363.55127	795.43069	-83.33794	673.56474	664.63382	47.39186	165.39404	759.04139	-163.78138	461.84205	761.27119	176.86869	480.71667	693.74374	-166.70486	239.36531	740.04713	165.25601	272.05356	
476	4.750	687.75255	10.08188	992.47762	698.91769	14.18657	805.51010	785.54289	90.80032	649.51168	681.43568	36.53495	711.45363	689.49602	-32.62400	724.70072	704.06242	97.66841	128.27417	730.31379	30.42380	135.26787	758.01595	76.70766	108.75538	757.90929	-39.53990	386.28996	658.36433	-99.97071	85.45173	638.72248	-35.30235	102.60203	610.09763	-79.11264	121.80221	695.81769	-55.79423	74.53331	816.57952	32.67758	964.33267	878.58986	65.41072	413.67797	716.66341	-98.25609	357.48755	826.21205	110.50947	366.17699	801.94064	-83.88556	673.88145	688.03900	48.52638	162.89730	762.26394	-164.40472	461.82936	774.34169	176.75186	481.80117	694.34291	-167.21274	239.68146	760.56065	165.58575	272.40980	
477	4.760	696.01849	10.73248	992.62849	706.00879	14.89319	805.29610	794.30024	90.45229	649.23209	689.10271	37.62210	710.41892	696.44944	-31.55792	724.12255	729.44331	98.94291	126.32308	754.73487	31.44344	134.04229	783.80296	77.42961	108.74863	760.71014	-40.52060	385.96080	658.82846	-99.83513	86.00359	639.69601	-35.10827	103.39817	610.88830	-78.75428	122.72864	696.46362	-55.82855	74.74480	824.64322	33.50133	963.49684	892.73726	64.22148	417.55319	718.71060	-99.00355	357.89387	842.55566	109.92785	368.52187	808.47934	-84.41788	674.07043	711.55811	50.01012	160.15485	765.58571	-164.98008	461.77305	787.57900	176.47250	482.64869	695.03874	-167.65722	239.97513	781.21813	165.94997	272.58229	
478	4.770	704.32329	11.47843	992.52042	713.18597	15.74842	804.83667	803.27097	90.04325	648.68910	696.95092	38.80828	709.13893	703.50801	-30.38657	723.34589	754.92855	100.43579	124.22739	779.04956	32.63774	132.57320	809.54742	78.24764	108.56700	763.69125	-41.42329	385.55073	659.26970	-99.67961	86.55020	640.66930	-34.88896	104.17541	611.67843	-78.36205	123.67120	697.08850	-55.85340	74.94356	832.77667	34.33653	962.41650	906.38608	62.61768	420.91571	720.95745	-99.69564	358.25307	858.53995	109.10905	370.52814	815.08000	-84.95040	674.14381	735.06895	51.75464	157.13431	769.03199	-165.51185	461.67642	800.93806	176.02341	483.25831	695.83154	-168.03949	240.25532	801.86605	166.30802	272.53942	
479	4.780	712.67274	12.35407	992.16309	720.48958	16.74266	804.14857	812.48653	89.55711	647.90375	705.02818	40.07557	707.64620	710.71893	-29.12675	722.39019	780.34229	102.05883	121.95965	803.10596	33.93201	130.81750	835.07920	79.09554	108.16323	766.86701	-42.25052	385.06539	659.69757	-99.50947	87.10396	641.65207	-34.64818	104.94271	612.48025	-77.93911	124.64085	697.69611	-55.87069	75.12989	840.99113	35.20339	961.12414	919.49117	60.62894	423.67843	723.42290	-100.33517	358.57131	874.06631	108.05726	372.13005	821.77984	-85.49560	674.11137	758.42452	53.66652	153.81119	772.63511	-166.00369	461.54321	814.37100	175.40135	483.61847	696.73491	-168.36259	240.53210	822.35164	166.61942	272.23543	
480	4.790	721.07382	13.38957	991.56809	727.96095	17.86161	803.24930	821.97294	88.98434	646.89760	713.37778	41.40553	705.97123	718.12885	-27.79620	721.27316	805.47711	103.71893	119.49117	826.72290	35.24761	128.74008	860.19677	79.90158	107.48686	770.27008	-43.00825	384.50825	660.12955	-99.33491	87.67776	642.66077	-34.39520	105.71104	613.31525	-77.49503	125.65149	698.29635	-55.88572	75.30311	849.29779	36.12188	959.65482	932.02572	58.29409	425.75847	726.13949	-100.92367	358.85179	889.05318	106.78474	373.25847	828.61927	-86.06267	673.97965	781.44973	55.64964	150.17320	776.43343	-166.45914	461.37636	827.83031	174.60709	483.70815	697.77719	-168.63145	240.81495	842.52133	166.84513	271.61776	
481	4.800	729.53452	14.60976	990.74823	735.64139	19.08684	802.15645	831.74942	88.32245	645.69230	722.03644	42.77897	704.14262	725.78212	-26.41414	720.01081	830.09258	105.32322	116.79643	849.69087	36.50665	126.31745	884.66826	80.59551	106.48970	773.95118	-43.70499	383.87880	660.59105	-99.17009	88.28357	643.71877	-34.14402	106.49231	614.21457	-77.04518	126.71895	698.90545	-55.90643	75.46104	857.70752	37.11059	958.04493	943.98175	55.66046	427.08346	729.15348	-101.46097	359.09265	903.43828	105.31213	373.84725	835.64074	-86.65738	673.75113	803.94063	57.60850	146.22342	780.47029	-166.88179	461.17639	841.27049	173.64600	483.50023	699.00191	-168.85247	241.11106	862.21860	166.94929	270.63512	
482	4.810	738.06349	16.03315	989.71711	743.57101	20.39613	800.88740	841.82702	87.57614	644.31000	731.03241	44.17524	702.18817	733.71911	-25.00209	718.61804	853.91827	106.78547	113.85730	871.77642	37.63769	123.54099	908.23667	81.11594	105.13163	777.97688	-44.35023	383.17109	661.11534	-99.03158	88.93129	644.85626	-33.91202	107.29824	615.21907	-76.60950	127.85971	699.54572	-55.94231	75.59960	866.23053	38.18560	956.33106	955.36881	52.78374	427.59860	732.52357	-101.94472	359.28519	917.17874	103.66881	373.84086	842.88739	-87.28200	673.42372	825.66706	59.45312	141.98229	784.79299	-167.27488	460.93967	854.64816	172.52913	482.96658	700.46733	-169.03278	241.42374	881.28291	166.90195	269.24542	
483	4.820	746.66966	17.67124	988.48910	751.78723	21.76365	799.45959	852.20703	86.75738	642.77436	740.38372	45.57143	700.13680	741.97452	-23.58494	717.10966	876.66199	108.03338	110.66695	892.73039	38.58207	120.41971	930.62934	81.41752	103.38652	782.42575	-44.95237	382.37277	661.74331	-98.93664	89.62777	646.10979	-33.71824	108.13938	616.37917	-76.21091	129.08958	700.24498	-56.00296	75.71267	874.87605	39.35950	954.54923	966.21091	49.72811	427.27375	736.31865	-102.36991	359.41268	930.24937	101.89328	373.20229	850.40146	-87.93518	672.99046	846.37953	61.10557	137.48855	789.45205	-167.64053	460.65690	867.92069	171.27476	482.08427	702.24510	-169.17921	241.75105	899.55087	166.68256	267.42288	
484	4.830	755.36161	19.52795	987.07972	760.32308	23.16011	797.89112	862.87952	85.88509	641.11205	750.09661	46.94145	698.02067	750.57571	-22.19190	715.50156	898.02341	109.01613	107.23338	912.29991	39.30036	116.98250	951.57158	81.47709	101.24750	787.38332	-45.51655	381.46504	662.52318	-98.90124	90.37638	647.52166	-33.58138	109.02460	617.75436	-75.87331	130.42262	701.03573	-56.09646	75.79241	883.65177	40.64058	952.73439	976.54226	46.56674	426.10978	740.61440	-102.72851	359.45013	942.63947	100.03352	371.92044	858.22244	-88.61179	672.43977	865.82042	62.50745	132.79946	794.50037	-167.97861	460.31213	881.04368	169.91009	480.84219	704.41810	-169.29717	242.08500	916.86028	166.28412	265.16381	
485	4.840	764.14701	21.59919	985.50634	769.20537	24.55287	796.20178	873.82204	84.98478	639.35434	760.16426	48.25539	695.87724	759.54112	-20.85706	713.81205	917.71228	109.71124	103.58246	930.24366	39.77810	113.27949	970.80352	81.29804	98.73115	792.93652	-46.04266	380.42348	663.51009	-98.93814	91.17715	649.13918	-33.51781	109.96089	619.41238	-75.61941	131.87032	701.95417	-56.22783	75.82991	892.56335	42.03215	950.92010	986.40208	43.38197	424.14331	745.48944	-103.00922	359.36491	954.34885	98.14697	370.01597	866.38504	-89.30273	671.75625	883.73939	63.62727	127.98997	799.99255	-168.28561	459.88245	893.96795	168.47266	479.24692	707.07749	-169.38947	242.41131	933.05719	165.71724	262.49067	
486	4.850	773.03202	23.87263	983.78907	778.45273	25.90628	794.41430	884.99879	84.08772	637.53838	770.56597	49.47943	693.75068	768.87884	-19.61930	712.06295	935.46983	110.12935	99.76003	946.34926	40.02966	109.38221	988.09883	80.91212	95.87987	799.16803	-46.52385	379.21982	664.76544	-99.05527	92.02759	651.01393	-33.53974	110.95370	621.42794	-75.46849	133.44124	703.03927	-56.39770	75.81648	901.61391	43.53213	949.13846	995.82926	40.26513	421.44905	751.02112	-103.19765	359.11863	965.38348	96.30013	367.54457	874.91719	-89.99474	670.92195	899.91165	64.46630	123.15116	805.98386	-168.55362	459.33878	906.63675	167.01144	477.32745	710.31917	-169.45548	242.71001	948.00515	165.01333	259.45403	
487	4.860	782.02069	26.32747	981.95181	788.07376	27.18237	792.55554	896.36046	83.22998	635.70798	781.26693	50.57642	691.69231	778.58537	-18.52130	710.28042	951.09109	110.31582	95.83237	960.45119	40.09941	105.38199	1003.28331	80.37811	92.76180	806.15118	-46.94578	377.82471	666.35595	-99.25443	92.92414	653.20090	-33.65369	112.00779	623.88096	-75.43429	135.14116	704.33205	-56.60157	75.74540	910.80354	45.13286	947.42018	1004.85723	37.31559	418.13897	757.28139	-103.27663	358.66991	975.75146	94.56738	364.59723	883.83789	-90.67026	669.91833	914.15751	65.06143	118.38740	812.52899	-168.76971	458.64773	918.98405	165.58672	475.13757	714.23949	-169.49043	242.95684	961.59560	164.22605	256.13189	
488	4.870	791.11442	28.93461	980.02313	798.06541	28.34188	790.65748	907.84497	82.45095	633.91343	792.21875	51.50748	689.75976	788.64485	-17.60759	708.49526	964.44537	110.34810	91.88452	972.44699	40.05929	101.38632	1016.25119	79.77709	89.46780	813.94566	-47.28666	376.21114	668.35213	-99.53078	93.86418	655.75770	-33.85955	113.12833	626.85419	-75.52333	136.97370	705.87518	-56.82984	75.61408	920.12885	46.82118	945.79467	1013.50962	34.63858	414.35806	764.33303	-103.22698	357.97809	985.45952	93.02890	361.29674	893.15546	-91.30759	668.72870	926.36057	65.48401	113.81196	819.68031	-168.91582	457.77454	930.93438	164.26894	472.75560	718.93071	-169.48531	243.12559	973.75760	163.43022	252.62614	
489	4.880	800.31158	31.65689	978.03684	808.41182	29.34599	788.75778	919.37934	81.79157	632.21045	803.36090	52.23436	688.01479	799.02869	-16.92154	706.74255	975.49176	110.32860	88.01580	982.30965	40.00243	97.51292	1026.97684	79.20454	86.10560	822.59429	-47.51833	374.35849	670.82627	-99.87304	94.84828	658.74356	-34.15031	114.32229	630.43019	-75.73380	138.94136	707.71300	-57.06874	75.42655	929.58271	48.57869	944.29012	1021.79723	32.34161	410.27640	772.22653	-103.02854	357.00755	994.51054	91.76732	357.79056	902.86596	-91.88116	667.34090	936.48186	65.83393	109.54097	827.48572	-168.96935	456.68713	942.40466	163.13573	470.28099	724.47618	-169.42712	243.19114	984.46543	162.71772	249.05599	
490	4.890	809.60714	34.44984	976.03224	819.08380	30.15839	786.89964	930.88257	81.29233	630.65787	814.62309	52.72270	686.51999	809.69593	-16.50152	705.06077	984.28685	110.37340	84.33256	990.09378	40.03333	93.88175	1035.51983	78.75996	82.79135	832.12104	-47.60817	372.25655	673.84988	-100.26459	95.88259	662.21821	-34.51270	115.59973	634.68780	-76.05531	141.04672	709.89207	-57.30218	75.19584	939.15408	50.38241	942.93347	1029.71631	30.52920	406.07794	780.99765	-102.66151	355.73223	1002.90202	90.86321	354.24041	912.95222	-92.36237	665.75022	944.56723	66.22913	105.68546	835.98610	-168.90432	455.36069	953.30809	162.26739	467.82782	730.94565	-169.29974	243.13318	993.74195	162.19040	245.54863	
491	4.900	818.99258	37.26281	974.05366	830.03910	30.74785	785.13086	942.26960	80.99089	629.31462	825.92861	52.94584	685.33454	820.59431	-16.37672	703.49027	990.98224	110.59789	80.93858	995.93407	40.25533	90.60547	1042.02203	78.53539	79.63953	842.53010	-47.52170	369.90939	677.49088	-100.68537	96.98070	666.24065	-34.92841	116.97468	639.69818	-76.46957	143.29360	712.46206	-57.51437	74.94600	948.82806	52.20551	941.75024	1037.24867	29.29600	401.94706	790.66578	-102.10799	354.13992	1010.62572	90.38942	350.80942	923.38345	-92.72073	663.96205	950.74595	66.79123	102.34231	845.21237	-168.69322	453.78257	963.55962	161.74089	465.51568	738.39118	-169.08533	242.94012	1001.65677	161.95032	242.22798	
492	4.910	828.45588	40.04050	972.14940	841.22355	31.09089	783.50216	953.45602	80.91974	628.23579	837.19833	52.88857	684.50967	831.66210	-16.56288	702.07139	995.81124	111.10143	77.92455	1000.03546	40.75712	87.77953	1046.69640	78.60430	76.75279	853.80611	-47.22581	367.33834	681.81064	-101.11442	98.16491	670.86771	-35.37612	118.46541	645.52081	-76.95191	145.68782	715.47692	-57.69282	74.71330	958.58607	54.01842	940.76417	1044.36344	28.71863	398.05397	801.23299	-101.35372	352.23594	1017.66839	90.40477	347.64838	934.11571	-92.92553	661.99402	955.21985	67.62916	99.58489	855.18251	-168.30924	451.95667	973.08259	161.62282	463.45890	746.84375	-168.76602	242.61277	1008.31835	162.08847	239.20302	
493	4.920	837.98168	42.72512	970.37012	852.57300	31.17440	782.06468	964.36308	81.10394	627.46864	848.35514	52.55058	684.08429	842.83069	-17.05870	700.84230	999.06563	111.95317	75.35817	1002.65593	41.60026	85.47323	1049.80855	79.01261	74.21288	865.91528	-46.69206	364.58398	686.86144	-101.53255	99.46626	676.15255	-35.83360	120.09377	652.19977	-77.47340	148.23731	718.99607	-57.83126	74.54603	968.40636	55.79000	939.99660	1051.02049	28.84717	394.54096	812.68397	-100.38974	350.04562	1024.01368	90.94765	344.88271	945.09301	-92.94783	659.87728	958.24403	68.82298	97.45500	865.89874	-167.72874	449.90697	981.81560	161.96219	461.75545	756.31104	-168.32593	242.16732	1013.86070	162.67327	236.55740	
494	4.930	847.55174	45.25877	968.76663	864.01611	30.99771	780.86703	974.92250	81.55917	627.04869	859.32836	51.94871	684.08152	854.02774	-17.84361	699.83687	1001.06603	113.18147	73.27692	1004.08407	42.80965	83.72324	1051.65338	79.77318	72.07440	878.80730	-45.89979	361.70644	692.68453	-101.92471	100.92311	682.14338	-36.27989	121.88336	659.76089	-78.00316	150.95130	723.08550	-57.93186	74.50275	978.26458	57.48889	939.46576	1057.17525	29.69739	391.51132	824.98647	-99.21379	347.61535	1029.64502	92.03049	342.60198	956.24947	-92.76267	657.65671	960.10187	70.41044	95.95767	877.34519	-166.93376	447.67929	989.71878	162.78397	460.47721	766.77657	-167.75313	241.63699	1018.42665	163.74060	234.34221	
495	4.940	857.14546	47.58627	967.38732	875.47765	30.57388	779.95213	985.08061	82.29034	626.99656	870.05766	51.11775	684.50644	865.18069	-18.87721	699.08282	1002.13051	114.76854	71.68490	1004.61486	44.36852	82.53080	1052.53032	80.86436	70.36197	892.41800	-44.83873	358.78410	699.30927	-102.28153	102.57820	688.88235	-36.69674	123.85665	668.21014	-78.51047	153.83849	727.81824	-58.00620	74.64868	988.13457	59.08490	939.18588	1062.78442	31.24510	389.02259	838.09248	-97.83146	345.01175	1034.54944	93.63591	340.85367	967.51199	-92.35125	655.38975	961.07852	72.37869	95.06025	889.48636	-165.91427	445.34104	996.77858	164.08455	459.66323	778.20024	-167.04131	241.07198	1022.15070	165.28718	232.57320	
496	4.950	866.74065	49.65805	966.27553	886.88211	29.92985	779.35408	994.80124	83.29103	627.31603	880.49610	50.10913	685.34551	876.22029	-20.10090	698.60019	1002.54703	116.65150	70.55459	1004.52731	46.21892	81.86324	1052.72058	82.23278	69.07115	906.67255	-43.51079	355.91053	706.75335	-102.59957	104.47394	696.40498	-37.06941	126.03112	677.53369	-78.96621	156.90412	733.27430	-58.07450	75.05032	997.98930	60.55040	939.16628	1067.81193	33.42422	387.08547	851.94005	-96.25674	342.31907	1038.72176	95.71548	339.64214	978.80371	-91.70281	653.14386	961.43727	74.66290	94.69628	902.26677	-164.67007	442.97868	1003.01047	165.82998	459.31694	790.52025	-166.19098	240.53728	1025.14525	167.26836	231.23304	
497	4.960	876.31437	51.43285	965.46693	898.15729	29.10531	779.09568	1004.06714	84.54373	627.99346	890.61185	48.98770	686.56774	887.08401	-21.44172	698.40036	1002.55383	118.72951	69.83292	1004.06700	48.26776	81.65958	1052.46972	83.79984	68.17272	921.48911	-41.93096	353.18973	715.02433	-102.88012	106.64657	704.74009	-37.38634	128.41486	687.69988	-79.34358	160.14639	739.53937	-58.16299	75.76869	1007.80180	61.86158	939.41047	1072.23463	36.12938	385.66843	866.45557	-94.51197	339.63476	1042.16919	98.19161	338.93288	990.04779	-90.81589	650.99274	961.40225	77.15222	94.77394	915.61185	-163.21199	440.69283	1008.45902	167.95757	459.40802	803.65638	-165.20999	240.10851	1027.49305	169.60120	230.27782	
498	4.970	885.84392	52.88017	964.98736	909.23761	28.15029	779.18658	1012.87971	86.02106	628.99890	900.38864	47.82660	688.12722	897.71883	-22.81802	698.48559	1002.33002	120.87615	69.45070	1003.43524	50.39752	81.83939	1051.97695	85.47083	67.61916	936.78265	-40.12732	350.73011	724.12207	-103.12684	109.11948	713.91012	-37.63798	131.00224	698.66304	-79.61797	163.55247	746.70248	-58.29968	76.85196	1017.54616	62.99951	939.91542	1076.04706	39.22360	384.70742	881.55654	-92.62727	337.06366	1044.91557	100.96276	338.66133	1001.17135	-89.69879	649.01150	961.14932	79.70256	95.18776	929.43018	-161.56247	438.59154	1013.19536	170.38105	459.87821	817.51445	-164.11318	239.86573	1029.24756	172.17250	229.64664	
499	4.980	895.30780	53.98207	964.85110	920.06682	27.12174	779.62242	1021.25716	87.68787	630.28851	909.82480	46.70095	689.96684	908.08342	-24.14631	698.84902	1001.99615	122.95499	69.33327	1002.78519	52.48017	82.31331	1051.39174	87.14569	67.35230	952.46892	-38.14030	348.63772	734.04195	-103.34240	111.89671	723.93191	-37.81509	133.77040	710.36882	-79.76644	167.09482	754.85247	-58.50897	78.32831	1027.19848	63.95101	940.67103	1079.26494	42.55040	384.11854	897.15478	-90.63942	334.71123	1047.00484	103.91164	338.74448	1012.10920	-88.36911	647.27134	960.80511	82.15432	95.83142	943.61712	-159.75524	436.78246	1017.31230	172.99855	460.65023	831.99166	-162.92138	239.88615	1030.44060	174.85081	229.27198	
500	4.990	904.68657	54.73422	965.05987	930.59992	26.07933	780.38504	1029.23148	89.50388	631.80817	918.93118	45.68106	692.02246	918.14938	-25.34858	699.47506	1001.62278	124.83639	69.41030	1002.22372	54.39243	82.99342	1050.81654	88.72980	67.31073	968.46805	-36.02133	347.00931	744.77809	-103.52516	114.95770	734.81755	-37.90689	136.67722	722.76030	-79.76708	170.72866	764.07339	-58.80611	80.20031	1036.73767	64.70908	941.65986	1081.92698	45.94899	383.81144	913.15986	-88.59038	332.67659	1048.50272	106.91545	339.09314	1022.80707	-86.85234	645.83413	960.45252	84.35258	96.60967	958.05965	-157.83412	435.36451	1020.91760	175.70242	461.63789	846.98254	-161.65966	240.23618	1031.09498	177.50070	229.08918	
501	5.000	913.96370	55.14601	965.60261	940.80425	25.08107	781.44347	1036.84453	91.42668	633.49763	927.72827	44.82612	694.22707	927.90151	-26.35896	700.34000	1001.24372	126.41300	69.62318	1001.81744	56.03020	83.80187	1050.31400	90.14375	67.43605	984.70771	-33.83077	345.92604	756.32621	-103.66634	118.25425	746.57507	-37.89957	139.66155	735.78423	-79.59862	174.39113	774.43940	-59.19253	82.44168	1046.14613	65.27305	942.85720	1084.09487	49.27024	383.70097	929.48269	-86.52542	331.04600	1049.49613	109.85706	339.62274	1033.22407	-85.17975	644.74758	960.14020	86.16671	97.44712	972.64215	-155.85094	434.42032	1024.12610	178.38953	462.75601	862.38503	-160.35512	240.96407	1031.23873	179.99738	229.04345	
502	5.010	923.12613	55.23980	966.45598	950.65975	24.17912	782.75587	1044.14388	93.41460	635.29478	936.24292	44.17926	696.51442	937.33723	-27.12896	701.41284	1000.87076	127.61189	69.92884	1001.60074	57.32027	84.67666	1049.91631	91.33083	67.67715	1001.12551	-31.63516	345.44843	768.68538	-103.74852	121.71082	759.20898	-37.77565	142.64582	749.39624	-79.24073	178.00293	786.00962	-59.65301	84.99739	1055.41031	65.64830	944.23152	1085.85113	52.39101	383.71525	946.03916	-84.49108	329.88745	1050.09000	112.63548	340.26114	1043.33411	-83.38590	644.04153	959.89344	87.50648	98.29295	987.25291	-153.86256	434.01004	1027.05165	180.97041	463.92841	878.10622	-159.03454	242.09415	1030.91734	182.23963	229.09364	
503	5.020	932.16468	55.04930	967.58555	960.15841	23.41632	784.27190	1051.17892	95.42929	637.13956	944.50509	43.76445	698.82190	946.46515	-27.63069	702.65625	1000.50679	128.40181	70.30013	1001.58411	58.22763	85.57405	1049.63502	92.26147	67.99255	1017.67045	-29.50376	345.61322	781.85852	-103.74590	125.22827	772.72029	-37.51436	145.54119	763.56438	-78.67473	181.47231	798.82372	-60.15538	87.78719	1064.52098	65.84564	945.74525	1087.29495	55.22455	383.79949	962.75356	-82.53280	329.24698	1050.40160	115.17435	340.95265	1053.12613	-81.50595	643.72561	959.72409	88.33242	99.12114	1001.79083	-151.92713	434.16731	1029.79987	183.37625	465.09338	894.06712	-157.72203	243.62344	1030.20128	184.15931	229.21289	
504	5.030	941.07423	54.61723	968.94770	969.30320	22.82367	785.93551	1057.99747	97.43761	638.97716	952.54490	43.58574	701.09257	955.30296	-27.85768	704.02768	1000.15553	128.79465	70.72315	1001.76169	58.75765	86.46789	1049.46955	92.93419	68.35074	1034.30341	-27.50414	346.43234	795.85134	-103.62625	128.69125	787.10635	-37.09311	148.25442	778.27059	-77.88502	184.70141	812.89870	-60.65309	90.71259	1073.47338	65.88040	947.35589	1088.53608	57.72550	383.91579	979.56173	-80.69246	329.14699	1050.55312	117.42715	341.65854	1062.60321	-79.57337	643.78868	959.63821	88.65896	99.92701	1016.17177	-150.09991	434.89775	1032.46239	185.56284	466.20614	910.20609	-156.43716	245.52141	1029.18747	185.72635	229.38659	
505	5.040	949.85371	53.99250	970.49186	978.10651	22.41893	787.68784	1064.64340	99.41267	640.76025	960.39037	43.62855	703.27627	963.87494	-27.82362	705.48056	999.82678	128.84120	71.19296	1002.11708	58.95290	87.34653	1049.41368	93.37316	68.72917	1050.99654	-25.69722	347.89414	810.67021	-103.35442	131.97816	802.36041	-36.48983	150.69580	793.50993	-76.86053	187.59406	828.22751	-61.09028	93.66604	1082.26720	65.77127	949.01749	1089.68738	59.88909	384.04006	996.41349	-79.00569	329.58659	1050.66357	119.37864	342.35466	1071.78067	-77.61814	644.19988	959.64078	88.55004	100.72101	1030.33399	-148.42877	436.18001	1035.11334	187.51119	467.23858	926.48065	-155.19359	247.73302	1027.99459	186.94864	229.60870	
506	5.050	958.50592	53.22712	972.16317	986.58838	22.20642	789.47010	1071.15512	101.33414	642.45032	968.06584	43.86283	705.33026	972.20942	-27.55908	706.96575	999.53758	128.62215	71.70867	1002.62769	58.88534	88.20848	1049.45965	93.62285	69.11231	1067.73163	-24.13201	349.96651	826.31929	-102.89675	134.97251	818.47132	-35.68590	152.78684	809.28814	-75.59623	190.06386	844.77954	-61.40873	96.54132	1090.90632	65.53903	950.68228	1090.85673	61.74502	384.15755	1013.27416	-77.49927	330.54394	1050.84107	121.04234	343.02766	1080.68340	-75.66560	644.91119	959.73772	88.10824	101.52160	1044.24179	-146.95014	437.96920	1037.80817	189.22534	468.17695	942.86749	-153.99846	250.18470	1026.75350	187.86726	229.87743	
507	5.060	967.03724	52.37310	973.90520	994.77464	22.17784	791.22622	1077.56512	103.18778	644.01810	975.59135	44.24733	707.21933	980.33630	-27.10714	708.43320	999.30996	128.23595	72.26923	1003.26756	58.64547	89.05770	1049.60003	93.74082	69.48961	1084.49756	-22.84075	352.60164	842.79781	-102.22580	137.57393	835.42342	-34.66903	154.46676	825.61803	-74.09427	192.04163	862.50304	-61.55536	99.24350	1099.39856	65.20523	952.30247	1092.13922	63.34761	384.25836	1030.12473	-76.18882	331.98007	1051.17624	122.45492	343.67076	1089.34281	-73.73609	645.86122	959.93571	87.45945	102.34834	1057.88683	-145.68574	440.20205	1040.58487	190.72770	469.01835	959.36100	-152.85246	252.79253	1025.59488	188.54795	230.19133	
508	5.070	975.45725	51.47951	975.66266	1002.69517	22.31394	792.90520	1083.90020	104.96438	645.44341	982.98276	44.73450	708.91581	988.28499	-26.51840	709.83372	999.16697	127.78560	72.87054	1004.00924	58.32999	89.89951	1049.82806	93.78976	69.85354	1101.28704	-21.83516	355.74136	860.09806	-101.32457	139.70722	853.19685	-33.43591	155.69671	842.51574	-72.36475	193.48075	881.32906	-61.48923	101.69709	1107.75521	64.79092	953.83212	1093.61060	64.76428	384.33395	1046.96051	-75.07712	333.84382	1051.73757	123.66844	344.28017	1097.79364	-71.84523	646.97981	960.24080	86.73581	103.21637	1071.28660	-144.64059	442.80327	1043.46685	192.05317	469.76682	975.97056	-151.75051	255.47133	1024.63640	189.07031	230.54634	
509	5.080	983.77839	50.58996	977.38382	1010.38226	22.58680	794.46298	1090.18229	106.65848	646.71435	990.25247	45.27527	710.39941	996.08294	-25.84596	711.12087	999.12805	127.36644	73.50420	1004.82510	58.03018	90.73774	1050.13694	93.82993	70.19821	1118.09294	-21.10444	359.32271	878.20460	-100.18963	141.32820	871.76815	-31.99383	156.46145	859.99714	-70.42612	194.35992	901.17663	-61.18669	103.85139	1115.99064	64.31552	955.22891	1095.32272	66.06426	384.37515	1063.78822	-74.15326	336.07705	1052.56903	124.74191	344.85266	1106.07121	-70.00463	648.19291	960.65657	86.05965	104.13306	1084.47989	-143.80285	445.69206	1046.46661	193.24281	470.42986	992.71701	-150.68280	258.14320	1023.97159	189.51674	230.93440	
510	5.090	992.01546	49.74051	979.02269	1017.86922	22.96241	795.86395	1096.42957	108.26691	647.82638	997.41073	45.82313	711.65711	1003.75479	-25.14115	712.25293	999.20542	127.05654	74.15775	1005.68840	57.82259	91.57321	1050.51886	93.91305	70.51860	1134.90441	-20.61551	363.28266	897.09493	-98.83265	142.42552	891.11088	-30.36148	156.76838	878.07522	-68.30524	194.68281	921.95831	-60.64394	105.68249	1124.12175	63.79592	956.45573	1097.30173	67.30933	384.37171	1080.62162	-73.39292	338.61959	1053.69001	125.73350	345.38443	1114.20912	-68.22288	649.42748	961.18258	85.53084	105.09683	1097.51970	-143.14522	448.78808	1049.58954	194.33807	471.01570	1009.62878	-149.63615	260.74442	1023.66213	189.96248	231.34344	
511	5.100	1000.18533	48.95829	980.54054	1025.18925	23.40339	797.08183	1102.65765	109.78763	648.78119	1004.46708	46.33739	712.68289	1011.32216	-24.45004	713.19454	999.40184	126.91089	74.81607	1006.57434	57.76295	92.40350	1050.96433	94.07827	70.81034	1151.70350	-20.31557	367.56150	916.74148	-97.28018	143.01842	911.19624	-28.56838	156.64420	896.75830	-66.03713	194.47491	943.58573	-59.87642	107.19194	1132.16753	63.24573	957.48197	1099.54888	68.54766	384.31300	1097.47604	-72.75982	341.41322	1055.09733	126.69433	345.87119	1122.23783	-66.50657	650.61581	961.81338	85.21904	106.09798	1110.46431	-142.62798	452.01607	1052.83695	195.37618	471.53177	1026.73807	-148.59540	263.22937	1023.73453	190.46829	231.75869	
512	5.110	1008.30647	48.26067	981.90706	1032.37459	23.87145	798.09999	1108.88064	111.21886	649.58551	1011.43184	46.78515	713.47732	1018.80401	-23.81116	713.91812	999.71041	126.95958	75.46338	1007.46106	57.88405	93.22372	1051.46189	94.35039	71.06988	1168.46228	-20.13665	372.10444	937.11415	-95.57162	143.15104	931.99312	-26.65330	156.12995	916.04912	-63.66440	193.77808	965.97412	-58.91546	108.40248	1140.14856	62.67494	958.28448	1102.04397	69.81097	384.18937	1114.36262	-72.20825	344.40431	1056.76895	127.66450	346.30898	1130.18399	-64.86113	651.69906	962.53844	85.16129	107.12100	1123.36806	-142.20311	455.30877	1056.20807	196.38709	471.98406	1044.07732	-147.54484	265.57118	1024.18140	191.07632	232.16473	
513	5.120	1016.39860	47.65505	983.10080	1039.45597	24.32962	798.91133	1115.11200	112.55867	650.25005	1018.31749	47.14222	714.04684	1026.21743	-23.25433	714.40467	1000.11612	127.20951	76.08531	1008.33064	58.19690	94.02779	1051.99864	94.74025	71.29481	1185.14099	-20.00159	376.86130	958.18294	-93.75566	142.88424	953.46755	-24.66161	155.27503	935.94441	-61.23629	192.64380	989.04557	-57.80267	109.35166	1148.08658	62.08964	958.84807	1104.75082	71.11488	383.99358	1131.28277	-71.68637	347.54470	1058.66905	128.67130	346.69530	1138.07071	-63.29132	652.62976	963.34283	85.36444	108.14777	1136.27303	-141.81872	458.60792	1059.70095	197.39199	472.37738	1061.67611	-146.46939	267.75921	1024.96676	191.80929	232.54782	
514	5.130	1024.48225	47.13924	984.10905	1046.46230	24.74398	799.51747	1121.36510	113.80500	650.78841	1025.13963	47.39293	714.40269	1033.57875	-22.80052	714.64398	1000.59855	127.64889	76.67068	1009.17002	58.69464	94.80993	1052.56111	95.24677	71.48428	1201.68741	-19.83051	381.78431	979.91965	-91.88571	142.28641	975.58143	-22.64204	154.13105	956.43443	-58.80708	191.12594	1012.73022	-56.58307	110.08425	1156.00399	61.49218	959.16558	1107.62394	72.46147	383.72198	1148.22359	-71.14001	350.79098	1060.75371	129.72949	347.03022	1145.91844	-61.80145	653.37317	964.20859	85.81115	109.16078	1149.20311	-141.42345	461.86351	1063.31260	198.40324	472.71611	1079.55849	-145.35566	269.79382	1026.03434	192.67232	232.89791	
515	5.140	1032.57833	46.70228	984.92717	1053.42067	25.08488	799.92758	1127.65364	114.95612	651.21607	1031.91758	47.52915	714.55952	1040.90473	-22.46252	714.63407	1001.13536	128.25299	77.21270	1009.97163	59.35779	95.56588	1053.13655	95.86000	71.63922	1218.03747	-19.54703	386.82456	1002.29792	-90.01481	141.42431	998.29041	-20.64302	152.74598	977.50219	-56.43381	189.27416	1036.96536	-55.29829	110.64442	1163.92343	60.88134	959.23754	1110.61567	73.84311	383.37504	1165.15497	-70.51649	354.10225	1062.97704	130.84290	347.31707	1153.74627	-60.39515	653.90732	965.11644	86.46777	110.14611	1162.16132	-140.97005	465.03178	1067.03894	199.42531	473.00502	1097.74059	-144.19267	271.67980	1027.31738	193.65658	233.21013	
516	5.150	1040.70760	46.32557	985.55746	1060.35662	25.32777	800.15664	1133.99190	116.01133	651.54934	1038.67457	47.54877	714.53370	1048.21375	-22.24617	714.37996	1001.70546	128.99021	77.70959	1010.73371	60.15979	96.29381	1053.71423	96.56442	71.76236	1234.11735	-19.08336	391.92765	1025.29129	-88.19071	140.35521	1021.54108	-18.70912	151.15928	999.12179	-54.17352	187.12865	1061.69229	-53.98063	111.06861	1171.86730	60.25285	959.07148	1113.68296	75.24657	382.95715	1182.02866	-69.76810	357.43681	1065.29697	132.00682	347.56257	1161.57363	-59.07492	654.22216	966.04785	87.29238	111.09551	1175.13086	-140.41794	468.07246	1070.87500	200.45628	473.24992	1116.22843	-142.97214	273.41945	1028.74861	194.74364	233.48539	
517	5.160	1048.89010	45.98433	986.00761	1067.29460	25.45344	800.22354	1140.39496	116.97168	651.80436	1045.43760	47.45397	714.34161	1055.52686	-22.15190	713.89205	1002.29171	129.82716	78.16457	1011.46031	61.07169	96.99474	1054.28650	97.34202	71.85807	1249.84673	-18.38384	397.02930	1048.86896	-86.45170	139.12112	1045.26760	-16.87802	149.39827	1021.25574	-52.07996	184.71668	1086.85116	-52.64911	111.37978	1179.85733	59.59990	958.68091	1116.79319	76.65660	382.47590	1198.77953	-68.85491	360.74843	1067.68056	133.21052	347.77626	1169.42173	-57.84159	654.31772	966.98693	88.24169	112.00749	1188.07948	-139.73460	470.94598	1074.81592	201.48964	473.45795	1135.01556	-141.68850	275.00669	1030.26888	195.90967	233.73016	
518	5.170	1057.14458	45.64922	986.28891	1074.25865	25.44806	800.14885	1146.87909	117.84068	651.99603	1052.23703	47.24956	713.99792	1062.86853	-22.17626	713.18406	1002.88251	130.73240	78.58550	1012.16077	62.06532	97.67248	1054.84947	98.17452	71.93194	1265.14308	-17.40682	402.05171	1072.98956	-84.82378	137.74532	1069.38782	-15.17826	147.47605	1043.85136	-50.20034	182.05129	1112.37419	-51.30787	111.58358	1187.91407	58.91379	958.08413	1119.92872	78.05849	381.94069	1215.32895	-67.74670	363.98282	1070.10834	134.43946	347.96939	1177.31491	-56.69372	654.20175	967.92229	89.27579	112.88746	1200.96638	-138.89577	473.61114	1078.85878	202.51592	473.63708	1154.08076	-140.33854	276.42290	1031.83382	197.12872	233.95546	
519	5.180	1065.48784	45.28795	986.41434	1081.27312	25.30296	799.95263	1153.46209	118.62468	652.13684	1059.10601	46.94163	713.51420	1070.26723	-22.31324	712.27116	1003.47230	131.67833	78.98414	1012.84889	63.11482	98.33321	1055.40315	99.04472	71.99027	1279.92665	-16.12477	406.90143	1097.59335	-83.31944	136.23153	1093.79932	-13.62809	145.39105	1066.83621	-48.57231	179.13214	1138.17806	-49.94719	111.66676	1196.05642	58.18469	957.30295	1123.08989	79.43947	381.36100	1231.58980	-66.42400	367.07504	1072.57755	135.67700	348.15316	1185.28139	-55.62727	653.88712	968.84843	90.36048	113.74696	1213.75021	-137.88478	476.02384	1083.00499	203.52409	473.79521	1173.38564	-138.92086	277.63530	1033.41789	198.37485	234.17527	
520	5.190	1073.93411	44.86698	986.39675	1088.36345	25.01429	799.65238	1160.16384	119.33294	652.23581	1066.07979	46.53676	712.89798	1077.75539	-22.55524	711.16833	1004.06124	132.64147	79.37535	1013.54183	64.19659	98.98473	1055.95118	99.93681	72.03946	1294.12564	-14.52327	411.46941	1122.59372	-81.93828	134.56544	1118.37565	-12.23558	143.12842	1090.11327	-47.22181	175.94822	1164.15603	-48.54692	111.59800	1204.30118	57.40236	956.36141	1126.29661	80.78908	380.74454	1247.47248	-64.87832	369.94849	1075.10406	136.90534	348.33657	1193.35339	-54.63549	653.38932	969.76679	91.46740	114.60242	1226.39670	-136.69130	478.13689	1087.26291	204.50253	473.93850	1192.87245	-137.43539	278.59786	1035.01607	199.62299	234.40452	
521	5.200	1082.49453	44.35320	986.24721	1095.55673	24.58283	799.26129	1167.00676	119.97719	652.29732	1073.19499	46.04179	712.15244	1085.36909	-22.89357	709.88940	1004.65427	133.60154	79.77621	1014.25899	65.28819	99.63573	1056.50018	100.83585	72.08541	1307.68106	-12.59926	415.63360	1147.86910	-80.66939	132.71817	1142.96319	-10.99995	140.66294	1113.55635	-46.16189	172.48222	1190.17105	-47.08181	111.33098	1212.66259	56.55690	955.28460	1129.58856	82.09875	380.09524	1262.89134	-63.11175	372.51605	1077.72307	138.10603	348.52412	1201.56659	-53.70918	652.72441	970.68617	92.57256	115.47374	1238.88455	-135.31008	479.90119	1091.65003	205.43959	474.06949	1212.46240	-135.88309	279.25452	1036.64357	200.84897	234.65701	
522	5.210	1091.17662	43.71554	985.97375	1102.88212	24.01382	798.78699	1174.01604	120.57088	652.32013	1080.48868	45.46422	711.27664	1093.14708	-23.31845	708.44683	1005.26009	134.53992	80.20535	1015.02104	66.36682	100.29508	1057.05895	101.72684	72.13303	1320.55079	-10.35940	419.26430	1173.25637	-79.49522	130.65139	1167.37934	-9.91404	137.96356	1137.00660	-45.39307	168.71594	1216.05060	-45.52808	110.80949	1221.15193	55.63956	954.09772	1133.02428	83.36080	379.41138	1277.77060	-61.13638	374.68354	1080.48847	139.26000	348.71341	1209.95870	-52.83734	651.90765	971.62288	93.65406	116.38288	1251.20848	-133.73993	481.26803	1096.19449	206.32375	474.18495	1232.05469	-134.26608	279.54450	1038.33421	202.02890	234.94339	
523	5.220	1099.98401	42.92648	985.58062	1110.37069	23.31700	798.23101	1181.21950	121.12798	652.29670	1087.99725	44.81305	710.26647	1101.12924	-23.81861	706.85240	1005.89061	135.43804	80.68234	1015.84946	67.40809	100.97135	1057.63787	102.59350	72.18595	1332.71245	-7.81891	422.23197	1198.54722	-78.39652	128.32351	1191.41264	-8.96754	134.99902	1160.27094	-44.90494	164.63634	1241.58450	-43.87019	109.97423	1229.77714	54.64341	952.82527	1136.67932	84.56740	378.68404	1292.04910	-58.97356	376.35544	1083.47129	140.34738	348.89306	1218.56748	-52.00814	650.95295	972.60070	94.68992	117.35288	1263.37888	-131.98356	482.19225	1100.93548	207.14352	474.27401	1251.52675	-132.58843	279.40876	1040.13816	203.13850	235.26945	
524	5.230	1108.91627	41.96362	985.06817	1118.05496	22.50693	797.58891	1188.64691	121.66161	652.21278	1095.75509	44.09990	709.11611	1109.35446	-24.38072	705.11866	1006.56113	136.27626	81.22732	1016.76653	68.38553	101.67272	1058.24861	103.41741	72.24650	1344.16463	-5.00160	424.41710	1223.48848	-77.35766	125.69652	1214.82540	-8.15061	131.74434	1183.12350	-44.67909	160.24164	1266.52643	-42.10690	108.77068	1238.54263	53.56407	951.49067	1140.64370	85.70956	377.89591	1305.68327	-56.65346	377.44262	1086.75738	141.34734	349.04122	1227.42808	-51.21018	649.87325	973.65084	95.65674	118.40727	1275.41809	-130.04825	482.63595	1105.92252	207.88713	474.31674	1270.73585	-130.85744	278.79706	1042.11978	204.15276	235.63483	
525	5.240	1117.96896	40.81097	984.43331	1125.96765	21.60321	796.85131	1196.32866	122.18255	652.04760	1103.79294	43.34019	707.81993	1117.85799	-24.98858	703.26099	1007.29153	137.03370	81.86082	1017.79597	69.27106	102.40720	1058.90450	104.17753	72.31612	1354.92635	-1.94100	425.72115	1247.78754	-76.37147	122.74292	1237.35957	-7.45730	128.18734	1205.31049	-44.69274	155.54683	1290.59984	-40.25569	107.15727	1247.44904	52.40035	950.11602	1145.01868	86.77626	377.02093	1318.64783	-54.21486	377.87109	1090.44443	142.23806	349.12479	1236.57005	-50.43392	648.68163	974.81221	96.52963	119.56987	1287.35392	-127.94765	482.57237	1111.21370	208.54211	474.28355	1289.52241	-129.08553	277.67473	1044.35603	205.04613	236.03221	
526	5.250	1127.13385	39.46038	983.67071	1134.14001	20.63090	796.00571	1204.29390	122.69777	651.77471	1112.13603	42.55404	706.37465	1126.66844	-25.62257	701.29999	1008.10845	137.68897	82.60386	1018.96409	70.03663	103.18329	1059.62157	104.85051	72.39612	1365.03467	1.31753	426.07745	1271.12308	-75.44302	119.45215	1258.74597	-6.88825	124.33480	1226.55921	-44.92266	150.58805	1313.50863	-38.35478	105.11308	1256.49320	51.15475	948.72222	1149.91308	87.75403	376.02467	1330.93443	-51.70522	377.59102	1094.63860	142.99691	349.09987	1246.01422	-49.67315	647.39319	976.13215	97.28359	120.86485	1299.21157	-125.70422	481.98973	1116.87304	209.09481	474.13576	1307.71509	-127.29222	276.02843	1046.93559	205.79333	236.44717	
527	5.260	1136.39931	37.91257	982.77452	1142.59961	19.62061	795.03892	1212.56820	123.20911	651.36358	1120.80205	41.76674	704.78154	1135.80467	-26.25934	699.26376	1009.04819	138.22191	83.47811	1020.30140	70.65649	104.01091	1060.42044	105.41172	72.48887	1374.54060	4.71413	425.46084	1293.16124	-74.59127	115.83602	1278.71700	-6.45213	120.21709	1246.59100	-45.34843	145.42508	1334.95220	-36.46219	102.64411	1265.66818	49.83394	947.32928	1155.43894	88.62653	374.86606	1342.54827	-49.18081	376.58479	1099.45061	143.60090	348.91351	1255.76976	-48.92638	646.02712	977.66735	97.89606	122.31704	1311.00528	-123.35229	480.89464	1122.96759	209.53008	473.82734	1325.13744	-125.50605	273.87020	1049.95842	206.37073	236.85871	
528	5.270	1145.75082	36.17813	981.74050	1151.36781	18.60828	793.94009	1221.17117	123.71238	650.78194	1129.79924	41.00840	703.04851	1145.27297	-26.87211	697.18971	1010.15990	138.61590	84.50622	1021.84447	71.11001	104.90251	1061.32868	105.83696	72.59928	1383.50356	8.17222	423.89452	1313.57624	-73.84846	111.93220	1297.02216	-6.16541	115.89077	1265.13756	-45.95474	140.14161	1354.64427	-34.65175	99.78712	1274.96344	48.44897	945.95676	1161.70670	89.37456	373.50026	1353.50332	-46.70669	374.87287	1104.99147	144.02723	348.50699	1265.83180	-48.19802	644.60886	979.48492	98.35010	123.95203	1322.73092	-120.94065	479.31487	1129.56428	209.83101	473.30809	1341.61597	-123.76585	271.23931	1053.53518	206.75809	237.24049	
529	5.280	1155.17156	34.27805	980.56830	1160.45718	17.63452	792.70380	1230.11416	124.19672	649.99888	1139.12475	40.31296	701.19191	1155.06480	-27.43145	695.12553	1011.50829	138.86034	85.71210	1023.63788	71.38425	105.87413	1062.38365	106.10467	72.73641	1391.98490	11.59732	421.45310	1332.07393	-73.25674	107.80521	1313.44543	-6.05057	111.43832	1281.95955	-46.73209	134.84255	1372.33380	-33.00643	96.61019	1284.36503	47.01537	944.62435	1168.81975	89.97601	371.88306	1363.81674	-44.35617	372.51663	1111.36774	144.25421	347.82057	1276.17981	-47.49918	643.17175	981.66311	98.63756	125.79616	1334.36108	-118.53446	477.30106	1136.72705	209.97889	472.52796	1356.98901	-122.12092	268.20155	1057.78581	206.94014	237.56300	
530	5.290	1164.64297	32.24387	979.26376	1169.86921	16.74317	791.33304	1239.39843	124.64457	648.98843	1148.76357	39.71616	699.23770	1165.15561	-27.90688	693.12893	1013.17531	138.95277	87.12108	1025.73600	71.47593	106.94618	1063.63521	106.19834	72.91506	1400.04102	14.87797	418.26098	1348.41594	-72.86275	103.54441	1327.82260	-6.13263	106.96456	1296.86541	-47.67587	129.64858	1387.82613	-31.60964	93.20964	1293.85601	45.55300	943.35235	1176.86860	90.40602	369.97649	1373.50340	-42.20937	369.61731	1118.67645	144.26205	346.79957	1286.77718	-46.84789	641.75794	984.29114	98.76143	127.87598	1345.84327	-116.21519	474.92705	1144.51435	209.95362	471.44247	1371.11574	-120.62988	264.84595	1062.83623	206.90783	237.79663	
531	5.300	1174.14534	30.11727	977.84069	1179.59257	15.97922	789.84162	1249.01405	125.03223	647.73340	1158.68832	39.25287	697.22200	1175.50487	-28.26899	691.26603	1015.25998	138.90009	88.75966	1028.20430	71.39243	108.14354	1065.14802	106.10882	73.15684	1407.71682	17.88917	414.48561	1362.44154	-72.71065	99.25864	1340.05658	-6.43486	102.58998	1309.72824	-48.78420	124.68781	1401.00166	-30.53564	89.70314	1303.41676	44.08561	942.16215	1185.92484	90.63731	367.75538	1382.57110	-40.35078	366.31086	1126.99989	144.03393	345.40146	1297.57200	-46.26884	640.41814	987.46777	98.73659	130.21714	1357.10180	-114.07846	472.28812	1152.97695	209.73454	470.01868	1383.88457	-119.35803	261.27921	1068.81283	206.65891	237.91562	
532	5.310	1183.65828	27.94892	976.32221	1189.60225	15.38613	788.25569	1258.93955	125.33095	646.22914	1168.86000	38.95382	695.19087	1186.05767	-28.49209	689.60845	1017.87601	138.71853	90.65480	1031.11993	71.15132	109.49474	1067.00297	105.83627	73.49062	1415.04035	20.49860	410.32596	1374.08414	-72.83497	95.06783	1350.12831	-6.97423	98.44122	1320.49829	-50.05494	120.08557	1411.82928	-29.84056	86.21969	1313.02555	42.64018	941.07640	1196.03546	90.64087	365.21420	1391.01746	-38.86561	362.75894	1136.40029	143.55698	343.60302	1308.49923	-45.79224	639.21011	991.29823	98.58869	132.84251	1368.04305	-112.22907	469.49712	1162.15609	209.30173	468.24131	1395.21990	-118.37312	257.61826	1075.83433	206.19761	237.90271	
533	5.320	1193.16117	25.79675	974.74113	1199.85979	15.00255	786.61404	1269.14255	125.50863	644.48664	1179.22971	38.84208	693.19909	1196.74768	-28.55703	688.22912	1021.14682	138.43223	92.83242	1034.57132	70.77862	111.03002	1069.29736	105.39137	73.95198	1422.01925	22.57549	405.99723	1383.37938	-73.25455	91.09253	1358.10121	-7.75736	94.64003	1329.20877	-51.48277	115.95329	1420.37226	-29.55541	82.88784	1322.65904	41.24593	940.11907	1207.21798	90.38716	362.37341	1398.82866	-37.83505	359.13678	1146.91516	142.82338	341.40708	1319.48406	-45.45219	638.19578	995.88953	98.35087	135.76963	1378.56335	-110.77372	466.67797	1172.08142	208.63785	466.11821	1405.08638	-117.74016	253.98184	1084.00156	205.53363	237.75413	
534	5.330	1202.63355	23.72333	973.13942	1210.31466	14.85894	784.96709	1279.58111	125.53196	642.53473	1189.74136	38.92983	691.30821	1207.50138	-28.45401	687.19733	1025.19857	138.07037	95.31510	1038.65660	70.30581	112.77806	1072.14366	104.79558	74.58138	1428.63979	24.00122	401.71336	1390.46305	-73.96864	87.44254	1364.11776	-8.77793	91.29199	1335.97358	-53.05673	112.37818	1426.78475	-29.68230	79.82356	1332.29287	39.93318	939.31501	1219.45726	89.84807	359.28416	1405.98058	-37.33066	355.61920	1158.55334	141.83142	338.84760	1330.44622	-45.28429	637.43728	1001.34436	98.05859	139.00740	1388.55843	-109.81183	463.95717	1182.76882	207.73030	463.68467	1413.49008	-117.51550	250.48200	1093.38633	204.68063	237.48424	
535	5.340	1212.05544	21.79281	971.56674	1220.90668	14.97425	783.37456	1290.20579	125.36894	640.42082	1200.33489	39.21562	689.58368	1218.24295	-28.18476	686.57349	1030.15165	137.66323	98.11882	1043.48098	69.76587	114.76158	1075.66680	104.08040	75.42095	1434.86877	24.68060	397.66941	1395.55813	-74.95592	84.20669	1368.38821	-10.01568	88.47678	1340.97675	-54.75884	109.41523	1431.29890	-30.19443	77.11983	1341.90231	38.73192	938.68936	1232.70439	88.99983	356.03046	1412.44205	-37.40852	352.36647	1171.29240	140.58666	335.99230	1341.30489	-45.32289	636.99222	1007.75441	97.74336	142.55225	1397.93316	-109.42581	461.45386	1194.21791	206.57349	461.00564	1420.47622	-117.74111	247.21637	1104.02079	203.65454	237.12916	
536	5.350	1221.40779	20.06723	970.07804	1231.56942	15.35335	781.90194	1300.96217	124.99148	638.20997	1210.94977	39.68291	688.09144	1228.89942	-27.76397	686.40413	1036.11203	137.23762	101.24899	1049.15314	69.18892	116.99225	1080.00013	103.28534	76.51012	1440.65828	24.55224	394.02623	1398.95249	-76.17632	81.44510	1371.17257	-11.43713	86.24140	1344.45486	-56.56359	107.08285	1434.20385	-31.03985	74.83947	1351.46294	37.67036	938.26651	1246.87837	87.82674	352.72790	1418.18006	-38.10362	349.51170	1185.07770	139.10294	332.94204	1351.98359	-45.59822	636.90875	1015.19398	97.42609	146.38417	1406.61018	-109.67211	459.26993	1206.40927	205.17103	458.17534	1426.12387	-118.43969	244.26213	1115.88945	202.47228	236.74819	
537	5.360	1230.67286	18.60271	968.73053	1242.23401	15.98532	780.61616	1311.79348	124.37797	635.98216	1221.52829	40.30009	686.89401	1239.40537	-27.21928	686.71789	1043.16392	136.81241	104.69595	1055.78111	68.59793	119.46537	1085.28038	102.45477	77.88029	1445.95275	23.59647	390.89937	1400.97063	-77.57513	79.18553	1372.75849	-12.99773	84.59735	1346.67501	-58.43820	105.36307	1435.81966	-32.14791	73.01203	1360.95130	36.77341	938.06888	1261.87048	86.32549	349.51854	1423.16598	-39.42528	347.15154	1199.82354	137.40319	329.82651	1362.41471	-46.13348	637.22104	1023.71507	97.11145	150.46307	1414.53655	-110.57447	457.48137	1219.30179	203.53727	455.31370	1430.53833	-119.61134	241.67221	1128.92549	201.15112	236.42228	
538	5.370	1239.83476	17.44570	967.58025	1252.83313	16.84316	779.58082	1322.64335	123.51555	633.82778	1232.01833	41.02223	686.04651	1249.70653	-26.58984	687.52287	1051.36485	136.39472	108.43058	1063.46789	68.00508	122.15537	1091.64203	101.63373	79.54917	1450.69756	21.83934	388.35382	1401.94384	-79.08823	77.42395	1373.43820	-14.64471	83.52217	1347.91172	-60.34331	104.20603	1436.47016	-33.43714	71.63486	1370.34562	36.06131	938.11543	1277.55120	84.50953	346.56221	1427.38216	-41.35424	345.34123	1215.41649	135.51992	326.79636	1372.54305	-46.94257	637.94582	1033.34480	96.78410	154.72606	1421.68776	-112.12046	456.13252	1232.83075	201.69832	452.55963	1433.84232	-121.23219	239.47404	1143.01253	199.70875	236.24882	
539	5.380	1248.87991	16.62967	966.67850	1263.30463	17.88499	778.85146	1333.45820	122.40175	631.84171	1242.37526	41.79468	685.59282	1259.76209	-25.92335	688.80570	1060.74445	135.97758	112.40065	1072.30732	67.40950	125.01292	1099.21148	100.86313	81.51569	1454.84809	19.35187	386.40496	1402.18327	-80.64762	76.12919	1373.48785	-16.32046	82.96478	1348.42620	-62.23402	103.53804	1436.45858	-34.82311	70.67788	1379.62644	35.54844	938.42013	1293.77891	82.41276	344.02482	1430.82794	-43.84212	344.09446	1231.72101	133.49507	324.01234	1382.32814	-48.02832	639.08034	1044.08593	96.40800	159.08646	1428.06852	-114.26192	455.23388	1246.90733	199.69192	450.06138	1436.16757	-123.25529	237.67092	1157.99260	198.16389	236.33264	
540	5.390	1257.79760	16.17251	966.06855	1273.59454	19.05674	778.47144	1344.18938	121.04551	630.11648	1252.56299	42.55811	685.56217	1269.54535	-25.27174	690.53230	1071.30686	135.53936	116.52872	1082.38026	66.79659	127.96473	1108.10152	100.17479	83.75623	1458.37798	16.24427	385.02523	1401.95944	-82.18641	75.25047	1373.15149	-17.96598	82.85369	1348.45041	-64.06143	103.27192	1436.04896	-36.22541	70.09079	1388.77719	35.24237	938.99054	1310.40946	80.09159	342.06529	1433.52440	-46.81331	343.38775	1248.58673	131.37920	321.63266	1391.74528	-49.38175	640.60225	1055.92022	95.92910	163.43511	1433.71087	-116.91917	454.76383	1261.42019	197.56656	447.96468	1437.64782	-125.61371	236.24564	1173.67950	196.53704	236.77395	
541	5.400	1266.58048	16.07496	965.78279	1283.65904	20.29614	778.46861	1354.79474	119.46724	628.73513	1262.55409	43.25449	685.96656	1279.04288	-24.68597	692.65026	1083.03634	135.04557	120.71256	1093.75120	66.13960	130.91646	1118.40624	99.58712	86.22329	1461.28588	12.65612	384.15483	1401.49019	-83.64326	74.72616	1372.63098	-19.52453	83.10653	1348.17749	-65.77499	103.31760	1435.45488	-37.57309	69.81129	1397.78468	35.14345	939.82649	1327.30551	77.62475	340.82250	1435.51715	-50.16941	343.16817	1265.85721	129.22973	319.79992	1400.78503	-50.98220	642.47112	1068.81412	95.28159	167.64467	1438.66983	-119.98827	454.67393	1276.23955	195.37961	446.40012	1438.41421	-128.22535	235.16560	1189.87618	194.85084	237.65446	
542	5.410	1275.22482	16.32026	965.84069	1293.46546	21.53758	778.85327	1365.23974	117.69811	627.76462	1272.32923	43.83317	686.79912	1288.25245	-24.21077	695.09237	1095.90480	134.45279	124.82859	1106.46554	65.40311	133.75917	1130.19680	99.10225	88.84696	1463.59961	8.74353	383.71405	1400.93702	-84.96611	74.49225	1372.08199	-20.94527	83.63941	1347.75849	-67.32587	103.59165	1434.83575	-38.80857	69.77310	1406.63944	35.24463	940.91915	1344.34450	75.10998	340.40412	1436.87680	-53.79590	343.36289	1283.37930	127.10838	318.62926	1409.45172	-52.79839	644.63163	1082.72548	94.39691	171.57678	1443.01786	-123.35032	454.89665	1291.22396	193.19462	445.47103	1438.59302	-130.99914	234.38869	1206.39368	193.12992	239.02423	
543	5.420	1283.73072	16.87510	966.24752	1302.99221	22.71733	779.61744	1375.49798	115.77846	627.25047	1281.87613	44.25629	688.03354	1297.18017	-23.87987	697.78086	1109.87952	133.71443	128.73881	1120.54727	64.54843	136.37862	1143.51815	98.70525	91.53969	1465.37750	4.66543	383.61532	1400.40879	-86.11509	74.48908	1371.61523	-22.18696	84.37478	1347.30453	-68.67121	104.02425	1434.29948	-39.89008	69.91270	1415.33594	35.53184	942.25053	1361.42463	72.65779	340.87857	1437.69715	-57.57015	343.88895	1301.01244	125.07773	318.19918	1417.76095	-54.79030	647.01775	1097.61011	93.21438	175.09205	1446.83877	-126.88130	455.35442	1306.22914	191.07792	445.24365	1438.30543	-133.84170	233.86898	1223.06902	191.40002	240.89145	
544	5.430	1292.10199	17.69175	966.99414	1312.22793	23.77860	780.73547	1385.55122	113.75552	627.21317	1291.18827	44.50270	689.62489	1305.83740	-23.71246	700.63192	1124.92956	132.78773	132.30071	1135.99759	63.53993	138.66651	1158.38693	98.36597	94.20374	1466.70653	0.57076	383.77287	1399.97046	-87.06476	74.66566	1371.30141	-23.22101	85.24696	1346.89251	-69.77858	104.56304	1433.90976	-40.79263	70.17406	1423.87256	35.98474	943.79348	1378.46813	70.38235	342.27112	1438.09108	-61.37016	344.66202	1318.63695	123.19714	318.54611	1425.73667	-56.91156	649.55762	1113.42680	91.69166	178.06162	1450.22223	-130.46131	455.96852	1321.11844	189.09452	445.74085	1437.66839	-136.66394	233.56145	1239.77956	189.68680	243.21771	
545	5.440	1300.34583	18.71136	968.05768	1321.16998	24.67585	782.16595	1395.38902	111.68067	627.64681	1300.26359	44.56984	691.51147	1314.23778	-23.71137	703.56000	1141.02954	131.64087	135.37950	1152.79435	62.35149	140.53183	1174.79070	98.04345	96.74060	1467.69736	-3.41186	384.10927	1399.65418	-87.80513	74.98139	1371.17849	-24.03371	86.20487	1346.57272	-70.62979	105.17375	1433.69576	-41.50771	70.51141	1432.25149	36.57785	945.51236	1395.42189	68.39067	344.56430	1438.18463	-65.08273	345.60307	1336.16058	121.51843	319.66340	1433.40820	-59.11227	652.17836	1130.14022	89.81325	180.37894	1453.25913	-133.98213	456.66660	1335.77324	187.30363	446.94037	1436.79560	-139.38670	233.42533	1256.45217	188.01459	245.92013	
546	5.450	1308.47230	19.86796	969.40304	1329.82265	25.37797	783.85459	1405.00800	109.60636	628.51995	1309.10340	44.47347	693.61790	1322.39499	-23.86312	706.48177	1158.16053	130.25929	137.86088	1170.89276	60.97206	141.91071	1192.68863	97.69238	99.06100	1468.47674	-7.18077	384.55881	1399.47057	-88.34136	75.40556	1371.25954	-24.62688	87.21226	1346.37629	-71.22327	105.83814	1433.66242	-42.04167	70.88991	1440.47835	37.28193	947.36416	1412.25543	66.77130	347.70226	1438.10980	-68.61033	346.64275	1353.52247	120.08163	321.50451	1440.80740	-61.34181	654.81050	1147.72143	87.59549	181.97003	1456.03803	-137.35257	457.38809	1350.10225	185.75394	448.77779	1435.79755	-141.94505	233.42587	1273.06622	186.40560	248.88033	
547	5.460	1316.49361	21.09302	970.98519	1338.19531	25.87011	785.73788	1414.41096	107.58298	629.77861	1317.71157	44.24537	695.85910	1330.32130	-24.13976	709.31939	1176.30822	128.65008	139.66271	1190.22727	59.40934	142.77302	1212.01359	97.27059	101.09406	1469.17797	-10.66411	385.06818	1399.41818	-88.69191	75.91545	1371.54025	-25.01669	88.24587	1346.32142	-71.57412	106.55016	1433.79956	-42.41298	71.28508	1448.56176	38.06557	949.30019	1428.95692	65.58430	351.59815	1437.99663	-71.87585	347.72364	1370.69414	118.91135	323.99008	1447.96641	-63.55162	657.39168	1166.14631	85.08741	182.80054	1458.64247	-140.50137	458.08706	1364.04825	184.47944	451.15378	1434.78002	-144.29076	233.53467	1289.65050	184.87943	251.95914	
548	5.470	1324.42334	22.32004	972.75185	1346.30075	26.15392	787.74711	1423.60597	105.65591	631.35101	1326.09407	43.92940	698.14499	1338.02720	-24.50209	712.00327	1195.45927	126.84397	140.74366	1210.71448	57.69117	143.12473	1232.67558	96.74633	102.79436	1469.93042	-13.81888	385.59543	1399.49009	-88.88527	76.49381	1372.00516	-25.23081	89.29237	1346.41769	-71.71182	107.31129	1434.08912	-42.64855	71.68106	1456.51279	38.89689	951.26824	1445.52762	64.85382	356.14337	1437.96543	-74.82501	348.80063	1387.67718	118.01432	327.01749	1454.91599	-65.69759	659.86934	1185.39258	82.36737	182.87856	1461.14910	-143.37776	458.73268	1377.59129	183.49618	453.94470	1433.84095	-146.39298	233.72900	1306.27479	183.45305	255.01435	
549	5.480	1332.27554	23.48891	974.64647	1354.15394	26.24644	789.81252	1432.60552	103.86292	633.15351	1334.25897	43.57657	700.38549	1345.52183	-24.90390	714.47406	1215.59677	124.89448	141.10738	1232.25678	55.86440	143.00592	1254.56612	96.10409	104.14584	1470.84936	-16.62727	386.10819	1399.67768	-88.95562	77.12641	1372.63244	-25.30412	90.34483	1346.66829	-71.67589	108.12591	1434.51005	-42.77959	72.06863	1464.34430	39.74515	953.21489	1461.97574	64.56459	361.21728	1438.11969	-77.42640	349.84017	1404.49796	117.37843	330.47166	1461.68459	-67.74200	662.20233	1205.43605	79.53624	182.25258	1463.62619	-145.95034	459.30778	1390.74803	182.80053	457.01489	1433.06598	-148.23722	233.99051	1323.03756	182.14077	257.91837	
550	5.490	1340.06402	24.54963	976.61132	1361.77111	26.17768	791.86709	1441.42584	102.23221	635.09706	1342.21668	43.23976	702.49560	1352.81424	-25.29644	716.68412	1236.69598	122.87436	140.80159	1254.74621	53.99140	142.48475	1277.56329	95.34789	105.16222	1472.02721	-19.09131	386.58171	1399.97170	-88.93810	77.80019	1373.39706	-25.27375	91.39941	1347.07072	-71.51026	108.99762	1435.04096	-42.83744	72.44312	1472.07034	40.58229	955.08798	1478.31014	64.66268	366.69613	1438.54046	-79.66966	350.81887	1421.19982	116.97352	334.23570	1468.29803	-69.65489	664.36161	1226.24689	76.70850	181.00509	1466.13230	-148.20472	459.80610	1403.56723	182.36946	460.22924	1432.52365	-149.82301	234.30369	1340.05121	180.95413	260.57289	
551	5.500	1347.80166	25.46512	978.59025	1369.16938	25.98742	793.84991	1450.08641	100.78112	637.09364	1349.98055	42.96881	704.39998	1359.91494	-25.63282	718.59840	1258.72083	120.86986	139.91213	1278.06809	52.14492	141.64855	1301.53667	94.50157	105.88376	1473.52725	-21.22703	386.99730	1400.36183	-88.86449	78.50231	1374.27291	-25.17433	92.45279	1347.61664	-71.25739	109.92670	1435.66123	-42.85003	72.80272	1479.70561	41.38422	956.83901	1494.53480	65.06050	372.46023	1439.28259	-81.56245	351.72183	1437.83376	116.75386	338.19993	1474.77973	-71.41476	666.32993	1247.78648	74.00256	179.24271	1468.71508	-150.14066	460.22902	1416.12226	182.16278	463.46444	1432.26116	-151.16087	234.65463	1357.42667	179.90166	262.91792	
552	5.510	1355.49994	26.21303	980.53113	1376.36673	25.72149	795.70867	1458.60969	99.51565	639.06199	1357.56755	42.80643	706.03685	1366.83752	-25.87172	720.19471	1281.62172	118.97333	138.55290	1302.10407	50.40164	140.59350	1326.35182	93.60595	106.37113	1475.38066	-23.05917	387.34116	1400.83546	-88.75976	79.21993	1375.23385	-25.03405	93.50066	1348.29152	-70.95328	110.90895	1436.35092	-42.83919	73.14704	1487.26492	42.13181	958.42526	1510.64435	65.64539	378.39876	1440.37318	-83.12669	352.54111	1454.44861	116.66214	342.26842	1481.15122	-73.00872	668.10090	1270.00509	71.53140	177.08451	1471.41030	-151.76921	460.58243	1428.50156	182.12701	466.61761	1432.30160	-152.26895	235.03019	1375.25910	178.98843	264.93426	
553	5.520	1363.16864	26.78636	982.38781	1383.38221	25.42786	797.40146	1467.02092	98.43082	640.93214	1364.99901	42.78522	707.36067	1373.60003	-25.98007	721.46349	1305.33434	117.27512	136.85319	1326.73421	48.83551	139.41414	1351.87355	92.71335	106.69707	1477.58693	-24.61710	387.60383	1401.37680	-88.64026	79.94071	1376.25453	-24.87228	94.53718	1349.07482	-70.62397	111.93583	1437.09050	-42.81938	73.47632	1494.76289	42.81158	959.81147	1526.62112	66.29055	384.41200	1441.81253	-84.39482	353.27440	1471.08189	116.63436	346.36235	1487.43288	-74.43212	669.67739	1292.84071	69.39445	174.65002	1474.24131	-153.11017	460.87420	1440.79822	182.20053	469.61163	1432.64358	-153.17001	235.41779	1393.61610	178.21574	266.63927	
554	5.530	1370.81582	27.19301	984.12142	1390.23644	25.15317	798.89747	1475.34798	97.51176	642.64845	1372.30122	42.92617	708.34357	1380.22576	-25.93478	722.40688	1329.77933	115.85550	134.94422	1351.83810	47.51120	138.19415	1377.96783	91.88031	106.93698	1480.11773	-25.93207	387.77983	1401.96670	-88.51343	80.65365	1377.31091	-24.69888	95.55537	1349.94106	-70.28432	112.99546	1437.86050	-42.79753	73.79087	1502.21364	43.41594	960.97111	1542.43395	66.86697	390.41116	1443.57724	-85.40624	353.92406	1487.75226	116.60527	350.42018	1493.64470	-75.68770	671.06972	1316.21861	67.67107	172.04850	1477.21932	-154.18990	461.11243	1453.09988	182.31913	472.39684	1433.26321	-153.88886	235.80573	1412.52946	177.58069	268.07751	
555	5.540	1378.44793	27.45436	985.70104	1396.95206	24.93968	800.17700	1483.62114	96.73544	644.17106	1379.50572	43.23835	708.97523	1386.74348	-25.72321	723.03733	1354.86222	114.77729	132.94661	1377.29474	46.47854	136.99918	1404.50196	91.15963	107.15960	1482.92360	-27.03591	387.86757	1402.58360	-88.37910	81.35006	1378.38099	-24.51519	96.54809	1350.86177	-69.93871	114.07440	1438.64170	-42.77418	74.09095	1509.63070	43.94317	961.88696	1558.03875	67.25506	396.31640	1445.62553	-86.20428	354.49626	1504.45435	116.51346	354.39497	1499.80696	-76.78453	672.29355	1340.05154	66.41579	169.37068	1480.34466	-155.03966	461.30453	1465.48007	182.42138	474.94907	1434.11861	-154.45064	236.18390	1431.99084	177.07603	269.30806	
556	5.550	1386.07004	27.60297	987.10377	1403.55421	24.82302	801.23055	1491.87286	96.07283	645.47563	1386.64929	43.71980	709.26145	1393.18699	-25.34273	723.37561	1380.47329	114.08004	130.96017	1402.98153	45.76803	135.87224	1431.34312	90.59271	107.41873	1485.94259	-27.96041	387.86927	1403.20530	-88.23186	82.02435	1379.44565	-24.31629	97.50932	1351.80822	-69.58337	115.15960	1439.41581	-42.74530	74.37675	1517.02700	44.39702	962.55123	1573.38072	67.35457	402.05361	1447.90402	-86.83347	355.00034	1521.15638	116.30577	358.24951	1505.94079	-77.73677	673.36781	1364.24014	65.65526	166.68358	1483.60928	-155.69392	461.45702	1477.99168	182.45310	477.26473	1435.15623	-154.87968	236.54465	1451.95113	176.68992	270.39113	
557	5.560	1393.68626	27.67989	988.31422	1410.07089	24.83073	802.05733	1500.13730	95.49126	646.55175	1393.77346	44.35935	709.22143	1399.59416	-24.79942	723.44857	1406.48698	113.77599	129.05691	1428.77235	45.38803	134.83184	1458.35566	90.20335	107.74694	1489.10991	-28.73731	387.79061	1403.81133	-88.06389	82.67460	1380.48979	-24.09388	98.43543	1352.75439	-69.20974	116.24041	1440.16659	-42.70450	74.64855	1524.41487	44.78604	962.96509	1588.39786	67.09188	407.55084	1450.35552	-87.33726	355.44806	1537.80074	115.94037	361.95028	1512.06848	-78.56239	674.31271	1388.67309	65.38673	164.02843	1486.99991	-156.18899	461.57572	1490.66296	182.37063	479.35365	1436.31833	-155.19893	236.88360	1472.32294	176.40572	271.37592	
558	5.570	1401.30013	27.73146	989.32359	1416.53323	24.98164	802.66338	1508.44980	94.95690	647.40027	1400.92356	45.13888	708.88439	1406.00575	-24.10629	723.28662	1432.76082	113.84830	127.27758	1454.53495	45.32336	133.87246	1485.39739	89.99345	108.15163	1492.36746	-29.39810	387.64021	1404.38536	-87.86784	83.30273	1381.50348	-23.83939	99.32625	1353.68002	-68.80794	117.31025	1440.88127	-42.64523	74.90691	1531.80615	45.12277	963.13772	1603.02540	66.42396	412.73513	1452.92699	-87.75592	355.85275	1554.30731	115.38853	365.46132	1518.21376	-79.28186	675.14795	1413.22676	65.57820	161.42157	1490.50190	-156.56146	461.66612	1503.49629	182.14247	481.23092	1437.55064	-155.42971	237.20006	1492.98533	176.20175	272.29151	
559	5.580	1408.91500	27.80623	990.12835	1422.97550	25.28594	803.05935	1516.84619	94.43703	648.03009	1408.14747	46.03587	708.28568	1412.46404	-23.28124	722.92131	1459.13405	114.25157	125.63148	1480.12817	45.53573	132.96707	1512.31578	89.94139	108.61384	1495.67233	-29.97368	387.42861	1404.91735	-87.63915	83.91441	1382.48322	-23.54649	100.18564	1354.57308	-68.36977	118.36786	1441.55195	-42.56267	75.15276	1539.21223	45.42273	963.08515	1617.20041	65.33885	417.53031	1455.57709	-88.12474	356.22817	1570.57884	114.63482	368.73918	1524.40179	-79.91705	675.89110	1437.76437	66.17009	158.85742	1494.10297	-156.84668	461.73361	1516.46963	181.74958	482.90887	1438.80927	-155.59163	237.49717	1513.78990	176.05103	273.14147	
560	5.590	1416.53437	27.95193	990.72890	1429.43505	25.74580	803.25847	1525.36193	93.90204	648.45483	1415.49399	47.02579	707.46321	1419.01161	-22.34505	722.38326	1485.42627	114.91464	124.09913	1505.39920	45.96564	132.07111	1538.94440	90.00286	109.08968	1499.00334	-30.49352	387.16697	1405.40505	-87.37747	84.51859	1383.43291	-23.21298	101.02163	1355.43159	-67.89082	119.41800	1442.17694	-42.45506	75.38753	1546.64414	45.70349	962.82872	1630.86618	63.85293	421.85639	1458.28228	-88.47245	356.58720	1586.50792	113.67600	371.72965	1530.65914	-80.49017	676.55631	1462.13469	67.07857	156.31296	1497.79677	-157.07733	461.78349	1529.54012	181.18425	484.39033	1440.06627	-155.70248	237.78143	1534.56754	175.92135	273.90246	
561	5.600	1424.16211	28.21284	991.12808	1435.95204	26.35631	803.27453	1534.03118	93.32709	648.68980	1423.01114	48.08407	706.45433	1425.69029	-21.31965	721.70045	1511.43680	115.74549	122.63692	1530.18148	46.53595	131.12743	1565.10068	90.11440	109.51408	1502.36508	-30.98462	386.86550	1405.85478	-87.08727	85.12683	1384.36454	-22.84160	101.84608	1356.26463	-67.37159	120.47147	1442.76167	-42.32448	75.61307	1554.11246	45.98359	962.39362	1643.97565	62.00543	425.63062	1461.04104	-88.82009	356.94038	1601.98448	112.51909	374.36718	1537.01355	-81.02278	677.15331	1486.17069	68.20055	153.75293	1501.58548	-157.28206	461.82066	1542.64922	180.44826	485.66424	1441.31339	-155.77803	238.06194	1555.13532	175.77558	274.52651	
562	5.610	1431.80264	28.62758	991.32989	1442.56888	27.10665	803.12041	1542.88559	92.69331	648.74975	1430.74429	49.18761	705.29377	1432.54034	-20.22689	720.89727	1536.94515	116.63791	121.18322	1554.29385	47.15685	130.07165	1590.58530	90.19895	109.80663	1505.78918	-31.47030	386.53175	1406.28149	-86.77762	85.75249	1385.29833	-22.44009	102.67386	1357.09248	-66.81765	121.54455	1443.31916	-42.17701	75.83152	1561.62726	46.28172	961.80735	1656.49360	59.85127	428.77039	1463.87563	-89.18041	357.29439	1616.90312	111.17874	376.57699	1543.49372	-81.53507	677.68682	1509.68885	69.42024	151.13506	1505.48146	-157.48450	461.84898	1555.72883	179.55042	486.70424	1442.56369	-155.83191	238.34925	1575.30324	175.57280	274.94631	
563	5.620	1439.46087	29.22751	991.33853	1449.32960	27.98113	802.80705	1551.95308	91.98863	648.64749	1438.73432	50.31545	704.01263	1439.59975	-19.08780	719.99418	1561.71338	117.47957	119.66521	1577.54141	47.73226	128.83779	1615.18401	90.17330	109.87883	1509.33268	-31.96917	386.16914	1406.70840	-86.46129	86.40972	1386.26240	-22.02054	103.52170	1357.94606	-66.23905	122.65789	1443.86996	-42.02234	76.04495	1569.19792	46.61584	961.09843	1668.39730	57.45341	431.19772	1466.83146	-89.55781	357.65075	1631.16955	109.67477	378.27991	1550.12888	-82.04508	678.15621	1532.48961	70.61709	148.41520	1509.50755	-157.70257	461.87048	1568.70745	178.50428	487.47047	1443.85137	-155.87526	238.65409	1594.88069	175.27010	275.08268	
564	5.630	1447.14215	30.03560	991.15772	1456.27881	28.96015	802.34310	1561.25640	91.20812	648.39360	1447.01587	51.44890	702.63857	1446.90365	-17.92256	719.00807	1585.49074	118.16094	118.00623	1599.71865	48.16727	127.36387	1638.67201	89.95657	109.64243	1513.07383	-32.49434	385.77583	1407.16622	-86.15362	87.11240	1387.29186	-21.59835	104.40685	1358.86582	-65.64945	123.83484	1444.44151	-41.87300	76.25495	1576.83288	47.00250	960.29530	1679.67587	54.87565	432.84484	1469.97391	-89.94899	358.00487	1644.70549	108.03005	379.39937	1556.94837	-82.56815	678.55563	1554.35989	71.67457	145.55203	1513.69639	-157.94819	461.88445	1581.51580	177.32625	487.91442	1445.22973	-155.91670	238.98603	1613.68242	174.82546	274.85357	
565	5.640	1454.85198	31.06588	990.79052	1463.46045	30.02090	801.73518	1570.81167	90.35407	647.99708	1455.61568	52.57105	701.19694	1454.48362	-16.75093	717.95310	1608.02088	118.58467	116.13334	1620.61511	48.37639	125.59735	1660.82106	89.47927	109.01813	1517.10570	-33.05310	385.34424	1407.69232	-85.87115	87.87308	1388.42753	-21.19096	105.34568	1359.90021	-65.06510	125.09952	1445.06697	-41.74317	76.46209	1584.53934	47.45624	959.42544	1690.32847	52.17724	433.66060	1473.38327	-90.34414	358.34564	1657.45179	106.26932	379.86979	1563.98098	-83.11640	678.87450	1575.07816	72.48940	142.51140	1518.08862	-158.22732	461.88676	1594.09122	176.03442	487.98623	1446.76793	-155.96221	239.35224	1631.53409	174.20147	274.18359	
566	5.650	1462.59579	32.32335	990.23960	1470.91623	31.13772	800.98868	1580.62686	89.43569	647.46680	1464.55102	53.66578	699.71261	1462.36681	-15.59314	716.84204	1629.05172	118.67468	113.98484	1640.02380	48.29195	123.50036	1681.40922	88.69193	107.94405	1521.52829	-33.64696	384.86131	1408.32988	-85.63040	88.70186	1389.71441	-20.81672	106.35231	1361.10400	-64.50391	126.47467	1445.78371	-41.64721	76.66534	1592.32293	47.98913	958.51487	1700.36208	49.40994	433.61685	1477.14816	-90.72863	358.65566	1669.36974	104.41908	379.64533	1571.25428	-83.69825	679.09831	1594.42245	72.98044	139.27045	1522.73056	-158.54030	461.86922	1606.38048	174.64847	487.64337	1448.54669	-156.01528	239.75641	1648.27736	173.36979	273.01356	
567	5.660	1470.37850	33.80427	989.50787	1478.68377	32.28243	800.10906	1590.70038	88.46860	646.81347	1473.82837	54.71656	698.21202	1470.57492	-14.47090	715.68764	1648.34763	118.38440	111.51744	1657.75196	47.87204	121.05459	1700.23256	87.57262	106.38340	1526.43992	-34.27202	384.30949	1409.12710	-85.44679	89.60541	1391.19994	-20.49378	107.43738	1362.53642	-63.98473	127.97946	1446.63152	-41.59824	76.86160	1600.18736	48.61041	957.58786	1709.78909	46.61796	432.71429	1481.35823	-91.08502	358.91216	1680.44071	102.50861	378.70801	1578.79375	-84.31803	679.20983	1612.18141	73.09661	135.82146	1527.67144	-158.88240	461.81949	1618.34072	173.19039	486.85949	1450.65343	-156.07718	240.19798	1663.77475	172.31614	271.30903	
568	5.670	1478.20414	35.49669	988.59955	1486.79453	33.42445	799.10351	1601.01986	87.47421	646.05172	1483.44239	55.70536	696.72515	1479.12295	-13.40843	714.50400	1665.70360	117.70331	108.71272	1673.63370	47.10710	118.26552	1717.11821	86.13234	104.33043	1531.92875	-34.91958	383.66847	1410.13634	-85.33369	90.58612	1392.93232	-20.23923	108.60716	1364.25941	-63.52672	129.62752	1447.65070	-41.60662	77.04537	1608.13412	49.32614	956.66688	1718.62553	43.84063	430.98708	1486.09689	-91.39505	359.08858	1690.66456	100.57187	377.07409	1586.62184	-84.97561	679.19047	1628.16775	72.82309	132.17546	1532.96065	-159.24453	461.72128	1629.93877	171.68611	485.63228	1453.17724	-156.14739	240.67171	1677.91452	171.04521	269.06724	
569	5.680	1486.07545	37.38118	987.52137	1495.27159	34.53103	797.98256	1611.56134	86.47884	645.20204	1493.37512	56.61166	695.28682	1488.01783	-12.43305	713.30772	1680.96025	116.66099	105.58207	1687.54330	46.02421	115.16549	1731.93754	84.41748	101.81397	1538.06534	-35.57677	382.91742	1411.41320	-85.30175	91.64154	1394.95888	-20.06834	109.86298	1366.33577	-63.14878	131.42539	1448.88038	-41.67886	77.20877	1616.16223	50.13907	955.77280	1726.88997	41.11716	428.50553	1491.43482	-91.64160	359.15663	1700.05732	98.64993	374.79791	1594.75684	-85.66606	679.02195	1642.23321	72.18521	128.36504	1538.64517	-159.61405	461.55521	1641.14915	170.16756	483.98916	1456.20391	-156.22397	241.16760	1690.61573	169.58486	266.32157	
570	5.690	1493.99356	39.43169	986.28398	1504.12757	35.56772	796.76171	1622.28888	85.51285	644.29206	1503.59573	57.41215	693.93722	1497.25707	-11.57523	712.11862	1694.01860	115.32796	102.16941	1699.40767	44.68836	111.81511	1744.61809	82.50870	98.89795	1544.89697	-36.22727	382.03762	1413.01529	-85.35835	92.76421	1397.32467	-19.99391	111.20108	1368.82743	-62.86898	133.37148	1450.35711	-41.81683	77.34193	1624.26804	51.04845	954.92510	1734.60334	38.49240	425.37620	1497.42480	-91.81017	359.08881	1708.64840	96.79314	371.97249	1603.21178	-86.37936	678.68804	1654.28332	71.24945	124.44613	1544.76734	-159.97554	461.30010	1651.95138	168.67476	481.98985	1459.81149	-156.30406	241.67132	1701.83379	167.98881	263.14283	
571	5.700	1501.95770	41.61639	984.90315	1513.36265	36.49920	795.46265	1633.15495	84.60950	643.35712	1514.06087	58.08107	692.72127	1506.82765	-10.86780	710.95988	1704.85260	113.81251	98.55078	1709.21642	43.19989	108.30220	1755.15290	80.51582	95.67833	1552.44437	-36.85188	381.01500	1415.00080	-85.50729	93.94202	1400.07128	-20.02571	112.61302	1371.79376	-62.70374	135.45588	1452.11383	-42.01755	77.43383	1632.44528	52.05006	954.14219	1741.78926	36.02212	421.73903	1504.09856	-91.88989	358.86094	1716.47781	95.06239	368.72638	1611.99324	-87.10027	678.17639	1664.29007	70.12106	120.49763	1551.36312	-160.31173	460.93487	1662.32711	167.25726	479.72533	1464.06641	-156.38412	242.16512	1711.56595	166.33705	259.63694	
572	5.710	1509.96509	43.89858	983.40087	1522.96317	37.29051	794.11389	1644.10156	83.80382	642.43968	1524.71562	58.59147	691.68681	1516.70524	-10.34423	709.85774	1713.51763	112.25328	94.83033	1717.02769	41.68788	104.73777	1763.60557	78.56894	92.27644	1560.70113	-37.42916	379.84253	1417.42665	-85.74872	95.15920	1403.23602	-20.17000	114.08649	1375.28992	-62.66701	137.66098	1454.17951	-42.27367	77.47364	1640.68513	53.13620	953.44175	1748.47466	33.77636	417.76099	1511.46550	-91.87390	358.45469	1723.59339	93.52878	365.21683	1621.10020	-87.80835	677.48023	1672.30016	68.93788	116.61863	1558.46082	-160.60426	460.44070	1672.25769	165.97439	477.31294	1469.02068	-156.46025	242.62917	1719.85575	164.73305	255.93854	
573	5.720	1518.01103	46.23753	981.80601	1532.90087	37.90878	792.75081	1655.06216	83.13121	641.58776	1535.49525	58.91732	690.88186	1526.85397	-10.03596	708.84055	1720.15256	110.80768	91.13239	1722.96838	40.29962	101.24878	1770.10987	76.80646	88.82915	1569.63584	-37.93606	378.52206	1420.34650	-86.07924	96.39797	1406.85135	-20.42913	115.60671	1379.36521	-62.76917	139.96289	1456.57922	-42.57453	77.45242	1648.97655	54.29592	952.84092	1754.69015	31.83973	413.62642	1519.51373	-91.75923	357.85981	1730.04813	92.27124	361.61929	1630.52315	-88.47821	676.60002	1678.43693	67.86023	112.92234	1566.08023	-160.83446	459.80362	1681.72262	164.89378	474.88792	1474.70996	-156.52820	243.04357	1726.79501	163.29761	252.20100	
574	5.730	1526.08909	48.58944	980.15452	1543.13299	38.32526	791.41489	1665.96447	82.62608	640.85231	1546.32781	59.03643	690.35100	1537.22693	-9.96906	707.93743	1724.97387	109.63691	87.59020	1727.22797	39.18686	97.96815	1774.86310	75.36139	85.47679	1579.19653	-38.34878	377.06537	1423.80864	-86.49251	97.64077	1410.94480	-20.80134	117.15811	1384.06163	-63.01610	142.33372	1459.33489	-42.90777	77.36511	1657.30681	55.51523	952.35645	1760.46973	30.30758	409.52445	1528.21306	-91.54613	357.07571	1735.89742	91.37183	358.11424	1640.24325	-89.08018	675.54467	1682.89453	67.05707	109.52711	1574.23218	-160.98399	459.01697	1690.69933	164.08788	472.59211	1481.15290	-156.58346	243.39056	1732.52155	162.15928	248.58310	
575	5.740	1534.19165	50.90834	978.48901	1553.60340	38.51765	790.15233	1676.73380	82.32020	640.28394	1557.13730	58.93381	690.13149	1547.76735	-10.16040	707.17657	1728.26096	108.88909	84.33250	1730.04606	38.49025	95.02270	1778.11331	74.34758	82.35045	1589.31704	-38.64378	375.49441	1427.85402	-86.97993	98.87289	1415.53909	-21.28084	118.72628	1389.41247	-63.40826	144.74435	1462.46651	-43.26139	77.21263	1665.66217	56.77752	952.00470	1765.84978	29.27838	405.63456	1537.51966	-91.23717	356.11240	1741.19631	90.90924	354.87226	1650.23210	-89.58128	674.33241	1685.92400	66.68926	106.54501	1582.91835	-161.03543	458.08365	1699.16409	163.62854	470.56086	1488.35156	-156.62119	243.65707	1737.21137	161.44230	245.23424	
576	5.750	1542.31044	53.14718	976.85781	1564.24471	38.47221	789.01195	1687.29691	82.24127	639.92917	1567.84748	58.60510	690.24956	1558.41060	-10.61401	706.58349	1730.33336	108.68257	81.46976	1731.69463	38.32377	92.52086	1780.14125	73.84788	79.56015	1599.92436	-38.79898	373.84058	1432.51461	-87.53172	100.08519	1420.65271	-21.85814	120.29997	1395.44124	-63.94019	147.16758	1465.99375	-43.62594	77.00375	1674.02873	58.06411	951.80149	1770.86728	28.84278	402.11191	1547.38165	-90.83627	354.99058	1745.99676	90.95101	352.03919	1660.45192	-89.94664	672.99107	1687.81251	66.89148	104.06964	1592.13158	-160.97261	457.01786	1707.09410	163.58006	468.90983	1496.29299	-156.63625	243.83714	1741.06463	161.25319	242.27963	
577	5.760	1550.43740	55.25899	975.31338	1574.98146	38.18557	788.04280	1697.58584	82.41140	639.82684	1578.38580	58.05951	690.71742	1569.08683	-11.31808	706.17938	1731.52260	109.09161	79.08235	1732.45725	38.76127	90.54167	1781.23912	73.90571	77.18585	1610.94609	-38.79502	372.14319	1437.81235	-88.13809	101.27663	1426.30053	-22.52062	121.87290	1402.16083	-64.60034	149.58108	1469.93779	-43.99654	76.75662	1682.39341	59.35486	951.76188	1775.55763	29.07111	399.07418	1557.74496	-90.34765	353.74091	1750.34516	91.54564	349.72318	1670.85645	-90.14123	671.55760	1688.85830	67.75513	102.16505	1601.85628	-160.78090	455.84577	1714.47030	163.99170	467.72336	1504.95167	-156.62328	243.93401	1744.28670	161.66815	239.80808	
578	5.770	1558.56547	57.19824	973.91029	1585.73401	37.66576	787.29152	1707.54157	82.84597	640.00513	1588.68727	57.32161	691.53154	1579.72418	-12.24334	705.97979	1732.14265	110.13673	77.21262	1732.60805	39.82713	89.12722	1781.68900	74.52118	75.27221	1622.31720	-38.61637	370.44723	1443.75881	-88.79031	102.45601	1432.49461	-23.25340	123.44502	1409.57324	-65.37145	151.96994	1474.32290	-44.37435	76.49944	1690.74489	60.62893	951.89978	1779.95231	30.00145	396.59219	1568.55874	-89.77499	352.40239	1754.28030	92.71594	347.98560	1681.39260	-90.13184	670.07685	1689.34509	69.31487	100.85782	1612.06947	-160.44744	454.60527	1721.28054	164.89079	467.04617	1514.29282	-156.57685	243.96138	1747.06671	162.72301	237.86431	
579	5.780	1566.68941	58.92231	972.70268	1596.42315	36.93226	786.79981	1717.11703	83.55278	640.47953	1598.69783	56.43151	692.67255	1590.25234	-13.34328	705.99376	1732.46403	111.78142	75.86225	1732.39331	41.49246	88.27949	1781.74371	75.65219	73.82789	1633.98518	-38.25211	368.80050	1450.35555	-89.48164	103.64275	1439.24467	-24.04037	125.02320	1417.66970	-66.23146	154.32836	1479.17753	-44.76734	76.27010	1699.07454	61.86569	952.22747	1784.07699	31.63058	394.68575	1579.77990	-89.12090	351.02005	1757.83225	94.45461	346.83729	1692.00287	-89.88904	668.59954	1689.51996	71.54124	100.13401	1622.74206	-159.96123	453.34427	1727.52250	166.27786	466.87979	1524.27573	-156.49175	243.94360	1749.55761	164.40777	236.44703	
580	5.790	1574.80645	60.39324	971.74156	1606.97469	36.01482	786.60216	1726.27939	84.53179	641.25213	1608.37695	55.44305	694.10685	1600.60628	-14.55651	706.22360	1732.69547	113.93570	74.99521	1732.01803	43.67781	87.96239	1781.61282	77.22002	72.82899	1645.91301	-37.69635	367.25057	1457.59493	-90.20780	104.86606	1446.55817	-24.86523	126.62086	1426.43118	-67.15490	156.66008	1484.53423	-45.18990	76.11447	1707.37714	63.04567	952.75506	1787.95040	33.91007	393.32575	1591.37589	-88.38663	349.64201	1761.02256	96.72332	346.24099	1702.62852	-89.38915	667.17936	1689.57795	74.34136	99.94158	1633.84053	-159.31340	452.11771	1733.20607	168.12493	467.18440	1534.85706	-156.36331	243.91454	1751.86200	166.66668	235.51322	
581	5.800	1582.91654	61.57956	971.07169	1617.32407	34.95110	786.72392	1735.01125	85.77522	642.31225	1617.69922	54.41985	695.78977	1610.72982	-15.81141	706.66504	1732.97592	116.46657	74.54553	1731.63882	46.26209	88.10835	1781.45509	79.11871	72.22582	1658.07950	-36.94822	365.84146	1465.46105	-90.96705	106.16263	1454.43949	-25.71251	128.25671	1435.82916	-68.11472	158.97753	1490.42777	-45.66142	76.08328	1715.65112	64.15156	953.48975	1791.58434	36.74866	392.44219	1603.32535	-87.57225	348.31607	1763.86588	99.45541	346.11948	1713.21307	-88.61581	665.86946	1689.65517	77.56818	100.19794	1645.32863	-158.49761	450.98344	1738.35471	170.37761	467.88576	1545.99324	-156.18770	243.91497	1754.02691	169.40435	234.98736	
582	5.810	1591.02217	62.45835	970.72852	1627.42008	33.78332	787.17982	1743.31088	87.26827	643.63822	1626.65494	53.42954	697.66987	1620.57887	-17.03260	707.30789	1733.37686	119.21385	74.42816	1731.36299	49.09691	88.62832	1781.37762	81.22718	71.95167	1670.47681	-36.01160	364.61046	1473.93005	-91.75970	107.57262	1462.88789	-26.56856	129.95242	1445.82615	-69.08433	161.29957	1496.89123	-46.20386	76.22758	1723.89838	65.16927	954.43496	1794.98510	40.02121	391.93683	1615.61622	-86.67714	347.08617	1766.37301	102.56234	346.36829	1723.70593	-87.56128	664.71834	1689.83046	81.03760	100.80113	1657.16854	-157.51060	449.99711	1743.00544	172.96084	468.88619	1557.64161	-155.96241	243.98856	1756.04879	172.49710	234.77397	
583	5.820	1599.12732	63.01735	970.73494	1637.22766	32.55439	787.97267	1751.19152	88.98997	645.19994	1635.24938	52.53682	699.69368	1630.12383	-18.14861	708.13683	1733.91351	122.00967	74.55096	1731.25283	52.02437	89.42340	1781.44058	83.42249	71.93204	1683.10507	-34.89493	363.58516	1482.96935	-92.58721	109.13437	1471.89398	-27.42213	131.72948	1456.37561	-70.03973	163.64812	1503.94946	-46.83845	76.59305	1732.12319	66.08891	955.58924	1798.15608	43.58309	391.69831	1628.24107	-85.70091	345.98879	1768.55483	105.94286	346.87076	1734.06552	-86.22744	663.76566	1690.13392	84.55139	101.64253	1669.32117	-156.35307	449.20672	1747.20747	175.78750	470.07785	1569.75941	-155.68653	244.17694	1757.88758	175.80782	234.77096	
584	5.830	1607.23556	63.25711	971.09808	1646.72903	31.30389	789.09223	1758.67956	90.91404	646.96154	1643.50106	51.79594	701.81019	1639.35085	-19.09993	709.13210	1734.56167	124.69902	74.82564	1731.33334	54.89634	90.39631	1781.66593	85.59301	72.09315	1695.96435	-33.61128	362.78088	1492.53509	-93.45094	110.87836	1481.43445	-28.26484	133.60542	1467.42051	-70.96145	166.04390	1511.61027	-47.58209	77.21374	1740.33019	66.90570	956.94497	1801.10135	47.28758	391.61721	1641.18977	-84.64468	345.04977	1770.42650	109.49361	347.51306	1744.26120	-84.62660	663.03815	1690.56002	87.92274	102.61918	1681.74462	-155.03087	448.64711	1751.01941	178.76829	471.35626	1582.30028	-155.36118	244.51412	1759.48660	179.20235	234.88211	
585	5.840	1615.34673	63.19294	971.80644	1655.92280	30.06467	790.51417	1765.81177	93.00943	648.88379	1651.43853	51.24381	703.97439	1648.26141	-19.84625	710.26999	1735.27681	127.15883	75.17644	1731.60137	57.59240	91.46099	1782.04792	87.64992	72.36873	1709.04435	-32.17876	362.19868	1502.56745	-94.35074	112.82097	1491.46513	-29.09113	135.58993	1478.89011	-71.83594	168.50186	1519.85367	-48.44368	78.10580	1748.52108	67.62061	958.48674	1803.82933	51.00347	391.59883	1654.43965	-83.51256	344.28166	1772.01103	113.11958	348.19724	1754.27334	-82.78222	662.54610	1691.08217	91.00114	103.64374	1694.39052	-153.55633	448.33512	1754.50544	181.82115	472.63232	1595.20798	-154.98979	245.02109	1760.79434	182.56477	235.02688	
586	5.850	1623.45247	62.85640	972.82754	1664.82058	28.86043	792.19897	1772.63126	95.24037	650.92564	1659.09580	50.89472	706.14934	1656.86950	-20.37199	711.52292	1736.01201	129.31283	75.54558	1732.03471	60.03405	92.54949	1782.56361	89.53564	72.70455	1722.31225	-30.62141	361.82424	1512.98399	-95.28354	114.95902	1501.91278	-29.89787	137.68104	1490.69468	-72.65637	171.02668	1528.62045	-49.42105	79.26205	1756.69003	68.24063	960.18976	1806.35570	54.62951	391.57233	1667.94370	-82.31331	343.68216	1773.34154	116.74234	348.85049	1764.09076	-80.72971	662.28094	1691.66630	93.69246	104.65112	1707.19778	-151.94981	448.26609	1757.73047	184.87850	473.84114	1608.40746	-154.57838	245.70124	1761.78402	185.80930	235.14698	
587	5.860	1631.53018	62.29581	974.10679	1673.44053	27.70494	794.09132	1779.18171	97.56575	653.04472	1666.50586	50.73749	708.30637	1665.19587	-20.68899	712.85922	1736.73163	131.13983	75.89542	1732.59979	62.19265	93.61516	1783.18172	91.22784	73.06054	1735.69971	-28.97030	361.62798	1523.67160	-96.24204	117.26585	1512.66636	-30.68354	139.86208	1502.71812	-73.42240	173.60903	1537.80165	-50.49883	80.64860	1764.81755	68.77850	962.01841	1808.70461	58.10298	391.49543	1681.61757	-81.06177	343.23374	1774.46166	120.30476	349.42989	1773.70481	-78.51710	662.21450	1692.28153	95.97087	105.60121	1720.08371	-150.24095	448.41224	1760.75492	187.89083	474.94678	1621.79379	-154.13577	246.53755	1762.46714	188.88688	235.20932	
588	5.870	1639.53583	61.57495	975.56847	1681.79728	26.60295	796.12039	1785.49948	99.93825	655.19682	1673.69190	50.73626	710.42334	1673.25861	-20.83539	714.24278	1737.41905	132.67295	76.20759	1733.25751	64.08890	94.63229	1783.86894	92.73794	73.41071	1749.09026	-27.26431	361.56688	1534.47852	-97.21384	119.68980	1523.56934	-31.44703	142.09993	1514.80942	-74.13899	176.22289	1547.23153	-51.64785	82.20439	1772.86318	69.25159	963.92546	1810.90713	61.40012	391.35451	1695.32703	-79.77990	342.90525	1775.42352	123.77042	349.92223	1783.09975	-76.20527	662.30062	1692.90628	97.87913	106.47767	1732.93340	-148.46958	448.72396	1763.62911	190.82593	475.94195	1635.22052	-153.67358	247.49220	1762.89810	191.78472	235.20532	
589	5.880	1647.39609	60.76903	977.11998	1689.88776	25.55325	798.20216	1791.60275	102.30349	657.33472	1680.65598	50.83586	712.48091	1681.05932	-20.86961	715.63304	1738.07676	133.98787	76.47942	1733.96712	65.78193	95.59196	1784.59335	94.10290	73.74101	1762.30901	-25.55016	361.58883	1545.20860	-98.18102	122.15628	1534.41524	-32.18616	144.34511	1526.77467	-74.81396	178.82478	1556.68713	-52.82664	83.84537	1780.75728	69.67956	965.85274	1812.99596	64.52694	391.16038	1708.87811	-78.49699	342.65609	1776.28284	127.11729	350.33876	1792.23893	-73.86686	662.47999	1693.52960	99.51434	107.28283	1745.58840	-146.68528	449.13498	1766.38758	193.66312	476.84232	1648.48944	-153.20603	248.50979	1763.16735	194.51728	235.14683	
