PathFileType	3	(X/Y/Z)	RCH0000002 BBF 09.c3d
DataRate	CameraRate	NumFrames	NumMarkers	Units	OrigDataRate	OrigDataStartFrame	OrigNumFrames
100.0	100.0	352	23	mm	100.0	114	352
Frame#	Time	T2			T10			MAN			LASI			RASI			LPSI			RPSI			LPAT			LKNE			LANK			LMED			LHEE			LTOE			RPAT			RKNE			RANK			RMED			RHEE			RTOE			RTHI			LTHI			RTIB			LTIB			
		X1	Y1	Z1	X2	Y2	Z2	X3	Y3	Z3	X4	Y4	Z4	X5	Y5	Z5	X6	Y6	Z6	X7	Y7	Z7	X8	Y8	Z8	X9	Y9	Z9	X10	Y10	Z10	X11	Y11	Z11	X12	Y12	Z12	X13	Y13	Z13	X14	Y14	Z14	X15	Y15	Z15	X16	Y16	Z16	X17	Y17	Z17	X18	Y18	Z18	X19	Y19	Z19	X20	Y20	Z20	X21	Y21	Z21	X22	Y22	Z22	X23	Y23	Z23	

114	1.130	-1683.91148	14.50172	972.39314	-1671.19040	15.77031	785.56111	-1548.84097	31.77459	947.96407	-1597.43991	93.21791	627.28162	-1566.60257	-78.23254	654.94393	-1694.41920	31.87764	692.08283	-1682.87078	-37.18126	704.90445	-1584.92917	45.30265	349.37630	-1647.35016	94.48442	319.71744	-1841.07148	92.94495	135.84747	-1824.97113	23.69173	142.85591	-1850.06268	50.64644	181.30792	-1804.76885	59.49623	98.61075	-1535.55747	-20.79925	380.66631	-1574.34588	-78.50876	343.57080	-1652.40263	-96.84534	81.08380	-1676.16733	-32.26440	96.38139	-1699.49381	-77.95412	118.31193	-1617.65427	-51.48773	73.33347	-1561.86902	-152.08082	452.08376	-1654.56191	165.51291	443.96526	-1594.08374	-151.77624	232.34516	-1728.02186	156.36983	244.85407	
115	1.140	-1674.84458	15.47762	975.37982	-1661.12019	15.39771	788.76038	-1539.88021	32.91502	952.02835	-1586.08772	92.54254	631.07867	-1557.20246	-79.19220	657.85090	-1683.55500	31.97965	695.99559	-1672.66237	-37.17935	708.34343	-1567.98019	46.64219	355.23723	-1629.91246	95.70701	324.60958	-1820.05336	92.99818	136.52298	-1802.19913	24.05137	142.67390	-1829.03226	49.51593	180.71271	-1781.79708	61.27260	100.18789	-1534.81437	-21.53184	381.29482	-1573.75498	-79.71141	345.07973	-1652.09043	-96.44362	82.15619	-1675.05303	-31.64491	97.57986	-1699.10546	-77.25588	119.57313	-1617.14891	-51.24433	73.80660	-1557.19622	-152.79678	453.09731	-1638.62281	166.75642	448.72413	-1594.93643	-152.54009	233.42707	-1711.25709	156.86205	249.15775	
116	1.150	-1665.78241	16.41118	978.29972	-1651.13811	15.05281	791.87287	-1530.93116	34.03937	955.95230	-1574.80837	91.88888	634.76644	-1547.89894	-80.13401	660.68656	-1672.78847	32.13345	699.76889	-1662.55888	-37.12354	711.67106	-1551.04779	47.98667	361.05976	-1612.44687	96.95829	329.43361	-1798.93675	93.14891	137.10380	-1779.42315	24.49863	142.47215	-1807.96403	48.53888	180.06933	-1758.77855	63.07399	101.70661	-1534.02398	-22.32739	381.91056	-1573.15591	-80.92838	346.57522	-1651.75223	-96.05859	83.22211	-1673.92918	-31.05189	98.77814	-1698.68418	-76.57495	120.83025	-1616.61943	-51.01654	74.27723	-1552.63066	-153.53610	454.09742	-1622.74208	168.01532	453.40208	-1595.75184	-153.31194	234.49895	-1694.34587	157.41961	253.30338	
117	1.160	-1656.70083	17.27471	981.08075	-1641.29827	14.76826	794.80778	-1521.97565	35.13998	959.59405	-1563.63570	91.27457	638.23318	-1538.75072	-81.04110	663.37867	-1662.17809	32.38948	703.26138	-1652.62692	-36.96087	714.77414	-1534.12298	49.33050	366.79723	-1594.89913	98.25504	334.11805	-1777.55502	93.49423	137.49088	-1756.56628	25.11896	142.21278	-1786.75199	47.86204	179.31027	-1735.59351	64.92904	103.10317	-1533.12864	-23.23376	382.49441	-1572.52587	-82.16739	348.04159	-1651.36902	-95.70168	84.27649	-1672.78762	-30.50435	99.97621	-1698.20178	-75.92154	122.08216	-1616.04671	-50.81648	74.74227	-1548.24541	-154.31462	455.06683	-1606.94388	169.29453	457.91213	-1596.49280	-154.09412	235.55104	-1677.10249	158.10209	257.14349	
118	1.170	-1647.56997	18.05136	983.66172	-1631.63493	14.57330	797.48873	-1512.98841	36.21356	962.83501	-1552.58485	90.71101	641.38529	-1529.79416	-81.90086	665.86721	-1651.75954	32.78857	706.35526	-1642.90939	-36.64811	717.55849	-1517.18821	50.67093	372.41010	-1577.21685	99.60855	338.60495	-1755.74627	94.11948	137.60411	-1733.53705	25.98656	141.85818	-1765.28355	47.60724	178.37400	-1712.11362	66.86912	104.32517	-1532.07838	-24.28188	383.02726	-1571.84353	-83.42999	349.46425	-1650.92978	-95.37877	85.31452	-1671.62350	-30.01253	101.17239	-1697.63822	-75.29976	123.32772	-1615.41843	-50.65163	75.19845	-1544.09336	-155.14257	455.99111	-1591.24494	170.59400	462.17977	-1597.13053	-154.88425	236.57447	-1659.35995	158.96197	260.56741	
119	1.180	-1638.36027	18.73699	985.99347	-1622.16457	14.49261	799.85588	-1503.94267	37.26140	965.58448	-1541.65614	90.20277	644.15041	-1521.04415	-82.70499	668.10612	-1641.54781	33.35897	708.96089	-1633.42661	-36.15477	719.95231	-1500.22944	52.00594	377.86334	-1559.36403	101.02172	342.84971	-1733.37303	95.09212	137.38678	-1710.24501	27.15876	141.37176	-1743.45577	47.86309	177.20741	-1688.22044	68.92520	105.33334	-1530.83433	-25.48127	383.49018	-1571.08982	-84.70991	350.82942	-1650.43352	-95.08930	86.33131	-1670.43669	-29.57658	102.36253	-1696.98426	-74.70655	124.56516	-1614.73107	-50.52405	75.64204	-1540.20344	-156.02207	456.85817	-1575.66212	171.90676	466.14362	-1597.64656	-155.67414	237.56106	-1640.99061	160.03885	263.50641	
120	1.190	-1629.04628	19.34040	988.03812	-1612.88841	14.54607	801.86551	-1494.81375	38.28923	967.77976	-1530.83850	89.74820	646.47717	-1512.49598	-83.44885	670.06280	-1631.53977	34.11548	711.01700	-1624.17846	-35.46391	721.90612	-1483.24465	53.33086	383.12353	-1541.32927	102.48709	346.81880	-1710.33201	96.45782	136.80516	-1686.61009	28.67273	140.71780	-1721.18421	48.68168	175.76580	-1663.81646	71.12406	106.10068	-1529.37001	-26.81940	383.86465	-1570.24755	-85.99287	352.12406	-1649.88974	-94.82624	87.32193	-1669.23238	-29.18693	103.53999	-1696.24229	-74.13171	125.79195	-1613.99044	-50.43038	76.06891	-1536.57834	-156.94560	457.65703	-1560.21516	173.21797	469.75435	-1598.03317	-156.44985	238.50339	-1621.91620	161.35489	265.93140	
121	1.200	-1619.60867	19.88231	989.76722	-1603.79474	14.74895	803.48802	-1485.58104	39.30677	969.38387	-1520.11231	89.34097	648.33314	-1504.12773	-84.13030	671.71652	-1621.71700	35.06017	712.48820	-1615.14698	-34.57146	723.39047	-1466.24920	54.63440	388.15570	-1523.12880	103.98571	350.48636	-1686.55697	98.23812	135.84504	-1662.56802	30.54355	139.86092	-1698.40702	50.07850	174.01136	-1638.83130	73.48415	106.60993	-1527.67072	-28.26394	384.13296	-1569.30002	-87.25798	353.33607	-1649.31739	-94.57713	88.28184	-1668.02061	-28.82615	104.69637	-1695.42550	-73.55888	127.00517	-1613.21079	-50.36272	76.47475	-1533.19351	-157.89585	458.37662	-1544.92537	174.50502	472.97276	-1598.29244	-157.19287	239.39509	-1602.11014	162.91165	267.84540	
122	1.210	-1610.03496	20.39330	991.15964	-1594.86105	15.11224	804.70541	-1476.22891	40.32708	970.38211	-1509.45159	88.97206	649.70192	-1495.90289	-84.74846	673.05630	-1612.04848	36.18409	713.36123	-1606.29909	-33.48458	724.39277	-1449.27824	55.89442	392.92042	-1504.80559	105.48658	353.83026	-1662.01790	100.42924	134.50654	-1638.07390	32.76324	138.76547	-1675.08635	52.03469	171.91123	-1613.22510	76.01111	106.85015	-1525.73122	-29.76720	384.27888	-1568.22880	-88.47996	354.45454	-1648.74226	-94.32598	89.20749	-1666.81506	-28.47216	105.82276	-1694.55564	-72.96778	128.20231	-1612.41275	-50.31020	76.85544	-1529.99731	-158.84687	459.00467	-1529.81174	175.73810	475.76768	-1598.43349	-157.88215	240.23119	-1581.59420	164.68883	269.27312	
123	1.220	-1600.31939	20.91126	992.19959	-1586.05577	15.64298	805.50871	-1466.74684	41.36582	970.77836	-1498.82576	88.63183	650.58007	-1487.77321	-85.30259	674.07866	-1602.49317	37.46960	713.64075	-1597.58936	-32.21945	724.91377	-1432.38649	57.07460	397.37126	-1486.42553	106.94688	356.82818	-1636.71886	103.00208	132.79827	-1613.10566	35.30081	137.39549	-1651.20944	54.50094	169.43574	-1586.99097	78.69383	106.81321	-1523.55174	-31.27213	384.28815	-1567.01073	-89.63207	355.46975	-1648.19317	-94.05612	90.09700	-1665.63103	-28.10235	106.91131	-1693.65920	-72.33767	129.38221	-1611.62019	-50.26095	77.20747	-1526.91255	-159.76644	459.52709	-1514.88588	176.88150	478.11417	-1598.46803	-158.49675	241.00849	-1560.43165	166.64482	270.24938	
124	1.230	-1590.46239	21.47837	992.87513	-1577.33982	16.34445	805.89572	-1457.12910	42.44025	970.59160	-1488.20110	88.31197	650.97419	-1479.68177	-85.79136	674.78549	-1593.00253	38.89302	713.34531	-1588.96286	-30.79889	724.96425	-1415.64562	58.12242	401.45292	-1468.07174	108.31300	359.45423	-1610.69645	105.90352	130.73221	-1587.66893	38.10329	135.71523	-1626.79060	57.40255	166.55769	-1560.15770	81.50135	106.49078	-1521.13254	-32.71881	384.14866	-1565.61454	-90.68902	356.37283	-1647.69709	-93.75358	90.95069	-1664.48274	-27.69824	107.95678	-1692.76247	-71.65175	130.54619	-1610.85643	-50.20447	77.52823	-1523.83966	-160.61945	459.92768	-1500.14730	177.89522	479.99203	-1598.40421	-159.01868	241.72553	-1538.71853	168.71894	270.80825	
125	1.240	-1580.46967	22.13810	993.17721	-1568.66805	17.21621	805.86928	-1447.37423	43.56835	969.85299	-1477.54195	88.00698	650.89856	-1471.56627	-86.21258	675.18208	-1583.52311	40.42724	712.50389	-1580.35817	-29.25001	724.56211	-1399.13962	58.96949	405.10069	-1449.83776	109.52279	361.67652	-1584.02052	109.05897	128.31987	-1561.80355	41.09801	133.69082	-1601.87513	60.64527	163.25314	-1532.79341	84.38170	105.87250	-1518.46725	-34.05090	383.84987	-1563.99722	-91.62958	357.15473	-1647.27366	-93.41059	91.77129	-1663.38003	-27.24994	108.95779	-1691.88562	-70.90181	131.69901	-1610.14004	-50.13387	77.81597	-1520.66170	-161.37185	460.18819	-1485.58021	178.73706	481.38493	-1598.23936	-159.43556	242.38228	-1516.57472	170.83522	270.97465	
126	1.250	-1570.35119	22.93216	993.09943	-1559.99070	18.25390	805.43621	-1437.48437	44.76771	968.60334	-1466.81212	87.71518	650.37343	-1463.36235	-86.56327	675.27542	-1573.99924	42.04415	711.15308	-1571.71048	-27.60207	723.72999	-1382.95854	59.53451	408.24143	-1431.82033	110.50902	363.45639	-1556.79750	112.37623	125.57055	-1535.59169	44.19628	131.29289	-1576.54510	64.12158	159.50378	-1505.01025	87.26306	104.94561	-1515.53571	-35.22134	383.38150	-1562.10080	-92.43843	357.80448	-1646.92975	-93.02860	92.56393	-1662.32451	-26.75965	109.91764	-1691.03648	-70.09252	132.84959	-1609.48096	-50.04773	78.06941	-1517.25100	-161.99450	460.28868	-1471.15285	179.36510	482.28011	-1597.95250	-159.74275	242.97906	-1494.13624	172.90733	270.75948	
127	1.260	-1560.12020	23.89788	992.63827	-1551.25507	19.44899	804.60675	-1427.46456	46.05453	966.89111	-1455.97637	87.43908	649.42396	-1455.00696	-86.84016	675.07279	-1564.37592	43.71648	709.33521	-1562.95488	-25.88485	722.49362	-1367.19139	59.72938	410.79676	-1414.11264	111.20447	364.74958	-1529.17631	115.75055	122.49185	-1509.16607	47.29842	128.50042	-1550.92655	67.71693	155.30102	-1476.96945	90.05778	103.69636	-1512.29734	-36.19665	382.73147	-1559.84995	-93.10713	358.30700	-1646.65447	-92.62031	93.33570	-1661.30563	-26.24367	110.84434	-1690.20445	-69.24425	134.01131	-1608.87708	-49.95123	78.28699	-1513.47691	-162.46640	460.20804	-1456.81985	179.74072	482.66877	-1597.49772	-159.94460	243.51516	-1471.54999	174.84442	270.15929	
128	1.270	-1549.79219	25.06589	991.79400	-1542.40743	20.78833	803.39471	-1417.32219	47.44256	964.77079	-1445.00220	87.18531	648.08000	-1446.44156	-87.04028	674.58058	-1554.60180	45.41902	707.09735	-1554.02976	-24.12756	720.88072	-1351.91862	59.46820	412.68845	-1396.79845	111.54841	365.50972	-1501.35559	119.07092	119.09230	-1482.71654	50.30021	125.30521	-1525.19636	71.31595	150.65133	-1448.88572	92.66926	102.11301	-1508.68618	-36.95975	381.88356	-1557.15112	-93.63409	358.64082	-1646.41527	-92.21008	94.09493	-1660.29686	-25.73232	111.75011	-1689.35527	-68.39385	135.20171	-1608.31184	-49.85635	78.46582	-1509.21383	-162.77690	459.92469	-1442.52759	179.83207	482.54715	-1596.79958	-160.05453	243.98701	-1448.97150	176.55773	269.16006	
129	1.280	-1539.38401	26.45830	990.57187	-1533.39512	22.25369	801.81809	-1407.06643	48.94209	962.30158	-1433.86208	86.96413	646.37656	-1437.61492	-87.16148	673.80362	-1544.63219	47.12898	704.49106	-1544.88005	-22.35839	718.92067	-1337.20534	58.67889	413.84600	-1379.94799	111.49426	365.69398	-1473.59004	122.22746	115.38572	-1456.49281	53.10055	121.71682	-1499.58697	74.80855	145.58210	-1421.02896	95.00142	100.19005	-1504.60873	-37.51098	380.81540	-1553.89382	-94.02373	358.77628	-1646.15565	-91.83254	94.85037	-1659.25241	-25.26763	112.65012	-1688.42723	-67.59262	136.44157	-1607.75304	-49.78093	78.60060	-1504.34879	-162.92643	459.41752	-1428.22214	179.61810	481.91841	-1595.75192	-160.09394	244.38645	-1426.56543	177.96770	267.74457	
130	1.290	-1528.91309	28.08744	988.98366	-1524.16897	23.82133	799.90014	-1396.70783	50.55907	959.54631	-1422.53583	86.78888	644.35489	-1428.48543	-87.20271	672.74494	-1534.43199	48.82568	701.57293	-1535.46023	-20.60463	716.64474	-1323.09584	57.31628	414.21573	-1363.61596	111.01781	365.27043	-1446.19314	125.11986	111.39626	-1430.80115	55.61005	117.76694	-1474.38643	78.09609	140.14701	-1393.72157	96.96976	97.93297	-1499.94553	-37.86746	379.49740	-1549.95420	-94.28511	358.67472	-1645.79461	-91.52928	95.61024	-1658.10515	-24.89884	113.56083	-1687.32932	-66.90164	137.75333	-1607.15275	-49.74673	78.68284	-1498.78763	-162.92590	458.66693	-1413.85907	179.09307	480.79509	-1594.22034	-160.08998	244.69933	-1404.50794	179.01170	265.90160	
131	1.300	-1518.39675	29.95495	987.04925	-1514.68573	25.46168	797.67065	-1386.25809	52.29422	956.57059	-1411.01337	86.67530	642.06382	-1419.02273	-87.16385	671.40601	-1523.97822	50.48951	698.40548	-1525.73690	-18.89324	714.08693	-1309.61055	55.37543	413.77041	-1347.84216	110.12525	364.22610	-1419.53326	127.66661	107.16330	-1405.99378	57.75999	113.51263	-1449.93166	81.09775	134.42977	-1367.32928	98.51293	95.36270	-1494.55699	-38.06097	377.89330	-1545.20126	-94.43025	358.28946	-1645.22813	-91.34400	96.38154	-1656.76582	-24.67639	114.49806	-1685.94175	-66.38453	139.15893	-1606.44847	-49.77677	78.70051	-1492.45915	-162.79483	457.65604	-1399.41379	178.27135	479.20217	-1592.04874	-160.07240	244.90489	-1382.98906	179.65190	263.63512	
132	1.310	-1507.85178	32.05139	984.79818	-1504.91058	27.13934	795.16736	-1375.72992	54.14241	953.44206	-1399.29722	86.64110	639.56124	-1409.20863	-87.04509	669.78776	-1513.26213	52.10062	695.05824	-1515.69057	-17.25157	711.28521	-1296.74582	52.90317	412.51802	-1332.65473	108.85973	362.57459	-1394.02072	129.81415	102.74506	-1382.45037	59.51106	109.03753	-1426.59341	83.75714	128.54510	-1342.24471	99.60315	92.51883	-1488.29312	-38.13463	375.96267	-1539.50508	-94.47255	357.56861	-1644.33260	-91.31669	97.16940	-1655.12419	-24.64494	115.47495	-1684.11923	-66.09891	140.67740	-1605.56506	-49.89230	78.63847	-1485.31715	-162.55838	456.37205	-1384.89140	177.19202	477.18027	-1589.06935	-160.06998	244.97632	-1362.21306	179.88297	260.97151	
133	1.320	-1497.29403	34.35618	982.27082	-1494.81928	28.81345	792.43716	-1365.13706	56.09223	950.22986	-1387.40469	86.70560	636.91511	-1399.03736	-86.84593	667.89216	-1502.29046	53.63765	691.60850	-1505.31669	-15.70797	708.28291	-1284.47716	50.00591	410.50804	-1318.07561	107.30535	360.36177	-1370.08457	131.54517	98.21990	-1360.55234	60.86047	104.45038	-1404.75267	86.04869	122.63599	-1318.86337	100.25377	89.46080	-1481.00649	-38.13854	373.66562	-1532.74653	-94.42544	356.45990	-1642.97003	-91.47785	97.97701	-1653.05212	-24.83671	116.50031	-1681.69687	-66.08751	142.32231	-1604.41724	-50.10982	78.47984	-1477.34021	-162.24388	454.80773	-1370.33453	175.92248	474.78837	-1585.11548	-160.10684	244.88275	-1342.39489	179.73866	257.96329	
134	1.330	-1486.73832	36.83783	979.51908	-1484.40002	30.43866	789.53694	-1354.49445	58.12582	947.00416	-1375.36921	86.88955	634.20370	-1388.51508	-86.56385	665.72443	-1491.08574	55.07682	688.14151	-1494.62572	-14.29186	705.13015	-1272.76567	46.85154	407.83398	-1304.12737	105.58723	357.66827	-1348.13997	132.88419	93.68466	-1340.65227	61.84646	99.88038	-1384.77018	87.98302	116.86672	-1297.55397	100.52230	86.26648	-1472.56678	-38.12498	370.96924	-1524.82729	-94.30141	354.91718	-1640.99466	-91.84356	98.80584	-1650.40857	-25.26614	117.57740	-1678.49873	-66.37079	144.09967	-1602.91223	-50.43892	78.20819	-1468.52975	-161.87702	452.96307	-1355.82775	174.55998	472.10548	-1580.03534	-160.19945	244.59283	-1323.75147	179.29585	254.68864	
135	1.340	-1476.19844	39.45457	976.60645	-1473.65465	31.96671	786.53368	-1343.81836	60.21909	943.83572	-1363.24042	87.21498	631.51463	-1377.65895	-86.19299	663.29571	-1479.68555	56.39193	684.74975	-1483.64211	-13.03310	701.88489	-1261.56709	43.66372	404.63081	-1290.84030	103.86687	354.60791	-1328.54932	133.89911	89.24975	-1323.04170	62.54842	95.46951	-1366.95240	89.60995	111.41184	-1278.62592	100.50783	83.02808	-1462.87504	-38.14310	367.85521	-1515.67908	-94.11130	352.90793	-1638.26045	-92.41261	99.65638	-1647.04651	-25.92675	118.70349	-1674.34854	-66.94232	146.00651	-1600.95216	-50.88110	77.81065	-1458.90681	-161.47834	450.84716	-1341.49741	173.22998	469.23045	-1573.70505	-160.35445	244.07964	-1306.48788	178.67457	251.24684	
136	1.350	-1465.68721	42.15529	973.60708	-1462.59913	33.34886	783.50379	-1333.12665	62.34235	940.79540	-1351.08282	87.70472	628.94249	-1366.49587	-85.72313	660.62605	-1468.14044	57.55549	681.53093	-1472.40261	-11.96037	698.61342	-1250.84230	40.70764	401.06719	-1278.25804	102.33209	351.32162	-1311.58287	134.69701	85.03114	-1307.92191	63.08192	91.36203	-1351.51910	91.01766	106.44190	-1262.29868	100.34232	79.84550	-1451.87572	-38.23354	364.32765	-1505.27078	-93.86370	350.42082	-1634.62877	-93.16612	100.52925	-1642.82115	-26.79111	119.87038	-1669.08187	-67.76808	148.03061	-1598.43591	-51.43000	77.28140	-1448.50809	-161.06043	448.48018	-1327.50601	172.08018	466.27929	-1566.03915	-160.56793	243.32647	-1290.78000	178.03232	247.75029	
137	1.360	-1455.21678	44.88099	970.60404	-1451.26325	34.53881	780.53135	-1322.43886	64.46138	937.95346	-1338.97269	88.38172	626.58500	-1355.06096	-85.13921	657.74720	-1456.51088	58.54093	678.58487	-1460.95367	-11.09867	695.38994	-1240.56745	38.26764	397.33265	-1266.44056	101.18201	347.96738	-1297.38576	135.41376	81.14005	-1295.38224	63.58799	87.69238	-1338.57816	92.32638	102.10752	-1248.67785	100.17639	76.81809	-1439.56472	-38.42327	360.41977	-1493.61246	-93.56436	347.47230	-1629.97567	-94.06998	101.42656	-1637.59899	-27.81379	121.06573	-1662.55877	-68.79002	150.15129	-1595.26031	-52.07295	76.62513	-1437.38178	-160.62607	445.89550	-1314.04112	171.26976	463.37960	-1556.99684	-160.82595	242.33258	-1276.75684	177.55180	244.31464	
138	1.370	-1444.79874	47.56671	967.68660	-1439.68949	35.49624	777.70536	-1311.77624	66.53887	935.37863	-1326.99353	89.26779	624.53790	-1343.39611	-84.42166	654.70501	-1444.86321	59.32592	676.00919	-1449.34861	-10.46616	692.29522	-1230.74211	36.61836	393.62132	-1255.46331	100.60802	344.70711	-1285.95871	136.19771	77.67180	-1285.39016	64.21724	84.57274	-1328.11304	93.67601	98.52393	-1237.74273	100.16140	74.03585	-1425.99202	-38.72090	356.19847	-1480.75557	-93.21529	344.11106	-1624.19799	-95.07963	102.35318	-1631.26669	-28.93706	122.27527	-1654.67554	-69.93348	152.34147	-1591.32069	-52.79346	75.85999	-1425.58346	-160.16777	443.14157	-1301.29962	170.95431	460.66248	-1546.58342	-161.10623	241.11802	-1264.48653	177.42253	241.04820	
139	1.380	-1434.44434	50.14407	964.94665	-1427.93112	36.19048	775.11603	-1301.16146	68.53633	933.13672	-1315.23029	90.38184	622.88896	-1331.54858	-83.54769	651.56079	-1433.26505	59.89614	673.89414	-1437.64446	-10.07079	689.41408	-1221.39348	35.99288	390.11416	-1245.41225	100.77282	341.69243	-1277.15756	137.18935	74.69557	-1277.79514	65.11046	82.08215	-1319.98582	95.20788	95.75848	-1229.34826	100.43023	71.57154	-1411.25868	-39.11313	351.76570	-1466.78908	-92.81372	340.41962	-1617.21766	-96.14632	103.31770	-1623.73880	-30.09827	123.48520	-1645.37442	-71.11708	154.57042	-1586.51094	-53.57412	75.01924	-1413.17206	-159.66839	440.28307	-1289.46898	171.26793	458.25249	-1534.84651	-161.38059	239.72638	-1253.96975	177.81799	238.04234	
140	1.390	-1424.16449	52.54449	962.47452	-1416.04969	36.60390	772.85042	-1290.61815	70.41620	931.28882	-1303.76301	91.73784	621.71181	-1319.56972	-82.49351	648.39127	-1421.78072	60.24890	672.31720	-1425.89907	-9.90737	686.83193	-1212.57587	36.55216	386.96249	-1236.37510	101.79011	339.05124	-1270.71300	138.50014	72.24737	-1272.34644	66.37840	80.25874	-1313.95624	97.04284	93.82336	-1223.24184	101.07983	69.47484	-1395.50828	-39.56271	347.25595	-1451.83205	-92.35103	336.51229	-1608.98395	-97.22352	104.33260	-1614.96332	-31.23764	124.68467	-1634.64948	-72.26332	156.80697	-1580.72371	-54.39917	74.15117	-1400.20616	-159.10296	437.40074	-1278.70772	172.30521	456.25697	-1521.86836	-161.61762	238.22460	-1245.14309	178.87182	235.36406	
141	1.400	-1413.96971	54.70279	960.35448	-1404.11207	36.73459	770.98763	-1280.17016	72.14406	929.88903	-1292.66068	93.34264	621.06036	-1307.51370	-81.23713	645.28691	-1410.46708	60.39588	671.33780	-1414.16844	-9.95568	684.63044	-1204.36493	38.36075	384.27524	-1228.43027	103.70799	336.87705	-1266.26733	140.19390	70.32751	-1268.72159	68.08381	79.09674	-1309.71322	99.25893	92.67524	-1219.09247	102.15826	67.76962	-1378.91434	-40.00859	342.83000	-1436.02346	-91.81180	332.52961	-1599.47333	-98.27223	105.41357	-1604.92417	-32.30500	125.86754	-1622.54778	-73.30792	159.02233	-1573.85102	-55.25610	73.31688	-1386.74086	-158.44107	434.58958	-1269.12764	174.10625	454.75640	-1507.75531	-161.78510	236.69973	-1237.89237	180.65688	233.05212	
142	1.410	-1403.86984	56.56124	958.66023	-1392.18727	36.59790	769.59413	-1269.84053	73.69089	928.98188	-1281.97609	95.19405	620.96444	-1295.43628	-79.76151	642.34821	-1399.37040	60.36421	670.99310	-1402.50466	-10.18028	682.88283	-1196.84754	41.37320	382.11217	-1221.63498	106.49891	335.22289	-1263.42079	142.27431	68.90366	-1266.56086	70.22906	78.54859	-1306.91271	101.87301	92.22224	-1216.52718	103.65819	66.45462	-1361.66529	-40.36884	338.66521	-1419.51079	-91.17359	328.62973	-1588.68728	-99.26416	106.57766	-1593.64022	-33.26439	127.03314	-1609.16497	-74.20614	161.19223	-1565.78616	-56.13587	72.58611	-1372.82542	-157.64981	431.95497	-1260.78055	176.64779	453.79721	-1492.62638	-161.85193	235.25257	-1232.07278	183.17122	231.11738	
143	1.420	-1393.87363	58.07358	957.45075	-1380.34328	36.22640	768.71960	-1259.65036	75.03489	928.59959	-1271.74232	97.27948	621.42742	-1283.39338	-78.05756	639.68029	-1388.52444	60.19538	671.29500	-1390.95439	-10.53231	681.64910	-1190.10893	45.43415	380.48389	-1216.01485	110.05834	334.10034	-1261.77833	144.68087	67.91870	-1265.50157	72.75154	78.53227	-1305.21472	104.83027	92.33721	-1215.16838	105.51768	65.50713	-1343.94922	-40.54635	334.94340	-1402.43877	-90.40758	324.97750	-1576.64853	-100.18238	107.84073	-1581.16088	-34.09572	128.18591	-1594.63567	-74.93520	163.29781	-1556.42725	-57.03163	72.03123	-1358.50219	-156.69657	429.60714	-1253.65151	179.84253	453.38832	-1476.60270	-161.78949	233.98943	-1227.53098	186.33382	229.54717	
144	1.430	-1383.98825	59.20864	956.76689	-1368.64422	35.66816	768.39366	-1249.61754	76.16304	928.75932	-1261.97155	99.57560	622.42601	-1271.43953	-76.12633	637.38608	-1377.95008	59.94191	672.22909	-1379.55798	-10.95320	680.97169	-1184.21890	50.29307	379.35849	-1211.55648	114.21296	333.48364	-1260.98807	147.29428	67.30172	-1265.20720	75.52826	78.94241	-1304.31314	108.00458	92.87514	-1214.66628	107.62810	64.88879	-1325.94026	-40.43727	331.83768	-1384.93979	-89.48050	321.73271	-1563.39647	-101.01954	109.21441	-1567.55903	-34.79367	129.33387	-1579.11951	-75.49280	165.32558	-1545.68286	-57.93647	71.72046	-1343.80693	-155.55191	427.65424	-1247.66035	183.54701	453.50170	-1459.79916	-161.57249	233.01288	-1224.12375	189.99105	228.31273	
145	1.440	-1374.21873	59.95316	956.62894	-1357.14789	34.98344	768.62395	-1239.75565	77.07188	929.46091	-1252.65602	102.04891	623.91230	-1259.62604	-73.98027	635.55871	-1367.65626	59.66212	673.75541	-1368.34905	-11.38016	680.87209	-1179.21922	55.63223	378.67299	-1208.20411	118.73794	333.31777	-1260.76597	149.95043	66.97980	-1265.38773	78.38923	79.66359	-1303.95434	111.21045	93.69152	-1214.72206	109.84796	64.55235	-1307.78809	-39.94136	329.49976	-1367.12701	-88.35772	319.03867	-1548.98263	-101.77441	110.70348	-1552.92235	-35.36409	130.48653	-1562.78474	-75.89242	167.26644	-1533.47936	-58.84060	71.71125	-1328.77037	-154.19206	426.19501	-1242.67126	187.57716	454.07705	-1442.31905	-161.17950	232.41313	-1221.72910	193.93354	227.37760	
146	1.450	-1364.56751	60.31344	957.03542	-1345.90397	34.24001	769.39551	-1230.07287	77.76772	930.68520	-1243.77120	104.65743	625.81783	-1247.99914	-71.64309	634.27395	-1357.64210	59.41359	675.81084	-1357.35457	-11.75244	681.34863	-1175.11405	61.10398	378.34703	-1205.86060	123.38103	333.52876	-1260.90500	152.46128	66.88796	-1265.81013	81.13807	80.58337	-1303.94379	114.22532	94.65861	-1215.10014	112.02058	64.44793	-1289.61126	-38.97307	328.04919	-1349.09062	-87.00732	317.01270	-1533.46694	-102.44756	112.30428	-1537.34445	-35.81902	131.65280	-1545.79187	-76.15669	169.11461	-1519.76921	-59.72887	72.04499	-1313.42085	-152.60121	425.31193	-1238.50921	191.72873	455.02961	-1424.25172	-160.59346	232.26096	-1220.24809	197.92076	226.70519	
147	1.460	-1355.03399	60.31551	957.96314	-1334.95278	33.50770	770.67169	-1220.57138	78.26607	932.39333	-1235.28051	107.35333	628.05892	-1236.59816	-69.14832	633.58351	-1347.89975	59.24652	678.31303	-1346.59512	-12.01767	682.37572	-1171.86441	66.37197	378.29591	-1204.39262	127.89027	334.03427	-1261.27044	154.63934	66.97556	-1266.30003	83.57696	81.60341	-1304.14232	116.81909	95.67703	-1215.62980	113.99354	64.52810	-1271.49448	-37.47187	327.56568	-1330.89715	-85.40451	315.73910	-1516.91523	-103.03722	114.00464	-1520.91723	-36.17130	132.83940	-1528.27971	-76.31039	170.86683	-1504.53906	-60.57896	72.74386	-1297.78739	-150.77340	425.06557	-1234.98073	195.79944	456.25993	-1405.67288	-159.80219	232.60314	-1219.59847	201.70977	226.26369	
148	1.470	-1345.61435	60.00360	959.36853	-1324.32470	32.85274	772.39636	-1211.24698	78.59040	934.52710	-1227.14085	110.08601	630.54278	-1225.45394	-66.53679	633.51011	-1338.41748	59.19782	681.16504	-1336.08539	-12.13726	683.90455	-1169.38755	71.14988	378.44079	-1203.63937	132.04120	334.75280	-1261.78535	156.32246	67.20833	-1266.73661	85.53243	82.64694	-1304.45555	118.78617	96.68128	-1216.19858	115.63695	64.75102	-1253.48922	-35.41038	328.08534	-1312.59121	-83.53582	315.26549	-1499.39806	-103.53605	115.78550	-1503.72526	-36.42965	134.05042	-1510.35611	-76.37414	172.52221	-1487.81585	-61.36084	73.81048	-1281.90255	-148.71402	425.49082	-1231.89551	199.60945	457.66440	-1386.64661	-158.79902	233.46034	-1219.70293	205.08376	226.02794	
149	1.480	-1336.30153	59.43717	961.19018	-1314.04003	32.33246	774.49723	-1202.08924	78.77034	937.01061	-1219.30806	112.80551	633.17368	-1214.58779	-63.85338	634.04475	-1329.18263	59.28688	684.26060	-1325.83473	-12.09015	685.86533	-1167.56123	75.23185	378.71461	-1203.42375	135.65982	335.61031	-1262.41106	157.39525	67.56636	-1267.04371	86.87793	83.66202	-1304.82031	119.97505	97.63923	-1216.74034	116.85848	65.08157	-1235.61701	-32.79925	329.60091	-1294.19880	-81.40246	315.60240	-1480.99080	-103.92909	117.62364	-1485.84295	-36.59502	135.28779	-1492.09426	-76.35975	174.08263	-1469.66968	-62.03734	75.23003	-1265.80436	-146.44082	426.59527	-1229.08566	203.01762	459.14504	-1367.22855	-157.58326	234.82762	-1220.47615	207.87636	225.97858	
150	1.490	-1327.08543	58.68655	963.35230	-1304.10922	31.99097	776.88993	-1193.08196	78.83951	939.75301	-1211.74170	115.46570	635.85848	-1204.01087	-61.14351	635.14653	-1320.18389	59.51370	687.48934	-1315.84759	-11.87441	688.17067	-1166.23240	78.51016	379.06390	-1203.56439	138.63789	336.54395	-1263.12747	157.80410	68.03936	-1267.17955	87.55001	84.62090	-1305.19167	120.31046	98.54664	-1217.22140	117.61299	65.49099	-1217.87452	-29.68790	332.06564	-1275.73155	-79.02220	316.72591	-1461.77416	-104.19329	119.49511	-1467.33410	-36.65848	136.55244	-1473.53477	-76.26744	175.55330	-1450.21225	-62.56588	76.97424	-1249.53706	-143.98405	428.35970	-1226.41938	205.93161	460.61746	-1347.46926	-156.16065	236.67706	-1221.81401	209.98811	226.09938	
151	1.500	-1317.95334	57.82767	965.76888	-1294.53335	31.85615	779.48256	-1184.20412	78.83314	942.65237	-1204.40832	118.02693	638.51133	-1193.72444	-58.44977	636.74507	-1311.41271	59.85935	690.74186	-1306.12406	-11.50660	690.72005	-1165.22923	80.97796	379.44721	-1203.88718	140.93882	337.50319	-1263.91677	157.56343	68.62081	-1267.12703	87.55522	85.51613	-1305.53296	119.80436	99.41856	-1217.62735	117.90566	65.95546	-1200.23969	-26.16129	335.39997	-1257.19116	-76.42960	318.58264	-1441.83488	-104.29824	121.37819	-1448.25334	-36.60060	137.84542	-1454.69237	-76.08487	176.94291	-1429.59077	-62.90121	79.00617	-1233.15037	-141.38576	430.74043	-1223.80768	208.31124	462.01616	-1327.41763	-154.54341	238.96190	-1223.58796	211.39347	226.37411	
152	1.510	-1308.89041	56.93652	968.34823	-1285.30478	31.93817	782.18047	-1175.43105	78.78569	945.60037	-1197.28300	120.45798	641.05714	-1183.72060	-55.80929	638.74518	-1302.86361	60.28884	693.91426	-1296.66019	-11.01906	693.40491	-1164.37508	82.71770	379.83189	-1204.23483	142.59390	338.44885	-1264.75306	156.75238	69.30262	-1266.88575	86.96716	86.35475	-1305.81005	118.55400	100.27981	-1217.95248	117.78830	66.45438	-1182.67853	-22.33315	339.50004	-1238.57396	-73.67442	321.09640	-1421.26546	-104.20816	123.25536	-1428.64821	-36.39234	139.16813	-1435.56513	-75.78749	178.26278	-1407.97766	-62.99870	81.28452	-1216.69800	-138.69799	433.67320	-1221.20357	210.16545	463.29679	-1307.12380	-152.74986	241.62163	-1225.64564	212.13765	226.78376	
153	1.520	-1299.88035	56.08359	970.99754	-1276.40782	32.22956	784.89071	-1166.73573	78.72871	948.48750	-1190.34913	122.73700	643.43389	-1173.98367	-53.25192	641.03321	-1294.53350	60.75559	696.91223	-1287.44827	-10.45569	696.11405	-1163.50276	83.87826	380.19051	-1204.47379	143.69010	339.35120	-1265.59837	155.50269	70.07142	-1266.46608	85.91415	87.15177	-1305.98981	116.72751	101.15608	-1218.19292	117.34987	66.96885	-1165.15204	-18.33668	344.24691	-1219.87548	-70.81841	324.17554	-1400.16267	-103.88449	125.11367	-1408.56105	-35.99691	140.52128	-1416.14414	-75.33991	179.52465	-1385.55719	-62.81807	83.76671	-1200.23561	-135.97987	437.07801	-1218.59468	211.54381	464.43544	-1286.64160	-150.80369	244.58740	-1227.81775	212.32473	227.30487	
154	1.530	-1290.90606	55.32913	973.62727	-1267.81954	32.70670	787.52611	-1158.09024	78.68904	951.20840	-1183.59642	124.85153	645.59382	-1164.49182	-50.79953	643.48468	-1286.42001	61.20714	699.65439	-1278.47700	-9.86680	698.73908	-1162.46729	84.64547	380.49814	-1204.49831	144.35228	340.18764	-1266.40465	153.97978	70.90709	-1265.88522	84.56004	87.92416	-1306.04174	114.53967	102.06727	-1218.34339	116.70272	67.48080	-1147.62304	-14.31385	349.51540	-1201.09494	-67.93078	327.72018	-1378.62419	-103.28904	126.94332	-1388.02971	-35.37263	141.90232	-1396.42152	-74.69820	180.73720	-1362.51097	-62.32684	86.41004	-1183.81910	-133.29395	440.86425	-1215.99130	212.52462	465.42552	-1266.03016	-148.73272	247.78688	-1229.93011	212.09930	227.90900	
155	1.540	-1281.95023	54.71937	976.15490	-1259.51051	33.33259	790.00878	-1149.46705	78.68740	953.66701	-1177.01780	126.79758	647.50355	-1155.21892	-48.46634	645.97214	-1278.51930	61.59101	702.07484	-1269.73153	-9.30371	701.17939	-1161.15589	85.21149	380.73094	-1204.23190	144.72290	340.94081	-1267.11993	152.36042	71.78336	-1265.16479	83.08156	88.68610	-1305.94143	112.22237	103.02343	-1218.39701	115.96705	67.97282	-1130.06282	-10.40457	355.18173	-1182.23965	-65.08285	331.62852	-1356.74347	-102.38732	128.73460	-1367.08712	-34.47645	143.30197	-1376.39535	-73.81305	181.90157	-1339.00386	-61.50299	89.17103	-1167.50353	-130.70194	444.93554	-1213.41257	213.20132	466.27321	-1245.35429	-146.56737	251.14815	-1231.81860	211.62494	228.56359	
156	1.550	-1272.99589	54.28413	978.50803	-1251.44577	34.06030	792.27265	-1140.84013	78.73750	955.78106	-1170.60549	128.57804	649.14349	-1146.13626	-46.26007	648.37293	-1270.82353	61.86026	704.12495	-1261.19338	-8.81375	703.34649	-1159.49395	85.74800	380.86628	-1203.62685	144.94266	341.59742	-1267.69639	150.81053	72.67013	-1264.32932	81.64601	89.44605	-1305.67424	109.99484	104.02353	-1218.34718	115.25587	68.42871	-1112.45703	-6.73661	361.12927	-1163.32895	-62.34233	335.80153	-1334.60339	-101.15163	130.47372	-1345.75983	-33.26810	144.70026	-1356.07101	-72.63409	183.00664	-1315.17229	-60.33653	92.00346	-1151.34298	-128.26048	449.19382	-1210.87359	213.66969	466.99228	-1224.68344	-144.33888	254.60204	-1233.34436	211.06284	229.23369	
157	1.560	-1264.02684	54.03589	980.62662	-1243.58567	34.83702	794.26522	-1132.18580	78.84569	957.48572	-1164.34710	130.20062	650.50664	-1137.21391	-44.18370	650.57590	-1263.31850	61.97792	705.77408	-1252.84035	-8.43620	705.16740	-1157.44681	86.38694	380.88382	-1202.66226	145.13468	342.14783	-1268.09813	149.46658	73.53657	-1263.40538	80.39267	90.20563	-1305.23799	108.03842	105.05660	-1218.19025	114.66276	68.83440	-1094.81066	-3.41696	367.25194	-1144.39725	-59.76784	340.14593	-1312.26952	-99.56393	132.13827	-1324.06642	-31.71442	146.06329	-1335.45939	-71.11526	184.02492	-1291.11651	-58.82967	94.85574	-1135.39114	-126.01731	453.54216	-1208.37563	214.01731	467.59939	-1204.08897	-142.07728	258.08262	-1234.40652	210.55352	229.88443	
158	1.570	-1255.02791	53.97018	982.46426	-1235.88695	35.60810	795.94840	-1123.48328	79.01088	958.73595	-1158.22216	131.67572	651.59689	-1128.42168	-42.23736	652.48689	-1255.98178	61.91999	707.00935	-1244.64623	-8.19953	706.58687	-1155.01726	87.21056	380.76723	-1201.34112	145.39383	342.58627	-1268.30673	148.42314	74.35454	-1262.42071	79.42042	90.96027	-1304.64383	106.47961	106.10464	-1217.92793	114.25377	69.17902	-1077.15164	-0.52507	373.45517	-1125.49599	-57.40411	344.57499	-1289.78450	-97.61809	133.69329	-1302.01668	-29.79380	147.34117	-1314.57312	-69.22086	184.90974	-1266.89749	-56.99573	97.66863	-1119.70217	-124.00803	457.88625	-1205.90076	214.31664	468.11055	-1183.64005	-139.80943	261.52596	-1234.95038	210.20398	230.48390	
159	1.580	-1245.98524	54.06731	983.98858	-1228.30379	36.32089	797.29836	-1114.71494	79.22502	959.50769	-1152.19961	133.01439	652.42715	-1119.72944	-40.42012	654.03242	-1248.78160	61.67680	707.83431	-1236.58072	-8.11995	707.56837	-1152.23944	88.25063	380.50581	-1199.68647	145.78194	342.91157	-1268.32355	147.72781	75.10149	-1261.40332	78.78257	91.70104	-1303.91511	105.38305	107.14639	-1217.56875	114.06412	69.45585	-1059.53262	1.89192	379.65431	-1106.69392	-55.27813	349.00765	-1267.16485	-95.32132	135.08868	-1279.61258	-27.49991	148.46780	-1293.42260	-66.93162	185.59440	-1242.53916	-54.85716	100.37389	-1104.33085	-122.25376	462.13471	-1203.41124	214.62169	468.53896	-1163.39877	-137.55704	264.86754	-1234.96936	210.08117	231.00594	
160	1.590	-1236.88639	54.29490	985.18072	-1220.78888	36.92799	798.30471	-1105.86631	79.47370	959.79761	-1146.23660	134.22682	653.01725	-1111.10707	-38.73126	655.16156	-1241.67666	61.25265	708.26659	-1228.60924	-8.20149	708.09383	-1149.17023	89.49515	380.09576	-1197.73672	146.32806	343.12773	-1268.16836	147.38342	75.76257	-1260.38031	78.48859	92.41726	-1303.08436	104.75425	108.16130	-1217.12815	114.09959	69.66281	-1042.03063	3.82188	385.77108	-1088.07572	-53.39676	353.36625	-1244.40160	-92.69479	136.25876	-1256.85158	-24.84449	149.36257	-1272.01346	-64.24984	185.99380	-1218.03549	-52.44306	102.89439	-1089.33179	-120.75959	466.19854	-1200.85282	214.96816	468.89431	-1143.41518	-135.33511	268.03894	-1234.50060	210.21185	231.43251	
161	1.600	-1227.72046	54.61110	986.03421	-1213.29451	37.38984	798.96887	-1096.92591	79.73707	959.62168	-1140.27869	135.32136	653.39175	-1102.52390	-37.17093	655.84605	-1234.61686	60.66409	708.33483	-1220.69303	-8.43719	708.16223	-1145.87913	90.89990	379.54060	-1195.54007	147.03291	343.24433	-1267.87502	147.35600	76.33174	-1259.37647	78.51145	93.09917	-1302.18904	104.55021	109.13296	-1216.62707	114.34145	69.80257	-1024.74437	5.28839	391.72854	-1069.73871	-51.74582	357.57344	-1221.46524	-89.77326	137.12411	-1233.73264	-21.85863	149.93392	-1250.34691	-61.20273	186.00829	-1193.36192	-49.78671	105.14577	-1074.75692	-119.51381	469.99022	-1198.16064	215.37569	469.18313	-1123.72333	-133.15080	270.96498	-1233.61508	210.58780	231.75534	
162	1.610	-1218.47826	54.96798	986.55313	-1205.77358	37.67656	799.30197	-1087.88499	79.99084	959.01267	-1134.26147	136.30427	653.57777	-1093.94811	-35.74013	656.07877	-1227.54502	59.93711	708.07493	-1212.78949	-8.81115	707.78737	-1142.43765	92.40189	378.85079	-1193.14803	147.87577	343.27616	-1267.48531	147.58646	76.81193	-1258.41269	78.79833	93.74035	-1301.26668	104.69481	110.05180	-1216.08961	114.75378	69.88205	-1007.78911	6.34933	397.44563	-1051.78810	-50.29076	361.54909	-1198.31531	-86.60384	137.59586	-1210.26467	-18.59241	150.08454	-1228.42362	-57.84350	185.53002	-1168.48999	-46.92346	107.03971	-1060.65146	-118.48794	473.42323	-1195.26580	215.85144	469.40968	-1104.33934	-131.00311	273.56207	-1232.40416	211.17453	231.97647	
163	1.620	-1209.15244	55.31491	986.75003	-1198.18048	37.76894	799.32245	-1078.73725	80.20748	958.01688	-1128.11331	137.18007	653.60268	-1085.34613	-34.44002	655.87107	-1220.39917	59.10384	707.52619	-1204.85283	-9.30114	706.99502	-1138.90913	93.93235	378.04239	-1190.60822	148.82237	343.24216	-1267.04215	148.00333	77.21437	-1257.50437	79.28259	94.33939	-1300.35027	105.09559	110.91672	-1215.53997	115.29162	69.91162	-991.28954	7.09380	402.83238	-1034.33091	-48.97896	365.20800	-1174.91386	-83.24395	137.58215	-1186.47671	-15.11291	149.71774	-1206.25127	-54.24980	184.45113	-1143.40375	-43.88931	108.48853	-1047.04854	-117.63740	476.41239	-1192.10134	216.39374	469.57682	-1085.26229	-128.88317	275.73917	-1230.96450	211.92153	232.10776	
164	1.630	-1199.73766	55.60162	986.64359	-1190.47192	37.65883	799.05349	-1069.47860	80.35746	956.69038	-1121.75906	137.95231	653.49196	-1076.68244	-33.27098	655.24935	-1213.11542	58.19923	706.72766	-1196.83507	-9.88115	705.81988	-1135.33962	95.42746	377.13477	-1187.95687	149.83233	343.16331	-1266.58342	148.53461	77.55747	-1256.65996	79.89495	94.90080	-1299.46418	105.65919	111.73578	-1214.99936	115.90848	69.90397	-975.37099	7.63712	407.78695	-1017.46912	-47.74329	368.45914	-1151.24158	-79.75888	136.99608	-1162.42872	-11.50077	148.74482	-1183.85488	-50.51975	182.67349	-1118.11641	-40.72034	109.41081	-1033.96332	-116.90306	478.87579	-1188.60615	216.99546	469.68628	-1066.47825	-126.77546	277.40158	-1229.38385	212.77225	232.16924	
165	1.640	-1190.23084	55.78079	986.25637	-1182.60763	37.34890	798.52058	-1060.10695	80.41060	955.09516	-1115.12420	138.62467	653.26706	-1067.91984	-32.23143	654.25136	-1205.63115	57.25814	705.71507	-1188.68759	-10.52368	704.30281	-1131.75027	96.83581	376.14768	-1185.21166	150.86540	343.05968	-1266.13717	149.11703	77.86541	-1255.87978	80.57234	95.43499	-1298.62111	106.30306	112.52601	-1214.48327	116.56240	69.87285	-960.14986	8.11431	412.19573	-1001.29255	-46.50700	371.20718	-1127.31492	-76.21903	135.76467	-1138.22171	-7.84566	147.09300	-1161.28860	-46.76587	180.11929	-1092.68560	-37.45303	109.73770	-1021.38782	-116.21369	480.73814	-1184.72682	217.64635	469.73822	-1047.96719	-124.65945	278.45807	-1227.72889	213.67218	232.18649	
166	1.650	-1180.63126	55.81019	985.61275	-1174.55098	36.85202	797.74948	-1050.62215	80.33752	953.29532	-1108.13919	139.20204	652.94353	-1059.02047	-31.31691	652.92278	-1197.88817	56.31335	704.51864	-1180.36299	-11.20147	702.48850	-1128.13173	98.12222	375.09779	-1182.36558	151.88559	342.94683	-1265.71836	149.70194	78.16661	-1255.15500	81.26380	95.95758	-1297.81993	106.96285	113.31262	-1213.99933	117.21970	69.83192	-945.72423	8.67206	415.93705	-985.87216	-45.18939	373.35666	-1103.20194	-72.69720	133.83790	-1114.00550	-4.24127	144.71353	-1138.64698	-43.10772	176.74172	-1067.22540	-34.12524	109.41953	-1009.28750	-115.48960	481.93577	-1180.41728	218.33465	469.72983	-1029.71213	-122.51182	278.83028	-1226.03630	214.57455	232.18751	
167	1.660	-1170.94075	55.65424	984.73734	-1166.26960	36.19041	796.76460	-1041.02594	80.11120	951.35380	-1100.74359	139.69143	652.52954	-1049.94746	-30.51954	651.31443	-1189.83585	55.39450	703.16203	-1171.81739	-11.88839	700.42399	-1124.44078	99.26833	373.99514	-1179.38242	152.86335	342.83186	-1265.32693	150.25773	78.49235	-1254.46704	81.93309	96.48822	-1297.04436	107.59534	114.12769	-1213.54587	117.85652	69.79358	-932.16562	9.45916	418.88895	-971.25442	-43.71221	374.81874	-1079.03462	-69.26594	131.19704	-1089.98275	-0.78005	141.58947	-1116.07376	-39.66381	172.53478	-1041.91356	-30.77758	108.43204	-997.60075	-114.64741	482.42255	-1175.63680	219.04777	469.65336	-1011.70903	-120.30883	278.46343	-1224.30698	215.44308	232.19895	
168	1.670	-1161.16370	55.28520	983.65389	-1157.73608	35.39459	795.58818	-1031.32201	79.70856	949.32963	-1092.88969	140.10248	652.02488	-1040.66723	-29.82811	649.48022	-1181.43395	54.52804	701.66238	-1163.01298	-12.55967	698.15795	-1120.59948	100.27038	372.83986	-1176.19451	153.77585	342.70968	-1264.94676	150.76935	78.87547	-1253.78701	82.55862	97.04904	-1296.26203	108.17774	115.00859	-1213.11104	118.45823	69.76829	-919.51303	10.61557	420.94033	-957.45780	-42.00641	375.52012	-1055.01530	-65.99521	127.86115	-1066.40774	2.45161	137.74237	-1093.76610	-36.54354	167.54101	-1016.99228	-27.45482	106.78163	-986.24220	-113.60613	482.17610	-1170.34740	219.77234	469.49403	-993.97628	-118.02903	277.33627	-1222.50325	216.25248	232.24241	
169	1.680	-1151.30701	54.68401	982.38482	-1148.92872	34.50232	794.24009	-1021.51606	79.11211	947.27604	-1084.54528	140.44740	651.42084	-1031.15225	-29.22871	647.47616	-1172.65500	53.73795	700.03153	-1153.92061	-13.19158	695.74080	-1116.49719	101.13520	371.61988	-1172.70308	154.60581	342.56014	-1264.54490	151.23540	79.34923	-1253.07530	83.13127	97.66333	-1295.42385	108.70472	115.99629	-1212.67241	119.01719	69.76417	-907.76992	12.26026	422.00445	-944.47195	-40.01896	375.41294	-1031.41540	-62.95011	123.89113	-1043.57889	5.37772	133.23690	-1071.97248	-33.83970	161.85595	-992.76155	-24.20667	104.50889	-975.11001	-112.29438	481.20316	-1164.51130	220.49362	469.22835	-976.56202	-115.65610	275.46854	-1220.54872	216.98706	232.33092	
170	1.690	-1141.37994	53.84093	980.95146	-1139.83243	33.55739	792.73847	-1011.61585	78.31147	945.23930	-1075.69555	140.74035	650.70083	-1021.38387	-28.70612	645.36003	-1163.48610	53.04689	698.27801	-1144.52232	-13.76069	693.22536	-1111.99529	101.87519	370.31001	-1168.78154	155.33956	342.34659	-1264.07085	151.66405	79.94653	-1252.28115	83.65099	98.35433	-1294.46343	109.18410	117.13356	-1212.19661	119.52975	69.78716	-896.90478	14.47844	422.03284	-932.26016	-37.71940	374.48436	-1008.56500	-60.18881	119.39012	-1021.82464	7.93622	128.18245	-1050.98324	-31.62224	155.62817	-969.56438	-21.08781	101.68959	-964.09691	-110.65827	479.54336	-1158.08937	221.19480	468.82349	-959.54805	-113.18221	272.92415	-1218.33043	217.63825	232.46617	
171	1.700	-1131.39384	52.75599	979.37478	-1130.43968	32.60836	791.10099	-1001.63131	77.30479	943.25847	-1066.34372	140.99627	649.84219	-1011.35499	-28.24555	643.19168	-1153.92998	52.47737	696.40980	-1134.81336	-14.24321	690.66776	-1106.93482	102.50335	368.87292	-1164.28171	155.96487	342.01670	-1263.45583	152.06827	80.69932	-1251.34228	84.12297	99.14469	-1293.29666	109.63216	118.46337	-1211.63913	119.99289	69.84188	-886.85519	17.30914	421.02737	-920.76515	-35.10571	372.76397	-986.83318	-57.76038	114.49994	-1001.48272	10.08171	122.73057	-1031.11366	-29.93359	149.05380	-947.76451	-18.15652	98.43253	-953.10383	-108.66952	477.27034	-1151.04088	221.85619	468.23821	-943.04945	-110.61165	269.80898	-1215.70325	218.20188	232.63690	
172	1.710	-1121.36188	51.43936	977.67663	-1120.75146	31.70710	789.34652	-991.57451	76.09975	941.36582	-1056.51059	141.22916	648.81891	-1001.07215	-27.83460	641.03345	-1144.00510	52.05260	694.43730	-1124.80356	-14.61462	688.12818	-1101.14638	103.02911	367.26240	-1159.04273	156.46922	341.50573	-1262.61241	152.46138	81.63841	-1250.18468	84.55401	100.05640	-1291.82176	110.06926	120.02730	-1210.94403	120.40140	69.93301	-877.53512	20.73453	419.04821	-909.91782	-32.20881	370.32759	-966.60006	-55.70283	109.39303	-982.87460	11.78719	117.06780	-1012.68041	-28.78620	142.36516	-927.71809	-15.47211	94.87388	-942.05430	-106.33280	474.48983	-1143.32468	222.45476	467.42566	-927.20944	-107.96473	266.26323	-1212.49674	218.67548	232.81901	
173	1.720	-1111.29874	49.91153	975.88112	-1110.77806	30.90699	787.49710	-981.45971	74.71422	939.58785	-1046.23288	141.45016	647.60524	-990.55671	-27.46534	638.95046	-1133.74478	51.79647	692.37616	-1114.51774	-14.84992	685.67115	-1094.46191	103.45558	365.42893	-1152.90200	156.83880	340.74255	-1261.43504	152.85328	82.79353	-1248.72274	84.94951	101.11126	-1289.92035	110.51584	121.86414	-1210.04364	120.74605	70.06729	-868.84466	24.67284	416.21548	-899.64793	-29.09525	367.29591	-948.22296	-54.04129	104.26024	-966.27723	13.04465	111.40368	-995.97374	-28.16270	135.81394	-909.74193	-13.09119	91.16810	-930.90745	-103.69141	471.33465	-1134.90166	222.96426	466.33809	-912.18979	-105.28133	262.44905	-1208.52473	219.05619	232.97770	
174	1.730	-1101.22034	48.20322	974.01605	-1100.53954	30.26080	785.57969	-971.30329	73.17626	937.94677	-1035.56057	141.66563	646.17998	-979.84480	-27.13591	637.01017	-1123.19524	51.73274	690.24977	-1103.99486	-14.92454	683.36494	-1086.72752	103.77847	363.32734	-1145.70736	157.05842	339.65803	-1259.80211	153.24776	84.19362	-1246.85999	85.31146	102.33161	-1287.45997	110.98899	124.00853	-1208.85846	121.01314	70.25581	-860.68082	28.97688	412.70363	-889.89540	-25.86711	363.82778	-932.00088	-52.78682	99.29531	-951.89576	13.86432	105.95477	-981.22876	-28.01901	129.65009	-894.08229	-11.06331	87.47599	-919.66732	-100.82984	467.95672	-1125.73809	223.35605	464.93314	-898.15762	-102.62342	258.53540	-1203.59777	219.33934	233.07198	
175	1.740	-1091.14357	46.35493	972.11399	-1090.06561	29.81820	783.62757	-961.12365	71.52352	936.46212	-1024.55347	141.87543	644.53097	-968.98601	-26.85168	635.28129	-1112.41268	51.88315	688.09094	-1093.28612	-14.81618	681.28003	-1077.81605	103.98674	360.92575	-1137.32940	157.11244	338.19513	-1257.57991	153.64131	85.86703	-1244.49053	85.63736	103.74086	-1284.29867	111.49953	126.48949	-1207.29749	121.18559	70.51630	-852.94829	33.43963	408.72817	-880.62019	-22.65875	360.10829	-918.14183	-51.93631	94.67774	-939.84118	14.27233	100.92626	-968.59986	-28.29058	124.09880	-880.88842	-9.42667	83.95124	-908.38653	-97.87221	464.51704	-1115.80954	223.60066	463.18122	-885.27000	-100.07527	254.68233	-1197.53775	219.51775	233.06131	
176	1.750	-1081.08618	44.41599	970.21290	-1079.39495	29.62283	781.68103	-950.94104	69.80186	935.15238	-1013.27727	142.07184	642.65943	-958.04067	-26.62565	633.83154	-1101.45950	52.26479	685.94257	-1082.45172	-14.50711	679.48653	-1067.63852	104.06447	358.21489	-1127.67274	156.98633	336.31939	-1254.62872	154.02321	87.84140	-1241.50142	85.92026	105.36350	-1280.29177	112.04972	129.32873	-1205.25897	121.24554	70.87486	-845.56868	37.80793	404.52634	-871.80940	-19.62960	356.33302	-906.73863	-51.47353	90.55610	-930.11686	14.30691	96.49347	-958.14267	-28.90127	119.33874	-870.19512	-8.20469	80.72710	-897.16330	-94.97554	461.17450	-1105.10469	223.67007	461.07292	-873.65832	-97.74067	251.02731	-1190.19375	219.58179	232.91404	
177	1.760	-1071.06653	42.44298	968.35604	-1068.57366	29.70931	779.78720	-940.77728	68.06329	934.03637	-1001.79948	142.23916	640.58354	-947.07617	-26.47792	632.72466	-1090.40013	52.88696	683.85726	-1071.55694	-13.98699	678.05092	-1056.15292	103.99363	355.21636	-1116.68514	156.66863	334.02851	-1250.81078	154.37705	90.14287	-1237.77604	86.14967	107.22408	-1275.30063	112.63176	132.53868	-1202.63201	121.17802	71.36676	-838.48731	41.80380	400.33406	-863.47974	-16.95316	352.69069	-897.75734	-51.37178	87.03454	-922.61671	14.01334	92.78605	-949.80696	-29.77377	115.48492	-861.91768	-7.40409	77.90530	-886.13184	-92.31761	458.07458	-1093.62863	223.54031	458.62571	-863.41486	-95.73609	247.67543	-1181.45729	219.52008	232.61649	
178	1.770	-1061.10340	40.49742	966.59112	-1057.65308	30.10024	777.99889	-930.65540	66.36337	933.13411	-990.18561	142.35432	638.34072	-936.16237	-26.43431	632.01673	-1079.29677	53.74812	681.89577	-1060.66749	-13.25551	677.03219	-1043.36945	103.75707	351.98836	-1104.36334	156.15291	331.35939	-1245.99930	154.68318	92.79426	-1233.19817	86.31312	109.34487	-1269.20276	113.22710	136.12008	-1199.29878	120.97506	72.03548	-831.67680	45.15178	396.36291	-855.67517	-14.80253	349.34676	-891.04124	-51.59726	84.16462	-917.13618	13.43869	89.87734	-943.44236	-30.83978	112.57921	-855.86058	-7.01480	75.54882	-875.44748	-90.08024	455.33937	-1081.40513	223.19412	455.88855	-854.58330	-94.18019	244.69453	-1171.27507	219.32078	232.18134	
179	1.780	-1051.21562	38.64294	964.96882	-1046.68707	30.80365	776.37259	-920.59897	64.75810	932.46732	-978.49592	142.38838	635.98830	-925.36684	-26.52417	631.75240	-1068.20547	54.83339	680.12445	-1049.84501	-12.32454	676.47814	-1029.35128	103.34126	348.62760	-1090.75514	155.43936	328.39121	-1240.08760	154.92157	95.81214	-1227.65660	86.39803	111.74228	-1261.90201	113.80684	140.05936	-1195.13759	120.63953	72.93000	-825.13748	47.60892	392.78066	-848.45950	-13.33361	346.43035	-886.33008	-52.11259	81.94419	-913.39454	12.62748	87.78065	-938.81643	-32.04739	110.59038	-851.73896	-7.01132	73.67978	-865.26893	-88.42988	453.05970	-1068.47756	222.62326	452.94372	-847.15505	-93.18050	242.11536	-1159.65710	218.97344	231.65368	
180	1.790	-1041.42156	36.94178	963.54065	-1035.72895	31.81114	774.96579	-910.63144	63.30058	932.05908	-966.78303	142.30899	633.60213	-914.75027	-26.77760	631.96141	-1057.17311	56.11336	678.61187	-1039.14295	-11.21920	676.42216	-1014.21073	102.73851	345.26654	-1075.95718	154.53577	325.24373	-1232.99697	155.07445	99.20277	-1221.04979	86.39353	114.42217	-1253.33722	114.33307	144.32586	-1190.02648	120.18765	74.10000	-818.89480	48.99324	389.69886	-841.90568	-12.66796	344.02655	-883.29146	-52.87916	80.32345	-911.06487	11.61942	86.45304	-935.64201	-33.36366	109.42366	-849.20947	-7.35514	72.28249	-855.74031	-87.49828	451.29055	-1054.90828	221.82998	449.90497	-841.07194	-92.81927	239.93599	-1146.67866	218.47102	231.11295	
181	1.800	-1031.73838	35.45114	962.35644	-1024.82848	33.09720	773.83379	-900.77510	62.03776	931.93295	-955.09058	142.08352	631.27313	-904.36262	-27.22227	632.65594	-1046.23548	57.54446	677.42485	-1028.60339	-9.97751	676.88089	-998.10090	101.94828	342.06581	-1060.10853	153.45771	322.07038	-1224.68195	155.12820	102.95736	-1213.29004	86.29168	117.37476	-1243.48775	114.76108	148.86932	-1183.84728	119.64943	75.58935	-812.99449	49.20600	387.16926	-836.08334	-12.87771	342.17485	-881.55894	-53.85753	79.21709	-909.80665	10.45020	85.80565	-933.60915	-34.77132	108.93815	-847.90541	-7.99716	71.31089	-846.97602	-87.36666	450.04994	-1040.77641	220.82759	446.91179	-836.23493	-93.14104	238.12920	-1132.47524	217.81174	230.66956	
182	1.810	-1022.18114	34.21937	961.46163	-1014.02917	34.61981	773.02634	-891.05003	61.00748	932.11150	-943.45288	141.68257	629.10187	-894.24040	-27.88025	633.82930	-1035.41665	59.07124	676.62434	-1018.25510	-8.64838	677.85321	-981.20384	100.97776	339.20236	-1043.38062	152.22804	319.04686	-1215.13184	155.07397	107.04722	-1204.30687	86.08799	120.56998	-1232.37438	115.04224	153.61812	-1176.48980	119.06666	77.42872	-807.49605	48.24402	385.18925	-831.04705	-13.97511	340.87328	-880.77032	-55.00577	78.52017	-909.29592	9.15484	85.71859	-932.41637	-36.26031	108.96861	-847.47062	-8.87982	70.69865	-839.05024	-88.05616	449.32127	-1026.17401	219.63994	444.12016	-832.51741	-94.14429	236.65174	-1117.23067	217.00049	230.45554	
183	1.820	-1012.76180	33.28259	960.89462	-1003.36636	36.32248	772.58454	-881.47294	60.23610	932.61431	-931.89555	141.08350	627.19160	-884.40523	-28.76510	635.45596	-1024.72960	60.63046	676.26124	-1008.11300	-7.28806	679.32046	-963.71663	99.84178	336.85479	-1025.96445	150.87569	316.35637	-1204.36788	154.90715	111.41965	-1194.04921	85.78110	123.95425	-1220.05511	115.12727	158.47897	-1167.85605	118.48818	79.62834	-802.46514	46.19955	383.71430	-826.82715	-15.90869	340.08679	-880.60010	-56.27673	78.12468	-909.24871	7.77244	86.05775	-931.79625	-37.81668	109.34786	-847.58738	-9.93877	70.37030	-831.99256	-89.52614	449.05844	-1011.20096	218.29999	441.69040	-829.78046	-95.77885	235.45394	-1101.15958	216.04924	230.60980	
184	1.830	-1003.48820	32.66185	960.68435	-992.86607	38.13765	772.53796	-872.05594	59.73689	933.45568	-920.43685	140.27355	625.64041	-874.86394	-29.87957	637.49311	-1014.17799	62.15649	676.37275	-998.17906	-5.95541	681.24782	-945.83689	98.56215	335.18774	-1008.05647	149.43414	314.17344	-1192.43624	154.62592	115.99561	-1182.48668	85.37185	127.45003	-1206.61621	114.97012	163.33860	-1157.86429	117.96322	82.17235	-797.96541	43.24776	382.67430	-823.42446	-18.56722	339.75774	-880.78196	-57.61563	77.93400	-909.43580	6.35029	86.69074	-931.53241	-39.41263	109.92619	-847.99524	-11.10474	70.25123	-825.78955	-91.68066	449.19298	-995.95897	216.84773	439.77371	-827.88728	-97.94973	234.48850	-1084.48649	214.97637	231.25968	
185	1.840	-994.36314	32.36133	960.84834	-982.54487	39.99122	772.90253	-862.80559	59.50947	934.64222	-909.08954	139.25225	624.53332	-865.60995	-31.21417	639.88340	-1003.75858	63.58735	676.97918	-988.44431	-4.70649	683.58655	-927.74958	97.16671	334.33756	-989.84457	147.93957	312.64848	-1179.39807	154.22957	120.67009	-1169.60990	84.86213	130.95866	-1192.16012	114.53219	168.06810	-1146.45285	117.53389	85.01600	-794.05029	39.62378	381.98985	-820.80919	-21.79129	339.81645	-881.11946	-58.95984	77.87295	-909.68814	4.94543	87.49999	-931.46658	-41.00090	110.58490	-848.49962	-12.30604	70.27555	-820.39121	-94.38147	449.64211	-980.54551	215.32784	438.49881	-826.71409	-100.52683	233.71709	-1067.42427	213.80501	232.50180	
186	1.850	-985.38375	32.36768	961.39134	-972.41066	41.80769	773.67913	-853.72207	59.54017	936.17061	-897.86276	138.03259	623.93513	-856.62577	-32.74685	642.55851	-993.46412	64.87063	678.08169	-978.89187	-3.58934	686.27672	-909.61626	95.68803	334.40107	-971.49588	146.42910	311.89503	-1165.31858	153.71743	125.31592	-1155.43049	84.25411	134.36695	-1176.79249	113.78703	172.53004	-1133.58343	117.22818	88.08658	-790.75539	35.59333	381.58524	-818.92353	-25.39086	340.19006	-881.48533	-60.24165	77.89240	-909.89441	3.62243	88.39133	-931.49637	-42.51576	111.24295	-848.97106	-13.47237	70.39088	-815.72052	-97.46517	450.31704	-965.04836	213.78735	437.96056	-826.15569	-103.35893	233.11399	-1050.15499	212.56086	234.38568	
187	1.860	-976.54115	32.65073	962.30466	-962.46418	43.51550	774.85309	-844.79883	59.80348	938.02570	-886.76385	136.64098	623.88475	-847.88620	-34.44390	645.44323	-983.28621	65.96828	679.66096	-969.50040	-2.63947	689.25008	-891.56791	94.16181	335.42885	-953.14741	144.93900	311.98112	-1150.25750	153.08877	129.79124	-1139.98047	83.55015	137.55699	-1160.61085	112.72491	176.58811	-1119.24386	117.05514	91.28843	-788.09219	31.42138	381.39646	-817.68709	-29.16621	340.80898	-881.81180	-61.39394	77.96845	-909.99274	2.44757	89.29790	-931.56608	-43.88043	111.85681	-849.33703	-14.53952	70.56011	-811.68388	-100.76139	451.13087	-949.54153	212.27347	438.21177	-826.12525	-106.28973	232.66620	-1032.81569	211.27005	236.90343	
188	1.870	-967.82059	33.16556	963.56629	-952.70096	45.05202	776.39458	-836.02259	60.26430	940.17928	-875.79975	135.11581	624.39170	-839.36196	-36.26199	648.45945	-973.21780	66.85992	681.67698	-960.24767	-1.87680	692.43271	-873.70131	92.62516	337.42342	-934.90048	143.50324	312.92570	-1134.26293	152.34395	133.95005	-1123.31147	82.75341	140.41777	-1143.69692	111.35649	180.11827	-1103.44980	117.00319	94.51154	-786.04386	27.34386	381.37379	-817.00355	-32.92906	341.61076	-882.07536	-62.35770	78.09749	-909.95915	1.48069	90.17982	-931.65328	-45.01897	112.41491	-849.56912	-15.45465	70.76049	-808.18027	-104.10929	452.00542	-934.08316	210.83156	439.25928	-826.54929	-109.17365	232.37066	-1015.49081	209.95770	239.98786	
189	1.880	-959.20204	33.85581	965.14171	-943.11356	46.36775	778.25987	-827.37393	60.88084	942.58966	-864.97779	133.50463	625.43505	-831.02311	-38.15127	651.53007	-963.25517	67.54399	684.06996	-951.11385	-1.30425	695.74756	-856.07908	91.11486	340.34206	-916.81921	142.15222	314.69997	-1117.36967	151.48620	137.65477	-1105.49321	81.86907	142.85682	-1126.11340	109.71448	183.01976	-1086.24520	117.04203	97.64229	-784.56389	23.54585	381.48032	-816.76752	-36.52060	342.54190	-882.27958	-63.08956	78.28874	-909.79509	0.76653	91.02047	-931.75432	-45.86945	112.92897	-849.66856	-16.18086	70.98099	-805.10815	-107.37043	452.87657	-918.71550	209.50338	441.06449	-827.35996	-111.88904	232.22945	-998.21187	208.64745	243.51964	
190	1.890	-950.66123	34.65798	966.98547	-933.69351	47.42928	780.39332	-818.82839	61.60802	945.20221	-854.30590	131.86034	626.96475	-822.84195	-40.05925	654.58228	-953.39901	68.03693	686.76239	-942.08404	-0.90819	699.11649	-838.73254	89.66596	344.10332	-898.93285	140.91203	317.23304	-1099.60185	150.52354	140.78879	-1086.61118	80.90557	144.80978	-1107.90511	107.85259	185.22422	-1067.70124	117.12775	100.57488	-783.57771	20.14900	381.68822	-816.87058	-39.82402	343.55825	-882.43939	-63.56754	78.55644	-909.51599	0.32800	91.82092	-931.87134	-46.39499	113.42406	-849.65242	-16.70026	71.21868	-802.36961	-110.43688	453.69758	-903.46706	208.32533	443.54808	-828.48716	-114.34725	232.24448	-980.96389	207.36178	247.34209	
191	1.900	-942.17109	35.50647	969.04324	-924.43308	48.22087	782.72999	-810.35798	62.40079	947.95090	-843.79221	130.23668	628.90530	-814.79513	-41.93492	657.55031	-943.65478	68.37046	689.66224	-933.14994	-0.66062	702.46224	-821.66666	88.31103	348.59587	-881.24135	139.80393	320.42078	-1080.97866	149.47006	143.26720	-1066.76333	79.87560	146.24611	-1089.10324	105.84129	186.70129	-1047.91355	117.21011	103.22139	-782.98738	17.20874	381.97459	-817.20612	-42.77019	344.62452	-882.56891	-63.79357	78.91309	-909.14204	0.16274	92.59360	-932.00259	-46.59025	113.92964	-849.54250	-17.01468	71.47511	-799.87247	-113.23453	454.44013	-888.35622	207.32684	446.59802	-829.85300	-116.49673	232.41305	-963.69689	206.12264	251.28084	
192	1.910	-933.70349	36.33879	971.25426	-915.32634	48.74456	785.19859	-801.93308	63.21741	950.76076	-833.44408	128.68356	631.16126	-806.86462	-43.73275	660.37753	-934.03204	68.58742	692.66713	-924.31023	-0.52262	705.71020	-804.86635	87.08003	353.68845	-863.72338	138.84432	324.13659	-1061.52140	148.34610	145.04390	-1046.05583	78.79635	147.17008	-1069.73111	103.76095	187.45951	-1026.99783	117.24053	105.51911	-782.67879	14.72067	382.31812	-817.67299	-45.33637	345.71343	-882.67420	-63.79236	79.36488	-908.69198	0.24387	93.35630	-932.13711	-46.48178	114.47245	-849.35773	-17.14386	71.75317	-797.53128	-115.72242	455.09306	-873.39584	206.52895	450.07983	-831.36996	-118.32202	232.72507	-946.34035	204.95185	255.16453	
193	1.920	-925.23113	37.10050	973.55399	-906.36972	49.01884	787.72460	-793.52457	64.02218	953.55106	-823.26690	127.24285	633.62398	-799.03763	-45.41596	663.01771	-924.54318	68.73675	695.66926	-915.56992	-0.44883	708.79021	-788.30340	86.00065	359.23968	-846.34558	138.04471	328.24254	-1041.25995	147.17726	146.11385	-1024.59832	77.68908	147.61702	-1049.81002	101.69347	187.54259	-1005.08404	117.17942	107.43410	-782.53043	12.63388	382.69732	-818.17816	-47.53921	346.80445	-882.75076	-63.60660	79.90965	-908.17975	0.52468	94.12713	-932.25368	-46.12284	115.07215	-849.11043	-17.12132	72.05481	-795.26826	-117.88882	455.65911	-858.59779	205.94321	453.84750	-832.94330	-119.83862	233.16248	-928.81843	203.87072	258.84301	
194	1.930	-916.72940	37.74946	975.87681	-897.56182	49.07623	790.23344	-785.10584	64.78759	956.23897	-813.26274	125.94510	636.17896	-791.30556	-46.95874	665.43568	-915.20134	68.86817	698.56088	-906.93846	-0.39218	711.63830	-771.94354	85.09862	365.10678	-829.07196	137.41191	332.59962	-1020.23710	145.99254	146.51022	-1002.49887	76.57814	147.64556	-1029.36388	99.71398	187.02133	-982.30969	117.00162	108.96079	-782.42251	10.86826	383.08997	-818.63880	-49.42402	347.88252	-882.78528	-63.28984	80.53708	-907.61371	0.94634	94.92099	-932.32339	-45.58380	115.73946	-848.80579	-16.98867	72.37968	-793.01448	-119.74559	456.15033	-843.97666	205.57097	457.75401	-834.47695	-121.08479	233.70028	-911.06370	202.89899	262.20019	
195	1.940	-908.17799	38.25893	978.15849	-888.90278	48.95991	792.65331	-776.65474	65.49556	958.74349	-803.42921	124.80762	638.71314	-783.66213	-48.34715	667.60721	-906.01813	69.02717	701.23980	-898.42717	-0.30857	714.19856	-755.75324	84.39723	371.15259	-811.87236	136.94780	337.07629	-998.50986	144.82205	146.29701	-979.85951	75.48949	147.32745	-1008.42204	97.88412	185.98292	-958.81276	116.69928	110.11792	-782.24543	9.33248	383.47364	-818.98378	-51.05252	348.93657	-882.76000	-62.89810	81.23055	-906.99762	1.44684	95.74740	-932.31472	-44.94046	116.47638	-848.44388	-16.78941	72.72478	-790.71126	-121.32158	456.58304	-829.55188	205.40332	461.66038	-835.88134	-122.11204	234.30894	-893.02792	202.05323	265.16017	
196	1.950	-899.56220	38.61924	980.33851	-880.39315	48.71996	794.91773	-768.15504	66.13799	960.98914	-793.75853	123.83415	641.12137	-776.10112	-49.57869	669.51829	-897.00108	69.25084	703.61453	-890.04606	-0.16080	716.42470	-739.70590	83.91560	377.25051	-794.72920	136.64892	341.55434	-976.14791	143.69479	145.55817	-956.77269	74.44918	146.73645	-987.02035	96.24809	184.51883	-934.72507	116.28181	110.94165	-781.90628	7.93966	383.82652	-819.15466	-52.49124	349.95818	-882.65816	-62.48216	81.96986	-906.33261	1.96966	96.60978	-932.19934	-44.26271	117.27802	-848.02274	-16.56325	73.08464	-788.31124	-122.65614	456.97303	-815.34783	205.42136	465.44237	-837.08131	-122.97579	234.95719	-874.68873	201.34506	267.68650	
197	1.960	-890.87368	38.83794	982.36181	-872.03251	48.40944	796.96760	-759.59739	66.71648	962.90933	-784.23711	123.01589	643.31176	-768.61404	-50.66075	671.16395	-888.15139	69.56498	705.60872	-881.80069	0.07841	718.28138	-723.78716	83.66552	383.28707	-777.64193	136.50556	345.93210	-953.22951	142.63707	144.38527	-933.31920	73.48170	145.93806	-965.20063	94.83176	182.71332	-910.16690	115.77334	111.47714	-781.33284	6.61864	384.12851	-819.10588	-53.80214	350.94047	-882.46895	-62.08157	82.73415	-905.61920	2.47043	97.50590	-931.95743	-43.60559	118.13500	-847.54163	-16.34170	73.45208	-785.77840	-123.79329	457.33202	-801.39201	205.59694	468.99489	-838.02230	-123.72762	235.61484	-856.05185	200.77973	269.77565	
198	1.970	-882.11063	38.93839	984.18021	-863.81808	48.08064	798.75268	-750.97957	67.24132	964.44915	-774.84549	122.33388	645.20932	-761.18800	-51.60820	672.54674	-879.46206	69.98258	707.16429	-873.68943	0.42478	719.74509	-707.99883	83.64708	389.16239	-760.62911	136.50055	350.12487	-929.83637	141.67151	142.86530	-909.56797	72.60854	144.98127	-943.00936	93.64472	180.63385	-885.24358	115.20814	111.76967	-780.47453	5.32010	384.36212	-818.80392	-55.03625	351.87742	-882.19066	-61.72153	83.50436	-904.85898	2.92055	98.42916	-931.58094	-43.00430	119.03610	-847.00341	-16.14581	73.81915	-783.08665	-124.77695	457.66541	-787.71163	205.89362	472.23371	-838.67332	-124.40996	236.25515	-837.14922	200.35507	271.44669	
199	1.980	-873.27738	38.95712	985.75331	-855.74326	47.78189	800.23254	-742.30612	67.73002	965.56725	-765.55873	121.76203	646.75785	-753.80425	-52.44065	673.67497	-870.91683	70.50395	708.24319	-865.70137	0.88210	720.80429	-692.36120	83.84388	394.78857	-743.72812	136.60788	354.06299	-906.04872	140.81668	141.07045	-885.57785	71.84680	143.89308	-920.49643	92.68417	178.32445	-860.04473	114.62481	111.85667	-779.30054	4.01762	384.51325	-818.22524	-56.23049	352.76344	-881.83130	-61.41281	84.26507	-904.05548	3.30734	99.37046	-931.07429	-42.47374	119.97065	-846.41543	-15.98593	74.17813	-780.21685	-125.64734	457.97172	-774.32937	206.26777	475.09513	-839.02605	-125.05355	236.85649	-818.03384	200.06105	272.72924	
200	1.990	-864.38345	38.94023	987.04889	-847.79650	47.55494	801.37698	-733.58722	68.20547	966.23705	-756.34714	121.27054	647.92019	-746.43744	-53.17979	674.56098	-862.48983	71.11802	708.82757	-857.81541	1.44313	721.45891	-676.91341	84.21885	400.08672	-726.99298	136.79149	357.68833	-881.94199	140.08699	139.05109	-861.40157	71.20797	142.67627	-897.71476	91.93951	175.80269	-834.64645	114.06016	111.76162	-777.79539	2.70499	384.57163	-817.35285	-57.40725	353.59330	-881.40677	-61.15451	85.00554	-903.21408	3.63112	100.32026	-930.45231	-42.01209	120.93033	-845.78890	-15.86349	74.52232	-777.15264	-126.43865	458.24317	-761.25930	206.66988	477.53392	-839.08996	-125.67743	237.40325	-798.77278	199.87971	273.65201	
201	2.000	-855.44208	38.93914	988.04298	-839.96039	47.43311	802.16593	-724.83705	68.69393	966.44704	-747.17733	120.82912	648.67698	-739.05577	-53.84703	675.21934	-854.14633	71.80489	708.91849	-850.00042	2.09145	721.71915	-661.71169	84.71161	404.98316	-710.49065	137.00472	360.94983	-857.58652	139.49245	136.83261	-837.09167	70.69681	141.31028	-874.72157	91.39642	173.06042	-809.11664	113.54364	111.49038	-775.95274	1.39116	384.53077	-816.17197	-58.57599	354.36192	-880.93684	-60.93867	85.71992	-902.34114	3.89995	101.27048	-929.73590	-41.60752	121.91042	-845.13695	-15.77404	74.84655	-773.87576	-127.17769	458.46716	-748.50356	207.04596	479.52003	-838.88438	-126.29096	237.88595	-779.44013	199.78538	274.23374	
202	2.010	-846.46859	39.00639	988.71964	-832.21123	47.44017	802.58905	-716.07178	69.22292	966.20036	-738.01348	120.40970	649.02445	-731.62202	-54.46189	675.66531	-845.84418	72.53890	708.53351	-842.21645	2.80399	721.60368	-646.82583	85.23828	409.40582	-694.29638	137.19054	363.79927	-833.05084	139.03804	134.41638	-812.70826	70.31040	139.75494	-851.58174	91.03940	170.06798	-783.52304	113.09277	111.03064	-773.76818	0.09445	384.38724	-814.66499	-59.73591	355.06392	-880.44008	-60.75584	86.40691	-901.44230	4.12350	102.21613	-928.94628	-41.24620	122.91053	-844.47189	-15.71102	75.14725	-770.36175	-127.88351	458.62792	-736.05059	207.33931	481.03492	-838.42863	-126.89683	238.30053	-760.11119	199.74507	274.47787	
203	2.020	-837.47840	39.19153	989.07049	-824.51904	47.58987	802.64502	-707.30726	69.81933	965.51374	-728.81887	119.98850	648.97168	-724.09523	-55.04093	675.91340	-837.53619	73.29180	707.70355	-834.41705	3.55373	721.13761	-632.33397	85.69419	413.28178	-678.48843	137.28320	366.18812	-808.40864	138.72255	131.78433	-788.32803	70.03749	137.95662	-828.37336	90.85252	166.78145	-757.94339	112.71038	110.35414	-771.23191	-1.16289	384.13922	-812.80665	-60.87907	355.69274	-879.92855	-60.60027	87.06893	-900.52034	4.30721	103.15630	-928.09890	-40.91990	123.93470	-843.80221	-15.66932	75.42221	-766.57695	-128.56781	458.70815	-723.87500	207.49257	482.06805	-837.73211	-127.49443	238.64704	-740.85942	199.71912	274.37148	
204	2.030	-828.48531	39.53763	989.09433	-816.84796	47.88601	802.34080	-698.55682	70.50761	964.41604	-719.55749	119.54728	648.53786	-716.43298	-55.59738	675.97619	-829.17293	74.03571	706.46944	-826.55210	4.31225	720.35026	-618.31645	85.95966	416.53667	-663.14274	137.21133	368.06623	-783.74884	138.53725	128.90646	-764.05365	69.85836	135.85614	-805.19486	90.81856	163.15209	-732.47651	112.38386	109.42157	-768.32222	-2.35887	383.78441	-810.56002	-61.99312	356.23930	-879.40322	-60.47379	87.71111	-899.57268	4.44792	104.09451	-927.19788	-40.63183	124.99121	-843.12994	-15.64804	75.66992	-762.47730	-129.23586	458.69006	-711.93906	207.45019	482.61419	-836.78588	-128.08264	238.92778	-721.75641	199.66217	273.88853	
205	2.040	-819.49982	40.07856	988.79667	-809.15726	48.32290	801.69089	-689.82931	71.30816	962.94641	-710.19595	119.07400	647.75010	-708.59385	-56.14118	675.86342	-820.70599	74.74531	704.87880	-818.57118	5.05177	719.27318	-604.84929	85.90854	419.09668	-648.32782	136.90266	369.38312	-759.18729	138.46487	125.75007	-740.02217	69.74555	133.39767	-782.17288	90.91729	159.13706	-707.25276	112.08660	108.18952	-765.00070	-3.47444	383.31755	-807.87398	-63.06342	356.69038	-878.85071	-60.38773	88.34024	-898.58878	4.53182	105.03842	-926.23154	-40.39949	126.09198	-842.44870	-15.65189	75.88869	-758.00919	-129.88774	458.55606	-700.19568	207.16145	482.67219	-835.55706	-128.66170	239.14529	-702.87480	199.52478	272.99651	
206	2.050	-810.52791	40.83701	988.18946	-801.40271	48.88612	800.71672	-681.12753	72.23602	961.15233	-700.70538	118.56287	646.64182	-700.53988	-56.67922	675.58144	-812.09120	75.39915	702.98356	-810.42688	5.74645	717.93863	-591.99795	85.41902	420.89322	-634.10034	136.29019	370.09177	-734.87790	138.47946	122.28955	-716.41099	69.66568	130.53805	-759.46916	91.12411	154.71024	-682.44217	111.78173	106.61837	-761.20972	-4.49476	382.72810	-804.68260	-64.07434	357.02718	-878.24156	-60.36263	88.96381	-897.54752	4.53490	105.99896	-925.16953	-40.25419	127.25174	-841.74259	-15.69121	76.07573	-753.11194	-130.51964	458.28889	-688.59244	206.58385	482.24544	-833.98689	-129.23380	239.30043	-684.29329	199.25617	271.66539	
207	2.060	-801.57031	41.82339	987.29102	-793.53840	49.55335	799.44621	-672.44740	73.29986	959.08764	-691.06347	118.01420	645.25218	-692.23882	-57.21568	675.13287	-803.29179	75.97993	700.83829	-802.07796	6.37302	716.37850	-579.81219	84.38611	421.86989	-620.50199	135.31954	370.15468	-711.02075	138.54802	118.51536	-693.43964	69.58265	127.25541	-737.28471	91.40985	149.87197	-658.25822	111.42769	104.68055	-756.87267	-5.40924	381.99856	-800.90652	-65.00977	357.22412	-877.52998	-60.42578	89.58931	-896.41500	4.42579	106.98908	-923.96138	-40.23726	128.48695	-840.98594	-15.78051	76.22628	-747.72151	-131.12493	457.87145	-677.07665	205.68706	481.34397	-831.99255	-129.80261	239.39069	-666.10230	198.80809	269.87723	
208	2.070	-792.62228	43.03541	986.12605	-785.51885	50.29532	797.91355	-663.77776	74.50110	956.81067	-681.25658	117.43392	643.62614	-683.66601	-57.75209	674.51684	-794.28111	76.47402	698.49946	-793.49206	6.91070	714.62401	-568.32245	82.73462	421.99084	-607.55797	133.95694	369.55137	-687.86458	138.63392	114.44112	-671.36587	69.46222	123.55628	-715.85920	91.74264	144.65641	-634.95577	110.98543	102.36769	-751.89697	-6.21093	381.10381	-796.45636	-65.85313	357.24869	-876.65475	-60.60717	90.22368	-895.14258	4.17063	108.02223	-922.53654	-40.39378	129.81462	-840.14368	-15.93598	76.33302	-741.77456	-131.69488	457.28662	-665.60118	204.45714	479.98793	-829.47227	-130.37177	239.40923	-648.40866	198.14022	267.63474	
209	2.080	-783.67399	44.45828	984.72575	-777.30133	51.07680	796.15912	-655.10110	75.83352	954.38260	-671.28159	116.83322	641.81506	-674.80573	-58.28730	673.72955	-785.04483	76.87024	696.02551	-784.64770	7.34068	712.70593	-557.53824	80.43187	421.24942	-595.27764	132.19693	368.28605	-665.70142	138.70239	110.10787	-650.47524	69.27788	119.48036	-695.46389	92.09196	139.13552	-612.82186	110.42622	99.69608	-746.17945	-6.89559	380.01214	-791.23762	-66.58710	357.06224	-875.54100	-60.93435	90.87317	-893.66575	3.73895	109.11081	-920.80547	-40.76457	131.25094	-839.17212	-16.17235	76.38593	-735.21247	-132.21893	456.51732	-654.13101	202.90088	478.21168	-826.31281	-130.94291	239.34469	-631.33790	197.22681	264.96735	
210	2.090	-774.71147	46.06549	983.12793	-768.84834	51.85770	794.22936	-646.39490	77.28304	951.86596	-661.14764	116.22809	639.87734	-665.65205	-58.81704	672.76525	-775.58229	77.15852	693.47736	-775.53561	7.64556	710.65532	-547.44890	77.49865	419.67554	-583.65746	130.06905	366.39402	-644.85226	138.72736	105.58500	-631.06397	69.01703	115.10203	-676.38725	92.43427	133.41871	-592.15924	109.73909	96.70936	-739.61378	-7.46076	378.68772	-785.15681	-67.19347	356.62219	-874.10250	-61.42712	91.54323	-891.90376	3.10990	110.26470	-918.66186	-41.37803	132.80995	-838.01977	-16.49985	76.37263	-727.98493	-132.68481	455.54694	-642.65030	201.04985	476.06744	-822.39827	-131.51348	239.18180	-615.03281	196.06398	261.93367	
211	2.100	-765.71798	47.81990	981.37693	-760.12996	52.59433	792.17665	-637.63365	78.82798	949.32355	-650.87719	115.63896	637.87873	-656.20911	-59.33341	671.61780	-765.90707	77.32867	690.91901	-766.15917	7.80885	708.50462	-538.02648	74.01689	417.34029	-572.68612	127.64217	363.94542	-625.64381	138.69866	100.96751	-613.41605	68.68683	110.52822	-658.91363	92.75941	127.64778	-573.26368	108.93685	93.47812	-732.09904	-7.90520	377.09478	-778.12806	-67.65330	355.88553	-872.24432	-62.09292	92.23877	-889.76037	2.27752	111.49008	-915.98570	-42.24288	134.50215	-836.62795	-16.92172	76.27945	-720.05297	-133.07849	454.36060	-631.16929	198.96349	473.62770	-817.61902	-132.07518	238.90305	-599.64783	194.67685	258.61980	
212	2.110	-756.67582	49.67527	979.52331	-751.12597	53.24106	790.05878	-628.79137	80.43969	946.81740	-640.50632	115.09027	635.89179	-646.49088	-59.82424	670.28249	-756.04642	77.36978	688.41786	-756.53403	7.81513	706.28879	-529.23072	70.13257	414.35673	-562.35125	125.02558	361.04523	-608.37848	138.62798	96.36991	-597.77701	68.31819	105.89241	-643.29685	93.07634	121.98744	-556.39707	108.05916	90.09604	-723.54859	-8.22870	375.20294	-770.07985	-67.94763	354.81344	-869.86578	-62.92363	92.96443	-887.12606	1.25447	112.78861	-912.64756	-43.34324	136.33330	-834.93115	-17.43283	76.09319	-711.39156	-133.38442	452.94723	-619.73025	196.73050	470.98527	-811.87986	-132.61308	238.49125	-585.33925	193.12482	255.13369	
213	2.120	-747.56821	51.57811	977.62305	-741.82758	53.75223	787.93810	-619.84429	82.08359	944.40799	-630.08398	114.60988	633.99429	-636.52047	-60.27259	668.75824	-746.03983	77.27036	686.04428	-746.68697	7.65072	704.04628	-521.01542	66.05210	410.87578	-552.64675	122.36586	357.82887	-593.30128	138.55229	91.91708	-584.32768	67.96689	101.34505	-629.73236	93.41680	116.61186	-541.76006	107.17191	86.67286	-713.89856	-8.43225	372.99321	-760.96123	-68.05871	353.37675	-866.86363	-63.89462	93.72509	-883.88172	0.07320	114.15712	-908.51407	-44.63694	138.30352	-832.85697	-18.01985	75.80334	-701.99184	-133.58610	451.30237	-608.41106	194.46768	468.25055	-805.10655	-133.10598	237.93281	-572.25234	191.50369	251.59630	
214	2.130	-738.38135	53.46988	975.73626	-732.23858	54.08461	785.88010	-610.77350	83.72070	942.15353	-619.67001	114.22829	632.26635	-626.32899	-60.65658	667.04997	-735.93641	77.01949	683.87026	-736.65401	7.30515	701.81966	-513.33538	62.03124	407.07723	-543.57922	119.83890	354.45345	-580.56891	138.53308	87.73304	-573.16202	67.71074	97.04121	-618.33250	93.83555	111.68885	-529.46808	106.36220	83.32494	-703.11505	-8.51831	370.46394	-750.74697	-67.97171	351.56158	-863.13558	-64.96625	94.52639	-879.90397	-1.21575	115.58788	-903.45486	-46.05780	140.40674	-830.32601	-18.66286	75.40485	-691.86274	-133.66697	449.43164	-597.32509	192.31525	465.54587	-797.25028	-133.52792	237.22158	-560.50703	189.94287	248.13081	
215	2.140	-729.10629	55.28954	973.92539	-722.37573	54.20012	783.95132	-601.56731	85.30957	940.10912	-609.33196	113.97741	630.78654	-615.95403	-60.94971	665.17084	-725.79159	76.60878	681.96705	-726.47794	6.77312	699.65559	-506.15309	58.35617	403.15633	-535.17234	117.63722	351.08561	-570.22685	138.65085	83.92882	-564.27330	67.64243	93.12682	-609.10987	94.40645	107.36342	-519.53533	105.72922	80.16445	-691.19936	-8.49099	367.63602	-739.44139	-67.67637	349.37450	-858.58420	-66.08796	95.37529	-875.07200	-2.54823	117.06935	-897.35076	-47.52166	142.63067	-827.25162	-19.33834	74.90081	-681.03207	-133.61169	447.35416	-586.61632	190.42832	462.99729	-788.28994	-133.85073	236.36265	-550.18473	188.59676	244.85142	
216	2.150	-719.74043	56.97637	972.25287	-712.26832	54.06880	782.21689	-592.22312	86.80851	938.32587	-599.14084	113.88904	629.62705	-605.43785	-61.12178	663.14413	-715.66312	76.03491	680.40187	-716.20551	6.05679	697.60412	-499.44416	55.31765	399.30745	-527.46766	115.95315	347.88729	-562.19989	138.99501	80.59124	-557.55155	67.85866	89.72511	-601.97272	95.21399	103.74300	-511.86983	105.37212	77.28884	-678.19073	-8.35555	364.55637	-727.08019	-67.16854	346.84653	-853.12087	-67.20435	96.28054	-869.27531	-3.85349	118.58748	-890.10301	-48.93577	144.95727	-823.54003	-20.02301	74.30491	-669.54646	-133.40742	445.10549	-576.44910	188.96429	460.72474	-778.23207	-134.04716	235.37568	-541.31904	187.63034	241.85325	
217	2.160	-710.28871	58.47315	970.77842	-701.95700	53.67168	780.73745	-582.74852	88.17809	936.84978	-589.16614	113.99287	628.84866	-594.82538	-61.14052	661.00455	-705.60699	75.30228	679.23402	-705.88447	5.16780	695.71729	-493.20039	53.18085	395.70690	-520.52137	114.95956	345.00147	-556.29901	139.65041	77.77419	-552.79352	68.44646	86.92517	-596.73445	96.34096	100.88666	-506.28136	105.37658	74.77221	-664.16594	-8.11729	361.29925	-713.73006	-66.45091	344.03520	-846.66981	-68.26234	97.25290	-862.42176	-5.06248	120.12723	-881.64238	-50.21005	147.36371	-819.09106	-20.69771	73.64309	-657.46989	-133.04478	442.73922	-566.99329	188.06736	458.83188	-767.10892	-134.09412	234.29704	-533.89252	187.20020	239.20481	
218	2.170	-700.76415	59.72940	969.55617	-691.49174	53.00327	779.56606	-573.16162	89.38358	935.72044	-579.47074	114.31431	628.49599	-584.16215	-60.97376	658.79855	-695.67345	74.42507	678.51091	-695.56076	4.12866	694.04701	-487.43020	52.15425	392.49740	-514.39694	114.79017	342.54001	-552.24443	140.68239	75.49431	-549.72396	69.46890	84.77443	-593.13576	97.85360	98.80021	-502.50140	105.80215	72.65985	-649.23585	-7.77950	357.96484	-699.48583	-65.53286	341.02401	-839.17158	-69.21812	98.30502	-854.44467	-6.11635	121.67418	-871.93719	-51.26845	149.82378	-813.79960	-21.35061	72.95402	-644.88061	-132.51839	440.32670	-558.40615	187.85178	457.39716	-754.97495	-133.97535	233.18020	-527.84085	187.43341	236.94392	
219	2.180	-691.18775	60.70457	968.63176	-680.92933	52.07322	778.74506	-563.49053	90.39735	934.96955	-570.10617	114.87223	628.59382	-573.49216	-60.59205	656.58349	-685.90382	73.42838	678.26436	-685.27603	2.97298	692.64246	-482.15596	52.36260	389.77678	-509.15470	115.52227	340.57539	-549.70065	142.12306	73.73191	-548.02432	70.95228	83.27612	-590.87553	99.78624	97.43819	-500.21181	106.67262	70.96685	-633.53869	-7.34097	354.67486	-684.46509	-64.42924	337.91918	-830.58585	-70.04265	99.45080	-845.30823	-6.97352	123.21591	-860.99864	-52.05840	152.30946	-807.55820	-21.97905	72.28798	-631.86628	-131.82677	437.95459	-550.81354	188.38652	456.46724	-741.90213	-133.68310	232.09405	-523.06362	188.40791	235.07772	
220	2.190	-681.58770	61.37101	968.03985	-670.33037	50.90689	778.30352	-553.77193	91.20077	934.61945	-561.10898	115.67695	629.14485	-562.85611	-59.97140	654.42555	-676.32824	72.34775	678.50797	-675.06581	1.74428	691.54723	-477.40848	53.82844	387.59272	-504.83989	117.16469	339.13757	-548.31651	143.96116	72.43707	-547.36377	72.87713	82.39212	-589.64420	102.12842	96.71255	-499.07710	107.97062	69.68056	-617.23097	-6.79343	351.56552	-668.80070	-63.15833	334.84370	-820.89301	-70.72453	100.70424	-835.00996	-7.61413	124.74285	-848.88224	-52.55652	154.79251	-800.26079	-22.58939	71.70420	-618.51786	-130.97167	435.72020	-544.29344	189.68418	456.05410	-727.97486	-133.21846	231.11903	-519.43943	190.13785	233.58662	
221	2.200	-671.99800	61.71627	967.80215	-659.75634	49.54461	778.25527	-544.04894	91.78562	934.68159	-552.49859	116.72868	630.12949	-552.28982	-59.09576	652.39632	-666.96478	71.22705	679.23561	-664.95848	0.49323	690.79636	-473.21940	56.46608	385.94438	-501.47121	119.65328	338.21625	-547.76223	146.13747	71.53966	-547.42735	75.17476	82.05056	-589.15322	104.81684	96.50638	-498.77483	109.63751	68.76617	-600.47668	-6.11994	348.77842	-652.63179	-61.73926	331.92921	-810.09449	-71.26975	102.07783	-823.58001	-8.04102	126.24866	-835.68445	-52.76967	157.24599	-791.80773	-23.19499	71.26660	-604.92286	-129.95706	433.72516	-538.86438	191.69667	456.13583	-713.28473	-132.59045	230.34136	-516.84148	192.56689	232.43128	
222	2.210	-662.45642	61.74465	967.92618	-649.26673	48.03953	778.59802	-534.36840	92.15471	935.15530	-544.27694	118.01689	631.50759	-541.82316	-57.95898	650.56846	-657.81978	70.11476	680.42144	-654.97495	-0.72639	690.41367	-469.61223	60.08995	384.79013	-499.03168	122.85524	337.76763	-547.75720	148.54708	70.96127	-547.93710	77.73051	82.15690	-589.15589	107.73474	96.69037	-499.01962	111.57846	68.17410	-583.43616	-5.29475	346.45016	-636.09428	-60.18955	329.30659	-798.21159	-71.69844	103.58061	-811.07715	-8.27716	127.72983	-821.53434	-52.73111	159.64535	-782.11196	-23.81266	71.03834	-591.15872	-128.78809	432.06803	-534.48117	194.31886	456.66102	-697.92565	-131.81397	229.84619	-515.14988	195.57116	231.56146	
223	2.220	-653.00202	61.47760	968.40500	-638.91661	46.45428	779.31352	-524.77768	92.32163	936.02693	-536.42990	119.52042	633.22188	-531.47946	-56.56587	649.01057	-648.88955	69.05914	682.02126	-645.12914	-1.86254	690.40962	-466.59317	64.43676	384.05974	-497.46346	126.58229	337.72421	-548.08496	151.04859	70.62663	-548.66450	80.39388	82.60642	-589.45748	110.71982	97.13916	-499.57803	113.67225	67.84775	-566.25593	-4.28524	344.70216	-619.31186	-58.52333	327.09643	-785.28319	-72.03941	105.21642	-797.58211	-8.36012	129.18502	-806.58111	-52.49276	161.96935	-771.10598	-24.45823	71.07612	-577.28745	-127.47026	430.83706	-531.03876	197.39976	457.55575	-681.98955	-130.90720	229.71028	-514.25790	198.97173	230.92470	
224	2.230	-643.67246	60.95278	969.21774	-628.75474	44.85663	780.36879	-515.32151	92.30961	937.26940	-528.93022	121.20876	635.20280	-521.27546	-54.93226	647.78200	-640.16283	68.10302	683.97510	-635.42909	-2.86997	690.77980	-464.14316	69.19808	383.66804	-496.66731	130.61093	338.00562	-548.59523	153.47946	70.47245	-549.43432	82.99439	83.29625	-589.91507	113.58057	97.74479	-500.27392	115.78449	67.73033	-549.06036	-3.05589	343.63172	-602.38867	-56.75054	325.40057	-771.36245	-72.32373	106.98266	-783.18924	-8.33469	130.61434	-790.97918	-52.11546	164.20068	-758.74887	-25.14212	71.42483	-563.35206	-126.00908	430.10378	-528.38379	200.75963	458.73204	-665.56269	-129.88897	229.99535	-514.07134	202.55488	230.47359	
225	2.240	-634.50124	60.22190	970.33114	-618.82222	43.31476	781.71838	-506.03874	92.14961	938.84257	-521.74148	123.04402	637.37390	-511.22170	-53.08404	646.92806	-631.62383	67.27902	686.21053	-625.87841	-3.71459	691.50439	-462.21239	74.05815	383.52761	-496.50703	134.70692	338.52862	-549.19549	155.67561	70.45257	-550.12180	85.36157	84.13527	-590.42988	116.11929	98.42565	-500.98559	117.78273	67.77003	-531.94625	-1.57380	343.30556	-585.40443	-54.87736	324.29559	-756.51311	-72.57852	108.86986	-767.99807	-8.24521	132.01883	-774.87312	-51.65918	166.32653	-745.03262	-25.86584	72.11366	-549.37530	-124.41020	429.91854	-526.33184	204.20976	460.09673	-648.72277	-128.77651	230.74289	-514.50214	206.09707	230.17032	
226	2.250	-625.51518	59.34720	971.70165	-609.15172	41.89241	783.30722	-496.95965	91.87776	940.69415	-514.82241	124.98364	639.65727	-501.32343	-51.05538	646.47624	-623.25537	66.60595	688.64661	-616.47794	-4.37662	692.54847	-460.71857	78.73068	383.55836	-496.81810	138.65038	339.21506	-549.83592	157.49230	70.53879	-550.64553	87.34584	85.05059	-590.93557	118.15831	99.12991	-501.63727	119.55127	67.92302	-514.98036	0.18545	343.75659	-568.41226	-52.90778	323.82909	-740.80591	-72.82214	110.86234	-752.10568	-8.12898	133.40057	-758.38502	-51.17503	168.33913	-729.98639	-26.61984	73.15419	-535.36060	-122.68007	430.30814	-524.68739	207.57201	461.55971	-631.53678	-127.58400	231.97095	-515.45906	209.39075	229.98843	
227	2.260	-616.73227	58.39697	973.27813	-599.76711	40.64462	785.07408	-488.10379	91.53231	942.76150	-508.13099	126.98321	641.97845	-491.58172	-48.88631	646.43378	-615.04151	66.08711	691.19799	-607.22726	-4.85199	693.86343	-459.54975	82.98854	383.69313	-497.41947	142.25772	339.99702	-550.49215	158.82323	70.71832	-550.95865	88.83747	85.99033	-591.38619	119.56533	99.83389	-502.18754	121.00388	68.15444	-498.19991	2.23244	344.98397	-551.43944	-50.84583	324.01879	-724.31556	-73.06143	112.93983	-735.60120	-8.01160	134.76322	-741.60621	-50.70021	170.23625	-713.67791	-27.38318	74.54082	-521.29501	-120.82679	431.27583	-523.26303	210.69507	463.04079	-614.05991	-126.32214	233.67337	-516.83840	212.26729	229.91197	
228	2.270	-608.16022	57.44041	975.00489	-590.68333	39.61413	786.95496	-479.47861	91.15059	944.97405	-501.62771	128.99939	644.27031	-481.99485	-46.62014	646.78689	-606.96945	65.71053	693.77899	-598.12595	-5.15184	695.38926	-458.57163	86.68242	383.87939	-498.12674	145.39747	340.81935	-551.14940	159.61459	70.98881	-551.04009	89.78018	86.92298	-591.74634	120.27300	100.53666	-502.61764	122.09237	68.43791	-481.61569	4.56036	346.95632	-534.49059	-48.69802	324.85436	-707.11861	-73.29105	115.07956	-718.56262	-7.90490	136.11274	-724.59466	-50.25620	172.02136	-696.21112	-28.12492	76.25319	-507.15387	-118.86120	432.80342	-521.89470	213.46595	464.47471	-596.33560	-124.99855	235.82141	-518.51804	214.61365	229.93303	
229	2.280	-599.79564	56.54236	976.82462	-581.90653	38.82906	788.88653	-471.07903	90.76604	947.25638	-495.27763	130.99233	646.47583	-472.55964	-44.30088	647.50165	-599.03046	65.45117	696.30759	-589.17437	-5.30031	697.05757	-457.63852	89.74643	384.07820	-498.76510	147.99817	341.63994	-551.79090	159.87146	71.35262	-550.88719	90.17736	87.83411	-591.98516	120.28921	101.25244	-502.92135	122.81000	68.75395	-465.21703	7.14359	349.61717	-517.55276	-46.47553	326.30139	-689.29219	-73.49485	117.25849	-701.05591	-7.80705	137.45774	-707.37775	-49.84942	173.70328	-677.72006	-28.80704	78.25990	-492.90665	-116.79780	434.85472	-520.45118	215.81560	465.81402	-578.39717	-123.61893	238.36742	-520.35659	216.38091	230.04837	
230	2.290	-591.62419	55.75833	978.68121	-573.43418	38.30164	790.80904	-462.88789	90.40572	949.53167	-489.05109	132.92755	648.54954	-463.27273	-41.97106	648.52639	-591.21970	65.27475	698.70905	-580.37395	-5.33097	698.79529	-456.60660	92.19144	384.26146	-499.18058	150.04804	342.42849	-552.39173	159.65563	71.81164	-550.50999	90.08956	88.72152	-592.07423	119.69576	102.00250	-503.09773	123.18916	69.08816	-448.97804	9.93852	352.89183	-500.60193	-44.19569	328.30680	-670.91338	-73.64863	119.45517	-683.13567	-7.70447	138.80883	-689.95939	-49.47339	175.29480	-658.35930	-29.38863	80.52259	-478.52391	-114.65563	437.37998	-518.83704	217.71913	467.02963	-560.27082	-122.18867	241.25022	-522.19858	217.58382	230.25597	
231	2.300	-583.62134	55.13030	980.52219	-565.25533	38.02837	792.66874	-454.87730	90.08848	951.72538	-482.92310	134.77704	650.45801	-454.13150	-39.67002	649.79533	-583.53509	65.14253	700.91911	-571.72691	-5.28238	700.52855	-455.34738	94.08907	384.40884	-499.24874	151.58727	343.16463	-552.91821	159.07512	72.36349	-549.92721	89.62407	89.59007	-591.98887	118.63575	102.80811	-503.14708	123.29410	69.42943	-432.86457	12.88604	356.69466	-483.61030	-41.88266	330.80477	-652.05868	-73.72381	121.65062	-664.84658	-7.57468	140.17672	-672.32943	-49.11145	176.81039	-638.29197	-29.83057	82.99947	-463.98470	-112.45892	440.32034	-516.99021	219.19126	468.10933	-541.97983	-120.71459	244.40114	-523.88486	218.29208	230.55219	
232	2.310	-575.75402	54.68383	982.30059	-557.35088	37.99112	794.41959	-447.01063	89.82388	953.76874	-476.87177	136.51967	652.17923	-445.13463	-37.43283	651.23297	-575.97548	65.01635	702.88654	-563.23559	-5.19348	702.18668	-453.75946	95.55014	384.50509	-498.88049	152.69525	343.83574	-553.33170	158.26755	72.99968	-549.16366	88.91834	90.44703	-591.71112	117.29209	103.68516	-503.06964	123.20994	69.76865	-416.84114	15.91507	360.93587	-466.55369	-39.56723	333.72260	-632.80308	-73.69126	123.82824	-646.22470	-7.38968	141.56900	-654.47314	-48.73922	178.26286	-617.67709	-30.10024	85.64757	-449.28417	-110.23753	443.61173	-514.87579	220.27847	469.05471	-523.54934	-119.20642	247.75009	-525.26654	218.61556	230.92968	
233	2.320	-567.98263	54.42651	983.97625	-549.69405	38.15935	796.02440	-439.24510	89.61193	955.60201	-470.87606	138.14092	653.70154	-436.28223	-35.28976	652.75906	-568.53844	64.86335	704.57496	-554.90144	-5.09935	703.70577	-451.77709	96.70210	384.53833	-498.02484	153.47500	344.43511	-553.59486	157.38028	73.70548	-548.24844	88.12051	91.29858	-591.23329	115.86119	104.64107	-502.86638	123.03010	70.09790	-400.87743	18.94649	365.52724	-449.41875	-37.28578	336.98572	-613.21809	-73.52490	125.97242	-627.29826	-7.11918	142.98617	-636.37879	-48.32700	179.65923	-596.65746	-30.17521	88.42356	-434.44023	-108.02717	447.18774	-512.47847	221.04925	469.87706	-505.01081	-117.67790	251.23050	-526.21976	218.68592	231.37639	
234	2.330	-560.26347	54.34804	985.51652	-542.25113	38.49296	797.45516	-431.53449	89.44364	957.17700	-464.91345	139.63204	655.02200	-427.57538	-33.26616	654.29337	-561.21810	64.65972	705.96363	-546.72382	-5.02782	705.03167	-449.37434	97.66892	384.49919	-496.66884	154.03774	344.96047	-553.67854	156.55113	74.46126	-547.21377	87.37028	92.14787	-590.56043	114.52691	105.67373	-502.54075	122.84400	70.41020	-384.95389	21.89705	370.38621	-432.20895	-35.07858	340.52130	-593.36867	-73.20450	128.06616	-608.08768	-6.73378	144.41765	-618.04196	-47.84210	180.99649	-575.35007	-30.04555	91.28326	-419.49846	-105.86915	450.98115	-509.79523	221.58400	470.59325	-486.40507	-116.14713	254.78269	-526.65857	218.63790	231.87568	
235	2.340	-552.55128	54.42188	986.89643	-534.98243	38.94549	798.69294	-423.83199	89.30226	958.45879	-458.95803	140.98901	656.14475	-419.01524	-31.38264	655.76016	-554.00334	64.39306	707.04722	-538.69883	-4.99726	706.12207	-446.56462	98.55616	384.38064	-494.83487	154.48939	345.41305	-553.56726	155.89257	75.24462	-546.09387	86.78323	92.99438	-589.71109	113.43909	106.77233	-502.10050	122.72711	70.69957	-369.06610	24.68332	375.43814	-414.94897	-32.98755	344.26031	-573.30946	-72.71758	130.08814	-588.60538	-6.20772	145.83860	-599.46635	-47.25159	182.25778	-553.83990	-29.71419	94.18032	-404.53409	-103.80952	454.92410	-506.82970	221.96575	471.22188	-467.78349	-114.63605	258.35487	-526.54332	218.59304	232.40745	
236	2.350	-544.80166	54.60806	988.09839	-527.84362	39.46753	799.72721	-416.09267	89.16498	959.42651	-452.97917	142.21139	657.07933	-410.60177	-29.65536	657.09187	-546.87666	64.06312	707.83443	-530.81821	-5.01573	706.94759	-443.39574	99.44228	384.17839	-492.57544	154.92080	345.79701	-553.26215	155.48176	76.03284	-544.92367	86.44069	93.83448	-588.71595	112.69993	107.91940	-501.55869	122.73436	70.96136	-353.22772	27.22580	380.61653	-397.68678	-31.05349	348.13793	-553.08102	-72.06018	132.00968	-568.85573	-5.52137	147.20819	-580.66174	-46.52544	183.40967	-532.17798	-29.19550	97.06451	-389.65013	-101.89727	458.94727	-503.58844	222.27264	471.78052	-449.20668	-113.16926	261.90199	-525.88285	218.64800	232.95008	
237	2.360	-536.97320	54.85710	989.11154	-520.78739	40.00987	800.55485	-408.27567	89.00498	960.07318	-446.94126	143.30123	657.83916	-402.33222	-28.09627	658.23181	-539.81377	63.68098	708.34564	-523.06857	-5.08142	707.49173	-439.94152	100.37612	383.89126	-489.96568	155.40190	346.11921	-552.78071	155.35728	76.80514	-543.73730	86.38592	94.66266	-587.61462	112.35954	109.09371	-500.93352	122.89762	71.19258	-337.47183	29.45344	385.86136	-380.49313	-29.31313	352.09234	-532.70717	-71.23675	133.79242	-548.83595	-4.66311	148.46967	-561.64034	-45.63993	184.40108	-510.38374	-28.51254	99.88035	-374.97134	-100.18124	462.97847	-500.07892	222.57256	472.28402	-430.74106	-111.77192	265.38249	-524.73009	218.86834	233.48268	
238	2.370	-529.02924	55.11429	989.93081	-513.76525	40.52631	801.17878	-400.34580	88.79363	960.40451	-440.80438	144.26229	658.44027	-394.19946	-26.71323	659.13579	-532.78407	63.26674	708.60963	-515.43090	-5.18433	707.74975	-436.29093	101.37934	383.52147	-487.09429	155.97990	346.38896	-552.15370	155.52209	77.54452	-542.56637	86.62635	95.47304	-586.45107	112.42005	110.27328	-500.24687	123.22673	71.39222	-321.85062	31.30857	391.11577	-363.45847	-27.79587	356.06241	-512.19453	-70.25919	135.38704	-528.53847	-3.63069	149.55227	-542.41336	-44.58073	185.16412	-488.45125	-27.69345	102.56618	-360.63423	-98.70597	466.94136	-496.30859	222.91998	472.74376	-412.45377	-110.46722	268.75376	-523.17164	219.28793	233.98743	
239	2.380	-520.93915	55.32409	990.55580	-506.72942	40.97591	801.60648	-392.27453	88.50255	960.43699	-434.52581	145.09958	658.90011	-386.19058	-25.50996	659.77254	-525.75179	62.84628	708.65979	-507.88041	-5.30875	707.72671	-432.53606	102.45229	383.07468	-484.05310	156.68055	346.61765	-551.41995	155.95109	78.23889	-541.43810	87.14034	96.26088	-585.26858	112.84613	111.43835	-499.52190	123.71344	71.56141	-306.43348	32.75203	396.32146	-346.68755	-26.52069	359.98475	-491.53481	-69.14540	136.73351	-507.95505	-2.43192	150.37461	-522.98910	-43.34544	185.61690	-466.35874	-26.76770	105.05426	-346.77431	-97.50662	470.75477	-492.28417	223.35470	473.16769	-394.40693	-109.27372	271.96713	-521.31324	219.91279	234.45135	
240	2.390	-512.67915	55.43422	990.98955	-499.63458	41.32459	801.84838	-384.04053	88.10549	960.19542	-428.06216	145.81912	659.23647	-378.28576	-24.48587	660.12320	-518.67754	62.44737	708.53017	-500.38687	-5.43622	707.43490	-428.76029	103.58115	382.55936	-480.92653	157.51145	346.81811	-550.62014	156.60127	78.88173	-540.37366	87.88667	97.02373	-584.10486	113.57893	112.57380	-498.78012	124.33691	71.70340	-291.30344	33.76805	401.41365	-330.29246	-25.49331	363.79064	-470.71020	-67.91769	137.76296	-487.08273	-1.08474	150.84921	-503.37365	-41.94512	185.66827	-444.08021	-25.76286	107.27166	-333.51182	-96.60356	474.33316	-488.01075	223.90205	473.56060	-376.65230	-108.20265	274.96371	-519.26354	220.72782	234.86732	
241	2.400	-504.23267	55.39895	991.23724	-492.43936	41.54619	801.91613	-375.62963	87.57984	959.71004	-421.37176	146.42808	659.46634	-370.45766	-23.63589	660.17995	-511.52028	62.09586	708.25165	-492.91518	-5.54855	706.89097	-425.02762	104.74498	381.98577	-477.78145	158.46622	347.00334	-549.79093	157.42202	79.47213	-539.38661	88.81438	97.76228	-582.98805	114.55025	113.67098	-498.03862	125.06964	71.82331	-276.55245	34.36832	406.31640	-314.38467	-24.70402	367.40359	-449.70151	-66.60127	138.40121	-465.93146	0.38329	150.88787	-483.57458	-40.40484	185.22399	-421.59830	-24.70210	109.14236	-320.93817	-95.99744	477.58832	-483.49033	224.57405	473.92431	-359.22738	-107.25595	277.67219	-517.11850	221.70451	235.23415	
242	2.410	-495.59038	55.18150	991.30492	-485.10746	41.62292	801.82106	-367.03447	86.90777	959.01364	-414.41696	146.93495	659.60465	-362.67160	-22.95036	659.94421	-504.23920	61.81242	707.84880	-485.42640	-5.63049	706.11332	-421.37412	105.92119	381.36432	-474.65853	159.52864	347.18484	-548.96015	158.36380	80.01465	-538.48184	89.87153	98.48064	-581.93386	115.69436	114.72888	-497.30800	125.88257	71.92769	-262.27549	34.59458	410.93931	-299.06709	-24.12635	370.73816	-428.49849	-65.22322	138.57356	-444.53263	1.93585	150.40736	-463.60738	-38.76325	184.19417	-398.91715	-23.60300	110.59024	-309.10458	-95.66568	480.43242	-478.71991	225.37095	474.25745	-342.15373	-106.42497	280.00954	-514.94862	222.80801	235.55573	
243	2.420	-486.74989	54.75549	991.19833	-477.60819	41.54535	801.57267	-358.25382	86.07691	958.13889	-407.16608	147.34966	659.66293	-354.88629	-22.41528	659.42457	-496.79557	61.61028	707.33761	-477.87902	-5.67163	705.11983	-417.80180	107.08915	380.70339	-471.56577	160.67601	347.37023	-548.14384	159.38398	80.51887	-537.65492	91.01131	99.18631	-580.94407	116.95568	115.75461	-496.59133	126.74869	72.02388	-248.56429	34.51933	415.17651	-284.42671	-23.71692	373.70059	-407.11127	-63.81188	138.21072	-422.94781	3.52911	149.33545	-443.50378	-37.07137	182.50134	-376.07423	-22.47754	111.54314	-298.01475	-95.56100	482.78214	-473.68954	226.28306	474.55484	-325.43796	-105.69025	281.88509	-512.79023	224.00252	235.83943	
244	2.430	-477.71525	54.10530	990.92192	-469.91666	41.31217	801.17751	-349.29181	85.08071	957.11597	-399.59477	147.68371	659.64776	-347.05550	-22.01275	658.63493	-489.15426	61.49414	706.72434	-470.23051	-5.66745	703.92657	-414.27553	108.23153	380.00690	-468.47472	161.88143	347.56057	-547.34513	160.44952	80.99906	-536.89174	92.19536	99.88971	-580.00602	118.29197	116.76333	-495.88419	127.64489	72.11925	-235.50094	34.24402	418.90875	-270.52843	-23.41680	376.19160	-385.58174	-62.39694	137.25534	-401.27650	5.11328	147.61689	-423.32099	-35.39055	180.08869	-353.15008	-21.33333	111.93770	-287.62240	-95.61265	484.56351	-468.38052	227.29235	474.80628	-309.07549	-105.02233	283.20790	-510.64154	225.25425	236.09404	
245	2.440	-468.49629	53.22565	990.47809	-462.01354	40.92979	800.63838	-340.15706	83.91839	955.97092	-391.68685	147.94990	659.55937	-339.13025	-21.72194	657.59300	-481.28511	61.46058	706.00558	-462.43918	-5.61933	702.54732	-410.72268	109.33401	379.27165	-465.31975	163.11505	347.74750	-546.55462	161.53659	81.47375	-536.16853	93.39414	100.60348	-579.09295	119.67337	117.77760	-495.17567	128.55205	72.22038	-223.15220	33.89465	422.00902	-257.41067	-23.15429	378.11173	-363.99355	-61.00973	135.66852	-379.66165	6.63450	145.21925	-403.15016	-33.78983	176.92797	-330.27493	-20.17585	111.72488	-277.83423	-95.73041	485.71693	-462.76446	228.37380	474.99520	-293.05648	-104.38357	283.89640	-508.46286	226.53231	236.32751	
246	2.450	-459.10783	52.12057	989.86686	-453.88457	40.41179	799.95410	-330.86186	82.59480	954.72459	-383.43449	148.16186	659.39041	-331.06171	-21.52038	656.31947	-473.16400	61.49950	705.16947	-454.46618	-5.53358	700.99422	-407.03570	110.38381	378.48492	-462.00041	164.34448	347.91068	-545.75161	162.62821	81.96539	-535.45201	94.58536	101.34164	-578.16468	121.07876	118.82637	-494.44968	129.45382	72.33231	-211.56466	33.61430	424.35148	-245.08311	-22.84951	379.36867	-342.47938	-59.68359	133.43598	-358.29179	8.03706	142.13829	-383.12267	-32.34241	173.02623	-307.63122	-19.01114	110.87567	-268.51822	-95.81118	486.20192	-456.80324	229.49661	475.09731	-277.37325	-103.73079	283.88906	-506.18046	227.80790	236.54472	
247	2.460	-449.56880	50.80193	989.08604	-445.52010	39.77854	799.11990	-321.42131	81.12000	953.39233	-374.83798	148.33329	659.12512	-322.80436	-21.38558	654.83774	-464.77376	61.59664	704.19798	-446.27759	-5.41971	699.27927	-403.07736	111.36781	377.62273	-458.38666	165.53484	348.01603	-544.90526	163.71090	82.49986	-534.69958	95.75110	102.11864	-577.16822	122.49084	119.94348	-493.68629	130.33481	72.45793	-200.76150	33.55276	425.82325	-233.52678	-22.42042	379.88628	-321.22394	-58.45390	130.57298	-337.39861	9.26615	138.40243	-363.41275	-31.12135	168.43077	-285.45108	-17.84866	109.38646	-259.51630	-95.74778	486.00101	-450.45011	230.62514	475.07968	-262.02812	-103.01865	283.15420	-503.69256	229.05259	236.74548	
248	2.470	-439.90136	49.28789	988.13177	-436.91465	39.05671	798.12839	-311.85267	79.50887	951.98449	-365.90526	148.47691	658.73937	-314.31945	-21.29676	653.17446	-456.10497	61.73653	703.06987	-437.84663	-5.28829	697.41649	-398.68827	112.27097	376.64915	-454.32666	166.64880	348.01519	-543.97527	164.77139	83.10583	-533.85943	96.87498	102.94860	-576.03811	123.89174	121.16594	-492.86226	131.17873	72.59773	-190.74082	33.85341	426.33756	-222.69671	-21.79027	379.61411	-300.46159	-57.35736	127.12761	-317.24918	10.27103	134.07563	-344.23500	-30.19425	163.23160	-264.00826	-16.70355	107.28337	-250.66028	-95.43919	485.12235	-443.65201	231.71992	474.90066	-247.04035	-102.20375	281.69726	-500.87659	230.23676	236.92306	
249	2.480	-430.12993	47.60153	986.99974	-428.06681	38.27881	796.97129	-302.17471	77.78061	950.50745	-356.65116	148.60326	658.20148	-305.57821	-21.23675	651.36038	-447.15656	61.90546	701.76422	-429.15566	-5.14858	695.42438	-393.69661	113.07524	375.51722	-449.65647	167.64704	347.84687	-542.91143	165.79438	83.81377	-532.87068	97.93984	103.84461	-574.69640	125.26023	122.53176	-491.95051	131.96703	72.74989	-181.47579	34.63816	425.84693	-212.52711	-20.89596	378.53608	-280.46770	-56.43039	123.18172	-298.13257	11.00862	129.25809	-325.83626	-29.61744	157.56051	-243.60426	-15.59787	104.62474	-241.78942	-94.80148	483.60081	-436.35277	232.73876	474.51101	-232.45134	-101.24931	279.56416	-497.59658	231.32861	237.06332	
250	2.490	-420.28028	45.76964	985.68678	-418.97935	37.48259	795.64155	-292.40721	75.95836	948.96532	-347.09668	148.71938	657.47419	-296.56477	-21.19355	649.43158	-437.93623	62.09407	700.26411	-420.19791	-5.00653	693.32831	-387.92944	113.75956	374.17178	-444.21123	168.48938	347.44009	-541.65219	166.76172	84.65452	-531.66344	98.92687	104.81824	-573.05252	126.57109	124.07748	-490.91839	132.67856	72.91073	-172.91654	35.99161	424.35407	-202.93849	-19.69655	376.67715	-261.54340	-55.70662	118.84893	-280.34134	11.44720	124.08409	-308.48137	-29.42990	151.58632	-224.54901	-14.56055	101.50101	-232.76768	-93.77852	481.49763	-428.49710	233.63811	473.85644	-218.32713	-100.13039	276.83986	-493.71028	232.29439	237.14469	
251	2.500	-410.37870	43.82202	984.19281	-409.65976	36.71012	794.13596	-282.57053	74.06869	947.36183	-337.26815	148.82762	656.51773	-287.27823	-21.16174	647.43052	-428.46064	62.29905	698.56003	-410.97871	-4.86325	691.16233	-381.22509	114.30060	372.55436	-437.83675	169.13655	346.71967	-540.12263	167.65304	85.65734	-530.15897	99.81602	105.87923	-571.00335	127.79680	125.83542	-489.72503	133.29014	73.07563	-164.99358	37.94632	421.91893	-193.84651	-18.18139	374.10636	-243.99436	-55.21372	114.26939	-264.14893	11.56983	118.71634	-292.43387	-29.64793	145.50596	-207.13752	-13.62576	98.03129	-223.49880	-92.35156	478.89836	-420.03495	234.37475	472.88163	-204.75746	-98.83941	273.64213	-489.07581	233.09983	237.13910	
252	2.510	-400.45124	41.79103	982.52293	-400.12079	36.00650	792.45765	-272.68532	72.14113	945.70256	-327.19639	148.92463	655.29382	-277.73383	-21.14330	645.40665	-418.75513	62.52377	696.65297	-401.51598	-4.71443	688.97017	-373.44583	114.67419	370.60996	-430.40098	169.55261	345.61361	-538.23270	168.44772	86.84758	-528.27025	100.58773	107.03522	-568.43420	128.91093	127.83066	-488.31826	133.77821	73.24019	-157.62269	40.47116	418.65985	-185.17127	-16.37657	370.93567	-228.10523	-54.97025	109.60125	-249.78543	11.37675	113.33679	-277.93315	-30.26159	139.53153	-191.62443	-12.82996	94.35648	-213.93749	-90.54651	475.90958	-410.92603	234.90780	471.53577	-191.85138	-97.39156	270.11121	-483.55803	233.71257	237.01401	
253	2.520	-390.52312	39.71149	980.68942	-390.38114	35.41808	790.61859	-262.77235	70.20761	943.99698	-316.91583	149.00071	653.77048	-267.96285	-21.14790	643.41637	-408.85296	62.77761	694.55671	-391.83988	-4.55062	686.80511	-364.48977	114.85710	368.29532	-421.80432	169.70757	344.06182	-535.87644	169.12757	88.24406	-525.90312	101.22558	108.29152	-565.22126	129.89233	130.07809	-486.63198	134.12119	73.40148	-150.71084	43.46500	414.74821	-176.84638	-14.34887	367.31391	-214.11232	-54.98306	105.00905	-237.41438	10.88621	108.13428	-265.17073	-31.23409	133.87424	-178.19937	-12.20818	90.62918	-204.09524	-88.43787	472.65409	-401.14391	235.20093	469.77907	-179.72929	-95.82915	266.39696	-477.03497	234.10507	236.73566	
254	2.530	-380.61839	37.62068	978.71335	-380.46575	34.99014	788.64131	-252.85231	68.30171	942.26026	-306.46348	149.03971	651.92711	-258.01123	-21.19251	641.52191	-398.79388	63.07423	692.29921	-381.99146	-4.35860	684.72849	-354.30086	114.82876	365.58778	-411.98791	169.57993	342.02535	-532.93353	169.67982	89.85659	-522.95830	101.71910	109.65082	-561.23615	130.72923	132.57982	-484.58474	134.30216	73.55934	-144.16292	46.75771	410.39617	-168.82645	-12.20607	363.41637	-202.17819	-55.24624	100.65027	-227.11423	10.13297	103.29004	-254.26911	-32.50510	128.72664	-166.96651	-11.79012	87.00127	-194.03999	-86.14801	469.26502	-390.67954	235.22466	467.58982	-168.51221	-94.22398	262.64542	-469.40447	234.25766	236.27347	
255	2.540	-370.75967	35.55828	976.62569	-370.40582	34.76411	786.55997	-242.94583	66.45780	940.51472	-295.87782	149.01954	649.75932	-247.93693	-21.30039	639.78924	-388.62221	63.42875	689.92297	-372.02038	-4.12356	682.80723	-342.87569	114.57265	362.49356	-400.93923	169.15869	339.49491	-529.27353	170.09965	91.68408	-519.33445	102.06621	111.11287	-556.35274	131.42214	135.32336	-482.08000	134.31173	73.71750	-137.88874	50.11955	405.83865	-161.09216	-10.09280	359.43093	-192.37193	-55.74201	96.66133	-218.86753	9.16421	98.96261	-245.26649	-33.99815	124.24531	-157.93163	-11.59700	83.61070	-183.88940	-83.84103	465.87873	-379.54373	234.95845	464.97113	-158.30936	-92.67629	258.98672	-460.59104	234.16083	235.60537	
256	2.550	-360.96809	33.56608	974.46749	-360.23809	34.77448	784.42030	-233.07343	64.70987	938.79053	-285.19760	148.91334	647.28305	-237.80619	-21.49940	638.28504	-378.38439	63.85448	687.48424	-361.98176	-3.83183	681.11019	-330.26606	114.07712	359.05415	-388.69425	168.44451	336.49761	-524.76318	170.39201	93.71363	-514.93228	102.27475	112.67413	-550.45617	131.98484	138.28102	-479.00832	134.15052	73.88452	-131.80990	53.27924	401.31172	-153.65208	-8.18143	355.54241	-184.65907	-56.44380	93.14531	-212.56053	8.03316	95.27445	-238.11049	-35.63148	120.53665	-150.99924	-11.63973	80.56956	-173.79856	-81.71060	462.62695	-367.76829	234.39229	461.95634	-149.20582	-91.30943	255.52608	-450.55241	233.81665	234.72373	
257	2.560	-351.26326	31.68720	972.28926	-350.00358	35.04579	782.27840	-223.25541	63.09030	937.12575	-274.46059	148.69126	644.53724	-227.68899	-21.81990	637.07296	-368.12622	64.35949	685.05118	-351.93263	-3.47384	679.70407	-316.57650	113.33569	355.34952	-375.33589	167.44976	333.10059	-519.27636	170.57201	95.92109	-509.65931	102.36247	114.32746	-543.45311	132.44283	141.41081	-475.25146	133.83091	74.07433	-125.86589	55.94931	397.03016	-146.54076	-6.65829	351.91712	-178.90326	-57.32085	90.16331	-207.99385	6.79147	92.30203	-232.66253	-37.33052	117.64809	-145.98092	-11.91880	77.95518	-163.94374	-79.96268	459.62869	-355.40572	233.52761	458.61231	-141.25200	-90.25983	252.33868	-439.28531	233.23882	233.64102	
258	2.570	-341.66335	29.96494	970.14940	-339.74573	35.58984	780.19850	-213.51178	61.62837	935.56558	-263.70243	148.32272	641.58460	-217.65429	-22.29225	636.20959	-357.89024	64.94374	682.70104	-341.92799	-3.04676	678.64914	-301.95682	112.34702	351.49708	-360.98861	166.19748	329.41073	-512.70554	170.66370	98.27319	-503.43501	102.35535	116.06182	-535.28209	132.82918	144.65894	-470.68784	133.37785	74.30639	-120.01893	57.85610	393.16786	-139.81353	-5.70599	348.68985	-174.88043	-58.34335	87.73113	-204.90314	5.48208	90.07127	-228.71280	-39.03907	115.56641	-142.61429	-12.42551	75.80583	-154.50409	-78.79442	456.98275	-342.52712	232.37723	455.03962	-134.45708	-89.66294	249.46839	-426.82938	232.45139	232.39452	
259	2.580	-332.18496	28.44103	968.11177	-329.50814	36.40364	778.24978	-203.86198	60.34888	934.16075	-252.95561	147.77907	638.51025	-207.76533	-22.94419	635.74061	-347.71333	65.59713	680.51638	-332.01730	-2.55643	677.99537	-286.59009	111.11460	347.64608	-345.80971	164.71948	325.57006	-504.97292	170.69710	100.73115	-496.19522	102.28414	117.86219	-525.92183	133.17796	147.96371	-465.19873	132.82813	74.60527	-114.25699	58.77067	389.84403	-133.53853	-5.48379	345.95511	-172.30342	-59.48619	85.82212	-202.98662	4.13434	88.55886	-226.00346	-40.72611	114.22364	-140.58965	-13.14384	74.12163	-145.64386	-78.37227	454.76168	-329.21841	230.96441	451.36913	-128.78759	-89.63693	246.93005	-413.26855	231.48627	231.04902	
260	2.590	-322.84293	27.15352	966.24265	-319.33215	37.46839	776.50255	-194.32445	59.27068	932.96521	-242.24869	147.03622	635.41792	-198.07564	-23.79834	635.69757	-337.62497	66.29902	678.58085	-322.24141	-2.01810	677.77936	-270.67743	109.64677	343.96770	-329.97789	163.05366	321.74705	-496.03948	170.70354	103.25503	-487.89554	102.17961	119.70948	-515.39586	133.51612	151.26022	-458.67462	132.22806	74.99957	-108.59482	58.53613	387.11750	-127.78728	-6.10847	343.76358	-170.85304	-60.73025	84.37554	-201.93494	2.76326	87.69914	-224.25645	-42.38603	113.50956	-139.58042	-14.05206	72.87003	-137.49693	-78.81229	453.00823	-315.57500	229.32114	447.75498	-124.17198	-90.26671	244.71432	-398.72909	230.37992	229.69654	
261	2.600	-313.65003	26.13445	964.60721	-309.25462	38.74969	775.02414	-184.91616	58.40556	932.03323	-231.60591	146.07720	632.42409	-188.62606	-24.86987	636.09574	-327.64637	67.01937	676.97453	-312.63055	-1.45587	678.02231	-254.42160	107.95698	340.64208	-313.68024	161.24127	318.12466	-485.90981	170.70990	105.80824	-478.51276	102.06687	121.58075	-503.77191	133.85511	154.48525	-451.02107	131.62925	75.52014	-103.07248	57.08722	384.98979	-122.62525	-7.63844	342.12420	-170.21065	-62.06037	83.30898	-201.45876	1.37307	87.39530	-223.20131	-44.03173	113.28848	-139.27254	-15.12323	71.99477	-130.15550	-80.16585	451.73457	-301.69538	227.48591	444.36442	-120.51015	-91.59113	242.79451	-383.37396	229.16972	228.45246	
262	2.610	-304.61636	25.40744	963.26594	-299.30609	40.19912	773.87483	-175.65184	57.75741	931.41605	-221.04702	144.89428	629.65052	-179.44299	-26.16483	636.93322	-317.79035	67.72136	675.76928	-303.20332	-0.90059	678.72926	-238.01126	106.06458	337.84393	-297.09911	159.32433	314.88640	-474.63168	170.73255	108.36101	-468.04439	101.95989	123.44959	-491.15538	134.18392	157.58149	-442.16384	131.08292	76.19763	-97.75156	54.45912	383.41582	-118.10363	-10.06381	341.01074	-170.08711	-63.46064	82.53244	-201.31040	-0.03556	87.53273	-222.59885	-45.68236	113.41743	-139.38895	-16.32460	71.42639	-123.66360	-82.41298	450.92443	-287.67436	225.50148	441.36549	-117.68660	-93.59556	241.13440	-367.39338	227.89035	227.44782	
263	2.620	-295.74880	24.98567	962.27109	-289.50958	41.75716	773.10422	-166.54335	57.32184	931.15838	-210.58749	143.49045	627.21573	-170.53812	-27.67894	638.19132	-308.06218	68.36533	675.02437	-293.96691	-0.38680	679.88943	-221.60796	103.99591	335.72864	-280.40013	157.34353	312.20225	-462.29004	170.77218	110.89216	-456.50635	101.85716	125.28706	-477.67762	134.46529	160.50053	-432.05289	130.63312	77.05969	-92.70912	50.78396	382.31949	-114.25331	-13.30420	340.37131	-170.24439	-64.90864	81.96165	-201.29717	-1.45703	87.99254	-222.25770	-47.34906	113.76290	-139.70621	-17.61651	71.09253	-118.01604	-85.46425	450.53746	-273.59679	223.41285	438.91403	-115.58435	-96.21109	239.69620	-350.99232	226.57093	226.81825	
264	2.630	-287.05035	24.87031	961.66365	-279.88020	43.35715	772.74825	-157.59886	57.08636	931.29501	-200.23878	141.88024	625.22649	-161.90945	-29.39722	639.83617	-298.46097	68.91332	674.78263	-284.91835	0.05130	681.47740	-205.33707	101.78547	334.42090	-263.72262	155.33687	310.21588	-448.99642	170.81053	113.38891	-443.92963	101.73943	127.06327	-463.48075	134.63636	163.20456	-420.66533	130.31014	78.12822	-88.02965	46.27587	381.61067	-111.08159	-17.21516	340.13884	-170.50747	-66.37077	81.52830	-201.28610	-2.87339	88.66333	-222.04226	-49.02304	114.21353	-140.06239	-18.95171	70.92659	-113.16216	-89.17072	450.51517	-259.53271	221.26582	437.14152	-114.09701	-99.32060	238.44737	-334.37584	225.23281	226.69061	
265	2.640	-278.51963	25.04972	961.47082	-270.42538	44.93005	772.82707	-148.82227	57.03102	931.84772	-190.00896	140.08950	623.76999	-153.54343	-31.29437	641.82116	-288.98153	69.33372	675.06753	-276.04655	0.38389	683.45499	-189.28334	99.47651	334.00691	-247.17324	153.33893	309.03478	-434.87578	170.81020	115.84508	-430.35654	101.57025	128.74971	-448.70164	134.61434	165.66696	-408.00704	130.12494	79.41719	-83.79584	41.20664	381.19998	-108.57150	-21.60253	340.24062	-170.76639	-67.80051	81.18590	-201.20085	-4.25055	89.44983	-221.87196	-50.66924	114.68762	-140.35636	-20.27620	70.87362	-109.01378	-93.34036	450.78753	-245.53472	219.10603	436.14503	-113.13674	-102.77055	237.36537	-317.73389	223.88844	227.16927	
266	2.650	-270.15053	25.49958	961.70443	-261.14593	46.40942	773.34393	-140.21278	57.12967	932.82298	-179.90315	138.15442	622.90761	-145.41803	-33.33593	644.09004	-279.61631	69.60522	675.88113	-267.33506	0.58942	685.77337	-173.49104	97.12069	334.53100	-230.82314	151.38056	308.72398	-420.05311	170.71762	118.25820	-415.83744	101.29943	130.32240	-433.45803	134.30660	167.87214	-394.11287	130.06602	80.93144	-80.07895	35.87564	381.00924	-106.68357	-26.24289	340.60574	-170.96953	-69.14054	80.91077	-201.01279	-5.53921	90.27794	-221.71352	-52.22739	115.13494	-140.54027	-21.53200	70.89322	-105.45603	-97.75820	451.27952	-231.63783	216.97826	435.98046	-112.63683	-106.38690	236.43934	-301.22720	222.54128	228.32400	
267	2.660	-261.93219	26.18402	962.36014	-252.03742	47.73627	774.28502	-131.76472	57.35157	934.21035	-169.92403	136.11957	622.67067	-137.50619	-35.48025	646.58014	-270.35735	69.71969	677.20326	-258.76489	0.65748	688.37528	-157.96794	94.77636	335.99614	-214.70849	149.48896	309.30381	-404.64205	170.46890	120.62662	-400.42843	100.86899	131.76527	-417.83897	133.62349	169.81523	-379.04520	130.09912	82.66655	-76.92990	30.57813	380.97645	-105.35925	-30.90727	341.16990	-171.11074	-70.32849	80.69892	-200.72863	-6.68043	91.09624	-221.56829	-53.62018	115.53385	-140.60738	-22.66175	70.95957	-102.35966	-102.20774	451.91724	-217.86171	214.92592	436.65946	-112.54880	-109.99285	235.66876	-284.97606	221.18666	230.18139	
268	2.670	-253.84928	27.05761	963.41763	-243.09194	48.86326	775.62037	-123.46775	57.66331	935.98199	-160.07227	134.03513	623.05860	-129.77948	-37.68102	649.22577	-261.19776	69.68356	678.99193	-250.31734	0.59060	691.19718	-142.69212	92.50551	338.36790	-198.83370	147.68775	310.75143	-388.73715	169.99777	122.94710	-384.19005	100.22063	133.07315	-401.90095	132.49149	171.50154	-362.89068	130.17021	84.60971	-74.37201	25.57571	381.05616	-104.52546	-35.38471	341.87790	-171.21314	-71.30516	80.55998	-200.37666	-7.61454	91.87466	-221.45744	-54.76619	115.88517	-140.57777	-23.61460	71.05937	-99.59360	-106.49082	452.63307	-204.21471	212.99015	438.15006	-112.83554	-113.42613	235.05976	-269.05310	219.81378	232.72119	
269	2.680	-245.88271	28.06828	964.84173	-234.29984	49.75795	777.30548	-115.30737	58.03092	938.09323	-150.34666	131.95359	624.03950	-122.21130	-39.89026	651.96122	-252.13280	69.51763	681.18496	-241.97645	0.40466	694.17136	-127.62042	90.36965	341.58059	-183.17691	145.99704	313.00565	-372.40989	169.24401	125.21320	-367.18671	99.30345	134.25345	-385.66952	130.86441	172.94575	-345.75512	130.21126	86.74099	-72.39646	21.07252	381.21670	-104.09955	-39.50234	342.68436	-171.31272	-72.02333	80.51009	-199.99383	-8.29119	92.60126	-221.40764	-55.59455	116.20464	-140.48430	-24.35202	71.18843	-97.03634	-110.44388	453.36979	-190.69851	211.20870	440.38075	-113.46250	-116.55372	234.62021	-253.48090	218.40859	235.87789	
270	2.690	-238.01058	29.16076	966.58427	-225.65130	50.40465	779.28373	-107.26578	58.42197	940.48419	-140.74429	129.92599	625.55292	-114.77953	-42.06156	654.72357	-243.16040	69.25546	683.70285	-233.73073	0.12788	697.22790	-112.69745	88.42535	345.54451	-167.69669	144.43331	315.97412	-355.70818	168.16126	127.41434	-349.48640	98.08079	135.32580	-369.14512	128.73066	174.17030	-327.75675	130.14793	89.03452	-70.96111	17.19966	381.43604	-103.99417	-43.13958	343.55336	-171.44415	-72.45520	80.56515	-199.61491	-8.67830	93.27796	-221.43932	-56.05784	116.51545	-140.36066	-24.85258	71.34790	-94.58527	-113.94940	454.08352	-177.31255	209.61431	443.24724	-114.38955	-119.28220	234.35499	-238.23426	216.95726	239.54721	
271	2.700	-230.20940	30.28038	968.58664	-217.13763	50.80495	781.48928	-99.32300	58.80756	943.08235	-131.26048	127.99814	627.51456	-107.46814	-44.15319	657.45498	-234.28104	68.94039	686.45268	-225.57414	-0.20143	700.29669	-97.86414	86.72000	350.15334	-152.33955	143.00916	319.54202	-338.65821	166.72315	129.53531	-331.16008	96.53518	136.31925	-352.31150	126.11572	175.20270	-309.01846	129.90813	91.45932	-69.99285	14.00920	381.69791	-104.12176	-46.23474	344.45767	-171.63045	-72.59701	80.73585	-199.26471	-8.76795	93.91611	-221.55890	-56.14068	116.84220	-140.23268	-25.11456	71.54075	-92.16323	-116.94158	454.74512	-164.05707	208.23293	446.62120	-115.56548	-121.56295	234.26259	-223.24673	215.44986	243.59619	
272	2.710	-222.45545	31.37681	970.78272	-208.75202	50.97678	783.85017	-91.45812	59.16394	945.80589	-121.88866	126.20726	629.82229	-100.26772	-46.13072	660.10446	-225.49712	68.62171	689.33288	-217.50608	-0.53812	703.30946	-83.06537	85.28846	355.29100	-137.04749	141.73291	323.58130	-321.26756	164.92720	131.55585	-312.28035	94.67115	137.26744	-335.14450	123.08000	176.07175	-289.65967	129.43046	93.97953	-69.39342	11.47802	381.98887	-104.39841	-48.78387	345.37761	-171.87737	-72.46997	81.02469	-198.95377	-8.57835	94.53225	-221.75545	-55.86265	117.20655	-140.11348	-25.15604	71.76912	-89.72166	-119.40625	455.34021	-150.93442	207.08202	450.36003	-116.92629	-123.39171	234.33356	-208.42032	213.88357	247.87529	
273	2.720	-214.72609	32.40756	973.10212	-200.48997	50.95219	786.29165	-83.65061	59.47387	948.56749	-112.62041	124.57930	632.36314	-93.17489	-47.96896	662.62903	-216.81200	68.35028	692.23852	-209.53056	-0.83417	706.20170	-68.25617	84.15059	360.83756	-121.76521	140.60800	327.95964	-303.52894	162.79626	133.45043	-292.91930	92.51558	138.20223	-317.61980	119.71305	176.80290	-269.78882	128.67132	96.55427	-69.04790	9.52048	382.29651	-104.74706	-50.83278	346.29987	-172.17260	-72.11735	81.42536	-198.67745	-8.15140	95.14452	-222.00152	-55.27527	117.62475	-140.00234	-25.01232	72.03259	-87.24026	-121.37551	455.86764	-137.94836	206.16897	454.31684	-118.39741	-124.80323	234.55079	-193.63737	212.26477	252.23106	
274	2.730	-207.00098	33.34071	975.47335	-192.34912	50.77414	788.73928	-75.88149	59.72738	951.27841	-103.44544	123.12736	635.02044	-86.19070	-49.65299	664.99426	-208.22871	68.17398	695.06677	-201.65463	-1.04288	708.91466	-53.40638	83.30977	366.67403	-106.44621	139.63231	332.54828	-285.42396	160.37761	135.18818	-273.14558	90.11600	139.14703	-299.71853	116.12533	177.41336	-249.49722	127.61014	99.13767	-68.83479	8.00749	382.60848	-105.09998	-52.46399	347.21607	-172.48887	-71.59848	81.92375	-198.41806	-7.54675	95.76967	-222.25745	-54.45413	118.10669	-139.88685	-24.73111	72.32750	-84.72314	-122.91793	456.33661	-125.10197	205.49011	458.34984	-119.89913	-125.86192	234.89105	-178.77339	210.60961	256.51778	
275	2.740	-199.26292	34.15690	977.82685	-184.32874	50.49257	791.12182	-68.13430	59.92213	953.85240	-94.35186	121.85137	637.68056	-79.31826	-51.17809	667.17421	-199.74875	68.13367	697.72210	-193.88625	-1.12295	711.39702	-38.50387	82.75213	372.68595	-91.05762	138.79747	337.22828	-266.92693	157.73990	136.73322	-253.02130	87.53720	140.11084	-281.43038	112.43898	177.90773	-228.85501	126.25203	101.67913	-68.63655	6.78908	382.91209	-105.40036	-53.78106	348.12107	-172.78998	-70.98064	82.50014	-198.14913	-6.83347	96.42092	-222.47782	-53.48776	118.65598	-139.74715	-24.36639	72.64702	-82.19213	-124.12586	456.76281	-112.39480	205.03025	462.33031	-121.35375	-126.65023	235.32728	-163.70955	208.94285	260.60690	
276	2.750	-191.49842	34.85009	980.09759	-176.42895	50.16030	793.37374	-60.39571	60.06323	956.20939	-85.32650	120.73902	640.23885	-72.56011	-52.54876	669.15086	-191.37089	68.25969	700.12065	-186.23199	-1.04193	713.60624	-23.55614	82.44643	378.76580	-75.58350	138.08814	341.89473	-248.00853	154.96834	138.04560	-232.59913	84.85653	141.08397	-262.75437	108.77865	178.27495	-207.90961	124.62769	104.12433	-68.34905	5.71673	383.19407	-105.60311	-54.89271	349.01138	-173.03826	-70.33025	83.13174	-197.84088	-6.08081	97.10651	-222.61882	-52.46540	119.27061	-139.56133	-23.97180	72.98191	-79.67820	-125.10147	457.16408	-99.82030	204.76296	466.14872	-122.69304	-127.25643	235.83087	-148.34355	207.29503	264.39362	
277	2.760	-183.69777	35.42740	982.22719	-168.64963	49.82894	795.43712	-52.65570	60.16255	958.27855	-76.35543	119.76792	642.60417	-65.91554	-53.77696	670.91306	-183.09033	68.56966	702.19367	-178.69483	-0.77883	715.50948	-8.59066	82.34455	384.81422	-60.02635	137.48168	346.45868	-228.63946	152.15849	139.08271	-211.92039	82.15826	142.03614	-243.69791	105.26330	178.48680	-186.68662	122.79045	106.41679	-67.88888	4.66248	383.44064	-105.67475	-55.89904	349.88359	-173.20178	-69.70485	83.79524	-197.46585	-5.34967	97.82912	-222.64503	-51.46564	119.94405	-139.31075	-23.59459	73.32156	-77.21224	-125.94344	457.55624	-87.36446	204.65149	469.71846	-123.86461	-127.76356	236.37366	-132.59790	205.69849	267.79984	
278	2.770	-175.85472	35.90771	984.16543	-160.98937	49.54539	797.26307	-44.90737	60.23777	960.00060	-67.42444	118.90852	644.70195	-59.37834	-54.87985	672.45536	-174.89817	69.06738	703.88944	-171.27225	-0.32549	717.08390	6.34623	82.38286	390.74004	-44.40728	136.94807	350.84701	-208.79374	149.40918	139.80119	-191.01444	79.52762	142.91692	-224.27479	101.99932	178.49842	-165.19307	120.81086	108.49994	-67.19776	3.53209	383.63775	-105.59238	-56.88126	350.73330	-173.26017	-69.14706	84.46890	-197.00354	-4.68603	98.58595	-222.53451	-50.54768	120.66647	-138.98426	-23.27097	73.65525	-74.81654	-126.73601	457.94973	-75.00631	204.65032	472.97689	-124.83601	-128.24086	236.92946	-116.42474	204.18304	270.77388	
279	2.780	-167.96578	36.31953	985.87109	-153.44422	49.34902	798.81250	-37.14631	60.31099	961.32949	-58.51948	118.12752	646.47550	-52.93533	-55.87740	673.77668	-166.78122	69.74318	705.17384	-163.95507	0.31330	718.31635	21.19167	82.48456	396.45935	-28.76495	136.45051	355.00022	-188.45199	146.81512	140.15886	-169.89975	77.04479	143.65854	-204.50297	99.07529	178.25054	-143.42254	118.76942	110.31916	-66.24338	2.27133	383.77172	-105.34191	-57.89603	351.55468	-173.20790	-68.68124	85.13413	-196.44354	-4.11732	99.36963	-222.28141	-49.74644	121.42613	-138.58069	-23.02350	73.97317	-72.49813	-127.54165	458.34741	-62.72030	204.70734	475.88391	-125.59601	-128.73842	237.47523	-99.80734	202.77184	273.28697	
280	2.790	-160.02928	36.69807	987.31231	-146.00674	49.26970	800.05640	-29.36970	60.40729	962.23312	-49.62689	117.39123	647.88585	-46.56564	-56.79018	674.87909	-158.72222	70.57550	706.02952	-156.72677	1.12082	719.20260	35.86972	82.56344	401.89364	-13.15358	135.94671	358.86884	-167.60429	144.45991	140.11663	-148.58678	74.77927	144.18055	-184.40306	96.55838	177.67341	-121.36189	116.74820	111.82364	-65.01704	0.86525	383.83005	-104.91547	-58.97421	352.34049	-173.05468	-68.31331	85.77642	-195.78664	-3.65192	100.16961	-221.89568	-49.07186	122.21073	-138.10924	-22.86064	74.26742	-70.24485	-128.39789	458.74392	-50.48044	204.76625	478.41804	-126.15277	-129.28550	237.99175	-82.75849	201.47836	275.32766	
281	2.800	-152.04422	37.08204	988.46631	-138.66498	49.32686	800.97553	-21.57513	60.55311	962.69345	-40.73349	116.66863	648.91031	-40.24094	-57.63750	675.76666	-150.70025	71.53352	706.45398	-149.56371	2.07058	719.74607	50.29572	82.52865	406.96754	2.35962	135.39079	362.40901	-146.25327	142.40990	139.63989	-127.08258	72.78517	144.39566	-163.99820	94.49233	176.69184	-98.99905	114.82238	112.96773	-63.52818	-0.66828	383.80227	-104.30825	-60.12346	353.08262	-172.82296	-68.03343	86.38586	-195.04389	-3.28178	100.97393	-221.40017	-48.51224	123.00890	-137.58787	-22.77835	74.53247	-68.02443	-129.31835	459.12635	-38.26500	204.76943	480.57092	-126.52909	-129.89195	238.46412	-65.31707	200.30458	276.89504	
282	2.810	-144.00921	37.51038	989.31882	-131.40185	49.52937	801.55980	-13.75947	60.77475	962.70600	-31.82642	115.93370	649.54004	-33.92637	-58.43626	676.44465	-142.69143	72.58031	706.45686	-142.43590	3.12905	719.95637	64.38128	82.29050	411.60666	17.69747	134.73586	365.57806	-124.41751	140.70940	138.69975	-105.39718	71.09752	144.21634	-143.31593	92.89673	175.23123	-76.33171	113.05256	113.71172	-61.79688	-2.28863	383.68054	-103.51502	-61.33351	353.77271	-172.54329	-67.82079	86.95714	-194.23399	-2.98732	101.77116	-220.82561	-48.04068	123.81150	-137.04010	-22.76346	74.76542	-65.78661	-130.29701	459.47617	-26.06111	204.66077	482.34091	-126.75543	-130.55212	238.88194	-47.54369	199.24068	277.99197	
283	2.820	-135.92143	38.01927	989.86320	-124.19459	49.87613	801.80738	-5.91774	61.09696	962.27886	-22.89281	115.16693	649.77734	-27.58203	-59.20032	676.91872	-134.66969	73.67636	706.05707	-135.30817	4.25876	719.84782	78.03961	81.76664	415.73611	32.77625	133.93703	368.33090	-102.13574	139.37766	137.27391	-83.55141	69.73001	143.56142	-122.39237	91.76732	173.22394	-53.37654	111.47875	114.02226	-59.84523	-3.94409	383.45966	-102.52653	-62.58276	354.40267	-172.24829	-67.64978	87.48928	-193.37943	-2.74367	102.55207	-220.20452	-47.62327	124.61286	-136.49074	-22.79785	74.96584	-63.46754	-131.31467	459.77168	-13.86794	204.38868	483.72703	-126.86157	-131.25017	239.23907	-29.51671	198.26599	278.61953	
284	2.830	-127.77599	38.63961	990.09946	-117.01465	50.35722	801.72365	1.95775	61.54162	961.43144	-13.91949	114.35597	649.63283	-21.16480	-59.94051	677.19441	-126.60752	74.78273	705.28003	-128.14179	5.42117	719.43803	91.19074	80.88798	419.28029	47.50940	132.95463	370.61804	-79.47225	138.40756	135.34760	-61.58573	68.67422	142.36245	-101.27858	91.07705	170.61576	-30.17854	110.11678	113.87258	-57.68871	-5.58273	383.13660	-101.32612	-63.84483	354.96482	-171.96640	-67.49622	87.98513	-192.50208	-2.52698	103.31108	-219.56490	-47.22763	125.41160	-135.96142	-22.86300	75.13531	-60.99568	-132.34593	459.99074	-1.69799	203.90894	484.72419	-126.86808	-131.96581	239.53322	-11.32938	197.35096	278.77359	
285	2.840	-119.56557	39.39522	990.03330	-109.82789	50.95533	801.32024	9.87795	62.12682	960.19311	-4.89275	113.49560	649.12314	-14.63012	-60.66503	677.27676	-118.47691	75.86367	704.15554	-120.89610	6.57915	718.74691	103.76639	79.60388	422.16448	61.81163	131.75738	372.38572	-56.52334	137.76634	132.91478	-39.56953	67.90049	140.56930	-80.04858	90.77774	167.37198	-6.81997	108.95750	113.24299	-55.32896	-7.16101	382.70939	-99.88701	-65.09392	355.45160	-171.71614	-67.34280	88.45064	-191.61882	-2.32003	104.04705	-218.92454	-46.83033	126.21120	-135.46644	-22.94390	75.27681	-58.29777	-133.36559	460.11305	10.42372	203.18734	485.32066	-126.77886	-132.67938	239.76511	6.91136	196.45972	278.44383	
286	2.850	-111.28046	40.30179	989.67526	-102.59511	51.64725	800.61410	17.85709	62.86602	958.60174	4.20164	112.58708	648.26938	-7.93366	-61.38001	677.17002	-110.25015	76.88830	702.71643	-113.53021	7.69860	717.79598	115.71412	77.88613	424.31810	75.60300	130.32529	373.57850	-33.42433	137.39834	129.97965	-17.60949	67.36041	138.15492	-58.80790	90.80250	163.48260	16.57215	107.96903	112.12188	-52.74862	-8.64910	382.17577	-98.17045	-66.30850	355.85494	-171.50184	-67.18287	88.89420	-190.73769	-2.11597	104.76361	-218.28676	-46.42207	127.02004	-135.00968	-23.03185	75.39389	-55.30398	-134.35331	460.12172	22.46236	202.20198	485.49824	-126.57561	-133.37572	239.93752	25.08461	195.55329	277.61567	
287	2.860	-102.90906	41.36650	989.04016	-95.27307	52.40523	799.62691	25.91238	63.76764	956.70236	13.37801	111.63719	647.09649	-1.03263	-62.09010	676.87747	-101.90081	77.83127	700.99823	-106.00448	8.74921	716.60818	127.00045	75.73145	425.67985	88.81301	128.65206	374.14403	-10.35589	137.22979	126.55849	4.14414	66.99114	135.11890	-37.70111	91.06907	158.96628	39.82108	107.10189	110.50733	-49.90895	-10.03248	381.53189	-96.12517	-67.47279	356.16528	-171.31107	-67.02201	89.32590	-189.85510	-1.92002	105.46890	-217.63773	-46.00994	127.85108	-134.58276	-23.12575	75.48983	-51.95122	-135.29602	460.00393	34.37707	200.94511	485.23520	-126.21529	-134.04623	240.05422	43.05435	194.59296	276.27447	
288	2.870	-94.43866	42.58840	988.14669	-87.81585	53.19813	798.38460	34.06310	64.83475	954.54588	22.64992	110.65721	645.63348	6.11316	-62.79885	676.40142	-93.40474	78.67245	699.03961	-98.28193	9.70437	715.20810	137.61281	73.16254	426.20405	101.38404	126.74691	374.03973	12.45202	137.17566	122.68176	25.49493	66.72126	131.48977	-16.91658	91.48479	153.87279	62.69953	106.29660	108.40944	-46.75044	-11.31042	380.77125	-93.68816	-68.57648	356.37062	-171.11394	-66.87729	89.75684	-188.95406	-1.74882	106.17485	-216.94567	-45.61660	128.72116	-134.16474	-23.23168	75.56678	-48.18436	-136.18811	459.75050	46.12491	199.42438	484.51149	-125.63055	-134.68911	240.11897	60.66836	193.54405	274.41158	
289	2.880	-85.85655	43.95912	987.01740	-80.17673	53.99232	796.91727	42.32940	66.06522	952.18786	32.02876	109.66200	643.91456	13.54062	-63.50871	675.74323	-84.74126	79.39579	696.88355	-90.32947	10.54037	713.62253	147.55984	70.22796	425.86765	113.27404	124.63569	373.24042	34.72087	137.14828	118.39602	46.20290	66.47825	127.32582	3.31355	91.95333	148.28350	84.93416	105.49290	105.85296	-43.19610	-12.49176	379.88415	-90.78688	-69.61297	356.45585	-170.86415	-66.77439	90.19857	-188.00367	-1.62775	106.89613	-216.16153	-45.27665	129.64988	-133.72311	-23.36108	75.62506	-43.95561	-137.02969	459.35482	57.66413	197.66348	483.31542	-124.73324	-135.30799	240.13457	77.75845	192.38008	272.03102	
290	2.890	-77.15124	45.46400	985.67885	-72.31029	54.75234	795.25926	50.73076	67.45188	949.68742	41.52201	108.66930	641.98048	21.28274	-64.22066	674.90363	-75.89444	79.98769	694.57868	-82.11900	11.23523	711.88117	156.87015	67.00081	424.67688	124.45783	122.36119	371.74591	56.13081	137.06729	113.76554	65.99329	66.19692	122.71435	22.71980	92.38332	142.30997	106.21650	104.63964	102.87993	-39.15694	-13.58939	378.85787	-87.34256	-70.57680	356.40245	-170.50131	-66.74310	90.66249	-186.95951	-1.58672	107.64880	-215.22093	-45.03107	130.65827	-133.21582	-23.52777	75.66255	-39.22257	-137.82351	458.81115	68.95603	195.70224	481.65079	-123.42024	-135.90932	240.10221	94.14343	191.08705	269.15600	
291	2.900	-68.31363	47.08322	984.16189	-64.17488	55.44148	793.44927	59.28431	68.98297	947.10601	51.13132	107.69934	639.88014	29.36802	-64.93353	673.88315	-66.85448	80.43521	692.18055	-73.62844	11.76743	710.01728	165.58920	63.57666	422.67266	134.92692	119.98282	369.58744	76.33592	136.87008	108.87299	84.57190	65.82822	117.76914	41.00905	92.69830	136.09034	126.22060	103.70397	99.55155	-34.53885	-14.61447	377.67746	-83.27456	-71.46103	356.18884	-169.95404	-66.81206	91.15938	-185.76498	-1.65513	108.44893	-214.04675	-44.92045	131.76722	-132.59383	-23.74450	75.67454	-33.94583	-138.57143	458.11308	79.96521	193.59615	479.54316	-121.58077	-136.49919	240.02090	109.63555	189.66789	265.83390	
292	2.910	-59.33820	48.79295	982.50194	-55.73523	56.02243	791.53052	68.00315	70.64264	944.50630	60.85054	106.77469	637.67153	37.81965	-65.64300	672.68271	-57.61903	80.72465	689.75227	-64.84268	12.11510	708.06814	173.77471	60.07072	419.93367	144.68780	117.57542	366.83166	94.98768	136.52131	103.81895	101.64649	65.34729	112.62611	57.88546	92.84691	129.78382	144.62647	102.67856	95.94867	-29.24979	-15.57135	376.32721	-78.50502	-72.25502	355.79142	-169.14328	-67.00358	91.69885	-184.35315	-1.85690	109.31116	-212.55205	-44.97843	132.99574	-131.80388	-24.01962	75.65389	-28.08701	-139.27115	457.25231	90.65820	191.41534	477.04432	-119.10412	-137.08014	239.88735	124.05111	188.14638	262.13893	
293	2.920	-50.22387	50.56627	980.73910	-46.96489	56.45817	789.55067	76.89488	72.41147	941.95085	70.66425	105.92012	635.42195	46.65455	-66.34065	671.30458	-48.19429	80.84072	687.36413	-55.75453	12.25585	706.07508	181.49073	56.61430	416.57625	153.75891	115.22728	363.58136	111.76495	136.02015	98.71975	116.95238	64.75944	107.43706	73.07686	92.81185	123.56302	161.14751	101.58561	92.17027	-23.20683	-16.45421	374.79263	-72.96360	-72.94316	355.18626	-167.98546	-67.32942	92.28889	-182.64905	-2.20613	110.24752	-210.64299	-45.22607	134.35937	-130.79080	-24.35453	75.59164	-21.60784	-139.91374	456.21838	101.00125	189.24289	474.23395	-115.88683	-137.64860	239.69605	137.22460	186.56979	258.17175	
294	2.930	-40.97468	52.37387	978.91795	-37.84848	56.71321	787.56138	85.96037	74.26698	939.50079	80.54686	105.16249	633.20689	55.88206	-67.01304	669.75336	-38.59573	80.76675	685.09200	-46.36551	12.16752	704.08295	188.80099	53.35015	412.75050	162.16652	113.03717	359.97217	126.40735	135.40346	93.70316	130.27933	64.10287	102.36168	86.36361	92.61550	117.60471	175.55863	100.47670	88.32944	-16.34191	-17.24572	373.06278	-66.59169	-73.50468	354.35149	-166.39535	-67.78831	92.93563	-180.57226	-2.70428	111.26656	-208.22173	-45.66809	135.86876	-129.49935	-24.74238	75.47830	-14.47072	-140.48262	454.99956	110.95784	187.17220	471.21804	-111.83868	-138.19342	239.43997	149.02492	185.00945	254.05560	
295	2.940	-31.60018	54.18462	977.08691	-28.38344	56.75525	785.61735	95.19295	76.18408	937.21440	90.46269	104.53031	631.10758	65.50253	-67.64131	668.03725	-28.84813	80.48590	683.01441	-36.68642	11.82990	702.13903	195.76237	50.42671	408.63241	169.94032	111.11028	356.16516	138.74674	134.74380	88.90175	141.49594	63.44686	97.55804	97.60546	92.32073	112.07901	187.72109	99.42818	84.54686	-8.60623	-17.91796	371.13274	-59.34578	-73.91466	353.26992	-164.28847	-68.36549	93.64339	-178.03961	-3.33909	112.37305	-205.18940	-46.29150	137.52882	-127.87537	-25.16828	75.30552	-6.64077	-140.95393	453.58491	120.48694	185.30329	468.12380	-106.88692	-138.69578	239.11175	159.37106	183.55837	249.92889	
296	2.950	-22.11539	55.96598	975.29704	-18.58102	56.55727	783.77489	104.57813	78.13542	935.14556	100.36720	104.05296	629.20713	75.50592	-68.20123	666.16932	-18.98494	79.98345	681.20849	-26.73759	11.22743	700.29130	202.41911	47.99081	404.41224	177.10906	109.55271	352.33574	148.73111	134.14175	84.44404	150.56729	62.88518	93.17225	106.76147	92.02551	107.13787	197.59987	98.53228	80.94219	0.02716	-18.43533	369.00598	-51.19980	-74.14591	351.93200	-161.58361	-69.03436	94.41530	-174.96826	-4.08552	113.56827	-201.44941	-47.06652	139.33852	-125.86626	-25.61121	75.06838	1.91088	-141.29833	451.96742	129.54286	183.73766	465.09134	-100.97892	-139.13044	238.70545	168.24409	182.32532	245.93489	
297	2.960	-12.54068	57.68445	973.60042	-8.46649	56.09983	782.08979	114.09374	80.09186	933.34234	110.20935	103.75944	627.58558	85.87069	-68.66393	664.16870	-9.04671	79.24977	679.74511	-16.54864	10.35227	698.58643	208.79874	46.17877	400.28022	183.69697	108.46489	348.65982	156.43503	133.71293	80.44409	157.56217	62.52482	89.32800	113.89839	91.85119	102.90358	205.27000	97.88519	77.62445	9.56257	-18.75893	366.69645	-42.14627	-74.17169	350.33854	-158.20525	-69.76009	95.25450	-171.27883	-4.90845	114.85096	-196.91148	-47.94987	141.29163	-123.42090	-26.04723	74.76799	11.20313	-141.48388	450.14779	138.07699	182.57189	462.26293	-94.08322	-139.46826	238.21895	175.69200	181.42555	242.20925	
298	2.970	-2.90111	59.30618	972.04799	1.92170	55.37332	780.61487	123.71068	82.02284	931.84553	119.93493	103.67670	626.31443	96.56319	-68.99739	662.06147	0.92120	78.28363	678.68381	-6.15765	9.20756	697.06741	214.91025	45.10636	396.41099	189.72142	107.93374	345.29880	162.05326	133.57151	76.99086	162.64779	62.47138	86.11734	119.18473	91.92550	99.45880	210.90981	97.57377	74.68282	19.98235	-18.85165	364.22995	-32.19632	-73.96857	348.50295	-154.08639	-70.50444	96.16599	-166.89885	-5.76695	116.21888	-191.49644	-48.88968	143.37830	-120.48916	-26.45373	74.41420	21.24083	-141.47941	448.13820	146.04144	181.89000	459.77078	-86.18944	-139.67948	237.65666	181.82505	180.96877	238.86720	
299	2.980	6.77429	60.79789	970.68722	12.53356	54.38005	779.39720	133.39412	83.89699	930.68744	129.49055	103.82767	625.45107	107.53789	-69.16848	659.88116	10.87146	77.09523	678.06819	4.39020	7.81009	695.77130	220.74480	44.85813	392.94883	195.19203	108.02444	342.38542	165.87691	133.81258	74.13934	166.07201	62.81299	83.59370	122.87060	92.36257	96.83939	214.78141	97.66293	72.17930	31.24908	-18.68305	361.64486	-21.37861	-73.51917	346.45273	-149.17145	-71.23122	97.15893	-161.76613	-6.61917	117.67067	-185.14149	-49.83144	145.58733	-117.02116	-26.81396	74.02815	32.01147	-141.25803	445.96548	153.39414	181.75556	457.72502	-77.30726	-139.73737	237.03236	186.80121	181.04581	235.99233	
300	2.990	16.45354	62.12809	969.55959	23.31013	53.13554	778.47534	143.10504	85.68290	929.89082	138.82786	104.22931	625.03410	118.73849	-69.14547	657.66848	20.75793	75.70830	677.92234	15.04460	6.19192	694.72730	226.27890	45.47739	389.99575	200.11152	108.77257	340.01246	168.25622	134.49643	71.90511	168.13595	63.60547	81.76853	125.25666	93.24310	95.03164	217.20140	98.18579	70.14462	43.30877	-18.23323	358.99183	-9.73723	-72.81438	344.22977	-143.41900	-71.91146	98.24885	-155.83187	-7.42751	119.20767	-177.80570	-50.72409	147.90886	-112.96631	-27.12114	73.64402	43.48328	-140.80004	443.67285	160.10448	182.20427	456.20349	-67.46484	-139.62157	236.37157	190.80353	181.71571	233.62915	
301	3.000	26.10294	63.26865	968.69834	34.18657	51.66899	777.87686	152.80218	87.35012	929.46821	147.90729	104.89071	625.07992	130.09993	-68.90070	655.47039	30.53866	74.16078	678.24891	25.75245	4.40034	693.95526	231.47941	46.95836	387.60452	204.47800	110.17776	338.22600	169.55705	135.63722	70.26408	169.16183	64.86108	80.61209	126.65826	94.59828	93.97477	218.50681	99.13789	68.57792	56.09488	-17.49504	356.33241	2.67120	-71.85460	341.88935	-136.80399	-72.52751	99.45939	-149.06302	-8.16292	120.83527	-169.47461	-51.52537	150.33679	-108.27236	-27.38150	73.30957	55.60517	-140.09509	441.31976	166.15843	183.23846	455.24472	-56.70653	-139.32079	235.71306	194.01412	182.99544	231.78088	
302	3.010	35.68840	64.19655	968.12651	45.09563	50.02253	777.61647	162.44403	88.87038	929.42155	156.70101	105.81187	625.58134	141.55137	-68.41312	653.33825	40.17843	72.50373	679.02911	36.46038	2.49608	693.46496	236.30969	49.24214	385.77796	208.28876	112.20004	337.02452	170.11994	137.19823	69.15747	169.46169	66.54300	80.05868	127.37179	96.40062	93.56881	219.02207	100.47621	67.45025	69.53286	-16.47434	353.73671	15.78119	-70.65007	339.49778	-129.31867	-73.07531	100.82264	-141.44352	-8.80785	122.56322	-160.16314	-52.20550	152.87035	-102.88447	-27.61547	73.08497	68.30883	-139.14320	438.97969	171.56229	184.82445	454.84556	-45.09026	-138.83423	235.10886	196.59047	184.85401	230.41323	
303	3.020	45.17687	64.89563	967.85563	55.97111	48.24928	777.69495	171.99097	90.21888	929.74225	165.19456	106.98310	626.50819	153.01971	-67.67025	651.32521	49.65051	70.79831	680.22457	47.11733	0.54961	693.25603	240.73601	52.21781	384.47450	211.54495	114.75996	336.36380	170.22932	139.09422	68.50154	169.31229	68.56671	80.01549	127.64919	98.56364	93.68715	219.03246	102.12306	66.71089	83.54481	-15.18859	351.28008	29.52233	-69.22007	337.12873	-120.97211	-73.56439	102.37772	-132.97381	-9.35727	124.40459	-149.91576	-52.74870	155.51430	-96.74460	-27.85672	73.03945	81.51273	-137.95477	436.73573	176.34435	186.89378	454.96358	-32.68447	-138.17183	234.62235	198.64957	187.21232	229.46310	
304	3.030	54.53776	65.35813	967.88515	66.75102	46.41023	778.09907	181.40717	91.37568	930.41158	173.38703	108.38535	627.81007	164.43347	-66.66948	649.48305	58.93737	69.11115	681.78076	57.67678	-1.36390	693.31855	244.73356	55.72960	383.61920	214.25683	117.74305	336.16676	170.09705	141.20081	68.20007	168.93899	70.80829	80.37395	127.68412	100.95063	94.19167	218.76718	103.97411	66.29541	98.05392	-13.66420	349.03903	43.82340	-67.59149	334.85870	-111.78793	-74.01554	104.16701	-123.66866	-9.81762	126.37321	-138.80333	-53.15238	158.27709	-89.79144	-28.14892	73.24583	95.12749	-136.54957	434.67478	180.55430	189.34838	455.52402	-19.56475	-137.35314	234.32431	200.26315	189.94923	228.85056	
305	3.040	63.74429	65.58577	968.20264	77.38021	44.57029	778.80246	190.66228	92.32679	931.40148	181.28983	109.99142	629.42076	175.72659	-65.41834	647.85867	68.03050	67.50876	683.63161	68.09860	-3.17068	693.63409	248.29161	59.58984	383.11795	216.44881	121.00859	336.33637	169.86072	143.36928	68.15725	168.50974	73.11847	81.02184	127.60993	103.39154	94.94839	218.39298	105.90958	66.13404	112.98829	-11.93351	347.08683	58.61588	-65.79690	332.76200	-101.80021	-74.45644	106.23029	-113.55321	-10.20391	128.47966	-126.91630	-53.42413	161.16718	-81.96110	-28.54049	73.77318	109.06198	-134.95522	432.88082	184.26062	192.06934	456.42998	-5.81028	-136.40511	234.28709	201.46420	192.91326	228.49143	
306	3.050	72.77475	65.59015	968.78476	87.81219	42.79390	779.76743	199.73279	93.06512	932.67552	188.92430	111.76789	631.26375	186.84178	-63.93386	646.49070	76.92923	66.05149	685.70435	78.35027	-4.80434	694.17710	251.41742	63.59655	382.87204	218.16331	124.40192	336.76921	169.59388	145.44462	68.28850	168.13746	75.34045	81.85431	127.50715	105.70493	95.84074	218.01724	107.80713	66.15895	128.28379	-10.03211	345.48915	73.83686	-63.87253	330.90599	-91.04817	-74.91593	108.59727	-102.65782	-10.53546	130.72644	-114.35504	-53.57740	164.18771	-73.18886	-29.07787	74.67838	123.22917	-133.20517	431.42839	187.54622	194.92802	457.57432	8.49976	-135.35932	234.57757	202.26179	195.93845	228.30820	
307	3.060	81.61342	65.39230	969.59894	98.01025	41.14056	780.94740	208.60285	93.59078	934.19021	196.31859	113.67752	633.25815	197.73301	-62.24107	645.40653	85.63899	64.78825	687.92425	88.40743	-6.21129	694.91634	254.13850	67.55342	382.79048	219.46250	127.76895	337.36751	169.32340	147.28437	68.52766	167.88851	77.32879	82.78245	127.41675	107.72187	96.77873	217.69773	109.55490	66.30982	143.88566	-7.99705	344.30024	89.43073	-61.85657	329.34706	-79.56993	-75.41803	111.27963	-91.01239	-10.83120	133.10312	-101.21827	-53.62676	167.33051	-63.41188	-29.79826	75.99765	137.55105	-131.33675	430.37697	190.50306	197.79824	458.85122	23.28989	-134.24887	235.24954	202.65972	198.86217	228.23761	
308	3.070	90.25124	65.02152	970.60549	107.94771	39.66097	782.28983	217.26473	93.91100	935.89637	203.50418	115.68173	635.32435	208.36708	-60.37098	644.62022	94.16917	63.75233	690.21864	98.25378	-7.35469	695.81622	256.50305	71.28928	382.79826	220.42717	130.97081	338.04784	169.04901	148.77543	68.82963	167.79392	78.96668	83.73838	127.35513	109.30782	97.70287	217.45588	111.06308	66.53708	159.74898	-5.86602	343.56026	105.34985	-59.78770	328.12782	-67.39656	-75.97650	114.26400	-78.64121	-11.10536	135.58251	-87.59163	-53.58377	170.57060	-52.57279	-30.72287	77.73952	151.96202	-129.38942	429.76722	193.22596	200.56754	460.16597	38.49174	-133.10546	236.33684	202.67373	201.54241	228.23419	
309	3.080	98.68619	64.51346	971.76014	117.60761	38.39394	783.73926	225.71868	94.03945	937.74065	210.51272	117.74294	637.38878	218.72396	-58.35825	644.13143	102.53106	62.95927	692.51995	107.88042	-8.21647	696.83807	258.57821	74.67416	382.83983	221.15266	133.89665	338.74591	168.76093	149.84671	69.16888	167.86089	80.17894	84.67675	127.32755	110.37941	98.58300	217.29074	112.27248	66.80308	175.83807	-3.67732	343.29397	121.55420	-57.70405	327.27587	-54.54721	-76.59123	117.50726	-65.55914	-11.36414	138.11891	-73.53804	-53.45434	173.86246	-40.62376	-31.85169	79.88042	166.41059	-127.40322	429.61918	195.80637	203.14632	461.44185	54.04720	-131.95703	237.84798	202.34340	203.87227	228.27011	
310	3.090	106.92321	63.90774	973.01662	126.98181	37.36439	785.24032	233.97251	93.99508	939.66711	217.37335	119.82642	639.38762	228.79617	-56.23894	643.92549	110.73597	62.40653	694.76773	117.28473	-8.79754	697.94120	260.44620	77.62944	382.87840	221.74218	136.47283	339.41735	168.45287	150.47573	69.53508	168.08262	80.93922	85.57300	127.33788	110.91341	99.41310	217.19110	113.15915	67.08139	192.12503	-1.47011	343.51093	138.01035	-55.64228	326.80398	-41.02629	-77.24659	120.93543	-51.77010	-11.60406	140.64912	-59.09184	-53.23796	177.13928	-27.53040	-33.16063	82.36406	180.85941	-125.41749	429.93269	198.32652	205.47353	462.62363	69.91093	-130.82598	239.76330	201.73688	205.78936	228.33219	
311	3.100	114.97391	63.24524	974.32922	136.06985	36.58265	786.74040	242.04078	93.80063	941.61895	224.11088	121.90152	641.26905	238.58717	-54.04855	643.97464	118.79401	62.07523	696.90982	126.46909	-9.11599	699.08389	262.19848	80.13078	382.89229	222.29897	138.66685	340.03560	168.12923	150.68856	69.92729	168.44543	81.27033	86.41946	127.39409	110.94685	100.20383	217.14455	113.73436	67.35504	208.58790	0.71574	344.20707	154.69018	-53.63668	326.71165	-26.82330	-77.91234	124.44685	-37.26793	-11.81203	143.09645	-44.25753	-52.92879	180.31561	-13.27526	-34.60142	85.10493	195.28406	-123.46962	430.68955	200.85487	207.51869	463.67781	86.05185	-129.72822	242.03511	200.94814	207.27923	228.41746	
312	3.110	122.85590	62.56548	975.65501	144.87765	36.04484	788.19192	249.94368	93.48102	943.54017	230.74501	123.94235	642.99431	248.10917	-51.82057	644.24014	126.71332	61.93328	698.90276	135.43941	-9.20399	700.22439	263.92872	82.20373	382.87004	222.91829	140.48602	340.58796	167.80683	150.55314	70.34832	168.93322	81.23804	87.22014	127.50960	110.56865	100.97449	217.14292	114.04019	67.61425	225.20858	2.84055	345.36734	171.56958	-51.71806	326.98756	-11.91547	-78.54648	127.91948	-22.03967	-11.96685	145.37757	-29.01334	-52.51811	183.29368	2.13981	-36.10450	87.99580	209.67084	-121.59378	431.85707	203.44338	209.28004	464.59036	102.45326	-128.67289	244.59105	200.08858	208.37225	228.52821	
313	3.120	130.59203	61.90423	976.95573	153.41623	35.73439	789.55402	257.70592	93.06164	945.37734	237.29036	125.92774	644.53760	257.38061	-49.58558	644.67517	134.50013	61.93951	700.71190	144.20396	-9.10371	701.32194	265.72509	83.91303	382.80581	223.68088	141.97102	341.07119	167.51239	150.16748	70.80034	169.52955	80.93953	87.98540	127.70154	109.90435	101.74584	217.18444	114.14150	67.85415	241.97071	4.86657	346.96883	188.62740	-49.91250	327.61263	3.72710	-79.09963	131.22182	-6.07056	-12.04183	147.41107	-13.31877	-51.99721	185.97244	18.69229	-37.58448	90.91823	224.01414	-119.81955	433.39235	206.12709	210.77981	465.36259	119.11155	-127.66279	247.34037	199.27525	209.13490	228.66773	
314	3.130	138.20939	61.29154	978.19913	161.70059	35.62421	790.79372	265.35547	92.56685	947.08123	243.75739	127.84081	645.88518	266.42359	-47.37088	645.22801	142.15924	62.04816	702.31122	152.77229	-8.86292	702.33797	267.66320	85.34786	382.69567	224.64842	143.18590	341.48734	167.27734	149.64474	71.28219	170.21824	80.48859	88.72739	127.98750	109.09692	102.53497	217.27331	114.11557	68.07297	258.85779	6.76047	348.98416	205.84445	-48.23999	328.56317	20.13451	-79.52017	134.22590	10.65023	-12.00785	149.12666	2.87539	-51.35997	188.25831	36.33889	-38.94759	93.75469	238.31344	-118.17056	435.24673	208.92581	212.05726	466.00637	136.03323	-126.69512	250.18263	198.61829	209.65704	228.83720	
315	3.140	145.73830	60.75044	979.35978	169.74876	35.67959	791.88659	272.92245	92.01864	948.60840	250.15378	129.66827	647.03378	275.26151	-45.20054	645.84543	149.69489	62.21323	703.68307	161.15458	-8.53072	703.23730	269.80028	86.60559	382.53557	225.86144	144.20628	341.84071	167.13183	149.09760	71.78867	170.98325	79.99991	89.45660	128.38163	108.28687	103.35231	217.41767	114.04125	68.27079	275.85136	8.49594	351.38456	223.20264	-46.71314	329.81390	37.32941	-79.75926	136.82066	28.12421	-11.83625	150.47339	19.61637	-50.60428	190.07579	55.01662	-40.10022	96.40050	252.57016	-116.66327	437.36993	211.84767	213.16089	466.53928	153.23082	-125.76257	253.01757	198.20975	210.03747	229.03408	
316	3.150	153.21129	60.29617	980.41935	177.58114	35.86118	792.81678	280.43808	91.43567	949.92251	256.48612	131.39950	647.98881	283.91723	-43.09583	646.47583	157.11191	62.39221	704.81789	169.36127	-8.15381	703.98943	272.17159	87.77675	382.32058	227.33945	145.10788	342.13581	167.09944	148.62454	72.31118	171.80847	79.57507	90.17984	128.89157	107.59486	104.20091	217.62693	113.98904	68.44878	292.92942	10.05595	354.14236	240.68375	-45.33630	331.34048	55.31993	-79.77515	138.92368	46.33944	-11.50121	151.42560	36.93991	-49.73203	191.37638	74.64491	-40.95745	98.77386	266.78438	-115.30628	439.71334	214.89342	214.14079	466.98055	170.71782	-124.85429	255.75518	198.11534	210.37014	229.25193	
317	3.160	160.66214	59.93615	981.36644	185.21993	36.12809	793.57676	287.93382	90.83260	950.99541	262.76167	133.02583	648.76227	292.41171	-41.07563	647.07207	164.41676	62.54899	705.71375	177.40307	-7.77350	704.56965	274.78924	88.93341	382.04523	229.08297	145.95691	342.37652	167.19352	148.29964	72.83938	172.67778	79.29192	90.89958	129.51657	107.10924	105.07744	217.90920	114.01375	68.60892	310.06496	11.43409	357.23265	258.26782	-44.10509	333.12129	74.09431	-79.53625	140.48942	65.26842	-10.98132	151.98554	54.86325	-48.74782	192.14421	95.12871	-41.45045	100.82264	280.95165	-114.10019	442.23230	218.06077	215.04237	467.34807	188.50351	-123.95688	258.32436	198.37006	210.73299	229.48137	
318	3.170	168.12502	59.67040	982.19597	192.68895	36.44068	794.16655	295.44077	90.21972	951.80784	268.98984	134.53992	649.37075	300.76342	-39.15693	647.59364	171.61843	62.65569	706.37580	185.29119	-7.42373	704.96001	277.64356	90.12233	381.70441	231.07655	146.80367	342.56608	167.41579	148.16736	73.36306	173.57549	79.19882	91.61436	130.24715	106.87999	105.97412	218.26921	114.15024	68.75385	327.22453	12.63474	360.63397	275.93105	-43.00673	335.13823	93.61829	-79.02262	141.51262	84.86811	-10.26027	152.18205	73.38152	-47.65682	192.39715	116.36259	-41.53179	102.52677	295.06013	-113.03816	444.88703	221.34766	215.90188	467.65663	206.58809	-123.05496	260.67895	198.97799	211.18086	229.71172	
319	3.180	175.63368	59.49245	982.90821	200.01342	36.76291	794.59271	302.98912	89.60290	952.34970	275.18343	135.93553	649.83365	308.98832	-37.35509	648.00822	178.72913	62.69365	706.81543	193.03782	-7.12984	705.14983	280.70668	91.36332	381.29453	233.29263	147.67973	342.70761	167.75710	148.24213	73.87387	174.48694	79.31378	92.31997	131.06629	106.91905	106.88115	218.70714	114.41273	68.88666	344.36693	13.67207	364.32777	293.64330	-42.02097	337.37645	113.83559	-78.22601	142.02614	105.08217	-9.32696	152.06537	92.46765	-46.46230	192.18301	138.23566	-41.17792	103.89619	309.08831	-112.10722	447.64232	224.75431	216.74430	467.91734	224.95882	-122.13183	262.80014	199.91585	211.74295	229.93296	
320	3.190	183.22081	59.39040	983.50766	207.22000	37.06418	794.86703	310.60787	88.98365	952.61990	281.35947	137.20758	650.17147	317.10038	-35.68381	648.29237	185.76464	62.65332	707.04917	200.65674	-6.90829	705.13577	283.93758	92.65217	380.81454	235.69552	148.59844	342.80492	168.19991	148.51244	74.36643	175.39914	79.62816	93.01089	131.95183	107.20625	107.78891	219.21824	114.79710	69.01067	361.44192	14.56808	368.29660	311.36545	-41.12165	339.82280	134.67168	-77.14854	142.09339	125.84463	-8.17504	151.69858	112.07529	-45.16374	191.57103	160.63698	-40.38877	104.96447	323.00397	-111.28983	450.46604	228.28377	217.58326	468.13797	243.58760	-121.16984	264.69461	201.13964	212.42451	230.13731	
321	3.200	190.91743	59.34821	984.00169	214.33685	37.32050	795.00502	318.32461	88.35947	952.62577	287.53963	138.35257	650.40444	325.11266	-34.15490	648.43150	192.74447	62.53364	707.09728	208.16399	-6.76699	704.92138	287.28809	93.96688	380.26662	238.24540	149.55816	342.86323	168.72180	148.94783	74.83870	176.30112	80.11347	93.68187	132.87943	107.69888	108.68960	219.79319	115.28527	69.12898	378.38928	15.35012	372.52106	329.04707	-40.27877	342.46324	156.03992	-75.80055	141.79636	147.08433	-6.80248	151.14671	132.14396	-43.75589	190.63967	183.46096	-39.18453	105.77926	336.76464	-110.56574	453.32683	231.94159	218.42271	468.32389	262.43039	-120.15102	266.38844	202.59286	213.21184	230.32032	
322	3.210	198.75236	59.34675	984.39918	221.39371	37.51504	795.02425	326.16534	87.72421	952.38201	293.75023	139.36912	650.55139	333.03856	-32.77773	648.41919	199.69185	62.34072	706.98219	215.57851	-6.70618	704.51613	290.70887	95.27546	379.65635	240.90225	150.54693	342.88968	169.29916	149.50747	75.29173	177.18413	80.72988	94.32905	133.82566	108.34296	109.57823	220.41905	115.85088	69.24391	395.13846	16.04837	376.97562	346.62477	-39.46064	345.27922	177.84921	-74.19807	141.22095	168.72905	-5.21124	150.46523	152.60503	-42.22941	189.46251	206.61189	-37.60050	106.39104	350.31968	-109.91356	456.19133	235.73520	219.25966	468.47916	281.42862	-119.05780	267.91761	204.21538	214.07903	230.48125	
323	3.220	206.75176	59.36486	984.70906	228.42202	37.63811	794.94266	334.15433	87.06858	951.90936	300.02197	140.25864	650.62870	340.89326	-31.55857	648.25574	206.63357	62.08636	706.72669	222.92284	-6.71959	703.93401	294.15522	96.54373	378.99233	243.62964	151.54762	342.89329	169.91046	150.14848	75.72884	178.04144	81.43466	94.95090	134.77066	109.08418	110.45304	221.08047	116.46480	69.35657	411.60910	16.69377	381.62378	364.02179	-38.63599	348.24360	200.01137	-72.36066	140.44200	190.70795	-3.40757	149.68960	173.38728	-40.57324	188.09450	230.00667	-35.68090	106.84194	363.61421	-109.31185	459.02152	239.67346	220.08728	468.60740	300.51247	-117.87402	269.31640	205.95143	214.99522	230.62266	
324	3.230	214.93864	59.38008	984.93900	235.45500	37.68663	794.77679	342.31393	86.38067	951.23295	306.38934	141.02589	650.64948	348.69501	-30.49988	647.94654	213.59975	61.78639	706.35224	230.22350	-6.79585	703.19190	297.59204	97.74166	378.28508	246.39846	152.54244	342.88430	170.53854	150.83284	76.15462	178.86807	82.18925	95.54852	135.70002	109.87662	111.31539	221.76102	117.09988	69.46648	427.71293	17.31674	386.41324	381.14922	-37.77568	351.31650	222.44663	-70.30994	139.51028	212.95162	-1.40289	148.82785	194.42056	-38.77869	186.56112	253.57465	-33.47269	107.15635	376.59429	-108.73968	461.77259	243.76689	220.89772	468.71200	319.60560	-116.58606	270.60576	207.75622	215.93078	230.74938	
325	3.240	223.33243	59.36920	985.09418	242.52770	37.66318	794.54019	350.66425	85.64659	950.38050	312.88964	141.67927	650.62273	356.46623	-29.59969	647.50001	220.62353	61.45917	705.87726	237.51136	-6.91985	702.30780	300.99832	98.84749	377.54537	249.19059	153.51612	342.87277	171.17184	151.53208	76.57402	179.66056	82.96400	96.12577	136.60572	110.68838	112.16944	222.44449	117.73409	69.57151	443.35722	17.94699	391.27173	397.90908	-36.85381	354.44200	245.08558	-68.06918	138.44399	235.38879	0.78457	147.85764	215.63656	-36.84472	184.85282	277.25362	-31.02043	107.33512	389.21290	-108.17640	464.39187	248.02858	221.68437	468.79558	338.63044	-115.18395	271.78377	209.60062	216.86174	230.86705	
326	3.250	231.94850	59.30865	985.17621	249.67692	37.57498	794.24207	359.22288	84.85118	949.38058	319.56187	142.23083	650.55254	364.23410	-28.85120	646.92576	227.74052	61.12419	705.31572	244.82151	-7.07416	701.29916	304.37080	99.84938	376.78195	252.00258	154.45752	342.86647	171.80469	152.22915	76.99183	180.41681	83.74024	96.68902	137.48649	111.50350	113.02195	223.11598	118.35206	69.66811	458.44975	18.61425	396.10472	414.19934	-35.84819	357.54616	267.86617	-65.66412	137.22618	257.93971	3.12785	146.72883	236.96600	-34.78361	182.92616	300.98193	-28.36309	107.35416	401.43597	-107.60100	466.81906	252.47578	222.44295	468.85856	357.51318	-113.66233	272.82017	211.47396	217.77192	230.98044	
327	3.260	240.79772	59.17483	985.18238	256.94097	37.43256	793.88614	368.00438	83.97883	948.26086	326.44516	142.69585	650.43740	372.03073	-28.24272	646.23289	234.98809	60.80097	704.67614	252.19298	-7.24026	700.18161	307.72732	100.74483	375.99894	254.84916	155.35952	342.86830	172.43694	152.91792	77.41276	181.13659	84.50976	97.24687	138.34775	112.32038	113.88232	223.76284	118.94480	69.75187	472.90482	19.34975	400.79552	429.92053	-34.74022	360.53733	290.72546	-63.12457	135.80897	280.50715	5.58941	145.37127	258.33214	-32.62564	180.71207	324.68706	-25.53324	107.16788	413.24746	-106.99111	468.98799	257.13175	223.17174	468.89708	376.18677	-112.02094	273.65648	213.38541	218.65278	231.09197	
328	3.270	249.88614	58.94439	985.10525	264.35922	37.24869	793.47008	377.01981	83.01435	947.04675	333.57706	143.09207	650.26951	379.89273	-27.75789	645.42887	242.40425	60.50807	703.96092	259.66784	-7.39966	698.96807	311.10966	101.53847	375.19315	257.76653	156.21764	342.87336	173.07359	153.60059	77.84231	181.82258	85.27222	97.80993	139.20176	113.14756	114.76310	224.37568	119.50825	69.81845	486.64973	20.18784	405.20851	444.98319	-33.51434	363.30901	313.58662	-60.48627	134.12371	302.96635	8.12030	143.70674	279.64165	-30.42123	178.12996	348.27228	-22.55879	106.71676	424.65276	-106.32216	470.82970	262.02746	223.87070	468.90073	394.59130	-110.26460	274.21205	215.36417	219.50141	231.20039	
329	3.280	259.21459	58.59478	984.93260	271.97142	37.03734	792.98545	386.27622	81.94404	945.76024	340.99153	143.43853	650.03445	387.86017	-27.37646	644.51890	250.02631	60.26240	703.16634	267.29005	-7.53497	697.66856	314.58595	102.23910	374.35173	260.81507	157.02794	342.86625	173.72466	154.28392	78.28841	182.48244	86.03130	98.39075	140.06838	113.99777	115.68109	224.94946	120.04104	69.86482	499.63072	21.16697	409.19559	459.31523	-32.15748	365.74543	336.34340	-57.79251	132.09568	325.15645	10.66081	141.66288	300.77430	-28.23932	175.10539	371.60380	-19.46693	105.93787	435.67974	-105.56695	472.27667	267.20283	224.54005	468.85036	412.67067	-108.40259	274.39522	217.45910	220.31741	231.30019	
330	3.290	268.77855	58.10491	984.64803	279.81667	36.81294	792.41828	395.77612	80.75682	944.41926	348.71686	143.75428	649.71115	395.97504	-27.07530	643.50613	257.88909	60.07847	702.28312	275.10371	-7.63073	696.29064	318.25219	102.85658	373.45044	264.08111	157.78468	342.81905	174.40595	154.97493	78.76360	183.13161	86.79042	99.00411	140.97685	114.88160	116.65874	225.48507	120.54209	69.89069	511.81758	22.32928	412.60554	472.86787	-30.65879	367.72952	358.84497	-55.09470	129.66034	346.87558	13.14309	139.18692	321.57383	-26.16162	171.58798	394.50125	-16.28933	104.77645	446.37701	-104.69613	473.26768	272.70694	225.17833	468.71686	430.36630	-106.44769	274.11778	219.73798	221.09938	231.38163	
331	3.300	278.56807	57.45622	984.23198	287.93206	36.58984	791.75027	405.51710	79.44534	943.03753	356.77363	144.05680	649.27249	404.27924	-26.82993	642.39251	266.02306	59.96778	701.29766	283.15115	-7.67427	694.84045	322.23249	103.39943	372.45316	267.67723	158.47853	342.69039	175.14067	155.67692	79.28768	183.79693	87.54883	99.66758	141.96844	115.80180	117.72574	225.99161	121.00869	69.90019	523.20615	23.71822	415.29557	485.61922	-29.01006	369.15245	380.88547	-52.45166	126.77871	367.88179	15.49553	136.25683	341.84283	-24.27344	167.56656	416.73441	-13.06731	103.19685	456.80948	-103.67995	473.75267	278.59714	225.78062	468.46107	447.60894	-104.41498	273.31001	222.28651	221.84185	231.43156	
332	3.310	288.56791	56.63391	983.66336	296.35102	36.38205	790.96077	415.49149	78.00721	941.62484	365.17296	144.36049	648.68645	412.81222	-26.61620	641.18032	274.45232	59.93823	700.19383	291.47064	-7.65642	693.32441	326.67727	103.87342	371.31289	271.74054	159.09565	342.42620	175.96205	156.38640	79.89016	184.52061	88.29875	100.40219	143.09988	116.74927	118.92032	226.48944	121.43535	69.90340	533.81853	25.37403	417.14393	497.57481	-27.20688	369.92371	402.20191	-49.92749	123.44888	387.90106	17.64823	132.88861	361.34403	-22.65310	163.07877	438.02820	-9.85535	101.19110	467.05144	-102.49118	473.69721	284.93692	226.33707	468.03548	464.31113	-102.32125	271.93341	225.20701	222.53329	231.43511	
333	3.320	298.75790	55.62851	982.92173	305.10143	36.20313	790.02918	425.68625	76.44605	940.18785	373.91523	144.67508	647.91812	421.60853	-26.41228	639.87411	283.19274	59.99344	698.95537	300.09411	-7.57211	691.75113	331.75870	104.28137	369.97464	276.42828	159.61813	341.96247	176.91653	157.09122	80.61200	185.36411	89.02404	101.23311	144.44685	117.70100	120.28956	227.01383	121.81376	69.91775	543.70073	27.32729	418.06212	508.76494	-25.25080	369.98048	422.48335	-47.58813	119.71213	406.64260	19.53862	129.13879	379.80991	-21.36228	158.21381	458.07689	-6.72184	98.78387	477.17830	-101.10931	473.08604	291.79261	226.83229	467.38759	480.36293	-100.18503	269.98875	228.61619	223.15556	231.37803	
334	3.330	309.11344	54.43752	981.98977	314.20364	36.06606	788.93784	436.08301	74.77233	938.73130	382.98961	145.00429	646.93243	430.69534	-26.20068	638.48287	292.25056	60.13231	697.56866	309.04503	-7.42088	690.13352	337.66297	104.62423	368.38044	281.91058	160.02569	341.23020	178.06717	157.77035	81.50605	186.41150	89.70046	102.18970	146.10667	118.62041	121.88834	227.61899	122.13380	69.96884	552.91818	29.59162	418.00536	519.23956	-23.15198	369.29518	441.39217	-45.49706	115.65251	423.82050	21.11639	125.10216	396.96099	-20.43945	153.10765	476.56689	-3.74627	96.03338	487.25783	-99.52546	471.92554	299.22934	227.24568	466.46515	495.63347	-98.02775	267.51811	232.64169	223.68502	231.24963	
335	3.340	319.60623	53.06686	980.85604	323.66856	35.98320	787.67504	446.65835	73.00397	937.25951	392.37454	145.34467	645.69750	440.09029	-25.97022	637.02208	301.62154	60.34851	696.02568	318.33660	-7.20722	688.49059	344.57917	104.90294	366.47625	288.36031	160.29866	340.16241	179.49658	158.39516	82.63556	187.77150	90.29761	103.30473	148.19937	119.45972	123.77624	228.38185	122.38553	70.09052	561.54947	32.15657	416.97980	529.06132	-20.93224	367.88026	458.59567	-43.71046	111.39022	439.17950	22.34695	120.90502	412.53137	-19.89744	147.93171	493.20565	-1.01301	93.02782	497.34243	-97.74739	470.24499	307.30656	227.55278	465.22251	509.97957	-95.87572	264.60070	237.41670	224.09498	231.04622	
336	3.350	330.20512	51.53220	979.51766	333.49604	35.96583	786.23795	457.38428	71.16643	935.77804	402.03924	145.68489	644.18856	449.79981	-25.71765	635.51534	311.29097	60.63030	694.32695	327.97050	-6.94075	686.84879	352.68531	105.12090	364.22045	295.94061	160.42175	338.70293	181.30870	158.93215	84.07047	189.57776	90.78209	104.61231	150.86627	120.16400	126.01224	229.40513	122.56180	70.32407	569.67900	34.98208	415.04536	538.29819	-18.62777	365.78954	473.80362	-42.27249	107.06980	452.52170	23.21311	116.69484	426.29816	-19.72546	142.87640	507.75299	1.39725	89.87800	507.46339	-95.80367	468.09666	316.07354	227.72765	463.62784	523.26092	-93.76214	261.34375	243.07253	224.35924	230.77463	
337	3.360	340.87706	49.85956	977.98268	343.67383	36.02365	784.63507	468.22890	69.29229	934.29541	411.94618	146.00552	642.39204	459.81816	-25.44897	633.99523	321.23444	60.96047	692.48402	337.93641	-6.63614	685.24254	362.13280	105.28634	361.59326	304.79112	160.38800	336.81600	183.62873	159.34664	85.88131	191.98693	91.12156	106.14456	154.26568	120.67633	128.64750	230.81895	122.66095	70.71614	577.38951	37.99583	412.31340	547.01651	-16.29094	363.11587	486.80548	-41.21142	102.84509	463.73033	23.71496	112.62733	438.11007	-19.89430	138.13185	520.04998	3.41677	86.70694	517.62807	-93.74610	465.55452	325.56537	227.74596	461.67023	535.35922	-91.72856	257.87031	249.72946	224.45613	230.45555	
338	3.370	351.58817	48.08531	976.27189	354.17721	36.16377	782.88793	479.15730	67.42025	932.82465	422.05435	146.27959	640.30948	470.12723	-25.17991	632.50327	331.41959	61.31671	690.52130	348.21234	-6.31284	683.71375	373.03115	105.41420	358.60585	315.01477	160.20223	334.49563	186.60077	159.60696	88.13124	195.17415	91.28899	107.92707	158.56564	120.94339	131.71686	232.78037	122.68934	71.31570	584.75529	41.09412	408.93909	555.27533	-13.99074	359.98498	497.50041	-40.53706	98.86310	472.78651	23.86815	108.85237	447.90974	-20.36337	133.86851	530.04056	4.99882	83.63794	527.81996	-91.64955	462.71152	335.79972	227.58842	459.36583	546.19724	-89.82473	254.30629	257.48668	224.37225	230.12620	
339	3.380	362.30481	46.25520	974.41967	364.96963	36.38966	781.03179	490.13254	65.59348	931.38450	432.32282	146.47390	637.96076	480.69732	-24.93572	631.08879	341.80851	61.67219	688.47691	358.76574	-5.99449	682.31042	385.43528	105.52688	355.30790	326.66677	159.88325	331.77330	190.38305	159.68827	90.86686	199.32631	91.26654	109.97387	163.93456	120.92074	135.23017	235.47055	122.66275	72.16992	591.83700	44.14675	405.10884	563.12232	-11.81118	356.54619	505.91382	-40.24037	95.24922	479.77557	23.70079	105.50038	455.74491	-21.08801	130.22032	537.78173	6.12285	80.78263	538.00149	-89.60882	459.67527	346.77482	227.24412	456.76220	555.75304	-88.10687	250.76862	266.41301	224.10547	229.84151	
340	3.390	372.99467	44.42240	972.47387	376.00412	36.69990	779.11513	501.11688	63.85744	930.00017	442.71434	146.55111	635.38620	491.48870	-24.75000	629.80673	352.36050	61.99663	686.40228	369.55539	-5.70802	681.08414	399.33761	105.65372	351.79208	339.74789	159.46417	328.72261	195.14093	159.57549	94.10914	204.63326	91.04829	112.28260	170.53064	120.57714	139.16521	239.08910	122.60654	73.31934	598.67869	47.00558	401.02419	570.59150	-9.84753	352.96061	512.19684	-40.29519	92.09581	484.88107	23.24954	102.67107	461.76559	-22.02566	127.27269	543.43998	6.79591	78.23081	548.11865	-87.73244	456.56194	358.46877	226.71319	453.94003	564.06559	-86.63429	247.35605	276.54005	223.66642	229.67327	
341	3.400	383.62784	42.64473	970.49449	387.22571	37.08715	777.19781	512.07297	62.25728	928.70342	453.19837	146.47261	632.64707	502.45386	-24.66263	628.71458	363.03503	62.25772	684.36045	380.53382	-5.48241	680.08698	414.66667	105.82909	348.19416	354.20338	158.99054	325.45954	201.03870	159.26492	97.84578	211.27803	90.64164	114.83085	178.49176	119.89753	143.46342	243.84593	122.55403	74.79287	605.30728	49.51603	396.88399	577.70255	-8.20046	349.38820	516.60824	-40.66179	89.45563	488.36657	22.55556	100.42586	466.20700	-23.14008	125.05705	547.27422	7.05016	76.04351	558.10649	-86.13403	453.48870	370.84032	226.00830	451.01167	571.23004	-85.46514	244.14337	287.85959	223.07818	229.70658	
342	3.410	394.17785	40.98104	968.55120	398.57439	37.53748	775.34814	522.96522	60.83492	927.53189	463.75325	146.20172	629.82422	513.54018	-24.71694	627.86874	373.79439	62.42299	682.42298	391.64995	-5.34707	679.36793	431.29291	106.08927	344.68783	369.92797	158.51634	322.13783	208.23088	158.76432	102.02659	219.42667	90.06691	117.57475	187.92720	118.88441	148.02997	249.95089	122.54323	76.60315	611.73406	51.53037	392.86735	584.46146	-6.96831	345.97526	519.48226	-41.29155	87.34091	490.54805	21.66084	98.78517	469.36126	-24.40277	123.55237	549.60773	6.93746	74.25012	567.89446	-84.92228	450.56543	383.83119	225.15464	448.11598	577.38362	-84.65178	241.17942	300.32615	222.37428	230.03321	
343	3.420	404.62268	39.48724	966.71992	409.98844	38.03041	773.63892	533.76114	59.62623	926.52763	474.36725	145.70711	627.01455	524.69277	-24.95633	627.32073	384.60577	62.46208	680.66571	402.85173	-5.32990	678.96939	449.04097	106.46847	341.47424	386.77662	158.09823	318.93930	216.85448	158.09176	106.56298	229.21900	89.35528	120.45032	198.91228	117.55771	152.73859	257.60219	122.61221	78.74322	617.95759	52.92119	389.11985	590.86216	-6.23847	342.84395	521.18838	-42.13153	85.72760	491.76143	20.60601	97.73049	471.54302	-25.79150	122.69298	550.79424	6.52238	72.84981	577.41114	-84.19084	447.88650	397.36995	224.18806	445.40978	582.68510	-84.23618	238.48850	313.86487	221.59496	230.74236	
344	3.430	414.94555	38.21214	965.07861	421.40781	38.53963	772.14290	544.43264	58.65845	925.73490	485.03850	144.96583	624.32568	535.85719	-25.42074	627.11374	395.44259	62.34935	679.16376	414.08857	-5.45508	678.92401	467.70665	106.99462	338.76725	404.57940	157.78881	316.06028	227.02279	157.27366	111.33229	240.76082	88.54563	123.37797	211.48647	115.95342	157.44119	266.97469	122.79392	81.18513	623.96693	53.59369	385.74500	596.88892	-6.07841	340.08514	522.09056	-43.12800	84.56374	492.33057	19.42957	97.21067	473.05554	-27.28657	122.38094	551.18353	5.87526	71.81635	586.58795	-84.00937	445.52411	411.37722	223.15171	443.05617	587.29272	-84.24582	236.07474	328.38332	220.78261	231.90964	
345	3.440	425.13574	37.19378	963.70263	432.77708	39.03464	770.92799	554.95727	57.94812	925.19725	495.77384	143.96569	621.86900	546.98177	-26.14319	627.27976	406.28490	62.06663	677.98599	425.31319	-5.74061	679.25222	487.07593	107.68510	336.77582	423.15824	157.62986	313.69551	238.82125	156.34231	116.18680	254.11827	87.68047	126.26983	225.65466	114.12135	161.98103	278.20913	123.11116	83.88105	629.74441	53.49524	382.80214	602.51934	-6.52785	337.75558	522.51300	-44.22875	83.78022	492.54065	18.16854	97.15097	474.16285	-28.86593	122.50070	551.09204	5.06639	71.10532	595.36219	-84.41682	443.52413	425.77199	222.09140	441.21114	591.34499	-84.69015	233.92827	343.78540	219.97693	233.58624	
346	3.450	435.18903	36.45642	962.66015	444.04782	39.48306	770.05277	565.31920	57.49977	924.95424	506.58678	142.70671	619.75185	558.01944	-27.14689	627.83771	417.11910	61.60578	677.18968	436.48295	-6.19605	679.96075	506.94303	108.54297	335.68635	442.34302	157.64650	312.02185	252.30523	155.33349	120.96660	269.31482	86.80193	129.03882	241.39088	112.12220	166.20784	291.40349	123.57284	86.76704	635.26735	52.62122	380.31046	607.72777	-7.59291	335.87937	522.71684	-45.38410	83.30188	492.62018	16.85968	97.46343	475.07194	-30.50105	122.93365	550.78199	4.16189	70.66227	603.67981	-85.41760	441.90517	440.47863	221.05054	440.00983	594.94810	-85.55815	232.03201	359.98445	219.21064	235.79029	
347	3.460	445.10801	36.00859	962.00787	455.18018	39.85339	769.56262	575.51011	57.30552	925.03795	517.49505	141.20138	618.06966	568.92895	-28.44317	628.79258	427.93690	60.97090	676.81592	447.56067	-6.82051	681.04196	527.12525	109.55376	335.64690	461.98472	157.84297	311.18362	267.49940	154.28419	125.51449	286.33091	85.94809	131.60811	258.64332	110.02401	169.99245	306.60742	124.17216	89.76897	640.50891	51.01653	378.25763	612.48911	-9.24330	334.45292	522.88982	-46.54740	83.05733	492.73273	15.54042	98.05680	475.92608	-32.15492	123.57039	550.45053	3.22116	70.43035	611.49848	-86.98073	440.66093	455.43382	220.06547	439.55434	598.17148	-86.81733	230.36779	376.91342	218.50645	238.50257	
348	3.470	454.90197	35.84252	961.78748	466.14363	40.11797	769.48679	585.52954	57.34559	925.46980	528.51787	139.47382	616.89883	579.67557	-30.03024	630.13546	438.73400	60.17954	676.88605	458.51489	-7.60135	682.47418	547.47255	110.68333	336.75558	481.96406	158.20066	311.28164	284.39832	153.23057	129.69084	305.10642	85.15007	133.91911	277.33979	107.89798	173.23857	323.82024	124.88704	92.80966	645.43849	48.77243	376.61081	616.78278	-11.41326	333.45210	523.14765	-47.67559	82.98593	492.97779	14.24884	98.84504	476.80820	-33.78281	124.31954	550.22849	2.29562	70.35658	618.79089	-89.04213	439.76511	470.59236	219.16188	439.90482	601.05074	-88.41465	228.92085	394.53046	217.87553	241.66765	
349	3.480	464.58650	35.93489	962.02313	476.91688	40.25573	769.83671	595.38501	57.58969	926.25791	539.67331	137.55805	616.29120	590.23126	-31.89314	631.84448	449.50867	59.26289	677.39970	469.31988	-8.51376	684.22282	567.87150	111.87695	339.05404	502.19489	158.67854	312.36678	302.96828	152.20621	133.38568	325.54571	84.43008	135.93658	297.39291	105.81390	175.88963	342.99289	125.68256	95.81598	650.02261	46.01875	375.32723	620.59642	-14.00658	332.83986	523.54412	-48.72990	83.04162	493.39878	13.02261	99.75340	477.75126	-35.33558	125.11229	550.18685	1.42810	70.39598	625.54788	-91.50971	439.17779	485.93102	218.35270	441.07498	603.59611	-90.27963	227.68196	412.81953	217.31743	245.20021	
350	3.490	474.18272	36.24889	962.72005	487.48730	40.25436	770.60555	605.09160	57.99915	927.39532	550.97602	135.49543	616.27054	600.57451	-34.00447	633.88623	460.26039	58.26451	678.33440	479.95544	-9.52141	686.24201	588.24358	113.06014	342.52643	522.62237	159.21583	314.43851	323.15036	151.24058	136.52615	347.52472	83.80033	137.64969	318.70481	103.83566	177.92964	364.03347	126.51474	98.72461	654.22689	42.91211	374.36253	623.92890	-16.90521	332.57300	524.08605	-49.67698	83.19331	493.99572	11.89717	100.72187	478.75228	-36.76436	125.90304	550.34809	0.65264	70.51356	631.78047	-94.27096	438.85184	501.44937	217.63768	443.03247	605.80325	-92.32954	226.64738	431.78649	216.82124	248.99508	
351	3.500	483.71609	36.73739	963.86442	497.84989	40.11174	771.76896	614.67113	58.52964	928.85944	562.43551	133.33172	616.83148	610.68995	-36.32619	636.21760	470.98895	57.23793	679.64694	490.40674	-10.57819	688.47672	608.53908	114.14150	347.10317	543.21695	159.73652	317.44793	344.86489	150.35768	139.07793	370.89937	83.26287	139.06917	341.17108	102.01747	179.37801	386.81575	127.33467	101.48547	658.01968	39.62102	373.67567	626.79201	-19.98066	332.60710	524.74945	-50.49004	83.42293	494.73966	10.90363	101.70618	479.78665	-38.02529	126.66702	550.69981	-0.00556	70.68425	637.51977	-97.20249	438.73854	517.16731	217.00422	445.70373	607.66368	-94.47632	225.81702	451.45212	216.36751	252.93848	
352	3.510	493.21508	37.34683	965.42438	508.00619	39.83643	773.28690	624.15094	59.13413	930.61263	574.05513	131.11399	617.94069	620.56796	-38.81193	638.78772	481.69393	56.24309	681.27617	500.66419	-11.63084	690.86512	628.72800	115.01744	352.66836	563.96530	160.15496	321.30427	368.01692	149.57508	141.04081	395.51422	82.81009	140.22094	364.68414	100.40128	180.27953	411.18941	128.09219	104.06251	661.37696	36.30952	373.23033	629.21077	-23.10657	332.89937	525.49423	-51.14986	83.72174	495.58691	10.06694	102.67697	480.82063	-39.08353	127.39590	551.20823	-0.53003	70.89155	642.81402	-100.18080	438.79151	533.11939	216.42920	448.98214	609.17296	-96.63428	225.19165	471.84343	215.93049	256.91817	
353	3.520	502.70949	38.02163	967.35198	517.96326	39.44715	775.10617	633.56231	59.76603	932.60396	585.83191	128.88753	619.54005	630.20426	-41.41003	641.54000	492.37476	55.34224	683.14680	510.72357	-12.62229	693.34102	648.78978	115.57854	359.06937	584.85986	160.38191	325.88363	392.50220	148.90313	142.43999	421.21040	82.42580	141.13796	389.13605	99.01577	180.69176	436.99054	128.73845	106.43215	664.28788	33.12137	372.99390	631.22222	-26.17057	333.40971	526.27596	-51.64544	84.08634	496.49125	9.40449	103.61759	481.82079	-39.91565	128.09278	551.83004	-0.91285	71.12525	647.72292	-103.09297	438.96907	549.34685	215.88100	452.73810	610.33569	-98.72763	224.77000	492.98490	215.48023	260.83084	
354	3.530	512.22884	38.70844	969.58585	527.73294	38.97143	777.16352	642.93872	60.38205	934.77195	597.75727	126.69310	621.55138	639.59964	-44.06665	644.41407	503.03132	54.59556	685.17411	520.58626	-13.49525	695.83629	668.70350	115.71659	366.12718	605.88866	160.33011	331.03839	418.21243	148.34438	143.31538	447.83181	82.08654	141.85161	414.42047	97.87638	180.67229	464.05096	129.22715	108.58001	666.75994	30.16706	372.93503	632.87348	-29.08366	334.10073	527.05419	-51.97420	84.51507	497.41306	8.92533	104.52147	482.76045	-40.51068	128.76744	552.52160	-1.15427	71.37907	652.31028	-105.84599	439.23522	565.88846	215.32165	456.82936	611.16761	-100.69664	224.54660	514.89062	214.98418	264.58626	
355	3.540	521.80073	39.36008	972.05422	537.33150	38.44349	779.38880	652.31409	60.94479	937.04786	609.81841	124.56457	623.88193	648.75994	-46.72917	647.34763	513.66492	54.05715	687.26868	530.25971	-14.19577	698.28320	688.43997	115.33153	373.64640	627.02671	159.91893	336.60648	445.03900	147.89288	143.71139	475.22897	81.76308	142.38442	440.43393	96.98604	180.26832	492.20492	129.51449	110.49712	668.82276	27.51556	373.02131	634.21932	-31.78583	334.93712	527.79771	-52.14161	85.00543	498.32523	8.63001	105.38942	483.62326	-40.86969	129.43260	553.24546	-1.26198	71.64864	656.63655	-108.37362	439.55980	582.77192	214.70851	461.11042	611.69551	-102.50159	224.51057	537.55817	214.40792	268.10851	
356	3.550	531.44938	39.93870	974.67806	546.77969	37.90171	781.70801	661.72111	61.42469	939.35941	622.00051	122.52715	626.43012	657.69610	-49.34922	650.27810	524.27977	53.77162	689.34111	539.75795	-14.67644	700.61643	707.95651	114.33725	381.42418	648.23032	159.07776	342.41935	472.87417	147.53329	143.66937	503.26010	81.42163	142.74515	467.07580	96.33587	179.51034	521.29231	129.55823	112.17637	670.52974	25.19202	373.21772	635.32030	-34.24735	335.88516	528.48701	-52.16031	85.55296	499.21570	8.51102	106.22725	484.40480	-41.00424	130.10147	553.97420	-1.25016	71.92997	660.75305	-110.63959	439.91825	600.00708	213.99562	465.44003	611.95600	-104.12392	224.64545	560.96433	213.71502	271.33547	
357	3.560	541.19454	40.41802	977.37403	556.10309	37.38580	784.04598	671.18984	61.80139	941.63428	634.28915	120.59621	629.09089	666.42450	-51.88554	653.14410	534.88453	53.77157	691.30609	549.10218	-14.89904	702.77496	727.19488	112.66573	389.25752	669.43474	157.74791	348.30851	501.60923	147.23978	143.22371	531.78943	81.02480	142.92680	494.24699	95.90547	178.41039	551.15808	129.31619	113.60985	671.95732	23.18124	373.48637	636.24138	-36.46601	336.91239	529.11487	-52.04875	86.15111	500.08745	8.55383	107.04386	485.11243	-40.93403	130.78656	554.69197	-1.13811	72.21863	664.69910	-112.63717	440.29116	617.58207	213.13481	469.68647	611.99375	-105.56469	224.93001	585.06260	212.86606	274.21753	
358	3.570	551.05073	40.78442	980.05702	565.33275	36.93408	786.32844	680.74671	62.06436	943.80328	646.67284	118.77683	631.76028	674.96729	-54.30605	655.88658	545.49385	54.07614	693.08573	558.32122	-14.83642	704.70351	746.08217	110.26911	396.94907	690.55525	155.88352	354.11036	531.12997	146.97478	142.40145	560.68298	80.53208	142.90753	521.84701	95.66271	176.96479	581.64810	128.74465	114.78736	673.20199	21.43595	373.78726	637.05130	-38.46132	337.98755	529.68530	-51.82932	86.79219	500.95643	8.73864	107.84984	485.76415	-40.68382	131.49945	555.39443	-0.94871	72.50946	668.50240	-114.38531	440.66379	635.46292	212.07670	473.73061	611.85947	-106.84083	225.33966	609.78199	211.81722	276.71625	
359	3.580	561.02695	41.03704	982.64231	574.50572	36.58085	788.48365	690.41393	62.21287	945.80290	659.14529	117.06401	634.33891	683.35286	-56.58940	658.44972	556.12963	54.69049	694.61195	567.45179	-14.47369	706.35365	764.53409	107.11997	404.31148	711.49122	153.45151	359.66958	561.30993	146.68805	141.22427	589.80254	79.89994	142.65382	549.76966	95.56331	175.15976	612.60243	127.79703	115.69563	674.37549	19.88766	374.07977	637.82220	-40.26707	339.08067	530.21143	-51.52634	87.46857	501.84852	9.04245	108.65634	486.38650	-40.28015	132.25115	556.08732	-0.70668	72.79659	672.18215	-115.92244	441.02529	653.59637	210.77198	477.46722	611.60784	-107.98011	225.84818	635.02688	210.51908	278.80300	
360	3.590	571.12684	41.18678	985.04718	583.66553	36.35425	790.44334	700.20936	62.25528	947.57712	671.70695	115.44358	636.73449	691.61619	-58.72550	660.78137	566.82181	55.60611	695.82802	576.53845	-13.80886	707.68458	782.46005	103.21024	411.17050	732.13232	150.43124	364.84145	592.00256	146.31643	139.71118	618.99867	79.08157	142.12492	577.89727	95.55064	172.97838	643.84708	126.42329	116.31798	675.59881	18.45806	374.32416	638.62909	-41.92379	340.16313	530.71290	-51.16406	88.17382	502.79598	9.44145	109.47416	487.01220	-39.74822	133.05251	556.78433	-0.43695	73.07359	675.75374	-117.29910	441.36768	671.91521	209.17283	480.80493	611.29498	-109.01584	226.42953	660.67741	208.91628	280.45730	
361	3.600	581.34927	41.25455	987.19223	592.86211	36.27446	792.14343	710.14672	62.20786	949.07841	684.36579	113.89365	638.86331	699.79909	-60.71542	662.83322	577.60828	56.80169	696.68918	585.63307	-12.85281	708.66354	799.76922	98.54954	417.36736	752.36560	146.81427	369.49335	623.03337	145.78471	137.88036	648.10373	78.02664	141.27762	606.09432	95.55619	170.40682	675.18594	124.57038	116.63388	676.99569	17.06884	374.48260	639.54874	-43.47228	341.20738	531.21300	-50.76491	88.90340	503.83427	9.91311	110.31284	487.67769	-39.10957	133.91443	557.50447	-0.16318	73.33344	679.23353	-118.57065	441.68434	690.34500	207.23498	483.66548	610.97588	-109.98209	227.05934	686.59035	206.94869	281.66425	
362	3.610	591.68926	41.26892	989.00245	602.15123	36.35241	793.52451	720.23610	62.09318	950.26811	697.13678	112.38665	640.65130	707.95016	-62.57033	664.56060	588.53385	58.24437	697.16278	594.79373	-11.62908	709.26586	816.37681	93.16376	422.76062	772.08248	142.60470	373.50592	654.19330	145.00798	135.74882	676.92627	76.68157	140.07027	634.20089	95.50112	167.43857	706.39420	122.18432	116.61828	678.68628	15.64887	374.51955	640.65794	-44.94906	342.18652	531.73617	-50.34826	89.65453	504.99940	10.43768	111.17981	488.42101	-38.38073	134.84751	558.26952	0.09342	73.56841	682.64279	-119.79121	441.96817	708.81071	204.92014	485.98278	610.70184	-110.91007	227.71601	712.60032	204.55448	282.41097	
363	3.620	602.13914	41.26337	990.40839	611.59313	36.58893	794.53239	730.48471	61.93824	951.11626	710.04040	110.89175	642.03475	716.12443	-64.30976	665.92220	599.64804	59.89111	697.22792	604.08296	-10.17335	709.47485	832.21029	87.09451	427.22793	791.18455	137.82025	376.77409	685.23424	143.89580	133.33007	705.24775	74.99080	138.46582	662.02716	95.29888	164.07600	737.21470	119.21418	116.24087	680.78138	14.13827	374.40136	642.03115	-46.38400	343.07352	532.30626	-49.92979	90.42540	506.32615	10.99892	112.07936	489.28037	-37.57328	135.86108	559.10153	0.31489	73.76958	686.01027	-121.00913	442.20960	727.24217	202.19904	487.70198	610.51863	-111.82586	228.38101	738.52124	201.67503	282.68226	
364	3.630	612.68980	41.27351	991.34751	621.25037	36.97434	795.11905	740.89749	61.77250	951.60116	723.09978	109.37763	642.96130	724.38248	-65.95929	666.87971	611.00176	61.69001	696.87508	613.56535	-8.53271	709.28151	847.21484	80.40002	430.66796	809.58763	132.49431	379.20846	715.86764	142.35835	130.63029	732.82263	72.89974	136.43365	689.35006	94.85930	160.32935	767.35817	115.61825	115.46603	683.37789	12.48999	374.09532	643.73819	-47.79970	343.84030	532.94554	-49.52151	91.21372	507.84699	11.58373	113.01177	490.29349	-36.69524	136.96182	560.02089	0.48694	73.92623	689.37342	-122.26424	442.39463	745.57695	199.05490	488.77891	610.46589	-112.74933	229.03842	764.14802	198.26155	282.45654	
365	3.640	623.33188	41.33426	991.76594	631.18491	37.48844	795.24398	751.47772	61.62589	951.70884	736.33700	107.81551	643.39126	732.78919	-67.54773	667.39779	622.64292	63.58162	696.10572	623.30450	-6.76484	708.68426	861.35803	73.15728	433.00288	827.22388	126.67870	380.73703	745.76690	140.31455	127.64481	759.38239	70.35981	133.95089	715.91330	94.09409	156.21444	796.50808	111.37210	114.25410	686.55554	10.66965	373.56852	645.84234	-49.21226	344.45681	533.67506	-49.13237	92.01499	509.59176	12.18114	113.97254	491.49781	-35.75344	138.15199	561.04504	0.59901	74.02536	692.77874	-123.58647	442.50317	763.76035	195.48737	489.17993	610.57842	-113.69403	229.67366	789.25869	194.28295	281.70338	
366	3.650	634.05678	41.47737	991.62080	641.45459	38.10095	794.87625	762.22732	61.52684	951.43269	749.76863	106.18220	643.29956	741.41184	-69.10404	667.44443	634.61142	65.50013	694.93221	633.35951	-4.93693	707.68877	874.63327	65.46520	434.18154	844.04217	120.44675	381.30791	774.57435	137.70206	124.35692	784.64392	67.33574	131.00393	741.43205	92.92378	151.75053	824.33047	106.47812	112.56488	690.37532	8.65484	372.78696	648.39964	-50.63253	344.89039	534.51589	-48.76939	92.82097	511.58795	12.78062	114.95197	492.93161	-34.75652	139.42799	562.18804	0.64393	74.05144	696.28196	-124.99530	442.50813	781.74226	191.51647	488.88245	610.88930	-114.66773	230.27174	813.61721	189.73419	280.38402	
367	3.660	644.85734	41.72916	990.88295	652.10922	38.77223	793.99699	773.14681	61.50063	950.77346	763.40091	104.46312	642.67819	750.31770	-70.65420	666.99193	646.93382	67.37473	693.37800	643.78115	-3.12413	706.30811	887.06181	57.44779	434.18354	860.00712	113.89616	380.89290	801.91343	134.48847	120.74056	808.32205	63.81470	127.59123	765.60295	91.28644	146.96013	850.48840	100.97509	110.36387	694.87973	6.43472	371.71520	651.45940	-52.06737	345.10546	535.49159	-48.43908	93.61867	513.86151	13.37029	115.93536	494.63566	-33.71797	140.77925	563.46116	0.61738	73.98679	699.94845	-126.49976	442.37517	799.47167	187.18649	487.87631	611.43498	-115.67322	230.81525	836.97804	184.64458	278.45594	
368	3.670	655.72807	42.10871	989.54008	663.18663	39.45454	792.60232	784.23488	61.56784	949.73970	777.22531	102.65499	641.53889	759.57125	-72.21815	666.01873	659.61833	69.13105	691.47816	654.60811	-1.40772	704.56316	898.69269	49.25629	433.02395	875.09754	107.15072	379.49215	827.40653	130.68267	116.76790	830.14557	59.81624	123.72756	788.11984	89.14764	141.87181	874.66051	94.94644	107.63075	700.09488	4.01040	370.31695	655.06634	-53.52017	345.06396	536.63128	-48.14897	94.39047	516.43821	13.93529	116.90400	496.65553	-32.65865	142.18824	564.87456	0.51711	73.81271	703.85400	-128.09838	442.06358	816.88998	182.56915	486.16637	612.26150	-116.70923	231.28260	859.09350	179.08494	275.88160	
369	3.680	666.66495	42.62631	987.59988	674.70895	40.09377	790.70634	795.48759	61.74321	948.34864	791.21478	100.76801	639.91572	769.23091	-73.80714	664.51188	672.65080	70.69307	689.28001	665.86349	0.12760	702.48338	909.60035	41.06914	430.75814	889.30458	100.36024	377.13949	850.69815	126.34468	112.42128	849.87568	55.40141	119.44979	808.69451	86.51116	136.52628	896.56213	88.52502	104.36928	706.03433	1.39622	368.55689	659.26378	-54.99069	344.72654	537.97327	-47.90889	95.11540	519.34537	14.45672	117.83706	499.04399	-31.60828	143.63166	566.44009	0.34215	73.51158	708.08605	-129.77928	441.52809	833.92476	177.76542	483.77632	613.43109	-117.77127	231.64713	879.72506	173.17226	272.64066	
370	3.690	677.66479	43.28242	985.09286	686.67967	40.63165	788.34376	806.89728	62.03479	946.62753	805.32144	98.82703	637.86688	779.34565	-75.42171	662.47020	685.99222	71.98548	686.84377	677.55212	1.39691	700.10787	919.87926	33.08902	427.48579	902.62994	93.69785	373.90766	871.48231	121.59175	107.70745	867.32505	50.67901	114.82297	827.08090	83.42890	130.98444	915.96709	81.89270	100.61647	712.70418	-1.37848	366.40377	664.09759	-56.47408	344.05473	539.56844	-47.73186	95.77192	522.61397	14.91133	118.71445	501.86324	-30.60551	145.08299	568.17494	0.09190	73.06987	712.74466	-131.52011	440.72187	850.48549	172.90522	480.75370	615.02795	-118.85242	231.87727	898.65880	167.07049	268.74375	
371	3.700	688.72423	44.06691	982.07446	699.08162	41.00854	785.57179	818.45131	62.44354	944.61507	819.47624	96.87163	635.47535	789.95169	-77.05040	659.90784	699.57840	72.93672	684.24281	689.65883	2.31922	697.48643	929.63576	25.53647	423.35256	915.08420	87.35440	369.91208	889.53139	116.59842	102.67089	882.37541	45.80667	109.94498	843.09994	80.00764	125.33526	932.72788	75.27330	96.44879	720.10879	-4.26743	363.83486	669.61998	-57.95937	343.01409	541.48302	-47.63436	96.34189	526.28077	15.27212	119.52033	505.18634	-29.69656	146.51627	570.10592	-0.23469	72.48184	717.94289	-133.28831	439.60044	866.46260	168.14427	477.17517	617.16198	-119.94378	231.93824	915.72404	160.98585	264.24485	
372	3.710	699.83854	44.95876	978.62596	711.87629	41.16677	782.47072	830.13081	62.96326	942.36278	833.59081	94.95476	632.84770	801.06944	-78.66957	656.85783	713.32207	73.48267	681.56323	702.14809	2.82213	694.68048	938.97733	18.64028	418.54815	926.68467	81.52977	365.31164	904.72255	111.58853	97.40220	894.99138	40.98500	104.94767	856.66163	76.41006	119.70021	946.79120	68.91845	91.98319	728.25609	-7.20633	360.84124	675.89237	-59.42805	341.57821	543.80011	-47.63594	96.81543	530.39020	15.50974	120.24712	509.09742	-28.93230	147.91075	572.27388	-0.63995	71.75360	723.80577	-135.04184	438.12641	881.73056	163.65747	473.15080	619.96929	-121.03484	231.79547	930.81224	155.15588	259.24906	
373	3.720	711.00032	45.92622	974.85376	725.00456	41.05432	779.14291	841.90968	63.58101	939.93588	847.56170	93.13983	630.11072	812.70117	-80.24421	653.37519	727.11757	73.57090	678.90240	714.96517	2.84706	691.76340	948.00051	12.62516	413.29921	937.45264	76.42168	360.30468	917.05699	106.81832	92.03833	905.22815	36.44388	99.99255	867.78012	72.84719	114.23149	958.20657	63.08718	87.37148	737.16159	-10.11310	357.43376	682.98643	-60.85320	339.73343	546.61932	-47.75813	97.19598	534.99568	15.59466	120.89919	513.69000	-28.36406	149.25571	574.73769	-1.12827	70.90700	730.46718	-136.73061	436.27492	896.15488	159.62852	468.82546	623.60859	-122.11367	231.41940	943.89212	149.83246	253.91257	
374	3.730	722.19848	46.92749	970.88688	738.38897	40.62869	775.70992	853.75400	64.27788	937.41332	861.27688	91.49642	627.40576	824.82946	-81.72992	649.53892	740.84783	73.16524	676.36619	728.03887	2.35445	688.82002	956.77907	7.69763	407.85664	947.40967	72.21268	355.11925	926.66699	102.55166	86.75274	913.23111	32.42166	95.26032	876.57812	69.56122	109.10222	967.12571	58.02151	82.78803	746.85024	-12.89042	353.64851	690.98268	-62.19970	337.48372	550.05436	-48.02299	97.50478	540.16003	15.49966	121.49573	519.06338	-28.03879	150.55476	577.57722	-1.70686	69.98242	738.06434	-138.29887	434.03926	909.60203	156.23636	464.37557	628.25312	-123.16695	230.79160	955.01663	145.26042	248.43308	
375	3.740	733.41744	47.91209	966.87235	751.93737	39.86064	772.30764	865.62215	65.03012	934.88662	874.62362	90.09490	624.88091	837.41694	-83.07581	645.45251	754.39296	72.25025	674.06486	741.28560	1.32856	685.94496	965.35435	4.03077	402.47775	956.57310	69.05660	349.99748	933.80756	99.03033	81.73648	919.22639	29.13926	90.93451	883.27802	66.79919	104.48908	973.79167	53.92128	78.41255	757.35570	-15.43090	349.55114	699.96644	-63.42590	334.85541	554.22851	-48.45136	97.78364	545.95489	15.20245	122.07203	525.31706	-27.99391	151.82870	580.89476	-2.38643	69.03995	746.72976	-139.68863	431.43641	921.95113	153.63952	460.00005	634.07848	-124.18014	229.91136	964.31819	141.65434	243.03106	
376	3.750	744.63697	48.82288	962.96881	765.54765	38.73733	769.07976	877.46560	65.81053	932.45734	887.49733	89.00056	622.68157	850.40723	-84.22824	641.24232	767.63966	70.83500	672.10755	754.61450	-0.21883	683.23953	973.72962	1.74924	397.40500	964.95170	67.06555	345.17567	938.83152	96.44402	77.17356	923.50255	26.77309	87.18186	888.17971	64.78108	100.55005	978.51821	50.92229	74.41067	768.71692	-17.62505	345.23902	710.02123	-64.48689	331.90075	559.26837	-49.06128	98.09528	552.45912	14.68789	122.67848	532.54388	-28.25288	153.11613	584.81442	-3.18170	68.15809	756.58101	-140.84385	428.51176	933.10534	151.96021	455.90549	641.24742	-125.13778	228.80190	971.99110	139.17702	237.92488	
377	3.760	755.83248	49.59880	959.33843	779.11335	37.26460	766.16972	889.23058	66.59010	930.23298	899.80985	88.26776	620.94025	863.72721	-85.13491	637.05355	780.49014	68.95549	670.59594	767.93316	-2.24647	680.80748	981.86965	0.91552	392.84455	972.54263	66.29876	340.86278	942.15090	94.90536	73.21613	926.38525	25.43114	84.13268	891.62763	63.66744	97.40222	981.66164	49.08131	70.91641	780.97257	-19.37146	340.84014	721.22037	-65.33913	328.69980	565.29662	-49.86672	98.52039	559.75629	13.94939	123.37703	540.82278	-28.82205	154.47111	589.47926	-4.11180	67.42957	767.70924	-141.71517	425.34227	943.00163	151.27041	452.28745	649.89354	-126.02447	227.51508	978.26360	137.92229	233.30498	
378	3.770	766.97596	50.17827	956.13784	792.52952	35.46786	763.71207	900.86055	67.33963	928.32161	911.49649	87.93523	619.76670	877.29057	-85.74900	633.04385	792.86943	66.67499	669.61746	781.15322	-4.68406	678.74945	989.70581	1.51902	388.94838	979.33107	66.75439	337.22123	944.19110	94.43455	69.96525	928.20857	25.13661	81.86554	893.97305	63.53289	95.10490	983.58892	48.37044	68.01955	794.15410	-20.58805	336.50854	733.61787	-65.94592	325.35973	572.42471	-50.87703	99.15119	567.93148	12.98925	124.23508	550.21254	-29.68965	155.95787	595.04620	-5.20012	66.95431	780.16769	-142.26477	422.03736	951.61755	151.58226	449.31062	660.10622	-126.82653	226.13338	983.36470	137.90452	229.31287	
379	3.780	778.03750	50.50312	953.50868	805.69836	33.39130	761.82376	912.29931	68.03140	926.82543	922.52055	88.02267	619.23959	891.00221	-86.03296	629.37466	804.73013	64.08179	669.23881	794.19526	-7.43546	677.15683	997.14595	3.47011	385.80342	985.29370	68.36534	334.35358	945.34644	94.95642	67.46168	929.28744	25.82207	80.39935	895.53854	64.35102	93.65245	984.64708	48.68137	65.76027	808.27867	-21.22294	332.41595	747.23984	-66.28313	322.01117	580.74640	-52.09689	100.08178	577.06771	11.81779	125.31732	560.74745	-30.82711	157.64256	601.67863	-6.47372	66.82996	793.96186	-142.47077	418.73643	958.97441	152.84428	447.09186	671.91931	-127.53460	224.76813	987.49383	139.05581	226.02956	
380	3.790	788.98709	50.52265	951.56873	818.53416	31.09555	760.59627	923.49449	68.64069	925.83389	932.87494	88.52956	619.40077	904.76338	-85.96132	626.20099	816.05394	61.28407	669.50064	806.99260	-10.38468	676.10543	1004.08758	6.60097	383.43012	990.40608	71.00012	332.29766	945.94563	96.30989	65.68807	929.89551	27.33540	79.69463	896.59139	65.99373	92.97869	985.13847	49.83859	64.13121	823.34308	-21.26294	328.74043	762.07799	-66.34413	318.80133	590.33305	-53.52699	101.39631	587.24218	10.45127	126.67655	572.43596	-32.19288	159.58327	609.53744	-7.96194	67.14112	809.04302	-142.33085	415.60283	965.13698	154.94463	445.68917	685.30574	-128.14690	223.55336	990.80031	141.23122	223.47505	
381	3.800	799.79667	50.19774	950.40426	830.96720	28.65358	760.08940	934.40113	69.14705	925.41689	942.58056	89.43590	620.25282	918.47682	-85.52254	623.66059	826.84992	58.40219	670.41387	819.49351	-13.40430	675.64956	1010.43252	10.67503	381.79026	994.65316	74.46971	331.03072	946.23240	98.26798	64.58094	930.25175	29.45646	79.66335	897.33017	68.24534	92.97141	985.30514	51.61925	63.08570	839.32005	-20.73822	325.65300	778.08632	-66.14341	315.88439	601.23114	-55.16501	103.15661	598.52256	8.90904	128.34474	585.26238	-33.73799	161.81960	618.77104	-9.69444	67.94868	825.30641	-141.86449	412.81380	970.20962	157.72106	445.09870	700.17923	-128.67250	222.63523	993.37728	144.22143	221.61749	
382	3.810	810.44209	49.50429	950.06452	842.94617	26.14543	760.32733	944.98499	69.53529	925.61897	951.68190	90.70485	621.76008	932.05170	-84.71948	621.86347	837.14981	55.55894	671.95819	831.66200	-16.36556	675.81729	1016.10119	15.40532	380.80198	998.04069	78.54068	330.48106	946.36272	100.56486	64.04823	930.51644	31.92208	80.18478	897.88477	70.82882	93.49311	985.32355	53.77678	62.54968	856.15736	-19.72213	323.30407	795.18179	-65.71793	313.40984	613.46206	-57.00690	105.39130	610.96359	7.21026	130.32603	599.19130	-35.41284	164.36368	629.50539	-11.69851	69.28100	842.59517	-141.11362	410.54733	974.32950	160.97661	445.25982	716.40338	-129.13383	222.15802	995.26995	147.77180	220.38813	
383	3.820	820.90486	48.43589	950.55866	854.43911	23.65220	761.29723	955.22520	69.79611	926.45488	960.24032	92.28669	623.85301	945.40782	-83.56861	620.88310	847.00140	52.86906	674.08283	843.47705	-19.14892	676.60727	1021.04491	20.48065	380.35795	1000.60478	82.95421	330.54383	946.41585	102.92590	63.98754	930.79552	34.45564	81.12388	898.32738	73.43984	94.40274	985.30848	56.06546	62.43462	873.78033	-18.32585	321.81129	813.24937	-65.12596	311.51029	627.02410	-59.04800	108.08848	624.60402	5.37078	132.59298	614.17365	-37.17391	167.19437	641.83508	-13.99633	71.12862	860.71004	-140.14108	408.96697	977.65699	164.49889	446.06679	733.80683	-129.56726	222.24814	996.49414	151.60623	219.69770	
384	3.830	831.17336	47.00520	951.85560	865.43304	21.24999	762.95062	965.11595	69.92625	927.90729	968.32634	94.12338	626.43500	958.47867	-82.09823	620.75024	856.46088	50.42916	676.70947	854.93080	-21.65377	677.98761	1025.25477	25.59633	380.34251	1002.41689	87.44912	331.09753	946.41429	105.09708	64.30084	931.15065	36.79727	82.34849	898.68980	75.78359	95.57375	985.32353	58.26322	62.64894	892.09725	-16.68852	321.25063	832.15073	-64.44316	310.29023	641.89588	-61.28407	111.19339	639.46419	3.40064	135.08688	630.15329	-38.98962	170.25592	655.81679	-16.60233	73.44351	879.42393	-139.02691	408.20678	980.36359	168.08049	447.38434	752.20226	-130.02128	222.99868	997.05864	155.45334	219.45063	
385	3.840	841.24344	45.24398	953.88657	875.93229	19.00443	765.20720	974.66703	69.92838	929.92674	976.01178	96.15311	629.39075	971.21335	-80.34582	621.45012	865.58541	48.30956	679.73709	866.02597	-23.80623	679.89690	1028.76575	30.48492	380.64474	1003.58258	91.78636	332.01820	946.34723	106.87035	64.90319	931.61162	38.73103	83.74245	898.98225	77.60933	96.90525	985.39510	60.19042	63.10652	911.00675	-14.96419	321.65176	851.73570	-63.75629	309.81731	658.04068	-63.71199	114.61193	655.54444	1.30243	137.72251	647.07280	-40.84431	173.46173	671.46573	-19.52138	76.14316	898.49985	-137.86218	408.35834	982.61838	171.53762	449.06439	771.40592	-130.55216	224.45716	996.98528	159.07216	219.55515	
386	3.850	851.11839	43.20156	956.55019	885.95605	16.96630	767.96077	983.90315	69.81042	932.43406	983.36278	98.31425	632.59527	983.57715	-78.35519	622.92343	874.42685	46.54894	683.04806	876.77299	-25.56404	682.24748	1031.65526	34.94175	381.16591	1004.23392	95.77091	333.18954	946.19258	108.10259	65.72538	932.18842	40.10570	85.21341	899.20953	78.73846	98.32563	985.52674	61.72304	63.73167	930.40595	-13.30724	322.99830	871.85464	-63.15486	310.11763	675.41082	-66.33024	118.21970	672.82467	-0.92923	140.39658	664.87777	-42.74004	176.70261	688.75583	-22.74803	79.11933	917.70968	-136.74101	409.46210	984.57446	174.72466	450.96148	791.25488	-131.21772	226.61886	996.32240	162.27383	219.92901	
387	3.860	860.80830	40.94202	959.71960	895.53535	15.16881	771.08666	992.86201	69.58463	935.32501	990.43475	100.54831	635.92243	995.55090	-76.17348	625.07084	883.02731	45.15238	686.51518	887.18708	-26.91820	684.93056	1034.03610	38.84096	381.82186	1004.51735	99.26782	334.50881	945.93412	108.72602	66.71164	932.88078	40.84688	86.69502	899.38218	79.08234	99.78947	985.71145	62.79893	64.46086	950.19794	-11.85792	325.23278	892.37001	-62.72189	311.17549	693.95165	-69.13892	121.87530	691.26531	-3.30700	142.99859	683.51926	-44.69568	179.85839	707.62352	-26.26719	82.24971	936.85134	-135.75132	411.50421	986.35752	177.54278	452.94503	811.61940	-132.07038	229.42752	995.14998	164.93646	220.50143	
388	3.870	870.32880	38.54028	963.25090	904.70994	13.62653	774.44995	1001.59147	69.26645	938.47672	997.26943	102.80188	639.25252	1007.12933	-73.84875	627.76068	891.41686	44.09292	690.00899	897.28578	-27.89138	687.82284	1036.04449	42.13923	382.54200	1004.57969	102.20945	335.88929	945.57196	108.74916	67.81495	933.68422	40.95901	88.14463	899.52152	78.64782	101.27041	985.94047	63.41684	65.24215	970.29712	-10.72954	328.26536	913.16537	-62.52466	312.93789	713.60482	-72.13947	125.43595	710.80991	-5.84903	145.42236	702.95453	-46.74354	182.81097	727.97469	-30.05592	85.41119	955.76225	-134.96559	414.41943	988.05891	179.94205	454.90761	832.40933	-133.15062	232.78334	993.57724	167.01081	221.21248	
389	3.880	879.69967	36.07745	966.99225	913.52518	12.33603	777.91376	1010.14603	68.87306	941.75552	1003.89440	105.02753	642.47836	1018.31875	-71.42800	630.83886	899.61346	43.31621	693.40485	907.08709	-28.53346	690.79400	1037.82517	44.86741	383.26682	1004.55536	104.59321	337.26042	945.12578	108.24830	68.99205	934.59276	40.51734	89.53803	899.65914	77.52964	102.75252	986.20822	63.62864	66.03339	990.63169	-9.99834	331.98507	934.15051	-62.60666	315.32276	734.31085	-75.33394	128.77291	731.38918	-8.57617	147.57647	723.14675	-48.92410	185.45659	749.69380	-34.08584	88.49246	974.32741	-134.43295	418.09937	989.73431	181.91727	456.76893	853.57427	-134.48186	236.55734	991.73450	168.51641	222.01121	
390	3.890	888.94316	33.63582	970.79282	922.02938	11.27804	781.34716	1018.58301	68.42202	945.02534	1010.32486	107.18382	645.50962	1029.13427	-68.95603	634.14007	907.62481	42.74739	696.58949	916.60822	-28.91516	693.71464	1039.51596	47.11218	383.94557	1004.55677	106.47061	338.56669	944.63196	107.35095	70.20007	935.59906	39.65149	90.86313	899.83217	75.89129	104.22272	986.51357	63.52596	66.80009	1011.14246	-9.69663	336.27198	955.26233	-62.98157	318.22984	756.01117	-78.72354	131.78451	752.92624	-11.50839	149.39215	744.06412	-51.27942	187.71552	772.65418	-38.32550	91.40428	992.48176	-134.17343	422.40478	991.40836	183.49906	458.47607	875.09859	-136.06701	240.60925	989.76174	169.52894	222.85335	
391	3.900	898.08250	31.29409	974.51110	930.27154	10.42077	784.63193	1026.95882	67.92987	948.15598	1016.56716	109.23479	648.27552	1039.59709	-66.47496	637.49926	915.45161	42.29955	699.46645	925.86516	-29.12023	696.46376	1041.23423	48.99222	384.53486	1004.66909	107.93044	339.76628	944.13629	106.21392	71.39538	936.69301	38.52325	92.11387	900.07635	73.93761	105.66571	986.85851	63.22350	67.51381	1031.77848	-9.80938	341.00866	976.46149	-63.63009	321.55245	778.64997	-82.30657	134.40469	775.34232	-14.66073	150.82764	765.67901	-53.84644	189.53770	796.72791	-42.74166	94.08626	1010.20716	-134.17531	427.17993	993.08376	184.74185	460.00064	896.99253	-137.88685	244.80590	987.79588	170.16172	223.69968	
392	3.910	907.14064	29.12303	978.02189	938.29956	9.72387	787.66797	1035.32570	67.41093	951.03079	1022.62366	111.14908	650.72600	1049.73201	-64.02438	640.76234	923.09165	41.88241	701.96033	934.87289	-29.23746	698.93553	1043.06759	50.63340	384.99834	1004.94898	109.07937	340.82946	943.68467	104.99959	72.53488	937.86014	37.30237	93.28567	900.41905	71.88384	107.06198	987.24534	62.84134	68.15121	1052.49005	-10.27442	346.08961	997.72577	-64.49975	325.18840	802.17598	-86.07560	136.60626	798.56201	-18.03924	151.86870	787.96738	-56.65100	190.90380	821.79447	-47.29902	96.50926	1027.52488	-134.39568	432.26707	994.75256	185.71119	461.33403	919.28139	-139.89991	249.03667	985.95860	170.54455	224.51522	
393	3.920	916.13934	27.18190	981.22165	946.15905	9.14275	790.37709	1043.72915	66.87624	953.55286	1028.49801	112.89912	652.83156	1059.56559	-61.64173	643.79533	930.54422	41.41074	704.01952	943.64614	-29.35303	701.04469	1045.06988	52.14765	385.30718	1005.42675	110.02360	341.73734	943.31440	103.85421	73.57885	939.08060	36.14416	94.37288	900.87396	69.92645	108.38869	987.67374	62.48905	68.69390	1073.22031	-10.98613	351.42765	1019.04118	-65.50771	329.04888	826.54399	-90.01410	138.39849	822.51736	-21.63721	152.52555	810.90844	-59.70336	191.82191	847.74683	-51.95801	98.67361	1044.48521	-134.76401	437.51926	996.40720	186.47230	462.48183	941.99430	-142.04354	253.22356	984.34618	170.80347	225.26957	
394	3.930	925.09869	25.51596	984.03202	953.89247	8.63263	792.70500	1052.20633	66.33292	955.64955	1034.20038	114.46041	654.58197	1069.12490	-59.36293	646.49134	937.81404	40.81143	705.61727	952.20056	-29.54388	702.73022	1047.26254	53.61804	385.44076	1006.11086	110.85413	342.48075	943.04776	102.89117	74.49458	940.32949	35.17184	95.36818	901.43882	68.22015	109.62259	988.13865	62.25326	69.12888	1093.89716	-11.80268	356.95653	1040.39236	-66.54631	333.06394	851.71593	-94.09277	139.81996	847.14975	-25.43225	152.82700	834.48424	-62.99564	192.32073	874.49440	-56.67081	100.60356	1061.15543	-135.18833	442.81005	998.04943	187.08132	463.45837	965.15409	-144.23615	257.32435	983.02300	171.04438	225.93824	
395	3.940	934.03704	24.15494	986.40144	961.53879	8.15206	794.62172	1060.78533	65.78368	957.27504	1039.75177	115.81130	655.98433	1078.43722	-57.22270	648.77487	944.91449	40.02885	706.75112	960.55404	-29.87262	703.95721	1049.64064	55.09148	385.38743	1006.99418	111.63732	343.05924	942.88941	102.18147	75.25974	941.57854	34.46599	96.26377	902.09649	66.86422	110.74392	988.62962	62.19031	69.44916	1114.42698	-12.55670	362.62978	1061.75337	-67.49077	337.18432	877.66074	-98.26607	140.92801	872.40928	-29.38426	152.81297	858.67862	-66.50113	192.44072	901.96252	-61.37655	102.33911	1077.60763	-135.56322	448.03927	999.69609	187.58004	464.28227	988.76927	-146.38036	261.32869	982.01960	171.34226	226.50432	
396	3.950	942.97124	23.11255	988.30488	969.13341	7.66570	796.12032	1069.48541	65.22686	958.41074	1045.18694	116.93321	657.06037	1087.53031	-55.25440	650.60333	951.86969	39.02811	707.44068	968.72811	-30.38416	704.71663	1052.18193	56.57818	385.14486	1008.06113	112.41105	343.48028	942.82771	101.75182	75.86498	942.79885	34.06140	97.05357	902.81901	65.89908	111.74026	989.13185	62.32409	69.65436	1134.69161	-13.06868	368.41583	1083.08018	-68.20865	341.37936	904.35241	-102.46935	141.78666	898.25133	-33.43451	152.52633	883.47510	-70.17497	192.22460	930.08835	-65.99641	103.92621	1093.90739	-135.77875	453.13458	1001.38188	187.99419	464.97326	1012.82851	-148.36728	265.24831	981.33620	171.73679	226.96017	
397	3.960	951.91718	22.38686	989.74198	976.70845	7.14597	797.21433	1078.31795	64.65661	959.06382	1050.55560	117.81138	657.84344	1096.43348	-53.48929	651.96581	958.71522	37.79613	707.72401	976.74923	-31.10419	705.02320	1054.85717	58.05678	384.72002	1009.29530	113.18581	343.75839	942.83958	101.58960	76.31511	943.96435	33.95093	97.73580	903.57383	65.31228	112.60961	989.62862	62.64877	69.75098	1154.54971	-13.16235	374.29048	1104.30563	-68.57024	345.63155	931.76548	-106.61702	142.45464	924.63062	-37.50555	152.00544	908.85309	-73.95563	191.70884	958.81369	-70.42993	105.40689	1110.10449	-135.72980	458.04889	1003.15954	188.33476	465.55034	1037.29731	-150.08176	269.10334	980.95097	172.23403	227.30837	
398	3.970	960.89033	21.96136	990.73369	984.29330	6.57390	797.93409	1087.28797	64.06354	959.26404	1055.92172	118.43610	658.37509	1105.17884	-51.95505	652.87939	965.49773	36.34063	707.65283	984.64975	-32.03934	704.91155	1057.64025	59.48292	384.12867	1010.68680	113.94966	343.91406	942.89758	101.65284	76.62888	945.05517	34.09460	98.31535	904.33071	65.05150	113.36212	990.10466	63.13501	69.75217	1173.84272	-12.68072	380.22754	1125.33762	-68.45940	349.92835	959.86762	-110.60221	142.97504	951.49343	-41.50197	151.27799	934.78222	-77.76625	190.91680	988.07534	-74.55379	106.81021	1126.22601	-135.32482	462.75436	1005.09819	188.60138	466.03090	1062.11633	-151.40858	272.90735	980.83178	172.81273	227.56173	
399	3.980	969.90639	21.80654	991.31785	991.91541	5.93896	798.32218	1096.39593	63.43551	959.05923	1061.36090	118.80415	658.70138	1113.80272	-50.67387	653.38348	972.27337	34.68736	707.28694	992.46856	-33.17886	704.43111	1060.51670	60.79973	383.39408	1012.23875	114.67544	343.97230	942.97764	101.88284	76.83744	946.06058	34.43155	98.80519	905.06821	65.04103	114.02043	990.54948	63.73837	69.67693	1192.40520	-11.50131	386.18932	1146.06058	-67.78408	354.25262	988.60951	-114.29817	143.36770	978.76889	-45.31165	150.35684	961.21489	-81.51542	189.85457	1017.79408	-78.22361	108.14525	1142.27272	-134.49352	467.23390	1007.28005	188.78691	466.43044	1087.20023	-152.23942	276.65370	980.94911	173.43377	227.74192	
400	3.990	978.98166	21.88174	991.54398	999.60118	5.23827	798.42843	1105.63956	62.75865	958.50991	1066.95638	118.92038	658.86895	1122.34674	-49.66011	653.53279	979.10537	32.87619	706.68837	1000.25116	-34.49735	703.64013	1063.49012	61.94852	382.54497	1013.97190	115.32890	343.96046	943.06591	102.21678	76.98164	946.98094	34.89272	99.22675	905.77858	65.19867	114.61847	990.96028	64.40819	69.54873	1210.07859	-9.54938	392.11842	1166.34035	-66.48556	358.57301	1017.91259	-117.56175	143.62472	1006.36050	-48.80777	149.23808	988.07744	-85.09718	188.50932	1047.86351	-81.27957	109.39663	1158.21861	-133.19323	471.47141	1009.79587	188.88226	466.76216	1112.43655	-152.48027	280.30539	981.28758	174.05054	227.87705	
401	4.000	988.13319	22.13725	991.46773	1007.37707	4.47538	798.30466	1115.01555	62.01851	957.68355	1072.79399	118.79889	658.92098	1130.85825	-48.91822	653.38976	986.06109	30.95659	705.91566	1008.04926	-35.95821	702.59963	1066.58584	62.87869	381.61250	1015.92698	115.87639	343.90550	943.16334	102.59830	77.10854	947.82857	35.41192	99.60884	906.47042	65.44963	115.19912	991.34355	65.09552	69.39362	1226.72664	-6.80784	397.93224	1186.03171	-64.54570	362.83581	1047.65619	-120.23926	143.70932	1034.13892	-51.85185	147.90124	1015.26089	-88.39091	186.85036	1078.14021	-83.55560	110.52320	1174.01355	-131.41335	475.44230	1012.73901	188.88070	467.03630	1137.68402	-152.05883	283.78989	981.85389	174.61841	227.99813	
402	4.010	997.37867	22.51647	991.14539	1015.27046	3.65888	797.99969	1124.52089	61.20120	956.64883	1078.95681	118.46374	658.89320	1139.39002	-48.44119	653.01726	993.20872	28.98301	705.01886	1015.91961	-37.51720	701.36770	1069.85215	63.55561	380.62631	1018.16438	116.29121	343.83036	943.28727	102.98456	77.26757	948.62745	35.93407	99.98548	907.16905	65.73604	115.81097	991.71520	65.75906	69.23801	1242.25057	-3.32249	403.52126	1204.98791	-61.99114	366.95966	1077.66592	-122.17483	143.55794	1061.93708	-54.29832	146.31170	1042.61250	-91.26207	184.83235	1108.43643	-84.89175	111.45989	1189.58836	-129.17784	479.10553	1016.19885	188.78102	467.25875	1162.77103	-150.93139	286.99936	982.67990	175.10205	228.13510	
403	4.020	1006.73588	22.95827	990.62880	1023.31043	2.80112	797.55489	1134.15375	60.29447	955.47043	1085.52019	117.94872	658.81019	1147.99884	-48.20994	652.47225	1000.61396	27.01091	704.03550	1023.92207	-39.12596	699.99488	1073.35924	63.96622	379.61006	1020.76121	116.55789	343.75019	943.47006	103.34901	77.50650	949.41206	36.41959	100.39277	907.91479	66.02082	116.50451	992.09935	66.36865	69.10631	1256.60143	0.79825	408.75168	1223.07091	-58.89374	370.83437	1107.70551	-123.22123	143.08525	1089.54828	-56.00133	144.42486	1069.92971	-93.56519	182.40054	1138.51678	-85.14877	112.12274	1204.86175	-126.54521	482.39878	1020.25401	188.58935	467.42932	1187.49486	-149.08844	289.79637	983.82050	175.47959	228.31262	
404	4.030	1016.22197	23.39941	989.96116	1031.52808	1.91719	797.00069	1143.91389	59.28873	954.20468	1092.54772	117.29616	658.68241	1156.74329	-48.19404	651.80105	1008.33677	25.09362	702.98811	1032.11709	-40.73497	698.52097	1077.19612	64.12159	378.57667	1023.80642	116.67426	343.66843	943.75508	103.68043	77.86800	950.22550	36.84532	100.86531	908.75977	66.28662	117.32830	992.52591	66.90608	69.01871	1269.78778	5.38999	413.47235	1240.16147	-55.36672	374.32445	1137.47424	-123.25290	142.19186	1116.72777	-56.82421	142.19186	1096.95804	-95.15061	179.49742	1168.09958	-84.22359	112.41663	1219.74801	-123.60591	485.23751	1024.96655	188.31944	467.53974	1211.62327	-146.55849	292.02401	985.34725	175.74364	228.54642	
405	4.040	1025.85245	23.77717	989.17410	1039.95626	1.02425	796.35438	1153.80260	58.17787	952.89639	1100.08845	116.55459	658.50430	1165.68053	-48.35377	651.03671	1016.42841	23.28016	701.88333	1040.56243	-42.29591	696.97373	1081.46608	64.05652	377.52415	1027.39472	116.65133	343.57363	944.19143	103.97887	78.38672	951.11741	37.20229	101.43283	909.76413	66.53096	118.32547	993.02772	67.36387	68.98927	1281.87670	10.24533	417.52524	1256.16759	-51.55642	377.27762	1166.61181	-122.18027	140.77439	1143.19808	-56.65152	139.56630	1123.39441	-95.87549	176.07068	1196.86364	-82.06404	112.24525	1234.16493	-120.47676	487.51877	1030.37809	187.99165	467.57188	1234.89951	-143.40939	293.51965	987.33945	175.89955	228.84047	
406	4.050	1035.64007	24.03221	988.28624	1048.62876	0.14126	795.61941	1163.82220	56.95988	951.57701	1108.17559	115.77547	658.25365	1174.86264	-48.64346	650.19859	1024.92887	21.61418	700.71280	1049.30953	-43.76344	695.36930	1086.28091	63.82622	376.43263	1031.62019	116.51131	343.43754	944.82864	104.25026	79.08750	952.14194	37.49169	102.11739	910.99238	66.75947	119.53079	993.63786	67.74236	69.02474	1292.98770	15.13240	420.75839	1271.03068	-47.63021	379.53750	1194.71131	-119.96401	138.73737	1168.65808	-55.40308	136.51164	1148.89684	-95.61910	172.08180	1224.46028	-78.68115	111.52236	1248.04080	-117.29245	489.12955	1036.50867	187.63074	467.49680	1257.05201	-139.74645	294.13063	989.87486	175.96189	229.18542	
407	4.060	1045.59370	24.11154	987.30337	1057.57869	-0.71098	794.78650	1173.97524	55.63726	950.26437	1116.82631	115.00926	657.89284	1184.33264	-49.01572	649.29401	1033.86483	20.13353	699.45588	1058.39972	-45.09635	693.71453	1091.75436	63.50048	375.26341	1036.57052	116.28427	343.21500	945.71281	104.50089	79.98462	953.35612	37.72012	102.93169	912.51081	66.97913	120.96871	994.38790	68.04637	69.12405	1303.27956	19.81691	423.03972	1284.72868	-43.76183	380.95940	1221.34041	-116.62737	136.00611	1192.79544	-53.04862	133.00847	1173.10066	-94.30092	167.51496	1250.53020	-74.15728	110.18344	1261.31989	-114.19481	489.95908	1043.35864	187.26299	467.27481	1277.80898	-135.70716	293.73089	993.02205	175.95012	229.55856	
408	4.070	1055.71738	23.97161	986.22035	1066.83638	-1.50970	793.83625	1184.26351	54.21710	948.96375	1126.04260	114.30121	657.37171	1194.12072	-49.42610	648.32181	1043.24818	18.87033	698.08382	1067.86071	-46.25840	692.01067	1097.99514	63.15597	373.96048	1042.32248	116.00417	342.84603	946.88526	104.73329	81.08210	954.81885	37.89532	103.87871	914.38618	67.19315	122.65227	995.30750	68.28184	69.27893	1312.93185	24.08501	424.27041	1297.27585	-40.11596	381.42719	1246.06938	-112.26437	132.53958	1215.30221	-49.62071	129.06106	1195.64061	-91.89892	162.38524	1274.72401	-68.64832	108.19618	1273.96580	-111.32071	489.91358	1050.91310	186.91296	466.85710	1296.91727	-131.45239	292.23677	996.83598	175.88468	229.92528	
409	4.080	1066.00951	23.58129	985.02451	1076.42668	-2.23004	792.74338	1194.68698	52.71108	947.67046	1135.81248	113.68731	656.63226	1204.24109	-49.83756	647.27710	1053.07528	17.85115	696.56524	1077.70369	-47.21898	690.25810	1105.10013	62.86776	372.45494	1048.93879	115.70473	342.26021	948.38397	104.94431	82.37503	956.59059	38.02327	104.95249	916.68605	67.39854	124.58310	996.42572	68.45341	69.47542	1322.12357	27.76367	424.39609	1308.71944	-36.83415	380.86905	1268.50332	-107.04191	128.34134	1235.89250	-45.22362	124.70235	1216.17718	-88.46474	156.74507	1296.72497	-62.37894	105.56871	1285.96254	-108.79030	488.93151	1059.14799	186.60029	466.18901	1314.16361	-127.15492	289.62071	1001.35737	175.78396	230.24202	
410	4.090	1076.46238	22.92446	983.70017	1086.36620	-2.84517	791.48197	1205.24276	51.13511	946.37334	1146.11150	113.19097	655.61484	1214.68976	-50.22421	646.15668	1063.32693	17.09687	694.87232	1087.92155	-47.95373	688.46136	1113.14799	62.70094	370.67223	1056.46635	115.41571	341.38333	950.24778	105.12557	83.85144	958.73383	38.10700	106.14013	919.48016	67.58674	126.75217	997.77387	68.56330	69.69625	1331.01200	30.73537	423.41508	1319.13343	-34.02443	379.26997	1288.31550	-101.19397	123.46708	1254.32137	-40.03540	119.99659	1234.42467	-84.13208	150.68767	1316.27187	-55.63031	102.35397	1297.31385	-106.69727	486.99727	1068.03629	186.33699	465.21498	1329.39555	-122.98649	285.92088	1006.61566	175.66271	230.46050	
411	4.100	1087.06209	22.00203	982.23388	1096.66060	-3.32686	790.03141	1215.92429	49.50887	945.05919	1156.90404	112.82074	654.26544	1225.44370	-50.57375	644.96428	1073.96918	16.62224	692.98713	1098.48835	-48.44534	686.63401	1122.19394	62.70340	368.54170	1064.93567	115.15997	340.14577	952.52199	105.26615	85.49456	961.31403	38.14729	107.42444	922.84241	67.74673	129.14124	999.38970	68.61163	69.92395	1339.71471	32.94463	421.38246	1328.61045	-31.75616	376.67897	1305.27764	-95.00753	118.02663	1270.40347	-34.30133	115.03897	1250.17768	-79.11551	144.34612	1333.18002	-48.72077	98.64931	1308.04094	-105.10269	484.15112	1077.55296	186.12559	463.88513	1342.53881	-119.10550	281.24524	1012.63424	175.53171	230.53288	
412	4.110	1097.78877	20.83310	980.61986	1107.30234	-3.64664	788.38221	1226.72062	47.85516	943.71737	1168.14442	112.56941	652.54338	1236.46137	-50.88850	643.71504	1084.95496	16.43498	690.90751	1109.36041	-48.68439	684.80246	1132.26592	62.90053	366.00772	1074.36086	114.95153	338.49190	955.26419	105.35659	87.28523	964.40093	38.14471	108.78691	926.85217	67.86972	131.72480	1001.32205	68.59799	70.14429	1348.29757	34.39526	418.40972	1337.25240	-30.06089	373.20987	1319.28331	-88.80071	112.17947	1284.02944	-28.31813	109.95170	1263.33267	-73.69801	137.88728	1347.35791	-41.98091	94.59061	1318.17922	-104.03367	480.49360	1087.67766	185.95834	462.16281	1353.60794	-115.64724	275.76830	1019.43633	175.39847	230.41763	
413	4.120	1108.61728	19.45495	978.86475	1118.26923	-3.77747	786.54112	1237.61617	46.19926	942.34431	1179.77792	112.41456	650.42874	1247.68486	-51.18479	642.43854	1096.22635	16.53448	688.65177	1120.47884	-48.67032	683.00840	1143.36243	63.29243	363.04123	1084.73980	114.79474	336.38968	958.54850	105.39332	89.20414	968.06948	38.10245	110.21071	931.59429	67.95394	134.47232	1003.63540	68.52415	70.34973	1356.76998	35.13898	414.65950	1345.16094	-28.93892	369.03523	1330.36079	-82.89537	106.12333	1295.17815	-22.40981	104.87675	1273.90097	-68.20783	131.50045	1358.81737	-35.72579	90.34147	1327.77426	-103.48680	476.18332	1098.39491	185.81775	460.03256	1362.70785	-112.71810	269.71972	1027.04946	175.26827	230.08579	
414	4.130	1119.51821	17.92184	976.99142	1129.52404	-3.69600	784.53496	1248.59070	44.56803	940.94733	1191.74189	112.32054	647.92855	1259.04328	-51.49098	641.17991	1107.71768	16.91046	686.26166	1131.77338	-48.41232	681.30911	1155.45233	63.85368	359.65009	1096.05444	114.68441	333.83923	962.46689	105.38230	91.23395	972.40015	38.02903	111.68303	937.15670	68.00806	137.35048	1006.41318	68.39713	70.54241	1365.08799	35.25730	410.33563	1352.42809	-28.36986	364.37384	1338.67295	-77.58738	100.07688	1303.92270	-16.89786	99.96551	1282.01062	-62.98698	125.38173	1367.67567	-30.22752	86.07841	1336.87683	-103.43599	471.42775	1109.69186	185.67822	457.50751	1370.02468	-110.39412	263.36521	1035.50718	175.14533	229.52706	
415	4.140	1130.45925	16.30237	975.04099	1141.01532	-3.38521	782.41238	1259.61971	42.98919	939.54726	1203.96717	112.24158	645.08120	1270.45724	-51.84434	639.99880	1119.35889	17.54184	683.80305	1143.16723	-47.92990	679.77575	1168.47650	64.53572	355.88693	1108.27094	114.60682	330.87938	967.12677	105.34100	93.36102	977.47817	37.93994	113.19674	943.62574	68.05213	140.32540	1009.75919	68.23212	70.73636	1373.16421	34.84054	405.66893	1359.12786	-28.32499	359.47304	1344.50296	-73.11882	94.25878	1310.42824	-12.06990	95.36668	1287.89572	-58.35582	119.71596	1374.14819	-25.69195	81.97430	1345.53670	-103.84290	466.46748	1121.55424	185.50867	454.63492	1375.80597	-108.72325	256.98178	1044.84704	175.03339	228.75533	
416	4.150	1141.40669	14.67575	973.07294	1152.67946	-2.83706	780.24350	1270.67518	41.49040	938.17968	1216.38015	112.12582	641.95802	1281.84387	-52.28739	638.96621	1131.07930	18.39606	681.36414	1154.58218	-47.25307	678.48944	1182.35135	65.27152	351.85282	1121.33997	114.54151	327.59090	972.64460	105.29806	95.57681	983.39142	37.85789	114.75071	951.07919	68.11528	143.36446	1013.79654	68.05451	70.95851	1380.88271	33.96779	400.90003	1365.30956	-28.77850	354.58806	1348.22690	-69.65621	88.86639	1314.94121	-8.15130	91.21382	1291.87363	-54.57889	114.65906	1378.53193	-22.24297	78.18234	1353.79540	-104.66796	461.55588	1133.96179	185.27574	451.49908	1380.33240	-107.72965	250.83120	1055.10489	174.93569	227.81292	
417	4.160	1152.32719	13.12683	971.16302	1164.44392	-2.05492	778.11694	1281.72669	40.09839	936.89419	1228.90533	111.91964	638.66184	1293.12203	-52.86402	638.15946	1142.81125	19.42940	679.05101	1165.94369	-46.42184	677.53545	1196.97389	65.98209	347.69577	1135.19730	114.46337	324.09576	979.13643	105.29027	97.87855	990.22730	37.81099	116.34895	959.57856	68.23026	146.43753	1018.66367	67.90048	71.24804	1388.11646	32.69203	396.26066	1370.99375	-29.71530	349.96077	1350.27635	-67.27793	84.05758	1317.77003	-5.28423	87.61439	1294.31288	-51.83742	110.32356	1381.18105	-19.91643	74.82317	1361.67849	-105.87954	456.93624	1146.88416	184.94713	448.22045	1383.88475	-107.41818	245.13609	1066.30646	174.85422	226.77279	
418	4.170	1163.18949	11.74061	969.39911	1176.23131	-1.05527	776.13475	1292.74275	38.83805	935.75207	1241.46856	111.57204	635.32228	1304.21695	-53.61581	637.65589	1154.49342	20.58824	676.98087	1177.18519	-45.48482	676.99625	1212.22805	66.58427	343.60331	1149.76530	114.34523	320.55174	986.70677	105.35747	100.26915	998.06878	37.82932	117.99838	969.16182	68.42574	149.51748	1024.50782	67.81556	71.65405	1394.74437	31.03332	391.95583	1376.17168	-31.13365	345.80038	1351.09610	-65.97270	79.93868	1319.25976	-3.51714	84.64180	1295.59620	-50.21279	106.77005	1382.47731	-18.66436	71.97690	1369.18908	-107.45941	452.82005	1160.27837	184.49474	444.95060	1386.71171	-107.77794	240.06296	1078.45787	174.78852	225.73780	
419	4.180	1173.96608	10.59628	967.87539	1187.96386	0.13156	774.40538	1303.69241	37.73146	934.82206	1254.00045	111.03855	632.08786	1315.06403	-54.57896	637.52600	1166.07348	21.81159	675.27344	1188.25121	-44.49696	676.94403	1227.99165	66.99924	339.78968	1164.95540	114.16054	317.14270	995.43768	105.53583	102.75594	1006.99012	37.94023	119.70573	979.83856	68.71783	152.57969	1031.47614	67.85131	72.23152	1400.66573	28.98107	388.14925	1380.80877	-33.04222	342.26861	1351.10362	-65.64846	76.56027	1319.76386	-2.80599	82.33168	1296.08482	-49.68305	104.00579	1382.79926	-18.36819	69.68086	1376.30456	-109.40344	449.36904	1174.08851	183.89738	441.86306	1389.00432	-108.78400	235.71453	1091.53732	174.73441	224.83639	
420	4.190	1184.63465	9.76158	966.68538	1199.56802	1.46207	773.03559	1314.54699	36.79693	934.17494	1266.43984	110.28436	629.11566	1325.61139	-55.78192	637.82686	1177.50979	23.03481	674.04126	1199.09909	-43.51633	677.43362	1244.14361	67.16080	336.47856	1180.67185	113.88607	314.06498	1005.38044	105.85105	105.34832	1017.05283	38.16339	121.47397	991.58870	69.10281	155.60090	1039.70554	68.06005	73.03586	1405.81027	26.50482	384.95388	1384.85247	-35.45263	339.47098	1350.65617	-66.14979	73.92076	1319.61728	-3.02622	80.68274	1296.08945	-50.13258	101.99054	1382.49447	-18.85832	67.93280	1382.97797	-111.71762	446.68396	1188.24786	183.14277	439.14075	1390.88180	-110.39773	232.13159	1105.48998	174.68320	224.21412	
421	4.200	1195.17922	9.28784	965.91446	1210.97854	2.88161	772.12187	1325.28171	36.04803	933.87716	1278.73660	109.28653	626.55940	1335.82108	-57.24381	638.59670	1188.77213	24.19415	673.37994	1209.69924	-42.60013	678.49661	1260.57076	67.02268	333.88353	1196.81653	113.50447	311.51158	1016.55099	106.31267	108.05455	1028.30222	38.50661	123.29920	1004.36563	69.55314	158.55755	1049.31219	68.48854	74.11682	1410.14327	23.57030	382.42909	1388.24357	-38.36917	337.45482	1350.03037	-67.28032	71.97636	1319.11456	-3.99303	79.66172	1295.85215	-51.37229	100.64809	1381.85844	-19.93655	66.69818	1389.14486	-114.41043	444.80119	1202.68343	182.22892	436.96113	1392.39110	-112.56619	229.30231	1120.22794	174.62165	224.02153	
422	4.210	1205.59087	9.20617	965.63270	1222.14175	4.32782	771.74252	1335.87725	35.49265	933.98437	1290.85377	108.03505	624.55710	1345.66888	-58.97352	639.85111	1199.84129	25.23190	673.35925	1220.03400	-41.80029	680.13741	1277.17376	66.56382	332.18887	1213.29453	113.00643	309.65565	1028.93032	106.91106	110.87794	1040.76477	38.96350	125.16876	1018.10297	70.01810	161.42450	1060.38179	69.17145	75.51250	1413.66620	20.15709	380.58414	1390.92971	-41.77841	336.21388	1349.41555	-68.82666	70.65466	1318.49557	-5.48640	79.21130	1295.54068	-53.16684	99.88095	1381.12245	-21.39823	65.91997	1394.73458	-117.48366	443.69732	1217.32213	181.16477	435.48085	1393.51929	-115.22140	227.17592	1135.63583	174.53304	224.39909	
423	4.220	1215.86792	9.52524	965.88874	1233.01767	5.73518	771.95097	1346.32092	35.13228	934.53535	1302.76839	106.53286	623.21966	1355.14311	-60.96947	641.58143	1210.70774	26.10137	674.01618	1230.09562	-41.15892	682.33159	1293.87190	65.79093	331.53318	1230.02014	112.39216	308.63556	1042.46922	107.61767	113.81347	1054.44631	39.51370	127.06126	1032.72383	70.42977	164.17460	1072.96202	70.12578	77.24455	1416.41421	16.27323	379.38676	1392.87886	-45.64117	335.69772	1348.91983	-70.58068	69.86891	1317.93955	-7.27710	79.25942	1295.25420	-55.26408	99.58545	1380.45067	-23.05142	65.52883	1399.68416	-120.92351	443.30021	1232.09782	179.97025	434.82169	1394.21560	-118.28037	225.67720	1151.58174	174.39914	225.46120	
424	4.230	1226.01564	10.23081	966.70514	1243.58103	7.04018	772.77104	1356.60748	34.96134	935.54714	1314.47127	104.79493	622.62153	1364.24248	-63.21983	643.75524	1221.36976	26.77122	675.35055	1239.88370	-40.70454	685.02658	1310.60638	64.73754	331.99798	1246.92263	111.67198	308.54315	1057.09648	108.38913	116.84528	1069.33102	40.12574	128.94891	1048.15038	70.71369	166.77961	1087.05792	71.34729	79.31525	1418.45197	11.96353	378.77468	1394.09067	-49.88877	335.82399	1348.58536	-72.35761	69.53056	1317.56678	-9.15022	79.72828	1295.03709	-57.42285	99.66453	1379.94520	-24.73148	65.45228	1403.95178	-124.69434	443.50407	1246.95804	178.67547	435.05969	1394.41782	-121.64658	224.71949	1167.93204	174.20300	227.28148	
425	4.240	1236.04541	11.28714	968.07587	1253.82097	8.18669	774.19457	1366.73931	34.96699	937.01188	1325.96553	102.84643	622.79447	1372.97372	-65.70324	646.31869	1231.83121	27.22829	677.32371	1249.40258	-40.44911	688.14466	1327.34203	63.45981	333.60274	1263.95123	110.86588	309.41667	1072.72884	109.17434	119.94582	1085.38117	40.76225	130.80157	1064.31187	70.80240	169.21267	1102.63114	72.80967	81.70678	1419.86908	7.30977	378.66734	1394.60357	-54.42459	336.49127	1348.40839	-74.00884	69.55809	1317.44592	-10.92382	80.54182	1294.89700	-59.43546	100.03644	1379.65684	-26.31028	65.62168	1407.52713	-128.73626	444.18569	1261.86928	177.31914	436.21860	1394.07758	-125.21340	224.21449	1184.56762	173.93196	229.88174	
426	4.250	1245.97342	12.64006	969.96596	1263.73987	9.13070	776.18160	1376.72606	35.12914	938.89561	1337.26426	100.72036	623.72504	1381.34908	-68.38988	649.20047	1242.09942	27.47879	679.86039	1258.65916	-40.38677	691.58776	1344.06705	62.02944	336.30630	1281.07844	110.00205	311.23926	1089.28088	109.92334	123.07658	1102.53792	41.38646	132.59184	1081.14971	70.64933	171.45156	1119.60335	74.46680	84.38262	1420.77556	2.42298	378.97604	1394.49635	-59.13088	337.59042	1348.35972	-75.42874	69.88163	1317.60464	-12.46114	81.63068	1294.82296	-61.14318	100.63866	1379.59851	-27.70022	65.97653	1410.43629	-132.96744	445.21927	1276.81970	175.94604	438.26869	1393.17987	-128.86951	224.07883	1201.39905	173.58066	233.22673	
427	4.260	1255.81911	14.22163	972.31333	1273.35140	9.84415	778.66291	1386.58368	35.42104	941.13937	1348.38777	98.45471	625.35581	1389.38419	-71.24290	652.31666	1252.18345	27.54736	682.85348	1267.66126	-40.49420	695.24356	1360.79079	60.52487	340.01414	1298.30106	109.11443	313.94265	1106.67372	110.59639	126.19025	1120.72326	41.96880	134.29966	1098.61921	70.24017	173.48184	1137.86359	76.25784	87.29064	1421.29733	-2.56962	379.61118	1393.88393	-63.87922	339.01351	1348.40229	-76.55602	70.44377	1318.04103	-13.67591	82.93448	1294.80048	-62.44385	101.42736	1379.75892	-28.85346	66.46630	1412.74035	-137.29059	446.48792	1291.81854	174.60359	441.13073	1391.75392	-132.50579	224.23750	1218.37787	173.15359	237.22568	
428	4.270	1265.60331	15.95565	975.03272	1282.67818	10.31722	781.54459	1396.33295	35.81035	943.66236	1359.36052	96.08945	627.59029	1397.09640	-74.22031	655.57606	1262.09283	27.47439	686.17119	1276.41692	-40.73264	698.99228	1377.53941	59.02212	344.59009	1315.63823	108.23945	317.41577	1124.84127	111.17140	129.23381	1139.84374	42.49230	135.91510	1116.68860	69.59928	175.29867	1157.27876	78.11444	90.36708	1421.57101	-7.53999	380.48662	1392.90812	-68.54252	340.65977	1348.50380	-77.37033	71.19754	1318.73413	-14.53130	84.40183	1294.82179	-63.29202	102.37353	1380.11427	-29.75742	67.05011	1414.52839	-141.60218	447.89096	1306.89214	173.33770	444.68454	1389.87466	-136.02260	224.62506	1235.50216	172.66671	241.74058	
429	4.280	1275.34653	17.76385	978.02101	1291.74942	10.55889	784.71432	1405.99765	36.26064	946.36695	1370.20841	93.66356	630.30072	1404.50384	-77.27708	658.88551	1271.83710	27.31179	689.66587	1284.93430	-41.05151	702.71352	1394.34957	57.58673	349.87032	1333.12634	107.41252	321.51656	1143.73396	111.64844	132.15169	1159.79578	42.95593	137.43840	1135.33621	68.78977	176.90633	1177.70616	79.96895	93.54077	1421.73735	-12.37299	381.52172	1391.72494	-73.00619	342.43892	1348.64356	-77.88528	72.10302	1319.65217	-15.03353	85.98862	1294.89057	-63.69284	103.45736	1380.63687	-30.42763	67.69518	1415.90670	-145.80242	449.34718	1322.07676	172.18847	448.78067	1387.65582	-139.33611	225.18519	1252.81529	172.14777	246.60011	
430	4.290	1285.06737	19.57192	981.16377	1300.59856	10.59577	788.04846	1415.60261	36.73342	949.14495	1380.95651	91.21238	633.33798	1411.62525	-80.36739	662.15471	1281.42583	27.11774	693.18378	1293.22246	-41.39303	706.29278	1411.26057	56.26788	355.67804	1350.81105	106.66437	326.08563	1163.31967	112.05052	134.88859	1180.47280	43.37531	138.87678	1154.54733	67.90696	178.31498	1199.00624	81.76256	96.73707	1421.93343	-16.97607	382.64210	1390.49083	-77.17638	344.27247	1348.81390	-78.13894	73.12388	1320.75831	-15.22161	87.65558	1295.02155	-63.69113	104.66239	1381.30011	-30.89892	68.37461	1416.98689	-149.80389	450.79465	1337.40937	171.18612	453.25375	1385.23710	-142.38240	225.86953	1270.39765	171.63483	251.61694	
431	4.300	1294.78126	21.31508	984.34214	1309.26146	10.46923	791.41963	1425.17174	37.19050	951.88462	1391.62738	88.76555	636.54256	1418.48032	-83.44684	665.30040	1290.86930	26.95118	696.57492	1301.29251	-41.69740	709.62706	1428.30570	55.09507	361.83695	1368.73729	106.01772	330.95977	1183.58241	112.42051	137.39131	1201.77327	43.78073	140.23866	1174.31166	67.06659	179.53490	1221.05431	83.45182	99.88108	1422.28392	-21.28327	383.77997	1389.34977	-80.98442	346.09388	1349.01739	-78.18339	74.22479	1322.01391	-15.15501	89.36608	1295.23644	-63.35756	105.97084	1382.08018	-31.21619	69.06548	1417.87559	-153.53737	452.18825	1352.91783	170.34795	457.93557	1382.76810	-145.11875	226.63601	1288.35238	171.17270	256.60583	
432	4.310	1304.49963	22.94244	987.43968	1317.77483	10.23141	794.70390	1434.72639	37.59644	954.47775	1402.24024	86.34562	639.75554	1425.09073	-86.47439	668.24959	1300.17946	26.86643	699.70218	1309.15906	-41.90804	712.62947	1445.50368	54.07749	368.18201	1386.93833	105.48458	335.98371	1204.51943	112.81488	139.60949	1223.60886	44.21296	141.52621	1194.62188	66.38964	180.56915	1243.74945	85.01281	102.90020	1422.89262	-25.25419	384.87459	1388.42300	-84.38732	347.84802	1349.26135	-78.07431	75.37025	1323.38023	-14.90079	91.08459	1295.55743	-62.77385	107.36076	1382.95545	-31.42575	69.74739	1418.66728	-156.95424	453.49606	1368.61230	169.67654	462.66652	1380.39197	-147.52222	227.44746	1306.78730	170.80743	261.39988	
433	4.320	1314.22964	24.42009	990.34847	1326.17516	9.94038	797.78737	1444.28409	37.92107	956.82617	1412.81066	83.96763	642.82872	1431.48136	-89.41385	670.94183	1309.37109	26.90868	702.44920	1316.84177	-41.97618	715.23240	1462.85134	53.20521	374.56690	1405.42570	105.06431	341.01900	1226.13719	113.29520	141.49536	1245.91128	44.71734	142.72806	1215.47332	65.98664	181.40614	1267.01984	86.44195	105.72582	1423.83566	-28.86923	385.87316	1387.80224	-87.36539	349.49060	1349.55163	-77.86202	76.52495	1324.81912	-14.52215	92.77640	1296.00061	-62.01906	108.80543	1383.90441	-31.56809	70.40192	1419.44101	-160.02568	454.69544	1384.47940	169.15949	467.30433	1378.23087	-149.58613	228.27056	1325.79595	170.57952	265.86259	
434	4.330	1323.97422	25.73244	992.97425	1334.49805	9.65507	800.57140	1453.85778	38.14171	958.84718	1423.35092	81.63942	645.63300	1437.68162	-92.23482	673.33056	1318.46290	27.11060	704.72620	1324.36654	-41.86463	717.38947	1480.31839	52.45159	380.86741	1424.18117	104.74249	345.94911	1248.44711	113.91892	143.00307	1268.63654	45.33717	143.81359	1236.86408	65.94374	182.01376	1290.82373	87.75349	108.29449	1425.15758	-32.12332	386.73189	1387.54673	-89.91800	350.98775	1349.88719	-77.58491	77.65526	1326.29357	-14.06971	94.40846	1296.57041	-61.15858	110.27465	1384.90359	-31.67282	71.01273	1420.26054	-162.73996	455.76982	1400.48034	168.77045	471.72955	1376.37516	-151.31559	229.07560	1345.44090	170.51687	269.89444	
435	4.340	1333.73262	26.88193	995.24018	1342.77776	9.43057	802.97655	1463.45559	38.24487	960.47748	1433.87077	79.36274	648.06456	1443.72665	-94.91310	675.38368	1327.47825	27.49041	706.47361	1331.76629	-41.55008	719.07593	1497.84516	51.77583	386.98129	1443.15239	104.49070	350.68083	1271.46129	114.73075	144.08799	1291.76548	46.10696	144.73041	1258.79472	66.31289	182.33674	1315.14605	88.97372	110.54872	1426.87096	-35.02011	387.41715	1387.68407	-92.05894	352.31583	1350.25695	-77.26600	78.73143	1327.76839	-13.57645	95.95110	1297.25673	-60.23735	111.73744	1385.92621	-31.75632	71.56634	1421.17691	-165.09859	456.70643	1416.55354	168.47109	475.84779	1374.87740	-152.72318	229.83680	1365.74205	170.62867	273.43343	
436	4.350	1343.50120	27.88707	997.08913	1351.04704	9.31403	804.94484	1473.08112	38.22741	961.67553	1444.37853	77.13480	650.04844	1449.65798	-97.43068	677.08326	1336.44556	28.05154	707.66313	1339.08114	-41.02402	720.28782	1515.34353	51.12510	392.82495	1462.25257	104.26692	355.14216	1295.18818	115.75563	144.70681	1315.29973	47.04650	145.40575	1281.26662	67.10694	182.29814	1339.99082	90.13274	112.43748	1428.96002	-37.56769	387.90619	1388.21433	-93.81223	353.46122	1350.63945	-76.91288	79.72994	1329.21124	-13.05694	97.38019	1298.03505	-59.27794	113.16526	1386.94214	-31.82200	72.05291	1422.23231	-167.11280	457.49529	1432.62109	168.21355	479.58918	1373.75191	-153.82566	230.53325	1386.67165	170.90156	276.45053	
437	4.360	1353.27432	28.77926	998.48462	1359.33698	9.34176	806.44052	1482.73409	38.09684	962.42217	1454.88241	74.95008	651.53953	1455.52367	-99.77546	678.42478	1345.39811	28.78369	708.29632	1346.35782	-40.29227	721.03979	1532.70103	50.43604	398.32816	1481.36454	104.01672	359.27769	1319.62798	116.99409	144.81873	1339.25301	48.15604	145.75192	1304.27820	68.30006	181.80530	1365.37006	91.25489	113.91687	1431.38748	-39.77661	388.18736	1389.11688	-95.20899	354.42010	1351.00550	-76.52079	80.63528	1330.59405	-12.51029	98.67911	1298.86968	-58.28338	114.53525	1387.91949	-31.86286	72.46711	1423.46421	-168.80070	458.12915	1448.59832	167.94286	482.90572	1372.97991	-154.64208	231.15014	1408.15639	171.29832	278.94117	
438	4.370	1363.04535	29.59858	999.41028	1367.67705	9.53730	807.44930	1492.41122	37.87082	962.71964	1465.39170	72.80200	652.52113	1461.37776	-101.94085	679.41574	1354.37335	29.66520	708.40088	1353.64841	-39.37314	721.36199	1549.78788	49.63568	403.42797	1500.34875	103.67492	363.04268	1344.76701	118.41989	144.38801	1363.63819	49.41295	145.67517	1327.81871	69.83230	180.75992	1391.28977	92.34891	114.95069	1434.10406	-41.65966	388.25960	1390.35922	-96.28514	355.19767	1351.32315	-76.07791	81.44104	1331.89451	-11.92594	99.84030	1299.71950	-57.24378	115.83266	1388.82741	-31.86581	72.80835	1424.90895	-170.18550	458.60422	1464.40443	167.59926	485.76721	1372.51946	-155.19343	231.67973	1430.08545	171.75919	280.91492	
439	4.380	1372.80754	30.38912	999.86835	1376.09506	9.91093	807.97645	1502.10728	37.57598	962.58934	1475.91795	70.68447	653.00160	1467.27896	-103.92537	680.07397	1363.41173	30.66616	708.02529	1361.00851	-38.29474	721.29625	1566.46594	48.64237	408.06327	1519.05411	103.16811	366.39707	1370.57044	119.97973	143.38756	1388.45136	50.76991	145.08665	1351.85949	71.61684	179.07071	1417.73435	93.39953	115.51126	1437.05921	-43.23279	388.13101	1391.90671	-97.08010	355.80683	1351.56407	-75.57184	82.14996	1333.09772	-11.29092	100.86585	1300.54510	-56.14524	117.05228	1389.63983	-31.81664	73.08063	1426.60453	-171.29447	458.92094	1479.97269	167.12024	488.15667	1372.31864	-155.50340	232.12186	1452.32214	172.20523	282.38530	
440	4.390	1382.55481	31.19429	999.87729	1384.61714	10.46001	808.04387	1511.81609	37.24595	962.06861	1486.47570	68.59290	653.00954	1473.28889	-105.73239	680.42557	1372.55507	31.75199	707.23227	1368.49488	-37.09179	720.89178	1582.59900	47.36762	412.17114	1537.33029	102.41769	369.30064	1396.97295	121.59444	141.80312	1413.65469	52.15459	143.91376	1376.34353	73.54773	176.66693	1444.65062	94.36144	115.58003	1440.21187	-44.51647	387.81687	1393.73219	-97.63568	356.26618	1351.70995	-74.99590	82.77298	1334.19768	-10.59691	101.76727	1301.31624	-54.97896	118.19884	1390.33926	-31.70479	73.29167	1428.59248	-172.15844	459.08451	1495.25826	166.44257	490.06579	1372.33005	-155.59959	232.48368	1474.71623	172.54281	283.36168	
441	4.400	1392.28229	32.05263	999.46875	1393.26775	11.17036	807.68658	1521.53145	36.91897	961.20691	1497.08280	66.52484	652.58828	1479.46984	-107.36990	680.50267	1381.84478	32.88690	706.09200	1376.16298	-35.80234	720.20103	1598.06304	45.71936	415.68572	1555.03964	101.34397	371.71024	1423.86772	123.16133	139.63699	1439.16061	53.47090	142.11012	1401.17411	75.50655	173.51060	1471.93322	95.15716	115.14829	1443.53993	-45.53668	387.33695	1395.82444	-97.99516	356.59734	1351.75799	-74.35399	83.32767	1335.19868	-9.84584	102.56436	1302.01840	-53.74874	119.28639	1390.92013	-31.52711	73.45169	1430.91876	-172.81125	459.10478	1510.24239	165.50460	491.49087	1372.52413	-155.51463	232.77835	1497.11370	172.66881	283.84459	
442	4.410	1401.98675	32.99434	998.68429	1402.06958	12.01813	806.94903	1531.24787	36.63514	960.06165	1507.76005	64.48024	651.79036	1485.88247	-108.85025	680.34104	1391.31989	34.03671	704.67577	1384.06453	-34.46494	719.27588	1612.75564	43.60761	418.54001	1572.06724	99.87113	373.57961	1451.09468	124.55741	136.91047	1464.81958	54.60190	139.66247	1426.20445	77.36676	169.60529	1499.41333	95.67942	114.21737	1447.04730	-46.32528	386.71272	1398.19447	-98.20209	356.82207	1351.72434	-73.66311	83.83614	1336.11645	-9.05302	103.28350	1302.65743	-52.47541	120.33697	1391.39108	-31.28995	73.57176	1433.63392	-173.28903	458.99540	1524.93213	164.24904	492.42969	1372.89931	-155.28667	233.02317	1519.36179	172.47607	283.82498	
443	4.420	1411.66667	34.03899	997.57204	1411.04345	12.97197	805.88136	1540.96115	36.43355	958.69427	1518.53018	62.46146	650.67256	1492.58360	-110.18974	679.97771	1401.01505	35.17094	703.05088	1392.24521	-33.11647	718.16461	1626.60338	40.95234	420.67032	1588.32745	97.93318	374.86160	1478.43040	125.64394	133.66421	1490.41408	55.41482	136.59360	1451.23017	78.99590	164.99996	1526.85262	95.79865	112.79871	1450.76774	-46.91946	385.96450	1400.87875	-98.29883	356.95925	1351.64513	-72.95321	84.32295	1336.97907	-8.24736	103.95555	1303.26190	-51.19742	121.37887	1391.77592	-31.00951	73.66222	1436.79252	-173.62918	458.77226	1539.35545	162.62650	492.87947	1373.48713	-154.95873	233.23713	1541.30826	171.85938	283.28712	
444	4.430	1421.32232	35.19437	996.18346	1420.20814	13.99525	804.53618	1550.66875	36.34952	957.16651	1529.41613	60.47319	649.29191	1499.62431	-111.40792	679.44867	1410.95866	36.26368	701.27715	1400.74290	-31.79092	716.90987	1639.56665	37.69335	422.02262	1603.76619	95.48077	375.51255	1505.58198	126.27303	129.95616	1515.66053	55.76868	132.96098	1475.98688	80.25667	159.78716	1553.94439	95.37545	110.91354	1454.76501	-47.36060	385.10908	1403.93895	-98.32498	357.02232	1351.57513	-72.26442	84.81304	1337.82760	-7.46893	104.61368	1303.88300	-49.96753	122.44468	1392.11307	-30.71033	73.73126	1440.45175	-173.86899	458.45152	1553.55207	160.59997	492.83615	1374.35169	-154.57708	233.43849	1562.79542	170.72226	282.21403	
445	4.440	1430.95552	36.45650	994.57055	1429.58006	15.04815	802.96579	1560.36992	36.41208	955.53744	1540.43873	58.52243	647.70310	1507.04848	-112.52660	678.78667	1421.17105	37.29351	699.40539	1409.58632	-30.51921	715.54772	1651.64117	33.80126	422.55974	1618.35864	92.48844	375.49783	1532.18804	126.29702	125.85747	1540.22001	55.52477	128.85141	1500.15478	81.00890	154.09565	1580.32299	94.27711	108.59264	1459.12943	-47.69252	384.15770	1407.45838	-98.31580	357.01739	1351.58429	-71.64228	85.33018	1338.71620	-6.76432	105.29117	1304.59226	-48.84647	123.56925	1392.45375	-30.42248	73.78383	1444.66962	-174.04410	458.04750	1567.56146	158.15003	492.29510	1375.58392	-154.18855	233.64262	1583.65121	168.98501	280.59398	
446	4.450	1440.56938	37.81072	992.78345	1439.17283	16.08931	801.22029	1570.06569	36.64189	953.86103	1551.61383	56.61862	645.95714	1514.89185	-113.56841	678.01948	1431.66286	38.24240	697.47771	1418.79414	-29.32979	714.10772	1662.85640	29.28796	422.26823	1632.10302	88.96179	374.79775	1557.82922	125.58146	121.44717	1563.71768	54.56018	124.37313	1523.37140	81.11467	148.07887	1605.58205	92.39686	105.87609	1463.97128	-47.95968	383.11493	1411.53549	-98.30095	356.94225	1351.75311	-71.13191	85.89566	1339.71180	-6.18084	106.01943	1305.47781	-47.89487	124.78757	1392.85934	-30.17805	73.82120	1449.50258	-174.18705	457.57074	1581.40961	155.28063	491.25321	1377.29174	-153.83739	233.86042	1603.68059	166.59417	278.42645	
447	4.460	1450.16789	39.23345	990.86882	1448.99661	17.07719	799.34640	1579.75872	37.04967	952.18463	1562.94935	54.77405	644.10137	1523.18151	-114.55505	677.16833	1442.43358	39.09398	695.52937	1428.37455	-28.24997	712.61385	1673.27073	24.21504	421.16367	1645.01180	84.94362	373.41301	1582.04938	124.02145	116.80712	1585.76924	52.78366	119.64672	1545.25268	80.44852	141.90127	1629.30055	89.67348	102.81344	1469.41191	-48.20541	381.97822	1416.27562	-98.30377	356.78635	1352.16760	-70.77232	86.52749	1340.89306	-5.76052	106.82618	1306.63984	-47.16497	126.13271	1393.39812	-30.00740	73.84100	1455.00296	-174.32605	457.02662	1595.09676	152.02465	489.71250	1379.58828	-153.56201	234.09756	1622.66145	163.53304	275.72688	
448	4.470	1459.75556	40.69446	988.86875	1459.05743	17.97093	797.38708	1589.45292	37.63534	950.54814	1574.44232	53.00441	642.18039	1531.93587	-115.50535	676.24699	1453.47034	39.83154	693.59159	1438.32511	-27.30742	711.08609	1682.96420	18.69840	419.29370	1657.10208	80.51822	371.36901	1604.38746	121.56032	112.01836	1606.01178	50.15247	114.79652	1565.42099	78.91350	135.72489	1651.07474	86.10861	99.46420	1475.57388	-48.47039	380.73823	1421.78201	-98.34117	356.53179	1352.91475	-70.59167	87.23997	1342.34851	-5.53491	107.73398	1308.18583	-46.69370	127.63372	1394.14217	-29.93602	73.83797	1461.21640	-174.48408	456.41452	1608.58830	148.44840	487.68478	1382.58025	-153.39229	234.35437	1640.34883	159.83212	272.52980	
449	4.480	1469.33700	42.15918	986.82052	1469.35630	18.73087	795.38185	1599.15308	38.38771	948.98394	1586.07633	51.32950	640.23769	1541.16488	-116.43318	675.26128	1464.74716	40.43612	691.69476	1448.63300	-26.53172	709.54213	1692.02944	12.90765	416.73822	1668.38736	75.81267	368.71869	1624.41731	118.20811	107.15985	1624.13524	46.68809	109.94380	1583.53761	76.46189	129.69857	1670.55260	81.77871	95.89828	1482.57109	-48.79144	379.38011	1428.14734	-98.42423	356.15498	1354.07906	-70.60443	88.04369	1344.17409	-5.52162	108.75899	1310.22620	-46.49814	129.31365	1395.16445	-29.98231	73.80519	1468.17976	-174.67853	455.72788	1621.81074	144.65383	485.19718	1386.35851	-153.34794	234.62653	1656.48977	155.57772	268.89090	
450	4.490	1478.91664	43.59086	984.75689	1479.88847	19.31887	793.36760	1608.86442	39.28490	947.51733	1597.81990	49.77397	638.31738	1550.87054	-117.34558	674.20923	1476.22471	40.88494	689.87128	1459.27540	-25.95546	707.99905	1700.56175	7.05975	413.60683	1678.87228	70.99443	365.54359	1641.79151	114.05652	102.30940	1639.91063	42.48797	105.20227	1599.33566	73.11757	123.95125	1687.46671	76.83914	92.19594	1490.50026	-49.20058	377.88530	1435.44694	-98.55927	355.62901	1355.74033	-70.81070	88.94578	1346.47006	-5.72284	109.91037	1312.87046	-46.57423	131.18798	1396.53663	-30.15662	73.73582	1475.91968	-174.92115	454.95492	1634.65402	140.77737	482.29769	1390.99217	-153.43801	234.90622	1670.84868	150.91615	264.88841	
451	4.500	1488.49854	44.95233	982.70686	1490.64280	19.69838	791.37970	1618.59220	40.29537	946.16750	1609.62586	48.36775	636.46579	1561.04756	-118.24112	673.08178	1487.85078	41.15062	688.15760	1470.22030	-25.61458	706.47466	1708.64938	1.40682	410.03369	1688.55165	66.26470	361.95321	1656.28278	109.28623	97.54592	1653.21115	37.73034	100.67599	1612.64933	68.99514	118.58963	1701.66123	71.51842	88.44658	1499.43451	-49.72423	376.23410	1443.73421	-98.74917	354.92620	1357.97277	-71.19775	89.95073	1349.33739	-6.12629	111.19012	1316.22392	-46.89852	133.26356	1398.32746	-30.46167	73.62514	1484.45206	-175.21851	454.08013	1646.98039	136.98462	479.05998	1396.52676	-153.66182	235.18368	1683.24009	146.05140	260.62357	
452	4.510	1498.08636	46.20723	980.69684	1501.60153	19.83468	789.45311	1628.34144	41.37944	944.94866	1621.43217	47.14628	634.73249	1571.68425	-119.10878	671.86406	1499.56181	41.20122	686.59500	1481.42769	-25.54805	704.98823	1716.36513	-3.78051	406.17055	1697.41375	61.84775	358.08239	1667.81635	104.16315	92.95140	1664.02343	32.66963	96.45868	1623.43450	64.31000	113.69941	1713.10905	66.10237	84.74580	1509.41953	-50.38249	374.40850	1453.03886	-98.99484	354.02087	1360.84495	-71.74351	91.06154	1352.87397	-6.70811	112.59380	1320.38482	-47.43267	135.53843	1400.60177	-30.89416	73.47282	1493.78253	-175.57261	453.08629	1658.63900	133.46077	475.58633	1402.98622	-154.01090	235.44903	1693.56306	141.23514	256.21921	
453	4.520	1507.68353	47.32085	978.75168	1512.74058	19.69505	787.62328	1638.11682	42.49135	943.87131	1633.16426	46.15002	633.17043	1582.76360	-119.92760	670.53707	1511.28533	41.00112	685.22908	1492.85129	-25.79655	703.56067	1723.76002	-8.23257	402.17848	1705.44714	57.97680	354.08678	1676.48660	99.02167	88.61071	1672.44742	27.62132	92.63365	1631.77716	59.37445	109.34815	1721.91619	60.90950	81.19056	1520.47256	-51.18855	372.39526	1463.36758	-99.29641	352.89186	1364.42004	-72.42126	92.28127	1357.17070	-7.43720	114.11195	1325.44167	-48.12972	138.00254	1403.41994	-31.44731	73.28502	1503.90786	-175.98177	451.95680	1669.48442	130.39762	472.00773	1410.37774	-154.47163	235.69397	1701.82986	136.74948	251.81479	
454	4.530	1517.29354	48.26061	976.89567	1524.03043	19.24937	785.92655	1647.92278	43.58159	942.94336	1644.73886	45.42343	631.83503	1594.26443	-120.66710	669.07968	1522.94350	40.51284	684.10798	1504.44078	-26.40056	702.21406	1730.86013	-11.70029	398.21898	1712.64936	54.87810	350.13598	1682.55335	94.23534	84.60831	1678.68494	22.93683	89.27322	1637.88712	54.57701	105.58797	1728.31231	56.26084	77.87289	1532.58394	-52.14813	370.18870	1474.70684	-99.65406	351.52470	1368.75591	-73.20477	93.61481	1362.30779	-8.28033	115.73213	1331.47053	-48.94100	140.63962	1406.83755	-32.11389	73.07624	1514.81788	-176.44152	450.67804	1679.39614	127.97890	468.48014	1418.69808	-155.02808	235.91331	1708.18154	132.88483	247.55696	
455	4.540	1526.92039	48.99633	975.15294	1535.43775	18.47082	784.39981	1657.76369	44.59954	942.17099	1656.06909	45.01304	630.78237	1606.16285	-121.28883	667.47075	1534.45754	39.69935	683.27960	1516.14453	-27.39778	700.97071	1737.66677	-13.97288	394.44509	1719.03499	52.75472	346.40465	1686.41649	90.17860	81.02168	1683.01880	18.97109	86.43705	1642.07708	50.34577	102.45643	1732.62822	52.44867	74.87290	1545.72059	-53.25918	367.79289	1487.02700	-100.06844	349.91323	1373.90441	-74.07298	95.07057	1368.35127	-9.20699	117.44142	1338.53224	-49.82263	143.42967	1410.90486	-32.88914	72.87039	1526.49765	-176.94543	449.24142	1688.29606	126.36588	465.17662	1427.93969	-155.66465	236.10613	1712.88460	129.91606	243.58578	
456	4.550	1536.56888	49.50083	973.54732	1546.92741	17.33704	783.07944	1667.64422	45.49627	941.55912	1667.07049	44.96479	630.06624	1618.43343	-121.74879	665.69121	1545.75279	38.52696	682.78820	1527.91265	-28.82035	699.85184	1744.16042	-14.89144	390.99294	1724.64123	51.77217	343.06181	1688.57150	87.18539	77.91295	1685.78513	16.04757	84.16946	1644.72951	47.10079	99.97531	1735.26304	49.70890	72.25258	1559.83081	-54.51205	365.22277	1500.28668	-100.54062	348.06043	1379.90958	-75.01337	96.66165	1375.34985	-10.19333	119.22876	1346.66946	-50.74055	146.35190	1415.66587	-33.77301	72.70073	1538.92914	-177.48599	447.64490	1696.16083	125.68541	462.27549	1438.09501	-156.36809	236.27626	1716.30681	128.08026	240.01906	
457	4.560	1546.24477	49.75069	972.10148	1558.46496	15.83158	781.99937	1677.56938	46.22739	941.11141	1677.66740	45.32061	629.73456	1631.05028	-122.00110	663.72597	1556.76375	36.96839	682.67074	1539.69989	-30.69196	698.87607	1750.30756	-14.35758	387.97431	1729.52942	52.04709	340.25908	1689.55314	85.51197	75.32080	1687.34271	14.42584	82.49638	1646.25649	45.20387	98.14799	1736.64575	48.20137	70.05127	1574.84928	-55.89008	362.50396	1514.43656	-101.07166	345.97848	1386.80458	-76.02346	98.40592	1383.33206	-11.22444	121.08684	1355.90355	-51.67339	149.38750	1421.15642	-34.77120	72.60831	1552.09197	-178.05521	445.89366	1703.02676	126.02171	459.94564	1449.15790	-157.12868	236.43208	1718.87505	127.55823	236.93818	
458	4.570	1555.95443	49.72771	970.83530	1570.01876	13.94570	781.18839	1687.54430	46.75593	940.82979	1687.79921	46.11428	629.82522	1643.98726	-122.00240	661.56557	1567.43886	35.00588	682.95335	1551.46807	-33.02507	698.05784	1756.06980	-12.33693	385.47050	1733.78217	53.63994	338.11902	1689.87702	85.31060	73.25508	1688.04322	14.27718	81.42259	1647.05889	44.91538	96.95681	1737.19628	48.00027	68.28371	1590.70106	-57.37096	359.67099	1529.42142	-101.66203	343.68786	1394.60727	-77.10998	100.32468	1392.30343	-12.29482	123.01288	1366.23123	-52.61285	152.52149	1427.40097	-35.89450	72.63862	1565.96248	-178.64529	443.99985	1708.98604	127.41241	458.33075	1461.12131	-157.94045	236.58558	1721.02305	128.46131	234.37949	
459	4.580	1565.70373	49.42092	969.76371	1581.56155	11.68047	780.66693	1697.57316	47.05513	940.71345	1697.42562	47.36681	630.36170	1657.21702	-121.71707	659.20764	1577.74410	32.63418	683.64805	1563.18736	-35.81821	697.40588	1761.41368	-8.85837	383.52817	1737.49684	56.55167	336.72488	1689.98937	86.61851	71.69548	1688.20563	15.67115	80.93021	1647.49120	46.36637	96.36191	1737.29160	49.09499	66.94076	1607.30372	-58.92865	356.76405	1545.17964	-102.31093	341.21584	1403.31450	-78.28605	102.43950	1402.24315	-13.40672	125.00800	1377.62086	-53.56164	155.74318	1434.40772	-37.15646	72.83653	1580.51058	-179.24904	441.98159	1714.17464	129.84812	457.53441	1473.97093	-158.80052	236.75069	1723.13989	130.82374	232.33337	
460	4.590	1575.49575	48.82916	968.89426	1593.07060	9.04924	780.44364	1707.65703	47.11104	940.75759	1706.53048	49.08163	631.34872	1670.70827	-121.12267	656.65810	1587.66492	29.86353	684.74992	1574.83588	-39.05359	696.92183	1766.31965	-4.01071	382.15742	1740.77683	60.72362	336.11279	1690.23263	89.36301	70.59466	1688.09720	18.57430	80.97882	1647.83684	49.55012	96.30231	1737.24045	51.39936	65.99220	1624.56620	-60.53573	353.82489	1561.63931	-103.01565	338.59445	1412.89507	-79.56641	104.76741	1413.09997	-14.56698	127.07517	1390.00800	-54.52951	159.04502	1442.16194	-38.56932	73.23983	1595.69369	-179.86014	439.86137	1718.75395	133.27433	457.60803	1487.67495	-159.70761	236.94108	1725.52933	134.60078	230.75096	
461	4.600	1585.32716	47.96394	968.22463	1604.52588	6.08026	780.51205	1717.79030	46.92482	940.95196	1715.12323	51.23976	632.76831	1684.42089	-120.21524	653.93240	1597.20589	26.72229	686.23472	1586.39710	-42.69460	696.59920	1770.78897	2.06162	381.33215	1743.72263	66.03948	336.26718	1690.83032	93.37962	69.88493	1687.92225	22.85894	81.50710	1648.29571	54.33232	96.69948	1737.26891	54.76620	65.39097	1642.38398	-62.16600	350.89223	1578.71051	-103.77103	335.85860	1423.28173	-80.96175	107.31480	1424.78676	-15.78262	129.21583	1403.28992	-55.52798	162.41967	1450.61753	-40.13902	73.87204	1611.44767	-180.47336	437.66429	1722.88957	137.59409	458.54313	1502.17077	-160.66008	237.16764	1728.38636	139.67180	229.55651	
462	4.610	1595.18291	46.85220	967.74080	1615.90560	2.81934	780.84800	1727.95529	46.51432	941.27946	1723.23745	53.79571	634.57666	1698.29847	-119.01369	651.05677	1606.38747	23.25942	688.05720	1597.85450	-46.68360	696.42263	1774.84723	9.16243	380.99290	1746.42428	72.32831	337.11986	1691.88934	98.43763	69.48681	1687.81852	28.31831	82.43577	1648.98342	60.47442	97.46244	1737.51629	59.00346	65.07794	1660.62990	-63.79655	347.99802	1596.27409	-104.56903	333.04454	1434.36237	-82.47286	110.07107	1437.17367	-17.05609	131.42581	1417.31898	-56.56496	165.85582	1459.68774	-41.85975	74.73572	1627.67501	-181.08438	435.41669	1726.73066	142.67045	460.26834	1517.34967	-161.65377	237.43614	1731.79177	145.84715	228.66194	
463	4.620	1605.02926	45.53818	967.41621	1627.17886	-0.66786	781.40832	1738.11518	45.91470	941.71526	1730.92543	56.67474	636.70252	1712.25852	-117.56251	648.06949	1615.23928	19.54630	690.15028	1609.18339	-50.93994	696.36794	1778.54379	17.04719	381.05174	1748.95592	79.36819	338.55277	1693.41498	104.26649	69.31764	1687.86002	34.68431	83.67120	1649.93938	67.66260	98.49362	1738.03996	63.88897	64.98657	1679.14150	-65.40906	345.16538	1614.16766	-105.39837	330.18953	1445.97173	-84.08583	113.00293	1450.08070	-18.38105	133.69125	1431.89519	-57.64001	169.33342	1469.23629	-43.70941	75.80760	1644.23144	-181.68944	433.14558	1730.39319	148.32853	462.65165	1533.04161	-162.67996	237.74549	1735.72108	152.87735	227.98054	
464	4.630	1614.80537	44.08356	967.21283	1638.29522	-4.29467	782.13182	1748.20543	45.17727	942.22686	1738.24788	59.77269	639.04796	1726.18080	-115.93170	645.02207	1623.78933	15.67735	692.42595	1620.33970	-55.35911	696.40318	1781.94624	25.42693	381.39924	1751.37231	86.89123	340.40527	1695.33284	110.57778	69.29882	1688.06523	41.64482	85.10960	1651.14041	75.53582	99.69414	1738.82690	69.18236	65.04736	1697.70608	-66.98950	342.40931	1632.17106	-106.24432	327.33261	1457.88527	-85.76923	116.05120	1463.27122	-19.73941	135.98540	1446.75944	-58.74134	172.81916	1479.07134	-45.64701	77.03704	1660.91262	-182.28473	430.87909	1733.94903	154.35837	465.50813	1549.00287	-163.72396	238.08704	1740.06237	160.46392	227.43736	
465	4.640	1624.41425	42.56472	967.08470	1649.17159	-7.95453	782.94350	1758.12440	44.36574	942.77563	1745.25757	62.96004	641.49318	1739.89542	-114.21248	641.97961	1632.04855	11.76843	694.77895	1631.24632	-59.81403	696.49123	1785.12889	33.97593	381.91417	1753.70623	94.59236	342.48700	1697.51312	117.08018	69.36102	1688.40936	48.86052	86.64210	1652.51733	83.70916	100.96829	1739.81047	74.63454	65.19232	1716.04646	-68.52599	339.74093	1649.99410	-107.08858	324.51687	1469.81856	-87.47456	119.13143	1476.44964	-21.10083	138.26724	1461.59021	-59.84517	176.26335	1488.94554	-47.61329	78.34967	1677.44421	-182.86551	428.64838	1737.42196	160.52088	468.61456	1564.91060	-164.76459	238.44530	1744.63836	168.27275	226.97518	
