PathFileType	3	(X/Y/Z)	RCH0000002 BBF 14.c3d
DataRate	CameraRate	NumFrames	NumMarkers	Units	OrigDataRate	OrigDataStartFrame	OrigNumFrames
100.0	100.0	502	23	mm	100.0	84	502
Frame#	Time	RASI			LPAT			LKNE			LANK			LMED			LHEE			RPAT			RKNE			RANK			RMED			RHEE			RTOE			LTOE			MAN			LASI			T2			T10			LPSI			RPSI			RTHI			LTHI			RTIB			LTIB			
		X1	Y1	Z1	X2	Y2	Z2	X3	Y3	Z3	X4	Y4	Z4	X5	Y5	Z5	X6	Y6	Z6	X7	Y7	Z7	X8	Y8	Z8	X9	Y9	Z9	X10	Y10	Z10	X11	Y11	Z11	X12	Y12	Z12	X13	Y13	Z13	X14	Y14	Z14	X15	Y15	Z15	X16	Y16	Z16	X17	Y17	Z17	X18	Y18	Z18	X19	Y19	Z19	X20	Y20	Z20	X21	Y21	Z21	X22	Y22	Z22	X23	Y23	Z23	

84	0.830	-2359.82004	-195.47088	644.31754	-2466.70693	-62.44093	369.38834	-2524.40190	-5.51326	344.46170	-2620.03291	-6.87883	81.53417	-2612.53244	-74.17823	102.54395	-2651.41861	-44.15901	122.59833	-2226.24770	-143.18972	427.26783	-2258.89290	-197.17079	380.34812	-2347.04887	-225.85712	124.94415	-2361.52603	-156.67303	133.50087	-2388.96809	-195.59219	161.20013	-2306.41098	-187.36812	106.86827	-2570.04901	-42.89842	69.15796	-2331.04598	-87.66567	947.98953	-2417.62051	-27.90721	652.00129	-2462.79144	-111.77723	982.25126	-2471.12226	-136.61799	795.35989	-2502.97253	-119.02730	697.56580	-2482.53574	-184.38683	691.84393	-2292.10447	-271.12072	484.16500	-2503.13637	56.67528	471.67771	-2290.64657	-274.94575	279.37113	-2570.96183	59.26557	233.41290	
85	0.840	-2346.29242	-195.10844	640.61205	-2458.18349	-62.41843	366.99773	-2516.43380	-5.64866	343.15911	-2619.09636	-7.18700	82.97034	-2610.87835	-74.47671	103.57285	-2649.44949	-44.79124	124.65777	-2216.72369	-138.33869	423.13865	-2246.93176	-193.28881	375.78864	-2319.87414	-225.69618	118.41312	-2337.27465	-157.69084	125.40197	-2364.34815	-197.59903	152.35374	-2280.39021	-185.85373	101.67257	-2569.46806	-42.89920	69.32871	-2317.42378	-90.27574	944.29775	-2404.25768	-27.59108	649.55552	-2449.08569	-114.39451	978.96889	-2458.02728	-137.80955	792.11864	-2489.61520	-118.96229	694.30927	-2469.22730	-184.37229	687.86648	-2279.11475	-267.88957	479.41708	-2492.36365	57.13710	469.49344	-2269.82560	-272.39858	274.88237	-2566.54068	58.91306	233.53570	
86	0.850	-2332.76664	-194.71783	636.94694	-2449.30916	-62.41708	364.42830	-2508.12474	-5.83879	341.66148	-2618.00404	-7.54449	84.48480	-2609.08189	-74.83029	104.64116	-2647.25374	-45.45987	126.81165	-2207.26432	-133.39067	418.81357	-2235.02605	-189.39001	371.14217	-2293.72087	-225.65127	111.98029	-2314.00286	-158.80205	117.48034	-2340.62198	-199.68249	143.73860	-2255.40379	-184.48686	96.54710	-2568.80879	-42.97399	69.50296	-2303.89816	-92.85215	940.66108	-2390.93864	-27.26567	647.03120	-2435.49071	-117.00030	975.66521	-2444.92779	-138.92884	788.84639	-2476.29055	-118.88036	691.02516	-2455.92329	-184.34137	683.95220	-2266.01727	-264.56505	474.67672	-2481.49238	57.53701	467.16966	-2249.46477	-269.82986	270.38988	-2561.79048	58.50851	233.57377	
87	0.860	-2319.22925	-194.28956	633.39116	-2439.73170	-62.45998	361.55554	-2499.12603	-6.13324	339.82277	-2616.52885	-7.98866	86.15339	-2606.93112	-75.28203	105.78993	-2644.54847	-46.19194	129.14311	-2197.92316	-128.32753	414.16682	-2223.24476	-185.50688	366.36840	-2269.49398	-225.81803	105.75441	-2292.56699	-160.07937	109.91996	-2318.58214	-201.89853	135.58184	-2232.35995	-183.39305	91.57353	-2567.91029	-43.17919	69.69682	-2290.53502	-95.35564	937.15300	-2377.67466	-26.93485	644.37977	-2422.08471	-119.56970	972.34559	-2431.79969	-139.90530	785.54437	-2463.00438	-118.76707	687.71985	-2442.60861	-184.28047	680.19114	-2252.74495	-261.11585	469.97537	-2470.39274	57.81281	464.61202	-2229.99712	-267.25403	265.90846	-2556.35400	58.00766	233.47033	
88	0.870	-2305.66983	-193.82587	630.01774	-2429.16615	-62.56501	358.29495	-2489.15118	-6.56872	337.53891	-2614.44301	-8.54101	88.03716	-2604.21995	-75.85823	107.05585	-2641.06606	-46.99719	131.71608	-2188.72918	-123.19418	409.15620	-2211.65179	-181.69561	361.47130	-2247.89570	-226.25795	99.84745	-2273.61509	-161.56110	102.89319	-2298.84302	-204.26646	128.08733	-2211.95114	-182.66133	86.83886	-2566.60562	-43.55411	69.92809	-2277.37838	-97.74990	933.84075	-2364.46706	-26.60871	641.57153	-2408.92105	-122.07467	969.02601	-2418.61950	-140.67797	782.22865	-2449.75712	-118.60997	684.41345	-2429.26942	-184.17786	676.67262	-2239.28136	-257.55895	465.35353	-2458.94745	57.91043	461.76077	-2211.78177	-264.70366	261.46918	-2549.91760	57.38108	233.18111	
89	0.880	-2292.09074	-193.34295	626.90508	-2417.42115	-62.74409	354.61642	-2478.00090	-7.16598	334.76194	-2611.52691	-9.20397	90.17702	-2600.75608	-76.56497	108.46843	-2636.56840	-47.86573	134.56828	-2179.69210	-118.10783	403.83547	-2200.31354	-178.04130	356.50680	-2229.38388	-226.99191	94.37194	-2257.54744	-163.24583	96.55488	-2281.80539	-206.76474	121.42662	-2194.61253	-182.33644	82.43340	-2564.72471	-44.11618	70.21653	-2264.45499	-100.00128	930.78585	-2351.31410	-26.30468	638.60300	-2396.03201	-124.48233	965.73752	-2405.37420	-141.19876	778.93531	-2436.55138	-118.39968	681.14495	-2415.90251	-184.02470	673.48535	-2225.67610	-253.96920	460.86439	-2447.06485	57.78707	458.60098	-2195.09196	-262.23541	257.12065	-2542.23316	56.61721	232.68092	
90	0.890	-2278.51136	-192.87084	624.13702	-2404.40669	-63.00401	350.55142	-2465.57073	-7.92957	331.50646	-2607.57614	-9.96122	92.59220	-2596.36499	-77.38852	110.04835	-2630.85613	-48.77017	137.70902	-2170.81153	-113.25191	398.34553	-2189.30506	-174.65803	351.57881	-2214.16456	-228.00185	89.43418	-2244.51459	-165.09614	91.03509	-2267.65090	-209.33735	115.73066	-2180.51910	-182.41879	78.44464	-2562.09541	-44.85934	70.58448	-2251.77897	-102.07846	928.04594	-2338.21488	-26.04741	635.50053	-2383.43343	-126.75420	962.52851	-2392.06640	-141.43426	775.72241	-2423.39551	-118.13078	677.97460	-2402.51939	-183.81598	670.71753	-2212.04412	-250.47793	456.57495	-2434.68464	57.41293	455.16615	-2180.11185	-259.93218	252.92535	-2533.12836	55.72181	231.96953	
91	0.900	-2264.96770	-192.45143	621.80122	-2390.12876	-63.34824	346.19386	-2451.84672	-8.84996	327.84951	-2602.40877	-10.78085	95.28142	-2590.89209	-78.29864	111.80641	-2623.77543	-49.67137	141.12023	-2162.08810	-108.85705	392.88967	-2178.71332	-171.68359	346.82620	-2202.20963	-229.23862	85.12424	-2234.44229	-167.04898	86.43071	-2256.35850	-211.90759	111.08191	-2169.60983	-182.87046	74.94854	-2558.54456	-45.75500	71.05742	-2239.35608	-103.95227	925.67690	-2325.17071	-25.86756	632.32090	-2371.12915	-128.84673	959.46457	-2378.71553	-141.36661	772.66886	-2410.30383	-117.80260	674.98347	-2389.14617	-183.55126	668.45584	-2198.55239	-247.26118	452.56437	-2421.77856	56.77215	451.53674	-2166.93850	-257.90004	248.95336	-2522.50943	54.71471	231.07635	
92	0.910	-2251.50864	-192.13481	619.98549	-2374.67488	-63.77881	341.69501	-2436.89319	-9.90703	323.92494	-2595.87342	-11.62091	98.22541	-2584.20459	-79.25421	113.74274	-2615.22314	-50.52681	144.75952	-2153.53430	-105.17284	387.69918	-2168.63705	-169.26930	342.40426	-2193.29289	-230.63398	81.50503	-2227.07461	-169.03003	82.79727	-2247.73659	-214.39583	107.50834	-2161.63049	-183.62567	72.00025	-2553.90042	-46.75504	71.66377	-2227.18706	-105.59625	923.73434	-2312.18469	-25.79970	629.14910	-2359.11502	-130.71303	956.62617	-2365.35607	-140.99401	769.87059	-2397.29463	-117.41984	672.27035	-2375.82030	-183.23551	666.78291	-2185.39813	-244.51916	448.91966	-2408.34790	55.86317	447.83489	-2155.58783	-256.25948	245.27454	-2510.35915	53.62494	230.06322	
93	0.920	-2238.19000	-191.97449	618.77238	-2358.19405	-64.29804	337.25289	-2420.83572	-11.07423	319.91295	-2587.85724	-12.43642	101.39034	-2576.19329	-80.20999	115.84593	-2605.15004	-51.30018	148.56452	-2145.18294	-102.43511	382.99656	-2159.18282	-167.56580	338.46430	-2187.03933	-232.11419	78.60343	-2222.02795	-170.96851	80.14324	-2241.46630	-216.73645	104.98111	-2156.18758	-184.60355	69.62689	-2547.99674	-47.79667	72.43387	-2215.27012	-106.98755	922.27393	-2299.26036	-25.87930	626.09357	-2347.38198	-132.30583	954.10445	-2352.03366	-140.33090	767.43420	-2384.38682	-116.99310	669.94595	-2362.58542	-182.87957	665.77336	-2172.78319	-242.45007	445.72895	-2394.41908	54.69862	444.21566	-2146.00464	-255.13206	241.95050	-2496.73140	52.48512	229.02429	
94	0.930	-2225.06778	-192.02210	618.23278	-2340.87386	-64.90916	333.09666	-2403.84191	-12.32266	316.02550	-2578.29252	-13.18708	104.73127	-2566.77435	-81.12407	118.09235	-2593.56101	-51.97085	152.45779	-2137.09159	-100.83425	378.96325	-2150.45831	-166.70667	335.13508	-2182.98177	-233.61213	76.40592	-2218.84876	-172.80920	78.42876	-2237.15061	-218.88977	103.41786	-2152.80694	-185.72082	67.82417	-2540.67859	-48.80889	73.39777	-2203.60241	-108.10844	921.35029	-2286.40001	-26.13950	623.27938	-2335.91841	-133.58124	951.99529	-2338.80009	-139.40754	765.46897	-2371.59649	-116.53895	668.12512	-2349.48563	-182.50039	665.48875	-2160.88950	-241.22290	443.07306	-2380.03798	53.30444	440.85553	-2138.07691	-254.62483	239.02740	-2481.74277	51.32605	228.08209	
95	0.940	-2212.19179	-192.32228	618.41921	-2322.91757	-65.61592	329.46744	-2386.10183	-13.62437	312.48881	-2567.15997	-13.84484	108.19549	-2555.89033	-81.96470	120.44597	-2580.51090	-52.54142	156.35199	-2129.34218	-100.48995	375.71773	-2142.56384	-166.79236	332.50931	-2180.61817	-235.07538	74.86061	-2217.06803	-174.51864	77.57005	-2234.36356	-220.84580	102.69216	-2150.99009	-186.90204	66.55764	-2531.80942	-49.72012	74.58217	-2192.18070	-108.94796	921.01442	-2273.60331	-26.60766	620.83935	-2324.71144	-134.50304	950.39241	-2325.70793	-138.26894	764.07780	-2358.93401	-116.07944	666.91758	-2336.56008	-182.12049	665.97224	-2149.85935	-240.95420	441.01680	-2365.26369	51.71816	437.93870	-2131.65354	-254.81545	236.53098	-2465.56136	50.17207	227.37930	
96	0.950	-2199.60068	-192.90828	619.36005	-2304.52324	-66.42093	326.59744	-2367.80971	-14.95465	309.52441	-2554.48761	-14.39998	111.72542	-2543.51032	-82.71586	122.85900	-2566.09569	-53.04216	160.15509	-2122.03553	-101.43624	373.30709	-2135.58360	-167.87663	330.63666	-2179.46310	-236.46889	73.88538	-2216.24660	-176.08460	77.44924	-2232.69403	-222.61931	102.64828	-2150.26272	-188.08554	65.76824	-2521.27857	-50.46655	76.00674	-2181.00136	-109.50355	921.30977	-2260.86675	-27.30239	618.90412	-2313.74763	-135.04679	949.38007	-2312.80568	-136.97280	763.34825	-2346.40261	-115.64078	666.41819	-2323.83895	-181.76669	667.24373	-2139.78311	-241.69308	439.60140	-2350.16193	49.98650	435.64215	-2126.56393	-255.74094	234.46517	-2448.39266	49.03800	227.06642	
97	0.960	-2187.31887	-193.79887	621.05544	-2285.86680	-67.32299	324.68965	-2349.14808	-16.29279	307.33058	-2540.34483	-14.86495	115.26109	-2529.62892	-83.38056	125.27409	-2550.43935	-53.53096	163.77551	-2115.28174	-103.61893	371.71199	-2129.57783	-169.95794	329.52371	-2179.08779	-237.77234	73.38065	-2216.00724	-177.50976	77.92818	-2231.77936	-224.23798	103.11916	-2150.21088	-189.22501	65.38080	-2509.00842	-51.00024	77.68064	-2170.05970	-109.78231	922.26765	-2248.18374	-28.23136	617.59160	-2303.01293	-135.20349	949.02607	-2300.13392	-135.58628	763.34436	-2333.99829	-115.25122	666.69771	-2311.34131	-181.46798	669.29621	-2130.69516	-243.41662	438.83921	-2334.79869	48.16250	434.12084	-2122.63651	-257.39194	232.81479	-2430.46331	47.92761	227.28635	
98	0.970	-2175.35592	-194.99687	623.47529	-2267.09029	-68.31399	323.90052	-2330.27526	-17.62169	306.06590	-2524.83254	-15.27496	118.74212	-2514.26413	-83.98144	127.62792	-2533.67824	-54.08862	167.12723	-2109.18754	-106.90486	370.86173	-2124.57680	-172.97706	329.13940	-2179.14556	-238.97411	73.24393	-2216.05193	-178.80230	78.86380	-2231.32598	-225.72799	103.94461	-2150.50265	-190.28750	65.31369	-2494.96031	-51.29588	79.59977	-2159.34908	-109.80169	923.90228	-2235.54562	-29.39017	616.99693	-2292.49221	-134.98207	949.37567	-2287.72282	-134.18184	764.10040	-2321.71124	-114.93810	667.79502	-2299.07485	-181.25258	672.09375	-2122.57758	-246.03550	438.71149	-2319.23436	46.30249	433.49421	-2119.71365	-259.71321	231.55155	-2412.00354	46.83384	228.15787	
99	0.980	-2163.70794	-196.48929	626.55985	-2248.29554	-69.37618	324.32735	-2311.31661	-18.92648	305.83663	-2508.07085	-15.68514	122.10952	-2497.45467	-84.55834	129.85627	-2515.94538	-54.80967	170.13463	-2103.84247	-111.10050	370.65425	-2120.57704	-176.82134	329.42375	-2179.38187	-240.06463	73.38297	-2216.16535	-179.96663	80.12255	-2231.11685	-227.10148	104.98677	-2150.89556	-191.24967	65.48785	-2479.13823	-51.35518	81.74532	-2148.85986	-109.58949	926.20628	-2222.94303	-30.76237	617.18379	-2282.16867	-134.41051	950.44699	-2275.59127	-132.83238	765.61676	-2309.52834	-114.72460	669.71173	-2287.03754	-181.14470	675.57151	-2115.36972	-249.40795	439.16945	-2303.51923	44.46321	433.83574	-2117.66070	-262.60983	230.64164	-2393.22958	45.74047	229.76021	
100	0.990	-2152.36088	-198.24897	630.22243	-2229.54317	-70.48042	326.00185	-2292.35968	-20.19267	306.68900	-2490.18635	-16.16425	125.30726	-2479.25691	-85.16312	131.89991	-2497.35724	-55.79007	172.73697	-2099.30587	-115.97596	370.97562	-2117.54004	-181.33534	330.29743	-2179.63078	-241.03143	73.72507	-2216.20738	-180.99737	81.59137	-2231.00723	-228.34959	106.14036	-2151.23177	-192.09417	65.83370	-2461.58958	-51.20784	84.08401	-2138.57837	-109.18296	929.14727	-2210.36761	-32.32073	618.17803	-2272.02311	-133.53532	952.22841	-2263.74734	-131.60593	767.85863	-2297.43618	-114.62645	672.40950	-2275.22060	-181.16128	679.63758	-2108.98139	-253.35855	440.13826	-2287.69056	42.69922	435.16619	-2116.36820	-265.95789	230.05248	-2374.32765	44.62512	232.12126	
101	1.000	-2141.29484	-200.23745	634.35408	-2210.85571	-71.58630	328.89002	-2273.45316	-21.40455	308.60703	-2471.30067	-16.78592	128.28356	-2459.74199	-85.85256	133.71041	-2478.00509	-57.11362	174.89202	-2095.59633	-121.29062	371.71504	-2115.39339	-186.33600	331.67027	-2179.80120	-241.85752	74.22090	-2216.09872	-181.87793	83.18398	-2230.91217	-229.44285	107.33665	-2151.42465	-192.80746	66.29522	-2442.40248	-50.90890	86.56989	-2128.48625	-108.62709	932.66596	-2197.81361	-34.02945	619.96421	-2262.03339	-132.41923	954.67794	-2252.18995	-130.56063	770.75732	-2285.42415	-114.64925	675.81039	-2263.61225	-181.30920	684.17654	-2103.30690	-257.69858	441.52358	-2271.77169	41.06062	437.45154	-2115.74777	-269.61768	229.75663	-2355.44052	43.46306	235.21135	
102	1.010	-2130.48892	-202.40859	638.82953	-2192.22381	-72.64420	332.89800	-2254.60913	-22.54429	311.51575	-2451.52152	-17.61850	130.99210	-2438.99303	-86.68024	135.25483	-2457.95186	-58.83910	176.57828	-2092.68543	-126.81662	372.77336	-2114.03437	-191.63036	333.44772	-2179.85743	-242.52339	74.84313	-2215.80353	-182.58393	84.84208	-2230.78958	-230.33824	108.54122	-2151.44065	-193.37959	66.83098	-2421.69960	-50.53245	89.14730	-2118.56015	-107.97221	936.67618	-2185.27910	-35.84721	622.48536	-2252.17428	-131.13741	957.72469	-2240.91123	-129.74033	774.21398	-2273.48714	-114.78664	679.80009	-2252.20155	-181.58340	689.05445	-2098.23773	-262.24495	443.21961	-2255.77333	39.59095	440.60541	-2115.72356	-273.44755	229.73215	-2336.65777	42.23165	238.94349	
103	1.020	-2119.92553	-204.71262	643.51398	-2173.61429	-73.59949	337.88273	-2235.80809	-23.59214	315.28927	-2430.93678	-18.71511	133.39269	-2417.10266	-87.68871	136.51834	-2437.23431	-60.99025	177.79533	-2090.49645	-132.35761	374.06547	-2113.33557	-197.03297	335.53517	-2179.79821	-243.01165	75.58075	-2215.31283	-183.08995	86.53215	-2230.62265	-230.99072	109.74704	-2151.28014	-193.80561	67.41269	-2399.62880	-50.16288	91.75465	-2108.77190	-107.27102	941.06701	-2172.76675	-37.73054	625.64591	-2242.41754	-129.77233	961.27235	-2229.89914	-129.17133	778.10535	-2261.62737	-115.01980	684.23363	-2240.98180	-181.96613	694.12475	-2093.67215	-266.83541	445.11775	-2239.69681	38.32525	444.49559	-2116.22187	-277.31638	229.95993	-2318.01050	40.91498	243.18010	
104	1.030	-2109.59386	-207.10002	648.27008	-2154.97903	-74.39831	343.66594	-2217.00605	-24.52800	319.76244	-2409.61139	-20.10529	135.45152	-2394.17050	-88.90312	137.50425	-2415.86918	-63.54992	178.56190	-2088.90878	-137.76111	375.51843	-2113.15194	-202.38058	337.84054	-2179.63796	-243.31275	76.43126	-2214.63103	-183.37770	88.23914	-2230.40475	-231.36589	110.96472	-2150.96048	-194.08778	68.02212	-2376.35163	-49.88459	94.32827	-2099.08925	-106.57523	945.70678	-2160.28391	-39.63736	629.31749	-2232.73255	-128.40782	965.20407	-2219.13998	-128.86055	782.29082	-2249.85519	-115.31810	688.94308	-2229.95281	-182.42741	699.23473	-2089.52113	-271.33882	447.11466	-2223.53852	37.28809	448.95399	-2117.16180	-281.11329	230.41930	-2299.47112	39.50801	247.74529	
105	1.040	-2099.49170	-209.52509	652.96466	-2136.26416	-74.99434	350.04940	-2198.14308	-25.33403	324.74494	-2387.58678	-21.78928	137.14101	-2370.30044	-90.32712	138.23129	-2393.86125	-66.45933	178.91170	-2087.76736	-142.92351	377.06745	-2113.32895	-207.54215	340.27592	-2179.39257	-243.42985	77.39268	-2213.76694	-183.44317	89.95881	-2230.12860	-231.45074	112.21225	-2150.50315	-194.23750	68.64728	-2352.03080	-49.77194	96.80606	-2089.47704	-105.93224	950.44888	-2147.84207	-41.53018	633.34687	-2223.08722	-127.12281	969.38861	-2208.62030	-128.79530	786.62028	-2238.18877	-115.64111	693.74654	-2219.12189	-182.92680	704.23228	-2085.71054	-275.66006	449.11882	-2207.29465	36.49188	453.78855	-2118.44915	-284.75357	231.08384	-2280.95818	38.01960	252.44079	
106	1.050	-2089.62557	-211.94865	657.47473	-2117.41892	-75.35584	356.82988	-2179.15254	-25.99813	330.03610	-2364.88227	-23.73591	138.43939	-2345.59738	-91.94149	138.72852	-2371.21138	-69.62224	178.88733	-2086.89613	-147.78804	378.65204	-2113.71087	-212.42323	342.75883	-2179.07104	-243.38139	78.45712	-2212.72956	-183.30100	91.69034	-2229.78073	-231.25960	113.50595	-2149.92604	-194.27584	69.27880	-2326.81838	-49.88061	99.13054	-2079.89872	-105.38195	955.13867	-2135.45569	-43.37879	637.56540	-2213.44927	-125.98536	973.68698	-2198.32807	-128.94478	790.94197	-2226.65246	-115.94162	698.45789	-2208.50327	-183.41618	708.97235	-2082.18027	-279.73978	451.05466	-2190.96522	35.93534	458.79637	-2119.97484	-288.18038	231.91870	-2262.34619	36.47384	257.06360	
107	1.060	-2080.00901	-214.33972	661.69241	-2098.40385	-75.47199	363.81221	-2159.97021	-26.51759	335.43905	-2341.49799	-25.88409	139.33020	-2320.16345	-93.70549	139.02884	-2347.92276	-72.91342	178.53316	-2086.11369	-152.33663	380.21356	-2114.14864	-216.96491	345.21331	-2178.67291	-243.20031	79.60708	-2211.52776	-182.98472	93.43028	-2229.34096	-230.83438	114.85415	-2149.24074	-194.23233	69.90706	-2300.84587	-50.24160	101.25118	-2070.31808	-104.95408	959.62112	-2123.14058	-45.16192	641.79910	-2203.78761	-125.04759	977.95918	-2188.25295	-129.26284	795.10987	-2215.27417	-116.16938	702.89657	-2198.11598	-183.84338	713.32297	-2078.88108	-283.54970	452.86427	-2174.55637	35.60264	463.77650	-2121.61801	-291.36264	232.88005	-2243.47960	34.90882	261.42321	
108	1.070	-2070.65940	-216.67620	665.52850	-2079.19801	-75.35794	370.81922	-2140.54268	-26.90241	340.77309	-2317.41900	-28.14797	139.80191	-2294.09401	-95.56077	139.16200	-2324.00459	-76.19028	177.88803	-2085.24898	-156.57776	381.69455	-2114.50668	-221.13847	347.57108	-2178.19055	-242.93013	80.81474	-2210.17251	-182.54292	95.16886	-2228.78590	-230.23866	116.25389	-2148.45408	-194.14166	70.52052	-2274.21767	-50.85862	103.12597	-2060.70105	-104.66625	963.74846	-2110.91198	-46.86805	645.87842	-2194.07383	-124.34190	982.07049	-2178.38567	-129.69205	798.99003	-2204.08192	-116.27528	706.89673	-2187.98062	-184.15630	717.17045	-2075.77017	-287.08499	454.50646	-2158.08044	35.46323	468.54179	-2123.25302	-294.28995	233.91671	-2224.18989	33.37274	265.35630	
109	1.080	-2061.59358	-218.94425	668.91460	-2059.80456	-75.05790	377.69822	-2120.83444	-27.17785	345.88293	-2292.62035	-30.42513	139.84766	-2267.47389	-97.43717	139.14824	-2299.47317	-79.30610	176.97891	-2084.15509	-160.53289	383.03978	-2114.66825	-224.93751	349.77263	-2177.61481	-242.61842	82.04399	-2208.68015	-182.03194	96.88880	-2228.09496	-229.54734	117.69088	-2147.57207	-194.03913	71.10532	-2247.00843	-51.70922	104.72227	-2051.01730	-104.52291	967.38734	-2098.78248	-48.49497	649.64718	-2184.28352	-123.87899	985.89700	-2168.71674	-130.16834	802.46575	-2193.09986	-116.21552	710.31542	-2178.11508	-184.30712	720.42350	-2072.80649	-290.35518	455.95406	-2141.55378	35.47263	472.92879	-2124.75908	-296.96576	234.97338	-2204.31396	31.91749	268.73756	
110	1.090	-2052.82290	-221.13693	671.80368	-2040.25461	-74.64580	384.32346	-2100.83336	-27.38559	350.64459	-2267.07287	-32.60690	139.46504	-2240.37486	-99.25986	138.99337	-2274.35104	-82.12356	175.81625	-2082.71928	-164.22412	384.19833	-2114.53909	-228.36957	351.76831	-2176.94178	-242.30941	83.25445	-2207.07519	-181.50683	98.56635	-2227.25704	-228.83398	119.14192	-2146.60471	-193.95554	71.64604	-2219.26471	-52.74939	106.01674	-2041.24158	-104.51523	970.42488	-2086.76007	-50.04842	652.96981	-2174.39739	-123.64769	989.32997	-2159.23467	-130.62595	805.44106	-2182.34422	-115.95531	713.03890	-2168.53010	-184.25608	723.01607	-2069.94663	-293.37554	457.19011	-2124.99283	35.57425	476.80527	-2126.03040	-299.40023	235.99471	-2183.71190	30.59057	271.48526	
111	1.100	-2044.34847	-223.25212	674.16933	-2020.60877	-74.22334	390.59520	-2080.55412	-27.58340	354.96725	-2240.74965	-34.58976	138.65589	-2212.85524	-100.95717	138.68609	-2248.66560	-84.52694	174.39186	-2080.86819	-167.66539	385.12613	-2114.04908	-231.44884	353.51927	-2176.17873	-242.03703	84.40641	-2205.39141	-181.01259	100.17421	-2226.27579	-228.15862	120.57910	-2145.56968	-193.91282	72.12729	-2191.01074	-53.92110	106.99471	-2031.35468	-104.62194	972.77332	-2074.84648	-51.53987	655.73671	-2164.40198	-123.61668	992.27894	-2149.92396	-131.00225	807.84286	-2171.81964	-115.47175	714.98712	-2159.22497	-183.97471	724.90869	-2067.14181	-296.16034	458.20395	-2108.40977	35.70206	480.07486	-2126.98532	-301.60416	236.92957	-2162.28218	29.42664	273.56152	
112	1.110	-2036.15700	-225.29029	676.00377	-2000.95613	-73.91532	396.43581	-2060.03971	-27.84317	358.79154	-2213.63332	-36.28649	137.42581	-2184.96248	-102.46833	138.19767	-2222.44861	-86.43217	172.67935	-2078.56769	-170.85846	385.78830	-2113.15179	-234.19126	354.99825	-2175.34735	-241.82034	85.46579	-2203.67076	-180.57767	101.68538	-2225.17211	-227.55888	121.97470	-2144.49385	-193.92124	72.53579	-2162.25781	-55.16180	107.64861	-2021.34380	-104.81106	974.37307	-2063.03580	-52.98399	657.86728	-2154.28994	-123.73782	994.67359	-2140.76326	-131.24195	809.62144	-2161.51625	-114.75571	716.11569	-2150.18401	-183.44792	726.08832	-2064.33644	-298.71901	458.98811	-2091.80877	35.78397	482.67871	-2127.57238	-303.58509	237.73497	-2139.97266	28.44015	274.96748	
113	1.120	-2028.21784	-227.25250	677.31500	-1981.41057	-73.86242	401.78389	-2039.36080	-28.24752	362.08452	-2185.72418	-37.63586	135.78356	-2156.73921	-103.75054	137.48413	-2195.73779	-87.79365	170.63739	-2075.81774	-173.79376	386.16075	-2111.82218	-236.61220	356.18999	-2174.48326	-241.66205	86.40821	-2201.95998	-180.21112	103.07727	-2223.98285	-227.04608	123.30590	-2143.41190	-193.97901	72.86227	-2133.01653	-56.41458	107.97595	-2011.20250	-105.04217	975.19392	-2051.31371	-54.39596	659.31079	-2144.05982	-123.95068	996.46426	-2131.72379	-131.30062	810.74981	-2151.40788	-113.81231	716.41564	-2141.37436	-182.67502	726.56669	-2061.46828	-301.05537	459.53642	-2075.18430	35.74565	484.59396	-2127.77241	-305.34585	238.37912	-2116.78677	27.62056	275.73459	
114	1.130	-2020.48173	-229.13891	678.12345	-1962.10442	-74.21170	406.58767	-2018.61293	-28.88488	364.83248	-2157.04936	-38.60974	133.74049	-2128.23273	-104.78466	136.49046	-2168.58152	-88.60748	168.21522	-2072.64325	-176.45497	386.23084	-2110.05232	-238.72650	357.09094	-2173.63158	-241.55058	87.22142	-2200.30519	-179.90409	104.33519	-2222.75554	-226.60716	124.55841	-2142.36246	-194.07417	73.10291	-2103.31115	-57.63765	107.97690	-2000.93008	-105.26922	975.23466	-2039.65724	-55.78917	660.04523	-2133.71539	-124.18778	997.62153	-2122.76840	-131.14714	811.22190	-2141.45178	-112.66023	715.91080	-2132.74523	-181.66943	726.37728	-2058.46988	-303.16947	459.84350	-2058.52202	35.51438	485.82937	-2127.59552	-306.88570	238.84337	-2092.78482	26.93076	275.91362	
115	1.140	-2012.88112	-230.94804	678.45837	-1943.17967	-75.10560	410.79882	-1997.91201	-29.84361	367.03261	-2127.67296	-39.21706	131.30989	-2099.50704	-105.57888	135.15658	-2141.04661	-88.91121	165.35997	-2069.08229	-178.82563	385.99679	-2107.84548	-240.54987	357.70815	-2172.83927	-241.46510	87.90602	-2198.74558	-179.63507	105.45475	-2221.54002	-226.21179	125.72873	-2141.38229	-194.18851	73.25974	-2073.19478	-58.81188	107.65186	-1990.53061	-105.44344	974.52111	-2028.03521	-57.17354	660.07460	-2123.26453	-124.38002	998.13486	-2113.85134	-130.76529	811.05003	-2131.58973	-111.32989	714.65341	-2124.22900	-180.45745	725.57128	-2055.27097	-305.06089	459.90528	-2041.80247	35.02259	486.41840	-2127.07335	-308.20326	239.12270	-2068.08132	26.30904	275.56317	
116	1.150	-2005.33245	-232.67687	678.35425	-1924.77758	-76.67005	414.36797	-1977.38803	-31.20526	368.68509	-2097.70657	-39.50408	128.50674	-2070.65610	-106.16992	133.42419	-2113.22862	-88.78019	162.02492	-2065.17338	-180.89588	385.46593	-2105.20882	-242.10086	358.05695	-2172.14563	-241.38240	88.47419	-2197.30689	-179.37785	106.44278	-2220.37814	-225.82308	126.82460	-2140.49988	-194.30252	73.34003	-2042.76411	-59.94516	106.99952	-1980.01165	-105.51622	973.10301	-2016.40940	-58.55457	659.42508	-2112.71785	-124.46175	998.01067	-2104.91877	-130.15435	810.26197	-2121.75082	-109.86085	712.71830	-2115.74389	-179.07615	724.21288	-2051.80103	-306.73242	459.72000	-2025.00687	34.21120	486.41068	-2126.24740	-309.30041	239.22461	-2042.83948	25.67419	274.73954	
117	1.160	-1997.73984	-234.32155	677.84764	-1907.02752	-79.00261	417.24277	-1957.17772	-33.03741	369.78687	-2067.31941	-39.55108	125.34772	-2041.81645	-106.62119	131.24398	-2085.26309	-88.32118	158.17775	-2060.94339	-182.66759	384.65184	-2102.14571	-243.40222	358.15756	-2171.57276	-241.28395	88.94701	-2195.99576	-179.11018	107.31667	-2219.29333	-225.40923	127.86392	-2139.72949	-194.40038	73.35461	-2012.17201	-61.07279	106.01589	-1969.38275	-105.44182	971.04989	-2004.73656	-59.93311	658.14088	-2102.08708	-124.37512	997.27015	-2095.91017	-129.32881	808.89796	-2111.85558	-108.29886	710.19654	-2107.19823	-177.57086	722.37430	-2047.99150	-308.19291	459.28907	-2008.12375	33.03261	485.86299	-2125.15526	-310.18589	239.16653	-2017.26410	24.93313	273.48932	
118	1.170	-1990.00021	-235.87844	676.97443	-1890.03624	-82.16173	419.36917	-1937.41649	-35.38636	370.32841	-2036.74637	-39.46549	121.85170	-2013.17690	-107.01782	128.58248	-2057.33562	-87.66370	153.80804	-2056.39755	-184.15707	383.57086	-2098.64849	-244.48133	358.03095	-2171.11755	-241.16176	89.35060	-2194.79571	-178.82125	108.10234	-2218.28175	-224.95368	128.87233	-2139.06664	-194.47390	73.31544	-1981.63607	-62.25340	104.69453	-1958.65401	-105.17966	968.44645	-1992.97116	-61.30577	656.28010	-2091.38363	-124.07342	995.94699	-2086.76044	-128.31740	807.00786	-2101.82122	-106.69299	707.18904	-2098.49576	-175.99260	720.13112	-2043.77734	-309.45868	458.61722	-1991.15531	31.45381	484.83107	-2123.81688	-310.87770	238.97187	-1991.59408	23.99007	271.84567	
119	1.180	-1982.00904	-237.34521	675.76775	-1873.87889	-86.15785	420.69586	-1918.23067	-38.27043	370.29400	-2006.29227	-39.37191	118.04083	-1984.98311	-107.45832	125.42797	-2029.68830	-86.94962	148.93295	-2051.51262	-185.39474	382.23835	-2094.69302	-245.36917	357.69444	-2170.74669	-241.02163	89.71211	-2193.66503	-178.51642	108.83113	-2217.30634	-224.46160	129.87996	-2138.48586	-194.52456	73.23292	-1951.44134	-63.56057	103.02842	-1947.83473	-104.69629	965.38770	-1981.06894	-62.66552	653.91131	-2080.61716	-123.52327	994.08523	-2077.40267	-127.16156	804.64885	-2091.56761	-105.09318	703.80092	-2089.54171	-174.39573	717.55820	-2039.09769	-310.55300	457.71178	-1974.12226	29.45961	483.36376	-2122.22320	-311.40354	238.66523	-1966.09495	22.75665	269.82863	
120	1.190	-1973.66652	-238.72155	674.25670	-1858.59296	-90.94730	421.18138	-1899.73059	-41.67417	369.66580	-1976.32971	-39.39937	113.94222	-1957.53528	-108.04345	121.79495	-2002.61987	-86.32147	143.60082	-2046.23417	-186.42226	380.66547	-2090.23580	-246.09808	357.15779	-2170.39531	-240.88332	90.05584	-2192.53696	-178.21808	109.53608	-2216.29476	-223.96115	130.91781	-2137.94074	-194.56335	73.11329	-1921.93533	-65.07076	101.01332	-1936.93233	-103.96685	961.97433	-1968.99101	-64.00244	651.11091	-2069.79456	-122.70571	991.73754	-2067.77142	-125.91336	801.88371	-2081.02356	-103.54854	700.13699	-2080.24897	-172.83599	714.72669	-2033.89576	-311.50401	456.58113	-1957.06672	27.05628	481.50052	-2120.32926	-311.79896	238.26766	-1941.05162	21.16234	267.44904	
121	1.200	-1964.88342	-240.00929	672.46583	-1844.17594	-96.42967	420.80307	-1882.00564	-45.54439	368.43100	-1947.28880	-39.66656	109.59033	-1931.17761	-108.86291	117.72690	-1976.47777	-85.90963	137.89216	-2040.47819	-187.28763	378.85689	-2085.21408	-246.69859	356.42063	-2169.96929	-240.77747	90.40045	-2191.32182	-177.96252	110.24817	-2215.14118	-223.49945	132.01435	-2137.36629	-194.60855	72.95682	-1893.51458	-66.84890	98.65230	-1925.95171	-102.97622	958.30850	-1956.70827	-65.30413	647.96162	-2058.91939	-121.61646	988.96375	-2057.80624	-124.63303	798.77975	-2070.13283	-102.10625	696.29878	-2070.54386	-171.36914	711.70223	-2028.11829	-312.34123	455.23279	-1940.05291	24.27517	479.27268	-2118.05300	-312.10368	237.79260	-1916.76043	19.16443	264.71523	
122	1.210	-1955.58616	-241.21155	670.41555	-1830.58746	-102.44916	419.56617	-1865.12169	-49.78849	366.59078	-1919.63712	-40.26605	105.02999	-1906.27946	-109.98130	113.29698	-1951.64114	-85.81893	131.91819	-2034.13674	-188.03929	376.81010	-2079.54911	-247.19605	355.47155	-2169.35079	-240.74011	90.75745	-2189.91079	-177.79350	110.99296	-2213.71172	-223.13413	133.19282	-2136.68289	-194.68200	72.75701	-1866.60257	-68.93350	95.96094	-1914.89507	-101.71967	954.49036	-1944.20572	-66.55582	644.55167	-2047.99178	-120.26536	985.82999	-2047.45534	-123.38619	795.40838	-2058.85930	-100.81121	692.38302	-2060.37110	-170.04976	708.54443	-2021.71481	-313.09146	453.67162	-1923.16609	21.17581	476.70841	-2115.28013	-312.35659	237.24340	-1893.51934	16.75710	261.64115	
123	1.220	-1945.72085	-242.33131	668.12332	-1817.75578	-108.80003	417.51172	-1849.12136	-54.27588	364.16955	-1893.84984	-41.24912	100.31964	-1883.20932	-111.42504	108.60667	-1928.49530	-86.11535	125.81692	-2027.08713	-188.72019	374.51645	-2073.15197	-247.60756	354.28942	-2168.40593	-240.80580	91.13131	-2188.18094	-177.75375	111.78827	-2211.85242	-222.92200	134.46944	-2135.80124	-194.80484	72.50122	-1841.62033	-71.32377	92.97220	-1903.76229	-100.20319	950.61550	-1931.48625	-67.74009	640.97453	-2037.00891	-118.67541	982.40807	-2036.67903	-122.24071	791.84508	-2047.19083	-99.70588	688.48144	-2049.69741	-168.93033	705.30768	-2014.63724	-313.77470	451.89890	-1906.51017	17.84743	473.83996	-2111.87421	-312.59046	236.61299	-1871.61519	13.97850	258.25442	
124	1.230	-1935.25590	-243.36918	665.60567	-1805.58838	-115.23642	414.72151	-1834.02704	-58.84260	361.22235	-1870.37192	-42.61338	95.53408	-1862.30411	-113.17236	103.78209	-1907.39993	-86.81427	119.74707	-2019.20326	-189.36278	371.96401	-2065.93129	-247.94005	352.84676	-2166.99361	-241.00079	91.52120	-2186.00086	-177.87624	112.64302	-2209.39891	-222.90732	135.85283	-2134.62717	-194.99353	72.17282	-1818.95223	-73.97095	89.73991	-1892.55181	-98.44342	946.77327	-1918.57333	-68.83637	637.32872	-2025.96590	-116.88153	978.77520	-2025.45278	-121.26341	788.16953	-2035.14135	-98.83008	684.68142	-2038.51362	-168.06003	702.04280	-2006.84017	-314.40093	449.91258	-1890.20447	14.40829	470.71177	-2107.69010	-312.82745	235.88580	-1851.30761	10.91462	254.60288	
125	1.240	-1924.18335	-244.32107	662.88080	-1793.98542	-121.48589	411.31866	-1819.84607	-63.29946	357.83890	-1849.57604	-44.29570	90.76554	-1843.83751	-115.14854	98.96805	-1888.65464	-87.87203	113.87980	-2010.36788	-189.98566	369.14187	-2057.80162	-248.18973	351.11492	-2164.97430	-241.33762	91.92410	-2183.23660	-178.17681	113.55767	-2206.18655	-223.11178	137.34474	-2133.06595	-195.25723	71.75471	-1798.91093	-76.77633	86.33982	-1881.26191	-96.46716	943.04600	-1905.51215	-69.82048	633.71713	-2014.85712	-114.92915	975.01370	-2013.76954	-120.51650	784.46573	-2022.75076	-98.22032	681.06702	-2026.83509	-167.48311	698.79944	-1998.28220	-314.96824	447.70932	-1874.37973	11.00166	467.38729	-2102.58858	-313.07601	235.04206	-1832.81026	7.69872	250.75848	
126	1.250	-1912.51877	-245.17615	659.97158	-1782.85455	-127.26628	407.46319	-1806.57727	-67.44324	354.14290	-1831.72239	-46.17284	86.12192	-1827.99184	-117.22808	94.31980	-1872.46686	-89.18351	108.38852	-2000.48444	-190.59210	366.04547	-2048.69145	-248.34315	349.07055	-2162.21794	-241.81214	92.33887	-2179.75761	-178.64973	114.52611	-2202.06055	-223.52826	138.94178	-2131.02522	-195.59690	71.23403	-1781.70622	-79.59699	82.86724	-1869.89225	-94.31046	939.50893	-1892.36876	-70.66448	630.24550	-2003.67774	-112.87270	971.21067	-2001.64121	-120.05407	780.82163	-2010.08265	-97.90837	677.71968	-2014.70034	-167.23661	695.62837	-1988.92799	-315.46270	445.28809	-1859.17351	7.78846	463.95289	-2096.45000	-313.33008	234.06378	-1816.27181	4.50488	246.81723	
127	1.260	-1900.29999	-245.91544	656.90865	-1772.12490	-132.30462	403.34226	-1794.21769	-71.07031	350.28611	-1816.92739	-48.07136	81.72121	-1814.83791	-119.24485	89.99265	-1858.92749	-90.58790	103.43674	-1989.48706	-191.17050	362.68222	-2038.54985	-248.37968	346.70248	-2158.61036	-242.40365	92.77081	-2175.44241	-179.26703	115.53879	-2196.88512	-224.11944	140.63823	-2128.41650	-196.00639	70.60745	-1767.42244	-82.25952	79.43107	-1858.44548	-92.01728	936.23067	-1879.22701	-71.33713	627.01978	-1992.42521	-110.77383	967.45723	-1989.09900	-119.91860	777.32815	-1997.21986	-97.91906	674.71833	-2002.16820	-167.34752	692.58355	-1978.75117	-315.86012	442.65498	-1844.72464	4.93647	460.51741	-2089.18492	-313.57046	232.94187	-1801.76059	1.53547	242.89460	
128	1.270	-1887.58476	-246.51164	653.73316	-1761.75826	-136.35692	399.15597	-1782.76863	-73.99163	346.43747	-1805.14795	-49.78692	77.68184	-1804.32632	-121.00992	86.13017	-1847.99926	-91.88412	99.16499	-1977.34766	-191.69645	359.07678	-2027.35108	-248.27495	344.01817	-2154.05776	-243.07804	93.23583	-2170.18400	-179.98169	116.58677	-2190.55164	-224.82166	142.42916	-2125.15510	-196.47528	69.88632	-1756.00884	-84.58009	76.14467	-1846.92862	-89.63775	933.27373	-1866.18350	-71.80515	624.14239	-1981.10071	-108.69935	963.84725	-1976.19260	-120.13786	774.07742	-1984.25821	-98.26728	672.13829	-1989.31361	-167.82955	689.72309	-1967.73727	-316.12923	439.82867	-1831.16652	2.60703	457.20714	-2080.74066	-313.76830	231.68322	-1789.25726	-0.99714	239.11632	
129	1.280	-1874.44755	-246.93029	650.49872	-1751.75552	-139.22703	395.10024	-1772.23997	-76.04797	342.76853	-1796.18603	-51.11109	74.11015	-1796.29224	-122.33517	82.85193	-1839.52087	-92.85553	95.67769	-1964.07924	-192.13588	355.27519	-2015.09665	-248.00469	341.04873	-2148.48924	-243.79341	93.76363	-2163.89450	-180.73429	117.66598	-2182.98521	-225.55325	144.31372	-2121.15879	-196.99267	69.10093	-1747.28498	-86.38797	73.11492	-1835.35410	-87.22597	930.69503	-1853.34066	-72.03524	621.70753	-1969.71015	-106.71871	960.47539	-1962.98810	-120.72237	771.16008	-1971.29905	-98.95481	670.04913	-1976.22249	-168.67995	687.10917	-1955.88641	-316.23586	436.84533	-1818.61954	0.94065	454.15642	-2071.10327	-313.89007	230.31661	-1778.65903	-2.89250	235.60518	
130	1.290	-1860.97564	-247.13235	647.27212	-1742.15733	-140.78306	391.34917	-1762.65224	-77.12377	339.43738	-1789.71437	-51.86186	71.08709	-1790.47320	-123.05961	80.24242	-1833.22719	-93.30126	93.03219	-1949.73522	-192.44872	351.34728	-2001.81479	-247.54834	337.85174	-2141.85727	-244.50691	94.39895	-2156.50902	-181.46174	118.78084	-2174.14928	-226.22597	146.29763	-2116.34561	-197.55125	68.30292	-1740.96124	-87.54863	70.43132	-1823.74026	-84.83757	928.54602	-1840.79886	-71.99674	619.79598	-1958.26479	-104.90095	957.43442	-1949.56480	-121.66378	768.66183	-1958.44130	-99.96738	668.51154	-1962.98606	-169.87700	684.80646	-1943.21497	-316.14738	433.76213	-1807.18293	0.04315	451.49535	-2060.29506	-313.90302	228.89632	-1769.79683	-3.98507	232.46641	
131	1.300	-1847.26469	-247.07779	644.13256	-1733.03884	-140.96950	388.03954	-1754.03581	-77.15839	336.57342	-1785.31945	-51.91270	68.65739	-1786.53712	-123.07407	78.34296	-1828.78227	-93.06934	91.23207	-1934.40461	-192.59271	347.38682	-1987.55763	-246.89185	334.51115	-2134.13633	-245.18172	95.20029	-2147.98801	-182.10664	119.94649	-2164.04770	-226.75750	148.39440	-2110.63163	-198.15047	67.56497	-1736.67130	-87.98252	68.15741	-1812.11118	-82.52709	926.87224	-1828.64834	-71.66471	618.47006	-1946.78129	-103.31111	954.81188	-1936.01103	-122.93433	766.65937	-1945.77404	-101.27272	667.57372	-1949.69526	-171.37884	682.87936	-1929.75616	-315.83675	430.65836	-1796.92705	-0.02563	449.33642	-2048.36858	-313.78029	227.50249	-1762.46343	-4.16490	229.77443	
132	1.310	-1833.41398	-246.72994	641.16899	-1724.49907	-139.81356	385.26011	-1746.42753	-76.15325	334.26573	-1782.55378	-51.21453	66.82389	-1784.11594	-122.33994	77.14826	-1825.81911	-92.08516	90.22677	-1918.20355	-192.52701	343.50913	-1972.39655	-246.02943	331.13415	-2125.31989	-245.79244	96.23583	-2138.31786	-182.62537	121.18888	-2152.72361	-227.08270	150.62462	-2103.92948	-198.79822	66.97731	-1734.01147	-87.67637	66.32582	-1800.49581	-80.34528	925.71218	-1816.96199	-71.02275	617.76938	-1935.28118	-102.00642	952.68628	-1922.41946	-124.48774	765.21617	-1933.37022	-102.82027	667.26777	-1936.43551	-173.12407	681.38834	-1915.55915	-315.28558	427.63362	-1787.88726	0.74113	447.76246	-2035.39831	-313.50461	226.23748	-1756.44741	-3.39287	227.56477	
133	1.320	-1819.52161	-246.05977	638.47586	-1716.64696	-137.42463	383.04772	-1739.86469	-74.17403	332.55701	-1780.98705	-49.80644	65.54906	-1782.83940	-120.89846	76.60863	-1823.97867	-90.36929	89.91845	-1901.26445	-192.21551	339.84612	-1956.41635	-244.96406	327.84499	-2115.41623	-246.32823	97.57645	-2127.50923	-182.99377	122.54233	-2140.25473	-227.16192	153.01308	-2096.14825	-199.51035	66.64093	-1732.58010	-86.68530	64.93803	-1788.92651	-78.33669	925.09569	-1805.78993	-70.06540	617.70800	-1923.78981	-101.03228	951.12309	-1908.88211	-126.26147	764.37847	-1921.28254	-104.54300	667.60671	-1923.28245	-175.03454	680.38559	-1900.68709	-314.48600	424.80293	-1780.06042	2.29542	446.81793	-2021.47125	-313.07024	225.21853	-1751.56502	-1.70827	225.83313	
134	1.330	-1805.67995	-245.04955	636.14735	-1709.58594	-133.98636	381.39063	-1734.37687	-71.34715	331.44397	-1780.24693	-47.81282	64.76323	-1782.36379	-118.86863	76.63782	-1822.94118	-88.04031	90.17551	-1883.72403	-191.62984	336.53890	-1939.70909	-243.70692	324.77657	-2104.44362	-246.79301	99.28680	-2115.59317	-183.20916	124.04463	-2126.74501	-226.98485	155.58389	-2087.19550	-200.30818	66.65776	-1732.01104	-85.12593	63.96835	-1777.43703	-76.53749	925.04186	-1795.15652	-68.79953	618.27351	-1912.33492	-100.41874	950.17098	-1895.48568	-128.18033	764.17196	-1909.54154	-106.36139	668.58269	-1910.29888	-177.02037	679.91088	-1885.21419	-313.44124	422.28941	-1773.40472	4.53847	446.50508	-2006.67803	-312.48282	224.56720	-1747.68220	0.77301	224.54182	
135	1.340	-1791.97156	-243.69536	634.27072	-1703.39925	-129.74155	380.23845	-1729.97657	-67.85042	330.88401	-1780.04311	-45.42750	64.37786	-1782.39232	-116.43388	77.12520	-1822.44555	-85.30169	90.85049	-1865.71205	-190.75187	333.72858	-1922.36823	-242.27605	322.06066	-2092.42540	-247.20290	101.41535	-2102.61531	-183.28877	125.73025	-2112.31319	-226.56963	158.35423	-2076.98147	-201.21427	67.11930	-1731.99667	-83.16174	63.37100	-1766.06025	-74.97390	925.55675	-1785.06019	-67.24450	619.42809	-1900.94479	-100.17769	949.85856	-1882.30749	-130.16131	764.59959	-1898.15625	-108.18948	670.16641	-1897.53305	-178.98657	679.98773	-1869.22225	-312.16506	420.21521	-1767.84249	7.32999	446.78553	-1991.10530	-311.75761	224.39697	-1744.72145	3.86946	223.63157	
136	1.350	-1778.46594	-242.00794	632.91945	-1698.13778	-124.97097	379.51600	-1726.64986	-63.89850	330.80620	-1780.17350	-42.88803	64.30060	-1782.68577	-113.81979	77.95018	-1822.29562	-82.41510	91.79908	-1847.34241	-189.57576	331.54606	-1904.48358	-240.69476	319.81800	-2079.38569	-247.58164	103.98512	-2088.62894	-183.26491	127.62298	-2097.07972	-225.95769	161.32784	-2065.42507	-202.24732	68.09484	-1732.29893	-80.98321	63.08872	-1754.82579	-73.66124	926.63131	-1775.47590	-65.43112	621.11150	-1889.64637	-100.30121	950.19222	-1869.41245	-132.11893	765.64079	-1887.11697	-109.94206	672.30808	-1885.01836	-180.84071	680.62059	-1852.79711	-310.68048	418.69198	-1763.26560	10.50159	447.58685	-1974.83043	-310.91653	224.80074	-1742.65298	7.35279	223.03507	
137	1.360	-1765.21741	-240.01203	632.14689	-1693.81169	-119.96817	379.13823	-1724.34873	-59.72437	331.12430	-1780.51506	-40.44464	64.44865	-1783.06413	-111.26630	78.99635	-1822.35537	-79.66510	92.89660	-1828.70731	-188.10932	330.10212	-1886.13738	-238.98992	318.14942	-2065.34606	-247.95486	106.98668	-2073.68789	-183.17811	129.72909	-2081.15369	-225.20551	164.48947	-2052.46078	-203.41703	69.62141	-1732.74906	-78.78579	63.06102	-1743.75777	-72.60379	928.23970	-1766.35988	-63.39952	623.24553	-1878.46339	-100.76149	951.15506	-1856.85118	-133.97096	767.25219	-1876.39973	-111.54221	674.93948	-1872.77428	-182.50061	681.79311	-1836.02520	-309.01796	417.81202	-1759.54263	13.87257	448.81266	-1957.91830	-309.98487	225.83993	-1741.47393	10.97226	222.68896	
138	1.370	-1752.26408	-237.74410	631.98129	-1690.38626	-115.01288	379.02288	-1722.98718	-55.55862	331.74894	-1781.00467	-38.32896	64.75799	-1783.40151	-108.99878	80.16304	-1822.53670	-77.32151	94.04930	-1809.87510	-186.37453	329.47896	-1867.40164	-237.19061	317.12891	-2050.32338	-248.34450	110.37463	-2057.84036	-183.06952	132.03260	-2064.62186	-224.37529	167.80147	-2038.04524	-204.71998	71.69700	-1733.23894	-76.74863	63.23085	-1732.87301	-71.79538	930.33844	-1757.65571	-61.19621	625.73933	-1867.41469	-101.51232	952.70727	-1844.65932	-135.64366	769.36987	-1865.97157	-112.92810	677.97695	-1860.80827	-183.90096	683.46781	-1818.99031	-307.21346	417.64123	-1756.52707	17.26616	450.35437	-1940.42026	-308.98813	227.53679	-1741.18228	14.48088	222.54186	
139	1.380	-1739.62814	-235.24916	632.42257	-1687.78252	-110.34625	379.09883	-1722.44193	-51.60899	332.59713	-1781.61609	-36.72702	65.18693	-1783.61702	-107.20210	81.37268	-1822.78435	-75.60544	95.19881	-1790.89106	-184.40702	329.72445	-1848.33665	-235.32702	316.79949	-2034.32905	-248.76402	114.06820	-2041.12466	-182.97400	134.49350	-2047.54138	-223.52597	171.20314	-2022.16226	-206.13687	74.27834	-1733.70734	-75.01671	63.54883	-1722.17968	-71.22063	932.86645	-1749.30099	-58.87089	628.49500	-1856.51294	-102.49220	954.78795	-1832.85790	-137.07626	771.91271	-1855.79605	-114.05805	681.32514	-1849.11829	-184.99810	685.58707	-1801.77073	-305.30651	418.21437	-1754.06615	20.52434	452.10271	-1922.37456	-307.94963	229.87083	-1741.75250	17.66047	222.55750	
140	1.390	-1727.31724	-232.57696	633.44140	-1685.88212	-106.15104	379.30948	-1722.55850	-48.04276	333.59778	-1782.33835	-35.75986	65.71439	-1783.66430	-106.00099	82.57354	-1823.06145	-74.66377	96.32010	-1771.78077	-182.25443	330.84971	-1828.99060	-233.42962	317.17193	-2017.36928	-249.21528	117.95600	-2023.56727	-182.91487	137.04935	-2029.93719	-222.70620	174.61322	-2004.82508	-207.63184	77.28350	-1734.12475	-73.68821	63.97495	-1711.67673	-70.85691	935.74628	-1741.23362	-56.47324	631.41303	-1845.76378	-103.62871	957.31807	-1821.45456	-138.22425	774.78680	-1845.83810	-114.91331	684.88094	-1837.69563	-185.77246	688.07541	-1784.43642	-303.33828	419.53325	-1752.00963	23.51960	453.95729	-1903.80788	-306.88894	232.77984	-1743.11856	20.34221	222.71384	
141	1.400	-1715.32682	-229.77827	634.98045	-1684.53621	-102.53936	379.61176	-1723.16146	-44.97421	334.69355	-1783.15906	-35.47371	66.33415	-1783.52179	-105.44923	83.73819	-1823.33843	-74.55495	97.41439	-1752.55471	-179.97349	332.83015	-1809.40013	-231.52841	318.22642	-1999.44644	-249.68722	121.90435	-2005.18332	-182.90090	139.62000	-2011.80432	-221.94981	177.93499	-1986.07543	-209.15376	80.59926	-1734.47949	-72.80829	64.47811	-1701.35393	-70.67652	938.88640	-1733.39685	-54.05010	634.39702	-1835.16557	-104.84388	960.20455	-1810.44532	-139.06135	777.89036	-1836.06776	-115.49828	688.53776	-1826.52762	-186.22844	690.84279	-1767.04670	-301.34968	421.56767	-1750.21796	26.16250	455.83339	-1884.73753	-305.82115	236.16526	-1745.16728	22.42056	222.99925	
142	1.410	-1703.64299	-226.90172	636.95780	-1683.57716	-99.54951	379.97241	-1724.06727	-42.45877	335.83988	-1784.05470	-35.83998	67.04727	-1783.18488	-105.52824	84.85876	-1823.58606	-75.24724	98.49916	-1733.21364	-177.62619	335.60971	-1789.59169	-229.65223	319.91660	-1980.56110	-250.15652	125.76804	-1985.97900	-182.92546	142.11464	-1993.11404	-221.27371	181.06343	-1965.97954	-210.63951	84.09188	-1734.76710	-72.36946	65.03422	-1691.19262	-70.64916	942.18457	-1725.74275	-51.64338	637.35761	-1824.70952	-106.05988	963.34497	-1799.81662	-139.57998	781.11878	-1826.46241	-115.83829	692.18970	-1815.60006	-186.39206	693.78883	-1749.64836	-299.37944	424.25894	-1748.56886	28.40455	457.66551	-1865.17413	-304.75670	239.90128	-1747.74196	23.85902	223.40766	
143	1.420	-1692.24574	-223.99150	639.27204	-1682.83186	-97.15197	380.36342	-1725.09762	-40.49433	337.00239	-1784.98752	-36.76441	67.85468	-1782.66034	-106.15479	85.94054	-1823.77289	-76.62832	99.59779	-1713.75388	-175.27529	339.10753	-1769.58383	-227.82769	322.17549	-1960.71465	-250.58971	129.40236	-1965.95501	-182.96776	144.43985	-1973.82274	-220.67790	183.89341	-1944.62172	-212.01884	87.61979	-1734.98351	-72.31788	65.62380	-1681.16702	-70.74430	945.53202	-1718.23362	-49.28865	640.21559	-1814.38039	-107.20460	966.63264	-1789.54736	-139.79053	784.36952	-1817.00745	-115.97552	695.73565	-1804.89908	-186.30679	696.80745	-1732.27480	-297.46211	427.52545	-1746.96146	30.23661	459.40803	-1845.12480	-303.70170	243.84636	-1750.65408	24.68757	223.93372	
144	1.430	-1681.11199	-221.08617	641.80858	-1682.13513	-95.26322	380.75823	-1726.09097	-39.02908	338.15397	-1785.90824	-38.10320	68.75147	-1781.96284	-107.19593	86.99522	-1823.86606	-78.52411	100.73085	-1694.17226	-172.97968	343.22611	-1749.39010	-226.07804	324.92239	-1939.91189	-250.94655	132.67482	-1945.11027	-182.99532	146.50774	-1953.88164	-220.14699	186.32764	-1922.09657	-213.22022	91.04652	-1735.12213	-72.56433	66.22965	-1671.24594	-70.93331	948.81816	-1710.84156	-47.01455	642.90399	-1804.15743	-108.21662	969.96156	-1779.61085	-139.71938	787.54648	-1807.69551	-115.96356	699.08301	-1794.41234	-186.02823	699.79176	-1714.94665	-295.62628	431.26960	-1745.31736	31.68360	461.03355	-1824.59640	-302.65825	247.85599	-1753.69979	24.99248	224.56891	
145	1.440	-1670.21823	-218.21848	644.44666	-1681.34156	-93.76472	381.12956	-1726.91118	-37.97422	339.27234	-1786.76218	-39.68352	69.72387	-1781.11305	-108.48855	88.03503	-1823.83448	-80.72329	101.91016	-1674.47058	-170.79004	347.85991	-1729.02270	-224.42158	328.06996	-1918.16345	-251.18385	135.47531	-1923.44513	-182.96746	148.24273	-1933.24582	-219.65254	188.28360	-1898.50120	-214.17692	94.25223	-1735.17387	-72.99805	66.83530	-1661.39470	-71.19117	951.93558	-1703.54639	-44.84300	645.36947	-1794.01559	-109.04901	973.23109	-1769.97639	-139.40608	790.56370	-1798.52447	-115.86143	702.15105	-1784.12960	-185.61836	702.63883	-1697.67421	-293.89299	435.38514	-1743.57859	32.79645	462.52965	-1803.59895	-301.62485	251.79497	-1756.67796	24.90067	225.29918	
146	1.450	-1659.54250	-215.41621	647.06630	-1680.33453	-92.52375	381.44905	-1727.45256	-37.21917	340.33852	-1787.49710	-41.32525	70.74893	-1780.13650	-109.86044	89.06858	-1823.65300	-83.00376	103.13620	-1654.65951	-168.74532	352.90340	-1708.49640	-222.86993	331.53069	-1895.48739	-251.25922	137.72351	-1900.96373	-182.83900	149.58655	-1911.88113	-219.15618	189.69850	-1873.92858	-214.83229	97.14233	-1735.12907	-73.50144	67.42435	-1651.57714	-71.49766	954.78476	-1696.33240	-42.78990	647.57285	-1783.92686	-109.67186	976.34985	-1760.61058	-138.89996	793.34806	-1789.49467	-115.72774	704.87344	-1774.04261	-185.13995	705.25394	-1680.46158	-292.27466	439.76410	-1741.70282	33.64289	463.89490	-1782.14852	-300.59664	255.54796	-1759.40683	24.56099	226.10422	
147	1.460	-1649.06551	-212.70341	649.55487	-1679.03142	-91.41280	381.68854	-1727.64133	-36.64696	341.33626	-1788.07040	-42.86110	71.79657	-1779.06266	-111.14986	90.09855	-1823.30640	-85.15729	104.39868	-1634.76189	-166.87009	358.25758	-1687.83265	-221.42624	335.22192	-1871.90987	-251.13435	139.37280	-1877.67534	-182.56418	150.50076	-1889.76851	-218.61319	190.53179	-1848.46285	-215.14353	99.65269	-1734.98019	-73.96366	67.98074	-1641.75746	-71.83806	957.27848	-1689.18455	-40.86624	649.48903	-1773.86158	-110.07334	979.23879	-1751.47819	-138.25644	795.84104	-1780.60587	-115.61550	707.20000	-1764.14437	-184.65151	707.55418	-1663.31214	-290.77470	444.30229	-1739.65716	34.29819	465.13482	-1760.26961	-299.56537	259.02708	-1761.73749	24.12536	226.95822	
148	1.470	-1638.77085	-210.10201	651.81249	-1677.38473	-90.32480	381.82204	-1727.43415	-36.14770	342.25229	-1788.45446	-44.15251	72.83319	-1777.92370	-112.22125	91.12136	-1822.79231	-87.00944	105.67927	-1614.81550	-165.17298	363.83429	-1667.06336	-220.08359	339.06908	-1847.46473	-250.77737	140.41052	-1853.59516	-182.10015	150.96698	-1866.90542	-217.97648	190.76531	-1822.17727	-215.08342	101.75076	-1734.72417	-74.29162	68.48959	-1631.90179	-72.20332	959.34525	-1682.08473	-39.07934	651.10612	-1763.78967	-110.25918	981.83322	-1742.54281	-137.53332	797.99950	-1771.85422	-115.56801	709.09740	-1754.42803	-184.20337	709.47109	-1646.23443	-289.38764	448.90291	-1737.41177	34.83694	466.25813	-1737.99643	-298.51921	262.17569	-1763.56269	23.73213	227.83193	
149	1.480	-1628.64433	-207.63308	653.75624	-1675.37919	-89.18251	381.82809	-1726.81417	-35.62872	343.07683	-1788.63902	-45.09998	73.82582	-1776.75274	-112.97548	92.12832	-1822.12197	-88.43266	106.95565	-1594.87497	-163.64590	369.55770	-1646.23398	-218.82369	343.00667	-1822.19239	-250.16428	140.85466	-1828.74502	-181.41025	150.98490	-1843.30529	-217.20100	190.40114	-1795.13487	-214.63979	103.43306	-1734.36387	-74.41733	68.93845	-1621.97949	-72.58980	960.93181	-1675.00855	-37.43393	652.42407	-1753.68182	-110.25102	984.08377	-1733.76709	-136.78736	799.79535	-1763.22975	-115.61609	710.54876	-1744.88538	-183.83481	710.95223	-1629.24745	-288.09986	453.47781	-1734.93475	35.32684	467.27386	-1715.37285	-297.44226	264.96807	-1764.82051	23.49364	228.69550	
150	1.490	-1618.67254	-205.31754	655.32259	-1673.02558	-87.94177	381.69155	-1725.78530	-35.02071	343.80438	-1788.63066	-45.64725	74.74625	-1775.58156	-113.35418	93.10780	-1821.31878	-89.35201	108.20581	-1575.01289	-162.26383	375.36296	-1625.40540	-217.61614	346.97716	-1796.13862	-249.27938	140.74788	-1803.15479	-180.46661	150.56861	-1818.99569	-216.24828	189.45788	-1767.39172	-213.81313	104.71954	-1733.90829	-74.30117	69.31842	-1611.96402	-72.99872	962.00446	-1667.92313	-35.93291	653.45277	-1743.51042	-110.08373	985.95640	-1725.11283	-136.07128	801.21447	-1754.71455	-115.77675	711.55218	-1735.50511	-183.57252	711.96174	-1612.38429	-286.89039	457.94666	-1732.18889	35.82453	468.18926	-1692.45119	-296.31392	267.40511	-1765.49270	23.48888	229.52154	
151	1.500	-1608.84082	-203.17612	656.46833	-1670.35221	-86.58938	381.40469	-1724.36539	-34.27987	344.43397	-1788.44959	-45.77966	75.57424	-1774.43814	-113.33854	94.04786	-1820.41468	-89.74383	109.41183	-1555.31970	-160.98514	381.19208	-1604.65439	-216.41850	350.92790	-1769.35417	-248.11503	140.14946	-1776.86514	-179.25223	149.74184	-1794.01686	-215.09079	187.96571	-1739.00251	-212.61284	105.64576	-1733.37159	-73.93142	69.62490	-1601.83339	-73.43538	962.54921	-1660.78624	-34.57762	654.20969	-1733.25041	-109.80198	987.43141	-1716.54092	-135.43135	802.25483	-1746.28179	-116.05319	712.11841	-1726.27119	-183.43012	712.47971	-1595.69314	-285.73176	462.23452	-1729.13068	36.37368	469.00858	-1669.28996	-295.10843	269.50667	-1765.59829	23.76128	230.28787	
152	1.510	-1599.13104	-201.22826	657.16983	-1667.39511	-85.13699	380.96721	-1722.57853	-33.38673	344.96899	-1788.12476	-45.51800	76.29960	-1773.34417	-112.94384	94.93877	-1819.44494	-89.62876	110.56269	-1535.90217	-159.75223	386.98770	-1584.07228	-215.17722	354.80687	-1741.89595	-246.67083	139.12632	-1749.93185	-177.76224	148.53256	-1768.42127	-213.71556	185.96114	-1710.02802	-211.05310	106.25394	-1732.77125	-73.32057	69.85787	-1591.57039	-73.90835	962.57076	-1653.54668	-33.36764	654.71728	-1722.88003	-109.45671	988.50178	-1708.01117	-134.90557	802.92407	-1737.89565	-116.43601	712.26783	-1717.16133	-183.40883	712.50087	-1579.23501	-284.59045	466.26855	-1725.71113	37.00481	469.73246	-1645.95141	-293.79469	271.30183	-1765.18341	24.32123	230.97959	
153	1.520	-1589.51937	-199.49040	657.42097	-1664.18802	-83.61300	380.38518	-1720.44718	-32.34252	345.41606	-1787.68817	-44.90959	76.92307	-1772.31307	-112.21122	95.77513	-1818.44222	-89.06111	111.65602	-1516.88019	-158.49271	392.68573	-1563.76210	-213.82973	358.55780	-1713.83047	-244.95266	137.74414	-1722.43184	-176.00454	146.96757	-1742.27544	-212.12665	183.48186	-1680.54381	-209.14921	106.58394	-1732.12578	-72.49976	70.02158	-1581.16246	-74.42863	962.09063	-1646.14597	-32.30006	655.00023	-1712.38137	-109.10145	989.17094	-1699.48210	-134.52247	803.23673	-1729.51203	-116.90536	712.02710	-1708.14575	-183.49893	712.03255	-1563.07790	-283.42707	469.97512	-1721.87780	37.73635	470.35772	-1622.49956	-292.33668	272.81854	-1764.30891	25.15174	231.58996	
154	1.530	-1579.97455	-197.97364	657.23021	-1660.75311	-82.05408	379.66898	-1717.98458	-31.16419	345.78312	-1787.16942	-44.01805	77.45602	-1771.34858	-111.19839	96.55720	-1817.43096	-88.11660	112.69880	-1498.38184	-157.12149	398.20823	-1543.83400	-212.30755	362.11563	-1685.23988	-242.97189	136.05934	-1694.47012	-173.99961	145.06771	-1715.66387	-210.34595	180.56236	-1650.64968	-206.91538	106.66539	-1731.45242	-71.51212	70.12367	-1570.60140	-75.00881	961.14445	-1638.52114	-31.36858	655.08271	-1701.74080	-108.78910	989.45026	-1690.91080	-134.30036	803.21146	-1721.08001	-117.43356	711.42590	-1699.18660	-183.68168	711.09238	-1547.28813	-282.19627	473.27800	-1717.57723	38.57643	470.87712	-1598.99953	-290.69466	274.07421	-1763.03701	26.21613	232.12010	
155	1.540	-1570.45689	-196.68130	656.61709	-1657.09318	-80.49767	378.83034	-1715.18810	-29.87894	346.07655	-1786.59111	-42.91367	77.91923	-1770.44408	-109.97086	97.29141	-1816.42275	-86.88039	113.70719	-1480.53660	-155.54407	403.45774	-1524.39955	-210.54071	365.40334	-1656.23029	-240.74505	134.11305	-1666.18677	-171.77966	142.84420	-1688.69507	-208.41209	177.23084	-1620.47879	-204.36448	106.51178	-1730.76503	-70.40639	70.17411	-1559.88297	-75.66234	959.77882	-1630.60818	-30.56247	654.98576	-1690.94937	-108.56908	989.35644	-1682.25297	-134.24712	802.86830	-1712.54382	-117.98795	710.49397	-1690.23798	-183.93167	709.70607	-1531.92022	-280.84687	476.09874	-1712.75733	39.52496	471.27908	-1575.51885	-288.82730	275.06887	-1761.41906	27.46602	232.57740	
156	1.550	-1560.91843	-195.60686	655.60884	-1653.18585	-78.97630	377.87878	-1712.03425	-28.51920	346.29775	-1785.96545	-41.66541	78.34114	-1769.58243	-108.59457	97.99005	-1815.41317	-85.43713	114.70566	-1463.46726	-153.66146	408.31475	-1505.56528	-208.46302	368.33085	-1626.94142	-238.29416	131.92742	-1637.76294	-169.38734	140.29684	-1661.50873	-206.37763	173.50788	-1590.20555	-201.50996	106.11755	-1730.07237	-69.23144	70.18384	-1549.00638	-76.40274	958.04810	-1622.34591	-29.86588	654.72497	-1680.00293	-108.48515	988.90911	-1673.46316	-134.36016	802.22649	-1703.84535	-118.53351	709.25890	-1681.24686	-184.21901	707.90554	-1517.00717	-279.32274	478.35932	-1707.36938	40.57559	471.54701	-1552.13092	-286.69470	275.78199	-1759.48537	28.84857	232.97291	
157	1.560	-1551.30427	-194.73274	654.23748	-1648.98040	-77.51389	376.81781	-1708.47572	-27.11835	346.43954	-1785.29220	-40.33516	78.75567	-1768.73616	-107.13067	98.67031	-1814.38009	-83.86352	115.72567	-1447.28083	-151.37691	412.63930	-1487.42613	-206.01821	370.79686	-1597.55632	-235.64782	129.50520	-1609.42438	-166.87393	137.41476	-1634.28274	-204.30483	169.40726	-1560.05122	-198.36974	105.45867	-1729.37678	-68.03242	70.16359	-1537.97382	-77.24280	956.01114	-1613.67992	-29.25756	654.30864	-1668.90218	-108.57372	988.12882	-1664.49532	-134.62673	801.30282	-1694.92702	-119.03509	707.74478	-1672.15489	-184.51137	705.72771	-1502.55307	-277.56484	479.98708	-1701.36959	41.71746	471.65860	-1528.92011	-284.26226	276.17325	-1757.23838	30.31221	233.31805	
158	1.570	-1541.55524	-194.03024	652.53793	-1644.39732	-76.12421	375.64134	-1704.44095	-25.70772	346.48289	-1784.55754	-38.97456	79.20000	-1767.86775	-105.63241	99.35275	-1813.28324	-82.22407	116.80391	-1432.05961	-148.60456	416.27741	-1470.05959	-203.16638	372.69386	-1568.30915	-232.84281	126.83244	-1581.44167	-164.29752	134.18005	-1607.23845	-202.26077	164.93918	-1530.28569	-194.97142	104.49695	-1728.67307	-66.84845	70.12289	-1526.78996	-78.19367	953.72847	-1604.56610	-28.71143	653.73658	-1657.65254	-108.86263	987.03571	-1655.30386	-135.02427	800.11091	-1685.73491	-119.45895	705.97181	-1662.90121	-184.77564	703.21404	-1488.53004	-275.51516	480.92116	-1694.72019	42.93653	471.58525	-1505.98756	-281.50528	276.18745	-1754.64940	31.81036	233.62101	
159	1.580	-1531.61181	-193.46093	650.54727	-1639.33087	-74.81079	374.33099	-1699.83636	-24.31456	346.39468	-1783.73347	-37.62408	79.71253	-1766.92970	-104.14404	100.05970	-1812.06462	-80.56944	117.98028	-1417.85338	-145.27943	419.07247	-1453.52144	-199.89036	373.91624	-1539.48886	-229.92598	123.88447	-1554.12597	-161.72098	130.57431	-1580.64249	-200.31234	160.11567	-1501.22467	-191.35770	103.18767	-1727.94757	-65.71199	70.06944	-1515.46159	-79.26386	951.26005	-1594.97363	-28.19782	652.99975	-1646.26382	-109.37036	985.64890	-1645.84515	-135.52100	798.66145	-1676.22204	-119.77369	703.95699	-1653.42608	-184.97916	700.41094	-1474.88077	-273.12247	481.11948	-1687.39025	44.21648	471.29199	-1483.45648	-278.41379	275.76256	-1751.65878	33.30354	233.88339	
160	1.590	-1521.41875	-192.97950	648.30530	-1633.65445	-73.56805	372.85486	-1694.55113	-22.96117	346.12715	-1782.77732	-36.31373	80.33091	-1765.86437	-102.70089	100.81366	-1810.64939	-78.93692	119.29577	-1404.67386	-141.36818	420.88063	-1437.84355	-196.20118	374.37102	-1511.43678	-226.95580	120.63460	-1527.81985	-159.20995	126.58749	-1554.80353	-198.52192	154.95780	-1473.22119	-187.59081	101.48979	-1727.17691	-64.64927	70.00908	-1503.99727	-80.45811	948.66354	-1584.88711	-27.68562	652.08096	-1634.74973	-110.10541	983.98690	-1636.07956	-136.07663	796.96343	-1666.35158	-119.95064	701.71570	-1643.67514	-185.09054	697.37078	-1461.52687	-270.34988	480.56505	-1679.35631	45.53912	470.73829	-1461.47548	-274.99747	274.83992	-1748.17919	34.75994	234.09760	
161	1.600	-1510.93042	-192.53784	645.85611	-1627.22848	-72.38313	371.16850	-1688.46430	-21.66471	345.61964	-1781.63093	-35.06471	81.09067	-1764.60354	-101.33045	101.63611	-1808.94672	-77.35205	120.79018	-1392.49262	-136.87947	421.58861	-1423.03446	-192.14224	373.98997	-1484.53642	-224.00293	117.06431	-1502.88275	-156.83077	122.22781	-1530.06264	-196.94388	149.50352	-1446.65093	-183.75477	99.37706	-1726.32657	-63.68133	69.94624	-1492.40712	-81.77619	945.99351	-1574.30773	-27.14501	650.95668	-1623.12732	-111.06578	982.06873	-1625.97391	-136.64340	795.02641	-1656.09987	-119.96394	699.26410	-1633.60394	-185.08023	694.15331	-1448.38230	-267.18343	479.27042	-1670.60282	46.88451	469.88028	-1440.21858	-271.29005	273.37505	-1744.10113	36.15519	234.24561	
162	1.610	-1500.11575	-192.08997	643.25044	-1619.91025	-71.23828	369.21844	-1681.45338	-20.43764	344.80296	-1780.21950	-33.89134	82.02400	-1763.06779	-100.05349	102.54684	-1806.85084	-75.83080	122.49995	-1381.24308	-131.87231	421.13165	-1409.08279	-187.79132	372.74162	-1459.19473	-221.14913	113.17381	-1479.67141	-154.64817	117.53099	-1506.77664	-195.62223	143.81486	-1421.89171	-179.95427	96.84844	-1725.34892	-62.82516	69.88519	-1480.70273	-83.21179	943.30118	-1563.25333	-26.55059	649.60005	-1611.41629	-112.23863	979.91598	-1615.50416	-137.16750	792.86344	-1645.45872	-119.79045	696.62206	-1623.18223	-184.92098	690.82709	-1435.36974	-263.64066	477.27990	-1661.12265	48.23077	468.67430	-1419.88079	-267.35274	271.34764	-1739.30004	37.47158	234.29939	
163	1.620	-1488.96260	-191.59723	640.54811	-1611.56495	-70.11347	366.94860	-1673.40386	-19.28848	343.60639	-1778.45031	-32.80270	83.15919	-1761.16604	-98.88501	103.56380	-1804.24215	-74.38163	124.45607	-1370.82709	-126.46107	419.50865	-1395.96321	-183.26015	370.64138	-1435.81526	-218.48393	108.99093	-1458.51629	-152.72268	112.56685	-1485.29504	-194.58942	137.98258	-1399.29812	-176.30970	93.93564	-1724.18099	-62.09431	69.83175	-1468.89727	-84.75156	940.63495	-1551.75738	-25.88445	647.98502	-1599.63832	-113.59991	977.55527	-1604.65812	-137.59100	790.49455	-1634.43692	-119.40995	693.81631	-1612.39755	-184.58836	687.47055	-1422.43698	-259.77780	474.66912	-1650.91746	49.55384	467.08197	-1400.66907	-263.27589	268.76918	-1733.64438	38.69730	234.22345	
164	1.630	-1477.48068	-191.03307	637.81987	-1602.07697	-68.98934	364.30918	-1664.21856	-18.22277	341.96689	-1776.21209	-31.80355	84.52032	-1758.79555	-97.83478	104.70345	-1800.98935	-73.00705	126.68227	-1361.12569	-120.81521	416.79188	-1383.64412	-178.69104	367.75774	-1414.76527	-216.09893	104.57660	-1439.69571	-151.10766	107.44152	-1465.93195	-193.86594	132.12671	-1379.17339	-172.94840	90.70640	-1722.74226	-61.49878	69.79548	-1457.00562	-86.37442	938.04132	-1539.86702	-25.13891	646.09131	-1587.81649	-115.11427	975.02093	-1593.43774	-137.85440	787.95012	-1623.06048	-118.80560	690.88349	-1601.25751	-184.06155	684.17214	-1409.57038	-255.69401	471.54258	-1639.99805	50.82728	465.07648	-1382.78878	-259.17814	265.68713	-1727.00409	39.82562	233.97967	
165	1.640	-1465.70255	-190.38666	635.14821	-1591.36032	-67.85025	361.26743	-1653.82603	-17.24406	339.83966	-1773.37587	-30.89451	86.12721	-1755.84273	-96.90715	105.98137	-1796.95287	-71.70483	129.19368	-1352.01309	-115.15303	413.12871	-1372.09599	-174.25060	364.21325	-1396.34047	-214.08003	100.02543	-1423.41071	-149.84622	102.29376	-1448.93655	-193.46081	126.39187	-1361.74147	-169.99297	87.26215	-1720.93290	-61.04399	69.79188	-1445.04474	-88.05140	935.56620	-1527.64028	-24.31839	643.90987	-1575.97473	-116.73531	972.35744	-1581.86069	-137.89977	785.27382	-1611.37149	-117.96502	687.87263	-1589.79038	-183.32441	681.02933	-1396.80253	-251.53105	468.02953	-1628.38449	52.02251	462.64939	-1366.42723	-255.20244	262.18496	-1719.25919	40.85422	233.53399	
166	1.650	-1453.68243	-189.66489	632.62639	-1579.36733	-66.68748	357.81896	-1642.18712	-16.35494	337.20880	-1769.79818	-30.07165	87.99552	-1752.18526	-96.10061	107.41260	-1791.99054	-70.46882	131.99571	-1343.37232	-109.72859	408.73401	-1361.29906	-170.12070	360.17915	-1380.73228	-212.49869	95.46028	-1409.76394	-148.96817	97.28541	-1434.46601	-193.37264	120.93695	-1347.12333	-167.54831	83.73008	-1718.63323	-60.72888	69.84428	-1433.03404	-89.74596	933.25624	-1515.14260	-23.44009	641.44824	-1564.13749	-118.40636	969.62118	-1569.96088	-137.67453	782.52446	-1599.42554	-116.88173	684.84678	-1578.04372	-182.36703	678.14623	-1384.21232	-247.46731	464.27865	-1616.10590	53.10941	459.81735	-1351.73638	-251.50839	258.37761	-1710.30841	41.78436	232.86468	
167	1.660	-1441.49273	-188.89226	630.35555	-1566.09454	-65.50205	353.99789	-1629.29923	-15.55788	334.09657	-1765.32721	-29.32569	90.13656	-1747.69556	-95.40704	109.01161	-1785.96532	-69.28971	135.08340	-1335.11028	-104.81267	403.87330	-1351.24900	-166.48710	355.86366	-1368.00352	-211.40370	91.02135	-1398.74632	-148.48772	92.58661	-1422.56587	-193.59116	115.92019	-1335.32129	-165.68956	80.25070	-1715.70490	-60.54351	69.98473	-1420.99572	-91.41501	931.15993	-1502.44314	-22.53342	638.73510	-1552.32944	-120.06200	966.88110	-1557.78763	-137.13541	779.77644	-1587.28785	-115.55706	681.88328	-1566.08105	-181.18736	675.62971	-1371.91737	-243.70559	460.45170	-1603.19992	54.05763	456.62760	-1338.81759	-248.26103	254.40299	-1700.07742	42.62005	231.97105	
168	1.670	-1429.21854	-188.10858	628.43987	-1551.58515	-64.30697	349.88407	-1615.19785	-14.85599	330.56966	-1759.81186	-28.64142	92.55687	-1742.24567	-94.81130	110.79128	-1778.75486	-68.15624	138.44092	-1327.16997	-100.66920	398.83822	-1341.95964	-163.52649	351.49507	-1358.07752	-210.81502	86.85094	-1390.23470	-148.40220	88.35805	-1413.16229	-194.09910	111.48187	-1326.21495	-164.45337	76.96272	-1711.99416	-60.46674	70.25370	-1408.95511	-93.01052	929.32831	-1489.61104	-21.63792	635.82349	-1540.57538	-121.63050	964.21795	-1545.40354	-136.25259	777.11828	-1575.02838	-114.00205	679.07241	-1553.97680	-179.79302	673.58430	-1360.05988	-240.45536	456.71572	-1589.71185	54.83843	453.16127	-1327.71143	-245.61719	250.41009	-1688.52630	43.36696	230.88128	
169	1.680	-1416.95079	-187.36487	626.98012	-1535.92762	-63.12828	345.60566	-1599.95533	-14.25339	326.74120	-1753.11278	-27.99779	95.25727	-1735.71310	-94.29156	112.76087	-1770.26173	-67.05711	142.04101	-1319.53751	-97.53001	393.91768	-1333.46199	-161.39317	347.30164	-1350.74419	-210.72134	83.07685	-1384.00194	-148.69226	84.73331	-1406.06849	-194.87401	107.72777	-1319.57045	-163.83404	73.98809	-1707.33714	-60.46452	70.69799	-1396.94074	-94.48174	927.81487	-1476.71193	-20.79995	632.79185	-1528.90001	-123.03700	961.72209	-1532.88102	-135.01332	774.64937	-1562.71660	-112.23904	676.51443	-1541.81016	-178.20279	672.10620	-1348.78875	-237.91137	453.23382	-1575.69370	55.42688	449.53371	-1318.39463	-243.71077	246.54545	-1675.65530	44.03124	229.65791	
170	1.690	-1404.77877	-186.71768	626.06635	-1519.25033	-62.00433	341.33576	-1583.67715	-13.75525	322.76763	-1745.11394	-27.36925	98.23146	-1727.98692	-93.82071	114.92303	-1760.42258	-65.98370	145.84448	-1312.24274	-95.57122	389.36915	-1325.79981	-160.20639	343.49118	-1345.68302	-211.08156	79.79762	-1379.73897	-149.32329	81.80447	-1401.00556	-195.88943	104.71681	-1315.06279	-163.78548	71.41986	-1701.56709	-60.48978	71.36709	-1384.98416	-95.77788	926.67457	-1463.80506	-20.06840	629.74258	-1517.32774	-124.20764	959.48967	-1520.29797	-133.42466	772.47489	-1550.41642	-110.30258	674.31481	-1529.65854	-176.44737	671.27700	-1338.24087	-236.23202	450.15462	-1561.20317	55.80439	445.89110	-1310.78512	-242.63929	242.93975	-1661.50830	44.61826	228.39942	
171	1.700	-1392.78300	-186.22295	625.77050	-1501.71291	-60.98298	337.28297	-1566.49578	-13.36722	318.84025	-1735.73280	-26.72852	101.46410	-1718.97341	-93.36914	117.27008	-1749.21440	-64.93367	149.79961	-1305.35294	-94.89478	385.39478	-1319.02219	-160.03997	340.23338	-1342.49975	-211.82983	77.07275	-1377.08550	-150.24759	79.61376	-1397.63424	-197.11480	102.45573	-1312.30796	-164.22821	69.31491	-1694.52273	-60.48434	72.30786	-1373.11938	-96.85106	925.96192	-1450.94112	-19.48996	626.79784	-1505.88238	-125.07409	957.61764	-1507.73289	-131.51487	770.69938	-1538.18196	-108.23918	672.57812	-1517.59145	-174.56923	671.15777	-1328.52487	-235.52107	447.60149	-1546.30243	55.96103	442.40328	-1304.75434	-242.45378	239.69687	-1646.17313	45.13159	227.23676	
172	1.710	-1381.02935	-185.92989	626.14012	-1483.49503	-60.11652	333.67619	-1548.56297	-13.09445	315.17196	-1724.92687	-26.05083	104.92869	-1708.60043	-92.90865	119.78044	-1736.65637	-63.91471	153.84186	-1298.96062	-95.51816	382.12658	-1313.17450	-160.91522	337.64759	-1340.77005	-212.88260	74.91975	-1375.66459	-151.40653	78.15279	-1395.59196	-198.51366	100.90194	-1310.89995	-165.05954	67.69235	-1686.05714	-60.38321	73.55847	-1361.38191	-97.65932	925.72803	-1438.16090	-19.10443	624.09264	-1494.58665	-125.57832	956.19787	-1495.26007	-129.33299	769.41951	-1526.05472	-106.10554	671.40093	-1505.66574	-172.62102	671.78412	-1319.70974	-235.81614	445.66297	-1531.05690	55.89746	439.25302	-1300.14455	-243.15347	236.88724	-1629.77821	45.57218	226.32431	
173	1.720	-1369.56511	-185.87598	627.19381	-1464.78379	-59.45464	330.74559	-1530.04092	-12.93993	311.98058	-1712.69567	-25.31897	108.58533	-1696.82011	-92.41692	122.41589	-1722.80637	-62.94765	157.89407	-1293.16731	-97.37372	379.62279	-1308.28879	-162.79802	335.79770	-1340.08232	-214.14602	73.31851	-1375.11503	-152.73248	77.36896	-1394.52854	-200.04070	99.97401	-1310.44645	-166.16492	66.53741	-1676.04645	-60.12125	75.14207	-1349.80749	-98.16939	926.01695	-1425.49481	-18.94067	621.76571	-1483.46148	-125.67705	955.31095	-1482.94541	-126.94649	768.71684	-1514.06242	-103.96535	670.86442	-1493.92257	-170.66255	673.16294	-1311.81955	-237.08577	444.38619	-1515.53358	55.62612	436.62272	-1296.78733	-244.68604	234.54662	-1612.48528	45.93825	225.82544	
174	1.730	-1358.41732	-186.08343	628.91928	-1445.76126	-59.03638	328.70190	-1511.09312	-12.90256	309.47057	-1699.07727	-24.52813	112.37902	-1683.60976	-91.88173	125.12069	-1707.75264	-62.06774	161.86786	-1288.06590	-100.31793	377.87517	-1304.37485	-165.60063	334.69419	-1340.07259	-215.52276	72.22107	-1375.11704	-154.15044	77.17768	-1394.13453	-201.63869	99.56742	-1310.59807	-167.42834	65.80917	-1664.39753	-59.64131	77.06155	-1338.43043	-98.35912	926.86158	-1412.96313	-19.01376	619.94902	-1472.52522	-125.34539	955.02028	-1470.84326	-124.43700	768.65125	-1502.21949	-101.88459	671.02746	-1482.38660	-168.75648	675.27104	-1304.83444	-239.23524	443.77444	-1499.79918	55.17168	434.67986	-1294.51944	-246.95309	232.68009	-1594.47861	46.22560	225.89435	
175	1.740	-1347.59351	-186.55758	631.27396	-1426.59324	-58.88224	327.71696	-1491.87567	-12.97508	307.81545	-1684.14062	-23.68944	116.23909	-1668.97126	-91.30393	127.82341	-1691.60194	-61.32323	165.66664	-1283.72375	-104.14868	376.82449	-1301.41297	-169.18805	334.30218	-1340.44660	-216.91763	71.56451	-1375.40808	-155.58027	77.47750	-1394.15843	-203.23722	99.57212	-1311.06741	-168.74093	65.45039	-1651.05415	-58.90269	79.29626	-1327.28186	-98.21911	928.27944	-1400.57680	-19.32356	618.75684	-1461.79279	-124.57934	955.36700	-1458.99463	-121.89448	769.25576	-1490.52910	-99.92598	671.92075	-1471.06721	-166.96304	678.05583	-1298.69655	-242.11951	443.78969	-1483.91774	54.57062	433.56264	-1293.19275	-249.81982	231.26971	-1575.95167	46.42857	226.65652	
176	1.750	-1337.08449	-187.28712	634.18819	-1407.42027	-58.98797	327.90801	-1472.52947	-13.14227	307.14288	-1667.97506	-22.83096	120.08044	-1652.92944	-90.69816	130.44161	-1674.46657	-60.77075	169.19048	-1280.16897	-108.62782	376.37998	-1299.34897	-173.38854	334.55309	-1340.98787	-218.24269	71.28343	-1375.78836	-156.94031	78.16513	-1394.41180	-204.75476	99.88835	-1311.63699	-170.00746	65.39722	-1636.00099	-57.88833	81.80157	-1316.38793	-97.75362	930.26893	-1388.33876	-19.85489	618.27578	-1451.27481	-123.39665	956.36623	-1447.42687	-119.41034	770.53325	-1478.98621	-98.14308	673.54284	-1459.96155	-165.33452	681.43797	-1293.31910	-245.56053	444.35951	-1467.94790	53.87001	433.36786	-1292.67695	-253.12756	230.28363	-1557.09276	46.54156	228.19088	
177	1.760	-1326.86869	-188.24598	637.57029	-1388.35174	-59.32130	329.32783	-1453.17375	-13.37988	307.52423	-1650.67940	-21.99545	123.80695	-1635.52977	-90.09104	132.88926	-1656.45271	-60.46770	172.34287	-1277.38123	-113.50561	376.43794	-1298.09220	-178.00738	335.35739	-1341.55300	-219.42189	71.31964	-1376.11747	-158.15265	79.14773	-1394.76392	-206.10485	100.43795	-1312.15700	-171.15088	65.58731	-1619.26489	-56.60904	84.51160	-1305.76819	-96.98047	932.80651	-1376.24552	-20.57920	618.55672	-1440.97682	-121.83607	958.00511	-1436.15456	-117.07027	772.45537	-1467.58115	-96.57506	675.85835	-1449.05858	-163.91016	685.31557	-1288.59652	-249.36604	445.38742	-1451.94006	53.12561	434.14213	-1292.85555	-256.70761	229.68428	-1538.07105	46.56077	230.51711	
178	1.770	-1316.91723	-189.39639	641.31298	-1369.46301	-59.82273	331.96171	-1433.90129	-13.65447	308.96964	-1632.35236	-21.23505	127.31714	-1616.83587	-89.51681	135.08570	-1637.65187	-60.46279	175.03843	-1275.28821	-118.54359	376.89619	-1297.51682	-182.84234	336.61604	-1342.05794	-220.39568	71.62728	-1376.30475	-159.14995	80.35061	-1395.12934	-207.20563	101.16939	-1312.53552	-172.11532	65.96523	-1600.91323	-55.10376	87.34474	-1295.43425	-95.93004	935.84508	-1364.28890	-21.45736	619.60966	-1430.89879	-119.95474	960.24260	-1425.18154	-114.94753	774.96369	-1456.30324	-95.24270	678.79845	-1438.34371	-162.71215	689.56955	-1284.41398	-253.34725	446.76477	-1435.93383	52.39919	435.87767	-1293.61720	-260.39485	229.43395	-1519.02472	46.48634	233.59021	
179	1.780	-1307.19915	-190.69271	645.30022	-1350.79582	-60.41025	335.73116	-1414.77557	-13.92463	311.42897	-1613.08540	-20.60337	130.51141	-1596.92665	-89.01110	136.96449	-1618.13651	-60.78636	177.21043	-1273.76813	-123.53349	377.66250	-1297.46673	-187.69932	338.22932	-1342.45975	-221.12505	72.17331	-1376.29689	-159.88249	81.71993	-1395.45240	-207.99111	102.05683	-1312.72460	-172.86761	66.48493	-1581.04912	-53.43524	90.21111	-1285.38886	-94.64340	939.31404	-1352.45780	-22.44331	621.40199	-1421.03485	-117.82431	963.01128	-1414.50345	-113.09746	777.97296	-1445.14385	-94.14631	682.26380	-1427.80310	-161.74337	694.06953	-1280.65526	-257.33340	448.38238	-1419.95645	51.75518	438.51306	-1294.84576	-264.03989	229.49714	-1500.05201	46.32453	237.30353	
180	1.790	-1297.68594	-192.08549	649.41389	-1332.36130	-60.98757	340.50355	-1395.82996	-14.14343	314.79818	-1592.95850	-20.14621	133.29974	-1575.89332	-88.60394	138.48057	-1597.95978	-61.44224	178.81674	-1272.65821	-128.31001	378.65733	-1297.76389	-192.40601	340.10249	-1342.73837	-221.59433	72.93422	-1376.06545	-160.32420	83.22071	-1395.69263	-208.42146	103.09413	-1312.70558	-173.39732	67.10971	-1559.80380	-51.68182	93.02060	-1275.62556	-93.16961	943.12107	-1340.73997	-23.48809	623.86021	-1411.37331	-115.52568	966.22081	-1404.11053	-111.55361	781.37607	-1434.09875	-93.26577	686.12941	-1417.42719	-160.98704	698.68001	-1277.20861	-261.18210	450.13999	-1404.02250	51.25650	441.93872	-1296.41251	-267.51831	229.84021	-1481.20599	46.08967	241.49970	
181	1.800	-1288.35486	-193.52536	653.53976	-1314.14531	-61.45457	346.10581	-1377.06931	-14.26206	318.93000	-1572.03814	-19.89254	135.60875	-1553.83587	-88.31311	139.61414	-1577.15813	-62.40255	179.84277	-1271.76825	-132.75691	379.81232	-1298.21929	-196.82211	342.14852	-1342.88185	-221.81186	73.89064	-1375.59684	-160.47595	84.83167	-1395.81390	-208.49003	104.28607	-1312.47637	-173.71501	67.81040	-1537.32678	-49.92639	95.69043	-1266.12883	-91.56259	947.15551	-1329.12348	-24.54376	626.87492	-1401.89711	-113.14333	969.76287	-1393.99008	-110.32605	785.05030	-1423.16937	-92.56269	690.25110	-1407.21287	-160.40836	703.26620	-1273.97096	-264.78500	451.95265	-1388.13557	50.95985	446.00632	-1298.17289	-270.73655	230.42937	-1462.49311	45.80568	245.98737	
182	1.810	-1279.19081	-194.96633	657.57239	-1296.11530	-61.71834	352.34024	-1358.47362	-14.23422	323.64756	-1550.37703	-19.84692	137.38682	-1530.85936	-88.13898	140.37067	-1555.75583	-63.60639	180.30088	-1270.89790	-136.80625	381.06672	-1298.64569	-200.84489	344.28888	-1342.87719	-221.80790	75.02170	-1374.88587	-160.36516	86.53837	-1395.77888	-208.22509	105.63895	-1312.04236	-173.84876	68.56271	-1513.77482	-48.24438	98.15099	-1256.87477	-89.87759	951.29337	-1317.59804	-25.56697	630.30837	-1392.58450	-110.75938	973.51705	-1384.12847	-109.40170	788.86424	-1412.36298	-91.98436	694.47305	-1397.16424	-159.95793	707.69947	-1270.85079	-268.06906	453.75334	-1372.29160	50.91085	450.54079	-1299.96934	-273.63374	231.22829	-1443.87547	45.50655	250.56099	
183	1.820	-1270.18644	-196.36833	661.41879	-1278.22813	-61.70347	359.00059	-1340.00385	-14.02090	328.75918	-1528.01469	-19.98483	138.60679	-1507.06972	-88.06146	140.77705	-1533.76983	-64.96250	180.22632	-1269.85549	-140.43197	382.36378	-1298.87058	-204.41014	346.45309	-1342.70752	-221.62964	76.30065	-1373.93310	-160.04127	88.32667	-1395.54910	-207.68566	107.15251	-1311.41176	-173.83904	69.34463	-1489.30093	-46.69275	100.34970	-1247.83229	-88.16778	955.40331	-1306.15582	-26.52166	634.00387	-1383.41001	-108.44811	977.35719	-1374.51224	-108.74672	792.68487	-1401.69177	-91.46898	698.63590	-1387.29171	-159.57639	711.86198	-1267.76995	-270.99390	455.49229	-1356.48357	51.13942	455.35353	-1301.63985	-276.17977	232.19620	-1425.27677	45.23570	255.02076	
184	1.830	-1261.34077	-197.69875	665.00069	-1260.43816	-61.36032	365.88636	-1321.60930	-13.59481	334.07277	-1504.97856	-20.25145	139.26589	-1482.56978	-88.03967	140.87488	-1511.21399	-66.35535	179.67033	-1268.47609	-143.63956	383.64823	-1298.74814	-207.48888	348.57793	-1342.35461	-221.33381	77.69261	-1372.74537	-159.56787	90.17749	-1395.08936	-206.95200	108.81456	-1310.59481	-173.73240	70.13457	-1464.04463	-45.30163	102.25249	-1238.96465	-86.48099	959.35337	-1294.79189	-27.38095	637.79601	-1374.34566	-106.27128	981.15776	-1365.12853	-108.31036	796.38423	-1391.17099	-90.95150	702.58482	-1377.60979	-159.19998	715.65060	-1264.66456	-273.54636	457.13381	-1340.70648	51.65620	460.25536	-1303.03087	-278.37036	233.28717	-1406.59141	45.04382	259.19001	
185	1.840	-1252.65657	-198.93294	668.25577	-1242.70508	-60.67061	372.81429	-1303.23581	-12.94407	339.40836	-1481.28554	-20.56452	139.38333	-1457.45540	-88.01415	140.71218	-1488.10224	-67.65408	178.69180	-1266.63622	-146.45413	384.86554	-1298.16877	-210.08143	350.60692	-1341.80514	-220.97801	79.15487	-1371.33823	-159.01243	92.06410	-1394.37493	-206.11239	110.59895	-1309.60569	-173.57477	70.91059	-1438.12476	-44.07000	103.84340	-1230.23133	-84.85706	963.01768	-1283.50412	-28.12782	641.52097	-1365.36219	-104.27475	984.79977	-1355.96461	-108.03001	799.84526	-1380.81634	-90.36957	706.17718	-1368.13387	-158.76610	718.97991	-1261.48492	-275.73347	458.65191	-1324.96167	52.45061	465.06794	-1304.01212	-280.21998	234.45080	-1387.69617	44.98520	262.92833	
186	1.850	-1244.13701	-200.05393	671.13774	-1225.00084	-59.64988	379.62609	-1284.83415	-12.07470	344.60786	-1456.94417	-20.82092	138.99598	-1431.81265	-87.91172	140.33500	-1464.45042	-68.72310	177.34875	-1264.26331	-148.90932	385.96283	-1297.06533	-212.21016	352.49048	-1341.05817	-220.61225	80.63938	-1369.73870	-158.43591	93.95198	-1393.39890	-205.24898	112.46685	-1308.46575	-173.40534	71.65072	-1411.63562	-42.96598	105.12233	-1221.58988	-83.32585	966.28283	-1272.29263	-28.75492	645.02593	-1356.43038	-102.48635	988.17580	-1347.00690	-107.83657	802.96651	-1370.64104	-89.66876	709.28922	-1358.87638	-158.21856	721.78425	-1258.19450	-277.57508	460.02583	-1309.25915	53.49086	469.63287	-1304.49065	-281.75435	235.63404	-1368.46374	45.11292	266.13917	
187	1.860	-1235.78206	-201.05136	673.61572	-1207.31526	-58.34707	386.19217	-1266.36762	-11.01144	349.54122	-1431.95780	-20.90645	138.15303	-1405.71604	-87.65218	139.78020	-1440.27736	-69.43334	175.69093	-1261.33870	-151.03874	386.89112	-1295.41505	-213.91236	354.18676	-1340.13133	-220.27215	82.09674	-1367.98692	-157.88384	95.80107	-1392.17781	-204.42517	114.37057	-1307.20619	-173.25197	72.33425	-1384.64695	-41.93173	106.10175	-1212.99795	-81.90608	969.05324	-1261.15866	-29.26344	648.17697	-1347.52219	-100.91533	991.19390	-1338.23968	-107.65996	805.66543	-1360.65271	-88.80677	711.82139	-1349.84301	-157.51184	724.01885	-1254.76811	-279.09748	461.23671	-1293.61756	54.72599	473.81814	-1304.42122	-283.00346	236.78418	-1348.77687	45.47325	268.77160	
188	1.870	-1227.58521	-201.92014	675.67307	-1189.65985	-56.84118	392.41143	-1247.81829	-9.79696	354.10892	-1406.32886	-20.70776	136.91007	-1379.22870	-87.15652	139.07032	-1415.60565	-69.67329	173.75438	-1257.89390	-152.87102	387.60815	-1293.23721	-215.23408	355.66304	-1339.06375	-219.97519	83.48102	-1366.13584	-157.38077	97.56977	-1390.75352	-203.67726	116.25922	-1305.86907	-173.12875	72.94357	-1357.20779	-40.89219	106.80244	-1204.41494	-80.60503	971.25530	-1250.10315	-29.66137	650.86500	-1338.61186	-99.55314	993.78022	-1329.64355	-107.43389	807.88024	-1350.85062	-87.75616	713.70209	-1341.02939	-156.61404	725.65998	-1251.18945	-280.32863	462.26576	-1278.06168	56.08989	477.52169	-1303.81107	-283.99648	237.85251	-1328.54176	46.09987	270.81673	
189	1.880	-1219.53098	-202.65909	677.30589	-1172.06938	-55.23562	398.20791	-1229.19131	-8.48953	358.24089	-1380.06459	-20.12500	135.32339	-1352.40481	-86.35554	138.21096	-1390.46311	-69.35871	171.55851	-1254.00099	-154.42839	388.08136	-1290.58631	-216.22548	356.89739	-1337.91463	-219.72037	84.75426	-1364.24819	-156.92899	99.21973	-1389.19057	-203.01166	118.08478	-1304.50587	-173.03610	73.46598	-1329.35392	-39.76659	107.24891	-1195.80356	-79.41905	972.83995	-1239.12491	-29.96156	653.00932	-1329.67660	-98.37539	995.88032	-1321.19420	-107.09988	809.57036	-1341.22361	-86.50535	714.88938	-1332.41868	-155.50834	726.70402	-1247.44814	-281.29549	463.09434	-1262.61813	57.50654	480.67243	-1302.71759	-284.75885	238.79810	-1307.69927	47.00889	272.29939	
190	1.890	-1211.59342	-203.26973	678.52126	-1154.60120	-53.65069	403.52492	-1210.51703	-7.15941	361.89241	-1353.18384	-19.08367	133.44481	-1325.29452	-85.19835	137.19068	-1364.88543	-68.44020	169.10585	-1249.75868	-155.72795	388.29020	-1287.54147	-216.93744	357.87986	-1336.75711	-219.49146	85.89014	-1362.39114	-156.51153	100.72050	-1387.56910	-202.40809	119.80777	-1303.17345	-172.96325	73.89513	-1301.11799	-38.48100	107.46466	-1187.13090	-78.33472	973.78361	-1228.21885	-30.17963	654.55886	-1320.69712	-97.34473	997.45922	-1312.86138	-106.61020	810.71559	-1331.74872	-85.05809	715.37087	-1323.98041	-154.19280	727.16569	-1243.53659	-282.02316	463.70539	-1247.31026	58.89600	483.22882	-1301.23883	-285.31174	239.59126	-1286.23303	48.19513	273.26689	
191	1.900	-1203.73596	-203.75553	679.33547	-1137.33201	-52.21489	408.31789	-1191.85077	-5.88428	365.03780	-1325.72509	-17.54424	131.31753	-1297.95173	-83.65960	135.98326	-1338.92085	-66.90796	166.38436	-1245.27572	-156.78441	388.22738	-1284.19304	-217.41929	358.61285	-1335.66875	-219.26287	86.87607	-1360.62921	-156.09879	102.05329	-1385.97428	-201.82779	121.40154	-1301.92810	-172.89249	74.23161	-1272.54163	-36.98050	107.46786	-1178.36915	-77.33053	974.08765	-1217.37426	-30.33222	655.49127	-1311.65786	-96.41433	998.50035	-1304.60837	-105.92966	811.31417	-1322.39107	-83.43132	715.16170	-1315.67068	-152.67893	727.07545	-1239.44685	-282.53534	464.08574	-1232.15345	60.18034	485.17561	-1299.49772	-285.67327	240.21591	-1264.17365	49.63045	273.77634	
192	1.910	-1195.91225	-204.12165	679.77199	-1120.35250	-51.05570	412.54731	-1173.27032	-4.74445	367.66299	-1297.75522	-15.50839	128.97350	-1270.44396	-81.74481	134.55173	-1312.63680	-64.79335	163.37189	-1240.65381	-157.61307	387.89854	-1280.62794	-217.71717	359.11005	-1334.71984	-219.00693	87.71362	-1359.01646	-155.65723	103.21315	-1384.48398	-201.22493	122.85486	-1300.81844	-172.80441	74.48259	-1243.68829	-35.23922	107.26788	-1169.49594	-76.37897	973.77645	-1206.57358	-30.43555	655.81014	-1302.54681	-95.53162	999.00373	-1296.39199	-105.03641	811.38022	-1313.10473	-81.65213	714.30101	-1307.43355	-150.98911	726.47623	-1235.16765	-282.85532	464.22819	-1217.15204	61.28882	486.51914	-1297.62200	-285.86070	240.67040	-1241.59924	51.26411	273.88282	
193	1.920	-1188.06811	-204.37500	679.85945	-1103.76036	-50.29070	416.17281	-1154.87118	-3.81778	369.75827	-1269.37863	-13.02112	126.43233	-1242.86369	-79.49300	132.85366	-1286.12831	-62.16713	160.04216	-1235.97186	-158.23205	387.32038	-1276.91534	-217.87270	359.39399	-1333.96202	-218.70117	88.41721	-1357.58913	-155.15851	104.20948	-1383.15665	-200.55879	124.17255	-1299.87842	-172.68290	74.66048	-1214.65568	-33.26701	106.86307	-1160.49419	-75.44862	972.89438	-1195.79181	-30.50441	655.54106	-1293.35529	-94.64200	998.98345	-1288.16315	-103.92188	810.94067	-1303.83462	-79.75407	712.84744	-1299.20369	-149.15356	725.42002	-1230.68184	-283.00703	464.13300	-1202.29836	62.16181	487.28171	-1295.72277	-285.89272	240.96640	-1218.63258	53.02529	273.62983	
194	1.930	-1180.14408	-204.52442	679.62952	-1087.65227	-50.01950	419.14968	-1136.76020	-3.17496	371.31244	-1240.74590	-10.16856	123.70202	-1215.33958	-76.97630	130.84702	-1259.52704	-59.13464	156.37156	-1231.27314	-158.66327	386.51722	-1273.09465	-217.92182	359.49213	-1333.41871	-218.33415	89.01149	-1356.35982	-154.58708	105.06482	-1382.02111	-199.80430	125.37436	-1299.12165	-172.51933	74.78077	-1185.58645	-31.11173	106.24018	-1151.35182	-74.50638	971.50210	-1184.99690	-30.55153	654.72693	-1284.07738	-93.69234	998.46501	-1279.86788	-102.59010	810.03214	-1294.51934	-77.77352	710.87404	-1290.90971	-147.20720	723.96428	-1225.96463	-283.01563	463.80804	-1187.57418	62.75341	487.49578	-1293.87496	-285.79100	241.12608	-1195.43586	54.82741	273.04369	
195	1.940	-1172.07838	-204.58091	679.11474	-1072.11594	-50.31702	421.42853	-1119.04801	-2.87497	372.30950	-1212.06099	-7.07163	120.78133	-1188.04573	-74.29598	128.49604	-1233.00929	-55.82849	152.34589	-1226.55688	-158.93222	385.51663	-1269.16730	-217.89367	359.43223	-1333.07915	-217.90889	89.52786	-1355.31382	-153.94504	105.81226	-1381.06992	-198.95891	126.49257	-1298.53779	-172.31482	74.85951	-1156.67572	-28.85651	105.37578	-1142.06112	-73.51946	969.67246	-1174.15114	-30.58709	653.42342	-1274.70935	-92.63399	997.48254	-1271.44888	-101.05653	808.69812	-1285.09469	-75.74668	708.46336	-1282.47808	-145.18698	722.16880	-1220.98282	-282.90732	463.26780	-1172.95425	63.03267	487.19866	-1292.10260	-285.58063	241.17789	-1172.20389	56.57382	272.13222	
196	1.950	-1163.80975	-204.55750	678.34653	-1057.22306	-51.22838	422.95829	-1101.84139	-2.96082	372.72863	-1183.58531	-3.87625	117.66339	-1161.20686	-71.57520	125.77658	-1206.80114	-52.39915	147.96617	-1221.77506	-159.06651	384.34464	-1265.09339	-217.80951	359.23756	-1332.89666	-217.44333	90.00072	-1354.40808	-153.25331	106.49191	-1380.25675	-198.04472	127.56845	-1298.09172	-172.08054	74.91069	-1128.17402	-26.61215	104.23948	-1132.61807	-72.45726	967.48640	-1163.21369	-30.61843	651.69484	-1265.24911	-91.42537	996.07638	-1262.84736	-99.34675	806.98656	-1275.49752	-73.70748	705.70305	-1273.83712	-143.13004	720.09315	-1215.69505	-282.70851	462.53126	-1158.41135	62.98398	486.42836	-1290.37148	-285.28934	241.15172	-1149.15675	58.16473	270.88774	
197	1.960	-1155.28022	-204.46867	677.35341	-1043.02412	-52.76532	423.69236	-1085.23624	-3.45559	372.54757	-1155.63705	-0.74075	114.34021	-1135.09762	-68.94846	122.68057	-1181.17851	-49.00416	143.25290	-1216.83490	-159.09372	383.02141	-1260.79372	-217.68199	358.92273	-1332.79113	-216.96780	90.46397	-1353.57267	-152.54899	107.14688	-1379.49814	-197.10545	128.64842	-1297.72542	-171.83593	74.94390	-1100.38425	-24.50494	102.79901	-1123.02165	-71.29294	965.02910	-1152.14395	-30.64959	649.61100	-1255.69564	-90.03398	994.29109	-1254.00527	-97.49497	804.94812	-1265.66989	-71.68669	702.68249	-1264.92091	-141.07271	717.79485	-1210.05299	-282.44431	461.61908	-1143.92236	62.60707	485.22138	-1288.59007	-284.94543	241.07429	-1126.53223	59.50498	269.29345	
198	1.970	-1146.43732	-204.32937	676.15973	-1029.54561	-54.90399	423.59698	-1069.31240	-4.35879	371.74899	-1128.58389	2.17867	110.80756	-1110.03452	-66.54852	119.21942	-1156.46049	-45.79622	138.24846	-1211.60669	-159.03883	381.55811	-1256.15682	-217.51469	358.49091	-1332.65511	-216.52009	90.94818	-1352.71451	-151.87953	107.81926	-1378.67884	-196.19908	129.77986	-1297.36227	-171.60525	74.96282	-1073.65184	-22.66125	101.02642	-1113.27333	-70.00477	962.38668	-1140.90582	-30.68092	647.24524	-1246.04867	-88.43793	992.17399	-1244.86774	-95.54266	802.63519	-1255.56298	-69.71230	699.49049	-1255.67272	-139.05059	715.32849	-1204.00334	-282.13653	460.55070	-1129.47458	61.91717	483.61275	-1286.61850	-284.57510	240.96542	-1104.57839	60.51258	267.33185	
199	1.980	-1137.23604	-204.15349	674.78496	-1016.79010	-57.58385	422.66059	-1054.13089	-5.64324	370.32872	-1102.82783	4.74327	107.06981	-1086.36017	-64.49187	115.42626	-1132.99498	-42.91071	133.01749	-1205.93600	-158.92175	379.95548	-1251.04982	-217.30244	357.93286	-1332.36227	-216.13902	91.47861	-1351.72258	-151.29470	108.54657	-1377.65984	-195.38756	131.00731	-1296.91295	-171.41326	74.96443	-1048.34753	-21.19058	98.90503	-1103.37659	-68.57721	959.64344	-1129.47215	-30.70842	644.67336	-1236.30847	-86.62694	989.77440	-1235.38564	-93.53709	800.10152	-1245.14076	-67.81073	696.21407	-1246.04795	-137.09916	712.74559	-1197.49024	-281.80165	459.34176	-1115.07178	60.94567	481.63823	-1284.28388	-284.19941	240.83577	-1083.54537	61.12767	264.99369	
200	1.990	-1127.64033	-203.95215	673.24376	-1004.73901	-60.70760	420.90249	-1039.73399	-7.25281	368.30429	-1078.78182	6.84701	103.14453	-1064.42038	-62.86401	111.35691	-1111.13688	-40.45305	127.64558	-1199.65879	-158.75541	378.20439	-1245.33176	-217.03225	357.22808	-1331.77690	-215.85760	92.07424	-1350.47415	-150.83789	109.35891	-1376.28786	-194.72552	132.36899	-1296.28209	-171.28065	74.93949	-1024.84367	-20.16909	96.43604	-1093.33684	-67.00173	956.87990	-1117.82913	-30.72325	641.97350	-1226.47591	-84.60304	987.14340	-1225.51831	-91.52997	797.40239	-1234.38296	-66.00857	692.93809	-1236.01627	-135.25469	710.09524	-1190.45807	-281.44891	458.00223	-1100.73949	59.74128	479.33846	-1281.39934	-283.83159	240.68625	-1063.67604	61.32146	262.28610	
201	2.000	-1117.62441	-203.73188	671.54685	-993.35776	-64.14210	418.37958	-1026.14793	-9.10145	365.72222	-1056.83915	8.43000	99.06626	-1044.53631	-61.70663	107.08973	-1091.22028	-38.48684	122.23644	-1192.61744	-158.54471	376.28836	-1238.86732	-216.68500	356.34785	-1330.76317	-215.69705	92.74762	-1348.84115	-150.53832	110.27711	-1374.40507	-194.25004	133.89419	-1295.37461	-171.22020	74.87398	-1003.48559	-19.62623	93.64398	-1083.16142	-65.27739	954.17140	-1105.97987	-30.71123	639.22630	-1216.55266	-82.38076	984.33412	-1215.23614	-89.57590	794.59525	-1223.28715	-64.33421	689.74537	-1225.56306	-133.55499	707.42510	-1182.85418	-281.07909	456.53582	-1086.52903	58.37128	476.76386	-1277.78384	-283.47511	240.50920	-1045.19478	61.10422	259.23860	
202	2.010	-1107.17388	-203.49300	669.70261	-982.60244	-67.72087	415.18942	-1013.38759	-11.07419	362.66234	-1037.33839	9.48850	94.88916	-1026.97467	-61.00860	102.72397	-1073.52779	-37.02406	116.90794	-1184.67562	-158.28655	374.18776	-1231.53949	-216.23788	355.25993	-1329.19305	-215.66263	93.50563	-1346.69638	-150.40544	111.31205	-1371.85801	-193.97334	135.60143	-1294.10105	-171.23425	74.75165	-984.56108	-19.53663	90.57981	-1072.85988	-63.41109	951.58735	-1093.94690	-30.65277	636.51498	-1206.54153	-79.98694	981.40222	-1204.52306	-87.73068	791.74033	-1211.86980	-62.81884	686.71686	-1214.69005	-132.03934	704.78254	-1174.63189	-280.68419	454.94077	-1072.51957	56.92225	473.97927	-1273.27984	-283.12311	240.29094	-1028.29423	60.53092	255.90650	
203	2.020	-1096.28674	-203.22853	667.71943	-972.42729	-71.24887	411.46906	-1001.46205	-13.03076	359.23808	-1020.52817	10.07954	90.68774	-1011.92011	-60.70263	98.37638	-1058.26095	-36.01908	111.78705	-1175.73042	-157.97095	371.88496	-1223.25944	-215.66716	353.93415	-1326.95229	-215.74199	94.35087	-1343.91908	-150.42645	112.46511	-1368.50535	-193.87954	137.49780	-1292.38106	-171.31395	74.55741	-968.27180	-19.81907	87.32092	-1062.44430	-61.41751	949.19075	-1081.77280	-30.52318	633.92489	-1196.44696	-77.46019	978.40656	-1193.37845	-86.04925	788.90111	-1200.16592	-61.49631	683.93139	-1203.41524	-130.74752	702.21555	-1165.75323	-280.24817	453.21212	-1058.81758	55.49915	471.06699	-1267.76632	-282.75911	240.01551	-1013.12095	59.70295	252.37104	
204	2.030	-1084.97430	-202.92378	665.60845	-962.79176	-74.51036	407.38882	-990.37984	-14.81226	355.59218	-1006.53720	10.31830	86.55482	-999.45396	-60.66932	94.17577	-1045.51667	-35.36843	107.00359	-1165.72029	-157.58312	369.37002	-1213.97293	-214.95112	352.34841	-1323.94435	-215.90635	95.28370	-1340.39971	-150.56737	113.72990	-1364.22414	-193.92600	139.57952	-1290.14509	-171.44042	74.28128	-954.71090	-20.34350	83.96728	-1051.92971	-59.31864	947.03809	-1069.51891	-30.29360	631.54207	-1186.27545	-74.84971	975.40952	-1181.81866	-84.58328	786.14434	-1188.22745	-60.40150	681.46465	-1191.77205	-129.71751	699.77324	-1156.19152	-279.74881	451.34543	-1045.55295	54.22206	468.12706	-1261.16618	-282.35922	239.66894	-999.76187	58.76432	248.73621	
205	2.040	-1073.26167	-202.55670	663.38649	-953.66648	-77.28066	403.14149	-980.15284	-16.25122	351.88784	-995.35536	10.36727	82.59613	-989.54299	-60.74875	90.25527	-1035.27383	-34.91820	102.68252	-1154.62832	-157.10589	366.64595	-1203.66267	-214.07267	350.49417	-1320.09235	-216.11424	96.30472	-1336.04406	-150.77737	115.09494	-1358.91484	-194.04887	141.83361	-1287.33389	-171.58770	73.92252	-943.85064	-20.94568	80.63388	-1041.33437	-57.14302	945.17914	-1057.26191	-29.93249	629.45069	-1176.03595	-72.21354	972.47699	-1169.87744	-83.37839	783.53929	-1176.12019	-59.56735	679.38733	-1179.80783	-128.98209	697.50553	-1145.93333	-279.16035	449.34135	-1032.87160	53.21980	465.27405	-1253.44747	-281.89531	239.24380	-988.23422	57.89148	245.12198	
206	2.050	-1061.18797	-202.09932	661.07871	-945.03726	-79.34194	398.92759	-970.79802	-17.18462	348.29616	-986.83055	10.41747	78.92151	-982.04073	-60.75917	86.74247	-1027.39347	-34.47970	98.93488	-1142.48078	-156.52221	363.73306	-1192.34675	-213.02126	348.38088	-1315.33955	-216.31708	97.41748	-1330.77646	-150.99550	116.54706	-1352.50527	-194.17167	144.24078	-1283.89639	-171.72685	73.49351	-935.54292	-21.44755	77.44028	-1030.67994	-54.92444	943.65673	-1045.08860	-29.40779	627.72940	-1165.74019	-69.61620	969.67758	-1157.60556	-82.47107	781.15618	-1163.91966	-59.02073	677.76218	-1167.58174	-128.56473	695.46215	-1134.97961	-278.45647	447.21041	-1020.92462	52.62038	462.63039	-1244.61958	-281.33868	238.74322	-978.48209	57.27685	241.65441	
207	2.060	-1048.80568	-201.51986	658.72062	-936.90671	-80.50227	394.93846	-962.33682	-17.46898	344.98142	-980.68379	10.66351	75.63352	-976.70140	-60.52048	83.74824	-1021.63337	-33.85295	95.84785	-1129.34174	-155.81702	360.67172	-1180.07397	-211.79382	346.03875	-1309.64870	-216.46575	98.63111	-1324.54213	-151.15872	118.07510	-1344.95368	-194.21549	146.77895	-1279.78629	-171.83065	73.02260	-929.53343	-21.68053	74.49862	-1019.99132	-52.70036	942.50637	-1033.08917	-28.68935	626.44682	-1155.40274	-67.12556	967.08112	-1145.06914	-81.88563	779.06372	-1151.70610	-58.77766	676.64064	-1155.16203	-128.47522	693.69089	-1123.34596	-277.61319	444.97725	-1009.85478	52.53898	460.31660	-1234.72565	-280.66372	238.18413	-970.38215	57.10743	238.45335	
208	2.070	-1036.17933	-200.78565	656.35897	-929.29310	-80.61618	391.33922	-954.79213	-16.99600	342.08600	-976.54145	11.27611	72.81534	-973.20495	-59.87932	81.35573	-1017.67539	-32.85522	93.47536	-1115.30458	-154.97835	357.52326	-1166.91673	-210.39458	343.51945	-1303.00062	-216.51692	99.96218	-1317.30838	-151.20989	119.67315	-1336.25085	-194.10893	149.42705	-1274.95792	-171.87800	72.55558	-925.48791	-21.50788	71.90229	-1009.29632	-50.51003	941.75554	-1021.34992	-27.75161	625.65678	-1145.04101	-64.80914	964.75630	-1132.34695	-81.63139	777.32585	-1139.55909	-58.83890	676.05908	-1142.62292	-128.70583	692.23533	-1111.06181	-276.61122	442.68334	-999.78190	53.06476	458.43984	-1223.83322	-279.85085	237.59916	-963.75927	57.54132	235.61967	
209	2.080	-1023.38325	-199.86635	654.05132	-922.22676	-79.60408	388.25412	-948.18340	-15.70650	339.71724	-973.97969	12.37616	70.52039	-971.18904	-58.73188	79.61136	-1015.16110	-31.35035	91.83105	-1100.48180	-153.99734	354.36867	-1152.96271	-208.83390	340.89452	-1295.39218	-216.43815	101.43539	-1309.06456	-151.10440	121.34273	-1326.42063	-193.79634	152.16824	-1269.36221	-171.85702	72.15490	-923.02655	-20.84277	69.71718	-998.62489	-48.39235	941.42288	-1009.94618	-26.57616	625.39374	-1134.67491	-62.72992	962.76759	-1119.52660	-81.70060	775.99796	-1127.55238	-59.18648	676.03557	-1130.04112	-129.22886	691.13229	-1098.16870	-275.43748	440.38759	-990.78909	54.24867	457.08248	-1212.02442	-278.88840	237.03675	-958.41037	58.68548	233.22431	
210	2.090	-1010.49844	-198.73723	651.86389	-915.74431	-77.46686	385.75670	-942.52081	-13.60052	337.93824	-972.57288	14.01527	68.76619	-970.28297	-57.04045	78.51971	-1013.72938	-29.27352	90.88553	-1084.99442	-152.86751	351.30511	-1138.30631	-207.12642	338.25163	-1286.83365	-216.21104	103.08236	-1299.82036	-150.81453	123.09329	-1315.51855	-193.24305	154.99178	-1262.94341	-171.76653	71.89640	-921.76109	-19.65931	67.97691	-988.00810	-46.38375	941.51726	-998.93641	-25.15386	625.66931	-1124.32640	-60.94208	961.17167	-1106.70006	-82.06740	775.12303	-1115.74957	-59.78217	676.56765	-1117.49240	-129.99612	690.40936	-1084.71793	-274.08570	438.16441	-982.91198	56.09445	456.29264	-1199.38720	-277.77333	236.55934	-954.13198	60.57867	231.30158	
211	2.100	-997.60888	-197.38208	649.86798	-909.88147	-74.29268	383.86644	-937.79906	-10.74165	336.76418	-971.93720	16.16595	67.53385	-970.13825	-54.84107	78.04348	-1013.04950	-26.64652	90.56919	-1068.96194	-151.58383	348.44038	-1123.04099	-205.28882	335.68883	-1277.34552	-215.83189	104.93827	-1289.60258	-150.33093	124.94050	-1303.62758	-192.43712	157.89306	-1255.63734	-171.61533	71.86340	-921.32870	-17.99517	66.68268	-977.47688	-44.51615	942.03689	-988.35823	-23.48629	626.47034	-1114.01872	-59.48683	960.01372	-1093.95875	-82.68825	774.72807	-1104.20087	-60.56849	677.63148	-1105.04818	-130.94087	690.08289	-1070.76795	-272.55643	436.09944	-976.13268	58.55476	456.07843	-1186.00840	-276.51063	236.23942	-950.74549	63.18261	229.84815	
212	2.110	-984.79741	-195.79517	648.13497	-904.66526	-70.25337	382.55268	-933.99176	-7.25401	336.16469	-971.76181	18.72365	66.77341	-970.45178	-52.24060	78.10899	-1012.84459	-23.57991	90.78065	-1052.49410	-150.14188	345.88587	-1107.25323	-203.33794	333.30753	-1266.95478	-215.30988	107.03651	-1278.45028	-149.66109	126.90249	-1290.85109	-191.38742	160.87135	-1247.37167	-171.41954	72.13852	-921.41769	-15.94577	65.80730	-967.06059	-42.81527	942.96861	-978.22689	-21.58621	627.75908	-1103.77554	-58.38897	959.32412	-1081.38875	-83.50393	774.82148	-1092.94155	-61.47226	679.18278	-1092.77265	-131.98220	690.15642	-1056.38203	-270.85649	434.28324	-970.37965	61.53378	456.40712	-1171.96864	-275.11180	236.15370	-948.11415	66.38327	228.82791	
213	2.120	-972.14157	-193.98227	646.73051	-900.10676	-65.58953	381.74478	-931.04720	-3.31191	336.07189	-971.82373	21.52011	66.41361	-970.97938	-49.40363	78.61616	-1012.90312	-20.26136	91.39968	-1035.68485	-148.53794	343.74861	-1091.01857	-201.28942	331.20496	-1255.69097	-214.66337	109.40188	-1266.40888	-148.82544	128.99451	-1277.30301	-190.11893	163.92567	-1238.06857	-171.19845	72.79412	-921.78252	-13.65114	65.30225	-956.78543	-41.29934	944.28753	-968.53636	-19.47700	629.47541	-1093.61985	-57.65452	959.11567	-1069.06656	-84.44316	775.39154	-1081.99189	-62.41066	681.15940	-1080.72048	-133.03155	690.62000	-1041.62625	-268.99841	432.80400	-965.53356	64.89620	457.20932	-1157.33933	-273.59268	236.37581	-946.14824	70.00264	228.18125	
214	2.130	-959.70977	-191.96014	645.70856	-896.19496	-60.58561	381.34659	-928.88614	0.87705	336.39217	-971.98680	24.34610	66.37384	-971.53966	-46.53111	79.45135	-1013.07872	-16.93148	92.30206	-1018.60904	-146.77007	342.12347	-1074.39987	-199.15722	329.46693	-1243.58217	-213.91485	112.04349	-1253.52381	-147.85167	131.22279	-1263.09633	-188.66614	167.04954	-1227.64949	-170.96977	73.88258	-922.24759	-11.27755	65.10616	-946.67304	-39.97841	945.95705	-959.26272	-17.19111	631.54103	-1083.57283	-57.26968	959.38215	-1057.05576	-85.42752	776.40648	-1071.35867	-63.29900	683.48511	-1068.93524	-134.00057	691.45019	-1026.56806	-266.99978	431.74002	-961.43869	68.48142	458.38753	-1142.18115	-271.97105	236.96833	-944.79821	73.81934	227.83636	
215	2.140	-947.55816	-189.75496	645.10603	-892.89279	-55.53823	381.25213	-927.40244	5.09340	337.01974	-972.18772	26.97988	66.57542	-972.01001	-43.83399	80.50066	-1013.28102	-13.85123	93.37372	-1001.32167	-144.84001	341.08645	-1057.44748	-196.95408	328.16192	-1230.65156	-213.08569	114.94867	-1239.83454	-146.76865	133.57906	-1248.33125	-187.06602	170.22572	-1216.04154	-170.74500	75.42797	-922.70169	-8.99646	65.15310	-936.73919	-38.85432	947.92951	-950.36923	-14.76756	633.86513	-1073.65265	-57.20156	960.09798	-1045.40486	-86.37721	777.81600	-1061.03774	-64.05901	686.07425	-1057.44872	-134.80929	692.61078	-1011.27507	-264.88286	431.15311	-957.91816	72.12071	459.82759	-1126.54364	-270.26453	237.97530	-944.03885	77.59515	227.72016	
216	2.150	-935.72836	-187.39960	644.93861	-890.13580	-50.72252	381.35948	-926.46688	9.12880	337.84933	-972.41459	29.21707	66.95022	-972.31744	-41.50575	81.66151	-1013.46140	-11.26580	94.52155	-983.85938	-142.75565	340.68992	-1040.20083	-194.69255	327.33701	-1216.91473	-212.19151	118.07912	-1225.37003	-145.60087	136.03683	-1233.08500	-185.35188	173.42219	-1203.18446	-170.52583	77.42067	-923.08601	-6.96352	65.37953	-926.99278	-37.92125	950.14732	-941.81224	-12.24901	636.35075	-1063.87337	-57.40048	961.21950	-1034.14641	-87.21704	779.55420	-1051.01728	-64.62674	688.83658	-1046.28100	-135.39352	694.05425	-995.81384	-262.67420	431.08368	-954.79119	75.65476	461.41112	-1110.46553	-268.48884	239.41610	-943.84938	81.10341	227.76693	
217	2.160	-924.24647	-184.93040	645.19858	-887.83395	-46.36190	381.58078	-925.93410	12.80739	338.78635	-972.68308	30.89770	67.44526	-972.42707	-39.69771	82.85098	-1013.59737	-9.37060	95.67945	-966.24360	-140.53303	340.96040	-1022.69067	-192.38623	327.01620	-1202.37830	-211.23895	121.37023	-1210.14617	-144.36438	138.55039	-1217.40493	-183.54915	176.59035	-1189.03702	-170.30204	79.81580	-923.37919	-5.30048	65.72895	-917.43516	-37.16682	952.54459	-933.54713	-9.67854	638.90125	-1054.24398	-57.80386	962.68744	-1023.29734	-87.88195	781.54363	-1041.28114	-64.95860	691.68183	-1035.44124	-135.71036	695.72360	-980.24831	-260.40408	431.54805	-951.88989	78.94895	463.02726	-1093.97533	-266.65691	241.28184	-944.19474	84.15529	227.92363	
218	2.170	-913.12320	-182.38381	645.85467	-885.87648	-42.60623	381.84726	-925.65182	16.00246	339.75318	-973.01486	31.92656	68.02325	-972.33093	-38.50079	84.01004	-1013.67898	-8.28461	96.80909	-948.48470	-138.19752	341.89891	-1004.94140	-190.05082	327.20091	-1187.04001	-210.22413	124.73383	-1194.16600	-143.06468	141.05687	-1201.30614	-181.67337	179.66602	-1173.58173	-170.05093	82.53615	-923.58230	-4.08221	66.15435	-908.06003	-36.57365	955.04941	-925.53324	-7.09671	641.42616	-1044.76770	-58.34118	964.43055	-1012.86030	-88.32156	783.69997	-1031.81194	-65.03506	694.52356	-1024.92908	-135.74128	697.55465	-964.63754	-258.10552	432.53816	-949.07324	81.90443	464.58213	-1077.09230	-264.77845	243.53459	-945.01201	86.62023	228.15182	
219	2.180	-902.35511	-179.79351	646.85404	-884.13961	-39.52152	382.10972	-925.47112	18.64624	340.69182	-973.42163	32.28390	68.66008	-972.03850	-37.93610	85.10371	-1013.69891	-8.03508	97.89630	-930.58645	-135.78325	343.48367	-986.97303	-187.70451	327.87266	-1170.89037	-209.13309	128.06435	-1177.42237	-141.69671	143.48135	-1184.77390	-179.73061	182.57318	-1156.82717	-169.73853	85.47915	-923.70614	-3.33043	66.61863	-898.85361	-36.12114	957.58634	-917.73733	-4.53914	643.84594	-1035.44154	-58.93953	966.37000	-1002.82567	-88.50320	785.93697	-1022.59339	-64.86130	697.28230	-1014.73639	-135.49242	699.47862	-949.03284	-255.81271	434.02359	-946.23648	84.46394	466.00501	-1059.82763	-262.86019	246.10983	-946.20431	88.43784	228.42679	
220	2.190	-891.92692	-177.18830	648.12616	-882.49614	-37.09213	382.33571	-925.25610	20.73159	341.56321	-973.89613	32.02532	69.34046	-971.56976	-37.95535	86.11803	-1013.64722	-8.55582	98.94445	-912.55048	-133.33096	345.67450	-968.80259	-185.36753	328.99720	-1153.91559	-207.94364	131.24731	-1159.90271	-140.24647	145.74396	-1167.77030	-177.71945	185.22989	-1138.80754	-169.32208	88.52708	-923.76222	-3.01467	67.09355	-889.79532	-35.78729	960.07931	-910.13528	-2.03492	646.09535	-1026.25615	-59.52931	968.42407	-993.17395	-88.41338	788.17115	-1013.61175	-64.46515	699.88784	-1004.84913	-134.99217	701.42487	-933.47463	-253.55880	435.95547	-943.31444	86.61224	467.25101	-1042.18590	-260.90638	248.92176	-947.64240	89.62010	228.73453	
221	2.200	-881.81431	-174.59108	649.58803	-880.82577	-35.23406	382.50511	-924.89188	22.30607	342.34443	-974.41034	31.27098	70.05329	-970.95067	-38.45076	87.05492	-1013.51020	-9.69897	99.96670	-894.38019	-130.88431	348.41821	-950.44531	-183.06090	330.52949	-1136.10158	-206.62844	134.16947	-1141.59469	-138.69384	147.76792	-1150.24381	-175.63370	187.55554	-1119.57975	-168.75384	91.55889	-923.75762	-3.05997	67.55810	-880.85885	-35.55044	962.45459	-902.71175	0.39418	648.12539	-1017.19606	-60.04925	970.51275	-983.87827	-88.05743	790.32605	-1004.85624	-63.89260	702.28075	-995.24931	-134.28672	703.32364	-917.98990	-251.37332	438.27172	-940.27901	88.37162	468.30023	-1024.16711	-258.91942	251.87092	-949.17325	90.24412	229.06772	
222	2.210	-871.98715	-172.01890	651.15015	-879.02490	-33.81609	382.60549	-924.28991	23.45965	343.02495	-974.91971	30.18646	70.78789	-970.21051	-39.27236	87.92612	-1013.27234	-11.25799	100.97871	-876.08412	-128.48536	351.65416	-931.91574	-180.80454	332.41900	-1117.43834	-205.15864	136.72894	-1122.49179	-137.01569	149.48707	-1132.13990	-173.46499	189.47824	-1099.21859	-167.98563	94.46205	-923.69354	-3.35990	67.99672	-872.01343	-35.39079	964.64371	-895.45843	2.73345	649.90381	-1008.24017	-60.45047	972.56194	-974.90665	-87.45779	792.33557	-996.31848	-63.20172	704.41340	-985.91663	-133.43414	705.10874	-902.59084	-249.27954	440.90298	-937.13160	89.79392	469.15419	-1005.76940	-256.90047	254.85322	-950.63365	90.43691	229.42164	
223	2.220	-862.41252	-169.48394	652.72272	-877.01450	-32.68446	382.62858	-923.39074	24.30854	343.60280	-975.37137	28.95846	71.53171	-969.38026	-40.24970	88.74754	-1012.91995	-12.99764	101.99309	-857.67875	-126.17000	355.31950	-913.22921	-178.61509	334.61441	-1097.92413	-203.50752	138.84423	-1102.59755	-135.18902	150.85173	-1113.41100	-171.20463	190.94110	-1077.81090	-166.97371	97.14263	-923.56650	-3.79241	68.39786	-863.22527	-35.29144	966.58612	-888.37097	4.97438	651.41441	-999.36244	-60.69925	974.50680	-966.22391	-86.65093	794.14639	-987.99116	-62.45586	706.25046	-976.82974	-132.49792	706.72008	-887.27565	-247.29244	443.77835	-933.89245	90.95025	469.83047	-986.99232	-254.84988	257.76946	-951.86666	90.35514	229.79078	
224	2.230	-853.05739	-166.99517	654.22132	-874.74516	-31.68686	382.56799	-922.16422	24.97784	344.08146	-975.71398	27.76951	72.26967	-968.49150	-41.21450	89.53463	-1012.44496	-14.68571	103.01614	-839.19050	-123.96414	359.35329	-894.40390	-176.50377	337.06741	-1077.56863	-201.65369	140.46067	-1081.92779	-133.19345	151.83203	-1094.02420	-168.84450	191.90658	-1055.44961	-165.68344	99.53242	-923.37119	-4.23635	68.75307	-854.45907	-35.23921	968.23147	-881.44540	7.11314	652.65540	-990.53286	-60.77822	976.29424	-957.79311	-85.68359	795.71936	-979.86628	-61.71697	707.76898	-967.96716	-131.54069	708.10572	-872.03189	-245.41753	446.83025	-930.58917	91.92014	470.35656	-967.84043	-252.76742	260.53398	-952.73832	90.16287	230.16680	
225	2.240	-843.89055	-164.56027	655.57182	-872.19864	-30.69214	382.41844	-920.60765	25.58560	344.46765	-975.90679	26.77573	72.98505	-967.57513	-42.02064	90.29938	-1011.84779	-16.12161	104.04692	-820.65727	-121.88122	363.69919	-875.46339	-174.47480	339.73486	-1056.39471	-199.58350	141.55354	-1060.51073	-131.01325	152.41828	-1073.96585	-166.37740	192.35798	-1032.22848	-164.09286	101.59208	-923.10359	-4.58594	69.05662	-845.67946	-35.22492	969.54125	-874.67445	9.14893	653.63717	-981.71851	-60.68614	977.88433	-949.57665	-84.60857	797.02989	-971.93310	-61.03984	708.95810	-959.30749	-130.61887	709.22362	-856.84218	-243.65097	449.99767	-927.24638	92.78162	470.76402	-948.32655	-250.65226	263.08136	-953.15209	90.01079	230.53812	
226	2.250	-834.88362	-162.18733	656.71397	-869.38578	-29.60348	382.17598	-918.74211	26.23021	344.77016	-975.92636	26.09044	73.66113	-966.65985	-42.55900	91.04895	-1011.13858	-17.15761	105.07826	-802.12923	-119.92142	368.30637	-856.43963	-172.52419	342.57938	-1034.43825	-197.29237	142.12727	-1038.38544	-128.63864	152.61853	-1053.24283	-163.79720	192.29821	-1008.23821	-162.19467	103.31018	-922.76376	-4.76160	69.30545	-836.85226	-35.24337	970.48982	-868.04444	11.08228	654.37967	-972.88472	-60.43635	979.25072	-941.53683	-83.48058	798.06741	-964.17640	-60.46770	709.81827	-950.82932	-129.77860	710.04264	-841.69168	-241.98073	453.22735	-923.87827	93.60325	471.08360	-928.47427	-248.50279	265.37018	-953.05856	90.01952	230.89098	
227	2.260	-826.01124	-159.88612	657.60358	-866.34131	-28.36433	381.83866	-916.60744	26.98241	344.99931	-975.76966	25.77573	74.28337	-965.77042	-42.76556	91.78568	-1010.33654	-17.71042	106.09910	-783.66900	-118.07227	373.12865	-837.37581	-170.63945	345.56804	-1011.74652	-194.78524	142.21110	-1015.59938	-126.06677	152.45397	-1031.88100	-161.09949	191.74588	-983.56425	-159.99631	104.69852	-922.35739	-4.71596	69.49924	-827.94559	-35.29305	971.06461	-861.53300	12.91381	654.90960	-963.99620	-60.05437	980.38010	-933.63618	-82.35249	798.83403	-956.57498	-60.02956	710.35999	-942.51056	-129.05314	710.54291	-826.57598	-240.38866	456.47273	-920.48460	94.43883	471.34185	-908.31925	-246.31630	267.38318	-952.45884	90.26909	231.21159	
228	2.270	-817.25029	-157.66853	658.21323	-863.11598	-26.95749	381.40737	-914.25574	27.88221	345.16691	-975.45355	25.84198	74.84136	-964.92591	-42.62241	92.50824	-1009.46767	-17.76253	107.09740	-765.35119	-116.31034	378.12168	-818.32861	-168.79977	348.66964	-988.37542	-192.07604	141.85179	-992.20632	-123.30246	151.95290	-1009.92188	-158.28300	190.72962	-958.28652	-157.51802	105.78474	-921.89607	-4.43485	69.64043	-818.93071	-35.37558	971.26569	-855.10797	14.64342	655.25776	-955.01830	-59.57473	981.27084	-925.83759	-81.27226	799.34261	-949.10091	-59.73933	710.60204	-934.32757	-128.46197	710.71556	-811.50784	-238.85273	459.69109	-917.05013	95.32504	471.55920	-887.90874	-244.08876	269.12362	-951.40100	90.79525	231.48872	
229	2.280	-808.57856	-155.54815	658.53153	-859.76722	-25.39883	380.88628	-911.74410	28.94017	345.28609	-975.01090	26.25446	75.33034	-964.13829	-42.15262	93.21328	-1008.56136	-17.35467	108.06310	-747.26114	-114.60346	383.23880	-799.36939	-166.97688	351.85072	-964.38667	-189.18655	141.10470	-968.26550	-120.35869	151.14427	-987.41897	-155.35181	189.28152	-932.48122	-154.78939	106.60325	-921.39629	-3.93394	69.73402	-809.78270	-35.49506	971.10454	-848.72747	16.27012	655.45648	-945.91811	-59.03772	981.93106	-918.10424	-80.28063	799.61421	-941.71933	-59.59654	710.56914	-926.25407	-128.01116	710.56165	-796.52111	-237.34910	462.83935	-913.54665	96.28156	471.74946	-867.29953	-241.81458	270.60844	-949.97011	91.59226	231.71611	
230	2.290	-799.97295	-153.53904	658.56110	-856.34930	-23.72780	380.28277	-909.12655	30.14204	345.37102	-974.48461	26.94495	75.75216	-963.41149	-41.41071	93.89732	-1007.64640	-16.57161	108.99063	-729.49289	-112.91270	388.42583	-780.58373	-165.13624	355.07117	-939.84588	-186.14485	140.02448	-943.84298	-117.25700	150.05180	-964.43486	-152.31820	187.43077	-906.22439	-151.84504	107.18618	-920.87744	-3.25192	69.78720	-800.48090	-35.65741	970.60239	-842.34116	17.79249	655.53733	-936.66565	-58.48623	982.37614	-910.39952	-79.40975	799.67537	-934.38903	-59.58842	710.28942	-918.26015	-127.69497	710.09060	-781.67058	-235.85332	465.86975	-909.93650	97.31310	471.92018	-846.55449	-239.48664	271.85939	-948.27351	92.62066	231.89415	
231	2.300	-791.40767	-151.65389	658.31567	-852.90382	-21.99655	379.60676	-906.44601	31.45554	345.43600	-973.92051	27.82582	76.11548	-962.74131	-40.47075	94.55840	-1006.74705	-15.52459	109.88078	-712.14632	-111.19383	393.61574	-762.06914	-163.23865	358.27988	-914.82257	-182.98369	138.65682	-919.01506	-114.02772	148.68920	-941.04015	-149.20538	185.19861	-879.59720	-148.72030	107.55538	-920.35919	-2.44199	69.80882	-791.00917	-35.86967	969.78808	-835.89245	19.20962	655.52903	-927.23496	-57.96298	982.62600	-902.68688	-78.68259	799.55508	-927.06345	-59.69285	709.79163	-910.31141	-127.49826	709.31824	-767.02698	-234.34046	468.72628	-906.17632	98.41272	472.07347	-825.73873	-237.09638	272.89350	-946.42368	93.81820	232.03041	
232	2.310	-782.85271	-149.90188	657.81664	-849.45159	-20.25971	378.86932	-903.72675	32.83782	345.49400	-973.36042	28.80426	76.43564	-962.11586	-39.41425	95.19750	-1005.87956	-14.33338	110.74177	-695.32339	-109.39787	398.72407	-743.93089	-161.24200	361.41146	-889.39278	-179.73899	137.03235	-893.87364	-110.70987	147.05734	-917.31484	-146.04954	182.59522	-852.69243	-145.44788	107.71684	-919.85866	-1.56293	69.80874	-781.35613	-36.13940	968.69570	-829.32136	20.52229	655.45563	-917.60511	-57.50826	982.70226	-894.92974	-78.11298	799.28193	-919.69227	-59.88177	709.10256	-902.36854	-127.39924	708.26470	-752.66780	-232.78426	471.34315	-902.22011	99.56549	472.20673	-804.91608	-234.63402	273.71510	-944.52108	95.11152	232.13898	
233	2.320	-774.27292	-148.28666	657.08938	-845.98650	-18.56620	378.08069	-900.96806	34.24250	345.55461	-972.83615	29.79454	76.73399	-961.51650	-38.31959	95.81927	-1005.04942	-13.11066	111.58950	-679.12366	-107.47100	403.64611	-726.27615	-159.10306	364.38471	-863.64423	-176.44874	135.16361	-868.53265	-107.35074	145.14354	-893.35181	-142.90067	179.61932	-825.62161	-142.05616	107.65798	-919.38780	-0.67116	69.79723	-771.51516	-36.47417	967.36228	-822.56771	21.73415	655.33496	-907.76112	-57.15834	982.62551	-887.09143	-77.70620	798.88134	-912.22320	-60.12452	708.24485	-894.38742	-127.37235	706.95248	-738.66500	-231.15537	473.64577	-898.02097	100.75212	472.31311	-784.14712	-232.08886	274.31066	-942.63927	96.42699	232.23867	
234	2.330	-765.62786	-146.80482	656.16003	-842.47171	-16.95376	377.24791	-898.13978	35.62549	345.62145	-972.36517	30.72686	77.03708	-960.91902	-37.25425	96.43235	-1004.24950	-11.95033	112.44712	-663.63927	-105.35419	408.25688	-709.20706	-156.77946	367.10336	-837.68388	-173.15242	133.04535	-843.13434	-104.00505	142.92327	-869.26222	-139.82161	176.26052	-798.52220	-138.56947	107.34860	-918.95124	0.18520	69.78442	-761.48439	-36.88115	965.82550	-815.57439	22.85263	655.17726	-897.69469	-56.94445	982.41298	-879.13527	-77.45979	798.37330	-904.60393	-60.39073	707.23547	-886.31977	-127.39077	705.40492	-725.07207	-229.41949	475.55456	-893.53159	101.95203	472.38137	-763.48927	-229.44961	274.64786	-940.81385	97.69916	232.35028	
235	2.340	-756.87271	-145.44507	655.05289	-838.83854	-15.44656	376.37216	-895.18009	36.94902	345.68949	-971.94801	31.55230	77.37557	-960.29452	-36.27014	97.04917	-1003.45880	-10.92082	113.34406	-648.94955	-102.98331	412.41456	-692.81344	-154.23165	369.45976	-811.64655	-169.89085	130.65834	-817.85441	-100.73364	140.36442	-845.18148	-136.88544	172.50449	-771.56385	-135.01031	106.74517	-918.54481	0.96985	69.77983	-751.26662	-37.36664	964.12189	-808.29032	23.88935	654.98425	-887.40480	-56.89214	982.07661	-871.02477	-77.36447	797.77074	-896.78428	-60.65258	706.08501	-878.11462	-127.42851	703.64535	-711.91271	-227.53602	476.99125	-888.70372	103.14556	472.39524	-742.99917	-226.70473	274.67909	-939.03616	98.87625	232.49337	
236	2.350	-747.96005	-144.18856	653.78889	-834.98806	-14.05527	375.44624	-891.99611	38.18384	345.74245	-971.56727	32.24378	77.78296	-959.60990	-35.40215	97.68537	-1002.64200	-10.06287	114.31462	-635.11596	-100.29059	415.96788	-677.16602	-151.42517	371.34133	-785.70317	-166.70661	127.97618	-792.90477	-97.60171	137.43394	-821.27477	-134.17123	168.34036	-744.95272	-131.40297	105.79811	-918.15464	1.65936	69.79202	-740.86914	-37.93577	962.28537	-800.67293	24.85985	654.74852	-876.89794	-57.02099	981.62196	-862.72417	-77.40491	797.07867	-888.71827	-60.88602	704.79789	-869.72033	-127.46178	701.69699	-699.17375	-225.45820	477.88661	-883.48735	104.31525	472.33264	-722.73708	-223.84300	274.34894	-937.25178	99.92270	232.68283	
237	2.360	-738.84260	-143.01019	652.38536	-830.79521	-12.77924	374.45256	-888.46734	39.30987	345.75093	-971.18786	32.79381	78.29422	-958.82775	-34.66908	98.35892	-1001.74923	-9.39133	115.39631	-622.17755	-97.20822	418.76711	-662.31124	-148.33321	372.63968	-760.06691	-163.64450	124.97417	-768.53287	-94.67642	134.10628	-797.74058	-131.75869	163.76955	-718.93270	-127.77778	104.46129	-917.75700	2.24198	69.82831	-730.30352	-38.59206	960.34639	-792.69012	25.78269	654.45355	-866.18806	-57.34449	981.04787	-854.19919	-77.56046	796.29431	-880.36626	-61.07123	703.37352	-861.08732	-127.46973	699.58366	-686.80394	-223.13526	478.18864	-877.83017	105.44621	472.16487	-702.77221	-220.85435	273.60430	-935.36358	100.81909	232.92578	
238	2.370	-729.47663	-141.88101	650.85694	-826.11543	-11.60954	373.36218	-884.45186	40.31547	345.67180	-970.75792	33.21015	78.94423	-957.90552	-34.07619	99.08924	-1000.71617	-8.89943	116.62808	-610.14759	-93.67471	420.67804	-648.26833	-144.93974	373.26142	-734.99509	-160.75184	121.63923	-745.01670	-92.02381	130.37293	-774.81100	-129.72199	158.81490	-693.78235	-124.17483	102.70236	-917.31830	2.71507	69.89469	-719.58524	-39.33696	958.33167	-784.32143	26.67778	654.07440	-855.29618	-57.86984	980.34715	-845.41823	-77.80554	795.40816	-871.69694	-61.19232	701.80815	-852.17122	-127.43457	697.33114	-674.71944	-220.51701	477.86953	-871.67793	106.52571	471.85645	-683.18818	-217.73136	272.40539	-933.23839	101.56033	233.21909	
239	2.380	-719.82562	-140.77146	649.21772	-820.79318	-10.53244	372.13530	-879.79498	41.19603	345.44930	-970.20980	33.51062	79.76622	-956.79424	-33.61852	99.89633	-999.46432	-8.56427	118.04846	-599.01193	-89.64393	421.59726	-635.02929	-141.24303	373.13957	-710.78545	-158.07794	117.97924	-722.65497	-89.70513	126.25151	-752.74742	-128.12342	153.52857	-669.80657	-120.64636	100.51240	-916.79533	3.08172	69.99589	-708.73333	-40.16935	956.26450	-775.55852	27.56432	653.57928	-844.24967	-58.59768	979.50819	-836.35393	-78.11006	794.40624	-862.68918	-61.23648	700.09744	-842.93615	-127.34129	694.96900	-662.81560	-217.56084	476.93055	-864.97601	107.54227	471.36594	-664.08707	-214.47145	270.73562	-930.71620	102.15274	233.54804	
240	2.390	-709.86398	-139.65506	647.48406	-814.67210	-9.53248	370.72370	-874.33967	41.95219	345.01822	-969.46087	33.71813	80.79033	-955.43712	-33.28402	100.80010	-997.90143	-8.35232	119.69368	-588.72920	-85.09610	421.46699	-622.56199	-137.25974	372.24391	-687.76539	-155.67262	114.03030	-701.75211	-87.77253	121.79301	-731.83077	-127.00720	147.99716	-647.32259	-117.25662	97.91346	-916.13537	3.34754	70.13576	-697.76992	-41.08502	954.16559	-766.40497	28.45845	652.93196	-833.08114	-59.52168	978.51744	-826.98490	-78.43980	793.27299	-853.33357	-61.19290	698.23933	-833.35798	-127.17705	692.53251	-650.98332	-214.24041	475.40396	-857.67200	108.48461	470.64809	-645.59136	-211.08013	268.60846	-927.62097	102.61083	233.88635	
241	2.400	-699.58022	-138.51217	645.67777	-807.60606	-8.59512	369.07528	-867.93792	42.58814	344.30932	-968.41409	33.85698	82.04229	-953.76832	-33.05620	101.81991	-995.92260	-8.22410	121.59573	-579.23328	-80.04959	420.28705	-610.81611	-133.02895	370.58887	-666.27404	-153.58332	109.86045	-682.59882	-86.26454	117.08536	-712.34615	-126.39422	142.34259	-626.64052	-114.07918	94.96216	-915.27607	3.51814	70.31801	-686.71974	-42.07616	952.05439	-756.87527	29.37091	652.09507	-821.82715	-60.62802	977.36260	-817.29768	-78.75692	791.99500	-843.63327	-61.05185	696.23709	-823.42700	-126.93071	690.06430	-639.12762	-210.55518	473.35179	-849.71912	109.34063	469.65744	-627.84250	-207.57508	266.07000	-923.77197	102.95432	234.19783	
242	2.410	-688.97922	-137.33345	643.82906	-799.47033	-7.70857	367.14056	-860.46191	43.11010	343.25662	-966.95874	33.95053	83.54245	-951.71238	-32.91591	102.97429	-993.41223	-8.13758	123.78053	-570.43785	-74.57124	418.12175	-599.73132	-128.61582	368.23715	-646.63784	-151.85107	105.56860	-665.44928	-85.20187	112.25201	-694.56243	-126.27828	136.71754	-608.03966	-111.19128	91.74878	-914.14521	3.59789	70.54728	-675.60956	-43.13095	949.95068	-746.99333	30.30495	651.03426	-810.52674	-61.89489	976.03610	-807.28846	-79.02093	790.56487	-833.60434	-60.80401	694.10211	-813.14981	-126.59240	687.61545	-627.18529	-206.53943	470.86206	-841.07994	110.09684	468.35334	-610.99600	-203.99088	263.19664	-918.99512	103.20567	234.43977	
243	2.420	-678.08330	-136.12232	641.97859	-790.17199	-6.86531	364.88086	-851.81417	43.52522	341.80606	-964.97201	34.02044	85.30500	-949.18464	-32.84224	104.28069	-990.24736	-8.05061	126.26608	-562.24287	-68.78324	415.10007	-589.24664	-124.11402	365.29830	-629.14185	-150.50606	101.27844	-650.49746	-84.58433	107.44495	-678.70868	-126.62485	131.29525	-591.74304	-108.66645	88.39102	-912.66053	3.59002	70.83049	-664.46769	-44.23346	947.87631	-736.79033	31.25497	649.72266	-799.21983	-63.29222	974.53860	-796.96448	-79.18998	788.98497	-823.27493	-60.44038	691.85641	-802.54984	-126.15353	685.24561	-615.13854	-202.26912	468.04303	-831.72971	110.73839	466.70593	-595.21268	-200.38356	260.08824	-913.13369	103.38807	234.56794	
244	2.430	-666.93171	-134.89628	640.17842	-779.65852	-6.06305	362.27699	-841.93553	43.84083	339.92454	-962.32224	34.08694	87.33747	-946.09281	-32.81293	105.75509	-986.30276	-7.92260	129.06077	-554.54252	-62.86409	411.40785	-579.30967	-119.64625	361.92183	-614.00030	-149.56341	97.12740	-637.85574	-84.38988	102.83227	-664.95044	-127.37315	126.25429	-577.89346	-106.56618	85.02336	-910.72986	3.49811	71.17824	-653.32348	-45.36369	945.85685	-726.30233	32.20579	648.14565	-787.94583	-64.78171	972.88208	-786.34473	-79.22278	787.27051	-812.68362	-59.95276	689.53428	-791.66657	-125.60719	683.02204	-603.02216	-197.86505	465.01642	-821.65900	111.24966	464.70255	-580.64682	-196.83397	256.85808	-906.05834	103.52394	234.54298	
245	2.440	-655.57869	-133.68670	638.49115	-767.92359	-5.30548	359.33764	-830.81030	44.06391	337.60823	-958.87440	34.16961	89.64047	-942.33972	-32.80448	107.41118	-981.45774	-7.71607	132.16181	-547.23376	-57.04240	407.27259	-569.88429	-115.36176	358.28524	-601.33079	-149.02067	93.25216	-627.53935	-84.57640	98.58191	-653.36961	-128.44213	121.76018	-566.53477	-104.93265	81.78318	-908.25193	3.32864	71.60596	-642.20677	-46.49806	943.92304	-715.56757	33.13294	646.30512	-776.74222	-66.31754	971.09196	-775.45970	-79.08106	785.45159	-801.87667	-59.33490	687.18311	-780.55315	-124.94901	681.01750	-590.92274	-193.49052	461.91032	-810.87515	111.61554	462.35367	-567.43237	-193.44838	253.62133	-897.67610	103.63363	234.33760	
246	2.450	-644.09000	-132.53705	636.98755	-755.00924	-4.60260	356.10572	-818.46808	44.20087	334.88887	-954.49781	34.28806	92.20768	-937.82705	-32.79229	109.25913	-975.60439	-7.39874	135.55403	-540.22490	-51.58258	402.94209	-560.95566	-111.43042	354.57862	-591.13711	-148.85768	89.77293	-619.46024	-85.08665	94.84380	-643.95182	-129.74019	117.94664	-557.60236	-103.78386	78.79601	-905.11812	3.09404	72.13463	-631.14743	-47.61030	942.11165	-704.62395	34.00397	644.22294	-765.64347	-67.84766	969.20812	-764.35021	-78.73229	783.57375	-790.90450	-58.58392	684.86313	-769.27264	-124.17831	679.30700	-578.96988	-189.34259	458.85215	-799.40246	111.82299	459.69761	-555.66901	-190.35515	250.48404	-887.93795	103.73416	233.94406	
247	2.460	-632.53839	-131.49971	635.74245	-741.00396	-3.97055	352.66162	-804.98222	44.25733	331.83691	-949.07566	34.46194	95.02603	-932.45955	-32.75144	111.30364	-968.65618	-6.94640	139.20902	-533.44304	-46.76342	398.65999	-552.53162	-108.03271	350.98759	-583.30461	-149.03936	86.77925	-613.43240	-85.85583	91.73352	-636.58450	-131.17743	114.89999	-550.92530	-103.11226	76.16245	-901.21525	2.81554	72.79051	-620.17482	-48.67265	940.46574	-693.50675	34.78053	641.94298	-754.68013	-69.31598	967.28444	-753.06522	-78.15269	781.69691	-779.81782	-57.70208	682.64584	-757.89330	-123.29943	677.96379	-567.32109	-185.63674	455.96194	-787.28120	111.86283	456.80308	-545.41050	-187.69649	247.53425	-876.84455	103.83809	233.38075	
248	2.470	-620.99848	-130.63161	634.82961	-726.03656	-3.43060	349.12232	-790.46481	44.23817	328.56085	-942.51499	34.71002	98.07612	-926.14929	-32.65800	113.54163	-960.55579	-6.34649	143.08481	-526.83973	-42.85169	394.64182	-544.64036	-105.34614	347.67730	-577.61000	-149.52080	84.32016	-609.18896	-86.82040	89.32045	-631.06689	-132.67802	112.64962	-546.24088	-102.88720	73.94886	-896.42928	2.52515	73.60377	-609.31719	-49.65736	939.03404	-682.24681	35.42134	639.53133	-743.87818	-70.66515	965.38689	-741.65886	-77.32998	779.89272	-768.66367	-56.69837	680.61133	-746.48330	-122.32300	677.05486	-556.14301	-182.58624	453.34605	-774.56550	111.73133	453.76883	-536.65755	-185.61560	244.83616	-864.44918	103.95249	232.69682	
249	2.480	-609.54152	-129.98937	634.31590	-710.26640	-3.00728	345.63584	-775.05891	44.14757	325.20230	-934.75531	35.04824	101.33255	-918.81919	-32.49114	115.95959	-951.28041	-5.60218	147.12611	-520.39410	-40.07410	391.05559	-537.32482	-103.52898	344.77962	-573.74482	-150.25338	82.40065	-606.40880	-87.92593	87.62238	-627.13094	-134.18962	111.16673	-543.21990	-103.06017	72.18360	-890.64967	2.26597	74.60592	-598.60102	-50.53843	937.86948	-670.86957	35.88547	637.07443	-733.25853	-71.83994	963.59023	-730.18701	-76.26558	778.24042	-757.48209	-55.58952	678.84436	-735.10567	-121.26671	676.63646	-545.59216	-180.37931	451.09159	-761.32047	111.43133	450.72018	-529.35693	-184.24064	242.42777	-850.85707	104.07822	231.97374	
250	2.490	-598.23073	-129.62426	634.25572	-693.87089	-2.72540	342.37154	-758.92856	43.98933	321.92709	-925.77400	35.48688	104.76426	-910.40548	-32.23573	118.53129	-940.84331	-4.73587	151.26516	-514.11338	-38.59191	388.01010	-530.63486	-102.70336	342.38542	-571.34877	-151.18991	80.98521	-604.74822	-89.13174	86.60755	-624.46990	-135.68712	110.37148	-541.49875	-103.57124	70.85879	-883.77395	2.09030	75.82616	-588.05026	-51.29326	937.02673	-659.39473	36.13583	634.67492	-722.83675	-72.79088	961.97369	-718.70372	-74.97591	776.82168	-746.30377	-54.40043	677.42965	-723.81393	-120.15553	676.75013	-535.79824	-179.15739	449.26202	-747.61869	110.97287	447.80224	-523.40766	-183.66829	240.32193	-836.22055	104.20984	231.32259	
251	2.500	-587.11763	-129.57772	634.68615	-677.03177	-2.60638	339.50719	-742.24752	43.76731	318.91313	-915.58708	36.02730	108.33444	-900.85887	-31.88512	121.21615	-929.29072	-3.79129	155.42337	-508.03062	-38.48202	385.55282	-524.61875	-102.94009	340.54263	-570.04717	-152.28710	80.00751	-603.87258	-90.41088	86.20324	-622.76954	-137.16905	110.14721	-540.71304	-104.35500	69.93694	-875.71199	2.05533	77.28703	-577.68536	-51.90420	936.55897	-647.83684	36.14247	632.44566	-712.62285	-73.47786	960.61580	-707.25803	-73.49244	775.71488	-735.14899	-53.16336	676.44648	-712.64906	-119.02087	677.41959	-526.85210	-178.99849	447.89451	-733.53627	110.37301	445.17027	-518.67330	-183.94963	238.51050	-820.72933	104.33603	230.87657	
252	2.510	-576.23974	-129.87770	635.62365	-659.92163	-2.66404	337.21445	-725.18760	43.48618	316.33659	-904.24451	36.65907	112.00011	-890.14455	-31.44343	123.95906	-916.69431	-2.83297	159.51365	-502.20005	-39.72779	383.67699	-519.31514	-104.24764	339.25972	-569.48638	-153.50499	79.38409	-603.48295	-91.74554	86.30896	-621.73723	-138.64758	110.35878	-540.52789	-105.34453	69.36052	-866.38967	2.21672	78.99995	-567.52239	-52.35983	936.51413	-636.20640	35.88537	630.50202	-702.62119	-73.87323	959.58921	-695.89143	-71.86042	774.98935	-724.02801	-51.91614	675.96322	-701.63806	-117.89889	678.64885	-518.79932	-179.90830	446.99930	-719.14882	109.65523	442.97822	-514.99820	-185.08129	236.97097	-804.59669	104.44081	230.77876	
253	2.520	-565.61976	-130.53636	637.06231	-642.69234	-2.90091	335.64460	-707.90781	43.15231	314.35756	-891.82075	37.35816	115.71142	-878.24155	-30.92676	126.69216	-903.14035	-1.94243	163.44377	-496.69020	-42.22090	382.33562	-514.74680	-106.56763	338.51321	-569.36203	-154.80391	79.02906	-603.33454	-93.11936	86.81159	-621.12428	-140.13484	110.87129	-540.66062	-106.47349	69.06261	-855.75176	2.62081	80.96158	-557.57200	-52.65563	936.93071	-624.51149	35.35639	628.95338	-692.83041	-73.96418	958.95552	-684.63639	-70.13613	774.70022	-712.94267	-50.69931	676.03212	-690.79413	-116.82781	680.42163	-511.63960	-181.82025	446.56107	-704.52750	108.84841	441.36641	-512.22479	-187.00321	235.67459	-788.04223	104.50517	231.16624	
254	2.530	-555.26633	-131.54899	638.97406	-625.46631	-3.30536	334.91641	-690.54495	42.77461	313.10723	-878.40219	38.08702	119.41100	-865.14193	-30.36280	129.33871	-888.71763	-1.21075	167.12059	-491.57552	-45.77389	381.45843	-510.91654	-109.77781	338.25705	-569.43682	-156.14066	78.86701	-603.24552	-94.50952	87.59967	-620.73932	-141.62975	111.56610	-540.89407	-107.67679	68.97664	-843.76388	3.29681	83.15148	-547.83861	-52.79431	937.83378	-612.75955	34.56035	627.89457	-683.24347	-73.75408	958.76099	-673.51589	-68.38303	774.88416	-701.88898	-49.55253	676.68487	-680.11846	-115.84457	682.70207	-505.33112	-184.60395	446.54223	-689.73553	107.98566	440.44986	-510.20857	-189.60362	234.59425	-771.27326	104.50900	232.15243	
255	2.540	-545.17603	-132.89436	641.31042	-608.33137	-3.85067	335.10751	-673.20658	42.36525	312.67770	-864.07384	38.79704	123.03388	-850.85034	-29.78854	131.81913	-873.50630	-0.72816	170.45529	-486.92714	-50.14119	380.96782	-507.80559	-113.70274	338.43186	-569.54680	-157.46606	78.84160	-603.09686	-95.88114	88.57472	-620.45179	-143.10905	112.35146	-541.08001	-108.89103	69.04368	-830.41346	4.25044	85.53189	-538.31968	-52.78537	939.23141	-600.95905	33.51510	627.39813	-673.84781	-73.26249	959.03316	-662.54405	-66.66699	775.55655	-690.86027	-48.51071	677.92928	-669.60309	-114.98124	685.43646	-499.79872	-188.08051	446.88741	-674.82546	107.10305	440.30855	-508.82832	-192.73007	233.71054	-754.46690	104.43319	233.81051	
256	2.550	-535.33643	-134.53626	644.00569	-591.33948	-4.49618	336.24990	-655.96655	41.94002	313.11558	-848.90778	39.43331	126.50863	-835.38401	-29.24625	134.05831	-857.56999	-0.57215	173.36919	-482.80354	-55.04559	380.79063	-505.37415	-118.13087	338.97259	-569.59740	-158.72513	78.91903	-602.82480	-97.18605	89.65825	-620.18678	-144.52525	113.16684	-541.13402	-110.05578	69.21687	-815.70972	5.46048	88.04957	-529.00535	-52.64427	941.11194	-589.12091	32.25052	627.50809	-664.62563	-72.52405	959.77879	-651.72764	-65.05114	776.71002	-679.85033	-47.60033	679.74730	-659.23463	-114.26156	688.55584	-494.94429	-192.04180	447.52897	-659.83750	106.23833	440.98065	-507.99015	-196.20511	233.01455	-737.75512	104.26179	236.16073	
257	2.560	-525.72973	-136.42608	646.98099	-574.50871	-5.19068	338.32994	-638.86351	41.51804	314.41976	-832.95553	39.94124	129.75982	-818.77315	-28.77833	135.99327	-840.95201	-0.79595	175.79946	-479.24232	-60.20636	380.86426	-503.56379	-122.83563	339.81369	-569.55149	-159.86041	79.08619	-602.40881	-98.36633	90.79436	-619.91346	-145.81185	113.98134	-541.02425	-111.11595	69.46258	-799.68264	6.87905	90.63966	-519.87844	-52.39105	943.44243	-577.25937	30.80655	628.23607	-655.55430	-71.58605	960.98323	-641.06815	-63.59084	778.31471	-668.85627	-46.83646	682.09465	-648.99805	-113.69812	691.97905	-490.65798	-196.27112	448.39280	-644.79919	105.42952	442.45943	-507.62534	-199.84417	232.50690	-721.21458	103.98424	239.16401	
258	2.570	-516.33652	-138.50619	650.14882	-557.82820	-5.87765	341.29206	-621.90216	41.12094	316.54332	-816.24511	40.27397	132.71188	-801.06111	-28.42176	137.57963	-823.67611	-1.41961	177.70384	-476.25388	-65.36563	381.13762	-502.30109	-127.59758	340.89217	-569.41296	-160.81785	79.34515	-601.85742	-99.36177	91.94837	-619.63030	-146.89428	114.78765	-540.75672	-112.02538	69.75923	-782.38080	8.43603	93.23070	-510.91486	-52.04862	946.16850	-565.39236	29.23053	629.55979	-646.60708	-70.50513	962.61120	-630.56409	-62.32932	780.31981	-657.88067	-46.22082	684.90194	-638.88034	-113.29041	695.61607	-486.82893	-200.56279	449.40409	-629.72638	104.71319	444.69398	-507.68344	-203.47324	232.19374	-704.86237	103.59779	242.72325	
259	2.580	-507.13928	-140.71393	653.41792	-541.26495	-6.50136	345.04550	-605.05720	40.77142	319.39912	-798.78268	40.39939	135.29377	-782.30400	-28.20319	138.79554	-805.75065	-2.42529	179.06340	-473.81800	-70.30993	381.56846	-501.50201	-132.22427	342.14889	-569.20917	-161.55384	79.70548	-601.19463	-100.11941	93.10294	-619.34985	-147.70365	115.59365	-540.36000	-112.75066	70.09434	-763.86833	10.04687	95.75014	-502.08451	-51.64089	949.21570	-553.54114	27.57378	631.42425	-637.75396	-69.34320	964.60881	-620.21326	-61.29430	782.65656	-646.93290	-45.74108	688.07730	-628.87346	-113.02407	699.37147	-483.35444	-204.73840	450.49261	-614.62561	104.12254	447.59354	-508.12266	-206.94410	232.08092	-688.65792	103.10964	246.69209	
260	2.590	-498.12511	-142.98579	656.69784	-524.77179	-7.01305	349.47282	-588.27967	40.49122	322.86797	-780.55778	40.30560	137.44376	-762.56923	-28.13531	139.64232	-787.17478	-3.75774	179.88261	-471.88385	-74.88480	382.11928	-501.07645	-136.56509	343.52919	-568.97506	-162.04158	80.17670	-600.44841	-100.60260	94.25276	-619.08592	-148.18991	116.41384	-539.87138	-113.27437	70.46098	-744.22097	11.62260	98.12940	-493.35258	-51.19080	952.49231	-541.72949	25.88788	633.74531	-628.96273	-68.16306	966.90672	-610.01445	-60.49613	785.24209	-636.02942	-45.37149	691.51037	-618.97627	-112.87136	703.14772	-480.14707	-208.65864	451.59703	-599.49739	103.68506	451.03473	-508.90047	-210.14531	232.16833	-672.51055	102.53847	250.88987	
261	2.600	-489.28743	-145.26140	659.90320	-508.29566	-7.37605	354.43912	-571.50488	40.29884	326.80870	-761.55045	40.00377	139.11348	-741.93285	-28.21505	140.14157	-767.94488	-5.32959	180.18650	-470.37333	-79.00107	382.75379	-500.93255	-140.51951	344.98313	-568.74106	-162.27530	80.76222	-599.64270	-100.79768	95.39912	-618.84475	-148.33146	117.26221	-539.32634	-113.59677	70.85434	-723.52167	13.08045	100.30797	-484.68124	-50.71855	955.89340	-529.98237	24.22099	636.41523	-620.20020	-67.02405	969.42404	-599.96869	-59.92736	787.98400	-625.19308	-45.07481	695.07733	-609.19532	-112.79293	706.84838	-477.13897	-212.22970	452.66795	-584.34015	103.42023	454.87076	-509.96630	-213.00776	232.44579	-656.29180	101.91464	255.12024	
262	2.610	-480.62641	-147.48719	662.95722	-491.78533	-7.56948	359.80111	-554.66164	40.20703	331.06871	-741.73871	39.52822	140.27068	-720.47598	-28.42364	140.32934	-748.06000	-7.03063	180.01534	-469.18759	-82.63264	383.43475	-500.98044	-144.03806	346.46587	-568.52589	-162.27126	81.45578	-598.79312	-100.71661	96.54525	-618.62094	-148.13937	118.14751	-538.75186	-113.73530	71.26913	-701.85604	14.35340	102.23620	-476.03153	-50.24005	959.30597	-518.32431	22.61443	639.30972	-611.43360	-65.97807	972.07276	-590.07956	-59.56407	790.78524	-614.45161	-44.80533	698.64686	-599.54430	-112.74066	710.38118	-474.28323	-215.40413	453.66950	-569.15400	103.33719	458.94166	-511.25809	-215.50448	232.89148	-639.85078	101.27847	259.19065	
263	2.620	-472.14811	-149.61901	665.79448	-475.19833	-7.59031	365.41519	-537.68152	40.22029	335.49420	-721.10491	38.93341	140.90024	-698.28055	-28.72847	140.24865	-727.52538	-8.73916	179.41767	-468.21565	-85.80654	384.12364	-501.13534	-147.11682	347.93799	-568.33422	-162.06511	82.24064	-597.90630	-100.39521	97.69283	-618.39789	-147.65539	119.07113	-538.16379	-113.72180	71.69802	-679.30811	15.39710	103.87678	-467.36534	-49.76577	962.61462	-506.77771	21.10001	642.29585	-602.63187	-65.06627	974.76226	-580.35283	-59.36839	793.54903	-603.83523	-44.51275	702.08646	-590.04236	-112.66144	713.66074	-471.55208	-218.17642	454.57915	-553.94379	103.43290	463.08454	-512.70278	-217.64526	233.47286	-623.03100	100.67648	262.92994	
264	2.630	-463.86231	-151.62382	668.36259	-458.50660	-7.45406	371.14398	-520.50760	40.33275	339.93919	-699.64031	38.28847	141.00360	-675.42532	-29.08635	139.94150	-706.35399	-10.33381	178.44275	-467.34396	-88.58744	384.78165	-501.31977	-149.78714	349.36567	-568.15865	-161.70633	83.09117	-596.98201	-99.88726	98.83997	-618.15177	-146.94466	120.02728	-537.56763	-113.59770	72.13133	-655.95678	16.19333	105.20500	-458.64742	-49.30019	965.70743	-495.36125	19.69845	645.24014	-593.76697	-64.31673	977.40371	-570.79535	-59.29227	796.18333	-593.37385	-44.14657	705.26907	-580.71134	-112.50155	716.61119	-468.93229	-220.57446	455.38608	-538.72069	103.69095	467.14309	-514.22030	-219.46728	234.14957	-605.68673	100.15581	266.20200	
265	2.640	-455.77954	-153.48009	670.62301	-441.70074	-7.19458	376.86121	-503.10157	40.52633	344.27270	-677.34747	37.66993	140.59673	-651.98266	-29.44797	139.44191	-684.56636	-11.70437	177.13365	-466.46556	-91.05920	385.37148	-501.46488	-152.10289	350.72066	-567.98460	-161.25065	83.97601	-596.01703	-99.25603	99.98044	-617.85740	-146.08475	121.00474	-536.96175	-113.40819	72.55753	-631.87348	16.74953	106.20805	-449.84704	-48.84161	968.48159	-484.08857	18.41894	648.01619	-584.81502	-63.74313	979.91396	-561.41339	-59.28176	798.60485	-583.09396	-43.66052	708.07921	-571.57235	-112.21113	719.16832	-466.41829	-222.64808	456.08821	-523.50198	104.08127	470.97560	-515.72966	-221.02355	234.87751	-587.69720	99.75767	268.91374	
266	2.650	-447.90736	-155.17699	672.55087	-424.79294	-6.86348	382.45460	-485.44891	40.76970	348.38364	-654.24079	37.15365	139.70706	-628.01686	-29.76300	138.77079	-662.18951	-12.76040	175.52192	-465.48762	-93.30689	385.85930	-501.51082	-154.12737	351.97991	-567.79637	-160.75209	84.86222	-595.00943	-98.56470	101.10424	-617.49441	-145.15339	121.98943	-536.34174	-113.19611	72.96447	-607.12123	17.09459	106.88358	-440.93942	-48.38266	970.84831	-472.96723	17.25998	650.51136	-575.75711	-63.34460	982.21878	-552.21075	-59.28164	800.74219	-573.01546	-43.01672	710.41851	-562.64204	-111.74851	721.28146	-464.00424	-224.45686	456.68855	-508.30898	104.56081	474.46127	-517.15570	-222.37129	235.61307	-568.97716	99.51077	271.01736	
267	2.660	-440.24661	-156.71279	674.13397	-407.81845	-6.52918	387.82687	-467.56148	41.01791	352.18329	-630.34598	36.80677	138.36997	-603.58455	-29.98545	137.93331	-639.25576	-13.43720	173.62444	-464.33628	-95.40185	386.21646	-501.40629	-155.92218	353.12517	-567.58276	-160.25601	85.71930	-593.96208	-97.86777	102.19889	-617.05203	-144.21746	122.96724	-535.70468	-112.99689	73.34084	-581.75576	17.27178	107.23759	-431.90661	-47.91111	972.73686	-461.99810	16.21131	652.63191	-566.57991	-63.10662	984.25526	-543.18667	-59.23963	802.53804	-563.14896	-42.18903	712.21007	-553.92898	-111.08371	722.91475	-461.67625	-226.05890	457.19149	-493.16349	105.07515	477.50437	-518.43479	-223.56197	236.31696	-549.48292	99.42601	272.50686	
268	2.670	-432.78796	-158.09254	675.37129	-390.83558	-6.27586	392.89508	-449.47769	41.21309	355.60535	-605.69934	36.68068	136.62518	-578.73739	-30.07886	136.91869	-615.80250	-13.69880	171.44286	-462.95841	-97.39207	386.42077	-501.10714	-157.53909	354.14261	-567.34079	-159.79452	86.52272	-592.88439	-97.20494	103.25153	-616.53138	-143.32506	123.92645	-535.05215	-112.83510	73.67756	-555.82857	17.32964	107.28206	-422.73789	-47.41114	974.09719	-451.17504	15.25648	654.30646	-557.27579	-63.00279	985.97325	-534.33405	-59.11010	803.95037	-553.49350	-41.16526	713.40147	-545.43063	-110.20095	724.04787	-459.40605	-227.50232	457.59966	-478.08355	105.56090	480.03641	-519.51851	-224.63457	236.95721	-529.21387	99.49299	273.41032	
269	2.680	-425.50933	-159.32581	676.27105	-373.92404	-6.20163	397.58855	-431.26037	41.28605	358.60384	-580.34803	36.80547	134.51361	-553.52718	-30.02081	135.70248	-591.87350	-13.53838	168.96550	-461.32005	-99.29862	386.45721	-500.57431	-159.01576	355.02259	-567.07658	-159.38480	87.25627	-591.79181	-96.59851	104.25099	-615.94458	-142.50223	124.85975	-534.39133	-112.72324	73.96875	-529.39230	17.31247	107.03232	-413.42957	-46.86469	974.90142	-440.48484	14.37579	655.48755	-547.84266	-62.99733	987.33601	-525.63791	-58.85689	804.95272	-544.03515	-39.94806	713.96607	-537.13112	-109.09979	724.67610	-457.14709	-228.82046	457.91191	-463.07941	105.94875	482.01618	-520.37431	-225.61263	237.51098	-508.20985	99.67906	273.77939	
270	2.690	-418.37450	-160.42458	676.84870	-357.18176	-6.41560	401.84601	-412.99270	41.15912	361.14950	-554.35200	37.18660	132.07484	-528.01320	-29.80635	134.25056	-567.52241	-12.97635	166.17138	-459.40191	-101.11784	386.31817	-499.77116	-160.37496	355.75946	-566.80325	-159.03048	87.91322	-590.70316	-96.05448	105.18997	-615.31094	-141.75437	125.76549	-533.73395	-112.66276	74.21223	-502.50828	17.25141	106.50454	-403.98431	-46.25291	975.14380	-429.90740	13.54903	656.15145	-538.28349	-63.04803	988.31993	-517.07451	-58.45514	805.53347	-534.74655	-38.55428	713.90284	-529.00033	-107.79491	724.80962	-454.83369	-230.03101	458.12264	-448.15067	106.16688	483.42798	-520.98320	-226.50517	237.96537	-486.54590	99.93069	273.67788	
271	2.700	-411.33309	-161.40185	677.12479	-340.71978	-7.03340	405.61252	-394.77276	40.75006	363.22521	-527.78855	37.80355	129.34575	-502.27101	-29.44998	132.52451	-542.81846	-12.05688	163.03599	-457.19266	-102.82799	386.00293	-498.66049	-161.62665	356.35136	-566.53625	-158.72550	88.49611	-589.63626	-95.56693	106.06650	-614.65082	-141.07191	126.64830	-533.09323	-112.64675	74.40932	-475.25557	17.15770	105.71373	-394.41004	-45.55752	974.83956	-419.41613	12.75767	656.29648	-528.60546	-63.10938	988.91364	-508.61104	-57.89220	805.69446	-525.58749	-37.01317	713.23454	-520.99408	-106.31458	724.47226	-452.38325	-231.13842	458.22245	-433.28529	106.14458	484.27830	-521.33456	-227.31042	238.31702	-464.32572	100.17682	273.17133	
272	2.710	-404.32209	-162.27098	677.12295	-324.65579	-8.17057	408.83706	-376.70722	39.97716	364.82148	-500.75925	38.61084	126.36004	-476.40196	-28.98589	130.48762	-517.85397	-10.84347	159.53796	-454.68104	-104.39831	385.51659	-497.20151	-162.77180	356.79958	-566.28709	-158.45955	89.01539	-588.60264	-95.12450	106.88488	-613.97828	-140.43846	127.51900	-532.47965	-112.66385	74.56399	-447.74108	17.01907	104.67233	-384.71857	-44.76187	974.02261	-408.97859	11.98633	655.94015	-518.81897	-63.13564	989.11662	-500.20607	-57.16772	805.44909	-516.50646	-35.36353	712.00474	-513.05576	-104.69815	723.69948	-449.70124	-232.13864	458.19965	-418.46088	105.81596	484.59143	-521.41896	-228.02142	238.57069	-441.67562	100.33378	272.31890	
273	2.720	-397.26877	-163.04568	676.86804	-309.10617	-9.93394	411.47135	-358.90486	38.76546	365.93267	-473.39906	39.54106	123.14883	-450.54208	-28.46615	128.11090	-492.75277	-9.41422	155.66589	-451.84808	-105.79860	384.86818	-495.34727	-163.80680	357.10738	-566.05667	-158.22372	89.48721	-587.60237	-94.71739	107.65562	-613.29395	-139.83989	128.39389	-531.89622	-112.70237	74.68162	-420.10925	16.79994	103.38987	-374.92407	-43.85183	972.74256	-398.55759	11.22325	655.11572	-508.93650	-63.08372	988.93753	-491.81067	-56.29300	804.82012	-507.44328	-33.65044	710.27408	-505.11897	-102.99303	722.53599	-446.68796	-233.02480	458.04220	-403.64820	105.12351	484.40451	-521.22024	-228.63178	238.73701	-418.74028	100.31136	271.16851	
274	2.730	-390.09462	-163.74057	676.38440	-294.17740	-12.41126	413.47042	-341.47047	37.05384	366.55471	-445.88618	40.50991	119.74193	-424.86881	-27.95685	125.37857	-467.67804	-7.85705	151.42464	-448.66057	-107.00724	384.06829	-493.04301	-164.72742	357.27829	-565.82959	-158.01529	89.93074	-586.61985	-94.34341	108.39459	-612.57924	-139.27204	129.29347	-531.33454	-112.75391	74.76724	-392.54994	16.44584	101.87358	-365.04154	-42.81637	971.06111	-388.11266	10.46026	653.86866	-498.97148	-62.91569	988.39256	-483.37020	-55.29005	803.83750	-498.33246	-31.92198	708.11594	-497.11114	-101.25142	721.03306	-443.24607	-233.79245	457.73947	-388.81655	104.02190	483.76265	-520.70814	-229.14048	238.82946	-395.68115	100.01964	269.75535	
275	2.740	-382.71988	-164.37177	675.69430	-279.95739	-15.65976	414.79516	-324.49962	34.80273	366.68466	-418.45063	41.42324	116.16950	-399.60402	-27.53195	122.29257	-442.83780	-6.26499	146.84014	-445.06707	-108.01658	383.12629	-490.22570	-165.53172	357.31396	-565.57034	-157.84067	90.36535	-585.62136	-94.01174	109.12133	-611.79282	-138.74561	130.24058	-530.77224	-112.81576	74.82383	-365.30277	15.89170	100.13004	-355.08551	-41.64790	969.04829	-377.60215	9.69204	652.25328	-488.93714	-62.60080	987.50377	-474.82660	-54.19028	802.53636	-489.10723	-30.22647	705.61230	-488.95769	-99.52747	719.24569	-439.28761	-234.44340	457.28335	-373.94035	102.48172	482.71487	-519.83324	-229.55479	238.86122	-372.67733	99.37671	268.10346	
276	2.750	-375.06824	-164.95732	674.81674	-266.50768	-19.69458	415.41656	-308.07506	32.00185	366.32232	-391.37922	42.18578	112.46387	-375.01184	-27.26525	118.87569	-418.48613	-4.73125	141.96233	-440.99705	-108.83502	382.04760	-486.82520	-166.22146	357.21194	-565.22221	-157.71595	90.80812	-584.55455	-93.74356	109.85691	-610.86993	-138.28715	131.25831	-530.17245	-112.89170	74.85080	-338.65620	15.07331	98.16760	-345.06895	-40.34248	966.77873	-366.98588	8.91551	650.33007	-478.84565	-62.11713	986.29790	-466.12112	-53.03313	800.95536	-479.70400	-28.61045	702.84982	-480.58640	-97.87492	717.22999	-434.73943	-234.98757	456.66852	-359.00627	100.49353	481.31128	-518.52506	-229.89078	238.84204	-349.92802	98.31717	266.22940	
277	2.760	-367.07111	-165.51697	673.76645	-253.85743	-24.47868	415.32107	-292.26479	28.67720	365.47341	-365.01397	42.71147	108.66105	-351.39023	-27.22086	115.17307	-394.91827	-3.34353	136.86562	-436.36348	-109.48577	380.83138	-482.76687	-166.80215	356.96385	-564.70914	-157.66483	91.27199	-583.35016	-93.56950	110.62154	-609.72455	-137.93588	132.36774	-529.48536	-112.99117	74.84301	-312.93995	13.94044	95.99917	-335.00258	-38.89999	964.32820	-356.22834	8.12925	648.16376	-468.70737	-61.45271	984.80543	-457.19728	-51.86460	799.13561	-470.06685	-27.11766	699.91666	-471.93175	-96.34559	715.04092	-429.54621	-235.44257	455.89174	-344.02019	98.07203	479.60179	-516.69425	-230.17160	238.77570	-327.65487	96.80122	264.14689	
278	2.770	-358.67114	-166.07121	672.55349	-242.00022	-29.91543	414.51632	-277.12211	24.89638	364.15382	-339.74173	42.93462	104.80202	-329.05604	-27.44302	111.25204	-372.45846	-2.17720	131.64699	-431.06841	-110.00307	379.46917	-477.97552	-167.28189	356.55430	-563.94007	-157.71447	91.76464	-581.92524	-93.52429	111.43226	-608.25391	-137.73699	133.58585	-528.65151	-113.12698	74.79060	-288.51013	12.46999	93.64505	-324.89464	-37.32426	961.77066	-345.30219	7.33351	645.82210	-458.53046	-60.60622	983.06011	-448.00390	-50.73577	797.11993	-460.15189	-25.78878	696.89985	-462.93874	-94.98838	712.73052	-423.67115	-235.83145	454.95056	-329.01320	95.26018	477.63637	-514.23860	-230.42388	238.65848	-306.10163	94.82395	261.87133	
279	2.780	-349.82471	-166.63950	671.18321	-230.89431	-35.84560	413.03603	-262.68747	20.77115	362.39396	-315.97372	42.82094	100.93343	-308.32413	-27.94653	107.20007	-351.44045	-1.28726	126.42169	-425.01081	-110.42662	377.94469	-472.38010	-167.66960	355.96100	-562.81545	-157.88998	92.28853	-580.18764	-93.63975	112.30120	-606.34480	-137.73269	134.92401	-527.60618	-113.31216	74.67987	-265.72737	10.67693	91.13525	-314.75103	-35.62330	959.17584	-334.19181	6.53077	643.37518	-448.32075	-59.58731	981.09874	-438.49797	-49.70119	794.95270	-449.93089	-24.66177	693.88355	-453.56605	-93.84896	710.34689	-417.09423	-236.17908	453.84175	-314.04588	92.13243	475.46657	-511.05201	-230.67327	238.47892	-285.52908	92.42381	259.42354	
280	2.790	-340.50330	-167.23782	669.65703	-220.46686	-42.04996	410.94310	-248.99152	16.45628	360.24227	-294.11536	42.37677	97.10791	-289.48253	-28.70913	103.12097	-332.18165	-0.69947	121.31703	-418.09532	-110.79567	376.23524	-465.91863	-167.97300	355.15621	-561.23453	-158.20856	92.84186	-578.04101	-93.93752	113.23460	-603.88058	-137.95262	136.38711	-526.28390	-113.55671	74.49506	-244.92945	8.62089	88.51070	-304.57584	-33.80956	956.60751	-322.89644	5.72679	640.89498	-438.08200	-58.41651	978.96128	-428.64724	-48.81699	792.67984	-439.39409	-23.77230	690.94769	-443.78830	-92.96941	707.93377	-409.80914	-236.50798	452.56016	-299.21021	88.79643	473.14757	-507.03492	-230.93976	238.21918	-266.20314	89.68857	256.83226	
281	2.800	-330.69396	-167.87595	667.97378	-210.62207	-48.25853	408.33008	-236.05886	12.14381	357.76706	-274.52903	41.65494	93.38357	-272.76621	-29.66769	99.12940	-314.95379	-0.40196	116.46474	-410.24071	-111.14362	374.31441	-458.54251	-168.19704	354.10952	-559.10260	-158.67471	93.42073	-575.38955	-94.42293	114.23281	-600.74818	-138.40567	137.97384	-524.62231	-113.86503	74.22131	-226.40147	6.40680	85.82318	-294.37222	-31.90020	954.12250	-311.43243	4.93197	638.45485	-427.81633	-57.12474	976.69102	-418.43230	-48.13885	790.34911	-428.55159	-23.15386	688.16709	-433.59734	-92.38780	705.53082	-401.81939	-236.83444	451.09846	-284.62825	85.39176	470.74019	-502.10441	-231.23400	237.85791	-248.37612	86.75669	254.13553	
282	2.810	-320.39887	-168.55482	666.13178	-201.25248	-54.16661	405.31640	-223.91144	8.05250	355.05598	-257.49460	40.75508	89.82249	-258.33327	-30.71927	95.34390	-299.95390	-0.33929	111.99245	-401.38687	-111.49424	372.15625	-450.21989	-168.34300	352.79181	-556.33703	-159.27729	94.02209	-572.14238	-95.08129	115.29145	-596.84445	-139.07469	139.67785	-522.56454	-114.23474	73.84816	-210.34731	4.17841	83.13343	-284.14341	-29.91727	951.77025	-299.83425	4.16249	636.12850	-417.52504	-55.75243	974.33463	-407.84806	-47.71943	788.01012	-417.43333	-22.83725	685.61064	-423.00245	-92.13720	703.17434	-393.13459	-237.16560	449.44831	-270.44727	82.08476	468.31209	-496.20241	-231.55512	237.37461	-232.26272	83.81217	251.38099	
283	2.820	-309.63442	-169.26452	664.13148	-192.25245	-59.45694	402.04211	-212.57103	4.41265	352.21293	-243.17424	39.81725	86.48800	-246.24723	-31.72826	91.87892	-287.28059	-0.41121	108.01485	-391.49945	-111.85978	369.74023	-440.93752	-168.40845	351.18005	-552.87144	-159.98946	94.64730	-568.21692	-95.87755	116.40345	-592.08127	-139.91526	141.48996	-520.05976	-114.65725	73.37359	-196.86694	2.10498	80.50761	-273.89379	-27.88775	949.59292	-288.15369	3.44109	633.98843	-407.20949	-54.34815	971.94202	-396.90439	-47.60555	785.71422	-406.08733	-22.84898	683.34043	-412.02951	-92.24393	700.89832	-383.76765	-237.49814	447.60295	-256.83108	79.05872	465.93754	-489.30059	-231.89072	236.75487	-218.01467	81.07163	248.62496	
284	2.830	-298.42991	-169.98343	661.97839	-183.53196	-63.82641	398.65858	-202.06011	1.44732	349.35224	-231.58880	39.00823	83.44047	-236.46858	-32.53944	88.83633	-276.92023	-0.47836	104.62522	-380.57188	-112.24116	367.05666	-430.70096	-168.38812	349.26223	-548.65756	-160.77151	95.30565	-563.54146	-96.75942	117.56194	-586.38967	-140.85904	143.40098	-517.06174	-115.12001	72.80787	-185.94366	0.36258	78.01234	-263.62992	-25.84325	947.62597	-276.45730	2.79687	632.10352	-396.87212	-52.96677	969.56580	-385.62592	-47.83516	783.51391	-394.57630	-23.20892	681.41067	-400.71915	-92.72526	698.73545	-373.73288	-237.81861	445.56110	-243.94817	76.49952	463.69547	-481.40151	-232.21884	235.99602	-205.69948	78.76403	245.92993	
285	2.840	-286.82615	-170.67878	659.68608	-175.02873	-67.01460	395.31703	-192.40102	-0.64829	346.59079	-222.61151	38.50160	80.73193	-228.85775	-32.99614	86.29717	-268.74672	-0.37611	101.88794	-368.62476	-112.62974	364.11183	-419.53328	-168.27543	347.04198	-543.66474	-161.57629	96.01735	-558.05675	-97.66372	118.76325	-579.72247	-141.82118	145.40473	-513.52588	-115.61018	72.17673	-177.44430	-0.88746	75.70902	-253.36125	-23.81940	945.89889	-264.82190	2.26402	630.53601	-386.51738	-51.66710	967.26031	-374.05097	-48.43415	781.46167	-382.97288	-23.92708	679.86640	-389.12417	-93.58654	696.71798	-363.04540	-238.10532	443.33154	-231.95750	74.57793	461.66561	-472.53587	-232.51175	235.11217	-195.28900	77.10545	243.36004	
286	2.850	-274.87402	-171.30869	657.27865	-166.71694	-68.83083	392.15617	-183.61379	-1.72690	344.03886	-215.98244	38.45398	78.40041	-223.18950	-32.96110	84.31478	-262.53606	0.06394	99.83294	-355.70310	-113.01002	360.93224	-407.47240	-168.06431	344.54209	-537.87738	-162.35617	96.81512	-551.71675	-98.52479	120.00970	-572.05591	-142.71076	147.50060	-509.40509	-116.11866	71.52320	-171.13319	-1.51947	73.64839	-243.10061	-21.85477	944.43603	-253.32874	1.87950	629.33813	-376.15257	-50.50897	965.08011	-362.22964	-49.41351	779.60838	-371.35389	-25.00033	678.74204	-377.30624	-94.81844	694.87811	-351.72133	-238.33148	440.93737	-220.99341	73.43096	459.92307	-462.75648	-232.74062	234.13775	-186.66205	76.27274	240.97489	
287	2.860	-262.63302	-171.82588	654.79247	-158.61089	-69.17612	389.29068	-175.71310	-1.70595	341.79077	-211.34218	38.98126	76.46510	-219.17693	-32.33714	82.90992	-257.99398	0.98741	98.45279	-341.87189	-113.36249	357.56723	-394.56750	-167.75095	341.80631	-531.29079	-163.07037	97.74392	-544.48855	-99.28359	121.31136	-563.38984	-143.44255	149.69502	-504.64544	-116.64373	70.90749	-166.69827	-1.46035	71.86615	-232.86410	-19.98950	943.25729	-242.05672	1.67969	628.54862	-365.78831	-49.54989	963.07814	-350.22119	-50.76721	778.00120	-359.79425	-26.40950	678.06009	-365.33225	-96.39471	693.24789	-339.77852	-238.46877	438.41919	-211.15159	73.14503	458.53200	-452.12999	-232.88035	233.12862	-179.62242	76.38053	238.82256	
288	2.870	-250.16964	-172.18229	652.27653	-150.76300	-68.05648	386.80222	-168.70510	-0.57866	339.91682	-208.27903	40.13869	74.92379	-216.50118	-31.08420	82.06898	-254.79181	2.48981	97.70337	-327.21067	-113.66608	354.08956	-380.87490	-167.33512	338.89916	-523.90610	-163.69108	98.85822	-536.35143	-99.89585	122.68626	-553.74644	-143.94806	152.00140	-499.18245	-117.19336	70.40438	-163.78520	-0.69991	70.38055	-222.67070	-18.26346	942.37862	-231.07563	1.69660	628.18989	-355.43878	-48.84149	961.30352	-338.09098	-52.47093	776.68130	-348.36122	-28.11772	677.83006	-353.27058	-98.27125	691.85856	-327.23756	-238.49111	435.83627	-202.47787	73.74413	457.53916	-440.72761	-232.91364	232.16023	-173.92989	77.46554	236.93394	
289	2.880	-237.55567	-172.33438	649.79134	-143.25637	-65.58537	384.73442	-162.58494	1.58269	338.45777	-206.38048	41.90890	73.75329	-214.84206	-29.22943	81.74562	-252.60414	4.59413	97.50822	-311.80775	-113.89989	350.59361	-366.45397	-166.82089	335.90349	-515.72494	-164.20732	100.21679	-527.29512	-100.33790	124.15870	-543.16723	-144.18408	154.43797	-492.93866	-117.78532	70.09806	-162.03380	0.70699	69.19225	-212.54127	-16.71439	941.81210	-220.44030	1.95392	628.26602	-345.12143	-48.42585	959.79925	-325.90712	-54.48229	775.68156	-337.10964	-30.07060	678.04810	-341.18760	-100.38683	690.73934	-314.12282	-238.37785	433.26527	-194.96201	75.18531	456.96873	-428.61616	-232.83352	231.32236	-169.33783	79.48040	235.31991	
290	2.890	-224.86611	-172.24814	647.40628	-136.19291	-61.97397	383.09269	-157.33514	4.63204	337.42277	-205.27877	44.19994	72.91318	-213.90479	-26.86847	81.86595	-251.14127	7.23843	97.76650	-295.75437	-114.04434	347.19122	-351.36343	-166.21669	332.91600	-506.74447	-164.62575	101.87534	-517.31733	-100.60906	125.75575	-531.70815	-144.13747	157.02389	-485.82342	-118.44521	70.07467	-161.11071	2.64654	68.28634	-202.49721	-15.37593	941.56571	-210.18635	2.46374	628.76213	-334.85629	-48.33217	958.60008	-313.73732	-56.74254	775.02454	-326.07880	-32.19848	678.69722	-329.14477	-102.66592	689.91588	-300.46344	-238.11630	430.79653	-188.53764	77.36254	456.81911	-415.85071	-232.64419	230.71120	-165.62908	82.29790	233.97248	
291	2.900	-212.17679	-171.90323	645.19538	-129.67904	-57.51034	381.84883	-152.92496	8.36318	336.79115	-204.68259	46.85438	72.35202	-213.43909	-24.15681	82.33675	-250.17105	10.27697	98.36363	-279.13953	-114.08211	344.00553	-335.65863	-165.53489	330.04131	-496.95354	-164.96851	103.87795	-506.42077	-100.73047	127.50214	-519.43298	-143.82537	159.77379	-477.73507	-119.20237	70.41317	-160.73359	4.95914	67.63600	-192.55879	-14.27586	941.64265	-200.32824	3.22423	629.64539	-324.66488	-48.57410	957.73071	-301.64590	-59.17970	774.72108	-315.29120	-34.42100	679.74838	-317.19645	-105.02349	689.40851	-286.29424	-237.70332	428.52835	-183.08886	80.11845	457.06267	-402.46963	-232.36015	230.41941	-162.64182	85.72470	232.86965	
292	2.910	-199.56174	-171.29557	643.23223	-123.81066	-52.52969	380.94949	-149.31036	12.53003	336.51787	-204.39072	49.66815	72.01493	-213.24905	-21.29264	83.05559	-249.52781	13.49573	99.18324	-262.04573	-113.99909	341.16343	-319.38985	-164.79102	327.38521	-486.33024	-165.26864	106.24834	-494.61007	-100.74063	129.41465	-506.40549	-143.29144	162.69186	-468.56564	-120.08462	71.17592	-160.68415	7.45773	67.20706	-182.74341	-13.43475	942.04045	-190.85973	4.21881	630.86739	-314.56876	-49.14801	957.20454	-289.69158	-61.71313	774.76955	-304.75334	-36.65331	681.16211	-305.38859	-107.37123	689.23040	-271.65665	-237.14608	426.56013	-178.46275	83.26190	457.64863	-388.49261	-232.00396	230.52585	-160.27994	89.52268	231.98223	
293	2.920	-187.09030	-170.43807	641.58430	-118.65982	-47.37982	380.32691	-146.43429	16.87107	336.54143	-204.28818	52.41623	71.85082	-213.19398	-18.49316	83.92159	-249.10871	16.64000	100.11865	-244.54589	-113.78584	338.78756	-302.60177	-164.00300	325.04804	-474.84133	-165.56421	108.98286	-481.88908	-100.68877	131.49681	-492.68152	-142.59892	165.76636	-458.20772	-121.11291	72.40018	-160.80999	9.94872	66.96260	-173.06383	-12.86503	942.74990	-181.75671	5.41690	632.36788	-304.58789	-50.03261	957.02315	-277.92581	-64.25879	775.15597	-294.45830	-38.81336	682.89054	-293.75844	-109.62476	689.38594	-256.59936	-236.46186	424.98519	-174.48556	86.58861	458.50875	-373.92164	-231.60327	231.08651	-158.50702	93.43490	231.28086	
294	2.930	-174.82450	-169.35929	640.30745	-114.26433	-42.38610	379.90965	-144.22699	21.13474	336.79300	-204.32885	54.88130	71.81791	-213.18208	-15.96823	84.84524	-248.86064	19.44954	101.08231	-226.70173	-113.43926	336.98870	-285.33399	-163.19037	323.11887	-462.44361	-165.89218	112.04627	-468.25908	-100.62739	133.73509	-478.30209	-141.82202	168.96597	-446.56257	-122.29682	74.09218	-161.01726	12.25282	66.86690	-163.52664	-12.57081	943.75399	-172.98170	6.77620	634.07923	-294.73894	-51.18990	957.17652	-266.39189	-66.73495	775.85490	-284.38961	-40.82917	684.87952	-282.33497	-111.71061	689.86935	-241.17842	-235.67717	423.88437	-170.98021	89.90161	459.56497	-358.74465	-231.18767	232.12816	-157.32693	97.21289	230.74117	
295	2.940	-162.81663	-168.10059	639.44131	-110.62171	-37.82084	379.63174	-142.60664	25.10266	337.20499	-204.51051	56.88084	71.88668	-213.15984	-13.89514	85.75585	-248.76214	21.69498	102.01172	-208.56365	-112.96431	335.85941	-267.62203	-162.37381	321.67113	-449.08724	-166.28340	115.37174	-453.71813	-100.60528	136.09742	-463.28893	-141.03710	172.23877	-433.54831	-123.63200	76.22471	-161.25721	14.22323	66.88814	-154.13116	-12.54822	945.02712	-164.48948	8.24608	635.93120	-285.03373	-52.56761	957.64396	-255.12476	-69.06759	776.83109	-274.52583	-42.64516	687.07063	-271.13988	-113.57210	690.66373	-225.45645	-234.82612	423.32092	-167.78195	93.02898	460.73792	-342.94075	-230.78586	233.64586	-156.75730	100.64165	230.34638	
296	2.950	-151.10754	-166.71187	639.00589	-107.68770	-33.88071	379.43876	-141.48061	28.60781	337.71789	-204.84872	58.28880	72.03985	-213.09993	-12.39826	86.60588	-248.80460	23.20929	102.87128	-190.17169	-112.37530	335.46954	-249.49878	-161.57484	320.75993	-434.72059	-166.75912	118.86506	-438.26194	-100.66202	138.53440	-447.64340	-140.31491	175.51435	-419.10719	-125.09987	78.73896	-161.51035	15.75900	66.99983	-144.86880	-12.78644	946.53471	-156.23287	9.77171	637.85544	-275.47785	-54.10285	958.39568	-244.15123	-71.19498	778.04157	-264.84518	-44.22655	689.40281	-260.18902	-115.17351	691.74073	-209.50054	-233.94828	423.33714	-164.75042	95.83690	461.95476	-326.48664	-230.42344	235.60451	-156.80268	103.55938	230.08699	
297	2.960	-139.72574	-165.24696	638.99988	-105.37950	-30.67498	379.29039	-140.74754	31.54562	338.28450	-205.35448	59.04864	72.27010	-212.99000	-11.53634	87.37175	-248.97682	23.90909	103.65034	-171.55771	-111.69635	335.86370	-230.99571	-160.81560	320.42106	-419.29619	-167.32960	122.41287	-421.88581	-100.82466	140.98305	-431.34909	-139.71447	178.70898	-403.21070	-126.66975	81.55035	-161.77141	16.81215	67.18098	-135.72308	-13.26907	948.23335	-148.16788	11.29837	639.78927	-266.06979	-55.72675	959.39473	-233.49060	-73.07109	779.43803	-255.32942	-45.56140	691.81386	-249.49386	-116.50184	693.06067	-193.37898	-233.08603	423.95300	-161.77660	98.23712	463.15546	-309.36283	-230.12157	237.94422	-157.43348	105.86973	229.95855	
298	2.970	-128.68734	-163.75899	639.40070	-103.58283	-28.22528	379.15993	-140.30045	33.87708	338.87138	-206.01931	59.17627	72.57621	-212.82415	-11.29917	88.05148	-249.25498	23.80289	104.35817	-152.74804	-110.96068	337.06079	-212.14412	-160.11856	320.67156	-402.77693	-167.99442	125.89357	-404.58718	-101.10660	143.37250	-414.37735	-139.27900	181.73280	-385.86197	-128.30279	84.55747	-162.03730	17.38805	67.41526	-126.67026	-13.97592	950.07165	-140.25758	12.77532	641.67854	-256.80044	-57.36949	960.59920	-223.15530	-74.66757	780.96934	-245.96672	-46.66011	694.24159	-239.06273	-117.56624	694.57352	-177.15724	-232.28172	425.16648	-158.78471	100.18864	464.29670	-291.55944	-229.89633	240.58845	-158.57451	107.54550	229.95833	
299	2.980	-117.99688	-162.29659	640.16615	-102.16199	-26.47603	379.03159	-140.03071	35.62400	339.45791	-206.80890	58.75312	72.95895	-212.59749	-11.61336	88.65986	-249.59899	22.98544	105.01723	-133.76676	-110.20881	339.05518	-192.97612	-159.50615	321.51136	-385.14168	-168.74433	129.18928	-386.36817	-101.50837	145.63038	-396.69480	-139.03382	184.49803	-367.09504	-129.95727	87.65272	-162.29953	17.53943	67.68987	-117.68050	-14.88481	951.99172	-132.47421	14.15893	643.47934	-247.65318	-58.96546	961.96432	-213.15149	-75.97428	782.58393	-236.75288	-47.55255	696.62508	-228.90184	-118.39524	696.22039	-160.89383	-231.57467	426.95552	-155.72955	101.69415	465.35299	-273.08069	-229.75880	243.45341	-160.10436	108.62405	230.08204	
300	2.990	-107.64880	-160.90112	641.23749	-100.97164	-25.31301	378.89678	-139.83263	36.85772	340.03370	-207.66483	57.91092	73.41748	-212.30397	-12.35591	89.22221	-249.95477	21.62034	105.65609	-114.63899	-109.48580	341.81922	-173.52577	-159.00006	322.92552	-366.38944	-169.56382	132.19689	-367.23718	-102.01990	147.68898	-378.27092	-138.98596	186.92652	-346.97147	-131.59417	90.73287	-162.54110	17.35536	67.99409	-108.71952	-15.97331	953.93130	-124.79950	15.41465	645.15868	-238.60441	-60.45788	963.44448	-203.47944	-76.99841	784.23181	-227.69115	-48.28345	698.90588	-219.01561	-119.03235	697.93567	-144.63722	-230.99849	429.28114	-152.59051	102.79233	466.31532	-253.94799	-229.71569	246.45737	-161.86466	109.19544	230.32135	
301	3.000	-97.62925	-159.60534	642.54350	-99.86885	-24.58662	378.75047	-139.60818	37.68352	340.59530	-208.51245	56.81117	73.94699	-211.93647	-13.37314	89.76796	-250.26055	19.91433	106.30316	-95.39417	-108.83781	345.30663	-153.83049	-158.62033	324.88683	-346.54114	-170.43426	134.83642	-347.20932	-102.62363	149.48990	-359.08445	-139.12551	188.95542	-325.57452	-133.18231	93.70780	-162.73739	16.94696	68.31830	-99.75045	-17.22025	955.82629	-117.22317	16.51793	646.69420	-229.62458	-61.80263	964.99482	-194.13362	-77.76250	785.86635	-218.79049	-48.90666	701.02949	-209.40668	-119.53066	699.64970	-128.42459	-230.57892	432.09111	-149.36378	103.54741	467.18787	-234.20121	-229.77022	249.52828	-163.67656	109.38570	230.66263	
302	3.010	-87.91808	-158.43327	644.00510	-98.72412	-24.13590	378.58833	-139.27156	38.22322	341.14298	-209.27226	55.62267	74.53778	-211.48840	-14.50154	90.32484	-250.45548	18.08808	106.98191	-76.06908	-108.30857	349.45614	-133.93281	-158.38413	327.35795	-325.63875	-171.33680	137.05550	-326.30569	-103.29809	150.98677	-339.12737	-139.42849	190.53995	-303.00188	-134.70201	96.50636	-162.85980	16.43221	68.65326	-90.73595	-18.60685	957.61354	-109.74012	17.45385	648.07313	-220.67957	-62.97084	966.57248	-185.10260	-78.30154	787.44553	-210.06267	-49.47912	702.94688	-200.07517	-119.94714	701.29170	-112.28290	-230.33246	435.32362	-146.05402	104.03767	467.98351	-213.89807	-229.92313	252.60868	-165.36100	109.33761	231.08713	
303	3.020	-78.49047	-157.40114	645.54017	-97.43017	-23.80987	378.40506	-138.75307	38.59852	341.67820	-209.87198	54.50053	75.17573	-210.95559	-15.58769	90.91465	-250.48810	16.34816	107.70811	-56.71032	-107.93590	354.19493	-113.88250	-158.30433	330.29309	-303.74153	-172.25515	138.82929	-304.55183	-104.02148	152.14553	-318.40614	-139.86124	191.65300	-279.35800	-136.14685	99.07842	-162.88075	15.92178	68.98993	-81.64008	-20.11747	959.23370	-102.34679	18.21600	649.29076	-211.73229	-63.95020	968.13741	-176.36870	-78.65969	788.93273	-201.51867	-50.05511	704.61608	-191.01767	-120.33733	702.79283	-96.23248	-230.26603	438.91031	-142.66701	104.34439	468.71907	-193.11179	-230.17373	255.65721	-166.75897	109.19191	231.57227	
304	3.030	-69.31821	-156.51899	647.06797	-95.90757	-23.48352	378.19389	-138.00185	38.91732	342.20204	-210.25680	53.56948	75.84371	-210.33787	-16.50449	91.55078	-250.32314	14.86403	108.48890	-37.37615	-107.74890	359.44139	-93.73878	-158.38812	333.63874	-280.92019	-173.17765	140.15622	-281.97613	-104.77493	152.94282	-296.94043	-140.38610	192.28172	-254.74683	-137.52311	101.39341	-162.77873	15.50766	69.31966	-72.43010	-21.73987	960.63375	-95.03716	18.80464	650.34860	-202.74443	-64.74502	969.65282	-167.90769	-78.88680	790.29714	-193.16480	-50.68151	706.00353	-182.22581	-120.75076	704.08914	-80.29240	-230.37746	442.77810	-139.20388	104.54259	469.41099	-171.92712	-230.52067	258.64666	-167.74858	109.07133	232.09383	
305	3.040	-60.37033	-155.79257	648.51310	-94.10672	-23.06715	377.94700	-136.98699	39.26419	342.71453	-210.39631	52.91334	76.52367	-209.63975	-17.16187	92.23760	-249.94534	13.75282	109.32357	-18.13759	-107.76563	365.10657	-73.57221	-158.63554	337.33346	-257.24995	-174.09887	141.05052	-258.60911	-105.54531	153.36274	-274.76036	-140.96780	192.42204	-229.26649	-138.84719	103.43573	-162.54219	15.25577	69.63461	-63.07783	-23.46512	961.76913	-87.79920	19.22469	651.25241	-193.67823	-65.37497	971.08528	-159.68852	-79.03509	791.51370	-184.99918	-51.39434	707.08505	-173.68476	-121.22764	705.12419	-64.48644	-230.65668	446.84966	-135.65757	104.69454	470.07198	-150.43525	-230.96244	261.55899	-168.25628	109.06920	232.62864	
306	3.050	-51.61317	-155.22497	649.80846	-92.00604	-22.50905	377.65636	-135.69655	39.69549	343.21476	-210.28709	52.57119	77.19894	-208.87016	-17.51150	92.97149	-249.36008	13.07290	110.20553	0.92162	-107.99149	371.09427	-53.46582	-159.03839	341.30671	-232.80432	-175.02048	141.53320	-234.48416	-106.32732	153.39290	-251.90351	-141.57981	192.07232	-203.00649	-140.14154	105.19833	-162.17168	15.20278	69.92837	-53.56070	-25.28725	962.60530	-80.61203	19.48382	652.01035	-184.49813	-65.87291	972.40464	-151.67327	-79.15626	792.56271	-177.00878	-52.21674	707.84619	-165.37180	-121.79679	705.85109	-48.84825	-231.08717	451.04252	-132.01129	104.84621	470.70893	-128.72820	-231.49748	264.37832	-168.26076	109.24353	233.15707	
307	3.060	-43.00987	-154.81785	650.89731	-89.60682	-21.79266	377.31458	-134.13430	40.23891	343.70117	-209.95106	52.53989	77.85636	-208.04145	-17.54559	93.74297	-248.59079	12.82591	111.12506	19.70613	-108.41807	377.29964	-33.51504	-159.57948	345.47712	-207.65120	-175.95147	141.62320	-209.64067	-107.12486	153.02045	-228.41310	-142.21003	191.22747	-176.04865	-141.43003	106.67573	-161.67983	15.35703	70.19651	-43.86237	-27.20255	963.11853	-73.44432	19.59088	652.63119	-175.17229	-66.28200	973.58375	-143.81740	-79.29908	793.42916	-169.16778	-53.15853	708.28186	-157.25516	-122.47499	706.23391	-33.42403	-231.64723	455.26748	-128.23873	105.02652	471.32193	-106.89351	-232.12395	267.08323	-167.78934	109.61641	233.66524	
308	3.070	-34.51976	-154.57196	651.73421	-86.92542	-20.92996	376.91536	-132.31413	40.89638	344.17178	-209.43032	52.78161	78.48812	-207.16759	-17.29110	94.53954	-247.67412	12.96565	112.07248	38.11151	-109.02225	383.60665	-13.82611	-160.23231	349.75050	-181.85280	-176.90770	141.33032	-184.12935	-107.95160	152.22899	-204.33852	-142.86460	189.87489	-148.47173	-142.73367	107.85775	-161.08946	15.70271	70.43704	-33.97296	-29.20887	963.29605	-66.25407	19.55497	653.12282	-165.67390	-66.65246	974.59814	-136.07032	-79.50763	794.10174	-161.43701	-54.21713	708.39525	-149.29346	-123.26749	706.24837	-18.27169	-232.31065	459.42695	-124.30518	105.24883	471.90430	-85.01011	-232.83893	269.63981	-166.90755	110.17790	234.14632	
309	3.080	-26.09758	-154.48697	652.28506	-83.98372	-19.95322	376.45332	-130.25254	41.64914	344.62382	-208.77965	53.23432	79.09310	-206.26216	-16.80092	95.34862	-246.65330	13.41136	113.04121	56.02812	-109.76556	389.88522	5.48742	-160.96133	354.01840	-155.47017	-177.91100	140.65119	-158.02010	-108.83076	150.99690	-179.73896	-143.56971	187.99310	-120.35997	-144.06755	108.72515	-160.42994	16.20600	70.65068	-23.88898	-31.30485	963.13549	-58.98975	19.38499	653.49095	-155.98221	-67.03821	975.42560	-128.37634	-79.82002	794.57180	-153.76493	-55.37959	708.19614	-141.43577	-124.16953	705.88178	-3.45594	-233.04674	463.41427	-120.16901	105.51368	472.44317	-63.14602	-233.63754	271.99709	-165.70376	110.89297	234.60076	
310	3.090	-17.69310	-154.56074	652.52642	-80.79899	-18.90667	375.92310	-127.96001	42.46385	345.05280	-208.05766	53.82351	79.67770	-205.33607	-16.14377	96.16031	-245.57089	14.06303	114.03040	73.34639	-110.59362	395.98915	24.30980	-161.72269	358.15781	-128.57249	-178.98782	139.56883	-131.41140	-109.79404	149.29774	-154.69011	-144.37068	185.55377	-91.81448	-145.43949	109.24791	-159.73279	16.82221	70.84089	-13.61299	-33.48919	962.64390	-51.59279	19.08988	653.73806	-146.08327	-67.49367	976.04590	-120.67594	-80.26760	794.83220	-146.08981	-56.62537	707.69885	-133.62246	-125.16852	705.13249	10.96023	-233.81964	467.11496	-115.78286	105.81213	472.92016	-41.35868	-234.51165	274.08597	-164.27113	111.70986	235.03544	
311	3.100	-9.25140	-154.78831	652.44431	-77.37419	-17.83935	375.31785	-125.43212	43.29847	345.45065	-207.31799	54.47305	80.25599	-204.39520	-15.39436	96.96945	-244.46143	14.81603	115.04683	89.96315	-111.43617	401.75590	42.52979	-162.46558	362.03282	-101.25016	-180.16762	138.05584	-104.44048	-110.87987	147.10291	-129.29336	-145.32853	182.52701	-62.96636	-146.85054	109.38661	-159.02678	17.50250	71.01354	-3.15303	-35.76006	961.83628	-44.00104	18.67903	653.86256	-135.97042	-68.07074	976.44053	-112.90731	-80.87438	794.87634	-138.34306	-57.92949	706.92008	-125.78695	-126.24670	704.00893	24.92641	-234.58737	470.41040	-111.09460	106.12884	473.31209	-19.69790	-235.44865	275.82243	-162.68947	112.56857	235.46166	
312	3.110	-0.71378	-155.16092	652.03297	-73.68992	-16.79977	374.62721	-122.64194	44.10738	345.80347	-206.60118	55.11415	80.84929	-203.43812	-14.62479	97.77689	-243.34481	15.57365	116.10587	105.78862	-112.20800	407.00955	60.04824	-163.13414	365.49890	-73.62977	-181.48111	136.08080	-77.29254	-112.13090	144.38677	-103.68616	-146.51439	178.88963	-33.98943	-148.29693	109.09671	-158.33344	18.19958	71.17628	7.47807	-38.11460	960.73401	-36.15302	18.16297	653.85823	-125.64444	-68.81628	976.59261	-105.00814	-81.65670	794.69735	-130.45328	-59.26567	705.87700	-117.85824	-127.38370	702.52853	38.41591	-235.30109	473.18406	-106.04796	106.44464	473.59128	1.78879	-236.43039	277.11479	-161.00900	113.40814	235.89216	
313	3.120	7.98026	-155.66525	651.29379	-69.69883	-15.83252	373.83526	-119.53459	44.84528	346.08902	-205.92792	55.69149	81.48502	-202.45387	-13.89805	98.58978	-242.22073	16.25626	117.23133	120.75335	-112.81148	411.56773	76.78568	-163.66999	368.41003	-45.88860	-182.95816	133.61688	-50.20723	-113.59066	141.13370	-78.05138	-148.00207	174.63517	-5.11053	-149.77295	108.33551	-157.66307	18.87173	71.33763	18.26349	-40.54858	959.36333	-27.99236	17.55379	653.71391	-115.11337	-69.76984	976.48713	-96.91759	-82.62285	794.28787	-122.35087	-60.60898	704.58590	-109.76416	-128.55894	700.71672	51.43472	-235.90538	475.32989	-100.58333	106.73822	473.72585	23.04902	-237.43228	277.87443	-159.23804	114.17244	236.33758	
314	3.130	16.89032	-156.28339	650.23485	-65.32365	-14.97648	372.91883	-116.02526	45.46982	346.27459	-205.29383	56.16667	82.19485	-201.41992	-13.26354	99.42097	-241.06457	16.80691	118.45420	134.81437	-113.14139	415.25268	92.68903	-164.01560	370.62860	-18.26557	-184.62556	130.65152	-23.48045	-115.29963	137.34648	-52.62360	-149.85952	169.78458	23.38518	-151.27382	107.07061	-157.01171	19.48505	71.50586	29.18335	-43.05610	957.75387	-19.47217	16.86532	653.41367	-104.39203	-70.96173	976.11136	-88.57849	-83.77265	793.64019	-113.97265	-61.93790	703.06151	-101.43521	-129.75349	698.60629	64.02614	-236.34001	476.76176	-94.63917	106.98711	473.67995	44.01805	-238.42312	278.02810	-157.33554	114.81394	236.80267	
315	3.140	26.07159	-156.99347	648.87109	-60.45899	-14.26436	371.84656	-112.00114	45.94313	346.31589	-204.66602	56.51896	83.01235	-200.30044	-12.75467	100.28770	-239.82496	17.19376	119.81037	147.95965	-113.09267	417.90594	107.73606	-164.11844	372.03736	8.93449	-186.50436	127.19567	2.54056	-117.29047	133.05478	-27.68969	-152.13994	164.39553	51.15607	-152.79800	105.28896	-156.35910	20.01408	71.68783	40.21560	-45.62936	955.93770	-10.55882	16.11282	652.93738	-93.50130	-72.41151	975.45582	-79.93956	-85.09703	792.74725	-105.26620	-63.23547	701.31723	-92.80856	-130.95124	696.23706	76.26940	-236.54386	477.42264	-88.15415	107.16792	473.41454	64.61197	-239.36572	277.53009	-155.20913	115.29592	237.28275	
316	3.150	35.57091	-157.77108	647.22518	-54.97742	-13.72302	370.57936	-107.32749	46.23263	346.15756	-203.98132	56.74413	83.97009	-199.04515	-12.38814	101.20980	-238.42306	17.40972	121.33745	160.21010	-112.57096	419.40534	121.93679	-163.93589	372.55215	35.34564	-188.60687	123.29126	27.47008	-119.58294	128.32223	-3.58195	-154.87308	158.56881	77.81469	-154.34806	103.00483	-155.66751	20.44113	71.88802	51.33696	-48.25841	953.94859	-1.23483	15.31215	652.26198	-82.46701	-74.12664	974.51549	-70.95773	-86.57761	791.60419	-96.19358	-64.48964	699.36622	-83.83217	-132.13938	693.65611	88.27152	-236.46092	477.29197	-81.07025	107.25633	472.88880	84.72320	-240.21882	276.37181	-152.71863	115.59316	237.76096	
317	3.160	45.42289	-158.59135	645.32898	-48.73916	-13.37422	369.07264	-101.85739	46.31134	345.73577	-203.14636	56.85180	85.09657	-197.58878	-12.16479	102.20764	-236.75375	17.47020	123.07109	171.61859	-111.50571	419.68187	135.33118	-163.44089	372.13369	60.55657	-190.93334	119.01547	50.90523	-122.17881	123.25051	19.33750	-158.05780	152.44986	102.94784	-155.92995	100.26536	-154.88150	20.75480	72.10791	62.52385	-50.93090	951.82184	8.49951	14.47855	651.36333	-71.31871	-76.10155	973.29154	-61.60047	-88.18646	790.21056	-86.73403	-65.69276	697.22315	-74.46840	-133.30820	690.91810	100.15314	-236.04807	476.38988	-73.33658	107.22684	472.06251	104.21933	-240.94047	274.58691	-149.68468	115.69153	238.20688	
318	3.170	55.64621	-159.43141	643.22504	-41.60460	-13.23550	367.28039	-95.44419	46.15791	344.98315	-202.03951	56.86191	86.41341	-195.85152	-12.07155	103.30033	-234.68879	17.40929	125.04102	182.26583	-109.86422	418.73395	147.98282	-162.62759	370.79643	84.13710	-193.46882	114.48061	72.45482	-125.05751	117.97883	40.70085	-161.65686	146.22420	126.14522	-157.55069	97.15237	-153.92846	20.94825	72.34598	73.75318	-53.63180	949.59441	18.62600	13.62512	650.21879	-60.08823	-78.31706	971.79316	-51.84780	-89.88626	788.57288	-76.88546	-66.84061	694.90662	-64.69695	-134.45035	688.08584	112.03013	-235.28394	474.77765	-64.91350	107.05277	470.89947	122.94621	-241.49319	272.25080	-145.90174	115.58684	238.57695	
319	3.180	66.24100	-160.27293	640.96802	-33.44829	-13.32114	365.16125	-87.95528	45.75668	343.83586	-200.51497	56.80088	87.93295	-193.74038	-12.08446	104.50415	-232.08213	17.27486	127.26755	192.25317	-107.66482	416.63607	159.96932	-161.51677	368.61269	105.67370	-196.18086	109.82912	91.77320	-128.17360	112.67810	60.16523	-165.59515	140.10639	147.03432	-159.21498	93.77942	-152.71992	21.01755	72.59845	85.00304	-56.34304	947.30539	29.10983	12.76133	648.81029	-48.80830	-80.74027	970.03959	-41.69407	-91.63103	786.70737	-66.66449	-67.93106	692.44160	-54.51669	-135.55984	685.23038	123.99397	-234.17758	472.55427	-55.77658	106.70657	469.37180	140.73557	-241.85069	269.47421	-141.15462	115.28300	238.81718	
320	3.190	77.18731	-161.10435	638.62521	-24.17268	-13.64300	362.68586	-79.28543	45.09770	342.24227	-198.40920	56.69754	89.65700	-191.15179	-12.17260	105.83140	-228.77739	17.12266	129.75860	201.69327	-104.98643	413.53953	171.37065	-160.15980	365.71072	124.81001	-199.01894	105.22341	108.59496	-131.45718	107.53943	77.44642	-169.76257	134.32299	165.31710	-160.92159	90.28408	-151.15356	20.96055	72.86082	96.25324	-59.04332	944.99661	39.90239	11.89162	647.12788	-37.51108	-83.32514	968.06180	-31.14899	-93.36759	784.64230	-56.10502	-68.96282	689.86189	-43.94610	-136.63098	682.43060	136.09437	-232.77543	469.84964	-45.91969	106.16069	467.46483	157.41672	-242.00537	266.39207	-135.23711	114.78975	238.86835	
321	3.200	88.44527	-161.92253	636.27601	-13.71967	-14.21126	359.84496	-69.36815	44.17673	340.17227	-195.54988	56.57934	91.57680	-187.97526	-12.30256	107.28983	-224.61734	17.00955	132.50811	210.69940	-101.97204	409.66363	182.25701	-158.64070	362.26619	141.28645	-201.91669	100.83174	122.76517	-134.81814	102.75805	92.35060	-174.02247	129.09146	180.80331	-162.66064	86.81590	-149.11602	20.77645	73.13010	107.48557	-61.70789	942.71321	50.94518	11.01455	645.17327	-26.22702	-86.01373	965.90366	-20.23794	-95.03792	782.41977	-45.25528	-69.93436	687.21192	-33.02227	-137.65760	679.77181	148.32754	-231.16514	466.81545	-35.35688	105.38896	465.18207	172.83132	-241.97558	263.14950	-127.97128	114.12012	238.67376	
322	3.210	99.95704	-162.73349	634.00993	-2.07862	-15.03485	356.65685	-58.18351	42.99524	337.62583	-191.76710	56.46888	93.67453	-184.09794	-12.44316	108.88242	-219.45515	16.98611	135.49564	219.37487	-98.82391	405.27761	192.67834	-157.07496	358.48782	154.97233	-204.79736	96.81158	134.25951	-138.15469	98.51465	104.79844	-178.22565	124.59791	193.43447	-164.41295	83.52177	-146.48625	20.46613	73.40746	118.68387	-64.30869	940.50400	62.17466	10.12240	642.96309	-14.98390	-88.73835	963.62234	-9.00119	-96.58238	780.09625	-34.17377	-70.84350	684.54774	-21.79834	-138.63277	677.34332	160.63260	-229.47435	463.61488	-24.12231	104.36850	462.54970	186.84915	-241.81065	259.88763	-119.22577	113.28778	238.18888	
323	3.220	111.65036	-163.55218	631.92313	10.71067	-16.12145	353.17308	-45.76160	41.56037	334.63965	-186.90628	56.38102	95.92607	-179.40984	-12.57023	110.60735	-213.16631	17.08910	138.68757	227.80368	-95.78965	400.67478	202.65721	-155.60468	354.59868	165.88402	-207.58266	93.29306	143.18958	-141.36552	94.95701	114.83646	-182.22873	120.97737	203.29350	-166.15199	80.53095	-143.13961	20.03307	73.70084	129.83386	-66.81465	938.42145	73.52725	9.20159	640.53153	-3.80613	-91.42448	961.28752	2.50797	-97.94359	777.74193	-22.92433	-71.68751	681.93686	-10.33959	-139.54903	675.23493	172.89703	-227.86358	460.41201	-12.26852	103.08197	459.61981	199.38271	-241.59202	256.73128	-108.93102	112.30479	237.39219	
324	3.230	123.44362	-164.40114	630.11356	24.56037	-17.47675	349.48097	-32.18117	39.88479	331.29045	-180.84150	56.32057	98.30484	-173.80912	-12.67070	112.45814	-205.66009	17.33437	142.03956	236.04344	-93.13994	396.14250	212.18625	-154.38963	350.81583	174.18462	-210.20345	90.36522	149.79136	-144.36383	92.18498	122.63266	-185.91404	118.29980	210.59740	-167.84837	77.94231	-138.95227	19.48445	74.02711	140.92284	-69.19238	936.52117	84.94417	8.23366	637.93161	7.28553	-93.99452	958.97948	14.22611	-99.07071	775.43850	-11.57096	-72.46378	679.45680	1.28134	-140.39929	673.53260	184.97030	-226.51272	457.36181	0.13710	101.51987	456.47185	210.39785	-241.42881	253.78015	-97.08983	111.17983	236.29539	
325	3.240	135.25175	-165.30834	628.67531	39.34223	-19.10301	345.70238	-17.56370	37.98653	327.69421	-173.48745	56.28054	100.78591	-167.20680	-12.74609	114.42365	-196.88876	17.71088	145.49996	244.12127	-91.14039	391.93261	221.23042	-153.59435	347.33105	180.16451	-212.61035	88.06745	154.39777	-147.09023	90.24134	128.45607	-189.20685	116.56455	215.67321	-169.47585	75.81589	-133.80585	18.83204	74.41309	151.93927	-71.40731	934.86077	96.37548	7.19697	635.23512	18.27409	-96.37201	956.78603	26.08346	-99.92371	773.27556	-0.17287	-73.17096	677.19227	12.98982	-141.17810	672.31371	196.68300	-225.60266	454.60111	13.01697	99.68266	453.21164	219.91828	-241.44768	251.10366	-83.78155	109.91761	234.95142	
326	3.250	146.99248	-166.30422	627.69249	54.89953	-20.99659	341.98811	-2.06367	35.88882	324.00088	-164.80806	56.24098	103.34973	-159.53038	-12.81490	116.48800	-186.85281	18.17663	149.01360	252.03247	-90.02147	388.23725	229.73322	-153.37263	344.29566	184.20554	-214.78121	86.38780	157.40013	-149.52112	89.11003	132.64373	-192.08552	115.70387	218.92125	-171.01703	74.17021	-127.59177	18.09208	74.89511	162.87234	-73.42507	933.49806	107.78286	6.06883	632.53065	29.14619	-98.48624	954.79837	38.00824	-100.47710	771.34592	11.21960	-73.81016	675.23133	24.71448	-141.88307	671.64243	207.86784	-225.29442	452.24124	26.28863	97.58237	449.96772	228.02239	-241.77804	248.73931	-69.15916	108.51916	233.45798	
327	3.260	158.59209	-167.41842	627.23355	71.06164	-23.14492	338.50857	14.14373	33.61981	320.38513	-154.81988	56.16807	105.98435	-150.72565	-12.91383	118.63025	-175.60068	18.65705	152.52517	259.74203	-89.95153	385.17432	237.62549	-153.85093	341.81143	186.73562	-216.72304	85.26829	159.20542	-151.66997	88.72165	135.56103	-194.58111	115.59479	220.77194	-172.46658	72.98527	-120.21532	17.28392	75.51667	173.71169	-75.21327	932.48879	119.14090	4.82794	629.91981	39.89192	-100.27666	953.10637	49.93108	-100.72261	769.74017	22.56780	-74.38593	673.66050	36.39182	-142.51602	671.56580	218.37881	-225.70960	450.36269	39.86993	95.24345	446.88498	234.83238	-242.53500	246.69435	-53.43909	106.98305	231.95513	
328	3.270	169.99017	-168.67646	627.34654	87.65925	-25.52326	335.44169	30.87613	31.21241	317.03391	-143.58935	56.01348	108.68577	-140.75659	-13.09760	120.82418	-163.22231	19.04631	155.98187	267.18822	-91.01702	382.78507	244.83477	-155.11323	339.92841	188.18170	-218.46734	84.61638	160.19666	-153.58054	88.96492	137.56220	-196.76594	116.07692	221.64342	-173.83097	72.21026	-111.59894	16.42687	76.32442	184.44729	-76.74336	931.88379	130.43681	3.45686	627.51177	50.50449	-101.69689	951.79341	61.78911	-100.67050	768.54102	33.84602	-74.90674	672.55966	47.96976	-143.08362	672.11082	228.10555	-226.91547	449.01226	53.68347	92.70262	444.11601	240.49709	-243.80327	244.95049	-36.88449	105.30705	230.61601	
329	3.280	181.14283	-170.09682	628.05585	104.53834	-28.09178	332.95951	47.95708	28.70388	314.13227	-131.22367	55.71439	111.45571	-129.60352	-13.43725	123.03820	-149.83694	19.21208	159.33468	274.28799	-93.21322	381.04330	251.29391	-157.18956	338.64954	188.92878	-220.05977	84.32036	160.70221	-155.31347	89.70206	138.95749	-198.73338	116.97327	221.90638	-175.12425	71.77425	-101.68487	15.53573	77.36266	195.06947	-77.99261	931.72601	141.66877	1.94430	625.41652	60.98005	-102.71783	950.93148	73.52924	-100.34923	767.81797	45.04122	-75.38456	671.99674	59.40980	-143.59711	673.28304	236.98120	-228.91742	448.20279	67.65990	90.00781	441.81079	245.17176	-245.62477	243.47154	-19.78391	103.48939	229.63109	
330	3.290	192.02412	-171.68856	629.36069	121.57114	-30.79388	331.21524	65.22767	26.13528	311.84916	-117.85651	55.19441	114.29732	-117.26008	-14.01647	125.23583	-135.57687	19.00374	162.53859	280.94361	-96.44636	379.87357	256.94780	-160.05019	337.94015	189.29065	-221.54687	84.26604	160.97724	-156.92974	90.78544	139.99122	-200.57405	118.11053	221.86003	-176.36155	71.59791	-90.43691	14.61557	78.66727	205.56929	-78.94581	932.04741	152.84315	0.28699	623.73735	71.31750	-103.32961	950.57673	85.11029	-99.80342	767.62278	56.15132	-75.83379	672.02306	70.68758	-144.07134	675.06649	244.98373	-231.65948	447.91547	81.73991	87.21622	440.10569	248.99837	-247.99187	242.21339	-2.42742	101.52939	229.18762	
331	3.300	202.62555	-173.44986	631.23531	138.66291	-33.55647	330.33222	82.55539	23.55053	310.32476	-103.63076	54.36632	117.20944	-103.73002	-14.92590	127.37712	-120.56975	18.26407	165.55207	287.05049	-100.54626	379.17352	261.75808	-163.60666	337.74020	189.49480	-222.96320	84.35164	161.19777	-158.47499	92.07306	140.83240	-202.35427	119.33618	221.72100	-177.55207	71.60413	-77.84133	13.65693	80.26002	215.93899	-79.59665	932.86607	163.97108	-1.50904	622.56339	81.51840	-103.54216	950.76592	96.50382	-99.09030	767.98601	67.18241	-76.26939	672.66943	81.79207	-144.52288	677.42493	252.13175	-235.03222	448.10422	95.87487	84.39152	439.11296	252.09029	-250.84721	241.13446	14.91716	99.42690	229.44712	
332	3.310	212.95402	-175.36736	633.63088	155.75411	-36.29271	330.39605	99.83988	20.99498	309.66055	-88.68078	53.13723	120.18079	-89.02453	-16.25555	129.42110	-104.92265	16.84380	168.33658	292.50567	-105.28674	378.83534	265.70594	-167.71992	337.97645	189.68126	-224.32241	84.49864	161.46567	-159.96873	93.44092	141.57719	-204.10172	120.53010	221.62418	-178.69386	71.72627	-63.90672	12.63271	82.14415	226.17265	-79.94854	934.18383	175.06485	-3.42789	621.96278	91.58693	-103.38430	951.51402	107.69361	-98.27507	768.91493	78.14532	-76.70478	673.94334	92.72343	-144.96777	680.30400	258.47681	-238.88603	448.70174	110.02644	81.60059	438.91180	254.52410	-254.09002	240.20457	32.02547	97.18126	230.52452	
333	3.320	223.02839	-177.41657	636.47848	172.81821	-38.90740	331.45043	117.01548	18.51337	309.91313	-73.11698	51.41625	123.18524	-73.16080	-18.08570	131.32930	-88.71041	14.61784	170.85667	297.21687	-110.41067	378.76215	268.79328	-172.21454	338.57269	189.91297	-225.61389	84.65707	161.82135	-161.40037	94.79102	142.26060	-205.80121	121.61003	221.63308	-179.77179	71.91313	-48.66262	11.49793	84.30221	236.26684	-80.01477	935.98450	186.13462	-5.44393	621.97730	101.52987	-102.90147	952.81311	118.67402	-97.42550	770.39294	89.05197	-77.14967	675.82742	103.48991	-145.41918	683.63396	264.09404	-243.04752	449.62639	124.16551	78.90983	439.54179	256.33950	-257.58777	239.41011	48.73357	94.79013	232.47216	
334	3.330	232.87516	-179.56300	639.69318	189.85606	-41.30490	333.49682	134.05086	16.14734	311.09189	-57.01455	49.12449	126.17944	-56.16208	-20.47736	133.06959	-71.97039	11.50131	173.08093	301.11155	-115.65645	378.87732	271.04273	-176.89742	339.45679	190.19349	-226.80568	84.80514	162.26071	-162.73271	96.05488	142.87378	-207.40051	122.53106	221.75629	-180.75935	72.13054	-32.15671	10.19294	86.69627	246.22129	-79.81789	938.23297	197.18574	-7.52278	622.61884	111.35659	-102.15221	954.63262	129.44746	-96.60650	772.38027	99.91192	-77.60827	678.27921	114.10422	-145.88520	687.33268	269.07284	-247.33648	450.78944	138.27076	76.38137	440.99948	257.54690	-261.19153	238.75424	64.94910	92.24934	235.27133	
335	3.340	242.52384	-181.76430	643.17856	206.88784	-43.39848	336.49745	150.94612	13.93261	313.16068	-40.40764	46.20606	129.10323	-38.05874	-23.46343	134.61974	-54.70368	7.46316	174.98362	304.14537	-120.78297	379.12661	272.49686	-181.57813	340.56447	190.48830	-227.85226	84.94429	162.75307	-163.91131	97.19291	143.38335	-208.82396	123.28053	221.96654	-181.62351	72.36001	-14.45059	8.65001	89.27041	256.03934	-79.38837	940.87526	208.21704	-9.62310	623.86787	121.07904	-101.20373	956.92085	140.02146	-95.87493	774.81610	110.72952	-78.07805	681.23211	124.57979	-146.36718	691.30866	273.50864	-251.58191	452.10194	152.32715	74.06932	443.23825	258.14038	-264.75287	238.25256	80.65637	89.55449	238.83249	
336	3.350	252.00252	-183.97304	646.83166	223.94406	-45.12001	340.38073	167.72822	11.89622	316.04272	-23.28892	42.63875	131.88272	-18.88988	-27.04197	135.96950	-36.88198	2.53539	176.54626	306.30915	-125.59098	379.47481	273.21677	-186.08819	341.84038	190.74556	-228.70516	85.09123	163.25741	-164.87717	98.19077	143.74936	-209.99017	123.87007	222.21924	-182.33157	72.59540	4.38547	6.80251	91.95492	265.72831	-78.76266	943.83965	219.22030	-11.69920	625.67421	130.71154	-100.12699	959.60764	150.40562	-95.27543	777.62167	121.50195	-78.54925	684.59747	134.92727	-146.85872	695.46394	277.49568	-255.63547	453.48084	166.32469	72.01633	446.17145	258.11292	-268.13987	237.92568	95.91515	86.70427	243.00386	
337	3.360	261.33395	-186.14010	650.54785	241.05676	-46.42845	345.04818	184.44487	10.05418	319.62801	-5.61404	38.44250	134.43559	1.29541	-31.17241	137.12069	-18.45824	-3.18397	177.75854	307.63352	-129.93889	379.89964	273.28022	-190.29649	343.23759	190.91390	-229.32398	85.26930	163.73538	-165.57988	99.05395	143.93982	-210.82974	124.32686	222.46821	-182.85822	72.83862	24.27850	4.59526	94.67149	275.29956	-77.98066	947.03877	230.18081	-13.70429	627.95967	140.27063	-98.99152	962.60795	160.60902	-94.83735	780.70426	132.21827	-79.00501	688.26783	145.15173	-147.34549	699.69688	281.12097	-259.38185	454.85378	180.25759	70.25076	449.67833	257.47066	-271.25018	237.79099	110.85366	83.70527	247.58694	
338	3.370	270.53271	-188.21848	654.22565	258.25196	-47.31584	350.38176	201.15760	8.40987	323.78239	12.69038	33.68406	136.67762	22.43785	-35.77560	138.08485	0.62150	-9.53462	178.61795	308.19031	-133.75157	380.38507	272.77927	-194.11880	344.71630	190.95551	-229.68540	85.50065	164.16010	-165.98859	99.80166	143.94047	-211.29951	124.68553	222.67718	-183.19144	73.09518	45.15848	1.99456	97.33881	284.76823	-77.08302	950.37273	241.07912	-15.59421	630.62249	149.77469	-97.86060	965.82603	170.63814	-94.57314	783.96168	142.85975	-79.42228	692.12099	155.25084	-147.80575	703.90482	284.45910	-262.74528	456.16260	194.12412	68.78467	453.61221	256.24362	-274.01940	237.85587	125.65633	80.57696	252.35640	
339	3.380	279.60365	-190.16703	657.77096	275.54394	-47.80980	356.25085	217.93428	6.95350	328.35722	31.71626	28.47688	138.52950	44.46932	-40.73743	138.87887	20.40707	-16.30449	179.12785	308.09024	-137.02124	380.91596	271.81754	-197.52037	346.24248	190.85371	-229.78877	85.80061	164.52073	-166.09875	100.46083	143.75935	-211.39113	124.98174	222.82650	-183.33589	73.37053	66.96307	-1.00375	99.87789	294.15287	-76.10832	953.73291	251.89350	-17.33137	633.54305	159.24340	-96.78701	969.16001	180.49581	-94.47826	787.28700	153.40122	-79.77324	696.02489	165.21425	-148.21165	707.98669	287.56832	-265.69197	457.36525	207.92713	67.61286	457.81009	254.49126	-276.42397	238.11380	140.54698	77.35532	257.08179	
340	3.390	288.54171	-191.95385	661.10077	292.93164	-47.97221	362.51821	234.84145	5.66268	333.19880	51.56245	22.97559	139.92305	67.31570	-45.91606	139.51933	40.93578	-23.24585	179.29425	307.47693	-139.79998	381.47471	270.50711	-200.51172	347.78661	190.61535	-229.65737	86.17471	164.82313	-165.93386	101.06102	143.42663	-211.13273	125.24786	222.91515	-183.31339	73.66739	89.64073	-4.36937	102.21681	303.47466	-75.09061	957.00646	262.60304	-18.88827	636.59050	168.69721	-95.80978	972.50639	190.18100	-94.53245	790.57331	163.81352	-80.02717	699.84313	175.02432	-148.53122	711.84564	290.48851	-268.22819	458.43619	221.67514	66.71323	462.10301	252.30259	-278.47819	238.54373	155.76852	74.09394	261.54820	
341	3.400	297.33326	-193.55889	664.14583	310.39690	-47.89434	369.04471	251.93695	4.50408	338.15678	72.32324	17.36540	140.80606	90.90094	-51.15167	140.01654	62.22746	-30.09523	179.12183	306.51743	-142.18498	382.03983	268.96514	-203.13873	349.32258	190.26837	-229.33527	86.61828	165.08730	-165.54208	101.63013	142.99045	-210.58422	125.51065	222.95868	-183.16028	73.98442	113.15161	-8.03667	104.29457	312.75658	-74.05729	960.08103	273.19075	-20.25036	639.62979	178.15653	-94.95204	975.76441	199.68959	-94.70226	793.71810	174.06674	-80.15278	703.44078	184.65813	-148.73075	715.39161	293.24181	-270.39426	459.36525	235.38380	66.04828	466.32634	249.79142	-280.22634	239.11235	171.56073	70.86139	265.57355	
342	3.410	305.95884	-194.97527	666.85240	327.90452	-47.68911	375.69271	269.26330	3.43593	343.09094	94.07783	11.84742	141.14522	115.15131	-56.27813	140.36940	84.28296	-36.59509	178.60986	305.39059	-144.29858	382.58603	267.31033	-205.46910	350.82662	189.85576	-228.88075	87.11795	165.34251	-164.98859	102.19143	142.50989	-209.82725	125.79037	222.98416	-182.92245	74.31596	137.46629	-11.90829	106.06364	322.02241	-73.02769	962.84956	283.64646	-21.41771	642.52867	187.64099	-94.22023	978.83983	209.01600	-94.94445	796.62713	184.13386	-80.12066	706.69029	194.09068	-148.77751	718.54379	295.83639	-272.25496	460.15495	249.07710	65.56796	470.32926	247.08806	-281.73123	239.77818	188.13795	67.73505	269.02070	
343	3.420	314.39700	-196.20933	669.18280	345.40340	-47.48156	382.32824	286.84214	2.41120	347.87599	116.88147	6.62146	140.92691	139.99908	-61.13530	140.56194	107.08534	-42.51479	177.74904	304.27418	-146.26624	383.08517	265.65935	-207.57767	352.27628	189.42704	-228.35745	87.65449	165.62130	-164.34538	102.76157	142.04648	-208.95206	126.10106	223.02333	-182.64882	74.65281	162.56208	-15.86286	107.49101	331.29570	-72.01245	965.21493	293.96903	-22.40512	645.16412	197.16858	-93.60450	981.64811	218.15535	-95.20991	799.21765	193.99468	-79.90576	709.47699	203.29883	-148.64255	721.23297	298.27297	-273.88774	460.81672	262.78776	65.21326	473.98277	244.32882	-283.06126	240.49627	205.66903	64.79228	271.80308	
344	3.430	322.62890	-197.27910	671.11502	362.82879	-47.39857	388.82216	304.67023	1.38095	352.40393	140.75867	1.86843	140.15580	165.38438	-65.58096	140.56221	130.60258	-47.66876	176.51962	303.33261	-148.19617	383.50764	264.12336	-209.53292	353.64971	189.02912	-227.82489	88.20623	165.95337	-163.68025	103.34982	141.65570	-208.04352	126.45139	223.10555	-182.38452	74.98358	188.41752	-19.76599	108.55763	340.59875	-71.01359	967.09396	304.16779	-23.24076	647.42790	206.75493	-93.08043	984.11674	227.10600	-95.44774	801.42075	203.63926	-79.48969	711.70409	212.26572	-148.30325	723.40346	300.55309	-275.37020	461.36619	276.55609	64.92063	477.18536	241.64493	-284.27822	241.22273	224.26157	62.10051	273.88381	
345	3.440	330.64325	-198.21158	672.64130	380.10513	-47.55904	395.05062	322.71727	0.29762	356.58427	165.69853	-2.26552	138.85161	191.25433	-69.50126	140.32352	154.79010	-51.92989	174.89158	302.70659	-150.16397	383.82395	262.80466	-211.38698	354.92519	188.69798	-227.33014	88.75233	166.36056	-163.04706	103.95837	141.37983	-207.16889	126.84589	223.25173	-182.16500	75.29635	215.00525	-23.48347	109.25622	349.95186	-70.02540	968.42083	314.26294	-23.96322	649.23077	216.41258	-92.61155	986.18683	235.87207	-95.60913	803.18282	213.07092	-78.86264	713.29653	220.98505	-147.74547	725.01471	302.68761	-276.76900	461.81842	290.42695	64.62626	479.86590	239.15239	-285.42780	241.91844	243.95194	59.70844	275.26889	
346	3.450	338.44087	-199.03915	673.76608	397.14971	-48.06530	400.89493	340.92568	-0.88205	360.34213	191.65177	-5.68125	137.04454	217.55910	-72.81873	139.78797	179.59181	-55.23681	172.82670	302.50617	-152.20463	384.00641	261.79403	-213.17000	356.08153	188.45290	-226.90207	89.27565	166.85365	-162.47911	104.58360	141.24346	-206.36933	127.28638	223.47045	-182.01201	75.58030	242.28374	-26.89481	109.58783	359.37256	-69.03587	969.14954	324.28510	-24.61748	650.50543	226.15053	-92.15275	987.81382	244.46580	-95.65073	804.46608	222.30811	-78.02461	714.20368	229.46475	-146.96505	726.04222	304.70384	-278.13177	462.18382	304.44478	64.27026	481.98338	236.94398	-286.53420	242.55175	264.70177	57.63981	275.99588	
347	3.460	346.03841	-199.79562	674.50348	413.87696	-48.99642	406.24150	359.21263	-2.19469	363.61499	218.52898	-8.33379	134.77015	244.24453	-75.49721	138.89180	204.93851	-57.59462	170.28260	302.80809	-154.31249	384.03071	261.16883	-214.88955	357.09887	188.29437	-226.54917	89.76489	167.43171	-161.98653	105.21810	141.25224	-205.65663	127.77358	223.75686	-181.93215	75.82708	270.18843	-29.90574	109.55770	368.87531	-68.02853	969.25544	334.27390	-25.25023	651.20782	235.97396	-91.65392	988.96743	252.90937	-95.53737	805.24841	231.38513	-76.98592	714.40064	237.72954	-145.96848	726.47797	306.65010	-279.48309	462.46531	318.64728	63.79987	483.52341	235.08455	-287.59944	243.10015	286.40095	55.89096	276.12029	
348	3.470	353.47062	-200.51252	674.87466	430.20332	-50.40389	410.98211	377.47410	-3.66870	366.34891	246.19936	-10.23395	132.06456	271.24199	-77.54319	137.57189	230.74322	-59.06922	167.21831	303.65764	-156.44844	383.87733	260.99254	-216.53409	357.96006	188.20601	-226.26131	90.21579	168.08391	-161.55831	105.85319	141.39528	-205.01554	128.30868	224.09463	-181.91807	76.03165	298.62277	-32.45793	109.17125	378.47123	-66.98448	968.73572	344.27585	-25.90506	651.31717	245.88417	-91.06372	989.63106	261.23602	-95.24398	805.52235	240.35140	-75.76685	713.88819	245.82204	-144.77279	726.33010	308.59694	-280.82506	462.65732	333.05874	63.17174	484.49222	233.61064	-288.60681	243.55105	308.87620	54.43217	275.70188	
349	3.480	360.79091	-201.21604	674.90513	446.05251	-52.30971	415.01502	395.59088	-5.32321	368.49517	274.48939	-11.44426	128.96096	298.45641	-79.00351	135.77275	256.89377	-59.77646	163.60096	305.07465	-158.55202	383.53242	261.31587	-218.07934	358.65186	188.16038	-226.01489	90.63143	168.79363	-161.16816	106.48151	141.65076	-204.41116	128.89477	224.46041	-181.95199	76.19252	327.44982	-34.53473	108.43110	388.16829	-65.88442	967.60889	354.34167	-26.61819	650.83488	255.87885	-90.33318	989.80072	269.49032	-94.75669	805.29371	249.26936	-74.39646	712.69152	253.80211	-143.40468	725.62211	310.63502	-282.14156	462.74661	347.68428	62.35325	484.90909	232.53452	-289.52767	243.90150	331.90400	53.21219	274.79316	
350	3.490	368.06979	-201.92498	674.62234	461.36063	-54.70689	418.24756	413.43605	-7.16771	370.00856	303.18124	-12.07021	125.48802	325.75410	-79.95964	133.45323	283.24378	-59.86764	159.41277	307.06259	-160.55556	382.98796	262.17968	-219.49577	359.16568	188.12770	-225.78036	91.02164	169.54414	-160.78316	107.09921	141.99412	-203.79993	129.53797	224.83006	-182.01079	76.31126	356.48521	-36.16203	107.33577	397.97153	-64.71047	965.91337	364.52326	-27.41508	649.78250	265.95256	-89.41875	989.48366	277.72751	-94.07321	804.57993	258.21101	-72.91078	710.85803	261.74451	-141.89897	724.39146	312.87025	-283.40502	462.71453	362.50626	61.32292	484.79878	231.85256	-290.32977	244.15718	355.22587	52.16493	273.43219	
351	3.500	375.39151	-202.64991	674.05372	476.08066	-57.56209	420.60021	430.88339	-9.20198	370.84785	332.01116	-12.24790	121.67079	352.95247	-80.51893	130.59254	309.60397	-59.51322	154.65791	309.61924	-162.39732	382.24094	263.61926	-220.75568	359.49729	188.08598	-225.53056	91.40154	170.32504	-160.37338	107.70752	142.40752	-203.14199	130.24808	225.18558	-182.07161	76.39152	385.49264	-37.40400	105.88058	407.88352	-63.44767	963.70536	374.87035	-28.30828	648.19942	276.09749	-88.28489	988.69707	286.01183	-93.20255	803.40837	267.25342	-71.35058	708.45454	269.73481	-140.29678	722.68791	315.41717	-284.58399	462.54017	377.48372	60.07055	484.18555	231.55667	-290.98543	244.33030	378.56429	51.21687	271.64070	
352	3.510	382.84904	-203.39328	673.22514	490.18546	-60.81980	422.01237	447.81574	-11.41625	370.97913	360.66911	-12.12940	117.53387	379.81406	-80.80377	127.19492	335.73610	-58.88656	149.36822	312.74717	-164.03135	381.29176	265.66954	-221.83849	359.64542	188.03087	-225.24825	91.78966	171.13829	-159.92042	108.31352	142.88921	-202.41257	131.03860	225.52143	-182.11684	76.43762	414.18308	-38.35395	104.06074	417.90486	-62.08515	961.05606	385.42706	-29.29665	646.14034	286.30425	-86.90594	987.46685	294.41386	-92.16423	801.81490	276.47343	-69.75909	705.56423	277.86410	-138.64345	720.57153	318.39180	-285.64980	462.20338	392.55479	58.59717	483.09020	231.64728	-291.47817	244.43693	401.63717	50.29447	269.42796	
353	3.520	390.53784	-204.15036	672.16010	503.66873	-64.40739	422.44919	464.13254	-13.79133	370.38153	388.80108	-11.86734	113.10650	406.04689	-80.93919	123.29287	361.35205	-58.14904	143.60730	316.46252	-165.43256	380.14203	268.37025	-222.73352	359.60955	187.98372	-224.93125	92.20578	172.00328	-159.42343	108.92984	143.46148	-201.61020	131.92621	225.84947	-182.13769	76.45304	442.21917	-39.12143	101.87622	428.03469	-60.61680	958.04857	396.22856	-30.36578	643.67300	296.56290	-85.26739	985.82667	303.00705	-90.98714	799.84279	285.94193	-68.17983	702.28353	286.22272	-136.98664	718.11074	321.90505	-286.58119	461.68725	407.64168	56.91521	481.53079	232.14559	-291.80649	244.49367	424.16994	49.33087	266.79930	
354	3.530	398.54918	-204.91065	670.87945	516.54354	-68.24027	421.90880	479.75538	-16.29871	369.05484	416.01629	-11.59983	108.42862	431.31277	-81.04030	118.94853	386.11990	-57.43756	137.47227	320.80085	-166.59704	378.79229	271.77003	-223.44018	359.38715	187.99644	-224.59439	92.66881	172.96002	-158.90137	109.57374	144.17610	-200.75999	132.92981	226.20161	-182.13557	76.43919	469.22577	-39.81708	99.33769	438.27105	-59.04166	954.77453	407.29778	-31.48955	640.87614	306.86384	-83.36649	983.81749	311.86352	-89.70807	797.54213	295.71834	-66.65489	698.71923	294.89370	-135.37457	715.38037	326.05766	-287.36634	460.97945	422.65705	55.04879	479.52707	233.10283	-291.98442	244.51423	445.90456	48.27181	263.76737	
355	3.540	406.96348	-205.65935	669.40184	528.83834	-72.22623	420.42850	494.63082	-18.90041	367.02722	441.90110	-11.43716	103.55664	455.24413	-81.20045	114.25324	409.67824	-56.85495	131.09275	325.81908	-167.53795	377.24033	275.92874	-223.96576	358.97135	188.15253	-224.26774	93.19529	174.07038	-158.39100	110.26552	145.11643	-199.91162	134.06918	226.62995	-182.12123	76.39472	494.80734	-40.53721	96.47231	448.61110	-57.36405	951.33085	418.64258	-32.63233	637.83792	317.19861	-81.21247	981.48742	321.04939	-88.37007	794.96968	305.84549	-65.22371	694.98581	303.94651	-133.85460	712.45978	330.93699	-288.00224	460.07246	437.51024	53.03417	477.10757	234.60481	-292.03891	244.50650	466.60607	47.08070	260.36355	
356	3.550	415.84443	-206.37874	667.74467	540.59077	-76.26850	418.08885	508.72995	-21.54869	364.36161	466.04039	-11.45131	98.56772	477.46861	-81.48158	109.32496	431.65856	-56.46357	124.62672	331.59362	-168.27880	375.48053	280.91723	-224.32174	358.34946	188.56414	-223.99161	93.79850	175.41722	-157.94122	111.02677	146.39597	-199.13203	135.36358	227.20478	-182.11207	76.31573	518.57175	-41.35042	93.32817	459.05121	-55.59334	947.81650	430.25350	-33.75167	634.65437	327.56049	-78.82617	978.89181	330.62005	-87.02069	792.18899	316.34564	-63.92235	691.20275	313.43164	-132.47202	709.43121	336.61567	-288.49205	458.96295	452.11221	50.92002	474.31748	236.77049	-292.00468	244.47051	486.06769	45.74309	256.64656	
357	3.560	425.23436	-207.04910	665.92549	551.84005	-80.26718	415.01411	522.04449	-24.18564	361.15884	488.04610	-11.66948	93.56106	497.63910	-81.90767	104.30343	451.71406	-56.28226	118.25321	338.21465	-168.84552	373.50481	286.81452	-224.51961	357.50310	189.36572	-223.80932	94.48867	177.10168	-157.60476	111.87871	148.15351	-198.49442	136.83044	228.01064	-182.12814	76.19700	540.15888	-42.28814	89.97630	469.58670	-53.74368	944.32959	442.10232	-34.80110	631.42779	337.94483	-76.23938	976.09352	340.61571	-85.71002	789.27062	327.21785	-62.78303	687.49190	323.37658	-131.26895	706.37816	343.15173	-288.84143	457.65095	466.37838	48.76737	471.22535	239.74471	-291.91773	244.39799	504.11577	44.27015	252.70628	
358	3.570	435.15125	-207.64935	663.96372	562.61895	-84.11933	411.36829	534.58018	-26.74294	357.55616	507.59011	-12.07246	88.65552	515.46598	-82.46256	99.34318	469.55146	-56.28688	112.16188	345.77774	-169.25928	371.30514	293.70254	-224.56711	356.41024	190.70513	-223.75917	95.27405	179.23892	-157.42871	112.84088	150.54531	-198.06544	138.48441	229.14166	-182.18797	76.03424	559.27109	-43.34060	86.50921	480.21153	-51.83354	940.96475	454.14189	-35.73290	628.26478	348.34899	-73.49381	973.16308	351.05757	-84.48856	786.29217	338.43706	-61.83386	683.97444	333.78362	-130.28315	703.38391	350.58935	-289.05466	456.13923	480.22903	46.64889	467.92658	243.68589	-291.80860	244.27375	520.61540	42.70089	248.66135	
359	3.580	445.58752	-208.15732	661.88249	572.94669	-87.71843	407.34625	546.34820	-29.14212	353.72058	524.43733	-12.59845	83.98270	530.74681	-83.09259	94.60418	484.96147	-56.41455	106.54001	354.37374	-169.53128	368.87751	301.65919	-224.46577	355.04896	192.73343	-223.86715	96.16291	181.95276	-157.44586	113.93052	153.73523	-197.89305	140.33678	230.69672	-182.30506	75.82719	575.70168	-44.45914	83.03573	490.91772	-49.88517	937.81086	466.30735	-36.50057	625.27352	358.77203	-70.63957	970.17837	361.94517	-83.40492	783.33771	349.95517	-61.09837	680.76743	344.62952	-129.54662	700.52982	358.95955	-289.13165	454.43366	493.58801	44.64731	464.54227	248.75070	-291.69681	244.07907	535.47644	41.10218	244.65079	
360	3.590	456.51073	-208.54996	659.71033	582.82369	-90.95429	403.16038	557.35638	-31.29582	349.83722	538.47305	-13.15229	79.67623	543.38907	-83.71407	90.24089	497.84252	-56.57173	101.55778	364.07861	-169.66056	366.22689	310.75052	-224.21023	353.40283	195.59478	-224.14197	97.16590	185.36965	-157.66838	115.16248	157.88354	-197.99727	142.39551	232.77542	-182.48594	75.58322	589.35682	-45.56427	79.67241	501.69485	-47.92392	934.94909	478.51891	-37.06113	622.56031	369.21398	-67.73343	967.22375	373.25506	-82.50329	780.49639	361.70397	-60.59458	677.97975	355.86725	-129.08381	697.89363	368.28010	-289.06648	452.54472	506.38059	42.85263	461.21317	255.07795	-291.58742	243.79669	548.65858	39.56588	240.82070	
361	3.600	467.86589	-208.80368	657.48266	592.22933	-93.71460	399.02395	567.60147	-33.11057	346.09411	549.71857	-13.61924	75.85804	553.42164	-84.22510	86.39035	508.21321	-56.64602	97.35328	374.94429	-169.63481	363.37246	321.02327	-223.78931	351.46688	199.41726	-224.57321	98.29862	189.61242	-158.08497	116.54983	163.13553	-198.36551	144.66570	235.47529	-182.72999	75.32079	600.26683	-46.55840	76.53269	512.52951	-45.97745	932.45117	490.68625	-37.37716	620.22518	379.67494	-64.83651	964.38829	384.94113	-81.82066	777.86017	373.59979	-60.33372	675.70773	367.42945	-128.90958	695.54745	378.55455	-288.84766	450.49024	518.53172	41.35788	458.08912	262.77415	-291.47027	243.41700	560.17336	38.20250	237.30843	
362	3.610	479.57930	-208.89492	655.24271	601.12322	-95.88894	395.13324	577.06433	-34.49153	342.66536	558.33079	-13.88185	72.62418	560.99274	-84.52010	83.16078	516.21034	-56.52089	94.01917	386.99192	-169.43382	360.35224	332.49858	-223.18865	349.25355	204.30583	-225.13293	99.58356	194.79401	-158.66195	118.10470	169.61076	-198.95334	147.15036	238.89043	-183.03113	75.07213	608.58412	-47.34099	73.71567	523.40495	-44.07477	930.37794	502.71421	-37.41860	618.35695	390.15406	-62.01166	961.76318	396.93663	-81.38418	775.52034	385.54952	-60.31847	674.03051	379.23343	-129.02695	693.55557	389.77035	-288.46002	448.29900	529.96574	40.25342	455.31561	271.90258	-291.32208	242.94435	570.08098	37.13124	234.22693	
363	3.620	491.56339	-208.80116	653.04162	609.44980	-97.37578	391.65093	585.70886	-35.34918	339.69533	564.58403	-13.83737	70.03262	566.35401	-84.50524	80.62221	522.07215	-56.09191	91.59315	400.20806	-169.03457	357.22627	345.16784	-222.39415	346.79749	210.33755	-225.78030	101.05102	201.01181	-159.34806	119.83917	177.39391	-199.69041	149.85119	243.11146	-183.38078	74.88454	614.56733	-47.82351	71.29634	534.30097	-42.24509	928.77806	514.50929	-37.16428	617.02817	400.64845	-59.32046	959.43817	409.15781	-81.20853	773.56333	397.45729	-60.54110	673.00571	391.18695	-129.42514	691.97217	401.89667	-287.88769	446.01434	540.60823	39.62000	453.01958	282.47734	-291.11086	242.40252	578.48105	36.46743	231.65214	
364	3.630	503.72230	-208.50227	650.93777	617.14587	-98.09188	388.69325	593.48547	-35.60773	337.28637	568.83678	-13.41307	68.09609	569.83334	-84.11245	78.80089	526.10963	-55.28231	90.05440	414.54420	-168.41660	354.07767	358.99114	-221.39560	344.15819	217.55958	-226.46821	102.73831	208.34284	-160.08183	121.76557	186.52821	-200.49026	152.76900	248.22623	-183.77131	74.81948	618.55369	-47.94209	69.31924	545.19411	-40.51663	927.68689	525.98638	-36.60308	616.29035	411.15225	-56.82007	957.49742	421.50881	-81.29398	772.06588	409.23129	-60.98189	672.66597	403.19454	-130.07824	690.83907	414.88280	-287.11751	443.69690	550.39033	39.52120	451.29671	294.46257	-290.80183	241.83810	585.49805	36.30867	229.61593	
365	3.640	515.95767	-207.98215	648.99486	624.14979	-97.98309	386.32315	600.33872	-35.21432	335.49193	571.48945	-12.57714	66.78167	571.80096	-83.30985	77.67852	528.67116	-54.05552	89.32714	429.91946	-167.56645	351.01090	373.89854	-220.18957	341.41985	225.98977	-227.15030	104.68697	216.84033	-160.80017	123.89587	197.01217	-201.26225	155.90329	254.32085	-184.19889	74.94924	620.92430	-47.66586	67.79645	556.05819	-38.91517	927.12558	537.07479	-35.73460	616.17029	421.65602	-54.56000	956.01501	433.88755	-81.62513	771.09010	420.78987	-61.60836	673.01670	415.16349	-130.94492	690.18379	428.65764	-286.14201	441.42529	559.25504	39.99622	450.20237	307.77684	-290.36349	241.32076	591.26469	36.72182	228.10602	
366	3.650	528.17435	-207.23018	647.27897	630.41092	-97.03442	384.55044	606.21822	-34.14763	334.31629	572.94136	-11.34339	66.01768	572.63460	-82.10714	77.19686	530.10709	-52.42235	89.29152	446.22594	-166.48031	348.14711	389.79393	-218.78122	338.68810	235.61954	-227.78703	106.93789	226.53197	-161.44638	126.23981	208.80016	-201.92314	159.25065	261.48015	-184.66505	75.35113	622.06798	-47.00045	66.71013	566.86511	-37.46277	927.10042	547.72310	-34.56914	616.66795	432.14638	-52.57922	955.05048	446.19187	-82.17095	770.67911	432.06636	-62.37570	674.03561	427.00918	-131.96972	690.01811	443.13122	-284.96155	439.29413	567.16480	41.05410	449.74759	322.30154	-289.77280	240.93978	595.90693	37.73284	227.07264	
367	3.660	540.28544	-206.24255	645.85464	635.89805	-95.27755	383.33872	611.09126	-32.42451	333.72037	573.55471	-9.76963	65.70629	572.68899	-80.55539	77.26693	530.74028	-50.44173	89.79997	463.33606	-165.16460	345.61683	406.56101	-217.18466	336.08354	246.41879	-228.34949	109.52459	237.42025	-161.97630	128.80173	221.80731	-202.40637	162.80200	269.78709	-185.17624	76.09947	622.34938	-45.98666	66.01861	577.58599	-36.17646	927.60246	557.90204	-33.12699	617.75628	442.60615	-50.90376	954.64493	458.32557	-82.88607	770.85355	443.01228	-63.22873	675.67419	438.65926	-133.08591	690.33741	458.19809	-283.58511	437.40900	574.10919	42.67056	449.90046	337.89201	-289.01853	240.79671	599.53476	39.32125	226.44035	
368	3.670	552.21653	-205.02290	644.78022	640.60577	-92.79346	382.61747	614.95498	-30.10290	333.63236	573.63052	-7.95020	65.73928	572.27352	-78.74142	77.78125	530.84617	-48.21474	90.69640	481.11099	-163.63481	343.55053	424.07065	-215.42200	333.73295	258.34199	-228.82045	112.46559	249.48481	-162.36143	131.57639	235.91819	-202.66754	166.53887	279.32077	-185.74139	77.25636	622.08533	-44.69490	65.66459	588.19241	-35.06715	928.60762	567.60518	-31.43684	619.38308	453.01489	-49.54512	954.81801	470.20360	-83.71351	771.60963	453.59855	-64.10531	677.86083	450.05647	-134.21984	691.12075	473.74265	-282.02994	435.87874	580.11138	44.78825	450.59242	354.38987	-288.10220	240.99489	602.24047	41.42023	226.12216	
369	3.680	563.90878	-203.58227	644.10300	644.55824	-89.70896	382.29656	617.84601	-27.27994	333.96066	573.39818	-6.00441	66.01327	571.63958	-76.77788	78.62694	530.64366	-45.87321	91.83453	499.40932	-161.91341	342.06838	442.18870	-213.52155	331.75909	271.33487	-229.19261	115.75697	262.68665	-162.58882	134.54452	250.99866	-202.68552	170.42920	290.15295	-186.36793	78.86247	621.53125	-43.21662	65.58386	598.65769	-34.13901	930.07720	576.84752	-29.53370	621.47468	463.34981	-48.49968	955.56624	481.75617	-84.58854	772.91880	463.81489	-64.94098	680.50560	461.15998	-135.29640	692.33182	489.64541	-280.32020	434.80619	585.23200	47.32062	451.72806	371.63498	-287.03678	241.62704	604.10400	43.92246	226.03276	
370	3.690	575.32064	-201.93841	643.85465	647.81029	-86.18690	382.28044	619.84563	-24.08500	334.60669	573.01697	-4.06252	66.44167	570.97705	-74.79040	79.69760	530.29542	-43.56439	93.09239	518.09506	-160.02759	341.27023	460.78338	-211.51538	330.27046	285.34087	-229.46473	119.36643	276.97375	-162.65814	137.66893	266.90946	-202.45947	174.42379	302.34352	-187.05709	80.92922	620.87756	-41.65395	65.71286	608.95818	-33.38906	931.95897	585.66207	-27.45634	623.94113	473.58706	-47.74926	956.86270	492.93130	-85.44342	774.72917	473.66766	-65.67410	683.50575	471.94534	-136.24488	693.92065	505.78958	-278.48504	434.27853	589.56936	50.15929	453.19651	389.47595	-285.84358	242.76289	605.20272	46.69112	226.09851	
371	3.700	586.42821	-200.11438	644.04765	650.44585	-82.41075	382.47934	621.07889	-20.66792	335.47549	572.58643	-2.25115	66.96130	570.41792	-72.90359	80.90211	529.91492	-41.43409	94.38080	537.04440	-158.00764	341.22747	479.73152	-209.43699	329.35244	300.30676	-229.63687	123.23030	292.28733	-162.57670	140.89224	283.51968	-202.00300	178.45413	315.93568	-187.79955	83.43373	620.25385	-40.10859	65.99423	619.07430	-32.80749	934.18875	594.09514	-25.24469	626.68224	483.70318	-47.26268	958.65831	503.69585	-86.21242	776.96860	483.17652	-66.25105	686.75173	482.40327	-137.00458	695.82581	522.06705	-276.55648	434.35888	593.25502	53.18389	454.88270	407.77819	-284.54808	244.43878	605.62198	49.57447	226.26298	
372	3.710	597.22435	-198.13685	644.67302	652.57389	-78.56600	382.81627	621.70769	-17.18423	336.48276	572.16124	-0.67960	67.53339	570.04447	-71.22738	82.16958	529.57679	-39.60999	95.64533	556.15049	-155.88599	341.97778	498.92326	-207.31907	329.06080	316.18680	-229.70568	127.25409	308.56793	-162.35373	144.13703	300.71845	-201.33695	182.43253	330.95183	-188.57239	86.31767	619.73851	-38.67144	66.37992	628.99147	-32.37834	936.69254	602.20086	-22.93740	629.59385	493.67665	-46.99835	960.88446	514.03521	-86.83665	779.54898	492.37046	-66.63063	690.13285	492.53755	-137.52936	697.97707	538.38306	-274.56747	435.08019	596.44507	56.27322	456.67701	426.42925	-283.17559	246.65105	605.46295	52.42232	226.48798	
373	3.720	607.71662	-196.03415	645.69989	654.32211	-74.82112	383.22956	621.91829	-13.77938	337.55833	571.76713	0.57162	68.13986	569.89931	-69.84525	83.45042	529.32786	-38.18723	96.86254	575.32613	-153.69650	343.52336	518.26499	-205.19166	329.41850	332.94519	-229.66096	131.31719	325.76068	-161.99500	147.30876	318.42307	-200.48232	186.25501	347.39098	-189.33809	89.49022	619.37070	-37.41369	66.83193	638.70069	-32.08069	939.38911	610.03571	-20.56987	632.57385	503.48945	-46.90743	963.45696	523.95156	-87.26823	782.37151	501.28374	-66.78709	693.54245	502.36225	-137.79076	700.29828	554.65939	-272.55007	436.44228	599.30757	59.31606	458.48249	445.34140	-281.74754	249.35433	604.84571	55.10193	226.75127	
374	3.730	617.92444	-193.83451	647.07685	655.82871	-71.31122	383.67185	621.90561	-10.57451	338.64658	571.41495	1.45879	68.77666	569.99532	-68.80591	84.71422	529.19659	-37.21786	98.03237	594.50418	-151.47377	345.83291	537.68055	-203.08050	330.41575	350.55668	-229.48399	135.28111	343.81890	-161.49895	150.30158	336.58299	-199.45476	189.80693	365.22823	-190.04566	92.83528	619.16252	-36.38070	67.32138	648.19894	-31.89020	942.19293	617.65363	-18.17288	635.52742	513.12837	-46.93744	966.28074	533.46143	-87.47329	785.33235	509.95210	-66.71174	696.88209	511.89887	-137.77932	702.71035	570.83597	-270.53383	438.41220	602.00814	62.22034	460.21936	464.45170	-280.27861	252.46511	603.90715	57.51134	227.04211	
375	3.740	627.87578	-191.56452	648.73502	657.23282	-68.12698	384.10708	621.85647	-7.65603	339.70491	571.11115	1.97860	69.44630	570.32420	-68.11913	85.94548	529.19999	-36.70550	99.16876	613.63598	-149.25146	348.84661	557.11113	-201.00547	332.01321	369.00568	-229.14775	139.00040	362.70590	-160.85468	153.00625	355.17909	-198.26129	192.97071	384.41644	-190.63377	96.22172	619.10951	-35.58900	67.82655	657.48920	-31.78090	945.01732	625.10224	-15.77186	638.37124	522.58610	-47.03589	969.25519	542.59253	-87.43380	788.32828	518.40973	-66.41267	700.06478	521.17349	-137.50410	705.13415	586.87105	-268.54427	440.92777	604.69591	64.91953	461.82696	483.72019	-278.77520	255.87002	602.79437	59.58826	227.35631	
376	3.750	637.60370	-189.24806	650.59248	658.66463	-65.31030	384.50689	621.93464	-5.07025	340.70144	570.86401	2.16680	70.15111	570.86323	-67.75655	87.13855	529.34780	-36.60603	100.29068	632.68811	-147.05973	352.48337	576.51386	-198.97905	334.14768	388.28387	-228.61892	142.33498	382.39471	-160.04207	155.31928	374.21927	-196.89934	195.63495	404.88965	-191.03523	99.51556	619.19873	-35.02693	68.33062	666.58027	-31.72706	947.77776	632.42043	-13.38684	641.03645	531.86188	-47.15362	972.27957	551.38055	-87.14793	791.26200	526.68711	-65.91313	703.01717	530.21429	-136.99059	707.49333	602.74017	-266.60119	443.90345	607.49202	67.37556	463.26376	503.12662	-277.23497	259.43745	601.65544	61.31334	227.69155	
377	3.760	647.14312	-186.90573	652.55958	660.23613	-62.85687	384.84763	622.26952	-2.82362	341.61268	570.68598	2.09217	70.88865	571.58032	-67.65711	88.29273	529.64431	-36.83430	101.41487	651.63806	-144.92169	356.64909	595.85964	-197.00477	336.73920	408.38700	-227.86101	145.16218	402.86616	-159.03377	157.15214	393.73103	-195.35807	197.70351	426.56749	-191.18218	102.59243	619.41402	-34.65864	68.81979	675.48633	-31.70486	950.39498	639.63756	-11.03285	643.47044	540.96176	-47.24768	975.25807	559.86600	-86.62915	794.04656	534.81000	-65.24852	705.68089	539.04959	-136.27746	709.71682	618.43414	-264.71700	447.23795	610.48247	69.57837	464.50569	522.66653	-275.64723	263.03082	600.62913	62.70783	228.04393	
378	3.770	656.52800	-184.55477	654.54472	662.03385	-60.72453	385.10860	622.94968	-0.88790	342.42181	570.59269	1.84644	71.64963	572.43777	-67.73628	89.40849	530.08865	-37.27594	102.55116	670.46922	-142.84952	361.24476	615.13018	-195.07584	339.69883	429.31125	-226.83809	147.38716	424.10557	-157.79842	158.43915	413.75271	-193.62115	199.10370	449.35980	-191.01119	105.34858	619.73884	-34.43072	69.28204	684.22636	-31.69392	952.79794	646.77404	-8.72084	645.63749	549.89838	-47.28346	978.10434	568.09138	-85.90433	796.60892	542.79922	-64.46267	708.01301	547.70652	-135.41244	711.74108	633.95623	-262.89513	450.82228	613.71607	71.54244	465.54375	542.34704	-273.99400	266.52144	599.83520	63.82615	228.40594	
379	3.780	665.78931	-182.20933	656.45982	664.11418	-58.84550	385.27145	624.02148	0.79110	343.11758	570.60002	1.53183	72.41815	573.39530	-67.89776	90.48505	530.67432	-37.80246	103.70061	689.16596	-140.84084	366.17354	634.31458	-193.17411	342.93595	451.04963	-225.51830	148.95036	446.09866	-156.30449	159.14321	434.32453	-191.67043	199.79223	473.17064	-190.46748	107.70921	620.15720	-34.28042	69.70654	692.82328	-31.67847	954.92624	653.84312	-6.45870	647.51838	558.69041	-47.23612	980.74501	576.09903	-85.01089	798.89222	550.67153	-63.60371	709.98582	556.21031	-134.44796	713.51180	649.31875	-261.12886	454.54752	617.20727	73.30113	466.38093	562.18295	-272.25136	269.79944	599.36633	64.74510	228.76592	
380	3.790	674.95377	-179.88111	658.22534	666.50217	-57.13994	385.32078	625.49207	2.28291	343.69387	570.72042	1.24815	73.17380	574.41262	-68.04566	91.51951	531.38874	-38.28730	104.85588	707.70921	-138.87623	371.34588	653.40560	-191.26974	346.36435	473.58883	-223.87681	149.83117	468.82697	-154.52404	159.25848	455.48059	-189.48979	199.75838	497.90116	-189.50790	109.63309	620.65352	-34.14417	70.08383	701.30312	-31.64798	956.73204	660.85359	-4.25233	649.10920	567.36155	-47.09120	983.12217	583.92943	-83.99360	800.85690	558.44092	-62.71999	711.58600	564.58423	-133.43686	714.98521	664.53921	-259.40062	458.31129	620.94288	74.89977	467.02920	582.19322	-270.39092	272.78130	599.28264	65.55143	229.10895	
381	3.800	684.04343	-177.57991	659.77412	669.19362	-55.52864	385.24520	627.33605	3.66177	344.14961	570.95960	1.08124	73.89475	575.45194	-68.09548	92.50725	532.21344	-38.62033	106.00343	726.07294	-136.91828	376.68243	672.39586	-189.32168	349.90647	496.90671	-221.89752	150.04759	492.26335	-152.43581	158.80982	477.24253	-187.06859	199.02386	523.45101	-188.10208	111.11303	621.21205	-33.96518	70.40635	709.69403	-31.59748	958.18124	667.81279	-2.10660	650.41946	575.93944	-46.84453	985.19457	591.62026	-82.90112	802.48068	566.12031	-61.85640	712.81326	572.85001	-132.42856	716.12871	679.63651	-257.68219	462.02251	624.89104	76.38862	467.50658	602.39789	-268.38128	275.41362	599.60922	66.32992	229.41863	
382	3.810	693.07626	-175.31425	661.05403	672.16022	-53.94304	385.03848	629.50430	4.99736	344.48880	571.31464	1.09448	74.56102	576.48016	-67.98233	93.44308	533.12498	-38.71889	107.12672	744.22197	-134.91260	382.11453	691.27428	-187.27917	353.49548	520.97042	-219.57354	149.65194	516.36774	-150.02725	157.84904	499.61494	-184.40405	197.63959	549.71834	-186.23192	112.17246	621.81642	-33.69909	70.66911	718.02535	-31.52740	959.25396	674.72958	-0.02588	651.46972	584.45430	-46.50153	986.93772	599.20605	-81.78270	803.75736	573.72340	-61.05146	713.67844	581.02865	-131.46602	716.92091	694.62734	-255.93577	465.60398	629.01099	77.81659	467.83472	622.81534	-266.18935	277.67285	600.33721	67.15351	229.67936	
383	3.820	702.06728	-173.09154	662.02917	675.35692	-52.33157	384.70034	631.93397	6.34799	344.72046	571.77369	1.32431	75.15731	577.47083	-67.66559	94.32280	534.09670	-38.53396	108.20972	762.11100	-132.79079	387.58237	710.02306	-185.08420	357.07511	545.73493	-216.90633	148.72333	541.08354	-147.29523	156.44842	522.58252	-181.50245	195.67964	576.59844	-183.88956	112.85851	622.44980	-33.31716	70.87033	726.32665	-31.44302	959.94423	681.61683	1.98572	652.28883	592.93759	-46.07599	988.34276	606.71832	-80.68525	804.69475	581.26620	-60.33520	714.20124	589.14149	-130.58350	717.35102	709.52342	-254.11581	468.99280	633.26210	79.22637	468.03675	643.45955	-263.78152	279.56145	601.42842	68.07667	229.87864	
384	3.830	711.03044	-170.91802	662.67959	678.73070	-50.66200	384.23661	634.55851	7.75661	344.85815	572.31750	1.77986	75.67503	578.40562	-67.12965	95.14464	535.10122	-38.05105	109.24014	779.68509	-130.47491	393.03142	728.61531	-182.67486	360.59750	571.14157	-213.90376	147.35785	566.33477	-144.24548	154.69226	546.10848	-178.37877	193.23306	603.98148	-181.07439	113.23280	623.09557	-32.80693	71.01172	734.62685	-31.35363	960.25899	688.49306	3.92462	652.91098	601.42066	-45.58862	989.41450	614.18619	-79.65084	805.31185	588.76841	-59.72804	714.40753	597.21141	-129.80527	717.41770	724.32970	-252.17159	472.13904	637.61124	80.65145	468.13575	664.33721	-261.12481	281.10136	602.82303	69.13238	230.00898	
385	3.840	719.98070	-168.79819	662.99979	682.22949	-48.92048	383.65864	637.31695	9.24952	344.91906	572.92228	2.44648	76.11326	579.27506	-66.38132	95.91034	536.11306	-37.28637	110.21195	796.88115	-127.88332	398.40748	747.01375	-179.98942	364.01945	597.11631	-210.57739	145.65742	592.02415	-140.89089	152.66730	570.13385	-175.05506	190.39444	631.74964	-177.78968	113.36090	623.73856	-32.17050	71.09847	742.95352	-31.27154	960.21647	695.38311	5.78838	653.37258	609.93352	-45.06539	990.16865	621.63732	-78.71488	805.63560	596.25422	-59.24055	714.32660	605.26402	-129.14520	717.12747	739.04385	-250.05015	475.00288	642.03766	82.11497	468.15335	685.44445	-258.18786	282.32546	604.44951	70.33261	230.06897	
386	3.850	728.93613	-166.73396	662.99614	685.81063	-47.10803	382.98192	640.16177	10.83735	344.92260	573.56334	3.29180	76.47875	580.07864	-65.44478	96.62565	537.11153	-36.27951	111.12692	813.63059	-124.93713	403.65127	765.17024	-176.97071	367.29780	623.56764	-206.93960	143.71839	618.03220	-137.24909	150.45299	594.57712	-171.55772	187.25422	659.77403	-174.03985	113.30183	624.36645	-31.42124	71.13883	751.33217	-31.21088	959.84408	702.31781	7.57662	653.70923	618.50373	-44.53582	990.62863	629.09888	-77.90488	805.69728	603.75275	-58.87397	713.98833	613.32866	-128.60711	716.49281	753.65699	-247.69956	477.55108	646.53548	83.63009	468.10868	706.76315	-254.94200	283.26836	606.23552	71.67133	230.06354	
387	3.860	737.91968	-164.72358	662.68376	689.44798	-45.23562	382.22410	643.06499	12.51750	344.88835	574.21867	4.27330	76.78515	580.82424	-64.35531	97.30035	538.08310	-35.08418	111.99501	829.86253	-121.56672	408.69334	783.02649	-173.57066	370.38466	650.38396	-203.00109	141.62112	644.21737	-133.33991	148.11266	619.33404	-167.91414	183.88963	687.91189	-169.82883	113.09875	624.97118	-30.57964	71.14330	759.78579	-31.18645	959.17603	709.33278	9.29206	653.95275	627.15549	-44.03142	990.82216	636.59871	-77.23973	805.52906	611.29799	-58.62124	713.42070	621.43914	-128.18564	715.53031	768.15553	-245.07208	479.75329	651.11373	85.20159	468.01727	728.25717	-251.36239	283.95730	608.11833	73.12928	230.00320	
388	3.870	746.96039	-162.76067	662.08303	693.13743	-43.31897	381.40257	646.02219	14.27738	344.83366	574.87215	5.34566	77.05175	581.52709	-63.15302	97.94775	539.02353	-33.75892	112.83385	845.50770	-117.71776	413.45027	800.51568	-169.75444	373.22332	677.43075	-198.76943	139.42141	670.41709	-129.18308	145.68644	644.27737	-164.14945	180.35735	716.00426	-165.16012	112.77197	625.54991	-29.66921	71.12370	768.33450	-31.21256	958.25071	716.46655	10.94152	654.12847	635.90894	-43.58414	990.77794	644.16618	-76.72946	805.16077	618.92829	-58.46841	712.64765	629.63399	-127.86752	714.25898	782.52366	-242.12715	481.57888	655.79474	86.82798	467.88989	749.86862	-247.42935	284.40454	610.05351	74.67905	229.90252	
389	3.880	756.09358	-160.83349	661.21656	696.90026	-41.37407	380.53161	649.05459	16.09772	344.77080	575.51571	6.46691	77.30186	582.20853	-61.87751	98.58378	539.93915	-32.35917	113.66741	860.50254	-113.35612	417.82292	817.56509	-165.50410	375.74567	704.54794	-194.24916	137.14480	696.44969	-124.79695	143.18706	669.25657	-160.28386	176.68882	743.87449	-160.03886	112.31522	626.10552	-28.71297	71.09200	776.99530	-31.30199	957.10827	723.75837	12.53652	654.25299	644.77969	-43.22503	990.52265	651.83284	-76.37531	804.61722	626.68535	-58.39603	711.68772	637.95616	-127.63306	712.69913	796.74610	-238.83400	482.99482	660.61147	88.50367	467.73133	771.51494	-243.13005	284.60199	612.02107	76.28989	229.77797	
390	3.890	765.36019	-158.92470	660.10661	700.78449	-39.41388	379.61963	652.20908	17.95543	344.70408	576.15047	7.60250	77.56128	582.89481	-60.56417	99.22593	540.84759	-30.93176	114.52428	874.79346	-108.47136	421.69755	834.09954	-160.82104	377.87191	731.54792	-189.44379	134.78464	722.11685	-120.19853	140.59909	694.09763	-156.33153	172.88895	771.32767	-154.47568	111.69572	626.64650	-27.73127	71.05918	785.78200	-31.46508	955.78831	731.24602	14.09356	654.33235	653.77861	-42.98307	990.07852	659.63260	-76.17011	803.91628	634.61284	-58.38043	710.55332	646.45196	-127.45749	710.87167	810.81053	-235.17379	483.96503	665.60457	90.22071	467.53905	793.08711	-238.46044	284.51909	614.02855	77.93132	229.64533	
391	3.900	774.80481	-157.01200	658.77371	704.86389	-37.44680	378.66637	655.55645	19.82582	344.62709	576.78700	8.72693	77.85689	583.61624	-59.24225	99.89200	541.77779	-29.51237	115.43590	888.34069	-103.07829	424.95019	850.04554	-155.72751	379.51293	758.21471	-184.35991	132.30460	747.20641	-115.40533	137.88230	718.60334	-152.30121	168.93880	798.15133	-148.49203	110.85854	627.18651	-26.74094	71.03430	794.70518	-31.70894	954.32800	738.96370	15.63357	654.36101	662.91184	-42.88397	989.46176	667.60142	-76.09862	803.06792	642.75458	-58.39483	709.25088	655.16928	-127.31242	708.79833	824.70919	-231.14128	484.45143	670.81980	91.97000	467.30189	814.44985	-233.42766	284.10466	616.11115	79.57538	229.51714	
392	3.910	784.47290	-155.06951	657.23630	709.23505	-35.47655	377.66071	659.18805	21.68408	344.52058	577.44494	9.82323	78.21542	584.40691	-57.93462	100.59894	542.76969	-28.12556	116.43483	901.12180	-97.21685	427.45438	865.33580	-150.26665	380.57574	784.30496	-179.01285	129.64557	771.49561	-110.43872	134.97905	742.55462	-148.19913	164.80235	824.11735	-142.12633	109.73484	627.74375	-25.75561	71.02367	803.77226	-32.03691	952.76074	746.94051	17.18079	654.32159	672.18098	-42.94916	988.68176	675.77639	-76.13811	802.07418	651.15233	-58.41011	707.78174	664.15497	-127.16690	706.50236	838.43933	-226.74590	484.41657	676.30591	93.74156	466.99913	835.44399	-228.05262	283.29273	618.32937	81.19754	229.40030	
393	3.920	794.40707	-153.07004	655.51170	714.01239	-33.50343	376.57920	663.21103	23.50610	344.35128	578.15255	10.88086	78.66263	585.30483	-56.65871	101.36196	543.87364	-26.78694	117.55326	913.13407	-90.95022	429.09190	879.91378	-144.50130	380.97178	809.55141	-173.43336	126.73697	794.75492	-105.32863	131.82534	765.71343	-144.03370	160.43696	848.98582	-135.43995	108.25340	628.34052	-24.78702	71.03056	812.98754	-32.44814	951.11541	755.19936	18.76079	654.18562	681.58351	-43.19474	987.74138	684.19423	-76.25886	800.93031	659.84328	-58.39535	706.14375	673.45162	-126.98852	704.00991	852.00214	-222.01250	483.82794	682.11316	95.52433	466.60012	855.89144	-222.37252	282.01224	620.76481	82.77653	229.29430	
394	3.930	804.64295	-150.98817	653.61806	719.32177	-31.52622	375.38587	667.74261	25.26893	344.07230	578.94660	11.89294	79.22263	586.35279	-55.42815	102.19379	545.15010	-25.50619	118.82179	924.39586	-84.36190	429.76554	893.73782	-138.51174	380.62730	833.66944	-167.67404	123.51104	816.75290	-100.11870	128.36433	787.82824	-139.82153	155.80647	872.51084	-128.52184	106.35401	629.00324	-23.84660	71.05518	822.35222	-32.93730	949.41624	763.75641	20.39802	653.91535	691.11329	-43.63046	986.63820	692.88927	-76.42478	799.62683	668.85737	-58.31842	704.33343	683.09386	-126.74432	701.35166	865.40057	-216.98177	482.66338	688.29219	97.30541	466.06490	875.60269	-216.44308	280.19956	623.51496	84.29368	229.19012	
395	3.940	815.20505	-148.80361	651.57710	725.29278	-29.54437	374.03369	672.90341	26.95102	343.62517	579.87302	12.85370	79.91745	587.59941	-54.25444	103.10439	546.66947	-24.28994	120.26815	934.94632	-77.55219	429.41262	906.78435	-132.39266	379.49494	856.36741	-161.81404	119.91853	837.26312	-94.87082	124.56064	808.64279	-135.59351	150.89535	894.44904	-121.49067	104.00085	629.76312	-22.94682	71.09521	831.86437	-33.49458	947.68333	772.62104	22.11290	653.46667	700.76105	-44.25875	985.36665	701.89103	-76.59421	798.15249	678.21478	-58.14644	702.34846	693.10461	-126.40168	698.56457	878.63596	-211.71047	480.91712	694.89307	99.06920	465.34606	894.38662	-210.33993	277.81215	626.68778	85.73206	229.07027	
396	3.950	826.10304	-146.50482	649.41707	732.05036	-27.55996	372.46796	678.81042	28.53254	342.94398	580.98826	13.75687	80.76657	589.10046	-53.14813	104.10098	548.51229	-23.14361	121.91609	944.84335	-70.63480	428.01751	919.04961	-126.24961	377.56464	877.36091	-155.96078	115.94339	856.07339	-89.66778	120.41323	827.90856	-131.39973	145.72147	914.57083	-114.49330	101.19377	630.65754	-22.10201	71.14672	841.51880	-34.10576	945.93376	781.79606	23.91895	652.79290	710.51495	-45.07378	983.92077	711.22168	-76.72095	796.49778	687.92359	-57.84668	700.19050	703.49170	-125.92935	695.69336	891.70438	-206.27153	478.60589	701.96428	100.79672	464.39205	912.06187	-204.15873	274.84136	630.39648	87.07606	228.90984	
397	3.960	837.32884	-144.09209	647.17550	739.70620	-25.57924	370.63167	685.56994	29.99576	341.96129	582.36132	14.59548	81.78647	590.92011	-52.11914	105.18840	550.76924	-22.07171	123.78404	954.15964	-63.73400	425.62111	930.54964	-120.19557	374.87235	896.39092	-150.24733	111.61377	872.99785	-84.61293	115.96460	845.40079	-127.31169	140.34526	932.67444	-107.69891	97.97528	631.73205	-21.32803	71.20540	851.30687	-34.75251	944.18316	791.27820	25.82019	651.84958	720.36095	-46.06081	982.29748	720.89353	-76.75567	794.65870	697.97826	-57.38763	697.86792	714.24519	-125.29862	692.79155	904.59320	-200.75394	475.77408	709.55145	102.46536	463.15195	928.46926	-198.01378	271.32183	634.75493	88.31155	228.67876	
398	3.970	848.85517	-141.57986	644.90115	748.35037	-23.61360	368.47279	693.27085	31.32560	340.61569	584.07566	15.36308	82.99002	593.13158	-51.17603	106.36966	553.54070	-21.07657	125.88379	962.97701	-56.98259	422.32542	941.31808	-114.34771	371.50456	913.24455	-144.82501	107.00701	887.89128	-79.82614	111.30417	860.93709	-123.42094	134.87280	948.60177	-101.28856	94.43171	633.04265	-20.64095	71.26811	861.21624	-35.41288	942.44758	801.05865	27.80920	650.59963	730.28309	-47.19574	980.49991	730.90699	-76.64782	792.64041	708.35891	-56.74055	695.39842	725.33618	-124.48471	689.92167	917.27856	-195.26217	472.49712	717.69586	104.04934	461.58138	943.48380	-192.03468	267.33556	639.87360	89.42664	228.34513	
399	3.980	860.63560	-138.99778	642.65463	758.04401	-21.68004	365.95280	701.97878	32.51027	338.86017	586.23039	16.05609	84.38582	595.81719	-50.32449	107.64653	556.93512	-20.15607	128.21913	971.37931	-50.52034	418.29158	951.40191	-108.82467	367.59729	927.77653	-139.85154	102.24703	900.66430	-75.43596	106.56464	874.39642	-119.83355	129.45128	962.25475	-95.44106	90.68771	634.65801	-20.05471	71.33452	871.23061	-36.06194	940.74545	811.12353	29.86618	649.01875	740.26365	-48.44509	978.54036	741.24918	-76.34796	790.46029	719.03189	-55.88138	692.81117	736.71701	-123.46834	687.15460	929.72414	-189.91467	468.88210	726.43262	105.52087	459.64927	957.02515	-186.36117	263.00896	645.85571	90.41298	227.87954	
400	3.990	872.60632	-136.39028	640.50748	768.81348	-19.80115	363.05566	711.73144	33.54189	336.67064	588.93962	16.67665	85.97754	599.06714	-49.56508	109.02005	561.06559	-19.30117	130.78478	979.44476	-44.49233	413.73056	960.85536	-103.74420	363.32877	939.92801	-135.47611	97.49350	911.29701	-71.56870	101.91115	885.73540	-116.66103	124.25661	973.60949	-90.31676	86.89440	636.66099	-19.57801	71.40875	881.32959	-36.67269	939.09946	821.45451	31.95918	647.10043	750.28313	-49.76658	976.44275	751.89350	-75.81065	788.15007	729.95155	-54.79290	690.14830	748.32348	-122.23753	684.56783	941.88153	-184.84114	465.06464	735.78870	106.85210	457.34467	969.06486	-181.13629	258.50287	652.79321	91.26725	227.26004	
401	4.000	884.68968	-133.81460	638.53953	780.64690	-18.00456	359.79614	722.53571	34.41695	334.05342	592.32927	17.23524	87.76357	602.97715	-48.89119	110.49073	566.04446	-18.49430	133.56563	987.23868	-39.04642	408.88682	969.73263	-99.22102	358.90607	949.73904	-131.82376	92.92421	919.84818	-68.33594	97.52428	894.99851	-114.00891	119.47426	982.72561	-86.04165	83.21299	639.14905	-19.21087	71.50083	891.48865	-37.21709	937.53808	832.02942	34.04546	644.86011	760.32025	-51.11027	974.24398	762.80029	-74.99763	785.75666	741.06325	-53.46689	687.46556	760.07862	-120.78924	682.24272	953.69190	-180.17798	461.20177	745.78096	108.01743	454.68285	979.62892	-176.49843	253.99645	660.76216	91.99238	226.47754	
402	4.010	896.79896	-131.33731	636.83463	793.49339	-16.32187	356.22591	734.36653	35.13666	331.05068	596.53090	17.75232	89.73701	607.64492	-48.28734	112.05857	571.97597	-17.70929	136.53683	994.80766	-34.32889	404.01647	978.08037	-95.36435	354.54705	957.35103	-128.98157	88.71321	926.45715	-65.82260	93.57954	902.31887	-111.96495	115.27648	989.74793	-82.69459	79.79643	642.23313	-18.94133	71.62781	901.67937	-37.66737	936.09638	842.82298	36.07407	642.33798	770.35193	-52.42043	971.99414	773.91860	-73.88108	783.34151	752.30730	-51.90615	684.83172	771.89794	-119.13099	680.26079	965.08865	-176.06192	457.46072	756.41436	108.99617	451.70988	988.79440	-172.57274	249.66748	669.81731	92.59821	225.54109	
403	4.020	908.84410	-129.02978	635.47521	807.26566	-14.78701	352.43643	747.16790	35.70694	327.74285	601.67279	18.25845	91.88646	613.16564	-47.72882	113.72257	578.94765	-16.91360	139.66460	1002.17603	-30.47763	399.36271	985.93100	-92.27449	350.46004	962.99696	-126.98947	85.00870	931.33636	-64.07737	90.22664	907.90812	-110.58876	111.79981	994.89861	-80.29996	76.77235	646.03463	-18.74291	71.81424	911.87001	-37.99732	934.81621	853.80770	37.98925	639.59982	780.35348	-53.63798	969.75533	785.18896	-72.44673	780.97841	763.62347	-50.12590	682.32684	783.69551	-117.28182	678.69940	976.00075	-172.62195	454.00508	767.68051	109.77480	448.50472	996.67989	-169.46295	245.67252	679.98613	93.10137	224.48263	
404	4.030	920.73763	-126.96299	634.53623	821.84566	-13.43383	348.55740	760.85598	36.13824	324.24726	607.86914	18.79264	94.19735	619.62709	-47.18270	115.48007	587.02179	-16.07257	142.90802	1009.34499	-27.61282	395.13246	993.29809	-90.03808	346.82434	966.97949	-125.83699	81.91495	934.75459	-63.10733	87.57214	912.03570	-109.90463	109.12735	998.45994	-78.82697	74.23024	650.68069	-18.57335	72.09186	922.02642	-38.18380	933.74525	864.95484	39.73449	636.73570	790.29892	-54.70352	967.59925	796.54698	-70.69625	778.74986	774.95536	-48.15437	680.03912	795.39014	-115.27264	677.62707	986.35620	-169.97017	450.97973	779.55709	110.34882	445.17823	1003.43053	-167.24404	242.13055	691.26313	93.52422	223.36023	
405	4.040	932.40025	-125.20226	634.07930	837.09318	-12.29313	344.75054	775.32418	36.44506	320.71275	615.20912	19.39890	96.65381	627.10485	-46.61036	117.32584	596.22843	-15.15527	146.22151	1016.29433	-25.82585	391.47787	1000.17461	-88.72180	343.77464	969.64002	-125.46620	79.48178	937.01290	-62.87706	85.66863	915.00071	-109.89806	107.27931	1000.74957	-78.19564	72.21495	656.29796	-18.37510	72.49832	932.11331	-38.20814	932.93522	876.23544	41.25676	633.85619	800.16170	-55.56066	965.60356	807.92727	-68.64877	776.74234	786.25416	-46.03214	678.06050	806.91094	-113.14546	677.09902	996.08569	-168.19244	448.49733	792.00813	110.72353	441.86872	1009.19990	-165.95652	239.11304	703.60565	93.89299	222.25916	
406	4.050	943.76533	-123.80243	634.14765	852.85645	-11.38929	341.19877	790.44998	36.64536	317.31044	623.74773	20.12155	99.24064	635.65832	-45.97132	119.25109	606.56160	-14.14075	149.55771	1022.98591	-25.16800	388.48615	1006.53460	-88.36483	341.39193	971.32403	-125.77972	77.70328	938.41728	-63.31218	84.51198	917.10129	-110.51619	106.21365	1002.09225	-78.28762	70.72698	663.00548	-18.07807	73.07485	942.09586	-38.05734	932.43907	887.62120	42.51053	631.08635	809.91568	-56.15952	963.84747	819.26735	-66.34094	775.04086	797.48134	-43.81024	676.48134	818.20153	-110.95146	677.15328	1005.12644	-167.34000	446.62856	804.98558	110.91396	438.73410	1014.13168	-165.60260	236.64223	716.93250	94.23562	221.28982	
407	4.060	954.78206	-122.80399	634.76270	868.98358	-10.73687	338.09211	806.10301	36.75983	314.22136	633.50045	20.99995	101.94477	645.32785	-45.22768	121.24261	617.97993	-13.02333	152.87015	1029.36838	-25.64076	386.17939	1012.33813	-88.97128	339.70215	972.34904	-126.65159	76.52551	939.25274	-64.30605	84.04678	918.60708	-111.67134	105.83630	1002.79279	-78.95969	69.72889	670.90736	-17.60456	73.86298	951.94149	-37.72516	932.30744	899.08522	43.46122	628.55782	819.53638	-56.45997	962.40687	830.51107	-63.82557	773.72330	808.60984	-41.54680	675.38436	829.22255	-108.74781	677.80776	1013.42638	-167.42310	445.39781	818.43216	110.94373	435.94105	1018.34478	-166.14467	234.69715	731.12665	94.57944	220.58170	
408	4.070	965.41682	-122.23034	635.92252	885.33358	-10.33786	335.61182	822.15378	36.81114	311.62226	644.44293	22.06359	104.75573	656.13334	-44.34841	123.28230	630.41192	-11.81551	156.11553	1035.38225	-27.19010	384.52372	1017.53886	-90.50398	338.68212	972.98030	-127.93917	75.86091	939.76313	-65.72864	84.17837	919.73926	-113.24729	106.01840	1003.11439	-80.05755	69.15591	680.08599	-16.87609	74.90063	961.62176	-37.21265	932.58462	910.60241	44.08777	626.39959	829.00246	-56.43445	961.34942	841.61114	-61.16859	772.85510	819.62375	-39.30265	674.83860	839.95219	-106.59334	679.05878	1020.94862	-168.40770	444.78494	832.28522	110.84331	433.65237	1021.92452	-167.50636	233.22555	746.04269	94.94916	220.27340	
409	4.080	975.65290	-122.08646	637.60234	901.78571	-10.17985	333.91493	838.48235	36.82325	309.67120	656.51613	23.32846	107.66484	668.07413	-43.31268	125.34725	643.76526	-10.54730	159.25509	1040.96546	-29.70625	383.44539	1022.09332	-92.88151	338.27092	973.41756	-129.49450	75.60574	940.13905	-67.43651	84.78869	920.66063	-115.10755	106.61668	1003.26513	-81.42814	68.92828	690.59655	-15.82147	76.21796	971.11417	-36.52836	933.30437	922.14958	44.38406	624.72838	838.29720	-56.07004	960.73002	852.53060	-58.44464	772.48470	830.51675	-37.13605	674.89364	850.38481	-104.54363	680.88089	1027.67592	-170.21588	444.73245	846.48123	110.64793	432.01364	1024.92152	-169.57637	232.15866	761.51867	95.36547	220.49910	
410	4.090	985.48874	-122.35890	639.75678	918.24622	-10.23579	333.12113	854.98605	36.82078	308.49453	669.63589	24.79572	110.66311	681.12994	-42.11129	127.41067	657.93857	-9.26156	162.25538	1046.05912	-33.02995	382.84958	1025.97023	-95.97988	338.38399	973.79294	-131.17448	75.65692	940.51450	-69.28316	85.75286	921.47577	-117.10536	107.49295	1003.39334	-82.92979	68.96309	702.46321	-14.38479	77.83370	980.40367	-35.68797	934.48599	933.70525	44.35927	623.63953	847.40990	-55.36954	960.58707	863.24307	-55.73163	772.64016	841.28943	-35.09747	675.57497	860.52814	-102.64582	683.22812	1033.61434	-172.73031	445.15632	860.96033	110.39539	431.14096	1027.35764	-172.21524	231.42530	777.39133	95.84424	221.37318	
411	4.100	994.93500	-123.01691	642.32348	934.65196	-10.46543	333.30375	871.58570	36.82838	308.17692	683.70515	26.45281	113.73859	695.26245	-40.74612	129.44393	672.83310	-8.00583	165.08862	1050.61390	-36.96491	382.63774	1029.15844	-99.63983	338.92687	974.17838	-132.84946	75.92508	940.97109	-71.12932	86.95359	922.23943	-119.09479	108.52932	1003.59091	-84.43967	69.18378	715.67760	-12.53218	79.75243	989.48379	-34.71338	936.13104	945.24923	44.03692	623.19940	856.33693	-54.35145	960.93974	873.73199	-53.10479	773.32709	851.94632	-33.22474	676.88065	870.39943	-100.93401	686.03627	1038.79510	-175.80269	445.95832	875.67011	110.12419	431.11107	1029.23718	-175.26490	230.96276	793.51265	96.39650	222.97529	
412	4.110	1004.01097	-124.01474	645.22750	950.97090	-10.81839	334.48554	888.22961	36.87018	308.75537	698.62646	28.27718	116.87375	710.41732	-39.22738	131.41938	688.36245	-6.82183	167.73306	1054.59662	-41.29526	382.72033	1031.67216	-103.67911	339.80640	974.59924	-134.41023	76.34206	941.54745	-72.85240	88.29162	922.96979	-120.94220	109.63699	1003.90238	-85.85893	69.52631	730.19953	-10.25600	81.96340	998.35720	-33.63142	938.22107	956.76210	43.45299	623.43992	865.08240	-53.04891	961.78655	883.98902	-50.63074	774.52812	862.49276	-31.53959	678.77981	880.02115	-99.42578	689.22616	1043.27375	-179.26535	447.03764	890.56822	109.87191	431.95508	1030.56013	-178.56032	230.72273	809.76548	97.02910	225.33835	
413	4.120	1012.74080	-125.29474	648.38595	967.19971	-11.23854	336.63953	904.89504	36.96915	310.21782	714.31254	30.24178	120.04371	726.52648	-37.56941	133.31358	704.45857	-5.73486	170.17352	1057.99636	-45.80561	383.02338	1033.55255	-107.90843	340.93807	975.05037	-135.77319	76.86258	942.25117	-74.35438	89.69117	923.66350	-122.53663	110.75864	1004.33721	-87.11554	69.94179	745.96017	-7.57579	84.44087	1007.03564	-32.47208	940.71662	968.22476	42.65306	624.35582	873.65826	-51.50745	963.10514	894.01199	-48.36239	776.20373	872.93230	-30.04563	681.21300	889.41694	-98.12024	692.70722	1047.12608	-182.94500	448.30031	905.62341	109.67372	433.65646	1031.33460	-181.94212	230.67232	826.07570	97.74611	228.44187	
414	4.130	1021.14992	-126.79118	651.71242	983.35908	-11.66910	339.69427	921.58695	37.14645	312.50628	730.69355	32.32121	123.21580	743.51084	-35.78593	135.11017	721.07358	-4.74525	172.40194	1060.82915	-50.30074	383.48938	1034.86548	-112.14831	342.24942	975.51168	-136.88342	77.46120	943.07098	-75.56745	91.10085	924.30927	-123.79804	111.86509	1004.88265	-88.16499	70.39618	762.86735	-4.53559	87.14592	1015.53925	-31.26660	943.55776	979.61820	41.68885	625.90489	882.08380	-49.78199	964.85345	903.80278	-46.33502	778.29443	883.26487	-28.72840	684.09453	898.60799	-96.99801	696.38146	1050.44088	-186.67681	449.66553	920.81466	109.56109	436.15331	1031.58587	-185.26861	230.79105	842.41917	98.55069	232.21193	
415	4.140	1029.26223	-128.43454	655.12105	999.48740	-12.05753	343.54247	938.33407	37.42074	315.52384	747.72032	34.49729	126.35045	761.28384	-33.88580	136.80161	738.17802	-3.82391	174.41758	1063.13980	-54.62191	384.07427	1035.69606	-116.24410	343.68041	975.96056	-137.71523	78.12621	943.98703	-76.45640	92.49078	924.89820	-124.68196	112.94850	1005.51527	-88.98900	70.86779	780.81266	-1.19835	90.02915	1023.89523	-30.04542	946.66598	990.92355	40.61439	628.01093	890.38467	-47.93311	966.97198	913.36543	-44.56399	780.72401	893.48584	-27.55701	687.31655	907.61057	-96.02297	700.14733	1053.31090	-190.31699	451.06871	936.12877	109.56048	439.34470	1031.36054	-188.42550	231.06574	858.82215	99.44726	236.52797	
416	4.150	1037.09809	-130.15582	658.52979	1015.63344	-12.35948	348.05165	955.18266	37.80745	319.14464	765.36391	36.76295	129.40315	779.75590	-31.87017	138.38899	755.75672	-2.91307	176.22629	1065.00024	-58.65722	384.74266	1036.14110	-120.07660	345.18190	976.38004	-138.27015	78.85281	944.97844	-77.01771	93.84752	925.42965	-125.17983	114.01412	1006.20965	-89.59232	71.34385	799.67970	2.36194	93.03380	1032.13616	-28.83615	949.94769	1002.12240	39.48210	630.56922	898.59134	-46.02302	969.38703	922.70475	-43.04440	783.40367	903.58609	-26.48750	690.75466	916.43457	-95.14570	703.90352	1055.82356	-193.75213	452.46190	951.55647	109.69212	443.10000	1030.72566	-191.33181	231.48508	875.35516	100.44335	241.23530	
417	4.160	1044.67350	-131.89067	661.86307	1031.84874	-12.54129	353.07571	972.18824	38.31809	323.22558	783.61238	39.12356	132.32696	798.83975	-29.73169	139.87984	773.80383	-1.93231	177.83853	1066.50391	-62.34455	385.46329	1036.30099	-123.56689	346.71327	976.76250	-138.57229	79.63694	946.02755	-77.27513	95.16803	925.91278	-125.31514	115.07238	1006.94392	-89.99789	71.81695	819.35267	6.06892	96.09887	1040.29782	-27.66183	953.29869	1013.19748	38.33932	633.45392	906.73727	-44.11146	972.01467	931.82560	-41.75249	786.23667	913.55296	-25.46724	694.27465	925.08331	-94.30808	707.55255	1058.05345	-196.90407	453.81207	967.08803	109.96895	447.27007	1029.76372	-193.94121	232.03523	892.12083	101.55049	246.16133	
418	4.170	1052.00041	-133.58277	665.05370	1048.17997	-12.58092	358.46599	989.40628	38.95957	327.61847	802.46580	41.59556	135.07501	818.45640	-27.45572	141.28404	792.31843	-0.78893	179.26592	1067.75700	-65.66699	386.20587	1036.27214	-126.67522	348.24026	977.10917	-138.66173	80.47105	947.12124	-77.27249	96.45399	926.36442	-125.13567	116.13278	1007.70195	-90.24091	72.28206	839.72451	9.85210	99.16187	1048.41696	-26.53947	956.60964	1024.13336	37.22548	636.52667	914.85694	-42.25195	974.76500	940.73281	-40.64876	789.12321	923.37179	-24.44001	697.74000	933.55459	-93.44866	711.00404	1060.05832	-199.72975	455.09830	982.70882	110.39587	451.69913	1028.56485	-196.23870	232.69730	909.23751	102.78368	251.13308	
419	4.180	1059.08801	-135.18624	668.04417	1064.66194	-12.46759	364.08104	1006.88266	39.73351	332.18125	821.93092	44.20272	137.60248	838.54080	-25.02333	142.60867	811.30134	0.60933	180.51677	1068.86759	-68.64231	386.93958	1036.14097	-129.39507	349.73323	977.42698	-138.58675	81.34225	948.24998	-77.06486	97.70724	926.80453	-124.70345	117.20002	1008.47298	-90.36237	72.73457	860.70390	13.65338	102.16112	1056.52913	-25.47905	959.77179	1034.91728	36.17032	639.64576	922.98387	-40.48853	977.54659	949.43170	-39.68228	791.96531	933.02794	-23.35123	701.01945	941.84267	-92.50818	714.17771	1061.87907	-202.21678	456.30831	998.39585	110.96951	456.23585	1027.21802	-198.23374	233.44686	926.82075	104.15926	255.99323	
420	4.190	1065.94491	-136.66670	670.78732	1081.31131	-12.20073	369.79416	1024.64483	40.63559	336.78722	842.01635	46.97072	139.86769	859.04659	-22.41552	143.85252	830.75369	2.34123	181.59106	1069.93474	-71.30890	387.63310	1035.97999	-131.74422	351.16610	977.72391	-138.39599	82.23247	949.40559	-76.70927	98.92675	927.25075	-124.08397	118.27240	1009.24946	-90.40289	73.16936	882.22026	17.43091	105.03757	1064.66665	-24.48302	962.68277	1045.53972	35.19331	642.67497	931.14882	-38.85348	980.27066	957.92896	-38.79580	794.67120	942.50885	-22.15280	703.99432	949.94097	-91.43469	717.00591	1063.54357	-204.37570	457.43507	1014.11578	111.67842	460.74275	1025.80288	-199.95125	234.25511	944.96534	105.69138	260.61262	
421	4.200	1072.58181	-138.00103	673.24663	1098.12167	-11.78884	375.49816	1042.69481	41.65484	341.33133	862.72916	49.92098	141.83232	879.94879	-19.61785	145.00153	850.67680	4.46113	182.47574	1071.03923	-73.71140	388.25570	1035.84599	-133.75507	352.51605	978.00435	-138.13176	83.12034	950.57865	-76.25664	100.10730	927.71347	-123.33651	119.34218	1010.02428	-90.39764	73.58069	904.22649	21.15985	107.73602	1072.85703	-23.54638	965.25184	1055.99488	34.30430	645.49147	939.37834	-37.36586	982.85489	966.23378	-37.93102	797.15921	951.80608	-20.80723	706.56472	957.84521	-90.18784	719.43568	1065.07306	-206.23094	458.47372	1029.82477	112.50368	465.10297	1024.38365	-201.42252	235.09102	963.73072	107.38775	264.89760	
422	4.210	1079.01435	-139.17603	675.39609	1115.06022	-11.24883	381.10710	1061.00461	42.77290	345.73299	884.07306	53.06504	143.46079	901.24384	-16.62475	146.02573	871.07293	6.99167	183.14141	1072.23748	-75.88864	388.77875	1035.78032	-135.46589	353.76367	978.26587	-137.82544	83.98381	951.75643	-75.74595	101.23976	928.19273	-122.50718	120.39728	1010.78809	-90.37284	73.96269	926.69904	24.83007	110.20595	1081.12194	-22.65718	967.40424	1066.28085	33.50524	647.99216	947.69381	-36.03132	985.22650	974.35890	-37.03356	799.36083	960.91691	-19.29052	708.65435	965.55645	-88.74183	721.43010	1066.48962	-207.81217	459.41932	1045.47011	113.41980	469.22409	1023.00584	-202.67756	235.92404	983.13176	109.24576	268.79145	
423	4.220	1085.26571	-140.18610	677.21986	1132.06639	-10.60595	386.55487	1079.51457	43.96341	349.93540	906.04797	56.40016	144.71917	922.94656	-13.44305	146.87849	891.94581	9.92130	183.54094	1073.55970	-77.86604	389.17754	1035.81091	-136.91438	354.89354	978.49811	-137.49546	84.80300	952.92194	-75.20155	102.31242	928.67767	-121.62564	121.42372	1011.52779	-90.34426	74.31006	949.63522	28.44112	112.40177	1089.47663	-21.79753	969.08443	1076.39967	32.79260	650.09797	956.11092	-34.84276	987.32468	982.32149	-36.05707	801.22280	969.84555	-17.59374	710.21337	973.08377	-87.08698	722.96887	1067.82305	-209.14756	460.26556	1060.99331	114.39559	473.03883	1021.69629	-203.74026	236.72662	1003.13633	111.24960	272.27021	
424	4.230	1091.36861	-141.03077	678.71173	1149.05282	-9.89456	391.79116	1098.13489	45.19150	353.90162	928.65045	59.90693	145.57411	945.08393	-10.09403	147.49816	913.30028	13.20658	183.61066	1075.01241	-79.65306	389.43285	1035.95574	-138.13404	355.89510	978.68412	-137.14816	85.56257	954.05446	-74.63373	103.31324	929.14871	-120.70582	122.40824	1012.22640	-90.31768	74.61884	973.04776	31.99552	114.28273	1097.93005	-20.94490	970.25791	1086.35739	32.16022	651.75595	964.63963	-33.78203	989.10217	990.14370	-34.96624	802.70822	978.60384	-15.72308	711.21912	980.44618	-85.22967	724.04801	1069.11594	-210.25982	461.00440	1076.33414	115.39516	476.50298	1020.46640	-204.62655	237.47636	1023.66973	113.36904	275.33391	
425	4.240	1097.36646	-141.71221	679.87436	1165.90859	-9.15925	396.77529	1116.75006	46.41368	357.60818	951.87369	63.54885	145.99208	967.68599	-6.61421	147.81195	935.14003	16.77844	183.27428	1076.58507	-81.24529	389.53232	1036.22758	-139.15299	356.76335	978.80385	-136.78097	86.25341	955.13136	-74.04220	104.23224	929.58200	-119.75004	123.34076	1012.86458	-90.29101	74.88690	996.95669	35.49127	115.81237	1106.48545	-20.07361	970.91166	1096.16408	31.60195	652.93907	973.28464	-32.82217	990.52595	997.85276	-33.73854	803.79663	987.21137	-13.69848	711.67477	987.67359	-83.19087	724.67867	1070.42626	-211.16510	461.62673	1091.43500	116.37862	479.59112	1019.31803	-205.34551	238.15740	1044.62452	115.55996	277.99516	
426	4.250	1103.31338	-142.23344	680.71840	1182.50478	-8.45586	401.46916	1135.22583	47.57847	361.03744	975.70597	67.27367	145.93955	990.77462	-3.05480	147.74169	957.46304	20.55070	182.44918	1078.25942	-82.62983	389.47114	1036.63950	-139.99478	357.49931	978.83923	-136.38717	86.87333	956.13122	-73.42137	105.06386	929.95534	-118.75546	124.21635	1013.42351	-90.25752	75.11416	1021.37885	38.91485	116.95795	1115.14140	-19.15644	971.05327	1105.83407	31.11373	653.64411	982.04614	-31.93012	991.57729	1005.48072	-32.36465	804.48316	995.69524	-11.55117	711.60600	994.80662	-81.00349	724.88509	1071.82727	-211.87426	462.12367	1106.24522	117.30304	482.29089	1018.25144	-205.90246	238.76103	1065.87358	117.76612	280.26699	
427	4.260	1109.27313	-142.59733	681.26136	1198.70200	-7.85158	405.83042	1153.41782	48.62783	364.16984	1000.12619	71.01577	145.38413	1014.35096	0.51973	147.21077	980.25447	24.42905	181.05441	1080.02030	-83.79214	389.25213	1037.21062	-140.68006	358.10977	978.77974	-135.96125	87.42694	957.03753	-72.76655	105.80867	930.25445	-117.72129	125.03661	1013.88868	-90.20958	75.30254	1046.31527	42.23575	117.68987	1123.89316	-18.16608	970.70884	1115.38629	30.69480	653.88791	990.92083	-31.06937	992.25089	1013.06392	-30.84784	804.77686	1004.08927	-9.32026	711.05633	1001.89555	-78.70901	724.70184	1073.40503	-212.39556	462.48807	1120.72462	118.12350	484.59678	1017.27378	-206.30305	239.28547	1087.28323	119.92194	282.15255	
428	4.270	1115.31694	-142.80659	681.52625	1214.35946	-7.42330	409.80719	1171.18096	49.49988	366.97748	1025.09588	74.69884	144.29678	1038.38258	4.03361	146.15136	1003.47731	28.31829	179.01959	1081.86613	-84.72260	388.88482	1037.97141	-141.22845	358.60631	978.62754	-135.50377	87.92473	957.84267	-72.07951	106.47440	930.47857	-116.65522	125.81039	1014.25383	-90.14207	75.45553	1071.73744	45.40350	117.98146	1132.73409	-17.07660	969.92001	1124.84455	30.34802	653.70274	999.90304	-30.20256	992.55363	1020.64212	-29.20235	804.69840	1012.43304	-7.04912	710.08157	1008.99822	-76.35366	724.17063	1075.25402	-212.73771	462.71589	1134.84622	118.79466	486.50426	1016.40704	-206.55714	239.73494	1108.72341	121.95571	283.63817	
429	4.280	1121.52060	-142.86451	681.54003	1229.34510	-7.25349	413.33529	1188.37877	50.13285	369.42012	1050.54752	78.23842	142.65493	1062.79169	7.40204	144.51141	1027.06178	32.12661	176.29359	1083.81748	-85.42137	388.38366	1038.96790	-141.65970	359.00347	978.40121	-135.02471	88.38167	958.55148	-71.37262	107.07606	930.64454	-115.57787	126.55377	1014.52443	-90.05507	75.57753	1097.57347	48.34794	117.80940	1141.65708	-15.86462	968.74034	1134.23774	30.07913	653.13127	1008.98576	-29.29350	992.50265	1028.25754	-27.45128	804.27736	1020.77061	-4.78182	708.74423	1016.17741	-73.98490	723.33698	1077.47192	-212.91255	462.80704	1148.59760	119.27294	488.00543	1015.69400	-206.68159	240.11819	1130.07254	123.79303	284.69126	
430	4.290	1127.96089	-142.77629	681.33174	1243.54573	-7.42339	416.33891	1204.89151	50.47028	371.44427	1076.37051	81.54412	140.44586	1087.44603	10.53385	142.26045	1050.89463	35.76646	172.85191	1085.92273	-85.90092	387.76544	1040.26409	-141.99408	359.31616	978.13766	-134.54499	88.81552	959.18398	-70.67068	107.63508	930.78906	-114.52440	127.28942	1014.71988	-89.95531	75.67299	1123.69594	50.98298	117.15481	1150.65582	-14.51035	967.23145	1143.59965	29.89547	652.22187	1018.16159	-28.30881	992.12321	1035.95378	-25.62421	803.54938	1029.14893	-2.56008	707.10841	1023.49789	-71.64833	722.24704	1080.15406	-212.93668	462.76532	1161.98068	119.51947	489.08645	1015.20117	-206.70134	240.44665	1151.21619	125.36066	285.26312	
431	4.300	1134.71199	-142.55037	680.93057	1256.87657	-8.00362	418.73474	1220.62236	50.46728	372.98581	1102.39685	84.52190	137.67004	1112.15366	13.33480	139.39385	1074.81036	39.15274	168.70203	1088.25974	-86.18601	387.04629	1041.94206	-142.25175	359.55682	977.89169	-134.09562	89.24494	959.77679	-70.01022	108.17771	930.96859	-113.54295	128.04524	1014.87424	-89.85623	75.74547	1149.91324	53.21383	116.00512	1159.72568	-12.99850	965.45914	1152.96821	29.80422	651.02473	1027.42342	-27.21896	991.44636	1043.77473	-23.75473	802.55338	1037.61618	-0.42123	705.23589	1031.02327	-69.38560	720.94495	1083.38839	-212.83194	462.59768	1175.00949	119.50365	489.72755	1015.01818	-206.64869	240.73230	1172.03975	126.59078	285.29607	
432	4.310	1141.84188	-142.19956	680.36385	1269.28901	-9.04318	420.43941	1235.50115	50.09721	373.97582	1128.38988	87.07735	134.34367	1136.66335	15.71210	135.93516	1098.58626	42.19996	163.88618	1090.93372	-86.31157	386.23848	1044.09945	-142.45147	359.73248	977.73362	-133.71494	89.68776	960.38300	-69.43643	108.73279	931.25750	-112.69046	128.85245	1015.03514	-89.77680	75.79665	1175.96659	54.94732	114.35657	1168.86427	-11.31897	963.48986	1162.38402	29.81089	649.58920	1036.76485	-25.99879	990.50663	1051.76342	-21.87835	801.32917	1046.21975	1.60297	703.18369	1038.81311	-67.23325	719.47096	1087.25131	-212.62468	462.31271	1187.70614	119.20736	489.90528	1015.25375	-206.56072	240.98555	1192.41743	127.42606	284.73329	
433	4.320	1149.40936	-141.74133	679.65514	1280.77561	-10.55808	421.37930	1249.48535	49.35818	374.34906	1154.03955	89.12076	130.50034	1160.67122	17.58073	131.93656	1121.94327	44.82094	158.48113	1094.07142	-86.31900	385.34771	1046.84474	-142.60892	359.84223	977.74533	-133.44426	90.15935	961.07057	-68.99823	109.32911	931.74455	-112.02642	129.74321	1015.26121	-89.73919	75.82554	1201.53431	56.10409	112.21717	1178.07154	-9.46755	961.38775	1171.88804	29.91823	647.96244	1046.18028	-24.62789	989.33989	1059.96085	-20.03073	799.91552	1055.00404	3.48625	701.00320	1046.92014	-65.22275	717.86040	1091.80482	-212.34413	461.91859	1200.09505	118.62935	489.59694	1016.02883	-206.47565	241.21326	1212.20078	127.82561	283.52956	
434	4.330	1157.46157	-141.19727	678.82260	1291.37153	-12.52134	421.50145	1262.55848	48.27856	374.05382	1178.96746	90.57485	126.19160	1183.83445	18.87171	127.47741	1144.55443	46.92890	152.59545	1097.81239	-86.25173	384.37095	1050.29057	-142.73516	359.87553	978.01538	-133.32261	90.67142	961.91947	-68.74225	109.99281	932.52841	-111.60563	130.74795	1015.61831	-89.76578	75.82793	1226.24464	56.63169	109.60973	1187.34947	-7.44643	959.21235	1181.51857	30.12583	646.18940	1055.66474	-23.09070	987.98166	1068.40468	-18.24639	798.34906	1064.00800	5.20704	698.74083	1055.38789	-63.38124	716.14371	1097.09513	-212.01994	461.42098	1212.19603	117.78941	488.78652	1017.46803	-206.42843	241.41697	1231.21057	127.77186	281.66090	
435	4.340	1166.03225	-140.59151	677.87782	1301.15175	-14.85623	420.78391	1274.72638	46.92042	373.06207	1202.74388	91.38516	121.48677	1205.79132	19.54208	122.66123	1166.06144	48.44493	146.36452	1102.29858	-86.15059	383.29548	1054.54614	-142.83540	359.81157	978.63396	-133.38159	91.23124	963.01787	-68.70669	110.74490	933.71290	-111.47115	131.89279	1016.17514	-89.87596	75.79620	1249.69703	56.51657	106.57463	1196.70137	-5.26466	957.01717	1191.30766	30.43070	644.31374	1065.21359	-21.37679	986.46590	1077.12784	-16.55796	796.66381	1073.26252	6.74701	696.43970	1064.24857	-61.73296	714.34709	1103.15274	-211.67939	460.82090	1224.01716	116.73178	487.47126	1019.69051	-206.44652	241.59172	1249.23593	127.27777	279.13206	
436	4.350	1175.14065	-139.94831	676.82533	1310.22409	-17.43426	419.24416	1286.01204	45.38024	371.37825	1224.91698	91.53223	116.47220	1226.18644	19.58559	117.61147	1186.09917	49.31054	139.94403	1107.66340	-86.04961	382.09917	1059.70958	-142.90832	359.61991	979.68841	-133.64077	91.84141	964.45813	-68.91592	111.59947	935.40242	-111.64825	133.19710	1016.99900	-90.08314	75.71974	1271.49080	55.79328	103.17177	1206.13093	-2.93838	954.84905	1201.27727	30.82862	642.37942	1074.82192	-19.48130	984.82443	1086.15701	-14.99576	794.89152	1082.78794	8.08955	694.14186	1073.52128	-60.30058	712.49390	1109.99390	-211.34432	460.11326	1235.54844	115.52690	485.66794	1022.80151	-206.54645	241.72564	1266.04335	126.39330	275.98087	
437	4.360	1184.79105	-139.28911	675.66292	1318.71835	-20.07923	416.94379	1296.44981	43.78601	369.04544	1245.05237	91.04366	111.25010	1244.69894	19.04223	112.46623	1204.32619	49.50407	133.50256	1114.02164	-85.97260	380.75211	1065.86127	-142.94609	359.26241	981.25959	-134.10464	92.50043	966.33270	-69.37648	112.56257	937.69796	-112.14020	134.67189	1018.15210	-90.39260	75.58597	1291.25844	54.54906	99.48109	1215.64110	-0.49081	952.74821	1211.43578	31.31596	640.43235	1084.48413	-17.40566	983.08708	1095.51101	-13.58776	793.06259	1092.59165	9.21853	691.89048	1083.21070	-59.10633	710.60628	1117.62290	-211.02847	459.28617	1246.75769	114.27087	483.41806	1026.88574	-206.73156	241.80051	1281.39625	125.20943	272.27973	
438	4.370	1194.97264	-138.62943	674.38291	1326.77262	-22.57768	413.98887	1306.08017	42.29062	366.14786	1262.77848	90.00325	105.93686	1261.07039	18.00443	107.37219	1220.45792	49.05740	127.21367	1121.46139	-85.93096	379.21972	1073.05881	-142.93491	358.69648	983.41937	-134.76122	93.20393	968.73067	-70.07514	113.63222	940.69386	-112.92631	136.31905	1019.68921	-90.80042	75.38218	1308.69985	52.92228	95.60115	1225.23293	2.04804	950.74889	1221.77531	31.89178	638.52171	1094.19342	-15.15856	981.28230	1105.19920	-12.35945	791.20740	1102.66646	10.11782	689.73140	1093.30612	-58.17208	708.70670	1126.03464	-210.73532	458.32150	1257.58982	113.08182	480.79087	1032.00289	-206.99136	241.79348	1295.08322	123.85783	268.13437	
439	4.380	1205.65970	-137.97630	672.97432	1334.51832	-24.69521	410.52508	1314.94548	41.06147	362.80880	1277.83109	88.55410	100.66013	1275.12903	16.61754	102.47773	1234.29792	48.06886	121.24782	1130.03867	-85.92281	377.46693	1081.33425	-142.85615	357.87918	986.22920	-135.58273	93.94674	971.73488	-70.97903	114.79951	944.47525	-113.96235	138.13192	1021.65676	-91.29386	75.09808	1323.61283	51.09392	91.64531	1234.90448	4.64215	948.88047	1232.27032	32.55952	636.70042	1103.94145	-12.75703	979.43839	1115.22001	-11.33375	789.35770	1112.98971	10.77182	687.71362	1103.78115	-57.51847	706.81928	1135.21706	-210.45700	457.19695	1267.97014	112.09287	477.88359	1038.18589	-207.30238	241.68003	1306.95032	122.50472	263.67992	
440	4.390	1216.81211	-137.32643	671.42583	1342.06575	-26.19744	406.72823	1323.08736	40.26718	359.18396	1290.08937	86.89312	95.55397	1286.80677	15.07281	97.92537	1245.76201	46.70745	115.76386	1139.77518	-85.93354	375.46325	1090.69356	-142.68778	356.77222	989.73956	-136.52813	94.72564	975.41967	-72.03811	116.05075	949.11590	-115.18339	140.09697	1024.09365	-91.85318	74.72890	1335.91522	49.27234	87.73528	1244.65002	7.25055	947.16856	1242.87801	33.32806	635.02460	1113.71818	-10.22738	977.58477	1125.55992	-10.53052	787.54787	1123.52366	11.16716	685.88848	1114.59421	-57.16276	704.97060	1145.15272	-210.17444	455.88952	1277.81185	111.44191	474.81840	1045.44140	-207.63053	241.43792	1316.93099	121.33861	259.07413	
441	4.400	1228.37603	-136.66582	669.72936	1349.49208	-26.87322	402.79072	1330.54535	40.06243	355.45035	1299.59592	85.25569	90.75169	1296.14603	13.59217	93.84360	1254.89042	45.20495	110.90044	1150.65900	-85.93762	373.18831	1101.11803	-142.40612	355.34709	993.99003	-137.54725	95.54243	979.84934	-73.18950	117.37053	954.67626	-116.50890	142.19672	1027.03360	-92.45467	74.27887	1345.65457	47.67271	83.99273	1254.45945	9.82897	945.63622	1253.54069	34.21165	633.55178	1123.51190	-7.60585	975.75331	1136.19287	-9.96572	785.81562	1134.21717	11.29530	684.30772	1125.68985	-57.11570	703.18984	1155.81948	-209.85883	454.38025	1287.02700	111.25897	471.73586	1053.75238	-207.93453	241.05197	1325.06639	120.55295	254.48717	
442	4.410	1240.28496	-135.97072	667.88365	1356.83348	-26.55744	398.90556	1337.35669	40.57268	351.79192	1306.55528	83.89117	86.37623	1303.29489	12.40581	90.33858	1261.84467	43.83445	106.76714	1162.64772	-85.90140	370.63709	1112.56729	-141.98752	353.59010	999.00998	-138.58613	96.40697	985.07701	-74.36347	118.74516	961.20151	-117.84951	144.41317	1030.50870	-93.07455	73.76441	1353.00321	46.49365	80.52954	1264.31819	12.33171	944.30480	1264.18990	35.22877	632.33811	1133.30941	-4.93855	973.97920	1147.08044	-9.65012	784.20191	1145.00874	11.15585	683.02043	1137.00109	-57.37788	701.50833	1167.19002	-209.47424	452.65959	1295.53943	111.65269	468.78509	1063.08204	-208.17007	240.51900	1331.50989	120.32606	250.08817	
443	4.420	1252.46131	-135.21007	665.89767	1364.08248	-25.15056	395.24970	1343.55638	41.88050	348.38343	1311.30927	83.03230	82.52948	1308.49071	11.72502	87.48639	1266.88843	42.87700	103.43638	1175.67328	-85.78633	367.82457	1124.98322	-141.41002	351.50646	1004.81968	-139.59278	97.33947	991.14395	-75.49023	120.16590	968.71957	-119.11499	146.73129	1034.55371	-93.69296	73.21649	1358.23849	45.89440	77.43843	1274.20738	14.71384	943.19438	1274.75204	36.39977	631.43467	1143.09640	-2.28062	972.30123	1158.17299	-9.58782	782.75005	1155.83071	10.75987	682.06967	1148.45263	-57.93608	699.95855	1179.23067	-208.98109	450.73262	1303.29769	112.69790	466.11158	1073.37868	-208.29412	239.85222	1336.51229	120.80115	246.02976	
444	4.430	1264.81853	-134.34920	663.79305	1371.19086	-22.63207	391.96895	1349.17697	44.01517	345.37461	1314.29235	82.86333	79.28221	1312.03432	11.71451	85.32693	1270.35488	42.58127	100.93708	1189.64776	-85.55217	364.78886	1138.29448	-140.65465	349.12324	1011.43181	-140.52254	98.37143	998.07944	-76.50691	121.63139	977.23937	-120.22246	149.14179	1039.21049	-94.29740	72.68155	1361.71098	45.97620	74.78545	1284.10458	16.93351	942.32373	1285.15477	37.74384	630.88346	1152.85786	0.30561	970.76122	1169.41156	-9.77469	781.50381	1166.61411	10.13253	681.48902	1159.96484	-58.76060	698.57275	1191.89983	-208.33997	448.62321	1310.28543	114.42620	463.84388	1084.58099	-208.26885	239.08427	1340.38842	122.06889	242.43283	
445	4.440	1277.26402	-133.35409	661.60523	1378.07756	-19.06607	389.16639	1354.24774	46.94721	342.87690	1315.97464	83.49243	76.66690	1314.25874	12.46872	83.86046	1272.60619	43.12355	99.25154	1204.46937	-85.15972	361.59266	1152.42100	-139.70640	346.49041	1018.85357	-141.34238	99.54463	1005.90127	-77.36342	123.14866	986.74987	-121.10375	151.64246	1044.53204	-94.88499	72.22040	1363.80543	46.77050	72.60546	1293.98480	18.95422	941.70979	1295.33327	39.27560	630.71355	1162.57870	2.75348	969.40262	1180.73075	-10.19715	780.50488	1177.29377	9.31454	681.29981	1171.45822	-59.80412	697.38133	1205.14662	-207.51537	446.37626	1316.52735	116.82107	462.08111	1096.62318	-208.06476	238.26818	1343.47041	124.15480	239.37502	
446	4.450	1289.70268	-132.19587	659.38307	1384.64019	-14.59790	386.89595	1358.79329	50.58855	340.95468	1316.80377	84.93407	74.67541	1315.49726	13.99669	83.04786	1273.99229	44.57610	98.31673	1220.02826	-84.57293	358.32244	1167.27825	-138.55476	343.67989	1027.08914	-142.03319	100.90777	1014.61692	-78.02665	124.73229	997.22023	-121.71090	154.23766	1050.58520	-95.46277	71.90478	1364.90106	48.23613	70.90163	1303.82174	20.74681	941.36656	1305.23554	41.00198	630.93796	1172.24434	4.99562	968.26829	1192.06210	-10.83153	779.78984	1187.81286	8.36162	681.50937	1182.85787	-61.00259	696.41126	1218.91024	-206.47892	444.05744	1322.08901	119.81842	460.88321	1109.43960	-207.66246	237.47564	1346.05729	127.01292	236.88554	
447	4.460	1302.04109	-130.85467	657.18668	1390.76851	-9.44177	385.16217	1362.83227	54.79876	339.62247	1317.15646	87.10464	73.26208	1316.05572	16.21844	82.81491	1274.81651	46.89120	98.03073	1236.21186	-83.76045	355.08540	1182.78083	-137.19398	340.78254	1036.14234	-142.58979	102.51099	1024.22561	-78.48200	126.40159	1008.60185	-122.01888	156.93576	1057.45169	-96.04593	71.81163	1365.33736	50.26538	69.64858	1313.58935	22.29110	941.30389	1314.82598	42.91983	631.55183	1181.84131	6.96832	967.39775	1203.33783	-11.64438	779.38707	1198.12644	7.34178	682.11048	1194.09765	-62.27867	695.68463	1233.12026	-205.21192	441.75027	1327.07007	123.31235	460.26552	1122.96849	-207.05314	236.79249	1348.37240	130.52706	234.94767	
448	4.470	1314.19195	-129.32222	655.08359	1396.35808	-3.86077	383.92613	1366.37687	59.39683	338.84833	1317.30826	89.83289	72.35200	1316.19258	18.97406	83.06042	1275.31332	49.90442	98.26373	1252.90957	-82.69679	352.00422	1198.84541	-135.62310	337.90322	1046.01917	-143.01856	104.39862	1034.72085	-78.73214	128.17621	1020.83226	-122.02512	159.74481	1065.22663	-96.65397	72.01565	1365.39038	52.69820	68.79853	1323.26335	23.57691	941.52590	1324.08663	45.01482	632.53206	1191.35791	8.61595	966.82415	1214.49446	-12.59376	779.31412	1208.20340	6.33048	683.08215	1205.12359	-63.54724	695.21735	1247.69800	-203.70698	439.55081	1331.59217	127.16519	460.19890	1137.15429	-206.23777	236.31181	1350.53825	134.52058	233.50803	
449	4.480	1326.07861	-127.60299	653.14373	1401.32236	1.85871	383.11623	1369.43416	64.17755	338.56287	1317.42455	92.88324	71.85265	1316.10853	22.04430	83.66724	1275.64053	53.35731	98.87247	1270.01673	-81.36357	349.21001	1215.39281	-133.84594	335.15445	1056.72984	-143.33309	106.60126	1046.09341	-78.79310	130.07076	1033.84089	-121.74601	162.66714	1074.01445	-97.30543	72.58092	1365.26176	55.34225	68.28929	1332.82273	24.60444	942.02966	1333.01611	47.26181	633.83873	1200.78481	9.89529	966.57135	1225.47599	-13.63162	779.57566	1218.02675	5.40401	684.39125	1215.89611	-64.72267	695.01830	1262.55883	-201.96880	437.56062	1335.78340	131.22050	460.61518	1151.94856	-205.22527	236.12518	1352.57367	138.77412	232.49003	
450	4.490	1337.63905	-125.71339	651.43368	1405.60253	7.43522	382.64208	1372.00939	68.93056	338.67210	1317.57125	95.98814	71.66662	1315.94541	25.17932	84.51466	1275.88487	56.93504	99.71576	1287.43780	-79.75102	346.83403	1232.34927	-131.87118	332.64922	1068.28960	-143.54876	109.12843	1058.33391	-78.68852	132.08955	1047.55590	-121.21107	165.69396	1083.92231	-98.01187	73.55275	1365.07990	57.99599	68.05261	1342.25103	25.38393	942.80398	1341.62641	49.62656	635.41798	1210.11553	10.77912	966.65157	1236.23625	-14.70684	780.16262	1227.59226	4.63199	685.99489	1226.39105	-65.72684	695.08855	1277.61541	-200.01413	435.87877	1339.76259	135.31730	461.41721	1167.30955	-204.03008	236.31339	1354.41228	143.04957	231.80821	
451	4.500	1348.82901	-123.67955	650.01086	1409.17397	12.61991	382.40864	1374.11069	73.46010	339.07166	1317.73932	98.88399	71.70318	1315.79243	28.13108	85.49038	1276.07738	60.31205	100.66865	1305.08852	-77.85959	344.99892	1249.64708	-129.71259	330.49387	1080.71841	-143.67717	111.96311	1071.43467	-78.44306	134.22237	1061.91120	-120.45609	168.80096	1095.05144	-98.77241	74.95122	1364.91079	60.47179	68.02168	1351.53739	25.93459	943.82867	1349.93826	52.06871	637.20601	1219.34691	11.25873	967.06368	1246.74035	-15.76876	781.05222	1236.90579	4.06991	687.84292	1236.59927	-66.49684	695.42099	1292.78147	-197.87083	434.59413	1343.62576	139.30402	462.49167	1183.20084	-202.66971	236.93772	1355.93604	147.11657	231.38058	
452	4.510	1359.62394	-121.53380	648.91841	1412.04957	17.22018	382.32842	1375.75433	77.60287	339.66020	1317.87604	101.34476	71.88668	1315.69724	30.68420	86.50032	1276.21383	63.19752	101.63311	1322.89709	-75.70161	343.81040	1267.22464	-127.38923	328.78151	1094.03908	-143.72173	115.05938	1085.39028	-78.07632	136.44240	1076.85235	-119.51645	171.94616	1107.48765	-99.56964	76.76734	1364.77460	62.61596	68.13677	1360.67715	26.28301	945.07433	1357.97590	54.54536	639.13375	1228.47928	11.34507	967.79262	1256.96502	-16.77070	782.20919	1245.97978	3.75292	689.88028	1246.52511	-66.99133	696.00011	1307.97595	-195.57624	433.77859	1347.43698	143.05093	463.72267	1199.58956	-201.16253	238.03300	1357.01511	150.77766	231.13715	
453	4.520	1370.01930	-119.31071	648.18128	1414.27939	21.11627	382.32977	1376.96890	81.24187	340.34968	1317.91571	103.20841	72.16077	1315.67869	32.68076	87.47494	1276.27541	65.37307	102.54353	1340.80426	-73.30215	343.35021	1285.02635	-124.92555	327.58674	1108.27409	-143.67489	118.34371	1100.19663	-77.59836	138.70673	1092.34031	-118.42187	175.07048	1121.29207	-100.36786	78.96260	1364.66394	64.32339	68.34866	1369.67207	26.46107	946.50275	1365.76225	57.01474	641.13162	1237.51650	11.06835	968.80975	1266.89807	-17.67297	783.58783	1254.82967	3.69172	692.04910	1256.18377	-67.19451	696.80202	1323.12756	-193.17469	433.48223	1351.22440	146.45956	465.00410	1216.44460	-199.52614	239.60337	1357.54454	153.88815	231.02424	
454	4.530	1380.02939	-117.04329	647.80408	1415.94717	24.26865	382.36067	1377.79768	84.31442	341.07166	1317.80441	104.39253	72.48865	1315.73898	34.03552	88.37161	1276.24581	66.71711	103.36696	1358.76253	-70.69872	343.67102	1303.00257	-122.35104	326.96210	1123.44162	-143.51763	121.71991	1115.84871	-77.00751	140.95964	1108.35239	-117.19337	178.10128	1136.49364	-101.11398	81.47213	1364.56055	65.54514	68.61972	1378.53018	26.50357	948.06789	1373.31516	59.43953	643.13379	1246.46579	10.47606	970.07432	1276.53714	-18.44521	785.13469	1263.47065	3.87125	694.29034	1265.59820	-67.11730	697.79476	1338.17938	-190.71441	433.73062	1354.98156	149.46842	466.24910	1233.73519	-197.77634	241.62146	1357.47113	156.36817	231.00480	
455	4.540	1389.68461	-114.75993	647.77073	1417.16391	26.71512	382.38812	1378.29860	86.81325	341.77911	1317.51572	104.89770	72.84997	1315.87345	34.74012	89.17304	1276.12266	67.21302	104.09861	1376.73449	-67.93931	344.79386	1321.10967	-119.69931	326.93628	1139.55119	-143.22112	125.07731	1132.33744	-76.29071	143.13792	1124.88029	-115.84245	180.95828	1153.08435	-101.74119	84.21096	1364.44794	66.28836	68.92310	1387.26506	26.44593	949.71749	1380.64546	61.78915	645.08168	1255.33732	9.62969	971.53574	1285.88797	-19.06778	786.79167	1271.91528	4.25237	696.54525	1274.79555	-66.79550	698.93895	1353.09310	-188.24382	434.52460	1358.67334	152.05426	467.39580	1251.43002	-195.92679	244.03097	1356.80662	158.20566	231.05601	
456	4.550	1399.02751	-112.48267	648.04603	1418.05908	28.55820	382.39456	1378.54200	88.78091	342.44474	1317.05655	104.79905	73.23596	1316.07705	34.85634	89.88264	1275.92235	66.94131	104.75412	1394.69073	-65.07869	346.70814	1339.31016	-117.00633	327.51435	1156.59959	-142.75003	128.30082	1149.64651	-75.42600	145.17758	1141.92588	-114.37221	183.56109	1171.01798	-102.17477	87.08252	1364.31901	66.60921	69.24067	1395.89498	26.32191	951.39512	1387.75688	64.04097	646.92630	1264.14361	8.60038	973.13658	1294.96255	-19.53208	788.49923	1280.17229	4.77623	698.75659	1283.80398	-66.28535	700.18892	1367.85239	-185.80760	435.84240	1362.24545	154.22892	468.40887	1269.49670	-193.98899	246.75238	1355.62713	159.45048	231.16538	
457	4.560	1408.10819	-110.22673	648.57883	1418.77038	29.94482	382.37262	1378.60681	90.29833	343.05672	1316.46430	104.22837	73.64411	1316.34754	34.50044	90.51800	1275.67915	66.05843	105.36048	1412.60724	-62.17338	349.37430	1357.57265	-114.30811	328.67960	1174.56774	-142.06707	131.28187	1167.74991	-74.38658	147.02047	1159.49558	-112.77957	185.83701	1190.21256	-102.33963	89.98803	1364.17868	66.60012	69.56045	1404.44168	26.16175	953.04269	1394.64778	66.18020	648.62958	1272.89888	7.46392	974.81587	1303.77734	-19.84011	790.19940	1288.24648	5.37075	700.87008	1292.64983	-65.65699	701.49413	1382.46436	-183.44299	437.64364	1365.63609	156.03226	469.27734	1287.90154	-191.97259	249.69129	1354.06124	160.20114	231.32641	
458	4.570	1416.97942	-108.00153	649.30630	1419.43305	31.04182	382.31996	1378.57595	91.46967	343.61351	1315.79784	103.35017	74.07365	1316.68584	33.82180	91.10381	1275.43984	64.76694	105.94750	1430.46263	-59.27597	352.72855	1375.87151	-111.63794	330.39669	1193.41893	-141.13782	133.92837	1186.61087	-73.14537	148.61980	1177.59459	-111.05784	187.72787	1210.55604	-102.16822	92.83555	1364.04245	66.37382	69.87416	1412.92905	25.99068	954.60307	1401.31433	68.19886	650.16459	1281.61839	6.29562	976.51256	1312.35181	-20.00318	791.83855	1296.13978	5.95821	702.83581	1301.35559	-64.98702	702.80125	1396.95859	-181.17668	439.87452	1368.78834	157.52241	470.00964	1306.60921	-189.88577	252.74800	1352.27068	160.58656	231.53466	
459	4.580	1425.69211	-105.81255	650.15903	1420.16968	32.01106	382.23519	1378.53159	92.40591	344.11887	1315.12532	102.33603	74.52258	1317.09458	32.97949	91.66546	1275.25593	63.28257	106.54104	1448.23532	-56.42990	356.68900	1394.18563	-109.02362	332.61574	1213.09896	-139.93530	136.17261	1206.18241	-71.67956	149.94358	1196.22201	-109.19919	189.19474	1231.91475	-101.60810	95.54738	1363.93218	66.04655	70.17535	1421.38182	25.82797	956.02281	1407.75434	70.09387	651.51494	1290.31770	5.16542	978.16867	1320.70744	-20.04016	793.36966	1303.85315	6.46315	704.61001	1309.93889	-64.35079	704.05643	1411.38269	-179.02301	442.47348	1371.66169	158.76500	470.62697	1325.58241	-187.73558	255.82738	1350.42792	160.74595	231.78497	
460	4.590	1434.29172	-103.66385	651.06617	1421.08171	32.98811	382.11545	1378.55047	93.20976	344.57799	1314.51173	101.34114	74.98641	1317.57589	32.12068	92.22413	1275.17531	61.80359	107.15896	1465.90080	-53.66554	361.16253	1412.49643	-106.48517	335.27660	1233.53844	-138.44365	137.97573	1226.40954	-69.97424	150.97552	1215.36786	-107.19675	190.21978	1254.14335	-100.62770	98.06508	1363.87097	65.72308	70.45830	1429.82439	25.68647	957.25466	1413.97123	71.86490	652.67355	1299.01221	4.13374	979.73214	1328.86705	-19.97539	794.75401	1311.38881	6.81936	706.15672	1318.41243	-63.81562	705.20791	1425.79455	-176.98368	445.37631	1374.24095	159.82302	471.15641	1344.78164	-185.52828	258.84739	1348.69452	160.80982	232.06994	
461	4.600	1442.81581	-101.56044	651.96027	1422.24348	34.06772	381.95579	1378.69972	93.96416	344.99522	1314.00876	100.48640	75.45828	1318.12923	31.36378	92.79389	1275.23503	60.48712	107.80974	1483.42932	-50.99841	366.05131	1430.78493	-104.03337	338.31299	1254.65724	-136.66048	139.32835	1247.23248	-68.02507	151.71348	1235.01216	-105.04651	190.80496	1277.09523	-99.21966	100.35136	1363.87809	65.48535	70.71780	1438.27986	25.57261	958.25975	1419.97737	73.51234	653.64111	1307.71675	3.24823	981.15895	1336.85464	-19.83660	795.96221	1318.75269	6.97550	707.44944	1326.78487	-63.43539	706.20863	1440.25169	-175.04925	448.51988	1376.54137	160.74915	471.62490	1364.16516	-183.26963	261.74521	1347.20326	160.88498	232.37977	
462	4.610	1451.29304	-99.51022	652.78138	1423.69930	35.29744	381.74976	1379.03336	94.72552	345.37321	1313.64838	99.84817	75.93020	1318.75008	30.78836	93.38081	1275.45641	59.43504	108.49351	1500.78403	-48.42971	371.25832	1449.02808	-101.66942	341.65578	1276.37055	-134.59791	140.24714	1268.59015	-65.83974	152.16584	1255.12623	-102.74940	190.96795	1300.63199	-97.40114	102.38910	1363.96549	65.38607	70.94936	1446.76934	25.48684	959.00920	1425.79645	75.03572	654.42441	1316.44539	2.54169	982.41456	1344.69545	-19.65282	796.97464	1325.95648	6.89872	708.47227	1335.06253	-63.24710	707.01859	1454.79931	-173.20214	451.84395	1378.60902	161.58129	472.05487	1383.68957	-180.96521	264.47994	1346.04620	161.04509	232.70330	
463	4.620	1459.74356	-97.52486	653.48001	1425.46391	36.67960	381.49079	1379.58969	95.52223	345.71337	1313.44079	99.45624	76.39460	1319.42969	30.43236	93.98378	1275.84309	58.69060	109.20449	1517.91989	-45.94896	376.69105	1467.19495	-99.38583	345.23528	1298.59581	-132.28209	140.76823	1290.42313	-63.43842	152.34669	1275.67543	-100.31355	190.73596	1324.63101	-95.21110	104.17764	1364.13604	65.44746	71.14991	1455.31163	25.42424	959.48515	1431.46429	76.43301	655.03469	1325.21145	2.03107	983.47460	1352.41619	-19.45265	797.78124	1333.01921	6.57608	709.22040	1343.25139	-63.26940	707.60679	1469.45879	-171.42060	455.29095	1380.51651	162.34177	472.46179	1403.31112	-178.62080	267.03150	1345.26957	161.32763	233.02969	
464	4.630	1468.18062	-95.61972	654.01888	1427.52594	38.18007	381.17366	1380.39006	96.35776	346.01696	1313.37639	99.29916	76.84581	1320.15595	30.29598	94.59663	1276.38206	58.24463	109.93413	1534.78340	-43.53811	382.26325	1485.24348	-97.16825	348.98218	1321.25913	-129.75161	140.93839	1312.67514	-60.85344	152.27081	1296.62230	-97.75690	190.13874	1348.98979	-92.70505	105.72726	1364.38380	65.66469	71.31836	1463.92313	25.37543	959.68099	1437.02840	77.70070	655.48613	1334.02759	1.71762	984.32472	1360.04527	-19.26273	798.38064	1339.96806	6.01402	709.69978	1351.35934	-63.50299	707.95247	1484.21901	-169.68305	458.80400	1382.35510	163.03971	472.85384	1422.98769	-176.24293	269.39607	1344.87558	161.73673	233.35039	
465	4.640	1476.61300	-93.81257	654.37328	1429.85400	39.74128	380.79572	1381.43932	97.21703	346.28635	1313.43084	99.33493	77.28112	1320.91504	30.35039	95.21076	1277.04718	58.04866	110.67409	1551.31329	-41.17618	387.89429	1503.11835	-94.99824	352.82724	1344.29960	-127.05497	140.80559	1335.29265	-58.12834	151.94907	1317.92918	-95.10966	189.20195	1373.62668	-89.94830	107.05261	1364.69587	66.01256	71.45608	1472.61807	25.32749	959.60092	1442.54614	78.83474	655.79456	1342.90604	1.58793	984.95991	1367.61301	-19.10661	798.77891	1346.83835	5.23602	709.92576	1359.39813	-63.93267	708.04543	1499.03238	-167.97180	462.32403	1384.22459	163.67536	473.23289	1442.68122	-173.83947	271.57878	1344.83017	162.25049	233.66081	
466	4.650	1485.04790	-92.12157	654.53033	1432.40463	41.29673	380.35754	1382.72835	98.07442	346.52597	1313.57159	99.50449	77.70135	1321.69349	30.54908	95.81781	1277.80448	58.03175	111.41858	1567.44235	-38.84357	393.50675	1520.75079	-92.85633	356.70000	1367.67031	-124.24760	140.41041	1358.22217	-55.31642	151.38519	1339.55884	-92.41610	187.94191	1398.47739	-87.00893	108.16627	1365.05524	66.45400	71.56692	1481.40886	25.26487	959.25882	1448.08189	79.83206	655.97634	1351.85880	1.61566	985.38317	1375.15167	-19.00400	798.98781	1353.67286	4.27899	709.92094	1367.38490	-64.53038	707.88550	1513.81691	-166.27567	465.78704	1386.22300	164.24521	473.59651	1462.35963	-171.42023	273.58512	1345.07473	162.83086	233.96135	
467	4.660	1493.49384	-90.56276	654.48713	1435.13114	42.78423	379.86274	1384.23860	98.90181	346.74266	1313.76486	99.74509	78.11079	1322.48011	30.83941	96.41188	1278.61807	58.11743	112.16586	1583.10017	-36.52520	399.02245	1538.06027	-90.72508	360.52681	1391.33485	-121.38859	139.77942	1381.40563	-52.47866	150.57383	1361.47274	-89.73486	186.36268	1423.48771	-83.95184	109.07311	1365.44407	66.94856	71.65690	1490.30651	25.17029	958.67656	1453.70369	80.69227	656.04735	1360.89785	1.76379	985.60375	1382.69527	-18.97030	799.02286	1360.52045	3.18905	709.71229	1375.34301	-65.25901	707.48113	1528.46442	-164.59080	469.12231	1388.43806	164.74669	473.93999	1481.99740	-168.99751	275.41275	1345.53995	163.43402	234.25744	
468	4.670	1501.96305	-89.14758	654.24839	1437.99245	44.15596	379.31724	1385.94833	99.67524	346.94504	1313.98148	100.00152	78.51689	1323.26754	31.17246	96.99093	1279.45578	58.23784	112.91885	1598.21686	-34.21207	404.35793	1554.95837	-88.59172	364.22880	1415.25918	-118.53773	138.92141	1404.77411	-49.68127	149.50025	1383.62634	-87.13718	184.45550	1448.60318	-80.83485	109.76630	1365.84660	67.45957	71.73351	1499.32099	25.02551	957.88198	1459.47972	81.41937	656.02207	1370.03507	1.98715	985.63524	1390.27928	-19.01643	798.90118	1367.43416	2.01703	709.32796	1383.30212	-66.07625	706.84733	1542.85382	-162.91965	472.25250	1390.94177	165.18160	474.25796	1501.57389	-166.58627	277.04512	1346.15954	164.01944	234.55864	
469	4.680	1510.47316	-87.88088	653.82364	1440.96128	45.38424	378.72770	1387.84006	100.37937	347.14210	1314.20127	100.23347	78.92971	1324.05309	31.50977	97.55735	1280.29388	58.34318	113.68520	1612.72732	-31.90117	409.42039	1571.35420	-86.44995	367.72049	1439.39961	-115.75300	137.82676	1428.24100	-46.99254	148.14127	1405.96193	-84.70266	182.20088	1473.75699	-77.70765	110.22539	1366.25150	67.95896	71.80482	1508.46149	24.81210	956.90654	1465.47508	82.02284	655.91271	1379.28215	2.23513	985.49346	1397.94018	-19.14883	798.63956	1374.46898	0.81435	708.79418	1391.29753	-66.93822	706.00326	1556.86723	-161.26831	475.09571	1393.78889	165.55793	474.54499	1521.06894	-164.20413	278.44815	1346.88228	164.55635	234.87687	
470	4.690	1519.04782	-86.75978	653.22470	1444.03085	46.46280	378.09951	1389.90823	101.00937	347.34087	1314.41533	100.41863	79.36144	1324.83907	31.82662	98.11775	1281.12025	58.40584	114.47706	1626.57586	-29.59396	414.10503	1587.16082	-84.30080	370.90939	1463.68850	-113.08877	136.46973	1451.69526	-44.47953	146.46739	1428.39981	-82.51300	179.57260	1498.85780	-74.61337	110.41660	1366.65323	68.42927	71.87849	1517.73637	24.51214	955.78311	1471.74912	82.51813	655.72829	1388.65016	2.45435	985.19450	1405.71480	-19.36967	798.25257	1381.67939	-0.37035	708.13248	1399.36881	-67.80256	704.96982	1570.40629	-159.64288	477.56946	1397.01911	165.88995	474.79513	1540.45582	-161.87082	279.57068	1347.68107	165.02712	235.22405	
471	4.700	1527.71617	-85.77358	652.46361	1447.21975	47.40427	377.43436	1392.16617	101.57040	347.54357	1314.62681	100.55178	79.82607	1325.63284	32.11180	98.68225	1281.93622	58.41953	115.31071	1639.72065	-27.29403	418.29502	1602.30167	-82.15249	373.69743	1488.02028	-110.59497	134.81334	1474.99599	-42.20480	144.44614	1450.82944	-80.64479	176.54342	1523.77942	-71.59207	110.29559	1367.05258	68.86313	71.96094	1527.15302	24.10890	954.54388	1478.35348	82.92620	655.47377	1398.14896	2.59135	984.75304	1413.63962	-19.67699	797.75122	1389.11683	-1.49367	707.35786	1407.55780	-68.63065	703.76769	1583.40562	-158.04568	479.59592	1400.66198	166.19684	475.00049	1559.69257	-159.60751	280.34838	1348.55843	165.42740	235.60959	
472	4.710	1536.51133	-84.90482	651.55137	1450.57468	48.23486	376.72774	1394.65149	102.07521	347.74459	1314.85029	100.64085	80.33926	1326.44702	32.36497	99.26356	1282.75727	58.39474	116.20632	1652.13757	-25.00468	421.86480	1616.71630	-80.01942	375.98429	1512.24028	-108.31714	132.81612	1497.96919	-40.22364	142.04655	1473.10227	-79.16249	173.09185	1548.35385	-68.68505	109.81246	1367.45661	69.26058	72.05669	1536.71736	23.58763	953.21863	1485.33080	83.27220	655.14929	1407.78644	2.59511	984.18103	1421.74991	-20.06486	797.14202	1396.82721	-2.51890	706.47781	1415.90622	-69.38911	702.41603	1595.84103	-156.47261	481.10764	1404.74311	166.50038	475.14919	1578.71359	-157.43595	280.71081	1349.54860	165.76391	236.03797	
473	4.720	1545.46784	-84.13128	650.49764	1454.17095	48.98786	375.96677	1397.42920	102.54056	347.92769	1315.11078	100.70145	80.91845	1327.29988	32.59244	99.87617	1283.61306	58.35214	117.18780	1663.82297	-22.72713	424.68701	1630.36480	-77.92054	377.67312	1536.13923	-106.29707	130.44003	1520.40750	-38.58220	139.24499	1495.02828	-78.11333	169.20956	1572.36940	-65.93855	108.91869	1367.87826	69.62532	72.16821	1546.43323	22.93634	951.83355	1492.71400	83.58349	654.74951	1417.56761	2.41959	983.48695	1430.07867	-20.52346	796.42678	1404.84862	-3.41640	705.49264	1424.45295	-70.05039	700.93221	1607.73115	-154.91228	482.05284	1409.29024	166.82183	475.22329	1597.42367	-155.37772	280.59025	1350.71682	166.05046	236.50686	
474	4.730	1554.61850	-83.42883	649.31152	1458.11065	49.69692	375.12859	1400.59202	102.98325	348.06401	1315.44291	100.75120	81.58312	1328.21637	32.80275	100.53575	1284.54738	58.31572	118.28266	1674.79501	-20.46006	426.64311	1643.23038	-75.87749	378.67809	1559.45521	-104.57351	127.65887	1542.07382	-37.31657	136.03203	1516.37780	-77.52470	164.90863	1595.57467	-63.40551	107.57555	1368.33621	69.96071	72.29629	1556.30159	22.14667	950.41066	1500.52592	83.88703	654.26339	1427.49374	2.02601	982.67575	1438.65545	-21.03893	795.60311	1413.20932	-4.16326	704.39677	1433.23135	-70.59277	699.33248	1619.13231	-153.34748	482.39954	1414.33783	167.17876	475.19714	1615.69652	-153.45364	279.93132	1352.15650	166.30357	237.00590	
475	4.740	1563.99084	-82.77455	648.00320	1462.51868	50.39051	374.18002	1404.25764	103.41649	348.11146	1315.89078	100.80503	82.35509	1329.22943	33.00289	101.25912	1285.61824	58.30719	119.52177	1685.09310	-18.20070	427.63648	1655.31975	-73.91278	378.93353	1581.88388	-103.18241	124.46623	1562.70934	-36.45253	132.41979	1536.88953	-77.40440	160.22816	1617.68883	-61.14462	105.76288	1368.85510	70.26656	72.44093	1566.31977	21.21471	948.96786	1508.77914	84.20673	653.67447	1437.56149	1.38508	981.74939	1447.50493	-21.59330	794.66560	1421.92613	-4.74242	703.18110	1442.26659	-70.99987	697.63359	1630.12759	-151.75893	482.13817	1419.92944	167.58210	475.03680	1633.37919	-151.68344	278.69997	1353.98498	166.53843	237.51629	
476	4.750	1573.60381	-82.14993	646.58624	1467.53665	51.08785	373.07868	1408.56330	103.84711	348.01579	1316.50889	100.87237	83.25884	1330.38165	33.19597	102.06448	1286.89814	58.34238	120.93897	1694.77530	-15.94767	427.60662	1666.66134	-72.04842	378.40339	1603.09680	-102.15587	120.88232	1582.04622	-36.00540	128.44873	1556.28494	-77.74286	155.23901	1638.41785	-59.21646	103.48708	1369.46660	70.53725	72.60286	1576.48072	20.14185	947.51957	1517.47601	84.56077	652.96181	1447.76220	0.47893	980.70818	1456.64535	-22.16432	793.60782	1431.00333	-5.14156	701.83603	1451.57347	-71.25989	695.85498	1640.81199	-150.13073	481.28255	1426.11762	168.03378	474.70087	1650.30242	-150.08535	276.89077	1356.33860	166.76589	238.01144	
477	4.760	1583.46487	-81.54350	645.08027	1473.31500	51.79662	371.77589	1413.65783	104.27385	347.71366	1317.36382	100.95640	84.32169	1331.72685	33.38060	102.97205	1288.47443	58.43019	122.57037	1703.91385	-13.70501	426.54225	1677.30154	-70.30518	377.08968	1622.76607	-101.51957	116.95849	1599.82469	-35.97943	124.19225	1574.28805	-78.51592	150.04570	1657.47548	-57.67721	100.78697	1370.21106	70.76147	72.78552	1586.77236	18.93543	946.07798	1526.60877	84.95945	652.10178	1458.08147	-0.69724	979.55257	1466.08693	-22.72547	792.42466	1440.43219	-5.35208	700.35488	1461.15475	-71.36490	694.02132	1651.27648	-148.45658	479.86954	1432.96157	168.52527	474.14303	1666.29574	-148.67568	274.53170	1359.36726	166.99089	238.45866	
478	4.770	1593.56814	-80.95281	643.51339	1480.00354	52.51227	370.22159	1419.69204	104.68694	347.13795	1318.53629	101.05510	85.57393	1333.33143	33.55180	104.00478	1290.44913	58.57349	124.45321	1712.58902	-11.48698	424.49088	1687.29928	-68.70270	375.03842	1640.59262	-101.28875	112.77870	1615.81349	-36.36645	119.75765	1590.64871	-79.68719	144.78418	1674.60712	-56.57101	97.73592	1371.13977	70.92380	72.99718	1597.17724	17.60917	944.65463	1536.15991	85.40360	651.07068	1468.49898	-2.13400	978.28549	1475.83030	-23.24636	791.11514	1450.19129	-5.36849	698.73731	1471.00030	-71.31027	692.16467	1661.59358	-146.74547	477.95792	1440.52290	169.03726	473.31615	1681.20455	-147.46808	271.68558	1363.22826	167.21219	238.82205	
479	4.780	1603.89372	-80.38528	641.92404	1487.74103	53.21854	368.37092	1426.80800	105.06866	346.22481	1320.12264	101.16374	87.04855	1335.27514	33.70317	105.18881	1292.93780	58.77152	126.62432	1720.88175	-9.32234	421.56246	1696.71949	-67.26035	372.34140	1656.33481	-101.46357	108.45684	1629.83173	-37.14385	115.28209	1605.16637	-81.20892	139.61488	1689.61403	-55.92259	94.43942	1372.31727	71.00751	73.25318	1607.67239	16.18333	943.26228	1546.10286	85.88392	649.84813	1478.98867	-3.80713	976.91466	1485.86536	-23.69352	789.68517	1460.24751	-5.18820	696.99228	1481.08725	-71.09447	690.32604	1671.80693	-145.02584	475.62666	1448.86059	169.54041	472.17789	1694.90611	-146.47297	268.44766	1368.07927	167.42317	239.06664	
480	4.790	1614.40849	-79.85793	640.36176	1496.64442	53.88877	366.19218	1435.12822	105.39480	344.92213	1322.23495	101.27780	88.78076	1337.65095	33.82953	106.55343	1296.06675	59.02247	129.11809	1728.86604	-7.25730	417.92565	1705.62595	-65.99873	369.13297	1669.83356	-102.02492	104.12959	1641.76916	-38.27279	110.92323	1617.71133	-83.02210	134.71071	1702.37456	-55.73147	91.02759	1373.82335	70.99846	73.57752	1618.22953	14.68444	941.91667	1556.40302	86.38127	648.42082	1489.51927	-5.67785	975.45490	1496.17068	-24.03182	788.14991	1470.55800	-4.81199	695.14047	1491.38124	-70.71915	688.55590	1681.92642	-143.34693	472.97294	1458.02566	169.99730	470.69707	1707.32127	-145.69738	264.93937	1374.06987	167.61310	239.16373	
481	4.800	1625.06826	-79.39586	638.88651	1506.79879	54.48774	363.67524	1444.74572	105.63682	343.19855	1324.99880	101.39570	90.80691	1340.56389	33.92938	108.13012	1299.96830	59.32549	131.96387	1736.60172	-5.35588	413.79594	1714.07441	-64.94144	365.58128	1681.03018	-102.93220	99.94497	1651.60138	-39.69768	106.84502	1628.23974	-85.05685	130.24124	1712.85939	-55.96937	87.64333	1375.75412	70.88913	74.00383	1628.81560	13.14460	940.63822	1567.01926	86.86795	646.78655	1500.05513	-7.69393	973.92983	1506.71366	-24.22655	786.53555	1481.07289	-4.24493	693.21559	1501.83878	-70.18980	686.91328	1691.92922	-141.77690	470.10922	1468.05616	170.36542	468.86041	1718.42016	-145.14558	261.29832	1381.33178	167.76850	239.09702	
482	4.810	1635.82119	-79.02988	637.56653	1518.24888	54.97384	360.83933	1455.71580	105.76422	341.05173	1328.54835	101.52054	93.16279	1344.12872	34.00654	109.95038	1304.77409	59.68124	135.18288	1744.12861	-3.69724	409.41648	1722.10642	-64.11655	361.87481	1689.97401	-104.12442	96.04774	1659.39665	-41.34822	103.20071	1636.79970	-87.23462	126.35476	1721.13766	-56.58142	84.42775	1378.22184	70.68239	74.57490	1639.39362	11.60039	939.45308	1577.90581	87.30983	644.95780	1510.55749	-9.79178	972.37290	1517.45164	-24.24588	784.88002	1491.73869	-3.49762	691.26463	1512.41055	-69.51645	685.46361	1701.76610	-140.39734	467.15895	1478.97282	170.60080	466.67862	1728.22115	-144.82073	257.66579	1389.96799	167.87427	238.86926	
483	4.820	1646.61199	-78.79331	636.47464	1530.99345	55.30177	357.73888	1468.05025	105.74737	338.51490	1333.01868	101.66038	95.88082	1348.46647	34.07045	112.04233	1310.60684	60.09066	138.78457	1751.46280	-2.36950	405.03404	1729.74491	-63.55727	358.20561	1696.81791	-105.52495	92.56386	1665.31189	-43.14446	100.11573	1643.52655	-89.47336	123.16147	1727.37236	-57.49151	81.50519	1381.35310	70.39413	75.34069	1649.92388	10.09141	938.39367	1589.01445	87.66923	642.96442	1520.98589	-11.89949	970.82732	1528.33403	-24.06382	783.23250	1502.50205	-2.58751	689.34685	1523.04547	-68.71466	684.27530	1711.37130	-139.29500	464.25030	1490.77546	170.66207	464.19124	1736.78399	-144.72680	254.17349	1400.04174	167.91447	238.50812	
484	4.830	1657.38644	-78.71855	635.68343	1544.98318	55.42586	354.46612	1481.71460	105.56022	335.66026	1338.53635	101.82701	98.98633	1353.70009	34.13499	114.42598	1317.57157	60.55211	142.76263	1758.59560	-1.46079	400.87370	1736.99176	-63.30117	354.75170	1701.80145	-107.04957	89.58656	1669.57752	-45.00445	97.67366	1648.62762	-91.69507	120.72066	1731.80476	-58.61088	78.97067	1385.28533	70.05429	76.35453	1660.36549	8.65850	937.49833	1600.29675	87.90809	640.85498	1531.29989	-13.94070	969.34488	1539.30519	-23.66307	781.65162	1513.31359	-1.53990	687.53165	1533.69483	-67.80620	683.41552	1720.67362	-138.55184	461.50795	1503.44029	170.51441	461.46917	1744.19869	-144.87035	250.93146	1411.56693	167.87286	238.07042	
485	4.840	1668.09558	-78.83384	635.25986	1560.12278	55.30426	351.14939	1496.62878	105.18308	332.59842	1345.20955	102.03310	102.49265	1359.94959	34.21587	117.10779	1325.74757	61.05747	147.09090	1765.49509	-1.04871	397.11637	1743.82799	-63.38780	351.66126	1705.22422	-108.61608	87.16677	1672.47322	-46.85283	95.90786	1652.35840	-93.83418	119.03455	1734.73006	-59.84849	76.88183	1390.16198	69.70574	77.66755	1670.67805	7.34181	936.81012	1611.70633	87.99134	638.69628	1541.46102	-15.83905	967.98375	1550.30797	-23.03754	780.20254	1524.13128	-0.38830	685.89523	1544.31619	-66.81943	682.94559	1729.60652	-138.23518	459.04374	1516.91845	170.13316	458.61436	1750.57238	-145.26080	248.01922	1424.50168	167.73366	237.64310	
486	4.850	1678.69918	-79.16049	635.25990	1576.27738	54.90398	347.94682	1512.67118	104.60527	329.47342	1353.11956	102.28843	106.39555	1367.32717	34.32699	120.07498	1335.18261	61.58801	151.71964	1772.10999	-1.18989	393.88342	1750.21648	-63.85459	349.04132	1707.41325	-110.15318	85.30988	1674.29874	-48.62810	94.80025	1654.99420	-95.84384	118.05012	1736.46804	-61.12074	75.25655	1396.12651	69.40083	79.32180	1680.82367	6.17879	936.37467	1623.20069	87.88979	636.57089	1551.43465	-17.52290	966.80522	1561.28737	-22.19412	778.95294	1534.92297	0.82619	684.51649	1554.87644	-65.78886	682.91644	1738.11567	-138.38977	456.94758	1531.13580	169.50643	455.75611	1756.01614	-145.90912	245.48147	1438.74669	167.48252	237.33992	
487	4.860	1689.16791	-79.71109	635.72392	1593.28247	54.20647	345.03555	1529.68594	103.82723	326.45344	1362.31531	102.59553	110.66752	1375.93285	34.47629	123.29080	1345.89065	62.11121	156.57290	1778.37501	-1.91173	391.23104	1756.10675	-64.73153	346.95244	1708.69022	-111.60633	83.97925	1675.34488	-50.28659	94.28730	1656.80216	-97.69799	117.66861	1737.33346	-62.35890	74.07632	1403.31592	69.19570	81.34285	1690.76890	5.20233	936.23736	1634.74263	87.58252	634.57264	1561.19199	-18.92988	965.86985	1572.19401	-21.15340	777.96856	1545.66785	2.05659	683.47217	1565.35345	-64.75388	683.36480	1746.16286	-139.03299	455.28024	1545.99450	168.63682	453.04383	1760.63349	-146.82450	243.32884	1454.14958	167.10785	237.29297	
488	4.870	1699.48412	-80.48865	636.67330	1610.95645	53.21301	342.59777	1547.49263	102.86215	323.71810	1372.81219	102.94570	115.25293	1385.85087	34.66204	126.69168	1357.85368	62.57939	161.54778	1784.21698	-3.20784	389.15503	1761.44137	-66.03555	345.41022	1709.34349	-112.93940	83.10580	1675.86964	-51.80226	94.27165	1658.01812	-99.38830	117.76067	1737.61079	-63.51258	73.29395	1411.85424	69.14299	83.73295	1700.48668	4.43913	936.43982	1646.30109	87.05841	632.80044	1570.71190	-20.01096	965.23334	1582.98681	-19.94910	777.30853	1556.35636	3.25291	682.83169	1575.73640	-63.75652	684.31030	1753.72648	-140.15401	454.06949	1561.37645	167.54182	450.63673	1764.51175	-148.01022	241.54333	1470.51529	166.60230	237.63933	
489	4.880	1709.64120	-81.48672	638.10872	1629.11417	51.94910	340.80521	1565.89776	101.73663	321.44372	1384.59527	103.31626	120.06522	1397.14708	34.87016	130.18749	1371.02758	62.93103	166.51646	1789.56103	-5.03819	387.60435	1766.16306	-67.76570	344.39249	1709.60877	-114.13242	82.60138	1676.08247	-53.16281	94.63713	1658.83152	-100.91717	118.18448	1737.53655	-64.54958	72.84399	1421.84658	69.28371	86.46597	1709.95814	3.90841	937.01613	1657.85136	86.31676	631.35092	1579.98234	-20.73351	964.94237	1593.63477	-18.62613	777.02094	1566.98897	4.36589	682.65206	1586.02447	-62.83847	685.75368	1760.79904	-141.71650	453.31007	1577.14897	166.25332	448.69122	1767.71695	-149.45956	240.08724	1487.62189	165.96393	238.50405	
490	4.890	1719.64164	-82.69034	640.00997	1647.57977	50.46650	339.80426	1584.70706	100.49020	319.78830	1397.62644	103.66968	124.98713	1409.86719	35.07350	133.66550	1385.35076	63.09501	171.33153	1794.33673	-7.33376	386.49978	1770.22169	-69.90028	343.85024	1709.66020	-115.17679	82.37322	1676.13773	-54.36391	95.26428	1659.37941	-102.28922	118.80341	1737.29041	-65.45275	72.65361	1433.37391	69.63975	89.48537	1719.17399	3.62104	937.98908	1669.37464	85.36705	630.31055	1589.00149	-21.08325	965.03094	1604.11753	-17.23751	777.13916	1577.57363	5.35117	682.97307	1596.22439	-62.03757	687.67628	1767.38325	-143.66404	452.96750	1593.17238	164.81609	447.34745	1770.29263	-151.15328	238.91377	1505.23970	165.19673	239.98183	
491	4.900	1729.49429	-84.07745	642.33732	1666.19762	48.84223	339.70362	1603.73746	99.17356	318.87803	1411.85365	103.95528	129.87480	1424.03574	35.23335	136.99811	1400.75407	62.99760	175.83462	1798.48384	-10.00486	385.75303	1773.58048	-72.39684	343.71977	1709.61115	-116.06993	82.33665	1676.13664	-55.40361	96.04398	1659.74910	-103.50409	119.50040	1736.99505	-66.21568	72.65221	1446.48925	70.20832	92.70594	1728.13547	3.57918	939.36673	1680.85722	84.22793	629.74820	1597.77830	-21.06475	965.51751	1614.42471	-15.84040	777.67908	1588.12258	6.17344	683.81331	1606.34710	-61.38427	690.04051	1773.48806	-145.92707	452.98488	1609.30911	163.28550	446.71654	1772.26234	-153.05934	237.97685	1523.15133	164.31033	242.12052	
492	4.910	1739.21103	-85.62057	645.03399	1684.84003	47.17399	340.56610	1622.82787	97.84560	318.79696	1427.22049	104.11335	134.56589	1439.65571	35.30309	140.05385	1417.16990	62.57112	179.86795	1801.95792	-12.95152	385.28234	1776.22094	-75.19541	343.93336	1709.52281	-116.81114	82.42388	1676.13547	-56.27865	96.88724	1659.98699	-104.55286	120.18719	1736.72265	-66.83852	72.77855	1461.21518	70.95957	96.01940	1736.85470	3.77642	941.13974	1692.28918	82.92573	629.70880	1606.33234	-20.70062	966.40301	1624.55437	-14.49157	778.63749	1598.64872	6.80981	685.16721	1616.40418	-60.89864	692.79128	1779.12562	-148.43010	453.29126	1625.43303	161.72460	446.87007	1773.63547	-155.13521	237.23854	1541.16995	163.31899	244.90961	
493	4.920	1748.80359	-87.28853	648.02940	1703.41138	45.57213	342.40523	1641.84759	96.56918	319.58078	1443.67410	104.08143	138.89126	1456.70874	35.23354	142.70998	1434.53909	61.76285	183.28721	1804.73544	-16.07438	385.02186	1778.14611	-78.22453	344.42715	1709.41747	-117.39953	82.58805	1676.15723	-56.98348	97.73031	1660.11099	-105.41866	120.80770	1736.50590	-67.32505	72.98472	1477.54315	71.83808	99.30335	1745.35437	4.19839	943.27972	1703.66309	81.49266	630.20877	1614.69312	-20.02935	967.67017	1634.51077	-13.24293	779.99173	1609.16224	7.25207	687.00353	1626.40439	-60.58808	695.85818	1784.30966	-151.09821	453.81038	1641.43797	160.20048	447.83321	1774.41531	-157.33215	236.67249	1559.15348	162.24045	248.27629	
494	4.930	1758.28055	-89.04813	651.24283	1721.84873	44.14921	345.18671	1660.70192	95.40631	321.21533	1461.17023	103.80163	142.68870	1475.15601	34.97899	144.86491	1452.81460	60.54259	185.97417	1806.81809	-19.28449	384.92443	1779.38209	-81.40906	345.14521	1709.29331	-117.83421	82.80261	1676.20442	-57.51177	98.53536	1660.12363	-106.08093	121.33630	1736.35072	-67.68127	73.23713	1495.43456	72.76822	102.43231	1753.66680	4.82380	945.73883	1714.97264	79.96470	631.23371	1622.89859	-19.10218	969.28386	1644.30178	-12.13737	781.70045	1619.66770	7.50748	689.26536	1636.35096	-60.44638	699.15820	1789.05544	-153.86235	454.46836	1657.24398	158.78003	449.58216	1774.60803	-159.60062	236.26348	1577.01322	161.09476	252.09016	
495	4.940	1767.64532	-90.86569	654.58730	1740.11908	43.00846	348.83394	1679.33443	94.41297	323.63954	1479.67493	103.22793	145.81696	1494.93999	34.50299	146.44826	1471.96193	58.90735	187.84702	1808.23574	-22.51093	384.95890	1779.97783	-84.67809	346.04057	1709.13813	-118.11618	83.05728	1676.27052	-57.85959	99.28744	1660.02351	-106.52186	121.77211	1736.24855	-67.91542	73.51519	1514.82370	73.66252	105.28920	1761.83229	5.62587	948.45077	1726.21164	78.37954	632.73844	1630.99326	-17.97907	971.19269	1653.93646	-11.20556	783.70557	1630.16219	7.59813	691.87180	1646.23985	-60.45385	702.59891	1793.38039	-156.66313	455.19967	1672.80020	157.52523	452.04608	1774.23125	-161.89556	236.00388	1594.71630	159.90362	256.17604	
496	4.950	1776.89489	-92.70854	657.97341	1758.21433	42.23309	353.23647	1697.72559	93.63417	326.75225	1499.16344	102.33233	148.16787	1515.98690	33.78290	147.42704	1491.95683	56.88262	188.86664	1809.04734	-25.70519	385.10432	1780.00343	-87.97161	347.07396	1708.94021	-118.25074	83.35208	1676.34885	-58.02898	99.98908	1659.81379	-106.73296	122.13145	1736.18650	-68.03870	73.80835	1535.62236	74.43189	107.77555	1769.89697	6.57403	951.33313	1737.37342	76.77444	634.64941	1639.02570	-16.72440	973.33154	1663.42307	-10.46377	785.93504	1640.63458	7.55892	694.72130	1656.05927	-60.57885	706.08204	1797.30533	-159.45311	455.95083	1688.08416	156.48832	455.11299	1773.32062	-164.18049	235.88867	1612.28252	158.68992	260.33271	
497	4.960	1786.01994	-94.54641	661.31303	1776.14447	41.87772	358.25998	1715.88797	93.09966	330.42176	1519.61698	101.10905	149.67485	1538.20981	32.81278	147.80685	1512.78113	54.52023	189.03796	1809.33951	-28.84199	385.34342	1779.54728	-91.24432	348.21157	1708.69538	-118.24966	83.69126	1676.43817	-58.03075	100.65397	1659.50719	-106.71996	122.43989	1736.15437	-68.06613	74.11262	1557.72566	74.99591	109.81915	1777.91025	7.63577	954.29103	1748.45071	75.18414	636.86918	1647.04594	-15.40243	975.62491	1672.76775	-9.91304	788.30644	1651.06600	7.43450	697.69654	1665.79044	-60.78017	709.50724	1800.85538	-162.19759	456.68196	1703.09743	155.70716	458.63871	1771.93354	-166.42965	235.91062	1629.77643	157.47733	264.35425	
498	4.970	1795.00589	-96.35274	664.52274	1793.93006	41.96292	363.75641	1733.85865	92.82055	334.49679	1541.01887	99.57626	150.31651	1561.51208	31.60429	147.62820	1534.41789	51.89355	188.40615	1809.22252	-31.91616	385.65737	1778.71250	-94.46627	349.42271	1708.41018	-118.13209	84.07819	1676.54493	-57.88562	101.30074	1659.12744	-106.50495	122.72553	1736.14846	-68.01679	74.42709	1581.01868	75.29166	111.37822	1785.92204	8.77859	957.22171	1759.43617	73.63908	639.28248	1655.10263	-14.07315	977.99069	1681.97400	-9.53965	790.73094	1661.43158	7.27548	700.67043	1675.40959	-61.01036	712.77604	1804.06083	-164.87395	457.36629	1717.85888	155.20134	462.45756	1770.14969	-168.62793	236.05690	1647.29617	156.28958	268.05065	
499	4.980	1803.83517	-98.10563	667.52686	1811.59467	42.47314	369.57325	1751.68968	92.78712	338.81774	1563.35078	97.77525	150.11510	1585.79064	30.18562	146.95863	1556.84662	49.09107	187.04833	1808.82424	-34.93626	386.02257	1777.61298	-97.62036	350.67786	1708.10170	-117.92385	84.51218	1676.68267	-57.62327	101.94784	1658.70801	-106.12512	123.01400	1736.17219	-67.91322	74.75122	1605.38302	75.27985	112.44179	1793.97998	9.97189	960.01978	1770.32321	72.16378	641.76350	1663.24050	-12.78857	980.34418	1691.04309	-9.31690	793.11752	1671.70310	7.13444	703.51302	1684.89091	-61.21936	715.79570	1806.95811	-167.46959	457.98824	1732.39679	154.96932	466.39371	1768.06835	-170.76861	236.30780	1664.96036	155.14910	271.26451	
500	4.990	1812.49020	-99.78858	670.25999	1829.15785	43.35729	375.56097	1769.43783	92.96781	343.22688	1586.59002	95.76736	149.13023	1610.93886	28.59879	145.88198	1580.03936	46.20955	185.06225	1808.28267	-37.91601	386.40996	1776.36946	-100.69749	351.94763	1707.79468	-117.65516	84.98730	1676.86936	-57.27944	102.60998	1658.28867	-105.62838	123.32577	1736.23446	-67.77970	75.08306	1630.70255	74.94742	113.02667	1802.12687	11.18869	962.58279	1781.10733	70.77586	644.18358	1671.49796	-11.58982	982.60206	1699.97513	-9.20776	795.37707	1681.85241	7.06179	706.09871	1694.21012	-61.35836	718.48296	1809.59101	-169.97871	458.54053	1746.74171	154.98697	470.27211	1765.80347	-172.84963	236.63733	1682.89470	154.07520	273.88196	
501	5.000	1820.95702	-101.39058	672.66888	1846.62907	44.53142	381.57845	1787.15482	93.30948	347.57684	1610.70761	93.62897	147.44925	1636.84843	26.89567	144.48663	1603.95781	43.34746	182.55359	1807.73800	-40.86509	386.78606	1775.10575	-103.69081	353.20226	1707.51715	-117.35717	85.49304	1677.12359	-56.89158	103.29622	1657.91103	-105.06699	123.67527	1736.34653	-67.63985	75.41843	1656.86742	74.30650	113.17164	1810.39854	12.40704	964.81657	1791.78748	69.48554	646.41895	1679.90533	-10.50524	984.68585	1708.77086	-9.16838	797.42627	1691.85518	7.10209	708.31324	1703.34839	-61.38344	720.76722	1812.01241	-172.39831	459.02065	1760.92161	155.20788	473.92821	1763.47725	-174.86906	237.01522	1701.21931	153.08176	275.83687	
502	5.010	1829.22897	-102.90578	674.71373	1864.00301	45.88249	387.49604	1804.87916	93.73894	351.73669	1635.66715	91.44502	145.17576	1663.41002	25.13306	142.85423	1628.55150	40.59916	179.62371	1807.32521	-43.78149	387.11534	1773.94513	-106.59042	354.41190	1707.29556	-117.05818	86.01611	1677.46081	-56.49408	104.00958	1657.61384	-104.49030	124.07159	1736.51855	-67.51390	75.75105	1683.77574	73.38986	112.92989	1818.82223	13.61111	966.64008	1802.36748	68.29588	648.35778	1688.48356	-9.54939	986.52501	1717.43365	-9.15190	799.19092	1701.69461	7.29091	710.05993	1712.29599	-61.25873	722.59324	1814.28605	-174.72423	459.42747	1774.96009	155.56541	477.21609	1761.21331	-176.82106	237.40956	1720.03794	152.17482	277.10880	
503	5.020	1837.31018	-104.33259	676.36863	1881.25641	47.27279	393.19669	1822.63020	94.16565	355.59550	1661.42343	89.30160	142.41816	1690.51255	23.36728	141.05035	1653.75654	38.04980	176.35950	1807.16814	-46.64692	387.36309	1773.00712	-109.37971	355.54726	1707.15066	-116.78021	86.54289	1677.89037	-56.11418	104.74811	1657.42908	-103.93850	124.52005	1736.75661	-67.41635	76.07326	1711.33226	72.24383	112.36082	1827.41569	14.79175	967.98937	1812.85726	67.20366	649.90608	1697.24372	-8.72319	988.05912	1725.97170	-9.11229	800.60860	1711.36474	7.65255	711.26463	1721.05540	-60.95886	723.92294	1816.48790	-176.94805	459.75828	1788.87794	155.97652	480.01468	1759.13026	-178.69314	237.78956	1739.42946	151.35030	277.71590	
504	5.030	1845.21840	-105.67256	677.62131	1898.34686	48.54498	398.57537	1840.40494	94.48588	359.06346	1687.92002	87.27810	139.27957	1718.04079	21.64859	139.11823	1679.49428	35.77081	172.82646	1807.37555	-49.42643	387.49815	1772.40446	-112.03430	356.58074	1707.09499	-116.53701	87.06180	1678.41426	-55.76942	105.50665	1657.37968	-103.43842	125.02424	1737.06116	-67.35446	76.37709	1739.44406	70.91963	111.52222	1836.18703	15.94669	968.82046	1823.27368	66.20077	650.99210	1706.18711	-8.01492	989.23948	1734.40001	-9.00793	801.63058	1720.87300	8.19870	711.87906	1729.64351	-60.47052	724.73632	1818.70637	-179.05554	460.00672	1802.69691	156.34719	482.23208	1757.33637	-180.46561	238.12792	1759.44171	150.59232	277.70468	
505	5.040	1852.98679	-106.92906	678.47226	1915.21351	49.52809	403.53748	1858.17741	94.58793	362.07094	1715.08507	85.43932	135.85022	1745.87132	20.01578	137.07599	1705.66916	33.81566	169.06570	1808.03934	-52.07225	387.49509	1772.24055	-114.52344	357.48766	1707.13265	-116.33384	87.56511	1679.02795	-55.46741	106.27921	1657.47927	-103.00261	125.58787	1737.42714	-67.32820	76.65529	1768.01325	69.46437	110.46374	1845.13517	17.08013	969.11089	1833.64087	65.27598	651.56893	1715.30609	-7.40201	990.02980	1742.74187	-8.80464	802.22296	1730.24166	8.92813	711.88228	1738.09264	-59.79305	725.03136	1821.04068	-181.02720	460.16199	1816.44464	156.57899	483.80795	1755.92576	-182.11330	238.40255	1780.08734	149.87205	277.13849	
506	5.050	1860.66436	-108.10617	678.93315	1931.77994	50.04518	407.99689	1875.90048	94.35882	364.56616	1742.82493	83.82845	132.20284	1773.86718	18.49139	134.91749	1732.16531	32.21593	165.09500	1809.23479	-54.53087	387.33544	1772.60729	-116.81365	358.24746	1707.26148	-116.16923	88.04990	1679.72309	-55.20803	107.06119	1657.73421	-102.63159	126.21624	1737.84589	-67.33162	76.90208	1796.92740	67.91304	109.22227	1854.25107	18.20198	968.86005	1843.99000	64.41669	651.61529	1724.58536	-6.85350	990.40635	1751.02982	-8.47802	802.36694	1739.50802	9.82737	711.28041	1746.45020	-58.93808	724.82297	1823.59729	-182.84064	460.20936	1830.15863	156.57637	484.71400	1754.97630	-183.60938	238.59768	1801.34087	149.14766	276.08669	
507	5.060	1868.31497	-109.20788	679.02478	1947.95914	49.92329	411.87433	1893.50944	93.69194	366.51204	1771.01579	82.46135	128.39120	1801.87150	17.07818	132.61665	1758.84184	30.97784	160.91348	1811.02227	-56.75176	387.00783	1773.58373	-118.87357	358.84451	1707.47738	-116.03836	88.51803	1680.49184	-54.98745	107.85119	1658.14764	-102.31907	126.91687	1738.30851	-67.35548	77.11338	1826.04886	66.28265	107.81979	1863.51931	19.32669	968.08820	1854.35830	63.61063	651.13467	1734.00381	-6.33271	990.35748	1759.30563	-8.01494	802.05849	1748.72315	10.87228	710.10461	1754.77705	-57.92833	724.14107	1826.48467	-184.47433	460.13168	1843.88794	156.25385	484.95262	1754.54965	-184.93033	238.70402	1823.13661	148.36546	274.61580	
508	5.070	1876.01473	-110.23778	678.77466	1963.66015	49.00582	415.09695	1910.92686	92.49562	367.88328	1799.49411	81.32328	124.45138	1829.70127	15.75749	130.13439	1785.52740	30.07983	156.50918	1813.44991	-58.69558	386.50702	1775.23550	-120.67882	359.26828	1707.77992	-115.93726	88.97518	1681.33188	-54.80332	108.65198	1658.72488	-102.05860	127.69943	1738.80993	-67.39061	77.28647	1855.20430	64.56961	106.26367	1872.92007	20.47177	966.83443	1864.78742	62.84714	650.15305	1743.53647	-5.80018	989.88284	1767.61952	-7.41422	801.30744	1757.94926	12.03015	708.40777	1763.14452	-56.79589	723.02808	1829.80729	-185.91172	459.91153	1857.69116	155.54271	484.55382	1754.69319	-186.06091	238.71829	1845.36685	147.46248	272.78358	
509	5.080	1883.84802	-111.19899	678.21437	1978.79603	47.16710	417.59955	1928.06777	90.70213	368.66416	1828.04754	80.36882	120.40536	1857.14231	14.49013	127.42753	1812.01517	29.47209	151.86835	1816.55680	-60.34052	385.83198	1777.61530	-122.21589	359.51264	1708.17823	-115.86700	89.42905	1682.25127	-54.65963	109.47055	1659.47924	-101.85035	128.57478	1739.35308	-67.43131	77.41912	1884.17640	62.75091	104.54930	1882.43119	21.65613	965.15380	1875.32097	62.11804	648.71573	1753.15668	-5.21641	988.99247	1776.02835	-6.68661	800.13611	1767.25570	13.26212	706.26034	1771.63037	-55.58009	721.53588	1833.65962	-187.14466	459.53332	1871.63055	154.39639	483.57062	1755.44376	-186.99808	238.64186	1867.88075	146.37088	270.63642	
510	5.090	1891.90240	-112.09446	677.37700	1993.29216	44.32803	419.32769	1944.84474	88.27637	368.84774	1856.40845	79.52577	116.26624	1883.94707	13.22053	124.45848	1838.05999	29.07890	146.98540	1820.37625	-61.68529	384.98339	1780.76422	-123.48417	359.57438	1708.69593	-115.83660	89.88730	1683.27249	-54.57008	110.31712	1660.43731	-101.70606	129.55358	1739.95212	-67.47789	77.50831	1912.69959	60.78940	102.66476	1892.03024	22.89835	963.11380	1886.00143	61.41808	646.88371	1762.83807	-4.54449	987.70579	1784.59304	-5.85389	798.57793	1776.71401	14.52558	703.74578	1780.31382	-54.32534	719.72270	1838.12142	-188.17537	458.98486	1885.76261	152.79449	482.07340	1756.83236	-187.75275	238.47892	1890.48419	145.02417	268.20986	
511	5.100	1900.26284	-112.92719	676.29477	2007.09389	40.47097	420.24275	1961.17202	85.22358	368.43672	1884.25236	78.70332	112.04430	1909.83674	11.88400	121.20462	1863.37944	28.80453	141.87200	1824.93893	-62.74864	383.96099	1784.71391	-124.49564	359.45111	1709.37427	-115.86398	90.35548	1684.43494	-54.55896	111.20344	1661.64278	-101.65091	130.64465	1740.63429	-67.53788	77.54896	1940.46163	58.64284	100.59668	1901.69624	24.21494	960.79064	1896.86639	60.74505	644.72999	1772.55630	-3.75227	986.05084	1793.37513	-4.94761	796.67587	1786.39221	15.77635	700.95606	1789.27022	-53.07906	717.65018	1843.25473	-189.01640	458.25809	1900.12631	150.74530	480.14379	1758.88898	-188.34899	238.23430	1912.94162	143.36541	265.53169	
512	5.110	1909.00575	-113.70023	674.99718	2020.17250	35.65185	420.32814	1976.96864	81.59505	367.44575	1911.20382	77.80438	107.75328	1934.50885	10.41723	117.66631	1887.66055	28.54299	136.56438	1830.27546	-63.56555	382.76123	1789.48895	-125.27228	359.13905	1710.27268	-115.97450	90.83559	1685.79574	-54.65877	112.14064	1663.15807	-101.72120	131.85348	1741.44001	-67.62547	77.53290	1967.11239	56.27557	98.33667	1911.41102	25.61866	958.26544	1907.94451	60.09980	642.33630	1782.29047	-2.81430	984.06374	1802.43294	-4.00712	794.48120	1796.34894	16.97027	697.98753	1798.56550	-51.88993	715.38066	1849.10309	-189.68854	457.34884	1914.73080	148.28705	477.86879	1761.64626	-188.82061	237.91135	1934.98117	141.35679	262.62666	
513	5.120	1918.19342	-114.41625	673.50988	2032.52829	30.00694	419.59575	1992.16015	77.49073	365.90481	1936.85125	76.74108	103.41607	1957.65088	8.77059	113.87256	1910.57325	28.19148	131.12755	1836.41832	-64.18101	381.37577	1795.10937	-125.84178	358.63107	1711.46664	-116.19696	91.32562	1687.42871	-54.90487	113.13715	1665.06368	-101.95811	133.18139	1742.42134	-67.75925	77.44860	1992.28032	53.67126	95.88744	1921.16012	27.11708	955.62081	1919.25139	59.48620	639.79029	1792.02400	-1.71327	981.78827	1811.81739	-3.07743	792.05230	1806.62781	18.06452	694.93741	1808.25108	-50.80635	712.97518	1855.69263	-190.21708	456.25587	1929.54451	145.48820	475.33591	1765.14125	-189.20578	237.51048	1956.30416	138.98985	259.52194	
514	5.130	1927.86933	-115.07672	671.85436	2044.19005	23.75249	418.09148	2006.67915	73.05809	363.86281	1960.77133	75.45154	99.06924	1978.95945	6.92100	109.88350	1931.79050	27.66606	125.65600	1843.40257	-64.64250	379.79114	1801.59263	-126.23220	357.91566	1713.04323	-116.55786	91.82046	1689.42177	-55.32784	114.19702	1667.45504	-102.39815	134.62551	1743.63913	-67.95882	77.28194	2015.59599	50.84467	93.26752	1930.93304	28.71135	952.93778	1930.78586	58.91124	637.18325	1801.74497	-0.44114	979.27577	1821.56791	-2.20674	789.45374	1817.25269	19.01849	691.90092	1818.35951	-49.87504	710.49206	1863.03456	-190.62717	454.97967	1944.48779	142.44686	472.63002	1769.41463	-189.54041	237.02865	1976.59981	136.29502	256.25228	
515	5.140	1938.05470	-115.68064	670.04853	2055.21050	17.17577	415.89818	2020.46488	68.48631	361.39041	1982.56174	73.91547	94.76565	1998.16350	4.88311	105.78926	1951.01368	26.91788	120.27031	1851.26546	-64.99265	377.98982	1808.95483	-126.46675	356.97718	1715.09504	-117.07481	92.31422	1691.87298	-55.94490	115.31921	1670.43744	-103.06222	136.17980	1745.15958	-68.24076	77.01826	2036.72080	47.84998	90.51408	1940.72306	30.39529	950.29347	1942.52728	58.38525	634.60820	1811.44605	1.00004	976.58499	1831.70879	-1.44383	786.75550	1828.22427	19.79454	688.96910	1828.90139	-49.13962	707.98607	1871.12834	-190.93907	453.52161	1959.43101	139.28895	469.83226	1774.50772	-189.85173	236.46024	1995.56544	133.34842	252.86421	
516	5.150	1948.74664	-116.22316	668.10817	2065.65800	10.61725	413.13513	2033.46239	63.99581	358.58108	2001.87885	72.16554	90.57453	2015.04864	2.71644	101.70503	1968.00043	25.94709	115.10991	1860.04469	-65.26314	375.95285	1817.21084	-126.55954	355.79749	1717.71342	-117.75057	92.80374	1694.88573	-56.75223	116.49799	1674.11961	-103.94549	137.83697	1747.05088	-68.61505	76.64550	2055.37762	44.78370	87.68295	1950.52647	32.15491	947.75943	1954.43424	57.92227	632.15799	1821.12396	2.59761	973.78188	1842.24629	-0.83539	784.03203	1839.51848	20.35901	686.22695	1839.86377	-48.63899	705.50836	1879.96480	-191.16428	451.88381	1974.19911	136.16430	467.02070	1780.45778	-190.15304	235.79954	2012.93076	130.27407	249.41848	
517	5.160	1959.91789	-116.69441	666.04909	2075.60530	4.44492	409.95308	2045.62184	59.82340	355.54944	2018.47553	70.29155	86.57858	2029.47924	0.52649	97.76264	1982.59082	24.81151	110.32240	1869.77543	-65.47098	373.66384	1826.37351	-126.51327	354.35917	1720.98217	-118.56899	93.29289	1698.56336	-57.71991	117.72458	1678.60650	-105.01035	139.59113	1749.38058	-69.08264	76.15838	2071.37917	41.78060	84.84565	1960.34154	33.96836	945.40052	1966.44527	57.54019	629.92323	1830.77855	4.32823	970.93906	1853.16680	-0.42325	781.36112	1851.08708	20.68359	683.75207	1851.21027	-48.40519	703.10665	1889.52871	-191.30317	450.07036	1988.58309	133.23965	464.27229	1787.29278	-190.44076	235.04453	2028.48387	127.23954	245.99018	
518	5.170	1971.51815	-117.07874	663.88970	2085.11698	-0.97728	406.52487	2056.89840	56.20401	352.42653	2032.23231	68.43548	82.86779	2041.41457	-1.54175	94.09926	1994.72716	23.62718	106.05046	1880.48658	-65.61731	371.11407	1836.45199	-126.31899	352.64989	1724.97254	-119.49395	93.79679	1703.00374	-58.79089	118.98975	1683.99222	-106.18448	141.44059	1752.21424	-69.63471	75.56290	2084.64951	39.00239	82.08372	1970.16723	35.80647	943.27446	1978.48158	57.26061	627.98969	1840.41184	6.15800	968.13477	1864.43641	-0.24183	778.82235	1862.86035	20.74725	681.61324	1862.88298	-48.46103	700.82580	1899.80026	-191.34455	448.08963	2002.35748	130.68796	461.66483	1795.02697	-190.69435	234.20164	2042.09457	124.44429	242.66590	
519	5.180	1983.47687	-117.35487	661.65370	2094.23765	-5.32333	403.03240	2067.25289	53.35075	349.35185	2043.17568	66.77662	79.53055	2050.91583	-3.31795	90.84453	2004.46334	22.55892	102.41757	1892.19631	-65.68894	368.30809	1847.44949	-125.95817	350.66744	1729.74027	-120.47184	94.34516	1708.29429	-59.88475	120.28716	1690.35366	-107.36492	143.39036	1755.61541	-70.25399	74.88046	2095.23477	36.62029	79.48085	1980.00192	37.63375	941.43164	1990.45205	57.10819	626.43509	1850.02688	8.04324	965.45121	1876.00187	-0.31559	776.49494	1874.75193	20.53869	679.86916	1874.80596	-48.81723	698.70834	1910.75565	-191.26722	445.95753	2015.30172	128.67416	459.27773	1803.65823	-190.87906	233.29060	2053.73023	122.10103	239.53774	
520	5.190	1995.70716	-117.49696	659.37239	2102.98292	-8.33744	399.65126	2076.65316	51.43533	346.46303	2051.47827	65.50826	76.64305	2058.14224	-4.62712	88.10752	2011.96090	21.80049	99.51449	1904.90791	-65.66190	365.26926	1859.36082	-125.40640	348.42470	1735.32500	-121.43732	94.98389	1714.50779	-60.90593	121.61656	1697.74546	-108.42818	145.45366	1759.64705	-70.91767	74.15085	2103.30018	34.79381	77.11415	1989.84231	39.40999	939.91511	2002.25980	57.10926	625.32546	1859.62677	9.93176	962.97215	1887.79311	-0.65687	774.45500	1886.66521	20.05894	678.56709	1886.89007	-49.46979	696.79478	1922.36674	-191.04322	443.70117	2027.22273	127.33880	457.19061	1813.16790	-190.95117	232.34855	2063.45947	120.41225	236.69433	
521	5.200	2008.11068	-117.47661	657.08632	2111.33512	-9.86050	396.53534	2085.07606	50.57127	343.88433	2057.43920	64.80911	74.25911	2063.33627	-5.31394	85.96541	2017.47152	21.54638	97.38852	1918.60601	-65.50610	362.04418	1872.17021	-124.63822	345.95369	1741.75184	-122.32154	95.77399	1721.69929	-61.75541	122.98637	1706.19671	-109.24500	147.65187	1764.37392	-71.60168	73.43311	2109.11336	33.64931	75.04611	1999.68261	41.09238	938.76048	2013.80982	57.28980	624.71119	1869.21387	11.76482	960.77986	1899.72701	-1.26426	772.77234	1898.50062	19.32383	677.74155	1899.03867	-50.39778	695.12359	1934.60015	-190.64211	441.36197	2037.97549	126.78218	455.47907	1823.52326	-190.86466	231.43214	2071.44121	119.54519	234.21035	
522	5.210	2020.58301	-117.26568	654.84576	2119.24455	-9.84698	393.80368	2092.50949	50.80194	341.71564	2061.44707	64.81446	72.40241	2066.80016	-5.26692	84.45559	2021.30855	21.95944	96.03737	1933.25417	-65.19018	358.70527	1885.84969	-123.63202	343.30789	1749.03502	-123.06134	96.78762	1729.90470	-62.34388	124.41474	1715.70988	-109.69739	150.01267	1769.86525	-72.28496	72.80388	2113.01588	33.26186	73.31855	2009.51421	42.63790	937.99568	2025.01666	57.67304	624.62346	1878.78924	13.47983	958.95141	1911.71227	-2.12170	771.50692	1910.16307	18.36547	677.41318	1911.15372	-51.56226	693.73063	1947.41628	-190.03579	438.99756	2047.47838	127.05189	454.20828	1834.68232	-190.57817	230.61692	2077.89931	119.60904	232.13677	
523	5.220	2033.01937	-116.83946	652.70978	2126.63643	-8.36952	391.53173	2098.95430	52.09534	340.02396	2063.93228	65.59206	71.06325	2068.86750	-4.43817	83.57242	2023.81251	23.14009	95.40931	1948.79397	-64.68562	355.35077	1900.35837	-122.37418	340.56236	1757.18247	-123.60772	98.10123	1739.14079	-62.60414	125.92867	1726.26204	-109.69503	152.56622	1776.19701	-72.95322	72.35265	2115.38773	33.64350	71.94967	2019.32573	44.00597	937.64041	2035.81101	58.27684	625.07145	1888.35234	15.01368	957.55473	1923.65482	-3.19854	770.70535	1921.56858	17.23239	677.58792	1923.14165	-52.90683	692.64818	1960.76840	-189.20283	436.68173	2055.72102	128.13629	453.42535	1846.59998	-190.06103	229.99339	2083.08742	120.63811	230.49437	
524	5.230	2045.32017	-116.17962	650.74375	2133.42219	-5.61047	389.74848	2104.42545	54.34634	338.83862	2065.31785	67.12761	70.20070	2069.87450	-2.85511	83.26947	2025.31681	25.10333	95.40973	1965.14590	-63.96946	352.10155	1915.64272	-120.86192	337.81107	1766.20081	-123.93207	99.78639	1749.40694	-62.50040	127.56087	1737.80832	-109.18816	155.33976	1783.45292	-73.60097	72.17439	2116.61076	34.73989	70.93445	2029.10362	45.16117	937.70532	2046.14440	59.11141	626.04089	1897.90100	16.30662	956.64463	1935.46345	-4.45076	770.39788	1932.64938	15.98764	678.25671	1934.91863	-54.36024	691.90346	1974.60236	-188.13185	434.50192	2062.76311	129.96537	453.15232	1859.23436	-189.29735	229.65974	2087.25099	122.58373	229.27261	
525	5.240	2057.39623	-115.27656	649.01542	2139.51337	-1.84098	388.43985	2108.95279	57.38646	338.15140	2065.97776	69.32239	69.74965	2070.13519	-0.62176	83.46669	2026.11959	27.76838	95.91331	1982.21224	-63.02548	349.09492	1931.63790	-119.10424	335.16182	1776.09951	-124.02900	101.89960	1760.68813	-62.03301	129.34466	1750.28737	-108.17444	158.35129	1791.72352	-74.23164	72.36006	2117.03671	36.43546	70.24814	2038.83305	46.07566	938.19110	2055.99138	60.17772	627.49438	1907.43163	17.30636	956.25924	1947.05492	-5.82341	770.59606	1943.35712	14.70485	679.39578	1946.41468	-55.84097	691.51682	1988.85699	-186.82337	432.55437	2068.72436	132.41875	453.38140	1872.55210	-188.28771	229.71205	2090.59526	125.31659	228.43396	
526	5.250	2069.17326	-114.13060	647.58988	2144.83581	2.60955	387.55731	2112.58119	61.00024	337.92107	2066.20916	72.00351	69.63117	2069.92354	2.09077	84.06143	2026.46550	30.96326	96.77984	1999.88137	-61.84420	346.47566	1948.27002	-117.12122	332.72912	1786.89354	-123.91551	104.47247	1772.95876	-61.23756	131.30753	1763.62806	-106.69882	161.60335	1801.10287	-74.85560	72.98620	2116.96412	38.56644	69.85162	2048.49906	46.73118	939.08744	2065.34878	61.46688	629.37358	1916.93956	17.97206	956.41719	1958.35839	-7.25414	771.29166	1953.66373	13.46236	680.96761	1957.57647	-57.26362	691.49991	2003.46538	-185.29010	430.93737	2073.76713	135.33936	454.07364	1886.53134	-187.04842	230.23331	2093.26542	128.63949	227.92246	
527	5.260	2080.59526	-112.75188	646.52396	2149.34210	7.38981	387.02985	2115.37058	64.94633	338.08159	2066.22094	74.94490	69.76375	2069.46363	5.06332	84.94133	2026.53863	34.44395	97.87063	2018.03330	-60.42224	344.38526	1965.45901	-114.94186	330.62579	1798.60403	-123.62677	107.50399	1786.18668	-60.17905	133.46455	1777.75666	-104.84657	165.07793	1811.68302	-75.48657	74.10522	2116.62602	40.93957	69.69774	2058.08777	47.12049	940.37237	2074.23254	62.96065	631.60309	1926.41951	18.27779	957.11594	1969.31841	-8.67751	772.45675	1963.56025	12.33606	682.92237	1968.36869	-58.54632	691.85389	2018.35713	-183.55564	429.74341	2078.07458	138.55032	455.16170	1901.16201	-185.60870	231.28294	2095.34238	132.30899	227.67400	
528	5.270	2091.62664	-111.15889	645.86069	2153.02081	12.16387	386.77670	2117.39562	68.98082	338.55212	2066.13748	77.89545	70.07303	2068.92723	8.05427	85.99699	2026.46541	37.92475	99.06312	2036.54576	-58.76161	342.95078	1983.12185	-112.60108	328.95463	1811.25683	-123.20964	110.95629	1800.33657	-58.94206	135.81269	1792.60362	-102.73112	168.73365	1823.54672	-76.13719	75.73783	2116.18801	43.35373	69.73718	2067.58757	47.24798	942.01181	2082.67266	64.63290	634.09558	1935.86603	18.21510	958.33135	1979.89670	-10.02972	774.04516	1973.05400	11.39179	685.19978	1978.77394	-59.61831	692.56797	2033.46112	-181.65202	429.05142	2081.82834	141.87263	456.55622	1916.44332	-184.00656	232.88870	2096.85289	136.06287	227.62556	
529	5.280	2102.25283	-109.37610	645.62470	2155.90131	16.64459	386.71842	2118.74464	72.88003	339.24714	2066.01357	80.61001	70.49835	2068.43703	10.82801	87.13241	2026.32441	41.11525	100.26104	2055.29999	-56.86940	342.27449	2001.17575	-110.13633	327.80081	1824.87939	-122.71520	114.75474	1815.37235	-57.61919	138.32747	1808.10879	-100.47923	172.50573	1836.75942	-76.81468	77.86890	2115.75473	45.62181	69.92316	2076.98999	47.12953	943.95979	2090.70708	66.45185	636.75765	1945.27395	17.79430	960.01869	1990.07234	-11.25319	775.99506	1982.16457	10.67851	687.73127	1988.79145	-60.42656	693.61849	2048.70870	-179.61640	428.92015	2085.18893	145.14125	458.15492	1932.37922	-182.28401	235.04228	2097.78972	139.64923	227.72180	
530	5.290	2112.47931	-107.43102	645.81894	2158.05385	20.61889	386.78477	2119.51780	76.45995	340.08505	2065.85571	82.87870	70.99542	2068.07334	13.18205	88.27207	2026.15962	43.75784	101.39938	2074.18592	-54.75762	342.42589	2019.54103	-107.58442	327.22623	1839.49659	-122.19165	118.79257	1831.25812	-56.29940	140.96247	1824.22476	-98.21610	176.30901	1851.36177	-77.51749	80.44752	2115.38158	47.58969	70.21433	2086.29036	46.79155	946.15924	2098.37572	68.38270	639.49576	1954.63872	17.04433	962.11498	1999.84071	-12.30065	778.23257	1990.91946	10.22310	690.44218	1998.43475	-60.94064	694.96871	2064.03711	-177.48745	429.38349	2088.28198	148.21824	459.85290	1948.97290	-180.48250	237.69938	2098.13605	142.85309	227.91832	
531	5.300	2122.32920	-105.35132	646.42340	2159.58511	23.96187	386.91866	2119.82418	79.58998	340.99430	2065.64477	84.55058	71.53533	2067.88208	14.96915	89.36393	2025.99403	45.66010	102.44390	2093.10597	-52.44317	343.43691	2038.14342	-104.97872	327.26615	1855.12638	-121.67866	122.93940	1847.95805	-55.05834	143.65201	1840.91784	-96.05274	180.04364	1867.36391	-78.23349	83.39125	2115.08869	49.15043	70.57610	2095.48803	46.26922	948.54357	2105.71541	70.39011	642.22169	1963.95665	16.01115	964.54254	2009.21142	-13.13811	780.67585	1999.34988	10.02758	693.25415	2007.72877	-61.15512	696.56943	2079.39282	-175.30168	430.44830	2091.19145	151.00151	461.55265	1966.22146	-178.63894	240.78426	2097.88854	145.51684	228.18207	
532	5.310	2131.83953	-103.16249	647.39582	2160.62980	26.63866	387.07676	2119.77792	82.19954	341.91683	2065.35598	85.54853	72.10115	2067.88258	16.11135	90.37865	2025.84093	46.71726	103.38635	2111.97737	-49.94710	345.30086	2056.91573	-102.34707	327.92832	1871.77581	-121.20374	127.05252	1865.43541	-53.95148	146.31645	1858.16683	-94.07684	183.60275	1884.74265	-78.94005	86.59389	2114.87460	50.25167	70.98039	2104.58624	45.60434	951.03889	2112.75649	72.44039	644.85694	1973.22501	14.75476	967.21341	2018.20551	-13.74677	783.23958	2007.48734	10.06917	696.08761	2016.70651	-61.08927	698.36048	2094.73453	-173.09014	432.09485	2093.96007	153.42898	463.17231	1984.11180	-176.78269	244.19792	2097.07452	147.55228	228.48977	
533	5.320	2141.05681	-100.88643	648.67441	2161.33953	28.69463	387.22760	2119.49388	84.27708	342.80894	2064.97361	85.87363	72.68332	2068.07438	16.60438	91.30604	2025.71191	46.92137	104.23709	2130.73284	-47.29315	347.97500	2075.79885	-99.71017	329.19452	1889.43816	-120.78087	130.98951	1883.65148	-53.01070	148.86926	1875.96020	-92.34777	186.88083	1903.44184	-79.60600	89.93576	2114.72761	50.89595	71.40461	2113.59160	44.84266	953.56682	2119.52138	74.50302	647.33613	1982.44206	13.34515	970.03427	2026.85241	-14.12349	785.83934	2015.36129	10.30298	698.86446	2025.40578	-60.78432	700.27311	2110.03546	-170.87567	434.27967	2096.59625	155.47793	464.65123	2002.61812	-174.93374	247.82858	2095.76116	148.94311	228.82545	
534	5.330	2150.03216	-98.54110	650.18215	2161.87021	30.23648	387.34875	2119.08317	85.86228	343.64046	2064.49907	85.59869	73.27533	2068.44264	16.51201	92.14966	2025.62093	46.35635	105.01690	2149.31967	-44.50541	351.38619	2094.74203	-97.08064	331.02407	1908.09135	-120.41096	134.62036	1902.56496	-52.24409	151.22467	1894.29223	-90.89528	189.78203	1923.37611	-80.19485	93.29490	2114.63399	51.13415	71.83027	2122.51341	44.03117	956.04787	2126.02518	76.55136	649.60890	1991.60698	11.85757	972.91160	2035.18690	-14.28011	788.39562	2022.99799	10.66709	701.51087	2033.86622	-60.29856	702.23309	2125.28451	-168.67098	436.94034	2099.08529	157.16012	465.95232	2021.70145	-173.10198	251.56278	2094.05584	149.73852	229.17781	
535	5.340	2158.81666	-96.14118	651.83230	2162.36960	31.40794	387.42390	2118.64894	87.03305	344.39274	2063.95255	84.85260	73.87043	2068.96259	15.95188	92.92096	2025.58498	45.18013	105.74951	2167.69750	-41.60537	355.43865	2113.70242	-94.46259	333.35877	1927.69782	-120.08383	137.83798	1922.13207	-51.63845	153.30478	1913.15893	-89.72143	192.22711	1944.43727	-80.66876	96.55787	2114.58283	51.05350	72.24175	2131.36271	43.21532	958.40493	2132.27791	78.56278	651.64072	2000.71977	10.36748	975.75649	2043.24648	-14.24162	790.83730	2030.42050	11.08908	703.96023	2042.12679	-59.70113	704.16434	2140.48548	-166.47773	440.00159	2101.40273	158.51367	467.06137	2041.31076	-171.28748	255.29576	2092.09850	150.03945	229.53801	
536	5.350	2167.45738	-93.69953	653.53452	2162.96623	32.36414	387.44082	2118.28259	87.88971	345.05623	2063.36931	83.79824	74.46006	2069.60304	15.07546	93.63406	2025.62229	43.59759	106.45599	2185.83512	-38.60923	360.02284	2132.64374	-91.85171	336.12862	1948.20572	-119.78086	140.56557	1942.30746	-51.16377	155.04542	1932.55434	-88.80473	194.15841	1966.50224	-80.99233	99.62882	2114.56777	50.76216	72.62553	2140.15139	42.43662	960.56681	2138.28786	80.51809	653.41247	2009.78117	8.94577	978.48887	2051.06920	-14.04358	793.10433	2037.64958	11.49339	706.15596	2050.22391	-59.06525	705.99287	2155.65431	-164.28675	443.38185	2103.52731	159.59313	467.98362	2061.38525	-169.48163	258.93971	2090.04765	149.98006	229.89815	
537	5.360	2175.99443	-91.22899	655.20095	2163.76096	33.24860	387.39012	2118.06030	88.53896	345.62826	2062.79259	82.60790	75.03376	2070.32946	14.04544	94.30169	2025.74908	41.82913	107.15148	2203.70675	-35.52579	365.02419	2151.53431	-89.23588	339.25763	1969.55120	-119.47788	142.76049	1963.04580	-50.77867	156.39989	1952.46782	-88.10580	195.54238	1989.44152	-81.13556	102.43601	2114.58659	50.37301	72.96999	2148.89131	41.73049	962.47158	2144.06543	82.40083	654.91916	2018.79263	7.65453	981.04093	2058.69215	-13.72890	795.14955	2044.70517	11.80843	708.05406	2058.19033	-58.46159	707.65068	2170.81397	-162.07951	446.99933	2105.45131	160.45936	468.73887	2081.85719	-167.66877	262.42930	2088.06276	149.70723	230.25047	
538	5.370	2184.45935	-88.74416	656.75177	2164.82190	34.17582	387.26498	2118.04016	89.07980	346.11115	2062.26532	81.44012	75.58025	2071.10688	13.01434	94.93297	2025.97627	40.08045	107.84417	2221.28806	-32.35581	370.33077	2170.34426	-86.59638	342.66903	1991.66154	-119.14766	144.41430	1984.30328	-50.43605	157.34076	1972.88261	-87.57361	196.36962	2013.12674	-81.07542	104.93506	2114.63952	49.98896	73.26575	2157.59369	41.12467	964.06927	2149.62656	84.19637	656.16803	2027.75633	6.54373	983.35934	2066.15055	-13.34446	796.93963	2051.60808	11.97285	709.62502	2066.05468	-57.95257	709.07921	2185.98748	-159.83067	450.77699	2107.18692	161.17086	469.35578	2102.65495	-165.82816	265.72396	2086.28585	149.36113	230.58745	
539	5.380	2192.87475	-86.26277	658.11973	2166.18305	35.22116	387.06135	2118.26014	89.59304	346.51092	2061.82250	80.42133	76.08916	2071.90249	12.10730	95.53271	2026.30679	38.51797	108.53619	2238.55260	-29.09274	375.83899	2189.04224	-83.90966	346.28937	2014.45863	-118.76187	145.54920	2006.03870	-50.08831	157.85949	1993.77540	-87.15173	196.65258	2037.43646	-80.79588	107.10891	2114.72710	49.69164	73.50630	2166.26862	40.63813	965.32393	2154.99549	85.89135	657.17614	2036.67525	5.64891	985.40649	2073.47746	-12.93779	798.45505	2058.38154	11.94028	710.85482	2073.84169	-57.58789	710.23225	2201.18995	-157.51161	454.64552	2108.76804	161.77737	469.86656	2123.70567	-163.93585	268.80707	2084.82571	149.05916	230.90238	
540	5.390	2201.25522	-83.80627	659.25336	2167.84665	36.41823	386.77828	2118.73736	90.13537	346.83658	2061.48589	79.63458	76.55287	2072.68815	11.41117	96.10219	2026.73448	37.25345	109.22551	2255.46885	-25.72504	381.45696	2207.59214	-81.14953	350.05102	2037.86227	-118.29230	146.21177	2028.21317	-49.69134	157.96434	2015.11684	-86.78394	196.42137	2062.25966	-80.28660	108.96464	2114.84843	49.53497	73.68869	2174.92502	40.28057	966.21479	2160.20616	87.47336	657.96790	2045.55338	4.99010	987.16046	2080.70382	-12.55402	799.68936	2065.05235	11.68231	711.74483	2081.57284	-57.40178	711.07771	2216.42100	-155.09444	458.54423	2110.24792	162.31655	470.30276	2144.93764	-161.96650	271.68222	2083.74735	148.88522	231.19051	
541	5.400	2209.60921	-81.39954	660.11850	2169.78868	37.76299	386.41829	2119.46920	90.73792	347.09967	2061.26185	79.11624	76.96785	2073.44243	10.97058	96.64076	2027.24467	36.33876	109.90841	2271.99819	-22.23932	387.10516	2225.95004	-78.28979	353.89291	2061.79274	-117.71157	146.46466	2050.78839	-49.20719	157.67688	2036.87227	-86.41881	195.71834	2087.49641	-79.54068	110.52769	2115.00019	49.54350	73.81407	2183.57073	40.05243	966.73640	2165.30230	88.93123	658.57254	2054.39591	4.57170	988.61406	2087.85891	-12.23334	800.64763	2071.65154	11.18937	712.31056	2089.26755	-57.41184	711.59838	2231.65885	-152.55601	462.41988	2111.69370	162.81339	470.69235	2166.28189	-159.89480	274.36704	2083.06836	148.88517	231.45019	
542	5.410	2217.94159	-79.06965	660.69842	2171.96664	39.22251	385.98734	2120.43645	91.40855	347.31411	2061.14220	78.86015	77.33554	2074.15199	10.79073	97.14773	2027.81639	35.77051	110.58169	2288.09413	-18.62398	392.71462	2244.06224	-75.30705	357.75945	2086.17210	-116.99322	146.37742	2073.72331	-48.60530	157.02754	2059.00198	-86.01299	194.59197	2113.05623	-78.55214	111.83425	2115.17665	49.71541	73.88782	2192.21288	39.94537	966.89786	2170.33621	90.25566	659.02181	2063.20953	4.38334	989.77302	2094.97093	-12.00911	801.34436	2078.21427	10.46993	712.57917	2096.94439	-57.61954	711.79139	2246.85755	-149.88134	466.22390	2113.17944	163.28178	471.05834	2187.67315	-157.69678	276.88541	2082.76267	149.06827	231.68391	
543	5.420	2226.25646	-76.84383	660.99226	2174.32879	40.74618	385.49452	2121.60854	92.13701	347.49587	2061.10770	78.82732	77.66242	2074.81202	10.84528	97.62415	2028.42581	35.50212	111.24442	2303.70269	-14.87252	398.22308	2261.86442	-72.18360	361.59795	2110.92359	-116.11184	146.01742	2096.96964	-47.86253	156.05058	2081.46055	-85.53299	193.09068	2138.85415	-77.31373	112.92272	2115.37041	50.02872	73.91918	2200.85844	39.94323	966.72120	2175.36655	91.44018	659.34788	2072.00269	4.40135	990.65350	2102.06762	-11.90666	801.80103	2084.77936	9.54802	712.58626	2104.62243	-58.01198	711.66660	2261.94812	-147.06587	469.90888	2114.77922	163.72752	471.41850	2209.04958	-155.35086	279.25900	2082.77055	149.41362	231.89895	
544	5.430	2234.55986	-74.74697	661.01249	2176.82369	42.27725	384.95143	2122.95041	92.90148	347.66239	2061.13313	78.95899	77.95961	2075.42571	11.08730	98.07390	2029.05000	35.46021	111.89904	2318.76426	-10.98634	403.56969	2279.28239	-68.91011	365.35503	2135.96907	-115.04318	145.44158	2120.46689	-46.96250	154.77872	2104.19478	-84.95562	191.25710	2164.80521	-75.81572	113.82529	2115.57374	50.44923	73.92050	2209.51477	40.02322	966.23900	2180.45556	92.48227	659.58160	2080.78578	4.59076	991.27928	2109.17690	-11.94276	802.04338	2091.38827	8.45983	712.37189	2112.32243	-58.56461	711.24407	2276.84372	-144.11633	473.42517	2116.56178	164.15172	471.78577	2230.35140	-152.83895	281.49924	2083.01324	149.87992	232.10734	
545	5.440	2242.86209	-72.79897	660.78134	2179.40912	43.76289	384.37104	2124.43046	93.67539	347.83149	2061.19271	79.19007	78.24198	2076.00277	11.46094	98.50411	2029.67060	35.56198	112.55190	2333.21668	-6.97640	408.68931	2296.23445	-65.48793	368.97267	2161.22438	-113.76474	144.68967	2144.13757	-45.89453	153.23820	2127.14017	-84.26726	189.12332	2190.81793	-74.04612	114.56051	2115.78008	50.93862	73.90601	2218.19016	40.15743	965.49156	2185.66606	93.38439	659.75087	2089.57127	4.90755	991.67866	2116.32733	-12.12571	802.09869	2098.08387	7.24962	711.97663	2120.06768	-59.24444	710.55097	2291.44832	-141.04995	476.71836	2118.58741	164.55412	472.16878	2251.51815	-150.14781	283.60066	2083.40940	150.41633	232.32509	
546	5.450	2251.17924	-71.01234	660.32698	2182.05981	45.16165	383.76637	2126.02852	94.43338	348.01979	2061.26501	79.46096	78.52719	2076.55740	11.91186	98.92494	2030.27657	35.73035	113.21348	2346.99956	-2.86405	413.50743	2312.63510	-61.93075	372.38464	2186.59311	-112.25688	143.77973	2167.88315	-44.65294	151.44457	2150.21636	-83.46227	186.70751	2216.78766	-71.99243	115.12793	2115.98542	51.46133	73.89049	2226.89419	40.31444	964.52376	2191.05869	94.15477	659.87929	2098.37368	5.30096	991.88157	2123.54849	-12.45589	801.99320	2104.90907	5.96579	711.43782	2127.88441	-60.01331	709.61826	2305.66743	-137.89224	479.72830	2120.90717	164.93567	472.57210	2272.48477	-147.27060	285.53646	2083.89066	150.97266	232.57066	
547	5.460	2259.53381	-69.39048	659.67972	2184.77329	46.44791	383.14870	2127.74282	95.15581	348.24055	2061.33656	79.72573	78.83467	2077.10628	12.39483	99.34878	2030.86600	35.90498	113.89833	2360.05935	1.31937	417.93676	2328.39993	-58.26530	375.51433	2211.95950	-110.50489	142.70587	2191.58107	-43.23669	149.40001	2173.32186	-82.54117	184.01239	2242.59029	-69.64501	115.50541	2116.18924	51.98920	73.88784	2235.63796	40.46102	963.38198	2196.68951	94.80766	659.98480	2107.20939	5.71580	991.91673	2130.87103	-12.92672	801.74992	2111.90541	4.65722	710.78646	2135.80169	-60.83097	708.47768	2319.41918	-134.67372	482.38988	2123.56409	165.30030	472.99603	2293.17710	-144.20883	287.25694	2084.41422	151.50738	232.86301	
548	5.470	2267.95432	-67.92696	658.86877	2187.57362	47.61329	382.52560	2129.59524	95.83135	348.50107	2061.40385	79.95626	79.18485	2077.66714	12.87787	99.78948	2031.44682	36.04782	114.62490	2372.35491	5.53378	421.87657	2343.45095	-54.53103	378.27442	2237.18161	-108.50174	141.43890	2215.08296	-41.64985	147.09295	2196.32928	-81.50901	181.02598	2268.07739	-67.00154	115.64979	2116.39505	52.50364	73.90988	2244.43401	40.56384	962.11120	2202.60806	95.36313	660.07844	2116.09627	6.09475	991.80938	2138.32653	-13.52569	801.38680	2119.11165	3.37050	710.04513	2143.85065	-61.65753	707.15928	2332.64386	-131.42635	484.63549	2126.59565	165.65562	473.43566	2313.50747	-140.97443	288.69094	2084.97078	151.99248	233.21919	
549	5.480	2276.47391	-66.60582	657.91982	2190.51288	48.66563	381.89880	2131.63411	96.45777	348.80006	2061.47385	80.14217	79.59857	2078.25820	13.34288	100.26149	2032.03693	36.14358	115.41519	2383.86258	9.73243	425.21527	2357.72196	-50.77858	380.56917	2262.08603	-106.25156	139.92986	2238.21438	-39.90291	144.50014	2219.08165	-80.37462	177.72477	2293.07336	-64.07214	115.50106	2116.61047	52.99540	73.96545	2253.29597	40.59112	960.75253	2208.85603	95.84615	660.16309	2125.05313	6.38055	991.57947	2145.94704	-14.23550	800.91562	2126.56235	2.14803	709.22689	2152.06321	-62.45532	705.68979	2345.31052	-128.18017	486.39891	2130.03682	166.01273	473.87962	2333.37150	-137.59163	289.75056	2085.58753	152.41511	233.65200	
550	5.490	2285.12805	-65.40316	656.85376	2193.67034	49.62599	381.26203	2133.93431	97.04105	349.12504	2061.56340	80.28761	80.09674	2078.89852	13.78360	100.77932	2032.66391	36.19605	116.29429	2394.58034	13.86460	427.83670	2371.16338	-47.06709	382.29946	2286.46532	-103.77344	138.11650	2260.77622	-38.01471	141.59175	2241.39110	-79.15092	174.07957	2317.37541	-60.88434	114.98989	2116.84707	53.46251	74.06001	2262.23802	40.51416	959.34136	2215.46618	96.28519	660.23256	2134.09889	6.51819	991.24054	2153.76419	-15.03501	800.34147	2134.28649	1.02707	708.33536	2160.47015	-63.19004	704.09207	2357.41924	-124.96107	487.61999	2133.92282	166.38522	474.30865	2352.64705	-134.09830	290.33887	2086.32655	152.77644	234.16785	
551	5.500	2293.95160	-64.28966	655.68657	2197.14954	50.52463	380.59914	2136.59485	97.59345	349.45046	2061.69809	80.40620	80.70026	2079.60929	14.20171	101.35724	2033.36477	36.22191	117.28977	2404.53014	17.87852	429.62956	2383.74594	-43.46051	383.37053	2310.07949	-101.10494	135.93250	2282.54829	-36.01466	138.33880	2263.04068	-77.85633	170.06367	2340.75674	-57.48712	114.04773	2117.12017	53.90723	74.19566	2271.27412	40.30872	957.90614	2222.46191	96.71024	660.27095	2143.25173	6.45707	990.79941	2161.80798	-15.90000	799.66310	2142.30603	0.03950	707.36586	2169.09884	-63.83135	702.38549	2368.99888	-121.79008	488.24958	2138.29112	166.78754	474.69441	2371.19619	-130.54621	290.36014	2087.27979	153.08857	234.76503	
552	5.510	2302.97545	-63.23392	654.43041	2201.07327	51.39652	379.88283	2139.73399	98.13098	349.73672	2061.91139	80.51543	81.43008	2080.41562	14.60268	102.00918	2034.18576	36.24397	118.43094	2413.75825	21.72430	430.49949	2395.46296	-40.02332	383.70170	2332.66224	-98.30438	133.31885	2303.29545	-33.94476	134.72252	2283.79011	-76.51681	165.66264	2362.97360	-53.95298	112.61861	2117.44885	54.33267	74.37169	2280.41703	39.95619	956.46799	2229.85693	97.15050	660.25274	2152.52792	6.15326	990.25660	2170.10514	-16.80374	798.87392	2150.63455	-0.78786	706.30734	2177.97065	-64.35303	700.58728	2380.10072	-118.68432	488.25412	2143.18237	167.23304	474.99898	2388.87037	-126.99980	289.73186	2088.56186	153.37043	235.43264	
553	5.520	2312.22316	-62.20618	653.09560	2205.57693	52.27690	379.07443	2143.48265	98.67076	349.93068	2062.24437	80.63195	82.30727	2081.34847	14.99197	102.74884	2035.18263	36.28530	119.74802	2422.33312	25.35632	430.38213	2406.33081	-36.81602	383.23715	2353.93233	-95.45107	130.23611	2322.77680	-31.86044	130.74402	2303.38590	-75.16772	160.88455	2383.77606	-50.37736	110.67079	2117.85654	54.74004	74.58555	2289.67733	39.44455	955.04093	2237.65544	97.63189	660.14365	2161.94072	5.57169	989.60759	2178.67730	-17.71737	797.96384	2159.27602	-1.43264	705.14501	2187.09840	-64.73293	698.71451	2390.78919	-115.65947	487.61958	2148.64019	167.73183	475.17541	2405.51890	-123.53334	288.39718	2090.30211	153.64380	236.15027	
554	5.530	2321.70792	-61.18197	651.69333	2210.80057	53.19758	378.12506	2147.97640	99.22872	349.96788	2062.74644	80.76841	83.35313	2082.44668	15.37271	103.58992	2036.42104	36.36536	121.27124	2430.34110	28.73478	429.25562	2416.38762	-33.89108	381.95612	2373.61004	-92.64260	126.67611	2340.75802	-29.82963	126.43299	2321.57574	-73.85451	155.76918	2402.92232	-46.87469	108.20676	2118.37208	55.12676	74.83415	2299.06238	38.76897	953.63289	2245.85242	98.17464	659.90259	2171.49914	4.68826	988.84475	2187.53885	-18.61008	796.92166	2168.22376	-1.87649	703.86332	2196.48413	-64.95293	696.78633	2401.13138	-112.73320	486.35452	2154.70985	168.28898	475.16953	2420.99978	-120.22649	286.33628	2092.63702	153.92996	236.88860	
555	5.540	2331.43016	-60.14530	650.23852	2216.87996	54.18388	376.97865	2153.34693	99.81792	349.77663	2063.47694	80.93230	84.58903	2083.75865	15.74487	104.54639	2037.97708	36.49846	123.02972	2437.88017	31.82630	427.15049	2425.69028	-31.28977	379.88121	2391.43756	-89.98873	122.67107	2357.02660	-27.92945	121.85343	2338.12654	-72.63153	150.39410	2420.19573	-43.57082	105.26954	2119.03145	55.48580	75.11544	2308.57535	37.93219	952.24724	2254.43425	98.79113	659.48460	2181.20675	3.49181	987.95993	2196.69500	-19.44947	795.73798	2177.45985	-2.10478	702.44914	2206.11734	-64.99891	694.82623	2411.18729	-109.92865	484.49228	2161.43609	168.90312	474.92334	2435.19218	-117.15862	283.57477	2095.70336	154.24761	237.61095	
556	5.550	2341.37623	-59.09099	648.75249	2223.93736	55.25262	375.57695	2159.71339	100.44742	349.28393	2064.50708	81.12659	86.03612	2085.34344	16.10590	105.63286	2039.93752	36.69444	125.05030	2445.05234	34.60325	424.15507	2434.31013	-29.04052	377.08283	2407.20171	-87.60209	118.29829	2371.40904	-26.24040	117.10503	2352.84462	-71.55837	144.87610	2435.42306	-40.59235	101.94395	2119.87982	55.80636	75.42999	2318.21438	36.94448	950.88476	2263.37950	99.48435	658.84481	2191.06072	1.98565	986.94727	2206.14001	-20.20194	794.40816	2186.95519	-2.10681	700.89482	2215.97422	-64.86109	692.86386	2421.00243	-107.27730	482.09226	2168.86033	169.56579	474.37970	2448.00869	-114.40279	280.18746	2099.63227	154.61183	238.27587	
557	5.560	2351.51827	-58.02577	647.26497	2232.07244	56.41091	373.86632	2167.17428	101.12197	348.42290	2065.92161	81.35179	87.71459	2087.27117	16.45251	106.86473	2042.39923	36.96076	127.35602	2451.95540	37.04211	420.41485	2442.32771	-27.15905	373.67898	2420.75627	-85.58653	113.67855	2383.78814	-24.83850	112.31927	2365.59586	-70.69417	139.36662	2448.49205	-38.05392	98.35197	2120.97346	56.07560	75.78257	2327.97199	35.82328	949.54586	2272.65998	100.24706	657.94317	2201.05096	0.18858	985.80621	2215.85606	-20.83346	792.93538	2196.67034	-1.87638	699.20099	2226.01800	-64.53451	690.93613	2430.60387	-104.82028	479.24015	2177.01752	170.26168	473.48827	2459.40580	-112.02021	276.29611	2104.54404	155.03418	238.84078	
558	5.570	2361.81542	-56.96817	645.81501	2241.35410	57.65576	371.80596	2175.80036	101.84209	347.14106	2067.81909	81.60859	89.64272	2089.62248	16.78285	108.25824	2045.46721	37.30514	129.96445	2458.67504	39.12119	416.12502	2449.82683	-25.65048	369.82941	2432.04078	-84.02511	108.96781	2394.11810	-23.78670	107.64991	2376.32284	-70.09077	134.04083	2459.36583	-36.04532	94.64236	2122.38129	56.28122	76.18338	2337.83473	34.59250	948.23287	2282.24199	101.06187	656.74957	2211.15973	-1.86486	984.54410	2225.81290	-21.31074	791.33305	2206.55732	-1.41276	697.37883	2236.20046	-64.01969	689.08734	2440.00017	-102.60771	476.04648	2185.93265	170.96966	472.21218	2469.39090	-110.05620	272.06071	2110.54308	155.52318	239.26645	
559	5.580	2372.21643	-55.94703	644.45068	2251.81379	58.97436	369.37665	2185.62893	102.60452	345.40879	2070.31012	81.90045	91.83562	2092.48669	17.09869	109.83004	2049.25073	37.73770	132.88588	2465.27815	40.81804	411.51617	2456.88849	-24.51315	365.72442	2441.09223	-82.96979	104.34244	2402.43446	-23.12702	103.25906	2385.05562	-69.78621	129.08119	2468.09158	-34.62078	90.97582	2124.18534	56.41467	76.64896	2347.78311	33.28151	946.95217	2292.08779	101.90226	655.24894	2221.36155	-4.12507	983.17836	2235.96843	-21.60275	789.62658	2216.56235	-0.72182	695.45171	2246.46484	-63.32347	687.36837	2449.18447	-100.69613	472.64290	2195.61723	171.66458	470.53475	2478.02429	-108.53847	267.66494	2117.71261	156.08495	239.52231	
560	5.590	2382.66319	-54.99900	643.22724	2263.44111	60.34501	366.58879	2196.65991	103.40282	343.22680	2073.51282	82.23543	94.30369	2095.95893	17.40698	111.59609	2053.85751	38.27190	136.12134	2471.80823	42.10738	406.83445	2463.58501	-23.74356	361.56937	2448.04675	-82.43526	99.97994	2408.85641	-22.87526	99.30053	2391.91336	-69.80016	124.65775	2474.80141	-33.79259	87.50795	2126.47988	56.47447	77.20227	2357.79193	31.92384	945.71585	2302.15724	102.73442	653.44560	2231.62373	-6.52903	981.73775	2246.27035	-21.68269	787.85409	2226.62941	0.18288	693.45599	2256.74970	-62.45962	685.83475	2458.13958	-99.14419	469.17566	2206.06596	172.31950	468.46557	2485.41528	-107.47802	263.29762	2126.10888	156.72347	239.59210	
561	5.600	2393.09500	-54.16517	642.20418	2276.18226	61.73859	363.48854	2208.85398	104.22799	340.63165	2077.54566	82.62682	97.05103	2100.13620	17.72047	113.56990	2059.38614	38.92368	139.66059	2478.28347	42.95993	402.31860	2469.97482	-23.34157	357.56661	2453.12953	-82.39836	96.03829	2413.57953	-23.01969	95.90318	2397.09507	-70.13251	120.90835	2479.70404	-33.53083	84.37285	2129.36905	56.46933	77.87197	2367.83099	30.55571	944.54291	2312.40955	103.51987	651.36651	2241.90734	-9.00298	980.26253	2256.65887	-21.53010	786.06582	2236.70422	1.27937	691.44084	2266.99354	-61.44921	684.54397	2466.84330	-98.00776	465.79614	2217.25384	172.90819	466.04496	2491.71219	-106.87254	259.13294	2135.75511	157.44021	239.47939	
562	5.610	2403.45305	-53.48749	641.44117	2289.94174	63.12056	360.16063	2222.13312	105.06909	337.69821	2082.51816	83.09223	100.07371	2105.11292	18.05722	115.75979	2065.91783	39.70874	143.48024	2484.69777	43.34284	398.17690	2476.09824	-23.31471	353.89732	2456.63351	-82.80346	92.63757	2416.85929	-23.52388	93.15713	2400.86002	-70.76530	117.92210	2483.06768	-33.76918	81.66995	2132.96312	56.42048	78.69071	2377.86613	29.21434	943.45963	2322.80514	104.21839	649.06269	2252.16875	-11.46588	978.80352	2267.07018	-21.13296	784.32236	2246.73837	2.53705	689.46696	2277.13954	-60.32059	683.55222	2475.27258	-97.33515	462.64935	2229.13433	173.40748	463.34599	2497.08685	-106.71137	255.31283	2146.63582	158.23327	239.21223	
563	5.620	2413.68447	-53.00518	640.99365	2304.58760	64.45365	356.72703	2236.38360	105.91375	334.53846	2088.52098	83.65135	103.35822	2110.97649	18.43902	118.16553	2073.50874	40.63817	147.54211	2491.02421	43.22155	394.56789	2481.97465	-23.68050	350.70596	2458.88955	-83.57242	89.84727	2418.98708	-24.33313	91.10499	2403.50036	-71.66721	115.72961	2485.19608	-34.41590	79.45644	2137.37363	56.36283	79.69222	2387.86073	27.93630	942.49908	2333.30724	104.79115	646.60844	2262.36168	-13.83369	977.42003	2277.44049	-20.48952	782.69165	2256.69291	3.91729	687.60427	2287.13987	-59.10864	682.91090	2483.40572	-97.16339	459.86171	2241.63882	173.79919	460.47340	2501.71580	-106.98083	251.93442	2158.69259	159.09615	238.84584	
564	5.630	2423.74552	-52.75178	640.90834	2319.95980	65.70094	353.34099	2251.46155	106.74886	331.29613	2095.61707	84.32245	106.88000	2117.80359	18.88889	120.77460	2082.18453	41.71329	151.79212	2497.22033	42.56337	391.58799	2487.60146	-24.46592	348.08953	2460.23312	-84.61662	87.68175	2420.26268	-25.38240	89.73989	2405.31070	-72.79873	114.30141	2486.40132	-35.36710	77.74593	2142.70818	56.34433	80.90757	2397.77745	26.75585	941.69980	2343.88331	105.20356	644.09828	2272.43959	-16.02388	976.17669	2287.71019	-19.60948	781.24500	2266.54097	5.37495	685.92846	2296.95891	-57.85340	682.66321	2491.22234	-97.51615	457.53018	2254.67790	174.07151	457.55904	2505.76089	-107.66838	249.04471	2171.82271	160.01670	238.46264	
565	5.640	2433.60360	-52.75296	641.21952	2335.88118	66.82949	350.17672	2267.20093	107.56127	328.13756	2103.83590	85.11824	110.60245	2125.65772	19.42793	123.55870	2091.93847	42.92057	156.15994	2503.23401	41.34204	389.26832	2492.95529	-25.70354	346.09342	2460.97307	-85.84808	86.10415	2420.96784	-26.60385	89.01005	2406.55997	-74.11646	113.55517	2486.97759	-36.51958	76.51300	2149.06545	56.42341	82.36070	2407.58022	25.70340	941.10367	2354.50608	105.42759	641.64156	2282.35839	-17.96008	975.13966	2297.82770	-18.51436	780.05261	2276.26906	6.86076	684.51681	2306.57512	-56.59803	682.84126	2498.70170	-98.40300	455.71464	2268.14472	174.21967	454.75388	2509.35275	-108.76447	246.64298	2185.88161	160.97654	238.16855	
566	5.650	2443.23791	-53.02533	641.94625	2352.16996	67.81412	347.41594	2283.42335	108.33876	325.23944	2113.17214	86.04188	114.47628	2134.58816	20.07202	126.47127	2102.73390	44.22788	160.55970	2509.00899	39.54284	387.58109	2497.99536	-27.42490	344.71406	2461.36752	-87.18737	85.03784	2421.34509	-27.93227	88.82904	2407.47008	-75.57509	113.36986	2487.17995	-37.78060	75.70235	2156.53094	56.66413	84.06384	2417.23636	24.80424	940.75302	2365.15403	105.44347	639.35519	2292.07914	-19.57638	974.37235	2307.75249	-17.23685	779.17884	2285.87674	8.32451	683.44325	2315.98112	-55.38610	683.46390	2505.82053	-99.81973	454.43478	2281.92052	174.24619	452.21726	2512.57997	-110.26136	244.68993	2200.69003	161.95131	238.08525	
567	5.660	2452.63885	-53.57619	643.09093	2368.65225	68.64100	345.23266	2299.94896	109.07118	322.77481	2123.58944	87.08383	118.43953	2144.63023	20.82886	129.44682	2114.51090	45.58341	164.89210	2514.48939	37.16760	386.45390	2502.66914	-29.65197	343.90760	2461.61004	-88.56742	84.38243	2421.58444	-29.30778	89.08961	2408.20418	-77.12734	113.60433	2487.21057	-39.07337	75.24027	2165.17404	57.12970	86.01363	2426.71860	24.07756	940.68741	2375.81135	105.24055	637.35512	2301.57064	-20.82088	973.93102	2317.45711	-15.81915	778.67781	2295.37491	9.71871	682.77337	2325.18231	-54.25858	684.53532	2512.55184	-101.74899	453.67203	2295.88197	174.16058	450.10439	2515.48576	-112.14936	243.12141	2216.04570	162.91188	238.33865	
568	5.670	2461.80629	-54.40396	644.63918	2385.17350	69.31054	343.77843	2316.60759	109.75168	320.89889	2135.02882	88.22033	122.41829	2155.80657	21.69614	132.40262	2127.19600	46.91794	169.04811	2519.62306	34.23872	385.78863	2506.91960	-32.38842	343.60242	2461.82659	-89.93376	84.03126	2421.81871	-30.67653	89.67834	2408.86497	-78.72262	114.11656	2487.21345	-40.33856	75.04649	2175.04632	57.87480	88.18840	2436.00691	23.53576	940.94022	2386.46735	104.81743	635.74745	2310.81155	-21.65835	973.86079	2326.92781	-14.31040	778.58959	2304.78273	11.00224	682.55949	2334.19412	-53.25073	686.04462	2518.86564	-104.16058	453.37590	2309.90973	173.97899	448.55355	2518.07234	-114.41143	241.86349	2231.73877	163.82642	239.04457	
569	5.680	2470.74724	-55.49909	646.56093	2401.60726	69.83878	343.16976	2333.24897	110.37784	319.73648	2147.42026	89.41426	126.32840	2168.12854	22.66099	135.24333	2140.71325	48.15098	172.91434	2524.36411	30.80165	385.48073	2510.69353	-35.61276	343.71295	2462.08184	-91.24241	83.88676	2422.12661	-31.99016	90.48885	2409.50157	-80.30609	114.78049	2487.27674	-41.53267	75.04435	2186.18121	58.93804	90.54762	2445.09002	23.18427	941.53537	2397.11540	104.18149	634.62009	2319.79208	-22.07173	974.19223	2336.16406	-12.76355	778.93738	2314.12408	12.14362	682.83644	2343.03859	-52.38940	687.96607	2524.73198	-107.01135	453.47336	2323.89722	173.72365	447.67442	2520.31156	-117.01785	240.84599	2247.56912	164.66294	240.29346	
570	5.690	2479.47327	-56.84522	648.81229	2417.86081	70.25681	343.47938	2349.75128	110.95242	319.37231	2160.69515	90.61836	130.07815	2181.59762	23.70118	137.86821	2154.99434	49.20008	176.38000	2528.67510	26.92512	385.43489	2513.94951	-39.27479	344.15200	2462.39190	-92.45725	83.87135	2422.54142	-33.20541	91.43150	2410.12212	-81.81911	115.49762	2487.44095	-42.62503	75.16824	2198.59476	60.33569	93.03354	2453.96637	23.02166	942.48463	2407.75166	103.34788	634.03591	2328.51484	-22.06237	974.93891	2345.17693	-11.23179	779.72592	2323.42365	13.12332	683.61832	2351.74061	-51.69096	690.26005	2530.12585	-110.24485	453.87949	2337.75888	173.42226	447.53910	2522.15935	-119.92258	240.01213	2263.36383	165.39218	242.13653	
571	5.700	2487.99799	-58.42020	651.33808	2433.87708	70.60786	344.73206	2366.02733	111.48367	319.84543	2174.79749	91.78058	133.57236	2196.20625	24.78775	140.18037	2169.98629	49.99212	179.34469	2532.52950	22.69851	385.57481	2516.66454	-43.29662	344.83988	2462.73997	-93.54797	83.93263	2423.06273	-34.28428	92.43863	2410.70881	-83.20182	116.20242	2487.71051	-43.59455	75.36755	2212.28723	62.05790	95.57522	2462.64456	23.04016	943.78567	2418.37366	102.33828	634.02810	2336.99497	-21.64910	976.09617	2353.98676	-9.76521	780.94106	2332.70370	13.93489	684.89655	2360.32448	-51.16024	692.87460	2535.03270	-113.79159	454.50753	2351.43664	173.10725	448.17669	2523.57084	-123.06260	239.32307	2278.99236	165.99053	244.57571	
572	5.710	2496.33501	-60.19724	654.07475	2449.63314	70.94233	346.90525	2382.02807	111.98505	321.14806	2189.69190	92.85078	136.71735	2211.93842	25.88879	142.09661	2185.65550	50.47429	181.72632	2535.91448	18.22649	385.84614	2518.83833	-47.57822	345.70939	2463.09193	-94.48931	84.04295	2423.66911	-35.19494	93.46561	2411.23237	-84.39735	116.86173	2488.06647	-44.42722	75.60756	2227.24531	64.06827	98.09424	2471.14317	23.22649	945.42127	2428.97921	101.17943	634.59813	2345.25944	-20.86620	977.64115	2362.62042	-8.40770	782.55074	2341.98150	14.58477	686.63949	2368.81129	-50.79051	695.74732	2539.45314	-117.57053	455.27687	2364.90407	172.81459	449.57208	2524.51335	-126.36073	238.75759	2294.37793	166.44279	247.55936	
573	5.720	2504.49651	-62.14588	656.95345	2465.13604	71.31147	349.93387	2397.74306	112.47421	323.22870	2205.36732	93.78753	139.42673	2228.77001	26.97335	143.55638	2201.98826	50.62300	183.46774	2538.83380	13.62110	386.21379	2520.49445	-52.00654	346.70701	2463.40953	-95.26139	84.19483	2424.32964	-35.91310	94.48822	2411.66403	-85.35689	117.46933	2488.47831	-45.11462	75.86778	2243.44470	66.30669	100.51134	2479.48991	23.56289	947.35968	2439.56565	99.90149	635.71650	2353.34564	-19.76050	979.53423	2371.10860	-7.19466	784.50710	2351.26810	15.09085	688.79363	2377.21711	-50.56453	698.80772	2543.40523	-121.49257	456.11846	2378.16744	172.58230	451.66883	2524.97539	-129.73149	238.30817	2309.50360	166.74471	250.98475	
574	5.730	2512.49255	-64.23312	659.90316	2480.41687	71.76092	353.71856	2413.19819	112.97171	325.99895	2221.83642	94.56394	141.62700	2246.66949	28.01519	144.52809	2218.98833	50.44859	184.54101	2541.31008	8.99233	386.65605	2521.67861	-56.46644	347.79153	2463.65993	-95.85081	84.39395	2425.01320	-36.42319	95.49801	2411.98349	-86.04425	118.03800	2488.91364	-45.65329	76.13880	2260.85285	68.69531	102.75284	2487.72032	24.02837	949.55622	2450.12983	98.53639	637.32601	2361.29932	-18.38787	981.72166	2379.48331	-6.15146	786.74964	2360.56822	15.48013	691.28638	2385.55244	-50.45640	701.97998	2546.92372	-125.46595	456.97726	2391.26377	172.44839	454.37560	2524.97053	-133.08878	237.97517	2324.41262	166.90495	254.70697	
575	5.740	2520.33109	-66.42477	662.85400	2495.52406	72.32531	358.13589	2428.45065	113.49918	329.34297	2239.13105	95.17137	143.26239	2265.59876	28.99547	145.01183	2236.67269	49.99516	184.94847	2543.38569	4.43850	387.15789	2522.45421	-60.85153	348.93134	2463.82137	-96.25171	84.65180	2425.69496	-36.71920	96.49684	2412.18314	-86.43915	118.59074	2489.34508	-46.04465	76.41861	2279.43138	71.14638	104.75599	2495.87583	24.60000	951.95607	2460.66862	97.11610	639.34736	2369.17204	-16.80931	984.13932	2387.77580	-5.29288	789.20929	2369.88125	15.78578	694.03033	2393.82254	-50.43399	705.18608	2550.05621	-129.40312	457.81262	2404.25572	172.44847	457.57527	2524.53662	-136.35398	237.76106	2339.20276	166.94618	258.55300	
576	5.750	2528.01859	-68.68685	665.74039	2510.51675	73.02502	363.04956	2443.58159	114.07749	333.12843	2257.29490	95.62046	144.29829	2285.51427	29.90425	145.03788	2255.06631	49.33551	184.72048	2545.12150	0.03818	387.70559	2522.89622	-65.07290	350.10170	2463.88535	-96.46641	84.97952	2426.35976	-36.80463	97.49176	2412.26854	-86.53841	119.15315	2489.75428	-46.29494	76.70910	2299.13786	73.57092	106.47269	2504.00148	25.25426	954.49802	2471.17978	95.67093	641.68612	2377.01824	-15.08702	986.71723	2396.01516	-4.62340	791.81288	2379.20294	16.04407	696.92882	2402.02868	-50.46174	708.34921	2552.85721	-133.22773	458.59705	2417.22403	172.61325	461.13556	2523.73114	-139.46277	237.66585	2354.01537	166.90464	262.33890	
577	5.760	2535.56090	-70.98726	668.50420	2525.45851	73.86532	368.32121	2458.68690	114.72501	337.21786	2276.37398	95.93930	144.72280	2306.36778	30.74064	144.66154	2274.19641	48.56203	183.91014	2546.59334	-4.15506	388.28389	2523.08439	-69.06478	351.28277	2463.85598	-96.50515	85.38373	2427.00301	-36.69166	98.49101	2412.25655	-86.35515	119.74772	2490.13320	-46.41493	77.01335	2319.92628	75.88699	107.87137	2512.14313	25.96829	957.11873	2481.66291	94.22801	644.24084	2384.89194	-13.28065	989.38444	2404.22724	-4.13827	794.48795	2388.52737	16.29124	699.88239	2410.16981	-50.50351	711.39766	2555.38166	-136.88063	459.31436	2430.25811	172.96622	464.92007	2522.62448	-142.36956	237.68458	2369.01954	166.82785	265.88781	
578	5.770	2542.96428	-73.29737	671.09762	2540.41141	74.83806	373.82006	2473.86636	115.45597	341.47928	2296.40588	96.16902	144.54648	2328.10588	31.51173	143.95524	2294.08591	47.77512	182.58640	2547.88603	-8.11427	388.87549	2523.09670	-72.78668	352.45844	2463.74747	-96.38506	85.86470	2427.62929	-36.39967	99.50144	2412.17175	-85.91608	120.39054	2490.48333	-46.41921	77.33383	2341.74560	78.02659	108.93732	2520.34426	26.72099	959.75742	2492.11993	92.80996	646.91119	2392.84315	-11.44399	992.07395	2412.43404	-3.82515	797.16735	2397.84865	16.56075	702.79590	2418.24426	-50.52541	714.26866	2557.67947	-140.32353	459.95760	2443.44562	173.52176	468.79885	2521.29240	-145.04917	237.80681	2384.39236	166.77031	269.04658	
579	5.780	2550.23610	-75.59327	673.48566	2555.43007	75.92484	379.43056	2489.21185	116.27930	345.79530	2317.40780	96.35749	143.80086	2350.66733	32.23051	142.99933	2314.74550	47.07086	180.82672	2549.08578	-11.83699	389.46251	2523.00375	-76.22236	353.61606	2463.58055	-96.12835	86.41644	2428.24955	-35.95322	100.52717	2412.04232	-85.25771	121.09006	2490.81329	-46.32512	77.67151	2364.53551	79.94047	109.67194	2528.64215	27.49400	962.36018	2502.55460	91.43403	649.60566	2400.91382	-9.62225	994.72723	2420.65286	-3.66599	799.79345	2407.16173	16.88079	705.58561	2426.25099	-50.49834	716.91244	2559.79214	-143.53984	460.52703	2456.86195	174.28402	472.65752	2519.80888	-147.49580	238.01759	2400.29647	166.78729	271.69923	
580	5.790	2557.38484	-77.85674	675.64809	2570.55516	77.10118	385.05763	2504.79469	117.19772	350.07005	2339.36340	96.55211	142.53602	2373.97719	32.91305	141.87326	2336.16311	46.52952	178.71084	2550.27163	-15.34012	390.02862	2522.86461	-79.37655	354.74641	2463.37843	-95.76018	87.02812	2428.87744	-35.37984	101.56934	2411.89593	-84.42196	121.84748	2491.13550	-46.15141	78.02564	2388.21869	81.60087	110.09129	2537.06356	28.27225	964.88378	2512.97067	90.11160	652.24811	2409.13332	-7.85015	997.29795	2428.89505	-3.63900	802.32153	2416.46198	17.27223	708.18580	2434.18983	-50.40027	719.29581	2561.75205	-146.53262	461.02826	2470.55990	175.24644	476.40458	2518.24034	-149.71996	238.29939	2416.85616	166.92761	273.77621	
581	5.800	2564.41906	-80.07533	677.58051	2585.80568	78.34044	390.62907	2520.65256	118.20730	354.23336	2362.20804	96.79267	140.81827	2397.93703	33.57540	140.64812	2358.29015	46.20615	176.31663	2551.50711	-18.65298	390.56134	2522.72421	-82.27035	355.84371	2463.16299	-95.30660	87.68605	2429.52549	-34.70799	102.62630	2411.75620	-83.45215	122.65791	2491.46260	-45.91693	78.39396	2412.68920	83.00206	110.22462	2545.61946	29.04431	967.29834	2523.36831	88.84829	654.78253	2417.51323	-6.15099	999.75447	2437.16366	-3.72037	804.72206	2425.74295	17.74692	710.55401	2442.06025	-50.21812	721.40504	2563.58391	-149.32023	461.47049	2484.55950	176.39194	479.97617	2516.64151	-151.74422	238.63410	2434.13360	167.22624	275.25891	
582	5.810	2571.34486	-82.24178	679.29448	2601.16979	79.61698	396.09503	2536.77610	119.29720	358.24186	2385.81253	97.10529	138.72811	2422.41096	34.23070	139.38175	2381.02444	46.12427	173.71859	2552.83311	-21.80960	391.05354	2522.61239	-84.93602	356.90534	2462.95172	-94.79270	88.37561	2430.20172	-33.96552	103.69404	2411.63995	-82.38980	123.51194	2491.80423	-45.63954	78.77307	2437.79665	84.15905	110.11287	2554.29917	29.80226	969.58849	2533.73852	87.64458	657.17557	2426.04150	-4.53669	1002.08078	2445.44986	-3.88560	806.98152	2434.99210	18.30652	712.67442	2449.85836	-49.94902	723.24750	2565.30761	-151.93048	461.86480	2498.83808	177.69348	483.33792	2515.05344	-153.59847	239.00463	2452.10658	167.69802	276.17953	
583	5.820	2578.16165	-84.35236	680.81607	2616.59394	80.90795	401.42426	2553.09580	120.44965	362.07668	2409.96594	97.49840	136.35866	2447.20806	34.88664	138.11664	2404.19094	46.27321	170.98860	2554.26297	-24.84121	391.50400	2522.54420	-87.41171	357.93109	2462.75570	-94.24154	89.08262	2430.90696	-33.17870	104.76631	2411.55554	-81.27271	124.39684	2492.16444	-45.33540	79.15874	2463.32738	85.10474	109.80704	2563.06384	30.54108	971.75270	2544.05559	86.49709	659.41629	2434.67622	-3.00911	1004.27555	2453.72771	-4.11054	809.10135	2444.18454	18.94190	714.55819	2457.57189	-49.60087	724.85121	2566.94102	-154.39429	462.22251	2513.32022	179.11481	486.48345	2513.50346	-155.31525	239.39590	2470.64974	168.33360	276.61651	
584	5.830	2584.85589	-86.40427	682.18257	2631.97092	82.19353	406.59694	2569.47012	121.64021	365.73736	2434.35965	97.96151	133.81424	2472.06293	35.54400	136.88069	2427.52309	46.60989	168.19823	2555.78081	-27.76959	391.91681	2522.52155	-89.73575	358.92180	2462.57897	-93.67367	89.79386	2431.63351	-32.37201	105.83440	2411.50258	-80.13448	125.29731	2492.54042	-45.01868	79.54601	2488.98452	85.88529	109.36613	2571.84000	31.25768	973.80015	2554.26776	85.40045	661.51257	2443.33948	-1.56272	1006.34875	2461.94771	-4.37190	811.09459	2453.27458	19.63350	716.24009	2465.17311	-49.19187	726.26153	2568.50144	-156.73936	462.55362	2527.86850	180.61145	489.42885	2512.00735	-156.92521	239.79501	2489.52204	169.09878	276.68548	
585	5.840	2591.39295	-88.39193	683.43645	2647.12826	83.45560	411.59419	2585.67666	122.83829	369.23183	2458.57631	98.46743	131.20779	2496.61748	36.19619	135.69072	2450.64922	47.06583	165.42129	2557.34403	-30.60146	392.29958	2522.53608	-91.94047	359.87744	2462.41949	-93.10743	90.49678	2432.36518	-31.56857	106.88646	2411.47328	-79.00526	126.19568	2492.92261	-44.70177	79.92910	2514.37093	86.55362	108.85370	2580.51402	31.94931	975.74503	2564.28677	84.34997	663.48377	2451.91260	-0.18890	1008.31563	2470.02947	-4.64780	812.97982	2462.18611	20.35286	717.77018	2472.61002	-48.74854	727.53394	2570.00417	-158.98426	462.86561	2542.27637	182.13205	492.20270	2510.57340	-158.45265	240.19085	2508.36460	169.93832	276.52525	
