PathFileType	3	(X/Y/Z)	RCH0000002 BBF 12.c3d
DataRate	CameraRate	NumFrames	NumMarkers	Units	OrigDataRate	OrigDataStartFrame	OrigNumFrames
100.0	100.0	406	23	mm	100.0	160	406
Frame#	Time	T10			RPSI			LPAT			LANK			LMED			LTOE			RPAT			RKNE			RANK			RMED			RTOE			LKNE			RHEE			RASI			MAN			LHEE			LASI			T2			LPSI			RTHI			LTHI			RTIB			LTIB			
		X1	Y1	Z1	X2	Y2	Z2	X3	Y3	Z3	X4	Y4	Z4	X5	Y5	Z5	X6	Y6	Z6	X7	Y7	Z7	X8	Y8	Z8	X9	Y9	Z9	X10	Y10	Z10	X11	Y11	Z11	X12	Y12	Z12	X13	Y13	Z13	X14	Y14	Z14	X15	Y15	Z15	X16	Y16	Z16	X17	Y17	Z17	X18	Y18	Z18	X19	Y19	Z19	X20	Y20	Z20	X21	Y21	Z21	X22	Y22	Z22	X23	Y23	Z23	

160	1.590	-1606.41392	-70.02734	796.10464	-1614.19044	-108.50725	703.30303	-1499.92627	-27.91395	383.87908	-1584.19414	45.52647	70.69819	-1589.73092	-24.28026	87.83497	-1538.69129	4.46522	68.55750	-1472.19286	-114.88894	355.19535	-1532.85782	-160.98958	330.67194	-1718.77448	-166.71469	135.04707	-1715.04445	-98.61393	148.95337	-1692.30378	-131.63189	95.29139	-1534.36736	36.28435	343.62127	-1732.06004	-134.10219	187.89328	-1503.56154	-161.35262	649.89458	-1487.47659	-24.76884	962.03102	-1629.00627	9.84708	100.64038	-1505.36038	16.07586	653.99502	-1620.52456	-45.10045	990.28786	-1614.69466	-36.66108	705.40353	-1526.62609	-232.33074	441.21358	-1533.40580	105.58644	468.92574	-1611.00723	-229.86844	252.63354	-1550.20547	103.84923	227.81052	
161	1.600	-1596.80478	-70.25454	797.85541	-1604.08242	-109.77705	704.47065	-1495.71295	-26.39113	384.03768	-1584.63402	43.64132	71.89598	-1588.14100	-25.99054	89.19179	-1538.13767	3.88201	69.04524	-1452.01200	-111.84792	361.81920	-1510.85249	-158.86434	335.21547	-1692.16942	-167.27342	135.84192	-1690.39104	-99.14346	149.63420	-1664.61738	-131.82557	97.59716	-1532.46985	36.56792	344.23757	-1707.68213	-134.94196	188.04410	-1492.03112	-159.00063	651.59852	-1476.51371	-25.53491	963.24102	-1628.06556	7.01285	102.39250	-1499.10618	17.83914	655.07089	-1609.29685	-46.57029	992.19813	-1606.57482	-38.33598	706.32364	-1507.02964	-230.68514	445.45197	-1531.77723	105.88015	469.53916	-1586.39367	-228.70811	255.82319	-1551.56802	103.38001	228.63526	
162	1.610	-1587.24319	-70.51953	799.52559	-1594.01841	-111.07483	705.54822	-1491.53070	-24.84721	384.15196	-1585.01567	41.90275	73.04796	-1586.57480	-27.55804	90.51271	-1537.57091	3.38715	69.50773	-1431.93018	-108.79415	368.40663	-1488.90772	-156.73835	339.74016	-1665.57416	-167.86074	136.61646	-1665.72184	-99.69576	150.26508	-1636.94636	-132.05382	99.87534	-1530.56004	36.89996	344.83482	-1683.30605	-135.79908	188.14774	-1480.56791	-156.68074	653.20423	-1465.60792	-26.30386	964.36450	-1627.10540	4.37417	104.09618	-1492.87324	19.55356	656.11188	-1598.13208	-48.02357	994.02109	-1598.48270	-40.04415	707.18317	-1487.49229	-229.01696	449.67176	-1530.14035	106.17656	470.15870	-1561.81388	-227.56251	258.99810	-1552.78498	102.99021	229.43177	
163	1.620	-1577.74047	-70.86077	801.03472	-1584.00416	-112.42310	706.44536	-1487.38184	-23.26784	384.17765	-1585.29230	40.42937	74.11988	-1585.05034	-28.86659	91.76963	-1536.98138	3.05218	69.92429	-1412.03555	-105.71345	374.90267	-1467.07365	-154.60633	344.21071	-1638.93096	-168.49551	137.32866	-1640.96333	-100.28985	150.77237	-1609.24442	-132.33689	102.07940	-1528.60350	37.31777	345.39343	-1658.87304	-136.69086	188.12913	-1469.19850	-154.42451	654.61712	-1454.78262	-27.08897	965.31895	-1626.10841	2.08983	105.71685	-1486.64191	21.17374	657.08150	-1587.05966	-49.45512	995.66950	-1590.40631	-41.81185	707.91991	-1468.05754	-227.30261	453.83804	-1528.44923	106.47732	470.78369	-1537.26398	-226.43847	262.12707	-1553.72532	102.74339	230.17752	
164	1.630	-1568.29422	-71.31037	802.31817	-1574.03213	-113.83675	707.08884	-1483.26788	-21.64590	384.08188	-1585.43655	39.30248	75.08649	-1583.58359	-29.83601	92.94139	-1536.36571	2.92705	70.28000	-1392.40107	-102.59999	381.26137	-1445.39488	-152.46376	348.59752	-1612.15854	-169.18777	137.93612	-1616.02120	-100.93731	151.08438	-1581.43963	-132.68485	104.16474	-1526.57479	37.84556	345.90018	-1634.30429	-137.62716	187.91288	-1457.93202	-152.25912	655.76207	-1444.04605	-27.90506	966.03913	-1625.06899	0.26855	107.22968	-1480.38023	22.66270	657.95096	-1576.09254	-50.86513	997.07263	-1582.32115	-43.65587	708.48462	-1448.76933	-225.52576	457.91922	-1526.65247	106.78370	471.41246	-1512.73166	-225.33942	265.18412	-1554.30390	102.68451	230.85652	
165	1.640	-1558.89232	-71.89194	803.33005	-1564.08598	-115.32045	707.42642	-1479.18968	-19.98385	383.84533	-1585.44314	38.55915	75.93356	-1582.18800	-30.42876	94.01502	-1535.72778	3.03546	70.56683	-1373.09477	-99.45907	387.44147	-1423.92417	-150.30836	352.87313	-1585.17057	-169.93632	138.39571	-1590.79964	-101.64057	151.13307	-1553.45397	-133.09488	106.08774	-1524.45825	38.49138	346.34872	-1609.51833	-138.60917	187.42499	-1446.76440	-150.20733	656.58749	-1433.39582	-28.76805	966.48086	-1623.99425	-1.03989	108.62122	-1474.04668	23.99338	658.70014	-1565.23165	-52.25917	998.17960	-1574.19404	-45.58034	708.84339	-1429.68294	-223.67987	461.88355	-1524.69449	107.09611	472.04152	-1488.21239	-224.26529	268.14549	-1554.48744	102.83455	231.46065	
166	1.650	-1549.51586	-72.61986	804.04296	-1554.14361	-116.86820	707.42692	-1475.14449	-18.29414	383.46148	-1585.32691	38.19292	76.65863	-1580.87360	-30.64935	94.98593	-1535.07810	3.37467	70.78357	-1354.18748	-96.30637	393.40048	-1402.73061	-148.14056	357.00722	-1557.88976	-170.72820	138.66268	-1565.21694	-102.39308	150.85442	-1525.21925	-133.55023	107.80389	-1522.24440	39.24683	346.73873	-1584.44422	-139.63043	186.59354	-1435.68154	-148.28773	657.06535	-1422.82249	-29.69470	966.62126	-1622.90149	-1.84331	109.88998	-1467.59259	25.14881	659.31688	-1554.46971	-53.64780	998.95917	-1565.98620	-47.57618	708.97691	-1410.86892	-221.76821	465.69489	-1522.51605	107.41381	472.66470	-1463.71866	-223.21250	270.98492	-1554.28904	103.18884	231.98993	
167	1.660	-1540.14122	-73.49964	804.44547	-1544.17908	-118.46433	707.07772	-1471.12093	-16.59809	382.93389	-1585.11764	38.15997	77.27092	-1579.64574	-30.53844	95.85770	-1534.43182	3.91845	70.93513	-1335.75733	-93.16443	399.08815	-1381.90236	-145.96305	360.96130	-1530.25926	-171.53972	138.68970	-1539.21893	-103.18091	150.18871	-1496.69065	-134.02096	109.26607	-1519.92313	40.08895	347.07377	-1559.03203	-140.67965	185.34962	-1424.66175	-146.51491	657.18844	-1412.31230	-30.70252	966.45656	-1621.81313	-2.19849	111.04630	-1460.96431	26.12166	659.79522	-1543.79414	-55.04592	999.39733	-1557.65566	-49.62243	708.87776	-1392.41051	-219.80187	469.30878	-1520.05453	107.73459	473.27237	-1439.28351	-222.17387	273.66834	-1553.75493	103.71898	232.45193	
168	1.670	-1530.74144	-74.52885	804.53845	-1534.16381	-120.08561	706.38108	-1467.09295	-14.92355	382.27224	-1584.85285	38.38882	77.79067	-1578.50366	-30.16379	96.64143	-1533.80588	4.62223	71.03134	-1317.89057	-90.05738	404.44056	-1361.54416	-143.77969	364.68390	-1502.25266	-172.33905	138.42659	-1512.79056	-103.98565	149.08122	-1467.85846	-134.46632	110.42338	-1517.47540	40.98371	347.35823	-1533.26179	-141.74450	183.62898	-1413.67734	-144.89948	656.96619	-1401.84898	-31.80953	965.99846	-1620.75039	-2.19800	112.11179	-1454.10549	26.91331	660.13290	-1533.18941	-56.47179	999.49382	-1549.15923	-51.68909	708.54659	-1374.39611	-217.79633	472.66977	-1517.24391	108.05466	473.85050	-1414.95968	-221.13858	276.14923	-1552.94646	104.37748	232.86028	
169	1.680	-1521.28702	-75.69825	804.33098	-1524.06726	-121.70402	705.35005	-1463.01378	-13.30191	381.48757	-1584.56970	38.79176	78.24799	-1577.43893	-29.60954	97.35488	-1533.21566	5.42931	71.08557	-1300.67887	-87.00489	409.37607	-1341.77060	-141.59430	368.10743	-1473.88343	-173.08993	137.82101	-1485.96613	-104.78795	147.48366	-1438.75857	-134.83876	111.22113	-1514.86488	41.89044	347.59383	-1507.15161	-142.81580	181.37502	-1402.69592	-143.44789	656.41989	-1391.41509	-33.03385	965.26990	-1619.72671	-1.95485	113.11841	-1446.95955	27.53269	660.32867	-1522.63865	-57.94588	999.25801	-1540.45439	-53.74061	707.98814	-1356.90846	-215.76725	475.71065	-1514.01467	108.36865	474.37973	-1390.81624	-220.09229	278.36576	-1551.92094	105.10450	233.23244	
170	1.690	-1511.74661	-76.99297	803.83622	-1513.85756	-123.28972	704.00464	-1458.81139	-11.76454	380.58758	-1584.29712	39.27637	78.68130	-1576.43402	-28.96559	98.02146	-1532.67151	6.27743	71.11326	-1284.21346	-84.01686	413.79412	-1322.69632	-139.40953	371.14756	-1445.21388	-173.75646	136.82034	-1458.83734	-105.57140	145.35662	-1409.48120	-135.08951	111.60234	-1512.03123	42.76670	347.77579	-1480.76513	-143.89098	178.54283	-1391.68158	-142.16227	655.57800	-1380.99291	-34.39313	964.30067	-1618.74177	-1.58718	114.10717	-1439.47224	27.99490	660.37950	-1512.12497	-59.48955	998.70497	-1531.50091	-55.73969	707.20752	-1340.01289	-213.72629	478.35421	-1510.29412	108.66985	474.83441	-1366.93428	-219.01774	280.24099	-1550.71399	105.83548	233.58676	
171	1.700	-1502.08756	-78.39354	803.06798	-1503.50228	-124.81375	702.36888	-1454.38617	-10.33911	379.57216	-1584.04880	39.75590	79.13534	-1575.46102	-28.31782	98.66888	-1532.17552	7.10491	71.13044	-1268.57718	-81.09016	417.57765	-1304.42506	-137.22655	373.70586	-1416.36330	-174.30835	135.37488	-1431.55852	-106.32613	142.67282	-1380.17712	-135.17522	111.51093	-1508.88620	43.57299	347.88940	-1454.21785	-144.97654	175.10404	-1380.59625	-141.04031	654.47216	-1370.56514	-35.90371	963.12342	-1617.77671	-1.20474	115.12647	-1431.59429	28.31960	660.27811	-1501.63241	-61.12361	997.85199	-1522.26250	-57.65076	706.20737	-1323.74691	-211.67800	480.51750	-1506.00735	108.95048	475.18183	-1343.40325	-217.89598	281.68645	-1549.32612	106.50876	233.93918	
172	1.710	-1492.27676	-79.87666	802.03797	-1492.96968	-126.25034	700.46894	-1449.61190	-9.04615	378.42982	-1583.81775	40.15749	79.65874	-1574.48062	-27.74035	99.32765	-1531.71884	7.85597	71.15248	-1253.83534	-78.20841	420.59973	-1287.03906	-135.04564	375.67593	-1387.51393	-174.72629	133.44195	-1404.34778	-107.05174	139.42101	-1351.06030	-135.06510	110.89648	-1505.31355	44.27694	347.90729	-1427.68133	-146.08871	171.05201	-1369.40152	-140.07551	653.13422	-1360.11558	-37.57960	961.77029	-1616.79082	-0.89830	116.22967	-1423.28383	28.52916	660.01102	-1491.14676	-62.86694	996.71577	-1512.70841	-59.44283	704.98629	-1308.11351	-209.61862	482.11828	-1501.07911	109.20209	475.38196	-1320.31882	-216.70860	282.60929	-1547.71472	107.07242	234.29985	
173	1.720	-1482.28175	-81.41574	800.75427	-1482.23041	-127.57847	698.33233	-1444.34022	-7.89625	377.13548	-1583.57266	40.42780	80.30119	-1573.44136	-27.28988	100.02935	-1531.27950	8.48473	71.19296	-1240.02688	-75.34562	422.73412	-1270.59061	-132.86815	376.95273	-1358.91330	-175.00661	130.99095	-1377.48309	-107.75899	135.61023	-1322.40548	-134.74767	109.72032	-1501.17321	44.85641	347.78790	-1401.38399	-147.25250	166.40642	-1358.06095	-139.25794	651.59465	-1349.62977	-39.43144	960.27039	-1615.72002	-0.73265	117.47220	-1414.50855	28.64665	659.55744	-1480.65629	-64.73506	995.31071	-1502.81492	-61.09131	703.53851	-1293.07938	-207.53747	483.08298	-1495.43674	109.41583	475.38793	-1297.78289	-215.44106	282.92202	-1545.79243	107.48939	234.67001	
174	1.730	-1472.07229	-82.98116	799.22101	-1471.25974	-128.78262	695.98839	-1438.40869	-6.88824	375.65005	-1583.25622	40.53597	81.11029	-1572.27935	-27.00241	100.80472	-1530.82101	8.95809	71.26279	-1227.15712	-72.47339	423.86898	-1255.09714	-130.69969	377.44436	-1330.87100	-175.16479	128.00874	-1351.29243	-108.47011	131.27393	-1294.53979	-134.23601	107.96233	-1496.30934	45.30140	347.47588	-1375.60710	-148.49906	161.21700	-1346.54289	-138.57540	649.88222	-1339.09575	-41.46531	958.64833	-1614.47700	-0.74317	118.90787	-1405.24742	28.69367	658.88917	-1470.15237	-66.73878	993.64824	-1492.56694	-62.57887	701.85507	-1278.57898	-205.42121	483.35513	-1489.01399	109.58268	475.14743	-1275.90514	-214.08686	282.55366	-1543.43150	107.74079	235.03971	
175	1.740	-1461.62234	-84.54042	797.43938	-1460.04019	-129.85287	693.46944	-1431.65183	-6.00874	373.92237	-1582.78526	40.47422	82.12830	-1570.91846	-26.89208	101.68166	-1530.29165	9.25723	71.36969	-1215.19343	-69.57114	423.92248	-1240.54041	-128.55441	377.08486	-1303.74845	-175.23682	124.50476	-1326.13767	-109.21746	126.47330	-1267.82771	-133.57041	105.62752	-1490.56164	45.61451	346.90457	-1350.67474	-149.86196	155.56537	-1334.82359	-138.01516	648.02505	-1328.50482	-43.68175	956.92383	-1612.95316	-0.93548	120.58490	-1395.49174	28.68825	657.97186	-1459.63003	-68.88301	991.73732	-1481.95942	-63.89523	699.92603	-1264.52421	-203.26070	482.90327	-1481.75546	109.69344	474.60546	-1254.80514	-212.65238	281.46022	-1540.47340	107.82698	235.38677	
176	1.750	-1450.91239	-86.05833	795.40988	-1448.56432	-130.78427	690.81258	-1423.91420	-5.23340	371.89366	-1582.05286	40.25645	83.38893	-1569.27118	-26.95172	102.68344	-1529.62425	9.37815	71.51811	-1204.06466	-66.63773	422.85810	-1226.87031	-126.45959	375.84629	-1277.94071	-175.27815	120.51535	-1302.39285	-110.04072	121.29917	-1242.64961	-132.81759	102.75136	-1483.77879	45.80995	346.00095	-1326.93720	-151.37304	149.56487	-1322.89040	-137.56603	646.05253	-1317.85230	-46.07477	955.11234	-1611.02223	-1.28763	122.54173	-1385.24566	28.64298	656.76762	-1449.08835	-71.16575	989.58607	-1470.99855	-65.03627	697.74388	-1250.81845	-201.05963	481.72720	-1473.62118	109.73866	473.70821	-1234.61324	-211.16161	279.63291	-1536.74225	107.76659	235.67739	
177	1.760	-1439.93193	-87.49738	793.13555	-1436.83730	-131.57587	688.06158	-1415.06410	-4.52981	369.50455	-1580.93195	39.91565	84.91455	-1567.24027	-27.15487	103.82721	-1528.73662	9.33136	71.70956	-1193.66512	-63.70258	420.69751	-1214.01278	-124.45996	373.74828	-1253.85061	-175.35955	116.10646	-1280.41785	-110.98282	115.87166	-1219.37510	-132.06587	99.40267	-1475.83227	45.91117	344.69296	-1304.74805	-153.05830	143.35757	-1310.74467	-137.22047	643.99785	-1307.13815	-48.63131	953.22663	-1608.54550	-1.75402	124.80325	-1374.52607	28.56363	655.23901	-1438.53072	-73.57735	987.20435	-1459.70269	-66.00251	695.30734	-1237.37301	-198.84357	479.86205	-1464.59052	109.70840	472.40818	-1215.46871	-209.66011	277.10259	-1532.06030	107.59369	235.86886	
178	1.770	-1428.68184	-88.81847	790.62586	-1424.87893	-132.22963	685.26834	-1405.00636	-3.86221	366.70415	-1579.28046	39.50028	86.71422	-1564.72105	-27.45887	105.12289	-1527.53232	9.14091	71.94347	-1183.86275	-60.83409	417.52857	-1201.88071	-122.62053	370.86341	-1231.85699	-175.56023	111.37378	-1260.53005	-112.08485	110.33679	-1198.33347	-131.41660	95.68306	-1466.62900	45.94742	342.91854	-1284.43661	-154.93443	137.10854	-1298.40392	-136.97657	641.90047	-1296.36749	-51.33091	951.27911	-1605.37842	-2.27051	127.37774	-1363.36182	28.44827	653.35424	-1427.96482	-76.09997	984.60690	-1448.10263	-66.79755	692.62547	-1224.12323	-196.66757	477.37938	-1454.66485	109.59221	470.67023	-1197.51396	-208.21708	273.93984	-1526.26365	107.35332	235.91427	
179	1.780	-1417.17625	-89.98227	787.90078	-1412.72464	-132.74935	682.49370	-1393.69239	-3.19745	363.46053	-1576.94770	39.07008	88.78261	-1561.60438	-27.80888	106.57268	-1525.90187	8.84290	72.21845	-1174.51131	-58.14317	413.50640	-1190.38643	-121.02713	367.31709	-1212.28017	-175.95862	106.43986	-1242.97663	-113.38079	104.85989	-1179.78429	-130.97259	91.72226	-1456.12090	45.94946	340.63579	-1266.27838	-157.00627	130.99696	-1285.90297	-136.83949	639.80813	-1285.55078	-54.14587	949.28464	-1601.37826	-2.76056	130.25514	-1351.79252	28.28722	651.09311	-1417.40240	-78.70762	981.81685	-1436.24125	-67.42654	689.72147	-1211.04164	-194.62052	474.38553	-1443.86848	109.37912	468.47799	-1180.88480	-206.92450	270.25070	-1519.21644	107.09613	235.76909	
180	1.790	-1405.44379	-90.95110	784.99443	-1400.42521	-133.13994	679.80719	-1381.12622	-2.51164	359.77112	-1573.78164	38.69127	91.10035	-1557.78006	-28.14255	108.17106	-1523.72437	8.48343	72.53383	-1165.46493	-55.78030	408.84647	-1179.45386	-119.78382	363.28131	-1195.34930	-176.62208	101.44763	-1227.91118	-114.89246	99.61555	-1163.89211	-130.82514	87.66937	-1444.31024	45.94504	337.83267	-1250.46754	-159.26550	125.20467	-1273.29364	-136.82209	637.77770	-1274.70378	-57.04181	947.26332	-1596.41236	-3.14203	133.40692	-1339.86685	28.06371	648.45317	-1406.85868	-81.36656	978.86879	-1424.17226	-67.89520	686.63563	-1198.14574	-192.82431	471.01686	-1432.24732	109.05799	465.83994	-1165.69792	-205.89254	266.16907	-1510.82209	106.87236	235.39899	
181	1.800	-1393.52756	-91.69151	781.95766	-1388.04507	-133.40714	677.28549	-1367.36530	-1.79641	355.67168	-1569.63658	38.43133	93.63562	-1553.14030	-28.39546	109.90527	-1520.86945	8.11604	72.89119	-1156.59376	-53.92532	403.80942	-1169.02871	-119.00659	358.96271	-1181.17672	-177.59712	96.55067	-1215.37802	-116.62559	94.77504	-1150.70879	-131.04199	83.68079	-1431.24960	45.95449	334.53506	-1237.09577	-161.69060	119.90276	-1260.64300	-136.94453	635.87472	-1263.84704	-59.97880	945.24315	-1590.36624	-3.33487	136.78755	-1327.64067	27.75533	645.45519	-1396.35160	-84.03628	975.81128	-1411.95806	-68.20939	683.42707	-1185.49901	-191.42669	467.43231	-1419.86539	108.61825	462.79439	-1152.03803	-205.24089	261.84665	-1501.03047	106.72593	234.78801	
182	1.810	-1381.48406	-92.17722	778.85925	-1375.65910	-133.55773	675.00969	-1352.51594	-1.06387	351.24215	-1564.38082	38.35318	96.34690	-1547.58304	-28.50687	111.75614	-1517.19979	7.79849	73.29579	-1147.79844	-52.77024	398.67895	-1159.08518	-118.81360	354.58582	-1169.74392	-178.90206	91.90082	-1205.30708	-118.56778	90.49234	-1140.16685	-131.65805	79.90644	-1417.03674	45.98717	330.81175	-1226.14130	-164.24818	115.23776	-1248.03002	-137.23286	634.17129	-1253.00508	-62.91277	943.26184	-1583.15069	-3.26923	140.33743	-1315.17494	27.33612	642.14744	-1385.90063	-86.67108	972.70802	-1399.66692	-68.37524	680.17383	-1173.20469	-190.58755	463.80342	-1406.79950	108.05082	459.41241	-1139.94748	-205.08669	257.44170	-1489.84048	106.68913	233.94571	
183	1.820	-1369.38063	-92.39220	775.78504	-1363.34826	-133.60006	673.06147	-1336.72375	-0.34896	346.60819	-1557.90339	38.50923	99.18655	-1541.01475	-28.42571	113.69890	-1512.57415	7.58877	73.75734	-1139.02165	-52.49670	393.73544	-1149.62827	-119.31239	350.37369	-1160.90265	-180.52368	87.63505	-1197.52100	-120.68862	86.89069	-1132.08542	-132.67087	76.47629	-1401.80467	46.03910	326.77518	-1217.47113	-166.89552	111.31900	-1235.54104	-137.71649	632.74244	-1242.20518	-65.79736	941.36764	-1574.70693	-2.89382	143.98695	-1302.53371	26.77921	638.60764	-1375.52557	-89.22223	969.63753	-1387.36952	-68.40004	676.97110	-1161.39355	-190.45994	460.30243	-1393.13261	107.34934	455.79800	-1129.42080	-205.53032	253.10771	-1477.29800	106.77854	232.91198	
184	1.830	-1357.29181	-92.33351	772.83519	-1351.19448	-133.54489	671.51844	-1320.16043	0.29146	341.93737	-1550.11923	38.93551	102.10459	-1533.35259	-28.11619	115.70421	-1506.85110	7.54065	74.29009	-1130.25495	-53.25080	389.22876	-1140.69144	-120.58558	346.52807	-1154.39162	-182.41851	83.86328	-1191.75390	-122.94204	84.05168	-1126.18866	-134.04164	73.48929	-1385.70875	46.09250	322.57754	-1210.85651	-169.58386	108.20935	-1223.26432	-138.42496	631.66134	-1231.47584	-68.58596	939.61886	-1565.00911	-2.18343	147.66092	-1289.78225	26.05966	634.94229	-1365.24496	-91.64058	966.69113	-1375.13534	-68.29323	673.92739	-1150.20738	-191.16833	457.08934	-1378.94698	106.51148	452.08503	-1120.40558	-206.64139	248.98289	-1463.48994	106.99272	231.75849	
185	1.840	-1345.29479	-92.01339	770.11938	-1339.27530	-133.40611	670.44924	-1303.00875	0.78315	337.43013	-1540.97231	39.64673	105.05204	-1524.52584	-27.56242	117.73896	-1499.89353	7.69881	74.91208	-1121.53996	-55.11904	385.35468	-1132.33014	-122.67688	343.21218	-1149.86667	-184.51823	80.65951	-1187.67973	-125.27034	82.00858	-1122.13419	-135.70099	71.00661	-1368.91245	46.11705	318.40217	-1205.99989	-172.26171	105.92079	-1211.28435	-139.38424	630.99384	-1220.84498	-71.23376	938.08193	-1554.06373	-1.14475	151.28302	-1276.98537	25.15744	631.28293	-1355.07465	-93.87948	963.96924	-1363.02920	-68.06757	671.15892	-1139.78109	-192.78786	454.29930	-1364.31824	105.53992	448.43076	-1112.80958	-208.44709	245.18164	-1448.53528	107.31182	230.58572	
186	1.850	-1333.46443	-91.46021	767.75052	-1327.65901	-133.20120	669.90877	-1285.44781	1.04236	333.30626	-1530.43637	40.63293	107.98341	-1514.47698	-26.77146	119.76723	-1491.57407	8.09396	75.64354	-1112.96365	-58.10936	382.23852	-1124.61246	-125.57973	340.53821	-1146.93930	-186.73789	78.05765	-1184.94545	-127.60876	80.74516	-1119.54726	-137.55839	69.04983	-1351.57408	46.07324	314.45118	-1202.56855	-174.87727	104.41595	-1199.67648	-140.61309	630.79304	-1210.33802	-73.69978	936.82815	-1541.90581	0.18096	154.77962	-1264.20604	24.05998	627.77928	-1345.02625	-95.89786	961.57625	-1351.10835	-67.73990	668.78256	-1130.22587	-195.32847	452.03205	-1349.31127	104.44306	445.00641	-1106.51260	-210.92492	241.78871	-1432.57449	107.69955	229.51573	
187	1.860	-1321.86842	-90.71788	765.83743	-1316.40064	-132.95098	669.93424	-1267.64057	0.98612	329.78830	-1518.51329	41.85845	110.85807	-1503.16245	-25.77411	121.75160	-1481.78122	8.73874	76.50486	-1104.64840	-62.14100	379.92888	-1117.60829	-129.23083	338.56143	-1145.21703	-188.98468	76.05276	-1183.20435	-129.88979	80.19996	-1118.05537	-139.51268	67.60417	-1333.83613	45.91700	310.93048	-1200.22950	-177.37948	103.61519	-1188.50234	-142.11993	631.09462	-1199.97600	-75.94862	935.92924	-1528.59267	1.71909	158.08300	-1251.50411	22.76427	624.58986	-1335.10589	-97.66301	959.61438	-1339.42040	-67.33124	666.90790	-1121.61574	-198.72718	450.34487	-1333.97871	103.23512	441.98549	-1101.38046	-214.00116	238.85689	-1415.75852	108.10700	228.68131	
188	1.870	-1310.56312	-89.84365	764.47734	-1305.53948	-132.67866	670.54237	-1249.72483	0.54340	327.08422	-1505.22973	43.26372	113.64077	-1490.55372	-24.62313	123.65504	-1470.42601	9.62473	77.51451	-1096.73788	-67.04555	378.40207	-1111.37873	-133.50992	337.28142	-1144.33901	-191.16579	74.60711	-1182.14422	-132.04629	80.27547	-1117.31837	-141.46191	66.62551	-1315.81847	45.60536	308.03425	-1198.67969	-179.71758	103.40843	-1177.80669	-143.90057	631.91354	-1189.77377	-77.95191	935.45214	-1514.19604	3.36743	161.13397	-1238.93528	21.27809	621.87083	-1325.31317	-99.15302	958.17716	-1328.00216	-66.86603	665.62923	-1113.97935	-202.85028	449.25029	-1318.36209	101.93567	439.53133	-1097.27838	-217.55533	236.40818	-1398.23860	108.47808	228.21280	
189	1.880	-1299.59047	-88.90436	763.74886	-1295.09806	-132.40813	671.72802	-1231.80840	-0.33457	325.37126	-1490.63287	44.76990	116.30172	-1476.63866	-23.38900	125.44372	-1457.44872	10.72133	78.68736	-1089.38066	-72.57994	377.57591	-1105.96678	-138.24686	336.64965	-1144.00224	-193.19443	73.65968	-1181.50704	-134.01372	80.85065	-1117.05023	-143.31128	66.04991	-1297.61575	45.10203	305.93043	-1197.66765	-181.84005	103.66944	-1167.61572	-145.93720	633.24257	-1179.73870	-79.68926	935.45352	-1498.79423	5.00596	163.88427	-1226.55010	19.62029	619.76414	-1315.64063	-100.35830	957.34299	-1316.87951	-66.37047	665.01833	-1107.29775	-207.50531	448.71866	-1302.49561	100.56867	437.78493	-1094.08133	-221.43010	234.43818	-1380.15745	108.75571	228.22479	
190	1.890	-1288.97632	-87.97130	763.70616	-1285.08263	-132.16169	673.46445	-1213.96822	-1.66647	324.78321	-1474.78593	46.28583	118.81692	-1461.42346	-22.15339	127.09077	-1442.82484	11.97689	80.03394	-1082.71299	-78.45011	377.32963	-1101.39031	-143.23541	336.58181	-1143.97559	-194.99397	73.13706	-1181.09853	-135.73185	81.79481	-1117.03067	-144.97870	65.80363	-1279.29847	44.38225	304.74903	-1197.00420	-183.69406	104.27056	-1157.93706	-148.19868	635.05267	-1169.86973	-81.14880	935.97456	-1482.46544	6.50961	166.29921	-1214.39293	17.82012	618.38641	-1306.07374	-101.28229	957.16959	-1306.06801	-65.87025	665.11867	-1101.50829	-212.46097	448.68516	-1286.41158	99.16120	436.85483	-1091.67984	-225.44541	232.92254	-1361.64256	108.88794	228.80463	
191	1.900	-1278.73027	-87.11447	764.37500	-1275.48503	-131.95761	675.70491	-1196.25263	-3.43681	325.40231	-1457.76427	47.71665	121.16913	-1444.93472	-21.00140	128.58058	-1426.56959	13.32215	81.56072	-1076.84295	-84.34197	377.52556	-1097.63796	-148.25215	336.97238	-1144.10193	-196.50093	72.96375	-1180.78782	-137.14663	82.98098	-1117.10677	-146.39840	65.81229	-1260.91643	43.43628	304.57454	-1196.56254	-185.22653	105.09545	-1148.76115	-150.64203	637.29521	-1160.15714	-82.32729	937.03649	-1465.28333	7.76202	168.36056	-1202.50105	15.91552	617.81965	-1296.59140	-101.94105	957.68959	-1295.57407	-65.38788	665.94184	-1096.51337	-217.47164	449.06009	-1270.14625	97.74215	436.80977	-1089.98120	-229.41524	231.82404	-1342.80166	108.83324	230.00472	
192	1.910	-1268.84680	-86.39650	765.75078	-1266.28532	-131.80786	678.38554	-1178.68586	-5.59641	327.25646	-1439.65252	48.97279	123.34973	-1427.22125	-20.01335	129.91297	-1408.74007	14.67579	83.27131	-1071.83737	-89.95548	378.02862	-1094.66820	-153.07829	337.70904	-1144.29005	-197.66738	73.07011	-1180.49927	-138.21301	84.29699	-1117.18615	-147.52303	66.00797	-1242.50331	42.27096	305.44269	-1196.26952	-186.38755	106.04840	-1140.06385	-153.21511	639.90561	-1150.58300	-83.22969	938.63747	-1447.31542	8.66833	170.06938	-1190.90368	13.95068	618.10487	-1287.16716	-102.36171	958.90788	-1285.39640	-64.94029	667.46631	-1092.19258	-222.30276	449.74080	-1253.74463	96.34097	437.67495	-1088.90652	-233.16487	231.09910	-1323.72047	108.56429	231.83951	
193	1.920	-1259.30755	-85.86736	767.79878	-1257.45497	-131.71648	681.42902	-1161.27362	-8.06709	330.32148	-1420.54237	49.97822	125.36072	-1408.35510	-19.25722	131.10609	-1389.43452	15.95162	85.16808	-1067.71325	-95.03648	378.72073	-1092.41134	-157.52130	338.68493	-1144.49977	-198.46324	73.39732	-1180.19905	-138.89844	85.65310	-1117.22448	-148.32484	66.33363	-1224.08117	40.90942	307.34184	-1196.09132	-187.13579	107.05930	-1131.80979	-155.86000	642.80792	-1141.12235	-83.86843	940.75097	-1428.62367	9.16494	171.44814	-1179.62119	11.97301	619.23914	-1277.77083	-102.58016	960.80075	-1275.52745	-64.53690	669.63873	-1088.41628	-226.75361	450.62365	-1237.26308	94.98664	439.43210	-1088.38516	-236.54683	230.70260	-1304.46243	108.07000	234.28745	
194	1.930	-1250.08432	-85.55996	770.45649	-1248.96008	-131.67875	684.74874	-1144.00894	-10.74973	334.52734	-1400.53112	50.67697	127.21637	-1388.43104	-18.78274	132.19708	-1368.78836	17.06658	87.25357	-1064.43449	-99.40204	379.50884	-1090.77405	-161.43327	339.80744	-1144.72386	-198.87829	73.89907	-1179.87971	-139.18689	86.98583	-1117.21028	-148.79611	66.74494	-1205.66419	39.38893	310.21802	-1196.01684	-187.44509	108.08425	-1123.95611	-158.51693	645.91978	-1131.74492	-84.26237	943.32610	-1409.26687	9.22492	172.54095	-1168.66446	10.02978	621.17629	-1268.37061	-102.63784	963.31698	-1265.95480	-64.17865	672.37745	-1085.05835	-230.67463	451.61436	-1220.76900	93.70677	442.02298	-1088.34832	-239.45362	230.59081	-1285.06999	107.35569	237.29683	
195	1.940	-1241.14230	-85.48755	773.63765	-1240.76433	-131.68137	688.25304	-1126.87761	-13.53435	339.76715	-1379.72011	51.03737	128.94334	-1367.56421	-18.61741	133.23978	-1346.96730	17.94857	89.53110	-1061.91459	-102.95553	380.32699	-1089.64572	-164.72350	341.00311	-1144.97029	-198.92358	74.54062	-1179.54552	-139.08235	88.25797	-1117.14980	-148.94881	67.20985	-1187.26148	37.75735	313.98280	-1196.04218	-187.31072	109.10270	-1116.45606	-161.12819	649.15735	-1122.41744	-84.43547	946.28958	-1389.30349	8.85877	173.41126	-1158.03452	8.16478	623.83100	-1258.93541	-102.57837	966.38063	-1256.66210	-63.85796	675.57783	-1082.00661	-233.97767	452.63568	-1204.33737	92.52666	445.35572	-1088.72337	-241.82563	230.72253	-1265.56736	106.44177	240.79428	
196	1.950	-1232.44328	-85.64288	777.23751	-1232.83126	-131.70353	691.84936	-1109.86300	-16.31056	345.90728	-1358.21325	51.05373	130.57891	-1345.88584	-18.76505	134.29941	-1324.15798	18.54348	92.00421	-1060.02467	-105.68998	381.13366	-1088.90580	-167.36359	342.21895	-1145.24736	-198.63153	75.29617	-1179.20071	-138.61102	89.45555	-1117.05430	-148.81340	67.70660	-1168.87917	36.06875	318.52265	-1196.15838	-186.75387	110.11202	-1109.26223	-163.64187	652.43980	-1113.10614	-84.41532	949.54949	-1368.79419	8.11062	174.13658	-1147.72243	6.41524	627.08551	-1249.43715	-102.44395	969.89527	-1247.62993	-63.55967	679.11876	-1079.16970	-236.63847	453.63171	-1188.04503	91.46831	449.31321	-1089.43026	-243.65347	231.05912	-1245.96442	105.36126	244.69389	
197	1.960	-1223.94843	-85.99935	781.13899	-1225.12603	-131.71874	695.44788	-1092.94991	-18.97693	352.79726	-1336.11501	50.74563	132.16692	-1323.53732	-19.20638	135.44473	-1300.55728	18.82042	94.67491	-1058.60615	-107.67982	381.90637	-1088.43135	-169.38462	343.42078	-1145.55370	-198.05417	76.14541	-1178.84187	-137.82121	90.58258	-1116.93093	-148.43637	68.22088	-1150.52219	34.37877	323.70855	-1196.34403	-185.82305	111.12099	-1102.32905	-166.01485	655.69292	-1103.77933	-84.23157	953.00025	-1347.80329	7.05134	174.80051	-1137.70971	4.80924	630.79840	-1239.85290	-102.27225	973.74941	-1238.83627	-63.26271	682.86980	-1076.48002	-238.69195	454.56863	-1171.96368	90.54926	453.76247	-1090.38063	-244.97460	231.56375	-1226.26171	104.15668	248.90575	
198	1.970	-1215.62052	-86.51384	785.21897	-1217.61625	-131.69718	698.96475	-1076.12778	-21.44830	360.27858	-1313.52838	50.15509	133.75208	-1300.66318	-19.90161	136.73890	-1276.36108	18.77475	97.54108	-1057.48590	-109.06308	382.63517	-1088.10401	-170.86736	344.58966	-1145.87356	-197.25942	77.07030	-1178.45491	-136.78070	91.65473	-1116.77804	-147.87657	68.74291	-1132.19609	32.74036	329.40473	-1196.56302	-184.59184	112.14331	-1095.61443	-168.21503	658.85196	-1094.40976	-83.91436	956.52849	-1326.39904	5.76964	175.48308	-1127.96906	3.36405	634.81426	-1230.16659	-102.09377	977.82238	-1230.25684	-62.94238	686.69836	-1073.89292	-240.22130	455.43247	-1156.15313	89.78152	458.56397	-1091.47963	-245.86492	232.20073	-1206.45603	102.87667	253.34262	
199	1.980	-1207.42539	-87.13095	789.35451	-1210.27219	-131.60833	702.32459	-1059.39304	-23.66052	368.19170	-1290.55260	49.34226	135.37337	-1277.40380	-20.79443	138.23038	-1251.75404	18.42857	100.59351	-1056.49221	-110.01740	383.31645	-1087.81592	-171.92747	345.71734	-1146.17733	-196.32531	78.05247	-1178.01610	-135.57144	92.69289	-1116.58440	-147.20042	69.26480	-1113.90926	31.20019	335.47594	-1196.76695	-183.15306	113.19201	-1089.08046	-170.22239	661.86327	-1084.97651	-83.49282	960.01935	-1304.65251	4.36270	176.25078	-1118.46562	2.08539	638.97357	-1220.37018	-101.93005	981.99060	-1221.86531	-62.57282	690.47642	-1071.38292	-241.34294	456.22463	-1140.65587	89.17069	463.58026	-1092.62997	-246.42667	232.93483	-1186.54630	101.57257	257.92423	
200	1.990	-1199.33277	-87.78812	793.42845	-1203.06635	-131.42353	705.46241	-1042.75081	-25.57263	376.38119	-1267.28120	48.37996	137.05768	-1253.88867	-21.81695	139.94519	-1226.90094	17.82861	103.81321	-1055.46921	-110.73393	383.94790	-1087.47411	-172.69816	346.80147	-1146.42603	-195.33306	79.07173	-1177.49613	-134.28229	93.71751	-1116.33168	-146.47633	69.77880	-1095.67515	29.79597	341.79266	-1196.90108	-181.60998	114.27540	-1082.69331	-172.02896	664.68505	-1075.46635	-82.99371	963.36263	-1282.63569	2.92754	177.14771	-1109.15865	0.96771	643.12189	-1210.46405	-101.79280	986.13345	-1213.63343	-62.12950	694.08639	-1068.93781	-242.18925	456.95612	-1125.49402	88.71553	468.68298	-1093.73749	-246.77451	233.73105	-1166.53895	100.29522	262.57921	
201	2.000	-1191.31647	-88.42106	797.33419	-1195.97258	-131.11837	708.32487	-1026.21596	-27.16685	384.69898	-1243.80018	47.34780	138.81480	-1230.23094	-22.89511	141.88168	-1201.94072	17.04186	107.16940	-1054.28816	-111.39281	384.52494	-1087.00342	-173.31299	347.84150	-1146.57837	-194.35959	80.10578	-1176.86590	-133.00070	94.74436	-1115.99899	-145.76887	70.27630	-1077.51428	28.55472	348.23416	-1196.91204	-180.06595	115.39488	-1076.42233	-173.63767	667.28720	-1065.87427	-82.44034	966.45839	-1260.41894	1.55367	178.18927	-1100.00352	-0.00434	647.11785	-1200.45687	-101.68392	990.13863	-1205.53123	-61.59148	697.42583	-1066.55205	-242.89165	457.64172	-1110.66918	88.40793	473.75802	-1094.71732	-247.02161	234.55475	-1146.45206	99.09192	267.24490	
202	2.010	-1183.35412	-88.96900	800.97944	-1188.96496	-130.67458	710.87095	-1009.81353	-28.44693	393.00610	-1220.18674	46.32618	140.63438	-1206.52394	-23.95410	144.00841	-1176.98336	16.14926	110.61866	-1052.85453	-112.14354	385.03895	-1086.34785	-173.89120	348.83552	-1146.59842	-193.47065	81.13083	-1176.10245	-131.80441	95.78199	-1115.56802	-145.13343	70.74773	-1059.45578	27.49190	354.68978	-1196.75579	-178.61392	116.54439	-1070.23871	-175.06044	669.65040	-1056.20342	-81.85173	969.22157	-1238.06856	0.31778	179.35901	-1090.95389	-0.85378	650.83929	-1190.36460	-101.59635	993.90655	-1197.52720	-60.94335	700.41082	-1064.22025	-243.56588	458.29467	-1096.16514	88.23323	478.70837	-1095.49974	-247.26759	235.37229	-1126.31755	98.00375	271.86547	
203	2.020	-1175.42651	-89.37919	804.28878	-1182.01662	-130.08141	713.07200	-993.57843	-29.43559	401.17323	-1196.50829	45.39079	142.48528	-1182.83997	-24.92348	146.26517	-1152.10986	15.23826	114.10508	-1051.11044	-113.09211	385.47696	-1085.47047	-174.52695	349.77843	-1146.46240	-192.71533	82.12313	-1175.19388	-130.75448	96.83090	-1115.02771	-144.61193	71.18318	-1041.53802	26.61099	361.05848	-1196.40405	-177.32737	117.71150	-1064.11394	-176.31552	671.76473	-1046.46421	-81.24210	971.58543	-1215.64472	-0.71961	180.60910	-1081.96388	-1.60836	654.18758	-1180.20907	-101.51562	997.35371	-1189.58850	-60.17647	702.97799	-1061.93162	-244.30115	458.92295	-1081.95278	88.17094	483.45475	-1096.03481	-247.58959	236.15206	-1106.18083	97.06318	276.38895	
204	2.030	-1167.51675	-89.61037	807.20512	-1175.09873	-129.33635	714.91127	-977.55442	-30.17138	409.08032	-1172.82201	44.60789	144.31711	-1159.23166	-25.74166	148.56698	-1127.37506	14.39457	117.56152	-1049.03283	-114.29534	385.82265	-1084.35201	-175.28320	350.66158	-1146.16313	-192.12282	83.06080	-1174.14226	-129.89039	97.88435	-1114.37744	-144.23013	71.57341	-1023.80843	25.90361	367.24743	-1195.84829	-176.25407	118.87953	-1058.01824	-177.42477	673.62799	-1036.67294	-80.62075	973.50355	-1193.20014	-1.51550	181.86409	-1072.98999	-2.29757	657.08979	-1170.01614	-101.42185	1000.41475	-1181.68129	-59.28973	705.08506	-1059.66607	-245.15411	459.52701	-1067.99654	88.19539	487.93413	-1096.29502	-248.03710	236.86594	-1086.09824	96.29222	280.76392	
205	2.040	-1159.60930	-89.63498	809.68993	-1168.17970	-128.44508	716.38304	-961.79257	-30.70561	416.61575	-1149.17506	44.03047	146.06358	-1135.73568	-26.35967	150.81018	-1102.81290	13.69418	120.91151	-1046.62816	-115.76213	386.05831	-1082.98812	-176.19028	351.47359	-1145.71145	-191.70167	83.92587	-1172.96404	-129.22811	98.93030	-1113.62813	-143.99687	71.91107	-1006.32253	25.34995	373.16993	-1195.10046	-175.41339	120.03034	-1051.91930	-178.41099	675.24386	-1026.84995	-79.99213	974.95051	-1170.78009	-2.04412	183.02724	-1063.99264	-2.94961	659.49885	-1159.81360	-101.29198	1003.04339	-1173.77098	-58.28948	706.71019	-1057.39211	-246.14763	460.09946	-1054.26113	88.27653	492.09660	-1096.27544	-248.63071	237.49082	-1066.13273	95.70093	284.93631	
206	2.050	-1151.68906	-89.43995	811.72250	-1161.22487	-127.42082	717.49130	-946.34921	-31.09928	423.67520	-1125.60558	43.69534	147.64701	-1112.37835	-26.74419	152.87980	-1078.44345	13.19588	124.07161	-1043.92483	-117.46002	386.16725	-1081.38560	-177.24834	352.20208	-1145.13450	-191.44154	84.70606	-1171.68814	-128.76091	99.95408	-1112.80133	-143.90510	72.19175	-989.14218	24.91947	378.74318	-1194.19056	-174.79728	121.14724	-1045.78140	-179.29565	676.62016	-1017.01761	-79.35624	975.92118	-1148.42357	-2.29557	183.98855	-1054.93702	-3.58892	661.39209	-1149.62904	-101.10201	1005.21205	-1165.82253	-57.18889	707.85016	-1055.06667	-247.27394	460.62616	-1040.71756	88.38059	495.90112	-1095.99113	-249.36436	238.01004	-1046.34861	95.28656	288.84701	
207	2.060	-1143.74039	-89.02635	813.29819	-1154.19649	-126.28315	718.24816	-931.28353	-31.42025	430.16057	-1102.14509	43.62107	148.98325	-1089.18288	-26.87971	154.65727	-1054.28115	12.93510	126.95397	-1040.96427	-119.32542	386.13620	-1079.55786	-178.43275	352.83578	-1144.47125	-191.31696	85.39599	-1170.35194	-128.46301	100.94137	-1111.92623	-143.93478	72.41474	-972.33345	24.57194	383.88637	-1193.16157	-174.37473	122.21773	-1039.56523	-180.09736	677.76719	-1007.19821	-78.70924	976.42895	-1126.16620	-2.27395	184.63339	-1045.79346	-4.23427	662.76830	-1139.48787	-100.82905	1006.91062	-1157.80068	-56.00667	708.51777	-1052.63644	-248.50097	461.08843	-1027.34717	88.47095	499.31102	-1095.47221	-250.21031	238.41460	-1026.80671	95.03317	292.43042	
208	2.070	-1135.74640	-88.40789	814.42606	-1147.05422	-125.05632	718.67207	-916.65518	-31.74054	435.97915	-1078.82240	43.80639	149.98652	-1066.17717	-26.77018	156.02765	-1030.34353	12.91953	129.46883	-1037.79171	-121.27573	385.95719	-1077.51972	-179.70130	353.36644	-1143.76622	-191.29260	85.99783	-1168.99594	-128.29501	101.88089	-1111.03551	-144.05677	72.58322	-955.96427	24.25901	388.51920	-1192.06250	-174.09856	123.23557	-1033.22811	-180.83103	678.69621	-997.41205	-78.04412	976.50292	-1104.04446	-1.99576	184.85084	-1036.53705	-4.89788	663.64376	-1129.41162	-100.45297	1008.14417	-1149.67016	-54.76539	708.73864	-1050.04053	-249.78058	461.46576	-1014.14341	88.50904	502.28996	-1094.75694	-251.12592	238.70358	-1007.56092	94.91187	295.61422	
209	2.080	-1127.68826	-87.60862	815.12592	-1139.75596	-123.76748	718.78590	-902.52189	-32.13358	441.04330	-1055.66932	44.22924	150.57362	-1043.40169	-26.43981	156.88569	-1006.65980	13.12682	131.52710	-1034.44743	-123.22166	385.62850	-1075.28227	-181.00213	353.79008	-1143.06250	-191.32899	86.52109	-1167.65792	-128.21057	102.76660	-1110.16041	-144.23753	72.70398	-940.10189	23.92622	392.56134	-1190.94081	-173.91353	124.20212	-1026.72496	-181.50775	679.41814	-987.67573	-77.35146	976.18458	-1082.10125	-1.48905	184.54078	-1027.14684	-5.58518	664.04781	-1119.41664	-99.95755	1008.93021	-1141.39598	-53.48959	708.54781	-1047.21384	-251.05739	461.73849	-1001.11114	88.45562	504.79901	-1093.88405	-252.06108	238.88395	-988.65706	94.88152	298.32035	
210	2.090	-1119.54478	-86.66020	815.42520	-1132.25902	-122.44487	718.61508	-888.93723	-32.67149	445.27077	-1032.72782	44.84630	150.66742	-1020.91651	-25.93307	157.14052	-983.27855	13.50495	133.04288	-1030.95894	-125.07838	385.15444	-1072.84796	-182.28130	354.10717	-1142.39499	-191.38809	86.98171	-1166.36724	-128.16317	103.59899	-1109.32598	-144.44372	72.78655	-924.81050	23.51558	395.93283	-1189.83498	-173.76459	125.12675	-1020.00955	-182.13529	679.94236	-978.00091	-76.62027	975.52407	-1060.39211	-0.79335	183.61949	-1017.60478	-6.29555	664.01836	-1109.51323	-99.33117	1009.29545	-1132.94369	-52.20393	707.98638	-1044.09081	-252.27701	461.88982	-988.26386	88.27234	506.79539	-1092.88497	-252.96555	238.96937	-970.13448	94.89003	300.46716	
211	2.100	-1111.29221	-85.59897	815.35577	-1124.52153	-121.11630	718.18577	-875.94848	-33.42207	448.58588	-1010.05807	45.59361	150.19952	-998.80672	-25.31370	156.71884	-960.27410	13.97523	133.93631	-1027.33480	-126.77469	384.54395	-1070.20668	-183.48932	354.32167	-1141.78498	-191.43790	87.40041	-1165.14010	-128.11213	104.38543	-1108.54707	-144.64616	72.84192	-910.14898	22.96879	398.55561	-1188.76834	-173.60404	126.02634	-1013.03619	-182.71909	680.27562	-968.39347	-75.83874	974.57630	-1038.99144	0.03964	182.02337	-1007.89473	-7.02353	663.59766	-1099.70527	-98.56687	1009.27258	-1124.27998	-50.93166	707.09844	-1040.60900	-253.39285	461.90694	-975.61954	87.92358	508.23308	-1091.77722	-253.79523	238.97824	-952.03003	94.87636	301.97262	
212	2.110	-1102.90435	-84.46327	814.95099	-1116.50399	-119.80808	717.52318	-863.59475	-34.44567	450.92163	-987.74627	46.38850	149.11241	-977.18566	-24.66214	155.56712	-937.75058	14.43829	134.13677	-1023.56032	-128.25939	383.80805	-1067.33307	-184.58603	354.43898	-1141.23636	-191.45565	87.80056	-1163.97606	-128.02725	105.13949	-1107.82563	-144.82285	72.88089	-896.16883	22.23095	400.35622	-1187.74462	-173.39695	126.92389	-1005.76147	-183.26333	680.42116	-958.85311	-74.99497	973.39733	-1017.99776	0.94539	179.71101	-998.00169	-7.76040	662.82892	-1089.99033	-97.66212	1008.89712	-1115.37338	-49.69354	705.92850	-1036.71216	-254.37088	461.78114	-963.19602	87.37852	509.06523	-1090.55932	-254.51681	238.93098	-934.38391	94.77328	302.75848	
213	2.120	-1094.35297	-83.29112	814.24325	-1108.17096	-118.54446	716.65022	-851.90518	-35.79170	452.22291	-965.91099	47.13366	147.36136	-956.19521	-24.07125	153.65296	-915.84336	14.78259	133.58664	-1019.59562	-129.50468	382.95663	-1064.18533	-185.54363	354.46314	-1140.73409	-191.42940	88.20581	-1162.85637	-127.89155	105.87946	-1107.14957	-144.96055	72.91239	-882.91230	21.25461	401.26987	-1186.74552	-173.12416	127.84658	-998.14605	-183.77204	680.37796	-949.37346	-74.07770	972.04109	-997.53706	1.84682	176.66405	-987.91166	-8.49590	661.75381	-1080.36023	-96.61826	1008.20467	-1106.19545	-48.50749	704.51955	-1032.35242	-255.19225	461.50691	-951.00682	86.61334	509.24823	-1089.20813	-255.11057	238.84701	-917.24616	94.51124	302.75528	
214	2.130	-1085.60861	-82.11860	813.26221	-1099.49272	-117.34771	715.58655	-840.89736	-37.49496	452.45060	-944.70655	47.72345	144.91654	-936.00296	-23.63978	150.96635	-894.71701	14.89530	132.24568	-1015.37605	-130.50671	381.99499	-1060.70575	-186.34781	354.39361	-1140.24444	-191.35799	88.63768	-1161.74387	-127.70178	106.62614	-1106.49319	-145.05497	72.94177	-870.41085	20.00417	401.24549	-1185.73048	-172.78284	128.82313	-990.15624	-184.24994	680.14024	-939.94262	-73.07693	970.55672	-977.76330	2.65640	172.88740	-977.61223	-9.21973	660.41116	-1070.80186	-95.43981	1007.22881	-1096.72223	-47.38884	702.91191	-1027.49162	-255.85371	461.08033	-939.05833	85.61348	508.74687	-1087.67840	-255.57108	238.74159	-900.68250	94.02331	301.90790	
215	2.140	-1076.64174	-80.97898	812.03373	-1090.44687	-116.23873	714.34808	-830.57604	-39.57169	451.58669	-924.32214	48.05282	141.76573	-916.79592	-23.46377	147.52111	-874.55974	14.67458	130.09590	-1010.81513	-131.28371	380.92054	-1056.82300	-186.99727	354.22236	-1139.71713	-191.24957	89.11353	-1160.58463	-127.46716	107.40037	-1105.81909	-145.10979	72.96950	-858.68384	18.46035	400.25187	-1184.63828	-172.38467	129.88120	-981.76541	-184.70281	679.69731	-930.54400	-71.98452	968.98656	-958.85527	3.28110	168.40930	-967.09386	-9.92261	658.83681	-1061.29841	-94.13386	1005.99968	-1086.93604	-46.35125	701.14275	-1022.10186	-256.36628	460.49714	-927.34883	84.37583	507.54021	-1085.90485	-255.90614	238.62313	-884.77801	93.25151	300.18153	
216	2.150	-1067.42428	-79.90260	810.57981	-1081.01970	-115.23800	712.94710	-820.93219	-42.01565	449.63978	-904.97563	48.02844	137.91763	-898.77098	-23.62602	143.35665	-855.57397	14.04226	127.14645	-1005.80983	-131.87217	379.72044	-1052.45611	-187.50194	353.93168	-1139.08867	-191.11898	89.64500	-1159.31072	-127.20625	108.22053	-1105.08106	-145.13462	72.99038	-847.73768	16.62431	398.28421	-1183.39022	-171.95207	131.04472	-972.95494	-185.13743	679.03387	-921.15759	-70.79467	967.36510	-941.00939	3.63035	163.28185	-956.35195	-10.59691	657.06448	-1051.83068	-92.70971	1004.54345	-1076.82737	-45.40812	699.24648	-1016.16522	-256.75242	459.75084	-915.86985	82.91084	505.62753	-1083.80639	-256.13422	238.49119	-869.63737	92.15416	297.56771	
217	2.160	-1057.93131	-78.91739	808.91925	-1071.20726	-114.36675	711.39306	-811.94280	-44.79440	446.65068	-886.90170	47.58125	133.40587	-882.12263	-24.18454	138.53998	-837.96366	12.95562	123.43812	-1000.24771	-132.32190	378.37039	-1047.51963	-187.88032	353.49327	-1138.28643	-190.98452	90.23720	-1157.84395	-126.94287	109.10040	-1104.22750	-145.14255	72.99342	-837.56543	14.52137	395.37058	-1181.89438	-171.51315	132.33166	-963.71492	-185.56095	678.13090	-911.76142	-69.50445	965.71864	-924.42834	3.62713	157.58193	-945.38925	-11.23664	655.12753	-1042.37847	-91.17874	1002.88255	-1066.39684	-44.57409	697.25574	-1009.67307	-257.04220	458.83134	-904.60944	81.24447	503.03370	-1081.29190	-256.28092	238.33563	-855.38059	90.71376	294.08992	
218	2.170	-1048.14301	-78.04983	807.06919	-1061.01611	-113.64798	709.69392	-803.57139	-47.84633	442.69712	-870.33446	46.67911	128.29299	-867.02863	-25.16133	133.16739	-821.91908	11.41669	119.04647	-994.01543	-132.69032	376.83534	-1041.92968	-188.15639	352.86908	-1137.23293	-190.86453	90.88875	-1156.09989	-126.70154	110.04770	-1103.20481	-145.14756	72.96269	-828.14702	12.20351	391.57735	-1180.05039	-171.09630	133.75251	-954.04440	-185.97983	676.96719	-902.33319	-68.11410	964.06590	-909.30609	3.22104	151.41239	-934.21833	-11.83691	653.06108	-1032.92204	-89.55462	1001.03670	-1055.65675	-43.86668	695.20284	-1002.62475	-257.26906	457.72438	-893.55725	79.41973	499.81349	-1078.26702	-256.37495	238.13716	-842.13404	88.94464	289.80838	
219	2.180	-1038.04650	-77.32610	805.04720	-1050.46350	-113.10711	707.85804	-795.76957	-51.07893	437.89666	-855.48596	45.33773	122.67370	-853.63496	-26.53294	127.36507	-807.60039	9.47764	114.08275	-987.00792	-133.03669	375.07213	-1035.61013	-188.35643	352.01394	-1135.84959	-190.77437	91.59282	-1153.99193	-126.50335	111.06358	-1101.96020	-145.16226	72.87909	-819.45017	9.75039	387.01264	-1177.75431	-170.72514	135.30951	-943.95135	-186.39854	675.52147	-892.85193	-66.62740	962.41927	-895.81047	2.40185	144.90261	-922.86383	-12.39304	650.90438	-1023.44335	-87.85378	999.02458	-1044.63215	-43.30729	693.12152	-995.02606	-257.46552	456.41213	-882.71041	77.49752	496.05407	-1074.64096	-256.44423	237.86944	-830.01711	86.89883	284.82299	
220	2.190	-1027.63756	-76.77308	802.87365	-1039.57704	-112.77201	705.89639	-788.47974	-54.36913	432.40690	-842.52276	43.62771	116.67605	-842.04151	-28.22499	121.28773	-795.12186	7.24084	108.69175	-979.13733	-133.41630	373.03421	-1028.49842	-188.50587	350.87999	-1134.05982	-190.72429	92.33900	-1151.43488	-126.36276	112.14311	-1100.44340	-145.19638	72.72304	-811.43230	7.26823	381.82664	-1174.90330	-170.41480	136.99702	-933.45238	-186.81818	673.77523	-883.29968	-65.05186	960.78667	-884.06504	1.21105	138.20773	-911.36377	-12.89954	648.70261	-1013.92728	-86.09600	996.86579	-1033.36110	-42.92164	691.04859	-986.88742	-257.65912	454.87497	-872.07931	75.55642	491.87529	-1070.33252	-256.51251	237.50250	-819.12629	84.66889	279.27380	
221	2.200	-1016.92202	-76.41876	800.57416	-1028.39387	-112.67217	703.82485	-781.63897	-57.56647	426.42179	-831.54364	41.67568	110.45933	-832.29028	-30.11216	115.11415	-784.53854	4.85287	103.04596	-970.34079	-133.87511	370.67822	-1020.55010	-188.62655	349.42254	-1131.79088	-190.71842	93.11596	-1148.34804	-126.28584	113.27690	-1098.60708	-145.25610	72.47795	-804.04335	4.88600	376.20799	-1171.39976	-170.16998	138.80280	-922.57223	-187.23530	671.71600	-873.66293	-63.39887	959.17380	-874.13270	-0.25130	131.50512	-899.76981	-13.34911	646.50800	-1004.36249	-84.30491	994.58297	-1021.89383	-42.73926	689.02515	-978.22186	-257.86926	453.09441	-861.69206	73.69084	487.42706	-1065.27458	-256.59683	237.00741	-809.51895	82.38624	273.33776	
222	2.210	-1005.91659	-76.29203	798.18162	-1016.95923	-112.83696	701.66625	-775.18387	-60.49960	420.16367	-822.56224	39.65771	104.20758	-824.35784	-32.02525	109.03924	-775.83757	2.49249	97.33593	-960.58626	-134.44480	367.97172	-1011.74182	-188.73426	347.60671	-1128.97493	-190.75519	93.91451	-1144.65767	-126.27025	114.45350	-1096.40591	-145.34433	72.13409	-797.22969	2.74872	370.37554	-1167.15511	-169.98517	140.71020	-911.34316	-187.64113	669.34080	-863.93383	-61.68370	957.58652	-866.00389	-1.82724	124.98734	-888.14601	-13.73211	644.37971	-994.74209	-82.50831	992.20373	-1010.29095	-42.79185	687.09710	-969.04297	-258.10484	451.05694	-851.59674	72.00721	482.88356	-1059.41647	-256.70603	236.36145	-801.20019	80.21400	267.22097	
223	2.220	-994.64917	-76.42142	795.73754	-1005.32467	-113.29309	699.45183	-769.05601	-62.98662	413.87095	-815.49837	37.78439	98.11840	-818.15353	-33.76551	103.26250	-768.93558	0.35323	91.75748	-949.87566	-135.13872	364.90124	-1002.07227	-188.83696	345.41420	-1125.54918	-190.82883	94.73085	-1140.29879	-126.30669	115.66242	-1093.79437	-145.46184	71.69255	-790.93894	1.00775	364.56554	-1162.09318	-169.84687	142.70098	-899.80430	-188.02148	666.65955	-854.11097	-59.92540	956.03299	-859.59180	-3.31120	118.85130	-876.56615	-14.03644	642.38236	-985.06399	-80.73793	989.76202	-998.62048	-43.11065	685.31474	-959.36287	-258.36320	448.75844	-841.86044	70.61775	478.43402	-1052.72412	-256.84031	235.55317	-794.11589	78.33444	261.14616	
224	2.230	-983.15829	-76.83300	793.29235	-993.54586	-114.06141	697.22191	-763.20741	-64.84892	407.78194	-810.18076	36.27823	92.38771	-813.52428	-35.12568	97.97351	-763.68338	-1.37740	86.49697	-938.24493	-135.94888	361.47959	-991.56114	-188.93356	342.84913	-1121.45574	-190.93165	95.56931	-1135.21659	-126.38139	116.89711	-1090.72381	-145.60878	71.16852	-785.12525	-0.19148	359.01495	-1156.15345	-169.73706	144.75834	-888.00096	-188.35740	663.69791	-844.19972	-58.14651	954.52549	-854.73672	-4.47051	113.28374	-865.10960	-14.24824	640.58308	-975.33091	-79.02869	987.29886	-986.95408	-43.72297	683.73125	-949.19059	-258.63021	446.20847	-832.56513	69.63182	474.27026	-1045.17860	-256.99174	234.58666	-788.15479	76.93163	255.33581	
225	2.240	-971.49195	-77.54747	790.90452	-981.68027	-115.15350	695.02548	-757.60502	-65.92780	402.11667	-806.36269	35.34582	87.19210	-810.26607	-35.91541	93.33629	-759.87778	-2.53940	81.71651	-925.76092	-136.84451	357.75110	-980.24630	-189.01335	339.94223	-1116.64157	-191.05642	96.44437	-1129.36733	-126.47918	118.15743	-1087.13919	-145.78644	70.59352	-779.75442	-0.72340	353.94256	-1149.29397	-169.63727	146.86964	-875.98383	-188.62659	660.49921	-834.21202	-56.37257	953.08159	-851.22001	-5.07480	108.44497	-853.85621	-14.35313	639.04744	-965.55019	-77.41723	984.86199	-975.36276	-44.64833	682.40008	-938.53116	-258.88168	443.43391	-823.80046	69.14540	470.57194	-1036.77343	-257.14550	233.48438	-783.16080	76.17119	249.99294	
226	2.250	-959.70572	-78.57690	788.63840	-969.78489	-116.56854	692.91867	-752.23357	-66.10235	397.05870	-803.74912	35.14853	82.67183	-808.14091	-35.98770	89.47447	-757.27949	-3.01974	77.54124	-912.51534	-137.77263	353.79388	-968.17960	-189.05640	336.75262	-1111.05871	-191.19829	97.38121	-1122.71886	-126.58613	119.45103	-1082.97627	-145.99840	70.01578	-774.80795	-0.49664	349.53018	-1141.49399	-169.53204	149.02843	-863.80818	-188.80559	657.12506	-824.16570	-54.63152	951.72442	-848.78642	-4.93060	104.45281	-842.88071	-14.33810	637.83446	-955.73319	-75.93988	982.50477	-963.91248	-45.89459	681.37166	-927.38552	-259.08569	440.48125	-815.65444	69.22950	467.49092	-1027.51190	-257.28155	232.28803	-778.95477	76.17956	245.28224	
227	2.260	-947.86026	-79.92146	786.56098	-957.91421	-118.29098	690.96206	-747.09597	-65.30642	392.73981	-802.03139	35.77668	78.91733	-806.89709	-35.26217	86.45995	-755.63465	-2.76653	74.05072	-898.61664	-138.66072	349.71835	-955.42200	-189.03456	333.36662	-1104.66485	-191.35569	98.41463	-1115.25053	-126.69133	120.79324	-1078.15962	-146.25104	69.49850	-770.28468	0.53296	345.90670	-1132.75565	-169.41100	151.23509	-851.53280	-188.87245	653.65426	-814.08322	-52.95274	950.48214	-847.17139	-3.91549	101.37013	-832.24727	-14.19359	636.99159	-945.89455	-74.63010	980.28394	-952.66023	-47.45497	680.68958	-915.75150	-259.20569	437.41696	-808.20331	69.91921	465.13681	-1017.40475	-257.37643	231.05727	-775.36230	77.02570	241.31516	
228	2.270	-936.01853	-81.56696	784.73778	-946.11852	-120.28959	689.21725	-742.21103	-63.54206	389.23009	-800.92324	37.23183	75.96228	-806.28986	-33.74092	84.30713	-754.69687	-1.79615	71.27560	-884.18062	-139.42192	345.66192	-942.03850	-188.91353	329.89367	-1097.42416	-191.52989	99.58595	-1106.95248	-126.78739	122.20514	-1072.60231	-146.55282	69.11576	-766.19946	2.35265	343.13776	-1123.10410	-169.26917	153.49605	-839.21886	-188.80954	650.18001	-803.99014	-51.36603	949.38645	-846.12861	-2.00521	99.19853	-822.00501	-13.91563	636.55019	-936.05123	-73.51582	978.25681	-941.65103	-49.30623	680.38680	-903.62587	-259.20401	434.32557	-801.50192	71.20526	463.56619	-1006.46907	-257.40508	229.86640	-772.24181	78.70815	238.14205	
229	2.280	-924.24286	-83.48339	783.22843	-934.44288	-122.51825	687.74275	-737.60855	-60.88674	386.53560	-800.19092	39.42115	73.78460	-806.09921	-31.51381	82.97397	-754.24626	-0.19200	69.19996	-869.32108	-139.96235	341.78009	-928.09360	-188.65564	326.45958	-1089.30786	-191.72338	100.93831	-1097.82408	-126.86958	123.71022	-1066.20732	-146.91255	68.94622	-762.57810	4.88809	341.22300	-1112.58552	-169.10531	155.82138	-826.92843	-188.60628	646.80533	-793.91326	-49.90037	948.47043	-845.45245	0.71253	97.88012	-812.18485	-13.50753	636.52230	-926.22139	-72.61682	976.47797	-930.91621	-51.40886	680.48256	-891.00701	-259.04539	431.30564	-795.57587	73.02989	462.77773	-994.72799	-257.34242	228.79930	-769.50603	81.14981	235.75290	
230	2.290	-912.59219	-85.62526	782.08239	-922.92646	-124.91857	686.58985	-733.32257	-57.49239	384.60395	-799.67156	42.16531	72.31528	-806.14239	-28.75146	82.36996	-754.10277	1.90476	67.76864	-854.14159	-140.19018	338.23527	-913.64779	-188.22344	323.19778	-1080.29434	-191.93737	102.51049	-1087.87172	-126.93404	125.32977	-1058.87111	-147.33670	69.06544	-759.44891	8.00514	340.10152	-1101.26249	-168.91916	158.22104	-814.72280	-188.26114	643.63710	-783.87869	-48.58265	947.76580	-844.99143	4.04137	97.30755	-802.79825	-12.98091	636.89923	-916.42324	-71.94265	974.99590	-920.47316	-53.70921	680.98015	-877.89830	-258.70041	428.46380	-790.41630	75.28850	462.71423	-982.21100	-257.16480	227.94311	-767.13103	84.20195	234.08641	
231	2.300	-901.11971	-87.93350	781.33527	-911.60256	-127.42418	685.79869	-729.38361	-53.57485	383.33718	-799.27688	45.21939	71.45292	-806.27982	-25.68639	82.36970	-754.13220	4.31129	66.89800	-838.72918	-140.02553	335.18455	-898.75523	-187.58382	320.23988	-1070.36852	-192.16904	104.33050	-1077.10592	-126.97555	127.07817	-1050.48909	-147.82639	69.53759	-756.83209	11.51887	339.66476	-1089.20702	-168.70831	160.70045	-802.66063	-187.78283	640.77921	-773.91006	-47.43633	947.29994	-844.65057	7.69766	97.34052	-793.83786	-12.35573	637.65230	-906.67382	-71.49134	973.84988	-910.32641	-56.14364	681.86613	-864.31129	-258.14852	425.90770	-785.97802	77.83753	463.27177	-968.95418	-256.85136	227.38133	-765.14967	87.65750	233.04524	
232	2.310	-889.87107	-90.33921	781.00637	-900.49883	-129.96618	685.39524	-725.81104	-49.39454	382.60923	-798.98283	48.30374	71.08109	-806.41442	-22.58498	82.82970	-754.24493	6.82381	66.48828	-823.15053	-139.41010	332.76825	-883.46278	-186.71224	317.70639	-1059.52069	-192.40935	106.40970	-1065.53839	-126.98571	128.95878	-1040.96264	-148.37460	70.40804	-754.72863	15.20934	339.77435	-1076.49187	-168.46581	163.25632	-790.79602	-187.19030	638.32544	-764.02690	-46.48029	947.09301	-844.38383	11.34677	97.82564	-785.27984	-11.65945	638.73554	-896.98787	-71.24928	973.06743	-900.46995	-58.64405	683.11088	-850.26858	-257.38073	423.73870	-782.18111	80.50776	464.31434	-954.99985	-256.38541	227.18704	-763.63096	91.27213	232.51380	
233	2.320	-878.88327	-92.76852	781.09741	-889.63775	-132.47898	685.38914	-722.60668	-45.23014	382.28468	-798.80910	51.13992	71.08472	-806.48596	-19.71446	83.60567	-754.38890	9.24024	66.43552	-807.45066	-138.31521	331.10050	-867.80990	-185.59684	315.69905	-1047.74513	-192.64192	108.73888	-1053.17936	-126.95191	130.96141	-1030.20690	-148.96437	71.69782	-753.11122	18.84272	340.28155	-1063.18163	-168.17916	165.87360	-779.17663	-186.51153	636.35291	-754.24354	-45.72797	947.15545	-844.17927	14.64838	98.61588	-777.08743	-10.92514	640.09009	-887.37688	-71.19216	972.66268	-890.89008	-61.14405	684.67049	-835.80562	-256.40165	422.04528	-778.91593	83.12141	465.69142	-940.39523	-255.75590	227.41693	-762.65037	94.79040	232.37522	
234	2.330	-868.18416	-95.14817	781.59269	-879.03712	-134.90559	685.77287	-719.75042	-41.34894	382.23537	-798.79402	53.48595	71.36301	-806.46231	-17.30988	84.56753	-754.53891	11.38188	66.64156	-791.65388	-136.74722	330.26309	-851.82936	-184.24164	314.29528	-1035.03896	-192.84326	111.28693	-1040.03570	-126.85758	133.06205	-1018.15823	-149.56842	73.40119	-751.91937	22.19521	341.04504	-1049.32506	-167.83116	168.52436	-767.84210	-185.78142	634.91674	-744.56836	-45.18684	947.48605	-844.04150	17.30293	99.58616	-769.21523	-10.18910	641.64944	-877.84833	-71.28726	972.63550	-881.56853	-63.58480	686.48961	-820.97110	-255.23089	420.89785	-776.05129	85.51043	467.25560	-925.19024	-254.95886	228.10691	-762.25878	97.97349	232.52463	
235	2.340	-857.79255	-97.41109	782.46053	-868.71039	-137.20167	686.52214	-717.19869	-37.97824	382.35226	-798.97068	55.16557	71.83693	-806.32990	-15.54635	85.61025	-754.68504	13.11134	67.02120	-775.76649	-134.74940	330.30292	-835.54795	-182.66851	313.54549	-1021.40177	-192.98461	114.00277	-1026.11015	-126.68353	135.22497	-1004.78031	-150.15055	75.48656	-751.06017	25.07637	341.94425	-1034.95017	-167.40219	171.16910	-756.82278	-185.03882	634.04654	-735.00366	-44.85826	948.07099	-843.97526	19.09132	100.64299	-761.61349	-9.48809	643.34499	-868.40530	-71.49654	972.97168	-872.48530	-65.91956	688.50505	-805.82576	-253.90339	420.34544	-773.44491	87.53337	468.87749	-909.43476	-253.99875	229.26949	-762.45734	100.62466	232.87748	
236	2.350	-847.71862	-99.50117	783.65564	-858.66691	-139.33773	687.59739	-714.88604	-35.28218	382.55157	-799.34884	56.08692	72.45122	-806.08519	-14.52046	86.65941	-754.82228	14.34448	67.50597	-759.78063	-132.39993	331.23287	-818.98731	-180.91751	313.47299	-1006.83625	-193.03484	116.82012	-1011.40178	-126.41024	137.40666	-990.06783	-150.66883	77.90061	-750.41480	27.34852	342.88698	-1020.06299	-166.87346	173.76018	-746.13909	-184.32338	633.74477	-725.54593	-44.73795	948.88371	-843.97351	19.90134	101.72747	-754.23198	-8.85653	645.11093	-859.04631	-71.78047	973.64393	-863.62092	-68.11636	690.64946	-790.43958	-252.46857	420.41443	-770.95489	89.08841	470.45605	-893.17592	-252.88938	230.89360	-763.18386	102.60928	233.37247	
237	2.360	-837.96464	-101.37685	785.12223	-848.91194	-141.29938	688.94619	-712.72965	-33.34746	382.77530	-799.90561	56.24851	73.17178	-805.72838	-14.24340	87.67169	-754.94301	15.05516	68.04502	-743.67891	-129.80625	333.03539	-802.16466	-179.04531	314.07622	-991.34949	-192.96414	119.66421	-995.90727	-126.02060	139.56078	-974.04696	-151.08031	80.57468	-749.84971	28.93907	343.81123	-1004.65010	-166.23024	176.24662	-735.80132	-183.67231	633.98739	-716.18664	-44.81681	949.88591	-844.01168	19.73704	102.81242	-747.02303	-8.32411	646.88826	-849.76557	-72.10198	974.61357	-854.95793	-70.15860	692.85503	-774.88783	-250.98790	421.10911	-768.45092	90.12104	471.92343	-876.45628	-251.65428	232.94646	-764.31303	103.86649	233.97004	
238	2.370	-828.52569	-103.01318	786.79739	-839.44658	-143.08574	690.50622	-710.63635	-32.18004	382.98772	-800.58509	55.73209	73.98009	-805.25974	-14.64616	88.63096	-755.03302	15.27252	68.60362	-727.43936	-127.09662	335.66777	-785.09375	-177.12195	315.33250	-974.95485	-192.74795	122.45937	-979.62267	-125.50253	141.64278	-956.77253	-151.34680	83.43227	-749.22995	29.84400	344.68232	-988.68403	-165.46436	178.57909	-725.81006	-183.11767	634.72618	-706.91317	-45.08214	951.02935	-844.04802	18.71048	103.89538	-739.94355	-7.91380	648.62730	-840.55354	-72.43019	975.83277	-846.48149	-72.04360	695.05666	-759.24677	-249.53111	422.41368	-765.82337	90.62557	473.24449	-859.31327	-250.32637	235.37766	-765.66930	104.41117	234.64775	
239	2.380	-819.39037	-104.40222	788.61448	-830.26759	-144.70654	692.20860	-708.51110	-31.71260	383.16966	-801.30599	54.68472	74.86654	-804.67841	-15.59498	89.54162	-755.07107	15.07188	69.16011	-711.04045	-124.40986	339.06801	-767.78647	-175.22619	317.20265	-957.67333	-192.37060	125.13576	-962.54481	-124.85130	143.61317	-938.32207	-151.44093	86.39595	-748.43233	30.12249	345.48703	-972.13036	-164.57533	180.71394	-716.15690	-182.68419	635.89258	-697.71003	-45.51905	952.25851	-844.02903	17.01854	104.98950	-732.95605	-7.64063	650.28890	-831.39769	-72.74341	977.24712	-838.17928	-73.77965	697.19457	-743.58970	-248.17124	424.29523	-762.98908	90.64106	474.41203	-841.78023	-248.94689	238.12458	-767.04888	104.32612	235.39403	
240	2.390	-810.54137	-105.55198	790.50635	-821.36714	-146.17852	693.98120	-706.26573	-31.82098	383.31217	-801.97416	53.29378	75.82425	-803.98318	-16.91392	90.42050	-755.03116	14.56099	69.70227	-694.46615	-121.88475	343.16052	-750.25532	-173.43990	319.63559	-939.53404	-191.82839	127.63423	-944.67210	-124.07121	145.43858	-918.78762	-151.35172	89.39273	-747.35612	29.88374	346.22649	-954.95477	-163.57040	182.61511	-706.82549	-182.38796	637.40249	-688.56002	-46.11203	953.51375	-843.89771	14.91003	106.11440	-726.02883	-7.51108	651.84446	-822.28339	-73.03117	978.79831	-830.04070	-75.38229	699.21625	-727.98434	-246.97905	426.70698	-759.89316	90.24257	475.43926	-823.88866	-247.56368	241.11854	-768.24577	103.74614	236.20175	
241	2.400	-801.95613	-106.48413	792.40815	-812.73260	-147.52182	695.75177	-703.82679	-32.34614	383.41120	-802.49706	51.75945	76.84447	-803.17420	-18.41025	91.28919	-754.88650	13.86408	70.22375	-677.71058	-119.65012	347.86083	-732.51686	-171.84228	322.57218	-920.57305	-191.13177	129.90842	-926.00445	-123.17666	147.09059	-898.26640	-151.08860	92.35720	-745.92979	29.26898	346.90928	-937.12875	-162.46374	184.25365	-697.79261	-182.23591	639.16163	-679.44536	-46.84633	954.73478	-843.60246	12.64925	107.28845	-719.13539	-7.52325	653.27489	-813.19490	-73.29505	980.42673	-822.05566	-76.87046	701.07758	-712.49190	-246.01761	429.59125	-756.50697	89.52949	476.35114	-805.67114	-246.22899	244.29056	-769.07678	102.83687	237.06301	
242	2.410	-793.60723	-107.23100	794.25958	-804.34617	-148.75682	697.45068	-701.14128	-33.11768	383.46355	-802.79680	50.26934	77.91391	-802.25492	-19.89865	92.16751	-754.61385	13.10613	70.72106	-660.78222	-117.81649	353.07910	-714.59575	-170.50423	325.94799	-900.83063	-190.30648	131.92382	-906.54273	-122.19277	148.54267	-876.85172	-150.68318	95.23213	-744.11365	28.43185	347.54580	-918.63302	-161.27579	185.60481	-689.02911	-182.22611	641.07090	-670.34860	-47.70917	955.86404	-843.10471	10.48232	108.52330	-712.25349	-7.66767	654.56911	-804.11630	-73.54829	982.07395	-814.21304	-78.26321	702.74339	-697.16768	-245.33770	432.88174	-752.82332	88.61271	477.17628	-787.16411	-244.99685	247.57572	-769.40127	101.77226	237.96563	
243	2.420	-785.46303	-107.83219	796.00666	-796.18461	-149.90192	699.01330	-698.17967	-33.97494	383.46471	-802.81981	48.97866	79.01418	-801.23350	-21.22071	93.06918	-754.19737	12.39956	71.19146	-643.70738	-116.46960	358.72207	-696.52883	-169.48347	329.69456	-880.34723	-189.39352	133.65453	-886.28822	-121.15550	149.76625	-854.62548	-150.18834	97.96721	-741.89861	27.52019	348.14436	-899.45860	-160.03325	186.64366	-680.50077	-182.34867	643.03143	-661.25341	-48.69055	956.84979	-842.38389	8.61097	109.82107	-705.36387	-7.92858	655.72221	-795.03234	-73.81437	983.68477	-806.49922	-79.57726	704.18739	-682.06276	-244.97435	436.50482	-748.85023	87.60255	477.94030	-768.40951	-243.92038	250.91529	-769.13308	100.71420	238.89176	
244	2.430	-777.48824	-108.33116	797.60292	-788.21886	-150.97235	700.38179	-694.93583	-34.78279	383.40801	-802.54172	47.99818	80.12268	-800.12335	-22.25773	93.99966	-753.63122	11.83464	71.63166	-626.53240	-115.66594	364.69362	-678.36824	-168.82065	333.73925	-859.15896	-188.44816	135.07858	-865.24273	-120.11151	150.72688	-831.65332	-149.67459	100.51655	-739.30193	26.66178	348.70917	-879.60592	-158.77017	187.34022	-672.16875	-182.58716	644.94910	-652.14501	-49.78378	957.64861	-841.43928	7.17682	111.17389	-698.44898	-8.28560	656.73367	-785.92908	-74.12468	985.20897	-798.89666	-80.82579	705.39153	-667.22578	-244.94481	440.37999	-744.60489	86.59873	478.66151	-749.45476	-243.04903	254.25638	-768.24386	99.79697	239.81848	
245	2.440	-769.64461	-108.77227	799.00998	-780.41379	-151.97992	701.50648	-691.42387	-35.44069	383.28496	-801.96743	47.39020	81.21453	-798.94248	-22.93612	94.95610	-752.92046	11.47437	72.03742	-609.32448	-115.43003	370.89404	-660.18303	-168.53672	338.00400	-837.29401	-187.53781	136.17303	-843.41008	-119.11761	151.38154	-807.98333	-149.22429	102.83581	-736.36107	25.95531	349.23978	-859.08306	-157.52982	187.65551	-663.98991	-182.92028	646.73825	-643.01053	-50.98552	958.22721	-840.28869	6.25649	112.56543	-691.49174	-8.71560	657.60565	-776.79444	-74.51567	986.60248	-791.38281	-82.01821	706.34504	-652.70375	-245.24782	444.41974	-740.10874	85.68337	479.34898	-730.35074	-242.42598	257.54922	-766.75851	99.11820	240.71969	
246	2.450	-761.89170	-109.19824	800.19762	-772.72807	-152.93364	702.34666	-687.67266	-35.88475	383.08608	-801.12720	47.17173	82.26500	-797.71204	-23.22622	95.92880	-752.08060	11.35342	72.40361	-592.17065	-115.75307	377.21825	-642.05850	-168.63160	342.40341	-814.77099	-186.73912	136.91029	-820.79936	-118.23960	151.67767	-783.64865	-148.92466	104.87980	-733.12646	25.46668	349.73173	-837.90420	-156.36687	187.53944	-655.91688	-183.32366	648.32446	-633.83913	-52.29552	958.56333	-838.96473	5.86632	113.97378	-684.47448	-9.19455	658.34168	-767.61850	-75.02595	987.82813	-783.92942	-83.16091	707.04300	-638.54101	-245.86392	448.52944	-735.38407	84.91724	480.00264	-711.14817	-242.08587	260.74277	-764.74458	98.73607	241.56886	
247	2.460	-754.18772	-109.64832	801.14339	-765.11423	-153.84075	702.87103	-683.71846	-36.08446	382.80178	-800.06997	47.32263	83.25201	-796.45415	-23.13601	96.90382	-751.13566	11.48058	72.72471	-575.17498	-116.59304	383.55351	-624.09322	-169.08428	346.84292	-791.60048	-186.13425	137.25617	-797.43011	-117.55049	151.55439	-758.67395	-148.86028	106.60109	-729.65379	25.22997	350.17772	-816.08954	-155.34888	186.93142	-647.89822	-183.77152	649.64652	-624.62209	-53.71609	958.64584	-837.50946	5.97378	115.37510	-677.37814	-9.69917	658.94546	-758.39373	-75.69338	988.85588	-776.50234	-84.25847	707.48476	-624.77601	-246.75656	452.60787	-730.45203	84.33898	480.61490	-691.89302	-242.05297	263.78006	-762.29797	98.67185	242.34185	
248	2.470	-746.49035	-110.15693	801.83175	-757.51916	-154.70804	703.05765	-679.59677	-36.03577	382.42299	-798.85540	47.79629	84.15842	-795.18953	-22.70206	97.86588	-750.11543	11.84332	72.99562	-558.45372	-117.87602	389.77727	-606.39376	-169.85425	351.21765	-767.79016	-185.80666	137.17049	-773.33934	-117.12788	150.94581	-733.08525	-149.10620	107.94994	-725.99632	25.25162	350.56872	-793.66746	-154.55643	185.76378	-639.87857	-184.23816	650.65740	-615.35272	-55.25144	958.47404	-835.96832	6.51230	116.74751	-670.18181	-10.20831	659.41987	-749.11497	-76.55277	989.66257	-769.06181	-85.31521	707.67226	-611.43609	-247.87383	456.54887	-725.33122	83.96653	481.17284	-672.62229	-242.34004	266.59447	-759.52727	98.91597	243.01934	
249	2.480	-738.75752	-110.75287	802.25295	-749.88498	-155.54299	702.89368	-675.33408	-35.75298	381.94114	-797.54595	48.53060	84.97404	-793.93501	-21.97973	98.80117	-749.05221	12.41333	73.21233	-542.12879	-119.49912	395.75566	-589.06787	-170.88420	355.41253	-743.35370	-185.83643	136.60981	-748.58988	-117.05047	149.78620	-706.92226	-149.72236	108.87566	-722.19741	25.51629	350.89462	-770.67915	-154.08131	183.96800	-631.79931	-184.69923	651.32450	-606.02641	-56.90683	958.05635	-834.38409	7.39605	118.07481	-662.86255	-10.70400	659.76605	-739.77944	-77.63406	990.23129	-761.56336	-86.33647	707.60831	-598.53113	-249.15074	460.24443	-720.03630	83.79994	481.66036	-653.36117	-242.94781	269.10841	-756.53876	99.43562	243.58834	
250	2.490	-730.94816	-111.45878	802.40172	-742.15056	-156.35450	702.37481	-670.94038	-35.26112	381.34742	-796.19984	49.45712	85.69712	-792.70138	-21.03435	99.69979	-747.97742	13.15191	73.37272	-526.31983	-121.33507	401.34377	-572.21662	-172.10378	359.30423	-718.32261	-186.29549	135.53214	-723.27913	-117.39399	148.01665	-680.25175	-150.74953	109.32929	-718.28362	25.99290	351.14405	-747.18558	-154.02239	181.48301	-623.59959	-185.13271	651.62928	-596.64053	-58.68782	957.40853	-832.79153	8.53236	119.34943	-655.39560	-11.17203	659.98245	-730.38664	-78.96121	990.55045	-753.95918	-87.32954	707.29514	-586.04725	-250.51203	463.58903	-714.57607	83.82467	482.05956	-634.12274	-243.86526	271.23538	-753.42356	100.18239	244.04277	
251	2.500	-723.02285	-112.29080	802.27586	-734.25354	-157.15317	701.50474	-666.40304	-34.59016	380.63138	-794.86539	50.50766	86.33544	-791.49139	-19.93453	100.55728	-746.91840	14.01456	73.47710	-511.13551	-123.23884	406.38811	-555.92652	-173.43426	362.76519	-692.75987	-187.24297	133.90280	-697.54718	-118.22648	145.59244	-653.18050	-152.20724	109.26748	-714.25870	26.64012	351.30336	-723.27603	-154.47941	178.26477	-615.21803	-185.51971	651.56640	-587.19441	-60.59943	956.55160	-831.21293	9.83033	120.57457	-647.75493	-11.60227	660.06378	-720.93811	-80.55171	990.61263	-746.19999	-88.30401	706.73324	-573.94215	-251.87564	466.48516	-708.95101	84.01481	482.35109	-614.91084	-245.07022	272.88552	-750.24765	101.09882	244.38286	
252	2.510	-714.94451	-113.25822	801.87506	-726.13294	-157.95088	700.29461	-661.68268	-33.77141	379.77902	-793.57689	51.61790	86.90675	-790.29812	-18.74786	101.37551	-745.89557	14.95424	73.52854	-496.66477	-125.05619	410.73217	-540.26246	-174.79370	365.66969	-666.77346	-188.72088	131.70087	-671.58289	-119.60340	142.49064	-625.86610	-154.09345	108.65713	-710.09906	27.41047	351.35472	-699.07665	-155.54506	174.29594	-606.59499	-185.84510	651.14267	-577.68929	-62.64543	955.50978	-829.65459	11.20529	121.76517	-639.91418	-11.98868	660.00005	-711.43728	-82.41656	990.41350	-738.23731	-89.27128	705.92072	-562.14340	-253.15677	468.84909	-703.15056	84.33592	482.51348	-595.72595	-246.53040	273.97440	-747.04511	102.12314	244.61362	
253	2.520	-706.67903	-114.36311	801.19994	-717.73226	-158.75991	698.76269	-656.71148	-32.83604	378.77078	-792.35150	52.72852	87.43851	-789.10352	-17.53878	102.16266	-744.91991	15.92343	73.53301	-482.96901	-126.63421	414.22500	-525.26231	-176.10252	367.90194	-640.52772	-190.75064	128.92516	-645.62648	-121.56274	138.71711	-598.52366	-156.38588	107.48049	-705.75110	28.25328	351.27406	-674.75759	-157.29605	169.59456	-597.67549	-186.09804	650.37586	-568.12821	-64.82762	954.30848	-828.10415	12.58004	122.94758	-631.84782	-12.32915	659.77569	-701.88916	-84.56057	989.95075	-730.02609	-90.24358	704.85327	-550.55085	-254.27270	470.61650	-697.15094	84.74711	482.52169	-576.57342	-248.20440	274.43346	-743.81442	103.19259	244.74263	
254	2.530	-698.19603	-115.59988	800.25167	-709.00278	-159.59147	696.93421	-651.39431	-31.81511	377.57994	-791.18695	53.78486	87.96694	-787.87720	-16.36796	102.93259	-743.99082	16.87525	73.49919	-470.07626	-127.83314	416.73278	-510.93408	-177.28899	369.36543	-614.25014	-193.33045	125.59937	-619.96736	-124.12070	134.31210	-571.42699	-159.04459	105.74011	-701.13116	29.11658	351.02899	-650.53662	-159.78406	164.22056	-588.41252	-186.27249	649.29368	-558.51588	-67.14513	952.97266	-826.52881	13.88397	124.15814	-623.53258	-12.62528	659.36907	-692.30006	-86.98275	989.22344	-721.52740	-91.23238	703.52478	-539.04372	-255.14817	471.74701	-690.91410	85.20279	482.34558	-557.47287	-250.04291	274.22045	-740.51747	104.24535	244.77739	
255	2.540	-689.46979	-116.95481	799.03203	-699.90696	-160.45415	694.84159	-645.61288	-30.74054	376.17199	-790.05954	54.73607	88.53520	-786.57560	-15.29218	103.70371	-743.09422	17.76406	73.43817	-457.97806	-128.53903	418.15230	-497.25624	-178.29464	369.99284	-588.23164	-196.43397	121.77539	-594.93631	-127.26812	129.35375	-544.90295	-162.01542	103.46309	-696.12836	29.94851	350.57778	-626.67781	-163.02767	158.27890	-578.77047	-186.36765	647.93290	-548.85841	-69.59378	951.52556	-824.87404	15.05186	125.44051	-614.94898	-12.88215	658.75266	-682.67720	-89.67665	988.23171	-712.71117	-92.24655	701.92869	-527.49219	-255.72133	472.22725	-684.38850	85.65392	481.94885	-538.46720	-251.99022	273.32768	-737.08089	105.22197	244.72280	
256	2.550	-680.48024	-118.40567	797.54430	-690.42154	-161.35221	692.52470	-639.23296	-29.64620	374.50550	-788.92234	55.53481	89.19085	-785.14141	-14.36401	104.49752	-742.20078	18.54606	73.36291	-446.63000	-128.67612	418.42483	-484.18159	-179.07904	369.75518	-562.81883	-200.01034	117.53463	-570.89149	-130.96821	123.95862	-519.31847	-165.23389	100.70379	-690.61063	30.69851	349.86986	-603.48397	-167.00619	151.91878	-568.72849	-186.38837	646.33861	-539.16302	-72.16548	949.98805	-823.06325	16.02357	126.84216	-606.08283	-13.10807	657.89402	-673.02839	-92.63042	986.97704	-703.55865	-93.29053	700.06002	-515.77253	-255.95001	472.07204	-677.51184	86.04928	481.28920	-519.62969	-253.98657	271.78656	-733.39941	106.06659	244.57911	
257	2.560	-671.21415	-119.92170	795.79459	-680.54009	-162.28426	690.03134	-632.11430	-28.56890	372.53493	-787.70361	56.13814	89.98247	-783.50373	-13.63062	105.33704	-741.26440	19.18023	73.28767	-435.95600	-128.21765	417.54839	-471.64467	-179.62403	368.66884	-538.39762	-203.98570	112.98644	-548.19868	-135.15604	118.27876	-495.06041	-168.62908	97.54438	-684.43357	31.31851	348.84825	-581.28245	-171.65641	145.32802	-558.28330	-186.34545	644.56363	-529.43769	-74.84762	948.37846	-820.99836	16.74556	128.41014	-596.92654	-13.31454	656.75792	-663.36155	-95.82674	985.46312	-694.06425	-94.36278	697.91795	-503.78423	-255.81806	471.32373	-670.21573	86.33685	480.32016	-501.06787	-255.97178	269.66708	-729.34099	106.72849	244.34068	
258	2.570	-661.66636	-121.46394	793.79390	-670.27459	-163.24236	687.41749	-624.12253	-27.54893	370.21555	-786.30607	56.50968	90.95592	-781.57878	-13.13170	106.24519	-740.22097	19.62976	73.22749	-425.85649	-127.19366	415.58610	-459.57219	-179.93678	366.79911	-515.36896	-208.26622	108.26383	-527.20708	-139.73990	112.49479	-472.50964	-172.12723	94.09249	-677.45174	31.76436	347.45445	-560.40511	-176.87296	138.72278	-547.45108	-186.25574	642.66789	-519.69076	-77.62272	946.71315	-818.56183	17.17425	130.18661	-587.48012	-13.51607	655.30951	-653.68444	-99.24231	983.69722	-684.23670	-95.45481	695.50880	-491.46662	-255.34112	470.04983	-662.43153	86.46538	478.99474	-482.92324	-257.89046	267.07232	-724.75383	107.16388	243.99606	
259	2.580	-651.84081	-122.98628	791.56024	-659.65591	-164.21189	684.74728	-615.14210	-26.63028	367.51027	-784.60751	56.62277	92.15032	-779.27155	-12.89659	107.24322	-738.98769	19.86412	73.19774	-416.21952	-125.69434	412.66843	-447.89532	-180.05157	364.25902	-494.11859	-212.74268	103.51600	-508.22284	-144.60512	106.80518	-452.01174	-175.65490	90.47581	-669.53126	31.99713	345.63528	-541.16404	-182.51278	132.33296	-536.26826	-186.14200	640.71752	-509.93061	-80.46817	945.00749	-815.62048	17.28073	132.20440	-577.75168	-13.73014	653.51859	-644.00431	-102.84736	981.69197	-674.09924	-96.55096	692.84907	-478.81252	-254.57091	468.33931	-654.09666	86.38640	477.27086	-465.36635	-259.69846	264.12865	-719.47505	107.33795	243.52936	
260	2.590	-641.75134	-124.43730	789.12100	-648.73287	-165.17222	682.09240	-605.08865	-25.86052	364.39777	-782.46357	56.46382	93.59433	-776.47830	-12.94147	108.34924	-737.46321	19.86117	73.21384	-406.93397	-123.86761	408.98778	-436.56239	-180.02982	361.20305	-474.98419	-217.29649	98.89820	-491.48333	-149.62022	101.41211	-433.84750	-179.14167	86.83349	-660.56237	31.98416	343.35136	-523.82578	-188.40378	126.38427	-524.79087	-186.03244	638.78363	-500.16540	-83.35627	943.27735	-812.03126	17.05548	134.48324	-567.75743	-13.97695	651.36457	-634.32771	-106.60509	979.46736	-663.68861	-97.62912	689.96834	-465.87622	-253.59697	466.29788	-645.16037	86.05637	475.11811	-448.58760	-261.36993	260.97340	-713.34104	107.22649	242.92322	
261	2.600	-631.42200	-125.76289	786.51477	-637.56994	-166.09825	679.53070	-593.91935	-25.29067	360.88117	-779.71324	56.03485	95.30319	-773.08983	-13.26718	109.57689	-735.52886	19.60932	73.29121	-397.90310	-121.91021	404.78502	-425.54992	-179.95789	357.81565	-458.22408	-221.80704	94.55962	-477.13572	-154.64537	96.50525	-418.20709	-182.52264	83.30530	-650.47049	31.69970	340.58615	-508.58746	-194.35739	121.07881	-513.09235	-185.95975	636.94042	-490.40293	-86.25465	941.54085	-807.64924	16.51155	137.02685	-557.52106	-14.27900	648.84177	-624.66045	-110.47136	977.05261	-653.05312	-98.66235	686.91143	-452.77389	-252.54423	464.04255	-635.58821	85.43903	472.52496	-432.78442	-262.90343	257.74201	-706.19922	106.81691	242.16314	
262	2.610	-620.88671	-126.90972	783.79264	-626.24371	-166.96268	677.14404	-581.63971	-24.97472	356.99571	-776.18734	55.35431	97.27693	-768.99550	-13.85881	110.93408	-733.05124	19.10892	73.44530	-389.05679	-120.05205	400.32867	-414.87022	-179.94220	354.29591	-443.99212	-226.16000	90.63041	-465.22321	-159.54261	92.24516	-405.17182	-185.74083	80.01961	-639.22433	31.12483	337.35437	-495.55856	-200.18418	116.57644	-501.26004	-185.95973	635.26279	-480.65063	-89.12701	939.82011	-802.33718	15.68476	139.82143	-547.07272	-14.66045	645.96438	-615.00766	-114.39481	974.48775	-642.24967	-99.62129	683.73968	-439.67568	-251.56548	461.69535	-625.36439	84.50766	469.50569	-418.14632	-264.32532	254.55675	-697.92050	106.10795	241.24280	
263	2.620	-610.18814	-127.82923	781.01839	-614.83837	-167.73883	675.01523	-568.30565	-24.96886	352.81428	-771.71944	54.45537	99.50012	-764.08760	-14.68734	112.42191	-729.88629	18.37256	73.69179	-380.36064	-118.53496	395.88918	-404.57393	-180.10155	350.83982	-432.32300	-230.25574	87.20970	-455.68159	-164.18694	88.74870	-394.70646	-188.74961	77.08210	-626.83988	30.24696	333.70824	-484.75109	-205.71074	112.97956	-489.39045	-186.06947	633.82330	-470.91575	-91.93426	938.14286	-795.97600	14.62992	142.83563	-536.44754	-15.14603	642.77045	-605.37399	-118.31763	971.82440	-631.34021	-100.47712	680.53072	-426.79018	-250.82820	459.37652	-614.49202	83.24702	466.10579	-404.83952	-265.68899	251.51839	-688.41143	105.10806	240.16997	
264	2.630	-599.37598	-128.48187	778.26755	-603.44058	-168.40369	673.22435	-554.02032	-25.32988	348.44933	-766.15842	53.38153	101.94308	-758.26588	-15.71391	114.03385	-725.88467	17.42388	74.04667	-371.82077	-117.58752	391.71195	-394.74675	-180.55668	347.62291	-423.13046	-234.01706	84.35655	-448.34718	-168.47667	86.07855	-386.66381	-191.51506	74.56688	-613.37986	29.05896	329.74050	-476.08056	-210.79581	110.32380	-477.58383	-186.32512	632.68873	-461.20559	-94.63602	936.54354	-788.47495	13.41288	146.02202	-525.68410	-15.75969	639.32414	-595.76390	-122.17698	969.12579	-620.38789	-101.20476	677.37680	-414.34347	-250.49693	457.19713	-602.99133	81.65489	462.40496	-392.99306	-267.06897	248.70160	-677.62474	103.83267	238.97184	
265	2.640	-588.50451	-128.84111	775.62516	-592.13435	-168.94066	671.84474	-538.92598	-26.11230	344.05033	-759.38098	52.17972	104.56458	-751.44166	-16.89623	115.75523	-720.89838	16.29472	74.52608	-363.48339	-117.39917	387.99326	-385.50056	-181.41775	344.78547	-416.21936	-237.39462	82.08548	-442.97534	-172.34155	84.23891	-380.80125	-194.01770	72.51168	-598.94849	27.55845	325.58310	-469.37734	-215.34267	108.57660	-465.93838	-186.75946	631.91660	-451.52776	-97.19239	935.06374	-779.77977	12.09925	149.31992	-514.82284	-16.52285	635.71580	-586.18192	-125.90725	966.46556	-609.45335	-101.78583	674.38133	-402.55582	-250.71330	455.25199	-590.89640	79.74278	458.51680	-382.68806	-268.55022	246.15378	-665.56668	102.30063	237.69883	
266	2.650	-577.62985	-128.89667	773.18228	-580.99634	-169.34174	670.93887	-523.19188	-27.36405	339.79653	-751.30234	50.89194	107.31534	-743.54141	-18.19631	117.56321	-714.78812	15.02063	75.14584	-355.42938	-118.09717	384.86356	-376.96010	-182.77127	342.42282	-411.30951	-240.36899	80.36801	-439.26674	-175.74661	83.17812	-376.80673	-196.25293	70.91777	-583.68262	25.74755	321.40114	-464.40690	-219.30530	107.64415	-454.54489	-187.39953	631.55194	-441.89044	-99.56592	933.75175	-769.87768	10.74165	152.65920	-503.90465	-17.45257	632.05931	-576.63292	-129.44292	963.92559	-598.59168	-102.21083	671.65395	-391.61947	-251.57732	453.61360	-578.25139	77.53586	454.58477	-373.95182	-270.21426	243.89685	-652.29989	100.53079	236.42567	
267	2.660	-566.80709	-128.65650	771.03161	-570.09205	-169.60861	670.55477	-506.99987	-29.12065	335.88551	-741.88338	49.54668	110.14188	-734.50938	-19.58842	119.42746	-707.43095	13.63525	75.92069	-347.76469	-119.73016	382.38083	-369.24735	-184.66820	340.58204	-408.06728	-242.94834	79.13989	-436.89705	-178.69098	82.79796	-374.33015	-198.22963	69.75452	-567.74037	23.63334	317.38267	-460.89551	-222.68662	107.38592	-443.48200	-188.26438	631.62472	-432.30256	-101.72357	932.66105	-758.79789	9.36764	155.96476	-492.96976	-18.55971	628.48684	-567.12224	-132.72185	961.59276	-587.85013	-102.48035	669.30434	-381.68067	-253.13348	452.32841	-565.10701	75.07200	450.77442	-366.75743	-272.12480	241.93121	-637.94103	98.53940	235.24884	
268	2.670	-556.08759	-128.14721	769.26236	-559.47320	-169.75246	670.72317	-490.52971	-31.39852	332.51870	-731.13320	48.15158	112.99014	-724.30930	-21.06565	121.31162	-698.72758	12.16423	76.86318	-340.60781	-122.26153	380.53526	-362.46614	-187.11536	339.26529	-406.14002	-245.16197	78.31308	-435.54542	-181.20136	82.96802	-373.01528	-199.96669	68.96745	-551.28896	21.22908	313.72505	-458.55701	-225.52879	107.63433	-432.81268	-189.36338	632.14833	-422.77371	-103.63866	931.84796	-746.60746	7.97102	159.16111	-482.05687	-19.84721	625.14114	-557.65572	-135.68890	959.55490	-577.26690	-102.60486	667.43526	-372.82828	-255.36436	451.41584	-551.51814	72.39988	447.26238	-361.02911	-274.31572	240.24133	-622.65297	96.33871	234.28001	
269	2.680	-545.51679	-127.41254	767.95496	-549.17647	-169.79248	671.45573	-473.94581	-34.18853	329.88594	-719.10646	46.68888	115.80857	-712.92525	-22.64397	123.17584	-688.60889	10.61956	77.98265	-334.07617	-125.57414	379.26370	-356.68927	-190.07189	338.43874	-405.18768	-247.05097	77.79028	-434.91791	-183.32165	83.54280	-372.52787	-201.48805	68.48829	-534.49335	18.55579	310.61974	-457.11707	-227.89783	108.21634	-422.58207	-190.69516	633.11920	-413.31399	-105.29247	931.36826	-733.40300	6.50831	162.17718	-471.20253	-21.30897	622.16614	-548.23958	-138.29924	957.89616	-566.87093	-102.60320	666.13564	-365.09004	-258.19313	450.87040	-537.54294	69.57659	444.22324	-356.65238	-276.78401	238.80253	-606.63248	93.93715	233.63602	
270	2.690	-535.13265	-126.51025	767.17602	-539.22342	-169.75326	672.74449	-457.38695	-37.45109	328.15085	-705.89620	45.11458	118.55058	-700.36179	-24.36276	124.98053	-677.04084	8.99537	79.28445	-328.27282	-129.48589	378.47030	-351.95001	-193.45178	338.04481	-404.90782	-248.65819	77.47911	-434.76331	-185.10121	84.37880	-372.57664	-202.81731	68.24510	-517.50668	15.64376	308.23729	-456.33156	-229.86611	108.97343	-412.81672	-192.24726	634.51758	-403.93358	-106.67553	931.27326	-719.29948	4.90159	164.95078	-460.44066	-22.92914	619.69675	-538.88018	-140.52128	956.69225	-556.68246	-102.49990	665.47418	-358.43657	-261.49428	450.66608	-523.24366	66.66461	441.81571	-353.48710	-279.48885	237.58795	-590.09463	91.34046	233.42673	
271	2.700	-524.96485	-125.50739	766.97391	-529.62160	-169.66153	674.56246	-440.95989	-41.11416	327.43911	-691.62333	43.36162	121.17658	-686.64345	-26.28163	126.69081	-664.02746	7.26599	80.76970	-323.27474	-133.77360	378.04838	-348.23870	-197.13243	338.01506	-405.05146	-250.01984	77.30372	-434.88085	-186.58437	85.34900	-372.92570	-203.97332	68.17093	-500.46343	12.53332	306.71438	-455.99781	-231.49697	109.77699	-403.52528	-193.99663	636.30939	-394.64224	-107.78836	931.60565	-704.41805	3.04733	167.43310	-449.80213	-24.68232	617.84895	-529.58375	-142.33878	956.00578	-546.71420	-102.32187	665.49425	-352.79161	-265.11025	450.76222	-508.68850	63.72887	440.16980	-351.38113	-282.35695	236.57495	-573.25580	88.55346	233.74262	
272	2.710	-515.03467	-124.47477	767.37540	-520.36643	-169.54264	676.86526	-424.73679	-45.07524	327.83078	-676.42441	41.34674	123.65566	-671.81383	-28.47373	128.28167	-649.61124	5.38677	82.43578	-319.12401	-138.20121	377.89908	-345.50418	-200.96815	338.28122	-405.42923	-251.16064	77.21173	-435.12051	-187.80372	86.35310	-373.39842	-204.96790	68.20996	-483.47500	9.27445	306.14447	-455.95824	-232.83482	110.53729	-394.70023	-195.91076	638.44873	-385.44869	-108.64167	932.39531	-688.87480	0.82983	169.59265	-439.31430	-26.53439	616.71128	-520.35613	-143.75189	955.88220	-536.97268	-102.09495	666.21054	-348.04609	-268.87081	451.10986	-493.95387	60.83374	439.37633	-350.18221	-285.29284	235.74952	-556.31722	85.58171	234.64437	
273	2.720	-505.35557	-123.48099	768.38362	-511.44361	-169.41755	679.59351	-408.75634	-49.20751	329.35741	-660.43940	38.98010	125.96718	-655.93402	-31.01677	129.74254	-633.87102	3.29784	84.27728	-315.82216	-142.54734	377.94323	-343.65928	-204.80659	338.78278	-405.90895	-252.09317	77.17609	-435.37778	-188.77803	87.32249	-373.87403	-205.80593	68.32062	-466.62764	5.92479	306.57280	-456.09778	-233.90229	111.20556	-386.32058	-197.94958	640.88073	-376.35999	-109.25587	933.65580	-672.77203	-1.86307	171.41856	-429.00056	-28.44416	616.33849	-511.20249	-144.77694	956.34660	-527.45964	-101.84090	667.60769	-344.07299	-272.61197	451.65757	-479.12581	58.04038	439.48008	-349.74609	-288.19212	235.10786	-539.45049	82.43262	236.15610	
274	2.730	-495.93406	-122.58694	769.97753	-502.83169	-169.30054	682.67581	-393.02770	-53.36984	332.00349	-643.80088	36.17627	128.10176	-639.08061	-33.98289	131.08070	-616.91700	0.93037	86.28715	-313.32844	-146.62827	378.12565	-342.58862	-208.50545	339.47058	-406.40707	-252.82093	77.19216	-435.58514	-189.51473	88.22040	-374.27919	-206.48771	68.47585	-449.98191	2.54642	307.99607	-456.33671	-234.70405	111.77004	-378.35507	-200.06782	643.54460	-367.38104	-109.66004	935.38176	-656.19296	-5.12445	172.92248	-418.87977	-30.36569	616.74795	-502.12717	-145.44510	957.40160	-518.17319	-101.57522	669.64103	-340.74044	-276.19150	452.35637	-464.29941	55.40423	440.47713	-349.94023	-290.95506	234.65483	-522.78651	79.11613	238.26314	
275	2.740	-486.77095	-121.84108	772.11278	-494.50473	-169.19788	686.03201	-377.53640	-57.41911	335.71165	-626.62535	32.86504	130.06160	-621.34298	-37.42894	132.32236	-598.88356	-1.78547	88.45768	-311.56180	-150.31326	378.41291	-342.15741	-211.94677	340.30687	-406.87655	-253.34374	77.27149	-435.70227	-190.01547	89.03786	-374.57669	-207.01265	68.66124	-433.57329	-0.79857	310.36624	-456.62119	-235.23506	112.24782	-370.76558	-202.21770	646.37641	-358.51426	-109.89026	937.54744	-639.19995	-9.01537	174.13840	-408.96570	-32.25120	617.91905	-493.13357	-145.79984	959.02662	-509.10865	-101.30613	672.23919	-337.92126	-279.49961	453.16319	-449.57567	52.97273	442.31649	-350.64336	-293.49850	234.39989	-506.40838	75.64496	240.91452	
276	2.750	-477.86250	-121.27616	774.72406	-486.43466	-169.10770	689.57653	-362.25127	-61.22333	340.39019	-609.00740	29.00087	131.85957	-602.82001	-41.38827	133.51094	-579.92028	-4.91158	90.78088	-310.40656	-153.53092	378.78702	-342.22000	-215.04693	341.26317	-407.29405	-253.66367	77.43405	-435.70685	-190.28280	89.78716	-374.75362	-207.38308	68.87172	-417.41378	-4.05272	313.59763	-456.91371	-235.49051	112.67454	-363.51054	-204.35188	649.31178	-349.75937	-109.98747	940.10683	-621.83581	-13.55600	175.11995	-399.26655	-34.05429	619.79532	-484.22409	-145.89357	961.17849	-500.25915	-101.03440	675.30831	-335.49842	-282.46413	454.04291	-435.05549	50.78314	444.90565	-351.74237	-295.76409	234.35173	-490.34868	72.03484	244.02927	
277	2.760	-469.20148	-120.90749	777.72856	-478.59334	-169.02068	693.22172	-347.13159	-64.67355	345.92178	-591.01657	24.56999	133.51691	-583.61625	-45.86494	134.70241	-560.18213	-8.49335	93.24818	-309.72112	-156.26718	379.23793	-342.62742	-217.76087	342.31708	-407.64859	-253.78997	77.70060	-435.58702	-190.32624	90.49402	-374.81076	-207.60736	69.10789	-401.49423	-7.16775	317.57620	-457.18485	-235.47472	113.09402	-356.54789	-206.42641	652.28816	-341.11349	-109.99505	942.99505	-604.12724	-18.72156	175.93510	-389.78448	-35.73332	622.28901	-475.40021	-145.78369	963.79335	-491.61591	-100.75428	678.73743	-333.36723	-285.05053	454.96878	-420.83134	48.86058	448.11937	-353.12829	-297.72227	234.51314	-474.59113	68.30503	247.50534	
278	2.770	-460.77799	-120.73280	781.03034	-470.95413	-168.92152	696.88095	-332.13377	-67.69306	352.17227	-572.69706	19.59443	135.05983	-563.83773	-50.83083	135.95830	-539.81978	-12.55224	95.84943	-309.34878	-158.55635	379.75717	-343.23384	-220.08094	343.44919	-407.93296	-253.74191	78.08666	-435.33611	-190.16611	91.18992	-374.75421	-207.70141	69.37248	-385.78772	-10.10796	322.16978	-457.40759	-235.20694	113.54943	-349.83756	-208.40329	655.24683	-332.57140	-109.95613	946.13130	-586.08938	-24.44300	176.65869	-380.51532	-37.25456	625.28747	-466.66249	-145.52845	966.78972	-483.16840	-100.45488	682.40453	-331.43537	-287.25797	455.92177	-406.97787	47.21643	451.81060	-354.69343	-299.37185	234.87732	-459.07621	64.47905	251.22974	
279	2.780	-452.58002	-120.73362	784.52517	-463.49298	-168.79086	700.47149	-317.21723	-70.24289	358.99882	-554.06980	14.13288	136.51535	-543.58775	-56.22567	137.33731	-518.97108	-17.08040	98.57165	-309.12946	-160.46769	380.33361	-343.90208	-222.03103	344.64071	-408.13874	-253.54903	78.59860	-434.94970	-189.83462	91.90551	-374.59004	-207.68855	69.66759	-370.25367	-12.85235	327.23818	-457.55450	-234.72305	114.07667	-343.34321	-210.25267	658.13452	-324.12589	-109.91100	949.42277	-567.73068	-30.61183	177.36359	-371.44857	-38.59484	628.66071	-458.01065	-145.18304	970.07257	-474.90431	-100.12197	686.18290	-329.62230	-289.11266	456.88883	-393.54293	45.84749	455.82242	-356.33065	-300.73597	235.42626	-443.71042	60.58555	255.08858	
280	2.790	-444.59367	-120.87784	788.10564	-456.18900	-168.60733	703.91706	-302.34916	-72.32327	366.25680	-535.13660	8.27832	137.90706	-522.96288	-61.95990	138.88675	-497.75431	-22.03787	101.39775	-308.91117	-162.09025	380.95162	-344.50842	-223.65797	345.87178	-408.25468	-253.24908	79.23202	-434.42472	-189.37417	92.66558	-374.32171	-207.59789	69.99287	-354.84286	-15.39504	332.64226	-457.59771	-234.07340	114.70048	-337.03318	-211.95419	660.90465	-315.76831	-109.89466	952.76940	-549.05716	-37.08821	178.11184	-362.56754	-39.74332	632.26953	-449.44361	-144.79619	973.53796	-466.80948	-99.73982	689.94734	-327.85891	-290.65983	457.86069	-380.54053	44.73621	459.99996	-357.93553	-301.85572	236.13125	-428.37806	56.65891	258.97583	
281	2.800	-436.80325	-121.12317	791.66611	-449.02447	-168.34967	707.14992	-287.50811	-73.97122	373.80538	-515.88570	2.15269	139.25142	-502.04956	-67.91983	140.63506	-476.26402	-27.35264	104.30555	-308.55985	-163.51836	381.59084	-344.94681	-225.02188	347.12067	-408.26797	-252.88433	79.97215	-433.75994	-188.83342	93.48584	-373.95015	-207.46152	70.34457	-339.50268	-17.74417	338.25138	-457.51101	-233.31752	115.43280	-330.88076	-213.49755	663.51819	-307.48906	-109.93483	956.06908	-530.07583	-43.71128	178.94671	-353.84995	-40.70224	635.97351	-440.95946	-144.40757	977.07807	-458.86777	-99.29293	693.57986	-326.08788	-291.95573	458.82940	-367.94734	43.85207	464.20121	-359.41089	-302.78267	236.95499	-412.95460	52.73911	262.80009	
282	2.810	-429.19123	-121.42102	795.10724	-441.98436	-167.99853	710.11260	-272.68626	-75.25508	381.51157	-496.29800	-4.10071	140.55519	-480.92145	-73.97473	142.58629	-454.56933	-32.92374	107.26737	-307.96694	-164.83972	382.22699	-345.13264	-226.18723	348.36350	-408.16731	-252.49697	80.79564	-432.95748	-188.26219	94.37160	-373.47543	-207.31138	70.71549	-324.18273	-19.91957	343.94871	-457.27335	-232.51708	116.27307	-324.86364	-214.88213	665.94405	-299.27809	-110.05047	959.22278	-510.79672	-50.31083	179.88691	-345.26873	-41.48653	639.63837	-432.55538	-144.04622	980.58626	-451.06100	-98.76747	696.97464	-324.26457	-293.06032	459.78615	-355.70364	43.15427	468.30562	-360.67268	-303.57143	237.85460	-397.32013	48.87064	266.48893	
283	2.820	-421.73818	-121.72050	798.33990	-435.05556	-167.53796	712.75900	-257.89054	-76.26668	389.25273	-476.35315	-10.32669	141.81407	-459.63775	-79.98496	144.71731	-432.71486	-38.62688	110.25018	-307.05417	-166.12712	382.83298	-345.00562	-227.21568	349.57456	-407.94664	-252.12473	81.67315	-432.02440	-187.70616	95.31784	-372.89944	-207.17618	71.09550	-308.83997	-21.94965	349.63419	-456.87248	-231.72883	117.20985	-318.96296	-216.11584	668.15909	-291.12535	-110.25100	962.13938	-491.23383	-56.71894	180.92337	-336.79323	-42.12223	643.14221	-424.22754	-143.72993	983.96177	-443.36878	-98.15244	700.04185	-322.35797	-294.03153	460.71970	-343.71907	42.59519	472.22003	-361.65617	-304.27340	238.78501	-381.37138	45.10045	269.99033	
284	2.830	-414.42275	-121.97214	801.28825	-428.22569	-166.95653	715.05509	-243.14254	-77.11215	396.91779	-456.03475	-16.36810	143.01262	-438.24268	-85.81052	146.97787	-410.72373	-44.32233	113.21616	-305.77550	-167.43427	383.38021	-344.53157	-228.16114	350.72709	-407.60832	-251.79729	82.57232	-430.97398	-187.20239	96.31066	-372.22855	-207.07896	71.47254	-293.44344	-23.86798	355.22532	-456.30791	-230.99850	118.22315	-313.16187	-217.21324	670.14784	-283.02109	-110.53617	964.73975	-471.40489	-62.78084	182.01906	-328.39049	-42.64403	646.38038	-415.97101	-143.46562	987.11398	-435.76854	-97.44043	702.71041	-320.35122	-294.92103	461.61563	-331.88277	42.12424	475.88108	-362.32091	-304.93207	239.70224	-365.03120	41.47508	273.27166	
285	2.840	-407.22171	-122.13126	803.89180	-421.48186	-166.24792	716.97889	-228.47729	-77.90236	404.40705	-435.33417	-22.07584	144.12516	-416.76622	-91.31922	149.29350	-388.60231	-49.86429	116.12348	-304.11658	-168.79495	383.84004	-343.70282	-229.06709	351.79484	-407.16510	-251.53403	83.46069	-429.82632	-186.77614	97.32952	-371.47550	-207.03547	71.83384	-277.97807	-25.71005	360.65571	-455.59243	-230.35682	119.28726	-307.44404	-218.19340	671.90186	-274.95612	-110.89656	966.95994	-451.33050	-68.36359	183.11163	-320.02670	-43.09217	649.26863	-407.77956	-143.25048	989.96574	-428.23554	-96.62810	704.92932	-318.24094	-295.77167	462.45665	-320.07671	41.69152	479.25411	-362.65369	-305.58011	240.56630	-348.25448	38.03760	276.31638	
286	2.850	-400.11013	-122.16045	806.10659	-414.80938	-165.41121	718.52008	-213.94117	-78.74363	411.63096	-414.25271	-27.31755	145.11744	-395.22618	-96.39387	151.57078	-366.34603	-55.11107	118.92706	-302.09198	-170.22483	384.18557	-342.53666	-229.96564	352.75392	-406.64021	-251.34322	84.30839	-428.60789	-186.43943	98.35011	-370.66023	-207.05344	72.16723	-262.44739	-27.51030	365.87203	-454.75173	-229.81792	120.37359	-301.79204	-219.07765	673.41900	-266.92191	-111.31470	968.75332	-431.03303	-73.36216	184.11842	-311.66866	-43.50896	651.74476	-399.64570	-143.07361	992.45583	-420.74295	-95.71630	706.66786	-316.03530	-296.61614	463.22378	-308.19022	41.25067	482.32866	-362.66875	-306.23825	241.34360	-331.03041	34.82480	279.11908	
287	2.860	-393.06156	-122.03158	807.90521	-408.19048	-164.45064	719.67898	-199.58904	-79.72965	418.50813	-392.80251	-31.98477	145.94857	-373.63165	-100.93820	153.70416	-343.94607	-59.93503	121.57913	-299.74063	-171.72456	384.39364	-341.07199	-230.87779	353.58514	-406.06582	-251.22250	85.09041	-427.35021	-186.19129	99.34732	-369.80926	-207.13275	72.46238	-246.87498	-29.29986	370.82970	-453.82221	-229.37987	121.45353	-296.18597	-219.88743	674.70243	-258.91065	-111.76652	970.09156	-410.53591	-77.70241	184.94324	-303.28490	-43.93551	653.76848	-391.56066	-142.91796	994.54030	-413.26208	-94.70994	707.91444	-313.75051	-297.47666	463.89829	-296.13367	40.76086	485.11144	-362.40520	-306.91557	242.00891	-313.38124	31.86500	281.67968	
288	2.870	-386.04830	-121.72675	809.27604	-401.60335	-163.37525	720.46527	-185.48089	-80.93507	424.96292	-371.00668	-35.99795	146.57310	-351.98773	-104.88107	155.58367	-321.39627	-64.23157	124.02955	-297.11982	-173.28345	384.44705	-339.36410	-231.81443	354.27610	-405.48005	-251.16042	85.78845	-426.08765	-186.01925	100.29811	-368.95393	-207.26626	72.71191	-231.30446	-31.10480	375.48804	-452.84740	-229.02695	122.50111	-290.60235	-220.64263	675.75963	-250.91519	-112.22311	970.96451	-389.86386	-81.34137	185.48411	-294.84665	-44.40861	655.32006	-383.51451	-142.76232	996.19274	-405.76256	-93.61771	708.67460	-311.40624	-298.36531	464.46384	-283.84913	40.18790	487.61764	-361.92194	-307.61082	242.54667	-295.35832	29.17674	283.99740	
289	2.880	-379.04161	-121.23873	810.22156	-395.02133	-162.19823	720.89631	-171.67842	-82.41132	430.92307	-348.89943	-39.30945	146.94314	-330.30132	-108.17913	157.10239	-298.70009	-67.92639	126.22579	-294.29808	-174.88284	384.33632	-337.47786	-232.77767	354.82292	-404.92326	-251.13859	86.39206	-424.85472	-185.90189	101.18395	-368.12769	-207.44114	72.91215	-215.79795	-32.94502	379.80565	-451.87344	-228.73303	123.49528	-285.01334	-221.36047	676.60127	-242.92886	-112.65249	971.37915	-369.04438	-84.26521	185.64099	-286.32834	-44.95844	656.39776	-375.49641	-142.58307	997.40352	-398.21267	-92.45156	708.96822	-309.02045	-299.28491	464.90847	-271.31673	39.50468	489.86203	-361.29083	-308.31443	242.95161	-277.03647	26.76827	286.06537	
290	2.890	-372.01198	-120.57060	810.75609	-388.41257	-160.93618	720.99539	-158.24157	-84.18483	436.31778	-326.52700	-41.90447	147.01017	-308.58773	-110.81790	158.16302	-275.87730	-70.98031	128.11297	-291.34735	-176.49904	384.06084	-335.48007	-233.76234	355.23087	-404.43405	-251.13418	86.89939	-423.68308	-185.81192	101.99261	-367.36283	-207.64053	73.06353	-200.43321	-34.83372	383.73649	-450.94443	-228.46533	124.42185	-279.38632	-222.05486	677.24001	-234.94532	-113.02133	971.35760	-348.11082	-86.48599	185.32301	-277.70762	-45.60690	657.01453	-367.49488	-142.35563	998.17810	-390.57968	-91.22624	708.82626	-306.60423	-300.23030	465.22589	-258.55576	38.69127	491.85114	-360.58865	-309.01087	243.22878	-258.50781	24.63774	287.86636	
291	2.900	-364.92925	-119.73487	810.90308	-381.73998	-159.60847	720.78983	-145.22554	-86.25767	441.07641	-303.94996	-43.80031	146.72672	-286.87748	-112.81141	158.68278	-252.97003	-73.39137	129.63390	-288.33487	-178.10575	383.62883	-333.43136	-234.75768	355.51397	-404.04557	-251.12246	87.31706	-422.59859	-185.71949	102.71922	-366.68721	-207.84550	73.17049	-185.29940	-36.77725	387.22739	-450.09797	-228.18830	125.27479	-273.68392	-222.73639	677.68924	-226.95832	-113.29643	970.93456	-327.10674	-88.03785	184.45420	-268.96506	-46.36685	657.19438	-359.49817	-142.05551	998.53461	-382.83014	-89.95870	708.28742	-304.15743	-301.18999	465.41593	-245.62076	37.73498	493.57759	-359.88886	-309.68102	243.39270	-239.87608	22.77374	289.37014	
292	2.910	-357.76280	-118.75214	810.69226	-374.96184	-158.23661	720.30913	-132.67822	-88.61031	445.12831	-281.24687	-45.04414	146.04778	-265.22296	-114.20057	158.59646	-230.04796	-75.19383	130.72955	-285.31541	-179.67613	383.05608	-331.37856	-235.74902	355.69326	-403.78233	-251.07940	87.65956	-421.61863	-185.59546	103.36660	-366.12120	-208.03704	73.24096	-170.49211	-38.77547	390.21719	-449.36141	-227.86720	126.05699	-267.86433	-223.41269	677.96188	-218.96143	-113.44597	970.15431	-306.09128	-88.97356	182.97762	-260.08347	-47.24211	656.96872	-351.49459	-141.65895	998.50094	-374.93041	-88.66766	707.39492	-301.66549	-302.14815	465.48396	-232.59354	36.63028	495.01742	-359.25363	-310.30463	243.46580	-221.25227	21.15620	290.53278	
293	2.920	-350.48158	-117.64953	810.15677	-368.03267	-156.84377	719.58331	-120.63829	-91.20601	448.40359	-258.51904	-45.70936	144.93194	-243.70404	-115.05034	157.85758	-207.21215	-76.45441	131.34011	-282.32422	-181.18460	382.36362	-329.34797	-236.71960	355.79399	-403.65759	-250.98403	87.94797	-420.74995	-185.41446	103.94479	-365.67524	-208.19815	73.28541	-156.10801	-40.82234	392.63771	-448.74884	-227.47147	126.78025	-261.88210	-224.08912	678.06917	-210.94786	-113.44045	969.06743	-285.14477	-89.36146	180.85739	-251.04720	-48.22820	656.37300	-343.47285	-141.14328	998.11155	-366.84716	-87.37309	706.19364	-299.09793	-303.08680	465.43940	-219.57246	35.37861	496.13055	-358.72681	-310.86254	243.47622	-202.75204	19.75731	291.29795	
294	2.930	-343.05436	-116.45887	809.33058	-360.90481	-155.45451	718.64142	-109.13401	-93.99614	450.83509	-235.89544	-45.89088	143.34232	-222.43200	-115.44570	156.43812	-184.59702	-77.26587	131.40677	-279.37136	-182.60870	381.57452	-327.34024	-237.65243	355.84202	-403.67149	-250.82070	88.20814	-419.98708	-185.15762	104.47014	-365.34820	-208.31574	73.31545	-142.23951	-42.90693	394.41661	-448.25899	-226.97777	127.46460	-255.68921	-224.76956	678.01962	-202.91022	-113.25329	967.72762	-264.37371	-89.28304	178.07892	-241.84144	-49.31359	655.44408	-335.42239	-140.48696	997.40431	-358.54814	-86.09592	704.72791	-296.40844	-303.98818	465.29351	-206.66086	33.98789	496.86424	-358.32792	-311.33889	243.45494	-184.49501	18.54275	291.60024	
295	2.940	-335.44984	-115.21496	808.24637	-353.53027	-154.09454	717.51040	-98.18273	-96.92578	452.36146	-213.53654	-45.69921	141.24757	-201.55099	-115.48645	154.32730	-162.36996	-77.73861	130.87463	-276.43780	-183.93082	380.71024	-325.32718	-238.53207	355.85984	-403.80954	-250.58110	88.46855	-419.31150	-184.81481	104.96382	-365.12649	-208.38224	73.34235	-128.97010	-45.01448	395.48178	-447.87382	-226.37268	128.13694	-249.23643	-225.45710	677.81824	-194.84050	-112.86130	966.18872	-243.91415	-88.83051	174.64769	-232.45192	-50.48125	654.21837	-327.33355	-139.66971	996.41756	-350.00317	-84.85772	703.03994	-293.53667	-304.83687	465.05701	-193.95610	32.47172	497.15891	-358.04770	-311.72296	243.43264	-166.60536	17.47307	291.37011	
296	2.950	-327.63715	-113.95388	806.93396	-345.86292	-152.79063	716.21435	-87.79093	-99.93877	452.93137	-191.63575	-45.25369	138.62312	-181.23649	-115.28100	151.53037	-140.72817	-77.99107	129.69655	-273.47356	-185.13997	379.78712	-323.25090	-239.34625	355.86268	-404.04180	-250.26576	88.75793	-418.69147	-184.38635	105.45016	-364.98410	-208.39666	73.37543	-116.37048	-47.12756	395.76715	-447.55783	-225.65496	128.82920	-242.47490	-226.15457	677.46601	-186.73004	-112.24490	964.50205	-223.93248	-88.10397	170.58709	-222.86508	-51.71027	652.73085	-319.19783	-138.67260	995.18769	-341.18541	-83.68050	701.16909	-290.41143	-305.62176	464.73764	-181.54087	30.84829	496.95543	-357.84528	-312.01080	243.43639	-149.21297	16.50566	290.54019	
297	2.960	-319.58636	-112.71163	805.41957	-337.86089	-151.57050	714.77426	-77.95488	-102.98171	452.50865	-170.41715	-44.67484	135.45317	-161.69021	-114.93915	148.06787	-119.89214	-78.13950	127.83812	-270.39845	-186.23316	378.81325	-321.02547	-240.08715	355.85526	-404.32258	-249.88505	89.10286	-418.08254	-183.88382	105.95484	-364.88343	-208.36500	73.42059	-104.49562	-49.22712	395.21943	-447.25812	-224.83718	129.57597	-235.35788	-226.86463	676.95975	-178.56973	-111.38833	962.71440	-204.62290	-87.20763	165.93619	-213.06886	-52.97740	651.01517	-311.00792	-137.47837	993.74748	-332.07290	-82.58653	699.15189	-286.95477	-306.33732	464.33835	-169.47739	29.13930	496.20290	-357.64738	-312.20622	243.48645	-132.45398	15.59720	289.05251	
298	2.970	-311.26945	-111.52299	803.72573	-329.48894	-150.46278	713.20826	-68.66157	-106.00649	451.07819	-150.12864	-44.07627	131.73352	-143.13133	-114.56435	143.97608	-100.09610	-78.28827	125.28326	-267.10509	-187.21627	377.78621	-318.54088	-240.75220	355.82948	-404.59081	-249.45919	89.52561	-417.42864	-183.33012	106.50299	-364.77676	-208.29983	73.47923	-93.38281	-51.29317	393.80545	-446.90497	-223.94632	130.41201	-227.84247	-227.58948	676.29245	-170.35031	-110.27980	960.86665	-186.20085	-86.24466	160.74829	-203.05430	-54.25819	649.10439	-302.75785	-136.07212	992.12509	-322.65033	-81.59826	697.02275	-283.08660	-306.98427	463.85601	-157.80509	27.36899	494.86623	-357.34966	-312.32128	243.59365	-116.46938	14.70689	286.86603	
299	2.980	-302.66146	-110.42076	801.87200	-320.72068	-149.49670	711.53228	-59.88982	-108.97121	448.65220	-131.03029	-43.55649	127.47573	-125.78438	-114.24573	139.30858	-81.57531	-78.52126	122.04019	-263.46458	-188.10404	376.69190	-315.66930	-241.34429	355.76350	-404.77113	-249.01744	90.04240	-416.66361	-182.75821	107.11760	-364.60842	-208.21906	73.54762	-83.05034	-53.30503	391.51943	-446.41323	-223.02306	131.36954	-219.89138	-228.33015	675.45401	-162.06286	-108.91172	958.99309	-168.89237	-85.31071	155.09062	-192.81750	-55.52768	647.03245	-294.44307	-134.44225	990.34414	-312.91093	-80.73820	694.81518	-278.72910	-307.56922	463.28111	-146.54151	25.56374	492.93268	-356.82057	-312.37584	243.75752	-101.40083	13.80012	283.96414	
300	2.990	-293.74197	-109.43527	799.87639	-311.54046	-148.70176	709.76119	-51.61144	-111.83940	445.27615	-113.37818	-43.19111	122.71198	-109.86436	-114.05064	134.13877	-64.55119	-78.89523	118.14667	-259.33425	-188.91892	375.50482	-312.27293	-241.87127	355.62243	-404.77587	-248.59603	90.66223	-415.71317	-182.20896	107.81798	-364.31715	-208.14400	73.61692	-73.49676	-55.24113	388.38966	-445.68432	-222.11956	132.47589	-211.47449	-229.08541	674.43250	-153.69945	-107.28103	957.12149	-152.91956	-84.48646	149.04556	-182.36215	-56.76059	644.83595	-286.06053	-132.58176	988.42444	-302.85827	-80.02876	692.56330	-273.81023	-308.10345	462.59814	-135.68575	23.75220	490.41698	-355.90748	-312.39620	243.96536	-87.38311	12.85254	280.36147	
301	3.000	-284.49674	-108.59418	797.75719	-301.94493	-148.10711	707.91015	-43.79234	-114.57806	441.03364	-97.40493	-43.02635	117.50024	-95.56027	-114.01858	128.56254	-49.21531	-79.43563	113.67394	-254.56700	-189.68856	374.18977	-308.21276	-242.34470	355.36059	-404.50765	-248.23518	91.38659	-414.49700	-181.72773	108.61872	-363.83878	-208.09700	73.67390	-64.70063	-57.07828	384.48369	-444.60902	-221.29560	133.75133	-202.57043	-229.85057	673.21580	-145.25384	-105.38954	955.27391	-138.48329	-83.82992	142.71286	-171.70202	-57.93111	642.55586	-277.60882	-130.48974	986.38362	-292.50787	-79.49202	690.30335	-268.26609	-308.60074	461.78679	-125.22376	21.96596	487.36461	-354.44501	-312.41287	244.19276	-74.53357	11.85383	276.10932	
302	3.010	-274.91952	-107.92226	795.53516	-291.94394	-147.74056	705.99614	-36.39361	-117.15473	436.04897	-83.29886	-43.07443	111.92856	-83.01849	-114.15711	122.70008	-35.71373	-80.13543	108.72792	-249.02159	-190.44217	372.70524	-303.35741	-242.77795	354.92534	-403.86276	-247.97535	92.20998	-412.93093	-181.36026	109.52909	-363.10858	-208.09887	73.70246	-56.62088	-58.79065	379.91103	-443.07072	-220.61326	135.20765	-193.16789	-230.61617	671.79368	-136.72232	-103.24439	953.46800	-125.74461	-83.36962	136.21211	-160.86311	-59.01231	640.23892	-269.08835	-128.17295	984.23918	-281.88831	-79.14930	688.07489	-262.04182	-309.07460	460.82362	-115.13452	20.24057	483.85305	-352.26485	-312.45749	244.40527	-62.93978	10.81081	271.29886	
303	3.020	-265.01364	-107.44126	793.23560	-281.56089	-147.62722	704.03939	-29.37287	-119.53430	430.48650	-71.18427	-43.31200	106.11686	-72.32803	-114.44090	116.69560	-24.13349	-80.95708	103.44709	-242.57266	-191.20582	371.00810	-297.59129	-243.18388	354.26219	-402.73480	-247.85313	93.12135	-410.92904	-181.14815	110.55291	-362.06319	-208.16669	73.68568	-49.19815	-60.34875	374.82242	-440.94927	-220.13084	136.84756	-183.26681	-231.36694	670.16014	-128.10449	-100.85848	951.71881	-114.80704	-83.09981	129.68385	-149.88509	-59.97556	637.93825	-260.50161	-125.64721	982.01076	-271.04161	-79.02032	685.92143	-255.09132	-309.53509	459.68439	-105.39614	18.61659	479.99059	-349.20620	-312.55931	244.56163	-52.64733	9.74913	266.06095	
304	3.030	-254.79350	-107.16935	790.89017	-270.83238	-147.78776	702.06454	-22.68585	-121.67619	424.54571	-61.10562	-43.68215	100.21491	-63.50946	-114.81407	110.71380	-14.49288	-81.83761	97.99640	-235.11975	-191.99762	369.05954	-290.82119	-243.57234	353.32076	-401.01842	-247.89739	94.10637	-408.40561	-181.12461	111.68902	-360.64170	-208.31220	73.60851	-42.35768	-61.71858	369.40468	-438.12503	-219.89651	138.66493	-172.87928	-232.08108	668.31578	-119.40405	-98.25087	950.04079	-105.70263	-82.97896	123.28789	-138.82165	-60.79014	635.71305	-251.85343	-122.93849	979.72242	-260.02262	-79.12210	683.89030	-247.37639	-309.98599	458.34682	-95.99123	17.14013	475.91242	-345.12585	-312.74157	244.61811	-43.65020	8.71316	260.56161	
305	3.040	-244.28539	-107.12043	788.53797	-259.80717	-148.23621	700.10135	-16.28868	-123.53248	418.45140	-53.01847	-44.10040	94.39536	-56.50937	-115.19635	104.93253	-6.73733	-82.69645	92.55710	-226.59425	-192.82320	366.83158	-282.98098	-243.94779	352.06100	-398.61288	-248.12627	95.15028	-405.27679	-181.31092	112.93227	-358.78573	-208.54123	73.46063	-36.01419	-62.86128	363.87087	-434.48324	-219.94286	140.64602	-162.03024	-232.73019	666.27023	-110.62927	-95.44692	948.44974	-98.38403	-82.93253	117.19747	-127.73939	-61.42325	633.62711	-243.15127	-120.08336	977.40446	-248.89748	-79.46725	682.03157	-238.86580	-310.42249	456.79384	-86.91112	15.86258	471.77395	-339.90680	-313.01832	244.53389	-35.88632	7.76357	254.99260	
306	3.050	-233.52788	-107.30289	786.22589	-248.54443	-148.97753	698.18482	-10.14069	-125.04771	412.43932	-46.78958	-44.46457	88.84164	-51.20182	-115.49256	99.53157	-0.74168	-83.44525	87.31351	-216.96366	-193.67245	364.31353	-274.03408	-244.30757	350.45927	-395.42498	-248.54553	96.24094	-401.46212	-181.71442	114.27471	-356.43840	-208.85428	73.23918	-30.07896	-63.73373	358.44579	-429.91839	-220.28304	142.77142	-150.75765	-233.27974	664.04410	-101.79342	-92.47831	946.96453	-92.72498	-82.86061	111.58863	-116.71539	-61.84075	631.74624	-234.40547	-117.12869	975.09449	-237.74075	-80.06191	680.39621	-229.53512	-310.83016	455.01731	-78.15849	14.83904	467.74101	-333.46447	-313.39220	244.27682	-29.24021	6.97284	249.55708	
307	3.060	-222.57121	-107.71816	784.00772	-237.11136	-150.00515	696.35461	-4.20776	-126.16079	406.73818	-42.20727	-44.66764	83.73165	-47.39721	-115.60458	94.67845	3.68060	-83.99865	82.43797	-206.23291	-194.51829	361.51757	-263.97383	-244.64093	348.51327	-391.37146	-249.14866	97.37168	-396.88598	-182.32816	115.70695	-353.54233	-209.24823	72.95109	-24.46888	-64.29012	353.34798	-424.33864	-220.90933	145.01844	-139.11234	-233.69046	661.67047	-92.91470	-89.38268	945.60831	-88.53020	-82.65012	106.62541	-105.83328	-62.00856	630.13464	-225.62934	-114.13040	972.83763	-226.63177	-80.90344	679.03345	-219.36764	-311.18524	453.02186	-69.74859	14.12539	463.97772	-325.75013	-313.85354	243.82915	-23.55387	6.41859	244.45169	
308	3.070	-211.47603	-108.35904	781.94234	-225.58037	-151.29884	694.65372	1.53430	-126.80921	401.55011	-39.00176	-44.61215	79.21952	-44.85813	-115.44463	90.51320	6.76192	-84.28469	78.07615	-194.44266	-195.31762	358.48269	-252.82202	-244.92915	346.24566	-386.38059	-249.91870	98.54340	-391.47897	-183.13239	117.21940	-350.03694	-209.71882	72.61441	-19.11633	-64.48474	348.77050	-417.67018	-221.79421	147.36351	-127.15713	-233.92020	659.19541	-84.01586	-86.20289	944.40899	-85.55429	-82.19057	102.44293	-95.17837	-61.89470	628.85082	-216.83915	-111.15129	970.68564	-215.65019	-81.97811	677.98776	-208.35653	-311.45622	450.82855	-61.70899	13.77398	460.63279	-316.75115	-314.38107	243.19218	-18.64517	6.17557	239.84738	
309	3.080	-200.31117	-109.20830	780.09083	-214.02589	-152.82332	693.12661	7.09688	-126.93553	397.03249	-36.87317	-44.22435	75.41861	-43.32041	-114.94798	87.13447	8.76066	-84.25364	74.33493	-181.66493	-196.01460	355.27602	-240.62593	-245.14667	343.70536	-380.39317	-250.83156	99.76540	-385.17937	-184.09770	118.80294	-345.85547	-210.26352	72.25847	-13.97858	-64.27604	344.86282	-409.86124	-222.89399	149.78417	-114.96537	-233.92650	656.67744	-75.12344	-82.98597	943.39898	-83.52713	-81.39147	99.13125	-84.83233	-61.47175	627.94325	-208.05385	-108.25793	968.69497	-204.87136	-83.25935	677.29574	-196.50798	-311.60660	448.47760	-54.07803	13.82846	457.82594	-306.48872	-314.94405	242.38940	-14.33162	6.30700	235.87201	
310	3.090	-189.15078	-110.23760	778.51286	-202.52123	-154.52805	691.81680	12.47674	-126.49526	393.28426	-35.52292	-43.46570	72.38911	-42.51640	-114.08332	84.58963	9.93919	-83.88412	71.27486	-167.99672	-196.54575	351.99129	-227.45439	-245.26312	340.96657	-373.36300	-251.86004	101.05466	-377.93466	-185.18912	120.44911	-340.92256	-210.88402	71.92261	-9.04441	-63.63162	341.71733	-400.88546	-224.15424	152.26018	-102.61873	-233.66929	654.18572	-66.26653	-79.78163	942.61398	-82.18212	-80.19861	96.72364	-74.86784	-60.71935	627.44659	-199.29457	-105.51678	966.92395	-194.36198	-84.70687	676.98334	-183.84473	-311.59812	446.02966	-46.90214	14.31826	455.63660	-295.01323	-315.50562	241.46726	-10.45539	6.85622	232.59831	
311	3.100	-178.07095	-111.40741	777.26269	-191.13556	-156.34850	690.76418	17.65585	-125.46531	390.33943	-34.68319	-42.34014	70.13324	-42.19693	-112.85925	82.87098	10.54319	-83.18577	68.90830	-153.55229	-196.84610	348.74402	-213.39328	-245.24587	338.12511	-365.25678	-252.97795	102.43341	-369.70299	-186.37060	122.14954	-335.15264	-211.58775	71.65339	-4.33639	-62.53377	339.36279	-390.74412	-225.51629	154.77370	-90.20435	-233.11374	651.79691	-57.47521	-76.64046	942.09103	-81.28202	-78.60639	95.19223	-65.34418	-59.62627	627.37888	-190.58379	-102.98994	965.42934	-184.17656	-86.26722	677.06375	-170.40914	-311.39411	443.56492	-40.23190	15.25381	454.09697	-282.39828	-316.02670	240.49326	-6.90474	7.84005	230.03948	
312	3.110	-167.14608	-112.66790	776.38529	-179.93138	-158.20913	690.00237	22.60299	-123.85111	388.16938	-34.13938	-40.89564	68.59893	-42.14879	-111.32554	81.91894	10.78488	-82.19839	67.20329	-138.45482	-196.85544	345.66377	-198.54064	-245.06285	335.29242	-356.05377	-254.16338	103.92528	-360.45438	-187.60908	123.89489	-328.45024	-212.38786	71.50068	0.09260	-60.98477	337.76627	-379.46654	-226.92354	157.30838	-77.81146	-232.23265	649.59093	-48.77871	-73.61193	941.86588	-80.63797	-76.66363	94.45248	-56.30397	-58.19189	627.74023	-181.94436	-100.73080	964.26254	-174.35515	-87.87596	677.53631	-156.26506	-310.96237	441.17979	-34.11696	16.62339	453.19089	-268.73402	-316.47001	239.55133	-3.62703	9.24454	228.15370	
313	3.120	-156.44544	-113.96113	775.91292	-168.96268	-160.02784	689.55631	27.27716	-121.69117	386.69363	-33.74185	-39.21963	67.69144	-42.20531	-109.56890	81.63199	10.83248	-80.98753	66.09227	-122.82832	-196.52368	342.88439	-183.00164	-244.68516	332.58779	-345.74495	-255.40055	105.55064	-350.17157	-188.87741	125.67350	-320.71214	-213.30153	71.51295	4.16865	-59.01092	336.84349	-367.10831	-228.32692	159.84775	-65.52774	-231.00842	647.64581	-40.20345	-70.74227	941.96991	-80.11882	-74.47108	94.37606	-47.77160	-56.42652	628.51306	-173.39820	-98.78010	963.46600	-164.92243	-89.46144	678.38643	-141.49752	-310.27732	438.98117	-28.59985	18.39225	452.85915	-254.12017	-316.80328	238.73480	-0.63009	11.02432	226.85612	
314	3.130	-146.03001	-115.22431	775.86261	-158.27376	-161.72167	689.44024	31.63247	-119.05744	385.79698	-33.40609	-37.42891	67.29021	-42.24949	-107.70354	81.88117	10.80652	-79.63731	65.48368	-106.79035	-195.81474	340.53341	-166.88359	-244.08915	330.12951	-334.33198	-256.67986	107.32197	-338.85033	-190.15575	127.47031	-311.83212	-214.34669	71.73257	7.81054	-56.66427	336.47546	-353.74687	-229.68844	162.37359	-53.43567	-229.43417	646.03220	-31.77110	-68.07238	942.42701	-79.65006	-72.17069	94.80945	-39.75327	-54.35088	629.66404	-164.96502	-97.16280	963.07006	-155.88827	-90.94997	679.58658	-126.21012	-309.32141	437.07886	-23.70932	20.50464	453.00992	-238.65955	-317.00154	238.13796	2.02866	13.10550	226.03579	
315	3.140	-135.95006	-116.39390	776.23479	-147.89886	-163.21295	689.65636	35.62416	-116.05107	385.34927	-33.10285	-35.65534	67.26714	-42.21054	-105.85775	82.52671	10.78239	-78.24121	65.27456	-90.44605	-194.70863	338.72202	-150.29094	-243.25792	328.02622	-321.82594	-257.99619	109.24037	-326.49913	-191.43130	129.26653	-301.70770	-215.53766	72.19182	10.94555	-54.02103	336.52789	-339.47487	-230.98268	164.86465	-41.60922	-227.51418	644.80804	-23.49691	-65.63599	943.25052	-79.20420	-69.92790	95.59439	-32.23852	-51.99459	631.14709	-156.66088	-95.88615	963.09056	-147.24944	-92.27164	681.09795	-110.51990	-308.08567	435.57704	-19.45406	22.88838	453.53257	-222.45211	-317.04790	237.84716	4.26266	15.39221	225.57363	
316	3.150	-126.24346	-117.41011	777.01309	-137.86240	-164.43519	690.19412	39.21503	-112.79371	385.22374	-32.84173	-34.02946	67.50284	-42.05571	-104.15845	83.43368	10.79778	-76.89191	65.36193	-73.88391	-193.20155	337.53727	-133.32054	-242.18193	326.36944	-308.24605	-259.34598	111.29405	-313.13828	-192.69662	131.04035	-290.24863	-216.88053	72.91036	13.52421	-51.17619	336.86970	-324.39180	-232.19610	167.29660	-30.11121	-225.26354	644.01404	-15.38834	-63.45816	944.44073	-78.78590	-67.90986	96.58638	-25.20287	-49.39413	632.90726	-148.49700	-94.93927	963.52756	-138.99211	-93.36604	682.87276	-94.55031	-306.56959	434.56589	-15.81805	25.46155	454.31198	-205.59008	-316.93294	237.93302	5.98175	17.77608	225.35799	
317	3.160	-116.93495	-118.22123	778.16535	-128.17984	-165.33801	691.03026	42.38165	-109.41542	385.31062	-32.65239	-32.66442	67.89796	-41.77991	-102.71585	84.48446	10.86266	-75.67141	65.65180	-57.17333	-191.30437	337.03743	-116.05750	-240.85872	325.22818	-293.61866	-260.72356	113.45922	-298.79864	-193.94674	132.76890	-277.38609	-218.36905	73.89462	15.53097	-48.23472	337.38702	-308.59522	-233.32443	169.64339	-18.99146	-222.70732	643.67045	-7.44437	-61.55440	945.98315	-78.41570	-66.26303	97.66787	-18.61099	-46.59071	634.88461	-140.47877	-94.29421	964.36503	-131.09470	-94.18714	684.85659	-78.42309	-304.78053	434.11461	-12.75865	28.14029	455.24087	-188.15427	-316.65287	238.44467	7.11686	20.14748	225.29536	
318	3.170	-108.03611	-118.78736	779.64564	-118.85873	-165.89035	692.12960	45.11939	-106.04117	385.52416	-32.56710	-31.64248	68.37863	-41.39521	-101.61035	85.58645	10.96992	-74.64267	66.06485	-40.36414	-189.03976	337.25108	-98.57180	-239.29188	324.64629	-277.97669	-262.11770	115.70358	-283.52010	-195.17590	134.43130	-263.08128	-219.98183	75.13911	16.98885	-45.30038	337.99120	-292.17282	-234.36878	171.87990	-8.28592	-219.87931	643.77544	0.34470	-59.93028	947.84771	-78.11552	-65.09392	98.75486	-12.42005	-43.62814	637.01784	-132.60507	-93.90846	965.57171	-123.53078	-94.70652	686.99085	-62.25011	-302.73261	434.26665	-10.20831	30.84653	456.22868	-170.21204	-316.20691	239.40707	7.63911	22.40728	225.31551	
319	3.180	-99.54609	-119.08310	781.39701	-109.90009	-166.08187	693.44643	47.44538	-102.77792	385.80328	-32.60754	-31.00598	68.89614	-40.92194	-100.88367	86.67495	11.10489	-73.84360	66.53889	-23.48795	-186.43843	338.17968	-80.91628	-237.48929	324.64274	-261.35977	-263.50877	117.99138	-267.35013	-196.37415	136.01203	-247.33217	-221.68129	76.62946	17.95751	-42.46402	338.62036	-275.19676	-235.33122	173.98549	1.98329	-216.82055	644.30527	7.99667	-58.58185	949.98911	-77.89843	-64.45574	99.79689	-6.58281	-40.55114	639.24729	-124.86815	-93.72866	967.10292	-116.27148	-94.91480	689.21494	-46.12631	-300.44515	435.03776	-8.07970	33.51462	457.20608	-151.81694	-315.59429	240.82156	7.56973	24.47751	225.37137	
320	3.190	-91.45290	-119.09899	783.35476	-101.29958	-165.92235	694.92653	49.39878	-99.70444	386.10752	-32.77718	-30.75376	69.42254	-40.38222	-100.53510	87.71155	11.25276	-73.28433	67.02860	-6.56111	-183.53501	339.80278	-63.12625	-235.46091	325.21429	-243.81483	-264.86710	120.28935	-250.34246	-197.52459	137.50420	-230.17728	-223.41447	78.34652	18.52568	-39.79362	339.23624	-257.72106	-236.21030	175.94763	11.80701	-213.57773	645.21608	15.53636	-57.49657	952.34822	-77.76328	-64.34288	100.77197	-1.05005	-37.40404	641.51720	-117.25388	-93.69498	968.90317	-109.28742	-94.82105	691.46838	-30.12483	-297.94093	436.41681	-6.27346	36.09599	458.12573	-133.01024	-314.81158	242.66938	6.98034	26.30931	225.43539	
321	3.200	-83.73504	-118.84162	785.45000	-93.04863	-165.43949	696.50963	51.03825	-96.86527	386.41070	-33.05917	-30.84341	69.94409	-39.79621	-100.52326	88.67958	11.40315	-72.94789	67.50331	10.41089	-180.36408	342.08469	-45.22097	-233.21651	326.34014	-225.39721	-266.15269	122.57202	-232.55608	-198.60138	138.91161	-211.69550	-225.11556	80.27049	18.79992	-37.32789	339.81823	-239.78237	-236.99729	177.76470	21.18770	-210.20152	646.44708	22.99392	-56.65487	954.85466	-77.69414	-64.69354	101.67847	4.22752	-34.22974	643.77722	-109.74247	-93.74588	970.90926	-102.55006	-94.45063	693.69268	-14.29501	-295.24428	438.36916	-4.68694	38.56141	458.96012	-113.82416	-313.85062	244.91720	5.98451	27.88703	225.49387	
322	3.210	-76.36328	-118.33241	787.61310	-85.13525	-164.67539	698.13217	52.43672	-94.26997	386.69463	-33.41897	-31.19847	70.45449	-39.18049	-100.77290	89.57782	11.55225	-72.79403	67.94387	27.42815	-176.95692	344.98115	-27.20717	-230.76359	327.98741	-206.17142	-267.31600	124.82541	-214.05423	-199.56888	140.24904	-192.00199	-226.70955	82.38443	18.89236	-35.07459	340.35691	-221.40373	-237.67343	179.44701	30.13764	-206.74488	647.92482	30.40284	-56.03201	957.43017	-77.66338	-65.39959	102.52637	9.29812	-31.06898	645.98343	-102.30966	-93.82268	973.05372	-96.03226	-93.84182	695.83320	1.33649	-292.37927	440.84167	-3.22233	40.90059	459.69778	-94.28641	-312.69743	247.52364	4.72353	29.22763	225.54125	
323	3.220	-69.30256	-117.60535	789.77700	-77.54446	-163.68238	699.73028	53.67456	-91.89732	386.94441	-33.81000	-31.71946	70.94944	-38.54823	-101.18541	90.41405	11.70270	-72.76569	68.33934	44.49053	-173.33934	348.44512	-9.08419	-228.10596	330.11667	-186.21147	-268.29978	127.04816	-194.90349	-200.38178	141.54046	-171.24030	-228.11653	84.67606	18.90964	-33.01373	340.84868	-202.60023	-238.20841	181.01572	38.67713	-203.26123	649.56800	37.79776	-55.60016	959.99264	-77.63682	-66.32163	103.32943	14.20826	-27.95962	648.09893	-94.92805	-93.87353	975.26827	-89.70853	-93.04169	697.84082	16.76157	-289.36824	443.76860	-1.79252	43.11952	460.33896	-74.42538	-311.33231	250.44543	3.34975	30.37566	225.57518	
324	3.230	-62.51380	-116.70389	791.88012	-70.25850	-162.51855	701.24280	54.83197	-89.70378	387.14593	-34.18083	-32.29675	71.42321	-37.91000	-101.65140	91.19941	11.86198	-72.79696	68.68398	61.59197	-169.53101	352.43072	9.14943	-225.24325	332.68651	-165.59982	-269.04146	129.24983	-175.17233	-200.98629	142.81500	-149.57176	-229.25586	87.13757	18.94457	-31.10458	341.29208	-183.38528	-238.56014	182.49912	46.83268	-199.80275	651.29249	45.21235	-55.33061	962.46051	-77.57950	-67.30680	104.09961	19.00246	-24.93598	650.09419	-87.56874	-93.85653	977.48708	-83.55465	-92.10185	699.67361	31.98432	-286.23091	447.07729	-0.32414	45.23612	460.89150	-54.27536	-309.73084	253.64196	2.01045	31.39477	225.59324	
325	3.240	-55.95556	-115.67732	793.86874	-63.25671	-161.24333	702.61397	55.98216	-87.63432	387.28542	-34.48229	-32.82360	71.86741	-37.27485	-102.06359	91.94429	12.04000	-72.82150	68.97512	78.71540	-165.54618	356.89505	27.48894	-222.17135	335.65666	-144.42490	-269.47556	131.44640	-154.92936	-201.32200	144.10128	-127.16341	-230.04962	89.76326	19.07128	-29.29509	341.68598	-163.77599	-238.67590	183.92691	54.63551	-196.41862	653.01623	52.67731	-55.19562	964.75709	-77.46085	-68.20657	104.84391	23.72329	-22.02822	651.94710	-80.20282	-93.74180	979.64969	-77.54718	-91.07436	701.29815	47.01338	-282.98406	450.69293	1.24232	47.27482	461.36741	-33.88076	-307.86577	257.07758	0.83452	32.35713	225.59131	
326	3.250	-49.58558	-114.57699	795.69884	-56.51529	-159.91359	703.79594	57.18601	-85.63368	387.35034	-34.67353	-33.20754	72.27145	-36.65109	-102.32820	92.65588	12.24655	-72.78010	69.21164	95.82873	-161.39544	361.79787	45.91651	-218.88363	338.98911	-122.77711	-269.53616	133.65361	-134.24115	-201.32421	145.42082	-104.17620	-230.42483	92.54542	19.34375	-27.53156	342.02906	-143.79673	-238.49476	185.32290	62.12030	-193.15342	654.66359	60.21880	-55.17013	966.81456	-77.25843	-68.89225	105.56354	28.41140	-19.26167	653.64297	-72.80290	-93.51238	981.70341	-71.66271	-90.00800	702.69053	61.85424	-279.64193	454.54175	2.95445	49.26126	461.78008	-13.29867	-305.70929	260.72107	-0.07673	33.33283	225.56336	
327	3.260	-43.36209	-113.45278	797.33722	-50.00694	-158.58028	704.75058	58.48930	-83.65592	387.33075	-34.72629	-33.37887	72.62415	-36.04645	-102.37361	93.33743	12.48908	-72.62668	69.39336	112.88225	-157.08813	367.09949	64.39547	-215.37279	342.64732	-100.74370	-269.15879	135.87924	-113.16999	-200.92654	146.78157	-80.75486	-230.31421	95.46903	19.79705	-25.76708	342.32020	-123.48018	-237.95105	186.69734	69.32431	-190.04566	656.16897	67.85725	-55.23296	968.57728	-76.95976	-69.26655	106.25491	33.10558	-16.65634	655.17415	-65.34437	-93.16402	983.60509	-65.87719	-88.94536	703.83685	76.50263	-276.21690	458.55245	4.85075	51.21763	462.14223	7.40073	-303.23518	264.54237	-0.65451	34.38078	225.50226	
328	3.270	-37.24496	-112.34986	798.76195	-43.70057	-157.28587	705.45064	59.92234	-81.67075	387.22065	-34.62705	-33.29549	72.91573	-35.46768	-102.15542	93.98870	12.77125	-72.33191	69.52085	129.80769	-152.63454	372.75714	82.86651	-211.63269	346.59361	-78.40352	-268.28191	138.11535	-91.77210	-200.06350	148.17249	-57.02092	-229.65560	98.50637	20.45039	-23.96744	342.55898	-102.86610	-236.97866	188.03997	76.28687	-187.12657	657.47951	75.60670	-55.36755	970.00432	-76.56244	-69.27015	106.91162	37.84274	-14.22644	656.53949	-57.80645	-92.70412	985.32222	-60.16526	-87.92065	704.73299	90.94019	-272.72031	462.65577	6.96339	53.15952	462.46448	28.13611	-300.42069	268.50725	-0.86324	35.54229	225.40104	
329	3.280	-31.19649	-111.30631	799.96215	-37.56113	-156.06268	705.88010	61.50224	-79.66575	387.01873	-34.37700	-32.94392	73.13972	-34.91974	-101.65768	94.60731	13.09243	-71.88427	69.59569	146.51892	-148.04746	378.72050	101.24620	-207.66004	350.78518	-55.82264	-266.84791	140.33204	-70.09687	-198.67291	149.56016	-33.06984	-228.39044	101.61245	21.31132	-22.11401	342.74634	-81.99858	-235.51551	189.31509	83.04908	-184.41908	658.55664	83.47457	-55.56220	971.07081	-76.07274	-68.88318	107.52696	42.65769	-11.98015	657.74358	-50.17290	-92.14988	986.83329	-54.49981	-86.95835	705.38370	105.13278	-269.16306	466.78288	9.32010	55.09449	462.75453	48.81874	-297.24757	272.57081	-0.69790	36.83816	225.25429	
330	3.290	-25.18206	-110.35139	800.93701	-31.54954	-154.93204	706.03368	63.23689	-77.64501	386.72843	-33.99016	-32.33680	73.29438	-34.40475	-100.89064	95.19046	13.44817	-71.28888	69.62080	162.91434	-143.34251	384.92687	119.42822	-203.45549	355.16946	-33.05229	-264.80366	142.47362	-48.18774	-196.69790	150.88775	-8.97242	-226.46203	104.72218	22.38027	-20.20372	342.88486	-60.92314	-233.50769	190.45936	89.65379	-181.93707	659.37651	91.46192	-55.80985	971.76833	-75.50314	-68.12200	108.09636	47.58291	-9.91936	658.79563	-42.43257	-91.52598	988.12741	-48.85173	-86.07284	705.80110	119.03203	-265.55577	470.86275	11.94503	57.02232	463.01680	69.35743	-293.70238	276.67109	-0.17845	38.26896	225.05929	
331	3.300	-19.17034	-109.50474	801.69427	-25.62294	-153.90433	705.91559	65.13017	-75.62480	386.35739	-33.48996	-31.50773	73.38353	-33.92103	-99.88585	95.73670	13.83148	-70.56429	69.60086	178.88079	-138.53736	391.29650	137.28712	-199.02409	359.67949	-10.12984	-262.10086	144.45807	-26.08500	-194.08853	152.07670	15.21957	-223.81425	107.74990	23.65526	-18.24680	342.97883	-39.68489	-230.91253	191.38304	96.14566	-179.68485	659.92927	99.56398	-56.10750	972.10417	-74.86934	-67.03242	108.61957	52.64813	-8.03965	659.70823	-34.57956	-90.86205	989.20325	-43.18987	-85.26881	706.00256	132.57953	-261.90817	474.81968	14.85888	58.93659	463.25263	89.66339	-289.77596	280.72407	0.65765	39.81810	224.81679	
332	3.310	-13.13332	-108.77625	802.24817	-19.73507	-152.97986	705.53775	67.18748	-73.62795	385.91633	-32.90488	-30.50444	73.41678	-33.46240	-98.68957	96.24752	14.23464	-69.73827	69.54263	194.29879	-133.64994	397.72892	154.68424	-194.37505	364.23011	12.91647	-258.69645	146.18000	-3.83069	-190.80307	153.03089	39.46440	-220.39152	110.59171	25.13638	-16.26313	343.03397	-18.32892	-227.70033	191.97458	102.57121	-177.65689	660.21748	107.77101	-56.45521	972.09968	-74.18708	-65.68061	109.10230	57.88006	-6.33034	660.49583	-26.61334	-90.19022	990.06742	-37.48121	-84.54244	706.00833	145.71327	-258.22807	478.57129	18.07867	60.82702	463.46052	109.65409	-285.46248	284.62131	1.76407	41.45659	224.53127	
333	3.320	-7.04590	-108.16670	802.61696	-13.83686	-152.15033	704.91763	69.42092	-71.67813	385.41749	-32.26392	-29.38144	73.40927	-33.01798	-97.35580	96.72839	14.65116	-68.84309	69.45495	209.04894	-128.69608	404.10094	171.47525	-189.52095	368.71580	36.05932	-254.55332	147.51699	18.52473	-186.80898	153.64285	63.71918	-216.14056	113.13032	26.83005	-14.27809	343.05670	3.09651	-223.85466	192.10833	108.97875	-175.83796	660.25367	116.06919	-56.85509	971.78785	-73.46921	-64.14327	109.55712	63.30208	-4.77473	661.17310	-18.53849	-89.54274	990.73230	-31.69127	-83.88303	705.83912	158.37507	-254.51981	482.02784	21.61765	62.68206	463.63662	129.25512	-280.75836	288.23096	3.09448	43.14856	224.21065	
334	3.330	-0.88535	-107.66878	802.82035	-7.87733	-151.40065	704.07610	71.85350	-69.79514	384.87276	-31.59236	-28.19323	73.38098	-32.57225	-95.93990	97.18929	15.07753	-67.91121	69.34854	223.01888	-123.68713	410.26686	187.51874	-184.47673	373.01087	59.26140	-249.64192	148.33871	40.91470	-182.08411	153.80160	87.92776	-211.01419	115.24232	28.75245	-12.31867	343.05304	24.53413	-219.37145	191.65456	115.41807	-174.20350	660.05759	124.44172	-57.31004	971.21037	-72.72314	-62.49850	110.00374	68.93416	-3.35054	661.75323	-10.36445	-88.95004	991.21372	-25.78466	-83.27503	705.51390	170.51812	-250.78258	485.09323	25.48549	64.49130	463.77482	148.39966	-275.66151	291.40291	4.61056	44.85634	223.86554	
335	3.340	5.36940	-107.26836	802.87697	-1.80467	-150.71102	703.03557	74.52201	-67.99174	384.29159	-30.90849	-26.98906	73.35579	-32.10547	-94.49352	97.64460	15.51448	-66.97186	69.23542	236.11051	-118.62791	416.06186	202.68501	-179.25851	376.97249	82.46307	-243.94291	148.51800	63.24872	-176.61837	153.40129	112.00942	-204.97737	116.80707	30.93217	-10.41039	343.02701	45.90995	-214.25774	190.49103	121.93976	-172.72067	659.65337	132.86980	-57.82262	970.41449	-71.94886	-60.81842	110.46846	74.79290	-2.03070	662.24611	-2.10501	-88.43909	991.52848	-19.72577	-82.69993	705.04815	182.11334	-247.00914	487.66793	29.68891	66.24715	463.86670	167.02570	-270.17140	293.97768	6.28834	46.54465	223.50799	
336	3.350	11.73855	-106.94586	802.80210	4.43238	-150.05886	701.81865	77.47824	-66.27208	383.67872	-30.22151	-25.80953	73.36026	-31.59406	-93.06152	98.11237	15.96766	-66.04885	69.12812	248.24663	-113.51548	421.30868	216.86453	-173.88277	380.44697	105.57058	-237.45138	147.94275	85.40574	-170.41625	152.35017	135.84970	-198.01478	117.71648	33.41134	-8.57506	342.97884	67.12500	-208.53066	188.51509	128.59419	-171.34977	659.06704	141.33365	-58.39399	969.44976	-71.13758	-59.16433	110.98283	80.89173	-0.78435	662.65682	6.22229	-88.03220	991.69207	-13.47972	-82.13807	704.45279	193.15395	-243.18526	489.65374	34.23243	67.94595	463.90103	185.07156	-264.29011	295.79863	8.12187	48.18328	223.15000	
337	3.360	18.24202	-106.67748	802.60609	10.88285	-149.42050	700.44751	80.78844	-64.63157	383.03216	-29.53077	-24.68543	73.42236	-31.01086	-91.68049	98.61303	16.44769	-65.15973	69.03859	259.37654	-108.33914	425.82766	229.97542	-168.36606	383.27926	128.44675	-230.18236	146.52756	107.22988	-163.50039	150.57931	159.29475	-190.13967	117.88473	36.24513	-6.82952	342.90302	88.04834	-202.21772	185.65518	135.42994	-170.04632	658.32471	149.81338	-59.02310	968.36518	-70.27109	-57.58463	111.58179	87.24126	0.42167	662.98428	14.59693	-87.74617	991.71686	-7.01346	-81.56992	703.73378	203.65732	-239.29025	490.96026	39.11920	69.58818	463.86310	202.47096	-258.02470	296.72624	10.12409	49.74843	222.80186	
338	3.370	24.89976	-106.43619	802.29344	17.59155	-148.77250	698.94403	84.53085	-63.05759	382.34151	-28.82610	-23.63838	73.56999	-30.32514	-90.37890	99.16775	16.96984	-64.31607	68.97702	269.47991	-103.08177	429.44978	241.96920	-162.72551	385.32506	150.90613	-222.17745	144.22402	128.52980	-155.91610	148.05034	182.15020	-181.40259	117.25704	39.49946	-5.18514	342.78678	108.51294	-195.35885	181.88102	142.49190	-168.76363	657.45158	158.28987	-59.70599	967.20668	-69.32166	-56.11511	112.30136	93.84951	1.62119	663.22045	22.99632	-87.59173	991.61082	-0.29709	-80.97695	702.89256	213.66430	-235.29898	491.51253	44.35149	71.17795	463.73413	219.14878	-251.39089	296.65290	12.32481	51.22288	222.47071	
339	3.380	31.73171	-106.19245	801.86297	24.59684	-148.09251	697.33064	88.79163	-61.53075	381.58712	-28.08879	-22.68263	73.82956	-29.50229	-89.17807	99.79651	17.55352	-63.52453	68.95074	278.56862	-97.72308	432.03136	252.83447	-156.98044	386.46462	172.71613	-213.51173	141.02878	149.08239	-147.73644	144.76183	204.18538	-171.89899	115.81667	43.24691	-3.64774	342.60913	128.31628	-188.01033	177.21121	149.81900	-167.45587	656.47192	166.74553	-60.43550	966.01531	-68.25245	-54.78094	113.17612	100.72217	2.84671	663.35022	31.39687	-87.57321	991.37709	6.69458	-80.34192	701.92724	223.23571	-231.18543	491.25928	49.93086	72.72202	463.49107	235.01902	-244.41782	295.51637	14.76642	52.59540	222.15935	
340	3.390	38.75715	-105.91472	801.30886	31.92827	-147.35973	695.63174	93.65915	-60.02617	380.74039	-27.29275	-21.82743	74.22451	-28.50342	-88.09351	100.51624	18.22184	-62.78830	68.96330	286.68628	-92.24475	433.46923	262.59792	-151.15508	386.61672	193.60533	-204.29971	136.98832	168.64155	-139.06697	140.75373	225.14302	-161.77407	113.58943	47.56118	-2.21777	342.34108	147.22651	-180.25023	171.71777	157.44176	-166.08127	655.40994	175.16493	-61.20114	964.82608	-67.01825	-53.59924	114.23667	107.86257	4.12738	663.35213	39.77516	-87.68843	991.01443	13.98042	-79.64885	700.83440	232.44673	-226.92775	490.18088	55.85787	74.22833	463.10712	249.98595	-237.15346	293.31023	17.49850	53.85990	221.86576	
341	3.400	45.99366	-105.56981	800.62276	39.60421	-146.55505	693.87532	99.21728	-58.51494	379.76547	-26.40535	-21.07886	74.77387	-27.28511	-87.13579	101.33911	19.00143	-62.10840	69.01388	293.90569	-86.63749	433.71425	271.32253	-145.28237	385.75107	213.27904	-194.69897	132.20009	186.95177	-130.04925	136.10920	244.75427	-151.22355	110.64512	52.51073	-0.89069	341.94709	164.99495	-172.18425	165.52657	165.37994	-164.60540	654.29128	183.53540	-61.98932	963.66761	-65.56633	-52.58133	115.50726	115.27160	5.48695	663.19998	48.10912	-87.92870	990.51843	21.57130	-78.88270	699.61141	241.37958	-222.51443	488.29616	62.13137	75.70447	462.55319	263.94912	-229.66995	290.08977	20.57225	55.01474	221.58315	
342	3.410	53.45559	-105.12318	799.79663	47.62987	-145.66107	692.09468	105.53791	-56.96547	378.62257	-25.38761	-20.44077	75.49094	-25.79941	-86.31083	102.27118	19.92248	-61.48458	69.09710	300.32434	-80.90962	432.78128	279.10298	-139.40845	383.89705	231.44134	-184.90999	126.80928	203.76589	-120.86162	130.95333	262.75808	-140.48941	107.09539	58.15205	0.34262	341.38799	181.37420	-163.95028	158.81325	173.64035	-163.00413	653.14483	191.84741	-62.78375	962.56240	-63.83744	-51.73363	117.00369	122.94743	6.94188	662.86534	56.37919	-88.27894	989.88356	29.46866	-78.02899	698.25896	250.11525	-217.95118	485.66713	68.74758	77.15617	461.80043	276.81191	-222.06777	285.97219	24.03594	56.06233	221.30084	
343	3.420	61.15231	-104.53945	798.82597	55.99587	-144.66205	690.32963	112.67360	-55.34523	377.27256	-24.19367	-19.91430	76.38210	-23.99449	-85.61927	103.31159	21.01896	-60.91565	69.20345	306.05832	-75.09608	430.75392	286.05834	-133.59724	381.14745	247.82179	-175.17092	121.00133	218.86568	-111.71623	125.44829	278.92345	-129.84974	103.08799	64.52358	1.49527	340.62514	196.14053	-155.72014	151.79434	182.21536	-161.26600	652.00442	200.09487	-63.56611	961.52777	-61.76685	-51.05698	118.73153	130.88503	8.49980	662.32085	64.56938	-88.71800	989.10569	37.66345	-77.07359	696.78364	258.72519	-213.26753	482.40048	75.69913	78.58603	460.82374	288.49282	-214.47778	281.13083	27.93203	57.00915	221.00572	
344	3.430	69.08644	-103.78325	797.71320	64.67763	-143.54402	688.62704	120.65095	-53.62309	375.68284	-22.76994	-19.49626	77.44588	-21.81593	-85.05507	104.45237	22.32891	-60.39914	69.32008	311.23525	-69.26667	427.78256	292.32267	-127.93424	377.65564	262.20372	-165.74673	114.99015	232.08300	-102.85140	119.78467	293.07203	-119.60315	98.79728	71.64084	2.58357	339.62557	209.11789	-147.69674	144.71368	191.08208	-159.39379	650.91002	208.27509	-64.31692	960.57718	-59.28584	-50.54445	120.68489	139.07588	10.15843	661.54392	72.66800	-89.21915	988.18478	46.13572	-76.00280	695.20026	267.26358	-208.52220	478.64525	82.97445	79.99273	459.60584	298.93765	-207.05986	275.78339	32.29614	57.86601	220.68418	
345	3.440	77.25232	-102.82045	796.47050	73.63588	-142.29509	687.04040	129.46543	-51.77244	373.83340	-21.05434	-19.17666	78.67248	-19.20887	-84.60385	105.67898	23.89447	-59.93055	69.43223	315.98632	-63.53145	424.07514	298.03405	-122.52846	373.62607	274.45043	-156.91291	109.00275	243.31891	-94.51912	114.16932	305.09845	-110.04860	94.41167	79.49346	3.62573	338.36739	220.20026	-140.10579	137.82495	200.20260	-157.40496	649.90795	216.38858	-65.01643	959.72182	-56.32363	-50.17821	122.84584	147.50759	11.90514	660.52068	80.66813	-89.75083	987.12744	54.85500	-74.80376	693.53355	275.76104	-203.80605	474.58590	90.55762	81.37062	458.14154	308.13030	-199.99763	270.17523	37.15765	58.64829	220.32422	
346	3.450	85.63502	-101.62001	795.12193	82.81826	-140.90612	685.62834	139.07851	-49.77526	371.72277	-18.97629	-18.93614	80.04391	-16.12073	-84.24135	106.97153	25.76156	-59.50234	69.52508	320.43822	-58.04154	419.88111	303.32304	-117.51141	369.29846	284.52496	-148.93512	103.26152	252.55763	-86.96835	108.81035	314.98507	-101.46265	90.11896	88.04456	4.64026	336.84499	229.36828	-133.18199	131.37169	209.52528	-155.33105	649.04995	224.43851	-65.64572	958.97218	-52.81033	-49.92649	125.18471	156.16379	13.71717	659.24957	88.56766	-90.27771	985.94897	63.78145	-73.46534	691.81909	284.22038	-199.24148	470.43099	98.42886	82.71000	456.44158	316.09992	-193.48890	264.55914	42.54137	59.37593	219.91764	
347	3.460	94.21009	-100.15618	793.70419	92.16205	-139.37156	684.45192	149.41762	-47.62668	369.37255	-16.45814	-18.74409	81.53492	-12.50447	-83.93276	108.30674	27.97911	-59.10295	69.58591	324.70520	-52.98358	415.46990	308.30159	-113.03222	364.92722	292.49952	-142.04690	97.96594	259.87267	-80.42559	103.90083	322.80845	-94.07668	86.09112	97.23263	5.64390	335.07302	236.69685	-127.15062	125.56691	218.98711	-153.21586	648.39091	232.43002	-66.18773	958.33952	-48.68075	-49.74180	127.66141	165.02423	15.56270	657.74428	96.36887	-90.76206	984.67457	72.86801	-71.97933	690.10321	292.61488	-194.97726	466.39772	106.56576	83.99775	454.53524	322.92223	-187.73241	259.17389	48.46936	60.07274	219.46192	
348	3.470	102.94418	-98.41109	792.26604	101.59778	-137.69059	683.57112	160.37920	-45.33948	366.82992	-13.41822	-18.55823	83.11488	-8.32196	-83.63337	109.66042	30.59770	-58.71609	69.60650	328.88195	-48.56705	411.10637	313.05382	-109.24848	360.75855	298.55170	-136.42847	93.27594	265.42317	-75.07484	99.60302	328.73551	-88.05721	82.47048	106.97587	6.64941	333.08877	242.35085	-122.20676	120.57489	228.51694	-151.11269	647.98551	240.36920	-66.62822	957.83692	-43.87923	-49.56137	130.22803	174.06515	17.40253	656.03545	104.07767	-91.16547	983.33952	82.06307	-70.34190	688.44167	300.88927	-191.17873	462.69409	114.94507	85.21845	452.47138	328.71393	-182.91181	254.22410	54.96216	60.76501	218.96175	
349	3.480	111.79652	-96.37737	790.86619	111.05341	-135.86818	683.04066	171.83492	-42.94753	364.16754	-9.77570	-18.32601	84.75060	-3.54705	-83.29087	111.01027	33.66788	-58.32055	69.58549	333.03778	-45.00479	407.02649	317.62959	-106.31286	357.00808	302.94666	-132.18966	89.29935	269.44002	-71.03975	96.03514	333.00901	-83.49189	79.35917	117.17847	7.66349	330.95220	246.56869	-118.49462	116.49778	238.03943	-149.08069	647.88389	248.26206	-66.95663	957.47983	-38.36494	-49.31037	132.83254	183.25982	19.19250	654.17109	111.70252	-91.45081	981.98822	91.31362	-68.55504	686.89726	308.96365	-188.01341	459.50031	123.54490	86.35573	450.31744	333.62031	-179.17890	249.86416	62.03870	61.47935	218.43018	
350	3.490	120.72116	-94.06046	789.56985	120.45862	-133.91615	682.90562	183.64050	-40.50715	361.48031	-5.45679	-17.98820	86.40993	1.83226	-82.84927	112.33868	37.23825	-57.89065	69.53033	337.21260	-42.48851	403.41669	322.04215	-104.35678	353.84220	306.00731	-129.35941	86.08561	272.20307	-68.37038	93.26273	335.92382	-80.38342	76.81355	127.73830	8.68527	328.74356	249.63538	-116.09012	113.36931	247.47923	-147.18084	648.12711	256.11351	-67.16680	957.28601	-32.11694	-48.90810	135.42337	192.57929	20.88634	652.21519	119.25315	-91.58433	980.67216	100.56847	-66.62783	685.53638	316.73992	-185.63363	456.95241	132.34715	87.39368	448.15631	337.79767	-176.63782	246.18841	69.71467	62.23999	217.88932	
351	3.500	129.66972	-91.48022	788.44429	129.74881	-131.85361	683.19754	195.64638	-38.09543	358.87933	-0.40158	-17.48417	88.06567	7.81284	-82.25410	113.63505	41.35355	-57.39727	69.45855	341.41509	-41.16274	400.40000	326.27022	-103.47285	351.36574	308.07714	-127.88344	83.62658	274.01290	-67.03661	91.29585	337.79737	-78.65188	74.84409	138.55495	9.70579	326.55860	251.84959	-114.98942	111.15664	256.76514	-145.47164	648.74275	263.92645	-67.25738	957.27490	-25.13822	-48.27647	137.95429	201.99311	22.43888	650.24484	126.73932	-91.53788	979.44699	109.78106	-64.57711	684.42478	324.11059	-184.15816	455.13017	141.33975	88.31827	446.08135	341.39358	-175.33252	243.22907	77.99914	63.06594	217.37063	
352	3.510	138.59436	-88.67154	787.55389	138.86833	-129.70689	683.93135	207.70874	-35.80529	356.48356	5.42951	-16.75847	89.69928	14.37711	-81.45819	114.89714	46.05307	-56.80946	69.39798	345.62323	-41.10128	398.03113	330.26445	-103.69892	349.61767	309.48208	-127.63017	81.86456	275.16148	-66.92924	90.09248	338.93900	-78.14506	73.42074	149.53729	10.70868	324.50186	253.49043	-115.10524	109.77021	265.83372	-144.00513	649.74161	271.70107	-67.23209	957.46641	-17.45767	-47.34984	140.38902	211.47009	23.80917	648.34570	134.16963	-91.29088	978.36903	118.91172	-62.42751	683.62308	330.96924	-183.65557	454.05188	150.51854	89.11864	444.18997	344.52873	-175.23933	240.96179	86.89023	63.96853	216.91467	
353	3.520	147.45058	-85.68359	786.95521	147.77273	-127.50861	685.10367	219.69983	-33.73734	354.41016	12.05072	-15.76764	91.30346	21.49550	-80.42727	116.13123	51.36936	-56.09635	69.38561	349.78740	-42.29086	396.30078	333.95754	-105.00664	348.57510	310.49846	-128.40395	80.70566	275.90673	-67.86897	89.56747	339.62315	-78.65491	72.48216	160.60950	11.67228	322.67870	254.79007	-116.27211	109.07975	274.63223	-142.82332	651.11573	279.43460	-67.09959	957.87925	-9.12931	-46.08457	142.70444	220.97883	24.96351	646.60645	141.55067	-90.83209	977.49156	127.92903	-60.21050	683.18225	337.22168	-184.13230	453.67638	159.88831	89.78840	442.57662	347.28416	-176.26589	239.31756	96.37027	64.94993	216.57010	
354	3.530	156.19952	-82.57771	786.69269	156.42987	-125.29582	686.69261	231.51608	-31.98933	352.76457	19.44819	-14.48617	92.88320	29.13040	-79.14443	117.35077	57.32756	-55.22906	69.46499	353.83608	-44.62549	395.14809	337.27652	-107.29716	348.16434	311.33198	-129.96377	80.03613	276.45458	-69.62236	89.60543	340.07030	-79.93791	71.94727	171.71478	12.57309	321.18702	255.91657	-118.26032	108.93350	283.12049	-141.95542	652.83830	287.12132	-66.87318	958.52902	-0.22848	-44.46697	144.89197	230.48828	25.87784	645.11258	148.88647	-90.16073	976.86132	136.81018	-57.96251	683.13980	342.79671	-185.52759	453.91238	169.46286	90.32676	441.32580	349.69666	-178.25705	238.19851	106.40140	66.00308	216.39184	
355	3.540	164.80958	-79.42396	786.79530	164.81983	-123.10753	688.65921	243.08318	-30.64439	351.63182	27.58015	-12.91060	94.45475	37.24130	-77.61282	118.57367	63.94500	-54.18239	69.68238	357.68433	-47.91365	394.47810	340.15569	-110.40587	348.27679	312.11053	-132.04545	79.73859	276.95069	-71.92303	90.07557	340.43800	-81.73692	71.72703	182.81631	13.39005	320.10969	256.96911	-120.79735	109.17762	291.27169	-141.41605	654.86536	294.75293	-66.57021	959.42623	9.15476	-42.51793	146.95661	239.96802	26.53955	643.94011	156.17837	-89.28711	976.51539	145.54048	-55.72230	683.51681	347.65510	-187.71685	454.63308	179.26351	90.73975	440.50617	351.76325	-181.00751	237.49456	116.92253	67.11326	216.43812	
356	3.550	173.25714	-76.29666	787.27461	172.93393	-120.98174	690.95026	254.35794	-29.75947	351.06993	36.37994	-11.06092	96.04262	45.79006	-75.85590	119.81850	71.23116	-52.93593	70.08200	361.24446	-51.89797	394.18066	342.54823	-114.11620	348.78646	312.89006	-134.38486	79.70556	277.48166	-74.49600	90.84619	340.82174	-83.80246	71.73473	193.89532	14.10915	319.50849	257.98484	-123.59431	109.67254	299.07226	-141.20445	657.13917	302.31930	-66.21122	960.57447	18.92423	-40.29349	148.91370	249.38863	26.94828	643.14995	163.42515	-88.23232	976.47890	154.11213	-53.52788	684.31635	351.79510	-190.52345	455.69365	189.31578	91.04114	440.16620	353.45354	-184.27989	237.09831	127.84846	68.26128	216.76668	
357	3.560	181.52644	-73.26943	788.12418	180.77298	-118.95239	693.50202	265.32706	-29.35568	351.10631	45.76166	-8.97877	97.67500	54.74573	-73.91509	121.10040	79.18772	-51.47460	70.70114	364.43810	-56.28447	394.14728	344.43477	-118.18116	349.56643	313.67063	-136.74001	79.84855	278.08402	-77.08231	91.79700	341.26412	-85.91143	71.89358	204.94684	14.72756	319.42019	258.95456	-126.37421	110.30443	306.52072	-141.30486	659.59264	309.80926	-65.81894	961.96894	28.98695	-37.88066	150.78412	258.72190	27.11579	642.78347	170.62348	-87.02727	976.76364	162.52255	-51.41337	685.52316	355.25361	-193.73744	456.94874	199.64388	91.25300	440.33175	354.72706	-187.82620	236.91611	139.07168	69.42772	217.43021	
358	3.570	189.60866	-70.41011	789.32051	188.34514	-117.04680	696.24449	276.00367	-29.41159	351.73721	55.62776	-6.72254	99.37857	64.08771	-71.84499	122.42731	87.80860	-49.78846	71.56583	367.20797	-60.77683	394.28327	345.82774	-122.34921	350.50193	314.41791	-138.90970	80.10208	278.75800	-79.46107	92.82805	341.76905	-87.88176	72.14131	215.97390	15.25638	319.85503	259.84287	-128.89833	110.99077	313.62600	-141.68788	662.15439	317.21160	-65.41713	963.59544	39.26169	-35.38875	152.58875	267.94123	27.06493	642.85965	177.76850	-85.71078	977.36755	170.77251	-49.40634	687.10471	358.10229	-197.13839	458.26755	210.26331	91.40562	441.00568	355.55158	-191.41029	236.87439	150.46762	70.59743	218.47156	
359	3.580	197.50063	-67.77626	790.82501	195.66368	-115.28377	699.10566	286.42259	-29.86100	352.93021	65.87746	-4.35986	101.17350	73.80682	-69.70650	123.79758	97.07986	-47.87195	72.68790	369.52742	-65.10968	394.51440	346.77098	-126.39053	351.49910	315.08542	-140.74677	80.42315	279.48291	-81.46634	93.86462	342.31772	-89.58191	72.43160	226.98150	15.72155	320.79759	260.60849	-130.98715	111.68044	320.40522	-142.31286	664.75371	324.51585	-65.02923	965.43013	49.68548	-32.93711	154.34348	277.02203	26.82758	643.37409	184.85444	-84.32711	978.27518	178.86430	-47.52603	689.01330	360.43911	-200.51886	459.54467	221.17223	91.53641	442.16911	355.91837	-194.82803	236.92147	161.90322	71.76327	219.91935	
360	3.590	205.20312	-65.41152	792.58701	202.74486	-113.67265	702.01527	296.63530	-30.59557	354.62911	76.41530	-1.95849	103.06990	83.90390	-67.55881	125.19939	106.97961	-45.72279	74.06400	371.40579	-69.07536	394.78835	347.33488	-130.11907	352.48894	315.63323	-142.16459	80.78738	280.23110	-82.99664	94.85830	342.88328	-90.93442	72.73320	237.97182	16.16240	322.20949	261.22085	-132.53278	112.34956	326.88140	-143.13105	667.32495	331.71309	-64.67703	967.43982	60.21727	-30.64060	156.05589	285.94221	26.44204	644.29985	191.87525	-82.92290	979.45890	186.80029	-45.78254	691.18900	362.37688	-203.70462	460.70600	232.34324	91.68781	443.78387	355.85149	-197.92300	237.02571	173.24862	72.92839	221.78438	
361	3.600	212.71927	-63.34335	794.54724	209.60609	-112.21351	704.90793	306.70521	-31.47259	356.76024	87.15876	0.42303	105.06619	94.38631	-65.45113	126.61240	117.47802	-43.34075	75.67673	372.88823	-72.53981	395.07247	347.60830	-133.40693	353.42732	316.04040	-143.13622	81.18344	280.97865	-84.01621	95.78471	343.44194	-91.91361	73.02738	248.94169	16.62819	324.03359	261.67056	-133.50140	112.99463	333.08115	-144.08931	669.81097	338.79640	-64.37939	969.58311	70.83845	-28.59466	157.72426	294.68284	25.94982	645.58999	198.82503	-81.54394	980.88076	194.58176	-44.17719	693.56302	364.03097	-206.56866	461.70969	243.71756	91.90426	445.79579	355.40948	-200.59529	237.17123	184.39081	74.10630	224.05756	
362	3.610	220.05327	-61.58211	796.64149	216.26457	-110.89823	707.72524	316.70376	-32.32760	359.23969	98.04442	2.74377	107.14995	105.26312	-63.41549	128.01138	128.53761	-40.72662	77.49771	374.05000	-75.44596	395.34941	347.68889	-136.18935	354.29195	316.30988	-143.68681	81.60730	281.71141	-84.54820	96.63896	343.97936	-92.53799	73.30467	259.88314	17.17282	326.19904	261.97271	-133.92582	113.62481	339.03263	-145.13400	672.16534	345.76116	-64.15102	971.81196	81.55075	-26.86204	159.33920	303.22867	25.39235	647.18131	205.69841	-80.23191	982.49480	202.20841	-42.70382	696.06125	365.50851	-209.03729	462.54291	255.20365	92.22842	448.13850	354.67986	-202.80281	237.35259	195.24775	75.31901	226.70963	
363	3.620	227.20942	-60.12159	798.80420	222.73638	-109.71227	710.41715	326.70700	-32.99056	361.98039	109.03199	4.98632	109.30091	116.53995	-61.46160	129.37110	140.11401	-37.88157	79.49202	374.98607	-77.80524	395.61224	347.67322	-138.46052	355.07747	316.46639	-143.88061	82.05732	282.42669	-84.66134	97.42975	344.49246	-92.85906	73.56154	270.78698	17.84882	328.62684	262.16357	-133.88989	114.25453	344.76377	-146.21483	674.35344	352.60511	-64.00144	974.07394	92.37235	-25.46318	160.88754	311.56884	24.80777	648.99902	212.49079	-79.02151	984.24961	209.67832	-41.35071	698.60769	366.90073	-211.08825	463.21559	266.68208	92.69706	450.73745	353.76801	-204.55536	237.56936	205.78067	76.59365	229.69305	
364	3.630	234.19175	-58.94076	800.97157	229.03594	-108.63690	712.94248	336.79244	-33.30415	364.89864	120.10603	7.15948	111.49573	128.21480	-59.57475	130.67175	152.15739	-34.80704	81.62314	375.79823	-79.68071	395.85979	347.64824	-140.26219	355.78977	316.54900	-143.80506	82.53071	283.13122	-84.45271	98.17317	344.98740	-92.94805	73.79755	281.64884	18.70131	331.23549	262.29253	-133.50802	114.89758	350.30106	-147.28822	676.35232	359.32817	-63.93437	976.31456	103.33310	-24.37198	162.35772	319.69728	24.22816	650.96176	219.19836	-77.93812	986.09087	216.98837	-40.10292	701.12763	368.27912	-212.74235	463.75258	278.01699	93.33697	453.51440	352.78293	-205.90318	237.82148	216.00245	77.95858	232.94588	
365	3.640	241.00397	-58.00653	803.08419	235.17601	-107.65151	715.26897	347.03565	-33.14198	367.91963	131.27518	9.29720	113.71343	140.27542	-57.71707	131.90351	164.61454	-31.50502	83.85773	376.58218	-81.16638	396.09288	347.68454	-141.66838	356.44041	316.60107	-143.55456	83.02176	283.83680	-84.02955	98.88712	345.47523	-92.88297	74.01334	292.47610	19.76297	333.94649	262.41168	-132.90354	115.56299	355.66858	-148.31986	678.14974	365.93219	-63.94736	978.47985	114.46964	-23.51776	163.74524	327.61313	23.67740	652.98656	225.81823	-76.99629	987.96395	224.13515	-38.94448	703.55061	369.69462	-214.05125	464.18553	289.07323	94.16126	456.39211	351.82293	-206.92259	238.10587	225.97997	79.44000	236.39755	
366	3.650	247.64992	-57.27705	805.08897	241.16779	-106.73567	717.37284	357.50643	-32.42426	370.98174	142.56896	11.45393	115.94036	152.69903	-55.83208	133.06965	177.43166	-27.97883	86.16938	377.41697	-82.36761	396.31155	347.83198	-142.76963	357.04202	316.66020	-143.21646	83.52128	284.55536	-83.49326	99.58698	345.96701	-92.73747	74.20929	303.29418	21.05064	336.68950	262.56570	-132.18977	116.25284	360.88757	-149.28636	679.74257	372.42062	-64.03196	980.51879	125.82085	-22.79349	165.05712	335.32082	23.16987	654.99341	232.34833	-76.19913	989.81608	231.11606	-37.86026	705.81290	371.17897	-215.08421	464.54580	299.73675	95.16673	459.29900	350.96349	-207.70132	238.41451	235.82941	81.05954	239.97579	
367	3.660	254.13413	-56.70535	806.94052	247.02143	-105.87079	719.23826	368.26446	-31.12830	374.03952	154.03259	13.69714	118.17355	165.45410	-53.85190	134.18729	190.55756	-24.23411	88.54083	378.35847	-83.38617	396.51339	348.11763	-143.65935	357.60490	316.75067	-142.86120	84.01728	285.29467	-82.92761	100.28287	346.46959	-92.57302	74.38501	314.15031	22.56399	339.40681	262.78426	-131.45655	116.96200	365.97620	-150.17586	681.13487	378.79817	-64.17422	982.38537	137.42397	-22.06900	166.31401	342.83002	22.71000	656.90917	238.78747	-75.53863	991.59841	237.93056	-36.83734	707.85973	372.74658	-215.91651	464.85923	309.93453	96.33291	462.17369	350.24941	-208.32616	238.73406	245.70440	82.83301	243.61378	
368	3.670	260.46241	-56.24283	808.60188	252.74642	-105.04125	720.85668	379.35509	-29.29187	377.06523	165.72040	16.09821	120.42154	178.50378	-51.70586	135.28584	203.94680	-20.27990	90.96440	379.43734	-84.31138	396.69288	348.54611	-144.42409	358.13529	316.87983	-142.53750	84.49622	286.05582	-82.39252	100.97865	346.98331	-92.43480	74.53940	325.11329	24.28630	342.05688	263.07826	-130.76364	117.67915	370.94965	-150.98756	682.33590	385.07047	-64.35573	984.04037	149.31144	-21.20701	167.54934	350.15528	22.29264	658.67066	245.13536	-74.99680	993.26755	244.58122	-35.86561	709.64705	374.39654	-216.62085	465.14324	319.65014	97.62345	464.96875	349.69205	-208.87408	239.04684	255.77857	84.76999	247.25657	
369	3.680	266.64242	-55.84247	810.04482	258.35217	-104.23489	722.22618	390.80566	-27.00810	380.04894	177.68887	18.72287	122.70244	191.81033	-49.32940	136.40323	217.56255	-16.12970	93.44077	380.66100	-85.21690	396.84173	349.10209	-145.13797	358.63502	317.03878	-142.27227	84.94454	286.83281	-81.92319	101.67235	347.50175	-92.35110	74.67099	336.26850	26.18697	344.61666	263.44041	-130.14108	118.38895	375.82031	-151.73044	683.35842	391.24394	-64.55491	985.45250	161.50863	-20.07946	168.80556	357.31545	21.90419	660.22688	251.39271	-74.54761	994.78685	251.07464	-34.93795	711.14292	376.11431	-217.26239	465.40630	328.93113	98.99015	467.65331	349.27191	-209.40750	239.33295	266.22503	86.87368	250.86533	
370	3.690	272.68395	-55.46140	811.24981	263.84831	-103.44304	723.35077	402.62326	-24.41273	382.99714	189.99010	21.62266	125.03956	205.33950	-46.67211	137.58078	231.37856	-11.80242	95.97626	382.01838	-86.16110	396.94986	349.75495	-145.86040	359.10236	317.20662	-142.07437	85.35019	287.61404	-81.53358	102.35771	348.01340	-92.33547	74.77847	347.70855	28.22530	347.08248	263.84917	-129.59471	119.07462	380.59807	-152.42121	684.21712	397.32564	-64.74855	986.59912	174.03246	-18.58168	170.12804	364.33286	21.52434	661.54032	257.56140	-74.15934	996.12725	257.42187	-34.04974	712.32826	377.87383	-217.89656	465.64927	337.88604	100.37917	470.21447	348.94577	-209.97279	239.57287	277.19612	89.14053	254.41903	
371	3.700	278.59893	-55.06295	812.20569	269.24503	-102.66015	724.23971	414.79404	-21.66554	385.92983	202.66651	24.82838	127.45549	219.06428	-43.70373	138.85719	245.38010	-7.32298	98.57931	383.48605	-87.18880	397.00691	350.46486	-146.63611	359.53346	317.35683	-141.94027	85.70383	288.38502	-81.22241	103.02612	348.50452	-92.39042	74.86122	359.52081	30.35464	349.46905	264.27491	-129.11472	119.72054	385.29078	-153.08184	684.92755	403.32325	-64.91346	987.46639	186.89096	-16.64276	171.55777	371.23221	21.12820	662.58746	263.64463	-73.79732	997.26779	263.63830	-33.19827	713.19712	379.64045	-218.56854	465.86791	346.67059	101.73820	472.65708	348.65691	-210.60113	239.75014	288.80659	91.55978	257.91312	
372	3.710	284.40119	-54.61789	812.90918	274.55318	-101.88322	724.90678	427.28428	-18.92961	388.87650	215.74751	28.34607	129.96590	232.96744	-40.41785	140.26284	259.56377	-2.72273	101.25665	385.03438	-88.33256	397.00374	351.18984	-147.49605	359.92404	317.46387	-141.86012	85.99968	289.13156	-80.97986	103.66871	348.96234	-92.51147	74.91968	371.77413	32.52623	351.80675	264.68663	-128.68460	120.31449	389.90466	-153.73682	685.50530	409.24517	-65.02808	988.04902	200.08376	-14.23121	173.12423	378.03939	20.68883	663.35851	269.64720	-73.42663	998.19576	269.74314	-32.38189	713.75623	381.37522	-219.31339	466.05581	355.46514	103.02286	475.00197	348.34662	-211.31047	239.85351	301.12240	94.11283	261.35580	
373	3.720	290.10600	-54.10513	813.36433	279.78422	-101.11118	725.36949	440.04274	-16.35195	391.87125	229.24810	32.15575	132.57429	247.04249	-36.83305	141.81493	273.93637	1.96059	104.00983	386.63301	-89.61289	396.93383	351.89257	-148.45838	360.27081	317.50878	-141.82278	86.23589	289.84250	-80.79346	104.27805	349.37773	-92.69073	74.95551	384.50713	34.69224	354.13704	265.05784	-128.28841	120.84918	394.44488	-154.41042	685.96548	415.10061	-65.07384	988.34972	213.60330	-11.35605	174.83959	384.77995	20.17981	663.85650	275.57567	-73.01470	998.90666	275.75832	-31.59941	714.02387	383.04021	-220.15594	466.20693	364.44735	104.20083	477.28243	347.96493	-212.10753	239.87828	314.15624	96.77292	264.76275	
374	3.730	295.72941	-53.51178	813.58182	284.95015	-100.34425	725.64823	453.00411	-14.04886	394.94787	243.16948	36.21292	135.26854	261.29335	-32.99161	143.51409	288.51287	6.68326	106.83258	388.25514	-91.03758	396.79422	352.54619	-149.52929	360.57244	317.48250	-141.81894	86.41457	290.51165	-80.65196	104.84928	349.74690	-92.91932	74.97152	397.72031	36.80778	356.50657	265.37061	-127.91521	121.32303	398.91618	-155.12413	686.32243	420.89970	-65.03627	988.37831	227.43657	-8.06392	176.69503	391.47766	19.57785	664.09586	281.43856	-72.53349	999.40376	281.70710	-30.84953	714.02816	384.60422	-221.11036	466.31737	373.76532	105.25279	479.53903	347.47871	-212.98956	239.82672	327.86943	99.50529	268.15157	
375	3.740	301.28761	-52.83266	813.57824	290.06329	-99.58357	725.76543	466.09289	-12.09774	398.13532	257.50122	40.45204	138.01971	275.73268	-28.95625	145.34279	303.31415	11.39628	109.70929	389.88057	-92.60055	396.58586	353.13823	-150.70363	360.82991	317.38677	-141.84228	86.54150	291.13849	-80.54708	105.38074	350.07186	-93.18870	74.97146	411.37319	38.83174	358.96060	265.61753	-127.56030	121.74016	403.32352	-155.89448	686.58950	426.65363	-64.90571	988.15082	241.56716	-4.43314	178.65973	398.15297	18.86515	664.10049	287.24640	-71.96122	999.69746	287.61252	-30.13069	713.80481	386.04805	-222.17959	466.38624	383.51610	106.17060	481.81304	346.87620	-213.94565	239.70757	342.17926	102.26786	271.53674	
376	3.750	306.79623	-52.06952	813.37530	295.13614	-98.83077	725.74469	479.22728	-10.53599	401.45402	272.22454	44.79174	140.78313	290.37940	-24.80546	147.26570	318.36434	16.04633	112.61474	391.49754	-94.28147	396.31340	353.67223	-151.96560	361.04647	317.23289	-141.88896	86.62555	291.72796	-80.47331	105.87391	350.35965	-93.49084	74.95965	425.38675	40.72691	361.53657	265.80168	-127.22395	122.10969	407.67277	-156.73142	686.77899	432.37469	-64.67752	987.68846	255.97720	-0.56577	180.68229	404.82181	18.03141	663.90164	293.01175	-71.28348	999.80448	293.49580	-29.44095	713.39454	387.36818	-223.35504	466.41555	393.73331	106.95369	484.13927	346.16753	-214.95790	239.53483	356.97022	105.01250	274.92563	
377	3.760	312.26988	-51.22989	812.99898	300.18116	-98.08775	725.60992	492.32286	-9.36604	404.91342	287.31614	49.14091	143.50129	305.25554	-20.62789	149.23174	333.68846	20.57691	115.51487	393.10370	-96.04652	395.98451	354.16731	-153.28997	361.22710	317.03889	-141.95609	86.67802	292.28936	-80.42648	106.33311	350.62098	-93.81795	74.94059	439.65047	42.45951	364.25881	265.93498	-126.90856	122.44476	411.97134	-157.63729	686.90214	438.07620	-64.35198	987.01656	270.64906	3.42168	182.69429	411.49463	17.07521	663.53550	298.74908	-70.49372	999.74681	299.37502	-28.77813	712.84032	388.57843	-224.61705	466.40950	404.38517	107.60517	486.53945	345.38197	-216.00253	239.32617	372.10746	107.68670	278.31578	
378	3.770	317.72177	-50.32574	812.47859	305.21076	-97.35652	725.38456	505.29557	-8.56472	408.51045	302.75205	53.40512	146.10790	320.38282	-16.51649	151.17769	349.31007	24.92940	118.36847	394.70629	-97.85087	395.60894	354.65577	-154.64398	361.37796	316.82627	-142.04006	86.71180	292.83494	-80.40192	106.76489	350.86841	-94.16184	74.91855	454.03256	43.99845	367.13489	266.03583	-126.61562	122.76116	416.22864	-158.60657	686.96912	443.77247	-63.93372	986.16363	285.56652	7.40786	184.61533	418.17604	16.00472	663.04088	304.47447	-69.59309	999.55051	305.26411	-28.14001	712.18469	389.70942	-225.93646	466.37358	415.38260	108.12845	489.01740	344.56291	-217.05150	239.10113	387.45100	110.23562	281.69327	
379	3.780	323.16363	-49.37211	811.84569	310.23719	-96.63891	725.09081	518.06422	-8.09480	412.22909	318.51084	57.49271	148.53243	335.77918	-12.56282	153.03262	365.24913	29.04416	121.12933	396.32167	-99.64271	395.19754	355.17969	-155.99000	361.50569	316.61694	-142.13540	86.74050	293.37836	-80.39314	107.17732	351.11474	-94.51363	74.89736	468.39168	45.31458	370.15408	266.12649	-126.34346	123.07607	420.45642	-159.62635	686.98911	449.47855	-63.43086	985.16040	300.71528	11.27597	186.35878	424.86510	14.83752	662.45690	310.20528	-68.58977	999.24441	311.17249	-27.52436	711.46734	390.80597	-227.27703	466.31363	426.59471	108.52500	491.55680	343.76212	-218.07434	238.87931	402.86892	112.60429	285.03193	
380	3.790	328.60587	-48.38570	811.13302	315.27272	-95.93636	724.74904	530.55220	-7.91652	416.04039	334.57567	61.32007	150.70449	351.45546	-8.85209	154.72286	381.51992	32.86147	123.74848	397.97428	-101.36831	394.76138	355.78682	-157.28880	361.61700	316.43117	-142.23441	86.77762	293.93347	-80.39138	107.57935	351.37194	-94.86378	74.88021	482.58840	46.38004	373.28765	266.23081	-126.08650	123.40677	424.66889	-160.67742	686.97045	455.21000	-62.85392	984.03892	316.08265	14.92194	187.83767	431.55624	13.59953	661.82093	315.95966	-67.49774	998.85869	317.10526	-26.92903	710.72304	391.92327	-228.59875	466.23527	437.86884	108.79322	494.12200	343.03426	-219.04053	238.67898	418.24835	114.73989	288.29344	
381	3.800	334.05788	-47.38355	810.37322	320.32979	-95.24958	724.37722	542.68873	-7.99719	419.90302	350.93479	64.81556	152.55764	367.41256	-5.45936	156.17674	398.12894	36.32253	126.17627	399.69498	-102.97736	394.31100	356.52668	-158.50303	361.71829	316.28658	-142.32798	86.83578	294.51354	-80.38632	107.98013	351.65063	-95.20258	74.86960	496.49496	47.16793	376.49075	266.37263	-125.83612	123.76967	428.88268	-161.73602	686.92075	460.98256	-62.21472	982.83171	331.65650	18.26081	188.97001	438.24087	12.32316	661.16679	321.75602	-66.33526	998.42346	323.06406	-26.35175	709.98027	393.12233	-229.86139	466.14365	449.05124	108.92814	496.66148	342.43262	-219.92205	238.51588	433.50281	116.59383	291.42825	
382	3.810	339.52856	-46.38186	809.59758	325.42133	-94.57818	723.99046	554.40978	-8.31775	423.76400	367.58020	67.92173	154.03237	383.63903	-2.44705	157.32854	415.07255	39.37031	128.36397	401.51886	-104.42772	393.85593	357.44712	-159.60053	361.81556	316.19838	-142.40700	86.92601	295.13094	-80.36765	108.38859	351.96008	-95.52101	74.86736	510.00235	47.65235	379.70523	266.57491	-125.58276	124.17940	433.11658	-162.77590	686.84699	466.81173	-61.52512	981.57091	347.42345	21.23053	189.68325	444.90947	11.04479	660.52330	327.61239	-65.12308	997.96731	329.04851	-25.78990	709.26032	394.46554	-231.02800	466.04349	460.00558	108.92166	499.11312	342.00620	-220.69584	238.40256	448.57546	118.12348	294.37729	
383	3.820	345.02704	-45.39502	808.83465	330.56117	-93.92038	723.60072	565.65864	-8.87567	427.55958	384.50462	70.59567	155.07803	400.10919	0.13592	158.12149	432.33437	41.95041	130.26476	403.48285	-105.68909	393.40437	358.59154	-160.55709	361.91425	316.18016	-142.46428	87.05732	295.79732	-80.32715	108.81297	352.30869	-95.81181	74.87469	523.02421	47.80896	382.86282	266.85929	-125.31865	124.64827	437.39135	-163.77054	686.75565	472.71242	-60.79603	980.28744	363.36637	23.79268	189.91744	451.55403	9.80178	659.91309	333.54585	-63.88256	997.51589	335.05805	-25.24017	708.57704	396.01257	-232.06783	465.93933	470.62683	108.76318	501.41031	341.79804	-221.34592	238.34810	463.43783	119.29336	297.07454	
384	3.830	350.56332	-44.43487	808.10895	335.76445	-93.27274	723.21659	576.38650	-9.68414	431.21641	401.69679	72.80755	155.65389	416.78173	2.25343	158.50934	449.88250	44.01192	131.83426	405.62314	-106.74489	392.96292	359.99703	-161.35818	362.01924	316.24502	-142.49626	87.23644	296.52397	-80.26059	109.26054	352.70445	-96.07038	74.89213	535.49754	47.61600	385.88825	267.24603	-125.04023	125.18591	441.72932	-164.69542	686.65264	478.69855	-60.03651	979.01021	379.46138	25.93032	189.62709	458.17045	8.62932	659.35186	339.57192	-62.63387	997.09066	341.09405	-24.69828	707.93714	397.81702	-232.95850	465.83573	480.84920	108.44060	503.48758	341.84448	-221.86479	238.35816	478.08463	120.07568	299.45009	
385	3.840	356.14901	-43.51018	807.43969	341.04814	-92.63011	722.84313	586.55292	-10.76831	434.65312	419.13563	74.53776	155.72933	433.59853	3.88019	158.45679	467.66651	45.50831	133.03051	407.97295	-107.59265	392.53641	361.69310	-161.99956	362.13479	316.40638	-142.50408	87.46775	297.32223	-80.16898	109.73742	353.15534	-96.29538	74.91952	547.38093	47.05571	388.70197	267.75394	-124.74967	125.79914	446.15420	-165.52995	686.54313	484.78271	-59.25319	977.76524	395.67461	27.64304	188.78175	464.76076	7.55758	658.84780	345.70403	-61.39438	996.70769	347.16184	-24.15877	707.34083	399.92358	-233.68726	465.73736	490.64811	107.94144	505.28520	342.17475	-222.25385	238.43530	492.52536	120.45012	301.43342	
386	3.850	361.79798	-42.62641	806.83966	346.43134	-91.98581	722.48194	596.12636	-12.15943	437.78235	436.78370	75.77307	155.28323	450.48383	4.99879	157.93882	485.61456	46.39828	133.81380	410.56086	-108.24279	392.12770	363.70115	-162.48669	362.26436	316.67819	-142.49391	87.75347	298.20374	-80.05888	110.24834	353.66941	-96.48895	74.95592	558.65079	46.11605	391.22263	268.40010	-124.45505	126.49200	450.69085	-166.25902	686.43127	490.97583	-58.44988	976.57493	411.95872	28.94028	187.36545	471.33478	6.60920	658.40144	351.95307	-60.17731	996.37676	353.27245	-23.61497	706.78279	402.36594	-234.25127	465.64891	500.03662	107.25422	506.75194	342.81060	-222.52289	238.57942	506.77393	120.40314	302.95653	
387	3.860	367.52675	-41.78579	806.31437	351.93561	-91.33205	722.13112	605.08465	-13.88800	440.51347	454.58063	76.50262	154.30288	467.34356	5.59642	156.93940	503.63087	46.64690	134.14648	413.40975	-108.71630	391.73738	366.03451	-162.83313	362.41043	317.07444	-142.47618	88.09388	299.18042	-79.94160	110.79659	354.25458	-96.65635	74.99949	569.29680	44.79234	393.36909	269.19943	-124.16916	127.26598	455.36509	-166.87404	686.31958	497.28701	-57.62758	975.45732	428.24961	29.83371	185.37527	477.91110	5.79762	658.00579	358.32712	-58.99083	996.10067	359.44372	-23.05929	706.25325	405.16526	-234.65712	465.57471	509.05784	106.36979	507.84613	343.76583	-222.68856	238.78829	520.83767	119.92689	303.95656	
388	3.870	373.35485	-40.98766	805.86145	357.58490	-90.66068	721.78547	613.41546	-15.97711	442.75587	472.43730	76.71446	152.78256	484.06505	5.66183	155.44999	521.59417	46.22696	133.99314	416.53670	-109.04180	391.36354	368.69898	-163.05815	362.57412	317.60797	-142.46414	88.48755	300.26409	-79.83149	111.38388	354.91814	-96.80532	75.04733	579.31722	43.08878	395.06245	270.16400	-123.90721	128.12025	460.20362	-167.37332	686.20838	503.72336	-56.78462	974.42554	444.46336	30.33016	182.81950	484.51710	5.12627	657.64674	364.83122	-57.83756	995.87492	365.70074	-22.48375	705.73908	408.32961	-234.91947	465.51816	517.77476	105.28261	508.53501	345.04586	-222.77218	239.05790	534.70702	119.01819	304.37776	
389	3.880	379.30469	-40.22907	805.47061	363.40522	-89.96421	721.43666	621.11677	-18.43684	444.42284	490.23149	76.39342	150.72208	500.51732	5.18332	153.46822	539.35741	45.12065	133.32136	419.95363	-109.25235	391.00135	371.69394	-163.18404	362.75466	318.28899	-142.47183	88.93156	301.46589	-79.74370	112.01028	355.66613	-96.94508	75.09548	588.71480	41.01960	396.22819	271.30233	-123.68408	129.05202	465.23379	-167.76198	686.09498	510.29002	-55.91706	973.48734	460.49397	30.42610	179.71558	491.18795	4.58873	657.30389	371.46744	-56.71452	995.68772	372.07517	-21.88081	705.22481	411.85437	-235.05932	465.48091	526.25923	103.99175	508.79313	346.64757	-222.79713	239.38276	548.34720	117.67799	304.17282	
390	3.890	385.40131	-39.50574	805.12388	369.42404	-89.23709	721.07345	628.19723	-21.26026	445.43585	507.80595	75.52109	148.12576	516.55234	4.14842	150.99727	556.74945	43.32193	132.10329	423.66867	-109.38243	390.64262	375.01408	-163.23335	362.94869	319.12359	-142.51203	89.42159	302.79547	-79.69190	112.67420	356.50277	-97.08527	75.13884	597.49388	38.60970	396.79858	272.61887	-123.51166	130.05685	470.48344	-168.05123	685.97296	516.99020	-55.01924	972.64491	476.21218	30.10501	176.08849	497.96470	4.16990	656.95183	378.23498	-55.61356	995.52051	378.60381	-21.24448	704.69367	415.72392	-235.10176	465.46186	534.58152	102.50174	508.60030	348.55984	-222.78629	239.75597	561.69296	115.91155	303.30394	
391	3.900	391.67163	-38.81325	804.79659	375.66911	-88.47713	720.68214	634.67651	-24.42146	445.72905	524.96965	74.07804	145.00209	532.00778	2.54566	148.04604	573.57908	40.83932	130.31813	427.68813	-109.46522	390.27540	378.65168	-163.22663	363.14936	320.11283	-142.59447	89.95195	304.26039	-79.68625	113.37236	357.43005	-97.23488	75.17133	605.65885	35.89481	396.71573	274.11394	-123.39682	131.12906	475.98044	-168.25732	685.83153	523.82537	-54.08436	971.89491	491.46609	29.33807	171.96974	504.89145	3.84787	656.56171	385.13049	-54.52218	995.34888	385.32605	-20.57155	704.12849	419.91470	-235.07369	465.45611	542.80162	100.82316	507.93993	350.76512	-222.75971	240.16899	574.64711	113.72967	301.74405	
392	3.910	398.14342	-38.14834	804.45879	382.16712	-87.68695	720.24696	640.58540	-27.87540	445.25385	541.50274	72.04874	141.36469	546.71149	0.36871	144.63038	589.64164	37.69940	127.95552	432.01873	-109.53051	389.88342	382.59939	-163.18069	363.34532	321.25252	-142.72456	90.51568	305.86566	-79.73215	114.09998	358.44767	-97.40126	75.18601	613.21410	32.92125	395.93508	275.78430	-123.34048	132.26206	481.75221	-168.40004	685.65511	530.79550	-53.10511	971.22877	506.08413	28.08881	167.39728	512.01175	3.59647	656.10340	392.14855	-53.42474	995.14398	392.28072	-19.86300	703.51271	424.39947	-235.00148	465.45382	550.96287	98.97313	506.79844	353.24222	-222.73288	240.61134	587.08336	111.15102	299.47856	
393	3.920	404.84398	-37.51040	804.07721	388.94196	-86.87537	719.75080	645.96583	-31.55949	443.98330	557.16576	69.42867	137.23441	560.48816	-2.37741	140.77520	604.72838	33.95058	125.01960	436.67009	-109.60301	389.44565	386.85338	-163.10769	363.51971	322.53415	-142.90278	91.10463	307.61389	-79.82958	114.85096	359.55325	-97.58931	75.17542	620.16536	29.74530	394.42957	277.62447	-123.33770	133.44882	487.82496	-168.50117	685.42322	537.89924	-52.07421	970.63332	519.88106	26.32123	162.41654	519.36477	3.38811	655.54790	399.28214	-52.30391	994.87434	399.50246	-19.12526	702.83145	429.15241	-234.90887	465.43922	559.08844	96.97578	505.16623	355.97016	-222.71569	241.07005	598.85363	108.20524	296.50811	
394	3.930	411.79839	-36.90293	803.61771	396.01290	-86.05850	719.17597	650.87045	-35.39630	441.91607	571.71301	66.23290	132.64286	573.16815	-5.66864	136.51723	618.63813	29.66672	121.53322	441.65709	-109.70121	388.93608	391.41647	-163.01485	363.64918	323.94676	-143.12476	91.70990	309.50590	-79.97334	115.61827	360.74303	-97.80079	75.13186	626.52213	26.43237	392.19411	279.62882	-123.37868	134.68235	494.22280	-168.58267	685.11077	545.13426	-50.98492	970.09162	532.66721	24.01071	157.08230	526.98120	3.19681	654.87012	406.52325	-51.14234	994.50808	407.01793	-18.37131	702.07273	434.15449	-234.81524	465.38979	567.18045	94.86271	503.04054	358.93273	-222.71204	241.52915	609.79942	104.93656	292.85234	
395	3.940	419.02775	-36.33480	803.04798	403.39274	-85.26041	718.50525	655.36179	-39.29693	439.07983	584.90974	62.50509	127.63657	584.59822	-9.45382	131.90806	631.19071	24.95000	117.54178	447.00189	-109.83682	388.32365	396.30104	-162.90478	363.70340	325.47969	-143.38179	92.32238	311.54208	-80.15370	116.39456	362.01288	-98.03388	75.04794	632.30089	23.05612	389.25004	281.79432	-123.45025	135.95633	500.96663	-168.66498	684.68886	552.49734	-49.83146	969.58410	544.26114	21.15653	151.46123	534.87961	3.00087	654.05173	413.86339	-49.92439	994.01532	414.84232	-17.62144	701.22878	439.39839	-234.73436	465.27592	575.22160	92.67356	500.42987	362.12332	-222.72015	241.96922	619.76660	101.40722	288.55419	
396	3.950	426.54724	-35.82116	802.34049	411.08617	-84.51314	717.72307	659.51082	-43.16444	435.53352	596.55190	58.32536	122.28127	594.65339	-13.64767	127.01686	642.24103	19.93202	113.11580	452.73551	-110.01459	387.57279	401.53106	-162.77616	363.64506	327.12576	-143.66165	92.93369	313.72417	-80.35736	117.17280	363.35953	-98.28295	74.91708	637.52851	19.69746	385.64910	284.12367	-123.53749	137.26575	508.07307	-168.76536	684.12598	559.98453	-48.60926	969.08992	554.50494	17.79410	145.63457	543.06345	2.78531	653.08381	421.29410	-48.63782	993.37073	422.97653	-16.90344	700.29734	444.89208	-234.67379	465.06114	583.17871	90.45634	497.35955	365.54894	-222.73323	242.36725	628.62250	97.70004	283.68430	
397	3.960	434.36430	-35.38388	801.47521	419.08851	-83.85596	716.81672	663.39482	-46.89695	431.36823	606.48700	53.81543	116.66516	603.24881	-18.12641	121.93199	651.69239	14.77238	108.35149	458.89831	-110.23272	386.64446	407.14301	-162.62469	363.43070	328.88453	-143.94955	93.53729	316.05759	-80.56849	117.94709	364.78219	-98.53867	74.73420	642.24530	16.44356	381.47600	286.62845	-123.62506	138.60766	515.55330	-168.89635	683.38975	567.59106	-47.31520	968.58839	563.28083	14.00522	139.70001	551.51903	2.54357	651.96920	428.80727	-47.27544	992.55590	431.40530	-16.25210	699.28284	450.66056	-234.63481	464.70318	591.00768	88.26764	493.87735	369.23306	-222.74064	242.69692	636.27370	93.91947	278.34402	
398	3.970	442.47711	-35.05135	800.44212	427.38499	-83.33369	715.77765	667.09452	-50.39026	426.70609	614.63342	49.13937	110.89991	610.35017	-22.72741	116.76101	659.50750	9.65382	103.36865	465.53944	-110.48378	385.49801	413.18525	-162.44418	363.01260	330.76519	-144.22906	94.12962	318.55385	-80.76979	118.71355	366.28409	-98.78847	74.49638	646.50698	13.38664	376.84884	289.33189	-123.69807	139.98176	523.41193	-169.06466	682.44908	575.31119	-45.94780	968.06057	570.52713	9.92405	133.77220	560.21494	2.27844	650.72401	436.39535	-45.83635	991.56152	440.09669	-15.70795	698.19724	456.74532	-234.61312	464.15602	598.65916	86.17221	490.05799	373.21634	-222.72924	242.92955	642.68246	90.19042	272.66604	
399	3.980	450.87349	-34.85740	799.24305	435.95074	-82.99415	714.60262	670.69047	-53.53994	421.69663	620.99553	44.49879	105.11842	615.98098	-27.25407	111.62824	665.71543	4.77364	98.30545	472.71465	-110.75611	384.09379	419.71564	-162.22765	362.34158	332.78855	-144.48306	94.71124	321.23281	-80.94340	119.47098	367.87422	-99.01751	74.20368	650.38484	10.62230	371.91647	292.27082	-123.74240	141.39085	531.64618	-169.27022	681.27653	583.13792	-44.50736	967.49073	576.25096	5.73726	127.98074	569.10284	2.00223	649.37814	444.05130	-44.32695	990.38897	449.00293	-15.31505	697.06029	463.20139	-234.59989	463.37298	606.08418	84.24190	486.00513	377.55507	-222.68482	243.03561	647.87933	86.65447	266.81116	
400	3.990	459.53044	-34.83951	797.89276	444.75148	-82.88471	713.29462	674.25890	-56.24336	416.51028	625.67130	40.12174	99.46884	620.22507	-31.48643	106.66962	670.41301	0.33151	93.31029	480.48255	-111.03570	382.39651	426.79747	-161.96857	361.37098	334.98794	-144.69466	95.28755	324.12454	-81.07190	120.22143	369.56892	-99.21010	73.85972	653.96358	8.24711	366.85231	295.49629	-123.74487	142.84076	540.24509	-169.50583	679.85100	591.06250	-42.99607	966.86774	580.53509	1.67659	122.46532	578.11987	1.73597	647.97454	451.76843	-42.76143	989.05125	458.06287	-15.11810	695.89915	470.09221	-234.58327	462.31076	613.23922	82.55349	481.84964	382.31721	-222.59370	242.98705	651.96932	83.46330	260.96063	
401	4.000	468.41445	-35.03611	796.41894	453.74507	-83.04823	711.86350	677.86717	-58.40219	411.32901	628.85011	36.24575	94.10461	623.22328	-35.19718	102.02478	673.75980	-3.48534	88.53132	488.89941	-111.30829	380.37920	434.49387	-161.66196	360.06127	337.40903	-144.84837	95.86908	327.27027	-81.13946	120.97027	371.39331	-99.35152	73.47221	657.33630	6.35513	361.84432	299.07275	-123.69328	144.33987	549.18921	-169.75730	678.16017	599.07400	-41.41828	966.18619	583.53642	-1.99655	117.36756	587.19242	1.50790	646.56701	459.54000	-41.16168	987.57308	467.20566	-15.15865	694.74726	477.48299	-234.54996	460.93431	620.08992	81.18541	477.74347	387.57655	-222.44427	242.76015	655.12925	80.76949	255.30383	
402	4.010	477.48261	-35.48327	794.86114	462.88363	-83.51861	710.32613	681.56912	-59.92599	406.33423	630.79875	33.09624	89.17174	625.16390	-38.17168	97.82687	675.96629	-6.51800	84.10491	498.01279	-111.56148	378.02739	442.86127	-161.30546	358.38507	340.10851	-144.93149	96.47103	330.72237	-81.13321	121.72587	373.38255	-99.43019	73.05311	660.59698	5.03324	357.08171	303.07538	-123.57693	145.89790	558.45051	-170.00405	676.20291	607.15885	-39.78059	965.44714	585.47492	-5.01420	112.82024	596.24105	1.35116	645.21682	467.35871	-39.55661	985.99011	476.35564	-15.47105	693.64237	485.43316	-234.48681	459.22180	626.61313	80.21319	473.84904	393.40567	-222.22850	242.33869	657.59454	78.71527	250.02245	
403	4.020	486.68457	-36.21095	793.26862	472.11632	-84.31652	708.70627	685.40091	-60.73732	401.69316	631.83620	30.86287	84.79482	626.26740	-40.22998	94.19115	677.27615	-8.65072	80.14441	507.85484	-111.78642	375.34319	451.94263	-160.90011	356.33205	343.15192	-144.93581	97.11208	334.54307	-81.04493	122.49868	375.58281	-99.43999	72.61841	663.83082	4.35516	352.73965	307.58596	-123.38761	147.52414	567.99289	-170.22044	673.99105	615.30044	-38.09207	964.65851	586.61325	-7.13048	108.93488	605.18612	1.30106	643.98807	475.21621	-37.98083	984.34716	485.43779	-16.07825	692.62421	493.98902	-234.38207	457.16946	632.79697	79.70383	470.32515	399.86878	-221.94325	241.71708	659.63538	77.42003	245.27316	
404	4.030	495.96515	-37.23921	791.69719	481.39223	-85.44574	707.03392	689.37754	-60.77850	397.54506	632.29957	29.67709	81.06417	626.76709	-41.24767	91.20391	677.94453	-9.82251	76.73117	518.43611	-111.97877	372.34864	461.76122	-160.45073	353.91292	346.61104	-144.85942	97.81250	338.80201	-80.87284	123.29974	378.05194	-99.38231	72.18736	667.10383	4.37467	348.96362	312.68729	-123.12125	149.22526	577.77291	-170.37742	671.55050	623.47898	-36.36440	963.83488	587.22930	-8.15237	105.78962	613.95355	1.39200	642.94246	483.10254	-36.47275	982.69574	494.38326	-16.98811	691.73165	503.17737	-234.22637	454.79526	638.63910	79.70950	467.31111	407.01547	-221.59129	240.90306	661.52427	76.96800	241.17191	
405	4.040	505.26746	-38.57477	790.20543	490.66335	-86.89072	705.34433	693.49076	-60.01939	393.98927	632.50619	29.59440	78.02658	626.88835	-41.17269	88.91346	678.21503	-10.03379	73.90897	529.74100	-112.13850	369.08794	472.31597	-159.96572	351.16205	350.56090	-144.70834	98.59157	343.57282	-80.62315	124.13889	380.85973	-99.26768	71.78133	670.45335	5.11862	345.85591	318.45690	-122.77983	151.00293	587.74115	-170.44476	668.92145	631.67162	-34.61182	962.99698	587.58560	-7.96792	103.41954	622.48016	1.65441	642.13401	491.00576	-35.07218	981.09090	503.13446	-18.19066	691.00005	513.00100	-234.01320	452.14097	644.14357	80.26110	464.91165	414.87629	-221.18178	239.91935	663.49936	77.39757	237.78274	
406	4.050	514.53623	-40.20846	788.85054	499.88708	-88.61577	703.67677	697.70876	-58.46515	391.07717	632.71834	30.58448	75.68141	626.82954	-40.03506	87.32495	678.29891	-9.34700	71.68282	541.72572	-112.26846	365.62796	483.57917	-159.45614	348.13804	355.07692	-144.49774	99.46483	348.92887	-80.31123	125.02281	384.08769	-99.11647	71.42214	673.88126	6.58074	343.46648	324.96058	-122.37324	152.85171	597.84383	-170.39329	666.15758	639.85283	-32.85098	962.17054	587.90113	-6.56685	101.81168	630.71786	2.11202	641.60424	498.91180	-33.81758	979.58778	511.64894	-19.65690	690.45893	523.43661	-233.73890	449.27201	649.31712	81.36278	463.18523	423.46086	-220.73006	238.80396	665.73010	78.69385	235.11365	
407	4.060	523.72087	-42.11382	787.68428	509.02818	-90.56634	702.07300	701.97778	-56.16222	388.80969	633.11701	32.53094	73.98308	626.74745	-37.94781	86.40004	678.35929	-7.88108	70.02213	554.31951	-112.37194	362.05671	495.49689	-158.93415	344.92196	360.23207	-144.25213	100.44133	354.93884	-79.96170	125.95318	387.82800	-98.95850	71.13035	677.35181	8.71739	341.78992	332.24663	-121.92050	154.75760	608.02480	-170.19730	663.32404	647.99526	-31.10055	961.38494	588.33025	-4.04927	100.90586	638.63640	2.77963	641.37863	506.80455	-32.74320	978.23813	519.90171	-21.33949	690.13030	534.43543	-233.40227	446.27484	654.16589	82.98830	462.13799	432.75859	-220.25664	237.60878	668.29238	80.78618	233.12027	
408	4.070	532.77818	-44.24742	786.74951	518.05982	-92.67226	700.57563	706.22609	-53.20089	387.14120	633.78946	35.24145	72.84961	626.74932	-35.09838	86.06193	678.50289	-5.80058	68.86759	567.42921	-112.44952	358.47963	507.99242	-158.41101	341.61319	366.09425	-144.00446	101.52148	361.66240	-79.60743	126.92548	392.18155	-98.83141	70.92351	680.79506	11.44640	340.76950	340.34149	-121.44985	156.69758	618.22773	-169.83655	660.49452	656.07079	-29.38057	960.67140	588.95276	-0.62008	100.60204	646.22413	3.66180	641.46469	514.66629	-31.87641	977.08713	527.88578	-23.17550	690.02785	545.92658	-233.00382	443.25185	658.69336	85.08020	461.72460	442.74175	-219.78542	236.39649	671.15868	83.55140	231.71673	
409	4.080	541.67407	-46.55077	786.07752	526.96379	-94.85297	699.22631	710.36992	-49.71298	385.98932	634.73199	38.46673	72.17547	626.89221	-31.73126	86.20491	678.77969	-3.30065	68.14049	580.94669	-112.49602	355.01380	520.97233	-157.89486	338.32308	372.72384	-143.79398	102.69593	369.14643	-79.28736	127.92845	397.25463	-98.77789	70.81484	684.11592	14.64966	340.30762	349.24734	-120.99736	158.64044	628.39828	-169.29781	657.74727	664.05193	-27.71156	960.06111	589.77599	3.43060	100.77277	653.48689	4.75249	641.85198	522.47848	-31.23537	976.17081	535.61071	-25.09112	690.15687	557.82278	-232.54492	440.31433	662.90026	87.55238	461.85602	453.37032	-219.34120	235.23593	674.20618	86.82297	230.79109	
410	4.090	550.38444	-48.95387	785.68649	535.72983	-97.02403	698.06387	714.32128	-45.86393	385.24897	635.86634	41.92609	71.84660	627.18895	-28.12406	86.70697	679.19000	-0.58976	67.75293	594.75829	-112.49828	351.78041	534.33449	-157.38889	335.16716	380.17142	-143.66301	103.94582	377.42232	-79.04316	128.94477	403.15422	-98.84197	70.81252	687.20782	18.18001	340.28104	358.94229	-120.60417	160.54896	638.48634	-168.57567	655.16057	671.91333	-26.11346	959.58318	590.74785	7.75853	101.27889	660.44518	6.03569	642.51393	530.22275	-30.82745	975.51422	543.09962	-27.00790	690.51486	570.02778	-232.02692	437.57423	666.78615	90.29616	462.41246	464.59753	-218.94700	234.19662	677.24104	90.40493	230.22244	
411	4.100	558.89496	-51.38003	785.58107	544.35435	-99.10426	697.12238	717.99680	-41.83969	384.80801	637.06548	45.33606	71.75452	627.61894	-24.55986	87.44347	679.69688	2.12827	67.61744	608.75458	-112.43444	348.89646	547.97704	-156.89018	332.25672	388.47574	-143.65304	105.24452	386.50449	-78.91537	129.95271	409.98197	-99.06489	70.91980	689.96855	21.87191	340.55798	369.38303	-120.31262	162.38323	648.44782	-167.67261	652.80797	679.63320	-24.60454	959.26267	591.77728	12.00329	101.98557	667.12999	7.48701	643.41112	537.88205	-30.64849	975.13048	550.38494	-28.84969	691.09253	582.44468	-231.45044	435.13566	670.35239	93.18921	463.25947	476.37543	-218.62140	233.34304	680.03395	94.08898	229.89642	
412	4.110	567.19999	-53.75141	785.75309	552.83858	-101.02249	696.42912	721.32665	-37.82989	384.56151	638.18332	48.43834	71.80765	628.14129	-21.29953	88.29966	680.24147	4.67082	67.65478	622.83930	-112.27497	346.46653	561.80714	-156.38959	329.69079	397.66192	-143.80082	106.56090	396.39028	-78.93949	130.92894	417.82723	-99.48105	71.13598	692.31541	25.55516	341.01431	380.50987	-120.16183	164.10494	658.24617	-166.59824	650.75365	687.19470	-23.20034	959.11873	592.75783	15.82758	102.77612	673.57798	9.07590	644.49561	545.44195	-30.68306	975.02081	557.50359	-30.54945	691.87477	594.98417	-230.81508	433.08735	673.60531	96.10631	464.26414	488.65940	-218.37640	232.72975	682.35949	97.67272	229.71689	
413	4.120	575.30078	-55.99471	786.18303	561.18668	-102.72326	696.00277	724.26255	-34.00958	384.42238	639.08301	51.02371	71.93790	628.70795	-18.55737	89.18044	680.75841	6.89026	67.79917	636.93617	-111.98556	344.57577	575.74848	-155.87276	327.54965	407.74012	-144.13488	107.86366	407.06109	-79.14264	131.85185	426.75975	-100.11464	71.45824	694.19706	29.06991	341.54599	392.25330	-120.18355	165.68183	667.85327	-165.36804	649.04845	694.58698	-21.91277	959.16293	593.58994	18.95246	103.56146	679.82654	10.76827	645.71541	552.89165	-30.90568	975.17524	564.49214	-32.05512	692.84162	607.57188	-230.11937	431.49695	676.55836	98.93048	465.30900	501.41142	-218.21628	232.39774	684.03209	100.97674	229.61260	
414	4.130	583.20330	-58.04640	786.84216	569.40383	-104.17056	695.85169	726.78356	-30.52241	384.32701	639.65949	52.94911	72.10250	629.27479	-16.48306	90.01622	681.18924	8.68343	68.00077	650.99279	-111.53119	343.28505	589.74660	-155.32207	325.89042	418.70457	-144.67314	109.12608	418.48444	-79.54127	132.70527	436.82303	-100.97753	71.88388	695.60000	32.28115	342.07643	404.54124	-120.39898	167.09205	677.24981	-164.00168	647.72682	701.80577	-20.74957	959.39808	594.19850	21.18394	104.28440	685.90945	12.52905	647.01879	560.22497	-31.28291	975.57410	571.38261	-33.33358	693.96878	620.15407	-229.36125	430.40772	679.23274	101.56285	466.30185	514.60160	-218.13743	232.37279	684.93255	103.85912	229.53873	
415	4.140	590.91610	-59.85684	787.69495	577.49459	-105.34950	695.97270	728.89883	-27.46770	384.23575	639.85368	54.14624	72.28148	629.80927	-15.15177	90.76480	681.49210	9.99634	68.22564	664.98167	-110.88070	342.62853	603.77158	-154.71928	324.74527	430.53331	-145.42195	110.33063	430.61663	-80.14034	133.48169	448.02921	-102.06850	72.41277	696.54908	35.09052	342.55826	417.30557	-120.81707	168.32752	686.42497	-162.52112	646.80494	708.85365	-19.71417	959.81736	594.54363	22.42780	104.91886	691.85352	14.32459	648.35776	567.44081	-31.77611	976.18988	578.19923	-34.37253	695.22799	632.70101	-228.53860	429.83798	681.65594	103.93012	467.18073	528.20828	-218.12930	232.66576	685.02198	106.22558	229.47436	
416	4.150	598.44838	-61.39318	788.70149	585.46179	-106.26564	696.35029	730.64688	-24.89346	384.12953	639.65738	54.62102	72.47220	630.29425	-14.56343	91.40944	681.64706	10.82351	68.45375	678.89844	-110.01106	342.61380	617.81796	-154.04821	324.12199	443.18839	-146.37648	111.47243	443.40539	-80.93390	134.18475	460.35631	-103.37415	73.04952	697.10278	37.44345	342.97054	430.48713	-121.43456	169.39591	695.37569	-160.94900	646.28019	715.73982	-18.80589	960.40418	594.62398	22.69132	105.46505	697.67668	16.12447	649.69050	574.54332	-32.34449	976.98940	584.95657	-35.18001	696.58719	645.20783	-227.64995	429.78286	683.85910	105.98855	467.91410	542.21682	-218.17618	233.27443	684.34272	108.03441	229.41699	
417	4.160	605.80862	-62.64052	789.81976	593.30587	-106.94242	696.95672	732.09145	-22.79634	384.00398	639.10961	54.44474	72.68255	630.72813	-14.65056	91.95432	681.65696	11.20258	68.67581	692.75809	-108.91037	343.22423	631.90216	-153.29714	324.00669	456.61703	-147.52242	112.56111	456.79236	-81.90685	134.83023	473.74853	-104.87102	73.80483	697.34460	39.33074	343.31276	444.03830	-122.23771	170.32084	704.10542	-159.30709	646.13173	722.47942	-18.02056	961.13253	594.47331	22.07273	105.94205	703.38737	17.90280	650.98278	581.54168	-32.94820	977.93595	591.65903	-35.78189	698.01079	657.69263	-226.69501	430.21805	685.87387	107.72434	468.49713	556.61741	-218.25956	234.18657	683.00776	109.29555	229.37574	
418	4.170	613.00379	-63.60172	791.00755	601.02479	-107.41717	697.75284	733.31445	-21.12802	383.86301	638.28632	53.73867	72.92429	631.12205	-15.29308	92.41825	681.54458	11.20499	68.88968	706.58980	-107.57947	344.42290	646.05771	-152.46043	324.36787	470.75348	-148.83839	113.62055	470.71543	-83.03764	135.44540	488.11971	-106.52871	74.69581	697.37262	40.78436	343.59753	457.92328	-123.20515	171.14007	712.62269	-157.61536	646.32236	729.09260	-17.35143	961.96811	594.15209	20.74055	106.37956	708.98546	19.63883	652.20824	588.44942	-33.55118	978.99129	598.30174	-36.21786	699.46026	670.19211	-225.67505	431.10456	687.72990	109.15060	468.94543	571.40238	-218.36052	235.38335	681.18202	110.06406	229.36463	
419	4.180	620.03933	-64.29566	792.22402	608.61451	-107.73620	698.68982	734.40697	-19.80706	383.71311	637.28602	52.65450	73.20769	631.49546	-16.33761	92.82798	681.34701	10.92426	69.09700	720.43105	-106.03194	346.15746	660.32911	-151.53927	325.16131	485.52191	-150.29881	114.68643	485.11088	-84.30118	136.06643	503.35970	-108.31352	75.74485	697.28870	41.86830	343.84341	472.11637	-124.31112	171.90192	720.93958	-155.89128	646.80116	735.60331	-16.79023	962.86992	593.73618	18.90663	106.81006	714.46424	21.31697	653.34805	595.28356	-34.12350	980.11740	604.87247	-36.53641	700.89507	682.75495	-224.59302	432.39389	689.45372	110.30154	469.28758	586.56323	-218.46203	236.84282	679.05896	110.42910	229.39686	
420	4.190	626.91966	-64.75451	793.43090	616.06983	-107.94978	699.71173	735.45972	-18.73370	383.55927	636.21415	51.35369	73.53805	631.87094	-17.61842	93.21192	681.10876	10.46331	69.30039	734.32175	-104.29278	348.36540	674.76472	-150.54147	326.33508	500.84010	-151.87647	115.80195	499.91589	-85.67166	136.73411	519.34298	-110.19208	76.97714	697.18891	42.66648	344.06916	486.59921	-125.52856	172.65999	729.07024	-154.14979	647.50689	742.03800	-16.32821	963.79248	593.30487	16.79698	107.26243	719.81317	22.92642	654.38990	602.06356	-34.64291	981.27784	611.35449	-36.78954	702.27424	695.43355	-223.45372	434.03291	691.06893	111.22511	469.55766	602.08765	-218.55061	238.54277	676.83625	110.49984	229.48084	
421	4.200	633.64908	-65.02014	794.59334	623.38556	-108.10737	700.75878	736.55398	-17.80531	383.40272	635.16857	49.98846	73.91417	632.26942	-18.97709	93.59518	680.87455	9.92261	69.50161	748.29870	-102.39637	350.97933	689.40955	-149.48056	327.83439	516.62396	-153.54477	117.01220	515.07125	-87.12464	137.48835	535.93873	-112.13452	78.41713	697.15569	43.26975	344.28966	501.35775	-126.83129	173.46702	737.02961	-152.40344	648.37184	748.42440	-15.95725	964.68824	592.93018	14.62467	107.75755	725.02118	24.46035	655.32675	608.81023	-35.09579	982.43874	617.72963	-37.02777	703.55821	708.27495	-222.26390	435.96802	692.59755	111.97515	469.78883	617.95692	-218.61737	240.46303	674.69358	110.39080	229.61817	
422	4.210	640.23294	-65.14027	795.68052	630.55769	-108.25355	701.77098	737.75441	-16.92981	383.24026	634.22816	48.68663	74.32858	632.70654	-20.27841	93.99612	680.68315	9.39028	69.70052	762.39087	-100.38405	353.93178	704.29852	-148.37439	329.60577	532.79258	-155.27917	118.35798	530.52456	-88.63849	138.36216	553.02092	-114.11672	80.08437	697.25240	43.76405	344.51385	516.38000	-128.19521	174.36843	744.83230	-150.66305	649.32585	754.79029	-15.67058	965.51015	592.66868	12.56801	108.30609	730.07973	25.91493	656.15551	615.54480	-35.47722	983.56956	623.98154	-37.29583	704.71104	721.31194	-221.03258	438.14820	694.06163	112.60427	470.00859	634.14390	-218.65836	242.58676	672.77517	110.20829	229.80349	
423	4.220	646.67881	-65.16451	796.66610	637.58460	-108.42506	702.69195	739.10433	-16.03537	383.06488	633.44574	47.54188	74.76887	633.19042	-21.42109	94.42481	680.56284	8.93534	69.89497	776.61572	-98.30166	357.15945	719.45093	-147.24357	331.60048	549.27324	-157.05794	119.86985	546.23331	-90.19472	139.37620	570.47773	-116.12140	81.98956	697.52011	44.22158	344.74434	531.65469	-129.59858	175.39638	752.49187	-148.93833	650.30023	761.16268	-15.46345	966.21423	592.55669	10.75648	108.90819	734.98572	27.28820	656.87580	622.28812	-35.79034	984.64340	630.09841	-37.62937	705.70254	734.55541	-219.77154	440.52699	695.48445	113.15837	470.23598	650.61194	-218.67429	244.90089	671.17850	110.04009	230.02562	
424	4.230	652.99732	-65.14067	797.52859	644.46793	-108.64884	703.47248	740.62404	-15.07522	382.86709	632.84552	46.60988	75.21976	633.72105	-22.34240	94.88299	680.52899	8.60420	70.08110	790.97665	-96.19723	360.60668	734.86652	-146.10999	333.77702	566.00605	-158.86208	121.56327	562.16754	-91.77763	140.53457	588.21898	-118.13778	84.13133	697.97689	44.69556	344.97831	547.17119	-131.02157	176.56506	760.02030	-147.23874	651.23148	767.56707	-15.33337	966.76171	592.60880	9.26515	109.55480	739.74354	28.57916	657.48891	629.06020	-36.04524	985.63735	636.07513	-38.05288	706.51023	747.98926	-218.49580	443.06340	696.89070	113.67337	470.48064	667.31493	-218.66976	247.39556	669.95006	109.94913	230.26971	
425	4.240	659.20271	-65.11178	798.25166	651.21308	-108.94130	704.07350	742.31206	-14.02777	382.63650	632.42500	45.91007	75.66533	634.29119	-23.01717	95.36548	680.58386	8.42055	70.25416	805.46161	-94.11885	364.22784	750.52365	-144.99553	336.10268	582.94733	-160.67471	123.43529	578.31165	-93.37330	141.82260	606.18093	-120.16013	86.49437	698.61931	45.21890	345.20923	562.92021	-132.44547	177.86778	767.42775	-145.57408	652.06431	774.02708	-15.28012	967.12082	592.81957	8.11722	110.23014	744.36625	29.78686	657.99709	635.87996	-36.25734	986.53248	641.91450	-38.57883	707.12064	761.56849	-217.22395	445.72200	698.30576	114.17411	470.74364	684.19847	-218.65218	250.06264	669.08801	109.97170	230.51976	
426	4.250	665.31294	-65.11369	798.82434	657.82939	-109.30856	704.46815	744.14893	-12.89288	382.36349	632.16035	45.43182	76.09102	634.88825	-23.45213	95.86233	680.71824	8.38788	70.40936	820.04290	-92.11263	367.98869	766.37950	-143.92115	338.55413	600.07151	-162.48002	125.46323	594.66472	-94.96823	143.20688	624.32817	-122.18533	89.04908	699.42607	45.80594	345.42891	578.89489	-133.85181	179.27600	774.72259	-143.95501	652.75401	780.56434	-15.30559	967.26807	593.16747	7.29299	110.91483	748.87581	30.90985	658.40317	642.76527	-36.44562	987.31399	647.62754	-39.20807	707.52999	775.22102	-215.97816	448.47245	699.75430	114.67520	471.01947	701.20217	-218.63056	252.89352	668.55062	110.11953	230.76100	
427	4.260	671.34925	-65.17362	799.24119	664.32976	-109.74768	704.64284	746.10283	-11.68585	382.04056	632.01401	45.14352	76.48523	635.49707	-23.67711	96.36142	680.91462	8.49402	70.54268	834.67788	-90.22095	371.86633	782.37217	-142.90623	341.11690	617.37103	-164.26207	127.60538	611.23945	-96.54799	144.63730	642.65221	-124.20996	91.75273	700.36338	46.45644	345.62957	595.09188	-135.22169	180.74059	781.91161	-142.39319	653.26791	787.19851	-15.41331	967.18877	593.62037	6.74306	111.58918	753.30235	31.94592	658.71047	649.73311	-36.63084	987.97112	653.23290	-39.93114	707.74398	788.85309	-214.78351	451.28870	701.25890	115.18298	471.29881	718.26266	-218.61424	255.87624	668.26900	110.38493	230.98186	
428	4.270	677.33543	-65.30961	799.50234	670.73011	-110.24845	704.59696	748.13609	-10.43075	381.66338	631.94323	45.00271	76.84050	636.10273	-23.73491	96.85100	681.15112	8.71652	70.65149	849.31069	-88.48100	375.84773	798.42421	-141.96822	343.78406	634.85426	-166.00366	129.80342	628.05962	-98.09612	146.05092	661.16731	-126.22754	94.55176	701.39168	47.16046	345.80553	611.51182	-136.53549	182.19485	789.00043	-140.90125	653.58589	793.94745	-15.60790	966.87716	594.14157	6.40308	112.23629	757.68263	32.89206	658.92291	656.79988	-36.83389	988.49723	658.75552	-40.73049	707.77673	802.35732	-213.66671	454.14809	702.83939	115.69808	471.57120	735.31698	-218.61179	258.99248	668.16201	110.74750	231.17533	
429	4.280	683.29679	-65.53067	799.61331	677.04848	-110.79570	704.34156	750.21185	-9.15456	381.23124	631.90807	44.96568	77.15400	636.69314	-23.67151	97.32173	681.40560	9.02818	70.73496	863.87459	-86.92370	379.92696	814.44702	-141.12237	346.55375	652.54182	-167.68563	131.98630	645.15628	-99.59359	147.37679	679.90394	-128.22617	97.38484	702.47278	47.90319	345.95429	628.15918	-137.77304	183.55912	795.99407	-139.49241	653.69992	800.82749	-15.89455	966.33579	594.69555	6.20758	112.84442	762.05790	33.74466	659.04531	663.98161	-37.07439	988.88959	664.22487	-41.58315	707.64904	815.62256	-212.65431	457.03038	704.51341	116.21784	471.82748	752.30576	-218.63019	262.21484	668.15111	111.18106	231.33952	
430	4.290	689.25906	-65.83785	799.58458	683.30430	-111.37170	703.89698	752.30003	-7.88289	380.74713	631.87787	44.99500	77.42768	637.26098	-23.52796	97.76821	681.65932	9.40176	70.79419	878.29512	-85.57313	384.10103	830.34557	-140.38151	349.42591	670.46155	-169.28665	134.07499	662.56308	-101.01894	148.54134	698.90081	-130.18715	100.18613	703.57685	48.66882	346.07693	645.04109	-138.91440	184.74638	802.89771	-138.17994	653.61277	807.85360	-16.27832	965.57458	595.25271	6.10100	113.40868	766.47160	34.49993	659.08367	671.29422	-37.36975	989.14927	669.67300	-42.46368	707.38608	828.54383	-211.77050	459.91654	706.29794	116.73824	472.06131	769.17594	-218.67427	265.50458	668.17330	111.65981	231.47746	
431	4.300	695.24742	-66.22569	799.43087	689.51762	-111.95850	703.28979	754.38201	-6.63758	380.21720	631.83539	45.06445	77.66794	637.80479	-23.33487	98.18963	681.89975	9.81352	70.83206	892.49346	-84.44629	388.36490	846.02297	-139.75576	352.39821	688.64294	-170.78367	135.98750	680.31082	-102.34912	149.47345	718.19617	-132.08453	102.88838	704.68808	49.44321	346.17783	662.16529	-139.94121	185.66821	809.71751	-136.97661	653.33602	815.03950	-16.76372	964.60949	595.79293	6.04479	113.93163	770.96697	35.15436	659.04522	678.75341	-37.73453	989.28075	675.13260	-43.34690	707.01477	841.03128	-211.03491	462.78742	708.21167	117.25517	472.26985	785.88260	-218.74656	268.81059	668.19051	112.16270	231.59634	
432	4.310	701.28571	-66.68413	799.17015	695.70873	-112.53998	702.54935	756.45378	-5.43597	379.64986	631.77846	45.16083	77.88489	638.32913	-23.10999	98.58978	682.12216	10.24532	70.85296	906.39020	-83.55293	392.70619	861.38464	-139.25205	355.46157	707.11131	-172.15294	137.64365	698.42176	-103.56100	150.10880	737.81934	-133.88586	105.42544	705.80861	50.21508	346.26380	679.53732	-140.83830	186.24059	816.46157	-135.89405	652.88753	822.39770	-17.35422	963.46096	596.30736	6.02011	114.42297	775.58503	35.70519	658.93837	686.37459	-38.18024	989.29133	680.63561	-44.21042	706.56119	853.01696	-210.46070	465.62206	710.27732	117.76503	472.45344	802.38985	-218.84731	272.06938	668.19450	112.67591	231.70619	
433	4.320	707.39605	-67.20056	798.82220	701.89810	-113.10344	701.70450	758.52733	-4.29135	379.05459	631.71910	45.28308	78.09152	638.84402	-22.85857	98.97640	682.33006	10.68534	70.86239	919.90897	-82.89543	397.09997	876.34195	-138.87359	358.59567	725.88219	-173.37158	138.96913	716.90372	-104.63326	150.39296	757.78294	-135.55388	107.73393	706.96005	50.97615	346.34276	697.15699	-141.59563	186.38875	823.14100	-134.94223	652.28872	829.93934	-18.05203	962.15233	596.79886	6.02656	114.89841	780.36309	36.15089	658.77225	694.17233	-38.71546	989.19037	686.21215	-45.03651	706.04822	864.45889	-210.05319	468.39563	712.52333	118.26477	472.61468	818.67063	-218.97476	275.20635	668.20713	113.19324	231.81841	
434	4.330	713.59887	-67.76179	798.40710	708.10660	-113.64068	700.78054	760.63032	-3.21389	378.44060	631.68073	45.43930	78.30266	639.36379	-22.57601	99.36013	682.53440	11.12756	70.86644	932.97981	-82.46837	401.50445	890.81517	-138.61912	361.76496	744.95610	-174.41934	139.89843	735.74447	-105.54838	150.28304	778.07642	-137.04907	109.75417	708.18263	51.72037	346.42234	715.01438	-142.20993	186.05091	829.77083	-134.12898	651.56177	837.67395	-18.85794	960.70829	597.28102	6.07793	115.37788	785.33385	36.49157	658.55595	702.15988	-39.34621	988.98829	691.89025	-45.81331	705.49358	875.34213	-209.80910	471.07738	714.98441	118.75162	472.75701	834.70551	-219.12531	278.13812	668.27650	113.71489	231.94427	
435	4.340	719.91323	-68.35580	797.94336	714.35611	-114.14838	699.79700	762.80437	-2.21174	377.81549	631.69403	45.64266	78.53388	639.90573	-22.25194	99.75323	682.75191	11.57056	70.87130	945.54208	-82.25792	405.85805	904.73593	-138.48221	364.91589	764.31371	-175.28043	140.37667	754.90658	-106.29450	149.74783	798.66100	-138.33279	111.43043	709.53214	52.44279	346.50838	733.08535	-142.68584	185.18040	836.37090	-133.45968	650.72721	845.60917	-19.77138	959.15346	597.77609	6.19599	115.88359	790.52532	36.72920	658.29753	710.34836	-40.07644	988.69544	697.69601	-46.53533	704.90854	885.67730	-209.71653	473.62858	717.70085	119.22262	472.88321	850.48050	-219.29376	280.77571	668.46974	114.24515	232.09364	
436	4.350	726.35752	-68.97299	797.44626	720.67014	-114.62804	698.76631	765.10219	-1.29174	377.18408	631.79240	45.90688	78.80062	640.48856	-21.87473	100.16829	683.00290	12.01573	70.88278	957.54667	-82.24119	410.07829	918.04885	-138.45078	367.97570	783.91135	-175.94513	140.36021	774.32322	-106.86672	148.76673	819.46608	-139.37071	112.71069	711.07524	53.13842	346.60365	751.32702	-143.03630	183.74637	842.96640	-132.93708	649.80184	853.75036	-20.79056	957.51125	598.31224	6.40390	116.43801	795.96126	36.86775	658.00284	718.74596	-40.90868	988.32089	703.65431	-47.20313	704.29732	895.49692	-209.75554	476.00097	720.71674	119.67418	472.99391	865.98398	-219.47326	283.02823	668.86417	114.78947	232.27402	
437	4.360	732.95026	-69.60704	796.92614	727.07446	-115.08521	697.69343	767.58396	-0.45990	376.54740	632.00751	46.24241	79.11738	641.13123	-21.43555	100.61703	683.30876	12.46558	70.90584	968.95760	-82.38583	414.06276	930.71259	-138.50681	370.85335	803.67694	-176.41098	139.81638	793.89511	-107.26781	147.32786	840.38719	-140.13625	113.54659	712.88391	53.80122	346.70683	769.67316	-143.28178	181.73323	849.58799	-132.56116	648.79738	862.10029	-21.91277	955.80302	598.92062	6.72021	117.06223	801.66222	36.91317	657.67427	727.35723	-41.84452	987.87127	709.78959	-47.82248	703.65714	904.85050	-209.89924	478.13619	724.07744	120.10174	473.08638	881.20285	-219.65529	284.80694	669.53798	115.35167	232.48998	
438	4.370	739.71084	-70.25500	796.38720	733.59741	-115.52840	696.57660	770.31355	0.27858	375.90182	632.36581	46.65351	79.49715	641.85186	-20.93139	101.10943	683.68965	12.92209	70.94424	979.75289	-82.65022	417.69243	942.70021	-138.62669	373.44265	823.50640	-176.68355	138.72285	813.48904	-107.50827	145.42606	861.28545	-140.61370	113.89385	715.02979	54.42361	346.81179	788.03015	-143.44875	179.13947	856.27135	-132.32923	647.71996	870.65886	-23.13466	954.04750	599.63246	7.15437	117.77478	807.64672	36.87314	657.30963	736.18240	-42.88505	987.34986	716.12666	-48.40279	702.97898	913.79910	-210.11532	479.96644	727.82690	120.49953	473.15361	896.11822	-219.82954	286.02957	670.56201	115.93166	232.74292	
439	4.380	746.66012	-70.91688	795.82672	740.26974	-115.96758	695.40886	773.35489	0.91934	375.23849	632.88616	47.13688	79.95109	642.66706	-20.36669	101.65306	684.16261	13.38550	71.00026	989.92490	-82.98455	420.83726	953.99883	-138.78207	375.62770	843.26112	-176.77656	137.06701	832.93833	-107.60563	143.06150	881.98864	-140.80060	113.71371	717.57925	54.99626	346.90706	806.27411	-143.56717	175.97634	863.05605	-132.23611	646.57035	879.42296	-24.45260	952.26056	600.47676	7.70431	118.59099	813.93254	36.75664	656.90127	745.21697	-44.03116	986.75592	722.69119	-48.95532	702.24880	922.41003	-210.36794	481.41685	732.00511	120.86057	473.18375	910.70105	-219.98405	286.62472	671.99366	116.52403	233.03105	
440	4.390	753.82056	-71.59470	795.23498	747.12387	-116.41246	694.18032	776.76893	1.45900	374.54289	633.57906	47.68154	80.48845	643.59166	-19.75346	102.25291	684.74029	13.85349	71.07449	999.48026	-83.33301	423.36400	964.60892	-138.94147	377.29034	862.76708	-176.71153	134.84616	852.04558	-107.58333	140.23951	902.29427	-140.70934	112.97566	720.58973	55.50823	346.97562	824.24982	-143.66765	172.26728	869.98379	-132.27449	645.34513	888.38648	-25.86292	950.45531	601.47882	8.35610	119.52278	820.53760	36.57349	656.43553	754.45158	-45.28354	986.08448	729.50956	-49.49108	701.44916	930.75215	-210.61992	482.40963	736.64624	121.17674	473.15971	924.90830	-220.10551	286.53640	673.87363	117.11760	233.34953	
441	4.400	761.21584	-72.29097	794.59596	754.19247	-116.87077	692.88091	780.61147	1.89501	373.79468	634.44741	48.27011	81.11653	644.63878	-19.11016	102.91131	685.43058	14.32082	71.16585	1008.43940	-83.63714	425.14586	974.54335	-139.07253	378.31930	881.81664	-176.51693	132.06869	870.58814	-107.46913	136.97205	921.97492	-140.36753	111.66152	724.10780	55.94736	346.99475	841.77243	-143.77859	168.04825	877.09590	-132.43550	644.03852	897.54038	-27.36215	948.64233	602.65976	9.08565	120.57894	827.48038	36.33362	655.89270	763.87222	-46.64249	985.32673	736.60821	-50.01872	700.56114	938.89206	-210.83525	482.86996	741.77753	121.43889	473.05906	938.68055	-220.18014	285.72855	676.22584	117.69593	233.69048	
442	4.410	768.86998	-73.00696	793.88883	761.50634	-117.34655	691.50318	784.93202	2.22525	372.96775	635.48872	48.88084	81.84095	645.82026	-18.45958	103.62824	686.23700	14.77926	71.27165	1016.83582	-83.84023	426.07351	983.82627	-139.14485	378.62028	900.17390	-176.22691	128.75668	888.32642	-107.29344	133.28096	940.78626	-139.81720	109.77038	728.16891	56.30061	346.93615	858.63261	-143.92379	163.36945	884.43047	-132.70937	642.64492	906.87302	-28.94703	946.83023	604.03724	9.86177	121.76549	834.77970	36.04642	655.24760	773.46067	-48.10757	984.47088	744.01217	-50.54262	699.56624	946.89105	-210.98183	482.73332	747.41908	121.63699	472.85421	951.94172	-220.19499	284.18939	679.06024	118.23858	234.04294	
443	4.420	776.80578	-73.74087	793.09014	769.09199	-117.83874	690.04510	789.77352	2.44724	372.03071	636.69858	49.49017	82.66577	647.14754	-17.82628	104.40188	687.16011	15.21792	71.38791	1024.71492	-83.89260	426.06670	992.49216	-139.13325	378.12627	917.58436	-175.87959	124.94939	905.01538	-107.08757	129.20236	958.47809	-139.11264	107.32393	732.79884	56.55434	346.76629	874.60569	-144.12083	158.29794	892.01917	-133.08626	641.16169	916.37048	-30.61442	945.02630	605.62723	10.65028	123.08628	842.45369	35.71998	654.47073	783.19535	-49.67691	983.50362	751.74316	-51.06132	698.44843	954.80279	-211.03449	481.95350	753.58453	121.76021	472.51278	964.60165	-220.13975	281.93522	682.37816	118.72274	234.39264	
444	4.430	785.04293	-74.48601	792.17665	776.96884	-118.34015	688.51236	795.17287	2.55698	370.94784	638.07505	50.07529	83.59383	648.63281	-17.23384	105.22921	688.19954	15.62363	71.50986	1032.13226	-83.75733	425.08531	1000.58461	-139.02112	376.80709	933.78903	-175.51511	120.70725	920.41853	-106.88214	124.79148	974.80811	-138.31707	104.37085	738.01620	56.69438	346.44705	889.46479	-144.38047	152.92061	899.88420	-133.55722	639.59206	926.01700	-32.36106	943.23728	607.44669	11.41826	124.54350	850.51829	35.36045	653.53010	793.05223	-51.34655	982.41207	759.81728	-51.56646	697.19589	962.67133	-210.97804	480.51061	760.28236	121.79679	471.99845	976.56173	-220.00895	279.01313	686.17906	119.12496	234.72161	
445	4.440	793.59579	-75.22946	791.12854	785.14675	-118.83699	686.92007	801.16185	2.54762	369.68077	639.62354	50.61631	84.62699	650.29064	-16.70260	106.10696	689.35679	15.98142	71.63265	1039.15094	-83.41585	423.13861	1008.15502	-138.80361	374.67687	948.54266	-175.17341	116.11503	934.32412	-106.70578	120.12664	989.55813	-137.49827	100.98931	743.83570	56.70580	345.93695	902.99741	-144.70701	147.34617	908.03560	-134.11500	637.94782	935.79545	-34.18318	941.47021	609.51689	12.13799	126.13823	858.98526	34.97141	652.39363	803.00595	-53.10961	981.18602	768.24277	-52.04242	695.80279	970.52916	-210.81013	478.41781	767.51778	121.73394	471.27224	987.72330	-219.80436	275.50207	690.46791	119.42264	235.00790	
446	4.450	802.47119	-75.95123	789.93265	793.62391	-119.30893	685.29373	807.76807	2.40798	368.19095	641.36159	51.09772	85.76641	652.13983	-16.24790	107.03254	690.63842	16.27500	71.75234	1045.83811	-82.87297	420.29116	1015.26049	-138.49024	371.79846	961.63446	-174.89200	111.28293	946.56201	-106.58413	115.31087	1002.55122	-136.72359	97.28641	750.27138	56.57265	345.19306	915.02405	-145.09966	141.70513	916.46940	-134.75485	636.25132	945.68768	-36.07599	939.73328	611.86683	12.79003	127.87083	867.86014	34.55335	651.03200	813.03087	-54.95552	979.82032	777.01809	-52.46669	694.27059	978.39540	-210.54372	475.72587	775.29463	121.55759	470.29447	997.99787	-219.53723	271.51148	695.26171	119.59507	235.22542	
447	4.460	811.66655	-76.62422	788.58551	802.38567	-119.73002	683.66914	815.01563	2.12126	366.44297	643.32298	51.50902	87.01283	654.20547	-15.87927	108.00509	692.05930	16.48721	71.86692	1052.26040	-82.16050	416.66386	1021.96090	-138.10665	368.28349	972.90913	-174.70383	106.34445	957.01956	-106.53922	110.47013	1013.66824	-136.05490	93.39366	757.33927	56.27747	344.17374	925.41661	-145.55454	136.14631	925.16667	-135.47505	634.53664	955.67484	-38.03318	938.03671	614.53635	13.36496	129.74124	877.14036	34.10338	649.42189	823.10203	-56.86936	978.31719	786.13063	-52.81109	692.60926	986.27393	-210.20863	472.52447	783.61726	121.25220	469.02745	1007.31785	-219.23006	267.17711	700.59425	119.62387	235.34440	
448	4.470	821.16856	-77.21510	787.09573	811.40448	-120.07023	682.09151	822.92507	1.66426	364.40871	645.56057	51.84459	88.36680	656.52092	-15.60047	109.02648	693.64580	16.60044	71.97754	1058.47861	-81.33872	412.42919	1028.31493	-137.69521	364.28748	982.28528	-174.63565	101.45012	965.65435	-106.58937	105.74737	1022.86133	-135.54404	89.45864	765.05897	55.80102	342.84217	934.11411	-146.06717	130.82954	934.09389	-136.27711	632.84958	965.73763	-40.04641	936.39351	617.57820	13.86376	131.74914	886.81381	33.61505	647.54920	833.19586	-58.83148	976.68807	795.55642	-53.04377	690.83799	994.15201	-209.85181	468.93952	792.49178	120.80074	467.43884	1015.64569	-218.91747	262.65366	706.51802	119.49297	235.33262	
449	4.480	830.95272	-77.68616	785.48546	820.64113	-120.29768	680.61357	831.51253	1.00721	362.07204	648.14711	52.10275	89.82897	659.12955	-15.41024	110.10200	695.43834	16.59726	72.08963	1064.54222	-80.49519	407.79994	1034.37513	-137.31411	359.99970	989.76779	-174.70715	96.75708	972.50136	-106.74950	101.29260	1030.16200	-135.22948	85.63323	773.45372	55.12239	341.17068	941.13256	-146.63515	125.91442	943.20461	-137.16551	631.24629	975.85639	-42.10483	934.82019	621.05867	14.29647	133.89391	896.85817	33.07849	645.41219	843.29068	-60.81731	974.95494	805.26086	-53.13192	688.98556	1001.99960	-209.53587	465.12642	801.92662	120.18503	465.50566	1022.98001	-218.64596	258.10457	713.10271	119.18811	235.15765	
450	4.490	840.98378	-77.99804	783.79079	830.04715	-120.38147	679.29293	840.78818	0.11480	359.43365	651.17378	52.28443	91.40022	662.08579	-15.30377	111.24067	697.49324	16.46116	72.21383	1070.48432	-79.74019	403.01212	1040.18240	-137.03493	355.62852	995.45147	-174.93090	92.41562	977.67285	-107.03180	97.24997	1035.68176	-135.13456	82.06013	782.54895	54.21966	339.14550	946.56666	-147.26058	121.54636	952.44223	-138.14713	629.79073	986.01111	-44.19482	933.33722	625.05618	14.67963	136.17436	907.24085	32.48087	643.02405	853.36696	-62.79775	973.15086	815.20060	-53.04501	687.09023	1009.76998	-209.33562	461.25929	811.93205	119.38647	463.21872	1029.35694	-218.47210	253.68977	720.43004	118.69628	234.79040	
451	4.500	851.21725	-78.11314	782.06076	839.56831	-120.29481	678.18890	850.75405	-1.05164	356.51542	654.74607	52.39162	93.08181	665.45535	-15.27438	112.45494	699.88337	16.17771	72.36653	1076.31800	-79.19880	398.30354	1045.76075	-136.93847	351.38351	999.51396	-175.31319	88.55437	981.34971	-107.44645	93.74379	1039.60418	-135.26764	78.85962	792.36917	53.07129	336.77146	950.58189	-147.95188	117.84206	961.74388	-139.23013	628.55079	996.18148	-46.29985	931.96924	629.65785	15.03249	138.58818	917.91994	31.80712	640.41474	863.40727	-64.73977	971.31947	825.32618	-52.75824	685.19906	1017.40181	-209.33253	457.51732	822.51855	118.38725	460.58694	1034.84630	-218.45923	249.55282	728.58536	118.00531	234.20967	
452	4.510	861.60174	-77.99943	780.35528	849.14870	-120.01818	677.35903	861.40183	-2.53060	353.36360	658.97737	52.42590	94.87528	669.31447	-15.31543	113.75963	702.69763	15.73589	72.56985	1082.03469	-78.99985	393.89083	1051.11322	-137.10878	347.45669	1002.19825	-175.85529	85.26707	983.76488	-108.00216	90.86567	1042.16863	-135.62383	76.11884	802.93383	51.65832	334.07607	953.39741	-148.72410	114.87674	971.04485	-140.42263	627.59374	1006.34692	-48.40056	930.74499	634.95399	15.37267	141.13111	928.84568	31.04102	637.63178	873.39624	-66.60763	969.51367	835.58530	-52.25596	683.36672	1024.82288	-209.60748	454.06955	833.69397	117.17213	457.64129	1039.54247	-218.67247	245.80924	737.64687	117.10392	233.40748	
453	4.520	872.08206	-77.63419	778.74191	858.73504	-119.54215	676.85560	872.71119	-4.35564	350.05023	663.98063	52.38722	96.78213	673.74805	-15.42212	115.17014	706.03904	15.12970	72.85086	1087.60498	-79.26268	389.94839	1056.21992	-137.62573	344.00544	1003.78674	-176.55447	82.60317	985.18083	-108.70570	88.66523	1043.64768	-136.18771	73.88537	814.25242	49.96712	331.11226	955.26210	-149.59727	112.67593	980.28319	-141.73124	626.98122	1016.48673	-50.47506	929.69673	641.03123	15.71156	143.79581	939.96269	30.16655	634.73968	883.32036	-68.36440	967.79336	845.92625	-51.53449	681.65363	1031.95527	-210.23242	451.06017	845.45988	115.73047	454.43747	1043.55161	-219.17239	242.53792	747.67372	115.98245	232.39453	
454	4.530	882.60256	-77.00722	777.29189	868.28060	-118.86948	676.72256	884.64908	-6.54985	346.67207	669.85923	52.27304	98.80325	678.84687	-15.59324	116.69995	710.02160	14.35961	73.24001	1092.98157	-80.08318	386.59293	1061.03883	-138.55658	341.13984	1004.57128	-177.40423	80.56457	985.86448	-109.56046	87.14594	1044.32142	-136.93621	72.16617	826.31973	47.99253	327.95910	956.42767	-150.59238	111.21339	989.40401	-143.15968	626.76446	1026.58039	-52.49952	928.85932	647.96510	16.05027	146.57047	951.21243	29.16938	631.81802	893.16788	-69.97378	966.22252	856.30107	-50.60404	680.12365	1038.72139	-211.26198	448.59635	857.80725	114.05845	451.05689	1046.97714	-220.00793	239.77722	758.69504	114.63443	231.20482	
455	4.540	893.11051	-76.12319	776.07572	877.74835	-118.01610	676.99298	897.17048	-9.12012	343.34681	676.69819	52.07782	100.93794	684.70421	-15.83265	118.35768	714.76597	13.43362	73.76870	1098.10391	-81.52099	383.87645	1065.50978	-139.94725	338.91644	1004.82410	-178.39309	79.10897	986.06380	-110.56354	86.26691	1044.45293	-137.84069	70.93164	839.11213	45.74088	324.71994	957.12367	-151.72512	110.41595	998.36305	-144.70753	626.98018	1036.60811	-54.44885	928.26871	655.81317	16.37623	149.43740	962.53591	28.03840	628.95805	902.92891	-71.40218	964.86580	866.66803	-49.48928	678.84127	1045.05045	-212.72618	446.74057	870.71240	112.16118	447.60531	1049.90626	-221.20912	237.52629	770.70130	113.05879	229.89832	
456	4.550	903.55905	-75.00256	775.15882	887.11287	-117.01073	677.68734	910.22074	-12.05206	340.20668	684.55715	51.79268	103.18262	691.41197	-16.15057	120.14406	720.39436	12.36748	74.46626	1102.90363	-83.58972	381.78898	1069.56115	-141.81451	337.33939	1004.77470	-179.50235	78.15942	985.98953	-111.70217	85.95025	1044.26841	-138.86798	70.12389	852.58552	43.23245	321.51788	957.53847	-152.99854	110.17447	1007.12915	-146.36953	627.64775	1046.55143	-56.29767	927.96014	664.61005	16.66111	152.37162	973.87629	26.76718	626.25803	912.59559	-72.62073	963.78491	876.99334	-48.22841	677.86844	1050.88469	-214.62539	445.50845	884.13369	110.05434	444.20884	1052.40004	-222.78103	235.75171	783.63989	111.26247	228.56081	
457	4.560	913.90944	-73.68113	774.59738	896.36107	-115.89314	678.81265	923.73940	-15.30639	337.38986	693.46619	51.40504	105.52937	699.05685	-16.56426	122.04928	727.02482	11.18384	75.35658	1107.31016	-86.25207	380.27043	1073.11876	-144.14048	336.36840	1004.59568	-180.70346	77.61797	985.80430	-112.95039	86.09252	1043.94465	-139.98043	69.66740	866.67568	40.50288	318.48853	957.80885	-154.39644	110.35887	1015.68543	-148.13524	628.76773	1056.39412	-58.02125	927.96584	674.36517	16.86019	155.33993	985.18125	25.35509	623.81752	922.16249	-73.60720	963.03516	887.25183	-46.87063	677.26123	1056.18472	-216.92845	444.87230	898.00978	107.76530	441.00728	1054.48885	-224.69973	234.39780	797.41588	109.26273	227.30005	
458	4.570	924.13238	-72.20801	774.43501	905.49144	-114.71114	680.36239	937.66502	-18.81747	335.03075	703.42534	50.89838	107.96437	707.71673	-17.09819	124.05118	734.76543	9.91026	76.45489	1111.25607	-89.42075	379.22866	1076.11563	-146.87063	335.93166	1004.39876	-181.95632	77.38091	985.61972	-114.26718	86.57839	1043.60462	-141.13577	69.48022	881.30119	37.60314	315.77082	958.01876	-155.87942	110.83484	1024.02928	-149.98917	630.32212	1066.12298	-59.59659	928.31266	685.06389	16.91364	158.30063	996.40480	23.80813	621.73128	931.62705	-74.34756	962.66223	897.42675	-45.47234	677.06656	1060.93344	-219.57419	444.76949	912.26005	105.33321	438.14531	1056.17403	-226.91157	233.39875	811.89819	107.08851	226.23812	
459	4.580	934.20829	-70.64229	774.70018	914.51229	-113.51658	682.31708	951.94025	-22.49464	333.25010	714.40781	50.25205	110.46671	717.45742	-17.78307	126.11487	743.70881	8.57615	77.76512	1114.68225	-92.96555	378.55963	1078.50146	-149.91631	335.94080	1004.23997	-183.20963	77.35271	985.50028	-115.59730	87.29413	1043.32045	-142.28752	69.48402	896.36889	34.59790	313.49675	958.20598	-157.38530	111.47905	1032.17104	-151.91138	632.27590	1075.72876	-61.00338	929.01950	696.67194	16.74987	161.20420	1007.50867	22.13925	620.08297	940.99007	-74.83709	962.69957	907.50871	-44.09237	677.31903	1065.13834	-222.47640	445.11377	926.78746	102.80828	435.76206	1057.43521	-229.33623	232.69017	826.93084	104.78021	225.50046	
460	4.590	944.12677	-69.04872	775.40468	923.43915	-112.36097	684.64534	966.51646	-26.22652	332.14644	726.36653	49.44171	113.00764	728.33011	-18.65377	128.19406	753.92734	7.20936	79.27846	1117.54275	-96.72599	378.16540	1080.25036	-153.16211	336.30501	1004.13145	-184.40394	77.45647	985.47232	-116.87522	88.13902	1043.12215	-143.38683	69.61160	911.78122	31.56220	311.78133	958.37419	-158.83434	112.19085	1040.13183	-153.87825	634.57984	1085.20676	-62.22483	930.09497	709.14232	16.29115	163.99526	1018.46292	20.36820	618.93958	950.25605	-75.08083	963.16643	917.49423	-42.78707	678.03824	1068.83178	-225.53155	445.80772	941.48373	100.24993	433.98043	1058.24149	-231.87365	232.21789	842.34771	102.38744	225.20285	
461	4.600	953.88515	-67.49287	776.54309	932.29163	-111.29118	687.30524	981.35711	-29.88818	331.78961	739.24276	48.44060	115.55069	740.36930	-19.74585	130.23423	765.46952	5.83282	80.97326	1119.80971	-100.52798	377.96660	1081.36567	-156.47739	336.94191	1004.05683	-185.47733	77.63946	985.53542	-118.03180	89.03326	1043.00941	-144.38568	69.81126	927.44456	28.57677	310.71377	958.50727	-160.13885	112.89900	1047.94059	-155.86354	637.17390	1094.55729	-63.24833	931.53542	722.42347	15.46126	166.61553	1029.24594	18.52088	618.34674	959.43334	-75.09347	964.06669	927.38380	-41.60553	679.22668	1072.06901	-228.62835	446.75403	956.23646	97.72388	432.89712	1058.56436	-234.41408	231.94284	857.98911	99.96501	225.43817	
462	4.610	963.48670	-66.03620	778.09314	941.09038	-110.34564	690.24574	996.43938	-33.35052	332.21731	752.97538	47.22225	118.05279	753.59167	-21.09084	132.17717	778.35794	4.46236	82.81646	1121.47782	-104.20259	377.90798	1081.88129	-159.73048	337.78401	1003.98680	-186.37263	77.87366	985.67429	-119.00277	89.92195	1042.96435	-145.24128	70.04817	943.27755	25.72240	310.35106	958.58316	-161.21508	113.56314	1055.63089	-157.83952	639.99104	1103.78575	-64.06574	933.32345	736.46710	14.19473	169.00783	1039.84402	16.62823	618.32560	968.53399	-74.89847	965.38849	937.18006	-40.58584	680.86830	1074.92391	-231.65802	447.86445	970.93746	95.29834	432.57459	1058.38970	-236.84991	231.84170	873.71778	97.56758	226.26497	
463	4.620	972.93854	-64.73164	780.01706	949.85412	-109.55149	693.40820	1011.75375	-36.49099	333.43458	767.50938	45.76437	120.46626	767.99571	-22.71088	133.96644	792.58910	3.10606	84.76622	1122.56793	-107.60425	377.95750	1081.85962	-162.80329	338.78064	1003.89262	-187.04498	78.15221	985.86918	-119.73721	90.77516	1042.96313	-145.92075	70.30295	959.21802	23.07398	310.71457	958.58505	-161.99533	114.17087	1063.23754	-159.77815	642.96100	1112.90236	-64.67353	935.42729	751.23445	12.44646	171.12029	1050.25039	14.72462	618.87124	977.57332	-74.52660	967.10462	946.88599	-39.75250	682.92803	1077.48268	-234.52408	449.06558	985.49114	93.03951	433.03599	1057.72681	-239.08754	231.90409	889.43239	95.24441	227.69986	
464	4.630	982.24964	-63.61997	782.26341	958.59742	-108.92286	696.72795	1027.30171	-39.20437	335.41606	782.80234	44.05381	122.74141	783.56253	-24.61322	135.55252	808.13519	1.76539	86.77534	1123.12895	-110.62614	378.10094	1081.38656	-165.60404	339.89661	1003.75578	-187.46805	78.48314	986.10396	-120.20467	91.58488	1042.98509	-146.40519	70.56862	975.22782	20.69496	311.78984	958.50880	-162.43778	114.73176	1070.79363	-161.65236	646.01370	1121.92155	-65.07244	937.80092	766.69998	10.20038	172.91011	1060.46423	12.84585	619.95283	986.56919	-74.01396	969.17366	956.50357	-39.11519	685.35233	1079.83602	-237.15048	450.30154	999.82195	91.00670	434.26347	1056.61316	-241.05738	232.12758	905.07680	93.03507	229.71485	
465	4.640	991.42921	-62.72729	784.76966	967.32911	-108.46034	700.13590	1043.09198	-41.41211	338.11040	798.82851	42.09167	124.82941	800.25781	-26.78576	136.89688	824.94784	0.43814	88.79481	1123.23731	-113.21030	378.33453	1080.56464	-168.07583	341.10862	1003.57331	-187.63785	78.88211	986.37119	-120.39939	92.36001	1043.01867	-146.69226	70.84655	991.29468	18.63294	313.52954	958.36616	-162.53234	115.26980	1078.32798	-163.43732	649.08220	1130.86098	-65.26706	940.38527	782.85243	7.47557	174.34622	1070.48966	11.02697	621.51539	995.54096	-73.39956	971.54172	966.03285	-38.66893	688.07062	1082.07088	-239.48730	451.53399	1013.88001	89.24782	436.20015	1055.11427	-242.72054	232.51226	920.64424	90.96737	232.24014	
466	4.650	1000.48545	-62.06383	787.46494	976.05168	-108.15162	703.56026	1059.13586	-43.06891	341.44602	815.58012	39.89771	126.68485	818.03490	-29.19427	137.97421	842.96339	-0.87769	90.77706	1122.99361	-115.35105	378.65786	1079.50534	-170.19991	342.40120	1003.35885	-187.57343	79.36565	986.67415	-120.34119	93.12027	1043.06406	-146.79671	71.14238	1007.43086	16.91685	315.85901	958.18433	-162.30178	115.81586	1085.86333	-165.11160	652.10511	1139.74044	-65.26510	943.11025	799.69344	4.32883	175.41021	1080.33484	9.29987	623.48303	1004.50839	-72.72271	974.14472	975.47168	-38.39549	690.99796	1084.26291	-241.51330	452.74028	1027.64404	87.79558	438.75534	1053.31945	-244.07119	233.05602	936.17611	89.05770	235.17183	
467	4.660	1009.42497	-61.62402	790.27304	984.76149	-107.97312	706.92850	1075.44233	-44.16583	345.33726	833.06648	37.51295	128.26780	836.83882	-31.78204	138.77250	862.10928	-2.17977	92.67851	1122.51659	-117.09120	379.06847	1078.32176	-171.99342	343.76279	1003.14031	-187.31437	79.94583	987.02630	-120.07265	93.89012	1043.13293	-146.74871	71.46249	1023.66886	15.55609	318.68364	958.00251	-161.79804	116.40102	1093.41545	-166.65832	655.02830	1148.58056	-65.07661	945.89756	817.23455	0.85287	176.09542	1090.01138	7.69112	625.76334	1013.49038	-72.02041	976.91092	984.81596	-38.26566	694.03848	1086.47103	-243.23518	453.91042	1041.12149	86.66520	441.81242	1051.33433	-245.13430	233.75129	951.75575	87.31355	238.38316	
468	4.670	1018.25277	-61.38784	793.11549	993.44999	-107.89241	710.16936	1092.01353	-44.72928	349.69042	851.31117	34.99995	129.54516	856.61071	-34.47231	139.29130	882.31053	-3.45799	94.46127	1121.93494	-118.51171	379.55859	1077.12228	-173.50230	345.18262	1002.95513	-186.91560	80.62704	987.44858	-119.65351	94.69339	1043.24580	-146.59027	71.81129	1040.05474	14.54158	321.89720	957.86671	-161.09490	117.05162	1100.99315	-168.06580	657.80593	1157.40155	-64.71317	948.66420	835.49330	-2.82958	176.40459	1099.53404	6.22015	628.25262	1022.50386	-71.32485	979.76385	994.06055	-38.24222	697.08974	1088.73509	-244.68360	455.04342	1054.34579	85.85373	445.23835	1049.27190	-245.95953	234.58363	967.49803	85.73732	241.73759	
469	4.680	1026.97265	-61.32304	795.91439	1002.10552	-107.87113	713.21502	1108.84125	-44.81646	354.40905	870.34795	32.44022	130.49137	877.29211	-37.17310	139.53858	903.49572	-4.69242	96.09405	1121.37804	-119.71657	380.11375	1076.00575	-174.79115	346.64849	1002.84412	-186.44050	81.40461	987.96549	-119.15295	95.54914	1043.42793	-146.37029	72.18966	1056.63988	13.84840	325.39013	957.82364	-160.27804	117.78597	1108.59912	-169.32803	660.40089	1166.22206	-64.18717	951.32625	854.48924	-6.57508	176.34648	1108.92056	4.89810	630.84158	1031.56275	-70.66141	982.62511	1003.20068	-38.28326	700.04754	1091.07680	-245.90670	456.14344	1067.37124	85.34125	448.89390	1047.24338	-246.61220	235.53180	983.53599	84.33027	245.10179	
470	4.690	1035.58811	-61.38815	798.59511	1010.71573	-107.86819	716.00323	1125.90448	-44.50800	359.39811	890.21586	29.92900	131.08866	898.82855	-39.78419	139.52703	925.60144	-5.85323	97.55236	1120.96675	-120.81569	380.71279	1075.05810	-175.93186	348.14538	1002.84522	-185.95321	82.26537	988.60057	-118.64110	96.46889	1043.70466	-146.13899	72.59434	1073.47236	13.43946	329.05686	957.91493	-159.43436	118.61298	1116.23166	-170.44450	662.78465	1175.05830	-63.51120	953.80279	874.24035	-10.23108	175.93231	1118.19177	3.72739	633.42102	1040.67722	-70.04708	985.41722	1012.23357	-38.34553	702.81093	1093.50376	-246.96187	457.21606	1080.26627	85.09353	452.64324	1045.35014	-247.16313	236.56902	1000.00600	83.09553	248.35659	
471	4.700	1044.10343	-61.53582	801.08858	1019.27012	-107.84289	718.47928	1143.16831	-43.89904	364.56688	910.95388	27.56779	131.32679	921.17175	-42.20519	139.27043	948.57468	-6.90258	98.81818	1120.80540	-121.90865	381.32874	1074.35047	-176.99291	349.65483	1002.98795	-185.51151	83.18942	989.37223	-118.18102	97.45547	1044.09687	-145.94259	73.01821	1090.58885	13.26965	332.80150	958.17230	-158.64202	119.53213	1123.88683	-171.41965	664.93666	1183.92335	-62.69761	956.01962	894.76017	-13.64829	175.17266	1127.37169	2.70231	635.88725	1049.85327	-69.48956	988.06626	1021.16030	-38.38752	705.28699	1096.01551	-247.90726	458.26507	1093.10563	85.06584	456.36226	1043.67742	-247.67887	237.66494	1017.03326	82.03935	251.40480	
472	4.710	1052.52485	-61.71625	803.33315	1027.76261	-107.75769	720.59764	1160.58391	-43.09018	369.83046	932.59558	25.45566	131.20250	944.28010	-44.34388	138.78050	972.37266	-7.79832	99.87909	1120.97597	-123.07179	381.93039	1073.93855	-178.03094	351.15511	1003.28930	-185.16100	84.15272	990.29043	-117.82223	98.50320	1044.61745	-145.81892	73.45118	1108.00799	13.28988	336.54135	958.61430	-157.96242	120.53478	1131.56105	-172.26187	666.84333	1192.82690	-61.75824	957.91246	916.05543	-16.69257	174.07504	1136.48765	1.81019	638.14674	1059.09252	-68.98713	990.50416	1029.98751	-38.37218	707.39506	1098.61049	-248.79396	459.28991	1105.96244	85.20718	459.94458	1042.29033	-248.21365	238.78802	1034.71896	81.17057	254.17497	
473	4.720	1060.86178	-61.88039	805.27604	1036.19376	-107.58054	722.32310	1178.08952	-42.17938	375.10987	955.16372	23.68024	130.71852	968.11705	-46.12367	138.06452	996.96018	-8.49899	100.72694	1121.53512	-124.35053	382.48422	1073.86312	-179.08535	352.62215	1003.75173	-184.93145	85.13009	991.35493	-117.59650	99.59933	1045.26920	-145.79439	73.88150	1125.72553	13.45035	340.20795	959.24510	-157.43518	121.60637	1139.25354	-172.98225	668.49698	1201.77525	-60.70429	959.42960	938.12405	-19.25504	172.64252	1145.57036	1.03333	640.11973	1068.39249	-68.52911	992.67067	1038.72890	-38.26882	709.07000	1101.29235	-249.66026	460.28423	1118.90095	85.46444	463.30478	1041.23209	-248.80419	239.90793	1053.13056	80.49833	256.62099	
474	4.730	1069.12772	-61.98277	806.87418	1044.57241	-107.28632	723.63141	1195.61224	-41.25590	380.33079	978.66510	22.30968	129.88221	992.64745	-47.48964	137.12384	1022.30437	-8.96931	101.35620	1122.51452	-125.75736	382.95682	1074.15171	-180.17630	354.03113	1004.36339	-184.83558	86.09813	992.55515	-117.51644	100.72635	1046.04442	-145.88276	74.29721	1143.71175	13.70290	343.74583	960.05528	-157.07641	122.72912	1146.96864	-173.59321	669.89457	1210.77160	-59.54627	960.53361	960.95297	-21.25953	170.87319	1154.65387	0.35124	641.74279	1077.74711	-68.09703	994.51480	1047.40618	-38.05436	710.26427	1104.07479	-250.52846	461.23564	1131.97080	85.78593	466.37892	1040.52479	-249.46758	240.99794	1072.29557	80.02902	258.71833	
475	4.740	1077.34107	-61.98372	808.09466	1052.91664	-106.85770	724.50920	1213.07044	-40.39651	385.42127	1003.08546	21.38654	128.70364	1017.83198	-48.41231	135.95320	1048.36765	-9.18534	101.76205	1123.92423	-127.27506	383.31736	1074.82121	-181.30566	355.35837	1005.10045	-184.87028	87.03777	993.87177	-117.57683	101.86470	1046.92610	-146.08555	74.68739	1161.91117	14.00238	347.10921	961.02435	-156.88029	123.88503	1154.71747	-174.10723	671.03662	1219.81663	-58.29398	961.20233	984.51538	-22.66670	168.76034	1163.77535	-0.25717	642.96999	1087.14742	-67.66622	995.99581	1056.04944	-37.71370	710.94873	1106.98419	-251.40443	462.12664	1145.20335	86.12396	469.12229	1040.17210	-250.20231	242.03677	1092.19921	79.76286	260.45774	
476	4.750	1085.52547	-61.85105	808.91468	1061.25387	-106.28519	724.95344	1230.37686	-39.66419	390.30882	1028.38455	20.92429	127.19365	1043.62000	-48.88902	134.54086	1075.09923	-9.13867	101.93855	1125.75868	-128.86395	383.53980	1075.88141	-182.46028	356.58327	1005.93118	-185.01979	87.93610	995.27970	-117.75825	102.99562	1047.89061	-146.39398	75.04321	1180.24451	14.30708	350.25749	962.12486	-156.82347	125.05868	1162.51894	-174.53584	671.92610	1228.90918	-56.95660	961.42893	1008.76709	-23.47460	166.29337	1172.97464	-0.81144	643.77292	1096.58253	-67.20779	997.08380	1064.69682	-37.23933	711.11221	1110.05990	-252.27978	462.93651	1158.61043	86.43641	471.50531	1040.16397	-250.99168	243.01001	1112.78541	79.69118	261.83794	
477	4.760	1093.70985	-61.56108	809.32119	1069.62018	-105.56654	724.97034	1247.44235	-39.10881	394.91766	1054.49101	20.90687	125.36192	1069.94130	-48.94297	132.86966	1102.42588	-8.83886	101.87713	1128.00447	-130.47135	383.60440	1077.33914	-183.61673	357.68956	1006.82117	-185.26040	88.78738	996.75215	-118.03237	104.10361	1048.91119	-146.79189	75.35837	1198.61293	14.57849	353.15022	963.32722	-156.87141	126.23951	1170.39985	-174.88888	672.56753	1238.04702	-55.54256	961.22118	1033.64173	-23.71596	163.45928	1182.29357	-1.32799	644.13977	1106.04067	-66.69075	997.75968	1073.39345	-36.63041	710.76011	1113.35248	-253.13566	463.64355	1172.18561	86.68727	473.50828	1040.48265	-251.80900	243.91065	1133.96067	79.79475	262.85855	
478	4.770	1101.92811	-61.09923	809.31017	1078.05883	-104.70594	724.57398	1264.18009	-38.76920	399.16672	1081.29726	21.29112	123.21575	1096.69752	-48.62004	130.91893	1130.24305	-8.31382	101.56582	1130.64858	-132.04144	383.49806	1079.20283	-184.74643	358.66575	1007.73901	-185.56559	89.59303	998.26500	-118.36798	105.17814	1049.96200	-147.25929	75.62911	1216.90413	14.78093	355.74279	964.60505	-156.98577	127.42338	1178.39420	-175.17426	672.96610	1247.22761	-54.05962	960.60011	1059.04515	-23.45258	160.24496	1191.77494	-1.81893	644.07358	1115.51018	-66.08408	998.01498	1082.18967	-35.89144	709.91222	1116.92035	-253.94762	464.22744	1185.90769	86.84656	475.11622	1041.10964	-252.62338	244.73863	1155.59966	80.04338	263.51476	
479	4.780	1110.21835	-60.46012	808.88592	1086.61808	-103.71293	723.78478	1280.51025	-38.67582	402.96933	1108.65457	22.01180	120.76000	1123.75397	-47.98395	128.66747	1158.40687	-7.60804	100.98957	1133.68622	-133.52389	383.21345	1081.48683	-185.82044	359.50428	1008.66168	-185.91106	90.36069	999.80100	-118.73671	106.21457	1051.02193	-147.77577	75.85365	1234.99998	14.88132	357.98367	965.94027	-157.13163	128.61308	1186.54165	-175.39793	673.12692	1256.44879	-52.51473	959.59819	1084.84930	-22.76762	156.64043	1201.46108	-2.29150	643.59015	1124.98048	-65.35873	997.85116	1091.13855	-35.03094	708.60028	1120.82576	-254.69035	464.67087	1199.74606	86.88982	476.31474	1042.03283	-253.40526	245.49943	1177.55193	80.39707	263.79455	
480	4.790	1118.62178	-59.64740	808.06024	1095.34850	-102.60151	722.62815	1296.36467	-38.85301	406.23509	1136.36879	22.98857	117.99848	1150.93316	-47.11016	126.09739	1186.72837	-6.77861	100.13186	1137.12696	-134.88015	382.74689	1084.21514	-186.81325	360.19964	1009.57922	-186.27869	91.10255	1001.35326	-119.11777	107.21410	1052.07794	-148.32340	76.03126	1252.78494	14.84942	359.81420	967.32761	-157.28362	129.81798	1194.88545	-175.56417	673.05434	1265.70926	-50.91407	958.25715	1110.88660	-21.75667	152.64301	1211.39210	-2.74791	642.71589	1134.44287	-64.48931	997.27892	1100.29306	-34.06027	706.86550	1125.13081	-255.34164	464.96040	1213.66672	86.79771	477.08785	1043.25315	-254.13099	246.20162	1199.64869	80.80843	263.67904	
481	4.800	1127.18122	-58.67336	806.85177	1104.29999	-101.38944	721.13328	1311.69101	-39.32017	408.87424	1164.19767	24.13403	114.93693	1178.01086	-46.07899	123.19877	1214.97072	-5.88969	98.97759	1140.99862	-136.08674	382.09546	1087.42389	-187.70526	360.74562	1010.49820	-186.65905	91.83314	1002.92775	-119.50082	108.18291	1053.12758	-148.88857	76.16117	1270.15444	14.65903	361.17134	968.77810	-157.43003	131.05268	1203.46979	-175.67600	672.75147	1275.00896	-49.26303	956.62575	1136.94581	-20.51847	148.26240	1221.60363	-3.18549	641.48585	1143.89108	-63.45547	996.31735	1109.70273	-32.99285	704.75654	1129.89431	-255.88503	465.08610	1227.63793	86.55602	477.41817	1044.78994	-254.78568	246.85394	1221.70918	81.22615	263.14608	
482	4.810	1135.93936	-57.55840	805.28554	1113.51854	-100.09797	719.33243	1326.45593	-40.09122	410.80434	1191.85101	25.36219	111.58730	1204.71637	-44.96863	119.97470	1242.85063	-5.00575	97.51693	1145.34851	-137.13542	381.25395	1091.16246	-188.48365	361.13232	1011.44376	-187.05206	92.56713	1004.54465	-119.88684	109.13077	1054.18045	-149.46275	76.24151	1287.02202	14.28999	361.99339	970.32146	-157.57448	132.33513	1212.33715	-175.73555	672.21981	1284.34907	-47.56636	954.75757	1162.77090	-19.14607	143.52606	1232.12438	-3.59711	639.94233	1153.32162	-62.24303	994.99306	1119.41026	-31.84398	702.32806	1135.16974	-256.31102	465.04029	1241.63421	86.15628	477.28965	1046.68450	-255.36424	247.46203	1243.54613	81.59948	262.17638	
483	4.820	1144.93678	-56.33034	803.39279	1123.04321	-98.75180	717.26069	1340.64648	-41.17198	411.95879	1218.99488	26.59657	107.97260	1230.73773	-43.84832	116.44614	1270.04474	-4.18455	95.74975	1150.24197	-138.03084	380.21231	1095.49277	-189.14193	361.34342	1012.46032	-187.46587	93.31738	1006.23869	-120.28677	110.06937	1055.25861	-150.04188	76.26868	1303.32401	13.73105	362.22798	972.00709	-157.73483	133.68451	1221.52551	-175.74430	671.45928	1293.73194	-45.82842	952.70903	1188.06424	-17.71910	138.48434	1242.97335	-3.97157	638.13397	1162.73386	-60.84467	993.33955	1129.44822	-30.63099	699.63988	1141.00441	-256.61668	464.81564	1255.63772	85.59723	476.69229	1049.00129	-255.87057	248.02563	1264.97019	81.88324	260.76103	
484	4.830	1154.20973	-55.02370	801.21110	1132.90335	-97.37925	714.95620	1354.26930	-42.55577	412.29610	1245.26116	27.77714	104.13168	1255.73274	-42.77235	112.65594	1296.20128	-3.47052	93.68976	1155.75861	-138.78630	378.95415	1100.48693	-189.67840	361.35450	1013.61088	-187.91420	94.09370	1008.05873	-120.71849	111.01084	1056.39621	-150.62484	76.23721	1319.02107	12.98338	361.84139	973.90388	-157.93965	135.11909	1231.06598	-175.70307	670.46862	1303.16068	-44.05356	950.53765	1212.49534	-16.29778	133.21422	1254.15722	-4.29408	636.11535	1172.12977	-59.26051	991.39661	1139.83612	-29.37390	696.75684	1147.43954	-256.80415	464.40315	1269.63646	84.88709	475.62800	1051.82648	-256.31511	248.53645	1285.79343	82.04308	258.90908	
485	4.840	1163.78796	-53.67872	798.78469	1143.11633	-96.01242	712.46077	1367.34740	-44.21765	411.80861	1270.26311	28.86566	100.12270	1279.34592	-41.77541	108.67103	1320.95719	-2.88947	91.36774	1161.98658	-139.41869	377.45681	1106.22335	-190.09392	361.13285	1014.97504	-188.41260	94.90257	1010.06663	-121.20243	111.96663	1057.63822	-151.21128	76.14050	1334.09581	12.06423	360.82747	976.09861	-158.22275	136.65464	1240.98068	-175.61180	669.24622	1312.63865	-42.24660	948.30079	1235.71579	-14.91906	127.82070	1265.66789	-4.54667	633.94697	1181.51357	-57.49833	989.20994	1150.57805	-28.09605	693.74898	1154.51077	-256.87841	463.79062	1283.61918	84.04626	474.11661	1055.26397	-256.71139	248.97746	1305.83248	82.06066	256.65333	
486	4.850	1173.69260	-52.34013	796.16482	1153.68601	-94.68703	709.82068	1379.91445	-46.10851	410.52909	1293.61675	29.84864	96.02429	1301.23054	-40.86974	104.58225	1343.95951	-2.44519	88.83290	1169.01574	-139.94347	375.69328	1112.78156	-190.38957	360.63918	1016.64604	-188.97439	95.74784	1012.33569	-121.75678	112.94717	1059.03900	-151.79935	75.97240	1348.54688	11.01023	359.21461	978.69322	-158.61659	138.30339	1251.28124	-175.46900	667.79145	1322.16873	-40.41342	946.05467	1257.37987	-13.59528	122.43477	1277.48072	-4.70854	631.69530	1190.89108	-55.57366	986.83084	1161.66130	-26.82471	690.69185	1162.24879	-256.84469	462.96222	1297.56783	83.11019	472.20066	1059.42910	-257.07208	249.32379	1324.91185	81.93814	254.05308	
487	4.860	1183.93430	-51.05570	793.41013	1164.60198	-93.44176	707.08744	1392.00723	-48.15025	408.53394	1314.96694	30.73767	91.93374	1321.07404	-40.04445	100.50107	1364.88968	-2.11873	86.15201	1176.93046	-140.37062	373.63584	1120.23650	-190.56453	359.83122	1018.72689	-189.60678	96.63258	1014.94877	-122.39288	113.96211	1060.66063	-152.38395	75.72962	1362.38007	9.87950	357.06926	981.80086	-159.14558	140.07401	1261.96787	-175.27114	666.10642	1331.75260	-38.56156	943.85373	1277.16962	-12.31533	117.20750	1289.55370	-4.75653	629.43248	1200.26903	-53.50967	984.31597	1173.05599	-25.59104	687.66644	1170.67947	-256.70625	461.89947	1311.44875	82.13156	469.94802	1064.44065	-257.40524	249.54539	1342.86806	81.70143	251.19273	
488	4.870	1194.51181	-49.87428	790.58656	1175.83974	-92.31693	704.31820	1403.65698	-50.23371	405.94165	1334.01553	31.56689	87.96152	1338.62398	-39.26738	96.55313	1383.48805	-1.87021	83.40598	1185.80274	-140.70188	371.26121	1128.65277	-190.61469	358.66902	1021.32581	-190.30814	97.56165	1017.99596	-123.11168	115.02146	1062.57153	-152.95588	75.41480	1375.59784	8.75205	354.49484	985.54091	-159.82039	141.97228	1273.02907	-175.01197	664.19809	1341.39008	-36.70071	941.75036	1294.82139	-11.04821	112.29997	1301.82778	-4.66572	627.23546	1209.65430	-51.33688	981.72692	1184.71598	-24.42954	684.75851	1179.82343	-256.46267	460.58390	1325.20445	81.18104	467.45140	1070.41196	-257.71144	249.61141	1359.55489	81.40141	248.17617	
489	4.880	1205.41115	-48.84352	787.76685	1187.36180	-91.35240	701.57567	1414.88102	-52.22060	402.90627	1350.54812	32.38780	84.22261	1353.71126	-38.48940	92.86881	1399.57579	-1.64353	80.68406	1195.68645	-140.92983	368.55671	1138.07964	-190.53200	357.12141	1024.55132	-191.06656	98.54469	1021.57188	-123.90179	116.13706	1064.84555	-153.50228	75.03988	1388.18922	7.72751	351.62580	990.03303	-160.63399	144.00254	1284.44189	-174.68198	662.08044	1351.07847	-34.84314	939.79454	1310.15039	-9.74854	107.86981	1314.22867	-4.41026	625.18430	1219.05322	-49.09254	979.12961	1196.58106	-23.37645	682.05694	1189.69519	-256.10908	459.00116	1338.74804	80.34592	464.82446	1077.44212	-257.98214	249.49582	1374.84951	81.11256	245.11776	
490	4.890	1216.60553	-48.00723	785.02910	1199.11960	-90.58478	698.92719	1425.67574	-53.95049	399.60584	1364.45513	33.26183	80.82539	1366.26690	-37.65081	89.57193	1413.07099	-1.37309	78.07642	1206.61303	-141.03842	365.52662	1148.54723	-190.30475	355.17273	1028.50718	-191.86036	99.59910	1025.77270	-124.73941	117.32426	1067.56146	-154.00825	74.62915	1400.12175	6.92006	348.61711	995.39058	-161.56033	146.16951	1296.17286	-174.26813	659.77664	1360.81219	-33.00383	938.03369	1323.06904	-8.36355	104.05577	1326.67004	-3.96452	623.35944	1228.47095	-46.81971	976.59320	1208.58024	-22.46745	679.65093	1200.30206	-255.63630	457.14607	1351.96196	79.72584	462.19485	1085.60816	-258.19951	249.18370	1388.65841	80.92835	242.13128	
491	4.900	1228.05606	-47.40251	782.45464	1211.05621	-90.04421	696.44304	1436.01242	-55.25288	396.22727	1375.74331	34.25166	77.85984	1376.32933	-36.68938	86.76771	1423.99636	-0.99201	75.66611	1218.58911	-141.00476	362.19783	1160.06433	-189.91864	352.82901	1033.28754	-192.66013	100.75214	1030.69268	-125.59018	118.60327	1070.80301	-154.45940	74.22154	1411.33735	6.45027	345.63059	1001.71371	-162.55565	148.48004	1308.17932	-173.75409	657.32066	1370.58265	-31.20034	936.51218	1333.59571	-6.84057	100.96246	1339.05790	-3.30455	621.83805	1237.91100	-44.56599	974.18856	1220.63606	-21.73466	677.62624	1211.64318	-255.03179	455.02794	1364.70234	79.42555	459.69474	1094.95915	-258.33795	248.67729	1400.92219	80.95330	239.31884	
492	4.910	1239.71333	-47.05685	780.12487	1223.10941	-89.75109	694.19390	1445.83666	-55.96350	392.94935	1384.53475	35.41223	75.38709	1384.04057	-35.54891	84.53216	1432.47680	-0.44056	73.52158	1231.59594	-140.80174	358.62388	1172.61790	-189.35830	350.12260	1038.97283	-193.43210	102.04172	1036.42075	-126.41270	119.99969	1074.65922	-154.84486	73.87125	1421.75322	6.43440	342.81992	1009.08275	-163.56245	150.94430	1320.41122	-173.12090	654.75820	1380.37845	-29.45234	935.27072	1341.85144	-5.13465	98.64799	1351.29605	-2.40983	620.68972	1247.37500	-42.38171	971.98613	1232.66934	-21.20329	676.06058	1223.70878	-254.28127	452.67511	1376.80883	79.54505	457.45014	1105.51261	-258.36676	248.00080	1411.61786	81.29222	236.76162	
493	4.920	1251.51973	-46.98554	778.11745	1235.21512	-89.71320	692.24762	1455.07187	-55.94303	389.92647	1391.05268	36.78265	73.43259	1389.63135	-34.18765	82.90426	1438.72684	0.32607	71.69109	1245.59067	-140.40072	354.88663	1186.17416	-188.60920	347.11435	1045.62665	-194.14217	103.51519	1043.03704	-127.16298	121.54384	1079.22464	-155.15988	73.64635	1431.26824	6.97213	340.31663	1017.55261	-164.51538	153.57591	1332.81317	-172.34822	652.14661	1390.18587	-27.78080	934.34535	1348.04496	-3.21550	97.11676	1363.29180	-1.26508	619.97187	1256.86259	-40.31784	970.05332	1244.60404	-20.88851	675.01873	1236.48007	-253.37047	450.13789	1388.11902	80.16809	455.57028	1117.25377	-258.25371	247.20298	1420.75792	82.03754	234.51395	
494	4.930	1263.41230	-47.18965	776.50198	1247.31069	-89.92373	690.66563	1463.62666	-55.09544	387.27573	1395.59596	38.37981	71.98427	1393.39745	-32.58528	81.88273	1443.02951	1.33185	70.19975	1260.50917	-139.77413	351.09485	1200.68100	-187.65930	343.89297	1053.29413	-194.75972	105.22579	1050.60994	-127.79916	123.26851	1084.59932	-155.40747	73.62496	1439.77398	8.13407	338.21929	1027.14894	-165.34811	156.39056	1345.32665	-171.41597	649.55349	1399.98972	-26.20689	933.76617	1352.44828	-1.07333	96.31936	1374.96161	0.13795	619.72549	1266.37162	-38.42338	968.45153	1256.37175	-20.79301	674.54786	1249.92970	-252.28703	447.48914	1398.48534	81.35083	454.13864	1130.13760	-257.96887	246.35664	1428.38619	83.25658	232.60152	
495	4.940	1275.32603	-47.65498	775.33565	1259.33790	-90.36059	689.49929	1471.40507	-53.38295	385.06926	1398.50646	40.19424	70.99646	1395.67110	-30.74794	81.42770	1445.70977	2.57635	69.04961	1276.27020	-138.89742	347.37957	1216.07152	-186.50062	340.57109	1062.00210	-195.26044	107.22692	1059.19397	-128.28567	125.20515	1090.88788	-155.59831	73.88894	1447.16901	9.95097	336.58729	1037.86684	-166.00009	159.40308	1357.89229	-170.30622	647.05400	1409.77435	-24.75062	933.55578	1355.36728	1.27646	96.15972	1386.23592	1.79913	619.97164	1275.89844	-36.74268	967.23300	1267.91524	-20.90570	674.67373	1264.02268	-251.02200	444.82192	1407.79176	83.11263	453.20664	1144.09318	-257.48801	245.55463	1434.57097	84.98048	231.02380	
496	4.950	1287.19713	-48.35218	774.65928	1271.24533	-90.98735	688.78647	1478.31837	-50.83477	383.33315	1400.13493	42.18863	70.39868	1396.79201	-28.71059	81.46724	1447.10656	4.03392	68.22252	1292.78041	-137.75061	343.88633	1232.26803	-185.13017	337.27845	1071.76088	-195.62770	109.56447	1068.82852	-128.59610	127.37876	1098.19755	-155.74882	74.51573	1453.37408	12.40639	335.44020	1049.67243	-166.42213	162.62295	1370.45202	-169.00520	644.72692	1419.52484	-23.42947	933.72771	1357.11230	3.79046	96.50858	1397.06267	3.70900	620.70934	1285.43848	-35.31268	966.43786	1279.19084	-21.20193	675.39819	1278.71748	-249.57102	442.24448	1415.96741	85.43072	452.79077	1159.03006	-256.79520	244.90239	1439.39721	87.19691	229.75981	
497	4.960	1298.96611	-49.23812	774.49427	1282.99010	-91.75578	688.54886	1484.29697	-47.54747	382.05248	1400.81072	44.29903	70.10749	1397.08211	-26.53627	81.90739	1447.54712	5.65556	67.68509	1309.93983	-136.31942	340.76517	1249.18632	-183.55060	334.15272	1082.56759	-195.85209	112.26824	1079.53786	-128.71432	129.80204	1106.63486	-155.87740	75.56900	1458.34594	15.43437	334.76200	1062.50755	-166.57988	166.04891	1382.95118	-167.50492	642.64973	1429.22817	-22.25698	934.28480	1357.97353	6.39646	97.22081	1407.40929	5.84862	621.91513	1294.98676	-34.16041	966.09152	1290.16943	-21.64545	676.69846	1293.96707	-247.93514	439.87278	1422.99475	88.24016	452.87330	1174.84554	-255.88411	244.50762	1442.95930	89.84773	228.77578	
498	4.970	1310.58033	-50.25867	774.84074	1294.53874	-92.60981	688.79010	1489.30080	-43.67646	381.18120	1400.81945	46.43883	70.03907	1396.82685	-24.31217	82.64408	1447.32666	7.37335	67.39460	1327.64730	-134.59654	338.15922	1266.73954	-181.77046	331.32915	1094.41035	-195.92932	115.34362	1091.33213	-128.63377	132.46987	1116.30117	-155.99950	77.08953	1462.08748	18.92315	334.50898	1076.29704	-166.45500	169.66341	1395.34018	-165.80452	640.89314	1438.87433	-21.24157	935.21797	1358.20392	8.99556	98.15351	1417.26281	8.19020	623.54440	1304.53858	-33.30100	966.20287	1300.83608	-22.19164	678.52815	1309.71963	-246.12125	437.82177	1428.91115	91.43929	453.40624	1191.43221	-254.75796	244.46846	1445.35606	92.83270	228.03309	
499	4.980	1321.99592	-51.35246	775.67716	1305.86742	-93.49041	689.49498	1493.32712	-39.41923	380.65428	1400.39048	48.50561	70.11992	1396.26422	-22.14238	83.57484	1446.69502	9.10698	67.30488	1345.80548	-132.58321	336.19366	1284.84164	-179.80417	328.93027	1107.27285	-195.85711	118.76498	1104.20924	-128.35512	135.35488	1127.28724	-156.12231	79.08771	1464.65265	22.72489	334.61938	1090.95778	-166.04385	173.42804	1407.57598	-163.91086	639.51566	1448.45711	-20.38580	936.50539	1358.01064	11.46804	99.18176	1426.62854	10.69842	625.53443	1314.09009	-32.73644	966.76337	1311.18850	-22.79198	680.81999	1325.91870	-244.14230	436.19624	1433.80359	94.89995	454.31765	1208.68505	-253.42833	244.86175	1446.68857	96.01862	227.49487	
500	4.990	1333.17889	-52.45540	776.96154	1316.96138	-94.34079	690.62979	1496.41476	-34.99296	380.39951	1399.69413	50.39055	70.29416	1395.58089	-20.13788	84.60866	1445.85053	10.77189	67.37126	1364.32489	-130.29108	334.96626	1303.41005	-177.67199	327.05687	1121.13845	-195.63177	122.47210	1118.15740	-127.88292	138.40532	1139.66770	-156.24014	81.53878	1466.14526	26.67027	335.02278	1106.40816	-165.35436	177.28095	1419.62306	-161.83854	638.55882	1457.97468	-19.68599	938.11234	1357.55428	13.68311	100.20976	1435.52731	13.33233	627.80868	1323.63879	-32.45527	967.74716	1321.23458	-23.39885	683.48989	1342.50300	-242.01751	435.08266	1437.79776	98.48073	455.51975	1226.50719	-251.91305	245.73311	1447.06057	99.25314	227.13030	
501	5.000	1344.10545	-53.50549	778.63405	1327.81404	-95.11136	692.14372	1498.64438	-30.60983	380.34693	1398.84692	51.98992	70.52622	1394.91421	-18.40453	85.67271	1444.94023	12.28820	67.55395	1383.12685	-127.74406	334.54108	1322.36759	-175.39973	325.78154	1135.99332	-195.24522	126.37057	1133.15796	-127.22189	141.54576	1153.49607	-156.33159	84.38206	1466.71212	30.58629	335.64808	1122.57677	-164.40176	181.13707	1431.45397	-159.60913	638.04358	1467.42970	-19.13241	939.99174	1356.95384	15.51259	101.17604	1443.99197	16.04773	630.28202	1333.18379	-32.43330	969.11232	1330.98962	-23.97014	686.44198	1359.40611	-239.77224	434.54286	1441.04342	102.04131	456.91766	1244.81407	-250.23376	247.09068	1446.58094	102.38133	226.91625	
502	5.010	1354.76167	-54.44734	780.62078	1338.42562	-95.76367	693.97128	1500.13451	-26.45398	380.43465	1397.92238	53.21748	70.79949	1394.35785	-17.03045	86.71565	1444.06501	13.58948	67.81983	1402.14513	-124.97966	334.94585	1341.64376	-173.01825	325.14521	1151.82819	-194.68333	130.33657	1149.18823	-126.37363	144.68080	1168.80124	-156.35912	87.52428	1466.53149	34.31445	336.42898	1139.40884	-163.20397	184.89149	1443.04952	-157.24993	637.96838	1476.82907	-18.71003	942.08558	1356.29481	16.84690	102.05277	1452.06353	18.79954	632.86629	1342.72597	-32.63526	970.80304	1340.47328	-24.47312	689.57401	1376.55665	-237.43785	434.61016	1443.69904	105.45569	458.41807	1263.53575	-248.41340	248.90330	1445.36688	105.26265	226.83654	
503	5.020	1365.14261	-55.23610	782.83830	1348.80174	-96.27311	696.03544	1501.03372	-22.66351	380.61116	1396.96435	54.01605	71.11177	1393.96942	-16.07464	87.70748	1443.28770	14.63025	68.14266	1421.32627	-122.04884	336.17334	1361.17543	-170.56248	325.15714	1168.63847	-193.92563	134.22575	1166.22404	-125.33438	147.70165	1185.58591	-156.27133	90.84689	1465.79884	37.72675	337.30735	1156.86973	-161.77747	188.42593	1454.39846	-154.79232	638.30900	1486.18334	-18.39972	944.32703	1355.63837	17.61112	102.84046	1459.78751	21.54430	635.47559	1352.26781	-33.01747	972.75269	1349.70705	-24.88698	692.78270	1393.87909	-235.05094	435.28828	1445.91784	108.62271	459.93699	1282.61754	-246.47418	251.10383	1443.54669	107.78612	226.87968	
504	5.030	1375.25107	-55.84035	785.19861	1358.95198	-96.62999	698.25139	1501.50982	-19.32008	380.83492	1396.00014	54.36626	71.46908	1393.77837	-15.55849	88.63686	1442.64240	15.39112	68.50232	1440.62871	-119.01420	338.18601	1380.90709	-168.06987	325.79770	1186.42306	-192.94660	137.88507	1184.24185	-124.09410	150.49465	1203.82729	-156.00758	94.21654	1464.71199	40.73717	338.23465	1174.94521	-160.13418	191.61750	1465.49695	-152.26982	639.02025	1495.50579	-18.17982	946.64321	1355.02961	17.77817	103.55958	1467.21084	24.24219	638.03114	1361.81321	-33.53103	974.88744	1358.71220	-25.20395	695.96883	1411.29567	-232.65204	436.55276	1447.83755	111.47274	461.40578	1302.01906	-244.43600	253.59678	1441.26098	109.88152	227.03604	
505	5.040	1385.09614	-56.24374	787.61408	1368.88859	-96.83916	700.53057	1501.73709	-16.44694	381.07263	1395.05138	54.29091	71.87946	1393.79326	-15.46190	89.50666	1442.14349	15.88085	68.88340	1460.02079	-115.94604	340.92301	1400.79085	-165.57813	327.02366	1205.18207	-191.71823	141.16628	1203.22009	-122.63714	152.95074	1223.47981	-155.50435	97.49716	1463.45765	43.30710	339.17209	1193.63876	-158.27977	194.34866	1476.34780	-149.71620	640.03929	1504.81135	-18.02784	948.95850	1354.50383	17.37626	104.24118	1474.37954	26.85881	640.46508	1371.36702	-34.12551	977.13019	1367.50848	-25.42894	699.04140	1428.72921	-230.28347	438.35455	1449.57452	113.97010	462.77502	1321.71225	-242.31547	256.26915	1438.66146	111.52521	227.29538	
506	5.050	1394.69179	-56.44538	790.00193	1378.62555	-96.91810	702.78470	1501.88333	-14.01502	381.29715	1394.14131	53.85365	72.34792	1394.00787	-15.72483	90.32888	1441.79322	16.13483	69.27369	1479.47793	-112.91669	344.30820	1420.78600	-163.12236	328.77463	1224.91414	-190.21327	143.93912	1223.13979	-120.94408	154.97464	1244.47934	-154.70213	100.56234	1462.20092	45.44428	340.09026	1212.96689	-156.21343	196.51712	1486.95958	-147.16368	641.29011	1514.11544	-17.92233	951.19802	1354.09035	16.48869	104.91825	1481.33741	29.36627	642.72324	1380.93469	-34.75261	979.40449	1376.11375	-25.57777	701.92110	1446.10645	-227.98639	440.62515	1451.22248	116.11153	464.01574	1341.67878	-240.12533	259.00287	1435.90696	112.73986	227.64513	
507	5.060	1404.05553	-56.45888	792.28797	1388.17783	-96.89408	704.92956	1502.09807	-11.95520	381.48605	1393.29787	53.15190	72.87342	1394.40591	-16.25418	91.11974	1441.58739	16.21025	69.66299	1498.97909	-109.99381	348.25796	1440.85802	-160.73194	330.97999	1245.61391	-188.40883	146.10256	1243.98430	-118.99460	156.49256	1266.74827	-153.55179	103.30602	1461.07837	47.19599	340.96825	1232.95333	-153.92918	198.04417	1497.34578	-144.64144	642.68879	1523.43289	-17.84445	953.29111	1353.81402	15.24548	105.61898	1488.12550	31.74380	644.76674	1390.52177	-35.36957	981.63816	1384.54420	-25.67452	704.54257	1463.36148	-225.79727	443.28252	1452.85496	117.92138	465.11828	1361.90755	-237.87422	261.68663	1433.15664	113.58850	228.06978	
508	5.070	1413.20736	-56.31046	794.40944	1397.56119	-96.80054	706.88836	1502.50346	-10.17409	381.62089	1392.55320	52.30507	73.44794	1394.96473	-16.93505	91.89555	1441.51895	16.17873	70.04227	1518.50303	-107.23349	352.68771	1460.97718	-158.42737	333.56525	1267.27009	-186.28954	147.59253	1265.73819	-116.77074	157.45732	1290.20042	-152.01944	105.65045	1460.19475	48.63812	341.79284	1253.62331	-151.41833	198.88030	1507.52405	-142.17449	644.14901	1532.77705	-17.77934	955.17453	1353.69487	13.80796	106.36261	1494.78248	33.97776	646.57229	1400.13362	-35.94201	983.76640	1392.81535	-25.74811	706.85575	1480.43856	-223.74414	446.23708	1454.52993	119.44448	466.08898	1382.39234	-235.56664	264.22562	1430.56117	114.16386	228.55124	
509	5.080	1422.16895	-56.03610	796.31675	1406.79216	-96.67326	708.59428	1503.18880	-8.57058	381.68724	1391.94028	51.43995	74.05746	1395.65803	-17.64453	92.66989	1441.57968	16.11736	70.40335	1538.02444	-104.67414	357.51638	1481.11638	-156.21756	336.45699	1289.86442	-183.85007	148.38519	1288.38522	-114.26014	157.85056	1314.74545	-150.08897	107.55025	1459.62303	49.86199	342.55747	1274.99847	-148.67294	199.00757	1517.51565	-139.78293	645.58723	1542.15916	-17.71714	956.79510	1353.74672	12.34885	107.15802	1501.34535	36.06114	648.13151	1409.77513	-36.44599	985.73407	1400.94332	-25.82879	708.82605	1497.29405	-221.84326	449.39723	1456.29516	120.73823	466.94550	1403.13013	-233.20303	266.54790	1428.25309	114.57487	229.06992	
510	5.090	1430.96312	-55.67824	797.97406	1415.88851	-96.54671	709.99238	1504.20912	-7.05048	381.67500	1391.48838	50.67555	74.68425	1396.45804	-18.26599	93.45199	1441.76066	16.09969	70.73907	1557.51045	-102.33183	362.66854	1501.24869	-154.09794	339.58616	1313.37149	-181.09650	148.49545	1311.90548	-111.45879	157.68153	1340.29194	-147.76213	108.99235	1459.40693	50.96128	343.26122	1297.09298	-145.68957	198.43814	1527.34505	-137.48160	646.92727	1551.58803	-17.65346	958.11167	1353.97553	11.03136	108.00453	1507.85056	37.99281	649.44912	1419.45061	-36.86909	987.49720	1408.94632	-25.94477	710.43354	1513.89696	-220.09651	452.67363	1458.19312	121.86458	467.71153	1424.11988	-230.77996	268.60661	1426.33791	114.93230	229.60627	
511	5.100	1439.61365	-55.28232	799.35892	1424.86979	-96.45087	711.04046	1505.58773	-5.53735	381.57855	1391.21837	50.11002	75.30977	1397.33737	-18.70146	94.24636	1442.05191	16.18792	71.04361	1576.91786	-100.19771	368.07407	1521.34447	-152.04954	342.88917	1337.75893	-178.04637	147.97114	1336.27183	-108.37291	156.98289	1366.74889	-145.05625	109.99193	1459.56534	52.02073	343.90755	1319.91058	-142.47290	197.20960	1537.03980	-135.28010	648.10378	1561.07003	-17.58950	959.09615	1354.37826	9.99065	108.89438	1514.33508	39.77654	650.54054	1429.16375	-37.21057	989.02351	1416.84603	-26.11937	711.67139	1530.22857	-218.49001	455.98217	1460.26450	122.88340	468.41165	1445.36157	-228.29038	270.37850	1424.88760	115.33559	230.14249	
512	5.110	1448.14534	-54.89339	800.46093	1433.75811	-96.40883	711.70918	1507.32213	-3.97871	381.39661	1391.13942	49.81130	75.91750	1398.27061	-18.88077	95.05345	1442.44189	16.42712	71.31294	1596.19115	-98.23745	373.66558	1541.36865	-150.03930	346.30713	1362.98757	-174.72764	146.88390	1361.44580	-105.01984	155.80407	1394.02556	-142.00027	110.58531	1460.09805	53.10792	344.50305	1343.44242	-139.03867	195.37765	1546.63051	-133.18293	649.06458	1570.60941	-17.53167	959.73377	1354.94271	9.32065	109.81611	1520.83723	41.42003	651.42882	1438.91774	-37.48060	990.29217	1424.66865	-26.36896	712.54348	1546.28117	-216.99411	459.24537	1462.55007	123.84735	469.06698	1466.85513	-225.72401	271.85907	1423.93772	115.86265	230.66399	
513	5.120	1456.58422	-54.55306	801.27968	1442.57888	-96.43532	711.98139	1509.39236	-2.34734	381.13144	1391.24753	49.81278	76.49542	1399.23573	-18.76616	95.87084	1442.91720	16.84228	71.54517	1615.26183	-96.39278	379.37425	1561.27831	-148.02141	349.78331	1389.01071	-171.17655	145.31809	1387.37311	-101.42790	154.20315	1422.02946	-138.62990	110.82081	1460.99235	54.26865	345.05585	1367.66511	-135.41545	193.00732	1556.15091	-131.18985	649.77165	1580.20878	-17.49087	960.02239	1355.64875	9.06773	110.75810	1527.39718	42.93408	652.14135	1448.71539	-37.69868	991.29267	1432.44557	-26.70181	713.06164	1562.05638	-215.56448	462.39236	1465.09103	124.79883	469.69215	1488.59905	-223.06779	273.05574	1423.48916	116.56357	231.16054	
514	5.130	1464.95795	-54.29699	801.82222	1451.36144	-96.53621	711.85088	1511.77069	-0.63880	380.78758	1391.52636	50.11386	77.03761	1400.21524	-18.35239	96.69475	1443.46277	17.43805	71.74075	1634.04894	-94.58469	385.12470	1581.02108	-145.93969	353.25959	1415.77208	-167.43488	143.35944	1413.97919	-97.63542	152.23831	1450.66267	-134.98290	110.74900	1462.23007	55.52588	345.57407	1392.53842	-131.64500	190.16404	1565.63789	-129.29624	650.20097	1589.86976	-17.48156	959.97124	1356.47082	9.23142	111.71166	1534.05692	44.33194	652.70650	1458.55925	-37.89160	992.02318	1440.21335	-27.11781	713.24273	1577.56347	-214.14443	465.35780	1467.92823	125.76870	470.29350	1510.58815	-220.30640	273.98019	1423.51416	117.45877	231.62683	
515	5.140	1473.29623	-54.15301	802.10034	1460.13944	-96.70887	711.32084	1514.43147	1.13387	380.37013	1391.94988	50.68488	77.54523	1401.19714	-17.66298	97.52160	1444.06259	18.20093	71.90237	1652.46113	-92.71792	390.82983	1600.53468	-143.73075	356.67238	1443.20208	-163.54714	141.08488	1441.16487	-93.68911	149.95999	1479.81667	-131.09536	110.41382	1463.79478	56.88160	346.06412	1418.00244	-127.78126	186.90583	1575.13131	-127.49355	650.34126	1599.59362	-17.52053	959.59894	1357.38145	9.77118	112.67342	1540.85970	45.62884	653.15050	1468.45171	-38.09094	992.48848	1448.01334	-27.60907	713.10577	1592.81804	-212.66778	468.08031	1471.10119	126.77641	470.86864	1532.81077	-217.42272	274.64129	1423.96598	118.54098	232.06242	
516	5.150	1481.63113	-54.13985	802.12786	1468.95082	-96.94321	710.40224	1517.36030	2.94665	379.88277	1392.48653	51.47474	78.02666	1402.17552	-16.74368	98.34926	1444.70080	19.10308	72.03468	1670.40003	-90.68631	396.38679	1619.74780	-141.32767	359.94916	1471.21239	-159.55813	138.55497	1468.80246	-89.64217	147.40502	1509.36604	-126.99970	109.84580	1465.67866	58.32077	346.52879	1443.97388	-123.88810	183.27792	1584.67357	-125.76970	650.19217	1609.38185	-17.62565	958.93135	1358.35549	10.61711	113.64678	1547.84907	46.84163	653.49466	1478.39508	-38.33056	992.69773	1455.89052	-28.16110	712.66953	1607.84121	-211.06222	470.50091	1474.64727	127.83127	471.40682	1555.24523	-214.39838	275.03975	1424.79050	119.78037	232.47101	
517	5.160	1489.99723	-54.26644	801.91824	1477.83729	-97.22326	709.11243	1520.56139	4.77098	379.32567	1393.10411	52.41992	78.49711	1403.15111	-15.65446	99.17804	1445.36332	20.10699	72.14376	1687.76508	-88.37881	401.67504	1638.58250	-138.66417	363.00636	1499.68917	-155.51132	135.80978	1496.73241	-85.55231	144.59356	1539.16163	-122.72453	109.05829	1467.88873	59.81628	346.96537	1470.34172	-120.03637	179.31056	1594.30866	-124.10972	649.76196	1619.23651	-17.81460	957.99917	1359.37447	11.68241	114.64252	1555.06752	47.98847	653.75307	1488.39147	-38.64415	992.66233	1463.89207	-28.75436	711.95073	1622.65934	-209.25299	472.56214	1478.60142	128.93412	471.88984	1577.85573	-211.21427	275.16546	1425.93832	121.13130	232.85906	
518	5.170	1498.43150	-54.53176	801.48278	1486.84314	-97.52880	707.47421	1524.06288	6.57914	378.69343	1393.77477	53.45306	78.97786	1404.13186	-14.46161	100.01117	1446.03947	21.17017	72.23654	1704.45925	-85.68594	406.55756	1656.95803	-135.67899	365.74951	1528.48571	-151.44840	132.86877	1524.76075	-81.48001	141.52950	1569.02388	-118.29652	108.04739	1470.45165	61.33421	347.36360	1496.96256	-116.30042	175.02055	1604.08081	-122.49648	649.06539	1629.16049	-18.10361	956.83580	1360.43069	12.87552	115.67869	1562.55493	49.08833	653.93105	1498.44270	-39.06300	992.39400	1472.06541	-29.36589	710.96311	1637.30398	-207.16669	474.20841	1482.99671	130.07923	472.29303	1600.58815	-207.85144	274.99796	1427.37558	122.53966	233.23398	
519	5.180	1506.97270	-54.92510	800.82955	1496.01349	-97.83717	705.51539	1527.91933	8.34799	377.97311	1394.47982	54.51020	79.49510	1405.13366	-13.23061	100.85506	1446.72390	22.24923	72.32018	1720.39547	-82.50673	410.88586	1674.79576	-132.32047	368.07630	1557.41546	-147.40993	129.73456	1552.65781	-77.48701	138.20452	1598.73732	-113.74367	106.79547	1473.41663	62.83841	347.70382	1523.65638	-112.75467	170.41649	1614.03248	-120.91178	648.12195	1639.15731	-18.50621	955.47534	1361.53071	14.11017	116.77991	1570.34687	50.16035	654.02416	1508.54996	-39.61410	991.90348	1480.45592	-29.97086	709.71733	1651.81144	-204.73539	475.38780	1487.86538	131.25587	472.58612	1623.36618	-204.29233	274.50983	1429.09255	123.94957	233.60191	
520	5.190	1515.66037	-55.42658	799.96322	1505.39179	-98.12469	703.26909	1532.21141	10.06083	377.14277	1395.21397	55.53594	80.07866	1406.18133	-12.02067	101.71913	1447.41843	23.30297	72.40147	1735.50290	-78.75608	414.50893	1692.02443	-128.55124	369.88277	1586.24674	-143.43678	126.39997	1580.15894	-73.63510	134.60537	1628.04749	-109.09957	105.27778	1476.85610	64.29421	347.95542	1550.20374	-109.47031	165.50696	1624.20207	-119.33771	646.95476	1649.23079	-19.03225	953.95121	1362.69804	15.31267	117.97616	1578.47304	51.22291	654.01823	1518.71358	-40.31870	991.19977	1489.10447	-30.54378	708.22187	1666.22141	-201.90124	476.05533	1493.24008	132.44964	472.73392	1646.08827	-200.52275	273.67256	1431.10901	125.30893	233.96551	
521	5.200	1524.53322	-56.00806	798.88588	1515.01692	-98.36795	700.77442	1537.04278	11.70761	376.17078	1395.98899	56.48638	80.76052	1407.30985	-10.88109	102.61542	1448.13401	24.29442	72.48654	1749.73258	-74.37283	417.28572	1708.58499	-124.35290	371.07225	1614.70050	-139.57202	122.85722	1606.96790	-69.98505	130.72331	1656.66146	-104.40747	103.47116	1480.86375	65.67098	348.07622	1576.34559	-106.51217	160.31044	1634.62121	-117.75831	645.59028	1659.38442	-19.68683	952.29516	1363.97513	16.42618	119.30125	1586.95573	52.29236	653.89008	1528.93257	-41.19109	990.29020	1498.04492	-31.05945	706.48460	1680.57404	-198.62151	476.17747	1499.15480	133.64324	472.69699	1668.62564	-196.53472	272.46375	1433.47639	126.57338	234.32193	
522	5.210	1533.62710	-56.63424	797.59866	1524.91995	-98.54466	698.07758	1542.53420	13.28389	375.01626	1396.83669	57.33022	81.57333	1408.56560	-9.84931	103.55805	1448.89265	25.19189	72.58071	1763.06153	-69.32823	419.09987	1724.43413	-119.73074	371.56629	1642.45281	-135.86251	119.10779	1632.76409	-66.59531	126.56429	1684.25323	-99.72364	101.36333	1485.55017	66.94360	348.01301	1601.78705	-103.93580	154.86519	1645.31198	-116.16151	644.05880	1669.62056	-20.46952	950.53708	1365.42442	17.41229	120.79081	1595.80857	53.38160	653.60928	1539.20426	-42.23784	989.18125	1507.30168	-31.49359	704.51500	1694.90517	-194.87438	475.73714	1505.64525	134.81687	472.43266	1690.82218	-192.33012	270.87447	1436.27668	127.70877	234.66123	
523	5.220	1542.97255	-57.26404	796.10428	1535.12096	-98.63442	695.23298	1548.81543	14.78900	373.63124	1397.81113	58.04843	82.54886	1410.00750	-8.95037	104.56258	1449.72932	25.96946	72.68883	1775.49487	-63.63466	419.87484	1739.54569	-114.71808	371.31598	1669.14325	-132.35955	115.17123	1657.21414	-63.52053	122.15816	1710.47480	-95.11879	98.96122	1491.03614	68.09302	347.70395	1626.20611	-101.78458	149.23713	1656.28435	-114.54104	642.39556	1679.93947	-21.37372	948.70522	1367.12870	18.25054	122.48000	1605.03568	54.49852	653.14085	1549.52395	-43.45724	987.88007	1516.88775	-31.82335	702.32672	1709.23976	-190.66511	474.73852	1512.74820	135.94846	471.89673	1712.49618	-187.92520	268.91507	1439.61852	128.69224	234.96578	
524	5.230	1552.59229	-57.85231	794.40997	1545.62635	-98.61924	692.30407	1556.01539	16.22399	371.96471	1398.98989	58.63318	83.71649	1411.70770	-8.19744	105.64535	1450.69375	26.60720	72.81588	1787.06533	-57.35368	419.58720	1753.90950	-109.38008	370.31189	1694.39024	-129.11825	111.09127	1679.98824	-60.80944	117.56483	1734.97311	-90.67715	96.29672	1497.44409	69.10627	347.08290	1649.26794	-100.08717	143.52384	1667.53409	-112.89830	640.64208	1690.33839	-22.38627	946.82707	1369.19026	18.93676	124.40106	1614.63123	55.64457	652.44881	1559.88454	-44.83901	986.39660	1526.80320	-32.02777	699.94016	1723.58405	-186.03224	473.21085	1520.49994	137.01388	471.04631	1733.44473	-183.35546	266.61849	1443.63091	129.51226	235.21081	
525	5.240	1562.49870	-58.35187	792.53069	1556.42689	-98.48422	689.36353	1564.25136	17.58964	369.96873	1400.47397	59.08645	85.10191	1413.75169	-7.59299	106.82296	1451.85189	27.09139	72.96792	1797.83008	-50.60221	418.27563	1767.52741	-103.81629	368.59074	1717.81313	-126.19531	106.93785	1700.78062	-58.50249	112.87616	1757.41240	-86.49285	93.42860	1504.88833	69.97596	346.08592	1670.64450	-98.85531	137.85313	1679.04148	-111.24380	638.84751	1700.81065	-23.48729	944.93056	1371.72882	19.48062	126.58071	1624.57950	56.81352	651.50049	1570.27629	-46.36421	984.74596	1537.03464	-32.08843	697.38489	1737.91772	-181.05295	471.21025	1528.93367	137.98736	469.84394	1753.45083	-178.68036	264.04002	1448.45464	130.16785	235.36650	
526	5.250	1572.69190	-58.71593	790.49205	1567.49698	-98.21817	686.49270	1573.61811	18.88493	367.60629	1402.38599	59.41869	86.72581	1416.23745	-7.13017	108.11166	1453.28673	27.41508	73.15327	1807.86493	-43.55521	416.04362	1780.40721	-98.16134	366.23720	1739.06004	-123.64527	102.80419	1719.33250	-56.62924	108.21244	1777.49992	-82.66358	90.44011	1513.46499	70.69971	344.65946	1690.03841	-98.08273	132.37572	1690.77106	-109.59802	637.06933	1711.34491	-24.65048	943.04552	1374.87766	19.90298	129.03776	1634.85565	57.99082	650.27133	1580.68666	-48.00544	982.95086	1547.55553	-31.99034	694.70158	1752.18776	-175.84657	468.81924	1538.07621	138.84234	468.26295	1772.29356	-173.98697	261.25348	1454.23206	130.66720	235.40167	
527	5.260	1583.15845	-58.90081	788.33260	1578.79530	-97.81455	683.77987	1584.17803	20.10590	364.86007	1404.86623	59.64767	88.60296	1419.27350	-6.79438	109.52688	1455.09829	27.57899	73.38373	1817.25630	-36.44305	413.05451	1792.55540	-92.58285	363.37991	1757.83853	-121.51595	98.79909	1735.45520	-55.20623	103.71353	1795.01248	-79.28255	87.43213	1523.24259	71.27941	342.76959	1707.20838	-97.74560	127.25226	1702.67268	-107.99150	635.37320	1721.92476	-25.84380	941.20511	1378.77786	20.23314	131.78096	1645.42696	59.15340	648.74974	1591.10027	-49.72728	981.04369	1558.32761	-31.72308	691.94316	1766.30576	-170.57457	466.14360	1547.94419	139.55268	466.29362	1789.76086	-169.39143	258.34462	1461.09571	131.02589	235.28895	
528	5.270	1593.87116	-58.86892	786.10498	1590.26693	-97.27236	681.31752	1595.95336	21.24499	361.74117	1408.06622	59.79744	90.74132	1422.97571	-6.56475	111.08249	1457.40241	27.59270	73.67551	1826.09193	-29.54223	409.51885	1803.97021	-87.27596	360.18194	1773.94529	-119.84367	95.03535	1749.04985	-54.23577	99.52573	1809.81995	-76.42954	84.51309	1534.25416	71.72039	340.41104	1721.99303	-97.80511	122.63661	1714.68369	-106.46394	633.83163	1732.52857	-27.03062	939.44708	1383.57044	20.50599	134.80741	1656.25467	60.27034	646.94155	1601.49902	-51.48711	979.06791	1569.30328	-31.28218	689.17503	1780.14991	-165.43580	463.30671	1558.54049	140.09427	463.94946	1805.66419	-165.03684	255.40286	1469.15665	131.26472	235.01112	
529	5.280	1604.78998	-58.59174	783.87577	1601.84680	-96.59722	679.19859	1608.92138	22.29074	358.29622	1412.14011	59.89727	93.14149	1427.46279	-6.41549	112.78985	1460.32810	27.47591	74.04990	1834.45130	-23.15859	405.67513	1814.63657	-82.45372	356.82652	1787.28999	-118.64934	91.61632	1760.12030	-53.70610	95.78621	1821.90183	-74.16276	81.78718	1546.49187	72.03052	337.61478	1734.32908	-98.21216	118.65784	1726.73245	-105.06245	632.52133	1743.12980	-28.17136	937.81445	1389.38681	20.75897	138.10152	1667.29620	61.30418	644.87356	1611.86233	-53.23641	977.07841	1580.42876	-30.67053	686.47420	1793.57239	-160.65591	460.44186	1569.85143	140.44680	461.27257	1819.85365	-161.08664	252.51307	1478.49341	131.40744	234.56779	
530	5.290	1615.86410	-58.05261	781.72373	1613.46414	-95.80220	677.51193	1623.01356	23.22778	354.61155	1417.23416	59.98019	95.79638	1432.85087	-6.31739	114.65646	1464.01353	27.25937	74.53308	1842.39704	-17.60380	401.76661	1824.52414	-78.33355	353.50032	1797.90850	-117.93618	88.62302	1768.77625	-53.59316	92.60779	1831.35358	-72.51285	79.34308	1559.90497	72.21910	334.45256	1744.26029	-98.91379	115.40447	1738.74261	-103.83890	631.51944	1753.69773	-29.22552	936.35562	1396.33836	21.02863	141.63481	1678.50759	62.21303	642.59558	1622.16769	-54.92244	975.14073	1591.64787	-29.89961	683.92713	1806.41137	-156.47085	457.68309	1581.84510	140.59546	458.33696	1832.23155	-157.71304	249.74874	1489.14283	131.47822	233.98150	
531	5.300	1627.03501	-57.24900	779.73644	1625.04754	-94.90833	676.33744	1638.11877	24.03708	350.81309	1423.47560	60.08111	98.69112	1439.24747	-6.23933	116.68420	1468.60061	26.98506	75.15531	1849.96859	-13.16702	398.01767	1833.58935	-75.12021	350.37662	1805.96233	-117.68937	86.10462	1775.22510	-53.86335	90.06676	1838.38043	-71.47997	77.24513	1574.40144	72.29576	331.03750	1751.93480	-99.85985	112.91398	1750.63796	-102.84652	630.89888	1764.19861	-30.15403	935.12364	1404.50651	21.34679	145.36631	1689.84588	62.95324	640.18057	1632.39135	-56.49051	973.32901	1602.90572	-28.99025	681.62641	1818.50629	-153.10582	455.15559	1594.47152	140.53218	455.24891	1842.76210	-155.08112	247.16752	1501.09388	131.49933	233.30203	
532	5.310	1638.24030	-56.19393	778.00573	1636.52991	-93.94456	675.74116	1654.09057	24.69661	347.06146	1430.96223	60.23417	101.80326	1446.74561	-6.15020	118.86740	1474.22863	26.70507	75.94911	1857.17877	-10.08536	394.61342	1841.78110	-72.98700	347.60109	1811.72300	-117.87756	84.07405	1779.75307	-54.47676	88.19582	1843.27905	-71.03441	75.52842	1589.85330	72.26926	327.51981	1757.59051	-101.00833	111.16981	1762.34726	-102.13627	630.72334	1774.59722	-30.92175	934.17449	1413.93468	21.73642	149.24373	1701.27130	63.48242	637.72263	1642.50930	-57.88666	971.72270	1614.15229	-27.97269	679.66637	1829.71407	-150.75216	452.96681	1607.66468	140.25641	452.14363	1851.47506	-153.33051	244.80923	1514.28538	131.48902	232.60780	
533	5.320	1649.41772	-54.91634	776.62201	1647.85290	-92.94684	675.77092	1670.75788	25.18240	343.54214	1439.75436	60.46955	105.10322	1455.41880	-6.02114	121.19092	1481.02730	26.47907	76.94662	1864.01388	-8.51738	391.68607	1849.04928	-72.05727	345.28211	1815.54354	-118.45531	82.50977	1782.69818	-55.38947	86.98346	1846.40940	-71.12009	74.19854	1606.10526	72.14653	324.07783	1761.53031	-102.32743	110.10657	1773.80854	-101.75306	631.04239	1784.85874	-31.49987	933.56455	1424.62394	22.20762	153.20526	1712.74892	63.76266	635.33256	1652.49839	-59.06057	970.40229	1625.34512	-26.88569	678.13776	1839.92385	-149.54596	451.19931	1621.34652	139.77527	449.17794	1858.46235	-152.55769	242.69645	1528.60846	131.45983	232.00331	
534	5.330	1660.50921	-53.46005	775.66817	1658.97011	-91.95643	676.45292	1687.93766	25.47026	340.45176	1449.87053	60.80987	108.55486	1465.31741	-5.82825	123.62883	1489.10985	26.36992	78.17644	1870.43710	-8.52420	389.30991	1855.35441	-72.38919	343.48683	1817.82155	-119.36564	81.36311	1784.41933	-56.55439	86.37928	1848.16098	-71.66004	73.23533	1622.98569	71.93207	320.90502	1764.09120	-103.79336	109.62217	1784.97247	-101.73234	631.88746	1794.95075	-31.86802	933.34729	1436.53332	22.75427	157.18187	1724.24978	63.76359	633.13142	1662.33766	-59.96867	969.44444	1636.45119	-25.77454	677.12206	1849.06813	-149.55187	449.90615	1635.43250	139.10305	446.51970	1863.86757	-152.80213	240.83702	1543.91372	131.41764	231.61226	
535	5.340	1671.46427	-51.88143	775.21365	1669.84903	-91.01719	677.78957	1705.44840	25.53805	337.98199	1461.28795	61.26685	112.11624	1476.46687	-5.55538	126.14393	1498.56654	26.43797	79.66016	1876.39482	-10.06151	387.50497	1860.67649	-73.96632	342.24249	1818.96000	-120.54201	80.56929	1785.26612	-57.92021	86.30411	1848.91884	-72.56256	72.59962	1640.31902	71.62785	318.19440	1765.61219	-105.38425	109.59431	1795.80442	-102.09739	633.26900	1804.84529	-32.01590	933.56943	1449.58523	23.35238	161.09999	1735.75135	63.46490	631.24236	1672.00970	-60.57706	968.91676	1647.44757	-24.68807	676.68574	1857.12871	-150.75521	449.10914	1649.83803	138.26039	444.33473	1867.87021	-154.03901	239.22801	1560.02272	131.36136	231.56643	
536	5.350	1682.24263	-50.24581	775.30903	1680.47136	-90.17225	679.75878	1723.12268	25.36851	336.30314	1473.94758	61.83870	115.74040	1488.86761	-5.19671	128.68881	1509.45933	26.73433	81.40909	1881.82519	-12.98422	386.24763	1865.02146	-76.69604	341.54199	1819.33177	-121.90980	80.05964	1785.55367	-59.42941	86.66246	1849.03391	-73.72744	72.24132	1657.93803	71.23401	316.12229	1766.40593	-107.07209	109.89791	1806.28512	-102.85751	635.17523	1814.52084	-31.94418	934.26690	1463.67530	23.96060	164.88461	1747.23741	62.85826	629.78152	1681.50190	-60.86395	968.87288	1658.32114	-23.67484	676.87496	1864.13672	-153.06361	448.79986	1664.48497	137.27322	442.77292	1870.66699	-156.17992	237.86054	1576.74246	131.28347	231.99167	
537	5.360	1692.81567	-48.62284	775.98191	1690.83193	-89.46024	682.31482	1740.81756	24.95225	335.54950	1487.76310	62.50903	119.37631	1502.49644	-4.75830	131.20854	1521.81798	27.29425	83.42182	1886.66803	-17.06309	385.48482	1868.42441	-80.41664	341.35168	1819.25288	-123.38788	79.77241	1785.54501	-61.01658	87.35514	1848.80149	-75.05168	72.10722	1675.69506	70.75004	314.83324	1766.73771	-108.81517	110.42035	1816.40975	-104.00726	637.57249	1823.96384	-31.66471	935.46099	1478.68490	24.52373	168.46276	1758.69742	61.94812	628.84874	1690.80753	-60.82145	969.34816	1669.06736	-22.77890	677.71134	1870.16697	-156.31802	448.94285	1679.30713	136.17165	441.95517	1872.45382	-159.08145	236.72430	1593.88148	131.17135	232.99267	
538	5.370	1703.16686	-47.08127	777.23417	1700.93653	-88.91161	685.39042	1758.42203	24.29049	335.80832	1502.63203	63.24768	122.97010	1517.30899	-4.25827	133.64492	1535.63790	28.13155	85.68295	1890.87495	-22.01061	385.14837	1870.94902	-84.91244	341.61957	1818.96710	-124.89124	79.66016	1785.44227	-62.60851	88.28981	1848.44930	-76.43508	72.14734	1693.47070	70.17646	314.42811	1766.81396	-110.55418	111.07213	1826.18597	-105.52685	640.40721	1833.16990	-31.19985	937.15509	1494.49431	24.97904	171.76741	1770.12569	60.75161	628.51919	1699.92649	-60.45644	970.35634	1679.68848	-22.03562	679.18913	1875.32768	-160.31081	449.48058	1694.25400	134.98892	441.96275	1873.41121	-162.56014	235.81102	1611.26566	131.00921	234.63898	
539	5.380	1713.29101	-45.68360	779.04112	1710.79897	-88.54539	688.90013	1775.86100	23.39697	337.11360	1518.44723	64.01361	126.46670	1533.24262	-3.72522	135.94209	1550.88019	29.23519	88.16328	1894.41876	-27.51228	385.16652	1872.68408	-89.93504	342.28260	1818.64225	-126.33513	79.69269	1785.38621	-64.12705	89.38839	1848.13537	-77.78557	72.31897	1711.17955	69.51662	314.95639	1766.78028	-112.21333	111.79183	1835.63083	-107.38358	643.60905	1842.14426	-30.58110	939.33237	1510.99401	25.26477	174.74169	1781.52026	59.29728	628.83671	1708.86561	-59.79035	971.88769	1690.19150	-21.46814	681.27406	1879.74737	-164.80827	450.33964	1709.29235	133.76030	442.83031	1873.69532	-166.41137	235.11593	1628.75199	130.78064	236.95451	
540	5.390	1723.19275	-44.48116	781.35230	1720.43784	-88.36684	692.74437	1793.09591	22.29845	339.44502	1535.10681	64.75966	129.81202	1550.21966	-3.19475	138.05245	1567.47381	30.56881	90.82150	1897.30072	-33.25870	385.47119	1873.73768	-95.22758	343.27233	1818.37665	-127.64079	79.85568	1785.46227	-65.49478	90.59063	1847.95394	-79.02441	72.58845	1728.77263	68.77815	316.41367	1766.72747	-113.70709	112.54563	1844.76734	-109.53418	647.09503	1850.90167	-29.84713	941.95473	1528.09257	25.32947	177.34303	1792.88184	57.62282	629.80949	1717.63844	-58.85780	973.90856	1700.58612	-21.08484	683.90407	1883.56095	-169.57394	451.43760	1724.40533	132.52183	444.54331	1873.43509	-170.42941	234.63701	1646.23887	130.47142	239.91238	
541	5.400	1732.88439	-43.51005	784.09408	1729.87344	-88.36638	696.81408	1810.12233	21.03377	342.73194	1552.52125	65.43831	132.95530	1568.15080	-2.70493	139.94206	1585.31988	32.07344	93.60698	1899.55490	-38.97431	386.00101	1874.23022	-100.54880	344.51903	1818.21264	-128.74213	80.14612	1785.71112	-66.64261	91.85431	1847.94712	-80.09078	72.93081	1746.23650	67.97384	318.74396	1766.70312	-114.95094	113.32254	1853.62087	-111.92787	650.77409	1859.46556	-29.04132	944.96323	1545.72013	25.14062	179.54668	1804.21292	55.77214	631.40859	1726.26448	-57.70434	976.36261	1710.88305	-20.87819	686.99176	1886.89687	-174.38994	452.69018	1739.58962	131.30894	447.03983	1872.73477	-174.42604	234.37250	1663.67191	130.07249	243.43601	
542	5.410	1742.38350	-42.78843	787.17366	1739.12513	-88.51975	700.99548	1826.96496	19.65132	346.86134	1570.61722	66.00768	135.85159	1586.93874	-2.29111	141.59409	1604.29794	33.67323	96.46324	1901.24865	-44.43937	386.70119	1874.28722	-105.69333	345.95464	1818.15373	-129.59192	80.56603	1786.14121	-67.51774	93.15290	1848.11932	-80.94540	73.32804	1763.58930	67.12174	321.84645	1766.72547	-115.87376	114.12716	1862.21592	-114.50978	654.55191	1867.86660	-28.20911	948.27993	1563.82788	24.69074	181.34757	1815.51692	53.79173	633.56941	1734.76808	-56.38317	979.17349	1721.09260	-20.82515	690.42859	1889.86715	-179.07382	454.01795	1754.85103	130.15465	450.21646	1871.68001	-178.24546	234.31749	1681.04481	129.58242	247.40623	
543	5.420	1751.71048	-42.31536	790.48421	1748.20947	-88.78965	705.17476	1843.67079	18.20524	351.68861	1589.33815	66.43680	138.46369	1606.48219	-1.98125	143.00983	1624.27357	35.28324	99.33141	1902.47925	-49.50321	387.52193	1874.03265	-110.50582	347.51491	1818.18177	-130.16648	81.11624	1786.74100	-68.09026	94.47158	1848.45191	-81.57224	73.76676	1780.87449	66.24414	325.58564	1766.79699	-116.42900	114.97173	1870.57368	-117.22457	658.33545	1876.14074	-27.39525	951.81123	1582.38453	23.99997	182.76010	1826.79775	51.72705	636.19583	1743.17677	-54.95146	982.24890	1731.22394	-20.88905	694.09022	1892.56110	-183.48946	455.35200	1770.19940	129.08768	453.93728	1870.34520	-181.77393	234.46078	1698.39525	129.00903	251.67320	
544	5.430	1760.88654	-42.07133	793.91063	1757.13937	-89.12844	709.24256	1860.30091	16.75091	357.04968	1608.64246	66.70918	140.76329	1626.68022	-1.79257	144.20645	1645.10681	36.81838	102.15328	1903.36684	-54.08757	388.41669	1873.58344	-114.88753	349.14112	1818.27159	-130.46751	81.79159	1787.48955	-68.35681	95.80290	1848.91592	-81.97820	74.23588	1798.15252	65.36569	329.80336	1766.91530	-116.60214	115.86910	1878.71058	-120.01969	662.03703	1884.32696	-26.64126	955.45236	1601.37116	23.11430	183.81516	1838.05940	49.61900	639.16673	1751.51949	-53.46630	985.48556	1741.28479	-21.02268	697.84295	1895.04298	-187.55162	456.63787	1785.64357	128.13041	458.04489	1868.79984	-184.94359	234.78304	1715.79622	128.36954	256.07130	
545	5.440	1769.93205	-42.02045	797.33564	1765.92409	-89.48196	713.09786	1876.92162	15.34010	362.77331	1628.50016	66.82428	142.73093	1647.43676	-1.72985	145.21211	1666.66051	38.20200	104.87359	1904.04470	-58.18076	389.34110	1873.04531	-118.79520	350.78136	1818.40120	-130.52072	82.57822	1788.36413	-68.34050	97.14256	1849.48148	-82.19029	74.72471	1815.49141	64.51066	334.33162	1767.08033	-116.41279	116.82752	1886.63789	-122.84817	665.57775	1892.46485	-25.98315	959.09263	1620.77596	22.09996	184.55459	1849.30581	47.50106	642.34422	1759.82472	-51.98083	988.77476	1751.28152	-21.17244	701.55061	1897.35339	-191.22407	457.83738	1801.18724	127.29705	462.37225	1867.11264	-187.73040	235.25658	1733.34391	127.68907	260.43461	
546	5.450	1778.86549	-42.11392	800.64560	1774.57019	-89.79386	716.65141	1893.59556	14.01604	368.69212	1648.88901	66.79669	144.35487	1668.66496	-1.78595	146.05886	1688.80791	39.37307	107.44148	1904.64801	-61.82417	390.25282	1872.51008	-122.23343	352.39121	1818.55717	-130.37115	83.45331	1789.34467	-68.08686	98.48616	1850.12341	-82.25074	75.22195	1832.95691	63.69961	339.00470	1767.29726	-115.91123	117.84769	1894.36266	-125.67053	668.89007	1900.59232	-25.44956	962.62120	1640.58981	21.03474	185.02367	1860.54074	45.39730	645.58280	1768.11872	-50.54076	992.00806	1761.21968	-21.28301	705.08149	1899.51387	-194.51249	458.92814	1816.82638	126.59215	466.75410	1865.35260	-190.14731	235.84674	1751.14327	126.99731	264.61104	
547	5.460	1787.70308	-42.29466	803.73584	1783.08313	-90.01014	719.82842	1910.37335	12.80898	374.65171	1669.79085	66.65306	145.62899	1690.29061	-1.94401	146.77485	1711.43860	40.29081	109.81113	1905.30292	-65.09385	391.11200	1872.05447	-125.24251	353.93396	1818.73528	-130.07607	84.38679	1790.41537	-67.65672	99.82714	1850.82331	-82.21056	75.71535	1850.60339	62.94585	343.66948	1767.57598	-115.16999	118.92216	1901.88940	-128.45570	671.91937	1908.74350	-25.06052	965.93268	1660.80333	19.99785	185.26276	1871.76768	43.32160	648.73875	1776.42410	-49.18174	995.08267	1771.10462	-21.30218	708.31500	1901.53362	-197.45346	459.90115	1832.54838	126.00966	471.03691	1863.58761	-192.23399	236.51447	1769.29317	126.32381	268.47328	
548	5.470	1796.45889	-42.50226	806.51506	1791.46933	-90.08360	722.57053	1927.28631	11.73211	380.51709	1691.18876	66.42741	146.55009	1712.25432	-2.18127	147.37691	1734.46245	40.93624	111.94184	1906.11726	-68.08046	391.88212	1871.74024	-127.88418	355.38011	1818.93796	-129.69654	85.34451	1791.56400	-67.11711	101.15578	1851.56879	-82.12249	76.19209	1868.46607	62.25210	348.19324	1767.92807	-114.27237	120.03646	1909.22278	-131.18093	674.62475	1916.94723	-24.82663	968.93230	1681.40537	19.05978	185.29930	1882.98975	41.27806	651.67897	1784.75880	-47.92753	997.90604	1780.94228	-21.18533	711.14747	1903.41748	-200.10148	460.75690	1848.33298	125.53248	475.08683	1861.88156	-194.04497	237.21941	1787.87289	125.69260	271.92545	
549	5.480	1805.14539	-42.67813	808.90857	1799.73819	-89.97754	724.83694	1944.34102	10.77834	386.17629	1713.06537	66.15551	147.11505	1734.51196	-2.47357	147.86488	1757.81112	41.31049	113.79779	1907.17430	-70.87087	392.53082	1871.61541	-130.22771	356.70665	1819.16985	-129.28911	86.29204	1792.78013	-66.53196	102.45956	1852.35115	-82.03436	76.63957	1886.55543	61.60764	352.46838	1768.36292	-113.30009	121.17162	1916.37046	-133.83077	676.97880	1925.22596	-24.74897	971.54016	1702.38254	18.27392	185.14157	1894.20958	39.26258	654.28851	1793.13561	-46.78937	1000.39960	1790.73979	-20.89917	713.49671	1905.17400	-202.51623	461.50093	1864.15460	125.13265	478.79495	1860.29093	-195.63817	237.92298	1806.93187	125.11693	274.90521	
550	5.490	1813.77439	-42.77009	810.86037	1807.90405	-89.66859	726.60468	1961.51602	9.91813	391.54111	1735.40214	65.86913	147.31836	1757.03321	-2.79996	148.21862	1781.43726	41.43018	115.34755	1908.53031	-73.53410	393.03063	1871.71645	-132.33831	357.89615	1819.43344	-128.89893	87.19842	1794.05307	-65.95409	103.72423	1853.16250	-81.98370	77.04639	1904.85429	60.98644	356.41403	1768.88441	-112.32239	122.30731	1923.34608	-136.39541	678.96685	1933.59539	-24.81942	973.69423	1723.71943	17.67094	184.77516	1905.42920	37.26529	656.47629	1801.56226	-45.76633	1002.50112	1800.50610	-20.42446	715.30510	1906.82240	-204.75174	462.13958	1879.98530	124.77198	482.07998	1858.86205	-197.06526	238.59105	1826.48401	124.59523	277.38146	
551	5.500	1822.35808	-42.73606	812.33384	1815.98750	-89.14832	727.86799	1978.76101	9.09862	396.54539	1758.17956	65.59092	147.15051	1779.79834	-3.14681	148.39802	1805.31166	41.32074	116.56361	1910.21602	-76.11313	393.35970	1872.07121	-134.26905	358.93608	1819.72607	-128.55553	88.03937	1795.37048	-65.41993	104.93562	1853.99355	-81.99437	77.40336	1923.31759	60.34649	359.97483	1769.48923	-111.38839	123.42509	1930.17176	-138.86863	680.58557	1942.06473	-25.02157	975.35204	1745.39880	17.25669	184.16285	1916.65009	35.27354	658.17860	1810.04197	-44.84665	1004.16588	1810.25229	-19.75729	716.54093	1908.39780	-206.84894	462.67682	1895.79793	124.40317	484.88828	1857.62983	-198.36521	239.19608	1846.50738	124.10874	279.34856	
552	5.510	1830.91008	-42.54665	813.31125	1824.01614	-88.42353	728.63689	1995.99877	8.24442	401.14141	1781.37787	65.33062	146.59727	1802.79387	-3.51078	148.34600	1829.41895	41.00856	117.42197	1912.24162	-78.62296	393.50236	1872.70217	-136.05679	359.81849	1820.03918	-128.27152	88.79946	1796.71817	-64.94743	106.08154	1854.83258	-82.07555	77.70414	1941.87494	59.63044	363.11738	1770.16737	-110.52390	124.51135	1936.87984	-141.24585	681.84127	1950.63754	-25.33199	976.49090	1767.40150	17.01360	183.24779	1927.87335	33.27486	659.36027	1818.57453	-44.00979	1005.36663	1819.99181	-18.90906	717.19783	1909.95372	-208.83214	463.11250	1911.56844	123.97131	487.19169	1856.61814	-199.56134	239.71862	1866.94912	123.62135	280.81848	
553	5.520	1839.44636	-42.18634	813.79208	1832.02452	-87.51517	728.93500	2013.12951	7.26026	405.29520	1804.97803	65.08290	145.64023	1826.00764	-3.90041	147.99400	1853.75267	40.51340	117.90194	1914.60392	-81.05396	393.44965	1873.62977	-137.72176	360.53995	1820.35998	-128.04433	89.47323	1798.08123	-64.53738	107.15370	1855.66584	-82.22286	77.94571	1960.43536	58.76775	365.82518	1770.90476	-109.73258	125.55937	1943.51351	-143.52243	682.74799	1959.31301	-25.72180	977.10680	1789.70604	16.90502	181.95961	1939.10013	31.25957	660.01351	1827.15759	-43.22909	1006.09239	1829.74055	-17.90497	717.29266	1911.56184	-210.70929	463.44219	1927.27745	123.41580	488.98366	1855.84212	-200.66178	240.14809	1887.73445	123.08142	281.81221	
554	5.530	1847.98585	-41.65339	813.79064	1840.05335	-86.45607	728.79675	2030.03753	6.03551	408.98170	1828.96233	64.82700	144.25846	1849.42430	-4.33621	147.26898	1878.31031	39.84217	117.98616	1917.29454	-83.37898	393.19948	1874.87554	-139.26997	361.10164	1820.67488	-127.86029	90.06497	1799.44613	-64.17731	108.14916	1856.47922	-82.42141	78.12839	1978.89396	57.67823	368.09306	1771.68723	-109.00088	126.57050	1950.12622	-145.69260	683.32561	1968.08760	-26.15848	977.21215	1812.28774	16.88145	180.22257	1950.33218	29.22268	660.15484	1835.78814	-42.47448	1006.34641	1839.51672	-16.78134	716.86180	1913.30913	-212.47515	463.65830	1942.91082	122.67263	490.27420	1855.31168	-201.66254	240.48299	1908.77820	122.42533	282.35204	
555	5.540	1856.55061	-40.95839	813.33301	1848.14799	-85.28782	728.26428	2046.59944	4.45054	412.18067	1853.31474	64.52810	142.43110	1873.02183	-4.84924	146.10101	1903.08916	38.98507	117.66103	1920.30727	-85.56202	392.75649	1876.46435	-140.69745	361.50929	1820.97377	-127.69999	90.58763	1800.80337	-63.84710	109.07101	1857.26058	-82.64989	78.25551	1997.13987	56.27679	369.92201	1772.50491	-108.30520	127.55413	1956.77975	-147.74913	683.59793	1976.95665	-26.60779	976.83286	1835.11812	16.88747	177.96446	1961.57254	27.16470	659.82045	1844.46387	-41.71522	1006.14369	1849.34062	-15.58214	715.95652	1915.29260	-214.11616	463.75208	1958.45951	121.67710	491.08466	1855.03551	-202.55220	240.73022	1929.99684	121.58205	282.45603	
556	5.550	1865.16544	-40.12197	812.45378	1856.35625	-84.05689	727.38424	2062.69354	2.38457	414.87416	1878.02045	64.14036	140.14060	1896.76992	-5.47841	144.43049	1928.08336	37.91489	116.91741	1923.64342	-87.56676	392.13127	1878.42546	-141.99503	361.77284	1821.25393	-127.54370	91.06068	1802.14974	-63.52478	109.92845	1858.00215	-82.88494	78.33281	2015.06466	54.47917	371.31527	1773.35592	-107.61959	128.52667	1963.54096	-149.68362	683.59106	1985.91581	-27.03576	976.00482	1858.16456	16.86826	175.12511	1972.82608	25.09157	659.06073	1853.18424	-40.92236	1005.50815	1859.23405	-14.35493	714.63783	1917.61236	-215.61585	463.71576	1973.91920	120.36683	491.44288	1855.02451	-203.31706	240.90386	1951.31874	120.47835	282.13540	
557	5.560	1873.85673	-39.17167	811.19302	1864.72550	-82.81062	726.20480	2078.20943	-0.27528	417.04601	1903.06473	63.61121	137.37617	1920.63012	-6.26671	142.21403	1953.28214	36.58977	115.75177	1927.31389	-89.36361	391.33911	1880.79147	-143.15296	361.90569	1821.52234	-127.37589	91.50754	1803.48969	-63.19161	110.73583	1858.70230	-83.10524	78.36771	2032.57073	52.20830	372.27633	1774.24827	-106.92236	129.50951	1970.47738	-151.48751	683.33205	1994.96201	-27.41066	974.77059	1881.39067	16.77477	171.66344	1984.09972	23.01357	657.93452	1861.95099	-40.07075	1004.47011	1869.21938	-13.14673	712.97129	1920.36357	-216.95973	463.54456	1989.28966	118.68536	491.37941	1855.29369	-203.94572	241.02317	1972.69118	119.04428	281.39517	
558	5.570	1882.65048	-38.13862	809.59365	1873.29906	-81.59329	724.77319	2093.05725	-3.62424	418.68366	1928.43093	62.88688	134.13712	1944.55781	-7.25654	139.42883	1978.66897	34.95929	114.16759	1931.33765	-90.93438	390.39860	1883.59510	-144.16450	361.92370	1821.79581	-127.18790	91.95271	1804.83500	-62.83537	111.51105	1859.36613	-83.29436	78.36845	2049.57891	49.40108	372.80910	1775.19946	-106.20052	130.52632	1977.65175	-153.15342	682.84804	2004.09358	-27.70492	973.17638	1904.75717	16.56735	167.56239	1995.40193	20.94369	656.50385	1870.76790	-39.14050	1003.06418	1879.31793	-12.00018	711.02243	1923.62787	-218.13885	463.23801	2004.57389	116.58605	490.92541	1855.86181	-204.43242	241.11019	1994.08277	117.21872	280.23767	
559	5.580	1891.56925	-37.05417	807.69966	1882.11167	-80.44257	723.13401	2107.17567	-7.72986	419.78193	1954.09724	61.91882	130.43572	1968.50487	-8.48447	136.07536	2004.22090	32.97335	112.17713	1935.73644	-92.27442	389.33006	1886.86353	-145.02840	361.84403	1822.09850	-126.97868	92.41888	1806.20282	-62.45168	112.27338	1860.00472	-83.44239	78.34335	2066.03443	46.01521	372.92016	1776.23341	-105.45124	131.59987	1985.11571	-154.67677	682.16583	2013.30932	-27.89698	971.26988	1928.22273	16.21789	162.83158	2006.74128	18.89552	654.82957	1879.63942	-38.11817	1001.32801	1889.54738	-10.95018	708.85317	1927.46487	-219.15194	462.80067	2019.77678	114.03666	490.11222	1856.74824	-204.77878	241.18702	2015.48083	114.95517	278.66791	
560	5.590	1900.62802	-35.94699	805.55528	1891.18416	-79.38665	721.32844	2120.53776	-12.62215	420.34842	1980.03179	60.67066	126.29956	1992.42183	-9.97559	132.17869	2029.90663	30.59290	109.80348	1940.52627	-93.39255	388.15456	1890.61074	-145.74995	361.68415	1822.45724	-126.75348	92.92439	1807.61199	-62.04318	113.04089	1860.63279	-83.54609	78.30011	2081.91058	42.03581	372.62284	1777.37521	-104.68066	132.74868	1992.90272	-156.05730	681.31211	2022.60614	-27.97294	969.09913	1951.74364	15.71081	157.50807	2018.12353	16.88143	652.96836	1888.56815	-36.99746	999.30191	1899.91801	-10.02125	706.51950	1931.90392	-220.00594	462.24217	2034.90276	111.02433	488.97279	1857.96721	-204.99400	241.27326	2036.88391	112.22773	276.69984	
561	5.600	1909.82877	-34.84086	803.20527	1900.51700	-78.44229	719.39446	2133.15374	-18.28450	420.40949	2006.18519	59.12529	121.77353	2016.25751	-11.73799	127.78904	2055.68202	27.80137	107.08276	1945.70681	-94.30933	386.89332	1894.82856	-146.34100	361.46102	1822.89548	-126.52123	93.48116	1809.07840	-61.61734	113.82795	1861.26546	-83.60786	78.24539	2097.20891	37.48173	371.94222	1778.64440	-103.90066	133.98384	2001.02055	-157.30033	680.31415	2031.97519	-27.92798	966.71245	1975.27103	15.04358	151.65599	2029.54710	14.91100	650.97129	1897.55076	-35.77977	997.02954	1910.42750	-9.22583	704.07070	1936.93660	-220.71542	461.57694	2049.95185	107.56091	487.54431	1859.52012	-205.09381	241.38379	2058.28953	109.03739	274.36204	
562	5.610	1919.15404	-33.75338	800.69615	1910.08317	-77.61386	717.36805	2145.06946	-24.64591	420.01568	2032.47938	57.29112	116.92148	2039.95424	-13.75783	122.98205	2081.48138	24.61502	104.06653	1951.25014	-95.05421	385.56789	1899.47764	-146.81913	361.19078	1823.42698	-126.29139	94.09315	1810.60995	-61.18357	114.64290	1861.91449	-83.63402	78.18454	2111.95513	32.41087	370.92017	1780.04796	-103.12457	135.30624	2009.44362	-158.41738	679.20090	2041.39630	-27.76731	964.15963	1998.74405	14.22694	145.36577	2040.99659	12.99034	648.88395	1906.57251	-34.47469	994.55947	1921.05416	-8.56352	701.54997	1942.51041	-221.30102	460.82372	2064.91312	103.68828	485.87165	1861.38750	-205.09865	241.52717	2079.67781	105.41827	271.70229	
563	5.620	1928.55951	-32.69583	798.07822	1919.82063	-76.89372	715.28497	2156.35910	-31.57590	419.24519	2058.79209	55.20664	111.82789	2063.43677	-15.99581	117.85905	2107.20322	21.09076	100.82376	1957.09081	-95.66227	384.20094	1904.47988	-147.20621	360.88869	1824.05064	-126.07101	94.75561	1812.20224	-60.75042	115.48634	1862.58483	-83.63277	78.12155	2126.18952	26.92390	369.61913	1781.57445	-102.36340	136.70451	2018.10586	-159.42602	678.00430	2050.83082	-27.50653	961.49377	2022.07747	13.28485	138.75382	2052.43438	11.12243	646.74786	1915.60031	-33.10025	991.94714	1931.74891	-8.02153	698.99645	1948.52438	-221.78751	460.00508	2079.75522	99.48254	484.01057	1863.52223	-205.03160	241.70484	2100.99186	101.44263	268.78996	
564	5.630	1937.96644	-31.67425	795.40770	1929.62534	-76.26403	713.18310	2167.11049	-38.88365	418.20348	2084.93669	52.94165	106.59901	2086.59367	-18.38618	112.54680	2132.69024	17.32911	97.44192	1963.11958	-96.17074	382.81736	1909.71455	-147.52649	360.56934	1824.74786	-125.86288	95.45502	1813.83568	-60.32388	116.35014	1863.27238	-83.61256	78.05919	2139.95038	21.16508	368.12310	1783.19080	-101.62346	138.15418	2026.89517	-160.34835	676.76028	2060.21343	-27.17088	958.77347	2045.14311	12.25379	131.96246	2063.79073	9.30879	644.60288	1924.57482	-31.68307	989.25676	1942.42666	-7.57662	696.44817	1954.82798	-222.20142	459.14701	2094.41359	95.05591	482.02961	1865.84648	-204.91644	241.91127	2122.11620	97.22322	265.71599	
565	5.640	1947.25513	-30.69181	792.74826	1939.34642	-75.70054	711.10442	2177.40120	-46.32447	417.01699	2110.63849	50.59356	101.36286	2109.25111	-20.83955	107.19583	2157.70414	13.47013	94.02585	1969.18361	-96.61535	381.44533	1915.02062	-147.80428	360.24684	1825.48377	-125.66546	96.17017	1815.47530	-59.90712	117.21772	1863.96363	-83.58086	77.99929	2153.24980	15.31812	366.53402	1784.84324	-100.90658	139.61839	2035.65132	-161.20796	675.50903	2069.44359	-26.79305	956.06443	2067.74534	11.18066	125.15937	2074.95327	7.55252	642.48995	1933.40229	-30.25786	986.56205	1952.95809	-7.19884	693.94546	1961.22566	-222.56842	458.27843	2108.77492	90.55397	480.00934	1868.25462	-204.77601	242.13514	2142.85489	92.90987	262.58990	
