PathFileType	3	(X/Y/Z)	RCH0000002 BBF 15.c3d
DataRate	CameraRate	NumFrames	NumMarkers	Units	OrigDataRate	OrigDataStartFrame	OrigNumFrames
100.0	100.0	276	23	mm	100.0	140	276
Frame#	Time	T2			MAN			LASI			RASI			LPSI			LPAT			LKNE			LANK			LMED			LHEE			LTOE			RPAT			RKNE			RANK			RMED			RHEE			RTOE			RPSI			T10			RTHI			LTHI			RTIB			LTIB			
		X1	Y1	Z1	X2	Y2	Z2	X3	Y3	Z3	X4	Y4	Z4	X5	Y5	Z5	X6	Y6	Z6	X7	Y7	Z7	X8	Y8	Z8	X9	Y9	Z9	X10	Y10	Z10	X11	Y11	Z11	X12	Y12	Z12	X13	Y13	Z13	X14	Y14	Z14	X15	Y15	Z15	X16	Y16	Z16	X17	Y17	Z17	X18	Y18	Z18	X19	Y19	Z19	X20	Y20	Z20	X21	Y21	Z21	X22	Y22	Z22	X23	Y23	Z23	

140	1.390	-1207.53213	40.26216	946.73406	-1334.30367	31.11107	991.14591	-1243.66729	81.74880	649.27653	-1233.20847	-94.36576	648.56631	-1348.04321	24.59764	705.53466	-1232.27308	31.54804	384.25381	-1268.32267	94.03894	341.84847	-1321.08363	100.20240	70.32014	-1326.65453	30.87084	89.37682	-1365.08168	64.91709	101.84726	-1275.61708	58.46525	68.51091	-1233.12932	-37.08158	350.60325	-1287.31952	-91.21782	330.73051	-1481.02822	-115.42169	142.07505	-1485.77172	-46.47022	155.63034	-1495.06801	-84.47302	195.52232	-1462.82079	-77.17264	100.07314	-1343.76633	-46.92466	705.86211	-1330.34189	-0.80487	796.32172	-1256.39690	-160.76867	438.27533	-1274.86481	165.83220	465.58274	-1364.02631	-167.23861	254.55538	-1284.34855	159.73293	226.65550	
141	1.400	-1196.17531	40.08444	948.49691	-1322.73734	30.03717	993.69152	-1236.83025	84.17361	651.30166	-1222.26853	-91.51747	650.92727	-1339.58269	24.70663	707.48939	-1229.92348	34.05780	384.82544	-1268.34103	95.26601	343.09325	-1321.89360	98.20648	71.65186	-1324.91658	29.21667	90.86666	-1364.44056	61.81692	103.55329	-1275.27547	57.96773	69.24461	-1211.33575	-35.32253	356.91170	-1264.92019	-89.46829	334.86349	-1453.87077	-115.14826	142.75331	-1459.46368	-46.21452	155.89177	-1469.81200	-84.20037	195.49901	-1434.03302	-76.99557	101.86275	-1333.87214	-46.46932	707.71128	-1321.02680	-0.34264	798.97078	-1239.46495	-159.62256	442.92838	-1273.28249	167.21421	466.78073	-1339.27323	-165.97931	257.96307	-1287.77113	159.80182	227.66646	
142	1.410	-1184.87954	39.91274	950.15225	-1311.23530	29.00638	996.13513	-1230.05912	86.56706	653.26090	-1211.38533	-88.67923	653.17644	-1331.18954	24.74875	709.32583	-1227.51725	36.59587	385.34158	-1268.26735	96.53208	344.29500	-1322.61430	96.38375	72.93579	-1323.18720	27.72768	92.32314	-1363.75481	58.95198	105.22303	-1274.89878	57.57231	69.94158	-1189.63887	-33.54048	363.21941	-1242.56580	-87.70236	339.00616	-1426.70367	-114.85982	143.38986	-1433.12761	-45.93681	156.09952	-1444.54251	-83.90133	195.41631	-1405.24048	-76.80829	103.62468	-1324.04038	-46.06790	709.43863	-1311.75406	0.09562	801.51958	-1222.49359	-158.43243	447.54918	-1271.70662	168.59115	467.95842	-1314.55561	-164.70878	261.33552	-1290.96958	159.95022	228.64652	
143	1.420	-1173.67144	39.74857	951.59745	-1299.82716	28.05464	998.37710	-1223.37318	88.90074	655.09027	-1200.57666	-85.86098	655.20652	-1322.88518	24.66884	710.93344	-1224.98331	39.17761	385.74851	-1267.99716	97.86486	345.41339	-1323.17135	94.87547	74.13413	-1321.47338	26.53804	93.71890	-1362.98526	56.51494	106.82985	-1274.45800	57.36133	70.57027	-1168.12753	-31.68433	369.50961	-1220.28538	-85.87922	343.15364	-1399.44916	-114.52109	143.93183	-1406.68368	-45.60185	156.18559	-1419.18643	-83.54270	195.19684	-1376.37900	-76.57208	105.32038	-1314.29175	-45.76531	710.92653	-1302.53158	0.48720	803.86952	-1205.42658	-157.13802	452.09548	-1270.10116	169.95661	469.09231	-1289.85885	-163.39078	264.62942	-1293.73895	160.24186	229.56931	
144	1.430	-1162.56231	39.59168	952.75094	-1288.52625	27.20932	1000.33736	-1216.76998	91.15043	656.73889	-1189.84561	-83.07378	656.93286	-1314.66964	24.42743	712.22742	-1222.26483	41.80176	386.00450	-1267.44367	99.27736	346.41679	-1323.51623	93.77689	75.21845	-1319.78416	25.73764	95.03259	-1362.10826	54.63671	108.35339	-1273.93484	57.38991	71.10709	-1146.87834	-29.69617	375.76719	-1198.10108	-83.95145	347.30122	-1372.01412	-114.09816	144.33691	-1380.04196	-45.17686	156.09222	-1393.65797	-83.09547	194.77320	-1347.36780	-76.24632	106.91903	-1304.62961	-45.59437	712.08182	-1293.35476	0.81329	805.94113	-1188.21603	-155.68129	456.53435	-1268.41145	171.30152	470.16164	-1265.15476	-161.98546	267.81530	-1295.92705	160.71977	230.41404	
145	1.440	-1151.55266	39.43969	953.55681	-1277.33424	26.48755	1001.95909	-1210.22593	93.29607	658.17114	-1179.18497	-80.33137	658.29781	-1306.52339	24.00447	713.15380	-1219.32311	44.44790	386.08237	-1266.54283	100.76510	347.28414	-1323.63034	93.12896	76.17182	-1318.13094	25.36421	96.24978	-1361.11795	53.37559	109.78080	-1273.32380	57.68057	71.53801	-1125.96728	-27.51356	381.97321	-1176.04278	-81.86685	351.44002	-1344.30927	-113.55846	144.57426	-1353.12316	-44.63257	155.77390	-1367.87703	-82.53653	194.09035	-1318.13060	-75.78761	108.39694	-1295.04320	-45.57299	712.84106	-1284.21072	1.05993	807.67759	-1170.83782	-154.00944	460.83909	-1266.56595	172.61400	471.14842	-1240.41692	-160.45002	270.87569	-1297.44484	161.40047	231.16669	
146	1.450	-1140.63575	39.28799	953.98509	-1266.24478	25.89592	1003.20844	-1203.69833	95.32165	659.36628	-1168.58015	-77.65054	659.27057	-1298.41020	23.39993	713.68894	-1216.13655	47.07885	385.96948	-1265.25357	102.30721	348.00531	-1323.52300	92.91974	76.98944	-1316.52627	25.40493	97.36339	-1360.02434	52.71949	111.10745	-1272.63144	58.22393	71.85866	-1105.47769	-25.07198	388.09974	-1154.15732	-79.57066	355.55278	-1316.26139	-112.86923	144.62228	-1325.87252	-43.94289	155.19595	-1341.78109	-81.84903	193.10454	-1288.61044	-75.14783	109.73467	-1285.51035	-45.70380	713.17062	-1275.08118	1.21840	809.04445	-1153.29957	-152.07655	464.98431	-1264.48136	173.88044	472.03723	-1215.62977	-158.73871	273.79961	-1298.26567	162.27272	231.82059	
147	1.460	-1129.80003	39.12974	954.02917	-1255.24623	25.43117	1004.07187	-1197.12855	97.21518	660.31645	-1158.01093	-75.05026	659.84390	-1290.28058	22.63191	713.83544	-1212.69605	49.64648	385.66591	-1263.55454	103.87021	348.58008	-1323.22541	93.09301	77.67849	-1314.98185	25.80486	98.37360	-1358.84844	52.59734	112.33742	-1271.87384	58.98358	72.07346	-1085.50400	-22.30807	394.10518	-1132.51273	-77.00840	359.60994	-1287.82122	-111.99527	144.46438	-1298.26877	-43.08392	154.33127	-1315.33252	-81.02171	191.78038	-1258.77996	-74.27203	110.91300	-1275.99970	-45.97556	713.06332	-1265.94454	1.28501	810.02700	-1135.64212	-149.84465	468.94045	-1262.06991	175.08735	472.81509	-1190.79306	-156.80304	276.57500	-1298.41570	163.30054	232.37654	
148	1.470	-1119.03063	38.95603	953.70159	-1244.32351	25.08127	1004.55205	-1190.44617	98.96920	661.02376	-1147.45228	-72.54992	660.02896	-1282.07565	21.73313	713.61572	-1208.99860	52.09925	385.18140	-1261.43841	105.41348	349.01616	-1322.78213	93.56145	78.25710	-1313.50613	26.47953	99.28746	-1357.61614	52.89648	113.48357	-1271.07294	59.90371	72.19399	-1066.15105	-19.16368	399.93055	-1111.19809	-74.12967	363.56618	-1258.96932	-110.89690	144.08390	-1270.32977	-42.03253	153.15628	-1288.52375	-80.04745	190.08725	-1228.64872	-73.09755	111.90839	-1266.47256	-46.36557	712.53294	-1256.77699	1.26085	810.62619	-1117.93572	-147.28470	472.66883	-1259.24688	176.22325	473.47130	-1165.92354	-154.59262	279.18068	-1297.95872	164.42972	232.84244	
149	1.480	-1108.31027	38.75619	953.02896	-1233.45929	24.82677	1004.66325	-1183.57376	100.58133	661.49677	-1136.87467	-70.16677	659.84929	-1273.73121	20.74660	713.06456	-1205.04024	54.38993	384.53161	-1258.90472	106.89538	349.32617	-1322.24181	94.22198	78.75267	-1312.10214	27.32947	100.11814	-1356.35178	53.48256	114.56716	-1270.25247	60.91791	72.23694	-1047.52927	-15.59064	405.49695	-1090.31943	-70.89267	367.35802	-1229.72184	-109.52905	143.45931	-1242.11603	-40.76529	151.64731	-1261.38171	-78.92138	187.99611	-1198.26892	-71.55513	112.68906	-1256.88459	-46.84287	711.60785	-1247.55300	1.15142	810.85408	-1100.27210	-144.37762	476.11814	-1255.93706	177.28052	473.99693	-1141.05580	-152.05729	281.57932	-1296.97782	165.59645	233.23209	
150	1.490	-1097.61971	38.51823	952.04680	-1222.63477	24.64224	1004.42667	-1176.43204	102.05515	661.74682	-1126.24428	-67.91323	659.33469	-1265.18172	19.72098	712.22164	-1200.80949	56.48218	383.73384	-1255.95218	108.27905	349.52384	-1321.64853	94.97102	79.19968	-1310.76587	28.25433	100.88388	-1355.07254	54.21932	115.61690	-1269.43409	61.95805	72.22192	-1029.74657	-11.55615	410.70487	-1069.99284	-67.26930	370.90284	-1200.13721	-107.84216	142.56041	-1213.73297	-39.25780	149.77806	-1233.97244	-77.63861	185.47761	-1167.73988	-69.57270	113.21238	-1247.18742	-47.37141	710.32456	-1238.24545	0.96624	810.72907	-1082.75394	-141.11543	479.22314	-1252.07867	178.25664	474.38395	-1116.24358	-149.15062	283.71294	-1295.55696	166.73682	233.56322	
151	1.500	-1086.93804	38.22946	950.79462	-1211.83022	24.49766	1003.86624	-1168.94484	103.40074	661.78436	-1115.52350	-65.79450	658.51571	-1256.36408	18.70632	711.12477	-1196.28200	58.35532	382.80270	-1252.57151	109.53721	349.61980	-1321.03481	95.71751	79.63692	-1309.48540	29.16494	101.60657	-1353.78412	54.98555	116.66730	-1268.63415	62.96190	72.16917	-1012.89788	-7.04822	415.43599	-1050.33567	-63.25012	374.09995	-1170.32389	-105.78537	141.34637	-1185.33193	-37.48524	147.51909	-1206.40632	-76.19226	182.50186	-1137.21156	-67.08213	113.42449	-1237.33050	-47.91320	708.72193	-1228.82558	0.71860	810.27163	-1065.48340	-137.50250	481.90586	-1247.62489	179.15505	474.62356	-1091.56219	-145.83475	285.50191	-1293.76456	167.79550	233.85460	
152	1.510	-1076.24305	37.87725	949.31176	-1201.02554	24.35984	1003.00527	-1161.04360	104.63486	661.61569	-1104.67209	-63.80700	657.41941	-1247.22108	17.75054	709.80473	-1191.41699	60.00676	381.74579	-1248.73982	110.65533	349.61711	-1320.41677	96.39229	80.10456	-1308.24049	29.99198	102.31009	-1352.47800	55.68759	117.75654	-1267.86135	63.87883	72.09739	-997.05388	-2.08048	419.55767	-1031.45696	-58.84864	376.83422	-1140.44825	-103.31209	139.76620	-1157.10997	-35.42414	144.83942	-1178.84302	-74.57226	179.04026	-1106.88640	-64.02830	113.26257	-1227.26324	-48.43079	706.83682	-1219.26294	0.42527	809.50073	-1048.55175	-133.55684	484.07926	-1242.54275	179.98523	474.70408	-1067.11226	-142.08625	286.84801	-1291.64129	168.73247	234.12237	
153	1.520	-1065.51177	37.44997	947.63409	-1190.20080	24.19399	1001.86398	-1152.67104	105.78029	661.24026	-1093.64919	-61.93818	656.06693	-1237.70436	16.89717	708.28183	-1186.15581	61.45207	380.55990	-1244.41717	111.63290	349.50726	-1319.79156	96.95290	80.64104	-1307.00270	30.69064	103.01854	-1351.12998	56.26626	118.92385	-1267.11524	64.67317	72.02193	-982.25071	3.30418	422.93073	-1013.44847	-54.10431	378.98250	-1110.74089	-100.38791	137.76196	-1129.30781	-33.05582	141.71060	-1151.49521	-72.76554	175.06952	-1077.01864	-60.37986	112.66014	-1216.93771	-48.88903	704.70135	-1209.52562	0.10631	808.43131	-1032.03139	-129.31126	485.65318	-1236.81050	180.76209	474.60854	-1043.02382	-137.90258	287.64147	-1289.19287	169.52688	234.37620	
154	1.530	-1054.72126	36.93802	945.79193	-1179.33704	23.96539	1000.45847	-1143.78371	106.86442	660.64885	-1082.41615	-60.16788	654.47310	-1227.77700	16.18418	706.56475	-1180.42271	62.72299	379.22820	-1239.54597	112.48279	349.26717	-1319.13672	97.38396	81.28038	-1305.73539	31.24127	103.75452	-1349.69976	56.69819	120.20694	-1266.38531	65.32507	71.95345	-968.48224	9.03184	425.42004	-996.37713	-49.08352	380.42265	-1081.49896	-96.99985	135.27494	-1102.20507	-30.37137	138.11273	-1124.62900	-70.75812	170.57751	-1047.90995	-56.14016	111.55485	-1206.31180	-49.25606	702.34227	-1199.58083	-0.21520	807.07321	-1015.97175	-124.81451	486.54195	-1230.41400	181.50460	474.31257	-1019.45946	-133.30824	287.77147	-1286.38846	170.17779	234.61565	
155	1.540	-1043.84962	36.33498	943.80915	-1168.41706	23.64137	998.80081	-1134.35338	107.91680	659.82306	-1070.94010	-58.47122	652.64823	-1217.41567	15.64394	704.65153	-1174.12781	63.86355	377.71895	-1234.05313	113.22882	348.85795	-1318.41083	97.69356	82.04999	-1304.39361	31.64673	104.53774	-1348.13106	56.99213	121.63951	-1265.65053	65.82926	71.89728	-955.69663	14.99829	426.90739	-980.28033	-43.87840	381.04496	-1053.08207	-93.16588	132.25453	-1076.11206	-27.37753	134.04193	-1098.55943	-68.53949	165.57049	-1019.90030	-51.35645	109.89836	-1195.35274	-49.50347	699.78216	-1189.39595	-0.51338	805.43139	-1000.39936	-120.13216	486.67288	-1223.34314	182.23377	473.78329	-996.61451	-128.35975	287.13903	-1283.16364	170.70199	234.82771	
156	1.550	-1032.87725	35.63873	941.70368	-1157.42639	23.19367	996.90063	-1124.36750	108.96604	658.73629	-1059.19795	-56.82287	650.60180	-1206.61234	15.30387	702.53261	-1167.17198	64.92494	375.98648	-1227.85455	113.90201	348.22598	-1317.55488	97.90720	82.96949	-1302.92353	31.92745	105.38418	-1346.35204	57.18176	123.24937	-1264.87871	66.19239	71.85371	-943.79828	21.07228	427.30546	-965.16439	-38.60330	380.76466	-1025.89945	-88.94278	128.66894	-1051.35730	-24.10273	129.51805	-1073.63904	-66.10879	160.08084	-993.35333	-46.12553	107.66676	-1184.04091	-49.60598	697.04244	-1178.94014	-0.75995	803.50789	-985.32197	-115.34706	485.99497	-1215.58873	182.97000	472.97966	-974.71260	-123.14847	285.67083	-1279.42717	171.12970	234.98593	
157	1.560	-1021.78819	34.85252	939.48915	-1146.35418	22.60098	994.76773	-1113.82865	110.03631	657.35638	-1047.18031	-55.20205	648.34753	-1195.37541	15.18741	700.19565	-1159.45329	65.95954	373.97462	-1220.86131	114.53614	347.30662	-1316.49366	98.06057	84.05060	-1301.26154	32.11534	106.30589	-1344.27587	57.31678	125.05722	-1264.02566	66.42969	71.81927	-932.65563	27.10139	426.57120	-951.00675	-33.38921	379.53448	-1000.38732	-84.43049	124.51655	-1028.27057	-20.60199	124.59139	-1050.23890	-63.48209	154.17389	-968.63604	-40.59398	104.86994	-1172.37323	-49.54094	694.14762	-1168.18636	-0.92476	801.30502	-970.73545	-110.55904	484.48690	-1207.14036	183.73029	471.85485	-953.99506	-117.80020	283.33233	-1275.06974	171.49904	235.05183	
158	1.570	-1010.57147	33.98583	937.17772	-1135.19397	21.85170	992.41570	-1102.75354	111.14375	655.65004	-1034.89476	-53.59748	645.90903	-1183.73015	15.31469	697.63159	-1150.87435	67.01485	371.62313	-1212.98669	115.16317	346.03078	-1315.13685	98.19288	85.29822	-1299.33310	32.24798	107.31153	-1341.80141	57.45383	127.07625	-1263.03380	66.56189	71.78899	-922.11444	32.91984	424.71697	-937.76144	-28.37664	377.35549	-976.97690	-79.77093	119.83586	-1007.16196	-16.95926	119.34679	-1028.72228	-60.69904	147.95236	-946.09387	-34.95156	101.55809	-1160.36581	-49.28801	691.13006	-1157.11379	-0.97660	798.82975	-956.63232	-105.88343	482.16392	-1197.98546	184.52548	470.36097	-934.70394	-112.47049	280.13831	-1269.97358	171.85030	234.97878	
159	1.580	-999.22228	33.05486	934.78354	-1123.94433	20.94657	989.86594	-1091.17158	112.29337	653.58871	-1022.36795	-52.01166	643.32503	-1171.71811	15.70264	694.84129	-1141.34997	68.12778	368.87651	-1204.15323	115.80908	344.33378	-1313.38002	98.34173	86.71257	-1297.05178	32.36376	108.40751	-1338.81468	57.64879	129.31249	-1261.83052	66.61292	71.75949	-912.01519	38.35764	421.81729	-925.36734	-23.70771	374.28440	-956.05560	-75.14011	114.71177	-988.29825	-13.28586	113.90398	-1009.41309	-57.82723	141.55671	-926.02284	-29.41768	97.82362	-1148.05522	-48.82934	688.03466	-1145.71037	-0.88428	796.09866	-943.00982	-101.44786	479.08258	-1188.10967	185.35807	468.45571	-917.05993	-107.33552	276.15895	-1264.02147	172.22081	234.71833	
160	1.590	-987.74292	32.08267	932.32669	-1112.60913	19.90092	987.15160	-1079.12336	113.47689	651.15541	-1009.64603	-50.46340	640.65329	-1159.39553	16.36409	691.84212	-1130.81437	69.31986	365.69489	-1194.29913	116.49072	342.16584	-1311.10569	98.54015	88.29197	-1294.31877	32.49863	109.59942	-1335.19126	57.95117	131.76563	-1260.32644	66.60904	71.73256	-902.21247	43.25003	418.00977	-913.75802	-19.51835	370.43585	-937.92616	-70.73353	109.27603	-971.87908	-9.71445	108.41293	-992.56280	-54.96218	135.16005	-908.64180	-24.22170	93.79727	-1135.49789	-48.15061	684.92246	-1133.97532	-0.61806	793.14281	-929.87619	-97.38713	475.34283	-1177.49831	186.22087	466.11076	-901.23801	-102.57884	271.52003	-1257.10466	172.64118	234.22841	
161	1.600	-976.14324	31.09880	929.83679	-1101.19746	18.74615	984.32084	-1066.65902	114.67178	648.35185	-996.79302	-48.98831	637.97230	-1146.83041	17.30597	688.67340	-1119.22725	70.59401	362.06543	-1183.38336	117.21397	339.50289	-1308.18523	98.81596	90.03584	-1291.02348	32.68472	110.89347	-1330.80032	58.40067	134.43021	-1258.41417	66.57918	71.71863	-892.59354	47.44643	413.48919	-902.87210	-15.93135	365.97860	-922.76994	-66.74620	103.70039	-958.01599	-6.38835	103.04431	-978.32103	-52.22207	128.95691	-894.06854	-19.57964	89.63827	-1122.76735	-47.24281	681.87259	-1121.92120	-0.15153	790.01188	-917.25380	-93.83612	471.08671	-1166.13888	187.09678	463.32068	-887.34527	-98.37554	266.39616	-1249.12941	173.13293	233.48267	
162	1.610	-964.44063	30.13838	927.35605	-1089.72324	17.52995	981.43882	-1053.83673	115.84190	645.20496	-983.88721	-47.63687	635.38012	-1134.09844	18.52677	685.40018	-1106.57800	71.93316	358.01297	-1171.38916	117.97326	336.35647	-1304.48230	99.19270	91.94744	-1287.04530	32.95018	112.29751	-1325.51049	59.02564	137.29674	-1255.96801	66.55635	71.73968	-883.09334	50.81804	408.49463	-892.66252	-13.05108	361.12528	-910.62125	-63.35048	98.18221	-946.71777	-3.44754	97.97561	-966.71518	-49.73697	123.14665	-882.30367	-15.67071	85.51963	-1109.94936	-46.10477	678.98184	-1109.57530	0.53633	786.77675	-905.17885	-90.92119	466.49288	-1154.02424	187.95979	460.11135	-875.40570	-94.87658	260.99702	-1240.02217	173.70765	232.47975	
163	1.620	-952.65939	29.24073	924.94093	-1078.20429	16.31523	978.58798	-1040.72095	116.93975	641.77162	-971.01577	-46.47020	632.99032	-1121.27807	20.01360	682.11427	-1092.88759	73.30095	353.60799	-1158.32570	118.75255	332.78091	-1299.85804	99.69141	94.03567	-1282.25685	33.31994	113.82134	-1319.19726	59.84259	140.35255	-1252.84523	66.57949	71.83076	-873.70325	53.26383	403.29061	-883.10371	-10.95997	356.11640	-901.35880	-60.67558	92.92431	-937.88530	-1.01330	93.37474	-957.64399	-47.63416	117.91344	-873.22586	-12.61767	81.61058	-1097.13538	-44.74600	676.36164	-1096.97997	1.45881	783.53003	-893.69793	-88.75106	461.76675	-1141.15638	188.77705	456.54640	-865.35609	-92.19599	255.54784	-1229.73395	174.36728	231.25123	
164	1.630	-940.82948	28.44750	922.66217	-1066.66119	15.17730	975.86614	-1027.38059	117.91009	638.14091	-958.26828	-45.55419	630.92506	-1108.44510	21.73958	678.93218	-1078.20796	74.64473	348.97035	-1144.22810	119.52747	328.87690	-1294.17822	100.33222	96.31561	-1276.52838	33.81664	115.47596	-1311.75133	60.85614	143.58208	-1248.88920	66.69490	72.03974	-864.47216	54.71454	398.14453	-874.19557	-9.71678	351.20056	-894.71722	-58.79282	88.11221	-931.31780	0.82596	89.38361	-950.88746	-46.02193	113.40614	-866.60031	-10.47487	78.05921	-1084.41509	-43.18930	674.13238	-1084.19170	2.61912	780.38391	-882.86262	-87.40842	457.12654	-1127.55003	189.51190	452.73042	-857.05542	-90.40334	250.26714	-1218.24393	175.10519	229.86696	
165	1.640	-928.98466	27.80045	920.60283	-1055.11572	14.19950	973.38258	-1013.88679	118.69465	634.43298	-945.72986	-44.95275	629.30620	-1095.66760	23.66216	675.98979	-1062.61871	75.90062	344.26754	-1129.15571	120.26838	324.79005	-1287.32139	101.13487	98.80743	-1269.73315	34.46102	117.27178	-1303.08675	62.05874	146.96654	-1243.93452	66.95649	72.42493	-855.49960	55.13491	393.30328	-865.96394	-9.35629	346.61327	-890.31813	-57.70947	83.89341	-926.73052	2.02492	86.10455	-946.13241	-44.97496	109.72194	-862.10044	-9.22573	74.97848	-1071.86890	-41.47250	672.41563	-1071.27878	4.00838	777.46552	-872.72340	-86.94368	452.78656	-1113.23565	190.12730	448.80797	-850.30679	-89.52250	245.34536	-1205.56218	175.90769	228.43642	
166	1.650	-917.16026	27.33904	918.85435	-1043.58927	13.46753	971.25206	-1000.31039	119.23728	630.79420	-933.47487	-44.72117	628.24545	-1083.00165	25.72303	673.43388	-1046.22167	77.00025	339.70688	-1113.18885	120.94394	320.70439	-1279.18708	102.11776	101.53351	-1261.75305	35.27138	119.21587	-1293.14724	63.43023	150.48270	-1237.81398	67.42419	73.05049	-846.92204	54.52426	388.97266	-858.45732	-9.88957	342.55743	-887.71547	-57.37180	80.36286	-923.78172	2.58622	83.59187	-943.00949	-44.52378	106.89718	-859.33982	-8.78999	72.43780	-1059.56175	-39.64859	671.32489	-1058.31768	5.60425	774.90966	-863.32448	-87.37163	448.93951	-1098.26120	190.58948	444.95774	-844.88831	-89.53580	240.92879	-1191.73097	176.75577	227.10506	
167	1.660	-905.39057	27.09787	917.51078	-1032.10114	13.06285	969.58736	-986.71907	119.48905	627.38875	-921.56204	-44.90060	627.83479	-1070.48853	27.85020	671.41126	-1029.13370	77.87846	335.52209	-1096.42423	121.52480	316.83090	-1269.70237	103.29547	104.51386	-1252.48412	36.26226	121.30867	-1281.90949	64.93747	154.10129	-1230.36694	68.16014	73.98008	-838.89469	52.91557	385.30271	-851.74036	-11.30437	339.18853	-886.44666	-57.67617	77.55753	-922.10450	2.55912	81.85011	-941.13459	-44.65020	104.90737	-857.90934	-9.03855	70.46136	-1047.53874	-37.78377	670.95593	-1045.38831	7.37050	772.84977	-854.70036	-88.67168	445.74059	-1082.69220	190.87116	441.38198	-840.58619	-90.39177	237.11153	-1176.82397	177.62697	226.04518	
168	1.670	-893.70633	27.10433	916.66172	-1020.66703	13.05580	968.49102	-973.17439	119.41252	624.38718	-910.03151	-45.51431	628.13849	-1058.15386	29.96231	670.05659	-1011.47859	78.48121	331.95533	-1078.96933	121.98718	313.39200	-1258.82573	104.67536	107.76049	-1241.84141	37.44229	123.54080	-1269.38267	66.53491	157.78505	-1221.44840	69.22295	75.26945	-831.57186	50.37309	382.38120	-845.88474	-13.56525	336.60623	-886.07974	-58.48483	75.46074	-921.33836	2.03281	80.83902	-940.14712	-45.28902	103.67630	-857.41341	-9.81241	69.03287	-1035.82365	-35.95329	671.37804	-1032.56875	9.25793	771.40794	-846.87452	-90.79110	443.29559	-1066.60960	190.95434	438.29206	-837.22287	-92.01387	233.93655	-1160.94246	178.49741	225.44131	
169	1.680	-882.13232	27.37638	916.38455	-1009.29780	13.49927	968.04700	-959.72887	118.98482	621.95299	-898.90412	-46.56611	629.18769	-1046.00841	31.97504	669.48025	-993.37881	78.77253	329.23691	-1060.93608	122.31574	310.60372	-1246.54726	106.25419	111.27132	-1229.76297	38.81205	125.89079	-1255.60396	68.16668	161.48732	-1210.93801	70.66044	76.95901	-825.08857	46.98879	380.23575	-840.95834	-16.61348	334.85340	-886.24866	-59.64345	74.01442	-921.15547	1.12557	80.48407	-939.73858	-46.33556	103.09229	-857.49957	-10.94226	68.10484	-1024.41996	-34.23525	672.62703	-1019.93006	11.20684	770.68488	-839.85940	-93.65058	441.65507	-1050.10569	190.83229	435.89151	-834.67378	-94.30848	231.40416	-1144.20846	179.34377	225.47146	
170	1.690	-870.68548	27.92088	916.73686	-997.99879	14.42342	968.31325	-946.42367	118.19923	620.22883	-888.18286	-48.04085	630.97812	-1034.05057	33.80884	669.75756	-974.94794	78.73976	327.56508	-1042.43406	122.50580	308.65741	-1232.88539	108.01584	115.02495	-1216.21278	40.36247	128.32451	-1240.63122	69.77097	165.15188	-1198.74800	72.50227	79.06749	-819.54551	42.87735	378.84335	-837.01366	-20.36740	333.92173	-886.67224	-60.99734	73.13599	-921.27854	-0.02824	80.69016	-939.66791	-47.65777	103.02793	-857.87782	-12.26574	67.61044	-1013.31441	-32.70311	674.70093	-1007.53170	13.15083	770.75117	-833.65686	-97.15093	440.81516	-1033.27800	190.51076	434.35836	-832.86986	-97.17111	229.48470	-1126.75473	180.14532	226.28625	
171	1.700	-859.37382	28.73242	917.74981	-986.76957	15.83230	969.31585	-933.28687	117.06514	619.32365	-877.85594	-49.90658	633.47087	-1022.26980	35.39705	670.92073	-956.28425	78.39608	327.08855	-1023.56397	122.56444	307.70328	-1217.88094	109.93104	118.97748	-1201.18258	42.07430	130.79692	-1224.53432	71.28652	168.71464	-1184.82926	74.75360	81.58794	-814.99848	38.17016	378.14437	-834.07674	-24.72381	333.76201	-887.15673	-62.40486	72.73566	-921.48915	-1.29194	81.35591	-939.76337	-49.11091	103.35936	-858.32848	-13.64072	67.47511	-1002.48210	-31.41786	677.55872	-995.41819	15.02188	771.64056	-828.25778	-101.17986	440.72460	-1016.22208	190.00835	433.82901	-831.78664	-100.49107	228.13184	-1108.71288	180.88587	227.98906	
172	1.710	-848.19601	29.79292	919.42323	-975.60441	17.70260	971.04542	-920.33285	115.60667	619.30256	-867.90102	-52.11788	636.59597	-1010.65039	36.69305	672.95427	-937.46609	77.78008	327.89388	-1004.41163	122.51042	307.83768	-1201.58978	111.95949	123.06223	-1184.69250	43.91921	133.25599	-1207.38677	72.66063	172.10746	-1169.17467	77.39132	84.48651	-811.45249	33.00809	378.05750	-832.13788	-29.56128	334.29656	-887.58527	-63.74736	72.73047	-921.62746	-2.53932	82.38593	-939.91379	-50.55312	103.98142	-858.69993	-14.95403	67.62630	-991.89223	-30.42108	681.12214	-983.61738	16.75599	773.34613	-823.64052	-105.61825	441.29637	-999.02397	189.35604	434.38549	-831.42392	-104.15496	227.29314	-1090.20101	181.55541	230.62063	
173	1.720	-837.14210	31.07193	921.72304	-964.49328	19.98478	973.45618	-907.56289	113.86011	620.18034	-858.28979	-54.61964	640.25786	-999.17511	37.67540	675.79449	-918.54921	76.95214	329.99931	-985.04331	122.37291	309.09550	-1184.07566	114.05423	127.19289	-1166.79021	45.86216	135.64839	-1189.25925	73.85714	175.26376	-1151.81918	80.36376	87.70442	-808.86025	27.53376	378.49258	-831.14564	-34.74556	335.43114	-887.89945	-64.93541	73.05278	-921.58576	-3.66538	83.69925	-940.05323	-51.85972	104.81652	-858.89892	-16.12580	67.99997	-981.51361	-29.72996	685.28011	-972.14026	18.29881	775.81958	-819.76851	-110.34550	442.42146	-981.75349	188.59559	436.04783	-831.78187	-108.05011	226.91658	-1071.31273	182.15161	234.15093	
174	1.730	-826.19494	32.52783	924.58140	-953.42333	22.60655	976.46785	-894.96678	111.87080	621.91948	-848.99219	-57.35095	644.34206	-987.82808	38.35017	679.33283	-899.56629	75.98828	333.35537	-965.50292	122.18902	311.44865	-1165.40420	116.16731	131.26969	-1147.54835	47.86498	137.92545	-1170.21561	74.86276	178.12479	-1132.83642	83.59424	91.16254	-807.12460	21.88376	379.35931	-831.00525	-40.13681	337.06458	-888.07851	-65.91179	73.65256	-921.29858	-4.59388	85.23295	-940.14390	-52.93454	105.81654	-858.87701	-17.11000	68.54347	-971.31904	-29.33494	689.89535	-960.98239	19.61055	778.97376	-816.58803	-115.24406	443.98233	-964.45951	187.77705	438.77227	-832.83950	-112.06811	226.95269	-1052.10930	182.68077	238.48011	
175	1.740	-815.33240	34.10987	927.89955	-942.38069	25.47819	979.97011	-882.52546	109.68952	624.43261	-839.97978	-60.24860	648.72214	-976.59672	38.75002	683.42259	-880.52873	74.97210	337.85194	-945.81143	122.00041	314.81034	-1145.63876	118.25572	135.18763	-1127.06014	49.89009	140.04827	-1150.31125	75.69008	180.64507	-1112.33215	86.98818	94.76772	-806.10444	16.18185	380.57128	-831.58166	-45.59764	339.09514	-888.12060	-66.65137	74.49436	-920.73212	-5.28129	86.94142	-940.16109	-53.71711	106.95852	-858.61649	-17.89187	69.21541	-961.28813	-29.20043	694.81217	-950.12632	20.66949	782.68803	-814.02732	-120.20322	445.86387	-947.16817	186.95495	442.45559	-834.53949	-116.10856	227.35359	-1032.61595	183.15821	243.44839	
176	1.750	-804.53006	35.76096	931.55319	-931.35229	28.49937	983.82931	-870.21413	107.36908	627.58920	-831.22783	-63.25013	653.26655	-965.47268	38.93044	687.88837	-861.43063	73.98621	343.33018	-925.96895	121.84918	319.04453	-1124.83805	120.28625	138.84512	-1105.43307	51.90415	141.99035	-1129.59327	76.37629	182.79566	-1090.43502	90.44244	98.41999	-805.62387	10.53424	382.04639	-832.70712	-51.00049	341.42391	-888.02893	-67.15830	75.55095	-919.87522	-5.71673	88.79215	-940.08260	-54.18480	108.23641	-858.11824	-18.48299	69.98317	-951.40836	-29.26833	699.86504	-939.54474	21.47365	786.81591	-811.99776	-125.12201	447.96066	-929.88458	186.18380	446.94475	-836.78183	-120.08253	228.07047	-1012.82318	183.60767	248.85337	
177	1.760	-793.76403	37.42112	935.39992	-920.32757	31.56672	987.89670	-858.00558	104.96109	631.22544	-822.71595	-66.29634	657.84471	-954.45171	38.96356	692.53724	-842.25456	73.10400	349.59778	-905.95956	121.77344	323.97907	-1103.05525	122.23850	142.15175	-1082.78125	53.88060	143.73738	-1108.10149	76.97791	184.56423	-1067.28571	93.85569	102.01952	-805.48391	5.02780	383.70507	-834.19192	-56.23309	343.95574	-887.80426	-67.46049	76.79610	-918.73274	-5.91800	90.75960	-939.88368	-54.35005	109.65109	-857.39320	-18.91442	70.81954	-941.67447	-29.46390	704.88711	-929.20375	22.04045	791.19422	-810.39699	-129.91112	450.18032	-912.59784	185.51302	452.05027	-839.42630	-123.91474	229.05107	-992.69258	184.05918	254.47156	
178	1.770	-783.01358	39.03133	939.28800	-909.29985	34.58140	992.01747	-845.87331	102.51352	635.15634	-814.42723	-69.33300	662.33231	-943.53264	38.93060	697.17065	-822.97880	72.38282	356.44517	-885.75848	121.80292	329.42081	-1080.33784	124.10543	145.03360	-1059.21715	55.80107	145.28392	-1085.86968	77.56222	185.95163	-1043.02563	97.13770	105.47247	-805.47620	-0.26838	385.46813	-835.83680	-61.20113	346.59925	-887.44306	-67.60207	78.19844	-917.32171	-5.92430	92.81899	-939.53705	-54.25305	111.20119	-856.45766	-19.22873	71.69926	-932.08639	-29.70323	709.71828	-919.06598	22.40445	795.65297	-809.11330	-134.49367	452.44349	-895.28854	184.98210	457.56175	-842.30205	-127.54399	230.23818	-972.16669	184.54556	260.08071	
179	1.780	-772.26339	40.53758	943.06567	-898.26717	37.45607	996.03982	-833.79385	100.06881	639.18889	-806.34626	-72.31206	666.61556	-932.71576	38.91370	701.59633	-803.58537	71.85889	363.66091	-865.34103	121.95498	335.17069	-1056.72769	125.89164	147.43550	-1034.84368	57.65530	146.62805	-1062.92647	78.19731	186.96568	-1017.78630	100.21648	108.69537	-805.39741	-5.29877	387.25575	-837.44553	-65.82826	349.26651	-886.94034	-67.63429	79.71799	-915.66958	-5.78659	94.94132	-939.01677	-53.95101	112.87650	-855.33202	-19.47161	72.59666	-922.64620	-29.90123	714.21242	-909.09322	22.61356	800.02510	-808.03020	-138.80473	454.68171	-877.93723	184.61645	463.26343	-845.22201	-130.92160	231.56971	-951.18114	185.09741	265.47947	
180	1.790	-761.50495	41.89463	946.59020	-887.23256	40.12051	999.82315	-821.74837	97.66309	643.13490	-798.45619	-75.19191	670.59464	-922.00071	38.98841	705.63928	-784.06803	71.54407	371.04448	-844.69204	122.23132	341.03726	-1032.26102	127.60968	149.32021	-1009.74783	59.43981	147.76487	-1039.29596	78.94245	187.61325	-991.68095	103.04185	111.61773	-805.06309	-10.01583	388.98799	-838.83631	-70.05419	351.87366	-886.29492	-67.60586	81.30603	-913.81368	-5.55705	97.09070	-938.30407	-53.50579	114.65482	-854.04182	-19.68385	73.48456	-913.35440	-29.97934	718.24361	-899.24836	22.72420	804.15537	-807.03023	-142.78997	456.83442	-860.53228	184.42454	468.94818	-847.99947	-134.00850	232.98032	-929.67754	185.73744	270.50163	
181	1.800	-750.73726	43.06928	949.73589	-876.20375	42.52556	1003.24499	-809.72316	95.32604	646.82260	-790.73542	-77.93717	674.18619	-911.38414	39.21727	709.15118	-764.43942	71.42431	378.41538	-823.81466	122.61573	346.84709	-1006.96832	129.27533	150.66498	-983.99686	61.15532	148.68059	-1014.99819	79.84040	187.89237	-964.79913	105.58540	114.18283	-804.31940	-14.37485	390.58733	-839.85105	-73.83218	354.34247	-885.51511	-67.55443	82.90784	-911.80057	-5.27941	99.22451	-937.39311	-52.97188	116.50261	-852.61939	-19.89483	74.33480	-904.20629	-29.87207	721.71103	-889.49669	22.79607	807.90779	-805.99780	-146.40405	458.84649	-843.07540	184.39653	474.42862	-850.46454	-136.77202	234.40439	-907.61505	186.47508	275.02357	
182	1.810	-739.96649	44.04273	952.40048	-865.19232	44.64499	1006.20602	-797.70907	93.08157	650.10591	-783.15453	-80.51788	677.32516	-900.85757	39.64541	712.01755	-744.73646	71.45945	385.61803	-802.73710	123.07302	352.45138	-980.87450	130.90248	151.45678	-957.63795	62.80349	149.34820	-990.05001	80.91262	187.78603	-937.20556	107.83673	116.34706	-803.05148	-18.33120	391.98233	-840.36227	-77.12722	356.60322	-884.62269	-67.50039	84.46785	-909.68449	-4.98182	101.29603	-936.29488	-52.38718	118.37860	-851.10498	-20.11854	75.11996	-895.18858	-29.53179	724.54244	-879.80655	22.88728	811.17111	-804.82106	-149.60959	460.66702	-825.58411	184.50447	479.54493	-852.47843	-139.18363	235.77982	-884.97900	187.30229	278.96458	
183	1.820	-729.20484	44.81190	954.50946	-854.21249	46.47533	1008.63302	-785.70007	90.94884	652.87096	-775.67375	-82.90855	679.96588	-890.40552	40.29823	714.16225	-725.02324	71.58418	392.52240	-781.51650	123.54937	357.72843	-954.00020	132.49850	151.68734	-930.70178	64.38304	149.72582	-964.46705	82.15774	187.25908	-908.94338	109.79711	118.07823	-801.18748	-21.84078	393.11205	-840.27713	-79.91567	358.59820	-883.65373	-67.44463	85.93562	-907.52440	-4.67370	103.25897	-935.03810	-51.76812	120.23935	-849.54607	-20.35264	75.81582	-886.27691	-28.93124	726.69598	-870.14932	23.05009	813.86226	-803.39344	-152.37730	462.24978	-808.09050	184.70373	484.16892	-853.94403	-141.21856	237.05230	-861.78523	188.19143	282.28128	
184	1.830	-718.46876	45.38938	956.01812	-843.27959	48.03374	1010.47985	-773.69117	88.94343	655.03937	-768.24177	-85.08742	682.08246	-880.00420	41.18142	715.54901	-705.39097	71.71022	399.02121	-760.23909	123.97404	362.58243	-926.36496	134.06042	151.34957	-903.21007	65.88604	149.75816	-938.26736	83.55293	186.25917	-880.04225	111.47149	119.35322	-798.69793	-24.86385	393.93013	-839.53839	-82.18653	360.28529	-882.65577	-67.37058	87.27148	-905.37948	-4.34723	105.07290	-933.66628	-51.11055	122.04539	-847.99458	-20.58097	76.40385	-877.43454	-28.06384	728.16012	-860.49892	23.32780	815.92741	-801.61549	-154.68752	463.55525	-790.63714	184.93563	488.20484	-854.81102	-142.85768	238.17921	-838.08016	189.09547	284.95791	
185	1.840	-707.77657	45.80230	956.91139	-832.40850	49.35444	1011.72637	-761.67601	87.07818	656.56841	-760.79598	-87.03624	683.66840	-869.62100	42.28298	716.17973	-685.95449	71.72978	405.02456	-739.01668	124.26270	366.93931	-897.99315	135.57232	150.43585	-875.18683	67.29449	149.38082	-911.47735	85.05724	184.72181	-850.53048	112.86039	120.15569	-795.59046	-27.37115	394.40766	-838.12223	-83.94375	361.64069	-881.68145	-67.25046	88.45067	-903.30383	-3.98296	106.70826	-932.23150	-50.39579	123.76659	-846.50201	-20.77888	76.87321	-868.61243	-26.94189	728.95164	-850.83109	23.75288	817.34115	-799.39705	-156.53274	464.55356	-773.27089	185.13072	491.58751	-855.07478	-144.09121	239.13265	-813.93723	189.95043	286.99504	
186	1.850	-697.14591	46.09002	957.20158	-821.61205	50.48403	1012.37593	-749.64460	85.36347	657.44838	-753.26441	-88.74076	684.73520	-859.21482	43.57684	716.09014	-666.84576	71.52068	410.45376	-717.97984	124.32203	370.74094	-868.92307	137.00386	148.93887	-846.67226	68.57790	148.52697	-884.14011	86.61595	182.57909	-820.45039	113.95304	120.47410	-791.90058	-29.35067	394.53428	-836.03280	-85.20856	362.65989	-880.77990	-67.05429	89.46516	-901.34067	-3.55847	108.15007	-930.78571	-49.60074	125.38584	-845.11337	-20.92030	77.22152	-859.75083	-25.59310	729.11176	-841.12232	24.34618	818.10374	-796.65978	-157.92036	465.22745	-756.03610	185.21270	494.27836	-854.76855	-144.92320	239.90098	-789.45129	190.67934	288.39913	
187	1.860	-686.59132	46.30091	956.92458	-810.89969	51.47639	1012.45160	-737.58165	83.80701	657.69781	-745.56918	-90.19197	685.31012	-848.73735	45.02744	715.34292	-648.20475	70.95330	415.23555	-697.26862	124.05575	373.93916	-839.21910	138.30998	146.85444	-817.73795	69.69221	147.13528	-856.32584	88.16471	179.77060	-789.87529	114.72289	120.30051	-787.67955	-30.81325	394.31707	-833.29396	-86.02081	363.35636	-879.98722	-66.75984	90.32285	-899.51711	-3.05787	109.39962	-929.37098	-48.70936	126.90054	-843.86089	-20.98515	77.45437	-850.78227	-24.05619	728.70065	-831.34898	25.11710	818.23716	-793.33949	-158.87481	465.57419	-738.96833	185.10278	496.26040	-853.94991	-145.37563	240.48832	-764.73293	191.19730	289.17505	
188	1.870	-676.12195	46.48864	956.13479	-800.27632	52.38772	1011.99175	-725.46579	82.41294	657.35729	-737.63120	-91.38779	685.43284	-838.13539	46.59439	714.01953	-630.16863	69.89961	419.29841	-677.02192	123.37163	376.49078	-808.98604	139.43183	144.18570	-788.50150	70.58051	145.15810	-828.14335	89.63299	176.25492	-758.92580	115.12670	119.63023	-782.98100	-31.79561	393.77720	-829.93910	-86.43839	363.75777	-879.31817	-66.36115	91.04454	-897.83991	-2.47998	110.47368	-928.01038	-47.72305	128.32178	-842.75858	-20.96542	77.58336	-841.63564	-22.37616	727.79076	-821.48653	26.06441	817.78028	-789.38786	-159.43796	465.60574	-722.08985	184.72456	497.53295	-852.68348	-145.49066	240.91195	-739.90459	191.41684	289.32251	
189	1.880	-665.74000	46.70815	954.89954	-789.74166	53.27212	1011.04540	-713.27014	81.18083	656.48288	-729.37535	-92.33487	685.15136	-827.35399	48.23661	712.21145	-612.86059	68.24390	422.57157	-657.36711	122.18937	378.35492	-778.38369	140.29919	140.94736	-759.13846	71.17584	142.56860	-799.75108	90.94647	172.01976	-727.78343	115.10739	118.46230	-777.84775	-32.35990	392.94478	-826.00032	-86.53419	363.90015	-878.76033	-65.87369	91.65928	-896.29284	-1.84336	111.40177	-926.70088	-46.66713	129.67175	-841.79888	-20.86867	77.62314	-832.24105	-20.60015	726.45986	-811.50912	27.17731	816.78388	-784.77294	-159.66768	465.34673	-705.40761	184.00921	498.10694	-851.02308	-145.33010	241.19783	-715.09950	191.25364	288.83677	
190	1.890	-655.43979	47.01165	953.29345	-779.28990	54.17803	1009.66788	-700.96409	80.10482	655.14001	-720.73565	-93.04984	684.51740	-816.34041	49.91526	710.01211	-596.37958	65.89496	424.98745	-638.41121	120.44890	379.49311	-747.63936	140.83479	137.16910	-729.88921	71.40638	139.36603	-771.36558	92.02910	167.08903	-696.69873	114.60112	116.80085	-772.30098	-32.58969	391.85269	-821.49867	-86.39097	363.82083	-878.27194	-65.33515	92.19913	-894.83584	-1.18689	112.22169	-925.40944	-45.59196	130.97994	-840.95172	-20.71831	77.58800	-822.53487	-18.77426	724.78436	-801.38952	28.43656	815.30592	-779.47843	-159.63422	464.83047	-688.91420	182.90122	498.00141	-848.99658	-144.97181	241.37487	-690.46397	190.63248	287.71284	
191	1.900	-645.20759	47.44493	951.39321	-768.90990	55.14579	1007.91708	-688.51654	79.17342	653.39851	-711.65944	-93.55953	683.58165	-805.04859	51.59515	707.51052	-580.79227	62.79851	426.48716	-620.23501	118.11855	379.87239	-717.05502	140.96083	132.89710	-701.05893	71.20303	135.57857	-743.26514	92.80561	161.52577	-665.99213	113.54774	114.65699	-766.33304	-32.58310	390.53027	-816.43703	-86.09447	363.55140	-877.78368	-64.80126	92.69433	-893.40614	-0.56570	112.97436	-924.07262	-44.56815	132.27895	-840.16640	-20.55056	77.48861	-812.46433	-16.94193	722.83397	-791.09967	29.81535	813.40772	-773.50166	-159.41493	464.09358	-672.59201	181.36426	497.24179	-846.59630	-144.50311	241.46901	-666.16186	189.49385	285.95159	
192	1.910	-635.02236	48.04429	949.27337	-758.58582	56.20605	1005.85063	-675.90016	78.37033	651.32941	-702.11029	-93.89991	682.38946	-793.44369	53.24454	704.78737	-566.12843	58.94887	427.02825	-602.89107	115.20260	379.47079	-687.00642	140.60814	128.19373	-673.00903	70.50902	131.26373	-715.78646	93.20570	155.43058	-636.04575	111.90378	112.05118	-759.90508	-32.44392	388.99789	-810.79658	-85.72607	363.11168	-877.20376	-64.33780	93.16973	-891.92099	-0.04335	113.69885	-922.59958	-43.67666	133.60061	-839.37571	-20.40875	77.32974	-801.99145	-15.14370	720.66820	-780.61162	31.28000	811.15123	-766.85060	-159.08794	463.17032	-656.42033	179.38720	495.86004	-843.77693	-144.01216	241.49817	-642.37980	187.80142	283.56626	
193	1.920	-624.85720	48.83400	947.00329	-748.29807	57.37909	1003.52426	-663.09625	77.67640	649.00356	-692.06904	-94.11334	680.97746	-781.50643	54.83372	701.91389	-552.38032	54.39840	426.59363	-586.40596	111.74748	378.28446	-657.93173	139.72753	123.13557	-646.13987	69.29100	126.50638	-689.31290	93.17088	148.93613	-607.28604	109.65618	109.01594	-752.94960	-32.27232	387.26348	-804.53756	-85.35580	362.50602	-876.42557	-64.01006	93.64300	-890.28188	0.31843	114.42819	-920.87792	-42.99583	134.97302	-838.50169	-20.33625	77.10935	-791.09563	-13.41838	718.33528	-769.89896	32.79033	808.59773	-759.54034	-158.72567	462.08755	-640.38496	176.98977	493.89664	-840.46075	-143.57875	241.46915	-619.33051	185.55038	280.58785	
194	1.930	-614.68143	49.82467	944.64549	-738.02474	58.67467	1000.99132	-650.09978	77.07258	646.49189	-681.53332	-94.24465	679.37152	-769.23657	56.33267	698.95345	-539.50661	49.26308	425.20006	-570.78641	107.84571	376.33501	-630.30885	138.30252	117.81067	-620.86557	67.55039	121.41516	-664.25380	92.66406	142.19870	-580.15784	106.83481	105.59835	-745.37750	-32.15629	385.32139	-797.60377	-85.03702	361.72235	-875.33626	-63.87194	94.12494	-888.37950	0.47024	115.18685	-918.78104	-42.58771	136.41874	-837.46198	-20.36927	76.81944	-779.77497	-11.80490	715.87348	-758.93869	34.30003	805.80777	-751.58957	-158.38892	460.86133	-624.48911	174.22721	491.40379	-836.54896	-143.26578	241.37707	-597.25169	182.77603	277.06842	
195	1.940	-604.46308	51.01243	942.25539	-727.74308	60.09220	998.30327	-636.92379	76.54358	643.86691	-670.51563	-94.33615	677.58647	-756.65526	57.70878	695.96535	-527.44028	43.72310	422.90482	-556.02838	103.63680	373.67590	-604.62204	136.36161	112.31597	-597.58327	65.33335	116.11766	-641.01577	91.68128	135.38858	-555.09210	103.52135	101.86226	-737.08817	-32.16505	383.15420	-789.92980	-84.80319	360.73443	-873.82496	-63.95668	94.62162	-886.09910	0.38400	115.98997	-916.17624	-42.48644	137.95438	-836.17541	-20.53118	76.44875	-768.04611	-10.34433	713.31447	-747.71328	35.75724	802.84228	-743.01750	-158.12236	459.49579	-608.76425	171.19321	488.44933	-831.93612	-143.11290	241.20761	-576.39824	179.56144	273.08223	
196	1.950	-594.17160	52.37890	939.88225	-717.43118	61.62100	995.51111	-623.60239	76.08158	641.20460	-659.04073	-94.42251	675.62758	-743.80573	58.92511	693.00957	-516.09994	38.01721	419.80903	-542.12746	99.30422	370.39644	-581.32081	133.98762	106.75533	-576.64022	62.73737	110.75494	-619.96866	90.26376	128.68030	-532.47059	99.85232	97.88929	-727.98120	-32.34487	380.73718	-781.44974	-84.66730	359.50684	-871.78945	-64.27096	95.13810	-883.32565	0.05865	116.84448	-912.93236	-42.69070	139.59134	-834.56611	-20.82916	75.98690	-755.94298	-9.08113	710.68813	-736.21286	37.10551	799.76436	-733.84147	-157.95190	457.98453	-593.27881	168.01999	485.12009	-826.52478	-143.13329	240.94175	-557.02703	176.04197	268.72501	
197	1.960	-583.78045	53.89211	937.57092	-707.06954	63.24048	992.66715	-610.19195	75.68924	638.58589	-647.14289	-94.52609	673.49389	-730.75206	59.94009	690.15150	-505.40310	32.43044	416.05667	-529.08866	95.06769	366.62236	-560.77595	131.32125	101.23819	-558.30284	59.91231	105.47556	-601.41025	88.50754	122.24401	-512.59191	96.01469	93.77812	-717.96775	-32.71780	378.04499	-772.10545	-84.62347	358.00223	-869.14057	-64.79334	95.68293	-879.94857	-0.47837	117.75190	-908.92647	-43.16182	141.33773	-832.56535	-21.25397	75.42974	-743.51446	-8.06307	708.02770	-724.43724	38.28557	796.64112	-724.07550	-157.88409	456.31446	-578.14272	164.87458	481.52411	-820.23727	-143.31394	240.56217	-539.37500	172.40448	264.11192	
198	1.970	-573.26934	55.50806	935.36408	-696.64247	64.92037	989.82686	-596.76961	75.38144	636.09708	-634.86352	-94.65348	671.18290	-717.57594	60.70898	687.46507	-495.27984	27.27534	411.82876	-516.93379	91.17055	362.51240	-543.23895	128.55645	95.87798	-542.73203	57.05416	100.42900	-585.53501	86.56710	116.23782	-495.64321	92.23319	89.64138	-706.98015	-33.28261	375.05979	-761.85336	-84.65056	356.18965	-865.80401	-65.47731	96.27284	-875.86573	-1.17403	118.71224	-904.04946	-43.82753	143.20088	-830.11087	-21.78269	74.78491	-730.82149	-7.33938	705.37439	-712.39754	39.23789	793.54520	-713.72955	-157.90758	454.47157	-563.50588	161.95038	477.79042	-813.02267	-143.61934	240.06040	-523.63391	168.87893	259.37411	
199	1.980	-562.62598	57.17305	933.30429	-686.13913	66.62100	987.05022	-583.42931	75.18509	633.82839	-622.24963	-94.79405	668.69615	-704.37158	61.18734	685.03358	-485.68478	22.86782	407.33271	-505.70491	87.86258	358.25038	-528.81204	125.92594	90.78913	-529.96825	54.39046	95.75825	-572.41214	84.64972	110.80094	-481.68205	88.75019	85.59982	-694.97872	-34.01755	371.77977	-750.66870	-84.71673	354.05286	-861.71996	-66.25820	96.93667	-870.98665	-1.95657	119.72844	-898.21039	-44.59092	145.19005	-827.14419	-22.38381	74.07690	-717.93366	-6.95677	702.78027	-700.11719	39.90621	790.55518	-702.80934	-157.99625	452.44774	-549.54960	159.45361	474.06591	-804.85838	-143.99767	239.44340	-509.92669	165.72181	254.65351	
200	1.990	-551.84704	58.82657	931.43548	-675.55420	68.29392	984.40213	-570.27523	75.13698	631.87061	-609.35315	-94.92054	666.04495	-691.23897	61.33609	682.94727	-476.60570	19.49947	402.78758	-495.46318	85.37913	354.03334	-517.43486	123.67739	86.08163	-519.92874	52.15820	91.59164	-561.97764	82.99838	106.04692	-470.63133	85.80039	81.77409	-681.95505	-34.88405	368.22676	-738.54697	-84.78439	351.59745	-856.84108	-67.06278	97.71774	-865.23506	-2.74503	120.81032	-891.34006	-45.34289	147.31878	-823.60632	-23.02370	73.35052	-704.92571	-6.95397	700.30901	-687.63204	40.24170	787.75464	-691.31651	-158.11336	450.24740	-536.47118	157.58543	470.50876	-795.74685	-144.38865	238.73859	-498.29111	163.19208	250.09511	
201	2.000	-540.93826	60.40465	929.80336	-664.88799	69.88302	981.95160	-557.41328	75.27957	630.30981	-596.23092	-94.99213	663.25524	-678.27621	61.12781	681.29802	-468.06687	17.40918	398.40677	-486.28318	83.91876	350.05651	-508.89204	122.04285	81.85328	-512.41753	50.57618	88.03404	-554.04261	81.86335	102.05678	-462.28865	83.58387	78.27515	-667.93203	-35.83048	364.45177	-725.50282	-84.81469	348.85552	-851.12955	-67.81990	98.67381	-858.55059	-3.46004	121.97746	-883.39371	-45.97622	149.60625	-819.43306	-23.67312	72.67196	-691.87395	-7.35521	698.03390	-674.98947	40.20759	785.22948	-679.24906	-158.21626	447.89302	-524.46324	156.52120	467.27837	-785.70871	-144.73148	237.99613	-488.67583	161.52274	245.83650	
202	2.010	-529.91383	61.84345	928.45463	-654.14610	71.32653	979.76965	-544.94180	75.65535	629.22072	-582.94504	-94.95938	660.37084	-665.57180	60.55288	680.17151	-460.12626	16.75744	394.38017	-478.24340	83.62185	346.49681	-502.84142	121.20611	78.18047	-507.14673	49.81593	85.15857	-548.31738	81.46566	98.87274	-456.34922	82.24174	75.19462	-652.96082	-36.79566	360.53758	-711.56701	-84.77102	345.88750	-844.55384	-68.47025	99.87410	-850.88970	-4.03404	123.25999	-874.35273	-46.39910	152.07700	-814.55065	-24.31259	72.12678	-678.85289	-8.16397	696.03353	-662.24650	39.78354	783.06376	-666.60231	-158.26094	445.42836	-513.69086	156.38974	464.52261	-774.77446	-144.97207	237.28791	-480.95118	160.89226	241.99581	
203	2.020	-518.79494	63.08290	927.43490	-643.33869	72.55978	977.92576	-532.94247	76.30059	628.65967	-569.56317	-94.77066	657.45440	-653.19772	59.62466	679.63825	-452.86640	17.60667	390.85830	-471.41434	84.55307	343.49715	-498.85891	121.27396	75.10994	-503.76605	49.97594	83.00014	-544.44751	81.95887	96.49408	-452.43884	81.83850	72.59705	-637.11565	-37.71184	356.59745	-696.78236	-84.62127	342.78047	-837.08553	-68.97398	101.39316	-842.22567	-4.41957	124.69691	-864.22492	-46.54628	154.75871	-808.87294	-24.93558	71.81435	-665.93210	-9.35805	694.38541	-649.46693	38.96920	781.33428	-653.37063	-158.20598	442.91885	-504.27003	157.25595	462.36372	-762.97615	-145.06842	236.70284	-474.93355	161.40050	238.66031	
204	2.030	-507.60784	64.07017	926.78545	-632.47936	73.51890	976.48345	-521.47288	77.23927	628.65822	-556.15797	-94.37915	654.58545	-641.20444	58.38218	679.74478	-446.37991	19.91085	387.94078	-465.84566	86.69072	341.15382	-496.49138	122.25707	72.65385	-501.89592	51.06409	81.55226	-542.05502	83.39693	94.87681	-450.15198	82.35415	70.51530	-620.48727	-38.50738	352.76997	-681.19942	-84.33897	339.64324	-828.69646	-69.31499	103.30190	-832.54747	-4.59451	126.33196	-853.04276	-46.38638	157.67786	-802.30063	-25.54894	71.83901	-653.17368	-10.88745	693.15865	-636.71783	37.78638	780.10468	-639.54995	-158.01560	440.44893	-496.25142	159.10999	460.88504	-750.34072	-144.99383	236.33894	-470.41756	163.05317	235.87863	
205	2.040	-496.38164	64.76272	926.53944	-621.58381	74.14518	975.49541	-510.56183	78.47847	629.21861	-542.80574	-93.74936	651.85575	-629.61846	56.88963	680.50667	-440.75161	23.51652	385.67118	-461.55400	89.92486	339.50931	-495.30756	124.06457	70.78984	-501.15937	52.99219	80.76850	-540.77707	85.71620	93.93873	-449.08875	83.68697	68.94989	-603.17593	-39.10958	349.21034	-664.87281	-83.90343	336.59871	-819.35648	-69.50139	105.65665	-821.85743	-4.56353	128.20702	-840.85913	-45.92460	160.85371	-794.72309	-26.17072	72.29882	-640.63030	-12.67567	692.40661	-624.06565	36.27914	779.41966	-625.14121	-157.66179	438.11657	-489.61207	161.86533	460.12103	-736.88580	-144.73791	236.29276	-467.20760	165.75756	233.65881	
206	2.050	-485.14594	65.13063	926.71784	-610.66845	74.38957	974.99866	-500.20815	80.00582	630.31206	-529.58363	-92.86224	649.36214	-618.44283	55.23207	681.90446	-436.04007	28.17601	384.03904	-458.51267	94.06521	338.55193	-494.93721	126.51393	69.46669	-501.20833	55.58406	80.56872	-540.29538	88.73647	93.56995	-448.88550	85.66679	67.87220	-585.28479	-39.44826	346.07911	-647.85846	-83.29953	333.77451	-809.03185	-69.56253	108.48795	-810.16787	-4.35591	130.35438	-827.74067	-45.20068	164.29128	-786.02292	-26.82560	73.27310	-628.34398	-14.62495	692.16057	-611.57245	34.51161	779.30047	-610.15414	-157.12542	436.02571	-484.25641	165.36647	460.05272	-722.61820	-144.30548	236.64780	-465.13976	169.33060	231.97278	
207	2.060	-473.92877	65.15811	927.32595	-599.74912	74.21712	975.01067	-490.38303	81.78957	631.88019	-516.56577	-91.71807	647.19785	-607.66037	53.50770	683.88328	-432.26146	33.57188	382.98856	-456.64453	98.85845	338.22220	-495.09312	129.35471	68.61396	-501.74165	58.59666	80.84943	-540.35229	92.18225	93.64738	-449.23525	88.07635	67.23069	-566.91424	-39.46014	343.52958	-630.21226	-82.51752	331.29299	-797.68461	-69.54305	111.79081	-797.49711	-4.02022	132.78868	-813.75916	-44.28269	167.97468	-776.08272	-27.53911	74.81073	-616.34566	-16.62501	692.42542	-599.29258	32.56362	779.74216	-594.61094	-156.39671	434.27775	-480.02611	169.40522	460.61002	-707.53519	-143.71404	237.46356	-464.08831	173.51834	230.76562	
208	2.070	-462.75484	64.84397	928.35085	-588.83995	73.61044	975.52674	-481.03561	83.78136	633.83973	-503.81858	-90.33653	645.44341	-597.23907	51.81761	686.35616	-429.37834	39.34981	382.43209	-455.81909	104.01301	338.42474	-495.57446	132.30213	68.15354	-502.51403	61.75083	81.49652	-540.75323	95.72088	94.05054	-449.89678	90.67761	66.95877	-548.15774	-39.09416	341.69570	-611.98966	-81.55324	329.26204	-785.27330	-69.49545	115.51856	-783.86519	-3.61692	135.50026	-798.98243	-43.25776	171.86214	-764.79336	-28.33178	76.92109	-604.65537	-18.56418	693.17796	-587.27016	30.52448	780.71312	-578.54913	-155.47521	432.96305	-476.71644	173.74314	461.68079	-691.62799	-142.99033	238.76710	-463.95611	178.02426	229.96722	
209	2.080	-451.64437	64.20100	929.76033	-577.95259	72.57193	976.51917	-472.10061	85.92118	636.08986	-491.39584	-88.75420	644.15834	-587.13847	50.25464	689.21057	-427.29521	45.15584	382.26560	-455.85476	109.22834	339.04328	-496.25473	135.07515	68.01025	-503.33672	64.76717	82.39824	-541.35804	99.01057	94.67552	-450.69336	93.23949	66.98296	-529.09908	-38.31691	340.68179	-593.24614	-80.40872	327.76762	-771.75487	-69.47224	119.58180	-769.29027	-3.21011	138.45110	-783.46611	-42.22112	175.88396	-752.06258	-29.21425	79.56933	-593.28275	-20.34118	694.36785	-575.53762	28.48567	782.15710	-562.02273	-154.36973	432.15374	-474.09633	178.13668	463.12543	-674.88665	-142.16651	240.54862	-464.65346	182.54255	229.50345	
210	2.090	-440.61242	63.25441	931.50341	-567.09575	71.12436	977.93837	-463.50684	88.14365	638.52102	-479.33430	-87.01964	643.37490	-577.31611	48.89309	692.31726	-425.86180	50.67263	382.38313	-456.52691	114.22488	339.95595	-497.06011	137.43291	68.11942	-504.07254	67.40113	83.45605	-542.06611	101.74991	95.44434	-451.50385	95.56314	67.23014	-509.81108	-37.11767	340.55539	-574.03785	-79.09333	326.86902	-757.08801	-69.51892	123.85310	-753.78595	-2.85954	141.57431	-767.24796	-41.26499	179.94416	-737.82270	-30.18436	82.67710	-582.22788	-21.87577	695.92137	-564.11523	26.53346	783.99728	-545.10137	-153.09805	431.89856	-471.92884	182.36160	464.79439	-657.30570	-141.27668	242.76218	-466.07354	186.79170	229.30505	
211	2.100	-429.66882	62.03937	933.51263	-556.27515	69.30944	979.71576	-455.18522	90.38481	641.02420	-467.65049	-85.18727	643.09462	-567.73267	47.78091	695.54018	-424.88374	55.64981	382.68797	-457.58174	118.77080	341.04842	-497.94502	139.20416	68.43039	-504.62756	69.47227	84.59200	-542.80018	103.72000	96.30830	-452.24978	97.50169	67.63301	-490.35539	-35.51169	341.34395	-554.42203	-77.62483	326.59705	-741.23736	-69.66879	128.17713	-737.36013	-2.61405	144.77760	-750.34571	-40.46868	183.92604	-722.03609	-31.22673	86.12885	-571.48217	-23.11651	697.74714	-553.01152	24.74204	786.14200	-527.86693	-151.68654	432.22028	-469.98956	186.23341	466.54576	-638.88957	-140.35382	245.33129	-468.07277	190.54398	229.31329	
212	2.110	-418.81842	60.59795	935.70762	-545.49369	67.18478	981.76821	-447.07490	92.58813	643.49939	-456.33951	-83.31072	643.28816	-558.35539	46.93578	698.74639	-424.13947	59.92399	383.09923	-458.75475	122.70192	342.22314	-498.87064	140.30527	68.90606	-504.94218	70.88312	85.75176	-543.49309	104.81245	97.24542	-452.88163	98.97206	68.13353	-470.78305	-33.54116	343.03543	-534.45687	-76.03008	326.95513	-724.17824	-69.93992	132.38496	-720.01530	-2.50706	147.95020	-732.75861	-39.89086	187.70108	-704.69792	-32.31480	89.78301	-561.02924	-24.04457	699.74328	-542.22438	23.16832	788.49137	-510.40794	-150.16934	433.11584	-468.08120	189.62157	468.25981	-619.65725	-139.42763	248.15873	-470.46254	193.64690	229.48233	
213	2.120	-408.06180	58.97583	937.99992	-534.75193	64.81929	984.00354	-439.12711	94.70908	645.86221	-445.37582	-81.43713	643.89828	-549.15929	46.34523	701.81484	-423.40101	63.42616	383.55391	-459.79169	125.93233	343.40421	-499.79078	140.74471	69.51959	-504.98323	71.62545	86.90369	-544.08016	105.03872	98.25348	-453.36723	99.95783	68.68447	-451.13558	-31.27329	345.58248	-514.20075	-74.34492	327.92275	-705.90117	-70.33455	136.31040	-701.74992	-2.55438	150.97242	-714.47209	-39.56470	191.13981	-685.83563	-33.41501	93.48646	-550.84594	-24.67305	701.80508	-531.74261	21.84854	790.94398	-492.81237	-148.58676	434.55898	-466.04348	192.45608	469.84866	-599.64546	-138.52327	251.13882	-473.01474	196.03422	229.77881	
214	2.130	-397.39594	57.21899	940.29825	-524.04861	62.28763	986.32641	-431.30611	96.71764	648.04821	-434.71628	-79.60286	644.84550	-540.12633	45.97087	704.64340	-422.45583	66.17628	384.00559	-460.46919	128.45473	344.53818	-500.64667	140.61378	70.24982	-504.73792	71.77339	88.03476	-544.49772	104.52039	99.34087	-453.68365	100.50320	69.24940	-431.44645	-28.79534	348.90927	-493.71098	-72.61285	329.46061	-686.41547	-70.84063	139.80617	-682.56058	-2.75446	153.72634	-695.46436	-39.49611	194.12326	-665.50569	-34.49245	97.09008	-540.90345	-25.04225	703.83222	-521.54753	20.79712	793.40313	-475.16000	-146.98283	436.50491	-463.75814	194.72633	471.25984	-578.91020	-137.66092	254.17009	-475.47992	197.72507	230.17926	
215	2.140	-386.81508	55.37069	942.51385	-513.38115	59.66440	988.64410	-423.58782	98.59862	650.01451	-424.30490	-77.83149	646.03538	-531.24315	45.75558	707.15343	-421.12657	68.26712	384.42111	-460.61198	130.33109	345.59188	-501.37003	140.06602	71.07688	-504.20972	71.46553	89.14481	-544.68696	103.46291	100.51759	-453.81319	100.69976	69.80173	-411.74288	-26.20726	352.92006	-473.04254	-70.88247	331.51651	-665.75134	-71.43516	142.75740	-662.44421	-3.09065	156.10618	-675.71340	-39.66511	196.55320	-643.78812	-35.51679	100.46332	-531.16866	-25.21199	705.73493	-511.61462	20.00751	795.78195	-457.51584	-145.40195	438.89621	-461.14933	196.47320	472.47429	-557.52622	-136.85604	257.16645	-477.61356	198.81197	230.66633	
216	2.150	-376.31134	53.46914	944.56554	-502.74616	57.01860	990.87156	-415.95661	100.34993	651.73904	-414.07865	-76.13399	647.36679	-522.49802	45.63248	709.29196	-419.28596	69.84093	384.77672	-460.10454	131.67568	346.54851	-501.89214	139.28940	71.97921	-503.41566	70.87951	90.24049	-544.60059	102.11864	101.78821	-453.74266	100.66843	70.32324	-392.04802	-23.61259	357.50819	-452.24705	-69.20378	334.03116	-643.95961	-72.08873	145.09076	-641.40028	-3.53526	158.02690	-655.20297	-40.03025	198.35970	-620.77976	-36.46758	103.50554	-521.60570	-25.25223	707.43836	-501.91501	19.45485	798.00714	-439.92619	-143.88504	441.66917	-458.18012	197.77624	473.49985	-535.58445	-136.12015	260.06497	-479.20462	199.44000	231.22484	
217	2.160	-365.87530	51.54578	946.38373	-492.13968	54.40902	992.93534	-408.40114	101.97938	653.21775	-403.97355	-74.51082	648.73975	-513.87766	45.53410	711.03140	-416.86491	71.06331	385.05486	-458.89565	132.63373	347.40316	-502.15518	138.47637	72.93233	-502.38431	70.20377	91.32988	-544.20988	100.74638	103.14792	-453.46492	100.53984	70.80255	-372.38368	-21.10913	362.56454	-431.37265	-67.62375	336.94315	-621.10921	-72.77065	146.77795	-619.43262	-4.05454	159.43004	-633.92672	-40.53535	199.50510	-596.58719	-37.33779	106.15277	-512.17753	-25.23369	708.88510	-492.41664	19.09982	800.02113	-422.41826	-142.46585	444.75936	-454.84614	198.73820	474.36246	-513.18756	-135.46170	262.82955	-480.10015	199.78089	231.83878	
218	2.170	-355.49630	49.62442	947.91347	-481.55735	51.88093	994.77616	-400.91013	103.50067	654.46054	-393.93023	-72.95540	650.06237	-505.36478	45.40042	712.36717	-413.85277	72.09850	385.24198	-456.99555	133.35913	348.15870	-502.12244	137.79688	73.90961	-501.15354	69.61103	92.41880	-543.50948	99.57436	104.58172	-452.98102	100.43593	71.23365	-352.77340	-18.78022	367.98420	-410.46479	-66.18177	340.19237	-597.28222	-73.45390	147.83340	-596.55112	-4.61420	160.28616	-611.89003	-41.11814	199.98379	-571.32028	-38.13482	108.37927	-502.84757	-25.21969	710.03568	-483.08534	18.89321	801.78271	-405.00383	-141.16800	448.10562	-451.16755	199.46935	475.09676	-490.44391	-134.88689	265.44994	-480.22120	200.00665	232.48972	
219	2.180	-345.16261	47.72122	949.11614	-470.99442	49.46429	996.35007	-393.46874	104.92925	655.48652	-383.89813	-71.45814	651.25604	-496.93644	45.18481	713.31373	-410.29035	73.08930	385.32757	-454.46648	133.99436	348.82244	-501.78461	137.37830	74.88419	-499.76777	69.23753	93.50884	-542.51863	98.77254	106.06644	-452.30181	100.45547	71.61469	-333.24595	-16.68796	373.67081	-389.56814	-64.90554	343.72160	-572.56756	-74.11926	148.30688	-572.77352	-5.18455	160.59382	-589.10987	-41.71956	199.81826	-545.08706	-38.87890	110.19380	-493.58095	-25.26031	710.86732	-473.88563	18.78063	803.26627	-387.68610	-140.00327	451.65156	-447.18020	200.07361	475.73783	-467.46061	-134.40004	267.93666	-479.56725	200.26670	233.15714	
220	2.190	-334.86155	45.84526	949.96974	-460.44567	47.17356	997.62818	-386.05597	106.27875	656.31946	-373.83784	-70.01023	652.25863	-488.56359	44.85728	713.89944	-406.25713	74.14345	385.30390	-451.40808	134.65515	349.40376	-501.16106	137.29436	75.83165	-498.27451	69.17017	94.59712	-541.27820	98.43733	107.57446	-451.44826	100.66485	71.94679	-313.83870	-14.86881	379.53780	-368.72924	-63.80802	347.47596	-547.05425	-74.75805	148.27247	-548.12752	-5.74481	160.37536	-565.61334	-42.29260	199.05214	-517.99069	-39.59896	111.63176	-484.34533	-25.38924	711.37137	-464.78134	18.70688	804.46000	-370.46831	-138.97139	455.34437	-442.92706	200.63807	476.31515	-444.33640	-134.00350	270.31276	-478.20871	200.67179	233.82003	
221	2.200	-324.57944	43.99965	950.46810	-449.90526	45.00886	998.59531	-378.64326	107.55841	656.98372	-363.72141	-68.60657	653.02561	-480.21155	44.40482	714.16106	-401.85493	75.32735	385.16626	-447.93994	135.42112	349.91250	-500.29584	137.56370	76.73253	-496.72034	69.44253	95.67725	-539.84441	98.58943	109.07820	-450.45014	101.09473	72.23309	-294.60040	-13.33188	385.50658	-347.99943	-62.88577	351.40053	-520.82586	-75.37303	147.81574	-522.65353	-6.28603	159.67018	-541.43606	-42.80940	197.74128	-490.12872	-40.32695	112.74434	-475.11118	-25.62341	711.54994	-455.73608	18.61959	805.36316	-353.36194	-138.06098	459.13134	-438.45043	201.22646	476.84899	-421.15543	-133.69718	272.60375	-476.26955	201.28594	234.45936	
222	2.210	-314.30176	42.18304	950.61889	-439.36670	42.95813	999.24778	-371.19426	108.77175	657.50117	-353.53073	-67.24739	653.52925	-471.84104	43.82942	714.13814	-397.19050	76.66624	384.91311	-444.18352	136.33270	350.35798	-499.25005	138.15649	77.57430	-495.14695	70.03886	96.74108	-538.28036	99.18311	110.55428	-449.34334	101.74207	72.47781	-275.59297	-12.05970	391.50193	-327.43752	-62.11904	355.43632	-493.95760	-75.97749	147.02090	-496.40816	-6.81226	158.52644	-516.62137	-43.26556	195.94435	-461.59513	-41.09149	113.58648	-465.85122	-25.96499	711.41216	-446.71350	18.47201	805.98307	-336.39236	-137.25152	462.95492	-433.78532	201.87681	477.34930	-397.98285	-133.47780	274.82717	-473.90379	202.12649	235.06045	
223	2.220	-304.01330	40.39109	950.44102	-428.82287	41.00003	999.59058	-363.66553	109.91646	657.88916	-343.25423	-65.93848	653.75627	-463.40953	43.14422	713.86813	-392.35957	78.14962	384.54577	-440.24577	137.39358	350.74827	-498.09217	139.00674	78.35237	-493.58764	70.90421	97.78056	-536.64721	100.12356	111.98679	-448.16639	102.57628	72.68553	-256.89149	-11.01097	397.44550	-307.11134	-61.47341	359.51550	-466.51695	-76.59263	145.95959	-469.46828	-7.33984	156.99219	-491.22134	-43.68098	193.71409	-432.48480	-41.91228	114.20516	-456.53930	-26.40504	710.97062	-437.67738	18.22475	806.33181	-319.60023	-136.51548	466.74771	-428.95441	202.60260	477.81628	-374.86323	-133.33810	276.98332	-471.27012	203.17038	235.61465	
224	2.230	-293.69850	38.61790	949.96156	-418.26618	39.10706	999.63444	-356.00802	110.98540	658.15935	-332.88280	-64.69013	653.70445	-454.87251	42.36876	713.38244	-387.43397	79.74016	384.06763	-436.20619	138.57735	351.08955	-496.88829	140.02736	79.07025	-492.06479	71.95812	98.78944	-534.99636	101.28821	113.36919	-446.95662	103.54780	72.86054	-238.58226	-10.12474	403.24859	-287.09791	-60.90303	363.55674	-438.56857	-77.24368	144.68222	-441.93560	-7.89504	155.10714	-465.29987	-44.09711	191.09026	-402.90019	-42.79601	114.62951	-447.14878	-26.92801	710.23843	-428.59150	17.84677	806.42308	-303.03812	-135.82053	470.42873	-423.96450	203.39652	478.24217	-351.82235	-133.26639	279.04844	-468.50894	204.36479	236.11993	
225	2.240	-283.34193	36.85722	949.21258	-407.68893	37.24861	999.39286	-348.16889	111.96823	658.31728	-322.40545	-63.51509	653.37876	-446.18443	41.52419	712.70383	-382.45302	81.38399	383.48275	-432.10848	139.83652	351.38527	-495.69398	141.12513	79.73881	-490.58859	73.10920	99.76449	-533.36369	102.54788	114.70492	-445.74669	104.59749	73.00656	-220.75882	-9.32552	408.80570	-267.48160	-60.35482	367.46161	-410.18315	-77.95556	143.21261	-413.94138	-8.51021	152.89609	-438.93819	-44.57108	188.09529	-372.95967	-43.73466	114.86391	-437.65065	-27.51620	709.22712	-419.41933	17.31552	806.26947	-286.76273	-135.13133	473.90216	-418.80486	204.23594	478.61333	-328.87269	-133.24634	280.97120	-465.72489	205.63944	236.58040	
226	2.250	-272.92884	35.10332	948.22827	-397.08373	35.39367	998.87960	-340.09373	112.85353	658.36230	-311.80572	-62.42610	652.78762	-437.29935	40.62927	711.84521	-377.41943	83.02087	382.79389	-427.95686	141.11227	351.63506	-494.54854	142.21339	80.37521	-489.15695	74.26831	100.70608	-531.76638	103.78472	116.00682	-444.56191	105.66524	73.12656	-203.51600	-8.52897	413.99047	-248.35054	-59.77350	371.11322	-381.44931	-78.74879	141.54611	-385.65071	-9.21931	150.36510	-412.24205	-45.16778	184.73289	-342.80644	-44.70626	114.88500	-428.01185	-28.15367	707.94570	-410.12375	16.61677	805.88016	-270.82451	-134.41098	477.05929	-413.44729	205.08879	478.91207	-306.02198	-133.25744	282.67320	-462.97664	206.91851	237.00474	
227	2.260	-262.44588	33.35148	947.04243	-386.44407	33.51307	998.10661	-331.72890	113.63079	658.28768	-301.05939	-61.43342	651.93992	-428.17160	39.69769	710.80994	-372.29951	84.59268	382.00024	-423.71697	142.34333	351.83326	-493.47204	143.22100	81.00141	-487.75642	75.35867	101.61832	-530.20209	104.90460	117.29583	-443.41852	106.69667	73.22284	-186.94280	-7.64792	418.65538	-229.79154	-59.10668	374.37782	-352.48700	-79.63647	139.65121	-357.26590	-10.05327	147.50118	-385.34967	-45.95100	180.99008	-312.61712	-45.67832	114.64300	-418.19425	-28.82883	706.40086	-400.66681	15.74422	805.25949	-255.25697	-133.62231	479.78353	-407.84779	205.91906	479.11783	-283.28411	-133.27572	284.05347	-460.27371	208.13058	237.40396	
228	2.270	-251.88162	31.59825	945.68664	-375.76483	31.58120	997.08279	-323.02401	114.29213	658.08064	-290.13397	-60.54291	650.84310	-418.75651	38.73698	709.59323	-367.02676	86.04956	381.09510	-419.32009	143.47296	351.96718	-492.46478	144.09717	81.64276	-486.36383	76.32198	102.50870	-528.65008	105.84334	118.59906	-442.32297	107.64739	73.29720	-171.11466	-6.59876	422.63623	-211.88419	-58.30984	377.11010	-323.46048	-80.62280	137.47464	-329.02808	-11.03612	144.27581	-358.43931	-46.97519	176.84261	-282.60866	-46.61312	114.06755	-408.15470	-29.53566	704.59825	-391.00988	14.69919	804.40631	-240.06827	-132.72944	481.95823	-401.94972	206.69121	479.20745	-260.69084	-133.27513	284.99660	-457.57945	209.21550	237.78866	
229	2.280	-241.22715	29.84154	944.18915	-365.04279	29.57721	995.81362	-313.93446	114.83345	657.72242	-278.99038	-59.75501	649.50282	-409.01180	37.74921	708.18467	-361.50781	87.35320	380.06360	-414.66996	144.45344	352.01522	-491.50838	144.81219	82.32668	-484.94808	77.12049	103.38739	-527.07336	106.56709	119.94788	-441.27200	108.48464	73.35116	-156.08630	-5.30822	425.76164	-194.69509	-57.35076	379.16202	-294.58854	-81.70359	134.94967	-301.21639	-12.18234	140.65234	-331.73453	-48.27887	172.26324	-253.04220	-47.47440	113.07768	-397.84643	-30.27342	702.54480	-381.11424	13.49056	803.31438	-225.23740	-131.69988	483.47602	-395.68786	207.37296	479.15463	-238.30251	-133.22932	285.38393	-454.81799	210.12799	238.16616	
230	2.290	-230.47647	28.08056	942.57449	-354.27693	27.48589	994.30171	-304.42393	115.25474	657.18846	-267.58651	-59.06480	647.92431	-398.89963	36.73302	706.57122	-355.62983	88.47744	378.88120	-409.65082	145.24796	351.94532	-490.56760	145.35509	83.08153	-483.47170	77.73570	104.26659	-525.42095	107.06819	121.37582	-440.25307	109.18672	73.38637	-141.88603	-3.72035	427.86738	-178.27301	-56.21317	380.39505	-266.14972	-82.86847	132.00722	-274.14359	-13.49583	136.59667	-305.50556	-49.88040	167.23245	-224.22242	-48.23421	111.59486	-387.22206	-31.04504	700.25167	-370.94247	12.13500	801.97378	-210.71605	-130.50756	484.24869	-388.99309	207.93656	478.92898	-216.21614	-133.11414	285.10661	-451.88314	210.83812	238.53775	
231	2.300	-219.62671	26.31587	940.86387	-343.46860	25.29835	992.54837	-294.46672	115.55975	656.44901	-255.88253	-58.46324	646.11515	-388.38955	35.68667	704.74071	-349.26835	89.40667	377.51299	-404.13578	145.83028	351.71401	-489.59210	145.72915	83.93560	-481.89185	78.16455	105.15986	-523.62984	107.35837	122.91681	-439.24475	109.74076	73.40505	-128.51255	-1.80367	428.81416	-162.64607	-54.89952	380.69458	-238.48037	-84.10435	128.58904	-248.14754	-14.97044	132.08976	-280.06509	-51.77668	161.75025	-196.49112	-48.87902	109.55775	-376.23800	-31.85456	697.73763	-360.46044	10.65742	800.37349	-196.43662	-129.13688	484.21623	-381.79710	208.35855	478.49509	-194.56919	-132.91063	284.07936	-448.64757	211.32948	238.89632	
232	2.310	-208.67824	24.54958	939.07617	-332.62154	23.01255	990.55596	-284.04983	115.75484	655.47044	-243.84712	-57.93942	644.08941	-377.46191	34.61154	702.68527	-342.29504	90.13268	375.91465	-397.99495	146.18275	351.26693	-488.51751	145.94650	84.91645	-480.16066	78.41438	106.08190	-521.62600	107.46100	124.60363	-438.21648	110.13964	73.41074	-115.93484	0.44232	428.50687	-147.82128	-53.43262	379.98500	-211.96383	-85.39929	124.66168	-223.57774	-16.59178	127.14040	-255.75721	-53.94437	155.84768	-170.21431	-49.41367	106.93658	-364.85981	-32.70407	695.03233	-349.64013	9.09147	798.50476	-182.32504	-127.58753	483.35411	-374.03651	208.61845	477.81229	-173.53794	-132.60869	282.25337	-444.97085	211.59586	239.22492	
233	2.320	-197.63467	22.78570	937.22954	-321.74165	20.63387	988.33098	-273.17447	115.84734	654.21756	-231.46390	-57.48350	641.87227	-366.11150	33.51535	700.40476	-334.58507	90.65061	374.03521	-391.10275	146.29337	350.54108	-487.26563	146.02296	86.05031	-478.22467	78.49780	107.04857	-519.32472	107.40411	126.46671	-437.12755	110.37896	73.40922	-104.09562	2.98179	426.91259	-133.78694	-51.85616	378.24341	-187.01012	-86.74572	120.22941	-200.77705	-18.33978	121.79585	-232.93904	-56.34330	149.59590	-145.76246	-49.86261	103.74485	-353.06809	-33.59060	692.17917	-338.46268	7.47979	796.36520	-168.31647	-125.87944	481.67813	-365.65621	208.69701	476.83581	-153.32974	-132.21089	279.62660	-440.70601	211.63736	239.49646	
234	2.330	-186.50273	21.03076	935.34334	-310.83669	18.17572	985.88741	-261.85690	115.84364	652.65708	-218.73708	-57.08990	639.50458	-354.35063	32.41459	697.90987	-326.02396	90.95487	371.82206	-383.34412	146.15280	349.46931	-485.74397	145.97364	87.36179	-476.02377	78.42836	108.07743	-516.63046	107.21515	128.53327	-435.92529	110.45452	73.40989	-92.91822	5.73951	424.07438	-120.51766	-50.23398	375.50978	-164.02682	-88.14200	115.34397	-180.05927	-20.19130	116.14830	-211.95586	-58.92125	143.11098	-123.48494	-50.26756	100.04612	-340.86367	-34.50369	689.23719	-326.92153	5.87362	793.96318	-154.37102	-124.05726	479.24665	-356.61143	208.57442	475.51951	-134.16938	-131.73603	276.24994	-435.70475	211.45685	239.67502	
235	2.340	-175.29227	19.29445	933.44038	-299.91598	15.66009	983.25003	-250.12839	115.74723	650.76219	-205.69537	-56.76011	637.04626	-342.21107	31.33551	695.22484	-316.51395	91.03555	369.22818	-374.61990	145.75182	347.98710	-483.84523	145.81013	88.87368	-473.48956	78.21745	109.18836	-513.43692	106.91775	130.82670	-434.54275	110.36088	73.42714	-82.31621	8.60088	420.11791	-107.98138	-48.64807	371.89148	-143.38325	-89.59194	110.10866	-161.68441	-22.12235	110.33512	-193.11177	-61.61940	136.55243	-103.68090	-50.68195	95.95403	-328.27157	-35.42394	686.28172	-315.02519	4.33150	791.32184	-140.48650	-122.19308	476.16018	-346.86878	208.22921	473.82073	-116.28081	-131.22166	272.22793	-429.82186	211.05715	239.71897	
236	2.350	-164.01615	17.59043	931.54903	-288.99004	13.11799	980.45724	-238.03413	115.55717	648.51794	-192.39337	-56.50469	634.57782	-329.74413	30.31341	692.38964	-305.97975	90.87587	366.22106	-364.85109	145.07974	346.04133	-481.44748	145.53905	90.60698	-470.54381	77.87268	110.40407	-509.62812	106.53043	133.36602	-432.89622	110.09116	73.48185	-72.20501	11.41600	415.24888	-96.14762	-47.19533	367.56059	-125.37250	-91.10216	104.67507	-145.83447	-24.10950	104.53192	-176.63945	-64.37764	130.11436	-86.56974	-51.16277	91.62492	-315.34248	-36.32311	683.40338	-302.79889	2.91685	788.48242	-126.70578	-120.38643	472.55819	-336.40630	207.63811	471.70675	-99.86611	-130.72464	267.71320	-422.92004	210.43918	239.58617	
237	2.360	-152.69024	15.93693	929.70515	-278.07027	10.58946	977.56279	-225.63120	115.26708	645.92689	-178.91002	-56.34402	632.19917	-317.01857	29.39003	689.46131	-294.37363	90.45112	362.79264	-353.98236	144.12414	343.60015	-478.41601	145.16202	92.58075	-467.09713	77.39750	111.75001	-505.08102	106.06633	136.16518	-430.88351	109.63792	73.60240	-62.51372	14.00800	409.74005	-84.99560	-45.98305	362.74344	-110.17680	-92.67818	99.23162	-132.59328	-26.13066	98.93860	-162.67382	-67.13950	124.00947	-72.26578	-51.76146	87.24329	-302.15151	-37.16585	680.70528	-290.28504	1.69423	785.50603	-113.11707	-118.76041	468.61315	-325.21307	206.77705	469.16248	-85.08517	-130.31920	262.89487	-414.87580	209.60117	239.24094	
238	2.370	-141.33342	14.35716	927.95332	-267.16876	8.12308	974.63626	-212.98551	114.86500	643.01445	-165.34402	-56.30736	630.02550	-304.11635	28.60923	686.51420	-281.67932	89.72936	358.96879	-341.98475	142.87172	340.66288	-474.60734	144.67650	94.81178	-463.04850	76.79163	113.25329	-499.67031	105.53333	139.23194	-428.38321	108.99496	73.82485	-53.19564	16.18569	403.90868	-74.52103	-45.12321	357.70299	-97.84278	-94.32053	93.98457	-121.93429	-28.16535	93.75989	-151.23448	-69.85630	118.44746	-60.76167	-52.51557	83.00231	-288.79382	-37.91313	678.29836	-277.54208	0.72462	782.47368	-99.84690	-117.45358	464.52131	-313.28877	205.62334	466.19842	-72.03931	-130.09217	257.98174	-405.58700	208.53868	238.66238	
239	2.380	-129.96740	12.87925	926.34719	-256.29803	5.77468	971.76171	-200.16815	114.33406	639.83288	-151.80656	-56.43045	628.18012	-291.12653	28.01128	683.63884	-267.91447	88.67388	354.81665	-328.85770	141.31034	337.26825	-469.87592	144.07685	97.31360	-458.28586	76.05170	114.94029	-493.27515	104.93350	142.56600	-425.25573	108.15950	74.19189	-44.23591	17.75966	398.08671	-64.74030	-44.72560	352.71565	-88.27209	-96.02226	89.13440	-113.71950	-30.19492	89.18334	-142.22108	-72.49054	113.61109	-51.92446	-53.44320	79.08232	-275.37756	-38.52711	676.29522	-264.64160	0.06000	779.48406	-87.04701	-116.60771	460.49028	-300.64374	204.15874	462.85759	-60.76218	-130.13568	253.18257	-394.98197	207.24515	237.85301	
240	2.390	-118.61643	11.53579	924.94874	-245.47084	3.60516	969.03478	-187.25132	113.65418	636.46322	-138.41234	-56.75173	626.78511	-278.13820	27.62677	680.93906	-253.13108	87.24764	350.44841	-314.63019	139.43189	333.49967	-464.08283	143.35523	100.09464	-452.68805	75.17193	116.83280	-485.78727	104.26170	146.15646	-421.34613	107.13424	74.75017	-35.65463	18.56044	392.58791	-55.69127	-44.88998	348.04593	-81.23082	-97.76879	84.85149	-107.71089	-32.20288	85.35834	-135.42385	-75.01816	109.63421	-45.50631	-54.54132	75.63130	-262.01481	-38.97674	674.80270	-251.66418	-0.26227	776.64920	-74.87736	-116.35279	456.72383	-287.29965	202.37290	459.22016	-51.21996	-130.53819	248.68596	-383.02902	205.71308	236.84649	
241	2.400	-107.30668	10.36274	923.82612	-234.69976	1.67741	966.55798	-174.30434	112.80434	633.01443	-125.26990	-57.30781	625.95068	-265.23330	27.47077	678.52734	-237.41351	85.41905	346.01987	-299.36091	137.23543	329.48584	-457.10561	142.50165	103.15545	-446.12798	74.14410	118.94306	-477.11923	103.50314	149.97850	-416.48897	105.92867	75.54590	-27.50516	18.45653	387.67688	-47.43015	-45.69768	343.92215	-76.37707	-99.53977	81.25610	-103.59357	-34.17516	82.38007	-130.54817	-77.42907	106.58594	-41.16926	-55.78794	72.75061	-248.81193	-39.24327	673.91413	-238.69408	-0.22424	774.08817	-63.48823	-116.79166	453.40526	-273.29090	200.26675	455.40458	-43.32098	-131.37496	244.64328	-369.74493	203.93558	235.71254	
242	2.410	-96.06532	9.39778	923.05026	-223.99676	0.05253	964.43477	-161.39016	111.76545	629.61925	-112.47265	-58.12881	625.76468	-252.48054	27.53863	676.51846	-220.87394	83.16890	341.72341	-283.13721	134.73038	325.39618	-448.84755	141.50329	106.48482	-438.47707	72.95720	121.26816	-467.21142	102.63050	153.98985	-410.51470	104.55903	76.61921	-19.86747	17.36987	383.54533	-40.02478	-47.20333	340.51717	-73.30206	-101.31204	78.40670	-101.00720	-36.09981	80.28102	-127.24907	-79.72522	104.46451	-38.52011	-57.14710	70.48828	-235.86050	-39.32471	673.70193	-225.81349	0.16898	771.91943	-53.00422	-117.98671	450.68173	-258.66635	197.85512	451.56417	-36.93258	-132.69911	241.15719	-355.20004	201.90837	234.55759	
243	2.420	-84.91916	8.67824	922.69023	-213.37245	-1.21447	962.76288	-148.56272	110.52329	626.42672	-100.09170	-59.23431	626.28388	-239.93124	27.80411	675.02190	-203.64532	80.49741	337.77536	-266.07246	131.93920	321.43056	-439.24472	140.34285	110.05558	-429.61046	71.59642	123.78492	-456.03604	101.60134	158.12777	-403.25753	103.04672	77.99759	-12.83766	15.28630	380.29934	-33.54514	-49.42747	337.93700	-71.57691	-103.06186	76.29880	-99.58024	-37.96564	79.03161	-125.16923	-81.91576	103.20180	-37.14962	-58.57482	68.84052	-223.23021	-39.23815	674.21153	-213.09709	0.88788	770.25245	-43.51228	-119.95131	448.65182	-243.49091	195.16834	447.87900	-31.90179	-134.53433	238.27786	-339.51842	199.63194	233.51944	
244	2.430	-73.89304	8.23860	922.80783	-202.83532	-2.07908	961.62739	-135.86531	109.07122	623.59191	-88.17146	-60.63042	627.52802	-227.61749	28.22068	674.13344	-185.87241	77.43045	334.39901	-248.30154	128.89902	317.80449	-428.26926	138.99668	113.82058	-419.41282	70.04225	126.44658	-443.59733	100.35704	162.30745	-394.56397	101.41494	79.68978	-6.51509	12.25894	377.95980	-28.05237	-52.35148	336.21847	-70.79649	-104.76533	74.87414	-98.96152	-39.75964	78.54929	-123.97362	-84.00969	102.67758	-36.66935	-60.02421	67.76005	-210.96462	-39.01946	675.45733	-200.60741	1.87947	769.17965	-35.05521	-122.64738	447.35873	-227.84601	192.25246	444.54327	-28.07512	-136.87034	236.00695	-322.87163	197.11373	232.75568	
245	2.440	-63.00810	8.10785	923.45170	-192.39082	-2.51119	961.09433	-123.33005	107.41225	621.26371	-76.72830	-62.30833	629.47766	-215.55296	28.72586	673.92712	-167.70166	74.02386	331.80542	-229.97439	125.66221	314.73098	-415.92821	137.43308	117.71012	-407.78424	68.26982	129.18227	-429.92763	98.82417	166.42315	-384.30151	99.68422	81.68114	-0.98874	8.40380	376.47458	-23.58768	-55.91562	335.33589	-70.61303	-106.39699	74.03730	-98.84441	-41.46394	78.71403	-123.37529	-86.00776	102.74037	-36.74046	-61.44886	67.16923	-199.08025	-38.71994	677.42110	-188.39162	3.07096	768.76925	-27.63043	-125.98929	446.79010	-211.82851	189.16808	441.74939	-25.31351	-139.66150	234.30788	-305.46626	194.36956	232.42615	
246	2.450	-52.28002	8.30687	924.65170	-182.04053	-2.49827	961.20536	-110.97844	105.56023	619.57197	-65.75232	-64.24440	632.07590	-203.73575	29.24831	674.44804	-149.27095	70.36476	330.17444	-211.24760	122.29523	312.40141	-402.25817	135.61197	121.63187	-394.64607	66.24933	131.90052	-415.08000	96.91906	170.35262	-372.36664	97.86754	83.93179	3.67571	3.88776	375.73937	-20.16254	-60.02127	335.21426	-70.75547	-107.92775	73.67586	-98.98115	-43.05336	79.38702	-123.14924	-87.89567	103.23053	-37.09135	-62.80464	66.97483	-187.56894	-38.40045	680.05301	-176.48012	4.37566	769.05998	-21.19347	-129.85331	446.88427	-195.54737	185.98799	439.67053	-23.49977	-142.82937	233.11985	-287.52630	191.42391	232.67193	
247	2.460	-41.71755	8.84617	926.41406	-171.78151	-2.04724	961.97404	-98.82269	103.54013	618.61561	-55.21171	-66.40163	635.23346	-192.15276	29.71643	675.70715	-130.70044	66.56899	329.63859	-192.27460	118.87610	310.96795	-387.31677	133.48647	125.47423	-379.94598	63.94801	134.49679	-399.11893	94.55587	173.96536	-358.69144	95.96629	86.37812	7.44679	-1.08914	375.62161	-17.75134	-64.53770	335.74609	-71.03390	-109.32372	73.67945	-99.18702	-44.49501	80.42920	-123.13423	-89.64134	104.00131	-37.52332	-64.05077	67.08188	-176.40284	-38.12386	683.27481	-164.88687	5.70054	770.05786	-15.66470	-134.09056	447.54188	-179.11816	182.79367	438.44380	-22.53791	-146.26906	232.37196	-269.27273	188.30880	233.59410	
248	2.470	-31.32159	9.72406	928.71790	-161.60604	-1.18486	963.38407	-86.86753	101.38718	618.45306	-45.05872	-68.73216	638.83634	-180.78463	30.06715	677.67830	-112.08561	62.77449	330.27211	-173.19513	115.49012	310.52977	-371.17273	131.00719	129.11330	-363.66213	61.33368	136.86430	-382.11111	91.65751	177.13392	-343.24798	93.96836	88.93799	10.33500	-6.31467	375.98287	-16.28747	-69.31298	336.80841	-71.33145	-110.54753	73.95414	-99.33614	-45.75077	81.71644	-123.22481	-91.19736	104.93427	-37.90594	-65.15110	67.40448	-165.54111	-37.94700	686.98489	-153.61123	6.95466	771.73545	-10.93752	-138.54151	448.64042	-162.65590	179.67104	438.15639	-22.34548	-149.85913	231.99485	-250.90285	185.06148	235.23641	
249	2.480	-21.08480	10.92570	931.51358	-151.50173	0.04344	965.38956	-75.11222	99.14515	619.09624	-35.23666	-71.18045	642.75481	-169.61063	30.25350	680.29811	-93.49314	59.13089	332.08638	-154.12533	112.22447	311.12487	-353.89636	128.12903	132.42290	-345.80575	58.38005	138.90680	-364.11789	88.16823	179.74680	-326.05002	91.84920	91.51876	12.39678	-11.58544	376.69547	-15.66341	-74.18770	338.27712	-71.58779	-111.56253	74.43014	-99.35162	-46.78275	83.14963	-123.35708	-92.50884	105.94732	-38.16510	-66.07619	67.87248	-154.93732	-37.91350	691.06425	-142.64108	8.05729	774.03343	-6.88699	-143.05002	450.04960	-146.26702	176.70539	438.83651	-22.84168	-153.47354	231.92782	-232.57215	181.72170	237.57553	
250	2.490	-10.99208	12.42294	934.72326	-141.45219	1.57617	967.91742	-63.55245	96.86382	620.50858	-25.68655	-73.68686	646.85271	-158.61264	30.24989	683.46847	-74.96011	55.78628	335.03201	-135.14949	109.16190	312.72842	-335.55207	124.81993	135.28635	-326.42183	55.07302	140.55063	-345.19087	84.06570	181.72082	-307.15165	89.57614	94.02703	13.73386	-16.72499	377.65178	-15.73496	-79.00962	340.03726	-71.77902	-112.33926	75.06266	-99.19318	-47.56061	84.65880	-123.49234	-93.52493	106.99521	-38.26756	-66.80628	68.43387	-144.54647	-38.04838	695.38298	-131.95638	8.94492	776.86429	-3.37779	-147.47525	451.64502	-130.04180	173.97589	440.45034	-23.93454	-156.99436	232.12118	-214.38065	178.32948	240.52110	
251	2.500	-1.02173	14.17530	938.24367	-131.43812	3.33976	970.87155	-52.18185	94.59583	622.60738	-16.35306	-76.19141	650.99603	-147.77793	30.05440	687.06153	-56.49652	52.87297	339.00686	-116.31491	106.37436	315.25761	-316.19369	121.07008	137.60805	-305.58759	51.41689	141.75401	-325.37088	79.37071	183.01056	-286.64298	87.11553	96.37842	14.48801	-21.59663	378.76655	-16.32909	-83.64675	341.98855	-71.89851	-112.86252	75.82733	-98.84508	-48.06913	86.20182	-123.60225	-94.21125	108.06381	-38.20526	-67.33422	69.05359	-134.33069	-38.35527	699.80668	-121.53291	9.57636	780.11761	-0.27130	-151.70036	453.31844	-114.04837	171.55002	442.90525	-25.51062	-160.32285	232.53462	-196.36498	174.92418	243.92568	
252	2.510	8.85277	16.13190	941.95107	-121.43881	5.25333	974.13841	-40.99288	92.39318	625.26996	-7.18891	-78.63742	655.06022	-137.10050	29.68813	690.92678	-38.09037	50.49400	343.86841	-97.63054	103.91720	318.58189	-295.86287	116.90016	139.32292	-283.40883	47.43965	142.51169	-304.69007	74.15240	183.61302	-264.64336	84.44148	98.50588	14.83134	-26.10957	379.97405	-17.25461	-87.99691	344.04702	-71.94178	-113.13698	76.71235	-98.30627	-48.31406	87.75896	-123.65809	-94.56012	109.16056	-37.98222	-67.66761	69.70985	-124.26310	-38.81633	704.20222	-111.34547	9.93534	783.66661	2.56836	-155.63758	454.98375	-98.32906	169.47825	446.05872	-27.42973	-163.38746	233.13358	-178.49707	171.54488	247.60294	
253	2.520	18.66044	18.23424	945.70796	-111.43388	7.23402	977.59365	-29.97712	90.30352	628.34294	1.84250	-80.97494	658.93573	-126.58089	29.19180	694.89952	-19.71478	48.71252	349.44839	-79.06995	101.82475	322.53720	-274.59019	112.36677	140.40235	-260.01427	43.19603	142.85404	-283.17606	68.52790	183.56655	-241.29276	81.54460	100.36526	14.95307	-30.21803	381.22259	-18.31445	-91.99228	346.14374	-71.89760	-113.18969	77.70999	-97.58368	-48.32454	89.32520	-123.62546	-94.59607	110.30345	-37.60559	-67.82907	70.38934	-114.32947	-39.39474	708.44304	-101.37033	10.03052	787.37528	5.26912	-159.22953	456.57848	-82.89965	167.78980	449.73168	-29.52649	-166.14738	233.88495	-160.68940	168.23179	251.35070	
254	2.530	28.43035	20.41975	949.37107	-101.40513	9.20231	981.10896	-19.12495	88.36677	631.65354	10.76621	-83.16354	662.53171	-116.22470	28.62039	698.81030	-1.33595	47.54530	355.56758	-60.57820	100.10776	326.94208	-252.39828	107.56376	140.85560	-235.54847	38.76762	142.84081	-260.85689	62.65618	182.94426	-216.74244	78.43904	101.93775	15.04434	-33.91440	382.46859	-19.31834	-95.59875	348.22195	-71.74552	-113.06817	78.80936	-96.68882	-48.15115	90.90196	-123.46447	-94.37487	111.51095	-37.08131	-67.85421	71.08254	-104.52761	-40.03924	712.41354	-91.58659	9.89307	791.10558	7.94648	-162.44732	458.06151	-67.75094	166.48992	453.72440	-31.61854	-168.59141	234.75387	-142.80658	165.02769	254.97494	
255	2.540	38.18914	22.62566	952.79997	-91.33825	11.08697	984.55888	-8.42472	86.61222	635.02200	19.59650	-85.17446	665.77788	-106.04006	28.03666	702.49460	17.07870	46.96126	362.04915	-42.08186	98.75303	331.61370	-229.30607	102.61893	140.72676	-210.16381	34.25988	142.55106	-237.76564	56.72658	181.84295	-191.14581	75.16654	103.22891	15.28274	-37.21832	383.67192	-20.09456	-98.81093	350.23392	-71.45912	-112.83428	79.99189	-95.63673	-47.85956	92.49001	-123.13442	-93.97621	112.79444	-36.41383	-67.78724	71.77997	-94.86487	-40.69002	716.01280	-81.97665	9.57222	794.72432	10.69996	-165.28608	459.40821	-52.85230	165.55940	457.83328	-33.52062	-170.73265	235.70199	-124.68212	161.97845	258.31111	
256	2.550	47.95890	24.79292	955.86550	-81.22431	12.82917	987.82687	2.13825	85.05657	638.27381	28.33896	-86.99164	668.62475	-96.03437	27.50433	705.80217	35.55324	46.88485	368.72914	-23.50081	97.72523	336.38215	-205.33342	97.68593	140.08790	-184.01244	29.79596	142.07089	-213.94354	50.94360	180.36966	-164.65054	71.79650	104.26500	15.81880	-40.16423	384.79322	-20.50009	-101.64438	352.13822	-71.01307	-112.55481	81.22998	-94.44647	-47.52087	94.08456	-122.60100	-93.49115	114.15398	-35.60872	-67.67484	72.47004	-85.35417	-41.28517	719.15764	-72.52569	9.12945	798.10931	13.61025	-167.75907	460.60450	-38.15609	164.95627	461.86667	-35.06200	-172.60034	236.68752	-106.13884	159.13191	261.23959	
257	2.560	57.75549	26.86975	958.45731	-71.06068	14.38555	990.81030	12.58273	83.70313	641.25080	36.99356	-88.61169	671.04259	-86.21085	27.08185	708.60545	54.09715	47.20375	375.46336	-4.76045	96.97059	341.10141	-180.50542	92.93252	139.02960	-157.23890	25.50813	141.48123	-189.44142	45.50991	178.62804	-137.39271	68.42200	105.08725	16.76602	-42.79000	385.79330	-20.42801	-104.12697	353.89822	-70.39155	-112.29074	82.48853	-93.14183	-47.20047	95.67310	-121.84389	-93.00707	115.57744	-34.67637	-67.55950	73.13851	-76.00911	-41.76693	721.78486	-63.22054	8.63220	801.15435	16.73734	-169.89134	461.64121	-23.60234	164.61990	465.65843	-36.10447	-174.23065	237.66684	-87.01032	156.53490	263.69355	
258	2.570	67.58759	28.81455	960.48996	-60.85154	15.72995	993.42420	22.93237	82.54224	643.82040	45.55809	-90.04275	673.01941	-76.56519	26.81718	710.80632	72.70098	47.77944	382.13077	14.19704	96.42202	345.65643	-154.85594	88.52637	137.65022	-129.97445	21.52778	140.84751	-164.31923	40.60966	176.70647	-109.49352	65.15205	105.74497	18.19564	-45.12874	386.63434	-19.81177	-106.29121	355.48187	-69.59561	-112.08739	83.72876	-91.75153	-46.94775	97.23592	-120.86263	-92.59309	117.04264	-33.63538	-67.47357	73.76938	-66.83906	-42.08694	723.85284	-54.04812	8.14761	803.77300	20.11976	-171.71411	462.50996	-9.12332	164.47679	469.07819	-36.55768	-175.65817	238.59717	-67.16081	154.22897	265.65868	
259	2.580	77.45645	30.59791	961.90705	-50.60759	16.85383	995.60351	33.21616	81.55286	645.88214	54.03171	-91.30242	674.55847	-67.08280	26.74434	712.34085	91.33401	48.45956	388.63321	33.40372	96.00491	349.96557	-128.43032	84.62063	136.04552	-102.33363	17.97493	140.21253	-138.64444	36.39425	174.66961	-81.05884	62.10132	106.28830	20.13670	-47.20467	387.28228	-18.62589	-108.16858	356.86282	-68.64726	-111.96762	84.91312	-90.30828	-46.78883	98.74886	-119.67904	-92.28911	118.52148	-32.51409	-67.43511	74.34683	-57.84466	-42.21011	725.34216	-44.99377	7.73717	805.90096	23.77501	-173.26048	463.20112	5.35217	164.44746	472.03758	-36.38878	-176.90974	239.44005	-46.50099	152.24552	267.16555	
260	2.590	87.35645	32.20355	962.68312	-40.34524	17.76536	997.30401	43.46849	80.70511	647.37124	62.41803	-92.41504	675.67558	-57.73696	26.88167	713.18134	109.94397	49.09028	394.89244	52.85962	95.64297	353.97884	-101.28718	81.34085	134.29951	-74.41377	14.94873	139.59300	-112.49004	32.97205	172.55406	-52.18145	59.37845	106.76140	22.58086	-49.03315	387.70983	-16.88281	-109.78650	358.02236	-67.58912	-111.92943	86.01029	-88.84678	-46.72376	100.18726	-118.33559	-92.10066	119.98499	-31.34974	-67.44658	74.85744	-49.01443	-42.11662	726.25518	-36.03976	7.45260	807.49687	27.70159	-174.56276	463.70411	19.89449	164.45349	474.49220	-35.62448	-178.00138	240.16498	-24.99807	150.60167	268.27669	
261	2.600	97.27625	33.62810	962.82327	-30.08513	18.48737	998.50180	53.72872	79.96335	648.25906	70.72753	-93.40868	676.39644	-48.48803	27.23205	713.33572	128.45899	49.52779	400.84500	72.52995	95.26346	357.67222	-73.49980	78.77505	132.47778	-46.29760	12.51968	138.97976	-85.93323	30.40308	170.36824	-22.94586	57.07475	107.19662	25.49120	-50.62382	387.89930	-14.62615	-111.16767	358.95165	-66.47947	-111.94847	86.99937	-87.40057	-46.72869	101.53037	-116.88962	-92.00056	121.40843	-30.18499	-67.49634	75.29235	-40.32280	-41.80200	726.61449	-27.16402	7.33318	808.54178	31.88262	-175.65136	464.00943	34.56871	164.42360	476.43911	-34.34441	-178.93863	240.75266	-2.67917	149.29747	269.07077	
262	2.610	107.20059	34.88001	962.36069	-19.85013	19.05441	999.19179	64.04055	79.28948	648.55063	78.97906	-94.31232	676.75418	-39.28403	27.78484	712.84396	146.79145	49.64773	406.43596	92.34570	94.80129	361.03927	-45.15756	76.96773	130.62342	-18.05895	10.72461	138.34089	-59.05560	28.69858	168.09588	6.56499	55.25446	107.61002	28.81340	-51.98521	387.84471	-11.92082	-112.33115	359.65326	-65.38357	-111.98471	87.87238	-85.99833	-46.76245	102.76505	-115.40469	-91.93681	122.77534	-29.06256	-67.56267	75.64865	-31.72974	-41.27553	726.46011	-18.33936	7.40469	809.03735	36.29108	-176.55468	464.11175	49.42993	164.29815	477.91021	-32.66670	-179.71968	241.19730	20.37123	148.31514	269.62649	
263	2.620	117.11247	35.97757	961.35242	-9.66315	19.50937	999.38530	74.45097	78.64605	648.27961	87.20035	-95.15335	676.78696	-30.06220	28.51900	711.77220	164.84363	49.35200	411.61245	112.20748	94.20189	364.08100	-16.36774	75.91830	128.75571	10.22915	9.56455	137.62685	-31.94547	27.82494	165.70215	36.26158	53.94788	107.99857	32.48793	-53.12926	387.55255	-8.84102	-113.29434	360.14164	-64.36298	-111.99190	88.63493	-84.66008	-46.77602	103.88825	-113.94027	-91.84491	124.08020	-28.01887	-67.61956	75.92980	-23.18200	-40.55724	725.84561	-9.53318	7.67953	809.00291	40.89623	-177.29960	464.01274	64.51865	164.03152	478.96213	-30.72780	-180.34004	241.50731	44.01891	147.62020	270.00860	
264	2.630	126.99543	36.94647	959.87371	0.45538	19.89970	999.10699	85.00902	77.99884	647.50154	95.42771	-95.95580	676.53575	-20.75183	29.40705	710.20500	182.51455	48.57274	416.31814	131.99221	93.42263	366.79582	12.74172	75.58342	126.87129	38.48456	9.00578	136.77650	-4.70239	27.71076	163.14106	66.03914	53.14808	108.33911	36.46155	-54.07461	387.04087	-5.45762	-114.07495	360.44179	-63.46486	-111.92772	89.30489	-83.39375	-46.72288	104.90784	-112.54186	-91.66186	125.32925	-27.07804	-67.64279	76.14490	-14.61560	-39.67412	724.83342	-0.70757	8.15794	808.47187	45.67034	-177.91210	463.72306	79.85670	163.59223	479.66372	-28.65977	-180.79756	241.70420	68.09075	147.16415	270.25761	
265	2.640	136.83591	37.81707	958.01159	10.48973	20.27392	998.39148	95.76423	77.31898	646.28604	103.70489	-96.73918	676.04202	-11.27774	30.41901	708.23657	199.70726	47.27345	420.48943	151.56196	92.43316	369.17082	42.01873	75.88269	124.94718	66.60578	8.98346	135.72319	22.55671	28.25560	160.36317	95.76923	52.81153	108.58913	40.69703	-54.84789	386.33662	-1.82646	-114.69243	360.58621	-62.71331	-111.76269	89.90950	-82.19275	-46.56840	105.84173	-111.23292	-91.33918	126.53956	-26.24724	-67.61540	76.30705	-5.95934	-38.65631	723.48966	8.18009	8.82981	807.48761	50.59501	-178.41757	463.26260	95.44464	162.96148	480.08267	-26.56887	-181.09647	241.81954	92.38686	146.88809	270.38418	
266	2.650	146.62529	38.62179	955.85821	20.43092	20.67841	997.27998	106.76482	76.58432	644.70903	112.08149	-97.51810	675.34534	-1.56442	31.52579	705.96218	216.33607	45.44766	424.05409	170.77401	91.21503	371.17600	71.28301	76.70654	122.94511	94.46258	9.40756	134.40025	49.69071	29.33929	157.32235	125.29268	52.86245	108.68936	45.17985	-55.48292	385.47150	2.02081	-115.16841	360.61056	-62.10414	-111.48621	90.48140	-81.03479	-46.29641	106.71554	-110.00998	-90.85231	127.73678	-25.51451	-67.53138	76.43086	2.86106	-37.53375	721.87909	17.17615	9.67666	806.09939	55.66598	-178.84080	462.65880	111.26110	162.13063	480.27313	-24.51884	-181.24974	241.89052	116.69249	146.72679	270.36839	
267	2.660	156.36154	39.39267	953.50444	30.27814	21.15482	995.81699	118.05551	75.78027	642.84586	120.61096	-98.30232	674.48096	8.45967	32.70161	703.47062	232.33258	43.11583	426.93283	189.49115	89.76095	372.76225	100.32256	77.92563	120.81640	121.88912	10.17032	132.74576	76.52826	30.83086	153.98112	154.41497	53.20037	108.56800	49.92162	-56.01829	384.47686	6.08224	-115.52610	360.54829	-61.60372	-111.10877	91.05440	-79.88232	-45.91225	107.55929	-108.84131	-90.20516	128.95181	-24.84915	-67.39706	76.52973	11.91878	-36.33392	720.06059	26.32946	10.67362	804.35860	60.89605	-179.20537	461.94326	127.26449	161.09870	480.26622	-22.52137	-181.27927	241.95464	140.78825	146.61276	270.16342	
268	2.670	166.05035	40.15937	951.03427	40.03959	21.73809	994.04753	129.67493	74.90019	640.76593	129.34842	-99.09720	673.47745	18.85766	33.92484	700.83852	247.65011	40.32107	429.04370	207.59106	88.07427	373.86386	128.89171	79.40090	118.50716	148.68101	11.15480	130.70658	102.86401	32.59662	150.31440	182.90510	53.71018	108.14652	54.95996	-56.49372	383.37837	10.38689	-115.78879	360.42530	-61.15196	-110.66020	91.65929	-78.68445	-45.44173	108.40367	-107.66915	-89.42922	130.21707	-24.20467	-67.23001	76.61322	21.28170	-35.08092	718.08373	35.68982	11.79097	802.31560	66.31574	-179.53261	461.14713	143.39668	159.87057	480.06511	-20.53494	-181.21426	242.04444	164.45799	146.48023	269.70283	
269	2.680	175.70549	40.94753	948.52041	49.73248	22.45523	992.01490	141.65267	73.94541	638.52957	138.34833	-99.90422	672.35460	29.68016	35.17764	698.12737	262.26593	37.12473	430.30911	224.97369	86.16873	374.40514	156.71234	80.99360	115.96355	174.59730	12.24378	128.24210	128.45870	34.50740	146.31172	210.49883	54.27345	107.34687	60.35541	-56.94590	382.19132	14.99214	-115.97772	360.25519	-60.66842	-110.18464	92.32065	-77.38004	-44.92678	109.27643	-106.41472	-88.57791	131.56281	-23.52370	-67.05592	76.68510	31.00874	-33.79594	715.98685	45.30623	12.99530	800.01753	71.97195	-179.84021	460.29584	159.58801	158.45636	479.64553	-18.47123	-181.08799	242.18290	187.49408	146.26911	268.91028	
270	2.690	185.34854	41.77765	946.02148	59.38217	23.32456	989.75931	154.00603	72.92515	636.18706	147.66210	-100.72146	671.12192	40.96142	36.44416	695.38314	276.18104	33.60249	430.66473	241.56597	84.06888	374.31055	183.47947	82.57505	113.13711	199.36799	13.32870	125.32791	153.04414	36.44501	141.97869	236.90694	54.78015	106.09969	66.18595	-57.40451	380.91695	19.97786	-116.10981	360.03579	-60.06025	-109.73319	93.05458	-75.90162	-44.41843	110.19936	-104.98480	-87.71759	133.01400	-22.74380	-66.90407	76.74213	41.14661	-32.49897	713.79675	55.22491	14.25023	797.50721	77.92497	-180.14057	459.40425	175.76249	156.87222	478.96191	-16.20725	-180.93367	242.38018	209.70077	145.92911	267.71049	
271	2.700	195.00786	42.66426	943.58081	69.02066	24.35552	987.31733	166.73670	71.85616	633.77984	157.33562	-101.54392	669.77798	52.71609	37.70804	692.63871	289.41763	29.84161	430.06941	257.32317	81.81094	373.51701	208.87196	84.03566	109.99056	222.70725	14.31804	121.95985	176.33384	38.30813	137.33828	261.82826	55.13955	104.35317	72.54021	-57.88869	379.54062	25.43860	-116.19557	359.74737	-59.23036	-109.35591	93.86781	-74.17915	-43.96871	111.18628	-103.27861	-86.91693	134.58801	-21.80314	-66.80226	76.77425	51.72716	-31.21124	711.53012	65.48708	15.51676	794.82319	84.24454	-180.43923	458.47282	191.84194	155.14215	477.95799	-13.60021	-180.78003	242.63184	230.89621	145.42400	266.04035	
272	2.710	204.71692	43.61529	941.22711	78.68437	25.54874	984.72233	179.82761	70.76241	631.34350	167.40661	-102.36349	668.31088	64.93673	38.94962	689.91818	302.01445	25.93946	428.51498	272.22707	79.44384	371.98666	232.56852	85.29280	106.50408	244.33118	15.14474	118.15818	198.03890	40.01761	132.43238	284.96709	55.28932	102.08166	79.51032	-58.40464	378.03198	31.47512	-116.23760	359.35299	-58.08430	-109.09417	94.75824	-72.14338	-43.62253	112.24223	-101.19384	-86.23649	136.29346	-20.64508	-66.77210	76.76574	62.76536	-29.95785	709.19650	76.12663	16.75353	792.00088	91.00529	-180.73372	457.48562	207.74828	153.30054	476.58043	-10.50221	-180.64732	242.91877	250.91446	144.73608	263.85921	
273	2.720	214.51206	44.63177	938.97661	88.41155	26.89622	982.00571	193.24054	69.67455	628.91169	177.90207	-103.16877	666.70005	77.59222	40.14351	687.24262	314.02058	22.00319	426.03464	286.28134	77.03016	369.71834	254.26795	86.29691	102.68176	263.97896	15.77189	113.97141	217.88831	41.52126	127.32391	306.05330	55.20181	99.29307	87.18530	-58.94446	376.34731	38.18662	-116.22984	358.80084	-56.53503	-108.97471	95.71663	-69.72796	-43.41091	113.36404	-98.63101	-85.71999	138.13034	-19.22078	-66.82541	76.69781	74.25778	-28.76988	706.80225	87.16763	17.91722	789.07466	98.28226	-181.01293	456.41074	223.40356	151.39460	474.79290	-6.77247	-180.54421	243.20874	269.60838	143.87030	261.15756	
274	2.730	224.42982	45.70753	936.83668	98.23943	28.38162	979.19897	206.91483	68.62918	626.52044	188.83569	-103.94468	664.91952	90.62748	41.25727	684.63596	325.48830	18.14983	422.70856	299.50476	74.64641	366.75600	273.71204	87.03532	98.55757	281.43500	16.19614	109.47897	235.65144	42.79747	122.09872	324.86349	54.88679	96.03372	95.64570	-59.48639	374.43413	45.66430	-116.15778	358.02880	-54.50504	-109.00592	96.72963	-66.87028	-43.34638	114.54227	-95.49571	-85.38842	140.09134	-17.48954	-66.96220	76.55209	86.18189	-27.68543	704.35517	98.62186	18.96326	786.08056	106.14672	-181.25738	455.20324	238.72798	149.48608	472.58856	-2.28563	-180.46621	243.45950	286.85403	142.85739	257.96306	
275	2.740	234.50421	46.82920	934.81011	108.20158	29.98047	976.33623	220.76780	67.66778	624.21177	200.20563	-104.67217	662.94242	103.96465	42.25147	682.13011	336.46545	14.50593	418.66539	311.92335	72.38210	363.19256	290.70848	87.53291	94.19931	296.54945	16.44816	104.79140	251.16016	43.85726	116.86644	341.24050	54.39013	92.38943	104.95969	-59.99656	372.23778	53.98683	-115.99957	356.97080	-51.92594	-109.17668	97.78363	-63.51084	-43.42114	115.76428	-91.69923	-85.23741	142.16439	-15.41674	-67.17050	76.31498	98.49607	-26.74907	701.86896	110.48656	19.84707	783.05914	114.66255	-181.44034	453.81072	253.63697	147.65168	469.99877	3.06394	-180.39572	243.62340	302.55664	141.75525	254.34338	
276	2.750	244.76389	47.97627	932.89986	118.32543	31.66051	973.45680	234.69718	66.83523	622.03608	211.99279	-105.32798	660.74650	117.50612	43.08156	679.76838	346.98822	11.20560	414.07863	323.56250	70.33715	359.16809	305.15085	87.84902	89.70893	309.25440	16.58959	100.04701	264.32744	44.74382	111.75833	355.10894	53.78820	88.48179	115.18063	-60.43206	369.70962	63.21760	-115.72797	355.56472	-48.73639	-109.45787	98.86927	-59.59172	-43.60794	117.01814	-87.15799	-85.23801	144.33605	-12.96992	-67.42810	75.98231	111.14065	-26.00946	699.36706	122.74262	20.52595	780.05819	123.88336	-181.52973	452.18089	268.03861	145.98131	467.09667	9.36110	-180.30382	243.65334	316.65729	140.64755	250.40464	
277	2.760	255.22978	49.12163	931.11346	128.63043	33.38201	970.60758	248.58578	66.17770	620.05260	224.16003	-105.88498	658.32018	131.13928	43.70149	677.60658	357.07488	8.38613	409.15728	334.43973	68.61737	354.86199	317.03244	88.07053	85.21770	319.57311	16.70632	95.40421	275.15913	45.52899	106.92119	366.48445	53.17857	84.45941	126.34571	-60.74502	366.81620	73.40346	-115.31295	353.76099	-44.87900	-109.80608	99.98610	-55.05453	-43.86369	118.29689	-81.79284	-85.34068	146.59530	-10.11340	-67.70580	75.56390	124.04012	-25.51512	696.88523	135.35357	20.96159	777.13451	133.85033	-181.49076	450.27056	281.83280	144.57404	463.99486	16.67101	-180.15349	243.50982	329.13873	139.63898	246.28508	
278	2.770	265.91313	50.23238	929.46651	139.12681	35.09844	967.84450	262.30830	65.74014	618.32767	236.65252	-106.31301	655.66836	144.74318	44.06884	675.71145	366.72117	6.18063	404.13093	344.55922	67.32804	350.47923	326.45110	88.30125	80.87553	327.62059	16.89855	91.02943	283.75657	46.30608	102.50618	375.47487	52.66776	80.48473	138.47536	-60.88722	363.54841	84.57438	-114.72469	351.53131	-40.29737	-110.16920	101.14655	-49.83850	-44.13506	119.60236	-75.52914	-85.48151	148.93713	-6.80254	-67.97189	75.08724	137.10652	-25.30897	694.47250	148.26554	21.12305	774.35459	144.59061	-181.28886	448.05474	294.91346	143.53144	460.83727	25.04081	-179.90400	243.16847	340.02840	138.84697	242.14372	
279	2.780	276.81439	51.27119	927.98477	149.81516	36.75761	965.23288	275.73973	65.56313	616.93095	249.39936	-106.58041	652.81727	158.19636	44.15067	674.15667	375.89807	4.70788	399.23074	353.90837	66.56589	346.23226	333.60306	88.64869	76.83528	333.59479	17.26833	87.08195	290.30840	47.17920	98.65359	382.27265	52.35782	76.71813	151.57297	-60.81470	359.92949	96.74367	-113.93666	348.87639	-34.93395	-110.49304	102.37857	-43.87953	-44.36535	120.94806	-68.29818	-85.59030	151.36526	-2.97840	-68.19696	74.59953	150.24403	-25.42193	692.19029	161.40859	20.98994	771.79359	156.11631	-180.89278	445.53488	307.17382	142.94878	457.78609	34.50111	-179.51578	242.62722	349.39677	138.39035	238.14493	
280	2.790	287.92294	52.19825	926.70464	160.68662	38.30340	962.84610	288.76458	65.67963	615.92993	262.31659	-106.65630	649.81751	171.38544	43.92957	673.01693	384.55260	4.06033	394.66844	362.45711	66.41026	342.32063	338.76543	89.20992	73.23442	337.75902	17.90614	83.69755	295.07200	48.24972	95.47552	387.13871	52.33344	73.30180	165.62469	-60.49178	356.02074	109.90819	-112.92855	345.83152	-28.72909	-110.72827	103.72599	-37.11039	-44.50171	122.36019	-60.04019	-85.59914	153.89332	1.43627	-68.35857	74.16751	163.35437	-25.86698	690.10980	174.69935	20.55541	769.53257	168.42364	-180.27761	442.74490	318.51464	142.90491	455.00539	45.06667	-178.95516	241.91198	357.34979	138.37619	234.44097	
281	2.800	299.21768	52.97365	925.67158	171.72383	39.67816	960.76279	301.28574	66.11169	615.38350	275.31142	-106.51339	646.74467	184.21329	43.40858	672.36089	392.61184	4.29190	390.61672	370.16013	66.91436	338.91146	342.26895	90.05821	70.17764	340.41819	18.87808	80.97393	298.34694	49.60147	93.04022	390.37980	52.65157	70.34607	180.59933	-59.89398	351.92364	124.04858	-111.68851	342.46933	-21.62160	-110.83660	105.24608	-29.46236	-44.50169	123.87649	-50.70846	-85.45063	156.54397	6.53900	-68.44479	73.87438	176.34267	-26.63429	688.30766	188.04502	19.82847	767.65420	181.49236	-179.42720	439.75403	328.85378	143.45222	452.64375	56.73651	-178.19848	241.07961	364.01570	138.88651	231.15551	
282	2.810	310.66850	53.56011	924.93694	182.90243	40.82581	959.06238	313.23193	66.86776	615.33560	288.28740	-106.13088	643.69695	196.60592	42.61423	672.24417	399.99037	5.40779	387.19432	376.96225	68.09785	336.12406	344.46504	91.23260	67.72447	341.89193	20.21564	78.96077	300.44480	51.28667	91.36184	392.32218	53.33470	67.92059	196.44852	-59.00953	347.77771	139.12936	-110.21468	338.89866	-13.55044	-110.79537	107.00396	-20.86812	-44.33814	125.54251	-40.27378	-85.10457	159.34574	12.44700	-68.45611	73.81385	189.12308	-27.68878	686.86054	201.34843	18.83523	766.23705	195.28534	-178.33601	436.66576	338.13558	144.60845	450.81864	69.49364	-177.23487	240.21705	369.52825	139.96681	228.37143	
283	2.820	322.23843	53.92593	924.55319	194.19286	41.69549	957.81968	324.56254	67.94105	615.80995	301.15006	-105.49728	640.78979	208.51697	41.59667	672.70329	406.60040	7.35860	384.45873	382.80675	69.94184	334.02138	345.69266	92.73161	65.88464	342.48915	21.90935	77.65649	301.66066	53.31474	90.39875	393.28554	54.36869	66.05160	213.10740	-57.83937	343.75364	155.09938	-108.51569	335.25941	-4.45723	-110.59976	109.06434	-11.26545	-44.00188	127.40571	-28.72817	-84.54225	162.32779	19.29377	-68.40529	74.08146	201.62363	-28.97064	685.83906	214.51374	17.61860	765.34937	209.74860	-177.00997	433.61257	346.33827	146.35190	449.60494	83.30518	-176.06752	239.43611	374.00973	141.61833	226.12568	
284	2.830	333.88621	54.04779	924.56834	205.56246	42.24538	957.09894	335.26931	69.30930	616.80661	313.81273	-104.61226	638.14772	219.92922	40.42669	673.75130	412.36360	10.04083	382.40794	387.64593	72.38732	332.60992	346.25044	94.51199	64.62240	342.48754	23.90745	77.01242	302.25116	55.64615	90.06136	393.56080	55.70504	64.72511	230.49618	-56.39599	340.04213	171.89264	-106.61019	331.71356	5.71082	-110.26231	111.48146	-0.60111	-43.50164	129.50780	-16.08669	-83.76772	165.51312	27.22280	-68.31506	74.76414	213.78971	-30.39916	685.30169	227.45207	16.23631	765.04297	224.81202	-175.46635	430.74687	353.47807	148.62136	449.02958	98.12320	-174.71319	238.86384	377.55808	143.79538	224.41180	
285	2.840	345.56900	53.91305	925.02008	216.97748	42.44634	956.94813	345.37447	70.93628	618.30104	326.20188	-103.48734	635.89424	230.85295	39.18947	675.37565	417.22329	13.30447	380.99049	391.45270	75.33775	331.84741	346.37851	96.49258	63.86812	342.12049	26.11998	76.94338	302.42215	58.19254	90.22796	393.39461	57.26696	63.89487	248.52273	-54.70132	336.83936	189.42994	-104.52563	328.43313	16.99794	-109.80963	114.28858	11.16560	-42.86143	131.87652	-2.38681	-82.80576	168.91126	36.37891	-68.21412	75.92935	225.58594	-31.87975	685.28924	240.08664	14.75721	765.34800	240.39124	-173.73268	428.22876	359.60924	151.32093	449.07263	113.88651	-173.20011	238.62941	380.24135	146.40835	223.18916	
286	2.850	357.24505	53.52146	925.93035	228.40502	42.28496	957.39409	354.92579	72.77499	620.24557	338.26156	-102.14507	634.14073	241.32140	37.97600	677.53827	421.15560	16.96746	380.12137	394.23157	78.66595	331.65636	346.25148	98.56295	63.53414	341.57216	28.42774	77.34238	302.32648	60.82387	90.76485	392.98164	58.95853	63.49303	267.08619	-52.78449	334.33073	207.62149	-102.29639	325.58635	29.43718	-109.27717	117.48899	24.06038	-42.11581	134.51805	12.31502	-81.69697	172.51151	46.89795	-68.13212	77.61524	236.99632	-33.31313	685.82052	252.35665	13.25633	766.26934	256.39087	-171.84481	426.21225	364.82010	154.32944	449.67417	130.52327	-171.56468	238.84925	382.10093	149.33222	222.39594	
287	2.860	368.87587	52.88586	927.30104	239.81455	41.76544	958.43914	363.98921	74.77203	622.57307	349.95657	-100.61667	632.97579	251.38409	36.87333	680.17760	424.17802	20.83495	379.69990	396.02688	82.22492	331.93987	345.98205	100.59586	63.53071	340.97961	30.69542	78.09634	302.07023	63.38222	91.54628	392.46437	60.67557	63.44129	286.08149	-50.67988	332.67491	226.37030	-99.96180	323.32379	43.04818	-108.70272	121.05002	38.09259	-41.30394	137.41138	27.94896	-80.49076	176.27813	58.89602	-68.09447	79.82354	248.02285	-34.60544	686.88945	264.21968	11.80902	767.78497	272.70908	-169.84451	424.83139	369.22541	157.51278	450.74499	147.95408	-169.84751	239.61260	383.16240	152.41955	221.96236	
288	2.870	380.42794	52.03185	929.11134	251.17910	40.91017	960.05954	372.64024	76.87275	625.20216	361.27391	-98.93854	632.45636	261.09912	35.95511	683.21212	426.35433	24.72045	379.62546	396.92668	85.86141	332.59636	345.63245	102.46225	63.77864	340.43969	32.78725	79.09983	301.72411	65.70087	92.46998	391.93868	62.31721	63.66057	305.40431	-48.42580	331.99011	245.57637	-97.56407	321.76606	57.83566	-108.12005	124.90142	53.25560	-40.46341	140.50554	44.43877	-79.23737	180.14832	72.45957	-68.11807	82.51630	258.68286	-35.67783	688.46407	275.65238	10.48506	769.84649	289.24344	-167.77676	424.18820	372.95632	160.73736	452.17906	166.09524	-168.08930	240.96993	383.45096	155.51621	221.82144	
289	2.880	391.87366	50.99646	931.31700	262.47584	39.75877	962.20598	380.95523	79.02626	628.04308	372.22251	-97.14810	632.60173	270.52550	35.27399	686.54488	427.79468	28.46523	379.80843	397.06114	89.43055	333.53047	345.23026	104.04708	64.21639	340.01813	34.58316	80.26478	301.33652	67.62623	93.46570	391.46318	63.79676	64.07812	324.95613	-46.06367	332.34450	265.14122	-95.14630	320.99465	73.78884	-107.55365	128.93854	69.52838	-39.62497	143.72054	61.70901	-77.98041	184.03353	87.63795	-68.20858	85.61721	269.00557	-36.47399	690.48726	286.64966	9.34330	772.38166	305.89730	-165.68708	424.34389	376.14928	163.88266	453.86547	184.86181	-166.32723	242.92607	383.00744	158.47783	221.91543	
290	2.890	403.19166	49.82587	933.85170	273.68631	38.36563	964.80598	389.00382	81.18970	631.00366	382.83118	-95.27976	633.39117	279.71659	34.85676	690.06850	428.65053	31.95275	380.17503	396.59549	92.80935	334.65922	344.78501	105.26376	64.80142	339.75857	35.99336	81.52509	300.94523	69.03922	94.49609	391.06985	65.05058	64.63151	344.64870	-43.63747	333.75175	284.97241	-92.75054	321.04672	90.88180	-107.01560	133.03001	86.87824	-38.80883	146.95204	79.69129	-76.75109	187.82441	104.43937	-68.35963	89.01730	279.02827	-36.96482	692.87942	297.22246	8.42754	775.29867	322.58625	-163.61885	425.31418	378.93561	166.85120	455.69853	204.17025	-164.59223	245.43947	381.90115	161.18447	222.19797	
291	2.900	414.36657	48.57248	936.63028	284.79617	36.79625	967.76798	396.84334	83.33119	633.99466	393.14490	-93.36144	634.76535	288.71539	34.70290	693.67052	429.10449	35.11615	380.66696	395.71860	95.90711	335.91351	344.30242	106.06503	65.50675	339.68963	36.96900	82.83649	300.58566	69.87255	95.55125	390.77400	66.04389	65.26985	364.40751	-41.19268	336.17213	304.98754	-90.41579	321.91448	109.07510	-106.50478	137.02889	105.26416	-38.02314	150.07915	98.32884	-75.56511	191.39854	122.83100	-68.55393	92.58451	288.79257	-37.14955	695.54266	307.39477	7.76385	778.49164	339.24385	-161.61079	427.06949	381.43325	169.57473	457.58493	223.94087	-162.90722	248.42739	380.23686	163.55173	222.63296	
292	2.910	425.38825	47.29158	939.55371	295.79472	35.12274	970.98683	404.51570	85.43111	636.93424	403.22010	-91.41232	636.63141	297.55215	34.78639	697.23862	429.35603	37.93801	381.23766	394.62902	98.67103	337.23660	343.79438	106.44839	66.31494	339.82964	37.50738	84.17265	300.29489	70.12048	96.63925	390.58247	66.77285	65.95296	384.17383	-38.77427	339.51889	325.11751	-88.17573	323.54871	128.31848	-106.00858	140.78573	124.64024	-37.26450	152.97479	117.57914	-74.42264	194.63024	142.74298	-68.76592	96.17574	298.34093	-37.05375	698.36627	317.20019	7.35973	781.84683	355.82580	-159.69442	429.53931	383.74193	172.01636	459.44804	244.10019	-161.28649	251.77604	378.15456	165.53684	223.19141	
293	2.920	436.25095	46.03789	942.51508	306.67420	33.41891	974.34990	412.04697	87.48178	639.75117	413.11918	-89.44203	638.87068	306.24426	35.06025	700.66579	429.60488	40.44333	381.84754	393.52036	101.08653	338.58123	343.28364	106.45515	67.21154	340.18875	37.65073	85.51936	300.11183	69.83924	97.77555	390.49907	67.26264	66.64939	403.90503	-36.42341	343.66863	345.30848	-86.05626	325.86589	148.55458	-105.50638	144.16174	144.95881	-36.52020	155.51700	137.41442	-73.31101	197.40119	164.07577	-68.96521	99.64993	307.71394	-36.72453	701.23307	326.67845	7.20481	785.24899	372.31202	-157.89169	432.62048	385.94185	174.16871	461.22929	264.58337	-159.73581	255.35388	375.82230	167.13907	223.84793	
294	2.930	446.95228	44.86236	945.40622	317.42925	31.75552	977.74353	419.44925	89.48552	642.38709	422.90503	-87.45135	641.34840	314.79823	35.46296	703.85505	430.03415	42.68761	382.46006	392.56793	103.17265	339.90680	342.80350	106.16322	68.17992	340.76930	37.47890	86.86839	300.07422	69.13780	98.97367	390.52745	67.56193	67.33422	423.57310	-34.17316	348.47439	365.52259	-84.07284	328.75787	169.72313	-104.97405	147.04055	166.17274	-35.77162	157.60005	157.82048	-72.20956	199.61049	186.70952	-69.12013	102.88055	316.94827	-36.22401	704.02611	335.87231	7.27314	788.58752	388.70616	-156.21279	436.18778	388.09560	176.04890	462.88747	285.33686	-158.25317	259.02563	373.42331	168.39486	224.57787	
295	2.940	457.49245	43.80928	948.12426	328.05644	30.19608	981.05919	426.72445	91.45174	644.79752	432.63597	-85.43414	643.92415	323.21330	35.92573	706.72372	430.79565	44.74262	383.03976	391.91789	104.97361	341.17767	342.39351	105.67482	69.19848	341.56516	37.09717	88.21240	300.21416	68.16092	100.23886	390.67160	67.73479	67.98725	443.16157	-32.04356	353.77963	385.73701	-82.22807	332.10280	191.76531	-104.38846	149.33719	188.23678	-34.99799	159.14385	178.79429	-71.09543	201.18292	210.51421	-69.20080	105.76613	326.07553	-35.62203	706.63523	344.82499	7.52656	791.76176	405.03221	-154.65455	440.10580	390.25200	177.69157	464.39656	306.32103	-156.82966	262.66514	371.13965	169.36875	225.35563	
296	2.950	467.87371	42.91415	950.57754	338.55403	28.79354	984.19881	433.86915	93.39326	646.95206	442.36168	-83.38033	646.46202	331.48580	36.37984	709.20685	431.99922	46.68248	383.55219	391.67966	106.54864	342.36271	342.09289	105.10167	70.24043	342.56098	36.62140	89.54179	300.55339	67.06765	101.56528	390.93472	67.85133	68.59185	462.66102	-30.03720	359.43152	405.94154	-80.50973	335.77624	214.62758	-103.73113	151.00343	211.10789	-34.17986	160.10051	200.34068	-69.94909	202.07460	235.35897	-69.18097	108.23749	335.12191	-34.98892	708.96305	353.57826	7.91879	794.68539	421.32860	-153.19960	444.24039	392.45080	179.14104	465.74276	327.51240	-155.45039	266.16552	369.13503	170.14169	226.15437	
297	2.960	478.10020	42.20219	952.69047	348.92210	27.58808	987.07912	440.87971	95.32268	648.83373	452.12047	-81.27933	648.83959	339.61376	36.76304	711.25955	433.70748	48.57212	383.96542	391.92226	107.96162	343.43599	341.93348	104.54995	71.27574	343.73206	36.16291	90.84366	301.09971	66.00938	102.93657	391.31731	67.97848	69.13455	482.06376	-28.13613	365.29203	426.13467	-78.88970	339.66107	238.26444	-102.99025	152.02925	234.74445	-33.30178	160.45743	222.46880	-68.75878	202.27523	261.11965	-69.03852	110.26127	344.10856	-34.38921	710.92980	362.17123	8.39976	797.28949	437.64034	-151.81670	448.46842	394.72666	180.44406	466.92145	348.90486	-154.09506	269.44560	367.53952	170.79867	226.94694	
298	2.970	488.17806	41.68758	954.40690	359.16287	26.60616	989.63465	447.75709	97.24909	650.43773	461.93795	-79.12327	650.95506	347.60095	37.02469	712.85803	435.93633	50.45952	384.25213	392.67430	109.27227	344.37790	341.93412	104.10772	72.27439	345.04520	35.81546	92.10268	301.84539	65.11132	104.32886	391.81520	68.17233	69.60517	501.35806	-26.30073	371.24565	446.31850	-77.32412	343.65525	262.63959	-102.16089	152.44051	259.10455	-32.35362	160.23645	245.18830	-67.52282	201.80700	287.68359	-68.75459	111.83931	353.05252	-33.87665	712.47676	370.63972	8.91983	799.52441	454.01028	-150.46224	452.68495	397.11188	181.64389	467.93448	370.50908	-152.73835	272.45283	366.43869	171.41745	227.70769	
299	2.980	498.11581	41.37353	955.69180	369.28125	25.86053	991.81928	454.51049	99.17574	651.76972	471.82742	-76.90972	652.73194	355.45975	37.12916	713.99916	438.66079	52.37229	384.39181	393.92782	110.52987	345.17641	342.09752	103.83651	73.20996	346.46078	35.64617	93.30312	302.76793	64.46009	105.71519	392.41827	68.47280	69.99727	520.52277	-24.47108	377.20312	466.49288	-75.75499	347.67669	287.72525	-101.24337	152.29355	284.14345	-31.33071	159.48939	268.50582	-66.24979	200.72031	314.95132	-68.31149	113.00425	361.96801	-33.49102	713.56799	379.01611	9.43348	801.36021	470.47063	-149.08285	456.80697	399.63744	182.77645	468.78814	392.34990	-151.35004	275.16264	365.86903	172.06008	228.41461	
300	2.990	507.92493	41.25289	956.53134	379.28548	25.35119	993.60644	461.15969	101.09889	652.84383	481.79157	-74.64328	654.12125	363.21277	37.05735	714.69839	441.82496	54.31817	384.37211	395.64517	111.76987	345.82783	342.41032	103.76784	74.06285	347.93592	35.69120	94.43148	303.83327	64.09884	107.07016	393.11015	68.90123	70.30847	539.52267	-22.57075	383.10079	486.64948	-74.11309	351.66471	313.49935	-100.24013	151.66739	309.81045	-30.23261	158.29057	292.42134	-64.95648	199.08699	342.83517	-67.68985	113.81200	370.86798	-33.25650	714.19013	387.32964	9.90215	802.78589	487.03614	-147.61888	460.77388	402.33285	183.86841	469.49180	414.46123	-149.89501	277.57498	365.82030	172.76782	229.05134	
301	3.000	517.62038	41.30926	956.93138	389.18776	25.06691	994.98796	467.73589	103.00804	653.68056	491.82545	-72.33587	655.10106	370.89286	36.80653	714.98642	445.35448	56.28846	384.18948	397.76859	113.01314	346.33691	342.84614	103.90463	74.82241	349.42830	35.95637	95.47880	305.00068	64.02952	108.37393	393.86926	69.46077	70.54065	558.30552	-20.51250	388.89600	506.76638	-72.32231	355.57800	339.94101	-99.15180	150.65434	336.04544	-29.06101	156.72718	316.92474	-63.66423	196.99177	371.25523	-66.86568	114.33196	379.76563	-33.18174	714.35056	395.60700	10.29621	803.80745	503.69988	-146.00834	464.54478	405.22557	184.93713	470.05707	436.87890	-148.33342	279.70846	366.24418	173.56011	229.60877	
302	3.010	527.22109	41.51851	956.91469	399.00464	24.98708	995.97186	474.28100	104.88739	654.30462	501.92012	-70.00565	655.67370	378.54191	36.38867	714.90472	449.16983	58.26337	383.84869	400.23119	114.26749	346.71596	343.37084	104.22645	75.48798	350.90016	36.42175	96.44236	306.22862	64.22078	109.61510	394.67069	70.13894	70.69967	576.80108	-18.20550	394.55908	526.80398	-70.30496	359.38952	367.02427	-97.97321	149.35006	362.77551	-27.81701	154.88873	341.99220	-62.39429	194.52293	400.13331	-65.80797	114.63618	388.67588	-33.26116	714.07380	403.87314	10.59587	804.44506	520.43225	-144.19096	468.09347	408.34055	185.99198	470.49735	459.63198	-146.62112	281.59290	367.06767	174.43675	230.08570	
303	3.020	536.75008	41.85043	956.51723	408.75716	25.08353	996.57917	480.84586	106.71838	654.74279	512.06662	-67.67469	655.86106	386.20869	35.82761	714.50056	453.19860	60.21770	383.36139	402.96833	115.53059	346.98322	343.94883	104.69713	76.06864	352.32199	37.04899	97.32637	307.48063	64.61927	110.79215	395.48901	70.91190	70.79484	594.92262	-15.56312	400.06339	546.70286	-67.98766	363.07899	394.71090	-96.68998	147.84349	389.91183	-26.49824	152.85653	367.58241	-61.16291	191.76298	429.38575	-64.47748	114.78847	397.61666	-33.47728	713.39692	412.15228	10.79119	804.72942	537.18333	-142.11196	471.40191	411.70073	187.03639	470.82712	482.73358	-144.71071	283.26070	368.20862	175.38264	230.48861	
304	3.030	546.23444	42.27048	955.78389	418.47055	25.32229	996.84019	487.48764	108.48289	655.02179	522.25970	-65.36584	655.69859	393.94631	35.15582	713.82195	457.38559	62.12620	382.74399	405.92803	116.79355	347.16034	344.54921	105.27307	76.58197	353.67542	37.78982	98.14171	308.73010	65.16184	111.91363	396.30119	71.74920	70.83806	612.57101	-12.51061	405.37480	566.38394	-65.30744	366.62413	422.94256	-95.27639	146.20765	417.34710	-25.09643	150.69430	393.63271	-59.97696	188.78027	458.91584	-62.82726	114.83471	406.60998	-33.80350	712.36427	420.46904	10.88134	804.69760	553.88813	-139.72532	474.45331	415.32830	188.07033	471.06104	506.17198	-142.55320	284.73792	369.59092	176.37370	230.83037	
305	3.040	555.70482	42.74148	954.76406	428.17356	25.66500	996.79039	494.26694	110.16649	655.16615	532.50077	-63.09928	655.22871	401.80958	34.41092	712.91310	461.69990	63.96782	382.01485	409.07923	118.04462	347.26935	345.15065	105.91075	77.05221	354.95491	38.59411	98.90474	309.96360	65.78646	112.99711	397.08945	72.61853	70.84285	629.64112	-8.99191	410.44230	585.75110	-62.21742	369.99196	451.63301	-93.69511	144.49175	444.95351	-23.59562	148.44096	420.05490	-58.83060	185.62225	488.60678	-60.80522	114.79536	415.68260	-34.20707	711.02224	428.84955	10.87338	804.38882	570.47375	-136.99637	477.22578	419.24663	189.09273	471.21246	529.90316	-140.10063	286.03572	371.15706	177.38281	231.12819	
306	3.050	565.19459	43.22528	953.50753	437.89727	26.07017	996.46628	501.24485	111.76137	655.19603	542.79981	-60.88928	654.49443	409.85271	33.63273	711.81087	466.13869	65.72862	381.19123	412.41708	119.27238	347.32920	345.74448	106.57240	77.50785	356.16818	39.41648	99.63557	311.18227	66.44042	114.06743	397.84356	73.48954	70.82320	646.02995	-4.97508	415.19149	604.69612	-58.69165	373.13170	480.66077	-91.89909	142.71547	472.58125	-21.97172	146.10634	446.73114	-57.70356	182.31120	518.31562	-58.35871	114.66103	424.86624	-34.65182	709.41474	437.32246	10.78064	803.84025	586.86735	-133.90363	479.68748	423.48219	190.10356	471.29150	553.84562	-137.30957	287.14326	372.87646	178.38478	231.40087	
307	3.060	574.73872	43.68423	952.06080	447.67370	26.49425	995.90163	508.48044	113.26838	655.12514	553.17590	-58.74189	653.53388	418.12748	32.86104	710.54243	470.72768	67.40341	380.28608	415.96476	120.46812	347.35232	346.33553	107.22924	77.97922	357.33535	40.22066	100.35602	312.40156	67.08509	115.15433	398.56222	74.33664	70.79249	661.64578	-0.45581	419.52201	623.10554	-54.72854	375.97047	509.86291	-89.83573	140.86597	500.05737	-20.19366	143.67039	473.51005	-56.56147	178.84276	547.86884	-55.44090	114.39185	434.19725	-35.10038	707.57983	445.91973	10.62125	803.08341	603.00347	-130.44012	481.79394	428.06588	191.10534	471.30287	577.87787	-134.14550	288.02305	374.74910	179.35977	231.66578	
308	3.070	584.37239	44.08273	950.46435	457.53416	26.89269	995.12437	516.02860	114.69789	654.95888	563.65632	-56.65388	652.37650	426.68174	32.13420	709.12437	475.51900	68.99613	379.30504	419.77197	121.62734	347.34139	346.94117	107.86227	78.49616	358.48707	40.98154	101.08746	313.64968	67.69724	116.28995	399.25359	75.14036	70.76244	676.41707	4.54111	423.30991	640.86852	-50.35269	378.41300	539.03057	-87.45337	138.89840	527.18499	-18.22643	141.08646	500.20357	-55.35838	175.18808	577.05985	-52.01852	113.92105	443.71550	-35.51581	705.54799	454.67683	10.41675	802.14137	618.82953	-126.61410	483.48792	433.03350	192.10385	471.24361	601.83889	-130.58765	288.60992	376.80456	180.29498	231.93580	
309	3.080	594.12942	44.38855	948.75085	467.50745	27.22124	994.15438	523.93846	116.06919	654.69287	574.27419	-54.61329	651.04119	435.55809	31.48868	707.56321	480.58690	70.51914	378.24394	423.91054	122.75016	347.28680	347.58910	108.46128	79.08591	359.66209	41.68499	101.84907	314.96545	68.26768	117.50634	399.93487	75.88756	70.74205	690.30020	9.96232	426.41501	657.88489	-45.61474	380.34594	567.90699	-84.70959	136.74060	553.74341	-16.03598	138.28841	526.58551	-54.04169	171.29953	605.64902	-48.08014	113.16276	453.46232	-35.86264	703.34205	463.63236	10.19114	801.02721	634.30846	-122.44952	484.70196	438.42521	193.10802	471.10118	625.53157	-126.63404	288.81449	379.09755	181.18469	232.21668	
310	3.090	604.04064	44.57421	946.94441	477.61829	27.43749	993.00266	532.25214	117.40862	654.31230	585.06501	-52.60148	649.53682	444.79244	30.95915	705.85719	486.02189	71.99145	377.08705	428.46817	123.84078	347.16515	348.31483	109.02268	79.77154	360.90476	42.32632	102.65645	316.39621	68.79828	118.83324	400.63118	76.57060	70.73687	703.28501	15.72830	428.69280	674.07245	-40.58931	381.64666	596.18907	-81.58061	134.30200	579.48947	-13.59578	135.20145	552.39254	-52.55915	167.12002	633.36644	-43.64415	112.02362	463.47765	-36.10727	700.97885	472.82689	9.97027	799.74378	649.41820	-117.98635	485.36339	444.28420	194.12901	470.85231	648.72888	-122.30592	288.53162	381.70144	182.02916	232.50503	
311	3.100	614.13236	44.61825	945.06099	487.88586	27.50293	991.67183	541.00378	118.74634	653.79223	596.06211	-50.59666	647.86488	454.41235	30.57896	703.99904	491.92424	73.43607	375.80655	433.54120	124.90618	346.93910	349.15963	109.54706	80.57091	362.26302	42.90791	103.52082	317.99623	69.29826	120.29625	401.37415	77.18606	70.74843	715.39721	21.73724	430.00988	689.37260	-35.37124	382.19605	623.53358	-78.07060	131.48683	604.16142	-10.89411	131.75551	577.32900	-50.86731	162.59553	659.91824	-38.76517	110.41695	473.79629	-36.21821	698.47229	482.30081	9.78171	798.28516	664.14824	-113.28079	485.40146	450.65494	195.17849	470.46286	671.18272	-117.65113	287.65340	384.70121	182.83285	232.78729	
312	3.110	624.42488	44.50635	943.10979	498.32263	27.38528	990.15810	550.21859	120.11237	653.09931	607.29179	-48.57831	646.02402	464.43498	30.38063	701.97959	498.39713	74.87662	374.36347	439.22749	125.95424	346.55886	350.16980	110.03742	81.49619	363.78724	43.43688	104.44895	319.82616	69.78112	121.91555	402.20064	77.73314	70.77427	726.69717	27.87002	430.26112	703.75367	-30.07041	381.89386	649.56901	-74.21929	128.21041	627.48612	-7.94110	127.89986	601.07651	-48.94050	157.68939	684.99687	-33.53764	108.27806	484.44360	-36.16611	695.83728	492.09153	9.65482	796.63957	678.49408	-108.40533	484.75606	457.58146	196.26651	469.88898	692.63534	-112.74537	286.08554	388.18735	183.60246	233.03983	
313	3.120	634.93133	44.23233	941.09562	508.93371	27.06111	988.45468	559.91194	121.53223	652.19471	618.76845	-46.53195	644.01591	474.86484	30.39589	699.79180	505.54018	76.33354	372.71046	445.62011	126.99160	345.96540	351.39753	110.49828	82.55416	365.53004	43.92328	105.44355	321.95323	70.26250	123.70517	403.15219	78.21256	70.80867	737.27493	33.99571	429.38651	717.21174	-24.80571	380.67469	673.91383	-70.10623	124.41681	649.19025	-4.77421	123.61693	623.30916	-46.77877	152.39683	708.29561	-28.09532	105.57839	495.43126	-35.92396	693.09418	502.22999	9.62090	794.79373	692.45095	-103.44835	483.38742	465.10588	197.39912	469.07989	712.83326	-107.69123	283.76497	392.25155	184.34530	233.23026	
314	3.130	645.65672	43.79874	939.02185	519.71646	26.51853	986.55610	570.08825	123.02277	651.03851	630.49038	-44.45362	641.85150	485.69170	30.65514	697.43493	513.44358	77.82016	370.79648	452.80243	128.02154	345.09544	352.90313	110.93599	83.74697	367.54697	44.37917	106.50441	324.45234	70.75957	125.67286	404.27537	78.62589	70.84407	747.24152	39.97721	427.38530	729.76863	-19.69892	378.52238	696.20088	-65.85004	120.09514	669.01583	-1.46062	118.93325	643.71406	-44.41347	146.75702	729.52711	-22.60579	102.33626	506.75335	-35.46750	690.27303	512.73693	9.71316	792.73810	706.00814	-98.51306	481.28586	473.26737	198.57611	467.98212	731.54349	-102.61425	280.67587	396.98451	185.06818	233.31986	
315	3.140	656.59740	43.21712	936.89386	530.66063	25.75954	984.46326	580.74000	124.58879	649.59506	642.43684	-42.35324	639.55686	496.88905	31.18624	694.91859	522.18317	79.33918	368.57328	460.84467	129.04214	343.88791	354.75815	111.35994	85.07345	369.89790	44.81849	107.62992	327.40706	71.29145	127.82049	405.62314	78.97583	70.87345	756.71741	45.67644	424.32513	741.46743	-14.86905	375.48044	716.10664	-61.60171	115.29134	686.73905	1.90419	113.92520	662.01614	-41.90885	140.86018	748.44499	-17.25958	98.62192	518.38380	-34.77611	687.41698	523.61943	9.96623	790.47259	719.14518	-93.71524	478.48056	482.10146	199.78929	466.54529	748.57104	-97.65633	276.86108	402.47544	185.77693	233.26719	
316	3.150	667.74082	42.50768	934.72253	541.74877	24.80164	982.18834	591.84677	126.22087	647.83900	654.56694	-40.25647	637.17760	508.41364	32.01249	692.26626	531.81642	80.87995	366.00332	469.80182	130.04513	342.29156	357.04825	111.78416	86.53082	372.64855	45.25760	108.81892	330.91024	71.88047	130.14487	407.25710	79.26723	70.89311	765.81911	50.95884	420.34424	752.36576	-10.42775	371.65646	733.38241	-57.53193	110.11245	702.19074	5.20251	108.71814	678.00461	-39.35897	134.84733	764.86650	-12.25449	94.55545	530.27556	-33.83404	684.58446	534.86803	10.41503	788.01198	731.83048	-89.17951	475.04578	491.63938	201.02153	464.72891	763.77614	-92.96674	272.42615	408.81231	186.47640	233.03268	
317	3.160	679.06576	41.69842	932.52747	552.95707	23.67853	979.75916	603.37476	127.89483	645.76131	666.82057	-38.20449	634.78097	520.20654	33.15012	689.51792	542.37952	82.41696	363.06837	479.71254	131.01546	340.27303	359.87457	112.22887	88.11658	375.87170	45.71604	110.07258	335.06304	72.55313	132.63901	409.24989	79.50878	70.90586	774.64563	55.69695	415.64542	762.52740	-6.47634	367.21900	747.88327	-53.81375	104.72127	715.27571	8.30438	103.47802	691.55726	-36.87988	128.90124	778.69328	-7.77686	90.29707	542.36197	-32.63204	681.84963	546.45511	11.09288	785.39031	744.02259	-85.03412	471.10317	501.90716	202.24690	462.50976	777.08870	-88.69195	267.53438	416.08162	187.17064	232.58403	
318	3.170	690.54298	40.82370	930.33960	564.25641	22.43942	977.22211	615.27698	129.57273	643.37466	679.12153	-36.25158	632.45519	532.19587	34.60538	686.73151	553.88545	83.90995	359.77778	490.59869	131.93185	337.82463	363.35268	112.72115	89.83059	379.64771	46.21707	111.39609	339.97223	73.34018	135.29349	411.68728	79.71508	70.92400	783.26648	59.77317	410.48166	772.01300	-3.10439	362.38658	759.58949	-50.60322	99.32097	725.98753	11.08050	98.39605	702.65812	-34.59779	123.22894	789.92678	-3.98229	86.03076	554.56062	-31.16920	679.30077	558.33472	12.02884	782.66352	755.67340	-81.40437	466.81846	512.92415	203.43182	459.88916	788.51690	-84.96546	262.39248	424.36641	187.86303	231.90240	
319	3.180	702.13620	39.92211	928.20261	575.61372	21.14695	974.64336	627.49435	131.20551	640.71743	691.38269	-34.46098	630.30554	544.30125	36.37180	683.98277	566.32316	85.30587	356.17526	502.46503	132.76832	334.97077	367.60838	113.29448	91.67692	384.06397	46.78762	112.79969	345.74506	74.27519	138.09792	414.66924	79.90872	70.97147	791.71309	63.08225	405.13461	780.87088	-0.38966	357.40964	768.61532	-48.02144	94.13148	734.41549	13.41603	93.66854	711.40410	-32.63523	118.03796	798.67480	-0.97928	81.94382	566.77915	-29.45484	677.03659	570.44415	13.24453	779.90978	766.73226	-78.40538	462.39197	524.70078	204.53745	456.89901	798.14711	-81.89932	257.22864	433.74185	188.55615	230.98874	
320	3.190	713.80355	39.03411	926.17318	586.99343	19.87366	972.10779	639.95786	132.73679	637.85564	703.51246	-32.89921	628.44775	556.43948	38.42785	681.36331	579.65792	86.54285	352.34292	515.29888	133.49671	331.77228	372.77038	113.98692	93.66523	389.21327	47.45734	114.29865	352.48237	75.39120	141.04198	418.30946	80.12185	71.08492	799.97500	65.53383	399.88837	789.12917	1.60141	352.54761	775.20159	-46.14147	89.36171	740.74118	15.22306	89.47472	717.99786	-31.09717	113.51013	805.14665	1.18131	78.20567	578.92274	-27.51014	675.16073	582.70720	14.75073	777.22720	777.15013	-76.13497	458.04316	537.23566	205.52282	453.60597	806.13341	-79.57824	252.26650	444.26821	189.25136	229.86982	
321	3.200	725.49933	38.19921	924.31955	598.35921	18.69719	969.71559	652.59184	134.10744	634.88227	715.42203	-31.62988	626.99898	568.53087	40.73560	678.97671	593.83293	87.55608	348.40146	529.06973	134.08980	328.32760	378.96076	114.83791	95.81135	395.19110	48.25678	115.91205	360.27050	76.71596	144.11597	422.73311	80.39687	71.31286	808.00153	67.05581	395.00232	796.79049	2.81353	348.04420	779.69125	-44.98236	85.18282	745.22407	16.44984	85.95656	722.72656	-30.05923	109.77805	809.63603	2.50895	74.94967	590.90200	-25.36916	673.77470	595.03883	16.54411	774.72890	786.88268	-74.66753	453.99087	550.51241	206.34860	450.11270	812.67680	-78.05691	247.69962	455.98219	189.94832	228.60309	
322	3.210	737.17602	37.45331	922.71858	609.67562	17.69479	967.57685	665.31801	135.26027	631.91381	727.03234	-30.70779	626.06782	580.50530	43.24071	676.93280	608.77215	88.28508	344.50592	543.72890	134.52493	324.77019	386.28465	115.88425	98.13646	402.09237	49.21474	117.66009	369.17343	78.26626	147.31033	428.07279	80.78571	71.71293	815.70864	67.59858	390.68705	803.83018	3.20388	344.10475	782.49106	-44.51102	81.70807	748.17748	17.08568	83.20380	725.92955	-29.55949	106.90883	812.49363	3.06808	72.26119	602.64036	-23.07896	672.97014	607.35080	18.60490	772.53585	795.89198	-74.04948	450.43215	564.49662	206.98092	446.55555	817.99705	-77.35986	243.67163	468.88788	190.64473	227.27904	
323	3.220	748.78657	36.82609	921.45122	620.90988	16.93736	965.80441	678.06015	136.14450	629.08390	738.27993	-30.17409	625.74433	592.30717	45.87420	675.34046	624.38443	88.68163	340.83688	559.20965	134.78743	321.26211	394.82088	117.15551	100.66467	410.00765	50.35510	119.56020	379.22672	80.04245	150.61409	434.46292	81.34737	72.34701	822.98976	67.13999	387.08738	810.19887	2.74526	340.87912	784.02592	-44.65023	78.98318	749.93894	17.16130	81.24699	727.96049	-29.59431	104.89852	814.09337	2.96643	70.17345	614.07990	-20.69840	672.82115	619.55756	20.89558	770.76808	804.14709	-74.29655	447.52303	579.13382	207.39491	443.09841	822.30213	-77.48285	240.26547	482.94957	191.33654	226.02006	
324	3.230	760.28665	36.33892	920.59690	632.03345	16.48396	964.50575	690.74869	136.71938	626.53462	749.12090	-30.05317	626.09160	603.89865	48.55601	674.29949	640.56860	88.71733	337.58770	575.42823	134.87361	317.98378	404.61550	118.66972	103.41894	419.01956	51.69351	121.62231	390.43443	82.02430	154.01229	442.03311	82.14361	73.27482	829.72896	65.69025	384.27525	815.82918	1.43124	338.45261	784.69434	-45.29030	76.98850	750.83979	16.74520	80.05914	729.15100	-30.11814	103.67800	814.79808	2.33999	68.67108	625.18468	-18.29544	673.37755	631.58181	23.36147	769.53535	811.62396	-75.39306	445.36436	594.34905	207.57750	439.92278	825.76152	-78.39448	237.50345	498.08822	192.01888	224.97460	
325	3.240	771.63688	36.00337	920.22713	643.02345	16.37703	963.77473	703.32492	136.95679	624.40608	759.53267	-30.35156	627.13987	615.26061	51.20036	673.89240	657.21934	88.38954	334.94909	592.28631	134.79269	315.12085	415.67922	120.42960	106.41554	429.19944	53.23442	123.84421	402.77019	84.16915	157.48274	450.90092	83.23298	74.54646	835.81442	63.29574	382.25316	820.64618	-0.71773	336.84595	784.83293	-46.30164	75.65180	751.17912	15.93731	79.56541	729.78207	-31.04675	103.12876	814.93022	1.33756	67.69996	635.94140	-15.94304	674.65995	643.35909	25.93294	768.92816	818.30559	-77.29269	443.99511	610.04877	207.52926	437.21478	828.48899	-80.03749	235.35667	514.18326	192.68752	224.30622	
326	3.250	782.80480	35.82037	920.39909	653.86368	16.63913	963.68398	715.74403	136.84267	622.82530	769.51338	-31.05861	628.88381	626.39155	53.72235	674.17683	674.23332	87.72476	333.09293	609.67513	134.56748	312.84937	427.98943	122.42017	109.65795	440.60446	54.96884	126.20785	416.18215	86.41301	160.99294	461.16488	84.66365	76.19526	841.15091	60.04039	380.96663	824.58037	-3.64871	336.02334	784.69513	-47.54614	74.86773	751.20574	14.86043	79.65816	730.06755	-32.26370	103.10492	814.75181	0.10729	67.18062	646.35722	-13.71372	676.65706	654.84088	28.52954	769.01015	824.18327	-79.92075	443.39367	626.12510	207.26519	435.15023	830.53833	-82.32965	233.76086	531.08023	193.34035	224.17801	
327	3.260	793.76643	35.78030	921.14969	664.54527	17.27133	964.27864	727.97693	136.37724	621.89569	779.07920	-32.14881	631.28326	637.30454	56.04507	675.17956	691.51526	86.77870	332.15723	627.48134	134.23360	311.32102	441.49627	124.60793	113.13122	453.27529	56.87347	128.67766	430.60128	88.67505	164.49799	472.89824	86.46614	78.23183	845.67016	56.04387	380.32246	827.58142	-7.27313	335.90623	784.44591	-48.88681	74.51927	751.10964	13.65041	80.21454	730.15070	-33.62952	103.45654	814.45547	-1.21371	67.02239	656.45553	-11.67374	679.32548	665.99593	31.06550	769.81262	829.25920	-83.17755	443.48654	642.46258	206.81436	433.87942	831.91210	-85.16525	232.63407	548.60373	193.97851	224.73395	
328	3.270	804.50721	35.86369	922.49088	675.06665	18.25341	965.57215	740.01036	135.57418	621.68807	788.26007	-33.58486	634.26679	648.02308	58.10618	676.89270	708.98318	85.63274	332.23443	645.59410	133.83716	310.65006	456.13154	126.94223	116.79804	467.23413	58.91145	131.20160	445.95119	90.86515	167.94047	486.14414	88.64699	80.64061	849.33896	51.45600	380.20820	829.63081	-11.46758	336.38945	784.17029	-50.19572	74.49668	751.02255	12.44542	81.11302	730.11218	-34.99352	104.04994	814.16599	-2.50672	67.13598	666.27032	-9.87725	682.59186	676.81005	33.45612	771.33174	833.55023	-86.94305	444.16225	658.94662	206.21845	433.51338	832.58073	-88.41807	231.89246	566.57414	194.60655	226.07993	
329	3.280	815.02233	36.04266	924.40659	685.43314	19.54588	967.54442	751.84555	134.45895	622.23442	797.09462	-35.32128	637.73770	658.57630	59.86320	679.27246	726.57258	84.38719	333.36426	663.91278	133.43119	310.90364	471.81882	129.35889	120.59747	482.48329	61.03491	133.71515	462.15772	92.89383	171.25270	500.91288	91.18485	83.37939	852.16442	46.44743	380.50915	830.75119	-16.07963	337.35668	783.89192	-51.36076	74.71051	751.02544	11.37484	82.24636	729.98596	-36.20726	104.78167	813.95032	-3.67601	67.44260	675.84007	-8.36158	686.35708	687.28429	35.62440	773.52851	837.09176	-91.08267	445.28786	675.47263	205.52922	434.11339	832.50703	-91.94683	231.46138	584.82565	195.23164	228.26753	
330	3.290	825.31627	36.28299	926.85179	695.65578	21.09341	970.14247	763.49560	133.06653	623.52484	805.62471	-37.30782	641.58119	668.99427	61.29656	682.24061	744.23904	83.15185	335.53214	682.35426	133.07110	312.09675	488.48303	131.78600	124.44698	499.00436	63.18916	136.14768	479.15651	94.68327	174.36145	517.18149	94.02975	86.38202	854.19643	41.19760	381.12015	831.01106	-20.93816	338.69266	783.59619	-52.29153	75.09732	751.16016	10.54879	83.52957	729.77861	-37.13843	105.58448	813.83240	-4.65142	67.87911	685.20218	-7.14410	690.50187	697.43223	37.50714	776.33130	839.94045	-95.45423	446.72518	691.95469	204.80500	435.68518	831.67068	-95.60316	231.28085	603.22284	195.86224	231.28388	
331	3.300	835.40162	36.54656	929.75379	705.74989	22.82936	973.28351	774.98193	131.43858	625.50801	813.89060	-39.49271	645.67216	679.30405	62.41026	685.68848	761.95883	82.03515	338.67300	700.85865	132.80962	314.19219	506.05799	134.15107	128.24768	516.75827	65.31813	138.43013	496.89753	96.17747	177.19430	534.89589	97.10619	89.56390	855.52680	35.88121	381.95145	830.52359	-25.86711	340.29141	783.25324	-52.92410	75.61877	751.44225	10.04907	84.90246	729.48791	-37.68349	106.42602	813.80967	-5.38940	68.39921	694.38843	-6.22111	694.89339	707.27665	39.05977	779.64075	842.17453	-99.91596	448.34445	708.33219	204.10623	438.17857	830.08787	-99.24159	231.30598	621.67347	196.50656	235.04959	
332	3.310	845.29742	36.79403	933.01572	715.73327	24.68091	976.86013	786.33051	129.62053	628.09494	821.92691	-41.82538	649.88266	689.52662	63.23003	689.48308	779.72759	81.13317	342.67972	719.39268	132.69182	317.10567	524.49113	136.38886	131.89226	535.68648	67.36996	140.50266	515.34614	97.35000	179.68664	553.97537	100.31968	92.82933	856.28489	30.65527	382.92944	829.44010	-30.70002	342.06032	782.83698	-53.22433	76.25578	751.87252	9.92290	86.32751	729.11758	-37.77725	107.30165	813.86802	-5.87239	68.97166	703.42218	-5.56890	699.39224	716.84621	40.25957	783.33623	843.89120	-104.33465	450.03419	724.57331	203.49043	441.49251	827.82296	-102.73026	231.50402	640.13571	197.17167	239.42562	
333	3.320	855.02697	36.98777	936.52187	725.62433	26.57417	980.74699	797.56817	127.65851	631.16557	829.76005	-44.25879	654.08867	699.67514	63.79957	693.47483	797.55687	80.51985	347.41480	737.95000	132.75068	320.71499	543.74502	138.44824	135.27434	555.71353	69.30215	142.32053	534.48128	98.20749	181.78798	574.31904	103.56593	96.07982	856.62927	25.64867	383.99422	827.93896	-35.29315	343.92113	782.33785	-53.18882	77.00039	752.44571	10.18017	87.78477	728.68624	-37.39819	108.22432	813.99334	-6.10687	69.57670	712.31716	-5.14663	703.85930	726.17244	41.10670	787.28343	845.20117	-108.59335	451.70654	740.67467	203.00710	445.48498	824.99075	-105.96049	231.84989	658.61889	197.86314	244.22802	
334	3.330	864.61559	37.09456	940.14457	735.44034	28.43915	984.80859	808.71947	125.59643	634.57739	837.40731	-46.75136	658.17573	709.75459	64.17527	697.50636	815.46902	80.23980	352.72370	756.54820	133.00383	324.87237	563.79617	140.29730	138.29809	576.75087	71.08512	143.85761	554.29160	98.78837	183.46631	595.81346	106.74115	99.22216	856.73625	20.95587	385.09591	826.21193	-39.53481	345.80908	781.76849	-52.84309	77.84772	753.15562	10.79476	89.26516	728.23024	-36.56847	109.21377	814.17839	-6.11973	70.20181	721.07820	-4.90081	708.16229	735.28744	41.62318	791.34227	846.22162	-112.59739	453.29859	756.65707	202.69288	449.98618	821.75006	-108.85376	232.32185	677.17805	198.58520	249.24826	
335	3.340	874.08831	37.08810	943.75181	745.19599	30.21383	988.90724	819.80453	123.47356	638.17538	844.87751	-49.26820	662.04333	719.76268	64.42017	701.42162	833.49078	80.30435	358.44803	775.22287	133.45153	329.41818	584.63179	141.92560	140.88656	598.70183	72.70399	145.10673	574.77081	99.15679	184.70977	618.34061	109.75210	102.17556	856.78582	16.63566	386.19122	824.44960	-43.35006	347.67114	781.16285	-52.23682	78.78974	753.99688	11.70997	90.76398	727.80075	-35.34893	110.28748	814.42513	-5.95325	70.83778	729.70335	-4.77057	712.18161	744.22227	41.84984	795.37466	847.06885	-116.27798	454.77042	772.55806	202.56791	454.81336	818.29041	-111.36471	232.89828	695.90306	199.34087	254.27582	
336	3.350	883.46803	36.95109	947.21512	754.90234	31.84745	992.91077	830.83772	121.32271	641.80228	852.17334	-51.78179	665.60814	729.69186	64.59786	705.07489	851.64637	80.69123	364.43734	794.01931	134.07621	334.19448	606.24539	143.34338	142.98773	621.46714	74.15814	146.07722	595.91326	99.39298	185.52540	641.78542	112.52417	104.87698	856.94710	12.71458	387.24122	822.82806	-46.70043	349.46411	780.57013	-51.43652	79.81176	754.96408	12.84726	92.27572	727.45673	-33.82955	111.45434	814.74318	-5.65889	71.47594	738.18720	-4.69346	715.81540	753.00611	41.84170	799.25146	847.85213	-119.59293	456.10088	788.42271	202.63349	459.78546	814.81456	-113.48002	233.55586	714.90392	200.13141	259.11971	
337	3.360	892.77392	36.67655	950.41693	764.56638	33.30260	996.69934	841.82736	119.16919	645.30850	859.29490	-54.27176	668.80587	739.53213	64.76681	708.33903	869.95065	81.34751	370.55825	812.98310	134.84333	339.05704	628.63216	144.57786	144.57741	644.95046	75.45897	146.79044	617.71040	99.58170	185.93523	666.04186	115.00654	107.28444	857.36491	9.19390	388.21045	821.49792	-49.57993	351.15315	780.04551	-50.51647	80.89177	756.04962	14.11700	93.79088	727.25581	-32.11698	112.71175	815.14568	-5.29060	72.10653	746.52467	-4.61091	718.98359	761.66592	41.66234	802.85844	848.66959	-122.52482	457.28232	804.29418	202.87166	464.73606	811.51961	-115.21368	234.26913	734.29423	200.95500	263.62585	
338	3.370	902.02064	36.26850	953.25680	774.19105	34.55635	1000.17088	852.77625	117.03074	648.56081	866.24395	-56.72395	671.59213	749.27419	64.97570	711.11226	888.40328	82.19501	376.70035	832.15061	135.70340	343.88451	651.78490	145.66748	145.65884	669.06329	76.62632	147.27415	640.14858	99.80089	185.97065	691.01722	117.17393	109.37803	858.14950	6.05806	389.06706	820.57668	-52.00851	352.71068	779.64013	-49.54950	82.00197	757.24148	15.42977	95.29491	727.24514	-30.32094	114.04577	815.64425	-4.89850	72.71841	754.71506	-4.47316	721.63066	770.22658	41.37787	806.10077	849.60631	-125.07699	458.31512	820.20566	203.24636	469.52338	808.57929	-116.59984	235.01109	754.17499	201.80476	267.68820	
339	3.380	911.21799	35.74175	955.65620	783.77585	35.60012	1003.24490	863.68288	114.91834	651.44934	873.02839	-59.12872	673.94226	758.91245	65.25988	713.32324	906.98422	83.13723	382.77859	851.54071	136.59490	348.58409	675.69075	146.65493	146.25916	693.72840	77.68416	147.55686	663.20788	100.11229	185.66613	716.63396	119.02472	111.15880	859.37090	3.28272	389.78366	820.14485	-54.02479	354.11589	779.39236	-48.59876	83.11183	758.52190	16.70639	96.76909	727.45432	-28.54165	115.43365	816.24447	-4.52372	73.29971	762.76537	-4.24306	723.72716	778.71113	41.05122	808.90602	850.73437	-127.26879	459.20309	836.17484	203.70624	474.03664	806.12959	-117.68492	235.75450	774.62079	202.66657	271.25267	
340	3.390	920.37132	35.12085	957.56132	793.31779	36.43883	1005.86462	874.54291	112.83767	653.89233	879.66610	-61.47886	675.85020	768.44741	65.63937	714.93369	925.65126	84.06666	388.73239	871.14855	137.44765	353.09326	700.32913	147.58042	146.42376	718.88149	78.65634	147.66321	686.86192	100.55537	185.05348	742.82920	120.57618	112.64575	861.05842	0.84077	390.33849	820.24588	-55.67909	355.35475	779.32226	-47.71203	84.19177	759.86767	17.88512	98.19291	727.89175	-26.86013	116.84771	816.94296	-4.19507	73.83902	770.69266	-3.89853	725.26947	787.14110	40.73726	811.22558	852.11404	-129.13062	459.95019	852.20148	204.18849	478.19879	804.25953	-118.52023	236.47357	795.67020	203.51743	274.31417	
341	3.400	929.48235	34.43839	958.94404	802.81263	37.08908	1007.99728	885.35101	110.79099	655.83852	886.18772	-63.76751	677.32664	777.88717	66.11828	715.93856	944.33964	84.87170	394.52172	890.94200	138.18640	357.37778	725.67048	148.47591	146.20938	744.47037	79.56267	147.61077	711.07765	101.14519	184.15762	769.55186	121.85765	113.87138	863.20523	-1.29449	390.71654	820.88961	-57.02772	356.42025	779.43012	-46.91916	85.21662	761.25198	18.92536	99.54699	728.54501	-25.33277	118.25987	817.72681	-3.92807	74.32682	778.52509	-3.43372	726.27798	795.53677	40.47924	813.03455	853.79559	-130.69979	460.55891	868.26796	204.62327	481.96565	803.00825	-119.15637	237.14585	817.32106	204.32481	276.90779	
342	3.410	938.55047	33.73269	959.80096	812.25625	37.57693	1009.63296	896.10263	108.77903	657.26693	892.63778	-65.98637	678.39644	787.24782	66.68568	716.36346	962.96387	85.44269	400.12104	910.86117	138.73441	361.42646	751.67552	149.36122	145.67714	770.45166	80.41603	147.40867	735.81502	101.87394	182.99447	796.75777	122.90261	114.87641	865.77706	-3.14869	390.91040	822.05886	-58.12871	357.31263	779.69918	-46.23293	86.16839	762.64767	19.80738	100.81618	729.38504	-23.99063	119.64578	818.57530	-3.72612	74.75660	786.30128	-2.85854	726.79355	803.91734	40.30669	814.33025	855.82115	-132.01739	461.03015	884.34214	204.93824	485.32195	802.36870	-119.63970	237.75396	839.53111	205.04740	279.09633	
343	3.420	947.57417	33.04525	960.15082	821.64597	37.93532	1010.78196	906.79563	106.80259	658.18445	899.07407	-68.12475	679.09553	796.55275	67.31771	716.25971	981.42162	85.67666	405.51195	930.82069	139.01662	365.24347	778.29425	150.24195	144.88652	796.78508	81.22027	147.05783	761.02569	102.71543	181.57105	824.40315	123.74097	115.70407	868.72349	-4.74764	390.92065	823.71828	-59.03895	358.03927	780.10167	-45.65269	87.03780	764.03088	20.52883	101.99199	730.37308	-22.84292	120.98814	819.46352	-3.58348	75.12558	794.06839	-2.19686	726.87259	812.30110	40.23490	815.12950	858.22640	-133.12617	461.36424	900.38192	205.06267	488.27519	802.29750	-120.01112	238.28695	862.22299	205.63687	280.95608	
344	3.430	956.55268	32.41800	960.03072	830.98174	38.20132	1011.47129	917.43174	104.86351	658.62136	905.56525	-70.16963	679.46748	805.83124	67.98081	715.69738	999.59919	85.48092	410.67552	950.71457	138.96255	368.83941	805.46439	151.10919	143.89068	823.42592	81.96910	146.55233	786.65083	103.63104	179.88754	852.43705	124.39215	116.39447	871.99011	-6.11927	390.75547	825.82439	-59.81239	358.61401	780.60659	-45.16997	87.82462	765.38468	21.09900	103.07407	731.46890	-21.88359	122.27863	820.36706	-3.48933	75.43481	801.87906	-1.48343	726.58108	820.70560	40.26582	815.46496	861.04195	-134.06920	461.56241	916.34030	204.93085	490.84792	802.72908	-120.30638	238.74082	885.29231	206.04046	282.56308	
345	3.440	965.48737	31.89077	959.49145	840.26701	38.41355	1011.74040	928.01775	102.96487	658.62540	912.18702	-72.10674	679.56006	815.11660	68.63564	714.75721	1017.37817	84.77561	415.58528	970.42300	138.50865	372.22223	833.10854	151.94043	142.73349	850.31643	82.64565	145.88127	812.61794	104.57582	177.94042	880.79336	124.86002	116.97949	875.52976	-7.29528	390.42951	828.33558	-60.49882	359.05561	781.18768	-44.77445	88.53672	766.70178	21.53226	104.07036	732.63877	-21.09922	123.51846	821.26663	-3.43209	75.68864	809.78788	-0.75989	725.98829	829.14795	40.39008	815.38081	864.29430	-134.88895	461.62817	932.17054	204.48470	493.06955	803.59199	-120.55754	239.11818	908.61697	206.20362	283.98150	
346	3.450	974.38304	31.49904	958.59235	849.50926	38.60987	1011.63657	938.56633	101.11050	658.25507	919.01725	-73.92257	679.42176	824.44437	69.24138	713.52208	1034.64251	83.49561	420.20182	989.82030	137.60039	375.38920	861.13031	152.70091	141.44786	877.37720	83.22243	145.03046	838.83688	105.50321	175.72605	909.38294	125.12978	117.47828	879.31137	-8.31181	389.96199	831.22055	-61.14310	359.38565	781.82977	-44.45935	89.18820	767.98600	21.84205	104.99622	733.86183	-20.47652	124.71749	822.15202	-3.40317	75.89380	817.84792	-0.07021	725.16072	837.64539	40.58974	814.92803	868.00644	-135.62652	461.56808	947.83067	203.67551	494.96847	804.82425	-120.79449	239.42697	932.06595	206.07241	285.25506	
347	3.460	983.24886	31.27215	957.39636	858.72024	38.82540	1011.21028	949.09652	99.30391	657.57268	926.13070	-75.60686	679.09878	833.85088	69.75986	712.06922	1051.28547	81.59201	424.46959	1008.78312	136.19407	378.32092	889.40953	153.34512	140.05482	904.49972	83.66156	143.98341	865.19573	106.36768	173.24349	938.08696	125.16722	117.89368	883.32545	-9.20893	389.37420	834.46417	-61.78436	359.62583	782.53258	-44.22499	89.79684	769.25247	22.03640	105.87250	735.13382	-20.00805	125.89237	823.02430	-3.39966	76.05806	826.10791	0.54380	724.15693	846.21593	40.84139	814.15980	872.19797	-136.32085	461.39160	963.28713	202.46504	496.56521	806.38510	-121.04609	239.67836	955.50607	205.59530	286.40192	
348	3.470	992.09892	31.23201	955.96528	867.91577	39.09112	1010.51091	959.63386	97.54688	656.63793	933.59407	-77.15523	678.63223	843.37231	70.15922	710.46394	1067.21574	79.03361	428.31627	1027.19807	134.25860	380.97788	917.79740	153.81786	138.56281	931.54115	83.91517	142.72143	891.55695	107.12473	170.49601	966.75186	124.92023	118.20968	887.58573	-10.02895	388.68676	838.07001	-62.45526	359.79525	783.31130	-44.08007	90.38139	770.52650	22.11567	106.72303	736.46795	-19.69515	127.06397	823.89636	-3.42540	76.18882	834.61033	1.04646	723.02379	854.87926	41.11929	813.12710	876.88498	-137.00783	461.11013	978.51723	200.82628	497.86750	808.26127	-121.34043	239.88430	978.80584	204.72462	287.41267	
349	3.480	1000.95245	31.39244	954.35585	877.11523	39.43286	1009.58288	970.20989	95.83815	655.50257	941.46189	-78.57121	678.05590	853.04432	70.41641	708.75533	1082.36243	75.80849	431.65481	1044.96782	131.77735	383.30007	946.11238	154.05524	136.96657	958.32220	83.92620	141.22291	917.75459	107.72887	167.49062	995.18716	124.32251	118.39021	892.12728	-10.81408	387.91683	842.05936	-63.18123	359.90782	784.19423	-44.04070	90.95903	771.84158	22.07255	107.57198	737.89294	-19.54793	128.25460	824.79142	-3.49063	76.29174	843.39062	1.41109	721.79436	863.65765	41.39795	811.87505	882.07958	-137.71922	460.73529	993.51007	198.74410	498.86730	810.46694	-121.70416	240.05510	1001.83617	203.41769	288.25083	
350	3.490	1009.83353	31.75888	952.61666	886.34085	39.87084	1008.46264	980.86117	94.17248	654.20661	949.77376	-79.86743	677.39437	862.90195	70.51852	706.97460	1096.67849	71.92590	434.38786	1062.01502	128.75013	385.20939	974.13796	153.98589	135.24573	984.62868	83.62984	139.46221	943.59333	108.13039	164.23588	1023.16628	123.29940	118.37958	897.00169	-11.60383	387.07573	846.46741	-63.97984	359.97011	785.21819	-44.12738	91.54334	773.23667	21.89417	108.44124	739.44903	-19.58249	129.48541	825.74017	-3.61026	76.36967	852.47720	1.62148	720.48748	872.57669	41.65423	810.44012	887.78926	-138.48163	460.27671	1008.26579	196.21606	499.54014	813.03810	-122.16100	240.19743	1024.46812	201.63848	288.85531	
351	3.500	1018.77053	32.32866	950.78620	895.61665	40.41955	1007.17658	991.62751	92.54029	652.77631	958.55311	-81.06561	676.66168	872.97939	70.46269	705.13570	1110.14256	67.41835	436.41429	1078.28368	125.19523	386.61461	1001.62304	153.53318	133.36340	1010.21708	82.95623	137.40900	968.84974	108.27221	160.73833	1050.43127	121.77546	118.10491	902.27054	-12.43266	386.16679	851.33728	-64.86044	359.97983	786.42278	-44.36082	92.14299	774.75333	21.56562	109.34830	741.18288	-19.81637	130.77423	826.77694	-3.80120	76.42179	861.89204	1.67180	719.10883	881.66581	41.86838	808.84838	894.01619	-139.31554	459.73974	1022.79287	193.25355	499.84663	816.02285	-122.72974	240.31294	1046.56879	199.35991	289.14437	
352	3.510	1027.79508	33.09148	948.89200	904.96741	41.08789	1005.74004	1002.54937	90.92822	651.22413	967.80734	-82.19526	675.86038	883.30928	70.25466	703.23823	1122.75920	62.34361	437.63720	1093.73798	121.15136	387.41844	1028.28582	152.61932	131.26582	1034.82389	81.83501	135.02862	993.27664	108.08846	156.99885	1076.70119	119.68377	117.48102	907.99846	-13.32834	385.18372	856.71346	-65.82422	359.92487	787.84471	-44.75741	92.76121	776.43312	21.07430	110.30460	743.14243	-20.26296	132.13404	827.93555	-4.07934	76.44325	871.65137	1.56509	717.65326	890.95819	42.02435	807.11500	900.75653	-140.23452	459.12325	1037.10361	189.88327	499.73588	819.47019	-123.42212	240.39771	1067.99643	196.56734	289.02088	
353	3.520	1036.94080	34.03018	946.95093	914.41741	41.87944	1004.15755	1013.66450	89.32051	649.55056	977.52911	-83.29119	674.98115	893.92106	69.90631	701.27186	1134.55747	56.78625	437.97280	1108.35904	116.67926	387.52610	1053.82157	151.17199	128.88431	1058.17820	80.20201	132.28448	1016.61043	107.50603	153.01024	1101.68402	116.97627	116.41799	914.24700	-14.31115	384.10936	862.63585	-66.86473	359.78295	789.51325	-45.32506	93.39608	778.31547	20.41426	111.31452	745.37277	-20.92616	133.57212	829.24562	-4.45652	76.42519	881.76587	1.31053	716.10787	900.48988	42.10904	805.24504	907.99991	-141.24494	458.41800	1051.20817	186.14882	499.15073	823.41962	-124.24102	240.44233	1088.59631	193.26323	288.37953	
354	3.530	1046.24179	35.12154	944.97058	923.98931	42.79265	1002.42431	1025.00383	87.70125	647.74767	987.69845	-84.39011	674.00312	904.83837	69.43255	699.22187	1145.58822	50.85809	437.35966	1122.14051	111.86245	386.85503	1077.91447	149.13370	126.14059	1080.01645	78.00842	129.14258	1038.58182	106.45023	148.75759	1125.09141	113.63456	114.83115	921.07040	-15.39406	382.91496	869.13553	-67.96888	359.52177	791.44766	-46.06005	94.04160	780.43665	19.58986	112.37524	747.91382	-21.79600	135.09002	830.72972	-4.93810	76.35533	892.24041	0.92006	714.45559	910.29831	42.11103	803.23547	915.72936	-142.34593	457.60575	1065.10815	182.11221	498.03445	827.89370	-125.17925	240.43269	1108.19917	189.47262	287.11604	
355	3.540	1055.73088	36.33722	942.95153	933.70301	43.82094	1000.52887	1036.58691	86.05715	645.80396	998.28519	-85.52658	672.89488	916.07548	68.84791	697.07504	1155.91984	44.69683	435.76760	1135.08423	106.80693	385.34521	1100.25335	146.47360	122.95635	1100.09822	75.23168	125.57844	1058.92951	104.85507	144.22245	1146.65532	109.67996	112.65291	928.51367	-16.58371	381.56021	876.23289	-69.11837	359.09983	793.65678	-46.94537	94.68941	782.82984	18.61828	113.47722	750.80015	-22.84603	136.68433	832.40208	-5.52131	76.21901	903.07283	0.40468	712.67871	920.41971	42.01870	801.07827	923.92191	-143.52984	456.65952	1078.79048	177.85475	496.33879	832.89480	-126.21929	240.35112	1126.62381	185.24886	285.13894	
356	3.550	1065.43785	37.64449	940.89029	943.57468	44.95249	998.45683	1048.41739	84.38073	643.71017	1009.25131	-86.72883	671.61651	927.63318	68.16340	694.82520	1165.63271	38.46258	433.20549	1147.19670	101.63923	382.96948	1120.55105	143.20033	119.26661	1118.22165	71.88708	121.58551	1077.41636	102.67761	139.39112	1166.14524	105.18136	109.84511	936.61307	-17.88190	379.99428	883.93851	-70.29134	358.46789	796.14112	-47.95050	95.33110	785.52653	17.53030	114.60576	754.06296	-24.03274	138.34820	834.26907	-6.19479	76.00111	914.25225	-0.22888	710.76242	930.88605	41.81836	798.76454	932.55002	-144.78305	455.54489	1092.22297	173.47679	494.03315	838.40661	-127.33391	240.17821	1143.68539	180.67826	282.38337	
357	3.560	1075.38757	39.00713	938.78275	953.61594	46.16983	996.19530	1060.47912	82.67337	641.46526	1020.55307	-88.01491	670.12252	939.49481	67.38391	692.47810	1174.81243	32.33181	429.72710	1158.48717	96.50281	379.74309	1138.56612	139.37395	115.03539	1134.23714	68.03808	117.18405	1093.84705	99.91486	134.26598	1183.38462	100.25919	106.41008	945.39827	-19.28725	378.15838	892.25621	-71.46407	357.57137	798.89702	-49.03293	95.96112	788.55897	16.36939	115.74327	757.73378	-25.29714	140.07354	836.33161	-6.93926	75.68853	925.75708	-0.98065	708.69795	941.72136	41.49254	796.28907	941.58404	-146.08690	454.22266	1105.35261	169.09591	491.11422	844.39995	-128.48788	239.89486	1159.20973	175.88245	278.82584	
358	3.570	1085.59829	40.38614	936.62765	963.83324	47.44923	993.73771	1072.73351	80.94775	639.08195	1032.14254	-89.38952	668.36595	951.62318	66.50665	690.05498	1183.54203	26.48933	425.43419	1168.96732	91.55257	375.73115	1154.12538	135.11399	110.27109	1148.05819	63.80304	112.42868	1108.08580	96.62034	128.87791	1198.26496	95.08389	102.39834	954.89553	-20.79642	375.99017	901.18762	-72.61260	356.35373	801.92240	-50.14110	96.57991	791.96343	15.18896	116.87248	761.84906	-26.56843	141.85378	838.58951	-7.72939	75.27345	937.55318	-1.85883	706.48541	952.93799	41.01905	793.65506	950.99549	-147.41875	452.65260	1118.10732	164.84324	487.61520	850.84177	-129.64045	239.48496	1173.05277	171.01705	274.49745	
359	3.580	1096.08010	41.74059	934.42986	974.22755	48.76011	991.08852	1085.11878	79.22925	636.59106	1043.96869	-90.84224	666.30334	963.95915	65.52077	687.59464	1191.89364	21.11882	420.47566	1178.65207	86.94803	371.05246	1167.14454	130.60082	105.03777	1159.66832	59.35588	107.41261	1120.07205	92.91636	123.29662	1210.75608	89.86777	97.91092	965.13050	-22.40465	373.43010	910.73720	-73.71411	354.76112	805.22337	-51.21866	97.19716	795.78361	14.04801	117.98003	766.45465	-27.76940	143.68665	841.04731	-8.53664	74.75713	949.59286	-2.87960	704.13616	964.53328	40.37077	790.87850	960.76091	-148.75297	450.79815	1130.40093	160.85784	483.61302	857.70584	-130.74847	238.93831	1185.12226	166.26573	269.49289	
360	3.590	1106.83370	43.02856	932.20297	984.79418	50.06451	988.26712	1097.55164	77.55597	634.04375	1055.97789	-92.34713	663.90041	976.42262	64.40843	685.15363	1199.92047	16.39303	415.04227	1187.56059	82.84548	365.87818	1177.64361	126.06798	99.45914	1169.12328	54.91886	102.26707	1129.83152	88.99772	117.63557	1220.91097	84.85017	93.09506	976.12994	-24.10535	370.42967	920.91659	-74.74794	352.74811	808.82090	-52.20973	97.83465	800.07356	13.00567	119.06026	771.60909	-28.82318	145.57681	843.72110	-9.33269	74.15362	961.81501	-4.06545	701.67457	976.48684	39.51685	787.99145	970.86571	-150.06189	448.63175	1142.14095	157.27942	479.23169	864.98310	-131.76990	238.25380	1195.39749	161.82964	263.97163	
361	3.600	1117.84965	44.20815	929.97109	995.52303	51.31714	985.31064	1109.93152	75.97689	631.51127	1068.11426	-93.86413	661.13798	988.91615	63.14723	682.80460	1207.65010	12.46473	409.35629	1195.71618	79.39002	360.42391	1185.75340	121.78453	93.71261	1176.54814	50.74667	97.15451	1137.48009	85.12324	112.04887	1228.86426	80.27690	88.13298	987.92158	-25.88864	366.96086	931.74724	-75.69635	350.28418	812.75648	-53.06470	98.52811	804.89948	12.11506	120.11860	777.38460	-29.66055	147.53764	846.64552	-10.09325	73.49306	974.14672	-5.44193	699.13901	988.75924	38.42491	785.04386	981.30721	-151.31678	446.14037	1153.23749	154.24006	474.64007	872.69018	-132.66743	237.44240	1203.94200	157.91314	258.14935	
362	3.610	1129.10816	45.23882	927.76941	1006.39895	52.46596	982.27490	1122.14718	74.54833	629.08177	1080.31981	-95.34207	658.01753	1001.33125	61.71397	680.63251	1215.08023	9.45910	403.65645	1203.14430	76.70795	354.93503	1191.70982	118.02851	88.01288	1182.12904	47.10276	92.25580	1143.21794	81.59360	106.71881	1234.82346	76.37632	83.22489	1000.53203	-27.73927	363.02582	943.26085	-76.54488	347.36058	817.09587	-53.74589	99.32736	810.33978	11.41739	121.17376	783.86550	-30.22732	149.59172	849.87990	-10.80152	72.82366	986.50646	-7.03310	696.58174	1001.29215	37.06446	782.10336	992.09651	-152.48886	443.33057	1163.61186	151.85571	470.04268	880.87422	-133.41176	236.52956	1210.90438	154.70750	252.27882	
363	3.620	1140.57942	46.08270	925.64342	1017.40243	53.45366	979.23346	1134.08522	73.32880	626.85437	1092.53486	-96.72316	654.56577	1013.55661	60.08937	678.72922	1222.17802	7.46781	398.17939	1209.86826	74.90006	349.66593	1195.83450	115.05486	82.58720	1186.09996	44.23051	87.75267	1147.31320	78.71688	101.83526	1239.05330	73.33552	78.56872	1013.98299	-29.63405	358.66545	955.49725	-77.28245	343.99655	821.93034	-54.23253	100.29428	816.48320	10.93684	122.25839	791.14355	-30.49072	151.76975	853.51283	-11.45097	72.21159	998.80852	-8.85629	694.06759	1014.01026	35.41110	779.25285	1003.25835	-153.55055	440.23270	1173.20315	150.21824	465.66351	889.61327	-133.98440	235.55649	1216.50400	152.37471	246.62243	
364	3.630	1152.22471	46.70621	923.64686	1028.51046	54.22008	976.27446	1145.63944	72.37291	624.93085	1104.69882	-97.94862	650.83742	1025.48744	58.26314	677.18654	1228.88356	6.54473	393.13944	1215.90366	74.03595	344.85584	1198.50276	113.06284	77.64647	1188.72543	42.32343	83.80782	1150.07607	76.76649	97.57041	1241.85431	71.28013	74.33968	1028.28669	-31.53967	353.96539	968.50010	-77.90116	340.24413	827.37479	-54.52407	101.49799	823.42509	10.67723	123.41745	799.31118	-30.44407	154.10742	857.66417	-12.04701	71.73826	1010.96826	-10.91673	691.67111	1026.82485	33.45096	776.58595	1014.82898	-154.47685	436.90337	1181.97168	149.38875	461.72441	899.01178	-134.37950	234.57962	1221.00165	151.03312	241.42099	
365	3.640	1163.99804	47.08159	921.83848	1039.69755	54.70553	973.49564	1156.71981	71.72500	623.40618	1116.75139	-98.96463	646.91551	1037.03448	56.23866	676.08845	1235.11744	6.70270	388.70972	1221.25299	74.14924	340.70468	1200.10306	112.16879	73.35820	1190.28086	41.49925	80.54631	1151.82689	75.93921	94.05389	1243.53806	70.26110	70.67326	1043.44114	-33.41136	349.05792	982.31101	-78.39577	336.19048	833.56289	-54.64125	103.00753	831.26229	10.62079	124.70425	808.45328	-30.10890	156.64055	862.48391	-12.60700	71.49469	1022.90762	-13.20299	689.47239	1039.63891	31.18486	774.20059	1026.85196	-155.24676	433.42595	1189.89893	149.39261	458.42097	909.19178	-134.60443	233.66824	1224.65974	150.74639	236.86498	
366	3.650	1175.84835	47.18833	920.27788	1050.93678	54.85484	970.99780	1167.26007	71.41349	622.35890	1128.63442	-99.72818	642.90890	1048.13135	54.03638	675.50342	1240.79169	7.91121	385.00745	1225.90278	75.23368	337.35316	1200.99529	112.38921	69.82685	1191.03300	41.78262	78.04161	1152.86381	76.32152	91.35419	1244.40253	70.25044	67.65433	1059.42642	-35.19300	344.11875	996.96308	-78.76312	331.95698	840.63982	-54.62459	104.88248	840.08724	10.72949	126.17406	818.63922	-29.53394	159.39872	868.14743	-13.15884	71.57319	1034.56001	-15.68421	687.55170	1052.35308	28.63136	772.19154	1039.37239	-155.84475	429.90841	1196.98473	150.21637	455.90018	920.28078	-134.67898	232.89994	1227.70045	151.51666	233.07446	
367	3.660	1187.72207	47.01439	919.02084	1062.20089	54.62178	968.87740	1177.22267	71.44686	621.84290	1140.29425	-100.21180	638.94668	1058.73919	51.69504	675.47756	1245.82278	10.09517	382.08639	1229.82534	77.24045	334.87087	1201.47574	113.63761	67.08572	1191.22300	43.09976	76.30911	1153.43620	77.87184	89.47057	1244.71101	71.14622	65.31368	1076.20242	-36.81922	339.35842	1012.47468	-79.00144	327.69472	848.75329	-54.53029	107.16293	849.98228	10.94881	127.87621	829.91643	-28.79109	162.39828	874.84741	-13.73785	72.05722	1045.87411	-18.30973	685.98338	1064.87209	25.82820	770.64255	1052.43022	-156.26189	426.47875	1203.24345	151.80700	454.24402	932.39825	-134.63306	232.35464	1230.27255	153.28253	230.09169	
368	3.670	1199.56582	46.55703	918.11474	1073.46328	53.97341	967.21920	1186.60050	71.81202	621.88169	1151.68447	-100.40665	635.16984	1068.84776	49.27000	676.02961	1250.14477	13.13543	379.93765	1232.98646	80.07707	333.25458	1201.75581	115.73571	65.10131	1191.05456	45.28624	75.30822	1153.72893	80.42284	88.33750	1244.67790	72.78578	63.63188	1093.70849	-38.21965	335.00861	1028.84446	-79.10992	323.57634	858.04400	-54.42406	109.86025	861.01465	11.21341	129.84537	842.30674	-27.96843	165.63568	882.78244	-14.38264	73.01076	1056.81609	-21.01188	684.82976	1077.11066	22.83164	769.61934	1066.05353	-156.49656	423.27785	1208.70107	154.07342	453.46220	945.64241	-134.50327	232.10758	1232.43614	155.92259	227.88698	
369	3.680	1211.32897	45.82313	917.59431	1084.69881	52.89377	966.08955	1195.41531	72.47543	622.46623	1162.76893	-100.32331	631.72079	1078.47327	46.82872	677.14834	1253.72110	16.87211	378.49889	1235.35830	83.60892	332.43676	1201.95763	118.43676	63.78829	1190.68840	48.10685	74.95243	1153.85964	83.70349	87.84027	1244.46276	74.96494	62.54897	1111.86490	-39.32513	331.30472	1046.04817	-79.08866	319.78493	868.63631	-54.37392	112.95061	873.23289	11.45389	132.09366	855.80603	-27.16139	169.08247	892.14354	-15.13055	74.46892	1067.37012	-23.71162	684.13562	1088.99847	19.71353	769.16394	1080.25283	-156.55473	420.45065	1213.39464	156.89084	453.49527	960.07928	-134.32886	232.22258	1234.17000	159.26419	226.37518	
370	3.690	1222.96590	44.82896	917.47850	1095.88443	51.38640	965.53108	1203.71321	73.38676	623.55627	1173.52460	-99.99024	628.73199	1087.65324	44.44363	678.79277	1256.55356	21.11202	377.66970	1236.93553	87.66441	332.30224	1202.12554	121.45714	63.03071	1190.24302	51.28430	75.12500	1153.88827	87.37677	87.83765	1244.17270	77.46026	61.97767	1130.57596	-40.07536	328.46680	1064.03761	-78.93934	316.50110	880.63000	-54.44305	116.37266	886.66475	11.60380	134.60487	870.38711	-26.46318	172.68303	903.09965	-16.01345	76.43147	1077.53746	-26.32657	683.92410	1100.48359	16.55644	769.29139	1095.01694	-156.44974	418.13608	1217.37453	160.10798	454.22722	975.73514	-134.14763	232.74633	1235.39931	163.09713	225.43774	
371	3.700	1234.43776	43.59939	917.76845	1106.99955	49.47529	965.55944	1211.55813	74.48458	625.08524	1183.94394	-99.45009	626.31484	1096.43974	42.18360	680.89506	1258.68749	25.64028	377.32980	1237.75106	92.04435	332.70904	1202.24888	124.51089	62.70428	1189.80055	54.53221	75.69688	1153.83479	91.08574	88.18624	1243.87106	80.05178	61.81723	1149.73444	-40.42694	326.68112	1082.74171	-78.66642	313.88951	894.09379	-54.68381	120.03035	901.31677	11.60563	137.33217	886.00487	-25.95587	176.35580	915.78394	-17.05463	78.86063	1087.33429	-28.78012	684.19429	1111.53417	13.44737	769.98868	1110.31143	-156.20172	416.45702	1220.70836	163.55689	455.50471	992.59339	-133.99270	233.70477	1236.03577	167.19085	224.94521	
372	3.710	1245.71354	42.16651	918.44710	1118.02611	47.20403	966.16215	1219.02431	75.70309	626.96738	1194.03642	-98.75445	624.55042	1104.89216	40.10545	683.36569	1260.21264	30.23598	377.35634	1237.88698	96.53565	333.50912	1202.28958	127.34216	62.69498	1189.41546	57.58755	76.54345	1153.70017	94.49992	88.76110	1243.58993	82.54336	61.96604	1169.22674	-40.36059	326.08477	1102.06972	-78.27902	312.08660	909.06105	-55.13377	123.80072	917.17530	11.41524	140.19996	902.60277	-25.70333	179.99828	930.28256	-18.26737	81.68371	1096.78908	-31.01030	684.92105	1122.13837	10.47075	771.21617	1126.07989	-155.83703	415.51125	1223.48464	167.06481	457.15890	1010.59565	-133.89048	235.10184	1236.01895	171.31350	224.77593	
373	3.720	1256.77061	40.56777	919.48010	1128.94842	44.63303	967.29978	1226.18894	76.97868	629.10632	1203.82872	-97.95786	623.48299	1113.07082	38.24697	686.10028	1261.25937	34.69010	377.63716	1237.47761	100.92815	334.56527	1202.20819	129.75113	62.91099	1189.12395	60.23781	77.55741	1153.48551	97.35450	89.46912	1243.34325	84.77872	62.33106	1188.93847	-39.88622	326.75520	1121.91591	-77.79287	311.19094	925.52810	-55.81430	127.54575	934.20875	11.00397	143.10980	920.11907	-25.74702	183.49527	946.62746	-19.65531	84.80031	1105.93974	-32.97662	686.05680	1132.30289	7.70175	772.91105	1142.24821	-155.38748	415.36442	1225.81374	170.46704	459.02605	1029.64686	-133.86035	236.92069	1235.34826	175.25141	224.82866	
374	3.730	1267.59451	38.84382	920.81823	1139.75284	41.83537	968.90918	1233.12599	78.25552	631.40354	1213.36351	-97.11210	623.11734	1121.03212	36.62268	688.98725	1261.99036	38.82321	378.07870	1236.70285	105.03268	335.76212	1201.98359	131.61040	63.28721	1188.95203	62.33963	78.65625	1153.20549	99.47696	90.25360	1243.13824	86.65153	62.83375	1208.75993	-39.04485	328.70588	1142.16539	-77.23200	311.25713	943.45526	-56.73150	131.12629	952.37073	10.35841	145.94972	938.49207	-26.10503	186.72910	964.79413	-21.21444	88.09296	1114.83093	-34.66403	687.53533	1142.05035	5.20051	774.99220	1158.73133	-154.88950	416.04592	1227.82445	173.61926	460.96369	1049.62327	-133.91571	239.12697	1234.09871	178.82662	225.02859	
375	3.740	1278.17838	37.03617	922.40079	1150.42734	38.89130	970.90829	1239.90180	79.48930	633.76579	1222.69667	-96.26142	623.41984	1128.82581	35.22301	691.91549	1262.58836	42.50010	378.60818	1235.77280	108.69732	337.01080	1201.62352	132.87042	63.78330	1188.92111	63.82682	79.78432	1152.89433	100.79807	91.09094	1242.98326	88.10904	63.41229	1228.59102	-37.90659	331.88830	1162.70062	-76.62950	312.29387	962.77054	-57.87940	134.41594	971.60366	9.47796	148.60541	957.66368	-26.77436	189.59052	984.70471	-22.93619	91.43943	1123.51176	-36.08329	689.27688	1151.41606	3.00810	777.36614	1175.44162	-154.38304	417.54816	1229.65589	176.40787	462.86054	1070.38218	-134.06629	241.67333	1232.41822	181.91066	225.32763	
376	3.750	1288.52200	35.18476	924.15979	1160.96114	35.88238	973.20220	1246.57263	80.64897	636.11079	1231.89336	-95.43948	624.32305	1136.49428	34.01688	694.78141	1263.24113	45.63892	379.17185	1234.90659	111.81937	338.24842	1201.16565	133.55422	64.37752	1189.05056	64.70763	80.91026	1152.60439	101.34701	91.98199	1242.89172	89.14924	64.02120	1248.34501	-36.56486	336.19964	1183.40775	-76.02699	314.26614	983.37557	-59.24450	137.31263	991.84266	8.37081	150.97160	977.58115	-27.73594	191.98832	1006.23560	-24.81113	94.72483	1132.03388	-37.26788	691.19411	1160.44464	1.14437	779.93319	1192.29728	-153.90979	419.82937	1231.44611	178.75697	464.64009	1091.77242	-134.32095	244.50454	1230.50892	184.43226	225.70024	
377	3.760	1298.63062	33.32585	926.02444	1171.34448	32.88555	975.68959	1253.18421	81.71639	638.37072	1241.02309	-94.66805	625.73301	1144.07335	32.95695	697.49479	1264.12527	48.21334	379.73083	1234.30933	114.35059	339.43420	1200.67081	133.74314	65.05896	1189.35764	65.05260	82.02144	1152.39889	101.23325	92.94098	1242.88200	89.81260	64.62903	1267.95088	-35.12752	341.49469	1204.18228	-75.47258	317.10109	1005.15321	-60.81108	139.74633	1013.01898	7.04898	152.96180	998.19734	-28.96146	193.85651	1029.22862	-26.83250	97.85169	1140.44977	-38.26834	693.19825	1169.18665	-0.39206	782.59349	1209.22931	-153.51084	422.81933	1233.31982	180.63098	466.25868	1113.64440	-134.69036	247.56215	1228.59813	186.37782	226.13676	
378	3.770	1308.51386	31.49012	927.92559	1181.56861	29.96787	978.26925	1259.77284	82.68436	640.49370	1250.15454	-93.95748	627.53828	1151.59420	31.98663	699.98312	1265.39096	50.24758	380.25660	1234.15153	116.29540	340.54424	1200.21096	133.55677	65.82038	1189.85560	64.97593	83.11718	1152.34137	100.61924	93.98492	1242.97473	90.17001	65.21527	1287.35377	-33.70623	347.60027	1224.93311	-75.01743	320.69642	1027.97592	-62.56636	141.68219	1035.06293	5.52343	154.51524	1019.46986	-30.42092	195.15794	1053.50400	-28.99897	100.74685	1148.81128	-39.14490	695.20478	1177.69558	-1.62200	785.25241	1226.18524	-153.22390	426.42729	1235.37807	182.03270	467.69996	1135.85890	-135.18898	250.78836	1226.90584	187.78465	226.63596	
379	3.780	1318.18458	29.70130	929.79971	1191.62606	27.18238	980.84596	1266.36747	83.55363	642.44359	1259.35060	-93.30867	629.61940	1159.08548	31.04747	702.19407	1267.14972	51.80554	380.72721	1234.55414	117.70248	341.56624	1199.85550	133.13058	66.65305	1190.55090	64.61361	84.20229	1152.48487	99.68944	95.12560	1243.18852	90.30890	65.76731	1306.51358	-32.40567	354.33009	1245.58456	-74.71138	324.93024	1051.71404	-64.50461	143.11898	1057.90577	3.79990	155.60002	1041.35971	-32.08961	195.88432	1078.87346	-31.31624	103.36459	1157.16813	-39.95986	697.13824	1186.02526	-2.58244	787.82505	1243.12911	-153.08041	430.55047	1237.69216	182.99724	468.96735	1158.29404	-135.83581	254.12861	1225.61551	188.72828	227.19846	
380	3.790	1327.65810	27.97527	931.59213	1201.51121	24.56529	983.33528	1272.99227	84.32934	644.19844	1268.66423	-92.71599	631.85803	1166.57536	30.08600	704.09627	1269.46696	52.97636	381.12482	1235.58118	118.65196	342.49525	1199.65895	132.59506	67.54426	1191.44077	64.10212	85.28191	1152.86317	98.62108	96.36503	1243.53567	90.31967	66.27787	1325.40189	-31.31432	361.49824	1266.07604	-74.59831	329.67100	1076.24305	-66.62971	144.08387	1081.48039	1.87626	156.21260	1063.82953	-33.95358	196.05286	1105.15184	-33.79711	105.68604	1165.56649	-40.77074	698.93570	1194.22777	-3.32224	790.23951	1260.03745	-153.10310	435.08191	1240.30257	183.58309	470.07637	1180.84961	-136.65388	257.53312	1224.85286	189.30654	227.82197	
381	3.800	1336.95152	26.31975	933.25917	1211.22100	22.13473	985.66716	1279.66915	85.01776	645.74829	1278.13550	-92.17057	634.14462	1174.09290	29.05893	705.67823	1272.36025	53.85894	381.43451	1237.24021	119.24066	343.33064	1199.65258	132.05928	68.47720	1192.51200	63.56075	86.35837	1153.48606	97.56112	97.69443	1244.01912	90.28421	66.74320	1343.99767	-30.49772	368.92981	1286.35967	-74.71180	334.78614	1101.44892	-68.95586	144.62484	1105.72086	-0.25849	156.37388	1086.84199	-36.01281	195.70065	1132.16596	-36.46008	107.71561	1174.04746	-41.62507	700.54872	1202.35175	-3.89751	792.43902	1276.89253	-153.30440	439.91628	1243.22246	183.86170	471.04790	1203.44890	-137.66838	260.95742	1224.67558	189.62332	228.49907	
382	3.810	1346.08336	24.73450	934.76930	1220.75579	19.89090	987.78795	1286.41981	85.62346	647.09272	1287.79029	-91.66350	636.38432	1181.66859	27.93639	706.94576	1275.80349	54.54815	381.64404	1239.48978	119.56799	344.07427	1199.84110	131.60054	69.43252	1193.74125	63.07941	87.42998	1154.33923	96.61211	99.09604	1244.63122	90.26770	67.16188	1362.28259	-29.99487	376.46769	1306.39637	-75.07185	340.14861	1127.23094	-71.50612	144.80215	1130.56090	-2.62338	156.12303	1110.35801	-38.28163	194.87766	1159.76009	-39.32675	109.47526	1182.64580	-42.55721	701.94376	1210.44117	-4.36704	794.38282	1293.67474	-153.68592	444.95320	1246.44460	183.90744	471.90315	1226.03764	-138.90397	264.36214	1225.07448	189.77454	229.21726	
383	3.820	1355.07342	23.21198	936.10303	1230.12013	17.81762	989.66098	1293.26715	86.14764	648.23846	1297.64052	-91.18832	638.50051	1189.33415	26.70289	707.91813	1279.73608	55.12438	381.74410	1242.25202	119.72434	344.72963	1200.20459	131.26086	70.39091	1195.09727	62.71307	88.49153	1155.38841	95.82766	100.54676	1245.35458	90.31422	67.53425	1380.23664	-29.81763	383.97520	1326.15126	-75.68297	345.64046	1153.50179	-74.30931	144.68029	1155.93148	-5.24308	155.50993	1134.33488	-40.78666	193.63978	1187.79762	-42.41838	110.99753	1191.38882	-43.58744	703.10113	1218.53448	-4.78842	796.04588	1310.35610	-154.23881	450.09795	1249.94971	183.78918	472.66044	1248.58046	-140.38146	267.71223	1225.98460	189.83827	229.96070	
384	3.830	1363.94275	21.73836	937.25186	1239.32341	15.88473	991.26572	1300.23588	86.58744	649.19739	1307.68588	-90.74266	640.43617	1197.12153	25.35622	708.62337	1284.07549	55.64753	381.72863	1245.42813	119.78322	345.30158	1200.70458	131.04934	71.33562	1196.54429	62.48219	89.53582	1156.58661	95.21663	102.02233	1246.16466	90.44611	67.86215	1397.83475	-29.95245	391.33485	1345.58940	-76.53377	351.15375	1180.18495	-77.39557	144.32101	1181.75798	-8.14447	154.58740	1158.72424	-43.56267	192.04245	1216.15944	-45.75222	112.31810	1200.29592	-44.72296	704.01265	1226.66426	-5.21489	797.41758	1326.89685	-154.94485	455.26032	1253.71474	183.56451	473.33377	1271.05558	-142.11458	270.97573	1227.30347	189.86947	230.71281	
385	3.840	1372.71377	20.29486	938.21634	1248.38020	14.05126	992.59575	1307.35254	86.93629	649.98486	1317.91681	-90.32875	642.15295	1205.06165	23.90479	709.09330	1288.73119	56.15532	381.59508	1248.91435	119.79736	345.79632	1201.29272	130.94901	72.25473	1198.04629	62.37818	90.55581	1157.88280	94.75344	103.50136	1247.03351	90.66630	68.14880	1415.04502	-30.36383	398.44405	1364.67281	-77.59816	356.58884	1207.20996	-80.79117	143.77794	1207.95718	-11.35266	153.40404	1183.46981	-46.64713	190.13551	1244.73950	-49.33784	113.46865	1209.37864	-45.96050	704.67847	1234.85723	-5.69335	798.49950	1343.24603	-155.77795	460.35240	1257.71965	183.27671	473.93272	1293.44846	-144.10720	274.12193	1228.91256	189.89940	231.45902	
386	3.850	1381.41024	18.85919	939.00360	1257.31022	12.26884	993.65577	1314.64493	87.18524	650.61843	1328.31830	-89.95288	643.62862	1213.18305	22.36378	709.35864	1293.61794	56.66511	381.34420	1252.61643	119.79851	346.22139	1201.92004	130.92609	73.14251	1199.57117	62.37186	91.54656	1159.23019	94.39154	104.96850	1247.93372	90.96278	68.39878	1431.82863	-30.99862	405.20893	1383.35919	-78.83779	361.85113	1234.50652	-84.51347	143.09258	1234.43437	-14.88698	151.99813	1208.50515	-50.07447	187.95936	1273.43852	-53.17416	114.47035	1218.64165	-47.28979	705.10337	1243.13481	-6.26338	799.30265	1359.34628	-156.70566	465.28653	1261.95214	182.95441	474.46317	1315.74561	-146.35134	277.11885	1230.69830	189.93850	232.18887	
387	3.860	1390.05732	17.40701	939.62468	1266.13786	10.48515	994.45803	1322.14124	87.32473	651.11669	1338.87380	-89.62407	644.85307	1221.51086	20.75109	709.44490	1298.66669	57.17825	380.97956	1256.46092	119.79998	346.58546	1202.54517	130.93975	74.00006	1201.09417	62.42311	92.50679	1160.59286	94.07712	106.41632	1248.84198	91.31397	68.61792	1448.14144	-31.79070	411.53761	1401.60255	-80.20545	366.84711	1261.99810	-88.56654	142.29130	1261.08097	-18.75753	150.39308	1233.75149	-53.87073	185.54233	1302.15692	-57.24727	115.32840	1228.08445	-48.69738	705.29308	1251.51408	-6.95704	799.84407	1375.14155	-157.69060	469.97396	1266.41022	182.61314	474.92835	1337.92930	-148.82636	279.93030	1232.56913	189.98152	232.89727	
388	3.870	1398.68132	15.91335	940.09182	1274.89129	8.64713	995.01842	1329.86911	87.34659	651.49809	1349.56907	-89.35217	645.82379	1230.06630	19.08342	709.36928	1303.83207	57.68550	380.50660	1260.40231	119.80092	346.89765	1203.14021	130.95059	74.83516	1202.60009	62.48980	93.43963	1161.94975	93.76047	107.84606	1249.74156	91.69411	68.81322	1463.93706	-32.66576	417.33434	1419.35542	-81.64903	371.48078	1289.59609	-92.93823	141.38327	1287.77268	-22.96255	148.59475	1259.11571	-58.04942	182.89923	1330.78784	-61.52951	116.02821	1237.70368	-50.17017	705.25111	1260.00922	-7.79948	800.14339	1390.58627	-158.69175	474.32484	1271.10267	182.25819	475.32978	1359.97370	-151.49914	282.51261	1234.46687	190.01370	233.58459	
389	3.880	1407.30931	14.35394	940.41611	1283.60127	6.70380	995.35272	1337.85471	87.24576	651.77950	1360.39517	-89.14596	646.54118	1238.86683	17.37329	709.13897	1309.09598	58.17259	379.93130	1264.42594	119.79126	347.16647	1203.69372	130.92684	75.66142	1204.08397	62.53476	94.35256	1163.29583	93.40366	109.26719	1250.62349	92.07780	68.99250	1479.17080	-33.54592	422.49560	1436.57214	-83.11544	375.65135	1317.19491	-97.59897	140.35893	1314.36830	-27.48700	146.59060	1284.48872	-62.60903	180.03086	1359.21118	-65.97985	116.53350	1247.49580	-51.69814	704.97653	1268.63315	-8.80971	800.21925	1405.65375	-159.66568	478.24944	1276.04785	181.88791	475.66778	1381.84271	-154.32564	284.81201	1236.37127	190.01650	234.25592	
390	3.890	1415.96858	12.70633	940.60562	1292.29962	4.60867	995.47322	1346.12199	87.02152	651.97445	1371.35041	-89.01155	647.00457	1247.92677	15.62736	708.75081	1314.46765	58.62496	379.25854	1268.54706	119.75638	347.39819	1204.21053	130.84770	76.49702	1205.55051	62.53019	95.25654	1164.64092	92.98402	110.69610	1251.48641	92.44329	69.16407	1493.80406	-34.35439	426.90925	1453.21255	-84.55449	379.25315	1344.66840	-102.50264	139.18950	1340.70934	-32.30224	144.35107	1309.74407	-67.53209	176.92486	1387.28910	-70.54573	116.78704	1257.45959	-53.27593	704.46295	1277.39931	-10.00155	800.08629	1420.34204	-160.56801	481.66045	1281.27132	181.49684	475.94137	1403.48918	-157.25326	286.76308	1238.29845	189.97220	234.91941	
391	3.900	1424.68589	10.95083	940.66421	1301.01762	2.32162	995.38617	1354.69213	86.67795	652.09116	1382.44092	-88.95132	647.20934	1257.25822	13.84610	708.19236	1319.98069	59.03108	378.49020	1272.80696	119.68095	347.59489	1204.70925	130.70391	77.36311	1207.01251	62.45930	96.16460	1166.00670	92.49373	112.15408	1252.33539	92.77424	69.33614	1507.80866	-35.02002	430.45721	1469.24551	-85.92201	382.17783	1371.86752	-107.58926	137.82783	1366.62024	-37.36695	141.83325	1334.73691	-72.78591	173.55786	1414.86340	-75.16619	116.71424	1267.59818	-54.90314	703.69897	1286.32324	-11.38427	799.75258	1434.67594	-161.35524	484.47601	1286.80285	181.07830	476.14746	1424.85502	-160.22404	288.28935	1240.29457	189.86681	235.58418	
392	3.910	1433.48658	9.07135	940.59103	1309.78446	-0.18958	995.09017	1363.58307	86.22358	652.13043	1393.67978	-88.96386	647.14565	1266.87184	12.02504	707.44408	1325.68826	59.38416	377.62315	1277.26702	119.55134	347.75221	1205.21821	130.49617	78.28201	1208.48880	62.31570	97.09006	1167.42305	91.93673	113.66511	1253.18021	93.06009	69.51617	1521.17044	-35.48196	433.02184	1484.65148	-87.18257	384.31945	1398.61906	-112.78933	136.21138	1391.90953	-42.62892	138.98674	1359.30336	-78.32428	169.89959	1441.75485	-79.77609	116.23007	1277.92006	-56.58346	702.67006	1295.42369	-12.96267	799.21813	1448.70433	-161.98728	486.62303	1292.67357	180.62604	476.27942	1445.87151	-163.17824	289.30658	1242.42676	189.69125	236.25794	
393	3.920	1442.39367	7.05600	940.38078	1318.62578	-2.94809	994.57589	1372.80910	85.67032	652.08381	1405.08478	-89.04471	646.79897	1276.77712	10.15712	706.48235	1331.65727	59.68219	376.64745	1282.00218	119.35687	347.85716	1205.77102	130.23205	79.27551	1210.00224	62.10111	98.04483	1168.92451	91.32411	115.25346	1254.03357	93.29526	69.71010	1533.89188	-35.69400	434.49577	1499.42388	-88.31121	385.58184	1424.72547	-118.02904	134.26792	1416.37200	-48.02757	135.76178	1383.26047	-84.08988	165.91882	1467.76458	-84.31106	115.24892	1288.43876	-58.32264	701.36160	1304.72311	-14.73680	798.47457	1462.49305	-162.43060	488.04057	1298.91366	180.13487	476.32532	1466.45931	-166.05800	289.72902	1244.77369	189.44104	236.94462	
394	3.930	1451.42691	4.89767	940.02470	1327.56252	-5.96716	993.82709	1382.38039	85.03178	651.93239	1416.67492	-89.18792	646.15233	1286.98193	8.23583	705.28309	1337.96238	59.92658	375.54486	1287.09445	119.08974	347.88634	1206.40308	129.92255	80.36323	1211.57810	61.82244	99.03801	1170.54779	90.66949	116.94159	1254.90989	93.47761	69.92165	1545.99315	-35.62883	434.79409	1513.56896	-89.29469	385.88785	1449.96591	-123.23583	131.92421	1439.79226	-53.49679	132.11895	1406.40736	-90.01671	161.59136	1492.67745	-88.71264	113.69678	1299.17118	-60.12584	699.76288	1314.24710	-16.70096	797.50615	1476.11416	-162.66206	488.68326	1305.55089	179.60051	476.26612	1486.52801	-168.81089	289.47835	1247.41745	189.11504	237.64218	
395	3.940	1460.60199	2.59445	939.51217	1336.61016	-9.24936	992.82295	1392.30234	84.32137	651.64661	1428.46614	-89.38815	645.19033	1297.49108	6.25874	703.82544	1344.68064	60.11977	374.28821	1292.62737	118.74414	347.80492	1207.14979	129.57893	81.56131	1213.24325	61.48873	100.07506	1172.33068	89.98542	118.74838	1255.82503	93.60644	70.15167	1557.51154	-35.28142	433.86794	1527.10418	-90.13188	385.18964	1474.09930	-128.34345	129.11740	1461.95011	-58.96791	128.03966	1428.52819	-96.03234	156.90930	1516.26772	-92.93298	111.52443	1310.13447	-61.99469	697.87155	1324.02297	-18.84235	796.29216	1489.63336	-162.67292	488.52481	1312.61009	179.01857	476.07442	1505.97521	-171.39303	288.49461	1250.43836	188.71379	238.34085	
396	3.950	1469.92981	0.14999	938.83280	1345.77829	-12.78608	991.54157	1402.57471	83.55027	651.18744	1440.46663	-89.64307	643.90412	1308.30415	4.23070	702.09553	1351.88695	60.26237	372.84195	1298.68164	118.31484	347.56693	1208.04719	129.21043	82.88144	1215.02639	61.10868	101.15766	1174.31283	89.28144	120.68791	1256.79715	93.68053	70.39802	1568.49903	-34.67158	431.71739	1540.05536	-90.83369	383.47862	1496.87032	-133.29597	125.80788	1482.62812	-64.37247	123.53606	1449.39793	-102.05973	151.89061	1538.30710	-96.93828	108.71967	1321.34190	-63.92449	695.69796	1334.07723	-21.13965	794.81069	1503.09741	-162.47285	487.56182	1320.11339	178.38323	475.71406	1524.68610	-173.77195	286.74760	1253.91302	188.23793	239.02200	
397	3.960	1479.41594	-2.42615	937.97900	1355.07060	-16.55717	989.96432	1413.19068	82.72568	650.50907	1452.67245	-89.95551	642.29706	1319.41284	2.16628	700.08987	1359.65063	60.35026	371.16413	1305.33205	117.79568	347.11707	1209.13488	128.82310	84.33039	1216.95930	60.68905	102.28437	1176.53813	88.56402	122.76896	1257.84888	93.69645	70.65576	1579.01783	-33.84502	428.40191	1552.45281	-91.42248	380.79379	1518.01949	-138.05000	121.99194	1501.62168	-69.64466	118.65872	1468.79161	-108.01884	146.58732	1558.57554	-100.71057	105.31650	1332.79833	-65.90196	693.26899	1344.43236	-23.56165	793.04332	1516.52358	-162.09317	485.81790	1328.08091	177.68581	475.14124	1542.53436	-175.92895	284.24688	1257.91532	187.68700	239.65779	
398	3.970	1489.06035	-5.11838	936.94858	1364.48522	-20.53077	988.08065	1424.13574	81.84944	649.56321	1465.06392	-90.33512	640.39002	1330.79833	0.09118	697.81823	1368.03286	60.37205	369.21023	1312.64546	117.17808	346.39438	1210.46077	128.41948	85.91004	1219.07911	60.23378	103.45187	1179.05826	87.83779	124.99504	1259.01049	93.64731	70.91820	1589.13425	-32.87283	424.04629	1564.32658	-91.93121	377.22697	1537.29798	-142.57500	117.71154	1518.75130	-74.72334	113.50047	1486.49761	-113.82839	141.09033	1576.87469	-104.24708	101.39924	1344.49581	-67.90400	690.63065	1355.10304	-26.06651	790.98042	1529.89276	-161.58862	483.34774	1336.53177	176.91360	474.30719	1559.38558	-177.86110	281.04867	1262.51967	187.05866	240.21176	
399	3.980	1498.85740	-7.90488	935.74732	1374.01538	-24.66338	985.89278	1435.38681	80.91740	648.30459	1477.60344	-90.79907	638.22573	1342.42926	-1.95803	695.30597	1377.08500	60.30713	366.93867	1320.67977	116.44984	345.33787	1212.08657	127.99891	87.61797	1221.43112	59.74390	104.65682	1181.93659	87.10755	127.36515	1260.32370	93.52218	71.17857	1598.91106	-31.84905	418.84031	1575.70124	-92.40235	372.92338	1554.48694	-146.85171	113.05888	1533.87650	-79.55376	108.19478	1502.33426	-119.40817	135.52917	1593.04348	-107.55739	97.09997	1356.41036	-69.89759	687.84931	1366.09251	-28.60189	788.62647	1543.14746	-161.03713	480.24039	1345.48493	176.04914	473.16272	1575.10396	-179.58260	277.25758	1267.80460	186.34825	240.64082	
400	3.990	1508.79606	-10.75770	934.39119	1383.65034	-28.90042	983.41983	1446.91158	79.91931	646.69739	1490.23517	-91.37158	635.87124	1354.26095	-3.93562	692.59544	1386.84743	60.12459	364.31788	1329.48351	115.59426	343.89358	1214.09265	127.55797	89.44871	1224.07188	59.21762	105.89813	1185.25150	86.37982	129.87499	1261.84560	93.30599	71.43240	1608.39895	-30.88635	413.03086	1586.59051	-92.88688	368.07679	1569.41973	-150.86908	108.17362	1546.90977	-84.08897	102.90801	1516.16817	-124.68234	130.06520	1606.97444	-110.65865	92.58897	1368.50030	-71.84110	685.01101	1377.38934	-31.10610	786.00467	1556.19493	-160.53683	476.62047	1354.95977	175.07017	471.66418	1589.56224	-181.12525	273.02231	1273.85556	185.54822	240.89857	
401	4.000	1518.86046	-13.64299	932.90802	1393.37643	-33.17718	980.70071	1458.66849	78.83963	644.72184	1502.88675	-92.08232	633.41802	1366.23616	-5.79009	689.74639	1397.34881	59.78274	361.33421	1339.09602	114.58948	342.02267	1216.58107	127.09072	91.39554	1227.07170	58.65054	107.17915	1189.09809	85.66334	132.51845	1263.65193	92.98009	71.68034	1617.62840	-30.11006	406.90640	1596.99230	-93.44336	362.91866	1582.00394	-154.62086	103.23202	1557.82856	-88.29139	97.82572	1527.93136	-129.58396	124.87808	1618.62860	-113.57006	88.05882	1380.70680	-73.68694	682.21877	1388.96530	-33.51050	783.16028	1568.91513	-160.20013	472.64616	1364.97635	173.95008	469.78049	1602.65376	-182.53776	268.52495	1280.76539	184.64747	240.94018	
402	4.010	1529.03078	-16.52152	931.33813	1403.17825	-37.42036	977.79551	1470.60723	77.65886	642.38015	1515.47314	-92.96364	630.97926	1378.28756	-7.46878	686.83524	1408.60566	59.22956	357.99964	1349.54792	113.40817	339.70938	1219.67550	126.58847	93.45262	1230.51621	58.03561	108.50976	1193.58731	84.96798	135.28930	1265.83910	92.52325	71.93112	1626.60296	-29.65070	400.77453	1606.88472	-94.13714	357.70184	1592.23877	-158.10285	98.42861	1566.68297	-92.13449	93.13446	1537.63365	-134.06048	120.14690	1628.04605	-116.30773	83.70439	1392.95672	-75.38543	679.58813	1400.77469	-35.74298	780.16197	1581.17234	-160.14531	468.50275	1375.55515	172.65897	467.50020	1614.30436	-183.88363	263.96463	1288.63198	183.63024	240.72857	
403	4.020	1539.28439	-19.34955	929.73404	1413.03997	-41.55032	974.78475	1482.67024	76.35547	639.70089	1527.90213	-94.04713	628.68444	1390.34181	-8.92334	683.95287	1420.62222	58.40381	354.35824	1360.86168	112.01761	336.96784	1223.51744	126.03942	95.61737	1234.50616	57.36287	109.90774	1198.84216	84.30207	138.18259	1268.52427	91.91319	72.20416	1635.29557	-29.63556	394.93489	1616.22403	-95.03960	352.68039	1600.22338	-161.31182	93.95304	1573.59671	-95.60481	89.00154	1545.36701	-138.07961	116.02832	1635.34941	-118.88160	79.70192	1405.16746	-76.88954	677.24092	1412.75550	-37.73219	777.10099	1592.82869	-160.48632	464.39169	1386.71654	171.16502	464.83755	1624.48163	-185.23771	259.53765	1297.55286	182.47486	240.24135	
404	4.030	1549.59720	-22.08006	928.15878	1422.94650	-45.48393	971.76666	1494.79486	74.90802	636.74102	1540.08095	-95.35988	626.67165	1402.32467	-10.11534	681.20115	1433.39074	57.23700	350.48975	1373.05227	110.38019	333.84650	1228.25881	125.42808	97.89260	1239.15528	56.61919	111.39936	1204.99081	83.66882	141.19581	1271.84304	91.12833	72.53127	1643.64889	-30.17994	389.65088	1624.94519	-96.22702	348.08787	1606.15287	-164.24689	89.96606	1578.76015	-98.70397	85.55625	1551.29967	-141.63451	112.63591	1640.73818	-121.29498	76.19067	1417.25322	-78.15986	675.29808	1424.83236	-39.41225	774.08772	1603.75795	-161.32243	460.51593	1398.48004	169.43607	461.83650	1633.19892	-186.68190	255.41668	1307.61756	181.15261	239.47774	
405	4.040	1559.94526	-24.66459	926.68305	1432.88469	-49.13811	968.85227	1506.91630	73.29739	633.58482	1551.92336	-96.92115	625.07824	1414.16656	-11.02118	678.68788	1446.89211	55.65629	346.50927	1386.12746	108.45457	330.42889	1234.05145	124.73523	100.28797	1244.58570	55.78814	113.01867	1212.15732	83.06283	144.32937	1275.94432	90.14987	72.95687	1651.58034	-31.37886	385.12422	1632.96555	-97.77883	344.11710	1610.30108	-166.91253	86.57928	1582.41552	-101.45003	82.87561	1555.66015	-144.74695	110.02441	1644.47374	-123.54706	73.26024	1429.13198	-79.16917	673.87203	1436.92122	-40.72718	771.24591	1613.85743	-162.72922	457.06343	1410.86328	167.44131	458.57161	1640.51312	-188.30034	251.73261	1318.89883	179.62742	238.46415	
406	4.050	1570.30630	-27.05538	925.38111	1442.84416	-52.43402	966.15867	1518.97116	71.50867	630.33946	1563.35618	-98.73993	624.03096	1425.80776	-11.63548	676.52060	1461.09686	53.58845	342.56212	1400.08767	106.19775	326.83017	1241.03458	123.93853	102.82043	1250.92109	54.85044	114.80564	1220.45087	82.46757	147.58653	1280.98242	88.96371	73.53641	1658.99139	-33.30004	381.47669	1640.19183	-99.77471	340.90467	1612.99275	-169.32218	83.84256	1584.83618	-103.87756	80.97745	1558.71382	-147.46690	108.18253	1646.85682	-125.63701	70.94545	1440.73210	-79.90582	673.05932	1448.93536	-41.63478	768.70470	1623.05697	-164.75243	454.19163	1423.88063	165.15297	455.14513	1646.51643	-190.17455	248.56208	1331.44436	177.85685	237.25712	
407	4.060	1580.66115	-29.20822	924.32561	1452.81789	-55.30163	963.80073	1530.90114	69.53272	627.12711	1574.32463	-100.81376	623.63637	1437.20247	-11.97224	674.79938	1475.96631	50.96490	338.81369	1414.92503	103.56802	323.18909	1249.32163	123.01416	105.51316	1258.27750	53.78509	116.80281	1229.95470	81.85512	150.97256	1287.10603	87.56227	74.33259	1665.78002	-35.97923	378.74233	1646.53003	-102.29010	338.52244	1614.57016	-171.50055	81.74170	1586.30342	-106.03553	79.82175	1560.73629	-149.86805	107.03573	1648.20113	-127.56833	69.22900	1451.99779	-80.37527	672.93434	1460.79201	-42.10929	766.58919	1631.32395	-167.40549	452.01507	1437.54105	162.54802	451.68010	1651.32444	-192.37862	245.92301	1345.27003	175.79504	235.94220	
408	4.070	1590.99465	-31.08559	923.58178	1462.80208	-57.68471	961.88189	1542.65668	67.36713	624.07415	1584.79597	-103.12901	623.97263	1448.32125	-12.06331	673.60906	1491.45349	47.72800	335.43459	1430.62114	100.52894	319.65570	1258.98756	121.93929	108.39287	1266.75204	52.57140	119.05090	1240.71599	81.18825	154.49324	1294.44459	85.94579	75.40939	1671.85467	-39.41821	376.87180	1651.89745	-105.39012	336.97744	1615.36085	-173.48336	80.20619	1587.08448	-107.98297	79.31989	1561.98885	-152.03924	106.45861	1648.80759	-129.35155	68.05071	1462.89272	-80.59936	673.54422	1472.41888	-42.14289	765.01003	1638.66438	-170.67069	450.59822	1451.84505	159.61010	448.30965	1655.06361	-194.97424	243.77886	1360.35540	173.39754	234.62771	
409	4.080	1601.29577	-32.66014	923.20114	1472.79525	-59.54583	960.48459	1554.19980	65.01675	621.29827	1594.76094	-105.66240	625.08284	1459.15152	-11.95434	673.01139	1507.50303	43.83829	332.58250	1447.14315	97.05444	316.37586	1270.05755	120.69528	111.48538	1276.40981	51.19174	121.58338	1252.73724	80.42517	158.15261	1303.09211	84.12299	76.82427	1677.14788	-43.58559	375.74819	1656.23580	-109.12200	336.21953	1615.65186	-175.31399	79.12533	1587.41515	-109.78274	79.34978	1562.69993	-154.07324	106.29453	1648.94321	-131.00469	67.32116	1473.40141	-80.61326	674.90520	1483.75967	-41.74587	764.05294	1645.12018	-174.50338	449.95393	1466.78041	156.33172	445.16338	1657.86147	-198.00553	242.05076	1376.64133	170.62793	233.43336	
410	4.090	1611.55649	-33.91825	923.21534	1482.79610	-60.87125	959.66099	1565.50574	62.49388	618.89505	1604.23293	-108.38313	626.97036	1469.69591	-11.69859	673.03753	1524.04948	39.28262	330.38236	1464.43777	93.13470	313.47412	1282.49733	119.27110	114.80986	1287.26927	49.63495	124.42054	1265.96929	79.52633	161.95033	1313.08911	82.11117	78.61922	1681.62791	-48.41981	375.21133	1659.52427	-113.50627	336.15506	1615.67393	-177.03817	78.36890	1587.48863	-111.49459	79.77402	1563.05499	-156.05501	106.37886	1648.82703	-132.55119	66.93682	1483.52818	-80.46075	677.00024	1494.77771	-40.94578	763.76870	1650.76394	-178.83757	450.04692	1482.31621	152.71704	442.35224	1659.84167	-201.49351	240.63487	1394.02870	167.46539	232.47419	
411	4.100	1621.76903	-34.86317	923.63058	1492.79991	-61.67508	959.42492	1576.56250	59.81840	616.92539	1613.24489	-111.25513	629.59577	1479.96840	-11.34986	673.68164	1541.01301	34.08246	328.90744	1482.42270	88.78253	311.03707	1296.20503	117.66669	118.37216	1299.28682	47.89994	127.56363	1280.30560	78.46229	165.87860	1324.40386	79.93565	80.81147	1685.30719	-53.83296	375.08596	1661.79112	-118.52782	336.66313	1615.59621	-178.69774	77.80848	1587.45117	-113.16863	80.45783	1563.19481	-158.05168	106.56168	1648.62374	-134.01643	66.79437	1493.29363	-80.18841	679.77734	1505.45695	-39.78610	764.16464	1655.69212	-183.59154	450.80105	1498.39504	148.78534	439.95382	1661.12467	-205.43071	239.42189	1412.37670	163.91220	231.84215	
412	4.110	1631.92110	-35.51733	924.42341	1502.79321	-62.00214	959.74596	1587.36766	57.01817	615.40594	1621.84387	-114.23863	632.87545	1489.98824	-10.95566	674.89612	1558.29212	28.30160	328.16413	1500.97574	84.03980	309.09982	1311.00428	115.89584	122.15815	1312.34185	45.99915	130.98962	1295.57698	77.22155	169.91902	1336.91463	77.62913	83.38534	1688.24644	-59.71445	375.20869	1663.12210	-124.12773	337.61140	1615.52970	-180.32534	77.33565	1587.40312	-114.84036	81.28399	1563.22020	-160.10557	106.72649	1648.44410	-135.42372	66.80217	1502.72872	-79.84007	683.14867	1515.79934	-38.32469	765.19846	1660.01788	-188.67185	452.10846	1514.92316	144.57488	438.00020	1661.83241	-209.77638	238.31503	1431.49894	160.00020	231.58812	
413	4.120	1641.98879	-35.92296	925.53863	1512.74654	-61.92854	960.54712	1597.92166	54.12975	614.30441	1630.08287	-117.29055	636.68197	1499.77142	-10.55194	676.58988	1575.75306	22.05204	328.08359	1519.92178	78.98269	307.63825	1326.63872	113.98816	126.12815	1326.22427	43.96134	134.64739	1311.54663	75.81671	174.03946	1350.39581	75.23114	86.28655	1690.55365	-65.93324	375.44891	1663.66350	-130.19739	338.86862	1615.53625	-181.94059	76.87441	1587.40413	-116.52767	82.16268	1563.20045	-162.23097	106.80207	1648.35042	-136.79065	66.88774	1511.86616	-79.45234	686.99060	1525.81819	-36.63216	766.77572	1663.86358	-193.97517	453.83926	1531.75928	140.14685	436.47106	1662.09418	-214.45317	237.24393	1451.15674	155.79515	231.70844	
414	4.130	1651.92731	-36.14019	926.89071	1522.60567	-61.55866	961.70772	1608.21689	51.19948	613.54196	1638.00973	-120.36364	640.84735	1509.31955	-10.16059	678.63085	1593.21678	15.49614	328.52377	1539.01944	73.72461	306.57013	1342.76927	111.98982	130.21351	1340.62808	41.83287	138.45629	1327.90613	74.28735	178.19136	1364.51214	72.78791	89.42080	1692.37635	-72.33880	375.72043	1663.61669	-136.57679	340.31258	1615.64004	-183.54814	76.38651	1587.48041	-118.22983	83.03514	1563.18228	-164.41422	106.76588	1648.36501	-138.12648	67.00092	1520.72898	-79.05220	691.14577	1535.52653	-34.79012	768.75298	1667.35239	-199.38795	455.85077	1548.70312	135.58826	435.29468	1662.04979	-219.34637	236.17227	1471.04997	151.39793	232.14011	
415	4.140	1661.65985	-36.24131	928.37016	1532.28155	-61.01663	963.07384	1618.22233	48.28444	613.00490	1645.65221	-123.40449	645.17111	1518.60592	-9.79025	680.85527	1610.44518	8.84244	329.28558	1557.95032	68.41446	305.76829	1358.97755	109.96218	134.31700	1355.15578	39.67670	142.30814	1344.27536	72.69787	182.30781	1378.82679	70.35258	92.65861	1693.88522	-78.76167	375.98200	1663.22104	-143.05933	341.83394	1615.83865	-185.13748	75.86923	1587.63302	-119.92824	83.87096	1563.19678	-166.61655	106.63836	1648.48037	-139.43044	67.11280	1529.31587	-78.65702	695.42920	1544.92023	-32.88823	770.94886	1670.59711	-204.78483	457.99616	1565.48582	131.01217	434.35983	1661.84600	-224.30730	235.09817	1490.80826	146.94140	232.76887	
