Coordinates
version=1
nRows=398
nColumns=19
inDegrees=yes

Units are S.I. units (second, meters, Newtons, ...)
If the header above contains a line with 'inDegrees', this indicates whether rotational values are in degrees (yes) or radians (no).

endheader
time	pelvis_to_ground_rx	pelvis_to_ground_ry	pelvis_to_ground_rz	pelvis_to_ground_tx	pelvis_to_ground_ty	pelvis_to_ground_tz	left_hip_abduction	left_hip_rotation	left_hip_flexion	left_knee_flexion	left_ankle_flexion	left_subtalar_angle	right_hip_abduction	right_hip_rotation	right_hip_flexion	right_knee_flexion	right_ankle_flexion	right_subtalar_angle
      0.00000000	     96.01782291	     14.26070830	     -1.08010461	     -1.90650372	     -0.76441964	      0.71959055	    -15.09757318	    -12.21180964	     -9.68769393	    -28.88933117	      6.54015161	     -3.64082800	     -2.87813724	     -4.98752398	     29.36507006	    -19.99044111	    -10.70306401	     -3.03253624
      0.01000000	     95.26900075	     14.69511209	     -1.74655152	     -1.89259688	     -0.76432736	      0.71953382	    -13.65334277	    -10.86251490	     -7.69468492	    -32.39647445	      5.22689344	     -3.35545431	     -2.13477003	     -4.12694877	     28.69076132	    -19.70787378	     -9.27095588	     -3.80583567
      0.02000000	     94.44126077	     15.12933335	     -2.09324255	     -1.87868935	     -0.76428574	      0.71927736	    -12.21105525	     -9.50028103	     -6.09399876	    -35.73005941	      3.67665801	     -2.88442824	     -1.25491479	     -3.37085744	     27.77116429	    -19.48412594	     -7.75391474	     -4.68421569
      0.03000000	     93.55915218	     15.50607171	     -2.36541923	     -1.86493100	     -0.76433493	      0.71907676	    -10.76123221	     -8.18302711	     -4.56740896	    -38.93474699	      2.07017858	     -2.45613636	     -0.30850335	     -2.51768372	     26.79918213	    -19.19672407	     -6.40666977	     -5.42990100
      0.04000000	     92.63240047	     15.79474245	     -2.52718678	     -1.85138609	     -0.76447280	      0.71901215	     -9.30077327	     -6.80913431	     -3.08423808	    -42.06499810	      0.33697730	     -2.08385311	      0.72101666	     -1.66908716	     25.76535305	    -18.87375768	     -5.18123687	     -6.06624869
      0.05000000	     91.67381589	     15.97149832	     -2.61676944	     -1.83811641	     -0.76470920	      0.71916770	     -7.84002949	     -5.34810122	     -1.56391698	    -45.15957851	     -1.47670620	     -1.77902295	      1.82178914	     -0.84902687	     24.70312730	    -18.50031108	     -4.11347980	     -6.57106432
      0.06000000	     90.70158369	     16.02079730	     -2.66843415	     -1.82516848	     -0.76505191	      0.71959594	     -6.40046182	     -3.78177392	      0.04902486	    -48.23349476	     -3.33046739	     -1.57704812	      2.97572183	     -0.09232065	     23.63360800	    -18.05618668	     -3.22047407	     -6.92537252
      0.07000000	     89.73848784	     15.93303416	     -2.72673535	     -1.81257072	     -0.76550366	      0.72032187	     -5.01693396	     -2.11539834	      1.79997744	    -51.28458084	     -5.09816271	     -1.47292707	      4.15176937	      0.59404659	     22.58310152	    -17.52318068	     -2.52809481	     -7.12209506
      0.08000000	     88.80640671	     15.71945747	     -2.81447744	     -1.80033552	     -0.76606868	      0.72134704	     -3.72821170	     -0.38634801	      3.69798336	    -54.28927868	     -6.70538804	     -1.46397333	      5.31817619	      1.19715194	     21.55074467	    -16.88213433	     -2.02986750	     -7.16125987
      0.09000000	     87.93333856	     15.39316994	     -2.94609822	     -1.78846602	     -0.76673353	      0.72264798	     -2.57601438	      1.38454010	      5.74158910	    -57.21870320	     -8.09258806	     -1.51560583	      6.43895718	      1.70892122	     20.53591135	    -16.13312098	     -1.70987970	     -7.05875817
      0.10000000	     87.14443259	     14.96103184	     -3.12538835	     -1.77694384	     -0.76748524	      0.72417748	     -1.60075215	      3.15955527	      7.90636460	    -60.02972751	     -9.16851428	     -1.67276994	      7.47945811	      2.14119119	     19.53203982	    -15.28521542	     -1.54788288	     -6.79997164
      0.11000000	     86.44251758	     14.44696599	     -3.31001994	     -1.76573685	     -0.76831934	      0.72587396	     -0.80570155	      4.90440437	     10.13479771	    -62.69057641	     -9.50687532	     -1.83301968	      8.42337019	      2.53948138	     18.48189286	    -14.33598607	     -1.51631156	     -6.61202167
      0.12000000	     85.88015495	     13.87047800	     -3.57023021	     -1.75485244	     -0.76919474	      0.72770093	     -0.25853748	      6.57374752	     12.47853687	    -65.15374059	     -9.84511602	     -1.98230041	      9.21231777	      2.90023464	     17.47955852	    -13.35478315	     -1.56040679	     -6.32018427
      0.13000000	     85.47531166	     13.25369399	     -3.90724550	     -1.74426694	     -0.77007461	      0.72958942	      0.01525772	      8.11737353	     14.92343088	    -67.38463885	    -10.18806510	     -2.36099078	      9.84577319	      3.11861220	     16.57490909	    -12.43542476	     -1.79215006	     -5.44233563
      0.14000000	     85.15901555	     12.62440387	     -4.16246826	     -1.73389223	     -0.77099050	      0.73148908	      0.12980985	      9.51770899	     17.30356409	    -69.35870984	    -10.01052399	     -2.62382073	     10.33897394	      3.52086123	     15.52592647	    -11.44503871	     -1.80521427	     -5.15722774
      0.15000000	     85.00080071	     11.99190510	     -4.47438188	     -1.72377619	     -0.77183722	      0.73333481	     -0.01694140	     10.72132050	     19.74693407	    -71.05869757	     -9.18808623	     -3.22491771	     10.67089056	      3.79047300	     14.61382278	    -10.63222148	     -2.00917501	     -4.38760328
      0.16000000	     84.94654915	     11.37418540	     -4.76589273	     -1.71385188	     -0.77264503	      0.73511801	     -0.33059225	     11.72375371	     22.16861713	    -72.46025645	     -8.36902286	     -3.74238279	     10.85699516	      4.20588105	     13.69243749	     -9.87960510	     -2.08465256	     -3.83798345
      0.17000000	     84.98088408	     10.77845791	     -5.03434212	     -1.70409889	     -0.77337796	      0.73681050	     -0.77991348	     12.51346054	     24.55291770	    -73.55150902	     -7.77881176	     -4.11332381	     10.91073995	      4.81535226	     12.76841491	     -9.20296775	     -2.12458510	     -3.53964745
      0.18000000	     85.08886313	     10.23080167	     -5.24456881	     -1.69451403	     -0.77398848	      0.73830650	     -1.32685139	     13.05064620	     26.85682255	    -74.35882669	     -6.24329341	     -4.98422699	     10.90930692	      5.21565229	     11.92771563	     -8.78836983	     -2.22995577	     -3.04770500
      0.19000000	     85.25451403	      9.70323287	     -5.44653823	     -1.68507097	     -0.77447079	      0.73966502	     -1.94530149	     13.38692110	     29.11230201	    -74.85514948	     -5.09270907	     -5.69200667	     10.81670610	      5.78591781	     11.12777619	     -8.48989117	     -2.20496170	     -2.71939700
      0.20000000	     85.43932773	      9.22871556	     -5.61202094	     -1.67574054	     -0.77483471	      0.74084629	     -2.56632749	     13.48827784	     31.28197021	    -75.06124197	     -3.97320772	     -6.43374739	     10.70111361	      6.37307724	     10.35552971	     -8.30867563	     -2.13907801	     -2.47751472
      0.21000000	     85.63520488	      8.78715192	     -5.75075637	     -1.66650943	     -0.77505767	      0.74183353	     -3.16947913	     13.39941162	     33.36098969	    -74.98499664	     -2.95200320	     -7.17259913	     10.57548924	      6.94859730	      9.62656205	     -8.25447183	     -2.03462632	     -2.31260567
      0.22000000	     85.82886754	      8.37838848	     -5.85804170	     -1.65735150	     -0.77513791	      0.74262442	     -3.72469153	     13.13307970	     35.32699868	    -74.63293576	     -2.06366083	     -7.89129189	     10.45917019	      7.48463062	      8.91957287	     -8.29204195	     -1.88989331	     -2.19957173
      0.23000000	     85.99880957	      7.99068757	     -5.93960204	     -1.64824503	     -0.77508168	      0.74320235	     -4.20349063	     12.74035544	     37.18527128	    -74.02701308	     -1.34819561	     -8.55400934	     10.37760551	      7.96270322	      8.23317014	     -8.40401626	     -1.70861033	     -2.11971377
      0.24000000	     86.14708817	      7.60725108	     -6.02384487	     -1.63916267	     -0.77488728	      0.74359374	     -4.61148397	     12.25711762	     38.94761747	    -73.16390113	     -1.00570052	     -8.84785233	     10.32231041	      8.41403036	      7.57283287	     -8.55129492	     -1.59097976	     -2.06879324
      0.25000000	     86.28496099	      7.23718356	     -6.02022365	     -1.63006343	     -0.77455454	      0.74375404	     -4.93210509	     11.67841109	     40.49643860	    -72.06143004	     -0.37827486	     -9.46865201	     10.30255076	      8.69420829	      6.86024618	     -8.76568938	     -1.28296658	     -2.05017805
      0.26000000	     86.36141729	      6.87351071	     -6.03269282	     -1.62092215	     -0.77412310	      0.74373186	     -5.14454981	     11.06584909	     41.96021226	    -70.73916867	     -0.22475969	     -9.63261669	     10.34919752	      8.96136410	      6.15143382	     -8.94459187	     -1.13175439	     -2.01470807
      0.27000000	     86.43639197	      6.47913103	     -5.97076989	     -1.61170247	     -0.77355520	      0.74350375	     -5.29765746	     10.45435783	     43.20042766	    -69.18714434	     -0.00034620	     -9.95288434	     10.40967739	      9.13034065	      5.39059957	     -9.18959023	     -0.70516807	     -1.98004752
      0.28000000	     86.47500196	      6.09843857	     -5.81168026	     -1.60234470	     -0.77289601	      0.74308415	     -5.35882487	      9.84358386	     44.20191808	    -67.43549381	      0.01789216	     -9.93515154	     10.52554973	      9.14528109	      4.52135755	     -9.41851331	     -0.64965450	     -1.96832038
      0.29000000	     86.47831286	      5.64445105	     -5.77928815	     -1.59287404	     -0.77211445	      0.74254430	     -5.38602448	      9.28919509	     45.18556178	    -65.47989204	     -0.01389248	     -9.88245877	     10.64598429	      9.45134161	      3.74715599	     -9.63270770	     -0.36444912	     -1.96017033
      0.30000000	     86.50546507	      5.16977095	     -5.58646452	     -1.58320291	     -0.77121103	      0.74180322	     -5.39271164	      8.77931930	     45.82134896	    -63.34223936	     -0.03574866	     -9.81112507	     10.75509001	      9.48500087	      2.86228196	     -9.97407567	     -0.24605981	     -1.96483877
      0.31000000	     86.45211079	      4.67419296	     -5.30411372	     -1.57329227	     -0.77027091	      0.74090734	     -5.29456040	      8.35298397	     46.21376253	    -61.07633685	     -0.33680064	     -9.50045164	     10.96866444	      9.76589316	      1.81105465	    -10.24972063	      0.33979752	     -1.99796641
      0.32000000	     86.43488076	      4.14588101	     -5.01293752	     -1.56313297	     -0.76919474	      0.73987408	     -5.22404067	      7.95050577	     46.39100317	    -58.65835943	     -0.58161003	     -9.19376307	     11.11784392	      9.86035690	      0.81329755	    -10.67374446	      0.73135254	     -1.97375843
      0.33000000	     86.40290240	      3.56860184	     -4.68910354	     -1.55269545	     -0.76802866	      0.73870610	     -5.13003050	      7.61543832	     46.34304093	    -56.14113051	     -0.82771293	     -8.88223636	     11.27350022	     10.03767800	     -0.21000015	    -11.18229261	      1.06018027	     -1.92928721
      0.34000000	     86.38659477	      2.94048147	     -4.32792302	     -1.54195266	     -0.76676280	      0.73740332	     -5.05451751	      7.36646270	     46.06527616	    -53.55965238	     -1.21349874	     -8.43747319	     11.39539472	     10.21407891	     -1.23422270	    -11.82909093	      1.52266339	     -1.84238233
      0.35000000	     86.33863123	      2.33531797	     -3.96278178	     -1.53089265	     -0.76546248	      0.73598215	     -4.87004622	      6.97252974	     45.55500640	    -50.93792775	     -1.40169916	     -8.18780883	     11.54485742	     10.39130841	     -2.25371988	    -12.54119485	      1.72221536	     -1.78474801
      0.36000000	     86.32609374	      1.66610645	     -3.58697475	     -1.51949117	     -0.76406972	      0.73443261	     -4.72497755	      6.67181873	     44.84965036	    -48.33441205	     -1.92176861	     -7.71343467	     11.63221651	     10.56826822	     -3.22615135	    -13.43814201	      2.23856927	     -1.59490102
      0.37000000	     86.31980801	      0.99855360	     -3.18317205	     -1.50774022	     -0.76264670	      0.73274966	     -4.51715642	      6.27018575	     43.91453402	    -45.79624707	     -2.22440533	     -7.44822413	     11.69994414	     10.67697040	     -4.18140342	    -14.47167788	      2.55970421	     -1.32746144
      0.38000000	     86.35063320	      0.33143903	     -2.82245252	     -1.49566289	     -0.76117927	      0.73095518	     -4.27444898	      5.72309027	     42.82782205	    -43.35633521	     -2.30169859	     -7.30926850	     11.68879219	     10.69022933	     -5.01764853	    -15.67452981	      2.61437484	     -1.28151335
      0.39000000	     86.43356499	     -0.34313211	     -2.48436819	     -1.48325424	     -0.75969883	      0.72905705	     -4.03580043	      5.09138886	     41.60902627	    -41.08202638	     -2.41548279	     -7.17088216	     11.59366721	     10.62843366	     -5.75717978	    -17.04898328	      2.67316613	     -1.22501949
      0.40000000	     86.59151780	     -1.01011954	     -2.18077791	     -1.47054543	     -0.75820293	      0.72707452	     -3.82548972	      4.33474471	     40.29329852	    -39.01992603	     -2.50577574	     -7.07602571	     11.37156280	     10.42095241	     -6.36359052	    -18.60827986	      2.70532395	     -1.14109661
      0.41000000	     86.84350466	     -1.65425726	     -1.93463265	     -1.45757305	     -0.75670720	      0.72504242	     -3.67344542	      3.43061903	     38.93382460	    -37.21246516	     -2.51941032	     -7.05309701	     10.99499244	     10.05085817	     -6.80017009	    -20.35035593	      2.67974782	     -1.03493845
      0.42000000	     87.21150240	     -2.26757259	     -1.74838464	     -1.44437532	     -0.75520597	      0.72300251	     -3.62810707	      2.39805725	     37.57134477	    -35.69877390	     -2.43314302	     -7.12935620	     10.43112080	      9.49224037	     -7.05271095	    -22.26709861	      2.57849418	     -0.90510653
      0.43000000	     87.71119379	     -2.84822719	     -1.67496073	     -1.43101663	     -0.75368073	      0.72102553	     -3.68748869	      1.15789244	     36.25772847	    -34.45236502	     -2.42506995	     -8.55341614	      9.64273884	      8.71901095	     -7.04139629	    -24.36959648	      2.52323002	      0.16711122
      0.44000000	     88.34819700	     -3.35247027	     -1.57452258	     -1.41752051	     -0.75219060	      0.71910633	     -3.99459662	     -0.01062602	     34.97421454	    -33.60184159	     -2.19904937	     -8.64306031	      8.67527403	      7.74725608	     -6.94201155	    -26.59047947	      2.29485226	      0.12059899
      0.45000000	     89.11809756	     -3.80249613	     -1.56061664	     -1.40395698	     -0.75068672	      0.71739366	     -4.47345023	     -1.26975404	     33.76225072	    -33.00147438	     -1.39707419	     -9.54069578	      7.52083738	      6.63019656	     -6.63265873	    -28.90544941	      1.48149270	      0.34994093
      0.46000000	     90.02544177	     -4.16845105	     -1.61612425	     -1.39040270	     -0.74917342	      0.71589836	     -5.19447288	     -2.47168762	     32.65862447	    -32.65841525	     -0.83394080	    -10.38227231	      6.17536684	      5.30682554	     -6.10702009	    -31.33060534	      0.76414259	      0.36374092
      0.47000000	     91.04659741	     -4.44509867	     -1.71807119	     -1.37691395	     -0.74766255	      0.71469679	     -6.13618176	     -3.56662463	     31.62335556	    -32.48883399	     -0.24442453	    -11.21053461	      4.69473581	      3.81745175	     -5.40816378	    -33.81728843	     -0.05486245	      0.25752347
      0.48000000	     92.14826480	     -4.62263498	     -1.85757962	     -1.36355157	     -0.74616286	      0.71384257	     -7.26903898	     -4.48764515	     30.63512151	    -32.41306064	      0.35164431	    -11.98354081	      3.13693973	      2.18260468	     -4.55509559	    -36.33272240	     -0.95753200	      0.01319788
      0.49000000	     93.29727816	     -4.68827342	     -2.05045280	     -1.35038470	     -0.74469559	      0.71339177	     -8.53589584	     -5.23909059	     29.67887596	    -32.33020107	      0.95757260	    -12.62010947	      1.56328716	      0.42199996	     -3.53982340	    -38.84385992	     -1.89517424	     -0.32573738
      0.50000000	     94.45332156	     -4.65983238	     -2.28850773	     -1.33746340	     -0.74325398	      0.71338809	     -9.87888624	     -5.77593792	     28.71491789	    -32.13785263	      1.51540194	    -13.14706478	      0.04595962	     -1.39065242	     -2.38244316	    -41.31380218	     -2.89899002	     -0.88288948
      0.51000000	     95.56299047	     -4.51690758	     -2.58459833	     -1.32484045	     -0.74187162	      0.71384258	    -11.21473419	     -6.13015843	     27.74096365	    -31.78439967	      1.99575737	    -13.46083858	     -1.33605989	     -3.25636412	     -1.07786972	    -43.70564053	     -3.89813814	     -1.64994007
      0.52000000	     96.58757160	     -4.27710886	     -2.94794116	     -1.31255336	     -0.74054386	      0.71476321	    -12.47470458	     -6.32972599	     26.74307554	    -31.20705433	      2.39048145	    -13.47594885	     -2.51870970	     -5.11487658	      0.38111823	    -45.98737737	     -4.82746167	     -2.61503748
      0.53000000	     97.50974067	     -3.96819957	     -3.34681878	     -1.30059856	     -0.73925701	      0.71611407	    -13.61922933	     -6.40054471	     25.66973326	    -30.35688267	      2.48468597	    -13.40246704	     -3.47971986	     -6.93176458	      1.97156595	    -48.15180880	     -4.99001467	     -2.88067819
      0.54000000	     98.27616535	     -3.56671735	     -3.77207967	     -1.28899300	     -0.73803688	      0.71783328	    -14.57205239	     -6.43424314	     24.52876455	    -29.28172821	      2.60657163	    -13.25746295	     -4.15183151	     -8.68642692	      3.66775282	    -50.14129148	     -5.21132594	     -3.22050398
      0.55000000	     98.87302017	     -3.10495321	     -4.20686204	     -1.27771410	     -0.73687632	      0.71985211	    -15.31224761	     -6.44085196	     23.31676826	    -27.99970935	      2.69459366	    -12.98358575	     -4.52187504	    -10.30494004	      5.45391796	    -51.93236068	     -5.40650775	     -3.66100329
      0.56000000	     99.27945217	     -2.63415558	     -4.66109255	     -1.26674847	     -0.73579032	      0.72208159	    -15.85712771	     -6.21268675	     22.13730316	    -26.63858803	      2.84601559	    -11.56596601	     -4.55972117	    -11.64721095	      7.34094366	    -53.49222592	     -5.98404707	     -5.44672281
      0.57000000	     99.54761559	     -2.08744219	     -4.96021112	     -1.25603448	     -0.73472614	      0.72437908	    -16.18018785	     -6.26937515	     20.70835479	    -25.11850451	      2.93720428	    -11.31624874	     -4.42036931	    -12.91026097	      9.14095709	    -54.85539635	     -5.97517129	     -5.64781603
      0.58000000	     99.66060167	     -1.53940998	     -5.25216718	     -1.24559128	     -0.73372033	      0.72670436	    -16.29524527	     -6.42692831	     19.28068351	    -23.56762447	      2.88625793	    -10.87768851	     -4.04199784	    -13.89109794	     11.01161736	    -55.99560238	     -5.78510413	     -5.96583089
      0.59000000	     99.64827413	     -1.00224964	     -5.46268050	     -1.23537977	     -0.73278284	      0.72892938	    -16.28250641	     -6.48439254	     17.87359330	    -22.14070669	      2.68817948	     -9.73109389	     -3.50604475	    -14.56604496	     12.85968368	    -56.92198780	     -5.22096061	     -6.70844391
      0.60000000	     99.54503755	     -0.43231365	     -5.55694873	     -1.22536872	     -0.73191460	      0.73099542	    -16.11619248	     -6.91042049	     16.35608834	    -20.75898047	      2.70432450	     -9.32521436	     -2.89666038	    -15.03061932	     14.62406187	    -57.63679089	     -5.01701008	     -6.91624490
      0.61000000	     99.38142706	      0.15108871	     -5.60316684	     -1.21556446	     -0.73114854	      0.73282986	    -15.87714917	     -7.44924191	     14.90874896	    -19.58316594	      2.61874557	     -8.83868759	     -2.24765796	    -15.25130951	     16.37259287	    -58.16562346	     -4.60219853	     -7.22423596
      0.62000000	     99.19696425	      0.74699122	     -5.57744484	     -1.20593993	     -0.73048140	      0.73437699	    -15.62289737	     -8.06814241	     13.52045705	    -18.64555028	      2.52125731	     -8.36626981	     -1.63761280	    -15.25436555	     18.06467213	    -58.52978034	     -4.10610383	     -7.55409339
      0.63000000	     99.02203831	      1.36367482	     -5.49548929	     -1.19647665	     -0.72992130	      0.73560498	    -15.39360218	     -8.74743503	     12.21305060	    -17.96577860	      2.44521219	     -7.92720257	     -1.11664678	    -15.08131977	     19.70337574	    -58.74773546	     -3.55786528	     -7.89796017
      0.64000000	     98.90109375	      1.98276202	     -5.34987643	     -1.18716029	     -0.72945314	      0.73646730	    -15.25579220	     -9.33543659	     10.99867094	    -17.56398292	      2.41266271	     -7.39898924	     -0.75382454	    -14.74822423	     21.27910971	    -58.85682393	     -2.73451054	     -8.39181419
      0.65000000	     98.78371826	      2.66478703	     -5.22687765	     -1.17798455	     -0.72913866	      0.73703430	    -15.12306581	    -10.05366654	      9.91506011	    -17.39043366	      2.47137701	     -7.14261786	     -0.47113723	    -14.34735810	     22.85425564	    -58.81388965	     -2.40977470	     -8.59270576
      0.66000000	     98.74265813	      3.37537327	     -5.08838259	     -1.16892830	     -0.72892204	      0.73724783	    -15.09773217	    -10.70619595	      8.93135688	    -17.43905262	      2.56131374	     -6.92589787	     -0.37269132	    -13.88364210	     24.39587201	    -58.67186683	     -1.99471772	     -8.86921928
      0.67000000	     98.75106766	      4.12344820	     -4.96016962	     -1.15995247	     -0.72881342	      0.73714858	    -15.14114766	    -11.24109279	      8.05271269	    -17.66138738	      2.71158893	     -6.74252042	     -0.42301754	    -13.40796158	     25.91460420	    -58.40751788	     -1.57101610	     -9.17180221
      0.68000000	     98.81080396	      4.89667166	     -4.85125232	     -1.15105205	     -0.72880878	      0.73675370	    -15.24656609	    -11.65023615	      7.27044331	    -18.02421962	      2.92784692	     -6.58083988	     -0.61804427	    -12.93408262	     27.41654269	    -58.02062721	     -1.20037157	     -9.45867099
      0.69000000	     98.91990424	      5.69414436	     -4.71497536	     -1.14217612	     -0.72888588	      0.73608718	    -15.41530660	    -11.86532373	      6.51870672	    -18.49309507	      3.45841743	     -6.25091038	     -0.96392262	    -12.49259130	     28.83162703	    -57.48965231	     -0.73974364	     -9.89624055
      0.70000000	     99.03340516	      6.53555017	     -4.70648273	     -1.13333329	     -0.72908975	      0.73526300	    -15.55233064	    -12.11055027	      5.90916465	    -18.99462262	      3.65713812	     -6.10142263	     -1.35554132	    -12.12199376	     30.30965289	    -56.76429526	     -0.65754705	     -9.98339101
      0.71000000	     99.17222724	      7.38561512	     -4.65324913	     -1.12444207	     -0.72935906	      0.73424784	    -15.71481451	    -12.19954323	      5.26142391	    -19.51724231	      4.49190593	     -5.56399556	     -1.85463165	    -11.81300938	     31.65143730	    -55.85054108	     -0.47136034	    -10.26278135
      0.72000000	     99.30159271	      8.23930986	     -4.70447579	     -1.11550026	     -0.72972452	      0.73317209	    -15.82517069	    -12.35970784	      4.66795606	    -19.95069925	      4.62913248	     -5.44461085	     -2.37261957	    -11.55685934	     32.98944434	    -54.68546993	     -0.47568652	    -10.25340147
      0.73000000	     99.43401332	      9.08750003	     -4.73125418	     -1.10643067	     -0.73014414	      0.73201081	    -15.92416271	    -12.47457834	      4.00949275	    -20.33140036	      5.38719203	     -5.04676021	     -2.93927074	    -11.37405627	     34.17150887	    -53.27938206	     -0.57090736	    -10.19941145
      0.74000000	     99.53093556	      9.91740522	     -4.83268710	     -1.09720933	     -0.73064209	      0.73087235	    -15.94195242	    -12.65032668	      3.36095976	    -20.58681913	      5.51209920	     -4.94121160	     -3.47844890	    -11.23798300	     35.26991872	    -51.57386686	     -0.61738672	    -10.13041372
      0.75000000	     99.64710841	     10.71726043	     -4.92860309	     -1.08781360	     -0.73116939	      0.72971249	    -15.97228805	    -12.93616962	      2.63170689	    -20.75995651	      5.82599342	     -4.81052979	     -4.05693110	    -11.14069213	     36.19141482	    -49.61431258	     -0.83676225	     -9.92079268
      0.76000000	     99.70115715	     11.47300563	     -4.96827017	     -1.07815475	     -0.73173616	      0.72858037	    -15.91186353	    -13.09233958	      1.82931992	    -20.87250215	      6.36333432	     -4.56333505	     -4.57812441	    -11.06923439	     36.86099942	    -47.36946548	     -1.34270095	     -9.45966825
      0.77000000	     99.76348750	     12.18536085	     -5.04053355	     -1.06822560	     -0.73233830	      0.72748747	    -15.85059394	    -13.44399126	      0.95643500	    -20.85527305	      6.55613554	     -4.39445072	     -5.10291046	    -10.98298576	     37.34949582	    -44.88297480	     -1.64437283	     -9.16388377
      0.78000000	     99.79868583	     12.84410759	     -5.03136413	     -1.05796883	     -0.73295623	      0.72639918	    -15.76069838	    -13.75331386	     -0.02663685	    -20.80182663	      6.78621066	     -4.23678840	     -5.59926449	    -10.88153241	     37.54336367	    -42.20273160	     -2.20236227	     -8.67964850
      0.79000000	     99.79312957	     13.46208329	     -5.02347852	     -1.04737356	     -0.73361999	      0.72531898	    -15.58930343	    -13.93584566	     -0.94757723	    -20.84218612	      7.06721075	     -3.99693319	     -6.02518882	    -10.76370462	     37.53120183	    -39.37767649	     -3.04446050	     -7.95141481
      0.80000000	     99.78646160	     14.03132973	     -4.92880435	     -1.03639509	     -0.73428023	      0.72421541	    -15.44344764	    -14.18549440	     -1.99824511	    -20.87322460	      7.22028246	     -3.75771076	     -6.44814146	    -10.58917969	     37.22739217	    -36.50942651	     -3.75008264	     -7.33848455
      0.81000000	     99.75243214	     14.56032683	     -4.73264744	     -1.02501723	     -0.73494919	      0.72306521	    -15.28270611	    -14.37382794	     -3.11565874	    -21.00396226	      7.29491118	     -3.56674998	     -6.82337713	    -10.37923772	     36.65009216	    -33.69211349	     -4.40343331	     -6.79483649
      0.82000000	     99.69840402	     15.02487768	     -4.54397745	     -1.01327512	     -0.73561475	      0.72189765	    -15.09063073	    -14.47832448	     -4.13420224	    -21.31697129	      7.33412143	     -3.34120750	     -7.16076188	    -10.04997177	     35.92423387	    -30.98778415	     -5.18464202	     -6.17450335
      0.83000000	     99.61122998	     15.43137481	     -4.35731234	     -1.00118433	     -0.73628578	      0.72070926	    -14.85198769	    -14.48823963	     -5.03095334	    -21.85370383	      7.33220837	     -3.06199240	     -7.43652220	     -9.61642600	     35.08607053	    -28.49740452	     -5.89349018	     -5.62296230
      0.84000000	     99.47907947	     15.77515909	     -4.12116907	     -0.98875646	     -0.73693060	      0.71949371	    -14.57543916	    -14.38201367	     -5.83433639	    -22.65741012	      7.27259902	     -2.95188859	     -7.64024539	     -9.07903007	     34.12064979	    -26.30564062	     -6.20454894	     -5.33813918
      0.85000000	     99.26103477	     16.08670115	     -3.95754650	     -0.97603238	     -0.73759363	      0.71833358	    -14.17464941	    -14.18847813	     -6.36483040	    -23.78682388	      7.09452144	     -2.57103504	     -7.66571839	     -8.55516081	     33.18978594	    -24.43817054	     -6.85234383	     -4.94317569
      0.86000000	     98.97467694	     16.31247568	     -3.79382657	     -0.96307008	     -0.73822816	      0.71720374	    -13.71174238	    -13.88322732	     -6.70680010	    -25.22640765	      6.93643211	     -2.49093288	     -7.58908813	     -7.88805099	     32.24136169	    -22.95159133	     -6.94908272	     -4.84202579
      0.87000000	     98.57935935	     16.46816121	     -3.69957800	     -0.94990265	     -0.73887216	      0.71616506	    -13.11291947	    -13.45188064	     -6.74253906	    -27.01290185	      6.65495200	     -2.40679931	     -7.33151933	     -7.14756562	     31.37182115	    -21.83469160	     -6.98620207	     -4.80943158
      0.88000000	     98.06624573	     16.55879826	     -3.65902140	     -0.93657232	     -0.73953467	      0.71522751	    -12.36153064	    -12.84897054	     -6.47004862	    -29.14303600	      6.23148528	     -2.30251104	     -6.87287477	     -6.37696596	     30.58765229	    -21.08634220	     -6.89788894	     -4.90227820
      0.89000000	     97.43168884	     16.59145258	     -3.72137439	     -0.92311562	     -0.74025087	      0.71443736	    -11.46281587	    -12.14165527	     -5.86382423	    -31.56654179	      5.31301091	     -1.87690719	     -6.21514758	     -5.56328632	     29.93731744	    -20.66487381	     -6.51615927	     -5.39915791
      0.90000000	     96.66138751	     16.51506595	     -3.74607082	     -0.90957009	     -0.74097866	      0.71378114	    -10.44501868	    -11.25055757	     -5.08972736	    -34.22125790	      4.52472482	     -1.69756230	     -5.38937370	     -4.59188344	     29.26928564	    -20.50336172	     -6.06453731	     -5.88478386
      0.91000000	     95.76021080	     16.35950750	     -3.77133303	     -0.89597708	     -0.74176529	      0.71328055	     -9.29380326	    -10.18379383	     -4.10553600	    -37.09121913	      3.56275129	     -1.58959669	     -4.36429169	     -3.58925944	     28.62871771	    -20.55342249	     -5.48195832	     -6.40637179
      0.92000000	     94.75420487	     16.13698669	     -3.74925944	     -0.88237453	     -0.74260379	      0.71291964	     -8.04600138	     -8.93623871	     -2.98454686	    -40.13200208	      2.26057415	     -1.49342810	     -3.13720658	     -2.70104939	     27.97805583	    -20.78763863	     -4.71859855	     -7.05708530
      0.93000000	     93.64213676	     15.82255742	     -3.77458465	     -0.86883309	     -0.74353034	      0.71280873	     -6.71262622	     -7.57488332	     -1.66280748	    -43.27193706	      0.91438814	     -1.50659386	     -1.78547616	     -1.69495236	     27.32085066	    -21.00041656	     -3.94766522	     -7.60272770
      0.94000000	     92.47677418	     15.42187210	     -3.78282841	     -0.85540482	     -0.74451258	      0.71289863	     -5.35451180	     -6.06166088	     -0.22550465	    -46.48020765	     -0.51559166	     -1.60160123	     -0.31704797	     -0.78435948	     26.62213779	    -21.21133053	     -3.16065106	     -8.06819721
      0.95000000	     91.24661436	     14.97235525	     -3.83977882	     -0.84212854	     -0.74560456	      0.71329760	     -3.97822394	     -4.52583253	      1.36822154	    -49.70080715	     -1.91254077	     -1.74852122	      1.23853425	      0.10502817	     25.86242781	    -21.22963585	     -2.40707019	     -8.41332848
      0.96000000	     90.04439434	     14.41046899	     -3.84067771	     -0.82906638	     -0.74670555	      0.71390080	     -2.68645357	     -2.85088334	      2.97154237	    -52.87268309	     -3.48175183	     -2.40131248	      2.80540992	      0.86385249	     24.98420411	    -21.14823337	     -1.64670352	     -8.51574215
      0.97000000	     88.90526725	     13.79676926	     -4.06422597	     -0.81630097	     -0.74787452	      0.71483508	     -1.51943504	     -1.15955712	      4.88909720	    -55.99924708	     -4.47537473	     -2.57650395	      4.30045793	      1.57831277	     24.20467516	    -20.82439977	     -1.10047470	     -8.61721378
      0.98000000	     87.79942298	     13.18305245	     -4.27388231	     -0.80377354	     -0.74911765	      0.71605462	     -0.47154816	      0.45053025	      6.83907087	    -58.99641082	     -5.53873152	     -2.91052044	      5.76836759	      2.14478539	     23.26679250	    -20.22026729	     -0.53747969	     -8.56685607
      0.99000000	     86.80939131	     12.50577059	     -4.51521494	     -0.79154444	     -0.75036148	      0.71749507	      0.37687671	      2.08740821	      8.86154553	    -61.83689199	     -5.95822726	     -3.26890224	      7.10031700	      2.64667483	     22.24540344	    -19.40692647	     -0.29422947	     -8.40488352
      1.00000000	     85.96228988	     11.87646313	     -4.90111827	     -0.77961362	     -0.75163908	      0.71919025	      0.97105087	      3.53302919	     11.06956061	    -64.47466060	     -6.70359249	     -4.09354412	      8.28233465	      2.95279880	     21.26160627	    -18.37843383	      0.18805611	     -7.86321260
      1.01000000	     85.22072228	     11.22577499	     -5.15241945	     -0.76792002	     -0.75293121	      0.72098743	      1.39774316	      4.96335950	     13.17674901	    -66.88941448	     -6.67766465	     -4.38603021	      9.31926420	      3.27804307	     20.02529687	    -17.15122691	      0.24646348	     -7.68495882
      1.02000000	     84.66676174	     10.57202829	     -5.51301430	     -0.75651786	     -0.75418753	      0.72289571	      1.53246233	      6.28712490	     15.42782486	    -69.04452235	     -6.50348421	     -4.79885323	     10.12578338	      3.59970696	     18.83896680	    -15.82679066	      0.26704095	     -7.39762296
      1.03000000	     84.29313927	      9.95087918	     -5.90789044	     -0.74538413	     -0.75538290	      0.72481388	      1.39278802	      7.44039587	     17.74460651	    -70.92215293	     -5.82037966	     -5.86458980	     10.74425224	      3.73864909	     17.70030546	    -14.52648816	      0.21911998	     -6.64026173
      1.04000000	     84.02438636	      9.34114581	     -6.17884103	     -0.73443121	     -0.75656554	      0.72671593	      1.10804895	      8.50129853	     19.96132212	    -72.49245869	     -5.52871914	     -6.28533576	     11.19013575	      4.11402089	     16.35650136	    -13.11302885	      0.24090226	     -6.34689458
      1.05000000	     83.92061306	      8.75810670	     -6.48861120	     -0.72372775	     -0.75763310	      0.72850026	      0.57941604	      9.37924107	     22.24306275	    -73.76601174	     -4.42633333	     -7.50098148	     11.46680952	      4.31748594	     15.14658926	    -11.87288118	      0.13696304	     -5.65680482
      1.06000000	     83.91456617	      8.15136484	     -6.72936351	     -0.71322022	     -0.75859612	      0.73013869	     -0.08193148	     10.19587310	     24.47444354	    -74.72904682	     -3.60822775	     -8.43978164	     11.59351324	      4.71300906	     13.89905920	    -10.72632820	      0.10865642	     -5.18036042
      1.07000000	     83.97851862	      7.58289541	     -6.91730503	     -0.70288823	     -0.75946475	      0.73160547	     -0.83508060	     10.82745801	     26.66382187	    -75.38785748	     -2.68296959	     -9.42747825	     11.62613346	      5.16307789	     12.65229217	     -9.68427288	      0.06175341	     -4.77704305
      1.08000000	     84.11811526	      7.01021443	     -7.05766900	     -0.69272154	     -0.76020229	      0.73290010	     -1.67652571	     11.32033223	     28.79113563	    -75.72414930	     -2.03573388	    -10.08403911	     11.54468431	      5.81397741	     11.39696668	     -8.74396076	      0.04720715	     -4.51181194
      1.09000000	     84.24117028	      6.44504611	     -7.14750580	     -0.68273734	     -0.76079856	      0.73386790	     -2.49074309	     11.70144242	     30.89031464	    -75.82076986	     -0.77907339	    -11.42369569	     11.50212052	      6.23445439	     10.26235349	     -8.08951055	      0.00503749	     -4.20399232
      1.10000000	     84.38877305	      5.85088701	     -7.21714498	     -0.67290143	     -0.76123402	      0.73461734	     -3.31666405	     11.98271717	     32.94169401	    -75.61978886	     -0.01281927	    -12.43948753	     11.40519615	      6.82180627	      9.16391600	     -7.55869832	      0.05000528	     -3.98444380
      1.11000000	     84.53194782	      5.21611461	     -7.25106392	     -0.66320182	     -0.76150786	      0.73511303	     -4.10886993	     12.21031430	     34.93117180	    -75.14605339	      0.33393183	    -12.82832009	     11.30027611	      7.48352740	      8.10534891	     -7.17733862	      0.09360505	     -3.84396255
      1.12000000	     84.61604989	      4.60777861	     -7.25890525	     -0.65360526	     -0.76164808	      0.73530353	     -4.77965525	     12.26456605	     36.85791783	    -74.43323704	      1.29522423	    -13.98634839	     11.27175432	      7.93270105	      7.12136082	     -6.94663030	      0.24179983	     -3.69353897
      1.13000000	     84.69474012	      3.94543623	     -7.25571652	     -0.64408518	     -0.76163753	      0.73526839	     -5.39118202	     12.30268304	     38.70782883	    -73.43152834	      1.50731028	    -14.26615981	     11.23530876	      8.44853838	      6.17804142	     -6.82800664	      0.32667028	     -3.58469022
      1.14000000	     84.66300331	      3.29618830	     -7.27685685	     -0.63463363	     -0.76151934	      0.73493868	     -5.81564014	     12.21808279	     40.53489393	    -72.21873142	      1.87984677	    -14.69748445	     11.31223988	      8.85757150	      5.30685436	     -6.76399973	      0.51540889	     -3.47638265
      1.15000000	     84.65030586	      2.61161409	     -7.24738078	     -0.62516133	     -0.76124295	      0.73439680	     -6.16070043	     12.07387783	     42.16800755	    -70.68855830	      2.11894848	    -14.94775260	     11.36633638	      9.18300356	      4.42987088	     -6.80418289	      0.71451653	     -3.37805318
      1.16000000	     84.59067957	      1.92214495	     -7.21503340	     -0.61563685	     -0.76086111	      0.73363183	     -6.35334016	     11.85525749	     43.66106297	    -68.88058647	      2.28308469	    -15.07659788	     11.46409944	      9.43813843	      3.57088565	     -6.88953793	      0.97773253	     -3.27258379
      1.17000000	     84.50419743	      1.22544817	     -7.18330674	     -0.60599705	     -0.76037623	      0.73267218	     -6.40488492	     11.57111331	     44.97537196	    -66.77589032	      2.34638831	    -15.03751830	     11.58040201	      9.65959676	      2.71836532	     -7.00902373	      1.29847608	     -3.15312849
      1.18000000	     84.39848097	      0.52530682	     -7.15129934	     -0.59617508	     -0.75980134	      0.73154058	     -6.31463062	     11.22498750	     46.07512508	    -64.37352862	      2.29846589	    -14.78571577	     11.70785871	      9.87915146	      1.85613758	     -7.15023089	      1.71042764	     -3.00492012
      1.19000000	     84.29907767	     -0.15977102	     -7.03148720	     -0.58610391	     -0.75914763	      0.73020086	     -6.09162144	     10.81754967	     46.84316124	    -61.70268069	      2.17667712	    -13.78159421	     11.82866197	      9.85616483	      0.96310127	     -7.43935369	      2.61975864	     -2.49058816
      1.20000000	     84.19099566	     -0.86315191	     -6.93689099	     -0.57570459	     -0.75841545	      0.72874378	     -5.74255251	     10.37627699	     47.36899618	    -58.77189361	      2.12871500	    -12.87454493	     11.94347826	     10.02143801	      0.03085329	     -7.68593222	      3.09890994	     -2.13680825
      1.21000000	     84.11051705	     -1.54881089	     -6.82773003	     -0.56490098	     -0.75760231	      0.72715597	     -5.27416752	      9.81447682	     47.57433413	    -55.61678318	      2.07889255	    -12.64245215	     12.01493598	     10.14373739	     -0.92728271	     -7.97288904	      3.21420411	     -2.10214827
      1.22000000	     84.00317499	     -2.24438478	     -6.60931837	     -0.55366888	     -0.75677559	      0.72537791	     -4.66709600	      9.26153665	     47.42575170	    -52.39518205	      1.50262107	    -11.38372787	     12.13954094	     10.38824985	     -2.00459645	     -8.37693893	      3.92377878	     -1.95823961
      1.23000000	     83.91565617	     -2.88939835	     -6.31414229	     -0.54192752	     -0.75591287	      0.72346291	     -3.92964929	      8.53260855	     46.91942468	    -49.15100243	      1.36488963	    -10.95450957	     12.24852306	     10.53981804	     -3.16489733	     -8.84637177	      4.11297535	     -1.88290729
      1.24000000	     83.91328336	     -3.55905008	     -5.98713286	     -0.52965868	     -0.75499441	      0.72146015	     -3.25819525	      7.86084743	     46.17956964	    -45.99047185	      0.78253033	     -9.84101852	     12.25842059	     10.70533300	     -4.32090655	     -9.48794263	      4.73310803	     -1.67868317
      1.25000000	     83.94771375	     -4.16908025	     -5.55011670	     -0.51687025	     -0.75408620	      0.71934615	     -2.54272203	      7.05043819	     45.15350908	    -43.06812753	      0.60410261	     -9.40276406	     12.24609992	     10.77326142	     -5.55058352	    -10.27725160	      4.93918012	     -1.56583704
      1.26000000	     84.06742342	     -4.73509038	     -5.13228191	     -0.50362351	     -0.75317842	      0.71721910	     -1.90847206	      6.15062682	     44.02566953	    -40.45617533	      0.28407252	     -8.96446019	     12.13913809	     10.81899863	     -6.68449048	    -11.26545679	      5.18696546	     -1.45686070
      1.27000000	     84.29726155	     -5.24468768	     -4.74314261	     -0.48996614	     -0.75227159	      0.71514260	     -1.42450396	      5.18424119	     42.85820258	    -38.24099576	     -0.00303059	     -8.67135143	     11.90768670	     10.81105412	     -7.68143556	    -12.48194878	      5.36702756	     -1.34195312
      1.28000000	     84.64604471	     -5.67501510	     -4.43490775	     -0.47598620	     -0.75138614	      0.71319885	     -1.11462949	      4.11753147	     41.73388916	    -36.46291801	     -0.17004559	     -8.53573440	     11.54803302	     10.77121114	     -8.46823590	    -13.93176962	      5.42043531	     -1.26640119
      1.29000000	     85.16437247	     -6.02905028	     -4.12134230	     -0.46172366	     -0.75051914	      0.71142347	     -1.09667521	      3.07797911	     40.61043318	    -35.14550817	     -0.87227571	     -9.19464253	     10.99353034	     10.55764616	     -9.07780416	    -15.67347567	      5.52846341	     -0.62428284
      1.30000000	     85.83488994	     -6.28217406	     -3.92794424	     -0.44730413	     -0.74967058	      0.70990058	     -1.36492378	      2.02901361	     39.63497065	    -34.29394566	     -0.79025697	     -9.27041796	     10.26251463	     10.25633620	     -9.37448412	    -17.67999752	      5.39423883	     -0.69400028
      1.31000000	     86.66517391	     -6.42858889	     -3.77562702	     -0.43277242	     -0.74884920	      0.70865664	     -1.94338786	      1.03244334	     38.72986623	    -33.86257688	     -0.68477479	     -9.49697259	      9.35636787	      9.79670752	     -9.43204952	    -19.93858901	      5.08336373	     -0.73026932
      1.32000000	     87.62576244	     -6.45922566	     -3.73816493	     -0.41820727	     -0.74804685	      0.70780677	     -2.71607786	     -0.07618945	     37.88175041	    -33.68323917	     -0.42236849	    -10.54326533	      8.32020640	      9.23822815	     -9.19692512	    -22.38008159	      4.04238656	     -0.61025509
      1.33000000	     88.70831533	     -6.38204682	     -3.65511696	     -0.40366862	     -0.74728185	      0.70722284	     -3.85077134	     -0.86055640	     37.05671627	    -33.85660372	     -0.35002919	    -10.81202016	      7.13722211	      8.39076694	     -8.78050455	    -25.07409445	      3.65529937	     -0.75584772
      1.34000000	     89.87647133	     -6.20123900	     -3.68812941	     -0.38921479	     -0.74652169	      0.70711489	     -5.08520853	     -1.76363006	     36.20636876	    -34.03780936	      0.05173384	    -12.00062333	      5.88150730	      7.44859223	     -8.09188056	    -27.86097846	      2.02659020	     -0.86317210
      1.35000000	     91.09221190	     -5.89153639	     -3.73026575	     -0.37491755	     -0.74579728	      0.70739530	     -6.45312185	     -2.58364180	     35.27334946	    -34.22745113	      0.26882688	    -12.78642128	      4.58079532	      6.26172519	     -7.22065188	    -30.75718106	      0.69524725	     -1.28674010
      1.36000000	     92.31572727	     -5.48441138	     -3.81270368	     -0.36082584	     -0.74508953	      0.70810697	     -7.88487866	     -3.29701807	     34.25041250	    -34.30429303	      0.60485355	    -13.26256492	      3.27971394	      4.88126015	     -6.15436665	    -33.70707703	     -0.62305183	     -1.68447813
      1.37000000	     93.50142046	     -4.98247415	     -3.95778534	     -0.34698937	     -0.74440448	      0.70925644	     -9.29626060	     -3.92922804	     33.13604190	    -34.17901515	      1.01926172	    -13.52491723	      2.02930976	      3.31012234	     -4.88555435	    -36.65809651	     -1.97777049	     -2.07156470
      1.38000000	     94.63340058	     -4.42854173	     -4.11615566	     -0.33342408	     -0.74371989	      0.71084965	    -10.64945991	     -4.45108910	     31.84942224	    -33.74641497	      1.44110752	    -13.46125688	      0.87471731	      1.66828720	     -3.49520954	    -39.54149538	     -3.56010776	     -3.30436479
      1.39000000	     95.64155699	     -3.79940193	     -4.40143376	     -0.32019685	     -0.74305032	      0.71283713	    -11.83214276	     -4.95398886	     30.53492135	    -33.02390117	      1.76662180	    -13.38612454	     -0.13947889	     -0.17332384	     -1.83862629	    -42.36687741	     -4.45823495	     -3.38982649
      1.40000000	     96.54021667	     -3.20551426	     -4.70765635	     -0.30726434	     -0.74233396	      0.71519263	    -12.88482420	     -5.26400697	     29.08768199	    -31.95152585	      2.18542196	    -13.02545980	     -0.98932769	     -1.95991530	     -0.05530579	    -45.05841999	     -5.68158313	     -3.83455961
      1.41000000	     97.29275491	     -2.57041594	     -5.00506349	     -0.29466174	     -0.74161303	      0.71777441	    -13.72095849	     -5.61113023	     27.49847473	    -30.58993158	      2.29614247	    -12.80038011	     -1.64043968	     -3.80512322	      1.81998138	    -47.60274965	     -5.94853843	     -4.09537112
      1.42000000	     97.86859675	     -1.94209134	     -5.32779660	     -0.28236430	     -0.74089523	      0.72053604	    -14.33410009	     -5.87457956	     25.85725930	    -28.99084276	      2.38733827	    -12.46021830	     -2.05155695	     -5.60805087	      3.81286873	    -49.94322309	     -6.29431040	     -4.37155749
      1.43000000	     98.28107770	     -1.33922837	     -5.62160266	     -0.27036335	     -0.74015935	      0.72333913	    -14.74708264	     -6.07532052	     24.16051183	    -27.24856721	      2.42768134	    -12.02508264	     -2.23907824	     -7.30660694	      5.86876766	    -52.07781565	     -6.54753722	     -4.69281027
      1.44000000	     98.53381320	     -0.76446834	     -5.82353797	     -0.25863262	     -0.73942763	      0.72606516	    -15.02618601	     -6.00548821	     22.44629352	    -25.52581918	      2.77425025	    -10.14569400	     -2.21729860	     -8.83528272	      7.90014261	    -53.96657362	     -7.21266896	     -6.09427171
      1.45000000	     98.64757569	     -0.21274002	     -6.04124188	     -0.24719116	     -0.73869147	      0.72867479	    -15.06717514	     -6.22814468	     20.72806989	    -23.71941991	      2.78752544	     -9.85166173	     -2.00216615	    -10.21651571	     10.03622107	    -55.63742041	     -7.07147212	     -6.29870700
      1.46000000	     98.65508775	      0.30601258	     -6.15660595	     -0.23599211	     -0.73797857	      0.73103859	    -15.01067523	     -6.36774306	     19.01208116	    -22.02855904	      2.57640792	     -9.15996174	     -1.65750584	    -11.37147019	     12.12175693	    -57.06556782	     -6.50978551	     -6.76765935
      1.47000000	     98.58600447	      0.83719157	     -6.17868385	     -0.22502931	     -0.73730887	      0.73310200	    -14.85770427	     -6.66589591	     17.29551756	    -20.49407517	      2.54512384	     -8.80439079	     -1.23614503	    -12.36660467	     14.14927003	    -58.24686002	     -6.21707851	     -7.01242087
      1.48000000	     98.46904971	      1.35257033	     -6.15148367	     -0.21429809	     -0.73670189	      0.73483537	    -14.66389568	     -7.00585615	     15.67029272	    -19.18657046	      2.44880534	     -8.41243846	     -0.77082583	    -13.11606452	     16.15158696	    -59.18339173	     -5.70266150	     -7.36620129
      1.49000000	     98.33860775	      1.86943292	     -6.06549759	     -0.20376847	     -0.73617918	      0.73620252	    -14.47530382	     -7.37155034	     14.13797959	    -18.14552413	      2.35943610	     -8.04732794	     -0.32247410	    -13.64878563	     18.09875363	    -59.88165524	     -5.05924090	     -7.77589597
      1.50000000	     98.22828941	      2.37313850	     -5.90881515	     -0.19341900	     -0.73573562	      0.73717260	    -14.34977185	     -7.60341853	     12.72538418	    -17.43192062	      2.29535644	     -7.66119277	      0.04491898	    -13.94868003	     19.96266076	    -60.35368304	     -4.03594451	     -8.35975653
      1.51000000	     98.15109768	      2.92474827	     -5.74308320	     -0.18324187	     -0.73539775	      0.73778835	    -14.26129932	     -7.99946352	     11.41689139	    -16.96282931	      2.37848655	     -7.44080186	      0.31738236	    -14.11503709	     21.78603981	    -60.58495808	     -3.35151770	     -8.73443118
      1.52000000	     98.10946831	      3.50360641	     -5.58509799	     -0.17321472	     -0.73517847	      0.73806518	    -14.22151943	     -8.44213931	     10.23432908	    -16.72893548	      2.46226766	     -7.32787233	      0.48310596	    -14.12479051	     23.57246227	    -60.57390009	     -2.93839010	     -8.99511145
      1.53000000	     98.12439022	      4.10923120	     -5.41217188	     -0.16330123	     -0.73505822	      0.73800240	    -14.26149625	     -8.83108917	      9.14793442	    -16.71311007	      2.61602761	     -7.27525455	      0.49533186	    -14.00416954	     25.28046863	    -60.32610249	     -2.35251856	     -9.36706003
      1.54000000	     98.19419986	      4.74042720	     -5.24167827	     -0.15347437	     -0.73503795	      0.73763545	    -14.37089859	     -9.11076392	      8.16222036	    -16.88246433	      2.82790541	     -7.26795915	      0.35155025	    -13.77897681	     26.91321677	    -59.83148249	     -1.81867291	     -9.70268591
      1.55000000	     98.30725643	      5.39559743	     -5.04147598	     -0.14370485	     -0.73511862	      0.73698264	    -14.53216983	     -9.25386638	      7.22036796	    -17.19210209	      3.19238991	     -7.27480012	      0.05336675	    -13.47685105	     28.42336640	    -59.08814952	     -1.24558091	    -10.03830878
      1.56000000	     98.45054414	      6.08856163	     -4.95401742	     -0.13396426	     -0.73531785	      0.73615950	    -14.69242936	     -9.42724421	      6.39542926	    -17.51664199	      3.38184985	     -7.24352063	     -0.34614293	    -13.13328221	     29.93720034	    -58.05274203	     -1.05849200	    -10.12737847
      1.57000000	     98.59798018	      6.82041110	     -4.87081291	     -0.12420896	     -0.73563812	      0.73517170	    -14.83761205	     -9.59064305	      5.57924271	    -17.87217850	      3.75165175	     -7.19934825	     -0.84505085	    -12.74654354	     31.30955928	    -56.71209440	     -0.82137975	    -10.21438038
      1.58000000	     98.76908401	      7.56531003	     -4.82924362	     -0.11439153	     -0.73605155	      0.73405400	    -14.97292559	     -9.67866703	      4.77608435	    -18.16871148	      4.09959963	     -7.11466768	     -1.45103460	    -12.33656602	     32.57179551	    -55.07666370	     -0.73687162	    -10.17490287
      1.59000000	     98.94010397	      8.32626806	     -4.81744524	     -0.10445603	     -0.73657171	      0.73285828	    -15.07027786	     -9.77002145	      3.94387287	    -18.36963856	      4.46425284	     -6.98093943	     -2.12853862	    -11.91751121	     33.68077962	    -53.12755642	     -0.78787459	    -10.01472902
      1.60000000	     99.10557922	      9.10046784	     -4.81952433	     -0.09435581	     -0.73719505	      0.73160110	    -15.12229346	     -9.87291618	      3.05591734	    -18.45831701	      4.84293587	     -6.78643124	     -2.86296772	    -11.49676294	     34.60061104	    -50.87918002	     -0.99574341	     -9.71817071
      1.61000000	     99.23111880	      9.88696021	     -4.83096589	     -0.08404781	     -0.73793702	      0.73029971	    -15.07612316	     -9.83153581	      2.17721524	    -18.52280603	      5.42074860	     -6.32852413	     -3.59713339	    -11.08610668	     35.31284026	    -48.34569261	     -1.46072095	     -9.12106110
      1.62000000	     99.38024163	     10.66688403	     -4.84812106	     -0.07348417	     -0.73875549	      0.72895062	    -15.02908818	     -9.97806875	      1.16121584	    -18.38734730	      5.76407290	     -5.92026901	     -4.39710724	    -10.65392371	     35.80317683	    -45.59812754	     -1.91234443	     -8.60893907
      1.63000000	     99.51497521	     11.46548382	     -4.76424976	     -0.06259881	     -0.73967429	      0.72753117	    -14.95393687	    -10.22037763	     -0.06235036	    -18.11373881	      5.93828749	     -5.72580400	     -5.21073741	    -10.24706819	     35.96119223	    -42.70286159	     -2.32717706	     -8.22193229
      1.64000000	     99.62652698	     12.26640047	     -4.65699689	     -0.05138692	     -0.74068701	      0.72605145	    -14.82775076	    -10.48383109	     -1.33773707	    -17.82501832	      6.14040446	     -5.51328663	     -5.99525916	     -9.84441681	     35.88393993	    -39.73474023	     -3.01468827	     -7.66202024
      1.65000000	     99.71173073	     13.07844781	     -4.50373860	     -0.03982380	     -0.74180273	      0.72451170	    -14.65331132	    -10.76687854	     -2.67205756	    -17.55186505	      6.33419722	     -5.27695081	     -6.72488552	     -9.46551048	     35.57002565	    -36.79551984	     -3.81512395	     -7.05015993
      1.66000000	     99.77348220	     13.87779097	     -4.31051036	     -0.02791255	     -0.74299816	      0.72291678	    -14.44112276	    -11.04733626	     -4.03128129	    -17.34162749	      6.49555058	     -5.04138363	     -7.38566222	     -9.08937833	     35.05917614	    -33.99146015	     -4.59410924	     -6.48044004
      1.67000000	     99.77760291	     14.69432506	     -4.15580898	     -0.01567482	     -0.74429240	      0.72132203	    -14.12420344	    -11.27796507	     -5.23768847	    -17.34198109	      6.77635736	     -4.55681343	     -7.88140840	     -8.82382735	     34.47226647	    -31.40728920	     -5.73722777	     -5.78765215
      1.68000000	     99.76582183	     15.46964618	     -3.96806654	     -0.00314683	     -0.74561756	      0.71972778	    -13.82265563	    -11.60792407	     -6.44163360	    -17.46881956	      6.90878749	     -4.24244066	     -8.28784446	     -8.54615110	     33.76434222	    -29.15213285	     -6.40680480	     -5.39591890
      1.69000000	     99.69125583	     16.18576498	     -3.77828704	      0.00961845	     -0.74697438	      0.71818291	    -13.42775423	    -11.75281420	     -7.43988498	    -17.93387194	      6.95270513	     -4.10000404	     -8.53121790	     -8.26432761	     33.00493331	    -27.26598990	     -6.74987565	     -5.17069651
      1.70000000	     99.53906287	     16.86031188	     -3.69732536	      0.02257804	     -0.74837092	      0.71678815	    -12.93081302	    -11.86645041	     -8.11299424	    -18.76186829	      6.97798509	     -3.93561767	     -8.55187460	     -8.06812009	     32.32393945	    -25.75484859	     -7.13664945	     -4.97295455
      1.71000000	     99.30851499	     17.49546046	     -3.80131915	      0.03566032	     -0.74982588	      0.71558741	    -12.28896279	    -11.85130290	     -8.28428798	    -20.08580582	      7.06368756	     -3.46691732	     -8.32645519	     -8.00069726	     31.82084686	    -24.62441225	     -7.58042116	     -4.97234797
      1.72000000	     98.96507489	     18.00083313	     -3.89933554	      0.04885493	     -0.75125748	      0.71458426	    -11.56931991	    -11.74717725	     -8.23524681	    -21.75374111	      7.00531987	     -3.42349390	     -7.92114934	     -7.78568165	     31.28613314	    -23.82473007	     -7.48758562	     -5.07521276
      1.73000000	     98.51693597	     18.42872372	     -4.12186763	      0.06210951	     -0.75270024	      0.71381523	    -10.73299400	    -11.53403753	     -7.75591684	    -23.87792364	      6.85608034	     -3.37653279	     -7.28510091	     -7.61206017	     30.87203077	    -23.32753702	     -7.27636662	     -5.28654588
      1.74000000	     97.93811162	     18.74037165	     -4.39263611	      0.07541413	     -0.75413696	      0.71328575	     -9.79973393	    -11.21144772	     -6.96231107	    -26.37825480	      6.54735800	     -3.06929028	     -6.44936158	     -7.33686073	     30.48323197	    -23.04485043	     -6.73041467	     -5.87908643
      1.75000000	     97.21566310	     18.91559909	     -4.61231484	      0.08872757	     -0.75552184	      0.71295244	     -8.77528054	    -10.69402358	     -5.95163370	    -29.23150305	      6.25428954	     -3.20051816	     -5.41028119	     -6.98791195	     30.04177112	    -22.93798645	     -6.39144534	     -6.12159727
      1.76000000	     96.35569196	     18.95578575	     -4.83011107	      0.10203165	     -0.75687939	      0.71285164	     -7.68166925	    -10.05253757	     -4.72331439	    -32.34823012	      5.76602318	     -3.33503408	     -4.21221451	     -6.48747300	     29.55953613	    -22.89833952	     -5.84273579	     -6.47562594
      1.77000000	     95.38823812	     18.86495856	     -5.06168355	      0.11530056	     -0.75821116	      0.71301224	     -6.57599712	     -9.36145438	     -3.32863494	    -35.62038920	      4.55661056	     -3.45064169	     -2.91018925	     -5.81353452	     29.02354695	    -22.84071212	     -4.64638558	     -7.25274325
      1.78000000	     94.30099439	     18.61389601	     -5.18319279	      0.12848616	     -0.75948586	      0.71335587	     -5.41718593	     -8.39986240	     -1.85046198	    -39.05832440	      3.37007928	     -3.83374605	     -1.48867299	     -5.03376473	     28.33854796	    -22.73964424	     -3.79921010	     -7.70516330
      1.79000000	     93.12972146	     18.21281824	     -5.25231205	      0.14155537	     -0.76072316	      0.71392443	     -4.24368407	     -7.23481895	     -0.28340343	    -42.56884461	      1.97955487	     -4.32009805	      0.00007114	     -4.13673091	     27.52496245	    -22.51073233	     -2.96035238	     -8.04782792
      1.80000000	     91.89462288	     17.66000457	     -5.20353624	      0.15448611	     -0.76192809	      0.71470566	     -3.08649598	     -5.89406717	      1.25723617	    -46.06366848	      0.30806367	     -5.21617546	      1.52404159	     -3.13130459	     26.50066622	    -22.11541820	     -2.18138422	     -8.16277807
      1.81000000	     90.67091790	     16.99353773	     -5.27432469	      0.16719772	     -0.76313774	      0.71573048	     -1.97587153	     -4.37802794	      3.03639812	    -49.55243815	     -1.13844963	     -5.76091699	      3.03389983	     -2.11427445	     25.50245547	    -21.53086138	     -1.52954645	     -8.19944528
      1.82000000	     89.49107729	     16.22441578	     -5.43255865	      0.17967619	     -0.76434938	      0.71698116	     -0.96254177	     -2.72373635	      4.98445151	    -52.96084084	     -2.37751341	     -6.00103363	      4.48247807	     -1.08990938	     24.48581087	    -20.74450625	     -1.03286828	     -8.17947262
      1.83000000	     88.36829343	     15.36878667	     -5.54745290	      0.19193709	     -0.76555949	      0.71840362	     -0.06845432	     -0.96389214	      6.93588100	    -56.21879924	     -3.60076366	     -6.30806312	      5.85636665	     -0.10727563	     23.31428002	    -19.76143003	     -0.62998785	     -7.98282368
      1.84000000	     87.33278550	     14.45381977	     -5.68939558	      0.20396173	     -0.76679258	      0.71996917	      0.67504007	      0.83711971	      8.96154862	    -59.30703889	     -3.99841928	     -6.48275760	      7.11993419	      0.85197020	     22.06089116	    -18.59049141	     -0.50643968	     -7.81507946
      1.85000000	     86.47480348	     13.49752141	     -5.99051814	      0.21572743	     -0.76800672	      0.72166851	      1.16490512	      2.65171825	     11.18227493	    -62.16572724	     -5.09700301	     -6.58751913	      8.20488042	      1.66110849	     20.90383136	    -17.32800287	     -0.28868294	     -7.33077884
      1.86000000	     85.71738083	     12.55211364	     -6.22166001	      0.22729022	     -0.76925432	      0.72340299	      1.49041608	      4.38882835	     13.37466165	    -64.78863531	     -5.26894266	     -6.74284731	      9.15785442	      2.45088531	     19.58221457	    -15.92051113	     -0.23819547	     -7.06381530
      1.87000000	     85.13548350	     11.60454269	     -6.53675521	      0.23861228	     -0.77048047	      0.72513433	      1.55638241	      6.04678904	     15.69340131	    -67.14702692	     -5.40057970	     -6.84909361	      9.91588850	      3.16539510	     18.32659406	    -14.51456870	     -0.25374650	     -6.69722058
      1.88000000	     84.70706606	     10.68542876	     -6.87521731	      0.24975037	     -0.77168666	      0.72681776	      1.39320936	      7.56722999	     18.07160225	    -69.21244236	     -5.38061793	     -6.95384618	     10.50114498	      3.81912293	     17.08744087	    -13.13008858	     -0.32100388	     -6.25373056
      1.89000000	     84.43874963	      9.80880718	     -7.26675318	      0.26069117	     -0.77283060	      0.72839292	      0.98488289	      8.90200828	     20.54502923	    -70.98568116	     -4.88809799	     -7.06463554	     10.92419102	      4.30504014	     15.97027946	    -11.89328596	     -0.50105517	     -5.21917574
      1.90000000	     84.26297432	      8.97287146	     -7.55665927	      0.27150999	     -0.77393569	      0.72980957	      0.44927561	     10.05848995	     22.93951678	    -72.44735716	     -4.26520195	     -7.21016992	     11.21983945	      4.87602641	     14.77152331	    -10.73692175	     -0.42717825	     -4.54806824
      1.91000000	     84.17103545	      8.18343651	     -7.78552932	      0.28221186	     -0.77496839	      0.73104666	     -0.19873027	     11.01501551	     25.29042267	    -73.59642112	     -3.90283858	     -7.39887719	     11.39997586	      5.54136489	     13.55956171	     -9.70551479	     -0.42433126	     -4.24233098
      1.92000000	     84.17588339	      7.42138691	     -8.03020283	      0.29276986	     -0.77586390	      0.73204949	     -0.98273178	     11.76797094	     27.66876330	    -74.44918589	     -2.80336215	     -7.87649740	     11.48237625	      6.06740270	     12.52497844	     -8.98913202	     -0.48293633	     -3.71223842
      1.93000000	     84.20651268	      6.72598981	     -8.20787756	      0.30325911	     -0.77667135	      0.73285322	     -1.77795942	     12.26711317	     29.96638751	    -74.99413427	     -1.95580464	     -8.31638106	     11.51836985	      6.69953633	     11.47554354	     -8.39327995	     -0.41716198	     -3.33694783
      1.94000000	     84.25811242	      6.06406545	     -8.35125611	      0.31369314	     -0.77735287	      0.73343761	     -2.57146082	     12.56457520	     32.20130252	    -75.23903372	     -1.44364393	     -8.65425212	     11.51468642	      7.44542465	     10.46143491	     -7.95615199	     -0.35402303	     -3.12541932
      1.95000000	     84.30481595	      5.42694730	     -8.42280054	      0.32406940	     -0.77788763	      0.73372990	     -3.30942143	     12.68009238	     34.32559585	    -75.21395889	     -0.31966713	     -9.47148834	     11.53734921	      8.01543852	      9.52283003	     -7.80087442	     -0.18053856	     -2.87508543
      1.96000000	     84.32588166	      4.79225768	     -8.47774706	      0.33440978	     -0.77829919	      0.73379952	     -3.96995282	     12.68037742	     36.38869358	    -74.91041163	      0.02388315	     -9.76128783	     11.57223510	      8.72121739	      8.62181363	     -7.77289800	     -0.08304038	     -2.74969043
      1.97000000	     84.38695248	      4.18010012	     -8.52197009	      0.34477703	     -0.77853534	      0.73370375	     -4.59518239	     12.44164415	     38.31458844	    -74.27325467	      0.53060170	    -10.17442261	     11.56588178	      9.39129749	      7.75266663	     -7.84436163	      0.07958118	     -2.65131429
      1.98000000	     84.37101650	      3.58670360	     -8.45191821	      0.35518195	     -0.77868534	      0.73330438	     -5.02919832	     12.11990720	     40.05165762	    -73.39694649	      1.42359983	    -11.06543826	     11.67751490	      9.82972868	      6.85552293	     -8.08237673	      0.52608816	     -2.54658224
      1.99000000	     84.33696018	      2.96820414	     -8.41636343	      0.36564609	     -0.77871014	      0.73275290	     -5.37341752	     11.74263909	     41.71004073	    -72.21880605	      1.58923177	    -11.27571842	     11.79323363	     10.37626523	      5.98852856	     -8.34019996	      0.70513394	     -2.44467215
      2.00000000	     84.29719167	      2.34457412	     -8.34766900	      0.37620913	     -0.77862586	      0.73202247	     -5.60668335	     11.27504105	     43.18134878	    -70.73399010	      1.77963791	    -11.45948643	     11.92357673	     10.86141483	      5.11289068	     -8.67480961	      0.94338221	     -2.37252501
      2.01000000	     84.24769815	      1.70839440	     -8.25043140	      0.38694904	     -0.77844484	      0.73114245	     -5.73490419	     10.79349227	     44.45970786	    -68.94281544	      1.92265562	    -11.57223907	     12.06944136	     11.25168914	      4.19650033	     -9.01286820	      1.22909621	     -2.30852149
      2.02000000	     84.18007706	      1.05145355	     -8.12679055	      0.39784174	     -0.77819508	      0.73009244	     -5.74357450	     10.28058502	     45.52790063	    -66.86158151	      1.99260678	    -11.58705243	     12.23971077	     11.65096076	      3.27075862	     -9.43643769	      1.58838304	     -2.22758150
      2.03000000	     84.11801706	      0.38048446	     -7.97093747	      0.40898927	     -0.77787716	      0.72891833	     -5.66833628	      9.77912420	     46.35303237	    -64.48169623	      1.95486080	    -11.45839804	     12.40837603	     12.00894393	      2.29591651	     -9.88049099	      1.99289904	     -2.12033874
      2.04000000	     84.10250389	     -0.30321746	     -7.77862609	      0.42043695	     -0.77747216	      0.72761396	     -5.55940623	      9.28471806	     46.90542197	    -61.81396318	      1.92550944	    -11.33536332	     12.51686162	     12.15794745	      1.32100055	    -10.42552043	      2.13079064	     -2.07725576
      2.05000000	     84.05305379	     -1.02750889	     -7.50753363	      0.43218299	     -0.77706942	      0.72615088	     -5.35304969	      8.89568148	     47.17361763	    -58.95171135	      1.52337202	    -10.69443422	     12.69445053	     12.56513676	      0.23071526	    -11.03546271	      2.88160168	     -1.86118614
      2.06000000	     84.06722622	     -1.72159014	     -7.30501101	      0.44430314	     -0.77658647	      0.72459579	     -5.12149832	      8.37357442	     47.23045684	    -55.86296101	      1.49043672	    -10.51794459	     12.76642051	     12.75493875	     -0.73717454	    -11.75661210	      2.96568891	     -1.80211557
      2.07000000	     84.03651244	     -2.37986740	     -6.84922675	      0.45682387	     -0.77617107	      0.72280098	     -4.75147283	      7.87640970	     46.83085469	    -52.74886126	      1.16380580	    -10.04223305	     12.96947620	     12.94505008	     -1.97202208	    -12.58426993	      3.26750057	     -1.69601932
      2.08000000	     84.11048569	     -3.09898050	     -6.47630358	      0.46974976	     -0.77565297	      0.72089494	     -4.51347652	      7.49228492	     46.31974144	    -49.60158839	      0.60573108	     -9.15498237	     13.00709551	     13.06482193	     -3.01932029	    -13.66129303	      3.85696429	     -1.35101877
      2.09000000	     84.21103276	     -3.74902665	     -5.97096611	      0.48309699	     -0.77515132	      0.71879887	     -4.21749620	      6.98285386	     45.48970791	    -46.58428049	      0.51290126	     -8.90851724	     13.03443986	     12.99184697	     -4.14179020	    -14.88813176	      3.92555598	     -1.27670200
      2.10000000	     84.38466009	     -4.36490734	     -5.41996966	      0.49683925	     -0.77465112	      0.71656390	     -3.99368737	      6.46598243	     44.49293320	    -43.79578101	      0.30543797	     -8.63683777	     12.97391857	     12.78609962	     -5.21864549	    -16.31708329	      3.99301198	     -1.21182478
      2.11000000	     84.64641364	     -4.93242938	     -4.84586529	      0.51093841	     -0.77414240	      0.71422227	     -3.87999068	      5.93198732	     43.40038117	    -41.34941971	      0.07384376	     -8.40994934	     12.78158170	     12.38015477	     -6.19840418	    -17.95460133	      4.00986074	     -1.13206542
      2.12000000	     85.02551216	     -5.42923148	     -4.28800925	      0.52534032	     -0.77362181	      0.71183976	     -3.92529463	      5.35916137	     42.29020511	    -39.32595481	     -0.10983081	     -8.27975519	     12.40455669	     11.75523266	     -7.02279266	    -19.78896034	      3.93597878	     -1.03921749
      2.13000000	     85.53886592	     -5.85527744	     -3.75890549	      0.53999246	     -0.77306590	      0.70948980	     -4.17124397	      4.77520477	     41.20864812	    -37.77912934	     -0.57364159	     -8.59710015	     11.79186041	     10.85898877	     -7.66023462	    -21.80706998	      3.62368075	     -0.33273882
      2.14000000	     86.20201036	     -6.18379310	     -3.33826695	      0.55480310	     -0.77245824	      0.70724143	     -4.63899570	      4.12206097	     40.25594707	    -36.74237125	     -0.51426750	     -8.67950613	     10.91685041	      9.74282585	     -8.02154568	    -23.98703687	      3.44079774	     -0.36797174
      2.15000000	     87.01574892	     -6.42392207	     -3.02540120	      0.56973194	     -0.77177229	      0.70520947	     -5.30452445	      3.36850138	     39.39608411	    -36.14448083	     -0.52150007	     -9.77289210	      9.76732929	      8.38231191	     -8.11478512	    -26.28378822	      2.58869861	      0.08984667
      2.16000000	     87.97074849	     -6.56766854	     -2.70777475	      0.58474272	     -0.77103299	      0.70338272	     -6.25071003	      2.73429812	     38.58761432	    -36.04704208	     -0.31624728	    -10.40336112	      8.38663635	      6.78724641	     -8.07326331	    -28.67308014	      1.74555731	      0.23875294
      2.17000000	     89.05668405	     -6.62423746	     -2.55711570	      0.59974234	     -0.77019659	      0.70188853	     -7.40233195	      2.06967046	     37.91957500	    -36.27935030	      0.00773427	    -11.12261488	      6.76906611	      5.00439026	     -7.70904033	    -31.14869708	      0.72128232	      0.32307815
      2.18000000	     90.23776441	     -6.60492371	     -2.48794217	      0.61470011	     -0.76926792	      0.70076368	     -8.73137392	      1.45944075	     37.28699879	    -36.75746608	      0.41381329	    -11.90144652	      5.00221685	      3.09125319	     -7.14548097	    -33.66060235	     -0.45205461	      0.30122859
      2.19000000	     91.47878831	     -6.49790882	     -2.48880347	      0.62955435	     -0.76828153	      0.70005716	    -10.17951926	      0.89859645	     36.63035322	    -37.34219223	      0.89498505	    -12.61708952	      3.15444646	      1.05834848	     -6.40659858	    -36.18286475	     -1.67877131	      0.16068562
      2.20000000	     92.74073536	     -6.32104265	     -2.57459165	      0.64425201	     -0.76724220	      0.69983371	    -11.68656068	      0.40403441	     35.92123224	    -37.89235534	      1.42945777	    -13.25729709	      1.30633823	     -1.01894766	     -5.49054473	    -38.68538979	     -2.94384394	     -0.13660383
      2.21000000	     93.98600392	     -6.08037357	     -2.73782831	      0.65873641	     -0.76617915	      0.70013928	    -13.18945711	     -0.01829643	     35.11613046	    -38.27937817	      1.98874532	    -13.76852244	     -0.46113795	     -3.08780155	     -4.41230259	    -41.13871963	     -4.18767161	     -0.61748225
      2.22000000	     95.16549222	     -5.78197166	     -3.00337659	      0.67294855	     -0.76511540	      0.70101992	    -14.60688166	     -0.39948075	     34.21032459	    -38.39304059	      2.54302255	    -14.09776837	     -2.05831374	     -5.10086475	     -3.14621778	    -43.51391896	     -5.35901361	     -1.31337525
      2.23000000	     96.25408367	     -5.43950062	     -3.34890060	      0.68686191	     -0.76407411	      0.70247895	    -15.89753050	     -0.72613502	     33.17659273	    -38.16775223	      3.05804275	    -14.19242128	     -3.42577461	     -7.00422527	     -1.71082452	    -45.78652168	     -6.37928757	     -2.19305253
      2.24000000	     97.21114755	     -5.06304656	     -3.78323095	      0.70043993	     -0.76308045	      0.70450803	    -17.00167434	     -1.01861246	     32.03063653	    -37.56808997	      3.47905518	    -14.01062549	     -4.49347801	     -8.75134333	     -0.08919497	    -47.93039562	     -7.14798848	     -3.19389474
      2.25000000	     98.03366254	     -4.67271800	     -4.18740872	      0.71371521	     -0.76210701	      0.70703900	    -17.90635005	     -1.26369202	     30.65422729	    -36.55990714	      3.56931913	    -13.91589962	     -5.28588009	    -10.32036817	      1.60148850	    -49.93230689	     -7.23478352	     -3.42287390
      2.26000000	     98.65141238	     -4.22712421	     -4.66225702	      0.72663413	     -0.76125333	      0.70999015	    -18.53673942	     -1.53877152	     29.22240948	    -35.27420811	      3.89311123	    -13.27271255	     -5.68129902	    -11.67692027	      3.45098124	    -51.73301916	     -7.69762746	     -4.72895448
      2.27000000	     99.09928884	     -3.77992696	     -5.08480385	      0.73925223	     -0.76044516	      0.71327528	    -18.91627546	     -1.86130731	     27.59847238	    -33.65755890	      3.93086232	    -13.09567658	     -5.77929713	    -12.79384242	      5.35229111	    -53.35430275	     -7.66157436	     -4.92138454
      2.28000000	     99.34600885	     -3.32409669	     -5.53844962	      0.75154528	     -0.75974216	      0.71677392	    -19.04404952	     -2.18507120	     25.96800038	    -31.87235009	      3.76717354	    -12.55875754	     -5.52637108	    -13.61506949	      7.38171124	    -54.76243652	     -7.33095357	     -5.55274172
      2.29000000	     99.43503534	     -2.82092507	     -5.80507790	      0.76359705	     -0.75911615	      0.72033432	    -18.94790992	     -2.63875506	     24.09513398	    -29.94328475	      3.71100007	    -12.25083355	     -5.07826413	    -14.21509183	      9.27065392	    -55.93852930	     -7.12982512	     -5.82904041
      2.30000000	     99.36502460	     -2.30997709	     -6.03496540	      0.77535914	     -0.75859416	      0.72386885	    -18.65373420	     -3.18481555	     22.21920324	    -27.99742579	      3.52975392	    -11.84489832	     -4.40823091	    -14.51971146	     11.19210436	    -56.89762491	     -6.74391848	     -6.20182232
      2.31000000	     99.14328094	     -1.78004024	     -6.18911033	      0.78685763	     -0.75820715	      0.72724867	    -18.21316689	     -3.65670383	     20.39949539	    -26.20023144	      2.99005179	    -11.11944500	     -3.56588162	    -14.53616638	     13.07460596	    -57.62902710	     -5.86330855	     -6.97420886
      2.32000000	     98.84877858	     -1.17585831	     -6.18026906	      0.79813581	     -0.75791876	      0.73037447	    -17.67445422	     -4.35802063	     18.48642301	    -24.53182106	      2.84649959	    -10.74729626	     -2.71408574	    -14.43113713	     14.80516151	    -58.14862891	     -5.51141303	     -7.25662319
      2.33000000	     98.50950479	     -0.55600018	     -6.13117133	      0.80916634	     -0.75774363	      0.73317162	    -17.12267561	     -4.97405698	     16.72915571	    -23.14612928	      2.35461239	    -10.15898524	     -1.86366785	    -14.11724395	     16.52465839	    -58.48628417	     -4.61570602	     -7.92461618
      2.34000000	     98.15426135	      0.14755334	     -5.97541904	      0.81998997	     -0.75768458	      0.73559728	    -16.56260628	     -5.76287643	     14.99854323	    -22.01766634	      2.21629348	     -9.82758803	     -1.09198452	    -13.75140058	     18.13250742	    -58.63144921	     -4.24885753	     -8.19571479
      2.35000000	     97.83388176	      0.89062640	     -5.79862838	      0.83060177	     -0.75772476	      0.73760599	    -16.07089482	     -6.54058695	     13.42823667	    -21.19124064	      2.00760174	     -9.47591190	     -0.44787828	    -13.30302679	     19.73105132	    -58.61940312	     -3.73223791	     -8.57964067
      2.36000000	     97.56832038	      1.67909601	     -5.58726600	      0.84102796	     -0.75785464	      0.73916415	    -15.67194811	     -7.26047082	     11.99965138	    -20.66828666	      1.80460930	     -9.14100460	      0.02877471	    -12.82211397	     21.29478911	    -58.45546854	     -3.18189845	     -9.01072388
      2.37000000	     97.36875944	      2.51561853	     -5.35868791	      0.85128858	     -0.75807713	      0.74026973	    -15.37104695	     -7.90376319	     10.71233246	    -20.42288472	      1.67499699	     -8.85467563	      0.32391125	    -12.34369495	     22.83157248	    -58.13868758	     -2.71438751	     -9.40210046
      2.38000000	     97.23989069	      3.38505719	     -5.12451350	      0.86138561	     -0.75837504	      0.74091779	    -15.16873956	     -8.48946033	      9.55617275	    -20.42961172	      1.61998578	     -8.60429442	      0.43152474	    -11.86594873	     24.34807847	    -57.67340703	     -2.32475016	     -9.74824026
      2.39000000	     97.20054709	      4.30326250	     -4.92226013	      0.87139366	     -0.75875058	      0.74114220	    -15.06849500	     -8.97861806	      8.51216910	    -20.57792014	      1.64309843	     -8.37208901	      0.34075053	    -11.48337263	     25.86536533	    -57.04252799	     -1.99171931	    -10.06161981
      2.40000000	     97.20827997	      5.23439466	     -4.69015735	      0.88131902	     -0.75919649	      0.74094356	    -15.03298844	     -9.26994535	      7.54268625	    -20.91089052	      1.92020378	     -7.89940024	      0.08839358	    -11.11339568	     27.29726782	    -56.22926784	     -1.53824883	    -10.59912758
      2.41000000	     97.27534723	      6.17468194	     -4.55615377	      0.89116979	     -0.75970524	      0.74041375	    -15.04627309	     -9.62881086	      6.67681545	    -21.27745995	      2.08444719	     -7.71312383	     -0.30105529	    -10.79043750	     28.76757420	    -55.21432452	     -1.51621217	    -10.62977514
      2.42000000	     97.37426303	      7.11656300	     -4.43270787	      0.90101714	     -0.76027855	      0.73956882	    -15.08829666	     -9.91165039	      5.83920802	    -21.69215667	      2.36927959	     -7.51036237	     -0.80773165	    -10.51335282	     30.15022021	    -53.97338991	     -1.46350221	    -10.63979364
      2.43000000	     97.49696068	      8.04721588	     -4.33422284	      0.91089789	     -0.76091126	      0.73845610	    -15.14513914	    -10.14636490	      5.02678131	    -22.12853521	      2.76664049	     -7.28783318	     -1.40440387	    -10.27323207	     31.43962115	    -52.49665261	     -1.46106098	    -10.55057748
      2.44000000	     97.58798592	      8.94356174	     -4.18077971	      0.92087460	     -0.76159432	      0.73712292	    -15.15832204	    -10.17058673	      4.20294330	    -22.63285582	      3.76052231	     -6.69370131	     -2.03139621	    -10.05539069	     32.52522239	    -50.75692838	     -1.58939645	    -10.09562470
      2.45000000	     97.69936339	      9.81304036	     -4.11231944	      0.93096843	     -0.76232565	      0.73565813	    -15.18219394	    -10.42072310	      3.37481277	    -23.03899000	      3.94197746	     -6.52478841	     -2.70663219	     -9.84363087	     33.52558760	    -48.76146860	     -1.64677971	     -9.90755692
      2.46000000	     97.77881383	     10.62537840	     -3.97701350	      0.94126438	     -0.76308252	      0.73406860	    -15.18076926	    -10.64950600	      2.45851196	    -23.43830670	      4.47468839	     -6.37586927	     -3.38358635	     -9.61412519	     34.26669849	    -46.52247988	     -1.97947904	     -9.39388651
      2.47000000	     97.81769975	     11.37510745	     -3.77889075	      0.95180064	     -0.76387114	      0.73236994	    -15.13170183	    -10.76170558	      1.51472783	    -23.90850774	      5.01030126	     -6.24599582	     -4.03547521	     -9.34371555	     34.74659840	    -44.07790818	     -2.37462070	     -8.79727798
      2.48000000	     97.80029924	     12.09668990	     -3.60340242	      0.96261480	     -0.76472751	      0.73061668	    -14.99751329	    -10.83761145	      0.65880070	    -24.50857195	      5.62568276	     -6.02654000	     -4.60134974	     -9.09012039	     35.04861510	    -41.46302392	     -2.84240515	     -8.02633772
      2.49000000	     97.78888434	     12.72648826	     -3.25247337	      0.97378841	     -0.76554806	      0.72877254	    -14.92153107	    -10.95423851	     -0.42933751	    -25.08295107	      5.92360905	     -5.94599878	     -5.19419148	     -8.72921341	     34.96940180	    -38.78350560	     -3.20873908	     -7.56852280
      2.50000000	     97.71690062	     13.32042407	     -2.86169388	      0.98531689	     -0.76641480	      0.72687959	    -14.76749059	    -10.98051183	     -1.45544448	    -25.85242871	      6.32443663	     -5.89582686	     -5.67391540	     -8.36909211	     34.67000061	    -36.08258227	     -3.83943043	     -6.93517186
      2.51000000	     97.58846252	     13.91342244	     -2.49050506	      0.99723825	     -0.76734387	      0.72496987	    -14.53042249	    -11.00349506	     -2.36242271	    -26.82696629	      6.82087247	     -5.72504711	     -6.00418757	     -8.09953831	     34.23408815	    -33.45236984	     -4.66321895	     -6.15367999
      2.52000000	     97.44544814	     14.38608303	     -2.00925328	      1.00954183	     -0.76825096	      0.72299752	    -14.27280332	    -10.82676162	     -3.29757053	    -27.93594948	      6.98035201	     -5.64990550	     -6.31040367	     -7.61995841	     33.53897312	    -30.98274945	     -5.04758584	     -5.77423691
      2.53000000	     97.23580096	     14.85484790	     -1.55525466	      1.02222963	     -0.76920497	      0.72103440	    -13.90960521	    -10.60961670	     -4.07688205	    -29.27220393	      7.34968732	     -5.26150945	     -6.42400599	     -7.27040390	     32.77037485	    -28.73618304	     -5.98590838	     -5.06719885
      2.54000000	     96.96401079	     15.24594604	     -1.06077600	      1.03527892	     -0.77017501	      0.71904064	    -13.41677620	    -10.14543247	     -4.73906687	    -30.81417226	      7.34651357	     -5.18159515	     -6.40726472	     -6.84338596	     31.87599891	    -26.78269531	     -6.21214117	     -4.85106756
      2.55000000	     96.62082962	     15.60089102	     -0.59821621	      1.04865668	     -0.77118036	      0.71709029	    -12.78496431	     -9.56157496	     -5.23023406	    -32.53728578	      7.27563371	     -4.61053440	     -6.19487559	     -6.51005211	     30.95694245	    -25.14911720	     -6.89720382	     -4.46411313
      2.56000000	     96.20014728	     15.86689432	     -0.26792722	      1.06228185	     -0.77224161	      0.71521410	    -11.97153783	     -8.79662304	     -5.41820371	    -34.43347658	      7.11759551	     -4.50859893	     -5.84261303	     -6.02469955	     30.09976440	    -23.81483929	     -6.95411204	     -4.39293393
      2.57000000	     95.69015158	     16.08713862	      0.00794266	      1.07615554	     -0.77336188	      0.71343598	    -10.97860309	     -7.87409888	     -5.40633789	    -36.46013937	      6.47352899	     -3.67893251	     -5.29549219	     -5.58545161	     29.25959622	    -22.80865044	     -7.08958580	     -4.45363029
      2.58000000	     95.08035726	     16.22912194	      0.16091679	      1.09019027	     -0.77454839	      0.71179936	     -9.80476620	     -6.82750095	     -5.12559967	    -38.59269751	      5.92871410	     -3.30725876	     -4.59265119	     -5.01456333	     28.48681724	    -22.07031851	     -6.93470659	     -4.60618656
      2.59000000	     94.37974206	     16.33295647	      0.22250308	      1.10435255	     -0.77580733	      0.71031090	     -8.47165283	     -5.67928664	     -4.61355411	    -40.82083289	      5.07346097	     -2.91125560	     -3.71625681	     -4.46535234	     27.78138539	    -21.61590937	     -6.61955367	     -4.85804030
      2.60000000	     93.59077855	     16.40311066	      0.20926112	      1.11859470	     -0.77714954	      0.70897265	     -7.00673703	     -4.45961344	     -3.89653619	    -43.12697391	      3.79658103	     -2.37873641	     -2.65686820	     -4.00447068	     27.15794762	    -21.44687355	     -6.06400201	     -5.30793277
      2.61000000	     92.71119981	     16.41246011	      0.11506347	      1.13282794	     -0.77856571	      0.70787831	     -5.45228834	     -3.22006723	     -2.98759893	    -45.47010374	      2.46116233	     -2.00437415	     -1.48702879	     -3.40202130	     26.55777935	    -21.40785080	     -5.40879263	     -5.76510815
      2.62000000	     91.75609421	     16.38314394	     -0.03709430	      1.14699665	     -0.78004844	      0.70703816	     -3.85296019	     -2.00234599	     -1.91199834	    -47.84913519	      0.95782129	     -1.70764559	     -0.20154823	     -2.78501801	     25.98191048	    -21.47940831	     -4.63628065	     -6.24963415
      2.63000000	     90.72850872	     16.32961510	     -0.25381915	      1.16102718	     -0.78159865	      0.70652412	     -2.25547986	     -0.89203475	     -0.67010347	    -50.24637449	     -0.59923021	     -1.49213299	      1.17165716	     -2.11722700	     25.40482290	    -21.54738584	     -3.81104070	     -6.70745676
      2.64000000	     89.68295606	     16.24081363	     -0.50535263	      1.17484095	     -0.78316743	      0.70631597	     -0.73117875	      0.13706696	      0.70680631	    -52.66191832	     -2.19883663	     -1.34462344	      2.60165964	     -1.54144429	     24.83239789	    -21.62487749	     -2.96172675	     -7.13256430
      2.65000000	     88.64859075	     16.10026498	     -0.78792755	      1.18836749	     -0.78471486	      0.70644560	      0.66767968	      1.07646495	      2.20457904	    -55.07410795	     -3.76920013	     -1.29754845	      4.03685515	     -1.03304035	     24.24497230	    -21.64799231	     -2.13746424	     -7.47579805
      2.66000000	     87.62080848	     15.94865906	     -1.13320590	      1.20156215	     -0.78626509	      0.70701282	      1.90836865	      1.80057723	      3.85233176	    -57.45898636	     -5.14433956	     -1.30193324	      5.45288811	     -0.54461390	     23.61484978	    -21.46589774	     -1.40869610	     -7.70105540
      2.67000000	     86.64965708	     15.76602408	     -1.51688194	      1.21438480	     -0.78776932	      0.70798975	      2.94564624	      2.35879814	      5.61569024	    -59.79614819	     -6.28665350	     -1.33655097	      6.79948812	     -0.11810460	     22.93047818	    -21.08874303	     -0.79585130	     -7.80349349
      2.68000000	     85.76536993	     15.54762039	     -1.93168695	      1.22681706	     -0.78920698	      0.70936323	      3.75356389	      2.76237543	      7.47621525	    -62.05918066	     -7.12244307	     -1.38421586	      8.03645766	      0.25555356	     22.17864550	    -20.49978956	     -0.32771832	     -7.78068139
      2.69000000	     84.97197967	     15.27557507	     -2.29480658	      1.23887363	     -0.79056727	      0.71107234	      4.35563092	      3.06726299	      9.34087656	    -64.22312233	     -7.38570284	     -1.44647772	      9.14779880	      0.61743605	     21.27389334	    -19.69955723	     -0.15417985	     -7.71407730
      2.70000000	     84.33515599	     14.97989730	     -2.72447884	      1.25054335	     -0.79184359	      0.71311869	      4.67837083	      3.22860765	     11.31500842	    -66.25156136	     -7.61219962	     -1.48399114	     10.06589568	      0.95576510	     20.34390626	    -18.71693291	      0.01106249	     -7.59303501
      2.71000000	     83.86005267	     14.63021109	     -3.14356508	      1.26188572	     -0.79301206	      0.71543328	      4.75517862	      3.34245266	     13.30024357	    -68.10060569	     -7.65117236	     -1.55724677	     10.78330896	      1.29331831	     19.31470626	    -17.57241379	      0.10450268	     -7.38710884
      2.72000000	     83.55664149	     14.24033216	     -3.57220805	      1.27288622	     -0.79409216	      0.71790148	      4.58234729	      3.39133836	     15.32328867	    -69.77697495	     -7.21661594	     -1.76290577	     11.29531734	      1.63175055	     18.27002819	    -16.39420170	      0.11070200	     -6.77617403
      2.73000000	     83.38508003	     13.77032804	     -3.89570979	      1.28364512	     -0.79507709	      0.72044982	      4.24449620	      3.50518677	     17.25445184	    -71.24071446	     -6.55536074	     -2.04377517	     11.62500871	      2.10649988	     17.07348032	    -15.16278104	      0.04287136	     -6.27088021
      2.74000000	     83.34692912	     13.21469787	     -4.13269499	      1.29417054	     -0.79597587	      0.72300326	      3.74910219	      3.71726708	     19.11252688	    -72.47969526	     -6.09099756	     -2.29283237	     11.77192554	      2.77219914	     15.77927452	    -13.95597299	     -0.03522467	     -5.97098274
      2.75000000	     83.45183949	     12.62858856	     -4.37036719	      1.30446048	     -0.79677341	      0.72548569	      3.07476445	      3.93345542	     20.99094777	    -73.50385715	     -4.73084413	     -2.99357309	     11.77106564	      3.35052463	     14.57427660	    -12.92104613	     -0.35864284	     -5.37956308
      2.76000000	     83.65223628	     11.95793551	     -4.53540709	      1.31457932	     -0.79748092	      0.72785001	      2.29575684	      4.28881120	     22.81136376	    -74.29114276	     -3.69356116	     -3.66050723	     11.64136076	      4.11491041	     13.34820745	    -12.02316226	     -0.56347635	     -4.92644236
      2.77000000	     83.91620339	     11.21430731	     -4.63163905	      1.32454060	     -0.79808849	      0.73002093	      1.44616498	      4.78477501	     24.58918581	    -74.85858481	     -2.66960765	     -4.47322380	     11.43988848	      4.94407642	     12.15815233	    -11.33807767	     -0.76159349	     -4.51487491
      2.78000000	     84.21043337	     10.42125530	     -4.70101201	      1.33435890	     -0.79861032	      0.73195773	      0.55962400	      5.40281484	     26.38053131	    -75.21947248	     -1.72134760	     -5.39781476	     11.20760089	      5.79919431	     11.06511315	    -10.88083756	     -0.92887999	     -4.15087798
      2.79000000	     84.54145058	      9.58824737	     -4.71978252	      1.34407395	     -0.79901569	      0.73364932	     -0.37347111	      6.09304521	     28.13330421	    -75.35513994	     -0.89233019	     -6.44663028	     10.94423564	      6.64711866	     10.03603977	    -10.64299376	     -1.04626533	     -3.81401893
      2.80000000	     84.81729124	      8.73385970	     -4.73934472	      1.35367669	     -0.79935579	      0.73502099	     -1.25529563	      6.90629489	     29.95851475	    -75.32771033	     -0.25866419	     -7.41207298	     10.74929311	      7.43978144	      9.14318861	    -10.61970835	     -1.09679544	     -3.53524267
      2.81000000	     85.13381875	      7.87421533	     -4.70272543	      1.36323671	     -0.79955547	      0.73612324	     -2.18615991	      7.69558363	     31.70206949	    -75.05695435	      0.30327551	     -8.64752964	     10.52898577	      8.11815582	      8.29026970	    -10.78195221	     -1.07668097	     -3.22409634
      2.82000000	     85.36355382	      7.03073181	     -4.69228901	      1.37273767	     -0.79970247	      0.73690809	     -3.03806430	      8.54421005	     33.53086678	    -74.62512182	      0.51178267	     -9.08351316	     10.40372615	      8.81704354	      7.52733389	    -11.03043366	     -1.03937347	     -3.07086269
      2.83000000	     85.57383059	      6.23041397	     -4.63718494	      1.38221464	     -0.79972816	      0.73733084	     -3.86601472	      9.31152069	     35.30005586	    -73.98778080	      0.99740524	    -10.45177374	     10.32340799	      9.16676456	      6.84829456	    -11.49058094	     -0.82841688	     -2.76563241
      2.84000000	     85.71678254	      5.46984449	     -4.60969426	      1.39169861	     -0.79969443	      0.73748481	     -4.63011160	     10.04687119	     37.09431007	    -73.14525106	      1.03226372	    -10.74541842	     10.31265135	      9.63457534	      6.17697592	    -11.91189135	     -0.73460729	     -2.65815466
      2.85000000	     85.83164398	      4.77013826	     -4.59157993	      1.40122162	     -0.79955984	      0.73733887	     -5.35639867	     10.66060069	     38.84036847	    -72.06366931	      1.14374615	    -11.11988538	     10.33723948	      9.93086267	      5.56289611	    -12.41553518	     -0.55652957	     -2.57300381
      2.86000000	     85.90668190	      4.13776405	     -4.54271457	      1.41081070	     -0.79935660	      0.73690102	     -6.00980630	     11.15022301	     40.47539080	    -70.73947250	      1.21197556	    -11.44819032	     10.41465622	     10.15144792	      4.92458703	    -12.94299329	     -0.30704836	     -2.50635437
      2.87000000	     85.95626846	      3.57847167	     -4.43637392	      1.42050577	     -0.79907302	      0.73617367	     -6.58331016	     11.49419749	     41.92800528	    -69.14764885	      1.04150794	    -12.07954889	     10.52984302	     10.23030839	      4.24974217	    -13.53302224	      0.48495308	     -2.28282808
      2.88000000	     85.97866449	      3.06949651	     -4.35981215	      1.43034640	     -0.79873151	      0.73526467	     -7.08286870	     11.70687304	     43.25283259	    -67.26439690	      0.95921849	    -12.06224697	     10.67456904	     10.46396199	      3.54185820	    -14.04620501	      0.60402244	     -2.23023000
      2.89000000	     85.99545161	      2.61140429	     -4.27492073	      1.44036941	     -0.79831190	      0.73413370	     -7.50866113	     11.78628421	     44.37565041	    -65.09049960	      0.79735344	    -11.91259392	     10.82525477	     10.66551722	      2.82980674	    -14.61060922	      0.91156981	     -2.26073891
      2.90000000	     86.01092240	      2.22584486	     -4.11900598	      1.45061963	     -0.79784100	      0.73279295	     -7.81891589	     11.67170119	     45.18088501	    -62.62841523	      0.45072147	    -11.46563209	     10.99657323	     10.85345974	      2.03884952	    -15.22438497	      1.49855025	     -2.34146000
      2.91000000	     86.02404871	      1.85633053	     -3.88722693	      1.46115658	     -0.79728889	      0.73123867	     -8.01978871	     11.47202407	     45.66215163	    -59.91864000	      0.41601336	    -11.34456157	     11.17743544	     10.99820007	      1.17943563	    -15.91572891	      1.58011590	     -2.34930818
      2.92000000	     86.02996896	      1.51033743	     -3.62469537	      1.47202584	     -0.79669724	      0.72949551	     -8.12407911	     11.20307343	     45.87043930	    -57.01845827	      0.13709014	     -9.78295336	     11.37875424	     11.16942088	      0.29030080	    -16.69412170	      2.56513273	     -2.12984804
      2.93000000	     86.03335981	      1.21049692	     -3.25848287	      1.48324827	     -0.79605019	      0.72753596	     -8.04419806	     10.69455378	     45.66930762	    -53.95822337	     -0.17695356	     -9.41647258	     11.59882041	     11.24257644	     -0.67881312	    -17.58251205	      2.80718875	     -2.22880408
      2.94000000	     86.08306964	      0.86426698	     -2.82224530	      1.49488547	     -0.79530911	      0.72537278	     -7.92775620	     10.21005056	     45.16586124	    -50.84390595	     -0.77656512	     -8.74238542	     11.77025906	     11.28324239	     -1.67349829	    -18.65070558	      3.26319706	     -2.34124967
      2.95000000	     86.12700223	      0.56218566	     -2.39248340	      1.50692849	     -0.79453511	      0.72303523	     -7.64908418	      9.46209801	     44.41123401	    -47.75448692	     -1.30822861	     -8.00724986	     11.94520988	     11.23604010	     -2.62794463	    -19.83857381	      3.71313379	     -2.30552753
      2.96000000	     86.23982017	      0.26855784	     -1.84011463	      1.51940214	     -0.79368789	      0.72045916	     -7.33007987	      8.60952229	     43.34530805	    -44.82593300	     -1.57438959	     -7.60006887	     12.01044081	     10.86621760	     -3.59947114	    -21.25674762	      3.90513771	     -2.27746940
      2.97000000	     86.39511746	     -0.00006344	     -1.32454262	      1.53226892	     -0.79280373	      0.71775158	     -6.96135994	      7.56448178	     42.15562138	    -42.13076410	     -2.15707366	     -6.99618100	     11.99204453	     10.35974857	     -4.46956394	    -22.82185489	      4.35264811	     -1.96485574
      2.98000000	     86.62845440	     -0.23259259	     -0.80527004	      1.54550766	     -0.79186673	      0.71491453	     -6.60723441	      6.34467256	     40.85733825	    -39.78481715	     -2.23706466	     -6.79413738	     11.82230063	      9.59767136	     -5.25298145	    -24.54069810	      4.36688478	     -1.94947140
      2.99000000	     86.97524824	     -0.43695412	     -0.30257789	      1.55907730	     -0.79087448	      0.71201101	     -6.37489187	      5.05398536	     39.53369792	    -37.86575799	     -2.36017910	     -6.63666203	     11.44472597	      8.58375379	     -5.92238460	    -26.41020455	      4.33623980	     -1.90426926
      3.00000000	     87.42800776	     -0.59097144	      0.23322383	      1.57294031	     -0.78983976	      0.70912132	     -6.27372617	      3.68696226	     38.15585160	    -36.41278552	     -2.64224440	     -6.81876999	     10.88132857	      7.34916689	     -6.56516174	    -28.35137606	      4.15553390	     -1.46633866
      3.01000000	     88.03857933	     -0.71847284	      0.44645036	      1.58693300	     -0.78864201	      0.70634218	     -6.38204688	      2.16036440	     37.10123339	    -35.41428834	     -2.80558835	     -7.79714676	      9.95957245	      5.85059404	     -6.71740774	    -30.46940022	      3.82698420	     -0.86057483
      3.02000000	     88.76887226	     -0.78660808	      0.70403122	      1.60109678	     -0.78738613	      0.70368101	     -6.74337460	      0.74414895	     36.07246886	    -34.96109989	     -2.65492246	     -8.36544176	      8.83984639	      4.17296760	     -6.86673245	    -32.60772934	      3.27071425	     -0.75801944
      3.03000000	     89.62730607	     -0.82271409	      0.79877348	      1.61531410	     -0.78601158	      0.70126514	     -7.33781410	     -0.65320935	     35.23371785	    -34.93969784	     -2.33218723	     -9.09335579	      7.49227294	      2.38550639	     -6.76774832	    -34.79456677	      2.42987442	     -0.70130284
      3.04000000	     90.58142621	     -0.81869505	      0.77770926	      1.62951690	     -0.78452932	      0.69912978	     -8.14190365	     -1.97814048	     34.54163904	    -35.29930130	     -2.29609946	    -10.48960111	      5.97247871	      0.49086078	     -6.47629455	    -36.99688993	      1.26942524	     -1.15321736
      3.05000000	     91.61644063	     -0.79864457	      0.73514989	      1.64366910	     -0.78293294	      0.69730672	     -9.20328000	     -3.00702042	     33.91869997	    -36.00045139	     -1.57223633	    -11.08668983	      4.31614123	     -1.48205507	     -6.08538033	    -39.22337543	      0.14826561	     -1.11194936
      3.06000000	     92.68831182	     -0.76361977	      0.61922437	      1.65767569	     -0.78125381	      0.69588778	    -10.41333136	     -3.83238976	     33.35374281	    -36.87118824	     -0.81281332	    -11.79123298	      2.61599583	     -3.44088787	     -5.54406286	    -41.43394165	     -1.18178658	     -1.32755091
      3.07000000	     93.76759999	     -0.72179344	      0.46909715	      1.67147138	     -0.77951441	      0.69492806	    -11.72751835	     -4.40860675	     32.77756547	    -37.78401177	     -0.05401375	    -12.44767766	      0.93552099	     -5.33591641	     -4.88373392	    -43.61695440	     -2.58975331	     -1.75306321
      3.08000000	     94.81511833	     -0.67567353	      0.25156245	      1.68497331	     -0.77774993	      0.69450208	    -13.06245538	     -4.77631692	     32.18751612	    -38.60483821	      0.71732073	    -12.99439105	     -0.64135737	     -7.11982509	     -4.05292661	    -45.75578181	     -4.04387725	     -2.35604737
      3.09000000	     95.78773056	     -0.63695893	     -0.11813461	      1.69809118	     -0.77599944	      0.69469707	    -14.32564540	     -4.99277740	     31.64143981	    -39.21123509	      1.41142118	    -13.28972106	     -2.00369949	     -8.71774691	     -2.94171249	    -47.82720140	     -5.67250681	     -3.66958270
      3.10000000	     96.68296220	     -0.59889322	     -0.41122154	      1.71084838	     -0.77426444	      0.69546311	    -15.52717195	     -4.97534608	     30.90270182	    -39.55422876	      2.08530907	    -13.41677420	     -3.19141900	    -10.17790408	     -1.78680891	    -49.82586953	     -6.84195735	     -4.33261193
      3.11000000	     97.46625401	     -0.56777025	     -0.70997325	      1.72319365	     -0.77257807	      0.69683821	    -16.58610814	     -4.81371580	     30.04215196	    -39.56834221	      2.68199196	    -13.46421214	     -4.12720198	    -11.44407096	     -0.48917358	    -51.72403073	     -7.78307022	     -4.78330687
      3.12000000	     98.09804282	     -0.54465285	     -1.16323766	      1.73507170	     -0.77097875	      0.69885777	    -17.41769124	     -4.64836053	     29.20678884	    -39.22336218	      3.17212364	    -13.26551903	     -4.70757043	    -12.47737629	      1.12182562	    -53.49205845	     -8.58896187	     -5.44887193
      3.13000000	     98.61832710	     -0.50140631	     -1.48759521	      1.74658239	     -0.76943899	      0.70138865	    -18.07577076	     -4.48671884	     28.08462310	    -38.49567867	      3.27779247	    -13.18462331	     -5.07977352	    -13.34118819	      2.71242727	    -55.10918288	     -8.72444101	     -5.61319186
      3.14000000	     98.95990013	     -0.43411107	     -1.87089731	      1.75768304	     -0.76801196	      0.70438050	    -18.47876394	     -4.40051933	     26.92961313	    -37.49321194	      3.41093747	    -13.03247887	     -5.12068686	    -14.01991104	      4.48414316	    -56.55007407	     -8.89349765	     -5.79968057
      3.15000000	     99.16183568	     -0.34837382	     -2.19084560	      1.76844072	     -0.76667671	      0.70771290	    -18.68796544	     -4.33902850	     25.63104581	    -36.23871609	      3.48400909	    -12.83024561	     -4.93499650	    -14.51383015	      6.28323570	    -57.80372175	     -8.96713532	     -5.97554137
      3.16000000	     99.21892055	     -0.23582622	     -2.45861943	      1.77889165	     -0.76544768	      0.71129831	    -18.68572946	     -4.42094630	     24.20130380	    -34.76845158	      3.48718413	    -12.55546989	     -4.52999117	    -14.81173068	      8.09409728	    -58.85070608	     -8.93165884	     -6.15368095
      3.17000000	     99.11448074	     -0.09000092	     -2.70962764	      1.78904369	     -0.76435289	      0.71501914	    -18.47652785	     -4.59905388	     22.74562416	    -33.20705502	      3.30353871	    -11.88274536	     -3.89732328	    -14.91162232	      9.93383609	    -59.68630612	     -8.63983548	     -6.50299187
      3.18000000	     98.94126410	      0.15023518	     -2.75298325	      1.79899152	     -0.76333916	      0.71868658	    -18.16485646	     -5.01557806	     21.03226637	    -31.56170628	      3.25673463	    -11.60108156	     -3.25870669	    -14.97958806	     11.56226850	    -60.33716057	     -8.45433438	     -6.61009235
      3.19000000	     98.66558612	      0.46142536	     -2.77976994	      1.80869081	     -0.76246836	      0.72224873	    -17.73065497	     -5.59309796	     19.34406355	    -29.96309753	      3.07682354	    -11.24197963	     -2.51410202	    -14.95518543	     13.18758489	    -60.81009091	     -8.08855228	     -6.75988032
      3.20000000	     98.32852454	      0.82613524	     -2.75785698	      1.81817276	     -0.76173163	      0.72558771	    -17.24892404	     -6.14759892	     17.71181307	    -28.50205915	      2.56169540	    -10.67699025	     -1.73740845	    -14.82280685	     14.76556101	    -61.13381929	     -7.21846696	     -7.00366508
      3.21000000	     97.97042369	      1.30480168	     -2.60245223	      1.82747340	     -0.76110418	      0.72861198	    -16.76039785	     -6.89655855	     16.00251759	    -27.17308714	      2.44605822	    -10.40825607	     -1.03068783	    -14.72316083	     16.18521037	    -61.31837536	     -6.91693282	     -7.09166921
      3.22000000	     97.61403757	      1.84869119	     -2.46921770	      1.83655770	     -0.76060702	      0.73127333	    -16.30012270	     -7.59538868	     14.46398643	    -26.07019388	      1.97975929	     -9.99565133	     -0.37057496	    -14.57521080	     17.63128269	    -61.40132886	     -6.06316565	     -7.35742927
      3.23000000	     97.28734398	      2.49111522	     -2.27234115	      1.84546777	     -0.76021767	      0.73351524	    -15.90350782	     -8.34555216	     12.97317300	    -25.18035565	      1.87514447	     -9.76236282	      0.16714492	    -14.46560520	     18.99551541	    -61.38419462	     -5.78126389	     -7.48285705
      3.24000000	     97.01176868	      3.21201734	     -2.10450677	      1.85418645	     -0.75994675	      0.73531461	    -15.58530529	     -9.03689650	     11.65619824	    -24.53087255	      1.71065034	     -9.49902983	      0.58410906	    -14.36214237	     20.38257624	    -61.28330522	     -5.38266155	     -7.71253193
      3.25000000	     96.79459701	      4.00112702	     -1.94970631	      1.86274007	     -0.75978643	      0.73664887	    -15.35244707	     -9.61122749	     10.49809801	    -24.12571997	      1.56311757	     -9.23567277	      0.86084534	    -14.26391839	     21.76634364	    -61.09699033	     -4.97305002	     -7.98848584
      3.26000000	     96.64823333	      4.85254487	     -1.82462205	      1.87114300	     -0.75973180	      0.73751708	    -15.20793972	    -10.06415706	      9.50018685	    -23.94050100	      1.46981078	     -8.96057677	      0.98423549	    -14.17169516	     23.15545403	    -60.81792521	     -4.56896844	     -8.30259609
      3.27000000	     96.55627154	      5.76207262	     -1.72937693	      1.87941865	     -0.75979976	      0.73794089	    -15.12417924	    -10.40801389	      8.64418825	    -23.94892326	      1.48168854	     -8.70737580	      0.97131337	    -14.08171145	     24.53379546	    -60.42083008	     -4.26243437	     -8.57206994
      3.28000000	     96.53095373	      6.72956148	     -1.67727925	      1.88760395	     -0.75997255	      0.73794026	    -15.10802744	    -10.66768446	      7.91848383	    -24.12158266	      1.59630946	     -8.45394138	      0.80939006	    -14.01328402	     25.89891596	    -59.88722536	     -4.00584797	     -8.81194124
      3.29000000	     96.56567398	      7.72775419	     -1.67250249	      1.89571838	     -0.76025047	      0.73754944	    -15.14326813	    -10.85108235	      7.30093115	    -24.41104410	      1.83628368	     -8.18062579	      0.50910426	    -13.94105298	     27.24476228	    -59.20087595	     -3.78288114	     -9.01447877
      3.30000000	     96.64018799	      8.73556454	     -1.63996886	      1.90381309	     -0.76062236	      0.73677337	    -15.21410993	    -10.78928018	      6.75560638	    -24.87851446	      2.88811588	     -7.21711535	      0.07414527	    -13.84089418	     28.46951762	    -58.34005011	     -3.39035429	     -9.33174362
      3.31000000	     96.75913261	      9.75364982	     -1.71244935	      1.91189434	     -0.76108792	      0.73576938	    -15.30762348	    -10.98478961	      6.23650747	    -25.26243565	      3.01907126	     -7.05873728	     -0.46006833	    -13.71695500	     29.69228487	    -57.25918354	     -3.40701005	     -9.26779202
      3.32000000	     96.88407134	     10.74606956	     -1.77305888	      1.92003943	     -0.76164004	      0.73451385	    -15.38649976	    -11.01108669	      5.75038420	    -25.72854168	      4.06132716	     -6.45530302	     -1.07419761	    -13.54517250	     30.77535637	    -55.95278755	     -3.23307205	     -9.00637844
      3.33000000	     97.02943164	     11.72609535	     -1.87447726	      1.92826652	     -0.76227693	      0.73312142	    -15.46697925	    -11.21283760	      5.22104660	    -26.09318751	      4.19915900	     -6.35764882	     -1.76395311	    -13.34503778	     31.74935885	    -54.39566304	     -3.18740551	     -8.94039658
      3.34000000	     97.16978555	     12.63474399	     -2.00531527	      1.93661911	     -0.76297143	      0.73164689	    -15.52313586	    -11.47234876	      4.66791127	    -26.38626853	      4.62541168	     -6.27253285	     -2.49940819	    -13.02797951	     32.58924178	    -52.57829048	     -3.14968742	     -8.77480378
      3.35000000	     97.30570503	     13.48938548	     -2.04898455	      1.94513107	     -0.76371391	      0.73003406	    -15.55427154	    -11.53822130	      4.06345070	    -26.73754672	      5.74816283	     -5.99717445	     -3.28589631	    -12.67097274	     33.18629649	    -50.56174974	     -3.11907422	     -8.23831187
      3.36000000	     97.43777245	     14.30786375	     -2.11308929	      1.95383534	     -0.76451610	      0.72845341	    -15.57703926	    -11.86828407	      3.35453811	    -26.92816086	      5.98309727	     -5.84827476	     -4.08897333	    -12.27329739	     33.61765232	    -48.31186037	     -3.13666110	     -8.04691180
      3.37000000	     97.52449192	     15.04446523	     -2.11703530	      1.96276670	     -0.76536446	      0.72686167	    -15.52393204	    -12.03846944	      2.61497075	    -27.13784947	      6.80788168	     -5.63298920	     -4.86023071	    -11.79227873	     33.82439305	    -45.88414715	     -3.38522291	     -7.51668545
      3.38000000	     97.63067834	     15.72269742	     -2.07741104	      1.97195080	     -0.76621947	      0.72529965	    -15.50514657	    -12.36299448	      1.72788110	    -27.22442280	      7.05191923	     -5.51256040	     -5.65350362	    -11.26306036	     33.81561877	    -43.34466155	     -3.51967652	     -7.30558394
      3.39000000	     97.69917979	     16.33741391	     -1.96230406	      1.98140557	     -0.76710398	      0.72377590	    -15.44121288	    -12.63963617	      0.76379802	    -27.30557356	      7.44191075	     -5.42594985	     -6.38338256	    -10.70044532	     33.58352735	    -40.73923436	     -3.87430129	     -6.99510092
      3.40000000	     97.72547032	     16.89954911	     -1.86305141	      1.99112126	     -0.76803564	      0.72231393	    -15.30267441	    -12.86343378	     -0.13864822	    -27.45091201	      8.02885860	     -5.24403353	     -7.00501151	    -10.12565611	     33.23886661	    -38.12164661	     -4.56339543	     -6.61404073
      3.41000000	     97.73399732	     17.42219920	     -1.64889127	      2.00114111	     -0.76895424	      0.72089132	    -15.17543270	    -13.12397960	     -1.18636805	    -27.58461877	      8.29412570	     -5.06929160	     -7.54410397	     -9.59840147	     32.66946541	    -35.60059791	     -5.04293681	     -6.42734597
      3.42000000	     97.74342461	     17.85137315	     -1.43925431	      2.01140585	     -0.76984928	      0.71953159	    -15.04448234	    -13.32546075	     -2.20398354	    -27.76304145	      8.44020347	     -4.97249779	     -8.00679233	     -9.00513720	     32.01723206	    -33.22981751	     -5.42352245	     -6.25474229
      3.43000000	     97.68049633	     18.26778208	     -1.26819265	      2.02193109	     -0.77077511	      0.71828288	    -14.82040361	    -13.53457304	     -3.09951981	    -28.07775044	      8.70872987	     -4.74877511	     -8.25767736	     -8.55637365	     31.33954938	    -31.03098821	     -6.39071531	     -6.13514124
      3.44000000	     97.59078036	     18.60376754	     -1.06368987	      2.03269593	     -0.77166056	      0.71709622	    -14.57187039	    -13.64133226	     -3.95451167	    -28.51138660	      8.72121355	     -4.65844946	     -8.37799435	     -8.11665892	     30.58592586	    -29.09864940	     -6.62850375	     -6.08046978
      3.45000000	     97.44135228	     18.90409126	     -0.94673493	      2.04367191	     -0.77254609	      0.71604610	    -14.24244367	    -13.73846038	     -4.61073942	    -29.12024384	      8.69659830	     -4.35274594	     -8.29243031	     -7.81246724	     29.88424752	    -27.41173635	     -7.44827348	     -6.21078242
      3.46000000	     97.22937873	     19.12303432	     -0.86031072	      2.05484024	     -0.77340056	      0.71508912	    -13.82126259	    -13.67959957	     -5.08094156	    -29.94363955	      8.61118582	     -4.30228956	     -8.02944702	     -7.53644300	     29.19688834	    -26.01767185	     -7.52347840	     -6.23745124
      3.47000000	     96.94839505	     19.27529561	     -0.84695473	      2.06618619	     -0.77423437	      0.71426388	    -13.30165262	    -13.51434488	     -5.32074323	    -30.98632168	      8.40787143	     -4.21462983	     -7.58094309	     -7.32507147	     28.56407848	    -24.89078357	     -7.60483571	     -6.29786865
      3.48000000	     96.58999865	     19.34580151	     -0.90313528	      2.07769018	     -0.77504104	      0.71356635	    -12.66832715	    -13.18746695	     -5.30738888	    -32.27067524	      8.09157644	     -4.10567665	     -6.96476642	     -7.11604785	     27.98192149	    -24.01180457	     -7.58936342	     -6.42740242
      3.49000000	     96.15002555	     19.32634801	     -1.06479213	      2.08934030	     -0.77584342	      0.71303806	    -11.91523839	    -12.71214391	     -5.01161052	    -33.77208332	      7.37515618	     -3.74067825	     -6.21249919	     -6.80817903	     27.46146079	    -23.31451897	     -7.36668802	     -6.85415162
      3.50000000	     95.61292658	     19.21935621	     -1.18379153	      2.10113289	     -0.77660873	      0.71258088	    -11.04010941	    -11.96802367	     -4.54659361	    -35.54100413	      6.72905036	     -3.48416231	     -5.30724036	     -6.50459347	     26.90256874	    -22.84281573	     -7.00238261	     -7.30460214
      3.51000000	     94.97589125	     18.99722338	     -1.33765901	      2.11303283	     -0.77736393	      0.71226258	    -10.04236957	    -10.99514779	     -3.85527275	    -37.53076221	      5.96480967	     -3.27026011	     -4.29583021	     -6.01908781	     26.34094683	    -22.48832637	     -6.47191724	     -7.73711386
      3.52000000	     94.23456076	     18.65339880	     -1.51317324	      2.12501109	     -0.77811693	      0.71209799	     -8.93484152	     -9.80165747	     -2.96578995	    -39.71662449	      5.12002460	     -3.10739821	     -3.20009278	     -5.29346108	     25.74914108	    -22.18721599	     -5.84190427	     -8.13388651
      3.53000000	     93.41596950	     18.21371778	     -1.62189697	      2.13704668	     -0.77884619	      0.71200840	     -7.75672873	     -8.35574958	     -1.97554894	    -42.10343534	      3.98544978	     -2.89543334	     -2.00848371	     -4.57026639	     25.09772963	    -22.00540339	     -5.01687086	     -8.62845154
      3.54000000	     92.50840436	     17.64705968	     -1.74856775	      2.14908041	     -0.77958105	      0.71209438	     -6.51636869	     -6.73620616	     -0.83211243	    -44.63007487	      2.83670962	     -2.77483258	     -0.76467039	     -3.61347614	     24.40251385	    -21.78172166	     -4.21005480	     -9.04937211
      3.55000000	     91.51883368	     16.98952534	     -1.88779010	      2.16107150	     -0.78033083	      0.71237908	     -5.24533943	     -5.02590009	      0.43668217	    -47.26950037	      1.66212294	     -2.71744715	      0.53396372	     -2.51878863	     23.65041158	    -21.46732139	     -3.42484075	     -9.41294847
      3.56000000	     90.54248766	     16.17397182	     -2.01263767	      2.17294573	     -0.78101282	      0.71277880	     -4.03912081	     -3.09813968	      1.77200000	    -49.98119067	      0.37788224	     -2.73921218	      1.81107753	     -1.39172095	     22.86742856	    -21.15904432	     -2.63633255	     -9.73584991
      3.57000000	     89.49404742	     15.33128883	     -2.17986572	      2.18470611	     -0.78174078	      0.71344562	     -2.85009617	     -1.25872715	      3.22338547	    -52.72863781	     -0.86547338	     -2.90795167	      3.14110324	     -0.25972138	     22.01201928	    -20.62318240	     -1.94152078	     -9.93850069
      3.58000000	     88.48260756	     14.40181547	     -2.41244227	      2.19627432	     -0.78242044	      0.71432652	     -1.79170790	      0.59436122	      4.78476046	    -55.45757468	     -2.05897762	     -3.21896734	      4.41671217	      0.82734792	     21.14114555	    -19.94231305	     -1.34072607	    -10.02038720
      3.59000000	     87.50974351	     13.42253759	     -2.71231386	      2.20763789	     -0.78307060	      0.71543000	     -0.88219292	      2.37905388	      6.45213310	    -58.12793682	     -3.12971870	     -3.69754208	      5.63504562	      1.83154163	     20.23456614	    -19.06701936	     -0.87089853	     -9.94278752
      3.60000000	     86.57349847	     12.43761944	     -3.03564108	      2.21881070	     -0.78370023	      0.71674800	     -0.11502257	      4.05006603	      8.18448916	    -60.70756964	     -3.40316031	     -3.94013789	      6.79931716	      2.69813192	     19.22454544	    -17.94504544	     -0.75115089	     -9.82636365
      3.61000000	     85.76379199	     11.43510150	     -3.43682855	      2.22974279	     -0.78425928	      0.71823276	      0.40237144	      5.57570797	     10.01020015	    -63.11857359	     -4.64608797	     -5.06382213	      7.82118198	      3.38111106	     18.21391501	    -16.69350981	     -0.36167638	     -9.26350282
      3.62000000	     85.03693508	     10.48582261	     -3.89725311	      2.24047459	     -0.78479990	      0.71987260	      0.73419082	      6.92743849	     11.95723301	    -65.37716837	     -4.67669128	     -5.31906575	      8.72506859	      3.95399869	     17.13599492	    -15.19964999	     -0.34699864	     -9.06399069
      3.63000000	     84.42595241	      9.57867248	     -4.36871168	      2.25101924	     -0.78529194	      0.72158551	      0.85940628	      8.09975500	     13.95350260	    -67.41777027	     -4.65832861	     -5.65052063	      9.49074050	      4.38032392	     15.99077837	    -13.56798516	     -0.41233468	     -8.75427564
      3.64000000	     83.93259917	      8.72977860	     -4.83728851	      2.26139037	     -0.78573795	      0.72330604	      0.79376397	      9.07719089	     15.99025730	    -69.21547256	     -4.50274758	     -6.09880711	     10.11308575	      4.70475051	     14.78603193	    -11.84126110	     -0.56338941	     -8.32384023
      3.65000000	     83.54165601	      7.97595638	     -5.19837889	      2.27162566	     -0.78613648	      0.72493882	      0.59059947	      9.79374557	     17.94645125	    -70.74129280	     -4.16309425	     -7.62543926	     10.64711955	      4.74074123	     13.47788097	    -10.12101321	     -0.77664038	     -7.03992091
      3.66000000	     83.27949189	      7.26266763	     -5.63274575	      2.28167552	     -0.78648485	      0.72648772	      0.21041004	     10.38822603	     20.03871983	    -72.00067073	     -3.85170206	     -8.01129744	     10.97638751	      5.02887229	     12.21690586	     -8.38226382	     -0.85366195	     -6.70387237
      3.67000000	     83.10011149	      6.64803253	     -5.94651598	      2.29160679	     -0.78676996	      0.72783403	     -0.24526012	     10.73700276	     22.03306975	    -72.97746966	     -2.88597748	     -9.04456202	     11.22798409	      5.15470470	     10.89284309	     -6.75241368	     -1.18928352	     -5.98421094
      3.68000000	     82.95764041	      6.05780251	     -6.13047044	      2.30140332	     -0.78700770	      0.72892113	     -0.69600363	     11.02444100	     23.93512700	    -73.68232068	     -2.28407974	    -10.16749989	     11.41879064	      5.43997660	      9.48921880	     -5.25200936	     -1.21670857	     -5.28686826
      3.69000000	     82.89937571	      5.49361960	     -6.38238922	      2.31102517	     -0.78713523	      0.72980398	     -1.23994261	     11.20004150	     25.94008693	    -74.10524616	     -1.73363613	    -10.65125110	     11.47808465	      5.95669215	      8.22595247	     -3.90798296	     -1.27976581	     -4.99773199
      3.70000000	     82.85271055	      4.96484125	     -6.53865208	      2.32052892	     -0.78718601	      0.73039208	     -1.74178915	     11.27656036	     27.86436924	    -74.26668040	     -0.87279151	    -11.39564471	     11.53041358	      6.50132240	      6.96601554	     -2.76246063	     -1.36552255	     -4.68781450
      3.71000000	     82.81699101	      4.48368992	     -6.58999846	      2.32990404	     -0.78714069	      0.73065068	     -2.18802299	     11.25008103	     29.69536261	    -74.18829089	      0.27132617	    -12.63170726	     11.59855983	      6.83601608	      5.76570948	     -1.91698422	     -1.39174766	     -4.40236702
      3.72000000	     82.76217015	      3.98464684	     -6.66257361	      2.33915010	     -0.78700679	      0.73064704	     -2.57312579	     11.24275250	     31.57077957	    -73.87541260	      0.98271844	    -13.53278220	     11.66980498	      7.36896138	      4.66315175	     -1.23456720	     -1.27720704	     -4.21691811
      3.73000000	     82.71354767	      3.49209832	     -6.73969029	      2.34829896	     -0.78676123	      0.73039475	     -2.91260561	     11.17576000	     33.43745507	    -73.31894267	      1.61821665	    -14.37175883	     11.73720853	      7.85497996	      3.66534556	     -0.73869180	     -1.09055331	     -4.08340127
      3.74000000	     82.62811639	      2.99236955	     -6.81503830	      2.35736973	     -0.78643268	      0.72987546	     -3.15712358	     11.13516127	     35.30669334	    -72.55780620	      2.16101395	    -15.05502200	     11.84640154	      8.29993347	      2.75658673	     -0.41486376	     -0.84947159	     -3.98757257
      3.75000000	     82.56041078	      2.49576345	     -6.95455239	      2.36639535	     -0.78599356	      0.72916741	     -3.37319227	     11.05337451	     37.20304684	    -71.55476928	      2.47610225	    -15.38008721	     11.92716594	      8.65060817	      1.99067485	     -0.23088344	     -0.66913977	     -3.92702813
      3.76000000	     82.45992570	      2.00527848	     -7.05791265	      2.37544313	     -0.78548497	      0.72824417	     -3.48078913	     10.97927002	     39.01824253	    -70.33907481	      2.86860994	    -15.74492914	     12.04679758	      8.95883198	      1.21161264	     -0.10345275	     -0.38815806	     -3.89909180
      3.77000000	     82.34369372	      1.53406239	     -7.15269363	      2.38454904	     -0.78490999	      0.72714496	     -3.50038548	     10.88735898	     40.75554923	    -68.89995205	      3.18405233	    -16.01274635	     12.18218077	      9.17262508	      0.44663539	     -0.02689450	     -0.05907623	     -3.89208895
      3.78000000	     82.22560501	      1.07631898	     -7.25188537	      2.39376330	     -0.78425930	      0.72591059	     -3.44755797	     10.77412247	     42.39489168	    -67.22147546	      3.39423365	    -16.13730981	     12.31152933	      9.35932367	     -0.31776071	      0.03438952	      0.30770211	     -3.89154746
      3.79000000	     82.12111134	      0.64255106	     -7.35342599	      2.40314456	     -0.78353128	      0.72457873	     -3.33277036	     10.62123693	     43.89734292	    -65.28843459	      3.47987680	    -16.08536353	     12.41666135	      9.53568229	     -1.10295665	      0.11033594	      0.66869341	     -3.89513566
      3.80000000	     82.04097170	      0.22387171	     -7.41423118	      2.41274749	     -0.78272927	      0.72315311	     -3.16437765	     10.44578575	     45.19073966	    -63.11222829	      3.60865331	    -15.37361478	     12.49040890	      9.65347672	     -1.92795874	      0.14029585	      1.42528573	     -3.74991070
      3.81000000	     81.96492640	     -0.17421457	     -7.47051651	      2.42262652	     -0.78185477	      0.72167702	     -2.91145166	     10.21512411	     46.27631186	    -60.69112483	      3.49036698	    -15.06406140	     12.55658325	      9.95946757	     -2.85015594	      0.28305001	      1.62594715	     -3.72624793
      3.82000000	     81.91943990	     -0.56254002	     -7.41770503	      2.43282211	     -0.78089877	      0.72011633	     -2.59966082	      9.95964126	     47.03018888	    -58.06878835	      3.19250890	    -13.95681224	     12.59313695	     10.17760553	     -3.85855130	      0.31701077	      2.11114560	     -3.82144468
      3.83000000	     81.89115702	     -0.94479508	     -7.33704556	      2.44338524	     -0.77985816	      0.71851246	     -2.22695153	      9.66186732	     47.52252342	    -55.29009523	      3.37191968	    -12.51157218	     12.61376747	     10.52281006	     -4.93808475	      0.34934660	      2.41478438	     -3.74206597
      3.84000000	     81.88573698	     -1.32292842	     -7.15562546	      2.45433416	     -0.77873372	      0.71685011	     -1.76324369	      9.27283209	     47.65161236	    -52.39698042	      2.88754187	    -11.92147442	     12.62664959	     10.91082650	     -6.12158638	      0.29828421	      2.68858578	     -3.74901480
      3.85000000	     81.89719474	     -1.68962102	     -6.89320348	      2.46567511	     -0.77753386	      0.71512098	     -1.22000352	      8.78537339	     47.46323005	    -49.49657693	      2.34421064	    -11.17685538	     12.62642649	     11.21991163	     -7.32027883	      0.04824915	      2.99608112	     -3.74374632
      3.86000000	     81.94327146	     -2.07152579	     -6.65479937	      2.47738110	     -0.77622784	      0.71337825	     -0.64674535	      8.20762476	     47.08029895	    -46.66162519	      1.73985444	    -10.12752296	     12.57276548	     11.53208495	     -8.38857706	     -0.47668571	      3.42489059	     -3.63411144
      3.87000000	     82.00037053	     -2.42475862	     -6.25875533	      2.48945238	     -0.77489226	      0.71156214	      0.01660413	      7.48276038	     46.35717439	    -44.03404335	      1.46032173	     -9.66900120	     12.52819322	     11.67906751	     -9.49122296	     -1.29886301	      3.62145986	     -3.55764865
      3.88000000	     82.15054634	     -2.82261024	     -5.91524555	      2.50185587	     -0.77345147	      0.70980715	      0.55540639	      6.78508177	     45.55118172	    -41.65327632	      0.72872630	     -8.84086512	     12.35969232	     11.83683992	    -10.37800130	     -2.48707750	      4.22467902	     -3.19790634
      3.89000000	     82.35590341	     -3.18732529	     -5.50020094	      2.51451034	     -0.77198812	      0.70805425	      1.06191635	      5.96306799	     44.57975743	    -39.64970088	      0.49016203	     -8.59184699	     12.12745710	     11.80193409	    -11.12537422	     -4.08651047	      4.48581609	     -2.99802662
      3.90000000	     82.64466974	     -3.53515326	     -5.22473392	      2.52731721	     -0.77047737	      0.70642352	      1.47132522	      5.01266803	     43.66700886	    -38.01475661	     -0.19687804	     -8.73941987	     11.77955500	     11.72766512	    -11.49377550	     -6.13405047	      5.45844217	     -1.83288447
      3.91000000	     83.03125533	     -3.83978930	     -5.00867091	      2.54024182	     -0.76895839	      0.70492675	      1.71308760	      4.00914519	     42.79375496	    -36.82145053	     -0.23257369	     -8.74063109	     11.34929738	     11.65862736	    -11.61957440	     -8.49702885	      5.48072123	     -1.85301166
      3.92000000	     83.59100643	     -4.13386010	     -4.93913804	      2.55322700	     -0.76737007	      0.70359873	      1.67075870	      3.01547018	     42.06695825	    -36.04949559	     -0.78971435	     -9.95305127	     10.69349386	     11.45559370	    -11.31830902	    -11.30762214	      6.02677051	     -1.11268734
      3.93000000	     84.25653784	     -4.31031105	     -4.77534272	      2.56627812	     -0.76586577	      0.70243514	      1.38057743	      2.05171551	     41.28882084	    -35.73696780	     -0.76498868	    -10.09204505	     10.01811591	     11.15527046	    -10.99470395	    -14.26898519	      5.90805654	     -1.20354666
      3.94000000	     85.06567647	     -4.42182956	     -4.74998876	      2.57932915	     -0.76433650	      0.70153613	      0.86809906	      1.01842949	     40.61547833	    -35.71178116	     -0.98332842	    -11.75116853	      9.19737653	     10.73970675	    -10.34895359	    -17.43691708	      5.63311288	     -1.00436242
      3.95000000	     85.99512658	     -4.46478171	     -4.81248664	      2.59238136	     -0.76281587	      0.70088303	      0.01740388	      0.21825312	     40.08674875	    -36.02868996	     -0.87234619	    -12.42898001	      8.26268911	     10.15366725	     -9.45568786	    -20.73936860	      5.16004695	     -1.16611213
      3.96000000	     87.03798044	     -4.37435871	     -4.85096840	      2.60544638	     -0.76132063	      0.70051059	     -1.03122906	     -0.62210390	     39.47666098	    -36.49248527	     -0.61973724	    -13.23716405	      7.23968767	      9.26936006	     -8.47610007	    -24.06016459	      4.38982788	     -1.42249525
      3.97000000	     88.19354858	     -4.17320325	     -4.92939488	      2.61850794	     -0.75981399	      0.70047705	     -2.26545299	     -1.47904258	     38.80525860	    -36.96747342	     -0.34398196	    -13.75877975	      6.10989310	      8.10600160	     -7.35376571	    -27.36550287	      3.62733695	     -1.71222360
