Inverse Dynamics Generalized Forces
version=1
nRows=436
nColumns=19
inDegrees=no
endheader
time	pelvis_to_ground_rx_moment	pelvis_to_ground_ry_moment	pelvis_to_ground_rz_moment	pelvis_to_ground_tx_force	pelvis_to_ground_ty_force	pelvis_to_ground_tz_force	left_hip_abduction_moment	left_hip_rotation_moment	left_hip_flexion_moment	right_hip_abduction_moment	right_hip_rotation_moment	right_hip_flexion_moment	left_knee_flexion_moment	right_knee_flexion_moment	left_ankle_flexion_moment	right_ankle_flexion_moment	left_subtalar_angle_moment	right_subtalar_angle_moment
      0.29000000	     78.98111183	     -5.22494593	      9.40976503	      6.88878175	    253.38808187	     64.62638733	     38.10249386	      0.57645940	     10.26186386	     27.93402594	     14.82444456	     11.04714108	     -2.37514009	      1.17362004	      0.15274406	      0.12197121	     -0.24006468	      0.05097366
      0.30000000	     79.76462394	     -5.45321431	     10.48425936	     16.82888620	    257.56931457	     53.84820702	     34.06966906	      1.33654454	     16.96937557	     32.19111571	     16.71022011	      4.99697828	     -0.15390170	     -1.62702301	      0.20589981	     -0.00409179	     -0.22845604	      0.06204587
      0.31000000	     81.09971416	     -6.81732898	     11.67014881	     28.89701510	    262.52261257	     42.45977733	     29.92536487	      2.27111689	     24.08103079	     36.79920980	     18.63866228	     -0.33396682	      2.17849649	     -4.19656702	      0.25873011	     -0.12113474	     -0.21754652	      0.07713084
      0.32000000	     83.54118310	    -10.69523544	     12.84666878	     44.99896215	    269.23059498	     32.23459121	     26.09920208	      3.40641958	     32.09228825	     41.50969697	     20.67107664	     -4.05003808	      4.68409117	     -6.30706212	      0.31170350	     -0.21732831	     -0.21202905	      0.09513023
      0.33000000	     87.34592020	    -17.83198870	     13.83120262	     65.84535943	    278.17960322	     24.32750847	     22.97430098	      4.71014101	     41.26882278	     45.94604497	     22.80277029	     -5.65253221	      7.36866489	     -7.80009779	      0.36369545	     -0.28486736	     -0.21574381	      0.11405765
      0.34000000	     92.42585672	    -28.26844184	     14.40274865	     90.95259375	    289.25305588	     19.19310377	     20.81444150	      6.09173913	     51.58693008	     49.70397504	     24.94341485	     -5.06943021	     10.17672732	     -8.60744154	      0.41225195	     -0.32043691	     -0.23096136	      0.13157348
      0.35000000	     98.36907303	    -41.41112869	     14.35591171	    118.87052304	    301.73985834	     16.70522462	     19.70458181	      7.41819035	     62.72218921	     52.45694884	     26.93467522	     -2.58994900	     12.99933844	     -8.75087993	      0.45434646	     -0.32489442	     -0.25785706	      0.14563639
      0.36000000	    104.50002044	    -56.18779782	     13.56443547	    147.51312607	    314.41646449	     16.40709566	     19.52259003	      8.54317212	     74.07886831	     54.02127385	     28.58783378	      1.24954775	     15.69042293	     -8.32623846	      0.48736919	     -0.30241573	     -0.29422465	      0.15498285
      0.37000000	    109.96469549	    -71.24081331	     12.02943676	    174.50657220	    325.68686000	     17.79432505	     19.95463923	      9.34314547	     84.85419928	     54.36446444	     29.72164277	      5.79015838	     18.08701221	     -7.47813174	      0.50999465	     -0.25931328	     -0.33549158	      0.15926059
      0.38000000	    113.84200244	    -85.12637445	      9.89458585	    197.51142237	    333.78629326	     20.53493137	     20.55723619	      9.75039791	     94.13593719	     53.56871992	     30.18963189	     10.36157240	     20.02990424	     -6.37185934	      0.52265796	     -0.20282868	     -0.37513093	      0.15884091
      0.39000000	    115.28341420	    -96.50473856	      7.42293691	    214.50706221	    337.04986704	     24.56238448	     20.85459642	      9.77269617	    101.03158617	     51.77621480	     29.89708912	     14.37033355	     21.38311421	     -5.16688901	      0.52755154	     -0.14013536	     -0.40548667	      0.15447105
      0.40000000	    113.67008100	   -104.31496203	      4.94185143	    224.03576868	    334.21992840	     30.02792741	     20.44765641	      9.49229361	    104.81913380	     49.14267516	     28.81302234	     17.36526316	     22.05175923	     -3.99429169	      0.52820912	     -0.07762801	     -0.41893690	      0.14694192
      0.41000000	    108.75920492	   -107.92506191	      2.77110306	    225.39651280	    324.73447817	     37.14792013	     19.10546660	      9.04314469	    105.09533655	     45.81591260	     26.98050755	     19.08292312	     21.99828933	     -2.93941854	      0.52885029	     -0.02040489	     -0.40929923	      0.13690700
      0.42000000	    100.78085239	   -107.23612687	      1.15208939	    218.76091706	    308.92079254	     46.01357440	     16.81573393	      8.57140148	    101.88537163	     41.94175210	     24.52237693	     19.47222357	     21.25545459	     -2.03172737	      0.53369822	      0.02817533	     -0.37332989	      0.12489939
      0.43000000	     90.44974692	   -102.70439796	      0.19344808	    205.16540223	    288.02762390	     56.43483407	     13.78689298	      8.18837378	     95.67476530	     37.68667013	     21.63387519	     18.68934763	     19.93137563	     -1.24555408	      0.54644973	      0.06675862	     -0.31199666	      0.11146162
      0.44000000	     78.87433397	    -95.25232258	     -0.15359965	    186.34507433	    264.06745803	     67.87219985	     10.40623875	      7.92875045	     87.33817312	     33.26062553	     18.55724611	     17.05438004	     18.20128404	     -0.51467386	      0.57001810	      0.09583157	     -0.23109494	      0.09725766
      0.45000000	     67.37382058	    -86.07538864	     -0.08057232	    164.42458087	    239.49481216	     79.47952346	      7.16454033	      7.72900433	     77.97098532	     28.92501875	     15.54298173	     14.97353984	     16.28394810	      0.24164267	      0.60651873	      0.11708322	     -0.14086459	      0.08310575
      0.46000000	     57.24143058	    -76.38266342	      0.13129450	    141.51967973	    216.79079755	     90.24196184	      4.56313800	      7.43707759	     68.66203649	     24.97696033	     12.80924498	     12.83992294	     14.40488880	      1.08670256	      0.65716754	      0.13251711	     -0.05444688	      0.06991727
      0.47000000	     49.51003672	    -67.13058897	      0.18926855	    119.33006531	    198.04825323	     99.16196094	      3.02189850	      6.85545005	     60.26788658	     21.71091257	     10.51276970	     10.93213327	     12.75345731	      2.03568900	      0.72176184	      0.14357824	      0.01466373	      0.05855164
      0.48000000	     44.78184629	    -58.83427446	     -0.12900236	     98.84463774	    184.65953288	    105.43700370	      2.80408573	      5.80820671	     53.25943515	     19.36896355	      8.74139656	      9.34311792	     11.44763147	      3.03665630	      0.79793938	      0.15053238	      0.05555070	      0.04965581
      0.49000000	     43.16709155	    -51.51944774	     -0.91455393	     80.25559624	    177.18121030	    108.58137221	      3.97342796	      4.21021132	     47.68811602	     18.09693349	      7.52787439	      7.96663103	     10.51923697	      3.97166187	      0.88074447	      0.15227719	      0.06228482	      0.04357697
      0.50000000	     44.34006476	    -44.80812053	     -2.10611969	     63.07577504	    175.38944799	    108.46566483	      6.39635105	      2.11122462	     43.26512474	     17.92178066	      6.87354126	      6.54094189	      9.92143759	      4.67737367	      0.96281314	      0.14660246	      0.03502853	      0.04038696
      0.51000000	     47.68474743	    -38.09104135	     -3.51411643	     46.39715437	    178.48608735	    105.27694704	      9.78988094	     -0.30263455	     39.50900346	     18.75663972	      6.76766143	      4.73242093	      9.55266569	      4.97908804	      1.03525433	      0.13079430	     -0.02049705	      0.03999351
      0.52000000	     52.47933063	    -30.74341604	     -4.87944220	     29.23564160	    185.38302078	     99.42632302	     13.79918073	     -2.74952015	     35.91119338	     20.42811308	      7.19194025	      2.24080446	      9.28979152	      4.73186683	      1.08917746	      0.10245673	     -0.09486815	      0.04225932
      0.53000000	     58.06140287	    -22.33672430	     -5.94608442	     10.89296935	    194.97467634	     91.44060928	     18.07952960	     -4.91824835	     32.07444373	     22.71291329	      8.10733453	     -1.09692022	      9.02134016	      3.86067111	      1.11744937	      0.06041104	     -0.17734884	      0.04704242
      0.54000000	     63.92678509	    -12.78569635	     -6.52209578	     -8.77163116	    206.31741676	     81.86766732	     22.35807975	     -6.53586180	     27.78856310	     25.37098450	      9.43093627	     -5.23516308	      8.67012041	      2.38810623	      1.11597704	      0.00544017	     -0.25801954	      0.05413674
      0.55000000	     69.74691044	     -2.39148095	     -6.51140624	    -29.24100770	    218.68406741	     71.20920852	     26.46150420	     -7.41497967	     23.03648823	     28.16670360	     11.01772402	     -9.90333280	      8.20062149	      0.44085055	      1.08419754	     -0.05940888	     -0.32917302	      0.06315832
      0.56000000	     75.32653916	      8.20953502	     -5.91598027	    -49.40788238	    231.52230349	     59.88470056	     30.31239427	     -7.47316713	     17.95522679	     30.87677355	     12.65950884	    -14.64319096	      7.61505104	     -1.76590295	      1.02492415	     -0.12903058	     -0.38600086	      0.07345417
      0.57000000	     80.54031488	     18.16702488	     -4.81712534	    -67.77604304	    244.37302393	     48.22321671	     33.90629756	     -6.72815421	     12.77783421	     33.29250653	     14.10657097	    -18.88735238	      6.94294883	     -3.96186350	      0.94363133	     -0.19682941	     -0.42684939	      0.08411012
      0.58000000	     85.28147206	     26.58545730	     -3.34391124	    -82.75805001	    256.80200267	     36.47278634	     37.27916819	     -5.27583434	      7.77221925	     35.22841768	     15.11041418	    -22.06542287	      6.22799477	     -5.86749943	      0.84735526	     -0.25563860	     -0.45295417	      0.09405022
      0.59000000	     89.44244006	     32.69869744	     -1.63737480	    -92.99384248	    268.38169752	     24.81925553	     40.47289405	     -3.25926915	      3.19254529	     36.54348390	     15.47674849	    -23.71577307	      5.51676511	     -7.24310740	      0.74367184	     -0.29899864	     -0.46736427	      0.10215122
      0.60000000	     92.92976145	     36.01017569	      0.17912287	    -97.61291422	    278.72855396	     13.41460754	     43.50796958	     -0.83790358	     -0.75137427	     37.17116943	     15.11115065	    -23.57734186	      4.85119003	     -7.92992040	      0.63992090	     -0.32245643	     -0.47344238	      0.10738161
      0.61000000	     95.69836775	     36.38596622	      2.01663437	    -96.41241572	    287.56865241	      2.41164643	     46.37031657	      1.83665675	     -3.91781353	     37.14602341	     14.04207885	    -21.64572276	      4.26174966	     -7.87555495	      0.54245326	     -0.32439541	     -0.47380045	      0.10903336
      0.62000000	     97.78119365	     34.09330165	      3.82336549	    -89.93310181	    294.79188200	     -8.00646132	     49.01249858	      4.63572096	     -6.25611476	     36.61171732	     12.41379306	    -18.18507685	      3.76003282	     -7.13976396	      0.45585064	     -0.30618955	     -0.46998508	      0.10698844
      0.63000000	     99.29357525	     29.76961428	      5.57610198	    -79.40112090	    300.46243216	    -17.61377212	     51.36417299	      7.45879547	     -7.82118657	     35.80018440	     10.45095292	    -13.69036888	      3.33297106	     -5.87925192	      0.38234255	     -0.27176504	     -0.46260991	      0.10185672
      0.64000000	    100.40568635	     24.32259098	      7.26586687	    -66.53428801	    304.77500376	    -26.15379909	     53.34574021	     10.23050511	     -8.77266781	     34.98321849	      8.40586323	     -8.80405810	      2.94065641	     -4.31517737	      0.32163393	     -0.22676485	     -0.45167853	      0.09489212
      0.65000000	    101.29348080	     18.78956556	      8.88502847	    -53.26761230	    307.97449510	    -33.37837456	     54.88093647	     12.89325565	     -9.36089385	     34.41079374	      6.50549609	     -4.20671964	      2.51737664	     -2.69250267	      0.27115996	     -0.17757273	     -0.43701388	      0.08771887
      0.66000000	    102.08891232	     14.19695267	     10.42130404	    -41.47920007	    310.27473657	    -39.10554927	     55.90631655	     15.40061423	     -9.90542885	     34.25630588	      4.91430680	     -0.51048528	      1.97479904	     -1.24224824	      0.22655029	     -0.13045080	     -0.41863933	      0.08197053
      0.67000000	    102.84654653	     11.44498768	     11.85889721	    -32.76857595	    311.80376557	    -43.27774764	     56.37640353	     17.71401778	    -10.76784019	     34.58415457	      3.71975383	      1.82298229	      1.20756031	     -0.15352772	      0.18211763	     -0.09091763	     -0.39695023	      0.07894728
      0.68000000	    103.53136071	     11.22072894	     13.18274969	    -28.29570885	    312.57985020	    -45.99770107	     56.26287420	     19.80213946	    -12.31664063	     35.34491580	      2.93717919	      2.53312663	      0.10258161	      0.44375673	      0.13142106	     -0.06335264	     -0.37266603	      0.07936356
      0.69000000	    104.02295605	     13.93739969	     14.38169716	    -28.67846664	    312.50776495	    -47.52766898	     55.54743920	     21.64087417	    -14.88544222	     36.39418047	      2.52591932	      1.58033436	     -1.44770108	      0.48713649	      0.06800187	     -0.05076048	     -0.34666512	      0.08322445
      0.70000000	    104.12900318	     19.70065501	     15.44825163	    -33.94995126	    311.38499304	    -48.25057018	     54.21109407	     23.21201438	    -18.72961760	     37.52579871	      2.40859207	     -0.86178504	     -3.52969293	     -0.01756014	     -0.01373865	     -0.05463158	     -0.31980078	      0.08983816
      0.71000000	    103.60417687	     28.29926246	     16.37452929	    -43.57057165	    308.91659584	    -48.60078911	     52.22482423	     24.49937090	    -23.98596521	     38.51019930	      2.48801058	     -4.43574762	     -6.19240703	     -1.00082777	     -0.11767050	     -0.07483757	     -0.29268790	      0.09795036
      0.72000000	    102.17616214	     39.21362896	     17.14508111	    -56.48175462	    304.74603487	    -48.97604690	     49.54783016	     25.48218398	    -30.63720743	     39.13166600	      2.65943628	     -8.64399119	     -9.43203298	     -2.33784111	     -0.24520893	     -0.10952630	     -0.26543077	      0.10597446
      0.73000000	     99.58414762	     51.64614974	     17.72972522	    -71.20608147	    298.51296644	    -49.64799870	     46.13904244	     26.12815784	    -38.48904670	     39.22134895	      2.81888331	    -12.90371277	    -13.18051558	     -3.86080590	     -0.39480755	     -0.15515056	     -0.23746977	      0.11226621
      0.74000000	     95.63587972	     64.59414863	     18.08283837	    -86.02436048	    289.94921804	    -50.69776933	     41.98513704	     26.39240168	    -47.17751964	     38.68440670	      2.86987614	    -16.61446120	    -17.30446003	     -5.37759349	     -0.56183928	     -0.20688017	     -0.20779311	      0.11537327
      0.75000000	     90.28010447	     76.96603337	     18.15326788	    -99.21872091	    279.00646435	    -51.99374268	     37.13957010	     26.22760773	    -56.21275882	     37.52069184	      2.72957632	    -19.23231384	    -21.61717406	     -6.69527601	     -0.73895902	     -0.25932586	     -0.17542212	      0.11423007
      0.76000000	     83.67545197	     87.70299797	     17.90072000	   -109.30421258	    265.97920689	    -53.20374942	     31.75687730	     25.60298675	    -65.03909049	     35.83854472	      2.33297873	    -20.33374392	    -25.89805416	     -7.64216586	     -0.91668502	     -0.30719475	     -0.13986276	      0.10832270
      0.77000000	     76.23266609	     95.88525054	     17.31074926	   -115.20740118	    251.58207490	    -53.82592286	     26.10687862	     24.52481470	    -73.09258555	     33.85960503	      1.63551738	    -19.66502290	    -29.91325584	     -8.08589771	     -1.08398499	     -0.34576542	     -0.10143856	      0.09784414
      0.78000000	     68.61329827	    100.84350737	     16.40302265	   -116.42548442	    236.95499124	    -53.23659117	     20.56205313	     23.05276362	    -79.85933057	     31.90883296	      0.61647505	    -17.18898501	    -33.43849962	     -7.95127062	     -1.22916673	     -0.37136764	     -0.06158419	      0.08381015
      0.79000000	     61.67095824	    102.27049479	     15.22923635	   -113.15328937	    223.57347522	    -50.75683824	     15.55802585	     21.30586078	    -84.93365318	     30.38138014	     -0.71785105	    -13.12201725	    -36.28337809	     -7.23654949	     -1.34132208	     -0.38183653	     -0.02301087	      0.06806179
      0.80000000	     56.32902536	    100.26781510	     13.85875448	   -106.26996820	    213.05151077	    -45.72831808	     11.53283432	     19.45100112	    -88.05262032	     29.68263592	     -2.33649772	     -7.92495045	    -38.30841267	     -6.01785977	     -1.41184869	     -0.37661073	      0.01056646	      0.05309483
      0.81000000	     53.41213498	     95.27896747	     12.35605195	    -97.11680060	    206.86235586	    -37.59286942	      8.85749951	     17.67310089	    -89.08999982	     30.15004774	     -4.19385275	     -2.22265729	    -39.42795861	     -4.43393712	     -1.43534100	     -0.35630577	      0.03527430	      0.04172259
      0.82000000	     53.47332597	     87.93339493	     10.76067648	    -87.13160378	    206.04409529	    -25.98487032	      7.77352055	     16.13661180	    -88.02378972	     31.97665103	     -6.24201888	      3.33238332	    -39.60258657	     -2.65446969	     -1.40972605	     -0.32200278	      0.04811614	      0.03662636
      0.83000000	     56.66440735	     78.86485615	      9.08142836	    -77.46895544	    210.96911423	    -10.83903874	      8.35041912	     14.95346004	    -84.90265404	     35.15787560	     -8.43671575	      8.21219806	    -38.82897607	     -0.84144509	     -1.33603717	     -0.27457344	      0.04769710	      0.03986377
      0.84000000	     62.68388788	     68.55925268	      7.31110278	    -68.71437722	    221.23789140	      7.50678986	     10.47200719	     14.16951690	    -79.82599899	     39.47499841	    -10.73025943	     12.13897899	    -37.13241695	      0.88693138	     -1.21815872	     -0.21418170	      0.03446696	      0.05241885
      0.85000000	     67.22645856	     53.72679019	      3.49000906	    -47.82112127	    231.48229677	     12.80990164	     11.88989994	     12.40947315	    -69.73549897	     44.51771813	    -13.05133433	     15.14949458	    -32.03123365	      2.48122345	     -2.71280228	     -0.14004017	      0.71773372	      0.07387797
      0.86000000	     74.32379168	     40.19553449	      0.64486698	    -32.58460222	    246.20117092	     22.42065768	     15.04910738	     11.85666979	    -60.11429536	     49.74025392	    -15.27915613	     17.57496090	    -27.37518928	      3.96728856	     -3.66390391	     -0.05053973	      1.14746547	      0.10230838
      0.87000000	     80.97775105	     25.36616861	     -2.19219227	    -14.94485605	    261.11148926	     28.08828011	     18.46597805	     11.64281704	    -48.95883005	     54.53980765	    -17.22581958	     19.92970787	    -21.67727440	      5.42914281	     -4.84432160	      0.05613744	      1.68401220	      0.13441112
      0.88000000	     86.27083012	      9.27209691	     -4.73808770	      5.61822389	    274.48968677	     28.38993751	     21.81559828	     11.81042466	    -36.73616172	     58.34211027	    -18.64192249	     22.72998478	    -15.12815348	      6.96930562	     -6.25466607	      0.18097388	      2.32211021	      0.16597412
      0.89000000	     89.54470796	     -7.82906769	     -6.68968294	     29.03271483	    284.95244275	     22.38975367	     24.86971175	     12.39096671	    -24.01205700	     60.67874057	    -19.25456169	     26.30246523	     -7.97791845	      8.65965618	     -7.87762479	      0.32291685	      3.04396315	      0.19254906
      0.90000000	     90.44227639	    -25.37755504	     -7.80138465	     54.52668480	    291.56616876	      9.71631885	     27.49835182	     13.37323007	    -11.39973109	     61.24503805	    -18.83247304	     30.65917684	     -0.51421926	     10.50391200	     -9.69128225	      0.47788741	      3.82461629	      0.21018027
      0.91000000	     88.99820100	    -42.32718913	     -7.88962619	     80.32892797	    294.02318622	     -9.32937181	     29.73388094	     14.70439930	      0.30472101	     59.93044862	    -17.25629620	     35.47925713	      6.84864186	     12.42506603	    -11.65978673	      0.63835112	      4.62592659	      0.21601738
      0.92000000	     85.56879055	    -57.27965861	     -6.88137913	    103.85435486	    292.55101558	    -33.64198991	     31.72810910	     16.24621504	     10.21761934	     56.81846984	    -14.56704191	     40.18460989	     13.59877432	     14.27752550	    -13.71710563	      0.79372225	      5.39796203	      0.20871472
      0.93000000	     80.63353467	    -68.78821871	     -4.87170594	    122.26303716	    287.62473242	    -61.47299303	     33.61648468	     17.74221079	     17.56533124	     52.16394108	    -10.97673825	     44.07936807	     19.22726572	     15.87987639	    -15.77485901	      0.93168485	      6.09155459	      0.18855376
      0.94000000	     74.72099016	    -75.65430655	     -2.09832111	    133.05575532	    279.87409082	    -90.76030708	     35.49329271	     18.88092779	     21.82979427	     46.35632056	     -6.83829232	     46.51260284	     23.30844467	     17.05910893	    -17.73610329	      1.04018747	      6.66615911	      0.15730103
      0.95000000	     68.33199303	    -77.14820815	      1.09929963	    134.55967686	    269.98214851	   -119.52045813	     37.38048308	     19.36896491	     22.83166025	     39.87066256	     -2.58208180	     47.00975341	     25.56301602	     17.68955173	    -19.51379976	      1.10953793	      7.09738484	      0.11791634
      0.96000000	     61.87922059	    -73.11551769	      4.33559211	    126.19271729	    258.60228530	   -146.14609421	     39.20486292	     18.99627221	     20.74190509	     33.21082778	      1.36304182	     45.34439858	     25.89307111	     17.71632316	    -21.03885120	      1.13396133	      7.37953499	      0.07416310
      0.97000000	     55.68925085	    -63.98647806	      7.24770972	    108.53868995	    246.35821823	   -169.55255303	     40.82890928	     17.69118395	     16.03898287	     26.85242023	      4.64367464	     41.55443448	     24.38277348	     17.16257395	    -22.26194059	      1.11224210	      7.52181551	      0.03008788
      0.98000000	     50.01657549	    -50.71922754	      9.54948642	     83.28225713	    233.84874256	   -189.20219334	     42.09506116	     15.54286219	      9.44782358	     21.19025525	      7.03416454	     35.91117079	     21.28362393	     16.12127103	    -23.15390740	      1.04753979	      7.54295748	     -0.01054785
      0.99000000	     45.06499764	    -34.68158524	     11.06372843	     53.00473182	    221.65619729	   -205.04778933	     42.87849354	     12.78876389	      1.85890912	     16.49819079	      8.45716906	     28.86062490	     16.98288177	     14.73650944	    -23.70520431	      0.94677337	      7.46688255	     -0.04470293
      1.00000000	     41.01072539	    -17.48887047	     11.72867371	     20.87410296	    210.34723994	   -217.42957918	     43.13698502	      9.77020773	     -5.77087559	     12.90955470	      8.97175357	     20.96008228	     11.95322874	     13.18133710	    -23.92895005	      0.81979425	      7.31683258	     -0.07027720
      1.01000000	     38.00856149	     -0.81934391	     11.58178050	     -9.75336450	    200.45451551	   -226.94441491	     42.93473141	      6.86581552	    -12.51741106	     10.41924109	      8.73723518	     12.81343271	      6.70049359	     11.63407286	    -23.85446560	      0.67834439	      7.11275951	     -0.08616363
      1.02000000	     36.18494309	     13.79992126	     10.73260685	    -35.79198301	    192.43755004	   -234.32454551	     42.44113489	      4.41587696	    -17.60132777	      8.90600886	      7.96575955	      5.00422448	      1.69814068	     10.25451573	    -23.52842728	      0.53475371	      6.86903595	     -0.09222231
      1.03000000	     35.61530105	     25.18909281	      9.33199598	    -54.86668434	    186.63361808	   -240.32927978	     41.89414446	      2.65458956	    -20.48414879	      8.17296316	      6.87736874	     -1.96677060	     -2.66826229	      9.16360583	    -23.00840890	      0.40031378	      6.59570674	     -0.08923701
      1.04000000	     36.30212498	     32.66336505	      7.54753185	    -65.64353000	    183.21556277	   -245.64809309	     41.54417546	      1.66960625	    -20.93465987	      7.99793098	      5.66777615	     -7.73470347	     -6.14303156	      8.42860012	    -22.35911882	      0.28362449	      6.29853520	     -0.07880584
      1.05000000	     38.15293670	     36.09989985	      5.54740801	    -67.97628066	    182.16750377	   -250.82345672	     41.58708156	      1.39792647	    -19.04525562	      8.18007005	      4.49297479	    -12.10976599	     -8.61679216	      8.05462405	    -21.64884694	      0.18956229	      5.98390683	     -0.06306918
      1.06000000	     40.97543027	     35.91212102	      3.49463643	    -62.84742406	    183.29081766	   -256.19419489	     42.11500268	      1.65940584	    -15.19421869	      8.57136949	      3.46876638	    -15.09478482	    -10.11453328	      7.98328268	    -20.94189079	      0.11908105	      5.66008853	     -0.04430933
      1.07000000	     44.49879087	     32.95104721	      1.54633895	    -52.13278790	    186.24923344	   -261.87332853	     43.10499479	      2.21279438	     -9.97314379	      9.08973252	      2.67899335	    -16.87547961	    -10.76871717	      8.09860684	    -20.29397006	      0.06957224	      5.33710938	     -0.02456991
      1.08000000	     48.40613364	     28.33099133	     -0.14982127	    -38.21508284	    190.62802739	   -267.76999136	     44.43172530	      2.81855529	     -4.07389607	      9.71788483	      2.18531651	    -17.78160036	    -10.77288825	      8.24046817	    -19.74949405	      0.03562328	      5.02669511	     -0.00539716
      1.09000000	     52.36615999	     23.21155269	     -1.46391325	    -23.53165844	    195.98477047	   -273.64631895	     45.88867693	      3.29042198	      1.84334214	     10.49522629	      2.03377365	    -18.22399010	    -10.32531387	      8.22474196	    -19.33897005	      0.01015952	      4.74064324	      0.01227245
      1.10000000	     56.07467370	     18.59913885	     -2.29295594	    -10.17391729	    201.90707951	   -279.19358144	     47.22481686	      3.52306135	      7.25655375	     11.50842327	      2.25698343	    -18.61929676	     -9.58807910	      7.86821204	    -19.08074056	     -0.01415040	      4.48859524	      0.02809944
      1.11000000	     59.31975104	     15.21514540	     -2.56799200	      0.36808570	    208.10080075	   -284.10316092	     48.20804821	      3.49275444	     11.83635247	     12.88237718	      2.87358453	    -19.31641452	     -8.67371694	      7.01530962	    -18.98188081	     -0.04353748	      4.27603058	      0.04225883
      1.12000000	     62.03512299	     13.41722409	     -2.25918174	      7.33691017	    214.45811897	   -288.11461900	     48.67953796	      3.23969520	     15.46872825	     14.76796295	      3.88746289	    -20.53640946	     -7.64398039	      5.56348593	    -19.03959597	     -0.08214573	      4.10410708	      0.05533102
      1.13000000	     64.31603361	     13.16159617	     -1.37824761	     10.74323742	    221.06789268	   -291.03737113	     48.57808722	      2.84311158	     18.26007824	     17.32010151	      5.28819572	    -22.33432764	     -6.50934040	      3.48378154	    -19.24375585	     -0.13153904	      3.96968900	      0.06816201
      1.14000000	     66.39826392	     14.03038367	      0.02319947	     11.28184066	    228.17694845	   -292.74442752	     47.94531282	      2.39641638	     20.50701448	     20.66149213	      7.05138086	    -24.59052150	     -5.23639214	      0.83222982	    -19.57760323	     -0.19072065	      3.86666841	      0.08167501
      1.15000000	     68.60043026	     15.32445377	      1.85425085	     10.14252089	    236.10226086	   -293.15413289	     46.91718580	      1.98551434	     22.63199078	     24.83397704	      9.13592688	    -27.03523042	     -3.76517379	     -2.25176513	    -20.01931785	     -0.25661218	      3.78714777	      0.09662833
      1.16000000	     71.23956342	     16.19564345	      3.98082823	      8.76562751	    245.11327118	   -292.21000131	     45.70248267	      1.67251911	     25.10241049	     29.74983208	     11.47722192	    -29.30044842	     -2.03098904	     -5.56072104	    -20.54381388	     -0.32472682	      3.72130413	      0.11332947
      1.17000000	     74.53733374	     15.78292873	      6.21975686	      8.60307305	    255.31693004	   -289.88905448	     44.54486522	      1.48770987	     28.35559234	     35.16283571	     13.97827675	    -30.98727318	      0.01687046	     -8.84571941	    -21.13020222	     -0.38975172	      3.65986960	      0.13136697
      1.18000000	     78.54740242	     13.34683216	      8.33651060	     10.88233059	    266.57165796	   -286.21847104	     43.67786185	      1.42595306	     32.73066555	     40.67655606	     16.50331824	    -31.73778765	      2.40068903	    -11.85064146	    -21.77096341	     -0.44606922	      3.59394035	      0.14949139
      1.19000000	     83.12144738	      8.40429851	     10.05655822	     16.37127556	    278.45190613	   -281.27187018	     43.27871965	      1.44454294	     38.39919731	     45.79636782	     18.88039091	    -31.30023437	      5.10070591	    -14.34826470	    -22.47749083	     -0.48839247	      3.51617996	      0.16576460
      1.20000000	     87.92502097	      0.84929603	     11.09953203	     25.18355112	    290.27287621	   -275.16450452	     43.43397560	      1.46393814	     45.29944009	     50.01801784	     20.91917940	    -29.57561967	      8.03856935	    -16.17090613	    -23.28813594	     -0.51246635	      3.42198369	      0.17797630
      1.21000000	     92.49345030	     -8.96782797	     11.23656142	     36.67475985	    301.16352176	   -268.04320228	     44.11974285	      1.37451627	     53.08757540	     52.93097765	     22.44364920	    -26.63566451	     11.06238450	    -17.22880033	    -24.27554892	     -0.51563211	      3.31052001	      0.18420493
      1.22000000	     96.31210095	    -20.24416795	     10.35268392	     49.50199380	    310.17050310	   -260.05922073	     45.20355446	      1.05261702	     61.13268828	     54.30263346	     23.32874993	    -22.70295113	     13.94089130	    -17.51092728	    -25.55170830	     -0.49713724	      3.18602999	      0.18334442
      1.23000000	     98.90646241	    -31.84227034	      8.48508616	     61.88047082	    316.37976615	   -251.32637388	     46.47402788	      0.38389502	     68.58282593	     54.11362062	     23.52642129	    -18.09344140	     16.37765936	    -17.06796964	    -27.26349274	     -0.45810016	      3.05597941	      0.17541101
      1.24000000	     99.92460945	    -42.49447409	      5.82258765	     71.97391325	    319.04365753	   -241.92275227	     47.69256790	     -0.70999363	     74.49467839	     52.53948743	     23.07238580	    -13.14199649	     18.04392556	    -15.98571278	    -29.58331553	     -0.40108619	      2.92577451	      0.16152178
      1.25000000	     99.18838597	    -51.02982344	      2.66761127	     78.29258789	    317.68423758	   -231.94527831	     48.64126759	     -2.24855429	     77.99293039	     49.89542538	     22.07315706	     -8.13975662	     18.62487908	    -14.36076400	    -32.69254681	     -0.32951997	      2.79264426	      0.14358780
      1.26000000	    107.79786486	    -57.70966542	     -0.51449109	    135.76487288	    314.51942298	     40.84460601	     37.88102923	     -1.72651789	     77.37886903	     46.59654853	     20.96836990	     -1.38896909	     14.59151868	    -10.33498311	      0.39348483	     -2.02330193	     -0.41159735	      0.80570022
      1.27000000	    105.43043067	    -64.57723935	     -2.44032700	    146.35985179	    307.97461584	     41.13223130	     36.49882339	     -2.56648235	     78.23354321	     43.27619484	     19.50332839	      3.67515229	     15.07128091	     -6.74100124	      0.42592984	     -3.15615311	     -0.40184744	      1.32776959
      1.28000000	    102.31851779	    -69.41670881	     -3.63958555	    154.68933061	    298.96294514	     35.52193855	     34.28938546	     -3.31269044	     77.00456008	     40.03780395	     17.95773597	      8.59582570	     15.11339899	     -2.41948962	      0.46442463	     -4.52346213	     -0.38075667	      2.00868842
      1.29000000	     98.93538383	    -72.51709840	     -4.06835558	    161.29207186	    288.41970167	     23.49182570	     31.41614824	     -3.90243011	     74.09379532	     37.10318666	     16.41585101	     13.36005787	     14.80381270	      2.56188776	      0.51126899	     -6.12323039	     -0.35139601	      2.85606521
      1.30000000	     95.69709152	    -74.32586661	     -3.82496346	    166.67948748	    277.33393702	      5.01243445	     28.10740205	     -4.31953339	     70.05608038	     34.58680045	     14.92115248	     17.95777674	     14.26502623	      8.07450288	      0.56817892	     -7.93731002	     -0.31828363	      3.85768897
      1.31000000	     92.88045174	    -75.38175549	     -3.09736823	    171.23851342	    266.58810095	    -19.28030964	     24.61572049	     -4.59197157	     65.45674409	     32.48208271	     13.48330704	     22.43162588	     13.62641745	     13.94565652	      0.63556675	     -9.93037894	     -0.28641387	      4.97968587
      1.32000000	     90.58177330	    -76.01005364	     -2.10659539	    174.90819502	    256.82225066	    -48.25159404	     21.18645430	     -4.77372749	     60.74758162	     30.71368561	     12.08653828	     26.70048298	     12.99556941	     19.88604884	      0.71193052	    -12.05474444	     -0.26009508	      6.17333137
      1.33000000	     88.70354015	    -76.12836698	     -1.06544827	    177.04143982	    248.33806009	    -80.61072479	     18.03872722	     -4.91832830	     56.19644679	     29.16034652	     10.70275846	     30.43865431	     12.43934393	     25.47408409	      0.79359127	    -14.24639716	     -0.24197818	      7.37807791
      1.34000000	     87.09937172	    -75.40473946	     -0.10173008	    176.66353741	    241.28802546	   -114.84130941	     15.35648374	     -5.05436116	     51.88259105	     27.74611663	      9.35326026	     33.25764459	     11.97920476	     30.26493243	      0.87493033	    -16.41871876	     -0.23256503	      8.52577638
      1.35000000	     85.63695427	    -73.42101334	      0.74391949	    172.77527963	    235.74763560	   -149.22431815	     13.28521411	     -5.17226078	     47.74749420	     26.44987332	      8.10618836	     34.82281687	     11.60003986	     33.86287443	      0.94913911	    -18.47168973	     -0.23033179	      9.54693811
      1.36000000	     84.23272289	    -69.82208111	      1.48761365	    164.65126317	    231.74976947	   -181.99140827	     11.92993422	     -5.22670209	     43.67661183	     25.29053072	      7.04873292	     34.91869584	     11.26777152	     35.97302584	      1.00934238	    -20.30510178	     -0.23240116	     10.38094469
      1.37000000	     82.88774404	    -64.43321987	      2.17031604	    152.07811130	    229.33496692	   -211.56515750	     11.35183874	     -5.15251628	     39.58097501	     24.32351076	      6.26073763	     33.48223422	     10.94854327	     36.43943860	      1.04981459	    -21.83522816	     -0.23550918	     10.98607697
      1.38000000	     81.68329795	    -57.32070979	      2.82592829	    135.45055207	    228.55276920	   -236.75621840	     11.56409320	     -4.88707151	     35.45199461	     23.62302224	      5.78974224	     30.59957509	     10.62261787	     35.25884267	      1.06694081	    -23.00486261	     -0.23693906	     11.34321554
      1.39000000	     80.74255294	    -48.80509901	      3.46022481	    115.74680116	    229.41788697	   -256.86775412	     12.52997558	     -4.39129725	     31.38084144	     23.25073847	      5.63487785	     26.48686226	     10.29047737	     32.57378715	      1.05966901	    -23.78802969	     -0.23519025	     11.45721892
      1.40000000	     80.17075625	    -39.44745673	      4.04055963	     94.42861879	    231.84701095	   -271.69138414	     14.16594309	     -3.66359696	     27.54968316	     23.21269286	      5.73805977	     21.47194769	      9.97275393	     28.65246359	      1.02949162	    -24.18952674	     -0.23025097	     11.35033881
      1.41000000	     80.01355558	    -29.99592406	      4.50432934	     73.26854707	    235.61800121	   -281.43805418	     16.34838628	     -2.74204214	     24.19869554	     23.43945508	      5.99143361	     15.97277124	      9.70468220	     23.85912272	      0.98018910	    -24.24096596	     -0.22336193	     11.05975339
      1.42000000	     80.23467642	    -21.28101604	      4.78050205	     54.09206385	    240.36468965	   -286.64407695	     18.92256229	     -1.69356597	     21.57056129	     23.78982984	      6.25729392	     10.46040600	      9.52505609	     18.61543202	      0.91738295	    -23.99635199	     -0.21638457	     10.63025559
      1.43000000	     80.73250679	    -14.09110397	      4.81676952	     38.49624278	    245.62439096	   -288.04638266	     21.71488269	     -0.59569688	     19.84949613	     24.08883545	      6.39789618	      5.42043198	      9.46364925	     13.36098334	      0.84777977	    -23.52457508	     -0.21115131	     10.11023456
      1.44000000	     81.38555062	     -9.05708320	      4.59753462	     27.61695591	    250.92817488	   -286.45957074	     24.54839706	      0.48151646	     19.11606894	     24.18458181	      6.30362983	      1.31034656	      9.53215026	      8.51343437	      0.77816211	    -22.90284498	     -0.20897888	      9.54762588
      1.45000000	     82.09777760	     -6.54795749	      4.14862834	     21.95418050	    255.88739813	   -282.68394031	     27.25920902	      1.48872938	     19.32592427	     23.99879190	      5.91486382	     -1.50297459	      9.72022969	      4.42488235	      0.71439330	    -22.20895197	     -0.21029677	      8.98559072
      1.46000000	     82.81210442	     -6.56224429	      3.52871705	     21.23999767	    260.22626535	   -277.44395717	     29.71233977	      2.40307011	     20.31267244	     23.54585647	      5.23537800	     -2.84699925	      9.99644009	      1.32226911	      0.66071062	    -21.51658895	     -0.21449883	      8.45955156
      1.47000000	     83.49949841	     -8.69287946	      2.81557003	     24.45023500	    263.77085549	   -271.36082964	     31.81559492	      3.22654692	     21.80955146	     22.91324980	      4.32855276	     -2.80717968	     10.31239164	     -0.72675532	      0.61938375	    -20.88987573	     -0.22016257	      7.99572917
      1.48000000	     84.14634467	    -12.20001293	      2.09558753	     29.99638308	    266.43552457	   -264.95816362	     33.52959667	      3.98025789	     23.47948843	     22.22195686	      3.29636094	     -1.70057373	     10.60773886	     -1.80135887	      0.59062294	    -20.38153893	     -0.22555422	      7.61063520
      1.49000000	     84.75677949	    -16.14108730	      1.45677624	     36.00015322	    268.22966124	   -258.69233928	     34.87269006	      4.69767751	     24.94728008	     21.59558217	      2.25351151	      0.00545123	     10.81500237	     -2.08497495	      0.57263292	    -20.03069040	     -0.22919292	      7.31259172
      1.50000000	     85.35213036	    -19.49312582	      0.98255437	     40.54400567	    269.26505920	   -253.00323970	     35.92003047	      5.41921175	     25.83227179	     21.13330253	      1.30718639	      1.76812871	     10.86436725	     -1.82538544	      0.56181509	    -19.86196017	     -0.23028902	      7.10123613
      1.51000000	     85.97491536	    -21.28662404	      0.74915957	     41.92617626	    269.76365721	   -248.38176555	     36.79699323	      6.18942203	     25.77947039	     20.89077934	      0.54245978	      3.05939418	     10.68798008	     -1.28956751	      0.55319086	    -19.88894057	     -0.22903600	      6.97091484
      1.52000000	     86.69672649	    -20.72789382	      0.82483093	     38.87373250	    270.05995904	   -245.39824920	     37.66698184	      7.05707677	     24.48482171	     20.87653595	      0.01439152	      3.45424395	     10.22242240	     -0.71979180	      0.54100418	    -20.11590354	     -0.22678725	      6.91392191
      1.53000000	     87.62211493	    -17.26784770	      1.26888026	     30.65006910	    270.58224043	   -244.67418425	     38.71226513	      8.07660225	     21.71103025	     21.06417731	     -0.25180777	      2.68012391	      9.40836982	     -0.30704045	      0.51926113	    -20.53856782	     -0.22599727	      6.92224551
      1.54000000	     88.87428892	    -10.63929343	      2.12857099	     17.09719347	    271.78789404	   -246.80390673	     40.10563691	      9.30779240	     17.29912962	     21.40500308	     -0.25952912	      0.64004731	      8.18926138	     -0.17654813	      0.48213079	    -21.14584981	     -0.22977086	      6.98902317
      1.55000000	     90.55387385	     -0.88518922	      3.43392064	     -1.35246102	    274.04565629	   -252.23833557	     41.97250786	     10.81010859	     11.18452251	     21.82958767	     -0.03979232	     -2.57874974	      6.51212038	     -0.38101930	      0.42440138	    -21.92056489	     -0.24104842	      7.10850961
      1.56000000	     92.67796582	     11.63040109	      5.19098065	    -23.70962359	    277.48667478	   -261.14738639	     44.34875057	     12.62995001	      3.41337788	     22.24113717	      0.35027224	     -6.71192101	      4.33033751	     -0.90208426	      0.34202271	    -22.83958113	     -0.26167939	      7.27587158
      1.57000000	     95.11970562	     26.24373976	      7.37499364	    -48.53364765	    281.87459072	   -273.30835397	     47.14525358	     14.78197812	     -5.84961624	     22.50861950	      0.83135755	    -11.34320476	      1.60731452	     -1.65874321	      0.23257582	    -23.87401375	     -0.29170710	      7.48660536
      1.58000000	     97.57329318	     42.03096055	      9.92268136	    -74.07481262	    286.55017378	   -288.05125080	     50.13040013	     17.22716927	    -16.31877182	     22.46894783	      1.30838622	    -15.93686422	     -1.67622657	     -2.51724890	      0.09563106	    -24.98832957	     -0.32899078	      7.73452227
      1.59000000	     99.56833040	     57.86171718	     12.72222765	    -98.42162138	    290.48834342	   -304.28489533	     52.93986072	     19.85280521	    -27.58367130	     21.94858006	      1.68007497	    -19.88160568	     -5.50795315	     -3.30488223	     -0.06693768	    -26.13994280	     -0.36914571	      8.01129106
      1.60000000	    100.53901987	     72.47202422	     15.60381817	   -119.64542577	    292.47550558	   -320.60634337	     55.12164857	     22.46351486	    -39.10739076	     20.79910331	      1.85021479	    -22.55096717	     -9.82359953	     -3.83033632	     -0.25062940	    -27.28125757	     -0.40593044	      8.30422762
      1.61000000	     99.95078131	     84.55605325	     18.34021898	   -135.94215907	    291.38798380	   -335.47912259	     56.21782462	     24.79386096	    -50.23779219	     18.94452721	      1.74009244	    -23.37120636	    -14.48642448	     -3.90402227	     -0.44804373	    -28.36140857	     -0.43226182	      8.59485900
      1.62000000	     97.45587537	     92.89100917	     20.66560886	   -145.79084828	    286.50458134	   -347.44555464	     55.87008005	     26.54864434	    -60.24628892	     16.42495472	      1.29945939	    -21.89859645	    -19.27633118	     -3.36230601	     -0.64889594	    -29.33337950	     -0.44180010	      8.85891551
      1.63000000	     93.03809860	     96.48950795	     22.31492274	   -148.14103596	    277.76239854	   -355.30743400	     53.92091655	     27.46732261	    -68.39977236	     13.42822227	      0.51329900	    -17.89541690	    -23.89802152	     -2.08833050	     -0.84053905	    -30.15633720	     -0.43075141	      9.07013463
      1.64000000	     87.08693107	     94.76340505	     23.07973152	   -142.60948760	    265.87358759	   -358.22080957	     50.47668216	     27.39736962	    -74.05717317	     10.28884778	     -0.59630889	    -11.39737669	    -28.01262849	     -0.03411624	     -1.00912500	    -30.79778413	     -0.39925289	      9.20229906
      1.65000000	     80.36870201	     87.67214106	     22.86298035	   -129.65346358	    252.25334025	   -355.70615189	     45.90720999	     26.35156655	    -76.77411344	      7.45182653	     -1.97377903	     -2.76004801	    -31.29030741	      2.75864442	     -1.14140352	    -31.23540476	     -0.35165105	      9.23467187
      1.66000000	     73.88133910	     75.79681599	     21.70583688	   -110.63632130	    238.75738368	   -347.58566394	     40.77246729	     24.52019022	    -76.38422470	      5.40092175	     -3.53945752	      7.34305945	    -33.46917124	      6.14870985	     -1.22664782	    -31.45565941	     -0.29546025	      9.15369807
      1.67000000	     68.63410163	     60.28335016	     19.76399360	    -87.68623026	    227.28738566	   -333.88493178	     35.69013965	     22.22278855	    -73.02304471	      4.57790047	     -5.20611341	     17.99195120	    -34.39882058	      9.90445313	     -1.25801453	    -31.45135827	     -0.23934326	      8.95855870
      1.68000000	     65.40988526	     42.66621638	     17.24503715	    -63.37232213	    219.38448185	   -314.75402956	     31.18861130	     19.81752155	    -67.09465148	      5.30084767	     -6.89715978	     28.15185164	    -34.05685543	     13.73022201	     -1.23325904	    -31.22018849	     -0.19071293	      8.65933505
      1.69000000	     64.59673720	     24.64495529	     14.34472332	    -40.31721976	    215.94265257	   -290.44377406	     27.60242149	     17.61098355	    -59.20706101	      7.70469235	     -8.55731166	     36.82388599	    -32.54028843	     17.30055710	     -1.15501593	    -30.75941140	     -0.15380587	      8.27425707
      1.70000000	     65.07417514	      7.73860771	     10.64071452	    -14.44416997	    217.11556937	   -275.91786715	     24.99137024	     15.67099757	    -50.25278239	     11.71367274	    -10.15440370	     43.19697002	    -29.19646164	     20.29896349	     -2.04415660	    -30.06535725	      0.36413137	      7.82367073
      1.71000000	     67.32771082	     -4.43871828	      7.02001703	      5.05235988	    222.74081156	   -262.74939276	     23.53632965	     14.37854838	    -42.95325799	     17.05994110	    -11.67616188	     46.80698113	    -25.93371199	     22.47727703	     -3.15093373	    -29.12965174	      0.99189048	      7.32489372
      1.72000000	     70.46735489	    -12.72385515	      3.30648057	     20.35184512	    231.75101196	   -254.16748814	     23.00290415	     13.53569709	    -36.52460417	     23.33174405	    -13.11734855	     47.63542812	    -21.91601164	     23.70662727	     -4.36240817	    -27.93485635	      1.79139051	      6.78555958
      1.73000000	     73.80672811	    -17.03849258	     -0.33659202	     31.66963846	    243.04425663	   -251.79068176	     23.26920668	     13.05360168	    -31.43620540	     30.03580534	    -14.45676401	     46.10563441	    -17.24428028	     24.00447575	     -5.68770782	    -26.44295608	      2.74491272	      6.20026369
      1.74000000	     76.79898514	    -17.90028953	     -3.68049572	     39.62231636	    255.46366430	   -256.22867500	     24.26429825	     12.82296621	    -27.90342650	     36.65876521	    -15.63398774	     42.96020677	    -12.03135834	     23.52056563	     -7.15784890	    -24.58302252	      3.81134127	      5.55553081
      1.75000000	     79.09123904	    -16.34541427	     -6.47386808	     45.02559064	    267.84363526	   -266.51359960	     25.95145300	     12.73355332	    -25.78847375	     42.72026490	    -16.53978713	     39.07691347	     -6.39992478	     22.49705828	     -8.82026786	    -22.24007330	      4.93249373	      4.84381930
      1.76000000	     80.53985041	    -13.64722374	     -8.48798697	     48.78739946	    279.15057454	   -280.65485096	     28.32001967	     12.70017703	    -24.67222752	     47.82244365	    -17.01537026	     35.25405070	     -0.49567009	     21.18175356	    -10.73336540	    -19.33900663	      6.05867029	      4.07872853
      1.77000000	     81.26294493	    -10.48831925	     -9.48013389	     51.18828177	    288.83817699	   -297.50758085	     31.50558214	     12.69307711	    -24.41129040	     51.64494691	    -16.87707713	     31.96364921	      5.35873774	     19.70157087	    -12.92979861	    -16.03488165	      7.16337908	      3.29302341
      1.78000000	     81.46120855	     -6.85464713	     -9.27514691	     51.56138858	    296.59515578	   -316.37764906	     35.65866999	     12.65931888	    -25.19115374	     53.91957476	    -15.98718953	     29.32485120	     10.66999281	     18.10116134	    -15.36998692	    -12.62345422	      8.21887392	      2.52251723
      1.79000000	     81.20420868	     -2.40115983	     -7.87446061	     48.73743375	    302.00082794	   -336.29901670	     40.72232244	     12.45850877	    -27.24028203	     54.46420479	    -14.30816680	     27.19617801	     14.93029599	     16.41111055	    -17.94647377	     -9.40490384	      9.18672018	      1.80431864
      1.80000000	     80.46833604	      3.28073399	     -5.43785907	     41.53443252	    304.62639480	   -355.79333882	     46.44262429	     11.91671649	    -30.67188621	     53.23031954	    -11.92307836	     25.28659445	     17.71130530	     14.67502139	    -20.50817976	     -6.60328710	     10.02048840	      1.17470443
      1.81000000	     79.23129514	     10.45267972	     -2.23975046	     29.25421237	    304.23286040	   -373.06986872	     52.45265814	     10.89793414	    -35.39351082	     50.34011696	     -9.02447846	     23.26510074	     18.74060643	     12.94388881	    -22.89284797	     -4.33959448	     10.67631069	      0.66213914
      1.82000000	     77.47630563	     19.09844552	      1.36481881	     11.98850622	    300.80564458	   -386.37456922	     58.30339929	      9.34335739	    -41.08124764	     46.08026178	     -5.87988744	     20.85408924	     17.95235551	     11.26451451	    -24.95348269	     -2.63967638	     11.12571769	      0.27927866
      1.83000000	     75.19259068	     28.89864873	      4.99541854	     -9.34901045	    294.53732971	   -394.34097840	     63.51318647	      7.29593252	    -47.22128246	     40.85629832	     -2.77890558	     17.88197066	     15.49183571	      9.67288230	    -26.57811304	     -1.46112417	     11.35696968	      0.01937083
      1.84000000	     71.80194761	     37.41101671	      7.93287726	    -30.56742720	    284.63527954	   -392.53838651	     67.64494319	      4.90768512	    -53.16647557	     34.84802555	     -0.22207460	     16.10675234	     11.69196440	      8.97942427	    -27.69986850	      0.73963489	     11.37620964	      0.09298878
      1.85000000	     68.73730787	     47.81723979	     10.81601605	    -56.80504617	    274.15196544	   -393.23458025	     70.38081650	      2.41917134	    -58.21818094	     28.89223324	      2.34449610	     11.70834829	      7.02109599	      8.25243904	    -28.29998998	      0.67754012	     11.20606928	      0.05172054
      1.86000000	     65.37593501	     57.09427036	     12.88538550	    -80.49968913	    262.58124148	   -386.32029186	     71.57300325	      0.11427682	    -61.72328929	     23.40531032	      4.23056016	      6.92498727	      2.01543817	      7.41080051	    -28.40254092	      0.59502685	     10.87862891	      0.01334392
      1.87000000	     61.88038403	     64.41684114	     14.06902464	    -99.78866919	    250.60655485	   -373.58659824	     71.26122171	     -1.73681418	    -63.16244994	     18.60851708	      5.43590743	      1.98330677	     -2.79718491	      6.52323679	    -28.06942880	      0.49860050	     10.43085721	     -0.01973930
      1.88000000	     58.45059131	     69.10599081	     14.38579931	   -113.17621604	    238.91263079	   -357.13020694	     69.65553921	     -2.92971833	    -62.20990696	     14.61509431	      6.03136375	     -2.84814728	     -6.96175482	      5.67624869	    -27.38728296	      0.39622989	      9.89936736	     -0.04584906
      1.89000000	     55.28891496	     70.72603510	     13.92088469	   -119.72504972	    228.10273718	   -339.09051452	     67.08690274	     -3.36566174	    -58.78112452	     11.43790851	      6.12948626	     -7.28744620	    -10.15014479	      4.96220755	    -26.45531470	      0.29628682	      9.31622724	     -0.06410648
      1.90000000	     52.56492850	     69.17080223	     12.80196247	   -119.21908699	    218.63248784	   -321.40527097	     63.94339447	     -3.06989304	    -53.05913876	      9.01107058	      5.85516473	    -11.08083013	    -12.19562823	      4.46341618	    -25.37387341	      0.20628318	      8.70863435	     -0.07441375
      1.91000000	     50.39777432	     64.69366894	     11.18008317	   -112.20996459	    210.78583806	   -305.62264615	     60.61413398	     -2.17969946	    -45.47520625	      7.21974019	      5.32440206	    -14.04390627	    -13.09686494	      4.23680471	    -24.23587049	      0.13185949	      8.09893900	     -0.07736534
      1.92000000	     48.85323158	     57.86317767	      9.21419254	    -99.91026645	    204.69121826	   -292.79342085	     57.44491479	     -0.90787454	    -36.63960903	      5.93133286	      4.63496616	    -16.09020218	    -12.99096312	      4.30270916	    -23.12098211	      0.07620200	      7.50668068	     -0.07409817
      1.93000000	     47.94244024	     49.46281308	      7.06037700	    -83.96951437	    200.34741954	   -283.44202969	     54.70151757	      0.50621036	    -27.24020663	      5.02100987	      3.86713647	    -17.24512994	    -12.10547452	      4.63807946	    -22.09454545	      0.03982467	      6.95003006	     -0.06610778
      1.94000000	     47.62398096	     40.37411283	      4.86605006	    -66.21887241	    197.65090767	   -277.61124400	     52.54900103	      1.84236853	    -17.94084682	      4.38804796	      3.08989070	    -17.64624975	    -10.70436304	      5.17396295	    -21.20653845	      0.02068044	      6.44370388	     -0.05506198
      1.95000000	     47.80918621	     31.47536962	      2.76684374	    -48.44776183	    196.42524706	   -274.97418641	     51.04832311	      2.93055750	     -9.30603603	      3.96441193	      2.36743983	    -17.53078568	     -9.04324385	      5.79734690	    -20.49324642	      0.01448547	      5.99853900	     -0.04260188
      1.96000000	     48.37098540	     23.55840098	      0.88391608	    -32.22641268	    196.44750384	   -274.97350344	     50.16381151	      3.66437108	     -1.75784229	      3.72051232	      1.76289816	    -17.20547213	     -7.33931423	      6.35959561	    -19.98037283	      0.01527587	      5.62075177	     -0.03013786
      1.97000000	     49.16000655	     17.24052921	     -0.67980152	    -18.74278565	    197.48367152	   -276.93518114	     49.77410360	      4.00223168	      4.45088702	      3.67301459	      1.33877803	    -16.99315236	     -5.75026590	      6.69411525	    -19.68206711	      0.01637701	      5.31277939	     -0.01869034
      1.98000000	     50.03929534	     12.88515283	     -1.84166635	     -8.66970553	    199.34328426	   -280.14595279	     49.69519672	      3.96098555	      9.24596842	      3.89479813	      1.15573556	    -17.16693701	     -4.36679691	      6.64071309	    -19.60249045	      0.01161082	      5.07234188	     -0.00878259
      1.99000000	     50.92718097	     10.55272126	     -2.53838541	     -2.10549400	    201.94456798	   -283.92002122	     49.71089438	      3.60329074	     12.72283416	      4.52250042	      1.27176421	    -17.89079615	     -3.21474183	      6.07128886	    -19.73758223	     -0.00367254	      4.89414178	     -0.00035259
      2.00000000	     51.84547796	      9.98724860	     -2.72238611	      1.41341472	    205.37541113	   -287.63078935	     49.61308132	      3.02242219	     15.12437847	      5.75431100	      1.74393287	    -19.17688817	     -2.26607748	      4.91359175	    -20.07725254	     -0.03192198	      4.77067033	      0.00730498
      2.01000000	     52.95165382	     10.62840283	     -2.35836682	      2.85214778	    209.92364591	   -290.73266563	     49.24155358	      2.32747106	     16.81809161	      7.82955305	      2.63266809	    -20.86518168	     -1.44972357	      3.17048459	    -20.60541498	     -0.07306555	      4.69365776	      0.01550174
      2.02000000	     54.53560934	     11.65629269	     -1.42355604	      3.57269196	    216.04535757	   -292.79242871	     48.51587680	      1.62999523	     18.27046766	     10.98424276	      4.00464502	    -22.63372276	     -0.66307711	      0.93035784	    -21.30345405	     -0.12452332	      4.65416060	      0.02595362
      2.03000000	     56.96295878	     12.09265482	      0.08507365	      5.14104876	    224.25498921	   -293.51849870	     47.44704524	      1.03011519	     20.00272447	     15.38449471	      5.92692919	    -24.04964879	      0.21544928	     -1.63734532	    -22.14834667	     -0.18160534	      4.64360372	      0.04039033
      2.04000000	     60.56881535	     10.96900609	      2.13359578	      9.04019728	    234.94606744	   -292.79805471	     46.12888525	      0.60112677	     22.51660274	     21.05135640	      8.44596203	    -24.66182699	      1.30562975	     -4.30565217	    -23.11284268	     -0.23840411	      4.65349553	      0.06002994
      2.05000000	     65.53213796	      7.50937649	      4.62420050	     16.37398561	    248.20137349	   -290.71616638	     44.71125278	      0.37805388	     26.21836932	     27.80103433	     11.55208670	    -24.11251862	      2.70654164	     -6.82910243	    -24.16459926	     -0.28903908	      4.67490367	      0.08504165
      2.06000000	     71.77746858	      1.27110104	      7.36558244	     27.65377327	    263.66155133	   -287.52653901	     43.36512626	      0.35291924	     31.36363774	     35.22561584	     15.14008019	    -22.23121886	      4.48315155	     -8.98792717	    -25.26667900	     -0.32878371	      4.69676472	      0.11417790
      2.07000000	     78.93421205	     -7.77384834	     10.05798227	     42.67746482	    280.49145379	   -283.56842078	     42.24262100	      0.47535232	     38.02123518	     42.72998379	     18.98336019	    -19.08550310	      6.65974187	    -10.62713230	    -26.37593709	     -0.35474358	      4.70515578	      0.14477392
      2.08000000	     86.36817152	    -19.20606671	     12.31491104	     60.48469523	    297.45433794	   -279.14175288	     41.43909354	      0.65703362	     46.03828031	     49.62433924	     22.74102681	    -14.97737734	      9.21114782	    -11.68120845	    -27.44272987	     -0.36604452	      4.68480570	      0.17320367
      2.09000000	     93.28380608	    -32.19297157	     13.73282532	     79.42490927	    313.08172530	   -274.37437908	     40.96644637	      0.78452860	     55.02010015	     55.25230931	     26.00845755	    -10.38189769	     12.05687698	    -12.17605176	    -28.41174354	     -0.36353732	      4.61952313	      0.19568474
      2.10000000	     98.86997880	    -45.59220011	     13.99403064	     97.35841454	    325.89861538	   -269.09949406	     40.74283136	      0.74044956	     64.33944574	     59.11887728	     28.40199808	     -5.84495964	     15.06150785	    -12.20749050	    -29.22158386	     -0.34915773	      4.49496105	      0.20918786
      2.11000000	    102.44913945	    -58.11444532	     12.96549176	    111.97835252	    334.64442634	   -262.79515760	     40.60456684	      0.43003573	     73.19170189	     60.97901153	     29.64905381	     -1.87084164	     18.04645627	    -11.90435606	    -29.80250042	     -0.32524974	      4.30149403	      0.21217952
      2.12000000	    103.59661128	    -68.53386436	     10.75131104	    121.22731035	    338.45352291	   -254.63198723	     40.34092292	     -0.19316826	     80.70788446	     60.86286055	     29.65195878	      1.17477237	     20.81511923	    -11.38712915	    -30.07618363	     -0.29402896	      4.03712624	      0.20496711
      2.13000000	    112.47274315	    -64.73842955	      6.30241545	    169.35275204	    319.90478460	     17.14225957	     32.19558607	     -0.50619980	     76.76298810	     58.88832679	     28.06473358	      1.65691669	     11.58372145	    -10.67395073	     -5.50043990	     -0.86481311	     -0.69653772	      0.54384439
      2.14000000	    110.10240505	    -61.84018609	      3.00924273	    173.83581492	    310.95616557	     -8.77798340	     34.32025904	     -1.54955079	     75.88300641	     56.24276998	     25.52119934	     -0.33033403	      7.07174233	    -10.19982662	    -14.93440258	     -1.76247402	     -1.26760443	      1.05255233
      2.15000000	    106.41673457	    -53.85506900	     -0.02979906	    173.13624329	    297.16861061	    -48.63125634	     36.99302354	     -2.58584394	     71.53147220	     52.90962481	     22.35642823	     -3.97987505	      0.35611164	     -9.41174371	    -28.01702273	     -2.76671769	     -2.18330413	      1.67527739
      2.16000000	    102.16447884	    -41.58456700	     -2.38831179	    168.54975139	    279.78621537	   -103.29528120	     40.23560801	     -3.40335903	     64.07905462	     49.29827672	     18.99465493	     -8.85092083	     -8.29421743	     -8.09895871	    -44.80510175	     -3.88978930	     -3.54138937	      2.41278749
      2.17000000	     98.07419114	    -26.48026931	     -3.81923320	    161.61230039	    260.41642104	   -171.88397461	     43.98195227	     -3.81150588	     54.36191561	     45.71362122	     15.82897896	    -14.32629071	    -18.20048761	     -6.05967160	    -64.73295082	     -5.16145259	     -5.39738554	      3.25949862
      2.18000000	     94.73280576	    -10.56243201	     -4.25958060	    153.83179524	    240.91424673	   -250.86400218	     48.01479427	     -3.66884760	     43.61327100	     42.34473002	     13.17511796	    -19.63165441	    -28.26047203	     -3.16026972	    -86.44123958	     -6.62117279	     -7.70662522	      4.19931283
      2.19000000	     92.51968270	      3.62021611	     -3.75778620	    146.72077646	    223.27142429	   -333.37347390	     51.92032443	     -2.88050247	     33.38545982	     39.29099965	     11.25050923	    -23.80981359	    -37.00693883	      0.63124884	   -107.72137694	     -8.30395812	    -10.25872901	      5.20401581
      2.20000000	     91.39162589	     13.89840200	     -2.52896962	    141.49610797	    208.84263555	   -411.82907026	     55.18906452	     -1.51369845	     25.04175028	     36.51984933	     10.08079920	    -26.11490655	    -43.16029121	      5.15067492	   -126.32109089	    -10.22302102	    -12.72474269	      6.24748653
      2.21000000	     90.75933225	     20.08097417	     -1.06225493	    137.91814985	    197.48767446	   -482.91239417	     57.50437165	      0.06598654	     18.93776397	     33.83812357	      9.44773428	    -26.73900398	    -46.39524114	      9.93196428	   -141.25520871	    -12.33368221	    -14.88592069	      7.30721460
      2.22000000	     90.02632432	     23.23317040	      0.20821833	    134.63762592	    188.59045991	   -546.01550298	     58.81504298	      1.46988567	     14.75499364	     31.09723140	      9.11846629	    -26.40045929	    -46.96924744	     14.40585843	   -152.38249717	    -14.53208881	    -16.67455643	      8.34367143
      2.23000000	     88.83930050	     24.77166802	      1.06526555	    129.90938329	    181.69801616	   -601.03634823	     59.23679113	      2.46024586	     11.92741319	     28.27706314	      8.96629177	    -25.88139509	    -45.32025140	     18.05657696	   -159.83798094	    -16.68836017	    -18.10791887	      9.30097498
      2.24000000	     87.03936322	     25.95302839	      1.47821978	    122.19158133	    176.54675902	   -647.40977796	     58.91960858	      2.96839541	      9.88395236	     25.44646911	      8.96430734	    -25.79142700	    -41.89519972	     20.49327409	   -163.78317123	    -18.67781079	    -19.23233250	     10.12133217
      2.25000000	     84.60984926	     27.65282080	      1.54058726	    110.58380224	    172.98753580	   -684.26154779	     58.00020516	      3.06078930	      8.16718456	     22.71759902	      9.14289903	    -26.48157117	    -37.12058268	     21.49052562	   -164.40872524	    -20.40311023	    -20.09698189	     10.76052309
      2.26000000	     81.66942515	     30.31257097	      1.40340988	     94.98887126	    170.96224324	   -710.77701527	     56.61253814	      2.88330604	      6.48046395	     20.22554352	      9.54137176	    -28.03815218	    -31.40383481	     21.00119976	   -161.97350102	    -21.80225838	    -20.74364777	     11.19719290
      2.27000000	     78.48221846	     33.95140492	      1.22028231	     76.11037719	    170.53604339	   -726.50936287	     54.91902073	      2.60641397	      4.70122047	     18.11754105	     10.16800913	    -30.30723303	    -25.12862756	     19.15103241	   -156.82535857	    -22.84987004	    -21.19509889	     11.43071493
      2.28000000	     75.41418181	     38.21770122	      1.10574663	     55.33041353	    171.84808471	   -731.58414043	     53.11860842	      2.37906412	      2.86359582	     16.52312042	     10.97208071	    -32.94026544	    -18.64154395	     16.21696866	   -149.40131898	    -23.55108229	    -21.45529611	     11.47714664
      2.29000000	     72.84770763	     42.50168139	      1.11936880	     34.46165918	    175.00262493	   -726.79754235	     51.42974500	      2.30351200	      1.10655864	     15.51739686	     11.83767822	    -35.46809325	    -12.23967636	     12.58423239	   -140.21341225	    -23.93572845	    -21.51892694	     11.36497431
      2.30000000	     71.08045242	     46.08172847	      1.26984892	     15.42259885	    179.94727773	   -713.58837441	     50.05395899	      2.42905423	     -0.38921514	     15.08879038	     12.60054291	    -37.39112883	     -6.15717072	      8.68914748	   -129.81565823	    -24.05115767	    -21.38573204	     11.12945974
      2.31000000	     70.27284516	     48.26003786	      1.53038247	     -0.07041929	    186.43302768	   -693.84317619	     49.14592590	      2.75845157	     -1.44740122	     15.13908229	     13.08243135	    -38.26099363	     -0.55094474	      4.95919270	   -118.74967370	    -23.95396577	    -21.07208176	     10.80779593
      2.32000000	     70.46176794	     48.49201137	      1.85793548	    -10.76772989	    194.07189334	   -669.64851847	     48.80371605	      3.26274168	     -1.93232412	     15.52136357	     13.13354543	    -37.75117081	      4.50230551	      1.75783820	   -107.49495989	    -23.70335903	    -20.61671079	     10.43580891
      2.33000000	     71.58946105	     46.49530269	      2.20973793	    -16.08288718	    202.42105214	   -643.06483910	     49.06144059	      3.89862330	     -1.78101672	     16.08647962	     12.66833733	    -35.71064660	      8.99575580	     -0.65813700	    -96.43494796	    -23.35658999	    -20.07709780	     10.04268471
      2.34000000	     73.54481349	     42.32062880	      2.55664757	    -16.18780006	    211.05455013	   -615.96818867	     49.89275207	      4.62610304	     -1.02646251	     16.72749372	     11.68632479	    -32.19248734	     12.97289159	     -2.16238007	    -85.84415829	    -22.96588465	    -19.52475785	      9.65332659
      2.35000000	     76.18566993	     36.35870059	      2.88806948	    -11.98024122	    219.61047607	   -589.97255159	     51.21823182	      5.41957007	      0.19640949	     17.39649794	     10.26978790	    -27.44920109	     16.50686340	     -2.75969242	    -75.89065662	    -22.57627859	    -19.03182916	      9.28631756
      2.36000000	     79.34552219	     29.28177940	      3.21118555	     -4.91706552	    227.79439452	   -566.40653065	     52.92144322	      6.27191056	      1.66270780	     18.09271264	      8.56105637	    -21.89315927	     19.68134803	     -2.56778825	    -66.64899942	    -22.22538632	    -18.65879240	      8.95537057
      2.37000000	     82.82972246	     21.92570579	      3.54900973	      3.25609321	    235.36065939	   -546.31605220	     54.86969521	      7.19350628	      3.08798691	     18.82930957	      6.72729343	    -16.02434928	     22.57795523	     -1.78269170	    -58.11392457	    -21.94344319	    -18.44442456	      8.67010489
      2.38000000	     86.42342205	     15.15909812	      3.94062708	     10.78629156	    242.10865685	   -530.46788844	     56.94129006	      8.21038308	      4.16323103	     19.60185107	      4.92723798	    -10.34878491	     25.26671999	     -0.63889871	    -50.21211654	    -21.75266461	    -18.40211628	      8.43624149
      2.39000000	     89.91692779	      9.77096074	      4.44310517	     16.15270940	    247.90679061	   -519.35568323	     59.05382431	      9.36336049	      4.58639250	     20.37151989	      3.28880579	     -5.30688516	     27.79664112	      0.62612926	    -42.81665815	    -21.66823974	    -18.52337994	      8.25573847
      2.40000000	     93.14839960	      6.37398737	      5.13003799	     18.25959971	    252.73699441	   -513.20183120	     61.18666031	     10.70577563	      4.09595846	     21.06985803	      1.89756204	     -1.21501183	     30.19007522	      1.80309213	    -35.76405540	    -21.69888361	    -18.78861191	      8.12786999
      2.41000000	     96.03830985	      5.33819556	      6.08138269	     16.55379898	    256.72361775	   -511.98023413	     63.38436456	     12.29617198	      2.50012655	     21.61655511	      0.79403127	      1.76892727	     32.44089244	      2.73369765	    -28.87556297	    -21.84703996	    -19.17836693	      8.04813783
      2.42000000	     98.58974398	      6.77818170	      7.36734033	     11.02766944	    260.09430036	   -515.42437399	     65.73079491	     14.18652317	     -0.31017050	     21.94050914	     -0.02068938	      3.64357391	     34.51121792	      3.31869096	    -21.97930790	    -22.10923138	    -19.68222401	      8.00963951
      2.43000000	    100.85538964	     10.55699898	      9.03369696	      2.16178439	    263.08749705	   -523.04949242	     68.29997854	     16.40895268	     -4.34843480	     21.99519692	     -0.57688422	      4.54486959	     36.33919056	      3.52036280	    -14.92867614	    -22.47911922	    -20.30208412	      8.00560766
      2.44000000	    102.87516755	     16.31252990	     11.08727496	     -9.20414094	    265.83603733	   -534.16337847	     71.09686810	     18.95887412	     -9.52705176	     21.76083436	     -0.92730213	      4.71136107	     37.85242513	      3.35921289	     -7.61156515	    -22.94724416	    -21.04751412	      8.02833659
      2.45000000	    104.61169975	     23.49654318	     13.48133331	    -22.00652194	    268.25847689	   -547.88137171	     74.01073450	     21.77570917	    -15.65936744	     21.23611284	     -1.13952789	      4.44473042	     38.98027754	      2.90323905	      0.04008952	    -23.50338313	    -21.93105298	      8.07166715
      2.46000000	    105.90720230	     31.38722381	     16.10643006	    -35.04991834	    270.00939490	   -563.16549388	     76.79500053	     24.72573612	    -22.45202069	     20.42303517	     -1.29117747	      4.08828190	     39.67715132	      2.26395594	      8.04880188	    -24.13451774	    -22.96352657	      8.13097540
      2.47000000	    106.47924238	     39.13012292	     18.78921411	    -47.10373628	    270.51216146	   -578.88840944	     79.08575863	     27.59601797	    -29.51369813	     19.31496147	     -1.46321091	      3.99974937	     39.93863150	      1.58510908	     16.38766596	    -24.82569398	    -24.15105568	      8.20260707
      2.48000000	    105.97979826	     45.80244769	     21.30446318	    -57.00593004	    269.08682902	   -593.91619593	     80.46679479	     30.10879934	    -36.37818976	     17.90143075	     -1.73214734	      4.52450775	     39.81376836	      1.03173262	     24.97952435	    -25.55732887	    -25.49968371	      8.28488167
      2.49000000	    104.09525867	     50.51510055	     23.40372998	    -63.78852473	    265.15205374	   -607.18749244	     80.56193412	     31.96190168	    -42.54995394	     16.18632619	     -2.16122154	      5.96081265	     39.40421036	      0.77393077	     33.69556550	    -26.30411471	    -27.01772220	      8.37449660
      2.50000000	    100.67690341	     52.55000579	     24.85755740	    -66.82461161	    258.44846663	   -617.75365294	     79.13809769	     32.89172446	    -47.56954570	     14.22411327	     -2.79090615	      8.51396788	     38.84534822	      0.96490079	     42.35168102	    -27.03446583	    -28.71984401	      8.46607569
      2.51000000	     95.84307290	     51.49427258	     25.50362567	    -65.97129493	    249.20193953	   -624.79754629	     76.18013216	     32.74286139	    -51.08216278	     12.15169730	     -3.63230287	     12.25087528	     38.27910803	      1.71958089	     50.71126879	    -27.70871530	    -30.62511261	      8.55003510
      2.52000000	     90.00885499	     47.35467116	     25.28208881	    -61.67658661	    238.15158207	   -627.60163960	     71.90758504	     31.51869321	    -52.90202097	     10.20343980	     -4.66473758	     17.05603940	     37.81388973	      3.08998958	     58.48873556	    -28.28088999	    -32.74751270	      8.61360641
      2.53000000	     83.81754817	     40.58646799	     24.24124404	    -54.98130691	    226.42220641	   -625.49606345	     66.71769243	     29.38721478	    -53.03700217	      8.69572541	     -5.83988315	     22.61298615	     37.49596442	      5.05006093	     65.36524565	    -28.69974499	    -35.07722644	      8.64031266
      2.54000000	     78.00104893	     32.03074687	     22.50801477	    -47.39526575	    215.28289414	   -617.79523133	     61.07924380	     26.63705862	    -51.66708972	      7.98380693	     -7.09121309	     28.41500626	     37.29816313	      7.48983018	     71.01247810	    -28.91048985	    -37.56104014	      8.61354250
      2.55000000	     73.21158895	     22.77163986	     20.24023643	    -40.66612090	    205.88081802	   -603.78895500	     55.41830874	     23.60351157	    -49.08666775	      8.39216694	     -8.34698718	     33.81491713	     37.13360439	     10.22313261	     75.12765003	    -28.85731702	    -40.08664640	      8.51963402
      2.56000000	     69.88521395	     13.94488764	     17.57918328	    -36.46548963	    199.03148963	   -582.82236859	     50.03796215	     20.59149395	    -45.63352339	     10.13931181	     -9.54583510	     38.11719927	     36.88649712	     13.00898088	     77.47339538	    -28.48985056	    -42.47908008	      8.35197044
      2.57000000	     68.17950268	      6.51603860	     14.62257243	    -36.03070903	    195.12561164	   -554.41808777	     45.09268243	     17.82112456	    -41.61554100	     13.28254935	    -10.65269977	     40.71253505	     36.45081402	     15.59227865	     77.91557803	    -27.76535828	    -44.51096908	      8.11268275
      2.58000000	     67.99757412	      1.10072904	     11.43046406	    -39.86714295	    194.17551412	   -518.44114116	     40.62229948	     15.41392964	    -37.26582527	     17.69699231	    -11.66834625	     41.21560211	     35.75653719	     17.74859937	     76.44686360	    -26.65424880	    -45.92433743	      7.81044853
      2.59000000	     69.08543533	     -2.14877854	      8.06097118	    -47.57163510	    195.95591182	   -475.26689926	     36.62850201	     13.41598814	    -32.72770767	     23.09636866	    -12.62614628	     39.57750115	     34.77981202	     19.32711352	     73.19258369	    -25.14586710	    -46.46788336	      7.45928909
      2.60000000	     71.12033485	     -3.57048693	      4.61786749	    -57.82942284	    200.12194710	   -425.84765839	     33.13550613	     11.83688297	    -28.06499389	     29.07387710	    -13.56976400	     36.13851975	     33.53590695	     20.27978917	     68.39509869	    -23.24877623	    -45.94154679	      7.07268816
      2.61000000	     73.76903509	     -3.80372782	      1.27092484	    -68.75729684	    206.26751037	   -371.61176128	     30.21430525	     10.67611350	    -23.34698591	     35.15924699	    -14.51481308	     31.54202279	     32.02460971	     20.64069398	     62.36608429	    -20.99208529	    -44.22676444	      6.65891904
      2.62000000	     76.73401386	     -3.58193003	     -1.74876644	    -78.33164456	    213.96621407	   -314.35460670	     27.98157360	      9.93261156	    -18.71072686	     40.88288524	    -15.41904384	     26.59930675	     30.20611746	     20.50117086	     55.44741208	    -18.42806503	    -41.30972996	      6.21661492
      2.63000000	     79.78620766	     -3.59654617	     -4.17765012	    -84.74057735	    222.78463878	   -256.19026996	     26.58128308	      9.59892275	    -14.36157052	     45.83426762	    -16.17373423	     22.15372644	     28.02580361	     19.99417702	     47.99008305	    -15.64027146	    -37.30378128	      5.73750644
      2.64000000	     82.74511303	     -4.35909901	     -5.76977991	    -86.73772204	    232.23342673	   -199.41965107	     26.13456116	      9.64215156	    -10.55553129	     49.69318556	    -16.61424139	     18.92515616	     25.44382613	     19.26887103	     40.33992979	    -12.74270511	    -32.45109415	      5.21034212
      2.65000000	     85.43559352	     -6.07953383	     -6.35179437	    -83.92963682	    241.70807931	   -146.37994743	     26.68382581	      9.98385331	     -7.57121267	     52.23852552	    -16.55136698	     17.36553820	     22.46142342	     18.45971005	     32.83100343	     -9.87710709	    -27.10077167	      4.62680019
      2.66000000	     87.66190138	     -8.59266062	     -5.86594498	    -76.88439478	    250.49379518	    -99.09319101	     28.15287852	     10.49124787	     -5.67745480	     53.35602361	    -15.82028958	     17.56219067	     19.11519300	     17.65498809	     25.75880630	     -7.19200896	    -21.64701545	      3.98734611
      2.67000000	     89.20955745	    -11.40142391	     -4.38166154	    -66.98745886	    257.83404448	    -59.01182024	     30.34349666	     10.99171631	     -5.07994557	     53.03856031	    -14.33112522	     19.23487791	     15.47496527	     16.88465686	     19.36212011	     -4.82247631	    -16.46373726	      3.30527117
      2.68000000	     89.86737140	    -13.78493639	     -2.07879696	    -56.14715609	    263.03659842	    -26.84406719	     32.96130451	     11.30401020	     -5.87790926	     51.38002573	    -12.10314560	     21.80380592	     11.63135061	     16.12049455	     13.80839971	     -2.86824186	    -11.84682823	      2.60629859
      2.69000000	     89.48407391	    -14.96610546	      0.77830302	    -46.39282753	    265.61519049	     -2.54489303	     35.67127087	     11.27283135	     -8.02901736	     48.57434995	     -9.27623298	     24.51780012	      7.68475809	     15.29138582	      9.18705613	     -1.38133341	     -7.97833432	      1.92543154
      2.70000000	     88.02508309	    -14.31882326	      3.87544347	    -39.42834905	    265.40548239	     14.56566782	     38.15888078	     10.80336704	    -11.32144661	     44.90795048	     -6.09217359	     26.62049573	      3.74400593	     14.31278455	      5.50942836	     -0.36093611	     -4.91900392	      1.30021485
      2.71000000	     85.58267516	    -11.55074935	      6.90150287	    -36.29857333	    262.57048899	     25.50316148	     40.17542878	      9.89290758	    -15.36920797	     40.72172969	     -2.84312219	     27.50987791	     -0.05497375	     13.12780154	      2.72860962	      0.24247454	     -2.63920991	      0.76319740
      2.72000000	     83.04031762	     -6.51112604	      9.29063969	    -35.38838877	    259.62665018	     38.81388178	     41.59765792	      8.54051448	    -19.80731157	     36.91348454	     -0.00540257	     26.70971137	     -4.42696788	     11.15146149	     -0.08152260	      0.74871208	     -0.19237382	      0.11801875
      2.73000000	     79.05840894	     -0.69841310	     11.63389632	    -42.59296768	    251.38939611	     31.51827065	     42.53620850	      7.15389458	    -23.47086662	     32.29698861	      2.76796758	     24.66062669	     -6.27867673	     10.45428137	     -0.15778290	      0.70960863	     -0.20554369	      0.08334094
      2.74000000	     74.92268197	      6.52106795	     13.27341353	    -51.84526732	    242.83138717	     24.98696687	     42.68688342	      5.74581006	    -26.57559842	     28.20968182	      4.88503666	     20.85466406	     -8.11718636	      9.29097997	     -0.23048810	      0.64116873	     -0.21017727	      0.05105672
      2.75000000	     70.91864388	     14.50302634	     14.15499146	    -62.33165685	    234.45715913	     18.77699858	     42.20236489	      4.46433800	    -28.77246535	     24.76283679	      6.29321257	     15.56941782	     -9.75217170	      7.77781926	     -0.29359233	      0.54964000	     -0.20791106	      0.02306124
      2.76000000	     67.27401400	     22.53763404	     14.30207743	    -73.02932460	    226.64766750	     12.35654788	     41.28467161	      3.42530981	    -29.83464662	     21.96636208	      7.02837880	      9.24086614	    -11.03882237	      6.07290457	     -0.34247158	      0.44293933	     -0.20096418	      0.00050579
      2.77000000	     64.13221097	     29.94198092	     13.79925580	    -82.85673484	    219.62621900	      5.24997277	     40.14950510	      2.69399734	    -29.67662306	     19.74374221	      7.18970410	      2.40055183	    -11.89001322	      4.35307304	     -0.37432724	      0.32987227	     -0.19173599	     -0.01616906
      2.78000000	     61.55130201	     36.11354366	     12.76744102	    -90.77338936	    213.47254009	     -2.83569739	     38.99406570	      2.28157748	    -28.33834384	     17.96588981	      6.90854986	     -4.38196069	    -12.27448023	      2.79351476	     -0.38815689	      0.21944082	     -0.18240500	     -0.02709073
      2.79000000	     59.52258254	     40.56771668	     11.34063222	    -95.86748505	    208.17148790	    -11.93244583	     37.97575649	      2.15406865	    -25.95183832	     16.49009225	      6.32086849	    -10.55852583	    -12.20653161	      1.54869395	     -0.38445460	      0.12011918	     -0.17460991	     -0.03277824
      2.80000000	     57.99680716	     42.99340994	      9.65049201	    -97.48894518	    203.66880142	    -21.80265874	     37.20290032	      2.24568093	    -22.71633724	     15.19212543	      5.54817619	    -15.67135230	    -11.73628187	      0.73272631	     -0.36491673	      0.03890923	     -0.16931417	     -0.03397554
      2.81000000	     56.90818642	     43.31494850	      7.81907977	    -95.39791376	    199.91251697	    -31.99662322	     36.73361067	      2.47180129	    -18.88528343	     13.98627101	      4.68907454	    -19.41858154	    -10.94231005	      0.40265757	     -0.33217675	     -0.01974414	     -0.16685711	     -0.03151284
      2.82000000	     56.19143233	     41.71435949	      5.95677695	    -89.83373810	    196.87365314	    -41.94892538	     36.57937638	      2.74224125	    -14.74794488	     12.83269991	      3.82057787	    -21.69194456	     -9.92221458	      0.55079697	     -0.28947301	     -0.05467640	     -0.16711465	     -0.02621307
      2.83000000	     55.78963865	     38.59029916	      4.16246156	    -81.45370131	    194.54757098	    -51.08128653	     36.71173722	      2.97511606	    -10.59553718	     11.73360439	      3.00541235	    -22.57411020	     -8.77886086	      1.10839899	     -0.24027782	     -0.06791295	     -0.16968708	     -0.01885430
      2.84000000	     55.65174642	     34.48151973	      2.52458691	    -71.19326722	    192.93831039	    -58.88940702	     37.07035513	      3.10759445	     -6.68611523	     10.72116167	      2.29970714	    -22.30589887	     -7.60732536	      1.95673636	     -0.18802251	     -0.06393380	     -0.17405184	     -0.01017641
      2.85000000	     55.72391732	     29.99072912	      1.12180294	    -60.11901645	    192.03544511	    -65.00015943	     37.57108326	      3.10040342	     -3.22429376	      9.84365428	      1.75675071	    -21.23909551	     -6.48753339	      2.94095161	     -0.13595660	     -0.04876565	     -0.17964484	     -0.00089767
      2.86000000	     55.94483307	     25.71503932	      0.02140180	    -49.29141044	    191.80125746	    -69.19131532	     38.11443780	      2.93742701	     -0.35331156	      9.15698817	      1.42578398	    -19.78218666	     -5.48156755	      3.88548424	     -0.08704375	     -0.02912229	     -0.18586887	      0.00829190
      2.87000000	     56.25272183	     22.18021142	     -0.72449073	    -39.63735268	    192.18071570	    -71.37657377	     38.59573150	      2.62298365	      1.84884896	      8.72492654	      1.34761635	    -18.34413457	     -4.63277872	      4.61089002	     -0.04381870	     -0.01162346	     -0.19206317	      0.01677660
      2.88000000	     56.60478583	     19.78495663	     -1.08334399	    -31.84793621	    193.13252834	    -71.56850116	     38.91749965	      2.17778195	      3.37084254	      8.62596769	      1.54993027	    -17.28305258	     -3.96584246	      4.95120323	     -0.00822415	     -0.00213728	     -0.19752153	      0.02411154
      2.89000000	     57.00376837	     18.76114719	     -1.04546390	    -26.31304535	    194.66926625	    -69.83497661	     39.00426228	      1.63397754	      4.26644638	      8.96086575	      2.04486457	    -16.86468509	     -3.48755949	      4.77104452	      0.01852401	     -0.00527507	     -0.20164490	      0.03015913
      2.90000000	     57.52248271	     19.14705784	     -0.62478794	    -23.08441624	    196.89157696	    -66.26427299	     38.81804738	      1.03070042	      4.65435321	      9.85349099	      2.83051001	    -17.23300837	     -3.18697698	      3.98164615	      0.03604702	     -0.02399565	     -0.20416442	      0.03519598
      2.91000000	     58.31503855	     20.76951959	      0.14315624	    -21.85445533	    200.00197437	    -60.95051242	     38.37001026	      0.41134566	      4.72284554	     11.43976135	      3.89625504	    -18.39448965	     -3.03355839	      2.55436847	      0.04492347	     -0.05928662	     -0.20526201	      0.03990724
      2.92000000	     59.60591021	     23.23802644	      1.20489681	    -21.95287074	    204.28768042	    -54.00204335	     37.72334032	     -0.17785627	      4.73492762	     13.84324928	      5.22960514	    -20.21646140	     -2.97447218	      0.52996319	      0.04679660	     -0.10997375	     -0.20553801	      0.04525727
      2.93000000	     61.65533944	     25.95596974	      2.49136183	    -22.37033377	    210.07236966	    -45.56517347	     36.98654047	     -0.68935668	      5.02677875	     17.14005876	      6.82062146	    -22.43867853	     -2.93317833	     -1.97810039	      0.04439730	     -0.17271172	     -0.20590644	      0.05227955
      2.94000000	     64.70665531	     28.15558675	      3.91638472	    -21.82291821	    217.64652365	    -35.85298150	     36.29872524	     -1.07697408	      5.99404141	     21.31997605	      8.66057509	    -24.69891366	     -2.81128551	     -4.78853212	      0.04140941	     -0.24218817	     -0.20746883	      0.06182640
      2.95000000	     68.92326638	     28.97736384	      5.37240116	    -18.89620297	    227.18523764	    -25.17336807	     35.80739834	     -1.30148372	      8.05400426	     26.25542351	     10.73330780	    -26.57896130	     -2.49747182	     -7.66898819	      0.04201186	     -0.31166045	     -0.21139836	      0.07430027
      2.96000000	     74.32585821	     27.60939538	      6.72815811	    -12.29641345	    238.66230183	    -13.94913327	     35.63885328	     -1.34001336	     11.57404632	     31.69190718	     13.00113186	    -27.67386541	     -1.88635432	    -10.36627894	      0.04997654	     -0.37391029	     -0.21887828	      0.08940282
      2.97000000	     80.74985018	     23.44363634	      7.83276577	     -1.12981095	    251.78657635	     -2.71005686	     35.86574281	     -1.19472802	     16.78997824	     37.26944189	     15.39191326	    -27.66507020	     -0.90031324	    -12.64294640	      0.06772251	     -0.42236950	     -0.23104149	      0.10603328
      2.98000000	     87.84283244	     16.17258004	      8.52860629	     14.92768873	    265.99148514	      7.96104014	     36.47900981	     -0.89345062	     23.75692726	     42.57324063	     17.79627264	    -26.36638435	      0.49830177	    -14.30748893	      0.09600340	     -0.45196322	     -0.24878007	      0.12248237
      2.99000000	     95.09885295	      5.81378884	      8.67659650	     35.59648775	    280.47264805	     17.51659771	     37.36732030	     -0.48094518	     32.33721124	     47.20089287	     20.07890441	    -23.73529242	      2.30588293	    -15.23216531	      0.13424958	     -0.45947007	     -0.27239142	      0.13686354
      3.00000000	    101.90853308	     -7.29077125	      8.19326654	     60.01820499	    294.23951455	     25.53556540	     38.30709883	     -0.00563101	     42.19696857	     50.82748574	     22.09888617	    -19.86657317	      4.47827042	    -15.36102130	      0.18102697	     -0.44358932	     -0.30117011	      0.14757073
      3.01000000	    107.61413600	    -22.49277886	      7.08698702	     86.82829342	    306.17103111	     31.79725515	     38.97387241	      0.49472664	     52.81107177	     53.24929385	     23.72980648	    -14.97507919	      6.93152726	    -14.70922505	      0.23441819	     -0.40494337	     -0.33312677	      0.15361912
      3.02000000	    111.57407544	    -38.90815372	      5.47581970	    114.32976513	    315.10005118	     36.32695702	     38.98471015	      1.00592103	     63.50254734	     54.39452050	     24.87431541	     -9.35922176	      9.54842732	    -13.35131149	      0.29245810	     -0.34595892	     -0.36498382	      0.15480487
      3.03000000	    113.23654492	    -55.52955524	      3.57894786	    140.73482086	    319.93811783	     39.39358613	     37.96715085	      1.54333318	     73.51592818	     54.30543076	     25.47134746	     -3.35275294	     12.18955395	    -11.40238298	      0.35347198	     -0.27054821	     -0.39244278	      0.15165122
      3.04000000	    112.21218810	    -71.32900359	      1.68409183	    164.37033381	    319.82159982	     41.44694197	     35.63835925	      2.14606253	     82.09899896	     53.10682297	     25.49568764	      2.71250044	     14.70231755	     -9.00165825	      0.41601500	     -0.18372378	     -0.41061739	      0.14518167
      3.05000000	    108.33931128	    -85.33818212	      0.09723215	    183.81392782	    314.26023984	     43.01480319	     31.87735162	      2.86007961	     88.58331546	     50.97454604	     24.95347371	      8.52872936	     16.92775737	     -6.30082505	      0.47844627	     -0.09117724	     -0.41459501	      0.13661625
      3.06000000	    101.73671563	    -96.72302968	     -0.91510611	    197.98557018	    303.27171078	     44.59686103	     26.77460804	      3.71593034	     92.46289943	     48.11277642	     23.87937162	     13.82974181	     18.70940047	     -3.45384543	      0.53843253	      0.00125791	     -0.40015867	      0.12709904
      3.07000000	     92.83103638	   -104.84761144	     -1.17651402	    206.19583928	    287.47009277	     46.58368810	     20.64541205	      4.70797395	     93.45579711	     44.74391169	     22.33745021	     18.40640746	     19.90484471	     -0.60757185	      0.59264244	      0.08816158	     -0.36464943	      0.11755825
      3.08000000	     82.34335311	   -109.30889443	     -0.63211271	    208.13888625	    268.07276701	     49.21488690	     14.00210225	      5.78189225	     91.52825662	     41.10794741	     20.42281324	     22.11498089	     20.39759629	      2.10492929	      0.63673013	      0.16496325	     -0.30779394	      0.10870753
      3.09000000	     71.22850681	   -109.93428086	      0.64496973	    203.83644469	    246.80953857	     52.57663204	      7.49181073	      6.83544588	     86.87277696	     37.46311887	     18.25967267	     24.87519978	     20.10661492	      4.56716041	      0.66556507	      0.22823981	     -0.23219044	      0.10108353
      3.10000000	     60.57362542	   -106.75535240	      2.47219807	    193.56808672	    225.74620000	     56.62728891	      1.81214395	      7.73476267	     79.84976136	     34.08034681	     15.99432976	     26.66241190	     18.99338346	      6.67970921	      0.67371975	      0.27587823	     -0.14323323	      0.09504221
      3.11000000	     51.47174181	    -99.97873786	      4.59622984	    177.82408945	    207.05264960	     61.23081128	     -2.38156387	      8.34419465	     70.91488182	     31.22825882	     13.78376769	     27.49876107	     17.06788854	      8.36086529	      0.65627404	      0.30706287	     -0.04846950	      0.09073779
      3.12000000	     44.88755364	    -89.95604596	      6.74230546	    157.27607593	    192.74463577	     66.17505417	     -4.56461012	      8.56297279	     60.55119318	     29.14967016	     11.78067173	     27.43837211	     14.39293916	      9.54629575	      0.60980433	      0.32202615	      0.04350731	      0.08812929
      3.13000000	     41.53218912	    -77.14715099	      8.66373552	    132.74233216	    184.42733151	     71.16560281	     -4.41587759	      8.35897272	     49.21891934	     28.03266311	     10.11742570	     26.54161789	     11.08508763	     10.18618771	      0.53329033	      0.32157703	      0.12445519	      0.08702228
      3.14000000	     41.76474796	    -62.07943496	     10.18154501	    105.13721304	    183.07391801	     75.80626282	     -1.86582881	      7.78914254	     37.33023618	     27.98048484	      8.89381286	     24.84471872	      7.31103645	     10.24145013	      0.42872439	      0.30654762	      0.18788195	      0.08713145
      3.15000000	     45.53537217	    -45.30448928	     11.20658448	     75.39552529	    188.87086826	     79.58687587	      2.88859595	      6.99823200	     25.24568246	     28.98479912	      8.17244686	     22.33521875	      3.27830442	      9.68163051	      0.30126486	      0.27734696	      0.23006874	      0.08814176
      3.16000000	     52.37886213	    -27.35348247	     11.73989914	     44.37096679	    201.15602861	     81.89403184	      9.40676910	      6.19327982	     13.28162786	     30.90651243	      7.98309193	     18.94301732	     -0.78007769	      8.48652653	      0.15885437	      0.23379240	      0.25035993	      0.08973865
      3.17000000	     61.46195261	     -8.70324602	     11.85188382	     12.73816059	    218.46890533	     82.04874532	     17.06268039	      5.59874183	      1.72067354	     33.46889364	      8.33340385	     14.55633828	     -4.62410692	      6.65328768	      0.01139167	      0.17534540	      0.25050770	      0.09158948
      3.18000000	     71.68072603	     10.22347085	     11.64576061	    -19.03988362	    238.71910986	     79.36841480	     25.12850489	      5.40251196	     -9.17522421	     36.26925699	      9.21982728	      9.06916123	     -8.02362310	      4.21032075	     -0.13028312	      0.10178800	      0.23316656	      0.09329008
      3.19000000	     81.79719921	     29.00866220	     11.21638247	    -50.62266256	    259.45739671	     73.25389674	     32.86747986	      5.70564981	    -19.14706167	     38.81666740	     10.63056005	      2.45541844	    -10.77090950	      1.23626436	     -0.25534758	      0.01417280	      0.20018674	      0.09431605
      3.20000000	     90.59801418	     47.16221095	     10.61964948	    -81.59717638	    278.21155630	     63.30552516	     39.62055859	      6.48997667	    -27.92538113	     40.59982357	     12.53554073	     -5.15354159	    -12.69312251	     -2.12329360	     -0.35391554	     -0.08437723	      0.15182359	      0.09401981
      3.21000000	     97.05524859	     64.06458486	      9.86326028	   -111.27319910	    292.83504009	     49.45447934	     44.87774272	      7.61474191	    -35.23674300	     41.17717567	     14.86463075	    -13.41982873	    -13.66942783	     -5.65039278	     -0.41805195	     -0.18841481	      0.08744682	      0.09170601
      3.22000000	    100.46653919	     78.96505620	      8.91709138	   -138.58283366	    301.80837035	     32.06307488	     48.32977243	      8.84410413	    -40.83646766	     40.26711884	     17.48104420	    -21.79947104	    -13.64998244	     -9.06510919	     -0.44280288	     -0.29051924	      0.00701702	      0.08680512
      3.23000000	    100.54951898	     91.05319099	      7.73536213	   -162.16445477	    304.43596530	     11.93862124	     49.89374463	      9.89942181	    -44.56223541	     37.81301002	     20.16348623	    -29.60098755	    -12.66912214	    -12.05246711	     -0.42698847	     -0.38213307	     -0.08781547	      0.07911611
      3.24000000	     97.47125986	     99.59970529	      6.28554448	   -180.63516295	    300.90396127	     -9.75835002	     49.70444735	     10.52759156	    -46.39274579	     34.00660760	     22.61341546	    -36.09616319	    -10.84758349	    -14.30372270	     -0.37356043	     -0.45478716	     -0.19335054	      0.06902333
      3.25000000	     91.80601118	    104.12261149	      4.57896183	   -192.95027064	    292.19622888	    -31.67934370	     48.06981369	     10.57075700	    -46.48430471	     29.26463313	     24.49460497	    -40.65388164	     -8.38170347	    -15.56373668	     -0.28937939	     -0.50148567	     -0.30400928	      0.05757796
      3.26000000	     84.42786980	    104.50993167	      2.69332134	   -198.69381947	    279.88945276	    -52.46758848	     45.40092455	     10.01533672	    -45.16101987	     24.16224829	     25.49500581	    -42.85365336	     -5.52020523	    -15.67141842	     -0.18434492	     -0.51784574	     -0.41288388	      0.04638278
      3.27000000	     76.35861154	    101.04909191	      0.77636764	   -198.18325089	    265.86733984	    -70.89963751	     42.13600993	      9.00074437	    -42.85624943	     19.33591601	     25.38916568	    -42.54442598	     -2.53300929	    -14.58236107	     -0.07000958	     -0.50264090	     -0.51257880	      0.03728682
      3.28000000	     68.60209605	     94.35475906	     -0.97467470	   -192.35765253	    252.00984298	    -85.96355217	     38.67801565	      7.78192460	    -40.02605267	     15.37575018	     24.07946397	    -39.83718414	      0.32107419	    -12.36940468	      0.04201882	     -0.45763473	     -0.59618025	      0.03195933
      3.29000000	     61.99891851	     85.22534256	     -2.35422342	   -182.50217376	    239.91670515	    -96.88030227	     35.35657620	      6.65685178	    -37.06457205	     12.73066454	     21.60495156	    -35.04414080	      2.82172838	     -9.20408100	      0.14156362	     -0.38685372	     -0.65815452	      0.03146001
      3.30000000	     57.12764924	     74.47836498	     -3.19767615	   -169.91037977	    230.71484574	   -103.09750073	     32.41404749	      5.88257572	    -34.24551578	     11.64640343	     18.12044000	    -28.59193520	      4.80618653	     -5.32642310	      0.22101757	     -0.29561559	     -0.69500356	      0.03593322
      3.31000000	     54.26605791	     62.81419344	     -3.42151615	   -155.59411601	    224.97966337	   -104.28791323	     30.00783313	      5.60775449	    -31.70165675	     12.14800124	     13.85747521	    -20.93643704	      6.17851758	     -1.01096337	      0.27595920	     -0.18962343	     -0.70555014	      0.04451383
      3.32000000	     53.40998221	     50.74440253	     -3.03915747	   -140.12970335	    222.77059333	   -100.37016600	     28.21915394	      5.84357643	    -29.44169814	     14.06643796	      9.08208218	    -12.50029634	      6.90891809	      3.46468537	      0.30514060	     -0.07432780	     -0.69081703	      0.05547438
      3.33000000	     54.33313327	     38.59624744	     -2.14896984	   -123.67879106	    223.74863368	    -91.54685081	     27.06149457	      6.47777734	    -27.39120696	     17.09674456	      4.06300168	     -3.64630443	      7.02524556	      7.84370715	      0.30997526	      0.04531887	     -0.65363518	      0.06660410
      3.34000000	     56.66471601	     26.57704577	     -0.90346846	   -106.15759512	    227.32595343	    -78.33776089	     26.48784244	      7.31894325	    -25.43885113	     20.86727220	     -0.94261269	      5.31232554	      6.60074434	     11.90373314	      0.29383962	      0.16468944	     -0.59818575	      0.07574555
      3.35000000	     59.96583716	     14.86662715	      0.52667534	    -87.48309570	    232.80424724	    -61.57944738	     26.39987952	      8.15225847	    -23.47550770	     25.00234683	     -5.68936239	     14.07755796	      5.74049066	     15.46102759	      0.26135888	      0.27909010	     -0.52953470	      0.08131264
      3.36000000	     63.79493955	      3.70270969	      1.98236467	    -67.80784948	    239.47989189	    -42.37059010	     26.66222541	      8.79034032	    -21.42228564	     29.16996607	     -9.94008712	     22.32946958	      4.56736285	     18.36898465	      0.21767594	      0.38349233	     -0.45312427	      0.08261249
      3.37000000	     67.75952034	     -6.56852706	      3.33397549	    -47.66855784	    246.71440018	    -21.96344699	     27.12170450	      9.10848464	    -19.24791753	     33.11459871	    -13.46848243	     29.70669149	      3.20821039	     20.51538821	      0.16774543	      0.47258243	     -0.37426828	      0.07992580
      3.38000000	     71.55426834	    -15.49544625	      4.48719750	    -27.99850941	    253.97991358	     -1.62263043	     27.62897597	      9.05852006	    -16.97474375	     36.67774967	    -16.07256650	     35.81785963	      1.78178736	     21.82243648	      0.11579470	      0.54115014	     -0.29776177	      0.07439484
      3.39000000	     74.98679501	    -22.58945101	      5.37898764	     -9.97856716	    260.89260360	     17.51606135	     28.05941933	      8.65843845	    -14.66860316	     39.80751267	    -17.59845636	     40.28975927	      0.39089139	     22.25297987	      0.06512179	      0.58478130	     -0.22768821	      0.06777537
      3.40000000	     77.99078422	    -27.44136530	      5.97007558	      5.23052390	    267.24125218	     34.55548927	     28.32906499	      7.96430240	    -12.41490542	     42.55693668	    -17.96681969	     42.84232806	     -0.88075734	     21.82235546	      0.01822695	      0.60068456	     -0.16741056	      0.06211235
      3.41000000	     80.62163975	    -29.83248620	      6.24289547	     16.75621781	    273.00306046	     48.89773907	     28.40103557	      7.04059181	    -10.29439797	     45.06845068	    -17.18884768	     43.36236318	     -1.96911748	     20.60881549	     -0.02296217	      0.58841137	     -0.11961932	      0.05938447
      3.42000000	     83.03037014	    -29.80046169	      6.20679217	     24.19188501	    278.33223407	     60.25566782	     28.28248352	      5.94005832	     -8.36631140	     47.54070550	    -15.36444693	     41.94914601	     -2.82926802	     18.75565264	     -0.05690544	      0.55031966	     -0.08628541	      0.06116544
      3.43000000	     85.42168256	    -27.65865583	      5.90393102	     27.67541279	    283.52063387	     68.62874385	     28.01647525	      4.69334383	     -6.65522587	     50.18169702	    -12.66688662	     38.92275623	     -3.43334231	     16.46399289	     -0.08220305	      0.49162701	     -0.06846686	      0.06839813
      3.44000000	     88.00649572	    -23.96866192	      5.40820128	     27.86665309	    288.93783471	     74.25665404	     27.67198672	      3.30629611	     -5.14290678	     53.15881655	     -9.31992838	     34.79190640	     -3.76751356	     13.97608612	     -0.09734934	      0.41986472	     -0.06615661	      0.08131649
      3.45000000	     90.95421122	    -19.45415238	      4.81372179	     25.80000295	    294.95314233	     77.55883180	     27.33262088	      1.76511356	     -3.77455502	     56.55521135	     -5.57013654	     30.17888789	     -3.82992658	     11.54742693	     -0.10080869	      0.34372605	     -0.07845080	      0.09942715
      3.46000000	     94.35207561	    -14.87359778	      4.21599977	     22.64765328	    301.85053297	     79.06826442	     27.08540196	      0.04847895	     -2.47995204	     60.34120661	     -1.66085351	     25.71853969	     -3.63069974	      9.41245420	     -0.09145965	      0.27162443	     -0.10394786	      0.12152111
      3.47000000	     98.18264481	    -10.90331076	      3.69245537	     19.49833935	    309.75922491	     79.36724657	     27.01162792	     -1.85780544	     -1.19630886	     64.36824521	      2.18281165	     21.96608166	     -3.19307685	      7.75526593	     -0.06904164	      0.21044204	     -0.14097831	      0.14578844
      3.48000000	    102.32205972	     -8.06608358	      3.28740079	     17.22476048	    318.61207689	     79.02735413	     27.17965808	     -3.94882925	      0.11765099	     68.38464429	      5.75573092	     19.33738196	     -2.55418134	      6.69263972	     -0.03435353	      0.16476245	     -0.18752382	      0.17003574
      3.49000000	    106.55137919	     -6.70426576	      3.00396072	     16.43970881	    328.12627218	     78.55429782	     27.63768698	     -6.19291297	      1.47598965	     72.06497661	      8.86670510	     18.08326260	     -1.76485673	      6.26892047	      0.01073452	      0.13658308	     -0.24098210	      0.19191759
      3.50000000	    110.57237946	     -6.98355647	      2.80366399	     17.51478120	    337.79748382	     78.34086576	     28.40518832	     -8.52765078	      2.86490515	     75.04434860	     11.33081763	     18.29019106	     -0.88869739	      6.45982941	      0.06335204	      0.12541482	     -0.29790370	      0.20912195
      3.51000000	    114.02480342	     -8.91786051	      2.61081747	     20.64119217	    346.90819318	     78.63107387	     29.46418909	    -10.86115251	      4.24651254	     76.95185636	     12.96403676	     19.89901941	      0.00016695	      7.18275273	      0.11976882	      0.12868018	     -0.35387044	      0.21951428
      3.52000000	    116.50671175	    -12.40696949	      2.31618498	     25.91196167	    354.55957645	     79.49621819	     30.75378131	    -13.08168137	      5.56724386	     77.44011540	     13.58236482	     22.73308093	      0.82133204	      8.31107539	      0.17563689	      0.14225727	     -0.40379950	      0.22127926
      3.53000000	    117.59881243	    -17.27298708	      1.77928659	     33.39280802	    359.73023618	     80.82377540	     32.17016746	    -15.07352525	      6.76860784	     76.20961798	     13.00790136	     26.52571208	      1.49397269	      9.68939739	      0.22632564	      0.16101270	     -0.44266592	      0.21307483
      3.54000000	    116.89109931	    -23.27944033	      0.83557194	     43.14749225	    361.35312691	     82.32177484	     33.57160529	    -16.73096174	      7.79658889	     73.02887310	     11.08459960	     30.93880591	      1.94261878	     11.14667960	      0.26728219	      0.17927588	     -0.46623802	      0.19416727
      3.55000000	    114.01181880	    -30.12774531	     -0.68627290	     55.20509950	    358.40468498	     83.54027097	     34.78765489	    -17.96556534	      8.60821832	     67.75280912	      7.70525054	     35.57072350	      2.10207319	     12.50631000	      0.29437456	      0.19128128	     -0.47154356	      0.16452440
      3.56000000	    108.66129167	    -37.43867899	     -2.93696961	     69.48108262	    350.00876722	     83.90955402	     35.63375037	    -18.70884182	      9.17620199	     60.34115930	      2.84847303	     39.95923381	      1.92189944	     13.59399302	      0.30422089	      0.19160907	     -0.45711541	      0.12487186
      3.57000000	    100.65248847	    -44.73445797	     -6.01198517	     85.68035655	    335.55697675	     82.79461699	     35.93144015	    -18.91407310	      9.49321460	     50.87700810	     -3.37929602	     43.59001152	      1.37081930	     14.24543978	      0.29449691	      0.17568358	     -0.42310244	      0.07670802
      3.58000000	     89.95937543	    -51.44390381	     -9.91496654	    103.22681742	    314.84270289	     79.56638710	     35.53294637	    -18.56132890	      9.57877057	     39.58513849	    -10.70706854	     45.92416069	      0.44123555	     14.31679117	      0.26421921	      0.14040062	     -0.37126260	      0.02225581
      3.59000000	     76.77055978	    -56.94739646	    -14.52940597	    121.25602378	    288.19801541	     73.68699213	     34.34816040	    -17.66888903	      9.48959158	     26.84736063	    -18.68141093	     46.45245169	     -0.84594678	     13.69901310	      0.21404141	      0.08475117	     -0.30490328	     -0.03566355
      3.60000000	     61.53573276	    -60.65169978	    -19.61016596	    138.66422736	    256.60293808	     64.79599194	     32.37129560	    -16.30917564	      9.32624101	     13.20651977	    -26.67783816	     44.76690523	     -2.43727947	     12.33213931	      0.14654976	      0.01004683	     -0.22884892	     -0.09382129
      3.61000000	     44.98668628	    -62.06836355	    -24.80124526	    154.18601396	    221.72633002	     52.77879041	     29.70175344	    -14.62129103	      9.22623967	     -0.64921106	    -33.94572834	     40.63011730	     -4.24587609	     10.21359735	      0.06639889	     -0.08041884	     -0.14937126	     -0.14880120
      3.62000000	     28.12229471	    -60.88097648	    -29.67863059	    166.49696212	    185.87575570	     37.80517732	     26.55245867	    -12.81250536	      9.34332757	    -13.92183255	    -39.68554943	     34.02831469	     -6.15504162	      7.39984544	     -0.01988500	     -0.18193711	     -0.07390353	     -0.19721693
      3.63000000	     12.15748116	    -56.99874358	    -33.81185789	    174.34907618	    151.86033478	     20.33335183	     23.24200470	    -11.14644081	      9.82137983	    -25.75292983	    -43.15011874	     25.20133363	     -8.02539660	      4.00445430	     -0.10441620	     -0.28882530	     -0.01048006	     -0.23590828
      3.64000000	     -1.56339160	    -50.58673470	    -36.83370473	    176.71795641	    122.77498292	      1.07460294	     20.17116135	     -9.91894132	     10.76905801	    -35.28510812	    -43.75300218	     14.64223614	     -9.70398776	      0.19387986	     -0.17866868	     -0.39471703	      0.03296213	     -0.26210969
      3.65000000	    -11.69517599	    -42.04639209	    -38.50088697	    172.90202029	    101.69893720	    -19.08829057	     17.78432066	     -9.42072354	     12.23225405	    -41.74004743	    -41.15962477	      3.05494915	    -11.03592593	     -3.82277923	     -0.23443119	     -0.49284610	      0.04930035	     -0.27359632
      3.66000000	    -17.06275916	    -31.93044123	    -38.72239318	    162.53079993	     91.30861758	    -39.22559501	     16.51302638	     -9.88623890	     14.16353414	    -44.51053797	    -35.33629539	     -8.73405615	    -11.87922682	     -7.81360389	     -0.26499019	     -0.57645179	      0.03308601	     -0.26881805
      3.67000000	    -16.84888834	    -20.82626214	    -37.53970662	    145.52409155	     93.45053040	    -58.49896095	     16.70087818	    -11.43735386	     16.40439872	    -43.24705729	    -26.54712476	    -19.88945882	    -12.12005016	    -11.54880087	     -0.26619621	     -0.63934924	     -0.01825372	     -0.24704389
      3.68000000	    -10.75555122	     -9.26948856	    -35.06954833	    122.08785741	    108.76105446	    -76.27102745	     18.52271418	    -14.04052893	     18.70066751	    -37.91801791	    -15.30964889	    -29.67314839	    -11.68351966	    -14.82218703	     -0.23692539	     -0.67667633	     -0.10305696	     -0.20855066
      3.69000000	      0.89994031	      2.28453596	    -31.44149268	     92.77435606	    136.42438065	    -92.15826588	     21.92380207	    -17.49385844	     20.75201144	    -28.83600028	     -2.32779537	    -37.52515887	    -10.53783432	    -17.46657985	     -0.17879098	     -0.68571636	     -0.21452285	     -0.15482509
      3.70000000	     17.17778477	     13.44922043	    -26.75941615	     58.56182108	    174.13700341	   -106.01826030	     26.60135888	    -21.44685308	     22.27725142	    -16.64759256	     11.58374889	    -43.11849630	     -8.69335619	    -19.36574902	     -0.09545206	     -0.66640630	     -0.34080056	     -0.08865151
      3.71000000	     36.60964252	     23.87607131	    -21.10218422	     20.90340106	    218.32164567	   -117.87255190	     32.03839214	    -25.44831106	     23.07683040	     -2.28146849	     25.57222728	    -46.38234980	     -6.19925210	    -20.46230605	      0.00807805	     -0.62118157	     -0.46623650	     -0.01401600
      3.72000000	     57.38836211	     33.21492323	    -14.56753578	    -18.29215582	    264.59137411	   -127.78327011	     37.58795268	    -29.01816770	     23.08037775	     13.14475026	     38.80719252	    -47.48252116	     -3.13910108	    -20.75764291	      0.12604104	     -0.55434110	     -0.57369850	      0.06409991
      3.73000000	     77.61231884	     41.09126642	     -7.34143652	    -56.79787347	    308.37457766	   -135.73177564	     42.58702070	    -31.73127292	     22.36583639	     28.44348944	     50.52941861	    -46.76506570	      0.37258720	    -20.30531619	      0.25247704	     -0.47136609	     -0.64763602	      0.14003177
      3.74000000	     95.52189463	     47.12595345	      0.24523034	    -92.33504631	    345.54072657	   -141.55970313	     46.46384528	    -33.29142611	     21.14349410	     42.48022208	     60.09500723	    -44.68431883	      4.19220070	    -19.20278698	      0.38167566	     -0.37830958	     -0.67718947	      0.20798198
      3.75000000	    109.68415638	     50.98144548	      7.70563615	   -122.88492816	    372.89186494	   -145.00651770	     48.81057481	    -33.57815343	     19.71785278	     54.28311797	     67.01593172	    -41.72786511	      8.15047476	    -17.58146138	      0.50858850	     -0.28118390	     -0.65855971	      0.26278064
      3.76000000	    119.11039046	     52.40152126	     14.44542050	   -146.92613734	    388.45496688	   -145.83336651	     49.41248270	    -32.65633880	     18.44565346	     63.12829679	     70.99542878	    -38.34423359	     12.06090213	    -15.59276063	      0.62922890	     -0.18544292	     -0.59600269	      0.30060661
      3.77000000	    123.30798236	     51.22948149	     19.86513869	   -163.52055095	    391.56619872	   -143.98206099	     48.23883987	    -30.74461846	     17.69711235	     68.59524292	     71.95642638	    -34.88220017	     15.73283074	    -13.39077770	      0.74098206	     -0.09565581	     -0.50103754	      0.31947586
      3.78000000	    122.27735080	     47.40694711	     23.48874641	   -172.24210820	    382.77962019	   -139.69518722	     45.40971421	    -28.15101542	     17.81821571	     70.59012098	     70.05634383	    -31.55051101	     18.98674514	    -11.11403856	      0.84266745	     -0.01525411	     -0.38984382	      0.31944706
      3.79000000	    116.46781782	     40.97300994	     25.07515463	   -173.02932025	    363.65780101	   -133.53662255	     41.15630715	    -25.19780594	     19.08820970	     69.33703520	     65.67970600	    -28.40895132	     21.66870277	     -8.87152822	      0.93414413	      0.05369360	     -0.27949083	      0.30253069
      3.80000000	    106.70512751	     32.08406976	     24.67557187	   -166.07421487	    336.50618964	   -126.29055268	     35.78701778	    -22.16015519	     21.67154889	     65.34022761	     59.40289048	    -25.39719723	     23.66190004	     -6.73814860	      1.01550421	      0.11047187	     -0.18423511	      0.27232263
      3.81000000	     94.09623199	     21.04260289	     22.61894635	   -151.79221296	    304.09260246	   -118.75712299	     29.66153436	    -19.23348082	     25.57686259	     59.31840109	     51.92790488	    -22.38788805	     24.89477237	     -4.75854973	      1.08625056	      0.15537677	     -0.11301119	      0.23342051
      3.82000000	     79.90836776	      8.31527565	     19.43582440	   -130.85382197	    269.35551350	   -111.50476259	     23.16546182	    -16.52723295	     30.63556501	     52.11321255	     43.99251879	    -19.24482486	     25.34385526	     -2.95578032	      1.14474756	      0.18922588	     -0.06853536	      0.19071843
      3.83000000	     65.42654778	     -5.45230724	     15.75535935	   -104.25961915	    235.09739032	   -104.66994491	     16.67654802	    -14.07066102	     36.49887666	     44.58548676	     36.27964514	    -15.88092352	     25.02808357	     -1.34425313	      1.18793274	      0.21288353	     -0.04787713	      0.14874216
      3.84000000	     51.81378303	    -19.42706145	     12.20425414	    -73.42097186	    203.70514306	    -97.88210892	     10.52709636	    -11.82463300	     42.65280755	     37.51837419	     29.34810101	    -12.30677938	     23.99450877	      0.05628635	      1.21135823	      0.22687630	     -0.04419414	      0.11116753
      3.85000000	     40.00501942	    -32.62034835	      9.31426148	    -40.17161512	    176.96830850	    -90.34335799	      4.97863684	     -9.70749240	     48.46114531	     31.54007008	     23.59245255	     -8.64898955	     22.30132849	      1.21357312	      1.20979322	      0.23121750	     -0.04919410	      0.08056032
      3.86000000	     30.65045044	    -43.97693993	      7.44714964	     -6.66560495	    156.01974902	    -81.04213922	      0.21603624	     -7.63426159	     53.23910114	     27.07480895	     19.23177109	     -5.13101322	     20.00576324	      2.08562353	      1.17834985	      0.22552332	     -0.05552154	      0.05832517
      3.87000000	     24.10686208	    -52.50415555	      6.75411235	     24.82192071	    141.37260353	    -69.03890403	     -3.64360514	     -5.55473947	     56.34634375	     24.32782205	     16.32315177	     -2.02760478	     17.16152307	      2.63072926	      1.11379557	      0.20939527	     -0.05825261	      0.04483442
      3.88000000	     20.46736891	    -57.42269011	      7.16927167	     52.15886869	    133.02411222	    -53.73760922	     -6.53005445	     -3.48287140	     57.28594586	     23.29807438	     14.78770789	      0.39661243	     13.82711997	      2.82196383	      1.01571430	      0.18298346	     -0.05535929	      0.03964606
      3.89000000	     19.61202864	    -58.31168820	      8.42781778	     73.64058971	    130.58736213	    -35.06358704	     -8.39138147	     -1.51369479	     55.79085548	     23.80487475	     14.43635484	      1.95185108	     10.08113753	      2.66260368	      0.88712235	      0.14754741	     -0.04749264	      0.04169236
      3.90000000	     21.25850602	    -55.20116160	     10.11554039	     88.22251604	    133.39612589	    -13.50565021	     -9.17337452	      0.18599682	     51.87381134	     25.52259942	     14.99455093	      2.57064438	      6.03567040	      2.19611580	      0.73425407	      0.10574463	     -0.03728907	      0.04940907
      3.91000000	     25.00125514	    -48.58302755	     11.75465385	     95.64633915	    140.56000603	      9.97231518	     -8.82255344	      1.42035427	     45.82906857	     28.02621428	     16.13188852	      2.32535955	      1.84054821	      1.50687704	      0.56573744	      0.06149142	     -0.02830123	      0.06086421
      3.92000000	     30.34004268	    -39.34326124	     12.90397518	     96.44442194	    150.99327377	     34.11389240	     -7.31203954	      2.02395729	     38.18854379	     30.84557592	     17.49705141	      1.41695243	     -2.32444498	      0.71214125	      0.39154036	      0.01945258	     -0.02383566	      0.07393042
      3.93000000	     36.70533570	    -28.62885959	     13.24156230	     91.82487745	    163.45110571	     57.59884983	     -4.67602069	      1.91294840	     29.63815743	     33.52061968	     18.75361577	      0.14189677	     -6.26905145	     -0.05275498	      0.22174623	     -0.01564676	     -0.02600824	      0.08649677
      3.94000000	     43.49160934	    -17.67692058	     12.61251519	     83.46295086	    176.60073388	     79.26353275	     -1.03722827	      1.11184906	     20.90910169	     35.65314973	     19.61353632	     -1.15203209	     -9.81913519	     -0.65265648	      0.06516912	     -0.03966606	     -0.03518140	      0.09670394
      3.95000000	     50.10825869	     -7.64409642	     11.03886508	     73.24560581	    189.14494215	     98.26092258	      3.38453260	     -0.24950036	     12.66920800	     36.95444905	     19.86665949	     -2.11068107	    -12.84209617	     -0.97034703	     -0.07191198	     -0.04953144	     -0.04990957	      0.10317631
      3.96000000	     56.04648929	      0.53330186	      8.69578271	     63.01372515	    199.98647474	    114.12988241	      8.28909093	     -1.96527531	      5.43671776	     37.28342953	     19.40242489	     -2.41404622	    -15.26393167	     -0.92102299	     -0.18653209	     -0.04355062	     -0.06746890	      0.10519952
      3.97000000	     60.94704562	      6.23233043	      5.86530361	     54.33646271	    208.39121641	    126.77178247	     13.33455892	     -3.79711590	     -0.47078482	     36.66643379	     18.21886419	     -1.81109607	    -17.07465439	     -0.46202415	     -0.27916680	     -0.02158321	     -0.08475676	      0.10279080
      3.98000000	     64.65030822	      9.18818393	      2.88176867	     48.33682131	    214.10375212	    136.35496589	     18.18721449	     -5.51745762	     -4.94963121	     35.29299492	     16.41692526	     -0.15049699	    -18.32261778	      0.40230091	     -0.35329835	      0.01490330	     -0.09913705	      0.09664309
      3.99000000	     67.21513687	      9.49187790	      0.07721739	     45.58724042	    217.38354861	    143.18312969	     22.57241743	     -6.94441120	     -8.08922451	     33.48427964	     14.17922049	      2.59559231	    -19.10001635	      1.62106741	     -0.41452198	      0.06292306	     -0.10902605	      0.08795169
      4.00000000	     68.89922135	      7.53069653	     -2.26902862	     46.11403010	    218.94690534	    147.56880783	     26.31756003	     -7.96455718	    -10.12059849	     31.63431160	     11.73288558	      6.32808305	    -19.52138253	      3.10500144	     -0.46921247	      0.11832114	     -0.11419703	      0.07815209
      4.01000000	     70.10336459	      3.88075127	     -3.96629891	     49.51187915	    219.82263415	    149.74158910	     29.37550153	     -8.53853767	    -11.34665349	     30.13637366	      9.30424854	     10.84331987	    -19.69955517	      4.74143393	     -0.52304642	      0.17635131	     -0.11569000	      0.06864249
      4.02000000	     71.29366683	     -0.80221274	     -4.92389806	     55.09455328	    221.15692370	    149.80064586	     31.82105123	     -8.68711295	    -12.07971089	     29.31555609	      7.07984120	     15.86651077	    -19.72716827	      6.40959839	     -0.57992367	      0.23224072	     -0.11535350	      0.06058497
      4.03000000	     72.91965964	     -5.85863246	     -5.14085412	     62.01452582	    224.01382571	    147.70742743	     33.82429208	     -8.46490173	    -12.60310170	     29.38141766	      5.18319642	     21.08119965	    -19.66808687	      7.99095074	     -0.64151406	      0.28156651	     -0.11528832	      0.05482150
      4.04000000	     75.34127215	    -10.66971732	     -4.68507685	     69.34438899	    229.20551878	    143.31063772	     35.60955135	     -7.93291141	    -13.15302495	     30.40414171	      3.66851607	     26.15225857	    -19.55664198	      9.37454628	     -0.70724141	      0.32045884	     -0.11738379	      0.05187455
      4.05000000	     78.77135479	    -14.68440264	     -3.66950666	     76.13472688	    237.17025113	    136.39614742	     37.40667353	     -7.13706506	    -13.91053469	     32.31327058	      2.52921883	     30.74389459	    -19.40076596	     10.45966352	     -0.77450393	      0.34570765	     -0.12296319	      0.05198265
      4.06000000	     83.23708779	    -17.43167897	     -2.22817183	     81.44780200	    247.90554257	    126.75345357	     39.39997410	     -6.09563934	    -14.99918489	     34.91589097	      1.71895448	     34.53053406	    -19.18710788	     11.15686597	     -0.83915328	      0.35482235	     -0.13248561	      0.05513246
      4.07000000	     88.56125433	    -18.51304722	     -0.49461212	     84.35478607	    260.95502170	    114.24684030	     41.68246445	     -4.79668448	    -16.48941592	     37.92697447	      1.18117388	     37.19692567	    -18.88799042	     11.38746780	     -0.89629125	      0.34606797	     -0.14529846	      0.06107141
      4.08000000	     94.36389736	    -17.58452639	      1.41284881	     83.91475272	    275.44169088	     98.87779061	     44.22584731	     -3.20622923	    -18.40734493	     41.00115407	      0.87984241	     38.43419420	    -18.46903030	     11.08332525	     -0.94108820	      0.31852495	     -0.15961039	      0.06930085
      4.09000000	    100.08678922	    -14.35761498	      3.39554747	     79.19410853	    290.14282723	     80.82600706	     46.87510573	     -1.28676290	    -20.73910666	     43.75852508	      0.82215241	     37.95021636	    -17.89463552	     10.19170455	     -0.96919853	      0.27220907	     -0.17287728	      0.07903629
      4.10000000	    105.04421404	     -8.64161073	      5.36988371	     69.37359388	    303.60610268	     60.45853999	     49.37007073	      0.97744353	    -23.42420151	     45.80562192	      1.06647440	     35.50764771	    -17.12988009	      8.68839217	     -0.97681643	      0.20823001	     -0.18254061	      0.08912634
      4.11000000	    108.50153488	     -0.42119876	      7.25861035	     53.93481983	    314.30600401	     38.30204249	     51.39023743	      3.55439184	    -26.34228126	     46.75903494	      1.71220766	     30.98645972	    -16.14040934	      6.59705711	     -0.96070195	      0.12897279	     -0.18689244	      0.09801661
      4.12000000	    109.77836717	     10.06891637	      8.98408349	     32.85373639	    320.83469117	     14.98258105	     52.61542526	      6.34654566	    -29.31085826	     46.27991908	      2.87200008	     24.45091101	    -14.89498857	      4.00741163	     -0.91841004	      0.03826387	     -0.18585504	      0.10390864
      4.13000000	    108.36614347	     22.30847843	     10.46601293	      6.72706647	    322.11187294	     -8.84668130	     52.79186011	      9.18911998	    -32.10667044	     44.12293264	      4.62964474	     16.19847653	    -13.37343293	      1.08478713	     -0.84882861	     -0.05857301	     -0.18141650	      0.10513697
      4.14000000	    104.04073081	     35.49749605	     11.62095845	    -23.18223236	    317.58304831	    -32.55534577	     51.78946220	     11.86646704	    -34.50229593	     40.19563066	      6.98874212	      6.77895590	    -11.57681405	     -1.93118252	     -0.75284121	     -0.15485803	     -0.17744827	      0.10062530
      4.15000000	     96.94380291	     48.60910829	     12.36326286	    -55.00181399	    307.36385036	    -55.53643318	     49.63503581	     14.14497710	    -36.30686014	     34.61677518	      9.82533166	     -3.03129626	     -9.53629556	     -4.74171630	     -0.63379147	     -0.24299922	     -0.17883565	      0.09027243
      4.16000000	     87.60780043	     60.50981088	     12.61277883	    -86.45734306	    292.29099553	    -77.15756607	     46.51193186	     15.81972815	    -37.40643821	     27.75438638	     12.86684782	    -12.31680939	     -7.31912632	     -7.02254046	     -0.49763287	     -0.31528559	     -0.19014963	      0.07516469
      4.17000000	     76.90897061	     70.12988892	     12.31225712	   -115.20490961	    273.85456451	    -96.68754274	     42.72718687	     16.76471876	    -37.79029353	     20.22055165	     15.71444779	    -20.16149790	     -5.02848075	     -8.47279573	     -0.35266306	     -0.36487038	     -0.21427224	      0.05751562
      4.18000000	     65.94778715	     76.63115894	     11.45049498	   -139.18854700	    254.00592494	   -113.23998015	     38.65610811	     16.96904862	    -37.54695256	     12.80689753	     17.90918585	    -25.79952094	     -2.79409888	     -8.86715100	     -0.20870356	     -0.38668478	     -0.25140183	      0.04026951
      4.19000000	     55.87454117	     79.52709662	     10.08326995	   -156.92909956	    234.86287191	   -125.77852782	     34.67844267	     16.54421219	    -36.83161706	      6.36354767	     19.02596704	    -28.73538978	     -0.75555592	     -8.09754476	     -0.07585184	     -0.37806906	     -0.29873747	      0.02642004
      4.20000000	     47.69769883	     78.72616554	      8.34219900	   -167.67288005	    218.37041225	   -133.21014767	     31.12095863	     15.69752247	    -35.81890764	      1.64801632	     18.76629551	    -28.79971231	      0.95741032	     -6.19306809	      0.03687316	     -0.33897310	     -0.35092239	      0.01823012
      4.21000000	     42.12341961	     74.48694671	      6.42357192	   -171.36055357	    206.00285937	   -134.55924362	     28.21886141	     14.67817361	    -34.65552765	     -0.81407445	     17.01891107	    -26.12837591	      2.24379026	     -3.31200792	      0.12274201	     -0.27171162	     -0.40109781	      0.01661667
      4.22000000	     39.46561656	     67.30982110	      4.55740868	   -168.45228178	    198.58245530	   -129.18082287	     26.10085856	     13.71357885	    -33.42717395	     -0.81666048	     13.87253047	    -21.08448095	      3.04573373	      0.29003267	      0.17819267	     -0.18047915	     -0.44226701	      0.02093261
      4.23000000	     39.64060516	     57.81795092	      2.96608911	   -159.71095149	    196.24371411	   -116.95077689	     24.79344399	     12.95785184	    -32.15006450	      1.51170022	      9.58691137	    -14.16349744	      3.35515752	      4.30378738	      0.20317999	     -0.07089554	     -0.46861154	      0.02922418
      4.24000000	     42.23379156	     46.67073538	      1.82391218	   -146.03753997	    198.52178051	    -98.37321786	     24.23606741	     12.46608123	    -30.78512687	      5.76129704	      4.54144394	     -5.91831060	      3.21192868	      8.40869921	      0.20089278	      0.05034262	     -0.47647046	      0.03884446
      4.25000000	     46.61191275	     34.52360384	      1.22638590	   -128.39931838	    204.51834421	    -74.56763269	     24.30119399	     12.19612827	    -29.26388385	     11.34168011	     -0.82014268	      3.07999657	      2.69546859	     12.30572544	      0.17694373	      0.17577676	     -0.46487242	      0.04721000
      4.26000000	     52.05386184	     22.02670859	      1.17604412	   -107.84497365	    213.10255060	    -47.13538631	     24.81707246	     12.03364382	    -27.51684410	     17.60222564	     -6.03854203	     12.25116546	      1.91178520	     15.73798096	      0.13828231	      0.29752774	     -0.43560793	      0.05249125
      4.27000000	     57.87712874	      9.84135801	      1.58686711	    -85.56282231	    223.11437863	    -17.94076075	     25.59253081	     11.83129924	    -25.49893256	     23.94851393	    -10.67930877	     21.00343370	      0.97814087	     18.50111751	      0.09207173	      0.40775551	     -0.39284220	      0.05405603
      4.28000000	     63.54237413	     -1.35740032	      2.30305621	    -62.90819133	    233.54642776	     11.13856664	     26.44277679	     11.44834756	    -23.20682964	     29.93646854	    -14.36863668	     28.74395694	      0.00837450	     20.44872699	      0.04474697	      0.49931821	     -0.34237846	      0.05257461
      4.29000000	     68.72542808	    -10.92169089	      3.12614496	    -41.32882416	    243.68896276	     38.43644607	     27.21449285	     10.77734654	    -20.68319012	     35.33291884	    -16.82797453	     34.92212630	     -0.89826947	     21.49909192	      0.00146061	      0.56656820	     -0.29079510	      0.04981883
      4.30000000	     73.34881220	    -18.31787345	      3.84767488	    -22.17718079	    253.22287800	     62.65786510	     27.80674247	      9.75322501	    -18.00753392	     40.13425786	    -17.90372339	     39.10761678	     -1.66382279	     21.64533741	     -0.03404590	      0.60609521	     -0.24464782	      0.04824079
      4.31000000	     77.56365228	    -23.22287096	      4.28769049	     -6.48501496	    262.23688702	     82.95543292	     28.18244179	      8.35103393	    -15.28148626	     44.53554237	    -17.58033160	     41.07849406	     -2.23506904	     20.96312975	     -0.05937287	      0.61722603	     -0.20980245	      0.05040564
      4.32000000	     81.67932405	    -25.58760470	      4.33468991	      5.20974425	    271.15177199	     98.93048686	     28.36744633	      6.58094876	    -12.61470204	     48.84993634	    -15.96942993	     40.88443395	     -2.58489825	     19.60789045	     -0.07338942	      0.60216383	     -0.19085651	      0.05837099
      4.33000000	     86.05634307	    -25.65467819	      3.97441188	     12.95229515	    280.56502218	    110.58523281	     28.43882808	      4.48273462	    -10.11032136	     53.39629692	    -13.28153171	     38.86304847	     -2.71134810	     17.79936241	     -0.07608285	      0.56569174	     -0.19059379	      0.07316889
      4.34000000	     90.99231849	    -23.93477962	      3.29487594	     17.37906849	    291.05865470	    118.25382077	     28.50590851	      2.11900007	     -7.84922085	     58.38691763	     -9.79399503	     35.60402240	     -2.63463324	     15.79649922	     -0.06824261	      0.51444826	     -0.20950582	      0.09453119
      4.35000000	     96.63091939	    -21.15096713	      2.46392259	     19.65325073	    303.02141891	    122.52845947	     28.68812118	     -0.43219397	     -5.87567082	     63.84623823	     -5.82675320	     31.86966462	     -2.39312719	     13.86756133	     -0.05110956	      0.45593366	     -0.24555252	      0.12088297
      4.36000000	    102.91228845	    -18.15950058	      1.68586097	     21.33377433	    316.52281170	    124.18302790	     29.09301753	     -3.08322131	     -4.18922608	     69.57847555	     -1.73006354	     28.48919279	     -2.03942553	     12.25999959	     -0.02622258	      0.39740210	     -0.29434400	      0.14955435
      4.37000000	    109.56742195	    -15.84878383	      1.14834621	     24.17294156	    331.25153433	    124.08703089	     29.79585320	     -5.74013424	     -2.74940044	     75.18626426	      2.12046477	     26.24304438	     -1.63735074	     11.17238563	      0.00447045	      0.34475064	     -0.34974548	      0.17716981
      4.38000000	    116.15010138	    -15.02656462	      0.96931762	     29.86034779	    346.51734708	    123.10431518	     30.82309396	     -8.30649811	     -1.49238944	     80.13070260	      5.32992074	     25.75308779	     -1.25902032	     10.73097835	      0.03844058	      0.30166735	     -0.40476433	      0.20015983
      4.39000000	    122.09608478	    -16.31463472	      1.15466901	     39.75427248	    361.30817916	    121.98114502	     32.14333449	    -10.69022868	     -0.35002442	     83.81640909	      7.49951697	     27.39227215	     -0.97990278	     10.97425367	      0.07258138	      0.26929061	     -0.45251966	      0.21529566
      4.40000000	    126.79300058	    -20.05464407	      1.57829964	     54.61496007	    374.38006867	    121.23193890	     33.66648146	    -12.81028407	      0.73636273	     85.68196582	      8.26112400	     31.21462042	     -0.87050921	     11.84493734	      0.10346260	      0.24631660	     -0.48705824	      0.22015892
      4.41000000	    129.64286260	    -26.21569911	      1.99177972	     74.33013140	    384.35242199	    121.02872349	     35.24963513	    -14.59958170	      1.80794828	     85.27866029	      7.33931059	     36.89891654	     -0.98448974	     13.18624454	      0.12780921	      0.22936372	     -0.50390517	      0.21349344
      4.42000000	    130.10716501	    -34.30457687	      2.06639904	     97.64328222	    389.79493081	    121.10173037	     36.70844715	    -16.00346719	      2.88533259	     82.32783041	      4.64190677	     43.70824257	     -1.34411641	     14.74136425	      0.14312916	      0.21354263	     -0.50039558	      0.19539161
      4.43000000	    127.73719149	    -43.30061007	      1.46826317	    121.93872674	    389.31538231	    120.66275838	     37.83380508	    -16.97517378	      3.97041043	     76.75536153	      0.36840031	     50.48437954	     -1.92547521	     16.15966610	      0.14836439	      0.19326028	     -0.47582178	      0.16727831
      4.44000000	    122.20458963	    -51.65688295	     -0.03887015	    143.18023819	    381.68071438	    118.36926542	     38.41489633	    -17.47263649	      5.05425553	     68.70801602	     -4.88956073	     55.70936892	     -2.64653799	     17.01649884	      0.14443178	      0.16325168	     -0.43140705	      0.13169058
      4.45000000	    113.35067374	    -57.40850669	     -2.48081206	    156.10701393	    366.00791163	    112.35644927	     38.27020696	    -17.46220356	      6.12878651	     58.55651945	    -10.09518254	     57.66200059	     -3.36229388	     16.85208820	      0.13452949	      0.11964545	     -0.37018587	      0.09191555
      4.46000000	    101.26184298	    -58.40305668	     -5.58249984	    154.75539408	    342.03243004	    100.37715134	     37.28573786	    -16.93079624	      7.19311422	     46.88532640	    -13.80661393	     54.67167126	     -3.87259203	     15.22921338	      0.12403862	      0.06066983	     -0.29686553	      0.05160595
      4.47000000	     86.36271918	    -52.64465472	     -8.74177079	    133.33860119	    310.41879510	     80.10410593	     35.45500340	    -15.90394228	      8.24703683	     34.46746761	    -14.34866140	     45.44290652	     -3.94754954	     11.80622117	      0.11980486	     -0.01315227	     -0.21761233	      0.01445204
      4.48000000	     69.50188850	    -38.72725518	    -11.10639356	     87.47792658	    273.03197988	     49.65037563	     32.91060709	    -14.46554827	      9.27341325	     22.22312944	    -10.13093463	     29.40264040	     -3.37142442	      6.42212246	      0.12871934	     -0.09907848	     -0.13964467	     -0.01609521
      4.49000000	     51.98267276	    -16.29291563	    -11.76854794	     15.65444213	    233.03149840	      8.31227182	     29.93314113	    -12.77058693	     10.21473631	     11.15551469	     -0.07886774	      7.00009429	     -2.00055287	     -0.81509772	      0.15580907	     -0.19227403	     -0.07055920	     -0.03707003
      4.50000000	     35.48294921	     13.56657366	    -10.04594356	    -79.33646512	    194.63463773	    -42.55526073	     26.92134240	    -11.03771075	     10.95270275	      2.25324168	     15.90162808	    -20.10312368	      0.17286721	     -9.45033270	      0.20218086	     -0.28584349	     -0.01730804	     -0.04626386
      4.51000000	     21.83053453	     48.07030946	     -5.77034618	   -189.29914707	    162.46888651	    -98.78693457	     24.31555209	     -9.51309027	     11.30529668	     -3.64616220	     36.55369094	    -49.01269818	      2.96642315	    -18.63811371	      0.26329855	     -0.37076860	      0.01508621	     -0.04261231
      4.52000000	     12.66143823	     82.69760569	      0.50658234	   -300.10229888	    140.62712215	   -153.10575874	     22.48571511	     -8.41462946	     11.06172977	     -6.02777201	     59.08377021	    -75.74506327	      5.97728433	    -27.15124834	      0.32813514	     -0.43616570	      0.02468276	     -0.02676569
      4.53000000	      9.04596705	    111.45737894	      7.48342513	   -392.25377397	    131.70349094	   -195.74195693	     21.61723030	     -7.87849185	     10.06635947	     -4.86791699	     79.30017103	    -95.60491960	      8.60218654	    -33.48284840	      0.38006951	     -0.47059509	      0.01328289	     -0.00163773
      4.54000000	     11.23109528	    127.30865714	     13.25540674	   -442.08040385	    136.24376032	   -215.93588072	     21.63457009	     -7.94183693	      8.34797289	     -0.74695492	     91.97712625	   -103.64996020	     10.09879901	    -36.00753636	      0.39920220	     -0.46463266	     -0.01346894	      0.02723814
      4.55000000	     18.55114406	    123.28449815	     15.69252618	   -425.39593633	    152.72186458	   -204.72533816	     22.20927708	     -8.57136757	      6.23223811	      5.16377335	     91.76784461	    -95.60137302	      9.72918707	    -33.30857042	      0.36684582	     -0.41502662	     -0.04709384	      0.05222899
      4.56000000	     29.58992935	     93.28655022	     12.77279897	   -320.12238792	    178.18409815	   -157.15165262	     22.84012428	     -9.74421640	      4.39354658	     11.21573315	     73.90138914	    -68.41821751	      6.86574095	    -24.40728454	      0.26850239	     -0.32827233	     -0.07827196	      0.06449460
      4.57000000	     42.20570629	     35.18259640	      3.28390682	   -117.06812303	    208.37945889	    -76.10210416	     23.01916343	    -11.48255367	      3.72759371	     15.50952076	     36.39098909	    -22.37372224	      1.28345576	     -9.45219631	      0.10140641	     -0.22366678	     -0.09997757	      0.05649047
      4.58000000	     53.80121289	    -49.74213206	    -13.25228843	    181.57869838	    238.26081744	     30.15198959	     22.30107955	    -13.84091884	      5.16994333	     16.04142178	    -20.29046890	     39.65666047	     -6.93790787	     10.52105669	     -0.12899380	     -0.12751626	     -0.10785050	      0.02208607
      4.59000000	     60.52387808	   -147.33961019	    -34.74253515	    528.54758675	    259.36506018	    139.77874741	     20.55555638	    -16.65221715	      9.21108786	     11.04763052	    -86.71943407	    105.91470716	    -16.56893434	     31.63362003	     -0.38640848	     -0.07150894	     -0.10308538	     -0.03844790
      4.60000000	     58.77274097	   -243.26935712	    -58.88529806	    874.57378994	    263.01709682	    236.35836900	     17.72680661	    -19.49753629	     15.88298145	     -0.84825651	   -153.16033088	    165.40497659	    -26.46827355	     50.33577167	     -0.63828392	     -0.06847592	     -0.08604854	     -0.12526488
      4.61000000	     43.08342980	   -284.24838738	    -75.30579208	   1032.87020417	    234.27320341	    258.64687880	     15.01959238	    -21.50878809	     23.84078081	    -18.79273050	   -183.21587714	    180.36177599	    -31.63815718	     54.53948646	     -0.74749091	     -0.15491508	     -0.07787326	     -0.21472369
      4.62000000	     16.31658118	   -260.14848491	    -81.30121145	    965.75324835	    177.68379498	    200.21701881	     13.29349401	    -22.50058987	     31.79025594	    -39.23872898	   -170.46272182	    145.58471895	    -30.95558055	     42.72823442	     -0.68754258	     -0.31814419	     -0.09005592	     -0.29548056
      4.63000000	    -19.31158644	      3.84911454	    -42.45017352	     64.05889668	     92.19147130	   -181.11586965	     20.39401496	    -24.12652402	     34.67455485	    -45.16278431	     -1.08578028	    -63.58882977	     -5.78019114	    -24.80890992	      0.04003078	     -0.81762832	     -0.26299154	     -0.23059997
      4.64000000	    -21.50492137	     75.42804037	    -32.80408818	   -172.91045963	     85.94042168	   -292.88758007	     23.29082541	    -25.44770454	     35.73613508	    -40.46337392	     42.24797939	   -120.07836044	      1.04825212	    -42.56115002	      0.24055388	     -0.99088781	     -0.34086367	     -0.19673348
