Inverse Dynamics Generalized Forces
version=1
nRows=394
nColumns=19
inDegrees=no
endheader
time	pelvis_to_ground_rx_moment	pelvis_to_ground_ry_moment	pelvis_to_ground_rz_moment	pelvis_to_ground_tx_force	pelvis_to_ground_ty_force	pelvis_to_ground_tz_force	left_hip_abduction_moment	left_hip_rotation_moment	left_hip_flexion_moment	right_hip_abduction_moment	right_hip_rotation_moment	right_hip_flexion_moment	left_knee_flexion_moment	right_knee_flexion_moment	left_ankle_flexion_moment	right_ankle_flexion_moment	left_subtalar_angle_moment	right_subtalar_angle_moment
      0.04000000	     69.58892374	     18.67143188	     10.25139381	    -20.95724808	    231.68841684	     63.73258720	     25.82272951	     -3.95369286	     -5.83637950	     35.30534788	     15.09280661	      2.32813529	     -6.54121494	      0.60785558	      0.01990049	      0.00892981	      0.01047250	      0.08936076
      0.05000000	     60.02233421	      9.44968568	     10.14074664	    -18.43369718	    211.60340536	     58.27743796	     16.34619579	     -0.75679526	      1.48331408	     34.20600139	     13.95362780	      1.38941262	     -1.67929974	      1.59070968	      0.25982138	      0.03376739	      0.06658797	      0.08844725
      0.06000000	     52.22699939	     -0.56529093	      9.55318742	    -14.02906957	    194.70317835	     51.94777377	      8.32724438	      1.29397387	      9.43094316	     33.26447032	     12.99474148	      1.03948525	      3.12024013	      2.68197466	      0.49634086	      0.06064674	      0.10503612	      0.08754445
      0.07000000	     46.81671486	    -10.99846235	      8.46731021	     -7.46926605	    182.48231585	     45.10501104	      2.27462969	      2.14817187	     17.60372702	     32.57488898	     12.20140086	      1.38442080	      7.66751270	      3.80801876	      0.72188452	      0.08724039	      0.12295857	      0.08660131
      0.08000000	     44.02506126	    -21.12471867	      7.01228710	      0.70758551	    175.70083077	     38.14072289	     -1.57711856	      1.95111192	     25.39709809	     32.21919725	     11.54721853	      2.33045247	     11.74672436	      4.84608678	      0.92724415	      0.11001398	      0.12099591	      0.08576456
      0.09000000	     43.76202713	    -30.08627955	      5.40148498	      9.44278079	    174.43128817	     31.33974306	     -3.23374950	      0.99848590	     32.18402460	     32.24636911	     11.01047877	      3.63410578	     15.16381330	      5.64961502	      1.10309555	      0.12486882	      0.10189803	      0.08536279
      0.10000000	     45.72317842	    -37.16186762	      3.84856098	     17.61299037	    178.22792243	     24.81792576	     -2.87373014	     -0.34600357	     37.49207568	     32.65598867	     10.57678822	      5.00220345	     17.79156729	      6.08789065	      1.24199989	      0.12822552	      0.06893977	      0.08579324
      0.11000000	     49.49573544	    -41.97038709	      2.50759199	     24.42696141	    186.31901861	     18.53290666	     -0.78137396	     -1.73512355	     41.10334538	     33.39450522	     10.22988378	      6.19770257	     19.59252983	      6.08519901	      1.33997588	      0.11809322	      0.02504249	      0.08735998
      0.12000000	     54.63171058	    -44.54980389	      1.45298100	     29.63047266	    197.76141184	     12.35067502	      2.70519150	     -2.89727279	     43.05946048	     34.36234927	      9.93792812	      7.11432390	     20.61472153	      5.64653401	      1.39711119	      0.09474870	     -0.02728057	      0.09012182
      0.13000000	     60.68485909	    -45.30507401	      0.69206973	     33.48512962	    211.54069986	      6.14171970	      7.23197963	     -3.66021257	     43.59375638	     35.42662533	      9.64471338	      7.79802363	     20.96630959	      4.86174232	      1.41695812	      0.06088320	     -0.08564129	      0.09379135
      0.14000000	     67.22439865	    -44.85692754	      0.19398648	     36.56389346	    226.63265666	     -0.12577389	     12.45702916	     -3.94409022	     43.02962373	     36.43713081	      9.27364418	      8.41144997	     20.78111157	      3.88637845	      1.40508935	      0.02119046	     -0.14754532	      0.09771907
      0.15000000	     73.84363114	    -43.84395582	     -0.08060494	     39.45256013	    242.05326756	     -6.32639429	     18.07088591	     -3.73639013	     41.68211928	     37.24653539	      8.74654613	      9.15526744	     20.18681693	      2.90437372	      1.36760239	     -0.01855368	     -0.21029298	      0.10099370
      0.16000000	     80.17774415	    -42.73542324	     -0.15873056	     42.46196167	    256.91766327	    -12.17085245	     23.81152785	     -3.06281717	     39.78648661	     37.73476798	      8.01114767	     10.17458072	     19.28329965	      2.08333055	      1.31007201	     -0.05270231	     -0.27104912	      0.10265936
      0.17000000	     85.93398247	    -41.70323633	     -0.04609806	     45.44116843	    270.50948402	    -17.25632824	     29.47390302	     -1.96396577	     37.46178542	     37.83415518	      7.06549303	     11.48330232	     18.13291905	      1.53537721	      1.23701284	     -0.07691015	     -0.32710545	      0.10200281
      0.18000000	     90.92549323	    -40.58236229	      0.27253175	     47.74486851	    282.34531407	    -21.16227691	     34.91286324	     -0.48154764	     34.70818924	     37.54804964	      5.96813292	     12.93106976	     16.76121214	      1.29397534	      1.15169069	     -0.08896458	     -0.37622628	      0.09881759
      0.19000000	     95.09403401	    -38.92402093	      0.82718944	     48.35983308	    292.21175600	    -23.56495895	     40.03923110	      1.34652388	     31.43168612	     36.95401275	      4.82888169	     14.22129219	     15.16478862	      1.31133047	      1.05610992	     -0.08910126	     -0.41692833	      0.09353784
      0.20000000	     98.50872256	    -36.12171095	      1.65372298	     46.15022263	    300.15686068	    -24.33541195	     44.81001037	      3.48516082	     27.48538508	     36.18630257	      3.78255783	     14.97442921	     13.32239941	      1.47520122	      0.95116328	     -0.07980594	     -0.44865998	      0.08718275
      0.21000000	    101.33637520	    -31.57145695	      2.78491597	     40.14772806	    306.43197380	    -23.59037188	     49.21323858	      5.89906382	     22.71357419	     35.40156756	      2.95473660	     14.81900750	     11.20511860	      1.63908438	      0.83695511	     -0.06522348	     -0.47188078	      0.08112842
      0.22000000	    103.78823455	    -24.82341439	      4.24362702	     29.80604244	    311.39538577	    -21.68057055	     53.24763602	      8.55026202	     16.98873013	     34.73880115	      2.43118608	     13.48510653	      8.78347560	      1.65685937	      0.71316474	     -0.05033550	     -0.48794961	      0.07677349
      0.23000000	    106.05284753	    -15.69728296	      6.03679319	     15.16996805	    315.39380840	    -19.11733601	     56.89772295	     11.39541327	     10.24114711	     34.28483613	      2.23926722	     10.87793425	      6.03257229	      1.41403469	      0.57932804	     -0.04007877	     -0.49870539	      0.07518589
      0.24000000	    108.22709099	     -4.33971989	      8.14879762	     -3.07736683	    318.63888223	    -16.45789357	     60.10716991	     14.38081264	      2.47981089	     34.05335375	      2.34465297	      7.11362033	      2.93623677	      0.84907373	      0.43503601	     -0.03857051	     -0.50580190	      0.07682532
      0.25000000	    110.26171339	      8.80064134	     10.53571238	    -23.72722070	    321.10769909	    -14.19097392	     62.75850311	     17.43552590	     -6.20510151	     33.98071318	      2.66298843	      2.50369854	     -0.51106783	     -0.04076385	      0.28008071	     -0.04856406	     -0.51012540	      0.08141793
      0.26000000	    111.93795564	     23.06483944	     13.12083846	    -45.27762189	    322.49908167	    -12.66367352	     64.66840996	     20.46350582	    -15.65568464	     33.93656184	      3.08058637	     -2.50247386	     -4.30293186	     -1.20709473	      0.11459375	     -0.07120173	     -0.51153452	      0.08800036
      0.27000000	    112.88296182	     37.68590863	     15.78982846	    -66.17131458	    322.25792119	    -12.06220948	     65.60185412	     23.33531961	    -25.65777983	     33.74515415	      3.47559097	     -7.38801925	     -8.41522359	     -2.56261059	     -0.06076210	     -0.10605367	     -0.50881299	      0.09508826
      0.28000000	    112.62718311	     51.87921225	     18.38928516	    -84.99112739	    319.67204736	    -12.43669319	     65.30672429	     25.88543869	    -35.94943193	     33.21538356	      3.73592755	    -11.63556694	    -12.79695937	     -3.99348705	     -0.24456478	     -0.15129672	     -0.49979069	      0.10091531
      0.29000000	    110.70637136	     64.93457025	     20.73751464	   -100.63392392	    314.04749655	    -13.75100827	     63.57067230	     27.92486133	    -46.24240611	     32.17930463	      3.77437778	    -14.79099954	    -17.36506220	     -5.37332304	     -0.43445165	     -0.20389260	     -0.48183248	      0.10371112
      0.30000000	    106.79590962	     76.30106966	     22.64943660	   -112.44624444	    304.93826951	    -15.92315383	     60.28971269	     29.27173201	    -56.25511068	     30.53804409	      3.53982758	    -16.52011988	    -22.00578844	     -6.57784725	     -0.62697644	     -0.25986930	     -0.45270573	      0.10199169
      0.31000000	    100.84204662	     85.63664106	     23.96801142	   -120.27860310	    292.36455157	    -18.81661334	     55.52454247	     29.79131250	    -65.73710712	     28.30912900	      3.02233004	    -16.65241810	    -26.58006514	     -7.49807930	     -0.81744522	     -0.31481660	     -0.41149071	      0.09482408
      0.32000000	     93.14450152	     92.80716818	     24.59063402	   -124.44206755	    276.94167541	    -22.17386646	     49.52101443	     29.43030973	    -74.47240634	     25.66230610	      2.24897173	    -15.20583313	    -30.93042711	     -8.05020446	     -0.99979714	     -0.36432800	     -0.35908697	      0.08202872
      0.33000000	     84.35756026	     97.83939169	     24.47874991	   -125.58226944	    259.86894427	    -25.52568381	     42.68326106	     28.23046628	    -82.26227382	     22.93094131	      1.26890640	    -12.38706878	    -34.88843313	     -8.18129369	     -1.16663564	     -0.40412007	     -0.29805414	      0.06431553
      0.34000000	     75.40848295	    100.85774077	     23.64496516	   -124.52629740	    242.78382155	    -28.13186709	     35.50752446	     26.31545487	    -88.89831519	     20.59207491	      0.13164641	     -8.57570451	    -38.28199226	     -7.87392069	     -1.30945705	     -0.43009820	     -0.23194869	      0.04337028
      0.35000000	     67.35781013	    102.03606232	     22.12419767	   -122.15378431	    227.52863416	    -29.00343889	     28.50228542	     23.85935403	    -94.14013219	     19.20974500	     -1.13420179	     -4.30024434	    -40.94266157	     -7.15257513	     -1.41914480	     -0.43875078	     -0.16457135	      0.02185580
      0.36000000	     61.22712097	    101.55709340	     19.94393799	   -119.27583735	    215.86967697	    -27.02924789	     22.12012927	     21.05145874	    -97.70515834	     19.33845727	     -2.53719484	     -0.18870316	    -42.71248544	     -6.08679576	     -1.48676752	     -0.42776671	     -0.09938628	      0.00322617
      0.37000000	     57.81962055	     99.56072240	     17.11151083	   -116.49069057	    209.20467623	    -21.19656139	     16.71627207	     18.07183344	    -99.27699691	     21.39770310	     -4.12983089	      3.12908205	    -43.45191685	     -4.78285787	     -1.50464874	     -0.39650883	     -0.03921145	     -0.00871932
      0.38000000	     57.56914763	     96.08581731	     13.63229256	   -114.03251875	    208.31650890	    -10.86194789	     12.53927302	     15.08751015	    -98.54116498	     25.54722966	     -5.99867291	      5.16353592	    -43.05289493	     -3.36108153	     -1.46766706	     -0.34604694	      0.01373365	     -0.01050864
      0.39000000	     60.44972449	     91.02005700	      9.55588410	   -111.65020146	    213.22512193	      4.00201071	      9.74538732	     12.26529992	    -95.24538956	     31.60171906	     -8.23242685	      5.72006966	    -41.45724238	     -1.92149958	     -1.37458532	     -0.27857839	      0.05745914	      0.00023402
      0.40000000	     65.96555667	     84.08394421	      5.02906331	   -108.57111712	    223.16632064	     22.66347279	      8.41795743	      9.78515607	    -89.27227314	     39.01703836	    -10.86946959	      5.01189002	    -38.67629250	     -0.50770354	     -1.22902303	     -0.19639443	      0.08973458	      0.02410402
      0.41000000	     73.23357812	     74.89261748	      0.32986738	   -103.62680962	    236.71634018	     43.64294698	      8.57913478	      7.83948625	    -80.71528471	     46.95998115	    -13.83710878	      3.66722964	    -34.80851628	      0.91421778	     -1.03980541	     -0.10091362	      0.10793032	      0.05948910
      0.42000000	     81.14907672	     63.10690910	     -4.13768449	    -95.55590375	    252.04895948	     64.89576677	     10.19093867	      6.61087009	    -69.93879341	     54.44667296	    -16.90726993	      2.59906890	    -30.04988190	      2.44782853	     -0.82050899	      0.00770470	      0.10959722	      0.10252232
      0.43000000	     88.59240624	     48.62063638	     -7.89723097	    -83.38807210	    267.25781785	     84.14369179	     13.14714872	      6.22983418	    -57.58692387	     60.51415220	    -19.69711821	      2.76671781	    -24.68784975	      4.22889600	     -0.58797706	      0.13013861	      0.09356039	      0.14752155
      0.44000000	     94.62171658	     31.71562542	    -10.49164458	    -66.78552466	    280.65670175	     99.28565138	     17.26150976	      6.72670908	    -44.52338682	     64.38376093	    -21.72955994	      4.90316317	    -19.07584346	      6.36946693	     -0.36001467	      0.26672923	      0.06064611	      0.18795942
      0.45000000	     98.60693698	     13.14116651	    -11.58375996	    -46.26045813	    290.99184720	    108.78295002	     22.26062035	      7.99780588	    -31.72055457	     65.58204950	    -22.54280742	      9.29446774	    -13.59549633	      8.90158384	     -0.15305322	      0.41589168	      0.01360799	      0.21776887
      0.46000000	    100.27975560	     -5.91515579	    -11.03229548	    -23.20277602	    297.53218761	    111.91993094	     27.78895848	      9.80173056	    -20.12777488	     63.99867449	    -21.81408610	     15.68550754	     -8.61555338	     11.74194465	      0.01961613	      0.57272475	     -0.04338683	      0.23256703
      0.47000000	     99.70096042	    -23.97620561	     -8.91926787	      0.31219618	    300.04161937	    108.87858479	     33.43059514	     11.79175611	    -10.54519363	     59.87661883	    -19.45298279	     23.34095847	     -4.45330055	     14.69210674	      0.14894109	      0.72846493	     -0.10532066	      0.23041979
      0.48000000	     97.17231010	    -39.50185807	     -5.52499593	     21.87382692	    298.67401795	    100.61738846	     38.74745216	     13.57741802	     -3.52984094	     53.74430720	    -15.63170611	     31.22585136	     -1.34410306	     17.47324575	      0.23051256	      0.87117014	     -0.16685203	      0.21199601
      0.49000000	     93.13032199	    -51.12221067	     -1.26581618	     39.12455464	    293.84524457	     88.59955879	     43.32834178	     14.79782097	      0.64799095	     46.30917538	    -10.74662375	     38.23123144	      0.57687413	     19.78193179	      0.26426483	      0.98758067	     -0.22282135	      0.18017914
      0.50000000	     88.05316171	    -57.82073154	      3.38199949	     50.08734582	    286.12517004	     74.45483649	     46.83984717	     15.18732570	      1.99998187	     38.33650017	     -5.33125685	     43.37342228	      1.28063535	     21.34915496	      0.25372239	      1.06554411	     -0.26874830	      0.13931670
      0.51000000	     82.39769770	    -59.03683547	      7.95204956	     53.37768443	    276.16847416	     59.66380896	     49.06949520	     14.61905153	      0.77961999	     30.53636924	      0.04710830	     45.92304630	      0.83935940	     21.98676163	      0.20512014	      1.09613395	     -0.30130691	      0.09432565
      0.52000000	     76.56873945	    -54.68779531	     12.03918787	     48.29823771	    264.67679441	     45.32962595	     49.95212542	     13.11818431	     -2.57878852	     23.47792186	      4.87807021	     45.45838923	     -0.58826457	     21.61300906	      0.12652315	      1.07500811	     -0.31870630	      0.04988292
      0.53000000	     70.91084677	    -45.14779572	     15.32842304	     34.88077623	    252.36943700	     32.06951199	     49.57297605	     10.84636648	     -7.52157151	     17.54243567	      8.77004273	     41.87163912	     -2.77703964	     20.25881615	      0.02709061	      1.00301868	     -0.32084364	      0.00984108
      0.54000000	     65.70833731	    -31.22040540	     17.60535452	     13.93452438	    239.94159845	     20.02793863	     48.14660235	      8.06561397	    -13.42297778	     12.91493859	     11.48168777	     35.35897336	     -5.45608588	     18.05978505	     -0.08334718	      0.88607503	     -0.30917079	     -0.02309071
      0.55000000	     61.18189022	    -14.09278259	     18.75657814	    -12.93446000	    228.00275076	      8.98876072	     45.97740617	      5.08968559	    -19.62660235	      9.60407546	     12.92761453	     26.39968416	     -8.33189523	     15.23623166	     -0.19462264	      0.73431139	     -0.28639530	     -0.04737454
      0.56000000	     57.47767539	      4.75646773	     18.76671853	    -43.40582229	    217.00772522	     -1.44903039	     43.41194859	      2.23103368	    -25.49284978	      7.47747165	     13.16367477	     15.71303669	    -11.11534955	     12.06302667	     -0.29682806	      0.56084190	     -0.25610317	     -0.06247669
      0.57000000	     54.65460807	     23.70045829	     17.71323216	    -74.65930461	    207.21020513	    -11.67341832	     40.79222439	     -0.24652239	    -30.45047425	      6.30493561	     12.35716030	      4.18480355	    -13.54928933	      8.83319947	     -0.38113897	      0.38026978	     -0.22227060	     -0.06870173
      0.58000000	     52.68320573	     41.14307427	     15.75475756	   -103.70676461	    198.66959286	    -21.88425625	     38.41532884	     -2.16182006	    -34.04556991	      5.80937221	     10.74772249	     -7.23353414	    -15.43208941	      5.82060406	     -0.44062041	      0.20695911	     -0.18873777	     -0.06706059
      0.59000000	     51.46824620	     55.69610661	     13.10959488	   -127.77177770	    191.32392198	    -31.98173500	     36.50384909	     -3.43145779	    -35.97532515	      5.72512712	      8.60702570	    -17.63638036	    -16.63227520	      3.24807667	     -0.47082170	      0.05334446	     -0.15881268	     -0.05908757
      0.60000000	     50.89302152	     66.31860583	     10.02836979	   -144.63459325	    185.10742039	    -41.54862154	     35.19019363	     -4.06436382	    -36.09724908	      5.85353458	      6.20633086	    -26.26806641	    -17.09149213	      1.26544882	     -0.47005498	     -0.07137896	     -0.13506188	     -0.04659839
      0.61000000	     50.86641704	     72.41496112	      6.76911271	   -152.90993671	    180.06040447	    -49.93462911	     34.51400467	     -4.14266992	    -34.42414350	      6.09870219	      3.79689662	    -32.60875643	    -16.81982730	     -0.06230735	     -0.43938387	     -0.16214838	     -0.11923242	     -0.03142163
      0.62000000	     51.35170784	     73.88309325	      3.57916157	   -152.21318931	    176.38080355	    -56.41521574	     34.42943132	     -3.79635884	    -31.11172627	      6.47297109	      1.60175473	    -36.42769734	    -15.88678035	     -0.75614285	     -0.38236993	     -0.21840113	     -0.11225155	     -0.01514836
      0.63000000	     52.36668629	     71.08796605	      0.68316743	   -143.14776724	    174.39747167	    -60.36923543	     34.81935584	     -3.17516893	    -26.43138888	      7.07411919	     -0.18640747	    -37.78738964	    -14.40687696	     -0.91185431	     -0.30458599	     -0.24365590	     -0.11428149	      0.00103190
      0.64000000	     53.95836531	     64.76453293	     -1.72556153	   -127.11688115	    174.48009021	    -61.41968460	     35.51420116	     -2.42253903	    -20.72971355	      8.04560071	     -1.40752195	    -36.99909092	    -12.52166673	     -0.67938263	     -0.21295045	     -0.24441583	     -0.12479858	      0.01639110
      0.65000000	     56.16791625	     55.87902657	     -3.49313706	   -106.02556304	    176.92744968	    -59.50273929	     36.31485708	     -1.65638675	    -14.38404619	      9.53497118	     -1.94018949	    -34.54544856	    -10.38206574	     -0.23759534	     -0.11495954	     -0.22880122	     -0.14266609	      0.03065773
      0.66000000	     59.00610482	     45.47235599	     -4.51382032	    -81.93778695	    181.88381345	    -54.85988190	     37.02103989	     -0.95771697	     -7.75572686	     11.66288298	     -1.71023514	    -30.98930581	     -8.13228979	      0.23129898	     -0.01786382	     -0.20520924	     -0.16620824	      0.04397386
      0.67000000	     62.45111007	     34.50559823	     -4.73864189	    -56.74564667	    189.31373198	    -47.97479819	     37.46447622	     -0.36607031	     -1.13959276	     14.50638092	     -0.69763596	    -26.88692558	     -5.89487568	      0.56462986	      0.07217780	     -0.18117034	     -0.19330777	      0.05681638
      0.68000000	     66.46555666	     23.73020910	     -4.18228194	    -31.90514659	    199.03283263	    -39.48885144	     37.54165336	      0.11878256	      5.28530191	     18.09184034	      1.06168078	    -22.72003233	     -3.75728139	      0.63703565	      0.15087426	     -0.16252288	     -0.22156012	      0.06987699
      0.69000000	     71.01734829	     13.61094219	     -2.92642028	     -8.29422329	    210.76480209	    -30.12290949	     37.23706718	      0.52793298	     11.48636846	     22.38995816	      3.47992854	    -18.85487817	     -1.76377397	      0.37134247	      0.21620791	     -0.15296268	     -0.24862782	      0.08388395
      0.70000000	     76.08660173	      4.32555234	     -1.11802197	     13.76626290	    224.18702476	    -20.61519515	     36.62892772	      0.90624554	     17.56719420	     27.30825377	      6.42537177	    -15.52989848	      0.08197945	     -0.25844995	      0.26811253	     -0.15394771	     -0.27290882	      0.09935813
      0.71000000	     81.65091734	     -4.16857508	      1.03772064	     34.35617959	    238.94478102	    -11.66752380	     35.87502739	      1.29089141	     23.71598087	     32.68276985	      9.73129637	    -12.86535254	      1.80384242	     -1.23118695	      0.30758128	     -0.16486518	     -0.29418650	      0.11636092
      0.72000000	     87.65494758	    -12.04476285	      3.28955754	     53.75627560	    254.63940660	     -3.88890285	     35.18114157	      1.69373859	     30.13929188	     38.27576861	     13.20520126	    -10.88310534	      3.43712182	     -2.48687492	      0.33586527	     -0.18338876	     -0.31369542	      0.13435106
      0.73000000	     93.97734533	    -19.52874176	      5.35853789	     72.27660967	    270.80654791	      2.26534739	     34.75677361	      2.09348713	     37.00416919	     43.78672937	     16.63943959	     -9.52798414	      5.01577170	     -3.93684805	      0.35416245	     -0.20603444	     -0.33352866	      0.15223390
      0.74000000	    100.40656427	    -26.83425976	      6.96450432	     90.12418854	    286.89572685	      6.55172411	     34.76553206	      2.43796599	     44.39124803	     48.87950828	     19.82474478	     -8.68926235	      6.56328720	     -5.47476082	      0.36366322	     -0.22884658	     -0.35577697	      0.16857543
      0.75000000	    106.63094660	    -34.10309038	      7.86219207	    107.29785176	    302.25561885	      8.98409127	     35.27823477	      2.65464632	     52.25322837	     53.22253866	     22.56733237	     -8.22327774	      8.08553378	     -6.98779371	      0.36569298	     -0.24800105	     -0.38170983	      0.18187989
      0.76000000	    112.24460121	    -41.34817392	      7.88484319	    123.51189744	    316.12870482	      9.85576758	     36.23759517	      2.66789313	     60.37993746	     56.53413482	     24.70819342	     -7.97765630	      9.56539654	     -8.36760480	      0.36183686	     -0.26023085	     -0.41113834	      0.19085323
      0.77000000	    116.76970278	    -48.40952799	      6.98598608	    138.16498621	    327.66120932	      9.72463454	     37.44498241	      2.42129863	     68.38195081	     58.62172720	     26.13968201	     -7.81789369	     10.96077163	     -9.52125771	      0.35403548	     -0.26317173	     -0.44207694	      0.19461846
      0.78000000	    119.69662091	    -54.94929019	      5.26556343	    150.39046580	    335.94064753	      9.35323612	     38.57720349	      1.90167177	     75.71245100	     59.40420134	     26.81494595	     -7.64923730	     12.20885137	    -10.37994807	      0.34467519	     -0.25557850	     -0.47080663	      0.19284622
      0.79000000	    120.54497568	    -60.51699061	      2.96658100	    159.22282746	    340.07850625	      9.60820708	     39.23639381	      1.15775303	     81.74388477	     58.91075457	     26.74899472	     -7.41935249	     13.23915411	    -10.90071501	      0.33668664	     -0.23727110	     -0.49238546	      0.18576824
      0.80000000	    118.94300363	    -64.67494232	      0.43391137	    163.84517326	    339.33970267	     11.32772041	     39.02845465	      0.30342467	     85.89086039	     57.25788930	     26.01066159	     -7.10120672	     13.99209170	    -11.06111070	      0.33355810	     -0.20895529	     -0.50152909	      0.17408409
      0.81000000	    114.71153864	    -67.13583358	     -1.95606213	    163.82869161	    333.29676419	     15.17135253	     37.65066242	     -0.50087968	     87.74407451	     54.61768698	     24.70837900	     -6.66837860	     14.43628444	    -10.85114972	      0.33912848	     -0.17207404	     -0.49366380	      0.15881119
      0.82000000	    109.45944465	    -68.01116118	     -3.11671322	    165.90113436	    322.71764875	      7.48090765	     34.96191385	     -1.08511483	     87.18049054	     51.76362308	     23.30907319	     -5.99638147	     14.58161897	     -9.51448250	      0.35718991	     -1.26527802	     -0.46595268	      0.59936428
      0.83000000	    101.81254718	    -64.90403833	     -4.02975593	    161.98437172	    306.54477069	     -3.26017687	     31.01930177	     -1.31573170	     84.42393149	     48.34640237	     21.07472523	     -7.46257004	     14.48694924	     -8.72506166	      0.39104810	     -2.42658884	     -0.41813071	      1.09870930
      0.84000000	     93.02323084	    -60.21256171	     -4.14236835	    156.74010766	    286.65780497	    -19.58964398	     26.07601955	     -1.13958494	     80.02884783	     44.61754633	     18.65381877	     -9.27290123	     14.25783623	     -7.45248111	      0.44315910	     -3.77791334	     -0.35297367	      1.78948828
      0.85000000	     83.94570684	    -54.80612223	     -3.55809463	    151.61308449	    264.65213074	    -42.66397342	     20.54143313	     -0.61149150	     74.77100243	     40.72719393	     16.22055286	    -11.19575417	     14.02920438	     -5.62301076	      0.51487595	     -5.31556365	     -0.27623062	      2.70103071
      0.86000000	     75.48200952	    -49.63783796	     -2.49918089	    147.79512600	    242.41503360	    -72.81803180	     14.91365371	      0.10724080	     69.46787379	     36.82727593	     13.93869601	    -12.92008157	     13.93454652	     -3.20626250	      0.60618145	     -7.03468551	     -0.19589886	      3.83610936
      0.87000000	     68.45700014	    -45.61518537	     -1.22348961	    146.01938331	    221.90799253	   -109.07642586	      9.70277669	      0.78324789	     64.78845576	     33.08707706	     11.95566875	    -14.02745173	     14.07133800	     -0.22046830	      0.71525330	     -8.92907897	     -0.12087230	      5.16017093
      0.88000000	     63.46023411	    -43.62450633	      0.04811724	    146.64735628	    204.88169010	   -148.67168822	      5.36004902	      1.17155245	     61.11147637	     29.64626267	     10.37024955	    -13.87484882	     14.47370856	      3.30648690	      0.83792884	    -10.98862197	     -0.05925273	      6.59618833
      0.89000000	     60.70153453	    -44.08703440	      1.13540013	    149.28314783	    192.51581824	   -187.48296771	      2.22288228	      1.08578201	     58.46653661	     26.60994428	      9.16747568	    -11.98779228	     15.09995163	      7.18493779	      0.96735434	    -13.18821585	     -0.01680663	      8.03395353
      0.90000000	     59.85745391	    -46.25079308	      1.83505204	    152.37854380	    184.86015918	   -222.73783323	      0.48383877	      0.45574552	     56.57032359	     23.90481181	      8.17166741	     -8.81476231	     15.83943835	     10.91555753	      1.09418550	    -15.46836468	      0.00394816	      9.36743438
      0.91000000	     60.32915632	    -48.62302002	      2.03306608	    153.78262251	    181.20488058	   -253.38489987	      0.18737779	     -0.64828239	     54.94442705	     21.36737876	      7.22616693	     -5.39409590	     16.53871553	     13.90851467	      1.20760076	    -17.72908853	      0.00376648	     10.51377375
      0.92000000	     61.52696063	    -49.65223447	      1.76725268	    151.38497818	    180.65569778	   -278.97231313	      1.25081167	     -2.03315810	     53.07103632	     18.89126334	      6.31066590	     -2.78965358	     17.03852597	     15.67431227	      1.29698382	    -19.84836828	     -0.01408838	     11.41148271
      0.93000000	     63.02631557	    -48.13000006	      1.19099014	    143.59144146	    182.46185695	   -299.11947499	      3.50111349	     -3.43497801	     50.53232841	     16.48679545	      5.53081402	     -1.80313509	     17.20906871	     15.90224902	      1.35370085	    -21.70972931	     -0.04504835	     12.01980160
      0.94000000	     64.65565113	    -43.40899250	      0.51092627	    129.68356410	    186.18159014	   -313.55697705	      6.71656387	     -4.58685537	     47.09940164	     14.29344374	      5.05497680	     -2.83971826	     16.97462634	     14.50292613	      1.37247038	    -23.22317339	     -0.08445320	     12.32608288
      0.95000000	     66.46058359	    -35.47396942	     -0.08260492	    109.98226004	    191.64558646	   -322.32003308	     10.66111506	     -5.27955400	     42.76139310	     12.51609690	      5.02612554	     -5.89018242	     16.32426847	     11.60571308	      1.35218758	    -24.34054983	     -0.12836030	     12.34656267
      0.96000000	     68.61042870	    -24.92381385	     -0.45640442	     85.82478339	    198.82652536	   -325.80897624	     15.10496132	     -5.39702957	     37.69855772	     11.35108090	      5.49069336	    -10.55399133	     15.30790580	      7.53694817	      1.29607573	    -25.05624028	     -0.17383003	     12.12280104
      0.97000000	     71.28312896	    -12.83423865	     -0.54611816	     59.32957775	    207.67703073	   -324.76316549	     19.83435349	     -4.92134506	     32.21560939	     10.92346812	      6.36530088	    -16.13133740	     14.02021348	      2.76501753	      1.21099489	    -25.40564025	     -0.21892956	     11.71289116
      0.98000000	     74.55258479	     -0.53454412	     -0.34743812	     32.98914067	    217.96996976	   -320.18477127	     24.65725757	     -3.91289123	     26.65903288	     11.23298543	      7.44789543	    -21.76488808	     12.57788163	     -2.17060258	      1.10603171	    -25.45044098	     -0.26258808	     11.18177282
      0.99000000	     78.31970281	     10.67738972	      0.10288016	      9.16234042	    229.21517045	   -313.22127462	     29.40830911	     -2.47737265	     21.33967865	     12.13267646	      8.47097195	    -26.62400871	     11.09613961	     -6.75068499	      0.99075106	    -25.26838468	     -0.30417842	     10.59231329
      1.00000000	     82.33703233	     19.79606116	      0.75089138	    -10.38913717	    240.72330089	   -305.02912523	     33.95280883	     -0.73248442	     16.47976982	     13.37451062	      9.18094281	    -30.07130796	      9.67067347	    -10.55630666	      0.87364057	    -24.94121262	     -0.34293579	      9.99822315
      1.01000000	     86.29643419	     26.26878035	      1.54464336	    -24.76884585	    251.76372608	   -296.67526649	     38.18909254	      1.21642105	     12.19333482	     14.68923505	      9.40789671	    -31.76651301	      8.36829630	    -13.32018517	      0.76125379	    -24.54580926	     -0.37766408	      9.44034233
      1.02000000	     89.93737444	     30.03321876	      2.44584221	    -33.97796184	    261.74630239	   -289.07164398	     42.04997403	      3.28931692	      8.49158387	     15.86925104	      9.10195628	    -31.69076722	      7.22426086	    -14.94368216	      0.65804579	    -24.15014527	     -0.40694110	      8.94637152
      1.03000000	     93.12595295	     31.46476752	      3.43239881	    -38.78702626	    270.34676650	   -282.92985027	     45.50367867	      5.43506301	      5.29971232	     16.82016654	      8.33093062	    -30.11327880	      6.24230632	    -15.48422684	      0.56641383	    -23.80641970	     -0.42953501	      8.53196193
      1.04000000	     95.87197755	     31.25920475	      4.49625415	    -40.48772053	    277.53017548	   -278.74866057	     48.55377008	      7.62855130	      2.47775977	     17.55628775	      7.24548110	    -27.51458368	      5.39569706	    -15.12361565	      0.48669756	    -23.55246432	     -0.44474021	      8.20351232
      1.05000000	     98.30185023	     30.26985985	      5.64011830	    -40.57794508	    283.50171773	   -276.81249411	     51.23699252	      9.86426539	     -0.15684744	     18.16248495	      6.02798266	    -24.47248567	      4.62945160	    -14.11862660	      0.41733543	    -23.41508610	     -0.45263788	      7.96062765
      1.06000000	    100.60037698	     29.33516743	      6.87425523	    -40.45300362	    288.60746721	   -277.18918080	     53.61642026	     12.14848737	     -2.80650643	     18.73997740	      4.84301138	    -21.53628410	      3.86412145	    -12.74520227	      0.35524987	    -23.41158324	     -0.45425102	      7.79670405
      1.07000000	    102.95069819	     29.13484691	      8.21412204	    -41.16752134	    293.22428425	   -279.74160899	     55.76729020	     14.49190017	     -5.67174971	     19.36497307	      3.80471602	    -19.12000937	      3.00138393	    -11.24927404	      0.29629418	    -23.55144484	     -0.45143173	      7.70090120
      1.08000000	    105.47787879	     30.11058149	      9.67748985	    -43.32773572	    297.65056260	   -284.16376088	     57.75567907	     16.90302273	     -8.93069878	     20.06211561	      2.96710875	    -17.44902111	      1.93216190	     -9.81862626	      0.23571330	    -23.83636966	     -0.44645935	      7.66006096
      1.09000000	    108.20574784	     32.44311513	     11.27923898	    -47.09244309	    302.01722708	   -290.01672895	     59.61219062	     19.38079823	    -12.72172459	     20.79798510	      2.33075489	    -16.55188368	      0.54713809	     -8.57300190	      0.16865944	    -24.26156768	     -0.44151810	      7.65931960
      1.10000000	    111.02887968	     36.09014369	     13.02072158	    -52.27836039	    306.21570535	   -296.76683115	     61.30417718	     21.90448168	    -17.13295575	     21.49143010	      1.85924465	    -16.30025920	     -1.25152409	     -7.57287078	      0.09072284	    -24.81731017	     -0.43822219	      7.68588239
      1.11000000	    113.69409449	     40.82963649	     14.87753593	    -58.47405720	    309.85433436	   -303.84264511	     62.71323161	     24.42114569	    -22.19302193	     22.02501454	      1.49508842	    -16.45243058	     -3.53642532	     -6.82708202	     -0.00155847	    -25.48965539	     -0.43720940	      7.72956639
      1.12000000	    115.80589592	     46.27815896	     16.78535491	    -65.09059200	    312.26420769	   -310.70121852	     63.62655359	     26.83262351	    -27.84761226	     22.26247125	      1.17143514	    -16.68960498	     -6.33593060	     -6.29866338	     -0.11010775	    -26.26259683	     -0.43778504	      7.78421251
      1.13000000	    116.85846382	     51.87753855	     18.62853821	    -71.34247113	    312.56461865	   -316.87923750	     63.75118079	     28.98634530	    -33.92398411	     22.06663940	      0.81910467	    -16.63725504	     -9.61219563	     -5.90610266	     -0.23462206	    -27.11870397	     -0.43775602	      7.84664285
      1.14000000	    116.30996690	     56.91462374	     20.24119035	    -76.27547080	    309.80842299	   -322.01362765	     62.76094537	     30.68022251	    -40.12004138	     21.32454039	      0.37343413	    -15.89492533	    -13.24923266	     -5.52936615	     -0.37216859	    -28.03742197	     -0.43370279	      7.91589235
      1.15000000	    113.70263365	     60.62940665	     21.42849394	    -78.93637160	    303.21336108	   -325.84396546	     60.37628943	     31.69133441	    -46.04674307	     19.97964971	     -0.21617359	    -14.09793890	    -17.06213335	     -5.02987448	     -0.51741631	    -28.99221102	     -0.42177995	      7.99000867
      1.16000000	    108.80623153	     62.37349489	     22.00763117	    -78.61976134	    292.42638488	   -328.19139724	     56.45659384	     31.82731900	    -51.30716386	     18.06756196	     -0.97646682	    -10.99318424	    -20.82445781	     -4.27639110	     -0.66334152	    -29.94581679	     -0.39885388	      8.06340613
      1.17000000	    101.73581451	     61.76051598	     21.85746936	    -75.09139814	    277.73238598	   -328.91562380	     51.07308108	     30.98698016	    -55.57939242	     15.73932070	     -1.90433515	     -6.50655842	    -24.30441793	     -3.17059674	     -0.80207859	    -30.84903995	     -0.36361688	      8.12478117
      1.18000000	     92.99752434	     58.76665213	     20.95786968	    -68.72481551	    260.12279328	   -327.84657275	     44.53140790	     29.20670737	    -58.67984327	     13.26428188	     -2.96694325	     -0.78348298	    -27.30115090	     -1.66554736	     -0.92575366	    -31.64203093	     -0.31718278	      8.15825766
      1.19000000	     83.43335264	     53.76091874	     19.39714021	    -60.51891883	    241.18142445	   -324.70466485	     37.32789865	     26.66913378	    -60.59176342	     11.00755260	     -4.10945718	      5.80436932	    -29.67263289	      0.22429298	     -1.02720988	    -32.25869744	     -0.26281225	      8.14684818
      1.20000000	     74.07955741	     47.47033664	     17.34298699	    -52.01071876	    222.83113657	   -319.03568389	     30.05524430	     23.66900726	    -61.45807508	      9.38369176	     -5.26771602	     12.68286158	    -31.35023014	      2.42226916	     -1.10059811	    -32.62878876	     -0.20501207	      8.07399064
      1.21000000	     65.98996182	     40.89039654	     14.99035112	    -45.08159910	    207.02837426	   -310.20004840	     23.29522463	     20.55074380	    -61.54180859	      8.79638864	     -6.38328017	     19.12253919	    -32.33721273	      4.79047161	     -1.14187172	    -32.68401784	     -0.14846353	      7.92824413
      1.22000000	     60.06141756	     35.10814392	     12.50725450	    -41.61598293	    195.46762762	   -297.43210161	     17.52912910	     17.63616289	    -61.15270263	      9.57055471	     -7.42148305	     24.33859927	    -32.68934935	      7.14705469	     -1.14914063	    -32.36050084	     -0.09695415	      7.70598450
      1.23000000	     56.89200352	     31.04706864	      9.99671409	    -43.03608342	    189.33293514	   -279.97324699	     13.08035718	     15.16004069	    -60.55183605	     11.89326241	     -8.38907443	     27.64676654	    -32.48213399	      9.30201094	     -1.12270761	    -31.60105032	     -0.05256111	      7.41268071
      1.24000000	     56.54885931	     32.08385271	      7.60853577	    -45.74900036	    190.93971473	   -278.27813039	     10.88384921	     13.92570704	    -62.82282052	     15.77086297	     -9.33941573	     28.62879447	    -31.97751306	     11.09701125	     -1.92036750	    -30.35940799	      0.56796426	      7.06026988
      1.25000000	     58.44632246	     35.94112553	      5.00232017	    -53.41855846	    197.51787599	   -273.48085532	      9.73171886	     12.98723264	    -65.53774253	     21.01557021	    -10.35580854	     27.24633667	    -31.22222476	     12.43349063	     -2.81830721	    -28.60626877	      1.21416682	      6.66386426
      1.26000000	     62.26236826	     42.12154131	      2.29440289	    -62.94488542	    209.10962605	   -271.88003256	     10.05103200	     12.46232271	    -68.66664029	     27.26628915	    -11.51504841	     23.88239430	    -29.74831819	     13.29074304	     -3.78289889	    -26.33748634	      1.98802922	      6.23649684
      1.27000000	     67.19298284	     49.36559221	     -0.48240725	    -72.01239485	    224.24620235	   -274.46961949	     11.69148315	     12.14408517	    -71.69206423	     34.03376051	    -12.84054218	     19.28024988	    -27.37165194	     13.72254704	     -4.85970625	    -23.58589096	      2.87546550	      5.78502579
      1.28000000	     72.37897459	     56.11851741	     -3.19524459	    -78.38674947	    241.11698819	   -281.31312591	     14.45853888	     11.84903501	    -73.98052877	     40.75450034	    -14.26120830	     14.39243495	    -23.98369967	     13.83686162	     -6.12474173	    -20.42944188	      3.84867650	      5.30810040
      1.29000000	     77.03887485	     60.80074512	     -5.62531758	    -80.42353181	    257.77425558	   -290.93951917	     18.10774800	     11.45845152	    -74.84866624	     46.84663664	    -15.59547532	     10.16405736	    -19.62104209	     13.75763243	     -7.66266104	    -16.99582152	      4.86673609	      4.79816143
      1.30000000	     80.62702852	     62.24289170	     -7.49533659	    -77.21829711	    272.57241050	   -301.57679211	     22.45653894	     10.97782326	    -73.81188026	     51.76514612	    -16.57565889	      7.31560702	    -14.48120371	     13.58734270	     -9.53389661	    -13.45910911	      5.90268805	      4.24644947
      1.31000000	     82.95047810	     60.34082211	     -8.47578133	    -69.10202113	    284.59026310	   -312.89482416	     27.48539546	     10.54896728	    -71.09106827	     55.05673325	    -16.91132320	      6.18885236	     -9.00335676	     13.38450612	    -11.73282556	    -10.02622149	      6.94443253	      3.64929634
      1.32000000	     84.08407806	     55.92105760	     -8.30152244	    -57.73612131	    293.47716376	   -325.14872849	     33.20787021	     10.30369394	    -67.42936625	     56.41783454	    -16.37277845	      6.70386657	     -3.78360142	     13.16379392	    -14.16409124	     -6.90910471	      7.96145982	      3.01330022
      1.33000000	     84.17313547	     50.25690238	     -6.91157972	    -45.55543675	    299.10609340	   -338.26728644	     39.48343146	     10.23204913	    -63.67121807	     55.74468747	    -14.86430574	      8.43833614	      0.59774174	     12.91959599	    -16.66665084	     -4.28667529	      8.90659932	      2.36033245
      1.34000000	     83.40915787	     44.64619629	     -4.44923196	    -35.07854067	    301.52847869	   -351.44682273	     46.03497603	     10.21380346	    -60.47667371	     53.14914996	    -12.45732442	     10.76920429	      3.68699057	     12.64554304	    -19.05460521	     -2.26858984	      9.72216238	      1.72514761
      1.35000000	     82.03775228	     40.15547036	     -1.20854629	    -28.33816414	    301.01071726	   -363.30730933	     52.53527158	     10.09432876	    -58.21197670	     48.93522735	     -9.37492242	     13.02139496	      5.21323530	     12.33713581	    -21.15640332	     -0.87501815	     10.35733756	      1.14745543
      1.36000000	     80.26115630	     37.47202397	      2.41556385	    -26.52270216	    297.89697528	   -372.26073261	     58.60205802	      9.72743183	    -56.93532612	     43.54536358	     -5.93793287	     14.60861688	      5.11733180	     11.99318988	    -22.84065812	     -0.04115405	     10.78108936	      0.65990627
      1.37000000	     78.53337236	     35.59213817	      5.94478323	    -26.83756105	    293.36607680	   -373.54676669	     63.82395521	      9.02136324	    -56.45239382	     38.10610329	     -2.55667509	     16.26672362	      3.54031702	     11.66203670	    -24.03230504	      0.81006851	     10.98048075	      0.11348626
      1.38000000	     76.06199868	     36.85416620	      9.18417120	    -36.74471778	    285.35034091	   -378.37893169	     67.83291055	      7.97288782	    -56.38018167	     31.41500432	      0.77339149	     15.60584594	      0.79404938	     12.20140356	    -24.71201592	      0.79993432	     10.96135464	      0.06932882
      1.39000000	     73.37203541	     39.61419283	     11.70612245	    -48.85987967	    276.02301463	   -375.54702804	     70.37635879	      6.67302006	    -56.23193505	     25.16658992	      3.49587118	     13.58995307	     -2.69390966	     12.33274804	    -24.91126596	      0.75867137	     10.74569357	      0.02744766
      1.40000000	     70.45175630	     43.12092724	     13.35689100	    -61.50358651	    265.68635040	   -366.38928702	     71.36662109	      5.28214528	    -55.51474722	     19.60536438	      5.50293014	     10.43311001	     -6.44806007	     12.13048146	    -24.69911775	      0.69181749	     10.36621750	     -0.00924981
      1.41000000	     67.31669600	     46.50495812	     14.09875174	    -72.83523479	    254.68825234	   -352.73482590	     70.89534107	      3.98938413	    -53.79765367	     14.84149976	      6.78633056	      6.48867762	    -10.00877647	     11.70913063	    -24.16838668	      0.60726787	      9.86114228	     -0.03880126
      1.42000000	     64.02528460	     48.89967328	     13.98519382	    -81.09425711	    243.42668757	   -336.61628197	     69.21235331	      2.96788629	    -50.76439333	     10.86560302	      7.41080168	      2.19840488	    -12.98726774	     11.20265533	    -23.42121880	      0.51415241	      9.27168651	     -0.06028469
      1.43000000	     60.68520335	     49.57022300	     13.13208961	    -84.84565269	    232.34389991	   -319.99043532	     66.68222998	      2.33635147	    -46.25896115	      7.58281923	      7.48320165	     -1.96697932	    -15.11007628	     10.74160214	    -22.55960048	      0.42157917	      8.63691764	     -0.07374148
      1.44000000	     57.44708742	     48.02235553	     11.68928314	    -83.18616567	    221.91564581	   -304.50534830	     63.72216557	      2.13662228	    -40.30508938	      4.85981172	      7.12560879	     -5.57363807	    -16.23997344	     10.43054781	    -21.67668253	      0.33745929	      7.99360914	     -0.07997578
      1.45000000	     54.49245127	     44.09092045	      9.81982924	    -75.90630619	    212.62588512	   -291.34155724	     60.74066437	      2.33052490	    -33.10708717	      2.57149730	      6.45817396	     -8.29424399	    -16.37858970	     10.32714601	    -20.85359950	      0.26739155	      7.37310170	     -0.08027716
      1.46000000	     52.00102408	     37.98171953	      7.68888412	    -63.56009225	    204.91805363	   -281.14246305	     58.07259399	      2.81361422	    -25.02710355	      0.63704233	      5.59401756	     -9.96467298	    -15.64687220	     10.42722223	    -20.15619799	      0.21383007	      6.80175146	     -0.07612601
      1.47000000	     50.11751472	     30.23548173	      5.45962845	    -47.37825292	    199.14069570	   -274.04369461	     55.93308114	      3.44383229	    -16.53182821	     -0.95852849	      4.64322100	    -10.60645128	    -14.24813720	     10.66139483	    -19.63550649	      0.17594190	      6.29791942	     -0.06894156
      1.48000000	     48.92276046	     21.63856864	      3.29281948	    -29.07291492	    195.50574587	   -269.77736027	     54.39283430	      4.07360694	     -8.12958645	     -2.15734594	      3.71885498	    -10.41413492	    -12.42579701	     10.90284433	    -19.32858464	      0.15003700	      5.87284547	     -0.05987333
      1.49000000	     48.42685624	     13.11541212	      1.34611577	    -10.60572425	    194.07375412	   -267.80814779	     53.38612829	      4.57523759	     -0.31864732	     -2.83331230	      2.93877665	     -9.71517121	    -10.42953704	     10.98415643	    -19.25982972	      0.13030913	      5.53039532	     -0.04962644
      1.50000000	     48.58626687	      5.59949457	     -0.23021885	      6.07730483	    194.77682027	   -267.47506955	     52.74420381	      4.85735999	      6.46257995	     -2.80365414	      2.42123951	     -8.90566765	     -8.48744130	     10.72297341	    -19.44057074	      0.10991848	      5.26822847	     -0.03835624
      1.51000000	     49.34059894	     -0.10738845	     -1.30054682	     19.32869425	    197.47200402	   -268.12114302	     52.24447084	      4.87307707	     11.88542020	     -1.84594786	      2.27620890	     -8.37191949	     -6.78629804	      9.95405162	    -19.87175223	      0.08234971	      5.07931429	     -0.02566865
      1.52000000	     50.65843221	     -3.47165854	     -1.75377432	     28.05816832	    202.00866453	   -269.18131195	     51.66540992	      4.62030787	     15.78332721	      0.27592511	      2.59589599	     -8.41431747	     -5.45513121	      8.56236604	    -20.54436892	      0.04275489	      4.95291164	     -0.01074004
      1.53000000	     52.57335982	     -4.33275197	     -1.51469404	     31.92160874	    208.28464100	   -270.24320435	     50.83922221	      4.13634091	     18.19476155	      3.77122313	      3.44694419	     -9.18932041	     -4.55459201	      6.51085774	    -21.44125042	     -0.01104886	      4.87623914	      0.00745085
      1.54000000	     55.19070001	     -2.96016600	     -0.55771441	     31.40431702	    216.26386460	   -271.08056752	     49.69251496	      3.48936745	     19.39021226	      8.76458622	      4.86362018	    -10.68131617	     -4.06878750	      3.85642612	    -22.53715141	     -0.07816029	      4.83493707	      0.02979872
      1.55000000	     58.64982856	     -0.03606676	      1.07548951	     27.76306700	    225.93786831	   -271.63586367	     48.26287022	      2.76595164	     19.85999990	     15.22778237	      6.83893793	    -12.71020600	     -3.90830730	      0.74922688	    -23.80055875	     -0.15475997	      4.81535400	      0.05666380
      1.56000000	     63.05475218	      3.43781612	      3.25522801	     22.81817506	    237.25070623	   -271.97590844	     46.69345274	      2.05532559	     20.25873337	     22.92030409	      9.31166767	    -14.97162746	     -3.92257931	     -2.58610842	    -25.19445704	     -0.23473381	      4.80639574	      0.08744427
      1.57000000	     68.40523614	      6.28589055	      5.74584218	     18.64182395	    250.02646720	   -272.22487524	     45.21003958	      1.43308742	     21.31866570	     31.36624774	     12.15269402	    -17.09617076	     -3.91937517	     -5.88329835	    -26.67668092	     -0.31064148	      4.79800937	      0.12032782
      1.58000000	     74.55811951	      7.33122864	      8.20296299	     17.20421649	    263.93881259	   -272.49382457	     44.08059259	      0.94528072	     23.74545080	     39.89111981	     15.16128698	    -18.71183165	     -3.69091969	     -8.87357523	    -28.20175650	     -0.37485762	      4.78069525	      0.15242131
      1.59000000	     81.22899027	      5.58089452	     10.20385437	     20.01675118	    278.52059531	   -272.80838894	     43.55337159	      0.59442882	     28.10233048	     47.72467441	     18.08323287	    -19.50065225	     -3.04395847	    -11.32309094	    -29.72059931	     -0.42064197	      4.74579241	      0.18027343
      1.60000000	     88.02814764	      0.39853124	     11.32062908	     27.83774264	    293.19099649	   -273.05883448	     43.78248827	      0.33403427	     34.69622020	     54.14842179	     20.65414540	    -19.24163121	     -1.83017528	    -13.06042007	    -31.18019271	     -0.44297279	      4.68428265	      0.20064717
      1.61000000	     94.51083266	     -8.37432847	     11.22322286	     40.52171212	    307.28109475	   -272.97563376	     44.75862197	      0.07683989	     43.48987896	     58.64314500	     22.65688581	    -17.83325921	      0.02863074	    -13.98876466	    -32.52270097	     -0.43904953	      4.58774865	      0.21131225
      1.62000000	    100.21838994	    -20.38074791	      9.78181151	     57.05987611	    320.03616894	   -272.13047473	     46.26582602	     -0.27837607	     54.06781589	     60.98747509	     23.97043400	    -15.29693447	      2.52889110	    -14.08401184	    -33.68392949	     -0.40842696	      4.44836946	      0.21158801
      1.63000000	    104.69808535	    -34.80397133	      7.12702088	     75.80373423	    330.60296164	   -269.96244597	     47.88409666	     -0.80833437	     65.66872482	     61.27437152	     24.58766132	    -11.76351395	      5.58693645	    -13.38334463	    -34.59472722	     -0.35288818	      4.26140453	      0.20245010
      1.64000000	    107.52289169	    -50.50898131	      3.63800951	     94.81189345	    338.05077099	   -265.83730521	     49.05795958	     -1.52896670	     77.29219328	     59.84445797	     24.59429606	     -7.44603392	      9.05477224	    -11.96999243	    -35.18418161	     -0.27619790	      4.02645210	      0.18618822
      1.65000000	    108.32440216	    -66.21453796	     -0.13970945	    112.18964467	    341.45889391	   -259.13537245	     49.21526719	     -2.37934903	     87.84913527	     57.17033541	     24.12099950	     -2.61198247	     12.74121460	     -9.96117936	    -35.38192584	     -0.18379943	      3.75031946	      0.16576986
      1.66000000	    108.58080976	    -80.78548659	     -2.72832296	    133.33561358	    341.29985640	   -263.87760043	     47.90648884	     -3.23484613	     96.32026607	     54.46494103	     23.72762314	      2.59782597	     16.43002587	     -6.67136553	    -35.12123556	     -1.16342347	      3.44648559	      0.75680719
      1.67000000	    106.05650892	    -90.53123852	     -5.03251246	    147.45030368	    334.85718896	   -269.20206992	     44.92079674	     -3.94357937	    101.90471103	     51.38049369	     22.44966754	      5.45046413	     19.89715676	     -4.04244167	    -34.34557502	     -2.07394169	      3.13396550	      1.30156000
      1.68000000	    101.69577071	    -96.24689102	     -6.18261232	    157.45165715	    323.19509330	   -278.04334800	     40.34908745	     -4.37298368	    104.14331102	     48.31404756	     20.88114216	      7.18578069	     22.93263484	     -1.24548521	    -33.01508500	     -3.11479752	      2.83210120	      1.97078743
      1.69000000	     95.89366467	    -97.49848102	     -6.13286948	    162.93070470	    306.97441022	   -290.84352537	     34.57164021	     -4.45038308	    102.98653353	     45.33675617	     19.06903119	      7.57855102	     25.36462110	      1.57331078	    -31.11275976	     -4.29482203	      2.55594874	      2.77309464
      1.70000000	     89.23201271	    -94.38622019	     -5.06369664	    163.81083845	    287.44717121	   -307.30454576	     28.17803094	     -4.18488193	     98.77453608	     42.40589520	     17.08560810	      6.59341985	     27.07332558	      4.26557384	    -28.65240722	     -5.63073745	      2.31358196	      3.70896732
      1.71000000	     82.40197239	    -87.58686677	     -3.29522524	    160.37287866	    266.32537132	   -326.02080951	     21.84120292	     -3.66161082	     92.13797659	     39.43543995	     15.05424912	      4.48390820	     27.99695613	      6.70987674	    -25.68414624	     -7.13873797	      2.10393943	      4.76263793
      1.72000000	     76.09353431	    -78.26847118	     -1.18480248	    153.15251903	    245.57446963	   -344.08234770	     16.19190778	     -3.01413624	     83.84586419	     36.38426910	     13.14187629	      1.82331816	     28.12478800	      8.81190993	    -22.29967102	     -8.81823388	      1.91732141	      5.88730244
      1.73000000	     70.86608245	    -67.75718223	      0.92894337	    142.75606505	    227.07872785	   -357.50621941	     11.72977450	     -2.38932557	     74.66025112	     33.31006430	     11.49522659	     -0.70256282	     27.48750678	     10.45124680	    -18.63499572	    -10.64048662	      1.73847036	      7.00456773
      1.74000000	     66.94842297	    -56.70601494	      2.67661975	    129.40579822	    211.99122520	   -363.97088824	      8.78844717	     -1.91885181	     65.22373730	     30.26163874	     10.12533011	     -3.02635164	     26.14653091	     11.33875077	    -14.86714081	    -12.53416927	      1.55201218	      8.02759522
      1.75000000	     64.31303110	    -45.13836104	      3.75308125	    113.05925236	    200.73219095	   -363.61090345	      7.52477171	     -1.69428227	     55.99116373	     27.26065088	      8.99296359	     -5.58960040	     24.18788900	     11.16196118	    -11.20151913	    -14.38755917	      1.34734120	      8.88118986
      1.76000000	     62.85480957	    -32.87829372	      4.02841871	     93.66334471	    193.34802688	   -357.89303729	      7.91225907	     -1.74757481	     47.23251614	     24.39410004	      8.11770006	     -8.89050678	     21.73063414	      9.74005300	     -7.84796104	    -16.08112686	      1.12166717	      9.51267016
      1.77000000	     62.42757670	    -19.79843374	      3.53947171	     71.31405492	    189.63529255	   -348.67183239	      9.75697199	     -2.04714356	     39.07560267	     21.79990698	      7.56550838	    -13.26366770	     18.93148463	      7.05624190	     -4.98479808	    -17.52040939	      0.88048179	      9.89517800
      1.78000000	     62.89725416	     -5.97508894	      2.45445411	     46.45659619	    189.25498041	   -337.64068653	     12.73546690	     -2.50953620	     31.56553330	     19.65736483	      7.41286872	    -18.76593236	     15.97275995	      3.26451470	     -2.72630156	    -18.65287243	      0.63623407	     10.03174756
      1.79000000	     64.14913193	      8.25661879	      1.00865241	     19.99711543	    191.76840645	   -326.10621593	     16.44919229	     -3.02320959	     24.73068031	     18.14296768	      7.69791103	    -25.18077657	     13.04379396	     -1.34459165	     -1.10405983	    -19.47288551	      0.40366711	      9.95338644
      1.80000000	     66.06485136	     22.30145615	     -0.55750772	     -6.70445295	    196.64442538	   -314.94964140	     20.48619077	     -3.47655186	     18.62730105	     17.37316960	      8.38458684	    -32.06346927	     10.32122071	     -6.38755671	     -0.07215709	    -20.01432070	      0.19564065	      9.71012494
      1.81000000	     68.50714378	     35.36596222	     -2.03980352	    -31.97860872	    203.28524592	   -304.69333659	     24.47761783	     -3.78042347	     13.34796719	     17.37418235	      9.35519733	    -38.80992156	      7.95164293	    -11.43260818	      0.46917631	    -20.33595871	      0.02118412	      9.36224554
      1.82000000	     71.78137112	     48.16936831	     -3.26864718	    -55.58167031	    211.45383400	   -292.79643457	     28.63699400	     -3.77950334	      7.57854749	     18.06503852	     10.42649208	    -44.75443507	      5.03877233	    -16.05157794	      0.66409616	    -20.51007282	     -0.18359282	      8.96964261
      1.83000000	     74.46216698	     55.78711389	     -4.22902711	    -73.45864156	    219.79396662	   -289.60610292	     31.68261279	     -3.78185414	      5.14585694	     19.25806756	     11.38278133	    -49.26455643	      4.74314108	    -19.86369521	      0.60497463	    -20.60812265	     -0.22819138	      8.58623841
      1.84000000	     77.11193280	     60.20697484	     -4.84815709	    -84.78124563	    227.86538033	   -285.71949155	     34.08364857	     -3.52447658	      3.68089539	     20.69436229	     12.01908382	    -51.82510201	      4.68077100	    -22.57353223	      0.54772593	    -20.69273342	     -0.26690982	      8.25460303
      1.85000000	     79.52533773	     61.03886134	     -5.13062999	    -89.02509691	    235.21921690	   -281.63934494	     35.85088308	     -3.02975958	      3.20178756	     22.10763017	     12.18227272	    -52.10165831	      4.84889913	    -23.99580615	      0.49693181	    -20.81378023	     -0.29778805	      8.00282048
      1.86000000	     81.58176250	     58.18822540	     -5.10025296	    -86.22411212	    241.60169814	   -277.76065867	     37.04312326	     -2.32937846	      3.68943227	     23.28913356	     11.79820985	    -49.98348747	      5.24109756	    -24.06751207	      0.45667974	    -21.00624975	     -0.31974742	      7.84461575
      1.87000000	     83.26719702	     51.88906580	     -4.79056484	    -76.98550833	    246.97219829	   -274.38269110	     37.75256440	     -1.45628900	      5.07538498	     24.11966462	     10.87752323	    -45.60411078	      5.84338847	    -22.85235631	      0.43011529	    -21.29138095	     -0.33238819	      7.78124225
      1.88000000	     84.65511464	     42.68291787	     -4.23771782	    -62.42387931	    251.46236618	   -271.72924315	     38.09426153	     -0.43890803	      7.23307057	     24.56090566	      9.50118549	    -39.31848706	      6.62968070	    -20.52708955	      0.41909739	    -21.67864187	     -0.33592834	      7.80422140
      1.89000000	     85.87526611	     31.36001427	     -3.47392649	    -44.04410836	    255.32108089	   -269.96459373	     38.19951968	      0.70331666	      9.97136285	     24.63554228	      7.79635592	    -31.64609448	      7.55671603	    -17.35221029	      0.42384894	    -22.16870635	     -0.33120054	      7.89867852
      1.90000000	     87.07767398	     18.89406286	     -2.52321271	    -23.62052276	    258.85617118	   -269.21102993	     38.21235594	      1.96339798	     13.03134036	     24.40314677	      5.91196256	    -23.21001725	      8.55935634	    -13.64118576	      0.44266002	    -22.75804544	     -0.31967457	      8.04609341
      1.91000000	     88.39338019	      6.36855190	     -1.39909352	     -3.07283683	    262.36941913	   -269.57808562	     38.28708010	      3.34914753	     16.09066520	     23.92942413	      3.99798204	    -14.67547913	      9.54813835	     -9.72844333	      0.47178545	    -23.43948533	     -0.30349139	      8.22628367
      1.92000000	     89.91575840	     -5.11227797	     -0.10316213	     15.68567482	    266.11766064	   -271.16780941	     38.58379861	      4.88348504	     18.78060767	     23.27184842	      2.19177010	     -6.68501722	     10.41106465	     -5.93810964	      0.50559929	    -24.20302842	     -0.28542468	      8.42068261
      1.93000000	     91.69808525	    -14.51454709	      1.37289420	     30.90475785	    270.29337633	   -274.05982278	     39.25884831	      6.60223676	     20.71375405	     22.47876765	      0.60960076	      0.19801719	     11.01952702	     -2.55736174	      0.53700467	    -25.03444820	     -0.26872284	      8.61307260
      1.94000000	     93.75538606	    -20.96382206	      3.04407945	     41.15137121	    275.00498876	   -278.30921536	     40.44931537	      8.54977979	     21.51461077	     21.58912979	     -0.66051639	      5.54022433	     11.23657309	      0.18612871	      0.55807955	    -25.91584923	     -0.25687701	      8.78991588
      1.95000000	     96.06714256	    -23.83146522	      4.92851801	     45.45496478	    280.25245121	   -283.94467923	     42.25127013	     10.77157828	     20.85186048	     20.63297235	     -1.56531126	      9.08414285	     10.92737168	      2.14411005	      0.56087894	    -26.82652318	     -0.25324426	      8.94264070
      1.96000000	     98.56864124	    -22.80847668	      7.04031377	     43.42614461	    285.89264593	   -290.95407146	     44.69147520	     13.30181766	     18.47389435	     19.62701276	     -2.09253155	     10.77783053	      9.97228350	      3.25907411	      0.53826973	    -27.74595261	     -0.26041278	      9.06748802
      1.97000000	    101.13169631	    -17.95658485	      9.37975929	     35.31944729	    291.59762279	   -299.25642425	     47.69670788	     16.14643364	     14.24190190	     18.56819796	     -2.27465773	     10.78599354	      8.28075055	      3.56977249	      0.48472512	    -28.65369611	     -0.27947170	      9.16490018
      1.98000000	    103.53796307	     -9.72525146	     11.92178962	     22.02747641	    296.82531377	   -308.64529121	     51.06892753	     19.26322988	      8.15728683	     17.42691156	     -2.18741887	      9.47692433	      5.80489696	      3.20614950	      0.39703934	    -29.52815428	     -0.30944053	      9.23648355
      1.99000000	    105.46772100	      1.07138473	     14.60228458	      5.00598035	    300.83312048	   -318.74091671	     54.47640771	     22.54228084	      0.38377315	     16.15210854	     -1.94088555	      7.38201447	      2.55273952	      2.37312289	      0.27487686	    -30.34556004	     -0.34696706	      9.28350722
      2.00000000	    106.51788720	     13.32461646	     17.30516141	    -13.87775198	    302.75503917	   -328.97538433	     57.47273963	     25.79374649	     -8.74280076	     14.68836836	     -1.66368476	      5.12958208	     -1.40125297	      1.32458584	      0.12105931	    -31.07956434	     -0.38642845	      9.30491628
      2.01000000	    106.26081039	     25.74491674	     19.85592782	    -32.55854364	    301.74673899	   -338.63058260	     59.55167841	     28.75213447	    -18.72308194	     13.00279647	     -1.48332594	      3.36159832	     -5.91038602	      0.33111511	     -0.05839887	    -31.70339424	     -0.42061691	      9.29642650
      2.02000000	    104.34345917	     36.99643884	     22.02897294	    -49.00712591	    297.18178822	   -346.91117614	     60.23477796	     31.10414430	    -28.92217856	     11.11736522	     -1.50774823	      2.65249961	    -10.75605803	     -0.34993847	     -0.25446768	    -32.19160672	     -0.44202203	      9.25049176
      2.03000000	    100.60623005	     45.84952801	     23.57494172	    -61.47227279	    288.85557693	   -353.02848824	     59.17630803	     32.54274250	    -38.62530937	      9.13779468	     -1.81187446	      3.43563674	    -15.65895134	     -0.50211864	     -0.45563531	    -32.52288778	     -0.44444833	      9.15745623
      2.04000000	     95.18623848	     51.35280575	     24.26837160	    -68.74179404	    277.13620617	   -356.26932627	     56.25904788	     32.84029104	    -47.12898664	      7.27007741	     -2.43034784	      5.93901042	    -20.30664004	      0.02722395	     -0.64895805	    -32.67823974	     -0.42458264	      9.00845951
      2.05000000	     88.55738786	     53.00633629	     23.96261480	    -70.38992478	    263.00362208	   -356.03814952	     51.64818855	     31.91886757	    -53.85289619	      5.80945859	     -3.35636024	     10.12850556	    -24.39550617	      1.30391431	     -0.82151102	    -32.64139740	     -0.38310426	      8.79556735
      2.06000000	     81.48137155	     50.87150059	     22.62892095	    -66.91272518	    247.93434579	   -351.85009017	     45.77582933	     29.88691442	    -58.43504506	      5.10374456	     -4.54763537	     15.68221205	    -27.67528259	      3.29383046	     -0.96190607	    -32.39635768	     -0.32480087	      8.51399018
      2.07000000	     74.86483009	     45.56066388	     20.36191743	    -59.66312749	    233.63900611	   -343.29639313	     39.25273506	     27.02134944	    -60.77547455	      5.49002156	     -5.93933627	     22.01973207	    -29.98195631	      5.86521123	     -1.06151044	    -31.92470331	     -0.25735204	      8.16523322
      2.08000000	     69.56338574	     38.10823613	     17.34999376	    -50.59380289	    221.73396585	   -330.01919472	     32.73721304	     23.70052943	    -61.02034533	      7.21887512	     -7.45954506	     28.38640497	    -31.25087286	      8.80547354	     -1.11515252	    -31.20525988	     -0.18919263	      7.75779938
      2.09000000	     66.20244142	     29.76609886	     13.82532112	    -41.88282619	    213.45105773	   -311.73340320	     26.80754481	     20.31549144	    -59.50220275	     10.39250702	     -9.04252687	     33.97606522	    -31.51004396	     11.85127648	     -1.12135497	    -30.21441636	     -0.12736800	      7.30797463
      2.10000000	     65.06521446	     21.77505073	     10.01884685	    -35.51965553	    209.46217825	   -288.29302608	     21.87688360	     17.19259354	    -56.66022021	     14.93072173	    -10.63565323	     38.06931689	    -30.85927513	     14.72455361	     -1.08227086	    -28.92896882	     -0.07615789	      6.83815210
      2.11000000	     65.60582772	     15.46823827	      5.89316855	    -27.92404079	    210.66490445	   -273.50234139	     18.56424182	     14.70676308	    -53.49790780	     20.57394048	    -12.19956010	     40.16382436	    -28.82357260	     17.17132259	     -1.71947552	    -27.32964388	      0.39677830	      6.37210511
      2.12000000	     67.47269631	     13.62995955	      1.93676659	    -25.31714390	    215.86962593	   -261.67745742	     16.57093139	     12.99528905	    -52.30187652	     26.92057004	    -13.70166451	     40.07098116	    -27.10823709	     18.99799572	     -2.84797079	    -25.40664077	      1.06145116	      5.92893487
      2.13000000	     70.25631192	     14.80591726	     -1.76983879	    -25.43863698	    224.58409667	   -254.61720032	     16.04810620	     11.91045568	    -51.87821009	     33.48606900	    -15.10344936	     37.95862627	    -24.80118584	     20.09909175	     -4.10689553	    -23.16529781	      1.89202358	      5.51893905
      2.14000000	     73.36732051	     18.60489071	     -5.01362707	    -27.27869710	    235.85678594	   -254.07768490	     16.97809779	     11.35760616	    -52.34535352	     39.76424503	    -16.34393514	     34.32152777	    -21.92614143	     20.46798436	     -5.52560530	    -20.63190243	      2.86973269	      5.13933749
      2.15000000	     76.30112993	     24.16820681	     -7.56590230	    -29.58182520	    248.59872472	   -260.83708646	     19.30781690	     11.19981356	    -53.58512536	     45.28711753	    -17.32825502	     29.86894441	    -18.52792509	     20.18402283	     -7.16125286	    -17.85715217	      3.95758188	      4.77490821
      2.16000000	     78.67025587	     30.26715973	     -9.23419861	    -31.14236994	    261.59503459	   -274.01768097	     22.89442215	     11.27394004	    -55.17678894	     49.66839292	    -17.92926555	     25.35860630	    -14.68164683	     19.37955082	     -9.08131165	    -14.92017817	      5.10342311	      4.40118126
      2.17000000	     80.21691338	     35.52207187	     -9.91212126	    -30.97808302	    273.59611674	   -291.11334334	     27.48763556	     11.42920186	    -56.44060028	     52.62474407	    -18.00533405	     21.42235334	    -10.50480359	     18.19782706	    -11.34062445	    -11.92886672	      6.25794836	      3.99109194
      2.18000000	     80.97689793	     39.06229931	     -9.52088234	    -28.68993073	    283.85638231	   -310.01564075	     32.98390578	     11.63724352	    -56.96202097	     53.98173574	    -17.43292286	     18.44450874	     -6.26289364	     16.76267365	    -13.94717943	     -9.01739083	      7.39863898	      3.52419729
      2.19000000	     81.20766906	     40.81830349	     -8.03361275	    -24.90006177	    292.10697014	   -329.33639633	     39.37449350	     11.92337813	    -56.82836680	     53.68171251	    -16.14589363	     16.53133334	     -2.41128995	     15.17751206	    -16.81677024	     -6.33488897	      8.50204513	      2.99517355
      2.20000000	     81.07051317	     41.16537157	     -5.60194054	    -20.86591326	    298.03298239	   -347.70925634	     46.43035174	     12.21608168	    -56.29399009	     51.79219322	    -14.16607162	     15.54490122	      0.58829950	     13.53484497	    -19.78409178	     -4.02309970	      9.52627063	      2.41887940
      2.21000000	     80.59725213	     40.67040013	     -2.52950420	    -18.02826502	    301.24892487	   -363.54423813	     53.68839629	     12.36595204	    -55.59451137	     48.50986973	    -11.61498859	     15.17673649	      2.37387688	     11.92023360	    -22.63679444	     -2.18737509	     10.40942179	      1.82936229
      2.22000000	     79.78114639	     39.86861946	      0.80182871	    -17.48805030	    301.50087905	   -375.25383567	     60.59146425	     12.21781811	    -54.85715937	     44.15124679	     -8.69928131	     15.06931982	      2.74683451	     10.42150128	    -25.16297395	     -0.87160278	     11.08953860	      1.27028689
      2.23000000	     78.60644706	     39.08890973	      3.99590122	    -19.63367100	    298.74605360	   -381.60769589	     66.58532985	     11.66057758	    -54.06563344	     39.12009581	     -5.67005433	     14.93637913	      1.71131469	      9.13635651	    -27.18856195	     -0.04805974	     11.51907945	      0.78223683
      2.24000000	     77.19572223	     39.13731826	      6.54767116	    -22.18274837	    294.14464376	   -374.48437483	     71.17213854	     10.66040972	    -53.08069377	     34.47738262	     -3.09710821	     13.88607173	     -0.53250046	      6.79076785	    -28.60224693	      0.65332701	     11.67273468	      0.08895014
      2.25000000	     75.15233738	     37.76482837	      8.61794143	    -29.56119860	    285.31387043	   -375.01113238	     73.97734683	      9.27721350	    -51.67947988	     28.96076352	     -0.28119922	     13.96090993	     -3.62539067	      7.37032054	    -29.36290266	      0.65068044	     11.55008940	      0.05172773
      2.26000000	     72.74085772	     36.30758181	      9.77686583	    -36.24971530	    274.86869410	   -367.93838252	     74.83496926	      7.66137977	    -49.60995906	     24.15793524	      1.96774346	     13.55900330	     -7.11687877	      7.94464273	    -29.49791828	      0.62989322	     11.17633432	      0.01911165
      2.27000000	     70.08647382	     34.41187019	     10.02023657	    -41.00129142	    263.54160517	   -355.29080901	     73.84371633	      6.02454482	    -46.64400638	     20.26877245	      3.58898930	     12.77011191	    -10.54014509	      8.51404603	    -29.08635361	      0.59424924	     10.59731868	     -0.00669824
      2.28000000	     67.41989505	     31.71533052	      9.44933934	    -42.78066467	    252.19974295	   -339.42451503	     71.36034455	      4.58989014	    -42.62376266	     17.37032998	      4.60123703	     11.74540473	    -13.48548265	      9.09162949	    -28.24236593	      0.54852739	      9.87291848	     -0.02451824
      2.29000000	     65.03212663	     27.95982017	      8.23196081	    -40.99555582	    241.71110748	   -322.63162991	     67.92808347	      3.53514293	    -37.50290387	     15.42299481	      5.08247955	     10.64778314	    -15.65795788	      9.69160429	    -27.09747200	      0.49815646	      9.06869467	     -0.03417057
      2.30000000	     63.19133793	     23.10091052	      6.56476001	    -35.67071728	    232.77494063	   -306.80342424	     64.15553011	      2.94540123	    -31.38584909	     14.29279329	      5.14508763	      9.60138116	    -16.91135425	     10.31651007	    -25.78499568	      0.44818329	      8.24697246	     -0.03634763
      2.31000000	     62.06743634	     17.37321022	      4.64579793	    -27.50346201	    225.79457123	   -293.23737911	     60.59703985	      2.79504057	    -24.54553011	     13.78390608	      4.91269574	      8.65371271	    -17.25195177	     10.94741661	    -24.42721952	      0.40238199	      7.45887384	     -0.03238982
      2.32000000	     61.68839113	     11.28877127	      2.65808575	    -17.76800618	    220.83277432	   -282.61288410	     57.66522333	      2.96265575	    -17.40915889	     13.67414055	      4.50291119	      7.76020814	    -16.81831769	     11.54005805	    -23.13024514	      0.36277264	      6.74273499	     -0.02404057
      2.33000000	     61.95193720	      5.56935236	      0.76097912	     -8.10674318	    217.66483802	   -275.09273183	     55.60357343	      3.27037603	    -10.50852693	     13.74769165	      4.01651418	      6.79135530	    -15.84299358	     12.02692026	    -21.97995765	      0.32956519	      6.12163714	     -0.01320783
      2.34000000	     62.64953694	      1.03763457	     -0.91578511	     -0.26707040	    215.86042609	   -270.48092693	     54.48046003	      3.52772249	     -4.40712554	     13.82236548	      3.53132274	      5.55415570	    -14.60340001	     12.32276141	    -21.04256156	      0.30121870	      5.60699555	     -0.00171952
      2.35000000	     63.50410023	     -1.50086589	     -2.27563332	      4.14344157	    214.87667216	   -268.39241224	     54.20813595	      3.56826057	      0.37657965	     13.77023386	      3.09906365	      3.82051608	    -13.37249733	     12.33165099	    -20.36568079	      0.27449967	      5.19973989	      0.00890538
      2.36000000	     64.22478391	     -1.37468624	     -3.25721023	      3.87529577	    214.17301698	   -268.40205958	     54.58830875	      3.27436461	      3.44095680	     13.53186401	      2.74544225	      1.36242664	    -12.37979658	     11.95602985	    -19.97981900	      0.24488423	      4.89408837	      0.01760245
      2.37000000	     64.56449719	      1.84367501	     -3.83467813	     -1.77475058	    213.31679896	   -270.12445846	     55.36564408	      2.58965244	      4.56420908	     13.12440578	      2.47412749	     -2.00812933	    -11.78543180	     11.10750431	    -19.89994516	      0.20741048	      4.67954425	      0.02381360
      2.38000000	     64.36613915	      8.26129004	     -4.01455833	    -12.85062743	    212.06335532	   -273.22020413	     56.27465259	      1.51962999	      3.74212477	     12.64282953	      2.27438114	     -6.40329722	    -11.66844340	      9.71703903	    -20.12524097	      0.15759296	      4.54483183	      0.02750161
      2.39000000	     63.60024118	     17.63450591	     -3.83042305	    -28.72327646	    210.40234221	   -277.36358579	     57.08506360	      0.12388237	      1.19654208	     12.25241040	      2.13113790	    -11.83454491	    -12.02778421	      7.74315841	    -20.64012170	      0.09211748	      4.47727820	      0.02914825
      2.40000000	     62.38134709	     29.37663192	     -3.33690454	    -48.15405653	    208.56579752	   -282.20276579	     57.63540389	     -1.49538506	     -2.63950155	     12.16964011	      2.03590201	    -18.19860754	    -12.79024679	      5.17916026	    -21.41697311	      0.00937065	      4.46488109	      0.02969652
      2.41000000	     60.96055786	     42.58849310	     -2.60353495	    -69.40167535	    206.99499505	   -287.33055265	     57.85297237	     -3.20514180	     -7.15269075	     12.62997518	      1.99681376	    -25.26898979	    -13.82133863	      2.06133658	    -22.41911798	     -0.09010071	      4.49682693	      0.03040269
      2.42000000	     59.69207506	     56.10065653	     -1.70942081	    -90.34566346	    206.27079865	   -292.28638727	     57.75610804	     -4.85285558	    -11.58810641	     13.84488937	      2.04585432	    -32.69293248	    -14.93501401	     -1.52212546	    -23.60412927	     -0.20327504	      4.56242817	      0.03260832
      2.43000000	     58.97422712	     68.54473835	     -0.73734581	   -108.65039901	    207.01981804	   -296.59283098	     57.43474679	     -6.27925258	    -15.10421019	     15.95565904	      2.24029288	    -40.00339807	    -15.90433592	     -5.42567351	    -24.92506461	     -0.32466925	      4.65206466	      0.03747605
      2.44000000	     59.18216939	     78.46955090	      0.23161542	   -121.98437631	    209.81509057	   -299.82801866	     57.02118738	     -7.33583300	    -16.85475281	     18.99458423	      2.65628494	    -46.65001351	    -16.48256846	     -9.44769010	    -26.33430222	     -0.44674316	      4.75632161	      0.04575639
      2.45000000	     60.60855033	     84.47708055	      1.11868682	   -128.25741986	    215.09568770	   -301.70119981	     56.65867543	     -7.90652328	    -16.08028892	     22.86272528	      3.37520200	    -52.04150889	    -16.42759855	    -13.33893152	    -27.78342447	     -0.56056582	      4.86376922	      0.05762997
      2.46000000	     63.42237351	     85.37895519	      1.84565378	   -125.86671093	    223.11518701	   -302.10446654	     56.47507100	     -7.93095439	    -12.20847142	     27.33030575	      4.46576414	    -55.59997538	    -15.53419922	    -16.82052099	    -29.22494751	     -0.65664944	      4.95949036	      0.07260831
      2.47000000	     67.64693535	     80.36598497	      2.33590483	   -113.94788018	    233.91378863	   -301.12283386	     56.55755883	     -7.42369917	     -4.94785098	     32.06594935	      5.96693695	    -56.83387969	    -13.66492074	    -19.61482450	    -30.61086099	     -0.72602119	      5.02394245	      0.08952549
      2.48000000	     73.15536237	     69.16077887	      2.52315041	    -92.57265855	    247.30563759	   -299.00591541	     56.92625686	     -6.48047650	      5.64329307	     36.69448641	      7.87662661	    -55.41980282	    -10.77489784	    -21.48528149	    -31.89319992	     -0.76150045	      5.03461185	      0.10673257
      2.49000000	     79.67896450	     52.11005439	      2.36799041	    -62.83293013	    262.86426499	   -296.09897102	     57.51109604	     -5.26550301	     19.13167187	     40.86870656	     10.14813254	    -51.26995214	     -6.92159428	    -22.27496246	    -33.02434758	     -0.75885003	      4.96738760	      0.12248150
      2.50000000	     86.81095906	     30.20119886	      1.87974153	    -26.79720815	    279.89064026	   -292.72327799	     58.13133880	     -3.98161501	     34.72260327	     44.33230923	     12.69239286	    -44.56805317	     -2.25954305	    -21.93421103	    -33.95412667	     -0.71746840	      4.80273388	      0.13532407
      2.51000000	     94.01634189	      4.98764313	      1.13336043	     12.67743999	    297.38076037	   -289.03744869	     58.50139444	     -2.82850960	     51.31766047	     46.95315278	     15.38217727	    -35.76147890	      2.97512840	    -20.52969858	    -34.62874993	     -0.64053926	      4.52824380	      0.14437592
      2.52000000	    100.65844607	    -21.58775148	      0.26826346	     52.28450811	    314.04042765	   -284.91365473	     58.26967973	     -1.95950575	     67.62642512	     48.71745087	     18.05662365	    -25.50655910	      8.49024604	    -18.23163862	    -34.98930266	     -0.53461746	      4.14263107	      0.14938400
      2.53000000	    106.05239123	    -47.43945174	     -0.53258009	     88.69616982	    328.37428858	   -279.88968558	     57.08568422	     -1.44921767	     82.32006368	     49.69401695	     20.52903888	    -14.58155799	     13.96731331	    -15.28389393	    -34.97441719	     -0.40866306	      3.65714835	      0.15060680
      2.54000000	    109.53893059	    -70.61109581	     -1.07877107	    118.99594413	    338.84696438	   -273.22003252	     54.67084324	     -1.28159255	     94.20361143	     49.98584662	     22.60127504	     -3.78681746	     19.09422151	    -11.96512832	    -34.52360093	     -0.27281073	      3.09610406	      0.14859067
      2.55000000	    110.57979910	    -89.53679735	     -1.22045505	    141.06645923	    344.10656531	   -264.01985884	     50.88324866	     -1.36264405	    102.38808437	     49.68417707	     24.08528801	      6.15418421	     23.59719142	     -8.54787378	    -33.58511866	     -0.13723766	      2.49498208	      0.14394348
      2.56000000	    108.86427184	   -103.24903500	     -0.89414141	    153.87429723	    343.23639532	   -251.45307303	     45.76156037	     -1.55437274	    106.43290897	     48.84116714	     24.83117792	     14.67901281	     27.27027400	     -5.26244715	    -32.12427185	     -0.01113608	      1.89389960	      0.13718029
      2.57000000	    106.53814405	   -112.12967542	      0.90542971	    166.73431929	    338.02193493	   -252.63019807	     39.52809961	     -1.71864132	    106.41112961	     48.21512580	     25.26036910	     22.16390611	     29.99288842	     -0.96061522	    -30.13204817	     -1.23916454	      1.33382723	      0.81043307
      2.58000000	    100.87188292	   -113.03969364	      2.31926933	    167.36280295	    325.37543989	   -251.69756542	     32.55809953	     -1.75832785	    102.88498183	     46.88263156	     24.20567519	     25.04507452	     31.73659708	      1.71443549	    -27.63126938	     -2.29547166	      0.84785102	      1.41458017
      2.59000000	     93.69329759	   -109.03111579	      3.80583600	    163.11869923	    307.98067682	   -253.74306795	     25.32247438	     -1.64645747	     96.79410176	     45.05359559	     22.38130663	     25.44140390	     32.55828746	      4.09780962	    -24.67962681	     -3.58842411	      0.45938214	      2.21714447
      2.60000000	     85.85244706	   -101.42904676	      5.08031072	    156.25518330	    287.57520964	   -259.46317838	     18.33044903	     -1.43935274	     89.28081012	     42.70083540	     19.99313265	     23.65932780	     32.58111514	      6.27409592	    -21.36954525	     -5.13078975	      0.17707099	      3.23249947
      2.61000000	     78.31224788	    -91.80616994	      5.89452326	    148.98391850	    266.28539790	   -269.05532150	     12.06962145	     -1.26637773	     81.47965722	     39.85729916	     17.31910836	     20.27362119	     31.96350529	      8.37969679	    -17.82777059	     -6.92992173	     -0.00178254	      4.45383765
      2.62000000	     72.00520063	    -81.83306172	      6.09357278	    143.17910351	    246.33794152	   -281.85958379	      6.95449181	     -1.29701394	     74.32677837	     36.62209866	     14.65756585	     16.13955776	     30.87199242	     10.59354252	    -14.20986962	     -8.97621622	     -0.09320614	      5.84310952
      2.63000000	     67.66982163	    -73.09171568	      5.64440958	    140.11571499	    229.73098742	   -296.06268802	      3.28994732	     -1.69246837	     68.40602098	     33.14904923	     12.25168633	     12.33358109	     29.45215182	     13.09389219	    -10.68979833	    -11.23703136	     -0.12228496	      7.32660926
      2.64000000	     65.62450089	    -66.48773669	      4.59268906	    139.82623882	    217.75293560	   -309.10048548	      1.25393831	     -2.55208209	     63.86640469	     29.62707631	     10.20431583	      9.64284919	     27.80492618	     15.84791698	     -7.44423493	    -13.64801767	     -0.11913601	      8.80454936
      2.65000000	     65.56268630	    -61.76985426	      3.01502040	    140.94779294	    210.46830974	   -319.66905485	      0.88343306	     -3.86494515	     60.44002416	     26.10620738	      8.46432308	      8.03654141	     25.97875700	     18.54227820	     -4.63093640	    -16.11544496	     -0.11010450	     10.18862531
      2.66000000	     66.80588136	    -57.84740729	      1.08111757	    141.25434645	    207.06418503	   -327.98982483	      2.06346711	     -5.48495175	     57.58177231	     22.56625560	      6.96872882	      6.88652332	     23.98445423	     20.75304781	     -2.36484128	    -18.52739265	     -0.11204788	     11.41381554
      2.67000000	     68.63903005	    -53.47612062	     -0.93706722	    138.48746049	    206.45931006	   -334.66798063	      4.53868286	     -7.15493697	     54.70595934	     19.03174241	      5.73249200	      5.46719589	     21.83605810	     22.11273953	     -0.69673261	    -20.77305666	     -0.12961475	     12.42939848
      2.68000000	     70.51650468	    -47.70950815	     -2.73327668	    130.98687690	    207.71236401	   -339.98173200	      7.96159328	     -8.57702098	     51.38969097	     15.61854582	      4.84312556	      3.22989141	     19.58308095	     22.37247664	      0.39226441	    -22.75939662	     -0.15801871	     13.19753202
      2.69000000	     72.14628325	    -40.11350050	     -4.04433207	    118.07187742	    210.20657742	   -343.83418448	     11.95421919	     -9.49173448	     47.46970109	     12.51836417	      4.40757567	     -0.08420850	     17.31868359	     21.43107402	      0.98103182	    -24.41945089	     -0.18882867	     13.69742349
      2.70000000	     73.83301391	    -29.58475265	     -4.82191752	    100.13258654	    213.89549299	   -341.63744751	     16.53356557	     -9.73050867	     41.94388574	      9.93086619	      4.48687270	     -4.43243420	     13.99380647	     19.33984174	      1.20883687	    -25.71827387	     -0.23380643	     13.93076913
      2.71000000	     74.67616795	    -19.97089560	     -4.73989592	     77.35694964	    218.19047704	   -347.29518704	     20.57482757	     -9.35858819	     38.02514584	      8.01144378	      5.04812512	     -9.48085140	     13.32302323	     16.29817785	      1.16526996	    -26.65257918	     -0.26756408	     13.91788291
      2.72000000	     75.63211899	     -9.99986954	     -4.09371527	     53.90820402	    223.42343913	   -348.48671691	     24.40206103	     -8.34805400	     33.99840024	      6.85343246	      5.94932868	    -14.66116593	     12.55448101	     12.63125653	      1.10104794	    -27.24259127	     -0.29441325	     13.69481961
      2.73000000	     76.88417131	     -0.81509438	     -3.04219756	     32.10207704	    229.63747765	   -345.82700091	     27.92425171	     -6.85729788	     30.22595854	      6.46355520	      6.95977462	    -19.29230564	     11.77457813	      8.73736081	      1.02434833	    -27.52699654	     -0.31547768	     13.30404100
      2.74000000	     78.52052650	      6.48914681	     -1.77538497	     14.11856645	    236.69213999	   -340.02759614	     31.09418987	     -5.07696246	     27.02554245	      6.75119313	      7.81426910	    -22.73083341	     11.06321715	      5.02010315	      0.94383387	    -27.55528147	     -0.33243212	     12.79298511
      2.75000000	     80.50362575	     11.10806112	     -0.47023722	      1.53421636	    244.23666692	   -331.84790103	     33.89611758	     -3.18539503	     24.60283835	      7.54743112	      8.28141185	    -24.50739666	     10.47640622	      1.82218445	      0.86719629	    -27.37993983	     -0.34671737	     12.20530977
      2.76000000	     82.70685053	     12.69828709	      0.73917648	     -5.00066780	    251.79086972	   -322.06171771	     36.33726649	     -1.31870736	     23.01464915	      8.66021977	      8.22218099	    -24.42171345	     10.03714757	     -0.62594021	      0.80013180	    -27.05261571	     -0.35907383	     11.57917419
      2.77000000	     84.96866949	     11.44936230	      1.77552091	     -5.88756430	    258.86027743	   -311.45868425	     38.44332912	      0.44274328	     22.15971215	      9.92029445	      7.61952254	    -22.58119385	      9.73298095	     -2.23176749	      0.74570083	    -26.62016374	     -0.36938326	     10.94515224
      2.78000000	     87.14567565	      8.05477346	      2.61807284	     -2.49857493	    265.04470128	   -300.82624372	     40.25826165	      2.07340326	     21.79180595	     11.21112661	      6.57350791	    -19.38200780	      9.51782336	     -3.04357542	      0.70404580	    -26.12493549	     -0.37680988	     10.32734862
      2.79000000	     89.15008559	      3.59418776	      3.29217801	      3.07788032	    270.11533541	   -290.89759826	     41.84697530	      3.59156911	     21.54905690	     12.47743363	      5.26644352	    -15.43563841	      9.31619410	     -3.22740295	      0.67246816	    -25.60430263	     -0.38021928	      9.74285317
      2.80000000	     90.97100977	     -0.64516763	      3.85446544	      8.41174697	    274.04880823	   -282.30981116	     43.29777142	      5.04395102	     20.99567030	     13.71720633	      3.91246153	    -11.45767576	      9.02936822	     -3.02379091	      0.64588983	    -25.09023820	     -0.37881938	      9.20435891
      2.81000000	     92.66596286	     -3.36702520	      4.37867182	     11.14409921	    277.01278165	   -275.59408561	     44.72100656	      6.49105253	     19.67211115	     14.95111504	      2.70792105	     -8.14929019	      8.54331629	     -2.70073185	      0.61763806	    -24.61268144	     -0.37287340	      8.71885271
      2.82000000	     94.34915103	     -3.45656133	      4.94710170	      9.35973547	    279.32482970	   -271.19690588	     46.24090684	      7.99768914	     17.14598325	     16.20041634	      1.79582055	     -6.08121649	      7.73726255	     -2.50134799	      0.58026177	    -24.19839382	     -0.36408025	      8.29202432
      2.83000000	     96.17480628	     -0.12521041	      5.64399759	      1.84966573	    281.40618236	   -269.48113132	     47.97814310	      9.62871237	     13.05986569	     17.48030616	      1.24878216	     -5.61156286	      6.49293804	     -2.60443910	      0.52625545	    -23.87158074	     -0.35524639	      7.92630720
      2.84000000	     98.30047139	      7.00476265	      6.54745097	    -11.76105509	    283.68996909	   -270.68337320	     50.02139141	     11.44556029	      7.17826849	     18.79721981	      1.07013609	     -6.85558654	      4.70628300	     -3.10718946	      0.44896272	    -23.65095283	     -0.34940449	      7.62239344
      2.85000000	    100.81994081	     17.84811544	      7.72273321	    -30.97623807	    286.48229448	   -274.85475844	     52.39002185	     13.49959578	     -0.57120918	     20.13194597	      1.20417095	     -9.67740452	      2.30076292	     -4.01818265	      0.34366167	    -23.54821417	     -0.34887542	      7.38028709
      2.86000000	    103.69093555	     31.85449293	      9.21420987	    -54.50218536	    289.82224293	   -281.79570457	     54.99625171	     15.81952635	    -10.07132196	     21.42523331	      1.55273357	    -13.70929194	     -0.76025498	     -5.26235878	      0.20839613	    -23.57060327	     -0.35453995	      7.19982277
      2.87000000	    106.67892606	     48.05405684	     11.03112162	    -80.41757329	    293.37685327	   -290.99602815	     57.61859096	     18.39076209	    -21.00182829	     22.57260981	      1.99457629	    -18.39855625	     -4.46158375	     -6.69492887	      0.04438836	    -23.72004647	     -0.36536505	      7.08105123
      2.88000000	    109.33719509	     65.12724008	     13.12705858	   -106.37304673	    296.40960926	   -301.61421899	     59.90017099	     21.12924633	    -32.83621823	     23.42822445	      2.40204364	    -23.06573635	     -8.72352710	     -8.11998683	     -0.14379974	    -23.99248964	     -0.37830551	      7.02382446
      2.89000000	    111.04537037	     81.49979671	     15.38025629	   -129.80721897	    297.85857412	   -312.52490606	     61.38509720	     23.86036767	    -44.85694717	     23.82148906	      2.65487966	    -26.96916294	    -13.39106084	     -9.31123923	     -0.34835375	    -24.37731829	     -0.38869300	      7.02604943
      2.90000000	    111.12364141	     95.48502884	     17.58628116	   -148.20413084	    296.54408627	   -322.43557630	     61.59888128	     26.31914592	    -56.20520684	     23.59412041	      2.65242404	    -29.38279748	    -18.23125786	    -10.03648427	     -0.55870128	    -24.85595482	     -0.39111176	      7.08213827
      2.91000000	    109.01060332	    105.48257873	     19.47709690	   -159.40003277	    291.48085916	   -330.06813793	     60.16351408	     28.18590783	    -65.97660282	     22.65124617	      2.32414810	    -29.68713241	    -22.94619928	    -10.08701388	     -0.76245807	    -25.40318782	     -0.38071916	      7.18211340
      2.92000000	    104.45984205	    110.20217005	     20.77224591	   -161.89633832	    282.21612611	   -334.36072087	     56.91668364	     29.15837326	    -73.35283176	     21.01343191	      1.63587915	    -27.45363419	    -27.20422056	     -9.30340199	     -0.94668469	    -25.98862372	     -0.35477186	      7.31086022
      2.93000000	     97.68454906	    108.85639453	     21.24861418	   -155.09931948	    269.07315911	   -334.61820208	     51.98919020	     29.03924221	    -77.73277454	     18.85360708	      0.58905128	    -22.50498033	    -30.68398906	     -7.59233589	     -1.09919103	    -26.57683222	     -0.31378755	      7.44892236
      2.94000000	     89.37394111	    101.28559273	     20.79965982	   -139.43970125	    253.18169632	   -330.54794453	     45.80023239	     27.80230017	    -78.82359712	     16.49696857	     -0.78529987	    -14.95173930	    -33.12116708	     -4.93988418	     -1.20964276	    -27.12815557	     -0.26176423	      7.57353520
      2.95000000	     80.56326361	     88.00739133	     19.45701031	   -116.38329620	    236.27051714	   -322.17799720	     38.96462457	     25.60724923	    -76.67864191	     14.38130429	     -2.43412695	     -5.20666260	    -34.34945607	     -1.42009835	     -1.27048360	    -27.59574621	     -0.20526619	      7.66043739
      2.96000000	     72.40245888	     70.20608407	     17.36875849	    -88.35244897	    220.30628826	   -309.71723295	     32.15086143	     22.76082631	    -71.69085339	     12.98223025	     -4.28822889	      6.01947601	    -34.32995539	      2.79611891	     -1.27788807	    -27.92497124	     -0.15163277	      7.68715822
      2.97000000	     65.90259370	     49.63216745	     14.74819299	    -58.50666286	    207.10194856	   -293.41789868	     25.94488576	     19.64263371	    -64.54217584	     12.71793086	     -6.26733606	     17.76669772	    -33.15924607	      7.44367021	     -1.23258416	    -28.05265726	     -0.10687515	      7.63567968
      2.98000000	     61.73357345	     28.37182933	     11.81391849	    -30.31248269	    197.99007610	   -273.49432272	     20.75576053	     16.61907699	    -56.09929273	     13.85932649	     -8.28612388	     28.94314194	    -31.04661284	     12.18709236	     -1.13993447	    -27.91041798	     -0.07400261	      7.49532764
      2.99000000	     60.12595391	      8.51272844	      8.74502831	     -6.95800450	    193.63455399	   -250.11275335	     16.78078482	     13.97270976	    -47.27240616	     16.47504059	    -10.26298595	     38.50046888	    -28.26558438	     16.66676129	     -1.00909797	    -27.42997137	     -0.05246311	      7.26584121
      3.00000000	     60.89377767	     -8.18483711	      5.67350636	      9.19353143	    194.02580378	   -223.45933433	     14.03524200	     11.87125381	    -38.88323254	     20.42057471	    -12.12724486	     45.61128925	    -25.10063124	     20.54998462	     -0.85181185	    -26.55118947	     -0.03897770	      6.95664353
      3.01000000	     63.55766326	    -20.52957291	      2.71168787	     16.95652931	    198.63415606	   -193.86314363	     12.42766821	     10.37713907	    -31.57417791	     25.37283084	    -13.82151531	     49.80416989	    -21.80662332	     23.57727902	     -0.68118837	    -25.22894123	     -0.02942105	      6.58314764
      3.02000000	     67.50947414	    -28.02731034	     -0.01252229	     16.44226537	    206.62903534	   -161.91841041	     11.84087515	      9.47626531	    -25.76145519	     30.89745936	    -15.29945826	     51.03376322	    -18.58592861	     25.59600143	     -0.51041878	    -23.44257087	     -0.02077249	      6.16298738
      3.03000000	     72.15447706	    -30.88551037	     -2.33850257	      8.94005108	    217.07396251	   -128.55078131	     12.18512990	      9.10588313	    -21.62857110	     36.52356795	    -16.51844637	     49.67406158	    -15.58250098	     26.57633790	     -0.35136804	    -21.20668667	     -0.01207781	      5.70942320
      3.04000000	     77.00042746	    -29.88707819	     -4.08359650	     -3.42831593	    229.04455702	    -94.99839152	     13.41138556	      9.17375778	    -19.15751466	     41.80922187	    -17.42801104	     46.42735055	    -12.89052029	     26.60558718	     -0.21344636	    -18.57673583	     -0.00425314	      5.23012070
      3.05000000	     81.67537936	    -26.14218685	     -5.07466489	    -18.22349447	    241.66325784	    -62.69069924	     15.49063526	      9.56870072	    -18.18674144	     46.37437534	    -17.95728353	     42.14815639	    -10.57149575	     25.84938837	     -0.10312234	    -15.65274700	      0.00060978	      4.72455206
      3.06000000	     85.90943370	    -20.80771619	     -5.18958575	    -33.21065798	    254.09147511	    -33.07722326	     18.37597774	     10.16598469	    -18.47557752	     49.91913411	    -18.01647690	     37.64641708	     -8.67131651	     24.50369908	     -0.02398503	    -12.57880128	     -0.00000052	      4.19007154
      3.07000000	     89.49950856	    -14.87225306	     -4.39046190	    -46.73450714	    265.52119332	     -7.46572578	     21.96652573	     10.83238249	    -19.75440060	     52.22825097	    -17.51441198	     33.54210498	     -7.23007493	     22.76535127	      0.02299068	     -9.53078939	     -0.00822973	      3.62545937
      3.08000000	     92.28448287	     -9.03093228	     -2.74119753	    -57.87892657	    275.19810396	     13.13964629	     26.08738834	     11.43443221	    -21.75104472	     53.17867636	    -16.38850511	     30.18217725	     -6.28171263	     20.81190147	      0.03914179	     -6.69389815	     -0.02515779	      3.03568789
      3.09000000	     94.13707699	     -3.66051133	     -0.40654653	    -66.41381417	    282.47446562	     28.16054343	     30.49083324	     11.85076422	    -24.19452352	     52.74991805	    -14.63605403	     27.62886632	     -5.84418433	     18.79080214	      0.02780142	     -4.23152647	     -0.05038790	      2.43498968
      3.10000000	     94.96972832	      1.12835903	      2.36520460	    -72.58810736	    286.87679030	     37.50063745	     34.87612223	     11.98713480	    -26.80538372	     51.03250314	    -12.33506608	     25.70443566	     -5.90435857	     16.80956157	     -0.00602610	     -2.25837529	     -0.08201499	      1.84634198
      3.11000000	     94.74923500	      5.39160569	      5.27381014	    -76.85655353	    288.16908016	     41.52696058	     38.92270083	     11.79079571	    -29.29266388	     48.22957142	     -9.64604359	     24.08252484	     -6.40655899	     14.93088573	     -0.05613799	     -0.82301496	     -0.11692477	      1.29763399
      3.12000000	     93.50690908	      9.23169909	      8.01247506	    -79.63466671	    286.38070997	     40.93562846	     42.33033865	     11.25916873	    -31.36894375	     44.63669731	     -6.78673559	     22.41182916	     -7.25141662	     13.18502929	     -0.11583229	      0.09416654	     -0.15133261	      0.81587021
      3.13000000	     91.33099090	     12.69303556	     10.31814981	    -81.15012900	    281.77796967	     36.54045271	     44.85905657	     10.44002359	    -32.77117414	     40.59076912	     -3.98457699	     20.42648864	     -8.30325857	     11.59422549	     -0.17856388	      0.56898067	     -0.18150124	      0.42037778
      3.14000000	     89.14169614	     16.79261149	     11.54918805	    -81.84370049	    276.32822374	     32.45082280	     46.36290345	      9.42350392	    -33.27753525	     37.36300873	     -1.92049291	     17.00936217	     -9.40333062	      9.23910101	     -0.23832232	      0.71488639	     -0.20452458	      0.10594216
      3.15000000	     85.33217398	     18.55155533	     12.69307103	    -81.54629508	    266.78002427	     18.15305745	     46.81241880	      8.32622078	    -32.72771070	     32.84940727	      0.51507996	     14.79841747	    -10.38971194	      9.08449898	     -0.28988102	      0.67537112	     -0.21896245	      0.07654377
      3.16000000	     81.14664350	     19.75054368	     13.10052425	    -79.18900873	    256.36421423	      4.06967918	     46.30013743	      7.26907228	    -31.04729576	     28.81210888	      2.42973826	     12.03215866	    -11.12111072	      8.78883185	     -0.32908219	      0.61452563	     -0.22508988	      0.05006512
      3.17000000	     76.82473186	     20.24223621	     12.83719263	    -74.82754552	    245.70224102	     -9.80436607	     45.02559730	      6.35445205	    -28.26374259	     25.32771849	      3.81370771	      8.87784896	    -11.49678890	      8.38996465	     -0.35306990	      0.53774464	     -0.22464722	      0.02794617
      3.18000000	     72.59272663	     19.90537115	     12.02372435	    -68.59346624	    235.34493248	    -23.40060484	     43.26134507	      5.64922041	    -24.50585237	     22.38403332	      4.70900070	      5.57104468	    -11.46702594	      7.94842230	     -0.36038002	      0.45193493	     -0.22021443	      0.01084458
      3.19000000	     68.64029113	     18.68321672	     10.80803143	    -60.72227340	    225.72718076	    -36.50691926	     41.30620751	      5.17676407	    -19.98929081	     19.90136219	      5.18837429	      2.37057089	    -11.03369240	      7.53264780	     -0.35093457	      0.36465699	     -0.21447779	     -0.00132446
      3.20000000	     65.10135705	     16.62063576	      9.34097239	    -51.58456818	    217.13938002	    -48.75527629	     39.43533194	      4.91788874	    -14.99629607	     17.76360905	      5.33569134	     -0.49172633	    -10.24412557	      7.20220803	     -0.32599110	      0.28313066	     -0.20961739	     -0.00920395
      3.21000000	     62.04379915	     13.89759585	      7.75976630	    -41.72462615	    209.71883640	    -59.66684995	     37.85865752	      4.81856891	     -9.85631992	     15.85131913	      5.23186106	     -2.85886535	     -9.18218136	      6.99187223	     -0.28804070	      0.21312375	     -0.20694782	     -0.01372498
      3.22000000	     59.47141857	     10.84242881	      6.18042299	    -31.87701783	    203.46425731	    -68.73558734	     36.69823438	      4.80293178	     -4.92461298	     14.06853551	      4.94822815	     -4.68212292	     -7.95760799	      6.90055314	     -0.24063928	      0.15800738	     -0.20683568	     -0.01585045
      3.23000000	     57.33769785	      7.90888095	      4.69713772	    -22.92729990	    198.27123457	    -75.52244975	     35.98779928	      4.78891390	     -0.55275177	     12.35858087	      4.54636063	     -6.03061141	     -6.69334921	      6.88786487	     -0.18816523	      0.11831899	     -0.20883312	     -0.01641237
      3.24000000	     55.56682825	      5.62143676	      3.38485763	    -15.81938870	    193.97973234	    -79.73433765	     35.68975844	      4.70204369	      2.94565038	     10.70882704	      4.08072570	     -7.07672107	     -5.51221404	      6.87814897	     -0.13549001	      0.09188383	     -0.21194992	     -0.01604787
      3.25000000	     54.07689569	      4.50553204	      2.30169041	    -11.43661477	    190.42299891	    -81.26899739	     35.72096329	      4.48385764	      5.32586536	      9.14782343	      3.60062747	     -8.06351398	     -4.52515029	      6.77012065	     -0.08755380	      0.07435208	     -0.21498434	     -0.01519257
      3.26000000	     52.80088324	      5.01866666	      1.49002875	    -10.48460617	    187.46938517	    -80.21893582	     35.97886707	      4.09484599	      6.43455855	      7.73867794	      3.14991678	     -9.26346741	     -3.82215429	      6.44963635	     -0.04886333	      0.06000786	     -0.21682169	     -0.01410331
      3.27000000	     51.70207956	      7.49402213	      0.97709968	    -13.39765187	    185.05109700	    -76.84054915	     36.36115780	      3.51408142	      6.22232790	      6.57207806	      2.76519436	    -10.93801528	     -3.46576758	      5.80315397	     -0.02296481	      0.04269375	     -0.21662339	     -0.01288823
      3.28000000	     50.78355193	     12.09624483	      0.77493522	    -20.26987934	    183.17799300	    -71.49962899	     36.77609624	      2.73808319	      4.74868553	      5.76131798	      2.47401758	    -13.30023908	     -3.48614055	      4.73148639	     -0.01197554	      0.01668114	     -0.21389664	     -0.01149822
      3.29000000	     50.09418208	     18.77951480	      0.87837999	    -30.79662728	    181.93790993	    -64.60194814	     37.14785172	      1.78081480	      2.18521027	      5.43757909	      2.29438798	    -16.47717318	     -3.87631555	      3.16517137	     -0.01622713	     -0.02256437	     -0.20851045	     -0.00966700
      3.30000000	     49.73014063	     27.25203046	      1.26175006	    -44.23519607	    181.48299548	    -56.52287486	     37.42316940	      0.67505523	     -1.18293704	      5.73867621	      2.23641456	    -20.47604014	     -4.58855890	      1.08010373	     -0.03405815	     -0.07769824	     -0.20070537	     -0.00687904
      3.31000000	     49.82526937	     36.97208774	      1.87786209	    -59.42686838	    181.99997096	    -47.55990143	     37.57911544	     -0.52668776	     -4.96705664	      6.78669034	      2.30612974	    -25.16918156	     -5.53525037	     -1.49185154	     -0.06187126	     -0.14901984	     -0.19107607	     -0.00244397
      3.32000000	     50.52808218	     47.18765612	      2.66101574	    -74.89471079	    183.66999734	    -37.92314125	     37.62721578	     -1.75382151	     -8.70209280	      8.65848404	      2.50982150	    -30.30435037	     -6.59585445	     -4.46058884	     -0.09452982	     -0.23435547	     -0.18051753	      0.00433336
      3.33000000	     51.97303886	     56.99916946	      3.53118642	    -88.97555500	    186.63433249	    -27.75638187	     37.61245013	     -2.92217344	    -11.88155239	     11.35821854	      2.85685360	    -35.53081197	     -7.62682818	     -7.68219770	     -0.12598867	     -0.32923817	     -0.17018856	      0.01394237
      3.34000000	     54.25623815	     65.42533740	      4.39719310	    -99.94832747	    190.97991995	    -17.17310871	     37.60766033	     -3.94096462	    -13.99040658	     14.80060082	      3.36024907	    -40.43120756	     -8.47152729	    -10.96818935	     -0.14999633	     -0.42727058	     -0.16152342	      0.02647611
      3.35000000	     57.42031433	     71.47929396	      5.16011932	   -106.17268765	    196.74420115	     -6.29794621	     37.70236912	     -4.72348715	    -14.54179926	     18.81123534	      4.03535800	    -44.55897076	     -8.97208863	    -14.10028135	     -0.16083190	     -0.52068307	     -0.15622312	      0.04151718
      3.36000000	     61.44958911	     74.26750574	      5.72030807	   -106.26088526	    203.92998257	      4.69290078	     37.98520484	     -5.20210199	    -13.12669237	     23.14723867	      4.89784234	    -47.48298106	     -8.98600925	    -16.85134174	     -0.15409659	     -0.60113944	     -0.15615689	      0.05814064
      3.37000000	     66.27649143	     73.09152435	      5.98933852	    -99.24612423	    212.52396852	     15.54275147	     38.52170901	     -5.34299372	     -9.46482597	     27.53613959	      5.96309204	    -48.83251690	     -8.40356413	    -19.00927185	     -0.12734102	     -0.66072372	     -0.16318496	      0.07507455
      3.38000000	     71.79559776	     67.52047925	      5.90474547	    -84.68966218	    222.50816865	     25.90811705	     39.33092003	     -5.15429830	     -3.43787027	     31.72358766	      7.24768248	    -48.33222260	     -7.15987257	    -20.39848329	     -0.08024633	     -0.69288879	     -0.17890174	      0.09100318
      3.39000000	     77.87223515	     57.44221768	      5.44637973	    -62.74146540	    233.84309675	     35.37444415	     40.36266250	     -4.68633800	      4.88792880	     35.51692239	      8.77038657	    -45.82841481	     -5.24302472	    -20.89729866	     -0.01452565	     -0.69319401	     -0.20426351	      0.10488169
      3.40000000	     84.33368391	     43.11342225	      4.65351138	    -34.19147703	    246.40955082	     43.48991239	     41.47857604	     -4.02490595	     15.23433857	     38.81395607	     10.54895339	    -41.31191560	     -2.70204240	    -20.45171673	      0.06616050	     -0.65982853	     -0.23914548	      0.11612693
      3.41000000	     90.94729174	     25.17955515	      3.63381428	     -0.46478822	    259.92564364	     49.82520640	     42.44784621	     -3.27597067	     27.09643937	     41.60754044	     12.59030512	    -34.92725284	      0.34996652	    -19.08161807	      0.15645108	     -0.59389909	     -0.28198604	      0.12465424
      3.42000000	     97.40180799	      4.62647331	      2.55374965	     36.49736965	    273.87785785	     54.05920971	     42.96962702	     -2.54296263	     39.76758155	     43.96176907	     14.87523295	    -26.95677373	      3.74357533	    -16.87551182	      0.24993710	     -0.49933230	     -0.32968500	      0.13077976
      3.43000000	    103.30450714	    -17.31922067	      1.61093784	     74.43378747	    287.49741805	     56.06254699	     42.72181914	     -1.90428399	     52.40055418	     45.96850714	     17.34183698	    -17.78904116	      7.26906015	    -13.97751287	      0.34000761	     -0.38235341	     -0.37781682	      0.13501678
      3.44000000	    108.20196901	    -39.31093119	      0.99535591	    110.98096320	    299.79952301	     55.94780686	     41.42628857	     -1.39887696	     64.09307141	     47.69984415	     19.87375536	     -7.88528017	     10.69640964	    -10.57201326	      0.42062361	     -0.25074982	     -0.42111205	      0.13783888
      3.45000000	    111.63051906	    -60.02089043	      0.84625140	    143.90675891	    309.69563293	     54.07290426	     38.91681903	     -1.02363091	     73.99704495	     49.17070024	     22.30017305	      2.25512005	     13.79961217	     -6.86697902	      0.48702481	     -0.11310376	     -0.45412691	      0.13950116
      3.46000000	    113.19006108	    -78.28006483	      1.21613933	    171.33461816	    316.16381619	     50.99206037	     35.19058464	     -0.74325501	     81.43620044	     50.32410030	     24.41196484	     12.12784106	     16.38300900	     -3.07712192	      0.53631680	      0.02197185	     -0.47199861	      0.13997465
      3.47000000	    112.62076042	    -93.18084750	      2.05453514	    191.89980926	    318.43161929	     47.35869612	     30.42529513	     -0.50931077	     85.99903535	     51.04567519	     25.99201859	     21.24775130	     18.30348228	      0.58970802	      0.56775484	      0.14651608	     -0.47113781	      0.13900692
      3.48000000	    109.86209065	   -104.12756056	      3.21607080	    204.81741981	    316.12448241	     43.80566673	     24.95710379	     -0.28155770	     87.58526966	     51.20188375	     26.85319581	     29.16571716	     19.48475152	      3.94286947	      0.58271062	      0.25373555	     -0.44974624	      0.13628336
      3.49000000	    105.08320185	   -110.85005018	      4.48807265	    209.88873823	    309.35243131	     40.83956131	     19.22888226	     -0.04538405	     86.40318117	     50.68662991	     26.87571516	     35.49044613	     19.92362870	      6.81976926	      0.58448090	      0.33843438	     -0.40815634	      0.13162064
      3.50000000	     98.68012402	   -113.39176733	      5.62825138	    207.46425444	    298.72287247	     38.77358549	     13.72569394	      0.17781910	     82.92172170	     49.45997670	     26.03462965	     39.92016567	     19.68766345	      9.09835302	      0.57797725	      0.39742032	     -0.34898952	      0.12511040
      3.51000000	     91.23741817	   -112.06706338	      6.40448276	    198.35381638	    285.27470539	     37.70434166	      8.91231004	      0.32914196	     77.78242084	     47.56888036	     24.40940982	     42.27439924	     18.90251684	     10.70741148	      0.56915207	      0.42976318	     -0.27704355	      0.11715981
      3.52000000	     83.45602895	   -107.38715887	      6.63169234	    183.68235256	    270.34035819	     37.52827549	      5.18085212	      0.32143032	     71.68449874	     45.14697866	     22.17303979	     42.51382527	     17.72985913	     11.63047213	      0.56409136	      0.43676874	     -0.19884147	      0.10842427
      3.53000000	     76.05702301	    -99.97149293	      6.20220657	    164.71969462	    255.35888298	     37.98829807	      2.81078002	      0.05997903	     65.26839770	     42.39570119	     19.56412381	     40.74282085	     16.34081563	     11.90186805	      0.56798509	      0.42160757	     -0.12187618	      0.09967866
      3.54000000	     69.68030238	    -90.47390345	      5.10460455	    142.73741140	    241.67942926	     38.73796019	      1.94217556	     -0.52904672	     59.02949562	     39.55195560	     16.84924457	     37.19744270	     14.89273797	     11.59698214	      0.58433888	      0.38867447	     -0.05362055	      0.09168207
      3.55000000	     64.80008032	    -79.54039891	      3.42738592	    118.92673520	    230.39544544	     39.40888657	      2.56403467	     -1.47058850	     53.28132067	     36.85070668	     14.28370320	     32.22312060	     13.51450610	     10.81956475	      0.61454760	      0.34290901	     -0.00039711	      0.08505415
      3.56000000	     61.66959375	    -67.77534530	      1.35061405	     94.34278260	    222.22825928	     39.66646242	      4.51804645	     -2.72063591	     48.15689362	     34.49393021	     12.07814067	     26.23701314	     12.29803001	      9.68579670	      0.65761237	      0.28917276	      0.03363785	      0.08018536
      3.57000000	     60.30349443	    -55.69648926	     -0.87338749	     69.84148201	    217.47108698	     39.24751009	      7.52046793	     -4.16045210	     43.63241512	     32.63243934	     10.37698441	     19.67408773	     11.29326055	      8.30605858	      0.70999645	      0.23164905	      0.04699089	      0.07721731
      3.58000000	     60.50932369	    -43.71689179	     -2.95784525	     46.07215606	    216.01707674	     37.98358146	     11.20599541	     -5.61209627	     39.58252069	     31.35741443	      9.25047245	     12.94022920	     10.51181816	      6.77276166	      0.76611409	      0.17344894	      0.04062921	      0.07607592
      3.59000000	     61.96270415	    -32.18873957	     -4.63538962	     23.58378130	    217.47019312	     35.81147761	     15.18680296	     -6.87483531	     35.86577144	     30.69839000	      8.69688620	      6.39676668	      9.94164559	      5.16139929	      0.81965747	      0.11665449	      0.01732074	      0.07651172
      3.60000000	     64.29381854	    -21.46331018	     -5.70691639	      2.95900799	    221.28402593	     32.76924464	     19.10953929	     -7.76863056	     32.39717894	     30.62942903	      8.65082279	      0.36555987	      9.56216346	      3.53952747	      0.86504843	      0.06266081	     -0.01919915	      0.07815586
      3.61000000	     67.15364670	    -11.90495849	     -6.06878539	    -15.14378074	    226.87007992	     28.98083400	     22.69747710	     -8.16857325	     29.17071012	     31.08162295	      8.99586001	     -4.87151170	      9.34967955	      1.97360634	      0.89821153	      0.01251628	     -0.06510402	      0.08061366
      3.62000000	     70.25221389	     -3.87209165	     -5.71982790	    -30.02524934	    233.66313513	     24.63741239	     25.77402328	     -8.02380557	     26.24544582	     31.95417169	      9.57994289	     -9.07859241	      9.27653378	      0.53246077	      0.91670865	     -0.03275870	     -0.11714626	      0.08355624
      3.63000000	     73.37341952	      2.29380050	     -4.75386290	    -40.98340660	    241.15527369	     19.98000001	     28.26668053	     -7.36110449	     23.72547348	     33.12038004	     10.23111014	    -12.06460561	      9.31182200	     -0.70947665	      0.91971128	     -0.07181259	     -0.17284353	      0.08675406
      3.64000000	     76.36915823	      6.27935860	     -3.33771845	    -47.36466413	    248.90242540	     15.28096863	     30.19194809	     -6.27348803	     21.73871121	     34.43286879	     10.77419652	    -13.68221087	      9.42424413	     -1.67212854	      0.90801550	     -0.10282061	     -0.23025692	      0.09003882
      3.65000000	     79.13809801	      7.84019323	     -1.67624232	    -48.67293043	    256.50908414	     10.82068270	     31.62637635	     -4.89594246	     20.40759530	     35.73324285	     11.05094654	    -13.84238033	      9.58391996	     -2.27812983	      0.88398383	     -0.12381025	     -0.28759486	      0.09322211
      3.66000000	     81.60262269	      6.86632020	      0.02699969	    -44.71867455	    263.61204414	      6.86165471	     32.67397313	     -3.37522959	     19.81544539	     36.86765896	     10.94223204	    -12.54132054	      9.76264708	     -2.46809312	      0.85118628	     -0.13324689	     -0.34277585	      0.09602878
      3.67000000	     83.69718779	      3.44462943	      1.60238627	    -35.75007754	    269.88352340	      3.62602105	     33.44019031	     -1.84279830	     19.97860620	     37.70684281	     10.38727094	     -9.88527421	      9.93373160	     -2.21669879	      0.81363050	     -0.13054758	     -0.39321799	      0.09808686
      3.68000000	     85.37036836	     -2.10034113	      2.93423480	    -22.52797103	    275.05411080	      1.27874419	     34.01709723	     -0.39637014	     20.82894285	     38.16654526	      9.39466315	     -6.10404164	     10.07158066	     -1.54486654	      0.77485402	     -0.11642152	     -0.43604391	      0.09897725
      3.69000000	     86.59464599	     -9.20103411	      3.96759184	     -6.31843861	    278.94307744	     -0.08421367	     34.47859012	      0.90853428	     22.20846353	     38.22248772	      8.04126919	     -1.54623503	     10.15102664	     -0.52429226	      0.73736631	     -0.09295849	     -0.46841609	      0.09833551
      3.70000000	     87.37762312	    -17.08570105	      4.70375064	     11.21097583	    281.48484625	     -0.44460444	     34.88275435	      2.05782019	     23.87760378	     37.91487914	      6.45784926	      3.34811946	     10.14657321	      0.72813307	      0.70254316	     -0.06338108	     -0.48776774	      0.09597882
      3.71000000	     87.76948560	    -24.84708598	      5.18817755	     28.15890492	    282.74244494	      0.12845382	     35.27869696	      3.07124775	     25.53218379	     37.34098411	      4.80569672	      8.08948074	     10.03064306	      2.06379250	      0.67066286	     -0.03157159	     -0.49210410	      0.09200842
      3.72000000	     87.86353009	    -31.51720816	      5.49546295	     42.56959698	    282.90350417	      1.46438666	     35.71477299	      3.99177636	     26.82206187	     36.63762332	      3.25134825	     12.18189556	      9.77025707	      3.31880343	      0.64085006	     -0.00157172	     -0.48048101	      0.08685754
      3.73000000	     87.79092500	    -36.14685026	      5.71466878	     52.61498928	    282.26464966	      3.27554413	     36.24554886	      4.87476536	     27.37378151	     35.95716531	      1.94391424	     15.16563528	      9.32442456	      4.33153002	      0.61094335	      0.02286053	     -0.45354076	      0.08127389
      3.74000000	     87.71293317	    -37.90038817	      5.93661887	     56.79498770	    281.21186322	      5.15074378	     36.93622244	      5.77884394	     26.82327562	     35.44145209	      0.99645670	     16.66486688	      8.64517891	      4.96149103	      0.57747911	      0.03864238	     -0.41394432	      0.07622904
      3.75000000	     87.81029722	    -36.16249794	      6.24350907	     54.14589342	    280.19294166	      6.57384468	     37.86216756	      6.75945225	     24.85832524	     35.19900643	      0.47256103	     16.43885606	      7.68291575	      5.10847135	      0.53601139	      0.04369047	     -0.36641179	      0.07275852
      3.76000000	     88.26505532	    -30.63334047	      6.70172680	     44.40926474	    279.67041461	      6.97982580	     39.09972575	      7.86561892	     21.26180233	     35.29011741	      0.38009369	     14.42479273	      6.39394853	      4.72784110	      0.48185630	      0.03709935	     -0.31706131	      0.07175442
      3.77000000	     89.23170505	    -21.37503877	      7.35975632	     28.08916421	    280.05145304	      5.84444887	     40.70817321	      9.14014061	     15.93908457	     35.72132486	      0.67400516	     10.75484915	      4.74561528	      3.83638015	      0.41108459	      0.01910494	     -0.27222809	      0.07376437
      3.78000000	     90.80014527	     -8.79636369	      8.24986077	      6.37502595	    281.60341941	      2.78916577	     42.70713387	     10.62030449	      8.92196887	     36.44690649	      1.26641969	      5.74276972	      2.71635140	      2.50740915	      0.32131424	     -0.00908902	     -0.23737643	      0.07885864
      3.79000000	     92.95548504	      6.39772414	      9.38831581	    -19.01449127	    284.36744327	     -2.31939167	     45.05230634	     12.33364446	      0.36017168	     37.37419251	      2.03915088	     -0.14758267	      0.29369028	      0.86020892	      0.21194213	     -0.04548189	     -0.21636384	      0.08658879
      3.80000000	     95.54344044	     23.27649266	     10.77154702	    -46.03034859	    288.09049391	     -9.30084759	     47.61344663	     14.28663592	     -9.49086044	     38.37267156	      2.85696385	     -6.34734208	     -2.52673239	     -0.95389195	      0.08386291	     -0.08747234	     -0.21087419	      0.09603524
      3.81000000	     98.25589881	     40.77443194	     12.36934634	    -72.52518984	    292.20681847	    -17.65212790	     50.16426391	     16.44914723	    -20.28604091	     39.28786656	      3.58195565	    -12.24269373	     -5.73985271	     -2.76882262	     -0.06097586	     -0.13214796	     -0.22001311	      0.10593002
      3.82000000	    100.65022726	     57.78026321	     14.11628599	    -96.46477405	    295.89018915	    -26.61073968	     52.39383553	     18.73886782	    -31.60622481	     39.95946174	      4.08643594	    -17.23529759	     -9.32465344	     -4.41999900	     -0.21983554	     -0.17652803	     -0.24032413	      0.11481879
      3.83000000	    102.20984024	     73.20702227	     15.90432306	   -116.07764987	    298.18142344	    -35.27935493	     53.94422544	     21.01210215	    -42.97131492	     40.24451632	      4.26264982	    -20.79142645	    -13.23141708	     -5.75604129	     -0.38916176	     -0.21762436	     -0.26640215	      0.12124530
      3.84000000	    102.44663238	     86.05916515	     17.58378361	   -129.96789004	    298.18502427	    -42.78217769	     54.47450986	     23.07044212	    -53.85777178	     40.04702690	      4.03178630	    -22.48878189	    -17.36659488	     -6.64903225	     -0.56436290	     -0.25247416	     -0.29199283	      0.12397330
      3.85000000	    101.03173442	     95.51122388	     18.97995937	   -137.21974275	    295.30660258	    -48.41017656	     53.74384999	     24.69059428	    -63.72563323	     39.34912124	      3.35365711	    -22.06909958	    -21.58093881	     -7.00651645	     -0.73948640	     -0.27835733	     -0.31127232	      0.12223029
      3.86000000	     97.92149324	    100.99221095	     19.92672712	   -137.49202512	    289.47000330	    -51.71306917	     51.69441262	     25.67557631	    -72.05461613	     38.23299603	      2.23469240	    -19.48963823	    -25.66646868	     -6.78433388	     -0.90692266	     -0.29313555	     -0.32005087	      0.11591540
      3.87000000	     93.43271892	    102.25801745	     20.30880251	   -131.08235168	    281.23526134	    -52.51315599	     48.50483102	     25.91319224	    -78.38291988	     36.88296422	      0.73096130	    -14.96015623	    -29.36583304	     -5.99736517	     -1.05730331	     -0.29550330	     -0.31667985	      0.10571895
      3.88000000	     88.22622311	     99.42712103	     20.09579711	   -118.92888059	    271.75492905	    -50.84446546	     44.58644777	     25.41897060	    -82.33608606	     35.56167342	     -1.05586802	     -8.95199808	    -32.39288732	     -4.72490758	     -1.17972105	     -0.28506828	     -0.30235863	      0.09311761
      3.89000000	     83.18664137	     92.96824836	     19.35240666	   -102.53463263	    262.56150556	    -46.85764903	     40.51427933	     24.34425299	    -83.64135394	     34.56129435	     -2.98932280	     -2.17180690	    -34.46117580	     -3.10887129	     -1.26250334	     -0.26234414	     -0.28068885	      0.08021523
      3.90000000	     79.22571304	     83.65086457	     18.21997191	    -83.82876482	    255.24122005	    -40.75491832	     36.91140138	     22.94473015	    -82.13934729	     34.13747947	     -4.91338711	      4.50110877	    -35.31803227	     -1.34439142	     -1.29477396	     -0.22877387	     -0.25668227	      0.06941757
      3.91000000	     77.05917452	     72.45407558	     16.87543962	    -64.94988964	    251.07371337	    -32.79801982	     34.31784212	     21.51796021	    -77.79946434	     34.43942387	     -6.67110430	     10.12145636	    -34.77892026	      0.34083854	     -1.26852483	     -0.18671858	     -0.23543748	      0.06295844
      3.92000000	     77.01319059	     60.41247180	     15.48126753	    -47.91730573	    250.71587352	    -23.37800888	     33.07292524	     20.32705385	    -70.72799826	     35.45455513	     -8.12557860	     13.83456863	    -32.75275817	      1.72322167	     -1.18045996	     -0.13919315	     -0.22061059	      0.06234580
      3.93000000	     78.91549218	     48.42057837	     14.14657429	    -34.24320240	    254.01093441	    -13.09286728	     33.23785158	     19.53584261	    -61.16345830	     36.98739348	     -9.17814294	     15.05572365	    -29.25414480	      2.63093313	     -1.03306746	     -0.08933013	     -0.21317238	      0.06785687
      3.94000000	     82.10616179	     37.05965528	     12.91487001	    -24.61417460	    259.97821303	     -2.75933619	     34.57654599	     19.17750835	    -49.46351485	     38.68404279	     -9.77719803	     13.61718583	    -24.40492623	      2.98782930	     -0.83466924	     -0.03978939	     -0.21111131	      0.07824060
      3.95000000	     85.56346679	     26.49445693	     11.77332730	    -18.73539934	    266.97580162	      6.70765625	     36.59225952	     19.16014545	    -36.07858741	     40.10156313	     -9.91691139	      9.83390602	    -18.42562772	      2.83857909	     -0.59823291	      0.00769064	     -0.21024802	      0.09078606
      3.96000000	     88.11218745	     16.46195321	     10.66571266	    -15.37333445	    272.99015300	     14.55318244	     38.60691513	     19.29961242	    -21.50398416	     40.80972168	     -9.63096372	      4.46014968	    -11.61479495	      2.34444999	     -0.33905061	      0.05248311	     -0.20583215	      0.10187146
      3.97000000	     88.67413122	      6.36343016	      9.49848268	    -12.60293951	    276.00863955	     20.48071558	     39.87618942	     19.36994569	     -6.21814570	     40.50132488	     -8.98773850	     -1.46393386	     -4.31692444	      1.74613704	     -0.07195159	      0.09495401	     -0.19438788	      0.10794705
