Inverse Dynamics Generalized Forces
version=1
nRows=597
nColumns=19
inDegrees=no
endheader
time	pelvis_to_ground_rx_moment	pelvis_to_ground_ry_moment	pelvis_to_ground_rz_moment	pelvis_to_ground_tx_force	pelvis_to_ground_ty_force	pelvis_to_ground_tz_force	left_hip_abduction_moment	left_hip_rotation_moment	left_hip_flexion_moment	right_hip_abduction_moment	right_hip_rotation_moment	right_hip_flexion_moment	left_knee_flexion_moment	right_knee_flexion_moment	left_ankle_flexion_moment	right_ankle_flexion_moment	left_subtalar_angle_moment	right_subtalar_angle_moment
      0.00000000	     81.03052773	      6.29664810	      2.54855960	    -16.34216230	    257.43011857	     78.26601970	     36.17777275	     11.66308510	     -0.01098507	     36.26016496	     -0.41995529	      0.69105968	     -3.84156489	     -3.72145871	      0.05663559	     -0.03332195	     -0.22702228	      0.09934353
      0.01000000	     69.23217112	     19.73013446	      4.74193266	    -46.37508136	    231.50168738	     54.97367995	     36.15676844	      9.29431771	     -5.61835049	     26.48202101	      1.13685098	     -6.69132835	     -6.02272824	     -2.84775597	     -0.04175569	     -0.08317057	     -0.20266450	      0.04440542
      0.02000000	     59.17197508	     31.50991985	      6.04513622	    -72.59060794	    209.23860069	     30.72921259	     36.01303444	      7.15916275	    -10.36781946	     18.15274710	      2.07053657	    -13.26212943	     -7.93512042	     -1.77178299	     -0.12776281	     -0.12718837	     -0.17996042	     -0.00105521
      0.03000000	     51.51447850	     40.35568910	      6.47892044	    -92.19375995	    191.91536541	      7.21340712	     35.91485633	      5.45084174	    -13.59329723	     11.59526908	      2.48514569	    -18.46182414	     -9.36732606	     -0.46383245	     -0.19313794	     -0.15661531	     -0.16216595	     -0.03440296
      0.04000000	     46.53204679	     45.57108138	      6.15688982	   -103.60839536	    180.03145518	    -14.15383047	     36.04858101	      4.27287958	    -14.92978184	      6.83610323	      2.51477914	    -21.99424519	    -10.20022316	      1.03871657	     -0.23336092	     -0.16573420	     -0.15189597	     -0.05488307
      0.05000000	     44.13963065	     47.10914893	      5.24524447	   -106.64514529	    173.39038415	    -32.40633069	     36.55630332	      3.62204064	    -14.34582144	      3.69317410	      2.29310167	    -23.84737491	    -10.41638302	      2.63941338	     -0.24785385	     -0.15296441	     -0.15059109	     -0.06335668
      0.06000000	     43.98121025	     45.46853205	      3.93074109	   -102.29924331	    171.28482539	    -47.07154633	     37.48379138	      3.40264259	    -12.09292319	      1.88490922	      1.93947799	    -24.24307490	    -10.08346882	      4.20436865	     -0.23931040	     -0.12084071	     -0.15820108	     -0.06185297
      0.07000000	     45.53221179	     41.49932642	      2.40114328	    -92.34296241	    172.71146180	    -58.09251777	     38.75630823	      3.46224791	     -8.61037624	      1.12218756	      1.55725804	    -23.55111957	     -9.32375021	      5.58679291	     -0.21252332	     -0.07518661	     -0.17318817	     -0.05300671
      0.08000000	     48.19682184	     36.20372057	      0.83553122	    -78.89574526	    176.56648865	    -65.69182569	     40.18906741	      3.63335292	     -4.42617383	      1.16696561	      1.23658769	    -22.20349713	     -8.28333382	      6.64623789	     -0.17315786	     -0.02391590	     -0.19284524	     -0.03946589
      0.09000000	     51.39188296	     30.57540777	     -0.60061962	    -64.07280258	    181.80205355	    -70.23414508	     41.52631362	      3.76927375	     -0.07281426	      1.85861757	      1.05667478	    -20.62856690	     -7.10781900	      7.26045014	     -0.12676661	      0.02429175	     -0.21382091	     -0.02341517
      0.10000000	     54.61852033	     25.47019902	     -1.76148878	    -49.70723763	    187.54638266	    -72.12056955	     42.49573419	      3.76911860	      3.98750204	      3.11751915	      1.08590837	    -19.20182987	     -5.92285324	      7.33396921	     -0.07810685	      0.06123632	     -0.23271348	     -0.00633216
      0.11000000	     57.52208126	     21.49481905	     -2.53041170	    -37.12373165	    193.19304604	    -71.72579991	     42.86476010	      3.59017625	      7.43291310	      4.93407443	      1.38061836	    -18.20542771	     -4.81766978	      6.80749245	     -0.03074889	      0.08013295	     -0.24662441	      0.01097366
      0.12000000	     59.93141606	     18.93304291	     -2.82969534	    -26.99771022	    198.44962957	    -69.37708379	     42.48625522	      3.24623269	     10.13080565	      7.34701652	      1.98372214	    -17.79928225	     -3.83521136	      5.66729496	      0.01306436	      0.07632195	     -0.25363521	      0.02815221
      0.13000000	     61.86732471	     17.73347174	     -2.62708095	    -19.34038547	    203.33378016	    -65.36252769	     41.32585005	      2.79323884	     12.14630124	     10.41295552	      2.92345097	    -18.00980537	     -2.97295761	      3.95183357	      0.05238164	      0.04802285	     -0.25319009	      0.04514268
      0.14000000	     63.52048553	     17.54984107	     -1.93921897	    -13.58655461	    208.12405285	    -59.95058719	     39.47141477	      2.30918866	     13.71645184	     14.16935202	      4.21163148	    -18.73620530	     -2.19187725	      1.75345257	      0.08735541	     -0.00313024	     -0.24627652	      0.06207398
      0.15000000	     65.20614609	     17.80630181	     -0.83465834	     -8.73034387	    213.28520959	    -53.40855177	     37.12715708	      1.87542208	     15.21097293	     18.59594844	      5.84116631	    -19.77123418	     -1.42729724	     -0.78620366	      0.11891647	     -0.07234062	     -0.23528829	      0.07911277
      0.16000000	     67.30118944	     17.78033397	      0.56387186	     -3.49596986	    219.37817604	    -46.01616305	     34.59106118	      1.56104967	     17.08391085	     23.58439824	      7.78283743	    -20.83492424	     -0.60004305	     -3.48817151	      0.14838148	     -0.15261669	     -0.22362088	      0.09624032
      0.17000000	     70.16969177	     16.71185750	      2.08186099	      3.43956349	    226.95652375	    -38.07254278	     32.21436157	      1.40905829	     19.80728986	     28.92793040	      9.98261896	    -21.62009820	      0.36981887	     -6.15535793	      0.17704668	     -0.23589239	     -0.21514826	      0.11307604
      0.18000000	     74.08922079	     13.92881078	      3.50503006	     13.19265260	    236.45857981	    -29.89258199	     30.34593797	      1.42507058	     23.79041882	     34.33919143	     12.36233589	    -21.84257814	      1.54726378	     -8.59573005	      0.20580152	     -0.31400935	     -0.21365438	      0.12886256
      0.19000000	     79.19063123	      8.96202699	      4.60453474	     26.44526587	    248.10760626	    -21.78867432	     29.26786569	      1.57219104	     29.30094112	     39.49501688	     14.82646937	    -21.28482019	      2.96842683	    -10.64412796	      0.23483893	     -0.37956108	     -0.22222208	      0.14263943
      0.20000000	     85.41664917	      1.62795731	      5.17546239	     43.29119320	    261.82521865	    -14.03622792	     29.13125927	      1.77509956	     36.40072573	     44.09542500	     17.27473410	    -19.82487182	      4.63142694	    -12.17809936	      0.26356123	     -0.42656622	     -0.24262204	      0.15353319
      0.21000000	     92.49995151	     -7.93570533	      5.08268628	     63.18967585	    277.16406398	     -6.82492458	     29.90497955	      1.93537933	     44.90701366	     47.91681491	     19.61618267	    -17.44631969	      6.49380089	    -13.12502604	      0.29076467	     -0.45088073	     -0.27481111	      0.16103153
      0.22000000	     99.96251166	    -19.28584352	      4.30102017	     85.03506953	    293.27365403	     -0.20567052	     31.35305458	      1.95702244	     54.38742312	     50.84031832	     21.77774300	    -14.23119583	      8.47701805	    -13.46110935	      0.31509830	     -0.45038103	     -0.31665407	      0.16512337
      0.23000000	    107.13878073	    -31.72320122	      2.93424552	    107.30535994	    308.91443993	      5.94482056	     33.05460960	      1.77596324	     64.18924058	     52.84635934	     23.70044386	    -10.34781119	     10.47525579	    -13.20712977	      0.33562139	     -0.42506249	     -0.36393926	      0.16624937
      0.24000000	    113.22785067	    -44.36134606	      1.20410757	    128.25125770	    322.53801335	     11.91904570	     34.46809197	      1.38507351	     73.50275874	     53.98146694	     25.32433126	     -6.04058054	     12.36627906	    -12.42440066	      0.35224223	     -0.37704125	     -0.41072964	      0.16507892
      0.25000000	    117.38532383	    -56.23106019	     -0.59158933	    146.13174829	    332.45751644	     18.12446398	     35.02993061	      0.84679716	     81.46786141	     54.31310791	     26.57272784	     -1.61218331	     14.02662433	    -11.20802714	      0.36599722	     -0.31034207	     -0.45007084	      0.16221157
      0.26000000	    118.85605736	    -66.42842515	     -2.14387420	    159.49122883	    337.10958896	     24.98189303	     34.26785047	      0.28715658	     87.32256743	     53.89137980	     27.34855830	      2.61052151	     15.35232551	     -9.67439868	      0.37920106	     -0.23051125	     -0.47498522	      0.15795682
      0.27000000	    117.12191276	    -74.27566174	     -3.20083970	    167.41759437	    335.35515668	     32.79187224	     31.89773864	     -0.13053133	     90.56003489	     52.73428509	     27.54966839	      6.32200208	     16.28078251	     -7.94447705	      0.39537997	     -0.14409329	     -0.47955109	      0.15229727
      0.28000000	    112.02741292	    -79.45374947	     -3.62102253	    169.71737338	    326.74074071	     41.61205445	     27.88056913	     -0.24834578	     91.04839558	     50.84008074	     27.09924619	      9.28861977	     16.80758496	     -6.12521687	      0.41893194	     -0.05785096	     -0.45989328	      0.14501536
      0.29000000	    103.85524377	    -82.07571278	     -3.40419941	    166.97345033	    311.65967333	     51.19678681	     22.43570383	      0.03513661	     89.07930166	     48.21695656	     25.97821627	     11.39809804	     16.99358017	     -4.29183414	      0.45463411	      0.02225101	     -0.41505582	      0.13590064
      0.30000000	     93.32846421	    -82.66898714	     -2.69258403	    160.45656661	    291.37008913	     61.02211282	     16.01221687	      0.71918486	     85.32138050	     44.91892049	     24.24516587	     12.69259125	     16.95781090	     -2.47706022	      0.50709249	      0.09197345	     -0.34766065	      0.12496578
      0.31000000	     81.52533884	    -82.05017534	     -1.73827540	    151.88076705	    267.84827736	     70.38920497	      9.22265943	      1.67790496	     80.67524219	     41.07636964	     22.03412474	     13.36744457	     16.85393687	     -0.67347393	      0.58007617	      0.14928897	     -0.26403170	      0.11258887
      0.32000000	     69.71471340	    -81.11301984	     -0.84306941	    143.04074521	    243.49571537	     78.57772154	      2.75134611	      2.67323825	     76.06111514	     36.90874764	     19.52954996	     13.72719039	     16.83331030	      1.14966977	      0.67569308	      0.19424437	     -0.17349229	      0.09951414
      0.33000000	     59.14210128	    -80.58164694	     -0.28371445	    135.40643209	    220.75462294	     85.00324850	     -2.74783650	      3.40787259	     72.19601011	     32.71171104	     16.92848202	     14.10284903	     17.00343827	      3.01850343	      0.79345418	      0.22822720	     -0.08684758	      0.08671767
      0.34000000	     50.81571813	    -80.79941370	     -0.24180071	    129.77402049	    201.71557851	     89.33230225	     -6.74617500	      3.60708047	     69.42687405	     28.81885069	     14.40562605	     14.74984098	     17.39427349	      4.92359146	      0.92936176	      0.25293763	     -0.01438229	      0.07519064
      0.35000000	     45.34927251	    -81.62245523	     -0.75962304	    126.07630650	    187.81291863	     91.52414795	     -8.90851064	      3.10378851	     67.67373012	     25.54664579	     12.09483483	     15.75881236	     17.94487968	      6.79703989	      1.07538350	      0.26946507	      0.03607039	      0.06571891
      0.36000000	     42.90168769	    -82.45078104	     -1.73440167	    123.40845111	    179.67898776	     91.79071803	     -9.12339645	      1.89675073	     66.49635055	     23.13939164	     10.09141119	     17.00972468	     18.51636699	      8.50641601	      1.21978311	      0.27771478	      0.06039743	      0.05875496
      0.37000000	     43.22222677	    -82.38136871	     -2.95037491	    120.25675735	    177.17960172	     90.49071146	     -7.49246124	      0.16029501	     65.25257019	     21.73139611	      8.46835935	     18.18535702	     18.92709601	      9.86871631	      1.34853144	      0.27628568	      0.05846783	      0.05443245
      0.38000000	     45.78052120	    -80.44320507	     -4.13943277	    114.88247328	    179.60686623	     87.99564191	     -4.28365962	     -1.79896209	     63.29459237	     21.33561536	      7.29206181	     18.84623098	     18.99991518	     10.68339421	      1.44766339	      0.26285043	      0.03344971	      0.05268267
      0.39000000	     49.93639798	    -75.85522667	     -5.05174151	    105.77527181	    185.95916223	     84.57317827	      0.13811493	     -3.62275619	     60.14369375	     21.85831996	      6.62372691	     18.55010531	     18.60728799	     10.77808381	      1.50598784	      0.23497932	     -0.00942100	      0.05336334
      0.40000000	     55.09012401	    -68.22960018	     -5.51142624	     92.04321527	    195.20446232	     80.32289686	      5.38192216	     -4.98807471	     55.59007459	     23.13110378	      6.50266820	     16.97787706	     17.69925124	     10.05394208	      1.51718482	      0.19114951	     -0.06414294	      0.05632628
      0.41000000	     60.77119866	    -57.67764424	     -5.44314802	     73.65045674	    206.44879273	     75.18083286	     11.08628359	     -5.67177503	     49.70504083	     24.94494455	      6.91795457	     14.03175707	     16.30867085	      8.51880369	      1.48070284	      0.13164617	     -0.12503114	      0.06139257
      0.42000000	     66.65873314	    -44.82186376	     -4.87136593	     51.48955739	    218.99106654	     68.98743633	     16.95347257	     -5.58023594	     42.79232722	     27.07437833	      7.78122346	      9.88825113	     14.53877451	      6.30190809	      1.40148909	      0.05918190	     -0.18748246	      0.06825633
      0.43000000	     72.54659568	    -30.70517425	     -3.89684917	     27.25573293	    232.28052626	     61.58868008	     22.76157466	     -4.74315066	     35.30229204	     29.29186340	      8.91773702	      4.98640864	     12.53803753	      3.64331203	      1.28867991	     -0.02097724	     -0.24831171	      0.07637363
      0.44000000	     78.28075337	    -16.59355607	     -2.65720717	      3.10599783	    245.82352676	     52.92666841	     28.35684140	     -3.27918012	     27.72759159	     31.37964711	     10.08877109	     -0.05910458	     10.46821381	      0.85454831	      1.15359144	     -0.10160671	     -0.30554812	      0.08488847
      0.45000000	     83.70860731	     -3.72288522	     -1.28588591	    -18.80395894	    259.11251238	     43.08810347	     33.63599999	     -1.34989339	     20.50884534	     33.14635294	     11.04240529	     -4.59599980	      8.47520606	     -1.74008652	      1.00772229	     -0.17478323	     -0.35787844	      0.09266400
      0.46000000	     88.66892457	      6.93308818	      0.11625389	    -36.75399135	    271.62724951	     32.30354918	     38.52926656	      0.88114623	     13.97249970	     34.45150855	     11.57416855	     -8.07740541	      6.66994286	     -3.86376196	      0.86128941	     -0.23340710	     -0.40415345	      0.09848008
      0.47000000	     93.02134332	     14.81022112	      1.49143933	    -49.73634340	    282.90367975	     20.90911253	     42.98851529	      3.27502613	      8.30713095	     35.23327341	     11.57391400	    -10.16624262	      5.12079974	     -5.33180340	      0.72242494	     -0.27247970	     -0.44320748	      0.10135348
      0.48000000	     96.69132843	     19.79541618	      2.82046023	    -57.53002545	    292.62561800	      9.29073260	     46.98099107	      5.72914766	      3.56945243	     35.52761513	     11.04291224	    -10.77953842	      3.85430356	     -6.07193543	      0.59691401	     -0.28982834	     -0.47396543	      0.10085123
      0.49000000	     99.70105853	     22.19339535	      4.11040999	    -60.63372541	    300.68652705	     -2.17099980	     50.48804889	      8.17834953	     -0.30062499	     35.46664809	     10.08044834	    -10.08213948	      2.85765003	     -6.12262209	      0.48808697	     -0.28625723	     -0.49566989	      0.09727637
      0.50000000	    102.16824923	     22.64920885	      5.38181982	    -60.11897019	    307.19260770	    -13.14633771	     53.50740434	     10.59028119	     -3.46626540	     35.24936324	      8.84882666	     -8.44366866	      2.08014138	     -5.61530425	      0.39662200	     -0.26520636	     -0.50808366	      0.09164537
      0.51000000	    104.27330191	     22.02522146	      6.65910548	    -57.40402769	    312.41061265	    -23.38763564	     56.05650935	     12.95764873	     -6.17317515	     35.08904305	      7.52793903	     -6.35993942	      1.43635144	     -4.74327250	      0.32052007	     -0.23201535	     -0.51166113	      0.08544765
      0.52000000	    106.20719362	     21.24654291	      7.96548477	    -53.97706837	    316.67872772	    -32.74201317	     58.17302627	     15.28889538	     -8.71861116	     35.15402473	      6.27301128	     -4.35018359	      0.81268298	     -3.72267578	      0.25552078	     -0.19297636	     -0.50770230	      0.08026736
      0.53000000	    108.11534583	     21.15613919	      9.32170507	    -51.14824671	    320.30179497	    -41.14381134	     59.90690817	     17.59853474	    -11.41758318	     35.52250655	      5.18794073	     -2.85816677	      0.07598735	     -2.75538264	      0.19582032	     -0.15439847	     -0.49835614	      0.07739069
      0.54000000	    110.04993070	     22.40781935	     10.74617255	    -49.88290094	    323.45262815	    -48.58984097	     61.30107263	     19.89757055	    -14.57048232	     36.16457652	      4.31819442	     -2.18018102	     -0.91594742	     -2.00091823	      0.13482743	     -0.12182477	     -0.48628900	      0.07750601
      0.55000000	    111.93776654	     25.40162449	     12.25315371	    -50.71975291	    326.09697016	    -55.10463842	     62.36396381	     22.18367138	    -18.43131893	     36.95199555	      3.65856484	     -2.42797088	     -2.30098102	     -1.55973754	      0.06589467	     -0.09946232	     -0.47404945	      0.08055729
      0.56000000	    113.56692695	     30.25657355	     13.84624186	    -53.75806582	    327.95324679	    -60.70569544	     63.04236625	     24.43041736	    -23.17688846	     37.68766038	      3.16787645	     -3.52463556	     -4.19613104	     -1.46710362	     -0.01689411	     -0.08984061	     -0.46337935	      0.08576247
      0.57000000	    114.59445045	     36.81071244	     15.50623356	    -58.68868967	    328.49533477	    -65.37690606	     63.20419595	     26.57566729	    -28.87713632	     38.14511863	      2.78417880	     -5.22634665	     -6.67866313	     -1.69531763	     -0.11790138	     -0.09365519	     -0.45464754	      0.09177364
      0.58000000	    114.57920749	     44.63831036	     17.17591700	    -64.84574790	    327.00700075	    -69.05426295	     62.64072844	     28.51149981	    -35.46791531	     38.11061276	      2.43704572	     -7.16121889	     -9.76639614	     -2.16183157	     -0.23919500	     -0.10973958	     -0.44648852	      0.09693392
      0.59000000	    113.04629884	     53.08651146	     18.74827993	    -71.28112131	    322.69775516	    -71.62524829	     61.09611003	     30.08170910	    -42.73425524	     37.42356616	      2.05668299	     -8.88092428	    -13.40146492	     -2.74235916	     -0.37997389	     -0.13522301	     -0.43584722	      0.09957957
      0.60000000	    109.58618900	     61.34502406	     20.06689449	    -76.88597381	    314.88220260	    -72.94041640	     58.32583452	     31.09485551	    -50.31736141	     36.01377207	      1.58123914	     -9.92557114	    -17.44391021	     -3.28942702	     -0.53627962	     -0.16597565	     -0.41861040	      0.09834357
      0.61000000	    103.97681890	     68.55497619	     20.94463135	    -80.57076875	    303.19781895	    -72.83123912	     54.17356954	     31.35732046	    -57.75397317	     33.93211488	      0.96289795	     -9.89887228	    -21.68042076	     -3.65551838	     -0.70114743	     -0.19727350	     -0.39070471	      0.09242629
      0.62000000	     96.29966320	     73.95086744	     21.20015756	    -81.49392095	    287.80877509	    -71.12657725	     48.64435868	     30.72274974	    -64.54772180	     31.36879756	      0.17224966	     -8.54599336	    -25.85025747	     -3.71867801	     -0.86526168	     -0.22455122	     -0.34940687	      0.08180610
      0.63000000	     87.01317630	     77.01489224	     20.70373406	    -79.30350349	    269.53717781	    -67.65878354	     41.94991744	     29.14577504	    -70.25867500	     28.65134258	     -0.79972250	     -5.82403106	    -29.68463192	     -3.40767263	     -1.01808611	     -0.24415992	     -0.29456062	      0.06735961
      0.64000000	     76.94463836	     77.59102720	     19.41426231	    -74.30119615	    249.85805262	    -62.24823042	     34.50508543	     26.71823782	    -74.57804210	     26.21431971	     -1.94407192	     -1.94343062	    -32.94728407	     -2.71993876	     -1.14924416	     -0.25387423	     -0.22908051	      0.05085162
      0.65000000	     67.17566881	     75.90507448	     17.38668027	    -67.43638917	    230.71100499	    -54.67073580	     26.86590289	     23.66457713	    -77.35743387	     24.53827325	     -3.24259365	      2.64451709	    -35.46210821	     -1.72463796	     -1.24969959	     -0.25289659	     -0.15824871	      0.03476866
      0.66000000	     58.84476861	     72.49290143	     14.74619513	    -60.13284126	    214.16599431	    -44.64448019	     19.62763770	     20.29428603	    -78.59561977	     24.06692478	     -4.68013795	      7.31699893	    -37.12373002	     -0.55023685	     -1.31249381	     -0.24152649	     -0.08819043	      0.02200728
      0.67000000	     52.93335700	     68.07317440	     11.64927503	    -54.00752332	    202.05960635	    -31.87753633	     13.32391005	     16.93544850	    -78.40583643	     25.12082867	     -6.25459900	     11.39158763	    -37.89570891	      0.63934944	     -1.33321441	     -0.22078927	     -0.02439816	      0.01545156
      0.68000000	     50.09578976	     63.38489877	      8.25426956	    -50.52261205	    195.70111692	    -16.18104804	      8.35866031	     13.87558403	    -76.97511351	     27.82806709	     -7.97955591	     14.26610220	    -37.80023033	      1.67791442	     -1.31037918	     -0.19201197	      0.02919635	      0.01749002
      0.69000000	     50.24930002	     60.60669396	      4.64469083	    -44.73749026	    196.74000772	    -16.98707523	      5.63118999	     11.82687753	    -76.29810326	     32.08871262	     -9.87580966	     15.56383246	    -36.63407852	      2.43621720	     -2.39730131	     -0.15625955	      0.62556610	      0.02954850
      0.70000000	     53.05572102	     60.49689331	      0.97110805	    -43.57539127	    203.67387359	    -21.18870080	      4.28002445	     10.36418584	    -76.75319469	     37.58040278	    -11.94964157	     15.24564592	    -35.47107747	      2.85838420	     -3.71384841	     -0.11378813	      1.36543322	      0.05173038
      0.71000000	     58.04495890	     61.80690194	     -2.59442066	    -43.90156020	    216.06712900	    -33.34638323	      4.76696985	      9.56044881	    -77.48423940	     43.80131651	    -14.16086651	     13.64827532	    -33.43339471	      2.98347156	     -5.12072460	     -0.06373525	      2.24454376	      0.08263369
      0.72000000	     64.33318983	     63.87992748	     -5.84870114	    -44.37529658	    232.40616440	    -55.03784753	      7.03050635	      9.30105448	    -78.39029968	     50.13890113	    -16.39143805	     11.42396190	    -30.41928537	      2.94244429	     -6.63540933	     -0.00412886	      3.24637796	      0.11938774
      0.73000000	     70.96073720	     65.71637785	     -8.54330307	    -43.60526676	    250.78991040	    -86.53076425	     10.91817201	      9.42758240	    -79.17987625	     55.94923357	    -18.43030673	      9.38311949	    -26.37682569	      2.92663132	     -8.30858139	      0.06767104	      4.34244034	      0.15795200
      0.74000000	     77.03381267	     66.11931696	    -10.42551804	    -40.50410170	    269.14267430	   -125.97359464	     16.16302480	      9.77194728	    -79.32587457	     60.63245082	    -19.98882030	      8.27901202	    -21.34499817	      3.13425969	    -10.20880888	      0.15396618	      5.49168708	      0.19368123
      0.75000000	     81.85832711	     63.88476057	    -11.29255620	    -34.32139709	    285.51225724	   -169.51568769	     22.41333016	     10.21460109	    -78.08245816	     63.69525928	    -20.75175274	      8.60497264	    -15.45791669	      3.71298018	    -12.40328644	      0.25535301	      6.65315278	      0.22204784
      0.76000000	     85.11690062	     58.68103135	    -10.96504187	    -25.08761064	    298.65876677	   -214.14290299	     29.42037265	     10.76808584	    -75.23974473	     64.79841331	    -20.45366871	     10.47212318	     -9.08032959	      4.71869440	    -14.91473964	      0.36954466	      7.80471811	      0.23933482
      0.77000000	     86.83026094	     51.31162294	     -9.32990505	    -14.10164474	    308.07367964	   -258.01313324	     37.00265120	     11.47954991	    -71.34640469	     63.78894546	    -18.95624390	     13.60199864	     -2.83323044	      6.10341376	    -17.66760986	      0.49090704	      8.90846742	      0.24313723
      0.78000000	     87.13338177	     43.06974926	     -6.46967640	     -3.35355740	    313.57605617	   -299.33535691	     44.87465431	     12.29060267	    -67.14186138	     60.71531449	    -16.29866631	     17.42474179	      2.64122757	      7.73295059	    -20.49287598	      0.61095799	      9.90663753	      0.23260335
      0.79000000	     86.21386168	     35.22835801	     -2.66740557	      5.14916419	    315.18447923	   -335.89960624	     52.63987335	     13.04880837	    -63.19858531	     55.82275269	    -12.70296024	     21.23839973	      6.81543553	      9.42463253	    -23.17555266	      0.71973502	     10.73104132	      0.20846457
      0.80000000	     84.34660177	     28.76963788	      1.66442523	      9.90615279	    313.19267599	   -365.40462401	     59.89453888	     13.58830350	    -59.81843654	     49.52628994	     -8.53283773	     24.37251428	      9.33837616	     10.99035142	    -25.50412961	      0.80754854	     11.32456257	      0.17292662
      0.81000000	     81.82243317	     24.27805942	      6.04633569	     10.20543150	    308.07461402	   -386.02708186	     66.24300462	     13.77068405	    -57.04292587	     42.35984233	     -4.21975297	     26.30884252	     10.07540099	     12.27153376	    -27.31180034	      0.86645410	     11.65560493	      0.12937989
      0.82000000	     78.87485435	     21.94881410	     10.01237737	      6.13692708	    300.36277051	   -396.82525722	     71.30256498	     13.51330437	    -54.72724304	     34.90559086	     -0.17869960	     26.74106629	      9.11036554	     13.16001951	    -28.49739975	      0.89120504	     11.71654445	      0.08189871
      0.83000000	     75.66766917	     21.62014970	     13.18696173	     -1.48482394	    290.61249204	   -397.89651964	     74.75118018	     12.81135169	    -52.60850441	     27.71797064	      3.26274772	     25.58904230	      6.71839883	     13.60783656	    -29.03475974	      0.87994441	     11.52593685	      0.03468927
      0.84000000	     72.32067472	     22.80084625	     15.33443924	    -11.23881859	    279.40010905	   -390.31926753	     76.39080807	     11.74662342	    -50.34608412	     21.25826083	      5.90630288	     22.98793389	      3.32690386	     13.62952628	    -28.96168615	      0.83465228	     11.11697352	     -0.00837024
      0.85000000	     68.93195530	     24.75597114	     16.37331610	    -21.30485555	    267.32679809	   -375.98450064	     76.18652155	     10.46960070	    -47.58392069	     15.84932305	      7.69110173	     19.25532393	     -0.55270213	     13.29612079	    -28.36642460	      0.76102852	     10.53589527	     -0.04412371
      0.86000000	     65.60833626	     26.61994230	     16.35982986	    -29.74446291	    255.01938674	   -357.28198353	     74.28797271	      9.16676981	    -44.00094185	     11.65704488	      8.67239375	     14.83673897	     -4.39778231	     12.72059788	    -27.36479044	      0.66770436	      9.83330311	     -0.07044189
      0.87000000	     62.47885016	     27.55002671	     15.44997534	    -34.83674352	    243.10725225	   -336.71850138	     71.01092332	      8.01596788	    -39.36959468	      8.70039982	      8.98186165	     10.23513317	     -7.75147898	     12.03713238	    -26.08289219	      0.56489575	      9.06037568	     -0.08632955
      0.88000000	     59.68783299	     26.90759168	     13.85628040	    -35.43433760	    232.17112383	   -316.57346669	     66.78704771	      7.14164693	    -33.62391865	      6.88337803	      8.78426294	      5.92933277	    -10.28993825	     11.37651677	    -24.64600910	      0.46271441	      8.26419447	     -0.09183889
      0.89000000	     57.38164567	     24.40857714	     11.81025826	    -31.23200406	    222.70069814	   -298.64636867	     62.10298668	      6.58735720	    -26.90493485	      6.03918459	      8.24302479	      2.29510771	    -11.86037627	     10.84230130	    -23.16836978	      0.36959241	      7.48644356	     -0.08788065
      0.90000000	     55.69603641	     20.18483421	      9.53433303	    -22.83054104	    215.06641795	   -284.12227228	     57.44097525	      6.31552808	    -19.55447578	      5.97661379	      7.50115048	     -0.45101013	    -12.48287336	     10.49320254	    -21.74977846	      0.29123242	      6.76176065	     -0.07598592
      0.91000000	     54.72774003	     14.74397433	      7.22431682	    -11.58899710	    209.48233375	   -273.53906047	     53.21266722	      6.22940506	    -12.05375815	      6.51620356	      6.67663077	     -2.27822614	    -12.31497540	     10.33302303	    -20.47489417	      0.23009275	      6.11650513	     -0.05804541
      0.92000000	     54.49906616	      8.86443268	      5.04247014	      0.64624672	    205.97085908	   -266.85759316	     49.70355407	      6.20539712	     -4.93533388	      7.50810814	      5.86633552	     -3.34156741	    -11.59371596	     10.30703085	    -19.41091371	      0.18528148	      5.56825036	     -0.03606707
      0.93000000	     54.94349454	      3.46487363	      3.11677110	     11.85698668	    204.36409520	   -263.62864646	     47.05667193	      6.12466630	      1.29957435	      8.83363586	      5.15101413	     -3.95525229	    -10.58007146	     10.30582507	    -18.60930054	      0.15289622	      5.12630353	     -0.01199006
      0.94000000	     55.91797098	     -0.53550176	      1.54058215	     20.15676501	    204.34765228	   -263.19883727	     45.29270132	      5.89488796	      6.24827846	     10.39840561	      4.59633454	     -4.53952199	     -9.51352737	     10.17806617	    -18.10432664	      0.12686345	      4.79205153	      0.01242366
      0.95000000	     57.23358627	     -2.34449982	      0.37029598	     24.04945511	    205.53009055	   -264.88962404	     44.34818067	      5.45837460	      9.64800502	     12.12561459	      4.24883180	     -5.54859468	     -8.58750267	      9.75111165	    -17.91689009	      0.10013482	      4.56103685	      0.03564114
      0.96000000	     58.69307403	     -1.41517740	     -0.37874730	     22.62577587	    207.51886279	   -268.11312723	     44.11235292	      4.79046103	     11.40809621	     13.95486123	      4.12927712	     -7.39302516	     -7.93069959	      8.85635916	    -18.05500573	      0.06591682	      4.42451022	      0.05641687
      0.97000000	     60.13059953	      2.47154669	     -0.73343935	     15.67061773	    209.99330531	   -272.41123200	     44.45809248	      3.89244785	     11.61978493	     15.84672484	      4.22821493	    -10.36917430	     -7.60161846	      7.35557984	    -18.51643809	      0.01872136	      4.37097776	      0.07387064
      0.98000000	     61.44727680	      9.15959539	     -0.75841808	      3.68765826	    212.76563492	   -277.42613818	     45.26406723	      2.78484317	     10.55056328	     17.78929457	      4.50822910	    -14.60405328	     -7.58969493	      5.16523165	    -19.28824310	     -0.04476895	      4.38684179	      0.08753439
      0.99000000	     62.63825118	     18.10973248	     -0.54584167	    -12.14480049	    215.82269300	   -282.83559589	     46.43148274	      1.50342467	      8.62301236	     19.80141903	      4.91476637	    -20.02094385	     -7.82495497	      2.27604040	    -20.34813717	     -0.12508780	      4.45753248	      0.09735756
      1.00000000	     63.80398989	     28.41982266	     -0.20213531	    -30.06822970	    219.33856712	   -288.28988457	     47.89419670	      0.09863240	      6.38934128	     21.92786586	      5.39378210	    -26.32811432	     -8.18724985	     -1.23427438	    -21.66366882	     -0.21973773	      4.56802304	      0.10369709
      1.01000000	     65.14539419	     38.87828482	      0.16438346	    -47.88159882	    223.65736254	   -293.37457968	     49.62626851	     -1.36541778	      4.49567439	     24.22391373	      5.91176669	    -33.03032365	     -8.52030107	     -5.19655234	    -23.19442930	     -0.32328399	      4.70270396	      0.10727193
      1.02000000	     66.93006031	     48.05222837	      0.45414046	    -63.13365961	    229.23528351	   -297.62001424	     51.63322168	     -2.81410365	      3.63799820	     26.73192970	      6.47250151	    -39.46817754	     -8.64202649	     -9.35729384	    -24.89148354	     -0.42781304	      4.84562751	      0.10902218
      1.03000000	     69.43222767	     54.44715906	      0.58842761	    -73.41950067	    236.54090565	   -300.56526234	     53.92571752	     -4.17124737	      4.48341136	     29.45923487	      7.12524669	    -44.89411136	     -8.36323973	    -13.40183519	    -26.70038918	     -0.52390479	      4.97965442	      0.10987179
      1.04000000	     72.86085466	     56.71986377	      0.52272162	    -76.74403600	    245.93556747	   -301.83603345	     56.47878587	     -5.37128659	      7.56790447	     32.36750104	      7.96013531	    -48.57792453	     -7.51141966	    -16.99243016	    -28.56199297	     -0.60201570	      5.08574920	      0.11051733
      1.05000000	     77.29740166	     53.87923242	      0.25268572	    -71.83253144	    257.56028418	   -301.19562739	     59.19297483	     -6.36923414	     13.20885822	     35.37469346	      9.08805496	    -49.91620392	     -5.95263737	    -19.81270918	    -30.41097951	     -0.65385689	      5.14295941	      0.11136887
      1.06000000	     82.65513130	     45.43527180	     -0.19289338	    -58.32254344	    271.24728581	   -298.54767644	     61.87302840	     -7.14622147	     21.45081802	     38.36353425	     10.60654241	    -48.52441689	     -3.60961253	    -21.61004574	    -32.17414078	     -0.67347440	      5.13126475	      0.11261458
      1.07000000	     88.66490377	     31.49196542	     -0.76431360	    -36.84383395	    286.46359027	   -293.89706436	     64.23038385	     -7.70931136	     32.03939556	     41.19505947	     12.56106863	    -44.30144541	     -0.47628449	    -22.23005684	    -33.77049747	     -0.65794976	      5.03224124	      0.11429632
      1.08000000	     94.87916604	     12.77165579	     -1.39595236	     -8.98418396	    302.29534100	   -287.28636811	     65.89616905	     -8.08321001	     44.42177495	     43.72938080	     14.91573989	    -37.45576450	      3.37707477	    -21.63705709	    -35.10959915	     -0.60763807	      4.83221451	      0.11634537
      1.09000000	    100.69699068	     -9.44120613	     -2.00237278	     22.88006882	    317.48103201	   -278.72848439	     66.44976536	     -8.29387153	     57.77573518	     45.84703190	     17.54224064	    -28.48347885	      7.80333847	    -19.91520532	    -36.09625413	     -0.52593202	      4.52820643	      0.11858534
      1.10000000	    105.42701188	    -33.45987620	     -2.48114363	     55.90293997	    330.51412838	   -268.15395058	     65.48211980	     -8.35089042	     71.09418669	     47.45673253	     20.22787233	    -18.09701398	     12.59125567	    -17.24900953	    -36.63570696	     -0.41870312	      4.12838840	      0.12071923
      1.11000000	    108.38496796	    -57.44054456	     -2.73196483	     87.20378713	    339.82977451	   -255.39028933	     62.68529959	     -8.23927748	     83.32162280	     48.48552905	     22.70191062	     -7.11521273	     17.48792328	    -13.88700740	    -36.64027550	     -0.29359027	      3.65323539	      0.12233010
      1.12000000	    109.01444279	    -79.48330215	     -2.70532696	    119.11442865	    343.20351111	   -250.48981382	     57.94166530	     -7.92668810	     93.51610787	     48.31351486	     24.33491965	      3.29450163	     22.22541369	     -9.68547221	    -36.03891302	     -0.86350585	      3.13369942	      0.40154703
      1.13000000	    107.59120724	    -95.76636385	     -2.24482612	    144.74210578	    340.90491418	   -251.03697984	     51.37521720	     -7.38141108	    101.00309624	     48.08648701	     25.08112272	     10.40359264	     26.55310389	     -6.16869459	    -34.78376684	     -1.84640641	      2.60506729	      0.88398352
      1.14000000	    103.79837982	   -107.15789335	     -1.46036415	    165.23169926	    332.23311241	   -256.37408237	     43.34317961	     -6.59371206	    105.46841496	     47.12381152	     24.84994753	     15.25264151	     30.26331548	     -2.61069036	    -32.85647885	     -2.98965583	      2.10381418	      1.53326698
      1.15000000	     98.00593695	   -113.43023825	     -0.43538945	    180.74695989	    317.70967933	   -267.07647226	     34.38478369	     -5.59379581	    106.96337164	     45.38101095	     23.66230050	     17.65763027	     33.20138813	      0.96190170	    -30.27569343	     -4.30030109	      1.65873950	      2.37738217
      1.16000000	     90.84958555	   -114.93771532	      0.71897433	    191.86646681	    298.58480290	   -282.89140006	     25.13716419	     -4.45770993	    105.83190045	     42.87837587	     21.68457959	     17.77032673	     35.26406385	      4.55983762	    -27.10374043	     -5.79740633	      1.28803095	      3.42794982
      1.17000000	     83.14722238	   -112.54452666	      1.90267565	    199.33214404	    276.70572640	   -302.37162519	     16.24431232	     -3.29760795	    102.60379358	     39.73725082	     19.20692158	     16.10050224	     36.39892538	      8.20250788	    -23.45115737	     -7.50770935	      0.99612839	      4.66793840
      1.18000000	     75.77234467	   -107.54995018	      3.05450649	    203.88962195	    254.28497752	   -322.52670649	      8.28028141	     -2.24126147	     97.86902786	     36.18361254	     16.58489893	     13.54036583	     36.59991928	     11.89637446	    -19.47812911	     -9.45428269	      0.77741261	      6.04110065
      1.19000000	     69.39804656	   -101.30308552	      4.10459127	    206.05460573	    233.35192362	   -339.51937484	      1.71006418	     -1.40808489	     92.14392737	     32.42860846	     14.09701810	     11.06980415	     35.89330811	     15.54652717	    -15.38818275	    -11.64083385	      0.61785458	      7.46305452
      1.20000000	     64.25014415	    -94.24815312	      4.89722320	    205.48725613	    215.09327748	   -351.44370462	     -3.13256410	     -0.88159387	     85.78763390	     28.55147209	     11.82794021	      8.86663974	     34.33640286	     18.76356917	    -11.41238519	    -14.02090507	      0.49948448	      8.85219862
      1.21000000	     60.35363558	    -86.11467601	      5.32070641	    201.15088749	    200.19108129	   -358.31776790	     -6.04497047	     -0.69112564	     78.97701296	     24.65699276	      9.82304863	      6.55166707	     32.01988532	     21.05323707	     -7.78441242	    -16.48150576	      0.40352987	     10.12913959
      1.22000000	     57.68425667	    -76.41476484	      5.35830082	    191.79150807	    189.09621865	   -360.89811306	     -6.95155136	     -0.80636509	     71.74417556	     20.91419746	      8.16426641	      3.65114457	     29.07073011	     22.00296332	     -4.70276484	    -18.86927783	      0.31464385	     11.21176892
      1.23000000	     56.17057871	    -64.77189449	      5.06094974	    176.44388132	    182.02780508	   -359.87044442	     -5.91246199	     -1.14148361	     64.05958168	     17.49325363	      6.94839371	     -0.17800005	     25.64944429	     21.35802435	     -2.29478676	    -21.02669144	      0.22514307	     12.02796201
      1.24000000	     55.70417223	    -51.11170894	      4.52007996	    154.87632200	    178.96402605	   -355.67285088	     -3.13165740	     -1.57238979	     55.93534947	     14.52764144	      6.25362863	     -5.07162785	     21.94611872	     19.05514066	     -0.59588821	    -22.82283050	      0.13540940	     12.53133568
      1.25000000	     56.18957359	    -35.72412806	      3.83950344	    127.76831497	    179.70706657	   -348.64901543	      1.07152774	     -1.97057262	     47.49774265	     12.12306484	      6.11428828	    -10.95865349	     18.17190124	     15.22357637	      0.44603671	    -24.17254829	      0.04938373	     12.70869470
      1.26000000	     58.03575581	    -17.73972830	      3.14067286	     98.26914865	    183.69147206	   -329.85286669	      6.42979714	     -2.00950191	     37.55246395	     10.37682453	      6.50374092	    -17.56690745	     12.58252282	     10.17016431	      1.20926948	    -25.04447477	     -0.06074463	     12.58069038
      1.27000000	     60.10082102	     -1.86630147	      2.43351609	     63.20487822	    191.47871791	   -326.20141525	     12.40343927	     -2.25740694	     30.08974970	      9.36255634	      7.32193406	    -24.44910744	     10.70847347	      4.34323267	      1.11005642	    -25.45816017	     -0.11249839	     12.19347397
      1.28000000	     63.10817581	     13.12099139	      1.76194369	     29.96795948	    201.68092764	   -318.72373695	     18.55470652	     -2.27383874	     23.18376610	      9.09309851	      8.39568673	    -31.03206039	      8.98566622	     -1.72482716	      0.99648858	    -25.47289126	     -0.17222628	     11.61208632
      1.29000000	     66.91674426	     26.18409057	      1.13264812	      0.75688378	    213.60783174	   -308.96362888	     24.60172483	     -2.08513733	     17.10582609	      9.48029747	      9.49936335	    -36.71038452	      7.48832236	     -7.49812766	      0.87654476	    -25.17397977	     -0.23588759	     10.90884112
      1.30000000	     71.25445966	     36.46737713	      0.54664775	    -22.71302067	    226.37600789	   -298.31277566	     30.29971728	     -1.72615934	     12.03942702	     10.35029928	     10.40280390	    -40.95540133	      6.26080516	    -12.51405218	      0.75759606	    -24.65680851	     -0.29907802	     10.15612390
      1.31000000	     75.76343067	     43.45164588	      0.01636773	    -39.49689081	    239.03523160	   -287.87803335	     35.44605843	     -1.22433530	      8.05461483	     11.49214212	     10.92416466	    -43.41350052	      5.31527278	    -16.44060740	      0.64574707	    -24.01534454	     -0.35717716	      9.41431146
      1.32000000	     80.08367041	     47.02002808	     -0.42961668	    -49.50325181	    250.72880432	   -278.44436833	     39.88617012	     -0.59325498	      5.11729438	     12.71711096	     10.96681752	    -43.96427493	      4.63862012	    -19.10499724	      0.54574133	    -23.33593905	     -0.40577749	      8.72993413
      1.33000000	     83.92208482	     47.43041461	     -0.75195965	    -53.39040447	    260.81618005	   -270.49923962	     43.51883714	      0.16642886	      3.11827238	     13.89146843	     10.52770002	    -42.72477262	      4.20280845	    -20.49008031	      0.46109424	    -22.69187163	     -0.44124227	      8.13356084
      1.34000000	     87.09752952	     45.23351221	     -0.90630127	    -52.35760061	    268.93735340	   -264.29026522	     46.29973677	      1.06352691	      1.89880699	     14.94834390	      9.68321831	    -40.00841445	      3.97130013	    -20.70729117	      0.39397523	    -22.14351531	     -0.46113538	      7.64274627
      1.35000000	     89.56600818	     41.16361222	     -0.84811195	    -47.90611319	    275.03676343	   -259.88565909	     48.24336527	      2.11211334	      1.26639201	     15.88992854	      8.56208600	    -36.25149727	      3.90022429	    -19.95124666	      0.34490526	    -21.73559163	     -0.46448574	      7.26362713
      1.36000000	     91.40540233	     36.05879011	     -0.54051191	    -41.64863253	    279.32151216	   -257.22937092	     49.42293864	      3.32715762	      1.00538962	     16.76442805	      7.31543454	    -31.96376322	      3.93656684	    -18.47182500	      0.31261767	    -21.49839909	     -0.45198539	      6.99371259
      1.37000000	     92.77096943	     30.78080746	      0.04064858	    -35.13808468	    282.17822326	   -256.19416634	     49.96685049	      4.72136165	      0.88488249	     17.62329688	      6.08781883	    -27.67261315	      4.01509422	    -16.54754976	      0.29416511	    -21.44849537	     -0.42611790	      6.82388681
      1.38000000	     93.85624751	     26.12238517	      0.90801347	    -29.69879297	    284.09426570	   -256.64225113	     50.04996595	      6.30428551	      0.66366600	     18.49070783	      4.99420817	    -23.84624117	      4.05496860	    -14.45121849	      0.28509864	    -21.59358992	     -0.39107132	      6.74335908
      1.39000000	     94.86316286	     22.72758239	      2.06694023	    -26.31337914	    285.59087222	   -258.44993149	     49.87795780	      8.08340610	      0.09419852	     19.35394337	      4.10754215	    -20.82248306	      3.95768683	    -12.41477935	      0.27963004	    -21.93264113	     -0.35230186	      6.74078481
      1.40000000	     95.97714486	     21.05387077	      3.51805492	    -25.58553645	    287.15165725	   -261.51509111	     49.66291161	     10.06509662	     -1.06861717	     20.17020619	      3.45767850	    -18.77936110	      3.60918031	    -10.61264205	      0.27092196	    -22.45869950	     -0.31568577	      6.80660863
      1.41000000	     97.33104900	     21.35436838	      5.25693177	    -27.74607325	    289.12971172	   -265.75535110	     49.59039618	     12.25296160	     -3.05070267	     20.87114663	      3.03546211	    -17.73163469	      2.88777637	     -9.15494885	      0.25167238	    -23.16029828	     -0.28636921	      6.93266515
      1.42000000	     98.96069054	     23.68367468	      7.27116654	    -32.69875588	    291.64176141	   -271.09875468	     49.78332828	     14.64227360	     -6.03996997	     21.36224177	      2.80003946	    -17.55072341	      1.67645215	     -8.09151372	      0.21496152	    -24.02277309	     -0.26778877	      7.11285733
      1.43000000	    100.76490552	     27.91421717	      9.53578772	    -40.08339229	    294.48629612	   -277.46348009	     50.27095596	     17.21065577	    -10.17099668	     21.52157494	      2.68686416	    -17.98978681	     -0.12309051	     -7.41750347	      0.15512340	    -25.02763147	     -0.26127167	      7.34256308
      1.44000000	    102.48234067	     33.75313956	     12.00603877	    -49.33286784	    297.11493836	   -284.74327673	     50.96916852	     19.90543535	    -15.50919271	     21.20258262	      2.61631517	    -18.70940461	     -2.57502403	     -7.07842976	      0.06841751	    -26.15068271	     -0.26605456	      7.61581670
      1.45000000	    103.70283125	     40.75087330	     14.60729392	    -59.70658389	    298.67827750	   -292.80148413	     51.67708438	     22.62966091	    -22.02912396	     20.25254326	      2.50383003	    -19.30218324	     -5.69301183	     -6.97242855	     -0.04650456	    -27.35791431	     -0.27941075	      7.92431609
      1.46000000	    103.91965688	     48.31597033	     17.22443309	    -70.31592939	    298.16065089	   -301.47496239	     52.09679444	     25.23280072	    -29.59156962	     18.54436403	      2.27039844	    -19.32734925	     -9.42601161	     -6.95882645	     -0.18825665	    -28.60790434	     -0.29692472	      8.25455514
      1.47000000	    102.63085585	     55.74943846	     19.69668991	    -80.18187211	    294.59470638	   -310.56808491	     51.88073477	     27.51417159	    -37.92961970	     16.02492147	      1.85351988	    -18.35865607	    -13.65090075	     -6.86936023	     -0.35253744	    -29.85139376	     -0.31306781	      8.58755194
      1.48000000	     99.46547973	     62.31550328	     21.82372876	    -88.34504555	    287.31184705	   -319.80632494	     50.70163567	     29.24424060	    -46.65257174	     12.76186180	      1.21694521	    -16.05398145	    -18.17545737	     -6.53151747	     -0.53221607	    -31.03436188	     -0.32205622	      8.89772270
      1.49000000	     94.30852047	     67.33557599	     23.38712239	    -94.01738137	    276.16633787	   -328.77385821	     48.33089608	     30.20360955	    -55.27467150	      8.97616322	      0.35564889	    -12.22677416	    -22.75369089	     -5.79348150	     -0.71771046	    -32.09993814	     -0.31890930	      9.15422545
      1.50000000	     87.38875547	     70.29407089	     24.18577864	    -96.75214847	    261.67521404	   -336.84624905	     44.70617952	     30.23261688	    -63.26921314	      5.04613096	     -0.70575272	     -6.90577725	    -27.11258604	     -4.54706581	     -0.89765439	    -32.98855588	     -0.30055722	      9.32387100
      1.51000000	     79.29867931	     70.94929564	     24.07656270	    -96.60580573	    245.03346734	   -343.13650964	     39.96947649	     29.27807820	    -70.13962623	      1.47332039	     -1.91922851	     -0.38067231	    -30.98605955	     -2.75186656	     -1.05992737	    -33.63971092	     -0.26665568	      9.37455708
      1.52000000	     70.93714148	     69.41984508	     23.00753706	    -94.23797185	    227.99251614	   -346.48469487	     34.46413976	     27.42146805	    -75.49303402	     -1.18378776	     -3.22273951	      6.78460141	    -34.14967790	     -0.45384311	     -1.19301510	    -33.99319858	     -0.21978992	      9.28101296
      1.53000000	     63.37151484	     66.19066512	     21.03079270	    -90.86129652	    212.60447089	   -345.52782919	     28.68794948	     24.87454016	    -79.09124717	     -2.40297461	     -4.55438245	     13.80243197	    -36.44612533	      2.21246779	     -1.28735581	    -33.98930772	     -0.16496775	      9.02938448
      1.54000000	     57.64437624	     62.00313815	     18.28951602	    -87.98661706	    200.87369861	   -338.84822055	     23.21134678	     21.93916601	    -80.85730740	     -1.79679781	     -5.87008845	     19.78809408	    -37.79302807	      5.04137783	     -1.33631409	    -33.57011781	     -0.10853124	      8.62100689
      1.55000000	     54.57768800	     57.64930387	     14.98916983	    -87.01675260	    194.40842951	   -325.19333468	     18.58457101	     18.94637524	    -80.84327950	      0.81133465	     -7.15958008	     23.94547028	    -38.17499332	      7.79351298	     -1.33675536	    -32.68176380	     -0.05687600	      8.07375106
      1.56000000	     54.62291227	     53.73340307	     11.36788631	    -88.80806832	    194.15466580	   -303.73811392	     15.25595212	     16.19545453	    -79.18037746	      5.35207552	     -8.45197938	     25.76712566	    -37.62726824	     10.24478270	     -1.28927552	    -31.28077184	     -0.01539417	      7.41984157
      1.57000000	     56.50137943	     50.57769954	      7.04094071	    -88.05964964	    199.02155195	   -287.18687552	     13.12166123	     13.63650328	    -76.23693885	     11.52147926	     -9.80319085	     25.19188610	    -35.64072449	     12.23582310	     -1.93485048	    -29.34125157	      0.33770906	      6.69961335
      1.58000000	     61.29607335	     50.48202528	      3.17395809	    -89.84179632	    210.31334626	   -271.51007507	     13.07201594	     12.09500678	    -74.53665223	     18.83363220	    -11.26369189	     22.66667441	    -33.86071147	     13.70681579	     -2.95072948	    -26.86576803	      0.79538554	      5.95529449
      1.59000000	     67.68333465	     50.92381786	     -0.34902098	    -90.09120593	    225.84903309	   -258.59430675	     14.79264064	     11.17817187	    -72.46987519	     26.69490920	    -12.83289637	     19.07747039	    -31.25994582	     14.70443439	     -4.05868343	    -23.89755651	      1.38228080	      5.22524529
      1.60000000	     74.70227243	     50.89009426	     -3.28142799	    -86.64598118	    243.84021213	   -251.22899495	     18.14627138	     10.80316947	    -70.07688189	     34.47656276	    -14.41499822	     15.54884900	    -27.80033772	     15.35459575	     -5.27019867	    -20.52964787	      2.11562364	      4.53686389
      1.61000000	     81.41603914	     49.34722020	     -5.38561823	    -77.84075721	    262.34716784	   -251.41464101	     22.88886606	     10.84342264	    -67.33009603	     41.58067359	    -15.80092967	     13.16026013	    -23.49249068	     15.80762353	     -6.61949468	    -16.90790887	      2.99789906	      3.90336497
      1.62000000	     87.02318329	     45.46375177	     -6.48184951	    -63.00292044	    279.46727859	   -259.49174224	     28.65430265	     11.14461856	    -64.09345949	     47.49184142	    -16.69287509	     12.66916594	    -18.42021744	     16.18101319	     -8.15587154	    -13.22182271	      4.00772390	      3.32394083
      1.63000000	     90.94111278	     38.70507221	     -6.49114694	    -42.58353014	    293.51197425	   -273.56212895	     34.96078145	     11.55841541	    -60.05402330	     51.81433824	    -16.77180394	     14.33461543	    -12.74117771	     16.52853018	     -9.92744699	     -9.68475015	      5.09580661	      2.78743148
      1.64000000	     93.00420959	     29.28426739	     -5.39507023	    -18.19862248	    303.49344901	   -291.14958911	     41.44954522	     12.02881677	    -55.13071094	     54.29917824	    -15.78883462	     17.86758729	     -6.77651644	     16.83434940	    -11.96011133	     -6.50487177	      6.20898774	      2.27957036
      1.65000000	     93.48057232	     18.54727119	     -3.22707781	      7.13430973	    309.29019757	   -310.59800304	     47.98883170	     12.54180000	    -49.89717782	     54.85861723	    -13.65096289	     22.50170907	     -1.08992364	     17.02365299	    -14.21088136	     -3.85229042	      7.29435537	      1.79174877
      1.66000000	     92.72251113	      8.42318533	     -0.18657122	     29.62093373	    311.10503114	   -330.37957548	     54.41183232	     12.97619415	    -45.17442857	     53.57086268	    -10.47396072	     27.17894518	      3.70720348	     16.98989904	    -16.56442554	     -1.82847520	      8.29549353	      1.32654140
      1.67000000	     91.03260436	      0.84979690	      3.37272107	     45.52164827	    309.25197779	   -348.71669664	     60.45130046	     13.11115694	    -41.70841200	     50.66749759	     -6.57925058	     30.81093986	      7.09244875	     16.63744372	    -18.86294744	     -0.44936245	      9.15589923	      0.89849153
      1.68000000	     88.66418364	     -2.66064077	      7.01589268	     51.92386609	    304.15083324	   -363.73123362	     65.80324866	     12.70969152	    -39.99121859	     46.49758199	     -2.43041939	     32.51325797	      8.71351654	     15.91444977	    -20.94507396	      0.35006491	      9.82972568	      0.52699155
      1.69000000	     86.25737302	     -1.39180115	     10.11129591	     49.54994950	    297.30482972	   -368.09115295	     70.15855436	     11.58775834	    -40.19174472	     42.28035345	      1.18751855	     31.80527762	      8.43636831	     13.88098795	    -22.67648373	      0.95774903	     10.29105161	      0.10252807
      1.70000000	     82.84686128	      4.86171608	     12.70711306	     31.46878240	    286.51247050	   -378.37311187	     73.24268402	      9.67326181	    -42.17812216	     36.33796620	      4.61799624	     28.64980165	      6.34734353	     13.66553892	    -23.96953815	      0.92916374	     10.53412668	      0.06110183
      1.71000000	     79.18194470	     15.90225725	     14.23497228	      4.08027777	    274.11760602	   -380.14621969	     74.86710602	      7.03937507	    -45.56342798	     30.57704255	      6.94456696	     22.75154638	      2.73396254	     12.71166488	    -24.78584022	      0.85332875	     10.56952668	      0.02340342
      1.72000000	     75.31305513	     30.71067496	     14.58215456	    -30.39567559	    260.54600450	   -374.75776338	     74.97947646	      3.90677440	    -49.76323968	     25.24818892	      8.04401356	     14.48667064	     -1.95932458	     11.12318025	    -25.13383891	      0.73603439	     10.41829722	     -0.00815127
      1.73000000	     71.30290722	     47.80592792	     13.80671483	    -68.79341827	    246.21836932	   -364.08417202	     73.70217654	      0.60614093	    -54.08037540	     20.48432242	      7.98590086	      4.47558974	     -7.19594344	      9.07216856	    -25.05912091	      0.58686552	     10.10774009	     -0.03203988
      1.74000000	     67.24479673	     65.44352277	     12.10496507	   -107.40084215	    231.57385581	   -350.19641524	     71.33809291	     -2.48832065	    -57.79900580	     16.29851117	      6.99143228	     -6.49418443	    -12.42196266	      6.77178723	    -24.63381408	      0.41819829	      9.66969670	     -0.04774593
      1.75000000	     63.26487146	     81.84123209	      9.75350072	   -142.44466622	    217.08640117	   -335.01925267	     68.32993379	     -5.03665723	    -60.27693068	     12.61147417	      5.36541630	    -17.55228103	    -17.13778362	      4.44637496	    -23.94454024	      0.24382439	      9.13807743	     -0.05572617
      1.76000000	     59.51446187	     95.41275267	      7.04534114	   -170.60517149	    203.27528990	   -320.08311863	     65.18388459	     -6.80124696	    -61.02966902	      9.30139770	      3.42274083	    -27.83946404	    -20.95730505	      2.30174004	    -23.08317495	      0.07725285	      8.54695910	     -0.05722055
      1.77000000	     56.16701726	    104.95408755	      4.23806720	   -189.44019374	    190.71785477	   -306.38312799	     62.38280090	     -7.68394400	    -59.77831136	      6.26263126	      1.43100373	    -36.60257233	    -23.64195621	      0.50084893	    -22.14098473	     -0.06990691	      7.92939261	     -0.05394371
      1.78000000	     53.41768111	    109.75673493	      1.52599192	   -197.65099046	    180.04812646	   -294.36721460	     60.30977155	     -7.72630647	    -56.45575362	      3.45523262	     -0.41731559	    -43.27894650	    -25.10341403	     -0.85221670	    -21.20199763	     -0.18921674	      7.31414014	     -0.04771658
      1.79000000	     51.46231622	    109.63571892	     -0.96139566	   -195.13883724	    171.91121619	   -284.03480913	     59.18232015	     -7.07902057	    -51.17809495	      0.92967412	     -2.00172353	    -47.55312652	    -25.38046516	     -1.71841776	    -20.34004864	     -0.27614407	      6.72612571	     -0.04012569
      1.80000000	     50.46002756	    104.86143631	     -3.14055617	   -182.83730433	    166.87317673	   -275.09501216	     59.01296256	     -5.95051181	    -44.18507648	     -1.17853715	     -3.24920192	    -49.36794876	    -24.59490832	     -2.11900091	    -19.61556797	     -0.33001726	      6.18341248	     -0.03230737
      1.81000000	     50.49609014	     96.05126539	     -4.94728784	   -162.42416478	    165.32596209	   -267.15603470	     59.61233400	     -4.55620201	    -35.79249022	     -2.67868395	     -4.10471920	    -48.89270907	    -22.91300084	     -2.12329889	    -19.07614257	     -0.35339511	      5.69774037	     -0.02486658
      1.82000000	     51.55410260	     84.05454163	     -6.31579484	   -136.01472083	    167.40387109	   -259.89378201	     60.62955224	     -3.08201724	    -26.36662454	     -3.36621157	     -4.51101192	    -46.46310923	    -20.51778077	     -1.83339410	    -18.75688825	     -0.35126703	      5.27524957	     -0.01787052
      1.83000000	     53.51252762	     69.83425409	     -7.16987476	   -105.86426770	    172.94555753	   -253.14110824	     61.62128660	     -1.66419618	    -16.30885390	     -3.06169439	     -4.40314708	    -42.50458227	    -17.59337652	     -1.36663096	    -18.68131811	     -0.33013157	      4.91710936	     -0.01091113
      1.84000000	     56.16988966	     54.34112210	     -7.42601167	    -74.08390623	    181.52081767	   -246.89943689	     62.13400087	     -0.38152852	     -6.02882695	     -1.63874233	     -3.71543008	    -37.45399192	    -14.31477035	     -0.83717859	    -18.86326075	     -0.29689418	      4.62077702	     -0.00326373
      1.85000000	     59.29427023	     38.39801876	     -7.00508919	    -42.41212746	    192.52000212	   -241.29596226	     61.78402181	      0.74127071	      4.09659892	      0.96089517	     -2.39415529	    -31.69648617	    -10.83880619	     -0.33939970	    -19.30566816	     -0.25779847	      4.38099592	      0.00589862
      1.86000000	     62.68724936	     22.62258118	     -5.84806414	    -12.07966846	    205.28679125	   -236.53336988	     60.32819952	      1.72132756	     13.76394241	      4.72151152	     -0.40993098	    -25.52709722	     -7.30151557	      0.06454223	    -20.00115319	     -0.21767109	      4.19042905	      0.01730793
      1.87000000	     66.23980150	      7.39187977	     -3.93460933	     16.22870219	    219.25243096	   -232.84171069	     57.71057852	      2.60106787	     22.78343672	      9.55100457	      2.23290984	    -19.14209552	     -3.81537510	      0.35014947	    -20.93161995	     -0.17961570	      4.04122575	      0.03145411
      1.88000000	     69.95928447	     -7.15164359	     -1.30378071	     42.32622551	    234.02553089	   -230.45434001	     54.07560428	      3.43196032	     31.11446463	     15.27830945	      5.48890822	    -12.66009306	     -0.46341870	      0.52697753	    -22.06914856	     -0.14513490	      3.92680885	      0.04848161
      1.89000000	     73.95345705	    -21.05513180	      1.92693742	     66.40031739	    249.40587097	   -229.60148348	     49.74125390	      4.25979621	     38.87841243	     21.65260562	      9.26485848	     -6.16170542	      2.70741601	      0.62725552	    -23.37722841	     -0.11447706	      3.84274188	      0.06809720
      1.90000000	     78.37583691	    -34.47676573	      5.55131718	     88.83226596	    265.31967832	   -230.48699064	     45.13819392	      5.11156743	     46.32885569	     28.34988658	     13.41475007	      0.27059012	      5.68602941	      0.69126166	    -24.81197945	     -0.08699334	      3.78413099	      0.08948328
      1.91000000	     83.35181858	    -47.59639148	      9.27889271	    110.00949458	    281.71490867	   -233.24370182	     40.72986266	      5.98441532	     53.78247364	     34.99306418	     17.74033626	      6.52828575	      8.48758818	      0.75460747	    -26.32404346	     -0.06150695	      3.74513044	      0.11131237
      1.92000000	     88.91027621	    -60.54109868	     12.76060695	    130.17620076	    298.44916274	   -237.87523155	     36.92951733	      6.84046040	     61.53253041	     41.18830894	     22.00245881	     12.47432163	     11.14010350	      0.84085928	    -27.86010010	     -0.03671187	      3.71599341	      0.13194861
      1.93000000	     94.92871192	    -73.32622901	     15.63741373	    149.32339099	    315.18876125	   -244.19341780	     34.02221993	      7.60982255	     69.75556679	     46.57247663	     25.94424310	     17.95617261	     13.67082372	      0.95983276	    -29.36193430	     -0.01144881	      3.68235228	      0.14976135
      1.94000000	    101.10358521	    -85.80498832	     17.60433736	    167.11828580	    331.33569180	   -251.75264156	     32.11100973	      8.20163711	     78.42153334	     50.85957909	     29.32215161	     22.82535249	     16.08946374	      1.11034458	    -30.76762343	      0.01519384	      3.62647865	      0.16342175
      1.95000000	    106.95681259	    -97.64851339	     18.47375235	    182.90463098	    346.00892162	   -259.79982602	     31.10021828	      8.52412882	     87.24333368	     53.87284156	     31.93713117	     26.95577908	     18.37904740	      1.28542099	    -32.01087796	      0.04379765	      3.52928706	      0.17211760
      1.96000000	    111.87577876	   -108.35893861	     18.21704997	    195.77397292	    358.08892910	   -267.28550475	     30.71957985	      8.50981077	     95.68374845	     55.55264436	     33.65518685	     30.25024671	     20.49580336	      1.47566336	    -33.02181951	      0.07438439	      3.37487382	      0.17563868
      1.97000000	    115.18447761	   -117.30935159	     16.96903733	    204.68581782	    366.32462242	   -272.93810781	     30.58679618	      8.13840121	    103.02244540	     55.93904455	     34.41074316	     32.63022110	     22.37606826	      1.66784251	    -33.72847754	      0.10605844	      3.15477276	      0.17430058
      1.98000000	    116.23982010	   -123.81419684	     14.99584237	    208.62497969	    369.49720222	   -275.39492573	     30.29222287	      7.45022768	    108.47207969	     55.13855706	     34.19787667	     34.02120901	     23.94745600	      1.84173853	    -34.05898024	      0.13682859	      2.86941489	      0.16875658
      1.99000000	    114.53778255	   -127.22985736	     12.64033279	    206.78032743	    366.62220728	   -273.37097523	     29.47838024	      6.54542571	    111.31821949	     53.29110432	     33.06085210	     34.34998233	     25.14114126	      1.97021405	    -33.94454666	      0.16389055	      2.52957372	      0.15981145
      2.00000000	    109.82179673	   -127.07627763	     10.25672234	    198.72489635	    357.16211861	   -265.83293352	     27.90383841	      5.56666208	    111.06167442	     50.54851525	     31.09055498	     33.56051805	     25.90338007	      2.02483703	    -33.32314013	      0.18425038	      2.15435469	      0.14830809
      2.01000000	    104.69880128	   -121.51230098	      9.20319269	    193.02274607	    343.33922109	   -276.91324687	     25.48859434	      4.66770135	    107.54342166	     48.44284425	     28.77855689	     30.50629874	     26.20545354	      2.84184264	    -32.14612446	     -1.54083699	      1.76615372	      1.01862661
      2.02000000	     95.71195911	   -111.07181917	      7.80295374	    177.28256511	    322.00643569	   -278.17743131	     22.32978722	      3.97338392	    101.02482373	     45.12530066	     25.36415084	     24.93167610	     26.05421877	      2.65730498	    -30.38561933	     -2.66962136	      1.38829618	      1.60350039
      2.03000000	     85.24750039	    -96.92624361	      6.84820740	    158.09283987	    296.37835131	   -280.03148572	     18.68528627	      3.54165797	     92.18186119	     41.32848034	     21.58731832	     17.72497621	     25.49409224	      2.45803333	    -28.04640556	     -4.00627445	      1.04173163	      2.36770383
      2.04000000	     74.36072458	    -80.24994689	      6.20456706	    137.13872565	    268.50980811	   -283.06544424	     14.92608019	      3.34110168	     81.99775416	     37.11236434	     17.73489053	      9.30713929	     24.60160110	      2.34843507	    -25.17214714	     -5.55403212	      0.74084415	      3.32847287
      2.05000000	     64.24819297	    -62.66118388	      5.68057813	    116.43915756	    240.84168640	   -287.41214683	     11.46601331	      3.25401624	     71.57833120	     32.59380128	     14.12876131	      0.41723103	     23.47075508	      2.49549112	    -21.85389355	     -7.31102647	      0.49424995	      4.48086168
      2.06000000	     56.05145764	    -46.06345857	      5.08878017	     98.10071107	    215.86728211	   -292.38873326	      8.69709391	      3.10248925	     61.93892664	     27.95614633	     11.06295798	     -7.88450383	     22.19534597	      3.11438044	    -18.22934769	     -9.26323705	      0.30337000	      5.78464166
      2.07000000	     50.62695898	    -32.08776339	      4.27068560	     83.58239236	    195.71327495	   -296.43228015	      6.94024578	      2.69344709	     53.80343884	     23.49777995	      8.71831364	    -14.58502258	     20.84490229	      4.29656606	    -14.47947856	    -11.37607805	      0.16337909	      7.15718359
      2.08000000	     48.27719835	    -21.40792337	      3.08457053	     73.09231213	    181.55379622	   -298.57189291	      6.40091883	      1.87608016	     47.48811007	     19.52167134	      7.09194010	    -19.31225051	     19.45786501	      5.86911979	    -10.81561994	    -13.58862227	      0.06462274	      8.49851252
      2.09000000	     48.71919329	    -13.64238925	      1.45637031	     65.63195443	    173.43348039	   -299.55628370	      7.14219837	      0.59322018	     42.88946222	     16.18740300	      6.05654931	    -22.42961419	     18.05013216	      7.48239005	     -7.45267755	    -15.81804953	     -0.00902913	      9.72336209
      2.10000000	     51.31056387	     -7.81486807	     -0.54293008	     59.41966453	    170.64574504	   -300.76621269	      9.07639141	     -1.08849565	     39.55795975	     13.53583545	      5.48582143	    -24.60232256	     16.62025953	      8.76616708	     -4.57411707	    -17.96946832	     -0.07451554	     10.76753847
      2.11000000	     55.24206783	     -2.78159646	     -2.70767383	     52.43250224	    172.07341284	   -303.12060704	     11.97715159	     -2.98051817	     36.85655432	     11.52000186	      5.29967955	    -26.48136438	     15.15654614	      9.40652953	     -2.29853204	    -19.95231781	     -0.14383506	     11.58460356
      2.12000000	     59.72435532	      2.42918117	     -4.75669432	     42.99600250	    176.50031531	   -306.61806840	     15.51409577	     -4.81050399	     34.17403816	     10.05949186	      5.46250218	    -28.53760799	     13.65404204	      9.18579849	     -0.66226226	    -21.69033998	     -0.21845657	     12.14826734
      2.13000000	     64.13610627	      8.39894939	     -6.41681547	     30.22575249	    182.85950709	   -310.55122822	     19.32502133	     -6.29285518	     31.11104520	      9.07822093	      5.95432402	    -31.01213955	     12.13858685	      8.00364767	      0.37506682	    -23.12875659	     -0.29093515	     12.45331760
      2.14000000	     68.17730334	     16.84031416	     -7.38033819	     15.11803646	    190.01655977	   -305.16446900	     22.89631014	     -6.93361546	     25.97661115	      8.52237990	      6.73626903	    -33.91134725	      8.65999126	      5.88808734	      1.09782732	    -24.24067344	     -0.29094801	     12.51474506
      2.15000000	     71.48791937	     23.71152929	     -7.77382604	     -5.15536121	    198.50676052	   -313.96726105	     26.64562191	     -7.28169270	     22.56953811	      8.37378466	      7.72392336	    -37.00319919	      8.60769538	      3.00469573	      1.07005932	    -25.02485426	     -0.34479145	     12.36376104
      2.16000000	     74.41030631	     30.24859450	     -7.53132393	    -24.74109071	    207.52992589	   -318.27565823	     29.95176883	     -6.90688049	     19.16599886	      8.63798591	      8.77458379	    -39.85462997	      8.54892178	     -0.35793245	      1.02132579	    -25.50162108	     -0.38197363	     12.04000696
      2.17000000	     77.12962706	     35.61237979	     -6.74286553	    -41.73714360	    217.06364668	   -318.49158446	     32.86357540	     -5.88883897	     16.03425094	      9.30627873	      9.69713926	    -41.92136169	      8.52045080	     -3.83248083	      0.95869629	    -25.70750943	     -0.40334552	     11.58679875
      2.18000000	     79.80850340	     38.97496745	     -5.54179809	    -54.30346167	    227.03166336	   -315.35343538	     35.47298963	     -4.35529324	     13.42282872	     10.31887006	     10.28840126	    -42.67844003	      8.55848556	     -7.04105484	      0.89007205	    -25.68875828	     -0.41167599	     11.04862049
      2.19000000	     82.52732280	     39.72889579	     -4.06795577	    -61.08533306	    237.23942922	   -309.83864481	     37.88451328	     -2.44611047	     11.49589410	     11.55411986	     10.38144123	    -41.74368578	      8.68271761	     -9.66192303	      0.82262892	    -25.49627888	     -0.41065377	     10.46565006
      2.20000000	     85.28736971	     37.63772304	     -2.44115383	    -61.51351848	    247.40189957	   -303.05510848	     40.19540679	     -0.28620868	     10.29810590	     12.85145201	      9.88775615	    -38.96651566	      8.88699116	    -11.47932115	      0.76172232	    -25.18199871	     -0.40403568	      9.87326469
      2.21000000	     88.04861582	     32.91393788	     -0.74671231	    -55.95018506	    257.22170814	   -296.11301840	     42.48740484	      2.03051488	      9.74104735	     14.05051847	      8.82036256	    -34.47229466	      9.13414129	    -12.41243811	      0.71019377	    -24.79783649	     -0.39509440	      9.30191830
      2.22000000	     90.77120278	     26.21603838	      0.96881150	    -45.66837741	    266.46863977	   -289.97424354	     44.82720639	      4.44718026	      9.60590167	     15.02653281	      7.29161362	    -28.65510050	      9.35359580	    -12.51934045	      0.66800738	    -24.39373874	     -0.38636941	      8.77431805
      2.23000000	     93.44954756	     18.56278247	      2.69365945	    -32.65626470	    275.02795307	   -285.32376782	     47.27061000	      6.94161049	      9.56305495	     15.71589980	      5.48680969	    -22.11831157	      9.44257306	    -11.97529833	      0.63232342	    -24.01584410	     -0.37970499	      8.30690994
      2.24000000	     96.12527731	     11.18282192	      4.44205313	    -19.29580512	    282.91073100	   -282.52123600	     49.86372540	      9.51859643	      9.20558931	     16.12113533	      3.62214379	    -15.57502107	      9.27110776	    -11.02994725	      0.59802004	    -23.70472489	     -0.37649651	      7.90741572
      2.25000000	     98.87618320	      5.34022819	      6.24487569	     -8.00002283	    290.21367654	   -281.63679200	     52.63541251	     12.19999313	      8.09180537	     16.29815209	      1.90215542	     -9.73719785	      8.69079824	     -9.95863587	      0.55844963	    -23.49472202	     -0.37790331	      7.57760721
      2.26000000	    101.78345391	      2.14537557	      8.14182307	     -0.84717671	    297.05063426	   -282.53369194	     55.57868696	     15.01381579	      5.79564355	     16.33140252	      0.48412868	     -5.19762998	      7.54823058	     -9.01105635	      0.50625927	    -23.41489912	     -0.38480091	      7.31522469
      2.27000000	    104.88873395	      2.38442085	     10.17035285	      0.71822911	    303.47423938	   -284.96260428	     58.62290639	     17.98073127	      1.96410817	     16.31082009	     -0.54352062	     -2.33224791	      5.70381788	     -8.36657224	      0.43429666	    -23.48543599	     -0.39746097	      7.11376515
      2.28000000	    108.13319020	      6.40992554	     12.35021834	     -3.93589955	    309.37509972	   -288.61504251	     61.60342983	     21.09605545	     -3.62365857	     16.30328263	     -1.16476297	     -1.25692657	      3.05482140	     -8.11708265	      0.33663054	    -23.71656225	     -0.41513278	      6.96438273
      2.29000000	    111.29874682	     14.08164511	     14.66490448	    -14.55772143	    314.39182282	   -293.15335424	     64.24119859	     24.30760528	    -11.00291766	     16.32522367	     -1.42764649	     -1.81994197	     -0.44009934	     -8.26411316	      0.20961046	    -24.10847253	     -0.43575239	      6.85730090
      2.30000000	    113.98001202	     24.75364283	     17.04206108	    -30.03406261	    317.86970579	   -298.22826244	     66.14690061	     27.49327240	    -19.98208171	     16.32894066	     -1.42935699	     -3.62067622	     -4.73806276	     -8.72309036	      0.05278727	    -24.65187037	     -0.45588947	      6.78449982
      2.31000000	    115.60218520	     37.32642334	     19.33963301	    -48.52287924	    318.89838333	   -303.46629458	     66.86169068	     30.44733083	    -30.12515951	     16.20359884	     -1.29618780	     -6.06347985	     -9.69615650	     -9.34016747	     -0.13054131	    -25.33011341	     -0.47095120	      6.73947333
      2.32000000	    115.50661560	     50.36902715	     21.34843851	    -67.70070836	    316.45122759	   -308.45700443	     65.93839998	     32.88879473	    -40.77644530	     15.79920550	     -1.16213508	     -8.43700937	    -15.07045059	     -9.91451695	     -0.33332242	    -26.11890997	     -0.47573429	      6.71778486
      2.33000000	    113.09727863	     62.31291461	     22.82059168	    -85.11595950	    309.62272492	   -312.76201394	     63.05044150	     34.50171823	    -51.13990610	     14.96945053	     -1.14856530	    -10.01374417	    -20.53608304	    -10.22703825	     -0.54527740	    -26.98760684	     -0.46541377	      6.71512873
      2.34000000	    108.02161174	     71.69915033	     23.52197676	    -98.61543794	    297.91393806	   -315.93777309	     58.09612774	     35.00452641	    -60.40686881	     13.63357861	     -1.34607290	    -10.16243682	    -25.72879018	    -10.07113307	     -0.75389483	    -27.89745572	     -0.43684152	      6.72732333
      2.35000000	    100.32371454	     77.44602257	     23.29512670	   -106.77867084	    281.48776549	   -317.54494293	     51.26026834	     34.23080992	    -67.90719821	     11.83485468	     -1.80091602	     -8.46678027	    -30.30156937	     -9.28780325	     -0.94586742	    -28.80142222	     -0.38972863	      6.74648409
      2.36000000	     90.52325024	     79.07336441	     22.10870180	   -109.25364114	    261.30782528	   -317.13658019	     43.00785583	     32.19365284	    -73.24305261	      9.78224475	     -2.51015693	     -4.82632399	    -33.98284601	     -7.79609428	     -1.10883316	    -29.64199494	     -0.32711350	      6.76233926
      2.37000000	     79.57175089	     76.80358709	     20.07025638	   -106.85968523	    239.09680707	   -314.21386022	     34.00725802	     29.10396276	    -76.35643067	      7.84547497	     -3.42978052	      0.49539951	    -36.61701516	     -5.61134541	     -1.23295117	    -30.34970526	     -0.25471598	      6.75939452
      2.38000000	     68.70239265	     71.49794138	     17.39083271	   -101.40082509	    217.10658454	   -308.19006738	     25.00738484	     25.32988649	    -77.50379651	      6.50803106	     -4.49483645	      6.89434285	    -38.17360130	     -2.84466661	     -1.31184966	    -30.84341193	     -0.17937865	      6.72007822
      2.39000000	     59.21536729	     64.46310431	     14.31765955	    -95.26055957	    197.76705053	   -298.39386053	     16.71401846	     21.31423466	    -77.15565850	      6.27986306	     -5.64488432	     13.51040427	    -38.72682130	      0.30975268	     -1.34292789	    -31.03545473	     -0.10735574	      6.62905727
      2.40000000	     52.26126246	     57.17937557	     11.06652940	    -90.87974886	    183.30990054	   -284.12955593	      9.70284640	     17.48182461	    -75.85957803	      7.59247485	     -6.84696299	     19.36292586	    -38.41668356	      3.59758646	     -1.32721425	    -30.83944653	     -0.04317551	      6.47715613
      2.41000000	     48.30246683	     52.79432843	      7.74104196	    -85.98467293	    176.65706190	   -281.76993413	      4.77681124	     14.61441810	    -76.00939962	     10.70342434	     -8.11215019	     23.54442602	    -37.54657507	      6.74700803	     -2.11621776	    -30.17800262	      0.48248326	      6.26451531
      2.42000000	     47.64566342	     51.32866791	      4.33607592	    -85.68998770	    177.15576928	   -278.24521453	      1.49394100	     12.37768321	    -76.89411955	     15.62762373	     -9.49381234	     25.42703838	    -36.37290364	      9.51653512	     -2.89499455	    -28.99210977	      1.06167507	      5.99966039
      2.43000000	     50.28070395	     52.62795818	      0.90739182	    -88.27158267	    185.29797475	   -277.39055699	      0.30379587	     10.88645881	    -78.27798679	     22.11926375	    -11.06294216	     24.82134250	    -34.48868005	     11.73647745	     -3.59271288	    -27.25086940	      1.73023868	      5.69675719
      2.44000000	     55.61464453	     56.02479275	     -2.51526524	    -92.27101764	    200.07656653	   -280.13944471	      1.21028045	     10.01273851	    -79.81784881	     29.70542355	    -12.86448583	     22.04953677	    -31.77070813	     13.34041324	     -4.21670661	    -24.95909686	      2.47543562	      5.36933453
      2.45000000	     62.75099338	     60.19032430	     -5.82725368	    -95.66340664	    219.67795276	   -286.66637322	      4.09780522	      9.57086142	    -80.92363400	     37.75338643	    -14.86523561	     17.89573545	    -28.11635192	     14.36970482	     -4.82730774	    -22.16801013	      3.27990935	      5.02402273
      2.46000000	     70.63894374	     63.39819102	     -8.83143312	    -96.41832114	    241.70028278	   -295.70788100	      8.70517674	      9.37813618	    -80.86022240	     45.55196381	    -16.91261919	     13.43698695	    -23.53189403	     14.95246630	     -5.52688533	    -18.97928984	      4.11749114	      4.65863200
      2.47000000	     78.23997040	     63.89150567	    -11.26383509	    -92.79386556	    263.54212247	   -304.89213758	     14.65930173	      9.31802174	    -78.88737908	     52.38560689	    -18.72729580	      9.78457611	    -18.16217174	     15.25715174	     -6.43266170	    -15.54485308	      4.96506255	      4.26308304
      2.48000000	     84.76027179	     60.63158475	    -12.78977234	    -83.71751519	    283.09864986	   -313.05890831	     21.65471008	      9.42912448	    -74.76570236	     57.60122206	    -19.94487012	      7.80757537	    -12.34140008	     15.43843802	     -7.61741104	    -12.05755598	      5.81778638	      3.82286324
      2.49000000	     89.71086804	     53.68237117	    -13.08367140	    -69.42894474	    298.94285984	   -320.38161898	     29.42311846	      9.81995181	    -68.93759554	     60.68090082	    -20.20391997	      7.92745911	     -6.59951459	     15.59812031	     -9.06148634	     -8.73060731	      6.65568508	      3.32708909
      2.50000000	     92.84025909	     43.98088770	    -11.98023877	    -51.45514772	    310.19207770	   -327.31467387	     37.62634954	     10.51586350	    -62.21485408	     61.31339537	    -19.25301111	     10.04128580	     -1.52185205	     15.77047317	    -10.66171677	     -5.76807607	      7.43745911	      2.77652786
      2.51000000	     94.12707885	     32.95947424	     -9.53957815	    -32.17676119	    316.46978069	   -333.81992940	     45.85976020	     11.41740903	    -55.44828150	     59.44769231	    -17.03557557	     13.57785279	      2.38031965	     15.92754062	    -12.27363855	     -3.33166355	      8.10823826	      2.19003135
      2.52000000	     93.79367089	     22.21891389	     -6.02407341	    -14.27190257	    317.94724999	   -339.23556041	     53.73037932	     12.34028889	    -49.35569061	     55.30912940	    -13.71878575	     17.66575893	      4.74099667	     15.99963890	    -13.75393564	     -1.51041935	      8.62057048	      1.60177219
      2.53000000	     92.20037635	     13.25496846	     -1.85015002	     -0.20193935	    315.19326035	   -342.54475011	     60.86309326	     13.05135201	    -44.44884909	     49.36583937	     -9.65489985	     21.35739207	      5.37721852	     15.90640023	    -14.99284024	     -0.30597907	      8.95022239	      1.05231012
      2.54000000	     89.70547499	      7.25287272	      2.49206668	      8.16817327	    308.94634709	   -342.70990181	     66.88223591	     13.31582748	    -41.01429936	     42.25011144	     -5.29511830	     23.82500138	      4.29572767	     15.57880271	    -15.93296806	      0.36014558	      9.09844100	      0.57674657
      2.55000000	     87.15902824	      4.17552723	      6.32641046	     11.88421303	    301.07669086	   -336.08969040	     71.43815156	     12.96407580	    -39.09489363	     35.45176176	     -1.26813011	     25.13889129	      1.69885764	     14.87740512	    -16.56001443	      0.95091144	      9.08034442	      0.11546248
      2.56000000	     83.37852926	      5.46591136	      9.80622537	      4.96165154	    289.26224467	   -333.43449839	     74.26038812	     11.95324580	    -38.47441998	     27.54420693	      2.62117932	     23.93511717	     -2.02021144	     14.92114357	    -16.88095389	      0.92349793	      8.90606954	      0.06444128
      2.57000000	     79.30248086	     10.38313009	     12.35384643	     -7.22352751	    276.29851060	   -325.00375472	     75.24056528	     10.37387924	    -38.75551639	     20.50863951	      5.64828610	     20.42168411	     -6.36054452	     14.24178765	    -16.92207739	      0.85069266	      8.58984263	      0.01718679
      2.58000000	     75.02123571	     18.12301560	     13.88117958	    -23.38865418	    262.70893975	   -312.52288438	     74.47575943	      8.41708916	    -39.46220437	     14.62374760	      7.71839222	     14.88120342	    -10.81661179	     12.93751592	    -16.73482610	      0.73947610	      8.16198880	     -0.02297471
      2.59000000	     70.64145836	     27.58275197	     14.41933715	    -41.77369637	    248.98753153	   -297.88149911	     72.26145367	      6.33101242	    -40.09984619	      9.97069579	      8.86195872	      7.81774881	    -14.93653241	     11.17723618	    -16.38230301	      0.60059304	      7.66152463	     -0.05407355
      2.60000000	     66.30406889	     37.51516349	     14.07967818	    -60.36190519	    235.60550707	   -282.84535098	     69.04910654	      4.36789482	    -40.21471301	      6.46528043	      9.19352883	     -0.11572361	    -18.36408855	      9.17236998	    -15.92860524	      0.44707636	      7.12888501	     -0.07548592
      2.61000000	     62.19049687	     46.70357932	     13.01516139	    -77.15106148	    223.01958272	   -268.81339083	     65.37838771	      2.73392408	    -39.45319264	      3.91589654	      8.86863832	     -8.20279689	    -20.86475646	      7.14421081	    -15.43202508	      0.29244080	      6.60049751	     -0.08767152
      2.62000000	     58.51006004	     54.12298312	     11.38895806	    -90.42417716	    211.66918014	   -256.66580610	     61.79038199	      1.55277365	    -37.60408044	      2.09256505	      8.05026048	    -15.75345190	    -22.33130792	      5.29230714	    -14.94040694	      0.14888368	      6.10539573	     -0.09179450
      2.63000000	     55.46920568	     59.05943295	      9.35669664	    -98.96640315	    201.95363257	   -246.72989108	     58.73643546	      0.85220465	    -34.61377949	      0.79015980	      6.89056581	    -22.18839461	    -22.77080026	      3.76846029	    -14.48936981	      0.02586500	      5.66205450	     -0.08936352
      2.64000000	     53.22994737	     61.17252308	      7.06356221	   -102.19175870	    194.19684158	   -238.85778107	     56.50066555	      0.57478414	    -30.57421631	     -0.12769941	      5.52753190	    -27.10645085	    -22.27855747	      2.65948948	    -14.10267971	     -0.07067951	      5.27955524	     -0.08195603
      2.65000000	     51.88640272	     60.50394488	      4.65165619	   -100.17337768	    188.62633636	   -232.60227284	     55.17083582	      0.60608907	    -25.69779961	     -0.70982483	      4.09078399	    -30.32250649	    -21.01147261	      1.98073115	    -13.79659952	     -0.13856326	      4.95925857	     -0.07101481
      2.66000000	     51.45793836	     57.43318974	      2.26771462	    -93.58510488	    185.36367888	   -227.40968704	     54.65320080	      0.80741791	    -20.28278415	     -0.92241582	      2.70876616	    -31.86870668	    -19.16043108	      1.68038231	    -13.58042973	     -0.17923089	      4.69774217	     -0.05769413
      2.67000000	     51.89186465	     52.59028358	      0.06562855	    -83.55798372	    184.41483386	   -222.76629713	     54.71642374	      1.04532662	    -14.67314431	     -0.67184239	      1.51101183	    -31.96139360	    -16.92682018	      1.65279606	    -13.45803785	     -0.19722624	      4.48893767	     -0.04278994
      2.68000000	     53.07989134	     46.73274912	     -1.79918419	    -71.46534283	    185.67598441	   -218.28130036	     55.05614924	      1.21530449	     -9.20685022	      0.16413321	      0.62322675	    -30.94462546	    -14.50055489	      1.75743452	    -13.42839562	     -0.19912938	      4.32530103	     -0.02677799
      2.69000000	     54.88257746	     40.61237243	     -3.18377260	    -58.68321394	    188.95363661	   -213.69973887	     55.36016022	      1.25489047	     -4.16161401	      1.70646951	      0.15665373	    -29.22375407	    -12.04243120	      1.84006940	    -13.48540348	     -0.19223980	      4.19879453	     -0.00990376
      2.70000000	     57.15304046	     34.85781708	     -3.97499722	    -46.37627459	    193.99316684	   -208.87014598	     55.35771484	      1.14656226	      0.28900703	      4.05155381	      0.19551837	    -27.20072025	     -9.67273009	      1.75368245	    -13.61824896	     -0.18341757	      4.10255794	      0.00773887
      2.71000000	     59.77159776	     29.88397913	     -4.10612439	    -35.33602852	    200.52809653	   -203.68990499	     54.86331798	      0.91379997	      4.10665950	      7.25390842	      0.78680134	    -25.21776848	     -7.46545842	      1.37790675	    -13.81154128	     -0.17822060	      4.02874495	      0.02614433
      2.72000000	     62.67385645	     25.83425872	     -3.56956105	    -25.88280770	    208.33482889	   -198.05589994	     53.80296271	      0.61168209	      7.40349601	     11.31137527	      1.93515140	    -23.51380393	     -5.44604965	      0.63595640	    -14.04398272	     -0.18030170	      3.96879209	      0.04531794
      2.73000000	     65.86165181	     22.56980172	     -2.42370422	    -17.85198140	    217.26706786	   -191.84447678	     52.22071276	      0.31264089	     10.43298762	     16.15076791	      3.60319879	    -22.20013683	     -3.59558741	     -0.49366711	    -14.29006176	     -0.19109784	      3.91332495	      0.06515614
      2.74000000	     69.38418082	     19.71119961	     -0.79264596	    -10.67507491	    227.24789118	   -184.91078102	     50.25749104	      0.08789349	     13.54886443	     21.61644410	      5.71588683	    -21.25717374	     -1.86136572	     -1.97250060	    -14.52179581	     -0.20986113	      3.85283211	      0.08529795
      2.75000000	     73.30397380	     16.70871891	      1.14184952	     -3.51106335	    238.23376384	   -177.09098064	     48.11317432	     -0.00934818	     17.14651838	     27.46780384	      8.16794710	    -20.54531179	     -0.16999299	     -3.70388490	    -14.70987256	     -0.23396667	      3.77630655	      0.10502482
      2.76000000	     77.66698513	     12.92613276	      3.15485416	      4.60252083	    250.18287967	   -168.21769646	     46.00677438	      0.04282197	     21.59947375	     33.39234533	     10.83481868	    -19.82647139	      1.55743181	     -5.54100773	    -14.82479723	     -0.25937021	      3.67142146	      0.12328827
      2.77000000	     82.48018038	      7.73238568	      5.00269460	     14.58938342	    263.02943029	   -158.13733434	     44.13449953	      0.22809040	     27.19749029	     39.03800699	     13.58771461	    -18.79593410	      3.39043855	     -7.30106628	    -14.83754621	     -0.28111202	      3.52656101	      0.13887558
      2.78000000	     87.69722843	      0.60126540	      6.45815401	     27.16802882	    276.65351788	   -146.72811162	     42.63080139	      0.49191420	     34.08604440	     44.06150030	     16.31166669	    -17.12246985	      5.37360311	     -8.78408985	    -14.72253876	     -0.29382608	      3.33192325	      0.15066184
      2.79000000	     93.20103460	     -8.79619867	      7.34992501	     42.70500491	    290.83187487	   -133.91313893	     41.53070404	      0.75042299	     42.22009734	     48.17999604	     18.92037803	    -14.49598287	      7.51692419	     -9.79519155	    -14.45932857	     -0.29232283	      3.08307172	      0.15787860
      2.80000000	     98.78285087	    -20.52231967	      7.59477999	     61.12244121	    305.16296499	   -119.66591026	     40.74535583	      0.91033723	     51.34666167	     51.20849565	     21.35876796	    -10.68183965	      9.79437351	    -10.16927711	    -14.03307075	     -0.27232519	      2.78124424	      0.16031880
      2.81000000	    104.11793106	    -34.33359014	      7.21145970	     81.87769476	    318.98643453	   -104.01411524	     40.05783998	      0.89542243	     61.01718427	     53.07050961	     23.58866629	     -5.57593296	     12.14686122	     -9.79584033	    -13.43546499	     -0.23127385	      2.43482927	      0.15839126
      2.82000000	    108.75141886	    -49.68665211	      6.31240326	    104.02360678	    331.33295633	    -87.06376074	     39.14647301	      0.67344273	     70.63346446	     53.78068722	     25.56220844	      0.75287686	     14.49077028	     -8.63890258	    -12.66597141	     -0.16901548	      2.05846689	      0.15298794
      2.83000000	    112.11577621	    -65.79893686	      5.07472003	    126.35037403	    340.95669301	    -69.02697810	     37.63511221	      0.27483004	     79.52848908	     53.40994263	     27.19558988	      8.04603870	     16.73167091	     -6.74692834	    -11.73209997	     -0.08818734	      1.67236496	      0.14521851
      2.84000000	    113.59481914	    -81.74304349	      3.70254137	    147.55650535	    346.47542283	    -50.26490845	     35.16583297	     -0.20552438	     87.06407913	     52.05279893	     28.35908029	     15.86843352	     18.77775739	     -4.25064398	    -10.65142857	      0.00589547	      1.29939037	      0.13612303
      2.85000000	    112.63125331	    -96.55274268	      2.39274119	    166.39765596	    346.60778869	    -31.32114246	     31.47905160	     -0.62786716	     92.72362412	     49.81194228	     28.89350460	     23.65296667	     20.55088366	     -1.34814245	     -9.45095403	      0.10588067	      0.96123911	      0.12647375
      2.86000000	    108.86128559	   -109.33261714	      1.30772358	    181.81417375	    340.46600190	    -12.90228579	     26.48740304	     -0.84523482	     96.18501542	     46.80075831	     28.65116900	     30.77843297	     21.99104264	      1.72275304	     -8.16649957	      0.20338509	      0.67547262	      0.11672324
      2.87000000	    102.24192694	   -119.36517053	      0.55669320	    193.03597122	    327.82792800	      4.20247374	     20.32382351	     -0.74788515	     97.36502361	     43.15731590	     27.54785048	     36.67079120	     23.05928261	      4.72051598	     -6.83963059	      0.29023193	      0.45209053	      0.10707557
      2.88000000	     93.12457638	   -126.17994749	      0.18906750	    199.63417405	    309.29876256	     19.25380067	     13.34594741	     -0.29946069	     96.41021232	     39.06159241	     25.60577938	     40.90202226	     23.73355922	      7.43455067	     -5.51486947	      0.35970624	      0.29308492	      0.09762084
      2.89000000	     82.25444802	   -129.56281253	      0.19629640	    201.49319052	    286.31485681	     31.69474182	      6.10392547	      0.44641342	     93.63518571	     34.74584128	     22.96905654	     43.25679786	     23.99926634	      9.70821182	     -4.23617105	      0.40743344	      0.19221745	      0.08848054
      2.90000000	     70.67929134	   -129.53139252	      0.51712627	    198.74891310	    260.96974300	     41.22764833	     -0.73561391	      1.35784417	     89.44376488	     30.48924816	     19.88398489	     43.74733769	     23.84731852	     11.44500031	     -3.04491857	      0.43163624	      0.13714291	      0.07990126
      2.91000000	     59.58603359	   -126.28418290	      1.04429118	    191.70158669	    235.70186066	     47.81848825	     -6.49194911	      2.25732535	     84.25132975	     26.59451589	     16.65155752	     42.57262964	     23.28001995	     12.59885644	     -1.97569577	      0.43283823	      0.11300892	      0.07224102
      2.92000000	     50.11152905	   -120.11701129	      1.63740424	    180.70635100	    212.92685977	     51.64456457	    -10.56551453	      2.96363688	     78.40657337	     23.35172073	     13.57033940	     40.03759374	     22.30799509	     13.15527228	     -1.05631693	      0.41320974	      0.10630323	      0.06586981
      2.93000000	     43.17287347	   -111.36278164	      2.14113882	    166.10677161	    194.69867933	     52.98821431	    -12.51757345	      3.33189969	     72.15403147	     20.99865701	     10.88894805	     36.46327563	     20.95393460	     13.11342707	     -0.30691326	      0.37577389	      0.10645074	      0.06107666
      2.94000000	     38.87041121	   -103.18288980	      2.31410242	    155.14115562	    181.14241154	     59.28107857	    -13.81284349	      3.55730064	     67.92838947	     19.68700839	      8.77852761	     32.11509012	     20.02052549	     12.47604636	      1.11512119	      0.32367355	      0.04966894	      0.05804573
      2.95000000	     38.44768408	    -89.57876395	      2.27693318	    131.65998504	    176.09812852	     52.21927335	    -10.50307842	      2.95180507	     60.68117614	     19.46137628	      7.32565029	     27.16398482	     18.00750431	     11.24826985	      1.13703762	      0.25966567	      0.08806354	      0.05688396
      2.96000000	     41.14621386	    -74.61127880	      1.78641142	    106.43852135	    177.48370090	     44.89116888	     -5.26530898	      2.01611888	     53.39694193	     20.25426083	      6.53987645	     21.69172795	     15.81513687	      9.44624020	      1.13634549	      0.18600305	      0.10204730	      0.05763490
      2.97000000	     46.44610644	    -58.75636864	      0.84209855	     80.10407058	    184.50768960	     37.20938743	      1.45434737	      0.85590184	     46.16230137	     21.89778764	      6.36777620	     15.73879982	     13.53784858	      7.11374563	      1.11206247	      0.10473851	      0.08961440	      0.06023211
      2.98000000	     53.62136875	    -42.53748215	     -0.49197900	     53.39471576	    195.88154390	     29.11224326	      9.09758525	     -0.40041367	     39.07347365	     24.15141508	      6.70781306	      9.36731207	     11.27232402	      4.33821149	      1.06560962	      0.01824190	      0.05173447	      0.06442052
      2.99000000	     61.84991142	    -26.50109640	     -2.09694496	     27.12089659	    210.03405789	     20.67147698	     17.06643893	     -1.62108708	     32.22849945	     26.74040803	      7.42522590	      2.70635186	      9.10180796	      1.25670025	      0.99996373	     -0.07036123	     -0.00777568	      0.06971922
      3.00000000	     70.31713833	    -11.17626789	     -3.81904328	      2.08941658	    225.33338281	     12.15330416	     24.79255428	     -2.68699854	     25.71423900	     29.39646174	      8.36770259	     -4.03193141	      7.08459526	     -1.95008970	      0.91854684	     -0.15701052	     -0.08294839	      0.07546192
      3.01000000	     78.30369731	      2.95704936	     -5.49530332	    -20.96148483	    240.29023306	      4.00643991	     31.79307652	     -3.50342053	     19.60417145	     31.89305195	      9.38196406	    -10.56404931	      5.25296027	     -5.07377720	      0.82461821	     -0.23688816	     -0.16660732	      0.08090375
      3.02000000	     85.24851239	     15.48958286	     -6.97715890	    -41.40694217	    253.71237192	     -3.21907345	     37.70730159	     -4.00634854	     13.96606606	     34.07022801	     10.33032717	    -16.57088538	      3.62134552	     -7.90190012	      0.72140412	     -0.30496678	     -0.25128512	      0.08537161
      3.03000000	     90.78421328	     26.09904862	     -8.14705402	    -58.76432795	    264.79423168	     -8.99172181	     42.31449512	     -4.16322606	      8.87092789	     35.84531527	     11.10464039	    -21.74602923	      2.19829676	    -10.24463501	      0.61263831	     -0.35678545	     -0.33000997	      0.08842400
      3.04000000	     94.74723966	     34.56044627	     -8.92640712	    -72.70446314	    273.14360415	    -12.91702148	     45.53634984	     -3.96896687	      4.39612294	     37.20895116	     11.63426415	    -25.83972686	      0.99653404	    -11.95813251	      0.50304381	     -0.38920520	     -0.39692118	      0.08996855
      3.05000000	     97.16630364	     40.74536090	     -9.27600740	    -83.03922095	    278.75763132	    -14.82087846	     47.42743244	     -3.43901652	      0.62202121	     38.20904470	     11.88624302	    -28.68507472	      0.03814140	    -12.95878377	      0.39836983	     -0.40090851	     -0.44770375	      0.09028091
      3.06000000	     98.23178890	     44.60879300	     -9.19132462	    -89.68677555	    281.96043436	    -14.77788989	     48.15564506	     -2.60145698	     -2.37430300	     38.92695646	     11.85852671	    -30.20319063	     -0.64557988	    -13.22615362	      0.30483930	     -0.39252691	     -0.47985704	      0.08990213
      3.07000000	     98.24869398	     46.17560511	     -8.69413573	    -92.63905360	    283.31229817	    -13.08267422	     47.97397551	     -1.48904004	     -4.52967469	     39.45101461	     11.56945786	    -30.39442237	     -1.01988836	    -12.79693980	      0.22822122	     -0.36645067	     -0.49279699	      0.08946080
      3.08000000	     97.58078043	     45.54494929	     -7.82137111	    -91.96642989	    283.50561778	    -10.18085791	     47.18651695	     -0.13142994	     -5.81463978	     39.85351662	     11.04775926	    -29.32717973	     -1.05815728	    -11.75498436	      0.17287742	     -0.32644577	     -0.48778334	      0.08950405
      3.09000000	     96.59809282	     42.92433143	     -6.61314388	    -87.88272726	    283.26721093	     -6.58729077	     46.11422406	      1.45179899	     -6.26357669	     40.17693956	     10.32692619	    -27.13577197	     -0.75774936	    -10.22238299	      0.14097331	     -0.27716687	     -0.46771544	      0.09039009
      3.10000000	     95.63727385	     38.67395734	     -5.10267665	    -80.83537986	    283.28024950	     -2.81657610	     45.06515822	      3.25625994	     -6.00322024	     40.43137547	      9.44448655	    -24.02476200	     -0.15500050	     -8.35197417	      0.13194350	     -0.22363287	     -0.43682431	      0.09225256
      3.11000000	     94.97585007	     33.30710180	     -3.31138458	    -71.51898948	    284.12422078	      0.66504929	     44.30982657	      5.29336621	     -5.25531902	     40.60093944	      8.44181724	    -20.25813669	      0.66891825	     -6.31503648	      0.14232789	     -0.17072294	     -0.40018751	      0.09502446
      3.12000000	     94.81635820	     27.43499349	     -1.25055376	    -60.79062530	    286.22250043	      3.47081841	     44.06066377	      7.58508387	     -4.31050896	     40.65537511	      7.36201844	    -16.12811117	      1.59270537	     -4.28322837	      0.16603418	     -0.12273107	     -0.36311204	      0.09849395
      3.13000000	     95.27799697	     21.71415495	      1.07364043	    -49.59569304	    289.79705891	      5.30715085	     44.45776590	     10.15607687	     -3.50259842	     40.56270528	      6.24845342	    -11.92799890	      2.46236722	     -2.41356487	      0.19493715	     -0.08300615	     -0.33065250	      0.10236390
      3.14000000	     96.39315921	     16.81358240	      3.65517758	    -38.93526894	    294.83703488	      5.96822040	     45.56146276	     13.02607506	     -3.19332143	     40.29792975	      5.14384250	     -7.93485946	      3.09890726	     -0.83888373	      0.21968739	     -0.05373563	     -0.30730580	      0.10629748
      3.15000000	     98.10138277	     13.34941988	      6.48158828	    -29.77375138	    301.07726383	      5.32527644	     47.34526486	     16.19916850	     -3.74262157	     39.84452862	      4.08529908	     -4.37888597	      3.31315998	      0.34393044	      0.23070666	     -0.03596374	     -0.29653335	      0.10993481
      3.16000000	    100.23739301	     11.78136544	      9.52387512	    -22.87364009	    307.98488525	      3.32607267	     49.68452087	     19.64725383	     -5.45808324	     39.19055773	      3.09572623	     -1.39992658	      2.92890370	      1.08828513	      0.21932302	     -0.02980649	     -0.30000200	      0.11287109
      3.17000000	    102.52192482	     12.33597476	     12.72590049	    -18.67522233	    314.77273116	     -0.00060142	     52.34691974	     23.29243952	     -8.55054539	     38.32452269	      2.17840713	      0.97794731	      1.80571567	      1.40473474	      0.17881345	     -0.03463730	     -0.31696376	      0.11461347
      3.18000000	    104.56788509	     14.99024070	     15.99584476	    -17.27621254	    320.46066779	     -4.54667882	     54.99461619	     26.99487206	    -13.11052000	     37.23587430	      1.31856413	      2.83934033	     -0.14352134	      1.35576160	      0.10514085	     -0.04911740	     -0.34413303	      0.11456349
      3.19000000	    105.91031990	     19.48824766	     19.19903422	    -18.45541664	    323.98888567	    -10.13082965	     57.20387485	     30.54863489	    -19.09326823	     35.92305341	      0.48954848	      4.35089113	     -2.93800195	      1.04336444	     -0.00259544	     -0.07119325	     -0.37600747	      0.11206538
      3.20000000	    106.06583253	     25.36684197	     22.15349910	    -21.69723028	    324.37583079	    -16.50017406	     58.50703942	     33.68896574	    -26.30366889	     34.40924582	     -0.33966041	      5.72755210	     -6.51598443	      0.59426488	     -0.14189381	     -0.09818899	     -0.40551295	      0.10652514
      3.21000000	    104.62157802	     31.99738118	     24.63379845	    -26.23677963	    320.90309349	    -23.32440604	     58.45944908	     36.11636596	    -34.38958119	     32.76252462	     -1.19739982	      7.19257037	    -10.72749765	      0.14365932	     -0.30677032	     -0.12701929	     -0.42503662	      0.09757578
      3.22000000	    101.34038960	     38.65627839	     26.38910300	    -31.15689275	    313.29161744	    -30.18547198	     56.72389777	     37.54016657	    -42.85821230	     31.11356219	     -2.10443554	      8.93175947	    -15.33869734	     -0.18192536	     -0.48797912	     -0.15451452	     -0.42784666	      0.08524679
      3.23000000	     96.25598014	     44.62059404	     27.17910954	    -35.53568114	    301.82713915	    -36.57158958	     53.15438812	     37.73743768	    -51.12329581	     29.66201803	     -3.07346128	     11.05103245	    -20.05150384	     -0.28046929	     -0.67369689	     -0.17775448	     -0.40955715	      0.07009389
      3.24000000	     89.72971997	     49.27854709	     26.82446345	    -38.62856180	    287.40366202	    -41.88652325	     47.85670182	     36.61539120	    -58.58169265	     28.66537542	     -4.11282822	     13.54424368	    -24.53846759	     -0.08799516	     -0.85072890	     -0.19430443	     -0.36920055	      0.05326780
      3.25000000	     82.44267047	     52.24081337	     25.25597004	    -40.05862133	    271.45922624	    -45.47837093	     41.20335654	     34.25627892	    -64.70571527	     28.40897550	     -5.23160783	     16.27207650	    -28.48738184	      0.41000489	     -1.00605236	     -0.20239145	     -0.30965421	      0.03651382
      3.26000000	     75.30371143	     53.40651853	     22.53986207	    -39.93080617	    255.78349943	    -46.68383579	     33.78717568	     30.92015120	    -69.11886803	     29.15869836	     -6.44472272	     18.96609069	    -31.64247327	      1.17398600	     -1.12830170	     -0.20098947	     -0.23718349	      0.02206921
      3.27000000	     69.28271744	     52.93711559	     18.86697962	    -38.78264513	    242.21957721	    -44.88823380	     26.31964531	     26.99634848	    -71.62503156	     31.10268239	     -7.77706741	     21.27678389	    -33.82883471	      2.11877259	     -1.20881489	     -0.18971039	     -0.16005188	      0.01241705
      3.28000000	     65.21621365	     51.15516994	     14.51486277	    -37.39356065	    232.34260203	    -39.60934882	     19.50680302	     22.92266111	    -72.19370235	     34.29581020	     -9.26162168	     22.85685555	    -34.95806101	      3.13304170	     -1.24218836	     -0.16859008	     -0.08671027	      0.00990713
      3.29000000	     63.64263552	     48.41420774	      9.80200973	    -36.52700863	    227.20204571	    -30.60147460	     13.93985904	     19.10266291	    -70.92044954	     38.62282344	    -10.92756786	     23.45548794	    -35.02017975	      4.10460663	     -1.22654882	     -0.13784721	     -0.02421292	      0.01631849
      3.30000000	     64.70321011	     44.96551069	      5.04835015	    -36.65374802	    227.16878064	    -17.95551698	     10.02047832	     15.84253605	    -67.97412219	     43.79241307	    -12.78015246	     23.00548131	    -34.06578565	      4.94882592	     -1.16360256	     -0.09753231	      0.02281193	      0.03246189
      3.31000000	     68.12416222	     40.85724390	      0.54897656	    -37.73068480	    231.90018633	     -2.16689539	      7.92622776	     13.31947219	    -63.54642074	     49.36762150	    -14.77731591	     21.67847329	    -32.18444415	      5.63399845	     -1.05834648	     -0.04714384	      0.05246275	      0.05790699
      3.32000000	     73.28173080	     35.91616787	     -3.43730586	    -39.13905067	    240.42788818	     15.85162809	      7.61591026	     11.58613247	    -57.82664200	     54.82751152	    -16.81013098	     19.87808520	    -29.48857145	      6.19320658	     -0.91847723	      0.01452783	      0.06516492	      0.09088452
      3.33000000	     79.33390770	     29.83574264	     -6.68932289	    -39.83813232	    251.35240056	     34.82981947	      8.86961235	     10.60361806	    -51.01423767	     59.64480685	    -18.69599456	     18.15882457	    -26.10915351	      6.71515238	     -0.75375113	      0.08915418	      0.06293589	      0.12838118
      3.34000000	     85.38641482	     22.34580735	     -9.02320166	    -38.69969027	    263.10163750	     53.27951101	     11.35302861	     10.28472433	    -43.36144821	     63.35990216	    -20.19234450	     17.08870383	    -22.20288981	      7.31472330	     -0.57543773	      0.17818387	      0.04866544	      0.16644548
      3.35000000	     90.65101419	     13.39047194	    -10.29965839	    -34.89327570	    274.18863134	     69.70339789	     14.68929106	     10.52573178	    -35.21571081	     65.63633049	    -21.03357260	     17.10138565	    -17.96200135	      8.09376151	     -0.39563621	      0.28187857	      0.02551783	      0.20072407
      3.36000000	     94.55799853	      3.23788281	    -10.44285511	    -28.17466090	    283.40632191	     82.83621886	     18.51932051	     11.21422899	    -27.02985767	     66.29106401	    -20.98491446	     18.38771281	    -13.61609031	      9.10635820	     -0.22621893	      0.39841000	     -0.00349774	      0.22716351
      3.37000000	     96.80413607	     -7.49548381	     -9.46233383	    -19.02242886	    289.93126130	     91.85535025	     22.53993274	     12.21817359	    -19.33753608	     65.29822412	    -19.89824306	     20.84889362	     -9.42431572	     10.33687279	     -0.07770004	      0.52324876	     -0.03576230	      0.24267564
      3.38000000	     97.33875685	    -17.89151348	     -7.46494026	     -8.62546397	    293.34009171	     96.49961451	     26.51791811	     13.37048983	    -12.70635066	     62.77040203	    -17.75344180	     24.11166972	     -5.66037487	     11.69416317	      0.04151105	      0.64900091	     -0.06912506	      0.24554934
      3.39000000	     96.30471046	    -26.85018978	     -4.65137514	      1.29345949	    293.55745762	     97.06541190	     30.28201205	     14.46248648	     -7.67052728	     58.92834505	    -14.67474801	     27.60224036	     -2.58861615	     13.02534887	      0.12545403	      0.76599570	     -0.10183677	      0.23555414
      3.40000000	     93.95994096	    -33.26765360	     -1.29817071	      8.79321783	    290.76733439	     94.28515085	     33.70025636	     15.25604792	     -4.65063480	     54.06932912	    -10.91813876	     30.66112829	     -0.43212742	     14.14643452	      0.17076659	      0.86370309	     -0.13236643	      0.21382848
      3.41000000	     90.60579787	    -36.22133713	      2.27253761	     12.07264009	    285.32354735	     89.12478166	     36.65583203	     15.51669925	     -3.88345820	     48.53809116	     -6.83255932	     32.66319009	      0.65937503	     14.87901943	      0.17676626	      0.93245840	     -0.15924510	      0.18263684
      3.42000000	     86.53824704	    -35.11193537	      5.73155953	      9.77176985	    277.68125009	     82.55740169	     39.03386021	     15.05912959	     -5.38275151	     42.69871757	     -2.80393237	     33.11052030	      0.63284637	     15.08176909	      0.14547826	      0.96482266	     -0.18106528	      0.14502213
      3.43000000	     82.02568584	    -29.74243975	      8.78348015	      1.16919841	    268.35373114	     75.37024199	     40.72572626	     13.79087975	     -8.93634061	     36.90508221	      0.80569407	     31.68603106	     -0.45865097	     14.67105981	      0.08148642	      0.95641855	     -0.19659091	      0.10439207
      3.44000000	     77.30754627	    -20.34890214	     11.20085670	    -13.70668807	    257.88667470	     68.04755460	     41.64891605	     11.74144031	    -14.12751955	     31.47086035	      3.71144742	     28.27608696	     -2.45925699	     13.63159713	     -0.00834170	      0.90644193	     -0.20487376	      0.06411768
      3.45000000	     72.60178628	     -7.59830273	     12.84445777	    -34.02905723	    246.83581627	     60.74610065	     41.77436199	      9.06935131	    -20.36838115	     26.64122825	      5.74200244	     22.97405855	     -5.12364820	     12.01891652	     -0.11505840	      0.81786143	     -0.20536816	      0.02720116
      3.46000000	     68.10888744	      7.46497128	     13.66893053	    -58.22411131	    235.73695096	     53.34885970	     41.15215839	      6.04298873	    -26.95282851	     22.56723796	      6.85358695	     16.06467860	     -8.14252575	      9.95261756	     -0.22802964	      0.69714783	     -0.19811310	     -0.00398283
      3.47000000	     64.00648866	     23.54266985	     13.71592180	    -84.16344003	    225.06826907	     45.56551840	     39.92600413	      2.99470258	    -33.13925562	     19.28820912	      7.12008442	      7.98745962	    -11.18161376	      7.60012914	     -0.33598116	      0.55351895	     -0.18402584	     -0.02787569
      3.48000000	     60.43659795	     39.25133532	     13.09462047	   -109.45788724	    215.21388483	     37.05165416	     38.32619329	      0.25754666	    -38.24796511	     16.73288249	      6.70274887	     -0.71244920	    -13.92654540	      5.15520780	     -0.42850962	      0.39787491	     -0.16513935	     -0.04383154
      3.49000000	     57.49086873	     53.29344633	     11.95174032	   -131.77640232	    206.43784590	     27.52479097	     36.63621366	     -1.89849137	    -41.74674336	     14.74554127	      5.80804677	     -9.43780038	    -16.12237658	      2.81577579	     -0.49743567	      0.24162474	     -0.14446672	     -0.05209455
      3.50000000	     55.20035156	     64.61060584	     10.43987449	   -149.14936691	    198.87622409	     16.85616022	     35.14017064	     -3.31446478	    -43.31172827	     13.13084831	      4.64476481	    -17.59884179	    -17.60160303	      0.76239248	     -0.53769223	      0.09549759	     -0.12541926	     -0.05365316
      3.51000000	     53.53566474	     72.50775857	      8.69527852	   -160.22926773	    192.55308130	      5.12123415	     34.06753358	     -3.96349153	    -42.85956259	     11.70307948	      3.39091954	    -24.68042803	    -18.29815501	     -0.86222568	     -0.54772715	     -0.03160289	     -0.11103417	     -0.04999756
      3.52000000	     52.41963127	     76.72432771	      6.82986054	   -164.45430192	    187.41793870	     -7.39628739	     33.55114996	     -3.94066986	    -40.54317605	     10.32659977	      2.17720165	    -30.30634060	    -18.24465446	     -1.96996593	     -0.52934176	     -0.13355670	     -0.10332453	     -0.04282723
      3.53000000	     51.74851104	     77.43115598	      4.93499134	   -162.06635325	    183.39176128	    -20.24058587	     33.60841718	     -3.42687288	    -36.70779471	      8.93936685	      1.08775821	    -34.28428781	    -17.55296047	     -2.53693384	     -0.48695671	     -0.20759912	     -0.10294501	     -0.03376920
      3.54000000	     51.41487317	     75.15142334	      3.09123715	   -153.97488209	    180.40630947	    -32.84618587	     34.14826368	     -2.63867927	    -31.81470553	      7.55704210	      0.17357769	    -36.61851133	    -16.38274458	     -2.60388766	     -0.42653048	     -0.25431626	     -0.10922299	     -0.02417271
      3.55000000	     51.32610772	     70.62535262	      1.37758879	   -141.50487226	    178.42744916	    -44.60999351	     34.99871031	     -1.77939486	    -26.35007234	      6.26155916	     -0.52946451	    -37.48611404	    -14.90612315	     -2.26768655	     -0.35442224	     -0.27706649	     -0.12049992	     -0.01499891
      3.56000000	     51.41594844	     64.66060789	     -0.12396680	   -126.11316833	    177.46060704	    -54.95745345	     35.94459900	     -1.00435105	    -20.74456565	      5.18169757	     -0.98585214	    -37.18622980	    -13.27811837	     -1.66663441	     -0.27642244	     -0.28113540	     -0.13466218	     -0.00676021
      3.57000000	     51.65201973	     58.00061253	     -1.32979112	   -109.13999353	    177.54726089	    -63.39105352	     36.76625271	     -0.40532700	    -15.31929398	      4.47344384	     -1.15321561	    -36.07490565	    -11.61835788	     -0.96225282	     -0.19713803	     -0.27283260	     -0.14969363	      0.00050199
      3.58000000	     52.04585954	     51.21521346	     -2.16110996	    -91.60827269	    178.76801103	    -69.51612809	     37.27378404	     -0.01009248	    -10.25346082	      4.30546812	     -0.98215923	    -34.49482935	    -10.00220438	     -0.31809165	     -0.11982387	     -0.25847804	     -0.16409744	      0.00716327
      3.59000000	     52.66786277	     44.62203333	     -2.55311241	    -74.08818611	    181.25868746	    -73.04966276	     37.33403684	      0.20823060	     -5.56974790	      4.84987450	     -0.42043903	    -32.71244093	     -8.45880158	      0.12238610	     -0.04655107	     -0.24341232	     -0.17711595	      0.01390552
      3.60000000	     53.66209675	     38.25691854	     -2.46371006	    -56.65967617	    185.22976755	    -73.82499474	     36.88895660	      0.31555439	     -1.14077811	      6.27304276	      0.58102977	    -30.87704169	     -6.97544636	      0.25509672	      0.02151157	     -0.23134181	     -0.18875626	      0.02160796
      3.61000000	     55.25050063	     31.90042622	     -1.88078404	    -38.98044536	    190.96962865	    -71.80390590	     35.96546921	      0.39808417	      3.28336076	      8.71943031	      2.06161875	    -29.01006426	     -5.50706727	      0.02873380	      0.08387733	     -0.22411450	     -0.19971289	      0.03124494
      3.62000000	     57.71452791	     25.15338065	     -0.82872397	    -20.43879004	    198.81236940	    -67.10070317	     34.67637780	      0.54305657	      8.03158505	     12.28367812	      4.04328079	    -27.02593697	     -3.98879838	     -0.55013507	      0.14064043	     -0.22185238	     -0.21128540	      0.04375518
      3.63000000	     61.34622326	     17.54369686	      0.62406620	     -0.35097433	    209.06135154	    -60.01321237	     33.20985597	      0.82118659	     13.46067141	     16.97248349	      6.51986646	    -24.78005473	     -2.34922730	     -1.42198841	      0.19241726	     -0.22339434	     -0.22521610	      0.05985333
      3.64000000	     66.36887184	      8.64582148	      2.35650747	     21.83374335	    221.87300994	    -51.04406890	     31.80323124	      1.27197005	     19.89986805	     22.66513029	      9.44223650	    -22.13306727	     -0.52332719	     -2.48932705	      0.24017353	     -0.22693492	     -0.24332236	      0.07976768
      3.65000000	     72.84007815	     -1.79669865	      4.18829935	     46.33302555	    237.12041140	    -40.88606051	     30.70022479	      1.89164280	     27.58436521	     29.08692024	     12.70062360	    -19.01628955	      1.53297826	     -3.63950652	      0.28484349	     -0.23061429	     -0.26704403	      0.10293782
      3.66000000	     80.56657429	    -13.76302271	      5.88144568	     72.85975334	    254.27807296	    -30.34777709	     30.10015130	      2.62561398	     36.57973937	     35.81057855	     16.11043847	    -15.48010311	      3.82649951	     -4.77036209	      0.32685678	     -0.23294437	     -0.29708129	      0.12781834
      3.67000000	     89.06601463	    -26.89214377	      7.15759951	    100.52767531	    272.37861315	    -20.21654369	     30.11178924	      3.37007642	     46.71724726	     42.29563713	     19.41222660	    -11.70884139	      6.31325771	     -5.81132260	      0.36585462	     -0.23312053	     -0.33305552	      0.15197418
      3.68000000	     97.59745127	    -40.48510845	      7.73886010	    127.86643573	    290.07009763	    -11.08385255	     30.72122389	      3.98628979	     57.55864058	     47.96478923	     22.29608271	     -7.99485844	      8.89240249	     -6.73301546	      0.40077378	     -0.23113213	     -0.37312861	      0.17251295
      3.69000000	    105.26111854	    -53.57806439	      7.41191699	    152.95780446	    305.77217264	     -3.18025792	     31.78077841	      4.32776247	     68.40422124	     52.30234059	     24.45311835	     -4.67572760	     11.41068547	     -7.54109378	      0.43025785	     -0.22750469	     -0.41377753	      0.18672650
      3.70000000	    111.14886623	    -65.08805111	      6.10040442	    173.70237629	    317.90540945	      3.72273570	     33.02450858	      4.27711149	     78.35991344	     54.94918990	     25.64391858	     -2.04833675	     13.68033766	     -8.25489362	      0.45325652	     -0.22270026	     -0.44998931	      0.19274168
      3.71000000	    114.51053397	    -74.01463716	      3.91720682	    188.19189391	    325.14719468	     10.29184431	     34.11077349	      3.78394717	     86.46845175	     55.76693331	     25.76183988	     -0.28394143	     15.50980670	     -8.87839668	      0.46961895	     -0.21641960	     -0.47597978	      0.18997759
      3.72000000	    114.89426395	    -79.64657329	      1.16763918	    195.09771898	    326.65410384	     17.46848425	     34.68539337	      2.88997261	     91.88325665	     54.85301419	     24.86513431	      0.62487067	     16.74043500	     -9.37680412	      0.48044081	     -0.20718634	     -0.48631767	      0.17926461
      3.73000000	    112.22657362	    -81.71363388	     -1.70939232	    193.96413021	    322.19988828	     26.18951200	     34.45163825	      1.72859925	     94.04368133	     52.50546896	     23.16246973	      0.86468754	     17.27965615	     -9.67024674	      0.48803168	     -0.19251725	     -0.47713824	      0.16259455
      3.74000000	    106.82071902	    -80.45682936	     -4.25005275	    185.34809105	    312.21287431	     37.07239818	     33.23107795	      0.49455857	     92.81253691	     49.15083850	     20.95712101	      0.75650892	     17.12508585	     -9.64569659	      0.49563791	     -0.16959741	     -0.44712873	      0.14258756
      3.75000000	     99.32303232	    -76.61632442	     -6.09068913	    170.79525516	    297.72597590	     50.16557467	     31.00291002	     -0.61083220	     88.54498678	     45.25718874	     18.57141586	      0.68939571	     16.37676749	     -9.18001082	      0.50722065	     -0.13609316	     -0.39816930	      0.12185838
      3.76000000	     90.61180490	    -71.32622620	     -7.06581245	    152.63467257	    280.25174897	     64.84289075	     27.91284976	     -1.44379777	     82.05818857	     41.25600473	     16.27648618	      1.04721924	     15.23255040	     -8.16797631	      0.52741543	     -0.09086222	     -0.33556986	      0.10250616
      3.77000000	     81.66188706	    -65.90477369	     -7.24171122	    133.58114032	    261.58789756	     79.87774279	     24.24704704	     -1.96965007	     74.48428634	     37.49115055	     14.24679885	      2.13246390	     13.96079098	     -6.55180032	      0.56139367	     -0.03450346	     -0.26763012	      0.08587359
      3.78000000	     73.39458660	    -61.56969566	     -6.87356180	    116.20372429	    243.57280248	     93.68239886	     20.37641240	     -2.28006994	     67.03073949	     34.20045937	     12.54927736	      4.09547335	     12.85124919	     -4.34698031	      0.61418623	      0.03035809	     -0.20424336	      0.07256575
      3.79000000	     66.54201729	    -59.15543578	     -6.30580782	    102.39578701	    227.83437066	    104.64738494	     16.68758263	     -2.56545199	     60.71610928	     31.52281023	     11.16527405	      6.88564953	     12.15523769	     -1.65795649	      0.68937471	      0.09917354	     -0.15475012	      0.06262363
      3.80000000	     61.55563050	    -58.91531186	     -5.85471109	     92.99289398	    215.58423053	    111.48302212	     13.51963526	     -3.04879244	     56.16065832	     29.51916402	     10.03393854	     10.23937008	     12.03155556	      1.32115713	      0.78751096	      0.16594804	     -0.12574218	      0.05575325
      3.81000000	     58.57850573	    -60.46143873	     -5.71226600	     87.63514986	    207.49962431	    113.46919910	     11.12055300	     -3.90285102	     53.48773410	     28.19888158	      9.10075452	     13.71056517	     12.51322569	      4.32244613	      0.90483635	      0.22398856	     -0.11959193	      0.05155392
      3.82000000	     57.48516613	    -62.85875317	     -5.89951759	     84.90905365	    203.71579368	    110.55582399	      9.62985686	     -5.18003182	     52.35593358	     27.54536919	      8.35475718	     16.74186581	     13.50446184	      7.03621448	      1.03290404	      0.26680853	     -0.13420830	      0.04971324
      3.83000000	     57.97429007	    -64.85624731	     -6.28037610	     82.74604211	    203.92389223	    103.30684049	      9.08604694	     -6.78152010	     52.10589598	     27.53517942	      7.84133548	     18.76748162	     14.80898239	      9.15643281	      1.15953600	      0.28907154	     -0.16402215	      0.05012377
      3.84000000	     59.68128397	    -65.19669960	     -6.62542854	     78.97800812	    207.53341882	     92.72657431	      9.44981926	     -8.47744510	     51.96943256	     28.14556941	      7.64543279	     19.32787192	     16.17962411	     10.43243140	      1.27100190	      0.28742046	     -0.20170391	      0.05288006
      3.85000000	     62.26829205	    -62.91113992	     -6.69674215	     71.88071456	    213.83059912	     80.03490102	     10.62989824	     -9.96828307	     51.26698537	     29.34793793	      7.85137453	     18.16583687	     17.37057123	     10.71480664	      1.35463753	      0.26102803	     -0.23993851	      0.05816616
      3.86000000	     65.46142127	    -57.52284514	     -6.32312214	     60.56212533	    222.07375532	     66.46353617	     12.50209731	    -10.96328446	     49.53855974	     31.08619148	      8.49431119	     15.28149287	     18.17646993	      9.98487528	      1.40101320	      0.21181281	     -0.27277284	      0.06607144
      3.87000000	     69.03308978	    -49.13764365	     -5.44728516	     45.14533895	    231.50835451	     53.12797759	     14.91972446	    -11.25135988	     46.59567613	     33.24403660	      9.52026525	     10.94249964	     18.45313396	      8.36319727	      1.40517390	      0.14441893	     -0.29641114	      0.07638034
      3.88000000	     72.75082224	    -38.41958031	     -4.13605225	     26.73996692	    241.32466822	     40.99014005	     17.71679415	    -10.74574622	     42.50553688	     35.61581861	     10.76986336	      5.65195488	     18.12094579	      6.09571316	      1.36680248	      0.06599957	     -0.30950197	      0.08841044
      3.89000000	     76.32608012	    -26.45823867	     -2.55294244	      7.21123842	    250.60948222	     30.88414608	     20.70669261	     -9.49240616	     37.52708959	     37.90182631	     11.99546295	      0.07617964	     17.15531022	      3.51759275	      1.28945876	     -0.01437680	     -0.31285056	      0.10096304
      3.90000000	     79.40001980	    -14.56281992	     -0.90640090	    -11.19028459	    258.35673787	     23.55655240	     23.68244439	     -7.64600320	     32.02873788	     39.74308002	     12.90991437	     -5.05496516	     15.57239455	      1.00064462	      1.17938881	     -0.08682321	     -0.30861096	      0.11241509
      3.91000000	     81.58979136	     -4.04270695	      0.60368996	    -26.22831108	    263.58061161	     19.67703036	     26.42512015	     -5.42857845	     26.41755980	     40.79663906	     13.25234454	     -9.05138044	     13.41878031	     -1.10354425	      1.04440400	     -0.14202222	     -0.29934996	      0.12096870
      3.92000000	     82.58761185	      3.98415086	      1.82474380	    -36.03264744	    265.51914529	     19.79265924	     28.72167648	     -3.08471391	     21.08914753	     40.83631315	     12.85101584	    -11.35264513	     10.76756148	     -2.51332740	      0.89296813	     -0.17258340	     -0.28732543	      0.12503691
      3.93000000	     82.27492136	      8.75664631	      2.67218038	    -39.40629987	    263.86439997	     24.22034281	     30.39112021	     -0.83859715	     16.38170847	     39.84814828	     11.66630652	    -11.60549582	      7.71564720	     -3.05466427	      0.73329459	     -0.17420476	     -0.27406421	      0.12368114
      3.94000000	     80.80588107	     10.01648066	      3.13462691	    -36.09909711	    258.93941427	     32.89882099	     31.32002852	      1.14394696	     12.51764601	     38.08146198	      9.80186725	     -9.73054558	      4.37575565	     -2.68445584	      0.57225574	     -0.14648358	     -0.26026888	      0.11696478
      3.95000000	     78.62754683	      8.10261146	      3.26550167	    -26.98246209	    251.75904885	     45.24823329	     31.50639474	      2.78165333	      9.54071747	     36.02389331	      7.47815518	     -5.96102206	      0.86226653	     -1.49469075	      0.41423278	     -0.09311600	     -0.24607457	      0.10607057
      3.96000000	     76.42473717	      3.93841620	      3.16440999	    -14.01252702	    243.93946718	     60.09672611	     31.10136434	      4.08544868	      7.27712222	     34.29422179	      4.97357302	     -0.82552359	     -2.72437825	      0.30695002	      0.26042245	     -0.02132929	     -0.23163648	      0.09308685
      3.97000000	     74.99746774	     -1.12711305	      2.95580227	      0.09836129	    237.45342845	     75.72599758	     30.42762245	      5.14730769	      5.35089085	     33.47923847	      2.55158259	      4.94233952	     -6.30788183	      2.43843156	      0.10911576	      0.05936666	     -0.21787055	      0.08049594
      3.98000000	     75.09735058	     -5.61543146	      2.77367332	     12.48418226	    234.27217874	     90.06096831	     29.95222181	      6.11794443	      3.26956559	     33.96624714	      0.39956078	     10.55728235	     -9.83477553	      4.59776968	     -0.04310004	      0.13887139	     -0.20685134	      0.07052800
      3.99000000	     77.26573143	     -8.27752372	      2.75660959	     20.84278139	    235.98186062	    100.97665291	     30.20800908	      7.18355956	      0.56388551	     35.82939314	     -1.39922557	     15.35752912	    -13.25989590	      6.51705646	     -0.19966721	      0.20824803	     -0.20150241	      0.06460648
      4.00000000	     81.71886660	     -8.39110379	      3.04960692	     24.00126350	    243.47867743	    106.63860465	     31.67997991	      8.54701045	     -3.07133079	     38.81119087	     -2.85465154	     18.94347165	    -16.52488338	      8.00299892	     -0.36226221	      0.26102483	     -0.20483288	      0.06307255
      4.01000000	     88.30328498	     -5.87735508	      3.80360905	     22.08809312	    256.80900887	    105.78241296	     34.68387693	     10.41064469	     -7.69729190	     42.40296251	     -4.03135352	     21.22765226	    -19.54247089	      8.95463721	     -0.52939904	      0.29368931	     -0.21908398	      0.06526329
      4.02000000	     96.51344049	     -1.19427291	      5.16345217	     16.24471296	    275.15871846	     97.88037808	     39.26576323	     12.95280991	    -13.14283091	     45.98532312	     -5.00385910	     22.37635393	    -22.19758564	      9.35530715	     -0.69617601	      0.30541817	     -0.24483085	      0.06987881
      4.03000000	    105.55011338	      4.93403496	      7.24015914	      8.02014693	    296.95804099	     83.18989270	     45.14940402	     16.29234285	    -19.09026348	     48.96956715	     -5.82326171	     22.67072717	    -24.36640291	      9.24469880	     -0.85531268	      0.29733120	     -0.28019940	      0.07545979
      4.04000000	    114.40332869	     11.82429367	     10.07279721	     -1.28329749	    320.06262809	     62.69770432	     51.74836202	     20.44496677	    -25.18660164	     50.89457520	     -6.50217448	     22.35136988	    -25.94391020	      8.68453573	     -0.99879829	      0.27160925	     -0.32057445	      0.08076861
      4.05000000	    121.95282575	     19.04469818	     13.59316559	    -11.04775004	    341.97890268	     37.97734353	     58.24152761	     25.28565054	    -31.12748597	     51.46586798	     -7.01416108	     21.51444316	    -26.86595602	      7.73349979	     -1.11933771	      0.23082041	     -0.35897590	      0.08493819
      4.06000000	    127.08454989	     26.46163289	     17.60937105	    -21.42471178	    360.11501365	     10.97299985	     63.69688924	     30.53495994	    -36.68703494	     50.54975525	     -7.29994742	     20.09507363	    -27.11640598	      6.44009582	     -1.21117027	      0.17764045	     -0.38704719	      0.08739363
      4.07000000	    128.82139034	     34.14689668	     21.82045987	    -33.10716854	    372.05226497	    -16.27801346	     67.22403684	     35.78298391	    -41.70322659	     48.14408049	     -7.27515968	     17.92650132	    -26.71949200	      4.85041849	     -1.27026571	      0.11485873	     -0.39653593	      0.08767433
      4.08000000	    126.45917324	     42.21695604	     25.86137738	    -46.92524204	    375.82922708	    -41.95284565	     68.13031360	     40.55037139	    -46.04493301	     44.34501189	     -6.84037876	     14.83774875	    -25.72329412	      3.02228337	     -1.29414908	      0.04547660	     -0.38105897	      0.08531217
      4.09000000	    119.68924203	     50.66962454	     29.36004603	    -63.40626057	    370.21150070	    -64.71691888	     66.04697477	     44.36746388	    -49.58230906	     39.32685182	     -5.89960931	     10.75458485	    -24.18164993	      1.03976305	     -1.28163126	     -0.02712857	     -0.33786684	      0.07987695
      4.10000000	    108.68419842	     59.26631893	     31.98287089	    -82.42203124	    354.90858890	    -83.88684019	     60.99593062	     46.84521223	    -52.17451042	     33.34344086	     -4.39217268	      5.77640416	    -22.14186010	     -0.97563621	     -1.23261125	     -0.09899482	     -0.26919401	      0.07119233
      4.11000000	     94.12464313	     67.50013745	     33.45923875	   -103.03394298	    330.70191901	    -99.42845986	     53.38653635	     47.72319202	    -53.68419724	     26.74255254	     -2.33354915	      0.20437209	    -19.64448816	     -2.86294188	     -1.14808458	     -0.16554115	     -0.18262584	      0.05960160
      4.12000000	     77.15012695	     74.67053661	     33.59334897	   -123.60331527	    299.44682779	   -111.78288340	     43.94742643	     46.89618899	    -54.01881209	     19.97320604	      0.15021724	     -5.49365822	    -16.73698834	     -4.43437863	     -1.03050982	     -0.22188517	     -0.09009679	      0.04613013
      4.13000000	     59.22897445	     80.03606733	     32.27628429	   -142.12990637	    263.90922395	   -121.56506355	     33.60579111	     44.42533097	    -53.17861271	     13.56844218	      2.81195681	    -10.76923617	    -13.49467455	     -5.50113404	     -0.88444100	     -0.26339849	     -0.00560951	      0.03243750
      4.14000000	     41.96098342	     82.98105779	     29.50589297	   -156.69370271	    227.42329484	   -129.22829360	     23.33657684	     40.53586377	    -51.28181328	      8.09585306	      5.30676805	    -15.09709637	    -10.03756145	     -5.90441848	     -0.71703193	     -0.28626347	      0.05778112	      0.02052836
      4.15000000	     26.84882599	     83.14369327	     25.41406494	   -165.86880688	    193.41504900	   -134.81345961	     14.01474126	     35.60089544	    -48.55192576	      4.08027583	      7.24875971	    -18.06485241	     -6.53425417	     -5.54431022	     -0.53805539	     -0.28789463	      0.09085767	      0.01229594
      4.16000000	     15.08812646	     80.47447991	     20.28927204	   -168.99814596	    164.89415347	   -137.87559261	      6.30338953	     30.10761793	    -45.27111544	      1.91662742	      8.28754291	    -19.42623312	     -3.18956926	     -4.39973267	     -0.35924256	     -0.26718885	      0.09016273	      0.00903717
      4.17000000	      7.42427476	     75.21205191	     14.57315889	   -166.24929022	    144.03902677	   -137.61024111	      0.59846404	     24.60127546	    -41.71536548	      1.79898463	      8.18067301	    -19.10741343	     -0.21795416	     -2.53348368	     -0.19291463	     -0.22461325	      0.05847247	      0.01108116
      4.18000000	      4.10270455	     67.79658996	      8.81577311	   -158.45300015	    131.97158673	   -133.12693461	     -2.96769606	     19.60947257	    -38.09628780	      3.68706149	      6.84094573	    -17.17692152	      2.19002728	     -0.08150257	     -0.05019646	     -0.16217609	      0.00378206	      0.01765554
      4.19000000	      4.90845294	     58.76873425	      3.59249527	   -146.81482280	    128.75083333	   -123.76812020	     -4.47941745	     15.56145231	    -34.53272559	      7.31714992	      4.35051978	    -13.80587232	      3.89838591	      2.76782299	      0.06064208	     -0.08334294	     -0.06282640	      0.02705771
      4.20000000	      9.26905658	     48.69307284	     -0.59665234	   -132.61508876	    133.54782743	   -109.36622171	     -4.17161986	     12.72322889	    -31.05873030	     12.25222604	      0.94396091	     -9.23958081	      4.84555519	      5.79752598	      0.13526692	      0.00708161	     -0.12981354	      0.03710070
      4.21000000	     16.38665857	     38.11336314	     -3.41794177	   -116.97683158	    144.92055811	    -90.36343412	     -2.36621156	     11.16421177	    -27.65449028	     17.95763914	     -3.03366341	     -3.78342111	      5.04998943	      8.78542453	      0.17365008	      0.10316954	     -0.18763806	      0.04570014
      4.22000000	     25.36557042	     27.52886274	     -4.76201788	   -100.73886943	    161.09384041	    -67.76957877	      0.57592108	     10.75950712	    -24.27951159	     23.88368068	     -7.18343087	      2.20396455	      4.60261880	     11.52454012	      0.17976651	      0.19826824	     -0.23038998	      0.05140034
      4.23000000	     35.31401895	     17.38349346	     -4.75593664	    -84.44127853	    180.18384313	    -42.98775983	      4.28366078	     11.22457058	    -20.89618581	     29.53998326	    -11.11181700	      8.31835599	      3.64949478	     13.83864184	      0.16067291	      0.28558449	     -0.25619934	      0.05367845
      4.24000000	     45.41944801	      8.06071889	     -3.72825025	    -68.39625799	    200.36776518	    -17.57501714	      8.39021383	     12.17502920	    -17.48330436	     34.55628430	    -14.48399447	     14.12869316	      2.36864477	     15.59388954	      0.12515899	      0.35888505	     -0.26657830	      0.05299401
      4.25000000	     55.00730740	     -0.12747298	     -2.13756195	    -52.78725724	    220.02916439	      6.99113389	     12.54407970	     13.19902177	    -14.04186333	     38.72613540	    -17.06549310	     19.21580368	      0.94574392	     16.70947208	      0.08232434	      0.41327346	     -0.26526735	      0.05062990
      4.26000000	     63.58723577	     -6.96561550	     -0.48176253	    -37.74045514	    237.89216000	     29.48868571	     16.42552420	     13.92534966	    -10.59380038	     42.02475400	    -18.74572368	     23.23048673	     -0.44673439	     17.16778655	      0.04041632	      0.44596915	     -0.25707729	      0.04837212
      4.27000000	     70.88141110	    -12.36518437	      0.79314981	    -23.35184308	    253.13008446	     49.04412733	     19.76984059	     14.07441857	     -7.17601146	     44.59345416	    -19.53775287	     25.95595987	     -1.66419788	     17.02053207	      0.00608697	      0.45686747	     -0.24692241	      0.04809448
      4.28000000	     76.82899426	    -16.37917825	      1.36720010	     -9.69330338	    265.42495552	     65.14580222	     22.39172796	     13.48725221	     -3.83404089	     46.69364577	    -19.55478053	     27.35152549	     -2.59868188	     16.38566094	     -0.01595080	      0.44862031	     -0.23906856	      0.05135522
      4.29000000	     81.56475608	    -19.18680219	      1.09068834	      3.17469007	    274.95941758	     77.60293293	     24.20357910	     12.13363954	     -0.61738085	     48.64211106	    -18.97138394	     27.56012177	     -3.18307001	     15.43259908	     -0.02295573	      0.42612801	     -0.23657843	      0.05910929
      4.30000000	     85.37434751	    -21.05161036	     -0.00633886	     15.17790073	    282.33541326	     86.48056911	     25.22251917	     10.10288933	      2.42488740	     50.74168068	    -17.98171027	     26.87743288	     -3.39161815	     14.35745258	     -0.01397978	      0.39552713	     -0.24095722	      0.07158787
      4.31000000	     88.63162033	    -22.26932829	     -1.73795431	     26.20741706	    288.42771490	     92.03054262	     25.56305675	      7.57967378	      5.24951552	     53.22052749	    -16.76583341	     25.69395619	     -3.23666265	     13.35360275	      0.01041340	      0.36296664	     -0.25210591	      0.08831582
      4.32000000	     91.72523925	    -23.12303474	     -3.81251016	     36.12396181	    294.19422243	     94.62551984	     25.41456483	      4.80748116	      7.82484434	     56.18949083	    -15.47063161	     24.42756475	     -2.76160039	     12.58429297	      0.04843993	      0.33359132	     -0.26865099	      0.10818347
      4.33000000	     94.98691742	    -23.85606613	     -5.89405872	     44.79342328	    300.48453445	     94.70113331	     25.00815801	      2.04799428	     10.13485598	     59.62197177	    -14.20611377	     23.46351794	     -2.03226940	     12.16283057	      0.09733702	      0.31093345	     -0.28838057	      0.12954434
      4.34000000	     98.63544579	    -24.66564053	     -7.66009189	     52.14771312	    307.89096685	     92.71126968	     24.58082654	     -0.45465014	     12.18048958	     63.35676637	    -13.05413415	     23.11340212	     -1.12936234	     12.14357527	      0.15357733	      0.29661453	     -0.30849612	      0.15038246
      4.35000000	    102.74191399	    -25.71532593	     -8.85083294	     58.26172482	    316.65827139	     89.09296962	     24.34177700	     -2.50421237	     13.97850852	     67.11934460	    -12.08386047	     23.59568512	     -0.14202244	     12.52328016	      0.21317043	      0.29030005	     -0.32586404	      0.16854680
      4.36000000	    107.21369833	    -27.15851301	     -9.30860595	     63.42674504	    326.64586008	     84.23533667	     24.44373795	     -3.97819073	     15.55847578	     70.55302118	    -11.36775047	     25.03309660	      0.83831639	     13.24944519	      0.27207618	      0.28991930	     -0.33750574	      0.18198186
      4.37000000	    111.79477054	    -29.15854655	     -9.00134383	     68.18698334	    337.33441838	     78.45525157	     24.96298214	     -4.84329417	     16.95798196	     73.25184805	    -10.99289158	     27.45805299	      1.72349874	     14.23137287	      0.32656935	      0.29204000	     -0.34113740	      0.18890216
      4.38000000	    116.08132261	    -31.89099894	     -8.02574539	     73.31013605	    347.86902464	     71.98483495	     25.89101289	     -5.15454760	     18.21635076	     74.79176616	    -11.06413573	     30.81681104	      2.43306118	     15.35043525	      0.37341941	      0.29229770	     -0.33550437	      0.18790625
      4.39000000	    119.55278051	    -35.52183532	     -6.59154181	     79.68615030	    357.13241515	     64.97009054	     27.13851179	     -5.03850412	     19.36831920	     74.76138039	    -11.69699521	     34.96700895	      2.89791040	     16.46824564	      0.40991108	      0.28591400	     -0.32049066	      0.17804115
      4.40000000	    121.61878020	    -40.16428903	     -4.99144091	     88.17009093	    363.84722424	     57.47572526	     28.55067247	     -4.66603847	     20.43973671	     72.79519527	    -12.99944295	     39.66910805	      3.06406091	     17.43337844	      0.43385080	      0.26827619	     -0.29709249	      0.15884774
      4.41000000	    121.68144039	    -45.82338999	     -3.56104638	     99.39683523	    366.70830479	     49.49174713	     29.93231281	     -4.22155681	     21.44626801	     68.61041853	    -15.04319467	     44.57739994	      2.89667113	     18.08823287	      0.44372248	      0.23542119	     -0.26734577	      0.13043277
      4.42000000	    119.21179727	    -52.34503579	     -2.63150753	    113.60825696	    364.54579457	     40.94383849	     31.08060035	     -3.87431295	     22.39605998	     62.04614312	    -17.82862172	     49.24191311	      2.38377414	     18.27873423	      0.43895356	      0.18444017	     -0.23419953	      0.09354846
      4.43000000	    113.83637035	    -59.38898633	     -2.47869112	    130.53585188	    356.51045552	     31.71457605	     31.82156615	     -3.75618191	     23.29656132	     53.10177707	    -21.25146342	     53.13273896	      1.53882068	     17.86887316	      0.42007540	      0.11396527	     -0.20125452	      0.04960141
      4.44000000	    105.42125414	    -66.43462363	     -3.27620463	    149.35929443	    342.25231841	     21.67992807	     32.04415382	     -3.94883975	     24.16148254	     41.96895518	    -25.08072187	     55.68907620	      0.40139156	     16.75819371	      0.38870570	      0.02463326	     -0.17239057	      0.00057730
      4.45000000	     94.13614381	    -72.81839144	     -5.06126966	    168.74152128	    322.05273428	     10.76023879	     31.72494966	     -4.48069962	     25.01215693	     29.04973556	    -28.95658587	     56.38632429	     -0.96430585	     14.89771356	      0.34743153	     -0.08073243	     -0.15137194	     -0.05106911
      4.46000000	     80.48337786	    -77.79602554	     -7.72119839	    186.93098210	    296.87693107	     -1.01955151	     30.93839610	     -5.33133931	     25.87044096	     14.95566606	    -32.41408887	     54.80862850	     -2.47332068	     12.29996776	      0.29960886	     -0.19728240	     -0.14145811	     -0.10253372
      4.47000000	     65.28380004	    -80.61887022	    -11.00505323	    201.91556074	    268.33135793	    -13.47282948	     29.85013400	     -6.44083614	     26.74478710	      0.48567756	    -34.93188667	     50.71147069	     -4.02569790	      9.04059288	      0.24908972	     -0.31857234	     -0.14504155	     -0.15079217
      4.48000000	     49.61895905	    -80.61763055	    -14.55946030	    211.61992826	    238.53016905	    -26.21893840	     28.69416853	     -7.72233409	     27.61610247	    -13.41777129	    -36.00044782	     44.06367630	     -5.51243666	      5.25192841	      0.19997348	     -0.43718829	     -0.16336993	     -0.19274237
      4.49000000	     34.73128517	    -77.28481073	    -17.97978695	    214.13103784	    209.88195947	    -38.70140934	     27.73626427	     -9.07479824	     28.42956317	    -25.73597370	    -35.19865650	     35.06212145	     -6.82026841	      1.11011417	      0.15637093	     -0.54549849	     -0.19640175	     -0.22535772
      4.50000000	     21.88621704	    -70.33857767	    -20.86262848	    207.91513791	    184.81123729	    -50.27213774	     27.22702634	    -10.39197301	     29.09366078	    -35.46403120	    -32.26215041	     24.11363438	     -7.83566223	     -3.18347201	      0.12200997	     -0.63647160	     -0.24279192	     -0.24583913
      4.51000000	     12.21317354	    -59.76226750	    -22.84759633	    192.00681148	    165.45066639	    -60.32861544	     27.35040715	    -11.56670376	     29.48852380	    -41.71531246	    -27.12998157	     11.78944930	     -8.44899588	     -7.42261096	      0.09973884	     -0.70443890	     -0.29984923	     -0.25178392
      4.52000000	      6.55539924	    -45.83477650	    -23.64419252	    166.18620668	    153.35998388	    -68.46004913	     28.17703512	    -12.49312406	     29.48881196	    -43.82646643	    -19.96658656	     -1.22900867	     -8.55847216	    -11.41105669	      0.09131387	     -0.74560677	     -0.36328043	     -0.24142258
      4.53000000	      5.35718885	    -29.15813449	    -23.04698283	    131.13829754	    149.32105811	    -74.54770234	     29.63559989	    -13.06895617	     28.99935112	    -41.45043892	    -11.15869893	    -14.19882183	     -8.07384046	    -14.96819937	      0.09759343	     -0.75818163	     -0.42687590	     -0.21394039
      4.54000000	      8.60390459	    -10.65666839	    -20.94530014	     88.52447111	    153.23679090	    -78.78239735	     31.51521015	    -13.19874527	     27.98811947	    -34.62770032	     -1.28193950	    -26.36306475	     -6.92284548	    -17.93072711	      0.11877116	     -0.74217573	     -0.48258138	     -0.16983447
      4.55000000	     15.82114622	      8.48013317	    -17.33489233	     40.89581247	    164.14948875	    -81.59053662	     33.50389507	    -12.80106472	     26.50173764	    -23.82363505	      8.96397510	    -37.00712300	     -5.06290534	    -20.15736668	      0.15445576	     -0.69916557	     -0.52131874	     -0.11121259
      4.56000000	     26.13531351	     26.90691959	    -12.33770689	     -8.55293422	    180.38560346	    -83.48751539	     35.25572625	    -11.82493709	     24.66375471	     -9.91720597	     18.83914885	    -45.52225139	     -2.49617368	    -21.53794566	      0.20377038	     -0.63213485	     -0.53460310	     -0.04190863
      4.57000000	     38.38654471	     43.26064181	     -6.22616225	    -56.33948378	    199.80493606	    -84.90471970	     36.46626740	    -10.27494644	     22.66477945	      5.86950906	     27.64897317	    -51.46702388	      0.71650303	    -22.00445400	      0.26548921	     -0.54521915	     -0.51657253	      0.03270807
      4.58000000	     51.27285328	     56.30712483	      0.56468035	    -99.09770811	    220.10053648	    -86.05232799	     36.93064762	     -8.23484386	     20.75063382	     22.10104427	     34.81858302	    -54.61833415	      4.44712256	    -21.54232145	      0.33808578	     -0.44329668	     -0.46579186	      0.10626601
      4.59000000	     63.50261189	     65.08170784	      7.45731492	   -133.96349091	    239.08848172	    -86.87105136	     36.56613737	     -5.87532926	     19.20730733	     37.30540754	     39.94990313	    -55.00467363	      8.50088733	    -20.20042019	      0.41971423	     -0.33169184	     -0.38625945	      0.17219502
      4.60000000	     73.93978281	     69.00524018	     13.79400065	   -158.87250533	    254.94641323	    -87.09028079	     35.39842462	     -3.43720211	     18.33755560	     50.17232029	     42.85622875	    -52.91020156	     12.62755926	    -18.09596549	      0.50823569	     -0.21610070	     -0.28724143	      0.22468061
      4.61000000	     81.73388088	     67.94006361	     18.93036444	   -172.69402305	    266.39015024	    -86.35950062	     33.52758200	     -1.19349005	     18.42989656	     59.73430562	     43.56737975	    -48.83106760	     16.54482618	    -15.40679913	      0.60139649	     -0.10243566	     -0.18187024	      0.25960717
      4.62000000	     86.42173629	     62.16688743	     22.33643838	   -175.18691322	    272.78565870	    -84.38878944	     31.09509370	      0.59690356	     19.72352728	     65.48976420	     42.30541200	    -43.38192966	     19.97110924	    -12.34834356	      0.69705228	      0.00365422	     -0.08482874	      0.27524915
      4.63000000	     87.97902967	     52.31461679	     23.68163810	   -166.87376411	    274.18345018	    -81.04288256	     28.26585044	      1.73073544	     22.36723857	     67.44348762	     39.44209259	    -37.18722071	     22.66061184	     -9.14445160	      0.79307641	      0.09739103	     -0.00965543	      0.27247208
      4.64000000	     86.80613692	     39.28256543	     22.88391195	   -148.93229903	    271.26929487	    -76.35700093	     25.22655930	      2.08661228	     26.37518949	     66.06286111	     35.44680719	    -30.79667093	     24.43268530	     -6.00290793	      0.88683255	      0.17531757	      0.03370395	      0.25437245
      4.65000000	     83.64611283	     24.16129678	     20.11091871	   -123.11324579	    265.23341544	    -70.46968671	     22.19063111	      1.63182276	     31.59276388	     62.16282860	     30.82621269	    -24.63861449	     25.18975890	     -3.09874467	      0.97457019	      0.23550355	      0.04045194	      0.22550569
      4.66000000	     79.44251107	      8.14781156	     15.73795936	    -91.64657674	    257.55645959	    -63.50523374	     19.39364416	      0.41579966	     37.68433228	     56.74394438	     26.06033668	    -19.00833122	     24.92063002	     -0.56506860	      1.05116289	      0.27750642	      0.01128026	      0.19096689
      4.67000000	     75.15929032	     -7.54435341	     10.28223464	    -57.10171505	    249.72681875	    -55.46683447	     17.06740587	     -1.43871397	     44.14862013	     50.81803892	     21.54659844	    -14.08208118	     23.68976391	      1.50970089	      1.11033279	      0.30215517	     -0.04825327	      0.15555833
      4.68000000	     71.59973751	    -21.77734902	      4.33477693	    -22.18980373	    242.94095356	    -46.20029737	     15.39320187	     -3.73993740	     50.36332190	     45.25753175	     17.56377464	     -9.94365893	     21.61722433	      3.08008974	      1.14533584	      0.31124510	     -0.12885648	      0.12317989
      4.69000000	     69.26532568	    -33.57978039	     -1.49934851	     10.47662213	    237.86580067	    -35.45406693	     14.44938900	     -6.23015611	     55.65653711	     40.69352280	     14.26145065	     -6.61086962	     18.85564665	      4.13933885	      1.15007886	      0.30716342	     -0.21893876	      0.09648738
      4.70000000	     68.28975377	    -42.24217545	     -6.65720713	     38.65429608	    234.54521258	    -23.00828349	     14.17745788	     -8.60092631	     59.40165177	     37.47012563	     11.67077359	     -4.04709322	     15.57087488	      4.71642295	      1.12052495	      0.29257297	     -0.30630460	      0.07680053
      4.71000000	     68.46680670	    -47.41333828	    -10.67773819	     60.74169188	    232.49396574	     -8.81153780	     14.38750916	    -10.53219574	     61.12457924	     35.65128724	      9.72885045	     -2.15341191	     11.93063892	      4.87609480	      1.05597430	      0.27031497	     -0.37993512	      0.06422257
      4.72000000	     69.36012391	    -49.15392397	    -13.25767289	     75.96248086	    230.94257684	      6.93279491	     14.80768036	    -11.75063286	     60.59291413	     35.07202948	      8.31189092	     -0.76235457	      8.09996619	      4.71652177	      0.95971584	      0.24340401	     -0.43155354	      0.05792386
      4.73000000	     70.45334356	    -47.91251986	    -14.28634534	     84.39299758	    229.12971988	     23.76595201	     15.16157460	    -12.08642972	     57.85573873	     35.41549102	      7.27004905	      0.34903813	      4.23868278	      4.36010269	      0.83879468	      0.21494136	     -0.45660394	      0.05649846
      4.74000000	     71.29417740	    -44.44076164	    -13.84827162	     86.86065396	    226.54311913	     41.05885622	     15.24784157	    -11.50744450	     53.22743747	     36.29146251	      6.45484176	      1.43443536	      0.49803243	      3.94085632	      0.70297945	      0.18799192	     -0.45441688	      0.05828716
      4.75000000	     71.60294566	    -39.67047413	    -12.19189775	     84.74820888	    223.06102314	     58.14350142	     14.99967499	    -10.11973421	     47.22619647	     37.30504547	      5.73688851	      2.74794964	     -2.98513594	      3.59166020	      0.56322277	      0.16540890	     -0.42774210	      0.06163126
      4.76000000	     71.32875301	    -34.56682074	     -9.66952603	     79.72334351	    218.98130549	     74.43692485	     14.50790422	     -8.13363970	     40.48356162	     38.11413345	      5.01671813	      4.50677677	     -6.09696813	      3.43133733	      0.42997995	      0.14954275	     -0.38193846	      0.06507904
      4.77000000	     70.64331225	    -29.98769326	     -6.66119902	     73.45072575	    214.94181001	     89.51993504	     13.99879477	     -5.80474752	     33.64636818	     38.47138412	      4.22937759	      6.85571299	     -8.75576412	      3.55313477	      0.31170498	      0.14196015	     -0.32389877	      0.06754855
      4.78000000	     69.87949487	    -26.57626727	     -3.50220472	     67.34502357	    211.76303504	    103.15753901	     13.77356542	     -3.36905344	     27.28874279	     38.24723299	      3.34333538	      9.84449046	    -10.91909102	      4.01662363	      0.21374183	      0.14331067	     -0.26086743	      0.06843222
      4.79000000	     69.43862072	    -24.68808351	     -0.43223547	     62.37929912	    210.26422596	    115.26790298	     14.13100867	     -0.99290925	     21.84088382	     37.43641344	      2.35641087	     13.41743315	    -12.58804938	      4.84248593	      0.13774600	      0.15336889	     -0.19948905	      0.06763565
      4.80000000	     69.69276593	    -24.35049036	      2.42458287	     58.95694295	    211.09806012	    125.85933584	     15.29588902	      1.24999478	     17.53839838	     36.15084073	      1.29107963	     17.41255289	    -13.80782774	      6.00930490	      0.08172473	      0.17123880	     -0.14524514	      0.06553987
      4.81000000	     70.90273932	    -25.27802006	      5.04709391	     56.90159141	    214.63310240	    134.96292768	     17.36764340	      3.37130158	     14.40603542	     34.59768152	      0.18832475	     21.57813008	    -14.66089703	      7.45503863	      0.04075177	      0.19559207	     -0.10212397	      0.06287302
      4.82000000	     73.16496669	    -26.96607472	      7.47800320	     55.61250797	    220.89517049	    142.58973987	     20.29515565	      5.43500759	     12.28772612	     33.04173448	     -0.90183604	     25.61543563	    -15.25035633	      9.08633876	      0.00821841	      0.22477851	     -0.07233494	      0.06051220
      4.83000000	     76.39258890	    -28.81981175	      9.77540033	     54.30199945	    229.56452936	    148.72270659	     23.88139982	      7.51314697	     10.90344513	     31.75860211	     -1.93061490	     29.23025097	    -15.68023781	     10.79098765	     -0.02283211	      0.25685824	     -0.05616902	      0.05927483
      4.84000000	     80.33083131	    -30.24434993	     11.97452711	     52.16815793	    240.02419765	    153.32513503	     27.82029129	      9.64819954	      9.89951501	     30.98927924	     -2.85642450	     32.16327099	    -16.04314248	     12.44516582	     -0.05870298	      0.28971827	     -0.05225526	      0.05974549
      4.85000000	     84.60182622	    -30.70114295	     14.06728033	     48.50634505	    251.45184713	    156.34729618	     31.75493645	     11.83198830	      8.89478046	     30.90157895	     -3.64721997	     34.20279445	    -16.41396393	     13.91790393	     -0.10439326	      0.32127769	     -0.05813597	      0.06214617
      4.86000000	     88.76736332	    -29.78271349	     15.99731685	     42.85510323	    262.93471865	    157.73188583	     35.33594865	     14.00151281	      7.54332355	     31.56074622	     -4.28374005	     35.20447575	    -16.84175628	     15.08128830	     -0.16315555	      0.34965074	     -0.07080467	      0.06626513
      4.87000000	     92.39553338	    -27.28080503	     17.67074472	     35.12515938	    273.58340221	    157.41370565	     38.26867052	     16.05155614	      5.59647067	     32.91648564	     -4.76225223	     35.11040399	    -17.34218127	     15.82419479	     -0.23625932	      0.37317424	     -0.08710218	      0.07149048
      4.88000000	     95.12092411	    -23.18289985	     18.98144560	     25.58350902	    282.63170773	    155.29677662	     40.34966373	     17.86259522	      2.92921315	     34.81316481	     -5.09184311	     33.94062453	    -17.89820326	     16.06085714	     -0.32296461	      0.39030366	     -0.10414814	      0.07697188
      4.89000000	     96.69149416	    -17.60920059	     19.84146282	     14.71309890	    289.51629141	    151.21332098	     41.48855335	     19.33472925	     -0.46819449	     37.01988749	     -5.28709013	     31.76222404	    -18.46706559	     15.73447560	     -0.42060612	      0.39945264	     -0.11982906	      0.08186538
      4.90000000	     96.99584048	    -10.74819562	     20.20435298	      3.05826555	    293.92641099	    144.89333006	     41.70837060	     20.41473730	     -4.51118438	     39.27038189	     -5.36050189	     28.66107044	    -18.98692776	     14.82108976	     -0.52476062	      0.39887683	     -0.13315394	      0.08556682
      4.91000000	     96.06605310	     -2.81559173	     20.07496907	     -8.89404691	    295.81380356	    135.96950623	     41.12439353	     21.10798922	     -9.04451352	     41.30351749	     -5.31658643	     24.72660144	    -19.38193490	     13.33413816	     -0.62963070	      0.38671336	     -0.14432042	      0.08783744
      4.92000000	     94.05763654	      5.96535406	     19.50513140	    -20.79159264	    295.36424150	    124.02654211	     39.90810626	     21.47369789	    -13.86894010	     42.89933216	     -5.14857184	     20.04987210	    -19.56820595	     11.32749998	     -0.72869110	      0.36125644	     -0.15443084	      0.08878909
      4.93000000	     91.21537941	     15.36734664	     18.57916040	    -32.44793105	    292.94753037	    108.68757736	     38.24604777	     21.60796339	    -18.77116430	     43.90911631	     -4.83986002	     14.73439088	    -19.46264491	      8.89594267	     -0.81538104	      0.32143811	     -0.16492469	      0.08878207
      4.94000000	     87.83347049	     25.14860172	     17.39473406	    -43.81917176	    289.05968204	     89.71975590	     36.30288161	     21.62132969	    -23.55157962	     44.27655779	     -4.37142473	      8.91622856	    -18.99378396	      6.17304199	     -0.88360607	      0.26738216	     -0.17693487	      0.08829712
      4.95000000	     84.21282430	     35.03022143	     16.04377150	    -54.92577864	    284.25606387	     67.13695120	     34.19546794	     21.61622545	    -28.04115272	     44.04373687	     -3.73400057	      2.78582482	    -18.11198040	      3.32673265	     -0.92804867	      0.20085441	     -0.19079583	      0.08780670
      4.96000000	     80.61916881	     44.67437480	     14.59799470	    -65.74941518	    279.07452316	     41.27504770	     31.98276753	     21.66871945	    -32.10578142	     43.33868012	     -2.94160402	     -3.39981431	    -16.79734466	      0.55134879	     -0.94445356	      0.12542728	     -0.20586624	      0.08767295
      4.97000000	     77.24874143	     53.68443220	     13.10244736	    -76.15806311	    273.95749697	     12.81820550	     29.67272135	     21.81780523	    -35.64450984	     42.34718168	     -2.04135922	     -9.32601152	    -15.06527505	     -1.94602105	     -0.93011059	      0.04623496	     -0.22074537	      0.08811125
      4.98000000	     74.20657491	     61.64419269	     11.57799468	    -85.90895530	    269.18586760	    -17.23345816	     27.24210389	     22.06379753	    -38.58965901	     41.27340608	     -1.11362515	    -14.65751596	    -12.96969276	     -3.96707769	     -0.88464967	     -0.03070770	     -0.23384240	      0.08922850
      4.99000000	     71.49928517	     68.19344240	     10.03313437	    -94.74022645	    264.84005473	    -47.64628724	     24.66309161	     22.37679893	    -40.91080766	     40.29290221	     -0.25806883	    -19.09895852	    -10.60296998	     -5.35128803	     -0.81082227	     -0.09952333	     -0.24405014	      0.09108344
      5.00000000	     69.04354588	     73.10573300	      8.48278857	   -102.49701884	    260.80221886	    -77.06008185	     21.93025440	     22.71316101	    -42.61480440	     39.50511514	      0.43181713	    -22.45540038	     -8.09045377	     -6.00538035	     -0.71462835	     -0.15555439	     -0.25111463	      0.09368720
      5.01000000	     66.68795612	     76.33168729	      6.96793989	   -109.22178838	    256.79809879	   -104.09465553	     19.08094191	     23.03406502	    -43.73673625	     38.89802601	      0.89656490	    -24.66653144	     -5.57947247	     -5.92348491	     -0.60456748	     -0.19615616	     -0.25551299	      0.09692304
      5.02000000	     64.24140133	     77.99985208	      5.57007219	   -115.18128963	    252.46204208	   -127.44531674	     16.20270727	     23.32101951	    -44.32769043	     38.33665558	      1.13126894	    -25.80509896	     -3.22557398	     -5.19205511	     -0.49040913	     -0.22096365	     -0.25805622	      0.10044392
      5.03000000	     61.50107217	     78.37741109	      4.41501026	   -120.81797716	    247.40398245	   -145.96146751	     13.42601550	     23.58343497	    -44.44274674	     37.57982985	      1.19159555	    -26.04308510	     -1.17793174	     -3.97771318	     -0.38187094	     -0.23158433	     -0.25948267	      0.10360537
      5.04000000	     58.27758365	     77.79116543	      3.66074346	   -126.61306829	    241.26200647	   -158.70298560	     10.90610795	     23.85270725	    -44.12618792	     36.32261490	      1.18124001	    -25.59448670	      0.43569171	     -2.49892038	     -0.28734046	     -0.23083641	     -0.26014279	      0.10545636
      5.05000000	     54.42150262	     76.52754754	      3.46881666	   -132.88934861	    233.74590768	   -164.98245949	      8.80023781	     24.16374015	    -43.39765364	     34.25943227	      1.22205070	    -24.65128569	      1.52248741	     -0.98668105	     -0.21286163	     -0.22177249	     -0.25983209	      0.10480888
      5.06000000	     49.85657188	     74.74646648	      3.96631721	   -139.62186544	    224.69220276	   -164.41104877	      7.24555143	     24.53347133	    -42.24833740	     31.15892884	      1.41422819	    -23.33280922	      2.03362377	      0.35701065	     -0.16166073	     -0.20677880	     -0.25781893	      0.10040709
      5.07000000	     44.61518237	     72.43784758	      5.20934086	   -146.32607188	    214.13474547	   -156.95391179	      6.34145612	     24.94648296	    -40.64917509	     26.93241564	      1.79960220	    -21.66440147	      1.96756310	      1.39295434	     -0.13416143	     -0.18706227	     -0.25308835	      0.09119844
      5.08000000	     38.86485743	     69.43620747	      7.15858885	   -152.07448237	    202.37473168	   -142.98437182	      6.13845544	     25.35347584	    -38.56683131	     21.67643046	      2.34181444	    -19.59245857	      1.36805907	      2.06230984	     -0.12824208	     -0.16273039	     -0.24476430	      0.07667046
      5.09000000	     32.91667357	     65.49053077	      9.67252701	   -155.65389580	    190.02560908	   -123.31747122	      6.63270748	     25.68221404	    -35.98283825	     15.68128031	      2.93027022	    -17.03004815	      0.31771472	      2.38504907	     -0.13969547	     -0.13334680	     -0.23252181	      0.05715276
      5.10000000	     27.21085375	     60.36377647	     12.51677636	   -155.81955535	    178.00578252	    -99.19834106	      7.76529013	     25.85382957	    -32.90974081	      9.40798116	      3.40481997	    -13.91502467	     -1.07132779	      2.44286394	     -0.16295128	     -0.09862103	     -0.21675747	      0.03396290
      5.11000000	     22.28024649	     53.92542586	     15.38724174	   -151.56858044	    167.46567751	    -72.22545031	      9.42735134	     25.79721958	    -29.39850725	      3.44063448	      3.59130399	    -10.25783339	     -2.66811574	      2.35378492	     -0.19193346	     -0.05898589	     -0.19847243	      0.00934083
      5.12000000	     18.69469847	     46.21262258	     17.94677119	   -142.36551119	    159.65501665	    -44.21034814	     11.47180097	     25.45972990	    -25.53730960	     -1.57906788	      3.33795136	     -6.16313737	     -4.33429108	      2.24515384	     -0.22085531	     -0.01591732	     -0.17902044	     -0.01381748
      5.13000000	     16.98825566	     37.45210523	     19.87336834	   -128.27708773	    155.74529247	    -16.99727376	     13.72936178	     24.81456461	    -21.44561128	     -5.03060564	      2.54644773	     -1.82125355	     -5.93515240	      2.22943965	     -0.24484582	      0.02817218	     -0.15990225	     -0.03239945
      5.14000000	     17.57931926	     28.03299364	     20.91001092	   -109.97231781	    156.63903109	      7.72776234	     16.02638635	     23.86201103	    -17.26325412	     -6.39630202	      1.19096852	      2.53019673	     -7.34856319	      2.38876495	     -0.26028610	      0.07047435	     -0.14265772	     -0.04361215
      5.15000000	     20.70382076	     18.42701715	     20.90208520	    -88.56847776	    162.81575753	     28.60671078	     18.20208747	     22.62145955	    -13.13252893	     -5.32906083	     -0.68048857	      6.66752259	     -8.47031557	      2.77314315	     -0.26478031	      0.10850684	     -0.12878752	     -0.04548213
      5.16000000	     26.37657575	      9.08816060	     19.81617812	    -65.38800248	    174.25606598	     44.72625853	     20.12185949	     21.11928508	     -9.17907025	     -1.69483176	     -2.95858823	     10.44152511	     -9.21657509	      3.40894055	     -0.25692263	      0.14075256	     -0.11965762	     -0.03720278
      5.17000000	     34.38760383	      0.37569805	     17.74078990	    -41.72914267	    190.46020090	     55.66757951	     21.68513042	     19.38135392	     -5.49967359	      4.41486591	     -5.49095928	     13.81095993	     -9.52538180	      4.30933405	     -0.23608037	      0.16703941	     -0.11639612	     -0.01925919
      5.18000000	     44.33305058	     -7.47962263	     14.86947181	    -18.71238062	    210.54852172	     61.49480007	     22.82868094	     17.43284714	     -2.15867801	     12.70097621	     -8.10238253	     16.83859136	     -9.35822987	      5.48110744	     -0.20226547	      0.18852877	     -0.11978994	      0.00668511
      5.19000000	     55.66822210	    -14.36575047	     11.47015878	      2.77657692	    233.40243055	     62.69384285	     23.52624710	     15.30391532	      0.80809885	     22.69758340	    -10.61446699	     19.65455953	     -8.70162810	      6.92457248	     -0.15611050	      0.20733428	     -0.13016141	      0.03807833
      5.20000000	     67.76852859	    -20.25064811	      7.84936403	     22.06423974	    257.80512437	     60.08045999	     23.78637347	     13.03992437	      3.38437130	     33.82407410	    -12.86411729	     22.40393995	     -7.56916828	      8.62745343	     -0.09892109	      0.22592570	     -0.14717460	      0.07186027
      5.21000000	     79.99138505	    -25.14091825	      4.31919690	     38.63731288	    282.56205721	     54.69995448	     23.65155883	     10.71343150	      5.56437002	     45.44053429	    -14.72162123	     25.20129344	     -6.00491482	     10.55769921	     -0.03270130	      0.24646340	     -0.16957483	      0.10486002
      5.22000000	     91.73001109	    -29.06022502	      1.16894829	     52.11556126	    306.58320397	     47.72781324	     23.19835548	      8.42968781	      7.34821677	     56.89712674	    -16.10682662	     28.10827945	     -4.08647604	     12.65944661	      0.03990692	      0.27017776	     -0.19508655	      0.13412790
      5.23000000	    102.44719054	    -32.05731145	     -1.36155420	     62.28272122	    328.91088893	     40.36817957	     22.53462262	      6.31657087	      8.74305222	     67.56802303	    -17.00027662	     31.13805949	     -1.92425119	     14.85355647	      0.11568934	      0.29690588	     -0.22077756	      0.15712469
      5.24000000	    111.68632259	    -34.23525150	     -3.10519291	     69.16513285	    348.70323598	     33.75053077	     21.79190447	      4.50124993	      9.76714616	     76.86713573	    -17.44763338	     34.27889875	      0.34408726	     17.04205006	      0.19087861	      0.32490143	     -0.24378293	      0.17177025
      5.25000000	    119.07079628	    -35.78767036	     -3.98368336	     73.12673556	    365.20815411	     28.83031665	     21.11418672	      3.08357479	     10.45487446	     84.25295481	    -17.55908073	     37.52574408	      2.56234467	     19.11577750	      0.26134014	      0.35098259	     -0.26193214	      0.17644093
      5.26000000	    124.30410635	    -37.02873791	     -4.01879216	     74.94893500	    377.75525992	     26.29913794	     20.64379084	      2.11181784	     10.86283303	     89.23441770	    -17.50593049	     40.90686059	      4.56686043	     20.96426775	      0.32306214	      0.37094471	     -0.27407978	      0.17000305
      5.27000000	    127.17129457	    -38.39054423	     -3.33991167	     75.83705207	    385.76622328	     26.51288789	     20.50425390	      1.56662297	     11.07328874	     91.38519202	    -17.51190357	     44.48551452	      6.19883843	     22.48352934	      0.37266478	      0.38007368	     -0.28020382	      0.15191141
      5.28000000	    127.53603283	    -40.36325185	     -2.18274607	     77.29644510	    388.77088474	     29.44941391	     20.78202892	      1.36099283	     11.19010221	     90.36831537	    -17.83317334	     48.32127238	      7.31651213	     23.57781483	      0.40765826	      0.37368453	     -0.28125936	      0.12235765
      5.29000000	    125.33174063	    -43.38202984	     -0.87260983	     80.87883868	    386.42101688	     34.70461487	     21.51037017	      1.35747722	     11.32807141	     85.97074438	    -18.72202061	     52.39595273	      7.80668206	     24.15624501	      0.42650072	      0.34774302	     -0.27876372	      0.08241545
      5.30000000	    120.55045337	    -47.69153880	      0.21115123	     87.85561854	    378.50238353	     41.53080143	     22.65793155	      1.39497601	     11.60050118	     78.14516995	    -20.37200720	     56.52897195	      7.59590259	     24.12884280	      0.42860415	      0.29953853	     -0.27426824	      0.03411103
      5.31000000	    113.23834202	    -53.23366474	      0.68928684	     98.90746992	    364.95738464	     48.91669176	     24.12365612	      1.31425257	     12.11010694	     67.05405428	    -22.85002614	     60.31920033	      6.66132434	     23.40760388	      0.41440507	      0.22816751	     -0.26899846	     -0.01962523
      5.32000000	    103.50894597	    -59.59918932	      0.25323556	    113.91401276	    345.93698680	     55.70602891	     25.74083046	      0.97842296	     12.94484070	     53.10714337	    -26.03152139	     63.14881808	      5.03932598	     21.91619583	      0.38549149	      0.13471536	     -0.26375209	     -0.07514728
      5.33000000	     91.57979466	    -66.06081218	     -1.25645758	    131.89107136	    321.88805513	     60.74704525	     27.29400528	      0.29270846	     14.17544523	     36.98100595	    -29.56360444	     64.26465920	      2.82825848	     19.60716327	      0.34460907	      0.02234436	     -0.25886173	     -0.12843297
      5.34000000	     77.82766317	    -71.68562821	     -3.78913212	    151.09881308	    293.65927930	     63.05218879	     28.54911831	     -0.77819902	     15.85222594	     19.61078100	    -32.88133499	     62.92528855	      0.18326384	     16.48201908	      0.29545732	     -0.10364698	     -0.25418261	     -0.17552985
      5.35000000	     62.84596677	    -75.50884468	     -7.07289194	    169.31763989	    262.59215578	     61.93577760	     29.29322804	     -2.20448143	     18.00164985	      2.14677739	    -35.29054746	     58.57810195	     -2.69568596	     12.60854120	      0.24240637	     -0.23607756	     -0.24935331	     -0.21298617
      5.36000000	     47.47783088	    -76.72592933	    -10.66814097	    184.23154176	    230.55309420	     57.09904696	     29.37889208	     -3.90089584	     20.62233092	    -14.12914879	    -36.10595354	     51.01505651	     -5.58046633	      8.12958774	      0.19025349	     -0.36658516	     -0.24441712	     -0.23814186
      5.37000000	     32.79584110	    -74.84407672	    -14.07083523	    193.80683847	    199.85904401	     48.64453106	     28.76593414	     -5.74582323	     23.67709895	    -27.92611121	    -34.80658597	     40.45738411	     -8.23470810	      3.25903979	      0.14397836	     -0.48656405	     -0.24052092	     -0.24923386
      5.38000000	     20.01051993	    -69.74891536	    -16.82824398	    196.56207260	    173.06582781	     37.01872547	     27.54863411	     -7.60076792	     27.07948250	    -38.09282897	    -31.15947745	     27.54446797	    -10.43539515	     -1.73562731	      0.10836794	     -0.58803963	     -0.24017957	     -0.24538828
      5.39000000	     10.31008879	    -61.67715861	    -18.62512400	    191.67828583	    152.62513620	     22.89816385	     25.95374602	     -9.32427090	     30.67786872	    -43.76868904	    -25.27261967	     13.23413232	    -11.99350908	     -6.56100761	      0.08744133	     -0.66430048	     -0.24671232	     -0.22661911
      5.40000000	      4.65411939	    -51.11143351	    -19.31178627	    178.94608016	    140.45718005	      7.04035624	     24.30030121	    -10.77888326	     34.24261263	    -44.50976717	    -17.56138913	     -1.36059827	    -12.76987479	    -10.93302721	      0.08380355	     -0.71040728	     -0.26299654	     -0.19386572
      5.41000000	      3.56633732	    -38.63623137	    -18.87249540	    158.60224237	    137.53383405	     -9.87300608	     22.92628946	    -11.83447375	     37.46424807	    -40.36331764	     -8.64384260	    -15.16258240	    -12.68264262	    -14.61576696	      0.09817760	     -0.72372735	     -0.29006668	     -0.14900668
      5.42000000	      6.99251051	    -24.81892559	    -17.36178253	    131.17661728	    143.60687131	    -27.35724908	     22.10300048	    -12.37427163	     39.97708267	    -31.86865188	      0.79075649	    -27.30107903	    -11.70486731	    -17.45308782	      0.12933634	     -0.70429561	     -0.32603601	     -0.09479189
      5.43000000	     14.28041148	    -10.16751174	    -14.84874538	     97.45489779	    157.19311558	    -45.16336991	     21.96604006	    -12.30724752	     41.41726498	    -19.97801251	     10.09218331	    -37.21779218	     -9.85404378	    -19.38174112	      0.17460303	     -0.65487112	     -0.36569407	     -0.03468630
      5.44000000	     24.29551572	      4.83645530	    -11.39832833	     58.55436799	    175.83906077	    -63.21129668	     22.48774976	    -11.58383276	     41.50400850	     -5.91547294	     18.71312086	    -44.69096688	     -7.17970767	    -20.42377664	      0.23083125	     -0.58075398	     -0.40101055	      0.02736290
      5.45000000	     35.63959552	     19.67020371	     -7.09670599	     16.02609857	    196.59646218	    -81.43088474	     23.50051156	    -10.21063926	     40.11751816	      8.99077358	     26.22727522	    -49.78478802	     -3.75711978	    -20.66381270	      0.29539000	     -0.48918214	     -0.42261251	      0.08723651
      5.46000000	     46.91171182	     33.70873904	     -2.10498653	    -28.10284073	    216.58596101	    -99.55741486	     24.75924712	     -8.26221377	     37.35026287	     23.46672966	     32.31870648	    -52.74553649	      0.30848132	    -20.21897614	      0.36669761	     -0.38819704	     -0.42205381	      0.14100064
      5.47000000	     56.94318276	     46.19689771	      3.29153042	    -71.38778006	    233.50514407	   -116.95451354	     26.01417480	     -5.88690962	     33.52008274	     36.41687132	     36.76533010	    -53.87657292	      4.86945335	    -19.20970252	      0.44421188	     -0.28532622	     -0.39433700	      0.18524306
      5.48000000	     64.95128989	     56.26696404	      8.67140925	   -111.11619909	    245.95771635	   -132.54394414	     27.06348157	     -3.30169834	     29.14337797	     47.00477909	     39.43385256	    -53.42918193	      9.72319445	    -17.73850086	      0.52804772	     -0.18652260	     -0.33991201	      0.21735515
      5.49000000	     70.59007152	     63.00358629	     13.51824655	   -144.50940777	    253.54654247	   -144.89614415	     27.77097651	     -0.77181137	     24.87350857	     54.69502653	     40.29053301	    -51.53938046	     14.60938437	    -15.88040948	      0.61848294	     -0.09558481	     -0.26540917	      0.23577134
      5.50000000	     73.91323850	     65.55103825	     17.30649762	   -168.94282494	    256.75365412	   -152.48151818	     28.05543717	      1.42365904	     21.41394301	     59.26842470	     39.41974021	    -48.22473178	     19.22394657	    -13.68502875	      0.71551878	     -0.01407619	     -0.18268587	      0.24016209
      5.51000000	     75.28458748	     63.24972431	     19.60286721	   -182.17697608	    256.68466669	   -154.01856258	     27.87256541	      3.03187527	     19.41944668	     60.81814784	     37.03483334	    -43.43613456	     23.25007883	    -11.18722668	      0.81849586	      0.05833592	     -0.10640573	      0.23153597
      5.52000000	     75.27029183	     55.77725477	     20.14854771	   -182.60401001	    254.76521962	   -148.80600602	     27.20782538	      3.86082385	     19.40239925	     59.72543920	     33.46749924	    -37.14389042	     26.40019609	     -8.42250212	      0.92582974	      0.12314209	     -0.05090767	      0.21218271
      5.53000000	     74.52958810	     43.26792564	     18.89982047	   -169.51256251	    252.44406031	   -136.91867656	     26.08309687	      3.80198310	     21.65792067	     56.60847653	     29.13170777	    -29.43293402	     28.45811257	     -5.44427606	      1.03497826	      0.18192784	     -0.02711326	      0.18539885
      5.54000000	     73.70164311	     26.39031798	     16.02333403	   -143.35062428	    250.91553060	   -119.18883863	     24.56664857	      2.84182030	     26.21138741	     52.23749055	     24.46888075	    -20.58342617	     29.30920073	     -2.34104251	      1.14245561	      0.23530674	     -0.04012445	      0.15501130
      5.55000000	     73.28960875	      6.35805244	     11.85628261	   -105.91053401	    250.87708438	    -96.96982127	     22.77353298	      1.06500579	     32.78953021	     47.41792667	     19.88769994	    -11.10894015	     28.94929291	      0.75220233	      1.24362536	      0.28226763	     -0.08822374	      0.12481047
      5.56000000	     73.56466899	    -15.15255033	      6.84853013	    -60.32491718	    252.37730754	    -71.76506750	     20.85007595	     -1.34962395	     40.82320356	     42.86299840	     15.71560719	     -1.72714778	     27.47022676	      3.65657915	      1.33242689	      0.32019187	     -0.16357415	      0.09802405
      5.57000000	     74.52092186	    -36.17671816	      1.50452752	    -10.81139259	    254.81350793	    -44.87169207	     18.94482125	     -4.14016607	     49.49027902	     39.09114107	     12.17535584	      6.73669390	     25.02777809	      6.16913441	      1.40142327	      0.34551965	     -0.25415866	      0.07693360
      5.58000000	     75.89727613	    -54.69791684	     -3.66590716	     37.81179104	    257.09334379	    -17.18371087	     17.17527627	     -6.98158255	     57.80074580	     36.37627225	      9.38693565	     13.48675813	     21.80325218	      8.09544155	      1.44240431	      0.35480218	     -0.34624690	      0.06270377
      5.59000000	     77.26511237	    -68.92175885	     -8.19424462	     80.77913222	    257.93391021	     10.78521175	     15.60443018	     -9.52137031	     64.72427464	     34.75600042	      7.38216037	     17.90531681	     17.97214772	      9.28897330	      1.44761510	      0.34586296	     -0.42690244	      0.05543017
      5.60000000	     78.16090484	    -77.55753317	    -11.70539418	    114.10410492	    256.22766503	     38.70846908	     14.23819272	    -11.43438009	     69.35092848	     34.08385077	      6.11852296	     19.68420859	     13.69028005	      9.68908373	      1.41143376	      0.31883065	     -0.48611544	      0.05434663
      5.61000000	     78.22080228	    -80.04037441	    -13.96646228	    135.20957768	    251.35685592	     66.20403414	     13.04284347	    -12.48400721	     71.05044333	     34.10509705	      5.48961726	     18.89919435	      9.09834895	      9.34382596	      1.33194976	      0.27667949	     -0.51809702	      0.05811828
      5.62000000	     77.27328128	    -76.62049819	    -14.91348104	    143.28850668	    243.35313568	     92.67522530	     11.97192794	    -12.56729997	     69.58325158	     34.53608997	      5.33763605	     15.99763284	      4.33599901	      8.40650911	      1.21181891	      0.22496435	     -0.52153753	      0.06515229
      5.63000000	     75.36994004	    -68.29931706	    -14.64670467	    139.33042735	    232.87607127	    117.31275873	     10.99245591	    -11.72875327	     65.13406099	     35.12778212	      5.47155471	     11.70891258	     -0.44628447	      7.10778350	      1.05811909	      0.17084853	     -0.49902129	      0.07385961
      5.64000000	     72.76065280	    -56.64442730	    -13.39643249	    125.85762339	    221.05311921	    139.24468047	     10.10457491	    -10.13994963	     58.26481687	     35.70131733	      5.68983963	      6.91519299	     -5.08529108	      5.71467692	      0.88126916	      0.12185875	     -0.45589884	      0.08282655
      5.65000000	     69.83711640	    -43.52820024	    -11.46721217	    106.44670499	    209.26047470	    157.74672398	      9.35341907	     -8.05206694	     49.80225745	     36.15865795	      5.80559456	      2.51632824	     -9.41546241	      4.48788031	      0.69321488	      0.08475409	     -0.39893178	      0.09090687
      5.66000000	     67.07424422	    -30.83826293	     -9.17404882	     85.12633068	    198.92762150	    172.40780257	      8.83671521	     -5.73592300	     40.69006005	     36.47893121	      5.67118188	     -0.69061984	    -13.28786275	      3.64515307	      0.50529860	      0.06467498	     -0.33512537	      0.09726878
      5.67000000	     64.98522683	    -20.21423980	     -6.78529765	     65.76586706	    191.40725368	    183.18201317	      8.71125104	     -3.42500649	     31.84138626	     36.70563512	      5.19664839	     -2.10323436	    -16.59018650	      3.33618525	      0.32643002	      0.06460549	     -0.27106731	      0.10141122
      5.68000000	     64.08407429	    -12.85050357	     -4.48012041	     51.55313920	    187.89559719	    190.31778951	      9.19429846	     -1.27059209	     24.01615561	     36.92452985	      4.35653387	     -1.36968849	    -19.26150290	      3.63061163	      0.16203258	      0.08512534	     -0.21274463	      0.10314822
      5.69000000	     64.83923204	     -9.37776779	     -2.32316140	     44.61121046	    189.36233289	    194.20362868	     10.55033620	      0.68660554	     17.73156091	     37.23398828	      3.18371527	      1.58947760	    -21.29914627	      4.51717721	      0.01385574	      0.12441784	     -0.16550281	      0.10256581
      5.70000000	     67.60700349	     -9.81995892	     -0.25967874	     45.76830417	    196.45751491	    195.19281445	     13.05403157	      2.52366744	     13.20686379	     37.71323953	      1.75308512	      6.58742568	    -22.75737066	      5.91088027	     -0.11955000	      0.17852441	     -0.13375459	      0.09995993
      5.71000000	     72.54667480	    -13.61130462	      1.86534825	     54.46488484	    209.38690358	    193.46546058	     16.92788018	      4.41735652	     10.33916668	     38.39557132	      0.16055422	     13.19648175	    -23.73896047	      7.66477820	     -0.24198278	      0.24180103	     -0.12030465	      0.09576680
      5.72000000	     79.53449847	    -19.64946971	      4.26375106	     68.75658118	    227.77628645	    188.96257425	     22.26412944	      6.60019406	      8.70460233	     39.25335872	     -1.49583200	     20.78225218	    -24.38234422	      9.58294612	     -0.35859954	      0.30745353	     -0.12551208	      0.09050473
      5.73000000	     88.10388854	    -26.37028001	      7.14087059	     85.38563981	    250.56677495	    181.39823499	     28.94877012	      9.29650341	      7.58592352	     40.19906942	     -3.12687919	     28.53958296	    -24.84568627	     11.43283372	     -0.47487709	      0.36802833	     -0.14668631	      0.08473995
      5.74000000	     97.43793384	    -31.85307337	     10.62374686	     99.93965775	    275.98671341	    170.33269569	     36.60744605	     12.65220795	      6.03784293	     41.10072218	     -4.65209744	     35.53291998	    -25.28674165	     12.95823150	     -0.59553593	      0.41582878	     -0.17802586	      0.07906402
      5.75000000	    106.42987733	    -33.97735985	     14.69934359	    107.14624703	    301.63595221	    155.27502524	     44.59274521	     16.67932681	      3.00290603	     41.80404067	     -5.98768676	     40.74864020	    -25.83649256	     13.89509740	     -0.72354871	      0.44332547	     -0.21120528	      0.07405715
      5.76000000	    113.81362036	    -30.64795713	     19.18305246	    101.35703437	    324.70071317	    135.78351684	     52.02883058	     21.23589741	     -2.51962543	     42.15153196	     -7.02552904	     43.16878645	    -26.56646897	     13.99241465	     -0.85933600	      0.44365649	     -0.23663251	      0.07022585
      5.77000000	    118.35119788	    -20.09717262	     23.73002022	     77.26459677	    342.29235761	    111.54767164	     57.91843629	     26.05028356	    -11.26519027	     41.99326220	     -7.61168700	     41.87821720	    -27.45300484	     13.04074790	     -1.00003304	      0.41129515	     -0.24534637	      0.06792354
      5.78000000	    119.04905668	     -1.24589820	     27.88750460	     30.83986363	    351.87488593	     82.46111760	     61.30282955	     30.77951657	    -23.48981175	     41.19243615	     -7.53807818	     36.20950876	    -28.34795305	     10.90917564	     -1.13875124	      0.34291712	     -0.23129921	      0.06727363
      5.79000000	    115.36313616	     25.95159536	     31.17286398	    -39.65166128	    351.71894580	     48.71535705	     61.45249315	     35.07553849	    -38.81181959	     39.63579182	     -6.56162018	     25.90364788	    -28.97436809	      7.58418085	     -1.26420589	      0.23837582	     -0.19351144	      0.06813399
      5.80000000	    107.34901733	     60.28431712	     33.15652388	   -132.78006892	    341.30110862	     10.94967387	     58.05266504	     38.63238137	    -56.17598427	     37.25901716	     -4.45979769	     11.24540276	    -28.96701810	      3.19926465	     -1.36139796	      0.10158531	     -0.13744169	      0.07015107
      5.81000000	     95.71745148	     99.25422089	     33.53495154	   -243.42704857	    321.55252969	    -29.53323997	     51.33348257	     41.20372638	    -73.97225991	     34.08962238	     -1.12040765	     -6.86146157	    -27.96334403	     -1.95293668	     -1.41379732	     -0.05895512	     -0.07474140	      0.07289871
      5.82000000	     81.77387927	    139.23565730	     32.19033205	   -362.67215369	    294.87224322	    -70.52695516	     42.09589914	     42.60408165	    -90.27720272	     30.29879671	      3.35176868	    -26.89267889	    -25.72656834	     -7.42779039	     -1.40700538	     -0.23018894	     -0.02060446	      0.07601207
      5.83000000	     67.24453949	    175.80167891	     29.23683861	   -478.14924971	    264.85631697	   -108.78286749	     31.60799677	     42.71827077	   -103.14950845	     26.24374081	      8.54699048	    -46.78956884	    -22.26210820	    -12.65724727	     -1.33341837	     -0.39516572	      0.01113922	      0.07924098
      5.84000000	     54.04354729	    204.08040512	     25.04403725	   -574.62724472	    235.82315591	   -140.08684115	     21.40216022	     41.52834778	   -110.84821610	     22.47969926	     13.71691116	    -64.10282069	    -17.87449417	    -16.99226128	     -1.19616738	     -0.53408143	      0.01335179	      0.08241986
      5.85000000	     44.02636883	    219.12826504	     20.20520125	   -634.98297815	    212.22817370	   -159.70229257	     13.02799156	     39.13318470	   -111.92905451	     19.71728288	     17.83269181	    -76.20401279	    -13.12494255	    -19.76107076	     -1.00995683	     -0.62594113	     -0.01135798	      0.08539622
      5.86000000	     38.83800058	    216.05721400	     15.42700964	   -640.86626274	    198.23622384	   -163.01758084	      7.86708029	     35.71592746	   -105.11167943	     18.73640071	     19.71440571	    -80.45269700	     -8.68045483	    -20.31344529	     -0.79690244	     -0.65008012	     -0.05210116	      0.08792794
      5.87000000	     39.73912779	    190.60206704	     11.33721832	   -575.19785839	    197.21963226	   -146.68147374	      6.96174120	     31.46516461	    -89.30453824	     20.23272313	     18.27455293	    -74.56487143	     -5.10499301	    -18.11035071	     -0.57938710	     -0.58936010	     -0.09538510	      0.08965459
      5.88000000	     47.61522333	    139.27038450	      8.30847022	   -423.46515167	    211.68234921	   -109.29994031	     10.99373529	     26.47698670	    -63.49743725	     24.71614754	     12.69708783	    -56.77268052	     -2.67646497	    -12.75317507	     -0.37231832	     -0.43155516	     -0.13223264	      0.09010693
      5.89000000	     62.37405673	     62.33295267	      6.34455381	   -183.92255661	    241.82594373	    -53.53345194	     19.88197847	     20.81919898	    -28.06610846	     32.23441099	      2.87712145	    -27.05439377	     -1.34439149	     -4.28433995	     -0.18344676	     -0.17901998	     -0.16085367	      0.08898877
      5.90000000	     83.11541552	    -36.62734293	      5.18682558	    133.96231228	    285.89133248	     15.14546264	     32.91436787	     14.55025341	     15.25448311	     42.51607819	    -10.75780801	     13.17291174	     -0.90818789	      6.91028422	     -0.01736634	      0.15449498	     -0.18244799	      0.08625195
      5.91000000	    105.57129715	   -139.94778648	      4.36532684	    474.97174067	    334.38709414	     82.49325501	     47.06757772	      8.24829992	     58.43906131	     54.06731458	    -25.99247648	     56.74672546	     -1.28421381	     18.98389394	      0.10384475	      0.50995065	     -0.18924759	      0.08285098
      5.92000000	    125.30036473	   -230.03425493	      3.56785612	    784.05225014	    377.32400250	    136.79718512	     59.19321760	      2.52829940	     93.35814888	     65.52630782	    -40.81982349	     96.58197942	     -2.72027005	     30.13594823	      0.15171084	      0.83088599	     -0.16099994	      0.07984622
      5.93000000	    128.38528954	   -250.22971632	      2.12660792	    875.22094179	    383.51193058	    138.80950994	     59.69692333	      0.09044543	     96.08518868	     71.01840212	    -47.13289535	    108.78384342	     -4.66729138	     34.10759618	      0.08253931	      0.92472507	     -0.08508189	      0.08054329
      5.94000000	    113.55394084	   -197.94701453	      0.08717741	    731.84955892	    350.42925195	     86.55269114	     47.62266231	      1.60710562	     68.07600283	     68.86608596	    -43.00533404	     90.72534707	     -5.69405384	     30.08675964	     -0.04524544	      0.77093192	      0.00443378	      0.08463600
      5.95000000	     41.81213030	     88.41342076	     -4.15607578	   -210.20383106	    193.91062352	   -152.14241027	     -3.69461805	     17.10164098	    -48.63458622	     35.11635811	      3.16314484	    -30.20040914	      3.69739115	     -1.87186802	     -0.06986104	     -0.23540883	     -0.12403315	      0.09790405
      5.96000000	     26.14168166	    149.33975915	     -8.16745031	   -423.27821477	    161.60665407	   -214.97456728	    -14.96618790	     18.37832988	    -69.77420874	     26.23967596	     15.59016664	    -59.34261030	      9.60071533	     -9.41436177	      0.08121578	     -0.47800804	     -0.29856707	      0.10117049
