ply
format ascii 1.0
comment VTK generated PLY File
obj_info vtkPolyData points and polygons: vtk4.0
element vertex 6724
property float x
property float y
property float z
element face 13444
property list uchar int vertex_indices
end_header
615.575927734375 146.61122131347656 205.6480712890625 
613.56549072265625 148.14640808105469 202.77066040039062 
613.4718017578125 147.53184509277344 205.84927368164062 
615.72052001953125 147.17050170898438 202.47059631347656 
613.45867919921875 148.61947631835938 199.92398071289062 
615.6773681640625 147.5924072265625 199.49423217773438 
613.22930908203125 149.07717895507812 197.10966491699219 
615.52789306640625 148.03695678710938 196.504150390625 
612.85321044921875 149.57420349121094 194.41067504882812 
615.30255126953125 148.49832153320312 193.56198120117188 
612.29010009765625 149.99522399902344 191.79843139648438 
614.86529541015625 148.88536071777344 190.83055114746094 
611.643798828125 150.33145141601562 189.258056640625 
614.09088134765625 149.20466613769531 188.22196960449219 
610.74871826171875 150.5826416015625 186.68701171875 
612.90264892578125 149.40019226074219 185.41357421875 
609.58367919921875 150.63284301757812 184.02325439453125 
611.26641845703125 149.34242248535156 182.61009216308594 
652.5462646484375 131.83476257324219 448.20480346679688 
653.38592529296875 131.82926940917969 451.31259155273438 
653.1395263671875 132.91304016113281 449.35403442382812 
655.04644775390625 133.40591430664062 455.55599975585938 
655.77716064453125 133.1927490234375 458.63458251953125 
656.28924560546875 134.71762084960938 456.94723510742188 
654.9249267578125 131.68305969238281 457.20962524414062 
654.16259765625 131.81837463378906 454.24349975585938 
655.56024169921875 134.93132019042969 453.61065673828125 
654.2220458984375 133.47987365722656 452.44033813476562 
656.999267578125 134.49578857421875 460.32473754882812 
656.4383544921875 133.12957763671875 461.26495361328125 
655.65966796875 131.41581726074219 460.12771606445312 
654.81689453125 135.12451171875 450.29986572265625 
656.70587158203125 132.26069641113281 463.39688110351562 
657.66925048828125 134.21403503417969 463.6259765625 
652.90557861328125 133.71136474609375 447.18087768554688 
654.0908203125 135.28457641601562 447.06100463867188 
653.39617919921875 135.41499328613281 443.87545776367188 
651.9908447265625 133.54638671875 444.13265991210938 
651.30242919921875 133.77737426757812 441.12411499023438 
652.77276611328125 135.57194519042969 440.74542236328125 
650.62689208984375 134.02883911132812 438.0963134765625 
651.93505859375 135.57281494140625 437.65560913085938 
649.9180908203125 134.24272155761719 435.07421875 
651.103759765625 135.59709167480469 434.60855102539062 
649.18328857421875 134.39279174804688 432.05087280273438 
650.793212890625 135.96635437011719 431.53347778320312 
648.44293212890625 134.51300048828125 429.0401611328125 
650.18023681640625 136.12376403808594 428.47027587890625 
647.72198486328125 134.63777160644531 426.03021240234375 
649.49468994140625 136.24168395996094 425.38595581054688 
646.9881591796875 134.74655151367188 422.96420288085938 
648.8226318359375 136.3837890625 422.22329711914062 
646.25616455078125 134.86106872558594 419.81893920898438 
648.19073486328125 136.52767944335938 419.0235595703125 
645.55072021484375 135.04188537597656 416.64340209960938 
647.53900146484375 136.66426086425781 415.77191162109375 
644.88580322265625 135.22586059570312 413.44985961914062 
646.90283203125 136.78779602050781 412.45562744140625 
644.22198486328125 135.38783264160156 410.2615966796875 
646.2659912109375 136.92280578613281 409.0869140625 
643.5302734375 135.53231811523438 407.1043701171875 
645.75836181640625 137.09783935546875 405.83721923828125 
642.9796142578125 135.80513000488281 403.9788818359375 
645.32403564453125 137.26828002929688 402.75634765625 
642.5308837890625 136.14735412597656 400.89474487304688 
646.26995849609375 137.53204345703125 399.25674438476562 
642.04156494140625 136.4188232421875 397.723388671875 
645.498779296875 137.58290100097656 396.12332153320312 
641.7913818359375 136.80091857910156 394.4173583984375 
644.75335693359375 137.66893005371094 392.92526245117188 
641.595703125 137.10910034179688 391.07778930664062 
644.11083984375 137.753173828125 389.63796997070312 
641.00201416015625 137.18034362792969 387.7503662109375 
643.50762939453125 137.82846069335938 386.36160278320312 
640.35992431640625 137.27301025390625 384.4219970703125 
642.8712158203125 137.872802734375 383.06515502929688 
639.745849609375 137.37660217285156 381.06228637695312 
642.260009765625 137.9117431640625 379.78466796875 
639.173583984375 137.44813537597656 377.72259521484375 
641.65606689453125 137.94183349609375 376.4713134765625 
638.6087646484375 137.53611755371094 374.41473388671875 
641.06671142578125 137.96791076660156 373.12887573242188 
638.05841064453125 137.65081787109375 371.08099365234375 
640.51531982421875 137.97918701171875 369.7625732421875 
637.4656982421875 137.73782348632812 367.7059326171875 
639.7696533203125 138.04225158691406 366.4329833984375 
636.82891845703125 137.83097839355469 364.291015625 
638.9417724609375 138.13632202148438 363.01596069335938 
636.1866455078125 137.93864440917969 360.83285522460938 
638.2747802734375 138.21134948730469 359.59234619140625 
635.89697265625 138.04559326171875 358.24081420898438 
637.538818359375 138.27925109863281 356.25933837890625 
635.26318359375 138.0848388671875 355.69549560546875 
636.58984375 138.35791015625 353.00961303710938 
633.74346923828125 137.81866455078125 353.18887329101562 
635.60406494140625 138.40878295898438 349.72430419921875 
632.40838623046875 137.46348571777344 350.86767578125 
631.8089599609375 137.55584716796875 347.58050537109375 
634.7333984375 138.44586181640625 346.46502685546875 
631.2540283203125 137.65451049804688 344.32119750976562 
633.98150634765625 138.48184204101562 343.14163208007812 
630.6932373046875 137.76765441894531 341.09381103515625 
633.35711669921875 138.53402709960938 339.84539794921875 
630.21112060546875 137.9010009765625 337.87060546875 
632.8675537109375 138.62786865234375 336.5567626953125 
629.79559326171875 138.06278991699219 334.70672607421875 
632.45538330078125 138.72288513183594 333.33480834960938 
629.37176513671875 138.2091064453125 331.62118530273438 
632.0985107421875 138.83625793457031 329.9156494140625 
629.00518798828125 138.39907836914062 328.53378295898438 
631.47515869140625 138.94760131835938 326.55892944335938 
628.571044921875 138.54930114746094 325.42431640625 
630.8016357421875 139.06195068359375 323.16607666015625 
628.0645751953125 138.657958984375 322.31689453125 
630.1788330078125 139.17898559570312 319.81939697265625 
627.5928955078125 138.77024841308594 319.23013305664062 
629.5694580078125 139.29508972167969 316.54428100585938 
627.19293212890625 138.91825866699219 316.21490478515625 
628.9774169921875 139.43533325195312 313.29867553710938 
626.829833984375 139.08677673339844 313.28387451171875 
657.655517578125 132.33024597167969 466.89715576171875 
628.3785400390625 139.57533264160156 310.03274536132812 
634.85723876953125 138.49420166015625 328.33786010742188 
633.884765625 138.69549560546875 330.85174560546875 
634.07952880859375 138.66328430175781 325.1983642578125 
633.34674072265625 138.83784484863281 322.09219360351562 
632.68316650390625 138.97969055175781 319.00582885742188 
632.09796142578125 139.09375 315.95758056640625 
631.5404052734375 139.2078857421875 312.93414306640625 
630.98065185546875 139.30073547363281 309.88101196289062 
630.44024658203125 139.39973449707031 306.78475952148438 
627.8919677734375 139.70675659179688 306.88723754882812 
629.91839599609375 139.52793884277344 303.67062377929688 
627.3785400390625 139.84175109863281 303.72531127929688 
629.3902587890625 139.66740417480469 300.53036499023438 
626.85369873046875 139.97325134277344 300.57550048828125 
628.849609375 139.80972290039062 297.387939453125 
626.30072021484375 140.09532165527344 297.4071044921875 
628.3138427734375 139.96488952636719 294.2669677734375 
625.7611083984375 140.2388916015625 294.2569580078125 
627.8017578125 140.11790466308594 291.14608764648438 
625.25244140625 140.41818237304688 291.12637329101562 
627.34429931640625 140.25816345214844 288.01950073242188 
624.81207275390625 140.6199951171875 287.96405029296875 
626.93060302734375 140.37005615234375 284.86080932617188 
624.38824462890625 140.83940124511719 284.76834106445312 
626.5111083984375 140.47676086425781 281.70602416992188 
623.9462890625 141.06095886230469 281.58383178710938 
626.05908203125 140.5992431640625 278.60183715820312 
623.49322509765625 141.25999450683594 278.42953491210938 
625.5548095703125 140.73751831054688 275.51412963867188 
623.039306640625 141.43832397460938 275.25018310546875 
625.01806640625 140.86085510253906 272.36395263671875 
622.588623046875 141.60850524902344 271.99789428710938 
624.46392822265625 140.97477722167969 269.10394287109375 
622.140869140625 141.77458190917969 268.66656494140625 
623.92242431640625 141.07510375976562 265.810791015625 
621.69989013671875 141.93196105957031 265.29443359375 
623.4017333984375 141.12727355957031 262.46807861328125 
621.220947265625 142.07122802734375 261.89358520507812 
622.876220703125 141.12338256835938 259.03164672851562 
620.76654052734375 142.17678833007812 258.39871215820312 
622.37994384765625 141.071044921875 255.60612487792969 
620.3427734375 142.2354736328125 254.853271484375 
621.91912841796875 140.986328125 252.21531677246094 
619.92559814453125 142.2369384765625 251.3123779296875 
621.44293212890625 140.94023132324219 248.77857971191406 
619.4462890625 142.27252197265625 247.74543762207031 
620.88824462890625 140.97232055664062 245.27223205566406 
618.86004638671875 142.35301208496094 244.16537475585938 
620.33221435546875 141.068359375 241.73158264160156 
618.29071044921875 142.46638488769531 240.55615234375 
619.8477783203125 141.14234924316406 238.26144409179688 
617.8260498046875 142.54200744628906 236.95478820800781 
619.3692626953125 141.22248840332031 234.84439086914062 
617.3927001953125 142.687255859375 233.39649963378906 
618.868408203125 141.38993835449219 231.39305114746094 
616.944580078125 142.92677307128906 229.81298828125 
618.4219970703125 141.64543151855469 227.92648315429688 
616.47784423828125 143.2679443359375 226.26080322265625 
618.0596923828125 141.95091247558594 224.50022888183594 
616.029296875 143.67439270019531 222.75990295410156 
617.6773681640625 142.36447143554688 221.04972839355469 
615.6180419921875 144.14454650878906 219.30516052246094 
617.28857421875 142.8858642578125 217.65151977539062 
615.309326171875 144.677001953125 215.89781188964844 
616.98394775390625 143.49858093261719 214.3175048828125 
615.2296142578125 145.27323913574219 212.46446228027344 
616.9034423828125 144.15980529785156 210.95175170898438 
615.330322265625 145.9342041015625 209.02670288085938 
617.08843994140625 144.82722473144531 207.54562377929688 
617.37396240234375 145.42774963378906 204.24539184570312 
617.5341796875 145.87396240234375 201.19700622558594 
617.562744140625 146.23274230957031 198.19419860839844 
617.5223388671875 146.67556762695312 195.15946960449219 
617.3106689453125 147.02774047851562 192.34236145019531 
616.76287841796875 147.32347106933594 189.76812744140625 
615.8094482421875 147.61207580566406 187.11825561523438 
614.34124755859375 147.78204345703125 184.29635620117188 
612.31011962890625 147.62295532226562 181.49324035644531 
609.32354736328125 147.07070922851562 179.46879577636719 
611.90704345703125 146.18797302246094 180.36146545410156 
607.573486328125 149.1046142578125 179.98829650878906 
606.35174560546875 150.51924133300781 181.41357421875 
605.14459228515625 151.36991882324219 183.48922729492188 
607.48870849609375 151.38905334472656 185.75532531738281 
610.888427734375 144.67718505859375 179.77691650390625 
688.0496826171875 140.23127746582031 525.650634765625 
685.48577880859375 141.60740661621094 526.32061767578125 
684.40985107421875 140.67100524902344 529.2513427734375 
687.94805908203125 140.22926330566406 522.8997802734375 
685.4893798828125 141.68391418457031 523.2635498046875 
684.772705078125 141.16700744628906 520.28424072265625 
687.21380615234375 139.75212097167969 520.07513427734375 
683.61614990234375 140.5252685546875 517.457275390625 
686.13348388671875 139.10270690917969 517.251708984375 
682.29388427734375 139.80772399902344 514.625244140625 
684.82598876953125 138.39479064941406 514.390869140625 
680.67620849609375 139.04421997070312 511.81280517578125 
683.20599365234375 137.58311462402344 511.59039306640625 
678.89764404296875 138.42262268066406 509.03262329101562 
681.4693603515625 136.94778442382812 508.79205322265625 
677.44427490234375 137.80949401855469 506.11013793945312 
679.882080078125 136.43280029296875 505.9464111328125 
676.24432373046875 137.26414489746094 503.05300903320312 
678.4609375 135.98075866699219 502.95840454101562 
675.16009521484375 136.81927490234375 499.8623046875 
677.194580078125 135.609619140625 499.770263671875 
675.9156494140625 135.3990478515625 496.44744873046875 
674.59893798828125 135.33111572265625 493.04745483398438 
671.13800048828125 136.47682189941406 490.05026245117188 
672.4180908203125 136.509521484375 493.26962280273438 
673.35968017578125 135.34248352050781 489.69979858398438 
670.0792236328125 136.40899658203125 486.76434326171875 
672.2425537109375 135.39430236816406 486.43496704101562 
669.12060546875 136.33712768554688 483.45037841796875 
671.26971435546875 135.36293029785156 483.114501953125 
668.24554443359375 136.27680969238281 480.12258911132812 
670.35382080078125 135.29714965820312 479.7760009765625 
667.315673828125 136.24992370605469 476.73394775390625 
669.44970703125 135.25872802734375 476.41412353515625 
666.35406494140625 136.23519897460938 473.31719970703125 
668.55999755859375 135.23670959472656 473.033203125 
665.4825439453125 136.21536254882812 469.88766479492188 
667.684326171875 135.23481750488281 469.64202880859375 
664.7064208984375 136.19061279296875 466.4813232421875 
666.848388671875 135.23428344726562 466.23428344726562 
663.9642333984375 136.15293884277344 463.11801147460938 
665.378662109375 135.19674682617188 459.52508544921875 
663.21978759765625 136.1260986328125 459.77456665039062 
662.47222900390625 136.13076782226562 456.44540405273438 
664.61126708984375 135.21937561035156 456.20855712890625 
661.7255859375 136.15193176269531 453.1239013671875 
663.83673095703125 135.25631713867188 452.87277221679688 
661.01519775390625 136.18649291992188 449.77828979492188 
663.0689697265625 135.31610107421875 449.57763671875 
660.29156494140625 136.24830627441406 446.47625732421875 
662.30963134765625 135.38661193847656 446.31829833984375 
659.570068359375 136.30335998535156 443.21466064453125 
661.572509765625 135.44900512695312 443.06484985351562 
658.87457275390625 136.32196044921875 439.97982788085938 
660.85015869140625 135.47358703613281 439.81503295898438 
658.161865234375 136.35551452636719 436.75228881835938 
660.1256103515625 135.48719787597656 436.58917236328125 
657.3978271484375 136.43885803222656 433.54376220703125 
659.39312744140625 135.52377319335938 433.41891479492188 
656.61883544921875 136.51657104492188 430.407958984375 
658.65496826171875 135.58119201660156 430.32162475585938 
655.85589599609375 136.57789611816406 427.40728759765625 
657.95184326171875 135.63150024414062 427.26776123046875 
655.15008544921875 136.63310241699219 424.38763427734375 
657.29730224609375 135.66543579101562 424.22073364257812 
654.51397705078125 136.6748046875 421.25894165039062 
656.64068603515625 135.70875549316406 421.12429809570312 
653.90283203125 136.72268676757812 418.04052734375 
655.95867919921875 135.79010009765625 418 
653.25885009765625 136.78749084472656 414.79052734375 
655.2872314453125 135.86216735839844 414.89434814453125 
652.499267578125 136.86869812011719 411.56796264648438 
654.56414794921875 135.97105407714844 411.8355712890625 
651.6593017578125 136.98095703125 408.34246826171875 
653.7681884765625 136.09860229492188 408.752685546875 
650.804443359375 137.07319641113281 405.14572143554688 
652.954833984375 136.21629333496094 405.61163330078125 
649.920166015625 137.13310241699219 401.95053100585938 
652.16864013671875 136.31292724609375 402.41314697265625 
649.06854248046875 137.19245910644531 398.74655151367188 
651.433349609375 136.37139892578125 399.17507934570312 
648.303466796875 137.25857543945312 395.518310546875 
650.788818359375 136.39512634277344 395.95840454101562 
647.62005615234375 137.34550476074219 392.26620483398438 
650.2049560546875 136.42250061035156 392.72854614257812 
646.9942626953125 137.44108581542969 388.94766235351562 
649.6036376953125 136.42271423339844 389.46853637695312 
646.33734130859375 137.51524353027344 385.6380615234375 
648.9345703125 136.47694396972656 386.22415161132812 
645.6395263671875 137.55741882324219 382.27627563476562 
648.2244873046875 136.53878784179688 382.93301391601562 
644.97308349609375 137.57131958007812 378.89007568359375 
647.53265380859375 136.58154296875 379.6318359375 
644.40325927734375 137.566650390625 375.55990600585938 
646.84368896484375 136.59710693359375 376.3623046875 
643.93365478515625 137.5506591796875 372.18203735351562 
646.18914794921875 136.58390808105469 373.02291870117188 
643.48895263671875 137.53121948242188 368.7220458984375 
645.58233642578125 136.56636047363281 369.63864135742188 
642.8924560546875 137.58042907714844 365.2684326171875 
644.9615478515625 136.5836181640625 366.225341796875 
642.23944091796875 137.67744445800781 361.81539916992188 
644.31011962890625 136.64202880859375 362.84808349609375 
641.5555419921875 137.74105834960938 358.41827392578125 
643.6265869140625 136.72334289550781 359.5462646484375 
640.8316650390625 137.77525329589844 355.00082397460938 
642.92138671875 136.76051330566406 356.16192626953125 
640.0975341796875 137.8212890625 351.5606689453125 
642.205810546875 136.77363586425781 352.70065307617188 
639.42291259765625 137.89350891113281 348.17706298828125 
641.55731201171875 136.773681640625 349.26043701171875 
638.732177734375 137.96951293945312 344.82177734375 
640.92657470703125 136.77523803710938 345.91519165039062 
638.0186767578125 138.02810668945312 341.4942626953125 
640.2314453125 136.83078002929688 342.65093994140625 
637.28179931640625 138.11050415039062 338.194091796875 
639.50323486328125 136.92913818359375 339.37570190429688 
636.52191162109375 138.21820068359375 334.88552856445312 
638.752685546875 137.06637573242188 336.09133911132812 
637.342041015625 137.30192565917969 329.62643432617188 
635.69573974609375 138.34141540527344 331.60357666015625 
636.5733642578125 137.49089050292969 326.44168090820312 
635.80010986328125 137.70263671875 323.27664184570312 
635.0819091796875 137.88258361816406 320.08544921875 
634.4940185546875 137.98899841308594 316.89947509765625 
634.003173828125 138.01280212402344 313.687744140625 
633.01727294921875 137.98698425292969 307.2799072265625 
632.51959228515625 138.05131530761719 304.11468505859375 
631.56658935546875 138.89607238769531 305.46737670898438 
633.5169677734375 137.98936462402344 310.47769165039062 
632.0318603515625 138.81015014648438 308.52835083007812 
632.44488525390625 138.76698303222656 311.140869140625 
631.9569091796875 138.17488098144531 300.96173095703125 
631.33331298828125 138.34298706054688 297.80792236328125 
630.52001953125 139.18788146972656 299.17498779296875 
631.0654296875 139.03215026855469 302.32757568359375 
630.7078857421875 138.48991394042969 294.6636962890625 
630.10888671875 138.58653259277344 291.50509643554688 
629.36151123046875 139.48857116699219 292.90768432617188 
629.927734375 139.35153198242188 296.03176879882812 
628.85418701171875 139.61264038085938 289.79037475585938 
629.04132080078125 138.48100280761719 285.17340087890625 
628.44775390625 138.22952270507812 282.04031372070312 
627.94464111328125 139.60432434082031 283.45504760742188 
629.57415771484375 138.62471008300781 288.34759521484375 
628.38641357421875 139.66659545898438 286.64459228515625 
627.84393310546875 138.1915283203125 278.9381103515625 
627.27874755859375 138.26283264160156 275.77972412109375 
626.955078125 139.58395385742188 277.1865234375 
627.4775390625 139.53050231933594 280.31942749023438 
626.68206787109375 138.44158935546875 272.59799194335938 
626.03076171875 138.66056823730469 269.377685546875 
625.75628662109375 139.89801025390625 270.82553100585938 
626.39013671875 139.73117065429688 274.02792358398438 
625.10540771484375 140.06547546386719 267.57827758789062 
624.70025634765625 138.92936706542969 262.7281494140625 
624.11407470703125 138.40576171875 259.25662231445312 
623.9605712890625 140.070068359375 260.90380859375 
625.36053466796875 138.84312438964844 266.08505249023438 
624.503662109375 140.14366149902344 264.27761840820312 
623.4915771484375 138.09327697753906 255.89015197753906 
622.9234619140625 138.200927734375 252.64414978027344 
622.9364013671875 139.77195739746094 254.10746765136719 
623.454833984375 139.90188598632812 257.48489379882812 
622.33441162109375 137.9617919921875 249.30824279785156 
621.75177001953125 137.80500793457031 245.89993286132812 
621.8763427734375 139.43943786621094 247.25238037109375 
622.4097900390625 139.61395263671875 250.70463562011719 
621.360107421875 139.39601135253906 243.74542236328125 
620.7855224609375 137.85543823242188 238.89482116699219 
620.3563232421875 137.9522705078125 235.39231872558594 
620.40234375 139.54595947265625 236.78094482421875 
621.24151611328125 137.77987670898438 242.41813659667969 
620.8681640625 139.4532470703125 240.22758483886719 
619.96795654296875 138.11152648925781 231.93875122070312 
619.56304931640625 138.42156982421875 228.49256896972656 
619.4713134765625 139.958740234375 229.92466735839844 
619.93743896484375 139.71206665039062 233.35646057128906 
619.1839599609375 138.85061645507812 225.05833435058594 
618.868896484375 139.48133850097656 221.55973815917969 
618.6964111328125 140.6920166015625 223.03752136230469 
619.059814453125 140.27888488769531 226.49520874023438 
618.29864501953125 141.25662231445312 219.55619812011719 
618.24346923828125 141.02294921875 214.79405212402344 
618.15234375 141.89311218261719 211.47233581542969 
617.65130615234375 142.70846557617188 212.90521240234375 
618.53350830078125 140.18385314941406 218.11723327636719 
617.8970947265625 141.95947265625 216.20755004882812 
618.31298828125 142.64846801757812 208.09873962402344 
618.63104248046875 143.17631530761719 204.73817443847656 
617.94866943359375 144.09260559082031 206.14210510253906 
617.673583984375 143.45179748535156 209.5445556640625 
618.94049072265625 143.52836608886719 201.53340148925781 
619.10504150390625 143.768798828125 198.39706420898438 
618.4210205078125 144.92320251464844 199.84980773925781 
618.25921630859375 144.57937622070312 202.89805603027344 
618.4984130859375 145.24818420410156 196.73136901855469 
619.1019287109375 144.40290832519531 192.43574523925781 
618.5333251953125 144.74922180175781 189.69210815429688 
618.17254638671875 145.89759826660156 191.07188415527344 
619.2364501953125 144.05146789550781 195.30366516113281 
618.46734619140625 145.60841369628906 193.78463745117188 
617.5469970703125 144.91224670410156 186.93545532226562 
616.1134033203125 144.79960632324219 184.18919372558594 
616.2310791015625 146.34487915039062 185.67805480957031 
617.44158935546875 146.14540100097656 188.44462585449219 
613.8045654296875 144.78298950195312 181.48321533203125 
614.41827392578125 146.41304016113281 182.78321838378906 
638.05401611328125 137.17410278320312 332.84194946289062 
666.10028076171875 135.21986389160156 462.86380004882812 
673.8369140625 136.58444213867188 496.58111572265625 
686.90863037109375 139.19277954101562 529.1141357421875 
606.18609619140625 145.73092651367188 179.03463745117188 
604.31683349609375 147.92256164550781 179.06686401367188 
603.038330078125 149.7679443359375 180.21372985839844 
602.746337890625 151.09976196289062 182.72308349609375 
607.99090576171875 143.67454528808594 179.68505859375 
605.5845947265625 142.30023193359375 180.94110107421875 
601.25787353515625 146.393310546875 179.72366333007812 
600.235595703125 148.59568786621094 180.39921569824219 
603.28826904296875 144.3153076171875 180.02017211914062 
641.34661865234375 129.45867919921875 401.6988525390625 
642.8721923828125 127.39458465576172 400.65234375 
642.49359130859375 128.30433654785156 403.4713134765625 
640.5062255859375 129.78492736816406 398.63153076171875 
642.161376953125 127.44691467285156 397.55276489257812 
639.74859619140625 129.91693115234375 395.47097778320312 
641.68316650390625 127.31569671630859 394.44869995117188 
640.1365966796875 128.38270568847656 392.79379272460938 
639.0377197265625 129.95256042480469 392.25225830078125 
641.33697509765625 127.10243988037109 391.27780151367188 
639.6268310546875 128.31529235839844 390.1627197265625 
638.28778076171875 130.05178833007812 388.95834350585938 
638.893798828125 128.38693237304688 386.98760986328125 
640.905029296875 126.96955108642578 388.07479858398438 
637.52178955078125 130.16183471679688 385.63034057617188 
640.0579833984375 127.09396362304688 384.91473388671875 
638.0592041015625 128.58448791503906 383.74636840820312 
638.783935546875 127.49017333984375 381.78680419921875 
636.788818359375 130.2410888671875 382.29946899414062 
637.325439453125 128.69041442871094 380.48147583007812 
636.088623046875 130.24783325195312 379.004150390625 
638.119873046875 127.45197296142578 378.44515991210938 
636.6634521484375 128.67626953125 377.16998291015625 
635.375 130.26347351074219 375.63034057617188 
637.491455078125 127.43193054199219 375.14907836914062 
635.97027587890625 128.67391967773438 373.82940673828125 
634.6328125 130.3282470703125 372.28530883789062 
636.87225341796875 127.4537353515625 371.85159301757812 
635.2830810546875 128.70918273925781 370.47216796875 
633.9105224609375 130.34916687011719 368.91107177734375 
636.15087890625 127.51175689697266 368.47930908203125 
634.564208984375 128.76614379882812 367.06149291992188 
633.20263671875 130.37104797363281 365.50787353515625 
635.45404052734375 127.52771759033203 365.06695556640625 
633.8516845703125 128.76876831054688 363.63650512695312 
632.449462890625 130.44180297851562 362.06622314453125 
634.88916015625 127.44539642333984 361.6717529296875 
633.18267822265625 128.73017883300781 360.17498779296875 
631.71051025390625 130.53753662109375 358.58120727539062 
634.3782958984375 127.36077117919922 358.28863525390625 
632.51593017578125 128.72514343261719 356.76754760742188 
630.99664306640625 130.59759521484375 355.259765625 
633.912353515625 127.2725830078125 354.9534912109375 
631.87957763671875 128.66261291503906 353.45440673828125 
630.3316650390625 130.60456848144531 351.98590087890625 
633.37188720703125 127.25370025634766 351.5999755859375 
631.22882080078125 128.67527770996094 350.19027709960938 
632.58587646484375 127.35446166992188 348.35687255859375 
629.6741943359375 130.60882568359375 348.724365234375 
630.43450927734375 128.86988830566406 347.00762939453125 
631.0799560546875 127.95579528808594 345.33367919921875 
628.95751953125 130.66549682617188 345.39596557617188 
629.5767822265625 129.11711120605469 343.7120361328125 
630.30523681640625 128.10182189941406 341.94610595703125 
628.21099853515625 130.78408813476562 342.00466918945312 
628.8548583984375 129.26106262207031 340.2508544921875 
629.62103271484375 128.19961547851562 338.46392822265625 
627.49896240234375 130.88046264648438 338.619384765625 
628.1708984375 129.35862731933594 336.898193359375 
628.96356201171875 128.28366088867188 335.09597778320312 
626.83087158203125 130.92243957519531 335.3306884765625 
627.5098876953125 129.40780639648438 333.62017822265625 
628.32843017578125 128.35411071777344 331.826904296875 
626.1724853515625 130.9342041015625 331.9998779296875 
626.8673095703125 129.47218322753906 330.328125 
627.7183837890625 128.45872497558594 328.50537109375 
625.5185546875 130.95780944824219 328.6824951171875 
626.26373291015625 129.537353515625 327.01364135742188 
627.15570068359375 128.55921936035156 325.206787109375 
624.92999267578125 130.96229553222656 325.38870239257812 
625.67034912109375 129.60470581054688 323.74160766601562 
626.58953857421875 128.64572143554688 321.94131469726562 
624.35833740234375 130.97772216796875 322.14425659179688 
625.06268310546875 129.70687866210938 320.4765625 
626.015380859375 128.74363708496094 318.67208862304688 
623.7769775390625 131.02626037597656 318.90350341796875 
624.49652099609375 129.79924011230469 317.21035766601562 
625.4349365234375 128.84780883789062 315.39892578125 
623.18572998046875 131.09117126464844 315.72247314453125 
623.91888427734375 129.87860107421875 313.97482299804688 
624.86395263671875 128.96678161621094 312.15972900390625 
622.60858154296875 131.14360046386719 312.54537963867188 
623.34698486328125 129.9652099609375 310.78366088867188 
624.30657958984375 129.09622192382812 309 
622.0582275390625 131.16389465332031 309.38616943359375 
622.76190185546875 130.07522583007812 307.64974975585938 
623.7528076171875 129.23561096191406 305.86685180664062 
621.47467041015625 131.21673583984375 306.2568359375 
622.2030029296875 130.16680908203125 304.5274658203125 
623.25201416015625 129.34632873535156 302.72198486328125 
620.888427734375 131.2750244140625 303.15472412109375 
621.68359375 130.22782897949219 301.40408325195312 
622.81744384765625 129.46650695800781 299.56561279296875 
620.34381103515625 131.31712341308594 300.02200317382812 
621.20477294921875 130.29217529296875 298.24710083007812 
622.3870849609375 129.60629272460938 296.400634765625 
619.8048095703125 131.36244201660156 296.85360717773438 
620.72772216796875 130.37983703613281 295.05230712890625 
643.69085693359375 127.22940826416016 403.82748413085938 
641.89410400390625 129.83963012695312 404.85772705078125 
642.96282958984375 128.41134643554688 406.06869506835938 
644.42608642578125 127.17694854736328 407.0281982421875 
642.5228271484375 130.12405395507812 408.0523681640625 
643.59307861328125 128.47709655761719 409.2122802734375 
645.083984375 127.17707061767578 410.16964721679688 
643.241943359375 130.10798645019531 411.1800537109375 
644.28631591796875 128.44552612304688 412.29641723632812 
645.72314453125 127.19977569580078 413.24871826171875 
643.99310302734375 130.06025695800781 414.26840209960938 
644.99957275390625 128.40611267089844 415.34878540039062 
646.5118408203125 127.11030578613281 416.2479248046875 
644.74005126953125 130.04341125488281 417.40335083007812 
645.7510986328125 128.30860900878906 418.4140625 
645.482177734375 130.00520324707031 420.57101440429688 
646.51361083984375 128.2344970703125 421.4990234375 
647.68194580078125 126.86109924316406 419.11434936523438 
648.18475341796875 126.99513244628906 422.2972412109375 
646.234375 129.93972778320312 423.6793212890625 
647.26171875 128.22196960449219 424.58721923828125 
648.795166015625 127.07142639160156 425.38189697265625 
647.01513671875 129.85751342773438 426.71307373046875 
648.00531005859375 128.22158813476562 427.59005737304688 
649.4326171875 127.13048553466797 428.44570922851562 
647.80645751953125 129.7972412109375 429.71664428710938 
648.74456787109375 128.27961730957031 430.6363525390625 
650.06658935546875 127.2103271484375 431.51168823242188 
648.59246826171875 129.75209045410156 432.725830078125 
649.4786376953125 128.34819030761719 433.69757080078125 
650.735107421875 127.27059936523438 434.58062744140625 
649.38336181640625 129.7103271484375 435.74917602539062 
650.22735595703125 128.3861083984375 436.74545288085938 
651.44598388671875 127.28194427490234 437.6231689453125 
650.1759033203125 129.63685607910156 438.79690551757812 
650.99755859375 128.37283325195312 439.78701782226562 
652.1719970703125 127.29317474365234 440.67428588867188 
650.9666748046875 129.58451843261719 441.8543701171875 
651.77960205078125 128.35025024414062 442.85940551757812 
652.9537353515625 127.28874969482422 443.76730346679688 
651.79498291015625 129.5140380859375 444.95367431640625 
652.62286376953125 128.28919982910156 445.96841430664062 
653.8121337890625 127.25827026367188 446.92495727539062 
652.66253662109375 129.41159057617188 448.11056518554688 
653.4749755859375 128.20376586914062 449.090576171875 
654.6895751953125 127.24333190917969 450.16067504882812 
653.5240478515625 129.30197143554688 451.35165405273438 
654.20849609375 128.14602661132812 451.7987060546875 
655.51312255859375 127.28804016113281 453.45083618164062 
654.37249755859375 129.32717895507812 454.64950561523438 
655.209716796875 128.20526123046875 455.7540283203125 
656.2681884765625 127.38376617431641 456.80694580078125 
655.22100830078125 129.48641967773438 457.99554443359375 
656.00006103515625 128.37722778320312 459.10769653320312 
656.997314453125 127.52468872070312 460.16854858398438 
656.08074951171875 129.67384338378906 461.35879516601562 
656.9637451171875 128.62167358398438 463.14788818359375 
621.91778564453125 129.77864074707031 293.228759765625 
619.2874755859375 131.41867065429688 293.65945434570312 
620.218994140625 130.49018859863281 291.87161254882812 
621.398193359375 129.95063781738281 290.0552978515625 
618.7620849609375 131.49310302734375 290.48727416992188 
619.69403076171875 130.61846923828125 288.71136474609375 
620.863525390625 130.12637329101562 286.89599609375 
618.24676513671875 131.58595275878906 287.30599975585938 
619.1678466796875 130.76435852050781 285.54745483398438 
620.36724853515625 130.30467224121094 283.73223876953125 
617.72137451171875 131.68914794921875 284.11465454101562 
618.639892578125 130.91706848144531 282.36444091796875 
657.7587890625 127.63836669921875 463.56002807617188 
656.9755859375 129.85054016113281 464.72872924804688 
657.6695556640625 128.72084045410156 465.91510009765625 
619.86669921875 130.50373840332031 280.5421142578125 
617.18792724609375 131.79377746582031 280.90985107421875 
618.1085205078125 131.08123779296875 279.16217041015625 
619.341552734375 130.71627807617188 277.34597778320312 
616.65911865234375 131.91429138183594 277.703369140625 
617.5709228515625 131.25152587890625 275.96432495117188 
616.155517578125 132.03762817382812 274.48870849609375 
617.10406494140625 131.40119934082031 272.83682250976562 
615.73150634765625 132.1424560546875 271.29238891601562 
616.8433837890625 131.48086547851562 270.15087890625 
618.79669189453125 130.91822814941406 274.12686157226562 
618.28765869140625 131.11090087890625 270.87924194335938 
658.570068359375 127.74555969238281 466.96994018554688 
657.8707275390625 129.96664428710938 468.11392211914062 
658.587158203125 128.62808227539062 469.11553955078125 
659.62646484375 127.61199951171875 470.35202026367188 
659.5087890625 128.35708618164062 471.85296630859375 
658.85711669921875 129.64373779296875 471.4722900390625 
660.6473388671875 127.58493804931641 473.73272705078125 
660.04180908203125 128.78103637695312 474.51107788085938 
615.58123779296875 132.05784606933594 268.04965209960938 
618.00146484375 131.29692077636719 267.63839721679688 
616.0205078125 131.78082275390625 264.754638671875 
661.570556640625 127.66654968261719 477.10171508789062 
684.72821044921875 137.20530700683594 531.88714599609375 
682.949951171875 137.73080444335938 532.70123291015625 
682.82763671875 139.52534484863281 531.4215087890625 
687.478515625 136.03994750976562 530.3387451171875 
689.10302734375 137.07284545898438 528.28436279296875 
681.01519775390625 137.99653625488281 533.47052001953125 
689.52813720703125 134.0623779296875 528.4892578125 
687.19354248046875 132.42868041992188 530.7164306640625 
686.11956787109375 135.0269775390625 531.62188720703125 
688.7489013671875 139.07728576660156 527.0406494140625 
672.327880859375 130.58978271484375 530.8302001953125 
673.2041015625 132.61863708496094 533.164794921875 
672.37579345703125 132.14666748046875 530.991943359375 
673.2567138671875 129.27262878417969 532.5028076171875 
671.74053955078125 131.56927490234375 528.625244140625 
611.96258544921875 132.97767639160156 217.11216735839844 
609.89019775390625 132.75518798828125 218.93850708007812 
610.57806396484375 132.75640869140625 216.21244812011719 
612.58319091796875 132.97366333007812 220.46969604492188 
609.8060302734375 132.84030151367188 221.99407958984375 
613.18963623046875 132.93515014648438 223.83790588378906 
610.34088134765625 132.85491943359375 225.15010070800781 
613.75341796875 132.92488098144531 227.195556640625 
610.9361572265625 132.84767150878906 228.41372680664062 
614.28759765625 132.90463256835938 230.59577941894531 
611.4761962890625 132.83871459960938 231.68490600585938 
614.8245849609375 132.88484191894531 233.97186279296875 
612.012939453125 132.81880187988281 234.97604370117188 
615.2947998046875 132.83346557617188 237.35887145996094 
612.523193359375 132.74961853027344 238.31094360351562 
615.7530517578125 132.73837280273438 240.74757385253906 
613.0234375 132.64178466796875 241.64349365234375 
616.242431640625 132.61627197265625 244.11370849609375 
613.50079345703125 132.52058410644531 244.99508666992188 
616.740234375 132.49668884277344 247.476318359375 
613.96893310546875 132.40531921386719 248.34060668945312 
617.18035888671875 132.34297180175781 250.85624694824219 
614.39886474609375 132.28436279296875 251.64932250976562 
617.63818359375 132.15948486328125 254.2220458984375 
614.833251953125 132.13845825195312 254.93727111816406 
618.1131591796875 131.97161865234375 257.53561401367188 
615.25238037109375 132.00502014160156 258.25665283203125 
615.66143798828125 131.88937377929688 261.54766845703125 
618.5953369140625 131.775146484375 260.85379028320312 
619.10833740234375 131.56910705566406 264.1298828125 
611.5985107421875 132.96934509277344 213.80426025390625 
602.941162109375 139.17292785644531 186.035888671875 
600.32989501953125 140.41256713867188 186.86502075195312 
601.00372314453125 141.73786926269531 184.25563049316406 
602.10321044921875 137.56571960449219 188.60028076171875 
599.975830078125 138.95329284667969 189.27386474609375 
601.6109619140625 136.13980102539062 191.02507019042969 
599.7725830078125 137.56700134277344 191.66279602050781 
601.46630859375 135.08992004394531 193.49159240722656 
599.71649169921875 136.63137817382812 194.01838684082031 
601.26885986328125 134.67840576171875 196.05294799804688 
599.827392578125 136.15577697753906 196.5692138671875 
601.3131103515625 134.64279174804688 198.76596069335938 
600.19537353515625 135.94610595703125 199.15591430664062 
601.66278076171875 134.56010437011719 201.69956970214844 
600.54949951171875 135.93585205078125 201.46990966796875 
601.32806396484375 135.48377990722656 204.03387451171875 
602.07891845703125 134.66714477539062 204.76023864746094 
602.5076904296875 135.0831298828125 207.77250671386719 
635.23876953125 134.54377746582031 374.9149169921875 
636.04888916015625 136.26399230957031 372.61001586914062 
634.54833984375 134.66250610351562 371.46859741210938 
636.7108154296875 136.15104675292969 376.04147338867188 
635.92095947265625 134.37394714355469 378.29714965820312 
637.396240234375 136.11320495605469 379.45733642578125 
636.596923828125 134.19430541992188 381.646240234375 
638.0059814453125 135.97946166992188 382.86102294921875 
637.33502197265625 134.14408874511719 384.979248046875 
638.6754150390625 135.80302429199219 386.31259155273438 
638.10809326171875 134.09988403320312 388.3345947265625 
639.3544921875 135.58511352539062 389.83953857421875 
638.8558349609375 133.96589660644531 391.77682495117188 
634.53192138671875 132.68955993652344 373.65036010742188 
635.2449951171875 132.56391906738281 376.94976806640625 
635.951416015625 132.4278564453125 380.2568359375 
636.68017578125 132.19709777832031 383.599365234375 
637.42657470703125 132.236572265625 386.90725708007812 
638.18829345703125 132.28131103515625 390.24105834960938 
639.96978759765625 135.30734252929688 393.42803955078125 
638.95355224609375 132.37057495117188 393.65972900390625 
639.5548095703125 133.71269226074219 395.20355224609375 
633.82940673828125 132.74554443359375 370.3077392578125 
635.4052734375 136.40480041503906 369.184326171875 
633.87359619140625 134.72317504882812 368.06097412109375 
633.13568115234375 132.75874328613281 367.012451171875 
634.6944580078125 136.48294067382812 365.69351196289062 
633.15093994140625 134.76411437988281 364.6998291015625 
632.39697265625 132.7694091796875 363.67523193359375 
632.343505859375 134.69551086425781 361.39678955078125 
631.63092041015625 132.82553100585938 360.2410888671875 
631.61163330078125 134.41822814941406 358.5921630859375 
633.84918212890625 136.50543212890625 362.22283935546875 
632.78277587890625 136.32478332519531 358.82440185546875 
631.32989501953125 135.21510314941406 355.91546630859375 
630.89935302734375 132.9444580078125 356.81491088867188 
630.19158935546875 133.05516052246094 353.51885986328125 
630.681640625 135.4588623046875 352.524169921875 
629.46673583984375 133.07467651367188 350.23013305664062 
630.04339599609375 135.626708984375 349.17459106445312 
628.745849609375 132.93359375 347.0196533203125 
629.4132080078125 135.76835632324219 345.81771850585938 
628.049560546875 132.75227355957031 343.83197021484375 
628.76922607421875 135.86587524414062 342.4766845703125 
627.3780517578125 133.23075866699219 340.51339721679688 
628.1097412109375 135.94865417480469 339.155517578125 
626.75006103515625 133.393310546875 337.24276733398438 
627.41778564453125 135.94493103027344 335.85491943359375 
626.0960693359375 133.38127136230469 333.97946166992188 
626.707275390625 135.91897583007812 332.598876953125 
625.39935302734375 133.33749389648438 330.69790649414062 
625.9549560546875 135.87136840820312 329.40249633789062 
624.72369384765625 133.30073547363281 327.436767578125 
625.08721923828125 135.59408569335938 326.15487670898438 
624.08935546875 133.28669738769531 324.21942138671875 
624.27801513671875 135.28326416015625 322.91494750976562 
623.47906494140625 133.27438354492188 320.98236083984375 
623.701171875 135.43272399902344 319.70382690429688 
622.89324951171875 133.29489135742188 317.80584716796875 
623.11907958984375 135.55430603027344 316.55990600585938 
622.3218994140625 133.30552673339844 314.65512084960938 
622.52557373046875 135.62153625488281 313.4498291015625 
621.76483154296875 133.29423522949219 311.576904296875 
621.917724609375 135.62068176269531 310.32147216796875 
621.1856689453125 133.27738952636719 308.50048828125 
621.2674560546875 135.57664489746094 307.15347290039062 
620.557373046875 133.26284790039062 305.408203125 
620.5738525390625 135.55522155761719 303.9715576171875 
619.93792724609375 133.27767944335938 302.3494873046875 
619.901611328125 135.52542114257812 300.865234375 
619.34942626953125 133.27560424804688 299.28225708007812 
619.2984619140625 135.49537658691406 297.83355712890625 
618.79296875 133.25440979003906 296.21893310546875 
618.7177734375 135.41824340820312 294.79348754882812 
618.2589111328125 133.27359008789062 293.12088012695312 
618.0894775390625 135.42172241210938 291.62564086914062 
617.69708251953125 133.31228637695312 289.97805786132812 
617.40985107421875 135.281005859375 288.41635131835938 
617.133544921875 133.36784362792969 286.7989501953125 
616.75396728515625 135.14065551757812 285.188232421875 
616.57232666015625 133.42239379882812 283.62213134765625 
616.15069580078125 135.11216735839844 281.95196533203125 
616.01715087890625 133.49125671386719 280.42416381835938 
615.63372802734375 135.48085021972656 278.77719116210938 
615.47369384765625 133.60189819335938 277.23565673828125 
615.10748291015625 135.71726989746094 275.599853515625 
614.96063232421875 133.72450256347656 274.07000732421875 
614.54083251953125 135.83537292480469 272.34884643554688 
614.4417724609375 133.85038757324219 270.90673828125 
613.9490966796875 135.93843078613281 269.01495361328125 
613.90252685546875 133.95645141601562 267.68338012695312 
613.321533203125 136.006103515625 265.6046142578125 
613.364501953125 134.00648498535156 264.39248657226562 
612.692626953125 136.02606201171875 262.18795776367188 
612.82574462890625 134.04803466796875 261.06790161132812 
612.09228515625 136.07537841796875 258.8973388671875 
612.2760009765625 134.11834716796875 257.70816040039062 
611.50897216796875 136.15367126464844 255.53617858886719 
611.73150634765625 134.18402099609375 254.31898498535156 
610.910888671875 136.21748352050781 252.14555358886719 
611.201416015625 134.21490478515625 250.95269775390625 
610.317138671875 136.24708557128906 248.74246215820312 
610.67034912109375 134.28199768066406 247.57469177246094 
609.7254638671875 136.31611633300781 245.3336181640625 
610.133056640625 134.36320495605469 244.17958068847656 
609.1226806640625 136.41567993164062 241.90153503417969 
609.54638671875 134.47981262207031 240.752685546875 
608.49981689453125 136.52117919921875 238.42784118652344 
608.92218017578125 134.60560607910156 237.28877258300781 
607.857177734375 136.62852478027344 234.92410278320312 
608.29656982421875 134.72169494628906 233.81239318847656 
607.20013427734375 136.67050170898438 231.37895202636719 
607.68701171875 134.7958984375 230.32748413085938 
606.54071044921875 136.65040588378906 227.86898803710938 
607.08245849609375 134.78274536132812 226.87289428710938 
605.84716796875 136.60780334472656 224.3739013671875 
606.41094970703125 134.74850463867188 223.47805786132812 
605.12933349609375 136.582275390625 220.99940490722656 
605.8583984375 134.56986999511719 220.2152099609375 
604.35284423828125 136.67510986328125 217.7080078125 
605.31805419921875 134.40451049804688 217.09239196777344 
603.5374755859375 136.7752685546875 214.54283142089844 
604.39373779296875 134.63337707519531 213.96762084960938 
602.74786376953125 136.76383972167969 211.4810791015625 
603.4639892578125 134.84925842285156 210.82974243164062 
601.95428466796875 136.67332458496094 208.46926879882812 
601.1357421875 136.71133422851562 205.56690979003906 
600.33135986328125 136.92103576660156 202.69261169433594 
599.5804443359375 137.33554077148438 199.79983520507812 
598.94488525390625 137.88972473144531 197.12815856933594 
598.59747314453125 138.43220520019531 194.75161743164062 
598.44378662109375 139.37322998046875 192.38789367675781 
598.3841552734375 140.60035705566406 190.001220703125 
598.41583251953125 141.93560791015625 187.55067443847656 
603.91998291015625 140.7481689453125 183.41795349121094 
602.392333984375 142.69793701171875 181.98072814941406 
640.5357666015625 134.89198303222656 396.968994140625 
639.70843505859375 132.290283203125 397.0474853515625 
640.1475830078125 133.48518371582031 398.0213623046875 
598.67132568359375 143.23899841308594 184.90327453613281 
599.55767822265625 144.68692016601562 181.95848083496094 
641.1038818359375 134.41178894042969 400.27740478515625 
640.48236083984375 132.3505859375 400.29605102539062 
641.2706298828125 132.54988098144531 403.46817016601562 
681.82080078125 130.18345642089844 534.4676513671875 
683.23016357421875 132.99273681640625 533.9005126953125 
680.73126220703125 132.83740234375 535.58447265625 
684.8740234375 131.63273620605469 532.47705078125 
684.115234375 128.966552734375 532.13995361328125 
682.08978271484375 127.29294586181641 532.75030517578125 
680.167236328125 127.50902557373047 534.0489501953125 
679.4324951171875 130.46334838867188 535.85333251953125 
683.00787353515625 135.30389404296875 533.720458984375 
678.3470458984375 133.15715026855469 536.46942138671875 
680.49224853515625 135.35751342773438 535.2513427734375 
677.30865478515625 130.59445190429688 536.27264404296875 
678.14508056640625 128.02976989746094 535.11370849609375 
686.80767822265625 130.24693298339844 530.3399658203125 
685.9049072265625 128.00550842285156 529.89215087890625 
683.7200927734375 126.13003540039062 530.48260498046875 
681.58038330078125 124.85031890869141 531.00994873046875 
678.9683837890625 125.18275451660156 532.59912109375 
678.611572265625 136.29815673828125 535.34320068359375 
676.854736328125 126.37347412109375 533.86328125 
675.931884765625 128.43881225585938 534.96588134765625 
675.36590576171875 130.59091186523438 535.578369140625 
675.82183837890625 132.52949523925781 536.11279296875 
676.44903564453125 134.73190307617188 535.9105224609375 
671.16754150390625 137.0020751953125 496.6875 
673.04150390625 137.06477355957031 498.27584838867188 
672.1839599609375 136.86740112304688 495.5888671875 
671.876953125 137.26356506347656 500.10696411132812 
673.85504150390625 137.35353088378906 500.90481567382812 
672.63427734375 137.57855224609375 503.3768310546875 
673.7911376953125 138.05479431152344 506.387451171875 
675.35791015625 138.73977661132812 509.33102416992188 
677.2459716796875 139.57109069824219 512.0859375 
678.984619140625 140.38870239257812 514.8328857421875 
680.4051513671875 141.17807006835938 517.63372802734375 
681.68853759765625 141.87030029296875 520.590576171875 
682.4359130859375 142.34893798828125 523.67376708984375 
682.29962158203125 142.07453918457031 526.94158935546875 
681.54046630859375 141.29690551757812 529.12548828125 
680.2296142578125 140.34518432617188 531.02081298828125 
678.7547607421875 138.27398681640625 533.71319580078125 
670.48736572265625 136.83612060546875 493.3797607421875 
677.65692138671875 138.69122314453125 533.000244140625 
676.8294677734375 137.01078796386719 534.606689453125 
649.83514404296875 128.93191528320312 392.11517333984375 
651.75250244140625 131.44403076171875 391.54632568359375 
652.0543212890625 130.74949645996094 394.78131103515625 
649.40924072265625 129.19686889648438 388.90594482421875 
651.0887451171875 131.6700439453125 388.33901977539062 
648.95404052734375 129.48524475097656 385.67172241210938 
650.45849609375 131.94155883789062 385.13626098632812 
648.494384765625 129.71910095214844 382.32763671875 
647.98394775390625 129.97125244140625 378.99588012695312 
649.81353759765625 132.23365783691406 381.86886596679688 
647.39019775390625 130.20101928710938 375.63211059570312 
649.1510009765625 132.47509765625 378.5621337890625 
646.76483154296875 130.38641357421875 372.1927490234375 
648.458740234375 132.69183349609375 375.19537353515625 
646.1708984375 130.52093505859375 368.76522827148438 
647.7891845703125 132.84906005859375 371.89205932617188 
647.1209716796875 132.95327758789062 368.554931640625 
645.54498291015625 130.62648010253906 365.39144897460938 
643.16943359375 131.89328002929688 351.54171752929688 
642.4189453125 132.11820983886719 348.00973510742188 
643.51593017578125 133.33294677734375 351.55813598632812 
644.263427734375 133.31169128417969 355.03317260742188 
645.02423095703125 133.17991638183594 358.51101684570312 
643.83929443359375 131.530517578125 355.21530151367188 
644.43145751953125 131.16499328613281 358.74069213867188 
645.728759765625 132.99998474121094 361.8614501953125 
643.8201904296875 129.35591125488281 362.17898559570312 
646.42340087890625 132.952392578125 365.19070434570312 
650.5299072265625 128.92422485351562 395.19366455078125 
651.787841796875 129.49485778808594 397.98745727539062 
640.78680419921875 129.40934753417969 348.31024169921875 
642.20819091796875 130.62167358398438 350.23812866210938 
640.28143310546875 129.72686767578125 344.84683227539062 
641.7147216796875 132.27491760253906 344.63458251953125 
639.732421875 129.98008728027344 341.49639892578125 
641.0531005859375 132.50750732421875 341.357421875 
639.07684326171875 130.1253662109375 338.13180541992188 
640.363037109375 132.80093383789062 338.09262084960938 
638.37335205078125 130.19528198242188 334.74069213867188 
639.68670654296875 133.0513916015625 334.7647705078125 
638.80499267578125 131.77925109863281 332.72222900390625 
637.668701171875 130.31967163085938 331.30377197265625 
638.18255615234375 131.97235107421875 329.63082885742188 
639.01336669921875 133.32521057128906 331.3336181640625 
638.26165771484375 133.47459411621094 327.83673095703125 
637.02825927734375 130.59255981445312 327.82369995117188 
637.51312255859375 132.17584228515625 326.34896850585938 
641.26971435546875 129.067138671875 351.966796875 
642.72247314453125 130.32054138183594 353.51870727539062 
637.5 133.48599243164062 324.40090942382812 
636.43212890625 130.93130493164062 324.34469604492188 
636.83636474609375 132.27281188964844 323.17486572265625 
643.288330078125 130.10269165039062 356.76882934570312 
641.81292724609375 128.81399536132812 355.6419677734375 
642.6591796875 128.88475036621094 359.04226684570312 
636.75933837890625 133.41911315917969 321.072509765625 
635.8309326171875 131.22531127929688 320.98971557617188 
635.21002197265625 131.48912048339844 317.73486328125 
630.1624755859375 136.44625854492188 289.18624877929688 
629.66949462890625 137.49880981445312 286.78207397460938 
630.82037353515625 136.55355834960938 292.28945922851562 
631.46685791015625 136.56684875488281 295.38592529296875 
632.1085205078125 136.47392272949219 298.4727783203125 
632.74627685546875 136.31390380859375 301.567138671875 
633.38031005859375 136.18098449707031 304.648193359375 
634.02435302734375 136.0814208984375 307.74102783203125 
634.68182373046875 135.97679138183594 310.83935546875 
634.75579833984375 136.9847412109375 312.61416625976562 
635.3533935546875 135.75665283203125 313.94683837890625 
635.3154296875 136.89949035644531 315.55255126953125 
636.03662109375 135.51228332519531 317.08953857421875 
635.864013671875 136.86386108398438 318.580322265625 
636.6715087890625 135.63137817382812 320.25173950195312 
636.36676025390625 136.94575500488281 321.6903076171875 
629.50970458984375 136.32435607910156 286.18719482421875 
629.05499267578125 137.17263793945312 283.98431396484375 
637.22882080078125 135.90226745605469 323.40057373046875 
637.90899658203125 135.71182250976562 326.64227294921875 
638.5997314453125 135.569091796875 329.96725463867188 
639.31390380859375 135.42683410644531 333.34628295898438 
640.03131103515625 135.2677001953125 336.71942138671875 
640.75189208984375 135.12274169921875 340.01593017578125 
641.4656982421875 135.01467895507812 343.28140258789062 
642.16796875 134.99447631835938 346.6041259765625 
642.8826904296875 135.07530212402344 349.98434448242188 
643.54833984375 135.19194030761719 353.4832763671875 
644.26690673828125 135.18238830566406 356.91387939453125 
645.00299072265625 135.09756469726562 360.28155517578125 
645.73846435546875 134.99896240234375 363.65618896484375 
646.43096923828125 134.97700500488281 367.04791259765625 
647.1011962890625 135.01072692871094 370.440185546875 
647.814453125 135.02168273925781 373.81790161132812 
648.55780029296875 134.98187255859375 377.13455200195312 
649.2950439453125 134.86776733398438 380.43972778320312 
649.98577880859375 134.74261474609375 383.68637084960938 
650.68365478515625 134.76811218261719 386.95733642578125 
651.3804931640625 134.86552429199219 390.19143676757812 
652.02191162109375 134.96621704101562 393.46978759765625 
652.64776611328125 135.03410339355469 396.7265625 
653.29595947265625 135.04100036621094 400.0281982421875 
654.017578125 134.97096252441406 403.2982177734375 
654.76934814453125 134.84786987304688 406.47073364257812 
655.5201416015625 134.69682312011719 409.56887817382812 
656.26116943359375 134.5567626953125 412.6343994140625 
656.9761962890625 134.45561218261719 415.73626708984375 
657.6650390625 134.39085388183594 418.8721923828125 
658.36279296875 134.34213256835938 421.98541259765625 
659.02252197265625 134.27742004394531 425.1014404296875 
659.672607421875 134.21293640136719 428.21640014648438 
660.381103515625 134.16365051269531 431.32809448242188 
661.127685546875 134.14215087890625 434.43389892578125 
661.84912109375 134.14878845214844 437.5953369140625 
662.55487060546875 134.12603759765625 440.80899047851562 
663.293212890625 134.05690002441406 444.06793212890625 
664.07275390625 133.94636535644531 447.32699584960938 
664.8548583984375 133.82240295410156 450.57989501953125 
665.61236572265625 133.7071533203125 453.866455078125 
666.34881591796875 133.61796569824219 457.1802978515625 
667.087646484375 133.59091186523438 460.51812744140625 
667.83795166015625 133.63325500488281 463.87677001953125 
668.6431884765625 133.62013244628906 467.26034545898438 
669.501953125 133.54682922363281 470.6575927734375 
670.40557861328125 133.532470703125 474.06536865234375 
671.32281494140625 133.5711669921875 477.51901245117188 
672.232666015625 133.64926147460938 480.93319702148438 
673.13897705078125 133.69654846191406 484.26602172851562 
674.14788818359375 133.66497802734375 487.53787231445312 
675.29705810546875 133.56398010253906 490.89276123046875 
676.511474609375 133.53056335449219 494.27450561523438 
677.745849609375 133.60501098632812 497.580322265625 
679.02691650390625 133.84980773925781 500.75860595703125 
680.4866943359375 134.14675903320312 503.81826782226562 
682.055908203125 134.49810791015625 506.62008666992188 
683.692138671875 134.99488830566406 509.31948852539062 
685.3131103515625 135.67744445800781 511.95205688476562 
686.82281494140625 136.48239135742188 514.60223388671875 
688.09967041015625 137.25289916992188 517.358154296875 
689.16839599609375 137.80421447753906 520.084228515625 
689.848876953125 138.04910278320312 522.7947998046875 
690.00054931640625 137.99763488769531 525.4410400390625 
619.700927734375 131.33981323242188 267.31756591796875 
620.35662841796875 131.14022827148438 270.52072143554688 
621.0499267578125 130.93710327148438 273.7786865234375 
621.66802978515625 130.69136047363281 277.00839233398438 
622.2293701171875 130.42430114746094 280.18350219726562 
622.7779541015625 130.16073608398438 283.32522583007812 
623.33074951171875 129.91677856445312 286.4678955078125 
623.9140625 129.68052673339844 289.5938720703125 
624.5120849609375 129.44656372070312 292.71829223632812 
625.06097412109375 129.21096801757812 295.84390258789062 
625.5216064453125 128.97088623046875 298.99044799804688 
625.916259765625 128.7322998046875 302.21890258789062 
626.3660888671875 128.51811218261719 305.49655151367188 
626.841796875 128.32722473144531 308.751953125 
627.365234375 128.14277648925781 312.02081298828125 
627.9237060546875 127.98027801513672 315.33489990234375 
628.47296142578125 127.83982849121094 318.67434692382812 
629.00982666015625 127.70851898193359 321.997802734375 
629.6043701171875 127.58072662353516 325.3477783203125 
630.184814453125 127.446044921875 328.71200561523438 
630.739013671875 127.31894683837891 332.096435546875 
631.3685302734375 127.23902893066406 335.53741455078125 
632.10614013671875 127.16117095947266 339.03903198242188 
632.8607177734375 127.05225372314453 342.59307861328125 
633.69512939453125 126.92572784423828 346.00631713867188 
636.10015869140625 126.80880737304688 349.28680419921875 
636.516845703125 126.70728302001953 352.68521118164062 
636.9605712890625 126.64777374267578 356.1036376953125 
637.361083984375 126.62538146972656 359.4580078125 
637.75347900390625 126.61203765869141 362.83871459960938 
638.24688720703125 126.62868499755859 366.24655151367188 
638.80645751953125 126.62291717529297 369.6629638671875 
639.4451904296875 126.55952453613281 373.00625610351562 
640.14520263671875 126.52053833007812 376.28469848632812 
640.8306884765625 126.53053283691406 379.59832763671875 
641.5308837890625 126.53964233398438 382.98666381835938 
642.68255615234375 126.52039337158203 385.08343505859375 
644.19610595703125 126.62726593017578 386.60430908203125 
644.10552978515625 126.50587463378906 389.81112670898438 
644.08343505859375 126.46737670898438 392.924072265625 
644.697998046875 126.47525024414062 395.90780639648438 
645.44873046875 126.46980285644531 398.94900512695312 
645.96038818359375 126.42888641357422 402.14187622070312 
646.54144287109375 126.38009643554688 405.3807373046875 
647.18316650390625 126.35994720458984 408.60214233398438 
647.84716796875 126.38104248046875 411.80804443359375 
648.55950927734375 126.41030120849609 414.97613525390625 
617.185302734375 135.67073059082031 220.06385803222656 
618.5784912109375 137.262451171875 222.68086242675781 
617.74334716796875 135.74073791503906 223.32536315917969 
618.39447021484375 137.83221435546875 219.24581909179688 
618.16705322265625 138.0535888671875 215.90293884277344 
616.6976318359375 135.63099670410156 216.82473754882812 
618.0025634765625 137.96879577636719 212.70863342285156 
616.35614013671875 135.58525085449219 213.60964965820312 
617.78509521484375 137.47950744628906 209.66412353515625 
616.14892578125 135.44960021972656 210.37432861328125 
617.7164306640625 137.18101501464844 206.57142639160156 
616.0926513671875 135.35983276367188 207.14701843261719 
616.11767578125 135.35554504394531 204.04364013671875 
617.84063720703125 137.15805053710938 203.27134704589844 
616.1671142578125 135.36323547363281 200.76214599609375 
618.0418701171875 137.21122741699219 199.94206237792969 
616.22808837890625 135.41580200195312 197.54490661621094 
618.28204345703125 137.38381958007812 196.61360168457031 
616.20135498046875 135.60597229003906 194.64381408691406 
618.2685546875 137.64738464355469 193.56094360351562 
615.88885498046875 136.04991149902344 191.90145874023438 
617.74761962890625 138.12733459472656 190.71180725097656 
615.14056396484375 136.60076904296875 189.28631591796875 
616.7742919921875 138.71125793457031 187.98927307128906 
614.02667236328125 137.39402770996094 186.8079833984375 
615.46417236328125 139.56298828125 185.33354187011719 
612.68621826171875 138.58308410644531 184.49635314941406 
613.98297119140625 140.8433837890625 182.93049621582031 
611.22161865234375 140.01148986816406 182.51104736328125 
612.38385009765625 142.54710388183594 181.02890014648438 
609.7518310546875 141.60470581054688 180.96125793457031 
618.26806640625 135.8154296875 226.54869079589844 
641.1600341796875 127.26509857177734 363.59393310546875 
641.03277587890625 126.96076965332031 366.8896484375 
640.8262939453125 127.38025665283203 360.43951416015625 
639.82806396484375 127.23458862304688 357.26019287109375 
639.33587646484375 127.38764953613281 353.84848022460938 
638.9193115234375 127.58365631103516 350.3348388671875 
638.51861572265625 127.80636596679688 346.88912963867188 
635.7392578125 126.95883178710938 345.90704345703125 
638.07421875 128.02865600585938 343.50888061523438 
635.378173828125 127.11846923828125 342.37203979492188 
637.5706787109375 128.24578857421875 340.07077026367188 
634.98333740234375 127.27088928222656 338.73583984375 
636.9844970703125 128.38124084472656 336.60983276367188 
634.4681396484375 127.35777282714844 335.17904663085938 
636.3277587890625 128.48892211914062 333.18612670898438 
633.9375 127.48394012451172 331.71701049804688 
635.71575927734375 128.66275024414062 329.82244873046875 
633.4140625 127.674072265625 328.311767578125 
635.1495361328125 128.89662170410156 326.47686767578125 
632.88153076171875 127.87106323242188 324.91079711914062 
634.5994873046875 129.15928649902344 323.1014404296875 
632.32073974609375 128.09165954589844 321.49801635742188 
634.04278564453125 129.41131591796875 319.75839233398438 
631.7603759765625 128.30067443847656 318.13943481445312 
633.4783935546875 129.64549255371094 316.5322265625 
631.170166015625 128.51863098144531 314.84906005859375 
632.90673828125 129.90020751953125 313.36819458007812 
630.56903076171875 128.75445556640625 311.552001953125 
632.29974365234375 130.16798400878906 310.18048095703125 
629.975341796875 128.99624633789062 308.255859375 
631.6900634765625 130.422607421875 306.95889282226562 
629.34674072265625 129.22651672363281 304.951171875 
631.07763671875 130.67677307128906 303.70208740234375 
628.7081298828125 129.44282531738281 301.651611328125 
630.46295166015625 130.92581176757812 300.51559448242188 
628.07647705078125 129.68136596679688 298.42929077148438 
629.840576171875 131.15785217285156 297.38833618164062 
627.4342041015625 129.90086364746094 295.26727294921875 
629.2001953125 131.36531066894531 294.27627563476562 
626.7796630859375 130.10786437988281 292.144775390625 
628.57550048828125 131.58486938476562 291.22549438476562 
626.17095947265625 130.34417724609375 289.05804443359375 
627.98602294921875 131.85745239257812 288.23040771484375 
625.60589599609375 130.61601257324219 285.96841430664062 
627.43231201171875 132.18840026855469 285.23382568359375 
625.06622314453125 130.92527770996094 282.87353515625 
626.91143798828125 132.556396484375 282.22705078125 
624.51788330078125 131.21855163574219 279.7713623046875 
626.40142822265625 132.91944885253906 279.18487548828125 
623.94793701171875 131.46220397949219 276.63079833984375 
625.83697509765625 133.20906066894531 276.103271484375 
623.316162109375 131.68148803710938 273.45620727539062 
625.220458984375 133.42271423339844 273.03128051757812 
622.67041015625 131.90904235839844 270.25662231445312 
624.61749267578125 133.61280822753906 269.92236328125 
622.02972412109375 132.13067626953125 267.065185546875 
624.0269775390625 133.80390930175781 266.762451171875 
621.41192626953125 132.3583984375 263.851318359375 
623.4349365234375 134.03736877441406 263.54031372070312 
620.85125732421875 132.56684875488281 260.580810546875 
622.90765380859375 134.30531311035156 260.22637939453125 
620.37542724609375 132.80567932128906 257.2552490234375 
622.4268798828125 134.60130310058594 256.93380737304688 
619.98724365234375 133.10450744628906 253.90225219726562 
621.9857177734375 134.9654541015625 253.69036865234375 
621.52423095703125 135.20860290527344 250.42338562011719 
619.5755615234375 133.35952758789062 250.53350830078125 
621.07733154296875 135.37625122070312 247.13153076171875 
619.13397216796875 133.55323791503906 247.17276000976562 
620.61956787109375 135.49496459960938 243.75421142578125 
618.7265625 133.69956970214844 243.84431457519531 
620.15997314453125 135.58601379394531 240.28396606445312 
618.28515625 133.80055236816406 240.53219604492188 
619.70599365234375 135.6722412109375 236.78587341308594 
617.84722900390625 133.89736938476562 237.19422912597656 
619.24505615234375 135.71214294433594 233.32292175292969 
617.3721923828125 133.96871948242188 233.80618286132812 
618.75115966796875 135.75840759277344 229.92279052734375 
616.85565185546875 133.9935302734375 230.39120483398438 
616.346435546875 134.00869750976562 226.953125 
615.784423828125 134.01991271972656 223.5528564453125 
615.20318603515625 134.05422973632812 220.180419921875 
614.67523193359375 134.096923828125 216.794921875 
614.24615478515625 134.05699157714844 213.47752380371094 
613.97772216796875 133.951904296875 210.10659790039062 
613.958251953125 133.93788146972656 206.73385620117188 
613.85430908203125 133.99629211425781 203.43695068359375 
613.78277587890625 134.048095703125 200.09844970703125 
613.72137451171875 134.14695739746094 196.85781860351562 
613.40631103515625 134.39262390136719 193.8319091796875 
612.8529052734375 134.9312744140625 190.97157287597656 
611.98382568359375 135.75898742675781 188.35423278808594 
610.65692138671875 137.00079345703125 185.98265075683594 
609.10797119140625 138.6253662109375 183.91145324707031 
607.5216064453125 140.40484619140625 182.23114013671875 
641.595703125 126.92258453369141 370.14349365234375 
642.31536865234375 126.90902709960938 373.37896728515625 
642.96826171875 126.86086273193359 376.62319946289062 
643.53466796875 126.79634094238281 379.9248046875 
643.97296142578125 126.73856353759766 383.2608642578125 
607.274169921875 132.49723815917969 207.90718078613281 
606.3712158203125 132.81938171386719 210.1451416015625 
605.376953125 132.96011352539062 207.95341491699219 
604.2939453125 133.69172668457031 209.30850219726562 
606.951416015625 132.47520446777344 202.18641662597656 
609.46319580078125 132.57917785644531 204.00161743164062 
607.3358154296875 132.42465209960938 205.13018798828125 
609.0601806640625 132.67276000976562 200.85368347167969 
611.59063720703125 133.17424011230469 202.14979553222656 
611.912109375 133.13032531738281 205.43080139160156 
609.93585205078125 132.58137512207031 207.55244445800781 
609.0762939453125 132.52969360351562 210.90750122070312 
605.304443359375 132.80863952636719 205.74404907226562 
607.28399658203125 132.79306030273438 212.98089599609375 
605.1361083984375 133.58958435058594 212.10398864746094 
603.7186279296875 133.6185302734375 206.61514282226562 
605.00213623046875 132.78765869140625 203.00991821289062 
603.356689453125 133.48355102539062 203.82255554199219 
606.66119384765625 132.63568115234375 199.30036926269531 
604.6982421875 132.88227844238281 200.18522644042969 
603.034912109375 133.51887512207031 200.93707275390625 
602.83349609375 133.65110778808594 198.0604248046875 
604.72576904296875 133.04762268066406 197.39947509765625 
606.6431884765625 132.83360290527344 196.90298461914062 
608.73907470703125 132.8453369140625 197.8524169921875 
611.34063720703125 133.25758361816406 198.96934509277344 
603.0740966796875 133.802490234375 195.25857543945312 
605.5426025390625 133.25096130371094 194.88980102539062 
608.203125 133.11447143554688 195.13481140136719 
611.0201416015625 133.41783142089844 195.90469360351562 
609.3563232421875 132.63114929199219 213.90557861328125 
606.08544921875 133.46086120605469 215.21998596191406 
608.33282470703125 132.78363037109375 216.03968811035156 
607.39166259765625 133.64263916015625 192.68598937988281 
610.4888916015625 133.76437377929688 193.11460876464844 
604.0240478515625 134.31076049804688 192.36141967773438 
606.6435546875 134.60525512695312 190.27635192871094 
609.80169677734375 134.44261169433594 190.54324340820312 
604.05877685546875 135.64677429199219 189.63700866699219 
606.26849365234375 135.74287414550781 188.31291198730469 
608.90625 135.50698852539062 188.17814636230469 
604.62603759765625 137.15188598632812 187.22735595703125 
607.58251953125 136.92842102050781 186.25833129882812 
607.3193359375 133.29521179199219 218.95242309570312 
671.079833984375 131.1949462890625 525.63250732421875 
671.34954833984375 128.3111572265625 526.2891845703125 
671.73541259765625 129.35751342773438 528.39520263671875 
670.85003662109375 128.36065673828125 524.070556640625 
607.7982177734375 133.46694946289062 222.64347839355469 
608.39764404296875 133.51707458496094 225.94660949707031 
608.98712158203125 133.50358581542969 229.27598571777344 
609.54351806640625 133.45936584472656 232.63290405273438 
610.18072509765625 133.3826904296875 236.02410888671875 
610.814453125 133.28314208984375 239.45162963867188 
611.3809814453125 133.1669921875 242.84930419921875 
611.89141845703125 133.05593872070312 246.22346496582031 
612.37066650390625 132.94625854492188 249.55976867675781 
612.8204345703125 132.88616943359375 252.91226196289062 
613.289794921875 132.81788635253906 256.30148315429688 
613.7498779296875 132.74850463867188 259.640380859375 
614.14898681640625 132.70545959472656 262.8660888671875 
614.3802490234375 132.78030395507812 265.6005859375 
653.7093505859375 130.50143432617188 452.9158935546875 
653.04888916015625 130.53166198730469 450.40725708007812 
654.36016845703125 130.53497314453125 455.4254150390625 
670.52630615234375 131.03060913085938 522.806884765625 
670.398193359375 128.32821655273438 521.287841796875 
670.02203369140625 131.19602966308594 519.779296875 
669.98980712890625 128.4906005859375 518.40118408203125 
669.568359375 131.44035339355469 516.63787841796875 
669.59759521484375 128.70683288574219 515.40142822265625 
669.13104248046875 131.66105651855469 513.50787353515625 
669.15008544921875 128.91792297363281 512.36700439453125 
668.63421630859375 131.66987609863281 510.32980346679688 
668.59405517578125 129.09475708007812 509.174072265625 
668.05218505859375 131.590087890625 507.07974243164062 
667.9666748046875 129.17851257324219 505.8836669921875 
667.35858154296875 131.532958984375 503.77151489257812 
667.2474365234375 129.24134826660156 502.5057373046875 
666.60546875 131.55416870117188 500.42788696289062 
666.45050048828125 129.36994934082031 499.09686279296875 
665.7818603515625 131.67611694335938 497.11019897460938 
665.570068359375 129.53068542480469 495.7161865234375 
664.938720703125 131.86927795410156 493.75936889648438 
664.64202880859375 129.66902160644531 492.35284423828125 
664.08782958984375 132.01335144042969 490.373779296875 
663.72698974609375 129.76408386230469 488.98257446289062 
663.19647216796875 132.08061218261719 486.94320678710938 
662.79705810546875 129.85929870605469 485.54257202148438 
662.2891845703125 132.12074279785156 483.53695678710938 
661.84014892578125 129.94332885742188 482.08010864257812 
661.36065673828125 132.15242004394531 480.22052001953125 
660.87005615234375 129.84046936035156 478.57180786132812 
660.3780517578125 132.21446228027344 476.84878540039062 
659.41412353515625 132.2462158203125 473.49807739257812 
658.52606201171875 132.29754638671875 470.2081298828125 
651.71649169921875 131.87580871582031 445.149169921875 
650.91021728515625 131.89595031738281 442.18450927734375 
650.13360595703125 131.95523071289062 439.248046875 
649.35186767578125 131.96011352539062 436.29925537109375 
648.54669189453125 131.76982116699219 433.32501220703125 
647.8089599609375 131.93363952636719 430.40554809570312 
647.0892333984375 132.13897705078125 427.52359008789062 
646.35479736328125 132.23573303222656 424.62078857421875 
645.62750244140625 132.34822082519531 421.62747192382812 
644.91241455078125 132.47077941894531 418.56173706054688 
644.217041015625 132.61030578613281 415.51165771484375 
643.5211181640625 132.72926330566406 412.5040283203125 
642.78363037109375 132.77101135253906 409.52947998046875 
642.02154541015625 132.70956420898438 406.51296997070312 
611.7379150390625 133.01264953613281 210.44314575195312 
662.32330322265625 127.89087677001953 480.45236206054688 
663.17828369140625 127.97477722167969 483.94625854492188 
612.63916015625 133.31980895996094 208.40681457519531 
605.8565673828125 138.73187255859375 184.63201904296875 
664.12664794921875 127.87404632568359 487.42764282226562 
665.0679931640625 127.76644134521484 490.76058959960938 
665.99560546875 127.66477966308594 494.11737060546875 
666.89849853515625 127.52691650390625 497.5184326171875 
667.7540283203125 127.33535766601562 500.96209716796875 
668.5174560546875 127.13550567626953 504.45263671875 
669.1839599609375 126.95217895507812 507.816650390625 
669.76055908203125 126.72713470458984 510.97561645507812 
670.23968505859375 126.43529510498047 514.00775146484375 
670.54949951171875 126.21605682373047 516.9761962890625 
670.86395263671875 126.05390930175781 519.83856201171875 
671.27947998046875 125.96063995361328 522.546142578125 
671.69024658203125 126.23640441894531 525.18975830078125 
672.2523193359375 126.94102478027344 528.11376953125 
672.7030029296875 127.91726684570312 530.44537353515625 
628.65283203125 128.36836242675781 310.15170288085938 
628.1221923828125 128.57269287109375 306.93939208984375 
629.21185302734375 128.16464233398438 313.43807983398438 
629.77862548828125 127.96211242675781 316.75656127929688 
630.32940673828125 127.77456665039062 320.09042358398438 
630.896240234375 127.5968017578125 323.4315185546875 
631.48651123046875 127.43336486816406 326.80215454101562 
632.01507568359375 127.27193450927734 330.17581176757812 
632.5469970703125 127.15006256103516 333.59027099609375 
633.137939453125 127.09529876708984 337.021484375 
633.70941162109375 127.03448486328125 340.47784423828125 
627.5804443359375 128.78169250488281 303.75479125976562 
634.24566650390625 126.93549346923828 343.85739135742188 
627.056396484375 128.99653625488281 300.70263671875 
689.5081787109375 131.88819885253906 528.1153564453125 
688.8006591796875 129.53645324707031 527.6693115234375 
686.71173095703125 126.57958984375 527.5506591796875 
685.1903076171875 126.029296875 528.85662841796875 
684.21112060546875 124.57126617431641 528.038818359375 
618.4820556640625 139.0859375 207.96360778808594 
618.57763671875 140.65606689453125 209.50798034667969 
618.3663330078125 138.99812316894531 210.53080749511719 
618.84259033203125 141.07099914550781 206.33674621582031 
618.67724609375 139.10014343261719 204.79847717285156 
619.1829833984375 141.29469299316406 203.05520629882812 
618.96685791015625 139.18280029296875 201.52561950683594 
619.48089599609375 141.51019287109375 199.88575744628906 
619.26092529296875 139.37043762207031 198.29971313476562 
619.70550537109375 141.68170166015625 196.69528198242188 
619.46307373046875 139.62156677246094 195.15478515625 
619.7408447265625 142.02378845214844 193.72172546386719 
619.25994873046875 140.04621887207031 192.24569702148438 
619.3236083984375 142.42134094238281 190.93635559082031 
618.5992431640625 140.51240539550781 189.52908325195312 
618.45556640625 142.78648376464844 188.22642517089844 
617.50433349609375 140.93536376953125 186.90721130371094 
617.23724365234375 142.96070861816406 185.64639282226562 
616.2071533203125 141.33888244628906 184.72299194335938 
618.4095458984375 139.72187805175781 212.51374816894531 
658.4439697265625 132.04969787597656 419.7569580078125 
657.76019287109375 132.28683471679688 416.70358276367188 
658.85577392578125 133.15725708007812 421.46707153320312 
657.106689453125 132.56617736816406 413.66397094726562 
656.42901611328125 132.88035583496094 410.62332153320312 
655.73126220703125 133.060302734375 407.4971923828125 
655.046875 133.17411804199219 404.31744384765625 
654.3350830078125 133.23411560058594 401.09259033203125 
653.564697265625 133.22325134277344 397.80450439453125 
652.81536865234375 133.15998840332031 394.51547241210938 
652.13934326171875 133.09744262695312 391.4085693359375 
636.27703857421875 134.077392578125 318.27490234375 
659.09710693359375 131.70454406738281 422.8309326171875 
659.4605712890625 132.98576354980469 424.01370239257812 
635.60986328125 133.82453918457031 315.6051025390625 
634.58575439453125 131.797119140625 314.5089111328125 
634.9237060546875 133.9921875 312.505126953125 
633.94171142578125 132.09800720214844 311.28036499023438 
634.24505615234375 134.21800231933594 309.35549926757812 
633.3057861328125 132.38482666015625 308.02078247070312 
633.57891845703125 134.41278076171875 306.22698974609375 
632.6707763671875 132.66783142089844 304.76138305664062 
632.91424560546875 134.609619140625 303.11166381835938 
632.00811767578125 132.88446044921875 301.59002685546875 
632.23272705078125 134.764404296875 299.99459838867188 
631.1790771484375 132.75857543945312 298.38983154296875 
631.5799560546875 134.91746520996094 296.8642578125 
630.624755859375 133.15702819824219 295.2728271484375 
630.95849609375 135.12820434570312 293.75302124023438 
630.16412353515625 133.74580383300781 292.19219970703125 
630.324462890625 135.26029968261719 290.75469970703125 
629.5584716796875 134.06948852539062 289.06900024414062 
629.77734375 135.31591796875 288.21762084960938 
628.95648193359375 134.42198181152344 285.99252319335938 
628.36663818359375 134.77330017089844 282.91769409179688 
627.79931640625 135.12576293945312 279.82354736328125 
627.25970458984375 135.49967956542969 276.68707275390625 
626.70819091796875 135.88253784179688 273.56976318359375 
626.11114501953125 136.20166015625 270.4075927734375 
625.48828125 136.46612548828125 267.134521484375 
624.77301025390625 136.54917907714844 263.74551391601562 
624.0294189453125 136.44905090332031 260.2515869140625 
623.30010986328125 136.25666809082031 256.89169311523438 
615.31634521484375 142.8292236328125 183.07162475585938 
659.7144775390625 131.31251525878906 425.94100952148438 
660.13665771484375 132.80821228027344 427.03753662109375 
660.31591796875 130.93244934082031 429.080078125 
660.800048828125 132.72528076171875 430.14981079101562 
661.40753173828125 133.12071228027344 433.29806518554688 
660.9420166015625 130.57305908203125 432.2650146484375 
662.13323974609375 132.124267578125 435.57525634765625 
661.58636474609375 130.18571472167969 435.43685913085938 
662.54840087890625 130.90312194824219 437.92950439453125 
662.70831298828125 131.912353515625 437.91818237304688 
663.2396240234375 131.93254089355469 440.387939453125 
682.381591796875 123.00082397460938 527.24609375 
679.76800537109375 123.78984069824219 530.67950439453125 
679.2120361328125 122.31747436523438 528.05804443359375 
678.07421875 123.06555938720703 529.84674072265625 
680.4974365234375 121.97568511962891 526.125 
649.7716064453125 127.64347839355469 399.73931884765625 
651.6654052734375 128.8680419921875 400.19192504882812 
648.45025634765625 127.23419189453125 396.98977661132812 
647.67401123046875 127.16977691650391 394.06149291992188 
647.35015869140625 127.33563995361328 391.10101318359375 
647.05517578125 127.558349609375 388.00442504882812 
646.6761474609375 127.76458740234375 384.78280639648438 
646.229248046875 127.92053985595703 381.47885131835938 
645.76788330078125 128.07598876953125 378.21640014648438 
645.25146484375 128.22077941894531 374.98736572265625 
644.7005615234375 128.345947265625 371.72061157226562 
644.160888671875 128.49163818359375 368.5294189453125 
643.645263671875 128.62197875976562 365.35720825195312 
651.3673095703125 128.25917053222656 402.32424926757812 
655.13226318359375 126.48577880859375 445.48416137695312 
657.5291748046875 126.38092803955078 447.96051025390625 
655.46624755859375 126.59811401367188 448.30865478515625 
657.116943359375 126.3966064453125 444.23358154296875 
654.70477294921875 126.38716125488281 441.86181640625 
657.10577392578125 126.4647216796875 441.50286865234375 
656.239990234375 126.45335388183594 438.95968627929688 
653.633544921875 126.4061279296875 438.38229370117188 
655.42041015625 126.46785736083984 435.86688232421875 
652.9290771484375 126.41868591308594 435.27090454101562 
654.75946044921875 126.51331329345703 432.72821044921875 
652.29986572265625 126.44235992431641 432.17306518554688 
654.16925048828125 126.60306549072266 429.57659912109375 
651.6798095703125 126.45742797851562 429.04281616210938 
653.51605224609375 126.66944122314453 426.38848876953125 
650.96759033203125 126.46500396728516 425.93719482421875 
652.52117919921875 126.63014221191406 422.97030639648438 
650.08831787109375 126.48628997802734 423.4622802734375 
650.06024169921875 126.41730499267578 420.9063720703125 
652.27197265625 126.73479461669922 419.52066040039062 
656.46337890625 126.52461242675781 451.00689697265625 
658.666015625 126.32979583740234 451.73291015625 
657.31768798828125 126.50990295410156 454.36264038085938 
659.4913330078125 126.26413726806641 455.18624877929688 
658.05474853515625 126.53038024902344 457.76885986328125 
660.27392578125 126.23370361328125 458.59136962890625 
658.7562255859375 126.57779693603516 461.1768798828125 
673.05780029296875 124.68421936035156 526.89581298828125 
674.45489501953125 122.90711975097656 525.70367431640625 
674.5234375 123.66770935058594 528.09393310546875 
672.66448974609375 124.16742706298828 524.19793701171875 
660.97650146484375 126.18799591064453 461.99996948242188 
674.19073486328125 122.58635711669922 523.28729248046875 
659.5169677734375 126.58567810058594 464.593017578125 
672.67669677734375 123.58405303955078 521.1312255859375 
661.6854248046875 126.14151000976562 465.373291015625 
675.26715087890625 121.82431793212891 521.07440185546875 
660.49591064453125 126.51548767089844 467.90301513671875 
674.30438232421875 122.32118988037109 518.52618408203125 
662.43707275390625 126.10255432128906 468.26739501953125 
672.113037109375 123.90914154052734 517.95440673828125 
649.98486328125 126.40447998046875 418.21337890625 
673.81072998046875 122.74901580810547 516.3433837890625 
651.63946533203125 126.75937652587891 416.43142700195312 
671.99578857421875 124.07009124755859 515.1495361328125 
662.142822265625 126.27037811279297 471.37811279296875 
676.621826171875 121.64395904541016 524.1182861328125 
677.69940185546875 121.29273223876953 521.0086669921875 
677.02911376953125 121.51966857910156 518.494873046875 
676.119384765625 122.00725555419922 516.10260009765625 
675.14666748046875 122.65183258056641 513.5941162109375 
671.87042236328125 124.31205749511719 512.33526611328125 
674.29571533203125 123.29988098144531 510.84423828125 
671.32720947265625 124.77662658691406 509.395263671875 
673.39129638671875 123.87609100341797 507.92034912109375 
670.61419677734375 125.18588256835938 506.22695922851562 
672.54852294921875 124.35101318359375 504.76119995117188 
669.8800048828125 125.49747467041016 502.90713500976562 
671.84814453125 124.70762634277344 501.43609619140625 
669.112548828125 125.740966796875 499.50613403320312 
671.09759521484375 125.04190063476562 498.02456665039062 
668.27166748046875 125.96003723144531 496.086669921875 
670.3319091796875 125.3385009765625 494.59234619140625 
667.40118408203125 126.10984802246094 492.69033813476562 
669.501953125 125.556640625 491.10858154296875 
666.50286865234375 126.20866394042969 489.3018798828125 
668.59283447265625 125.72097015380859 487.6263427734375 
665.5675048828125 126.32787322998047 485.89239501953125 
667.56170654296875 125.85182952880859 484.18295288085938 
664.65911865234375 126.3909912109375 482.43014526367188 
666.6466064453125 125.96732330322266 480.70611572265625 
663.87689208984375 126.36851501464844 478.96502685546875 
665.89404296875 126.07329559326172 477.17477416992188 
663.0926513671875 126.31871795654297 475.40042114257812 
665.21380615234375 126.15443420410156 473.6337890625 
664.40264892578125 126.17871856689453 470.10992431640625 
663.7686767578125 126.25996398925781 466.55477905273438 
663.35394287109375 126.44147491455078 462.96649169921875 
662.7861328125 126.60167694091797 459.439697265625 
661.8599853515625 126.63037109375 456.06365966796875 
660.90673828125 126.64108276367188 452.73471069335938 
660.27972412109375 126.75527954101562 449.36447143554688 
659.5875244140625 126.83485412597656 446.10162353515625 
658.916259765625 126.88321685791016 442.91848754882812 
650.90350341796875 126.78786468505859 413.30947875976562 
658.87261962890625 127.21062469482422 439.74203491210938 
658.01031494140625 127.15818786621094 436.64306640625 
657.06683349609375 127.09839630126953 433.55523681640625 
650.28118896484375 126.82012176513672 410.17507934570312 
649.77862548828125 126.88275909423828 407.0977783203125 
649.60906982421875 127.04161071777344 404.52023315429688 
648.3599853515625 126.77656555175781 402.28463745117188 
647.54522705078125 126.67900848388672 400.00857543945312 
656.5045166015625 127.23951721191406 430.40948486328125 
655.9381103515625 127.39834594726562 427.24810791015625 
655.35528564453125 127.51625061035156 424.12716674804688 
654.748046875 127.58766937255859 421.02542114257812 
654.13128662109375 127.64810180664062 417.91195678710938 
653.55523681640625 127.74932861328125 414.81515502929688 
653.001708984375 127.86893463134766 411.73660278320312 
652.4482421875 127.98578643798828 408.63400268554688 
651.9114990234375 128.10946655273438 405.48684692382812 
625.13543701171875 135.16731262207031 267.85098266601562 
624.58148193359375 135.28713989257812 265.18252563476562 
623.93963623046875 135.380615234375 261.98916625976562 
673.62396240234375 125.42453765869141 529.64501953125 
623.39727783203125 135.41761779785156 259.19866943359375 
676.44842529296875 122.33563995361328 527.24261474609375 
675.2894287109375 124.25860595703125 530.40924072265625 
691.3533935546875 132.87809753417969 522.57177734375 
690.93035888671875 130.469482421875 523.41357421875 
690.7763671875 130.41133117675781 520.93853759765625 
691.04150390625 133.11103820800781 525.558837890625 
690.44970703125 130.70713806152344 525.79437255859375 
689.53240966796875 128.50920104980469 525.0709228515625 
689.627685546875 127.88819885253906 522.540771484375 
689.26788330078125 127.68259429931641 519.89825439453125 
690.1812744140625 130.37516784667969 518.69970703125 
690.76959228515625 133.50192260742188 519.78973388671875 
689.7177734375 132.72433471679688 517.1343994140625 
689.26177978515625 130.15330505371094 516.60394287109375 
688.6451416015625 127.81581115722656 517.31610107421875 
688.39776611328125 131.339599609375 514.7713623046875 
687.87103271484375 128.66886901855469 514.9132080078125 
686.73724365234375 129.87933349609375 512.53961181640625 
677.02044677734375 129.97494506835938 494.69064331054688 
676.48876953125 131.953369140625 492.8541259765625 
677.726318359375 131.85877990722656 496.18478393554688 
675.9478759765625 130.22161865234375 491.58346557617188 
678.250244140625 129.7215576171875 497.9256591796875 
679.05914306640625 131.74232482910156 499.42062377929688 
679.74658203125 129.50810241699219 501.33389282226562 
680.5626220703125 131.67579650878906 502.52493286132812 
681.6368408203125 129.35629272460938 504.9151611328125 
682.043701171875 132.06001281738281 505.24508666992188 
683.674560546875 131.26942443847656 507.81735229492188 
682.70733642578125 127.73233032226562 507.91690063476562 
684.76043701171875 128.79495239257812 510.18142700195312 
685.3980712890625 132.25196838378906 510.45611572265625 
686.9862060546875 133.30282592773438 512.946533203125 
688.3992919921875 134.42417907714844 515.520263671875 
689.62548828125 135.38224792480469 518.3201904296875 
690.66424560546875 135.64303588867188 521.25244140625 
675.321533203125 131.67521667480469 489.41171264648438 
680.48345947265625 126.79292297363281 505.43087768554688 
679.2430419921875 127.34136962890625 502.46966552734375 
677.93365478515625 127.77666473388672 499.27890014648438 
676.64056396484375 128.04689025878906 495.98275756835938 
675.6832275390625 128.66156005859375 492.5677490234375 
674.7139892578125 129.1607666015625 489.0675048828125 
674.389892578125 131.49212646484375 486.50836181640625 
673.7579345703125 129.56903076171875 485.54876708984375 
673.41143798828125 131.68547058105469 483.25164794921875 
672.84503173828125 129.88246154785156 482.04849243164062 
672.4603271484375 131.78065490722656 479.865234375 
671.9376220703125 130.14888000488281 478.5106201171875 
671.53271484375 131.81204223632812 476.36282348632812 
671.03411865234375 130.31695556640625 474.94802856445312 
670.6387939453125 131.81170654296875 472.83282470703125 
670.18310546875 130.42135620117188 471.4078369140625 
669.7598876953125 131.90829467773438 469.36428833007812 
669.37249755859375 130.60626220703125 467.8515625 
668.90411376953125 132.06166076660156 465.8538818359375 
668.557861328125 130.78593444824219 464.28652954101562 
668.082763671875 132.11282348632812 462.33987426757812 
667.75244140625 130.87236022949219 460.72653198242188 
667.29937744140625 132.1632080078125 458.87411499023438 
666.9862060546875 130.97994995117188 457.22323608398438 
666.54852294921875 132.28987121582031 455.47528076171875 
666.23516845703125 131.13455200195312 453.81784057617188 
665.80316162109375 132.46168518066406 452.15078735351562 
665.49481201171875 131.33918762207031 450.47113037109375 
665.03125 132.67216491699219 448.85137939453125 
664.74200439453125 131.57255554199219 447.13375854492188 
664.2469482421875 132.87908935546875 445.57528686523438 
664.0047607421875 131.74288940429688 443.76925659179688 
663.481201171875 133.04278564453125 442.328857421875 
662.74786376953125 133.16162109375 439.20938110351562 
662.0838623046875 133.20648193359375 436.2735595703125 
691.06890869140625 135.55508422851562 523.83721923828125 
690.59625244140625 135.6842041015625 526.42083740234375 
687.5518798828125 125.49941253662109 521.1453857421875 
685.3900146484375 123.7615966796875 522.4234619140625 
685.1845703125 123.74720001220703 519.385498046875 
687.17236328125 125.60269165039062 518.13653564453125 
687.57391357421875 125.86945343017578 524.34820556640625 
684.91802978515625 123.94459533691406 525.43157958984375 
684.579833984375 124.04715728759766 516.57843017578125 
686.419921875 126.09124755859375 515.39630126953125 
685.54052734375 127.09933471679688 512.73175048828125 
683.816650390625 124.74214172363281 513.792724609375 
682.679931640625 122.29297637939453 523.1551513671875 
682.78375244140625 122.33636474609375 520.3668212890625 
682.43743896484375 122.54688262939453 517.820556640625 
681.8387451171875 122.99761199951172 515.38372802734375 
680.91754150390625 123.53748321533203 512.798583984375 
683.022216796875 125.80012512207031 510.88442993164062 
679.93072509765625 124.13680267333984 510.11273193359375 
681.20599365234375 125.74163055419922 508.30679321289062 
678.89404296875 124.71453094482422 507.25613403320312 
677.7955322265625 125.26106262207031 504.21939086914062 
676.69354248046875 125.77329254150391 500.99789428710938 
675.66619873046875 126.22677612304688 497.70590209960938 
674.7110595703125 126.66761016845703 494.31497192382812 
673.78521728515625 127.07279968261719 490.81271362304688 
672.873046875 127.39247894287109 487.27587890625 
671.97662353515625 127.66178131103516 483.7340087890625 
671.081787109375 127.91375732421875 480.13137817382812 
670.242431640625 128.11431884765625 476.48272705078125 
669.46563720703125 128.29086303710938 472.8876953125 
668.66192626953125 128.42391967773438 469.33212280273438 
667.8143310546875 128.52339172363281 465.77420043945312 
666.94183349609375 128.5462646484375 462.2967529296875 
666.25531005859375 128.74171447753906 458.86572265625 
665.61822509765625 128.97499084472656 455.42391967773438 
665.00286865234375 129.23953247070312 452.03317260742188 
664.2772216796875 129.38174438476562 448.68695068359375 
663.5330810546875 129.53770446777344 445.32901000976562 
663.50323486328125 130.61314392089844 442.4510498046875 
662.8594970703125 129.6563720703125 442.01669311523438 
662.6591796875 130.1497802734375 439.82177734375 
661.19952392578125 128.71980285644531 438.767578125 
661.5682373046875 129.42643737792969 437.3170166015625 
659.8709716796875 128.31037902832031 435.73965454101562 
660.380615234375 129.22097778320312 433.51815795898438 
659.0335693359375 128.28817749023438 432.60220336914062 
659.80145263671875 129.45774841308594 430.59176635742188 
658.42645263671875 128.50808715820312 429.37771606445312 
659.23162841796875 129.76068115234375 427.47787475585938 
657.804931640625 128.7174072265625 426.17123413085938 
658.64971923828125 130.04301452636719 424.31634521484375 
657.18017578125 128.87089538574219 422.97567749023438 
658.06866455078125 130.31857299804688 421.16983032226562 
656.5640869140625 128.99763488769531 419.78448486328125 
657.48797607421875 130.5927734375 418.07321166992188 
655.9881591796875 129.15696716308594 416.6376953125 
656.91583251953125 130.88261413574219 415.01388549804688 
655.466796875 129.38099670410156 413.53182983398438 
656.35638427734375 131.1881103515625 411.98483276367188 
654.9873046875 129.64617919921875 410.43731689453125 
655.77935791015625 131.46498107910156 408.9466552734375 
654.5238037109375 129.9404296875 407.26580810546875 
655.16351318359375 131.71823120117188 405.83682250976562 
654.488525390625 131.83245849609375 402.68536376953125 
653.88360595703125 132.03062438964844 399.81103515625 
654.00640869140625 130.25172424316406 404.0218505859375 
653.1494140625 130.19046020507812 400.86343383789062 
653.05126953125 131.52456665039062 397.19720458984375 
680.22186279296875 121.60880279541016 524.14154052734375 
679.9459228515625 121.41701507568359 522.04541015625 
661.60589599609375 127.91484069824219 444.89462280273438 
661.14276123046875 128.12263488769531 441.7767333984375 
662.337646484375 127.83685302734375 448.09658813476562 
663.06597900390625 127.74501800537109 451.36163330078125 
663.77362060546875 127.62290191650391 454.72830200195312 
664.45062255859375 127.47442626953125 458.11965942382812 
665.16839599609375 127.34587097167969 461.52169799804688 
665.9168701171875 127.22983551025391 464.98721313476562 
666.65655517578125 127.08522796630859 468.51263427734375 
667.32391357421875 126.92033386230469 472.037109375 
668.0181884765625 126.77730560302734 475.58578491210938 
668.83349609375 126.62985229492188 479.10653686523438 
669.691650390625 126.44432830810547 482.60443115234375 
670.56414794921875 126.23421478271484 486.09759521484375 
671.4326171875 126.0015869140625 489.57534790039062 
672.2730712890625 125.70256805419922 493.05142211914062 
673.09130859375 125.35308837890625 496.44442749023438 
673.94488525390625 124.9267578125 499.80975341796875 
674.87640380859375 124.48454284667969 503.062744140625 
675.83990478515625 124.02919769287109 506.1890869140625 
676.78631591796875 123.52086639404297 509.09140014648438 
677.72186279296875 122.96112060546875 511.79861450195312 
678.62725830078125 122.38533782958984 514.37225341796875 
679.461181640625 121.89314270019531 516.87677001953125 
679.897705078125 121.53476715087891 519.35601806640625 
678.53436279296875 121.59954071044922 525.2454833984375 
673.96502685546875 126.6083984375 531.68707275390625 
674.8143310546875 127.76882934570312 533.70697021484375 
675.533203125 125.58162689208984 532.42327880859375 
677.19866943359375 124.33053588867188 531.68463134765625 
673.9586181640625 135.223876953125 533.35986328125 
674.4984130859375 133.80369567871094 534.93914794921875 
675.228271484375 135.80488586425781 534.59661865234375 
674.327880859375 131.92080688476562 534.96124267578125 
674.09765625 130.093017578125 534.224853515625 
675.45416259765625 137.35671997070312 533.1571044921875 
653.16845703125 128.97067260742188 405.6727294921875 
678.61175537109375 121.34339141845703 523.27801513671875 
652.613037109375 129.04222106933594 403.081298828125 
613.154052734375 146.82383728027344 209.11705017089844 
612.9720458984375 146.14701843261719 212.38307189941406 
634.709228515625 137.66195678710938 358.39639282226562 
633.3089599609375 137.29086303710938 355.68441772460938 
613.02349853515625 145.52426147460938 215.64561462402344 
632.79840087890625 137.3253173828125 353.26278686523438 
627.16802978515625 137.27073669433594 329.25686645507812 
626.60101318359375 137.39173889160156 326.14959716796875 
626.00537109375 137.5174560546875 322.90850830078125 
625.43011474609375 137.64849853515625 319.65145874023438 
624.90618896484375 137.785888671875 316.49407958984375 
613.23858642578125 144.98332214355469 218.9254150390625 
624.4000244140625 137.94064331054688 313.3865966796875 
613.547119140625 144.53656005859375 222.158447265625 
613.990234375 144.12088012695312 225.46888732910156 
614.528076171875 143.7030029296875 229.11750793457031 
614.8551025390625 143.38885498046875 232.80670166015625 
614.9244384765625 143.1500244140625 236.484619140625 
623.8917236328125 138.11012268066406 310.26361083984375 
625.7471923828125 138.95903015136719 311.0784912109375 
616.552734375 142.90336608886719 239.32197570800781 
614.66912841796875 142.89910888671875 240.17845153808594 
625.73870849609375 139.2298583984375 308.45266723632812 
616.688720703125 142.8048095703125 242.35270690917969 
614.64276123046875 142.62950134277344 243.76502990722656 
623.4443359375 138.33848571777344 307.0960693359375 
623.06488037109375 138.57681274414062 303.897705078125 
625.38458251953125 139.40493774414062 305.38134765625 
624.93817138671875 139.54690551757812 302.2557373046875 
616.984375 142.71011352539062 245.85856628417969 
614.8785400390625 142.37861633300781 247.2733154296875 
617.394775390625 142.59706115722656 249.42808532714844 
615.3466796875 142.12513732910156 250.89010620117188 
617.83465576171875 142.43804931640625 253.00627136230469 
615.83489990234375 141.86306762695312 254.56837463378906 
622.62677001953125 138.75816345214844 300.77801513671875 
618.263671875 142.26774597167969 256.55477905273438 
616.2701416015625 141.5753173828125 258.19805908203125 
624.46966552734375 139.68618774414062 299.13101196289062 
622.1435546875 138.92608642578125 297.67520141601562 
623.98876953125 139.83572387695312 295.98870849609375 
621.70050048828125 139.12916564941406 294.56640625 
623.5081787109375 140.02037048339844 292.84140014648438 
621.2545166015625 139.34529113769531 291.4034423828125 
623.046875 140.2144775390625 289.67828369140625 
620.79620361328125 139.56619262695312 288.21200561523438 
622.597412109375 140.41880798339844 286.49801635742188 
620.29742431640625 139.76716613769531 285.01107788085938 
622.122802734375 140.62825012207031 283.32144165039062 
619.79144287109375 139.94792175292969 281.7991943359375 
621.62774658203125 140.83201599121094 280.1563720703125 
619.298095703125 140.13116455078125 278.59219360351562 
621.1419677734375 141.03697204589844 276.95315551757812 
618.77435302734375 140.3218994140625 275.32620239257812 
620.62664794921875 141.23127746582031 273.68841552734375 
618.21368408203125 140.51957702636719 271.97720336914062 
620.1246337890625 141.42169189453125 270.34210205078125 
617.63909912109375 140.71943664550781 268.56527709960938 
619.62799072265625 141.63047790527344 266.92520141601562 
617.08001708984375 140.9442138671875 265.13299560546875 
616.60272216796875 141.23054504394531 261.69168090820312 
619.12420654296875 141.85108947753906 263.48367309570312 
618.6705322265625 142.06607055664062 260.04257202148438 
661.1409912109375 135.46476745605469 471.3515625 
661.85992431640625 135.33294677734375 474.56356811523438 
663.89569091796875 136.33116149902344 473.45034790039062 
662.6572265625 135.24746704101562 477.79278564453125 
664.685546875 136.31381225585938 476.79568481445312 
663.54058837890625 135.25105285644531 481.07595825195312 
665.49468994140625 136.34126281738281 480.16177368164062 
664.4249267578125 135.267822265625 484.38592529296875 
666.33013916015625 136.37901306152344 483.51742553710938 
665.23309326171875 135.21304321289062 487.70663452148438 
667.09423828125 136.38783264160156 486.85360717773438 
665.922607421875 135.09249877929688 491.02780151367188 
667.7369384765625 136.37277221679688 490.22305297851562 
659.15887451171875 135.89155578613281 461.55374145507812 
659.80145263671875 135.764892578125 464.818603515625 
661.77508544921875 136.38475036621094 463.29220581054688 
660.4639892578125 135.61286926269531 468.10311889648438 
662.4298095703125 136.38471984863281 466.64968872070312 
663.13995361328125 136.35963439941406 470.04150390625 
661.19091796875 136.38101196289062 459.92861938476562 
658.4915771484375 135.98428344726562 458.27694702148438 
660.6370849609375 136.40704345703125 456.61172485351562 
658.96807861328125 136.40090942382812 454.10800170898438 
657.8194580078125 136.08070373535156 455.03955078125 
657.081298828125 136.1754150390625 451.82742309570312 
670.24249267578125 136.63311767578125 503.94293212890625 
669.590087890625 136.47868347167969 500.54177856445312 
667.9241943359375 134.809326171875 501.1224365234375 
668.9552001953125 136.37094116210938 497.03436279296875 
667.218994140625 134.81221008300781 497.75921630859375 
668.315673828125 136.33686828613281 493.59622192382812 
666.54486083984375 134.92855834960938 494.36062622070312 
671.6712646484375 137.30859375 510.48150634765625 
669.2720947265625 135.07307434082031 507.5965576171875 
669.891357421875 135.30128479003906 510.79244995117188 
670.94586181640625 136.88121032714844 507.21469116210938 
668.60430908203125 134.90663146972656 504.39566040039062 
673.193115234375 138.60073852539062 517.02490234375 
672.38818359375 137.89186096191406 513.78704833984375 
671.6358642578125 137.03688049316406 516.35797119140625 
670.331298828125 135.39671325683594 514.05169677734375 
672.6591796875 137.32699584960938 523.50897216796875 
673.7977294921875 139.07537841796875 520.17919921875 
671.9892578125 137.05223083496094 520.0958251953125 
670.68450927734375 135.42245483398438 517.21380615234375 
674.10150146484375 139.184326171875 523.21600341796875 
673.55255126953125 138.00430297851562 526.00482177734375 
674.3450927734375 139.02012634277344 525.676025390625 
674.77001953125 138.70782470703125 528.40472412109375 
634.49761962890625 138.61434936523438 334.11489868164062 
676.09344482421875 140.37921142578125 525.77789306640625 
676.831787109375 140.33549499511719 528.28118896484375 
675.28253173828125 140.14204406738281 523.12347412109375 
679.4903564453125 141.57821655273438 527.70452880859375 
680.6962890625 142.29624938964844 525.2523193359375 
679.95611572265625 142.15335083007812 522.99664306640625 
678.7071533203125 141.53469848632812 520.13525390625 
678.3367919921875 141.60646057128906 525.57318115234375 
677.00946044921875 140.61180114746094 517.2237548828125 
675.384765625 139.59254455566406 514.33367919921875 
674.107177734375 138.70695495605469 511.43307495117188 
673.1033935546875 138.06510925292969 508.92703247070312 
635.14593505859375 138.54920959472656 337.36669921875 
635.7989501953125 138.46597290039062 340.63278198242188 
636.49639892578125 138.39631652832031 343.94171142578125 
637.24981689453125 138.340576171875 347.27252197265625 
638.0537109375 138.25508117675781 350.57180786132812 
638.895263671875 138.16914367675781 353.8900146484375 
639.68426513671875 138.08480834960938 357.26461791992188 
640.36688232421875 138.01524353027344 360.63226318359375 
641.0498046875 137.93264770507812 364.07537841796875 
641.7113037109375 137.87138366699219 367.41036987304688 
642.16925048828125 137.84518432617188 370.235595703125 
675.849609375 140.49827575683594 520.09552001953125 
658.9754638671875 136.49458312988281 450.90814208984375 
656.38623046875 136.27900695800781 448.6456298828125 
658.45318603515625 136.55378723144531 447.69522094726562 
655.74957275390625 136.37857055664062 445.50399780273438 
657.81842041015625 136.6119384765625 444.48031616210938 
655.1451416015625 136.46238708496094 442.380859375 
657.184814453125 136.64610290527344 441.27490234375 
654.59161376953125 136.54331970214844 439.27328491210938 
656.5662841796875 136.67742919921875 438.10195922851562 
654.07647705078125 136.64096069335938 436.17132568359375 
655.95513916015625 136.74009704589844 435.01275634765625 
653.676025390625 136.75851440429688 433.10052490234375 
655.4022216796875 136.81031799316406 432.45205688476562 
653.1185302734375 136.83053588867188 430.1025390625 
652.59161376953125 136.90365600585938 427.10336303710938 
652.16168212890625 136.96926879882812 424.08462524414062 
651.765869140625 137.02862548828125 421.00027465820312 
651.38330078125 137.09187316894531 417.82492065429688 
650.85302734375 137.16389465332031 414.6500244140625 
649.9854736328125 137.25189208984375 411.55770874023438 
648.7515869140625 137.38029479980469 408.48785400390625 
648.0059814453125 137.45709228515625 405.32394409179688 
647.22515869140625 137.48417663574219 402.28652954101562 
677.32305908203125 141.31306457519531 523.09698486328125 
676.0338134765625 139.00190734863281 530.954833984375 
648.31488037109375 137.18939208984375 410.97027587890625 
649.112060546875 137.12490844726562 413.8607177734375 
672.9580078125 134.90841674804688 531.19384765625 
672.27117919921875 134.22430419921875 528.90093994140625 
671.59442138671875 133.31806945800781 526.73016357421875 
671.1103515625 133.40068054199219 524.22491455078125 
670.55035400390625 133.16487121582031 521.46759033203125 
670.073486328125 133.236083984375 518.3643798828125 
674.172607421875 137.19059753417969 531.0057373046875 
673.15863037109375 136.54226684570312 528.694580078125 
649.708740234375 137.05369567871094 416.80413818359375 
650.15728759765625 136.96401977539062 419.66561889648438 
658.677001953125 134.22785949707031 467.27700805664062 
659.53729248046875 134.03665161132812 470.88217163085938 
669.7081298828125 133.48934936523438 515.29656982421875 
672.18060302734375 135.62005615234375 525.9605712890625 
669.28729248046875 133.56971740722656 512.08905029296875 
668.7745361328125 133.49839782714844 508.91534423828125 
668.1307373046875 133.35537719726562 505.68258666992188 
667.4117431640625 133.24957275390625 502.40335083007812 
666.6553955078125 133.24200439453125 499.088134765625 
665.88836669921875 133.37089538574219 495.72723388671875 
665.14813232421875 133.57162475585938 492.36639404296875 
664.3553466796875 133.70632934570312 488.984375 
663.4893798828125 133.72817993164062 485.57119750976562 
662.54180908203125 133.70326232910156 482.12350463867188 
661.51849365234375 133.69894409179688 478.5616455078125 
660.5283203125 133.93098449707031 474.66104125976562 
670.88116455078125 135.08078002929688 519.996337890625 
671.5225830078125 135.49737548828125 522.7265625 
612.61114501953125 137.77674865722656 258.88070678710938 
599.0062255859375 139.00798034667969 198.91445922851562 
599.59637451171875 139.45182800292969 201.49195861816406 
600.39581298828125 139.11260986328125 204.37037658691406 
601.26129150390625 138.9346923828125 207.25721740722656 
602.12884521484375 139.04240417480469 210.16854858398438 
603.00506591796875 139.20806884765625 213.08164978027344 
603.9034423828125 139.0985107421875 216.18606567382812 
604.752685546875 138.96469116210938 219.45603942871094 
605.57696533203125 138.91653442382812 222.85957336425781 
606.408935546875 138.93074035644531 226.42645263671875 
607.2113037109375 138.92845153808594 230.08489990234375 
608.00640869140625 138.89927673339844 233.84565734863281 
608.76104736328125 138.81185913085938 237.51373291015625 
609.51800537109375 138.74082946777344 241.10018920898438 
610.23779296875 138.67909240722656 244.7000732421875 
610.91107177734375 138.57684326171875 248.31163024902344 
611.51226806640625 138.37394714355469 251.89686584472656 
612.09423828125 138.12673950195312 255.43675231933594 
602.33697509765625 140.79002380371094 210.15316772460938 
598.65765380859375 147.43914794921875 181.64654541015625 
599.67059326171875 150.10153198242188 182.82785034179688 
598.19378662109375 149.04852294921875 184.1944580078125 
601.611083984375 140.17977905273438 208.14836120605469 
601.55535888671875 141.66548156738281 207.09178161621094 
600.82916259765625 140.49870300292969 205.54287719726562 
600.71148681640625 142.07951354980469 204.16249084472656 
597.63336181640625 146.03334045410156 184.04093933105469 
597.435302734375 147.787841796875 186.11351013183594 
597.2169189453125 146.25967407226562 188.66264343261719 
597.2601318359375 144.74407958984375 186.580322265625 
600.0467529296875 140.84495544433594 202.79963684082031 
599.91802978515625 142.47079467773438 201.24714660644531 
597.29864501953125 143.45875549316406 189.08700561523438 
597.52691650390625 142.22393798828125 191.63279724121094 
597.85919189453125 141.20126342773438 194.06903076171875 
597.44622802734375 144.97927856445312 191.22496032714844 
597.82568359375 143.7928466796875 193.66868591308594 
598.27667236328125 140.09848022460938 196.1632080078125 
599.26214599609375 140.98663330078125 199.9859619140625 
599.14794921875 142.77153015136719 198.49359130859375 
598.3878173828125 143.03741455078125 195.96726989746094 
598.64093017578125 141.15289306640625 197.71955871582031 
620.2630615234375 137.30113220214844 297.86862182617188 
598.1126708984375 148.28059387207031 188.82666015625 
619.39239501953125 136.45970153808594 295.96920776367188 
619.8446044921875 137.50955200195312 294.91461181640625 
599.134765625 148.45806884765625 191.32565307617188 
597.8912353515625 146.91557312011719 190.67433166503906 
600.06329345703125 148.22230529785156 193.53706359863281 
598.329833984375 146.39828491210938 192.82965087890625 
618.864013671875 136.59892272949219 293.05361938476562 
619.39739990234375 137.7708740234375 291.79989624023438 
601.0589599609375 147.8084716796875 195.82991027832031 
598.9705810546875 145.86552429199219 195.01406860351562 
618.26324462890625 136.73719787597656 289.94775390625 
618.9228515625 138.05061340332031 288.66317749023438 
601.9832763671875 147.27238464355469 198.36871337890625 
599.7816162109375 145.44035339355469 197.25636291503906 
602.6854248046875 146.78837585449219 201.18132019042969 
600.607177734375 145.05625915527344 199.80006408691406 
603.267578125 146.28840637207031 204.01921081542969 
601.33660888671875 144.62455749511719 202.62770080566406 
603.93743896484375 145.66627502441406 207.03572082519531 
602.10821533203125 144.14875793457031 205.53038024902344 
604.69354248046875 144.97256469726562 210.20367431640625 
602.91424560546875 143.52598571777344 208.66493225097656 
605.48876953125 144.23524475097656 213.39692687988281 
603.58447265625 142.542236328125 211.9056396484375 
606.19110107421875 143.50187683105469 216.63813781738281 
604.2633056640625 141.7569580078125 214.81536865234375 
606.89471435546875 142.95222473144531 219.97010803222656 
605.07598876953125 141.26528930664062 217.97457885742188 
607.6424560546875 142.55447387695312 223.43382263183594 
605.891845703125 140.92427062988281 221.31561279296875 
608.32781982421875 142.12322998046875 227.07968139648438 
606.7022705078125 140.6846923828125 224.84320068359375 
609.0997314453125 141.80191040039062 230.81631469726562 
607.51715087890625 140.45811462402344 228.51226806640625 
609.877197265625 141.57330322265625 234.56564331054688 
608.3447265625 140.29063415527344 232.2861328125 
610.66461181640625 141.40873718261719 238.18484497070312 
609.13018798828125 140.14541625976562 236.02049255371094 
611.3992919921875 141.25543212890625 241.6885986328125 
609.92535400390625 140.06549072265625 239.66162109375 
612.11083984375 141.13093566894531 245.21623229980469 
610.70703125 140.02035522460938 243.22274780273438 
612.78204345703125 140.95219421386719 248.76304626464844 
611.44573974609375 139.96609497070312 246.78858947753906 
613.3953857421875 140.72279357910156 252.37629699707031 
612.094970703125 139.81153869628906 250.29913330078125 
613.8096923828125 140.33015441894531 255.95474243164062 
612.61151123046875 139.56803894042969 253.57530212402344 
613.89410400390625 139.57368469238281 259.40646362304688 
613.07818603515625 139.06802368164062 257.41421508789062 
617.65728759765625 136.85935974121094 286.8670654296875 
618.44610595703125 138.32064819335938 285.52667236328125 
617.08721923828125 136.96217346191406 283.7802734375 
617.97625732421875 138.52650451660156 282.35604858398438 
616.58380126953125 137.09568786621094 280.694580078125 
617.49505615234375 138.69895935058594 279.1744384765625 
616.07183837890625 137.27610778808594 277.51812744140625 
616.951904296875 138.83837890625 275.9666748046875 
615.49420166015625 137.42572021484375 274.2529296875 
616.33154296875 138.946044921875 272.69488525390625 
614.89959716796875 137.56440734863281 270.87857055664062 
615.6876220703125 139.05776977539062 269.37460327148438 
614.261474609375 137.67813110351562 267.3392333984375 
615.09722900390625 139.22859191894531 266.06497192382812 
613.5081787109375 137.73643493652344 263.46685791015625 
614.489501953125 139.40071105957031 262.73977661132812 
612.16259765625 142.64810180664062 237.00703430175781 
609.0087890625 144.19633483886719 221.10673522949219 
611.82183837890625 144.64173889160156 222.31288146972656 
610.7191162109375 145.14874267578125 218.71072387695312 
612.18011474609375 144.03350830078125 227.00047302246094 
610.40618896484375 143.22402954101562 229.00248718261719 
612.73822021484375 143.61224365234375 230.86260986328125 
609.72259521484375 143.70344543457031 225.00791931152344 
611.17572021484375 142.88624572753906 232.84019470214844 
613.1346435546875 143.29237365722656 234.07936096191406 
609.88970947265625 145.82102966308594 215.02143859863281 
608.22320556640625 144.73663330078125 217.39619445800781 
609.186279296875 146.60726928710938 211.51258850097656 
607.07220458984375 145.45280456542969 213.21708679199219 
606.4298095703125 146.7498779296875 208.59461975097656 
609.33966064453125 147.53515625 208.14454650878906 
605.29949951171875 147.44683837890625 204.78150939941406 
604.53533935546875 148.01548767089844 201.24504089355469 
607.83984375 148.11973571777344 205.41252136230469 
607.5167236328125 148.75051879882812 202.53225708007812 
598.8277587890625 149.71121215820312 186.94265747070312 
600.40423583984375 150.85528564453125 184.99812316894531 
601.67315673828125 150.21107482910156 191.25993347167969 
599.943603515625 149.95494079589844 189.41708374023438 
604.32415771484375 151.28312683105469 189.91311645507812 
602.3421630859375 151.02937316894531 189.38739013671875 
601.41925048828125 151.05978393554688 187.6585693359375 
603.33349609375 151.61601257324219 185.44041442871094 
603.75750732421875 151.56768798828125 187.88043212890625 
602.65802001953125 149.69989013671875 193.69244384765625 
605.08642578125 150.89085388183594 191.84898376464844 
603.66363525390625 149.15711975097656 196.14352416992188 
605.93853759765625 150.34742736816406 194.19886779785156 
604.7393798828125 148.82122802734375 198.40190124511719 
607.27764892578125 149.25033569335938 199.63198852539062 
606.7393798828125 149.75740051269531 196.8399658203125 
621.81915283203125 137.19229125976562 305.5069580078125 
621.201904296875 137.31410217285156 302.21597290039062 
622.28216552734375 137.07781982421875 308.13446044921875 
678.341796875 140.37705993652344 530.3480224609375 
610.906005859375 146.87396240234375 210.54447937011719 
611.44427490234375 147.680908203125 207.12582397460938 
611.7623291015625 148.31161499023438 204.37034606933594 
609.62982177734375 148.40585327148438 204.85482788085938 
610.00054931640625 149.05178833007812 201.69033813476562 
610.07196044921875 149.49639892578125 198.72694396972656 
609.86810302734375 150.04313659667969 195.93423461914062 
609.43603515625 150.56497192382812 193.28176879882812 
608.85552978515625 150.9749755859375 190.69404602050781 
608.17425537109375 151.27525329589844 188.26103210449219 
627.00067138671875 101.47492980957031 185.32513427734375 
625.24639892578125 98.960533142089844 184.23884582519531 
624.56103515625 101.4036865234375 185.97079467773438 
627.42901611328125 99.169349670410156 184.26611328125 
627.8258056640625 111.16005706787109 193.70664978027344 
628.911865234375 113.89706420898438 193.57518005371094 
629.5291748046875 111.64312744140625 193.38763427734375 
635.74078369140625 128.13458251953125 197.03358459472656 
632.9664306640625 130.74739074707031 195.32124328613281 
634.403564453125 130.8509521484375 196.77546691894531 
633.3170166015625 127.67818450927734 194.55477905273438 
636.80615234375 125.32720184326172 197.4388427734375 
635.61572265625 123.96776580810547 195.55671691894531 
631.75799560546875 125.39683532714844 193.46461486816406 
634.2498779296875 122.47100067138672 194.0889892578125 
630.44561767578125 123.25794219970703 193.20915222167969 
632.78668212890625 120.7540283203125 193.31974792480469 
629.19451904296875 120.96028137207031 193.45359802246094 
631.3580322265625 118.56571197509766 193.14682006835938 
627.9423828125 118.53839874267578 193.83216857910156 
629.97320556640625 116.32112884521484 193.34906005859375 
626.74993896484375 116.01693725585938 194.16204833984375 
625.70263671875 113.44084167480469 194.40837097167969 
624.62530517578125 110.80435180664062 194.39994812011719 
626.6380615234375 108.39789581298828 193.34410095214844 
623.4697265625 108.24636077880859 193.89447021484375 
625.371337890625 105.72802734375 191.70912170410156 
622.20147705078125 105.83118438720703 192.54983520507812 
632.93121337890625 133.43695068359375 196.90461730957031 
622.16021728515625 101.90142059326172 187.50923156738281 
623.95330810546875 103.50961303710938 188.94384765625 
620.9827880859375 103.92728424072266 190.56355285644531 
619.851318359375 101.87270355224609 188.29052734375 
622.04046630859375 99.173736572265625 185.16111755371094 
618.9615478515625 99.583747863769531 186.58341979980469 
663.299560546875 113.40990447998047 405.48574829101562 
666.4703369140625 114.75026702880859 406.55020141601562 
665.57415771484375 114.90808868408203 403.55673217773438 
665.20025634765625 113.90515899658203 408.38262939453125 
662.88580322265625 113.92945098876953 402.2025146484375 
665.15960693359375 115.19841766357422 400.27841186523438 
662.3330078125 114.32845306396484 398.91873168945312 
664.74658203125 115.49593353271484 397.00900268554688 
661.963623046875 114.86151885986328 395.69293212890625 
664.36932373046875 115.80164337158203 393.68637084960938 
661.5362548828125 115.29344177246094 392.46817016601562 
663.9586181640625 116.07378387451172 390.36981201171875 
661.0322265625 115.63608551025391 389.22732543945312 
663.51318359375 116.31845855712891 387.0599365234375 
660.4849853515625 115.91950225830078 385.99673461914062 
663.05841064453125 116.56174468994141 383.80203247070312 
659.96881103515625 116.21783447265625 382.77532958984375 
662.61236572265625 116.81670379638672 380.55618286132812 
659.46148681640625 116.52640533447266 379.565185546875 
662.20281982421875 117.08676147460938 377.31069946289062 
658.98663330078125 116.857177734375 376.35208129882812 
661.887451171875 117.36560821533203 374.03131103515625 
658.51025390625 117.19773864746094 373.1131591796875 
661.49859619140625 117.65463256835938 370.84417724609375 
658.03314208984375 117.53426361083984 369.83493041992188 
660.86956787109375 117.93780517578125 367.603271484375 
657.52825927734375 117.85678863525391 366.52667236328125 
660.22705078125 118.23668670654297 364.27682495117188 
656.9849853515625 118.16177368164062 363.20223999023438 
659.6295166015625 118.53031921386719 360.94561767578125 
656.4254150390625 118.45816040039062 359.8712158203125 
659.01837158203125 118.81822204589844 357.623779296875 
655.8463134765625 118.7620849609375 356.54159545898438 
658.4234619140625 119.10806274414062 354.30157470703125 
655.32647705078125 119.10177612304688 353.22836303710938 
657.85723876953125 119.42635345458984 350.96893310546875 
654.81982421875 119.45223999023438 349.923828125 
657.3662109375 119.75174713134766 347.6063232421875 
654.3555908203125 119.81944274902344 346.62753295898438 
656.93585205078125 120.06299591064453 344.228515625 
653.85260009765625 120.15213012695312 343.3419189453125 
656.57159423828125 120.36896514892578 340.88983154296875 
653.3648681640625 120.48101806640625 340.05990600585938 
656.18182373046875 120.65790557861328 337.57415771484375 
652.8909912109375 120.80486297607422 336.78292846679688 
655.77838134765625 120.94170379638672 334.29183959960938 
652.49853515625 121.15242767333984 333.48379516601562 
655.33868408203125 121.23909759521484 331.0262451171875 
652.08636474609375 121.49539184570312 330.16815185546875 
654.79766845703125 121.5137939453125 327.75393676757812 
651.6075439453125 121.82177734375 326.8485107421875 
654.18023681640625 121.77102661132812 324.47811889648438 
651.08172607421875 122.13541412353516 323.52999877929688 
653.5201416015625 122.03540802001953 321.2152099609375 
650.50543212890625 122.42508697509766 320.2276611328125 
652.81585693359375 122.28015899658203 317.94351196289062 
649.89141845703125 122.69651794433594 316.929931640625 
652.06634521484375 122.51590728759766 314.677734375 
649.2869873046875 122.96961975097656 313.64602661132812 
651.3585205078125 122.75309753417969 311.38638305664062 
648.687255859375 123.24184417724609 310.35501098632812 
650.6876220703125 122.98641967773438 308.07763671875 
648.10235595703125 123.50369262695312 307.06631469726562 
650.0401611328125 123.18650817871094 304.76046752929688 
647.53607177734375 123.74774169921875 303.77056884765625 
649.4224853515625 123.37369537353516 301.42660522460938 
647.00384521484375 123.97016906738281 300.46395874023438 
648.83758544921875 123.54711151123047 298.10452270507812 
646.478271484375 124.1744384765625 297.15170288085938 
648.27362060546875 123.67813110351562 294.73153686523438 
645.94036865234375 124.35628509521484 293.85321044921875 
647.79852294921875 123.74374389648438 291.36947631835938 
645.38421630859375 124.53614807128906 290.57781982421875 
647.35003662109375 123.8192138671875 288.12734985351562 
644.82305908203125 124.71824645996094 287.31890869140625 
646.7620849609375 123.93338775634766 284.9619140625 
644.24456787109375 124.90171051025391 284.08026123046875 
646.099609375 124.0819091796875 281.7747802734375 
643.65582275390625 125.09440612792969 280.85989379882812 
645.39617919921875 124.26839447021484 278.64776611328125 
643.08856201171875 125.28578186035156 277.62936401367188 
644.6287841796875 124.49562835693359 275.47726440429688 
642.522705078125 125.46726989746094 274.37451171875 
643.92181396484375 124.67668151855469 272.1484375 
641.96002197265625 125.64589691162109 271.0916748046875 
643.3197021484375 124.81480407714844 268.86749267578125 
641.39208984375 125.82448577880859 267.7874755859375 
642.6629638671875 124.97846221923828 265.59127807617188 
640.8038330078125 126.02175903320312 264.49237060546875 
641.9874267578125 125.16729736328125 262.34646606445312 
640.19256591796875 126.23716735839844 261.19515991210938 
641.23492431640625 125.449462890625 259.17892456054688 
639.56658935546875 126.47267913818359 257.91189575195312 
641.86767578125 124.74317932128906 256.94772338867188 
640.4576416015625 125.74982452392578 255.7503662109375 
638.92962646484375 126.73017883300781 254.62783813476562 
641.32989501953125 124.81610107421875 253.66856384277344 
639.86541748046875 125.92426300048828 252.38603210449219 
638.2996826171875 127.01056671142578 251.34107971191406 
640.8360595703125 124.86658477783203 250.33905029296875 
639.277587890625 126.14743041992188 249.13560485839844 
637.66522216796875 127.30883026123047 248.04612731933594 
638.6612548828125 126.41776275634766 245.87564086914062 
637.0384521484375 127.63013458251953 244.74656677246094 
638.1588134765625 126.64447784423828 242.71929931640625 
636.70452880859375 127.80693817138672 241.41329956054688 
637.7425537109375 126.8697509765625 239.63900756835938 
636.3778076171875 128.03483581542969 238.13398742675781 
638.4527587890625 125.94851684570312 237.0555419921875 
636.93695068359375 127.44200897216797 235.53961181640625 
635.427001953125 128.79286193847656 235.04031372070312 
636.34613037109375 127.96375274658203 232.56477355957031 
634.80078125 129.40406799316406 231.80792236328125 
635.93695068359375 128.45161437988281 229.40853881835938 
634.32647705078125 130.03169250488281 228.50364685058594 
635.51788330078125 129.08631896972656 226.42039489746094 
633.8807373046875 130.8223876953125 225.16673278808594 
634.97979736328125 130.01066589355469 223.47232055664062 
633.52264404296875 131.76802062988281 221.81742858886719 
635.70355224609375 129.66227722167969 220.88304138183594 
634.66943359375 131.24411010742188 218.95681762695312 
636.46527099609375 128.30891418457031 223.9381103515625 
637.17486572265625 127.18323516845703 227.0531005859375 
637.38055419921875 126.85958099365234 230.46199035644531 
637.84814453125 126.41502380371094 233.78201293945312 
639.0341796875 125.61037445068359 240.35542297363281 
639.60400390625 125.34499359130859 243.67958068847656 
640.182373046875 125.11911010742188 247.01812744140625 
667.47991943359375 114.62651824951172 409.95843505859375 
663.6124267578125 112.79000854492188 408.70419311523438 
665.2708740234375 113.46878051757812 411.56109619140625 
668.0499267578125 114.49806213378906 412.92361450195312 
666.544189453125 113.64549255371094 414.757568359375 
668.67498779296875 114.30915832519531 415.86053466796875 
642.9334716796875 124.20105743408203 260.09906005859375 
643.69427490234375 123.99880218505859 263.37158203125 
644.4305419921875 123.83412170410156 266.65304565429688 
645.138671875 123.70909118652344 269.94052124023438 
645.75482177734375 123.65084838867188 273.2327880859375 
646.69873046875 123.34634399414062 276.3792724609375 
647.625732421875 123.07168579101562 279.51470947265625 
648.36029052734375 122.96014404296875 282.74658203125 
649.1297607421875 122.83578491210938 285.96099853515625 
649.67864990234375 122.84667205810547 289.229736328125 
650.00689697265625 122.94012451171875 292.53359985351562 
650.5128173828125 122.91609954833984 295.83010864257812 
651.2105712890625 122.79046630859375 299.13198852539062 
651.8836669921875 122.66739654541016 302.45419311523438 
652.58831787109375 122.52027130126953 305.77133178710938 
653.33343505859375 122.34525299072266 309.07192993164062 
654.141845703125 122.15029144287109 312.34646606445312 
654.99853515625 121.94291687011719 315.59823608398438 
655.86724853515625 121.72696685791016 318.84454345703125 
656.69482421875 121.50737762451172 322.09988403320312 
657.47283935546875 121.28392791748047 325.37356567382812 
658.18145751953125 121.05898284912109 328.66415405273438 
658.79669189453125 120.83637237548828 331.97225952148438 
659.25238037109375 120.60232543945312 335.29400634765625 
659.591796875 120.35881042480469 338.62759399414062 
659.87982177734375 120.11658477783203 341.98175048828125 
660.1414794921875 119.86358642578125 345.3394775390625 
660.55975341796875 119.59028625488281 348.6859130859375 
661.0948486328125 119.30506134033203 352.0208740234375 
661.70654296875 119.02516937255859 355.3489990234375 
662.31256103515625 118.73602294921875 358.6824951171875 
662.9183349609375 118.44110870361328 362.0274658203125 
663.526123046875 118.1417236328125 365.36624145507812 
664.35394287109375 117.8455810546875 368.65249633789062 
664.9853515625 117.56631469726562 371.90057373046875 
665.064208984375 117.31432342529297 375.17678833007812 
665.43548583984375 117.06037902832031 378.39141845703125 
665.88690185546875 116.81548309326172 381.5989990234375 
666.357421875 116.57855224609375 384.8189697265625 
666.78668212890625 116.36100769042969 388.1123046875 
667.20452880859375 116.15642547607422 391.45681762695312 
667.55389404296875 115.96999359130859 394.84353637695312 
667.91583251953125 115.79461669921875 398.22763061523438 
668.29425048828125 115.62191009521484 401.59396362304688 
668.6944580078125 115.43949890136719 404.96484375 
633.25933837890625 132.85639953613281 218.50010681152344 
634.77154541015625 132.00259399414062 215.76118469238281 
633.14599609375 134.03929138183594 215.26976013183594 
634.7891845703125 132.90213012695312 212.64891052246094 
669.443359375 115.26313781738281 408.24685668945312 
636.081298828125 129.9921875 217.15023803710938 
636.37060546875 130.54501342773438 213.43392944335938 
633.082763671875 135.1190185546875 212.07418823242188 
634.62921142578125 133.79612731933594 209.48509216308594 
636.2244873046875 131.61521911621094 209.950927734375 
670.3109130859375 115.08516693115234 411.5223388671875 
670.91375732421875 114.89424133300781 414.81723022460938 
670.43182373046875 114.53964996337891 418.03662109375 
667.4737548828125 113.49600982666016 418.140869140625 
632.92974853515625 135.89151000976562 208.83023071289062 
669.38189697265625 113.95063781738281 421.00180053710938 
638.441162109375 125.60767364501953 220.95660400390625 
637.31781005859375 127.76145935058594 218.90357971191406 
637.2098388671875 127.50387573242188 221.78852844238281 
638.89776611328125 125.28704833984375 217.12420654296875 
637.49932861328125 128.18331909179688 215.43621826171875 
638.5350341796875 126.68290710449219 213.67964172363281 
637.7305908203125 128.47315979003906 212.45597839355469 
638.04925537109375 126.02494812011719 224.11299133300781 
639.45135498046875 123.5643310546875 223.58984375 
669.3623046875 116.31620788574219 385.775146484375 
671.566162109375 116.32366180419922 382.25863647460938 
670.99664306640625 116.5618896484375 379.0283203125 
670.44427490234375 116.80976867675781 375.81076049804688 
670.36279296875 117.00208282470703 372.57275390625 
667.89947509765625 117.48279571533203 369.10198974609375 
672.14227294921875 116.08979034423828 385.53164672851562 
669.74334716796875 116.12767791748047 388.56661987304688 
666.77777099609375 117.81600952148438 365.86431884765625 
670.93829345703125 117.08757781982422 369.33563232421875 
669.72369384765625 117.44524383544922 366.28323364257812 
668.9586181640625 117.73887634277344 363.01351928710938 
666.027099609375 118.11166381835938 362.56512451171875 
668.337158203125 118.00508880615234 359.71572875976562 
665.4066162109375 118.39307403564453 359.25082397460938 
667.76800537109375 118.25704956054688 356.40719604492188 
664.82342529296875 118.67198944091797 355.93499755859375 
667.14410400390625 118.50527191162109 353.1251220703125 
664.20794677734375 118.93682098388672 352.65090942382812 
666.412353515625 118.77630615234375 349.88214111328125 
663.52093505859375 119.20703125 349.47579956054688 
665.60357666015625 119.04888916015625 346.65899658203125 
662.60321044921875 119.48487854003906 346.88015747070312 
662.7105712890625 119.60021209716797 344.22052001953125 
665.002685546875 119.26082611083984 343.37680053710938 
662.57073974609375 119.76352691650391 341.12908935546875 
662.93658447265625 119.77660369873047 338.49517822265625 
662.290771484375 119.97633361816406 335.876220703125 
661.755859375 120.15674591064453 332.69525146484375 
661.09747314453125 120.33489990234375 329.44146728515625 
660.362060546875 120.50067138671875 326.18374633789062 
659.53277587890625 120.68963623046875 322.96795654296875 
658.59619140625 120.89454650878906 319.75201416015625 
657.60699462890625 121.10498809814453 316.56961059570312 
656.64178466796875 121.31254577636719 313.373046875 
655.73748779296875 121.4931640625 310.14007568359375 
672.70062255859375 115.86359405517578 388.86239624023438 
670.18585205078125 115.91735076904297 391.8668212890625 
654.8642578125 121.63890838623047 306.88262939453125 
654.05877685546875 121.76654052734375 303.60433959960938 
653.302978515625 121.86623382568359 300.33792114257812 
652.559814453125 121.93982696533203 297.15866088867188 
664.930908203125 119.32695007324219 340.106689453125 
664.89764404296875 119.33287811279297 336.836181640625 
664.48309326171875 119.38699340820312 333.5504150390625 
663.71820068359375 119.53746032714844 330.31903076171875 
662.9219970703125 119.66778564453125 327.073974609375 
662.127685546875 119.75785064697266 323.83599853515625 
661.1259765625 119.94824981689453 320.662109375 
660.0537109375 120.16563415527344 317.51730346679688 
658.95745849609375 120.37250518798828 314.38381958007812 
657.9615478515625 120.56293487548828 311.21051025390625 
657.0172119140625 120.69500732421875 308.00588989257812 
656.11346435546875 120.78652191162109 304.76141357421875 
655.25396728515625 120.85350036621094 301.51068115234375 
654.4307861328125 120.88349914550781 298.24679565429688 
651.92822265625 122.01081848144531 294.45651245117188 
653.56329345703125 120.9476318359375 294.99057006835938 
652.572265625 121.11613464355469 291.81509399414062 
652.28350830078125 120.58321380615234 288.72390747070312 
652.148681640625 119.75257110595703 285.76425170898438 
651.23638916015625 119.98686218261719 282.57284545898438 
650.3001708984375 120.15369415283203 279.41189575195312 
649.30609130859375 120.51721954345703 276.34249877929688 
648.2938232421875 121.08127593994141 273.36129760742188 
647.629638671875 120.96366119384766 270.07650756835938 
646.779296875 121.16722106933594 266.84365844726562 
645.96209716796875 121.33788299560547 263.59347534179688 
645.14581298828125 121.55133056640625 260.34774780273438 
644.29766845703125 121.90946960449219 257.11099243164062 
643.58270263671875 122.07223510742188 253.8289794921875 
642.9447021484375 122.15506744384766 250.50326538085938 
642.30224609375 122.34992980957031 247.17605590820312 
641.6748046875 122.58217620849609 243.83978271484375 
641.0703125 122.84243011474609 240.51071166992188 
640.503173828125 123.1072998046875 237.16725158691406 
639.996337890625 123.383544921875 233.83023071289062 
639.57733154296875 123.66826629638672 230.46745300292969 
639.390869140625 123.73487091064453 227.06526184082031 
673.253173828125 115.64305877685547 392.2337646484375 
670.62506103515625 115.72352600097656 395.2567138671875 
639.68768310546875 123.25614166259766 220.05088806152344 
673.76947021484375 115.4454345703125 395.61587524414062 
671.0509033203125 115.54649353027344 398.64627075195312 
674.28802490234375 115.26199340820312 398.98651123046875 
671.5037841796875 115.38734436035156 402.01943969726562 
674.7923583984375 115.09311676025391 402.34487915039062 
672.0711669921875 115.21562957763672 405.34918212890625 
675.41876220703125 114.91753387451172 405.65798950195312 
672.78076171875 115.04460906982422 408.64862060546875 
676.0196533203125 114.74559783935547 408.95242309570312 
673.60107421875 114.86211395263672 411.92984008789062 
676.5911865234375 114.57924652099609 412.2568359375 
675.23602294921875 114.64797210693359 415.2705078125 
637.511962890625 129.45506286621094 209.93798828125 
638.67803955078125 127.24480438232422 209.9644775390625 
673.94488525390625 114.71494293212891 418.29837036132812 
672.7115478515625 114.6092529296875 421.26513671875 
671.6165771484375 114.3131103515625 424.18649291992188 
675.9158935546875 114.23484802246094 431.63479614257812 
679.76177978515625 114.07540893554688 433.6644287109375 
680.08984375 114.01217651367188 430.58847045898438 
683.2803955078125 113.66866302490234 432.21734619140625 
683.23583984375 113.66434478759766 435.43817138671875 
679.67974853515625 114.07193756103516 436.92446899414062 
682.72344970703125 113.74599456787109 438.72238159179688 
679.614501953125 114.0738525390625 440.10491943359375 
676.513916015625 113.92343139648438 438.66729736328125 
676.1624755859375 114.06631469726562 435.34072875976562 
677.71405029296875 114.22071075439453 428.47076416015625 
680.5023193359375 113.87275695800781 428.11334228515625 
683.05487060546875 113.65473175048828 429.1947021484375 
679.1845703125 114.04252624511719 425.8876953125 
682.296630859375 113.69077301025391 426.19964599609375 
685.377685546875 113.36370086669922 427.20559692382812 
686.0556640625 113.33338165283203 430.5130615234375 
686.5047607421875 113.28559112548828 433.7940673828125 
681.9503173828125 113.85462188720703 441.3828125 
676.95751953125 113.78130340576172 441.94000244140625 
679.86505126953125 114.02243041992188 443.14114379882812 
686.67645263671875 113.29976654052734 437.65826416015625 
684.75885009765625 113.51700592041016 441.12716674804688 
682.700927734375 113.80845642089844 443.83114624023438 
688.10595703125 113.17349243164062 441.21719360351562 
685.79266357421875 113.46564483642578 444.0814208984375 
688.9833984375 113.12564086914062 444.40957641601562 
686.50457763671875 113.43629455566406 447.104736328125 
683.36285400390625 113.77793121337891 446.77944946289062 
680.40863037109375 113.97810363769531 446.20294189453125 
677.49176025390625 113.67585754394531 445.20706176757812 
689.7205810546875 113.08837127685547 447.52896118164062 
687.20440673828125 113.46723175048828 450.12234497070312 
684.00994873046875 113.7864990234375 449.7689208984375 
681.006591796875 113.92681121826172 449.30731201171875 
678.0770263671875 113.57444763183594 448.45791625976562 
690.45574951171875 113.06866455078125 450.65151977539062 
687.99188232421875 113.42277526855469 453.05453491210938 
684.85882568359375 113.74516296386719 452.62966918945312 
681.7774658203125 113.87601470947266 452.30999755859375 
678.73876953125 113.49877166748047 451.66787719726562 
685.82281494140625 113.72637176513672 455.05267333984375 
682.94012451171875 113.84201049804688 455.17544555664062 
679.65374755859375 113.47103881835938 454.794189453125 
691.218017578125 113.04756164550781 453.81729125976562 
688.53936767578125 113.44733428955078 456.08908081054688 
685.09295654296875 113.86003875732422 458.08346557617188 
680.93896484375 113.59530639648438 457.85238647460938 
682.41339111328125 113.77092742919922 461.12261962890625 
686.455810546875 113.88842010498047 461.7291259765625 
689.1590576171875 113.50107574462891 459.34979248046875 
691.9505615234375 113.05039978027344 457.07135009765625 
692.76556396484375 113.13079833984375 460.39138793945312 
690.1943359375 113.53433227539062 462.57669067382812 
688.0372314453125 113.875732421875 464.43264770507812 
684.29864501953125 113.90215301513672 464.78512573242188 
691.07171630859375 113.57830047607422 465.70257568359375 
688.07366943359375 113.93303680419922 467.16677856445312 
684.65301513671875 113.89422607421875 468.54489135742188 
688.30767822265625 114.04819488525391 470.54415893554688 
691.64324951171875 113.68806457519531 468.96856689453125 
684.7967529296875 113.88295745849609 471.80831909179688 
687.7760009765625 114.16464233398438 473.84552001953125 
691.82159423828125 113.89240264892578 472.98928833007812 
684.62432861328125 113.82204437255859 474.4996337890625 
686.13079833984375 114.05652618408203 476.74969482421875 
689.69915771484375 114.25070953369141 476.6353759765625 
693.312255859375 113.94535827636719 476.81820678710938 
693.65673828125 113.19409942626953 463.70440673828125 
694.50146484375 113.22076416015625 466.98507690429688 
695.20245361328125 113.33808898925781 470.4547119140625 
696.021484375 113.42289733886719 474.00668334960938 
687.5706787109375 114.30308532714844 479.66500854492188 
690.9365234375 114.37797546386719 479.87298583984375 
694.39361572265625 114.06941986083984 480.23806762695312 
697.01702880859375 113.49261474609375 477.45901489257812 
698.08892822265625 113.58709716796875 480.77578735351562 
695.55218505859375 114.19994354248047 483.47015380859375 
692.0618896484375 114.53779602050781 483.11383056640625 
699.294677734375 113.66483306884766 483.9510498046875 
696.85455322265625 114.31559753417969 486.563720703125 
693.3333740234375 114.71156311035156 486.2452392578125 
700.605224609375 113.73740386962891 487.08547973632812 
698.28985595703125 114.45246124267578 489.6788330078125 
694.77935791015625 114.90740966796875 489.3782958984375 
701.96533203125 113.84059143066406 490.24966430664062 
699.75030517578125 114.61965942382812 492.79180908203125 
696.24609375 115.11132049560547 492.44979858398438 
703.30096435546875 113.98922729492188 493.44970703125 
701.15814208984375 114.86183166503906 495.94561767578125 
697.73944091796875 115.37252807617188 495.53009033203125 
704.52325439453125 114.26416015625 496.75112915039062 
702.4423828125 115.24674987792969 499.14825439453125 
699.19091796875 115.72871398925781 498.64163208007812 
700.6365966796875 116.17200469970703 501.65695190429688 
703.470703125 115.68753814697266 501.94000244140625 
705.55157470703125 114.72628021240234 500.17922973632812 
702.4464111328125 116.58172607421875 504.4549560546875 
706.23480224609375 115.55641174316406 504.05007934570312 
708.69793701171875 113.99486541748047 501.36563110351562 
710.0380859375 114.49675750732422 504.85687255859375 
708.50836181640625 116.13175964355469 507.72842407226562 
704.6622314453125 117.065185546875 507.41177368164062 
707.0103759765625 117.86792755126953 510.87362670898438 
710.78546142578125 116.55009460449219 510.83914184570312 
711.8238525390625 114.87111663818359 508.1126708984375 
688.69915771484375 114.50406646728516 482.78103637695312 
689.86688232421875 114.74162292480469 485.943115234375 
691.2576904296875 115.00845336914062 489.0533447265625 
692.74493408203125 115.3145751953125 492.18618774414062 
694.24017333984375 115.64312744140625 495.2562255859375 
695.75213623046875 116.03258514404297 498.32571411132812 
697.26934814453125 116.51667785644531 501.37551879882812 
698.88946533203125 117.06996154785156 504.32028198242188 
700.685546875 117.66102600097656 507.11749267578125 
702.663330078125 118.40031433105469 509.98117065429688 
674.385986328125 114.28904724121094 428.386962890625 
676.12249755859375 114.42826080322266 425.99273681640625 
707.68414306640625 113.54961395263672 497.8536376953125 
706.63134765625 113.28041839599609 494.48211669921875 
705.475830078125 113.15148162841797 491.204345703125 
704.2574462890625 113.09380340576172 487.97109985351562 
703.02532958984375 113.07852935791016 484.78720092773438 
701.843017578125 113.05833435058594 481.59884643554688 
700.7237548828125 113.02285003662109 478.3453369140625 
699.70269775390625 112.98870849609375 475.04522705078125 
698.7633056640625 112.9437255859375 471.6822509765625 
697.888916015625 112.87042999267578 468.28912353515625 
696.98876953125 112.82643127441406 464.93319702148438 
696.09564208984375 112.78310394287109 461.57601928710938 
695.25762939453125 112.69087982177734 458.17962646484375 
694.4251708984375 112.67046356201172 454.85580444335938 
693.61676025390625 112.66999053955078 451.57220458984375 
692.82537841796875 112.69570922851562 448.32235717773438 
692.07379150390625 112.67774963378906 445.10897827148438 
691.2794189453125 112.71045684814453 441.89358520507812 
690.40325927734375 112.76161193847656 438.59902954101562 
689.64215087890625 112.79456329345703 435.19992065429688 
689.02203369140625 112.80397796630859 431.84017944335938 
688.33697509765625 112.85753631591797 428.548583984375 
684.364990234375 113.49665832519531 423.48049926757812 
687.57977294921875 112.93109130859375 425.16082763671875 
680.834228515625 113.88632965087891 423.25881958007812 
677.59716796875 114.25916290283203 423.28546142578125 
686.99603271484375 112.96870422363281 421.8262939453125 
684.741455078125 113.45171356201172 420.46524047851562 
682.26763916015625 113.77108001708984 420.47781372070312 
679.07861328125 114.10848999023438 420.48126220703125 
673.60260009765625 114.41002655029297 425.93939208984375 
674.5372314453125 114.50898742675781 423.54736328125 
675.82415771484375 114.50510406494141 420.77438354492188 
686.4044189453125 113.03199768066406 418.71820068359375 
683.70062255859375 113.62413024902344 417.95053100585938 
680.65374755859375 113.99626159667969 417.71163940429688 
677.24847412109375 114.35852813720703 417.86044311523438 
682.42803955078125 113.82603454589844 415.07583618164062 
685.5394287109375 113.17085266113281 415.64093017578125 
678.88299560546875 114.24383544921875 414.99295043945312 
680.86920166015625 114.07935333251953 412.220947265625 
684.46392822265625 113.3875732421875 412.50152587890625 
682.9954833984375 113.72369384765625 409.06588745117188 
679.2542724609375 114.35960388183594 409.87274169921875 
679.41839599609375 114.40860748291016 406.9964599609375 
682.90728759765625 113.69844055175781 405.35513305664062 
679.41259765625 114.50435638427734 403.23098754882812 
682.99639892578125 113.63214111328125 402.54434204101562 
681.74755859375 113.99471282958984 400.03802490234375 
678.119873046875 114.7978515625 399.661376953125 
680.78802490234375 114.25038146972656 396.89950561523438 
677.34027099609375 115.00949096679688 396.33953857421875 
680.0616455078125 114.46022033691406 393.65499877929688 
676.707275390625 115.20320892333984 393.00265502929688 
679.432373046875 114.63405609130859 390.34915161132812 
676.1029052734375 115.40463256835938 389.6636962890625 
678.8243408203125 114.79110717773438 386.97137451171875 
675.5374755859375 115.58197784423828 386.24911499023438 
678.23944091796875 114.9461669921875 383.64190673828125 
674.98883056640625 115.77249908447266 382.94668579101562 
677.65777587890625 115.14993286132812 380.37664794921875 
674.40631103515625 116.00115966796875 379.69818115234375 
676.99560546875 115.38288116455078 377.07171630859375 
673.71331787109375 116.2484130859375 376.49072265625 
675.96124267578125 115.76490783691406 373.43408203125 
672.82318115234375 116.53413391113281 373.88302612304688 
673.172607421875 116.57347106933594 371.06277465820312 
675.5489501953125 115.88875579833984 369.38516235351562 
672.71905517578125 116.77848052978516 367.64614868164062 
674.57733154296875 116.20702362060547 365.68215942382812 
676.971435546875 114.83527374267578 367.06295776367188 
675.9443359375 115.15592193603516 363.55126953125 
671.86126708984375 117.07345581054688 364.25604248046875 
673.68597412109375 116.53473663330078 362.25961303710938 
675.0352783203125 115.41157531738281 360.28759765625 
671.12115478515625 117.35096740722656 360.9345703125 
672.92132568359375 116.77487182617188 358.9761962890625 
674.206787109375 115.60620880126953 357.11526489257812 
670.51092529296875 117.58620452880859 357.65762329101562 
672.27581787109375 116.94710540771484 355.77374267578125 
673.44287109375 115.76229095458984 354.00372314453125 
671.76226806640625 117.00626373291016 352.65640258789062 
669.9671630859375 117.78038787841797 354.34750366210938 
671.404052734375 116.92336273193359 350.06619262695312 
669.54986572265625 117.91459655761719 350.74020385742188 
672.6612548828125 115.77777099609375 351.02969360351562 
671.81756591796875 115.97196197509766 348.1661376953125 
670.439453125 117.38397979736328 347.71408081054688 
704.3590087890625 119.37153625488281 512.8331298828125 
707.31231689453125 119.1378173828125 513.710205078125 
709.90155029296875 118.17205047607422 513.517333984375 
668.2955322265625 118.33534240722656 347.44198608398438 
670.78173828125 116.38024139404297 345.2569580078125 
669.2584228515625 117.8406982421875 344.90438842773438 
667.33966064453125 118.66163635253906 344.90884399414062 
669.527099609375 116.99286651611328 342.28704833984375 
667.561279296875 118.50020599365234 342.33804321289062 
705.9130859375 120.41963195800781 515.4775390625 
708.9515380859375 119.80104827880859 515.98614501953125 
671.55877685546875 113.91480255126953 427.41363525390625 
672.0133056640625 113.64671325683594 430.69244384765625 
672.7161865234375 113.4774169921875 433.96295166015625 
673.44378662109375 113.32728576660156 437.26370239257812 
674.1368408203125 113.17594909667969 440.59396362304688 
674.7900390625 113.02879333496094 443.95315551757812 
675.40081787109375 112.87642669677734 447.33038330078125 
676.03363037109375 112.74123382568359 450.70803833007812 
676.703369140625 112.63755798339844 454.052734375 
677.66961669921875 112.68240356445312 457.28237915039062 
678.889892578125 112.87339019775391 460.42483520507812 
680.330810546875 113.17851257324219 463.51394653320312 
681.19146728515625 113.25177764892578 466.6978759765625 
681.461181640625 113.13615417480469 470.00875854492188 
681.84619140625 113.08524322509766 473.40524291992188 
682.50146484375 113.16928100585938 476.717041015625 
684.428466796875 113.73782348632812 479.390869140625 
667.80523681640625 117.98362731933594 338.94378662109375 
666.80389404296875 117.86846923828125 335.35598754882812 
666.32354736328125 117.71253967285156 332.65652465820312 
665.3731689453125 118.16421508789062 330.36935424804688 
664.40863037109375 118.53555297851562 328.04937744140625 
678.3525390625 114.36019134521484 371.40451049804688 
678.50439453125 112.93229675292969 367.87567138671875 
677.572509765625 113.23810577392578 364.76895141601562 
676.63873291015625 113.51153564453125 361.64535522460938 
675.70361328125 113.7691650390625 358.51434326171875 
674.7939453125 113.98948669433594 355.36288452148438 
673.86651611328125 114.17054748535156 352.2105712890625 
672.86724853515625 114.18690490722656 349.09146118164062 
671.8724365234375 114.46166229248047 345.96145629882812 
670.83538818359375 114.92937469482422 342.871337890625 
669.73602294921875 115.57302856445312 339.84051513671875 
668.67156982421875 115.95000457763672 336.754150390625 
667.63958740234375 116.21644592285156 333.64755249023438 
666.6534423828125 116.42356872558594 330.52810668945312 
665.66357421875 116.49869537353516 327.40255737304688 
663.866455078125 118.25999450683594 325.31573486328125 
679.0718994140625 114.20068359375 374.64218139648438 
679.7725830078125 114.02632141113281 377.875244140625 
680.449462890625 113.84722900390625 381.13299560546875 
681.11224365234375 113.68656158447266 384.41717529296875 
681.75732421875 113.53904724121094 387.70816040039062 
682.41412353515625 113.39605712890625 390.99368286132812 
683.06927490234375 113.24566650390625 394.24771118164062 
683.870849609375 113.03022766113281 397.42742919921875 
684.8846435546875 112.71412658691406 400.54910278320312 
685.6959228515625 112.48845672607422 403.71768188476562 
686.2734375 112.42169189453125 406.92306518554688 
686.71002197265625 112.45667266845703 410.1744384765625 
687.4658203125 112.33981323242188 413.42694091796875 
688.20416259765625 112.25103759765625 416.71014404296875 
688.919677734375 112.20086669921875 420.02780151367188 
689.62066650390625 112.16018676757812 423.33773803710938 
690.3260498046875 112.12576293945312 426.64361572265625 
691.0404052734375 112.09719085693359 429.92776489257812 
691.76312255859375 112.10006713867188 433.22332763671875 
692.52215576171875 112.08710479736328 436.47689819335938 
693.29681396484375 112.075927734375 439.7208251953125 
694.09637451171875 112.06284332275391 442.9608154296875 
694.886474609375 112.09324645996094 446.23236083984375 
695.662841796875 112.15859222412109 449.5386962890625 
696.51678466796875 112.16217041015625 452.81869506835938 
697.4000244140625 112.18370056152344 456.13626098632812 
698.2979736328125 112.22500610351562 459.4876708984375 
699.20068359375 112.29566192626953 462.88491821289062 
700.13623046875 112.35593414306641 466.26724243164062 
701.09613037109375 112.4031982421875 469.6087646484375 
702.08709716796875 112.42259979248047 472.9012451171875 
703.10504150390625 112.42807769775391 476.16778564453125 
704.1663818359375 112.42432403564453 479.41705322265625 
705.254638671875 112.40995025634766 482.66278076171875 
706.38140869140625 112.36254119873047 485.89004516601562 
707.502685546875 112.31855010986328 489.11569213867188 
708.596435546875 112.29816436767578 492.35519409179688 
709.63812255859375 112.36293029785156 495.62890625 
710.683349609375 112.53093719482422 498.94241333007812 
711.8184814453125 112.77349090576172 502.22714233398438 
713.08197021484375 113.06969451904297 505.43212890625 
664.653076171875 116.42203521728516 324.26934814453125 
662.95538330078125 118.05345916748047 321.56674194335938 
714.4156494140625 113.35710906982422 508.53607177734375 
713.80023193359375 115.02274322509766 511.19131469726562 
712.831787109375 116.79256439208984 513.65423583984375 
685.71295166015625 114.07064819335938 482.39712524414062 
711.70550537109375 118.6837158203125 516.1685791015625 
686.54132080078125 114.31365203857422 485.673095703125 
687.93511962890625 114.68027496337891 488.73812866210938 
689.402587890625 115.08554077148438 491.83456420898438 
690.8927001953125 115.52377319335938 494.943115234375 
692.36187744140625 116.01311492919922 498.05499267578125 
693.8668212890625 116.57693481445312 501.13198852539062 
695.38873291015625 117.21492767333984 504.12060546875 
696.94586181640625 117.93059539794922 506.99069213867188 
698.64306640625 118.73062896728516 509.7142333984375 
700.47955322265625 119.67462158203125 512.35162353515625 
702.474609375 120.746826171875 514.98345947265625 
663.781494140625 116.11077117919922 321.07913208007812 
662.8128662109375 116.42858123779297 318.11199951171875 
661.63134765625 118.61090850830078 317.99676513671875 
661.70855712890625 117.42032623291016 315.3668212890625 
660.52081298828125 118.9774169921875 314.88760375976562 
660.67816162109375 117.61767578125 312.28500366210938 
659.472900390625 119.16873931884766 311.76724243164062 
659.6820068359375 117.78540802001953 309.178955078125 
658.4969482421875 119.3226318359375 308.6187744140625 
658.70648193359375 117.93743896484375 306.03582763671875 
657.55389404296875 119.42475128173828 305.44155883789062 
657.75701904296875 118.02908325195312 302.86141967773438 
656.6497802734375 119.48802947998047 302.23248291015625 
656.79522705078125 118.03348541259766 299.69146728515625 
655.73291015625 119.48420715332031 299.02117919921875 
655.879150390625 117.92483520507812 296.4791259765625 
654.8516845703125 119.513427734375 295.85317993164062 
655.02069091796875 117.84651184082031 293.32073974609375 
653.92181396484375 119.73793792724609 292.966064453125 
653.97381591796875 118.91431427001953 291.05804443359375 
653.1976318359375 119.99411010742188 290.63421630859375 
704.46673583984375 121.88820648193359 517.5743408203125 
707.62872314453125 121.47819519042969 518.23480224609375 
652.98388671875 119.56311798095703 288.54315185546875 
710.48529052734375 120.73681640625 518.85498046875 
630.87066650390625 102.62158966064453 186.92909240722656 
633.4617919921875 101.22376251220703 188.47898864746094 
632.043701171875 97.690628051757812 187.7528076171875 
632.18890380859375 104.96977996826172 189.96856689453125 
629.47271728515625 99.884681701660156 184.88603210449219 
638.45562744140625 121.09872436523438 199.07647705078125 
637.758544921875 123.96414184570312 198.90951538085938 
638.577392578125 123.8846435546875 201.09756469726562 
637.23907470703125 126.86935424804688 199.64547729492188 
638.86737060546875 126.38238525390625 204.80870056152344 
639.67681884765625 123.71408081054688 204.09405517578125 
638.21673583984375 126.31709289550781 202.36740112304688 
639.40399169921875 125.54433441162109 207.03759765625 
640.296630859375 123.133544921875 207.20130920410156 
640.7716064453125 120.77156066894531 205.59440612792969 
639.75872802734375 121.44719696044922 202.32786560058594 
640.60760498046875 118.71657562255859 203.31080627441406 
639.61212158203125 119.23407745361328 200.71826171875 
640.031494140625 116.68856048583984 201.01730346679688 
638.697509765625 118.06041717529297 198.44013977050781 
639.24365234375 115.15419769287109 198.82585144042969 
640.98748779296875 115.70249176025391 203.60382080078125 
640.32598876953125 113.82696533203125 201.19549560546875 
641.33160400390625 117.61666107177734 205.84196472167969 
637.8677978515625 128.55409240722656 204.51181030273438 
637.104248046875 128.87959289550781 201.83160400390625 
638.33441162109375 127.99382781982422 207.26655578613281 
639.3394775390625 112.13003540039062 198.76388549804688 
638.088134765625 113.51284027099609 196.97390747070312 
637.6383056640625 116.32939910888672 196.52073669433594 
636.71514892578125 130.72557067871094 204.43695068359375 
637.18841552734375 130.20137023925781 207.20857238769531 
635.97772216796875 131.25007629394531 201.72798156738281 
635.41558837890625 132.80361938476562 204.41157531738281 
635.85784912109375 132.30474853515625 207.14036560058594 
635.99273681640625 129.69140625 199.22770690917969 
634.739013671875 133.3758544921875 201.77760314941406 
634.7777099609375 132.21463012695312 199.1197509765625 
633.3388671875 134.52955627441406 199.53111267089844 
633.4273681640625 135.19068908691406 202.08238220214844 
633.96929931640625 134.75244140625 204.36740112304688 
634.3707275390625 134.34075927734375 206.86238098144531 
636.3118896484375 113.89695739746094 195.25076293945312 
637.4327392578125 110.71231079101562 196.11074829101562 
635.01025390625 111.54868316650391 194.31672668457031 
635.80072021484375 108.53704833984375 194.23341369628906 
633.385009765625 109.25692749023438 193.15127563476562 
634.17401123046875 106.36433410644531 192.14115905761719 
637.12274169921875 119.46491241455078 196.28897094726562 
637.297119140625 122.36653900146484 197.03767395019531 
641.54412841796875 118.4722900390625 208.46090698242188 
641.00439453125 120.84579467773438 209.32203674316406 
635.72845458984375 117.10577392578125 194.78819274902344 
634.00714111328125 114.66513824462891 193.90507507324219 
632.2216796875 112.11378479003906 193.41754150390625 
639.17950439453125 109.44366455078125 198.53823852539062 
637.7120361328125 107.56342315673828 196.11126708984375 
640.37493896484375 111.00473022460938 201.24124145507812 
641.170166015625 112.79145050048828 203.86369323730469 
641.6380615234375 114.69983673095703 206.36325073242188 
636.234130859375 105.51412963867188 193.71170043945312 
641.8739013671875 116.53703308105469 208.78921508789062 
640.3035888671875 123.17588043212891 210.22250366210938 
639.53314208984375 125.23123168945312 210.06268310546875 
630.58367919921875 109.41129302978516 192.85023498535156 
631.34417724609375 107.17351531982422 191.71014404296875 
631.318359375 136.39486694335938 198.85711669921875 
631.980712890625 136.5958251953125 201.33779907226562 
632.45294189453125 136.57063293457031 203.84941101074219 
632.74774169921875 136.30143737792969 206.34463500976562 
634.81109619140625 103.37446594238281 191.04647827148438 
629.58355712890625 97.072013854980469 185.77352905273438 
626.72021484375 96.425148010253906 184.88633728027344 
623.868896484375 95.7547607421875 185.20588684082031 
621.90631103515625 94.846977233886719 186.17991638183594 
619.6337890625 96.615989685058594 186.31340026855469 
620.0655517578125 93.749458312988281 187.78236389160156 
713.527587890625 110.58200836181641 499.49148559570312 
712.94537353515625 111.70989227294922 501.48794555664062 
712.47509765625 110.67267608642578 496.2218017578125 
711.45172119140625 110.80258941650391 492.99905395507812 
710.40313720703125 110.96940612792969 489.79107666015625 
709.3270263671875 111.13643646240234 486.56109619140625 
708.2486572265625 111.27501678466797 483.30224609375 
707.1888427734375 111.36434173583984 480.0179443359375 
706.1337890625 111.41078948974609 476.71466064453125 
705.10833740234375 111.41307830810547 473.39138793945312 
704.1055908203125 111.38701629638672 470.04342651367188 
703.12249755859375 111.34133911132812 466.66912841796875 
702.14691162109375 111.27503967285156 463.26394653320312 
701.18756103515625 111.1939697265625 459.85531616210938 
700.2513427734375 111.11057281494141 456.46575927734375 
699.6162109375 110.8446044921875 453.08245849609375 
698.65362548828125 110.8172607421875 449.774169921875 
697.57049560546875 110.89903259277344 446.49591064453125 
696.7255859375 110.85086059570312 443.20654296875 
695.89715576171875 110.81615447998047 439.92111206054688 
695.09747314453125 110.77442169189453 436.62640380859375 
694.33050537109375 110.72156524658203 433.31124877929688 
693.581298828125 110.66997528076172 429.98651123046875 
691.965576171875 111.37248992919922 427.60638427734375 
693.0809326171875 110.4130859375 426.6534423828125 
691.5401611328125 111.23179626464844 424.84835815429688 
690.9268798828125 111.17146301269531 421.63958740234375 
692.93975830078125 109.75930786132812 423.40896606445312 
691.97174072265625 110.01792144775391 420.13150024414062 
690.125244140625 111.28178405761719 418.3729248046875 
690.9794921875 110.27580261230469 416.8094482421875 
689.2899169921875 111.39285278320312 415.08334350585938 
690.03656005859375 110.48008728027344 413.48745727539062 
688.51141357421875 111.50892639160156 411.890625 
689.20709228515625 110.61145782470703 410.17440795898438 
687.902099609375 111.58567047119141 409.17849731445312 
688.40216064453125 110.75703430175781 406.900390625 
687.61572265625 110.89913177490234 403.63827514648438 
686.85308837890625 111.02632141113281 400.39700317382812 
685.341552734375 111.59580230712891 395.816162109375 
684.3955078125 111.91940307617188 392.3939208984375 
683.57122802734375 112.16785430908203 389.12551879882812 
682.7763671875 112.39336395263672 385.86199951171875 
686.929443359375 109.48646545410156 396.96829223632812 
686.01434326171875 109.89711761474609 393.7801513671875 
685.10357666015625 110.27912139892578 390.56246948242188 
684.19158935546875 110.65190124511719 387.31585693359375 
683.31402587890625 110.96971130371094 384.0435791015625 
682.02545166015625 112.60630798339844 382.66815185546875 
681.3614501953125 112.73534393310547 379.95181274414062 
714.67401123046875 110.50263214111328 502.75836181640625 
713.8822021484375 111.83244323730469 504.093017578125 
682.4462890625 111.23834228515625 380.76300048828125 
714.68023681640625 112.15956115722656 506.58673095703125 
715.876953125 110.39913940429688 505.9830322265625 
715.86431884765625 111.91316986083984 508.90225219726562 
681.51605224609375 111.34816741943359 377.494384765625 
680.6239013671875 111.39582061767578 374.242919921875 
679.73968505859375 111.38067626953125 370.9996337890625 
717.107421875 110.2337646484375 509.14425659179688 
639.98785400390625 106.38766479492188 208.85014343261719 
639.794677734375 106.27618408203125 205.920166015625 
640.8094482421875 108.21990966796875 208.23881530761719 
638.5692138671875 104.11919403076172 206.54055786132812 
639.16241455078125 104.98632049560547 209.68290710449219 
638.8004150390625 104.49709320068359 203.59652709960938 
639.77154541015625 106.51575469970703 203.20878601074219 
640.76953125 108.61692047119141 205.72384643554688 
638.00103759765625 103.52394866943359 209.46913146972656 
638.792236328125 104.63138580322266 212.23451232910156 
640.069580078125 106.44090270996094 211.94792175292969 
641.00970458984375 108.3421630859375 211.4093017578125 
641.55645751953125 110.60193634033203 208.28370666503906 
637.21533203125 102.98928070068359 212.38938903808594 
638.7064208984375 104.39411926269531 200.74557495117188 
623.3126220703125 92.12066650390625 190.77877807617188 
620.75311279296875 92.07232666015625 193.13386535644531 
620.37176513671875 92.471534729003906 189.94758605957031 
617.97137451171875 92.474067687988281 192.62251281738281 
630.1025390625 100.81636810302734 220.58067321777344 
626.6881103515625 99.863380432128906 219.55638122558594 
628.360107421875 99.477630615234375 216.83734130859375 
625.4239501953125 98.776863098144531 216.19486999511719 
626.99920654296875 98.309341430664062 213.56816101074219 
629.8226318359375 99.10015869140625 213.73590087890625 
631.4556884765625 100.43231201171875 216.8787841796875 
627.81427001953125 100.86850738525391 223.02589416503906 
624.99383544921875 100.37351226806641 222.00273132324219 
623.842041015625 99.400627136230469 218.65248107910156 
628.27508544921875 97.832656860351562 210.52618408203125 
625.90887451171875 97.363731384277344 210.84939575195312 
624.4276123046875 97.749755859375 212.95573425292969 
622.80316162109375 98.401893615722656 215.39324951171875 
621.98199462890625 97.405036926269531 212.02108764648438 
623.81072998046875 96.780632019042969 209.58851623535156 
626.20953369140625 96.564605712890625 207.26759338378906 
621.33807373046875 96.4329833984375 208.49038696289062 
623.3214111328125 95.792503356933594 205.80209350585938 
629.38629150390625 97.399124145507812 206.93388366699219 
625.14990234375 95.4052734375 203.58419799804688 
627.61212158203125 96.016357421875 203.45623779296875 
620.74615478515625 95.382522583007812 204.53279113769531 
622.87890625 94.316474914550781 201.153564453125 
625.81744384765625 94.45611572265625 200.25949096679688 
628.67510986328125 95.198318481445312 199.90069580078125 
630.4478759765625 97.029426574707031 203.12504577636719 
631.10101318359375 98.815177917480469 210.2515869140625 
632.17498779296875 98.611427307128906 206.62252807617188 
633.1966552734375 98.363517761230469 202.911865234375 
631.4940185546875 96.384437561035156 199.4879150390625 
629.75152587890625 94.558708190917969 196.20870971679688 
626.88031005859375 93.51275634765625 196.7025146484375 
624.12677001953125 93.034889221191406 197.01576232910156 
621.50701904296875 92.759819030761719 196.97061157226562 
619.8831787109375 93.966949462890625 200.47929382324219 
630.25689697265625 101.59987640380859 224.15501403808594 
628.73309326171875 101.70387268066406 226.44198608398438 
626.04693603515625 101.25428771972656 225.435546875 
623.514404296875 101.06571960449219 224.44677734375 
622.37774658203125 100.21315002441406 221.03802490234375 
621.29058837890625 99.276206970214844 217.81407165527344 
620.34356689453125 98.301750183105469 214.50254821777344 
619.58740234375 97.351509094238281 211.031005859375 
618.97442626953125 96.443763732910156 207.37689208984375 
618.2252197265625 95.323371887207031 203.72525024414062 
628.0626220703125 93.334648132324219 193.22309875488281 
625.3143310546875 92.492134094238281 193.55023193359375 
622.94775390625 92.200859069824219 194.05220031738281 
618.88916015625 92.720863342285156 196.43611145019531 
617.32733154296875 94.101982116699219 200.01554870605469 
616.35980224609375 93.331512451171875 196.41224670410156 
626.52423095703125 92.8348388671875 190.3983154296875 
628.839111328125 93.786727905273438 190.42037963867188 
630.50494384765625 94.539436340332031 192.54730224609375 
632.34002685546875 95.945938110351562 195.63920593261719 
632.65594482421875 100.17475891113281 213.43681335449219 
633.73944091796875 100.06273651123047 209.90898132324219 
634.08099365234375 97.979576110839844 199.12322998046875 
634.72601318359375 100.10258483886719 206.42741394042969 
635.81353759765625 100.38727569580078 202.6669921875 
622.42877197265625 93.377128601074219 187.61112976074219 
625.21380615234375 93.620025634765625 187.40797424316406 
628.0732421875 94.44342041015625 187.62200927734375 
630.51043701171875 95.215850830078125 189.01622009277344 
632.5665283203125 96.156822204589844 191.66378784179688 
634.429931640625 97.743476867675781 195.09666442871094 
636.02923583984375 99.919357299804688 198.44088745117188 
637.4921875 102.23223114013672 201.22462463378906 
637.603515625 102.58800506591797 204.1407470703125 
636.8912353515625 101.98717498779297 206.52102661132812 
636.03564453125 101.6058349609375 209.61801147460938 
635.142333984375 101.48078918457031 212.92817687988281 
634.2227783203125 101.58489227294922 216.35784912109375 
633.32373046875 101.83965301513672 219.879150390625 
632.62554931640625 102.21711730957031 223.45808410644531 
631.709716796875 102.53079986572266 227.31494140625 
629.40936279296875 102.36410522460938 229.819580078125 
626.90057373046875 101.95528411865234 228.76652526855469 
627.5777587890625 102.42824554443359 231.54985046386719 
631.9119873046875 103.10102844238281 231.39509582519531 
629.57904052734375 102.82594299316406 233.19778442382812 
624.439453125 101.828857421875 227.87867736816406 
625.3341064453125 102.40026092529297 231.19261169433594 
626.79815673828125 102.84554290771484 234.57485961914062 
629.68096923828125 103.15273284912109 236.6168212890625 
632.15789794921875 103.48928070068359 234.93936157226562 
627.313720703125 103.24236297607422 238.43125915527344 
629.97900390625 103.42568969726562 240.02626037597656 
674.99481201171875 93.642669677734375 489.17874145507812 
675.91546630859375 90.782546997070312 488.89117431640625 
675.5584716796875 92.212844848632812 491.21408081054688 
675.1121826171875 92.18414306640625 485.77606201171875 
632.396728515625 103.74156188964844 238.359130859375 
674.44281005859375 95.151840209960938 487.17868041992188 
627.7862548828125 103.50778198242188 241.8251953125 
674.0872802734375 95.145606994628906 484.37384033203125 
630.26611328125 103.63582611083984 243.22618103027344 
674.6629638671875 92.376289367675781 482.05264282226562 
632.55023193359375 103.9407958984375 241.68865966796875 
673.62200927734375 95.220176696777344 481.07357788085938 
628.35198974609375 103.67205810546875 245.03318786621094 
674.13641357421875 92.687934875488281 478.75839233398438 
630.4786376953125 103.74433135986328 245.92524719238281 
673.09130859375 95.382942199707031 477.78280639648438 
632.57049560546875 104.03200531005859 244.92634582519531 
673.59783935546875 93.022216796875 475.46969604492188 
632.048828125 104.00157928466797 248.38243103027344 
672.5665283203125 95.575851440429688 474.51901245117188 
629.13037109375 103.82486724853516 248.06568908691406 
672.93804931640625 93.571434020996094 472.23196411132812 
630.06536865234375 103.91431427001953 251.10430908203125 
672.04876708984375 95.927467346191406 471.69577026367188 
632.52392578125 104.09689331054688 251.46681213378906 
671.97723388671875 94.73016357421875 468.79360961914062 
633.9791259765625 103.59244537353516 229.64218139648438 
673.5775146484375 91.778190612792969 469.7845458984375 
634.41046142578125 104.09759521484375 233.18453979492188 
634.8035888671875 104.45450592041016 236.68215942382812 
634.9910888671875 104.63095092773438 240.12086486816406 
635.0479736328125 104.71011352539062 243.51142883300781 
634.9349365234375 104.68611145019531 246.86082458496094 
634.63323974609375 104.55860137939453 250.15130615234375 
634.7376708984375 104.54293060302734 253.43119812011719 
631.20452880859375 103.98365020751953 253.98123168945312 
632.759033203125 104.12969207763672 256.64181518554688 
629.1912841796875 104.11952209472656 257.00735473632812 
632.056396484375 104.05232238769531 259.48263549804688 
628.40203857421875 104.1275634765625 253.78688049316406 
627.41412353515625 104.14596557617188 250.5382080078125 
626.69927978515625 104.05488586425781 247.1712646484375 
625.9471435546875 103.9193115234375 243.78689575195312 
625.22174072265625 103.72418975830078 240.39268493652344 
624.81396484375 103.33816528320312 236.96687316894531 
623.8372802734375 103.04724884033203 233.66407775878906 
622.79193115234375 102.6397705078125 230.34901428222656 
622.29107666015625 101.85066986083984 226.82635498046875 
629.541015625 104.20896148681641 260.310791015625 
632.14971923828125 104.05776977539062 262.30343627929688 
630.21826171875 104.16447448730469 263.58270263671875 
632.5274658203125 104.00493621826172 265.1240234375 
630.91607666015625 104.10898590087891 266.8671875 
632.92364501953125 103.95777893066406 267.66976928710938 
634.9769287109375 104.53288269042969 256.68038940429688 
634.6790771484375 104.3760986328125 259.06362915039062 
634.404541015625 104.22447967529297 261.44366455078125 
634.52593994140625 104.13741302490234 263.916748046875 
634.72369384765625 104.06139373779297 266.40554809570312 
631.60638427734375 104.05481719970703 270.1707763671875 
635.08160400390625 103.98851776123047 269.72457885742188 
632.2899169921875 104.00055694580078 273.46871948242188 
635.5504150390625 103.90617370605469 273.02197265625 
632.9659423828125 103.93949127197266 276.75946044921875 
636.10162353515625 103.79931640625 276.29428100585938 
633.6328125 103.87431335449219 280.03857421875 
636.7000732421875 103.66532135009766 279.54937744140625 
634.2828369140625 103.79593658447266 283.31951904296875 
637.3021240234375 103.52657318115234 282.80517578125 
634.9410400390625 103.71441650390625 286.58963012695312 
637.89837646484375 103.37237548828125 286.06402587890625 
635.61505126953125 103.62557983398438 289.85800170898438 
638.49237060546875 103.19712066650391 289.33163452148438 
636.27850341796875 103.49758148193359 293.1334228515625 
639.09375 103.00237274169922 292.60116577148438 
637.214599609375 103.259765625 296.31796264648438 
639.725830078125 102.78349304199219 295.8787841796875 
638.33514404296875 102.94981384277344 299.406494140625 
640.37548828125 102.54367065429688 299.15606689453125 
641.07293701171875 102.30168914794922 302.43533325195312 
638.6529541015625 103.00196838378906 302.70547485351562 
639.23345947265625 102.95042419433594 305.99288940429688 
641.79791259765625 102.06256866455078 305.6993408203125 
640.01275634765625 102.79841613769531 309.26385498046875 
642.52447509765625 101.82286834716797 308.97299194335938 
640.789794921875 102.66146850585938 312.53671264648438 
643.2510986328125 101.59541320800781 312.25350952148438 
641.55718994140625 102.53362274169922 315.82223510742188 
643.95562744140625 101.37126922607422 315.52993774414062 
642.30267333984375 102.40975189208984 319.12591552734375 
644.63818359375 101.14149475097656 318.82254028320312 
643.032470703125 102.30388641357422 322.44692993164062 
645.30694580078125 100.91346740722656 322.13720703125 
643.7235107421875 102.22076416015625 325.79397583007812 
645.956787109375 100.69841766357422 325.4794921875 
644.38037109375 102.16709136962891 329.13449096679688 
646.57623291015625 100.50752258300781 328.81436157226562 
645.0235595703125 102.14656829833984 332.44467163085938 
647.19482421875 100.33406829833984 332.1224365234375 
645.673095703125 102.14243316650391 335.70928955078125 
647.81817626953125 100.18559265136719 335.39651489257812 
646.3330078125 102.13185119628906 338.93624877929688 
648.4532470703125 100.04823303222656 338.65188598632812 
647.00030517578125 102.12163543701172 342.1644287109375 
649.10113525390625 99.927490234375 341.88864135742188 
647.6707763671875 102.11074829101562 345.4078369140625 
649.76318359375 99.802604675292969 345.14410400390625 
648.364501953125 102.07390594482422 348.68316650390625 
650.4344482421875 99.673660278320312 348.4212646484375 
649.11328125 101.95216369628906 351.93603515625 
651.1175537109375 99.526985168457031 351.72845458984375 
649.92474365234375 101.73375701904297 355.1424560546875 
651.7979736328125 99.362525939941406 355.02508544921875 
650.65863037109375 101.54560852050781 358.41622924804688 
652.4619140625 99.201248168945312 358.31494140625 
651.38690185546875 101.36200714111328 361.67446899414062 
653.117919921875 99.049667358398438 361.57986450195312 
652.11944580078125 101.17467498779297 364.92718505859375 
653.760498046875 98.908599853515625 364.86785888671875 
652.8428955078125 100.99287414550781 368.18487548828125 
654.4129638671875 98.7572021484375 368.15377807617188 
653.56939697265625 100.78955841064453 371.43185424804688 
655.0772705078125 98.579635620117188 371.45217895507812 
654.28961181640625 100.56814575195312 374.65625 
655.739990234375 98.385261535644531 374.72576904296875 
654.99432373046875 100.34694671630859 377.85568237304688 
656.4031982421875 98.183074951171875 377.98135375976562 
655.681640625 100.14254760742188 381.05630493164062 
657.05865478515625 97.975822448730469 381.22747802734375 
656.34619140625 99.976348876953125 384.28231811523438 
657.69970703125 97.784111022949219 384.47561645507812 
656.98809814453125 99.848228454589844 387.531982421875 
658.3367919921875 97.600028991699219 387.74435424804688 
657.61895751953125 99.744552612304688 390.80654907226562 
658.96636962890625 97.420989990234375 391.01666259765625 
658.24505615234375 99.659133911132812 394.09445190429688 
659.59326171875 97.242027282714844 394.29318237304688 
658.86468505859375 99.571380615234375 397.3748779296875 
660.20635986328125 97.068588256835938 397.56417846679688 
659.468505859375 99.491317749023438 400.66323852539062 
660.82000732421875 96.862007141113281 400.85238647460938 
660.0445556640625 99.414970397949219 403.95004272460938 
661.4151611328125 96.643157958984375 404.14923095703125 
660.60418701171875 99.333747863769531 407.23196411132812 
661.97796630859375 96.443084716796875 407.43682861328125 
661.1483154296875 99.266555786132812 410.5164794921875 
662.5257568359375 96.273124694824219 410.70828247070312 
661.6776123046875 99.22930908203125 413.78570556640625 
663.1317138671875 96.02392578125 413.93069458007812 
662.778076171875 97.310447692871094 416.09561157226562 
662.21026611328125 99.196205139160156 417.04360961914062 
664.0474853515625 95.31591796875 416.99282836914062 
663.2685546875 97.131858825683594 418.7705078125 
662.75238037109375 99.158676147460938 420.31011962890625 
664.58502197265625 95.191131591796875 420.26043701171875 
663.780029296875 97.057708740234375 421.96286010742188 
663.3043212890625 99.090232849121094 423.58245849609375 
665.07550048828125 95.138778686523438 423.56781005859375 
664.3128662109375 96.984001159667969 425.24993896484375 
663.865478515625 98.98779296875 426.86566162109375 
665.58203125 95.070655822753906 426.89431762695312 
664.83978271484375 96.913261413574219 428.572021484375 
664.43310546875 98.860519409179688 430.15451049804688 
666.0166015625 95.070404052734375 430.25881958007812 
665.3564453125 96.839019775390625 431.9151611328125 
665.009765625 98.718162536621094 433.46292114257812 
666.51702880859375 95.003982543945312 433.61611938476562 
665.93414306640625 96.690315246582031 435.23049926757812 
665.59783935546875 98.557052612304688 436.76101684570312 
667.11865234375 94.825981140136719 436.9254150390625 
666.53265380859375 96.505821228027344 438.5223388671875 
666.18817138671875 98.386665344238281 440.06906127929688 
667.729736328125 94.637977600097656 440.22467041015625 
667.130615234375 96.310348510742188 441.81622314453125 
666.77374267578125 98.214515686035156 443.36831665039062 
668.33697509765625 94.433395385742188 443.49996948242188 
667.739990234375 96.086158752441406 445.10064697265625 
667.35528564453125 98.029129028320312 446.66140747070312 
668.95001220703125 94.199668884277344 446.75692749023438 
668.331298828125 95.872550964355469 448.38064575195312 
667.9273681640625 97.860374450683594 449.955078125 
669.5653076171875 93.957344055175781 450.00445556640625 
668.93414306640625 95.647842407226562 451.64096069335938 
668.50714111328125 97.679580688476562 453.22122192382812 
670.1746826171875 93.720474243164062 453.25360107421875 
669.535400390625 95.443962097167969 454.90704345703125 
669.10601806640625 97.500900268554688 456.47671508789062 
670.79095458984375 93.472846984863281 456.53097534179688 
670.1641845703125 95.198654174804688 458.18524169921875 
621.14306640625 101.13678741455078 223.46040344238281 
619.86151123046875 100.3671875 220.16650390625 
618.8575439453125 99.429290771484375 216.91386413574219 
617.96856689453125 98.496726989746094 213.50216674804688 
617.274169921875 97.588508605957031 209.97062683105469 
616.74786376953125 96.723907470703125 206.27423095703125 
618.186279296875 93.259895324707031 189.34161376953125 
615.93402099609375 95.639923095703125 203.08706665039062 
615.08392333984375 94.754714965820312 199.81222534179688 
616.58984375 93.206329345703125 191.08024597167969 
615.32000732421875 93.538246154785156 193.6292724609375 
614.2685546875 94.384727478027344 196.36735534667969 
669.7340087890625 97.27166748046875 459.75363159179688 
671.43695068359375 93.181556701660156 459.83340454101562 
670.8162841796875 94.905158996582031 461.51498413085938 
634.12786865234375 98.387100219726562 191.15412902832031 
635.8746337890625 99.95489501953125 194.62252807617188 
634.59515380859375 103.45808410644531 226.17359924316406 
635.260009765625 103.31316375732422 222.68687438964844 
635.84820556640625 103.08845520019531 219.1834716796875 
636.49554443359375 102.93515014648438 215.73995971679688 
637.36248779296875 102.10304260253906 197.78514099121094 
670.43023681640625 96.805427551269531 463.14669799804688 
672.1162109375 92.812728881835938 463.147705078125 
671.42852783203125 94.692771911621094 464.93106079101562 
672.83001708984375 92.343650817871094 466.47238159179688 
670.91400146484375 97.150901794433594 466.4613037109375 
674.3238525390625 91.169815063476562 473.09112548828125 
675.0526123046875 90.529296875 476.36361694335938 
675.57135009765625 90.147621154785156 479.6815185546875 
676.1214599609375 89.639198303222656 482.96270751953125 
676.70050048828125 88.970069885253906 486.20883178710938 
671.306640625 98.05438232421875 469.70596313476562 
671.89019775390625 97.974319458007812 473.15707397460938 
672.4520263671875 97.948822021484375 476.59939575195312 
677.23321533203125 88.226692199707031 489.44091796875 
676.43536376953125 89.897186279296875 491.82321166992188 
673.0111083984375 97.978652954101562 480.03121948242188 
673.56317138671875 98.041694641113281 483.43212890625 
674.09307861328125 97.829292297363281 486.86117553710938 
674.5738525390625 96.714508056640625 489.88482666015625 
675.08551025390625 94.684097290039062 492.33731079101562 
675.7808837890625 92.021148681640625 493.97372436523438 
677.71697998046875 87.401863098144531 492.65579223632812 
676.79339599609375 89.18865966796875 495.07489013671875 
678.1116943359375 86.543098449707031 495.8382568359375 
639.88848876953125 108.47544097900391 201.15487670898438 
640.69976806640625 109.73956298828125 203.53077697753906 
638.95916748046875 106.61948394775391 199.28697204589844 
637.75872802734375 104.65558624267578 196.98719787597656 
636.4337158203125 102.65193939208984 194.38836669921875 
641.414306640625 111.54451751708984 205.8880615234375 
635.0439453125 100.86586761474609 191.62539672851562 
641.938232421875 113.59525299072266 207.74188232421875 
702.0457763671875 110.23143768310547 458.23458862304688 
701.20867919921875 110.11266326904297 455.14779663085938 
703.01007080078125 110.29795837402344 461.51461791992188 
703.51397705078125 109.20399475097656 459.67269897460938 
702.524169921875 109.12178039550781 456.33193969726562 
701.56622314453125 109.01927947998047 452.9981689453125 
700.01519775390625 109.23396301269531 448.59136962890625 
701.4132080078125 107.31357574462891 449.45370483398438 
700.3143310546875 107.62378692626953 446.13949584960938 
698.7994384765625 109.41653442382812 444.90838623046875 
699.24102783203125 107.90715789794922 442.82839965820312 
697.7587890625 109.52344512939453 441.48004150390625 
698.197265625 108.14290618896484 439.519775390625 
696.78271484375 109.58519744873047 438.11904907226562 
697.16473388671875 108.28229522705078 436.13986206054688 
695.8839111328125 109.57814788818359 434.76412963867188 
704.54302978515625 109.23881530761719 463.01657104492188 
704.0670166015625 110.31421661376953 464.89865112304688 
696.3038330078125 108.21839904785156 432.7755126953125 
695.12890625 109.50486755371094 431.57827758789062 
694.39288330078125 109.54846954345703 428.7904052734375 
695.4635009765625 108.08431243896484 429.37637329101562 
694.13238525390625 109.04686737060547 426.28240966796875 
694.748046875 107.65592193603516 426.03939819335938 
693.94622802734375 108.19162750244141 423.76162719726562 
693.25714111328125 108.2618408203125 421.16458129882812 
694.24224853515625 106.20707702636719 423.1243896484375 
693.34027099609375 106.49407196044922 419.78921508789062 
692.39019775390625 108.52010345458984 418.09890747070312 
692.4462890625 106.76728057861328 416.46026611328125 
691.478515625 108.76084136962891 414.86968994140625 
691.55169677734375 107.02276611328125 413.12673950195312 
690.61407470703125 108.93756103515625 411.60888671875 
705.7044677734375 109.0931396484375 466.33197021484375 
705.164306640625 110.28093719482422 468.23626708984375 
690.64483642578125 107.10367584228516 409.78271484375 
689.7718505859375 109.09703826904297 408.44070434570312 
689.7437744140625 107.38229370117188 406.50811767578125 
688.93603515625 109.41860198974609 405.47219848632812 
706.8699951171875 108.89157104492188 469.6163330078125 
706.2474365234375 110.20764923095703 471.51202392578125 
708.00177001953125 108.66085052490234 472.86355590820312 
707.33624267578125 110.11542510986328 474.78228759765625 
709.13134765625 108.37351226806641 476.09707641601562 
708.42535400390625 109.97454833984375 478.013427734375 
710.2220458984375 108.07108306884766 479.34906005859375 
709.470458984375 109.82024383544922 481.22976684570312 
711.22052001953125 107.84644317626953 482.607177734375 
710.4654541015625 109.66021728515625 484.45123291015625 
712.16119384765625 107.67008209228516 485.83053588867188 
711.433837890625 109.48931121826172 487.66571044921875 
713.05780029296875 107.53661346435547 489.03347778320312 
712.39013671875 109.31206512451172 490.90493774414062 
713.9462890625 107.37263488769531 492.24508666992188 
713.3035888671875 109.13848114013672 494.11236572265625 
714.7564697265625 107.24988555908203 495.42431640625 
714.1343994140625 109.00867462158203 497.32379150390625 
715.51513671875 107.13931274414062 498.617431640625 
715.13104248046875 108.86456298828125 500.601318359375 
716.5439453125 106.93888854980469 501.92440795898438 
716.20196533203125 108.70045471191406 503.75448608398438 
717.19830322265625 108.55530548095703 506.63583374023438 
688.80841064453125 108.403076171875 403.36734008789062 
688.05419921875 109.85704040527344 402.43475341796875 
717.59417724609375 106.73339080810547 505.24346923828125 
687.8529052734375 109.07598876953125 400.17816162109375 
717.98724365234375 108.44059753417969 508.75283813476562 
718.71783447265625 106.55899810791016 508.400634765625 
673.54290771484375 103.55699920654297 536.5623779296875 
672.4102783203125 100.93253326416016 536.6751708984375 
673.07586669921875 102.85319519042969 539.35076904296875 
673.04083251953125 101.72936248779297 533.890625 
671.7855224609375 99.056869506835938 534.06988525390625 
675.0118408203125 107.92107391357422 536.52581787109375 
673.98419189453125 105.7100830078125 539.331787109375 
674.58868408203125 108.53919219970703 539.359130859375 
674.4759521484375 105.80133056640625 536.0992431640625 
675.42572021484375 107.17658233642578 533.66204833984375 
674.31243896484375 104.43578338623047 533.74267578125 
671.23748779296875 98.324317932128906 536.85247802734375 
672.02801513671875 100.03839874267578 539.41790771484375 
670.305908203125 95.702125549316406 537.029541015625 
670.81427001953125 96.299736022949219 534.14801025390625 
670.8831787109375 97.307090759277344 539.6064453125 
670.0146484375 93.401840209960938 534.28668212890625 
669.3480224609375 90.366119384765625 534.5025634765625 
669.03790283203125 91.199790954589844 537.4630126953125 
669.5692138671875 93.422927856445312 537.68060302734375 
669.06134033203125 91.606964111328125 540.30841064453125 
669.9068603515625 94.543693542480469 539.90582275390625 
692.23895263671875 130.42245483398438 532.65185546875 
691.064697265625 131.88394165039062 535.792724609375 
694.61309814453125 131.64979553222656 534.22308349609375 
688.97955322265625 129.99119567871094 533.52099609375 
687.31072998046875 131.20071411132812 536.29290771484375 
688.94091796875 132.34381103515625 538.5411376953125 
692.0069580078125 132.83354187011719 538.99774169921875 
694.77777099609375 132.54304504394531 536.707763671875 
698.03204345703125 131.18301391601562 533.05059814453125 
695.97991943359375 130.46141052246094 531.8436279296875 
698.2440185546875 131.96310424804688 534.9847412109375 
686.1671142578125 131.75930786132812 539.85150146484375 
684.27459716796875 130.40556335449219 537.52978515625 
685.57159423828125 129.05604553222656 534.52056884765625 
689.2490234375 132.46553039550781 541.90338134765625 
700.0765380859375 130.23629760742188 531.34039306640625 
701.46087646484375 131.01841735839844 533.19140625 
682.3819580078125 128.37236022949219 536.7774658203125 
682.45391845703125 126.75117492675781 534.93780517578125 
685.6414794921875 126.56633758544922 532.24298095703125 
688.417236328125 127.83699798583984 531.55023193359375 
691.44903564453125 128.60263061523438 530.67724609375 
694.86273193359375 129.298583984375 530.4886474609375 
698.6090087890625 129.44261169433594 530.07598876953125 
681.55352783203125 128.831298828125 539.17999267578125 
679.58489990234375 126.10971832275391 538.5557861328125 
683.4012451171875 124.73050689697266 532.55517578125 
680.28424072265625 124.60562896728516 535.787109375 
681.3814697265625 122.61302947998047 532.90106201171875 
678.09326171875 123.51400756835938 539.1151123046875 
678.82830810546875 122.13422393798828 536.0257568359375 
679.65704345703125 120.17791748046875 533.19293212890625 
677.14068603515625 120.96342468261719 539.1724853515625 
677.6875 119.46543121337891 536.2384033203125 
678.59130859375 117.68691253662109 533.32232666015625 
676.3458251953125 118.20494842529297 539.2518310546875 
676.91314697265625 116.71122741699219 536.37738037109375 
677.7886962890625 115.06561279296875 533.37335205078125 
675.769775390625 115.35491180419922 539.33331298828125 
676.37200927734375 113.86668395996094 536.45404052734375 
677.09271240234375 112.36978912353516 533.4200439453125 
675.35101318359375 112.47644805908203 539.3580322265625 
675.7403564453125 110.85842132568359 536.64019775390625 
696.1214599609375 132.93974304199219 539.06805419921875 
693.82421875 132.967529296875 541.57147216796875 
702.07733154296875 129.09339904785156 529.59991455078125 
703.71771240234375 129.80754089355469 531.3314208984375 
683.25286865234375 130.3140869140625 541.25140380859375 
685.52630615234375 131.04940795898438 543.3768310546875 
688.09063720703125 131.41162109375 545.09234619140625 
692.29071044921875 132.41525268554688 544.38446044921875 
699.14385986328125 132.44664001464844 537.07891845703125 
702.1397705078125 131.60804748535156 535.2442626953125 
704.9410400390625 130.44871520996094 533.4305419921875 
705.320556640625 128.41761779785156 529.25408935546875 
706.95654296875 128.97608947753906 531.23504638671875 
676.34521484375 109.74102783203125 533.51947021484375 
708.364013671875 127.31421661376953 528.83013916015625 
707.9564208984375 130.0491943359375 536.610107421875 
705.7432861328125 131.10275268554688 539.09033203125 
708.39361572265625 129.86517333984375 539.15435791015625 
705.26666259765625 131.04347229003906 536.140625 
702.64593505859375 131.97198486328125 537.74609375 
702.83685302734375 132.01416015625 540.200927734375 
699.58367919921875 132.6492919921875 539.1898193359375 
700.0140380859375 132.55705261230469 541.27154541015625 
707.50714111328125 129.73521423339844 533.9432373046875 
709.93267822265625 128.60340881347656 534.28289794921875 
710.29119873046875 128.74406433105469 537.21990966796875 
696.8980712890625 132.93949890136719 541.29559326171875 
698.57781982421875 132.52532958984375 543.2581787109375 
701.95111083984375 131.9346923828125 542.7738037109375 
704.71771240234375 131.15357971191406 542.1727294921875 
709.230712890625 128.10630798339844 531.51214599609375 
695.33209228515625 132.67022705078125 543.8670654296875 
707.23211669921875 130.05648803710938 541.81341552734375 
710.26904296875 128.4708251953125 540.21197509765625 
709.85504150390625 127.75937652587891 543.07855224609375 
702.561279296875 106.95565032958984 452.873779296875 
706.3382568359375 123.34718322753906 520.723876953125 
702.56658935546875 123.59365844726562 519.943115234375 
704.29913330078125 124.73442840576172 522.25799560546875 
709.188232421875 122.56578063964844 521.1492919921875 
708.02972412109375 124.36660003662109 523.526123046875 
703.8463134765625 126.16777801513672 524.5455322265625 
700.85113525390625 125.26882171630859 522.42864990234375 
707.166259765625 126.01365661621094 525.93701171875 
703.2471923828125 127.30881500244141 526.5849609375 
699.235107421875 126.77836608886719 524.8597412109375 
699.20672607421875 127.92276000976562 527.14727783203125 
697.243896484375 127.47286987304688 526.4029541015625 
695.0111083984375 127.80646514892578 527.8455810546875 
675.51812744140625 87.141357421875 513.2469482421875 
675.2581787109375 90.638641357421875 512.56085205078125 
675.79974365234375 89.128501892089844 509.91571044921875 
675.52972412109375 92.525436401367188 509.46383666992188 
685.88763427734375 115.89042663574219 511.3780517578125 
684.53729248046875 114.38148498535156 508.228515625 
683.5496826171875 113.81858825683594 511.33749389648438 
682.3502197265625 112.23810577392578 508.20620727539062 
675.64654541015625 97.278854370117188 512.91326904296875 
675.27197265625 94.022857666015625 512.53338623046875 
674.9990234375 95.08135986328125 515.79168701171875 
674.80572509765625 92.153831481933594 515.3660888671875 
674.99884033203125 102.36333465576172 489.2598876953125 
674.360107421875 102.75736236572266 484.96102905273438 
674.05535888671875 100.41231536865234 485.9349365234375 
673.3857421875 100.94734191894531 481.66107177734375 
675.62237548828125 95.729499816894531 509.34719848632812 
676.03643798828125 98.616600036621094 509.2421875 
682.07012939453125 111.88017272949219 502.06027221679688 
680.58624267578125 110.40966033935547 499.16018676757812 
680.148681640625 109.61605834960938 501.83596801757812 
682.3638916015625 112.22370910644531 499.140380859375 
681.18475341796875 111.27782440185547 496.18911743164062 
679.56072998046875 109.41250610351562 496.39706420898438 
678.8787841796875 108.07093811035156 498.84381103515625 
679.54864501953125 109.81116485595703 493.20034790039062 
678.127197265625 107.45807647705078 495.33901977539062 
677.4827880859375 105.59366607666016 498.19027709960938 
678.540283203125 107.03587341308594 501.65274047851562 
679.7774658203125 108.83192443847656 504.5216064453125 
681.35589599609375 111.02580261230469 505.11196899414062 
683.392333984375 113.15965270996094 504.91018676757812 
684.33056640625 113.75420379638672 501.23892211914062 
683.5145263671875 113.13669586181641 497.10479736328125 
682.00872802734375 112.13809204101562 493.76638793945312 
680.80731201171875 111.35325622558594 490.68289184570312 
678.7181396484375 109.32245635986328 489.7445068359375 
677.6177978515625 107.36637878417969 491.98818969726562 
676.82794189453125 105.16336059570312 494.55966186523438 
676.32928466796875 102.82919311523438 497.404296875 
675.8380126953125 103.12486267089844 493.03433227539062 
676.18878173828125 105.0570068359375 490.67367553710938 
676.94573974609375 107.13576507568359 488.51284790039062 
679.87811279296875 110.86808013916016 487.25784301757812 
677.93133544921875 108.99411773681641 486.294677734375 
675.4996337890625 104.76900482177734 487.26663208007812 
676.27691650390625 106.95233154296875 485.21847534179688 
675.0372314453125 105.02330780029297 484.13467407226562 
675.32562255859375 100.81254577636719 493.60614013671875 
674.6236572265625 99.54931640625 490.09585571289062 
675.3707275390625 106.4332275390625 481.90884399414062 
674.0811767578125 103.87014007568359 481.50360107421875 
677.01458740234375 108.55681610107422 482.90902709960938 
678.91448974609375 110.43202972412109 483.81918334960938 
675.97479248046875 107.91102600097656 479.76229858398438 
674.43023681640625 105.74604034423828 478.91534423828125 
673.31036376953125 103.28077697753906 478.46292114257812 
677.87677001953125 109.94317626953125 480.48699951171875 
676.7076416015625 109.22223663330078 477.69442749023438 
675.078125 107.48615264892578 476.5885009765625 
673.6705322265625 105.416015625 475.73300170898438 
681.04888916015625 112.05300140380859 484.59136962890625 
679.90203857421875 111.55922698974609 481.09732055664062 
672.670166015625 100.67092132568359 477.84112548828125 
672.63885498046875 103.12846374511719 475.05484008789062 
678.47344970703125 110.9171142578125 477.30023193359375 
676.2191162109375 109.28550720214844 474.73129272460938 
674.4205322265625 107.40575408935547 473.38900756835938 
672.99615478515625 105.30174255371094 472.423583984375 
682.12994384765625 112.51709747314453 487.96453857421875 
683.30438232421875 113.09576416015625 491.20169067382812 
684.67645263671875 113.80043029785156 494.39157104492188 
677.33685302734375 104.46589660644531 501.42337036132812 
678.6502685546875 106.75009155273438 505.11239624023438 
685.90911865234375 114.49442291259766 497.96945190429688 
680.32440185546875 109.49247741699219 508.01437377929688 
685.6251220703125 114.82495880126953 504.7584228515625 
686.9937744140625 115.22235870361328 501.39779663085938 
681.55828857421875 111.37184906005859 511.17770385742188 
686.9554443359375 116.01488494873047 508.03939819335938 
688.3402099609375 116.15834045410156 504.64590454101562 
675.65948486328125 99.960426330566406 497.65231323242188 
676.4417724609375 101.73809814453125 501.612060546875 
677.5791015625 104.31600952148438 505.20684814453125 
678.795166015625 106.70414733886719 508.5277099609375 
679.9246826171875 108.78235626220703 511.45941162109375 
676.89373779296875 102.25034332275391 505.9835205078125 
677.6781005859375 104.11212158203125 509.098876953125 
678.57000732421875 106.10323333740234 512.066162109375 
675.81591796875 98.740562438964844 501.56161499023438 
676.24322509765625 99.921722412109375 505.33236694335938 
684.76959228515625 115.51926422119141 514.24896240234375 
682.61944580078125 113.13747406005859 514.20904541015625 
680.896240234375 110.64589691162109 514.33404541015625 
679.40936279296875 108.02390289306641 514.978271484375 
676.71746826171875 101.343505859375 509.32305908203125 
677.38037109375 103.26464080810547 512.45501708984375 
678.1304931640625 105.33006286621094 515.51031494140625 
675.80706787109375 97.197235107421875 505.53610229492188 
676.385498046875 100.34007263183594 512.648681640625 
676.96160888671875 102.48579406738281 515.71875 
677.4764404296875 104.40432739257812 518.789794921875 
678.75225830078125 107.23024749755859 518.6168212890625 
680.20550537109375 109.90830230712891 517.4266357421875 
681.7054443359375 112.38864898681641 517.13934326171875 
683.4478759765625 114.7489013671875 517.039306640625 
687.38916015625 117.61851501464844 514.3609619140625 
685.5506591796875 116.96893310546875 517.07916259765625 
688.49981689453125 117.38597106933594 510.97933959960938 
689.810302734375 117.20404052734375 507.674560546875 
679.6864013671875 109.57421112060547 520.2733154296875 
680.89111328125 111.77914428710938 520.06219482421875 
682.29583740234375 114.00925445556641 519.90216064453125 
683.9310302734375 116.18680572509766 519.8485107421875 
685.83642578125 118.32850646972656 520.16583251953125 
687.6002197265625 118.86662292480469 517.78753662109375 
691.53753662109375 118.34302520751953 510.33853149414062 
690.3453369140625 118.84453582763672 513.35491943359375 
689.791259765625 119.586669921875 516.21185302734375 
689.62213134765625 120.70722961425781 519.158447265625 
687.89984130859375 120.45513153076172 521.0521240234375 
685.8656005859375 119.68587493896484 523.06207275390625 
684.02728271484375 117.50476837158203 522.7081298828125 
682.49542236328125 115.41063690185547 522.68157958984375 
681.12860107421875 113.22232818603516 522.8121337890625 
679.8935546875 110.90647888183594 522.94354248046875 
678.764892578125 108.34056854248047 522.44549560546875 
677.7548828125 105.95168304443359 521.94219970703125 
676.0147705078125 99.753761291503906 515.947265625 
676.34039306640625 101.65924835205078 519.0074462890625 
676.57794189453125 103.39038848876953 522.0838623046875 
675.32720947265625 97.452598571777344 516.66058349609375 
675.37310791015625 99.070945739746094 519.45635986328125 
675.4395751953125 100.83538055419922 522.33807373046875 
675.0401611328125 97.8404541015625 494.01373291015625 
675.42193603515625 96.990867614746094 498.27310180664062 
675.63116455078125 95.687896728515625 502.17904663085938 
675.66693115234375 94.208168029785156 506.01797485351562 
674.60076904296875 96.280319213867188 519.5692138671875 
674.37176513671875 93.395774841308594 518.29180908203125 
683.8463134765625 118.83476257324219 525.45709228515625 
682.37347412109375 116.79491424560547 525.453369140625 
681.07598876953125 114.64455413818359 525.53472900390625 
679.9078369140625 112.31964874267578 525.6240234375 
678.82696533203125 109.81852722167969 525.51605224609375 
677.78057861328125 107.34864807128906 525.30218505859375 
676.71014404296875 104.91343688964844 525.1541748046875 
674.46734619140625 98.232574462890625 522.5482177734375 
675.512939453125 102.39878082275391 525.2734375 
674.34912109375 99.844566345214844 525.47125244140625 
673.8544921875 94.069892883300781 521.07525634765625 
673.65240478515625 95.739295959472656 523.1370849609375 
673.36395263671875 97.267745971679688 525.75146484375 
681.0784912109375 112.44511413574219 478.70596313476562 
682.53277587890625 113.02040863037109 481.95974731445312 
683.63623046875 113.40342712402344 485.17144775390625 
684.8280029296875 113.83258056640625 488.39871215820312 
686.1962890625 114.36270904541016 491.59222412109375 
687.59814453125 114.91991424560547 494.83511352539062 
688.90704345703125 115.52277374267578 498.10635375976562 
690.17724609375 116.20548248291016 501.33526611328125 
691.5931396484375 116.98589324951172 504.4019775390625 
693.17706298828125 117.83791351318359 507.24118041992188 
685.57476806640625 120.95090484619141 525.72406005859375 
687.91326904296875 121.97410583496094 523.95147705078125 
690.43359375 122.60065460205078 522.07293701171875 
691.91754150390625 121.52645874023438 518.60601806640625 
692.63043212890625 120.43950653076172 515.62054443359375 
693.56109619140625 119.55802917480469 512.78045654296875 
695.00457763671875 118.75286865234375 509.87350463867188 
675.35137939453125 94.740570068359375 495.89291381835938 
675.65557861328125 93.721969604492188 499.50778198242188 
675.84503173828125 92.436378479003906 503.10494995117188 
675.8929443359375 90.925163269042969 506.5953369140625 
674.78668212890625 89.228675842285156 515.5841064453125 
676.38897705078125 85.912277221679688 510.435302734375 
676.49835205078125 87.627853393554688 507.19320678710938 
676.456298828125 89.12506103515625 503.925537109375 
676.28778076171875 90.402046203613281 500.61166381835938 
676.02398681640625 91.48504638671875 497.2813720703125 
683.32843017578125 120.1905517578125 528.06036376953125 
681.86181640625 118.18437194824219 528.11029052734375 
680.6475830078125 116.08901214599609 528.2025146484375 
679.61065673828125 113.82321166992188 528.2919921875 
678.64605712890625 111.35917663574219 528.3052978515625 
677.68084716796875 108.85657501220703 528.277099609375 
676.653076171875 106.39704895019531 528.233154296875 
675.5220947265625 103.89772033691406 528.2340087890625 
674.1656494140625 90.579368591308594 518.2921142578125 
673.53424072265625 91.614410400390625 521.06500244140625 
672.93524169921875 92.995292663574219 523.76934814453125 
672.48931884765625 94.60595703125 526.1529541015625 
674.29736328125 101.34433746337891 528.33660888671875 
673.13140869140625 98.762794494628906 528.5115966796875 
672.15533447265625 96.086929321289062 528.72137451171875 
674.752197265625 86.720474243164062 516.533935546875 
674.01251220703125 87.868431091308594 518.84246826171875 
673.26116943359375 89.035690307617188 521.3458251953125 
672.4971923828125 90.314262390136719 523.994873046875 
671.80511474609375 91.761894226074219 526.56964111328125 
671.315185546875 93.276206970214844 529.0279541015625 
684.89288330078125 122.10554504394531 528.22662353515625 
687.11346435546875 123.25127410888672 527.01300048828125 
689.57415771484375 124.22412109375 525.70965576171875 
676.201416015625 83.850746154785156 513.45745849609375 
675.1900634765625 84.383094787597656 516.22802734375 
674.06024169921875 85.032821655273438 519.236328125 
673.10284423828125 86.267524719238281 521.6854248046875 
672.19537353515625 87.672080993652344 524.15863037109375 
692.04437255859375 124.67672729492188 524.26953125 
693.28594970703125 123.25493621826172 520.97412109375 
671.32861328125 88.952972412109375 526.86529541015625 
670.6240234375 90.27740478515625 529.41363525390625 
670.233154296875 91.827079772949219 531.80780029296875 
671.000732421875 94.796852111816406 531.55810546875 
671.8663330078125 97.600143432617188 531.4105224609375 
672.98846435546875 100.22859954833984 531.28643798828125 
674.25238037109375 102.83335876464844 531.14971923828125 
675.430419921875 105.42625427246094 531.0916748046875 
676.47540283203125 107.97159576416016 531.03338623046875 
677.42498779296875 110.5225830078125 530.95916748046875 
678.260498046875 113.07823944091797 530.90447998046875 
679.10308837890625 115.57771301269531 530.85931396484375 
680.07049560546875 117.89418029785156 530.77191162109375 
681.37542724609375 120.12677764892578 530.66094970703125 
683.1595458984375 122.32440185546875 530.54058837890625 
685.44952392578125 124.24824523925781 530.03466796875 
688.17218017578125 125.59962463378906 529.082763671875 
691.1968994140625 126.60784912109375 528.00457763671875 
693.9217529296875 126.34394073486328 525.79376220703125 
694.8419189453125 124.82098388671875 522.82415771484375 
679.86553955078125 112.05551147460938 475.16409301757812 
677.55474853515625 110.73089599609375 473.33596801757812 
675.41302490234375 109.10286712646484 471.20571899414062 
672.04510498046875 100.57677459716797 474.27114868164062 
671.9840087890625 102.96284484863281 471.63726806640625 
673.718505859375 107.27861785888672 470.12124633789062 
672.26239013671875 105.06439208984375 469.1336669921875 
672.93878173828125 106.97164154052734 467.260986328125 
674.62640380859375 109.06485748291016 467.408203125 
676.7906494140625 110.63848114013672 469.66116333007812 
679.21136474609375 112.01583862304688 471.66561889648438 
694.76837158203125 122.04432678222656 517.967041015625 
695.7991943359375 120.87544250488281 515.17767333984375 
697.02056884765625 119.77676391601562 512.419189453125 
678.8211669921875 112.11972045898438 468.43585205078125 
676.47259521484375 110.90594482421875 466.29483032226562 
674.787841796875 109.96697998046875 463.70437622070312 
672.9710693359375 107.79726409912109 464.4364013671875 
671.60601806640625 105.16635131835938 465.47488403320312 
671.31396484375 102.84539031982422 468.18795776367188 
671.432861328125 100.53090667724609 470.77716064453125 
674.425537109375 82.355003356933594 519.27752685546875 
675.79034423828125 81.541969299316406 516.50390625 
677.17779541015625 80.781898498535156 513.9002685546875 
677.4039306640625 82.772659301757812 510.84967041015625 
677.47930908203125 84.493095397949219 507.78616333007812 
677.438232421875 85.977119445800781 504.63262939453125 
677.31683349609375 87.212593078613281 501.4395751953125 
677.079345703125 88.30218505859375 498.25399780273438 
696.31103515625 123.56828308105469 520.1810302734375 
696.47662353515625 126.16817474365234 524.3865966796875 
697.97088623046875 125.09149932861328 522.30810546875 
697.76544189453125 122.27368927001953 517.5775146484375 
699.432373046875 123.72194671630859 519.92999267578125 
699.089599609375 120.94778442382812 514.9437255859375 
676.72711181640625 78.624031066894531 516.973388671875 
675.04107666015625 79.547462463378906 519.4495849609375 
673.07733154296875 83.395645141601562 522.10174560546875 
673.3614501953125 80.689239501953125 522.22821044921875 
701.0272216796875 122.23325347900391 517.46990966796875 
678.6346435546875 112.31517791748047 465.52297973632812 
677.10235595703125 111.77254486083984 462.95022583007812 
673.14532470703125 108.82254791259766 461.2939453125 
675.4693603515625 111.13553619384766 460.08578491210938 
673.09368896484375 109.47203826904297 458.19015502929688 
674.900390625 111.30269622802734 456.52655029296875 
672.7469482421875 109.86376190185547 454.862060546875 
674.26104736328125 111.43814849853516 452.93814086914062 
672.205078125 110.09351348876953 451.35147094726562 
673.634521484375 111.59333038330078 449.41714477539062 
671.55450439453125 110.18972778320312 447.95492553710938 
673.01348876953125 111.7486572265625 445.999755859375 
670.93011474609375 110.30613708496094 444.61541748046875 
672.40972900390625 111.85352325439453 442.61550903320312 
670.30120849609375 110.41195678710938 441.29812622070312 
671.762939453125 112.01487731933594 439.27902221679688 
669.65679931640625 110.58038330078125 438.01934814453125 
671.08099365234375 112.193115234375 435.94146728515625 
668.9935302734375 110.81144714355469 434.783447265625 
670.34808349609375 112.41872406005859 432.547607421875 
668.33660888671875 111.07105255126953 431.59130859375 
669.60906982421875 112.65082550048828 428.91375732421875 
667.55438232421875 111.08628082275391 428.64016723632812 
667.98046875 112.18858337402344 425.72750854492188 
666.53466796875 110.80650329589844 425.8287353515625 
669.60491943359375 113.37932586669922 424.9560546875 
667.7371826171875 112.82545471191406 422.06716918945312 
666.27337646484375 111.34526062011719 422.99179077148438 
674.009765625 78.04638671875 522.24737548828125 
676.0211181640625 76.561149597167969 519.92852783203125 
670.6607666015625 102.46543121337891 465.16720581054688 
670.82293701171875 100.16402435302734 467.46145629882812 
674.692626953125 75.620521545410156 522.7060546875 
671.47515869140625 106.25533294677734 462.060546875 
670.62091064453125 104.05419921875 462.45697021484375 
670.01904296875 101.72170257568359 462.31292724609375 
670.2978515625 99.554656982421875 464.4749755859375 
665.97998046875 111.93532562255859 419.919189453125 
665.54718017578125 112.33792114257812 416.84030151367188 
671.36090087890625 107.00849914550781 459.10787963867188 
671.22686767578125 107.7098388671875 456.08059692382812 
671.01947021484375 108.30137634277344 452.9656982421875 
675.91119384765625 73.842002868652344 522.4254150390625 
677.52716064453125 73.7437744140625 520.39923095703125 
678.07208251953125 75.870895385742188 517.53656005859375 
678.51092529296875 77.951240539550781 514.5601806640625 
678.784423828125 79.849723815917969 511.52804565429688 
678.86944580078125 81.563980102539062 508.46237182617188 
678.8231201171875 83.067214965820312 505.37911987304688 
672.01995849609375 84.960174560546875 524.42376708984375 
671.008544921875 86.40875244140625 526.8426513671875 
670.104736328125 87.206550598144531 529.7254638671875 
669.56842041015625 88.542129516601562 532.28350830078125 
670.39404296875 108.38338470458984 449.75149536132812 
669.76702880859375 108.49087524414062 446.50006103515625 
669.141357421875 108.62203216552734 443.23501586914062 
668.51837158203125 108.7857666015625 439.99813842773438 
667.877685546875 108.95914459228516 436.78311157226562 
667.22149658203125 109.13368225097656 433.61260986328125 
666.55694580078125 109.30142974853516 430.468994140625 
665.88482666015625 109.46976470947266 427.31655883789062 
665.2049560546875 109.62796020507812 424.17108154296875 
664.6915283203125 110.04515075683594 421.05352783203125 
664.37298583984375 110.74040222167969 417.97525024414062 
678.6944580078125 84.335678100585938 502.24185180664062 
678.45751953125 85.477783203125 499.06271362304688 
671.8548583984375 81.9052734375 524.91998291015625 
672.2635498046875 78.921394348144531 524.9549560546875 
673.2269287109375 76.018531799316406 524.77398681640625 
664.939453125 112.55845642089844 413.936767578125 
669.7484130859375 99.41790771484375 461.45953369140625 
663.88104248046875 111.17201232910156 414.80718994140625 
674.550537109375 73.280670166015625 524.78082275390625 
663.61724853515625 111.87065124511719 411.71731567382812 
676.94451904296875 71.739517211914062 523.2840576171875 
675.4332275390625 71.580970764160156 525.45001220703125 
676.435546875 70.045494079589844 526.28680419921875 
717.4742431640625 111.21260070800781 512.10333251953125 
718.7889404296875 109.89534759521484 515.24346923828125 
718.59478759765625 109.04608917236328 512.0521240234375 
719.65972900390625 107.90703582763672 518.20166015625 
719.72894287109375 107.44467163085938 514.8245849609375 
717.20587158203125 112.57701110839844 514.51849365234375 
717.98699951171875 111.764892578125 517.048583984375 
716.7432861328125 113.88105010986328 517.16888427734375 
717.54876708984375 112.87610626220703 519.68780517578125 
718.7685546875 110.25974273681641 518.984375 
720.35321044921875 105.35482788085938 517.6639404296875 
720.34375 104.98160552978516 514.21435546875 
719.48651123046875 106.80093383789062 511.55303955078125 
715.92193603515625 113.31069946289062 511.75482177734375 
715.25653076171875 114.98487091064453 514.4903564453125 
715.5162353515625 115.80448150634766 517.73760986328125 
716.24969482421875 115.30510711669922 520.08868408203125 
714.05169677734375 117.11164093017578 516.67864990234375 
714.704345703125 117.63253784179688 520.14080810546875 
712.9273681640625 118.99725341796875 518.77813720703125 
713.03302001953125 120.01004791259766 521.42877197265625 
719.86541748046875 104.42094421386719 510.94671630859375 
711.443359375 120.96800231933594 520.56744384765625 
710.73504638671875 122.47484588623047 522.66998291015625 
712.3564453125 121.80055999755859 523.86163330078125 
714.139892578125 119.37206268310547 523.01263427734375 
720.61212158203125 102.47226715087891 513.75244140625 
720.71392822265625 102.80954742431641 516.9527587890625 
719.993408203125 101.70139312744141 510.76947021484375 
719.20001220703125 103.73291778564453 508.07476806640625 
715.65411376953125 116.94242095947266 522.6927490234375 
716.95135498046875 114.34371185302734 522.29998779296875 
718.162109375 111.58329772949219 521.88189697265625 
719.23004150390625 108.68661499023438 521.54388427734375 
720.05877685546875 105.72455596923828 520.9927978515625 
710.04132080078125 124.08068084716797 524.885498046875 
720.57012939453125 102.75794219970703 520.154052734375 
719.01556396484375 100.86833953857422 507.83609008789062 
687.75592041015625 64.745018005371094 544.2366943359375 
685.94451904296875 67.942459106445312 545.06591796875 
685.3402099609375 65.259841918945312 544.436767578125 
689.0020751953125 67.605545043945312 544.94256591796875 
690.3214111328125 64.3818359375 544.01446533203125 
692.1220703125 67.055534362792969 544.7349853515625 
692.92864990234375 64.085243225097656 543.73211669921875 
695.33062744140625 66.625 544.48931884765625 
682.97406005859375 67.373680114746094 544.99468994140625 
701.18804931640625 67.378684997558594 544.25787353515625 
699.049072265625 64.2943115234375 542.7674560546875 
702.069580078125 65.278800964355469 542.3841552734375 
698.2464599609375 66.949119567871094 544.40240478515625 
695.96392822265625 63.939212799072266 543.25579833984375 
704.1529541015625 67.898300170898438 543.95245361328125 
688.010498046875 62.922328948974609 543.36163330078125 
685.231689453125 63.625808715820312 543.745361328125 
685.5001220703125 62.001968383789062 542.3580322265625 
688.52801513671875 61.486297607421875 541.78741455078125 
682.77288818359375 63.022441864013672 542.9847412109375 
682.674072265625 65.103271484375 544.2972412109375 
690.9146728515625 62.552619934082031 542.90521240234375 
691.80657958984375 61.419139862060547 541.1448974609375 
694.1002197265625 62.498855590820312 542.30755615234375 
695.27105712890625 61.843441009521484 540.400146484375 
680.41510009765625 64.374435424804688 543.51025390625 
680.26593017578125 66.84033203125 544.7257080078125 
678.24200439453125 65.841995239257812 543.8739013671875 
677.214111328125 68.2664794921875 544.9049072265625 
676.58551025390625 73.673439025878906 546.41619873046875 
673.10711669921875 72.427825927734375 545.49688720703125 
675.13616943359375 70.363838195800781 545.34814453125 
673.7257080078125 74.71002197265625 546.373291015625 
678.6634521484375 71.408050537109375 545.90283203125 
680.79913330078125 69.340591430664062 545.42236328125 
671.3560791015625 75.16156005859375 545.54833984375 
675.03076171875 76.470260620117188 547.01141357421875 
672.57659912109375 77.471321105957031 546.750244140625 
692.9659423828125 61.220165252685547 539.05072021484375 
689.41619873046875 60.900585174560547 539.80029296875 
686.0408935546875 61.141792297363281 540.48675537109375 
682.9251708984375 61.882602691650391 541.1131591796875 
680.3736572265625 62.889480590820312 541.59625244140625 
678.03997802734375 64.199615478515625 542.04705810546875 
675.99261474609375 65.883750915527344 542.57708740234375 
673.83282470703125 68.071868896484375 543.089599609375 
671.94073486328125 70.554672241210938 543.528564453125 
670.44921875 73.343292236328125 543.87445068359375 
697.56494140625 62.885822296142578 541.40374755859375 
669.47662353515625 76.510086059570312 544.1234130859375 
670.4208984375 78.276802062988281 545.8974609375 
696.466064453125 62.132041931152344 538.33587646484375 
698.74163818359375 62.857620239257812 539.06512451171875 
700.7674560546875 63.722286224365234 540.0499267578125 
674.000732421875 79.747467041015625 547.54803466796875 
671.77685546875 80.580062866210938 547.05267333984375 
673.3701171875 83.285743713378906 547.71307373046875 
674.96759033203125 70.699943542480469 528.42510986328125 
673.84375 72.510269165039062 527.69696044921875 
672.5020751953125 73.507652282714844 530.40777587890625 
671.62152099609375 75.604362487792969 529.8013916015625 
672.943359375 74.388771057128906 527.26739501953125 
671.48895263671875 74.142890930175781 533.28863525390625 
672.964111328125 71.908676147460938 533.19769287109375 
674.72845458984375 70.079635620117188 531.53839111328125 
676.26409912109375 69.078575134277344 529.2496337890625 
673.64251708984375 71.703453063964844 530.34979248046875 
674.280517578125 69.768211364746094 534.53558349609375 
676.2479248046875 68.211280822753906 532.23565673828125 
673.827880859375 69.134368896484375 537.13909912109375 
676.147216796875 67.324180603027344 535.1143798828125 
671.47674560546875 71.037322998046875 539.01470947265625 
673.45001220703125 68.185035705566406 539.4415283203125 
671.91864013671875 72.057281494140625 536.249755859375 
673.4849853515625 67.7901611328125 541.53399658203125 
675.68341064453125 65.754745483398438 540.18939208984375 
675.8984375 66.404670715332031 537.78033447265625 
669.95623779296875 74.055503845214844 538.8055419921875 
669.794677734375 73.495773315429688 541.56793212890625 
668.75048828125 76.757896423339844 541.4071044921875 
671.381591796875 70.464950561523438 541.46820068359375 
670.35858154296875 74.995635986328125 535.94189453125 
669.59588623046875 77.445442199707031 535.203857421875 
670.53790283203125 76.730758666992188 532.39373779296875 
669.00445556640625 77.262687683105469 538.35784912109375 
668.2320556640625 81.848136901855469 542.799560546875 
668.04241943359375 83.242362976074219 540.44287109375 
668.40289306640625 79.7935791015625 540.18804931640625 
669.08380126953125 80.245368957519531 536.1912841796875 
668.4552001953125 82.20721435546875 538.07177734375 
669.40899658203125 81.045692443847656 545.31365966796875 
668.9447021484375 84.028579711914062 544.57958984375 
670.89373779296875 83.430747985839844 546.63885498046875 
670.42572021484375 86.144119262695312 545.697265625 
668.30712890625 85.318527221679688 542.38714599609375 
669.332763671875 87.609527587890625 543.94281005859375 
668.60888671875 78.969718933105469 543.36834716796875 
668.25 86.501449584960938 539.9466552734375 
668.68994140625 88.72406005859375 541.75927734375 
668.571533203125 89.322578430175781 539.3828125 
668.3785400390625 85.151718139648438 537.70513916015625 
668.6492919921875 88.325912475585938 537.13604736328125 
668.89654541015625 83.616744995117188 535.265869140625 
668.914794921875 86.934951782226562 534.92462158203125 
669.4700927734375 82.325843811035156 532.72784423828125 
669.39544677734375 85.421783447265625 532.42681884765625 
670.063232421875 84.283660888671875 529.7061767578125 
669.80621337890625 79.550956726074219 532.721435546875 
670.193359375 81.322547912597656 529.82293701171875 
670.9114990234375 83.260589599609375 527.07904052734375 
671.08074951171875 80.108779907226562 527.33544921875 
670.66143798828125 78.420051574707031 529.864501953125 
671.7984619140625 77.140342712402344 527.32525634765625 
670.00640869140625 90.854156494140625 543.2896728515625 
671.295654296875 88.982574462890625 545.473388671875 
672.52239990234375 86.41119384765625 546.9786376953125 
703.2725830078125 127.65589904785156 547.73944091796875 
703.84521484375 124.61475372314453 548.57537841796875 
706.6983642578125 125.02890014648438 547.58740234375 
707.398681640625 121.70574951171875 548.074951171875 
697.21484375 101.83335113525391 552.82061767578125 
696.5885009765625 98.204635620117188 553.30078125 
699.89044189453125 98.901443481445312 551.6641845703125 
698.67132568359375 94.938796997070312 552.51885986328125 
682.547119140625 97.334739685058594 552.8818359375 
680.6077880859375 94.810249328613281 550.88946533203125 
683.0999755859375 93.376266479492188 552.570068359375 
681.205810546875 90.71124267578125 550.7801513671875 
684.00762939453125 125.41058349609375 548.90338134765625 
685.7705078125 122.84646606445312 550.01141357421875 
688.37554931640625 124.77921295166016 550.05023193359375 
690.322021484375 121.74842834472656 550.33319091796875 
708.2740478515625 118.18537139892578 548.0582275390625 
704.39471435546875 121.38037109375 548.81494140625 
702.11993408203125 95.189155578613281 550.89385986328125 
704.05047607421875 91.0543212890625 550.52752685546875 
705.76513671875 93.888946533203125 549.43963623046875 
707.61041259765625 90.649002075195312 549.05914306640625 
707.24835205078125 82.269699096679688 548.79962158203125 
704.93896484375 84.815361022949219 549.998046875 
703.47845458984375 82.292518615722656 549.51934814453125 
701.091796875 85.053543090820312 550.97119140625 
695.23291015625 88.485305786132812 553.496826171875 
693.24542236328125 91.483047485351562 554.398681640625 
691.0853271484375 88.882125854492188 554.11328125 
697.0933837890625 91.3671875 553.3297119140625 
695.21038818359375 94.525627136230469 553.95404052734375 
700.62811279296875 91.376350402832031 551.91888427734375 
698.999267578125 88.036575317382812 552.3404541015625 
693.09344482421875 86.372261047363281 552.95526123046875 
696.84906005859375 85.115280151367188 551.74462890625 
702.7706298828125 87.836181640625 551.103515625 
705.0550537109375 97.182098388671875 549.27740478515625 
702.95977783203125 99.727272033691406 549.9808349609375 
693.48297119140625 97.4058837890625 554.37359619140625 
693.65399169921875 100.71346282958984 554.2308349609375 
700.70892333984375 103.12619781494141 550.91802978515625 
691.511474609375 94.641609191894531 554.738037109375 
690.52783203125 98.4100341796875 554.80419921875 
689.4002685546875 91.815940856933594 554.6207275390625 
688.288330078125 95.346481323242188 554.7080078125 
692.7196044921875 83.984397888183594 551.3936767578125 
689.36474609375 86.141952514648438 552.7637939453125 
687.423583984375 88.995697021484375 553.76409912109375 
686.08056640625 92.362228393554688 554.0013427734375 
693.7044677734375 103.98643493652344 553.74560546875 
697.12030029296875 105.24462127685547 552.3321533203125 
690.06829833984375 102.14429473876953 554.59613037109375 
687.5318603515625 99.011032104492188 554.69879150390625 
685.30279541015625 95.986175537109375 554.0567626953125 
684.6434326171875 99.347343444824219 553.989501953125 
686.11199951171875 102.09693908691406 554.2388916015625 
687.744384765625 104.690673828125 553.93560791015625 
690.60577392578125 105.93428039550781 553.57366943359375 
693.56829833984375 107.51877593994141 552.66259765625 
684.576171875 105.05020904541016 553.37713623046875 
687.17449951171875 107.72148132324219 552.93182373046875 
690.36285400390625 109.49468994140625 552.34063720703125 
682.55950927734375 101.69017791748047 553.12176513671875 
681.90576171875 105.53523254394531 552.52899169921875 
684.0159912109375 108.45240020751953 552.3507080078125 
686.6988525390625 110.92764282226562 551.87158203125 
696.47998046875 108.63517761230469 551.647216796875 
693.83612060546875 111.38895416259766 551.40350341796875 
689.7276611328125 112.83698272705078 551.384765625 
683.4317626953125 111.91595458984375 551.3265380859375 
686.0546875 114.34809112548828 551.0135498046875 
681.34490966796875 109.11961364746094 551.5970458984375 
699.833251953125 107.35173034667969 550.8507080078125 
698.01947021484375 111.32122039794922 550.66943359375 
695.999267578125 114.75428009033203 550.45330810546875 
692.4014892578125 114.77900695800781 550.81365966796875 
688.9169921875 116.56831359863281 550.74609375 
704.66009521484375 103.10240936279297 548.92230224609375 
703.04241943359375 106.50171661376953 549.64288330078125 
701.8179931640625 110.46456909179688 549.83154296875 
700.03375244140625 114.18741607666016 549.91046142578125 
692.6392822265625 118.32269287109375 550.40557861328125 
697.64154052734375 117.76985931396484 549.9730224609375 
680.2838134765625 98.821067810058594 551.44012451171875 
680.02105712890625 102.59313201904297 551.62841796875 
679.50567626953125 106.21633148193359 551.27471923828125 
678.9735107421875 109.64141845703125 550.5279541015625 
680.52978515625 112.54107666015625 550.6214599609375 
682.4798583984375 115.24574279785156 550.517822265625 
684.92828369140625 117.65172576904297 550.47821044921875 
687.77435302734375 119.79621887207031 550.4737548828125 
677.817626953125 103.71775817871094 549.88226318359375 
677.3717041015625 107.00650787353516 549.6484375 
677.00579833984375 109.899658203125 549.09515380859375 
677.9893798828125 112.6480712890625 549.40081787109375 
679.3037109375 115.47647094726562 549.5533447265625 
681.1112060546875 118.18556976318359 549.71246337890625 
683.40631103515625 120.60809326171875 549.882568359375 
695.09014892578125 120.78079223632812 550.08251953125 
706.2655029296875 106.12166595458984 548.30609130859375 
705.35247802734375 109.66875457763672 548.77569580078125 
704.03240966796875 113.2967529296875 549.10821533203125 
702.072509765625 116.77494049072266 549.37841796875 
700.29498291015625 120.40475463867188 549.49774169921875 
706.8546142578125 100.36321258544922 548.07061767578125 
708.7833251953125 103.79248809814453 547.16845703125 
708.69744873046875 108.20329284667969 547.50048828125 
707.864501953125 112.1058349609375 548.0587158203125 
706.4552001953125 115.57684326171875 548.53778076171875 
704.52825927734375 118.56984710693359 548.90228271484375 
711.4820556640625 106.96157836914062 546.2386474609375 
711.03875732421875 110.90884399414062 546.7838134765625 
710.0140380859375 114.60018920898438 547.443603515625 
700.7269287109375 123.78092193603516 549.25189208984375 
697.14276123046875 122.94232940673828 549.77105712890625 
684.07122802734375 89.504508972167969 552.422119140625 
678.20306396484375 100.24337005615234 549.688232421875 
678.47222900390625 96.528450012207031 549.2525634765625 
678.7972412109375 92.416175842285156 549.07647705078125 
685.90460205078125 86.269477844238281 551.9532470703125 
682.4844970703125 86.646049499511719 550.64251708984375 
679.43212890625 88.337478637695312 549.3818359375 
692.8162841796875 123.86923980712891 550.0987548828125 
681.615478515625 122.96797180175781 548.72265625 
679.548828125 120.51241302490234 548.3385009765625 
677.88671875 117.75778198242188 547.94049072265625 
676.74383544921875 114.81569671630859 547.6617431640625 
675.91387939453125 111.72290802001953 547.38616943359375 
675.5933837890625 108.40023803710938 547.48779296875 
675.97552490234375 105.21248626708984 547.89300537109375 
676.34222412109375 101.84455871582031 547.88616943359375 
676.5177001953125 98.301582336425781 547.61328125 
676.664306640625 94.462432861328125 547.4903564453125 
674.8863525390625 103.58210754394531 545.90386962890625 
674.94366455078125 100.23247528076172 545.80609130859375 
674.799560546875 96.765083312988281 545.760986328125 
676.703125 90.195899963378906 547.9061279296875 
674.57342529296875 93.175949096679688 546.12774658203125 
688.90570068359375 83.639808654785156 550.8092041015625 
685.54266357421875 83.520217895507812 550.1339111328125 
682.94024658203125 83.048164367675781 549.35528564453125 
680.371337890625 84.418975830078125 549.2034912109375 
677.61669921875 85.905548095703125 548.61187744140625 
695.6898193359375 82.219841003417969 550.0592041015625 
699.52178955078125 82.47503662109375 550.02734375 
708.42236328125 96.997047424316406 547.83856201171875 
709.041259765625 93.872650146484375 548.0360107421875 
706.295654296875 87.671287536621094 549.80615234375 
691.90960693359375 81.537422180175781 549.38214111328125 
688.40911865234375 80.962989807128906 548.82177734375 
710.324951171875 100.10474395751953 546.6839599609375 
711.77935791015625 96.370506286621094 546.509521484375 
710.96875 91.80169677734375 547.404541015625 
709.75469970703125 88.137702941894531 548.23358154296875 
708.61572265625 85.027061462402344 548.6812744140625 
705.61956787109375 79.751190185546875 548.47119140625 
701.982666015625 79.855506896972656 548.675537109375 
698.25836181640625 79.861930847167969 548.62384033203125 
694.6622314453125 79.524009704589844 548.18603515625 
691.17120361328125 78.811378479003906 547.64739990234375 
685.2420654296875 80.479080200195312 548.361083984375 
687.8218994140625 78.146430969238281 547.31561279296875 
681.88165283203125 80.497673034667969 548.17919921875 
678.684814453125 82.103225708007812 548.39556884765625 
684.4342041015625 77.702888488769531 547.20477294921875 
686.87982177734375 75.263809204101562 546.36614990234375 
690.25225830078125 75.862060546875 546.48663330078125 
693.71612548828125 76.701622009277344 546.83966064453125 
679.36187744140625 79.049667358398438 547.74102783203125 
681.35101318359375 77.024551391601562 547.14306640625 
683.43121337890625 74.733688354492188 546.41748046875 
689.2060546875 72.769935607910156 545.781494140625 
685.5364990234375 72.468605041503906 545.8616943359375 
692.73089599609375 73.897575378417969 546.01141357421875 
712.20587158203125 103.45131683349609 545.75616455078125 
696.23883056640625 125.580810546875 549.66961669921875 
691.6466064453125 126.59205627441406 549.822998046875 
687.73583984375 127.23003387451172 549.35107421875 
699.88848876953125 126.693115234375 548.95831298828125 
695.294921875 127.95277404785156 549.25628662109375 
691.09796142578125 128.96258544921875 548.983154296875 
698.9488525390625 129.0958251953125 548.13018798828125 
694.76287841796875 130.1356201171875 548.0997314453125 
713.4127197265625 100.03498840332031 545.31402587890625 
709.86737060546875 122.71471405029297 546.82855224609375 
711.0194091796875 119.64735412597656 546.8099365234375 
712.1217041015625 116.55641937255859 546.42156982421875 
713.24993896484375 113.29248046875 545.70513916015625 
713.96600341796875 109.82453918457031 545.08001708984375 
714.64764404296875 106.50225067138672 544.47918701171875 
715.45220947265625 103.32480621337891 543.931640625 
673.8726806640625 89.811614990234375 546.66986083984375 
675.124267578125 86.643180847167969 547.8548583984375 
691.18267822265625 131.04364013671875 547.146240234375 
687.8040771484375 129.67044067382812 547.81402587890625 
684.57470703125 127.97646331787109 547.7213134765625 
697.1375732421875 77.179641723632812 547.23828125 
700.6182861328125 77.324943542480469 547.56646728515625 
704.039306640625 77.291610717773438 547.73040771484375 
696.07037353515625 74.390998840332031 546.26116943359375 
699.29742431640625 74.67120361328125 546.54681396484375 
702.49383544921875 74.771720886230469 546.819580078125 
713.6322021484375 93.214324951171875 545.89031982421875 
712.68377685546875 89.189353942871094 546.632568359375 
711.861328125 85.672882080078125 547.05780029296875 
710.9425048828125 82.707611083984375 547.37542724609375 
709.4146728515625 79.895843505859375 547.56573486328125 
707.66253662109375 77.397186279296875 547.35760498046875 
705.84222412109375 74.90692138671875 546.7860107421875 
675.87921142578125 82.779273986816406 548.23260498046875 
676.66162109375 79.329925537109375 547.77313232421875 
678.07470703125 76.355911254882812 547.08465576171875 
680.0018310546875 74.107376098632812 546.473876953125 
682.056396484375 71.972328186035156 545.90380859375 
687.363037109375 70.175064086914062 545.40374755859375 
683.99072265625 69.912094116210938 545.4696044921875 
692.20489501953125 71.390655517578125 545.51043701171875 
695.08538818359375 71.638618469238281 545.6021728515625 
698.01513671875 71.923141479492188 545.7567138671875 
701.005859375 72.189414978027344 545.95355224609375 
704.15496826171875 72.405754089355469 546.00103759765625 
674.71136474609375 107.00830078125 545.5252685546875 
674.14324951171875 105.30403900146484 543.6922607421875 
673.95233154296875 102.12599182128906 543.78741455078125 
673.53424072265625 98.910659790039062 543.7596435546875 
673.586669921875 103.80902099609375 541.580322265625 
672.8995361328125 100.87538146972656 541.6220703125 
672.79833984375 95.600936889648438 544.0894775390625 
672.023681640625 97.814552307128906 541.7529296875 
672.12225341796875 92.326629638671875 544.65582275390625 
670.91705322265625 94.63739013671875 542.23077392578125 
690.46881103515625 69.639961242675781 545.2332763671875 
693.6947021484375 69.034797668457031 545.09814453125 
696.63568115234375 69.183830261230469 545.0992431640625 
699.5809326171875 69.520835876464844 545.1533203125 
702.5672607421875 69.862632751464844 545.15484619140625 
674.05548095703125 106.58360290527344 541.405029296875 
674.3428955078125 108.62720489501953 542.79974365234375 
674.7486572265625 110.29720306396484 545.13433837890625 
675.1953125 113.29268646240234 545.243896484375 
675.83050537109375 116.27557373046875 545.31884765625 
676.67333984375 119.14876556396484 545.49127197265625 
677.91107177734375 121.73548889160156 546.01580810546875 
679.5145263671875 124.08564758300781 546.457275390625 
681.1256103515625 126.25192260742188 546.41424560546875 
707.1866455078125 127.21427154541016 546.2266845703125 
709.20526123046875 125.49271392822266 546.04754638671875 
715.067626953125 97.011489868164062 544.702880859375 
716.5963134765625 100.31562042236328 543.2789306640625 
705.68560791015625 128.93360900878906 545.66680908203125 
702.109375 130.09834289550781 546.3585205078125 
698.54351806640625 131.07511901855469 546.4925537109375 
695.20135498046875 131.9234619140625 545.8939208984375 
716.28240966796875 92.6876220703125 544.1461181640625 
715.3057861328125 89.687728881835938 544.89764404296875 
685.074951171875 129.95896911621094 545.635498046875 
682.18316650390625 128.42491149902344 544.87237548828125 
714.62921142578125 86.5853271484375 545.252197265625 
714.36083984375 83.4501953125 545.0712890625 
713.20361328125 80.4893798828125 545.470703125 
711.54052734375 77.702171325683594 545.8890380859375 
709.5262451171875 75.1011962890625 545.9864501953125 
707.6343994140625 72.59783935546875 545.4971923828125 
705.8350830078125 70.170478820800781 544.7554931640625 
711.3974609375 123.77582550048828 545.3079833984375 
712.9027099609375 121.18496704101562 545.1033935546875 
714.108642578125 118.28462219238281 544.7376708984375 
715.056640625 115.28581237792969 544.21807861328125 
715.8494873046875 112.23105621337891 543.5966796875 
716.66009521484375 109.16410064697266 542.81097412109375 
717.4840087890625 106.00582885742188 541.9912109375 
718.30908203125 102.79250335693359 541.3223876953125 
674.82696533203125 111.56640625 542.28704833984375 
677.76904296875 64.154190063476562 540.29327392578125 
680.3499755859375 62.666385650634766 540.09527587890625 
682.93048095703125 61.902782440185547 538.55078125 
679.952880859375 63.177421569824219 538.34954833984375 
677.61004638671875 64.633773803710938 538.25152587890625 
681.86297607421875 62.9586181640625 536.54248046875 
679.4459228515625 64.296646118164062 536.1351318359375 
677.53143310546875 65.637603759765625 536.06536865234375 
678.633056640625 66.109970092773438 533.4425048828125 
678.6500244140625 67.996925354003906 527.5958251953125 
678.69677734375 68.725303649902344 525.5029296875 
681.11199951171875 67.631881713867188 524.84027099609375 
678.57452392578125 67.098899841308594 530.41607666015625 
680.96435546875 66.426300048828125 527.96337890625 
680.94842529296875 65.423934936523438 531.1300048828125 
681.09552001953125 64.331527709960938 534.12176513671875 
704.03460693359375 103.50441741943359 457.588134765625 
703.59820556640625 106.30807495117188 455.82131958007812 
704.4384765625 106.53495788574219 458.67022705078125 
703.10076904296875 103.74256896972656 454.42947387695312 
702.18499755859375 103.97692108154297 451.29315185546875 
705.45318603515625 106.45151519775391 461.810302734375 
705.9598388671875 103.04344940185547 463.92245483398438 
704.9886474609375 103.27149200439453 460.74981689453125 
706.51800537109375 106.29647827148438 465.03213500976562 
706.939453125 102.81733703613281 467.0911865234375 
707.5665283203125 106.06269073486328 468.26773071289062 
708.58197021484375 105.80751800537109 471.45416259765625 
708.8587646484375 102.36547088623047 473.37777709960938 
709.57757568359375 105.53294372558594 474.63134765625 
707.9085693359375 102.58396148681641 470.2440185546875 
710.56573486328125 105.23185729980469 477.84280395507812 
710.74237060546875 101.94974517822266 479.66836547851562 
711.51031494140625 104.98995971679688 481.03054809570312 
709.8004150390625 102.15081024169922 476.5130615234375 
718.484130859375 103.85250854492188 506.00271606445312 
717.66864013671875 103.97024536132812 503.1412353515625 
717.0128173828125 101.13934326171875 501.57647705078125 
716.73663330078125 104.14111328125 499.97775268554688 
715.83074951171875 104.23876953125 496.77059936523438 
716.04595947265625 101.25090026855469 498.38592529296875 
715.220947265625 101.2713623046875 495.2852783203125 
715.01336669921875 104.34027099609375 493.59988403320312 
714.1832275390625 104.49118041992188 490.44259643554688 
714.398193359375 101.33407592773438 492.201171875 
713.53314208984375 101.47789001464844 489.101806640625 
713.30926513671875 104.66327667236328 487.2974853515625 
712.3980712890625 104.845458984375 484.13833618164062 
712.62939453125 101.6259765625 485.99432373046875 
711.6934814453125 101.78622436523438 482.84097290039062 
717.9913330078125 101.02658081054688 504.76193237304688 
695.1107177734375 105.95196533203125 426.30099487304688 
695.98858642578125 105.70697021484375 429.46755981445312 
696.87066650390625 105.45585632324219 432.61642456054688 
697.7525634765625 105.20159912109375 435.75094604492188 
698.630859375 104.93314361572266 438.86575317382812 
699.508544921875 104.65980529785156 441.97750854492188 
700.388671875 104.41804504394531 445.06973266601562 
701.2830810546875 104.19151306152344 448.176025390625 
718.1759033203125 99.524360656738281 506.54446411132812 
717.14544677734375 99.683822631835938 503.32012939453125 
718.10418701171875 98.051338195800781 508.2431640625 
719.25994873046875 99.669296264648438 509.77239990234375 
717.13714599609375 98.183906555175781 505.10940551757812 
716.114013671875 98.341285705566406 501.86431884765625 
720.1295166015625 100.00996398925781 512.64373779296875 
719.93438720703125 97.810028076171875 514.3126220703125 
719.08807373046875 97.994651794433594 511.26638793945312 
720.73138427734375 100.35855865478516 518.1357421875 
720.65802001953125 100.43457794189453 520.20941162109375 
720.4459228515625 98.173988342285156 520.48883056640625 
720.63677978515625 100.20272827148438 515.44122314453125 
716.1234130859375 99.805007934570312 500.0657958984375 
715.2271728515625 99.881874084472656 496.898681640625 
715.14532470703125 98.4412841796875 498.63650512695312 
714.39520263671875 99.941307067871094 493.783447265625 
714.2642822265625 98.529106140136719 495.47113037109375 
713.52252197265625 100.05052947998047 490.65548706054688 
712.45263671875 98.760246276855469 489.14993286132812 
712.607421875 100.19898223876953 487.50665283203125 
711.6552734375 100.33029937744141 484.33059692382812 
711.49237060546875 98.896675109863281 485.9521484375 
710.5042724609375 99.004203796386719 482.731689453125 
710.68865966796875 100.46869659423828 481.13742065429688 
709.507080078125 99.169578552246094 479.4501953125 
709.71832275390625 100.65927886962891 477.90310668945312 
708.75689697265625 100.85966491699219 474.7021484375 
708.52642822265625 99.357894897460938 476.18914794921875 
707.5579833984375 99.566497802734375 472.95480346679688 
707.78924560546875 101.07350921630859 471.495361328125 
706.57501220703125 99.797920227050781 469.70999145507812 
706.82501220703125 101.31838989257812 468.31588745117188 
705.83612060546875 101.5452880859375 465.11361694335938 
705.578369140625 100.02748870849609 466.46340942382812 
704.57501220703125 100.24555969238281 463.20773315429688 
704.85296630859375 101.76991271972656 461.896240234375 
703.6005859375 100.46046447753906 459.957763671875 
703.89727783203125 101.99602508544922 458.69259643554688 
702.96783447265625 102.24155426025391 455.48272705078125 
702.66314697265625 100.70018005371094 456.71261596679688 
701.7528076171875 100.95327758789062 453.46530151367188 
702.068603515625 102.49243927001953 452.30108642578125 
700.8673095703125 101.20304107666016 450.23907470703125 
701.1717529296875 102.72019958496094 449.11679077148438 
700.28466796875 102.93569946289062 445.958984375 
699.984130859375 101.42857360839844 447.02130126953125 
699.10833740234375 101.63208770751953 443.8355712890625 
699.407470703125 103.15818023681641 442.80218505859375 
698.2508544921875 101.84507751464844 440.64227294921875 
698.5479736328125 103.38622283935547 439.6531982421875 
697.695068359375 103.63512420654297 436.497314453125 
697.4010009765625 102.05390930175781 437.44851684570312 
696.5560302734375 102.27671813964844 434.23870849609375 
696.837646484375 103.89361572265625 433.33065795898438 
695.71136474609375 102.53941345214844 431.015625 
695.974853515625 104.14794158935547 430.14389038085938 
695.11456298828125 104.39486694335938 426.9439697265625 
694.86492919921875 102.78649139404297 427.79092407226562 
694.021484375 103.02116394042969 424.56100463867188 
694.2567138671875 104.64194488525391 423.726318359375 
693.18463134765625 103.26206207275391 421.31906127929688 
693.41180419921875 104.91539764404297 420.49725341796875 
692.55731201171875 105.19752502441406 417.25564575195312 
692.35296630859375 103.52225494384766 418.0753173828125 
691.52337646484375 103.82349395751953 414.81582641601562 
691.70819091796875 105.48273468017578 414.01953125 
690.697998046875 104.17099761962891 411.56008911132812 
690.837890625 105.7344970703125 410.77139282226562 
689.91619873046875 106.03025817871094 407.36175537109375 
689.87127685546875 104.52922058105469 408.31735229492188 
689.05218505859375 104.91015625 405.0980224609375 
689.0340576171875 106.62300109863281 403.95687866210938 
688.23431396484375 105.29598236083984 401.9022216796875 
688.22235107421875 107.22982025146484 400.85836791992188 
687.37255859375 107.67903900146484 397.7535400390625 
687.4100341796875 105.67497253417969 398.72323608398438 
686.56988525390625 106.03331756591797 395.56253051757812 
686.499267578125 108.05692291259766 394.58148193359375 
685.71551513671875 106.37293243408203 392.398193359375 
685.621337890625 108.42815399169922 391.39935302734375 
684.7412109375 108.80216979980469 388.22872924804688 
684.83935546875 106.75038909912109 389.21209716796875 
683.9500732421875 107.16532135009766 386.01162719726562 
683.8504638671875 109.17440032958984 385.03262329101562 
683.03912353515625 107.59064483642578 382.79629516601562 
682.95416259765625 109.52285003662109 381.84030151367188 
682.0455322265625 109.79364776611328 378.70343017578125 
682.125732421875 107.99075317382812 379.58184814453125 
681.19305419921875 108.36480712890625 376.37515258789062 
681.104736328125 109.99437713623047 375.58218383789062 
680.24847412109375 108.72226715087891 373.18634033203125 
680.221923828125 110.14995574951172 372.56695556640625 
678.94580078125 110.95507049560547 368.34295654296875 
679.2872314453125 109.05021667480469 370.0029296875 
678.3187255859375 109.35147094726562 366.84024047851562 
678.074462890625 111.39122009277344 365.57431030273438 
677.3363037109375 109.63553619384766 363.67388916015625 
677.1439208984375 111.65811157226562 362.55340576171875 
676.19403076171875 111.92385101318359 359.46389770507812 
676.34063720703125 109.93609619140625 360.5076904296875 
675.35150146484375 110.24293518066406 357.34524536132812 
675.24493408203125 112.19009399414062 356.35223388671875 
674.36212158203125 110.58805084228516 354.18356323242188 
674.27447509765625 112.4443359375 353.23370361328125 
673.25872802734375 112.65395355224609 350.11483764648438 
673.37286376953125 110.93001556396484 351.01419067382812 
672.37841796875 111.28983306884766 347.8450927734375 
672.2266845703125 112.91961669921875 346.87213134765625 
671.36505126953125 111.65518951416016 344.658935546875 
671.173095703125 113.31329345703125 343.62875366210938 
670.12164306640625 113.78191375732422 340.45541381835938 
670.343017578125 112.00933837890625 341.47158813476562 
669.31121826171875 112.33901977539062 338.27859497070312 
669.09490966796875 114.18528747558594 337.40945434570312 
668.27667236328125 112.65268707275391 335.09014892578125 
668.07818603515625 114.48469543457031 334.3441162109375 
667.08154296875 114.72541809082031 331.30856323242188 
667.2467041015625 112.93624114990234 331.90512084960938 
666.2252197265625 113.20665740966797 328.71566772460938 
666.15875244140625 114.90834808349609 328.38510131835938 
661.6644287109375 115.91182708740234 314.47970581054688 
660.56451416015625 116.08299255371094 311.09140014648438 
661.17523193359375 114.29867553710938 312.83203125 
660.17181396484375 114.49042510986328 309.65911865234375 
663.20721435546875 113.900146484375 319.15701293945312 
665.2164306640625 113.44740295410156 325.525390625 
664.2149658203125 113.68296813964844 322.33688354492188 
659.55206298828125 116.26531219482422 307.86300659179688 
658.2044677734375 114.90728759765625 303.23635864257812 
657.24481201171875 115.15621185302734 300.00369262695312 
657.6376953125 116.56574249267578 301.5787353515625 
659.17559814453125 114.69420623779297 306.457763671875 
658.57672119140625 116.43422698974609 304.69985961914062 
656.70489501953125 116.65550994873047 298.52761840820312 
655.847900390625 116.73776245117188 295.51385498046875 
656.30438232421875 115.42784118652344 296.77560424804688 
655.37286376953125 115.72471618652344 293.54946899414062 
654.452880859375 116.03715515136719 290.3472900390625 
653.72906494140625 117.78515625 288.94271850585938 
654.5885009765625 117.24904632568359 291.4752197265625 
640.7493896484375 121.37226867675781 212.28907775878906 
641.26007080078125 119.61116790771484 211.49031066894531 
639.97705078125 122.88557434082031 216.76072692871094 
640.40826416015625 121.41281127929688 219.73744201660156 
640.2061767578125 122.79960632324219 213.42779541015625 
640.53497314453125 121.41708374023438 216.0277099609375 
640.9110107421875 119.94140625 218.61190795898438 
640.9990234375 120.03628540039062 214.94197082519531 
640.32342529296875 121.532470703125 222.97227478027344 
641.02947998046875 119.44639587402344 222.20478820800781 
640.29345703125 121.76199340820312 226.08528137207031 
641.05426025390625 119.67421722412109 225.65226745605469 
640.243896484375 122.15631103515625 228.84449768066406 
641.0943603515625 120.11388397216797 229.01202392578125 
640.5853271484375 121.83477020263672 231.62710571289062 
640.96356201171875 121.67030334472656 234.80953979492188 
641.768310546875 119.96953582763672 235.74429321289062 
641.38031005859375 120.07041168212891 232.3892822265625 
641.4443359375 121.46903991699219 238.10574340820312 
642.2314453125 119.84049224853516 239.08708190917969 
641.99200439453125 121.25630187988281 241.44476318359375 
642.58441162109375 121.02951049804688 244.78109741210938 
643.3509521484375 119.44096374511719 245.70005798339844 
642.77093505859375 119.64236450195312 242.40611267089844 
643.20819091796875 120.82372283935547 248.11163330078125 
643.969970703125 119.24502563476562 248.98402404785156 
643.861328125 120.65670013427734 251.44480895996094 
644.5447998046875 120.49111938476562 254.70233154296875 
645.3399658203125 118.80801391601562 255.46040344238281 
644.63330078125 119.03398895263672 252.237548828125 
645.2886962890625 120.25357818603516 257.88583374023438 
646.0782470703125 118.57192993164062 258.67501831054688 
646.0811767578125 119.98880004882812 261.13339233398438 
646.8858642578125 119.78672027587891 264.37820434570312 
647.6119384765625 118.12431335449219 265.08395385742188 
646.83709716796875 118.34123229980469 261.87722778320312 
647.7003173828125 119.58773040771484 267.63531494140625 
648.4031982421875 117.88548278808594 268.2760009765625 
648.54254150390625 119.36160278320312 270.9156494140625 
649.33807373046875 119.06282806396484 273.86273193359375 
650.06280517578125 116.96297454833984 274.53591918945312 
649.24322509765625 117.32601165771484 271.37750244140625 
650.20098876953125 118.70464324951172 276.90225219726562 
650.88037109375 116.80323791503906 277.71234130859375 
651.12371826171875 118.53250122070312 280.03656005859375 
652.0277099609375 118.38899993896484 283.19607543945312 
652.64349365234375 116.64574432373047 284.006103515625 
651.77142333984375 116.84436798095703 280.83853149414062 
652.8824462890625 118.12375640869141 286.20806884765625 
653.530029296875 116.36536407470703 287.17568969726562 
662.19171142578125 114.10912322998047 315.99844360351562 
713.3795166015625 98.619766235351562 492.32327270507812 
720.35711669921875 97.909950256347656 517.3880615234375 
710.33514404296875 71.640602111816406 542.99102783203125 
710.62835693359375 73.488143920898438 544.308349609375 
708.4833984375 71.374679565429688 544.3336181640625 
712.85443115234375 74.240806579589844 542.1571044921875 
712.44000244140625 75.824455261230469 544.1572265625 
714.67742919921875 77.0704345703125 541.969970703125 
714.031982421875 78.489486694335938 543.9266357421875 
716.06500244140625 80.107353210449219 541.9925537109375 
715.27996826171875 81.3538818359375 543.62335205078125 
717.209716796875 83.251029968261719 541.74847412109375 
716.8638916015625 88.018318176269531 543.36834716796875 
718.5933837890625 89.690635681152344 541.54547119140625 
717.4130859375 90.785179138183594 543.076904296875 
718.04815673828125 86.440910339355469 541.596435546875 
716.351806640625 85.273818969726562 543.44146728515625 
718.8524169921875 92.981002807617188 541.50927734375 
717.31658935546875 95.094810485839844 543.12396240234375 
718.76568603515625 96.289794921875 541.54864501953125 
717.26953125 97.779670715332031 542.94549560546875 
718.4969482421875 99.580398559570312 541.511962890625 
707.36328125 69.522178649902344 543.5789794921875 
704.00341796875 130.65599060058594 544.46624755859375 
712.10009765625 125.21957397460938 543.25189208984375 
714.205810546875 123.20557403564453 541.70465087890625 
715.579345703125 120.64483642578125 541.2427978515625 
716.541015625 117.78957366943359 541.008056640625 
717.346435546875 114.85160827636719 540.49786376953125 
718.067138671875 111.87361907958984 539.8170166015625 
718.72711181640625 108.77780914306641 539.13507080078125 
719.37091064453125 105.67803955078125 538.52783203125 
719.906005859375 102.60190582275391 538.18023681640625 
720.24945068359375 99.552757263183594 538.0830078125 
720.3577880859375 96.523895263671875 538.0850830078125 
720.22406005859375 93.482742309570312 538.13433837890625 
719.83453369140625 90.492721557617188 538.1419677734375 
719.21075439453125 87.489112854003906 538.288818359375 
718.38525390625 84.460418701171875 538.85302734375 
717.36181640625 81.462211608886719 539.02374267578125 
716.055908203125 78.521163940429688 539.2451171875 
714.435546875 75.687515258789062 539.6361083984375 
712.52459716796875 73.022720336914062 540.12371826171875 
710.32147216796875 70.520965576171875 540.634521484375 
707.69696044921875 68.278602600097656 541.1822509765625 
705.98553466796875 66.887710571289062 540.4566650390625 
704.42010498046875 65.76519775390625 539.48944091796875 
637.63189697265625 104.93818664550781 263.68917846679688 
637.48974609375 105.41871643066406 256.14849853515625 
639.85546875 106.54795837402344 255.62506103515625 
639.108642578125 105.94596099853516 258.26544189453125 
636.70880126953125 104.95419311523438 258.9822998046875 
638.31396484375 105.38379669189453 260.95611572265625 
639.219482421875 106.47964477539062 251.20890808105469 
640.65496826171875 107.29208374023438 252.61553955078125 
637.21527099609375 105.54216766357422 249.04653930664062 
637.34228515625 105.45856475830078 252.68034362792969 
639.5411376953125 107.06642150878906 244.35585021972656 
641.1866455078125 108.58531188964844 243.01779174804688 
641.4256591796875 108.50750732421875 246.3582763671875 
637.37677001953125 105.72587585449219 245.61888122558594 
639.47509765625 106.84807586669922 247.6553955078125 
641.1910400390625 107.97245025634766 249.53466796875 
637.2125244140625 105.66213226318359 238.85670471191406 
637.36920166015625 105.76374053955078 242.2607421875 
638.88555908203125 106.77918243408203 234.06150817871094 
640.41375732421875 108.40410614013672 232.71855163574219 
640.61712646484375 108.51674652099609 236.1993408203125 
636.95660400390625 105.44725036621094 235.37203979492188 
639.11004638671875 106.96952056884766 237.53607177734375 
639.36865234375 107.067626953125 240.97007751464844 
640.8961181640625 108.57872772216797 239.63156127929688 
640.75115966796875 108.03132629394531 214.80088806152344 
639.573974609375 106.09483337402344 215.84880065917969 
638.15582275390625 104.24813842773438 214.94204711914062 
639.271240234375 106.21206665039062 219.77647399902344 
640.50927734375 107.99330902099609 218.35995483398438 
640.337890625 108.04285430908203 221.98004150390625 
637.94091796875 104.50954437255859 218.01725769042969 
637.48687744140625 104.62403106689453 221.44723510742188 
638.98980712890625 106.30442810058594 223.51910400390625 
637.060546875 104.77040863037109 224.97021484375 
638.73858642578125 106.58878326416016 230.60926818847656 
640.2894287109375 108.27486419677734 229.19166564941406 
638.7689208984375 106.42579650878906 227.1016845703125 
640.25091552734375 108.138427734375 225.59782409667969 
636.67376708984375 105.107666015625 231.86367797851562 
636.6773681640625 104.88538360595703 228.47308349609375 
708.32391357421875 92.321975708007812 493.98898315429688 
710.9332275390625 93.833778381347656 496.41009521484375 
708.8233642578125 91.85601806640625 496.78466796875 
710.0087890625 94.321426391601562 492.42776489257812 
712.44757080078125 96.233367919921875 494.2222900390625 
713.5128173828125 96.134727478027344 497.654296875 
712.5257568359375 94.133811950683594 499.99749755859375 
710.211669921875 92.192756652832031 499.43283081054688 
714.56072998046875 96.189468383789062 500.741455078125 
713.78167724609375 94.531242370605469 502.54238891601562 
711.932861328125 92.5379638671875 503.06149291992188 
715.5325927734375 96.109344482421875 503.75042724609375 
714.366943359375 94.127845764160156 505.30886840820312 
713.04302978515625 92.120536804199219 507.04550170898438 
710.5416259765625 90.404830932617188 505.43081665039062 
709.1588134765625 90.467918395996094 501.8118896484375 
707.785888671875 90.389747619628906 498.55227661132812 
706.6851806640625 90.45758056640625 495.51788330078125 
707.97674560546875 88.604698181152344 504.08575439453125 
706.58770751953125 88.660820007324219 500.66403198242188 
705.28094482421875 88.683570861816406 497.43353271484375 
705.3778076171875 86.888236999511719 502.90866088867188 
703.97137451171875 86.945442199707031 499.61489868164062 
702.69915771484375 85.269317626953125 501.89010620117188 
704.09661865234375 85.115203857421875 505.09259033203125 
706.73455810546875 86.724693298339844 506.23013305664062 
716.42022705078125 95.946754455566406 506.84817504882812 
715.3773193359375 93.856582641601562 508.62188720703125 
709.29266357421875 88.414833068847656 507.55154418945312 
711.7867431640625 90.122093200683594 509.03396606445312 
714.20001220703125 91.794532775878906 510.50473022460938 
716.43157958984375 93.566764831542969 511.79257202148438 
717.41192626953125 95.774566650390625 510.00424194335938 
711.3773193359375 96.393180847167969 490.70559692382812 
701.383544921875 83.605278015136719 504.14364624023438 
718.52752685546875 95.636634826660156 513.294677734375 
717.26629638671875 93.191490173339844 514.63165283203125 
718.9122314453125 95.066276550292969 515.861328125 
719.664794921875 96.554733276367188 515.72882080078125 
715.28887939453125 91.380683898925781 513.66156005859375 
712.9779052734375 89.674270629882812 512.4583740234375 
710.5391845703125 88.022727966308594 510.98770141601562 
708.01580810546875 86.416221618652344 509.5115966796875 
705.41790771484375 84.842971801757812 508.23385620117188 
702.760498046875 83.345108032226562 507.17959594726562 
708.92291259765625 94.589462280273438 488.69747924804688 
710.1876220703125 96.505241394042969 487.04873657226562 
707.39886474609375 92.654411315917969 490.45526123046875 
705.75958251953125 90.70733642578125 492.30712890625 
704.12762451171875 88.779922485351562 494.26092529296875 
702.60009765625 86.975914001464844 496.34716796875 
701.212890625 85.3140869140625 498.63369750976562 
699.94287109375 83.777671813964844 501.00830078125 
700.0755615234375 81.948699951171875 506.37179565429688 
698.66009521484375 82.242446899414062 503.40670776367188 
641.63818359375 116.65992736816406 222.92326354980469 
641.3443603515625 118.10749053955078 220.09053039550781 
641.75628662109375 116.75601196289062 226.43896484375 
641.96807861328125 116.78243255615234 229.89283752441406 
642.28350830078125 116.71219635009766 233.29826354980469 
642.6920166015625 116.5595703125 236.66139221191406 
643.15582275390625 116.3861083984375 240.00328063964844 
643.663818359375 116.21083831787109 243.31459045410156 
644.2142333984375 116.04046630859375 246.595947265625 
644.794921875 115.87432861328125 249.85232543945312 
645.40380859375 115.71506500244141 253.09049987792969 
646.0380859375 115.55525207519531 256.3037109375 
646.6920166015625 115.39003753662109 259.5057373046875 
647.37237548828125 115.21499633789062 262.72793579101562 
648.07562255859375 115.03469085693359 265.94906616210938 
648.7987060546875 114.84796905517578 269.18063354492188 
649.5419921875 114.64205932617188 272.40133666992188 
650.3033447265625 114.42961883544922 275.59994506835938 
651.07989501953125 114.19063568115234 278.78286743164062 
651.8831787109375 113.94101715087891 281.96224975585938 
652.6925048828125 113.67684173583984 285.14739990234375 
653.50927734375 113.40866088867188 288.34902954101562 
654.3272705078125 113.14037322998047 291.57827758789062 
655.16143798828125 112.85080718994141 294.80718994140625 
656.0257568359375 112.56439208984375 298.0587158203125 
656.916015625 112.31032562255859 301.29681396484375 
657.822998046875 112.10129547119141 304.53976440429688 
658.7445068359375 111.92536926269531 307.75479125976562 
659.705078125 111.73602294921875 310.94781494140625 
660.6878662109375 111.54082489013672 314.11007690429688 
661.67803955078125 111.32500457763672 317.2646484375 
662.66265869140625 111.09651184082031 320.433837890625 
663.6468505859375 110.84035491943359 323.61651611328125 
664.62860107421875 110.54620361328125 326.81600952148438 
665.6187744140625 110.24263763427734 330.01284790039062 
666.6058349609375 109.94003295898438 333.20721435546875 
667.5965576171875 109.64425659179688 336.40582275390625 
668.58642578125 109.33712768554688 339.60397338867188 
669.58001708984375 109.01448822021484 342.7982177734375 
670.56103515625 108.66427612304688 345.97344970703125 
671.52801513671875 108.31234741210938 349.13458251953125 
672.49481201171875 107.97035217285156 352.28961181640625 
673.45672607421875 107.64048004150391 355.439208984375 
674.43133544921875 107.31458282470703 358.58953857421875 
675.4163818359375 106.99617767333984 361.73788452148438 
676.42071533203125 106.68410491943359 364.88934326171875 
677.421630859375 106.42739105224609 368.04339599609375 
678.40777587890625 106.14446258544922 371.20919799804688 
679.37493896484375 105.82550811767578 374.396728515625 
680.3133544921875 105.49497985839844 377.59780883789062 
681.2235107421875 105.14651489257812 380.81008911132812 
682.115966796875 104.77655029296875 384.031494140625 
682.9942626953125 104.39160919189453 387.24038696289062 
683.85888671875 104.00341796875 390.43243408203125 
684.70941162109375 103.60787200927734 393.60940551757812 
685.54864501953125 103.25920104980469 396.76785278320312 
686.36639404296875 102.92664337158203 399.91873168945312 
687.17657470703125 102.58686828613281 403.08987426757812 
687.98175048828125 102.23288726806641 406.28506469726562 
688.78533935546875 101.87774658203125 409.49771118164062 
689.58502197265625 101.54362487792969 412.72381591796875 
690.38275146484375 101.23797607421875 415.96023559570312 
691.1826171875 100.960693359375 419.18740844726562 
691.98101806640625 100.69382476806641 422.41397094726562 
692.7838134765625 100.43361663818359 425.635986328125 
693.599853515625 100.17751312255859 428.8536376953125 
694.4210205078125 99.910530090332031 432.08224487304688 
695.24786376953125 99.660621643066406 435.30911254882812 
696.0791015625 99.43487548828125 438.53289794921875 
696.916748046875 99.22930908203125 441.728515625 
697.764892578125 99.013984680175781 444.9268798828125 
698.6268310546875 98.7889404296875 448.13571166992188 
699.488525390625 98.550865173339844 451.35556030273438 
700.36566162109375 98.306724548339844 454.59103393554688 
701.26806640625 98.070594787597656 457.83291625976562 
702.2080078125 97.844650268554688 461.0794677734375 
703.192138671875 97.635337829589844 464.32394409179688 
704.20953369140625 97.442192077636719 467.57781982421875 
705.2291259765625 97.266929626464844 470.81732177734375 
706.22845458984375 97.105209350585938 474.04168701171875 
707.21685791015625 96.954048156738281 477.27151489257812 
708.20855712890625 96.812881469726562 480.5152587890625 
709.2049560546875 96.666618347167969 483.78817749023438 
641.37646484375 118.13771057128906 217.11758422851562 
641.5120849609375 118.07769775390625 213.73214721679688 
641.64825439453125 117.85041809082031 210.89910888671875 
641.67401123046875 116.2650146484375 219.35569763183594 
641.7498779296875 116.2442626953125 215.73715209960938 
641.8612060546875 116.42304992675781 212.17723083496094 
719.98980712890625 96.727691650390625 517.9312744140625 
697.39752197265625 80.672378540039062 505.85650634765625 
683.8140869140625 63.017181396484375 534.60784912109375 
686.71368408203125 62.277080535888672 534.873046875 
684.771240234375 61.717350006103516 537.20709228515625 
685.73370361328125 63.460639953613281 532.30841064453125 
683.2529296875 64.230552673339844 531.9859619140625 
685.03509521484375 64.434913635253906 530.1021728515625 
688.39703369140625 61.14593505859375 537.48370361328125 
689.55712890625 62.176902770996094 534.60845947265625 
688.26702880859375 63.166904449462891 532.32537841796875 
691.53814697265625 61.61334228515625 536.297119140625 
691.20635986328125 61.106037139892578 538.10394287109375 
683.18463134765625 65.267311096191406 529.0689697265625 
687.40032958984375 64.314498901367188 529.5333251953125 
685.6622314453125 65.33172607421875 527.379638671875 
683.49078369140625 66.420730590820312 525.8143310546875 
693.9119873046875 61.642990112304688 537.42919921875 
720.9742431640625 99.640396118164062 532.78912353515625 
720.88970947265625 97.177215576171875 530.47308349609375 
721.0328369140625 99.503105163574219 529.852783203125 
720.817626953125 96.464469909667969 533.0927734375 
720.76800537109375 98.1785888671875 535.50445556640625 
720.6083984375 95.132087707519531 535.6739501953125 
720.43170166015625 94.460609436035156 530.5819091796875 
720.32586669921875 93.446746826171875 533.18280029296875 
720.62713623046875 101.15003967285156 535.5452880859375 
720.94451904296875 101.92185974121094 530.6123046875 
720.6939697265625 102.84947204589844 533.216552734375 
720.1741943359375 104.26088714599609 535.86322021484375 
720.126220703125 105.96858978271484 533.64556884765625 
720.501220703125 104.7203369140625 530.955322265625 
720.6708984375 103.52281951904297 528.21551513671875 
720.945068359375 100.88191223144531 527.70684814453125 
720.84564208984375 98.118453979492188 527.6646728515625 
720.4495849609375 95.543167114257812 527.9384765625 
719.64141845703125 91.733901977539062 530.6068115234375 
719.69451904296875 92.916397094726562 527.966796875 
720.1715087890625 92.115966796875 535.73443603515625 
719.596923828125 90.587043762207031 533.2430419921875 
718.60528564453125 90.314346313476562 528.03125 
718.6971435546875 89.073234558105469 530.731689453125 
718.62847900390625 91.756881713867188 525.43817138671875 
719.7734375 94.414466857910156 525.47381591796875 
720.48870849609375 96.999137878417969 525.3399658203125 
720.76611328125 99.716049194335938 525.32928466796875 
720.63568115234375 102.46535491943359 525.56976318359375 
720.1031494140625 106.34580230712891 528.5968017578125 
720.17596435546875 105.26280212402344 525.99603271484375 
719.51031494140625 89.158836364746094 535.839599609375 
718.7579345703125 87.758697509765625 533.44696044921875 
717.67529296875 86.41668701171875 531.03765869140625 
717.49365234375 87.743865966796875 528.26544189453125 
717.36907958984375 89.037300109863281 525.35626220703125 
717.7191162109375 90.645339965820312 522.89739990234375 
718.9873046875 93.457061767578125 522.9881591796875 
720.07684326171875 96.112808227539062 522.92523193359375 
719.566650390625 95.407508850097656 520.585693359375 
718.29052734375 92.677841186523438 520.56024169921875 
716.9091796875 90.359916687011719 520.1370849609375 
716.241943359375 87.914817810058594 522.578857421875 
718.93701171875 94.514472961425781 518.43365478515625 
717.72918701171875 92.625961303710938 517.69647216796875 
716.162353515625 90.813789367675781 516.88818359375 
715.2437744140625 88.462455749511719 519.10369873046875 
716.4163818359375 86.420501708984375 525.75079345703125 
714.32952880859375 86.076637268066406 520.6845703125 
715.0572509765625 85.072929382324219 523.66400146484375 
716.52386474609375 85.069267272949219 528.64697265625 
715.2835693359375 83.697044372558594 526.5032958984375 
713.12445068359375 83.583755493164062 521.79083251953125 
713.83294677734375 82.3460693359375 524.66033935546875 
716.63592529296875 83.698028564453125 531.4764404296875 
715.41046142578125 82.368087768554688 529.27325439453125 
713.99871826171875 81.008941650390625 527.314697265625 
711.963623046875 81.086654663085938 522.89300537109375 
712.53240966796875 79.675201416015625 525.70684814453125 
717.7745361328125 84.93902587890625 533.81817626953125 
715.54718017578125 80.984901428222656 531.98260498046875 
716.69549560546875 82.037803649902344 534.2396240234375 
714.13348388671875 79.65533447265625 529.9661865234375 
714.22198486328125 78.398490905761719 532.4661865234375 
715.3380126953125 79.032173156738281 534.59332275390625 
718.70086669921875 86.158828735351562 536.16925048828125 
717.7554931640625 83.218681335449219 536.54937744140625 
716.533203125 80.203536987304688 536.80780029296875 
712.5596923828125 78.243896484375 528.34967041015625 
712.6658935546875 76.832435607910156 531.17193603515625 
713.33209228515625 75.995620727539062 534.4716796875 
714.93182373046875 77.192581176757812 536.993896484375 
710.75482177734375 78.682479858398438 523.9854736328125 
710.92352294921875 77.100067138671875 526.68328857421875 
710.853271484375 75.537567138671875 529.343505859375 
711.2393798828125 74.36285400390625 532.45452880859375 
709.40814208984375 76.463630676269531 525.028076171875 
708.9041748046875 74.348342895507812 527.4241943359375 
709.1844482421875 73.063919067382812 530.52056884765625 
713.18609619140625 74.450553894042969 537.42022705078125 
711.43438720703125 73.153633117675781 535.375244140625 
709.36334228515625 71.776008605957031 533.56298828125 
707.21142578125 70.567611694335938 531.93084716796875 
707.04534912109375 71.777603149414062 528.96533203125 
706.5576171875 72.892295837402344 526.1929931640625 
707.5460205078125 75.08563232421875 524.3812255859375 
708.52880859375 77.540351867675781 522.5611572265625 
709.73297119140625 79.879623413085938 521.301025390625 
710.8841552734375 82.233535766601562 520.079345703125 
712.02947998046875 84.589607238769531 518.8399658203125 
713.1392822265625 86.820220947265625 517.442626953125 
714.2099609375 89.104225158691406 515.72509765625 
720.59539794921875 98.768844604492188 522.8968505859375 
720.6959228515625 101.40758514404297 522.87725830078125 
720.3641357421875 104.12522125244141 523.1787109375 
719.83221435546875 107.62245178222656 531.375732421875 
719.33660888671875 109.21001434326172 529.02313232421875 
719.44879150390625 108.24318695068359 526.4576416015625 
719.71990966796875 107.04904174804688 523.787109375 
709.54229736328125 83.147415161132812 517.265380859375 
708.41748046875 80.890083312988281 518.67718505859375 
707.26348876953125 78.60626220703125 520.0743408203125 
706.1953125 76.278457641601562 521.629638671875 
705.2484130859375 74.067543029785156 523.25726318359375 
707.02288818359375 81.7557373046875 516.00146484375 
705.8662109375 79.551856994628906 517.57659912109375 
704.70391845703125 77.3033447265625 519.12664794921875 
704.47625732421875 80.421142578125 514.9610595703125 
703.27313232421875 78.276329040527344 516.64495849609375 
710.674560546875 85.341064453125 515.7874755859375 
708.15240478515625 83.886703491210938 514.3548583984375 
705.62451171875 82.47674560546875 513.16009521484375 
701.92498779296875 79.199302673339844 514.03399658203125 
703.08758544921875 81.162986755371094 512.14154052734375 
703.59149169921875 75.0653076171875 520.705322265625 
702.0233154296875 76.092720031738281 518.2493896484375 
700.61322021484375 77.148208618164062 515.7265625 
700.60009765625 79.987228393554688 511.25836181640625 
699.3741455078125 78.148231506347656 513.128173828125 
711.83935546875 87.512687683105469 514.21759033203125 
719.5704345703125 107.38398742675781 536.37689208984375 
719.44952392578125 109.06172180175781 534.1171875 
719.09967041015625 110.55181121826172 531.7716064453125 
718.5775146484375 111.92607879638672 529.43023681640625 
718.56292724609375 111.33262634277344 526.9384765625 
718.8033447265625 110.08872222900391 524.25360107421875 
718.9193115234375 110.548095703125 536.90289306640625 
718.7689208984375 112.13733673095703 534.386474609375 
718.32861328125 113.51242065429688 531.57470703125 
717.702392578125 114.44341278076172 528.15301513671875 
717.823974609375 113.08582305908203 524.92095947265625 
716.83837890625 115.81649780273438 525.46551513671875 
716.75775146484375 117.44845581054688 528.557373046875 
717.6251220703125 116.04644012451172 531.343505859375 
718.12481689453125 114.96660614013672 534.5706787109375 
718.26715087890625 113.60144805908203 537.41632080078125 
716.99066162109375 118.54684448242188 532.1878662109375 
717.49090576171875 117.56806945800781 534.97515869140625 
717.61346435546875 116.43207550048828 537.925537109375 
716.0869140625 120.25468444824219 530.61492919921875 
716.26080322265625 120.94950103759766 533.43035888671875 
716.65228271484375 120.22954559326172 535.7437744140625 
716.78826904296875 119.24927520751953 538.3779296875 
711.16131591796875 71.777565002441406 538.17193603515625 
709.3153076171875 70.458686828613281 536.46539306640625 
707.24462890625 69.255302429199219 534.9552001953125 
709.3323974609375 85.966819763183594 512.68133544921875 
715.42584228515625 120.12379455566406 528.0322265625 
714.84228515625 122.52152252197266 530.31488037109375 
715.23779296875 122.87427520751953 532.9169921875 
713.9869384765625 122.43274688720703 528.072509765625 
713.08966064453125 124.51209259033203 529.790283203125 
713.69891357421875 124.91367340087891 532.44219970703125 
715.7081298828125 118.36004638671875 525.5565185546875 
714.07257080078125 120.921142578125 525.67767333984375 
712.327392578125 123.57154846191406 526.778564453125 
711.02447509765625 126.04878234863281 529.36993408203125 
711.73052978515625 126.68989562988281 532.034912109375 
706.78070068359375 84.461250305175781 511.31680297851562 
708.767822265625 69.227188110351562 539.09295654296875 
706.9390869140625 67.928138732910156 537.86920166015625 
715.490478515625 122.79866790771484 535.8524169921875 
714.0306396484375 125.03839111328125 535.2276611328125 
712.20867919921875 127.00261688232422 534.79595947265625 
704.1898193359375 83.009124755859375 510.16049194335938 
715.5916748046875 122.13442230224609 538.700927734375 
701.5614013671875 81.648674011230469 509.19317626953125 
714.11920166015625 124.82185363769531 537.99554443359375 
712.3687744140625 126.96678924560547 537.7294921875 
698.29595947265625 79.005950927734375 510.55377197265625 
698.857666015625 80.367347717285156 508.41571044921875 
713.7764892578125 124.61389923095703 540.42559814453125 
712.104248046875 126.63996124267578 540.6885986328125 
709.8880615234375 125.52687835693359 527.15185546875 
704.3345947265625 72.119338989257812 524.772216796875 
704.7010498046875 70.666999816894531 527.551513671875 
704.891357421875 69.399124145507812 530.49005126953125 
705.07830810546875 68.199928283691406 533.52862548828125 
704.94683837890625 66.862457275390625 536.6107177734375 
702.6165771484375 72.890899658203125 522.36688232421875 
700.83746337890625 73.885360717773438 519.900390625 
699.2664794921875 75.100639343261719 517.3089599609375 
697.9068603515625 76.358894348144531 514.56671142578125 
696.81683349609375 77.607292175292969 511.67935180664062 
696.171875 78.822486877441406 508.75845336914062 
638.76837158203125 105.06562805175781 266.7442626953125 
639.67095947265625 105.09813690185547 269.9317626953125 
638.27294921875 104.34901428222656 274.120361328125 
638.75140380859375 104.19815063476562 277.79541015625 
640.92474365234375 104.95818328857422 276.462890625 
641.525634765625 104.81203460693359 279.7265625 
640.3553466796875 105.03824615478516 273.1927490234375 
639.3853759765625 104.03269195556641 281.19863891601562 
640.00177001953125 103.86879730224609 284.4903564453125 
642.146728515625 104.64028930664062 282.97726440429688 
642.7705078125 104.44841003417969 286.21661376953125 
640.609130859375 103.6802978515625 287.75143432617188 
643.40478515625 104.22826385498047 289.4757080078125 
641.2352294921875 103.46349334716797 291.022705078125 
641.872802734375 103.22871398925781 294.31088256835938 
644.06610107421875 103.98897552490234 292.739501953125 
644.765380859375 103.73584747314453 296.0128173828125 
642.57598876953125 102.97383880615234 297.63323974609375 
643.34820556640625 102.70357513427734 301.01187133789062 
645.591796875 103.49001312255859 299.26583862304688 
646.46221923828125 103.25318145751953 302.49029541015625 
643.7958984375 102.33460998535156 304.56005859375 
646.347900390625 102.63716125488281 305.75735473632812 
646.45806884765625 102.12934875488281 309.05963134765625 
646.9891357421875 101.75433349609375 312.36898803710938 
647.64886474609375 101.44486236572266 315.64639282226562 
648.289306640625 101.11839294433594 318.93362426757812 
648.93450927734375 100.78108978271484 322.25180053710938 
649.58148193359375 100.42557525634766 325.58663940429688 
650.24615478515625 100.06612396240234 328.91732788085938 
650.94329833984375 99.707061767578125 332.22274780273438 
651.744140625 99.384613037109375 335.46734619140625 
652.53118896484375 99.076019287109375 338.70712280273438 
651.39007568359375 99.050880432128906 342.86831665039062 
653.30010986328125 98.77081298828125 341.93951416015625 
654.0616455078125 98.452911376953125 345.18313598632812 
652.0677490234375 98.810783386230469 346.57000732421875 
652.81915283203125 98.55059814453125 350.00494384765625 
654.828125 98.124382019042969 348.44186401367188 
655.59002685546875 97.787765502929688 351.70458984375 
653.5443115234375 98.298179626464844 353.33914184570312 
656.3238525390625 97.472335815429688 354.96826171875 
654.2354736328125 98.049461364746094 356.61334228515625 
654.89947509765625 97.811012268066406 359.87277221679688 
657.01898193359375 97.1624755859375 358.2159423828125 
657.66473388671875 96.863990783691406 361.46926879882812 
655.5048828125 97.606712341308594 363.1075439453125 
656.04541015625 97.423233032226562 366.34152221679688 
658.17779541015625 96.584129333496094 364.7650146484375 
658.5201416015625 96.359703063964844 368.11346435546875 
656.53594970703125 97.269844055175781 369.56280517578125 
658.82916259765625 96.166534423828125 371.49209594726562 
657.0174560546875 97.116851806640625 372.68063354492188 
659.176513671875 95.979331970214844 374.86767578125 
659.62554931640625 95.76971435546875 378.2255859375 
660.12066650390625 95.554763793945312 381.55032348632812 
660.66766357421875 95.334716796875 384.84945678710938 
661.25628662109375 95.117721557617188 388.12380981445312 
661.85565185546875 94.890472412109375 391.387939453125 
662.47113037109375 94.638778686523438 394.64816284179688 
663.04656982421875 94.395225524902344 397.92181396484375 
663.58026123046875 94.173934936523438 401.19509887695312 
664.05987548828125 93.991226196289062 404.48251342773438 
664.58624267578125 93.778213500976562 407.77822875976562 
665.1697998046875 93.543495178222656 411.06704711914062 
665.9451904296875 93.189712524414062 414.29989624023438 
667.1497802734375 92.582023620605469 417.36236572265625 
666.2965087890625 93.489913940429688 421.38861083984375 
666.67352294921875 93.522964477539062 425.11111450195312 
668.2099609375 92.181312561035156 423.91677856445312 
668.4925537109375 92.173225402832031 427.26657104492188 
667.89007568359375 92.256805419921875 420.56448364257812 
667.083740234375 93.527603149414062 428.65869140625 
667.5469970703125 93.472328186035156 432.12789916992188 
668.81201171875 92.173393249511719 430.62167358398438 
669.38458251953125 92.010696411132812 433.94500732421875 
668.19805908203125 93.248565673828125 435.48236083984375 
670.36529541015625 91.539054870605469 437.13534545898438 
668.8870849609375 92.967613220214844 438.64453125 
669.4022216796875 92.832565307617188 441.7022705078125 
671.06536865234375 91.263542175292969 440.359130859375 
671.18670654296875 91.394912719726562 443.69479370117188 
669.85382080078125 92.744010925292969 444.8084716796875 
671.68829345703125 91.229286193847656 446.97607421875 
672.20635986328125 91.038612365722656 450.2509765625 
672.66278076171875 90.891914367675781 453.54745483398438 
672.72998046875 91.204147338867188 457.406494140625 
674.03204345703125 89.957939147949219 455.79034423828125 
675.6737060546875 88.971321105957031 457.96896362304688 
673.654296875 90.599945068359375 460.48297119140625 
679.0203857421875 69.7972412109375 523.51605224609375 
681.71624755859375 69.300865173339844 521.93035888671875 
679.5157470703125 71.44061279296875 520.91650390625 
682.29400634765625 71.223556518554688 519.0152587890625 
680.03436279296875 73.38543701171875 518.1456298828125 
682.79217529296875 73.250991821289062 516.08050537109375 
680.48583984375 75.400115966796875 515.18731689453125 
680.78070068359375 77.313568115234375 512.143310546875 
683.33856201171875 76.912261962890625 510.07485961914062 
680.8883056640625 79.023193359375 509.07318115234375 
683.13519287109375 75.180435180664062 513.08612060546875 
680.846923828125 80.516258239746094 505.97213745117188 
683.26312255859375 79.721435546875 503.932861328125 
680.69915771484375 81.800727844238281 502.84738159179688 
683.37738037109375 78.421096801757812 507.02359008789062 
683.02264404296875 80.857025146484375 500.80233764648438 
680.46026611328125 82.930122375488281 499.69525146484375 
680.14727783203125 83.954887390136719 496.4931640625 
682.26519775390625 82.821861267089844 494.39041137695312 
679.7518310546875 84.864204406738281 493.30538940429688 
682.68780517578125 81.877822875976562 497.61593627929688 
679.26873779296875 85.697189331054688 490.1002197265625 
681.24945068359375 84.463752746582031 487.845947265625 
678.760009765625 86.430183410644531 486.86672973632812 
681.77606201171875 83.691177368164062 491.12673950195312 
680.703125 85.133682250976562 484.549560546875 
678.21875 87.073539733886719 483.634521484375 
677.6693115234375 87.641937255859375 480.38687133789062 
679.57440185546875 86.275070190429688 477.95956420898438 
677.11529541015625 88.155670166015625 477.09945678710938 
680.1441650390625 85.727424621582031 481.26193237304688 
676.48944091796875 88.685417175292969 473.75640869140625 
678.36712646484375 87.292747497558594 471.35177612304688 
675.77728271484375 89.24127197265625 470.43252563476562 
678.99237060546875 86.791580200195312 474.66427612304688 
677.69525146484375 87.775955200195312 468.00515747070312 
675.05499267578125 89.753684997558594 467.10113525390625 
674.332275390625 90.2177734375 463.77703857421875 
676.3184814453125 88.625869750976562 461.29446411132812 
676.99859619140625 88.227638244628906 464.639404296875 
646.689453125 107.94153594970703 278.59527587890625 
645.3084716796875 107.63222503662109 274.79217529296875 
647.40386962890625 109.34224700927734 275.25262451171875 
646.37042236328125 109.05018615722656 272.11474609375 
695.70880126953125 69.772491455078125 521.56195068359375 
698.280029296875 69.801429748535156 523.032470703125 
696.59710693359375 67.936416625976562 524.508544921875 
699.3184814453125 68.444633483886719 525.6575927734375 
690.841796875 68.303573608398438 521.60943603515625 
688.59564208984375 66.9996337890625 523.245849609375 
688.4410400390625 68.710090637207031 520.803955078125 
691.49945068359375 65.972419738769531 525.44207763671875 
693.77294921875 67.933639526367188 523.05670166015625 
692.8087158203125 70.52349853515625 519.31658935546875 
694.715087890625 66.199211120605469 526.420166015625 
697.43658447265625 71.171630859375 520.83587646484375 
695.66204833984375 71.952400207519531 518.8853759765625 
689.52801513671875 70.301063537597656 518.7808837890625 
688.229248046875 65.350288391113281 526.45672607421875 
686.0224609375 66.51739501953125 524.53662109375 
686.34906005859375 68.148223876953125 521.773681640625 
686.84527587890625 69.974624633789062 519.17388916015625 
693.673095703125 73.224784851074219 516.2413330078125 
690.60650634765625 72.431175231933594 516.17266845703125 
687.58935546875 71.910186767578125 516.53680419921875 
696.58258056640625 74.1888427734375 516.61212158203125 
695.01763916015625 75.454559326171875 513.80279541015625 
691.76165771484375 74.621444702148438 513.367919921875 
688.43994140625 73.939064025878906 513.63427734375 
689.46807861328125 76.015586853027344 510.29586791992188 
693.464599609375 76.664497375488281 510.81015014648438 
691.6710205078125 77.741592407226562 507.5947265625 
688.55633544921875 77.419158935546875 507.30355834960938 
689.1202392578125 78.53875732421875 504.71710205078125 
692.936279296875 79.47906494140625 504.2152099609375 
688.96905517578125 79.726043701171875 501.34030151367188 
691.66229248046875 80.617225646972656 499.81597900390625 
695.26812744140625 81.160003662109375 501.78866577148438 
693.9019775390625 81.814208984375 497.9251708984375 
688.23095703125 80.762229919433594 497.73660278320312 
690.701904296875 81.464851379394531 496.08663940429688 
692.9464111328125 82.435340881347656 494.4527587890625 
690.13629150390625 82.239120483398438 492.62063598632812 
687.6082763671875 81.645957946777344 494.2459716796875 
697.03271484375 82.645500183105469 499.5697021484375 
695.8272705078125 83.104827880859375 495.99420166015625 
692.38751220703125 82.975318908691406 491.62301635742188 
694.85870361328125 83.558609008789062 492.7066650390625 
690.27032470703125 83.107460021972656 488.93093872070312 
693.74261474609375 83.908676147460938 489.55856323242188 
687.17803955078125 82.452247619628906 490.7401123046875 
686.6790771484375 83.179443359375 487.20941162109375 
689.25164794921875 83.750465393066406 485.05581665039062 
692.532958984375 84.265945434570312 486.25421142578125 
691.56195068359375 84.697319030761719 482.91079711914062 
685.98321533203125 83.823326110839844 483.76153564453125 
688.4364013671875 84.284011840820312 481.68936157226562 
698.634765625 84.109352111816406 497.42059326171875 
697.5487060546875 84.467681884765625 494.00640869140625 
696.54779052734375 84.828506469726562 490.69271850585938 
695.54461669921875 85.167564392089844 487.40872192382812 
694.5347900390625 85.516563415527344 484.1015625 
690.6929931640625 85.101295471191406 479.795654296875 
693.5557861328125 85.839332580566406 480.92044067382812 
685.319091796875 84.394363403320312 480.40805053710938 
687.8197021484375 84.788543701171875 478.469970703125 
700.16754150390625 85.6339111328125 495.26589965820312 
699.16778564453125 85.950691223144531 491.91152954101562 
698.2275390625 86.265617370605469 488.61712646484375 
697.3004150390625 86.575248718261719 485.35379028320312 
696.28759765625 86.84893798828125 482.11019897460938 
690.03155517578125 85.450775146484375 477.16989135742188 
692.5565185546875 86.113998413085938 477.9014892578125 
695.27496337890625 87.093177795410156 478.943115234375 
684.79376220703125 84.910606384277344 477.0604248046875 
687.8017578125 85.407135009765625 474.89291381835938 
691.2967529296875 86.268836975097656 475.01629638671875 
694.19140625 87.297538757324219 475.82943725585938 
689.97625732421875 86.454231262207031 471.94635009765625 
693.0439453125 87.47528076171875 472.71121215820312 
686.69769287109375 85.85626220703125 471.20321655273438 
688.9840087890625 86.767097473144531 468.66586303710938 
691.962890625 87.695205688476562 469.5196533203125 
685.88677978515625 86.2752685546875 467.79489135742188 
688.13433837890625 87.114204406738281 465.36337280273438 
691 87.967971801757812 466.27145385742188 
684.2122802734375 85.409912109375 473.64816284179688 
683.48370361328125 85.892616271972656 470.21392822265625 
685.1650390625 86.663970947265625 464.47433471679688 
682.77410888671875 86.344696044921875 466.74017333984375 
682.19940185546875 86.730484008789062 463.40850830078125 
684.43994140625 86.992530822753906 461.39151000976562 
687.29022216796875 87.430961608886719 462.13031005859375 
690.09716796875 88.248153686523438 463.0223388671875 
689.1693115234375 88.498710632324219 459.80410766601562 
686.344970703125 87.681549072265625 459.0162353515625 
681.9329833984375 87.001686096191406 460.80258178710938 
683.36529541015625 87.240806579589844 458.5987548828125 
688.18536376953125 88.708869934082031 456.6212158203125 
685.2286376953125 87.881515502929688 455.93914794921875 
687.181640625 88.9129638671875 453.42144775390625 
684.1759033203125 88.125099182128906 452.73638916015625 
681.66119384765625 87.518524169921875 455.63992309570312 
681.09625244140625 87.866256713867188 452.1728515625 
686.22210693359375 89.144081115722656 450.20538330078125 
683.23992919921875 88.391868591308594 449.51217651367188 
679.126220703125 87.853042602539062 454.29537963867188 
680.06951904296875 88.171867370605469 449.14450073242188 
678.02587890625 88.227500915527344 451.87100219726562 
682.073974609375 88.625785827636719 446.3140869140625 
685.260986328125 89.364570617675781 446.9874267578125 
676.895751953125 88.638450622558594 448.9964599609375 
678.7503662109375 88.490646362304688 446.21994018554688 
680.45855712890625 88.853096008300781 442.78506469726562 
684.20367431640625 89.572479248046875 443.68939208984375 
675.9803466796875 88.985336303710938 446.50051879882812 
676.6607666015625 88.928184509277344 443.77828979492188 
677.3909912109375 89.01690673828125 440.49337768554688 
680.30450439453125 89.285324096679688 438.93234252929688 
683.32659912109375 89.854759216308594 440.31295776367188 
680.3179931640625 87.334175109863281 458.930908203125 
678.36151123046875 87.884605407714844 456.9029541015625 
676.59295654296875 88.550872802734375 454.8184814453125 
674.7557373046875 89.416481018066406 451.943115234375 
674.07550048828125 89.739112854003906 448.30349731445312 
673.769287109375 89.854156494140625 445.13946533203125 
673.91436767578125 89.776496887207031 441.45632934570312 
675.23480224609375 89.430961608886719 438.70571899414062 
677.53485107421875 89.2421875 437.33755493164062 
679.9542236328125 89.6229248046875 435.70578002929688 
682.701904296875 90.183929443359375 437.006103515625 
672.81494140625 90.229644775390625 438.09121704101562 
674.92742919921875 89.601211547851562 435.95175170898438 
677.40618896484375 89.510848999023438 434.16787719726562 
679.65081787109375 89.9232177734375 433.01718139648438 
682.03106689453125 90.4720458984375 433.8958740234375 
685.92059326171875 75.315872192382812 511.61114501953125 
685.3966064453125 73.469146728515625 514.63787841796875 
686.07183837890625 76.940155029296875 508.56948852539062 
686.02081298828125 78.278945922851562 505.5999755859375 
685.92974853515625 79.444801330566406 502.53109741210938 
698.22344970703125 72.994346618652344 519.14727783203125 
685.5543212890625 80.527694702148438 499.25680541992188 
685.0400390625 81.509162902832031 495.90618896484375 
684.52923583984375 82.397369384765625 492.53628540039062 
681.0926513671875 90.645591735839844 430.90386962890625 
677.75665283203125 89.9188232421875 430.54873657226562 
674.66082763671875 89.787147521972656 432.67904663085938 
674.34027099609375 90.025901794433594 429.14132690429688 
677.007080078125 90.271163940429688 426.7215576171875 
680.084228515625 90.844917297363281 427.70913696289062 
672.1474609375 90.4754638671875 434.88803100585938 
671.61566162109375 90.649856567382812 431.58837890625 
671.1829833984375 90.814895629882812 428.17025756835938 
673.84124755859375 90.315719604492188 425.70782470703125 
676.348388671875 90.612693786621094 423.32369995117188 
679.32586669921875 91.149871826171875 424.37814331054688 
670.791748046875 90.993865966796875 424.8177490234375 
673.31915283203125 90.606300354003906 422.37579345703125 
675.66131591796875 90.951713562011719 420.05889892578125 
678.6070556640625 91.485748291015625 421.10202026367188 
670.325439453125 91.223251342773438 421.52362060546875 
672.61309814453125 90.947845458984375 419.11474609375 
674.87396240234375 91.265617370605469 416.8345947265625 
677.867919921875 91.794853210449219 417.87432861328125 
669.61712646484375 91.562629699707031 418.249755859375 
671.7579345703125 91.277580261230469 415.90426635742188 
674.0404052734375 91.5601806640625 413.65347290039062 
677.04779052734375 92.084312438964844 414.65618896484375 
670.9378662109375 91.589088439941406 412.708984375 
668.71600341796875 91.919883728027344 415.05538940429688 
673.32379150390625 91.853340148925781 410.52511596679688 
676.23565673828125 92.364341735839844 411.48251342773438 
675.44683837890625 92.648063659667969 408.37579345703125 
672.89422607421875 92.137908935546875 407.79299926757812 
670.445556640625 91.8642578125 409.43453979492188 
667.9051513671875 92.236167907714844 411.84609985351562 
674.42791748046875 92.849136352539062 405.42379760742188 
670.74322509765625 92.201484680175781 405.62319946289062 
667.42254638671875 92.462501525878906 408.43429565429688 
667.00103759765625 92.690330505371094 404.92709350585938 
669.94134521484375 92.568328857421875 401.90911865234375 
673.3935546875 93.077751159667969 402.32318115234375 
666.47540283203125 92.972213745117188 401.559326171875 
669.2957763671875 92.900047302246094 398.63812255859375 
672.64202880859375 93.384246826171875 399.09970092773438 
665.90582275390625 93.2587890625 398.30502319335938 
668.63043212890625 93.232574462890625 395.46392822265625 
671.89703369140625 93.724266052246094 395.93316650390625 
665.291259765625 93.566490173339844 395.08200073242188 
667.925537109375 93.568931579589844 392.29251098632812 
671.154052734375 94.05035400390625 392.797119140625 
664.649658203125 93.872306823730469 391.87860107421875 
670.37774658203125 94.387298583984375 389.62283325195312 
667.2215576171875 93.900489807128906 389.10910034179688 
663.99127197265625 94.165435791015625 388.660400390625 
666.51641845703125 94.225929260253906 385.91302490234375 
669.6097412109375 94.717460632324219 386.44583129882812 
672.46649169921875 95.674537658691406 387.1929931640625 
673.2841796875 95.349067687988281 390.37728881835938 
674.08544921875 95.034980773925781 393.53396606445312 
674.8758544921875 94.713676452636719 396.67950439453125 
675.66766357421875 94.395759582519531 399.83682250976562 
676.4915771484375 94.110862731933594 402.99862670898438 
677.35479736328125 93.849403381347656 406.14901733398438 
678.2122802734375 93.577690124511719 409.32467651367188 
679.03607177734375 93.300743103027344 412.52252197265625 
679.8515625 92.990013122558594 415.76473999023438 
680.634521484375 92.701324462890625 418.98739624023438 
681.38812255859375 92.409416198730469 422.218505859375 
682.15216064453125 92.118667602539062 425.4615478515625 
682.9808349609375 91.860389709472656 428.6756591796875 
683.86773681640625 91.641143798828125 431.843505859375 
684.71929931640625 91.417800903320312 435.00802612304688 
685.52044677734375 91.164375305175781 438.21148681640625 
686.34686279296875 90.911857604980469 441.463623046875 
687.24554443359375 90.672866821289062 444.7294921875 
688.157958984375 90.453216552734375 447.96151733398438 
689.0618896484375 90.233322143554688 451.17184448242188 
689.99237060546875 90.0145263671875 454.39010620117188 
690.92376708984375 89.803787231445312 457.59967041015625 
691.86688232421875 89.589012145996094 460.818603515625 
692.793701171875 89.354087829589844 464.05072021484375 
693.75103759765625 89.122085571289062 467.28115844726562 
694.7569580078125 88.910598754882812 470.49053955078125 
695.812255859375 88.716438293457031 473.68496704101562 
696.85308837890625 88.522308349609375 476.8590087890625 
697.87799072265625 88.315742492675781 480.05960083007812 
698.864501953125 88.085311889648438 483.28286743164062 
699.80242919921875 87.823410034179688 486.52615356445312 
700.7298583984375 87.551467895507812 489.79534912109375 
701.66107177734375 87.265777587890625 493.09658813476562 
684.0234375 83.190475463867188 489.15719604492188 
683.45440673828125 83.898323059082031 485.78927612304688 
682.846435546875 84.524932861328125 482.4462890625 
682.26373291015625 85.075874328613281 479.135986328125 
681.7000732421875 85.584381103515625 475.83038330078125 
699.74029541015625 71.813995361328125 521.54229736328125 
701.10699462890625 70.615997314453125 523.981689453125 
697.42486572265625 66.666290283203125 527.4461669921875 
692.824951171875 64.741989135742188 528.87640380859375 
695.49591064453125 65.143257141113281 529.49432373046875 
689.95806884765625 64.424346923828125 528.98486328125 
693.61151123046875 63.752727508544922 531.77215576171875 
691.082763671875 63.44219970703125 531.71026611328125 
681.08477783203125 86.083824157714844 472.48687744140625 
680.40203857421875 86.576911926269531 469.04727172851562 
679.5340576171875 87.105789184570312 465.17608642578125 
675.20159912109375 96.92645263671875 388.18814086914062 
676.03179931640625 96.603988647460938 391.378173828125 
676.841064453125 96.299125671386719 394.52725219726562 
677.6448974609375 95.976905822753906 397.69039916992188 
678.4417724609375 95.668296813964844 400.85647583007812 
679.2559814453125 95.363922119140625 404.04791259765625 
680.0823974609375 95.077651977539062 407.24737548828125 
680.907958984375 94.787811279296875 410.46585083007812 
681.72796630859375 94.503562927246094 413.69052124023438 
682.52325439453125 94.201011657714844 416.92227172851562 
683.2886962890625 93.919395446777344 420.14205932617188 
684.0709228515625 93.647216796875 423.35580444335938 
684.8675537109375 93.385147094726562 426.56411743164062 
685.686767578125 93.139869689941406 429.76040649414062 
686.55352783203125 92.899101257324219 432.96389770507812 
687.40380859375 92.666481018066406 436.18035888671875 
688.24603271484375 92.436981201171875 439.41519165039062 
689.11151123046875 92.212432861328125 442.6597900390625 
689.97247314453125 91.971603393554688 445.90216064453125 
690.84454345703125 91.747314453125 449.11309814453125 
691.73114013671875 91.521530151367188 452.3193359375 
692.627685546875 91.307258605957031 455.53915405273438 
693.53570556640625 91.102157592773438 458.75332641601562 
694.4588623046875 90.890060424804688 461.97381591796875 
695.39910888671875 90.6798095703125 465.19464111328125 
696.390869140625 90.482383728027344 468.4151611328125 
697.40191650390625 90.294876098632812 471.62197875976562 
698.40081787109375 90.107872009277344 474.80545043945312 
699.41217041015625 89.926132202148438 478.02694702148438 
700.3909912109375 89.733345031738281 481.2381591796875 
701.3443603515625 89.516365051269531 484.47610473632812 
702.27587890625 89.2911376953125 487.72259521484375 
703.220703125 89.045906066894531 491.01614379882812 
674.37835693359375 97.267349243164062 384.99725341796875 
671.66033935546875 96.010055541992188 384.02133178710938 
668.84600830078125 95.053474426269531 383.27084350585938 
663.364013671875 94.447708129882812 385.43896484375 
665.82196044921875 94.552574157714844 382.73406982421875 
662.77276611328125 94.730827331542969 382.21954345703125 
665.1334228515625 94.901969909667969 379.5733642578125 
668.04534912109375 95.414962768554688 380.09426879882812 
670.83843994140625 96.365142822265625 380.84494018554688 
673.5501708984375 97.609779357910156 381.79891967773438 
662.20660400390625 95.037284851074219 379.02169799804688 
664.41162109375 95.232460021972656 376.57656860351562 
667.19287109375 95.755821228027344 377.00381469726562 
669.97900390625 96.705734252929688 377.68695068359375 
672.69464111328125 97.94769287109375 378.62136840820312 
661.7064208984375 95.330268859863281 375.9312744140625 
663.70166015625 95.509719848632812 374.06414794921875 
666.1826171875 96.005592346191406 374.05374145507812 
669.0279541015625 96.986679077148438 374.58090209960938 
671.77703857421875 98.248176574707031 375.45065307617188 
661.51287841796875 95.617790222167969 372.81723022460938 
664.57757568359375 96.105873107910156 371.11248779296875 
667.91180419921875 97.18695068359375 371.51388549804688 
670.77276611328125 98.504974365234375 372.3055419921875 
666.8262939453125 97.378868103027344 368.47052001953125 
669.726318359375 98.734573364257812 369.19937133789062 
664.120849609375 96.529449462890625 367.96426391601562 
665.6611328125 97.552215576171875 365.54000854492188 
668.64886474609375 98.942710876464844 366.13330078125 
661.50177001953125 95.952491760253906 369.48159790039062 
661.89935302734375 96.46820068359375 365.67227172851562 
664.4859619140625 97.727104187011719 362.48654174804688 
667.5919189453125 99.145538330078125 363.06314086914062 
661.02374267578125 96.876518249511719 361.99758911132812 
663.5675048828125 98.067848205566406 359.25808715820312 
666.5977783203125 99.411422729492188 359.9404296875 
660.2740478515625 97.249298095703125 358.71688842773438 
662.7232666015625 98.432327270507812 356.0712890625 
665.67718505859375 99.740097045898438 356.77734375 
659.50518798828125 97.608062744140625 355.50234985351562 
661.88885498046875 98.795219421386719 352.90472412109375 
664.804931640625 100.09912109375 353.62237548828125 
658.72265625 97.971061706542969 352.29449462890625 
661.03875732421875 99.177474975585938 349.7174072265625 
663.9351806640625 100.47158050537109 350.45538330078125 
657.90386962890625 98.345855712890625 349.07186889648438 
663.0521240234375 100.8302001953125 347.2708740234375 
660.1759033203125 99.563819885253906 346.4945068359375 
657.07525634765625 98.729011535644531 345.82205200195312 
662.15753173828125 101.20217132568359 344.06796264648438 
659.30291748046875 99.9495849609375 343.27886962890625 
656.2506103515625 99.094551086425781 342.59466552734375 
658.45733642578125 100.30479431152344 340.0853271484375 
661.26092529296875 101.55431365966797 340.87371826171875 
663.88616943359375 103.05753326416016 341.85955810546875 
664.81201171875 102.72115325927734 345.05227661132812 
665.7232666015625 102.37071228027344 348.23541259765625 
666.626953125 102.03038787841797 351.39947509765625 
667.52386474609375 101.66823577880859 354.55319213867188 
668.4456787109375 101.33835601806641 357.70455932617188 
669.40130615234375 101.03047180175781 360.85391235351562 
662.96075439453125 103.41907501220703 338.66461181640625 
660.36456298828125 101.92128753662109 337.67620849609375 
655.43701171875 99.435440063476562 339.382080078125 
657.59423828125 100.66840362548828 336.88128662109375 
654.61505126953125 99.788772583007812 336.15695190429688 
656.736083984375 101.04940795898438 333.65875244140625 
659.47259521484375 102.29403686523438 334.48165893554688 
662.04107666015625 103.78936004638672 335.46823120117188 
664.43487548828125 105.46353149414062 336.69015502929688 
665.380126953125 105.10862731933594 339.88314819335938 
666.32269287109375 104.75625610351562 343.07037353515625 
667.2681884765625 104.42082214355469 346.25225830078125 
668.19439697265625 104.08161926269531 349.42584228515625 
669.1131591796875 103.75064086914062 352.57867431640625 
670.03814697265625 103.4052734375 355.73443603515625 
670.99114990234375 103.08615112304688 358.88796997070312 
670.39434814453125 100.77159881591797 363.98028564453125 
671.41845703125 100.52654266357422 367.08895874023438 
672.44305419921875 100.28446197509766 370.2216796875 
671.97149658203125 102.7984619140625 362.03567504882812 
672.96881103515625 102.52642059326172 365.17303466796875 
673.97650146484375 102.25931549072266 368.30221557617188 
663.494384765625 105.82695770263672 333.49847412109375 
661.1318359375 104.15253448486328 332.27426147460938 
658.5909423828125 102.67282104492188 331.26602172851562 
653.79248046875 100.15019226074219 332.9261474609375 
655.8828125 101.43048095703125 330.4320068359375 
662.5771484375 106.13752746582031 330.30874633789062 
660.22906494140625 104.50850677490234 329.06927490234375 
657.70135498046875 103.048583984375 328.05734252929688 
652.9981689453125 100.52728271484375 329.68643188476562 
655.03179931640625 101.80431365966797 327.23834228515625 
652.22283935546875 100.91314697265625 326.46798706054688 
654.1075439453125 102.10616302490234 324.19671630859375 
656.728759765625 103.34092712402344 324.91302490234375 
659.2747802734375 104.83578491210938 325.86660766601562 
661.63983154296875 106.463623046875 327.10488891601562 
651.49102783203125 101.2628173828125 323.38616943359375 
653.196044921875 102.23757934570312 321.76153564453125 
655.50830078125 103.39601898193359 321.96353149414062 
658.17266845703125 104.99945068359375 322.70193481445312 
660.64495849609375 106.74085235595703 323.89556884765625 
651.02728271484375 101.67028045654297 320.4085693359375 
653.65814208984375 103.01241302490234 319.36727905273438 
656.66546630859375 104.82859039306641 319.55169677734375 
659.4951171875 106.83238220214844 320.66815185546875 
650.87982177734375 102.21375274658203 317.28598022460938 
654.39727783203125 104.25971221923828 316.08602905273438 
658.11871337890625 106.72103118896484 317.35269165039062 
656.8350830078125 106.73142242431641 313.97216796875 
653.43975830078125 104.66419219970703 312.27120971679688 
650.5096435546875 102.73460388183594 313.95602416992188 
655.86053466796875 106.98471832275391 310.6531982421875 
652.6981201171875 105.06913757324219 308.932373046875 
649.89996337890625 103.16240692138672 310.59625244140625 
655.02777099609375 107.30059051513672 307.42050170898438 
649.441162109375 103.61305999755859 307.30621337890625 
652.06060791015625 105.47697448730469 305.67022705078125 
654.23577880859375 107.61222839355469 304.17550659179688 
649.07012939453125 104.10909271240234 304.0123291015625 
651.39215087890625 105.85755920410156 302.39349365234375 
653.43798828125 107.90692901611328 300.91925048828125 
648.505859375 104.52719116210938 300.73577880859375 
650.6885986328125 106.19322204589844 299.11154174804688 
652.65185546875 108.19322967529297 297.6636962890625 
647.75628662109375 104.81379699707031 297.46109008789062 
649.9349365234375 106.46672058105469 295.84320068359375 
651.890869140625 108.46171569824219 294.41046142578125 
647.0159912109375 105.07563781738281 294.20037841796875 
649.2191162109375 106.73125457763672 292.59249877929688 
651.16339111328125 108.70843505859375 291.16226196289062 
646.326416015625 105.32929992675781 290.93341064453125 
648.5281982421875 106.98159790039062 289.3330078125 
650.4583740234375 108.9658203125 287.91091918945312 
645.67138671875 105.57395935058594 287.68084716796875 
647.87127685546875 107.23149108886719 286.06024169921875 
649.77801513671875 109.23722839355469 284.62652587890625 
645.03997802734375 105.80128479003906 284.38534545898438 
647.24951171875 107.51978302001953 282.6376953125 
649.1759033203125 109.60098266601562 281.23153686523438 
644.42364501953125 106.02952575683594 280.94363403320312 
648.83514404296875 110.20355224609375 277.93853759765625 
648.7591552734375 110.96994018554688 275.38165283203125 
643.67425537109375 106.1611328125 277.41705322265625 
642.83343505859375 106.18853759765625 274.02914428710938 
644.33453369140625 107.48274230957031 271.58404541015625 
648.0380859375 110.79314422607422 272.810791015625 
642.08843994140625 106.1771240234375 270.80108642578125 
643.5211181640625 107.32130432128906 268.99002075195312 
645.3671875 108.73784637451172 269.07742309570312 
647.184814453125 110.57895660400391 269.6717529296875 
649.2738037109375 112.57330322265625 273.98318481445312 
648.57763671875 112.62886047363281 270.87094116210938 
673.45123291015625 100.01631164550781 373.38784790039062 
674.410400390625 99.722023010253906 376.57089233398438 
675.3067626953125 99.416496276855469 379.75628662109375 
649.90240478515625 112.31378173828125 276.95751953125 
650.48681640625 111.90702056884766 280.05130004882812 
651.1649169921875 111.56668090820312 283.28256225585938 
651.90087890625 111.27913665771484 286.52328491210938 
652.6466064453125 111.02116394042969 289.75762939453125 
653.4105224609375 110.75396728515625 293.00112915039062 
654.19769287109375 110.47904968261719 296.24072265625 
655.013427734375 110.21865844726562 299.48486328125 
655.87091064453125 109.94922637939453 302.73129272460938 
656.74468994140625 109.71133422851562 305.97357177734375 
657.630615234375 109.47286224365234 309.18939208984375 
658.57513427734375 109.22930908203125 312.39395141601562 
659.6151123046875 109.07167816162109 315.63031005859375 
660.71826171875 108.97486877441406 318.86532592773438 
661.79229736328125 108.84653472900391 322.09567260742188 
676.16180419921875 99.0845947265625 382.96066284179688 
677.000732421875 98.752288818359375 386.1676025390625 
677.832763671875 98.400825500488281 389.37789916992188 
678.65740966796875 98.079078674316406 392.55636596679688 
679.4735107421875 97.765213012695312 395.71832275390625 
680.2735595703125 97.445632934570312 398.88113403320312 
681.07672119140625 97.118408203125 402.06771850585938 
681.8912353515625 96.808509826660156 405.27236938476562 
682.70849609375 96.496444702148438 408.49267578125 
683.52508544921875 96.20928955078125 411.7099609375 
684.3206787109375 95.922004699707031 414.92611694335938 
685.09478759765625 95.639480590820312 418.14483642578125 
685.87652587890625 95.362190246582031 421.35385131835938 
686.6656494140625 95.096885681152344 424.56057739257812 
687.47271728515625 94.857803344726562 427.75827026367188 
688.3055419921875 94.597824096679688 430.97512817382812 
689.1474609375 94.352127075195312 434.19705200195312 
689.99713134765625 94.123756408691406 437.43862915039062 
690.8438720703125 93.895233154296875 440.68215942382812 
662.79705810546875 108.60142517089844 325.30667114257812 
663.77105712890625 108.29259490966797 328.50875854492188 
664.7242431640625 107.98907470703125 331.70938110351562 
665.68115234375 107.68372344970703 334.90347290039062 
666.65264892578125 107.34247589111328 338.09628295898438 
667.6204833984375 107.01209259033203 341.28253173828125 
668.58319091796875 106.67353820800781 344.46612548828125 
669.534423828125 106.32693481445312 347.6390380859375 
670.48095703125 105.99124908447266 350.79635620117188 
671.42620849609375 105.66477203369141 353.94210815429688 
672.376220703125 105.33376312255859 357.0966796875 
673.35565185546875 105.03327941894531 360.24755859375 
674.35064697265625 104.74186706542969 363.39706420898438 
675.35308837890625 104.46861267089844 366.53997802734375 
674.98773193359375 101.99732971191406 371.47604370117188 
676.36053466796875 104.19227600097656 369.6962890625 
675.96710205078125 101.71038818359375 374.66314697265625 
677.3438720703125 103.89742279052734 372.87139892578125 
676.8929443359375 101.40643310546875 377.85263061523438 
678.29632568359375 103.60054016113281 376.05694580078125 
677.7911376953125 101.09172058105469 381.05438232421875 
679.2078857421875 103.27909088134766 379.25894165039062 
678.650390625 100.75327301025391 384.26544189453125 
680.09588623046875 102.93731689453125 382.4754638671875 
679.49176025390625 100.39923858642578 387.48355102539062 
680.96466064453125 102.58839416503906 385.69418334960938 
680.3284912109375 100.06626129150391 390.67819213867188 
681.82421875 102.22601318359375 388.89999389648438 
681.160888671875 99.740928649902344 393.84707641601562 
681.97772216796875 99.393325805664062 397.0225830078125 
682.66546630859375 101.87662506103516 392.07931518554688 
683.49871826171875 101.50782775878906 395.25213623046875 
682.7845458984375 99.055702209472656 400.1956787109375 
684.32427978515625 101.17049407958984 398.4176025390625 
683.59503173828125 98.7275390625 403.39132690429688 
685.14422607421875 100.83499908447266 401.5958251953125 
684.40667724609375 98.407279968261719 406.59524536132812 
685.95245361328125 100.49769592285156 404.78207397460938 
685.21435546875 98.086936950683594 409.81222534179688 
686.7557373046875 100.15411376953125 407.99237060546875 
686.01507568359375 97.784248352050781 413.03048706054688 
687.55413818359375 99.819664001464844 411.20651245117188 
686.80340576171875 97.502151489257812 416.24407958984375 
688.34893798828125 99.518135070800781 414.4306640625 
687.58258056640625 97.225807189941406 419.45028686523438 
689.134521484375 99.228660583496094 417.64208984375 
688.3646240234375 96.949569702148438 422.660888671875 
689.91796875 98.950454711914062 420.85598754882812 
689.16363525390625 96.691452026367188 425.8670654296875 
690.70526123046875 98.67547607421875 424.07394409179688 
689.9752197265625 96.444480895996094 429.0762939453125 
691.5006103515625 98.403167724609375 427.28839111328125 
684.83416748046875 71.506126403808594 517.5303955078125 
691.69110107421875 93.659278869628906 443.92306518554688 
690.7977294921875 96.184074401855469 432.302734375 
691.64019775390625 95.953483581542969 435.53814697265625 
692.47564697265625 95.718681335449219 438.78262329101562 
693.31915283203125 95.490913391113281 442.01727294921875 
692.31744384765625 98.15325927734375 430.50775146484375 
693.1414794921875 97.89892578125 433.73898315429688 
693.974609375 97.661422729492188 436.97354125976562 
694.810302734375 97.438621520996094 440.198486328125 
692.54486083984375 93.421516418457031 447.14834594726562 
694.16571044921875 95.236305236816406 445.252197265625 
695.64349365234375 97.190032958984375 443.423583984375 
693.4100341796875 93.189002990722656 450.35726928710938 
695.01690673828125 94.990066528320312 448.46820068359375 
696.49273681640625 96.948532104492188 446.6378173828125 
694.2872314453125 92.959480285644531 453.57662963867188 
695.88043212890625 94.749481201171875 451.68804931640625 
697.35357666015625 96.70587158203125 449.8609619140625 
695.17681884765625 92.759132385253906 456.79010009765625 
696.7603759765625 94.529747009277344 454.9124755859375 
698.2186279296875 96.467514038085938 453.09014892578125 
696.08111572265625 92.554252624511719 460.01095581054688 
697.65142822265625 94.329338073730469 458.13455200195312 
699.1009521484375 96.233016967773438 456.33255004882812 
697.010498046875 92.347984313964844 463.23471069335938 
698.57257080078125 94.123748779296875 461.36380004882812 
700.0145263671875 96.019454956054688 459.56735229492188 
697.98126220703125 92.156387329101562 466.4635009765625 
699.535400390625 93.943954467773438 464.57708740234375 
700.96923828125 95.81964111328125 462.799072265625 
698.98590087890625 91.98577880859375 469.67721557617188 
699.99639892578125 91.827232360839844 472.88027954101562 
700.986572265625 91.666732788085938 476.07803344726562 
701.9671630859375 91.504692077636719 479.28347778320312 
700.54339599609375 93.770553588867188 467.80905151367188 
701.565673828125 93.626693725585938 471.02569580078125 
702.57647705078125 93.492927551269531 474.22625732421875 
703.56756591796875 93.355674743652344 477.430419921875 
702.92535400390625 91.332008361816406 482.50473022460938 
704.54541015625 93.214698791503906 480.64242553710938 
703.87493896484375 91.14947509765625 485.7432861328125 
704.82666015625 90.946365356445312 489.01318359375 
701.96685791015625 95.639610290527344 466.02032470703125 
702.99713134765625 95.490104675292969 469.25253295898438 
704.02349853515625 95.3525390625 472.47189331054688 
705.027587890625 95.225791931152344 475.67489624023438 
706.02227783203125 95.105133056640625 478.88546752929688 
705.50457763671875 93.068435668945312 483.8648681640625 
707.00421142578125 94.967475891113281 482.121826171875 
647.8568115234375 112.60256958007812 267.60592651367188 
646.12158203125 110.15509796142578 266.15084838867188 
643.988525390625 108.03835296630859 266.49029541015625 
644.3734130859375 108.78652954101562 264.02618408203125 
645.52825927734375 110.34635925292969 262.54312133789062 
647.15570068359375 112.62763214111328 264.21878051757812 
706.462890625 92.882522583007812 487.14614868164062 
707.98040771484375 94.826675415039062 485.36993408203125 
684.27813720703125 69.552566528320312 520.34869384765625 
702.10650634765625 69.455780029296875 526.6136474609375 
700.0382080078125 67.433883666992188 528.406494140625 
698.0166015625 65.692802429199219 530.3751220703125 
702.55841064453125 68.403907775878906 529.38836669921875 
700.43597412109375 66.4063720703125 531.3326416015625 
695.97137451171875 64.103874206542969 532.47705078125 
698.33416748046875 64.591804504394531 533.372802734375 
641.54144287109375 106.30875396728516 267.23147583007812 
642.4019775390625 107.26844024658203 263.9647216796875 
643.40081787109375 108.37027740478516 261.4742431640625 
639.95025634765625 105.85635375976562 263.914306640625 
640.89947509765625 106.67142486572266 261.11520385742188 
644.6180419921875 109.97181701660156 259.30105590820312 
642.01824951171875 107.70735168457031 258.499267578125 
646.409912109375 112.49840545654297 260.82684326171875 
702.79052734375 67.256057739257812 532.35357666015625 
700.68096923828125 65.222465515136719 534.31280517578125 
691.96466064453125 62.66552734375 533.78253173828125 
693.8994140625 62.695156097412109 534.5474853515625 
696.2288818359375 62.969520568847656 535.43994140625 
698.59613037109375 63.461833953857422 536.33251953125 
683.79656982421875 67.755767822265625 523.12451171875 
702.9339599609375 66.023918151855469 535.30377197265625 
700.8546142578125 64.150161743164062 537.19488525390625 
645.7149658203125 112.39345550537109 257.49551391601562 
643.420654296875 109.315185546875 255.61912536621094 
645.114013671875 112.49565887451172 254.12229919433594 
643.3759765625 109.92864990234375 251.87100219726562 
644.61767578125 112.8565673828125 250.83029174804688 
643.238037109375 110.481689453125 248.4974365234375 
644.16156005859375 113.30457305908203 247.57087707519531 
643.06304931640625 111.14820098876953 244.776611328125 
643.83245849609375 114.01014709472656 244.8804931640625 
643.36663818359375 113.61746215820312 242.12168884277344 
642.48211669921875 110.90453338623047 240.98390197753906 
642.92730712890625 113.58267974853516 238.78775024414062 
642.114501953125 110.85513305664062 237.50373840332031 
642.55328369140625 113.64326477050781 235.40165710449219 
641.80816650390625 110.85578918457031 234.0919189453125 
642.23431396484375 113.70116424560547 232.0120849609375 
641.595703125 110.84341430664062 230.66728210449219 
642.024169921875 113.69487762451172 228.60037231445312 
641.45172119140625 110.78607940673828 227.19386291503906 
641.89813232421875 113.60259246826172 225.09323120117188 
641.36920166015625 110.66932678222656 223.63784790039062 
641.8052978515625 113.38531494140625 221.45539855957031 
641.35870361328125 110.45565795898438 220.02003479003906 
641.8321533203125 112.96453857421875 217.36212158203125 
641.34613037109375 110.02577972412109 216.9742431640625 
641.66961669921875 110.84902191162109 214.19697570800781 
641.96734619140625 113.80036926269531 213.47665405273438 
641.88165283203125 111.92724609375 210.90550231933594 
642.0047607421875 114.46133422851562 210.57708740234375 
702.8935546875 65.11846923828125 537.7935791015625 
679.30694580078125 87.366928100585938 461.60092163085938 
677.87396240234375 87.842704772949219 462.50848388671875 
677.42926025390625 88.097610473632812 459.78158569335938 
628.66796875 109.41263580322266 193.26078796386719 
629.01422119140625 107.24590301513672 192.20372009277344 
628.60162353515625 103.17591857910156 187.11674499511719 
626.08062744140625 103.70747375488281 188.37168884277344 
629.973876953125 104.96266937255859 189.80162048339844 
627.549072265625 105.46548461914062 190.86714172363281 
677.4105224609375 88.114768981933594 459.77774047851562 
631.48895263671875 114.43885040283203 193.49267578125 
632.313232421875 116.44144439697266 193.44488525390625 
633.7823486328125 117.96640777587891 193.75881958007812 
635.0682373046875 119.80415344238281 194.466552734375 
635.9686279296875 121.60116577148438 195.41703796386719 
639.4842529296875 124.59087371826172 213.61933898925781 
614.6302490234375 100.73867034912109 189.67320251464844 
614.36376953125 102.88108825683594 190.95603942871094 
616.60980224609375 101.26494598388672 188.83149719238281 
617.78216552734375 96.302108764648438 187.05258178710938 
615.44390869140625 98.140678405761719 188.3770751953125 
613.135986328125 99.872856140136719 190.38357543945312 
612.5367431640625 102.24685668945312 191.59286499023438 
608.4130859375 104.99839019775391 195.13014221191406 
610.4375 103.64694213867188 193.439697265625 
608.92742919921875 102.87827301025391 194.83564758300781 
610.94427490234375 101.43649291992188 192.59988403320312 
607.9022216796875 107.07852935791016 195.4395751953125 
610.07037353515625 105.75213623046875 194.12643432617188 
612.20196533203125 104.36196136474609 192.71148681640625 
614.3134765625 95.054489135742188 191.279541015625 
612.61181640625 96.337272644042969 199.03446960449219 
610.9991455078125 98.540458679199219 201.41383361816406 
610.50433349609375 98.777946472167969 197.71817016601562 
610.3697509765625 99.389877319335938 194.42799377441406 
611.9923095703125 96.781700134277344 195.78439331054688 
612.20306396484375 97.166801452636719 192.73666381835938 
613.45513916015625 95.216682434082031 193.83592224121094 
611.90814208984375 99.000198364257812 191.99472045898438 
616.032958984375 95.182235717773438 188.990478515625 
613.879150390625 97.133392333984375 190.21783447265625 
618.32763671875 103.7799072265625 190.96943664550781 
616.15301513671875 103.89374542236328 191.56439208984375 
614.402099609375 105.63355255126953 193.25645446777344 
619.5169677734375 106.04770660400391 193.10472106933594 
620.7108154296875 108.37864685058594 194.33845520019531 
621.9527587890625 110.83213806152344 194.85720825195312 
623.1920166015625 113.39601898193359 194.94070434570312 
624.31134033203125 116.01285552978516 194.79278564453125 
625.4107666015625 118.60723876953125 194.53349304199219 
626.64410400390625 121.18746948242188 194.28500366210938 
627.80853271484375 123.72124481201172 194.07820129394531 
629.00048828125 126.05895233154297 193.9547119140625 
630.72161865234375 127.98994445800781 193.84390258789062 
612.3572998046875 107.27986907958984 194.36827087402344 
609.97796630859375 108.77168273925781 195.18327331542969 
607.083251953125 109.71310424804688 196.07318115234375 
609.50335693359375 111.53480529785156 195.79893493652344 
606.1722412109375 112.30542755126953 196.5517578125 
607.924072265625 114.29662322998047 196.29365539550781 
605.25042724609375 114.8985595703125 196.93914794921875 
607.07861328125 117.15596771240234 196.50041198730469 
604.3765869140625 117.43061065673828 197.22633361816406 
606.39691162109375 119.88217926025391 196.80044555664062 
603.5035400390625 119.77701568603516 197.71768188476562 
605.43267822265625 122.18058013916016 197.26960754394531 
602.5625 121.92459869384766 198.56486511230469 
603.7015380859375 124.15032958984375 198.39712524414062 
629.65740966796875 130.50581359863281 194.29411315917969 
627.55816650390625 128.79588317871094 194.65438842773438 
628.65673828125 132.90438842773438 194.85269165039062 
626.597412109375 131.44732666015625 195.38160705566406 
626.19256591796875 134.31231689453125 196.01139831542969 
624.06939697265625 135.4716796875 197.87675476074219 
624.1173095703125 132.65963745117188 196.80096435546875 
621.74249267578125 134.4442138671875 198.91497802734375 
619.34649658203125 133.227294921875 199.62411499023438 
621.87164306640625 131.47433471679688 197.60354614257812 
616.86163330078125 131.996826171875 200.07339477539062 
619.29583740234375 130.45576477050781 198.27354431152344 
614.2774658203125 130.83265686035156 200.36753845214844 
616.61505126953125 129.42623901367188 198.74693298339844 
611.59234619140625 129.79527282714844 200.37556457519531 
613.79534912109375 128.40811157226562 198.98788452148438 
608.82733154296875 128.88839721679688 200.2498779296875 
610.86431884765625 127.41371917724609 198.97584533691406 
606.064453125 128.0919189453125 200.02401733398438 
607.93768310546875 126.61112976074219 198.77760314941406 
604.8548583984375 126.21836853027344 198.83000183105469 
606.8458251953125 124.38242340087891 197.75755310058594 
616.96002197265625 106.123779296875 193.42471313476562 
617.85693359375 108.58393096923828 194.72689819335938 
619.0545654296875 110.87225341796875 195.21484375 
620.565673828125 113.31460571289062 195.35842895507812 
621.81591796875 115.9091796875 195.31056213378906 
622.94793701171875 118.49472045898438 195.17074584960938 
624.08935546875 121.12307739257812 194.98194885253906 
625.2459716796875 123.80863952636719 194.89555358886719 
626.156005859375 126.55800628662109 194.81350708007812 
615.0291748046875 108.31052398681641 194.72367858886719 
612.59136962890625 110.07134246826172 195.32203674316406 
615.71875 111.09791564941406 195.52348327636719 
617.76727294921875 113.28730773925781 195.66796875 
619.28619384765625 115.78827667236328 195.69938659667969 
620.35345458984375 118.31972503662109 195.68208312988281 
621.53619384765625 120.88640594482422 195.60108947753906 
622.71197509765625 123.54312133789062 195.61404418945312 
623.672607421875 126.41370391845703 195.7081298828125 
624.450439453125 129.47032165527344 195.86819458007812 
621.702392578125 128.61192321777344 196.78115844726562 
621.01220703125 125.77242279052734 196.42079162597656 
618.93560791015625 127.73001861572266 197.45751953125 
620.046875 123.11225128173828 196.217529296875 
618.18463134765625 125.11733245849609 196.99655151367188 
616.02874755859375 126.88226318359375 197.90966796875 
618.89373779296875 120.61050415039062 196.11470031738281 
617.212646484375 122.63490295410156 196.732421875 
615.11016845703125 124.42747497558594 197.44270324707031 
612.9500732421875 125.95306396484375 198.09967041015625 
609.81414794921875 124.92862701416016 197.94810485839844 
611.8599853515625 123.49598693847656 197.45277404785156 
617.65350341796875 118.15349578857422 196.07809448242188 
616.171630859375 120.15332794189453 196.49320983886719 
614.23919677734375 122.13351440429688 197.00785827636719 
616.82958984375 115.83081817626953 195.98594665527344 
614.6837158203125 117.44216156005859 196.28363037109375 
613.65057373046875 119.85969543457031 196.63265991210938 
611.27484130859375 121.07569122314453 196.9017333984375 
614.963623046875 114.17622375488281 195.96444702148438 
612.7269287109375 112.60182952880859 195.83879089355469 
610.47576904296875 114.05781555175781 196.05029296875 
609.68499755859375 116.61212158203125 196.308349609375 
609.03997802734375 119.39864349365234 196.61808776855469 
608.620361328125 122.26475524902344 197.13604736328125 
611.70367431640625 118.33952331542969 196.48008728027344 
612.51300048828125 115.653564453125 196.19216918945312 
629.9774169921875 134.96678161621094 196.22006225585938 
631.6075439453125 129.88427734375 194.5462646484375 
630.99981689453125 132.55426025390625 195.36274719238281 
643.81463623046875 104.07186126708984 332.72265625 
643.8731689453125 103.17450714111328 330.41787719726562 
642.93060302734375 104.3883056640625 329.463623046875 
613.420654296875 96.899520874023438 202.20578002929688 
611.76507568359375 99.244842529296875 204.51622009277344 
612.3746337890625 99.766746520996094 208.02653503417969 
614.21917724609375 97.745254516601562 205.35173034667969 
643.146728515625 103.31653594970703 327.31912231445312 
642.04180908203125 104.657958984375 326.18994140625 
614.81109619140625 98.487716674804688 208.92442321777344 
615.4136962890625 99.188522338867188 212.5504150390625 
613.0029296875 100.28573608398438 211.59785461425781 
613.80548095703125 100.97002410888672 215.07518005371094 
614.75604248046875 101.81615447998047 218.28591918945312 
616.25390625 100.02825164794922 216.02388000488281 
615.77923583984375 102.70088958740234 221.49319458007812 
617.22314453125 100.96728515625 219.24269104003906 
616.8309326171875 103.52957916259766 224.84202575683594 
618.32025146484375 101.8359375 222.55410766601562 
617.81793212890625 104.27902984619141 228.23432922363281 
619.4210205078125 102.58247375488281 225.91600036621094 
618.71685791015625 104.91848754882812 231.60568237304688 
620.2830810546875 103.30536651611328 229.26533508300781 
619.54620361328125 105.38348388671875 234.9869384765625 
621.11090087890625 103.89236450195312 232.77360534667969 
620.33062744140625 105.75257873535156 238.32188415527344 
621.996337890625 104.24747467041016 236.09939575195312 
621.09320068359375 106.04294586181641 241.65231323242188 
622.70623779296875 104.57376098632812 239.35563659667969 
621.83074951171875 106.25713348388672 245.01957702636719 
623.38580322265625 104.83969879150391 242.77040100097656 
622.55084228515625 106.42903137207031 248.39653015136719 
624.125732421875 104.998046875 246.16673278808594 
623.2554931640625 106.57331848144531 251.76144409179688 
624.84600830078125 105.11373901367188 249.56387329101562 
623.95465087890625 106.69132232666016 255.091552734375 
625.60955810546875 105.16824340820312 252.93110656738281 
624.65966796875 106.77992248535156 258.38665771484375 
626.37030029296875 105.17915344238281 256.16323852539062 
625.3746337890625 106.83815002441406 261.661376953125 
626.99786376953125 105.23944854736328 259.37423706054688 
626.09454345703125 106.87453460693359 264.9456787109375 
627.640380859375 105.271240234375 262.69100952148438 
626.81939697265625 106.91732788085938 268.2464599609375 
628.340576171875 105.24663543701172 265.98507690429688 
627.55181884765625 106.96039581298828 271.56356811523438 
629.0511474609375 105.24082183837891 269.277587890625 
628.28778076171875 106.99399566650391 274.90072631835938 
629.75115966796875 105.22663879394531 272.5772705078125 
629.19696044921875 106.84848022460938 278.16891479492188 
630.49005126953125 105.18086242675781 275.81900024414062 
630.1058349609375 106.70693969726562 281.422607421875 
631.30816650390625 105.11076354980469 279.06619262695312 
632.0560302734375 105.05677032470703 282.39434814453125 
632.6328125 105.05824279785156 285.7943115234375 
633.15625 105.07367706298828 289.13339233398438 
633.8106689453125 105.11363983154297 292.37774658203125 
642.36395263671875 103.45360565185547 324.17620849609375 
641.1224365234375 104.89185333251953 322.93667602539062 
641.62420654296875 103.54978179931641 321.01937866210938 
640.35369873046875 104.90633392333984 319.5848388671875 
640.9183349609375 103.60758209228516 317.83917236328125 
639.57916259765625 104.90526580810547 316.25299072265625 
634.554931640625 105.16877746582031 295.6392822265625 
630.84088134765625 106.76912689208984 284.73074340820312 
635.40411376953125 104.99174499511719 298.82052612304688 
636.21636962890625 104.87763977050781 301.8951416015625 
637.1378173828125 104.8856201171875 304.85150146484375 
631.40313720703125 107.21744537353516 287.965087890625 
632.05596923828125 107.57749938964844 291.2091064453125 
632.8367919921875 107.72368621826172 294.47409057617188 
633.61895751953125 107.79238891601562 297.7532958984375 
634.462158203125 107.75188446044922 301.00332641601562 
635.438232421875 107.45927429199219 304.18197631835938 
636.3662109375 107.13399505615234 307.40328979492188 
637.98583984375 104.63523864746094 307.81655883789062 
637.451416015625 106.25886535644531 310.3402099609375 
638.927490234375 104.12767028808594 310.59872436523438 
638.801513671875 104.88140106201172 312.9376220703125 
640.20599365234375 103.65932464599609 314.77841186523438 
670.5377197265625 105.59559631347656 458.91482543945312 
629.7022705078125 138.46209716796875 202.64616394042969 
630.14739990234375 138.19505310058594 205.91188049316406 
630.4622802734375 137.7138671875 209.16946411132812 
630.70477294921875 136.96440124511719 212.36785888671875 
630.83294677734375 135.84211730957031 215.56068420410156 
630.98529052734375 134.61390686035156 218.77490234375 
631.2330322265625 133.435302734375 222.03938293457031 
631.58782958984375 132.42620849609375 225.36215209960938 
632.00799560546875 131.58193969726562 228.67756652832031 
632.47723388671875 130.88735961914062 231.96879577636719 
632.98321533203125 130.30746459960938 235.22666931152344 
633.51898193359375 129.81011962890625 238.47238159179688 
634.0859375 129.365478515625 241.72573852539062 
634.663818359375 128.96224975585938 244.99099731445312 
635.23797607421875 128.59402465820312 248.26933288574219 
635.81158447265625 128.24922180175781 251.55064392089844 
636.383056640625 127.93178558349609 254.81906127929688 
636.950439453125 127.63729095458984 258.0908203125 
637.52557373046875 127.36075592041016 261.35617065429688 
638.08209228515625 127.10216522216797 264.63790893554688 
638.6153564453125 126.85434722900391 267.9219970703125 
639.134033203125 126.61775207519531 271.20730590820312 
639.643798828125 126.38263702392578 274.48342895507812 
640.15545654296875 126.1395263671875 277.72457885742188 
640.6966552734375 125.89977264404297 280.94369506835938 
641.22564697265625 125.64719390869141 284.152587890625 
641.74005126953125 125.38844299316406 287.38119506835938 
642.24749755859375 125.12332153320312 290.62216186523438 
642.728271484375 124.85352325439453 293.88720703125 
643.20074462890625 124.57710266113281 297.1654052734375 
643.69378662109375 124.29157257080078 300.44326782226562 
644.18505859375 123.98471069335938 303.71755981445312 
644.68536376953125 123.65791320800781 306.97531127929688 
645.24822998046875 123.34017181396484 310.22784423828125 
645.8475341796875 123.02863311767578 313.48553466796875 
646.47271728515625 122.72182464599609 316.751953125 
647.01885986328125 122.37410736083984 320.03854370117188 
647.529052734375 121.99716949462891 323.33856201171875 
647.96795654296875 121.58014678955078 326.65640258789062 
648.36883544921875 121.15861511230469 329.9796142578125 
648.72564697265625 120.71979522705078 333.28692626953125 
649.03668212890625 120.25799560546875 336.55291748046875 
649.413330078125 119.82234954833984 339.77847290039062 
649.86688232421875 119.41561889648438 342.98980712890625 
650.3731689453125 119.02825927734375 346.18560791015625 
651.1060791015625 118.70741271972656 349.35818481445312 
651.97918701171875 118.43268585205078 352.52413940429688 
652.817138671875 118.17239379882812 355.74105834960938 
653.65380859375 117.91742706298828 358.9818115234375 
654.46539306640625 117.66371154785156 362.24151611328125 
654.215087890625 117.00833892822266 364.37896728515625 
653.81500244140625 116.16946411132812 366.36135864257812 
654.46221923828125 115.81813812255859 369.5284423828125 
655.09649658203125 115.44267272949219 372.6702880859375 
655.67138671875 115.02407836914062 375.78445434570312 
656.27276611328125 114.63353729248047 378.86923217773438 
656.9129638671875 114.28021240234375 381.9462890625 
657.55963134765625 113.94579315185547 385.032958984375 
658.2156982421875 113.63471984863281 388.13308715820312 
658.86383056640625 113.32077789306641 391.24847412109375 
659.55133056640625 112.98788452148438 394.3656005859375 
660.24761962890625 112.66310119628906 397.493896484375 
660.929443359375 112.37841033935547 400.65200805664062 
661.9378662109375 112.56945037841797 403.56881713867188 
660.709716796875 110.92975616455078 403.38198852539062 
662.0955810546875 111.88152313232422 406.09747314453125 
661.02301025390625 110.04759216308594 406.443359375 
670.541748046875 106.37080383300781 456.76470947265625 
669.72509765625 105.19222259521484 455.67449951171875 
662.37469482421875 111.14675140380859 409.02047729492188 
661.536865234375 109.42427062988281 409.66470336914062 
670.11859130859375 106.54393768310547 454.118896484375 
669.59356689453125 106.74939727783203 451.00442504882812 
668.984130859375 106.8778076171875 447.76461791992188 
668.36334228515625 107.0146484375 444.4775390625 
667.73846435546875 107.160400390625 441.18161010742188 
667.10968017578125 107.33576965332031 437.90737915039062 
666.4990234375 107.54609680175781 434.74658203125 
666.110595703125 107.939453125 432.13201904296875 
665.4208984375 107.78968811035156 429.56475830078125 
664.63916015625 107.72126007080078 426.3402099609375 
662.6341552734375 110.5186767578125 411.6082763671875 
662.0096435546875 108.75133514404297 412.90347290039062 
662.39276123046875 107.92019653320312 416.08160400390625 
662.703125 106.90824127197266 419.16812133789062 
663.32550048828125 106.67504119873047 422.43215942382812 
663.97021484375 106.48555755615234 425.71502685546875 
664.6226806640625 106.30985260009766 429.00125122070312 
665.27679443359375 106.13554382324219 432.30184936523438 
665.92510986328125 105.96450805664062 435.6126708984375 
666.56878662109375 105.79772186279297 438.95358276367188 
667.194091796875 105.63019561767578 442.31686401367188 
667.81622314453125 105.48031616210938 445.6903076171875 
668.4442138671875 105.34928131103516 449.04144287109375 
669.08184814453125 105.24925994873047 452.37191772460938 
609.7872314453125 100.24691772460938 201.90670776367188 
604.58197021484375 128.58773803710938 208.957763671875 
602.84527587890625 128.25270080566406 205.97471618652344 
602.993408203125 126.98045349121094 208.72366333007812 
601.40167236328125 126.322021484375 206.05708312988281 
601.87109375 124.97216796875 208.64530944824219 
600.59820556640625 124.17622375488281 206.16102600097656 
669.83660888671875 103.3349609375 459.737060546875 
669.447509765625 103.74708557128906 457.0152587890625 
669.4451904296875 101.21861267089844 459.70010375976562 
669.126220703125 99.446281433105469 458.12725830078125 
601.4818115234375 122.68194580078125 208.41754150390625 
600.40838623046875 121.77239990234375 206.0391845703125 
601.33294677734375 120.28729248046875 208.29739379882812 
600.50360107421875 119.30388641357422 205.84019470214844 
601.50933837890625 117.80770111083984 208.065185546875 
600.93310546875 116.779052734375 205.52066040039062 
602.00946044921875 115.29745483398438 207.78303527832031 
601.723876953125 114.20525360107422 205.0928955078125 
602.76031494140625 112.77764892578125 207.52774047851562 
602.85577392578125 111.72207641601562 204.54933166503906 
603.92535400390625 110.34464263916016 207.022216796875 
604.14300537109375 109.24506378173828 204.05085754394531 
605.2677001953125 107.96692657470703 206.51899719238281 
605.46099853515625 106.73921203613281 203.62261962890625 
606.63043212890625 105.62591552734375 206.12629699707031 
606.91015625 104.31368255615234 203.11648559570312 
608.1767578125 103.43985748291016 205.45944213867188 
608.531982421875 102.01854705810547 202.42575073242188 
609.845947265625 101.36873626708984 204.67202758789062 
610.91961669921875 100.91029357910156 206.98443603515625 
611.1143798828125 101.53693389892578 210.20346069335938 
611.57196044921875 102.20722961425781 213.48655700683594 
612.243408203125 103.06405639648438 216.68927001953125 
613.31500244140625 103.77495574951172 219.66615295410156 
614.656982421875 104.45565032958984 222.99188232421875 
615.81494140625 105.25534057617188 226.520751953125 
616.72344970703125 106.05446624755859 229.91401672363281 
617.55755615234375 106.69747924804688 233.22764587402344 
618.38458251953125 107.20773315429688 236.51121520996094 
619.1939697265625 107.63930511474609 239.81340026855469 
619.93719482421875 108.04872894287109 243.08189392089844 
620.68572998046875 108.23744201660156 246.34730529785156 
621.57928466796875 108.24932861328125 249.81474304199219 
622.37908935546875 108.39215087890625 253.29751586914062 
623.12701416015625 108.61277008056641 256.71438598632812 
623.80718994140625 108.87317657470703 260.01461791992188 
624.53338623046875 109.01423645019531 263.24420166015625 
625.3262939453125 109.03220367431641 266.4654541015625 
626.16070556640625 108.98991394042969 269.7525634765625 
626.98358154296875 108.98049926757812 273.10382080078125 
668.60736083984375 102.85861206054688 453.8984375 
627.85223388671875 108.95272827148438 276.48370361328125 
628.78411865234375 108.80609893798828 279.7166748046875 
629.57916259765625 108.80701446533203 282.97918701171875 
630.31256103515625 109.08384704589844 286.18359375 
630.99957275390625 109.55430603027344 289.34954833984375 
668.012451171875 103.04114532470703 450.62594604492188 
667.39599609375 103.16304016113281 447.30145263671875 
666.7928466796875 103.30291748046875 443.9366455078125 
666.18865966796875 103.45541381835938 440.56082153320312 
665.5792236328125 103.61533355712891 437.1993408203125 
664.9622802734375 103.77655792236328 433.86483764648438 
664.33941650390625 103.93729400634766 430.5521240234375 
663.71600341796875 104.10064697265625 427.25241088867188 
663.09100341796875 104.25798034667969 423.9361572265625 
662.4654541015625 104.44294738769531 420.60360717773438 
626.82183837890625 132.43696594238281 230.62147521972656 
626.34674072265625 133.22023010253906 227.25187683105469 
624.54193115234375 132.44087219238281 228.86796569824219 
624.3199462890625 133.35006713867188 225.36418151855469 
622.611572265625 132.24746704101562 227.00360107421875 
622.26416015625 133.08944702148438 223.66355895996094 
620.7794189453125 131.87075805664062 225.00871276855469 
620.17559814453125 132.48147583007812 222.12342834472656 
618.68145751953125 131.08085632324219 223.30912780761719 
618.08819580078125 131.6729736328125 220.64662170410156 
616.56622314453125 130.10702514648438 222.07989501953125 
615.96490478515625 130.86299133300781 219.23463439941406 
614.45654296875 129.30369567871094 220.73782348632812 
613.826171875 130.1947021484375 217.94898986816406 
627.3170166015625 131.76507568359375 233.96011352539062 
625.0196533203125 131.75765991210938 232.06451416015625 
627.840576171875 131.17143249511719 237.26264953613281 
625.49603271484375 131.05888366699219 235.504150390625 
628.40460205078125 130.66152954101562 240.55014038085938 
625.61114501953125 130.34669494628906 238.74314880371094 
628.96893310546875 130.1904296875 243.83990478515625 
626.544677734375 129.9210205078125 242.21737670898438 
629.499267578125 129.74369812011719 247.13186645507812 
627.0626220703125 129.423828125 245.53530883789062 
630.00189208984375 129.31649780273438 250.44013977050781 
627.6507568359375 128.95878601074219 248.88560485839844 
630.4794921875 128.89854431152344 253.76217651367188 
628.196044921875 128.48573303222656 252.25944519042969 
630.9739990234375 128.50048828125 257.08294677734375 
628.72442626953125 127.99679565429688 255.62419128417969 
631.4713134765625 128.10807800292969 260.41067504882812 
629.25286865234375 127.52401733398438 258.94119262695312 
631.968505859375 127.72064208984375 263.73867797851562 
629.77764892578125 127.08583068847656 262.22647094726562 
632.444091796875 127.32392120361328 267.07052612304688 
630.29437255859375 126.67218017578125 265.4881591796875 
632.8309326171875 126.88897705078125 270.40182495117188 
630.763671875 126.25656890869141 268.72958374023438 
633.18939208984375 126.42808532714844 273.69354248046875 
631.19183349609375 125.74990081787109 271.96646118164062 
633.53594970703125 125.94972991943359 276.95361328125 
631.59454345703125 125.17281341552734 275.19094848632812 
633.89312744140625 125.45254516601562 280.18087768554688 
631.9912109375 124.57785797119141 278.42877197265625 
634.2705078125 124.92871856689453 283.40524291992188 
632.41021728515625 123.94367218017578 281.69540405273438 
634.76922607421875 124.43431091308594 286.62155151367188 
632.92791748046875 123.32154083251953 284.97738647460938 
612.18994140625 128.76762390136719 219.06367492675781 
611.36846923828125 129.89227294921875 216.32069396972656 
631.78369140625 109.83403015136719 292.55682373046875 
632.6629638671875 109.92542266845703 295.80923461914062 
633.52642822265625 110.09005737304688 299.18743896484375 
634.40643310546875 110.17137145996094 302.48001098632812 
635.25836181640625 110.06554412841797 305.7154541015625 
668.52630615234375 100.03976440429688 454.93899536132812 
667.9803466796875 100.42598724365234 451.91958618164062 
667.39141845703125 100.62533569335938 448.72122192382812 
666.8133544921875 100.74064636230469 445.39971923828125 
666.224853515625 100.89689636230469 442.05245971679688 
665.63421630859375 101.05448150634766 438.7025146484375 
665.0361328125 101.2169189453125 435.36044311523438 
664.4383544921875 101.37718963623047 432.0419921875 
663.844482421875 101.53080749511719 428.74017333984375 
663.2503662109375 101.67342376708984 425.43185424804688 
662.6556396484375 101.80088043212891 422.10910034179688 
662.052490234375 102.00584411621094 418.78396606445312 
661.4559326171875 102.27892303466797 415.57138061523438 
660.922119140625 102.13069152832031 412.544677734375 
660.32696533203125 101.95998382568359 409.13946533203125 
659.6822509765625 102.31083679199219 405.86752319335938 
659.062744140625 102.44298553466797 402.65188598632812 
658.43817138671875 102.37677764892578 399.301025390625 
657.77117919921875 102.39234161376953 395.91494750976562 
657.0693359375 102.48018646240234 392.5277099609375 
656.3558349609375 102.63468933105469 389.15853881835938 
655.651123046875 102.81503295898438 385.82867431640625 
654.94097900390625 103.03163909912109 382.55560302734375 
654.2232666015625 103.30892181396484 379.34927368164062 
653.50396728515625 103.59242248535156 376.2376708984375 
652.822021484375 103.73025512695312 373.20523071289062 
652.155517578125 103.72806549072266 370.1187744140625 
651.479736328125 103.68016815185547 366.92050170898438 
650.7698974609375 103.72914123535156 363.68692016601562 
650.0504150390625 103.79776000976562 360.41854858398438 
649.315185546875 103.89842224121094 357.12060546875 
648.574462890625 104.003662109375 353.79537963867188 
647.776123046875 104.14990234375 350.46810913085938 
646.98260498046875 104.27211761474609 347.101318359375 
646.15643310546875 104.41236114501953 343.78463745117188 
645.3809814453125 104.45346069335938 340.40118408203125 
644.598388671875 104.37833404541016 336.80661010742188 
635.61138916015625 124.12223815917969 289.83084106445312 
633.64605712890625 122.82260131835938 288.3009033203125 
636.44635009765625 123.81708526611328 293.0675048828125 
634.465087890625 122.49379730224609 291.576171875 
637.287109375 123.51525115966797 296.3045654296875 
635.291015625 122.20903778076172 294.82809448242188 
638.137451171875 123.22636413574219 299.5455322265625 
636.079345703125 121.9478759765625 297.97079467773438 
638.19537353515625 122.35791015625 302.55526733398438 
636.732177734375 121.62105560302734 300.80667114257812 
637.99725341796875 121.15977478027344 305.50173950195312 
636.446044921875 120.10951995849609 303.4005126953125 
637.9967041015625 119.96061706542969 308.44320678710938 
636.33062744140625 118.20351409912109 306.28948974609375 
606.6943359375 129.0218505859375 211.64854431152344 
604.9847412109375 127.53823852539062 211.58370971679688 
609.00860595703125 129.55029296875 214.22898864746094 
607.20916748046875 127.91940307617188 214.845947265625 
609.72918701171875 128.39888000488281 217.14680480957031 
636.177001953125 109.56257629394531 309.10333251953125 
637.19451904296875 108.76246643066406 312.41314697265625 
638.34124755859375 106.99465179443359 314.92294311523438 
639.09637451171875 107.12278747558594 318.03530883789062 
639.89404296875 107.18804931640625 321.31964111328125 
640.67633056640625 107.27161407470703 324.68344116210938 
641.477783203125 107.3682861328125 328.0374755859375 
642.5535888671875 106.61541748046875 331.6734619140625 
643.39300537109375 106.67194366455078 335.2254638671875 
638.59967041015625 119.42563629150391 311.51535034179688 
637.09271240234375 117.39175415039062 309.85311889648438 
639.47772216796875 119.20114135742188 314.7088623046875 
637.9638671875 116.96849822998047 313.23626708984375 
640.39215087890625 118.9969482421875 317.91921997070312 
638.88238525390625 116.87316131591797 316.5384521484375 
641.34197998046875 118.79337310791016 321.160400390625 
639.86395263671875 116.82422637939453 319.9073486328125 
642.307373046875 118.66007232666016 324.44863891601562 
640.67803955078125 116.15621948242188 323.5618896484375 
643.255126953125 118.54700469970703 327.74868774414062 
641.67462158203125 116.27650451660156 326.84280395507812 
644.3731689453125 118.59085083007812 330.97451782226562 
642.69781494140625 116.37616729736328 330.1322021484375 
645.50201416015625 118.65441131591797 334.1131591796875 
643.71307373046875 116.51307678222656 333.22982788085938 
646.03533935546875 118.09178924560547 337.318603515625 
644.62689208984375 116.67534637451172 335.94436645507812 
646.66436767578125 117.57557678222656 340.55279541015625 
644.9176025390625 115.62449645996094 338.79458618164062 
647.36285400390625 117.16917419433594 343.76043701171875 
645.5299072265625 115.02946472167969 341.77935791015625 
648.1282958984375 116.80317687988281 346.95281982421875 
646.40521240234375 114.73007202148438 345.1453857421875 
648.9349365234375 116.42835998535156 350.15792846679688 
647.25933837890625 114.18951416015625 348.71881103515625 
649.78216552734375 116.22622680664062 353.41958618164062 
648.27227783203125 114.18649291992188 352.3055419921875 
650.63104248046875 116.05223083496094 356.70379638671875 
649.16546630859375 114.03593444824219 355.69171142578125 
651.5157470703125 115.95061492919922 360.00064086914062 
650.04296875 114.00041198730469 358.97396850585938 
652.60052490234375 116.02060699462891 363.21853637695312 
650.97747802734375 114.05912017822266 362.19027709960938 
651.9779052734375 114.20088958740234 365.25250244140625 
652.85809326171875 114.233154296875 368.22543334960938 
653.4468994140625 113.60134124755859 371.5035400390625 
653.9188232421875 112.90237426757812 374.43637084960938 
654.5821533203125 112.48131561279297 377.53839111328125 
655.25543212890625 112.04360961914062 380.69732666015625 
655.93353271484375 111.65960693359375 383.8773193359375 
656.61431884765625 111.33268737792969 387.0528564453125 
657.29754638671875 111.04805755615234 390.24575805664062 
657.99615478515625 110.77116394042969 393.43753051757812 
658.7279052734375 110.52452087402344 396.66574096679688 
659.5233154296875 110.39312744140625 399.96835327148438 
661.858642578125 104.92924499511719 417.238037109375 
661.28948974609375 105.53610229492188 413.99560546875 
660.88665771484375 106.90023040771484 410.71710205078125 
660.3194580078125 107.46575164794922 407.4539794921875 
659.944091796875 108.37409973144531 404.71267700195312 
659.24163818359375 108.12242889404297 402.05712890625 
619.4117431640625 125.65408325195312 237.27055358886719 
619.48760986328125 126.95537567138672 234.95295715332031 
617.87908935546875 125.26445770263672 234.53262329101562 
617.94366455078125 126.65877532958984 232.09500122070312 
619.59674072265625 128.19963073730469 232.60296630859375 
621.31793212890625 128.59523010253906 235.58808898925781 
621.15692138671875 127.35626220703125 238.212890625 
618.26617431640625 128.1170654296875 229.84095764160156 
620.3671875 129.69764709472656 230.37979125976562 
621.66290283203125 129.76451110839844 233.03350830078125 
620.7977294921875 125.91156005859375 240.45735168457031 
619.209228515625 124.06692504882812 239.58489990234375 
617.8447265625 123.72442626953125 236.80671691894531 
668.99029541015625 101.80166625976562 456.96054077148438 
616.449462890625 123.40798187255859 233.99594116210938 
616.3946533203125 125.06117248535156 231.62506103515625 
616.36053466796875 126.59016418457031 229.06245422363281 
617.854736328125 122.04079437255859 238.91960144042969 
616.50933837890625 121.56066131591797 236.10699462890625 
615.21197509765625 121.37325286865234 233.29832458496094 
614.999755859375 123.31423187255859 231.093994140625 
614.79736328125 125.07402038574219 228.62870788574219 
623.42236328125 129.98759460449219 236.08047485351562 
622.97930908203125 128.93252563476562 238.54986572265625 
622.70587158203125 127.59915924072266 241.57948303222656 
622.6004638671875 131.2340087890625 230.33248901367188 
623.54412841796875 130.82487487792969 233.36335754394531 
618.7783203125 129.41778564453125 227.79374694824219 
620.88275146484375 130.92031860351562 227.9727783203125 
616.6630859375 128.05329895019531 226.88296508789062 
614.522216796875 126.71999359130859 225.72685241699219 
660.5738525390625 104.365234375 410.99874877929688 
619.32196044921875 130.59373474121094 225.8321533203125 
624.3785400390625 129.24308776855469 240.9521484375 
609.471435546875 102.64842987060547 207.99685668945312 
659.98858642578125 104.82740020751953 407.92288208007812 
617.409912109375 129.55308532714844 224.93359375 
603.46160888671875 125.69456481933594 211.19035339355469 
602.74755859375 123.56985473632812 211.08180236816406 
615.3721923828125 128.47921752929688 223.84193420410156 
607.964599609375 104.63150024414062 208.73324584960938 
659.32550048828125 105.43144989013672 404.511962890625 
602.43768310546875 121.26082611083984 210.86825561523438 
613.28564453125 127.71131134033203 222.16728210449219 
602.3536376953125 118.86514282226562 210.70567321777344 
602.6019287109375 116.43348693847656 210.52284240722656 
603.17333984375 113.91570281982422 210.30781555175781 
606.510498046875 106.78556060791016 209.25245666503906 
624.80792236328125 128.66983032226562 243.8739013671875 
604.0020751953125 111.44329071044922 210.07305908203125 
605.15216064453125 109.05126953125 209.69268798828125 
658.57269287109375 105.26950073242188 401.037353515625 
657.8385009765625 105.19490051269531 397.60739135742188 
658.42626953125 107.91735076904297 398.85986328125 
657.10284423828125 105.29053497314453 394.22409057617188 
657.6656494140625 108.003173828125 395.56863403320312 
656.36334228515625 105.45880889892578 390.85321044921875 
656.92919921875 108.19150543212891 392.30227661132812 
655.62615966796875 105.67737579345703 387.5010986328125 
656.20489501953125 108.43295288085938 389.00991821289062 
655.4876708984375 108.71136474609375 385.71759033203125 
654.78924560546875 109.0615234375 382.46484375 
654.9046630859375 105.94305419921875 384.18927001953125 
654.07342529296875 109.49266815185547 379.25006103515625 
653.34832763671875 109.95616149902344 376.05410766601562 
652.59759521484375 110.28744506835938 372.8302001953125 
652.32452392578125 112.01780700683594 370.02090454101562 
651.542724609375 111.93569183349609 367.2628173828125 
650.71221923828125 111.80534362792969 364.349609375 
654.18389892578125 106.26647186279297 380.92001342773438 
653.44561767578125 106.68359375 377.76446533203125 
652.7161865234375 107.01179504394531 374.6607666015625 
652.01348876953125 106.91507720947266 371.66067504882812 
651.290771484375 106.54104614257812 368.518310546875 
651.6375732421875 109.45671844482422 369.65365600585938 
650.8199462890625 109.22427368164062 366.54669189453125 
650.552490234375 106.40350341796875 365.34661865234375 
650.02740478515625 109.09230804443359 363.45050048828125 
649.81634521484375 106.35977172851562 362.14608764648438 
649.06890869140625 106.36067199707031 358.884033203125 
649.238037109375 108.97972869873047 360.2703857421875 
649.85443115234375 111.66363525390625 361.27664184570312 
648.31219482421875 106.40058898925781 355.58685302734375 
648.44195556640625 108.96952056884766 357.02316284179688 
649.0059814453125 111.59342956542969 358.08746337890625 
648.17034912109375 111.64563751220703 354.84780883789062 
647.64569091796875 109.01872253417969 353.78836059570312 
647.3438720703125 111.74546813964844 351.66976928710938 
647.5384521484375 106.44758605957031 352.28970336914062 
646.86029052734375 108.95135498046875 350.62799072265625 
646.55767822265625 111.38338470458984 348.92019653320312 
645.899169921875 112.09160614013672 346.07037353515625 
646.7266845703125 106.55168151855469 348.89108276367188 
646.01483154296875 109.15149688720703 347.28378295898438 
645.8616943359375 106.78787231445312 345.53207397460938 
645.17620849609375 109.5733642578125 344.06655883789062 
645.0152587890625 112.37911224365234 342.7205810546875 
645.00018310546875 107.01611328125 342.21499633789062 
644.1842041015625 106.95634460449219 338.79986572265625 
644.30029296875 109.74562072753906 340.69570922851562 
643.43896484375 109.55342864990234 337.32192993164062 
642.593505859375 109.18672180175781 333.8731689453125 
644.06591796875 112.59378051757812 339.1068115234375 
643.6370849609375 114.38291168212891 336.06723022460938 
642.96405029296875 111.86707305908203 335.3829345703125 
642.6392822265625 114.12804412841797 332.74539184570312 
642.0228271484375 111.61492156982422 331.854736328125 
625.486083984375 128.2275390625 247.20527648925781 
609.562255859375 103.46406555175781 211.37336730957031 
608.0751953125 105.57816314697266 212.00636291503906 
606.6707763671875 107.82944488525391 212.38760375976562 
626.13323974609375 127.71678924560547 250.61244201660156 
605.40509033203125 110.20648193359375 212.67633056640625 
604.41094970703125 112.654052734375 212.95474243164062 
603.70147705078125 115.13381195068359 213.15992736816406 
603.34796142578125 117.59427642822266 213.35801696777344 
603.33349609375 120.02349090576172 213.50503540039062 
626.72491455078125 127.16644287109375 253.99282836914062 
627.2457275390625 126.65186309814453 257.33551025390625 
627.77197265625 126.162109375 260.62896728515625 
628.34027099609375 125.70012664794922 263.85543823242188 
628.87841796875 125.24544525146484 267.02426147460938 
629.39617919921875 124.73153686523438 270.16241455078125 
629.8602294921875 124.17301177978516 273.33233642578125 
630.31878662109375 123.50955200195312 276.53720092773438 
630.79437255859375 122.7723388671875 279.8206787109375 
631.30609130859375 122.01886749267578 283.19631958007812 
603.71697998046875 122.31686401367188 213.6629638671875 
604.330810546875 124.49642944335938 213.81608581542969 
605.190673828125 126.43887329101562 213.68681335449219 
641.81646728515625 109.054443359375 330.68359375 
641.65301513671875 113.83765411376953 329.38397216796875 
641.1497802734375 110.92740631103516 328.51535034179688 
640.4635009765625 110.13140869140625 325.74551391601562 
640.73406982421875 113.50955200195312 326.24050903320312 
639.694580078125 109.78873443603516 322.62496948242188 
639.90887451171875 112.74461364746094 323.56735229492188 
639.55853271484375 114.57756042480469 321.31463623046875 
639.02081298828125 112.12160491943359 320.43966674804688 
638.8804931640625 109.54612731933594 319.28353881835938 
638.7056884765625 114.55648040771484 318.3359375 
637.81463623046875 114.43975830078125 315.12490844726562 
638.12664794921875 112.03069305419922 317.18551635742188 
637.9791259765625 109.46630096435547 315.90029907226562 
637.21600341796875 111.82106018066406 313.8026123046875 
636.3516845703125 112.09075164794922 310.56027221679688 
636.92901611328125 114.61571502685547 311.82876586914062 
610.91180419921875 127.22895812988281 220.07833862304688 
612.20562744140625 126.17546844482422 223.06355285644531 
613.038330078125 124.90668487548828 225.81999206542969 
613.3902587890625 123.28742980957031 228.06350708007812 
613.7696533203125 121.49347686767578 230.22987365722656 
631.97711181640625 121.35982513427734 286.55337524414062 
632.77587890625 120.92333221435547 289.93423461914062 
633.6483154296875 120.6529541015625 293.374755859375 
634.4949951171875 120.32699584960938 296.822509765625 
635.328369140625 120.00946044921875 300.1737060546875 
635.13995361328125 117.93183898925781 302.67144775390625 
623.590087890625 127.18033599853516 245.25621032714844 
621.9344482421875 125.90345764160156 243.62773132324219 
624.341064453125 126.66484069824219 248.82147216796875 
624.95330810546875 126.08441925048828 252.25375366210938 
625.529541015625 125.47549438476562 255.594482421875 
626.07794189453125 124.92237854003906 258.90374755859375 
626.647216796875 124.39449310302734 262.13699340820312 
627.2095947265625 123.88236999511719 265.26089477539062 
627.78656005859375 123.36199188232422 268.32150268554688 
628.3228759765625 122.84221649169922 271.38772583007812 
628.84576416015625 122.23677062988281 274.52597045898438 
629.39892578125 121.45542907714844 277.77679443359375 
629.97308349609375 120.59339141845703 281.16232299804688 
620.36279296875 124.22733306884766 242.51029968261719 
619.07000732421875 122.29246520996094 241.71138000488281 
630.59576416015625 119.67528533935547 284.64566040039062 
622.771728515625 125.47085571289062 247.10209655761719 
621.36663818359375 124.15935516357422 245.52476501464844 
620.09564208984375 122.37596893310547 244.51570129394531 
623.40960693359375 124.80027770996094 250.54206848144531 
623.96728515625 124.13113403320312 253.77078247070312 
624.5777587890625 123.50963592529297 257.05856323242188 
625.18731689453125 122.87342834472656 260.371337890625 
625.7457275390625 122.22997283935547 263.45852661132812 
626.29974365234375 121.68516540527344 266.4495849609375 
626.91680908203125 121.16254425048828 269.41586303710938 
627.51605224609375 120.67232513427734 272.4598388671875 
628.16082763671875 120.03347015380859 275.60519409179688 
628.8099365234375 119.15711975097656 278.95480346679688 
629.4989013671875 118.14108276367188 282.39926147460938 
622.0931396484375 123.54566955566406 248.87481689453125 
620.9832763671875 122.41512298583984 247.23497009277344 
622.5462646484375 122.55021667480469 252.03201293945312 
621.36859130859375 121.22596740722656 250.05694580078125 
623.20452880859375 121.95693969726562 255.0633544921875 
621.84423828125 119.89168548583984 253.22596740722656 
623.9100341796875 121.35810852050781 258.47882080078125 
624.4227294921875 120.42992401123047 261.5792236328125 
625.005126953125 119.65752410888672 264.503662109375 
625.63140869140625 119.12895965576172 267.41525268554688 
626.3270263671875 118.71912384033203 270.4031982421875 
627.04315185546875 118.26839447021484 273.43408203125 
627.76898193359375 117.73125457763672 276.57656860351562 
628.4459228515625 116.69703674316406 279.85372924804688 
622.849609375 119.93236541748047 256.42584228515625 
623.3026123046875 118.79342651367188 259.3447265625 
623.8607177734375 117.54578399658203 262.33078002929688 
624.5252685546875 116.78643798828125 265.27145385742188 
625.314453125 116.44803619384766 268.38339233398438 
626.0880126953125 116.13692474365234 271.45767211914062 
626.86114501953125 115.79404449462891 274.49298095703125 
627.61737060546875 115.46728515625 277.43975830078125 
608.49786376953125 126.73515319824219 218.04171752929688 
606.32257080078125 125.77161407470703 216.2611083984375 
609.77093505859375 125.4273681640625 220.72027587890625 
611.0345458984375 124.52329254150391 223.16921997070312 
611.43511962890625 123.13468170166016 224.92698669433594 
631.36944580078125 119.074462890625 288.02908325195312 
632.29742431640625 118.84617614746094 291.6077880859375 
633.23138427734375 118.60372161865234 295.24069213867188 
634.1470947265625 118.13359069824219 299.02633666992188 
630.20379638671875 116.93062591552734 285.99942016601562 
629.1070556640625 115.6380615234375 282.83438110351562 
628.11944580078125 113.80354309082031 279.81668090820312 
631.20294189453125 116.82159423828125 289.75534057617188 
632.1715087890625 116.69995880126953 293.39151000976562 
633.15496826171875 116.48606109619141 297.11300659179688 
634.129150390625 115.59679412841797 301.18975830078125 
610.02593994140625 104.3629150390625 214.65426635742188 
610.76153564453125 105.44847106933594 217.94091796875 
612.4989013671875 105.63776397705078 221.2108154296875 
613.9229736328125 106.28738403320312 224.72488403320312 
614.8590087890625 107.21357727050781 228.00331115722656 
608.53564453125 106.60475158691406 215.15412902832031 
607.08258056640625 109.04991149902344 215.26884460449219 
605.97686767578125 111.52481842041016 215.47543334960938 
605.17041015625 114.00160980224609 215.674560546875 
604.6685791015625 116.43816375732422 215.824462890625 
604.5191650390625 118.88254547119141 216.00628662109375 
615.6944580078125 108.10171508789062 231.2347412109375 
604.84918212890625 121.21871185302734 216.17303466796875 
605.51251220703125 123.50141143798828 216.37196350097656 
607.598876953125 124.53469848632812 218.87385559082031 
616.56964111328125 108.76220703125 234.434326171875 
617.52923583984375 109.28627014160156 237.73817443847656 
618.29986572265625 109.88536834716797 240.93168640136719 
619.05889892578125 110.47632598876953 244.18701171875 
620.2032470703125 110.23592376708984 247.84051513671875 
621.1182861328125 110.21054077148438 251.27568054199219 
621.919189453125 110.48321533203125 254.76766967773438 
622.6513671875 110.97780609130859 258.06982421875 
623.4425048828125 111.42658233642578 261.43435668945312 
624.22515869140625 111.56989288330078 264.65701293945312 
625.11279296875 111.40241241455078 267.9830322265625 
625.97943115234375 111.28451538085938 271.31265258789062 
626.86114501953125 111.19705200195312 274.68490600585938 
627.7919921875 111.22936248779297 278.08087158203125 
608.95916748046875 107.99932861328125 217.782470703125 
610.67694091796875 107.45519256591797 220.34199523925781 
612.24267578125 107.37339782714844 223.05752563476562 
613.0782470703125 108.3673095703125 225.85932922363281 
613.97186279296875 109.37232971191406 228.833251953125 
614.87200927734375 110.4100341796875 231.9305419921875 
607.7169189453125 110.47861480712891 217.96553039550781 
606.852783203125 112.92404174804688 218.11407470703125 
606.25616455078125 115.30366516113281 218.16122436523438 
605.9720458984375 117.68638610839844 218.30805969238281 
606.14697265625 120.04435729980469 218.51162719726562 
606.8350830078125 122.29924011230469 218.80397033691406 
609.45849609375 109.72874450683594 220.43205261230469 
611.19403076171875 109.19855499267578 223.09590148925781 
608.57550048828125 112.00810241699219 220.51303100585938 
607.93914794921875 114.28096771240234 220.56134033203125 
607.534912109375 116.52161407470703 220.48626708984375 
607.51416015625 118.81223297119141 220.64930725097656 
608.03289794921875 121.06992340087891 221.0853271484375 
609.08197021484375 123.21776580810547 221.52253723144531 
610.31573486328125 111.25137329101562 223.13229370117188 
612.13140869140625 110.4052734375 225.98513793945312 
609.6318359375 113.38761901855469 223.07115173339844 
611.355224609375 112.50501251220703 225.87181091308594 
609.1575927734375 115.51255798339844 222.94169616699219 
608.892333984375 117.59391021728516 222.75215148925781 
609.18072509765625 119.71878051757812 223.03829956054688 
610.06500244140625 121.58219146728516 223.76679992675781 
612.10589599609375 121.58778381347656 227.03665161132812 
610.77789306640625 114.62903594970703 225.61553955078125 
610.43548583984375 116.64356994628906 225.33128356933594 
610.2255859375 118.46489715576172 224.91053771972656 
611.02972412109375 120.03313446044922 225.93170166015625 
612.66729736328125 119.76389312744141 228.99031066894531 
611.63568115234375 118.10687255859375 227.48405456542969 
611.917236328125 116.01709747314453 228.07847595214844 
612.32586669921875 113.81925201416016 228.38758850097656 
613.099853515625 111.51932525634766 228.80314636230469 
613.7568359375 112.95144653320312 231.099853515625 
613.2930908203125 115.37583923339844 230.84620666503906 
613.0306396484375 117.64678955078125 230.25631713867188 
614.14227294921875 119.44618988037109 232.08615112304688 
616.0804443359375 110.85889434814453 235.46955871582031 
614.944580078125 112.39081573486328 233.61392211914062 
614.526611328125 114.69480133056641 233.49520874023438 
614.3345947265625 117.18506622314453 233.14009094238281 
628.61279296875 111.10436248779297 281.22998046875 
629.447265625 111.23900604248047 284.52371215820312 
630.18878173828125 111.78199005126953 287.52557373046875 
631.01611328125 112.08673858642578 290.56307983398438 
631.88482666015625 112.19385528564453 293.77728271484375 
615.47967529296875 119.06919860839844 235.30593872070312 
616.848388671875 119.77288055419922 238.18818664550781 
618.084228515625 120.21444702148438 241.07231140136719 
619.208984375 120.38344573974609 244.05245971679688 
620.25115966796875 120.55152130126953 247.11936950683594 
632.78558349609375 112.21446228027344 297.08578491210938 
616.8897705078125 111.67534637451172 238.39749145507812 
615.70367431640625 113.42536163330078 236.07170104980469 
615.42706298828125 116.17653656005859 235.80006408691406 
616.367919921875 117.27439880371094 238.03019714355469 
617.43365478515625 117.95425415039062 240.58888244628906 
618.5093994140625 118.34777069091797 243.49118041992188 
619.57696533203125 118.54749298095703 246.74993896484375 
616.455078125 114.42455291748047 238.4310302734375 
617.2203369140625 115.30760955810547 240.65199279785156 
618.0526123046875 116.11173248291016 242.99604797363281 
618.198974609375 113.32448577880859 243.302978515625 
617.61578369140625 112.4029541015625 241.0941162109375 
619.262939453125 112.35353851318359 246.34199523925781 
618.76348876953125 114.55451965332031 245.34246826171875 
619.0445556640625 116.55488586425781 246.05810546875 
620.18902587890625 112.42461395263672 249.66030883789062 
619.661865234375 114.54192352294922 248.39848327636719 
620.0732421875 116.69676208496094 249.50764465332031 
620.66339111328125 118.97248077392578 250.0946044921875 
621.03424072265625 112.22496795654297 252.69085693359375 
620.720947265625 114.67185974121094 252.16534423828125 
621.1441650390625 117.22770690917969 252.91864013671875 
622.209228515625 117.77146148681641 256.22256469726562 
621.72711181640625 112.96297454833984 255.62373352050781 
622.63677978515625 113.54743957519531 259.125732421875 
623.60662841796875 114.38109588623047 262.727294921875 
624.5384521484375 114.03525543212891 266.31396484375 
625.41851806640625 113.79222869873047 269.64462280273438 
626.27276611328125 113.57483673095703 272.91357421875 
627.16119384765625 113.38572692871094 276.2545166015625 
628.89501953125 113.21006011962891 282.79547119140625 
629.6845703125 114.05661773681641 285.57369995117188 
630.510986328125 114.51442718505859 288.50949096679688 
631.40625 114.52001953125 291.78463745117188 
622.85797119140625 116.12637329101562 259.49609375 
632.30377197265625 114.48799133300781 295.09225463867188 
621.80560302734375 115.35074615478516 255.91731262207031 
633.1746826171875 114.3948974609375 298.3087158203125 
633.72833251953125 112.60623168945312 300.505126953125 
634.589599609375 112.95396423339844 303.67691040039062 
635.15252685546875 115.59768676757812 304.93789672851562 
636.0401611328125 115.22617340087891 308.414306640625 
635.45501708984375 112.66606903076172 307.1295166015625 
614.28662109375 132.02426147460938 209.40931701660156 
612.57293701171875 131.38987731933594 211.03089904785156 
614.6201171875 131.98184204101562 212.9290771484375 
616.3282470703125 132.88845825195312 211.62913513183594 
616.89324951171875 132.98941040039062 214.4075927734375 
612.9852294921875 130.94680786132812 214.621337890625 
610.8114013671875 130.49810791015625 212.96406555175781 
615.30108642578125 131.586181640625 216.16780090332031 
610.04052734375 130.81797790527344 204.21307373046875 
607.58685302734375 130.1466064453125 205.27191162109375 
609.28143310546875 130.55577087402344 207.41610717773438 
611.99761962890625 131.33323669433594 207.07707214355469 
610.65057373046875 130.82685852050781 209.75434875488281 
606.84393310546875 129.62956237792969 208.40567016601562 
605.11273193359375 129.35169982910156 205.84036254882812 
608.68927001953125 130.00584411621094 210.81578063964844 
616.62890625 133.3795166015625 209.10466003417969 
618.48260498046875 134.91049194335938 208.86619567871094 
618.56378173828125 134.42160034179688 212.66635131835938 
620.27508544921875 136.04290771484375 211.0343017578125 
614.969482421875 132.71493530273438 203.47177124023438 
612.5308837890625 131.6734619140625 203.66407775878906 
614.44818115234375 132.34722900390625 206.39205932617188 
616.72320556640625 133.73884582519531 206.0941162109375 
622.1566162109375 137.68180847167969 209.46414184570312 
620.26055908203125 136.44293212890625 207.56330871582031 
618.727294921875 135.18916320800781 205.37841796875 
616.8885498046875 133.69358825683594 202.93955993652344 
623.90679931640625 139.12249755859375 205.64842224121094 
622.05908203125 137.93663024902344 206.78497314453125 
624.3619384765625 139.15792846679688 208.08375549316406 
623.43853759765625 138.90426635742188 203.16180419921875 
620.69073486328125 136.98300170898438 203.99638366699219 
618.70477294921875 134.68841552734375 202.32421875 
617.49774169921875 132.38880920410156 217.49362182617188 
619.6968994140625 133.36900329589844 218.76577758789062 
618.9986572265625 133.912109375 215.69903564453125 
620.39202880859375 135.50387573242188 213.80229187011719 
621.1685791015625 135.16401672363281 216.470703125 
622.54205322265625 137.08677673339844 213.17071533203125 
624.74444580078125 138.65036010742188 211.29605102539062 
623.17205810546875 136.30084228515625 216.58882141113281 
625.09967041015625 137.83453369140625 214.44041442871094 
625.50408935546875 136.77072143554688 217.59288024902344 
621.83819580078125 134.27584838867188 219.91436767578125 
623.86767578125 135.45402526855469 219.3690185546875 
623.88714599609375 134.30307006835938 222.23910522460938 
626.0076904296875 134.22705078125 223.95350646972656 
625.69873046875 135.40188598632812 220.71955871582031 
627.00750732421875 139.54338073730469 203.14399719238281 
627.43914794921875 139.30110168457031 206.45518493652344 
645.93951416015625 119.68541717529297 331.99658203125 
646.22857666015625 120.50514984130859 329.66342163085938 
645.4051513671875 120.8162841796875 326.4068603515625 
644.55023193359375 121.11430358886719 323.14523315429688 
643.661376953125 121.38805389404297 319.90509033203125 
642.82586669921875 121.69319152832031 316.67398071289062 
642.06011962890625 122.03588104248047 313.46923828125 
641.63568115234375 122.53480529785156 310.26727294921875 
641.22332763671875 123.02915191650391 307.06607055664062 
640.8319091796875 123.5133056640625 303.84817504882812 
640.5657958984375 124.04343414306641 300.61541748046875 
640.254638671875 124.52323150634766 297.36416625976562 
639.74346923828125 124.86841583251953 294.09857177734375 
639.1903076171875 125.17879486083984 290.8531494140625 
638.648193359375 125.48877716064453 287.61859130859375 
638.16357421875 125.82617950439453 284.40594482421875 
637.68890380859375 126.15908813476562 281.20108032226562 
637.21783447265625 126.47989654541016 277.98312377929688 
636.747314453125 126.79078674316406 274.74554443359375 
636.25579833984375 127.08390045166016 271.47756958007812 
635.751953125 127.37387847900391 268.1865234375 
635.22540283203125 127.66728210449219 264.90289306640625 
634.70147705078125 127.97456359863281 261.6207275390625 
634.176513671875 128.29879760742188 258.35113525390625 
633.65765380859375 128.63890075683594 255.07821655273438 
633.144775390625 128.99429321289062 251.802978515625 
632.6163330078125 129.36273193359375 248.53382873535156 
632.06744384765625 129.7467041015625 245.27293395996094 
631.49749755859375 130.15458679199219 242.02204895019531 
630.94287109375 130.62213134765625 238.77534484863281 
630.413330078125 131.15252685546875 235.53669738769531 
629.9200439453125 131.77467346191406 232.27375793457031 
629.47198486328125 132.5028076171875 228.98292541503906 
629.09979248046875 133.41777038574219 225.69583129882812 
628.8028564453125 134.51358032226562 222.41989135742188 
628.56719970703125 135.75625610351562 219.18229675292969 
628.3653564453125 137.0291748046875 215.99845886230469 
628.10333251953125 138.12811279296875 212.84593200683594 
627.7642822265625 138.82411193847656 209.70475769042969 
625.5482177734375 139.49307250976562 205.51347351074219 
644.78314208984375 119.69668579101562 328.75396728515625 
625.97760009765625 139.16604614257812 208.24333190917969 
643.79547119140625 119.84597015380859 325.49887084960938 
642.8543701171875 120.02581787109375 322.22293090820312 
641.9248046875 120.25244140625 318.982666015625 
641.05084228515625 120.52950286865234 315.77468872070312 
640.26214599609375 120.809326171875 312.66864013671875 
639.4891357421875 120.92139434814453 310.11373901367188 
639.509033203125 121.69460296630859 307.76617431640625 
639.45806884765625 122.38602447509766 305.34255981445312 
630.53338623046875 137.528076171875 200.68937683105469 
629.2470703125 137.02967834472656 198.0556640625 
628.29974365234375 138.59451293945312 200.46755981445312 
601.64923095703125 126.70144653320312 203.7308349609375 
607.72589111328125 102.98696899414062 200.05882263183594 
605.62298583984375 106.15321350097656 200.04737854003906 
606.9747314453125 104.25772094726562 198.17599487304688 
606.43438720703125 104.90554809570312 201.07797241210938 
600.7281494140625 124.89602661132812 204.01594543457031 
601.07855224609375 124.90252685546875 201.69052124023438 
600.400634765625 122.86624145507812 202.5675048828125 
600.20440673828125 120.67576599121094 202.935546875 
600.46746826171875 118.30260467529297 202.55000305175781 
601.1820068359375 115.88111877441406 202.08451843261719 
602.13214111328125 113.40129089355469 201.65850830078125 
603.1824951171875 110.90403747558594 201.28865051269531 
604.3365478515625 108.42797088623047 200.91438293457031 
612.7001953125 131.44198608398438 202.29791259765625 
602.40118408203125 126.99430847167969 202.09030151367188 
610.1656494140625 130.41456604003906 201.693603515625 
607.3421630859375 129.76048278808594 202.15606689453125 
605.46234130859375 129.40773010253906 203.91181945800781 
604.42376708984375 128.73092651367188 202.489501953125 
603.41229248046875 128.37905883789062 203.91288757324219 
622.35479736328125 135.82583618164062 199.56747436523438 
620.55987548828125 135.50541687011719 201.09425354003906 
626.0352783203125 137.15281677246094 198.13240051269531 
623.076904296875 137.33293151855469 200.73603820800781 
625.4276123046875 138.61579895019531 200.83204650878906 
601.92559814453125 119.640869140625 199.09342956542969 
602.0450439453125 117.14621734619141 199.09596252441406 
602.98004150390625 118.08789825439453 198.12709045410156 
602.858154296875 114.53662872314453 198.5838623046875 
603.58856201171875 115.95439147949219 197.81196594238281 
609.01422119140625 101.31098175048828 197.78900146484375 
604.433349609375 113.71210479736328 197.50439453125 
604.0081787109375 111.95380401611328 198.08642578125 
606.1761474609375 106.73194885253906 197.2584228515625 
605.171875 109.35070037841797 197.53932189941406 
604.02923583984375 127.26561737060547 200.64862060546875 
605.05120849609375 108.00584411621094 198.94967651367188 
604.05169677734375 110.18822479248047 199.38023376464844 
602.774169921875 125.56832122802734 200.09628295898438 
603.01959228515625 112.45197296142578 199.77449035644531 
601.86151123046875 115.46993255615234 200.31556701660156 
601.26470947265625 117.76396179199219 200.64361572265625 
600.89654541015625 119.72113800048828 201.06968688964844 
601.15167236328125 121.60839080810547 200.603759765625 
601.73260498046875 123.58784484863281 200.05879211425781 
619.50469970703125 126.94325256347656 234.97390747070312 
678.5694580078125 125.24393463134766 541.1329345703125 
679.96148681640625 127.2744140625 540.661376953125 
679.919189453125 126.87446594238281 543.13031005859375 
683.359375 129.86212158203125 543.54779052734375 
681.45599365234375 128.78134155273438 542.05780029296875 
678.7813720703125 124.90835571289062 543.94146728515625 
675.25396728515625 114.53153991699219 542.31402587890625 
677.75048828125 122.87548065185547 544.11822509765625 
675.84210205078125 117.49478912353516 542.34027099609375 
676.610595703125 120.3861083984375 542.45074462890625 
677.55291748046875 122.9884033203125 541.5633544921875 
3 0 1 2 
3 0 3 1 
3 3 4 1 
3 3 5 4 
3 5 6 4 
3 5 7 6 
3 7 8 6 
3 7 9 8 
3 9 10 8 
3 9 11 10 
3 11 12 10 
3 11 13 12 
3 13 14 12 
3 13 15 14 
3 15 16 14 
3 15 17 16 
3 18 19 20 
3 21 22 23 
3 24 22 21 
3 21 25 24 
3 23 26 21 
3 21 27 25 
3 26 27 21 
3 22 28 23 
3 22 29 28 
3 22 30 29 
3 24 30 22 
3 27 19 25 
3 27 20 19 
3 27 31 20 
3 26 31 27 
3 30 32 29 
3 29 33 28 
3 32 33 29 
3 31 34 20 
3 31 35 34 
3 35 36 34 
3 36 37 34 
3 36 38 37 
3 36 39 38 
3 39 40 38 
3 39 41 40 
3 41 42 40 
3 41 43 42 
3 43 44 42 
3 43 45 44 
3 45 46 44 
3 45 47 46 
3 47 48 46 
3 47 49 48 
3 49 50 48 
3 49 51 50 
3 51 52 50 
3 51 53 52 
3 53 54 52 
3 53 55 54 
3 55 56 54 
3 55 57 56 
3 57 58 56 
3 57 59 58 
3 59 60 58 
3 59 61 60 
3 61 62 60 
3 61 63 62 
3 63 64 62 
3 63 65 64 
3 65 66 64 
3 65 67 66 
3 67 68 66 
3 67 69 68 
3 69 70 68 
3 69 71 70 
3 71 72 70 
3 71 73 72 
3 73 74 72 
3 73 75 74 
3 75 76 74 
3 75 77 76 
3 77 78 76 
3 77 79 78 
3 79 80 78 
3 79 81 80 
3 81 82 80 
3 81 83 82 
3 83 84 82 
3 83 85 84 
3 85 86 84 
3 85 87 86 
3 87 88 86 
3 87 89 88 
3 89 90 88 
3 89 91 90 
3 91 92 90 
3 91 93 92 
3 93 94 92 
3 93 95 94 
3 95 96 94 
3 95 97 96 
3 95 98 97 
3 98 99 97 
3 98 100 99 
3 100 101 99 
3 100 102 101 
3 102 103 101 
3 102 104 103 
3 104 105 103 
3 104 106 105 
3 106 107 105 
3 106 108 107 
3 108 109 107 
3 108 110 109 
3 110 111 109 
3 110 112 111 
3 112 113 111 
3 112 114 113 
3 114 115 113 
3 114 116 115 
3 116 117 115 
3 116 118 117 
3 118 119 117 
3 32 120 33 
3 118 121 119 
3 122 108 123 
3 110 108 122 
3 122 124 110 
3 124 112 110 
3 124 125 112 
3 125 114 112 
3 125 126 114 
3 126 116 114 
3 126 127 116 
3 127 128 116 
3 128 118 116 
3 128 129 118 
3 129 121 118 
3 129 130 121 
3 130 131 121 
3 130 132 131 
3 132 133 131 
3 132 134 133 
3 134 135 133 
3 134 136 135 
3 136 137 135 
3 136 138 137 
3 138 139 137 
3 138 140 139 
3 140 141 139 
3 140 142 141 
3 142 143 141 
3 142 144 143 
3 144 145 143 
3 144 146 145 
3 146 147 145 
3 146 148 147 
3 148 149 147 
3 148 150 149 
3 150 151 149 
3 150 152 151 
3 152 153 151 
3 152 154 153 
3 154 155 153 
3 154 156 155 
3 156 157 155 
3 156 158 157 
3 158 159 157 
3 158 160 159 
3 160 161 159 
3 160 162 161 
3 162 163 161 
3 162 164 163 
3 164 165 163 
3 164 166 165 
3 166 167 165 
3 166 168 167 
3 168 169 167 
3 168 170 169 
3 170 171 169 
3 170 172 171 
3 172 173 171 
3 172 174 173 
3 174 175 173 
3 174 176 175 
3 176 177 175 
3 176 178 177 
3 178 179 177 
3 178 180 179 
3 180 181 179 
3 180 182 181 
3 182 183 181 
3 182 184 183 
3 184 185 183 
3 184 186 185 
3 186 187 185 
3 186 188 187 
3 188 189 187 
3 188 190 189 
3 190 0 189 
3 190 191 0 
3 191 3 0 
3 191 192 3 
3 192 5 3 
3 192 193 5 
3 193 7 5 
3 193 194 7 
3 194 9 7 
3 194 195 9 
3 195 11 9 
3 195 196 11 
3 196 13 11 
3 196 197 13 
3 197 15 13 
3 197 198 15 
3 198 17 15 
3 198 199 17 
3 108 106 123 
3 200 199 201 
3 202 199 200 
3 202 17 199 
3 202 203 17 
3 203 16 17 
3 203 204 16 
3 204 205 16 
3 201 206 200 
3 207 208 209 
3 210 211 208 
3 212 211 213 
3 214 212 215 
3 216 214 217 
3 218 216 219 
3 220 218 221 
3 222 220 223 
3 224 222 225 
3 226 227 228 
3 229 230 231 
3 232 233 230 
3 234 235 233 
3 236 237 235 
3 238 239 237 
3 240 241 239 
3 242 243 241 
3 244 245 243 
3 246 247 245 
3 248 249 247 
3 250 249 251 
3 252 250 253 
3 254 252 255 
3 256 254 257 
3 258 256 259 
3 260 258 261 
3 262 260 263 
3 264 262 265 
3 266 264 267 
3 268 266 269 
3 270 268 271 
3 272 270 273 
3 274 272 275 
3 276 274 277 
3 278 276 279 
3 280 278 281 
3 282 280 283 
3 284 282 285 
3 286 284 287 
3 288 286 289 
3 290 288 291 
3 292 290 293 
3 294 292 295 
3 296 294 297 
3 298 296 299 
3 300 298 301 
3 302 300 303 
3 304 302 305 
3 306 304 307 
3 308 306 309 
3 310 308 311 
3 312 310 313 
3 314 312 315 
3 316 314 317 
3 318 316 319 
3 320 318 321 
3 322 320 323 
3 324 322 325 
3 326 122 327 
3 328 124 122 
3 329 330 125 
3 126 125 330 
3 127 126 331 
3 128 127 332 
3 333 334 335 
3 336 333 337 
3 337 335 130 
3 338 337 129 
3 339 340 341 
3 334 339 342 
3 342 341 134 
3 335 342 132 
3 343 344 345 
3 340 343 346 
3 346 345 138 
3 341 346 136 
3 347 345 344 
3 140 138 345 
3 348 349 350 
3 351 348 352 
3 352 350 144 
3 347 352 142 
3 353 354 355 
3 349 353 356 
3 356 355 148 
3 350 356 146 
3 357 358 359 
3 354 357 360 
3 360 359 152 
3 355 360 150 
3 361 359 358 
3 154 152 359 
3 362 363 364 
3 365 362 366 
3 366 364 158 
3 361 366 156 
3 367 368 369 
3 363 367 370 
3 370 369 162 
3 364 370 160 
3 371 372 373 
3 368 371 374 
3 374 373 166 
3 369 374 164 
3 375 373 372 
3 168 166 373 
3 376 377 378 
3 379 376 380 
3 380 378 172 
3 375 380 170 
3 381 382 383 
3 377 381 384 
3 384 383 176 
3 378 384 174 
3 385 386 387 
3 382 385 388 
3 388 387 180 
3 383 388 178 
3 389 387 386 
3 182 180 387 
3 390 391 392 
3 393 390 394 
3 394 392 186 
3 389 394 184 
3 395 396 397 
3 391 395 398 
3 398 397 190 
3 392 398 188 
3 399 400 401 
3 396 399 402 
3 402 401 192 
3 397 402 191 
3 403 401 400 
3 193 192 401 
3 404 405 406 
3 407 404 408 
3 408 406 195 
3 403 408 194 
3 409 410 411 
3 405 409 412 
3 412 411 197 
3 406 412 196 
3 413 206 201 
3 410 413 414 
3 414 201 199 
3 411 414 198 
3 198 197 411 
3 199 198 414 
3 414 411 410 
3 201 414 413 
3 196 195 406 
3 197 196 412 
3 412 406 405 
3 411 412 409 
3 194 193 403 
3 195 194 408 
3 408 403 407 
3 406 408 404 
3 401 403 193 
3 400 407 403 
3 191 190 397 
3 192 191 402 
3 402 397 396 
3 401 402 399 
3 188 186 392 
3 190 188 398 
3 398 392 391 
3 397 398 395 
3 184 182 389 
3 186 184 394 
3 394 389 393 
3 392 394 390 
3 387 389 182 
3 386 393 389 
3 178 176 383 
3 180 178 388 
3 388 383 382 
3 387 388 385 
3 174 172 378 
3 176 174 384 
3 384 378 377 
3 383 384 381 
3 170 168 375 
3 172 170 380 
3 380 375 379 
3 378 380 376 
3 373 375 168 
3 372 379 375 
3 164 162 369 
3 166 164 374 
3 374 369 368 
3 373 374 371 
3 160 158 364 
3 162 160 370 
3 370 364 363 
3 369 370 367 
3 156 154 361 
3 158 156 366 
3 366 361 365 
3 364 366 362 
3 359 361 154 
3 358 365 361 
3 150 148 355 
3 152 150 360 
3 360 355 354 
3 359 360 357 
3 146 144 350 
3 148 146 356 
3 356 350 349 
3 355 356 353 
3 142 140 347 
3 144 142 352 
3 352 347 351 
3 350 352 348 
3 345 347 140 
3 344 351 347 
3 136 134 341 
3 138 136 346 
3 346 341 340 
3 345 346 343 
3 132 130 335 
3 134 132 342 
3 342 335 334 
3 341 342 339 
3 129 128 338 
3 130 129 337 
3 337 338 336 
3 335 337 333 
3 336 338 332 
3 332 338 128 
3 331 332 127 
3 330 331 126 
3 328 329 124 
3 124 329 125 
3 326 328 122 
3 415 326 327 
3 327 324 415 
3 415 324 325 
3 323 325 322 
3 321 323 320 
3 319 321 318 
3 317 319 316 
3 315 317 314 
3 313 315 312 
3 311 313 310 
3 309 311 308 
3 307 309 306 
3 305 307 304 
3 303 305 302 
3 301 303 300 
3 299 301 298 
3 297 299 296 
3 295 297 294 
3 293 295 292 
3 291 293 290 
3 289 291 288 
3 287 289 286 
3 285 287 284 
3 283 285 282 
3 281 283 280 
3 279 281 278 
3 277 279 276 
3 275 277 274 
3 273 275 272 
3 271 273 270 
3 269 271 268 
3 267 269 266 
3 265 267 264 
3 263 265 262 
3 261 263 260 
3 259 261 258 
3 257 259 256 
3 255 257 254 
3 253 255 252 
3 251 253 250 
3 416 248 247 
3 248 251 249 
3 246 416 247 
3 244 246 245 
3 242 244 243 
3 240 242 241 
3 238 240 239 
3 236 238 237 
3 234 236 235 
3 232 234 233 
3 229 232 230 
3 228 229 231 
3 417 226 228 
3 226 224 227 
3 231 417 228 
3 225 227 224 
3 223 225 222 
3 221 223 220 
3 219 221 218 
3 217 219 216 
3 215 217 214 
3 213 215 212 
3 210 213 211 
3 207 210 208 
3 418 207 209 
3 419 200 206 
3 420 421 202 
3 203 421 422 
3 203 202 421 
3 204 203 422 
3 200 420 202 
3 419 420 200 
3 423 419 206 
3 419 423 424 
3 425 426 421 
3 427 425 420 
3 420 425 421 
3 420 419 427 
3 427 419 424 
3 428 429 430 
3 431 429 428 
3 431 432 429 
3 431 433 432 
3 433 434 432 
3 433 435 434 
3 433 436 435 
3 435 437 434 
3 435 438 437 
3 436 438 435 
3 436 439 438 
3 439 440 438 
3 438 441 437 
3 440 441 438 
3 439 442 440 
3 440 443 441 
3 440 444 443 
3 442 444 440 
3 444 445 443 
3 442 446 444 
3 444 447 445 
3 446 447 444 
3 446 448 447 
3 447 449 445 
3 447 450 449 
3 448 450 447 
3 448 451 450 
3 450 452 449 
3 450 453 452 
3 451 453 450 
3 451 454 453 
3 453 455 452 
3 453 456 455 
3 454 456 453 
3 454 457 456 
3 456 458 455 
3 456 459 458 
3 457 459 456 
3 457 460 459 
3 459 461 458 
3 459 462 461 
3 460 462 459 
3 460 463 462 
3 462 464 461 
3 462 465 464 
3 463 465 462 
3 463 466 465 
3 465 467 464 
3 465 468 467 
3 466 468 465 
3 466 469 468 
3 468 470 467 
3 468 471 470 
3 469 471 468 
3 469 472 471 
3 471 473 470 
3 471 474 473 
3 472 474 471 
3 474 475 473 
3 472 476 474 
3 474 477 475 
3 476 477 474 
3 477 478 475 
3 476 479 477 
3 477 480 478 
3 479 480 477 
3 480 481 478 
3 479 482 480 
3 480 483 481 
3 482 483 480 
3 483 484 481 
3 482 485 483 
3 483 486 484 
3 485 486 483 
3 486 487 484 
3 485 488 486 
3 486 489 487 
3 488 489 486 
3 489 490 487 
3 488 491 489 
3 489 492 490 
3 491 492 489 
3 492 493 490 
3 491 494 492 
3 492 495 493 
3 494 495 492 
3 495 496 493 
3 494 497 495 
3 495 498 496 
3 497 498 495 
3 498 499 496 
3 497 500 498 
3 498 501 499 
3 500 501 498 
3 501 502 499 
3 500 503 501 
3 501 504 502 
3 503 504 501 
3 504 505 502 
3 503 506 504 
3 504 507 505 
3 506 507 504 
3 507 508 505 
3 506 509 507 
3 507 510 508 
3 509 510 507 
3 510 511 508 
3 509 512 510 
3 510 513 511 
3 512 513 510 
3 513 514 511 
3 512 515 513 
3 513 516 514 
3 515 516 513 
3 516 517 514 
3 515 518 516 
3 516 519 517 
3 518 519 516 
3 519 520 517 
3 518 521 519 
3 519 522 520 
3 521 522 519 
3 522 523 520 
3 521 524 522 
3 522 525 523 
3 524 525 522 
3 429 526 430 
3 430 527 428 
3 430 528 527 
3 526 528 430 
3 526 529 528 
3 528 530 527 
3 528 531 530 
3 529 531 528 
3 529 532 531 
3 531 533 530 
3 531 534 533 
3 532 534 531 
3 532 535 534 
3 534 536 533 
3 534 537 536 
3 535 537 534 
3 535 538 537 
3 537 539 536 
3 537 540 539 
3 538 540 537 
3 540 541 539 
3 540 542 541 
3 540 543 542 
3 538 543 540 
3 543 544 542 
3 542 545 541 
3 542 546 545 
3 544 546 542 
3 544 547 546 
3 546 548 545 
3 546 549 548 
3 547 549 546 
3 547 550 549 
3 549 551 548 
3 549 552 551 
3 550 552 549 
3 550 553 552 
3 552 554 551 
3 552 555 554 
3 553 555 552 
3 553 556 555 
3 555 557 554 
3 555 558 557 
3 556 558 555 
3 556 559 558 
3 558 560 557 
3 558 561 560 
3 559 561 558 
3 559 562 561 
3 561 563 560 
3 561 564 563 
3 562 564 561 
3 562 565 564 
3 564 566 563 
3 564 567 566 
3 565 567 564 
3 565 568 567 
3 567 569 566 
3 567 570 569 
3 568 570 567 
3 568 571 570 
3 570 572 569 
3 570 573 572 
3 571 573 570 
3 571 574 573 
3 573 575 572 
3 573 574 575 
3 574 576 575 
3 574 577 576 
3 576 578 575 
3 576 577 578 
3 577 579 578 
3 577 580 579 
3 579 581 578 
3 579 580 581 
3 580 582 581 
3 525 583 523 
3 524 584 525 
3 525 585 583 
3 584 585 525 
3 585 586 583 
3 584 587 585 
3 585 588 586 
3 587 588 585 
3 588 589 586 
3 587 590 588 
3 588 591 589 
3 590 591 588 
3 591 592 589 
3 590 593 591 
3 591 594 592 
3 593 594 591 
3 580 595 582 
3 582 596 581 
3 582 597 596 
3 595 597 582 
3 594 598 592 
3 593 599 594 
3 594 600 598 
3 599 600 594 
3 600 601 598 
3 599 602 600 
3 600 603 601 
3 602 603 600 
3 602 604 603 
3 604 605 603 
3 604 606 605 
3 606 607 605 
3 603 608 601 
3 605 608 603 
3 605 609 608 
3 607 609 605 
3 595 610 597 
3 597 611 596 
3 597 612 611 
3 610 612 597 
3 610 613 612 
3 613 614 612 
3 612 615 611 
3 614 615 612 
3 613 616 614 
3 614 617 615 
3 616 617 614 
3 606 618 607 
3 607 619 609 
3 618 619 607 
3 618 620 619 
3 616 621 617 
3 622 418 623 
3 418 624 623 
3 624 418 209 
3 622 625 418 
3 625 626 418 
3 624 627 623 
3 625 628 626 
3 629 628 625 
3 625 630 629 
3 622 630 625 
3 631 418 626 
3 207 418 631 
3 632 633 634 
3 635 633 632 
3 634 636 632 
3 637 638 639 
3 640 638 637 
3 640 641 638 
3 640 642 641 
3 642 643 641 
3 642 644 643 
3 644 645 643 
3 644 646 645 
3 646 647 645 
3 646 648 647 
3 648 649 647 
3 648 650 649 
3 650 651 649 
3 650 652 651 
3 652 653 651 
3 652 654 653 
3 654 655 653 
3 654 656 655 
3 656 657 655 
3 656 658 657 
3 658 659 657 
3 658 660 659 
3 660 661 659 
3 660 662 661 
3 662 663 661 
3 662 664 663 
3 662 665 664 
3 665 620 664 
3 665 666 620 
3 666 619 620 
3 639 667 637 
3 668 669 670 
3 668 671 669 
3 671 672 669 
3 671 673 672 
3 673 674 672 
3 673 675 674 
3 675 676 674 
3 675 677 676 
3 677 678 676 
3 677 679 678 
3 679 680 678 
3 680 681 682 
3 679 681 680 
3 681 683 682 
3 681 684 683 
3 684 685 683 
3 686 687 688 
3 689 687 686 
3 686 690 689 
3 690 691 689 
3 690 692 691 
3 692 693 691 
3 692 694 693 
3 694 695 693 
3 694 696 695 
3 696 697 695 
3 696 698 697 
3 688 699 686 
3 686 700 690 
3 699 700 686 
3 690 701 692 
3 700 701 690 
3 692 702 694 
3 701 702 692 
3 694 703 696 
3 702 703 694 
3 703 704 696 
3 704 698 696 
3 698 705 697 
3 704 706 698 
3 698 707 705 
3 706 707 698 
3 688 708 699 
3 687 709 688 
3 688 710 708 
3 709 710 688 
3 710 711 708 
3 709 712 710 
3 710 713 711 
3 712 713 710 
3 713 714 711 
3 713 715 714 
3 715 716 714 
3 715 717 716 
3 713 718 715 
3 712 718 713 
3 715 719 717 
3 718 719 715 
3 719 720 717 
3 717 721 716 
3 720 721 717 
3 720 722 721 
3 720 723 722 
3 723 724 722 
3 723 725 724 
3 725 726 724 
3 725 727 726 
3 727 728 726 
3 727 729 728 
3 729 730 728 
3 729 731 730 
3 731 732 730 
3 731 733 732 
3 733 734 732 
3 733 735 734 
3 735 736 734 
3 735 737 736 
3 737 738 736 
3 737 739 738 
3 739 740 738 
3 739 741 740 
3 741 742 740 
3 741 743 742 
3 743 744 742 
3 743 745 744 
3 745 746 744 
3 745 747 746 
3 747 748 746 
3 747 749 748 
3 749 750 748 
3 749 751 750 
3 751 752 750 
3 751 753 752 
3 753 754 752 
3 753 755 754 
3 755 756 754 
3 755 757 756 
3 757 758 756 
3 757 759 758 
3 759 760 758 
3 759 761 760 
3 761 762 760 
3 761 763 762 
3 763 764 762 
3 763 765 764 
3 765 766 764 
3 765 767 766 
3 767 768 766 
3 767 769 768 
3 769 770 768 
3 769 771 770 
3 771 772 770 
3 771 773 772 
3 773 774 772 
3 773 775 774 
3 775 776 774 
3 775 777 776 
3 777 778 776 
3 777 779 778 
3 779 780 778 
3 779 781 780 
3 781 782 780 
3 781 783 782 
3 783 784 782 
3 783 785 784 
3 785 786 784 
3 785 787 786 
3 787 788 786 
3 787 789 788 
3 789 790 788 
3 789 791 790 
3 791 792 790 
3 791 793 792 
3 793 794 792 
3 793 795 794 
3 795 796 794 
3 795 797 796 
3 797 798 796 
3 797 799 798 
3 799 800 798 
3 799 801 800 
3 801 802 800 
3 801 803 802 
3 803 804 802 
3 803 805 804 
3 805 806 804 
3 805 807 806 
3 807 808 806 
3 807 809 808 
3 809 810 808 
3 809 811 810 
3 811 685 810 
3 685 812 683 
3 811 812 685 
3 683 813 682 
3 812 813 683 
3 682 814 680 
3 813 814 682 
3 680 815 678 
3 814 815 680 
3 678 816 676 
3 815 816 678 
3 676 817 674 
3 816 817 676 
3 674 818 672 
3 817 818 674 
3 672 819 669 
3 818 819 672 
3 670 820 668 
3 670 821 820 
3 707 822 705 
3 706 823 707 
3 707 824 822 
3 823 824 707 
3 669 825 670 
3 819 825 669 
3 670 826 821 
3 825 826 670 
3 826 427 821 
3 821 424 820 
3 427 424 821 
3 824 827 822 
3 824 828 827 
3 823 828 824 
3 826 425 427 
3 828 829 827 
3 830 831 832 
3 833 831 830 
3 830 834 833 
3 830 835 834 
3 830 836 835 
3 830 837 836 
3 832 837 830 
3 831 838 832 
3 832 839 837 
3 838 840 832 
3 840 839 832 
3 839 841 837 
3 837 842 836 
3 841 842 837 
3 831 630 838 
3 833 630 831 
3 833 629 630 
3 833 843 629 
3 834 843 833 
3 834 844 843 
3 834 845 844 
3 835 845 834 
3 835 846 845 
3 836 846 835 
3 836 847 846 
3 842 847 836 
3 630 622 838 
3 838 623 840 
3 622 623 838 
3 623 627 840 
3 840 848 839 
3 627 848 840 
3 842 849 847 
3 842 850 849 
3 841 850 842 
3 841 851 850 
3 841 852 851 
3 839 852 841 
3 839 853 852 
3 848 853 839 
3 854 855 856 
3 857 855 854 
3 857 858 855 
3 857 859 858 
3 859 224 858 
3 859 860 224 
3 860 222 224 
3 860 861 222 
3 861 220 222 
3 861 862 220 
3 862 218 220 
3 862 863 218 
3 863 216 218 
3 863 864 216 
3 864 214 216 
3 864 865 214 
3 865 212 214 
3 865 211 212 
3 865 866 211 
3 866 208 211 
3 866 867 208 
3 867 209 208 
3 867 868 209 
3 868 624 209 
3 868 869 624 
3 869 627 624 
3 869 870 627 
3 858 226 855 
3 224 226 858 
3 855 417 856 
3 226 417 855 
3 856 871 854 
3 856 231 871 
3 417 231 856 
3 869 872 870 
3 870 848 627 
3 870 873 848 
3 872 873 870 
3 873 853 848 
3 231 230 871 
3 874 875 876 
3 874 877 878 
3 879 880 878 
3 881 882 883 
3 882 884 885 
3 884 886 887 
3 886 888 889 
3 890 888 891 
3 892 893 894 
3 895 896 897 
3 898 897 896 
3 899 891 900 
3 898 899 900 
3 899 898 896 
3 892 895 897 
3 895 892 894 
3 901 890 891 
3 890 889 888 
3 899 901 891 
3 887 886 889 
3 885 884 887 
3 883 882 885 
3 880 881 883 
3 879 881 880 
3 877 879 878 
3 875 874 878 
3 902 874 876 
3 903 902 876 
3 904 893 905 
3 906 893 904 
3 906 907 893 
3 906 908 907 
3 908 909 907 
3 908 910 909 
3 910 911 909 
3 910 912 911 
3 912 913 911 
3 912 914 913 
3 912 915 914 
3 915 916 914 
3 914 917 913 
3 916 917 914 
3 916 918 917 
3 915 919 916 
3 916 920 918 
3 919 920 916 
3 893 892 905 
3 905 921 904 
3 905 922 921 
3 892 922 905 
3 920 923 918 
3 919 924 920 
3 920 925 923 
3 924 925 920 
3 892 897 922 
3 897 926 922 
3 922 927 921 
3 926 927 922 
3 897 898 926 
3 926 928 927 
3 898 928 926 
3 925 929 923 
3 925 930 929 
3 924 930 925 
3 898 900 928 
3 930 931 929 
3 351 932 933 
3 344 932 351 
3 344 934 932 
3 344 343 934 
3 343 935 934 
3 343 340 935 
3 340 936 935 
3 340 339 936 
3 339 937 936 
3 339 334 937 
3 334 938 937 
3 334 333 938 
3 333 939 938 
3 333 336 939 
3 336 940 939 
3 336 941 940 
3 336 332 941 
3 941 942 940 
3 941 943 942 
3 332 943 941 
3 332 331 943 
3 943 944 942 
3 943 945 944 
3 331 945 943 
3 331 330 945 
3 945 946 944 
3 945 947 946 
3 330 947 945 
3 932 948 933 
3 933 348 351 
3 933 949 348 
3 948 949 933 
3 947 950 946 
3 949 349 348 
3 329 950 947 
3 328 950 329 
3 328 951 950 
3 328 326 951 
3 326 952 951 
3 326 415 952 
3 415 953 952 
3 415 325 953 
3 325 954 953 
3 325 323 954 
3 323 955 954 
3 323 321 955 
3 321 956 955 
3 321 319 956 
3 319 957 956 
3 319 317 957 
3 317 958 957 
3 317 315 958 
3 315 959 958 
3 315 313 959 
3 313 960 959 
3 313 311 960 
3 311 961 960 
3 311 309 961 
3 309 962 961 
3 309 307 962 
3 307 963 962 
3 307 305 963 
3 305 964 963 
3 305 303 964 
3 303 965 964 
3 303 301 965 
3 301 966 965 
3 301 299 966 
3 299 967 966 
3 299 297 967 
3 297 968 967 
3 297 295 968 
3 295 969 968 
3 295 293 969 
3 293 970 969 
3 293 291 970 
3 291 971 970 
3 291 289 971 
3 289 972 971 
3 289 287 972 
3 287 973 972 
3 287 285 973 
3 285 974 973 
3 285 283 974 
3 283 975 974 
3 283 281 975 
3 281 976 975 
3 281 279 976 
3 279 977 976 
3 279 277 977 
3 277 978 977 
3 277 275 978 
3 275 979 978 
3 275 273 979 
3 273 980 979 
3 273 271 980 
3 271 981 980 
3 271 269 981 
3 269 982 981 
3 269 267 982 
3 267 983 982 
3 267 265 983 
3 265 984 983 
3 265 263 984 
3 263 985 984 
3 263 261 985 
3 261 986 985 
3 261 259 986 
3 259 987 986 
3 259 257 987 
3 257 988 987 
3 257 255 988 
3 255 989 988 
3 255 253 989 
3 253 990 989 
3 253 251 990 
3 251 991 990 
3 251 248 991 
3 248 992 991 
3 248 416 992 
3 416 993 992 
3 416 246 993 
3 246 994 993 
3 246 244 994 
3 244 995 994 
3 244 242 995 
3 242 996 995 
3 242 240 996 
3 240 997 996 
3 240 238 997 
3 238 998 997 
3 238 236 998 
3 236 999 998 
3 236 234 999 
3 234 1000 999 
3 234 232 1000 
3 232 1001 1000 
3 232 229 1001 
3 229 1002 1001 
3 229 228 1002 
3 228 1003 1002 
3 228 227 1003 
3 227 1004 1003 
3 227 225 1004 
3 225 1005 1004 
3 225 223 1005 
3 223 1006 1005 
3 223 221 1006 
3 221 1007 1006 
3 221 219 1007 
3 219 1008 1007 
3 219 217 1008 
3 217 1009 1008 
3 217 215 1009 
3 215 1010 1009 
3 215 213 1010 
3 213 1011 1010 
3 213 210 1011 
3 210 1012 1011 
3 210 207 1012 
3 207 1013 1012 
3 207 631 1013 
3 631 626 1013 
3 947 330 329 
3 1014 609 619 
3 1015 609 1014 
3 1015 608 609 
3 1015 1016 608 
3 1016 601 608 
3 1016 1017 601 
3 1017 598 601 
3 1017 1018 598 
3 1018 592 598 
3 1018 1019 592 
3 1019 589 592 
3 1019 1020 589 
3 1020 586 589 
3 1020 1021 586 
3 1021 583 586 
3 1021 1022 583 
3 1022 523 583 
3 1022 1023 523 
3 1023 520 523 
3 1023 1024 520 
3 1024 517 520 
3 1024 1025 517 
3 1025 514 517 
3 1025 1026 514 
3 1026 511 514 
3 1026 1027 511 
3 1027 508 511 
3 1027 1028 508 
3 1028 505 508 
3 1028 1029 505 
3 1029 502 505 
3 1029 1030 502 
3 1030 499 502 
3 1030 1031 499 
3 1031 496 499 
3 1031 1032 496 
3 1032 493 496 
3 1032 1033 493 
3 1033 490 493 
3 1033 1034 490 
3 1034 487 490 
3 1034 1035 487 
3 1035 484 487 
3 1035 1036 484 
3 1036 481 484 
3 1036 1037 481 
3 1037 478 481 
3 1037 1038 478 
3 1038 475 478 
3 1038 1039 475 
3 1039 473 475 
3 1039 1040 473 
3 1040 470 473 
3 1040 1041 470 
3 1041 467 470 
3 1041 1042 467 
3 1042 464 467 
3 1042 1043 464 
3 1043 461 464 
3 1043 1044 461 
3 1044 458 461 
3 1044 1045 458 
3 1045 455 458 
3 1045 1046 455 
3 1046 452 455 
3 1046 1047 452 
3 1047 449 452 
3 1047 1048 449 
3 1048 445 449 
3 1048 1049 445 
3 1049 443 445 
3 1049 1050 443 
3 1050 441 443 
3 1050 1051 441 
3 1051 1052 441 
3 1052 437 441 
3 1052 1053 437 
3 1053 434 437 
3 1053 1054 434 
3 1054 432 434 
3 1054 1055 432 
3 1055 429 432 
3 1055 1056 429 
3 1056 526 429 
3 1056 1057 526 
3 1057 529 526 
3 1057 1058 529 
3 1058 532 529 
3 1058 1059 532 
3 1059 535 532 
3 1059 1060 535 
3 1060 538 535 
3 1060 543 538 
3 619 666 1014 
3 1061 1062 1063 
3 1064 1062 1061 
3 1061 1065 1064 
3 1061 1066 1065 
3 1066 1067 1065 
3 1066 1068 1067 
3 1068 1069 1067 
3 1068 1070 1069 
3 1070 1071 1069 
3 1070 1072 1071 
3 1072 1073 1071 
3 1073 1074 1071 
3 1073 1075 1074 
3 1075 1076 1074 
3 1075 1077 1076 
3 1077 1078 1076 
3 1077 1079 1078 
3 1079 1080 1078 
3 1079 1081 1080 
3 1081 1082 1080 
3 1081 1083 1082 
3 1083 1084 1082 
3 1083 1085 1084 
3 1085 1086 1084 
3 1085 1087 1086 
3 1087 1088 1086 
3 1087 1089 1088 
3 1089 1090 1088 
3 1089 1091 1090 
3 1091 206 1090 
3 1091 423 206 
3 1062 1092 1063 
3 1044 1093 1094 
3 1043 1093 1044 
3 1043 1095 1093 
3 1043 1042 1095 
3 1042 1096 1095 
3 1042 1041 1096 
3 1041 1097 1096 
3 1041 1040 1097 
3 1040 1098 1097 
3 1040 1039 1098 
3 1039 1099 1098 
3 1039 1100 1099 
3 1100 1101 1099 
3 1100 1102 1101 
3 1102 1103 1101 
3 1102 1104 1103 
3 1104 1105 1103 
3 1104 1106 1105 
3 1106 1107 1105 
3 1106 1108 1107 
3 1108 1109 1107 
3 1108 1110 1109 
3 1110 1111 1109 
3 1110 1112 1111 
3 1112 1113 1111 
3 1112 1114 1113 
3 1114 1115 1113 
3 1114 1116 1115 
3 1116 1117 1115 
3 1116 1118 1117 
3 1118 1119 1117 
3 1118 1120 1119 
3 1120 1121 1119 
3 1120 1122 1121 
3 1122 1123 1121 
3 1122 1124 1123 
3 1124 1125 1123 
3 1124 1126 1125 
3 1126 1127 1125 
3 1126 1128 1127 
3 1128 1129 1127 
3 1128 1130 1129 
3 1130 1131 1129 
3 1130 1132 1131 
3 1132 1133 1131 
3 1132 1134 1133 
3 1134 1135 1133 
3 1134 1136 1135 
3 1136 1137 1135 
3 1136 1138 1137 
3 1138 1139 1137 
3 1138 1140 1139 
3 1140 1141 1139 
3 1140 1142 1141 
3 1142 1143 1141 
3 1142 1144 1143 
3 1144 1145 1143 
3 1144 1146 1145 
3 1146 1147 1145 
3 1146 1148 1147 
3 1148 1149 1147 
3 1148 1150 1149 
3 1150 1151 1149 
3 1150 1152 1151 
3 1152 1153 1151 
3 1152 1154 1153 
3 1154 1155 1153 
3 1154 1156 1155 
3 1156 1157 1155 
3 1156 1158 1157 
3 1156 1159 1158 
3 1159 1160 1158 
3 1159 1161 1160 
3 1161 1162 1160 
3 1161 1163 1162 
3 1163 1164 1162 
3 1163 1165 1164 
3 1165 1166 1164 
3 1165 1167 1166 
3 1167 1168 1166 
3 1167 1169 1168 
3 1169 1170 1168 
3 1169 1171 1170 
3 1171 1092 1170 
3 1171 1172 1092 
3 1172 1063 1092 
3 1172 1173 1063 
3 1173 1061 1063 
3 1173 1174 1061 
3 1174 1066 1061 
3 1174 1175 1066 
3 1175 1068 1066 
3 1175 1176 1068 
3 1176 1070 1068 
3 1176 1177 1070 
3 1177 1072 1070 
3 1177 1178 1072 
3 1178 1073 1072 
3 1178 1179 1073 
3 1179 1075 1073 
3 1179 1180 1075 
3 1180 1077 1075 
3 1180 1181 1077 
3 1181 1079 1077 
3 1181 1182 1079 
3 1182 1081 1079 
3 1182 1183 1081 
3 1183 1083 1081 
3 1183 1184 1083 
3 1184 1085 1083 
3 1184 1185 1085 
3 1185 1087 1085 
3 1185 1186 1087 
3 1186 1089 1087 
3 1186 1187 1089 
3 1187 1091 1089 
3 1187 424 1091 
3 424 423 1091 
3 1094 1045 1044 
3 1094 1188 1045 
3 1188 1046 1045 
3 1188 1189 1046 
3 1189 1047 1046 
3 1189 1190 1047 
3 1190 1048 1047 
3 1190 1191 1048 
3 1191 1049 1048 
3 1191 1192 1049 
3 1192 1050 1049 
3 1192 1051 1050 
3 1193 1194 1195 
3 1196 1195 1194 
3 1197 1198 1199 
3 1200 1198 1197 
3 1200 1201 1198 
3 1201 1202 1198 
3 1198 1203 1199 
3 1202 1203 1198 
3 1203 1193 1199 
3 1203 1204 1193 
3 1193 1205 1199 
3 1193 1195 1205 
3 1204 1194 1193 
3 1204 1206 1194 
3 1206 1207 1194 
3 1207 1196 1194 
3 1195 1208 1205 
3 1196 1208 1195 
3 1199 1209 1197 
3 1205 1209 1199 
3 1205 1210 1209 
3 1208 1210 1205 
3 1197 1211 1200 
3 1197 1212 1211 
3 1209 1212 1197 
3 1209 1213 1212 
3 1210 1213 1209 
3 1213 1214 1212 
3 1212 1215 1211 
3 1214 1215 1212 
3 1215 1216 1211 
3 1211 1217 1200 
3 1216 1217 1211 
3 1200 1218 1201 
3 1217 1218 1200 
3 1214 1219 1215 
3 1215 1220 1216 
3 1219 1220 1215 
3 1216 1221 1217 
3 1220 1221 1216 
3 1217 1222 1218 
3 1221 1222 1217 
3 1204 1223 1206 
3 1206 1224 1207 
3 1206 1225 1224 
3 1223 1225 1206 
3 1220 1226 1221 
3 1221 1227 1222 
3 1226 1227 1221 
3 1220 1228 1226 
3 1219 1228 1220 
3 1228 1229 1226 
3 1226 1230 1227 
3 1229 1230 1226 
3 1228 1231 1229 
3 1231 1232 1229 
3 1229 1233 1230 
3 1232 1233 1229 
3 1231 1234 1232 
3 1232 1235 1233 
3 1234 1235 1232 
3 1225 1236 1224 
3 1225 638 1236 
3 1237 1238 1239 
3 1240 1238 1237 
3 638 641 1236 
3 641 1241 1236 
3 641 643 1241 
3 643 1242 1241 
3 1242 645 1243 
3 643 645 1242 
3 1243 647 1244 
3 645 647 1243 
3 647 649 1244 
3 649 1245 1244 
3 649 651 1245 
3 651 1246 1245 
3 651 653 1246 
3 653 1247 1246 
3 653 655 1247 
3 655 1248 1247 
3 655 657 1248 
3 657 1249 1248 
3 657 659 1249 
3 659 1250 1249 
3 659 661 1250 
3 661 1251 1250 
3 661 663 1251 
3 663 1252 1251 
3 663 664 1252 
3 664 1253 1252 
3 664 620 1253 
3 620 1254 1253 
3 620 618 1254 
3 618 776 1254 
3 572 1255 1256 
3 575 1255 572 
3 575 1257 1255 
3 575 578 1257 
3 1237 1258 1240 
3 1258 1259 1240 
3 1258 1260 1259 
3 1260 1261 1259 
3 1260 1262 1261 
3 1262 1263 1261 
3 1262 1264 1263 
3 1264 1265 1263 
3 1264 1266 1265 
3 1266 1267 1265 
3 1266 1268 1267 
3 1268 1269 1267 
3 1268 1270 1269 
3 1270 1271 1269 
3 1270 1272 1271 
3 1272 1273 1271 
3 1272 1274 1273 
3 1274 1275 1273 
3 1274 1276 1275 
3 1276 1277 1275 
3 1276 1278 1277 
3 1278 1279 1277 
3 1278 1280 1279 
3 1280 1281 1279 
3 1280 1282 1281 
3 1282 1283 1281 
3 1282 1284 1283 
3 1284 1285 1283 
3 1284 1286 1285 
3 1286 1287 617 
3 1286 617 1285 
3 1287 615 617 
3 1287 1288 615 
3 1288 611 615 
3 1288 120 611 
3 120 596 611 
3 120 32 596 
3 32 581 596 
3 32 30 581 
3 30 578 581 
3 578 24 1257 
3 30 24 578 
3 1257 25 1255 
3 24 25 1257 
3 1255 19 1256 
3 25 19 1255 
3 1256 569 572 
3 1256 18 569 
3 19 18 1256 
3 18 1289 569 
3 1289 566 569 
3 1289 1290 566 
3 1290 563 566 
3 1290 1291 563 
3 1291 560 563 
3 1291 1292 560 
3 1292 557 560 
3 1292 1293 557 
3 1293 554 557 
3 1293 1294 554 
3 1294 551 554 
3 1294 1295 551 
3 1295 548 551 
3 1295 1296 548 
3 1296 545 548 
3 1296 1297 545 
3 1297 541 545 
3 1297 1298 541 
3 1298 539 541 
3 1298 1299 539 
3 1299 536 539 
3 1299 1300 536 
3 1300 533 536 
3 1300 1301 533 
3 1301 530 533 
3 1301 1302 530 
3 1302 527 530 
3 1302 829 527 
3 829 428 527 
3 829 828 428 
3 828 431 428 
3 828 823 431 
3 823 433 431 
3 823 706 433 
3 706 436 433 
3 706 704 436 
3 704 439 436 
3 704 703 439 
3 703 442 439 
3 703 702 442 
3 702 446 442 
3 702 701 446 
3 701 448 446 
3 701 700 448 
3 700 451 448 
3 700 699 451 
3 699 454 451 
3 699 708 454 
3 708 457 454 
3 708 711 457 
3 711 460 457 
3 711 714 460 
3 714 463 460 
3 714 716 463 
3 716 466 463 
3 716 721 466 
3 721 469 466 
3 721 722 469 
3 722 472 469 
3 722 724 472 
3 724 476 472 
3 724 726 476 
3 726 479 476 
3 726 728 479 
3 728 482 479 
3 728 730 482 
3 730 485 482 
3 730 732 485 
3 732 488 485 
3 732 734 488 
3 734 491 488 
3 734 736 491 
3 736 494 491 
3 736 738 494 
3 738 497 494 
3 738 740 497 
3 740 500 497 
3 740 742 500 
3 742 503 500 
3 742 744 503 
3 744 506 503 
3 744 746 506 
3 746 509 506 
3 746 748 509 
3 748 512 509 
3 748 750 512 
3 750 515 512 
3 750 752 515 
3 752 518 515 
3 752 754 518 
3 754 521 518 
3 754 756 521 
3 756 524 521 
3 756 758 524 
3 758 584 524 
3 758 760 584 
3 760 587 584 
3 760 762 587 
3 762 590 587 
3 762 764 590 
3 764 593 590 
3 764 766 593 
3 766 599 593 
3 766 768 599 
3 768 602 599 
3 768 770 602 
3 770 604 602 
3 770 772 604 
3 772 606 604 
3 772 774 606 
3 774 618 606 
3 774 776 618 
3 1254 778 1253 
3 776 778 1254 
3 1253 780 1252 
3 778 780 1253 
3 1252 782 1251 
3 780 782 1252 
3 1251 784 1250 
3 782 784 1251 
3 1250 786 1249 
3 784 786 1250 
3 1249 788 1248 
3 786 788 1249 
3 1248 790 1247 
3 788 790 1248 
3 1247 792 1246 
3 790 792 1247 
3 1246 794 1245 
3 792 794 1246 
3 1245 796 1244 
3 794 796 1245 
3 1244 798 1243 
3 796 798 1244 
3 1243 800 1242 
3 798 800 1243 
3 1242 802 1241 
3 800 802 1242 
3 1241 804 1236 
3 802 804 1241 
3 1236 806 1224 
3 804 806 1236 
3 1225 639 638 
3 1223 639 1225 
3 1223 667 639 
3 1204 667 1223 
3 1204 1303 667 
3 1203 1303 1204 
3 1224 808 1207 
3 806 808 1224 
3 1207 810 1196 
3 808 810 1207 
3 1196 685 1208 
3 810 685 1196 
3 1208 684 1210 
3 685 684 1208 
3 1210 681 1213 
3 684 681 1210 
3 1213 679 1214 
3 681 679 1213 
3 1214 677 1219 
3 679 677 1214 
3 1219 675 1228 
3 677 675 1219 
3 617 621 1285 
3 1285 1304 1283 
3 621 1304 1285 
3 1283 1305 1281 
3 1304 1305 1283 
3 1203 1306 1303 
3 1202 1306 1203 
3 1201 1179 1202 
3 1202 1178 1306 
3 1179 1178 1202 
3 1201 1180 1179 
3 1218 1180 1201 
3 1228 673 1231 
3 675 673 1228 
3 1231 671 1234 
3 673 671 1231 
3 671 668 1234 
3 1234 1307 1235 
3 668 1307 1234 
3 1281 1308 1279 
3 1305 1308 1281 
3 1279 1309 1277 
3 1308 1309 1279 
3 1277 1310 1275 
3 1309 1310 1277 
3 1275 1311 1273 
3 1310 1311 1275 
3 1273 1312 1271 
3 1311 1312 1273 
3 1271 1313 1269 
3 1312 1313 1271 
3 1269 1314 1267 
3 1313 1314 1269 
3 1267 1315 1265 
3 1314 1315 1267 
3 1265 1316 1263 
3 1315 1316 1265 
3 1263 1317 1261 
3 1316 1317 1263 
3 1218 1181 1180 
3 1222 1181 1218 
3 1222 1182 1181 
3 1227 1182 1222 
3 1227 1183 1182 
3 1230 1183 1227 
3 1230 1184 1183 
3 1233 1184 1230 
3 1233 1185 1184 
3 1235 1185 1233 
3 1235 1186 1185 
3 1307 1186 1235 
3 668 820 1307 
3 1307 1187 1186 
3 820 1187 1307 
3 1261 1318 1259 
3 1317 1318 1261 
3 1259 1319 1240 
3 1318 1319 1259 
3 1240 1320 1238 
3 1319 1320 1240 
3 1238 1321 1239 
3 1320 1321 1238 
3 1239 636 1237 
3 1239 632 636 
3 1239 1322 632 
3 1321 1322 1239 
3 820 424 1187 
3 1322 635 632 
3 1323 1324 1122 
3 1027 1324 1323 
3 1122 1120 1323 
3 1323 1028 1027 
3 1323 1325 1028 
3 1120 1325 1323 
3 1120 1118 1325 
3 1325 1029 1028 
3 1325 1326 1029 
3 1118 1326 1325 
3 1118 1116 1326 
3 1326 1030 1029 
3 1326 1327 1030 
3 1116 1327 1326 
3 1327 1031 1030 
3 1116 1114 1327 
3 1327 1328 1031 
3 1114 1328 1327 
3 1328 1032 1031 
3 1114 1112 1328 
3 1328 1329 1032 
3 1112 1329 1328 
3 1329 1033 1032 
3 1112 1110 1329 
3 1329 1330 1033 
3 1110 1330 1329 
3 1330 1034 1033 
3 1110 1108 1330 
3 1330 1331 1034 
3 1108 1331 1330 
3 1331 1035 1034 
3 1108 1106 1331 
3 1331 1332 1035 
3 1106 1332 1331 
3 1332 1036 1035 
3 1106 1104 1332 
3 1332 1333 1036 
3 1104 1333 1332 
3 1027 1026 1324 
3 1324 1124 1122 
3 1324 1334 1124 
3 1026 1334 1324 
3 1333 1037 1036 
3 1104 1102 1333 
3 1333 1335 1037 
3 1102 1335 1333 
3 1334 1126 1124 
3 1334 1336 1126 
3 1334 1025 1336 
3 1026 1025 1334 
3 1335 1038 1037 
3 1335 1100 1038 
3 1102 1100 1335 
3 1336 1128 1126 
3 1336 1024 1128 
3 1025 1024 1336 
3 1024 1130 1128 
3 1024 1023 1130 
3 1023 1132 1130 
3 1023 1022 1132 
3 1022 1134 1132 
3 1022 1021 1134 
3 1021 1136 1134 
3 1021 1020 1136 
3 1020 1138 1136 
3 1020 1019 1138 
3 1019 1140 1138 
3 1019 1018 1140 
3 1018 1142 1140 
3 1018 1017 1142 
3 1017 1144 1142 
3 1017 1016 1144 
3 1016 1146 1144 
3 1016 1015 1146 
3 1015 1148 1146 
3 1015 1014 1148 
3 1014 1150 1148 
3 1014 666 1150 
3 666 1152 1150 
3 666 665 1152 
3 665 1154 1152 
3 665 662 1154 
3 662 1156 1154 
3 662 660 1156 
3 660 1159 1156 
3 660 658 1159 
3 658 656 1159 
3 656 1161 1159 
3 656 654 1161 
3 654 1163 1161 
3 654 652 1163 
3 652 1165 1163 
3 652 650 1165 
3 650 1167 1165 
3 650 1169 1167 
3 650 648 1169 
3 648 1171 1169 
3 648 646 1171 
3 646 1172 1171 
3 646 644 1172 
3 644 1173 1172 
3 644 642 1173 
3 642 640 1173 
3 640 1174 1173 
3 640 637 1174 
3 637 1175 1174 
3 637 667 1175 
3 667 1176 1175 
3 667 1303 1176 
3 1303 1177 1176 
3 1303 1306 1177 
3 1306 1178 1177 
3 1100 1039 1038 
3 1337 843 1338 
3 629 843 1337 
3 843 844 1338 
3 844 1339 1338 
3 1337 628 629 
3 1340 1339 844 
3 1341 1339 1340 
3 1342 1343 1344 
3 1345 1343 1342 
3 1342 1346 1345 
3 1346 1347 1345 
3 1346 1348 1347 
3 1348 1349 1347 
3 1348 1350 1349 
3 1350 1351 1349 
3 1350 1352 1351 
3 1352 1353 1351 
3 1352 1354 1353 
3 1354 1355 1353 
3 1354 1356 1355 
3 1356 1357 1355 
3 1356 1358 1357 
3 1358 1359 1357 
3 1358 1360 1359 
3 1343 1361 1344 
3 979 1362 1363 
3 1364 1362 979 
3 1363 978 979 
3 1363 1365 978 
3 1365 977 978 
3 1365 1366 977 
3 1366 976 977 
3 1366 1367 976 
3 1367 975 976 
3 1367 1368 975 
3 1368 974 975 
3 1368 1369 974 
3 1369 973 974 
3 1369 1370 973 
3 1370 972 973 
3 1370 1371 972 
3 1371 971 972 
3 1371 1372 971 
3 1372 970 971 
3 1372 878 970 
3 970 878 969 
3 878 880 969 
3 880 968 969 
3 880 883 968 
3 883 967 968 
3 883 885 967 
3 885 966 967 
3 885 887 966 
3 887 965 966 
3 887 889 965 
3 889 964 965 
3 889 890 964 
3 890 963 964 
3 890 901 963 
3 901 962 963 
3 901 899 962 
3 899 961 962 
3 899 896 961 
3 896 960 961 
3 896 895 960 
3 895 959 960 
3 895 894 959 
3 894 958 959 
3 894 893 958 
3 958 893 957 
3 893 907 957 
3 907 956 957 
3 907 909 956 
3 909 955 956 
3 909 911 955 
3 911 954 955 
3 911 913 954 
3 913 953 954 
3 913 917 953 
3 917 952 953 
3 917 918 952 
3 918 951 952 
3 918 923 951 
3 923 950 951 
3 923 929 950 
3 929 946 950 
3 929 1373 946 
3 979 980 1364 
3 1364 1374 1362 
3 1364 1375 1374 
3 980 1375 1364 
3 929 931 1373 
3 931 1376 1373 
3 931 1377 1376 
3 1377 1378 1376 
3 1377 1379 1378 
3 1379 1380 1378 
3 1379 1381 1380 
3 1381 1382 1380 
3 1381 1383 1382 
3 1383 1384 1382 
3 1383 1385 1384 
3 1385 1386 1384 
3 1385 1387 1386 
3 1387 1388 1386 
3 1387 1389 1388 
3 1389 1390 1388 
3 1389 1391 1390 
3 1391 1392 1390 
3 1373 944 946 
3 1376 944 1373 
3 1376 942 944 
3 1378 942 1376 
3 1378 940 942 
3 1380 940 1378 
3 1380 939 940 
3 1382 939 1380 
3 1382 938 939 
3 1384 938 1382 
3 1384 937 938 
3 1386 937 1384 
3 1386 936 937 
3 1388 936 1386 
3 1388 935 936 
3 1390 935 1388 
3 1390 934 935 
3 1392 934 1390 
3 1391 1393 1392 
3 1392 932 934 
3 1392 1394 932 
3 1393 1394 1392 
3 1393 1395 1394 
3 1394 948 932 
3 1395 948 1394 
3 1395 1396 948 
3 1396 949 948 
3 1396 1397 949 
3 1397 349 949 
3 1397 353 349 
3 1397 1398 353 
3 1398 354 353 
3 1398 1399 354 
3 1399 357 354 
3 1399 1400 357 
3 1400 358 357 
3 1400 1401 358 
3 1401 365 358 
3 1401 1402 365 
3 1402 362 365 
3 1402 1403 362 
3 1403 363 362 
3 1403 1404 363 
3 1404 367 363 
3 1404 1157 367 
3 367 1157 368 
3 1157 1158 368 
3 1158 371 368 
3 1158 1160 371 
3 1160 372 371 
3 1160 1162 372 
3 1162 379 372 
3 1162 1164 379 
3 1164 376 379 
3 1164 1166 376 
3 1166 377 376 
3 1166 1168 377 
3 1168 381 377 
3 1168 1170 381 
3 1170 382 381 
3 1170 1092 382 
3 1092 385 382 
3 1092 1062 385 
3 1062 386 385 
3 1062 1064 386 
3 1064 393 386 
3 1064 1065 393 
3 1065 390 393 
3 1065 1361 390 
3 1361 391 390 
3 1343 391 1361 
3 1343 395 391 
3 1345 395 1343 
3 1345 396 395 
3 1347 396 1345 
3 1347 399 396 
3 1349 399 1347 
3 1349 400 399 
3 1351 400 1349 
3 1351 407 400 
3 1353 407 1351 
3 1353 404 407 
3 1355 404 1353 
3 1355 405 404 
3 1357 405 1355 
3 1357 409 405 
3 1359 409 1357 
3 1359 410 409 
3 1359 1405 410 
3 1360 1405 1359 
3 1361 1067 1344 
3 1065 1067 1361 
3 980 981 1375 
3 1375 1406 1374 
3 1375 1407 1406 
3 981 1407 1375 
3 1344 1069 1342 
3 1067 1069 1344 
3 1342 1071 1346 
3 1069 1071 1342 
3 1346 1074 1348 
3 1071 1074 1346 
3 1348 1076 1350 
3 1074 1076 1348 
3 1350 1078 1352 
3 1076 1078 1350 
3 981 982 1407 
3 1407 1408 1406 
3 1407 1409 1408 
3 982 1409 1407 
3 1352 1080 1354 
3 1078 1080 1352 
3 1354 1082 1356 
3 1080 1082 1354 
3 1356 1084 1358 
3 1082 1084 1356 
3 1358 1086 1360 
3 1084 1086 1358 
3 1360 1088 1405 
3 1086 1088 1360 
3 1405 413 410 
3 1405 1090 413 
3 1088 1090 1405 
3 982 983 1409 
3 983 1410 1409 
3 1409 1411 1408 
3 1410 1411 1409 
3 1410 1412 1411 
3 1412 1413 1411 
3 1413 1412 1414 
3 1412 1415 1414 
3 1090 206 413 
3 1415 1416 1414 
3 845 1341 1340 
3 846 1341 845 
3 846 1417 1341 
3 846 1418 1417 
3 1418 1419 1417 
3 1418 1420 1419 
3 1419 1421 1417 
3 1340 844 845 
3 1422 903 1423 
3 1424 903 1422 
3 1424 902 903 
3 1424 1425 902 
3 1425 874 902 
3 1425 1426 874 
3 1426 877 874 
3 1426 1427 877 
3 1427 879 877 
3 1427 1428 879 
3 1428 881 879 
3 1428 1429 881 
3 1429 882 881 
3 1429 1430 882 
3 1430 884 882 
3 1430 1431 884 
3 1431 886 884 
3 1431 1432 886 
3 1432 888 886 
3 1432 1433 888 
3 1433 891 888 
3 1433 1434 891 
3 1434 900 891 
3 1423 1435 1422 
3 1436 1437 1438 
3 1439 1437 1436 
3 1436 1440 1439 
3 1440 1441 1439 
3 1440 1442 1441 
3 1440 1443 1442 
3 1443 1444 1442 
3 1443 1445 1444 
3 1445 1446 1444 
3 1445 1447 1446 
3 1447 1448 1446 
3 1447 1449 1448 
3 1449 1450 1448 
3 1449 1451 1450 
3 1451 1452 1450 
3 1451 1453 1452 
3 1453 1454 1452 
3 1454 1455 1452 
3 1437 1456 1438 
3 1437 1457 1456 
3 1457 1458 1456 
3 1457 1459 1458 
3 1459 1460 1458 
3 1459 1461 1460 
3 1461 1462 1460 
3 1463 1464 1465 
3 1466 1464 1463 
3 1461 1467 1462 
3 1466 1468 1464 
3 1467 1469 1462 
3 1466 1470 1468 
3 1467 1471 1469 
3 1470 1472 1468 
3 1471 1473 1469 
3 1470 1474 1472 
3 1471 1475 1473 
3 1470 1476 1474 
3 1454 1477 1455 
3 1476 1478 1474 
3 1477 1479 1455 
3 1476 1480 1478 
3 1475 1481 1473 
3 1468 1482 1464 
3 1472 1482 1468 
3 1472 1483 1482 
3 1472 1484 1483 
3 1474 1484 1472 
3 1474 1485 1484 
3 1478 1485 1474 
3 1478 1486 1485 
3 1480 1486 1478 
3 1480 1487 1486 
3 1487 1488 1486 
3 1487 1489 1488 
3 1489 1490 1488 
3 1489 1491 1490 
3 1491 1492 1490 
3 1491 1493 1492 
3 1493 1494 1492 
3 1493 1495 1494 
3 1495 1496 1494 
3 1495 1497 1496 
3 1497 1498 1496 
3 1497 1499 1498 
3 1499 1500 1498 
3 1499 1501 1500 
3 1501 1502 1500 
3 1501 1503 1502 
3 1503 1504 1502 
3 1503 1505 1504 
3 1505 1506 1504 
3 1505 1507 1506 
3 1507 1508 1506 
3 1507 1509 1508 
3 1509 1510 1508 
3 1509 1481 1510 
3 1481 1511 1510 
3 1475 1511 1481 
3 1475 1512 1511 
3 1471 1512 1475 
3 1471 1513 1512 
3 1467 1513 1471 
3 1467 1514 1513 
3 1461 1514 1467 
3 1461 1515 1514 
3 1459 1515 1461 
3 1459 1516 1515 
3 1457 1516 1459 
3 1457 1517 1516 
3 1437 1517 1457 
3 1437 1518 1517 
3 1439 1518 1437 
3 1439 1519 1518 
3 1441 1519 1439 
3 1477 1060 1479 
3 1060 1520 1479 
3 1477 543 1060 
3 1454 543 1477 
3 1454 544 543 
3 1453 544 1454 
3 1453 547 544 
3 1451 547 1453 
3 1451 550 547 
3 1449 550 1451 
3 1449 553 550 
3 1447 553 1449 
3 1447 556 553 
3 1445 556 1447 
3 1445 559 556 
3 1443 559 1445 
3 1443 562 559 
3 1440 562 1443 
3 1440 565 562 
3 1436 565 1440 
3 1436 568 565 
3 1438 568 1436 
3 1438 571 568 
3 1456 571 1438 
3 1456 574 571 
3 1458 574 1456 
3 1458 577 574 
3 1460 577 1458 
3 1460 580 577 
3 1462 580 1460 
3 1462 595 580 
3 1469 595 1462 
3 1469 610 595 
3 1473 610 1469 
3 1473 613 610 
3 1481 613 1473 
3 1481 616 613 
3 1509 616 1481 
3 1509 621 616 
3 1507 621 1509 
3 1507 1304 621 
3 1505 1304 1507 
3 1505 1305 1304 
3 1503 1305 1505 
3 1503 1308 1305 
3 1501 1308 1503 
3 1501 1309 1308 
3 1499 1309 1501 
3 1499 1310 1309 
3 1497 1310 1499 
3 1497 1311 1310 
3 1495 1311 1497 
3 1495 1312 1311 
3 1493 1312 1495 
3 1493 1313 1312 
3 1491 1313 1493 
3 1491 1314 1313 
3 1489 1314 1491 
3 1489 1315 1314 
3 1487 1315 1489 
3 1487 1316 1315 
3 1480 1316 1487 
3 1480 1317 1316 
3 1476 1317 1480 
3 1476 1318 1317 
3 1470 1318 1476 
3 1470 1319 1318 
3 1466 1319 1470 
3 1441 1521 1519 
3 1442 1521 1441 
3 1442 1522 1521 
3 1444 1522 1442 
3 1444 1523 1522 
3 1446 1523 1444 
3 1466 1320 1319 
3 1463 1320 1466 
3 1060 1059 1520 
3 1059 1524 1520 
3 1059 1058 1524 
3 1058 1525 1524 
3 1058 1057 1525 
3 1057 1526 1525 
3 1057 1527 1526 
3 1057 1056 1527 
3 1056 1528 1527 
3 1446 1529 1523 
3 1448 1529 1446 
3 1448 1530 1529 
3 1450 1530 1448 
3 1450 1531 1530 
3 1452 1531 1450 
3 1452 1532 1531 
3 1455 1532 1452 
3 1455 1533 1532 
3 1479 1533 1455 
3 1479 1534 1533 
3 1520 1534 1479 
3 1520 1535 1534 
3 1524 1535 1520 
3 1524 1536 1535 
3 1525 1536 1524 
3 1525 1537 1536 
3 1526 1537 1525 
3 1526 1435 1537 
3 1527 1435 1526 
3 1527 1422 1435 
3 1528 1422 1527 
3 1056 1055 1528 
3 1528 1424 1422 
3 1055 1424 1528 
3 1055 1054 1424 
3 1054 1425 1424 
3 1054 1053 1425 
3 1053 1426 1425 
3 1053 1052 1426 
3 1052 1427 1426 
3 1052 1051 1427 
3 1051 1428 1427 
3 1051 1192 1428 
3 1192 1429 1428 
3 1192 1191 1429 
3 1191 1430 1429 
3 1191 1190 1430 
3 1190 1431 1430 
3 1190 1189 1431 
3 1189 1432 1431 
3 1189 1188 1432 
3 1188 1433 1432 
3 1188 1094 1433 
3 1094 1434 1433 
3 1094 1093 1434 
3 1093 900 1434 
3 1093 1095 900 
3 1095 928 900 
3 1095 1096 928 
3 1096 927 928 
3 1096 1097 927 
3 1097 921 927 
3 1097 1098 921 
3 1098 904 921 
3 1098 1099 904 
3 1099 906 904 
3 1099 1101 906 
3 1101 908 906 
3 1101 1103 908 
3 1103 910 908 
3 1103 1105 910 
3 1105 912 910 
3 1105 1107 912 
3 1107 915 912 
3 1107 1109 915 
3 1109 919 915 
3 1109 1111 919 
3 1111 924 919 
3 1111 1113 924 
3 1113 930 924 
3 1113 1115 930 
3 1115 931 930 
3 1115 1117 931 
3 1117 1377 931 
3 1117 1119 1377 
3 1119 1379 1377 
3 1119 1121 1379 
3 1121 1381 1379 
3 1121 1123 1381 
3 1123 1383 1381 
3 1123 1125 1383 
3 1125 1385 1383 
3 1125 1127 1385 
3 1127 1387 1385 
3 1127 1129 1387 
3 1129 1389 1387 
3 1129 1131 1389 
3 1131 1391 1389 
3 1131 1133 1391 
3 1133 1393 1391 
3 1133 1135 1393 
3 1135 1395 1393 
3 1135 1137 1395 
3 1137 1396 1395 
3 1137 1139 1396 
3 1139 1397 1396 
3 1139 1141 1397 
3 1141 1398 1397 
3 1141 1143 1398 
3 1143 1399 1398 
3 1143 1145 1399 
3 1145 1400 1399 
3 1145 1147 1400 
3 1147 1538 1400 
3 1538 1401 1400 
3 1538 1539 1401 
3 1538 1149 1539 
3 1147 1149 1538 
3 1539 1402 1401 
3 1149 1151 1539 
3 1539 1540 1402 
3 1151 1540 1539 
3 1463 1321 1320 
3 1463 1541 1321 
3 1465 1541 1463 
3 1540 1403 1402 
3 1151 1153 1540 
3 1540 1542 1403 
3 1153 1542 1540 
3 1464 1543 1465 
3 1482 1543 1464 
3 1465 1544 1541 
3 1543 1544 1465 
3 1542 1404 1403 
3 1542 1155 1404 
3 1153 1155 1542 
3 1155 1157 1404 
3 1545 1546 1547 
3 1548 1546 1545 
3 1548 1549 1546 
3 1548 1337 1549 
3 1337 1338 1549 
3 1549 1550 1546 
3 1338 1550 1549 
3 1546 1551 1547 
3 1550 1551 1546 
3 1551 1552 1547 
3 1552 1553 1547 
3 1547 1554 1545 
3 1553 1554 1547 
3 1553 1555 1554 
3 1553 1556 1555 
3 1553 1557 1556 
3 1552 1557 1553 
3 1556 1558 1555 
3 1556 1559 1558 
3 1557 1559 1556 
3 1548 628 1337 
3 1559 1560 1558 
3 1561 1562 1563 
3 1564 1562 1561 
3 1563 1565 1561 
3 1563 1566 1565 
3 1566 1567 1565 
3 1566 1568 1567 
3 1568 1569 1567 
3 1568 1570 1569 
3 1570 1571 1569 
3 1571 1572 1569 
3 1571 1573 1572 
3 1571 1574 1573 
3 1574 1560 1573 
3 1574 1575 1560 
3 1575 1558 1560 
3 1575 1576 1558 
3 1576 1555 1558 
3 1576 1577 1555 
3 1577 1554 1555 
3 1577 1578 1554 
3 1577 1011 1578 
3 1577 1010 1011 
3 1576 1010 1577 
3 1576 1009 1010 
3 1575 1009 1576 
3 1575 1008 1009 
3 1574 1008 1575 
3 1574 1007 1008 
3 1571 1007 1574 
3 1571 1006 1007 
3 1570 1006 1571 
3 1570 1005 1006 
3 1568 1005 1570 
3 1568 1004 1005 
3 1566 1004 1568 
3 1566 1003 1004 
3 1563 1003 1566 
3 1563 1002 1003 
3 1562 1002 1563 
3 1562 1001 1002 
3 1562 1579 1001 
3 1564 1579 1562 
3 1572 1580 1569 
3 1569 1581 1567 
3 1580 1581 1569 
3 1567 1582 1565 
3 1581 1582 1567 
3 1565 1583 1561 
3 1582 1583 1565 
3 1561 1584 1564 
3 1583 1584 1561 
3 1564 1585 1579 
3 1584 1585 1564 
3 1579 1000 1001 
3 1579 1586 1000 
3 1585 1586 1579 
3 1585 1587 1586 
3 1586 999 1000 
3 1586 1588 999 
3 1587 1588 1586 
3 1587 1589 1588 
3 1588 998 999 
3 1588 1590 998 
3 1589 1590 1588 
3 1589 1591 1590 
3 1590 997 998 
3 1590 1592 997 
3 1591 1592 1590 
3 1591 1593 1592 
3 1592 996 997 
3 1592 1594 996 
3 1593 1594 1592 
3 1593 1595 1594 
3 1594 995 996 
3 1594 1596 995 
3 1595 1596 1594 
3 1595 1597 1596 
3 1596 994 995 
3 1596 1598 994 
3 1597 1598 1596 
3 1597 1599 1598 
3 1598 993 994 
3 1598 1600 993 
3 1599 1600 1598 
3 1599 1601 1600 
3 1600 992 993 
3 1600 1602 992 
3 1601 1602 1600 
3 1601 1603 1602 
3 1602 991 992 
3 1602 1604 991 
3 1603 1604 1602 
3 1603 1605 1604 
3 1604 990 991 
3 1604 1606 990 
3 1605 1606 1604 
3 1605 1607 1606 
3 1606 989 990 
3 1606 1608 989 
3 1607 1608 1606 
3 1607 1609 1608 
3 1608 988 989 
3 1608 1610 988 
3 1609 1610 1608 
3 1609 1611 1610 
3 1610 987 988 
3 1610 1612 987 
3 1611 1612 1610 
3 1612 986 987 
3 1611 1416 1612 
3 1612 1613 986 
3 1416 1613 1612 
3 1416 1415 1613 
3 1613 985 986 
3 1613 1614 985 
3 1415 1614 1613 
3 1011 1012 1578 
3 1012 1615 1578 
3 1012 1013 1615 
3 1013 1616 1615 
3 1578 1545 1554 
3 1615 1545 1578 
3 1615 1548 1545 
3 1616 1548 1615 
3 1013 626 1616 
3 1616 628 1548 
3 626 628 1616 
3 1415 1412 1614 
3 1614 984 985 
3 1614 1410 984 
3 1412 1410 1614 
3 1410 983 984 
3 1617 1618 1619 
3 1617 1619 1620 
3 1617 1621 1618 
3 1621 1622 1618 
3 1619 1623 1620 
3 1623 1624 1620 
3 1624 1557 1620 
3 1624 1559 1557 
3 1624 1625 1559 
3 1624 1626 1625 
3 1623 1626 1624 
3 1622 1627 1618 
3 1618 1628 1619 
3 1627 1628 1618 
3 1619 1629 1623 
3 1628 1629 1619 
3 1623 1630 1626 
3 1629 1630 1623 
3 1630 1631 1626 
3 1626 1632 1625 
3 1631 1632 1626 
3 1631 1633 1632 
3 1633 1634 1632 
3 1625 1560 1559 
3 1625 1573 1560 
3 1632 1573 1625 
3 1632 1572 1573 
3 1634 1572 1632 
3 1633 1635 1634 
3 1634 1580 1572 
3 1635 1580 1634 
3 1635 1636 1580 
3 1636 1581 1580 
3 1636 1637 1581 
3 1637 1582 1581 
3 1637 1638 1582 
3 1638 1583 1582 
3 1638 1639 1583 
3 1639 1584 1583 
3 1639 1640 1584 
3 1640 1585 1584 
3 1640 1641 1585 
3 1641 1587 1585 
3 1641 1642 1587 
3 1642 1589 1587 
3 1642 1643 1589 
3 1643 1591 1589 
3 1643 1644 1591 
3 1644 1593 1591 
3 1644 1645 1593 
3 1645 1595 1593 
3 1645 1646 1595 
3 1646 1597 1595 
3 1646 1647 1597 
3 1647 1599 1597 
3 1647 1648 1599 
3 1648 1601 1599 
3 1648 1649 1601 
3 1649 1603 1601 
3 1649 1650 1603 
3 1650 1605 1603 
3 1650 1651 1605 
3 1651 1607 1605 
3 1651 1652 1607 
3 1652 1609 1607 
3 1652 1653 1609 
3 1653 1611 1609 
3 1653 1654 1611 
3 1653 1655 1654 
3 1655 1656 1654 
3 1654 1416 1611 
3 1656 1416 1654 
3 1656 1414 1416 
3 1655 1657 1656 
3 1656 1658 1414 
3 1657 1658 1656 
3 1658 1413 1414 
3 1657 1659 1658 
3 1658 1659 1413 
3 1659 1660 1413 
3 1659 1661 1660 
3 1660 1411 1413 
3 1660 1662 1411 
3 1661 1662 1660 
3 1661 1663 1662 
3 1662 1408 1411 
3 1662 1664 1408 
3 1663 1664 1662 
3 1663 1665 1664 
3 1664 1406 1408 
3 1664 1666 1406 
3 1665 1666 1664 
3 1665 1667 1666 
3 1666 1374 1406 
3 1666 1668 1374 
3 1667 1668 1666 
3 1667 1669 1668 
3 1668 1362 1374 
3 1668 1670 1362 
3 1669 1670 1668 
3 1669 1671 1670 
3 1670 1363 1362 
3 1670 1672 1363 
3 1671 1672 1670 
3 1671 1673 1672 
3 1672 1365 1363 
3 1672 1674 1365 
3 1673 1674 1672 
3 1674 1366 1365 
3 1673 1675 1674 
3 1674 1676 1366 
3 1675 1676 1674 
3 1620 1552 1617 
3 1557 1552 1620 
3 1617 1551 1621 
3 1552 1551 1617 
3 1622 1417 1627 
3 1622 1341 1417 
3 1622 1339 1341 
3 1621 1339 1622 
3 1621 1550 1339 
3 1551 1550 1621 
3 1676 1367 1366 
3 1675 1677 1676 
3 1676 1678 1367 
3 1677 1678 1676 
3 1678 1368 1367 
3 1678 1679 1368 
3 1679 1369 1368 
3 1679 1680 1369 
3 1678 1681 1679 
3 1677 1681 1678 
3 1679 1682 1680 
3 1681 1682 1679 
3 1680 1370 1369 
3 1680 1683 1370 
3 1682 1683 1680 
3 1682 903 1683 
3 903 876 1683 
3 1683 1371 1370 
3 876 1371 1683 
3 876 875 1371 
3 875 1372 1371 
3 1417 1421 1627 
3 1550 1338 1339 
3 875 878 1372 
3 1627 1684 1685 
3 1421 1684 1627 
3 1655 1686 1687 
3 1653 1686 1655 
3 1653 1688 1686 
3 1653 1652 1688 
3 1652 1689 1688 
3 1652 1651 1689 
3 1651 1690 1689 
3 1651 1650 1690 
3 1650 1691 1690 
3 1650 1649 1691 
3 1649 1692 1691 
3 1649 1648 1692 
3 1648 1693 1692 
3 1648 1647 1693 
3 1647 1694 1693 
3 1647 1646 1694 
3 1646 1695 1694 
3 1646 1645 1695 
3 1645 1696 1695 
3 1645 1644 1696 
3 1644 1697 1696 
3 1644 1643 1697 
3 1643 1698 1697 
3 1643 1642 1698 
3 1642 1699 1698 
3 1642 1641 1699 
3 1641 1700 1699 
3 1641 1640 1700 
3 1640 1701 1700 
3 1640 1639 1701 
3 1639 1702 1701 
3 1639 1638 1702 
3 1638 1703 1702 
3 1638 1637 1703 
3 1637 1704 1703 
3 1637 1636 1704 
3 1636 1705 1704 
3 1636 1635 1705 
3 1635 1706 1705 
3 1635 1633 1706 
3 1633 1707 1706 
3 1633 1631 1707 
3 1631 1708 1707 
3 1631 1630 1708 
3 1630 1709 1708 
3 1630 1629 1709 
3 1629 1710 1709 
3 1629 1628 1710 
3 1628 1685 1710 
3 1628 1627 1685 
3 1687 1657 1655 
3 1419 1711 1421 
3 1543 1711 1419 
3 1419 1420 1543 
3 1543 1482 1711 
3 1543 1420 1544 
3 1322 1321 1541 
3 635 1322 1712 
3 1712 1541 1544 
3 1713 1712 1714 
3 1715 1714 1544 
3 847 1715 1418 
3 849 1714 1715 
3 1715 847 849 
3 1418 846 847 
3 1418 1715 1420 
3 1420 1715 1544 
3 1714 849 1713 
3 1544 1714 1712 
3 1712 1713 635 
3 1541 1712 1322 
3 1716 1717 1718 
3 633 1717 1716 
3 633 1719 1717 
3 633 1720 1719 
3 1720 851 1719 
3 1719 852 1717 
3 851 852 1719 
3 1717 853 1718 
3 852 853 1717 
3 1718 1721 1716 
3 1718 873 1721 
3 853 873 1718 
3 633 635 1720 
3 635 1713 1720 
3 1720 850 851 
3 1713 850 1720 
3 873 872 1721 
3 1713 849 850 
3 1677 1536 1722 
3 1675 1536 1677 
3 1675 1535 1536 
3 1675 1673 1535 
3 1673 1534 1535 
3 1673 1671 1534 
3 1671 1533 1534 
3 1671 1669 1533 
3 1669 1532 1533 
3 1669 1667 1532 
3 1667 1531 1532 
3 1667 1665 1531 
3 1665 1530 1531 
3 1665 1663 1530 
3 1663 1529 1530 
3 1663 1661 1529 
3 1661 1523 1529 
3 1661 1659 1523 
3 1659 1522 1523 
3 1659 1521 1522 
3 1659 1657 1521 
3 1657 1687 1521 
3 1687 1519 1521 
3 1687 1686 1519 
3 1686 1518 1519 
3 1686 1688 1518 
3 1688 1517 1518 
3 1688 1689 1517 
3 1689 1516 1517 
3 1689 1690 1516 
3 1690 1515 1516 
3 1690 1691 1515 
3 1691 1514 1515 
3 1691 1692 1514 
3 1692 1513 1514 
3 1692 1693 1513 
3 1693 1512 1513 
3 1693 1694 1512 
3 1694 1511 1512 
3 1694 1695 1511 
3 1695 1510 1511 
3 1695 1696 1510 
3 1696 1508 1510 
3 1696 1697 1508 
3 1697 1506 1508 
3 1697 1698 1506 
3 1698 1504 1506 
3 1698 1699 1504 
3 1699 1502 1504 
3 1699 1700 1502 
3 1700 1500 1502 
3 1700 1701 1500 
3 1701 1498 1500 
3 1701 1702 1498 
3 1702 1496 1498 
3 1702 1703 1496 
3 1703 1494 1496 
3 1703 1704 1494 
3 1704 1492 1494 
3 1704 1705 1492 
3 1705 1490 1492 
3 1705 1706 1490 
3 1706 1488 1490 
3 1706 1707 1488 
3 1707 1486 1488 
3 1707 1708 1486 
3 1708 1485 1486 
3 1708 1709 1485 
3 1709 1484 1485 
3 1709 1710 1484 
3 1710 1483 1484 
3 1710 1685 1483 
3 1685 1723 1483 
3 1536 1537 1722 
3 1722 1681 1677 
3 1722 1724 1681 
3 1537 1724 1722 
3 1685 1684 1723 
3 1684 1711 1723 
3 1723 1482 1483 
3 1711 1482 1723 
3 1537 1435 1724 
3 1724 1682 1681 
3 1724 1423 1682 
3 1435 1423 1724 
3 1684 1421 1711 
3 1423 903 1682 
3 189 0 2 
3 189 2 1725 
3 18 20 34 
3 1289 18 34 
3 1289 34 37 
3 1290 1289 37 
3 1290 37 38 
3 1291 1290 38 
3 1291 38 40 
3 1292 1291 40 
3 1292 40 42 
3 1293 1292 42 
3 1293 42 44 
3 1294 1293 44 
3 1294 44 46 
3 1295 1294 46 
3 1295 46 48 
3 1296 1295 48 
3 1296 48 50 
3 1297 1296 50 
3 1297 50 52 
3 1298 1297 52 
3 1298 52 54 
3 1299 1298 54 
3 1299 54 56 
3 1300 1299 56 
3 1300 56 58 
3 1301 1300 58 
3 1301 58 60 
3 1302 1301 60 
3 1302 60 62 
3 829 1302 62 
3 64 829 62 
3 827 829 64 
3 827 64 66 
3 822 827 66 
3 822 66 68 
3 705 822 68 
3 187 189 1725 
3 187 1725 1726 
3 705 68 70 
3 697 705 70 
3 697 70 72 
3 695 697 72 
3 695 72 74 
3 693 695 74 
3 693 74 76 
3 691 693 76 
3 691 76 78 
3 689 691 78 
3 689 78 80 
3 687 689 80 
3 687 80 82 
3 709 687 82 
3 709 82 84 
3 712 709 84 
3 712 84 86 
3 718 712 86 
3 718 86 88 
3 718 88 1727 
3 719 718 1727 
3 719 1727 1728 
3 720 719 1728 
3 185 187 1726 
3 185 1726 1729 
3 1730 720 1728 
3 723 720 1730 
3 723 1730 96 
3 725 723 96 
3 725 96 97 
3 727 725 97 
3 727 97 99 
3 729 727 99 
3 729 99 101 
3 731 729 101 
3 731 101 103 
3 733 731 103 
3 733 103 105 
3 735 733 105 
3 735 105 107 
3 1731 735 107 
3 1731 107 109 
3 1732 1731 109 
3 1732 109 111 
3 1733 1732 111 
3 1733 111 113 
3 1734 1733 113 
3 1734 113 115 
3 1735 1734 115 
3 1735 115 117 
3 183 185 1729 
3 183 1729 1736 
3 1737 1735 117 
3 1737 117 119 
3 181 183 1736 
3 181 1736 1738 
3 181 1738 1739 
3 179 181 1739 
3 179 1739 1740 
3 177 179 1740 
3 177 1740 1741 
3 175 177 1741 
3 175 1741 1742 
3 173 175 1742 
3 1743 1737 1744 
3 1744 1737 119 
3 1744 119 121 
3 173 1742 1745 
3 1745 1742 1746 
3 171 173 1745 
3 1744 121 1747 
3 1747 121 131 
3 1745 1746 1748 
3 1748 1746 1749 
3 1743 1744 1747 
3 1750 1743 1747 
3 1751 1750 1752 
3 1752 1750 1747 
3 1752 1747 131 
3 1752 131 133 
3 1752 133 1753 
3 1753 133 135 
3 171 1745 1748 
3 169 171 1748 
3 1748 1749 1754 
3 1754 1749 1755 
3 1754 1755 1756 
3 1756 1755 1757 
3 1756 1757 1758 
3 1758 1757 1759 
3 1751 1752 1753 
3 1760 1751 1753 
3 1758 1759 1761 
3 1761 1759 1762 
3 1760 1753 1763 
3 1763 1753 135 
3 1763 135 137 
3 1764 1760 1763 
3 1764 1763 1765 
3 1765 1763 137 
3 1765 137 139 
3 1766 1764 1765 
3 1766 1765 1767 
3 1767 1765 139 
3 1767 139 141 
3 1768 1766 1767 
3 1768 1767 1769 
3 1769 1767 141 
3 1769 141 143 
3 1770 1768 1769 
3 1770 1769 1771 
3 1771 1769 143 
3 1771 143 145 
3 1772 1770 1771 
3 1772 1771 1773 
3 1773 1771 145 
3 1773 145 147 
3 1774 1772 1773 
3 1774 1773 1775 
3 1775 1773 147 
3 1775 147 149 
3 1776 1774 1775 
3 1775 149 1777 
3 1777 149 151 
3 1776 1775 1777 
3 1778 1776 1777 
3 1778 1777 1779 
3 1779 1777 151 
3 1779 151 153 
3 1780 1778 1779 
3 1780 1779 1781 
3 1781 1779 153 
3 1781 153 155 
3 1782 1780 1781 
3 1782 1781 1783 
3 1783 1781 155 
3 1783 155 157 
3 1784 1782 1783 
3 1785 1784 1786 
3 1786 1784 1783 
3 1762 1785 1787 
3 1787 1785 1786 
3 1761 1762 1787 
3 1786 1783 157 
3 1786 157 159 
3 1787 1786 159 
3 1787 159 161 
3 1761 1787 161 
3 1761 161 163 
3 1758 1761 163 
3 1758 163 165 
3 1756 1758 165 
3 1756 165 167 
3 1754 1756 167 
3 167 169 1754 
3 1754 169 1748 
3 1727 88 90 
3 94 96 1730 
3 1727 90 92 
3 1728 1727 92 
3 92 94 1728 
3 1728 94 1730 
3 1788 1789 1790 
3 1789 1791 1792 
3 1791 1793 1794 
3 1793 1795 1796 
3 1795 1797 1798 
3 1797 1799 1800 
3 1801 1802 1803 
3 1802 1804 1805 
3 1804 1788 1806 
3 1807 1808 1801 
3 1807 1809 1808 
3 1809 1810 1811 
3 1811 1810 1812 
3 1813 1814 1815 
3 1814 1816 1817 
3 1816 1818 1819 
3 1820 1821 1822 
3 1821 1820 1823 
3 1824 1823 1813 
3 1825 1826 1827 
3 1826 1822 1828 
3 1829 1830 1831 
3 1830 1825 1831 
3 1831 1827 1832 
3 1830 1829 1833 
3 1833 1834 1835 
3 1834 1836 1835 
3 1829 1834 1833 
3 1827 1828 1832 
3 1825 1827 1831 
3 1828 1827 1826 
3 1813 1815 1824 
3 1823 1824 1821 
3 1822 1826 1820 
3 1818 1799 1819 
3 1816 1819 1817 
3 1814 1817 1815 
3 1811 1808 1809 
3 1801 1803 1807 
3 1788 1790 1806 
3 1804 1806 1805 
3 1802 1805 1803 
3 1799 1818 1800 
3 1797 1800 1798 
3 1795 1798 1796 
3 1793 1796 1794 
3 1791 1794 1792 
3 1789 1792 1790 
3 327 122 123 
3 327 123 1837 
3 1837 123 106 
3 324 327 1837 
3 1837 106 104 
3 1835 1836 1838 
3 1838 1836 1839 
3 1833 1835 1840 
3 1840 1835 1838 
3 1830 1833 1840 
3 1841 867 1842 
3 1842 867 866 
3 1842 866 1843 
3 1843 866 865 
3 1843 865 1844 
3 1844 865 864 
3 1838 1839 1845 
3 1845 1839 1841 
3 1845 1841 1842 
3 1844 864 1846 
3 1846 864 863 
3 1846 863 1847 
3 1847 863 862 
3 1847 862 1848 
3 1848 862 861 
3 1848 861 1849 
3 1849 861 860 
3 324 1837 1850 
3 1850 1837 104 
3 322 324 1850 
3 1850 104 102 
3 322 1850 1851 
3 1851 1850 102 
3 320 322 1851 
3 1851 102 100 
3 320 1851 1852 
3 1852 1851 100 
3 318 320 1852 
3 1852 100 98 
3 318 1852 1853 
3 1853 1852 98 
3 316 318 1853 
3 1853 98 95 
3 316 1853 1854 
3 1854 1853 95 
3 314 316 1854 
3 1854 95 93 
3 314 1854 1855 
3 1855 1854 93 
3 312 314 1855 
3 1855 93 91 
3 312 1855 1856 
3 1856 1855 91 
3 310 312 1856 
3 1856 91 89 
3 310 1856 1857 
3 1857 1856 89 
3 308 310 1857 
3 1857 89 87 
3 308 1857 1858 
3 1858 1857 87 
3 306 308 1858 
3 1858 87 85 
3 306 1858 1859 
3 1859 1858 85 
3 304 306 1859 
3 1859 85 83 
3 304 1859 1860 
3 1860 1859 83 
3 302 304 1860 
3 1860 83 81 
3 1849 860 1823 
3 1849 1823 1820 
3 1848 1849 1820 
3 1848 1820 1826 
3 1847 1848 1826 
3 1847 1826 1825 
3 1846 1847 1825 
3 1846 1825 1861 
3 1861 1825 1830 
3 1861 1830 1840 
3 1813 1823 860 
3 1813 860 859 
3 1814 1813 859 
3 1814 859 857 
3 1816 1814 857 
3 1816 857 854 
3 1818 1816 854 
3 1818 854 871 
3 1800 1818 871 
3 1800 871 230 
3 1800 230 233 
3 1798 1800 233 
3 1798 233 235 
3 1796 1798 235 
3 1796 235 237 
3 1794 1796 237 
3 1794 237 239 
3 1792 1794 239 
3 1792 239 241 
3 1790 1792 241 
3 1790 241 243 
3 1806 1790 243 
3 1806 243 245 
3 1805 1806 245 
3 1805 245 247 
3 1803 1805 247 
3 1803 247 249 
3 1807 1803 249 
3 1807 249 250 
3 1809 1807 250 
3 1809 250 252 
3 1810 1809 252 
3 1810 252 1862 
3 1862 252 254 
3 1812 1810 1862 
3 1863 1812 1862 
3 1863 1862 1864 
3 1864 1862 254 
3 1864 254 256 
3 1865 1863 1864 
3 1865 1864 1866 
3 1866 1864 256 
3 1866 256 258 
3 1867 1865 1866 
3 1867 1866 1868 
3 1868 1866 258 
3 1868 258 260 
3 1869 1867 1868 
3 1869 1868 1870 
3 1870 1868 260 
3 1870 260 262 
3 1871 1869 1870 
3 1871 1870 1872 
3 1872 1870 262 
3 1872 262 264 
3 1873 1871 1872 
3 1873 1872 1874 
3 1874 1872 264 
3 1874 264 266 
3 1875 1873 1874 
3 1875 1874 266 
3 1875 266 268 
3 1876 1875 268 
3 1876 268 270 
3 1877 1876 270 
3 1877 270 272 
3 1878 1877 272 
3 1878 272 274 
3 1879 1878 274 
3 1879 274 276 
3 1880 1879 276 
3 1880 276 278 
3 1881 1880 278 
3 1881 278 280 
3 1882 1881 280 
3 1882 280 282 
3 1883 1882 282 
3 1883 282 284 
3 1884 1883 284 
3 1884 284 286 
3 65 1884 286 
3 65 286 288 
3 67 65 288 
3 67 288 290 
3 69 67 290 
3 69 290 292 
3 71 69 292 
3 73 71 292 
3 73 292 294 
3 75 73 294 
3 75 294 296 
3 77 75 296 
3 77 296 298 
3 79 77 298 
3 79 298 300 
3 81 79 300 
3 300 302 81 
3 81 302 1860 
3 1844 1846 1861 
3 1844 1861 1885 
3 1843 1844 1885 
3 1885 1861 1840 
3 1843 1845 1842 
3 1885 1840 1838 
3 1843 1885 1845 
3 1838 1845 1885 
3 1884 65 63 
3 1721 872 1886 
3 1883 1884 63 
3 1883 63 61 
3 1882 1883 61 
3 1882 61 59 
3 1882 59 1887 
3 1887 59 57 
3 1881 1882 1887 
3 1887 57 1888 
3 1888 57 55 
3 634 633 1889 
3 1889 633 1716 
3 636 634 1890 
3 1890 634 1889 
3 1237 636 1891 
3 1891 636 1890 
3 1258 1237 1892 
3 1892 1237 1891 
3 1260 1258 1893 
3 1893 1258 1892 
3 1262 1260 1894 
3 1894 1260 1893 
3 1721 1886 1895 
3 1895 1886 1836 
3 1716 1721 1895 
3 1889 1716 1895 
3 1895 1836 1896 
3 1896 1836 1834 
3 1888 55 1897 
3 1897 55 53 
3 1897 53 1898 
3 1898 53 51 
3 1878 51 1877 
3 1898 51 1878 
3 1898 1878 1879 
3 1897 1898 1879 
3 1897 1879 1880 
3 1888 1897 1880 
3 1880 1881 1888 
3 1888 1881 1887 
3 1877 51 49 
3 1876 1877 49 
3 1876 49 47 
3 1875 1876 47 
3 1875 47 45 
3 1873 1875 45 
3 1873 45 43 
3 1871 1873 43 
3 1871 43 41 
3 1869 1871 41 
3 1869 41 39 
3 1867 1869 39 
3 1867 39 36 
3 1865 1867 36 
3 1865 36 35 
3 1863 1865 35 
3 1863 35 31 
3 1812 1863 31 
3 1812 31 26 
3 1811 1812 26 
3 1811 26 23 
3 1808 1811 23 
3 1808 23 28 
3 1801 1808 28 
3 1801 28 33 
3 1802 1801 33 
3 1802 33 1899 
3 1899 33 120 
3 1804 1802 1899 
3 1899 120 1288 
3 1804 1899 1900 
3 1900 1899 1288 
3 1788 1804 1900 
3 1900 1288 1287 
3 1264 1262 1901 
3 1901 1262 1894 
3 1896 1834 1902 
3 1902 1834 1829 
3 1266 1264 1903 
3 1903 1264 1901 
3 1268 1266 1904 
3 1904 1266 1903 
3 1270 1268 1905 
3 1905 1268 1904 
3 1272 1270 1906 
3 1906 1270 1905 
3 1274 1272 1907 
3 1907 1272 1906 
3 1276 1274 1908 
3 1908 1274 1907 
3 1278 1276 1909 
3 1909 1276 1908 
3 1280 1278 1910 
3 1910 1278 1909 
3 1282 1280 1911 
3 1911 1280 1910 
3 1284 1282 1912 
3 1912 1282 1911 
3 1286 1284 1913 
3 1913 1284 1912 
3 1287 1286 1914 
3 1914 1286 1913 
3 1900 1287 1914 
3 1788 1900 1914 
3 1789 1788 1914 
3 1791 1789 1914 
3 1791 1914 1913 
3 1793 1791 1913 
3 1793 1913 1912 
3 1795 1793 1912 
3 1795 1912 1911 
3 1797 1795 1911 
3 1797 1911 1910 
3 1799 1797 1910 
3 1799 1910 1909 
3 1819 1799 1909 
3 1819 1909 1908 
3 1817 1819 1908 
3 1817 1908 1907 
3 1815 1817 1907 
3 1815 1907 1906 
3 1824 1815 1906 
3 1824 1906 1905 
3 1821 1824 1905 
3 1821 1905 1904 
3 1822 1821 1904 
3 1822 1904 1903 
3 1828 1822 1903 
3 1828 1903 1901 
3 1832 1828 1901 
3 1832 1901 1894 
3 1831 1832 1915 
3 1915 1832 1894 
3 1829 1831 1916 
3 1916 1831 1915 
3 1902 1829 1916 
3 1915 1894 1893 
3 1889 1895 1896 
3 1890 1889 1896 
3 1890 1896 1902 
3 1891 1890 1902 
3 1916 1915 1893 
3 1916 1893 1892 
3 1916 1892 1902 
3 1902 1892 1891 
3 781 779 1917 
3 1918 815 814 
3 1919 1918 814 
3 1919 814 813 
3 1920 1919 813 
3 1920 813 812 
3 1921 1920 812 
3 1921 812 811 
3 1922 1921 811 
3 1922 811 809 
3 1923 1922 809 
3 1923 809 807 
3 1924 1923 807 
3 1924 807 805 
3 1925 1924 805 
3 1925 805 803 
3 1926 1925 803 
3 1926 803 801 
3 1927 1926 801 
3 1927 801 799 
3 1928 1927 799 
3 1928 799 797 
3 1929 1928 797 
3 1929 797 795 
3 1930 1929 795 
3 1930 795 793 
3 1931 1930 793 
3 1931 793 791 
3 1932 1931 791 
3 1932 791 789 
3 1933 1932 789 
3 1933 789 787 
3 1934 1933 787 
3 1934 787 785 
3 1935 1934 785 
3 1935 785 783 
3 1935 783 1917 
3 1917 783 781 
3 1922 1923 1936 
3 426 425 1937 
3 1937 425 826 
3 1938 426 1937 
3 1939 1938 1937 
3 1922 1936 1940 
3 1940 1936 1941 
3 1921 1922 1940 
3 1940 1941 1942 
3 1942 1941 1943 
3 1937 826 1944 
3 1944 826 825 
3 1939 1937 1944 
3 1945 1939 1944 
3 1946 1945 1947 
3 1947 1945 1944 
3 1942 1943 1948 
3 1948 1943 1949 
3 1947 1944 825 
3 1947 825 819 
3 1947 819 1950 
3 1950 819 818 
3 1950 818 1951 
3 1951 818 817 
3 1951 817 1952 
3 1952 817 816 
3 1946 1947 1950 
3 1953 1946 1950 
3 1953 1950 1951 
3 1954 1953 1951 
3 1952 816 1955 
3 1955 816 815 
3 1955 815 1918 
3 1948 1949 1956 
3 1956 1949 1957 
3 1954 1951 1952 
3 1958 1954 1952 
3 1956 1957 1959 
3 1959 1957 1958 
3 1958 1952 1955 
3 1959 1958 1955 
3 1959 1955 1918 
3 1956 1959 1918 
3 1956 1918 1919 
3 1948 1956 1919 
3 1948 1919 1920 
3 1942 1948 1920 
3 1920 1921 1942 
3 1942 1921 1940 
3 757 755 1960 
3 1961 1945 1946 
3 757 1960 1962 
3 1962 1960 1963 
3 759 757 1962 
3 1964 1961 1965 
3 1965 1961 1946 
3 1965 1946 1953 
3 1966 1964 1967 
3 1967 1964 1965 
3 1962 1963 1968 
3 1968 1963 1969 
3 759 1962 1968 
3 761 759 1968 
3 1970 1966 1971 
3 1971 1966 1967 
3 761 1968 1972 
3 1972 1968 1969 
3 1972 1969 1973 
3 763 761 1972 
3 1974 1970 1975 
3 1975 1970 1971 
3 1976 1974 1977 
3 1977 1974 1975 
3 1978 1976 1979 
3 1979 1976 1977 
3 1980 1978 1981 
3 1981 1978 1979 
3 1982 1980 1983 
3 1983 1980 1981 
3 1984 1982 1985 
3 1985 1982 1983 
3 1986 1984 1987 
3 1987 1984 1985 
3 1988 1986 1989 
3 1989 1986 1987 
3 1990 1988 1991 
3 1991 1988 1989 
3 1992 1990 1993 
3 1993 1990 1991 
3 1994 1992 1995 
3 1995 1992 1993 
3 1996 1994 1997 
3 1997 1994 1995 
3 1998 1996 1999 
3 1999 1996 1997 
3 2000 1998 2001 
3 2001 1998 1999 
3 2002 2000 2003 
3 2003 2000 2001 
3 2004 2002 2005 
3 2005 2002 2003 
3 2006 2004 2007 
3 2007 2004 2005 
3 2008 2006 2009 
3 2009 2006 2007 
3 2010 2008 2011 
3 1935 2008 2009 
3 1967 1965 1953 
3 1967 1953 1954 
3 1971 1967 1954 
3 1971 1954 1958 
3 1975 1971 1958 
3 1975 1958 1957 
3 1977 1975 1957 
3 1977 1957 1949 
3 1979 1977 1949 
3 1979 1949 1943 
3 1981 1979 1943 
3 1981 1943 1941 
3 1983 1981 1941 
3 1983 1941 1936 
3 1985 1983 1936 
3 1985 1936 1923 
3 1987 1985 1923 
3 1987 1923 1924 
3 1989 1987 1924 
3 1989 1924 1925 
3 1991 1989 1925 
3 1991 1925 1926 
3 1993 1991 1926 
3 1993 1926 1927 
3 1995 1993 1927 
3 1995 1927 1928 
3 1997 1995 1928 
3 1997 1928 1929 
3 1999 1997 1929 
3 1999 1929 1930 
3 2001 1999 1930 
3 2001 1930 1931 
3 2003 2001 1931 
3 2003 1931 1932 
3 2005 2003 1932 
3 2005 1932 1933 
3 2007 2005 1933 
3 2007 1933 1934 
3 2009 2007 1934 
3 2009 1934 1935 
3 2011 2008 1935 
3 2011 1935 1917 
3 763 1972 2012 
3 2012 1972 1973 
3 2012 1973 2013 
3 765 763 2012 
3 765 2012 2014 
3 2014 2012 2013 
3 2014 2013 2015 
3 767 765 2014 
3 769 767 2016 
3 2016 767 2014 
3 2016 2014 2015 
3 2016 2015 2017 
3 769 2016 2018 
3 2018 2016 2017 
3 2018 2017 2019 
3 771 769 2018 
3 771 2018 2020 
3 2020 2018 2019 
3 2020 2019 2021 
3 773 771 2020 
3 773 2020 2022 
3 2022 2020 2021 
3 2022 2021 2023 
3 775 773 2022 
3 775 2022 2024 
3 2024 2022 2023 
3 2024 2023 2025 
3 777 775 2024 
3 777 2024 2026 
3 2026 2024 2025 
3 2026 2025 2027 
3 779 777 2026 
3 1917 779 2026 
3 1917 2026 2027 
3 2027 2010 1917 
3 1917 2010 2011 
3 2028 1996 1998 
3 1746 2000 1749 
3 1746 2028 2000 
3 2000 2002 1749 
3 2002 2004 1755 
3 2004 2006 1757 
3 2029 2030 2031 
3 1739 2032 1740 
3 2032 2033 2034 
3 2030 2032 1739 
3 1990 1992 2035 
3 1992 2033 2035 
3 1990 2035 2029 
3 2035 2032 2030 
3 1740 2034 1741 
3 1996 2036 1994 
3 2036 2034 2033 
3 1742 2037 2028 
3 2037 2036 2028 
3 1742 1741 2037 
3 1741 2034 2037 
3 1994 2033 1992 
3 1742 2028 1746 
3 2031 2038 2039 
3 2029 2039 1988 
3 2038 2040 2041 
3 2039 2041 1986 
3 2006 2008 1759 
3 2008 2010 1762 
3 2010 2027 1785 
3 2027 2025 1784 
3 2025 2023 1782 
3 2023 2021 1780 
3 2021 2019 1778 
3 2019 2017 1776 
3 2041 1984 1986 
3 2041 2042 1982 
3 2041 2040 2042 
3 2040 2043 2042 
3 2042 1980 1982 
3 1978 2044 2045 
3 2044 2046 2047 
3 2046 2044 2042 
3 2044 1978 1980 
3 1978 2045 1976 
3 2045 1974 1976 
3 1945 1961 2048 
3 1939 2048 2049 
3 1938 2049 422 
3 2050 2051 1964 
3 2051 2048 1961 
3 2052 2053 2050 
3 2053 2051 2050 
3 2049 2054 2055 
3 2054 2053 2056 
3 2053 2054 2051 
3 2054 2049 2048 
3 1964 1966 2050 
3 2050 2057 2058 
3 1966 1970 2057 
3 2057 2059 2060 
3 1974 2061 2059 
3 2045 2061 1974 
3 2047 2062 2045 
3 2062 2063 2061 
3 1770 1772 2013 
3 1772 1774 2015 
3 1768 1973 1969 
3 1973 1768 1770 
3 1963 1764 1766 
3 1764 1963 1960 
3 753 751 2064 
3 2065 2064 1751 
3 751 749 2066 
3 2064 2066 1750 
3 753 2065 755 
3 2065 1760 1960 
3 745 1735 747 
3 1734 1735 745 
3 1743 1750 2066 
3 1737 749 747 
3 1737 1743 749 
3 1732 737 1731 
3 1733 739 1732 
3 739 737 1732 
3 739 1733 741 
3 1733 1734 743 
3 1734 745 743 
3 1733 743 741 
3 737 735 1731 
3 1743 2066 749 
3 1735 1737 747 
3 1960 755 2065 
3 1750 1751 2064 
3 2066 2064 751 
3 1751 1760 2065 
3 2064 2065 753 
3 1960 1760 1764 
3 1766 1969 1963 
3 1770 2013 1973 
3 1969 1766 1768 
3 1774 2017 2015 
3 1772 2015 2013 
3 2063 2059 2061 
3 2062 2061 2045 
3 2059 1970 1974 
3 2059 2063 2060 
3 1970 2059 2057 
3 2057 2060 2058 
3 1966 2057 2050 
3 2054 2048 2051 
3 2053 2052 2056 
3 2054 2056 2055 
3 2050 2058 2052 
3 2051 1961 1964 
3 2049 2055 422 
3 2049 1938 1939 
3 2048 1939 1945 
3 1980 2042 2044 
3 2047 2045 2044 
3 2043 2046 2042 
3 1982 1984 2041 
3 2017 1774 1776 
3 2019 1776 1778 
3 2021 1778 1780 
3 2023 1780 1782 
3 2025 1782 1784 
3 2027 1784 1785 
3 2010 1785 1762 
3 2008 1762 1759 
3 1986 1988 2039 
3 2041 2039 2038 
3 1988 1990 2029 
3 2039 2029 2031 
3 2034 2036 2037 
3 2036 1996 2028 
3 2033 1994 2036 
3 2030 2029 2035 
3 2033 2032 2035 
3 2034 1740 2032 
3 2006 1759 1757 
3 2004 1757 1755 
3 2002 1755 1749 
3 2028 1998 2000 
3 1836 1886 1839 
3 872 869 2067 
3 1839 1886 2067 
3 869 868 2067 
3 868 867 1841 
3 868 1841 2067 
3 2067 1841 1839 
3 2067 1886 872 
3 1938 422 426 
3 422 421 426 
3 1739 1738 2030 
3 1738 1736 2031 
3 2031 1736 1729 
3 1726 1725 2068 
3 1729 1726 2038 
3 1726 2068 2038 
3 2 2069 1725 
3 2069 2043 2068 
3 1 2070 2 
3 2070 2071 2069 
3 2072 2070 1 
3 2071 2070 2072 
3 2072 4 2073 
3 2073 6 2074 
3 2074 8 2075 
3 2075 10 2076 
3 2076 12 2077 
3 2077 14 205 
3 14 16 205 
3 12 14 2077 
3 10 12 2076 
3 8 10 2075 
3 6 8 2074 
3 4 6 2073 
3 2072 1 4 
3 2071 2043 2069 
3 2070 2069 2 
3 2043 2040 2068 
3 2069 2068 1725 
3 2068 2040 2038 
3 2031 1729 2038 
3 1738 2031 2030 
3 2046 2043 2071 
3 204 422 2055 
3 2047 2046 2071 
3 2047 2071 2072 
3 2062 2047 2072 
3 2062 2072 2073 
3 2063 2062 2073 
3 2063 2073 2074 
3 2060 2063 2074 
3 2060 2074 2075 
3 2058 2060 2075 
3 2058 2075 2076 
3 2052 2058 2076 
3 2052 2076 2077 
3 2056 2052 2077 
3 2056 2077 205 
3 2056 205 2055 
3 2055 205 204 
3 2078 2079 2080 
3 2081 2079 2078 
3 2082 2083 2084 
3 2085 2086 2087 
3 2088 2086 2085 
3 2085 2089 2088 
3 2089 2090 2088 
3 2090 2091 2088 
3 2090 2092 2091 
3 2092 2093 2091 
3 2092 2094 2093 
3 2094 2095 2093 
3 2094 2096 2095 
3 2096 2097 2095 
3 2096 2098 2097 
3 2098 2099 2097 
3 2098 2083 2099 
3 2083 2100 2099 
3 2083 2082 2100 
3 2082 2101 2100 
3 2082 2102 2101 
3 2102 2103 2101 
3 2102 2104 2103 
3 2104 2105 2103 
3 2086 2106 2087 
3 2107 2108 2080 
3 2109 2108 2107 
3 2107 2110 2109 
3 2107 2111 2110 
3 2080 2111 2107 
3 2080 2079 2111 
3 2111 2112 2110 
3 2109 2105 2108 
3 2113 2114 2115 
3 2116 2114 2113 
3 2115 2117 2113 
3 2115 2118 2117 
3 2118 2119 2117 
3 2118 2120 2119 
3 2120 2121 2119 
3 2120 2122 2121 
3 2122 2123 2121 
3 2122 2124 2123 
3 2124 2125 2123 
3 2124 2126 2125 
3 2126 2127 2125 
3 2126 2128 2127 
3 2128 2129 2127 
3 2128 2130 2129 
3 2130 2131 2129 
3 2130 2132 2131 
3 2132 2133 2131 
3 2132 2134 2133 
3 2134 2135 2133 
3 2134 2136 2135 
3 2136 2137 2135 
3 2136 2138 2137 
3 2138 2139 2137 
3 2138 2140 2139 
3 2140 2141 2139 
3 2140 2142 2141 
3 2142 2143 2141 
3 2142 2144 2143 
3 2144 2145 2143 
3 2144 2146 2145 
3 2146 2147 2145 
3 2146 2148 2147 
3 2148 2149 2147 
3 2148 2150 2149 
3 2150 2151 2149 
3 2150 2152 2151 
3 2152 2153 2151 
3 2152 2154 2153 
3 2154 2155 2153 
3 2154 2156 2155 
3 2156 2157 2155 
3 2156 2158 2157 
3 2158 2159 2157 
3 2158 2160 2159 
3 2160 2161 2159 
3 2160 2162 2161 
3 2162 2163 2161 
3 2162 2164 2163 
3 2164 2165 2163 
3 2164 2166 2165 
3 2166 2167 2165 
3 2166 2168 2167 
3 2168 2169 2167 
3 2168 2170 2169 
3 2170 2171 2169 
3 2170 2172 2171 
3 2172 2173 2171 
3 2172 2174 2173 
3 2174 2175 2173 
3 2174 2176 2175 
3 2176 2177 2175 
3 2176 2178 2177 
3 2178 2179 2177 
3 2178 2180 2179 
3 2180 2181 2179 
3 2180 2182 2181 
3 2182 2183 2181 
3 2182 2184 2183 
3 2184 2185 2183 
3 2184 2186 2185 
3 2186 2187 2185 
3 2186 2188 2187 
3 2188 2189 2187 
3 2188 2190 2189 
3 2190 2191 2189 
3 2190 2192 2191 
3 2192 2193 2191 
3 2192 2194 2193 
3 2194 2195 2193 
3 2194 2196 2195 
3 2196 2197 2195 
3 2196 2198 2197 
3 2198 2199 2197 
3 2198 2200 2199 
3 2200 2201 2199 
3 2200 2202 2201 
3 2202 2203 2201 
3 2202 2204 2203 
3 2204 2205 2203 
3 2204 2206 2207 
3 2207 2208 2205 
3 2207 2209 2210 
3 2210 2211 2208 
3 2210 2212 2213 
3 2213 2214 2211 
3 2213 2215 2214 
3 2215 2216 2214 
3 2215 2217 2216 
3 2217 2218 2216 
3 2217 2219 2218 
3 2219 2220 2218 
3 2219 2221 2220 
3 2222 2223 2220 
3 2222 2224 2223 
3 2224 2225 2223 
3 2224 2226 2225 
3 2226 2227 2225 
3 2226 2228 2227 
3 2228 2229 2227 
3 2228 2230 2229 
3 2230 2231 2229 
3 2230 2232 2231 
3 2232 2233 2231 
3 2230 2234 2232 
3 2228 2234 2230 
3 2228 2235 2234 
3 2226 2235 2228 
3 2226 2236 2235 
3 2224 2236 2226 
3 2224 2237 2236 
3 2222 2237 2224 
3 2222 2221 2237 
3 2220 2221 2222 
3 2219 2238 2221 
3 2217 2238 2219 
3 2217 2239 2238 
3 2215 2239 2217 
3 2215 2240 2239 
3 2213 2240 2215 
3 2213 2212 2240 
3 2211 2210 2213 
3 2210 2209 2212 
3 2208 2207 2210 
3 2207 2206 2209 
3 2205 2204 2207 
3 2116 2241 2114 
3 2113 2242 2116 
3 2116 2243 2241 
3 2242 2243 2116 
3 2243 2244 2241 
3 2243 2245 2244 
3 2245 2246 2244 
3 2204 2247 2206 
3 2202 2247 2204 
3 2202 2248 2247 
3 2200 2248 2202 
3 2200 2249 2248 
3 2198 2249 2200 
3 2198 2250 2249 
3 2196 2250 2198 
3 2196 2251 2250 
3 2194 2251 2196 
3 2194 2252 2251 
3 2192 2252 2194 
3 2192 2253 2252 
3 2190 2253 2192 
3 2190 2254 2253 
3 2188 2254 2190 
3 2188 2255 2254 
3 2186 2255 2188 
3 2186 2256 2255 
3 2184 2256 2186 
3 2184 2257 2256 
3 2182 2257 2184 
3 2182 2258 2257 
3 2180 2258 2182 
3 2180 2259 2258 
3 2178 2259 2180 
3 2178 2260 2259 
3 2176 2260 2178 
3 2176 2261 2260 
3 2174 2261 2176 
3 2174 2262 2261 
3 2172 2262 2174 
3 2172 2263 2262 
3 2170 2263 2172 
3 2170 2264 2263 
3 2168 2264 2170 
3 2168 2265 2264 
3 2166 2265 2168 
3 2166 2266 2265 
3 2164 2266 2166 
3 2164 2267 2266 
3 2162 2267 2164 
3 2162 2268 2267 
3 2160 2268 2162 
3 2160 2269 2268 
3 2158 2269 2160 
3 2158 2270 2269 
3 2156 2270 2158 
3 2156 2271 2270 
3 2154 2271 2156 
3 2154 2272 2271 
3 2152 2272 2154 
3 2152 2273 2272 
3 2150 2273 2152 
3 2150 2274 2273 
3 2148 2274 2150 
3 2148 2275 2274 
3 2146 2275 2148 
3 2146 2276 2275 
3 2144 2276 2146 
3 2144 2277 2276 
3 2142 2277 2144 
3 2142 2278 2277 
3 2140 2278 2142 
3 2140 2279 2278 
3 2138 2279 2140 
3 2138 2280 2279 
3 2136 2280 2138 
3 2136 2281 2280 
3 2134 2281 2136 
3 2134 2282 2281 
3 2132 2282 2134 
3 2132 2283 2282 
3 2130 2283 2132 
3 2130 2284 2283 
3 2128 2284 2130 
3 2128 2285 2284 
3 2126 2285 2128 
3 2126 2286 2285 
3 2124 2286 2126 
3 2124 2287 2286 
3 2122 2287 2124 
3 2122 2288 2287 
3 2120 2288 2122 
3 2120 2289 2288 
3 2118 2289 2120 
3 2118 2290 2289 
3 2115 2290 2118 
3 2115 2291 2290 
3 2114 2291 2115 
3 2233 2292 2231 
3 2233 2293 2292 
3 2293 2294 2292 
3 2293 2295 2294 
3 2114 2296 2291 
3 2241 2296 2114 
3 2233 2297 2293 
3 2232 2297 2233 
3 2293 2298 2295 
3 2297 2298 2293 
3 2295 2299 2294 
3 2295 2300 2299 
3 2295 2301 2300 
3 2298 2301 2295 
3 2241 2302 2296 
3 2244 2302 2241 
3 2244 2303 2302 
3 2246 2303 2244 
3 2246 2304 2303 
3 2246 2305 2304 
3 2245 2305 2246 
3 2300 2306 2299 
3 2305 2307 2304 
3 2308 2309 2310 
3 2311 2309 2308 
3 2311 2312 2309 
3 2311 2313 2312 
3 2313 2314 2312 
3 2310 2315 2308 
3 2315 2316 2308 
3 2317 2318 2285 
3 2318 2284 2285 
3 2318 2319 2284 
3 2319 2283 2284 
3 2319 2320 2283 
3 2320 2282 2283 
3 2320 2321 2282 
3 2321 2281 2282 
3 2321 2322 2281 
3 2317 2323 2318 
3 2285 2286 2317 
3 2317 2324 2323 
3 2286 2324 2317 
3 2322 2280 2281 
3 2322 2325 2280 
3 2321 2326 2322 
3 2322 2327 2325 
3 2326 2327 2322 
3 2327 2328 2325 
3 2328 2329 2325 
3 2328 2330 2329 
3 2330 2331 2329 
3 2330 2332 2331 
3 2332 2333 2331 
3 2332 2334 2333 
3 2334 2335 2333 
3 2334 2336 2335 
3 2336 2337 2335 
3 2336 2338 2337 
3 2338 2339 2337 
3 2338 2340 2339 
3 2338 2341 2340 
3 2341 2342 2340 
3 2325 2279 2280 
3 2329 2279 2325 
3 2329 2278 2279 
3 2331 2278 2329 
3 2331 2277 2278 
3 2333 2277 2331 
3 2333 2276 2277 
3 2335 2276 2333 
3 2335 2275 2276 
3 2337 2275 2335 
3 2337 2274 2275 
3 2339 2274 2337 
3 2339 2273 2274 
3 2340 2273 2339 
3 2340 2272 2273 
3 2342 2272 2340 
3 2342 2271 2272 
3 2342 2343 2271 
3 2343 2344 2271 
3 2344 2270 2271 
3 2344 2345 2270 
3 2345 2269 2270 
3 2345 2346 2269 
3 2346 2268 2269 
3 2346 2347 2268 
3 2347 2267 2268 
3 2347 2348 2267 
3 2348 2266 2267 
3 2348 2349 2266 
3 2349 2265 2266 
3 2349 2350 2265 
3 2350 2264 2265 
3 2350 2351 2264 
3 2351 2263 2264 
3 2351 2352 2263 
3 2324 2353 2323 
3 2286 2287 2324 
3 2324 2354 2353 
3 2287 2354 2324 
3 2352 2262 2263 
3 2352 2355 2262 
3 2355 2261 2262 
3 2355 2356 2261 
3 2356 2260 2261 
3 2356 2357 2260 
3 2357 2259 2260 
3 2357 2358 2259 
3 2342 2359 2343 
3 2341 2359 2342 
3 2343 2360 2344 
3 2359 2360 2343 
3 2344 2361 2345 
3 2360 2361 2344 
3 2345 2362 2346 
3 2361 2362 2345 
3 2346 2363 2347 
3 2362 2363 2346 
3 2347 2364 2348 
3 2363 2364 2347 
3 2348 2365 2349 
3 2364 2365 2348 
3 2349 2366 2350 
3 2365 2366 2349 
3 2350 2367 2351 
3 2366 2367 2350 
3 2351 2368 2352 
3 2367 2368 2351 
3 2352 2369 2355 
3 2368 2369 2352 
3 2355 2370 2356 
3 2369 2370 2355 
3 2356 2371 2357 
3 2370 2371 2356 
3 2357 2372 2358 
3 2371 2372 2357 
3 2358 2258 2259 
3 2358 2373 2258 
3 2358 2374 2373 
3 2372 2374 2358 
3 2373 2257 2258 
3 2373 2375 2257 
3 2374 2375 2373 
3 2375 2256 2257 
3 2375 2376 2256 
3 2376 2255 2256 
3 2376 2377 2255 
3 2377 2378 2255 
3 2378 2254 2255 
3 2378 2379 2254 
3 2379 2253 2254 
3 2379 2380 2253 
3 2380 2252 2253 
3 2380 2381 2252 
3 2381 2251 2252 
3 2381 2382 2251 
3 2382 2250 2251 
3 2382 2383 2250 
3 2383 2249 2250 
3 2383 2384 2249 
3 2384 2248 2249 
3 2384 2385 2248 
3 2385 2247 2248 
3 2385 2386 2247 
3 2386 2206 2247 
3 2386 2387 2206 
3 2387 2209 2206 
3 2387 2388 2209 
3 2388 2212 2209 
3 2388 2389 2212 
3 2389 2240 2212 
3 2389 2390 2240 
3 2390 2239 2240 
3 2390 2391 2239 
3 2391 2238 2239 
3 2391 2392 2238 
3 2392 2221 2238 
3 2392 2393 2221 
3 2393 2237 2221 
3 2393 2394 2237 
3 2394 2236 2237 
3 2394 2395 2236 
3 2395 2235 2236 
3 2395 2315 2235 
3 2354 2396 2353 
3 2287 2288 2354 
3 2354 2397 2396 
3 2288 2397 2354 
3 2395 2316 2315 
3 2308 2398 2311 
3 2316 2398 2308 
3 2397 2399 2396 
3 2288 2289 2397 
3 2397 2400 2399 
3 2289 2400 2397 
3 2315 2234 2235 
3 2310 2234 2315 
3 2310 2232 2234 
3 2309 2232 2310 
3 2309 2297 2232 
3 2312 2297 2309 
3 2400 2401 2399 
3 2289 2290 2400 
3 2400 2402 2401 
3 2290 2402 2400 
3 2402 2403 2401 
3 2290 2291 2402 
3 2402 2404 2403 
3 2291 2404 2402 
3 2404 2405 2403 
3 2291 2296 2404 
3 2404 2406 2405 
3 2296 2406 2404 
3 2406 2407 2405 
3 2296 2302 2406 
3 2406 2408 2407 
3 2302 2408 2406 
3 2408 2409 2407 
3 2302 2303 2408 
3 2408 2410 2409 
3 2303 2410 2408 
3 2312 2298 2297 
3 2314 2298 2312 
3 2314 2411 2298 
3 2314 2412 2411 
3 2313 2412 2314 
3 2303 2413 2410 
3 2303 2304 2413 
3 2411 2301 2298 
3 2304 2414 2413 
3 2304 2307 2414 
3 2307 2415 2414 
3 2416 2417 2418 
3 2419 2418 2417 
3 2417 2420 2419 
3 2421 2420 2417 
3 2421 2422 2420 
3 2421 2423 2422 
3 2421 2424 2423 
3 2421 2425 2424 
3 2417 2425 2421 
3 2417 2416 2425 
3 2418 2426 2416 
3 2418 2427 2426 
3 2418 2428 2427 
3 2419 2428 2418 
3 2427 2429 2426 
3 2427 2430 2429 
3 2428 2430 2427 
3 2428 2431 2430 
3 2428 2432 2431 
3 2419 2432 2428 
3 2419 2433 2432 
3 2420 2433 2419 
3 2423 2434 2422 
3 2424 2435 2423 
3 2423 2436 2434 
3 2435 2436 2423 
3 2420 2437 2433 
3 2422 2437 2420 
3 2422 2438 2437 
3 2434 2438 2422 
3 2434 2439 2438 
3 2436 2439 2434 
3 2438 2440 2437 
3 2438 2441 2440 
3 2439 2441 2438 
3 2441 2442 2440 
3 2441 2443 2442 
3 2441 2444 2443 
3 2439 2444 2441 
3 2439 2445 2444 
3 2436 2445 2439 
3 2436 2446 2445 
3 2435 2446 2436 
3 2443 2447 2442 
3 2443 2448 2447 
3 2443 2449 2448 
3 2444 2449 2443 
3 2444 2450 2449 
3 2445 2450 2444 
3 2445 2451 2450 
3 2446 2451 2445 
3 2448 2452 2447 
3 2448 2453 2452 
3 2448 2454 2453 
3 2449 2454 2448 
3 2449 2455 2454 
3 2450 2455 2449 
3 2450 2456 2455 
3 2451 2456 2450 
3 2454 2457 2453 
3 2454 2458 2457 
3 2455 2458 2454 
3 2455 2459 2458 
3 2456 2459 2455 
3 2453 2460 2452 
3 2453 2461 2460 
3 2457 2461 2453 
3 2457 2462 2461 
3 2458 2462 2457 
3 2458 2463 2462 
3 2459 2463 2458 
3 2463 2464 2462 
3 2464 2465 2462 
3 2462 2466 2461 
3 2465 2466 2462 
3 2461 2467 2460 
3 2466 2467 2461 
3 2466 2468 2467 
3 2466 2469 2468 
3 2465 2469 2466 
3 2465 2470 2469 
3 2465 2471 2470 
3 2464 2471 2465 
3 2470 2472 2469 
3 2470 2473 2472 
3 2471 2473 2470 
3 2471 2474 2473 
3 2474 2475 2473 
3 2473 2476 2472 
3 2475 2476 2473 
3 2474 2477 2475 
3 2477 2478 2475 
3 2475 2479 2476 
3 2478 2479 2475 
3 2477 2480 2478 
3 2480 2481 2478 
3 2481 2482 2478 
3 2482 2483 2479 
3 2482 2479 2478 
3 2469 2484 2468 
3 2472 2484 2469 
3 2472 2485 2484 
3 2476 2485 2472 
3 2476 2486 2485 
3 2479 2486 2476 
3 2479 2487 2486 
3 2483 2487 2479 
3 2481 2488 2482 
3 2482 2489 2483 
3 2488 2489 2482 
3 2489 2490 2483 
3 2483 2491 2487 
3 2490 2491 2483 
3 2490 2492 2491 
3 2490 2493 2492 
3 2490 2494 2493 
3 2489 2494 2490 
3 2493 2495 2492 
3 2493 2496 2495 
3 2493 2497 2496 
3 2494 2497 2493 
3 2496 2498 2495 
3 2496 2499 2498 
3 2496 2500 2499 
3 2497 2500 2496 
3 2499 2501 2498 
3 2499 2502 2501 
3 2499 2503 2502 
3 2500 2503 2499 
3 2502 2504 2501 
3 2502 2505 2504 
3 2502 2506 2505 
3 2503 2506 2502 
3 2505 2507 2504 
3 2505 2508 2507 
3 2505 2509 2508 
3 2506 2509 2505 
3 2509 2510 2508 
3 2510 2511 2508 
3 2508 2512 2507 
3 2511 2512 2508 
3 2510 2513 2511 
3 2511 2514 2512 
3 2513 2514 2511 
3 2514 2515 2512 
3 2514 2516 2515 
3 2514 2517 2516 
3 2514 2518 2517 
3 2513 2518 2514 
3 2518 2519 2517 
3 2519 2520 2517 
3 2517 2521 2516 
3 2520 2521 2517 
3 2489 2522 2494 
3 2488 2522 2489 
3 2494 2523 2497 
3 2522 2523 2494 
3 2497 2524 2500 
3 2523 2524 2497 
3 2500 2525 2503 
3 2524 2525 2500 
3 2503 2526 2506 
3 2525 2526 2503 
3 2506 2527 2509 
3 2526 2527 2506 
3 2509 2528 2510 
3 2527 2528 2509 
3 2510 2529 2513 
3 2528 2529 2510 
3 2513 2530 2518 
3 2529 2530 2513 
3 2518 2531 2519 
3 2530 2531 2518 
3 2426 2532 2416 
3 2426 2533 2532 
3 2429 2533 2426 
3 2512 2534 2507 
3 2515 2534 2512 
3 2507 2535 2504 
3 2534 2535 2507 
3 2504 2536 2501 
3 2535 2536 2504 
3 2501 2537 2498 
3 2536 2537 2501 
3 2498 2538 2495 
3 2537 2538 2498 
3 2495 2539 2492 
3 2538 2539 2495 
3 2492 2540 2491 
3 2539 2540 2492 
3 2491 2541 2487 
3 2540 2541 2491 
3 2487 2542 2486 
3 2541 2542 2487 
3 2486 2543 2485 
3 2542 2543 2486 
3 2485 2544 2484 
3 2543 2544 2485 
3 2484 2545 2468 
3 2544 2545 2484 
3 2468 2546 2467 
3 2545 2546 2468 
3 2467 2547 2460 
3 2546 2547 2467 
3 2460 2548 2452 
3 2547 2548 2460 
3 2452 2549 2447 
3 2548 2549 2452 
3 2447 2550 2442 
3 2549 2550 2447 
3 2442 2551 2440 
3 2550 2551 2442 
3 2440 2552 2437 
3 2551 2552 2440 
3 2437 2553 2433 
3 2552 2553 2437 
3 2433 2554 2432 
3 2553 2554 2433 
3 2432 2555 2431 
3 2554 2555 2432 
3 2431 2556 2430 
3 2555 2557 2431 
3 2557 2556 2431 
3 2430 2558 2429 
3 2556 2558 2430 
3 2429 2559 2533 
3 2558 2559 2429 
3 2557 2560 2556 
3 2560 2561 2556 
3 2556 2562 2558 
3 2561 2562 2556 
3 2558 2563 2559 
3 2562 2563 2558 
3 2533 2564 2532 
3 2533 2565 2564 
3 2559 2565 2533 
3 2559 2566 2565 
3 2563 2566 2559 
3 2560 2567 2561 
3 2561 2568 2562 
3 2567 2568 2561 
3 2562 2569 2563 
3 2568 2569 2562 
3 2563 2570 2566 
3 2569 2570 2563 
3 2568 2571 2569 
3 2568 2572 2571 
3 2567 2572 2568 
3 2569 2573 2570 
3 2571 2573 2569 
3 2571 2574 2573 
3 2571 2575 2574 
3 2572 2575 2571 
3 2575 2576 2574 
3 2576 2577 2574 
3 2576 2578 2577 
3 2576 2579 2578 
3 2579 2580 2578 
3 2579 2581 2580 
3 2581 2582 2580 
3 2582 2583 2580 
3 2582 2584 2583 
3 2584 2585 2583 
3 2584 2586 2585 
3 2586 2587 2585 
3 2586 2588 2587 
3 2588 2589 2587 
3 2588 2590 2589 
3 2590 2591 2589 
3 2590 2592 2591 
3 2592 2593 2591 
3 2592 2594 2593 
3 2594 2595 2593 
3 2594 2596 2595 
3 2596 2597 2595 
3 2596 2598 2597 
3 2598 2599 2597 
3 2598 2600 2599 
3 2598 2601 2600 
3 2601 2602 2600 
3 2601 2603 2602 
3 2601 2604 2603 
3 2604 2605 2603 
3 2603 2606 2602 
3 2603 2607 2606 
3 2605 2607 2603 
3 2605 2608 2607 
3 2607 2609 2606 
3 2607 2610 2609 
3 2608 2610 2607 
3 2608 2611 2610 
3 2610 2612 2609 
3 2610 2613 2612 
3 2611 2613 2610 
3 2611 2614 2613 
3 2614 2615 2613 
3 2613 2616 2612 
3 2615 2616 2613 
3 2615 2617 2618 
3 2615 2619 2617 
3 2614 2619 2615 
3 2615 2618 2616 
3 2619 2620 2617 
3 2617 2621 2618 
3 2620 2621 2617 
3 2531 2622 2519 
3 2622 2623 2519 
3 2519 2624 2520 
3 2623 2624 2519 
3 2621 2625 2618 
3 2620 2626 2621 
3 2621 2627 2625 
3 2626 2627 2621 
3 2627 2628 2625 
3 2626 2629 2627 
3 2627 2630 2628 
3 2629 2630 2627 
3 2622 2631 2623 
3 2623 2632 2624 
3 2631 2632 2623 
3 2602 2326 2600 
3 2600 2321 2599 
3 2326 2321 2600 
3 2599 2320 2597 
3 2321 2320 2599 
3 2597 2319 2595 
3 2320 2319 2597 
3 2595 2318 2593 
3 2319 2318 2595 
3 2593 2323 2591 
3 2318 2323 2593 
3 2591 2353 2589 
3 2323 2353 2591 
3 2589 2396 2587 
3 2353 2396 2589 
3 2587 2399 2585 
3 2396 2399 2587 
3 2585 2401 2583 
3 2399 2401 2585 
3 2583 2403 2580 
3 2401 2403 2583 
3 2580 2405 2578 
3 2403 2405 2580 
3 2578 2407 2577 
3 2405 2407 2578 
3 2574 2409 2573 
3 2577 2409 2574 
3 2407 2409 2577 
3 2573 2410 2570 
3 2409 2410 2573 
3 2570 2413 2566 
3 2410 2413 2570 
3 2566 2414 2565 
3 2413 2414 2566 
3 2565 2415 2564 
3 2414 2415 2565 
3 2564 2633 2532 
3 2415 2633 2564 
3 2532 2634 2416 
3 2633 2634 2532 
3 2416 2635 2425 
3 2634 2635 2416 
3 2425 2636 2424 
3 2635 2636 2425 
3 2424 2637 2435 
3 2636 2637 2424 
3 2435 2638 2446 
3 2637 2638 2435 
3 2446 2639 2451 
3 2638 2639 2446 
3 2451 2640 2456 
3 2639 2640 2451 
3 2456 2641 2459 
3 2640 2641 2456 
3 2459 2642 2463 
3 2641 2642 2459 
3 2463 2643 2464 
3 2642 2643 2463 
3 2464 2644 2471 
3 2643 2644 2464 
3 2471 2645 2474 
3 2644 2645 2471 
3 2474 2646 2477 
3 2645 2646 2474 
3 2477 2647 2480 
3 2646 2647 2477 
3 2480 2648 2481 
3 2647 2648 2480 
3 2481 2649 2488 
3 2648 2649 2481 
3 2602 2327 2326 
3 2606 2327 2602 
3 2606 2328 2327 
3 2609 2328 2606 
3 2609 2330 2328 
3 2612 2330 2609 
3 2612 2332 2330 
3 2616 2332 2612 
3 2616 2334 2332 
3 2618 2334 2616 
3 2618 2336 2334 
3 2625 2336 2618 
3 2625 2338 2336 
3 2628 2338 2625 
3 2628 2341 2338 
3 2630 2341 2628 
3 2630 2359 2341 
3 2630 2650 2359 
3 2629 2650 2630 
3 2650 2360 2359 
3 2650 2651 2360 
3 2651 2361 2360 
3 2651 2652 2361 
3 2652 2653 2361 
3 2653 2362 2361 
3 2653 2654 2362 
3 2601 2655 2604 
3 2598 2655 2601 
3 2655 2656 2604 
3 2604 2657 2605 
3 2656 2657 2604 
3 2605 2658 2608 
3 2657 2658 2605 
3 2608 2659 2611 
3 2658 2659 2608 
3 2611 2660 2614 
3 2659 2660 2611 
3 2614 2661 2619 
3 2660 2661 2614 
3 2619 2662 2620 
3 2661 2662 2619 
3 2620 2663 2626 
3 2662 2663 2620 
3 2626 2664 2629 
3 2663 2664 2626 
3 2629 2665 2650 
3 2664 2665 2629 
3 2650 2666 2651 
3 2665 2666 2650 
3 2651 2667 2652 
3 2666 2667 2651 
3 2652 2668 2653 
3 2667 2668 2652 
3 2653 2669 2654 
3 2668 2669 2653 
3 2654 2363 2362 
3 2654 2670 2363 
3 2669 2670 2654 
3 2598 2671 2655 
3 2596 2671 2598 
3 2596 2672 2671 
3 2594 2672 2596 
3 2594 2673 2672 
3 2592 2673 2594 
3 2592 2674 2673 
3 2590 2674 2592 
3 2590 2675 2674 
3 2588 2675 2590 
3 2588 2676 2675 
3 2586 2676 2588 
3 2586 2677 2676 
3 2584 2677 2586 
3 2584 2678 2677 
3 2582 2678 2584 
3 2582 2679 2678 
3 2581 2679 2582 
3 2581 2680 2679 
3 2579 2680 2581 
3 2579 2681 2680 
3 2576 2681 2579 
3 2576 2682 2681 
3 2575 2682 2576 
3 2575 2683 2682 
3 2572 2683 2575 
3 2572 2684 2683 
3 2567 2684 2572 
3 2567 2685 2684 
3 2560 2685 2567 
3 2560 2686 2685 
3 2557 2686 2560 
3 2557 2687 2686 
3 2555 2687 2557 
3 2555 2688 2687 
3 2554 2688 2555 
3 2554 2689 2688 
3 2553 2689 2554 
3 2553 2690 2689 
3 2552 2690 2553 
3 2552 2691 2690 
3 2551 2691 2552 
3 2551 2692 2691 
3 2550 2692 2551 
3 2550 2693 2692 
3 2549 2693 2550 
3 2549 2694 2693 
3 2548 2694 2549 
3 2548 2695 2694 
3 2547 2695 2548 
3 2547 2696 2695 
3 2546 2696 2547 
3 2546 2697 2696 
3 2545 2697 2546 
3 2545 2698 2697 
3 2544 2698 2545 
3 2544 2699 2698 
3 2543 2699 2544 
3 2543 2700 2699 
3 2542 2700 2543 
3 2542 2701 2700 
3 2541 2701 2542 
3 2541 2702 2701 
3 2540 2702 2541 
3 2540 2703 2702 
3 2539 2703 2540 
3 2539 2704 2703 
3 2538 2704 2539 
3 2538 2705 2704 
3 2537 2705 2538 
3 2537 2706 2705 
3 2536 2706 2537 
3 2536 2707 2706 
3 2535 2707 2536 
3 2535 2708 2707 
3 2534 2708 2535 
3 2534 2709 2708 
3 2515 2709 2534 
3 2515 2710 2709 
3 2516 2710 2515 
3 2516 2711 2710 
3 2521 2711 2516 
3 2669 2712 2670 
3 2670 2364 2363 
3 2670 2713 2364 
3 2712 2713 2670 
3 2521 2714 2711 
3 2521 2715 2714 
3 2520 2715 2521 
3 2520 2716 2715 
3 2624 2716 2520 
3 2488 2717 2522 
3 2649 2717 2488 
3 2624 2718 2716 
3 2632 2718 2624 
3 2522 2719 2523 
3 2717 2719 2522 
3 2523 2720 2524 
3 2719 2720 2523 
3 2524 2721 2525 
3 2720 2721 2524 
3 2525 2722 2526 
3 2721 2722 2525 
3 2526 2723 2527 
3 2722 2723 2526 
3 2527 2724 2528 
3 2723 2724 2527 
3 2528 2725 2529 
3 2724 2725 2528 
3 2529 2726 2530 
3 2725 2726 2529 
3 2530 2727 2531 
3 2726 2727 2530 
3 2531 2728 2622 
3 2727 2728 2531 
3 2622 2729 2631 
3 2728 2729 2622 
3 2712 2730 2713 
3 2730 2731 2713 
3 2731 2732 2713 
3 2731 2733 2732 
3 2733 2734 2732 
3 2733 2735 2734 
3 2735 2736 2734 
3 2735 2737 2736 
3 2737 2738 2736 
3 2737 2739 2738 
3 2739 2740 2738 
3 2739 2741 2740 
3 2741 2742 2740 
3 2741 2743 2742 
3 2743 2744 2742 
3 2743 2745 2744 
3 2745 2746 2744 
3 2745 2747 2746 
3 2747 2748 2746 
3 2748 2749 2750 
3 2747 2749 2748 
3 2713 2365 2364 
3 2732 2365 2713 
3 2732 2366 2365 
3 2734 2366 2732 
3 2734 2367 2366 
3 2736 2367 2734 
3 2736 2368 2367 
3 2738 2368 2736 
3 2738 2369 2368 
3 2740 2369 2738 
3 2740 2370 2369 
3 2742 2370 2740 
3 2742 2371 2370 
3 2744 2371 2742 
3 2744 2372 2371 
3 2746 2372 2744 
3 2746 2374 2372 
3 2748 2374 2746 
3 2729 2751 2631 
3 2631 2752 2632 
3 2751 2752 2631 
3 2748 2375 2374 
3 2750 2375 2748 
3 2749 2753 2750 
3 2750 2376 2375 
3 2753 2376 2750 
3 2632 2754 2718 
3 2752 2754 2632 
3 2753 2377 2376 
3 2755 2756 2757 
3 2755 2758 2756 
3 2759 2755 2757 
3 2760 2761 2762 
3 2763 2762 2761 
3 2764 2765 2766 
3 2767 2765 2764 
3 2767 2768 2765 
3 2768 2769 2765 
3 2769 2770 2765 
3 2765 2762 2766 
3 2770 2762 2765 
3 2769 2771 2770 
3 2771 2772 2770 
3 2770 2760 2762 
3 2772 2760 2770 
3 2771 2773 2772 
3 2772 2774 2760 
3 2773 2774 2772 
3 2773 2775 2774 
3 2771 2776 2773 
3 2773 2777 2775 
3 2776 2777 2773 
3 2771 2778 2776 
3 2769 2778 2771 
3 2762 2763 2766 
3 2766 2779 2764 
3 2763 2780 2766 
3 2780 2779 2766 
3 2764 2781 2767 
3 2779 2781 2764 
3 2777 2782 2775 
3 2782 2783 2775 
3 2775 2784 2774 
3 2783 2784 2775 
3 2780 2785 2779 
3 2779 2786 2781 
3 2785 2786 2779 
3 2780 2787 2785 
3 2787 2788 2785 
3 2785 2789 2786 
3 2788 2789 2785 
3 2780 2790 2787 
3 2763 2790 2780 
3 2787 2791 2788 
3 2787 2792 2791 
3 2790 2792 2787 
3 2793 2794 2791 
3 2791 2795 2788 
3 2794 2795 2791 
3 2788 2796 2789 
3 2795 2796 2788 
3 2783 2797 2784 
3 2783 2798 2797 
3 2782 2798 2783 
3 2792 2793 2791 
3 2798 2799 2797 
3 2798 2800 2799 
3 2800 2801 2799 
3 2800 2802 2801 
3 2774 2803 2760 
3 2784 2803 2774 
3 2760 2804 2761 
3 2803 2804 2760 
3 2761 2089 2763 
3 2804 2089 2761 
3 2769 2805 2778 
3 2769 2806 2805 
3 2768 2806 2769 
3 2784 2807 2803 
3 2797 2807 2784 
3 2797 2808 2807 
3 2799 2808 2797 
3 2799 2809 2808 
3 2801 2809 2799 
3 2782 2810 2798 
3 2798 2811 2800 
3 2810 2811 2798 
3 2782 2812 2810 
3 2777 2812 2782 
3 2777 2813 2812 
3 2776 2813 2777 
3 2776 2814 2813 
3 2778 2814 2776 
3 2800 2815 2802 
3 2811 2815 2800 
3 2763 2085 2790 
3 2089 2085 2763 
3 2790 2087 2792 
3 2085 2087 2790 
3 2792 2106 2793 
3 2087 2106 2792 
3 2778 2816 2814 
3 2805 2816 2778 
3 2768 2817 2806 
3 2768 2818 2817 
3 2767 2818 2768 
3 2767 2412 2818 
3 2781 2412 2767 
3 2781 2411 2412 
3 2786 2411 2781 
3 2786 2301 2411 
3 2789 2301 2786 
3 2789 2300 2301 
3 2796 2300 2789 
3 2801 2819 2809 
3 2801 2820 2819 
3 2802 2820 2801 
3 2106 2821 2793 
3 2793 2822 2794 
3 2821 2822 2793 
3 2794 2823 2795 
3 2822 2823 2794 
3 2795 2824 2796 
3 2823 2824 2795 
3 2796 2306 2300 
3 2824 2306 2796 
3 2802 2758 2820 
3 2802 2825 2758 
3 2815 2825 2802 
3 2825 2756 2758 
3 2826 2081 2759 
3 2827 2081 2826 
3 2827 2079 2081 
3 2827 2828 2079 
3 2828 2111 2079 
3 2828 2829 2111 
3 2829 2830 2111 
3 2829 2831 2830 
3 2830 2112 2111 
3 2759 2757 2826 
3 2832 2709 2833 
3 2834 2709 2832 
3 2834 2708 2709 
3 2834 2835 2708 
3 2835 2707 2708 
3 2835 2836 2707 
3 2836 2706 2707 
3 2836 2837 2706 
3 2837 2705 2706 
3 2837 2838 2705 
3 2838 2704 2705 
3 2838 2839 2704 
3 2839 2703 2704 
3 2839 2840 2703 
3 2840 2702 2703 
3 2840 2841 2702 
3 2841 2701 2702 
3 2841 2842 2701 
3 2842 2700 2701 
3 2842 2843 2700 
3 2843 2699 2700 
3 2843 2844 2699 
3 2844 2698 2699 
3 2844 2845 2698 
3 2845 2697 2698 
3 2845 2846 2697 
3 2846 2696 2697 
3 2846 2847 2696 
3 2847 2695 2696 
3 2847 2848 2695 
3 2848 2694 2695 
3 2848 2849 2694 
3 2849 2693 2694 
3 2849 2850 2693 
3 2850 2692 2693 
3 2850 2851 2692 
3 2851 2691 2692 
3 2851 2852 2691 
3 2852 2690 2691 
3 2852 2853 2690 
3 2853 2689 2690 
3 2853 2854 2689 
3 2854 2688 2689 
3 2854 2855 2688 
3 2854 2856 2855 
3 2855 2687 2688 
3 2855 2857 2687 
3 2856 2857 2855 
3 2857 2686 2687 
3 2857 2858 2686 
3 2857 2859 2858 
3 2856 2859 2857 
3 2859 2860 2858 
3 2858 2685 2686 
3 2858 2861 2685 
3 2860 2861 2858 
3 2860 2862 2861 
3 2861 2684 2685 
3 2861 2863 2684 
3 2862 2863 2861 
3 2862 2864 2863 
3 2863 2683 2684 
3 2863 2865 2683 
3 2864 2865 2863 
3 2864 2866 2865 
3 2866 2867 2865 
3 2865 2682 2683 
3 2867 2682 2865 
3 2866 2868 2867 
3 2867 2681 2682 
3 2868 2681 2867 
3 2868 2869 2681 
3 2869 2680 2681 
3 2869 2870 2680 
3 2870 2679 2680 
3 2870 2678 2679 
3 2870 2871 2678 
3 2871 2677 2678 
3 2871 2872 2677 
3 2872 2676 2677 
3 2872 2873 2676 
3 2873 2675 2676 
3 2873 2874 2675 
3 2870 2875 2871 
3 2871 2876 2872 
3 2875 2876 2871 
3 2872 2877 2873 
3 2876 2877 2872 
3 2877 2878 2873 
3 2878 2874 2873 
3 2878 2879 2874 
3 2874 2674 2675 
3 2874 2880 2674 
3 2879 2880 2874 
3 2880 2673 2674 
3 2880 2881 2673 
3 2709 2710 2833 
3 2833 2882 2832 
3 2833 2883 2882 
3 2710 2883 2833 
3 2880 2884 2881 
3 2879 2884 2880 
3 2710 2711 2883 
3 2711 2885 2883 
3 2883 2886 2882 
3 2885 2886 2883 
3 2885 2887 2886 
3 2885 2714 2887 
3 2711 2714 2885 
3 2881 2672 2673 
3 2881 2888 2672 
3 2884 2888 2881 
3 2888 2671 2672 
3 2888 2889 2671 
3 2889 2655 2671 
3 2889 2890 2655 
3 2887 2891 2886 
3 2890 2656 2655 
3 2892 2893 2894 
3 2895 2893 2892 
3 2892 2896 2895 
3 2895 2897 2893 
3 2897 2898 2893 
3 2893 2899 2894 
3 2898 2899 2893 
3 2896 2900 2895 
3 2896 2901 2900 
3 2896 2902 2901 
3 2892 2902 2896 
3 2892 2903 2902 
3 2894 2903 2892 
3 2894 2904 2903 
3 2899 2904 2894 
3 2901 2905 2900 
3 2897 2906 2898 
3 2907 2908 2909 
3 2910 2909 2908 
3 2911 2912 2913 
3 2914 2913 2912 
3 2915 2913 2914 
3 2916 2913 2915 
3 2916 2917 2913 
3 2917 2911 2913 
3 2911 2918 2912 
3 2918 2919 2912 
3 2912 2920 2914 
3 2919 2920 2912 
3 2915 2921 2916 
3 2915 2922 2921 
3 2915 2923 2922 
3 2914 2923 2915 
3 2914 2924 2923 
3 2920 2924 2914 
3 2924 2925 2923 
3 2923 2926 2922 
3 2925 2926 2923 
3 2922 2927 2921 
3 2926 2927 2922 
3 2925 2928 2926 
3 2926 2929 2927 
3 2928 2929 2926 
3 2927 2930 2921 
3 2929 2931 2927 
3 2927 2932 2930 
3 2931 2932 2927 
3 2928 2933 2929 
3 2929 2934 2931 
3 2933 2934 2929 
3 2931 2935 2932 
3 2934 2935 2931 
3 2935 2936 2932 
3 2932 2937 2930 
3 2936 2937 2932 
3 2921 2938 2916 
3 2930 2938 2921 
3 2930 2939 2938 
3 2937 2939 2930 
3 2937 2940 2939 
3 2937 2941 2940 
3 2936 2941 2937 
3 2936 2942 2941 
3 2936 2943 2942 
3 2935 2943 2936 
3 2935 2944 2943 
3 2934 2944 2935 
3 2934 2945 2944 
3 2934 2946 2945 
3 2933 2946 2934 
3 2911 2947 2918 
3 2947 2948 2918 
3 2918 2949 2919 
3 2948 2949 2918 
3 2949 2950 2919 
3 2919 2951 2920 
3 2950 2951 2919 
3 2920 2952 2924 
3 2951 2952 2920 
3 2924 2953 2925 
3 2952 2953 2924 
3 2925 2954 2928 
3 2953 2954 2925 
3 2928 2955 2933 
3 2954 2955 2928 
3 2933 2956 2946 
3 2955 2956 2933 
3 2943 2957 2942 
3 2943 2958 2957 
3 2944 2958 2943 
3 2944 2959 2958 
3 2945 2959 2944 
3 2945 2908 2959 
3 2946 2960 2945 
3 2946 2961 2960 
3 2956 2961 2946 
3 2961 2962 2960 
3 2962 2910 2960 
3 2960 2908 2945 
3 2910 2908 2960 
3 2959 2907 2958 
3 2908 2907 2959 
3 2958 2963 2957 
3 2907 2963 2958 
3 2963 2964 2957 
3 2957 2965 2942 
3 2964 2965 2957 
3 2942 2966 2941 
3 2965 2966 2942 
3 2916 2967 2917 
3 2938 2967 2916 
3 2938 2968 2967 
3 2939 2968 2938 
3 2941 2969 2940 
3 2966 2969 2941 
3 2939 2970 2968 
3 2940 2970 2939 
3 2940 2971 2970 
3 2969 2971 2940 
3 2909 2972 2907 
3 2907 2973 2963 
3 2972 2973 2907 
3 2963 2974 2964 
3 2973 2974 2963 
3 2964 2975 2965 
3 2974 2975 2964 
3 2965 2976 2966 
3 2975 2976 2965 
3 2966 2977 2969 
3 2976 2977 2966 
3 2969 2978 2971 
3 2977 2978 2969 
3 2978 2979 2971 
3 2979 2980 2971 
3 2971 2981 2970 
3 2980 2981 2971 
3 2970 2982 2968 
3 2981 2982 2970 
3 2968 2983 2967 
3 2982 2983 2968 
3 2967 2984 2917 
3 2983 2984 2967 
3 2917 2985 2911 
3 2984 2985 2917 
3 2911 2986 2947 
3 2985 2986 2911 
3 2947 2987 2948 
3 2986 2987 2947 
3 2987 2988 2948 
3 2948 2989 2949 
3 2988 2989 2948 
3 2988 2990 2989 
3 2987 2991 2988 
3 2988 2992 2990 
3 2991 2992 2988 
3 2949 2993 2950 
3 2989 2993 2949 
3 2989 2994 2993 
3 2990 2994 2989 
3 2990 2995 2994 
3 2992 2995 2990 
3 2992 2996 2995 
3 2992 2997 2996 
3 2991 2997 2992 
3 2996 2998 2995 
3 2996 2999 2998 
3 3000 3001 3002 
3 3003 3001 3000 
3 2996 3004 2999 
3 2997 3004 2996 
3 3000 3005 3003 
3 2999 3006 2998 
3 3005 3007 3003 
3 2999 3008 3006 
3 3007 3009 3003 
3 2999 3010 3008 
3 3004 3010 2999 
3 3007 3011 3009 
3 3008 3012 3006 
3 3011 3013 3009 
3 3008 3014 3012 
3 3011 3015 3013 
3 3008 3016 3014 
3 3010 3016 3008 
3 3015 3017 3013 
3 3016 3018 3014 
3 3015 3019 3017 
3 3014 3020 3012 
3 3018 3020 3014 
3 3019 3021 3017 
3 3018 3022 3020 
3 3019 3023 3021 
3 3018 3024 3022 
3 3023 3025 3021 
3 2987 3026 2991 
3 3025 3027 3021 
3 2991 3028 2997 
3 3026 3028 2991 
3 2997 3029 3004 
3 3028 3029 2997 
3 3004 3030 3010 
3 3029 3030 3004 
3 3010 3031 3016 
3 3030 3031 3010 
3 3016 3032 3018 
3 3031 3032 3016 
3 3018 3033 3024 
3 3032 3033 3018 
3 3033 3034 3024 
3 3024 3035 3022 
3 3034 3035 3024 
3 3034 3036 3035 
3 3036 3037 3035 
3 3036 3038 3037 
3 3035 3039 3022 
3 3037 3039 3035 
3 3022 3040 3020 
3 3039 3040 3022 
3 3020 3041 3012 
3 3040 3041 3020 
3 3012 3042 3006 
3 3041 3042 3012 
3 3006 3043 2998 
3 3042 3043 3006 
3 2998 3044 2995 
3 3043 3044 2998 
3 2995 3045 2994 
3 3044 3045 2995 
3 2994 3046 2993 
3 3045 3046 2994 
3 2993 3047 2950 
3 3046 3047 2993 
3 3038 3048 3037 
3 3038 3049 3048 
3 3049 3050 3048 
3 3049 3051 3050 
3 3051 3052 3050 
3 3051 3053 3052 
3 3034 3054 3036 
3 3036 3055 3038 
3 3054 3055 3036 
3 3038 3056 3049 
3 3055 3056 3038 
3 3049 3057 3051 
3 3056 3057 3049 
3 3051 3058 3053 
3 3057 3058 3051 
3 3053 3059 3052 
3 3053 3060 3059 
3 3058 3060 3053 
3 3060 3061 3059 
3 3060 3062 3061 
3 3062 3063 3061 
3 3062 3064 3063 
3 3064 3065 3063 
3 3064 3066 3065 
3 3066 3067 3065 
3 3066 3068 3067 
3 3068 3069 3067 
3 3068 3070 3069 
3 3070 3071 3069 
3 3070 3072 3071 
3 3072 3073 3071 
3 3072 3074 3073 
3 3074 3075 3073 
3 3074 3076 3075 
3 3076 3077 3075 
3 3076 3078 3077 
3 3078 3079 3077 
3 3079 3080 3077 
3 3079 3081 3080 
3 3079 3082 3081 
3 3082 3083 3081 
3 3082 3084 3083 
3 3084 3085 3083 
3 3084 3086 3085 
3 3086 3087 3085 
3 3086 3088 3087 
3 3088 3089 3087 
3 3088 3090 3089 
3 3090 3091 3089 
3 3090 3092 3091 
3 3092 3093 3091 
3 3092 3094 3093 
3 3094 3095 3093 
3 3094 3096 3095 
3 3096 3097 3095 
3 3096 3098 3097 
3 3098 3099 3097 
3 3098 3100 3099 
3 3100 3101 3099 
3 3100 3102 3101 
3 3102 3103 3101 
3 3102 3104 3103 
3 3104 3105 3103 
3 3104 3106 3105 
3 3106 3107 3105 
3 3106 3108 3107 
3 3108 3109 3107 
3 3108 3110 3109 
3 3110 3111 3109 
3 3110 3112 3111 
3 3112 3113 3111 
3 3112 3114 3113 
3 3114 3115 3113 
3 3114 3116 3115 
3 3116 3117 3115 
3 3116 3118 3117 
3 3118 3119 3117 
3 3118 3120 3119 
3 3120 3121 3119 
3 3120 3122 3121 
3 3122 3123 3121 
3 3122 3124 3123 
3 3124 3125 3123 
3 3124 3126 3125 
3 3126 3127 3125 
3 3126 3128 3127 
3 3128 3129 3127 
3 3128 3130 3129 
3 3130 3131 3129 
3 3130 3132 3131 
3 3132 3133 3131 
3 3132 3134 3133 
3 3134 3135 3133 
3 3134 3136 3135 
3 3136 3137 3135 
3 3136 3138 3137 
3 3138 3139 3137 
3 3138 3140 3139 
3 3140 3141 3139 
3 3140 3142 3141 
3 3142 3143 3141 
3 3142 3144 3143 
3 3144 3145 3143 
3 3144 3146 3145 
3 3146 3147 3145 
3 3146 3148 3147 
3 3148 3149 3147 
3 3149 3150 3147 
3 3148 3151 3149 
3 3149 3152 3150 
3 3151 3152 3149 
3 3152 3153 3150 
3 3151 3154 3152 
3 3152 3155 3153 
3 3154 3155 3152 
3 3155 3156 3153 
3 3154 3157 3155 
3 3155 3158 3156 
3 3157 3158 3155 
3 3158 3159 3156 
3 3157 3160 3158 
3 3158 3161 3159 
3 3160 3161 3158 
3 3161 3162 3159 
3 3160 3163 3161 
3 3161 3164 3162 
3 3163 3164 3161 
3 3164 3165 3162 
3 3163 3166 3164 
3 3164 3167 3165 
3 3166 3167 3164 
3 3167 3168 3165 
3 3166 3169 3167 
3 3167 3170 3168 
3 3169 3170 3167 
3 3170 3171 3168 
3 3169 3172 3170 
3 3170 3173 3171 
3 3172 3173 3170 
3 3173 3174 3171 
3 3172 3175 3173 
3 3173 3176 3174 
3 3175 3176 3173 
3 3176 3177 3174 
3 3175 3178 3176 
3 3176 3179 3177 
3 3178 3179 3176 
3 3179 3180 3177 
3 3178 3181 3179 
3 3179 3182 3180 
3 3181 3182 3179 
3 3182 3183 3180 
3 3181 3184 3182 
3 3182 3185 3183 
3 3184 3185 3182 
3 3185 3186 3183 
3 3184 3187 3185 
3 3185 3188 3186 
3 3187 3188 3185 
3 2950 3189 2951 
3 3047 3189 2950 
3 2951 3190 2952 
3 3189 3190 2951 
3 2952 3191 2953 
3 3190 3191 2952 
3 2953 3192 2954 
3 3191 3192 2953 
3 2954 3193 2955 
3 3192 3193 2954 
3 2955 3194 2956 
3 3193 3194 2955 
3 2909 2831 2972 
3 2909 3195 2831 
3 2910 3195 2909 
3 2956 3196 2961 
3 3194 3196 2956 
3 2961 3197 2962 
3 3196 3197 2961 
3 2910 3198 3195 
3 2910 3199 3198 
3 2962 3199 2910 
3 2962 3200 3199 
3 3197 3200 2962 
3 3188 3201 3186 
3 3187 3202 3188 
3 3188 3203 3201 
3 3202 3203 3188 
3 2831 2829 2972 
3 2972 2828 2973 
3 2829 2828 2972 
3 2973 2827 2974 
3 2828 2827 2973 
3 2974 2826 2975 
3 2827 2826 2974 
3 2975 2757 2976 
3 2826 2757 2975 
3 2976 3204 2977 
3 2757 3204 2976 
3 2977 3205 2978 
3 3204 3205 2977 
3 2987 3206 3026 
3 2986 3206 2987 
3 2986 3207 3206 
3 2985 3207 2986 
3 2985 3208 3207 
3 2984 3208 2985 
3 2984 3209 3208 
3 2983 3209 2984 
3 2983 2905 3209 
3 2982 2905 2983 
3 2978 3210 2979 
3 3205 3210 2978 
3 2982 2900 2905 
3 2981 2900 2982 
3 2981 2895 2900 
3 2980 2895 2981 
3 2980 2897 2895 
3 2979 2897 2980 
3 2979 2906 2897 
3 3210 2906 2979 
3 3203 3211 3201 
3 3202 3212 3203 
3 3203 3213 3211 
3 3212 3213 3203 
3 3212 3214 3213 
3 3213 3215 3211 
3 3213 3025 3215 
3 3214 3025 3213 
3 3214 3027 3025 
3 3021 3216 3017 
3 3027 3216 3021 
3 3017 3217 3013 
3 3216 3217 3017 
3 3013 3218 3009 
3 3217 3218 3013 
3 3009 3219 3003 
3 3218 3219 3009 
3 3003 3220 3001 
3 3219 3220 3003 
3 3025 3221 3215 
3 3023 3221 3025 
3 3023 3222 3221 
3 3019 3222 3023 
3 3019 3223 3222 
3 3015 3223 3019 
3 3220 3224 3001 
3 3001 3225 3002 
3 3224 3225 3001 
3 3015 3226 3223 
3 3011 3226 3015 
3 3011 3227 3226 
3 3007 3227 3011 
3 3007 3228 3227 
3 3005 3228 3007 
3 3005 3229 3228 
3 3000 3229 3005 
3 3000 3230 3229 
3 3002 3230 3000 
3 3002 3231 3230 
3 3225 3231 3002 
3 3224 3232 3225 
3 3225 3233 3231 
3 3232 3233 3225 
3 3232 3234 3233 
3 2898 3235 3236 
3 3237 3235 2898 
3 2898 2906 3237 
3 2906 3238 3237 
3 2906 3210 3238 
3 3210 3239 3238 
3 3236 2899 2898 
3 3236 3240 2899 
3 3236 2813 3240 
3 3236 2812 2813 
3 3235 2812 3236 
3 3235 2810 2812 
3 3237 2810 3235 
3 3237 2811 2810 
3 3238 2811 3237 
3 3238 2815 2811 
3 3239 2815 3238 
3 3239 2825 2815 
3 3239 3241 2825 
3 3239 3205 3241 
3 3210 3205 3239 
3 3241 2756 2825 
3 3241 3204 2756 
3 3205 3204 3241 
3 3240 2904 2899 
3 3240 3242 2904 
3 3240 2814 3242 
3 2813 2814 3240 
3 3204 2757 2756 
3 2814 2816 3242 
3 2846 3243 3244 
3 2845 3243 2846 
3 2845 3245 3243 
3 3245 3246 3243 
3 3243 3247 3244 
3 3246 3247 3243 
3 3244 2847 2846 
3 3244 3248 2847 
3 3247 3248 3244 
3 3248 2848 2847 
3 3248 3249 2848 
3 3248 3250 3249 
3 3250 3251 3249 
3 3249 2849 2848 
3 3249 3252 2849 
3 3251 3252 3249 
3 3251 3253 3252 
3 3252 2850 2849 
3 3252 3254 2850 
3 3253 3254 3252 
3 3253 3255 3254 
3 3254 2851 2850 
3 3254 3256 2851 
3 3255 3256 3254 
3 3256 2852 2851 
3 3255 3257 3256 
3 3256 3258 2852 
3 3257 3258 3256 
3 2845 2844 3245 
3 3245 3259 3246 
3 3245 3260 3259 
3 2844 3260 3245 
3 3258 2853 2852 
3 3257 3261 3258 
3 3258 3262 2853 
3 3261 3262 3258 
3 3262 2854 2853 
3 3262 3263 2854 
3 3262 3264 3263 
3 3261 3264 3262 
3 3264 3265 3263 
3 3263 2856 2854 
3 3265 2856 3263 
3 3264 3266 3265 
3 3266 3267 3265 
3 3265 2859 2856 
3 3267 2859 3265 
3 3267 3268 2859 
3 3267 3269 3268 
3 3266 3269 3267 
3 3269 3270 3268 
3 3270 3271 3268 
3 3270 3272 3271 
3 3272 3273 3271 
3 3272 3274 3273 
3 3274 3275 3273 
3 2844 2843 3260 
3 3260 3276 3259 
3 3260 3277 3276 
3 2843 3277 3260 
3 3274 3278 3275 
3 3278 3279 3275 
3 3278 3280 3279 
3 3280 3281 3279 
3 2843 2842 3277 
3 3277 3282 3276 
3 3277 3283 3282 
3 2842 3283 3277 
3 2842 2841 3283 
3 3283 3284 3282 
3 3283 3285 3284 
3 2841 3285 3283 
3 2841 2840 3285 
3 3285 3286 3284 
3 3285 3287 3286 
3 2840 3287 3285 
3 2840 2839 3287 
3 3287 3288 3286 
3 3287 3289 3288 
3 2839 3289 3287 
3 2839 2838 3289 
3 3289 3290 3288 
3 3289 3291 3290 
3 2838 3291 3289 
3 3291 3292 3290 
3 2838 2837 3291 
3 3291 3293 3292 
3 2837 3293 3291 
3 3293 3294 3292 
3 2837 2836 3293 
3 3293 3295 3294 
3 2836 3295 3293 
3 3295 3296 3294 
3 2836 2835 3295 
3 3295 3297 3296 
3 2835 3297 3295 
3 3297 3298 3296 
3 2835 2834 3297 
3 3297 3299 3298 
3 2834 3299 3297 
3 3299 3300 3298 
3 2834 2832 3299 
3 3299 3301 3300 
3 2832 3301 3299 
3 3301 3302 3300 
3 2832 2882 3301 
3 3301 3303 3302 
3 2882 3303 3301 
3 3268 2860 2859 
3 3271 2860 3268 
3 3271 2862 2860 
3 3273 2862 3271 
3 3273 2864 2862 
3 3275 2864 3273 
3 3275 2866 2864 
3 3279 2866 3275 
3 3279 2868 2866 
3 3281 2868 3279 
3 2882 2886 3303 
3 2886 3304 3303 
3 3280 3305 3281 
3 3305 3306 3281 
3 3281 2869 2868 
3 3306 2869 3281 
3 3303 3307 3302 
3 3304 3307 3303 
3 3305 3308 3306 
3 3306 2870 2869 
3 3308 2870 3306 
3 3304 3309 3310 
3 3304 2891 3309 
3 2886 2891 3304 
3 3304 3310 3307 
3 3308 2875 2870 
3 3311 3312 3313 
3 3314 3315 3312 
3 3316 3317 3318 
3 3319 3316 3320 
3 3311 3319 3321 
3 3322 3312 3315 
3 3323 3313 3312 
3 3324 3322 3325 
3 3326 3323 3322 
3 3327 3328 3329 
3 3330 3329 3331 
3 3324 3330 3332 
3 3332 3326 3324 
3 3331 3332 3330 
3 3330 3324 3327 
3 3329 3330 3327 
3 3322 3324 3326 
3 3325 3327 3324 
3 3312 3322 3323 
3 3315 3325 3322 
3 3321 3314 3311 
3 3320 3321 3319 
3 3319 3311 3317 
3 3316 3319 3317 
3 3312 3311 3314 
3 3313 3317 3311 
3 3333 3334 3335 
3 3336 3334 3333 
3 3336 3337 3334 
3 3337 3338 3334 
3 3338 3339 3334 
3 3334 3340 3335 
3 3339 3340 3334 
3 3335 3341 3342 
3 3335 3342 3333 
3 3335 3343 3341 
3 3340 3343 3335 
3 3337 3344 3338 
3 3337 3345 3344 
3 3337 3346 3345 
3 3336 3346 3337 
3 3338 3347 3339 
3 3344 3347 3338 
3 3341 3348 3342 
3 3341 3349 3348 
3 3343 3349 3341 
3 3346 3350 3345 
3 3346 3351 3350 
3 3346 3352 3351 
3 3346 3353 3352 
3 3336 3353 3346 
3 3336 3354 3353 
3 3333 3354 3336 
3 3333 3355 3354 
3 3342 3355 3333 
3 3342 3356 3355 
3 3348 3356 3342 
3 3350 3357 3345 
3 3350 3358 3357 
3 3351 3358 3350 
3 3352 3359 3351 
3 3351 3360 3358 
3 3359 3360 3351 
3 3359 3361 3360 
3 3360 3362 3358 
3 3360 3363 3362 
3 3361 3363 3360 
3 3361 3364 3363 
3 3363 3365 3362 
3 3363 3366 3365 
3 3364 3366 3363 
3 3364 3367 3366 
3 3366 3368 3365 
3 3366 3369 3368 
3 3367 3369 3366 
3 3367 3370 3369 
3 3369 3371 3368 
3 3369 3372 3371 
3 3370 3372 3369 
3 3370 3373 3372 
3 3372 3374 3371 
3 3372 3375 3374 
3 3373 3375 3372 
3 3339 3376 3340 
3 3339 3377 3376 
3 3347 3377 3339 
3 3348 3378 3356 
3 3348 3379 3378 
3 3349 3379 3348 
3 3345 3380 3344 
3 3357 3380 3345 
3 3344 3381 3347 
3 3380 3381 3344 
3 3381 3382 3347 
3 3347 3383 3377 
3 3382 3383 3347 
3 3340 3384 3343 
3 3376 3384 3340 
3 3343 3385 3349 
3 3384 3385 3343 
3 3349 3386 3379 
3 3385 3386 3349 
3 3379 3387 3378 
3 3379 3388 3387 
3 3386 3388 3379 
3 3373 3389 3375 
3 3389 3316 3375 
3 3375 3318 3374 
3 3316 3318 3375 
3 3389 3320 3316 
3 3388 3390 3387 
3 3391 3392 3393 
3 3394 3392 3391 
3 3394 3395 3392 
3 3395 3396 3392 
3 3395 3397 3396 
3 3397 3398 3396 
3 3391 3399 3394 
3 3399 3386 3394 
3 3394 3385 3395 
3 3386 3385 3394 
3 3391 3400 3399 
3 3391 3401 3400 
3 3393 3401 3391 
3 3395 3384 3397 
3 3385 3384 3395 
3 3397 3402 3398 
3 3402 3403 3398 
3 3398 3404 3396 
3 3403 3404 3398 
3 3396 3405 3392 
3 3404 3405 3396 
3 3399 3388 3386 
3 3399 3406 3388 
3 3400 3406 3399 
3 3397 3376 3402 
3 3384 3376 3397 
3 3402 3407 3403 
3 3402 3377 3407 
3 3376 3377 3402 
3 3392 3408 3393 
3 3405 3408 3392 
3 3393 3409 3401 
3 3408 3409 3393 
3 3408 3410 3409 
3 3377 3383 3407 
3 3406 3390 3388 
3 3250 3248 3411 
3 3412 3413 3414 
3 2751 3413 3412 
3 3412 2752 2751 
3 3412 3415 2752 
3 3412 3416 3415 
3 3414 3416 3412 
3 3414 3417 3416 
3 3414 3418 3417 
3 3413 3418 3414 
3 3417 3419 3416 
3 3417 3420 3419 
3 3417 3421 3420 
3 3418 3421 3417 
3 3421 3422 3420 
3 3421 3423 3422 
3 3415 2754 2752 
3 3423 3424 3422 
3 3425 3426 3427 
3 3428 3427 3426 
3 3429 3430 3431 
3 3432 3431 3430 
3 3433 3434 3435 
3 3436 3435 3434 
3 3437 3438 3439 
3 3440 3439 3438 
3 3434 3433 3441 
3 3442 3441 3433 
3 3443 3444 3445 
3 3443 3446 3444 
3 3446 3447 3444 
3 3447 3448 3444 
3 3444 3449 3445 
3 3448 3449 3444 
3 3447 3450 3448 
3 3448 3451 3449 
3 3450 3451 3448 
3 3451 3452 3449 
3 3449 3453 3445 
3 3452 3453 3449 
3 3453 3454 3445 
3 3445 3455 3443 
3 3454 3455 3445 
3 3455 3456 3443 
3 3443 3457 3446 
3 3456 3457 3443 
3 3446 3458 3447 
3 3457 3458 3446 
3 3447 3459 3450 
3 3458 3459 3447 
3 3459 3460 3450 
3 3460 3461 3450 
3 3450 3462 3451 
3 3461 3462 3450 
3 3451 3463 3452 
3 3462 3463 3451 
3 3463 3464 3452 
3 3463 3465 3464 
3 3463 3466 3465 
3 3462 3466 3463 
3 3462 3467 3466 
3 3461 3467 3462 
3 3460 3468 3461 
3 3461 3469 3467 
3 3468 3469 3461 
3 3467 3470 3466 
3 3466 3437 3465 
3 3470 3437 3466 
3 3467 3471 3470 
3 3469 3471 3467 
3 3470 3438 3437 
3 3471 3472 3470 
3 3465 3473 3464 
3 3437 3473 3465 
3 3437 3474 3473 
3 3437 3439 3474 
3 3472 3438 3470 
3 3471 3475 3472 
3 3472 3476 3438 
3 3475 3476 3472 
3 3471 3477 3475 
3 3469 3477 3471 
3 3469 3478 3477 
3 3468 3478 3469 
3 3477 3479 3475 
3 3475 3480 3476 
3 3479 3480 3475 
3 3476 3440 3438 
3 3476 3481 3440 
3 3480 3481 3476 
3 3477 3482 3479 
3 3478 3482 3477 
3 3482 3483 3479 
3 3479 3484 3480 
3 3483 3484 3479 
3 3480 3485 3481 
3 3484 3485 3480 
3 3468 3486 3478 
3 3478 3487 3482 
3 3486 3487 3478 
3 3481 3488 3440 
3 3481 3489 3488 
3 3485 3489 3481 
3 3482 3490 3483 
3 3487 3490 3482 
3 3483 3491 3484 
3 3490 3491 3483 
3 3484 3492 3485 
3 3491 3492 3484 
3 3485 3493 3489 
3 3492 3493 3485 
3 3468 3494 3486 
3 3460 3494 3468 
3 3460 3495 3494 
3 3459 3495 3460 
3 3459 3496 3495 
3 3458 3496 3459 
3 3452 3497 3453 
3 3464 3497 3452 
3 3453 3498 3454 
3 3497 3498 3453 
3 3458 3499 3496 
3 3457 3499 3458 
3 3454 3500 3455 
3 3498 3500 3454 
3 3455 3432 3456 
3 3500 3432 3455 
3 3456 3501 3457 
3 3430 3501 3456 
3 3457 3502 3499 
3 3501 3502 3457 
3 3500 3503 3432 
3 3432 3430 3456 
3 3503 3431 3432 
3 3430 3504 3501 
3 3501 3505 3502 
3 3504 3505 3501 
3 3473 3506 3464 
3 3464 3507 3497 
3 3506 3507 3464 
3 3497 3508 3498 
3 3507 3508 3497 
3 3498 3509 3500 
3 3508 3509 3498 
3 3500 3510 3503 
3 3509 3510 3500 
3 3507 3511 3508 
3 3508 3512 3509 
3 3511 3512 3508 
3 3509 3513 3510 
3 3512 3513 3509 
3 3506 3514 3507 
3 3507 3515 3511 
3 3514 3515 3507 
3 3430 3429 3504 
3 3431 3516 3429 
3 3431 3517 3516 
3 3503 3517 3431 
3 3503 3518 3517 
3 3510 3518 3503 
3 3510 3519 3518 
3 3513 3519 3510 
3 3511 3520 3512 
3 3515 3520 3511 
3 3512 3521 3513 
3 3520 3521 3512 
3 3513 3522 3519 
3 3521 3522 3513 
3 3514 3523 3515 
3 3515 3442 3520 
3 3523 3442 3515 
3 3520 3524 3521 
3 3442 3524 3520 
3 3521 3525 3522 
3 3524 3525 3521 
3 3525 3526 3522 
3 3522 3527 3519 
3 3526 3527 3522 
3 3519 3528 3518 
3 3527 3528 3519 
3 3518 3529 3517 
3 3528 3529 3518 
3 3517 3530 3516 
3 3529 3530 3517 
3 3516 3531 3429 
3 3530 3532 3516 
3 3532 3531 3516 
3 3429 3533 3504 
3 3531 3533 3429 
3 3504 3534 3505 
3 3533 3534 3504 
3 3527 3535 3528 
3 3528 3536 3529 
3 3535 3536 3528 
3 3529 3537 3530 
3 3536 3537 3529 
3 3530 3538 3532 
3 3537 3538 3530 
3 3538 3539 3532 
3 3532 3540 3531 
3 3539 3540 3532 
3 3533 3541 3534 
3 3533 3542 3541 
3 3531 3542 3533 
3 3531 3543 3542 
3 3540 3543 3531 
3 3540 3544 3543 
3 3540 3545 3544 
3 3539 3545 3540 
3 3539 3546 3545 
3 3539 3547 3546 
3 3538 3547 3539 
3 3538 3548 3547 
3 3537 3548 3538 
3 3537 3549 3548 
3 3536 3549 3537 
3 3536 3550 3549 
3 3535 3550 3536 
3 3535 3551 3550 
3 3527 3551 3535 
3 3527 3552 3551 
3 3526 3552 3527 
3 3442 3433 3524 
3 3523 3441 3442 
3 3524 3553 3525 
3 3433 3553 3524 
3 3525 3554 3526 
3 3553 3554 3525 
3 3526 3555 3552 
3 3554 3555 3526 
3 3433 3556 3553 
3 3553 3557 3554 
3 3556 3557 3553 
3 3554 3558 3555 
3 3557 3558 3554 
3 3473 3559 3506 
3 3474 3559 3473 
3 3506 3560 3514 
3 3559 3560 3506 
3 3514 3561 3523 
3 3560 3561 3514 
3 3523 3562 3441 
3 3561 3562 3523 
3 3562 3428 3441 
3 3433 3435 3556 
3 3428 3434 3441 
3 3556 3563 3557 
3 3435 3563 3556 
3 3426 3436 3434 
3 3435 3564 3563 
3 3436 3564 3435 
3 3547 3565 3546 
3 3547 3566 3565 
3 3548 3566 3547 
3 3548 3567 3566 
3 3549 3567 3548 
3 3549 3568 3567 
3 3550 3568 3549 
3 3550 3569 3568 
3 3551 3569 3550 
3 3551 3570 3569 
3 3552 3570 3551 
3 3552 3571 3570 
3 3555 3571 3552 
3 3557 3572 3558 
3 3563 3572 3557 
3 3555 3573 3571 
3 3558 3573 3555 
3 3558 3574 3573 
3 3572 3574 3558 
3 3564 3575 3563 
3 3563 3576 3572 
3 3575 3576 3563 
3 3572 3577 3574 
3 3576 3577 3572 
3 3487 3578 3490 
3 3487 3579 3578 
3 3486 3579 3487 
3 3486 3580 3579 
3 3494 3580 3486 
3 3494 3581 3580 
3 3495 3581 3494 
3 3495 3582 3581 
3 3496 3582 3495 
3 3496 3583 3582 
3 3499 3583 3496 
3 3499 3584 3583 
3 3502 3584 3499 
3 3502 3585 3584 
3 3505 3585 3502 
3 3505 3586 3585 
3 3534 3586 3505 
3 3534 3587 3586 
3 3541 3587 3534 
3 3565 3588 3546 
3 3546 3589 3545 
3 3588 3589 3546 
3 3545 3590 3544 
3 3589 3590 3545 
3 3544 3591 3543 
3 3590 3591 3544 
3 3543 3592 3542 
3 3591 3592 3543 
3 3542 3593 3541 
3 3592 3593 3542 
3 3541 3594 3587 
3 3593 3594 3541 
3 3559 3595 3560 
3 3560 3596 3561 
3 3595 3596 3560 
3 3561 3597 3562 
3 3596 3597 3561 
3 3562 3598 3428 
3 3597 3598 3562 
3 3428 3426 3434 
3 3598 3427 3428 
3 3426 3599 3436 
3 3426 3425 3599 
3 3427 3600 3425 
3 3427 3601 3600 
3 3598 3601 3427 
3 3598 3602 3601 
3 3597 3602 3598 
3 3597 3603 3602 
3 3596 3603 3597 
3 3596 3604 3603 
3 3595 3604 3596 
3 3565 3605 3588 
3 3565 3606 3605 
3 3566 3606 3565 
3 3566 3607 3606 
3 3567 3607 3566 
3 3567 3608 3607 
3 3568 3608 3567 
3 3568 3609 3608 
3 3569 3609 3568 
3 3569 3610 3609 
3 3570 3610 3569 
3 3570 3611 3610 
3 3571 3611 3570 
3 3571 3612 3611 
3 3573 3612 3571 
3 3436 3613 3564 
3 3599 3613 3436 
3 3564 3614 3575 
3 3613 3614 3564 
3 3575 3615 3576 
3 3614 3615 3575 
3 3576 3616 3577 
3 3615 3616 3576 
3 3573 3617 3612 
3 3574 3617 3573 
3 3574 3618 3617 
3 3577 3618 3574 
3 3577 3619 3618 
3 3616 3619 3577 
3 3425 3620 3599 
3 3599 3621 3613 
3 3620 3621 3599 
3 3613 3622 3614 
3 3621 3622 3613 
3 3614 3623 3615 
3 3622 3623 3614 
3 3615 3624 3616 
3 3623 3624 3615 
3 3616 3625 3619 
3 3624 3625 3616 
3 3605 3626 3588 
3 3588 3627 3589 
3 3626 3627 3588 
3 3589 3628 3590 
3 3627 3628 3589 
3 3600 3629 3425 
3 3425 3630 3620 
3 3629 3630 3425 
3 3620 3631 3621 
3 3630 3631 3620 
3 3621 3632 3622 
3 3631 3632 3621 
3 3622 3633 3623 
3 3632 3633 3622 
3 3628 3634 3590 
3 3590 3635 3591 
3 3634 3635 3590 
3 3623 3636 3624 
3 3633 3636 3623 
3 3624 3637 3625 
3 3636 3637 3624 
3 3637 3638 3625 
3 3625 3639 3619 
3 3638 3639 3625 
3 3619 3640 3618 
3 3639 3640 3619 
3 3618 3641 3617 
3 3640 3641 3618 
3 3617 3642 3612 
3 3641 3642 3617 
3 3612 3643 3611 
3 3642 3643 3612 
3 3611 3644 3610 
3 3643 3644 3611 
3 3610 3645 3609 
3 3644 3645 3610 
3 3609 3646 3608 
3 3645 3646 3609 
3 3608 3647 3607 
3 3646 3647 3608 
3 3607 3648 3606 
3 3647 3648 3607 
3 3606 3649 3605 
3 3648 3649 3606 
3 3605 3650 3626 
3 3649 3650 3605 
3 3626 3651 3627 
3 3650 3651 3626 
3 3627 3652 3628 
3 3651 3652 3627 
3 3628 3653 3634 
3 3652 3653 3628 
3 3653 3654 3634 
3 3634 3655 3635 
3 3654 3655 3634 
3 3578 3656 3490 
3 3490 3657 3491 
3 3656 3657 3490 
3 3491 3658 3492 
3 3657 3658 3491 
3 3489 3659 3488 
3 3489 3660 3659 
3 3493 3660 3489 
3 3492 3661 3493 
3 3658 3661 3492 
3 3493 3662 3660 
3 3661 3662 3493 
3 3661 3663 3662 
3 3661 3664 3663 
3 3658 3664 3661 
3 3658 3665 3664 
3 3657 3665 3658 
3 3657 3666 3665 
3 3656 3666 3657 
3 3591 3667 3592 
3 3635 3667 3591 
3 3592 3668 3593 
3 3667 3668 3592 
3 3593 3669 3594 
3 3668 3669 3593 
3 3666 3670 3665 
3 3665 3671 3664 
3 3670 3671 3665 
3 3671 3672 3664 
3 3664 3673 3663 
3 3672 3673 3664 
3 3663 3674 3662 
3 3673 3674 3663 
3 3662 3675 3660 
3 3674 3675 3662 
3 3660 3676 3659 
3 3675 3676 3660 
3 3630 3677 3631 
3 3630 3678 3677 
3 3629 3678 3630 
3 3629 3679 3678 
3 3629 3680 3679 
3 3600 3680 3629 
3 3600 3681 3680 
3 3601 3681 3600 
3 3601 3682 3681 
3 3602 3682 3601 
3 3602 3683 3682 
3 3603 3683 3602 
3 3603 3684 3683 
3 3604 3684 3603 
3 3635 3685 3667 
3 3655 3685 3635 
3 3654 3686 3655 
3 3655 3687 3685 
3 3686 3687 3655 
3 3667 3688 3668 
3 3685 3688 3667 
3 3685 3689 3688 
3 3687 3689 3685 
3 3668 3690 3669 
3 3688 3690 3668 
3 3679 3691 3678 
3 3678 3692 3677 
3 3691 3692 3678 
3 3631 3693 3632 
3 3677 3693 3631 
3 3677 3694 3693 
3 3692 3694 3677 
3 3688 3695 3690 
3 3689 3695 3688 
3 3670 3696 3671 
3 3671 3697 3672 
3 3696 3697 3671 
3 3672 3698 3673 
3 3699 3698 3672 
3 3697 3699 3672 
3 3699 3700 3698 
3 3699 3701 3700 
3 3701 3702 3700 
3 3701 3703 3702 
3 3703 3704 3702 
3 3703 3705 3704 
3 3705 3706 3704 
3 3705 3707 3706 
3 3707 3708 3706 
3 3707 3709 3708 
3 3709 3710 3708 
3 3709 3711 3710 
3 3711 3712 3710 
3 3711 3713 3712 
3 3713 3714 3712 
3 3713 3715 3714 
3 3715 3716 3714 
3 3715 3717 3716 
3 3717 3718 3716 
3 3717 3719 3718 
3 3719 3720 3718 
3 3717 3721 3719 
3 3721 3722 3719 
3 3719 3723 3720 
3 3722 3723 3719 
3 3692 3724 3694 
3 3692 3725 3724 
3 3691 3725 3692 
3 3674 3726 3675 
3 3675 3727 3676 
3 3726 3727 3675 
3 3725 3728 3724 
3 3673 3729 3674 
3 3698 3729 3673 
3 3674 3730 3726 
3 3729 3730 3674 
3 3439 3228 3474 
3 3474 3229 3559 
3 3228 3229 3474 
3 3730 3731 3726 
3 3726 3732 3727 
3 3731 3732 3726 
3 3559 3230 3595 
3 3229 3230 3559 
3 3439 3227 3228 
3 3440 3227 3439 
3 3440 3226 3227 
3 3488 3226 3440 
3 3488 3223 3226 
3 3659 3223 3488 
3 3659 3222 3223 
3 3676 3222 3659 
3 3676 3221 3222 
3 3727 3221 3676 
3 3722 3733 3723 
3 3722 2305 3733 
3 2305 3734 3733 
3 3722 2307 2305 
3 3721 2307 3722 
3 3578 2648 3656 
3 3656 2647 3666 
3 2648 2647 3656 
3 3666 2646 3670 
3 2647 2646 3666 
3 3670 2645 3696 
3 2646 2645 3670 
3 3696 2644 3697 
3 2645 2644 3696 
3 3697 2643 3699 
3 2644 2643 3697 
3 3699 2642 3701 
3 2643 2642 3699 
3 3701 2641 3703 
3 2642 2641 3701 
3 3703 2640 3705 
3 2641 2640 3703 
3 3705 2639 3707 
3 2640 2639 3705 
3 3707 2638 3709 
3 2639 2638 3707 
3 3709 2637 3711 
3 2638 2637 3709 
3 3711 2636 3713 
3 2637 2636 3711 
3 3713 2635 3715 
3 2636 2635 3713 
3 3715 2634 3717 
3 2635 2634 3715 
3 3717 2633 3721 
3 2634 2633 3717 
3 3721 2415 2307 
3 2633 2415 3721 
3 3698 3735 3729 
3 3700 3735 3698 
3 3700 3736 3735 
3 3702 3736 3700 
3 3702 3737 3736 
3 3704 3737 3702 
3 3595 3231 3604 
3 3230 3231 3595 
3 3578 2649 2648 
3 3579 2649 3578 
3 3579 2717 2649 
3 3580 2717 3579 
3 3580 2719 2717 
3 3581 2719 3580 
3 3604 3233 3684 
3 3231 3233 3604 
3 3581 2720 2719 
3 3582 2720 3581 
3 3582 2721 2720 
3 3583 2721 3582 
3 3583 2722 2721 
3 3584 2722 3583 
3 3584 2723 2722 
3 3585 2723 3584 
3 3585 2724 2723 
3 3586 2724 3585 
3 3586 2725 2724 
3 3587 2725 3586 
3 3587 2726 2725 
3 3594 2726 3587 
3 3594 2727 2726 
3 3669 2727 3594 
3 3669 2728 2727 
3 3690 2728 3669 
3 3725 3738 3728 
3 3725 3739 3738 
3 3725 3740 3739 
3 3691 3740 3725 
3 3691 3741 3740 
3 3679 3741 3691 
3 3679 3742 3741 
3 3680 3742 3679 
3 3680 3743 3742 
3 3681 3743 3680 
3 3681 3744 3743 
3 3682 3744 3681 
3 3632 3745 3633 
3 3693 3745 3632 
3 3633 3746 3636 
3 3745 3746 3633 
3 3636 3747 3637 
3 3746 3747 3636 
3 3637 3748 3638 
3 3747 3748 3637 
3 3748 3328 3638 
3 3638 3327 3639 
3 3328 3327 3638 
3 3639 3325 3640 
3 3327 3325 3639 
3 3640 3315 3641 
3 3325 3315 3640 
3 3641 3314 3642 
3 3315 3314 3641 
3 3642 3321 3643 
3 3314 3321 3642 
3 3643 3320 3644 
3 3321 3320 3643 
3 3644 3389 3645 
3 3320 3389 3644 
3 3645 3373 3646 
3 3389 3373 3645 
3 3646 3370 3647 
3 3373 3370 3646 
3 3647 3367 3648 
3 3370 3367 3647 
3 3648 3364 3649 
3 3367 3364 3648 
3 3649 3361 3650 
3 3364 3361 3649 
3 3650 3359 3651 
3 3361 3359 3650 
3 3651 3352 3652 
3 3359 3352 3651 
3 3652 3353 3653 
3 3352 3353 3652 
3 3353 3354 3653 
3 3653 3424 3654 
3 3354 3424 3653 
3 3704 3749 3737 
3 3706 3749 3704 
3 3706 3750 3749 
3 3708 3750 3706 
3 3708 3751 3750 
3 3710 3751 3708 
3 3710 3752 3751 
3 3712 3752 3710 
3 3712 3753 3752 
3 3714 3753 3712 
3 3714 3754 3753 
3 3716 3754 3714 
3 3716 3755 3754 
3 3718 3755 3716 
3 3718 3756 3755 
3 3720 3756 3718 
3 3720 3757 3756 
3 3723 3757 3720 
3 3723 3758 3757 
3 3733 3758 3723 
3 3733 3759 3758 
3 3734 3759 3733 
3 3690 2729 2728 
3 3695 2729 3690 
3 3682 3760 3744 
3 3683 3760 3682 
3 3683 3761 3760 
3 3684 3761 3683 
3 3684 3234 3761 
3 3233 3234 3684 
3 3654 3423 3686 
3 3424 3423 3654 
3 3686 3421 3687 
3 3423 3421 3686 
3 3687 3418 3689 
3 3421 3418 3687 
3 3689 3413 3695 
3 3418 3413 3689 
3 3693 3762 3745 
3 3694 3762 3693 
3 3694 3763 3762 
3 3724 3763 3694 
3 3724 3764 3763 
3 3728 3764 3724 
3 3695 2751 2729 
3 3413 2751 3695 
3 2305 2245 3734 
3 2245 3765 3734 
3 3727 3215 3221 
3 3732 3215 3727 
3 3731 3766 3732 
3 3732 3211 3215 
3 3766 3211 3732 
3 3734 3767 3759 
3 3765 3767 3734 
3 3728 3768 3764 
3 3738 3768 3728 
3 2245 2243 3765 
3 3765 3769 3767 
3 2243 3769 3765 
3 3739 3770 3738 
3 3738 3771 3768 
3 3770 3771 3738 
3 3766 3201 3211 
3 3770 3772 3771 
3 2243 2242 3769 
3 3773 3774 3775 
3 3776 3777 3774 
3 3774 3777 3775 
3 3778 3774 3773 
3 3778 3779 3774 
3 3778 3780 3779 
3 3780 3781 3779 
3 3779 3782 3774 
3 3781 3782 3779 
3 3782 3776 3774 
3 3783 3784 3777 
3 3777 3785 3775 
3 3784 3785 3777 
3 3773 3786 3778 
3 3778 3787 3780 
3 3786 3787 3778 
3 3787 3788 3780 
3 3780 3789 3781 
3 3788 3789 3780 
3 3787 3790 3788 
3 3788 3791 3789 
3 3790 3791 3788 
3 3776 3783 3777 
3 3790 3792 3791 
3 3792 3793 3791 
3 3784 3794 3785 
3 3792 3795 3793 
3 3795 3796 3793 
3 3796 3797 3793 
3 3793 3798 3791 
3 3797 3798 3793 
3 3784 3799 3794 
3 3784 3800 3799 
3 3783 3800 3784 
3 3799 3801 3794 
3 3801 3802 3794 
3 3794 3310 3785 
3 3802 3310 3794 
3 3785 3309 3775 
3 3310 3309 3785 
3 3775 2891 3773 
3 3309 2891 3775 
3 3791 3803 3789 
3 3798 3803 3791 
3 3789 3804 3781 
3 3803 3804 3789 
3 3781 3805 3782 
3 3804 3805 3781 
3 3786 2715 3787 
3 3787 2716 3790 
3 2715 2716 3787 
3 3790 2718 3792 
3 2716 2718 3790 
3 3773 2887 3786 
3 2891 2887 3773 
3 3786 2714 2715 
3 2887 2714 3786 
3 3782 3806 3776 
3 3805 3806 3782 
3 3776 3807 3783 
3 3806 3807 3776 
3 3792 2754 3795 
3 2718 2754 3792 
3 3795 3415 3796 
3 2754 3415 3795 
3 3796 3808 3797 
3 3796 3416 3808 
3 3415 3416 3796 
3 3783 3809 3800 
3 3807 3809 3783 
3 3801 3810 3802 
3 3416 3419 3808 
3 3811 3812 3813 
3 3814 3812 3811 
3 3811 3815 3814 
3 3815 3816 3814 
3 3815 3817 3816 
3 3817 3818 3816 
3 3812 3819 3813 
3 3820 3821 3822 
3 3823 3821 3820 
3 3823 3824 3821 
3 3823 3818 3824 
3 3818 3817 3824 
3 3822 3825 3820 
3 3826 3827 3828 
3 3826 3828 3829 
3 3827 3830 3828 
3 3827 3831 3830 
3 3829 3832 3826 
3 3829 3833 3832 
3 3833 3834 3832 
3 3833 3835 3834 
3 3831 3836 3830 
3 3831 3837 3836 
3 3837 3838 3836 
3 3837 3839 3838 
3 3840 3841 3842 
3 3843 3841 3840 
3 3842 3844 3840 
3 3842 3839 3844 
3 3839 3845 3844 
3 3837 3845 3839 
3 3837 3819 3845 
3 3831 3819 3837 
3 3831 3813 3819 
3 3827 3813 3831 
3 3843 3846 3841 
3 3840 3847 3843 
3 3843 3848 3846 
3 3847 3848 3843 
3 3833 3849 3835 
3 3833 3850 3849 
3 3829 3850 3833 
3 3829 3851 3850 
3 3828 3851 3829 
3 3828 3852 3851 
3 3830 3852 3828 
3 3830 3853 3852 
3 3836 3853 3830 
3 3836 3854 3853 
3 3838 3854 3836 
3 3838 3855 3854 
3 3839 3855 3838 
3 3839 3856 3855 
3 3842 3856 3839 
3 3842 3857 3856 
3 3841 3857 3842 
3 3841 3858 3857 
3 3846 3858 3841 
3 3827 3811 3813 
3 3826 3811 3827 
3 3826 3815 3811 
3 3832 3815 3826 
3 3832 3817 3815 
3 3834 3817 3832 
3 3834 3824 3817 
3 3834 3859 3824 
3 3835 3859 3834 
3 3846 3860 3858 
3 3846 3861 3860 
3 3848 3861 3846 
3 3849 3862 3835 
3 3835 3863 3859 
3 3862 3863 3835 
3 3859 3821 3824 
3 3859 3864 3821 
3 3863 3864 3859 
3 3847 3865 3848 
3 3848 3866 3861 
3 3865 3866 3848 
3 3864 3822 3821 
3 3865 3867 3866 
3 3868 3771 3772 
3 3869 3768 3771 
3 3870 3871 3872 
3 3873 3870 3874 
3 3871 3870 3873 
3 3875 3868 3876 
3 3877 3869 3868 
3 3878 3875 3879 
3 3874 3877 3875 
3 3880 3878 3881 
3 3882 3880 3883 
3 3884 3874 3878 
3 3885 3886 3855 
3 3883 3887 3886 
3 3885 3856 3857 
3 3888 3889 3890 
3 3889 3858 3860 
3 3882 3891 3889 
3 3891 3857 3858 
3 3892 3893 3894 
3 3892 3888 3895 
3 3884 3892 3873 
3 3884 3882 3888 
3 3892 3884 3888 
3 3873 3874 3884 
3 3893 3892 3895 
3 3894 3873 3892 
3 3889 3891 3858 
3 3888 3882 3889 
3 3890 3889 3860 
3 3895 3888 3890 
3 3883 3885 3891 
3 3891 3885 3857 
3 3886 3885 3883 
3 3855 3856 3885 
3 3882 3884 3880 
3 3880 3884 3878 
3 3883 3891 3882 
3 3883 3880 3887 
3 3887 3880 3881 
3 3878 3874 3875 
3 3881 3878 3879 
3 3875 3877 3868 
3 3879 3875 3876 
3 3873 3894 3871 
3 3874 3870 3877 
3 3877 3870 3869 
3 3869 3870 3872 
3 3869 3872 3768 
3 3868 3869 3771 
3 3876 3868 3772 
3 3896 3897 3898 
3 3899 3898 3900 
3 3901 3902 3896 
3 3903 3902 3901 
3 3903 3904 3902 
3 3902 3905 3896 
3 3902 3906 3905 
3 3904 3906 3902 
3 3896 3907 3901 
3 3896 3898 3907 
3 3905 3897 3896 
3 3905 3908 3897 
3 3906 3909 3905 
3 3909 3910 3908 
3 3909 3908 3905 
3 3908 3911 3897 
3 3897 3900 3898 
3 3911 3900 3897 
3 3908 3912 3911 
3 3910 3912 3908 
3 3911 3913 3900 
3 3911 3914 3913 
3 3912 3914 3911 
3 3913 3899 3900 
3 3913 3915 3899 
3 3914 3916 3913 
3 3916 3915 3913 
3 3916 3917 3915 
3 3915 3918 3899 
3 3915 3919 3918 
3 3917 3919 3915 
3 3917 3920 3919 
3 3920 3921 3919 
3 3919 3922 3918 
3 3921 3922 3919 
3 3918 3893 3899 
3 3899 3895 3898 
3 3893 3895 3899 
3 3898 3890 3907 
3 3895 3890 3898 
3 3918 3894 3893 
3 3922 3894 3918 
3 3920 3762 3921 
3 3762 3763 3921 
3 3921 3923 3922 
3 3763 3923 3921 
3 3916 3747 3917 
3 3916 3748 3747 
3 3914 3748 3916 
3 3922 3871 3894 
3 3923 3871 3922 
3 3890 3860 3907 
3 3907 3861 3901 
3 3860 3861 3907 
3 3901 3866 3903 
3 3861 3866 3901 
3 3914 3328 3748 
3 3912 3328 3914 
3 3912 3329 3328 
3 3910 3329 3912 
3 3910 3331 3329 
3 3909 3331 3910 
3 3909 3924 3331 
3 3906 3924 3909 
3 3906 3925 3924 
3 3904 3925 3906 
3 3904 3926 3925 
3 3903 3926 3904 
3 3903 3867 3926 
3 3866 3867 3903 
3 3917 3746 3920 
3 3747 3746 3917 
3 3920 3745 3762 
3 3746 3745 3920 
3 3923 3872 3871 
3 3923 3764 3872 
3 3763 3764 3923 
3 3764 3768 3872 
3 3927 3928 3929 
3 3930 3929 3928 
3 3931 3932 3933 
3 3934 3933 3932 
3 3935 3936 3937 
3 3938 3937 3936 
3 3939 3940 3941 
3 3942 3941 3940 
3 3943 3930 3944 
3 3928 3944 3930 
3 3945 3946 3947 
3 3948 3947 3946 
3 3949 3950 3951 
3 3952 3951 3950 
3 3953 3954 3955 
3 3956 3954 3953 
3 3956 3957 3954 
3 3956 3934 3957 
3 3956 3958 3934 
3 3956 3959 3958 
3 3953 3959 3956 
3 3955 3960 3953 
3 3953 3961 3959 
3 3960 3961 3953 
3 3961 3952 3959 
3 3959 3962 3958 
3 3952 3962 3959 
3 3962 3946 3958 
3 3958 3945 3934 
3 3946 3945 3958 
3 3934 3932 3957 
3 3945 3933 3934 
3 3947 3963 3945 
3 3945 3964 3933 
3 3963 3964 3945 
3 3932 3965 3957 
3 3932 3966 3965 
3 3967 3931 3933 
3 3957 3968 3954 
3 3965 3968 3957 
3 3931 3966 3932 
3 3965 3969 3968 
3 3966 3969 3965 
3 3954 3970 3955 
3 3968 3970 3954 
3 3968 3971 3970 
3 3969 3971 3968 
3 3960 3972 3961 
3 3973 3972 3960 
3 3955 3973 3960 
3 3955 3974 3973 
3 3970 3974 3955 
3 3970 3975 3974 
3 3971 3975 3970 
3 3964 3967 3933 
3 3931 3976 3966 
3 3931 3977 3976 
3 3967 3977 3931 
3 3966 3978 3969 
3 3976 3978 3966 
3 3969 3979 3971 
3 3978 3979 3969 
3 3971 3980 3975 
3 3979 3980 3971 
3 3979 3981 3980 
3 3979 3982 3981 
3 3978 3982 3979 
3 3978 3983 3982 
3 3978 3984 3983 
3 3976 3984 3978 
3 3976 3985 3984 
3 3977 3985 3976 
3 3983 3986 3982 
3 3983 3987 3986 
3 3984 3987 3983 
3 3984 3988 3987 
3 3985 3988 3984 
3 3982 3989 3981 
3 3986 3989 3982 
3 3986 3990 3989 
3 3991 3990 3986 
3 3988 3992 3987 
3 3987 3991 3986 
3 3992 3991 3987 
3 3977 3993 3985 
3 3985 3994 3988 
3 3993 3994 3985 
3 3988 3995 3992 
3 3994 3995 3988 
3 3992 3996 3991 
3 3995 3997 3992 
3 3997 3996 3992 
3 3991 3998 3990 
3 3996 3998 3991 
3 3977 3999 3993 
3 3967 3999 3977 
3 3993 4000 3994 
3 3999 4000 3993 
3 4000 4001 3994 
3 3994 4002 3995 
3 4001 4002 3994 
3 3995 4003 3997 
3 4002 4003 3995 
3 3964 4004 3967 
3 3967 4005 3999 
3 4004 4005 3967 
3 3999 4006 4000 
3 4005 4006 3999 
3 4000 4007 4001 
3 4006 4007 4000 
3 4002 4008 4003 
3 4001 4008 4002 
3 4001 4009 4008 
3 4007 4009 4001 
3 3981 3935 3980 
3 3989 3935 3981 
3 3989 4010 3935 
3 3990 4011 3989 
3 3990 4012 4011 
3 3998 4012 3990 
3 3998 4013 4012 
3 3998 4014 4013 
3 3996 4014 3998 
3 3996 4015 4014 
3 3997 4015 3996 
3 3997 4016 4015 
3 4003 4016 3997 
3 4003 4017 4016 
3 4008 4017 4003 
3 4012 4018 4011 
3 4012 4019 4018 
3 4013 4019 4012 
3 4013 4020 4019 
3 4013 4021 4020 
3 4014 4021 4013 
3 4014 4022 4021 
3 4015 4022 4014 
3 4015 4023 4022 
3 4016 4023 4015 
3 4016 4024 4023 
3 4017 4024 4016 
3 4017 3940 4024 
3 4008 3942 4017 
3 4008 4025 3942 
3 4009 4025 4008 
3 4004 4026 4005 
3 4005 4027 4006 
3 4026 4027 4005 
3 4006 4028 4007 
3 4027 4028 4006 
3 4007 4029 4009 
3 4028 4029 4007 
3 4009 4030 4025 
3 4029 4030 4009 
3 3964 4031 4004 
3 3963 4031 3964 
3 4004 4032 4026 
3 4031 4032 4004 
3 4026 4033 4027 
3 4032 4033 4026 
3 4027 4034 4028 
3 4033 4034 4027 
3 4028 4035 4029 
3 4034 4035 4028 
3 4029 4036 4030 
3 4035 4036 4029 
3 4032 4037 4033 
3 4033 4038 4034 
3 4037 4038 4033 
3 4034 4039 4035 
3 4038 4039 4034 
3 4035 3943 4036 
3 4039 3943 4035 
3 4036 3944 4030 
3 3943 3944 4036 
3 3944 4040 4030 
3 4030 4041 4025 
3 4040 4041 4030 
3 3975 4042 3974 
3 3937 4042 3975 
3 3980 3937 3975 
3 3935 3937 3980 
3 3935 4010 3936 
3 4011 4010 3989 
3 4011 4043 4010 
3 4018 4043 4011 
3 4010 4044 3936 
3 4043 4044 4010 
3 3937 3938 4042 
3 4045 3938 3936 
3 3974 4046 3973 
3 4042 4046 3974 
3 4042 4047 4046 
3 3938 4047 4042 
3 4044 4045 3936 
3 3938 4048 4047 
3 4045 4048 3938 
3 4025 4049 3942 
3 4041 4049 4025 
3 3942 3940 4017 
3 4049 3941 3942 
3 3940 4050 4024 
3 4024 4051 4023 
3 4050 4051 4024 
3 4023 4052 4022 
3 4051 4052 4023 
3 4022 4053 4021 
3 4052 4053 4022 
3 4021 4054 4020 
3 4053 4054 4021 
3 4020 4055 4019 
3 4054 4055 4020 
3 4019 4056 4018 
3 4055 4056 4019 
3 4018 4057 4043 
3 4056 4057 4018 
3 4043 4058 4044 
3 4057 4058 4043 
3 4044 4059 4045 
3 4058 4059 4044 
3 4056 4060 4057 
3 4057 4061 4058 
3 4060 4061 4057 
3 4058 4062 4059 
3 4061 4062 4058 
3 4045 4063 4048 
3 4059 4063 4045 
3 4059 4064 4063 
3 4062 4064 4059 
3 3973 4065 3972 
3 4046 4065 3973 
3 4046 4066 4065 
3 4047 4066 4046 
3 4047 4067 4066 
3 4047 4068 4067 
3 4048 4068 4047 
3 4048 4069 4068 
3 4063 4069 4048 
3 3972 4070 3961 
3 3961 4071 3952 
3 4070 4071 3961 
3 3963 4072 4031 
3 3947 4072 3963 
3 3947 4073 4072 
3 3947 3948 4073 
3 4074 3948 3946 
3 3952 3950 3962 
3 4071 3951 3952 
3 3962 4074 3946 
3 3950 4074 3962 
3 3972 4075 4070 
3 4065 4075 3972 
3 4065 4076 4075 
3 4066 4076 4065 
3 4031 4077 4032 
3 4072 4077 4031 
3 4072 4078 4077 
3 4073 4078 4072 
3 4073 4079 4078 
3 3948 4079 4073 
3 3948 4080 4079 
3 4074 4080 3948 
3 4074 4081 4080 
3 3950 4081 4074 
3 3950 3949 4081 
3 3951 4082 3949 
3 3951 4083 4082 
3 4071 4083 3951 
3 4071 4084 4083 
3 4070 4084 4071 
3 4070 4085 4084 
3 4075 4085 4070 
3 4075 4086 4085 
3 4076 4086 4075 
3 4066 4087 4076 
3 4067 4087 4066 
3 4076 4088 4086 
3 4087 4088 4076 
3 4067 4089 4087 
3 4068 4089 4067 
3 4068 4090 4089 
3 4069 4090 4068 
3 4087 4091 4088 
3 4089 4091 4087 
3 4091 4092 4088 
3 4088 4093 4086 
3 4092 4093 4088 
3 4086 4094 4085 
3 4093 4094 4086 
3 4090 4095 4089 
3 4089 4096 4091 
3 4095 4096 4089 
3 4091 4097 4092 
3 4096 4097 4091 
3 4092 4098 4093 
3 4097 4099 4092 
3 4099 4098 4092 
3 4093 4100 4094 
3 4098 4100 4093 
3 4032 4101 4037 
3 4077 4101 4032 
3 4041 4102 4049 
3 4040 4102 4041 
3 4049 4103 3941 
3 4102 4103 4049 
3 3940 3939 4050 
3 3941 4104 3939 
3 4103 4104 3941 
3 3944 3928 4040 
3 4040 4105 4102 
3 3928 4105 4040 
3 4102 4106 4103 
3 4105 4106 4102 
3 4103 4107 4104 
3 4106 4107 4103 
3 3928 3927 4105 
3 4105 4108 4106 
3 3927 4108 4105 
3 4106 4109 4107 
3 4108 4109 4106 
3 4077 4110 4101 
3 4078 4110 4077 
3 3930 4111 3929 
3 3930 4112 4111 
3 3943 4112 3930 
3 3943 4113 4112 
3 4039 4113 3943 
3 4039 4114 4113 
3 4038 4114 4039 
3 4038 4115 4114 
3 4037 4115 4038 
3 4037 4116 4115 
3 4101 4116 4037 
3 4101 4117 4116 
3 4110 4117 4101 
3 4064 4118 4063 
3 4063 4119 4069 
3 4118 4119 4063 
3 4109 4120 4107 
3 4107 4121 4104 
3 4120 4121 4107 
3 4104 4122 3939 
3 4121 4122 4104 
3 4085 4123 4084 
3 4094 4123 4085 
3 4084 4124 4083 
3 4123 4124 4084 
3 4083 4125 4082 
3 4124 4125 4083 
3 4094 4126 4123 
3 4100 4126 4094 
3 4123 4127 4124 
3 4126 4127 4123 
3 4124 4128 4125 
3 4127 4128 4124 
3 4079 4129 4078 
3 4079 4130 4129 
3 4080 4130 4079 
3 4080 4131 4130 
3 4081 4131 4080 
3 4081 4132 4131 
3 3949 4132 4081 
3 3949 4133 4132 
3 4082 4133 3949 
3 4082 4134 4133 
3 4125 4134 4082 
3 4125 4135 4134 
3 4128 4135 4125 
3 4069 4136 4090 
3 4119 4136 4069 
3 4090 4137 4095 
3 4136 4137 4090 
3 4095 4138 4096 
3 4137 4138 4095 
3 4096 4139 4097 
3 4138 4139 4096 
3 4097 4140 4099 
3 4139 4140 4097 
3 4099 4141 4098 
3 4099 4142 4141 
3 4140 4142 4099 
3 4098 4143 4100 
3 4100 4144 4126 
3 4143 4144 4100 
3 4126 4145 4127 
3 4144 4145 4126 
3 4127 4146 4128 
3 4145 4146 4127 
3 4128 4147 4135 
3 4146 4147 4128 
3 4056 4148 4060 
3 4055 4148 4056 
3 4148 4149 4060 
3 4060 4150 4061 
3 4149 4150 4060 
3 4061 4151 4062 
3 4150 4151 4061 
3 4149 4152 4150 
3 4150 4153 4151 
3 4152 4153 4150 
3 4062 4154 4064 
3 4151 4154 4062 
3 4151 4155 4154 
3 4153 4155 4151 
3 4064 4156 4118 
3 4154 4156 4064 
3 4154 4157 4156 
3 4155 4157 4154 
3 4098 4158 4143 
3 4141 4158 4098 
3 4143 4159 4144 
3 4158 4159 4143 
3 4144 4160 4145 
3 4159 4160 4144 
3 4145 4161 4146 
3 4160 4161 4145 
3 4146 4162 4147 
3 4161 4162 4146 
3 4149 4163 4152 
3 4149 4164 4163 
3 4148 4164 4149 
3 4148 4165 4164 
3 4055 4165 4148 
3 4054 4165 4055 
3 4054 4166 4165 
3 4053 4166 4054 
3 4053 4167 4166 
3 4052 4167 4053 
3 4052 4168 4167 
3 4051 4168 4052 
3 4051 4169 4168 
3 4050 4169 4051 
3 4050 4170 4169 
3 3939 4170 4050 
3 3939 4171 4170 
3 4122 4171 3939 
3 3929 4172 3927 
3 3929 4173 4172 
3 4111 4173 3929 
3 4078 4174 4110 
3 4129 4174 4078 
3 4110 4175 4117 
3 4174 4175 4110 
3 4118 3926 4119 
3 4119 3867 4136 
3 3926 3867 4119 
3 4172 4176 3927 
3 3927 4177 4108 
3 4176 4177 3927 
3 4108 4178 4109 
3 4177 4178 4108 
3 4109 4179 4120 
3 4178 4179 4109 
3 4118 3925 3926 
3 4156 3925 4118 
3 4129 4180 4174 
3 4129 4181 4180 
3 4130 4181 4129 
3 4179 3383 4120 
3 4120 3382 4121 
3 3383 3382 4120 
3 4121 4182 4122 
3 3382 4182 4121 
3 4122 4183 4171 
3 4182 4183 4122 
3 4130 4184 4181 
3 4131 4184 4130 
3 4131 4185 4184 
3 4132 4185 4131 
3 4132 4186 4185 
3 4133 4186 4132 
3 4133 4187 4186 
3 4134 4187 4133 
3 4134 4188 4187 
3 4135 4188 4134 
3 4135 4189 4188 
3 4147 4189 4135 
3 4147 4190 4189 
3 4162 4190 4147 
3 4142 3812 4141 
3 4141 3814 4158 
3 3812 3814 4141 
3 4158 3816 4159 
3 3814 3816 4158 
3 4159 3818 4160 
3 3816 3818 4159 
3 4160 3823 4161 
3 3818 3823 4160 
3 4161 3820 4162 
3 3823 3820 4161 
3 4162 3825 4190 
3 3820 3825 4162 
3 4111 4191 4173 
3 4111 4192 4191 
3 4112 4192 4111 
3 4112 4193 4192 
3 4113 4193 4112 
3 4113 4194 4193 
3 4114 4194 4113 
3 4114 4195 4194 
3 4115 4195 4114 
3 4115 4196 4195 
3 4116 4196 4115 
3 4116 4197 4196 
3 4117 4197 4116 
3 4117 4198 4197 
3 4175 4198 4117 
3 4136 3865 4137 
3 3867 3865 4136 
3 4137 3847 4138 
3 3865 3847 4137 
3 4138 3840 4139 
3 3847 3840 4138 
3 4139 3844 4140 
3 3840 3844 4139 
3 4140 3845 4142 
3 3844 3845 4140 
3 4142 3819 3812 
3 3845 3819 4142 
3 4156 3924 3925 
3 4157 3924 4156 
3 4157 3332 3924 
3 4157 3326 3332 
3 4155 3326 4157 
3 4155 3323 3326 
3 4153 3323 4155 
3 4153 3313 3323 
3 4152 3313 4153 
3 4152 3317 3313 
3 4163 3317 4152 
3 4163 3318 3317 
3 4164 3318 4163 
3 4164 4199 3318 
3 4165 4199 4164 
3 3332 3331 3924 
3 4199 3374 3318 
3 4200 3854 3855 
3 4201 3853 3854 
3 4202 4201 4203 
3 3852 3853 4201 
3 4203 4200 4204 
3 4205 4203 4206 
3 4207 3887 3881 
3 4204 3886 3887 
3 4206 4207 4208 
3 4209 4210 4211 
3 3876 4209 4212 
3 3772 4210 4209 
3 4212 4213 4214 
3 3879 4212 4208 
3 4208 3881 3879 
3 4214 4208 4212 
3 4209 3876 3772 
3 4212 3879 3876 
3 4212 4209 4213 
3 4213 4209 4211 
3 4215 4206 4208 
3 4215 4208 4214 
3 4206 4204 4207 
3 3887 4207 4204 
3 3881 4208 4207 
3 4206 4215 4205 
3 4204 4206 4203 
3 4201 4202 3852 
3 4203 4205 4202 
3 4203 4201 4200 
3 4200 4201 3854 
3 4204 4200 3886 
3 3886 4200 3855 
3 3247 3411 3248 
3 4216 4217 4218 
3 4219 4220 3411 
3 3246 4221 4218 
3 4221 4222 4223 
3 4224 3259 3276 
3 4221 3246 3259 
3 4225 4224 4226 
3 4222 4221 4224 
3 4227 3282 3284 
3 4226 3276 3282 
3 4228 4227 4229 
3 4230 4226 4227 
3 4231 3286 3288 
3 4229 3284 3286 
3 4232 4231 4233 
3 4234 4229 4231 
3 4235 3802 3810 
3 3307 4235 4236 
3 3310 3802 4235 
3 4237 4238 4236 
3 4238 3300 3302 
3 4239 4240 4241 
3 4238 4237 4240 
3 3298 4239 4242 
3 3300 4238 4239 
3 4243 4244 4245 
3 4242 4241 4244 
3 3294 4243 4246 
3 3296 4242 4243 
3 4247 4248 4249 
3 4246 4245 4248 
3 3290 4247 4233 
3 3292 4246 4247 
3 3290 3292 4247 
3 3288 3290 4233 
3 4247 4246 4248 
3 4233 4247 4249 
3 3294 3296 4243 
3 3292 3294 4246 
3 4243 4242 4244 
3 4246 4243 4245 
3 3298 3300 4239 
3 3296 3298 4242 
3 4239 4238 4240 
3 4242 4239 4241 
3 4236 4238 3302 
3 4250 4237 4236 
3 3307 3310 4235 
3 3302 3307 4236 
3 4236 4235 4250 
3 4250 4235 3810 
3 4232 4234 4231 
3 4249 4232 4233 
3 4231 4229 3286 
3 4233 4231 3288 
3 4228 4230 4227 
3 4234 4228 4229 
3 4227 4226 3282 
3 4229 4227 3284 
3 4225 4222 4224 
3 4230 4225 4226 
3 4224 4221 3259 
3 4226 4224 3276 
3 4218 4221 4223 
3 3247 3246 4218 
3 4216 4219 4217 
3 4217 4219 3411 
3 4223 4216 4218 
3 4218 4217 3247 
3 3247 4217 3411 
3 3264 4251 3266 
3 4252 4251 3264 
3 3264 3261 4252 
3 3261 4253 4252 
3 3261 4254 4253 
3 3261 3257 4254 
3 3257 4255 4254 
3 3257 3255 4255 
3 3255 4256 4255 
3 3255 3253 4256 
3 3253 4257 4256 
3 3253 3251 4257 
3 3251 4258 4257 
3 3251 3250 4258 
3 3250 4220 4258 
3 3250 3411 4220 
3 4251 3269 3266 
3 4259 4260 4250 
3 4261 4259 4262 
3 4263 4264 4260 
3 3801 4265 4262 
3 4265 4266 4267 
3 4268 4269 4270 
3 3800 4268 4271 
3 3809 4269 4268 
3 4266 4265 4271 
3 4265 3801 3799 
3 4272 4260 4264 
3 4237 4250 4260 
3 4273 4272 4274 
3 4240 4237 4272 
3 4275 4273 4276 
3 4244 4275 4277 
3 4241 4273 4275 
3 4278 4279 4277 
3 4279 4248 4245 
3 4280 4281 4282 
3 4279 4278 4281 
3 4249 4280 4283 
3 4248 4279 4280 
3 4284 4285 4283 
3 4285 4234 4232 
3 4286 4287 4288 
3 4285 4284 4287 
3 4228 4286 4289 
3 4234 4285 4286 
3 4290 4291 4289 
3 4291 4225 4230 
3 4292 4293 4294 
3 4291 4290 4293 
3 4222 4292 4295 
3 4225 4291 4292 
3 4296 4297 4295 
3 4297 4216 4223 
3 4298 4299 4300 
3 4297 4296 4299 
3 4219 4298 4301 
3 4216 4297 4298 
3 4302 4303 4301 
3 4303 4258 4220 
3 4304 4305 4306 
3 4303 4302 4305 
3 4257 4304 4307 
3 4258 4303 4304 
3 4308 4309 4307 
3 4309 4255 4256 
3 4310 4311 4312 
3 4309 4308 4311 
3 4254 4310 4313 
3 4255 4309 4310 
3 4314 4315 4313 
3 4315 4252 4253 
3 4316 4317 4318 
3 4315 4314 4317 
3 4251 4316 4319 
3 4252 4315 4316 
3 4320 4321 4319 
3 4321 3270 3269 
3 4322 4323 4324 
3 4321 4320 4323 
3 3272 4322 4325 
3 3270 4321 4322 
3 4326 4327 4325 
3 4327 3278 3274 
3 4328 4329 4330 
3 4327 4326 4329 
3 3280 4328 4331 
3 3278 4327 4328 
3 4332 4333 4331 
3 4333 3308 3305 
3 4334 4335 4336 
3 4333 4332 4335 
3 2875 4334 4337 
3 3308 4333 4334 
3 4338 4339 4337 
3 4339 2877 2876 
3 4340 4341 4342 
3 4339 4338 4341 
3 2878 4340 4343 
3 2877 4339 4340 
3 4344 4345 4343 
3 4345 2884 2879 
3 4346 4347 4348 
3 4345 4344 4347 
3 2888 4346 4349 
3 2884 4345 4346 
3 4350 4351 4349 
3 4351 2890 2889 
3 4352 4353 4354 
3 4351 4350 4353 
3 2656 4352 4355 
3 2890 4351 4353 
3 4356 4357 4355 
3 4357 2658 2657 
3 4358 4359 4360 
3 4357 4356 4359 
3 2659 4358 4361 
3 2658 4357 4358 
3 4362 4363 4361 
3 4363 2661 2660 
3 4364 4365 4366 
3 4363 4362 4365 
3 2662 4364 4367 
3 2661 4363 4364 
3 4368 4369 4367 
3 4369 2664 2663 
3 4370 4371 4372 
3 4369 4368 4371 
3 2665 4370 4373 
3 2664 4369 4370 
3 4374 4375 4373 
3 4375 2667 2666 
3 4376 4377 4378 
3 4375 4374 4377 
3 2668 4376 4379 
3 2667 4375 4376 
3 4380 4381 2735 
3 4382 4383 4381 
3 4380 2733 2731 
3 4384 2731 2730 
3 2712 4385 4386 
3 2669 4385 2712 
3 4387 4381 4383 
3 2737 2735 4381 
3 4388 4389 4390 
3 4391 4388 4392 
3 4392 4390 2741 
3 4387 4392 2739 
3 4393 4390 4389 
3 2743 2741 4390 
3 4394 4395 4396 
3 4394 4396 2747 
3 4393 4394 2745 
3 4397 4398 4399 
3 2749 2747 4399 
3 4400 2806 2817 
3 4401 2805 2806 
3 4402 2398 4403 
3 4404 4402 4405 
3 4405 4403 4406 
3 4400 4405 4407 
3 4408 4403 2398 
3 4409 4406 4403 
3 4410 4408 2316 
3 4411 4409 4408 
3 4412 2395 2394 
3 4413 4412 4414 
3 4410 4412 4413 
3 2393 4415 4414 
3 4415 4416 4417 
3 4418 2392 2391 
3 4415 2393 2392 
3 4419 4418 4420 
3 4416 4415 4418 
3 2390 4421 4420 
3 4421 4422 4423 
3 4424 2389 2388 
3 4421 2390 2389 
3 4425 4424 4426 
3 4422 4421 4424 
3 2387 4427 4426 
3 4427 4428 4429 
3 4430 2386 2385 
3 4427 2387 2386 
3 4431 4430 4432 
3 4428 4427 4430 
3 2384 4433 4432 
3 4433 4434 4435 
3 4436 2383 2382 
3 4433 2384 2383 
3 4437 4436 4438 
3 4434 4433 4436 
3 2381 4439 4438 
3 4439 4440 4441 
3 4442 2380 2379 
3 4439 2381 2380 
3 4443 4442 4444 
3 4440 4439 4442 
3 2378 4445 4444 
3 4445 4446 4447 
3 4448 2377 2753 
3 4445 2378 2377 
3 4449 4448 4398 
3 4446 4445 4448 
3 4449 4446 4448 
3 4397 4449 4398 
3 4448 4445 2377 
3 4398 4448 2753 
3 4444 4445 4447 
3 2379 2378 4444 
3 4443 4440 4442 
3 4447 4443 4444 
3 4442 4439 2380 
3 4444 4442 2379 
3 4438 4439 4441 
3 2382 2381 4438 
3 4437 4434 4436 
3 4441 4437 4438 
3 4436 4433 2383 
3 4438 4436 2382 
3 4432 4433 4435 
3 2385 2384 4432 
3 4431 4428 4430 
3 4435 4431 4432 
3 4430 4427 2386 
3 4432 4430 2385 
3 4426 4427 4429 
3 2388 2387 4426 
3 4425 4422 4424 
3 4429 4425 4426 
3 4424 4421 2389 
3 4426 4424 2388 
3 4420 4421 4423 
3 2391 2390 4420 
3 4419 4416 4418 
3 4423 4419 4420 
3 4418 4415 2392 
3 4420 4418 2391 
3 4414 4415 4417 
3 2394 2393 4414 
3 4413 4411 4410 
3 4417 4413 4414 
3 4412 4410 2395 
3 4414 4412 2394 
3 4408 4410 4411 
3 2316 2395 4410 
3 4403 4408 4409 
3 2398 2316 4408 
3 4407 4401 4400 
3 4406 4407 4405 
3 4405 4400 4404 
3 4403 4405 4402 
3 2806 4400 4401 
3 2817 4404 4400 
3 2753 2749 4398 
3 4398 2749 4399 
3 4396 4397 4399 
3 2745 2743 4393 
3 2747 2745 4394 
3 4394 4393 4395 
3 4399 2747 4396 
3 4390 4393 2743 
3 4389 4395 4393 
3 2739 2737 4387 
3 2741 2739 4392 
3 4392 4387 4391 
3 4390 4392 4388 
3 4381 4387 2737 
3 4383 4391 4387 
3 4379 4378 4385 
3 2669 4379 4385 
3 2730 2712 4386 
3 4384 4450 2731 
3 4386 4384 2730 
3 4382 4380 4450 
3 4450 4380 2731 
3 4381 4380 4382 
3 2735 2733 4380 
3 2668 2667 4376 
3 2669 2668 4379 
3 4376 4375 4377 
3 4379 4376 4378 
3 4373 4375 2666 
3 4372 4374 4373 
3 2665 2664 4370 
3 2666 2665 4373 
3 4370 4369 4371 
3 4373 4370 4372 
3 4367 4369 2663 
3 4366 4368 4367 
3 2662 2661 4364 
3 2663 2662 4367 
3 4364 4363 4365 
3 4367 4364 4366 
3 4361 4363 2660 
3 4360 4362 4361 
3 2659 2658 4358 
3 2660 2659 4361 
3 4358 4357 4359 
3 4361 4358 4360 
3 4355 4357 2657 
3 4354 4356 4355 
3 2656 2890 4352 
3 2657 2656 4355 
3 4352 2890 4353 
3 4355 4352 4354 
3 4349 4351 2889 
3 4348 4350 4349 
3 2888 2884 4346 
3 2889 2888 4349 
3 4346 4345 4347 
3 4349 4346 4348 
3 4343 4345 2879 
3 4342 4344 4343 
3 2878 2877 4340 
3 2879 2878 4343 
3 4340 4339 4341 
3 4343 4340 4342 
3 4337 4339 2876 
3 4336 4338 4337 
3 2875 3308 4334 
3 2876 2875 4337 
3 4334 4333 4335 
3 4337 4334 4336 
3 4331 4333 3305 
3 4330 4332 4331 
3 3280 3278 4328 
3 3305 3280 4331 
3 4328 4327 4329 
3 4331 4328 4330 
3 4325 4327 3274 
3 4324 4326 4325 
3 3272 3270 4322 
3 3274 3272 4325 
3 4322 4321 4323 
3 4325 4322 4324 
3 4319 4321 3269 
3 4318 4320 4319 
3 4251 4252 4316 
3 3269 4251 4319 
3 4316 4315 4317 
3 4319 4316 4318 
3 4313 4315 4253 
3 4312 4314 4313 
3 4254 4255 4310 
3 4253 4254 4313 
3 4310 4309 4311 
3 4313 4310 4312 
3 4307 4309 4256 
3 4306 4308 4307 
3 4257 4258 4304 
3 4256 4257 4307 
3 4304 4303 4305 
3 4307 4304 4306 
3 4301 4303 4220 
3 4300 4302 4301 
3 4219 4216 4298 
3 4220 4219 4301 
3 4298 4297 4299 
3 4301 4298 4300 
3 4295 4297 4223 
3 4294 4296 4295 
3 4222 4225 4292 
3 4223 4222 4295 
3 4292 4291 4293 
3 4295 4292 4294 
3 4289 4291 4230 
3 4288 4290 4289 
3 4228 4234 4286 
3 4230 4228 4289 
3 4286 4285 4287 
3 4289 4286 4288 
3 4283 4285 4232 
3 4282 4284 4283 
3 4249 4248 4280 
3 4232 4249 4283 
3 4280 4279 4281 
3 4283 4280 4282 
3 4277 4279 4245 
3 4451 4278 4277 
3 4241 4240 4273 
3 4244 4241 4275 
3 4245 4244 4277 
3 4277 4275 4451 
3 4451 4275 4276 
3 4272 4273 4240 
3 4274 4276 4273 
3 4260 4272 4237 
3 4264 4274 4272 
3 4271 4265 3799 
3 4452 4266 4271 
3 3800 3809 4268 
3 3799 3800 4271 
3 4271 4268 4452 
3 4452 4268 4270 
3 4262 4265 4267 
3 3810 3801 4262 
3 4261 4263 4259 
3 4259 4263 4260 
3 4267 4261 4262 
3 4262 4259 3810 
3 3810 4259 4250 
3 4453 4454 4455 
3 4456 4454 4453 
3 4456 4457 4454 
3 4456 4458 4457 
3 4458 4459 4457 
3 4458 4460 4459 
3 4460 4461 4459 
3 4460 4462 4461 
3 4463 4464 4465 
3 4466 4464 4463 
3 4463 4467 4466 
3 4464 4468 4465 
3 4468 4180 4465 
3 4468 4469 4180 
3 4465 4181 4463 
3 4180 4181 4465 
3 4463 4184 4467 
3 4181 4184 4463 
3 4467 4462 4466 
3 4462 4185 4461 
3 4467 4185 4462 
3 4184 4185 4467 
3 4461 4186 4459 
3 4185 4186 4461 
3 4459 4187 4457 
3 4186 4187 4459 
3 4457 4188 4454 
3 4187 4188 4457 
3 4454 4189 4455 
3 4188 4189 4454 
3 4468 4470 4469 
3 4470 4471 4469 
3 4469 4174 4180 
3 4471 4174 4469 
3 4471 4175 4174 
3 4471 4472 4175 
3 4470 4472 4471 
3 4455 4473 4453 
3 4455 4190 4473 
3 4189 4190 4455 
3 4472 4198 4175 
3 4190 3825 4473 
3 4474 3408 3405 
3 4176 3408 4474 
3 4176 3410 3408 
3 4176 4172 3410 
3 4172 4173 3410 
3 4173 4475 3410 
3 4173 4191 4475 
3 4191 4476 4475 
3 4191 4192 4476 
3 4192 4477 4476 
3 4192 4193 4477 
3 4193 4478 4477 
3 4193 4194 4478 
3 4194 4479 4478 
3 4194 4195 4479 
3 4195 4480 4479 
3 4195 4196 4480 
3 4196 4481 4480 
3 4196 4197 4481 
3 4197 4482 4481 
3 4197 4198 4482 
3 4198 4483 4482 
3 4198 4484 4483 
3 4198 4472 4484 
3 4472 4485 4484 
3 4472 4470 4485 
3 4470 4486 4485 
3 4470 4468 4486 
3 4468 4487 4486 
3 4468 4464 4487 
3 4464 4488 4487 
3 4464 4466 4488 
3 4466 4489 4488 
3 4466 4462 4489 
3 4462 4490 4489 
3 4462 4460 4490 
3 4460 4491 4490 
3 4460 4458 4491 
3 4458 4492 4491 
3 4458 4456 4492 
3 4456 4493 4492 
3 4456 4453 4493 
3 4453 4494 4493 
3 4453 4473 4494 
3 4473 4495 4494 
3 4473 3825 4495 
3 3825 4496 4495 
3 3825 3822 4496 
3 3822 4497 4496 
3 3822 3864 4497 
3 3405 3404 4474 
3 4498 3057 3056 
3 3058 3057 4498 
3 4499 4500 4501 
3 3054 4499 4502 
3 4502 4503 3056 
3 3055 4502 3056 
3 4503 4498 3056 
3 4502 4501 4503 
3 4502 3055 3054 
3 4501 4502 4499 
3 4499 3054 3034 
3 4504 4505 4500 
3 4506 3033 3032 
3 4507 3034 3033 
3 4508 4509 4510 
3 4511 4508 4512 
3 4512 4510 4513 
3 4506 4512 4504 
3 4514 3030 3029 
3 4515 3031 3030 
3 4511 3032 3031 
3 4516 4517 4518 
3 4519 4516 4520 
3 4521 4522 4509 
3 4520 4518 4522 
3 4515 4521 4508 
3 4514 4520 4521 
3 2902 2903 4523 
3 2901 2902 4524 
3 2905 2901 4525 
3 4526 4527 4528 
3 4524 4523 4527 
3 4529 4525 4524 
3 3208 4529 4530 
3 3209 4525 4529 
3 4530 4526 4531 
3 3207 4530 4532 
3 4533 4534 4517 
3 4535 4536 4534 
3 4531 4528 4536 
3 4519 3029 3028 
3 4516 4519 4537 
3 4538 3026 3206 
3 4537 3028 3026 
3 4535 4538 4532 
3 4533 4537 4538 
3 4538 4535 4533 
3 4532 4531 4535 
3 3026 4538 4537 
3 3206 4532 4538 
3 4537 4533 4516 
3 3028 4537 4519 
3 4536 4535 4531 
3 4534 4533 4535 
3 4517 4516 4533 
3 4532 3206 3207 
3 4531 4532 4530 
3 4529 3208 3209 
3 4530 3207 3208 
3 4530 4529 4526 
3 4526 4529 4524 
3 4527 4526 4524 
3 4528 4531 4526 
3 4525 3209 2905 
3 4524 4525 2901 
3 4523 4524 2902 
3 4521 4515 4514 
3 4508 4511 4515 
3 4522 4521 4520 
3 4509 4508 4521 
3 4520 4514 4519 
3 4518 4520 4516 
3 3031 4515 4511 
3 3030 4514 4515 
3 3029 4519 4514 
3 4504 4507 4506 
3 4513 4504 4512 
3 4512 4506 4511 
3 4510 4512 4508 
3 3033 4506 4507 
3 3032 4511 4506 
3 4507 4504 4500 
3 4507 4500 4499 
3 4504 4513 4505 
3 3034 4507 4499 
3 4539 4540 4541 
3 4542 4540 4539 
3 4542 4543 4540 
3 4543 4544 4540 
3 4544 4545 4540 
3 4540 4546 4541 
3 4545 4546 4540 
3 4544 4547 4545 
3 4547 4548 4545 
3 4545 4549 4546 
3 4548 4549 4545 
3 4547 4550 4548 
3 4548 4551 4549 
3 4550 4551 4548 
3 4551 4552 4549 
3 4552 4553 4549 
3 4549 4554 4546 
3 4553 4554 4549 
3 4546 4555 4541 
3 4554 4555 4546 
3 4541 4556 4539 
3 4555 4556 4541 
3 4553 4557 4554 
3 4554 4558 4555 
3 4557 4558 4554 
3 4555 4559 4556 
3 4558 4559 4555 
3 4557 4560 4558 
3 4558 4561 4559 
3 4560 4561 4558 
3 4560 4562 4561 
3 4560 4563 4562 
3 4560 4564 4563 
3 4557 4564 4560 
3 4550 4565 4551 
3 4551 4566 4552 
3 4565 4566 4551 
3 4557 4567 4564 
3 4553 4567 4557 
3 4553 4568 4567 
3 4552 4568 4553 
3 4552 4569 4568 
3 4566 4569 4552 
3 4566 4570 4569 
3 4566 4571 4570 
3 4565 4571 4566 
3 4542 4572 4543 
3 4563 4573 4562 
3 4571 4574 4570 
3 4574 4575 4570 
3 4576 4574 4577 
3 4576 4575 4574 
3 4570 4578 4569 
3 4575 4578 4570 
3 4569 4579 4568 
3 4578 4579 4569 
3 4568 4580 4567 
3 4579 4580 4568 
3 4567 4581 4564 
3 4580 4581 4567 
3 4564 4582 4563 
3 4581 4582 4564 
3 4563 4583 4573 
3 4582 4583 4563 
3 4542 4584 4572 
3 4584 4585 4572 
3 4542 4586 4584 
3 4539 4586 4542 
3 4539 4587 4586 
3 4556 4587 4539 
3 4556 4588 4587 
3 4559 4588 4556 
3 4559 4589 4588 
3 4561 4589 4559 
3 4561 4590 4589 
3 4562 4590 4561 
3 4562 4591 4590 
3 4573 4591 4562 
3 4583 4592 4573 
3 4573 4593 4591 
3 4592 4593 4573 
3 4409 4594 4595 
3 4411 4594 4409 
3 4411 4596 4594 
3 4411 4413 4596 
3 4413 4597 4596 
3 4413 4417 4597 
3 4417 4598 4597 
3 4417 4416 4598 
3 4416 4599 4598 
3 4416 4419 4599 
3 4419 4600 4599 
3 4419 4423 4600 
3 4423 4601 4600 
3 4423 4422 4601 
3 4422 4602 4601 
3 4422 4425 4602 
3 4425 4603 4602 
3 4425 4429 4603 
3 4429 4604 4603 
3 4429 4428 4604 
3 4428 4605 4604 
3 4428 4431 4605 
3 4431 4606 4605 
3 4431 4435 4606 
3 4435 4607 4606 
3 4435 4434 4607 
3 4434 4608 4607 
3 4434 4437 4608 
3 4437 4609 4608 
3 4437 4441 4609 
3 4441 4610 4609 
3 4441 4440 4610 
3 4440 4611 4610 
3 4440 4443 4611 
3 4443 4612 4611 
3 4443 4447 4612 
3 4447 4613 4612 
3 4447 4446 4613 
3 4446 4614 4613 
3 4446 4449 4614 
3 4449 4615 4614 
3 4449 4397 4615 
3 4397 4616 4615 
3 4397 4396 4616 
3 4396 4617 4616 
3 4396 4395 4617 
3 4395 4618 4617 
3 4395 4389 4618 
3 4389 4619 4618 
3 4389 4388 4619 
3 4388 4620 4619 
3 4388 4391 4620 
3 4391 4621 4620 
3 4391 4383 4621 
3 4383 4622 4621 
3 4383 4382 4622 
3 4382 4623 4622 
3 4382 4450 4623 
3 4450 4624 4623 
3 4450 4384 4624 
3 4384 4625 4624 
3 4384 4386 4625 
3 4386 4626 4625 
3 4386 4385 4626 
3 4385 4627 4626 
3 4385 4378 4627 
3 4378 4628 4627 
3 4378 4377 4628 
3 4377 4629 4628 
3 4377 4374 4629 
3 4374 4630 4629 
3 4374 4372 4630 
3 4372 4631 4630 
3 4372 4371 4631 
3 4371 4632 4631 
3 4371 4368 4632 
3 4368 4633 4632 
3 4368 4366 4633 
3 4366 4634 4633 
3 4366 4365 4634 
3 4365 4635 4634 
3 4365 4362 4635 
3 4362 4636 4635 
3 4362 4360 4636 
3 4360 4637 4636 
3 4360 4359 4637 
3 4359 4638 4637 
3 4359 4356 4638 
3 4356 4639 4638 
3 4356 4354 4639 
3 4354 4640 4639 
3 4354 4353 4640 
3 4353 4641 4640 
3 4353 4350 4641 
3 4350 4642 4641 
3 4350 4348 4642 
3 4348 4643 4642 
3 4348 4347 4643 
3 4347 4644 4643 
3 4347 4344 4644 
3 4344 4645 4644 
3 4344 4342 4645 
3 4342 4646 4645 
3 4342 4341 4646 
3 4341 4647 4646 
3 4341 4338 4647 
3 4338 4648 4647 
3 4338 4336 4648 
3 4336 4649 4648 
3 4336 4335 4649 
3 4335 4650 4649 
3 4335 4332 4650 
3 4332 4651 4650 
3 4332 4330 4651 
3 4330 4652 4651 
3 4330 4329 4652 
3 4329 4653 4652 
3 4329 4326 4653 
3 4326 4654 4653 
3 4326 4324 4654 
3 4324 4655 4654 
3 4324 4323 4655 
3 4323 4656 4655 
3 4323 4320 4656 
3 4320 4657 4656 
3 4320 4318 4657 
3 4318 4658 4657 
3 4318 4317 4658 
3 4317 4659 4658 
3 4317 4314 4659 
3 4314 4660 4659 
3 4314 4312 4660 
3 4312 4661 4660 
3 4312 4311 4661 
3 4311 4662 4661 
3 4311 4308 4662 
3 4308 4663 4662 
3 4308 4306 4663 
3 4306 4664 4663 
3 4306 4305 4664 
3 4305 4665 4664 
3 4305 4302 4665 
3 4302 4666 4665 
3 4302 4300 4666 
3 4300 4667 4666 
3 4300 4299 4667 
3 4299 4668 4667 
3 4299 4296 4668 
3 4296 4669 4668 
3 4296 4294 4669 
3 4294 4670 4669 
3 4294 4293 4670 
3 4293 4671 4670 
3 4293 4290 4671 
3 4290 4672 4671 
3 4290 4288 4672 
3 4288 4673 4672 
3 4288 4287 4673 
3 4287 4674 4673 
3 4287 4284 4674 
3 4284 4675 4674 
3 4284 4282 4675 
3 4282 4676 4675 
3 4282 4281 4676 
3 4281 4585 4676 
3 4585 4278 4572 
3 4281 4278 4585 
3 4572 4451 4543 
3 4278 4451 4572 
3 4543 4276 4544 
3 4451 4276 4543 
3 4544 4274 4547 
3 4276 4274 4544 
3 4547 4264 4550 
3 4274 4264 4547 
3 4550 4263 4565 
3 4264 4263 4550 
3 4565 4261 4571 
3 4263 4261 4565 
3 4571 4267 4574 
3 4261 4267 4571 
3 4574 4266 4577 
3 4267 4266 4574 
3 4595 4406 4409 
3 4595 4677 4406 
3 4677 4407 4406 
3 4677 4678 4407 
3 4678 4401 4407 
3 4678 4679 4401 
3 4595 4680 4677 
3 4594 4680 4595 
3 4677 4681 4678 
3 4680 4681 4677 
3 4678 4682 4679 
3 4681 4682 4678 
3 4577 4683 4576 
3 4577 4452 4683 
3 4266 4452 4577 
3 4679 2805 4401 
3 4679 2816 2805 
3 4682 2816 4679 
3 4592 4684 4593 
3 4452 4270 4683 
3 4685 4686 4687 
3 4688 4686 4685 
3 4685 4689 4688 
3 4689 4690 4688 
3 4686 4691 4687 
3 4686 4692 4691 
3 4686 4693 4692 
3 4688 4693 4686 
3 4692 4694 4691 
3 4694 4695 4691 
3 4695 3850 4691 
3 4691 3851 4687 
3 3850 3851 4691 
3 3851 4202 4687 
3 4687 4205 4685 
3 4202 4205 4687 
3 4685 4215 4689 
3 4205 4215 4685 
3 4215 4214 4689 
3 4689 4696 4690 
3 4214 4696 4689 
3 4688 4697 4693 
3 4690 4697 4688 
3 4690 4698 4697 
3 4696 4698 4690 
3 4214 4213 4696 
3 4696 4699 4698 
3 4213 4699 4696 
3 4695 3849 3850 
3 4695 4700 3849 
3 4694 4700 4695 
3 3851 3852 4202 
3 4213 4211 4699 
3 4700 3862 3849 
3 4701 4702 4703 
3 4704 4702 4701 
3 4701 4705 4704 
3 4705 4706 4704 
3 4704 4707 4702 
3 4704 4708 4707 
3 4706 4708 4704 
3 4701 4709 4705 
3 4703 4710 4701 
3 4701 4711 4709 
3 4710 4711 4701 
3 4711 4712 4709 
3 4711 4713 4712 
3 4711 4714 4713 
3 4710 4714 4711 
3 4710 4715 4714 
3 4710 4716 4715 
3 4703 4716 4710 
3 4703 4717 4716 
3 4702 4717 4703 
3 4702 4718 4717 
3 4707 4718 4702 
3 4708 4719 4707 
3 4707 4720 4718 
3 4719 4720 4707 
3 4706 4721 4708 
3 4708 4722 4719 
3 4721 4722 4708 
3 4719 4723 4720 
3 4722 4724 4719 
3 4724 4723 4719 
3 4723 4725 4720 
3 4720 4726 4718 
3 4725 4726 4720 
3 4718 4727 4717 
3 4726 4727 4718 
3 4717 4728 4716 
3 4727 4728 4717 
3 4716 4729 4715 
3 4728 4729 4716 
3 4715 4730 4714 
3 4715 4731 4730 
3 4729 4731 4715 
3 4721 4732 4722 
3 4722 4733 4724 
3 4732 4733 4722 
3 4733 4734 4724 
3 4724 4735 4723 
3 4734 4735 4724 
3 4723 4736 4725 
3 4735 4736 4723 
3 4736 4737 4725 
3 4725 4738 4726 
3 4737 4738 4725 
3 4726 4739 4727 
3 4738 4739 4726 
3 4738 4740 4739 
3 4738 4741 4740 
3 4737 4741 4738 
3 4737 4742 4741 
3 4743 4742 4737 
3 4741 4744 4740 
3 4741 4745 4744 
3 4742 4745 4741 
3 4736 4743 4737 
3 4742 4746 4745 
3 4742 4747 4746 
3 4743 4747 4742 
3 4736 4748 4743 
3 4735 4748 4736 
3 4743 4749 4747 
3 4743 4750 4749 
3 4748 4750 4743 
3 4735 4751 4748 
3 4734 4751 4735 
3 4748 4752 4750 
3 4751 4752 4748 
3 4750 4753 4749 
3 4750 4754 4753 
3 4752 4754 4750 
3 4734 4755 4751 
3 4751 4756 4752 
3 4755 4756 4751 
3 4752 4757 4754 
3 4756 4757 4752 
3 4754 4758 4753 
3 4754 4759 4758 
3 4757 4759 4754 
3 4734 4760 4755 
3 4733 4760 4734 
3 4755 4761 4756 
3 4755 4762 4761 
3 4760 4762 4755 
3 4756 4763 4757 
3 4761 4763 4756 
3 4761 4764 4763 
3 4761 4765 4764 
3 4762 4765 4761 
3 4733 4766 4760 
3 4732 4766 4733 
3 4760 4767 4762 
3 4766 4767 4760 
3 4762 4768 4765 
3 4767 4768 4762 
3 4757 4769 4759 
3 4763 4769 4757 
3 4763 4770 4769 
3 4764 4770 4763 
3 4764 4771 4770 
3 4765 4771 4764 
3 4765 4772 4771 
3 4768 4772 4765 
3 4759 4773 4758 
3 4759 4774 4773 
3 4769 4774 4759 
3 4769 4775 4774 
3 4770 4775 4769 
3 4770 4776 4775 
3 4771 4776 4770 
3 4774 4777 4773 
3 4774 4778 4777 
3 4775 4778 4774 
3 4775 4779 4778 
3 4776 4779 4775 
3 4772 4780 4771 
3 4771 4781 4776 
3 4780 4781 4771 
3 4776 4782 4779 
3 4781 4782 4776 
3 4782 4783 4779 
3 4779 4784 4778 
3 4783 4784 4779 
3 4784 4785 4778 
3 4778 4786 4777 
3 4785 4786 4778 
3 4777 4787 4773 
3 4786 4787 4777 
3 4773 4788 4758 
3 4787 4788 4773 
3 4758 4789 4753 
3 4788 4789 4758 
3 4753 4790 4749 
3 4789 4790 4753 
3 4749 4791 4747 
3 4790 4791 4749 
3 4747 4792 4746 
3 4791 4792 4747 
3 4727 4793 4728 
3 4739 4793 4727 
3 4728 4794 4729 
3 4793 4794 4728 
3 4729 4795 4731 
3 4794 4795 4729 
3 4714 4796 4713 
3 4730 4797 4796 
3 4730 4796 4714 
3 4730 4798 4797 
3 4731 4798 4730 
3 4731 4799 4798 
3 4795 4799 4731 
3 4789 4800 4790 
3 4789 4801 4800 
3 4788 4801 4789 
3 4788 4802 4801 
3 4787 4802 4788 
3 4787 4803 4802 
3 4786 4803 4787 
3 4786 4804 4803 
3 4785 4804 4786 
3 4801 4805 4800 
3 4801 4806 4805 
3 4802 4806 4801 
3 4802 4807 4806 
3 4803 4807 4802 
3 4806 4808 4805 
3 4806 4809 4808 
3 4807 4809 4806 
3 4790 4810 4791 
3 4800 4810 4790 
3 4800 4811 4810 
3 4805 4811 4800 
3 4805 4812 4811 
3 4808 4812 4805 
3 4809 4813 4808 
3 4808 4814 4812 
3 4813 4814 4808 
3 4803 4815 4807 
3 4804 4815 4803 
3 4807 4816 4809 
3 4815 4816 4807 
3 4809 4817 4813 
3 4816 4817 4809 
3 4813 4818 4814 
3 4813 4819 4818 
3 4817 4819 4813 
3 4791 4820 4792 
3 4810 4820 4791 
3 4713 4821 4712 
3 4713 4822 4821 
3 4796 4822 4713 
3 4796 4823 4822 
3 4797 4823 4796 
3 4797 4824 4823 
3 4825 4824 4797 
3 4798 4825 4797 
3 4798 4826 4825 
3 4799 4826 4798 
3 4822 4827 4821 
3 4822 4828 4827 
3 4823 4828 4822 
3 4823 4829 4828 
3 4824 4829 4823 
3 4824 4830 4829 
3 4825 4830 4824 
3 4825 4831 4830 
3 4826 4831 4825 
3 4831 4832 4830 
3 4832 4833 4830 
3 4830 4834 4829 
3 4833 4834 4830 
3 4829 4835 4828 
3 4834 4835 4829 
3 4828 4836 4827 
3 4835 4836 4828 
3 4833 4837 4834 
3 4834 4838 4835 
3 4837 4838 4834 
3 4835 4839 4836 
3 4838 4839 4835 
3 4833 4840 4837 
3 4840 4841 4837 
3 4837 4842 4838 
3 4841 4842 4837 
3 4838 4843 4839 
3 4842 4843 4838 
3 4780 4844 4781 
3 4781 4845 4782 
3 4844 4845 4781 
3 4782 4846 4783 
3 4845 4846 4782 
3 4810 4847 4820 
3 4811 4847 4810 
3 4833 4848 4840 
3 4848 4849 4840 
3 4840 4850 4841 
3 4849 4850 4840 
3 4848 4851 4849 
3 4851 4852 4849 
3 4849 4853 4850 
3 4852 4853 4849 
3 4833 4854 4848 
3 4832 4854 4833 
3 4848 4855 4851 
3 4854 4855 4848 
3 4851 4856 4852 
3 4855 4856 4851 
3 4856 4857 4852 
3 4852 4858 4853 
3 4857 4858 4852 
3 4811 4859 4847 
3 4812 4859 4811 
3 4844 4860 4845 
3 4845 4861 4846 
3 4860 4861 4845 
3 4841 4862 4842 
3 4850 4862 4841 
3 4850 4863 4862 
3 4853 4863 4850 
3 4853 4864 4863 
3 4858 4864 4853 
3 4812 4865 4859 
3 4814 4865 4812 
3 4842 4866 4843 
3 4862 4866 4842 
3 4814 4867 4865 
3 4818 4867 4814 
3 4862 4868 4866 
3 4863 4868 4862 
3 4863 4869 4868 
3 4864 4869 4863 
3 4819 4870 4818 
3 4818 4871 4867 
3 4870 4871 4818 
3 4868 4872 4866 
3 4868 4873 4872 
3 4869 4873 4868 
3 4856 4874 4857 
3 4872 4476 4866 
3 4866 4477 4843 
3 4476 4477 4866 
3 4843 4478 4839 
3 4477 4478 4843 
3 4839 4479 4836 
3 4478 4479 4839 
3 4836 4480 4827 
3 4479 4480 4836 
3 4827 4481 4821 
3 4480 4481 4827 
3 4821 4482 4712 
3 4481 4482 4821 
3 4712 4483 4709 
3 4482 4483 4712 
3 4709 4484 4705 
3 4483 4484 4709 
3 4705 4485 4706 
3 4484 4485 4705 
3 4706 4486 4721 
3 4485 4486 4706 
3 4721 4487 4732 
3 4486 4487 4721 
3 4732 4488 4766 
3 4487 4488 4732 
3 4766 4489 4767 
3 4488 4489 4766 
3 4767 4490 4768 
3 4489 4490 4767 
3 4768 4491 4772 
3 4490 4491 4768 
3 4772 4492 4780 
3 4491 4492 4772 
3 4780 4493 4844 
3 4492 4493 4780 
3 4844 4494 4860 
3 4493 4494 4844 
3 4739 4270 4793 
3 4740 4270 4739 
3 4740 4683 4270 
3 4744 4683 4740 
3 4744 4576 4683 
3 4745 4576 4744 
3 4745 4575 4576 
3 4746 4575 4745 
3 4746 4578 4575 
3 4792 4578 4746 
3 4792 4579 4578 
3 4820 4579 4792 
3 4793 4269 4794 
3 4270 4269 4793 
3 4794 3809 4795 
3 4269 3809 4794 
3 4795 3807 4799 
3 3809 3807 4795 
3 4785 4875 4804 
3 4785 4876 4875 
3 4784 4876 4785 
3 4784 4877 4876 
3 4783 4877 4784 
3 4783 4878 4877 
3 4846 4878 4783 
3 4799 3806 4826 
3 3807 3806 4799 
3 4826 3805 4831 
3 3806 3805 4826 
3 4831 3804 4832 
3 3805 3804 4831 
3 4832 3803 4854 
3 3804 3803 4832 
3 4846 4879 4878 
3 4861 4879 4846 
3 4820 4580 4579 
3 4847 4580 4820 
3 4847 4581 4580 
3 4859 4581 4847 
3 4854 3798 4855 
3 3803 3798 4854 
3 4855 3797 4856 
3 3798 3797 4855 
3 4856 3808 4874 
3 3797 3808 4856 
3 4859 4582 4581 
3 4865 4582 4859 
3 4857 3406 4858 
3 4858 3400 4864 
3 3406 3400 4858 
3 4865 4583 4582 
3 4867 4583 4865 
3 4867 4592 4583 
3 4871 4592 4867 
3 4804 4880 4815 
3 4875 4880 4804 
3 4815 4881 4816 
3 4880 4881 4815 
3 4816 4882 4817 
3 4881 4882 4816 
3 4817 4883 4819 
3 4882 4883 4817 
3 4819 4884 4870 
3 4883 4884 4819 
3 4870 4885 4871 
3 4884 4885 4870 
3 4871 4684 4592 
3 4885 4684 4871 
3 4864 3401 4869 
3 3400 3401 4864 
3 4494 4495 4860 
3 4860 4496 4861 
3 4495 4496 4860 
3 4861 4497 4879 
3 4496 4497 4861 
3 4857 3390 3406 
3 4874 3390 4857 
3 4869 3409 4873 
3 3401 3409 4869 
3 4872 4475 4476 
3 4873 4475 4872 
3 4873 3410 4475 
3 3409 3410 4873 
3 4874 3419 3390 
3 3808 3419 4874 
3 4886 3060 3058 
3 4887 3062 3060 
3 4888 3062 4887 
3 4889 4890 4891 
3 4888 4892 4890 
3 3066 4889 4893 
3 3064 4888 4889 
3 4894 4895 4896 
3 4893 4891 4895 
3 3070 4894 4897 
3 3068 4893 4894 
3 4897 4896 4898 
3 3072 4897 4899 
3 4900 4901 4902 
3 4899 4898 4901 
3 3076 4900 4903 
3 3074 4899 4900 
3 4904 4905 4906 
3 4903 4902 4905 
3 3079 4904 4907 
3 3078 4903 4904 
3 4907 4908 3084 
3 4909 3086 3084 
3 4910 3088 3086 
3 4911 3090 3088 
3 4912 3092 3090 
3 4913 3094 3092 
3 4914 3096 3094 
3 4915 3098 3096 
3 4916 3100 3098 
3 4917 3102 3100 
3 4918 3104 3102 
3 4919 3104 4918 
3 4919 4920 4921 
3 3106 4919 4922 
3 4923 4924 4925 
3 4922 4921 4924 
3 3110 4923 4926 
3 3108 4922 4923 
3 4926 4925 4927 
3 3112 4926 4928 
3 4929 4930 4931 
3 4928 4927 4930 
3 3116 4929 4932 
3 3114 4928 4929 
3 4933 4934 4935 
3 4932 4931 4934 
3 3120 4933 4936 
3 3118 4932 4933 
3 4936 4935 4937 
3 3122 4936 4938 
3 3124 4939 3126 
3 4940 3128 3126 
3 4941 3130 3128 
3 4942 3132 3130 
3 4943 3134 3132 
3 4944 3136 3134 
3 4945 3138 3136 
3 4946 3140 3138 
3 4947 3142 3140 
3 4948 3144 3142 
3 4949 3146 3144 
3 4950 3148 3146 
3 4951 3151 3148 
3 4952 3154 3151 
3 4953 3154 4952 
3 4954 4955 4956 
3 4953 4957 4955 
3 3160 4954 4958 
3 3157 4953 4954 
3 4959 4960 4961 
3 4958 4956 4960 
3 3166 4959 4962 
3 3163 4958 4959 
3 4962 4961 4963 
3 3169 4962 4964 
3 4965 4966 4967 
3 4964 4963 4966 
3 3175 4965 4968 
3 3172 4964 4965 
3 4969 3181 3178 
3 4970 3184 3181 
3 4971 3187 3184 
3 4972 3187 4971 
3 4972 4973 4974 
3 3202 4972 4975 
3 4976 4210 3772 
3 4977 4976 4978 
3 4211 4210 4976 
3 4978 3770 3739 
3 4979 4978 4980 
3 4980 3739 3740 
3 4981 4980 4982 
3 4983 3741 3742 
3 4982 3740 3741 
3 4984 4983 4985 
3 4986 4982 4983 
3 4987 3743 3744 
3 4985 3742 3743 
3 4988 4987 4989 
3 4990 4985 4987 
3 4989 3744 3760 
3 4991 4989 4992 
3 4993 3761 3234 
3 4992 3760 3761 
3 4994 4993 4995 
3 4996 4992 4993 
3 4997 3232 3224 
3 4995 3234 3232 
3 4998 4997 4999 
3 5000 4995 4997 
3 4999 3224 3220 
3 5001 4999 5002 
3 5003 3219 3218 
3 5002 3220 3219 
3 5004 5003 5005 
3 5006 5002 5003 
3 5007 3217 3216 
3 5005 3218 3217 
3 5008 5007 5009 
3 5010 5005 5007 
3 5009 3216 3027 
3 5011 5009 5012 
3 5013 3214 3212 
3 5012 3027 3214 
3 5014 5013 4975 
3 5015 5012 5013 
3 5013 5014 5015 
3 4975 4974 5014 
3 3214 5013 5012 
3 3212 4975 5013 
3 5012 5015 5011 
3 3027 5012 5009 
3 5007 5008 5010 
3 5009 5011 5008 
3 3217 5007 5005 
3 3216 5009 5007 
3 5003 5004 5006 
3 5005 5010 5004 
3 3219 5003 5002 
3 3218 5005 5003 
3 5002 5006 5001 
3 3220 5002 4999 
3 4997 4998 5000 
3 4999 5001 4998 
3 3232 4997 4995 
3 3224 4999 4997 
3 4993 4994 4996 
3 4995 5000 4994 
3 3761 4993 4992 
3 3234 4995 4993 
3 4992 4996 4991 
3 3760 4992 4989 
3 4987 4988 4990 
3 4989 4991 4988 
3 3743 4987 4985 
3 3744 4989 4987 
3 4983 4984 4986 
3 4985 4990 4984 
3 3741 4983 4982 
3 3742 4985 4983 
3 4982 4986 4981 
3 3740 4982 4980 
3 4980 4981 4979 
3 3739 4980 4978 
3 4976 4977 4211 
3 4978 4979 4977 
3 4978 4976 3770 
3 3770 4976 3772 
3 4975 3212 3202 
3 4974 4975 4972 
3 4972 3202 3187 
3 4973 4972 4971 
3 3184 4970 4971 
3 3181 4969 4970 
3 4968 4967 4969 
3 3178 4968 4969 
3 4965 3175 3172 
3 4968 3178 3175 
3 4966 4965 4964 
3 4967 4968 4965 
3 4964 3172 3169 
3 4963 4964 4962 
3 4959 3166 3163 
3 4962 3169 3166 
3 4960 4959 4958 
3 4961 4962 4959 
3 4954 3160 3157 
3 4958 3163 3160 
3 4955 4954 4953 
3 4956 4958 4954 
3 4953 3157 3154 
3 4957 4953 4952 
3 3151 4951 4952 
3 3148 4950 4951 
3 3146 4949 4950 
3 3144 4948 4949 
3 3142 4947 4948 
3 3140 4946 4947 
3 3138 4945 4946 
3 3136 4944 4945 
3 3134 4943 4944 
3 3132 4942 4943 
3 3130 4941 4942 
3 3128 4940 4941 
3 3126 4939 4940 
3 4938 4937 4939 
3 3124 4938 4939 
3 4938 3124 3122 
3 4937 4938 4936 
3 4933 3120 3118 
3 4936 3122 3120 
3 4934 4933 4932 
3 4935 4936 4933 
3 4929 3116 3114 
3 4932 3118 3116 
3 4930 4929 4928 
3 4931 4932 4929 
3 4928 3114 3112 
3 4927 4928 4926 
3 4923 3110 3108 
3 4926 3112 3110 
3 4924 4923 4922 
3 4925 4926 4923 
3 4922 3108 3106 
3 4921 4922 4919 
3 4919 3106 3104 
3 4920 4919 4918 
3 3102 4917 4918 
3 3100 4916 4917 
3 3098 4915 4916 
3 3096 4914 4915 
3 3094 4913 4914 
3 3092 4912 4913 
3 3090 4911 4912 
3 3088 4910 4911 
3 3086 4909 4910 
3 3084 4908 4909 
3 4907 4906 4908 
3 3082 4907 3084 
3 4904 3079 3078 
3 4907 3082 3079 
3 4905 4904 4903 
3 4906 4907 4904 
3 4900 3076 3074 
3 4903 3078 3076 
3 4901 4900 4899 
3 4902 4903 4900 
3 4899 3074 3072 
3 4898 4899 4897 
3 4894 3070 3068 
3 4897 3072 3070 
3 4895 4894 4893 
3 4896 4897 4894 
3 4889 3066 3064 
3 4893 3068 3066 
3 4890 4889 4888 
3 4891 4893 4889 
3 4888 3064 3062 
3 4892 4888 4887 
3 3060 4886 4887 
3 3058 4498 4886 
3 5016 5017 5018 
3 5019 5018 5017 
3 5020 5021 5022 
3 5023 5022 5021 
3 5024 5025 5026 
3 5027 5025 5024 
3 5024 5028 5027 
3 5029 5020 5028 
3 5028 5030 5027 
3 5028 5022 5030 
3 5020 5022 5028 
3 5020 5031 5021 
3 5020 5032 5031 
3 5020 5029 5032 
3 5024 5029 5028 
3 5024 5033 5029 
3 5026 5033 5024 
3 5027 5034 5025 
3 5034 5035 5025 
3 5025 5036 5026 
3 5035 5036 5025 
3 5026 5037 5033 
3 5036 5037 5026 
3 5029 5038 5032 
3 5029 5039 5038 
3 5033 5039 5029 
3 5033 5040 5039 
3 5037 5040 5033 
3 5038 5041 5032 
3 5038 5042 5041 
3 5038 5043 5042 
3 5039 5043 5038 
3 5039 5044 5043 
3 5040 5044 5039 
3 5044 5045 5043 
3 5043 5046 5042 
3 5045 5046 5043 
3 5045 5047 5046 
3 5045 5048 5047 
3 5048 5049 5047 
3 5049 5050 5047 
3 5049 5051 5050 
3 5051 5052 5050 
3 5052 5053 5050 
3 5052 5054 5053 
3 5051 5055 5052 
3 5052 5056 5054 
3 5055 5056 5052 
3 5056 5057 5054 
3 5056 5058 5057 
3 5056 5059 5058 
3 5055 5059 5056 
3 5054 5060 5053 
3 5054 5061 5060 
3 5057 5061 5054 
3 5058 5062 5057 
3 5057 5063 5061 
3 5062 5063 5057 
3 5058 5064 5062 
3 5062 5065 5063 
3 5064 5065 5062 
3 5058 5066 5064 
3 5059 5066 5058 
3 5066 5067 5064 
3 5067 5068 5064 
3 5064 5069 5065 
3 5068 5069 5064 
3 5068 5070 5069 
3 5067 5071 5068 
3 5068 5072 5070 
3 5071 5072 5068 
3 5061 5073 5060 
3 5061 5074 5073 
3 5063 5074 5061 
3 5063 5075 5074 
3 5065 5075 5063 
3 5065 5076 5075 
3 5069 5076 5065 
3 5069 5077 5076 
3 5070 5077 5069 
3 5072 5078 5070 
3 5070 5079 5077 
3 5078 5079 5070 
3 5071 5080 5072 
3 5072 5081 5078 
3 5080 5081 5072 
3 5074 5082 5073 
3 5074 5083 5082 
3 5075 5083 5074 
3 5075 5084 5083 
3 5076 5084 5075 
3 5076 5085 5084 
3 5077 5085 5076 
3 5077 5086 5085 
3 5079 5086 5077 
3 5081 5087 5078 
3 5078 5088 5079 
3 5087 5088 5078 
3 5079 5089 5086 
3 5088 5089 5079 
3 5080 5090 5081 
3 5081 5091 5087 
3 5090 5091 5081 
3 5087 5092 5088 
3 5091 5092 5087 
3 5088 5093 5089 
3 5092 5093 5088 
3 5091 5094 5092 
3 5092 5095 5093 
3 5094 5095 5092 
3 5091 5096 5094 
3 5096 5097 5094 
3 5094 5098 5095 
3 5097 5098 5094 
3 5096 5099 5097 
3 5099 5100 5097 
3 5097 5101 5098 
3 5100 5101 5097 
3 5091 5102 5096 
3 5090 5102 5091 
3 5096 5103 5099 
3 5102 5103 5096 
3 5099 5104 5100 
3 5099 5105 5104 
3 5103 5105 5099 
3 5105 5106 5104 
3 5106 5107 5104 
3 5104 5108 5100 
3 5107 5108 5104 
3 5100 5109 5101 
3 5108 5109 5100 
3 5108 5110 5109 
3 5108 5111 5110 
3 5107 5111 5108 
3 5106 5112 5107 
3 5107 5113 5111 
3 5112 5113 5107 
3 5111 5114 5110 
3 5111 5115 5114 
3 5113 5115 5111 
3 5115 5116 5114 
3 5115 5117 5116 
3 5118 5117 5115 
3 5113 5118 5115 
3 5118 5119 5117 
3 5117 5120 5116 
3 5117 5121 5120 
3 5119 5121 5117 
3 5118 5122 5119 
3 5119 5123 5121 
3 5124 5123 5119 
3 5123 5125 5121 
3 5121 5126 5120 
3 5125 5126 5121 
3 5122 5124 5119 
3 5124 5127 5123 
3 5123 5128 5125 
3 5127 5128 5123 
3 5128 5129 5125 
3 5125 5130 5126 
3 5129 5130 5125 
3 5127 5131 5128 
3 5128 5132 5129 
3 5131 5132 5128 
3 5132 5133 5129 
3 5133 5134 5129 
3 5129 5135 5130 
3 5134 5135 5129 
3 5113 5136 5118 
3 5112 5136 5113 
3 5118 5137 5122 
3 5136 5137 5118 
3 5122 5138 5124 
3 5137 5138 5122 
3 5124 5139 5127 
3 5138 5139 5124 
3 5127 5140 5131 
3 5139 5140 5127 
3 5131 5141 5132 
3 5140 5141 5131 
3 5132 5142 5133 
3 5141 5142 5132 
3 5142 5143 5133 
3 5133 5144 5134 
3 5143 5144 5133 
3 5144 5145 5134 
3 5134 5146 5135 
3 5145 5146 5134 
3 5142 5147 5143 
3 5143 5148 5144 
3 5147 5148 5143 
3 5144 5149 5145 
3 5148 5149 5144 
3 5149 5150 5145 
3 5145 5151 5146 
3 5150 5151 5145 
3 5044 5152 5045 
3 5040 5153 5044 
3 5153 5152 5044 
3 5045 5154 5048 
3 5152 5154 5045 
3 5048 5155 5049 
3 5154 5155 5048 
3 5049 5156 5051 
3 5155 5156 5049 
3 5032 5157 5031 
3 5041 5157 5032 
3 5051 5158 5055 
3 5156 5158 5051 
3 5055 5159 5059 
3 5158 5159 5055 
3 5059 5160 5066 
3 5159 5160 5059 
3 5150 5161 5151 
3 5150 5162 5161 
3 5149 5162 5150 
3 5149 5163 5162 
3 5148 5163 5149 
3 5163 5164 5162 
3 5164 5165 5162 
3 5162 5166 5161 
3 5165 5166 5162 
3 5148 5167 5163 
3 5147 5167 5148 
3 5163 5168 5164 
3 5167 5168 5163 
3 5168 5169 5164 
3 5164 5170 5165 
3 5169 5170 5164 
3 5170 5171 5165 
3 5165 5172 5166 
3 5171 5172 5165 
3 5169 5173 5170 
3 5170 5174 5171 
3 5173 5174 5170 
3 5174 5175 5171 
3 5171 5176 5172 
3 5175 5176 5171 
3 5173 5177 5174 
3 5174 5178 5175 
3 5177 5178 5174 
3 5178 5179 5175 
3 5175 5180 5176 
3 5179 5180 5175 
3 5177 5181 5178 
3 5178 5182 5179 
3 5181 5182 5178 
3 5182 5183 5179 
3 5179 5184 5180 
3 5183 5184 5179 
3 5182 5185 5183 
3 5182 5186 5185 
3 5181 5186 5182 
3 5185 5187 5183 
3 5183 5188 5184 
3 5187 5188 5183 
3 5187 5189 5188 
3 5187 5190 5189 
3 5187 5191 5190 
3 5185 5191 5187 
3 5185 5192 5191 
3 5186 5192 5185 
3 5190 5193 5189 
3 5190 5194 5193 
3 5191 5194 5190 
3 5191 5195 5194 
3 5192 5195 5191 
3 5195 5196 5194 
3 5196 5197 5194 
3 5194 5198 5193 
3 5197 5198 5194 
3 5196 5199 5197 
3 5199 5200 5197 
3 5197 5201 5198 
3 5200 5201 5197 
3 5199 5202 5200 
3 5202 5203 5200 
3 5200 5204 5201 
3 5203 5204 5200 
3 5202 5205 5203 
3 5205 5206 5203 
3 5203 5207 5204 
3 5206 5207 5203 
3 5205 5208 5206 
3 5206 5209 5207 
3 5206 5210 5209 
3 5208 5210 5206 
3 5208 5211 5210 
3 5211 5212 5210 
3 5210 5213 5209 
3 5212 5213 5210 
3 5213 5214 5209 
3 5209 5215 5207 
3 5214 5215 5209 
3 5207 5216 5204 
3 5215 5216 5207 
3 5204 5217 5201 
3 5216 5217 5204 
3 5201 5218 5198 
3 5217 5218 5201 
3 5198 5219 5193 
3 5218 5219 5198 
3 5193 5220 5189 
3 5219 5220 5193 
3 5189 5221 5188 
3 5220 5221 5189 
3 5188 5222 5184 
3 5221 5222 5188 
3 5184 5223 5180 
3 5222 5223 5184 
3 5180 5224 5176 
3 5223 5224 5180 
3 5176 5225 5172 
3 5224 5225 5176 
3 5172 5226 5166 
3 5225 5226 5172 
3 5166 5227 5161 
3 5226 5227 5166 
3 5161 5228 5151 
3 5227 5228 5161 
3 5151 5229 5146 
3 5228 5229 5151 
3 5146 5230 5135 
3 5229 5230 5146 
3 5135 5231 5130 
3 5230 5231 5135 
3 5130 5232 5126 
3 5231 5232 5130 
3 5126 5233 5120 
3 5232 5233 5126 
3 5120 5234 5116 
3 5233 5234 5120 
3 5116 5235 5114 
3 5234 5235 5116 
3 5114 5236 5110 
3 5235 5236 5114 
3 5110 5237 5109 
3 5236 5237 5110 
3 5109 5238 5101 
3 5237 5238 5109 
3 5101 5239 5098 
3 5238 5239 5101 
3 5098 5240 5095 
3 5239 5240 5098 
3 5095 5241 5093 
3 5240 5241 5095 
3 5093 5242 5089 
3 5241 5242 5093 
3 5089 5243 5086 
3 5242 5243 5089 
3 5086 5244 5085 
3 5243 5244 5086 
3 5085 5245 5084 
3 5244 5245 5085 
3 5084 5246 5083 
3 5245 5246 5084 
3 5083 5247 5082 
3 5246 5247 5083 
3 5066 5248 5067 
3 5160 5248 5066 
3 5067 5249 5071 
3 5248 5249 5067 
3 5071 5250 5080 
3 5249 5250 5071 
3 5080 5251 5090 
3 5250 5251 5080 
3 5090 5252 5102 
3 5251 5252 5090 
3 5031 5253 5021 
3 5157 5253 5031 
3 5254 5023 5021 
3 5022 5255 5030 
3 5023 5255 5022 
3 5030 5256 5027 
3 5030 5257 5256 
3 5255 5257 5030 
3 5027 5258 5034 
3 5256 5258 5027 
3 5257 5259 5256 
3 5256 5260 5258 
3 5259 5260 5256 
3 5102 5261 5103 
3 5252 5261 5102 
3 5103 5262 5105 
3 5261 5262 5103 
3 5105 5263 5106 
3 5262 5263 5105 
3 5214 5264 5215 
3 5215 5265 5216 
3 5264 5265 5215 
3 5216 5266 5217 
3 5265 5266 5216 
3 5217 5267 5218 
3 5266 5267 5217 
3 5218 5268 5219 
3 5267 5268 5218 
3 5219 5269 5220 
3 5268 5269 5219 
3 5220 5270 5221 
3 5269 5270 5220 
3 5221 5271 5222 
3 5270 5271 5221 
3 5222 5272 5223 
3 5271 5272 5222 
3 5223 5273 5224 
3 5272 5273 5223 
3 5224 5274 5225 
3 5273 5274 5224 
3 5225 5275 5226 
3 5274 5275 5225 
3 5226 5276 5227 
3 5275 5276 5226 
3 5227 5277 5228 
3 5276 5277 5227 
3 5228 5278 5229 
3 5277 5278 5228 
3 5229 5279 5230 
3 5278 5279 5229 
3 5230 5280 5231 
3 5279 5280 5230 
3 5231 5281 5232 
3 5280 5281 5231 
3 5232 5282 5233 
3 5281 5282 5232 
3 5233 5283 5234 
3 5282 5283 5233 
3 5234 5284 5235 
3 5283 5284 5234 
3 5235 5285 5236 
3 5284 5285 5235 
3 5236 5286 5237 
3 5285 5286 5236 
3 5237 5287 5238 
3 5286 5287 5237 
3 5238 5288 5239 
3 5287 5288 5238 
3 5239 5289 5240 
3 5288 5289 5239 
3 5240 5290 5241 
3 5289 5290 5240 
3 5241 5291 5242 
3 5290 5291 5241 
3 5242 5292 5243 
3 5291 5292 5242 
3 5243 5293 5244 
3 5292 5293 5243 
3 5244 5294 5245 
3 5293 5294 5244 
3 5245 5295 5246 
3 5294 5295 5245 
3 5246 5296 5247 
3 5295 5296 5246 
3 5214 5297 5264 
3 5214 5298 5297 
3 5213 5298 5214 
3 5213 5299 5298 
3 5212 5299 5213 
3 5211 5300 5212 
3 5212 5301 5299 
3 5300 5301 5212 
3 5300 5302 5301 
3 5302 5303 5301 
3 5301 5304 5299 
3 5303 5304 5301 
3 5299 5305 5298 
3 5304 5305 5299 
3 5298 5306 5297 
3 5305 5306 5298 
3 5302 5307 5303 
3 5307 5308 5303 
3 5303 5309 5304 
3 5308 5309 5303 
3 5304 5310 5305 
3 5309 5310 5304 
3 5305 5311 5306 
3 5310 5311 5305 
3 5307 5312 5308 
3 5312 5313 5308 
3 5308 5314 5309 
3 5313 5314 5308 
3 5309 5315 5310 
3 5314 5315 5309 
3 5310 5316 5311 
3 5315 5316 5310 
3 5312 5317 5313 
3 5313 5318 5314 
3 5317 5318 5313 
3 5314 5319 5315 
3 5318 5319 5314 
3 5315 5320 5316 
3 5319 5320 5315 
3 5318 5321 5319 
3 5319 5322 5320 
3 5321 5322 5319 
3 5318 5323 5321 
3 5323 5324 5321 
3 5321 5325 5322 
3 5324 5325 5321 
3 5318 5326 5323 
3 5317 5326 5318 
3 5323 5327 5324 
3 5326 5327 5323 
3 5327 5328 5324 
3 5324 5329 5325 
3 5328 5329 5324 
3 5327 5330 5328 
3 5330 5331 5328 
3 5328 5332 5329 
3 5331 5332 5328 
3 5330 5333 5331 
3 5333 5334 5331 
3 5331 5335 5332 
3 5334 5335 5331 
3 5333 5336 5334 
3 5336 5337 5334 
3 5334 5338 5335 
3 5337 5338 5334 
3 5336 5339 5337 
3 5339 5340 5337 
3 5337 5341 5338 
3 5340 5341 5337 
3 5339 5342 5340 
3 5340 5343 5341 
3 5340 5344 5343 
3 5342 5344 5340 
3 5342 5345 5344 
3 5344 5346 5343 
3 5344 5347 5346 
3 5345 5347 5344 
3 5345 5348 5347 
3 5348 5349 5347 
3 5347 5350 5346 
3 5349 5350 5347 
3 5350 5351 5346 
3 5346 5352 5343 
3 5351 5352 5346 
3 5343 5353 5341 
3 5352 5353 5343 
3 5341 5354 5338 
3 5353 5354 5341 
3 5338 5355 5335 
3 5354 5355 5338 
3 5335 5356 5332 
3 5355 5356 5335 
3 5332 5357 5329 
3 5356 5357 5332 
3 5350 5358 5351 
3 5350 5359 5358 
3 5349 5359 5350 
3 5348 5360 5349 
3 5349 5361 5359 
3 5360 5361 5349 
3 5360 5362 5361 
3 5362 5363 5361 
3 5361 5364 5359 
3 5363 5364 5361 
3 5359 5365 5358 
3 5364 5365 5359 
3 5365 5366 5358 
3 5358 5367 5351 
3 5366 5367 5358 
3 5351 5368 5352 
3 5367 5368 5351 
3 5352 5369 5353 
3 5368 5369 5352 
3 5353 5370 5354 
3 5369 5370 5353 
3 5354 5371 5355 
3 5370 5371 5354 
3 5355 5372 5356 
3 5371 5372 5355 
3 5356 5373 5357 
3 5372 5373 5356 
3 5329 5374 5325 
3 5357 5374 5329 
3 5325 5375 5322 
3 5374 5375 5325 
3 5322 5376 5320 
3 5375 5376 5322 
3 5357 5377 5374 
3 5373 5377 5357 
3 5374 5378 5375 
3 5377 5378 5374 
3 5375 5379 5376 
3 5378 5379 5375 
3 5365 5380 5366 
3 5365 5381 5380 
3 5364 5381 5365 
3 5364 5382 5381 
3 5363 5382 5364 
3 5362 5383 5363 
3 5363 5384 5382 
3 5383 5384 5363 
3 5381 5385 5380 
3 5381 5386 5385 
3 5382 5386 5381 
3 5382 5387 5386 
3 5384 5387 5382 
3 5383 5388 5384 
3 5384 5389 5387 
3 5388 5389 5384 
3 5388 5390 5389 
3 5390 5391 5389 
3 5389 5392 5387 
3 5391 5392 5389 
3 5387 5393 5386 
3 5392 5393 5387 
3 5386 5394 5385 
3 5393 5394 5386 
3 5390 5395 5391 
3 5395 5396 5391 
3 5391 5397 5392 
3 5396 5397 5391 
3 5392 5398 5393 
3 5397 5398 5392 
3 5393 5399 5394 
3 5398 5399 5393 
3 5395 5400 5396 
3 5396 5401 5397 
3 5400 5401 5396 
3 5397 5402 5398 
3 5401 5402 5397 
3 5398 5403 5399 
3 5402 5403 5398 
3 5400 5404 5401 
3 5401 5405 5402 
3 5404 5405 5401 
3 5402 5406 5403 
3 5405 5406 5402 
3 5405 5407 5406 
3 5405 5408 5407 
3 5405 5409 5408 
3 5404 5409 5405 
3 5408 5410 5407 
3 5408 5411 5410 
3 5408 5412 5411 
3 5409 5412 5408 
3 5411 5413 5410 
3 5412 5414 5411 
3 5411 5415 5413 
3 5414 5415 5411 
3 5415 5416 5413 
3 5414 5417 5415 
3 5415 5418 5416 
3 5417 5418 5415 
3 5418 5419 5416 
3 5417 5420 5418 
3 5418 5421 5419 
3 5420 5421 5418 
3 5421 5422 5419 
3 5420 5423 5421 
3 5421 5424 5422 
3 5423 5424 5421 
3 5424 5425 5422 
3 5423 5426 5424 
3 5424 5427 5425 
3 5426 5427 5424 
3 5427 5428 5425 
3 5426 5429 5427 
3 5427 5430 5428 
3 5429 5430 5427 
3 5430 5431 5428 
3 5429 5432 5430 
3 5430 5433 5431 
3 5432 5433 5430 
3 5433 5434 5431 
3 5432 5435 5433 
3 5433 5436 5434 
3 5435 5436 5433 
3 5436 5437 5434 
3 5435 5438 5436 
3 5436 5016 5437 
3 5438 5016 5436 
3 5016 5439 5437 
3 5018 5440 5439 
3 5016 5018 5439 
3 5016 5441 5017 
3 5438 5441 5016 
3 5441 5442 5017 
3 5442 5443 5017 
3 5443 5019 5017 
3 5018 5444 5440 
3 5019 5444 5018 
3 5442 5445 5443 
3 5445 5446 5443 
3 5443 5447 5019 
3 5446 5447 5443 
3 5019 5448 5444 
3 5447 5448 5019 
3 5444 5449 5440 
3 5444 5450 5449 
3 5448 5450 5444 
3 5320 5451 5316 
3 5376 5451 5320 
3 5316 5452 5311 
3 5451 5452 5316 
3 5311 5453 5306 
3 5452 5453 5311 
3 5440 5454 5439 
3 5449 5454 5440 
3 5439 5455 5437 
3 5454 5455 5439 
3 5437 5456 5434 
3 5455 5456 5437 
3 5434 5457 5431 
3 5456 5457 5434 
3 5431 5458 5428 
3 5457 5458 5431 
3 5428 5459 5425 
3 5458 5459 5428 
3 5425 5460 5422 
3 5459 5460 5425 
3 5422 5461 5419 
3 5460 5461 5422 
3 5419 5462 5416 
3 5461 5462 5419 
3 5416 5463 5413 
3 5462 5463 5416 
3 5413 5464 5410 
3 5463 5464 5413 
3 5410 5465 5407 
3 5464 5465 5410 
3 5407 5466 5406 
3 5465 5466 5407 
3 5406 5467 5403 
3 5466 5467 5406 
3 5403 5468 5399 
3 5467 5468 5403 
3 5306 5469 5297 
3 5453 5469 5306 
3 5297 5470 5264 
3 5469 5470 5297 
3 5264 5471 5265 
3 5470 5471 5264 
3 5265 5472 5266 
3 5471 5472 5265 
3 5266 5473 5267 
3 5472 5473 5266 
3 5267 5474 5268 
3 5473 5474 5267 
3 5268 5475 5269 
3 5474 5475 5268 
3 5269 5476 5270 
3 5475 5476 5269 
3 5270 5477 5271 
3 5476 5477 5270 
3 5271 5478 5272 
3 5477 5478 5271 
3 5272 5479 5273 
3 5478 5479 5272 
3 5273 5480 5274 
3 5479 5480 5273 
3 5274 5481 5275 
3 5480 5481 5274 
3 5275 5482 5276 
3 5481 5482 5275 
3 5276 5483 5277 
3 5482 5483 5276 
3 5277 5484 5278 
3 5483 5484 5277 
3 5278 5485 5279 
3 5484 5485 5278 
3 5279 5486 5280 
3 5485 5486 5279 
3 5280 5487 5281 
3 5486 5487 5280 
3 5399 5488 5394 
3 5468 5488 5399 
3 5394 5489 5385 
3 5488 5489 5394 
3 5385 5490 5380 
3 5489 5490 5385 
3 5380 5491 5366 
3 5490 5491 5380 
3 5366 5492 5367 
3 5491 5492 5366 
3 5367 5493 5368 
3 5492 5493 5367 
3 5368 5494 5369 
3 5493 5494 5368 
3 5369 5495 5370 
3 5494 5495 5369 
3 5370 5496 5371 
3 5495 5496 5370 
3 5371 5497 5372 
3 5496 5497 5371 
3 5372 5498 5373 
3 5497 5498 5372 
3 5373 5499 5377 
3 5498 5499 5373 
3 5377 5500 5378 
3 5499 5500 5377 
3 5378 5501 5379 
3 5500 5501 5378 
3 5376 5502 5451 
3 5379 5502 5376 
3 5379 5503 5502 
3 5501 5503 5379 
3 5451 5504 5452 
3 5502 5504 5451 
3 5502 5505 5504 
3 5503 5505 5502 
3 5452 5506 5453 
3 5504 5506 5452 
3 5504 5507 5506 
3 5505 5507 5504 
3 5453 5508 5469 
3 5506 5508 5453 
3 5506 5509 5508 
3 5507 5509 5506 
3 5469 5510 5470 
3 5508 5510 5469 
3 5508 5511 5510 
3 5509 5511 5508 
3 5470 5512 5471 
3 5510 5512 5470 
3 5510 5513 5512 
3 5511 5513 5510 
3 5471 5514 5472 
3 5512 5514 5471 
3 5512 5515 5514 
3 5513 5515 5512 
3 5472 5516 5473 
3 5514 5516 5472 
3 5473 5517 5474 
3 5516 5517 5473 
3 5514 5518 5516 
3 5515 5518 5514 
3 5516 5519 5517 
3 5518 5519 5516 
3 5474 5520 5475 
3 5517 5520 5474 
3 5517 5521 5520 
3 5519 5521 5517 
3 5475 5522 5476 
3 5520 5522 5475 
3 5520 5523 5522 
3 5521 5523 5520 
3 5476 5524 5477 
3 5522 5524 5476 
3 5522 5525 5524 
3 5523 5525 5522 
3 5477 5526 5478 
3 5524 5526 5477 
3 5524 5527 5526 
3 5525 5527 5524 
3 5478 5528 5479 
3 5526 5528 5478 
3 5526 5529 5528 
3 5527 5529 5526 
3 5479 5530 5480 
3 5528 5530 5479 
3 5528 5531 5530 
3 5529 5531 5528 
3 5480 5532 5481 
3 5530 5532 5480 
3 5530 5533 5532 
3 5531 5533 5530 
3 5481 5534 5482 
3 5532 5534 5481 
3 5532 5535 5534 
3 5533 5535 5532 
3 5482 5536 5483 
3 5534 5536 5482 
3 5534 5537 5536 
3 5535 5537 5534 
3 5483 5538 5484 
3 5536 5538 5483 
3 5536 5539 5538 
3 5537 5539 5536 
3 5040 5540 5153 
3 5037 5540 5040 
3 5281 5541 5282 
3 5487 5541 5281 
3 5484 5542 5485 
3 5538 5542 5484 
3 5485 5543 5486 
3 5542 5543 5485 
3 5486 5544 5487 
3 5543 5544 5486 
3 5487 5545 5541 
3 5544 5545 5487 
3 5538 5546 5542 
3 5539 5546 5538 
3 5542 5547 5543 
3 5546 5547 5542 
3 5543 5548 5544 
3 5547 5548 5543 
3 5544 5549 5545 
3 5548 5549 5544 
3 5282 5550 5283 
3 5541 5550 5282 
3 5541 5551 5550 
3 5545 5551 5541 
3 5545 5552 5551 
3 5549 5552 5545 
3 5283 5553 5284 
3 5550 5553 5283 
3 5550 5554 5553 
3 5551 5554 5550 
3 5551 5555 5554 
3 5552 5555 5551 
3 5284 5556 5285 
3 5553 5556 5284 
3 5553 5557 5556 
3 5554 5557 5553 
3 5554 5558 5557 
3 5555 5558 5554 
3 5285 5559 5286 
3 5556 5559 5285 
3 5556 5560 5559 
3 5557 5560 5556 
3 5557 5561 5560 
3 5558 5561 5557 
3 5286 5562 5287 
3 5559 5562 5286 
3 5559 5563 5562 
3 5560 5563 5559 
3 5560 5564 5563 
3 5561 5564 5560 
3 5287 5565 5288 
3 5562 5565 5287 
3 5562 5566 5565 
3 5563 5566 5562 
3 5563 5567 5566 
3 5564 5567 5563 
3 5288 5568 5289 
3 5565 5568 5288 
3 5565 5569 5568 
3 5566 5569 5565 
3 5566 5570 5569 
3 5567 5570 5566 
3 5289 5571 5290 
3 5568 5571 5289 
3 5290 5572 5291 
3 5571 5572 5290 
3 5291 5573 5292 
3 5572 5573 5291 
3 5292 5574 5293 
3 5573 5574 5292 
3 5568 5575 5571 
3 5569 5575 5568 
3 5571 5576 5572 
3 5575 5576 5571 
3 5572 5577 5573 
3 5576 5577 5572 
3 5573 5578 5574 
3 5577 5578 5573 
3 5293 5579 5294 
3 5574 5579 5293 
3 5574 5580 5579 
3 5578 5580 5574 
3 5294 5581 5295 
3 5579 5581 5294 
3 5295 5582 5296 
3 5581 5582 5295 
3 5569 5583 5575 
3 5570 5583 5569 
3 5575 5584 5576 
3 5583 5584 5575 
3 5576 5585 5577 
3 5584 5585 5576 
3 5577 5586 5578 
3 5585 5586 5577 
3 5578 5587 5580 
3 5586 5587 5578 
3 5579 5588 5581 
3 5580 5588 5579 
3 5580 5589 5588 
3 5587 5589 5580 
3 5448 5590 5450 
3 5448 5591 5590 
3 5447 5591 5448 
3 5447 5592 5591 
3 5446 5592 5447 
3 5592 5593 5591 
3 5593 5594 5591 
3 5591 5595 5590 
3 5594 5595 5591 
3 5581 5596 5582 
3 5588 5596 5581 
3 5588 5597 5596 
3 5589 5597 5588 
3 5037 5598 5540 
3 5036 5598 5037 
3 5253 5254 5021 
3 5254 5599 5023 
3 5023 5600 5255 
3 5599 5600 5023 
3 5255 5601 5257 
3 5600 5601 5255 
3 5599 5602 5600 
3 5600 5603 5601 
3 5602 5603 5600 
3 5257 5604 5259 
3 5601 5604 5257 
3 5601 5605 5604 
3 5603 5605 5601 
3 5446 5606 5592 
3 5445 5606 5446 
3 5592 5607 5593 
3 5606 5607 5592 
3 5593 5608 5594 
3 5607 5608 5593 
3 5606 5609 5607 
3 5607 5610 5608 
3 5609 5610 5607 
3 5608 5611 5594 
3 5608 5612 5611 
3 5610 5612 5608 
3 5594 5613 5595 
3 5611 5613 5594 
3 5602 5614 5603 
3 5603 5615 5605 
3 5614 5615 5603 
3 5259 5616 5260 
3 5259 5617 5616 
3 5604 5617 5259 
3 5604 5618 5617 
3 5605 5618 5604 
3 5605 5619 5618 
3 5615 5619 5605 
3 5036 5620 5598 
3 5035 5620 5036 
3 5614 5621 5615 
3 5615 5622 5619 
3 5621 5622 5615 
3 5611 5623 5613 
3 5611 5624 5623 
3 5612 5624 5611 
3 5624 5625 5623 
3 5624 5626 5625 
3 5626 5627 5625 
3 5626 5628 5627 
3 5628 5629 5627 
3 5628 5630 5629 
3 5630 5631 5629 
3 5630 5632 5631 
3 5630 5633 5632 
3 5633 5634 5632 
3 5633 5635 5634 
3 5635 5636 5634 
3 5635 5637 5636 
3 5637 5638 5636 
3 5637 5639 5638 
3 5639 5640 5638 
3 5639 5641 5640 
3 5641 5642 5640 
3 5641 5643 5642 
3 5643 5644 5642 
3 5643 5645 5644 
3 5645 5646 5644 
3 5645 5647 5646 
3 5647 5648 5646 
3 5648 5649 5646 
3 5648 5650 5649 
3 5650 5651 5649 
3 5621 5652 5622 
3 5112 5653 5136 
3 5106 5653 5112 
3 5263 5653 5106 
3 5263 5654 5653 
3 5136 5655 5137 
3 5653 5655 5136 
3 5137 4974 5138 
3 5655 4974 5137 
3 5138 4973 5139 
3 4974 4973 5138 
3 4973 4971 5139 
3 5139 4970 5140 
3 4971 4970 5139 
3 5140 4969 5141 
3 4970 4969 5140 
3 5141 4967 5142 
3 4969 4967 5141 
3 5142 4966 5147 
3 4967 4966 5142 
3 5147 4963 5167 
3 4966 4963 5147 
3 5167 4961 5168 
3 4963 4961 5167 
3 5168 4960 5169 
3 4961 4960 5168 
3 5169 4956 5173 
3 4960 4956 5169 
3 5173 4955 5177 
3 4956 4955 5173 
3 5177 4957 5181 
3 4955 4957 5177 
3 5181 4952 5186 
3 4957 4952 5181 
3 5186 4951 5192 
3 4952 4951 5186 
3 5192 4950 5195 
3 4951 4950 5192 
3 5195 4949 5196 
3 4950 4949 5195 
3 5196 4948 5199 
3 4949 4948 5196 
3 5199 4947 5202 
3 4948 4947 5199 
3 5202 4946 5205 
3 4947 4946 5202 
3 5205 4945 5208 
3 4946 4945 5205 
3 5208 4944 5211 
3 4945 4944 5208 
3 5211 4943 5300 
3 4944 4943 5211 
3 5300 4942 5302 
3 4943 4942 5300 
3 5302 4941 5307 
3 4942 4941 5302 
3 5307 4940 5312 
3 4941 4940 5307 
3 5312 4939 5317 
3 4940 4939 5312 
3 5317 4937 5326 
3 4939 4937 5317 
3 5326 4935 5327 
3 4937 4935 5326 
3 5327 4934 5330 
3 4935 4934 5327 
3 5330 4931 5333 
3 4934 4931 5330 
3 5333 4930 5336 
3 4931 4930 5333 
3 5336 4927 5339 
3 4930 4927 5336 
3 5339 4925 5342 
3 4927 4925 5339 
3 5342 4924 5345 
3 4925 4924 5342 
3 5345 4921 5348 
3 4924 4921 5345 
3 5348 4920 5360 
3 4921 4920 5348 
3 5360 4918 5362 
3 4920 4918 5360 
3 5362 4917 5383 
3 4918 4917 5362 
3 5383 4916 5388 
3 4917 4916 5383 
3 5388 4915 5390 
3 4916 4915 5388 
3 5390 4914 5395 
3 4915 4914 5390 
3 5395 4913 5400 
3 4914 4913 5395 
3 5400 4912 5404 
3 4913 4912 5400 
3 5404 4911 5409 
3 4912 4911 5404 
3 5409 4910 5412 
3 4911 4910 5409 
3 5412 4909 5414 
3 4910 4909 5412 
3 5414 4908 5417 
3 4909 4908 5414 
3 5417 4906 5420 
3 4908 4906 5417 
3 5420 4905 5423 
3 4906 4905 5420 
3 5423 4902 5426 
3 4905 4902 5423 
3 5426 4901 5429 
3 4902 4901 5426 
3 5429 4898 5432 
3 4901 4898 5429 
3 5432 4896 5435 
3 4898 4896 5432 
3 5435 4895 5438 
3 4896 4895 5435 
3 5438 4891 5441 
3 4895 4891 5438 
3 5441 4890 5442 
3 4891 4890 5441 
3 5442 4892 5445 
3 4890 4892 5442 
3 5445 4887 5606 
3 4892 4887 5445 
3 5606 4886 5609 
3 4887 4886 5606 
3 4886 4498 5609 
3 5609 4503 5610 
3 4498 4503 5609 
3 5610 4501 5612 
3 4503 4501 5610 
3 5612 4500 5624 
3 4501 4500 5612 
3 5624 4505 5626 
3 4500 4505 5624 
3 5626 4513 5628 
3 4505 4513 5626 
3 5628 4510 5630 
3 4513 4510 5628 
3 5258 4697 5034 
3 5034 4698 5035 
3 4697 4698 5034 
3 5047 4885 5046 
3 5050 4885 5047 
3 5050 4684 4885 
3 5053 4684 5050 
3 5053 4593 4684 
3 5060 4593 5053 
3 5060 4591 4593 
3 5073 4591 5060 
3 5073 4590 4591 
3 5082 4590 5073 
3 5035 4699 5620 
3 4698 4699 5035 
3 5082 4589 4590 
3 5247 4589 5082 
3 5046 4884 5042 
3 4885 4884 5046 
3 5042 4883 5041 
3 4884 4883 5042 
3 5041 4882 5157 
3 4883 4882 5041 
3 5157 4881 5253 
3 4882 4881 5157 
3 5263 5015 5654 
3 5263 5011 5015 
3 5262 5011 5263 
3 5262 5008 5011 
3 5261 5008 5262 
3 5261 5010 5008 
3 5252 5010 5261 
3 5252 5004 5010 
3 5251 5004 5252 
3 5251 5006 5004 
3 5250 5006 5251 
3 5250 5001 5006 
3 5249 5001 5250 
3 5249 4998 5001 
3 5248 4998 5249 
3 5248 5000 4998 
3 5160 5000 5248 
3 5160 4994 5000 
3 5159 4994 5160 
3 5159 4996 4994 
3 5158 4996 5159 
3 5158 4991 4996 
3 5156 4991 5158 
3 5156 4988 4991 
3 5155 4988 5156 
3 5155 4990 4988 
3 5154 4990 5155 
3 5154 4984 4990 
3 5152 4984 5154 
3 5152 4986 4984 
3 5153 4986 5152 
3 5153 4981 4986 
3 5540 4981 5153 
3 5253 4880 5254 
3 4881 4880 5253 
3 5254 4875 5599 
3 4880 4875 5254 
3 5599 4876 5602 
3 4875 4876 5599 
3 5602 4877 5614 
3 4876 4877 5602 
3 5646 4680 5644 
3 5646 4681 4680 
3 5649 4681 5646 
3 5247 4588 4589 
3 5296 4588 5247 
3 5630 4509 5633 
3 4510 4509 5630 
3 5633 4522 5635 
3 4509 4522 5633 
3 5540 4979 4981 
3 5598 4979 5540 
3 5296 4587 4588 
3 5582 4587 5296 
3 5582 4586 4587 
3 5596 4586 5582 
3 5635 4518 5637 
3 4522 4518 5635 
3 5596 4584 4586 
3 5597 4584 5596 
3 5644 4594 5642 
3 4680 4594 5644 
3 5642 4596 5640 
3 4594 4596 5642 
3 5640 4597 5638 
3 4596 4597 5640 
3 5638 4598 5636 
3 4597 4598 5638 
3 5636 4599 5634 
3 4598 4599 5636 
3 5634 4600 5632 
3 4599 4600 5634 
3 5632 4601 5631 
3 4600 4601 5632 
3 5631 4602 5629 
3 4601 4602 5631 
3 5629 4603 5627 
3 4602 4603 5629 
3 5627 4604 5625 
3 4603 4604 5627 
3 5625 4605 5623 
3 4604 4605 5625 
3 5623 4606 5613 
3 4605 4606 5623 
3 5613 4607 5595 
3 4606 4607 5613 
3 5595 4608 5590 
3 4607 4608 5595 
3 5590 4609 5450 
3 4608 4609 5590 
3 5450 4610 5449 
3 4609 4610 5450 
3 5449 4611 5454 
3 4610 4611 5449 
3 5454 4612 5455 
3 4611 4612 5454 
3 5455 4613 5456 
3 4612 4613 5455 
3 5456 4614 5457 
3 4613 4614 5456 
3 5457 4615 5458 
3 4614 4615 5457 
3 5458 4616 5459 
3 4615 4616 5458 
3 5459 4617 5460 
3 4616 4617 5459 
3 5460 4618 5461 
3 4617 4618 5460 
3 5461 4619 5462 
3 4618 4619 5461 
3 5462 4620 5463 
3 4619 4620 5462 
3 5463 4621 5464 
3 4620 4621 5463 
3 5464 4622 5465 
3 4621 4622 5464 
3 5465 4623 5466 
3 4622 4623 5465 
3 5466 4624 5467 
3 4623 4624 5466 
3 5467 4625 5468 
3 4624 4625 5467 
3 5468 4626 5488 
3 4625 4626 5468 
3 5488 4627 5489 
3 4626 4627 5488 
3 5489 4628 5490 
3 4627 4628 5489 
3 5490 4629 5491 
3 4628 4629 5490 
3 5491 4630 5492 
3 4629 4630 5491 
3 5492 4631 5493 
3 4630 4631 5492 
3 5493 4632 5494 
3 4631 4632 5493 
3 5494 4633 5495 
3 4632 4633 5494 
3 5495 4634 5496 
3 4633 4634 5495 
3 5496 4635 5497 
3 4634 4635 5496 
3 5497 4636 5498 
3 4635 4636 5497 
3 5498 4637 5499 
3 4636 4637 5498 
3 5499 4638 5500 
3 4637 4638 5499 
3 5500 4639 5501 
3 4638 4639 5500 
3 5501 4640 5503 
3 4639 4640 5501 
3 5503 4641 5505 
3 4640 4641 5503 
3 5505 4642 5507 
3 4641 4642 5505 
3 5507 4643 5509 
3 4642 4643 5507 
3 5509 4644 5511 
3 4643 4644 5509 
3 5511 4645 5513 
3 4644 4645 5511 
3 5513 4646 5515 
3 4645 4646 5513 
3 5515 4647 5518 
3 4646 4647 5515 
3 5518 4648 5519 
3 4647 4648 5518 
3 5519 4649 5521 
3 4648 4649 5519 
3 5521 4650 5523 
3 4649 4650 5521 
3 5523 4651 5525 
3 4650 4651 5523 
3 5525 4652 5527 
3 4651 4652 5525 
3 5527 4653 5529 
3 4652 4653 5527 
3 5529 4654 5531 
3 4653 4654 5529 
3 5531 4655 5533 
3 4654 4655 5531 
3 5533 4656 5535 
3 4655 4656 5533 
3 5535 4657 5537 
3 4656 4657 5535 
3 5537 4658 5539 
3 4657 4658 5537 
3 5539 4659 5546 
3 4658 4659 5539 
3 5546 4660 5547 
3 4659 4660 5546 
3 5547 4661 5548 
3 4660 4661 5547 
3 5548 4662 5549 
3 4661 4662 5548 
3 5549 4663 5552 
3 4662 4663 5549 
3 5552 4664 5555 
3 4663 4664 5552 
3 5555 4665 5558 
3 4664 4665 5555 
3 5558 4666 5561 
3 4665 4666 5558 
3 5561 4667 5564 
3 4666 4667 5561 
3 5564 4668 5567 
3 4667 4668 5564 
3 5567 4669 5570 
3 4668 4669 5567 
3 5570 4670 5583 
3 4669 4670 5570 
3 5583 4671 5584 
3 4670 4671 5583 
3 5584 4672 5585 
3 4671 4672 5584 
3 5585 4673 5586 
3 4672 4673 5585 
3 5586 4674 5587 
3 4673 4674 5586 
3 5587 4675 5589 
3 4674 4675 5587 
3 5589 4676 5597 
3 4675 4676 5589 
3 5598 4977 4979 
3 5620 4977 5598 
3 5637 4517 5639 
3 4518 4517 5637 
3 5597 4585 4584 
3 4676 4585 5597 
3 5639 4534 5641 
3 4517 4534 5639 
3 5641 4536 5643 
3 4534 4536 5641 
3 5643 4528 5645 
3 4536 4528 5643 
3 5645 4527 5647 
3 4528 4527 5645 
3 5614 4878 5621 
3 4877 4878 5614 
3 5649 4682 4681 
3 5651 4682 5649 
3 5647 4523 5648 
3 4527 4523 5647 
3 5648 2903 5650 
3 4523 2903 5648 
3 5621 4879 5652 
3 4878 4879 5621 
3 5258 4693 4697 
3 5260 4693 5258 
3 5260 4692 4693 
3 5616 4692 5260 
3 5616 4694 4692 
3 5617 4694 5616 
3 5617 4700 4694 
3 5618 4700 5617 
3 5618 3862 4700 
3 5619 3862 5618 
3 5619 3863 3862 
3 5622 3863 5619 
3 5620 4211 4977 
3 4699 4211 5620 
3 2903 2904 5650 
3 5650 3242 5651 
3 2904 3242 5650 
3 5651 2816 4682 
3 3242 2816 5651 
3 5622 3864 3863 
3 5652 3864 5622 
3 5652 4497 3864 
3 4879 4497 5652 
3 5015 5014 5654 
3 5654 5655 5653 
3 5014 5655 5654 
3 5014 4974 5655 
3 2759 2081 2078 
3 2082 2084 5656 
3 5656 2084 2819 
3 2102 2082 5656 
3 5656 2819 5657 
3 5657 2819 2820 
3 2755 2759 5658 
3 5658 2759 2078 
3 2078 2080 5659 
3 5659 2080 2108 
3 5659 2108 2104 
3 5657 2820 5660 
3 5660 2820 2758 
3 5660 2758 2755 
3 5660 2755 5658 
3 5658 2078 5659 
3 2102 5656 5657 
3 2104 2102 5661 
3 5661 2102 5657 
3 5659 2104 5661 
3 5661 5657 5660 
3 5660 5658 5661 
3 5661 5658 5659 
3 2104 2108 2105 
3 5662 5653 5655 
3 4974 5662 5655 
3 5653 5662 5655 
3 4974 5655 5662 
3 2090 2089 2804 
3 2809 2819 2084 
3 2809 2084 2083 
3 2809 2083 5663 
3 5663 2083 2098 
3 2808 2809 5663 
3 5663 2098 5664 
3 5664 2098 2096 
3 5664 2096 5665 
3 5665 2096 2094 
3 5665 2094 5666 
3 5666 2094 2092 
3 5666 2092 5667 
3 5667 2092 2090 
3 5667 2090 2804 
3 5667 2804 2803 
3 5666 5667 2803 
3 5666 2803 2807 
3 5665 5666 2807 
3 5665 2807 2808 
3 5665 2808 5664 
3 5664 2808 5663 
3 2398 4402 2311 
3 4404 5668 4402 
3 5668 2313 2311 
3 2817 2818 5668 
3 2818 2412 2313 
3 2313 5668 2818 
3 5668 4404 2817 
3 5668 2311 4402 
3 5669 5670 5671 
3 5671 2112 5672 
3 5673 5669 5671 
3 5673 5674 5669 
3 5669 5675 5670 
3 5676 5677 5678 
3 5677 5675 5679 
3 5680 5681 5676 
3 5681 5682 5677 
3 5682 5675 5677 
3 5681 5677 5676 
3 5675 5674 5679 
3 5677 5679 5678 
3 5675 5682 5670 
3 5674 5675 5669 
3 5671 5672 5673 
3 2831 5672 2830 
3 2830 5672 2112 
3 5683 3198 3199 
3 5684 5685 5686 
3 5686 5687 5688 
3 5688 5687 5689 
3 5684 5686 5688 
3 3200 5684 5688 
3 3200 5688 5690 
3 5690 5688 5689 
3 5690 5689 5683 
3 3200 5690 3199 
3 3199 5690 5683 
3 5687 5678 5679 
3 5672 2831 3195 
3 5689 5687 5691 
3 5691 5687 5679 
3 5691 5679 5674 
3 5672 3195 5692 
3 5692 3195 3198 
3 5692 3198 5683 
3 5673 5672 5692 
3 5683 5689 5693 
3 5693 5689 5691 
3 5692 5683 5693 
3 5673 5692 5693 
3 5673 5693 5674 
3 5674 5693 5691 
3 2110 2112 5671 
3 2109 2110 5694 
3 5694 2110 5671 
3 5694 5671 5695 
3 5695 5671 5670 
3 5695 5670 5696 
3 5696 5670 5682 
3 2105 2109 5697 
3 5697 2109 5694 
3 2103 2105 5698 
3 5698 2105 5697 
3 2101 2103 5699 
3 5699 2103 5698 
3 2100 2101 5700 
3 5700 2101 5699 
3 2099 2100 5701 
3 5701 2100 5700 
3 2097 2099 5702 
3 5702 2099 5701 
3 2095 2097 5703 
3 5703 2097 5702 
3 2093 2095 5704 
3 5704 2095 5703 
3 2091 2093 5705 
3 5705 2093 5704 
3 5706 2091 5705 
3 5696 5682 5707 
3 5707 5682 5681 
3 5707 5681 5708 
3 5708 5681 5680 
3 5708 5680 5709 
3 5708 5709 5710 
3 5710 5709 5711 
3 5710 5711 5712 
3 5712 5711 5713 
3 5712 5713 5714 
3 5714 5713 5715 
3 5714 5715 5716 
3 5716 5715 5717 
3 5716 5717 5718 
3 5718 5717 5719 
3 5718 5719 5720 
3 5721 5706 5722 
3 5722 5706 5705 
3 5723 5721 5724 
3 5724 5721 5722 
3 5725 5723 5724 
3 5726 5725 5727 
3 5727 5725 5724 
3 5728 5726 5727 
3 5729 5728 5730 
3 5730 5728 5727 
3 5731 5729 5732 
3 5732 5729 5730 
3 5733 5731 5734 
3 5734 5731 5732 
3 5735 5733 5736 
3 5736 5733 5734 
3 5737 5735 5738 
3 5738 5735 5736 
3 5739 5737 5740 
3 5740 5737 5738 
3 5741 5739 5740 
3 5720 5741 5742 
3 5718 5720 5742 
3 5742 5741 5740 
3 5697 5694 5743 
3 5743 5694 5695 
3 5743 5695 5696 
3 5698 5697 5744 
3 5744 5697 5743 
3 5699 5698 5745 
3 5745 5698 5744 
3 5700 5699 5746 
3 5746 5699 5745 
3 5701 5700 5747 
3 5747 5700 5746 
3 5702 5701 5748 
3 5748 5701 5747 
3 5703 5702 5749 
3 5749 5702 5748 
3 5704 5703 5750 
3 5750 5703 5749 
3 5705 5704 5751 
3 5751 5704 5750 
3 5722 5705 5751 
3 5743 5696 5752 
3 5752 5696 5707 
3 5744 5743 5752 
3 5752 5707 5753 
3 5753 5707 5708 
3 5753 5708 5710 
3 5745 5744 5754 
3 5754 5744 5752 
3 5754 5752 5753 
3 5746 5745 5755 
3 5755 5745 5754 
3 5747 5746 5756 
3 5756 5746 5755 
3 5748 5747 5757 
3 5757 5747 5756 
3 5749 5748 5758 
3 5758 5748 5757 
3 5750 5749 5759 
3 5759 5749 5758 
3 5751 5750 5760 
3 5760 5750 5759 
3 5722 5751 5761 
3 5761 5751 5760 
3 5724 5722 5761 
3 5727 5724 5761 
3 5730 5727 5761 
3 5730 5761 5762 
3 5762 5761 5760 
3 5732 5730 5762 
3 5762 5760 5763 
3 5763 5760 5759 
3 5732 5762 5764 
3 5764 5762 5763 
3 5734 5732 5764 
3 5763 5759 5765 
3 5765 5759 5758 
3 5764 5763 5766 
3 5766 5763 5765 
3 5734 5764 5767 
3 5767 5764 5766 
3 5736 5734 5767 
3 5765 5758 5768 
3 5768 5758 5757 
3 5766 5765 5769 
3 5769 5765 5768 
3 5767 5766 5770 
3 5770 5766 5769 
3 5736 5767 5771 
3 5738 5736 5771 
3 5771 5767 5770 
3 5740 5738 5772 
3 5772 5738 5771 
3 5742 5740 5772 
3 5772 5771 5773 
3 5773 5771 5770 
3 5768 5757 5774 
3 5774 5757 5756 
3 5769 5768 5775 
3 5775 5768 5774 
3 5770 5769 5776 
3 5776 5769 5775 
3 5773 5770 5776 
3 5774 5756 5777 
3 5777 5756 5755 
3 5775 5774 5778 
3 5778 5774 5777 
3 5776 5775 5779 
3 5779 5775 5778 
3 5773 5776 5780 
3 5780 5776 5779 
3 5777 5755 5781 
3 5781 5755 5754 
3 5781 5754 5782 
3 5754 5753 5782 
3 5782 5753 5710 
3 5782 5710 5783 
3 5783 5710 5712 
3 5783 5712 5784 
3 5784 5712 5714 
3 5784 5714 5785 
3 5785 5714 5716 
3 5785 5716 5786 
3 5786 5716 5718 
3 5786 5718 5742 
3 5786 5742 5772 
3 5786 5772 5773 
3 5786 5773 5780 
3 5785 5786 5780 
3 5785 5780 5787 
3 5787 5780 5779 
3 5784 5785 5787 
3 5787 5779 5778 
3 5783 5784 5788 
3 5788 5784 5787 
3 5782 5783 5788 
3 5788 5787 5778 
3 5781 5782 5788 
3 5788 5778 5781 
3 5781 5778 5777 
3 2088 2091 5706 
3 5789 2821 2106 
3 2086 2088 5790 
3 5790 2088 5706 
3 5790 5706 5721 
3 5723 5789 5791 
3 5791 5789 2106 
3 5791 2106 2086 
3 5721 5723 5791 
3 5721 5791 5790 
3 5790 5791 2086 
3 3097 3099 5792 
3 5684 3200 3197 
3 3095 3097 5793 
3 5793 3097 5792 
3 5793 5792 5794 
3 5684 3197 5795 
3 5795 3197 3196 
3 5685 5684 5795 
3 5796 5685 5795 
3 5797 5796 5798 
3 5798 5796 5795 
3 3095 5793 5799 
3 5799 5793 5794 
3 3093 3095 5799 
3 5799 5794 5800 
3 5798 5795 3196 
3 5798 3196 3194 
3 5798 3194 5801 
3 5801 3194 3193 
3 5801 3193 5802 
3 5802 3193 3192 
3 5797 5798 5801 
3 5803 5797 5801 
3 5803 5801 5802 
3 5804 5803 5802 
3 5805 5804 5806 
3 5806 5804 5802 
3 5807 5805 5808 
3 5808 5805 5806 
3 5809 5807 5810 
3 5810 5807 5808 
3 5811 5809 5812 
3 5812 5809 5810 
3 5813 5811 5814 
3 5814 5811 5812 
3 5815 5813 5816 
3 5816 5813 5814 
3 5817 5815 5818 
3 5818 5815 5816 
3 5819 5817 5820 
3 5820 5817 5818 
3 5821 5819 5822 
3 5822 5819 5820 
3 5823 5821 5824 
3 5824 5821 5822 
3 5825 5823 5826 
3 5826 5823 5824 
3 5827 5825 5828 
3 5828 5825 5826 
3 5829 5827 5830 
3 5830 5827 5828 
3 5831 5829 5832 
3 5832 5829 5830 
3 5833 5831 5834 
3 5834 5831 5832 
3 5835 5833 5836 
3 5836 5833 5834 
3 5837 5835 5838 
3 5838 5835 5836 
3 5839 5837 5840 
3 5840 5837 5838 
3 5841 5839 5842 
3 5842 5839 5840 
3 5843 5841 5844 
3 5844 5841 5842 
3 5806 5802 3192 
3 5806 3192 3191 
3 5808 5806 3191 
3 5808 3191 3190 
3 5810 5808 3190 
3 5810 3190 3189 
3 5812 5810 3189 
3 5812 3189 3047 
3 5814 5812 3047 
3 5814 3047 3046 
3 5816 5814 3046 
3 5816 3046 3045 
3 5818 5816 3045 
3 5818 3045 3044 
3 5820 5818 3044 
3 5820 3044 3043 
3 5822 5820 3043 
3 5822 3043 3042 
3 5824 5822 3042 
3 5824 3042 3041 
3 5826 5824 3041 
3 5826 3041 3040 
3 5828 5826 3040 
3 5828 3040 3039 
3 5830 5828 3039 
3 5830 3039 3037 
3 5832 5830 3037 
3 5832 3037 3048 
3 5834 5832 3048 
3 5834 3048 3050 
3 5836 5834 3050 
3 5836 3050 3052 
3 5838 5836 3052 
3 5838 3052 3059 
3 5840 5838 3059 
3 5840 3059 3061 
3 5842 5840 3061 
3 5842 3061 3063 
3 5844 5842 3063 
3 5844 3063 3065 
3 5844 3065 5845 
3 5845 3065 3067 
3 5845 3067 5846 
3 5846 3067 3069 
3 5846 3069 5847 
3 5847 3069 3071 
3 5847 3071 5848 
3 5848 3071 3073 
3 3093 5799 5849 
3 5849 5799 5800 
3 3091 3093 5849 
3 5849 5800 5850 
3 5849 5850 5851 
3 5851 5850 5852 
3 3091 5849 5851 
3 3089 3091 5851 
3 3089 5851 5853 
3 5853 5851 5852 
3 3087 3089 5853 
3 5853 5852 5854 
3 5848 3073 5855 
3 5855 3073 3075 
3 5843 5844 5845 
3 5856 5843 5845 
3 5855 3075 5857 
3 5857 3075 3077 
3 5857 3077 5858 
3 5858 3077 3080 
3 5858 3080 5859 
3 5859 3080 3081 
3 5856 5845 5846 
3 5860 5856 5846 
3 5860 5846 5847 
3 5861 5860 5847 
3 5861 5847 5848 
3 5862 5861 5848 
3 5862 5848 5855 
3 5863 5862 5855 
3 5863 5855 5857 
3 5864 5863 5857 
3 5864 5857 5858 
3 5865 5864 5858 
3 5865 5858 5859 
3 5866 5865 5859 
3 5866 5859 5867 
3 5867 5859 3081 
3 5868 5866 5867 
3 5867 3081 3083 
3 5868 5867 5869 
3 5869 5867 3083 
3 5870 5868 5869 
3 5869 3083 3085 
3 5870 5869 3085 
3 5870 3085 5871 
3 5871 3085 3087 
3 5854 5870 5871 
3 3087 5853 5871 
3 5871 5853 5854 
3 5872 3729 3735 
3 2823 5873 5874 
3 2824 2823 5874 
3 2824 5874 5875 
3 2306 2824 5875 
3 2306 5875 5876 
3 2299 2306 5876 
3 2299 5876 5877 
3 2294 2299 5877 
3 2294 5877 5878 
3 2292 2294 5878 
3 2292 5878 5879 
3 2231 2292 5879 
3 2231 5879 5880 
3 2229 2231 5880 
3 2229 5880 5881 
3 2227 2229 5881 
3 2227 5881 5882 
3 2225 2227 5882 
3 2225 5882 5883 
3 2223 2225 5883 
3 2223 5883 5884 
3 2220 2223 5884 
3 2220 5884 5885 
3 2218 2220 5885 
3 2218 5885 5886 
3 2216 2218 5886 
3 2216 5886 5887 
3 2214 2216 5887 
3 2214 5887 5888 
3 2211 2214 5888 
3 2211 5888 5889 
3 2208 2211 5889 
3 2208 5889 5890 
3 2205 2208 5890 
3 2205 5890 5891 
3 2203 2205 5891 
3 2203 5891 5892 
3 2201 2203 5892 
3 2201 5892 5893 
3 2199 2201 5893 
3 2199 5893 5894 
3 2197 2199 5894 
3 2197 5894 5895 
3 2195 2197 5895 
3 2195 5895 5896 
3 2193 2195 5896 
3 2193 5896 5897 
3 2191 2193 5897 
3 2191 5897 5898 
3 2189 2191 5898 
3 2189 5898 5899 
3 2187 2189 5899 
3 2187 5899 5900 
3 2185 2187 5900 
3 2185 5900 5901 
3 2183 2185 5901 
3 2183 5901 5902 
3 2181 2183 5902 
3 2181 5902 5903 
3 2179 2181 5903 
3 2179 5903 5904 
3 2177 2179 5904 
3 2177 5904 5905 
3 2175 2177 5905 
3 2175 5905 5906 
3 2173 2175 5906 
3 2173 5906 5907 
3 2171 2173 5907 
3 2171 5907 5908 
3 2169 2171 5908 
3 2169 5908 5909 
3 2167 2169 5909 
3 2167 5909 5910 
3 2165 2167 5910 
3 2165 5910 5911 
3 2163 2165 5911 
3 2163 5911 5912 
3 2161 2163 5912 
3 2161 5912 5913 
3 2159 2161 5913 
3 2159 5913 5914 
3 2157 2159 5914 
3 2157 5914 5915 
3 2155 2157 5915 
3 2155 5915 5916 
3 2153 2155 5916 
3 2153 5916 5917 
3 2151 2153 5917 
3 2151 5917 5918 
3 2149 2151 5918 
3 2149 5918 5919 
3 2147 2149 5919 
3 2147 5919 5920 
3 2145 2147 5920 
3 2145 5920 5921 
3 2143 2145 5921 
3 2143 5921 5922 
3 2141 2143 5922 
3 2141 5922 5923 
3 2139 2141 5923 
3 2139 5923 5924 
3 2139 5924 5925 
3 2137 2139 5925 
3 2137 5925 5926 
3 2135 2137 5926 
3 2135 5926 5927 
3 2133 2135 5927 
3 2133 5927 5928 
3 2131 2133 5928 
3 2131 5928 5929 
3 2129 2131 5929 
3 2129 5929 5930 
3 2127 2129 5930 
3 2127 5930 5931 
3 2125 2127 5931 
3 2125 5931 5932 
3 2123 2125 5932 
3 2123 5932 5933 
3 2121 2123 5933 
3 2121 5933 5934 
3 2119 2121 5934 
3 2119 5934 5935 
3 2117 2119 5935 
3 2117 5935 5936 
3 5936 5935 5937 
3 2113 2117 5936 
3 5936 5937 5938 
3 5938 5937 5939 
3 5872 3735 5940 
3 5940 3735 3736 
3 5941 5872 5940 
3 5938 5939 5942 
3 5942 5939 5943 
3 5940 3736 5944 
3 5944 3736 3737 
3 5944 3737 5945 
3 5945 3737 3749 
3 5945 3749 5946 
3 5946 3749 3750 
3 5946 3750 5947 
3 5947 3750 3751 
3 5947 3751 5948 
3 5948 3751 3752 
3 5948 3752 5949 
3 5949 3752 3753 
3 5949 3753 5950 
3 5950 3753 3754 
3 5950 3754 5951 
3 5951 3754 3755 
3 5951 3755 5952 
3 5952 3755 3756 
3 5952 3756 5953 
3 5953 3756 3757 
3 5942 5943 5954 
3 5954 5943 5955 
3 2113 5936 5938 
3 2242 2113 5938 
3 2242 5938 5942 
3 3769 2242 5942 
3 3769 5942 5954 
3 3767 3769 5954 
3 3767 5954 5955 
3 3767 5955 5956 
3 3759 3767 5956 
3 3759 5956 5957 
3 3758 3759 5957 
3 3758 5957 5958 
3 3757 3758 5958 
3 5953 3757 5958 
3 5953 5958 5959 
3 5953 5959 5960 
3 5952 5953 5960 
3 5952 5960 5961 
3 5951 5952 5961 
3 5950 5951 5961 
3 5950 5961 5962 
3 5949 5950 5962 
3 5949 5962 5963 
3 5948 5949 5963 
3 5948 5963 5964 
3 5947 5948 5964 
3 5947 5964 5965 
3 5946 5947 5965 
3 5946 5965 5966 
3 5945 5946 5966 
3 5945 5966 5967 
3 5944 5945 5967 
3 5967 5941 5944 
3 5944 5941 5940 
3 3730 3729 5872 
3 5968 5685 5796 
3 5969 5970 5971 
3 5971 5970 5972 
3 5971 5972 5973 
3 5973 5972 5974 
3 3731 3730 5975 
3 5975 3730 5872 
3 5975 5872 5976 
3 5976 5872 5941 
3 3766 3731 5977 
3 5977 3731 5975 
3 3201 3766 5978 
3 5978 3766 5977 
3 3186 3201 5978 
3 5973 5974 5979 
3 5979 5974 5980 
3 5979 5980 5981 
3 5981 5980 5982 
3 5981 5982 5983 
3 5983 5982 5984 
3 5983 5984 5985 
3 5985 5984 5986 
3 5985 5986 5987 
3 5987 5986 5988 
3 5987 5988 5989 
3 5989 5988 5990 
3 5989 5990 5991 
3 5991 5990 5992 
3 5991 5992 5993 
3 5993 5992 5994 
3 5993 5994 5995 
3 5995 5994 5996 
3 5995 5996 5997 
3 5997 5996 5968 
3 5997 5968 5796 
3 5997 5796 5998 
3 5998 5796 5797 
3 5998 5797 5999 
3 5999 5797 5803 
3 5999 5803 6000 
3 6000 5803 5804 
3 6000 5804 6001 
3 6001 5804 5805 
3 6001 5805 6002 
3 6002 5805 5807 
3 6002 5807 6003 
3 6003 5807 5809 
3 6003 5809 6004 
3 6004 5809 5811 
3 6004 5811 6005 
3 6005 5811 5813 
3 6005 5813 6006 
3 6006 5813 5815 
3 6006 5815 6007 
3 6007 5815 5817 
3 6007 5817 6008 
3 6008 5817 5819 
3 6008 5819 6009 
3 6009 5819 5821 
3 6009 5821 6010 
3 6010 5821 5823 
3 6010 5823 6011 
3 6011 5823 5825 
3 6011 5825 6012 
3 6012 5825 5827 
3 6012 5827 6013 
3 6013 5827 5829 
3 6013 5829 6014 
3 6014 5829 5831 
3 6014 5831 6015 
3 6015 5831 5833 
3 6015 5833 6016 
3 6016 5833 5835 
3 6016 5835 6017 
3 6017 5835 5837 
3 6017 5837 6018 
3 6018 5837 5839 
3 5976 5941 6019 
3 6019 5941 5967 
3 6018 5839 6020 
3 6020 5839 5841 
3 6020 5841 6021 
3 6021 5841 5843 
3 6021 5843 6022 
3 6022 5843 5856 
3 6022 5856 6023 
3 6023 5856 5860 
3 6023 5860 6024 
3 6024 5860 5861 
3 6019 5967 6025 
3 6025 5967 5966 
3 6025 5966 6026 
3 6026 5966 5965 
3 6026 5965 6027 
3 6027 5965 5964 
3 6027 5964 6028 
3 6028 5964 5963 
3 6028 5963 6029 
3 6029 5963 5962 
3 6029 5962 6030 
3 6030 5962 5961 
3 6030 5961 6031 
3 6031 5961 5960 
3 6031 5960 6032 
3 6032 5960 5959 
3 6032 5959 6033 
3 6033 5959 5958 
3 6033 5958 6034 
3 6034 5958 5957 
3 6035 6036 6037 
3 6037 6036 6038 
3 6037 6038 6039 
3 6039 6038 6040 
3 6039 6040 6041 
3 6041 6040 6042 
3 6041 6042 6043 
3 6043 6042 6044 
3 6043 6044 6045 
3 6045 6044 6046 
3 6045 6046 6047 
3 6047 6046 6048 
3 6049 6035 6050 
3 6050 6035 6037 
3 6051 6049 6052 
3 6052 6049 6050 
3 6053 6051 6054 
3 6054 6051 6052 
3 6055 6053 6056 
3 6056 6053 6054 
3 6057 6055 6058 
3 6058 6055 6056 
3 6059 6057 6060 
3 6060 6057 6058 
3 6061 6059 6062 
3 6062 6059 6060 
3 6063 6061 6064 
3 6064 6061 6062 
3 6065 6063 6066 
3 6066 6063 6064 
3 6067 6065 6068 
3 6068 6065 6066 
3 6069 6067 6070 
3 6070 6067 6068 
3 6071 6069 6072 
3 6072 6069 6070 
3 6073 6071 6074 
3 6074 6071 6072 
3 6075 6073 6076 
3 6076 6073 6074 
3 6077 6075 6078 
3 6078 6075 6076 
3 6079 6077 6080 
3 6080 6077 6078 
3 6081 6079 6082 
3 6082 6079 6080 
3 6047 6048 6083 
3 6083 6048 6084 
3 6024 5861 6085 
3 6085 5861 5862 
3 6085 5862 6086 
3 6086 5862 5863 
3 6086 5863 6087 
3 6087 5863 5864 
3 6087 5864 6088 
3 6088 5864 5865 
3 6088 5865 6089 
3 6089 5865 5866 
3 3183 3186 6090 
3 6090 3186 5978 
3 3180 3183 6091 
3 6091 3183 6090 
3 3177 3180 6092 
3 6092 3180 6091 
3 3174 3177 6093 
3 6093 3177 6092 
3 3171 3174 6094 
3 6094 3174 6093 
3 3168 3171 6095 
3 6095 3171 6094 
3 3165 3168 6096 
3 6096 3168 6095 
3 3162 3165 6097 
3 6097 3165 6096 
3 3159 3162 6098 
3 6098 3162 6097 
3 3156 3159 6099 
3 6099 3159 6098 
3 3153 3156 6100 
3 6100 3156 6099 
3 3150 3153 6101 
3 6101 3153 6100 
3 3147 3150 6102 
3 6102 3150 6101 
3 3145 3147 6103 
3 6103 3147 6102 
3 3143 3145 6104 
3 6104 3145 6103 
3 3141 3143 6105 
3 6105 3143 6104 
3 3139 3141 6106 
3 6106 3141 6105 
3 3137 3139 6107 
3 6107 3139 6106 
3 3135 3137 6108 
3 6108 3137 6107 
3 3133 3135 6109 
3 6109 3135 6108 
3 3131 3133 6110 
3 6110 3133 6109 
3 3129 3131 6111 
3 6111 3131 6110 
3 3127 3129 6112 
3 6112 3129 6111 
3 3125 3127 6113 
3 6113 3127 6112 
3 3123 3125 6114 
3 6114 3125 6113 
3 3121 3123 6115 
3 6115 3123 6114 
3 3119 3121 6116 
3 6116 3121 6115 
3 3117 3119 6117 
3 6117 3119 6116 
3 3115 3117 6118 
3 6118 3117 6117 
3 3113 3115 6119 
3 6119 3115 6118 
3 3111 3113 6120 
3 6120 3113 6119 
3 3109 3111 6121 
3 6121 3111 6120 
3 3107 3109 6122 
3 6122 3109 6121 
3 3105 3107 6123 
3 6123 3107 6122 
3 3103 3105 6124 
3 6124 3105 6123 
3 3101 3103 6125 
3 6125 3103 6124 
3 3099 3101 6126 
3 6126 3101 6125 
3 5792 3099 6126 
3 6127 6081 6128 
3 6128 6081 6082 
3 6129 6127 6130 
3 6130 6127 6128 
3 6131 6129 6132 
3 6132 6129 6130 
3 6133 6131 6134 
3 6134 6131 6132 
3 6135 6133 6136 
3 6136 6133 6134 
3 6137 6135 6138 
3 6138 6135 6136 
3 6139 6137 6140 
3 6140 6137 6138 
3 6141 5969 6142 
3 6142 5969 5971 
3 6143 6141 6144 
3 6144 6141 6142 
3 6084 6143 6145 
3 6145 6143 6144 
3 6083 6084 6145 
3 6089 5866 6146 
3 6146 5866 5868 
3 6146 5868 6147 
3 6147 5868 5870 
3 6147 5870 6148 
3 6148 5870 5854 
3 6148 5854 6149 
3 6149 5854 5852 
3 6149 5852 6150 
3 6150 5852 5850 
3 6150 5850 6151 
3 6151 5850 5800 
3 6151 5800 6152 
3 6152 5800 5794 
3 6152 5794 6153 
3 6153 5794 5792 
3 6153 5792 6154 
3 6154 5792 6126 
3 6155 6139 6156 
3 6156 6139 6140 
3 6157 6155 6158 
3 6158 6155 6156 
3 6159 6157 6160 
3 6160 6157 6158 
3 6161 6159 6162 
3 6162 6159 6160 
3 6163 6161 6164 
3 6164 6161 6162 
3 6165 6163 6166 
3 6166 6163 6164 
3 6167 6165 6168 
3 6168 6165 6166 
3 6169 6167 6170 
3 6170 6167 6168 
3 6171 6169 6172 
3 6172 6169 6170 
3 6173 6171 6174 
3 6174 6171 6172 
3 6175 6173 6176 
3 6176 6173 6174 
3 6177 6175 6178 
3 6178 6175 6176 
3 6179 6177 6180 
3 6180 6177 6178 
3 6181 6179 6182 
3 6182 6179 6180 
3 6183 6181 6184 
3 6184 6181 6182 
3 6185 6183 6186 
3 6186 6183 6184 
3 6187 6185 6188 
3 6188 6185 6186 
3 5924 6187 6189 
3 6189 6187 6188 
3 5925 5924 6190 
3 6190 5924 6189 
3 5926 5925 6191 
3 6191 5925 6190 
3 5927 5926 6192 
3 6192 5926 6191 
3 5928 5927 6193 
3 6193 5927 6192 
3 5929 5928 6194 
3 6194 5928 6193 
3 5930 5929 6195 
3 6195 5929 6194 
3 5931 5930 6196 
3 6196 5930 6195 
3 5932 5931 6197 
3 6197 5931 6196 
3 5933 5932 6198 
3 6198 5932 6197 
3 5934 5933 6199 
3 6199 5933 6198 
3 5935 5934 6200 
3 6200 5934 6199 
3 5937 5935 6200 
3 6034 5957 6201 
3 6201 5957 5956 
3 6201 5956 6202 
3 6202 5956 5955 
3 6202 5955 6203 
3 6203 5955 5943 
3 6203 5943 6204 
3 6204 5943 5939 
3 6204 5939 6205 
3 6205 5939 5937 
3 6205 5937 6206 
3 6206 5937 6200 
3 6207 6208 6209 
3 6209 6208 6210 
3 6210 6208 6211 
3 6211 6208 6212 
3 6212 6208 6213 
3 6213 6208 6207 
3 6210 6211 6214 
3 6214 6211 6215 
3 6215 6211 6216 
3 6216 6211 6212 
3 6213 6207 6217 
3 6217 6207 6218 
3 6218 6207 6219 
3 6219 6207 6209 
3 6090 5978 6220 
3 6220 5978 5977 
3 6219 6209 6221 
3 6220 5977 5975 
3 6221 6209 6222 
3 6222 6209 6210 
3 6220 5975 5976 
3 6222 6210 6223 
3 6220 5976 6019 
3 6223 6210 6214 
3 6090 6220 6019 
3 6218 6219 6224 
3 6091 6090 6019 
3 6224 6219 6225 
3 6225 6219 6221 
3 6091 6019 6025 
3 6225 6221 6226 
3 6092 6091 6025 
3 6226 6221 6227 
3 6227 6221 6222 
3 6092 6025 6026 
3 6227 6222 6228 
3 6228 6222 6223 
3 6093 6092 6026 
3 6216 6212 6229 
3 6093 6026 6027 
3 6229 6212 6230 
3 6230 6212 6213 
3 6094 6093 6027 
3 6230 6213 6231 
3 6094 6027 6028 
3 6231 6213 6217 
3 6095 6094 6028 
3 6215 6216 6232 
3 6095 6028 6029 
3 6232 6216 6233 
3 6233 6216 6229 
3 6096 6095 6029 
3 6214 6215 6234 
3 6096 6029 6030 
3 6234 6215 6235 
3 6235 6215 6232 
3 6097 6096 6030 
3 6223 6214 6236 
3 6097 6030 6031 
3 6236 6214 6234 
3 6098 6097 6031 
3 6228 6223 6237 
3 6098 6031 6032 
3 6237 6223 6236 
3 6099 6098 6032 
3 6235 6232 6039 
3 6235 6039 6041 
3 6099 6032 6033 
3 6100 6099 6033 
3 6100 6033 6034 
3 6101 6100 6034 
3 6101 6034 6201 
3 6102 6101 6201 
3 6037 6039 6232 
3 6050 6037 6232 
3 6050 6232 6233 
3 6052 6050 6233 
3 6052 6233 6229 
3 6102 6201 6202 
3 6103 6102 6202 
3 6054 6052 6229 
3 6054 6229 6230 
3 6103 6202 6238 
3 6238 6202 6203 
3 6104 6103 6238 
3 6235 6041 6239 
3 6239 6041 6043 
3 6234 6235 6239 
3 6056 6054 6240 
3 6240 6054 6230 
3 6240 6230 6231 
3 5995 5997 6241 
3 6241 5997 5998 
3 6241 5998 5999 
3 6238 6203 6242 
3 6242 6203 6204 
3 6104 6238 6242 
3 6105 6104 6242 
3 6239 6043 6243 
3 6243 6043 6045 
3 6234 6239 6243 
3 6236 6234 6243 
3 6142 5971 6244 
3 6244 5971 5973 
3 6244 5973 6245 
3 6245 5973 5979 
3 6243 6045 6246 
3 6246 6045 6047 
3 6236 6243 6246 
3 6237 6236 6246 
3 5993 5995 6247 
3 6247 5995 6241 
3 6242 6204 6248 
3 6248 6204 6205 
3 6105 6242 6248 
3 6106 6105 6248 
3 6245 5979 6249 
3 6249 5979 5981 
3 6246 6047 6250 
3 6250 6047 6083 
3 6237 6246 6250 
3 6249 5981 6251 
3 6251 5981 5983 
3 6251 5983 6252 
3 6252 5983 5985 
3 6252 5985 6253 
3 6253 5985 5987 
3 5991 5993 6254 
3 6254 5993 6247 
3 6058 6056 6255 
3 6255 6056 6240 
3 6255 6240 6231 
3 6253 5987 6256 
3 6256 5987 5989 
3 5989 5991 6257 
3 6257 5991 6254 
3 6256 5989 6257 
3 6107 6106 6258 
3 6258 6106 6248 
3 6258 6248 6206 
3 6206 6248 6205 
3 6108 6107 6259 
3 6259 6107 6258 
3 6259 6258 6260 
3 6260 6258 6206 
3 6260 6206 6200 
3 6260 6200 6199 
3 6109 6108 6261 
3 6261 6108 6259 
3 6261 6259 6262 
3 6262 6259 6260 
3 6262 6260 6199 
3 6262 6199 6198 
3 6110 6109 6263 
3 6263 6109 6261 
3 6263 6261 6264 
3 6264 6261 6262 
3 6264 6262 6198 
3 6264 6198 6197 
3 6111 6110 6265 
3 6265 6110 6263 
3 6265 6263 6266 
3 6266 6263 6264 
3 6266 6264 6197 
3 6266 6197 6196 
3 6266 6196 6267 
3 6267 6196 6195 
3 6265 6266 6267 
3 6267 6195 6268 
3 6268 6195 6194 
3 6111 6265 6269 
3 6269 6265 6267 
3 6112 6111 6269 
3 6268 6194 6270 
3 6270 6194 6193 
3 6270 6193 6271 
3 6271 6193 6192 
3 6271 6192 6272 
3 6272 6192 6191 
3 6272 6191 6273 
3 6273 6191 6190 
3 6273 6190 6274 
3 6274 6190 6189 
3 6274 6189 6275 
3 6275 6189 6188 
3 6113 6112 6276 
3 6276 6112 6269 
3 6276 6269 6268 
3 6269 6267 6268 
3 6276 6268 6270 
3 6276 6270 6277 
3 6277 6270 6271 
3 6113 6276 6277 
3 6114 6113 6277 
3 6115 6114 6278 
3 6277 6271 6278 
3 6278 6271 6272 
3 6114 6277 6278 
3 6116 6115 6279 
3 6117 6116 6280 
3 6280 6116 6279 
3 6280 6279 6281 
3 6281 6279 6272 
3 6281 6272 6273 
3 6281 6274 6282 
3 6281 6273 6274 
3 6280 6281 6282 
3 6282 6274 6275 
3 6118 6117 6283 
3 6283 6117 6280 
3 6283 6280 6282 
3 6283 6282 6284 
3 6284 6282 6275 
3 6119 6118 6285 
3 6285 6118 6283 
3 6285 6283 6284 
3 6120 6119 6286 
3 6286 6119 6285 
3 6286 6285 6287 
3 6287 6285 6284 
3 6287 6284 6288 
3 6288 6284 6275 
3 6288 6275 6188 
3 6288 6188 6186 
3 6121 6120 6289 
3 6289 6120 6286 
3 6289 6286 6290 
3 6290 6286 6287 
3 6290 6287 6291 
3 6291 6287 6288 
3 6291 6288 6186 
3 6291 6186 6184 
3 6290 6291 6292 
3 6292 6291 6184 
3 6292 6184 6182 
3 6289 6290 6293 
3 6293 6290 6292 
3 6293 6292 6294 
3 6294 6292 6182 
3 6294 6182 6180 
3 6121 6289 6295 
3 6295 6289 6293 
3 6122 6121 6295 
3 6295 6293 6296 
3 6296 6293 6294 
3 6296 6294 6297 
3 6297 6294 6180 
3 6297 6180 6298 
3 6298 6180 6178 
3 6122 6295 6299 
3 6299 6295 6296 
3 6123 6122 6299 
3 6299 6296 6300 
3 6300 6296 6297 
3 6300 6297 6298 
3 6123 6299 6301 
3 6301 6299 6300 
3 6124 6123 6301 
3 6301 6300 6302 
3 6298 6178 6303 
3 6303 6178 6176 
3 6125 6124 6304 
3 6304 6124 6301 
3 6304 6301 6302 
3 6302 6300 6298 
3 6302 6298 6303 
3 6126 6125 6305 
3 6305 6125 6304 
3 6154 6126 6305 
3 6305 6304 6306 
3 6306 6304 6302 
3 6306 6302 6303 
3 6154 6305 6307 
3 6307 6305 6306 
3 6153 6154 6308 
3 6308 6154 6307 
3 6307 6306 6309 
3 6309 6306 6303 
3 6309 6303 6176 
3 6309 6176 6174 
3 6309 6174 6310 
3 6310 6174 6172 
3 6310 6172 6170 
3 6307 6309 6311 
3 6311 6309 6310 
3 6308 6307 6311 
3 6311 6310 6312 
3 6312 6310 6170 
3 6312 6170 6168 
3 6308 6311 6313 
3 6313 6311 6312 
3 6060 6058 6314 
3 6314 6058 6255 
3 6247 6241 6315 
3 6315 6241 5999 
3 6315 5999 6000 
3 6254 6247 6316 
3 6316 6247 6315 
3 6257 6254 6317 
3 6317 6254 6316 
3 6062 6060 6318 
3 6318 6060 6314 
3 6256 6257 6319 
3 6319 6257 6317 
3 6253 6256 6320 
3 6320 6256 6319 
3 6252 6253 6321 
3 6321 6253 6320 
3 6251 6252 6322 
3 6322 6252 6321 
3 6249 6251 6323 
3 6323 6251 6322 
3 6064 6062 6324 
3 6324 6062 6318 
3 6066 6064 6325 
3 6325 6064 6324 
3 6068 6066 6326 
3 6326 6066 6325 
3 6070 6068 6327 
3 6327 6068 6326 
3 6072 6070 6328 
3 6328 6070 6327 
3 6074 6072 6329 
3 6329 6072 6328 
3 6076 6074 6330 
3 6330 6074 6329 
3 6078 6076 6331 
3 6331 6076 6330 
3 6080 6078 6332 
3 6332 6078 6331 
3 6082 6080 6333 
3 6333 6080 6332 
3 6245 6249 6334 
3 6334 6249 6323 
3 6244 6245 6335 
3 6335 6245 6334 
3 6142 6244 6336 
3 6144 6142 6336 
3 6336 6244 6335 
3 6152 6153 6337 
3 6337 6153 6308 
3 6337 6308 6313 
3 6313 6312 6338 
3 6338 6312 6168 
3 6338 6168 6166 
3 6337 6313 6339 
3 6151 6152 6340 
3 6339 6152 6337 
3 6339 6313 6338 
3 6339 6338 6341 
3 6341 6338 6166 
3 6341 6166 6164 
3 6150 6151 6342 
3 6342 6151 6340 
3 6342 6340 6343 
3 6343 6340 6341 
3 6343 6341 6164 
3 6343 6164 6344 
3 6344 6164 6162 
3 6342 6343 6345 
3 6345 6343 6344 
3 6150 6342 6346 
3 6346 6342 6345 
3 6149 6150 6346 
3 6344 6162 6347 
3 6347 6162 6160 
3 6345 6344 6347 
3 6347 6160 6348 
3 6348 6160 6158 
3 6346 6345 6349 
3 6349 6345 6347 
3 6349 6347 6348 
3 6149 6346 6350 
3 6350 6346 6349 
3 6148 6149 6350 
3 6147 6148 6350 
3 6350 6349 6351 
3 6351 6349 6348 
3 6147 6350 6351 
3 6146 6147 6352 
3 6352 6147 6351 
3 6352 6351 6353 
3 6353 6351 6348 
3 6353 6348 6158 
3 6353 6158 6156 
3 6250 6083 6354 
3 6354 6083 6145 
3 6237 6250 6355 
3 6355 6250 6354 
3 6228 6237 6356 
3 6356 6237 6355 
3 6227 6228 6357 
3 6357 6228 6356 
3 6226 6227 6358 
3 6358 6227 6357 
3 6128 6082 6359 
3 6359 6082 6333 
3 6130 6128 6360 
3 6360 6128 6359 
3 6132 6130 6361 
3 6361 6130 6360 
3 6134 6132 6362 
3 6362 6132 6361 
3 6136 6134 6363 
3 6363 6134 6362 
3 6138 6136 6363 
3 6140 6138 6364 
3 6364 6138 6363 
3 6314 6255 6365 
3 6365 6255 6231 
3 6365 6231 6366 
3 6366 6231 6217 
3 6318 6314 6367 
3 6367 6314 6365 
3 6324 6318 6368 
3 6368 6318 6367 
3 6325 6324 6369 
3 6369 6324 6368 
3 6326 6325 6370 
3 6370 6325 6369 
3 6327 6326 6371 
3 6371 6326 6370 
3 6328 6327 6372 
3 6372 6327 6371 
3 6329 6328 6373 
3 6373 6328 6372 
3 6330 6329 6374 
3 6374 6329 6373 
3 6331 6330 6375 
3 6375 6330 6374 
3 6332 6331 6376 
3 6376 6331 6375 
3 6333 6332 6377 
3 6377 6332 6376 
3 6366 6217 6378 
3 6378 6217 6218 
3 6378 6218 6379 
3 6379 6218 6224 
3 6359 6333 6380 
3 6380 6333 6377 
3 6367 6365 6381 
3 6381 6365 6366 
3 6381 6366 6382 
3 6382 6366 6378 
3 6382 6378 6383 
3 6383 6378 6379 
3 6368 6367 6384 
3 6384 6367 6381 
3 6369 6368 6385 
3 6385 6368 6384 
3 6370 6369 6386 
3 6386 6369 6385 
3 6371 6370 6387 
3 6387 6370 6386 
3 6372 6371 6388 
3 6388 6371 6387 
3 6373 6372 6389 
3 6389 6372 6388 
3 6374 6373 6390 
3 6390 6373 6389 
3 6375 6374 6391 
3 6391 6374 6390 
3 6376 6375 6392 
3 6392 6375 6391 
3 6377 6376 6393 
3 6393 6376 6392 
3 6380 6377 6394 
3 6394 6377 6393 
3 6384 6381 6395 
3 6395 6381 6382 
3 6395 6382 6396 
3 6396 6382 6383 
3 6385 6384 6397 
3 6397 6384 6395 
3 6397 6395 6398 
3 6398 6395 6396 
3 6386 6385 6399 
3 6399 6385 6397 
3 6399 6397 6400 
3 6400 6397 6398 
3 6387 6386 6401 
3 6401 6386 6399 
3 6388 6387 6402 
3 6402 6387 6401 
3 6389 6388 6403 
3 6403 6388 6402 
3 6390 6389 6404 
3 6404 6389 6403 
3 6391 6390 6405 
3 6405 6390 6404 
3 6392 6391 6406 
3 6406 6391 6405 
3 6393 6392 6407 
3 6407 6392 6406 
3 6394 6393 6408 
3 6408 6393 6407 
3 6401 6399 6409 
3 6409 6399 6400 
3 6402 6401 6410 
3 6410 6401 6409 
3 6403 6402 6411 
3 6411 6402 6410 
3 6404 6403 6412 
3 6412 6403 6411 
3 6405 6404 6413 
3 6413 6404 6412 
3 6406 6405 6414 
3 6414 6405 6413 
3 6407 6406 6415 
3 6415 6406 6414 
3 6408 6407 6416 
3 6416 6407 6415 
3 6145 6144 6417 
3 6418 6144 6336 
3 6354 6145 6417 
3 6355 6354 6419 
3 6419 6354 6417 
3 6356 6355 6420 
3 6420 6355 6419 
3 6357 6356 6421 
3 6360 6359 6422 
3 6422 6359 6380 
3 6361 6360 6423 
3 6423 6360 6422 
3 6362 6361 6424 
3 6424 6361 6423 
3 6363 6362 6425 
3 6425 6362 6424 
3 6364 6363 6425 
3 6422 6380 6426 
3 6426 6380 6394 
3 6426 6394 6427 
3 6427 6394 6408 
3 6427 6408 6428 
3 6428 6408 6416 
3 6423 6422 6429 
3 6429 6422 6426 
3 6424 6423 6430 
3 6430 6423 6429 
3 6425 6424 6431 
3 6431 6424 6430 
3 6364 6425 6432 
3 6432 6425 6431 
3 6316 6315 6433 
3 6433 6315 6000 
3 6433 6000 6001 
3 6433 6001 6434 
3 6434 6001 6002 
3 6434 6002 6435 
3 6435 6002 6003 
3 6435 6003 6436 
3 6436 6003 6004 
3 6436 6004 6437 
3 6437 6004 6005 
3 6317 6316 6438 
3 6438 6316 6433 
3 6438 6433 6434 
3 6319 6317 6439 
3 6439 6317 6438 
3 6320 6319 6440 
3 6440 6319 6439 
3 6321 6320 6441 
3 6441 6320 6440 
3 6322 6321 6442 
3 6442 6321 6441 
3 6323 6322 6443 
3 6443 6322 6442 
3 6437 6005 6444 
3 6444 6005 6006 
3 6334 6323 6445 
3 6445 6323 6443 
3 6335 6334 6446 
3 6446 6334 6445 
3 6336 6335 6418 
3 6418 6335 6446 
3 6417 6418 6447 
3 6447 6418 6446 
3 6444 6006 6448 
3 6448 6006 6007 
3 6448 6007 6449 
3 6449 6007 6008 
3 6449 6008 6450 
3 6450 6008 6009 
3 6450 6009 6451 
3 6451 6009 6010 
3 6451 6010 6452 
3 6452 6010 6011 
3 6452 6011 6453 
3 6453 6011 6012 
3 6453 6012 6454 
3 6454 6012 6013 
3 6454 6013 6455 
3 6455 6013 6014 
3 6455 6014 6456 
3 6456 6014 6015 
3 6456 6015 6457 
3 6457 6015 6016 
3 6457 6016 6458 
3 6458 6016 6017 
3 6458 6017 6459 
3 6459 6017 6018 
3 6459 6018 6460 
3 6460 6018 6020 
3 6460 6020 6461 
3 6461 6020 6021 
3 6439 6438 6462 
3 6462 6438 6434 
3 6462 6434 6463 
3 6463 6434 6435 
3 6463 6435 6464 
3 6464 6435 6436 
3 6464 6436 6465 
3 6465 6436 6437 
3 6465 6437 6466 
3 6466 6437 6444 
3 6466 6444 6467 
3 6467 6444 6448 
3 6440 6439 6468 
3 6468 6439 6462 
3 6441 6440 6469 
3 6469 6440 6468 
3 6442 6441 6470 
3 6470 6441 6469 
3 6443 6442 6471 
3 6471 6442 6470 
3 6445 6443 6472 
3 6472 6443 6471 
3 6446 6445 6473 
3 6473 6445 6472 
3 6447 6446 6473 
3 6468 6462 6474 
3 6474 6462 6463 
3 6474 6463 6475 
3 6475 6463 6464 
3 6475 6464 6465 
3 6469 6468 6476 
3 6476 6468 6474 
3 6470 6469 6477 
3 6477 6469 6476 
3 6471 6470 6478 
3 6478 6470 6477 
3 6472 6471 6479 
3 6479 6471 6478 
3 6473 6472 6480 
3 6480 6472 6479 
3 6447 6473 6481 
3 6481 6473 6480 
3 6419 6447 6481 
3 6420 6419 6481 
3 6476 6474 6482 
3 6482 6474 6475 
3 6482 6475 6483 
3 6483 6475 6465 
3 6483 6465 6466 
3 6477 6476 6484 
3 6484 6476 6482 
3 6484 6482 6485 
3 6485 6482 6483 
3 6478 6477 6486 
3 6486 6477 6484 
3 6479 6478 6487 
3 6487 6478 6486 
3 6480 6479 6488 
3 6488 6479 6487 
3 6481 6480 6489 
3 6489 6480 6488 
3 6421 6481 6489 
3 6357 6421 6490 
3 6490 6421 6489 
3 6358 6357 6490 
3 6486 6484 6491 
3 6491 6484 6485 
3 6487 6486 6492 
3 6492 6486 6491 
3 6488 6487 6493 
3 6493 6487 6492 
3 6489 6488 6494 
3 6494 6488 6493 
3 6490 6489 6494 
3 6358 6490 6495 
3 6495 6490 6494 
3 6495 6494 6496 
3 6494 6493 6496 
3 6496 6493 6492 
3 6496 6492 6497 
3 6497 6492 6491 
3 6497 6491 6498 
3 6498 6491 6485 
3 6498 6485 6499 
3 6499 6485 6483 
3 6499 6483 6466 
3 6499 6466 6467 
3 6498 6499 6500 
3 6500 6499 6467 
3 6497 6498 6501 
3 6501 6498 6500 
3 6496 6497 6502 
3 6502 6497 6501 
3 6495 6496 6502 
3 6358 6495 6503 
3 6503 6495 6502 
3 6226 6358 6503 
3 6467 6448 6504 
3 6504 6448 6449 
3 6500 6467 6505 
3 6505 6467 6504 
3 6501 6500 6506 
3 6506 6500 6505 
3 6502 6501 6507 
3 6507 6501 6506 
3 6503 6502 6507 
3 6461 6021 6508 
3 6508 6021 6022 
3 6508 6022 6509 
3 6509 6022 6023 
3 6509 6023 6510 
3 6510 6023 6024 
3 6510 6024 6511 
3 6511 6024 6085 
3 6511 6085 6512 
3 6512 6085 6086 
3 6226 6503 6513 
3 6225 6226 6513 
3 6513 6503 6507 
3 6224 6225 6514 
3 6514 6225 6513 
3 6379 6224 6515 
3 6515 6224 6514 
3 6383 6379 6516 
3 6516 6379 6515 
3 6396 6383 6517 
3 6517 6383 6516 
3 6398 6396 6517 
3 6512 6086 6518 
3 6518 6086 6087 
3 6504 6449 6519 
3 6519 6449 6450 
3 6505 6504 6520 
3 6520 6504 6519 
3 6506 6505 6520 
3 6507 6506 6521 
3 6521 6506 6520 
3 6513 6507 6521 
3 6514 6513 6522 
3 6522 6513 6521 
3 6515 6514 6523 
3 6523 6514 6522 
3 6516 6515 6524 
3 6524 6515 6523 
3 6517 6516 6525 
3 6525 6516 6524 
3 6522 6521 6526 
3 6526 6521 6520 
3 6523 6522 6527 
3 6526 6520 6519 
3 6524 6523 6528 
3 6528 6523 6527 
3 6528 6527 6529 
3 6530 6526 6519 
3 6530 6519 6450 
3 6530 6450 6451 
3 6529 6451 6531 
3 6531 6451 6452 
3 6528 6529 6532 
3 6532 6529 6531 
3 6524 6528 6533 
3 6533 6528 6532 
3 6525 6524 6533 
3 6531 6452 6534 
3 6534 6452 6453 
3 6532 6531 6535 
3 6535 6531 6534 
3 6533 6532 6535 
3 6525 6533 6536 
3 6536 6533 6535 
3 6517 6525 6537 
3 6537 6525 6536 
3 6398 6517 6537 
3 6400 6398 6537 
3 6534 6453 6538 
3 6538 6453 6454 
3 6535 6534 6539 
3 6539 6534 6538 
3 6536 6535 6539 
3 6537 6536 6540 
3 6540 6536 6539 
3 6400 6537 6540 
3 6409 6400 6541 
3 6541 6400 6540 
3 6538 6454 6542 
3 6542 6454 6455 
3 6542 6455 6543 
3 6543 6455 6456 
3 6543 6456 6544 
3 6544 6456 6457 
3 6544 6457 6545 
3 6545 6457 6458 
3 6545 6458 6546 
3 6546 6458 6459 
3 6546 6459 6547 
3 6547 6459 6460 
3 6547 6460 6548 
3 6548 6460 6461 
3 6548 6461 6428 
3 6428 6461 6508 
3 6548 6428 6416 
3 6427 6428 6549 
3 6549 6428 6508 
3 6548 6416 6415 
3 6549 6508 6509 
3 6547 6548 6415 
3 6549 6509 6550 
3 6550 6509 6510 
3 6547 6415 6414 
3 6427 6549 6550 
3 6546 6547 6414 
3 6426 6427 6550 
3 6546 6414 6413 
3 6429 6426 6551 
3 6545 6546 6413 
3 6550 6510 6551 
3 6551 6510 6511 
3 6545 6413 6412 
3 6426 6550 6551 
3 6544 6545 6412 
3 6430 6429 6552 
3 6552 6429 6551 
3 6544 6412 6411 
3 6552 6551 6511 
3 6544 6411 6553 
3 6553 6411 6410 
3 6552 6511 6512 
3 6543 6544 6553 
3 6552 6512 6554 
3 6554 6512 6518 
3 6542 6543 6555 
3 6555 6543 6553 
3 6430 6552 6554 
3 6553 6410 6541 
3 6541 6410 6409 
3 6431 6430 6554 
3 6555 6553 6541 
3 6431 6554 6556 
3 6556 6554 6518 
3 6432 6431 6556 
3 6556 6518 6557 
3 6557 6518 6087 
3 6555 6541 6540 
3 6557 6087 6088 
3 6555 6540 6539 
3 6432 6556 6557 
3 6555 6539 6542 
3 6542 6539 6538 
3 6432 6557 6558 
3 6558 6557 6088 
3 6558 6088 6089 
3 6364 6432 6559 
3 6559 6432 6558 
3 6140 6364 6559 
3 6156 6140 6560 
3 6353 6156 6560 
3 6560 6140 6559 
3 6560 6559 6561 
3 6561 6559 6558 
3 6561 6558 6089 
3 6561 6089 6146 
3 6561 6146 6352 
3 6561 6352 6560 
3 6560 6352 6353 
3 6115 6278 6279 
3 6272 6279 6278 
3 6341 6340 6339 
3 6152 6339 6340 
3 6144 6418 6417 
3 6419 6417 6447 
3 6481 6421 6420 
3 6356 6420 6421 
3 6522 6526 6527 
3 6530 6527 6526 
3 6527 6530 6529 
3 6451 6529 6530 
3 6562 6563 6564 
3 6565 6564 6566 
3 6084 6567 6568 
3 6567 6564 6563 
3 6048 6569 6567 
3 6569 6566 6564 
3 6570 6571 6572 
3 6573 6574 6563 
3 6572 6574 6573 
3 5969 6575 6576 
3 6575 6572 6571 
3 6143 6568 6577 
3 6141 6577 6575 
3 6568 6563 6574 
3 6577 6574 6572 
3 6578 6562 6565 
3 6579 6580 6581 
3 6579 6578 6580 
3 6582 6583 6584 
3 6585 6584 6578 
3 6583 6570 6573 
3 6584 6573 6562 
3 6581 6586 6587 
3 6579 6587 6588 
3 6585 6588 6589 
3 6590 6591 6592 
3 6591 6587 6586 
3 6593 6594 6590 
3 6595 6589 6588 
3 6594 6587 6591 
3 6594 6595 6588 
3 6588 6587 6594 
3 6594 6591 6590 
3 6591 6586 6592 
3 6589 6582 6585 
3 6588 6585 6579 
3 6587 6579 6581 
3 6562 6578 6584 
3 6573 6584 6583 
3 6578 6579 6585 
3 6584 6585 6582 
3 6578 6565 6580 
3 6572 6575 6577 
3 6574 6577 6568 
3 6575 5969 6141 
3 6577 6141 6143 
3 6571 6576 6575 
3 6576 5970 5969 
3 6563 6562 6573 
3 6572 6573 6570 
3 6564 6567 6569 
3 6567 6084 6048 
3 6563 6568 6567 
3 6568 6143 6084 
3 6566 6580 6565 
3 6564 6565 6562 
3 6048 6046 6569 
3 6044 6596 6046 
3 6596 6566 6569 
3 6042 6597 6044 
3 6596 6598 6566 
3 6597 6598 6596 
3 6598 6599 6580 
3 6600 6599 6598 
3 6581 6599 6601 
3 6586 6601 6602 
3 6599 6600 6601 
3 6603 6604 6601 
3 6605 6604 6603 
3 6040 6606 6042 
3 6606 6600 6597 
3 6600 6606 6603 
3 6603 6607 6605 
3 6038 6608 6040 
3 6608 6607 6606 
3 6036 6609 6038 
3 6609 6610 6608 
3 6610 6607 6608 
3 6609 6608 6038 
3 6608 6606 6040 
3 6607 6610 6605 
3 6606 6607 6603 
3 6600 6598 6597 
3 6606 6597 6042 
3 6604 6602 6601 
3 6600 6603 6601 
3 6602 6592 6586 
3 6601 6586 6581 
3 6599 6581 6580 
3 6598 6580 6566 
3 6597 6596 6044 
3 6596 6569 6046 
3 6187 5924 5923 
3 6187 5923 5922 
3 5874 5873 6611 
3 5874 6611 6612 
3 6185 6187 5922 
3 6185 5922 5921 
3 6183 6185 5921 
3 6183 5921 5920 
3 6181 6183 5920 
3 6181 5920 5919 
3 6179 6181 5919 
3 6179 5919 5918 
3 6177 6179 5918 
3 6177 5918 5917 
3 6175 6177 5917 
3 6175 5917 5916 
3 6173 6175 5916 
3 6173 5916 5915 
3 6171 6173 5915 
3 6171 5915 5914 
3 6169 6171 5914 
3 6169 5914 5913 
3 6613 6169 5913 
3 6614 5913 5912 
3 6614 6613 5913 
3 6614 5912 5911 
3 6615 6614 5911 
3 6615 5911 5910 
3 6616 6615 5910 
3 6616 5910 5909 
3 6617 6616 5909 
3 6617 5909 5908 
3 6618 6617 5908 
3 6618 5908 5907 
3 6619 6618 5907 
3 6619 5907 5906 
3 6620 6619 5906 
3 6620 5906 5905 
3 6621 6620 5905 
3 6621 5905 5904 
3 6622 6621 5904 
3 6622 5904 5903 
3 6623 6622 5903 
3 6623 5903 5902 
3 6624 6623 5902 
3 6624 5902 5901 
3 6625 6624 5901 
3 6625 5901 5900 
3 6626 6625 5900 
3 6626 5900 5899 
3 6627 6626 5899 
3 6627 5899 5898 
3 6628 6627 5898 
3 6628 5898 5897 
3 6629 6628 5897 
3 6629 5897 5896 
3 6630 6629 5896 
3 6630 5896 5895 
3 6631 6630 5895 
3 6631 5895 5894 
3 6632 6631 5894 
3 6632 5894 5893 
3 6633 6632 5893 
3 6633 5893 5892 
3 6634 6633 5892 
3 6634 5892 5891 
3 6635 6634 5891 
3 6635 5891 5890 
3 6636 6635 5890 
3 6636 5890 5889 
3 6637 6636 5889 
3 6637 5889 5888 
3 6638 6637 5888 
3 6638 5888 5887 
3 6639 6638 5887 
3 6639 5887 5886 
3 6640 6639 5886 
3 6640 5886 5885 
3 6641 6640 5885 
3 6641 5885 5884 
3 6642 6641 5884 
3 6642 5884 5883 
3 6643 6642 5883 
3 6643 5883 5882 
3 6644 6643 5882 
3 6644 5882 5881 
3 6645 6644 5881 
3 6645 5881 5880 
3 6646 6645 5880 
3 6647 6646 5880 
3 6647 5880 5879 
3 6648 6647 5879 
3 6648 5879 5878 
3 6649 6648 5878 
3 6649 5878 5877 
3 6650 6649 5877 
3 6650 5877 5876 
3 6650 5876 5875 
3 6651 6650 5875 
3 5875 5874 6651 
3 6651 5874 6612 
3 6612 6611 6652 
3 6167 6169 6613 
3 6167 6613 6653 
3 6653 6613 6614 
3 6165 6167 6653 
3 6653 6614 6615 
3 6612 6652 6654 
3 6654 6652 6592 
3 6651 6612 6654 
3 6654 6592 6602 
3 6165 6653 6655 
3 6655 6653 6615 
3 6163 6165 6655 
3 6655 6615 6616 
3 6163 6655 6656 
3 6656 6655 6616 
3 6161 6163 6656 
3 6656 6616 6617 
3 6161 6656 6657 
3 6657 6656 6617 
3 6159 6161 6657 
3 6657 6617 6618 
3 6159 6657 6658 
3 6658 6657 6618 
3 6157 6159 6658 
3 6658 6618 6619 
3 6157 6658 6659 
3 6659 6658 6619 
3 6155 6157 6659 
3 6659 6619 6620 
3 6155 6659 6660 
3 6660 6659 6620 
3 6139 6155 6660 
3 6661 6620 6621 
3 6137 6139 6661 
3 6661 6139 6660 
3 6661 6660 6620 
3 6661 6621 6662 
3 6662 6621 6622 
3 6137 6661 6662 
3 6135 6137 6662 
3 6135 6662 6622 
3 6135 6622 6623 
3 6133 6135 6623 
3 6133 6623 6624 
3 6131 6133 6624 
3 6131 6624 6625 
3 6129 6131 6625 
3 6129 6625 6626 
3 6127 6129 6626 
3 6127 6626 6627 
3 6081 6127 6627 
3 6081 6627 6628 
3 6079 6081 6628 
3 6079 6628 6629 
3 6077 6079 6629 
3 6077 6629 6630 
3 6075 6077 6630 
3 6075 6630 6631 
3 6073 6075 6631 
3 6073 6631 6632 
3 6071 6073 6632 
3 6071 6632 6633 
3 6069 6071 6633 
3 6069 6633 6634 
3 6067 6069 6634 
3 6067 6634 6635 
3 6065 6067 6635 
3 6065 6635 6636 
3 6063 6065 6636 
3 6063 6636 6637 
3 6061 6063 6637 
3 6061 6637 6638 
3 6059 6061 6638 
3 6059 6638 6639 
3 6057 6059 6639 
3 6057 6639 6640 
3 6055 6057 6640 
3 6055 6640 6641 
3 6053 6055 6641 
3 6053 6641 6642 
3 6051 6053 6642 
3 6051 6642 6643 
3 6049 6051 6643 
3 6049 6643 6644 
3 6035 6049 6644 
3 6035 6644 6645 
3 6036 6035 6645 
3 6036 6645 6646 
3 6609 6036 6646 
3 6609 6646 6647 
3 6610 6609 6647 
3 6610 6647 6648 
3 6605 6610 6648 
3 6605 6648 6649 
3 6604 6605 6649 
3 6604 6649 6650 
3 6602 6604 6650 
3 6650 6651 6602 
3 6602 6651 6654 
3 3424 3354 3355 
3 3387 3390 3419 
3 3387 3419 3420 
3 3378 3387 3420 
3 3378 3420 3422 
3 3356 3378 3422 
3 3422 3424 3356 
3 3356 3424 3355 
3 3383 4179 3407 
3 4179 4178 3403 
3 3403 4178 3404 
3 3404 4177 4474 
3 4474 4177 4176 
3 4178 4177 3404 
3 3403 3407 4179 
3 2821 6663 2822 
3 2822 6663 5873 
3 2822 5873 2823 
3 2821 5789 6664 
3 6665 6611 5873 
3 6665 5873 6663 
3 6665 6663 6664 
3 6664 6663 2821 
3 5972 5970 6666 
3 6667 5996 5994 
3 6668 6669 6670 
3 6670 6669 6667 
3 6670 6667 5994 
3 6670 5994 5992 
3 5974 5972 6671 
3 6671 5972 6666 
3 6671 6666 6672 
3 6671 6672 6673 
3 5974 6671 6673 
3 5980 5974 6673 
3 5980 6673 6674 
3 5982 5980 6674 
3 5982 6674 6675 
3 5984 5982 6675 
3 5984 6675 6676 
3 5986 5984 6676 
3 5986 6676 6677 
3 5988 5986 6677 
3 5988 6677 6678 
3 5990 5988 6678 
3 5990 6678 6679 
3 5992 5990 6679 
3 6679 6668 5992 
3 5992 6668 6670 
3 6583 6582 6680 
3 6681 6672 6666 
3 6570 6583 6682 
3 6682 6583 6680 
3 6570 6682 6683 
3 6571 6570 6683 
3 6571 6683 6684 
3 6684 6683 6685 
3 6576 6571 6684 
3 6681 6666 6686 
3 6686 6666 5970 
3 6685 6681 6686 
3 6686 5970 6576 
3 6576 6684 6686 
3 6686 6684 6685 
3 6687 5726 5728 
3 5737 5739 6683 
3 5737 6683 6682 
3 5735 5737 6682 
3 5735 6682 6680 
3 5733 5735 6680 
3 6688 6687 5728 
3 6688 5728 5729 
3 6595 6688 5729 
3 5733 6680 6582 
3 5731 5733 6582 
3 5731 6582 6589 
3 5729 5731 6595 
3 6595 5731 6589 
3 6688 6595 6594 
3 5789 5723 5725 
3 6664 5789 5725 
3 6664 5725 6689 
3 6689 5725 5726 
3 6665 6664 6689 
3 6688 6594 6690 
3 6690 6594 6593 
3 6687 6688 6690 
3 6611 6665 6691 
3 6691 6665 6689 
3 6593 6611 6691 
3 6690 6593 6691 
3 6690 6691 6689 
3 6689 5726 6690 
3 6690 5726 6687 
3 6692 5719 5717 
3 5686 5685 5968 
3 6693 6692 6694 
3 6694 6692 5717 
3 6694 5717 5715 
3 6695 6693 6696 
3 6696 6693 6694 
3 5678 5687 6697 
3 6697 5687 5686 
3 6697 5686 5968 
3 6697 5968 5996 
3 6697 5996 6667 
3 6697 6667 6669 
3 6696 6694 5715 
3 6696 5715 5713 
3 6695 6696 6698 
3 6698 6696 5713 
3 6699 6695 6698 
3 6698 5713 5711 
3 5678 6697 6669 
3 5676 5678 6669 
3 5676 6669 6700 
3 5680 5676 6700 
3 5709 5680 6700 
3 5709 6700 6701 
3 5711 5709 6701 
3 6701 6699 5711 
3 5711 6699 6698 
3 6592 6652 6590 
3 6590 6652 6593 
3 6652 6611 6593 
3 6685 6683 5739 
3 6700 6669 6668 
3 6681 6685 6702 
3 6702 6685 5739 
3 6702 5739 5741 
3 6700 6668 6703 
3 6703 6668 6679 
3 6701 6700 6703 
3 6703 6679 6704 
3 6704 6679 6678 
3 6672 6681 6705 
3 6705 6681 6702 
3 6704 6678 6706 
3 6706 6678 6677 
3 6695 6677 6707 
3 6707 6677 6676 
3 6707 6676 6708 
3 6708 6676 6675 
3 6708 6675 6709 
3 6709 6675 6674 
3 6709 6674 6710 
3 6710 6674 6673 
3 6710 6673 6711 
3 6711 6673 6672 
3 6711 6672 6705 
3 6701 6703 6704 
3 6699 6701 6704 
3 6699 6704 6706 
3 6695 6699 6706 
3 6695 6706 6677 
3 6693 6695 6707 
3 6693 6707 6708 
3 6692 6693 6708 
3 6692 6708 6709 
3 5719 6692 6710 
3 6710 6692 6709 
3 5719 6710 6711 
3 5720 5719 6711 
3 5720 6711 6705 
3 5720 6705 5741 
3 5741 6705 6702 
3 6208 6211 6712 
3 6207 6208 6712 
3 4182 3382 3381 
3 3358 3362 6713 
3 3358 6713 6714 
3 6714 6713 6715 
3 3357 3358 6714 
3 4183 4182 6716 
3 6716 4182 3381 
3 6716 3381 3380 
3 6714 6715 6717 
3 6717 6715 4183 
3 6717 4183 6716 
3 3357 6714 6717 
3 3357 6717 3380 
3 3380 6717 6716 
3 4171 4183 6715 
3 4199 4165 4166 
3 4170 4171 6718 
3 6718 4171 6715 
3 6718 6715 6713 
3 3371 3374 6719 
3 6719 3374 4199 
3 6719 4199 4166 
3 6719 4166 4167 
3 4169 4170 6720 
3 6720 4170 6718 
3 3368 3371 6721 
3 6721 3371 6719 
3 6722 4169 6720 
3 3365 3368 6722 
3 6722 3368 6721 
3 3362 3365 6723 
3 6723 3365 6722 
3 6713 3362 6723 
3 6718 6713 6723 
3 6720 6718 6723 
3 6720 6723 6722 
3 6721 6719 4167 
3 6721 4167 4168 
3 4169 6722 4168 
3 4168 6722 6721 
3 6211 6208 6712 
3 6207 6712 6208 
