Inverse Dynamics Generalized Forces
version=1
nRows=346
nColumns=19
inDegrees=no
endheader
time	pelvis_obliquity_moment	pelvis_rotation_moment	pelvis_tilt_moment	pelvis_to_ground_tx_force	pelvis_to_ground_ty_force	pelvis_to_ground_tz_force	left_hip_abduction_moment	left_hip_rotation_moment	left_hip_flexion_moment	right_hip_abduction_moment	right_hip_rotation_moment	right_hip_flexion_moment	left_knee_flexion_moment	right_knee_flexion_moment	left_ankle_flexion_moment	right_ankle_flexion_moment	left_subtalar_angle_moment	right_subtalar_angle_moment
      2.69000000	     61.93668414	     -0.17041788	      1.59729759	     19.54112434	    229.16331664	     66.10073381	     18.12892114	     -2.62347851	     12.52944450	     28.26034319	     16.31636384	     10.61636413	     -0.91524697	      3.11124658	      0.13854634	      0.05973554	     -0.13921361	      0.05237137
      2.70000000	     56.34541020	     -3.16908482	      5.42185594	     16.85865028	    218.06372735	     68.37110806	      8.34398358	     -0.36295286	     12.17789938	     30.50925131	     17.26737321	     10.31386776	      2.43541443	      4.09726346	      0.25821930	      0.06952699	     -0.08741135	      0.05650955
      2.71000000	     51.59431365	     -3.49239581	      8.54178267	      8.11223230	    209.32401235	     68.43301571	      0.66151793	      1.39317465	     11.24685335	     32.63676501	     17.90322931	      9.07166167	      5.12702253	      4.67478403	      0.35173424	      0.07225334	     -0.03355404	      0.06077048
      2.72000000	     48.40243334	     -2.45399256	     10.57560201	     -3.32755792	    204.31121834	     66.69430346	     -4.54990295	      2.63863727	     10.54049648	     34.45186947	     18.26620218	      7.35512875	      7.25746290	      4.92027717	      0.42227205	      0.06987881	      0.01476923	      0.06449907
      2.73000000	     47.10994407	     -1.35887598	     11.36618576	    -14.07772807	    203.57795829	     63.68899586	     -7.29790847	      3.36500801	     10.66784857	     35.83640637	     18.37184245	      5.64344858	      8.93714606	      4.93254080	      0.47441282	      0.06460950	      0.05184172	      0.06727478
      2.74000000	     47.65191989	     -1.18114862	     10.97625348	    -21.51435653	    206.84976625	     59.88291239	     -7.87719990	      3.58611204	     11.91831472	     36.73999610	     18.21023029	      4.30795074	     10.25043005	      4.79885457	      0.51234073	      0.05817544	      0.07488027	      0.06892935
      2.75000000	     49.66722960	     -2.41762553	      9.62455758	    -24.16389468	    213.26038063	     55.56823663	     -6.72459518	      3.36198288	     14.26642999	     37.15672399	     17.76250984	      3.55291140	     11.24275774	      4.57827247	      0.53892351	      0.05149282	      0.08388590	      0.06948453
      2.76000000	     52.66483117	     -5.09914991	      7.60135054	    -21.73818249	    221.68575124	     50.85064090	     -4.27942633	      2.80745263	     17.45616012	     37.09959534	     17.01933214	      3.41577127	     11.92566656	      4.30054540	      0.55558991	      0.04466826	      0.08068887	      0.06906362
      2.77000000	     56.16210104	     -8.88168472	      5.20432821	    -14.96520066	    231.01705533	     45.70226970	     -0.89898513	      2.08613077	     21.09340158	     36.58647273	     15.99458496	      3.80040216	     12.28724549	      3.97206154	      0.56261095	      0.03721236	      0.06789521	      0.06782482
      2.78000000	     59.76220349	    -13.16535202	      2.70741811	     -5.32303068	    240.31724596	     40.04356483	      3.16131484	      1.39288856	     24.71615018	     35.64092729	     14.73211727	      4.52399368	     12.30245872	      3.58394330	      0.55951748	      0.02838329	      0.04817673	      0.06593314
      2.79000000	     63.18972523	    -17.23744016	      0.34735741	      5.30725993	    248.90367087	     33.82099292	      7.72804149	      0.92455935	     27.85749853	     34.30331031	     13.30366303	      5.37230142	     11.94560814	      3.12320723	      0.54564704	      0.01758061	      0.02384129	      0.06355609
      2.80000000	     66.30227352	    -20.42662732	     -1.68513621	     15.03349341	    256.38723525	     27.05578692	     12.67606969	      0.84504829	     30.11105507	     32.64453325	     11.79847199	      6.15386911	     11.20558535	      2.58556822	      0.52075975	      0.00465257	     -0.00346633	      0.06086127
      2.81000000	     69.07611861	    -22.23130138	     -3.25039027	     22.30044524	    262.65699665	     19.85194151	     17.89321242	      1.25796964	     31.18586639	     30.77417139	     10.30858348	      6.73804952	     10.09973828	      1.98467719	      0.48549938	     -0.00993659	     -0.03282611	      0.05801198
      2.82000000	     71.56847748	    -22.39273116	     -4.26043836	     26.12059738	    267.81167125	     12.36952797	     23.25237974	      2.19606926	     30.93813889	     28.83626507	      8.91437216	      7.06826576	      8.68140420	      1.35387256	      0.44154734	     -0.02509490	     -0.06381570	      0.05516249
      2.83000000	     73.87232041	    -20.90706073	     -4.67744825	     26.16323789	    272.06952102	      4.78300895	     28.60083843	      3.62821016	     29.37750886	     26.99218366	      7.67380113	      7.15294136	      7.03832978	      0.74042635	      0.39148767	     -0.03931778	     -0.09622289	      0.05244498
      2.84000000	     76.07569527	    -17.98397986	     -4.50947696	     22.70881905	    275.68227017	     -2.75402398	     33.76534821	      5.47866015	     26.64740107	     25.39657830	      6.61754219	      7.04285738	      5.28164048	      0.19512365	      0.33843211	     -0.05108190	     -0.12983534	      0.04995297
      2.85000000	     78.22776472	    -13.96697472	     -3.80233308	     16.49452608	    278.85913652	    -10.12545263	     38.56339126	      7.64977600	     22.98017316	     24.17409486	      5.74995672	      6.80463329	      3.52701436	     -0.23912505	      0.28545569	     -0.05922621	     -0.16423826	      0.04774002
      2.86000000	     80.31424134	     -9.23634323	     -2.62997017	      8.49601883	    281.70664784	    -17.25157771	     42.81491279	     10.03914280	     18.63587051	     23.40217943	      5.05388668	      6.49803310	      1.87159423	     -0.53649632	      0.23496104	     -0.06319858	     -0.19861984	      0.04583602
      2.87000000	     82.24756180	     -4.11807052	     -1.08727162	     -0.30161079	    284.19448097	    -24.07959536	     46.35386070	     12.54646864	     13.84046151	     23.10324466	      4.49723518	      6.16120778	      0.37203862	     -0.69335087	      0.18814336	     -0.06317522	     -0.23167748	      0.04426660
      2.88000000	     83.87425154	      1.17905202	      0.71328522	     -9.09029557	    286.15252636	    -30.57386540	     49.03824087	     15.07127821	      8.74075071	     23.24695575	      4.03995661	      5.80614508	     -0.96989620	     -0.72814853	      0.14470507	     -0.06006084	     -0.26166633	      0.04306135
      2.89000000	     84.99750769	      6.58110936	      2.64314214	    -17.34004440	    287.29767242	    -36.70825018	     50.75688017	     17.50709640	      3.38858039	     23.76032114	      3.64031845	      5.42585404	     -2.20913941	     -0.67592218	      0.10288483	     -0.05531388	     -0.28653952	      0.04224674
      2.90000000	     85.41002344	     12.12275013	      4.56103523	    -24.80959963	    287.28452286	    -42.45769104	     51.43307222	     19.73908339	     -2.24423778	     24.54216403	      3.25989475	      5.00950500	     -3.44539218	     -0.57911855	      0.05980510	     -0.05062222	     -0.30412266	      0.04183662
      2.91000000	     84.93051906	     17.89594867	      6.32057464	    -31.49832411	    285.77109581	    -47.78628964	     51.02744605	     21.64942289	     -8.22956012	     25.47889132	      2.86712386	      4.55661023	     -4.80092651	     -0.47838017	      0.01208803	     -0.04757843	     -0.31232618	      0.04183115
      2.92000000	     83.43753706	     23.99547576	      7.78231614	    -37.57574958	    282.48956785	    -52.63325026	     49.54222814	     23.13048884	    -14.63832799	     26.45904724	      2.43929984	      4.08326795	     -6.39376849	     -0.40621684	     -0.04339356	     -0.04746671	     -0.30939801	      0.04221946
      2.93000000	     80.89562320	     30.47558106	      8.82903709	    -43.31188366	    277.31246545	    -56.90043621	     47.02739192	     24.10229274	    -21.49948213	     27.38489963	      1.96321997	      3.61878640	     -8.31199235	     -0.38459980	     -0.10879096	     -0.05118077	     -0.29418571	      0.04298177
      2.94000000	     77.37151178	     37.32280153	      9.38185622	    -49.01486081	    270.30554790	    -60.44354242	     43.58818357	     24.52935574	    -28.76945468	     28.17989296	      1.43499584	      3.19555214	    -10.59372834	     -0.42578522	     -0.18471419	     -0.05923005	     -0.26638397	      0.04408895
      2.95000000	     73.03988799	     44.44368970	      9.41431480	    -54.97506161	    261.75969020	    -63.06531733	     39.39256520	     24.43261117	    -36.31520350	     28.79191478	      0.85951339	      2.83689464	    -13.21609927	     -0.53479216	     -0.26992570	     -0.07176710	     -0.22674823	      0.04549659
      2.96000000	     68.17783672	     51.66508166	      8.96098314	    -61.41824437	    252.19360827	    -64.50821190	     34.67479483	     23.89252320	    -43.91221299	     29.19384714	      0.24972080	      2.54728238	    -16.09469685	     -0.71194630	     -0.36133633	     -0.08860081	     -0.17722861	      0.04713431
      2.97000000	     63.14490599	     58.74239657	      8.11670345	    -68.46904546	    242.31829555	    -64.44757376	     29.72910435	     23.04000050	    -51.25731214	     29.38308817	     -0.37481079	      2.30941619	    -19.09280744	     -0.95402549	     -0.45427877	     -0.10918914	     -0.12095363	      0.04889314
      2.98000000	     58.34620930	     65.37108593	      7.02325322	    -76.12337712	    232.95968370	    -62.49307608	     24.88838245	     22.03366083	    -57.99436649	     29.38122031	     -0.99106371	      2.09149381	    -22.03734851	     -1.25297072	     -0.54298353	     -0.13260238	     -0.06199572	      0.05061558
      2.99000000	     54.18269662	     71.20315244	      5.84343750	    -84.23477295	    224.95323661	    -58.21174760	     20.48870248	     21.02739642	    -63.75120856	     29.23489874	     -1.57784118	      1.86250800	    -24.73822819	     -1.59250736	     -0.62116299	     -0.15744930	     -0.00488410	      0.05209912
      3.00000000	     51.00128954	     75.87673641	      4.72800719	    -92.52490594	    219.04072770	    -51.18522220	     16.82842152	     20.13870412	    -68.18632341	     29.01798087	     -2.12208931	      1.60835492	    -27.00923409	     -1.94467464	     -0.68265388	     -0.18179365	      0.04606786	      0.05312514
      3.01000000	     49.05973952	     79.06677825	      3.78530066	   -100.62893196	    215.79857712	    -41.10244476	     14.13457685	     19.43074050	    -71.04159791	     28.83241942	     -2.62369749	      1.33912942	    -28.69010327	     -2.26950858	     -0.72218901	     -0.20316591	      0.08738180	      0.05351177
      3.02000000	     48.51336352	     80.55644671	      3.06387327	   -108.17879667	    215.60709627	    -27.87093301	     12.54609171	     18.91605015	    -72.19316910	     28.80291799	     -3.09574773	      1.08072798	    -29.66925114	     -2.52063169	     -0.73635007	     -0.21878151	      0.11671677	      0.05317342
      3.03000000	     47.53146430	     81.38446464	      1.81203815	   -109.63236251	    216.52321798	    -28.33029231	     11.34835125	     18.22058261	    -73.01370037	     29.06012698	     -3.55977709	      0.85823615	    -29.77609799	     -2.65484382	     -2.46933791	     -0.22589837	      0.55188660	      0.05215535
      3.04000000	     48.46420015	     81.13679938	      1.05604112	   -111.24145894	    221.79893083	    -27.54266781	     11.71406212	     18.09377841	    -72.77409523	     29.71193282	     -4.03832856	      0.68776664	    -29.37980514	     -2.64016438	     -3.94815858	     -0.22212785	      0.94779298	      0.05061894
      3.05000000	     50.27685383	     79.85090922	      0.30770668	   -110.59938040	    229.81298816	    -31.41513293	     13.10394925	     18.11257503	    -71.67596281	     30.80960351	     -4.54595852	      0.57821909	    -28.22983814	     -2.46071744	     -5.71179142	     -0.20568402	      1.38792823	      0.04879591
      3.06000000	     52.75244745	     77.75619912	     -0.48046817	   -107.85795265	    240.02896305	    -40.95026943	     15.43607559	     18.24105645	    -69.92473143	     32.31881291	     -5.07935502	      0.53089659	    -26.42410518	     -2.12069367	     -7.76662882	     -0.17568458	      1.84938505	      0.04694652
      3.07000000	     55.63984949	     75.06317454	     -1.30995959	   -103.52033869	    251.65189590	    -56.10972386	     18.60160751	     18.44439854	    -67.65896869	     34.10469143	     -5.61029609	      0.53456864	    -24.12122372	     -1.64656126	    -10.07825479	     -0.13245975	      2.30048816	      0.04531843
      3.08000000	     58.64109648	     71.89739636	     -2.13987305	    -98.30596086	    263.61661179	    -75.61449367	     22.43566425	     18.67338235	    -64.90027009	     35.93825539	     -6.08642849	      0.56446965	    -21.50621066	     -1.08376108	    -12.55195105	     -0.07770046	      2.70410256	      0.04408617
      3.09000000	     61.38845349	     68.22940759	     -2.91039500	    -92.81439248	    274.61496175	    -97.27781153	     26.67940127	     18.85466834	    -61.52025978	     37.52814444	     -6.44152534	      0.59129070	    -18.73444216	     -0.48607882	    -15.03940254	     -0.01435788	      3.02212922	      0.04328068
      3.10000000	     63.51883537	     64.05815648	     -3.53383245	    -87.57335724	    283.34877177	   -118.71377259	     31.02133243	     18.94104133	    -57.45055560	     38.57523545	     -6.61198122	      0.59802585	    -15.99310981	      0.09992499	    -17.36390813	      0.05369098	      3.22336067	      0.04274234
      3.11000000	     64.74978603	     59.51784301	     -3.91371134	    -83.04632036	    288.78835096	   -138.03780191	     35.15228690	     18.92029129	    -52.81544766	     38.83945115	     -6.55298092	      0.59315918	    -13.51768415	      0.64856218	    -19.35097934	      0.12214783	      3.29079287	      0.04212394
      3.12000000	     64.94675398	     54.77049275	     -3.98856181	    -79.41016464	    290.37579792	   -154.23797134	     38.81777813	     18.79357858	    -47.83306753	     38.20132688	     -6.24831867	      0.60675008	    -11.51249532	      1.15882978	    -20.86251573	      0.18684317	      3.22466848	      0.04096051
      3.13000000	     64.16965789	     49.96349764	     -3.76091855	    -76.58944897	    288.12131161	   -167.00193543	     41.84487313	     18.55802577	    -42.74094365	     36.70003808	     -5.71173746	      0.67272534	    -10.11302863	      1.64743869	    -21.81258020	      0.24415532	      3.03907416	      0.03882475
      3.14000000	     62.66954602	     45.23153519	     -3.30089274	    -74.37190659	    282.58213131	   -176.41472612	     44.14546758	     18.20128089	    -37.75474671	     34.53464115	     -4.98049227	      0.81400145	     -9.37351049	      2.13697830	    -22.17044380	      0.29118908	      2.75798791	      0.03554410
      3.15000000	     60.82984371	     40.71016145	     -2.72556125	    -72.50188539	    274.73102256	   -182.77902009	     45.70649234	     17.70630931	    -33.04725689	     32.02438927	     -4.10316133	      1.03360945	     -9.26579371	      2.64280866	    -21.96033755	      0.32575997	      2.41151022	      0.03137063
      3.16000000	     59.07486352	     36.56339699	     -2.16083633	    -70.78731837	    265.74899773	   -186.50851615	     46.57640945	     17.06043957	    -28.75634273	     29.53803961	     -3.12631949	      1.30880102	     -9.69768178	      3.16179463	    -21.25572515	      0.34634111	      2.03201713	      0.02699464
      3.17000000	     57.77641499	     32.96681955	     -1.70531053	    -69.13386559	    256.80140271	   -188.05991876	     46.84885717	     16.26271089	    -24.97951067	     27.41411860	     -2.08517826	      1.59764246	    -10.52997081	      3.67016919	    -20.16323987	      0.35212410	      1.65016945	      0.02339261
      3.18000000	     57.18922823	     30.05311893	     -1.40862656	    -67.49204852	    248.85733907	   -187.89960845	     46.64897236	     15.32997342	    -21.75836481	     25.89402516	     -1.00016994	      1.85930707	    -11.59709572	      4.13255114	    -18.80865585	      0.34321096	      1.29102693	      0.02157091
      3.19000000	     57.42093986	     27.85856702	     -1.26829211	    -65.78956261	    242.58068193	   -186.49404283	     46.11907544	     14.29791717	    -19.06605783	     25.08269034	      0.12096091	      2.07343474	    -12.72690234	      4.51585604	    -17.32061203	      0.32080521	      0.97260141	      0.02228638
      3.20000000	     58.43716946	     26.29831185	     -1.24188569	    -63.88657494	    238.29235714	   -184.30840644	     45.40529826	     13.21667085	    -16.80775111	     24.94365758	      1.27714522	      2.24971465	    -13.76182976	      4.80214209	    -15.82039656	      0.28723728	      0.70380016	      0.02583548
      3.21000000	     60.09021037	     25.16468319	     -1.26764360	    -61.55343852	    235.99921013	   -181.79851223	     44.64049403	     12.14210180	    -14.82611870	     25.32423128	      2.46673343	      2.42825986	    -14.57067911	      4.99715391	    -14.41245102	      0.24579565	      0.48558337	      0.03197454
      3.22000000	     62.16100298	     24.14353263	     -1.28479465	    -58.45975834	    235.46337819	   -179.39016952	     43.92735504	     11.12661377	    -12.91123600	     25.99748860	      3.68187049	      2.67373783	    -15.05343345	      5.13291516	    -13.17993573	      0.20048902	      0.31210996	      0.03997106
      3.23000000	     64.39815773	     22.84673316	     -1.24788475	    -54.19015328	    236.28768161	   -177.45846446	     43.31984322	     10.21036332	    -10.81751392	     26.70931664	      4.90619804	      3.06430394	    -15.13731290	      5.26386820	    -12.17901683	      0.15573942	      0.17340434	      0.04876102
      3.24000000	     66.55595642	     20.88107145	     -1.13302256	    -48.31970032	    238.00902798	   -176.32334020	     42.81908793	      9.41601580	     -8.30437855	     27.22320819	      6.11607045	      3.67289315	    -14.78117242	      5.45643224	    -11.44111148	      0.11586868	      0.05798290	      0.05717734
      3.25000000	     68.42551292	     17.92564057	     -0.93819455	    -40.52383826	    240.18247037	   -176.25199842	     42.38035278	      8.74743173	     -5.17806661	     27.35634580	      7.28496259	      4.54370324	    -13.97687363	      5.77414880	    -10.97243970	      0.08447582	     -0.04615414	      0.06417758
      3.26000000	     69.85624012	     13.79180244	     -0.67827853	    -30.65777899	    242.44941334	   -177.45601230	     41.92612698	      8.19276430	     -1.32449786	     27.00256116	      8.39062729	      5.67611139	    -12.75078214	      6.26363186	    -10.75778068	      0.06396598	     -0.14901101	      0.06900370
      3.27000000	     70.77304639	      8.44238164	     -0.37635470	    -18.76995635	    244.59047511	   -180.08035163	     41.36347753	      7.73169037	      3.28140567	     26.14242453	      9.42363439	      7.02433985	    -11.15915166	      6.94514802	    -10.76423679	      0.05530141	     -0.25920870	      0.07126247
      3.28000000	     71.18094347	      1.98637753	     -0.05379445	     -5.08134382	    246.55461090	   -184.19565205	     40.59957823	      7.34163242	      8.57895445	     24.84273088	     10.39467054	      8.50719120	     -9.28142313	      7.80712401	    -10.94732810	      0.05795000	     -0.38285912	      0.07093904
      3.29000000	     71.15843741	     -5.33822602	      0.27958600	     10.03692678	    248.45548270	   -189.78966206	     39.55644913	      7.00264013	     14.43335812	     23.24723356	     11.33794503	     10.02009252	     -7.21282137	      8.80330592	    -11.25694217	      0.07006047	     -0.52446618	      0.06835650
      3.30000000	     70.84009111	    -13.19227146	      0.63271805	     26.08948231	    250.53957354	   -196.75428753	     38.18153685	      6.69959315	     20.65080399	     21.56002029	     12.30939724	     11.45102676	     -5.05842994	      9.85435901	    -11.64375269	      0.08883094	     -0.68641169	      0.06410855
      3.31000000	     70.39484487	    -21.18416040	      1.03470210	     42.50292203	    253.13362753	   -204.86954737	     36.45239262	      6.42238033	     27.00396791	     20.02238830	     13.37952628	     12.70183036	     -2.92362875	     10.85564598	    -12.06302469	      0.11096162	     -0.86942415	      0.05898966
      3.32000000	     70.00125279	    -28.92736456	      1.52853094	     58.67930553	    256.57647049	   -213.78524404	     34.37474198	      6.16471243	     33.26274828	     18.88428242	     14.62100868	     13.70707070	     -0.90265701	     11.68973477	    -12.47693910	      0.13309394	     -1.07163188	      0.05392577
      3.33000000	     69.82148150	    -36.08472674	      2.15716525	     74.02582232	    261.13344324	   -223.02022684	     31.97951499	      5.92297604	     39.22154565	     18.37253687	     16.09166454	     14.43929851	      0.93057178	     12.24035363	    -12.85552537	      0.15216583	     -1.28904480	      0.04989410
      3.34000000	     69.97177746	    -42.39244280	      2.94382534	     87.95939718	    266.90127975	   -231.99581696	     29.31809651	      5.69519023	     44.71972192	     18.65844458	     17.81442633	     14.89707023	      2.52982286	     12.40552383	    -13.17485558	      0.16564865	     -1.51493632	      0.04781543
      3.35000000	     70.49854041	    -47.66846091	      3.87027228	     99.92083639	    273.72656007	   -240.10788288	     26.46395248	      5.48095546	     49.65531589	     19.82600155	     19.75760917	     15.08376008	      3.87682983	     12.10954351	    -13.41876206	      0.17167744	     -1.74199402	      0.04840694
      3.36000000	     71.35930756	    -51.82372764	      4.85836409	    109.42954166	    281.16617622	   -246.79513746	     23.51175396	      5.28080342	     53.99716924	     21.84215815	     21.81994249	     14.98915942	      4.98315843	     11.31340673	    -13.57611022	      0.16910792	     -1.96103573	      0.05200114
      3.37000000	     72.42040836	    -54.87020914	      5.76133811	    116.16820696	    288.50881192	   -251.58329521	     20.58376378	      5.09564505	     57.78802623	     24.53370707	     23.82537369	     14.58238006	      5.88626777	     10.02195014	    -13.63885511	      0.15753897	     -2.16328879	      0.05836870
      3.38000000	     73.46841324	    -56.92815596	      6.36944814	    120.07545908	    294.86283461	   -254.08943891	     17.83113888	      4.92405815	     61.13653902	     27.58046625	     25.53321694	     13.82114954	      6.64414954	      8.28633043	    -13.59911301	      0.13733852	     -2.34091659	      0.06661624
      3.39000000	     74.24658764	    -58.22505603	      6.43308109	    121.41071102	    299.31174955	   -253.98987635	     15.43122369	      4.75790416	     64.19707437	     30.53718871	     26.66861706	     12.67821890	      7.32595988	      6.20192443	    -13.44859592	      0.10968978	     -2.48784531	      0.07523915
      3.40000000	     74.51814205	    -59.08027708	      5.70507702	    120.75462432	    301.11627482	   -250.96890211	     13.57632541	      4.57837744	     67.14143483	     32.89311923	     26.97431453	     11.17753063	      8.00241856	      3.90262368	    -13.17742855	      0.07663571	     -2.60016505	      0.08237298
      3.41000000	     74.14229984	    -59.86523021	      3.99719785	    118.92677202	    299.91011289	   -244.68436529	     12.45189491	      4.35331951	     70.12388045	     34.16661884	     26.27613477	      9.42445618	      8.73449460	      1.55221255	    -12.77622267	      0.04106182	     -2.67526322	      0.08621291
      3.42000000	     73.14235012	    -60.93973464	      1.23782971	    116.82706405	    295.82614446	   -234.77278566	     12.20884731	      4.03819989	     73.24902070	     34.01558020	     24.54352730	      7.61223056	      9.56516299	     -0.66739801	    -12.23608174	      0.00654230	     -2.71364337	      0.08548695
      3.43000000	     71.73041450	    -62.57043065	     -2.48828822	    115.24565813	    289.50081910	   -220.90013115	     12.93377942	      3.58128968	     76.54114735	     32.33050880	     21.92013683	      5.99472115	     10.51052144	     -2.57175082	    -11.55164698	     -0.02300573	     -2.71818695	      0.07982125
      3.44000000	     78.62082411	    -56.33753521	     -6.34886165	    156.24379769	    287.97170414	    -49.86454182	     12.82879875	      4.18675009	     73.89724536	     30.10521224	     19.20077722	      4.89625307	     10.07865187	     -2.91822241	     -5.61440021	     -1.43282208	     -0.91695660	      0.36472505
      3.45000000	     78.58329322	    -56.56691418	    -10.56529326	    162.84304783	    283.00945320	    -70.92009167	     18.06577428	      4.02931068	     76.14032413	     26.71125839	     15.76271577	      3.14519544	      6.65778592	     -3.37837840	    -11.70437904	     -2.74241098	     -1.39587376	      0.60176057
      3.46000000	     79.45031569	    -56.35243809	    -14.66454876	    170.63729555	    279.09476731	   -100.29916335	     24.57252527	      3.74395841	     77.81134674	     22.96719120	     12.44068787	      1.67262375	      2.15806989	     -3.04580111	    -19.78294550	     -4.32321163	     -1.84658437	      0.87929047
      3.47000000	     81.27381870	    -55.22076846	    -18.30863390	    178.31994184	    276.52812740	   -138.00150418	     31.95714905	      3.31851280	     78.54996840	     19.38373382	      9.52932026	      0.36350874	     -3.31244897	     -1.97309508	    -29.73592667	     -6.18192928	     -2.12919520	      1.19634975
      3.48000000	     83.81121873	    -52.64319794	    -21.23604366	    183.98563734	    275.06100624	   -182.58027237	     39.67770211	      2.76397939	     77.95578926	     16.37419637	      7.21219850	     -1.00298369	     -9.47157545	     -0.33155492	    -41.11141296	     -8.30141692	     -2.09209970	      1.54673097
      3.49000000	     86.70797681	    -48.25123696	    -23.23576269	    185.75305415	    274.24896585	   -231.52854348	     47.14327137	      2.17140004	     75.72573160	     14.21023796	      5.58699042	     -2.62551500	    -15.88430305	      1.66628354	    -53.20258998	    -10.63548997	     -1.63331561	      1.91783699
      3.50000000	     89.66644521	    -42.03895131	    -24.13984653	    182.41158759	    273.78065657	   -281.95650036	     53.80741032	      1.72673503	     71.78671110	     13.00651113	      4.69158355	     -4.56114426	    -22.02072782	      3.84222967	    -65.19449984	    -13.11076549	     -0.73936804	      2.28808534
      3.51000000	     92.30963676	    -34.06369367	    -23.91072221	    172.98633144	    273.24866817	   -330.77523797	     59.21516240	      1.58301789	     66.16337053	     12.73360076	      4.48855509	     -6.87340405	    -27.39789167	      5.96549222	    -76.24248973	    -15.62070403	      0.51118157	      2.62415926
      3.52000000	     94.14422528	    -24.28558902	    -22.66957432	    156.59006763	    272.05174379	   -375.10420400	     63.03374929	      1.79133884	     58.90951886	     13.24793891	      4.88174115	     -9.71296363	    -31.68338534	      7.72576914	    -85.59035164	    -18.02959843	      1.94167300	      2.88830490
      3.53000000	     94.79518212	    -12.82940295	    -20.62415561	    133.06714295	    269.77461380	   -413.01497434	     65.09514299	      2.35064515	     50.24951286	     14.34750851	      5.76706659	    -13.17149859	    -34.68892678	      8.84833512	    -92.71687328	    -20.19909643	      3.29983680	      3.05025857
      3.54000000	     94.11881807	     -0.14193180	    -18.01929444	    103.25044752	    266.37134998	   -443.51335122	     65.38977911	      3.22409167	     40.63656830	     15.82528175	      7.04838265	    -17.18607763	    -36.31754144	      9.15903100	    -97.33281191	    -22.00579279	      4.31832478	      3.09348104
      3.55000000	     92.18836358	     13.01881369	    -15.10409821	     68.85972623	    262.11801463	   -466.12251671	     64.03342702	      4.33497632	     30.70096179	     17.50716395	      8.62624244	    -21.52541574	    -36.52367185	      8.60008950	    -99.31210323	    -23.34895593	      4.77628772	      3.01852053
      3.56000000	     89.22819058	     25.69621064	    -12.10071732	     32.25671104	    257.47713217	   -480.65467659	     61.23822274	      5.57437443	     21.13896168	     19.26557680	     10.37917369	    -25.82600991	    -35.31117002	      7.23051993	    -98.65965967	    -24.16051054	      4.54896442	      2.84061924
      3.57000000	     85.52880462	     36.93169962	     -9.18962674	     -3.94441027	    252.92241286	   -487.16163382	     57.29853610	      6.81591853	     12.57239025	     21.00902475	     12.15241055	    -29.67433844	    -32.76145965	      5.20349365	    -95.51198263	    -24.41387094	      3.63051383	      2.58739903
      3.58000000	     81.39474039	     45.92852369	     -6.51424447	    -37.23233429	    248.85066906	   -486.01692806	     52.58906304	      7.93673233	      5.45110481	     22.65542577	     13.76143677	    -32.68334590	    -29.05535261	      2.73655348	    -90.14840872	    -24.13115496	      2.13165717	      2.29193200
      3.59000000	     77.12911634	     52.13529197	     -4.18886985	    -65.46553215	    245.56107506	   -478.00650151	     47.55477756	      8.84084169	      0.02135470	     24.10993083	     15.01221304	    -34.53993438	    -24.46390091	      0.08462934	    -82.98220611	    -23.37784597	      0.24653601	      1.98602422
      3.60000000	     73.01291667	     55.28884723	     -2.29665375	    -87.09027523	    243.23893111	   -464.35001674	     42.67077917	      9.47830611	     -3.67101015	     25.25733474	     15.73331033	    -35.04072794	    -19.31562263	     -2.49464057	    -74.52676794	    -22.25203586	     -1.79530663	      1.69482505
      3.61000000	     69.27879196	     55.43706859	     -0.87752844	   -101.32039752	    241.93178995	   -446.64768937	     38.38165900	      9.85567457	     -5.76076656	     25.97488622	     15.81209177	    -34.11917988	    -13.95273099	     -4.77811866	    -65.34300235	    -20.86922456	     -3.78006657	      1.43485779
      3.62000000	     66.08538790	     52.93442427	      0.08308462	   -108.23384620	    241.53603326	   -426.75997942	     35.03871878	     10.03312629	     -6.53268937	     26.15736113	     15.22146325	    -31.85692443	     -8.68741650	     -6.60834891	    -55.97737767	    -19.34671386	     -5.54898521	      1.21342422
      3.63000000	     63.50233940	     48.39958242	      0.65646377	   -108.72219898	    241.80842802	   -406.62883987	     32.85304985	     10.10928653	     -6.38215281	     25.74523121	     14.02690288	    -28.47234321	     -3.77037871	     -7.91302539	    -46.90537770	    -17.79427627	     -7.01689042	      1.03117608
      3.64000000	     61.51538800	     42.61422344	      0.96246109	   -104.28187595	    242.40322664	   -388.07280577	     31.87466597	     10.19841777	     -5.75901648	     24.74640743	     12.37074493	    -24.27570126	      0.63150451	     -8.69873955	    -38.48219456	    -16.30306277	     -8.17350060	      0.88476300
      3.65000000	     60.03736994	     36.40408813	      1.14921297	    -96.71163087	    242.91635776	   -372.61370887	     31.99921846	     10.40486758	     -5.11296274	     23.24017866	     10.43878150	    -19.61418388	      4.43758325	     -9.03227993	    -30.91737328	    -14.94151421	     -9.06766952	      0.76860139
      3.66000000	     58.92626364	     30.51945167	      1.36443645	    -87.78853700	    242.92251104	   -361.35123998	     32.99935050	     10.80041220	     -4.84267831	     21.36248335	      8.41990349	    -14.81558166	      7.64022257	     -9.01297585	    -24.27199428	    -13.75252769	     -9.78713014	      0.67642540
      3.67000000	     58.00629351	     25.53680583	      1.72960439	    -78.99063293	    242.01079288	   -354.89363515	     34.56943400	     11.41126060	     -5.25558033	     19.27653976	      6.47167741	    -10.14035797	     10.28053654	     -8.74531268	    -18.47685984	    -12.75327950	    -10.43747399	      0.60234280
      3.68000000	     57.08845812	     21.79903958	      2.32326577	    -71.32862260	    239.82481245	   -353.33075397	     36.37214845	     12.21643683	     -6.54299935	     17.13771304	      4.69968194	     -5.75054281	     12.42019297	     -8.31795244	    -13.36489963	    -11.93726648	    -11.12218358	      0.53990110
      3.69000000	     56.00254068	     19.40403559	      3.17419959	    -65.31399045	    236.11144924	   -356.25750142	     38.08606127	     13.15721322	     -8.77116790	     15.06950953	      3.15397002	     -1.70120961	     14.11553732	     -7.79116303	     -8.71346351	    -11.27822648	    -11.93041648	      0.48344973
      3.70000000	     54.62363636	     18.22723162	      4.26291564	    -61.04034841	    230.76551219	   -362.85378730	     39.44152288	     14.15127963	    -11.88394516	     13.15080154	      1.83668562	      2.04953167	     15.40524894	     -7.19155440	     -4.28569912	    -10.73554383	    -12.92859682	      0.42674108
      3.71000000	     52.89160534	     17.97545660	      5.53039436	    -58.32114983	    223.85520923	   -372.01690084	     40.24493621	     15.10905269	    -15.72070783	     11.41738126	      0.71609784	      5.61442682	     16.30758304	     -6.51698470	      0.12885172	    -10.26437779	    -14.15768011	      0.36474387
      3.72000000	     50.81818161	     18.24957844	      6.89103788	    -56.83005381	    215.62949447	   -382.51313716	     40.39030785	     15.94801774	    -20.04217770	      9.87167063	     -0.25943569	      9.14590262	     16.82939982	     -5.74516577	      4.68422504	     -9.82491491	    -15.63254255	      0.29427591
      3.73000000	     48.48584371	     18.60849907	      8.24643246	    -56.20700072	    206.51599376	   -393.13380205	     39.86347047	     16.60460276	    -24.56026451	      8.49642448	     -1.15076759	     12.80274014	     16.98164371	     -4.84454260	      9.45833297	     -9.39165337	    -17.34175655	      0.21280758
      3.74000000	     46.04684601	     18.63997567	      9.50065251	    -56.12236493	    197.11165306	   -402.84440364	     38.74529330	     17.04642028	    -28.97309141	      7.27074057	     -2.01920694	     16.71218190	     16.79104841	     -3.79005677	     14.43958970	     -8.96605007	    -19.25042607	      0.11963015
      3.75000000	     43.71186257	     18.02210697	     10.57823495	    -56.30079159	    188.15676437	   -410.89784796	     37.20608202	     17.28358780	    -32.99785498	      6.17952286	     -2.92010666	     20.93560834	     16.30782893	     -2.57950383	     19.52534584	     -8.58962912	    -21.30347804	      0.01527892
      3.76000000	     41.72410871	     16.58793231	     11.43573147	    -56.53100366	    180.47362011	   -416.88603785	     35.48563653	     17.37264621	    -36.40718035	      5.21895932	     -3.89772938	     25.43315392	     15.59859041	     -1.25435640	     24.52606179	     -8.36067284	    -23.42895863	     -0.09703234
      3.77000000	     40.30794098	     14.36956092	     12.06028647	    -56.67173787	    174.85823477	   -420.72230758	     33.84599801	     17.40405555	    -39.05746034	      4.39720776	     -4.98047506	     30.03987898	     14.73433943	      0.08402474	     29.18156804	     -8.44657098	    -25.53807510	     -0.21169857
      3.78000000	     39.59924045	     11.62267255	     12.45079150	    -56.65438610	    171.94307356	   -422.58658227	     32.50233209	     17.47214572	    -40.90955833	      3.73312522	     -6.17600510	     34.45512219	     13.77496481	      1.26179413	     33.18265604	     -9.09345902	    -27.52117009	     -0.31967955
      3.79000000	     39.57826324	      8.81479358	     12.58826289	    -56.47160415	    172.07685839	   -422.89264400	     31.55431112	     17.63803129	    -42.03377331	      3.24921729	     -7.46959054	     38.25520389	     12.76116438	      2.03043863	     36.20028829	    -10.62725909	    -29.24250003	     -0.40835996
      3.80000000	     40.04099474	      6.58066254	     12.41221111	    -56.15276116	    175.27900729	   -422.29823118	     30.95164473	     17.90461703	    -42.59924026	      2.96032829	     -8.82616933	     40.92957645	     11.71214142	      2.07711183	     37.91828235	    -13.44190673	    -30.53805593	     -0.46160988
      3.81000000	     40.63202823	      5.62586155	     11.82011332	    -55.71645767	    181.28732064	   -421.74356840	     30.51442359	     18.21626158	    -42.83782193	      2.86090138	    -10.19798863	     41.94907063	     10.63273636	      1.05904502	     38.07101746	    -17.96271576	    -31.22432724	     -0.46225771
      3.82000000	     40.93965022	      6.59014282	     10.69983913	    -55.12321770	    189.68023365	   -422.46219637	     30.00823689	     18.48467182	    -42.98892704	      2.91805465	    -11.53490947	     40.85987264	      9.52222190	     -1.33572464	     36.48026361	    -24.57963046	    -31.12196690	     -0.39677578
      3.83000000	     40.62594137	      9.90380552	      8.98870106	    -54.29969496	    200.01648954	   -425.84828378	     29.24787587	     18.62831576	    -43.24339069	      3.07823526	    -12.79079606	     37.38672286	      8.37693504	     -5.30149996	     33.09022643	    -33.53991295	    -30.09224285	     -0.26501369
      3.84000000	     39.56187036	     15.66957836	      6.73775792	    -53.28265284	    211.93018390	   -433.06074512	     28.19324372	     18.60692933	    -43.70168567	      3.29808305	    -13.91865660	     31.52686145	      7.18565086	    -10.80642337	     28.00322450	    -44.79302370	    -28.08261038	     -0.09421763
      3.85000000	     37.91238890	     23.59629126	      4.14402568	    -52.37767693	    225.14477249	   -444.49005850	     26.99634959	     18.43384433	    -44.35613290	      3.58477513	    -14.86079992	     23.60832632	      5.92327439	    -17.50464140	     21.50275055	    -57.84736246	    -25.16339436	      0.04630617
      3.86000000	     36.07442837	     32.93524785	      1.50215060	    -52.03642094	    239.33120429	   -459.50248752	     25.95583862	     18.14892828	    -45.06874802	      3.99023927	    -15.56771578	     14.31382004	      4.57474243	    -24.71842118	     14.04663619	    -71.74699350	    -21.53999723	      0.03671331
      3.87000000	     34.45420257	     42.42878209	     -0.91621182	    -52.39784308	    253.81811579	   -476.56713120	     25.37783873	     17.76633060	    -45.53816088	      4.54008460	    -16.04626800	      4.65968046	      3.18620988	    -31.51077342	      6.21467890	    -85.20429751	    -17.52976017	     -0.27703181
      3.88000000	     33.33850133	     50.71106499	     -2.88829511	    -53.37658370	    267.59338357	   -493.60619557	     25.47066905	     17.29053186	    -45.44534693	      5.20437409	    -16.30445027	     -4.25751048	      1.81244052	    -36.92974144	     -1.38792454	    -96.86762699	    -13.49878011	     -1.02516886
      3.89000000	     32.90665056	     56.90597345	     -4.20675236	    -55.12960894	    279.59936944	   -508.28925956	     26.31165361	     16.75688952	    -44.67463349	      5.93575979	    -16.26231645	    -11.61648086	      0.41569613	    -40.29090755	     -8.23070599	   -105.59708104	     -9.77436993	     -2.26568702
      3.90000000	     33.19456999	     60.61788329	     -4.75648423	    -57.61149060	    288.97188499	   -518.77033332	     27.82602734	     16.20343939	    -43.26295984	      6.66797328	    -15.81596234	    -16.94798956	     -1.07837128	    -41.29155152	    -13.93965038	   -110.72050095	     -6.57785684	     -3.97673771
      3.91000000	     34.15242173	     61.80334795	     -4.55451802	    -60.39213873	    295.23746838	   -524.01998050	     29.82881260	     15.65249724	    -41.30235091	      7.35227878	    -14.89330018	    -20.11472700	     -2.71698148	    -39.98696368	    -18.31682816	   -112.08406945	     -4.01486849	     -6.06187757
      3.92000000	     35.70134099	     60.63069708	     -3.74479987	    -62.74130211	    298.35542807	   -523.69779880	     32.07804632	     15.10575762	    -38.86145246	      7.98438659	    -13.48480442	    -21.23851955	     -4.48239832	    -36.68845150	    -21.31895241	   -109.94318105	     -2.09544364	     -8.36833915
      3.93000000	     37.76183570	     57.36626498	     -2.56528434	    -63.78039229	    298.65753150	   -517.97099556	     34.32593957	     14.54879843	    -35.94991440	      8.60129628	    -11.65306502	    -20.60697312	     -6.28705783	    -31.85473266	    -23.02865272	   -104.82535426	     -0.76166715	    -10.70954950
      3.94000000	     40.24641309	     52.33900747	     -1.27783997	    -62.74548551	    296.72267606	   -507.38043923	     36.35555304	     13.96522635	    -32.54270341	      9.25039978	     -9.51142422	    -18.60112516	     -7.99562511	    -26.00370134	    -23.61422985	    -97.40362064	      0.08224512	    -12.89893011
      3.95000000	     43.04619415	     45.95609236	     -0.09679629	    -59.23687458	    293.23332221	   -492.74921188	     38.00824345	     13.34781177	    -28.63820681	      9.95825920	     -7.19196389	    -15.64846110	     -9.46563916	    -19.64818707	    -23.29478049	    -88.39938686	      0.54431637	    -14.78071424
      3.96000000	     46.03490291	     38.71744098	      0.85249098	    -53.35825134	    288.87640870	   -475.10795938	     39.20459285	     12.69891381	    -24.30897597	     10.71748614	     -4.81821655	    -12.18783402	    -10.58752806	    -13.24826981	    -22.30999378	    -78.51197053	      0.73054273	    -16.25409808
      3.97000000	     49.08239789	     31.17463587	      1.53895544	    -45.67268670	    284.27815289	   -455.65854658	     39.94969749	     12.02504073	    -19.70807426	     11.48666508	     -2.48803113	     -8.62700770	    -11.30285865	     -7.17029484	    -20.89219992	    -68.36786583	      0.73479565	    -17.28559755
      3.98000000	     52.07055994	     23.86989527	      2.00446717	    -37.03390437	    279.95163435	   -435.71624093	     40.32028767	     11.33212051	    -15.04460740	     12.20252462	     -0.26622076	     -5.30991312	    -11.60951305	     -1.66389616	    -19.25099327	    -58.48694061	      0.63169258	    -17.90159060
      3.99000000	     54.87185644	     17.27287839	      2.32601533	    -28.39246003	    276.22055564	   -416.61723845	     40.42139809	     10.61941691	    -10.54293158	     12.78379941	      1.80878436	     -2.49992577	    -11.54775113	      3.14472315	    -17.55963419	    -49.25647259	      0.47611415	    -18.17588466
      4.00000000	     57.32961495	     11.75720245	      2.58466392	    -20.65208000	    273.17043429	   -399.58496724	     40.34149397	      9.87910904	     -6.41178647	     13.14205190	      3.71658114	     -0.39028238	    -11.18672287	      7.23402413	    -15.95007748	    -40.91939210	      0.30527400	    -18.21071275
      4.01000000	     59.26561474	      7.60226016	      2.84664427	    -14.57727595	    270.67700080	   -385.61416053	     40.12693053	      9.10124058	     -2.82297784	     13.20379034	      5.44972724	      0.87469845	    -10.61317207	     10.65273015	    -14.51316605	    -33.57951413	      0.14180465	    -18.11798758
      4.02000000	     60.50584045	      4.99594383	      3.15421247	    -10.72544134	    268.49775055	   -375.43194527	     39.77624819	      8.27939778	      0.10456348	     12.93325237	      7.01080415	      1.18534758	     -9.92063684	     13.48366392	    -13.30322964	    -27.22402989	     -0.00193871	    -18.00728530
      4.03000000	     60.92042330	      4.02616652	      3.52754756	     -9.38865869	    266.38647921	   -369.47820452	     39.25056149	      7.41561904	      2.31717693	     12.35305054	      8.41391688	      0.46963291	     -9.19998780	     15.81506467	    -12.34586272	    -21.75249239	     -0.12216106	    -17.97604009
      4.04000000	     60.46566941	      4.65206308	      3.97171785	    -10.53801490	    264.20631111	   -367.87334720	     38.49282053	      6.52170473	      3.83981925	     11.55541669	      9.68769100	     -1.28353009	     -8.52779303	     17.72508342	    -11.64431490	    -17.00537939	     -0.22203000	    -18.10369431
      4.05000000	     59.21805770	      6.67077610	      4.48332830	    -13.78761499	    262.01320356	   -370.37056121	     37.45273269	      5.61688054	      4.78705834	     10.69968981	     10.87605953	     -3.99423500	     -7.95634526	     19.27535762	    -11.18576813	    -12.79179617	     -0.30969304	    -18.44727995
      4.06000000	     57.38761546	      9.69959854	      5.05092820	    -18.40969927	    260.08798747	   -376.31494465	     36.11181720	      4.72200400	      5.36746706	      9.99320596	     12.03365354	     -7.47220866	     -7.50730229	     20.50941984	    -10.94592783	     -8.91516738	     -0.39471614	    -19.03932934
      4.07000000	     55.30707472	     13.18238788	      5.64919566	    -23.40617285	    258.90310333	   -384.67574510	     34.50455776	      3.85399185	      5.87989515	      9.65757497	     13.21651143	    -11.41751657	     -7.16966844	     21.45665977	    -10.89415302	     -5.19684865	     -0.48737963	    -19.88666265
      4.08000000	     53.38505075	     16.42729382	      6.22751990	    -27.64327460	    259.02259616	   -394.14797409	     32.72523211	      3.02101926	      6.69617715	      9.88077285	     14.46809575	    -15.44611914	     -6.89926597	     22.14178517	    -10.99524522	     -1.49319539	     -0.59723445	    -20.97416216
      4.09000000	     52.03128028	     18.67614023	      6.69431481	    -30.01265273	    260.95432133	   -403.30121705	     30.92114691	      2.21957415	      8.22845307	     10.76293324	     15.80142698	    -19.13878164	     -6.62245580	     22.59415343	    -11.21109900	      2.29113334	     -0.73071295	    -22.27013488
      4.10000000	     51.58029374	     19.19377280	      6.90426534	    -29.58569527	    265.01011565	   -410.76176632	     29.28146767	      1.43538224	     10.88599339	     12.26996531	     17.18294349	    -22.10192958	     -6.24415352	     22.85524926	    -11.50090350	      6.19483101	     -0.89029933	    -23.73152954
      4.11000000	     52.23372139	     17.38352622	      6.65658522	    -25.76436006	    271.21292741	   -415.36810409	     28.02650937	      0.64611850	     15.01514897	     14.21372658	     18.52413600	    -24.03342494	     -5.66505785	     22.97488574	    -11.82122345	     10.19518687	     -1.07535459	    -25.30504973
      4.12000000	     54.02358960	     12.88150786	      5.70642184	    -18.35735606	    279.26895348	   -416.26767604	     27.38626772	     -0.17775392	     20.83943668	     16.26322020	     19.68162976	    -24.76489399	     -4.79901260	     23.00334222	    -12.12802745	     14.20722484	     -1.28078412	    -26.92940325
      4.13000000	     56.81409493	      5.60516812	      3.79857978	     -7.57625709	    288.61489765	   -412.93132817	     27.56735341	     -1.07263709	     28.41330627	     17.99577481	     20.47537124	    -24.26646848	     -3.58490864	     22.98485761	    -12.37766418	     18.09210362	     -1.49714228	    -28.53684225
      4.14000000	     60.34676944	     -4.24685018	      0.72671757	      6.03481169	    298.52479760	   -405.08389631	     28.70947763	     -2.07997172	     37.59672930	     18.98820502	     20.73076871	    -22.61748826	     -1.99332085	     22.95278172	    -12.52793950	     21.67393921	     -1.71322184	    -30.05100847
      4.15000000	     64.31621334	    -16.24337783	     -3.59141393	     21.72578213	    308.24669990	   -392.57757158	     30.83537547	     -3.23986638	     48.05849981	     18.93063346	     20.33780655	    -19.95527024	     -0.02593360	     22.92929893	    -12.53905384	     24.76212938	     -1.91841251	    -31.38336798
      4.16000000	     68.44069716	    -29.79731337	     -9.04422565	     38.69217144	    317.10594357	   -375.26453261	     33.80370066	     -4.57777738	     59.30531252	     17.72706045	     19.30493732	    -16.42677480	      2.29050037	     22.92875936	    -12.37485130	     27.17465907	     -2.10337160	    -32.43048223
      4.17000000	     81.13496699	    -40.95478169	    -15.78871569	     92.76648452	    311.57479119	   -191.98212572	     37.28515120	     -6.08583877	     70.72671851	     34.26852357	     17.18012418	     -9.83612394	      4.91031188	     -7.91679833	    -12.00471897	     -1.75965439	     -2.26034135	      0.45752971
      4.18000000	     85.64682381	    -54.33834326	    -22.02779028	    116.13013472	    318.40730226	   -185.64210066	     40.78217368	     -7.70631730	     81.64490078	     31.49122614	     15.08093043	     -6.54260406	      7.76969674	     -6.98735543	    -11.40575091	     -3.24674593	     -2.38435254	      0.79333947
      4.19000000	     89.82981000	    -66.93269734	    -27.77924326	    139.14757113	    323.09967931	   -182.19043465	     43.69341633	     -9.32549432	     91.35079699	     28.43706638	     13.03576613	     -3.18465084	     10.77741135	     -5.27170480	    -10.56647033	     -4.98481687	     -2.47172845	      1.17348213
      4.20000000	     93.38352872	    -78.00433582	    -32.38011653	    160.82512427	    324.93758664	   -181.73021317	     45.41639569	    -10.78353851	     99.12358450	     25.58249543	     11.29351680	      0.06529628	     13.79715951	     -2.79711739	     -9.49185692	     -6.95183562	     -2.51827915	      1.57460844
      4.21000000	     95.88567423	    -86.74366299	    -35.27854517	    179.68840330	    323.12731351	   -183.72741766	     45.47264469	    -11.90007033	    104.26043794	     23.28254250	      9.99426329	      2.97074476	     16.63358208	      0.28850867	     -8.20970852	     -9.10961081	     -2.51898900	      1.97068015
      4.22000000	     96.89444311	    -92.33761676	    -36.11440803	    193.89222320	    317.05585632	   -187.15324368	     43.62536362	    -12.50959525	    106.14949678	     21.71255886	      9.16780178	      5.28130262	     19.04040787	      3.73911437	     -6.77323398	    -11.40000887	     -2.46798979	      2.33901190
      4.23000000	     96.13766862	    -94.17277525	    -34.75414193	    201.69418284	    306.66218386	   -190.91749353	     39.95167041	    -12.49420795	    104.37138837	     20.87186818	      8.77902791	      6.87327120	     20.75053522	      7.30366253	     -5.26214490	    -13.75125629	     -2.35936596	      2.66382339
      4.24000000	     93.59007502	    -91.84865872	    -31.32951473	    201.58472332	    292.54674568	   -194.18361669	     34.84037008	    -11.80375442	     98.80204427	     20.63055113	      8.74390601	      7.67278835	     21.52669040	     10.70253670	     -3.77487878	    -16.07850539	     -2.19040179	      2.93484616
      4.25000000	     89.41779989	    -85.08492327	    -26.25456361	    192.21598101	    275.79112399	   -196.44429599	     28.91106425	    -10.46077772	     89.68582099	     20.78063311	      8.93359719	      7.45560389	     21.21839565	     13.54279294	     -2.41604093	    -18.27335446	     -1.96303972	      3.14193844
      4.26000000	     84.01194965	    -73.94578590	    -20.13675548	    173.00285376	    257.88599651	   -197.74970453	     22.88021319	     -8.55561083	     77.65192622	     21.10567755	      9.23763700	      5.98402351	     19.80833498	     15.43880361	     -1.27801764	    -20.21962488	     -1.68514172	      3.27934036
      4.27000000	     77.95491081	    -59.03741263	    -13.66491101	    144.61393670	    240.55706134	   -198.57016611	     17.41695961	     -6.23706926	     63.65923302	     21.43001590	      9.59744968	      3.18056161	     17.43007046	     16.12974896	     -0.42137822	    -21.81029161	     -1.37183501	      3.34195648
      4.28000000	     71.90113360	    -41.52760556	     -7.49961189	    109.07911569	    225.45460998	   -199.38166324	     13.02226921	     -3.69775887	     48.87373887	     21.64526048	      9.99681515	     -0.79191787	     14.34987625	     15.52853922	      0.13690118	    -22.95382183	     -1.04457030	      3.32640324
      4.29000000	     66.43917395	    -23.01407904	     -2.17687046	     69.58599070	    213.85623818	   -200.39657127	      9.96346997	     -1.15366178	     34.50316474	     21.71091102	     10.42930128	     -5.52627190	     10.91732171	     13.73153058	      0.42031623	    -23.58566273	     -0.72677608	      3.23084355
      4.30000000	     61.97324197	     -4.19044124	      2.07005011	     31.19347406	    205.41554278	   -194.21381080	      8.09557799	      1.34062379	     20.54342033	     21.63752000	     10.86522648	    -10.44961483	      6.47948643	     10.98883322	      0.48284331	    -23.67760183	     -0.13001647	      3.06024874
      4.31000000	     58.63302093	     10.55364987	      4.82054849	     -5.94658750	    202.94383590	   -200.34626563	      7.72342020	      3.19444814	     10.58954258	     21.45810198	     11.23672984	    -14.94367688	      4.08819200	      7.64816518	      0.40100212	    -23.24845540	     -0.07034446	      2.82916773
      4.32000000	     56.60829613	     21.66095349	      6.23249100	    -35.45661371	    204.15710143	   -203.98854968	      8.38093332	      4.54500273	      3.41681998	     21.20444128	     11.44901069	    -18.46490474	      2.19438721	      4.08987617	      0.32416455	    -22.36645958	     -0.02475178	      2.56305955
      4.33000000	     55.78089297	     28.42784782	      6.47139988	    -55.35382751	    208.32350707	   -205.26513400	      9.88067616	      5.36403628	     -0.84708687	     20.88538170	     11.40530752	    -20.62659388	      0.90920872	      0.67448094	      0.25883471	    -21.13687094	      0.00622118	      2.28921312
      4.34000000	     55.94900490	     30.74328489	      5.79093027	    -65.03528382	    214.53723557	   -204.50879613	     12.05787636	      5.71522851	     -2.41135993	     20.47620107	     11.03340708	    -21.23548769	      0.25125708	     -2.29197839	      0.20901309	    -19.67729812	      0.02360951	      2.02220538
      4.35000000	     56.87779825	     29.08487221	      4.49311192	    -65.31509677	    221.87221950	   -202.21159197	     14.77482321	      5.74227340	     -1.77001678	     19.94320818	     10.31558460	    -20.32413001	      0.15424831	     -4.60818798	      0.17593485	    -18.10712872	      0.02930252	      1.76924085
      4.36000000	     58.33852585	     24.41206132	      2.89253262	    -58.18944676	    229.49805621	   -198.93215775	     17.90731726	      5.63697143	      0.38399738	     19.27405077	      9.30090247	    -18.13650135	      0.48687410	     -6.20136678	      0.15827501	    -16.53890587	      0.02542789	      1.53757953
      4.37000000	     60.12527789	     17.96501205	      1.28378218	    -46.37556486	    236.74126232	   -195.23232606	     21.32462700	      5.59564034	      3.26647290	     18.49188909	      8.09071371	    -15.06066602	      1.08046399	     -7.11227102	      0.15272461	    -15.06849305	      0.01400798	      1.33450420
      4.38000000	     62.05478019	     11.03154169	     -0.08623850	    -32.76806346	    243.09645474	   -191.65871151	     24.87486543	      5.77686830	      6.11172314	     17.65191241	      6.80780154	    -11.53808201	      1.75771598	     -7.45673873	      0.15480236	    -13.76603371	     -0.00319232	      1.16393684
      4.39000000	     63.95754468	      4.75370886	     -1.03942237	    -19.96039629	    248.20778425	   -188.73996687	     28.38223158	      6.27264611	      8.26433284	     16.82566627	      5.56473001	     -7.98810615	      2.35603187	     -7.39036004	      0.15969979	    -12.67702577	     -0.02473485	      1.02455873
      4.40000000	     65.67532162	      0.00734189	     -1.47696300	     -9.93002920	    251.84122243	   -186.96527496	     31.65390816	      7.09940076	      9.23691369	     16.08775303	      4.44436982	     -4.75712982	      2.74117891	     -7.07920067	      0.16288781	    -11.82432662	     -0.04940444	      0.91288023
      4.41000000	     67.05841651	     -2.64438232	     -1.37874888	     -3.90407153	    253.85822368	   -186.74736205	     34.49370401	      8.20756123	      8.73082217	     15.49806879	      3.49203593	     -2.09337919	      2.81089253	     -6.68109784	      0.16040225	    -11.21426339	     -0.07592937	      0.82396466
      4.42000000	     67.97350127	     -2.94557915	     -0.79412928	     -2.37675377	    254.19999347	   -188.37421814	     36.72012438	      9.50261815	      6.62686634	     15.09035718	      2.71796659	     -0.13476385	      2.49122034	     -6.32858947	      0.14894981	    -10.83884968	     -0.10274721	      0.75265430
      4.43000000	     68.31135597	     -0.90389723	      0.17442893	     -5.23720456	    252.87375878	   -191.96807204	     38.18326256	     10.86946804	      2.95511773	     14.86432764	      2.10572604	      1.08820300	      1.72977328	     -6.11921731	      0.12593462	    -10.68075458	     -0.12793538	      0.69437740
      4.44000000	     67.98888856	      3.27513750	      1.39270891	    -11.96646169	    249.93354815	   -197.45526249	     38.77651045	     12.19418694	     -2.14548014	     14.78172394	      1.62280687	      1.63655570	      0.49029597	     -6.11140883	      0.08945134	    -10.71541326	     -0.14925731	      0.64499030
      4.45000000	     66.95334669	      9.25735443	      2.71769104	    -21.84042181	    245.47475715	   -204.56409138	     38.44503968	     13.38091143	     -8.46626575	     14.77085239	      1.23077763	      1.63941427	     -1.24818752	     -6.32605224	      0.03834023	    -10.91438971	     -0.16431641	      0.60117966
      4.46000000	     65.19252259	     16.63347537	      4.01873875	    -34.08988138	    239.64975966	   -212.84965591	     37.19476192	     14.36405871	    -15.75812489	     14.73766538	      0.89265082	      1.27266116	     -3.48670498	     -6.74751427	     -0.02765801	    -11.24534735	     -0.17083175	      0.56026016
      4.47000000	     62.75216228	     24.95426789	      5.19507879	    -47.99354578	    232.70400579	   -221.74160447	     35.10304055	     15.11711085	    -23.74834722	     14.58193778	      0.57717017	      0.73951188	     -6.19810465	     -7.32597299	     -0.10771547	    -11.67176234	     -0.16699567	      0.52046402
      4.48000000	     59.75821042	     33.75681941	      6.18865415	    -62.91880543	    225.02778108	   -230.59665688	     32.32932688	     15.65883515	    -32.14964265	     14.21732679	      0.26081063	      0.24861712	     -9.31978291	     -7.98302389	     -0.19978382	    -12.15367869	     -0.15185535	      0.47977906
      4.49000000	     56.43901754	     42.58673206	      6.99120347	    -78.33351182	    217.20083591	   -238.73598713	     29.12043273	     16.05564361	    -40.66669880	     13.59515104	     -0.07156708	     -0.00883913	    -12.75161692	     -8.61682166	     -0.30056973	    -12.64481904	     -0.12564712	      0.43536798
      4.50000000	     53.12701226	     51.02086321	      7.64198457	    -93.79327987	    209.99437517	   -245.45012167	     25.80072446	     16.41461000	    -48.99987198	     12.72205843	     -0.42753750	      0.11242362	    -16.35974198	     -9.11515995	     -0.40562757	    -13.09489826	     -0.08997658	      0.38251733
      4.51000000	     50.22892246	     58.67224741	      8.21207405	   -108.89847430	    204.29994417	   -249.97905994	     22.73735993	     16.86057524	    -56.84494552	     11.67123715	     -0.80968126	      0.69673788	    -19.98389059	     -9.36494535	     -0.50955635	    -13.44950779	     -0.04772690	      0.31452408
      4.52000000	     48.15977461	     65.19819115	      8.77563701	   -123.25804785	    200.98943551	   -251.47484077	     20.28149325	     17.49815181	    -63.89356700	     10.58216341	     -1.21766549	      1.75347221	    -23.44616036	     -9.26702505	     -0.60630624	    -13.65320642	     -0.00265934	      0.22327259
      4.53000000	     47.26562859	     70.30818726	      9.37399052	   -136.46627940	    200.75916887	   -248.98799696	     18.70130182	     18.37002364	    -69.83947923	      9.65358044	     -1.65049923	      3.21483229	    -26.56008415	     -8.74764878	     -0.68958861	    -13.65184286	      0.04119146	      0.09992969
      4.54000000	     47.75761246	     73.78041588	      9.98679709	   -148.09999965	    204.00199589	   -241.51704193	     18.13000429	     19.42936700	    -74.39486091	      9.12396604	     -2.10766907	      4.94226134	    -29.14124185	     -7.77013936	     -0.75339023	    -13.39744286	      0.08016263	     -0.06254547
      4.55000000	     49.67708183	     75.50704727	     10.52520298	   -157.77116888	    210.74603783	   -228.12724677	     18.54869394	     20.54332013	    -77.32448980	      9.23662458	     -2.58682859	      6.73055305	    -31.02432816	     -6.35032468	     -0.79267521	    -12.85460037	      0.11147495	     -0.26771360
      4.56000000	     48.76582896	     83.77318637	      9.47807818	   -122.56425739	    218.13276069	    -46.14996187	     17.80490306	     20.39107557	    -78.90208928	     20.39413813	     -2.81310820	      3.67036840	    -30.81675380	     -2.88141489	     -3.05727395	     -0.23123001	      0.47876813	      0.03172037
      4.57000000	     51.41778956	     83.90219706	      8.78729485	   -123.08343426	    228.91419096	    -47.66396152	     18.91470436	     20.86328317	    -79.46879189	     22.06489752	     -3.43572880	      4.09916067	    -30.43535061	     -2.27721197	     -4.55866410	     -0.20334788	      0.75503640	      0.02862066
      4.58000000	     54.53479091	     82.93621781	      7.57139140	   -121.56722584	    241.40110485	    -52.23815186	     20.38943309	     20.96158455	    -78.57233791	     24.59734216	     -4.05161894	      3.96554941	    -28.92806325	     -1.66095090	     -6.23277488	     -0.16336147	      1.03131199	      0.02680204
      4.59000000	     57.82298081	     81.11821882	      5.88331601	   -118.47538103	    254.72553693	    -60.26339101	     22.15967315	     20.68186016	    -76.33170755	     27.80177607	     -4.63352198	      3.21053103	    -26.41472944	     -1.10245610	     -8.05427808	     -0.11302041	      1.27608020	      0.02665647
      4.60000000	     61.03015369	     78.62192315	      3.88349059	   -114.35038540	    267.96483198	    -71.55841053	     24.23670665	     20.09782169	    -72.90322793	     31.35418558	     -5.14661148	      1.91078952	    -23.13576053	     -0.64784091	     -9.98376014	     -0.05486069	      1.46000986	      0.02822463
      4.61000000	     63.89915619	     75.45173166	      1.79405420	   -109.56786096	    280.10261505	    -85.39535271	     26.63858616	     19.31113719	    -68.41341296	     34.84078413	     -5.55103873	      0.28348115	    -19.38215245	     -0.30583972	    -11.96181615	      0.00810923	      1.56221167	      0.03110216
      4.62000000	     66.13059103	     71.41434700	     -0.15675805	   -104.13545506	    290.03328943	   -100.76127060	     29.30758569	     18.41228220	    -62.93066232	     37.82592718	     -5.80473614	     -1.34179648	    -15.42465342	     -0.04196423	    -13.91298101	      0.07283115	      1.57130733	      0.03443920
      4.63000000	     67.49117739	     66.36429112	     -1.74548061	    -98.03177263	    296.82555238	   -116.50080749	     32.13380201	     17.50055143	    -56.65586165	     39.92938475	     -5.86611759	     -2.58327890	    -11.57614783	      0.21565428	    -15.73944045	      0.13658635	      1.48501723	      0.03708061
      4.64000000	     67.86555256	     60.29608876	     -2.79455751	    -91.27534664	    299.89560525	   -131.61467935	     34.97130932	     16.66273265	    -49.94765696	     40.89510354	     -5.69779229	     -3.08326330	     -8.15967924	      0.56010040	    -17.33008018	      0.19718334	      1.31099499	      0.03787492
      4.65000000	     67.27830086	     53.28797338	     -3.21649821	    -83.79414353	    299.09867124	   -145.47375309	     37.66241533	     15.94636319	    -43.19148531	     40.63441179	     -5.27155038	     -2.58559330	     -5.42196921	      1.08147073	    -18.58495667	      0.25289733	      1.06551732	      0.03605424
      4.66000000	     65.90602020	     45.50960967	     -3.02777005	    -75.51807560	    294.75350861	   -157.70153325	     40.06682803	     15.35398671	    -36.72086410	     39.23430678	     -4.57483863	     -1.00032527	     -3.50462297	      1.83955895	    -19.42864492	      0.30224482	      0.77225381	      0.03151607
      4.67000000	     64.04211409	     37.22931334	     -2.33957881	    -66.48673646	    287.55578043	   -168.04290067	     42.07454280	     14.85058517	    -30.76538755	     36.93210448	     -3.61851218	      1.56786788	     -2.43565335	      2.84425733	    -19.82123099	      0.34374216	      0.45865958	      0.02490648
      4.68000000	     62.03082286	     28.81114666	     -1.32623697	    -56.92456331	    278.43171866	   -176.32699796	     43.60993552	     14.38173934	    -25.44274135	     34.06440125	     -2.44225642	      4.84053968	     -2.14195681	      4.05173220	    -19.76415527	      0.37578309	      0.15295980	      0.01748978
      4.69000000	     60.19694506	     20.69001217	     -0.18103057	    -47.25744677	    268.37463451	   -182.49486817	     44.63583609	     13.89381543	    -20.78451350	     31.00207963	     -1.11276016	      8.42683593	     -2.47928246	      5.37639519	    -19.29919442	      0.39674449	     -0.12099772	      0.01083946
      4.70000000	     58.78746175	     13.30042465	      0.92400803	    -38.02048937	    258.29922289	   -186.63422295	     45.15165726	     13.34789054	    -16.75914290	     28.08584312	      0.28737360	     11.90861428	     -3.26203277	      6.71471869	    -18.49953210	      0.40538876	     -0.34692708	      0.00643635
      4.71000000	     57.94732530	      6.98535978	      1.86541779	    -29.69913740	    248.95238367	   -188.99651854	     45.19414884	     12.72790110	    -13.28568049	     25.57502464	      1.67753669	     14.92387272	     -4.29118649	      7.97218957	    -17.45656866	      0.40139105	     -0.51877271	      0.00530426
      4.72000000	     57.72099613	      1.94254949	      2.57954404	    -22.61191692	    240.87573746	   -189.99492790	     44.83684441	     12.04033526	    -10.25340744	     23.61802522	      2.99711147	     17.21805257	     -5.38192930	      9.08155595	    -16.26719238	      0.38561102	     -0.63961103	      0.00779748
      4.73000000	     58.06228404	     -1.77697013	      3.05909986	    -16.87593433	    234.39220893	   -190.17276860	     44.17822163	     11.30515796	     -7.54645870	     22.24885232	      4.21649582	     18.65458068	     -6.38591393	     10.00764415	    -15.02364100	      0.35996271	     -0.71795541	      0.01357991
      4.74000000	     58.85564429	     -4.24806371	      3.33916674	    -12.40751298	    229.62164502	   -190.14158916	     43.32352828	     10.54526484	     -5.05675396	     21.40864349	      5.33873147	     19.20046302	     -7.20303467	     10.74278168	    -13.80799287	      0.32706393	     -0.76518410	      0.02176527
      4.75000000	     59.94340946	     -5.64837119	      3.47842951	     -8.93329516	    226.52449168	   -190.49774379	     42.36015950	      9.77841643	     -2.68127943	     20.98470231	      6.39381580	     18.90190367	     -7.77861189	     11.29730605	    -12.68746913	      0.28982664	     -0.79292511	      0.03116066
      4.76000000	     61.15814414	     -6.22719256	      3.54278994	     -6.02908624	    224.97075728	   -191.74462665	     41.33806988	      9.01433870	     -0.31670653	     20.85622648	      7.42944204	     17.85649317	     -8.09301832	     11.68756194	    -11.71088757	      0.25103226	     -0.81098087	      0.04054877
      4.77000000	     62.36099224	     -6.26966159	      3.59381190	     -3.18730150	    224.82255926	   -194.24652165	     40.26718958	      8.25678957	      2.14476552	     20.93574262	      8.50164637	     16.18777246	     -8.14916792	     11.92413797	    -10.90657931	      0.21294551	     -0.82938526	      0.04894571
      4.78000000	     63.47651552	     -6.05150228	      3.68095191	      0.09141973	    226.01242836	   -198.18087722	     39.13040092	      7.50499593	      4.80473598	     21.19710858	      9.66732005	     14.02781755	     -7.96878269	     12.00339663	    -10.28496111	      0.17705608	     -0.85641768	      0.05578386
      4.79000000	     64.51781206	     -5.81016721	      3.83820768	      4.22294604	    228.59481272	   -203.52583312	     37.90691934	      6.75733279	      7.75106071	     21.68453086	     10.97866888	     11.51068301	     -7.58844606	     11.90459658	     -9.84306336	      0.14404697	     -0.89882292	      0.06099098
      4.80000000	     65.59305004	     -5.74220122	      4.08228889	      9.49799786	    232.75529583	   -210.07416514	     36.59342288	      6.01489261	     11.06110697	     22.50190260	     12.47819437	      8.77444462	     -7.05037532	     11.59328783	     -9.56732038	      0.11400021	     -0.96161754	      0.06496598
      4.81000000	     66.89383983	     -6.01037675	      4.40894334	     16.05620289	    238.77024014	   -217.46085970	     35.22179660	      5.28323027	     14.80867388	     23.78590008	     14.19186980	      5.96273186	     -6.39394558	     11.02918700	     -9.43795233	      0.08665218	     -1.04877648	      0.06847836
      4.82000000	     68.66026444	     -6.74149601	      4.78570406	     23.84367592	    246.91678001	   -225.19937777	     33.86837428	      4.57056205	     19.06640100	     25.66730495	     16.11869727	      3.21444338	     -5.64728662	     10.17505544	     -9.43013520	      0.06149812	     -1.16202834	      0.07250716
      4.83000000	     71.12371978	     -7.99891939	      5.14262372	     32.54664662	    257.33639610	   -232.72559784	     32.65654548	      3.88335336	     23.89380162	     28.22498124	     18.21660035	      0.63588588	     -4.82516353	      9.00310186	     -9.51518729	      0.03778139	     -1.30062178	      0.07801031
      4.84000000	     74.43255559	     -9.74185098	      5.36366092	     41.54107889	    269.87760112	   -239.45166404	     31.74982592	      3.22123554	     29.31548076	     31.43862941	     20.38640010	     -1.73822456	     -3.93149271	      7.49732082	     -9.66194107	      0.01450849	     -1.46146502	      0.08563546
      4.85000000	     78.58091520	    -11.81331981	      5.28103726	     49.94247624	    283.97680907	   -244.80088655	     31.33381002	      2.57320145	     35.30782383	     35.14808838	     22.45844274	     -3.97031203	     -2.95965837	      5.65472400	     -9.83517617	     -0.00944384	     -1.63831678	      0.09543242
      4.86000000	     83.36973583	    -13.99263952	      4.67716944	     56.81438707	    298.64204326	   -248.20891827	     31.59079107	      1.91625227	     41.80633486	     39.02988774	     24.19083980	     -6.20308888	     -1.89052362	      3.49054995	     -9.99547545	     -0.03509893	     -1.82166654	      0.10665753
      4.87000000	     88.41981740	    -16.09456805	      3.30279103	     61.45983444	    312.56751364	   -249.08222600	     32.66962953	      1.21608261	     48.72311421	     42.60802896	     25.29052697	     -8.59695247	     -0.69074999	      1.04756786	    -10.09862091	     -0.06303758	     -2.00099822	      0.11776986
      4.88000000	     93.23594280	    -18.06040557	      0.92159190	     63.65501463	    324.35327002	   -246.74880768	     34.64783332	      0.43112908	     55.95144257	     45.31624147	     25.46530584	    -11.24494551	      0.68245323	     -1.59433783	    -10.09762128	     -0.09301726	     -2.16797594	      0.12669055
      4.89000000	     97.31112453	    -20.01140951	     -2.61780143	     63.74892332	    332.78278543	   -240.43853393	     37.48468680	     -0.47826194	     63.35756022	     46.61333096	     24.50484742	    -14.09357493	      2.27379854	     -4.30994176	     -9.94576843	     -0.12363388	     -2.31732308	      0.13130468
      4.90000000	    100.25360788	    -22.23928348	     -7.29850091	     62.60231919	    337.09271301	   -229.31711357	     40.98824635	     -1.53606810	     70.76173544	     46.12675339	     22.36998144	    -16.89779808	      4.11417532	     -6.92325654	     -9.60378044	     -0.15213007	     -2.44785945	      0.13006208
      4.91000000	    101.88310560	    -25.14196223	    -12.87194833	     61.39978300	    337.13435208	   -212.59763552	     44.80036545	     -2.73458082	     77.92665448	     43.77689351	     19.25160700	    -19.23579870	      6.20957619	     -9.21037473	     -9.04480857	     -0.17450692	     -2.56097959	      0.12245741
      4.92000000	    111.09697471	    -24.53637177	    -18.07878417	    100.40906581	    336.46883013	    -55.71773747	     46.80617867	     -2.38290238	     80.65618451	     40.78570839	     16.23633960	    -19.78337699	      5.67192044	     -9.66393685	     -4.37956525	     -1.25896910	     -0.99875427	      0.37857356
      4.93000000	    112.46135209	    -27.14734811	    -23.06749014	    109.72408600	    333.10001418	    -70.78337989	     52.84079971	     -2.83781060	     85.36849359	     36.52815475	     12.59101299	    -20.72903285	      3.48470256	    -10.07781367	    -10.84879696	     -2.67225233	     -1.51533094	      0.65767921
      4.94000000	    113.36945981	    -30.37289033	    -26.99424366	    122.68718760	    327.98055397	    -95.12478632	     58.30592952	     -3.04369036	     88.57611485	     32.02490881	      9.37234054	    -20.24346804	      0.26908808	     -9.21556100	    -19.69572107	     -4.33993963	     -2.11809774	      0.93804450
      4.95000000	    113.83861515	    -33.97839309	    -29.33563524	    138.79099209	    321.53118803	   -129.81349390	     62.62433438	     -2.91290970	     89.87475318	     27.86323265	      6.93508725	    -18.23034970	     -3.89992363	     -6.97749821	    -30.89416762	     -6.26663488	     -2.76685738	      1.20320853
      4.96000000	    113.59058156	    -37.51088343	    -29.82850026	    156.45416216	    313.67180169	   -174.47765249	     65.27589961	     -2.41821711	     88.90691651	     24.41314696	      5.40828685	    -14.85575374	     -8.77582886	     -3.47622926	    -44.00145218	     -8.44906301	     -3.42546623	      1.44666962
      4.97000000	    112.15862323	    -40.40519244	    -28.48116021	    173.28007965	    304.01351244	   -227.11823337	     65.89142641	     -1.58306235	     85.45657086	     21.78967750	      4.71452595	    -10.50627312	    -13.95174510	      0.96913578	    -58.15869295	    -10.86031508	     -4.09249174	      1.67389176
      4.98000000	    109.19996829	    -42.24159073	    -25.47747559	    186.86458691	    292.39632172	   -284.75955292	     64.35720100	     -0.41615975	     79.61160460	     19.92340186	      4.66561019	     -5.63470152	    -18.91321469	      5.94063393	    -72.27403145	    -13.44292356	     -4.81873258	      1.89542081
      4.99000000	    104.58527745	    -42.80468985	    -21.12693039	    195.21513476	    279.03492564	   -344.00239215	     60.80312875	      1.07578938	     71.76779915	     18.64013502	      5.03560887	     -0.70198790	    -23.12857238	     10.97494268	    -85.21167095	    -16.10403220	     -5.68183589	      2.11258442
      5.00000000	     98.16196848	    -41.75158547	    -15.88909511	    196.32682707	    264.07223558	   -401.00056742	     55.49168370	      2.78288266	     62.37555305	     17.71953831	      5.59446881	      3.68300982	    -26.18188318	     15.49716120	    -95.89149181	    -18.70516999	     -6.75082817	      2.30967030
      5.01000000	     89.91456420	    -38.74664281	    -10.27280486	    188.73125585	    247.80238811	   -452.16752017	     48.80689066	      4.53688705	     51.93993558	     16.99031331	      6.18180626	      6.90190087	    -27.82120226	     18.94370141	   -103.47326879	    -21.07500146	     -8.07020284	      2.45585996
      5.02000000	     80.13852966	    -33.68104662	     -4.75425490	    172.07095860	    230.92801362	   -494.70505401	     41.24524072	      6.16681428	     41.06249550	     16.38529580	      6.73677689	      8.51115208	    -27.95054488	     20.89901450	   -107.46757100	    -23.03561067	     -9.63771951	      2.51657137
      5.03000000	     69.42525060	    -26.78656596	      0.25167289	    147.27683442	    214.52245360	   -526.58701980	     33.35583539	      7.51610349	     30.41852173	     15.92197372	      7.26986362	      8.34396065	    -26.59460153	     21.16122783	   -107.72231174	    -24.42761497	    -11.38101431	      2.46459785
      5.04000000	     58.59887812	    -18.67475489	      4.41078629	    116.52280835	    199.89953481	   -546.54449108	     25.69855625	      8.45812821	     20.71801222	     15.65802613	      7.81404590	      6.55391801	    -23.86889358	     19.77410042	   -104.38734982	    -25.13083155	    -13.15857174	      2.29092360
      5.05000000	     48.57742912	    -10.23453752	      7.48248207	     82.88636365	    188.37290809	   -554.13803229	     18.81106935	      8.90791445	     12.61768162	     15.63624481	      8.37631420	      3.56292667	    -19.97545196	     17.00010405	    -97.88625106	    -25.08996359	    -14.77980185	      2.01076440
      5.06000000	     40.20916222	     -2.43795480	      9.33654860	     49.77902080	    180.99180022	   -549.86681255	     13.17949679	      8.83857865	      6.61373869	     15.84175127	      8.91247066	     -0.05167691	    -15.20070706	     13.25439780	    -88.87642146	    -24.33042624	    -16.04411434	      1.65910489
      5.07000000	     34.14517386	      3.86798994	      9.96990241	     20.31509970	    178.34783880	   -535.18133030	      9.21206685	      8.29985333	      2.95690445	     16.18974257	      9.33262139	     -3.68127300	     -9.89686225	      9.02295811	    -78.17881036	    -22.95510821	    -16.79125532	      1.28167011
      5.08000000	     30.76043081	      8.13384389	      9.51213441	     -3.22547672	    180.49484437	   -512.35715754	      7.20739580	      7.42642177	      1.60587578	     16.54389008	      9.52935166	     -6.79516276	     -4.44665653	      4.77776431	    -66.68226653	    -21.12919918	    -16.94125690	      0.92351177
      5.09000000	     30.11886054	     10.20480359	      8.21270330	    -19.74296686	    186.95261067	   -484.23911053	      7.31430731	      6.42497821	      2.22820700	     16.75435569	      9.41418210	     -9.01645794	      0.78564948	      0.90886071	    -55.23068165	    -19.05045871	    -16.51545627	      0.61739643
      5.10000000	     31.98254726	     10.32972798	      6.40845298	    -29.38753893	    196.77904699	   -453.89360441	      9.49695336	      5.53968955	      4.24675352	     16.70187767	      8.94738374	    -10.15792972	      5.49864140	     -2.31924540	    -44.52100571	    -16.91761800	    -15.63114425	      0.37998667
      5.11000000	     35.85296035	      9.06811952	      4.47503097	    -33.34093961	    208.68730243	   -424.24548108	     13.51550234	      5.00204799	      6.93059925	     16.32467082	      8.14831879	    -10.21046337	      9.48750501	     -4.77746426	    -35.02880699	    -14.90121465	    -14.47179202	      0.21175208
      5.12000000	     41.03758951	      7.13668368	      2.76771984	    -33.38757416	    221.19120189	   -397.79470043	     18.93833763	      4.97902312	      9.50901891	     15.62043430	      7.08389182	     -9.30032414	     12.65361105	     -6.45740024	    -26.98374404	    -13.12886368	    -13.24434563	      0.10197077
      5.13000000	     46.74319139	      5.23264932	      1.56573331	    -31.41929971	    232.77593197	   -376.40292651	     25.18996854	      5.53623093	     11.29239862	     14.62917337	      5.84406919	     -7.62553738	     14.99564845	     -7.43621686	    -20.38395192	    -11.67894102	    -12.13824383	      0.03454973
      5.14000000	     52.18171512	      3.87423664	      1.03345159	    -29.00039876	    242.08130768	   -361.20365184	     31.62573292	      6.62746333	     11.77663671	     13.40505959	      4.51490896	     -5.38567964	     16.58878931	     -7.83259513	    -15.04239624	    -10.58272726	    -11.29705131	     -0.00839918
      5.15000000	     56.67026668	      3.29874947	      1.20767442	    -27.09072362	    248.06349165	   -352.62505393	     37.61694829	      8.11264166	     10.70573638	     11.99103578	      3.15848948	     -2.72193888	     17.55635761	     -7.76710450	    -10.65213194	     -9.83325788	    -10.80911876	     -0.04272040
      5.16000000	     59.70032359	      3.45067505	      2.01236815	    -26.00150071	    250.10268263	   -350.46581879	     42.62634815	      9.79594354	      8.07462436	     10.40485861	      1.80522278	      0.31250940	     18.03829536	     -7.33741689	     -6.85275785	     -9.39670722	    -10.71112799	     -0.08028695
      5.17000000	     60.97398282	      4.05207633	      3.29290489	    -25.55562824	    248.04989332	   -354.00936386	     46.26401493	     11.47082782	      4.08064035	      8.64211587	      0.45782720	      3.74645785	     18.16355088	     -6.60860538	     -3.28936196	     -9.22320869	    -10.99959632	     -0.12870446
      5.18000000	     60.41815939	      4.71184519	      4.85688995	    -25.34855637	    242.22321000	   -362.15531695	     48.32162847	     12.95895799	     -0.94812308	      6.69472483	     -0.89836483	      7.66045443	     18.03523952	     -5.61071512	      0.34287033	     -9.25204632	    -11.64627718	     -0.19276629
      5.19000000	     58.17681965	      5.04524655	      6.51205386	    -24.99149475	    233.35863468	   -373.57877881	     48.78690168	     14.13758187	     -6.62952751	      4.57162671	     -2.28447516	     12.13875645	     17.72385288	     -4.34800089	      4.26087167	     -9.42007292	    -12.61147261	     -0.27468500
      5.20000000	     54.59403499	      4.75065861	      8.09851258	    -24.25135356	    222.53376452	   -386.86406098	     47.84115707	     14.95585139	    -12.57890386	      2.31355463	     -3.71979232	     17.22876760	     17.27450027	     -2.80732155	      8.57289915	     -9.66518779	    -13.85393426	     -0.37569146
      5.21000000	     50.18207175	      3.66233218	      9.51296558	    -23.11132106	    211.06210903	   -400.58600460	     45.83842421	     15.44133047	    -18.44183250	      0.00028458	     -5.21367988	     22.89995940	     16.71463135	     -0.97282373	     13.26914533	     -9.93073960	    -15.33440584	     -0.49706107
      5.22000000	     45.56223991	      1.78817054	     10.72248597	    -21.79521578	    200.34370444	   -413.32609915	     43.25713295	     15.69471552	    -23.91404690	     -2.25097566	     -6.75561745	     29.00276502	     16.05801896	      1.15365031	     18.22460138	    -10.17053520	    -17.01257513	     -0.64059718
      5.23000000	     41.38306705	     -0.67714826	     11.76295962	    -20.76182343	    191.68163667	   -423.65517570	     40.62430591	     15.86853530	    -28.74993825	     -4.29192403	     -8.30341327	     35.24272720	     15.30710315	      3.53305646	     23.21584415	    -10.35275844	    -18.84178017	     -0.80634994
      5.24000000	     38.21330419	     -3.37800265	     12.71341644	    -20.63880389	    186.08374785	   -430.12719020	     38.41338315	     16.12479330	    -32.76342364	     -5.95624733	     -9.77642922	     41.18693481	     14.45678690	      6.07469684	     27.94842690	    -10.46678676	    -20.75917482	     -0.98978558
      5.25000000	     36.43536127	     -5.84837906	     13.65003893	    -22.12296163	    184.09700358	   -431.33961975	     36.94117750	     16.58035136	    -35.83271476	     -7.07472525	    -11.05810067	     46.30469998	     13.50066325	      8.63113783	     32.09379451	    -10.53045427	    -22.67551958	     -1.17926482
      5.26000000	     36.17662305	     -7.55373647	     14.60030341	    -25.89929616	    185.74140219	   -426.08245678	     36.30181622	     17.26376473	    -37.92197994	     -7.49006141	    -12.00804896	     50.02801204	     12.43357769	     11.00132345	     35.33140597	    -10.59566663	    -24.46728992	     -1.35577022
      5.27000000	     37.31679154	     -7.92612839	     15.51800718	    -32.55834132	    190.58685595	   -413.54967175	     36.36900327	     18.10522092	    -39.10924980	     -7.06899530	    -12.48482671	     51.82396196	     11.24552034	     12.94327545	     37.38648447	    -10.75122988	    -25.97561886	     -1.49341599
      5.28000000	     39.56484288	     -6.43333687	     16.29282699	    -42.46651887	    197.94749301	   -393.58797717	     36.86307062	     18.96416720	    -39.58821229	     -5.71795226	    -12.37774802	     51.28089588	      9.91866598	     14.20187524	     38.06437705	    -11.12049221	    -27.01645794	     -1.56448972
      5.29000000	     42.57454723	     -2.67462839	     16.78964997	    -55.63207098	    207.10960051	   -366.88899823	     37.45614378	     19.68002990	    -39.63544844	     -3.39718677	    -11.63787592	     48.18826953	      8.42810347	     14.54904888	     37.27780473	    -11.84872618	    -27.40577536	     -1.54746242
      5.30000000	     46.04775577	      3.52966023	     16.90098736	    -71.64128336	    217.49978831	   -335.05047464	     37.87417812	     20.12306704	    -39.55508182	     -0.13144539	    -10.29556765	     42.58575528	      6.74623026	     13.82690285	     35.06278672	    -13.07961976	    -26.99703529	     -1.43678345
      5.31000000	     49.79860880	     12.07145072	     16.59181445	    -89.70639997	    228.75035332	   -300.41876862	     37.96624186	     20.22618422	    -39.61352999	      3.98955913	     -8.45724539	     34.77614055	      4.85352440	     11.99266651	     31.58392549	    -14.91199457	    -25.72372310	     -1.25381004
      5.32000000	     53.77108935	     22.54604313	     15.91634345	   -108.82383118	    240.66693024	   -265.72007725	     37.72903556	     19.98981401	    -39.99016706	      8.82427520	     -6.28255936	     25.29201064	      2.74758981	      9.14954240	     27.12189287	    -17.34862691	    -23.63102979	     -1.05228190
      5.33000000	     57.98685531	     34.28930312	     14.99234495	   -127.95860249	    253.09373924	   -233.62690199	     37.27648585	     19.45962961	    -40.74772452	     14.18685187	     -3.95829089	     14.82840975	      0.45880140	      5.55391842	     22.04718032	    -20.25911573	    -20.88436490	     -0.91626722
      5.34000000	     62.48109418	     46.43999809	     13.95484844	   -146.18475783	    265.75431194	   -206.12321122	     36.77976613	     18.69667159	    -41.81707693	     19.86900021	     -1.67152377	      4.16503796	     -1.94281342	      1.60486857	     16.77667987	    -23.34280648	    -17.74667434	     -0.94101999
      5.35000000	     67.23205361	     58.11702045	     12.92290557	   -162.82764393	    278.14206440	   -183.96909150	     36.39577524	     17.76182286	    -43.04379383	     25.65525162	      0.42585160	     -5.96070359	     -4.37453968	     -2.23601564	     11.70909705	    -26.15515056	    -14.51658878	     -1.19697056
      5.36000000	     72.08990472	     68.70195412	     11.99100601	   -177.59429772	    289.49952238	   -166.76460266	     36.20928335	     16.71536272	    -44.29796553	     31.30815370	      2.24991198	    -15.02476578	     -6.79016439	     -5.59881178	      7.15272841	    -28.24699158	    -11.45349405	     -1.68942045
      5.37000000	     76.77104087	     77.85670149	     11.21704638	   -190.37047593	    298.94224703	   -153.46174028	     36.22237731	     15.61126109	    -45.47707119	     36.55777696	      3.77275514	    -22.74585412	     -9.16143891	     -8.27517636	      3.30220978	    -29.29596683	     -8.73662637	     -2.35261990
      5.38000000	     80.94304264	     85.40758118	     10.62249272	   -200.98141282	    305.69038041	   -142.95003615	     36.39874486	     14.49734119	    -46.46324773	     41.12540076	      5.00149978	    -29.02857521	    -11.44369166	    -10.20888367	      0.25015652	    -29.17169404	     -6.46619124	     -3.07147760
      5.39000000	     84.29498665	     91.22796448	     10.20204157	   -209.05494219	    309.22771351	   -134.36605704	     36.69918867	     13.41790201	    -47.09558254	     44.74754889	      5.96240207	    -33.88606202	    -13.55977464	    -11.45103705	     -1.99440923	    -27.93065079	     -4.67623268	     -3.72105413
      5.40000000	     86.60461099	     95.13588880	      9.92503102	   -213.94012249	    309.41043044	   -127.15996380	     37.10817845	     12.41182160	    -47.15825474	     47.20919584	      6.68601651	    -37.35729218	    -15.40202728	    -12.10039136	     -3.48948388	    -25.76990433	     -3.34744728	     -4.20169122
      5.41000000	     87.78492325	     96.86564226	      9.73645493	   -214.78914364	    306.50869839	   -121.11245738	     37.64624023	     11.50703200	    -46.40096955	     48.37267309	      7.19985411	    -39.45693643	    -16.84526268	    -12.25152531	     -4.33503660	    -22.96624592	     -2.42680567	     -4.46254743
      5.42000000	     87.87974140	     96.14092371	      9.57461394	   -210.78784896	    301.13280587	   -116.24578176	     38.35209946	     10.71756254	    -44.59654760	     48.18926490	      7.53327787	    -40.18096704	    -17.77493011	    -11.97418221	     -4.65313029	    -19.81837059	     -1.84499214	     -4.50754673
      5.43000000	     87.04111666	     92.81029673	      9.38648291	   -201.41254944	    294.11375135	   -112.52372008	     39.25026667	     10.03832417	    -41.61407205	     46.71327731	      7.72239112	    -39.55431888	    -18.12850370	    -11.32730924	     -4.58280918	    -16.60207471	     -1.51466176	     -4.37993878
      5.44000000	     85.52502767	     86.93638261	      9.13251988	   -186.62376135	    286.41629053	   -109.74472318	     40.34012597	      9.44201472	    -37.45415626	     44.11879527	      7.80928129	    -37.67012880	    -17.91064545	    -10.36818663	     -4.26566609	    -13.54328753	     -1.34006047	     -4.13974268
      5.45000000	     83.67061505	     78.80776345	      8.79050887	   -166.94942276	    279.03535469	   -107.63707779	     41.59653264	      8.88463266	    -32.23722385	     40.69241412	      7.84023585	    -34.70240940	    -17.17848575	     -9.14696507	     -3.82325857	    -10.80009625	     -1.23962953	     -3.84602635
      5.46000000	     81.83125421	     68.91047624	      8.35636008	   -143.43333209	    272.83923730	   -105.94725126	     42.96050816	      8.31414396	    -26.17371104	     36.79062364	      7.86335900	    -30.90477062	    -16.02175780	     -7.70926379	     -3.34642899	     -8.45946896	     -1.15744373	     -3.54488276
      5.47000000	     80.29303770	     57.87378291	      7.84307161	   -117.49153809	    268.42261502	   -104.51496399	     44.32993094	      7.67969000	    -19.53057440	     32.78349329	      7.92829477	    -26.59576169	    -14.54439962	     -6.10388551	     -2.89413067	     -6.54574101	     -1.06508353	     -3.26582835
      5.48000000	     79.22920717	     46.40804293	      7.27959971	    -90.72873219	    266.04693399	   -103.30212171	     45.56702601	      6.94119043	    -12.60429095	     29.01192334	      8.08833103	    -22.13346445	    -12.85440141	     -4.39189867	     -2.49937982	     -5.03611751	     -0.95583386	     -3.02425320
      5.49000000	     78.69300210	     35.23522964	      6.70904589	    -64.73858945	    265.66623283	   -102.35750343	     46.52003288	      6.07745671	     -5.69831345	     25.76091161	      8.40081715	    -17.87873160	    -11.05914650	     -2.65245525	     -2.17717526	     -3.87784726	     -0.83449003	     -2.82676545
      5.50000000	     78.64194689	     25.01542968	      6.18634329	    -40.91944324	    267.01183242	   -101.77343865	     47.05307907	      5.09148247	      0.89894284	     23.24688700	      8.92342694	    -14.15171577	     -9.26184863	     -0.97995496	     -1.93097869	     -3.00335180	     -0.70997512	     -2.67640874
      5.51000000	     78.98100734	     16.28963092	      5.77299898	    -20.34846734	    269.70255076	   -101.64349196	     47.07549885	      4.01047320	      6.93200604	     21.61784212	      9.70557596	    -11.19590180	     -7.55966391	      0.52430236	     -1.75788941	     -2.34186807	     -0.59110759	     -2.57552930
      5.52000000	     79.60914567	      9.44204798	      5.52959656	     -3.72086037	    273.35091251	   -102.02673693	     46.56248466	      2.88063854	     12.19483141	     20.96086103	     10.77822979	     -9.15611508	     -6.04099295	      1.76326987	     -1.65180438	     -1.82700736	     -0.48485501	     -2.52696384
      5.53000000	     80.45759049	      4.67726798	      5.50652607	      8.66289203	    277.64429821	   -102.92548357	     45.56312475	      1.75781114	     16.54886767	     21.31097588	     12.14546022	     -8.07108435	     -4.78028703	      2.65595394	     -1.60556856	     -1.40121256	     -0.39631223	     -2.53393914
      5.54000000	     81.51055653	      2.01416309	      5.73223192	     16.86410656	    282.38579180	   -104.25791366	     44.19426200	      0.69524263	     19.93910417	     22.65718737	     13.77898284	     -7.88097326	     -3.83050838	      3.14686627	     -1.61118640	     -1.01720005	     -0.32845851	     -2.59925515
      5.55000000	     82.80223802	      1.30394488	      6.20237075	     21.23451298	    287.48209472	   -105.82790207	     42.62253486	     -0.26750957	     22.40024803	     24.94277862	     15.61741351	     -8.45151214	     -3.21774250	      3.20796350	     -1.66066149	     -0.64030446	     -0.28182961	     -2.72204880
      5.56000000	     84.39138083	      2.24932803	      6.87131110	     22.34161874	    292.89363662	   -107.34300850	     41.03873943	     -1.11182634	     24.05928681	     28.05557656	     17.56893129	     -9.60083150	     -2.93351641	      2.84253753	     -1.74424489	     -0.24779091	     -0.25551086	     -2.89780803
      5.57000000	     86.32608142	      4.43668152	      7.64608798	     20.89398669	    298.56642918	   -108.45356151	     39.63278438	     -1.84258709	     25.12430695	     31.81648681	     19.51526076	    -11.12812323	     -2.93349030	      2.08577585	     -1.85065825	      0.17146001	     -0.24804103	     -3.11838680
      5.58000000	     88.60480261	      7.38098088	      8.38811224	     17.66998087	    304.36211291	   -108.77690013	     38.57028626	     -2.48462102	     25.85636338	     35.97234796	     21.31763680	    -12.83885444	     -3.14385435	      0.99976068	     -1.96799238	      0.61625140	     -0.25688545	     -3.37140533
      5.59000000	     91.14824561	     10.55731810	      8.92360602	     13.48587832	    310.01427564	   -107.91548608	     37.97272710	     -3.07477296	     26.53824035	     40.19788153	     22.82540694	    -14.55239581	     -3.46974615	     -0.32993547	     -2.08374133	      1.07399494	     -0.27843328	     -3.64020237
      5.60000000	     93.79580692	     13.41664900	      9.06280812	      9.20296179	    315.13492123	   -105.46626227	     37.90407563	     -3.65259289	     27.44589507	     44.11305468	     23.89008808	    -16.09178384	     -3.80496206	     -1.79646886	     -2.18536130	      1.52242779	     -0.30856171	     -3.90372522
      5.61000000	     96.33014312	     15.38829803	      8.62774062	      5.75228746	    319.27472425	   -101.03318000	     38.36332152	     -4.25144544	     28.82741948	     47.31727754	     24.38668939	    -17.26103644	     -4.03989143	     -3.27105154	     -2.26010290	      1.93411977	     -0.34408532	     -4.13764887
      5.62000000	     98.52232540	     15.89070275	      7.48529368	      4.13964354	    322.01904369	    -94.24200302	     39.28204126	     -4.89145103	     30.88562062	     49.43899296	     24.24039874	    -17.82735656	     -4.06972137	     -4.60550113	     -2.29545349	      2.28070404	     -0.38301663	     -4.31593816
      5.63000000	    100.17996111	     14.37754129	      5.57932441	      5.38114549	    323.07758022	    -84.77430556	     40.52552973	     -5.57503483	     33.75448336	     50.19508509	     23.45021994	    -17.52722098	     -3.80552736	     -5.64248743	     -2.28112338	      2.53531078	     -0.42342816	     -4.41249482
      5.64000000	    101.16939821	     10.43403020	      2.95792720	     10.32936834	    322.30659554	    -72.44150156	     41.89372063	     -6.28353952	     37.46071645	     49.44513255	     22.09915117	    -16.10805515	     -3.18725893	     -6.23291221	     -2.21021479	      2.67661213	     -0.46323727	     -4.40369242
      5.65000000	    101.41008863	      3.88620941	     -0.21695418	     19.45769784	    319.66998318	    -57.28974513	     43.13004532	     -6.97724392	     41.89015137	     47.22195958	     20.34213774	    -13.39154929	     -2.19403149	     -6.25480980	     -2.07928087	      2.69555094	     -0.50115520	     -4.27379000
      5.66000000	    100.86608256	     -5.13263720	     -3.68960899	     32.73063334	    315.20537114	    -39.65487124	     43.95178654	     -7.60237344	     46.78938358	     43.72929021	     18.37340933	     -9.33045156	     -0.84961408	     -5.63386035	     -1.88981382	      2.59673915	     -0.53570819	     -4.01852024
      5.67000000	     99.54147258	    -16.18798353	     -7.15483582	     49.60194848	    309.01397359	    -20.15853548	     44.09493730	     -8.10208434	     51.80787170	     39.30562671	     16.38395152	     -4.03522792	      0.78156164	     -4.35614143	     -1.64933236	      2.39646518	     -0.56439576	     -3.64640123
      5.68000000	     97.46944958	    -28.58365070	    -10.30750515	     69.04887294	    301.24601717	      0.33163529	     43.35805477	     -8.42671983	     56.54649399	     34.36887326	     14.52350436	      2.22369672	      2.60306727	     -2.47216414	     -1.36972572	      2.12160803	     -0.58518930	     -3.17885839
      5.69000000	     94.69216365	    -41.40045137	    -12.88078045	     89.60004985	    292.07940498	     20.79199760	     41.63436558	     -8.54077332	     60.58763080	     29.35968354	     12.87997555	      9.02676529	      4.49161083	     -0.10068923	     -1.06634596	      1.80375098	     -0.59586193	     -2.64713771
      5.70000000	     91.24635721	    -53.55282456	    -14.66732759	    109.38798121	    281.71081026	     40.14339143	     38.92745415	     -8.42493093	     63.51756435	     24.69421849	     11.48228322	     15.83628744	      6.30384062	      2.57683253	     -0.75643185	      1.47481730	     -0.59373166	     -2.08966921
      5.71000000	     84.22822250	    -76.34464335	    -16.57932726	    152.43364901	    262.35706768	     76.80069369	     31.17577253	     -7.59836295	     69.69738450	     17.81326562	      9.32751469	     27.13531746	     10.88279734	      6.50779423	      0.36549995	      0.18675305	     -0.40985461	      0.02440089
      5.72000000	     80.25823744	    -80.58709100	    -16.14647521	    157.63865779	    252.41914297	     85.13370868	     27.99207025	     -7.16213742	     68.13078887	     15.53007716	      8.61376491	     30.85539958	     11.30545671	      8.84278589	      0.40440311	      0.23044922	     -0.40700479	      0.01649115
      5.73000000	     75.81870433	    -81.20322752	    -14.77075471	    156.31350832	    242.06108094	     90.87133967	     24.33552331	     -6.47836360	     64.67793748	     14.42642458	      8.11546846	     32.98236604	     11.31623819	     10.75053080	      0.43284579	      0.26217545	     -0.39150294	      0.01212432
      5.74000000	     71.04649708	    -77.82568593	    -12.55465789	    147.58481676	    231.71107985	     93.84100411	     20.43012167	     -5.54282705	     59.41012935	     14.55431882	      7.85666921	     33.23551991	     10.89070589	     12.04340393	      0.44805845	      0.27867053	     -0.36269671	      0.01133839
      5.75000000	     66.15658301	    -70.53117362	     -9.68433228	    131.39996765	    221.92465774	     94.01050231	     16.49816024	     -4.37266170	     52.61031795	     15.86704317	      7.87933790	     31.53281566	     10.06372531	     12.59950127	      0.44874450	      0.27831074	     -0.32123756	      0.01392069
      5.76000000	     61.42790696	    -59.86933559	     -6.42443009	    108.63707692	    213.33317680	     91.45264372	     12.73976389	     -3.01890527	     44.76948964	     18.22345958	      8.22183705	     28.00499769	      8.93202592	     12.37743132	      0.43549112	      0.26129786	     -0.26919008	      0.01945476
      5.77000000	     57.16043848	    -46.80191221	     -3.09434025	     81.03269869	    206.54060871	     86.31937567	      9.32124055	     -1.57281358	     36.53342948	     21.39820508	      8.89296824	     22.97391896	      7.64280468	     11.41805364	      0.41080883	      0.22953729	     -0.20983847	      0.02736626
      5.78000000	     53.62001048	    -32.56771826	     -0.02856760	     50.94966818	    202.00449275	     78.83833630	      6.37555067	     -0.16057380	     28.61116886	     25.09706762	      9.85116136	     16.90497477	      6.37052504	      9.83497762	      0.37876660	      0.18628565	     -0.14723148	      0.03695885
      5.79000000	     50.99696966	    -18.51546036	      2.46745330	     21.06429791	    199.95503272	     69.32956609	      4.01506350	      1.07405849	     21.67410187	     28.97727315	     10.99559441	     10.35119166	      5.28873666	      7.79881639	      0.34433820	      0.13571859	     -0.08562513	      0.04743635
      5.80000000	     49.38684122	     -5.93081181	      4.15873609	     -5.97690384	    200.36884690	     58.22122250	      2.34615215	      1.99734434	     16.26372378	     32.67479418	     12.17269912	      3.89592444	      4.54264069	      5.51715919	      0.31259146	      0.08245800	     -0.02896906	      0.05792951
      5.81000000	     48.78822020	      4.12954673	      4.91497563	    -27.90677279	    202.98557625	     46.04207134	      1.47344640	      2.51821876	     12.71624798	     35.83988486	     13.19817729	     -1.90684089	      4.22597979	      3.21016869	      0.28784170	      0.03103113	      0.01946490	      0.06754988
      5.82000000	     49.11301197	     10.97814789	      4.73201445	    -43.15354800	    207.35431853	     33.38308490	      1.48845403	      2.61668423	     11.11403509	     38.17842291	     13.89081292	     -6.59268252	      4.36555215	      1.08348308	      0.27290659	     -0.01468353	      0.05729688	      0.07547713
      5.83000000	     50.20488753	     14.38547950	      3.73480699	    -51.06423994	    212.89868989	     20.83644133	      2.44517861	      2.35760009	     11.27440845	     39.49228616	     14.11012283	     -9.83995528	      4.91639413	     -0.69751745	      0.26861553	     -0.05190750	      0.08313322	      0.08106502
      5.84000000	     51.86319666	     14.59298308	      2.15798653	    -51.97386986	    218.99233693	      8.93026913	      4.33277324	      1.88281788	     12.78277105	     39.70897978	     13.78693285	    -11.50479956	      5.76944899	     -2.02670017	      0.27371348	     -0.07922361	      0.09653255	      0.08393660
      5.85000000	     53.86768821	     12.24385194	      0.30602954	    -47.09414112	    225.03265424	     -1.92305402	      7.05643270	      1.38209528	     15.06545151	     38.89179605	     12.93732006	    -11.62945966	      6.77062904	     -2.86532116	      0.28517995	     -0.09659026	      0.09788154	      0.08404391
      5.86000000	     55.99838709	      8.24798311	     -1.49859818	    -38.24558988	    230.49822322	    -11.45553750	     10.43412615	      1.05121086	     17.48596379	     37.22592954	     11.65558914	    -10.42167097	      7.74689288	     -3.23816388	      0.29885925	     -0.10509123	      0.08828088	      0.08167573
      5.87000000	     58.04957561	      3.61175260	     -2.96815820	    -27.49420748	    234.98491848	    -19.54844111	     14.21280713	      1.04999216	     19.44399198	     34.98177891	     10.08858993	     -8.20824600	      8.53309258	     -3.21932715	      0.31024174	     -0.10651673	      0.06944029	      0.07740049
      5.88000000	     59.83941106	     -0.72793926	     -3.89158654	    -16.78081664	    238.22193456	    -26.21805768	     18.10125103	      1.47249482	     20.45576998	     32.46351740	      8.40000666	     -5.37248627	      8.99302856	     -2.91191545	      0.31518344	     -0.10293630	      0.04352987	      0.07194968
      5.89000000	     61.21707066	     -4.02854465	     -4.15749279	     -7.63292308	    240.07107817	    -31.58767076	     21.81088459	      2.33616345	     20.20030007	     29.95584191	      6.73616085	     -2.28992696	      9.03023316	     -2.42704567	      0.31039740	     -0.09637948	      0.01298982	      0.06607351
      5.90000000	     62.06918475	     -5.80785948	     -3.75662022	     -1.01017271	    240.51412460	    -35.84952679	     25.09417624	      3.58923260	     18.52850825	     27.68139873	      5.20238329	      0.72507764	      8.58824401	     -1.86621240	      0.29368128	     -0.08865637	     -0.01968193	      0.06040687
      5.91000000	     62.32486425	     -5.85604394	     -2.76722397	      2.71795931	    239.63109633	    -39.22212483	     27.77126927	      5.13030683	     15.44360741	     25.77621348	      3.85329448	      3.45601121	      7.64394093	     -1.30858172	      0.26390061	     -0.08125268	     -0.05211549	      0.05537594
      5.92000000	     61.95790716	     -4.20990618	     -1.32961161	      3.69551731	    237.57294640	    -41.91081797	     29.74063897	      6.83255584	     11.06608938	     24.28462164	      2.69533979	      5.80235994	      6.19899115	     -0.80336875	      0.22080485	     -0.07522772	     -0.08218453	      0.05116150
      5.93000000	     60.98710423	     -1.10516148	      0.38300143	      2.44446671	    234.53635305	    -44.07911176	     30.97629579	      8.56645036	      5.59631914	     23.17135767	      1.69745454	      7.77863217	      4.27359262	     -0.36721525	      0.16483075	     -0.07113777	     -0.10808097	      0.04771503
      5.94000000	     59.47676916	      3.08281459	      2.19164619	     -0.29597555	    230.74906569	    -45.83446365	     31.51745419	     10.21780648	     -0.71719799	     22.34630317	      0.80537428	      9.49494530	      1.90434832	      0.01355997	      0.09700904	     -0.06905360	     -0.12838549	      0.04481375
      5.95000000	     57.53878372	      7.90096410	      3.93356915	     -3.72449035	    226.47054958	    -47.22795275	     31.45629724	     11.70034229	     -7.60059184	     21.69571470	     -0.04427216	     11.12362809	     -0.85413698	      0.37659833	      0.01899215	     -0.06868760	     -0.14213126	      0.04213755
      5.96000000	     55.33624720	     12.87090084	      5.47798114	     -7.09340822	    222.00789016	    -48.26269790	     30.92756145	     12.96331082	    -14.76678398	     21.11267119	     -0.91300855	     12.86142485	     -3.92538852	      0.77504912	     -0.06684446	     -0.06953038	     -0.14885746	      0.03934810
      5.97000000	     53.08623864	     17.52791619	      6.73637708	     -9.77567341	    217.73874493	    -48.90353888	     30.10093034	     13.99511769	    -21.92038509	     20.52128715	     -1.85339374	     14.89417561	     -7.20789896	      1.26837824	     -0.15733191	     -0.07089323	     -0.14865278	      0.03615937
      5.98000000	     51.05605139	     21.46013530	      7.66857182	    -11.31408783	    214.12444850	    -49.08286496	     29.17443412	     14.82310990	    -28.76554601	     19.89255520	     -2.90381737	     17.36216849	    -10.57705960	      1.91153914	     -0.24858883	     -0.07193395	     -0.14217312	      0.03239853
      5.99000000	     49.54790141	     24.35463096	      8.28337393	    -11.47253946	    211.69733423	    -48.70175804	     28.36503394	     15.50819410	    -35.02250916	     19.25081640	     -4.08339608	     20.32643630	    -13.89389225	      2.74268949	     -0.33628424	     -0.07178689	     -0.13060659	      0.02804881
      6.00000000	     48.87032015	     26.03899797	      8.63111950	    -10.27317793	    211.01444191	    -47.62864965	     27.89219182	     16.13240657	    -40.44877704	     18.67010554	     -5.38694116	     23.74353503	    -17.01791529	      3.77227204	     -0.41601679	     -0.06974846	     -0.11556195	      0.02326358
      6.01000000	     49.29797948	     26.51345080	      8.78830868	     -8.01639154	    212.58044240	    -45.70134664	     27.95424952	     16.78062828	    -44.86141128	     18.26086119	     -6.77984174	     27.45127493	    -19.82144543	      4.97464476	     -0.48378581	     -0.06543176	     -0.09889289	      0.01836010
      6.02000000	     51.02660609	     25.96682949	      8.83769709	     -5.27564954	    216.75431203	    -42.73891929	     28.70239819	     17.52063572	    -48.15459385	     18.14768697	     -8.19373979	     31.16731941	    -22.20228949	      6.28301248	     -0.53650086	     -0.05887519	     -0.08251446	      0.01380072
      6.03000000	     54.13083502	     24.74166864	      8.84566876	     -2.80458401	    223.65560549	    -38.56466774	     30.21518194	     18.38371237	    -50.29503039	     18.43966903	     -9.52836138	     34.51623240	    -24.08791924	      7.59299776	     -0.57226894	     -0.05053714	     -0.06823622	      0.01014092
      6.04000000	     58.52994667	     23.24530121	      8.84118423	     -1.35604875	    233.08345256	    -33.04077769	     32.47522539	     19.34883975	    -51.29391799	     19.20060236	    -10.66295468	     37.08666293	    -25.42996271	      8.77640840	     -0.59035114	     -0.04116000	     -0.05759948	      0.00794346
      6.05000000	     63.96850727	     21.86877310	      8.80608921	     -1.53288874	    244.47037779	    -26.11630202	     35.35515354	     20.33842321	    -51.18312449	     20.43012645	    -11.47287192	     38.48957862	    -26.19867497	      9.69720071	     -0.59106522	     -0.03164478	     -0.05171583	      0.00770090
      6.06000000	     70.02159567	     20.93391869	      8.68129589	     -3.70547729	    256.89555072	    -17.87820131	     38.61901076	     21.22948440	    -50.00365425	     22.06001200	    -11.84847078	     38.40563632	    -26.38053117	     10.22676761	     -0.57569577	     -0.02295906	     -0.05110313	      0.00977537
      6.07000000	     76.12949389	     20.62581697	      8.38405012	     -7.91078321	    269.16674731	     -8.58676684	     41.93925434	     21.87603327	    -47.78614278	     23.96323289	    -11.71814280	     36.63790151	    -25.97191357	     10.26414278	     -0.54615598	     -0.01595486	     -0.05559732	      0.01433265
      6.08000000	     81.66059066	     20.91775124	      7.83010816	    -13.74302529	    279.96539462	      1.31178064	     44.92853891	     22.13798718	    -44.52663545	     25.97524196	    -11.07062054	     33.16434098	    -24.96985686	      9.75917704	     -0.50447220	     -0.01111657	     -0.06447528	      0.02128291
      6.09000000	     85.99674983	     21.54762640	      6.95527199	    -20.34398244	    288.03803132	     11.19231823	     47.18546852	     21.91258860	    -40.18484772	     27.92663598	     -9.96570114	     28.16210527	    -23.36889700	      8.72856945	     -0.45243957	     -0.00835477	     -0.07672545	      0.03024832
      6.10000000	     88.62969895	     22.07012650	      5.73064783	    -26.53853589	    292.40529105	     20.28011143	     48.35011812	     21.16137267	    -34.71387133	     29.67985652	     -8.52691314	     21.98993166	    -21.16715045	      7.25820663	     -0.39156873	     -0.00691155	     -0.09126404	      0.04056163
      6.11000000	     89.25074354	     21.96763723	      4.16879589	    -31.08671493	    292.54882648	     27.71307715	     48.16154971	     19.92489259	    -28.10769444	     31.15883564	     -6.91649430	     15.13107448	    -18.37805472	      5.49045117	     -0.32322529	     -0.00545690	     -0.10703275	      0.05132478
      6.12000000	     87.81173030	     20.79272353	      2.32167204	    -33.00183630	    288.53017932	     32.64345186	     46.50613381	     18.31969089	    -20.44914317	     32.36270513	     -5.29902344	      8.10559403	    -15.04337747	      3.59805980	     -0.24885897	     -0.00244221	     -0.12301996	      0.06155438
      6.13000000	     84.53761868	     18.30244159	      0.27319755	    -31.84898106	    281.00145835	     34.37037333	     43.44449994	     16.51659554	    -11.94151142	     33.35881902	     -3.80597784	      1.37325501	    -11.24328194	      1.75134756	     -0.17022570	      0.00336953	     -0.13823328	      0.07038076
      6.14000000	     79.88362627	     14.53343192	     -1.87104953	    -27.90065854	    271.09218911	     32.48054728	     39.20967699	     14.70591002	     -2.90828913	     34.25519620	     -2.51468025	     -4.74041958	     -7.09974486	      0.08931857	     -0.08950203	      0.01244214	     -0.15167767	      0.07721420
