Coordinates
version=1
nRows=331
nColumns=19
inDegrees=yes

Units are S.I. units (second, meters, Newtons, ...)
If the header above contains a line with 'inDegrees', this indicates whether rotational values are in degrees (yes) or radians (no).

endheader
time	pelvis_to_ground_rx	pelvis_to_ground_ry	pelvis_to_ground_rz	pelvis_to_ground_tx	pelvis_to_ground_ty	pelvis_to_ground_tz	left_hip_abduction	left_hip_rotation	left_hip_flexion	left_knee_flexion	left_ankle_flexion	left_subtalar_angle	right_hip_abduction	right_hip_rotation	right_hip_flexion	right_knee_flexion	right_ankle_flexion	right_subtalar_angle
      0.29000000	     98.72037860	      6.36922652	     -8.01039187	     -1.63555052	     -0.68748334	      0.73535044	    -13.51667227	    -10.07945411	      9.94713451	    -24.21438152	      4.80090109	     -8.36042077	      1.85011853	    -14.14132653	     34.06031691	    -58.16748136	      0.36622964	    -12.70538104
      0.30000000	     98.74027850	      6.89490599	     -7.68592326	     -1.62562348	     -0.68714769	      0.73474761	    -13.55486280	    -10.09700900	      8.82257908	    -24.36661186	      4.79175768	     -8.27742642	      1.57230178	    -13.95147477	     35.42716858	    -56.78673998	      0.37573234	    -12.66621806
      0.31000000	     98.75724350	      7.51535340	     -7.35351777	     -1.61562378	     -0.68690224	      0.73400985	    -13.57597033	    -10.18505543	      7.68605773	    -24.55108447	      4.84351678	     -8.15466702	      1.23427552	    -13.87253389	     36.63185594	    -55.12870942	      0.27788751	    -12.49743324
      0.32000000	     98.80977303	      8.18301270	     -7.01852068	     -1.60547863	     -0.68671120	      0.73315109	    -13.62517004	    -10.31108478	      6.50147260	    -24.69446215	      5.01472722	     -7.92500625	      0.80194935	    -13.88419358	     37.66774343	    -53.22735240	     -0.04338838	    -12.03314180
      0.33000000	     98.77094210	      8.88432974	     -6.70098169	     -1.59516873	     -0.68665009	      0.73220773	    -13.54574009	    -10.21045822	      5.45222938	    -25.02205371	      5.68054276	     -6.92634987	      0.41447393	    -13.86228518	     38.51139082	    -51.04056756	     -0.11667586	    -10.79411517
      0.34000000	     98.72501466	      9.62261183	     -6.36904077	     -1.58461571	     -0.68665874	      0.73118997	    -13.45775902	    -10.33611073	      4.30785569	    -25.28212151	      5.84666360	     -6.80772191	     -0.02560330	    -13.86143657	     39.11271402	    -48.61968230	     -0.66087546	    -10.20071837
      0.35000000	     98.65438542	     10.35500237	     -6.02419026	     -1.57376553	     -0.68673364	      0.73009703	    -13.34530570	    -10.51162852	      3.13239972	    -25.56021522	      6.03591714	     -6.66116568	     -0.49985363	    -13.80638800	     39.46236101	    -46.00538457	     -1.22022147	     -9.54221977
      0.36000000	     98.55719188	     11.11988056	     -5.60897322	     -1.56256022	     -0.68688197	      0.72888591	    -13.21716509	    -10.74413568	      1.89246581	    -25.92565276	      6.17009704	     -6.55001308	     -0.98706566	    -13.79115484	     39.51092100	    -43.27352819	     -1.70278165	     -9.00833856
      0.37000000	     98.41787728	     11.83410221	     -5.20636964	     -1.55097250	     -0.68709230	      0.72759484	    -13.04207701	    -10.93810563	      0.70320536	    -26.39019052	      6.34185723	     -6.43910955	     -1.47792167	    -13.64129958	     39.33171794	    -40.44582400	     -2.44254945	     -8.25489547
      0.38000000	     98.24136872	     12.51174747	     -4.80927396	     -1.53896225	     -0.68737404	      0.72619908	    -12.82435435	    -11.09804637	     -0.41996923	    -27.00631932	      6.47403159	     -6.34076814	     -1.96593188	    -13.37511505	     38.93076794	    -37.60202346	     -3.14462097	     -7.55087208
      0.39000000	     98.02821943	     13.14213704	     -4.40460132	     -1.52651127	     -0.68771203	      0.72468602	    -12.56812189	    -11.20777951	     -1.47746609	    -27.79445965	      6.56422240	     -6.24583577	     -2.44159165	    -12.99224074	     38.31825698	    -34.82010639	     -3.87598923	     -6.85584730
      0.40000000	     97.78078943	     13.70778458	     -4.01010734	     -1.51360209	     -0.68810609	      0.72305121	    -12.26270000	    -11.22063160	     -2.42962672	    -28.77618890	      6.57897975	     -6.17076621	     -2.89982542	    -12.45554594	     37.53485721	    -32.17558162	     -4.49734880	     -6.29254191
      0.41000000	     97.48749654	     14.20465951	     -3.62307209	     -1.50025826	     -0.68855013	      0.72129769	    -11.88900241	    -11.10421133	     -3.25042210	    -29.98250540	      6.51610012	     -6.10315817	     -3.30801795	    -11.77372938	     36.61470199	    -29.73929365	     -5.06713441	     -5.81272059
      0.42000000	     97.13548502	     14.64381584	     -3.27600622	     -1.48649271	     -0.68905220	      0.71945258	    -11.42095508	    -10.87332224	     -3.89338618	    -31.41961027	      6.29752380	     -5.86862056	     -3.60594032	    -11.01356903	     35.63248462	    -27.57096003	     -5.95406493	     -5.25385173
      0.43000000	     96.70516607	     14.97276138	     -2.89921900	     -1.47234921	     -0.68960021	      0.71747082	    -10.79664582	    -10.29755932	     -4.35659661	    -33.13649199	      6.00924639	     -5.74367730	     -3.79944868	    -10.06290455	     34.55745803	    -25.74375234	     -6.27566702	     -5.07872232
      0.44000000	     96.22173538	     15.19379885	     -2.61682295	     -1.45792418	     -0.69019620	      0.71542818	    -10.04684063	     -9.50710954	     -4.53624861	    -35.10448970	      5.70947024	     -5.71082861	     -3.89435741	     -8.89453802	     33.53281299	    -24.27427703	     -6.39617298	     -4.97764589
      0.45000000	     95.61705605	     15.34240004	     -2.35313428	     -1.44323077	     -0.69087883	      0.71333327	     -9.07050711	     -8.42603064	     -4.46024683	    -37.35036977	      5.23609137	     -5.62256028	     -3.75220017	     -7.69436978	     32.54602279	    -23.20196134	     -6.44909550	     -4.97032412
      0.46000000	     94.90178483	     15.42170471	     -2.15222344	     -1.42833981	     -0.69165987	      0.71126878	     -7.89622589	     -7.13268399	     -4.11174878	    -39.82287085	      3.98833064	     -5.03084939	     -3.39257634	     -6.42922998	     31.63448005	    -22.49422910	     -6.35751927	     -5.41797132
      0.47000000	     94.07089701	     15.42221817	     -2.00860471	     -1.41336436	     -0.69253979	      0.70920737	     -6.52733284	     -5.61116354	     -3.46636104	    -42.56346945	      3.12209101	     -4.71789594	     -2.78616262	     -5.15551013	     30.84494712	    -22.18536205	     -6.06049812	     -5.97667802
      0.48000000	     93.11746246	     15.35538477	     -1.90187887	     -1.39835600	     -0.69351492	      0.70723117	     -5.00075542	     -3.95326431	     -2.58589959	    -45.50439476	      2.15529988	     -4.45442373	     -1.92913753	     -3.90459711	     30.14263080	    -22.20906229	     -5.57421998	     -6.55499369
      0.49000000	     92.04928350	     15.23770746	     -1.82832095	     -1.38340216	     -0.69458526	      0.70538419	     -3.35975999	     -2.22471256	     -1.48455440	    -48.62362430	      1.11881858	     -4.25242810	     -0.81924633	     -2.75998947	     29.52255288	    -22.50991934	     -4.93051175	     -7.15724447
      0.50000000	     90.88576940	     15.06943944	     -1.78337524	     -1.36858422	     -0.69572979	      0.70372453	     -1.66468112	     -0.47984211	     -0.18732266	    -51.87872804	      0.07319341	     -4.14208055	      0.51587899	     -1.76405801	     28.96079738	    -23.00620730	     -4.17490067	     -7.73896064
      0.51000000	     89.64658318	     14.86169580	     -1.77228789	     -1.35398426	     -0.69692872	      0.70232537	      0.02041107	      1.20454505	      1.29176161	    -55.22180546	     -0.94032068	     -4.14773383	      2.03890796	     -0.95094202	     28.43018014	    -23.59403584	     -3.34994858	     -8.26798279
      0.52000000	     88.37339564	     14.61385620	     -1.80655003	     -1.33967971	     -0.69814410	      0.70125575	      1.61553558	      2.78916466	      2.94598765	    -58.59854165	     -1.85940247	     -4.28198206	      3.68200041	     -0.33285398	     27.90714595	    -24.17586218	     -2.49818800	     -8.70042818
      0.53000000	     87.09481242	     14.33170553	     -1.90405765	     -1.32573503	     -0.69935039	      0.70059190	      3.05964746	      4.23206592	      4.78127860	    -61.95346956	     -2.63944408	     -4.55254016	      5.38886760	      0.09035162	     27.37359484	    -24.64903230	     -1.65628548	     -9.00327336
      0.54000000	     85.85300227	     14.01606409	     -2.07603628	     -1.31219636	     -0.70051335	      0.70039065	      4.28771519	      5.51666064	      6.79483982	    -65.22568799	     -3.24493923	     -4.96509260	      7.08743150	      0.33673499	     26.81009394	    -24.93659831	     -0.84971899	     -9.14307332
      0.55000000	     84.64347665	     13.68743065	     -2.23300025	     -1.29906207	     -0.70163180	      0.70067614	      5.31335552	      6.61876901	      8.89102559	    -68.36179445	     -3.39326878	     -5.19312993	      8.75856247	      0.41127967	     26.09395551	    -24.95257329	     -0.60969849	     -9.16717250
      0.56000000	     83.60167017	     13.27702892	     -2.54696228	     -1.28638782	     -0.70260856	      0.70146750	      5.96854190	      7.61225121	     11.19702101	    -71.27375879	     -3.84291963	     -6.16289708	     10.23215665	      0.44252143	     25.40452820	    -24.75114975	      0.66581522	     -8.87472823
      0.57000000	     82.68568971	     12.86556601	     -2.93342409	     -1.27412939	     -0.70348696	      0.70277575	      6.31623013	      8.40708795	     13.64810230	    -73.93663863	     -3.75775529	     -6.90124735	     11.54753253	      0.36968743	     24.63396338	    -24.24232667	      1.07155321	     -8.28538021
      0.58000000	     81.92340519	     12.40780247	     -3.33559576	     -1.26223274	     -0.70424984	      0.70454819	      6.37086526	      9.09079927	     16.15165649	    -76.28006902	     -3.65604816	     -7.13212632	     12.63926499	      0.36465229	     23.70547303	    -23.42582375	      1.24418300	     -8.21205434
      0.59000000	     81.37231248	     11.95368185	     -3.80815876	     -1.25070519	     -0.70486806	      0.70668812	      6.06238537	      9.54515792	     18.74702413	    -78.27760335	     -3.15132600	     -7.72161830	     13.47754194	      0.29688934	     22.75352588	    -22.44469763	      1.51650750	     -7.90845151
      0.60000000	     80.96316080	     11.40704026	     -4.17590241	     -1.23942398	     -0.70537111	      0.70914093	      5.55921772	      9.95756336	     21.21370033	    -79.86557505	     -2.83068866	     -8.07500441	     14.07200724	      0.52773322	     21.52133932	    -21.19653026	      1.62345561	     -7.69576655
      0.61000000	     80.78004643	     10.85676678	     -4.56770589	     -1.22840981	     -0.70568348	      0.71178421	      4.74987545	     10.16018663	     23.66977803	    -81.03821224	     -2.17470857	     -9.34055095	     14.42245421	      0.62530568	     20.29643436	    -19.92989307	      2.09369327	     -6.63248151
      0.62000000	     80.77202850	     10.24579643	     -4.94766801	     -1.21760274	     -0.70584059	      0.71457547	      3.73733186	     10.28749260	     26.06638045	    -81.78479672	     -1.52824268	     -9.85819089	     14.50510165	      1.02236950	     18.97080935	    -18.54711839	      2.04642022	     -6.43209048
      0.63000000	     80.88664494	      9.55905008	     -5.19273734	     -1.20693550	     -0.70585816	      0.71738887	      2.63360359	     10.37395236	     28.25330375	    -82.10437516	     -1.06574822	    -10.25644126	     14.39334355	      1.71793873	     17.45268907	    -17.11728581	      2.02047524	     -6.24396301
      0.64000000	     81.21004980	      8.85647691	     -5.49397834	     -1.19644395	     -0.70563386	      0.72016690	      1.31272466	     10.25827874	     30.39677464	    -81.99451808	     -0.02964079	    -11.26594331	     14.05092232	      2.37037787	     16.06601686	    -15.83586453	      1.85738566	     -5.99248788
      0.65000000	     81.56734253	      8.05075745	     -5.60089916	     -1.18602873	     -0.70526896	      0.72278262	      0.05279252	     10.22365955	     32.26901117	    -81.50855681	      0.33532822	    -11.67239241	     13.62436229	      3.36195644	     14.48071581	    -14.59518153	      1.82392609	     -5.81788670
      0.66000000	     82.03927537	      7.23228630	     -5.75689347	     -1.17574870	     -0.70467684	      0.72521364	     -1.27228118	     10.01308600	     34.08834390	    -80.64307058	      0.72405158	    -13.54156209	     13.07362748	      4.29651776	     13.07026799	    -13.56590626	      1.54765059	     -5.82826540
      0.67000000	     82.51992077	      6.32316689	     -5.81303646	     -1.16553396	     -0.70390898	      0.72736822	     -2.51551371	      9.90618975	     35.74662610	    -79.47392496	      1.05057858	    -13.82104627	     12.50043158	      5.37108330	     11.64697683	    -12.71048049	      1.52461347	     -5.66341201
      0.68000000	     83.01523213	      5.41253359	     -5.88346911	     -1.15539099	     -0.70296028	      0.72921716	     -3.67897137	      9.68913189	     37.33731174	    -78.01144736	      1.77018388	    -14.68823048	     11.91608921	      6.30900637	     10.38165267	    -12.07639701	      1.39818883	     -5.54030932
      0.69000000	     83.44594243	      4.44076392	     -5.85689459	     -1.14526979	     -0.70186731	      0.73070948	     -4.66165114	      9.56683836	     38.77224555	    -76.30377869	      1.94507828	    -14.93335282	     11.39757035	      7.30074164	      9.10835794	    -11.59769330	      1.38784524	     -5.40320188
      0.70000000	     83.82648102	      3.46041356	     -5.84208744	     -1.13516984	     -0.70063676	      0.73183073	     -5.48342151	      9.42018039	     40.14700784	    -74.36793561	      2.16566585	    -15.22352608	     10.93185494	      8.16223558	      7.97145084	    -11.30948183	      1.38045382	     -5.26944164
      0.71000000	     84.12587941	      2.48055365	     -5.80274660	     -1.12504964	     -0.69929730	      0.73255566	     -6.09901245	      9.27202624	     41.41782241	    -72.23103134	      2.34759328	    -15.48369961	     10.55279003	      8.88947695	      6.90689821	    -11.16951723	      1.39700900	     -5.13295473
      0.72000000	     84.33282769	      1.50762842	     -5.74107172	     -1.11487513	     -0.69788016	      0.73287057	     -6.49766424	      9.14908988	     42.57951838	    -69.91606130	      2.44559117	    -15.64426335	     10.27084722	      9.49174149	      5.89892217	    -11.15763393	      1.45110507	     -4.99372979
      0.73000000	     84.44490356	      0.55459276	     -5.67833165	     -1.10460086	     -0.69640740	      0.73278645	     -6.67859979	      9.03796471	     43.63051212	    -67.43459498	      2.45536193	    -15.68980971	     10.08509801	      9.99661466	      4.93945837	    -11.23439771	      1.55478801	     -4.84772407
      0.74000000	     84.46301618	     -0.36851924	     -5.61917194	     -1.09419106	     -0.69491915	      0.73230947	     -6.64607360	      8.94320924	     44.55727950	    -64.80584112	      2.35766847	    -15.59407802	      9.99710564	     10.44664907	      4.00796331	    -11.37297466	      1.73814200	     -4.67962489
      0.75000000	     84.39552208	     -1.25259965	     -5.55314672	     -1.08358046	     -0.69343294	      0.73145563	     -6.41652477	      8.87394308	     45.32578722	    -62.04926741	      2.13213625	    -15.30957766	     10.00222250	     10.85842591	      3.06787924	    -11.54871385	      2.02639851	     -4.48933401
      0.76000000	     84.28727948	     -2.08435480	     -5.43992159	     -1.07274652	     -0.69196113	      0.73020304	     -6.04119249	      8.81270119	     45.87567805	    -59.19634139	      1.61585858	    -14.48126044	     10.05641168	     11.08652289	      2.13448921	    -11.87419963	      2.71362599	     -4.11022652
      0.77000000	     84.10763174	     -2.83786334	     -5.34562542	     -1.06159527	     -0.69054313	      0.72863982	     -5.49533008	      8.71069871	     46.25260438	    -56.28315355	      1.40436520	    -13.56095544	     10.19569397	     11.37326132	      1.15833000	    -12.16249611	      3.34239478	     -3.66921200
      0.78000000	     83.90228943	     -3.54357499	     -5.21922314	     -1.05010737	     -0.68918169	      0.72675922	     -4.84609107	      8.62315243	     46.40827479	    -53.36482946	      1.13203171	    -12.76196202	     10.38135303	     11.70376542	      0.12997663	    -12.51108370	      3.82845354	     -3.48989681
      0.79000000	     83.68759836	     -4.18646581	     -5.09556833	     -1.03823848	     -0.68787931	      0.72461465	     -4.13414870	      8.52209284	     46.38493970	    -50.50994969	      0.99487375	    -11.70641955	     10.59893893	     12.10036459	     -0.91842938	    -12.92556480	      4.39734974	     -3.20866065
      0.80000000	     83.49677999	     -4.73444727	     -4.83953689	     -1.02595006	     -0.68666021	      0.72220176	     -3.37591131	      8.35794603	     46.05328158	    -47.79861654	      0.61812229	    -11.21976894	     10.83815784	     12.40233851	     -2.09377154	    -13.45245494	      4.74579386	     -3.25993921
      0.81000000	     83.35496505	     -5.19553471	     -4.61895532	     -1.01326939	     -0.68549911	      0.71962690	     -2.63786720	      8.09314161	     45.60596597	    -45.29175052	      0.20047200	    -10.67767231	     11.04401857	     12.71224699	     -3.20270392	    -14.11981932	      5.16653649	     -3.32040431
      0.82000000	     83.29560768	     -5.56717356	     -4.39388122	     -1.00020742	     -0.68438806	      0.71691943	     -1.97606945	      7.73093483	     45.04384887	    -43.08208704	     -0.15281495	    -10.19190166	     11.18129044	     12.94114808	     -4.23221858	    -15.00803922	      5.57548679	     -3.36642252
      0.83000000	     83.34593872	     -5.84805308	     -4.18234780	     -0.98678695	     -0.68331032	      0.71415744	     -1.44189671	      7.26402986	     44.41675448	    -41.23341185	     -0.39422917	     -9.84858744	     11.21130562	     13.06647231	     -5.13675918	    -16.13657594	      5.90507360	     -3.39098839
      0.84000000	     83.51714453	     -6.02166873	     -4.02877714	     -0.97307369	     -0.68226251	      0.71141336	     -1.04685279	      6.62641696	     43.79396600	    -39.79288720	     -0.48324719	     -9.68891430	     11.11137607	     13.06921341	     -5.83508322	    -17.53716626	      6.05320482	     -3.41538877
      0.85000000	     83.85777470	     -6.10383384	     -3.84384519	     -0.95909165	     -0.68122595	      0.70872457	     -0.90495735	      5.94143363	     43.14069036	    -38.81231414	     -0.53010269	     -9.63188255	     10.82596792	     12.84812522	     -6.37438414	    -19.25435268	      6.15733454	     -3.44865341
      0.86000000	     84.36327630	     -6.08248728	     -3.66461826	     -0.94491955	     -0.68017651	      0.70615029	     -0.98657268	      5.11552204	     42.48865136	    -38.28043664	     -0.53470823	    -10.31374423	     10.33748591	     12.36030444	     -6.68759053	    -21.29936866	      6.41380815	     -3.10813516
      0.87000000	     85.04284669	     -5.94948091	     -3.58399494	     -0.93063268	     -0.67909764	      0.70377405	     -1.33079782	      4.15490651	     41.94221733	    -38.16646797	     -0.41818450	    -10.63179354	      9.61029633	     11.61110073	     -6.66537679	    -23.64693304	      6.11943299	     -3.05270162
      0.88000000	     85.86631136	     -5.70302424	     -3.46539666	     -0.91627494	     -0.67799786	      0.70155616	     -1.96172479	      3.20568913	     41.41695086	    -38.51017607	     -0.21808845	    -10.90875745	      8.68886031	     10.50531801	     -6.44554738	    -26.28817201	      5.82522835	     -3.09197918
      0.89000000	     86.87171108	     -5.40596832	     -3.40693795	     -0.90188915	     -0.67679650	      0.69963901	     -2.87334813	      2.22066084	     40.91435454	    -39.11698840	      0.42215626	    -11.88190662	      7.52993794	      9.20130889	     -5.95184253	    -29.16508583	      4.88711492	     -2.91796218
      0.90000000	     87.98503782	     -4.98755300	     -3.31701792	     -0.88755642	     -0.67556992	      0.69798318	     -4.00205199	      1.22207220	     40.35881989	    -39.96112103	      0.86121316	    -12.77802628	      6.23336950	      7.58100361	     -5.29815739	    -32.22485668	      3.90682381	     -2.94874046
      0.91000000	     89.18641904	     -4.47981481	     -3.24955788	     -0.87333488	     -0.67429860	      0.69665180	     -5.32575972	      0.27009496	     39.76827019	    -40.92402948	      1.37708053	    -13.54914108	      4.82459869	      5.72230055	     -4.45047144	    -35.41848820	      2.76994373	     -3.06542474
      0.92000000	     90.44629496	     -3.89613328	     -3.19826036	     -0.85927104	     -0.67299022	      0.69569548	     -6.79839348	     -0.59256015	     39.09739338	    -41.88574525	      1.97738038	    -14.24598557	      3.35822952	      3.68594779	     -3.44731656	    -38.68131554	      1.43092348	     -3.31217505
      0.93000000	     91.72818949	     -3.24987459	     -3.16732474	     -0.84542865	     -0.67165514	      0.69516408	     -8.35147023	     -1.35789235	     38.31259364	    -42.73084540	      2.60229497	    -14.79099387	      1.89286899	      1.52933205	     -2.30441919	    -41.95638994	      0.00005133	     -3.72881246
      0.94000000	     92.99342157	     -2.54369292	     -3.17561037	     -0.83185022	     -0.67032395	      0.69509940	     -9.91594629	     -2.02143345	     37.41104571	    -43.37253129	      3.14995527	    -15.10463155	      0.49878494	     -0.67640960	     -1.03011910	    -45.16980317	     -1.81802578	     -5.23528109
      0.95000000	     94.21331291	     -1.82512757	     -3.33753639	     -0.81859701	     -0.66898219	      0.69555704	    -11.42958877	     -2.58099346	     36.49848947	    -43.73183057	      3.78604117	    -15.31704577	     -0.78987901	     -2.92063346	      0.52698760	    -48.33179858	     -2.96913504	     -5.43950442
      0.96000000	     95.35462961	     -1.08789491	     -3.53237458	     -0.80565420	     -0.66767697	      0.69651103	    -12.84187982	     -3.01657119	     35.45702899	    -43.78972379	      4.47082781	    -15.32592118	     -1.89804447	     -5.11516201	      2.19977310	    -51.34245233	     -4.28048690	     -6.17554927
      0.97000000	     96.39325306	     -0.36224244	     -3.83863692	     -0.79305398	     -0.66641762	      0.69797810	    -14.09719107	     -3.37316357	     34.37175718	    -43.51756175	      5.03969828	    -15.00871301	     -2.77378352	     -7.19200423	      4.08388905	    -54.17213595	     -5.42835252	     -7.30908392
      0.98000000	     97.31771779	      0.37055657	     -4.08195702	     -0.78074643	     -0.66521220	      0.69987316	    -15.17140214	     -3.68039855	     33.06828371	    -42.91881104	      5.16109134	    -14.89838992	     -3.43840525	     -9.19549602	      5.98669447	    -56.79038931	     -5.61231591	     -7.58115569
      0.99000000	     98.09034529	      1.02921976	     -4.42460774	     -0.76875497	     -0.66406515	      0.70219095	    -16.04594878	     -3.83580651	     31.78779664	    -42.06511090	      5.83826319	    -14.08372715	     -3.80092767	    -10.92010906	      8.09250477	    -59.14316358	     -6.66925405	     -8.97777856
      1.00000000	     98.71404925	      1.66946370	     -4.75238371	     -0.75703171	     -0.66299654	      0.70483785	    -16.67791959	     -4.05625970	     30.38187178	    -40.93972524	      5.88591627	    -13.92571435	     -3.90674521	    -12.47614276	     10.26952957	    -61.22707968	     -6.65305969	     -9.17109840
      1.01000000	     99.18716323	      2.24152013	     -5.06657214	     -0.74555275	     -0.66200314	      0.70774890	    -17.09247950	     -4.27321858	     28.90141128	    -39.60670081	      5.91700652	    -13.70011616	     -3.76043334	    -13.72911663	     12.51074322	    -63.00578582	     -6.57891294	     -9.40229030
      1.02000000	     99.49809540	      2.77612481	     -5.33204252	     -0.73427074	     -0.66111192	      0.71082397	    -17.28800282	     -4.52556106	     27.34365711	    -38.14147588	      5.91468945	    -13.43220347	     -3.38196052	    -14.68921506	     14.74550626	    -64.45320687	     -6.43175248	     -9.64240512
      1.03000000	     99.64312780	      3.27345759	     -5.63028651	     -0.72321081	     -0.66036329	      0.71395095	    -17.28539416	     -4.75653846	     25.87581384	    -36.67845710	      5.79563499	    -12.80051861	     -2.76903377	    -15.34979204	     17.06029432	    -65.58231026	     -5.98328255	    -10.12636006
      1.04000000	     99.65377435	      3.76755384	     -5.72775874	     -0.71226906	     -0.65971661	      0.71706532	    -17.09752170	     -5.18501936	     24.17532063	    -35.15036754	      5.76572336	    -12.41397169	     -2.06825215	    -15.72434472	     19.13472836	    -66.35976740	     -5.70445197	    -10.36703724
      1.05000000	     99.61119955	      4.22981915	     -5.75614154	     -0.70147749	     -0.65914882	      0.72003542	    -16.85282014	     -5.66777420	     22.45532073	    -33.66871554	      5.72310874	    -12.14034708	     -1.37400427	    -15.84798455	     21.12700253	    -66.85885083	     -5.45111977	    -10.55133592
      1.06000000	     99.42509328	      4.70879358	     -5.75161618	     -0.69082861	     -0.65876197	      0.72286026	    -16.44830283	     -6.28108977	     20.78455642	    -32.30835754	      5.62129277	    -11.83625541	     -0.58222774	    -15.69927116	     23.02645916	    -67.02597622	     -5.08539872	    -10.78975161
      1.07000000	     99.17194116	      5.17992579	     -5.73293100	     -0.68032009	     -0.65852015	      0.72543389	    -15.99518418	     -6.84590330	     19.23392831	    -31.13866726	      5.34771890	    -11.38570558	      0.18826138	    -15.29678869	     24.85115241	    -66.91672665	     -4.33638976	    -11.26115865
      1.08000000	     98.89250657	      5.71866824	     -5.54063878	     -0.66989635	     -0.65839011	      0.72769175	    -15.53733212	     -7.55675068	     17.57091387	    -30.11912714	      5.31047865	    -11.18287236	      0.82062826	    -14.81115436	     26.39845900	    -66.54285825	     -4.10756473	    -11.41296514
      1.09000000	     98.61373634	      6.28863400	     -5.38497918	     -0.65960378	     -0.65838573	      0.72962640	    -15.09811233	     -8.28013206	     16.06537381	    -29.29999656	      5.22840489	    -10.97631457	      1.33557156	    -14.19472221	     27.90704689	    -65.93280613	     -3.77438507	    -11.65558704
      1.10000000	     98.34946514	      6.91300356	     -5.19533507	     -0.64942189	     -0.65850335	      0.73118912	    -14.70106412	     -8.95012647	     14.65328410	    -28.70227187	      5.14338974	    -10.78798329	      1.68876797	    -13.51557046	     29.29007061	    -65.10081754	     -3.43854054	    -11.91985349
      1.11000000	     98.12925895	      7.57571951	     -5.00395725	     -0.63933753	     -0.65871164	      0.73236036	    -14.37191087	     -9.49127676	     13.36623703	    -28.31255367	      4.98914419	    -10.55000325	      1.84749439	    -12.79306335	     30.58212702	    -64.06616308	     -2.90547394	    -12.42720792
      1.12000000	     97.94683580	      8.33134557	     -4.79799379	     -0.62933498	     -0.65901339	      0.73315985	    -14.09040150	    -10.02745560	     12.15166872	    -28.09104132	      4.98897991	    -10.40913591	      1.82511421	    -12.15132887	     31.76221165	    -62.82187635	     -2.79199594	    -12.52761766
      1.13000000	     97.84087240	      9.13339704	     -4.63563834	     -0.61940384	     -0.65937929	      0.73358758	    -13.88625018	    -10.46436208	     11.06513648	    -28.01193064	      4.99194629	    -10.24470374	      1.59085519	    -11.54330597	     32.88600350	    -61.38171845	     -2.64832840	    -12.63796884
      1.14000000	     97.79957067	      9.98682909	     -4.50700137	     -0.60951607	     -0.65980116	      0.73365789	    -13.73946824	    -10.80640052	     10.07919526	    -28.04843435	      5.01701798	    -10.05397529	      1.16604860	    -11.01229008	     33.93035507	    -59.73638272	     -2.52788646	    -12.70114854
      1.15000000	     97.82743054	     10.88543080	     -4.42558941	     -0.59963686	     -0.66026655	      0.73339609	    -13.64521197	    -11.08318358	      9.17815967	    -28.15909608	      5.07937071	     -9.82417449	      0.56115627	    -10.57453700	     34.89284775	    -57.88262625	     -2.45782947	    -12.67976458
      1.16000000	     97.91792430	     11.81929243	     -4.39468216	     -0.58971982	     -0.66077607	      0.73283063	    -13.58967877	    -11.31193737	      8.33967870	    -28.30620497	      5.19202361	     -9.55250346	     -0.19874294	    -10.23106091	     35.75650217	    -55.81617591	     -2.46380832	    -12.53838617
      1.17000000	     98.02924395	     12.74892014	     -4.38752349	     -0.57973057	     -0.66131487	      0.73197790	    -13.52453979	    -11.28751656	      7.59955374	    -28.56169225	      5.91427109	     -8.29583064	     -1.05015004	     -9.96213727	     36.48473137	    -53.53038954	     -2.60540835	    -11.63200472
      1.18000000	     98.23637017	     13.65221297	     -4.45858463	     -0.56959521	     -0.66181805	      0.73089889	    -13.53695374	    -11.43820495	      6.80927127	    -28.66446422	      6.29189907	     -7.80455349	     -2.05454869	     -9.76294285	     37.10416571	    -51.04680936	     -2.68680773	    -11.07006681
      1.19000000	     98.44562500	     14.55666463	     -4.53141026	     -0.55926653	     -0.66235009	      0.72961952	    -13.53661617	    -11.68339673	      5.96058076	    -28.71604166	      6.40454757	     -7.66553300	     -3.08847208	     -9.64736666	     37.51749794	    -48.35002612	     -2.82723795	    -10.79786284
      1.20000000	     98.66433346	     15.38315502	     -4.62108624	     -0.54871084	     -0.66286859	      0.72813044	    -13.52512149	    -11.82163541	      5.12682812	    -28.78907744	      6.83048120	     -7.33205450	     -4.13971154	     -9.52206384	     37.75484577	    -45.49851201	     -3.48728086	     -9.82235113
      1.21000000	     98.89316598	     16.15849454	     -4.69067540	     -0.53784899	     -0.66337544	      0.72647183	    -13.52944361	    -12.08166788	      4.18097646	    -28.78578664	      7.21962909	     -7.02031778	     -5.18474926	     -9.42766657	     37.77074782	    -42.54121826	     -3.97147727	     -9.01339552
      1.22000000	     99.11001958	     16.86114644	     -4.72335025	     -0.52664548	     -0.66387291	      0.72465514	    -13.53406464	    -12.41424630	      3.13832178	    -28.75289282	      7.55819249	     -6.80859231	     -6.17933530	     -9.32614697	     37.56801001	    -39.54326153	     -4.51635701	     -8.30036555
      1.23000000	     99.32426428	     17.44559351	     -4.73794601	     -0.51509347	     -0.66434725	      0.72269139	    -13.55256219	    -12.75358867	      2.04648398	    -28.73094270	      7.92275089	     -6.63682987	     -7.12481399	     -9.13090691	     37.19481079	    -36.59236941	     -5.17894446	     -7.56233902
      1.24000000	     99.50556209	     17.95060770	     -4.64635178	     -0.50315934	     -0.66480960	      0.72059115	    -13.58744794	    -13.16487406	      0.82054464	    -28.75138740	      8.10591225	     -6.55309150	     -7.96597364	     -8.90664524	     36.59898913	    -33.78965787	     -5.58129494	     -7.16806029
      1.25000000	     99.58588494	     18.36421542	     -4.54929649	     -0.49087318	     -0.66530398	      0.71842890	    -13.52127421	    -13.50530642	     -0.30878188	    -28.95041108	      8.46963869	     -6.51203157	     -8.58635898	     -8.65504283	     35.93197194	    -31.17887613	     -6.48629459	     -6.49193848
      1.26000000	     99.62785010	     18.65672349	     -4.37040775	     -0.47826430	     -0.66578064	      0.71619325	    -13.46831138	    -13.79438822	     -1.45197739	    -29.32040105	      8.57771893	     -6.47368151	     -9.08549425	     -8.28484751	     35.14916106	    -28.89658995	     -6.78965146	     -6.24786952
      1.27000000	     99.55334398	     18.87491445	     -4.19060292	     -0.46537293	     -0.66629857	      0.71398211	    -13.30210069	    -13.99132722	     -2.41457579	    -29.98453393	      8.76148370	     -6.47450231	     -9.31449749	     -7.94369064	     34.38154816	    -26.97054145	     -7.46064017	     -5.96782874
      1.28000000	     99.36658634	     19.00557348	     -4.09831381	     -0.45224893	     -0.66688369	      0.71188349	    -13.00427482	    -14.09374000	     -3.07918980	    -30.95967686	      8.73834079	     -6.47683742	     -9.30246172	     -7.53920343	     33.71753353	    -25.41632421	     -7.51326951	     -5.91436009
      1.29000000	     99.09742511	     18.98524377	     -3.81395909	     -0.43901096	     -0.66742550	      0.70974761	    -12.62504005	    -13.71418841	     -3.61163986	    -32.40375657	      8.63647587	     -6.50421392	     -9.11968132	     -7.01919434	     32.96102699	    -24.38206734	     -7.59273666	     -5.94349421
      1.30000000	     98.68030135	     18.90897702	     -3.64915332	     -0.42565774	     -0.66807344	      0.70782929	    -12.02984516	    -13.15621201	     -3.71047403	    -34.25100449	      8.42955977	     -6.52262266	     -8.65030418	     -6.50723465	     32.37039296	    -23.72137439	     -7.52799200	     -6.08757829
      1.31000000	     98.12505706	     18.74983823	     -3.56572749	     -0.41227138	     -0.66882897	      0.70611893	    -11.21858039	    -12.28970010	     -3.37153162	    -36.53159132	      7.79943269	     -6.29515885	     -7.97027941	     -5.85807602	     31.90021833	    -23.41446077	     -7.12889795	     -6.73913414
      1.32000000	     97.43374307	     18.53598258	     -3.44345375	     -0.39889283	     -0.66966143	      0.70455561	    -10.20957358	    -11.05791015	     -2.70544770	    -39.25600870	      7.16013975	     -6.09617776	     -7.03362347	     -5.28225180	     31.48042901	    -23.50346515	     -6.67110178	     -7.38356301
      1.33000000	     96.59938397	     18.25897894	     -3.37930721	     -0.38558578	     -0.67063147	      0.70324230	     -9.00284692	     -9.54722065	     -1.64616094	    -42.34841739	      6.39069897	     -5.90678534	     -5.90153550	     -4.60519357	     31.13536734	    -23.82415136	     -6.05232962	     -7.94945889
      1.34000000	     95.64784285	     17.92103039	     -3.29106007	     -0.37238375	     -0.67170681	      0.70214096	     -7.66143301	     -7.75827901	     -0.32180715	    -45.74252115	      5.43671701	     -5.69781457	     -4.59385294	     -3.91243476	     30.79065035	    -24.35598443	     -5.29464484	     -8.51114112
      1.35000000	     94.58979351	     17.54076915	     -3.21465345	     -0.35932886	     -0.67290971	      0.70130357	     -6.22976144	     -5.80345242	      1.25374350	    -49.35731117	      4.33517070	     -5.52502268	     -3.13542244	     -3.21831906	     30.44023978	    -24.98155099	     -4.45117517	     -9.02408460
      1.36000000	     93.45186044	     17.11764770	     -3.14574078	     -0.34645967	     -0.67422515	      0.70075734	     -4.77172218	     -3.74863531	      3.02498256	    -53.10659407	      3.13301960	     -5.44783356	     -1.56403843	     -2.54671672	     30.05048339	    -25.60947117	     -3.57454488	     -9.44974092
      1.37000000	     92.26785006	     16.65476137	     -3.08842118	     -0.33380903	     -0.67563347	      0.70053150	     -3.35413309	     -1.66171869	      4.94785329	    -56.90416137	      1.85496115	     -5.52183914	      0.07576072	     -1.92643761	     29.59478086	    -26.15540074	     -2.68894490	     -9.76085020
      1.38000000	     91.07109292	     16.15501104	     -3.07232196	     -0.32140656	     -0.67712268	      0.70066158	     -2.03739848	      0.39581204	      7.01635614	    -60.67144620	      0.56805924	     -5.78420955	      1.74018985	     -1.37561629	     29.07609692	    -26.54300740	     -1.83270955	     -9.93532133
      1.39000000	     89.90103960	     15.62129025	     -3.10932086	     -0.30927464	     -0.67866043	      0.70116870	     -0.88323833	      2.38039619	      9.21078469	    -64.33328821	     -0.68491016	     -6.27159118	      3.37811420	     -0.91055238	     28.48543897	    -26.71998087	     -1.02484336	     -9.94674262
      1.40000000	     88.78943550	     15.05638073	     -3.21667328	     -0.29741482	     -0.68022547	      0.70205906	      0.06084947	      4.25619394	     11.52507529	    -67.82358137	     -1.79380447	     -6.94077562	      4.94616274	     -0.52948151	     27.82607363	    -26.65131498	     -0.31967780	     -9.79593454
      1.41000000	     87.74236834	     14.45825440	     -3.27428108	     -0.28579763	     -0.68179350	      0.70329197	      0.80179556	      6.01177363	     13.80939562	    -71.07260796	     -2.87279260	     -8.05498243	      6.43155632	     -0.24002422	     26.97161412	    -26.33026909	      0.36583675	     -9.31227417
      1.42000000	     86.82165604	     13.83648099	     -3.46818653	     -0.27444596	     -0.68334519	      0.70489169	      1.25604605	      7.63909074	     16.26047834	    -74.05551753	     -3.05487770	     -8.29339920	      7.74831357	      0.03291904	     26.10095593	    -25.73914981	      0.51025972	     -9.23112809
      1.43000000	     86.03177332	     13.21071973	     -3.69479317	     -0.26331010	     -0.68486812	      0.70678609	      1.43542515	      9.06776766	     18.73941841	    -76.70634885	     -3.28201766	     -8.57073629	      8.90034690	      0.25057145	     25.13123143	    -24.93009347	      0.69300942	     -9.09387558
      1.44000000	     85.41999747	     12.60423605	     -4.04340990	     -0.25237442	     -0.68630620	      0.70896424	      1.28151210	     10.23809614	     21.31549661	    -78.97201876	     -3.68988422	     -9.33233691	      9.85713267	      0.33021685	     24.18537122	    -23.95635336	      1.04392460	     -8.53917553
      1.45000000	     84.90017584	     11.91466177	     -4.18273470	     -0.24154206	     -0.68767366	      0.71126329	      0.99390980	     11.34297236	     23.62477097	    -80.84069266	     -3.68674715	     -9.61176851	     10.63928001	      0.62064867	     22.89378936	    -22.80604354	      1.12605851	     -8.32242293
      1.46000000	     84.56712479	     11.27137741	     -4.47443800	     -0.23085698	     -0.68893166	      0.71373365	      0.39959208	     12.12086105	     26.03232083	    -82.28852686	     -3.50989269	    -10.14382200	     11.20792945	      0.84073055	     21.70063550	    -21.57745844	      1.18681668	     -7.83149537
      1.47000000	     84.34244834	     10.56707226	     -4.59733827	     -0.22022452	     -0.69007123	      0.71623238	     -0.30298252	     12.77634097	     28.16878894	    -83.30264777	     -3.37755586	    -10.35450711	     11.59305459	      1.29766267	     20.24801173	    -20.26358112	      1.21856882	     -7.61869791
      1.48000000	     84.27461672	      9.82420914	     -4.77209599	     -0.20969023	     -0.69103836	      0.71871303	     -1.20177716	     13.24910385	     30.26087598	    -83.89515636	     -3.09580338	    -10.62278389	     11.77696764	      1.85996504	     18.85045781	    -19.00914065	      1.19839020	     -7.35979514
      1.49000000	     84.32179921	      9.08306975	     -4.97022830	     -0.19922235	     -0.69183847	      0.72111693	     -2.21791719	     13.47993946	     32.26872860	    -84.08186441	     -2.41831407	    -11.15696053	     11.81767618	      2.44570816	     17.50787433	    -17.84151237	      1.09690517	     -6.90999936
      1.50000000	     84.40312785	      8.27675394	     -4.98578256	     -0.18875191	     -0.69249975	      0.72335448	     -3.18188358	     13.63937867	     33.96907313	    -83.88599987	     -2.12333362	    -11.38076905	     11.77637686	      3.30980902	     15.97093412	    -16.72100691	      1.09337277	     -6.68934024
      1.51000000	     84.57669883	      7.43538499	     -5.01471877	     -0.17834425	     -0.69296375	      0.72542011	     -4.19487401	     13.62277840	     35.55301479	    -83.31578435	     -1.71916366	    -11.65800835	     11.61771454	      4.26818791	     14.51583337	    -15.75884032	      1.06553339	     -6.47478976
      1.52000000	     84.80521239	      6.57526946	     -5.06017663	     -0.16799364	     -0.69322648	      0.72724781	     -5.19827165	     13.42450487	     37.03134531	    -82.41177461	     -0.83527798	    -12.28427441	     11.39352543	      5.21378489	     13.18278910	    -14.99795786	      0.98317681	     -6.20324444
      1.53000000	     84.99619472	      5.65495335	     -4.95243460	     -0.15765685	     -0.69336117	      0.72876397	     -6.03702530	     13.22409152	     38.25909503	    -81.22743597	     -0.56712888	    -12.48375608	     11.20760181	      6.30243710	     11.75448543	    -14.37381405	      0.99649415	     -6.04232180
      1.54000000	     85.19895161	      4.72226379	     -4.90860294	     -0.14738511	     -0.69332155	      0.72998850	     -6.80502179	     12.86564841	     39.44336206	    -79.76287114	      0.14095060	    -13.06660900	     11.00747557	      7.32455974	     10.51277117	    -13.96026625	      1.02536896	     -5.86250815
      1.55000000	     85.34277860	      3.74634740	     -4.76745316	     -0.13714083	     -0.69316608	      0.73085467	     -7.38727402	     12.51456206	     40.44944101	    -78.07281200	      0.36049297	    -13.24282591	     10.88410182	      8.35241894	      9.25352105	    -13.70159876	      1.07066246	     -5.72184020
      1.56000000	     85.45265768	      2.75762442	     -4.65183438	     -0.12694107	     -0.69289889	      0.73138443	     -7.82716346	     12.09430036	     41.39037876	    -76.15475959	      0.66916145	    -13.47732512	     10.80213714	      9.29549356	      8.11796221	    -13.60934790	      1.15502058	     -5.58345072
      1.57000000	     85.51181113	      1.77726116	     -4.53074369	     -0.11678369	     -0.69253556	      0.73153357	     -8.09555214	     11.61314378	     42.23650462	    -74.03418462	      1.21385044	    -13.94256113	     10.78445292	     10.04542368	      7.09108640	    -13.70994045	      1.43299282	     -5.36219169
      1.58000000	     85.50126583	      0.77438837	     -4.37682438	     -0.10663514	     -0.69211347	      0.73131806	     -8.17880516	     11.18147967	     42.96667771	    -71.72874737	      1.30369651	    -13.97731799	     10.85152067	     10.74966100	      6.08742017	    -13.92215591	      1.54205839	     -5.23628675
      1.59000000	     85.43677650	     -0.20627433	     -4.26169596	     -0.09646181	     -0.69164619	      0.73077251	     -8.10362023	     10.73520791	     43.62994540	    -69.23228355	      1.41910801	    -13.99059848	     10.97440450	     11.32013476	      5.16722290	    -14.20906452	      1.72670121	     -5.12330669
      1.60000000	     85.30637932	     -1.16338311	     -4.15386781	     -0.08627124	     -0.69116738	      0.72986209	     -7.85345903	     10.27854639	     44.18468390	    -66.57450849	      1.52012701	    -13.93430471	     11.17451612	     11.81639059	      4.30537965	    -14.61333315	      2.04050907	     -4.99615006
      1.61000000	     85.15567579	     -2.07381058	     -4.03683292	     -0.07599222	     -0.69067031	      0.72860403	     -7.49331039	      9.83641559	     44.59600560	    -63.75900126	      1.64097623	    -13.42649885	     11.39557170	     12.05634767	      3.49945662	    -15.15333652	      3.19216965	     -4.34122176
      1.62000000	     84.93898929	     -2.96060288	     -3.93531658	     -0.06558169	     -0.69019017	      0.72706324	     -6.98834098	      9.44250414	     44.87771739	    -60.81371560	      1.61064088	    -13.23251205	     11.68888592	     12.37418225	      2.66654263	    -15.66401457	      3.32984209	     -4.24322668
      1.63000000	     84.71720186	     -3.80818000	     -3.79040463	     -0.05499084	     -0.68972247	      0.72520679	     -6.42837233	      9.12538440	     44.96908806	    -57.78524358	      1.35974684	    -12.66781160	     11.99560570	     12.58756328	      1.81301368	    -16.27947417	      3.93501848	     -4.15206069
      1.64000000	     84.46716765	     -4.57050824	     -3.65895117	     -0.04418859	     -0.68930872	      0.72309877	     -5.78577532	      8.77256656	     44.90987583	    -54.72051565	      1.15583442	    -12.11291167	     12.33529920	     12.75533280	      0.95329704	    -16.91477697	      4.47750378	     -4.03998308
      1.65000000	     84.22672980	     -5.27681011	     -3.50555876	     -0.03312913	     -0.68892141	      0.72074134	     -5.13847932	      8.45969665	     44.68782607	    -51.70328116	      0.90016597	    -11.53853150	     12.66858530	     12.87931871	      0.08259469	    -17.64628986	      5.03309958	     -3.94785129
      1.66000000	     84.00495414	     -5.90664453	     -3.33366091	     -0.02177579	     -0.68858625	      0.71818588	     -4.51132177	      8.15949096	     44.32329401	    -48.81850154	      0.61506190	    -10.97538241	     12.99019831	     12.96928862	     -0.80801247	    -18.44712987	      5.59716912	     -3.85239999
      1.67000000	     83.82695230	     -6.45413867	     -3.13999382	     -0.01010784	     -0.68829386	      0.71549249	     -3.95005820	      7.86186624	     43.83803353	    -46.15716593	      0.37685136	    -10.56062498	     13.26917094	     13.00076251	     -1.70774185	    -19.32876828	      6.03411103	     -3.78605823
      1.68000000	     83.72321182	     -6.91395540	     -2.93175726	      0.00185875	     -0.68803448	      0.71271437	     -3.50914236	      7.56019330	     43.27627508	    -43.81110688	      0.12044389	    -10.19933914	     13.47217941	     12.96430532	     -2.57527669	    -20.33933613	      6.48369113	     -3.71429757
      1.69000000	     83.70741896	     -7.25992684	     -2.78310293	      0.01409827	     -0.68780952	      0.70995109	     -3.18885478	      7.14779068	     42.72200502	    -41.83894319	      0.01100946	    -10.01910382	     13.56525870	     12.83672798	     -3.31335653	    -21.47740689	      6.70398752	     -3.67887180
      1.70000000	     83.84493815	     -7.53318701	     -2.60197040	      0.02661082	     -0.68758692	      0.70723986	     -3.13171005	      6.82101046	     42.15422356	    -40.32494249	     -0.30865023	     -9.93232944	     13.47968423	     12.54201348	     -3.96050308	    -22.82723423	      7.48031269	     -3.14650267
      1.71000000	     84.11388534	     -7.67313353	     -2.45168341	      0.03933562	     -0.68737505	      0.70468503	     -3.24780703	      6.35350820	     41.60973066	    -39.27701916	     -0.24151855	     -9.96861913	     13.23254026	     12.07734089	     -4.45626264	    -24.32638563	      7.43396793	     -3.12772963
      1.72000000	     84.54955837	     -7.70200943	     -2.33432976	      0.05223565	     -0.68714438	      0.70233887	     -3.60555945	      5.82368501	     41.11881150	    -38.70466078	     -0.12385494	    -10.11777401	     12.76692522	     11.38674602	     -4.74863284	    -26.03561692	      7.33272209	     -3.09686843
      1.73000000	     85.14747575	     -7.63107249	     -2.25532606	      0.06527177	     -0.68686029	      0.70028286	     -4.16179564	      5.17262176	     40.64350533	    -38.52885347	      0.27754408	    -11.03172726	     12.07919263	     10.45637311	     -4.82218469	    -27.94515663	      6.88630892	     -2.72721914
      1.74000000	     85.90688411	     -7.43787512	     -2.23277000	      0.07838598	     -0.68652361	      0.69853755	     -4.93338151	      4.41542535	     40.21421647	    -38.72021548	      0.52805246	    -11.82273193	     11.16514894	      9.24572396	     -4.63784828	    -30.06349567	      6.33732645	     -2.55510673
      1.75000000	     86.80649309	     -7.13708506	     -2.23447706	      0.09154266	     -0.68612641	      0.69714636	     -5.88851781	      3.58127316	     39.76525302	    -39.18093909	      0.91033212	    -12.60471492	     10.06326577	      7.77282482	     -4.24260252	    -32.36228440	      5.54243614	     -2.45840926
      1.76000000	     87.83395344	     -6.75467378	     -2.23565109	      0.10470757	     -0.68564256	      0.69613356	     -7.02765171	      2.75844338	     39.25179506	    -39.81268259	      1.37419577	    -13.41384672	      8.79907386	      6.07655898	     -3.67360454	    -34.82054824	      4.48117515	     -2.43722703
      1.77000000	     88.93630961	     -6.25558149	     -2.21649321	      0.11781850	     -0.68511380	      0.69552089	     -8.25752228	      1.88467481	     38.60260700	    -40.48660610	      1.60272505	    -14.54177419	      7.45077132	      4.15634961	     -2.98066083	    -37.37607710	      2.97421788	     -3.05734299
      1.78000000	     90.09017909	     -5.68629499	     -2.28242607	      0.13081151	     -0.68450445	      0.69536197	     -9.57929585	      1.06717485	     37.91621443	    -41.10314542	      2.16075968	    -15.13766944	      6.04035750	      2.08041497	     -2.04955482	    -40.02913271	      1.44930841	     -3.39814347
      1.79000000	     91.26215313	     -5.05237072	     -2.41377502	      0.14363319	     -0.68382878	      0.69567409	    -10.93984379	      0.32962469	     37.14659899	    -41.55674949	      2.78076333	    -15.52628995	      4.63076502	     -0.11083090	     -0.92043548	    -42.73251134	      0.03347041	     -3.38965737
      1.80000000	     92.40940356	     -4.35415782	     -2.55098616	      0.15625064	     -0.68311009	      0.69645905	    -12.26793783	     -0.33017702	     36.20901910	    -41.76379697	      3.35980148	    -15.81712178	      3.29695676	     -2.35130395	      0.31315543	    -45.41723802	     -1.57900781	     -3.70729806
      1.81000000	     93.50025637	     -3.61603865	     -2.76522690	      0.16861524	     -0.68235397	      0.69773296	    -13.52561431	     -0.88334685	     35.18126250	    -41.67524127	      3.85225635	    -15.92685312	      2.09171879	     -4.56973889	      1.72465369	    -48.04859041	     -3.27744224	     -4.38220264
      1.82000000	     94.50061148	     -2.85513951	     -3.05821167	      0.18070499	     -0.68157004	      0.69947360	    -14.66302857	     -1.33235833	     34.07494515	    -41.27081767	      4.23972645	    -15.79683640	      1.07031541	     -6.71091017	      3.31188309	    -50.58847949	     -4.88392580	     -5.34210810
      1.83000000	     95.38571339	     -2.08293878	     -3.38413355	      0.19252237	     -0.68076802	      0.70162676	    -15.65168224	     -1.65816574	     32.86640844	    -40.56308261	      4.52850452	    -15.43655699	      0.26189942	     -8.74308326	      5.02366856	    -53.00297402	     -6.18879372	     -6.37496432
      1.84000000	     96.15640561	     -1.35563747	     -3.70311748	      0.20407747	     -0.67991724	      0.70412822	    -16.48214960	     -1.85147172	     31.53043336	    -39.54806325	      4.59686321	    -15.33039303	     -0.34895187	    -10.60097080	      6.83459182	    -55.29190125	     -6.38220124	     -6.56946340
      1.85000000	     96.72240790	     -0.56327744	     -4.07212106	      0.21535609	     -0.67912948	      0.70689429	    -17.03515261	     -2.13463154	     30.16941057	    -38.36201594	      4.64155777	    -15.00918413	     -0.63758956	    -12.35070652	      8.76871873	    -57.36755065	     -6.88533016	     -6.91226392
      1.86000000	     97.18929378	      0.06940988	     -4.37658144	      0.22643183	     -0.67823701	      0.70988172	    -17.47587235	     -2.17042540	     28.68989944	    -36.92679826	      4.65425851	    -14.74545576	     -0.77091822	    -13.70134984	     10.73965799	    -59.26557755	     -7.11110384	     -7.18524658
      1.87000000	     97.44408734	      0.74032299	     -4.64578424	      0.23729131	     -0.67745451	      0.71293322	    -17.68220970	     -2.14777054	     27.22473706	    -35.51383167	      4.64364299	    -13.25022877	     -0.62075530	    -14.86307354	     12.72204369	    -60.90295768	     -7.98149709	     -8.69656905
      1.88000000	     97.56185471	      1.34448760	     -4.86689434	      0.24797103	     -0.67665224	      0.71602491	    -17.67499007	     -2.30250973	     25.67476188	    -33.99197739	      4.71784708	    -13.06372503	     -0.30441074	    -15.73874715	     14.72603922	    -62.33008593	     -7.90751068	     -8.87771747
      1.89000000	     97.54276027	      1.92892801	     -5.00566327	      0.25849870	     -0.67590562	      0.71903131	    -17.50398162	     -2.52354472	     24.09986254	    -32.53470540	      4.65898925	    -12.75014236	      0.14738527	    -16.37453954	     16.67977972	    -63.51935959	     -7.69621512	     -9.14041411
      1.90000000	     97.38890088	      2.45281849	     -5.08984704	      0.26888534	     -0.67523539	      0.72190931	    -17.18815468	     -2.75175565	     22.56731573	    -31.19681716	      4.43266849	    -12.12103151	      0.72798954	    -16.67589769	     18.59517265	    -64.46170356	     -7.12616445	     -9.69228667
      1.91000000	     97.20610546	      2.98062059	     -5.00489967	      0.27917534	     -0.67460213	      0.72452839	    -16.82858537	     -3.16731068	     20.92064010	    -29.98753476	      4.40762624	    -11.84417684	      1.23828521	    -16.85219918	     20.33457829	    -65.20114893	     -6.87033929	     -9.92787968
      1.92000000	     96.93114844	      3.49264823	     -4.88694702	      0.28934160	     -0.67408615	      0.72691573	    -16.37045384	     -3.73138747	     19.34934201	    -28.97332470	      4.33902187	    -11.54739877	      1.79893181	    -16.78703128	     22.01996758	    -65.69753455	     -6.44082130	    -10.27219738
      1.93000000	     96.62688461	      4.00595433	     -4.69572977	      0.29940659	     -0.67368567	      0.72899033	    -15.90057566	     -4.36608270	     17.83082567	    -28.19246473	      4.27699363	    -11.28810708	      2.30651648	    -16.57078720	     23.59887593	    -65.98124592	     -5.93905641	    -10.66878505
      1.94000000	     96.32224933	      4.52625574	     -4.44284465	      0.30937262	     -0.67339265	      0.73071538	    -15.45693256	     -5.05998861	     16.37517589	    -27.65117899	      4.24363298	    -11.08491279	      2.72364312	    -16.23776743	     25.07667611	    -66.06544644	     -5.42156602	    -11.08828037
      1.95000000	     96.03827820	      5.04674208	     -4.15409124	      0.31924086	     -0.67322186	      0.73205988	    -15.06970850	     -5.66355694	     15.03742256	    -27.37407359	      4.23303935	    -10.93362526	      3.02962866	    -15.79461565	     26.47332222	    -65.95893932	     -4.58369818	    -11.84863928
      1.96000000	     95.80319621	      5.62205127	     -3.81474886	      0.32899811	     -0.67316251	      0.73303204	    -14.75572279	     -6.39746002	     13.72940342	    -27.28733774	      4.27607415	    -10.83913361	      3.19142417	    -15.36797631	     27.77060692	    -65.66499846	     -4.37557285	    -12.05685625
      1.97000000	     95.64600609	      6.21888253	     -3.50626108	      0.33867971	     -0.67319350	      0.73363748	    -14.54464711	     -7.06933563	     12.53555655	    -27.34613511	      4.36275517	    -10.78494942	      3.19582546	    -14.94364862	     29.05005531	    -65.18669781	     -4.03087669	    -12.40228940
      1.98000000	     95.53823932	      6.87586741	     -3.20132789	      0.34829140	     -0.67336687	      0.73390237	    -14.39517977	     -7.63800580	     11.43254788	    -27.55083254	      4.47464086	    -10.74301591	      3.07722617	    -14.56527275	     30.25867954	    -64.48707456	     -3.73890829	    -12.70533958
      1.99000000	     95.51322410	      7.54411232	     -2.91352507	      0.35778768	     -0.67361002	      0.73377812	    -14.34474931	     -8.08335778	     10.42969872	    -27.89802085	      4.63604978	    -10.70229883	      2.80575730	    -14.20254647	     31.43358941	    -63.61172739	     -3.48384714	    -12.98682445
      2.00000000	     95.52389778	      8.24145699	     -2.66247480	      0.36725263	     -0.67397225	      0.73337083	    -14.31771115	     -8.36867839	      9.51903024	    -28.31508434	      4.99591437	    -10.58536559	      2.44417450	    -13.86781719	     32.54696274	    -62.48089609	     -3.24398607	    -13.32060838
      2.01000000	     95.58385677	      8.99796802	     -2.44525605	      0.37667786	     -0.67442410	      0.73269326	    -14.32512449	     -8.61736860	      8.65960256	    -28.76412739	      5.07935429	    -10.50934903	      1.99097695	    -13.66005825	     33.59635175	    -61.10034420	     -3.24900256	    -13.30719940
      2.02000000	     95.73074724	      9.72201597	     -2.34808499	      0.38607689	     -0.67490372	      0.73179426	    -14.40005307	     -8.81942091	      7.90458305	    -29.18373851	      5.73197303	    -10.13438970	      1.42403124	    -13.43281533	     34.65410659	    -59.46564206	     -3.39378880	    -13.08960330
      2.03000000	     95.90586838	     10.48697946	     -2.26057497	      0.39551347	     -0.67545762	      0.73069413	    -14.48636196	     -9.04142563	      7.13111263	    -29.57426277	      5.86192626	     -9.96935041	      0.80295303	    -13.32081996	     35.57468039	    -57.54829351	     -3.45638837	    -12.93950978
      2.04000000	     96.08770083	     11.19727781	     -2.26568820	      0.40503569	     -0.67604637	      0.72947978	    -14.54307844	     -9.15929179	      6.43345137	    -29.90904646	      6.36655126	     -9.64510555	      0.17298809	    -13.16983513	     36.41996882	    -55.31978911	     -3.82333802	    -12.32770616
      2.05000000	     96.27531021	     11.94875370	     -2.28664437	      0.41468840	     -0.67668668	      0.72814166	    -14.59832989	     -9.44477067	      5.68402654	    -30.18927297	      6.58106411	     -9.49615448	     -0.45712199	    -13.14446318	     37.09139078	    -52.80628773	     -4.01357994	    -11.99199994
      2.06000000	     96.45037169	     12.59543627	     -2.32456230	      0.42450982	     -0.67732829	      0.72669588	    -14.61327175	     -9.53095240	      4.97269946	    -30.48302527	      7.50641735	     -8.59886124	     -1.07133852	    -13.01425105	     37.58371055	    -50.03095850	     -4.25898230	    -10.56621394
      2.07000000	     96.62994258	     13.21397661	     -2.41515027	      0.43455868	     -0.67798236	      0.72520773	    -14.63494488	     -9.85832866	      4.20317353	    -30.65494565	      7.78688925	     -8.59694729	     -1.67563307	    -12.86442123	     37.90153833	    -47.00869604	     -4.96369255	     -9.85938325
      2.08000000	     96.78584094	     13.78936885	     -2.46611314	      0.44489289	     -0.67863864	      0.72363769	    -14.63560945	    -10.21183249	      3.36118159	    -30.81661003	      8.12301081	     -8.57926306	     -2.24164554	    -12.68798816	     37.96483235	    -43.82575458	     -5.72873987	     -9.02140572
      2.09000000	     96.94816441	     14.32597972	     -2.46339803	      0.45555979	     -0.67927943	      0.72199799	    -14.67996057	    -10.72849845	      2.38146644	    -30.93687816	      8.34477687	     -8.53455225	     -2.80492278	    -12.46446100	     37.76207268	    -40.57686426	     -6.28134613	     -8.41859531
      2.10000000	     97.01286465	     14.80646133	     -2.42564965	      0.46659720	     -0.67995645	      0.72029677	    -14.59008378	    -11.05418448	      1.45520902	    -31.18576515	      8.73677945	     -8.53073768	     -3.22536138	    -12.17991269	     37.35155166	    -37.32166756	     -7.34101202	     -7.33849008
      2.11000000	     97.09314490	     15.20477005	     -2.36584943	      0.47799093	     -0.68059532	      0.71853938	    -14.54383093	    -11.42517174	      0.47724653	    -31.46058041	      9.03288254	     -8.45508104	     -3.66085959	    -11.72505577	     36.75612727	    -34.20824268	     -8.11722913	     -6.46446423
      2.12000000	     97.12169915	     15.56710678	     -2.21939876	      0.48976644	     -0.68122470	      0.71673556	    -14.46372343	    -11.76106342	     -0.54897928	    -31.84834091	      9.24805903	     -8.35128645	     -4.01053580	    -11.22143008	     35.96441163	    -31.34011822	     -8.78629604	     -5.77333083
      2.13000000	     97.10918885	     15.85420333	     -2.02368738	      0.50188092	     -0.68182378	      0.71490777	    -14.34415268	    -11.96926336	     -1.54633193	    -32.38023082	      9.30933203	     -8.28356544	     -4.30132840	    -10.56601225	     35.04685996	    -28.81177152	     -9.09290693	     -5.44518170
      2.14000000	     96.98679206	     16.12080621	     -1.79192585	      0.51433536	     -0.68243455	      0.71312090	    -14.08583012	    -12.03554179	     -2.43598237	    -33.12750882	      9.34853040	     -8.14740884	     -4.38995647	     -9.95303532	     34.07493483	    -26.68176213	     -9.58077823	     -5.07448595
      2.15000000	     96.82489642	     16.29019050	     -1.65785781	      0.52700018	     -0.68302761	      0.71141859	    -13.74228937	    -11.93197129	     -3.07040492	    -34.08777394	      9.28124837	     -8.03946487	     -4.41468846	     -9.11363606	     33.17482790	    -24.98084570	     -9.71282484	     -4.94342292
      2.16000000	     96.54334814	     16.41575156	     -1.48693070	      0.53989957	     -0.68362808	      0.70981224	    -13.21626475	    -11.56400551	     -3.52456214	    -35.31172345	      9.09009821	     -7.87339620	     -4.23887584	     -8.27487274	     32.26834308	    -23.74530967	     -9.72518576	     -4.95511077
      2.17000000	     96.16026700	     16.47690323	     -1.35223015	      0.55295582	     -0.68424590	      0.70833270	    -12.50684460	    -10.91891403	     -3.70014466	    -36.81486234	      8.75613025	     -7.65243081	     -3.89405853	     -7.36570310	     31.43329484	    -22.95997796	     -9.55021849	     -5.13661214
      2.18000000	     95.67609885	     16.50839540	     -1.25744246	      0.56614549	     -0.68491908	      0.70705206	    -11.61350417	    -10.04416388	     -3.60501915	    -38.56370054	      7.84318596	     -6.84650018	     -3.39198794	     -6.40800872	     30.64454424	    -22.54431329	     -8.86487471	     -5.98428631
      2.19000000	     95.07814417	     16.46848379	     -1.20330539	      0.57938016	     -0.68565051	      0.70593974	    -10.51849732	     -8.86473645	     -3.19154451	    -40.60514643	      7.10720134	     -6.29344901	     -2.72342845	     -5.35469790	     29.92648248	    -22.46143429	     -8.24759845	     -6.71673008
      2.20000000	     94.38544632	     16.39642246	     -1.13571289	      0.59263997	     -0.68644723	      0.70497293	     -9.25955547	     -7.41340786	     -2.53614991	    -42.91389112	      6.10569442	     -5.71168424	     -1.86485825	     -4.40752369	     29.25258847	    -22.70289112	     -7.45753205	     -7.53342883
      2.21000000	     93.60913797	     16.25389738	     -1.08468708	      0.60585823	     -0.68732009	      0.70422064	     -7.88210052	     -5.74337602	     -1.64697795	    -45.42576187	      4.89589330	     -5.20020133	     -0.87880406	     -3.41118454	     28.59520593	    -23.11388957	     -6.56211805	     -8.29673725
      2.22000000	     92.72851127	     16.08436737	     -1.02575578	      0.61899846	     -0.68830810	      0.70371388	     -6.39735012	     -3.95800613	     -0.56568741	    -48.11633817	      3.46011590	     -4.73807201	      0.27100476	     -2.48349379	     27.91291573	    -23.58611217	     -5.60406777	     -9.01858875
      2.23000000	     91.80634892	     15.85020587	     -0.98411055	      0.63198059	     -0.68936583	      0.70345135	     -4.89757564	     -2.05582767	      0.69751532	    -50.93478097	      1.85451063	     -4.39428571	      1.51392505	     -1.63346296	     27.22954987	    -24.07654334	     -4.64005935	     -9.63381410
      2.24000000	     90.84950734	     15.55903911	     -0.97186992	      0.64474967	     -0.69050574	      0.70347658	     -3.42346461	     -0.11383557	      2.12820334	    -53.83392807	      0.13500452	     -4.19126360	      2.83580118	     -0.89712101	     26.53046566	    -24.48228128	     -3.70874902	    -10.11330437
      2.25000000	     89.88595212	     15.20710940	     -1.01260775	      0.65725135	     -0.69171123	      0.70381961	     -2.03591766	      1.81599901	      3.72170641	    -56.76164497	     -1.63126606	     -4.15595561	      4.19347719	     -0.28293910	     25.81751148	    -24.73257845	     -2.85158809	    -10.43136202
      2.26000000	     88.93861591	     14.79733812	     -1.10761433	      0.66944869	     -0.69296649	      0.70449790	     -0.78436735	      3.68671836	      5.45455290	    -59.66605641	     -3.38033385	     -4.32494881	      5.55120116	      0.19424517	     25.07430648	    -24.77544563	     -2.08622924	    -10.56382913
      2.27000000	     88.04238082	     14.32578244	     -1.29467732	      0.68130710	     -0.69425008	      0.70552227	      0.27262235	      5.46856130	      7.34448944	    -62.49829956	     -5.01360156	     -4.67665606	      6.85794372	      0.55349696	     24.32514174	    -24.58047790	     -1.43027354	    -10.50269408
      2.28000000	     87.21073236	     13.79351729	     -1.52225616	      0.69283188	     -0.69553328	      0.70686546	      1.11225914	      7.11814128	      9.30900237	    -65.19665968	     -6.53373300	     -5.88896539	      8.09256448	      0.79153693	     23.51250891	    -24.14527076	     -0.73865260	     -9.89312964
      2.29000000	     86.47624421	     13.22338230	     -1.86628445	      0.70401460	     -0.69682303	      0.70852071	      1.70056642	      8.66202953	     11.44704193	    -67.76001429	     -7.38515336	     -5.88723259	      9.20032084	      0.96565602	     22.70222720	    -23.45364382	     -0.47092639	     -9.77300556
      2.30000000	     85.83617350	     12.58396173	     -2.19225717	      0.71490358	     -0.69807965	      0.71040461	      2.06372905	     10.09671884	     13.57587561	    -70.11395636	     -7.75375927	     -6.01188179	     10.17453439	      1.14846108	     21.76030418	    -22.54389268	     -0.34780333	     -9.60299422
      2.31000000	     85.33425344	     11.93036802	     -2.61498415	      0.72550701	     -0.69928257	      0.71250704	      2.13296711	     11.32791329	     15.81102073	    -72.22742885	     -8.13974406	     -6.16258576	     10.97924539	      1.26292621	     20.83112242	    -21.46763801	     -0.23617672	     -9.26958679
      2.32000000	     84.91894005	     11.28920070	     -2.96155474	      0.73591415	     -0.70046929	      0.71475504	      2.02538173	     12.32773579	     17.96090390	    -74.06864954	     -8.21505032	     -6.30914249	     11.65586155	      1.38596170	     19.72109841	    -20.20052064	     -0.18673582	     -9.01150947
      2.33000000	     84.69427739	     10.54273999	     -3.40297282	      0.74606798	     -0.70148183	      0.71705028	      1.60264801	     13.27163060	     20.18128207	    -75.61447538	     -8.09384227	     -6.52309060	     12.08913885	      1.61278939	     18.69209930	    -18.96041424	     -0.19156686	     -8.53888443
      2.34000000	     84.56683846	      9.85983529	     -3.81426831	      0.75608698	     -0.70244660	      0.71939232	      1.01395354	     13.90329703	     22.34758509	    -76.85422888	     -7.54485131	     -6.84512574	     12.39014432	      1.82552925	     17.58915785	    -17.64348925	     -0.19551061	     -7.74625116
      2.35000000	     84.52087526	      9.08929277	     -4.06397470	      0.76601525	     -0.70328391	      0.72165752	      0.34753102	     14.49764273	     24.29232237	    -77.77030381	     -7.19056997	     -7.02562796	     12.53396311	      2.36939523	     16.27110878	    -16.30927824	     -0.16709163	     -7.42376018
      2.36000000	     84.57674546	      8.32701238	     -4.34257888	      0.77580913	     -0.70398355	      0.72379446	     -0.46580805	     14.90730548	     26.24181704	    -78.40150372	     -5.96155318	     -7.43266824	     12.56018272	      2.84905161	     15.06046924	    -15.12746327	     -0.16932510	     -6.64175920
      2.37000000	     84.73897351	      7.54673777	     -4.62586630	      0.78551397	     -0.70452818	      0.72583431	     -1.40456184	     15.15077317	     28.12988883	    -78.70248579	     -5.19091520	     -7.76263357	     12.42074256	      3.56492076	     13.87047479	    -14.02187606	     -0.16612827	     -6.28180890
      2.38000000	     84.90723571	      6.75004488	     -4.79533028	      0.79516905	     -0.70495831	      0.72764167	     -2.30011306	     15.31646901	     29.86106093	    -78.73758155	     -4.18810006	     -8.28564061	     12.25409527	      4.39961284	     12.62301752	    -13.04474014	     -0.19848418	     -5.93534805
      2.39000000	     85.11372160	      5.92869719	     -4.91928244	      0.80476376	     -0.70524282	      0.72922683	     -3.19836028	     15.38906000	     31.48582555	    -78.49505498	     -3.24085840	     -8.91709164	     12.03164799	      5.32938871	     11.40849089	    -12.23507711	     -0.21419320	     -5.65937970
      2.40000000	     85.28819479	      5.10563088	     -5.00085159	      0.81430791	     -0.70543273	      0.73055582	     -4.00915679	     15.39956154	     33.03574094	    -78.02254861	     -2.72059813	     -9.32897302	     11.83461901	      6.38161979	     10.21160558	    -11.54277355	     -0.20168834	     -5.47043211
      2.41000000	     85.51066245	      4.28824991	     -5.09057890	      0.82377473	     -0.70544124	      0.73160388	     -4.82673936	     15.26004369	     34.52213675	    -77.30209279	     -1.57011312	    -10.47299555	     11.59485148	      7.23339536	      9.18284337	    -11.13075824	     -0.18172861	     -5.27929641
      2.42000000	     85.67120971	      3.46737734	     -5.13360739	      0.83320241	     -0.70537859	      0.73235810	     -5.50143264	     15.09525910	     35.92467040	    -76.38193433	     -0.95791638	    -11.50260954	     11.42595887	      8.13027489	      8.17347831	    -10.84066400	     -0.08973505	     -5.10416611
      2.43000000	     85.77038660	      2.66137349	     -5.16431897	      0.84258939	     -0.70525661	      0.73282275	     -6.04029614	     14.89319328	     37.28000156	    -75.27871823	     -0.67635605	    -11.91620880	     11.33212590	      9.01957834	      7.21599385	    -10.66094882	     -0.02001555	     -4.96874632
      2.44000000	     85.84090600	      1.88838891	     -5.13189074	      0.85194338	     -0.70504375	      0.73296561	     -6.44375007	     14.57467110	     38.48924914	    -73.97022568	     -0.40011673	    -13.68038193	     11.29448265	      9.65008177	      6.31199893	    -10.68157431	      0.30816262	     -4.64769893
      2.45000000	     85.87771694	      1.11745787	     -5.21582427	      0.86124284	     -0.70476213	      0.73284652	     -6.78130347	     14.26122140	     39.78846826	    -72.48947153	     -0.20332990	    -13.92674331	     11.27592150	     10.22504915	      5.61705725	    -10.85126132	      0.41053280	     -4.56493562
      2.46000000	     85.85287789	      0.38377539	     -5.25115672	      0.87055623	     -0.70444610	      0.73244005	     -6.95493168	     13.89740576	     40.96314876	    -70.83347196	      0.05652627	    -14.23551586	     11.34087268	     10.68362573	      4.91750098	    -11.10267938	      0.59442558	     -4.48719828
      2.47000000	     85.79059395	     -0.30234784	     -5.26899150	      0.87989765	     -0.70410336	      0.73177464	     -6.99767802	     13.47442839	     42.02767137	    -68.98844839	      0.26292843	    -14.47288689	     11.45563755	     11.00630798	      4.25811094	    -11.46248543	      0.83194027	     -4.41697678
      2.48000000	     85.68028205	     -0.93691802	     -5.27611361	      0.88927949	     -0.70375481	      0.73085273	     -6.90267494	     12.99121687	     42.98566596	    -66.97388648	      0.40198365	    -14.61410726	     11.63200689	     11.23412379	      3.63805265	    -11.92890288	      1.16843103	     -4.33581903
      2.49000000	     85.54209704	     -1.51557819	     -5.27184931	      0.89877714	     -0.70339745	      0.72973557	     -6.69568650	     12.46199364	     43.80760251	    -64.76994972	      0.43159592	    -14.56294011	     11.84378673	     11.39800073	      3.01868250	    -12.43867538	      1.56561173	     -4.24509323
      2.50000000	     85.40164732	     -2.05738365	     -5.20806721	      0.90842741	     -0.70302848	      0.72841900	     -6.41298455	     11.93854908	     44.43713173	    -62.39418160	      0.33243330	    -14.13351131	     12.06967607	     11.48894290	      2.37167614	    -13.05002465	      2.26060866	     -4.03698341
      2.51000000	     85.23478943	     -2.50507566	     -5.12486818	      0.91826134	     -0.70268174	      0.72692752	     -6.02716367	     11.31472376	     44.90036869	    -59.87951258	      0.49147009	    -13.18105286	     12.32883804	     11.45798909	      1.73035399	    -13.73266838	      2.85229097	     -3.52698489
      2.52000000	     85.02323806	     -2.90401339	     -4.99109782	      0.92835813	     -0.70238780	      0.72531362	     -5.51887020	     10.65549633	     45.14681488	    -57.24328731	      0.34629949	    -12.77304981	     12.67214898	     11.65739574	      0.96131216	    -14.36473306	      3.08333981	     -3.55494235
      2.53000000	     84.88960401	     -3.27412100	     -4.79013202	      0.93873341	     -0.70204315	      0.72356997	     -5.06373251	     10.01131768	     45.16141364	    -54.50251757	      0.02953775	    -11.90823265	     12.93345318	     11.74607480	      0.18966697	    -15.16817545	      3.52059372	     -3.61195558
      2.54000000	     84.73530100	     -3.57268989	     -4.62457102	      0.94943114	     -0.70174102	      0.72173534	     -4.54760403	      9.26924585	     45.05305851	    -51.75003349	     -0.13678992	    -10.81378545	     13.22880317	     11.89974776	     -0.56036912	    -16.01193904	      3.92849649	     -3.54925905
      2.55000000	     84.62211200	     -3.81125954	     -4.27393954	      0.96050592	     -0.70146293	      0.71976138	     -4.02404931	      8.48428030	     44.60348141	    -49.05023794	     -0.26428983	    -10.34868355	     13.52052762	     11.91215449	     -1.46590534	    -16.97895381	      4.07248151	     -3.54571500
      2.56000000	     84.54231240	     -4.00502743	     -3.96787184	      0.97194157	     -0.70120357	      0.71774493	     -3.53871591	      7.64228562	     44.06802017	    -46.46156598	     -0.65011906	     -9.46488128	     13.78823603	     11.97683897	     -2.30732879	    -18.04707897	      4.40274466	     -3.50000021
      2.57000000	     84.54563464	     -4.14695865	     -3.55744307	      0.98375796	     -0.70094658	      0.71563331	     -3.13304669	      6.74085522	     43.31643890	    -44.07465004	     -0.77586472	     -9.10821766	     13.96897920	     11.80875177	     -3.16481510	    -19.30243652	      4.47664811	     -3.47296830
      2.58000000	     84.62192746	     -4.24408002	     -3.14099321	      0.99592677	     -0.70070316	      0.71349724	     -2.82450948	      5.78593589	     42.47510632	    -41.95472700	     -0.99154991	     -8.76147256	     14.06827246	     11.52984946	     -3.95602442	    -20.70988034	      4.53687631	     -3.41637301
      2.59000000	     84.78906564	     -4.29016756	     -2.78501224	      1.00839639	     -0.70044687	      0.71137295	     -2.62351974	      4.71151538	     41.62210473	    -40.14995688	     -1.09090840	     -8.57171115	     14.03032589	     11.06918701	     -4.57180279	    -22.29886540	      4.50321252	     -3.38173476
      2.60000000	     85.08943728	     -4.30373896	     -2.39981432	      1.02115969	     -0.70017219	      0.70925555	     -2.62595453	      3.65349090	     40.71615668	    -38.73233930	     -1.16582592	     -8.48355086	     13.79375047	     10.31027949	     -5.06723912	    -24.10554261	      4.37821162	     -3.30856344
      2.61000000	     85.51613730	     -4.27900097	     -2.06673888	      1.03414356	     -0.69985446	      0.70719550	     -2.81465843	      2.55594078	     39.84743136	    -37.72454324	     -1.16327055	     -8.53016957	     13.33832975	      9.27269504	     -5.34781457	    -26.11788388	      4.13830499	     -3.19738315
      2.62000000	     86.07491981	     -4.23343700	     -1.76351114	      1.04731570	     -0.69946949	      0.70523933	     -3.18731006	      1.42511968	     38.98351957	    -37.10462382	     -1.05544640	     -9.39469252	     12.64209196	      7.93034302	     -5.43083576	    -28.32136921	      3.31720321	     -2.50802882
      2.63000000	     86.76614880	     -4.11598632	     -1.59664656	      1.06057193	     -0.69902151	      0.70340296	     -3.73302802	      0.15906715	     38.24827088	    -36.87786449	     -0.91767371	     -9.68510809	     11.70182687	      6.30715339	     -5.19328976	    -30.71605693	      2.96771551	     -2.45894406
      2.64000000	     87.60481808	     -4.04243702	     -1.47495510	      1.07390014	     -0.69842302	      0.70171450	     -4.50495983	     -1.00724576	     37.54436436	    -36.97500561	     -1.08301213	    -11.89258422	     10.49621058	      4.46077242	     -4.72870342	    -33.30814717	      1.83533282	     -2.10005842
      2.65000000	     88.53895028	     -3.91960610	     -1.39201787	      1.08723749	     -0.69775439	      0.70016781	     -5.48843432	     -2.06641510	     36.91517302	    -37.44546824	     -0.44276192	    -12.50576129	      9.11883443	      2.37355201	     -4.07103430	    -36.03580784	      0.71297008	     -1.92018421
      2.66000000	     89.56291993	     -3.77796339	     -1.35026402	      1.10052315	     -0.69698565	      0.69880462	     -6.63738872	     -3.03924800	     36.31189344	    -38.14980512	      0.23532579	    -13.26645159	      7.59751895	      0.13401448	     -3.22817904	    -38.87560617	     -0.57258780	     -1.89807908
      2.67000000	     90.64218140	     -3.62198390	     -1.42998491	      1.11367685	     -0.69612234	      0.69769100	     -7.89260287	     -3.93224763	     35.78932778	    -38.97255926	      0.83312207	    -14.22813644	      6.01330436	     -2.15224186	     -2.12953443	    -41.78478385	     -2.14442844	     -2.39839026
      2.68000000	     91.76687861	     -3.43966359	     -1.34518696	      1.12670406	     -0.69519978	      0.69677206	     -9.30281161	     -4.55259897	     35.06766923	    -39.87546626	      1.56628052	    -14.88196428	      4.38037906	     -4.51675437	     -1.09411153	    -44.72630583	     -3.49044346	     -2.64603491
      2.69000000	     92.88995983	     -3.23947396	     -1.41309907	      1.13947539	     -0.69421664	      0.69619983	    -10.72543450	     -5.07065339	     34.41505056	    -40.68936543	      2.37048729	    -15.49658126	      2.81761961	     -6.79411135	      0.21479393	    -47.65405496	     -4.96111175	     -3.20091597
      2.70000000	     93.98997202	     -3.02046940	     -1.49526723	      1.15196666	     -0.69321227	      0.69597848	    -12.15476454	     -5.37806360	     33.69160330	    -41.35774885	      3.13161826	    -15.94581072	      1.36891740	     -8.94816819	      1.64203927	    -50.51573581	     -6.40873850	     -4.13359250
      2.71000000	     95.03241478	     -2.77601564	     -1.66359063	      1.16412305	     -0.69221167	      0.69617067	    -13.51424801	     -5.54195820	     32.95011533	    -41.79941464	      3.85622582	    -16.15897494	      0.11195945	    -10.93254010	      3.26680766	    -53.26560969	     -7.76671141	     -5.37094232
      2.72000000	     96.00318540	     -2.47107808	     -1.88294158	      1.17592758	     -0.69124492	      0.69679719	    -14.75782102	     -5.66404287	     32.12292227	    -41.94345893	      4.06744431	    -16.15735709	     -0.93461485	    -12.79167400	      5.05093571	    -55.86965147	     -8.10857440	     -5.78271162
      2.73000000	     96.87752292	     -2.20771863	     -2.07682102	      1.18738831	     -0.69029655	      0.69782595	    -15.91572145	     -5.43832878	     31.21277475	    -41.85423698	      4.97673996	    -15.83603742	     -1.73259584	    -14.28640440	      6.90690081	    -58.26131772	     -9.54347065	     -7.64810267
      2.74000000	     97.62647969	     -1.89590483	     -2.41988146	      1.19847904	     -0.68942158	      0.69932731	    -16.84963186	     -5.30993239	     30.30897294	    -41.42509423	      5.11784632	    -15.74891583	     -2.22288627	    -15.59301633	      9.02776270	    -60.43085036	     -9.63124273	     -7.91537117
      2.75000000	     98.24583936	     -1.57727220	     -2.70690876	      1.20926405	     -0.68860874	      0.70119202	    -17.62766897	     -5.01277134	     29.27647030	    -40.75537893	      5.70713228	    -15.08523816	     -2.46750461	    -16.57618898	     11.15562608	    -62.31251493	     -9.92344603	     -9.04852426
      2.76000000	     98.74031678	     -1.24627289	     -2.98048388	      1.21977472	     -0.68785129	      0.70343233	    -18.19750894	     -4.80797530	     28.09948979	    -39.77896763	      5.75556425	    -14.96961710	     -2.49314784	    -17.27302758	     13.32375192	    -63.89415321	     -9.89958379	     -9.17995614
      2.77000000	     99.06469813	     -0.86621418	     -3.28119418	      1.23001670	     -0.68721520	      0.70591794	    -18.55272918	     -4.60548579	     26.92456167	    -38.68915777	      5.86368290	    -14.26711320	     -2.26529331	    -17.71175109	     15.54320651	    -65.15451094	     -9.51873489	     -9.72526503
      2.78000000	     99.25145536	     -0.49199399	     -3.55456434	      1.24005883	     -0.68664955	      0.70864323	    -18.70564683	     -4.50636659	     25.64832564	    -37.41349684	      5.90872511	    -13.91268891	     -1.87761971	    -17.81892862	     17.72841361	    -66.07936248	     -9.20930671	     -9.97312381
      2.79000000	     99.30025920	     -0.06608619	     -3.71527672	      1.24994919	     -0.68618366	      0.71150924	    -18.65757849	     -4.63315589	     24.18203597	    -36.00655007	      5.87497890	    -13.59593045	     -1.40227863	    -17.68181796	     19.73589508	    -66.65925560	     -8.82872378	    -10.21181515
      2.80000000	     99.25741011	      0.35292698	     -3.83990883	      1.25970427	     -0.68578468	      0.71438942	    -18.50519577	     -4.75929354	     22.70598209	    -34.59798170	      5.73372770	    -13.07108594	     -0.90237106	    -17.27853587	     21.65897342	    -66.95541343	     -8.08576712	    -10.60318412
      2.81000000	     99.12169322	      0.82060443	     -3.83250554	      1.26936587	     -0.68546269	      0.71725602	    -18.21731484	     -5.17877618	     21.04758503	    -33.13941129	      5.70234424	    -12.82680234	     -0.43877825	    -16.70292988	     23.34888578	    -66.95090162	     -7.77353722	    -10.76967948
      2.82000000	     98.83031436	      1.33702759	     -3.84239270	      1.27889919	     -0.68531018	      0.72004664	    -17.75722450	     -5.70733689	     19.48685653	    -31.81579194	      5.46682407	    -12.37947874	      0.10542893	    -15.93122453	     24.95838416	    -66.65407897	     -6.90821391	    -11.25224641
      2.83000000	     98.57541322	      1.86072514	     -3.71835766	      1.28836971	     -0.68515456	      0.72263775	    -17.34540078	     -6.39960288	     17.78830046	    -30.50516730	      5.40057707	    -12.13406287	      0.43040035	    -15.06304999	     26.35293472	    -66.17041366	     -6.55027697	    -11.45870067
      2.84000000	     98.25072462	      2.42906366	     -3.60912112	      1.29772791	     -0.68514375	      0.72501579	    -16.87180735	     -7.12997712	     16.21948358	    -29.38918042	      5.12360197	    -11.78092082	      0.71421893	    -14.08980909	     27.67386621	    -65.47303725	     -5.69517302	    -12.03090875
      2.85000000	     97.91873615	      3.06725100	     -3.39785173	      1.30702063	     -0.68520370	      0.72712498	    -16.41482045	     -7.99109364	     14.60276495	    -28.40306235	      5.06124736	    -11.57801766	      0.84698403	    -13.14400971	     28.80173366	    -64.60010975	     -5.43202198	    -12.21528383
      2.86000000	     97.61138920	      3.73834435	     -3.19846454	      1.31621921	     -0.68534874	      0.72894124	    -16.00511910	     -8.83801951	     13.10050963	    -27.58720814	      4.95196153	    -11.36645178	      0.83090540	    -12.18650192	     29.87411805	    -63.57955158	     -5.09203880	    -12.47661115
      2.87000000	     97.34038344	      4.44994950	     -2.98656084	      1.32533350	     -0.68556086	      0.73043385	    -15.65674198	     -9.62359837	     11.69340184	    -26.95139220	      4.82315022	    -11.15370677	      0.65117392	    -11.26447376	     30.86260420	    -62.41969828	     -4.75882389	    -12.74710080
      2.88000000	     97.12690877	      5.18341947	     -2.77957716	      1.33436623	     -0.68583553	      0.73158221	    -15.38516357	    -10.25834776	     10.41449302	    -26.50763710	      4.58557753	    -10.87712714	      0.29746980	    -10.36886441	     31.78678081	    -61.13368664	     -4.31713899	    -13.16083365
      2.89000000	     96.95015481	      5.98243086	     -2.57271766	      1.34335605	     -0.68618761	      0.73242509	    -15.15949327	    -10.85631344	      9.21682486	    -26.21224455	      4.54693041	    -10.69218362	     -0.18752852	     -9.61312698	     32.62413489	    -59.69356428	     -4.24490348	    -13.20239384
      2.90000000	     96.83855456	      6.80359837	     -2.38540022	      1.35229631	     -0.68659226	      0.73294238	    -15.00381390	    -11.33225771	      8.13612557	    -26.07758567	      4.50488599	    -10.48162590	     -0.82206696	     -8.92982111	     33.39046649	    -58.11098702	     -4.19550500	    -13.18980490
      2.91000000	     96.78600027	      7.64448492	     -2.22157562	      1.36123297	     -0.68704857	      0.73316326	    -14.90318163	    -11.69348112	      7.15185635	    -26.06376325	      4.48010373	    -10.23248408	     -1.57851887	     -8.34534139	     34.07125019	    -56.37036622	     -4.20342940	    -13.08438956
      2.92000000	     96.78363686	      8.49943724	     -2.07547171	      1.37019312	     -0.68755788	      0.73310729	    -14.84781443	    -11.97012621	      6.24913273	    -26.17039021	      4.50034570	     -9.92102502	     -2.42634277	     -7.85850936	     34.64246250	    -54.46262557	     -4.30377153	    -12.83463469
      2.93000000	     96.81546398	      9.35212359	     -1.94223192	      1.37922905	     -0.68811250	      0.73280259	    -14.81958216	    -12.17922838	      5.40444623	    -26.37215916	      4.60145026	     -9.54805831	     -3.32423580	     -7.46811609	     35.08268266	    -52.38043189	     -4.52913757	    -12.40121993
      2.94000000	     96.82651601	     10.19052067	     -1.87341179	      1.38835842	     -0.68876154	      0.73226836	    -14.72006308	    -12.09676300	      4.78611206	    -26.81490469	      5.12141807	     -8.58948887	     -4.17681162	     -7.14561921	     35.43750812	    -50.11753733	     -4.87403310	    -11.31499779
      2.95000000	     96.93040196	     11.00029651	     -1.73713814	      1.39767173	     -0.68939350	      0.73151455	    -14.76645666	    -12.31263844	      3.96516135	    -27.15432089	      5.28691881	     -8.37661711	     -5.12055588	     -6.86883651	     35.54772861	    -47.73122427	     -5.05261811	    -10.96380928
      2.96000000	     97.00261764	     11.78740235	     -1.60107249	      1.40718387	     -0.69010348	      0.73057923	    -14.76587495	    -12.45586813	      3.21499474	    -27.64227062	      5.56803914	     -8.13887666	     -5.97096147	     -6.65217369	     35.48860002	    -45.20830168	     -5.59898396	    -10.29676776
      2.97000000	     97.05768719	     12.52464237	     -1.56725837	      1.41692018	     -0.69089587	      0.72949500	    -14.70616168	    -12.53654357	      2.64276740	    -28.27504352	      6.02951266	     -7.78069673	     -6.72232320	     -6.43623795	     35.36720390	    -42.58601686	     -6.27811972	     -9.43035572
      2.98000000	     97.11503247	     13.23551634	     -1.41765547	      1.42697047	     -0.69172061	      0.72822592	    -14.69325205	    -12.72305207	      1.92014790	    -28.95687232	      6.44280702	     -7.50353520	     -7.39377231	     -6.27690285	     34.97192655	    -39.96138730	     -6.89966226	     -8.74579995
      2.99000000	     97.17123424	     13.89636707	     -1.18639629	      1.43734966	     -0.69257445	      0.72679443	    -14.71074695	    -12.95566106	      1.09798940	    -29.69254785	      6.68094801	     -7.40028378	     -7.97298700	     -6.12049628	     34.35377377	    -37.39095557	     -7.35769280	     -8.33135739
      3.00000000	     97.17627653	     14.52153380	     -1.05801125	      1.44802743	     -0.69353278	      0.72526731	    -14.63616928	    -13.17892724	      0.46335402	    -30.59863654	      7.14362453	     -7.26158974	     -8.36922989	     -5.99419137	     33.72084555	    -34.89847048	     -8.24471955	     -7.70386229
      3.01000000	     97.17139427	     15.05849496	     -0.80799596	      1.45905816	     -0.69449659	      0.72359656	    -14.57978558	    -13.32456571	     -0.28812539	    -31.56421285	      7.33640201	     -7.20559823	     -8.67209260	     -5.77427886	     32.86871891	    -32.59745128	     -8.63916754	     -7.43276111
      3.02000000	     97.11459048	     15.55149397	     -0.59057580	      1.47039507	     -0.69553179	      0.72184903	    -14.44190298	    -13.41406176	     -0.92807271	    -32.67497377	      7.55972757	     -7.16447424	     -8.79406673	     -5.58060038	     31.98256961	    -30.52120443	     -9.12500572	     -7.16310625
      3.03000000	     97.00960443	     15.99140917	     -0.41215836	      1.48201630	     -0.69662087	      0.72005276	    -14.21737881	    -13.41653581	     -1.44574269	    -33.91516406	      7.74352042	     -7.09840629	     -8.75220161	     -5.38413868	     31.08831558	    -28.71996600	     -9.52592119	     -7.00162759
      3.04000000	     96.84712353	     16.36739222	     -0.26798771	      1.49389221	     -0.69775447	      0.71823764	    -13.88818594	    -13.29155059	     -1.82948805	    -35.28334164	      7.83690378	     -7.00569568	     -8.54965294	     -5.16142206	     30.20157481	    -27.22738880	     -9.75223004	     -6.97319884
      3.05000000	     96.61450007	     16.67039904	     -0.14663409	      1.50598135	     -0.69892700	      0.71642697	    -13.42343418	    -12.96675642	     -2.05972775	    -36.78911125	      7.83277716	     -6.88543142	     -8.18536314	     -4.89925344	     29.33237033	    -26.06260434	     -9.81241596	     -7.06182657
      3.06000000	     96.29814730	     16.91127484	     -0.04503494	      1.51825465	     -0.70015550	      0.71465381	    -12.78878750	    -12.39055201	     -2.10871021	    -38.44943314	      7.73243404	     -6.00915157	     -7.66372778	     -4.58485037	     28.48416686	    -25.21958155	     -9.66164709	     -7.87837775
      3.07000000	     95.89214714	     17.05834597	     -0.00375757	      1.53062958	     -0.70141279	      0.71294610	    -11.97898943	    -11.57627063	     -1.92517250	    -40.25519037	      7.57359102	     -5.95085829	     -6.98767070	     -4.18328479	     27.72473385	    -24.69370139	     -9.47545569	     -8.04886270
      3.08000000	     95.38921094	     17.15341094	      0.00767227	      1.54310721	     -0.70273361	      0.71135165	    -10.99758427	    -10.55366714	     -1.54652302	    -42.19619952	      6.90193311	     -5.35386800	     -6.16138549	     -3.74337963	     27.01506138	    -24.45000920	     -8.64242379	     -8.81723052
      3.09000000	     94.77394810	     17.17298292	     -0.01609482	      1.55560913	     -0.70410244	      0.70990106	     -9.83953021	     -9.30715040	     -0.94829205	    -44.28339781	      6.23057422	     -4.94819613	     -5.19263449	     -3.19437744	     26.35954443	    -24.41859583	     -7.92212671	     -9.39059139
      3.10000000	     94.11177886	     17.11233243	     -0.03321110	      1.56808986	     -0.70547536	      0.70851610	     -8.59074739	     -7.79993475	     -0.18842397	    -46.51873656	      5.25444422	     -4.47665244	     -4.11846477	     -2.71312823	     25.78806409	    -24.69930519	     -6.98405028	    -10.06862085
      3.11000000	     93.33278924	     17.00012975	     -0.06756474	      1.58051844	     -0.70690720	      0.70734772	     -7.21755295	     -6.18024266	      0.74443513	    -48.87102625	      4.10978175	     -4.08612105	     -2.91379644	     -2.17337001	     25.24049933	    -25.07103591	     -6.01913575	    -10.68246160
      3.12000000	     92.49142776	     16.82122793	     -0.10784769	      1.59283280	     -0.70836031	      0.70637023	     -5.80161589	     -4.44760314	      1.81770081	    -51.32636952	      2.76518586	     -3.79396534	     -1.62983718	     -1.63868915	     24.72755715	    -25.54101590	     -5.02805572	    -11.23577009
      3.13000000	     91.59939399	     16.58573405	     -0.16476498	      1.60498744	     -0.70983080	      0.70561976	     -4.38431704	     -2.66746133	      3.02436083	    -53.86291697	      1.25356081	     -3.63760642	     -0.28446039	     -1.14255952	     24.24375751	    -26.03866855	     -4.05491721	    -11.70010753
      3.14000000	     90.67635371	     16.29917784	     -0.23550899	      1.61694363	     -0.71130852	      0.70512243	     -3.01393351	     -0.89699751	      4.33976486	    -56.45111267	     -0.38811572	     -3.65294075	      1.09586509	     -0.71131845	     23.76776029	    -26.50189727	     -3.13133835	    -12.05178457
      3.15000000	     89.74778289	     15.97237118	     -0.34966469	      1.62865979	     -0.71278374	      0.70490686	     -1.74081678	      0.80392869	      5.77711225	    -59.06118094	     -2.06957394	     -3.85087384	      2.47766326	     -0.36579717	     23.31002197	    -26.87594544	     -2.29598090	    -12.27502803
      3.16000000	     88.83834552	     15.61178005	     -0.48279098	      1.64011696	     -0.71424157	      0.70497910	     -0.60324177	      2.40495029	      7.29249914	    -61.65510438	     -3.76272975	     -4.27671595	      3.82871855	     -0.11860426	     22.82505740	    -27.11847853	     -1.54346050	    -12.34531437
      3.17000000	     87.97244352	     15.22913632	     -0.68304191	      1.65129365	     -0.71566610	      0.70536019	      0.35451300	      3.85525133	      8.92183190	    -64.19982596	     -5.28700271	     -4.85166706	      5.11676269	      0.03562903	     22.34370722	    -27.19287194	     -0.91599291	    -12.27447152
      3.18000000	     87.14571549	     14.82137616	     -0.80793809	      1.66221989	     -0.71704818	      0.70600205	      1.15539404	      5.15245475	     10.49553475	    -66.64327434	     -6.79744790	     -6.02282694	      6.34233553	      0.10519576	     21.70702828	    -27.08743987	     -0.28036355	    -11.86289663
      3.19000000	     86.42812895	     14.42377250	     -1.10080662	      1.67285024	     -0.71838203	      0.70695436	      1.69900891	      6.25917580	     12.27507230	    -68.97834448	     -7.73567606	     -6.60758068	      7.42546493	      0.11674626	     21.15461168	    -26.79550976	      0.14223959	    -11.57053951
      3.20000000	     85.80194954	     14.03116154	     -1.40046462	      1.68323613	     -0.71964979	      0.70815062	      2.03245435	      7.18121493	     14.07093056	    -71.14870851	     -8.39575874	     -7.26161619	      8.38280293	      0.08779038	     20.51943113	    -26.32859875	      0.51392104	    -11.13364511
      3.21000000	     85.27077271	     13.63576899	     -1.69201465	      1.69341037	     -0.72084614	      0.70955275	      2.17269169	      7.95575163	     15.86273714	    -73.12777087	     -8.43973946	     -7.43342332	      9.19926996	      0.11480298	     19.77632273	    -25.68805830	      0.59349922	    -11.03304600
      3.22000000	     84.83992322	     13.27852800	     -1.97533048	      1.70340560	     -0.72197576	      0.71114535	      2.12306826	      8.50989913	     17.63470268	    -74.87101323	     -8.41276434	     -7.62571942	      9.87824480	      0.15368752	     18.93378305	    -24.89313368	      0.66662607	    -10.88851916
      3.23000000	     84.54282713	     12.89848690	     -2.28384392	      1.71320712	     -0.72296782	      0.71282836	      1.86070154	      8.95172876	     19.40939570	    -76.36227566	     -8.03869988	     -8.41377085	     10.38924952	      0.23889081	     18.08061369	    -24.07386588	      1.02324344	     -9.99675447
      3.24000000	     84.35413299	     12.52822882	     -2.61014370	      1.72286250	     -0.72385037	      0.71461018	      1.43049694	      9.26871929	     21.18418915	    -77.58220847	     -7.71748627	     -8.65554198	     10.74085290	      0.48073015	     17.17840554	    -23.17114482	      1.10690691	     -9.78108921
      3.25000000	     84.24188348	     12.16018235	     -2.86840315	      1.73241161	     -0.72463938	      0.71642009	      0.89952773	      9.47380221	     22.85767704	    -78.51557988	     -6.93480064	     -9.09247678	     10.98047221	      0.86192693	     16.15943376	    -22.21976127	      1.17873803	     -9.41063221
      3.26000000	     84.21134234	     11.78464596	     -3.09403529	      1.74185820	     -0.72530620	      0.71821334	      0.26789003	      9.60516591	     24.46485927	    -79.15959801	     -6.07916540	     -9.52815389	     11.10499703	      1.39554938	     15.08563667	    -21.27196785	      1.25853046	     -9.05028355
      3.27000000	     84.26943873	     11.37586287	     -3.30578934	      1.75119278	     -0.72582601	      0.71995446	     -0.46904393	      9.70245626	     26.01657149	    -79.51004684	     -5.19483839	     -9.99208497	     11.11207291	      2.08006730	     14.00138393	    -20.37436809	      1.32081534	     -8.73831065
      3.28000000	     84.36035382	     10.95541240	     -3.48855502	      1.76042872	     -0.72624250	      0.72158435	     -1.23372833	      9.77514059	     27.51955695	    -79.59648650	     -4.29854896	    -10.51271468	     11.07222381	      2.86791673	     12.91197340	    -19.53467947	      1.37121784	     -8.45995125
      3.29000000	     84.49700363	     10.48134984	     -3.60549826	      1.76956496	     -0.72650683	      0.72306281	     -2.03408865	      9.88146369	     28.92025429	    -79.41893176	     -3.37428881	    -11.14356353	     10.97760487	      3.71541446	     11.80231831	    -18.80203097	      1.42602273	     -8.17718180
      3.30000000	     84.64953915	      9.98491211	     -3.74340882	      1.77858265	     -0.72666049	      0.72438589	     -2.84613198	      9.98541881	     30.32737534	    -79.00322883	     -2.57973516	    -11.81674476	     10.86214992	      4.59498759	     10.77131879	    -18.16482663	      1.47844749	     -7.92288156
      3.31000000	     84.80838250	      9.44457883	     -3.85578228	      1.78749155	     -0.72670067	      0.72550949	     -3.64728337	     10.13071889	     31.69095074	    -78.36584811	     -1.86873828	    -12.60272090	     10.74219152	      5.45397278	      9.78670933	    -17.64960772	      1.53469795	     -7.66566396
      3.32000000	     84.96696771	      8.87147555	     -3.98347960	      1.79627827	     -0.72663366	      0.72642957	     -4.43518861	     10.29231469	     33.05653075	    -77.52292974	     -1.28648005	    -13.44573309	     10.62237280	      6.24361438	      8.89860368	    -17.25668452	      1.59549612	     -7.41021926
      3.33000000	     85.06361888	      8.25961105	     -4.06412725	      1.80497022	     -0.72650318	      0.72711625	     -5.12953387	     10.53929397	     34.38665362	    -76.51627549	     -1.02372231	    -13.83666341	     10.57518562	      7.04213939	      8.01080655	    -16.92422856	      1.62827422	     -7.24921977
      3.34000000	     85.20900363	      7.61229890	     -4.21906279	      1.81352979	     -0.72620729	      0.72756538	     -5.86938080	     10.74630056	     35.75138922	    -75.30861980	     -0.39983785	    -15.09285347	     10.46132288	      7.53487461	      7.34193045	    -16.81724651	      1.72598213	     -6.90466846
      3.35000000	     85.27279613	      6.96224490	     -4.31855854	      1.82203246	     -0.72588748	      0.72779092	     -6.47287235	     10.96141560	     37.05183191	    -73.94527995	     -0.38896526	    -16.40251009	     10.44527480	      8.03484781	      6.63078464	    -16.71070657	      1.95372248	     -6.40715162
      3.36000000	     85.31521630	      6.27953913	     -4.49452389	      1.83045007	     -0.72548953	      0.72777851	     -7.04702590	     11.22565023	     38.43123078	    -72.44056281	     -0.29627842	    -16.59611811	     10.43405319	      8.43798155	      6.07535843	    -16.71772303	      1.99558877	     -6.30405882
      3.37000000	     85.32915897	      5.59442328	     -4.67257907	      1.83883917	     -0.72502320	      0.72752328	     -7.54831318	     11.46476949	     39.77649442	    -70.78120842	     -0.10964934	    -16.85539443	     10.44658898	      8.71332194	      5.57527686	    -16.80695320	      2.05265564	     -6.18071842
      3.38000000	     85.31541748	      4.92092956	     -4.84819022	      1.84724375	     -0.72450760	      0.72703374	     -7.96346588	     11.65456606	     41.06381812	    -68.96544604	      0.07590130	    -17.08804572	     10.48342369	      8.88987209	      5.10569913	    -16.95445811	      2.14287352	     -6.03847632
      3.39000000	     85.27008318	      4.26361196	     -5.01397642	      1.85571248	     -0.72394196	      0.72631991	     -8.27802986	     11.79678886	     42.26804665	    -66.99254101	      0.20054337	    -17.19736243	     10.54855779	      9.01562521	      4.63782221	    -17.13807768	      2.26224310	     -5.90124814
      3.40000000	     85.19995376	      3.63676061	     -5.17702120	      1.86429189	     -0.72334460	      0.72539275	     -8.48304984	     11.85363852	     43.36927612	    -64.86315180	      0.26182228	    -17.15435643	     10.63618592	      9.11666237	      4.16328862	    -17.34266810	      2.41979872	     -5.76632212
      3.41000000	     85.11321543	      3.04102871	     -5.34318996	      1.87304107	     -0.72271384	      0.72427315	     -8.57594202	     11.82170697	     44.34587348	    -62.57536347	      0.25286322	    -16.93640854	     10.73666943	      9.24648588	      3.66979797	    -17.55329433	      2.61239819	     -5.64187981
      3.42000000	     85.00766938	      2.49233452	     -5.51396282	      1.88201604	     -0.72205377	      0.72297343	     -8.53578257	     11.66090364	     45.17067558	    -60.14397479	      0.14239611	    -16.40373294	     10.85626593	      9.42801287	      3.14492117	    -17.75737879	      2.91417719	     -5.48634967
      3.43000000	     84.90010531	      2.01172622	     -5.47766902	      1.89131078	     -0.72139604	      0.72142236	     -8.35191656	     11.44454161	     45.63287863	    -57.64817419	      0.75307478	    -14.30437777	     11.00715240	      9.44430387	      2.40118598	    -18.02291463	      3.67829361	     -4.68140408
      3.44000000	     84.79462482	      1.56718352	     -5.51180213	      1.90091822	     -0.72069194	      0.71974465	     -8.03153931	     11.03580862	     45.95614364	    -55.04572033	      0.75272123	    -13.18367757	     11.14906836	      9.63845492	      1.67489717	    -18.26684963	      3.95421277	     -4.61497991
      3.45000000	     84.68922810	      1.19474392	     -5.52153028	      1.91090882	     -0.71997003	      0.71792487	     -7.53431572	     10.39540017	     46.03483796	    -52.40955210	      0.62451061	    -12.91105355	     11.30483268	      9.85869400	      0.88626447	    -18.51999849	      4.05320194	     -4.61130285
      3.46000000	     84.62215944	      0.84502286	     -5.32421959	      1.92132325	     -0.71924384	      0.71591862	     -6.95243054	      9.74902539	     45.74814806	    -49.86382762	      0.06208703	    -11.98395811	     11.47205188	     10.09711839	     -0.12396108	    -18.87517054	      4.42680447	     -4.61866748
      3.47000000	     84.58543464	      0.56474252	     -5.25218407	      1.93211987	     -0.71848046	      0.71384624	     -6.28281223	      8.84612848	     45.41107155	    -47.44439730	     -0.15815198	    -10.83082880	     11.59861323	     10.33610972	     -0.97602403	    -19.34404017	      4.85410794	     -4.44776211
      3.48000000	     84.60396060	      0.35133440	     -5.00491360	      1.94336377	     -0.71771245	      0.71166476	     -5.55118339	      7.80990844	     44.76273328	    -45.27357497	     -0.16374550	    -10.47332301	     11.71141394	     10.44293037	     -1.97098822	    -19.94966436	      4.96375260	     -4.37076904
      3.49000000	     84.69342154	      0.19750133	     -4.77066324	      1.95498734	     -0.71693461	      0.70946323	     -4.84689225	      6.64179974	     44.03896488	    -43.42263169	     -0.24142734	    -10.12375238	     11.76686762	     10.48386872	     -2.86830021	    -20.75763671	      5.10065628	     -4.29974388
      3.50000000	     84.87325647	      0.10143461	     -4.55024042	      1.96696782	     -0.71613662	      0.70729502	     -4.23565037	      5.38165557	     43.27713720	    -41.96032136	     -0.25955540	     -9.91290978	     11.73249147	     10.38835019	     -3.62649744	    -21.81243687	      5.18215895	     -4.21936680
      3.51000000	     85.15229815	      0.07296014	     -4.37563455	      1.97925162	     -0.71531879	      0.70520565	     -3.76558373	      4.04089337	     42.54364922	    -40.93887902	     -0.19730597	     -9.85646842	     11.58315859	     10.10640164	     -4.17304416	    -23.14932525	      5.16038935	     -4.17178986
      3.52000000	     85.56823293	      0.09094292	     -4.16854771	      1.99183233	     -0.71444818	      0.70322910	     -3.52488603	      2.71208297	     41.77238474	    -40.36675460	      0.08083845	    -10.38854515	     11.26685802	      9.55903441	     -4.56117196	    -24.79547758	      4.94291135	     -3.87306228
      3.53000000	     86.12038234	      0.15642455	     -4.05181196	      2.00462652	     -0.71350333	      0.70138112	     -3.53980790	      1.39427067	     41.10515598	    -40.23684455	     -0.03093057	    -11.52758959	     10.74384651	      8.73473749	     -4.62050374	    -26.79311529	      4.60806628	     -3.75643361
      3.54000000	     86.81373111	      0.25827969	     -3.96311682	      2.01763158	     -0.71249311	      0.69966400	     -3.88775124	      0.24877728	     40.50942698	    -40.55370411	      0.16011479	    -11.64291345	     10.02629485	      7.66072909	     -4.44116520	    -29.10195532	      4.35868915	     -3.80937587
      3.55000000	     87.55609465	      0.44655807	     -3.85940385	      2.03080239	     -0.71144587	      0.69806811	     -4.37089708	     -0.95897956	     39.88737461	    -41.23063646	      1.13732963	    -12.71633533	      9.22824194	      6.30984069	     -4.11185102	    -31.61552648	      3.08471923	     -3.60839785
      3.56000000	     88.45817564	      0.60240311	     -3.75116323	      2.04410681	     -0.71027260	      0.69656571	     -5.20038508	     -1.91576463	     39.24847654	    -42.15715250	      1.72883116	    -13.71846886	      8.21720285	      4.82955912	     -3.63073643	    -34.36985092	      1.85806603	     -3.73922020
      3.57000000	     89.40626027	      0.81593737	     -3.62808282	      2.05746280	     -0.70906426	      0.69511418	     -6.16776913	     -2.84975922	     38.56254717	    -43.26012638	      1.89256979	    -15.14781361	      7.14792668	      3.22906511	     -3.09255712	    -37.20145446	      0.13755299	     -4.81023295
      3.58000000	     90.40113722	      1.03016181	     -3.39880275	      2.07080854	     -0.70779876	      0.69364566	     -7.31520469	     -3.58310377	     37.75597984	    -44.49037202	      2.69982288	    -15.83310635	      6.00452507	      1.54216508	     -2.63428798	    -40.07547866	     -1.17649119	     -4.76161131
      3.59000000	     91.39458037	      1.24848897	     -3.11435740	      2.08398278	     -0.70651307	      0.69216822	     -8.52043994	     -4.23785138	     36.85391346	    -45.72110237	      3.50789622	    -16.57766630	      4.86124871	     -0.07501413	     -2.28745400	    -42.84659086	     -2.72861459	     -5.04436165
