Coordinates
version=1
nRows=398
nColumns=19
inDegrees=yes

Units are S.I. units (second, meters, Newtons, ...)
If the header above contains a line with 'inDegrees', this indicates whether rotational values are in degrees (yes) or radians (no).

endheader
time	pelvis_to_ground_rx	pelvis_to_ground_ry	pelvis_to_ground_rz	pelvis_to_ground_tx	pelvis_to_ground_ty	pelvis_to_ground_tz	left_hip_abduction	left_hip_rotation	left_hip_flexion	left_knee_flexion	left_ankle_flexion	left_subtalar_angle	right_hip_abduction	right_hip_rotation	right_hip_flexion	right_knee_flexion	right_ankle_flexion	right_subtalar_angle
      0.00000000	     99.92039381	      5.10498596	     -6.90970721	     -2.05835371	     -0.67396260	      0.71342400	    -17.37557672	     -6.23243215	     28.36430822	    -37.31307219	      5.75120057	    -11.81280096	     -1.65537835	    -18.45473627	     14.40675790	    -63.13115614	     -1.26814948	     -2.55470796
      0.01000000	     99.82584788	      5.35243192	     -7.11570182	     -2.04749001	     -0.67362396	      0.71680213	    -17.04303367	     -6.61555163	     26.81263141	    -35.84230806	      5.64386362	    -11.69734903	     -0.74764729	    -17.98265617	     16.81642834	    -63.82467357	     -0.65040303	     -2.98133734
      0.02000000	     99.74744183	      5.61452584	     -7.16056109	     -2.03657810	     -0.67327662	      0.71993877	    -16.75348607	     -6.96832866	     25.08885649	    -34.35194474	      5.50661769	    -11.50809195	      0.01165838	    -17.48957722	     18.96022039	    -64.38182517	      0.16392905	     -3.45719162
      0.03000000	     99.68039249	      5.88425074	     -7.10668331	     -2.02565873	     -0.67293239	      0.72282824	    -16.50685587	     -7.25580920	     23.29252217	    -32.88783546	      5.35451743	    -11.26468201	      0.63791082	    -16.96544168	     20.91606760	    -64.78217923	      0.96650090	     -3.97115428
      0.04000000	     99.57869377	      6.20324246	     -6.94320116	     -2.01475312	     -0.67261697	      0.72549363	    -16.23026846	     -7.65236927	     21.39805142	    -31.45611235	      5.32858246	    -11.07857972	      1.17516529	    -16.43386305	     22.66227001	    -64.97058457	      1.23009756	     -4.20775769
      0.05000000	     99.41694647	      6.56590463	     -6.77404893	     -2.00389660	     -0.67237455	      0.72794224	    -15.89997974	     -8.10125943	     19.56748088	    -30.12968520	      5.24536731	    -10.84238404	      1.67967585	    -15.84206777	     24.31547581	    -64.92029062	      1.55278253	     -4.61490868
      0.06000000	     99.21429756	      6.95195715	     -6.51945304	     -1.99308976	     -0.67219129	      0.73012540	    -15.56851541	     -8.40673605	     17.76568689	    -28.96567901	      5.01301728	    -10.39604419	      2.08364664	    -15.15301315	     25.78025963	    -64.61320870	      1.50194109	     -6.25534643
      0.07000000	     99.01103502	      7.39309564	     -6.36092130	     -1.98236363	     -0.67204947	      0.73209791	    -15.21752190	     -8.92891848	     16.10269708	    -27.88975317	      5.00620821	    -10.21920507	      2.39570977	    -14.48223744	     27.27692779	    -64.07252589	      1.47461040	     -6.47918229
      0.08000000	     98.79088309	      7.87403941	     -6.18782501	     -1.97170501	     -0.67198286	      0.73381546	    -14.86847691	     -9.36592265	     14.53969071	    -26.98664614	      4.69641597	     -9.81193729	      2.58428040	    -13.73193303	     28.64929276	    -63.24418183	      0.78610705	     -8.17183424
      0.09000000	     98.60275095	      8.41322505	     -5.98051828	     -1.96108194	     -0.67194449	      0.73526274	    -14.56527295	     -9.87720378	     12.99314029	    -26.19583287	      4.74977641	     -9.68216368	      2.60015724	    -13.04731292	     29.89166800	    -62.17416279	      0.61197316	     -8.29992561
      0.10000000	     98.43787542	      8.99722354	     -5.81811905	     -1.95051899	     -0.67196134	      0.73645582	    -14.28707105	    -10.38360054	     11.57659906	    -25.54853364	      4.71143100	     -9.49561199	      2.46963000	    -12.36055466	     31.07116711	    -60.83003940	      0.35408956	     -8.54130308
      0.11000000	     98.31131790	      9.63036153	     -5.68116637	     -1.93998272	     -0.67203571	      0.73737910	    -14.04659570	    -10.82653731	     10.26533674	    -25.03364148	      4.63006522	     -9.27830903	      2.17754674	    -11.70795215	     32.15335142	    -59.21315127	      0.00830774	     -8.82343648
      0.12000000	     98.19973128	     10.28521238	     -5.57995930	     -1.92948073	     -0.67218075	      0.73803638	    -13.81234499	    -11.07252927	      9.12387681	    -24.72041565	      4.37726278	     -8.76127617	      1.75119450	    -11.03038769	     33.12972458	    -57.29597931	     -1.37593852	     -9.99268645
      0.13000000	     98.17855114	     10.97958023	     -5.47618067	     -1.91894495	     -0.67233293	      0.73840184	    -13.66917113	    -11.41727923	      7.96610540	    -24.43619731	      4.44092612	     -8.64640947	      1.13292223	    -10.47468387	     33.96589366	    -55.15939202	     -1.42616694	    -10.01141722
      0.14000000	     98.20272552	     11.70275475	     -5.39514556	     -1.90836282	     -0.67252476	      0.73849744	    -13.55920604	    -11.70464377	      6.87708709	    -24.24669692	      4.44013915	     -8.46061843	      0.38896411	     -9.99634328	     34.66474060	    -52.77208774	     -1.61387623	     -9.91502514
      0.15000000	     98.27190665	     12.43546715	     -5.31770753	     -1.89770615	     -0.67274785	      0.73831600	    -13.48532020	    -11.93943036	      5.82663026	    -24.14417431	      4.42721365	     -8.24518091	     -0.46581423	     -9.58148939	     35.19563527	    -50.15944073	     -1.85724106	     -9.71592442
      0.16000000	     98.37495131	     13.16395479	     -5.27113549	     -1.88692422	     -0.67299510	      0.73786432	    -13.41907944	    -12.02850524	      4.85774272	    -24.13368170	      4.46863387	     -7.74778570	     -1.38528617	     -9.24816567	     35.58716148	    -47.35516701	     -2.42030444	     -9.18070399
      0.17000000	     98.52659500	     13.88305183	     -5.16721079	     -1.87596799	     -0.67324792	      0.73711924	    -13.41403959	    -12.19871518	      3.78998030	    -24.13264903	      4.54126745	     -7.53641782	     -2.38225242	     -8.98203768	     35.74063832	    -44.42376231	     -2.60574654	     -8.89711985
      0.18000000	     98.67335771	     14.59316714	     -5.08459687	     -1.86480606	     -0.67354386	      0.73612254	    -13.37427154	    -12.28730552	      2.78188836	    -24.21576232	      4.73186450	     -7.08168444	     -3.34393293	     -8.81614064	     35.75301272	    -41.39689958	     -3.18813122	     -8.14707006
      0.19000000	     98.87119170	     15.23335716	     -4.91862150	     -1.85340289	     -0.67380713	      0.73482432	    -13.41393045	    -12.39813353	      1.64010564	    -24.29845352	      4.84495289	     -6.88283720	     -4.35855970	     -8.62215504	     35.52619608	    -38.39121148	     -3.44941700	     -7.78596029
      0.20000000	     99.02192441	     15.87425270	     -4.76223165	     -1.84170739	     -0.67411969	      0.73330209	    -13.38516319	    -12.51904769	      0.54180234	    -24.48015975	      5.12284942	     -6.48174624	     -5.23020522	     -8.58006686	     35.19066737	    -35.44680719	     -4.19532223	     -7.00489280
      0.21000000	     99.17827303	     16.43752983	     -4.53257880	     -1.82970607	     -0.67442216	      0.73152331	    -13.38438568	    -12.63076972	     -0.64871777	    -24.69753053	      5.33214251	     -6.21125546	     -6.05111481	     -8.52019218	     34.68618814	    -32.69217758	     -4.67575419	     -6.52750469
      0.22000000	     99.32273904	     16.90938328	     -4.29537319	     -1.81741965	     -0.67472102	      0.72954113	    -13.38589732	    -12.73632983	     -1.83070571	    -24.99758697	      5.49473310	     -6.03154643	     -6.78759819	     -8.40424019	     34.10737434	    -30.19184287	     -5.13250984	     -6.13611219
      0.23000000	     99.37555179	     17.36865102	     -4.11719160	     -1.80482214	     -0.67507976	      0.72744901	    -13.27132029	    -12.86467089	     -2.86917213	    -25.45913690	      5.85250911	     -5.64380270	     -7.26945753	     -8.45410018	     33.56612920	    -27.99328854	     -6.04493991	     -5.53123550
      0.24000000	     99.37642903	     17.73097309	     -3.86631038	     -1.79193753	     -0.67542614	      0.72522347	    -13.13241658	    -12.92504551	     -3.92196364	    -26.04870317	      5.95292211	     -5.50686208	     -7.61118061	     -8.45296525	     32.94678974	    -26.19138421	     -6.31835432	     -5.33985861
      0.25000000	     99.28876922	     18.03121329	     -3.67118808	     -1.77880731	     -0.67581352	      0.72297373	    -12.89257069	    -12.94235280	     -4.79089327	    -26.84892960	      6.05097712	     -5.36933062	     -7.72558666	     -8.49569585	     32.39881655	    -24.78451438	     -6.69018410	     -5.13724939
      0.26000000	     99.09886214	     18.29104182	     -3.65741046	     -1.76544659	     -0.67627850	      0.72082259	    -12.52458768	    -13.02486894	     -5.34928218	    -27.84744493	      6.05596942	     -5.31001580	     -7.59347261	     -8.57555642	     32.03231207	    -23.73826971	     -6.82669212	     -5.06636936
      0.27000000	     98.81917050	     18.42331330	     -3.54154220	     -1.75194909	     -0.67672349	      0.71863190	    -12.02596534	    -12.67447675	     -5.73357305	    -29.21892061	      6.01277032	     -5.20718930	     -7.30092673	     -8.54212593	     31.61589171	    -23.14373075	     -7.02069463	     -5.02706561
      0.28000000	     98.41743978	     18.50949061	     -3.56228224	     -1.73829322	     -0.67724783	      0.71662948	    -11.36806849	    -12.26988101	     -5.78263544	    -30.84733439	      5.86327998	     -5.09891873	     -6.78599779	     -8.45974126	     31.32308342	    -22.85138166	     -7.01681934	     -5.12025377
      0.29000000	     97.89462012	     18.52816322	     -3.66982140	     -1.72453195	     -0.67784707	      0.71481058	    -10.53405305	    -11.64415022	     -5.47748717	    -32.80402370	      5.41238501	     -4.61310020	     -6.08934510	     -8.24081894	     31.10317746	    -22.83606609	     -6.67765706	     -5.60660376
      0.30000000	     97.24816006	     18.45219323	     -3.73633030	     -1.71071626	     -0.67847714	      0.71313992	     -9.54851934	    -10.71352123	     -4.93539531	    -35.09395729	      5.10423889	     -4.63776979	     -5.22274172	     -7.89032034	     30.85153435	    -23.09158464	     -6.40306209	     -5.82524955
      0.31000000	     96.47414276	     18.34268886	     -3.89862039	     -1.69687518	     -0.67922238	      0.71174393	     -8.41350021	     -9.65135105	     -4.03923466	    -37.67976146	      4.17317290	     -4.38951593	     -4.19217130	     -7.39836163	     30.64865094	    -23.48421161	     -5.52472364	     -6.47940265
      0.32000000	     95.58468118	     18.14050927	     -4.01186008	     -1.68306586	     -0.68001178	      0.71057055	     -7.17232380	     -8.32390136	     -2.93407849	    -40.54757348	      3.22273943	     -4.34755238	     -3.03274275	     -6.74186848	     30.36901528	    -23.99464992	     -4.73022697	     -7.01367367
      0.33000000	     94.58699059	     17.87161631	     -4.13540958	     -1.66933578	     -0.68087186	      0.70969070	     -5.86124415	     -6.85294982	     -1.58966031	    -43.64997234	      2.08113243	     -4.40388060	     -1.75041270	     -5.95434386	     30.04279760	    -24.52062819	     -3.84016008	     -7.55099007
      0.34000000	     93.49984496	     17.51645274	     -4.21556596	     -1.65573332	     -0.68177874	      0.70911365	     -4.53323601	     -5.25298506	     -0.09586460	    -46.92443176	      0.73586069	     -4.60460759	     -0.37785398	     -5.04459938	     29.60144567	    -24.99613146	     -2.89282558	     -8.06805862
      0.35000000	     92.35575300	     17.08048080	     -4.31577868	     -1.64231405	     -0.68272137	      0.70888763	     -3.24560203	     -3.59757199	      1.58347033	    -50.31760756	     -0.71054408	     -4.97019950	      1.05923847	     -4.06580503	     29.09032780	    -25.35056613	     -1.96787213	     -8.51543611
      0.36000000	     91.17981648	     16.55930077	     -4.44113973	     -1.62911542	     -0.68368346	      0.70903636	     -2.04622647	     -1.92163901	      3.42425698	    -53.76680716	     -2.17370594	     -5.48632512	      2.53099822	     -3.05612928	     28.49312597	    -25.51642591	     -1.11093781	     -8.86423909
      0.37000000	     90.00222605	     15.95765343	     -4.59089063	     -1.61616836	     -0.68464287	      0.70957380	     -0.98279405	     -0.26878659	      5.39691808	    -57.20414720	     -3.63576330	     -6.19885769	      4.00050353	     -2.05660923	     27.79091870	    -25.44917338	     -0.33683894	     -9.08455847
      0.38000000	     88.84603320	     15.25700097	     -4.69271092	     -1.60347191	     -0.68556125	      0.71047536	     -0.08211024	      1.36458071	      7.39215573	    -60.55266521	     -5.11436140	     -7.38341994	      5.43485429	     -1.08772821	     26.89861556	    -25.12909619	      0.32141556	     -9.05772783
      0.39000000	     87.79438175	     14.52010505	     -5.05681796	     -1.59110045	     -0.68645828	      0.71180883	      0.55522681	      2.89858158	      9.75232673	    -63.80642610	     -5.75543418	     -7.81811064	      6.75798004	     -0.21830587	     26.12500379	    -24.53121851	      0.65620408	     -9.00850438
      0.40000000	     86.80425895	     13.69966100	     -5.29757728	     -1.57893766	     -0.68730074	      0.71343299	      1.00429427	      4.38331688	     12.01716008	    -66.84527751	     -6.74333782	     -8.68439247	      7.99288622	      0.58350999	     25.07508111	    -23.67941441	      1.12351454	     -8.70566755
      0.41000000	     85.92563076	     12.85770277	     -5.61119659	     -1.56702907	     -0.68810690	      0.71534319	      1.20875301	      5.74483030	     14.41543672	    -69.67567225	     -6.80308363	     -8.88817872	      9.08673014	      1.29910412	     23.96374867	    -22.59229606	      1.17979779	     -8.56704363
      0.42000000	     85.23524483	     11.93737387	     -6.04289136	     -1.55533039	     -0.68877836	      0.71752735	      1.09133807	      7.05135491	     16.93957653	    -72.18522765	     -6.80887800	     -9.14739885	      9.95331765	      1.94364681	     22.84830971	    -21.31904066	      1.19716409	     -8.28538459
      0.43000000	     84.66362280	     11.03985535	     -6.43011216	     -1.54378936	     -0.68941632	      0.71984886	      0.76770913	      8.14962299	     19.43642357	    -74.38435589	     -6.54020332	     -9.66355793	     10.68591324	      2.43136712	     21.60876197	    -19.92128380	      1.13844706	     -7.43622194
      0.44000000	     84.25911669	     10.12207177	     -6.84944400	     -1.53239524	     -0.68996706	      0.72226599	      0.19612597	      9.12160622	     21.96676751	    -76.22906749	     -6.19458136	     -9.92536892	     11.19943247	      2.92501000	     20.34138107	    -18.45741083	      1.09520556	     -6.96046855
      0.45000000	     83.99037329	      9.15426372	     -7.17199733	     -1.52110276	     -0.69041443	      0.72466880	     -0.54424728	     10.02670536	     24.37863630	    -77.69908014	     -5.69545114	    -10.20170276	     11.52743968	      3.47444294	     18.95187610	    -17.00505754	      0.94929558	     -6.47095242
      0.46000000	     83.84399462	      8.26666112	     -7.47782274	     -1.50987930	     -0.69080938	      0.72706512	     -1.42387680	     10.65256724	     26.74761841	    -78.78815453	     -4.75626110	    -10.59993278	     11.71278921	      3.94081401	     17.54379891	    -15.55885349	      0.67590493	     -5.71671737
      0.47000000	     83.80596897	      7.33257647	     -7.65487354	     -1.49871550	     -0.69110878	      0.72933473	     -2.38625296	     11.23510446	     28.94032285	    -79.49061666	     -4.30398799	    -10.83946281	     11.73377203	      4.62058631	     16.02567712	    -14.21491292	      0.58203862	     -5.35212709
      0.48000000	     83.87017535	      6.41154808	     -7.88790130	     -1.48766046	     -0.69127511	      0.73141910	     -3.45038599	     11.67577195	     31.16869465	    -79.84869867	     -3.04921637	    -11.46095541	     11.64700629	      5.17383939	     14.71016950	    -13.13729602	      0.23298855	     -4.64162134
      0.49000000	     83.98350999	      5.53240624	     -7.99123422	     -1.47662816	     -0.69137566	      0.73334485	     -4.48463307	     11.93716396	     33.19090511	    -79.83258049	     -2.15310250	    -11.95590390	     11.48555137	      5.89028493	     13.29668578	    -12.14929880	      0.07065977	     -4.12191177
      0.50000000	     84.13745530	      4.65573149	     -8.03504573	     -1.46566805	     -0.69136731	      0.73502557	     -5.48737375	     12.11209907	     35.09846395	    -79.48531600	     -1.31291281	    -12.51141550	     11.27839978	      6.64145764	     11.94492523	    -11.39843312	     -0.06817672	     -3.69659388
      0.51000000	     84.30525716	      3.79042190	     -8.03250849	     -1.45477146	     -0.69125909	      0.73645164	     -6.41650020	     12.18638572	     36.89328026	    -78.81989072	     -0.54263097	    -13.11338229	     11.06077844	      7.41881156	     10.66125549	    -10.86141944	     -0.18059486	     -3.35485547
      0.52000000	     84.44239790	      2.92225224	     -7.96906664	     -1.44393623	     -0.69106724	      0.73758840	     -7.21384650	     12.22881756	     38.57101064	    -77.87010473	     -0.13669763	    -13.45724965	     10.88473513	      8.24341023	      9.42040692	    -10.52086349	     -0.22051045	     -3.15013187
      0.53000000	     84.59268596	      2.11165823	     -7.90008584	     -1.43316530	     -0.69077749	      0.73843786	     -7.91190874	     12.08884806	     40.15004762	    -76.63204784	      0.71038268	    -14.25372757	     10.72011237	      8.85467062	      8.31408797	    -10.41044571	     -0.30672593	     -2.90084361
      0.54000000	     84.68143525	      1.30518610	     -7.79935156	     -1.42243780	     -0.69043937	      0.73899450	     -8.43144704	     11.93645644	     41.62607280	    -75.13699652	      0.94397944	    -14.48044086	     10.63181011	      9.50598765	      7.24219386	    -10.42342684	     -0.29660196	     -2.76993318
      0.55000000	     84.73959405	      0.52862204	     -7.70628291	     -1.41174178	     -0.69003625	      0.73925011	     -8.79629222	     11.68513459	     43.00419217	    -73.38222450	      1.25675013	    -14.74294934	     10.58899982	     10.01717442	      6.27005722	    -10.58941988	     -0.26868601	     -2.64885093
      0.56000000	     84.75761624	     -0.22268780	     -7.58303756	     -1.40103842	     -0.68958700	      0.73919321	     -8.98833153	     11.39025960	     44.23583550	    -71.38012344	      1.48391983	    -14.89083171	     10.60404439	     10.38374275	      5.33959777	    -10.88477372	     -0.20903385	     -2.54887714
      0.57000000	     84.73937961	     -0.95146565	     -7.45407948	     -1.39029386	     -0.68911004	      0.73883533	     -9.01048036	     11.04430590	     45.32153319	    -69.13506878	      1.61178311	    -14.90069542	     10.66449964	     10.65490589	      4.45173787	    -11.27541955	     -0.11463146	     -2.46375651
      0.58000000	     84.68997895	     -1.65758432	     -7.31833878	     -1.37943768	     -0.68861704	      0.73818610	     -8.87210495	     10.67214618	     46.23897469	    -66.65583972	      1.63931728	    -14.78865761	     10.76207052	     10.82978899	      3.58064441	    -11.72634011	     -0.00649470	     -2.40499939
      0.59000000	     84.61510396	     -2.34991490	     -7.18241598	     -1.36847204	     -0.68812248	      0.73721189	     -8.58340016	     10.26749124	     46.98255951	    -63.97731215	      1.47877491	    -13.96404711	     10.89004987	     10.97017865	      2.76432471	    -12.32747727	      0.52388156	     -2.16841390
      0.60000000	     84.52810964	     -3.01520750	     -7.03081426	     -1.35725212	     -0.68762969	      0.73597216	     -8.14370318	      9.81293049	     47.48884656	    -61.09529060	      1.47454102	    -13.80350210	     11.03429040	     11.08375867	      1.90615799	    -12.92695985	      0.57150483	     -2.13826815
      0.61000000	     84.41229729	     -3.68383376	     -6.80567410	     -1.34575986	     -0.68717276	      0.73441506	     -7.57417201	      9.42255047	     47.73296277	    -58.10592633	      0.96989603	    -12.73378611	     11.23697001	     11.30040626	      0.95931978	    -13.60810955	      1.04143591	     -2.05673227
      0.62000000	     84.31805963	     -4.30419084	     -6.65613156	     -1.33393259	     -0.68671335	      0.73259025	     -6.91257159	      8.89900640	     47.81622860	    -55.02282257	      0.83486123	    -11.41591595	     11.39618534	     11.39918520	      0.12553523	    -14.40501272	      1.53418340	     -1.85807185
      0.63000000	     84.21291492	     -4.88724110	     -6.31038152	     -1.32167856	     -0.68631663	      0.73043640	     -6.10391083	      8.33926341	     47.48637648	    -51.97004845	      0.66642897	    -10.99203114	     11.62155086	     11.47808748	     -0.93914786	    -15.25834213	      1.69487661	     -1.86176159
      0.64000000	     84.18041637	     -5.48711881	     -5.93440394	     -1.30897880	     -0.68590351	      0.72802868	     -5.33624807	      7.82678801	     46.94891413	    -49.00785082	      0.19546620	    -10.25189729	     11.77001026	     11.55761753	     -2.00104559	    -16.26818271	      2.05885141	     -1.90858054
      0.65000000	     84.17873167	     -6.03232075	     -5.57313721	     -1.29583929	     -0.68551378	      0.72539400	     -4.52861719	      7.17732005	     46.25492326	    -46.24323269	     -0.14312017	     -9.65565029	     11.88662030	     11.58160359	     -3.01963749	    -17.39736334	      2.35472979	     -1.92747597
      0.66000000	     84.22921233	     -6.52820206	     -5.21961732	     -1.28226471	     -0.68514829	      0.72257576	     -3.74998026	      6.44013076	     45.44884453	    -43.78146992	     -0.52328239	     -8.98463862	     11.95026598	     11.55176991	     -3.98401583	    -18.66962199	      2.74951839	     -1.87557347
      0.67000000	     84.38266589	     -6.96357003	     -4.84343341	     -1.26827608	     -0.68476925	      0.71961144	     -3.07363053	      5.59174995	     44.53435957	    -41.70057347	     -0.56935522	     -8.79499885	     11.86885168	     11.29131639	     -4.86233613	    -20.13243713	      2.79875278	     -1.88945541
      0.68000000	     84.65191290	     -7.34128059	     -4.45363270	     -1.25391705	     -0.68437810	      0.71658049	     -2.58367575	      4.72082936	     43.57959844	    -40.07597038	     -0.62299867	     -8.67485764	     11.62858474	     10.85205585	     -5.64200709	    -21.77153790	      2.82909536	     -1.90364021
      0.69000000	     85.04999121	     -7.64245843	     -4.10907380	     -1.23926698	     -0.68395316	      0.71356431	     -2.31333547	      3.79183648	     42.66815451	    -38.93616217	     -0.60505850	     -8.68204617	     11.18394939	     10.18910654	     -6.22414238	    -23.60159335	      2.77952331	     -1.89797098
      0.70000000	     85.58532196	     -7.85013124	     -3.82507144	     -1.22440035	     -0.68347651	      0.71062644	     -2.29499988	      2.80493261	     41.84136944	    -38.29803004	     -0.47367031	     -8.85675306	     10.50694016	      9.26126220	     -6.56502017	    -25.62819064	      2.60272268	     -1.85754066
      0.71000000	     86.25875475	     -7.96282595	     -3.56946497	     -1.20937540	     -0.68293707	      0.70788879	     -2.49693874	      1.69342189	     41.01708560	    -38.06165864	      0.01094845	     -9.72409900	      9.61794139	      8.11976156	     -6.71497865	    -27.80064007	      1.98540520	     -1.52849880
      0.72000000	     87.06742000	     -8.00603345	     -3.45236450	     -1.19430422	     -0.68230249	      0.70532121	     -3.05533611	      0.74486957	     40.42282529	    -38.30746479	      0.41371607	    -10.77067096	      8.45773820	      6.68182297	     -6.47645334	    -30.22342465	      1.25539122	     -1.34156729
      0.73000000	     87.96813079	     -7.90385846	     -3.36799963	     -1.17924412	     -0.68161884	      0.70302345	     -3.82536703	     -0.27174173	     39.86168898	    -38.89607918	      0.85553102	    -11.60655635	      7.16145442	      5.01756051	     -6.03957997	    -32.76621382	      0.44808996	     -1.31681475
      0.74000000	     88.99356903	     -7.76130181	     -3.31655451	     -1.16425720	     -0.68083520	      0.70106341	     -4.89504199	     -1.10469658	     39.31717346	    -39.69637070	      1.46726262	    -12.53321082	      5.70386383	      3.25348812	     -5.37744114	    -35.46968083	     -0.64291680	     -1.38694618
      0.75000000	     90.05867282	     -7.48651908	     -3.29481205	     -1.14944150	     -0.68002588	      0.69946362	     -6.12386922	     -1.88551604	     38.76177343	    -40.63806964	      2.12228700	    -13.32351659	      4.20833878	      1.31927155	     -4.52442914	    -38.26624983	     -1.81888994	     -1.61122575
      0.76000000	     91.14944639	     -7.10820604	     -3.29615018	     -1.13485771	     -0.67920192	      0.69829248	     -7.48139878	     -2.55008008	     38.14961762	    -41.58874948	      2.83740502	    -13.99230960	      2.73008772	     -0.68498356	     -3.50106466	    -41.12276539	     -3.08608695	     -1.99049352
      0.77000000	     92.23754683	     -6.63984708	     -3.34905379	     -1.12057844	     -0.67837159	      0.69761649	     -8.89931546	     -3.10431389	     37.46957955	    -42.42001357	      3.56835701	    -14.49556371	      1.32815013	     -2.70420887	     -2.28323069	    -44.00341289	     -4.35896848	     -2.52809510
      0.78000000	     93.28824877	     -6.08674965	     -3.45842063	     -1.10665885	     -0.67755911	      0.69749021	    -10.30347011	     -3.56261236	     36.69949397	    -43.03740371	      4.28600599	    -14.81222637	      0.07218143	     -4.68808775	     -0.87638817	    -46.85659520	     -5.58577019	     -3.23658531
      0.79000000	     94.27492692	     -5.46314543	     -3.63272068	     -1.09313474	     -0.67679416	      0.69795260	    -11.63725357	     -3.91820326	     35.83453085	    -43.36960582	      4.86254017	    -14.65121116	     -0.97798500	     -6.56816824	      0.71746897	    -49.62165081	     -6.85857816	     -4.74446063
      0.80000000	     95.19951288	     -4.81145943	     -3.85176537	     -1.08000866	     -0.67603993	      0.69900890	    -12.86896081	     -4.19135854	     34.83753985	    -43.34853460	      5.05638253	    -14.68254125	     -1.83671235	     -8.34866383	      2.50210446	    -52.30114317	     -7.09313362	     -4.88585707
      0.81000000	     95.96181023	     -4.08805280	     -4.20929663	     -1.06729956	     -0.67539566	      0.70066796	    -13.86365831	     -4.45900751	     33.83139851	    -43.01580046	      5.85377331	    -14.65920396	     -2.34618769	     -9.99266446	      4.53271757	    -54.76977316	     -7.95614495	     -5.40553501
      0.82000000	     96.63358511	     -3.33800418	     -4.45800361	     -1.05492823	     -0.67480737	      0.70283782	    -14.71576031	     -4.63869032	     32.55771571	    -42.33562232	      6.26464571	    -13.85910613	     -2.65025238	    -11.44568203	      6.54098817	    -57.00650270	     -8.45305219	     -6.59672080
      0.83000000	     97.16416671	     -2.58338457	     -4.77193747	     -1.04289542	     -0.67427813	      0.70550263	    -15.32635255	     -4.86733487	     31.20906179	    -41.32594512	      6.36293413	    -13.72718883	     -2.67775086	    -12.70719395	      8.72103603	    -58.99175429	     -8.47694789	     -6.73499571
      0.84000000	     97.54396222	     -1.83857719	     -5.08888600	     -1.03115145	     -0.67381888	      0.70856337	    -15.71064268	     -5.09294937	     29.76810623	    -40.05920118	      6.40818294	    -13.45525820	     -2.44790854	    -13.72236517	     10.97664740	    -60.67387851	     -8.36480732	     -6.95799075
      0.85000000	     97.79373756	     -1.11472841	     -5.32381185	     -1.01961888	     -0.67340634	      0.71193208	    -15.88730439	     -5.38814170	     28.14222993	    -38.54456252	      6.39592066	    -13.15464395	     -2.03969205	    -14.46620011	     13.18358658	    -62.02085530	     -8.17835702	     -7.16544492
      0.86000000	     97.90024561	     -0.41605960	     -5.51959657	     -1.00827560	     -0.67308711	      0.71546206	    -15.88530044	     -5.62058776	     26.47691411	    -36.94111827	      6.26224240	    -12.08576487	     -1.45819531	    -14.95090186	     15.37016137	    -63.03665547	     -7.49573717	     -7.61627999
      0.87000000	     97.86336296	      0.26497299	     -5.70008766	     -0.99708837	     -0.67282663	      0.71910394	    -15.66400047	     -6.05201306	     24.76150509	    -35.23630332	      6.17915299	    -11.59562850	     -0.73251894	    -15.18737192	     17.53040929	    -63.70121183	     -7.09927651	     -7.81120952
      0.88000000	     97.75037192	      0.91984606	     -5.72822641	     -0.98599267	     -0.67261297	      0.72268587	    -15.34856723	     -6.55333577	     22.90183162	    -33.51390417	      5.92889793	    -10.99979133	     -0.01558699	    -15.21623424	     19.49283586	    -64.04951583	     -6.48651370	     -8.08237869
      0.89000000	     97.54778679	      1.56974882	     -5.64117431	     -0.97497164	     -0.67247287	      0.72613892	    -14.92353584	     -7.22839319	     20.95089757	    -31.83276332	      5.82306892	    -10.67732519	      0.69983807	    -15.07518702	     21.27145435	    -64.07825537	     -6.18696894	     -8.23749790
      0.90000000	     97.27144839	      2.16736093	     -5.55290589	     -0.96404639	     -0.67241915	      0.72938363	    -14.43522833	     -7.88136633	     19.11067080	    -30.30062335	      5.32696546	    -10.04973090	      1.41415607	    -14.69754340	     22.98976542	    -63.82190959	     -5.31053444	     -8.70406580
      0.91000000	     96.97874002	      2.76173677	     -5.33671904	     -0.95317467	     -0.67241700	      0.73232144	    -13.95069932	     -8.68547348	     17.20528238	    -28.90523577	      5.20181211	     -9.74881317	      2.00773583	    -14.24161416	     24.49912965	    -63.30952633	     -5.01986566	     -8.88098926
      0.92000000	     96.68541051	      3.30440190	     -5.11464116	     -0.94237610	     -0.67248607	      0.73489544	    -13.50244771	     -9.39970981	     15.43676852	    -27.73480446	      4.71374425	     -9.25738404	      2.49390698	    -13.62419593	     25.93450733	    -62.57279166	     -4.25573819	     -9.44248807
      0.93000000	     96.42143825	      3.84272267	     -4.82965162	     -0.93164445	     -0.67261192	      0.73705782	    -13.12073458	    -10.17945676	     13.70512018	    -26.76773003	      4.59177295	     -9.00380807	      2.82381636	    -12.98501009	     27.23494390	    -61.62854280	     -4.01732913	     -9.64256320
      0.94000000	     96.21224942	      4.35159470	     -4.53350628	     -0.92098770	     -0.67278743	      0.73876621	    -12.83536041	    -10.87782299	     12.09048878	    -26.02740244	      4.40347217	     -8.73367122	      2.98355454	    -12.29803789	     28.45954704	    -60.50030721	     -3.69904601	     -9.92977345
      0.95000000	     96.07244355	      4.82218705	     -4.21882200	     -0.91039834	     -0.67301804	      0.73998264	    -12.66033597	    -11.35460406	     10.60971213	    -25.54135907	      4.03316702	     -8.37305372	      2.95955728	    -11.56832591	     29.59696001	    -59.19642353	     -3.19271953	    -10.51797610
      0.96000000	     96.00115887	      5.29763242	     -3.90872125	     -0.89988023	     -0.67329416	      0.74072583	    -12.57973200	    -11.82278322	      9.22543426	    -25.24642503	      3.99424471	     -8.19851325	      2.77196467	    -10.89879854	     30.67039603	    -57.71001879	     -3.10224814	    -10.62994649
      0.97000000	     96.01586979	      5.75272483	     -3.59520111	     -0.88942744	     -0.67360343	      0.74097247	    -12.61183260	    -12.14640824	      7.94284369	    -25.14681209	      3.95740248	     -8.02159160	      2.40525037	    -10.25752722	     31.66395663	    -56.04764184	     -3.00042761	    -10.72204136
      0.98000000	     96.09856593	      6.19916070	     -3.28999732	     -0.87901866	     -0.67395007	      0.74074868	    -12.72227455	    -12.30741986	      6.75970515	    -25.20787584	      3.95941452	     -7.83354237	      1.89535276	     -9.68138328	     32.57574102	    -54.19138313	     -2.93442309	    -10.75569046
      0.99000000	     96.24650521	      6.64800192	     -2.98624786	     -0.86863143	     -0.67433434	      0.74007440	    -12.90686956	    -12.36962781	      5.64167888	    -25.40352152	      4.03840966	     -7.63736467	      1.25904355	     -9.18453845	     33.37998584	    -52.13512229	     -2.95281623	    -10.67014936
      1.00000000	     96.44349024	      7.09875988	     -2.67453916	     -0.85823867	     -0.67474785	      0.73898127	    -13.14586378	    -12.33905492	      4.56410701	    -25.71045246	      4.22676990	     -7.42320179	      0.52678971	     -8.77507565	     34.04881305	    -49.87353059	     -3.09431202	    -10.41601738
      1.01000000	     96.66631219	      7.55703978	     -2.36188434	     -0.84780188	     -0.67519204	      0.73750888	    -13.40416361	    -12.21059520	      3.52990921	    -26.11838761	      4.59024667	     -7.15150421	     -0.25845541	     -8.45685880	     34.56973830	    -47.40793726	     -3.41656148	     -9.90485007
      1.02000000	     96.87608604	      8.03500908	     -2.15026823	     -0.83729877	     -0.67571953	      0.73573069	    -13.59483994	    -11.91375168	      2.69854952	    -26.69778866	      5.53084038	     -5.99891489	     -1.01946960	     -8.22228810	     35.02620718	    -44.73279842	     -3.48402097	     -8.77231088
      1.03000000	     97.10471209	      8.54205998	     -1.86308852	     -0.82664512	     -0.67626008	      0.73365757	    -13.83765972	    -11.80740751	      1.70730063	    -27.23019722	      5.87741201	     -5.96349986	     -1.81467335	     -8.08858222	     35.21912362	    -41.90493010	     -4.08396637	     -8.16121046
      1.04000000	     97.34139169	      9.04329481	     -1.50620994	     -0.81578009	     -0.67681427	      0.73131074	    -14.08987785	    -11.63919202	      0.63146576	    -27.78708176	      6.18290818	     -5.92492860	     -2.62512204	     -7.97587607	     35.15618086	    -38.99331311	     -4.58306415	     -7.63564276
      1.05000000	     97.53338068	      9.58375103	     -1.17270678	     -0.80468045	     -0.67743828	      0.72878781	    -14.27491973	    -11.51364478	     -0.41300046	    -28.41330154	      6.64034483	     -5.86145611	     -3.35733340	     -7.93770520	     34.92922394	    -36.02772076	     -5.36069663	     -6.88588546
      1.06000000	     97.67819971	     10.15883248	     -0.85429314	     -0.79327657	     -0.67812893	      0.72612524	    -14.38471011	    -11.41157143	     -1.43801129	    -29.09839371	      7.09784332	     -5.75734380	     -4.00854011	     -7.94484237	     34.54359339	    -33.10729702	     -6.12941140	     -6.15317816
      1.07000000	     97.75681641	     10.80585269	     -0.60350983	     -0.78154520	     -0.67891034	      0.72337983	    -14.38493912	    -11.37705214	     -2.36147646	    -29.89685436	      7.74868656	     -5.47216488	     -4.51214932	     -8.10976556	     34.09120832	    -30.33460677	     -7.13291153	     -5.21272442
      1.08000000	     97.80063010	     11.41211928	     -0.33217610	     -0.76946026	     -0.67972638	      0.72059449	    -14.33090668	    -11.31350036	     -3.31574084	    -30.70517962	      8.28592293	     -5.06411745	     -4.98950705	     -8.10972108	     33.47862641	    -27.78887500	     -7.88800736	     -4.48473654
      1.09000000	     97.76442730	     12.03690476	     -0.04994682	     -0.75700764	     -0.68059967	      0.71781654	    -14.16127363	    -11.24135783	     -4.24145622	    -31.59888713	      8.67530246	     -4.67146998	     -5.33157185	     -8.14178326	     32.77289611	    -25.57361246	     -8.51088752	     -3.95808653
      1.10000000	     97.63756388	     12.64712774	      0.19212724	     -0.74421334	     -0.68154003	      0.71512233	    -13.84289919	    -11.12488281	     -5.05727602	    -32.58581552	      8.74862232	     -4.56829498	     -5.53932210	     -8.10859190	     32.04381228	    -23.73208660	     -8.74482342	     -3.74879130
      1.11000000	     97.41793544	     13.23937979	      0.32620442	     -0.73111161	     -0.68254949	      0.71260158	    -13.37265373	    -11.01018964	     -5.67956925	    -33.67926224	      8.77507667	     -4.42162637	     -5.58663240	     -8.03286091	     31.38341088	    -22.28991156	     -9.02871106	     -3.54755428
      1.12000000	     97.10308949	     13.79492966	      0.34285709	     -0.71774253	     -0.68363302	      0.71030912	    -12.74303183	    -10.86283596	     -6.07189545	    -34.89162572	      8.69056986	     -4.24355057	     -5.47309013	     -7.87503779	     30.81656085	    -21.25608864	     -9.18646042	     -3.45515003
      1.13000000	     96.67911304	     14.28782309	      0.27824393	     -0.70413588	     -0.68477992	      0.70827544	    -11.93339255	    -10.59966316	     -6.23361742	    -36.24627460	      8.45459235	     -4.02044560	     -5.19232971	     -7.58744769	     30.32062970	    -20.61975223	     -9.18218444	     -3.49621801
      1.14000000	     96.16433499	     14.70870751	      0.08586828	     -0.69035095	     -0.68601565	      0.70657573	    -10.96748492	    -10.23691532	     -6.10952158	    -37.73529126	      7.72153886	     -3.33168354	     -4.77554869	     -7.10570764	     29.92092902	    -20.30798449	     -8.83211984	     -3.94017699
      1.15000000	     95.53388010	     15.03536891	     -0.07494831	     -0.67641719	     -0.68729410	      0.70512037	     -9.82972066	     -9.63792690	     -5.80775895	    -39.42414689	      7.33571082	     -3.22982320	     -4.14457407	     -6.59100036	     29.53816347	    -20.37449545	     -8.55282126	     -4.17092057
      1.16000000	     94.82800944	     15.28514244	     -0.36069707	     -0.66240291	     -0.68866474	      0.70407496	     -8.61255907	     -9.01121857	     -5.23142083	    -41.23768517	      6.02465936	     -2.68924814	     -3.39588578	     -5.87755654	     29.23455383	    -20.63020045	     -7.59607986	     -5.00870746
      1.17000000	     94.02978033	     15.40753551	     -0.66609503	     -0.64837655	     -0.69009371	      0.70339068	     -7.29776043	     -8.19491736	     -4.43480941	    -43.22536440	      4.88596135	     -2.45290298	     -2.50685131	     -4.97256997	     28.92592276	    -21.02482135	     -6.80086821	     -5.63635697
      1.18000000	     93.18426672	     15.42113467	     -0.90752101	     -0.63437820	     -0.69154637	      0.70301519	     -5.96311242	     -7.19382124	     -3.52243621	    -45.37941487	      3.42637533	     -2.28570409	     -1.46187982	     -4.14210888	     28.57419854	    -21.57879247	     -5.84814119	     -6.34300699
      1.19000000	     92.27612512	     15.33132460	     -1.21889402	     -0.62049897	     -0.69307401	      0.70309590	     -4.63014900	     -6.14983756	     -2.37455585	    -47.66785949	      1.93590329	     -2.21685286	     -0.31462007	     -3.19206023	     28.20664744	    -22.04931880	     -4.90639500	     -6.93906436
      1.20000000	     91.35381236	     15.09737786	     -1.48778280	     -0.60679999	     -0.69460039	      0.70355836	     -3.36443931	     -4.96355543	     -1.12241366	    -50.06753156	      0.31284379	     -2.26715298	      0.90280808	     -2.24289239	     27.73765264	    -22.44454298	     -3.96467486	     -7.45465651
      1.21000000	     90.41794800	     14.73464396	     -1.73810954	     -0.59333068	     -0.69613289	      0.70445010	     -2.19138166	     -3.71552531	      0.23552636	    -52.53739912	     -1.37550016	     -2.56647413	      2.16718394	     -1.29461770	     27.14464847	    -22.64737409	     -3.08901553	     -7.79723567
      1.22000000	     89.51589115	     14.29021550	     -2.16258573	     -0.58017879	     -0.69768732	      0.70581977	     -1.16513321	     -2.48281866	      1.90804801	    -55.07999690	     -2.75467293	     -2.70667186	      3.42866302	     -0.43479733	     26.60673416	    -22.59365421	     -2.36774272	     -8.01343768
      1.23000000	     88.64304061	     13.72259150	     -2.55442846	     -0.56732447	     -0.69921327	      0.70759052	     -0.29017169	     -1.19819938	      3.64024938	    -57.61160877	     -4.02711398	     -2.89502004	      4.66147520	      0.37929804	     25.90158758	    -22.26543177	     -1.77119850	     -8.06264491
      1.24000000	     87.82942517	     13.06635547	     -2.98055380	     -0.55479124	     -0.70071741	      0.70974801	      0.40352903	      0.08279919	      5.49237007	    -60.09604240	     -5.06527216	     -3.13375149	      5.82643304	      1.10525016	     25.09172679	    -21.64779412	     -1.33386268	     -7.92135234
      1.25000000	     87.08228872	     12.32159909	     -3.37266958	     -0.54255096	     -0.70218977	      0.71222083	      0.92056893	      1.36945483	      7.37250533	    -62.47760733	     -5.92603886	     -3.46972433	      6.90502789	      1.75171984	     24.11271453	    -20.75973057	     -0.99663908	     -7.50226776
      1.26000000	     86.42486537	     11.53235996	     -3.81820080	     -0.53059793	     -0.70363797	      0.71498272	      1.24311177	      2.61355471	      9.37221746	    -64.72676616	     -6.08010994	     -3.60373123	      7.85231137	      2.34402165	     23.05220911	    -19.59797980	     -0.94148629	     -7.31162825
      1.27000000	     85.88036430	     10.69505675	     -4.26735227	     -0.51891340	     -0.70505028	      0.71791119	      1.36119144	      3.82738101	     11.42518001	    -66.80300596	     -6.21509543	     -3.71933629	      8.64309938	      2.90005351	     21.91100958	    -18.27943511	     -0.96725885	     -6.99208903
      1.28000000	     85.44611364	      9.82998894	     -4.68541874	     -0.50743485	     -0.70642659	      0.72094451	      1.29700324	      4.99389418	     13.47928118	    -68.65579793	     -6.20743496	     -3.86219247	      9.28050268	      3.42521182	     20.66673841	    -16.83170391	     -1.08474979	     -6.55503201
      1.29000000	     85.14233238	      8.94908491	     -5.11138506	     -0.49616373	     -0.70773421	      0.72397961	      1.03393927	      6.10506927	     15.57763301	    -70.27691350	     -5.78912175	     -4.16415274	      9.76355170	      3.83666711	     19.44268026	    -15.40644887	     -1.49888732	     -5.42304237
      1.30000000	     84.91401865	      8.07134824	     -5.40187620	     -0.48502083	     -0.70902115	      0.72694754	      0.66940698	      7.14000501	     17.55569241	    -71.63367080	     -5.23903205	     -4.48610011	     10.10758912	      4.38699876	     18.05241895	    -13.95386005	     -1.64919373	     -4.61636855
      1.31000000	     84.77432223	      7.19135413	     -5.59116772	     -0.47400191	     -0.71025981	      0.72978148	      0.20117946	      8.12229763	     19.44505098	    -72.71637861	     -4.88648440	     -4.73675533	     10.30703965	      5.10453917	     16.57869931	    -12.56697404	     -1.76781569	     -4.20556187
      1.32000000	     84.72628442	      6.33819402	     -5.79989771	     -0.46312938	     -0.71139169	      0.73241151	     -0.39437362	      8.98667529	     21.37979090	    -73.54722903	     -3.78374981	     -5.42797969	     10.40633270	      5.73027035	     15.25351129	    -11.41298970	     -2.22004198	     -3.35180880
      1.33000000	     84.73032573	      5.50369897	     -5.91312208	     -0.45235463	     -0.71244654	      0.73480684	     -1.03606548	      9.76272190	     23.22312054	    -74.10637479	     -2.96809664	     -6.07735152	     10.41960406	      6.52785600	     13.90504573	    -10.42141148	     -2.44393481	     -2.76722187
      1.34000000	     84.78162400	      4.69304440	     -5.98160366	     -0.44169246	     -0.71339051	      0.73691849	     -1.72162821	     10.43378991	     25.02728087	    -74.40999134	     -2.13384421	     -6.86202234	     10.37854637	      7.36919451	     12.64073999	     -9.67869266	     -2.65007582	     -2.30172705
      1.35000000	     84.84083533	      3.93465354	     -6.01361142	     -0.43112806	     -0.71423624	      0.73871942	     -2.39648643	     10.96473362	     26.80238656	    -74.47715779	     -1.33864210	     -7.77495183	     10.33743358	      8.21957615	     11.46087808	     -9.15949051	     -2.80257419	     -1.94444262
      1.36000000	     84.90172241	      3.21998763	     -6.01354104	     -0.42064837	     -0.71497812	      0.74021286	     -3.04542579	     11.36628270	     28.53923972	    -74.30608373	     -0.90736423	     -8.28620586	     10.30207171	      9.15119676	     10.33867440	     -8.81513116	     -2.83847650	     -1.73424344
      1.37000000	     84.96749095	      2.54281015	     -5.98943273	     -0.41028255	     -0.71556003	      0.74130082	     -3.66765104	     11.62703694	     30.24386028	    -73.92496540	      0.08550731	     -9.68989908	     10.30600372	      9.76446515	      9.39540242	     -8.82558684	     -2.89948904	     -1.52519240
      1.38000000	     85.00158812	      1.92167496	     -5.98792368	     -0.39999278	     -0.71605186	      0.74209290	     -4.21796412	     11.74665932	     31.95621531	    -73.32141263	      0.36414261	    -10.17944450	     10.34512133	     10.50314427	      8.50417890	     -8.89260055	     -2.84721975	     -1.40847400
      1.39000000	     85.02671834	      1.33425212	     -5.92891346	     -0.38977574	     -0.71640311	      0.74247113	     -4.69364047	     11.73180853	     33.57123645	    -72.50756842	      1.05135001	    -11.55339706	     10.44115860	     10.87500314	      7.71558536	     -9.24109746	     -2.64209190	     -1.32130577
      1.40000000	     85.01857303	      0.78679440	     -5.90755823	     -0.37961072	     -0.71665268	      0.74254350	     -5.07876246	     11.58554537	     35.17906441	    -71.46864235	      1.16150125	    -12.68496946	     10.57771674	     11.23496768	      6.99096155	     -9.63434392	     -2.32471717	     -1.18706944
      1.41000000	     84.98428920	      0.27555768	     -5.90689436	     -0.36947529	     -0.71680437	      0.74230836	     -5.37497332	     11.34645084	     36.75438595	    -70.21015529	      1.27207191	    -12.88909885	     10.75132392	     11.52160141	      6.31644282	    -10.08027672	     -2.20509051	     -1.15289632
      1.42000000	     84.93734605	     -0.22059709	     -5.92014978	     -0.35934811	     -0.71685239	      0.74177339	     -5.58455718	     11.01715150	     38.25798888	    -68.71211431	      1.48354145	    -13.15126659	     10.94401945	     11.67937436	      5.69427135	    -10.59826025	     -1.95314888	     -1.16253437
      1.43000000	     84.86879690	     -0.69652561	     -5.91833738	     -0.34917744	     -0.71682125	      0.74097108	     -5.68339109	     10.60528003	     39.63500105	    -66.96652399	      1.65122518	    -13.33014175	     11.16771736	     11.76637563	      5.05291985	    -11.12647857	     -1.63676274	     -1.18997940
      1.44000000	     84.79834820	     -1.18003129	     -5.89152820	     -0.33888860	     -0.71670661	      0.73995171	     -5.70039709	     10.19718115	     40.85429753	    -64.95717298	      1.76423186	    -13.44703195	     11.39365221	     11.78651468	      4.35669344	    -11.62504617	     -1.05585330	     -1.20801330
      1.45000000	     84.69146753	     -1.64799255	     -5.89721971	     -0.32852750	     -0.71656207	      0.73872371	     -5.58890353	      9.69350442	     41.95453745	    -62.70685368	      1.73866894	    -13.34221116	     11.65284387	     11.87733092	      3.67401133	    -12.12799556	     -0.68874511	     -1.21107906
      1.46000000	     84.60247783	     -2.14546400	     -5.85580010	     -0.31794043	     -0.71634668	      0.73734852	     -5.42948185	      9.26480417	     42.83185819	    -60.20038254	      1.57349522	    -12.95923506	     11.88759390	     11.94932047	      2.89296244	    -12.58561587	     -0.03005430	     -1.22884931
      1.47000000	     84.50270339	     -2.64745846	     -5.76717935	     -0.30714217	     -0.71609760	      0.73579913	     -5.16101437	      8.78053829	     43.45678105	    -57.48488309	      1.56128915	    -12.83860290	     12.13163125	     11.99810901	      2.05392813	    -13.07909389	      0.05812362	     -1.23202592
      1.48000000	     84.36907067	     -3.17893326	     -5.68101784	     -0.29604057	     -0.71584942	      0.73416352	     -4.81973407	      8.39820385	     43.90204654	    -54.60811336	      1.00102349	    -12.00044612	     12.41846307	     12.32869355	      1.10069201	    -13.46144972	      0.85221307	     -1.34485929
      1.49000000	     84.25915513	     -3.70863191	     -5.49801846	     -0.28462057	     -0.71556046	      0.73236751	     -4.42571799	      7.97990315	     44.03598147	    -51.63176335	      0.65649529	    -11.26614313	     12.67416386	     12.46878873	      0.08838116	    -13.96439382	      1.31820632	     -1.33550733
      1.50000000	     84.15194575	     -4.25839545	     -5.26382856	     -0.27283792	     -0.71525996	      0.73046364	     -3.98933119	      7.58616401	     43.92433839	    -48.63417648	      0.28071197	    -10.61378872	     12.93359179	     12.67993369	     -0.99337713	    -14.52611711	      1.68529611	     -1.32746588
      1.51000000	     84.07076932	     -4.81150065	     -5.03478954	     -0.26068501	     -0.71493199	      0.72846618	     -3.54965207	      7.17364248	     43.64014226	    -45.70037943	     -0.25255900	     -9.78295355	     13.14671460	     12.85576584	     -2.03169546	    -15.21872133	      2.12346816	     -1.28338538
      1.52000000	     84.01078135	     -5.35380322	     -4.62281252	     -0.24811656	     -0.71462607	      0.72633691	     -3.11593726	      6.81213318	     43.04137597	    -42.97032933	     -0.60653209	     -9.33828693	     13.37039645	     12.93690823	     -3.22471289	    -16.04348004	      2.31697581	     -1.24543479
      1.53000000	     84.00894320	     -5.86547948	     -4.20972643	     -0.23517914	     -0.71430662	      0.72414565	     -2.74604209	      6.41223187	     42.32506477	    -40.49515071	     -1.10004669	     -8.88269270	     13.50605920	     12.88427368	     -4.31929864	    -17.07103522	      2.50748372	     -1.19453522
      1.54000000	     84.07539537	     -6.31868643	     -3.83420275	     -0.22192409	     -0.71397797	      0.72192825	     -2.43834509	      5.88948653	     41.54595676	    -38.33910728	     -1.37668677	     -8.61858124	     13.53125943	     12.67371833	     -5.24358123	    -18.32447617	      2.55450710	     -1.15861720
      1.55000000	     84.25954995	     -6.72447753	     -3.39741090	     -0.20835118	     -0.71362935	      0.71967373	     -2.33409598	      5.44160341	     40.68518301	    -36.60278531	     -1.69574237	     -8.40424313	     13.37898918	     12.17388211	     -6.04734276	    -19.85752681	      2.53107729	     -1.09856965
      1.56000000	     84.56497093	     -7.05847639	     -3.00317351	     -0.19453262	     -0.71324197	      0.71745290	     -2.41870995	      4.96656465	     39.84203755	    -35.28666688	     -1.95678424	     -8.29141535	     13.01378592	     11.40565660	     -6.60675011	    -21.65591068	      2.39631749	     -1.00247813
      1.57000000	     85.01381996	     -7.30593570	     -2.63770688	     -0.18051133	     -0.71278976	      0.71530377	     -2.71249548	      4.43805071	     39.00338850	    -34.37983079	     -2.48453874	     -8.60139823	     12.39500001	     10.30970301	     -6.91185554	    -23.72288124	      1.87914838	     -0.32247853
      1.58000000	     85.62002739	     -7.44350113	     -2.36674522	     -0.16636523	     -0.71225139	      0.71322133	     -3.24462312	      3.83684631	     38.26791411	    -33.90686797	     -2.41905274	     -8.71832501	     11.48190198	      8.86822617	     -6.86933518	    -26.06870759	      1.62366185	     -0.33400515
      1.59000000	     86.37345677	     -7.50141879	     -2.10455436	     -0.15210847	     -0.71159409	      0.71128456	     -3.98171724	      3.18007029	     37.50065273	    -33.76338586	     -2.15552163	     -9.43163299	     10.30702136	      7.12265232	     -6.61109582	    -28.61393931	      0.52524329	      0.15258768
      1.60000000	     87.26543534	     -7.45670072	     -1.92047461	     -0.13782180	     -0.71080857	      0.70947677	     -4.94376119	      2.49419285	     36.81033175	    -33.95755211	     -1.86679752	    -10.07856572	      8.87752896	      5.07751801	     -6.05739713	    -31.36669028	     -0.46830301	      0.34431458
      1.61000000	     88.30029720	     -7.34041104	     -1.77201048	     -0.12352949	     -0.70986891	      0.70784127	     -6.13907688	      1.84855287	     36.13459925	    -34.40430508	     -1.42047765	    -10.77058007	      7.22586041	      2.83128302	     -5.29083603	    -34.27423800	     -1.69498117	      0.41960585
      1.62000000	     89.42262271	     -7.13618930	     -1.64645042	     -0.10929933	     -0.70880238	      0.70640460	     -7.48765481	      1.21904475	     35.44047195	    -35.03127956	     -0.84062202	    -11.42791188	      5.44026543	      0.41295332	     -4.35618471	    -37.28158553	     -3.06114632	      0.33710489
      1.63000000	     90.61341589	     -6.86300337	     -1.54080659	     -0.09518544	     -0.70760662	      0.70520920	     -8.96176883	      0.64261519	     34.70265805	    -35.74045348	     -0.15878668	    -12.01822516	      3.57508216	     -2.08584260	     -3.27902384	    -40.34964284	     -4.48976553	      0.08580271
      1.64000000	     91.83596223	     -6.53764151	     -1.48030776	     -0.08125270	     -0.70629849	      0.70431134	    -10.50639120	      0.13543693	     33.92566311	    -36.43845835	      0.60367086	    -12.53193523	      1.70998080	     -4.57071570	     -2.04850248	    -43.43506896	     -5.94474147	     -0.37762753
      1.65000000	     93.04526166	     -6.16676420	     -1.54579000	     -0.06758584	     -0.70491517	      0.70379068	    -12.04055302	     -0.35671669	     33.16151481	    -37.02309974	      1.35498058	    -12.85138936	     -0.04633787	     -6.94529659	     -0.58909752	    -46.48386592	     -7.50397281	     -1.55419413
      1.66000000	     94.23593694	     -5.76339319	     -1.46059942	     -0.05415709	     -0.70347073	      0.70359299	    -13.58261826	     -0.64481025	     32.14527251	    -37.46538084	      2.07043098	    -13.09909404	     -1.72283531	     -9.22596552	      0.80400564	    -49.47680722	     -8.45940838	     -1.99173199
      1.67000000	     95.34176060	     -5.34612485	     -1.55129736	     -0.04109508	     -0.70201799	      0.70387022	    -14.99790104	     -0.93637984	     31.17128208	    -37.66612204	      2.87402467	    -13.21833376	     -3.13762162	    -11.26831902	      2.48836256	    -52.35375863	     -9.38843131	     -2.75964439
      1.68000000	     96.35913126	     -4.95421078	     -1.69130276	     -0.02839268	     -0.70056521	      0.70460136	    -16.29342733	     -1.10924846	     30.12470419	    -37.59022286	      3.03193071	    -13.20371737	     -4.29128859	    -13.02733508	      4.34645598	    -55.09580751	     -9.54000793	     -3.01049006
      1.69000000	     97.20001445	     -4.50015319	     -1.89218660	     -0.01605614	     -0.69923115	      0.70578584	    -17.34346556	     -1.34645793	     29.01577912	    -37.28273427	      4.01339913	    -13.11814792	     -5.06960588	    -14.55266260	      6.34004951	    -57.59127112	    -10.09101666	     -4.05297383
      1.70000000	     97.92076072	     -4.06114719	     -2.03450403	     -0.00405499	     -0.69796370	      0.70738169	    -18.21849249	     -1.52779077	     27.72766627	    -36.68692115	      4.10087237	    -12.95937832	     -5.58065170	    -15.76979573	      8.37296623	    -59.86300987	    -10.09128938	     -4.32999593
      1.71000000	     98.45358074	     -3.65996333	     -2.28701955	      0.00759449	     -0.69684424	      0.70939608	    -18.85103263	     -1.64955466	     26.48382782	    -35.87490568	      4.38331569	    -12.65682219	     -5.68980840	    -16.59240971	     10.61292877	    -61.84879117	     -9.81315537	     -4.89326157
      1.72000000	     98.82458904	     -3.21339140	     -2.45981397	      0.01895927	     -0.69588011	      0.71170595	    -19.25235444	     -1.86788347	     25.06865007	    -34.86986889	      4.52514181	    -12.40233501	     -5.54229935	    -17.15986448	     12.80469473	    -63.51995860	     -9.50835662	     -5.22219781
      1.73000000	     99.03513075	     -2.76725328	     -2.57929403	      0.03007268	     -0.69508024	      0.71428393	    -19.42798019	     -2.17848658	     23.52133020	    -33.67793723	      4.58615657	    -12.18852591	     -5.15408609	    -17.38684998	     14.95600778	    -64.85213109	     -9.16801740	     -5.46799731
      1.74000000	     99.04265219	     -2.32806330	     -2.75154482	      0.04092282	     -0.69451357	      0.71704779	    -19.36418861	     -2.45753652	     22.05203291	    -32.45542488	      4.56972508	    -11.74448590	     -4.46772986	    -17.24363545	     17.15458071	    -65.83059364	     -8.21169869	     -5.96103987
      1.75000000	     98.89663551	     -1.80154640	     -2.80770863	      0.05159804	     -0.69417572	      0.71989816	    -19.09015727	     -2.96353530	     20.42114215	    -31.17534985	      4.52261235	    -11.40063222	     -3.65971418	    -16.90346585	     19.15449551	    -66.44018410	     -7.57372083	     -6.24592276
      1.76000000	     98.70349081	     -1.23433995	     -2.80120271	      0.06210712	     -0.69399641	      0.72271048	    -18.74844176	     -3.58713023	     18.73106231	    -29.87965883	      4.45909171	    -11.12748116	     -2.87247396	    -16.38132495	     21.03406871	    -66.74776456	     -7.07633240	     -6.49115211
      1.77000000	     98.36944249	     -0.61275089	     -2.82464184	      0.07243102	     -0.69409291	      0.72545042	    -18.25535914	     -4.18330037	     17.18139820	    -28.73923018	      4.19501275	    -10.71776104	     -1.97758745	    -15.62685905	     22.84906597	    -66.71755321	     -6.01338542	     -7.03430947
      1.78000000	     97.96566014	      0.15828871	     -2.69263815	      0.08265510	     -0.69442165	      0.72801978	    -17.68079814	     -5.01525040	     15.49607165	    -27.69076391	      4.10622690	    -10.45440433	     -1.15382696	    -14.86715206	     24.37284820	    -66.37120066	     -5.60738410	     -7.26228626
      1.79000000	     97.55454417	      1.00025760	     -2.60857736	      0.09273114	     -0.69495051	      0.73036675	    -17.10177727	     -5.89390929	     13.96133834	    -26.79897746	      3.94557322	    -10.15920229	     -0.41828826	    -14.01151410	     25.85887868	    -65.76481561	     -5.07411421	     -7.61083824
      1.80000000	     97.14898919	      1.94739258	     -2.48675213	      0.10270227	     -0.69567863	      0.73241188	    -16.54077990	     -6.75599374	     12.50459649	    -26.10044469	      3.77026866	     -9.86322376	      0.17518683	    -13.15277118	     27.20343755	    -64.91661577	     -4.57409132	     -7.98352713
      1.81000000	     96.78598392	      2.98109032	     -2.36139309	      0.11257648	     -0.69658446	      0.73411429	    -16.03261109	     -7.50569763	     11.18140872	    -25.61058878	      3.45431774	     -9.44418365	      0.58653668	    -12.28458900	     28.44497624	    -63.84887874	     -3.88607183	     -8.69084592
      1.82000000	     96.47643922	      4.15646890	     -2.22367212	      0.12237721	     -0.69764924	      0.73546186	    -15.58286266	     -8.37225886	      9.91602722	    -25.27088073	      3.41771856	     -9.20455268	      0.80395682	    -11.56260697	     29.57599360	    -62.57762941	     -3.75748588	     -8.85066712
      1.83000000	     96.25594349	      5.39692915	     -2.12239553	      0.13210465	     -0.69882931	      0.73642685	    -15.22464087	     -9.17427750	      8.78238558	    -25.07978645	      3.35836499	     -8.86671531	      0.79508380	    -10.87065023	     30.64634398	    -61.12308581	     -3.58179265	     -9.11806535
      1.84000000	     96.09575752	      6.76205269	     -2.02307818	      0.14181455	     -0.70014321	      0.73700211	    -14.92011984	     -9.89630789	      7.74648179	    -25.05364625	      3.36411261	     -8.58007180	      0.59983767	    -10.37516725	     31.60752255	    -59.48269261	     -3.50826233	     -9.24022013
      1.85000000	     96.01677296	      8.19287073	     -1.94982156	      0.15150802	     -0.70154198	      0.73719071	    -14.68918322	    -10.57593650	      6.80400130	    -25.15328965	      3.41227573	     -8.28834569	      0.20556706	     -9.98496008	     32.47334649	    -57.66868908	     -3.48244056	     -9.28874302
      1.86000000	     96.03410060	      9.64411446	     -1.91265331	      0.16120271	     -0.70296896	      0.73700830	    -14.54787834	    -11.21951679	      5.93734223	    -25.34112217	      3.53414384	     -7.94091066	     -0.39620999	     -9.66447005	     33.23909383	    -55.68711136	     -3.51756098	     -9.25792187
      1.87000000	     96.11194644	     11.11948269	     -1.90790653	      0.17097657	     -0.70443348	      0.73650427	    -14.44635004	    -11.80583221	      5.11867484	    -25.56907280	      3.74553813	     -7.55607678	     -1.13835639	     -9.46890273	     33.87947715	    -53.52692256	     -3.62450960	     -9.12010688
      1.88000000	     96.24861275	     12.58131335	     -1.93063378	      0.18084380	     -0.70590038	      0.73570306	    -14.38817924	    -12.37085747	      4.32562957	    -25.82444452	      4.07250745	     -7.10995268	     -2.00103492	     -9.35965707	     34.37707133	    -51.20095840	     -3.81947019	     -8.85055945
      1.89000000	     96.37939622	     13.97306532	     -1.94243613	      0.19086145	     -0.70735751	      0.73463579	    -14.27975697	    -12.61036756	      3.61209328	    -26.19257420	      5.15131371	     -5.84583867	     -2.89577864	     -9.26984439	     34.68807564	    -48.70858608	     -4.34641668	     -7.99602898
      1.90000000	     96.59269760	     15.34275590	     -2.00798744	      0.20105359	     -0.70877600	      0.73335292	    -14.26759055	    -13.19699084	      2.81074919	    -26.43931232	      5.33062804	     -5.55256161	     -3.87865266	     -9.28598520	     34.86260665	    -46.10815348	     -4.39093241	     -7.81514542
      1.91000000	     96.81345186	     16.60113442	     -2.04635165	      0.21146569	     -0.71011925	      0.73188970	    -14.26449201	    -13.75630433	      1.94827810	    -26.66228237	      5.66592063	     -5.27670707	     -4.86079134	     -9.29099879	     34.83078087	    -43.41303076	     -4.72221126	     -7.42043398
      1.92000000	     96.99059447	     17.72774902	     -2.08917082	      0.22213595	     -0.71141610	      0.73028351	    -14.17661660	    -14.10293043	      1.15690143	    -26.96677397	      6.45896860	     -4.72960325	     -5.75030817	     -9.25538524	     34.64845612	    -40.65830511	     -5.52336529	     -6.57776741
      1.93000000	     97.20684300	     18.74521397	     -2.10120945	      0.23310583	     -0.71261085	      0.72856806	    -14.18240898	    -14.69412795	      0.19508577	    -27.15336413	      6.70031278	     -4.48793910	     -6.61954779	     -9.22433465	     34.28330963	    -37.94847388	     -5.79002817	     -6.28934648
      1.94000000	     97.35175756	     19.63564911	     -2.08166326	      0.24439264	     -0.71375152	      0.72677026	    -14.09728823	    -15.13022880	     -0.72266224	    -27.44810692	      7.29020109	     -4.13470936	     -7.30620466	     -9.21331168	     33.79145869	    -35.31954360	     -6.62931687	     -5.66578884
      1.95000000	     97.51285713	     20.33100490	     -2.04872756	      0.25599190	     -0.71476557	      0.72493343	    -14.07509657	    -15.61610666	     -1.72221175	    -27.68949492	      7.53137458	     -3.93824395	     -7.93227539	     -9.03603583	     33.18950069	    -32.85595539	     -7.01907053	     -5.37869395
      1.96000000	     97.59975646	     20.89715334	     -1.98138783	      0.26791204	     -0.71571736	      0.72308135	    -13.98580177	    -16.00987112	     -2.67785617	    -28.05846600	      7.80738764	     -3.76978302	     -8.34053504	     -8.88829336	     32.51802012	    -30.61642221	     -7.58130412	     -5.04741744
      1.97000000	     97.61608245	     21.31361076	     -1.92936453	      0.28013305	     -0.71658999	      0.72126101	    -13.82187981	    -16.29282358	     -3.52222623	    -28.56417261	      8.03539464	     -3.60398406	     -8.53457971	     -8.72112094	     31.84639326	    -28.64628219	     -8.13349714	     -4.78684944
      1.98000000	     97.54989053	     21.59161190	     -1.94512669	      0.29262169	     -0.71742325	      0.71952403	    -13.54119230	    -16.42624939	     -4.14067101	    -29.28358813	      8.39885033	     -2.97478676	     -8.49748224	     -8.53578228	     31.23748520	    -26.95754291	     -8.86420400	     -4.97037247
      1.99000000	     97.41697377	     21.70482850	     -1.93593465	      0.30534986	     -0.71814639	      0.71786574	    -13.22023758	    -16.43667016	     -4.67396406	    -30.15915295	      8.31483713	     -2.95065251	     -8.27530695	     -8.28591694	     30.61849972	    -25.61162290	     -8.93573467	     -4.91763490
      2.00000000	     97.19135278	     21.67201100	     -1.95585009	      0.31827642	     -0.71880537	      0.71632924	    -12.78362613	    -16.22983825	     -4.97580722	    -31.29264098	      8.12360761	     -2.91751432	     -7.84503227	     -7.98215007	     30.04412458	    -24.57796009	     -8.92493840	     -4.94759164
      2.01000000	     96.85726791	     21.50341020	     -2.00488575	      0.33136261	     -0.71940473	      0.71492934	    -12.19891852	    -15.74914909	     -5.00390915	    -32.71948655	      7.77961315	     -2.86042868	     -7.21714899	     -7.59923479	     29.51439390	    -23.84040240	     -8.76613738	     -5.08996331
      2.02000000	     96.42798172	     21.20512060	     -2.08680069	      0.34456426	     -0.71995328	      0.71369344	    -11.46781438	    -14.94748061	     -4.73541144	    -34.45211039	      7.26632661	     -2.77584789	     -6.43087289	     -7.11760296	     29.01003458	    -23.34430441	     -8.42850029	     -5.34260446
      2.03000000	     95.87959552	     20.80826947	     -2.23241609	      0.35787417	     -0.72049249	      0.71265437	    -10.59179610	    -13.94289349	     -4.16380233	    -36.46488556	      6.09763286	     -2.37043437	     -5.48713480	     -6.51381809	     28.56088863	    -23.06526306	     -7.57686922	     -6.00396112
      2.04000000	     95.20294606	     20.28079663	     -2.36055472	      0.37121196	     -0.72100335	      0.71178651	     -9.56429790	    -12.58988765	     -3.33097855	    -38.78735395	      5.14484877	     -2.17273804	     -4.42154828	     -5.69662271	     28.07327459	    -22.92972565	     -6.85105707	     -6.46371586
      2.05000000	     94.42554554	     19.66883648	     -2.44042157	      0.38456074	     -0.72149184	      0.71105758	     -8.43465200	    -10.94142575	     -2.29993890	    -41.39572433	      3.89644892	     -1.92391153	     -3.22859180	     -4.86829443	     27.54892646	    -22.97096255	     -5.91804422	     -6.98737022
      2.06000000	     93.58300885	     18.91578085	     -2.52278457	      0.39783959	     -0.72194569	      0.71050194	     -7.25947559	     -9.00248399	     -1.06511208	    -44.22352700	      2.58050026	     -1.74613551	     -1.99878952	     -3.83944950	     27.00553853	    -23.10649832	     -4.97508483	     -7.43561095
      2.07000000	     92.58940765	     18.14190602	     -2.56496715	      0.41107349	     -0.72246442	      0.71019103	     -5.98532422	     -6.99852043	      0.31416317	    -47.23802612	      1.05284882	     -1.61453915	     -0.62567265	     -2.78103782	     26.36354994	    -23.19969529	     -3.93674606	     -7.85532626
      2.08000000	     91.55656420	     17.26439900	     -2.62325668	      0.42416027	     -0.72297581	      0.71008985	     -4.73700286	     -4.85337660	      1.84371506	    -50.37502696	     -0.46727040	     -1.62300461	      0.76624679	     -1.63950787	     25.69495040	    -23.27978909	     -2.95521952	     -8.16900541
      2.09000000	     90.48491368	     16.32587625	     -2.69475016	      0.43707539	     -0.72350244	      0.71023330	     -3.53682385	     -2.67665156	      3.49186404	    -53.57901588	     -1.96050611	     -1.78970364	      2.18270404	     -0.49943870	     24.97265617	    -23.27282517	     -2.03392317	     -8.37459010
      2.10000000	     89.40049249	     15.33685595	     -2.78276744	      0.44979290	     -0.72404234	      0.71063706	     -2.42505551	     -0.52197851	      5.23324357	    -56.78825823	     -3.35424780	     -2.14778720	      3.59805623	      0.59715686	     24.18237481	    -23.13307702	     -1.20158860	     -8.44985303
      2.11000000	     88.33838888	     14.31041567	     -2.93169476	      0.46228292	     -0.72459443	      0.71131697	     -1.44869942	      1.55700139	      7.09268337	    -59.94429897	     -4.61215943	     -2.73158234	      4.97591880	      1.61638123	     23.35527842	    -22.82761784	     -0.45638719	     -8.37077104
      2.12000000	     87.32593404	     13.27124863	     -3.13361853	      0.47453545	     -0.72515140	      0.71227525	     -0.64098511	      3.51225667	      9.04872572	    -62.99034312	     -5.62351960	     -3.58954291	      6.28758934	      2.51119907	     22.47038825	    -22.32880264	      0.16464965	     -8.08413949
      2.13000000	     86.37033298	     12.21986402	     -3.33198845	      0.48656726	     -0.72571120	      0.71348131	      0.00510818	      5.36931725	     11.04240611	    -65.88494700	     -5.80902523	     -3.93776207	      7.51473603	      3.32904216	     21.45792899	    -21.61857056	      0.30393969	     -7.92882194
      2.14000000	     85.52238911	     11.22219897	     -3.63565148	      0.49836823	     -0.72626729	      0.71495077	      0.41231225	      6.95726705	     13.16471637	    -68.55037534	     -6.47282951	     -5.46211401	      8.62695571	      3.90374462	     20.45237648	    -20.73026863	      0.87897898	     -7.11814495
      2.15000000	     84.76345590	     10.27562754	     -3.93630583	      0.50998402	     -0.72684634	      0.71664026	      0.64768591	      8.38397977	     15.33056043	    -70.97621956	     -6.41551794	     -5.71308085	      9.60913017	      4.42373903	     19.30776799	    -19.60147364	      0.90986928	     -6.95620728
      2.16000000	     84.17746069	      9.34446240	     -4.36275682	      0.52136571	     -0.72735117	      0.71848797	      0.58691763	      9.61393744	     17.64393217	    -73.10090273	     -5.88593876	     -6.52383548	     10.38049169	      4.84418792	     18.23791565	    -18.39955866	      0.83322713	     -6.39128253
      2.17000000	     83.68934683	      8.48822969	     -4.70369981	      0.53262105	     -0.72785131	      0.72044607	      0.38352615	     10.61545365	     19.88568757	    -74.88788475	     -5.30631179	     -7.36495593	     11.02770154	      5.19427334	     16.99318981	    -17.05018150	      0.77721430	     -5.77144978
      2.18000000	     83.32699962	      7.69625132	     -5.02866156	      0.54373952	     -0.72831342	      0.72247023	      0.01039379	     11.39586571	     22.12063548	    -76.31339404	     -4.59674183	     -8.20804092	     11.51310829	      5.52770503	     15.68170623	    -15.62414344	      0.67891508	     -5.15022010
      2.19000000	     83.08033593	      6.97024554	     -5.31874599	      0.55472688	     -0.72873240	      0.72448874	     -0.49760432	     11.96465693	     24.32548452	    -77.37157778	     -3.73545708	     -9.10094134	     11.85402946	      5.85517830	     14.32178239	    -14.18737853	      0.52866686	     -4.52557536
      2.20000000	     82.93893211	      6.28414023	     -5.58183481	      0.56559424	     -0.72907152	      0.72645345	     -1.11225234	     12.36726552	     26.49321224	    -78.04511362	     -2.80771562	     -9.97859017	     12.05377972	      6.25024551	     12.94243053	    -12.78303956	      0.34301961	     -3.96432266
      2.21000000	     82.89364300	      5.65761209	     -5.77858193	      0.57635872	     -0.72933884	      0.72833986	     -1.79448658	     12.55696340	     28.55558409	    -78.31864978	     -1.83956016	    -10.89903602	     12.13323747	      6.71384668	     11.50911319	    -11.41704756	      0.14168874	     -3.42806405
      2.22000000	     82.89263879	      5.05511418	     -5.92463546	      0.58700689	     -0.72952788	      0.73004913	     -2.47462416	     12.64602382	     30.54611386	    -78.23070852	     -0.88114610	    -11.86728178	     12.15556565	      7.22713865	     10.08906504	    -10.17719196	     -0.06451902	     -2.93341609
      2.23000000	     82.92509178	      4.45432129	     -6.03561739	      0.59754160	     -0.72963421	      0.73159164	     -3.13404387	     12.66375615	     32.45992432	    -77.77055147	     -0.34820960	    -12.37738057	     12.12369302	      7.94053762	      8.67057370	     -9.02447966	     -0.16046612	     -2.62826608
      2.24000000	     83.03293587	      3.88205540	     -6.11749646	      0.60796724	     -0.72959986	      0.73291575	     -3.80574731	     12.49911619	     34.25666216	    -76.92986230	      0.80051752	    -13.55828900	     12.02481271	      8.43418734	      7.36475458	     -8.11711851	     -0.45256569	     -2.19974960
      2.25000000	     83.10170675	      3.29437893	     -6.18420541	      0.61828740	     -0.72950262	      0.73401049	     -4.36193997	     12.34333166	     35.99432437	    -75.76084959	      1.17030481	    -13.97739277	     11.95717353	      9.14804665	      6.08122386	     -7.29084843	     -0.51049989	     -1.95666535
      2.26000000	     83.20389866	      2.68773415	     -6.20978477	      0.62851496	     -0.72927588	      0.73483481	     -4.86244466	     12.11719432	     37.58391903	    -74.23722305	      1.94807204	    -14.97005767	     11.86658785	      9.64861637	      4.90610597	     -6.72852404	     -0.70072409	     -1.63260496
      2.27000000	     83.27069071	      2.05548495	     -6.26641337	      0.63867086	     -0.72897141	      0.73541059	     -5.24830471	     11.89070557	     39.11796413	    -72.39319962	      2.13637624	    -15.23526403	     11.80642282	     10.22691596	      3.82483659	     -6.28295859	     -0.70973465	     -1.44766122
      2.28000000	     83.33171209	      1.40084747	     -6.30726105	      0.64878943	     -0.72857341	      0.73570656	     -5.53222016	     11.65810947	     40.51305354	    -70.22489960	      2.36282770	    -15.50241897	     11.75748797	     10.69329469	      2.83363617	     -6.03231024	     -0.72008496	     -1.26584726
      2.29000000	     83.37044941	      0.71496089	     -6.33613544	      0.65891749	     -0.72809044	      0.73571525	     -5.69043297	     11.42286316	     41.74904822	    -67.74688324	      2.51201883	    -15.67458078	     11.73275578	     11.05380203	      1.92051835	     -5.95458245	     -0.69268061	     -1.09809550
      2.30000000	     83.38640690	      0.00650896	     -6.35992600	      0.66911037	     -0.72753188	      0.73543539	     -5.71874750	     11.18537492	     42.80980755	    -64.97315392	      2.54396879	    -15.69360403	     11.72991216	     11.33633331	      1.07212720	     -6.02442124	     -0.61482836	     -0.95671158
      2.31000000	     83.37813297	     -0.72843181	     -6.38672931	      0.67942947	     -0.72690169	      0.73487218	     -5.61588909	     10.95298823	     43.68023609	    -61.92624338	      2.44469203	    -15.54412842	     11.74820205	     11.60196874	      0.27153257	     -6.21515812	     -0.46036910	     -0.81638471
      2.32000000	     83.34421551	     -1.47741758	     -6.38487606	      0.68992725	     -0.72621072	      0.73401223	     -5.36114001	     10.68588177	     44.29841732	    -58.64305537	      2.15864002	    -15.14446091	     11.79818276	     11.86327861	     -0.51688551	     -6.54291209	     -0.18549418	     -0.67051487
      2.33000000	     83.30255851	     -2.24987552	     -6.28366225	      0.70072743	     -0.72545750	      0.73283587	     -4.99485779	     10.48641126	     44.60122201	    -55.19534901	      1.65911162	    -14.35423592	     11.86295179	     12.00807835	     -1.37537063	     -6.99686480	      0.28848891	     -0.48268800
      2.34000000	     83.24884216	     -3.00800613	     -6.19597621	      0.71183536	     -0.72463529	      0.73136688	     -4.48936816	     10.16781370	     44.67196640	    -51.64257623	      1.34756136	    -13.30287745	     11.92383002	     12.09387280	     -2.17416465	     -7.60494732	      0.83051069	     -0.18890296
      2.35000000	     83.16513753	     -3.76908886	     -5.96885083	      0.72336043	     -0.72379071	      0.72960165	     -3.83235173	      9.84334364	     44.38479217	    -48.10825929	      0.93071554	    -12.42865538	     12.05612663	     12.30505723	     -3.16684492	     -8.24677455	      1.26738212	     -0.08177056
      2.36000000	     83.08787965	     -4.51777950	     -5.67274102	      0.73530694	     -0.72290125	      0.72756864	     -3.08471020	      9.45414312	     43.83327705	    -44.69513982	      0.44508967	    -11.54942684	     12.18980172	     12.49535902	     -4.21004220	     -9.02614516	      1.72670493	     -0.01520865
      2.37000000	     83.02867600	     -5.24012677	     -5.24179575	      0.74770302	     -0.72199407	      0.72529072	     -2.28195893	      9.02028824	     42.99985852	    -41.54265016	      0.04589893	    -10.93926256	     12.33176086	     12.64189410	     -5.37249911	     -9.94112916	      2.05885796	      0.00029190
      2.38000000	     83.02215769	     -5.93632511	     -4.89157893	      0.76048242	     -0.72103293	      0.72289405	     -1.50385941	      8.47293922	     42.12956427	    -38.71998547	     -0.57812797	    -10.12048888	     12.39944714	     12.83142036	     -6.39244394	    -11.03829443	      2.59286975	      0.05560034
      2.39000000	     83.08736629	     -6.57323690	     -4.49348659	      0.77363552	     -0.72005365	      0.72041431	     -0.78044013	      7.81328013	     41.14241839	    -36.34607921	     -0.76347290	     -9.80791516	     12.39220681	     12.92025455	     -7.37887559	    -12.31998978	      2.74400898	      0.05779521
      2.40000000	     83.28348194	     -7.17467469	     -4.02059675	      0.78712710	     -0.71905518	      0.71792183	     -0.30537041	      7.27470706	     40.10911591	    -34.51164099	     -1.27721520	     -9.41195049	     12.24266694	     12.88954241	     -8.31235676	    -13.84667364	      3.11274399	      0.08566427
      2.41000000	     83.60048703	     -7.69719312	     -3.74373806	      0.80080053	     -0.71799939	      0.71558418	      0.02142231	      6.50936083	     39.23515503	    -33.15027846	     -1.43030050	     -9.28208210	     11.91603466	     12.83449741	     -8.88439599	    -15.60739965	      3.19167061	      0.08811660
      2.42000000	     84.08986040	     -8.14995816	     -3.47625309	      0.81465510	     -0.71689965	      0.71340029	      0.02954101	      5.79445406	     38.42899923	    -32.33296842	     -1.55541788	     -9.28286889	     11.36119101	     12.57086217	     -9.23233372	    -17.65261932	      3.19485696	      0.07516620
      2.43000000	     84.74595721	     -8.52894472	     -3.30637609	      0.82859939	     -0.71572346	      0.71146992	     -0.21650417	      4.97598944	     37.71494916	    -31.93368671	     -2.11717830	    -10.64790226	     10.55296963	     12.08789139	     -9.23551653	    -19.98153535	      3.05122194	      0.64661230
      2.44000000	     85.55795635	     -8.79479038	     -3.16278403	      0.84258714	     -0.71451612	      0.70979664	     -0.78571959	      4.19101071	     37.09188003	    -31.99621098	     -2.05247346	    -10.81746319	      9.54869410	     11.39583947	     -8.99005747	    -22.53743700	      2.85313932	      0.51817544
      2.45000000	     86.52250676	     -8.98371025	     -3.10732693	      0.85657567	     -0.71322704	      0.70845471	     -1.63182332	      3.39645860	     36.55188997	    -32.35316602	     -1.76526087	    -11.93434516	      8.32757748	     10.49345781	     -8.41917227	    -25.30552995	      1.87683327	      0.54725195
      2.46000000	     87.60909792	     -9.05843910	     -3.06183064	      0.87050796	     -0.71188245	      0.70743297	     -2.72495637	      2.60904320	     36.00727672	    -32.92768094	     -1.57107462	    -12.90368562	      6.94717222	      9.31732815	     -7.61717240	    -28.24715619	      0.86877846	      0.38063407
      2.47000000	     88.78758995	     -9.01852129	     -3.01921326	      0.88434593	     -0.71049810	      0.70675507	     -4.02721079	      1.87124759	     35.42181710	    -33.60830165	     -1.23301038	    -13.75435438	      5.45579970	      7.87229836	     -6.61673211	    -31.31128173	     -0.32950026	      0.13100363
      2.48000000	     90.03368636	     -8.88550674	     -2.98354521	      0.89804801	     -0.70906161	      0.70646823	     -5.48558474	      1.19777775	     34.74372590	    -34.24356254	     -0.78784094	    -14.52443078	      3.90309917	      6.22898548	     -5.44383887	    -34.44295392	     -1.75816083	     -0.25083480
      2.49000000	     91.29100091	     -8.63679947	     -2.98344613	      0.91155122	     -0.70760373	      0.70658342	     -7.01762506	      0.58020371	     33.98186337	    -34.75081009	     -0.27790023	    -15.15091937	      2.36086856	      4.36908337	     -4.09451678	    -37.58737802	     -3.33115151	     -0.80203352
      2.50000000	     92.53229040	     -8.28570386	     -3.02687014	      0.92482005	     -0.70613762	      0.70713373	     -8.55955679	      0.00986138	     33.10304043	    -35.01808468	      0.25753570	    -15.59046170	      0.88523854	      2.35256829	     -2.58897880	    -40.69026971	     -4.96761454	     -1.55322175
      2.51000000	     93.72073834	     -7.85423580	     -3.13035948	      0.93781551	     -0.70466823	      0.70813246	    -10.05220476	     -0.48855937	     32.10904491	    -34.97907579	      0.78541720	    -15.80788162	     -0.46416087	      0.23892105	     -0.92771621	    -43.70289236	     -6.62284720	     -2.59750349
      2.52000000	     94.82471560	     -7.34706032	     -3.31077479	      0.95052288	     -0.70321560	      0.70956064	    -11.43725040	     -0.93975199	     31.01281343	    -34.60503280	      1.26662850	    -15.73921866	     -1.63396767	     -1.93712316	      0.89193531	    -46.58424661	     -8.14016834	     -3.88534311
      2.53000000	     95.82570404	     -6.76134718	     -3.51215538	      0.96294065	     -0.70179214	      0.71136954	    -12.66461385	     -1.39813615	     29.74718962	    -33.87196021	      1.41098842	    -15.62486055	     -2.60390178	     -4.19426276	      2.80786313	    -49.31167440	     -8.49424431	     -4.29723786
      2.54000000	     96.68589716	     -6.18983904	     -3.79981331	      0.97506526	     -0.70040201	      0.71353726	    -13.73736365	     -1.63740707	     28.45435144	    -32.84925070	      1.97864113	    -14.96606254	     -3.29326111	     -6.28491682	      4.87626019	    -51.80670512	    -10.13024924	     -6.16604590
      2.55000000	     97.39681885	     -5.56704810	     -4.13384224	      0.98690797	     -0.69906333	      0.71596212	    -14.57084888	     -1.97336763	     27.05615421	    -31.52697857	      2.02825681	    -14.74234281	     -3.71401107	     -8.36321640	      7.06676644	    -54.09426629	    -10.16233614	     -6.50046669
      2.56000000	     97.94537546	     -4.97051823	     -4.51974253	      0.99848868	     -0.69778829	      0.71857143	    -15.21046195	     -2.15803458	     25.65395764	    -30.01815961	      2.02940108	    -13.90538454	     -3.83010734	    -10.20375292	      9.37648563	    -56.11651712	    -10.21882946	     -7.51021589
      2.57000000	     98.35206782	     -4.35387074	     -4.77118403	      1.00987964	     -0.69656194	      0.72125028	    -15.62811562	     -2.44429455	     24.01393404	    -28.31304346	      2.07531896	    -13.61902146	     -3.73313691	    -11.87684513	     11.58662648	    -57.85545729	    -10.16597679	     -7.77584129
      2.58000000	     98.59066331	     -3.73059191	     -5.04617162	      1.02104275	     -0.69545086	      0.72392013	    -15.83115903	     -2.75143264	     22.40762064	    -26.58608777	      1.99343066	    -13.16975256	     -3.36614453	    -13.29965965	     13.86485821	    -59.30612391	     -9.88164841	     -8.15856311
      2.59000000	     98.69873739	     -3.13626321	     -5.25044419	      1.03202708	     -0.69444316	      0.72646980	    -15.90732496	     -2.87401009	     20.81713220	    -24.94695915	      1.72999613	    -12.08525727	     -2.82277162	    -14.38993301	     16.09975621	    -60.47562926	     -9.05159331	     -8.89376533
      2.60000000	     98.70106687	     -2.49994687	     -5.36193193	      1.04284478	     -0.69354705	      0.72885419	    -15.80989581	     -3.28089289	     19.14133186	    -23.35878422	      1.70601993	    -11.67911965	     -2.17488975	    -15.25362844	     18.23822994	    -61.35588996	     -8.72832167	     -9.11628466
      2.61000000	     98.60779152	     -1.88705372	     -5.41510312	      1.05351527	     -0.69279274	      0.73101006	    -15.63015402	     -3.55766002	     17.54992828	    -21.98432631	      1.46431287	    -10.78504696	     -1.45023898	    -15.74724366	     20.30260082	    -61.96364854	     -7.63405942	     -9.57564005
      2.62000000	     98.47187604	     -1.23136358	     -5.38646826	      1.06405072	     -0.69216245	      0.73289399	    -15.37888460	     -4.08961300	     15.94684256	    -20.78087344	      1.44301094	    -10.41245798	     -0.75733251	    -16.01280763	     22.24615620	    -62.31284768	     -7.22225054	     -9.74237692
      2.63000000	     98.30157811	     -0.54827478	     -5.30074275	      1.07444994	     -0.69168703	      0.73447544	    -15.10559277	     -4.65696269	     14.43194397	    -19.84558385	      1.36080966	    -10.02063321	     -0.12187324	    -16.01062187	     24.07573608	    -62.41656032	     -6.59938704	    -10.00820693
      2.64000000	     98.12665695	      0.17366912	     -5.15426008	      1.08473734	     -0.69136041	      0.73572262	    -14.85161038	     -5.21961277	     13.01845569	    -19.21387463	      1.29586241	     -9.66677037	      0.39366691	    -15.79793220	     25.77348834	    -62.29626286	     -5.91089631	    -10.29872713
      2.65000000	     97.95712104	      0.93570474	     -4.92550067	      1.09493218	     -0.69118005	      0.73661355	    -14.64254015	     -5.63597778	     11.71873369	    -18.93500454	      1.30154408	     -9.25167973	      0.75299370	    -15.40364645	     27.30196689	    -61.96576373	     -4.85418638	    -10.64634736
      2.66000000	     97.83286760	      1.76408748	     -4.71429470	      1.10501503	     -0.69112915	      0.73719066	    -14.48414553	     -6.23513195	     10.53028616	    -18.86728701	      1.38852939	     -9.07391948	      0.93148459	    -14.91578573	     28.76872089	    -61.43244132	     -4.54285013	    -10.76469477
      2.67000000	     97.74040744	      2.65384114	     -4.47197157	      1.11501445	     -0.69121386	      0.73743233	    -14.38358759	     -6.78738299	      9.45773361	    -19.08503111	      1.53301783	     -8.93732698	      0.92351799	    -14.34420879	     30.10378530	    -60.69941476	     -4.15280817	    -10.95622812
      2.68000000	     97.68475031	      3.60092810	     -4.22578021	      1.12495512	     -0.69142050	      0.73736333	    -14.33640781	     -7.25630528	      8.50540438	    -19.53470416	      1.77066610	     -8.83084716	      0.73016460	    -13.73257206	     31.32916600	    -59.76400519	     -3.78154255	    -11.14503696
      2.69000000	     97.65776679	      4.60368548	     -3.98637610	      1.13485554	     -0.69174729	      0.73701005	    -14.32404422	     -7.65732213	      7.66159090	    -20.17995787	      2.07022329	     -8.74087692	      0.36955797	    -13.10624269	     32.44292235	    -58.61521365	     -3.53311414	    -11.25418731
      2.70000000	     97.65843353	      5.65686397	     -3.76525311	      1.14474842	     -0.69218989	      0.73640220	    -14.33449200	     -8.00730037	      6.90626962	    -20.96575507	      2.54606004	     -8.61052967	     -0.14434225	    -12.49357705	     33.44446336	    -57.24354969	     -3.36118654	    -11.27840762
      2.71000000	     97.65481873	      6.75167605	     -3.50838566	      1.15468248	     -0.69274710	      0.73556090	    -14.32681395	     -8.19447866	      6.18762388	    -21.87198023	      2.68965400	     -8.56251023	     -0.77524701	    -11.91237075	     34.25808989	    -55.63235157	     -3.35241200	    -11.21603728
      2.72000000	     97.72960371	      7.86448746	     -3.41180133	      1.16465353	     -0.69337614	      0.73456310	    -14.37578731	     -8.63594530	      5.56644728	    -22.72887106	      3.34850710	     -8.41065049	     -1.55619991	    -11.36202428	     35.08457193	    -53.79146343	     -3.46073659	    -10.95669400
      2.73000000	     97.74968549	      8.97292869	     -3.20432377	      1.17478736	     -0.69411339	      0.73336339	    -14.33200267	     -8.60084532	      4.96468379	    -23.75717419	      4.37579692	     -7.58701279	     -2.37189884	    -10.84920928	     35.61686567	    -51.70109622	     -3.58279769	    -10.32425045
      2.74000000	     97.82168459	     10.09628299	     -3.08949749	      1.18509672	     -0.69491916	      0.73210912	    -14.33105335	     -9.06648590	      4.24230075	    -24.51245100	      4.59070189	     -7.47454538	     -3.28492228	    -10.39052440	     36.03381343	    -49.35708697	     -3.76636432	    -10.05443206
      2.75000000	     97.86515695	     11.16796614	     -2.99017590	      1.19563924	     -0.69580777	      0.73074607	    -14.24827166	     -9.29397049	      3.57545757	    -25.30205084	      5.17246120	     -7.29378279	     -4.19311841	     -9.92532890	     36.26625821	    -46.78251190	     -4.30565716	     -9.38391593
      2.76000000	     97.93094041	     12.25171596	     -2.85323483	      1.20649275	     -0.69675680	      0.72930039	    -14.18451057	     -9.73783706	      2.73506957	    -25.93928403	      5.47324641	     -7.13924961	     -5.11767058	     -9.59217139	     36.24801399	    -44.03917361	     -4.67850305	     -8.93918624
      2.77000000	     97.95717277	     13.27109595	     -2.78212733	      1.21766661	     -0.69779095	      0.72780404	    -14.01134899	    -10.00977933	      1.98787089	    -26.58678977	      6.00117967	     -6.89877824	     -5.96016929	     -9.25629002	     36.09380387	    -41.13508921	     -5.43090758	     -8.16538192
      2.78000000	     97.99774879	     14.25301274	     -2.64729247	      1.22923686	     -0.69885531	      0.72623721	    -13.85140119	    -10.39568980	      1.05929591	    -27.09666558	      6.38121024	     -6.62423802	     -6.76294355	     -8.99889032	     35.68231055	    -38.18212219	     -6.07348406	     -7.55225846
      2.79000000	     98.05334290	     15.14754008	     -2.47938573	      1.24120685	     -0.69992566	      0.72461540	    -13.70041415	    -10.80171910	      0.00506712	    -27.48410252	      6.57037945	     -6.46648987	     -7.51867645	     -8.71433461	     35.06183595	    -35.24760501	     -6.51586082	     -7.15703417
      2.80000000	     98.05509176	     16.00556181	     -2.37948977	      1.25355829	     -0.70106888	      0.72297901	    -13.43216358	    -11.13150357	     -0.93878904	    -27.92662046	      6.95852802	     -6.13812380	     -8.07653395	     -8.55076430	     34.37500226	    -32.38432466	     -7.51748043	     -6.45874373
      2.81000000	     98.05659046	     16.78072777	     -2.18682195	      1.26631069	     -0.70218866	      0.72129907	    -13.17831659	    -11.47006038	     -2.04508485	    -28.28626653	      7.06817878	     -5.95305991	     -8.53200781	     -8.40305354	     33.48756740	    -29.72765995	     -7.89815444	     -6.16585271
      2.82000000	     98.01138977	     17.47698832	     -2.02975831	      1.27940342	     -0.70330934	      0.71964519	    -12.85027642	    -11.75312073	     -3.07790433	    -28.69468671	      7.15853987	     -5.73975807	     -8.79251302	     -8.31553612	     32.56364071	    -27.30762278	     -8.40888399	     -5.82904602
      2.83000000	     97.90243347	     18.10908236	     -1.99334261	      1.29277796	     -0.70444885	      0.71808528	    -12.40075837	    -11.96599974	     -3.89892723	    -29.20098056	      7.27528100	     -5.20209738	     -8.81636395	     -8.33358009	     31.71872164	    -25.16693705	     -9.20301008	     -5.48089065
      2.84000000	     97.73200234	     18.62977842	     -1.91894404	      1.30639402	     -0.70553460	      0.71660749	    -11.89288306	    -12.08405636	     -4.68883092	    -29.78191201	      7.21411501	     -5.03729724	     -8.66553346	     -8.32312935	     30.81557408	    -23.36869410	     -9.27852157	     -5.42660901
      2.85000000	     97.47749750	     19.05643825	     -1.92216709	      1.32018044	     -0.70658593	      0.71530660	    -11.27461472	    -12.10805936	     -5.26707240	    -30.50757438	      7.02460949	     -4.82150342	     -8.29768576	     -8.33481941	     29.98460802	    -21.89463995	     -9.33416320	     -5.41637233
      2.86000000	     97.12757565	     19.37934224	     -2.00528572	      1.33406870	     -0.70759853	      0.71423007	    -10.53774101	    -12.01003239	     -5.59634891	    -31.41333660	      6.70351227	     -4.59002560	     -7.73113579	     -8.30722174	     29.23270352	    -20.72618033	     -9.25818944	     -5.50419249
      2.87000000	     96.67086297	     19.59005174	     -2.15173995	      1.34800851	     -0.70856117	      0.71342189	     -9.68906382	    -11.78357010	     -5.67609230	    -32.51788886	      6.24482184	     -4.36434826	     -6.98434641	     -8.19099967	     28.54274409	    -19.82817817	     -9.02289519	     -5.69671476
      2.88000000	     96.12449455	     19.68288184	     -2.39978536	      1.36195108	     -0.70946477	      0.71296527	     -8.77697483	    -11.49420436	     -5.49606795	    -33.78363384	      5.26148791	     -3.90710854	     -6.11820202	     -7.89359431	     27.91636800	    -19.11539699	     -8.40979405	     -6.20785424
      2.89000000	     95.45284887	     19.65327223	     -2.61304583	      1.37584911	     -0.71028890	      0.71280524	     -7.77189746	    -11.00782212	     -5.12645327	    -35.29424844	      4.34355323	     -3.71717826	     -5.08677542	     -7.52453701	     27.26606730	    -18.59164914	     -7.81524973	     -6.67986732
      2.90000000	     94.67741619	     19.47597147	     -2.88803034	      1.38963040	     -0.71104052	      0.71302593	     -6.72021060	    -10.39248355	     -4.50041873	    -37.00828658	      3.30206361	     -3.65793296	     -3.98007755	     -6.87666152	     26.62250051	    -18.11678988	     -7.15917857	     -7.10677715
      2.91000000	     93.81053390	     19.16369416	     -3.14293618	      1.40327013	     -0.71170637	      0.71360155	     -5.65770137	     -9.63060312	     -3.71104972	    -38.91767001	      2.02572606	     -3.69998110	     -2.78769619	     -6.11129984	     25.91919877	    -17.66135903	     -6.43350979	     -7.53306199
      2.92000000	     92.87316340	     18.72256968	     -3.36116939	      1.41672192	     -0.71228266	      0.71450724	     -4.61980906	     -8.73469580	     -2.78859099	    -41.00622311	      0.40323992	     -3.94540383	     -1.51355230	     -5.34820014	     25.15171868	    -17.20013782	     -5.65543204	     -7.94538427
      2.93000000	     91.88648103	     18.11884645	     -3.62284238	      1.42992156	     -0.71277969	      0.71579014	     -3.64029627	     -7.72515967	     -1.67892267	    -43.22950456	     -1.23104186	     -4.34635805	     -0.24760543	     -4.36121601	     24.31770806	    -16.56933479	     -4.98836066	     -8.19054305
      2.94000000	     90.87875778	     17.37160677	     -3.88415296	      1.44285163	     -0.71319852	      0.71738139	     -2.74732703	     -6.58932443	     -0.43964111	    -45.56385162	     -2.92257157	     -4.87993672	      1.01446856	     -3.33011003	     23.39255361	    -15.77367196	     -4.41286426	     -8.28015385
      2.95000000	     89.88077290	     16.49136308	     -4.15509750	      1.45548510	     -0.71355373	      0.71923298	     -1.96614803	     -5.33267797	      0.92374066	    -47.97446306	     -4.52758753	     -5.46455591	      2.24085988	     -2.29203898	     22.37489331	    -14.78365028	     -3.96904423	     -8.19291048
      2.96000000	     88.90550484	     15.49370371	     -4.35964250	      1.46783637	     -0.71386204	      0.72126373	     -1.31151202	     -3.98810427	      2.30133274	    -50.39986519	     -6.09744724	     -6.57557051	      3.42095874	     -1.29512205	     21.18241631	    -13.59062240	     -3.59685528	     -7.79642115
      2.97000000	     88.02370382	     14.40932900	     -4.70137616	      1.47984327	     -0.71416564	      0.72342279	     -0.80472696	     -2.49629813	      3.94340120	    -52.86605581	     -7.13263725	     -6.70816677	      4.49051945	     -0.37185239	     20.04782766	    -12.24297321	     -3.45173886	     -7.49734791
      2.98000000	     87.21622412	     13.24116078	     -4.94737726	      1.49157490	     -0.71446933	      0.72557995	     -0.43419252	     -0.88355199	      5.56291495	    -55.28153324	     -7.53927548	     -6.85747442	      5.45893824	      0.49170240	     18.73759359	    -10.76219915	     -3.41559960	     -7.22585641
      2.99000000	     86.51256700	     12.05300985	     -5.20482408	      1.50302436	     -0.71482006	      0.72769150	     -0.21683412	      0.75103078	      7.27302076	    -57.61934328	     -8.01512248	     -6.96849903	      6.30847377	      1.25280393	     17.39311586	     -9.20914574	     -3.45286811	     -6.82478084
      3.00000000	     85.92653589	     10.86083441	     -5.44625036	      1.51419841	     -0.71522576	      0.72966802	     -0.14820425	      2.41558540	      9.04895984	    -59.85224570	     -8.35280357	     -7.08575548	      7.03169823	      1.89240799	     16.03790150	     -7.68153777	     -3.55250802	     -6.32662817
      3.01000000	     85.45694337	      9.68491464	     -5.66725546	      1.52511908	     -0.71569541	      0.73144677	     -0.21630082	      4.08749928	     10.88700159	    -61.95538269	     -8.46032576	     -7.21609698	      7.62314573	      2.46099917	     14.70091891	     -6.24731826	     -3.68459455	     -5.78197919
      3.02000000	     85.09164976	      8.55271522	     -5.87792861	      1.53579723	     -0.71622687	      0.73298160	     -0.40438372	      5.72829833	     12.80502067	    -63.91940335	     -8.31494962	     -7.35749988	      8.09192650	      2.99632521	     13.43095387	     -4.97731031	     -3.83070298	     -5.19744494
      3.03000000	     84.81703971	      7.48392135	     -6.07547166	      1.54624788	     -0.71680802	      0.73424251	     -0.69565121	      7.30689145	     14.80234952	    -65.73228275	     -7.90843720	     -7.51308193	      8.45259309	      3.52334815	     12.25445755	     -3.92471489	     -3.95018509	     -4.62483312
      3.04000000	     84.61466820	      6.49398297	     -6.27407128	      1.55649624	     -0.71741403	      0.73521528	     -1.07403116	      8.79088054	     16.89326491	    -67.38665752	     -7.25216419	     -7.69081000	      8.72616355	      4.05394246	     11.20493809	     -3.12255003	     -4.00943798	     -4.10008027
      3.05000000	     84.43952223	      5.62165593	     -6.37616695	      1.56658163	     -0.71805437	      0.73582972	     -1.46644942	     10.14822038	     18.98335643	    -68.90909132	     -5.79252934	     -7.83182870	      9.00439154	      4.37732070	     10.24058875	     -2.66492860	     -3.90876294	     -3.38331309
      3.06000000	     84.32878603	      4.83018111	     -6.60495265	      1.57647984	     -0.71865542	      0.73620824	     -1.96896474	     11.34905730	     21.28390218	    -70.24765469	     -5.27242961	     -7.97993530	      9.16494152	      4.93989244	      9.49811647	     -2.40557516	     -3.76246946	     -3.18420901
      3.07000000	     84.18925273	      4.17813701	     -6.71485699	      1.58628024	     -0.71927017	      0.73622997	     -2.41253400	     12.36179060	     23.54132969	    -71.45522392	     -3.92221729	     -8.38281286	      9.38759977	      5.37275396	      8.76061814	     -2.38749207	     -3.39805025	     -3.00799945
      3.08000000	     84.10338799	      3.59105145	     -6.93456888	      1.59595236	     -0.71977659	      0.73601920	     -2.95244803	     13.20618247	     25.96317472	    -72.47083003	     -3.33721811	     -8.67792658	      9.53454606	      5.85845883	      8.25052512	     -2.60031417	     -3.17548144	     -2.96582835
      3.09000000	     83.98914349	      3.12414716	     -7.12668357	      1.60557177	     -0.72023814	      0.73552842	     -3.44645745	     13.83068329	     28.39994430	    -73.32897413	     -2.48777672	     -9.18232549	      9.72442276	      6.30302040	      7.77273886	     -2.93462600	     -2.79103624	     -3.02128331
      3.10000000	     83.81362453	      2.79352462	     -7.18384735	      1.61519606	     -0.72067120	      0.73474115	     -3.81072905	     14.22169466	     30.71508915	    -74.03294489	     -1.28669760	    -10.03127060	     10.01733849	      6.59334774	      7.19326322	     -3.34477825	     -2.06799301	     -3.19169547
      3.11000000	     83.66335053	      2.49531107	     -7.30440574	      1.62480603	     -0.72096351	      0.73378337	     -4.19990779	     14.46202833	     33.08299082	    -74.51559454	     -0.56938250	    -10.76824658	     10.27341065	      6.87420402	      6.71553167	     -3.83911331	     -1.42739590	     -3.30539233
      3.12000000	     83.50784050	      2.26131355	     -7.47831697	      1.63444237	     -0.72114819	      0.73269362	     -4.55956662	     14.50948982	     35.47496036	    -74.77185740	     -0.21836118	    -11.16589302	     10.52790100	      7.11959012	      6.27934950	     -4.31037586	     -1.06995758	     -3.38572766
      3.13000000	     83.33444609	      2.07881708	     -7.62452756	      1.64416050	     -0.72123442	      0.73147660	     -4.83596435	     14.38808708	     37.77327644	    -74.78599960	      0.26258222	    -11.71169517	     10.80189594	      7.33182612	      5.77848794	     -4.72931873	     -0.50440614	     -3.53644444
      3.14000000	     83.12616417	      1.93929743	     -7.61570081	      1.65400998	     -0.72124334	      0.73012428	     -4.96175255	     14.13639887	     39.81661981	    -74.54959282	      0.79243226	    -12.63784496	     11.13238498	      7.42142670	      5.08096285	     -5.09780736	      0.49376322	     -3.67171589
      3.15000000	     82.94708283	      1.77935541	     -7.69966176	      1.66397130	     -0.72110547	      0.72878467	     -5.08016346	     13.79761352	     41.83846088	    -73.99904792	      0.91314166	    -13.23046433	     11.39751536	      7.54177236	      4.43711858	     -5.40297186	      1.20041042	     -3.58750856
      3.16000000	     82.78758516	      1.59924560	     -7.79401157	      1.67409401	     -0.72083942	      0.72745994	     -5.15268139	     13.40506948	     43.73030271	    -73.13424253	      0.98726969	    -13.34829095	     11.61559953	      7.69201566	      3.74580581	     -5.61984934	      1.44351592	     -3.57710477
      3.17000000	     82.64014591	      1.38371388	     -7.85791584	      1.68440523	     -0.72046029	      0.72615537	     -5.15383274	     12.99009871	     45.42240845	    -71.94467642	      1.07727547	    -13.44349703	     11.79923883	      7.89713871	      2.97063338	     -5.77477208	      1.84048286	     -3.59066380
      3.18000000	     82.51417040	      1.13070337	     -7.88437318	      1.69492773	     -0.71997219	      0.72488320	     -5.09019458	     12.56261027	     46.88406155	    -70.42840139	      1.10417836	    -13.43084199	     11.94000473	      8.13001562	      2.11830916	     -5.89389025	      2.26055563	     -3.56800250
      3.19000000	     82.42236789	      0.83391030	     -7.88708410	      1.70568511	     -0.71937050	      0.72366192	     -4.97772023	     12.13442462	     48.10482451	    -68.58425803	      1.05444124	    -13.29263924	     12.02143055	      8.40646500	      1.20962784	     -5.99350995	      2.58539569	     -3.50130288
      3.20000000	     82.36702433	      0.48610925	     -7.85998117	      1.71669453	     -0.71865631	      0.72248363	     -4.81604703	     11.71111329	     49.05815105	    -66.43205631	      0.93477729	    -13.04732388	     12.04543462	      8.74951902	      0.25220162	     -6.10939764	      2.84559459	     -3.40808140
      3.21000000	     82.37249561	      0.04124514	     -7.74857365	      1.72796514	     -0.71780898	      0.72129993	     -4.65093125	     11.39432013	     49.69166869	    -64.01784120	      0.58235369	    -12.22407975	     11.98752480	      9.10405512	     -0.74141568	     -6.38877539	      3.35758216	     -3.13280046
      3.22000000	     82.36537879	     -0.41110507	     -7.63308541	      1.73953713	     -0.71689018	      0.72011900	     -4.35629310	     10.98551699	     50.05788738	    -61.39488957	      0.44769498	    -11.84747731	     11.94716182	      9.59883059	     -1.77836221	     -6.65422956	      3.46404158	     -2.95239250
      3.23000000	     82.40754302	     -0.91530455	     -7.41137939	      1.75141815	     -0.71587467	      0.71887591	     -4.02079733	     10.60609110	     50.07035603	    -58.63060080	      0.07514647	    -11.22691616	     11.86249433	     10.05854309	     -2.86544476	     -7.09818424	      3.62432341	     -2.76891122
      3.24000000	     82.52070655	     -1.47586127	     -7.21309576	      1.76359625	     -0.71471718	      0.71756093	     -3.69785434	     10.22251482	     49.87168442	    -55.79653398	     -0.38802344	    -10.10864732	     11.66822673	     10.38120383	     -3.78701101	     -7.85106197	      3.92630644	     -2.40656249
      3.25000000	     82.63451726	     -2.03724721	     -6.81327066	      1.77611958	     -0.71354861	      0.71608998	     -3.24529821	      9.78887551	     49.25774375	    -53.03542038	     -0.62842079	     -9.65664540	     11.54106142	     10.74844520	     -4.88997438	     -8.74725565	      4.02294872	     -2.24566861
      3.26000000	     82.80871989	     -2.59747956	     -6.40922134	      1.78891966	     -0.71229753	      0.71448961	     -2.77761516	      9.25339117	     48.45284024	    -50.40729398	     -1.06801145	     -9.06581418	     11.34704154	     10.97869802	     -5.84744245	     -9.96451036	      4.17146635	     -2.05759171
      3.27000000	     83.03665419	     -3.13949901	     -6.05396512	      1.80197074	     -0.71099327	      0.71278089	     -2.29751787	      8.57856680	     47.54067965	    -48.00140460	     -1.56612152	     -8.35762118	     11.10131036	     11.14130142	     -6.61904338	    -11.47115906	      4.44619904	     -1.66167311
      3.28000000	     83.33842176	     -3.63372809	     -5.62472101	      1.81525927	     -0.70966853	      0.71090135	     -1.84047212	      7.77693416	     46.45760644	    -45.94549504	     -1.64867987	     -8.15079775	     10.78913405	     11.07747679	     -7.29766834	    -13.29853110	      4.46514290	     -1.60832936
      3.29000000	     83.74110852	     -4.08312123	     -5.21123756	      1.82873758	     -0.70831621	      0.70891699	     -1.49845534	      6.88897182	     45.33816619	    -44.29035771	     -1.75946198	     -7.97274103	     10.36767540	     10.84371991	     -7.78792685	    -15.43078237	      4.46001877	     -1.56384613
      3.30000000	     84.26278567	     -4.47198130	     -4.83037921	      1.84235313	     -0.70692631	      0.70684771	     -1.32806463	      5.92304433	     44.24088882	    -43.08960860	     -1.80925738	     -7.88800722	      9.79301729	     10.36777467	     -8.04875149	    -17.86532601	      4.40172313	     -1.51094187
      3.31000000	     84.90709442	     -4.78176092	     -4.51633072	      1.85605675	     -0.70550107	      0.70474879	     -1.35192560	      4.86058405	     43.21490967	    -42.34507151	     -1.73140384	     -7.91818275	      9.05374638	      9.65175456	     -8.05491895	    -20.54835551	      4.25464442	     -1.49738884
      3.32000000	     85.69118864	     -5.01916576	     -4.25023953	      1.86982778	     -0.70400506	      0.70263482	     -1.62712521	      3.75462196	     42.27276211	    -42.07568058	     -1.33040662	     -8.62689540	      8.11495923	      8.66031988	     -7.82347177	    -23.45254757	      3.76533611	     -1.15096029
      3.33000000	     86.59927343	     -5.16003487	     -4.09795686	      1.88360181	     -0.70244237	      0.70060827	     -2.12563992	      2.53857082	     41.44742512	    -42.18170977	     -0.82715379	     -9.25367933	      7.00520494	      7.45192646	     -7.31748443	    -26.49347951	      3.15515728	     -1.17124663
      3.34000000	     87.63573371	     -5.23474621	     -3.96404113	      1.89737577	     -0.70079243	      0.69866808	     -2.91029093	      1.38047878	     40.66827483	    -42.63868487	     -0.16354741	     -9.98892511	      5.72375746	      6.02061637	     -6.64571484	    -29.63969983	      2.27531411	     -1.34154088
      3.35000000	     88.75031118	     -5.20735627	     -3.79927443	      1.91110680	     -0.69909589	      0.69683855	     -3.92097666	      0.27614492	     39.87369203	    -43.37640493	      0.43196809	    -11.02313790	      4.33960314	      4.35279868	     -5.89225027	    -32.81504986	      0.94014863	     -2.09471403
      3.36000000	     89.95056916	     -5.15508497	     -3.83825444	      1.92471697	     -0.69728453	      0.69526807	     -5.15956957	     -0.71854795	     39.25558370	    -44.22986491	      1.35014273	    -11.72554801	      2.83539658	      2.57907519	     -4.78553874	    -36.04119389	     -0.22050750	     -2.35735929
      3.37000000	     91.19549472	     -5.02619709	     -3.80540858	      1.93820056	     -0.69542903	      0.69393973	     -6.55768536	     -1.60797622	     38.50937573	    -45.12107975	      2.31378273	    -12.45611220	      1.30444793	      0.67947397	     -3.67144473	    -39.21034714	     -1.60452414	     -2.85581012
      3.38000000	     92.45177411	     -4.85562487	     -3.85467526	      1.95147443	     -0.69353954	      0.69295647	     -8.05537656	     -2.36331227	     37.76953386	    -45.93231689	      3.22519059	    -13.09842179	     -0.20049747	     -1.24939724	     -2.37788654	    -42.30883102	     -3.01875637	     -3.52538238
      3.39000000	     93.69036643	     -4.64935637	     -3.93043200	      1.96450161	     -0.69164362	      0.69235898	     -9.59640572	     -2.96542028	     36.96378573	    -46.58534410	      4.07419805	    -13.61841962	     -1.62463592	     -3.16414645	     -0.97203059	    -45.29465327	     -4.41582508	     -4.34582545
      3.40000000	     94.87937287	     -4.42054098	     -4.07676392	      1.97722562	     -0.68977394	      0.69220700	    -11.11074634	     -3.42999008	     36.12528317	    -47.00981911	      4.79421500	    -13.95046216	     -2.90805889	     -5.01752217	      0.60013957	    -48.14239310	     -5.54948808	     -5.07870982
      3.41000000	     96.01827435	     -4.19614202	     -4.24132612	      1.98963395	     -0.68793176	      0.69251731	    -12.57936003	     -3.73601447	     35.19450134	    -47.15551715	      4.98461842	    -14.00426323	     -4.04031166	     -6.75678656	      2.29339425	    -50.83873567	     -5.80931266	     -5.28943566
      3.42000000	     97.00410027	     -3.94956652	     -4.52554467	      2.00169688	     -0.68620534	      0.69332160	    -13.85412316	     -3.96007384	     34.29682286	    -47.05570363	      5.89675889	    -14.24572960	     -4.87203669	     -8.36196789	      4.19234763	    -53.29921703	     -6.83462431	     -5.79076710
      3.43000000	     97.91123151	     -3.72504936	     -4.71758243	      2.01345469	     -0.68453772	      0.69456320	    -15.01810228	     -4.05713969	     33.19763995	    -46.65645784	      6.01060988	    -14.20837510	     -5.52237978	     -9.76418615	      6.08684951	    -55.54454575	     -6.94607849	     -5.96455491
      3.44000000	     98.65563171	     -3.48320090	     -4.98334167	      2.02488129	     -0.68300984	      0.69623928	    -15.94636847	     -4.17083796	     32.09345742	    -46.02862123	      6.19324822	    -14.14427379	     -5.86476127	    -10.98209506	      8.13453808	    -57.52738775	     -7.04301727	     -6.11269895
      3.45000000	     99.25801680	     -3.28491867	     -5.23581796	      2.03608072	     -0.68160594	      0.69837080	    -16.67687553	     -4.18550460	     30.88158328	    -45.11552983	      6.34151073	    -14.03500908	     -5.95695290	    -11.92225159	     10.22419585	    -59.20227342	     -7.04582654	     -6.22088953
      3.46000000	     99.68495767	     -3.06645379	     -5.50223599	      2.04700025	     -0.68035750	      0.70077676	    -17.18252230	     -4.19056325	     29.67488515	    -44.11784497	      6.81370301	    -13.01810481	     -5.77021094	    -12.65393011	     12.37743537	    -60.60599335	     -6.53992924	     -6.26151795
      3.47000000	     99.98432809	     -2.85744462	     -5.67944040	      2.05774699	     -0.67921617	      0.70347140	    -17.48437711	     -4.32323536	     28.28687086	    -42.91880841	      6.83003159	    -12.85645604	     -5.41630334	    -13.12405705	     14.44750409	    -61.69997390	     -6.41346994	     -6.27625255
      3.48000000	    100.14298463	     -2.65632127	     -5.79747077	      2.06833343	     -0.67821472	      0.70634883	    -17.61009497	     -4.44995177	     26.82663508	    -41.64338125	      6.65548206	    -12.26275729	     -4.89695959	    -13.33146629	     16.45012583	    -62.50810988	     -5.61408227	     -6.15684684
      3.49000000	    100.19925148	     -2.42849545	     -5.83941965	      2.07880103	     -0.67732342	      0.70934119	    -17.58518741	     -4.76008505	     25.24679038	    -40.29661924	      6.63569674	    -12.09073007	     -4.29787178	    -13.35431743	     18.33993127	    -63.03483896	     -5.40318735	     -6.19649318
      3.50000000	    100.10929484	     -2.18684666	     -5.89186466	      2.08914107	     -0.67659875	      0.71240314	    -17.38707219	     -5.14169268	     23.70038985	    -38.97030663	      6.30926149	    -11.61653461	     -3.55687337	    -13.12824288	     20.18794815	    -63.28635318	     -4.53816087	     -6.33336642
      3.51000000	     99.95024761	     -1.87172249	     -5.78314727	      2.09941988	     -0.67597698	      0.71541376	    -17.10769657	     -5.73379867	     21.97133394	    -37.65642891	      6.22796539	    -11.40979461	     -2.84283733	    -12.81570052	     21.79179682	    -63.29485589	     -4.26487540	     -6.42278121
      3.52000000	     99.71300031	     -1.53599874	     -5.72034557	      2.10958771	     -0.67548971	      0.71834139	    -16.75471887	     -6.34663708	     20.35788236	    -36.44188860	      5.80056645	    -11.01102960	     -2.10011570	    -12.32593345	     23.38617355	    -63.08938588	     -3.42735376	     -6.79839254
      3.53000000	     99.44834600	     -1.11251719	     -5.52423640	      2.11969756	     -0.67509262	      0.72109119	    -16.39325143	     -7.10832696	     18.62901263	    -35.30323247	      5.68179111	    -10.81309095	     -1.44797863	    -11.82336935	     24.76641227	    -62.69184457	     -3.17094934	     -6.95700304
      3.54000000	     99.16015807	     -0.61947038	     -5.34210009	      2.12971500	     -0.67481412	      0.72363963	    -16.02697065	     -7.90985367	     16.98485648	    -34.28904551	      5.48845893	    -10.59131210	     -0.85719149	    -11.27618013	     26.09891332	    -62.11770630	     -2.84152287	     -7.21284907
      3.55000000	     98.87384091	     -0.07677396	     -5.15828039	      2.13963871	     -0.67463540	      0.72591721	    -15.68892474	     -8.59822421	     15.44210090	    -33.42320800	      4.90810908	    -10.27265212	     -0.37004847	    -10.67174983	     27.37184620	    -61.38517881	     -2.17061086	     -7.94129396
      3.56000000	     98.60069424	      0.57233714	     -4.93886293	      2.14949258	     -0.67453487	      0.72790315	    -15.38738698	     -9.32750994	     13.92485281	    -32.68518700	      4.79957921	    -10.11353481	     -0.00358233	    -10.15215546	     28.54593446	    -60.49306343	     -2.06441398	     -8.11207906
      3.57000000	     98.37391884	      1.29733262	     -4.73442742	      2.15926536	     -0.67450682	      0.72956457	    -15.14621772	     -9.98898062	     12.49856733	    -32.06146170	      4.60721343	     -9.90904739	      0.21352083	     -9.68515989	     29.68213596	    -59.45301287	     -1.91221092	     -8.35809178
      3.58000000	     98.18524744	      2.09826133	     -4.53272723	      2.16897869	     -0.67455611	      0.73087678	    -14.94934893	    -10.51904304	     11.16479685	    -31.57302568	      4.38833935	     -9.67934514	      0.28959471	     -9.27722634	     30.75309324	    -58.24859878	     -1.78721338	     -8.59970493
      3.59000000	     98.04038829	      2.96662482	     -4.33603338	      2.17865358	     -0.67466106	      0.73183177	    -14.79446383	    -10.92699537	      9.91006818	    -31.19557132	      4.18152592	     -9.42913637	      0.22223100	     -8.94588094	     31.75310799	    -56.87322648	     -1.72286983	     -8.78623333
      3.60000000	     97.94589593	      3.89446605	     -4.15164105	      2.18831628	     -0.67481956	      0.73242387	    -14.67824768	    -11.22728274	      8.72914325	    -30.91524241	      4.00097507	     -9.15094294	      0.01084860	     -8.69503927	     32.67398248	    -55.31512666	     -1.73052044	     -8.89619486
      3.61000000	     97.88456060	      4.85609680	     -3.96781909	      2.19800548	     -0.67501923	      0.73265857	    -14.57630871	    -11.34894883	      7.62129504	    -30.74433610	      3.72369123	     -8.42545634	     -0.32361324	     -8.50005172	     33.48078401	    -53.55297850	     -1.98510222	     -9.01184682
      3.62000000	     97.87942292	      5.86020823	     -3.80661600	      2.20776195	     -0.67524292	      0.73254747	    -14.52235560	    -11.56158703	      6.52447851	    -30.60427910	      3.78501399	     -8.22788777	     -0.78703509	     -8.40357368	     34.18152532	    -51.59772591	     -2.09382367	     -8.92039050
      3.63000000	     97.90220038	      6.87046428	     -3.62631105	      2.21763293	     -0.67548343	      0.73209388	    -14.48817889	    -11.72472322	      5.42581058	    -30.52709118	      3.82957928	     -7.95342564	     -1.34916012	     -8.35197968	     34.70814443	    -49.44009818	     -2.32247343	     -8.70504619
      3.64000000	     97.91556008	      7.85870933	     -3.46393560	      2.22765358	     -0.67576151	      0.73131470	    -14.40883515	    -11.71865985	      4.42153512	    -30.58728501	      4.11122827	     -7.12035811	     -1.95123129	     -8.29776986	     35.08222853	    -47.07831400	     -2.97965664	     -8.04326326
      3.65000000	     97.96343649	      8.81758772	     -3.26688167	      2.23789316	     -0.67603128	      0.73021932	    -14.38216628	    -11.83080232	      3.33397200	    -30.65621234	      4.46738461	     -6.53304447	     -2.64231705	     -8.23397323	     35.23387469	    -44.56009344	     -3.36849882	     -7.56556386
      3.66000000	     98.03147873	      9.72268423	     -3.04264792	      2.24839396	     -0.67629605	      0.72882467	    -14.39918234	    -12.04026155	      2.18094655	    -30.75290269	      4.58728871	     -6.35383427	     -3.39752928	     -8.10475591	     35.16400207	    -41.92360924	     -3.63272450	     -7.29369967
      3.67000000	     98.05714681	     10.56196290	     -2.82551513	      2.25919092	     -0.67660095	      0.72716000	    -14.34987813	    -12.14170897	      1.10096759	    -30.99577190	      4.96292210	     -5.95664877	     -4.11754598	     -7.90354833	     34.91731400	    -39.20203425	     -4.46578408	     -6.60753058
      3.68000000	     98.08941340	     11.32827777	     -2.51371869	      2.27033984	     -0.67689519	      0.72520707	    -14.35521766	    -12.30995132	     -0.10110024	    -31.30038512	      5.11817052	     -5.80494102	     -4.86692670	     -7.59883966	     34.40672119	    -36.52148011	     -4.79813789	     -6.31018256
      3.69000000	     98.06318325	     12.01888926	     -2.23818420	      2.28182812	     -0.67723574	      0.72304409	    -14.27836189	    -12.39281114	     -1.17312970	    -31.79733515	      5.53421308	     -5.47512144	     -5.52857152	     -7.19549811	     33.79027868	    -33.91518809	     -5.69590669	     -5.71331152
      3.70000000	     97.99352903	     12.62298132	     -1.85599704	      2.29370208	     -0.67758965	      0.72065260	    -14.17678404	    -12.38336048	     -2.29290318	    -32.44441765	      5.70259210	     -5.30623914	     -6.12121422	     -6.68204761	     32.96532002	    -31.52733543	     -6.06908576	     -5.45586773
      3.71000000	     97.88391400	     13.11011534	     -1.54057551	      2.30590448	     -0.67797764	      0.71814343	    -14.00494115	    -12.25793511	     -3.23417401	    -33.28097942	      5.95297644	     -4.99593301	     -6.62700180	     -5.98586121	     32.13316002	    -29.40483653	     -6.68719037	     -5.18212320
      3.72000000	     97.68451693	     13.49477196	     -1.21601899	      2.31842556	     -0.67842262	      0.71552201	    -13.68058677	    -11.88234380	     -3.99683919	    -34.37878014	      5.94188378	     -4.94354060	     -6.96391424	     -5.17548489	     31.27334540	    -27.65087954	     -6.78490027	     -5.08785724
      3.73000000	     97.39221100	     13.79918762	     -0.91610181	      2.33123205	     -0.67892074	      0.71288495	    -13.20072997	    -11.32584621	     -4.55185054	    -35.72209973	      5.84915587	     -4.86659266	     -7.09477965	     -4.34180041	     30.44971172	    -26.31322448	     -6.85818463	     -5.04613732
      3.74000000	     96.99369098	     14.01273268	     -0.65926949	      2.34426859	     -0.67950764	      0.71027957	    -12.50946693	    -10.49674561	     -4.82533698	    -37.34547058	      5.62366269	     -4.74319023	     -6.99598692	     -3.47389778	     29.70788965	    -25.42344725	     -6.81297883	     -5.11630082
      3.75000000	     96.47446268	     14.14991384	     -0.45731493	      2.35750291	     -0.68019410	      0.70779974	    -11.58966051	     -9.41772832	     -4.80223443	    -39.23274901	      4.92063769	     -4.13211609	     -6.65759328	     -2.57359271	     29.05062419	    -24.94956887	     -6.41392897	     -5.64891516
      3.76000000	     95.83099390	     14.21221057	     -0.35924756	      2.37084433	     -0.68100263	      0.70547503	    -10.42918753	     -8.09097648	     -4.40017120	    -41.41752234	      4.29707612	     -3.75074493	     -6.06512454	     -1.67997067	     28.54490561	    -24.87464514	     -5.93380564	     -6.11983579
      3.77000000	     95.09403388	     14.21677208	     -0.28697997	      2.38426516	     -0.68191081	      0.70329495	     -9.08657985	     -6.51998154	     -3.72550521	    -43.86612813	      3.39201642	     -3.34620675	     -5.22397053	     -0.94443197	     28.13786057	    -25.21668672	     -5.22382808	     -6.67459871
      3.78000000	     94.22126099	     14.17604740	     -0.24847280	      2.39772483	     -0.68294498	      0.70137916	     -7.56741097	     -4.82783449	     -2.80030149	    -46.52931536	      2.31151151	     -2.96702916	     -4.14179894	     -0.24828034	     27.75955065	    -25.78459549	     -4.38286172	     -7.23017198
      3.79000000	     93.26420270	     14.08757050	     -0.23566325	      2.41115638	     -0.68406986	      0.69972364	     -5.95775228	     -3.04274912	     -1.66118955	    -49.37224753	      1.05471979	     -2.64559798	     -2.86939658	      0.32989825	     27.40757059	    -26.54267428	     -3.41393596	     -7.76509426
      3.80000000	     92.22819697	     13.96209710	     -0.23297299	      2.42451042	     -0.68527265	      0.69837733	     -4.30568141	     -1.24144975	     -0.35312970	    -52.34780776	     -0.30209986	     -2.42503883	     -1.43406359	      0.77778160	     27.02903594	    -27.36745614	     -2.38604640	     -8.22977184
      3.81000000	     91.14095990	     13.80334153	     -0.25450292	      2.43772536	     -0.68652593	      0.69738800	     -2.68054173	      0.50544789	      1.10847234	    -55.40360964	     -1.68799927	     -2.34026268	      0.11121753	      1.08922131	     26.60893357	    -28.15480764	     -1.34694245	     -8.58973152
      3.82000000	     90.02764273	     13.61038995	     -0.29534416	      2.45075214	     -0.68779931	      0.69679419	     -1.14094870	      2.14918362	      2.69144050	    -58.48272346	     -3.03618966	     -2.41145885	      1.71534194	      1.26968511	     26.11661850	    -28.81311003	     -0.33591164	     -8.82436408
      3.83000000	     88.91018637	     13.37813278	     -0.31149323	      2.46355944	     -0.68905222	      0.69661479	      0.26568079	      3.64139801	      4.31486620	    -61.51263685	     -4.46036168	     -3.17509276	      3.33815522	      1.31146147	     25.49099909	    -29.28108982	      0.77890123	     -8.48069370
      3.84000000	     87.85408448	     13.12786867	     -0.52978170	      2.47605729	     -0.69027922	      0.69693591	      1.44008896	      4.96605019	      6.23102547	    -64.48603848	     -5.32076165	     -3.32119704	      4.86827512	      1.29191005	     24.93601114	    -29.47534654	      1.49670357	     -8.61896512
      3.85000000	     86.84148511	     12.83438633	     -0.67479992	      2.48830960	     -0.69143111	      0.69767913	      2.41976401	      6.11639545	      8.09642494	    -67.29370592	     -6.28426544	     -4.27880620	      6.33200824	      1.17995310	     24.17612839	    -29.40826492	      2.35283001	     -8.07720789
      3.86000000	     85.93238795	     12.52470569	     -0.94322062	      2.50026420	     -0.69251048	      0.69888874	      3.12651944	      7.09699371	     10.13762631	    -69.93083958	     -6.65279346	     -4.52960706	      7.63585167	      1.06038506	     23.39814122	    -29.04424965	      2.75584300	     -8.04605776
      3.87000000	     85.12059069	     12.15704305	     -1.19523305	      2.51198049	     -0.69348018	      0.70048484	      3.59728604	      7.95259277	     12.17212144	    -72.32576088	     -6.75355226	     -4.83030039	      8.78366947	      1.00789063	     22.46287569	    -28.41207444	      2.94557199	     -7.92285542
      3.88000000	     84.47822543	     11.82350609	     -1.58262506	      2.52344333	     -0.69433408	      0.70249507	      3.72360153	      8.52940337	     14.35408009	    -74.43506661	     -6.73229367	     -5.56937782	      9.71061624	      0.89669305	     21.54925142	    -27.55223218	      3.25671970	     -7.49735134
      3.89000000	     83.95380059	     11.42924925	     -1.91019153	      2.53473923	     -0.69507099	      0.70476515	      3.64074673	      9.01394176	     16.46691788	    -76.23668654	     -6.53693984	     -6.19897081	     10.45365767	      0.97081715	     20.45577944	    -26.50033484	      3.38104557	     -7.08662021
      3.90000000	     83.58803658	     11.00711036	     -2.26033057	      2.54589411	     -0.69567160	      0.70727639	      3.30436367	      9.36315852	     18.58608334	    -77.69913570	     -6.18568867	     -6.74845642	     10.97742873	      1.19666099	     19.28670426	    -25.30207525	      3.41106153	     -6.74965665
      3.91000000	     83.35205803	     10.55215907	     -2.53132405	      2.55696985	     -0.69614857	      0.70991511	      2.79083606	      9.59348158	     20.59253716	    -78.81146709	     -5.56691195	     -7.62203903	     11.32431884	      1.58592380	     17.96351280	    -24.01515129	      3.38268195	     -6.23870882
      3.92000000	     83.28201570	     10.07979292	     -2.89666235	      2.56795944	     -0.69648287	      0.71267571	      2.04097336	      9.69294452	     22.66701949	    -79.57250498	     -5.02462133	     -8.18628888	     11.45615969	      2.17971270	     16.68671220	    -22.68538263	      3.31083435	     -5.95342568
      3.93000000	     83.34392453	      9.56773636	     -3.18204331	      2.57893229	     -0.69667690	      0.71545243	      1.15123389	      9.68348199	     24.59053988	    -79.97312441	     -4.27003380	     -8.86334033	     11.41913376	      3.01661891	     15.28555280	    -21.34605043	      3.15229768	     -5.67771129
      3.94000000	     83.48871995	      9.03188589	     -3.39164558	      2.58990528	     -0.69677220	      0.71816463	      0.20004422	      9.59366288	     26.37754157	    -80.05806728	     -3.47265359	     -9.56171792	     11.28767873	      4.03557093	     13.79372069	    -20.02712481	      2.96009448	     -5.46419662
      3.95000000	     83.71498826	      8.45736601	     -3.50293464	      2.60087026	     -0.69674569	      0.72076410	     -0.79275808	      9.44764589	     27.97394066	    -79.84632065	     -2.67176312	    -10.26633649	     11.07530121	      5.22072320	     12.20254202	    -18.75580671	      2.73886269	     -5.32749138
      3.96000000	     83.96465681	      7.86086580	     -3.49306261	      2.61179447	     -0.69666369	      0.72320629	     -1.73775094	      9.28122405	     29.35928737	    -79.39894990	     -2.28581017	    -10.57651056	     10.86542624	      6.56485778	     10.48544967	    -17.50316619	      2.65507979	     -5.18581335
      3.97000000	     84.25518897	      7.28942941	     -3.46870278	      2.62255536	     -0.69650100	      0.72546594	     -2.66861580	      8.97842350	     30.61463092	    -78.77141889	     -1.12861190	    -11.50757586	     10.64211640	      7.87039238	      8.79841825	    -16.30884369	      2.29401899	     -5.18077504
