Inverse Dynamics Generalized Forces
version=1
nRows=331
nColumns=19
inDegrees=no
endheader
time	pelvis_to_ground_rx_moment	pelvis_to_ground_ry_moment	pelvis_to_ground_rz_moment	pelvis_to_ground_tx_force	pelvis_to_ground_ty_force	pelvis_to_ground_tz_force	left_hip_abduction_moment	left_hip_rotation_moment	left_hip_flexion_moment	right_hip_abduction_moment	right_hip_rotation_moment	right_hip_flexion_moment	left_knee_flexion_moment	right_knee_flexion_moment	left_ankle_flexion_moment	right_ankle_flexion_moment	left_subtalar_angle_moment	right_subtalar_angle_moment
      0.29000000	     76.61654819	     -6.61597054	      3.92530708	     14.93004504	    244.83258766	     59.41416684	     31.25330265	      2.51648305	      4.78071312	     33.72263375	     12.94058173	      8.26260400	     -2.18435041	      0.46457116	      0.15701479	      0.08813800	     -0.18200299	      0.08353958
      0.30000000	     69.11986943	     10.65848884	      3.69719319	    -10.51977432	    227.51834568	     38.93832106	     30.24564372	      1.25907342	      1.74188877	     29.11068387	     11.56049096	     -4.54510203	     -3.55963581	     -1.48357112	      0.10511136	     -0.03622088	     -0.16438912	      0.06991514
      0.31000000	     62.47127548	     25.86409875	      3.08359320	    -30.40734436	    212.10203103	     19.10094020	     29.39875969	      0.23292924	     -0.31405097	     25.12682785	      9.96743664	    -16.48889455	     -4.67156554	     -3.48200619	      0.06379799	     -0.15502553	     -0.15209385	      0.05754811
      0.32000000	     57.62365849	     37.16695963	      2.21969785	    -41.65182782	    200.72459676	      1.83275791	     28.80263639	     -0.43706532	     -0.51778410	     22.34477774	      8.54052133	    -26.64574900	     -5.26495730	     -5.49659449	      0.03895368	     -0.26204102	     -0.14824655	      0.04843763
      0.33000000	     55.29445960	     43.25367281	      1.27634267	    -42.51223062	    194.99040061	    -11.41939741	     28.52008392	     -0.68544570	      1.76868110	     21.15661995	      7.65126931	    -34.32749835	     -5.15224227	     -7.47469071	      0.03456459	     -0.35216282	     -0.15458431	      0.04455257
      0.34000000	     55.89912901	     43.43511000	      0.42012047	    -32.62046164	    195.79909122	    -19.97838180	     28.58682044	     -0.51475972	      6.88347614	     21.73356501	      7.59621009	    -39.12489689	     -4.23371255	     -9.33613288	      0.05210841	     -0.42174769	     -0.17156633	      0.04743680
      0.35000000	     59.50648253	     37.69684463	     -0.21648367	    -12.87511335	    203.25579106	    -24.01241342	     29.00158861	      0.00204856	     14.81484990	     24.02082979	      8.54481086	    -40.92516524	     -2.51012485	    -10.97941870	      0.09011171	     -0.46893232	     -0.19862769	      0.05775192
      0.36000000	     65.81465903	     26.68985500	     -0.55800883	     14.75716465	    216.65385756	    -24.39358759	     29.71430076	      0.73060704	     25.18652360	     27.75552622	     10.50516383	    -39.91097134	     -0.08364981	    -12.30323415	      0.14432380	     -0.49382109	     -0.23424742	      0.07495031
      0.37000000	     74.16113500	     11.63443821	     -0.60430071	     47.53432303	    234.54277468	    -22.38820785	     30.61985008	      1.49841377	     37.29910394	     32.50225848	     13.31152607	    -36.53130973	      2.85789240	    -13.23362771	      0.20870328	     -0.49837623	     -0.27584689	      0.09721827
      0.38000000	     83.58080587	     -5.85561196	     -0.43790425	     82.28977963	    254.88826079	    -19.27197993	     31.56200589	      2.12803409	     50.21968866	     37.70545870	     16.63949050	    -31.43730518	      6.07008311	    -13.74492784	      0.27683724	     -0.48597041	     -0.31975450	      0.12169503
      0.39000000	     92.91558901	    -23.98679984	     -0.20980640	    115.77551476	    275.31262179	    -15.98189896	     32.34809717	      2.47167784	     62.89276187	     42.75773352	     20.05215572	    -25.39061793	      9.28486849	    -13.86699488	      0.34321511	     -0.46070028	     -0.36135834	      0.14491821
      0.40000000	    100.96711321	    -41.00518522	     -0.09927892	    144.97155680	    293.39073889	    -12.89685670	     32.77266657	      2.44004181	     74.25666559	     47.07913329	     23.07454993	    -19.15758220	     12.24151178	    -13.67594181	      0.40403308	     -0.42665401	     -0.39546811	      0.16343653
      0.41000000	    106.67293778	    -55.41032672	     -0.25713996	    167.38012927	    306.96930787	     -9.79351881	     32.64677844	      2.02040996	     83.36597196	     50.19610260	     25.28442676	    -13.40140562	     14.71523133	    -13.26964157	      0.45751577	     -0.38730710	     -0.41691233	      0.17448350
      0.42000000	    109.27613937	    -66.15167901	     -0.75249455	    181.31175202	    314.46633964	     -5.97630451	     31.82735663	      1.27986764	     89.51823291	     51.80620663	     26.39858223	     -8.58766698	     16.54425493	    -12.73462187	      0.50389769	     -0.34505939	     -0.42137896	      0.17653820
      0.43000000	    108.45416241	    -72.78353429	     -1.54536857	    186.13466050	    315.10176420	     -0.53796157	     30.24011413	      0.35069682	     92.37132361	     51.81650024	     26.33048229	     -4.91930226	     17.65411499	    -12.11409015	      0.54525136	     -0.30082276	     -0.40642093	      0.16959842
      0.44000000	    104.37790980	    -75.53905205	     -2.50120751	    182.41717296	    309.01212910	      7.32316187	     27.89385212	     -0.60326176	     92.02273468	     50.34734887	     25.19923042	     -2.31705338	     18.07401878	    -11.38770866	      0.58521083	     -0.25380828	     -0.37235755	      0.15509084
      0.45000000	     99.51008032	    -75.87060957	     -2.46958755	    178.52949963	    299.21045678	      6.78183831	     24.88712218	     -1.43576061	     89.01395652	     48.53826212	     23.87301184	      0.18242138	     17.93685531	     -9.64313051	      0.62844889	     -1.36696146	     -0.32266519	      0.70453510
      0.46000000	     92.81878708	    -73.52175705	     -2.53687559	    169.86120789	    284.91649100	      5.75341085	     21.40457848	     -2.06982946	     84.23968581	     45.83931677	     21.80323088	      1.50127794	     17.45820861	     -7.85372033	      0.67994945	     -2.52106591	     -0.26364423	      1.26959622
      0.47000000	     86.12908964	    -70.96266732	     -2.24557713	    161.81206387	    269.14426060	      1.21027685	     17.69779231	     -2.53225223	     78.77448773	     42.91639391	     19.66338855	      3.14353299	     16.89731932	     -5.24559625	      0.74436119	     -3.93981560	     -0.20347598	      2.01157261
      0.48000000	     80.49435402	    -69.58029932	     -1.69705668	    156.99645361	    253.96955404	     -8.26403551	     14.05066847	     -2.95407666	     73.65269068	     40.09716279	     17.65126899	      5.59935084	     16.50644067	     -1.65593971	      0.82536409	     -5.63270330	     -0.15081462	      2.93431169
      0.49000000	     76.64300585	    -70.30062470	     -1.09307765	    156.96667989	    241.07026784	    -23.58487187	     10.73780648	     -3.53136246	     69.65134635	     37.58462688	     15.82340084	      9.13176077	     16.47732829	      2.94118947	      0.92465494	     -7.58713639	     -0.11304028	      4.01749152
      0.50000000	     74.87295778	    -73.42087573	     -0.64841590	    161.91500464	    231.50383297	    -44.79171510	      7.98828966	     -4.45527355	     67.13542899	     35.44713326	     14.12825946	     13.73606358	     16.89805152	      8.40812975	      1.04065875	     -9.76072364	     -0.09460188	      5.21400759
      0.51000000	     75.02610134	    -78.59482440	     -0.51536693	    170.76005377	    225.58226157	    -71.01480152	      5.96517496	     -5.83449934	     66.01265227	     33.60476730	     12.45141978	     19.15612910	     17.73388983	     14.45534534	      1.16767818	    -12.08592710	     -0.09609603	      6.45797748
      0.52000000	     76.51846022	    -84.77821870	     -0.77038451	    181.31869045	    222.82054574	   -100.98312065	      4.76416314	     -7.63884961	     65.80940917	     31.82281782	     10.65553510	     24.76524027	     18.83917674	     20.60961029	      1.29611325	    -14.49018704	     -0.11446436	      7.67823585
      0.53000000	     78.61912863	    -90.45860421	     -1.35733170	    190.67638918	    222.35523825	   -133.03795996	      4.42692198	     -9.68628400	     65.83785960	     29.87950679	      8.70835431	     29.69613663	     19.99631514	     26.27596984	      1.41388321	    -16.88286772	     -0.14419065	      8.80302654
      0.54000000	     80.73073164	    -94.09377376	     -2.08385749	    195.89470935	    223.40615883	   -165.15220366	      4.95915011	    -11.67891717	     65.39665018	     27.69479910	      6.73860727	     33.13014036	     20.96934480	     30.87088948	      1.50867652	    -19.15553925	     -0.17900514	      9.76572924
      0.55000000	     82.49568844	    -94.48968800	     -2.70567131	    194.69448754	    225.47384803	   -195.16991735	      6.34397510	    -13.27570394	     63.94784263	     25.32443965	      4.97430115	     34.49521631	     21.55709519	     33.92332530	      1.57036991	    -21.19192072	     -0.21353149	     10.50912645
      0.56000000	     83.86104617	    -91.07884293	     -2.99813797	    186.01532700	    228.46685141	   -221.18845770	      8.54659538	    -14.17784368	     61.23050365	     22.95069778	      3.65804958	     33.60412778	     21.63330713	     35.16057830	      1.59296594	    -22.88845598	     -0.24441535	     10.99770753
      0.57000000	     85.02824395	    -84.02885895	     -2.81898426	    170.25535973	    232.63408298	   -241.88603923	     11.51139525	    -14.19801070	     57.28683141	     20.82237423	      2.95021105	     30.68376401	     21.16361085	     34.55116743	      1.57553824	    -24.16832796	     -0.27058707	     11.22304609
      0.58000000	     86.32155298	    -74.15929201	     -2.13491608	    149.13190769	    238.35333380	   -256.67931430	     15.15599703	    -13.29036364	     52.40012550	     19.17157649	      2.86440249	     26.30105623	     20.19600955	     32.29416284	      1.52193648	    -24.99416252	     -0.29268206	     11.20302911
      0.59000000	     88.02735846	    -62.71872076	     -1.01067815	    125.23345662	    245.86277836	   -265.71465631	     19.36826254	    -11.53714577	     46.97942105	     18.12874276	      3.25479163	     21.22600809	     18.83316724	     28.77305576	      1.43945107	    -25.36768828	     -0.31216653	     10.97466984
      0.60000000	     90.27364858	    -51.09048786	      0.42741378	    101.42287170	    255.06198988	   -269.74067483	     24.01085589	     -9.10652691	     41.44150802	     17.67365844	      3.85897165	     16.26383267	     17.20062528	     24.47699322	      1.33702125	    -25.32954846	     -0.33069423	     10.58815035
      0.61000000	     92.98578874	    -40.50898603	      2.03409846	     80.23714484	    265.46341381	   -269.89571750	     28.93276259	     -6.20252732	     36.12609539	     17.63822656	      4.37831429	     12.09794298	     15.42129858	     19.91274074	      1.22359389	    -24.94840648	     -0.34969416	     10.09441715
      0.62000000	     95.93225733	    -31.82487073	      3.68245896	     63.40304103	    276.30196492	   -267.46317149	     33.98206874	     -3.02237186	     31.25265616	     17.77341660	      4.57236356	      9.15930277	     13.59915429	     15.51403666	      1.10692151	    -24.31255502	     -0.36995567	      9.53913018
      0.63000000	     98.81753971	    -25.36359633	      5.28573004	     51.54719900	    286.72575690	   -263.66026271	     39.01509340	      0.27181792	     26.90775038	     17.83987169	      4.32911926	      7.55117105	     11.80981247	     11.57743881	      0.99279999	    -23.51683427	     -0.39131690	      8.95823758
      0.64000000	    101.38334844	    -20.89845897	      6.80197525	     44.15614287	    295.99022042	   -259.49600527	     43.90112865	      3.56527634	     23.04980451	     17.68880335	      3.68663223	      7.04526757	     10.09531262	      8.23547119	      0.88468175	    -22.65293686	     -0.41279571	      8.37828873
      0.65000000	    103.48063618	    -17.75672917	      8.22629705	     39.80665380	    303.59549143	   -255.70651287	     48.52384706	      6.78863190	     19.52543888	     17.30072516	      2.79900624	      7.16623844	      8.46184264	      5.47774574	      0.78356845	    -21.80296705	     -0.43312158	      7.81751787
      0.66000000	    105.09890796	    -15.03056461	      9.57747247	     36.59929864	    309.33385482	   -252.76953772	     52.78034934	      9.90632567	     16.09647021	     16.77825610	      1.86657288	      7.34513340	      6.88059290	      3.21182628	      0.68819282	    -21.03345457	     -0.45121568	      7.29252564
      0.67000000	    106.34138391	    -11.81262401	     10.88293247	     32.64498356	    313.25489998	   -250.97797501	     56.57855138	     12.90120880	     12.47593031	     16.29502697	      1.06341360	      7.07842519	      5.29205848	      1.32812046	      0.59559159	    -20.39562460	     -0.46628594	      6.81824552
      0.68000000	    107.36064866	     -7.32791340	     12.16477143	     26.37121325	    315.55927794	   -250.52648886	     59.83416042	     15.76120069	      8.36605593	     16.02743016	      0.50132794	      5.99180301	      3.61277373	     -0.27952714	      0.50186655	    -19.92548893	     -0.47765927	      6.40935709
      0.69000000	    108.27470456	     -0.97760209	     13.42947086	     16.64874025	    316.46888884	   -251.56025195	     62.46833147	     18.47132658	      3.49258711	     16.08145029	      0.22416831	      3.83510014	      1.74378512	     -1.72324638	      0.40277323	    -19.64430938	     -0.48471491	      6.07580550
      0.70000000	    109.13067804	      7.58040321	     14.66896755	      2.92476417	    316.16259533	   -254.18355581	     64.40411165	     21.01040619	     -2.36316635	     16.46863555	      0.21341164	      0.52869646	     -0.41802644	     -3.09791935	      0.29415811	    -19.55952087	     -0.48702764	      5.82118165
      0.71000000	    109.89537362	     18.37850118	     15.86243991	    -14.72314037	    314.74069985	   -258.43389904	     65.55840855	     23.34970896	     -9.33332264	     17.12225816	      0.40667783	     -3.80877518	     -2.96528398	     -4.45890417	      0.17247275	    -19.66612045	     -0.48451114	      5.64378585
      0.72000000	    110.44755496	     31.13904963	     16.97489057	    -35.63598002	    312.18766289	   -264.24746682	     65.83039897	     25.45103641	    -17.43602893	     17.92555283	      0.72112373	     -8.87892054	     -5.96347354	     -5.81585275	      0.03534460	    -19.95070674	     -0.47733583	      5.53763541
      0.73000000	    110.57334316	     45.31206014	     17.95221774	    -58.69286377	    308.33780662	   -271.42183537	     65.09327675	     27.26253474	    -26.55374926	     18.74042757	      1.07218073	    -14.25436909	     -9.43413658	     -7.13737243	     -0.11795325	    -20.39401716	     -0.46557330	      5.49516414
      0.74000000	    109.96727449	     60.13653053	     18.71606971	    -82.46779338	    302.85949833	   -279.60343354	     63.19918133	     28.71291537	    -36.42166580	     19.42197060	      1.38367409	    -19.44468532	    -13.34063809	     -8.36269710	     -0.28619995	    -20.97250026	     -0.44873109	      5.50885674
      0.75000000	    108.25765396	     74.71326848	     19.16542030	   -105.39033129	    295.29331403	   -288.30936535	     60.00561636	     29.70874675	    -46.63647885	     19.82411680	      1.59027400	    -23.95596141	    -17.58112221	     -9.41583592	     -0.46612095	    -21.66454211	     -0.42544892	      5.57194985
      0.76000000	    105.07425417	     88.08450556	     19.19088686	   -125.91254456	    285.16806335	   -296.97665489	     55.42407458	     30.14148457	    -56.69354156	     19.81177171	      1.63754131	    -27.33249872	    -21.99262920	    -10.21198964	     -0.65245286	    -22.45148924	     -0.39362816	      5.67818051
      0.77000000	    100.15493227	     99.33186403	     18.70151115	   -142.67987157	    272.18792664	   -305.02887851	     49.47985337	     29.90861308	    -66.04911220	     19.28620929	      1.48359099	    -29.19700496	    -26.36692682	    -10.66804219	     -0.83810439	    -23.32539473	     -0.35115814	      5.82075853
      0.78000000	     93.47070780	    107.68441667	     17.65952445	   -154.70441319	    256.44709366	   -311.92713370	     42.36408891	     28.94834163	    -74.19820473	     18.22579963	      1.10342093	    -29.28968299	    -30.47651411	    -10.71174856	     -1.01453866	    -24.29346830	     -0.29707084	      5.99221746
      0.79000000	     85.32448692	    112.64604857	     16.11121518	   -161.54653317	    238.60431119	   -317.19165392	     34.45780797	     27.28016125	    -80.75809779	     16.72299693	      0.49365772	    -27.52033676	    -34.10839126	    -10.29977907	     -1.17266006	    -25.38345424	     -0.23260434	      6.18243318
      0.80000000	     76.38154944	    114.11350475	     14.19885568	   -163.46103689	    219.94137925	   -320.38795678	     26.31103534	     25.03412613	    -85.53644925	     15.00193678	     -0.32471294	    -24.02087187	    -37.09793931	     -9.43968131	     -1.30410488	    -26.64603687	     -0.16161755	      6.37734055
      0.81000000	     67.60055994	    112.42324997	     12.13900780	   -161.40494732	    202.24981684	   -321.08635453	     18.57146626	     22.44751794	    -88.54828640	     13.40240284	     -1.30927155	    -19.17131041	    -39.34845415	     -8.20861901	     -1.40228314	    -28.15762380	     -0.09004879	      6.55902485
      0.82000000	     60.07499499	    108.28338753	     10.16594584	   -156.84972167	    187.55560093	   -318.81233751	     11.87908151	     19.81982385	    -89.96309987	     12.33223698	     -2.40613198	    -13.57676358	    -40.82636533	     -6.75846533	     -1.46263986	    -30.01804635	     -0.02456220	      6.70834656
      0.83000000	     54.83045563	    102.60065900	      8.46035191	   -151.43194115	    177.76704062	   -313.03850434	      6.76061900	     17.44093956	    -90.00644428	     12.19806788	     -3.56719105	     -7.98356167	    -41.53726496	     -5.29957458	     -1.48231280	    -32.34092106	      0.02900855	      6.80490649
      0.84000000	     52.63847472	     96.26514146	      7.09455349	   -146.55082928	    174.34340592	   -303.26823362	      3.55524528	     15.52300504	    -88.86301570	     13.33145284	     -4.76922808	     -3.15110834	    -41.49761878	     -4.06868657	     -1.45978454	    -35.24020419	      0.06676130	      6.82796833
      0.85000000	     53.88683087	     89.93716787	      6.01943608	   -143.01531427	    178.05769551	   -289.17671355	      2.38485033	     14.16261648	    -86.61657180	     15.92739907	     -6.02767969	      0.31158819	    -40.71510250	     -3.27288022	     -1.39492268	    -38.79499126	      0.08709328	      6.75261363
      0.86000000	     51.56201944	     84.10400212	      4.86655142	    -92.07905640	    200.72162686	      9.91243210	      1.89556032	     12.92807268	    -85.15125451	     37.03950232	     -9.10730695	      4.44227384	    -39.26266061	     -2.74700176	     -2.56544793	     -0.30948713	      0.72726912	      0.04715310
      0.87000000	     57.62470066	     79.08076158	      2.60318247	    -86.34645202	    214.92352286	     12.52313686	      3.42225105	     12.39439894	    -83.02029570	     42.85317678	    -11.55134556	      6.07249662	    -37.19776786	     -1.51098011	     -3.53802888	     -0.24143029	      1.25708641	      0.06671202
      0.88000000	     65.09272907	     73.83884321	      0.02946415	    -79.95861401	    232.73130866	      9.53638396	      6.13537290	     12.11228043	    -80.05795823	     49.33358253	    -14.16981562	      7.02091755	    -34.14486224	     -0.28597813	     -4.66959983	     -0.15586925	      1.88355859	      0.09511036
      0.89000000	     72.83458027	     67.57636996	     -2.71453425	    -71.24552489	    252.07721830	     -0.34730071	      9.72163588	     11.97520912	    -76.04001265	     55.78944601	    -16.78907018	      7.99539071	    -30.01308144	      1.04873955	     -5.97925690	     -0.05134848	      2.60375425	      0.12969398
      0.90000000	     79.80844465	     59.41954235	     -5.32770828	    -58.74970608	    270.87295655	    -17.64576761	     13.92119609	     11.94747323	    -70.73919420	     61.47022208	    -19.11390695	      9.75039283	    -24.78057155	      2.63071599	     -7.47659406	      0.07282273	      3.40272420	      0.16643965
      0.91000000	     85.14682810	     48.74836276	     -7.43896962	    -41.58481276	    287.22491913	    -42.23083988	     18.49441356	     12.04755362	    -64.04785092	     65.67159417	    -20.76308487	     12.85481276	    -18.53308399	      4.56249879	     -9.17013571	      0.21575681	      4.26592635	      0.20052380
      0.92000000	     88.28978417	     35.68084841	     -8.65989546	    -20.02273314	    299.73946526	    -73.63027643	     23.25863586	     12.34538031	    -56.28465624	     67.83752824	    -21.35154372	     17.50876110	    -11.58535869	      6.86657266	    -11.06449930	      0.37406820	      5.17597063	      0.22708066
      0.93000000	     89.11058523	     21.08718424	     -8.65920700	      4.33585183	    307.73107101	   -110.60378108	     28.15037932	     12.91180949	    -48.13377813	     67.64147699	    -20.59510512	     23.47083524	     -4.46337740	      9.46297122	    -13.11558762	      0.54115044	      6.09507978	      0.24199075
      0.94000000	     87.77652368	      6.34822152	     -7.30066941	     28.93110717	    311.03190505	   -151.04416526	     33.10728254	     13.70505764	    -40.42880428	     65.03339649	    -18.40059590	     30.11520627	      2.20425227	     12.17740865	    -15.22843647	      0.70717806	      6.97317918	      0.24256339
      0.95000000	     84.66365620	     -7.01091572	     -4.68196542	     50.88570530	    309.89217435	   -192.16696281	     38.03523203	     14.56620990	    -33.90699624	     60.24395894	    -14.90813469	     36.58889285	      7.81790165	     14.77596991	    -17.27381397	      0.86012878	      7.75807156	      0.22801747
      0.96000000	     80.29913196	    -17.60758555	     -1.09573625	     67.57256310	    304.92481908	   -230.98887665	     42.82812917	     15.27878773	    -29.07994152	     53.74247739	    -10.47033386	     42.00265862	     11.89870263	     17.01163498	    -19.11677934	      0.98750691	      8.40501084	      0.19961129
      0.97000000	     75.22232651	    -24.37566321	      3.02681596	     76.98195176	    296.91313452	   -264.85255540	     47.32774526	     15.61345116	    -26.19825243	     46.15552261	     -5.57765910	     45.59031531	     14.14685302	     18.66689492	    -20.64644426	      1.07817151	      8.88812656	      0.16032139
      0.98000000	     69.90083180	    -26.66559056	      7.20588603	     77.91616752	    286.67732733	   -291.82387581	     51.33185272	     15.38624234	    -25.26262170	     38.16594690	     -0.75756102	     46.80967519	     14.47005776	     19.58547899	    -21.79207683	      1.12388633	      9.20025562	      0.11420951
      0.99000000	     64.70430617	    -24.30385326	     11.00038791	     70.08978669	    275.01306927	   -310.89713843	     54.63739748	     14.50893306	    -26.05060762	     30.41582500	      3.52175436	     45.39284052	     12.98396258	     19.69306854	    -22.52531289	      1.12043572	      9.34965561	      0.06573996
      1.00000000	     59.90403887	    -17.62099930	     14.06577063	     54.17913734	    262.65347776	   -322.01966882	     57.08375749	     13.01384462	    -28.14620070	     23.42869740	      6.92090726	     41.35804940	      9.98862143	     19.00620959	    -22.85829312	      1.06827435	      9.35541569	      0.01921462
      1.01000000	     55.68982450	     -7.42119285	     16.18304036	     31.76885877	    250.25214774	   -325.98586505	     58.59373225	     11.05083235	    -30.98669948	     17.55696811	      9.26234471	     34.98904691	      5.92405304	     17.62757196	    -22.83435291	      0.97264380	      9.24138565	     -0.02166049
      1.02000000	     52.18688455	      5.11133216	     17.26096681	      5.18235308	    238.36661818	   -324.20808403	     59.19804950	      8.85617306	    -33.92760488	     12.95758767	     10.52697366	     26.79001112	      1.30733648	     15.72889200	    -22.51743271	      0.84298782	      9.03186196	     -0.05413224
      1.03000000	     49.46232729	     18.56597547	     17.31901460	    -22.80479407	    227.43221386	   -318.42337908	     59.03529806	      6.70038797	    -36.32651634	      9.59763196	     10.82209677	     17.42315402	     -3.33949607	     13.52519586	    -21.98195862	      0.69165471	      8.74839322	     -0.07665790
      1.04000000	     47.51839576	     31.50703821	     16.46080329	    -49.35039760	    217.73293792	   -310.40436510	     58.32465522	      4.82739180	    -37.64212896	      7.28820641	     10.33315305	      7.63274643	     -7.55940887	     11.24444747	    -21.30431145	      0.53215284	      8.40968370	     -0.08897001
      1.05000000	     46.29277134	     42.66911542	     14.84369486	    -71.92926713	    209.40020203	   -301.71962223	     57.32507637	      3.40437628	    -37.51783935	      5.74341680	      9.27362095	     -1.83274586	    -11.01418915	      9.09923708	    -20.55902281	      0.37742843	      8.03302455	     -0.09192491
      1.06000000	     45.67776537	     51.08328456	     12.64817858	    -88.59993847	    202.45697599	   -293.56876970	     56.29037936	      2.49949101	    -35.81037084	      4.65473338	      7.84566840	    -10.28857740	    -13.50476773	      7.26584077	    -19.81464108	      0.23857709	      7.63645183	     -0.08720780
      1.07000000	     45.55921158	     56.14135740	     10.05501292	    -98.15520623	    196.89289567	   -286.70331517	     55.43691913	      2.08914204	    -32.56898442	      3.76083566	      6.21876518	    -17.17803212	    -14.96449180	      5.86865808	    -19.13324709	      0.12391330	      7.23822339	     -0.07697698
      1.08000000	     45.85308689	     57.62569193	      7.23527255	   -100.21082722	    192.73400890	   -281.42309826	     54.92294144	      2.08350371	    -27.98775930	      2.89420527	      4.52683498	    -22.13849893	    -15.43182962	      4.96683267	    -18.56610876	      0.03813574	      6.85676319	     -0.06349623
      1.09000000	     46.50725713	     55.72036439	      4.35123467	    -95.22952730	    190.04946116	   -277.67954694	     54.82532202	      2.35322007	    -22.36957826	      1.99844569	      2.87921594	    -25.04807362	    -15.02311967	      4.54706063	    -18.15327193	     -0.01813939	      6.50849610	     -0.04881436
      1.10000000	     47.47744909	     50.96185098	      1.56146173	    -84.40717490	    188.91190537	   -275.21002282	     55.11768346	      2.75671957	    -16.08553918	      1.12039221	      1.37705218	    -26.02819010	    -13.90354980	      4.52764821	    -17.92276968	     -0.04803806	      6.20608970	     -0.03455989
      1.11000000	     48.70231315	     44.13784005	     -0.97529018	    -69.44383717	    189.34964132	   -273.68818765	     55.66975784	      3.16564734	     -9.53091797	      0.38590822	      0.12565842	    -25.40419446	    -12.26015971	      4.77210434	    -17.89312454	     -0.05745984	      5.95742584	     -0.02184070
      1.12000000	     50.08585260	     36.16861261	     -3.10036009	    -52.28242884	    191.30508751	   -272.83064426	     56.26325747	      3.48156881	     -3.09137671	     -0.02878130	     -0.76306167	    -23.63824949	    -10.28160990	      5.10858280	    -18.07448107	     -0.05394377	      5.76546418	     -0.01117939
      1.13000000	     51.50387068	     27.97866011	     -4.66056360	    -34.83448507	    194.63179396	   -272.44192817	     56.62514995	      3.64483269	      2.88547528	      0.07962148	     -1.17751448	    -21.24371630	     -8.14542217	      5.35438444	    -18.47024607	     -0.04547335	      5.62961681	     -0.00247827
      1.14000000	     52.84536795	     20.36037484	     -5.51905561	    -18.70681895	    199.14848518	   -272.40889688	     56.47980840	      3.63708895	      8.12755181	      0.92581161	     -1.01741856	    -18.69394604	     -6.00763552	      5.34373847	    -19.07821776	     -0.03920958	      5.54622636	      0.00494365
      1.15000000	     54.06926792	     13.85860310	     -5.56752719	     -4.98477377	    204.72623547	   -272.65649624	     55.60379931	      3.47829408	     12.47871224	      2.72231259	     -0.20355752	    -16.34687976	     -3.99387848	      4.95358711	    -19.88901417	     -0.04041745	      5.51101229	      0.01224793
      1.16000000	     55.25640727	      8.70092953	     -4.73762034	      5.88460254	    211.37122722	   -273.11491869	     53.87757709	      3.22048627	     15.93360542	      5.65900148	      1.31616385	    -14.40210503	     -2.19176259	      4.12211690	    -20.88448699	     -0.05188507	      5.52022802	      0.02093198
      1.17000000	     56.63066580	      4.78131147	     -3.01449820	     14.10267889	    219.25791332	   -273.71409694	     51.32215029	      2.93798685	     18.65874345	      9.86864392	      3.56273313	    -12.89453936	     -0.64550139	      2.85728877	    -22.03937257	     -0.07386037	      5.56958042	      0.03259244
      1.18000000	     58.52848357	      1.69843354	     -0.45433204	     20.41868511	    228.68789041	   -274.40094709	     48.10846730	      2.71429906	     20.98967016	     15.37876194	      6.51911912	    -11.72283685	      0.64884259	      1.23354173	    -23.32161976	     -0.10440842	      5.65448690	      0.04852981
      1.19000000	     61.31901809	     -1.15441530	      2.79415898	     25.93546626	    239.97516936	   -275.16761454	     44.53829169	      2.62636562	     23.39773973	     22.06171691	     10.11617360	    -10.70722156	      1.74274312	     -0.62450380	    -24.69521473	     -0.14015987	      5.76978482	      0.06928405
      1.20000000	     65.29671842	     -4.46778066	      6.47182977	     31.85611462	    253.29494109	   -276.06515212	     40.99752591	      2.72923833	     26.42994445	     29.60407106	     14.21333322	     -9.66122505	      2.73094697	     -2.56851727	    -26.11843437	     -0.17729144	      5.90717085	      0.09432336
      1.21000000	     70.57533794	     -8.87841028	     10.20731700	     39.21720326	    268.54097950	   -277.18664617	     37.88767655	      3.04135116	     30.61674468	     37.51489940	     18.58385084	     -8.45360060	      3.73490780	     -4.45542420	    -27.54506967	     -0.21232863	      6.05360023	      0.12200244
      1.22000000	     77.01367365	    -14.83530091	     13.54462287	     48.64169982	    285.22808593	   -278.59680617	     35.54638959	      3.53142655	     36.35543261	     45.18104941	     22.91812117	     -7.04163765	      4.87682559	     -6.17021590	    -28.92490189	     -0.24249230	      6.19014223	      0.14977290
      1.23000000	     84.19366955	    -22.49541498	     16.00822539	     60.16070298	    302.46871740	   -280.21637619	     34.17039230	      4.11427762	     43.79514838	     51.96128139	     26.85483994	     -5.47120038	      6.25391511	     -7.63714898	    -30.20135351	     -0.26570946	      6.29393777	      0.17463260
      1.24000000	     91.46166405	    -31.65655969	     17.19801368	     73.13947148	    319.02823415	   -281.69907244	     33.76717135	      4.66056905	     52.74613459	     57.29546534	     30.03727623	     -3.85325097	      7.91229798	     -8.81906441	    -31.31494048	     -0.28054909	      6.33935131	      0.19375537
      1.25000000	     98.01149563	    -41.75045907	     16.88998003	     86.33332559	    333.44054020	   -282.33206710	     34.13782336	      5.02371560	     62.64669783	     60.79656347	     32.17829983	     -2.33098361	      9.83647277	     -9.70815970	    -32.19987197	     -0.28618281	      6.30292442	      0.20511199
      1.26000000	    102.99878013	    -51.90466988	     15.10903463	     98.08997041	    344.16932347	   -281.01389870	     34.90782152	      5.07985420	     72.60508336	     62.29885924	     33.11285797	     -1.04609478	     11.94936667	    -10.31239942	    -32.78488756	     -0.28231355	      6.16733919	      0.20785635
      1.27000000	    105.66616529	    -61.08367577	     12.14497145	    106.67561386	    349.80206592	   -276.34715253	     35.59604825	      4.77077071	     81.52917493	     61.85405824	     32.82206069	     -0.10899756	     14.12903924	    -10.64210145	    -32.99240761	     -0.26905003	      5.92582654	      0.20236636
      1.28000000	    105.46669375	    -68.28511953	      8.50155906	    110.65391787	    349.26147974	   -266.86806625	     35.70938460	      4.13429868	     88.32505448	     59.68811227	     31.42575898	      0.42339202	     16.23389697	    -10.70060104	    -32.74173775	     -0.24680948	      5.58442649	      0.18999979
      1.29000000	    116.43964542	    -67.92265337	      2.75590221	    168.51903337	    333.48774424	     20.61148350	     26.69940466	      4.11308552	     91.37133439	     56.80189764	     29.08870575	     -1.08747432	     14.94058866	    -10.01533755	      0.33927264	     -1.37449755	     -0.43248329	      0.77219764
      1.30000000	    110.29189045	    -66.23295450	     -0.05356744	    168.34657064	    319.50665157	      7.37900025	     24.78510730	      3.51949240	     91.43482569	     53.00255761	     25.86931241	     -4.22754813	     15.15118480	     -9.59633711	      0.37807475	     -2.36398646	     -0.40814722	      1.27483760
      1.31000000	    101.74773594	    -60.99157137	     -1.79559681	    163.57285113	    299.81770097	    -11.24924866	     21.62836619	      3.16205378	     88.28449068	     48.64222267	     22.30497565	     -8.32439293	     14.92306861	     -8.65216407	      0.42868673	     -3.44777813	     -0.35647936	      1.89964882
      1.32000000	     91.79147663	    -53.05396583	     -2.38459380	    155.53769095	    276.20397433	    -35.96521477	     17.53970778	      3.13520788	     82.64785426	     43.95179666	     18.71964417	    -13.04132165	     14.38870489	     -7.04896975	      0.49154401	     -4.62828968	     -0.28170877	      2.66674606
      1.33000000	     81.59266299	    -43.77310752	     -2.02307800	    145.88752244	    250.99000284	    -66.69091509	     13.02852904	      3.38606679	     75.61902517	     39.09859513	     15.40400027	    -17.84739894	     13.74215154	     -4.68403599	      0.56674320	     -5.92315347	     -0.19299082	      3.58328338
      1.34000000	     72.34147144	    -34.84711072	     -1.08657850	    136.34037320	    226.77447233	   -101.92322748	      8.69477116	      3.71566217	     68.37999068	     34.23496022	     12.61069538	    -21.94933823	     13.19441775	     -1.49432005	      0.65415134	     -7.36078017	     -0.10284832	      4.63240799
      1.35000000	     65.03319115	    -27.96303903	      0.00698217	    128.44605692	    205.99150960	   -138.83802693	      5.10446826	      3.83952676	     61.91119159	     29.52387900	     10.49938087	    -24.41979432	     12.92140343	      2.50182053	      0.75299646	     -8.97351607	     -0.02447641	      5.77236015
      1.36000000	     60.15611819	    -23.80694458	      0.83157315	    122.83893453	    190.16620932	   -175.51419064	      2.68365973	      3.48679886	     56.78440050	     25.09036136	      9.00601302	    -25.01497911	     13.01949222	      7.01748610	      0.86100574	    -10.76771828	      0.03128044	      6.94782214
      1.37000000	     57.71317619	    -21.98962299	      1.08964564	    119.04350454	    179.86410157	   -211.13093456	      1.65707253	      2.49929135	     53.09794858	     21.04367397	      7.95867783	    -24.18858831	     13.48353146	     11.57008508	      0.97358134	    -12.69224492	      0.05824692	      8.08784022
      1.38000000	     57.39855733	    -21.57322859	      0.72446084	    115.87525400	    174.98596231	   -244.96526856	      2.04225043	      0.89169447	     50.55626172	     17.50196071	      7.23034649	    -22.62601971	     14.21403862	     15.65742116	      1.08359327	    -14.65148239	      0.05576782	      9.11545812
      1.39000000	     58.67116932	    -21.45948568	     -0.12438118	    111.85920280	    174.88006595	   -275.97297437	      3.69111185	     -1.14768217	     48.64137291	     14.52070438	      6.75288314	    -21.00668088	     15.04889615	     18.83248467	      1.18210413	    -16.53247705	      0.02793922	      9.96243228
      1.40000000	     60.90774292	    -20.68651366	     -1.19427058	    105.66822624	    178.58445909	   -302.86081079	      6.35712364	     -3.30985362	     46.80099341	     12.08944892	      6.50972165	    -19.85192024	     15.80644062	     20.76509498	      1.25989663	    -18.22854129	     -0.01827210	     10.58165496
      1.41000000	     63.58852376	    -18.60250960	     -2.18061783	     96.44339128	    185.13352354	   -324.36475363	      9.76390109	     -5.24707759	     44.59546248	     10.19444913	      6.51745375	    -19.45387061	     16.32661303	     21.27976946	      1.30937907	    -19.65662136	     -0.07514349	     10.95427972
      1.42000000	     66.39986604	    -14.94710094	     -2.81977133	     83.98603564	    193.75720288	   -339.57303138	     13.65815988	     -6.65521436	     41.78165576	      8.85016486	      6.78989908	    -19.86795089	     16.50162650	     20.37113218	      1.32629804	    -20.76492073	     -0.13583708	     11.08487749
      1.43000000	     69.24596023	     -9.87988195	     -2.94635164	     68.84536348	    203.93429192	   -348.11977426	     17.83874838	     -7.33327289	     38.33018470	      8.09266817	      7.30155507	    -20.92209633	     16.29016826	     18.20388157	      1.31054378	    -21.53456941	     -0.19536635	     10.99977587
      1.44000000	     72.17612618	     -3.92262430	     -2.51247102	     52.22085611	    215.31796678	   -350.23953995	     22.16152094	     -7.20578161	     34.37963576	      7.94107623	      7.96443086	    -22.26119194	     15.71218351	     15.08856108	      1.26565494	    -21.97512234	     -0.25092663	     10.73756367
      1.45000000	     75.27765509	      2.19111098	     -1.56913759	     35.67656555	    227.59716917	   -346.71950174	     26.52811657	     -6.30865967	     30.15404096	      8.35788738	      8.63274482	    -23.43584227	     14.82996777	     11.42887660	      1.19749306	    -22.11846808	     -0.30158208	     10.34330210
      1.46000000	     78.58768107	      7.69644615	     -0.22858685	     20.78496566	    240.39071529	   -338.75521674	     30.86987006	     -4.75450277	     25.88707147	      9.23006779	      9.13342336	    -24.00706594	     13.72743978	      7.65297198	      1.11290969	    -22.01314636	     -0.34749368	      9.86214359
      1.47000000	     82.06360018	     11.94515272	      1.37462559	      8.83065145	    253.22860654	   -327.76484432	     35.13312234	     -2.69524421	     21.77935133	     10.38760916	      9.31040279	    -23.63305021	     12.49514526	      4.15114574	      1.01878856	    -21.71550842	     -0.38911430	      9.33516985
      1.48000000	     85.58987999	     14.51187641	      3.11128001	      0.61878819	    265.58972016	   -315.20925612	     39.26711576	     -0.29158398	     17.98461536	     11.63801647	      9.06372926	    -22.13824796	     11.22060623	      1.22055739	      0.92145552	    -21.28677237	     -0.42666368	      8.79519184
      1.49000000	     89.01540894	     15.24940088	      4.87573743	     -3.61998624	    276.96823052	   -302.43349191	     43.21503026	      2.30897906	     14.60480917	     12.81324526	      8.37317604	    -19.54197669	      9.97974739	     -0.96205229	      0.82626036	    -20.78400729	     -0.45990627	      8.26771405
      1.50000000	     92.19010130	     14.31925177	      6.59546374	     -4.26173238	    286.93622896	   -290.55341524	     46.90952407	      4.98612052	     11.67983391	     13.80466454	      7.30189871	    -16.06565561	      8.82680540	     -2.35252605	      0.73710820	    -20.25937451	     -0.48810879	      7.77155698
      1.51000000	     94.98824013	     12.17167284	      8.23126976	     -2.23205906	    295.17738596	   -280.39301469	     50.27335981	      7.65154342	      9.17748570	     14.57190564	      5.97811874	    -12.10198479	      7.78533030	     -3.02573487	      0.65609536	    -19.75761927	     -0.51016753	      7.32044584
      1.52000000	     97.31629535	      9.46606069	      9.76944319	      1.16660186	    301.49333500	   -272.45722959	     53.22371194	     10.24474306	      6.99347230	     15.12750039	      4.56084942	     -8.14593504	      6.84338037	     -3.14439761	      0.58347533	    -19.31867623	     -0.52492290	      6.92458942
      1.53000000	     99.11706522	      6.95915387	     11.21256638	      4.47568281	    305.80050067	   -266.94212669	     55.67909956	     12.72460422	      4.95789313	     15.51519920	      3.20477528	     -4.70327261	      5.95201442	     -2.91375651	      0.51775019	    -18.97611118	     -0.53149705	      6.59171758
      1.54000000	    100.37072939	      5.40289610	     12.57072592	      6.28218437	    308.12884210	   -263.78700328	     57.56809917	     15.06132748	      2.84579100	     15.78842532	      2.03422018	     -2.21167019	      5.02690945	     -2.54162296	      0.45575400	    -18.75840889	     -0.52951630	      6.32461029
      1.55000000	    101.09314743	      5.45879495	     13.85349758	      5.38229850	    308.60850703	   -262.74841813	     58.83645006	     17.22980805	      0.39669208	     15.99387628	      1.13057260	     -0.98485815	      3.95514667	     -2.20815336	      0.39293954	    -18.68727696	     -0.51923978	      6.12211877
      1.56000000	    101.32938290	      7.61514431	     15.06397108	      0.92711581	    307.44845347	   -263.48966614	     59.44870733	     19.20523901	     -2.65741281	     16.16122349	      0.52898430	     -1.16670786	      2.60742619	     -2.04076626	      0.32397491	    -18.77762055	     -0.50161170	      5.97940039
      1.57000000	    101.13753002	     12.14344668	     16.19342754	     -7.50766405	    304.89454628	   -265.66240544	     59.38297995	     20.96138861	     -6.56030422	     16.29949393	      0.22447382	     -2.72483628	      0.85432779	     -2.10743210	      0.24350527	    -19.03802287	     -0.47816494	      5.88912888
      1.58000000	    100.56457014	     19.07703524	     17.21751038	    -19.90186432	    301.17312625	   -268.96674385	     58.62023977	     22.47044407	    -11.49820034	     16.39765960	      0.18109075	     -5.46527031	     -1.41469148	     -2.41808105	      0.14686842	    -19.47113497	     -0.45067738	      5.84318401
      1.59000000	     99.61588066	     28.20521458	     18.09301005	    -35.80348317	    296.42750691	   -273.18102813	     57.13245027	     23.70220876	    -17.56658638	     16.42462177	      0.34006588	     -9.06006397	     -4.27123311	     -2.93122862	      0.03072120	    -20.07525387	     -0.42065416	      5.83345314
      1.60000000	     98.23186636	     39.08418047	     18.75586575	    -54.37208769	    290.66733447	   -278.15043055	     54.87569708	     24.62147332	    -24.74228170	     16.33324462	      0.62648139	    -13.08375418	     -7.72988184	     -3.56401062	     -0.10634357	    -20.84461236	     -0.38888664	      5.85360184
      1.61000000	     96.27962251	     51.07449604	     19.12333957	    -74.46559550	    283.75555200	   -283.73633966	     51.79610261	     25.18577656	    -32.86750946	     16.06386432	      0.95546085	    -17.06214763	    -11.73608197	     -4.20826678	     -0.26329008	    -21.76845969	     -0.35529246	      5.89854218
      1.62000000	     93.57910441	     63.38997795	     19.10513066	    -94.75120523	    275.46253008	   -289.74784918	     47.85405781	     25.34758226	    -41.65054423	     15.55511413	      1.23833138	    -20.51656943	    -16.16315925	     -4.74206769	     -0.43644701	    -22.82706763	     -0.31911523	      5.96379603
      1.63000000	     89.96377557	     75.16577911	     18.62317539	   -113.84691623	    265.58505074	   -295.88484627	     43.06306315	     25.06296757	    -50.68716057	     14.76166318	      1.39005401	    -23.00936551	    -20.82062795	     -5.04137682	     -0.61967058	    -23.99050996	     -0.27941644	      6.04357408
      1.64000000	     85.36588472	     85.54606215	     17.63508138	   -130.49100975	    254.09727062	   -301.70155493	     37.52973151	     24.30598495	    -59.50520470	     13.68270157	      1.33689431	    -24.18964865	    -25.47403339	     -4.99161880	     -0.80476168	    -25.21911119	     -0.23566568	      6.13155163
      1.65000000	     79.89588657	     93.78604499	     16.15555589	   -143.72807405	    241.29293795	   -306.57992348	     31.47988825	     23.08615229	    -67.62608949	     12.38960315	      1.02423787	    -23.83801548	    -29.87294562	     -4.49964636	     -0.98206326	    -26.46172773	     -0.18825204	      6.21815374
      1.66000000	     73.89798580	     99.35997798	     14.26793136	   -153.07902534	    227.88029127	   -309.72414595	     25.26092801	     21.46478673	    -74.63014990	     11.04874948	      0.42350622	    -21.91225398	    -33.78120062	     -3.50933022	     -1.14125694	    -27.65516951	     -0.13878344	      6.29142520
      1.67000000	     67.95087823	    102.04232261	     12.11970164	   -158.63685655	    214.98550305	   -310.19830337	     19.31592749	     19.56288494	    -80.21024744	      9.92059270	     -0.46497567	    -18.57366987	    -37.00287332	     -2.01388690	     -1.27234021	    -28.72570276	     -0.09004718	      6.33779406
      1.68000000	     62.79975020	    101.93620780	      9.89812434	   -161.04334125	    204.03578656	   -307.00139878	     14.13105255	     17.55281717	    -84.19727064	      9.32867637	     -1.61432822	    -14.18234036	    -39.39785669	     -0.06223798	     -1.36663882	    -29.59072313	     -0.04558773	      6.34322031
      1.69000000	     59.22992141	     99.42702415	      7.79106507	   -161.31701015	    196.53411369	   -299.18216014	     10.16724490	     15.63260369	    -86.54925567	      9.60330940	     -2.97965686	     -9.24882732	    -40.88431659	      2.24433655	     -1.41769521	    -30.16224767	     -0.00901948	      6.29650273
      1.70000000	     57.91237483	     95.06951952	      5.94708486	   -160.56718534	    193.78234517	   -285.97298965	      7.79290388	     13.99030989	    -87.31173066	     11.01295765	     -4.50982881	     -4.34558408	    -41.43076724	      4.76558970	     -1.42192178	    -30.35072707	      0.01669084	      6.19138870
      1.71000000	     57.21065863	     91.21443828	      3.53573052	   -151.01693786	    194.99213296	   -294.29929354	      6.79718374	     12.61186266	    -88.46157147	     13.70059174	     -6.15736733	      0.00157478	    -40.13378783	      7.34000552	     -2.76598764	    -30.07101523	      0.65906576	      6.02777576
      1.72000000	     59.94570444	     87.75534712	      1.91815981	   -145.03507056	    202.91357018	   -294.44636403	      8.04722971	     12.02788571	    -89.27742812	     17.63969715	     -7.88244783	      3.43318296	    -38.65316759	      9.81061744	     -3.63340060	    -29.25035753	      1.18608474	      5.81019894
      1.73000000	     64.71854222	     84.36635633	      0.53910400	   -137.75117866	    215.90731686	   -297.10734667	     11.17382570	     11.93982996	    -89.39304637	     22.61965469	     -9.64566773	      5.85691632	    -35.99325357	     12.05507150	     -4.44549927	    -27.83586228	      1.84382768	      5.54636237
      1.74000000	     70.87148973	     80.77036334	     -0.61648463	   -128.51370418	    232.71074136	   -302.73022032	     15.96741677	     12.24888847	    -88.63636094	     28.25985741	    -11.38716435	      7.47150818	    -32.12951004	     13.99631324	     -5.22236554	    -25.80949563	      2.64238402	      5.24358138
      1.75000000	     77.57283237	     76.29369613	     -1.52146346	   -116.47108592	    251.56462933	   -310.65689383	     22.08835501	     12.82568019	    -86.65381310	     34.05542983	    -13.00310187	      8.70607030	    -27.11647116	     15.60134369	     -6.03163459	    -23.20041691	      3.57154394	      4.90437628
      1.76000000	     83.95767624	     69.90631319	     -2.11119773	   -100.61947383	    270.47149208	   -319.04997484	     29.09813561	     13.55497040	    -82.85105494	     39.44184897	    -14.33332977	     10.08700719	    -21.05767562	     16.86741681	     -6.97755219	    -20.09757178	      4.59895042	      4.52486611
      1.77000000	     89.23000935	     60.82469574	     -2.29638184	    -80.21297432	    287.50512055	   -326.59144709	     36.50866855	     14.38545979	    -76.84450804	     43.86566007	    -15.17237479	     12.08008036	    -14.16987025	     17.80795041	     -8.16151653	    -16.65500644	      5.68283662	      4.09762118
      1.78000000	     92.83399543	     49.22661274	     -1.93426184	    -55.74282147	    301.18749080	   -333.33145328	     43.88923427	     15.33391598	    -69.01588583	     46.84833855	    -15.30436471	     14.94123248	     -6.94091982	     18.43634539	     -9.61336103	    -13.08181949	      6.76052263	      3.61515391
      1.79000000	     94.53656830	     36.03830392	     -0.89135331	    -28.91868503	    310.62861178	   -339.78796343	     50.92293873	     16.40050730	    -60.22330036	     48.05104869	    -14.55888692	     18.62287079	     -0.00655021	     18.75361786	    -11.27156609	     -9.61604297	      7.75252676	      3.07744846
      1.80000000	     94.37850671	     22.55815859	      0.86480607	     -2.20624026	    315.46619383	   -346.19138553	     57.37005808	     17.49605657	    -51.42391977	     47.33216898	    -12.87049188	     22.77666359	      6.00357604	     18.75237763	    -13.01580087	     -6.48818856	      8.58405314	      2.49723964
      1.81000000	     92.65373913	     10.19712961	      3.24851721	     21.64052972	    315.86993178	   -352.23875024	     63.07941573	     18.45901653	    -43.47116678	     44.77907765	    -10.31535060	     26.83075410	     10.55994116	     18.42593098	    -14.70177672	     -3.88259467	      9.20095198	      1.90112316
      1.82000000	     89.81777449	      0.27042610	      6.06074798	     40.06375017	    312.42248514	   -357.22730265	     67.96085464	     19.08980407	    -37.01645702	     40.70420716	     -7.11100531	     30.12585849	     13.29719640	     17.77922207	    -16.19695837	     -1.90570570	      9.57805882	      1.32699796
      1.83000000	     86.31356186	     -6.20374100	      9.00890746	     51.14683945	    305.85994691	   -360.24016160	     71.89284731	     19.18226691	    -32.44667008	     35.59757068	     -3.57659509	     32.06951837	     14.06184069	     16.83433733	    -17.40286991	     -0.57058583	      9.72128675	      0.81509760
      1.84000000	     82.47422686	     -8.64251703	     11.77098687	     53.90017243	    296.90741609	   -360.43836564	     74.70793241	     18.57783742	    -29.89018727	     30.03699176	     -0.06446006	     32.26874460	     12.91593331	     15.63809932	    -18.26575129	      0.19587910	      9.65816247	      0.39681591
      1.85000000	     79.25397441	     -7.73098473	     13.78916345	     50.94961887	    287.54113730	   -353.04133474	     76.23543986	     17.21678973	    -29.22265888	     25.58321570	      2.83025937	     31.28390513	     10.11698775	     13.90657273	    -18.78083174	      0.86563948	      9.43013755	      0.03266607
      1.86000000	     74.96918002	     -2.58761426	     15.51447095	     36.22973375	    274.96671127	   -352.32562983	     76.36079181	     15.16811349	    -30.07771606	     20.03394341	      5.66904647	     28.02463432	      6.08395107	     13.54263654	    -18.98135140	      0.82601767	      9.08407004	     -0.00680244
      1.87000000	     70.84879834	      5.40874268	     16.41389577	     17.05748931	    262.11145136	   -346.07922117	     75.08191077	     12.62646868	    -31.89430102	     15.64322919	      7.73389687	     23.16183755	      1.33923553	     12.72945876	    -18.92585124	      0.75408149	      8.66566306	     -0.03896056
      1.88000000	     66.97709861	     15.01341471	     16.47247132	     -4.23914286	    249.50215062	   -335.86467180	     72.54144238	      9.87559240	    -33.99307065	     12.51415484	      9.01058528	     17.17319886	     -3.56027447	     11.60761609	    -18.68445566	      0.65752127	      8.21340474	     -0.06186346
      1.89000000	     63.46829174	     24.81842330	     15.75940848	    -25.10282305	    237.64883407	   -323.37413453	     69.02182434	      7.22658170	    -35.68202159	     10.59455672	      9.56812617	     10.65064776	     -8.09576839	     10.35224555	    -18.32811946	      0.54622221	      7.75810565	     -0.07467798
      1.90000000	     60.46618078	     33.46098377	     14.40338275	    -43.11526974	    227.02431006	   -310.19283038	     64.91170725	      4.95401435	    -36.36151643	      9.71513247	      9.52544794	      4.22588811	    -11.84598088	      9.14806698	    -17.92088752	      0.43128553	      7.32232643	     -0.07755045
      1.91000000	     58.12511323	     39.82254224	     12.56758599	    -56.34015647	    218.03381890	   -297.62253195	     60.65213394	      3.24604064	    -35.61335094	      9.63895093	      9.02092435	     -1.51091592	    -14.53018743	      8.16288161	    -17.51927884	      0.32348666	      6.92175577	     -0.07145237
      1.92000000	     56.57772532	     43.17282582	     10.42608435	    -63.57115320	    210.98356163	   -286.59736222	     56.66935596	      2.17832872	    -33.25088892	     10.11304008	      8.19126768	     -6.08507319	    -16.02352667	      7.52486501	    -17.17169789	      0.23174645	      6.56937574	     -0.05796546
      1.93000000	     55.91263525	     43.22135689	      8.14589441	    -64.41561838	    206.06402467	   -277.67430981	     53.31945658	      1.71928229	    -29.31223241	     10.91072863	      7.16262652	     -9.18910631	    -16.34369761	      7.30790284	    -16.91934739	      0.16217081	      6.27416191	     -0.03904709
      1.94000000	     56.15253076	     40.08716758	      5.87657660	    -59.23231622	    203.34297515	   -271.07679745	     50.84293261	      1.75736700	    -24.00889859	     11.85537959	      6.05159492	    -10.70942710	    -15.61508169	      7.52471885	    -16.79434555	      0.11766928	      6.04348590	     -0.01683009
      1.95000000	     57.23606068	     34.23475426	      3.74687947	    -48.99895586	    202.74628839	   -266.78285488	     49.34082250	      2.13583010	    -17.67021848	     12.82443526	      4.96985804	    -10.73001420	    -14.03102520	      8.12608795	    -16.82159549	      0.09788845	      5.87944975	      0.00656139
      1.96000000	     59.00008538	     26.39611658	      1.86531134	    -35.15431465	    204.03833753	   -264.61577036	     48.76552956	      2.68454018	    -10.70063784	     13.74096210	      4.02608092	     -9.51198199	    -11.81998390	      9.00605126	    -17.01723562	      0.09937006	      5.77995447	      0.02920131
      1.97000000	     61.18770995	     17.48529308	      0.32145575	    -19.41880127	    206.83190410	   -264.31761762	     48.94371097	      3.24556523	     -3.55255370	     14.56245312	      3.32202984	     -7.44908411	     -9.22493685	     10.01350376	    -17.39035525	      0.11609966	      5.73919602	      0.04950642
      1.98000000	     63.48185918	      8.48847860	     -0.81351163	     -3.58237609	    210.63718798	   -265.60437268	     49.61976255	      3.69253958	      3.31083745	     15.27532757	      2.94427742	     -5.00679315	     -6.48388397	     10.96871523	    -17.94244471	      0.14051895	      5.74768620	      0.06628699
      1.99000000	     65.55298746	      0.34633870	     -1.48619626	     10.71227027	    214.94126753	   -268.19775797	     50.50035348	      3.94203490	      9.46090489	     15.90009579	      2.95531959	     -2.65845769	     -3.81406830	     11.68173551	    -18.66989072	      0.16470077	      5.79527165	      0.07876025
      2.00000000	     67.11900726	     -6.14783301	     -1.65963614	     22.13654816	    219.30684125	   -271.82404754	     51.29608128	      3.95607683	     14.54799522	     16.50573320	      3.38767259	     -0.82954635	     -1.39886825	     11.97050162	    -19.56283401	      0.18130493	      5.87260309	      0.08662358
      2.01000000	     68.01039385	    -10.42920786	     -1.31325594	     29.79482023	    223.47414136	   -276.21501118	     51.76132492	      3.73794531	     18.34399831	     17.22465608	      4.24334190	      0.14646033	      0.62253951	     11.67844339	    -20.60713847	      0.18422595	      5.97321750	      0.09019308
      2.02000000	     68.23130542	    -12.22865561	     -0.44295378	     33.30564926	    227.44473890	   -281.09825505	     51.73203044	      3.32654106	     20.78854782	     18.25620744	      5.49984623	      0.06026394	      2.16929755	     10.69161072	    -21.78257638	      0.16906878	      6.09291777	      0.09050265
      2.03000000	     67.98550313	    -11.60924714	      0.93727293	     32.83687845	    231.50338624	   -286.20487626	     51.14797455	      2.78832103	     22.02023704	     19.84844331	      7.12119191	     -1.15642032	      3.22862511	      8.95368340	    -23.06377086	      0.13353538	      6.23064462	      0.08924871
      2.04000000	     67.65557327	     -8.95872032	      2.79098184	     29.07623119	    236.15800099	   -291.29264957	     50.05995138	      2.20707184	     22.37865165	     22.25406994	      9.06854939	     -3.43263826	      3.85678019	      6.47655461	    -24.42244423	      0.07766412	      6.38670262	      0.08854655
      2.05000000	     67.73413581	     -4.94609059	      5.05089923	     23.14731542	    242.01270615	   -296.17263870	     48.62096328	      1.67251506	     22.37628118	     25.66481867	     11.30441235	     -6.57431169	      4.17323749	      3.34545186	    -25.82644885	      0.00385758	      6.56047011	      0.09053510
      2.06000000	     68.71240156	     -0.45167105	      7.60645862	     16.49164794	    249.59467900	   -300.71758203	     47.05652650	      1.26759986	     22.63869082	     30.13769927	     13.78625935	    -10.28744685	      4.34447420	     -0.28216882	    -27.24154066	     -0.08334198	      6.74841109	      0.09688121
      2.07000000	     70.95150540	      3.53133002	     10.28981078	     10.69286009	    259.17466491	   -304.83558420	     45.61972042	      1.05404487	     23.81652894	     35.53423279	     16.44925352	    -14.20937410	      4.56207372	     -4.18689999	    -28.62875896	     -0.17777453	      6.93974685	      0.10825772
      2.08000000	     74.56790356	      6.04433474	     12.86708016	      7.21596199	    270.62690327	   -308.42306156	     44.54102393	      1.05608008	     26.46490458	     41.49705301	     19.18327136	    -17.95468556	      5.00847930	     -8.11024300	    -29.94462728	     -0.27241428	      7.11533735	      0.12396592
      2.09000000	     79.37170752	      6.32928899	     15.04554276	      7.11629174	    283.37417828	   -311.31706550	     43.98322024	      1.24829262	     30.92351775	     47.48250940	     21.81766664	    -21.17005248	      5.82198485	    -11.78734632	    -31.14315511	     -0.36017604	      7.24852405	      0.14194121
      2.10000000	     84.88408335	      3.95292432	     16.50744172	     10.82772359	    296.44548812	   -313.24190188	     44.00644632	      1.55567003	     37.23989683	     52.84990308	     24.12968614	    -23.57757275	      7.07626674	    -14.97968064	    -32.17545288	     -0.43462250	      7.30658049	      0.15922575
      2.11000000	     90.42269298	     -1.12337109	     16.97205891	     18.07321216	    308.62295110	   -313.75342493	     44.54597963	      1.86596774	     45.13558984	     56.98536435	     25.88191542	    -24.99569858	      8.76966675	    -17.49917881	    -32.99159833	     -0.49046105	      7.25696711	      0.17271621
      2.12000000	     95.22025993	     -8.53107273	     16.27290985	     27.89294686	    318.61461420	   -312.20682022	     45.40385468	      2.05388126	     54.01897198	     59.42394644	     26.87681246	    -25.34433997	     10.83026449	    -19.22190323	    -33.53763765	     -0.52382750	      7.07395664	      0.17989757
      2.13000000	     98.54987095	    -17.54144189	     14.42308641	     38.80564749	    325.21641239	   -307.78035443	     46.26985447	      2.01403671	     63.04543596	     59.93292114	     27.00616644	    -24.63792021	     13.12651278	    -20.09092732	    -33.75940310	     -0.53248485	      6.74301985	      0.17937203
      2.14000000	     99.83835561	    -27.21284721	     11.63742000	     49.13259359	    327.46254674	   -299.55151779	     46.76912498	      1.69621315	     71.25247444	     58.53396806	     26.27681920	    -22.95875363	     15.49692847	    -20.10677979	    -33.59942272	     -0.51594493	      6.26417643	      0.17108989
      2.15000000	     98.75940920	    -36.60849891	      8.29694717	     57.42336758	    324.76857877	   -286.63806116	     46.53404922	      1.12753754	     77.74206961	     55.46815776	     24.80591487	    -20.41153737	     17.78165037	    -19.30795992	    -33.00029545	     -0.47535773	      5.65550220	      0.15624761
      2.16000000	     96.62173642	    -43.65813766	      5.51133788	     67.75569371	    318.29661102	   -283.47682709	     45.28270891	      0.41044822	     81.86946939	     51.80033648	     22.96355722	    -18.32348691	     19.85263918	    -17.50524818	    -31.91121818	     -1.48804154	      4.94997184	      0.59682364
      2.17000000	     92.02229866	    -47.79097710	      2.78052037	     73.80727709	    306.54110267	   -278.81728932	     42.87674421	     -0.30709682	     83.37523946	     47.15024316	     20.46639335	    -17.03336393	     21.62980156	    -15.50327553	    -30.29600766	     -2.41271475	      4.19118136	      1.04228279
      2.18000000	     86.16551323	    -49.82525175	      0.77319813	     78.63391033	    291.26045703	   -276.12333366	     39.35014095	     -0.88075208	     82.43730784	     42.14705984	     17.83779810	    -15.81523285	     23.08460898	    -12.75709249	    -28.14517609	     -3.45546648	      3.42725881	      1.67035832
      2.19000000	     79.79895481	    -50.28656071	     -0.40613312	     83.42108989	    273.80876421	   -276.53671960	     34.90088063	     -1.22193683	     79.62744203	     37.11560094	     15.27400011	    -14.57941697	     24.23342022	     -9.24314052	    -25.48315423	     -4.62832492	      2.70413188	      2.50877170
      2.20000000	     73.72966375	    -50.04383481	     -0.84241708	     89.47590536	    255.80179176	   -280.72095349	     29.84940340	     -1.33298452	     75.77032843	     32.30856008	     12.92573239	    -13.11927422	     25.11937649	     -4.95596470	    -22.37585468	     -5.95567932	      2.06109683	      3.56202986
      2.21000000	     68.72009091	    -50.15362802	     -0.74187143	     97.89634613	    238.94357298	   -288.38355959	     24.58267176	     -1.31172606	     71.73866965	     27.93651970	     10.90216323	    -11.08492088	     25.78734867	      0.07324022	    -18.93634484	     -7.46740846	      1.52265445	      4.80088860
      2.22000000	     65.32100474	    -51.65542854	     -0.36669625	    109.24867368	    224.73090015	   -297.82317982	     19.49169929	     -1.32135463	     68.24035617	     24.15801213	      9.24578033	     -8.01145022	     26.26092321	      5.73270032	    -15.32195951	     -9.18324974	      1.09787268	      6.15312263
      2.23000000	     63.64065019	    -55.00872323	     -0.01564769	    123.10703458	    213.97168401	   -306.81643936	     14.92955911	     -1.53990279	     65.66857416	     20.99508331	      7.88047806	     -3.76377181	     26.53188555	     11.68721122	    -11.72081935	    -11.09611661	      0.78079934	      7.52220329
      2.24000000	     63.28614281	    -59.56637431	      0.02551291	    137.78997703	    206.53953779	   -314.62745958	     11.19730611	     -2.10581909	     64.02833498	     18.26824428	      6.64996991	      1.01088108	     26.55526157	     17.35260425	     -8.33125462	    -13.14584349	      0.55319964	      8.81949066
      2.25000000	     63.71432185	    -64.00727349	     -0.37037140	    150.82155737	    201.90974525	   -321.50062997	      8.52733600	     -3.06792202	     62.97202622	     15.79641461	      5.48144172	      5.33563216	     26.26358211	     22.11748879	     -5.33422061	    -15.22570554	      0.38911780	      9.96845521
      2.26000000	     64.41998248	    -66.84395448	     -1.14887014	    159.52998164	    199.47482325	   -327.77680776	      7.06156114	     -4.35747978	     61.93196256	     13.47173149	      4.42305490	      8.30149454	     25.59382059	     25.48152238	     -2.86271686	    -17.21101646	      0.26185134	     10.90493058
      2.27000000	     65.03600349	    -66.80017955	     -2.12027697	    161.64528456	    198.71037383	   -333.34381924	      6.83902484	     -5.79502334	     60.28586782	     11.27480277	      3.60737963	      9.28544578	     24.49774464	     27.11864794	     -0.98129068	    -18.98455414	      0.15122299	     11.58534574
      2.28000000	     65.40627087	    -63.09351907	     -3.03332381	    155.84286831	    199.30436151	   -337.62669176	      7.79551378	     -7.13313069	     57.54708259	      9.27772888	      3.18986826	      8.03736967	     22.96095810	     26.90659768	      0.31752250	    -20.45598677	      0.04682092	     11.99178948
      2.29000000	     65.60422119	    -55.58338928	     -3.65384045	    142.03292663	    201.21110241	   -339.89828071	      9.78574399	     -8.12270102	     53.50013195	      7.62451364	      3.28544525	      4.67499520	     21.02189948	     24.92874231	      1.09773375	    -21.57048043	     -0.05252912	     12.13146433
      2.30000000	     65.75347669	    -42.18242507	     -3.51222113	    120.29979266	    203.70511635	   -331.92931429	     12.55285156	     -8.17847857	     45.74445711	      6.48603280	      3.91964632	     -0.36348552	     16.46599901	     21.45360689	      1.40923214	    -22.31292534	     -0.17576635	     12.03255917
      2.31000000	     66.39603271	    -29.69007807	     -3.22010862	     93.44584151	    209.21018259	   -334.45222702	     16.19697092	     -8.15121884	     40.17066751	      5.99816694	      5.00480759	     -6.40161473	     15.21792433	     16.89609011	      1.35189916	    -22.70056692	     -0.22239443	     11.73709049
      2.32000000	     67.74715279	    -16.37920026	     -2.48141110	     65.40420887	    216.43672554	   -332.23198156	     20.18505020	     -7.48717312	     34.19212299	      6.21117569	      6.34929703	    -12.63623509	     13.73439860	     11.75699242	      1.26248525	    -22.77754285	     -0.26857206	     11.29366408
      2.33000000	     69.92563472	     -3.59145545	     -1.40873315	     38.69424730	    225.26204420	   -326.16553478	     24.38276293	     -6.27656931	     28.20420498	      7.05633568	      7.69686893	    -18.26704437	     12.13802435	      6.55497424	      1.14982142	    -22.60385548	     -0.31339156	     10.75220526
      2.34000000	     72.85457622	      7.47387240	     -0.15007014	     15.53961792	    235.25188872	   -317.30897159	     28.65527858	     -4.65299667	     22.56276453	      8.35120038	      8.78623713	    -22.62521622	     10.54359770	      1.75654488	      1.02336096	    -22.24634233	     -0.35618726	     10.15963678
      2.35000000	     76.28992046	     15.96372850	      1.15307120	     -2.50893133	    245.72820625	   -306.76955635	     32.86572386	     -2.75959921	     17.52943747	      9.85090545	      9.41398775	    -25.28007898	      9.04235241	     -2.28408283	      0.89207902	    -21.77217635	     -0.39600688	      9.55700426
      2.36000000	     79.89894230	     21.49483047	      2.39560559	    -14.79658917	    255.91696294	   -295.62469913	     36.87730524	     -0.72367145	     13.24486580	     11.31687747	      9.47941959	    -26.09833452	      7.69407912	     -5.36254119	      0.76372876	    -21.24598679	     -0.43127511	      8.97830126
      2.37000000	     83.34934024	     24.16152177	      3.51966853	    -21.57258136	    265.11113648	   -284.84849331	     40.55784927	      1.35574178	      9.73143080	     12.57349637	      8.99611168	    -25.23642030	      6.52702116	     -7.42959245	      0.64441711	    -20.72832401	     -0.45978426	      8.44791997
      2.38000000	     86.38773377	     24.47047580	      4.51323521	    -23.86394678	    272.79835320	   -275.23677237	     43.78693389	      3.41123251	      6.90491108	     13.54855368	      8.07627924	    -23.08620883	      5.53943923	     -8.56927730	      0.53819747	    -20.27127163	     -0.47896522	      7.98305254
      2.39000000	     88.87109325	     23.25348786	      5.40084122	    -23.29306812	    278.71366954	   -267.36706299	     46.46657383	      5.40529479	      4.58687391	     14.26952083	      6.89784392	    -20.21462563	      4.70086989	     -8.97145238	      0.44674214	    -19.91772507	     -0.48638076	      7.59399154
      2.40000000	     90.76479393	     21.52761479	      6.23014968	    -21.79581706	    282.83355279	   -261.61108764	     48.53311944	      7.32385079	      2.52739495	     14.82687144	      5.66099696	    -17.27068852	      3.95601751	     -8.88743294	      0.36941363	    -19.70095171	     -0.48040407	      7.28557786
      2.41000000	     92.12711928	     20.33054426	      7.05619976	    -21.29132188	    285.34279023	   -258.16498907	     49.96564894	      9.16746212	      0.43845472	     15.33419484	      4.54723590	    -14.87953813	      3.23136980	     -8.58194475	      0.30370652	    -19.64627546	     -0.46089923	      7.05824047
      2.42000000	     93.08227030	     20.57797538	      7.92901160	    -23.40347646	    286.58010212	   -257.08889806	     50.78821467	     10.94484927	     -1.97301103	     15.89333923	      3.69186051	    -13.55288099	      2.44159664	     -8.29210291	      0.24567062	    -19.77089290	     -0.42955597	      6.90808955
      2.43000000	     93.79113453	     22.95782255	      8.88747571	    -29.26773699	    286.97471769	   -258.35641151	     51.06556686	     12.67012496	     -4.97675123	     16.57221419	      3.17243509	    -13.62416172	      1.49514599	     -8.19642107	      0.19018737	    -20.08312197	     -0.38972040	      6.82891227
      2.44000000	     94.41663676	     27.85312035	      9.95574083	    -39.40474078	    286.97138766	   -261.89363937	     50.89080804	     14.36076191	     -8.78856897	     17.39175367	      3.00836030	    -15.20936711	      0.30197025	     -8.39706482	      0.13149395	    -20.58295098	     -0.34585098	      6.81306200
      2.45000000	     95.08502145	     35.28498122	     11.13893025	    -53.64446569	    286.94053944	   -267.57581353	     50.36353130	     16.03311505	    -13.53467527	     18.32467209	      3.16615792	    -18.18868776	     -1.21522228	     -8.91261665	      0.06415459	    -21.26211410	     -0.30266525	      6.85224555
      2.46000000	     95.84123360	     44.90790622	     12.42013883	    -71.15853110	    287.07559700	   -275.19135804	     49.56366254	     17.69536236	    -19.22579009	     19.29755459	      3.57005877	    -22.22440468	     -3.11027587	     -9.68471650	     -0.01596332	    -22.10272472	     -0.26416923	      6.93851522
      2.47000000	     96.61005641	     56.06639941	     13.76096325	    -90.60851855	    287.30979796	   -284.40857814	     48.53078332	     19.33926580	    -25.75563289	     20.19218014	      4.11474700	    -26.80902829	     -5.40762283	    -10.59543004	     -0.11115529	    -23.07936169	     -0.23303552	      7.06411080
      2.48000000	     97.18127246	     67.88384737	     15.10374797	   -110.35105808	    287.28101556	   -294.76549423	     47.25421306	     20.93152875	    -32.91596356	     20.85295438	      4.67799343	    -31.32633335	     -8.09894455	    -11.48640187	     -0.22174192	    -24.15978535	     -0.21043024	      7.22292196
      2.49000000	     97.22513936	     79.34822062	     16.37328379	   -128.62010771	    286.36547548	   -305.67614418	     45.67568214	     22.40672272	    -40.41329928	     21.10249936	      5.13079944	    -35.11023876	    -11.13884250	    -12.17690125	     -0.34608266	    -25.30682204	     -0.19597834	      7.41031068
      2.50000000	     96.34719846	     89.38871596	     17.47861200	   -143.67792024	    283.79393317	   -316.45974444	     43.70716874	     23.66620357	    -47.88648320	     20.77078636	      5.34582014	    -37.49881559	    -14.44064065	    -12.47704274	     -0.48062895	    -26.47746700	     -0.18781030	      7.62059853
      2.51000000	     94.18170038	     96.96220840	     18.31814672	   -153.96003837	    278.84144364	   -326.39865268	     41.26328307	     24.58711894	    -54.92993351	     19.73729493	      5.20783026	    -37.89746685	    -17.87564137	    -12.20436270	     -0.62004723	    -27.62448879	     -0.18294134	      7.84481983
      2.52000000	     90.50334895	    101.14921555	     18.79083835	   -158.22029575	    271.05113395	   -334.80083541	     38.30199967	     25.04324446	    -61.12224341	     17.97508746	      4.62671359	    -35.84991164	    -21.27776789	    -11.20371831	     -0.75750957	    -28.69842586	     -0.17806829	      8.06772170
      2.53000000	     85.33156081	    101.25092463	     18.81393446	   -155.66784129	    260.43500566	   -341.05093271	     34.86359095	     24.93577342	    -66.05994313	     15.58637384	      3.55021666	    -31.10576603	    -24.45515181	     -9.36665169	     -0.88520446	    -29.64858410	     -0.17049511	      8.26770224
      2.54000000	     78.99165664	     96.89681478	     18.34409247	   -146.11197077	    247.59035336	   -344.63621623	     31.09556743	     24.22729901	    -69.40161984	     12.81358810	      1.97446586	    -23.68344709	    -27.21086020	     -6.65318987	     -0.99505410	    -30.42612543	     -0.15885177	      8.41834314
      2.55000000	     72.11140433	     88.15286457	     17.39615321	   -130.10750870	    233.69228477	   -345.13613547	     27.25408803	     22.96879722	    -70.92195114	     10.02176364	     -0.04853896	    -13.91543264	    -29.37165023	     -3.10931248	     -1.07963090	    -30.98465171	     -0.14347925	      8.49170489
      2.56000000	     65.54382774	     75.59587178	     16.04895205	   -109.03391977	    220.34951190	   -342.17798797	     23.67789871	     21.30790906	    -70.55688603	      7.65163312	     -2.41026729	     -2.46290835	    -30.81616343	      1.12060188	     -1.13312424	    -31.28201225	     -0.12636358	      8.46329388
      2.57000000	     60.22042884	     60.29080297	     14.43170560	    -85.01232356	    209.33673771	   -335.37286511	     20.73688743	     19.46965078	    -68.41692492	      6.14744874	     -4.95665870	      9.73319752	    -31.49157608	      5.79959761	     -1.15201961	    -31.27770039	     -0.11053309	      8.31504643
      2.58000000	     56.97229582	     43.65677112	     12.69164878	    -60.63220389	    202.26105777	   -324.27533603	     18.76508468	     17.71094354	    -64.76151331	      5.88061179	     -7.51124747	     21.56521461	    -31.41331814	     10.62022663	     -1.13529459	    -30.93174214	     -0.09908628	      8.04192935
      2.59000000	     56.35692116	     27.24046182	     10.95616579	    -38.53439538	    200.25006040	   -308.41040293	     17.99453517	     16.26271600	    -59.94330555	      7.07868116	     -9.90525468	     31.92352277	    -30.64939151	     15.24178967	     -1.08423318	    -30.20549012	     -0.09418736	      7.65173828
      2.60000000	     58.54820438	     12.44692415	      9.30524554	    -20.93538767	    203.74650694	   -287.37100654	     18.50781827	     15.27991059	    -54.34071511	      9.78843417	    -12.00758842	     39.88211270	    -29.29613476	     19.33698694	     -1.00206770	    -29.06407139	     -0.09641062	      7.16678363
      2.61000000	     63.30370510	      0.28836427	      7.76745132	     -9.20455960	    212.45063648	   -260.98237810	     20.21990344	     14.81502040	    -48.29755258	     13.86862106	    -13.74413542	     44.86939864	    -27.45368218	     22.64051592	     -0.89357099	    -27.48316685	     -0.10470346	      6.61785976
      2.62000000	     70.01658859	     -8.78762820	      6.33603411	     -3.60103755	    225.39904415	   -229.47436500	     22.88943879	     14.81932496	    -42.08055705	     19.02029012	    -15.09892616	     46.77951832	    -25.20689021	     24.99048199	     -0.76462514	    -25.45557840	     -0.11689948	      6.03916854
      2.63000000	     77.82810686	    -14.94361655	      4.99831981	     -3.23995434	    241.14385959	   -193.60208753	     26.15771265	     15.16926285	    -35.86359463	     24.83679682	    -16.09480371	     45.99127785	    -22.61679397	     26.34900467	     -0.62181775	    -23.00143426	     -0.13049297	      5.46220951
      2.64000000	     85.77373411	    -18.84315642	      3.77129252	     -6.33975523	    257.99056250	   -154.67255727	     29.61405288	     15.71042311	    -29.74772123	     30.85411258	    -16.75633938	     43.27805681	    -19.72753720	     26.79619383	     -0.47212250	    -20.17543770	     -0.14335648	      4.90829773
      2.65000000	     92.93812759	    -21.39289361	      2.72637353	    -10.72437886	    274.24846374	   -114.44886639	     32.87532756	     16.30194762	    -23.81441723	     36.59675471	    -17.07061936	     39.60983690	    -16.58826762	     26.49036675	     -0.32266710	    -17.07342400	     -0.15407646	      4.38545613
      2.66000000	     98.58760582	    -23.43873862	      1.98876058	    -14.41762349	    288.44487680	    -74.95459942	     35.65690184	     16.84148084	    -18.19070145	     41.61947911	    -16.96875612	     35.92361768	    -13.28122703	     25.62178730	     -0.18062686	    -13.83101464	     -0.16192610	      3.88882884
      2.67000000	    102.25187598	    -25.49586944	      1.71183150	    -16.18305632	    299.46840995	    -38.21676382	     37.81732873	     17.26324367	    -13.09916859	     45.53769209	    -16.33610936	     32.91408887	     -9.94438643	     24.36955032	     -0.05324634	    -10.61227627	     -0.16688083	      3.40265344
      2.68000000	    103.74722241	    -27.58519574	      2.03677768	    -15.86650639	    306.63021656	     -6.02694244	     39.36626784	     17.51570565	     -8.87118232	     48.04837773	    -15.04991987	     30.89492280	     -6.77852854	     22.87218122	      0.05226775	     -7.59468200	     -0.16972724	      2.90871847
      2.69000000	    103.14952189	    -29.22775384	      3.04495025	    -14.42822756	    309.65868721	     20.27373929	     40.42983737	     17.53272931	     -5.90741414	     48.95702887	    -13.03535477	     29.76518708	     -4.03087423	     21.21835854	      0.12930742	     -4.94446594	     -0.17190429	      2.39656388
      2.70000000	    100.72723774	    -29.60370466	      4.71606732	    -13.62926798	    308.63787754	     39.95898998	     41.18348181	     17.21606743	     -4.59357282	     48.20762404	    -10.32081151	     29.09303673	     -1.95687626	     19.45492765	      0.17276048	     -2.78800323	     -0.17497707	      1.87080692
      2.71000000	     96.85465746	    -27.80817239	      6.91307815	    -15.50506864	    303.91114923	     52.96021051	     41.78024271	     16.44218970	     -5.20872057	     45.89754192	     -7.06442116	     28.28371431	     -0.77430043	     17.60639192	      0.17977168	     -1.18879251	     -0.17997535	      1.35326179
      2.72000000	     91.92906421	    -23.10757593	      9.40292188	    -21.81840365	    295.98415318	     59.77686596	     42.30135550	     15.09331427	     -7.85543505	     42.26418759	     -3.53641048	     26.76107012	     -0.62285586	     15.69259101	      0.15021204	     -0.13807814	     -0.18689648	      0.87598788
      2.73000000	     86.31338215	    -15.14137230	     11.90286229	    -33.61297272	    285.45046115	     61.29047675	     42.74033719	     13.10197764	    -12.41369202	     37.64821998	     -0.06505210	     24.10629447	     -1.53390127	     13.73795639	      0.08704656	      0.43585127	     -0.19461410	      0.47011075
      2.74000000	     81.01140385	     -3.92376737	     13.85145045	    -49.46615853	    274.22442263	     63.33849989	     43.01828823	     10.49274498	    -18.52098754	     33.40528968	      2.68915906	     19.99976360	     -3.41423708	     10.88415627	     -0.00348778	      0.81988279	     -0.20121169	      0.06058671
      2.75000000	     74.63791097	      9.45427662	     15.68757997	    -73.12072250	    259.81859031	     52.10215583	     43.02287114	      7.40435479	    -25.59236364	     27.45971641	      5.39368527	     15.01368337	     -6.05047057	     10.06525688	     -0.11223085	      0.76964228	     -0.20456599	      0.02163626
      2.76000000	     68.42994839	     24.42244927	     16.84220212	    -98.79756569	    244.97779176	     40.77303677	     42.65878482	      4.08316602	    -32.88040014	     21.89524749	      7.25520782	      8.85318298	     -9.13433841	      8.90987050	     -0.22799996	      0.68743376	     -0.20299872	     -0.01395948
      2.77000000	     62.60644728	     39.71460475	     17.24432775	   -124.27796508	    230.36006274	     29.48640250	     41.89299114	      0.84886883	    -39.55901592	     16.95986172	      8.24830283	      1.86424549	    -12.30205906	      7.49391664	     -0.33877832	      0.57922890	     -0.19583843	     -0.04388868
      2.78000000	     57.37858156	     53.93270166	     16.90562537	   -147.05020385	    216.58267699	     18.30265616	     40.78110521	     -1.96035558	    -44.82199524	     12.80376402	      8.45013416	     -5.49298783	    -15.18171703	      5.92827633	     -0.43303385	      0.45350432	     -0.18375878	     -0.06641884
      2.79000000	     52.94201688	     65.73726510	     15.90307840	   -164.68444409	    204.18894494	      7.27806407	     39.46768670	     -4.05181653	    -47.99064753	      9.47448957	      8.00899134	    -12.69974071	    -17.44383247	      4.34364035	     -0.50111419	      0.32018957	     -0.16879482	     -0.08056477
      2.80000000	     49.46128690	     74.03678777	     14.35597585	   -175.21464305	    193.61867147	     -3.49024522	     38.15773564	     -5.23576153	    -48.61030335	      6.93429063	      7.10659649	    -19.24027783	    -18.84616999	      2.87342464	     -0.53650407	      0.18947108	     -0.15396522	     -0.08617166
      2.81000000	     47.05262642	     78.13523582	     12.40226704	   -177.44140723	    185.18737551	    -13.84573798	     37.06559138	     -5.46085706	    -46.51171512	      5.09684936	      5.92470397	    -24.66262884	    -19.26304798	      1.63723558	     -0.53661438	      0.07061934	     -0.14256323	     -0.08385548
      2.82000000	     45.77182506	     77.81388179	     10.18136919	   -171.10109028	    179.08003596	    -23.57544526	     36.35875122	     -4.81828462	    -41.82604947	      3.87037152	      4.62408371	    -28.63263976	    -18.69397861	      0.72626625	     -0.50289983	     -0.02903496	     -0.13734811	     -0.07481011
      2.83000000	     45.61111596	     73.34092877	      7.82788986	   -156.88113398	    175.36200846	    -32.42990189	     36.11654165	     -3.51421338	    -34.95387872	      3.19135016	      3.33822712	    -30.97614030	    -17.25147974	      0.19128703	     -0.44030046	     -0.10486813	     -0.13989411	     -0.06054553
      2.84000000	     46.50365860	     65.41915200	      5.47382275	   -136.29926511	    173.99817152	    -40.15605824	     36.31526895	     -1.82097242	    -26.50008746	      3.03934413	      2.17759052	    -31.70397280	    -15.13337436	      0.03402838	     -0.35619786	     -0.15542072	     -0.15026830	     -0.04262239
      2.85000000	     48.33222738	     55.08626011	      3.25236730	   -111.48047727	    174.86866042	    -46.53603005	     36.84080834	     -0.02237012	    -17.19081221	      3.43268699	      1.23709815	    -31.01289410	    -12.58754592	      0.20390095	     -0.25918318	     -0.18246845	     -0.16709134	     -0.02243309
      2.86000000	     50.94164453	     43.56994551	      1.29763253	    -84.84726127	    177.78158453	    -51.42015668	     37.52153416	      1.63457609	     -7.77974820	      4.41224799	      0.60122888	    -29.25351493	     -9.87437106	      0.60325156	     -0.15787051	     -0.19053136	     -0.18792909	     -0.00108306
      2.87000000	     54.15536708	     32.10945221	     -0.26175056	    -58.75836127	    182.48914930	    -54.74543342	     38.16935932	      2.97303748	      1.04833171	      6.02259197	      0.34410644	    -26.86666930	     -7.23134224	      1.10198434	     -0.05993630	     -0.18579871	     -0.20988420	      0.02060399
      2.88000000	     57.79377976	     21.78842027	     -1.31366982	    -35.18953294	    188.70675413	    -56.53826245	     38.61633823	      3.89892806	      8.75529195	      8.29745886	      0.52443836	    -24.30748740	     -4.84727084	      1.55727833	      0.02847145	     -0.17486913	     -0.23021876	      0.04202080
      2.89000000	     61.69151710	     13.42107048	     -1.77491406	    -15.53714274	    196.13276060	    -56.90298731	     38.74000846	      4.39346562	     14.99096725	     11.25167904	      1.17752966	    -21.97911537	     -2.85063119	      1.83287566	      0.10296673	     -0.16378538	     -0.24685924	      0.06274026
      2.90000000	     65.71432575	      7.49209732	     -1.60164407	     -0.54025065	    204.47369230	    -55.99665955	     38.47779690	      4.49472930	     19.60490372	     14.87744145	      2.30840019	    -20.18466602	     -1.30825208	      1.81565964	      0.16095270	     -0.15742208	     -0.25868860	      0.08250964
      2.91000000	     69.77529313	      4.13078737	     -0.79625392	      9.72395393	    213.47760309	    -53.99486449	     37.83335113	      4.27806511	     22.64551368	     19.14074611	      3.88920967	    -19.09770517	     -0.22764471	      1.42900638	      0.20158534	     -0.15905547	     -0.26559649	      0.10122355
      2.92000000	     73.84568885	      3.11289389	      0.58901399	     15.79303284	    222.96595190	    -51.05921867	     36.87638704	      3.84007174	     24.35266240	     23.97420152	      5.86113863	    -18.75232175	      0.43971512	      0.64161413	      0.22575713	     -0.17011519	     -0.26833200	      0.11886965
      2.93000000	     77.95401639	      3.89238931	      2.45061902	     18.72485144	    232.84920080	    -47.31654104	     35.73574411	      3.28658914	     25.13980172	     29.26521626	      8.13885148	    -19.05207095	      0.79325755	     -0.52919135	      0.23609819	     -0.19018631	     -0.26825989	      0.13546370
      2.94000000	     82.16784803	      5.66890168	      4.63534099	     19.95052577	    243.11394013	    -42.85469576	     34.58279379	      2.72239490	     25.55461316	     34.84324870	     10.61600400	    -19.79379398	      0.97326035	     -2.01961570	      0.23680515	     -0.21721716	     -0.26713803	      0.15094902
      2.95000000	     86.55834768	      7.49485221	      6.94746099	     21.07024658	    253.77804914	    -37.73354899	     33.60379828	      2.23998896	     26.20842856	     40.47331511	     13.17122202	    -20.70138439	      1.14282494	     -3.72643070	      0.23306301	     -0.24788436	     -0.26697952	      0.16505379
      2.96000000	     91.15955874	      8.40065911	      9.16189130	     23.63265016	    264.83041382	    -32.00300118	     32.96717320	      1.90858694	     27.68837963	     45.86237012	     15.67476108	    -21.46211693	      1.46469600	     -5.51714727	      0.23017631	     -0.27809593	     -0.26991981	      0.17720107
      2.97000000	     95.93562950	      7.51589426	     11.04345933	     28.93763997	    276.17562499	    -25.72213614	     32.79172039	      1.76566757	     30.47218961	     50.68230636	     17.99687855	    -21.76236772	      2.07782395	     -7.24249199	      0.23270862	     -0.30354985	     -0.27791551	      0.18656653
      2.98000000	    100.75615874	      4.19931168	     12.37569829	     37.83755540	    287.58360619	    -18.97806959	     33.11549449	      1.81084634	     34.84119750	     54.61034134	     20.01854367	    -21.32895205	      3.07341859	     -8.75302394	      0.24366758	     -0.32026843	     -0.29223790	      0.19225444
      2.99000000	    105.38244894	     -1.83402570	     12.99739544	     50.55283089	    298.64885608	    -11.89202477	     33.87141670	      2.00422869	     40.80062136	     57.37938921	     21.64309885	    -19.97249009	      4.47388441	     -9.91829500	      0.26385256	     -0.32508368	     -0.31297617	      0.19351597
      3.00000000	    109.47802861	    -10.44868063	     12.83550489	     66.60085910	    308.78578467	     -4.59518226	     34.88428709	      2.27435303	     48.04775416	     58.82187205	     22.80597263	    -17.61445503	      6.22516575	    -10.64181053	      0.29176847	     -0.31600315	     -0.33880115	      0.18995957
      3.01000000	    112.64493764	    -21.11026332	     11.92385657	     84.86968169	    317.26973959	      2.81808148	     35.89408280	      2.53574619	     56.00436819	     58.89317538	     23.47901910	    -14.29202541	      8.20566821	    -10.86890521	      0.32418794	     -0.29238837	     -0.36702555	      0.18169395
      3.02000000	    114.47407043	    -32.96529558	     10.40177515	    103.78345083	    323.30824380	     10.33163450	     36.59993742	      2.71025676	     63.89625402	     57.66980369	     23.66651685	    -10.14984609	     10.24565763	    -10.58968009	      0.35704065	     -0.25500031	     -0.39388166	      0.16934591
      3.03000000	    114.60389683	    -44.96539990	      8.48977286	    121.53100736	    326.13648843	     18.02173210	     36.71782511	      2.74585599	     70.86808058	     55.32445518	     23.39429488	     -5.42113376	     12.15270881	     -9.83704334	      0.38637207	     -0.20595873	     -0.41499423	      0.15394681
      3.04000000	    112.78438677	    -56.02820016	      6.44858173	    136.34285166	    325.13735011	     26.03135116	     36.03804056	      2.62828921	     76.12165321	     52.08968347	     22.69942135	     -0.39570984	     13.74081477	     -8.67841504	      0.40919024	     -0.14852955	     -0.42599573	      0.13673211
      3.05000000	    108.93591766	    -65.20810231	      4.53405800	    146.77204440	    319.96917877	     34.50360396	     34.46451095	      2.38282829	     79.05218596	     48.22548352	     21.62694942	      4.62116917	     14.85923103	     -7.20227301	      0.42403077	     -0.08667968	     -0.42317103	      0.11892640
      3.06000000	    103.19155241	    -71.84568650	      2.95568240	    151.92890181	    310.67399513	     43.49359636	     32.02848435	      2.06485870	     79.35687840	     43.99782690	     20.23325123	      9.35211211	     15.41699261	     -5.50240824	      0.43121778	     -0.02447136	     -0.40413285	      0.10159440
      3.07000000	     95.91294874	    -75.66699776	      1.84201828	    151.62487627	    297.73977996	     52.89067113	     28.88032827	      1.73969240	     77.09449005	     39.66650616	     18.59053548	     13.58498221	     15.39918141	     -3.66336674	      0.43287221	      0.03458448	     -0.36856101	      0.08560037
      3.08000000	     87.66958403	    -76.80361049	      1.21853616	    146.38146819	    282.09257759	     62.37740960	     25.26517807	      1.45584494	     72.67727053	     35.47828822	     16.78693579	     17.19303707	     14.87065832	     -1.75172692	      0.43268193	      0.08803456	     -0.31876166	      0.07163371
      3.09000000	     79.17499864	    -75.72138796	      1.00512234	    137.28783279	    265.00489167	     71.43878567	     21.48689948	      1.22090047	     66.78991416	     31.66109489	     14.91996489	     20.12959791	     13.96499560	      0.18323020	      0.43548187	      0.13460445	     -0.25967311	      0.06022852
      3.10000000	     71.18621441	    -73.07730637	      1.03722114	    125.73974070	    247.92965252	     79.42365900	     17.86601091	      0.99017956	     60.25188924	     28.41495910	     13.08571471	     22.40025051	     12.86011957	      2.10025198	      0.44667280	      0.17387697	     -0.19821394	      0.05175564
      3.11000000	     64.38622089	    -69.54489732	      1.10718526	    113.12518597	    232.29165573	     85.64898437	     14.69905051	      0.67410854	     53.85621546	     25.89783477	     11.36876203	     24.02397700	     11.74532832	      3.95281049	      0.47139861	      0.20576875	     -0.14211399	      0.04639377
      3.12000000	     59.27675091	    -65.65578927	      1.01611248	    100.53613940	    219.28177477	     89.52237936	     12.22502999	      0.16395106	     48.22490506	     24.20888007	      9.83726935	     24.99719907	     10.78707206	      5.67734087	      0.51348356	      0.23007700	     -0.09845773	      0.04408929
      3.13000000	     56.10746172	    -61.69885033	      0.62389836	     88.58130203	    209.70042436	     90.64977192	     10.60118531	     -0.63051411	     43.71591894	     23.37587519	      8.54479454	     25.27403345	     10.10176289	      7.18783743	      0.57434922	      0.24621629	     -0.07226624	      0.04453466
      3.14000000	     54.85893978	    -57.69758450	     -0.11475404	     77.34131322	    203.88443740	     88.90079031	      9.88969701	     -1.74309623	     40.39893078	     23.35400908	      7.53626633	     24.77060075	      9.74135129	      8.37981800	      0.65222780	      0.25318511	     -0.06549498	      0.04720203
      3.15000000	     55.28233646	    -53.46247257	     -1.13809382	     66.46482182	    201.72906369	     84.41988711	     10.05758127	     -3.12649606	     38.09696263	     24.03916869	      6.85282414	     23.39272342	      9.69353387	      9.14404896	      0.74196116	      0.24976679	     -0.07675645	      0.05144638
      3.16000000	     56.98171341	    -48.69705100	     -2.29236452	     55.36938549	    202.79031840	     77.58625268	     10.99044143	     -4.65026683	     36.47456573	     25.29223476	      6.53040488	     21.07879907	      9.89475527	      9.38740774	      0.83554087	      0.23491355	     -0.10188119	      0.05665802
      3.17000000	     59.51321888	    -43.12686387	     -3.36989308	     43.49037610	    206.43138818	     68.93768822	     12.51807375	     -6.12313028	     35.14435545	     26.96539573	      6.58996690	     17.84538608	     10.25129242	      9.05595648	      0.92333270	      0.20821701	     -0.13514527	      0.06241052
      3.18000000	     62.47419468	    -36.62587240	     -4.16074895	     30.52801186	    211.97074298	     59.08177225	     14.44738859	     -7.33379126	     33.76779014	     28.91984488	      7.02120167	     13.82532083	     10.66345314	      8.15542056	      0.99578978	      0.17036214	     -0.17072530	      0.06852790
      3.19000000	     65.56214315	    -29.32027879	     -4.50502300	     16.65188219	    218.79571887	     48.61740097	     16.59551996	     -8.09887649	     32.13366130	     31.02865207	      7.76505736	      9.29109139	     11.04828886	      6.76503284	      1.04533535	      0.12345613	     -0.20386578	      0.07501564
      3.20000000	     68.59140360	    -21.63351312	     -4.32945088	      2.59345634	    226.41419935	     38.07880410	     18.81463068	     -8.30275447	     30.19556941	     33.16759843	      8.70363100	      4.65033219	     11.35422973	      5.03886838	      1.06783596	      0.07107264	     -0.23147197	      0.08188217
      3.21000000	     71.46970111	    -14.23981122	     -3.65662783	    -10.43626947	    234.44082129	     27.90239818	     21.00318580	     -7.91629266	     28.05713859	     35.20314251	      9.66598930	      0.40227948	     11.56278670	      3.18982562	      1.06309134	      0.01792280	     -0.25220752	      0.08895514
      3.22000000	     74.15677274	     -7.94755691	     -2.58918866	    -20.96683547	    242.55192897	     18.41395447	     23.10452273	     -6.99261322	     25.92248815	     36.98730239	     10.45162856	     -2.93302326	     11.68100593	      1.45990693	      1.03434599	     -0.03069616	     -0.26635349	      0.09579514
      3.23000000	     76.63166927	     -3.56292893	     -1.27992035	    -27.53126338	    250.45371869	      9.83286534	     25.09663661	     -5.64693425	     24.04129535	     38.36707371	     10.86552785	     -4.88924213	     11.73216438	      0.08562214	      0.98730528	     -0.06951167	     -0.27550829	      0.10172768
      3.24000000	     78.87913050	     -1.75094612	      0.10336116	    -28.93683935	    257.87926444	      2.28706486	     26.97778824	     -4.02771728	     22.65740480	     39.21068417	     10.75689868	     -5.12488713	     11.74675284	     -0.73705281	      0.92902110	     -0.09402544	     -0.28198913	      0.10594145
      3.25000000	     80.89089448	     -2.89472836	      1.41121739	    -24.53907720	    264.60476693	     -4.16686399	     28.75322080	     -2.28526635	     21.95734384	     39.44369711	     10.05332282	     -3.49085904	     11.75251948	     -0.88570787	      0.86677716	     -0.10139710	     -0.28799678	      0.10763011
      3.26000000	     82.67467449	     -6.98675240	      2.53645973	    -14.45208150	    270.47312201	     -9.51947615	     30.42708631	     -0.54540231	     22.02648534	     39.08013895	      8.77976450	     -0.07723982	     11.76546863	     -0.33477364	      0.80708676	     -0.09110728	     -0.29490736	      0.10619246
      3.27000000	     84.26209180	    -13.59446952	      3.42372012	      0.38870537	    275.41232912	    -13.78238722	     32.00066782	      1.10582596	     22.82566721	     38.23349423	      7.05464698	      4.78152583	     11.78470804	      0.83927553	      0.75490385	     -0.06508034	     -0.30293620	      0.10144142
      3.28000000	     85.70609064	    -21.90331856	      4.06653740	     18.32006186	    279.43378032	    -16.96927548	     33.47582956	      2.62590750	     24.18873984	     37.09985334	      5.06458131	     10.54356997	     11.79063445	      2.47118887	      0.71308133	     -0.02730381	     -0.31117259	      0.09372875
      3.29000000	     87.06581631	    -30.81459672	      4.49710518	     37.15746570	    282.60777954	    -19.09512494	     34.86161836	      4.01095760	     25.83523675	     35.91651216	      3.02700371	     16.52602709	     11.74485066	      4.33320689	      0.68210321	      0.01685196	     -0.31792803	      0.08394052
      3.30000000	     88.38767434	    -39.08001428	      4.77291887	     54.47569843	    285.03179905	    -20.19826820	     36.18104476	      5.28521209	     27.39697345	     34.90919992	      1.15159470	     21.99012028	     11.59208593	      6.16855959	      0.66011654	      0.06144359	     -0.32130644	      0.07337082
      3.31000000	     89.69429370	    -45.45205957	      4.96388973	     67.91782119	    286.81104841	    -20.38039259	     37.47506995	      6.48875717	     28.45611014	     34.24568667	     -0.39024583	     26.23280545	     11.26436722	      7.72618312	      0.64322388	      0.10073104	     -0.31983069	      0.06351213
      3.32000000	     90.98826874	    -48.82333423	      5.14285068	     75.47571823	    288.06228469	    -19.85111280	     38.80226569	      7.66767836	     28.58754542	     34.01009680	     -1.48246204	     28.66990512	     10.68650507	      8.79065499	      0.62596209	      0.12977902	     -0.31296326	      0.05582142
      3.33000000	     92.26984007	    -48.34082869	      5.37958708	     75.71162511	    288.93746863	    -18.95611185	     40.23363601	      8.86845046	     27.40122706	     34.20284015	     -2.06848316	     28.90171278	      9.78252263	      9.20456435	      0.60196213	      0.14485832	     -0.30148409	      0.05151512
      3.34000000	     93.55849267	    -43.49287210	      5.73651569	     67.91454462	    289.64667603	    -18.16625485	     41.84117169	     10.13572864	     24.58315760	     34.76156016	     -2.14678701	     26.75743672	      8.48305169	      8.88313630	      0.56475276	      0.14369746	     -0.28767317	      0.05142122
      3.35000000	     94.90156512	    -34.16395671	      6.26486556	     52.18191592	    290.45063139	    -18.01405615	     43.67796621	     11.51172473	     19.93266384	     35.59184755	     -1.76208199	     22.31326194	      6.73290347	      7.82043419	      0.50852392	      0.12557938	     -0.27497570	      0.05588152
      3.36000000	     96.35651023	    -20.65610182	      7.00092313	     29.42404720	    291.60458349	    -18.98180333	     45.75096097	     13.03444393	     13.39338455	     36.59353265	     -0.99569518	     15.88362953	      4.49803819	      6.08720721	      0.42876942	      0.09126689	     -0.26698740	      0.06468055
      3.37000000	     97.94759912	     -3.67657420	      7.96182188	      1.29231014	    293.26142222	    -21.36722438	     47.99345505	     14.73160898	      5.07288294	     37.67291829	      0.04243516	      7.99153673	      1.77086495	      3.82181462	      0.32287877	      0.04282971	     -0.26631912	      0.07701958
      3.38000000	     99.61212718	     15.71630945	      9.14063669	    -29.97980127	    295.36569885	    -25.16798948	     50.24720476	     16.60888173	     -4.75665686	     38.74135341	      1.22076677	     -0.68000735	     -1.42757138	      1.21495013	      0.19056041	     -0.01654338	     -0.27398429	      0.09158589
      3.39000000	    101.15838958	     36.20566049	     10.50072951	    -61.80698362	    297.58100951	    -30.02570452	     52.26173962	     18.63392304	    -15.67571227	     39.70741100	      2.39385800	     -9.35178899	     -5.04722485	     -1.50999395	      0.03393218	     -0.08273655	     -0.28925117	      0.10671443
      3.40000000	    102.25805576	     56.32637291	     11.97021243	    -91.50397219	    299.28966863	    -35.25505529	     53.71603740	     20.72098167	    -27.14494159	     40.47167979	      3.41133425	    -17.21716726	     -9.00720222	     -4.11708510	     -0.14261181	     -0.15092483	     -0.30962775	      0.12059085
      3.41000000	    102.48967487	     74.58713131	     13.44048528	   -116.53511720	    299.68911935	    -39.96348138	     54.26619681	     22.72449616	    -38.54426014	     40.93211926	      4.12872947	    -23.51084525	    -13.19279754	     -6.37698268	     -0.33259332	     -0.21585884	     -0.33095672	      0.13147236
      3.42000000	    101.43703726	     89.61658283	     14.77550085	   -134.77483502	    297.98539565	    -43.24310467	     53.61817630	     24.45215017	    -49.23365871	     41.00332469	      4.42109603	    -27.58141677	    -17.45653545	     -8.08682985	     -0.52774568	     -0.27229707	     -0.34783691	      0.13792637
      3.43000000	     98.82410787	    100.32486685	     15.83489880	   -144.76037018	    293.64342250	    -44.38480104	     51.61249833	     25.70197692	    -58.63240363	     40.64550210	      4.19812227	    -28.96469955	    -21.62660013	     -9.09062695	     -0.71856028	     -0.31565178	     -0.35468973	      0.13904091
      3.44000000	     94.64209643	    106.03659713	     16.50512391	   -145.86707436	    286.60830382	    -43.03879270	     48.29242100	     26.31466825	    -66.29042438	     39.89239575	      3.41701498	    -27.44340192	    -25.52023855	     -9.29594655	     -0.89515214	     -0.34276126	     -0.34754992	      0.13453058
      3.45000000	     89.21548299	    106.56745634	     16.72803522	   -138.37486195	    277.40798789	    -39.26177292	     43.92605599	     26.22303177	    -71.93014340	     38.86518768	      2.09057973	    -23.08615545	    -28.95985048	     -8.68563284	     -1.04835789	     -0.35249088	     -0.32577872	      0.12475118
      3.46000000	     83.17352571	    102.24885357	     16.51672279	   -123.44993527	    267.09285434	    -33.44054370	     38.97004107	     25.48004012	    -75.45677016	     37.76253880	      0.28990068	    -16.26756420	    -31.79158797	     -7.32622666	     -1.17072923	     -0.34585923	     -0.29245341	      0.11070793
      3.47000000	     77.32615387	     93.89458654	     15.94776822	   -103.03716053	    257.01784575	    -26.12572416	     33.98121795	     24.25019860	    -76.93778207	     36.82542876	     -1.85983216	     -7.66035087	    -33.90190610	     -5.37051156	     -1.25698567	     -0.32569472	     -0.25320329	      0.09405479
      3.48000000	     72.47813612	     82.69876333	     15.12727391	    -79.64197763	    248.52536314	    -17.83870856	     29.49995663	     22.76219552	    -76.55551598	     36.28580313	     -4.19176045	      1.81383868	    -35.22529652	     -3.04898061	     -1.30392044	     -0.29607561	     -0.21439949	      0.07699865
      3.49000000	     69.24151667	     70.06880269	     14.14459516	    -56.00433428	    242.63158510	     -8.92628359	     25.94153316	     21.24109643	    -74.54540776	     36.31371112	     -6.51794301	     11.08178307	    -35.74008938	     -0.64683834	     -1.31016304	     -0.26164677	     -0.18148573	      0.06206317
      3.50000000	     67.90585564	     57.40486868	     13.03636776	    -34.68546366	    239.81473630	      0.48064957	     23.52845231	     19.84822083	    -71.13251200	     36.97722830	     -8.65665428	     19.06410477	    -35.45338106	      1.53488682	     -1.27599127	     -0.22676629	     -0.15779440	      0.05173618
      3.51000000	     68.40494064	     45.86652444	     11.78085535	    -17.64594057	    239.96675288	     10.38290551	     22.28252050	     18.65411632	    -66.48436658	     38.22538635	    -10.46128473	     24.84821630	    -34.38288309	      3.22921968	     -1.20317487	     -0.19465388	     -0.14423445	      0.04806066
      3.52000000	     70.38552567	     36.19047448	     10.32899287	     -5.93404722	    242.51617668	     20.73108838	     22.07621469	     17.65528324	    -60.69839934	     39.89722399	    -11.84228659	     27.84775801	    -32.54678777	      4.25244902	     -1.09495021	     -0.16680426	     -0.13997104	      0.05223271
      3.53000000	     73.34447713	     28.60438331	      8.65602081	      0.43397939	    246.66315481	     31.22418457	     22.71909133	     16.82097187	    -53.82463791	     41.75270300	    -12.77471734	     27.90677819	    -29.96645294	      4.54025824	     -0.95614667	     -0.14275019	     -0.14351132	      0.06426810
      3.54000000	     76.77913392	     22.86449334	      6.80565981	      2.35697777	    251.63166036	     41.18075433	     24.04355530	     16.14206767	    -45.91615447	     43.51622755	    -13.28784328	     25.31406392	    -26.68049933	      4.15937239	     -0.79326333	     -0.12026571	     -0.15351353	      0.08283895
      3.55000000	     80.30064134	     18.42069282	      4.90671524	      1.29670779	    256.85657409	     49.54441797	     25.96163269	     15.65787768	    -37.09737001	     44.92037323	    -13.43934186	     20.71378030	    -22.76536957	      3.28806292	     -0.61439738	     -0.09609015	     -0.16919707	      0.10537119
      3.56000000	     83.67743188	     14.65517139	      3.15651784	     -1.20857611	    262.05296412	     55.03601317	     28.47525917	     15.44820249	    -27.62441020	     45.73876006	    -13.28378254	     14.93745568	    -18.35191838	      2.17050300	     -0.42910104	     -0.06690058	     -0.19036677	      0.12838254
      3.57000000	     86.79967543	     11.10684098	      1.77738583	     -4.00574168	    267.15083798	     56.41628187	     31.63295906	     15.59326922	    -17.90385159	     45.80445805	    -12.84807213	      8.80775838	    -13.62638774	      1.05915740	     -0.24794261	     -0.03014047	     -0.21682120	      0.14800658
      3.58000000	     89.58632393	      7.60258437	      0.96156245	     -6.61394335	    272.12763862	     52.79049291	     35.44388681	     16.12131680	     -8.44815788	     45.01783468	    -12.12401300	      2.96896254	     -8.80986266	      0.16201357	     -0.08124837	      0.01536957	     -0.24724792	      0.16066212
      3.59000000	     91.88454130	      4.23373975	      0.82238583	     -9.20374134	    276.81765016	     43.87975093	     39.78122719	     16.97342119	      0.23651012	     43.35103170	    -11.08231721	     -2.20121758	     -4.11773525	     -0.38878626	      0.06295898	      0.06903848	     -0.27833629	      0.16370401
