Model Marker Locations from IK
version=1
nRows=393
nColumns=49
inDegrees=no
endheader
time	LASI_tx	LASI_ty	LASI_tz	RASI_tx	RASI_ty	RASI_tz	LPSI_tx	LPSI_ty	LPSI_tz	RPSI_tx	RPSI_ty	RPSI_tz	LKNE_tx	LKNE_ty	LKNE_tz	LANK_tx	LANK_ty	LANK_tz	LHEE_tx	LHEE_ty	LHEE_tz	LTOE_tx	LTOE_ty	LTOE_tz	RKNE_tx	RKNE_ty	RKNE_tz	RANK_tx	RANK_ty	RANK_tz	RHEE_tx	RHEE_ty	RHEE_tz	RTOE_tx	RTOE_ty	RTOE_tz	LTHI_tx	LTHI_ty	LTHI_tz	LTIB_tx	LTIB_ty	LTIB_tz	RTHI_tx	RTHI_ty	RTHI_tz	RTIB_tx	RTIB_ty	RTIB_tz
      0.00000000	     -1.97332523	      0.14276062	      0.91241820	     -1.97196444	     -0.05196843	      0.92379350	     -2.11513986	      0.08393636	      0.95120403	     -2.11957391	      0.00028184	      0.94865621	     -1.94613569	      0.18091875	      0.46627605	     -2.22463930	      0.18066786	      0.18948169	     -2.27865592	      0.14609464	      0.21283187	     -2.18235428	      0.15453332	      0.14637089	     -1.98928102	     -0.03747368	      0.44937838	     -2.07734080	     -0.01895243	      0.07025554	     -2.13573069	      0.00802136	      0.05690666	     -2.02113452	      0.01089526	      0.06195816	     -1.97499689	      0.24041549	      0.62845416	     -2.08535615	      0.24747172	      0.35536995	     -1.99489195	     -0.12335884	      0.61280524	     -2.03781300	     -0.10445774	      0.29597938
      0.01000000	     -1.95986296	      0.14205507	      0.91431943	     -1.96063055	     -0.05273910	      0.92458073	     -2.10216533	      0.08459356	      0.95336089	     -2.10754389	      0.00100965	      0.95035562	     -1.92545365	      0.18005339	      0.46998351	     -2.18929742	      0.17940119	      0.17911053	     -2.24502679	      0.14388432	      0.19876525	     -2.14426172	      0.15328681	      0.13943336	     -1.98770248	     -0.03804514	      0.44955191	     -2.07712266	     -0.01883080	      0.07123688	     -2.13544502	      0.00801221	      0.05830599	     -2.02081245	      0.01094933	      0.06240559	     -1.95755975	      0.24006020	      0.63136179	     -2.05859387	      0.24651118	      0.35172078	     -1.98956310	     -0.12358427	      0.61324575	     -2.03702909	     -0.10472041	      0.29671490
      0.02000000	     -1.94642398	      0.14134264	      0.91608593	     -1.94935898	     -0.05348447	      0.92527486	     -2.08927836	      0.08526735	      0.95512706	     -2.09560265	      0.00176702	      0.95167303	     -1.90555204	      0.17904776	      0.47334720	     -2.15374934	      0.17819680	      0.16893623	     -2.21088992	      0.14182891	      0.18500822	     -2.10639113	      0.15200751	      0.13267584	     -1.98607032	     -0.03859522	      0.44974362	     -2.07689545	     -0.01871609	      0.07225082	     -2.13515240	      0.00811285	      0.05968642	     -2.02049144	      0.01094887	      0.06298516	     -1.94042809	      0.23960922	      0.63394154	     -2.03203972	      0.24551853	      0.34792231	     -1.98417949	     -0.12379221	      0.61361545	     -2.03621231	     -0.10497009	      0.29748401
      0.03000000	     -1.93299888	      0.14056567	      0.91753259	     -1.93824833	     -0.05425410	      0.92580019	     -2.07643564	      0.08601763	      0.95660217	     -2.08376639	      0.00261644	      0.95276387	     -1.88635973	      0.17803288	      0.47634810	     -2.11792441	      0.17701057	      0.15901769	     -2.17612807	      0.14048218	      0.17173857	     -2.06863006	      0.15059413	      0.12586697	     -1.98430067	     -0.03904609	      0.44999088	     -2.07665014	     -0.01861203	      0.07333057	     -2.13485449	      0.00814248	      0.06102309	     -2.02017882	      0.01098884	      0.06375250	     -1.92368316	      0.23912505	      0.63618951	     -2.00567756	      0.24453022	      0.34401285	     -1.97865844	     -0.12393828	      0.61393466	     -2.03520561	     -0.10518040	      0.29830418
      0.04000000	     -1.91976222	      0.13985644	      0.91882203	     -1.92712793	     -0.05493109	      0.92618534	     -2.06377734	      0.08668976	      0.95766753	     -2.07201491	      0.00339192	      0.95344325	     -1.86782961	      0.17669866	      0.47894570	     -2.08175252	      0.17599929	      0.14937337	     -2.14110400	      0.13842976	      0.15802953	     -2.03059527	      0.14940260	      0.12021821	     -1.98220882	     -0.03958293	      0.45020943	     -2.07637811	     -0.01850121	      0.07443471	     -2.13452240	      0.00837753	      0.06267979	     -2.01981709	      0.01089757	      0.06422937	     -1.90708612	      0.23842415	      0.63807917	     -1.97927764	      0.24348687	      0.33996663	     -1.97315229	     -0.12416820	      0.61415879	     -2.03419997	     -0.10539831	      0.29914509
      0.05000000	     -1.90655634	      0.13903694	      0.91977488	     -1.91618014	     -0.05567634	      0.92646625	     -2.05120221	      0.08740795	      0.95835006	     -2.06040028	      0.00422596	      0.95383536	     -1.84989328	      0.17550276	      0.48113086	     -2.04513010	      0.17495696	      0.14005999	     -2.10517315	      0.13749728	      0.14520665	     -1.99251950	      0.14799361	      0.11420244	     -1.97986132	     -0.04000704	      0.45045528	     -2.07608398	     -0.01839926	      0.07559985	     -2.13417335	      0.00846193	      0.06416905	     -2.01945860	      0.01088716	      0.06500819	     -1.89088264	      0.23775083	      0.63962256	     -1.95298694	      0.24248976	      0.33584157	     -1.96735566	     -0.12435053	      0.61430236	     -2.03287248	     -0.10557965	      0.30000395
      0.06000000	     -1.89346660	      0.13818848	      0.92043858	     -1.90531192	     -0.05642092	      0.92656403	     -2.03872362	      0.08809974	      0.95874707	     -2.04886411	      0.00504110	      0.95398648	     -1.83257942	      0.17420644	      0.48292071	     -2.00801074	      0.17397362	      0.13114883	     -2.06859981	      0.13661932	      0.13255105	     -1.95414093	      0.14658833	      0.10884320	     -1.97712776	     -0.04042035	      0.45067994	     -2.07575318	     -0.01831138	      0.07680035	     -2.13379912	      0.00858889	      0.06581091	     -2.01907764	      0.01083131	      0.06570269	     -1.87495647	      0.23697247	      0.64084214	     -1.92666253	      0.24148083	      0.33166495	     -1.96141804	     -0.12455689	      0.61435745	     -2.03133904	     -0.10574978	      0.30086902
      0.07000000	     -1.88048273	      0.13732169	      0.92079845	     -1.89450017	     -0.05715748	      0.92645673	     -2.02631051	      0.08876518	      0.95891075	     -2.03737361	      0.00583623	      0.95394808	     -1.81591422	      0.17284356	      0.48431197	     -1.97037892	      0.17302147	      0.12273143	     -2.03134727	      0.13547299	      0.12009978	     -1.91550635	      0.14520179	      0.10433560	     -1.97390929	     -0.04086582	      0.45086181	     -2.07538263	     -0.01823640	      0.07803557	     -2.13338498	      0.00888935	      0.06773584	     -2.01866548	      0.01064842	      0.06618566	     -1.85933161	      0.23611145	      0.64174981	     -1.90030664	      0.24046547	      0.32748164	     -1.95541961	     -0.12482687	      0.61433889	     -2.02964991	     -0.10591103	      0.30174640
      0.08000000	     -1.86754150	      0.13636229	      0.92076628	     -1.88378638	     -0.05795073	      0.92617074	     -2.01389753	      0.08943058	      0.95888913	     -2.02591383	      0.00664077	      0.95382088	     -1.79990889	      0.17156726	      0.48528894	     -1.93226692	      0.17196478	      0.11492582	     -1.99331128	      0.13491907	      0.10863974	     -1.87663721	      0.14359518	      0.10002787	     -1.97036999	     -0.04121674	      0.45102793	     -2.07497081	     -0.01818894	      0.07931125	     -2.13293831	      0.00897699	      0.06948123	     -2.01823407	      0.01054657	      0.06692532	     -1.84415092	      0.23524396	      0.64233189	     -1.87404027	      0.23944262	      0.32334334	     -1.94910839	     -0.12505906	      0.61422870	     -2.02758485	     -0.10605782	      0.30260139
      0.09000000	     -1.85464552	      0.13535312	      0.92046764	     -1.87308249	     -0.05876768	      0.92574487	     -2.00151684	      0.09005132	      0.95858048	     -2.01446780	      0.00740586	      0.95345876	     -1.78457342	      0.17030088	      0.48580095	     -1.89379515	      0.17079260	      0.10784061	     -1.95469481	      0.13436680	      0.09783574	     -1.83762665	      0.14182372	      0.09652451	     -1.96643236	     -0.04158442	      0.45111976	     -2.07451183	     -0.01816537	      0.08059997	     -2.13244828	      0.00909837	      0.07133838	     -2.01777355	      0.01038821	      0.06758304	     -1.82931262	      0.23432890	      0.64255996	     -1.84786377	      0.23837672	      0.31927420	     -1.94261188	     -0.12534267	      0.61400997	     -2.02530008	     -0.10621413	      0.30342384
      0.10000000	     -1.84175586	      0.13429436	      0.91987033	     -1.86236015	     -0.05960820	      0.92515392	     -1.98911180	      0.09063729	      0.95803194	     -2.00298761	      0.00814180	      0.95291462	     -1.76993204	      0.16907286	      0.48582875	     -1.85512625	      0.16943412	      0.10160281	     -1.91564634	      0.13377491	      0.08790477	     -1.79864166	      0.13982051	      0.09387425	     -1.96216157	     -0.04195350	      0.45113159	     -2.07399366	     -0.01818451	      0.08189083	     -2.13191198	      0.00916750	      0.07324812	     -2.01728453	      0.01020400	      0.06819502	     -1.81485201	      0.23338721	      0.64241875	     -1.82187554	      0.23724704	      0.31532521	     -1.93589637	     -0.12565628	      0.61367409	     -2.02276743	     -0.10639144	      0.30419753
      0.11000000	     -1.82880845	      0.13316559	      0.91898102	     -1.85160311	     -0.06048642	      0.92445422	     -1.97665896	      0.09121435	      0.95714310	     -1.99146424	      0.00887571	      0.95210495	     -1.75590647	      0.16796130	      0.48532135	     -1.81650147	      0.16777451	      0.09631375	     -1.87637810	      0.13335531	      0.07920241	     -1.75982712	      0.13746858	      0.09190005	     -1.95751529	     -0.04235860	      0.45104714	     -2.07342190	     -0.01824509	      0.08319201	     -2.13133998	      0.00926527	      0.07533755	     -2.01679256	      0.00996549	      0.06866980	     -1.80078841	      0.23246989	      0.64184235	     -1.79622465	      0.23602691	      0.31151581	     -1.92895454	     -0.12603653	      0.61321486	     -2.02000502	     -0.10660124	      0.30492311
      0.12000000	     -1.81582169	      0.13201597	      0.91778294	     -1.84072036	     -0.06136660	      0.92360433	     -1.96413011	      0.09174353	      0.95597674	     -1.97982759	      0.00956147	      0.95108508	     -1.74249251	      0.16672741	      0.48426993	     -1.77820058	      0.16585248	      0.09204528	     -1.83725973	      0.13241247	      0.07135183	     -1.72166211	      0.13481425	      0.09119367	     -1.95259783	     -0.04275779	      0.45087031	     -2.07278991	     -0.01835471	      0.08449744	     -2.13070210	      0.00915748	      0.07726780	     -2.01623809	      0.00974872	      0.06928649	     -1.78689547	      0.23140946	      0.64085595	     -1.77084385	      0.23463706	      0.30790641	     -1.92169826	     -0.12643567	      0.61260871	     -2.01696008	     -0.10684662	      0.30557903
      0.13000000	     -1.80264542	      0.13079215	      0.91634412	     -1.82972092	     -0.06228239	      0.92265222	     -1.95146645	      0.09229023	      0.95436944	     -1.96807504	      0.01027591	      0.94967502	     -1.72946579	      0.16575225	      0.48268790	     -1.74057903	      0.16347108	      0.08885175	     -1.79855140	      0.13162686	      0.06519611	     -1.68410250	      0.13174461	      0.09095875	     -1.94733863	     -0.04324294	      0.45055282	     -2.07209540	     -0.01852211	      0.08578971	     -2.12998112	      0.00907637	      0.07930485	     -2.01563565	      0.00941189	      0.06976228	     -1.77343307	      0.23050474	      0.63936770	     -1.74616000	      0.23312707	      0.30448654	     -1.91425042	     -0.12693241	      0.61185169	     -2.01376748	     -0.10714643	      0.30617220
      0.14000000	     -1.78931387	      0.12954236	      0.91469174	     -1.81851941	     -0.06319997	      0.92162599	     -1.93868885	      0.09281099	      0.95229423	     -1.95617407	      0.01096531	      0.94784640	     -1.71664683	      0.16466757	      0.48059430	     -1.70399830	      0.16074677	      0.08666559	     -1.76070802	      0.12989695	      0.05987884	     -1.64789422	      0.12843586	      0.09202210	     -1.94182417	     -0.04375841	      0.45012153	     -2.07133532	     -0.01874351	      0.08709272	     -2.12920046	      0.00884441	      0.08129815	     -2.01498609	      0.00907742	      0.07029435	     -1.75993231	      0.22948169	      0.63743838	     -1.72196268	      0.23139801	      0.30129818	     -1.90643714	     -0.12747652	      0.61091679	     -2.01032228	     -0.10750100	      0.30669321
      0.15000000	     -1.77579941	      0.12827403	      0.91281561	     -1.80707056	     -0.06411613	      0.92048315	     -1.92574179	      0.09329100	      0.94982230	     -1.94406639	      0.01161410	      0.94566007	     -1.70382335	      0.16353890	      0.47811044	     -1.66883837	      0.15758271	      0.08541415	     -1.72418541	      0.12800578	      0.05604027	     -1.61306826	      0.12472657	      0.09351698	     -1.93598010	     -0.04433694	      0.44957342	     -2.07050169	     -0.01902561	      0.08842799	     -2.12833655	      0.00854844	      0.08338229	     -2.01428655	      0.00867737	      0.07078702	     -1.74649423	      0.22842386	      0.63509358	     -1.69850028	      0.22941169	      0.29835132	     -1.89831910	     -0.12809513	      0.60983038	     -2.00666212	     -0.10791311	      0.30717072
      0.16000000	     -1.76213242	      0.12701526	      0.91064050	     -1.79533414	     -0.06501539	      0.91915682	     -1.91257305	      0.09370242	      0.94716304	     -1.93168455	      0.01218949	      0.94333900	     -1.69079715	      0.16220128	      0.47539345	     -1.63546327	      0.15399764	      0.08495023	     -1.68935766	      0.12615591	      0.05337846	     -1.57996705	      0.12053729	      0.09538327	     -1.92978732	     -0.04493481	      0.44894411	     -2.06958157	     -0.01936836	      0.08983740	     -2.12739298	      0.00811264	      0.08558071	     -2.01354223	      0.00826897	      0.07129635	     -1.73294130	      0.22722427	      0.63246175	     -1.67575448	      0.22710189	      0.29569618	     -1.88985528	     -0.12874749	      0.60862174	     -2.00270831	     -0.10837117	      0.30762473
      0.17000000	     -1.74827336	      0.12575780	      0.90846777	     -1.78330395	     -0.06591258	      0.91774023	     -1.89924652	      0.09402035	      0.94418700	     -1.91908637	      0.01266856	      0.94065181	     -1.67734540	      0.16062662	      0.47254952	     -1.60415397	      0.15013834	      0.08499106	     -1.65668009	      0.12294517	      0.05121382	     -1.54928178	      0.11629233	      0.09794306	     -1.92329736	     -0.04554409	      0.44823348	     -2.06856810	     -0.01977481	      0.09132955	     -2.12637614	      0.00759359	      0.08786456	     -2.01274604	      0.00783722	      0.07192085	     -1.71891339	      0.22585366	      0.62968674	     -1.65363974	      0.22453760	      0.29331142	     -1.88096348	     -0.12941280	      0.60726166	     -1.99846369	     -0.10887797	      0.30805716
      0.18000000	     -1.73420625	      0.12450669	      0.90628761	     -1.77094442	     -0.06681616	      0.91611253	     -1.88566124	      0.09421393	      0.94121265	     -1.90618031	      0.01302215	      0.93788184	     -1.66329734	      0.15890089	      0.46982700	     -1.57519948	      0.14589342	      0.08536157	     -1.62645373	      0.12010678	      0.05036328	     -1.52038367	      0.11172255	      0.09977103	     -1.91631428	     -0.04619431	      0.44742881	     -2.06745798	     -0.02023228	      0.09295088	     -2.12520314	      0.00701857	      0.09036094	     -2.01185868	      0.00729028	      0.07249982	     -1.70491908	      0.22449336	      0.62679779	     -1.63266280	      0.22164723	      0.29113036	     -1.87181629	     -0.13010928	      0.60584057	     -1.99400077	     -0.10939934	      0.30853875
      0.19000000	     -1.72002881	      0.12329007	      0.90418331	     -1.75824266	     -0.06772726	      0.91431910	     -1.87190212	      0.09421759	      0.93831999	     -1.89300426	      0.01317120	      0.93509293	     -1.64871105	      0.15684574	      0.46729252	     -1.54871592	      0.14151233	      0.08575606	     -1.59896649	      0.11613092	      0.04941447	     -1.49442162	      0.10708610	      0.10186291	     -1.90898575	     -0.04679683	      0.44660343	     -2.06620809	     -0.02075471	      0.09473500	     -2.12393970	      0.00639027	      0.09305564	     -2.01091027	      0.00674682	      0.07330012	     -1.69015492	      0.22287818	      0.62412585	     -1.61222799	      0.21855513	      0.28925567	     -1.86219846	     -0.13075722	      0.60433004	     -1.98914030	     -0.10994902	      0.30904736
      0.20000000	     -1.70572864	      0.12211327	      0.90219813	     -1.74515447	     -0.06866068	      0.91227574	     -1.85791082	      0.09399110	      0.93575036	     -1.87949743	      0.01307417	      0.93247942	     -1.63355260	      0.15458722	      0.46512458	     -1.52484215	      0.13694391	      0.08602549	     -1.57452615	      0.11247766	      0.04926401	     -1.47063647	      0.10216186	      0.10276912	     -1.90104571	     -0.04742805	      0.44570366	     -2.06481145	     -0.02131943	      0.09672453	     -2.12244869	      0.00572086	      0.09606512	     -2.00983210	      0.00607559	      0.07407789	     -1.67513690	      0.22120121	      0.62167454	     -1.59279931	      0.21524601	      0.28759948	     -1.85232975	     -0.13141771	      0.60282964	     -1.98400665	     -0.11049189	      0.30966516
      0.21000000	     -1.69133656	      0.12094255	      0.90034414	     -1.73172423	     -0.06964796	      0.91007782	     -1.84373124	      0.09352628	      0.93351391	     -1.86570860	      0.01272110	      0.93008609	     -1.61781121	      0.15210350	      0.46335834	     -1.50360607	      0.13236560	      0.08595096	     -1.55294941	      0.10823898	      0.04866473	     -1.44980754	      0.09724655	      0.10346618	     -1.89267193	     -0.04795519	      0.44481902	     -2.06320697	     -0.02195084	      0.09894941	     -2.12083106	      0.00496835	      0.09937104	     -2.00866739	      0.00547186	      0.07518180	     -1.65942014	      0.21934092	      0.61963500	     -1.57403572	      0.21184499	      0.28621119	     -1.84187072	     -0.13198576	      0.60126128	     -1.97830532	     -0.11105354	      0.31031941
      0.22000000	     -1.67686498	      0.11980837	      0.89871973	     -1.71791465	     -0.07067780	      0.90769733	     -1.82938527	      0.09279025	      0.93163791	     -1.85163582	      0.01207434	      0.92788487	     -1.60149438	      0.14946122	      0.46206271	     -1.48498095	      0.12782344	      0.08545921	     -1.53452507	      0.10410984	      0.04828009	     -1.43143793	      0.09224089	      0.10300164	     -1.88359025	     -0.04853812	      0.44385363	     -2.06136989	     -0.02262472	      0.10143101	     -2.11888911	      0.00430391	      0.10308245	     -2.00730740	      0.00468459	      0.07633478	     -1.64317866	      0.21738708	      0.61802126	     -1.55607489	      0.20838806	      0.28504995	     -1.83113160	     -0.13259167	      0.59973554	     -1.97226734	     -0.11161607	      0.31111203
      0.23000000	     -1.66232619	      0.11868802	      0.89714705	     -1.70372046	     -0.07176802	      0.90512600	     -1.81481480	      0.09177171	      0.93029458	     -1.83723041	      0.01112163	      0.92613084	     -1.58466671	      0.14664436	      0.46126616	     -1.46889073	      0.12341457	      0.08454741	     -1.51913132	      0.10007241	      0.04797738	     -1.41554178	      0.08726318	      0.10152557	     -1.87385312	     -0.04905250	      0.44285819	     -2.05922686	     -0.02335373	      0.10419253	     -2.11663292	      0.00338030	      0.10723385	     -2.00579270	      0.00399133	      0.07756682	     -1.62648563	      0.21529974	      0.61686882	     -1.53889350	      0.20491401	      0.28414430	     -1.81985424	     -0.13314401	      0.59819273	     -1.96560495	     -0.11218500	      0.31196356
      0.24000000	     -1.64772206	      0.11758759	      0.89577704	     -1.68916076	     -0.07290872	      0.90245855	     -1.80010776	      0.09047532	      0.92923669	     -1.82256767	      0.00986684	      0.92454033	     -1.56720177	      0.14362216	      0.46095166	     -1.45524140	      0.11923840	      0.08319518	     -1.50647325	      0.09620356	      0.04744179	     -1.40216864	      0.08243890	      0.09933938	     -1.86341948	     -0.04961143	      0.44179544	     -2.05670710	     -0.02414229	      0.10722563	     -2.11394447	      0.00253710	      0.11180238	     -2.00399806	      0.00317178	      0.07897795	     -1.60915387	      0.21303762	      0.61618080	     -1.52234232	      0.20145368	      0.28349392	     -1.80814101	     -0.13373578	      0.59666141	     -1.95842716	     -0.11278718	      0.31291469
      0.25000000	     -1.63297209	      0.11649385	      0.89466601	     -1.67424831	     -0.07408926	      0.89966638	     -1.78521561	      0.08894569	      0.92841555	     -1.80763406	      0.00836903	      0.92302607	     -1.54915160	      0.14039995	      0.46108463	     -1.44389600	      0.11534346	      0.08151245	     -1.49623796	      0.09280728	      0.04677659	     -1.39106348	      0.07783974	      0.09654183	     -1.85218872	     -0.05022581	      0.44058640	     -2.05374638	     -0.02501388	      0.11049959	     -2.11075991	      0.00187780	      0.11666611	     -2.00180380	      0.00212153	      0.08068600	     -1.59133083	      0.21064750	      0.61587728	     -1.50650870	      0.19801287	      0.28307357	     -1.79594326	     -0.13435353	      0.59510195	     -1.95067101	     -0.11343036	      0.31392735
      0.26000000	     -1.61820780	      0.11542372	      0.89346547	     -1.65901418	     -0.07529508	      0.89690465	     -1.77019037	      0.08719904	      0.92782662	     -1.79245330	      0.00662394	      0.92180603	     -1.53063100	      0.13677251	      0.46154417	     -1.43460425	      0.11187965	      0.07960377	     -1.48871879	      0.08956760	      0.04639210	     -1.38226562	      0.07347708	      0.09298712	     -1.84022191	     -0.05086341	      0.43935874	     -2.05019404	     -0.02596530	      0.11405962	     -2.10687694	      0.00085725	      0.12231333	     -1.99940224	      0.00124005	      0.08212500	     -1.57275403	      0.20782578	      0.61598397	     -1.49097359	      0.19457730	      0.28298779	     -1.78315152	     -0.13502833	      0.59355121	     -1.94213601	     -0.11414421	      0.31498945
      0.27000000	     -1.60326429	      0.11436209	      0.89258788	     -1.64345781	     -0.07651151	      0.89413713	     -1.75504171	      0.08529050	      0.92714915	     -1.77707058	      0.00471326	      0.92034716	     -1.51166105	      0.13284305	      0.46224778	     -1.42721942	      0.10883063	      0.07762222	     -1.48310310	      0.08669790	      0.04599688	     -1.37543035	      0.06960236	      0.08931661	     -1.82732685	     -0.05171344	      0.43791260	     -2.04601281	     -0.02700651	      0.11783544	     -2.10218961	     -0.00000183	      0.12823676	     -1.99643803	      0.00004882	      0.08370969	     -1.55376975	      0.20479840	      0.61627328	     -1.47608620	      0.19114462	      0.28309220	     -1.76990638	     -0.13584568	      0.59199290	     -1.93301324	     -0.11495264	      0.31613176
      0.28000000	     -1.58822877	      0.11330669	      0.89165380	     -1.62762747	     -0.07773872	      0.89144814	     -1.73974168	      0.08325744	      0.92653794	     -1.76146557	      0.00266137	      0.91901612	     -1.49254246	      0.12842867	      0.46305566	     -1.42150191	      0.10623013	      0.07573251	     -1.47910568	      0.08490600	      0.04581941	     -1.37033808	      0.06595833	      0.08547889	     -1.81350614	     -0.05265939	      0.43634349	     -2.04106312	     -0.02817220	      0.12185549	     -2.09665555	     -0.00086547	      0.13450264	     -1.99285633	     -0.00126670	      0.08559844	     -1.53444737	      0.20133621	      0.61668847	     -1.46169451	      0.18763680	      0.28343175	     -1.75598908	     -0.13675902	      0.59040556	     -1.92297673	     -0.11587684	      0.31727391
      0.29000000	     -1.57299090	      0.11221618	      0.89096795	     -1.61159265	     -0.07898107	      0.88892620	     -1.72434747	      0.08119452	      0.92567918	     -1.74574141	      0.00058575	      0.91738726	     -1.47339089	      0.12375940	      0.46381014	     -1.41720288	      0.10409698	      0.07403643	     -1.47654042	      0.08318097	      0.04591931	     -1.36671100	      0.06300131	      0.08187146	     -1.79870663	     -0.05388346	      0.43457899	     -2.03524191	     -0.02945345	      0.12606548	     -2.08996153	     -0.00174422	      0.14132875	     -1.98874437	     -0.00275009	      0.08729048	     -1.51508958	      0.19770280	      0.61700336	     -1.44804570	      0.18416799	      0.28384306	     -1.74152794	     -0.13786556	      0.58883100	     -1.91216472	     -0.11695695	      0.31847129
      0.30000000	     -1.55764689	      0.11111432	      0.89033912	     -1.59537082	     -0.08023273	      0.88661517	     -1.70886237	      0.07909529	      0.92475837	     -1.72988557	     -0.00153492	      0.91575690	     -1.45465812	      0.11877894	      0.46437662	     -1.41407267	      0.10240621	      0.07263763	     -1.47499240	      0.08219584	      0.04628134	     -1.36432729	      0.06043802	      0.07856302	     -1.78286691	     -0.05533440	      0.43267415	     -2.02844067	     -0.03087234	      0.13049869	     -2.08210675	     -0.00270033	      0.14842616	     -1.98383090	     -0.00439070	      0.08922260	     -1.49585683	      0.19378313	      0.61718895	     -1.43508620	      0.18070015	      0.28432126	     -1.72640613	     -0.13914591	      0.58728298	     -1.90036714	     -0.11820815	      0.31969299
      0.31000000	     -1.54219851	      0.10996534	      0.88986190	     -1.57903803	     -0.08151735	      0.88458147	     -1.69332804	      0.07698889	      0.92375056	     -1.71396497	     -0.00366410	      0.91408394	     -1.43658222	      0.11372594	      0.46465830	     -1.41188117	      0.10111344	      0.07157391	     -1.47417388	      0.08164955	      0.04687405	     -1.36287168	      0.05837193	      0.07572282	     -1.76595734	     -0.05707478	      0.43063630	     -2.02056444	     -0.03242789	      0.13514187	     -2.07292589	     -0.00370881	      0.15586622	     -1.97809924	     -0.00618379	      0.09130741	     -1.47707730	      0.18979037	      0.61713426	     -1.42300436	      0.17734258	      0.28475660	     -1.71064518	     -0.14063544	      0.58579513	     -1.88755872	     -0.11965590	      0.32095255
      0.32000000	     -1.52669812	      0.10876100	      0.88956473	     -1.56266781	     -0.08284276	      0.88286904	     -1.67778431	      0.07488534	      0.92275248	     -1.69803156	     -0.00579074	      0.91247383	     -1.41944019	      0.10879345	      0.46460229	     -1.41040698	      0.10016781	      0.07084527	     -1.47386116	      0.08141500	      0.04764596	     -1.36209824	      0.05677161	      0.07341474	     -1.74792985	     -0.05913909	      0.42849283	     -2.01152854	     -0.03411917	      0.14000827	     -2.06232326	     -0.00480361	      0.16359093	     -1.97144811	     -0.00811716	      0.09361388	     -1.45898584	      0.18586488	      0.61682156	     -1.41187847	      0.17418479	      0.28508997	     -1.69425637	     -0.14234962	      0.58441347	     -1.87367621	     -0.12131823	      0.32226610
      0.33000000	     -1.51126767	      0.10753093	      0.88942965	     -1.54629043	     -0.08420243	      0.88153157	     -1.66230282	      0.07274411	      0.92189940	     -1.68212546	     -0.00796895	      0.91109684	     -1.40349032	      0.10406190	      0.46419771	     -1.40945806	      0.09952537	      0.07040902	     -1.47386018	      0.08154288	      0.04849601	     -1.36183012	      0.05553040	      0.07162382	     -1.72880345	     -0.06151341	      0.42632820	     -2.00125759	     -0.03594214	      0.14511687	     -2.05027199	     -0.00600610	      0.17151890	     -1.96373262	     -0.01016100	      0.09628770	     -1.44174209	      0.18203139	      0.61629022	     -1.40170622	      0.17125473	      0.28529568	     -1.67723718	     -0.14428869	      0.58318881	     -1.85865367	     -0.12320117	      0.32365213
      0.34000000	     -1.49582244	      0.10617823	      0.88957896	     -1.53011511	     -0.08563568	      0.88051862	     -1.64685039	      0.07066889	      0.92129125	     -1.66633755	     -0.01005624	      0.90998042	     -1.38876852	      0.09997977	      0.46350469	     -1.40889251	      0.09909643	      0.07024197	     -1.47403765	      0.08158668	      0.04942839	     -1.36177731	      0.05473192	      0.07037397	     -1.70849548	     -0.06428036	      0.42408906	     -1.98972562	     -0.03787805	      0.15046579	     -2.03669586	     -0.00729163	      0.17963124	     -1.95493859	     -0.01233360	      0.09927958	     -1.42560873	      0.17870454	      0.61555658	     -1.39267618	      0.16877948	      0.28532979	     -1.65969396	     -0.14645381	      0.58214606	     -1.84250237	     -0.12531742	      0.32512124
      0.35000000	     -1.48059262	      0.10480852	      0.88992122	     -1.51408011	     -0.08710031	      0.87990907	     -1.63156263	      0.06854604	      0.92105181	     -1.65069001	     -0.01220597	      0.90932636	     -1.37547237	      0.09635817	      0.46256321	     -1.40856625	      0.09887024	      0.07025301	     -1.47428985	      0.08184034	      0.05032130	     -1.36191415	      0.05417883	      0.06952604	     -1.68714174	     -0.06735613	      0.42195778	     -1.97687692	     -0.03991572	      0.15607731	     -2.02170540	     -0.00869699	      0.18778570	     -1.94482753	     -0.01458589	      0.10280820	     -1.41055929	      0.17565240	      0.61473385	     -1.38460997	      0.16664414	      0.28522804	     -1.64161027	     -0.14883004	      0.58134714	     -1.82518004	     -0.12765281	      0.32670883
      0.36000000	     -1.46558639	      0.10339951	      0.89050546	     -1.49829877	     -0.08859856	      0.87967515	     -1.61646134	      0.06641744	      0.92124796	     -1.63525053	     -0.01436204	      0.90917019	     -1.36359895	      0.09336407	      0.46145992	     -1.40838814	      0.09879655	      0.07039371	     -1.47454790	      0.08215174	      0.05117128	     -1.36210235	      0.05386460	      0.06900704	     -1.66478324	     -0.07073622	      0.41997597	     -1.96270634	     -0.04203194	      0.16193748	     -2.00536548	     -0.01018251	      0.19590954	     -1.93329272	     -0.01693128	      0.10688128	     -1.39667633	      0.17302669	      0.61388801	     -1.37753318	      0.16492710	      0.28500076	     -1.62306843	     -0.15139128	      0.58081974	     -1.80672054	     -0.13019271	      0.32843362
      0.37000000	     -1.45085434	      0.10195875	      0.89135506	     -1.48281696	     -0.09012446	      0.87981888	     -1.60159785	      0.06428135	      0.92189736	     -1.62006833	     -0.01652635	      0.90952043	     -1.35312564	      0.09101713	      0.46027492	     -1.40828035	      0.09884338	      0.07061282	     -1.47476439	      0.08248541	      0.05196406	     -1.36226836	      0.05374622	      0.06872654	     -1.64153117	     -0.07438077	      0.41823808	     -1.94721872	     -0.04419594	      0.16801874	     -1.98778379	     -0.01172383	      0.20392298	     -1.92022612	     -0.01935537	      0.11149040	     -1.38394745	      0.17083922	      0.61309186	     -1.37138761	      0.16362779	      0.28467677	     -1.60413504	     -0.15411072	      0.58059801	     -1.78718027	     -0.13290935	      0.33032241
      0.38000000	     -1.43650957	      0.10054479	      0.89233230	     -1.46761396	     -0.09165119	      0.88033752	     -1.58701893	      0.06209374	      0.92306460	     -1.60514298	     -0.01876413	      0.91050453	     -1.34399326	      0.08922767	      0.45909856	     -1.40818768	      0.09900898	      0.07089081	     -1.47492349	      0.08291591	      0.05281373	     -1.36237602	      0.05378517	      0.06852190	     -1.61754614	     -0.07826763	      0.41688634	     -1.93041901	     -0.04638673	      0.17425986	     -1.96914337	     -0.01325549	      0.21165793	     -1.90540601	     -0.02190630	      0.11663808	     -1.37236541	      0.16900672	      0.61241162	     -1.36608091	      0.16269536	      0.28432120	     -1.58492816	     -0.15699983	      0.58075637	     -1.76665122	     -0.13578997	      0.33241177
      0.39000000	     -1.42238173	      0.09905478	      0.89369978	     -1.45287540	     -0.09320574	      0.88118247	     -1.57269657	      0.06001089	      0.92463597	     -1.59057980	     -0.02086786	      0.91186690	     -1.33607878	      0.08812718	      0.45800493	     -1.40807854	      0.09923638	      0.07121372	     -1.47495286	      0.08324713	      0.05345382	     -1.36236845	      0.05397640	      0.06862790	     -1.59292209	     -0.08228594	      0.41591080	     -1.91236757	     -0.04859584	      0.18054787	     -1.94939701	     -0.01481248	      0.21918789	     -1.88909062	     -0.02449686	      0.12205184	     -1.36178420	      0.16767440	      0.61190763	     -1.36157511	      0.16218230	      0.28394997	     -1.56547669	     -0.15992495	      0.58124384	     -1.74520611	     -0.13876833	      0.33466089
      0.40000000	     -1.40868150	      0.09761386	      0.89522941	     -1.43843393	     -0.09474308	      0.88241326	     -1.55872316	      0.05788957	      0.92662218	     -1.57632151	     -0.02303461	      0.91374561	     -1.32930472	      0.08746209	      0.45705395	     -1.40790882	      0.09954378	      0.07157750	     -1.47488861	      0.08364934	      0.05415973	     -1.36225783	      0.05426378	      0.06875680	     -1.56788287	     -0.08647191	      0.41551178	     -1.89307993	     -0.05077640	      0.18677409	     -1.92876588	     -0.01628955	      0.22625360	     -1.87100964	     -0.02717639	      0.12770537	     -1.35216302	      0.16660535	      0.61161272	     -1.35772100	      0.16194957	      0.28363449	     -1.54592983	     -0.16297573	      0.58218904	     -1.72300923	     -0.14184595	      0.33713084
      0.41000000	     -1.39533165	      0.09617995	      0.89691649	     -1.42434978	     -0.09628050	      0.88397139	     -1.54504734	      0.05578757	      0.92900530	     -1.56237431	     -0.02519060	      0.91610012	     -1.32351489	      0.08722324	      0.45630847	     -1.40766980	      0.09990471	      0.07201248	     -1.47470908	      0.08406141	      0.05491066	     -1.36202092	      0.05464078	      0.06898481	     -1.54254627	     -0.09073010	      0.41571810	     -1.87262177	     -0.05292359	      0.19278493	     -1.90733909	     -0.01767565	      0.23274538	     -1.85122696	     -0.02993059	      0.13341107	     -1.34340318	      0.16581435	      0.61155815	     -1.35445207	      0.16198278	      0.28342595	     -1.52635013	     -0.16608277	      0.58357441	     -1.70014650	     -0.14497212	      0.33976862
      0.42000000	     -1.38234700	      0.09477793	      0.89881463	     -1.41058793	     -0.09780014	      0.88589996	     -1.53171223	      0.05370841	      0.93166805	     -1.54875150	     -0.02733714	      0.91880281	     -1.31860616	      0.08726675	      0.45579575	     -1.40733967	      0.10031381	      0.07252150	     -1.47440123	      0.08455726	      0.05568659	     -1.36168101	      0.05505453	      0.06932545	     -1.51707351	     -0.09502250	      0.41659081	     -1.85105853	     -0.05503442	      0.19840783	     -1.88529358	     -0.01885372	      0.23841609	     -1.82962460	     -0.03284747	      0.13906218	     -1.33533347	      0.16517962	      0.61175841	     -1.35163103	      0.16219331	      0.28335068	     -1.50679303	     -0.16922638	      0.58542261	     -1.67675124	     -0.14812141	      0.34254887
      0.43000000	     -1.36975619	      0.09342849	      0.90082835	     -1.39707487	     -0.09929846	      0.88815284	     -1.51871955	      0.05160318	      0.93454163	     -1.53541248	     -0.02953490	      0.92180627	     -1.31435003	      0.08756457	      0.45554844	     -1.40692166	      0.10074673	      0.07315958	     -1.47400251	      0.08505840	      0.05672482	     -1.36121003	      0.05551993	      0.06967143	     -1.49158996	     -0.09942878	      0.41813992	     -1.82844631	     -0.05709646	      0.20346139	     -1.86254670	     -0.01985784	      0.24319102	     -1.80643650	     -0.03583910	      0.14438664	     -1.32789599	      0.16470273	      0.61220341	     -1.34919295	      0.16256069	      0.28346388	     -1.48736261	     -0.17246779	      0.58773802	     -1.65296521	     -0.15131859	      0.34542417
      0.44000000	     -1.35745715	      0.09209400	      0.90295677	     -1.38388599	     -0.10078493	      0.89071387	     -1.50599853	      0.04957037	      0.93764431	     -1.52236220	     -0.03166807	      0.92512320	     -1.31068394	      0.08801057	      0.45558491	     -1.40640370	      0.10118992	      0.07393758	     -1.47350446	      0.08559630	      0.05796582	     -1.36064046	      0.05598504	      0.07009719	     -1.46619943	     -0.10381599	      0.42038442	     -1.80484221	     -0.05914340	      0.20776837	     -1.83910986	     -0.02079408	      0.24694812	     -1.78183272	     -0.03885715	      0.14917739	     -1.32094283	      0.16429827	      0.61290468	     -1.34703230	      0.16301384	      0.28378111	     -1.46809793	     -0.17571353	      0.59051149	     -1.62884619	     -0.15451183	      0.34832127
      0.45000000	     -1.34546777	      0.09079425	      0.90516810	     -1.37094909	     -0.10225165	      0.89356495	     -1.49356543	      0.04757338	      0.94087612	     -1.50957517	     -0.03378146	      0.92865690	     -1.30744161	      0.08852672	      0.45589859	     -1.40579251	      0.10162845	      0.07487981	     -1.47291789	      0.08614537	      0.05942833	     -1.35998311	      0.05643791	      0.07063021	     -1.44100442	     -0.10820901	      0.42329657	     -1.78030347	     -0.06119265	      0.21117145	     -1.81503658	     -0.02168622	      0.24950148	     -1.75587053	     -0.04191979	      0.15329316	     -1.31436473	      0.16391213	      0.61383427	     -1.34505950	      0.16350306	      0.28431834	     -1.44904002	     -0.17898832	      0.59371312	     -1.60449690	     -0.15771487	      0.35117277
      0.46000000	     -1.33375315	      0.08952261	      0.90743673	     -1.35824261	     -0.10369741	      0.89662275	     -1.48138821	      0.04560865	      0.94419917	     -1.49702487	     -0.03587270	      0.93234524	     -1.30450134	      0.08906958	      0.45648743	     -1.40509384	      0.10203897	      0.07600869	     -1.47225084	      0.08667678	      0.06113642	     -1.35924713	      0.05685622	      0.07129389	     -1.41607991	     -0.11260741	      0.42681047	     -1.75488301	     -0.06327898	      0.21353763	     -1.79030453	     -0.02256520	      0.25074639	     -1.72868668	     -0.04504191	      0.15659705	     -1.30807340	      0.16352528	      0.61497452	     -1.34320929	      0.16399390	      0.28508608	     -1.43022929	     -0.18228074	      0.59728482	     -1.57999105	     -0.16093627	      0.35389685
      0.47000000	     -1.32230505	      0.08826226	      0.90956153	     -1.34578818	     -0.10514331	      0.89989301	     -1.46940419	      0.04370732	      0.94767612	     -1.48467218	     -0.03791840	      0.93634641	     -1.30171307	      0.08956474	      0.45732132	     -1.40431661	      0.10242059	      0.07733485	     -1.47151368	      0.08714104	      0.06307186	     -1.35843118	      0.05726165	      0.07211892	     -1.39153854	     -0.11688651	      0.43097135	     -1.72859314	     -0.06546366	      0.21474810	     -1.76482898	     -0.02368033	      0.25068842	     -1.70051382	     -0.04813719	      0.15886532	     -1.30203807	      0.16307820	      0.61628747	     -1.34142423	      0.16444707	      0.28609005	     -1.41172025	     -0.18555908	      0.60124424	     -1.55536118	     -0.16414853	      0.35644087
      0.48000000	     -1.31117618	      0.08707013	      0.91187633	     -1.33336766	     -0.10654520	      0.90343270	     -1.45780899	      0.04173213	      0.95085466	     -1.47256118	     -0.04006132	      0.94006412	     -1.29899047	      0.08992580	      0.45831450	     -1.40347666	      0.10275557	      0.07879846	     -1.47072566	      0.08766695	      0.06525268	     -1.35760369	      0.05756621	      0.07297571	     -1.36742466	     -0.12116850	      0.43551675	     -1.70152281	     -0.06778117	      0.21473211	     -1.73884405	     -0.02468090	      0.24896242	     -1.67107100	     -0.05150428	      0.16034312	     -1.29600165	      0.16249035	      0.61768835	     -1.33958387	      0.16479958	      0.28724442	     -1.39338059	     -0.18887575	      0.60539346	     -1.53070781	     -0.16741236	      0.35867904
      0.49000000	     -1.30014401	      0.08584818	      0.91407558	     -1.32127890	     -0.10793233	      0.90678983	     -1.44626243	      0.03988182	      0.95423183	     -1.46061423	     -0.04205018	      0.94396521	     -1.29634534	      0.09025887	      0.45956778	     -1.40256121	      0.10300742	      0.08048746	     -1.46986406	      0.08808292	      0.06761376	     -1.35671780	      0.05778470	      0.07411129	     -1.34374456	     -0.12533132	      0.44043781	     -1.67363458	     -0.07031032	      0.21346568	     -1.71195457	     -0.02612730	      0.24598237	     -1.64097957	     -0.05490358	      0.16053920	     -1.29009749	      0.16191338	      0.61925862	     -1.33773744	      0.16509794	      0.28863192	     -1.37542816	     -0.19207467	      0.60972324	     -1.50599135	     -0.17069708	      0.36058164
      0.50000000	     -1.28944250	      0.08466086	      0.91616455	     -1.30915498	     -0.10932358	      0.91049812	     -1.43506587	      0.03792984	      0.95722636	     -1.44884229	     -0.04418603	      0.94766475	     -1.29343224	      0.09042952	      0.46082642	     -1.40161905	      0.10320986	      0.08226737	     -1.46897529	      0.08838798	      0.07021834	     -1.35577253	      0.05800942	      0.07517381	     -1.32068770	     -0.12932417	      0.44567592	     -1.64497820	     -0.07308983	      0.21091540	     -1.68451281	     -0.02772520	      0.24132020	     -1.60979493	     -0.05856708	      0.15988263	     -1.28418749	      0.16118391	      0.62077304	     -1.33581650	      0.16529275	      0.29010674	     -1.35766091	     -0.19531349	      0.61418251	     -1.48130310	     -0.17401458	      0.36207595
      0.51000000	     -1.27885617	      0.08346151	      0.91814416	     -1.29723239	     -0.11069246	      0.91399641	     -1.42396505	      0.03602029	      0.96020087	     -1.43720732	     -0.04625831	      0.95130672	     -1.29044719	      0.09049816	      0.46221783	     -1.40062451	      0.10332697	      0.08419904	     -1.46803049	      0.08861263	      0.07293831	     -1.35479938	      0.05813600	      0.07642686	     -1.29818765	     -0.13314868	      0.45105798	     -1.61552077	     -0.07618708	      0.20713429	     -1.65618742	     -0.02981906	      0.23537679	     -1.57795079	     -0.06241475	      0.15802944	     -1.27827329	      0.16040401	      0.62234134	     -1.33380734	      0.16539070	      0.29172018	     -1.34023458	     -0.19842913	      0.61864855	     -1.45660518	     -0.17737524	      0.36312034
      0.52000000	     -1.26840806	      0.08225774	      0.91999038	     -1.28541358	     -0.11204790	      0.91738545	     -1.41300655	      0.03410656	      0.96298765	     -1.42569606	     -0.04832929	      0.95476951	     -1.28728168	      0.09043746	      0.46363796	     -1.39959624	      0.10337446	      0.08621936	     -1.46705189	      0.08875693	      0.07577968	     -1.35380628	      0.05819755	      0.07773773	     -1.27633232	     -0.13675940	      0.45648928	     -1.58526322	     -0.07965226	      0.20216983	     -1.62707513	     -0.03240823	      0.22806918	     -1.54531396	     -0.06654429	      0.15515895	     -1.27229702	      0.15953941	      0.62387201	     -1.33168572	      0.16538636	      0.29340081	     -1.32310132	     -0.20144256	      0.62305708	     -1.43192484	     -0.18078507	      0.36367634
      0.53000000	     -1.25809163	      0.08104987	      0.92168133	     -1.27368265	     -0.11338880	      0.92059740	     -1.40218390	      0.03217064	      0.96554773	     -1.41429774	     -0.05041528	      0.95799438	     -1.28390156	      0.09025837	      0.46504213	     -1.39853924	      0.10335217	      0.08829847	     -1.46603739	      0.08880801	      0.07869725	     -1.35278755	      0.05820408	      0.07908868	     -1.25515477	     -0.14014756	      0.46185054	     -1.55418583	     -0.08351765	      0.19611541	     -1.59711898	     -0.03553284	      0.21952224	     -1.51190957	     -0.07098347	      0.15134110	     -1.26625107	      0.15860843	      0.62532718	     -1.32944961	      0.16528694	      0.29511281	     -1.30626718	     -0.20434531	      0.62732637	     -1.40726521	     -0.18425424	      0.36372008
      0.54000000	     -1.24786922	      0.07983266	      0.92318871	     -1.26202480	     -0.11471842	      0.92357320	     -1.39145661	      0.03021449	      0.96787342	     -1.40298300	     -0.05251157	      0.96096164	     -1.28030057	      0.08996751	      0.46639177	     -1.39746136	      0.10326763	      0.09040614	     -1.46499435	      0.08877529	      0.08165476	     -1.35175281	      0.05816165	      0.08045595	     -1.23470317	     -0.14329887	      0.46704096	     -1.52226666	     -0.08781117	      0.18908252	     -1.56628791	     -0.03924662	      0.20984973	     -1.47773045	     -0.07575706	      0.14667834	     -1.26011835	      0.15761841	      0.62667466	     -1.32709574	      0.16509909	      0.29682081	     -1.28975051	     -0.20712463	      0.63139467	     -1.38263661	     -0.18778895	      0.36324551
      0.55000000	     -1.23776420	      0.07863151	      0.92450804	     -1.25037133	     -0.11601806	      0.92631365	     -1.38084813	      0.02819627	      0.96988754	     -1.39173238	     -0.05466595	      0.96359337	     -1.27643101	      0.08956423	      0.46763315	     -1.39638421	      0.10313267	      0.09251659	     -1.46392544	      0.08862128	      0.08437359	     -1.35067548	      0.05810501	      0.08203216	     -1.21502608	     -0.14628770	      0.47194732	     -1.48947705	     -0.09252672	      0.18120376	     -1.53445921	     -0.04373040	      0.19941831	     -1.44290161	     -0.08079665	      0.14102859	     -1.25388150	      0.15657218	      0.62787055	     -1.32462308	      0.16482900	      0.29849079	     -1.27357434	     -0.20982543	      0.63519908	     -1.35807668	     -0.19142001	      0.36225324
      0.56000000	     -1.22761571	      0.07737949	      0.92560197	     -1.23887139	     -0.11733779	      0.92862556	     -1.37020394	      0.02623573	      0.97174238	     -1.38053496	     -0.05673624	      0.96598448	     -1.27246933	      0.08909081	      0.46878841	     -1.39527106	      0.10294215	      0.09458408	     -1.46285519	      0.08850324	      0.08754286	     -1.34967758	      0.05794534	      0.08314732	     -1.19612093	     -0.14891188	      0.47650414	     -1.45582505	     -0.09772165	      0.17266905	     -1.50187509	     -0.04856119	      0.18771099	     -1.40700595	     -0.08634820	      0.13538463	     -1.24754851	      0.15549663	      0.62892519	     -1.32203913	      0.16449134	      0.30008408	     -1.25773691	     -0.21229749	      0.63868248	     -1.33351209	     -0.19508559	      0.36077716
      0.57000000	     -1.21754229	      0.07614888	      0.92648775	     -1.22731796	     -0.11862706	      0.93066166	     -1.35964246	      0.02419791	      0.97322812	     -1.36935742	     -0.05888173	      0.96797237	     -1.26823521	      0.08853471	      0.46976832	     -1.39419336	      0.10271534	      0.09661014	     -1.46177744	      0.08824514	      0.09020986	     -1.34862126	      0.05780413	      0.08461492	     -1.17807699	     -0.15142307	      0.48058564	     -1.42129181	     -0.10331437	      0.16362720	     -1.46821178	     -0.05413913	      0.17567859	     -1.37051414	     -0.09213530	      0.12901466	     -1.24110543	      0.15439235	      0.62977243	     -1.31936606	      0.16409537	      0.30158535	     -1.24228447	     -0.21471476	      0.64179247	     -1.30907027	     -0.19886237	      0.35882393
      0.58000000	     -1.20742580	      0.07490729	      0.92715266	     -1.21581683	     -0.11991127	      0.93224894	     -1.34903838	      0.02217372	      0.97449262	     -1.35818022	     -0.06099570	      0.96964448	     -1.26392632	      0.08791486	      0.47061240	     -1.39310952	      0.10244239	      0.09855577	     -1.46070731	      0.08804981	      0.09320436	     -1.34767747	      0.05756040	      0.08565920	     -1.16090143	     -0.15369531	      0.48413461	     -1.38591107	     -0.10930740	      0.15430058	     -1.43363686	     -0.06023240	      0.16307498	     -1.33321171	     -0.09826349	      0.12264621	     -1.23454965	      0.15325974	      0.63042988	     -1.31659279	      0.16363879	      0.30296139	     -1.22724446	     -0.21696467	      0.64448321	     -1.28472433	     -0.20269678	      0.35645033
      0.59000000	     -1.19728979	      0.07367071	      0.92759080	     -1.20427743	     -0.12118181	      0.93344896	     -1.33841907	      0.02010954	      0.97544214	     -1.34697685	     -0.06314099	      0.97093151	     -1.25945545	      0.08722644	      0.47127076	     -1.39207029	      0.10213855	      0.10042499	     -1.45966577	      0.08780078	      0.09584524	     -1.34674588	      0.05729017	      0.08687418	     -1.14465213	     -0.15581963	      0.48705425	     -1.34974148	     -0.11562745	      0.14489199	     -1.39812126	     -0.06684253	      0.15033158	     -1.29527378	     -0.10462272	      0.11625645	     -1.22786547	      0.15209794	      0.63085877	     -1.31373642	      0.16312933	      0.30420280	     -1.21264187	     -0.21911544	      0.64670110	     -1.26055889	     -0.20660002	      0.35368689
      0.60000000	     -1.18705923	      0.07241290	      0.92778487	     -1.19270443	     -0.12246323	      0.93427169	     -1.32774034	      0.01804082	      0.97603970	     -1.33573591	     -0.06528016	      0.97180695	     -1.25481993	      0.08654329	      0.47171702	     -1.39107770	      0.10179501	      0.10219639	     -1.45865676	      0.08745084	      0.09848314	     -1.34585360	      0.05702177	      0.08790970	     -1.12936096	     -0.15780880	      0.48927830	     -1.31288471	     -0.12220361	      0.13563579	     -1.36176947	     -0.07396267	      0.13770898	     -1.25679813	     -0.11112790	      0.11003545	     -1.22110382	      0.15098383	      0.63104439	     -1.31086745	      0.16260917	      0.30529593	     -1.19849782	     -0.22117450	      0.64840392	     -1.23663344	     -0.21055024	      0.35059037
      0.61000000	     -1.17671016	      0.07114802	      0.92774744	     -1.18107080	     -0.12374653	      0.93465772	     -1.31697028	      0.01595985	      0.97630039	     -1.32442547	     -0.06742056	      0.97225595	     -1.25003482	      0.08584012	      0.47195688	     -1.39014495	      0.10140566	      0.10388288	     -1.45769718	      0.08702656	      0.10098021	     -1.34500999	      0.05672236	      0.08891656	     -1.11503150	     -0.15962391	      0.49072299	     -1.27550013	     -0.12895180	      0.12674967	     -1.32473334	     -0.08143395	      0.12539416	     -1.21794195	     -0.11770095	      0.10426683	     -1.21421801	      0.14989409	      0.63098146	     -1.30795648	      0.16205808	      0.30623852	     -1.18479616	     -0.22310595	      0.64952791	     -1.21299625	     -0.21449734	      0.34720393
      0.62000000	     -1.16619945	      0.06985225	      0.92747565	     -1.16934414	     -0.12505827	      0.93459278	     -1.30608239	      0.01384449	      0.97617798	     -1.31302180	     -0.06958485	      0.97222568	     -1.24508225	      0.08513024	      0.47196841	     -1.38927957	      0.10098168	      0.10548037	     -1.45679399	      0.08652646	      0.10337679	     -1.34422192	      0.05641322	      0.08984907	     -1.10162616	     -0.16130150	      0.49132539	     -1.23781946	     -0.13575882	      0.11846757	     -1.28722974	     -0.08912994	      0.11369586	     -1.17896078	     -0.12422299	      0.09912295	     -1.20719236	      0.14883677	      0.63065176	     -1.30501184	      0.16148937	      0.30702251	     -1.17150832	     -0.22493537	      0.65001784	     -1.18971905	     -0.21841456	      0.34358806
      0.63000000	     -1.15553683	      0.06854822	      0.92691305	     -1.15745596	     -0.12638027	      0.93397391	     -1.29502571	      0.01165183	      0.97571548	     -1.30144629	     -0.07181813	      0.97174378	     -1.23988117	      0.08440233	      0.47173750	     -1.38847325	      0.10052258	      0.10701603	     -1.45593140	      0.08594325	      0.10572932	     -1.34347646	      0.05610558	      0.09070006	     -1.08906679	     -0.16291046	      0.49106441	     -1.20012705	     -0.14248232	      0.11100734	     -1.24955895	     -0.09703627	      0.10301581	     -1.14013674	     -0.13052684	      0.09457652	     -1.20001954	      0.14781868	      0.63005360	     -1.30200322	      0.16089758	      0.30766313	     -1.15863585	     -0.22669054	      0.64983572	     -1.16689691	     -0.22226919	      0.33981877
      0.64000000	     -1.14456429	      0.06717440	      0.92626919	     -1.14542454	     -0.12777300	      0.93300866	     -1.28388603	      0.00942653	      0.97454608	     -1.28983141	     -0.07407111	      0.97041942	     -1.23441055	      0.08371657	      0.47121079	     -1.38772906	      0.10003309	      0.10845576	     -1.45511934	      0.08524618	      0.10797522	     -1.34276377	      0.05581623	      0.09147116	     -1.07706600	     -0.16435014	      0.48984500	     -1.16283167	     -0.14903015	      0.10447184	     -1.21206362	     -0.10450399	      0.09300104	     -1.10192227	     -0.13663642	      0.09143553	     -1.19255102	      0.14687602	      0.62911339	     -1.29893064	      0.16031814	      0.30811051	     -1.14580322	     -0.22832847	      0.64889861	     -1.14443803	     -0.22600156	      0.33590635
      0.65000000	     -1.13338123	      0.06578557	      0.92532763	     -1.13319145	     -0.12918638	      0.93137388	     -1.27250948	      0.00710551	      0.97303512	     -1.27798682	     -0.07640816	      0.96859703	     -1.22856517	      0.08295108	      0.47042316	     -1.38699086	      0.09952833	      0.10988180	     -1.45429550	      0.08458193	      0.11024415	     -1.34208841	      0.05549568	      0.09219319	     -1.06546282	     -0.16580502	      0.48784477	     -1.12629926	     -0.15517952	      0.09902922	     -1.17534630	     -0.11218514	      0.08501355	     -1.06461559	     -0.14209212	      0.08822949	     -1.18476867	      0.14591671	      0.62787717	     -1.29563305	      0.15968537	      0.30841731	     -1.13319009	     -0.22991405	      0.64727855	     -1.12251543	     -0.22956958	      0.33200273
      0.66000000	     -1.12185715	      0.06432501	      0.92424385	     -1.12077014	     -0.13067116	      0.92933934	     -1.26098980	      0.00474976	      0.97081552	     -1.26603999	     -0.07876624	      0.96593652	     -1.22220726	      0.08219862	      0.46929827	     -1.38622915	      0.09901406	      0.11128405	     -1.45342417	      0.08381462	      0.11254546	     -1.34136718	      0.05523182	      0.09283419	     -1.05377762	     -0.16724126	      0.48511844	     -1.09105572	     -0.16082905	      0.09462984	     -1.13974877	     -0.11923613	      0.07796488	     -1.02874212	     -0.14706426	      0.08628229	     -1.17657070	      0.14502622	      0.62628415	     -1.29212013	      0.15905854	      0.30856461	     -1.12035864	     -0.23145318	      0.64499300	     -1.10100991	     -0.23293119	      0.32814012
      0.67000000	     -1.10999807	      0.06280011	      0.92292400	     -1.10816599	     -0.13221704	      0.92687457	     -1.24924609	      0.00239615	      0.96806129	     -1.25392232	     -0.08110879	      0.96264945	     -1.21523571	      0.08139314	      0.46785056	     -1.38536249	      0.09851069	      0.11272189	     -1.45242587	      0.08301802	      0.11496886	     -1.34055996	      0.05501331	      0.09342744	     -1.04169165	     -0.16871758	      0.48192355	     -1.05754384	     -0.16583546	      0.09120267	     -1.10581059	     -0.12560484	      0.07224773	     -0.99472872	     -0.15139390	      0.08496788	     -1.16788704	      0.14414122	      0.62436047	     -1.28825209	      0.15840676	      0.30858791	     -1.10726334	     -0.23297258	      0.64219747	     -1.07997803	     -0.23603073	      0.32442828
      0.68000000	     -1.09781081	      0.06121089	      0.92132021	     -1.09541206	     -0.13382048	      0.92408867	     -1.23725792	      0.00010825	      0.96487469	     -1.24162972	     -0.08337550	      0.95890966	     -1.20751432	      0.08049109	      0.46607664	     -1.38428989	      0.09803683	      0.11424990	     -1.45119573	      0.08221756	      0.11760224	     -1.33958794	      0.05485578	      0.09399475	     -1.02891894	     -0.17024814	      0.47852884	     -1.02618842	     -0.17008711	      0.08857057	     -1.07398068	     -0.13116575	      0.06769977	     -0.96294607	     -0.15503078	      0.08406545	     -1.15864543	      0.14321695	      0.62212749	     -1.28389633	      0.15771300	      0.30852124	     -1.09384385	     -0.23449177	      0.63907040	     -1.05948226	     -0.23880438	      0.32093734
      0.69000000	     -1.08529943	      0.05955457	      0.91937528	     -1.08251345	     -0.13548268	      0.92120865	     -1.22502343	     -0.00205115	      0.96130335	     -1.22916141	     -0.08551336	      0.95488721	     -1.19883390	      0.07948000	      0.46393553	     -1.38289767	      0.09761276	      0.11592539	     -1.44960533	      0.08135132	      0.12055199	     -1.33833009	      0.05483243	      0.09453573	     -1.01531360	     -0.17183114	      0.47517691	     -0.99734156	     -0.17352345	      0.08649072	     -1.04459418	     -0.13556233	      0.06401538	     -0.93377998	     -0.15804740	      0.08352681	     -1.14878778	      0.14223558	      0.61960085	     -1.27893745	      0.15698018	      0.30840720	     -1.08006161	     -0.23605035	      0.63579966	     -1.03962004	     -0.24121023	      0.31769601
      0.70000000	     -1.07247840	      0.05785678	      0.91707006	     -1.06960506	     -0.13718519	      0.91808258	     -1.21243856	     -0.00399603	      0.95783043	     -1.21649260	     -0.08743184	      0.95102885	     -1.18922054	      0.07815910	      0.46155744	     -1.38101992	      0.09725630	      0.11784164	     -1.44751157	      0.08076101	      0.12392127	     -1.33678657	      0.05475360	      0.09518335	     -1.00088854	     -0.17323870	      0.47209830	     -0.97125475	     -0.17612148	      0.08474342	     -1.01816447	     -0.13935300	      0.06123387	     -0.90734694	     -0.16012280	      0.08254471	     -1.13813106	      0.14099859	      0.61684953	     -1.27305615	      0.15609655	      0.30827042	     -1.06589153	     -0.23749329	      0.63260388	     -1.02036255	     -0.24316957	      0.31478219
      0.71000000	     -1.05934545	      0.05609623	      0.91435422	     -1.05664915	     -0.13894937	      0.91512670	     -1.19959437	     -0.00568610	      0.95421909	     -1.20368201	     -0.08910930	      0.94728426	     -1.17831715	      0.07671784	      0.45878663	     -1.37854139	      0.09696243	      0.12003069	     -1.44476392	      0.07997743	      0.12773346	     -1.33466626	      0.05489347	      0.09592815	     -0.98573452	     -0.17453916	      0.46938025	     -0.94810627	     -0.17791347	      0.08308673	     -0.99466963	     -0.14159679	      0.05865622	     -0.88411129	     -0.16164966	      0.08191125	     -1.12677119	      0.13969242	      0.61387301	     -1.26631327	      0.15517275	      0.30817392	     -1.05127423	     -0.23894666	      0.62960603	     -1.00182381	     -0.24474469	      0.31215631
      0.72000000	     -1.04605146	      0.05435274	      0.91124499	     -1.04362884	     -0.14069537	      0.91225478	     -1.18649616	     -0.00718757	      0.95079372	     -1.19068070	     -0.09061315	      0.94394588	     -1.16611182	      0.07490722	      0.45568535	     -1.37529130	      0.09674466	      0.12255619	     -1.44111958	      0.07949108	      0.13227141	     -1.33205459	      0.05502640	      0.09665423	     -0.96995639	     -0.17572293	      0.46714487	     -0.92796041	     -0.17888980	      0.08140854	     -0.97449283	     -0.14316225	      0.05681791	     -0.86380860	     -0.16227424	      0.08026557	     -1.11450854	      0.13807198	      0.61067529	     -1.25836672	      0.15407008	      0.30809300	     -1.03640203	     -0.24037726	      0.62689741	     -0.98414663	     -0.24590256	      0.30983195
      0.73000000	     -1.03252236	      0.05259988	      0.90776423	     -1.03062817	     -0.14244898	      0.90949798	     -1.17315504	     -0.00841341	      0.94746122	     -1.17756154	     -0.09185218	      0.94092013	     -1.15240284	      0.07293977	      0.45221678	     -1.37113540	      0.09656860	      0.12549501	     -1.43651724	      0.07883447	      0.13724172	     -1.32857625	      0.05532106	      0.09776841	     -0.95353368	     -0.17682406	      0.46540488	     -0.91086249	     -0.17915073	      0.07958304	     -0.95740826	     -0.14349764	      0.05500264	     -0.84670932	     -0.16242918	      0.07852715	     -1.10140617	      0.13635958	      0.60730333	     -1.24923106	      0.15289218	      0.30811059	     -1.02127559	     -0.24179386	      0.62448360	     -0.96734604	     -0.24670086	      0.30777473
      0.74000000	     -1.01887261	      0.05085171	      0.90393386	     -1.01759959	     -0.14418712	      0.90691480	     -1.15964764	     -0.00945518	      0.94420165	     -1.16432934	     -0.09291957	      0.93820095	     -1.13713605	      0.07077180	      0.44837142	     -1.36593205	      0.09641504	      0.12888077	     -1.43070026	      0.07816253	      0.14294310	     -1.32424916	      0.05570416	      0.09905616	     -0.93669583	     -0.17777851	      0.46409008	     -0.89670405	     -0.17877977	      0.07760174	     -0.94348451	     -0.14309042	      0.05341989	     -0.83262285	     -0.16193441	      0.07623781	     -1.08741286	      0.13449087	      0.60374856	     -1.23876931	      0.15160269	      0.30822800	     -1.00584949	     -0.24319004	      0.62237838	     -0.95139773	     -0.24718989	      0.30597318
      0.75000000	     -1.00504734	      0.04910451	      0.89990841	     -1.00462014	     -0.14590830	      0.90443348	     -1.14601965	     -0.01026529	      0.94087253	     -1.15107485	     -0.09375332	      0.93554101	     -1.12037505	      0.06853829	      0.44421955	     -1.35956032	      0.09619908	      0.13272993	     -1.42331344	      0.07765066	      0.14967875	     -1.31914929	      0.05604338	      0.10022943	     -0.91923712	     -0.17868282	      0.46317020	     -0.88537832	     -0.17788784	      0.07548282	     -0.93243054	     -0.14179958	      0.05184114	     -0.82148152	     -0.16112488	      0.07381632	     -1.07254074	      0.13259938	      0.60004838	     -1.22698407	      0.15023622	      0.30847120	     -0.99015020	     -0.24455473	      0.62048615	     -0.93625766	     -0.24741537	      0.30439781
      0.76000000	     -0.99116832	      0.04737084	      0.89562626	     -0.99162987	     -0.14759077	      0.90198298	     -1.13231412	     -0.01095765	      0.93747926	     -1.13776721	     -0.09446772	      0.93294461	     -1.10203353	      0.06623510	      0.43974696	     -1.35192712	      0.09591343	      0.13711813	     -1.41456006	      0.07689161	      0.15682315	     -1.31285712	      0.05642022	      0.10205352	     -0.90147855	     -0.17946409	      0.46248767	     -0.87663926	     -0.17660207	      0.07333710	     -0.92410319	     -0.14008159	      0.05045104	     -0.81299310	     -0.15989838	      0.07113682	     -1.05678344	      0.13066155	      0.59619577	     -1.21377567	      0.14878344	      0.30887495	     -0.97420347	     -0.24587286	      0.61874720	     -0.92189463	     -0.24744124	      0.30302955
      0.77000000	     -0.97724569	      0.04567018	      0.89121102	     -0.97866193	     -0.14921871	      0.89939422	     -1.11855127	     -0.01155438	      0.93403750	     -1.12443562	     -0.09507473	      0.93030155	     -1.08227812	      0.06390708	      0.43509362	     -1.34294030	      0.09550927	      0.14205294	     -1.40440772	      0.07576890	      0.16439110	     -1.30527576	      0.05676166	      0.10460936	     -0.88345340	     -0.18015477	      0.46193427	     -0.87021527	     -0.17504280	      0.07129052	     -0.91825821	     -0.13827367	      0.04954622	     -0.80679602	     -0.15831635	      0.06799976	     -1.04018550	      0.12872979	      0.59225850	     -1.19914753	      0.14724773	      0.30946930	     -0.95813188	     -0.24710183	      0.61703842	     -0.90828575	     -0.24730374	      0.30184171
      0.78000000	     -0.96338776	      0.04402413	      0.88681108	     -0.96556102	     -0.15075743	      0.89711020	     -1.10497889	     -0.01219384	      0.93002587	     -1.11117606	     -0.09572692	      0.92718850	     -1.06116429	      0.06168807	      0.43022325	     -1.33259076	      0.09490623	      0.14748557	     -1.39238592	      0.07458127	      0.17290871	     -1.29680181	      0.05695785	      0.10721722	     -0.86542471	     -0.18087344	      0.46123645	     -0.86578347	     -0.17333054	      0.06938125	     -0.91419423	     -0.13608704	      0.04825936	     -0.80269492	     -0.15679668	      0.06572577	     -1.02278629	      0.12684626	      0.58819827	     -1.18321447	      0.14566159	      0.31024945	     -0.94191264	     -0.24838303	      0.61521091	     -0.89548381	     -0.24711181	      0.30067991
      0.79000000	     -0.94957278	      0.04242843	      0.88245209	     -0.95247994	     -0.15223236	      0.89467408	     -1.09145052	     -0.01284175	      0.92594850	     -1.09794869	     -0.09637566	      0.92392600	     -1.03897395	      0.05952684	      0.42541447	     -1.32083170	      0.09407858	      0.15342705	     -1.37898557	      0.07299883	      0.18155404	     -1.28685039	      0.05696686	      0.11072776	     -0.84766262	     -0.18141602	      0.46033836	     -0.86295648	     -0.17160931	      0.06776295	     -0.91190343	     -0.13410015	      0.04756195	     -0.80020113	     -0.15509668	      0.06330373	     -1.00473532	      0.12502077	      0.58419996	     -1.16601119	      0.14399134	      0.31129027	     -0.92574634	     -0.24951964	      0.61324654	     -0.88338520	     -0.24684936	      0.29959578
      0.80000000	     -0.93584083	      0.04089313	      0.87822536	     -0.93938743	     -0.15362757	      0.89235943	     -1.07806405	     -0.01352010	      0.92167398	     -1.08480645	     -0.09705018	      0.92045052	     -1.01586718	      0.05747039	      0.42074850	     -1.30768876	      0.09298709	      0.15980246	     -1.36412919	      0.07101891	      0.19045945	     -1.27554876	      0.05674778	      0.11488086	     -0.83052681	     -0.18179654	      0.45909855	     -0.86136537	     -0.16997430	      0.06645347	     -0.91086325	     -0.13234542	      0.04707840	     -0.79896168	     -0.15339624	      0.06125446	     -0.98612230	      0.12325733	      0.58031632	     -1.14766683	      0.14224552	      0.31260316	     -0.90978373	     -0.25055388	      0.61110792	     -0.87206926	     -0.24655803	      0.29849918
      0.81000000	     -0.92225874	      0.03944860	      0.87424036	     -0.92629527	     -0.15492375	      0.89016989	     -1.06483776	     -0.01426304	      0.91739484	     -1.07174959	     -0.09778684	      0.91691346	     -0.99209709	      0.05548905	      0.41642435	     -1.29319064	      0.09161066	      0.16651454	     -1.34796079	      0.06863827	      0.19941461	     -1.26280580	      0.05624421	      0.11968197	     -0.81425035	     -0.18203689	      0.45748694	     -0.86066507	     -0.16849724	      0.06545984	     -0.91071523	     -0.13085530	      0.04684741	     -0.79861618	     -0.15178811	      0.05956277	     -0.96710364	      0.12154442	      0.57669469	     -1.12831261	      0.14040421	      0.31421657	     -0.89423693	     -0.25147801	      0.60880170	     -0.86157869	     -0.24626197	      0.29735781
      0.82000000	     -0.90882967	      0.03808844	      0.87057588	     -0.91326081	     -0.15612541	      0.88823944	     -1.05178094	     -0.01502891	      0.91323156	     -1.05881179	     -0.09854386	      0.91346009	     -0.96787496	      0.05360806	      0.41259449	     -1.27739707	      0.08993613	      0.17342503	     -1.33062273	      0.06583194	      0.20822546	     -1.24857397	      0.05543881	      0.12502533	     -0.79908612	     -0.18212853	      0.45552458	     -0.86055145	     -0.16723725	      0.06475469	     -0.91113617	     -0.12966145	      0.04678158	     -0.79885832	     -0.15033577	      0.05828452	     -0.94782399	      0.11989820	      0.57346134	     -1.10811099	      0.13847903	      0.31613899	     -0.87927144	     -0.25228976	      0.60640134	     -0.85194481	     -0.24598031	      0.29616409
      0.83000000	     -0.89556228	      0.03680888	      0.86726440	     -0.90034238	     -0.15724881	      0.88648459	     -1.03881809	     -0.01578112	      0.90955022	     -1.04595773	     -0.09928262	      0.91041978	     -0.94342513	      0.05182173	      0.40946998	     -1.26036962	      0.08795594	      0.18037995	     -1.31227557	      0.06263787	      0.21667568	     -1.23280567	      0.05429631	      0.13078487	     -0.78522415	     -0.18208000	      0.45331680	     -0.86076965	     -0.16621204	      0.06431396	     -0.91189075	     -0.12881376	      0.04697824	     -0.79941251	     -0.14904904	      0.05723691	     -0.92847874	      0.11834062	      0.57079701	     -1.08722004	      0.13646987	      0.31839115	     -0.86512245	     -0.25296583	      0.60400701	     -0.84320749	     -0.24571447	      0.29495608
      0.84000000	     -0.88260781	      0.03567695	      0.86447125	     -0.88741661	     -0.15821495	      0.88529098	     -1.02614137	     -0.01664730	      0.90614036	     -1.03323855	     -0.10014310	      0.90766114	     -0.91889011	      0.05010157	      0.40708347	     -1.24220600	      0.08571566	      0.18716339	     -1.29308324	      0.05902276	      0.22455474	     -1.21553693	      0.05287793	      0.13674194	     -0.77267731	     -0.18217195	      0.45088456	     -0.86115513	     -0.16539725	      0.06404627	     -0.91267631	     -0.12808527	      0.04709143	     -0.80009275	     -0.14806175	      0.05668015	     -0.90912029	      0.11680954	      0.56872866	     -1.06577396	      0.13438337	      0.32089692	     -0.85181918	     -0.25370889	      0.60166622	     -0.83543625	     -0.24557444	      0.29368733
      0.85000000	     -0.86984045	      0.03463274	      0.86219498	     -0.87466749	     -0.15910162	      0.88442897	     -1.01356975	     -0.01745512	      0.90348378	     -1.02063490	     -0.10094100	      0.90558702	     -0.89446248	      0.04850062	      0.40565059	     -1.22297231	      0.08321283	      0.19357329	     -1.27315439	      0.05507626	      0.23163820	     -1.19678201	      0.05114640	      0.14267701	     -0.76157661	     -0.18219039	      0.44840790	     -0.86155567	     -0.16481178	      0.06393559	     -0.91346744	     -0.12761523	      0.04738589	     -0.80076685	     -0.14727061	      0.05623486	     -0.88993916	      0.11539941	      0.56744880	     -1.04393430	      0.13225440	      0.32365703	     -0.83949093	     -0.25434325	      0.59953501	     -0.82855576	     -0.24547903	      0.29247149
      0.86000000	     -0.85728344	      0.03368003	      0.86053194	     -0.86208367	     -0.15990612	      0.88402695	     -1.00115118	     -0.01822607	      0.90156671	     -1.00817361	     -0.10170074	      0.90419287	     -0.87025243	      0.04703234	      0.40522111	     -1.20274451	      0.08048724	      0.19937154	     -1.25259045	      0.05083870	      0.23768892	     -1.17659390	      0.04913898	      0.14833617	     -0.75189762	     -0.18222014	      0.44596492	     -0.86191323	     -0.16441965	      0.06392693	     -0.91415288	     -0.12733662	      0.04767430	     -0.80135995	     -0.14668938	      0.05599805	     -0.87099735	      0.11411262	      0.56700569	     -1.02181680	      0.13011061	      0.32658848	     -0.82814056	     -0.25492643	      0.59767811	     -0.82256705	     -0.24545101	      0.29132670
      0.87000000	     -0.84487687	      0.03279959	      0.85949111	     -0.84973220	     -0.16066311	      0.88397090	     -0.98879666	     -0.01887453	      0.90063598	     -0.99583478	     -0.10233363	      0.90368155	     -0.84638855	      0.04574468	      0.40589851	     -1.18159746	      0.07755773	      0.20435282	     -1.23141081	      0.04653327	      0.24253308	     -1.15509915	      0.04683149	      0.15343359	     -0.74364220	     -0.18219248	      0.44369202	     -0.86216946	     -0.16420801	      0.06401025	     -0.91471212	     -0.12727843	      0.04805341	     -0.80181956	     -0.14627812	      0.05582133	     -0.85241985	      0.11301465	      0.56749351	     -0.99955153	      0.12799055	      0.32964160	     -0.81781773	     -0.25538974	      0.59619196	     -0.81742440	     -0.24545381	      0.29033271
      0.88000000	     -0.83271456	      0.03202294	      0.85915823	     -0.83749443	     -0.16132653	      0.88453123	     -0.97664749	     -0.01953396	      0.90040410	     -0.98364580	     -0.10298164	      0.90383033	     -0.82292853	      0.04462606	      0.40759190	     -1.15959942	      0.07449680	      0.20829057	     -1.20974639	      0.04205423	      0.24590120	     -1.13230620	      0.04433928	      0.15780992	     -0.73671695	     -0.18226269	      0.44160161	     -0.86233185	     -0.16412221	      0.06413859	     -0.91509389	     -0.12728719	      0.04834408	     -0.80214307	     -0.14604989	      0.05583630	     -0.83419286	      0.11205009	      0.56884228	     -0.97721114	      0.12591819	      0.33267635	     -0.80840437	     -0.25587036	      0.59509071	     -0.81312946	     -0.24553931	      0.28947220
      0.89000000	     -0.82077974	      0.03135707	      0.85957131	     -0.82536910	     -0.16190195	      0.88565851	     -0.96468629	     -0.02020201	      0.90090643	     -0.97159702	     -0.10364392	      0.90463745	     -0.79997499	      0.04365179	      0.41029194	     -1.13679796	      0.07135384	      0.21100527	     -1.18754798	      0.03740177	      0.24771469	     -1.10838183	      0.04170874	      0.16124823	     -0.73104936	     -0.18239777	      0.43975269	     -0.86240516	     -0.16414104	      0.06430527	     -0.91533105	     -0.12731464	      0.04863349	     -0.80235151	     -0.14597867	      0.05593674	     -0.81635981	      0.11121803	      0.57104302	     -0.95486876	      0.12390542	      0.33559084	     -0.79984766	     -0.25633609	      0.59440068	     -0.80962889	     -0.24568397	      0.28878305
      0.90000000	     -0.80900008	      0.03077126	      0.86061728	     -0.81341019	     -0.16243942	      0.88709063	     -0.95277046	     -0.02079063	      0.90242007	     -0.95962303	     -0.10422913	      0.90633046	     -0.77763714	      0.04289217	      0.41403646	     -1.11321528	      0.06812120	      0.21238568	     -1.16476944	      0.03303075	      0.24782654	     -1.08337371	      0.03886533	      0.16354742	     -0.72659826	     -0.18250544	      0.43826588	     -0.86238831	     -0.16424614	      0.06455955	     -0.91545376	     -0.12744929	      0.04904105	     -0.80243868	     -0.14600803	      0.05605725	     -0.79906828	      0.11060166	      0.57413237	     -0.93262087	      0.12198749	      0.33834419	     -0.79219511	     -0.25670221	      0.59417602	     -0.80686573	     -0.24583585	      0.28835682
      0.91000000	     -0.79729301	      0.03023537	      0.86233533	     -0.80166469	     -0.16296469	      0.88889243	     -0.94091174	     -0.02126112	      0.90473578	     -0.94777803	     -0.10469583	      0.90870238	     -0.75599255	      0.04236686	      0.41867471	     -1.08888343	      0.06484833	      0.21232945	     -1.14138816	      0.02880580	      0.24619218	     -1.05736619	      0.03590074	      0.16463087	     -0.72325589	     -0.18253517	      0.43714325	     -0.86230954	     -0.16442434	      0.06489585	     -0.91549589	     -0.12766444	      0.04951420	     -0.80244593	     -0.14611193	      0.05625645	     -0.78229425	      0.11020764	      0.57798704	     -0.91052317	      0.12019532	      0.34080433	     -0.78531058	     -0.25694527	      0.59439602	     -0.80475618	     -0.24596981	      0.28819566
      0.92000000	     -0.78570618	      0.02978501	      0.86470961	     -0.79002970	     -0.16343779	      0.89110870	     -0.92916448	     -0.02170462	      0.90765793	     -0.93604102	     -0.10514074	      0.91157699	     -0.73511509	      0.04200925	      0.42403368	     -1.06382337	      0.06158382	      0.21081255	     -1.11740965	      0.02472486	      0.24277974	     -1.03040759	      0.03287693	      0.16450801	     -0.72088368	     -0.18249819	      0.43637173	     -0.86218751	     -0.16466400	      0.06532384	     -0.91548218	     -0.12793506	      0.05006832	     -0.80239967	     -0.14627694	      0.05654760	     -0.76603133	      0.10997277	      0.58246258	     -0.88860034	      0.11851255	      0.34286359	     -0.77902613	     -0.25709135	      0.59502670	     -0.80321515	     -0.24609044	      0.28829661
      0.93000000	     -0.77418127	      0.02939606	      0.86768111	     -0.77853899	     -0.16387488	      0.89371962	     -0.91752576	     -0.02208584	      0.91101696	     -0.92444247	     -0.10552503	      0.91479741	     -0.71505950	      0.04185958	      0.42991744	     -1.03803627	      0.05836270	      0.20785447	     -1.09278469	      0.02072661	      0.23761593	     -1.00254011	      0.02986206	      0.16322011	     -0.71937411	     -0.18241780	      0.43596055	     -0.86203165	     -0.16494449	      0.06587000	     -0.91542346	     -0.12820434	      0.05075647	     -0.80231614	     -0.14649541	      0.05693965	     -0.75028322	      0.10991701	      0.58740409	     -0.86688153	      0.11697172	      0.34442863	     -0.77327861	     -0.25715769	      0.59603658	     -0.80218855	     -0.24619964	      0.28867319
      0.94000000	     -0.76273823	      0.02908311	      0.87108494	     -0.76714062	     -0.16426993	      0.89649900	     -0.90592222	     -0.02242164	      0.91492133	     -0.91289316	     -0.10586709	      0.91845596	     -0.69593523	      0.04185300	      0.43622467	     -1.01150959	      0.05521493	      0.20353899	     -1.06739291	      0.01699237	      0.23089408	     -0.97386997	      0.02686240	      0.16076334	     -0.71860348	     -0.18229751	      0.43594363	     -0.86183626	     -0.16525905	      0.06658603	     -0.91531469	     -0.12851542	      0.05163909	     -0.80217979	     -0.14675581	      0.05745664	     -0.73514067	      0.11000906	      0.59272469	     -0.84538886	      0.11555106	      0.34547179	     -0.76804392	     -0.25713566	      0.59740872	     -0.80160122	     -0.24629461	      0.28936358
      0.95000000	     -0.75124994	      0.02881865	      0.87498793	     -0.75594723	     -0.16464969	      0.89945400	     -0.89438253	     -0.02262263	      0.91906602	     -0.90150654	     -0.10607081	      0.92220933	     -0.67776366	      0.04203745	      0.44270411	     -0.98424265	      0.05216751	      0.19797124	     -1.04102145	      0.01356807	      0.22306408	     -0.94462660	      0.02391515	      0.15700919	     -0.71834700	     -0.18206974	      0.43624999	     -0.86162947	     -0.16561677	      0.06747152	     -0.91517121	     -0.12899895	      0.05254377	     -0.80199703	     -0.14702854	      0.05825324	     -0.72051984	      0.11029735	      0.59822602	     -0.82412045	      0.11428562	      0.34590261	     -0.76311847	     -0.25696684	      0.59904440	     -0.80129319	     -0.24634969	      0.29033153
      0.96000000	     -0.73986244	      0.02866562	      0.87914690	     -0.74475484	     -0.16492964	      0.90254762	     -0.88293944	     -0.02282712	      0.92334526	     -0.89016863	     -0.10628183	      0.92604372	     -0.66054568	      0.04223734	      0.44916282	     -0.95624597	      0.04930299	      0.19135865	     -1.01430855	      0.01009664	      0.21320141	     -0.91419744	      0.02115331	      0.15305330	     -0.71854682	     -0.18188723	      0.43687948	     -0.86135528	     -0.16599854	      0.06853695	     -0.91501991	     -0.12922074	      0.05409096	     -0.80182231	     -0.14739259	      0.05879701	     -0.70640970	      0.11062294	      0.60374118	     -0.80301528	      0.11311663	      0.34572718	     -0.75849194	     -0.25678058	      0.60092659	     -0.80126969	     -0.24642586	      0.29157511
      0.97000000	     -0.72840289	      0.02853380	      0.88350007	     -0.73377912	     -0.16520810	      0.90554153	     -0.87149043	     -0.02286373	      0.92777503	     -0.87895089	     -0.10631457	      0.92990364	     -0.64431858	      0.04261081	      0.45548877	     -0.92747790	      0.04661155	      0.18384524	     -0.98637199	      0.00709270	      0.20294421	     -0.88341664	      0.01851910	      0.14788140	     -0.71893983	     -0.18161860	      0.43780281	     -0.86106407	     -0.16640680	      0.06982660	     -0.91476164	     -0.12974015	      0.05535968	     -0.80153527	     -0.14774461	      0.06001672	     -0.69285289	      0.11112930	      0.60919045	     -0.78209678	      0.11212074	      0.34494876	     -0.75404863	     -0.25645891	      0.60297660	     -0.80133457	     -0.24646386	      0.29309350
      0.98000000	     -0.71700763	      0.02849485	      0.88795448	     -0.72282070	     -0.16537895	      0.90868630	     -0.86020555	     -0.02287606	      0.93190226	     -0.86785514	     -0.10632224	      0.93346769	     -0.62895737	      0.04296378	      0.46139354	     -0.89797657	      0.04421328	      0.17564048	     -0.95781297	      0.00410857	      0.19134816	     -0.85178206	      0.01619761	      0.14262877	     -0.71951805	     -0.18142568	      0.43896158	     -0.86068489	     -0.16684217	      0.07128862	     -0.91451826	     -0.13000956	      0.05752710	     -0.80126679	     -0.14817956	      0.06069161	     -0.67965783	      0.11162059	      0.61433233	     -0.76123780	      0.11124798	      0.34354024	     -0.74969175	     -0.25616135	      0.60515486	     -0.80151280	     -0.24654075	      0.29483203
      0.99000000	     -0.70557780	      0.02848117	      0.89231863	     -0.71201311	     -0.16551944	      0.91163193	     -0.84892167	     -0.02274390	      0.93595977	     -0.85684253	     -0.10617395	      0.93691741	     -0.61449173	      0.04341219	      0.46688743	     -0.86771455	      0.04210371	      0.16696167	     -0.92824125	      0.00151892	      0.17941095	     -0.81964311	      0.01414238	      0.13687425	     -0.72005818	     -0.18119302	      0.44033821	     -0.86024719	     -0.16729589	      0.07295528	     -0.91416285	     -0.13043250	      0.05961514	     -0.80089117	     -0.14861710	      0.06183010	     -0.66693064	      0.11220783	      0.61917627	     -0.74045675	      0.11055717	      0.34160715	     -0.74537728	     -0.25578485	      0.60740431	     -0.80163273	     -0.24659975	      0.29678580
      1.00000000	     -0.69414001	      0.02849544	      0.89648075	     -0.70133850	     -0.16560587	      0.91446734	     -0.83771098	     -0.02247060	      0.93967638	     -0.84595492	     -0.10587397	      0.94006021	     -0.60078647	      0.04396163	      0.47180317	     -0.83671059	      0.04031983	      0.15801075	     -0.89775326	     -0.00061741	      0.16711408	     -0.78691341	      0.01239967	      0.13095663	     -0.72047853	     -0.18092486	      0.44187340	     -0.85975132	     -0.16776393	      0.07479678	     -0.91373136	     -0.13099780	      0.06170039	     -0.80042586	     -0.14903589	      0.06329772	     -0.65457341	      0.11286135	      0.62357393	     -0.71968249	      0.11006427	      0.33917809	     -0.74098022	     -0.25536445	      0.60966645	     -0.80162267	     -0.24665028	      0.29890135
      1.01000000	     -0.68272072	      0.02857668	      0.90043994	     -0.69075781	     -0.16561427	      0.91705116	     -0.82656678	     -0.02208873	      0.94307033	     -0.83516026	     -0.10545741	      0.94285598	     -0.58783459	      0.04454940	      0.47613159	     -0.80498508	      0.03892701	      0.14898814	     -0.86640484	     -0.00236066	      0.15459858	     -0.75363827	      0.01102153	      0.12515548	     -0.72060614	     -0.18076635	      0.44348061	     -0.85918234	     -0.16823790	      0.07676677	     -0.91320777	     -0.13147623	      0.06413881	     -0.79989732	     -0.14954705	      0.06463656	     -0.64254250	      0.11356365	      0.62752066	     -0.69886750	      0.10977430	      0.33634125	     -0.73656741	     -0.25495798	      0.61187574	     -0.80150648	     -0.24672641	      0.30112788
      1.02000000	     -0.67132902	      0.02869701	      0.90400566	     -0.68028734	     -0.16555822	      0.91934528	     -0.81546166	     -0.02157523	      0.94613056	     -0.82444140	     -0.10489994	      0.94536418	     -0.57556406	      0.04520737	      0.47983088	     -0.77256238	      0.03793423	      0.14008621	     -0.83418215	     -0.00362671	      0.14212781	     -0.71986759	      0.01001579	      0.11958139	     -0.72041092	     -0.18063575	      0.44513610	     -0.85854794	     -0.16870748	      0.07884533	     -0.91260035	     -0.13195303	      0.06671363	     -0.79930030	     -0.15008300	      0.06603302	     -0.63084553	      0.11431086	      0.63097067	     -0.67799039	      0.10970635	      0.33318299	     -0.73207204	     -0.25454343	      0.61400811	     -0.80120338	     -0.24679924	      0.30342969
      1.03000000	     -0.65995978	      0.02887370	      0.90712097	     -0.66992217	     -0.16542456	      0.92124867	     -0.80436015	     -0.02091678	      0.94889976	     -0.81376862	     -0.10418775	      0.94761253	     -0.56396591	      0.04593933	      0.48290103	     -0.73948931	      0.03735905	      0.13148391	     -0.80113503	     -0.00445678	      0.12992810	     -0.68568367	      0.00939177	      0.11438853	     -0.71978975	     -0.18060975	      0.44677407	     -0.85784473	     -0.16916205	      0.08098728	     -0.91190404	     -0.13233324	      0.06972942	     -0.79867092	     -0.15069537	      0.06705491	     -0.61947593	      0.11511847	      0.63392239	     -0.65704512	      0.10987570	      0.32979114	     -0.72757312	     -0.25414790	      0.61603020	     -0.80074470	     -0.24687472	      0.30576536
      1.04000000	     -0.64862556	      0.02906520	      0.90971112	     -0.65962591	     -0.16524150	      0.92292295	     -0.79332497	     -0.02015635	      0.95112782	     -0.80317146	     -0.10336958	      0.94944355	     -0.55288177	      0.04680725	      0.48524073	     -0.70586944	      0.03717791	      0.12333600	     -0.76733018	     -0.00462095	      0.11817171	     -0.65113768	      0.00912521	      0.10964962	     -0.71884620	     -0.18054171	      0.44834774	     -0.85710564	     -0.16959617	      0.08313919	     -0.91114317	     -0.13280660	      0.07243568	     -0.79796489	     -0.15125869	      0.06840360	     -0.60836981	      0.11597263	      0.63627648	     -0.63603674	      0.11029564	      0.32621197	     -0.72285141	     -0.25374974	      0.61787834	     -0.80003365	     -0.24692770	      0.30805580
      1.05000000	     -0.63732965	      0.02928151	      0.91170384	     -0.64938182	     -0.16500463	      0.92428547	     -0.78231435	     -0.01929377	      0.95288519	     -0.79260718	     -0.10244700	      0.95092834	     -0.54230509	      0.04774833	      0.48686424	     -0.67181581	      0.03737819	      0.11578805	     -0.73289836	     -0.00421269	      0.10695040	     -0.61636170	      0.00918834	      0.10557250	     -0.71757458	     -0.18042441	      0.44981535	     -0.85633813	     -0.16999731	      0.08526104	     -0.91035058	     -0.13327446	      0.07491559	     -0.79721686	     -0.15176981	      0.06994125	     -0.59751184	      0.11683728	      0.63803799	     -0.61497832	      0.11093464	      0.32252560	     -0.71792132	     -0.25334091	      0.61951845	     -0.79906596	     -0.24695128	      0.31025624
      1.06000000	     -0.62602725	      0.02954406	      0.91310751	     -0.63919091	     -0.16470069	      0.92520482	     -0.77126175	     -0.01829914	      0.95426563	     -0.78203517	     -0.10138643	      0.95210507	     -0.53229240	      0.04883608	      0.48779814	     -0.63747958	      0.03789159	      0.10897450	     -0.69800297	     -0.00310269	      0.09668183	     -0.58149087	      0.00948366	      0.10204767	     -0.71585860	     -0.18041800	      0.45110694	     -0.85554564	     -0.17033920	      0.08730973	     -0.90949476	     -0.13362663	      0.07777313	     -0.79649586	     -0.15232319	      0.07086315	     -0.58696666	      0.11779486	      0.63922463	     -0.59398507	      0.11180070	      0.31880095	     -0.71300405	     -0.25297094	      0.62094217	     -0.79798408	     -0.24694927	      0.31234844
      1.07000000	     -0.61472394	      0.02983517	      0.91387553	     -0.62899336	     -0.16434113	      0.92581703	     -0.76020626	     -0.01720990	      0.95507845	     -0.77145684	     -0.10023224	      0.95285425	     -0.52268630	      0.05002084	      0.48797652	     -0.60308881	      0.03867862	      0.10298556	     -0.66285991	     -0.00149369	      0.08723767	     -0.54674121	      0.00999984	      0.09934649	     -0.71386584	     -0.18035148	      0.45220272	     -0.85476730	     -0.17062369	      0.08924840	     -0.90864596	     -0.13397729	      0.08026814	     -0.79576274	     -0.15279653	      0.07194499	     -0.57661725	      0.11877316	      0.63976301	     -0.57307897	      0.11284796	      0.31506994	     -0.70786551	     -0.25259296	      0.62208870	     -0.79668983	     -0.24690297	      0.31426692
      1.08000000	     -0.60339652	      0.03016267	      0.91401273	     -0.61875090	     -0.16392005	      0.92612863	     -0.74913555	     -0.01603098	      0.95527173	     -0.76085069	     -0.09899102	      0.95312261	     -0.51341220	      0.05121802	      0.48738566	     -0.56890735	      0.03971028	      0.09786812	     -0.62775876	      0.00022453	      0.07860998	     -0.51247191	      0.01072352	      0.09760977	     -0.71164718	     -0.18020344	      0.45307188	     -0.85401303	     -0.17085146	      0.09104347	     -0.90783861	     -0.13424312	      0.08239628	     -0.79504565	     -0.15318474	      0.07317551	     -0.56633446	      0.11971269	      0.63964295	     -0.55228799	      0.11402857	      0.31136767	     -0.70246699	     -0.25219820	      0.62292052	     -0.79518472	     -0.24681402	      0.31597407
      1.09000000	     -0.59198087	      0.03052562	      0.91346385	     -0.60845916	     -0.16343953	      0.92597929	     -0.73793395	     -0.01473021	      0.95500459	     -0.75013912	     -0.09762399	      0.95303304	     -0.50446270	      0.05258677	      0.48610931	     -0.53523731	      0.04079648	      0.09370959	     -0.59308270	      0.00294319	      0.07159920	     -0.47868385	      0.01136100	      0.09618216	     -0.70906432	     -0.18014464	      0.45367054	     -0.85329007	     -0.17099013	      0.09268468	     -0.90701158	     -0.13441349	      0.08477663	     -0.79441843	     -0.15356963	      0.07373646	     -0.55629763	      0.12075698	      0.63888539	     -0.53187670	      0.11531830	      0.30775788	     -0.69707684	     -0.25184404	      0.62346917	     -0.79362928	     -0.24667493	      0.31748961
      1.10000000	     -0.58045511	      0.03091558	      0.91233872	     -0.59806079	     -0.16290292	      0.92557053	     -0.72668298	     -0.01333939	      0.95399122	     -0.73936719	     -0.09616790	      0.95232387	     -0.49549841	      0.05399591	      0.48413481	     -0.50245288	      0.04194488	      0.09043910	     -0.55911418	      0.00560734	      0.06544859	     -0.44595015	      0.01207148	      0.09568754	     -0.70630269	     -0.18001697	      0.45400069	     -0.85262621	     -0.17105563	      0.09415661	     -0.90624809	     -0.13452497	      0.08670470	     -0.79381198	     -0.15386793	      0.07445598	     -0.54616813	      0.12179024	      0.63746803	     -0.51179666	      0.11665722	      0.30424328	     -0.69142034	     -0.25148133	      0.62366932	     -0.79192642	     -0.24648524	      0.31876908
      1.11000000	     -0.56877669	      0.03133509	      0.91075649	     -0.58753277	     -0.16231242	      0.92488118	     -0.71536784	     -0.01187628	      0.95222739	     -0.72852396	     -0.09463773	      0.95092776	     -0.48632729	      0.05547192	      0.48157330	     -0.47092089	      0.04309905	      0.08797379	     -0.52630598	      0.00777820	      0.06028543	     -0.41465309	      0.01290262	      0.09591758	     -0.70336102	     -0.17984762	      0.45403804	     -0.85202656	     -0.17106124	      0.09544452	     -0.90554539	     -0.13449417	      0.08835933	     -0.79327172	     -0.15413160	      0.07512847	     -0.53586831	      0.12285558	      0.63545540	     -0.49217742	      0.11802355	      0.30084921	     -0.68552617	     -0.25110537	      0.62350878	     -0.79012212	     -0.24624774	      0.31980960
      1.12000000	     -0.55702320	      0.03180651	      0.90849391	     -0.57681486	     -0.16165099	      0.92376276	     -0.70387467	     -0.01038013	      0.95009872	     -0.71746731	     -0.09307721	      0.94928386	     -0.47682913	      0.05688182	      0.47864249	     -0.44101339	      0.04409754	      0.08624520	     -0.49519406	      0.01079826	      0.05661756	     -0.38474004	      0.01341404	      0.09605541	     -0.70020058	     -0.17962675	      0.45385980	     -0.85146655	     -0.17100182	      0.09662147	     -0.90490899	     -0.13449895	      0.09003589	     -0.79281739	     -0.15427044	      0.07552304	     -0.52547396	      0.12387527	      0.63298019	     -0.47315433	      0.11926813	      0.29766376	     -0.67943744	     -0.25071692	      0.62306725	     -0.78815672	     -0.24596733	      0.32066811
      1.13000000	     -0.54510850	      0.03233515	      0.90600257	     -0.56591554	     -0.16092697	      0.92235713	     -0.69229563	     -0.00886989	      0.94740446	     -0.70629985	     -0.09150147	      0.94703807	     -0.46666742	      0.05828020	      0.47548330	     -0.41307342	      0.04496286	      0.08501126	     -0.46599761	      0.01313289	      0.05362713	     -0.35683759	      0.01399668	      0.09658784	     -0.69685698	     -0.17935204	      0.45343619	     -0.85096021	     -0.17089671	      0.09767268	     -0.90431533	     -0.13440143	      0.09145798	     -0.79239827	     -0.15440210	      0.07594654	     -0.51475957	      0.12493347	      0.63014117	     -0.45480830	      0.12041337	      0.29464639	     -0.67311173	     -0.25027554	      0.62232106	     -0.78609842	     -0.24563020	      0.32135261
      1.14000000	     -0.53313105	      0.03292717	      0.90330671	     -0.55483976	     -0.16014788	      0.92066791	     -0.68064844	     -0.00740604	      0.94439050	     -0.69501085	     -0.08997692	      0.94443565	     -0.45581043	      0.05945201	      0.47226964	     -0.38735857	      0.04572321	      0.08403787	     -0.43917875	      0.01455589	      0.05100714	     -0.33141615	      0.01457335	      0.09736985	     -0.69328232	     -0.17896782	      0.45284682	     -0.85047613	     -0.17076252	      0.09868430	     -0.90379526	     -0.13430086	      0.09282107	     -0.79203208	     -0.15443085	      0.07639439	     -0.50344595	      0.12585372	      0.62717683	     -0.43699634	      0.12140565	      0.29185925	     -0.66643350	     -0.24976352	      0.62131994	     -0.78379691	     -0.24525811	      0.32190873
      1.15000000	     -0.52099825	      0.03359621	      0.90050786	     -0.54354710	     -0.15932905	      0.91845354	     -0.66872987	     -0.00597949	      0.94155851	     -0.68344363	     -0.08848799	      0.94184815	     -0.44425760	      0.06062400	      0.46931652	     -0.36411474	      0.04615837	      0.08327876	     -0.41512923	      0.01667182	      0.04981115	     -0.30775753	      0.01481228	      0.09703548	     -0.68931985	     -0.17855428	      0.45206174	     -0.84999932	     -0.17061381	      0.09966297	     -0.90324045	     -0.13414012	      0.09421534	     -0.79169066	     -0.15452882	      0.07669381	     -0.49217726	      0.12692866	      0.62417764	     -0.42031978	      0.12217273	      0.28929885	     -0.65963166	     -0.24913814	      0.62014687	     -0.78134558	     -0.24481788	      0.32238538
      1.16000000	     -0.50885678	      0.03434403	      0.89784332	     -0.53210193	     -0.15847349	      0.91605656	     -0.65679463	     -0.00465670	      0.93870113	     -0.67179340	     -0.08711342	      0.93909645	     -0.43202525	      0.06149529	      0.46659809	     -0.34343213	      0.04650839	      0.08237704	     -0.39382341	      0.01736296	      0.04809245	     -0.28725418	      0.01505559	      0.09708177	     -0.68495865	     -0.17802750	      0.45118945	     -0.84947701	     -0.17046009	      0.10072982	     -0.90269754	     -0.13398867	      0.09571947	     -0.79135361	     -0.15454005	      0.07711218	     -0.48000541	      0.12780965	      0.62143633	     -0.40411102	      0.12280660	      0.28701849	     -0.65237666	     -0.24841487	      0.61882033	     -0.77851215	     -0.24435494	      0.32282979
      1.17000000	     -0.49671082	      0.03522129	      0.89526238	     -0.52035453	     -0.15757110	      0.91322681	     -0.64466128	     -0.00351031	      0.93633001	     -0.65984388	     -0.08593379	      0.93662813	     -0.41914759	      0.06226150	      0.46440340	     -0.32540153	      0.04659152	      0.08140720	     -0.37580207	      0.01831609	      0.04751451	     -0.26890163	      0.01490078	      0.09571107	     -0.68009652	     -0.17746381	      0.45021893	     -0.84886717	     -0.17030617	      0.10189223	     -0.90204642	     -0.13378160	      0.09733771	     -0.79094869	     -0.15460507	      0.07759595	     -0.46762248	      0.12873934	      0.61901728	     -0.38889115	      0.12323952	      0.28506284	     -0.64487156	     -0.24758352	      0.61742691	     -0.77537416	     -0.24384649	      0.32328657
      1.18000000	     -0.48454946	      0.03617607	      0.89300825	     -0.50844160	     -0.15664884	      0.91028163	     -0.63247393	     -0.00249533	      0.93422591	     -0.64777759	     -0.08489696	      0.93423892	     -0.40571227	      0.06281285	      0.46265945	     -0.31001515	      0.04654642	      0.08016623	     -0.36053796	      0.01857260	      0.04636652	     -0.25358819	      0.01458632	      0.09440958	     -0.67464181	     -0.17676254	      0.44920781	     -0.84810489	     -0.17016683	      0.10324677	     -0.90133212	     -0.13367392	      0.09929394	     -0.79049261	     -0.15452620	      0.07817890	     -0.45446573	      0.12955203	      0.61707302	     -0.37428952	      0.12356143	      0.28343689	     -0.63673941	     -0.24663072	      0.61593491	     -0.77163336	     -0.24333862	      0.32375266
      1.19000000	     -0.47243766	      0.03723256	      0.89085453	     -0.49626868	     -0.15568445	      0.90715679	     -0.62013374	     -0.00165100	      0.93268705	     -0.63545294	     -0.08404890	      0.93231415	     -0.39180671	      0.06318765	      0.46147189	     -0.29717256	      0.04636077	      0.07875753	     -0.34841012	      0.01860141	      0.04582800	     -0.24071300	      0.01401754	      0.09211620	     -0.66841468	     -0.17607397	      0.44818977	     -0.84710810	     -0.17001808	      0.10486705	     -0.90036936	     -0.13346208	      0.10160909	     -0.78986115	     -0.15446965	      0.07896671	     -0.44094903	      0.13028700	      0.61560586	     -0.36050808	      0.12374607	      0.28218220	     -0.62818690	     -0.24564298	      0.61449659	     -0.76734210	     -0.24282616	      0.32432371
      1.20000000	     -0.46028435	      0.03839658	      0.88908974	     -0.48385326	     -0.15466594	      0.90399008	     -0.60768536	     -0.00095150	      0.93152431	     -0.62293807	     -0.08335723	      0.93058490	     -0.37744873	      0.06340056	      0.46080837	     -0.28678298	      0.04606102	      0.07719744	     -0.33879747	      0.01842761	      0.04511397	     -0.23040294	      0.01332434	      0.08968820	     -0.66126412	     -0.17537301	      0.44711053	     -0.84581778	     -0.16986465	      0.10677567	     -0.89909932	     -0.13317958	      0.10439046	     -0.78903412	     -0.15441901	      0.07988337	     -0.42698134	      0.13096994	      0.61461172	     -0.34751827	      0.12381058	      0.28127511	     -0.61902113	     -0.24458490	      0.61306632	     -0.76237048	     -0.24230068	      0.32498298
      1.21000000	     -0.44816881	      0.03965783	      0.88758643	     -0.47116974	     -0.15358486	      0.90096082	     -0.59517645	     -0.00042205	      0.93069535	     -0.61023731	     -0.08285375	      0.92914105	     -0.36283291	      0.06331803	      0.46055714	     -0.27858073	      0.04576075	      0.07555279	     -0.33200892	      0.01777322	      0.04497966	     -0.22244607	      0.01250656	      0.08657923	     -0.65324317	     -0.17455125	      0.44607978	     -0.84410944	     -0.16971071	      0.10904873	     -0.89751094	     -0.13292599	      0.10777003	     -0.78795200	     -0.15415195	      0.08108000	     -0.41249546	      0.13142395	      0.61408168	     -0.33512131	      0.12376392	      0.28073596	     -0.60896087	     -0.24347878	      0.61162178	     -0.75645770	     -0.24181765	      0.32571118
      1.22000000	     -0.43594423	      0.04102078	      0.88649015	     -0.45820204	     -0.15242571	      0.89805294	     -0.58253308	     -0.00000144	      0.93013544	     -0.59732375	     -0.08246483	      0.92784265	     -0.34793396	      0.06313823	      0.46071537	     -0.27244374	      0.04537009	      0.07398040	     -0.32691551	      0.01745217	      0.04469972	     -0.21642085	      0.01171228	      0.08369025	     -0.64396458	     -0.17384622	      0.44495497	     -0.84192557	     -0.16951078	      0.11171493	     -0.89532934	     -0.13251372	      0.11165707	     -0.78645227	     -0.15400400	      0.08250209	     -0.39802029	      0.13189776	      0.61381030	     -0.32373733	      0.12358078	      0.28045927	     -0.59826870	     -0.24237786	      0.61027702	     -0.74976537	     -0.24130242	      0.32660400
      1.23000000	     -0.42377796	      0.04248099	      0.88551935	     -0.44495287	     -0.15117510	      0.89549898	     -0.56983470	      0.00030338	      0.92984206	     -0.58421559	     -0.08221232	      0.92691283	     -0.33311933	      0.06253417	      0.46106907	     -0.26797568	      0.04510613	      0.07252271	     -0.32394223	      0.01649416	      0.04476712	     -0.21244803	      0.01098112	      0.08083550	     -0.63362639	     -0.17298957	      0.44392147	     -0.83909231	     -0.16930825	      0.11484667	     -0.89257091	     -0.13196460	      0.11656395	     -0.78464708	     -0.15357089	      0.08413442	     -0.38314946	      0.13198755	      0.61386889	     -0.31279738	      0.12327889	      0.28051670	     -0.58646954	     -0.24126737	      0.60893800	     -0.74184908	     -0.24085142	      0.32756759
      1.24000000	     -0.41146397	      0.04400575	      0.88503009	     -0.43143269	     -0.14985889	      0.89330072	     -0.55706889	      0.00053773	      0.92959198	     -0.57096724	     -0.08203262	      0.92595818	     -0.31842533	      0.06196881	      0.46154752	     -0.26497981	      0.04482478	      0.07129521	     -0.32211666	      0.01571971	      0.04502945	     -0.20972641	      0.01044644	      0.07823943	     -0.62184780	     -0.17224816	      0.44278207	     -0.83557049	     -0.16904195	      0.11845782	     -0.88898312	     -0.13122690	      0.12200711	     -0.78221732	     -0.15322520	      0.08618532	     -0.36864739	      0.13217856	      0.61393815	     -0.30294299	      0.12292853	      0.28067542	     -0.57384214	     -0.24019730	      0.60768948	     -0.73293484	     -0.24037333	      0.32870199
      1.25000000	     -0.39915886	      0.04560753	      0.88470313	     -0.41763336	     -0.14846153	      0.89152539	     -0.54421821	      0.00069174	      0.92960725	     -0.55751428	     -0.08194963	      0.92538243	     -0.30426694	      0.06120704	      0.46202748	     -0.26312560	      0.04460109	      0.07035090	     -0.32131055	      0.01547842	      0.04551529	     -0.20813878	      0.00985372	      0.07589276	     -0.60866411	     -0.17145855	      0.44164969	     -0.83119945	     -0.16871009	      0.12262029	     -0.88450812	     -0.13052071	      0.12826370	     -0.77913444	     -0.15268041	      0.08862285	     -0.35440280	      0.13218992	      0.61408799	     -0.29384233	      0.12249944	      0.28099229	     -0.56016955	     -0.23915743	      0.60651696	     -0.72272214	     -0.23989731	      0.32996038
      1.26000000	     -0.38674323	      0.04723645	      0.88481960	     -0.40367671	     -0.14701922	      0.89017181	     -0.53132465	      0.00083234	      0.92975174	     -0.54398346	     -0.08187555	      0.92491543	     -0.29084816	      0.06060323	      0.46240195	     -0.26211934	      0.04440762	      0.06968446	     -0.32118727	      0.01542140	      0.04639132	     -0.20726438	      0.00938957	      0.07373125	     -0.59382364	     -0.17079262	      0.44037210	     -0.82592090	     -0.16829080	      0.12735746	     -0.87898834	     -0.12974935	      0.13504424	     -0.77517106	     -0.15217482	      0.09162617	     -0.34076849	      0.13234345	      0.61417767	     -0.28573072	      0.12213746	      0.28130213	     -0.54560332	     -0.23817213	      0.60545051	     -0.71129285	     -0.23939395	      0.33139081
      1.27000000	     -0.37445341	      0.04888584	      0.88495886	     -0.38951911	     -0.14554586	      0.88942975	     -0.51844002	      0.00089056	      0.93012892	     -0.53032639	     -0.08191021	      0.92493490	     -0.27820760	      0.05990299	      0.46263219	     -0.26173901	      0.04435603	      0.06925961	     -0.32146397	      0.01506122	      0.04679012	     -0.20716360	      0.00922397	      0.07255114	     -0.57773776	     -0.16986293	      0.43923271	     -0.81952687	     -0.16786143	      0.13266612	     -0.87220094	     -0.12867717	      0.14331571	     -0.77072333	     -0.15133965	      0.09478977	     -0.32764606	      0.13232424	      0.61424212	     -0.27830933	      0.12178613	      0.28165423	     -0.52983467	     -0.23718201	      0.60442810	     -0.69832984	     -0.23889439	      0.33289214
      1.28000000	     -0.36211457	      0.05052788	      0.88555169	     -0.37532085	     -0.14405874	      0.88905818	     -0.50555467	      0.00093417	      0.93073384	     -0.51666196	     -0.08194862	      0.92513900	     -0.26666631	      0.05950938	      0.46268691	     -0.26174420	      0.04433841	      0.06904970	     -0.32202024	      0.01484156	      0.04753090	     -0.20732015	      0.00915753	      0.07148627	     -0.55997776	     -0.16902031	      0.43793565	     -0.81203210	     -0.16733762	      0.13857100	     -0.86411995	     -0.12744919	      0.15200912	     -0.76517436	     -0.15057633	      0.09870841	     -0.31535380	      0.13253975	      0.61424767	     -0.27182714	      0.12159352	      0.28191456	     -0.51325333	     -0.23621457	      0.60351899	     -0.68408392	     -0.23833326	      0.33456523
      1.29000000	     -0.34995325	      0.05217277	      0.88621389	     -0.36106767	     -0.14255468	      0.88910219	     -0.49270018	      0.00089569	      0.93171116	     -0.50294031	     -0.08208184	      0.92587161	     -0.25625921	      0.05919584	      0.46258729	     -0.26198146	      0.04439090	      0.06899928	     -0.32267385	      0.01497977	      0.04828881	     -0.20766365	      0.00911729	      0.07066208	     -0.54078892	     -0.16810277	      0.43668136	     -0.80329521	     -0.16671109	      0.14508913	     -0.85471400	     -0.12639883	      0.16125719	     -0.75845085	     -0.14962921	      0.10329328	     -0.30387657	      0.13273843	      0.61424033	     -0.26608316	      0.12147228	      0.28212624	     -0.49584657	     -0.23527925	      0.60276443	     -0.66845779	     -0.23770474	      0.33640988
      1.30000000	     -0.33778475	      0.05375155	      0.88727318	     -0.34694362	     -0.14108667	      0.88947239	     -0.47990217	      0.00088208	      0.93291835	     -0.48932565	     -0.08217196	      0.92679822	     -0.24696468	      0.05926079	      0.46234066	     -0.26234063	      0.04447781	      0.06904991	     -0.32323765	      0.01503586	      0.04882041	     -0.20804907	      0.00925169	      0.07027762	     -0.52024755	     -0.16712351	      0.43538791	     -0.79328299	     -0.16601815	      0.15211911	     -0.84377242	     -0.12512694	      0.17117800	     -0.75067993	     -0.14865966	      0.10836034	     -0.29326154	      0.13320993	      0.61420473	     -0.26116420	      0.12155304	      0.28221532	     -0.47773524	     -0.23429392	      0.60211199	     -0.65155470	     -0.23699229	      0.33840013
      1.31000000	     -0.32586673	      0.05530468	      0.88833170	     -0.33286443	     -0.13962711	      0.89014306	     -0.46720187	      0.00077041	      0.93444479	     -0.47573288	     -0.08236942	      0.92818208	     -0.23872165	      0.05949951	      0.46199485	     -0.26272486	      0.04462002	      0.06916856	     -0.32376447	      0.01521094	      0.04944433	     -0.20839738	      0.00946538	      0.06993095	     -0.49859630	     -0.16614035	      0.43425293	     -0.78192014	     -0.16519554	      0.15963574	     -0.83144143	     -0.12394184	      0.18129475	     -0.74146263	     -0.14757211	      0.11412714	     -0.28351819	      0.13373396	      0.61416938	     -0.25690820	      0.12174423	      0.28224012	     -0.45912754	     -0.23337945	      0.60169606	     -0.63350192	     -0.23620912	      0.34061630
      1.32000000	     -0.31399225	      0.05677567	      0.88967814	     -0.31900346	     -0.13822101	      0.89103322	     -0.45458090	      0.00069559	      0.93621717	     -0.46229247	     -0.08251109	      0.92978198	     -0.23154857	      0.05999420	      0.46156512	     -0.26308509	      0.04478539	      0.06930017	     -0.32413959	      0.01541839	      0.04983481	     -0.20868309	      0.00974297	      0.06983142	     -0.47601306	     -0.16506103	      0.43325442	     -0.76920981	     -0.16428841	      0.16747002	     -0.81764850	     -0.12269475	      0.19162503	     -0.73092871	     -0.14641946	      0.12033072	     -0.27451945	      0.13442702	      0.61416862	     -0.25328342	      0.12207786	      0.28216461	     -0.44009914	     -0.23239805	      0.60145667	     -0.61438636	     -0.23532152	      0.34299453
      1.33000000	     -0.30228556	      0.05819817	      0.89115035	     -0.30529040	     -0.13684195	      0.89213778	     -0.44209392	      0.00058702	      0.93816740	     -0.44897861	     -0.08268173	      0.93159881	     -0.22527133	      0.06065689	      0.46109139	     -0.26339197	      0.04497798	      0.06943582	     -0.32439278	      0.01567180	      0.05013994	     -0.20887764	      0.01007294	      0.06981692	     -0.45276878	     -0.16396415	      0.43252711	     -0.75515129	     -0.16326656	      0.17546947	     -0.80250019	     -0.12139776	      0.20183828	     -0.71890967	     -0.14519466	      0.12692237	     -0.26619992	      0.13520056	      0.61420136	     -0.25017503	      0.12250877	      0.28202876	     -0.42083127	     -0.23143394	      0.60147652	     -0.59440190	     -0.23435603	      0.34555997
      1.34000000	     -0.29070123	      0.05955076	      0.89271758	     -0.29177078	     -0.13551072	      0.89344168	     -0.42972294	      0.00049303	      0.94026937	     -0.43581200	     -0.08283073	      0.93361315	     -0.21979780	      0.06147887	      0.46059975	     -0.26363524	      0.04518197	      0.06956482	     -0.32455321	      0.01590121	      0.05046104	     -0.20897153	      0.01045116	      0.06978592	     -0.42905595	     -0.16293592	      0.43215447	     -0.73975822	     -0.16211297	      0.18344889	     -0.78609364	     -0.12005627	      0.21164971	     -0.70529963	     -0.14390827	      0.13374290	     -0.25850171	      0.13605369	      0.61427204	     -0.24753900	      0.12302353	      0.28184546	     -0.40149075	     -0.23053406	      0.60182101	     -0.57370843	     -0.23334456	      0.34830758
      1.35000000	     -0.27927988	      0.06085500	      0.89431725	     -0.27838767	     -0.13420782	      0.89491117	     -0.41747951	      0.00037338	      0.94247180	     -0.42276255	     -0.08300301	      0.93578615	     -0.21497577	      0.06239633	      0.46012830	     -0.26380813	      0.04539407	      0.06970551	     -0.32463118	      0.01608606	      0.05082827	     -0.20897081	      0.01087080	      0.06974276	     -0.40508286	     -0.16203300	      0.43219131	     -0.72309230	     -0.16082252	      0.19118803	     -0.76851896	     -0.11861824	      0.22085789	     -0.69012897	     -0.14255708	      0.14055843	     -0.25132693	      0.13693499	      0.61439156	     -0.24527553	      0.12358707	      0.28165801	     -0.38218416	     -0.22974202	      0.60250636	     -0.55246516	     -0.23231901	      0.35118643
      1.36000000	     -0.26791146	      0.06210225	      0.89606526	     -0.26521948	     -0.13294430	      0.89656532	     -0.40535548	      0.00032896	      0.94473995	     -0.40989653	     -0.08308973	      0.93803672	     -0.21082514	      0.06327246	      0.45967843	     -0.26389956	      0.04561323	      0.06981979	     -0.32467779	      0.01634416	      0.05119988	     -0.20893847	      0.01121779	      0.06965000	     -0.38100139	     -0.16115594	      0.43265340	     -0.70521812	     -0.15943479	      0.19845512	     -0.74987512	     -0.11711616	      0.22928094	     -0.67347225	     -0.14114460	      0.14711466	     -0.24445155	      0.13776078	      0.61458268	     -0.24324593	      0.12414125	      0.28145212	     -0.36293665	     -0.22896416	      0.60350946	     -0.53074488	     -0.23125367	      0.35410213
      1.37000000	     -0.25657735	      0.06324245	      0.89770715	     -0.25229782	     -0.13177542	      0.89831356	     -0.39329010	      0.00038588	      0.94704980	     -0.39718365	     -0.08307126	      0.94041826	     -0.20697961	      0.06437406	      0.45930358	     -0.26396939	      0.04578400	      0.07002011	     -0.32451093	      0.01642014	      0.05137431	     -0.20876524	      0.01169600	      0.06989171	     -0.35689587	     -0.16048345	      0.43354921	     -0.68619324	     -0.15792708	      0.20505590	     -0.73033568	     -0.11546880	      0.23657328	     -0.65519527	     -0.13970831	      0.15331209	     -0.23807650	      0.13873761	      0.61479511	     -0.24159489	      0.12476788	      0.28130758	     -0.34390688	     -0.22833997	      0.60484678	     -0.50867826	     -0.23022916	      0.35699569
      1.38000000	     -0.24538387	      0.06437316	      0.89945218	     -0.23948087	     -0.13060152	      0.90027840	     -0.38140560	      0.00044309	      0.94932262	     -0.38462690	     -0.08305160	      0.94280414	     -0.20364502	      0.06520202	      0.45897215	     -0.26395523	      0.04597382	      0.07019172	     -0.32446203	      0.01665557	      0.05180245	     -0.20864043	      0.01199206	      0.06985480	     -0.33294192	     -0.15994164	      0.43491800	     -0.66608907	     -0.15633744	      0.21076106	     -0.70978848	     -0.11371340	      0.24279127	     -0.63563311	     -0.13821307	      0.15872696	     -0.23172962	      0.13946695	      0.61508283	     -0.23994035	      0.12528332	      0.28117692	     -0.32504975	     -0.22780987	      0.60652131	     -0.48636621	     -0.22923022	      0.35979527
      1.39000000	     -0.23414590	      0.06538903	      0.90109982	     -0.22696100	     -0.12954088	      0.90226618	     -0.36956330	      0.00066274	      0.95158408	     -0.37226045	     -0.08286337	      0.94523226	     -0.20049790	      0.06618806	      0.45873003	     -0.26392547	      0.04610731	      0.07045919	     -0.32426029	      0.01672298	      0.05212658	     -0.20841299	      0.01236926	      0.07009116	     -0.30910715	     -0.15958093	      0.43666713	     -0.64497045	     -0.15467051	      0.21544663	     -0.68874312	     -0.11188790	      0.24728951	     -0.61430169	     -0.13675360	      0.16358628	     -0.22571336	      0.14031742	      0.61539396	     -0.23854753	      0.12583666	      0.28112637	     -0.30646876	     -0.22739487	      0.60845301	     -0.46382950	     -0.22828399	      0.36239515
      1.40000000	     -0.22304333	      0.06636634	      0.90268803	     -0.21457340	     -0.12850807	      0.90438425	     -0.35787271	      0.00089681	      0.95378404	     -0.36004065	     -0.08266301	      0.94767761	     -0.19760315	      0.06696861	      0.45856029	     -0.26384298	      0.04624556	      0.07075985	     -0.32413563	      0.01684768	      0.05267396	     -0.20821483	      0.01263836	      0.07019333	     -0.28554706	     -0.15938100	      0.43884133	     -0.62288534	     -0.15296665	      0.21892789	     -0.66677017	     -0.10997754	      0.25046705	     -0.59184260	     -0.13526152	      0.16732476	     -0.21971627	      0.14097259	      0.61575122	     -0.23712677	      0.12629810	      0.28113880	     -0.28814843	     -0.22710881	      0.61066175	     -0.44116210	     -0.22740405	      0.36473803
      1.41000000	     -0.21202668	      0.06727971	      0.90413647	     -0.20235483	     -0.12753066	      0.90659214	     -0.34628709	      0.00119304	      0.95593142	     -0.34796141	     -0.08240258	      0.95016945	     -0.19487087	      0.06759147	      0.45845708	     -0.26372822	      0.04638494	      0.07110381	     -0.32403931	      0.01702342	      0.05330781	     -0.20803905	      0.01283292	      0.07029775	     -0.26230330	     -0.15927125	      0.44141101	     -0.59987781	     -0.15126268	      0.22111374	     -0.64398758	     -0.10803490	      0.25216639	     -0.56823440	     -0.13376527	      0.16991395	     -0.21373683	      0.14147035	      0.61612939	     -0.23568267	      0.12668719	      0.28121441	     -0.27009967	     -0.22691529	      0.61310719	     -0.41837799	     -0.22657394	      0.36675331
      1.42000000	     -0.20102457	      0.06812144	      0.90557150	     -0.19036975	     -0.12662811	      0.90869281	     -0.33482821	      0.00154738	      0.95792135	     -0.33609684	     -0.08207549	      0.95245904	     -0.19220647	      0.06830402	      0.45844527	     -0.26358357	      0.04648854	      0.07154651	     -0.32388551	      0.01704023	      0.05405643	     -0.20779894	      0.01306992	      0.07050104	     -0.23931953	     -0.15941276	      0.44417682	     -0.57601108	     -0.14956636	      0.22196510	     -0.62063854	     -0.10601418	      0.25203094	     -0.54325285	     -0.13238258	      0.17151868	     -0.20791002	      0.14205523	      0.61652350	     -0.23434965	      0.12709642	      0.28137791	     -0.25237014	     -0.22684559	      0.61563695	     -0.39552770	     -0.22586418	      0.36835243
      1.43000000	     -0.19013041	      0.06889293	      0.90683089	     -0.17854727	     -0.12578787	      0.91081450	     -0.32348701	      0.00192890	      0.95982013	     -0.32437390	     -0.08172315	      0.95474284	     -0.18961173	      0.06887507	      0.45849003	     -0.26340262	      0.04661088	      0.07203358	     -0.32374173	      0.01714792	      0.05488239	     -0.20756666	      0.01325468	      0.07070879	     -0.21674453	     -0.15958628	      0.44724059	     -0.55128968	     -0.14793001	      0.22143143	     -0.59648161	     -0.10405608	      0.25038864	     -0.51729223	     -0.13102729	      0.17185421	     -0.20207027	      0.14249346	      0.61691884	     -0.23295351	      0.12744887	      0.28160347	     -0.23493191	     -0.22683730	      0.61830374	     -0.37261618	     -0.22520149	      0.36951842
      1.44000000	     -0.17932951	      0.06958865	      0.90792224	     -0.16690292	     -0.12501820	      0.91286278	     -0.31226054	      0.00232636	      0.96159857	     -0.31280252	     -0.08135344	      0.95694789	     -0.18701973	      0.06940311	      0.45859130	     -0.26318719	      0.04675195	      0.07258284	     -0.32357095	      0.01728197	      0.05579334	     -0.20730437	      0.01345223	      0.07094895	     -0.19458841	     -0.15980467	      0.45050533	     -0.52573870	     -0.14637409	      0.21953380	     -0.57158263	     -0.10216799	      0.24717305	     -0.49031545	     -0.12974693	      0.17100805	     -0.19627383	      0.14287633	      0.61730683	     -0.23153881	      0.12778710	      0.28189875	     -0.21780451	     -0.22688225	      0.62102715	     -0.34966320	     -0.22459702	      0.37021043
      1.45000000	     -0.16858821	      0.07021849	      0.90892582	     -0.15545363	     -0.12431740	      0.91475025	     -0.30115861	      0.00273437	      0.96321216	     -0.30141106	     -0.08096773	      0.95895473	     -0.18443259	      0.06993263	      0.45874986	     -0.26293022	      0.04691894	      0.07319412	     -0.32336169	      0.01746020	      0.05678222	     -0.20700396	      0.01366702	      0.07123103	     -0.17284703	     -0.16006178	      0.45385361	     -0.49937716	     -0.14492773	      0.21632454	     -0.54594696	     -0.10037274	      0.24241208	     -0.46235198	     -0.12858682	      0.16905061	     -0.19049968	      0.14326048	      0.61768628	     -0.23010240	      0.12813873	      0.28225667	     -0.20098253	     -0.22694471	      0.62370987	     -0.32667218	     -0.22405475	      0.37039193
      1.46000000	     -0.15796586	      0.07078235	      0.90977070	     -0.14413871	     -0.12367516	      0.91653365	     -0.29019812	      0.00310515	      0.96463826	     -0.29016506	     -0.08061740	      0.96079579	     -0.18177704	      0.07043876	      0.45892989	     -0.26263159	      0.04713203	      0.07384463	     -0.32310764	      0.01770672	      0.05782915	     -0.20665742	      0.01392827	      0.07151669	     -0.15159792	     -0.16028253	      0.45727446	     -0.47220420	     -0.14361086	      0.21186870	     -0.51954488	     -0.09872428	      0.23621741	     -0.43346379	     -0.12753362	      0.16603102	     -0.18473868	      0.14360296	      0.61802985	     -0.22861812	      0.12849755	      0.28266083	     -0.18445013	     -0.22701559	      0.62634104	     -0.30365638	     -0.22355053	      0.37006522
      1.47000000	     -0.14743117	      0.07127988	      0.91046966	     -0.13299910	     -0.12310152	      0.91810102	     -0.27934764	      0.00345585	      0.96591304	     -0.27906752	     -0.08028306	      0.96245638	     -0.17904682	      0.07096359	      0.45914678	     -0.26228198	      0.04739678	      0.07455183	     -0.32279042	      0.01802165	      0.05894510	     -0.20624844	      0.01425123	      0.07183032	     -0.13084340	     -0.16044428	      0.46069083	     -0.44420745	     -0.14244031	      0.20626773	     -0.49232344	     -0.09724275	      0.22872148	     -0.40369109	     -0.12660592	      0.16202688	     -0.17900632	      0.14395546	      0.61835341	     -0.22709125	      0.12888701	      0.28312417	     -0.16823271	     -0.22705880	      0.62885928	     -0.28060494	     -0.22307692	      0.36923034
      1.48000000	     -0.13702757	      0.07173142	      0.91101415	     -0.12195854	     -0.12256736	      0.91947363	     -0.26861845	      0.00373184	      0.96701345	     -0.26807697	     -0.08002018	      0.96392523	     -0.17621722	      0.07146478	      0.45937396	     -0.26188404	      0.04773096	      0.07529219	     -0.32242650	      0.01840993	      0.06006385	     -0.20580380	      0.01463432	      0.07219519	     -0.11062589	     -0.16052822	      0.46405494	     -0.41537585	     -0.14142851	      0.19963605	     -0.46415713	     -0.09599610	      0.22025196	     -0.37319465	     -0.12578215	      0.15696943	     -0.17324407	      0.14427197	      0.61863740	     -0.22547021	      0.12929795	      0.28362445	     -0.15231023	     -0.22707532	      0.63123742	     -0.25752604	     -0.22263111	      0.36790497
      1.49000000	     -0.12670297	      0.07213089	      0.91141431	     -0.11105880	     -0.12208912	      0.92060673	     -0.25798248	      0.00397600	      0.96795300	     -0.25720693	     -0.07978564	      0.96519310	     -0.17325732	      0.07199344	      0.45961142	     -0.26143064	      0.04812649	      0.07607620	     -0.32200085	      0.01886454	      0.06126443	     -0.20529336	      0.01509292	      0.07255222	     -0.09096256	     -0.16047548	      0.46731193	     -0.38569415	     -0.14059793	      0.19210814	     -0.43522013	     -0.09495235	      0.21057133	     -0.34170200	     -0.12512495	      0.15132579	     -0.16747667	      0.14460933	      0.61888504	     -0.22377799	      0.12974805	      0.28416672	     -0.13668745	     -0.22701796	      0.63343663	     -0.23440048	     -0.22219347	      0.36611174
      1.50000000	     -0.11645241	      0.07248192	      0.91170270	     -0.10028622	     -0.12166750	      0.92146548	     -0.24744437	      0.00416278	      0.96870819	     -0.24645672	     -0.07960472	      0.96620597	     -0.17017297	      0.07254713	      0.45984698	     -0.26092483	      0.04856853	      0.07689316	     -0.32151426	      0.01939760	      0.06253744	     -0.20472048	      0.01560330	      0.07288612	     -0.07183697	     -0.16027994	      0.47038659	     -0.35514275	     -0.13994370	      0.18383731	     -0.40542904	     -0.09410528	      0.19988336	     -0.30927167	     -0.12462449	      0.14521710	     -0.16169360	      0.14497229	      0.61908664	     -0.22201404	      0.13022980	      0.28473650	     -0.12134324	     -0.22687625	      0.63540217	     -0.21120436	     -0.22175860	      0.36387319
      1.51000000	     -0.10613818	      0.07275090	      0.91191288	     -0.08970150	     -0.12135114	      0.92215428	     -0.23698984	      0.00439993	      0.96920173	     -0.23589111	     -0.07937224	      0.96691109	     -0.16692860	      0.07318263	      0.46004432	     -0.26037794	      0.04905408	      0.07772346	     -0.32095699	      0.01979822	      0.06379153	     -0.20408175	      0.01625298	      0.07327243	     -0.05328249	     -0.15984083	      0.47325242	     -0.32369439	     -0.13949166	      0.17496546	     -0.37465318	     -0.09359363	      0.18862465	     -0.27608233	     -0.12423636	      0.13851605	     -0.15589383	      0.14541594	      0.61921452	     -0.22022993	      0.13076235	      0.28531287	     -0.10624047	     -0.22659345	      0.63712927	     -0.18790363	     -0.22129243	      0.36122969
      1.52000000	     -0.09614863	      0.07308012	      0.91190891	     -0.07898906	     -0.12094128	      0.92248705	     -0.22660544	      0.00437336	      0.96967071	     -0.22521203	     -0.07939867	      0.96754100	     -0.16352249	      0.07366746	      0.46024940	     -0.25978496	      0.04957270	      0.07860242	     -0.32040268	      0.02051213	      0.06517357	     -0.20345202	      0.01678576	      0.07359592	     -0.03533627	     -0.15947058	      0.47590207	     -0.29132238	     -0.13918799	      0.16568904	     -0.34289910	     -0.09317382	      0.17662433	     -0.24189772	     -0.12403605	      0.13176563	     -0.14996253	      0.14571482	      0.61930875	     -0.21819786	      0.13124912	      0.28592088	     -0.09149946	     -0.22636505	      0.63865005	     -0.16461242	     -0.22091914	      0.35827528
      1.53000000	     -0.08597584	      0.07331346	      0.91185673	     -0.06851090	     -0.12066898	      0.92264757	     -0.21624882	      0.00448222	      0.96988459	     -0.21473290	     -0.07929018	      0.96785514	     -0.15998224	      0.07424928	      0.46040874	     -0.25916151	      0.05008233	      0.07949233	     -0.31978573	      0.02099300	      0.06653168	     -0.20276458	      0.01742412	      0.07398761	     -0.01799098	     -0.15875446	      0.47826692	     -0.25802128	     -0.13908877	      0.15614238	     -0.31015340	     -0.09312150	      0.16431111	     -0.20691593	     -0.12392675	      0.12482541	     -0.14400948	      0.14612735	      0.61932062	     -0.21617834	      0.13176851	      0.28652199	     -0.07698065	     -0.22592267	      0.63989839	     -0.14117326	     -0.22047055	      0.35501019
      1.54000000	     -0.07604779	      0.07360107	      0.91161833	     -0.05786566	     -0.12030927	      0.92251985	     -0.20591839	      0.00435623	      0.97005465	     -0.20411077	     -0.07941191	      0.96808933	     -0.15628907	      0.07468819	      0.46055050	     -0.25851392	      0.05057649	      0.08041772	     -0.31918092	      0.02171322	      0.06801590	     -0.20209783	      0.01791917	      0.07429561	     -0.00130301	     -0.15812060	      0.48034523	     -0.22378473	     -0.13911442	      0.14654279	     -0.27632342	     -0.09318581	      0.15177350	     -0.17105632	     -0.12396061	      0.11804205	     -0.13792652	      0.14640522	      0.61927685	     -0.21395430	      0.13222024	      0.28713058	     -0.06282936	     -0.22554358	      0.64092148	     -0.11776413	     -0.22011276	      0.35153976
      1.55000000	     -0.06593178	      0.07381223	      0.91130731	     -0.04739291	     -0.12006422	      0.92221081	     -0.19556404	      0.00435527	      0.97002043	     -0.19361581	     -0.07941003	      0.96806823	     -0.15246003	      0.07517874	      0.46064698	     -0.25785389	      0.05101537	      0.08136614	     -0.31854191	      0.02215425	      0.06948035	     -0.20140366	      0.01845949	      0.07470120	      0.01473143	     -0.15717349	      0.48208315	     -0.18864524	     -0.13930863	      0.13705662	     -0.24151725	     -0.09356646	      0.13921644	     -0.13441559	     -0.12405535	      0.11154478	     -0.13179757	      0.14676214	      0.61915076	     -0.21172689	      0.13266215	      0.28773370	     -0.04892320	     -0.22497025	      0.64166939	     -0.09424070	     -0.21968592	      0.34789336
      1.56000000	     -0.05593828	      0.07408680	      0.91088678	     -0.03676402	     -0.11973717	      0.92162312	     -0.18517783	      0.00419351	      0.96994684	     -0.18297493	     -0.07956420	      0.96794055	     -0.14857156	      0.07552723	      0.46074710	     -0.25717931	      0.05137265	      0.08235632	     -0.31792541	      0.02296613	      0.07117346	     -0.20074951	      0.01871523	      0.07491739	      0.03006896	     -0.15631458	      0.48344480	     -0.15264228	     -0.13957418	      0.12789068	     -0.20563714	     -0.09420991	      0.12723819	     -0.09711018	     -0.12418619	      0.10511617	     -0.12550193	      0.14700717	      0.61896524	     -0.20931498	      0.13301306	      0.28833039	     -0.03542249	     -0.22443410	      0.64214793	     -0.07080623	     -0.21932643	      0.34414816
      1.57000000	     -0.04580239	      0.07429427	      0.91028385	     -0.02611584	     -0.11948250	      0.92094479	     -0.17471298	      0.00407066	      0.96967011	     -0.17230593	     -0.07968102	      0.96764706	     -0.14441925	      0.07591482	      0.46074517	     -0.25652402	      0.05166198	      0.08336865	     -0.31727417	      0.02316046	      0.07273147	     -0.20005915	      0.01916195	      0.07536393	      0.04463028	     -0.15523743	      0.48439776	     -0.11589677	     -0.13993393	      0.11923659	     -0.16892239	     -0.09489342	      0.11522350	     -0.05910023	     -0.12436507	      0.09984253	     -0.11924146	      0.14729641	      0.61868603	     -0.20696210	      0.13332183	      0.28893312	     -0.02218722	     -0.22380342	      0.64235411	     -0.04739736	     -0.21892266	      0.34035527
      1.58000000	     -0.03563341	      0.07455741	      0.90966505	     -0.01530463	     -0.11916715	      0.92006638	     -0.16418821	      0.00385624	      0.96925557	     -0.16151811	     -0.07988503	      0.96713372	     -0.14027926	      0.07617515	      0.46074471	     -0.25586507	      0.05185942	      0.08440875	     -0.31667993	      0.02358419	      0.07443150	     -0.19945202	      0.01931731	      0.07573067	      0.05846586	     -0.15424375	      0.48484466	     -0.07852396	     -0.14027332	      0.11127085	     -0.13140783	     -0.09603396	      0.10457391	     -0.02068680	     -0.12441501	      0.09450269	     -0.11272639	      0.14749476	      0.61831667	     -0.20442974	      0.13354997	      0.28950026	     -0.00935572	     -0.22318772	      0.64220743	     -0.02419437	     -0.21854144	      0.33654236
      1.59000000	     -0.02535024	      0.07480692	      0.90890417	     -0.00430322	     -0.11885257	      0.91908645	     -0.15356114	      0.00358129	      0.96861093	     -0.15059010	     -0.08014762	      0.96640324	     -0.13588244	      0.07643301	      0.46064243	     -0.25523124	      0.05196799	      0.08548084	     -0.31606193	      0.02364048	      0.07612975	     -0.19882059	      0.01954856	      0.07617280	      0.07153444	     -0.15317556	      0.48474526	     -0.04076004	     -0.14058060	      0.10418385	     -0.09333170	     -0.09706515	      0.09437182	      0.01803730	     -0.12442562	      0.09057577	     -0.10618312	      0.14770147	      0.61784716	     -0.20191729	      0.13371076	      0.29007119	      0.00319774	     -0.22254908	      0.64169585	     -0.00121090	     -0.21812423	      0.33276143
      1.60000000	     -0.01479608	      0.07503159	      0.90810401	      0.00678402	     -0.11859074	      0.91786852	     -0.14276520	      0.00333517	      0.96776600	     -0.13956899	     -0.08038063	      0.96538261	     -0.13142997	      0.07666084	      0.46052105	     -0.25459124	      0.05199300	      0.08659385	     -0.31546186	      0.02363117	      0.07787730	     -0.19822284	      0.01964858	      0.07668194	      0.08391405	     -0.15187082	      0.48403312	     -0.00285553	     -0.14081322	      0.09810858	     -0.05501913	     -0.09822534	      0.08527354	      0.05671828	     -0.12421411	      0.08759638	     -0.09942076	      0.14791459	      0.61727845	     -0.19930784	      0.13382767	      0.29062400	      0.01556826	     -0.22174489	      0.64075756	      0.02157870	     -0.21758535	      0.32904984
      1.61000000	     -0.00415397	      0.07528048	      0.90712895	      0.01823103	     -0.11827393	      0.91641640	     -0.13177348	      0.00291743	      0.96673494	     -0.12823514	     -0.08077865	      0.96415076	     -0.12664511	      0.07686373	      0.46029327	     -0.25396003	      0.05196817	      0.08776607	     -0.31483729	      0.02344696	      0.07973719	     -0.19760918	      0.01979342	      0.07718772	      0.09563735	     -0.15063354	      0.48270148	      0.03486299	     -0.14084500	      0.09319166	     -0.01675374	     -0.09940854	      0.07756292	      0.09509856	     -0.12373153	      0.08553259	     -0.09253531	      0.14810932	      0.61661075	     -0.19661803	      0.13389059	      0.29119192	      0.02767012	     -0.22098925	      0.63937506	      0.04391958	     -0.21699782	      0.32544924
      1.62000000	      0.00682463	      0.07551964	      0.90616428	      0.02987347	     -0.11799040	      0.91472387	     -0.12060203	      0.00248281	      0.96535965	     -0.11676998	     -0.08118980	      0.96245455	     -0.12169636	      0.07707462	      0.46000829	     -0.25331274	      0.05190325	      0.08898783	     -0.31420655	      0.02326548	      0.08164928	     -0.19700791	      0.01985800	      0.07775747	      0.10698606	     -0.14916788	      0.48070994	      0.07198919	     -0.14066696	      0.08944666	      0.02098170	     -0.10055943	      0.07107159	      0.13271804	     -0.12287384	      0.08460369	     -0.08533186	      0.14834374	      0.61580593	     -0.19378364	      0.13394738	      0.29173524	      0.03987390	     -0.22006030	      0.63751014	      0.06599532	     -0.21624762	      0.32199019
      1.63000000	      0.01807269	      0.07576395	      0.90518647	      0.04187350	     -0.11769015	      0.91291197	     -0.10928697	      0.00192972	      0.96353067	     -0.10510383	     -0.08171184	      0.96024092	     -0.11639535	      0.07730687	      0.45959252	     -0.25264532	      0.05184299	      0.09026085	     -0.31353042	      0.02306027	      0.08364904	     -0.19637928	      0.01996826	      0.07832651	      0.11816771	     -0.14766663	      0.47811238	      0.10810357	     -0.14018494	      0.08684316	      0.05778892	     -0.10140251	      0.06588117	      0.16915379	     -0.12163720	      0.08470888	     -0.07780696	      0.14860552	      0.61484073	     -0.19079355	      0.13400863	      0.29226242	      0.05227207	     -0.21909477	      0.63518519	      0.08767280	     -0.21537573	      0.31869179
      1.64000000	      0.02964271	      0.07601230	      0.90416520	      0.05419597	     -0.11738395	      0.91092395	     -0.09776410	      0.00132063	      0.96130261	     -0.09321500	     -0.08228267	      0.95755770	     -0.11069294	      0.07758269	      0.45905938	     -0.25192372	      0.05182109	      0.09161899	     -0.31278373	      0.02288695	      0.08578215	     -0.19570406	      0.02013705	      0.07892168	      0.12946261	     -0.14610941	      0.47505771	      0.14276924	     -0.13934013	      0.08527950	      0.09317090	     -0.10195469	      0.06195478	      0.20399636	     -0.11993691	      0.08562794	     -0.06990163	      0.14891918	      0.61372593	     -0.18758114	      0.13410568	      0.29279241	      0.06501345	     -0.21806497	      0.63248955	      0.10895768	     -0.21434969	      0.31561665
      1.65000000	      0.04154255	      0.07626906	      0.90307405	      0.06682647	     -0.11706601	      0.90881218	     -0.08601097	      0.00070719	      0.95872051	     -0.08109267	     -0.08285184	      0.95448627	     -0.10449342	      0.07790384	      0.45840523	     -0.25110898	      0.05188127	      0.09309674	     -0.31193847	      0.02281200	      0.08810287	     -0.19496226	      0.02038536	      0.07956144	      0.14112635	     -0.14452556	      0.47173968	      0.17557118	     -0.13808743	      0.08456290	      0.12667951	     -0.10211922	      0.05914048	      0.23685494	     -0.11776299	      0.08711738	     -0.06152940	      0.14927874	      0.61246459	     -0.18404855	      0.13426414	      0.29334017	      0.07819837	     -0.21698806	      0.62955392	      0.12980386	     -0.21315628	      0.31280592
      1.66000000	      0.05377664	      0.07654091	      0.90188795	      0.07975455	     -0.11672681	      0.90672440	     -0.07403206	      0.00015737	      0.95580003	     -0.06874629	     -0.08335523	      0.95111628	     -0.09765246	      0.07829378	      0.45760203	     -0.25016042	      0.05206091	      0.09473276	     -0.31093771	      0.02280656	      0.09068133	     -0.19410727	      0.02079692	      0.08024640	      0.15334730	     -0.14295844	      0.46835882	      0.20614826	     -0.13639726	      0.08442118	      0.15796769	     -0.10170622	      0.05714827	      0.26738226	     -0.11519912	      0.08896734	     -0.05265610	      0.14969432	      0.61106818	     -0.18014186	      0.13450462	      0.29393593	      0.09184205	     -0.21590257	      0.62651172	      0.15009333	     -0.21177973	      0.31025339
      1.67000000	      0.06632015	      0.07682648	      0.90052498	      0.09290531	     -0.11637649	      0.90458636	     -0.06172102	     -0.00026593	      0.95285320	     -0.05611016	     -0.08373457	      0.94778008	     -0.09012245	      0.07869441	      0.45670542	     -0.24899633	      0.05240310	      0.09659180	     -0.30975615	      0.02304632	      0.09360473	     -0.19312973	      0.02128402	      0.08105679	      0.16612659	     -0.14130143	      0.46512902	      0.23423574	     -0.13427420	      0.08460108	      0.18659874	     -0.10095776	      0.05588592	      0.29538827	     -0.11209704	      0.09062514	     -0.04314173	      0.15010484	      0.60957115	     -0.17565083	      0.13484382	      0.29459542	      0.10596785	     -0.21475060	      0.62356584	      0.16980932	     -0.21019237	      0.30800771
      1.68000000	      0.07914156	      0.07714231	      0.89902073	      0.10625149	     -0.11599889	      0.90251079	     -0.04910521	     -0.00053125	      0.94996784	     -0.04321081	     -0.08396186	      0.94459942	     -0.08180523	      0.07906065	      0.45571739	     -0.24754919	      0.05294178	      0.09871754	     -0.30835766	      0.02366198	      0.09689964	     -0.19200034	      0.02179697	      0.08207480	      0.17945100	     -0.13951160	      0.46216737	      0.25963052	     -0.13175606	      0.08479842	      0.21248851	     -0.09954124	      0.05466110	      0.32046340	     -0.10864062	      0.09240609	     -0.03282596	      0.15046381	      0.60795795	     -0.17039796	      0.13529221	      0.29530737	      0.12065302	     -0.21350787	      0.62086025	      0.18893200	     -0.20840819	      0.30604721
      1.69000000	      0.09223555	      0.07748791	      0.89726420	      0.11982520	     -0.11558572	      0.90073353	     -0.03619300	     -0.00058225	      0.94713585	     -0.03003855	     -0.08399063	      0.94171414	     -0.07241887	      0.07951665	      0.45450198	     -0.24574922	      0.05369739	      0.10113071	     -0.30654231	      0.02425373	      0.10081050	     -0.19059018	      0.02266673	      0.08306610	      0.19326691	     -0.13776367	      0.45963092	      0.28224873	     -0.12883181	      0.08483654	      0.23517567	     -0.09778406	      0.05430174	      0.34307034	     -0.10476354	      0.09272163	     -0.02194967	      0.15085762	      0.60628438	     -0.16451905	      0.13585974	      0.29614988	      0.13541000	     -0.21233968	      0.61839829	      0.20700169	     -0.20639598	      0.30425973
      1.70000000	      0.10556147	      0.07787960	      0.89540422	      0.13353012	     -0.11513395	      0.89916919	     -0.02301676	     -0.00042722	      0.94451334	     -0.01665475	     -0.08382592	      0.93918311	     -0.06201421	      0.07991797	      0.45315033	     -0.24349001	      0.05468604	      0.10388904	     -0.30431621	      0.02529042	      0.10509913	     -0.18885487	      0.02359159	      0.08440923	      0.20747470	     -0.13581314	      0.45750019	      0.30203206	     -0.12561579	      0.08447192	      0.25501613	     -0.09543967	      0.05331530	      0.36253464	     -0.10067183	      0.09304507	     -0.01014639	      0.15117723	      0.60449898	     -0.15765392	      0.13654475	      0.29705421	      0.15069652	     -0.21104661	      0.61634680	      0.22439061	     -0.20420926	      0.30269137
      1.71000000	      0.11912728	      0.07830632	      0.89336037	      0.14737066	     -0.11465059	      0.89789833	     -0.00956471	     -0.00003480	      0.94211552	     -0.00305074	     -0.08344082	      0.93709213	     -0.05038413	      0.08037070	      0.45155996	     -0.24065940	      0.05590906	      0.10701256	     -0.30145591	      0.02643306	      0.11006872	     -0.18668272	      0.02480327	      0.08584607	      0.22198570	     -0.13374227	      0.45583353	      0.31905422	     -0.12215612	      0.08365700	      0.27172811	     -0.09273937	      0.05241887	      0.37925953	     -0.09630548	      0.09229790	      0.00239460	      0.15150485	      0.60265234	     -0.14987773	      0.13735439	      0.29808012	      0.16623388	     -0.20970755	      0.61469539	      0.24089163	     -0.20185382	      0.30128912
      1.72000000	      0.13287863	      0.07876576	      0.89116319	      0.16131028	     -0.11413237	      0.89687310	      0.00413218	      0.00056580	      0.94000110	      0.01074714	     -0.08286039	      0.93546850	     -0.03750496	      0.08085016	      0.44972501	     -0.23713089	      0.05737906	      0.11050936	     -0.29782912	      0.02778323	      0.11568050	     -0.18397660	      0.02625880	      0.08743939	      0.23685094	     -0.13152422	      0.45466725	      0.33341430	     -0.11855327	      0.08236404	      0.28547742	     -0.08977199	      0.05144875	      0.39330544	     -0.09180169	      0.09062858	      0.01573212	      0.15181975	      0.60073396	     -0.14105958	      0.13829217	      0.29920180	      0.18203011	     -0.20829705	      0.61346489	      0.25657998	     -0.19935416	      0.30006237
      1.73000000	      0.14673478	      0.07929718	      0.88900537	      0.17536604	     -0.11352667	      0.89606688	      0.01799151	      0.00128807	      0.93815590	      0.02470455	     -0.08215955	      0.93419853	     -0.02344541	      0.08124596	      0.44772411	     -0.23273979	      0.05909607	      0.11437865	     -0.29324336	      0.02949527	      0.12245642	     -0.18086090	      0.02775892	      0.08884920	      0.25193030	     -0.12907524	      0.45385689	      0.34533593	     -0.11493134	      0.08058381	      0.29629153	     -0.08650000	      0.05056445	      0.40477546	     -0.08720795	      0.08793818	      0.03003921	      0.15205507	      0.59872091	     -0.13099122	      0.13933370	      0.30036418	      0.19821710	     -0.20670587	      0.61261601	      0.27161629	     -0.19674986	      0.29897795
      1.74000000	      0.16075092	      0.07983011	      0.88672836	      0.18947988	     -0.11290908	      0.89549784	      0.03202003	      0.00218650	      0.93648630	      0.03877947	     -0.08128903	      0.93326504	     -0.00798700	      0.08177012	      0.44541237	     -0.22738504	      0.06101894	      0.11863664	     -0.28747871	      0.03134625	      0.12957714	     -0.17683872	      0.02961263	      0.09061478	      0.26738336	     -0.12642498	      0.45349397	      0.35495395	     -0.11135138	      0.07845249	      0.30473291	     -0.08320718	      0.04938165	      0.41384394	     -0.08273119	      0.08488681	      0.04502854	      0.15236624	      0.59667409	     -0.11984010	      0.14050324	      0.30166068	      0.21468896	     -0.20499759	      0.61213105	      0.28601052	     -0.19403594	      0.29807699
      1.75000000	      0.17486502	      0.08038099	      0.88450342	      0.20366936	     -0.11224565	      0.89527107	      0.04606912	      0.00317673	      0.93477412	      0.05287575	     -0.08032355	      0.93240690	      0.00876985	      0.08244251	      0.44284060	     -0.22091591	      0.06312623	      0.12323731	     -0.28031649	      0.03340960	      0.13729414	     -0.17192512	      0.03171968	      0.09245295	      0.28319395	     -0.12357613	      0.45344430	      0.36255566	     -0.10792945	      0.07605636	      0.31098144	     -0.07984175	      0.04820775	      0.42081682	     -0.07851877	      0.08138152	      0.06073593	      0.15276709	      0.59459220	     -0.10755131	      0.14180985	      0.30306730	      0.23144536	     -0.20316091	      0.61188806	      0.29981807	     -0.19124508	      0.29729685
      1.76000000	      0.18903152	      0.08092556	      0.88230385	      0.21786126	     -0.11157076	      0.89513604	      0.06017941	      0.00422425	      0.93319655	      0.06700724	     -0.07929474	      0.93171646	      0.02680936	      0.08327505	      0.44006694	     -0.21317662	      0.06538948	      0.12816852	     -0.27161517	      0.03576627	      0.14539148	     -0.16592886	      0.03401477	      0.09450322	      0.29920839	     -0.12041927	      0.45364442	      0.36839889	     -0.10475809	      0.07358716	      0.31533960	     -0.07687938	      0.04710482	      0.42592596	     -0.07445296	      0.07761434	      0.07712484	      0.15327334	      0.59252402	     -0.09403130	      0.14325257	      0.30458621	      0.24851396	     -0.20108527	      0.61188207	      0.31322869	     -0.18838337	      0.29671923
      1.77000000	      0.20313198	      0.08149695	      0.88016464	      0.23212258	     -0.11082875	      0.89503145	      0.07431547	      0.00521939	      0.93177923	      0.08121750	     -0.07830446	      0.93117881	      0.04605208	      0.08423489	      0.43715531	     -0.20403159	      0.06781474	      0.13335379	     -0.26123883	      0.03818288	      0.15391097	     -0.15881561	      0.03649679	      0.09673650	      0.31549948	     -0.11710153	      0.45408193	      0.37271935	     -0.10186438	      0.07122167	      0.31832519	     -0.07449625	      0.04619484	      0.42965725	     -0.07073159	      0.07370954	      0.09418775	      0.15385342	      0.59048759	     -0.07920530	      0.14482775	      0.30617989	      0.26549399	     -0.19891507	      0.61194920	      0.32599879	     -0.18546665	      0.29628323
      1.78000000	      0.21728031	      0.08204801	      0.87828746	      0.24636347	     -0.11008337	      0.89532723	      0.08824852	      0.00618948	      0.92998178	      0.09523007	     -0.07732933	      0.93029396	      0.06639457	      0.08556044	      0.43413820	     -0.19340150	      0.07031431	      0.13868799	     -0.24893258	      0.04093269	      0.16268538	     -0.15051793	      0.03909242	      0.09886181	      0.33184596	     -0.11367625	      0.45451033	      0.37581671	     -0.09935582	      0.06900911	      0.32010389	     -0.07224790	      0.04546828	      0.43208160	     -0.06755841	      0.07006627	      0.11182030	      0.15467132	      0.58852330	     -0.06325899	      0.14658891	      0.30788190	      0.28256218	     -0.19666978	      0.61198815	      0.33826799	     -0.18260654	      0.29591056
      1.79000000	      0.23131542	      0.08260614	      0.87656391	      0.26057855	     -0.10931122	      0.89559146	      0.10213051	      0.00706178	      0.92833586	      0.10922605	     -0.07644011	      0.92948415	      0.08776594	      0.08710205	      0.43116031	     -0.18118130	      0.07288298	      0.14412247	     -0.23487348	      0.04387906	      0.17125031	     -0.14072374	      0.04175203	      0.10129617	      0.34793671	     -0.11015310	      0.45491829	      0.37793521	     -0.09724227	      0.06714235	      0.32101533	     -0.07055902	      0.04504015	      0.43353513	     -0.06479352	      0.06676838	      0.12998755	      0.15562856	      0.58671102	     -0.04604433	      0.14848318	      0.30966423	      0.29939883	     -0.19433443	      0.61199680	      0.34996301	     -0.17981688	      0.29566772
      1.80000000	      0.24522453	      0.08317670	      0.87510109	      0.27474708	     -0.10850852	      0.89597813	      0.11586243	      0.00781979	      0.92670348	      0.12311644	     -0.07565436	      0.92862103	      0.11003319	      0.08889558	      0.42831956	     -0.16732819	      0.07548808	      0.14952725	     -0.21903860	      0.04696525	      0.17950636	     -0.12938547	      0.04443931	      0.10388749	      0.36355051	     -0.10670580	      0.45518761	      0.37929819	     -0.09552795	      0.06564726	      0.32134271	     -0.06932851	      0.04485698	      0.43427993	     -0.06251827	      0.06395844	      0.14863043	      0.15674634	      0.58510317	     -0.02763701	      0.15051202	      0.31151258	      0.31581351	     -0.19203628	      0.61189106	      0.36094751	     -0.17719349	      0.29547077
      1.81000000	      0.25897858	      0.08376018	      0.87393475	      0.28882943	     -0.10768267	      0.89650053	      0.12943274	      0.00846948	      0.92517152	      0.13688230	     -0.07496858	      0.92778406	      0.13306657	      0.09093214	      0.42574507	     -0.15182194	      0.07808984	      0.15478579	     -0.20153791	      0.05016970	      0.18720601	     -0.11635235	      0.04710876	      0.10660620	      0.37839983	     -0.10345380	      0.45525882	      0.38010694	     -0.09420382	      0.06453997	      0.32128652	     -0.06851314	      0.04489097	      0.43452285	     -0.06072009	      0.06170947	      0.16765606	      0.15801985	      0.58378740	     -0.00810281	      0.15265448	      0.31342498	      0.33161648	     -0.18984906	      0.61166617	      0.37112872	     -0.17481127	      0.29529240
      1.82000000	      0.27254862	      0.08436126	      0.87309568	      0.30278920	     -0.10683745	      0.89716256	      0.14284096	      0.00902718	      0.92385710	      0.15051507	     -0.07436908	      0.92708239	      0.15672547	      0.09317433	      0.42357021	     -0.13467333	      0.08065458	      0.15977019	     -0.18252493	      0.05337430	      0.19415609	     -0.10149138	      0.04974284	      0.10940554	      0.39224454	     -0.10051943	      0.45510662	      0.38052532	     -0.09324231	      0.06379389	      0.32101191	     -0.06806064	      0.04508869	      0.43444698	     -0.05937283	      0.06002416	      0.18696986	      0.15942890	      0.58285040	      0.01248015	      0.15487999	      0.31539124	      0.34661941	     -0.18784985	      0.61133666	      0.38040938	     -0.17273725	      0.29510623
      1.83000000	      0.28597369	      0.08495619	      0.87257820	      0.31654296	     -0.10602413	      0.89792951	      0.15613337	      0.00957921	      0.92293518	      0.16399776	     -0.07377735	      0.92668557	      0.18085887	      0.09559579	      0.42193333	     -0.11591914	      0.08315300	      0.16435002	     -0.16218452	      0.05635837	      0.20018768	     -0.08464158	      0.05237656	      0.11224727	      0.40481658	     -0.09790340	      0.45474449	      0.38068711	     -0.09261740	      0.06336145	      0.32061465	     -0.06801029	      0.04539093	      0.43415808	     -0.05837714	      0.05885020	      0.20645756	      0.16096602	      0.58238896	      0.03400526	      0.15716444	      0.31740703	      0.36069799	     -0.18601742	      0.61096724	      0.38876596	     -0.17097599	      0.29492034
      1.84000000	      0.29912235	      0.08558995	      0.87248613	      0.33018331	     -0.10515200	      0.89900739	      0.16918405	      0.00999620	      0.92226209	      0.17731702	     -0.07331207	      0.92648321	      0.20535192	      0.09816425	      0.42089232	     -0.09562745	      0.08554549	      0.16838325	     -0.14063128	      0.05928985	      0.20515649	     -0.06584457	      0.05492476	      0.11487819	      0.41616011	     -0.09593393	      0.45416425	      0.38066581	     -0.09224982	      0.06315013	      0.32021204	     -0.06801589	      0.04573278	      0.43382766	     -0.05782640	      0.05813143	      0.22605002	      0.16259123	      0.58243279	      0.05635715	      0.15947028	      0.31943713	      0.37371578	     -0.18461928	      0.61052751	      0.39602536	     -0.16967653	      0.29465401
      1.85000000	      0.31207530	      0.08623280	      0.87275461	      0.34358798	     -0.10430504	      0.90019428	      0.18211424	      0.01043210	      0.92215501	      0.19048293	     -0.07283308	      0.92674920	      0.23003183	      0.10081897	      0.42058319	     -0.07387215	      0.08781256	      0.17175201	     -0.11806464	      0.06186287	      0.20894652	     -0.04496488	      0.05745758	      0.11729884	      0.42607560	     -0.09445169	      0.45344836	      0.38055321	     -0.09211558	      0.06312085	      0.31980717	     -0.06821293	      0.04618452	      0.43347574	     -0.05755440	      0.05766980	      0.24560713	      0.16429617	      0.58307203	      0.07941677	      0.16176535	      0.32146828	      0.38561102	     -0.18350456	      0.61012728	      0.40226763	     -0.16875416	      0.29437800
      1.86000000	      0.32482727	      0.08688210	      0.87344838	      0.35679366	     -0.10347432	      0.90161284	      0.19487795	      0.01083865	      0.92250539	      0.20347782	     -0.07238628	      0.92739249	      0.25477822	      0.10354084	      0.42103873	     -0.05073407	      0.08994068	      0.17433115	     -0.09452563	      0.06402423	      0.21151793	     -0.02208808	      0.05997763	      0.11932951	      0.43457759	     -0.09352561	      0.45260903	      0.38037894	     -0.09216125	      0.06318623	      0.31944183	     -0.06849911	      0.04661973	      0.43314798	     -0.05753861	      0.05742887	      0.26507356	      0.16605874	      0.58431790	      0.10306068	      0.16403127	      0.32345937	      0.39641602	     -0.18273269	      0.60977732	      0.40748328	     -0.16822922	      0.29406255
      1.87000000	      0.33739142	      0.08753133	      0.87452735	      0.36977411	     -0.10268265	      0.90317446	      0.20751558	      0.01125936	      0.92342394	      0.21631591	     -0.07193276	      0.92850879	      0.27944427	      0.10631637	      0.42230733	     -0.02629265	      0.09191410	      0.17602042	     -0.07006885	      0.06574572	      0.21280482	      0.00270985	      0.06247254	      0.12085470	      0.44165208	     -0.09308174	      0.45172256	      0.38018468	     -0.09234845	      0.06331790	      0.31912663	     -0.06886464	      0.04704848	      0.43286240	     -0.05770752	      0.05733219	      0.28432053	      0.16788019	      0.58619964	      0.12715723	      0.16625394	      0.32537968	      0.40613281	     -0.18224404	      0.60953430	      0.41172850	     -0.16804715	      0.29375130
      1.88000000	      0.34976288	      0.08820430	      0.87602110	      0.38256903	     -0.10190224	      0.90489862	      0.22000384	      0.01166235	      0.92480581	      0.22900006	     -0.07150307	      0.92998378	      0.30391669	      0.10911766	      0.42436200	     -0.00063620	      0.09372903	      0.17674973	     -0.04483026	      0.06710004	      0.21265078	      0.02940075	      0.06493385	      0.12183590	      0.44744642	     -0.09314173	      0.45081728	      0.37997115	     -0.09262971	      0.06347807	      0.31891324	     -0.06921298	      0.04728717	      0.43265742	     -0.05806956	      0.05749235	      0.30330298	      0.16975016	      0.58867236	      0.15160114	      0.16841820	      0.32717175	      0.41482747	     -0.18206064	      0.60939064	      0.41503854	     -0.16819807	      0.29344450
      1.89000000	      0.36196177	      0.08889322	      0.87788515	      0.39517037	     -0.10114519	      0.90675113	      0.23233747	      0.01205272	      0.92655858	      0.24151531	     -0.07109342	      0.93172751	      0.32809043	      0.11193945	      0.42713210	      0.02615526	      0.09539998	      0.17646704	     -0.01889224	      0.06787453	      0.21096421	      0.05798968	      0.06745959	      0.12235678	      0.45211727	     -0.09368320	      0.44994311	      0.37974995	     -0.09296044	      0.06366766	      0.31878931	     -0.06948166	      0.04746467	      0.43254877	     -0.05859222	      0.05777315	      0.32196386	      0.17166562	      0.59166118	      0.17629322	      0.17052656	      0.32876956	      0.42256236	     -0.18218059	      0.60935076	      0.41748331	     -0.16864728	      0.29317267
      1.90000000	      0.37407251	      0.08957353	      0.88005789	      0.40754774	     -0.10046282	      0.90862790	      0.24459570	      0.01250541	      0.92876399	      0.25388225	     -0.07063626	      0.93380915	      0.35182852	      0.11474583	      0.43059334	      0.05403586	      0.09696167	      0.17514480	      0.00787466	      0.06807917	      0.20784506	      0.08819821	      0.07002494	      0.12236630	      0.45559698	     -0.09444109	      0.44914865	      0.37956475	     -0.09334566	      0.06387348	      0.31869896	     -0.06983587	      0.04770758	      0.43247759	     -0.05913309	      0.05799995	      0.34023054	      0.17361448	      0.59513676	      0.20114947	      0.17257936	      0.33013195	      0.42948141	     -0.18238882	      0.60945852	      0.41923964	     -0.16925209	      0.29297820
      1.91000000	      0.38608870	      0.09025695	      0.88251175	      0.41972876	     -0.09983285	      0.91052719	      0.25674566	      0.01298447	      0.93124948	      0.26609095	     -0.07016443	      0.93606167	      0.37505387	      0.11753619	      0.43461825	      0.08295205	      0.09843473	      0.17279671	      0.03552251	      0.06789023	      0.20331642	      0.11978372	      0.07257311	      0.12182778	      0.45810842	     -0.09541564	      0.44845351	      0.37941027	     -0.09374962	      0.06410697	      0.31865377	     -0.07017604	      0.04800656	      0.43246162	     -0.05970685	      0.05821592	      0.35807858	      0.17559454	      0.59898259	      0.22610504	      0.17458324	      0.33119523	      0.43569247	     -0.18270124	      0.60968262	      0.42038616	     -0.16999262	      0.29287069
      1.92000000	      0.39802400	      0.09095884	      0.88520412	      0.43172899	     -0.09923973	      0.91239108	      0.26878951	      0.01348992	      0.93391796	      0.27814691	     -0.06967717	      0.93837958	      0.39768573	      0.12027344	      0.43908218	      0.11285833	      0.09986665	      0.16946641	      0.06408784	      0.06740132	      0.19743622	      0.15255611	      0.07510418	      0.12077913	      0.45982594	     -0.09651416	      0.44786696	      0.37928661	     -0.09416605	      0.06437525	      0.31864751	     -0.07052182	      0.04836056	      0.43248965	     -0.06029284	      0.05843008	      0.37549735	      0.17759183	      0.60308476	      0.25112044	      0.17654402	      0.33190297	      0.44134034	     -0.18304844	      0.60999710	      0.42105460	     -0.17081151	      0.29286106
      1.93000000	      0.40993596	      0.09167725	      0.88810793	      0.44350473	     -0.09870657	      0.91414235	      0.28073657	      0.01407007	      0.93669465	      0.29001665	     -0.06913056	      0.94066535	      0.41965934	      0.12294158	      0.44386542	      0.14373159	      0.10128290	      0.16523283	      0.09362916	      0.06684993	      0.19029983	      0.18633922	      0.07756422	      0.11922011	      0.46094224	     -0.09763510	      0.44739446	      0.37920338	     -0.09458077	      0.06468730	      0.31867742	     -0.07086682	      0.04878395	      0.43255817	     -0.06086763	      0.05864560	      0.39248192	      0.17961606	      0.60734007	      0.27617010	      0.17846769	      0.33221790	      0.44654686	     -0.18335315	      0.61037075	      0.42138708	     -0.17164276	      0.29295653
      1.94000000	      0.42172819	      0.09239248	      0.89092014	      0.45516947	     -0.09816381	      0.91583270	      0.29256627	      0.01464651	      0.93938443	      0.30177329	     -0.06858365	      0.94287766	      0.44101752	      0.12553607	      0.44873728	      0.17553032	      0.10275347	      0.16020316	      0.12422551	      0.06620780	      0.18210547	      0.22095919	      0.08005690	      0.11719725	      0.46154538	     -0.09881892	      0.44708575	      0.37916757	     -0.09496587	      0.06510261	      0.31875119	     -0.07117871	      0.04932954	      0.43267243	     -0.06140252	      0.05894406	      0.40902983	      0.18158566	      0.61155558	      0.30126196	      0.18037201	      0.33209959	      0.45142073	     -0.18369362	      0.61082291	      0.42144352	     -0.17249916	      0.29319511
      1.95000000	      0.43358105	      0.09315381	      0.89390336	      0.46655223	     -0.09768322	      0.91724390	      0.30431948	      0.01538731	      0.94206808	      0.31330362	     -0.06789273	      0.94488791	      0.46160621	      0.12797157	      0.45368559	      0.20824014	      0.10431389	      0.15448227	      0.15588105	      0.06565505	      0.17302500	      0.25630150	      0.08251481	      0.11476903	      0.46201018	     -0.09988418	      0.44685597	      0.37915927	     -0.09534685	      0.06556239	      0.31884621	     -0.07146788	      0.04996229	      0.43281893	     -0.06194820	      0.05921724	      0.42518656	      0.18357753	      0.61572310	      0.32638490	      0.18225753	      0.33153613	      0.45607017	     -0.18387974	      0.61125045	      0.42141341	     -0.17327808	      0.29352329
      1.96000000	      0.44540104	      0.09391851	      0.89673010	      0.47776097	     -0.09720686	      0.91851502	      0.31595703	      0.01621546	      0.94450571	      0.32466196	     -0.06711419	      0.94665623	      0.48153972	      0.13027999	      0.45847172	      0.24182253	      0.10600394	      0.14822509	      0.18860609	      0.06543818	      0.16323389	      0.29229332	      0.08498929	      0.11196021	      0.46230081	     -0.10084967	      0.44674617	      0.37919848	     -0.09569579	      0.06610990	      0.31896314	     -0.07176870	      0.05069837	      0.43298087	     -0.06241399	      0.05955871	      0.44097591	      0.18551038	      0.61965096	      0.35156793	      0.18414070	      0.33052172	      0.46064344	     -0.18397212	      0.61168250	      0.42137208	     -0.17398849	      0.29396182
      1.97000000	      0.45723230	      0.09470054	      0.89938276	      0.48875082	     -0.09674317	      0.91954562	      0.32750557	      0.01719752	      0.94671437	      0.33583282	     -0.06618581	      0.94816616	      0.50079484	      0.13241425	      0.46302007	      0.27625701	      0.10787190	      0.14157787	      0.22239276	      0.06555872	      0.15295678	      0.32887512	      0.08751784	      0.10889340	      0.46264392	     -0.10167714	      0.44672199	      0.37927381	     -0.09601319	      0.06673020	      0.31909772	     -0.07204679	      0.05153404	      0.43316155	     -0.06283354	      0.05993761	      0.45643420	      0.18738579	      0.62328495	      0.37683715	      0.18603160	      0.32907764	      0.46519072	     -0.18393976	      0.61207753	      0.42140905	     -0.17460327	      0.29448682
      1.98000000	      0.46909377	      0.09549456	      0.90179889	      0.49951981	     -0.09628844	      0.92035123	      0.33896266	      0.01835593	      0.94861290	      0.34680754	     -0.06508338	      0.94936863	      0.51939072	      0.13438440	      0.46722031	      0.31149789	      0.10994808	      0.13469336	      0.25719552	      0.06615646	      0.14239315	      0.36599813	      0.09012280	      0.10565237	      0.46315969	     -0.10234785	      0.44675659	      0.37938184	     -0.09628845	      0.06741075	      0.31924679	     -0.07229408	      0.05245102	      0.43335593	     -0.06319614	      0.06034996	      0.47159518	      0.18920256	      0.62654741	      0.40219836	      0.18795016	      0.32723054	      0.46979467	     -0.18377774	      0.61241054	      0.42159707	     -0.17510733	      0.29507347
      1.99000000	      0.48099808	      0.09629359	      0.90390702	      0.51006883	     -0.09584156	      0.92092550	      0.35034340	      0.01971303	      0.95017573	      0.35759543	     -0.06378326	      0.95026711	      0.53734893	      0.13618786	      0.47099336	      0.34749888	      0.11225878	      0.12773070	      0.29295438	      0.06729763	      0.13172887	      0.40362647	      0.09283097	      0.10236874	      0.46394700	     -0.10285604	      0.44682611	      0.37952107	     -0.09651246	      0.06813849	      0.31941154	     -0.07249343	      0.05343514	      0.43356563	     -0.06350083	      0.06078612	      0.48648689	      0.19095116	      0.62938719	      0.42766220	      0.18991008	      0.32502638	      0.47449936	     -0.18349315	      0.61266454	      0.42198478	     -0.17549274	      0.29569904
      2.00000000	      0.49296109	      0.09707369	      0.90559921	      0.52039482	     -0.09541842	      0.92124622	      0.36169143	      0.02129459	      0.95144490	      0.36822630	     -0.06225945	      0.95094517	      0.55465961	      0.13786315	      0.47429333	      0.38419161	      0.11478627	      0.12086000	      0.32957875	      0.06941239	      0.12138615	      0.44170696	      0.09557281	      0.09891008	      0.46502834	     -0.10315928	      0.44692279	      0.37967908	     -0.09667354	      0.06890937	      0.31960476	     -0.07277408	      0.05434863	      0.43377165	     -0.06366991	      0.06135547	      0.50106192	      0.19263515	      0.63177948	      0.45318101	      0.19191693	      0.32253497	      0.47938503	     -0.18305839	      0.61283269	      0.42265748	     -0.17573828	      0.29634394
      2.01000000	      0.50496234	      0.09788033	      0.90703017	      0.53056076	     -0.09496087	      0.92144002	      0.37291440	      0.02303785	      0.95217401	      0.37866430	     -0.06056884	      0.95112935	      0.57140496	      0.13934860	      0.47700285	      0.42145152	      0.11761206	      0.11420974	      0.36694343	      0.07153966	      0.11081128	      0.48015713	      0.09858078	      0.09619233	      0.46660213	     -0.10339688	      0.44695733	      0.37985296	     -0.09675850	      0.06967069	      0.31977934	     -0.07268938	      0.05551731	      0.43402161	     -0.06392669	      0.06168008	      0.51552266	      0.19423667	      0.63365226	      0.47881585	      0.19399818	      0.31977228	      0.48433182	     -0.18261265	      0.61286875	      0.42344027	     -0.17588996	      0.29696613
      2.02000000	      0.51700585	      0.09866544	      0.90793761	      0.54056789	     -0.09450766	      0.92134046	      0.38417786	      0.02498705	      0.95270640	      0.38904475	     -0.05866910	      0.95122588	      0.58747667	      0.14061171	      0.47917240	      0.45918604	      0.12066740	      0.10795860	      0.40489738	      0.07463133	      0.10099583	      0.51882402	      0.10159517	      0.09351585	      0.46849110	     -0.10340688	      0.44698226	      0.38004041	     -0.09675712	      0.07044865	      0.31999020	     -0.07275193	      0.05652094	      0.43425865	     -0.06398214	      0.06216658	      0.52970379	      0.19570038	      0.63506371	      0.50446846	      0.19610546	      0.31686066	      0.48951752	     -0.18200729	      0.61280127	      0.42456321	     -0.17588473	      0.29756403
      2.03000000	      0.52915336	      0.09942843	      0.90848003	      0.55042862	     -0.09406186	      0.92111031	      0.39540876	      0.02712965	      0.95276649	      0.39929567	     -0.05657103	      0.95094440	      0.60295819	      0.14176704	      0.48069388	      0.49719846	      0.12393727	      0.10222403	      0.44329250	      0.07816559	      0.09163228	      0.55755970	      0.10472205	      0.09143379	      0.47086164	     -0.10330463	      0.44692440	      0.38022720	     -0.09665865	      0.07120779	      0.32020842	     -0.07261253	      0.05758377	      0.43452216	     -0.06402557	      0.06255307	      0.54371139	      0.19710165	      0.63594357	      0.53007217	      0.19828374	      0.31382126	      0.49484259	     -0.18136601	      0.61259701	      0.42587036	     -0.17575916	      0.29811012
      2.04000000	      0.54140280	      0.10015847	      0.90859668	      0.56018190	     -0.09362202	      0.92072600	      0.40665937	      0.02945060	      0.95242167	      0.40948128	     -0.05428750	      0.95037265	      0.61783679	      0.14279892	      0.48155795	      0.53527870	      0.12737533	      0.09713285	      0.48190571	      0.08216866	      0.08293327	      0.59614650	      0.10789074	      0.08998279	      0.47365545	     -0.10306867	      0.44678008	      0.38041381	     -0.09645650	      0.07194593	      0.32042303	     -0.07233495	      0.05866933	      0.43478559	     -0.06399436	      0.06287642	      0.55753378	      0.19841535	      0.63629944	      0.55553866	      0.20050800	      0.31072736	      0.50035385	     -0.18066866	      0.61225369	      0.42740188	     -0.17550635	      0.29859125
      2.05000000	      0.55376740	      0.10085211	      0.90830368	      0.56987877	     -0.09318248	      0.92020551	      0.41795741	      0.03192099	      0.95166461	      0.41964678	     -0.05184479	      0.94950308	      0.63213557	      0.14370244	      0.48174996	      0.57316489	      0.13091078	      0.09278237	      0.52045108	      0.08662910	      0.07506366	      0.63433057	      0.11100810	      0.08918471	      0.47685341	     -0.10271554	      0.44653435	      0.38059757	     -0.09614641	      0.07265906	      0.32064052	     -0.07191881	      0.05975224	      0.43505208	     -0.06388787	      0.06315202	      0.57121127	      0.19963106	      0.63613515	      0.58077473	      0.20274784	      0.30763812	      0.50605911	     -0.17993002	      0.61176459	      0.42913973	     -0.17513378	      0.29899843
      2.06000000	      0.56628038	      0.10150283	      0.90757551	      0.57955579	     -0.09274345	      0.91952544	      0.42935973	      0.03453912	      0.95052456	      0.42984749	     -0.04924240	      0.94836787	      0.64588089	      0.14461887	      0.48129344	      0.61054826	      0.13436606	      0.08926211	      0.55859001	      0.09227664	      0.06825881	      0.67205055	      0.11384964	      0.08884009	      0.48059092	     -0.10227390	      0.44615967	      0.38076692	     -0.09573857	      0.07335116	      0.32085255	     -0.07114974	      0.06083565	      0.43533333	     -0.06383900	      0.06343657	      0.58461162	      0.20082319	      0.63544181	      0.60554159	      0.20495777	      0.30460651	      0.51191573	     -0.17919559	      0.61113812	      0.43105321	     -0.17464816	      0.29933661
      2.07000000	      0.57895077	      0.10211905	      0.90648960	      0.58926719	     -0.09228722	      0.91875438	      0.44086588	      0.03727182	      0.94895633	      0.44010837	     -0.04651055	      0.94691365	      0.65919954	      0.14534953	      0.48018225	      0.64709268	      0.13780752	      0.08654879	      0.59600667	      0.09746178	      0.06237988	      0.70857877	      0.11656778	      0.08930127	      0.48470778	     -0.10173364	      0.44566981	      0.38092907	     -0.09522625	      0.07403415	      0.32110825	     -0.07044990	      0.06190012	      0.43563747	     -0.06365871	      0.06363159	      0.59809673	      0.20187692	      0.63427855	      0.62994417	      0.20712936	      0.30168103	      0.51801279	     -0.17842688	      0.61036651	      0.43316779	     -0.17405489	      0.29960458
      2.08000000	      0.59175288	      0.10272001	      0.90511192	      0.59909588	     -0.09178656	      0.91791526	      0.45247311	      0.04004733	      0.94693662	      0.45047706	     -0.04371936	      0.94509600	      0.67221330	      0.14588366	      0.47847585	      0.68243644	      0.14113346	      0.08460593	      0.63226886	      0.10211185	      0.05735688	      0.74351659	      0.11901334	      0.09053157	      0.48921006	     -0.10113097	      0.44506001	      0.38109375	     -0.09462841	      0.07472127	      0.32137221	     -0.06966006	      0.06306893	      0.43594409	     -0.06341991	      0.06370406	      0.61183843	      0.20277798	      0.63272397	      0.65394464	      0.20923014	      0.29892468	      0.52436884	     -0.17765070	      0.60945184	      0.43546602	     -0.17337905	      0.29981425
      2.09000000	      0.60481495	      0.10324533	      0.90337281	      0.60902322	     -0.09130173	      0.91695168	      0.46431548	      0.04292678	      0.94457469	      0.46101497	     -0.04080477	      0.94303651	      0.68512885	      0.14667435	      0.47635484	      0.71619365	      0.14403847	      0.08342655	      0.66697596	      0.10747706	      0.05378231	      0.77716220	      0.12101644	      0.09170268	      0.49424226	     -0.10048432	      0.44431965	      0.38125181	     -0.09397026	      0.07543878	      0.32169961	     -0.06877386	      0.06413080	      0.43630833	     -0.06321926	      0.06390893	      0.62531852	      0.20377957	      0.63074489	      0.67697922	      0.21119197	      0.29634462	      0.53095208	     -0.17689952	      0.60842080	      0.43796583	     -0.17263036	      0.29998491
      2.10000000	      0.61797669	      0.10378680	      0.90150022	      0.61918261	     -0.09073870	      0.91595801	      0.47627027	      0.04574377	      0.94182789	      0.47173744	     -0.03793563	      0.94062702	      0.69808095	      0.14724839	      0.47387976	      0.74804291	      0.14667882	      0.08277031	      0.69978108	      0.11154207	      0.05062490	      0.80835752	      0.12265445	      0.09363594	      0.49963600	     -0.09980272	      0.44349222	      0.38145232	     -0.09328364	      0.07622170	      0.32201637	     -0.06782776	      0.06551275	      0.43664626	     -0.06297597	      0.06392912	      0.63937713	      0.20461216	      0.62859831	      0.69953306	      0.21302352	      0.29402049	      0.53790771	     -0.17613310	      0.60727570	      0.44071747	     -0.17184532	      0.30014258
      2.11000000	      0.63137348	      0.10427872	      0.89943732	      0.62952712	     -0.09016975	      0.91483326	      0.48850422	      0.04857882	      0.93895847	      0.48271524	     -0.03502752	      0.93812289	      0.71130623	      0.14805163	      0.47133545	      0.77765309	      0.14874342	      0.08256149	      0.73024356	      0.11586475	      0.04880549	      0.83778319	      0.12382412	      0.09500240	      0.50561718	     -0.09908235	      0.44257112	      0.38167850	     -0.09259029	      0.07711882	      0.32243690	     -0.06695756	      0.06683045	      0.43707324	     -0.06277910	      0.06416382	      0.65322961	      0.20555386	      0.62623919	      0.72087908	      0.21459214	      0.29189884	      0.54517676	     -0.17536495	      0.60607061	      0.44375695	     -0.17101401	      0.30032466
      2.12000000	      0.64484323	      0.10480813	      0.89742267	      0.64016169	     -0.08952325	      0.91367239	      0.50088267	      0.05127750	      0.93596943	      0.49393860	     -0.03224346	      0.93545857	      0.72484018	      0.14869821	      0.46879464	      0.80481892	      0.15039799	      0.08250449	      0.75819105	      0.11871470	      0.04706074	      0.86431159	      0.12459997	      0.09672032	      0.51202465	     -0.09832526	      0.44161896	      0.38200566	     -0.09193901	      0.07817523	      0.32286505	     -0.06604862	      0.06862203	      0.43747449	     -0.06258462	      0.06429329	      0.66767446	      0.20637818	      0.62397090	      0.74152227	      0.21595719	      0.29005447	      0.55292236	     -0.17455100	      0.60481545	      0.44717470	     -0.17018342	      0.30056152
      2.13000000	      0.65846740	      0.10534991	      0.89544207	      0.65106530	     -0.08883954	      0.91236298	      0.51354561	      0.05389915	      0.93321134	      0.50548297	     -0.02952243	      0.93295594	      0.73877176	      0.14941093	      0.46651150	      0.82935748	      0.15144854	      0.08250174	      0.78318787	      0.12147253	      0.04632815	      0.88874327	      0.12488931	      0.09740322	      0.51913637	     -0.09752412	      0.44062141	      0.38241809	     -0.09133558	      0.07945589	      0.32345330	     -0.06531806	      0.07047419	      0.43801637	     -0.06247521	      0.06470504	      0.68200211	      0.20726361	      0.62176885	      0.76086473	      0.21697700	      0.28840519	      0.56104963	     -0.17369531	      0.60358554	      0.45098615	     -0.16932444	      0.30090795
      2.14000000	      0.67214147	      0.10595601	      0.89366202	      0.66228069	     -0.08808770	      0.91099577	      0.52638616	      0.05636006	      0.93069790	      0.51731185	     -0.02695787	      0.93059124	      0.75307170	      0.14997145	      0.46453050	      0.85120011	      0.15202301	      0.08232909	      0.80527894	      0.12314821	      0.04554319	      0.91028251	      0.12471882	      0.09783145	      0.52684954	     -0.09666421	      0.43963226	      0.38300581	     -0.09082199	      0.08100391	      0.32413851	     -0.06463241	      0.07286411	      0.43860078	     -0.06240582	      0.06515101	      0.69679322	      0.20807074	      0.61987455	      0.77930787	      0.21773324	      0.28701211	      0.56972612	     -0.17275406	      0.60238366	      0.45532444	     -0.16847508	      0.30137830
      2.15000000	      0.68582218	      0.10665059	      0.89212047	      0.67384305	     -0.08726130	      0.90959420	      0.53938838	      0.05862695	      0.92854707	      0.52943872	     -0.02459102	      0.92847880	      0.76768016	      0.15036893	      0.46292424	      0.87033422	      0.15214134	      0.08188306	      0.82438284	      0.12405877	      0.04468816	      0.92900364	      0.12404353	      0.09776137	      0.53524799	     -0.09572779	      0.43867851	      0.38382038	     -0.09040896	      0.08288348	      0.32497877	     -0.06401362	      0.07578332	      0.43927460	     -0.06237023	      0.06579215	      0.71200975	      0.20879045	      0.61836651	      0.79682677	      0.21822995	      0.28586938	      0.57903591	     -0.17171395	      0.60123559	      0.46029463	     -0.16763840	      0.30200025
      2.16000000	      0.69953295	      0.10743962	      0.89086932	      0.68574289	     -0.08636816	      0.90816192	      0.55256339	      0.06072119	      0.92683265	      0.54185889	     -0.02240293	      0.92667267	      0.78260240	      0.15064260	      0.46175619	      0.88682086	      0.15183376	      0.08113022	      0.84030029	      0.12442973	      0.04423017	      0.94526890	      0.12292454	      0.09659049	      0.54456333	     -0.09475551	      0.43772182	      0.38489879	     -0.09007911	      0.08514879	      0.32611038	     -0.06349307	      0.07915077	      0.44017278	     -0.06244964	      0.06671126	      0.72747814	      0.20946682	      0.61724123	      0.81331305	      0.21845963	      0.28494156	      0.58891390	     -0.17061454	      0.60018571	      0.46589141	     -0.16679827	      0.30281648
      2.17000000	      0.71323854	      0.10835490	      0.88978494	      0.69799397	     -0.08538016	      0.90666634	      0.56593453	      0.06266865	      0.92570596	      0.55460345	     -0.02037186	      0.92537152	      0.79780728	      0.15073431	      0.46106222	      0.90074662	      0.15117415	      0.08010016	      0.85337988	      0.12435254	      0.04374920	      0.95893972	      0.12139386	      0.09484365	      0.55487802	     -0.09371398	      0.43676667	      0.38633478	     -0.08983526	      0.08784534	      0.32758131	     -0.06299834	      0.08318874	      0.44129386	     -0.06260979	      0.06784713	      0.74325003	      0.21005431	      0.61655889	      0.82888943	      0.21844873	      0.28428670	      0.59944284	     -0.16942350	      0.59924167	      0.47227133	     -0.16595052	      0.30382273
      2.18000000	      0.72693881	      0.10939251	      0.88906111	      0.71059499	     -0.08430845	      0.90529292	      0.57938774	      0.06442562	      0.92487571	      0.56758325	     -0.01854734	      0.92426446	      0.81327923	      0.15061217	      0.46074293	      0.91229183	      0.15026686	      0.07877289	      0.86379943	      0.12395613	      0.04326602	      0.97020581	      0.11956274	      0.09246622	      0.56615447	     -0.09259610	      0.43583173	      0.38822491	     -0.08964595	      0.09101330	      0.32948979	     -0.06256341	      0.08790108	      0.44271509	     -0.06276361	      0.06929860	      0.75938069	      0.21051337	      0.61624651	      0.84361872	      0.21821889	      0.28382895	      0.61077599	     -0.16814498	      0.59836593	      0.47951554	     -0.16509468	      0.30501883
      2.19000000	      0.74068935	      0.11054947	      0.88862985	      0.72349736	     -0.08314694	      0.90401786	      0.59298597	      0.06608510	      0.92444405	      0.58080806	     -0.01683050	      0.92347797	      0.82881583	      0.15021656	      0.46072701	      0.92169631	      0.14924356	      0.07726514	      0.87148784	      0.12298721	      0.04316442	      0.97917745	      0.11751267	      0.08937323	      0.57847902	     -0.09130816	      0.43490219	      0.39067729	     -0.08949576	      0.09467404	      0.33195401	     -0.06233365	      0.09343581	      0.44446666	     -0.06280223	      0.07092484	      0.77593200	      0.21078630	      0.61632000	      0.85766638	      0.21782582	      0.28360978	      0.62299399	     -0.16670325	      0.59753700	      0.48778390	     -0.16418618	      0.30637313
      2.20000000	      0.75439348	      0.11187681	      0.88842334	      0.73674340	     -0.08185352	      0.90283463	      0.60664883	      0.06759703	      0.92429593	      0.59426007	     -0.01528156	      0.92292136	      0.84449510	      0.14953645	      0.46099362	      0.92912060	      0.14813338	      0.07568586	      0.87732118	      0.12230046	      0.04288884	      0.98609131	      0.11530458	      0.08627544	      0.59211082	     -0.09002617	      0.43390291	      0.39379493	     -0.08933206	      0.09887673	      0.33516771	     -0.06181208	      0.09972989	      0.44673903	     -0.06296548	      0.07296109	      0.79267557	      0.21087368	      0.61664403	      0.87096061	      0.21722342	      0.28359316	      0.63595274	     -0.16524988	      0.59679969	      0.49701090	     -0.16324535	      0.30794167
      2.21000000	      0.76811181	      0.11334256	      0.88856394	      0.75027235	     -0.08045002	      0.90186223	      0.62032312	      0.06900172	      0.92417880	      0.60785354	     -0.01385548	      0.92232811	      0.86023866	      0.14866056	      0.46140767	      0.93486742	      0.14707275	      0.07410961	      0.88124993	      0.12102524	      0.04295182	      0.99124600	      0.11335741	      0.08300613	      0.60698789	     -0.08876007	      0.43283744	      0.39771668	     -0.08911402	      0.10361501	      0.33932632	     -0.06109160	      0.10699888	      0.44954029	     -0.06312986	      0.07514314	      0.80945788	      0.21084633	      0.61706374	      0.88345816	      0.21649356	      0.28367895	      0.64972011	     -0.16378832	      0.59611879	      0.50725524	     -0.16227036	      0.30970798
      2.22000000	      0.78181753	      0.11493837	      0.88886261	      0.76403121	     -0.07893393	      0.90102118	      0.63405391	      0.07035076	      0.92427278	      0.62160406	     -0.01249715	      0.92193684	      0.87574524	      0.14751537	      0.46188716	      0.93916599	      0.14608352	      0.07267120	      0.88385820	      0.12026282	      0.04312511	      0.99491574	      0.11139524	      0.07986565	      0.62318277	     -0.08741913	      0.43170360	      0.40256494	     -0.08881500	      0.10891644	      0.34453664	     -0.06021200	      0.11499683	      0.45305106	     -0.06321437	      0.07782606	      0.82617370	      0.21063260	      0.61755811	      0.89523133	      0.21562840	      0.28389317	      0.66435641	     -0.16225510	      0.59547291	      0.51870036	     -0.16121970	      0.31163541
      2.23000000	      0.79550444	      0.11664235	      0.88936125	      0.77797222	     -0.07732246	      0.90035785	      0.64778572	      0.07164757	      0.92444221	      0.63544762	     -0.01120150	      0.92160778	      0.89088997	      0.14622503	      0.46233871	      0.94228305	      0.14522631	      0.07142925	      0.88539623	      0.11969970	      0.04352610	      0.99739970	      0.10964126	      0.07693761	      0.64067202	     -0.08606388	      0.43050854	      0.40847961	     -0.08839554	      0.11476474	      0.35101052	     -0.05910420	      0.12380903	      0.45734731	     -0.06319815	      0.08089296	      0.84259665	      0.21033141	      0.61800726	      0.90620034	      0.21470322	      0.28415552	      0.67981379	     -0.16069826	      0.59486702	      0.53134448	     -0.16010305	      0.31372985
      2.24000000	      0.80915585	      0.11842370	      0.89005781	      0.79201904	     -0.07564010	      0.89986718	      0.66148643	      0.07290831	      0.92467160	      0.64932716	     -0.00994804	      0.92132376	      0.90545325	      0.14489541	      0.46268172	      0.94446339	      0.14453316	      0.07041837	      0.88617131	      0.11933473	      0.04408060	      0.99895333	      0.10815061	      0.07436940	      0.65941439	     -0.08470151	      0.42926834	      0.41557196	     -0.08783022	      0.12113466	      0.35889043	     -0.05776146	      0.13333022	      0.46254800	     -0.06304562	      0.08440939	      0.85854411	      0.21001874	      0.61835141	      0.91632850	      0.21379253	      0.28441144	      0.69604925	     -0.15912260	      0.59430007	      0.54521271	     -0.15891655	      0.31598041
      2.25000000	      0.82273343	      0.12026340	      0.89093436	      0.80612793	     -0.07390321	      0.89955051	      0.67512084	      0.07412436	      0.92495987	      0.66320447	     -0.00874465	      0.92109236	      0.91928606	      0.14364096	      0.46287569	      0.94591532	      0.14401722	      0.06965022	      0.88641605	      0.11913059	      0.04474627	      0.99981355	      0.10696130	      0.07222707	      0.67931329	     -0.08335310	      0.42803511	      0.42394826	     -0.08709743	      0.12798030	      0.36830728	     -0.05616938	      0.14344984	      0.46877178	     -0.06272595	      0.08840480	      0.87385828	      0.20977493	      0.61855866	      0.92559127	      0.21296818	      0.28462502	      0.71298891	     -0.15754784	      0.59379751	      0.56029010	     -0.15766572	      0.31839006
      2.26000000	      0.83621486	      0.12212525	      0.89195768	      0.82022173	     -0.07214162	      0.89939116	      0.68867398	      0.07530789	      0.92536199	      0.67703669	     -0.00757510	      0.92097845	      0.93222804	      0.14257899	      0.46289982	      0.94682375	      0.14367185	      0.06911104	      0.88634025	      0.11909131	      0.04545931	      1.00020007	      0.10606958	      0.07053230	      0.70025779	     -0.08201712	      0.42687136	      0.43368092	     -0.08618194	      0.13524134	      0.37932373	     -0.05434311	      0.15399526	      0.47614658	     -0.06220914	      0.09292545	      0.88838081	      0.20968162	      0.61862145	      0.93395693	      0.21229707	      0.28476467	      0.73053504	     -0.15597719	      0.59339246	      0.57654735	     -0.15634781	      0.32095830
      2.27000000	      0.84955081	      0.12399407	      0.89311581	      0.83426310	     -0.07037030	      0.89939531	      0.70210393	      0.07643852	      0.92588639	      0.69078616	     -0.00646052	      0.92099877	      0.94419152	      0.14179191	      0.46275067	      0.94733794	      0.14348697	      0.06876341	      0.88608001	      0.11916984	      0.04616019	      1.00027613	      0.10546561	      0.06926257	      0.72209231	     -0.08071152	      0.42585532	      0.44481121	     -0.08507699	      0.14282904	      0.39195327	     -0.05229085	      0.16477777	      0.48478702	     -0.06148314	      0.09796867	      0.90202981	      0.20978909	      0.61854971	      0.94143784	      0.21182685	      0.28481044	      0.74857984	     -0.15443103	      0.59312733	      0.59390599	     -0.15497284	      0.32368858
      2.28000000	      0.86272475	      0.12584964	      0.89439218	      0.84819834	     -0.06860614	      0.89954849	      0.71539914	      0.07752535	      0.92657836	      0.70442222	     -0.00538923	      0.92120150	      0.95511503	      0.14135873	      0.46244818	      0.94757507	      0.14344292	      0.06857005	      0.88574167	      0.11933313	      0.04681079	      1.00017755	      0.10512849	      0.06837316	      0.74466583	     -0.07944625	      0.42506139	      0.45734323	     -0.08377986	      0.15064051	      0.40613529	     -0.05002947	      0.17557317	      0.49481024	     -0.06054931	      0.10351661	      0.91473752	      0.21015254	      0.61837007	      0.94804150	      0.21159743	      0.28475564	      0.76699983	     -0.15291671	      0.59304759	      0.61227106	     -0.15354617	      0.32658052
      2.29000000	      0.87570382	      0.12767348	      0.89575905	      0.86197367	     -0.06686468	      0.89988673	      0.72852559	      0.07857543	      0.92744461	      0.71790097	     -0.00435487	      0.92162113	      0.96497625	      0.14128443	      0.46200495	      0.94763389	      0.14351515	      0.06847480	      0.88539765	      0.11956567	      0.04736588	      0.99999929	      0.10501230	      0.06778501	      0.76779235	     -0.07823739	      0.42458923	      0.47126130	     -0.08228841	      0.15854536	      0.42176414	     -0.04756894	      0.18615043	      0.50632623	     -0.05941015	      0.10950123	      0.92650125	      0.21075860	      0.61810614	      0.95382059	      0.21160607	      0.28459240	      0.78566154	     -0.15145730	      0.59321787	      0.63151907	     -0.15207817	      0.32963508
      2.30000000	      0.88839158	      0.12950626	      0.89711052	      0.87567660	     -0.06511775	      0.90034717	      0.74147248	      0.07949646	      0.92857194	      0.73128044	     -0.00346060	      0.92236874	      0.97376630	      0.14149158	      0.46147114	      0.94758700	      0.14368319	      0.06845721	      0.88504301	      0.11995244	      0.04799206	      0.99979249	      0.10502851	      0.06728223	      0.79133287	     -0.07714950	      0.42450770	      0.48650152	     -0.08057682	      0.16643503	      0.43856095	     -0.04499850	      0.19614063	      0.51955303	     -0.05806871	      0.11591898	      0.93733025	      0.21152958	      0.61780944	      0.95886467	      0.21180646	      0.28435881	      0.80443685	     -0.15010760	      0.59368654	      0.65150822	     -0.15058989	      0.33285563
      2.31000000	      0.90105807	      0.13120986	      0.89863698	      0.88900691	     -0.06346895	      0.90099942	      0.75429858	      0.08055859	      0.92981589	      0.74439245	     -0.00240426	      0.92323822	      0.98163718	      0.14224555	      0.46085655	      0.94745631	      0.14389141	      0.06847254	      0.88485363	      0.12009954	      0.04820886	      0.99965961	      0.10531049	      0.06726532	      0.81513267	     -0.07605523	      0.42481871	      0.50299713	     -0.07872469	      0.17410181	      0.45668491	     -0.04214280	      0.20580743	      0.53407265	     -0.05656703	      0.12232606	      0.94723394	      0.21272056	      0.61745878	      0.96308150	      0.21231223	      0.28400888	      0.82327271	     -0.14874847	      0.59442270	      0.67216813	     -0.14905211	      0.33615144
      2.32000000	      0.91341441	      0.13291564	      0.90012712	      0.90222859	     -0.06182189	      0.90180776	      0.76691361	      0.08150321	      0.93127681	      0.75736834	     -0.00147881	      0.92441357	      0.98854933	      0.14318168	      0.46020656	      0.94731511	      0.14415554	      0.06850713	      0.88467501	      0.12035753	      0.04851969	      0.99955430	      0.10564703	      0.06719127	      0.83903180	     -0.07514374	      0.42562644	      0.52066426	     -0.07667753	      0.18143101	      0.47566780	     -0.03913282	      0.21452802	      0.55032814	     -0.05492655	      0.12883991	      0.95634925	      0.21398531	      0.61712874	      0.96672897	      0.21294149	      0.28361888	      0.84201249	     -0.14754638	      0.59552362	      0.69329288	     -0.14753696	      0.33955488
      2.33000000	      0.92549139	      0.13462055	      0.90160161	      0.91532391	     -0.06017644	      0.90278941	      0.77932297	      0.08236273	      0.93290556	      0.77019658	     -0.00064958	      0.92584183	      0.99459105	      0.14426248	      0.45954338	      0.94718687	      0.14445144	      0.06854128	      0.88449923	      0.12066113	      0.04894917	      0.99948456	      0.10601570	      0.06700919	      0.86290445	     -0.07444608	      0.42694700	      0.53942167	     -0.07444935	      0.18824734	      0.49545667	     -0.03607270	      0.22225721	      0.56814120	     -0.05312328	      0.13512343	      0.96477028	      0.21530051	      0.61682940	      0.96987871	      0.21366317	      0.28319515	      0.86058213	     -0.14651343	      0.59699694	      0.71476071	     -0.14606525	      0.34301246
      2.34000000	      0.93752437	      0.13619798	      0.90308343	      0.92805621	     -0.05863605	      0.90392437	      0.79161884	      0.08335802	      0.93463558	      0.78277244	      0.00032712	      0.92743548	      0.99998937	      0.14566418	      0.45889274	      0.94705015	      0.14471861	      0.06859586	      0.88453541	      0.12079845	      0.04895857	      0.99952860	      0.10650815	      0.06725150	      0.88665780	     -0.07379354	      0.42873900	      0.55917547	     -0.07212531	      0.19436930	      0.51594160	     -0.03265664	      0.22889595	      0.58745640	     -0.05130117	      0.14112309	      0.97250809	      0.21684687	      0.61653909	      0.97246825	      0.21453737	      0.28274704	      0.87895479	     -0.14552676	      0.59877161	      0.73654135	     -0.14458998	      0.34640573
      2.35000000	      0.94928652	      0.13778311	      0.90451403	      0.94067586	     -0.05709126	      0.90521331	      0.80371428	      0.08427588	      0.93647841	      0.79520958	      0.00121322	      0.92923310	      1.00470539	      0.14705453	      0.45827789	      0.94696056	      0.14498463	      0.06865377	      0.88454251	      0.12098326	      0.04918914	      0.99959733	      0.10695244	      0.06729448	      0.91017496	     -0.07337869	      0.43103154	      0.57986084	     -0.06967904	      0.19965081	      0.53705043	     -0.02919963	      0.23427385	      0.60817221	     -0.04938029	      0.14652139	      0.97976240	      0.21832380	      0.61630671	      0.97474959	      0.21540578	      0.28231260	      0.89704503	     -0.14472303	      0.60089522	      0.75846555	     -0.14319405	      0.34971999
      2.36000000	      0.96087297	      0.13932295	      0.90589352	      0.95311192	     -0.05558694	      0.90663721	      0.81565037	      0.08518630	      0.93838418	      0.80748080	      0.00208684	      0.93117522	      1.00888689	      0.14846404	      0.45771472	      0.94690302	      0.14522162	      0.06873151	      0.88458645	      0.12112550	      0.04944003	      0.99970485	      0.10737386	      0.06735443	      0.93338739	     -0.07315778	      0.43377975	      0.60141641	     -0.06715726	      0.20394367	      0.55872521	     -0.02567869	      0.23827060	      0.63021499	     -0.04741260	      0.15119070	      0.98659434	      0.21977116	      0.61612213	      0.97674081	      0.21626968	      0.28190596	      0.91482628	     -0.14407044	      0.60331724	      0.78048361	     -0.14187464	      0.35286347
      2.37000000	      0.97228948	      0.14081294	      0.90719274	      0.96537580	     -0.05412778	      0.90817789	      0.82743557	      0.08608403	      0.94033056	      0.81959686	      0.00294216	      0.93324433	      1.01262984	      0.14982780	      0.45721500	      0.94688948	      0.14542506	      0.06883708	      0.88465619	      0.12123330	      0.04974703	      0.99984445	      0.10774837	      0.06741337	      0.95622100	     -0.07312050	      0.43694836	      0.62379526	     -0.06460623	      0.20712190	      0.58096353	     -0.02216597	      0.24080932	      0.65346800	     -0.04542524	      0.15497128	      0.99310032	      0.22113656	      0.61598599	      0.97852932	      0.21709316	      0.28154362	      0.93227041	     -0.14356654	      0.60600398	      0.80253773	     -0.14064541	      0.35576250
      2.38000000	      0.98353678	      0.14226139	      0.90840662	      0.97748526	     -0.05270541	      0.90981390	      0.83906531	      0.08696430	      0.94226296	      0.83156294	      0.00377455	      0.93537738	      1.01605137	      0.15112463	      0.45678581	      0.94690781	      0.14559248	      0.06898741	      0.88473919	      0.12130170	      0.05012387	      1.00000284	      0.10807461	      0.06749086	      0.97862496	     -0.07326069	      0.44047414	      0.64696002	     -0.06207617	      0.20909397	      0.60375618	     -0.01870619	      0.24180863	      0.67785918	     -0.04346909	      0.15777528	      0.99936135	      0.22241071	      0.61589051	      0.98017424	      0.21786371	      0.28124122	      0.94937022	     -0.14320368	      0.60890282	      0.82458581	     -0.13952222	      0.35834558
      2.39000000	      0.99457975	      0.14367548	      0.90945426	      0.98951014	     -0.05131346	      0.91151984	      0.85055276	      0.08776925	      0.94419246	      0.84343311	      0.00452120	      0.93761188	      1.01924622	      0.15228505	      0.45642617	      0.94696327	      0.14572947	      0.06918862	      0.88481886	      0.12135331	      0.05061221	      1.00016961	      0.10833931	      0.06755677	      1.00053570	     -0.07357626	      0.44432054	      0.67089567	     -0.05960237	      0.20979738	      0.62721265	     -0.01542069	      0.24133950	      0.70320597	     -0.04153569	      0.15943050	      1.00544357	      0.22352689	      0.61582710	      0.98175543	      0.21854784	      0.28101038	      0.96610486	     -0.14299948	      0.61198393	      0.84658780	     -0.13851877	      0.36055989
      2.40000000	      1.00559483	      0.14498787	      0.91051464	      1.00129877	     -0.05001172	      0.91322707	      0.86193516	      0.08863139	      0.94603749	      0.85511456	      0.00533536	      0.93975403	      1.02217586	      0.15337156	      0.45614026	      0.94705940	      0.14582324	      0.06942878	      0.88491856	      0.12139810	      0.05112094	      1.00033923	      0.10851382	      0.06768429	      1.02196193	     -0.07391828	      0.44834613	      0.69558415	     -0.05726237	      0.20919575	      0.65119099	     -0.01231165	      0.23919212	      0.72963077	     -0.03974444	      0.16006751	      1.01143940	      0.22456429	      0.61579894	      0.98327430	      0.21917581	      0.28082733	      0.98252080	     -0.14281410	      0.61512095	      0.86858265	     -0.13758645	      0.36231145
      2.41000000	      1.01642033	      0.14626217	      0.91141892	      1.01301928	     -0.04874290	      0.91489879	      0.87317911	      0.08939590	      0.94780855	      0.86670732	      0.00604635	      0.94187564	      1.02503636	      0.15435542	      0.45592777	      0.94719041	      0.14588990	      0.06974398	      0.88502671	      0.12140673	      0.05175946	      1.00053123	      0.10865282	      0.06783187	      1.04283708	     -0.07438420	      0.45251030	      0.72102818	     -0.05507184	      0.20729387	      0.67591265	     -0.00948286	      0.23560667	      0.75688158	     -0.03806584	      0.15949421	      1.01732967	      0.22548796	      0.61578814	      0.98478456	      0.21973593	      0.28072955	      0.99857458	     -0.14274244	      0.61829348	      0.89050813	     -0.13678151	      0.36357865
      2.42000000	      1.02709206	      0.14747657	      0.91219024	      1.02466673	     -0.04752527	      0.91655540	      0.88428908	      0.09007178	      0.94944644	      0.87820283	      0.00666569	      0.94391355	      1.02787381	      0.15523513	      0.45576324	      0.94735324	      0.14594686	      0.07011596	      0.88514842	      0.12141362	      0.05248274	      1.00074041	      0.10876766	      0.06800211	      1.06312488	     -0.07487732	      0.45673441	      0.74723354	     -0.05308538	      0.20412077	      0.70133880	     -0.00699174	      0.23055499	      0.78500009	     -0.03655443	      0.15780271	      1.02317753	      0.22629185	      0.61577404	      0.98631658	      0.22023586	      0.28069723	      1.01430433	     -0.14273362	      0.62144068	      0.91237915	     -0.13607849	      0.36432042
      2.43000000	      1.03766076	      0.14861457	      0.91283900	      1.03620542	     -0.04637475	      0.91810215	      0.89530089	      0.09068766	      0.95097251	      0.88959783	      0.00722856	      0.94584565	      1.03069413	      0.15603148	      0.45565010	      0.94755548	      0.14599661	      0.07054638	      0.88529138	      0.12143201	      0.05328808	      1.00097003	      0.10885319	      0.06820460	      1.08282242	     -0.07530358	      0.46092588	      0.77421444	     -0.05134026	      0.19974491	      0.72752704	     -0.00489148	      0.22416371	      0.81392840	     -0.03523189	      0.15502382	      1.02900612	      0.22700470	      0.61575795	      0.98788582	      0.22068887	      0.28072725	      1.02971995	     -0.14271509	      0.62448595	      0.93422731	     -0.13544381	      0.36450938
      2.44000000	      1.04811187	      0.14968955	      0.91335619	      1.04766651	     -0.04527846	      0.91951485	      0.90620723	      0.09122010	      0.95234877	      0.90090587	      0.00771066	      0.94762660	      1.03357810	      0.15676863	      0.45557162	      0.94779626	      0.14605488	      0.07103650	      0.88546609	      0.12146296	      0.05417792	      1.00123444	      0.10894482	      0.06843493	      1.10190371	     -0.07565135	      0.46499835	      0.80198084	     -0.04986492	      0.19425155	      0.75450392	     -0.00319383	      0.21651809	      0.84366230	     -0.03413303	      0.15125240	      1.03483135	      0.22765070	      0.61572383	      0.98950883	      0.22111341	      0.28081673	      1.04482704	     -0.14268077	      0.62737257	      0.95604789	     -0.13488309	      0.36413419
      2.45000000	      1.05841634	      0.15071738	      0.91374845	      1.05909682	     -0.04421971	      0.92079972	      0.91698921	      0.09162797	      0.95353329	      0.91214312	      0.00806915	      0.94921251	      1.03658189	      0.15744547	      0.45550814	      0.94807375	      0.14612879	      0.07158080	      0.88568382	      0.12154665	      0.05514751	      1.00154191	      0.10904921	      0.06867515	      1.12034526	     -0.07589049	      0.46886701	      0.83055564	     -0.04868913	      0.18773329	      0.78245919	     -0.00177560	      0.20799299	      0.87401455	     -0.03327191	      0.14641653	      1.04067588	      0.22822845	      0.61565676	      0.99120565	      0.22151142	      0.28095741	      1.05965317	     -0.14261989	      0.63004932	      0.97785060	     -0.13439502	      0.36318571
      2.46000000	      1.06870084	      0.15165852	      0.91399687	      1.07038932	     -0.04324285	      0.92182367	      0.92773848	      0.09202231	      0.95460673	      0.92329409	      0.00842361	      0.95063992	      1.03967252	      0.15810883	      0.45546409	      0.94840008	      0.14623168	      0.07217483	      0.88593655	      0.12161467	      0.05618376	      1.00188851	      0.10919123	      0.06895405	      1.13816815	     -0.07590848	      0.47248700	      0.85994519	     -0.04780608	      0.18037432	      0.81095002	     -0.00102278	      0.19795655	      0.90553338	     -0.03267216	      0.14122592	      1.04654490	      0.22879370	      0.61556090	      0.99297240	      0.22191519	      0.28114081	      1.07418039	     -0.14243960	      0.63247218	      0.99968205	     -0.13392016	      0.36171056
      2.47000000	      1.07885245	      0.15257030	      0.91414472	      1.08166229	     -0.04228945	      0.92265561	      0.93837684	      0.09229169	      0.95548621	      0.93438664	      0.00865584	      0.95183202	      1.04290673	      0.15871698	      0.45542048	      0.94876962	      0.14637032	      0.07281498	      0.88623593	      0.12179618	      0.05727707	      1.00226955	      0.10933987	      0.06924857	      1.15533116	     -0.07575436	      0.47576460	      0.89018005	     -0.04725772	      0.17225771	      0.84054739	     -0.00044057	      0.18744887	      0.93758513	     -0.03234253	      0.13518030	      1.05249103	      0.22930271	      0.61542162	      0.99486009	      0.22230676	      0.28135943	      1.08844373	     -0.14218187	      0.63460268	      1.02152585	     -0.13350335	      0.35970058
      2.48000000	      1.08888209	      0.15344122	      0.91412199	      1.09293004	     -0.04136544	      0.92332161	      0.94892082	      0.09244247	      0.95614600	      0.94543802	      0.00877086	      0.95280479	      1.04641593	      0.15934760	      0.45533318	      0.94917085	      0.14653857	      0.07350088	      0.88659966	      0.12188888	      0.05845774	      1.00274273	      0.10961975	      0.06952728	      1.17180978	     -0.07543918	      0.47866968	      0.92126889	     -0.04701370	      0.16356861	      0.87102602	     -0.00020055	      0.17617474	      0.97048461	     -0.03227759	      0.12879210	      1.05841026	      0.22983136	      0.61521671	      0.99678512	      0.22271422	      0.28161532	      1.10242988	     -0.14187129	      0.63643306	      1.04337360	     -0.13314046	      0.35721127
      2.49000000	      1.09889887	      0.15427928	      0.91403497	      1.10408436	     -0.04048099	      0.92363723	      0.95944912	      0.09258234	      0.95673483	      0.95642671	      0.00888534	      0.95358697	      1.04993741	      0.15989585	      0.45527221	      0.94963293	      0.14674412	      0.07422310	      0.88697596	      0.12219792	      0.05967785	      1.00318720	      0.10979782	      0.06984964	      1.18764126	     -0.07486269	      0.48115877	      0.95322167	     -0.04706680	      0.15449870	      0.90236191	     -0.00056968	      0.16426068	      1.00425758	     -0.03242501	      0.12220631	      1.06451758	      0.23029452	      0.61497824	      0.99891338	      0.22310671	      0.28188065	      1.11611483	     -0.14138196	      0.63792368	      1.06527374	     -0.13277539	      0.35430668
      2.50000000	      1.10888162	      0.15504990	      0.91374503	      1.11520729	     -0.03964914	      0.92389023	      0.96991738	      0.09268333	      0.95705063	      0.96736280	      0.00896174	      0.95415232	      1.05382437	      0.16054266	      0.45510954	      0.95011301	      0.14697270	      0.07497331	      0.88744025	      0.12225216	      0.06097198	      1.00377440	      0.11021642	      0.07012532	      1.20270864	     -0.07402289	      0.48321766	      0.98603724	     -0.04742429	      0.14520252	      0.93466569	     -0.00106295	      0.15201505	      1.03876306	     -0.03281907	      0.11566473	      1.07052503	      0.23085141	      0.61464743	      1.00098736	      0.22354247	      0.28216968	      1.12954856	     -0.14080139	      0.63911607	      1.08719290	     -0.13242791	      0.35103444
      2.51000000	      1.11869018	      0.15590676	      0.91344652	      1.12638657	     -0.03873591	      0.92372520	      0.98032135	      0.09262729	      0.95733045	      0.97832880	      0.00888779	      0.95450963	      1.05770166	      0.16102387	      0.45499100	      0.95064884	      0.14722087	      0.07577499	      0.88788492	      0.12267228	      0.06231769	      1.00426948	      0.11040528	      0.07046833	      1.21713387	     -0.07321360	      0.48475793	      1.01970010	     -0.04797743	      0.13591576	      0.96795573	     -0.00213471	      0.13969818	      1.07404487	     -0.03335981	      0.10910163	      1.07681181	      0.23127400	      0.61428410	      1.00337412	      0.22392030	      0.28246004	      1.14258336	     -0.14017604	      0.63991699	      1.10905384	     -0.13216622	      0.34746485
      2.52000000	      1.12851666	      0.15670613	      0.91297160	      1.13753488	     -0.03786782	      0.92347393	      0.99071604	      0.09257032	      0.95739694	      0.98926826	      0.00881587	      0.95469004	      1.06187349	      0.16157113	      0.45477950	      0.95120238	      0.14747584	      0.07660319	      0.88840000	      0.12290398	      0.06373382	      1.00486982	      0.11075774	      0.07077137	      1.23074796	     -0.07216971	      0.48581647	      1.05417218	     -0.04873854	      0.12681769	      1.00215531	     -0.00355562	      0.12747367	      1.11001644	     -0.03399710	      0.10286973	      1.08305413	      0.23176573	      0.61383505	      1.00574001	      0.22432157	      0.28276296	      1.15530738	     -0.13945529	      0.64040447	      1.13087757	     -0.13189612	      0.34367238
      2.53000000	      1.13832668	      0.15750116	      0.91238827	      1.14868651	     -0.03699911	      0.92301706	      1.00111099	      0.09247894	      0.95733256	      1.00021639	      0.00871444	      0.95469822	      1.06621864	      0.16209472	      0.45452263	      0.95178398	      0.14772241	      0.07746963	      0.88894409	      0.12310819	      0.06520352	      1.00549282	      0.11111088	      0.07109743	      1.24356758	     -0.07096132	      0.48633826	      1.08938029	     -0.04965944	      0.11812486	      1.03724691	     -0.00508508	      0.11552214	      1.14658082	     -0.03474149	      0.09728337	      1.08938319	      0.23225202	      0.61331786	      1.00820730	      0.22470517	      0.28307004	      1.16768179	     -0.13863776	      0.64053724	      1.15261869	     -0.13162713	      0.33972599
      2.54000000	      1.14815700	      0.15830073	      0.91171692	      1.15986404	     -0.03612072	      0.92238927	      1.01152366	      0.09237118	      0.95711128	      1.01118708	      0.00860147	      0.95451233	      1.07072083	      0.16260194	      0.45421315	      0.95239230	      0.14795376	      0.07836740	      0.88951832	      0.12329379	      0.06672441	      1.00613684	      0.11145270	      0.07143468	      1.25556238	     -0.06960669	      0.48628708	      1.12521717	     -0.05066384	      0.11004995	      1.07312015	     -0.00686029	      0.10418809	      1.18360916	     -0.03546319	      0.09235116	      1.09581446	      0.23274004	      0.61272349	      1.01076878	      0.22507213	      0.28337084	      1.17969850	     -0.13772816	      0.64030077	      1.17421480	     -0.13133758	      0.33569533
      2.55000000	      1.15802715	      0.15908822	      0.91095027	      1.17109613	     -0.03524832	      0.92158804	      1.02197699	      0.09222445	      0.95672815	      1.02220714	      0.00845438	      0.95412945	      1.07541138	      0.16308806	      0.45384110	      0.95302516	      0.14816725	      0.07930266	      0.89012476	      0.12344475	      0.06830433	      1.00680545	      0.11179206	      0.07178433	      1.26670661	     -0.06810162	      0.48562501	      1.16152735	     -0.05167041	      0.10279978	      1.10961388	     -0.00881489	      0.09367733	      1.22094473	     -0.03606180	      0.08828223	      1.10235811	      0.23322250	      0.61204857	      1.01342744	      0.22541739	      0.28366862	      1.19137018	     -0.13673215	      0.63967160	      1.19560830	     -0.13099862	      0.33164553
      2.56000000	      1.16793893	      0.15989527	      0.91013886	      1.18248712	     -0.03434269	      0.92065649	      1.03246088	      0.09198441	      0.95607183	      1.03331874	      0.00821979	      0.95342890	      1.08031764	      0.16356862	      0.45337928	      0.95367820	      0.14836536	      0.08026582	      0.89076298	      0.12354421	      0.06993881	      1.00750000	      0.11214509	      0.07213118	      1.27706559	     -0.06650893	      0.48428092	      1.19807594	     -0.05261092	      0.09655298	      1.14654120	     -0.01067007	      0.08406527	      1.25832369	     -0.03653200	      0.08544219	      1.10904626	      0.23371327	      0.61126837	      1.01618131	      0.22574897	      0.28394843	      1.20278497	     -0.13567943	      0.63859849	      1.21673581	     -0.13061406	      0.32762045
      2.57000000	      1.17792465	      0.16070097	      0.90922071	      1.19402009	     -0.03342985	      0.91945868	      1.04304697	      0.09166085	      0.95523699	      1.04456292	      0.00790922	      0.95248046	      1.08552262	      0.16403129	      0.45282494	      0.95435834	      0.14854253	      0.08129025	      0.89144655	      0.12362422	      0.07166379	      1.00822741	      0.11249695	      0.07249651	      1.28665952	     -0.06478669	      0.48227049	      1.23461150	     -0.05336711	      0.09149233	      1.18350419	     -0.01278849	      0.07605123	      1.29552392	     -0.03656328	      0.08328986	      1.11591086	      0.23421086	      0.61038748	      1.01908312	      0.22605760	      0.28422764	      1.21395261	     -0.13453874	      0.63707501	      1.23754859	     -0.13012395	      0.32370907
      2.58000000	      1.18813007	      0.16147947	      0.90832290	      1.20567333	     -0.03255566	      0.91797963	      1.05376353	      0.09129554	      0.95410361	      1.05590555	      0.00756626	      0.95109525	      1.09088520	      0.16448475	      0.45220077	      0.95508952	      0.14871055	      0.08234585	      0.89216969	      0.12378885	      0.07342807	      1.00896307	      0.11277511	      0.07289588	      1.29571545	     -0.06280841	      0.47956680	      1.27076757	     -0.05388887	      0.08770500	      1.22012809	     -0.01493402	      0.06934781	      1.33214986	     -0.03609220	      0.08236765	      1.12307290	      0.23472094	      0.60938029	      1.02216749	      0.22636354	      0.28446469	      1.22519928	     -0.13321207	      0.63508810	      1.25817094	     -0.12948189	      0.31998044
      2.59000000	      1.19849877	      0.16226753	      0.90746568	      1.21759774	     -0.03165770	      0.91634755	      1.06454686	      0.09078729	      0.95244885	      1.06738649	      0.00709225	      0.94908631	      1.09660282	      0.16497563	      0.45141806	      0.95585948	      0.14888688	      0.08343355	      0.89295283	      0.12393009	      0.07526637	      1.00974761	      0.11309992	      0.07327534	      1.30451979	     -0.06083018	      0.47621016	      1.30614352	     -0.05406469	      0.08520621	      1.25603717	     -0.01677481	      0.06409966	      1.36778303	     -0.03510800	      0.08261499	      1.13053903	      0.23528425	      0.60819688	      1.02541694	      0.22668805	      0.28465533	      1.23667843	     -0.13184893	      0.63263895	      1.27852254	     -0.12875209	      0.31647171
      2.60000000	      1.20911284	      0.16304489	      0.90666632	      1.22977592	     -0.03076101	      0.91460103	      1.07541678	      0.09018670	      0.95017577	      1.07898878	      0.00653907	      0.94636177	      1.10272052	      0.16555073	      0.45045675	      0.95668339	      0.14909066	      0.08456225	      0.89381466	      0.12400727	      0.07720875	      1.01060302	      0.11352278	      0.07362645	      1.31344559	     -0.05891290	      0.47234733	      1.34029733	     -0.05381546	      0.08391666	      1.29082595	     -0.01815107	      0.06007523	      1.40194873	     -0.03359411	      0.08414388	      1.13834366	      0.23594446	      0.60682261	      1.02883244	      0.22706138	      0.28480348	      1.24862647	     -0.13046982	      0.62980897	      1.29865348	     -0.12793336	      0.31325742
      2.61000000	      1.21995888	      0.16384703	      0.90579994	      1.24214549	     -0.02984190	      0.91235778	      1.08656088	      0.08956670	      0.94779319	      1.09084127	      0.00598353	      0.94334768	      1.10914422	      0.16606926	      0.44944727	      0.95762099	      0.14934421	      0.08580882	      0.89474840	      0.12439644	      0.07928331	      1.01146816	      0.11381605	      0.07410330	      1.32282467	     -0.05702985	      0.46828027	      1.37282842	     -0.05306861	      0.08371395	      1.32376413	     -0.01950919	      0.05787308	      1.43445545	     -0.03121352	      0.08573882	      1.14663927	      0.23658871	      0.60531804	      1.03266563	      0.22744759	      0.28493097	      1.26106870	     -0.12900087	      0.62678091	      1.31860604	     -0.12697409	      0.31047984
      2.62000000	      1.23110175	      0.16464189	      0.90490246	      1.25474309	     -0.02891564	      0.91012012	      1.09787753	      0.08898650	      0.94494734	      1.10285902	      0.00547815	      0.93987072	      1.11601896	      0.16666080	      0.44828952	      0.95867036	      0.14967326	      0.08715508	      0.89580844	      0.12478433	      0.08154335	      1.01243906	      0.11423479	      0.07459471	      1.33306715	     -0.05538434	      0.46424965	      1.40331358	     -0.05177025	      0.08426907	      1.35480856	     -0.02024805	      0.05651413	      1.46484841	     -0.02837512	      0.08799815	      1.15532367	      0.23730659	      0.60365645	      1.03674701	      0.22790167	      0.28505864	      1.27403335	     -0.12761997	      0.62366454	      1.33817439	     -0.12587268	      0.30807831
      2.63000000	      1.24252704	      0.16544292	      0.90387355	      1.26752413	     -0.02797315	      0.90787645	      1.10945197	      0.08852566	      0.94196274	      1.11509440	      0.00509651	      0.93630849	      1.12333509	      0.16724300	      0.44705260	      0.95988373	      0.15011497	      0.08865806	      0.89701406	      0.12532751	      0.08404320	      1.01350924	      0.11471830	      0.07517772	      1.34429259	     -0.05384881	      0.46052465	      1.43146572	     -0.04994210	      0.08525618	      1.38353530	     -0.02040806	      0.05594026	      1.49292858	     -0.02508439	      0.09025210	      1.16445985	      0.23801141	      0.60189173	      1.04121062	      0.22840869	      0.28522229	      1.28744864	     -0.12627428	      0.62064772	      1.35726190	     -0.12455260	      0.30605456
      2.64000000	      1.25423742	      0.16625222	      0.90265583	      1.28047551	     -0.02701588	      0.90576314	      1.12131838	      0.08823854	      0.93902091	      1.12756665	      0.00488320	      0.93293174	      1.13110705	      0.16777725	      0.44576949	      0.96129958	      0.15069543	      0.09035612	      0.89839918	      0.12606355	      0.08683936	      1.01469965	      0.11527863	      0.07587742	      1.35643897	     -0.05231175	      0.45727414	      1.45706817	     -0.04761796	      0.08633681	      1.40968355	     -0.01990656	      0.05581280	      1.51849351	     -0.02143476	      0.09220122	      1.17405217	      0.23864935	      0.60006606	      1.04610111	      0.22896184	      0.28545747	      1.30122402	     -0.12494250	      0.61787353	      1.37571219	     -0.12296060	      0.30434953
      2.65000000	      1.26622784	      0.16706530	      0.90120333	      1.29358103	     -0.02605434	      0.90389806	      1.13348444	      0.08815290	      0.93624682	      1.14027348	      0.00485611	      0.92993924	      1.13935969	      0.16825652	      0.44444991	      0.96295703	      0.15144420	      0.09227060	      0.90001506	      0.12700065	      0.08996893	      1.01605059	      0.11596493	      0.07669308	      1.36938158	     -0.05068735	      0.45459723	      1.47999243	     -0.04486083	      0.08721758	      1.43302395	     -0.01871670	      0.05585617	      1.54138225	     -0.01749033	      0.09357930	      1.18406857	      0.23919579	      0.59821371	      1.05142932	      0.22956805	      0.28579266	      1.31534576	     -0.12361133	      0.61546458	      1.39345288	     -0.12109604	      0.30291171
      2.66000000	      1.27850107	      0.16789234	      0.89954735	      1.30681663	     -0.02508716	      0.90233891	      1.14593116	      0.08829046	      0.93367630	      1.15318494	      0.00503220	      0.92737747	      1.14810690	      0.16867103	      0.44310853	      0.96488991	      0.15237969	      0.09442540	      0.90188912	      0.12814000	      0.09338949	      1.01759606	      0.11679102	      0.07772477	      1.38292004	     -0.04890712	      0.45246321	      1.50018858	     -0.04176324	      0.08763658	      1.45344953	     -0.01656228	      0.05553278	      1.56123842	     -0.01344283	      0.09474864	      1.19454251	      0.23964033	      0.59634580	      1.05723836	      0.23023240	      0.28623830	      1.33002448	     -0.12222218	      0.61353165	      1.41060558	     -0.11903694	      0.30171254
      2.67000000	      1.29106912	      0.16871741	      0.89754281	      1.32020667	     -0.02412745	      0.90108070	      1.15872963	      0.08865857	      0.93149671	      1.16636332	      0.00541172	      0.92550336	      1.15739868	      0.16912415	      0.44172112	      0.96715470	      0.15351275	      0.09682116	      0.90416271	      0.12940648	      0.09738221	      1.01939684	      0.11788925	      0.07865449	      1.39693126	     -0.04701691	      0.45096780	      1.51768120	     -0.03837113	      0.08753518	      1.47062448	     -0.01410251	      0.05564634	      1.57859480	     -0.00899883	      0.09414859	      1.20524610	      0.24005891	      0.59453948	      1.06340907	      0.23099493	      0.28685556	      1.34481906	     -0.12086396	      0.61204856	      1.42683686	     -0.11675034	      0.30067565
      2.68000000	      1.30390936	      0.16956403	      0.89537315	      1.33373360	     -0.02314796	      0.90019555	      1.17178399	      0.08924325	      0.92954160	      1.17973088	      0.00598834	      0.92409202	      1.16718417	      0.16953107	      0.44032216	      0.96977719	      0.15486450	      0.09946433	      0.90679171	      0.13089476	      0.10152441	      1.02150418	      0.11917550	      0.07993771	      1.41146017	     -0.04494129	      0.45003143	      1.53250631	     -0.03477893	      0.08673318	      1.48510473	     -0.01108265	      0.05495808	      1.59309484	     -0.00463369	      0.09320213	      1.21640510	      0.24038277	      0.59274232	      1.07009466	      0.23183886	      0.28759412	      1.36001722	     -0.11944152	      0.61102653	      1.44235323	     -0.11427829	      0.29975226
      2.69000000	      1.31697212	      0.17042724	      0.89299989	      1.34741048	     -0.02213972	      0.89949043	      1.18513004	      0.08999292	      0.92798578	      1.19333605	      0.00671884	      0.92326138	      1.17748427	      0.16995374	      0.43892768	      0.97283603	      0.15643204	      0.10236002	      0.90995515	      0.13270050	      0.10642794	      1.02384098	      0.12064461	      0.08099270	      1.42639177	     -0.04267259	      0.44961019	      1.54484823	     -0.03109822	      0.08528927	      1.49658016	     -0.00762257	      0.05427974	      1.60502877	     -0.00022096	      0.09102447	      1.22787633	      0.24067479	      0.59102549	      1.07726879	      0.23278726	      0.28849208	      1.37553319	     -0.11793270	      0.61043743	      1.45719095	     -0.11166689	      0.29894728
      2.70000000	      1.33027205	      0.17128239	      0.89044686	      1.36123037	     -0.02112100	      0.89900075	      1.19873336	      0.09090279	      0.92667827	      1.20714437	      0.00760269	      0.92285987	      1.18835144	      0.17047726	      0.43749601	      0.97636696	      0.15821659	      0.10549751	      0.91370176	      0.13467485	      0.11162377	      1.02659858	      0.12240844	      0.08219382	      1.44186325	     -0.04019345	      0.44969602	      1.55485581	     -0.02740385	      0.08325762	      1.50557200	     -0.00381736	      0.05318900	      1.61454956	      0.00396479	      0.08825165	      1.23962719	      0.24100608	      0.58938759	      1.08489682	      0.23387676	      0.28955802	      1.39133758	     -0.11634255	      0.61020943	      1.47137661	     -0.10890474	      0.29823130
      2.71000000	      1.34379674	      0.17212457	      0.88779994	      1.37519787	     -0.02008767	      0.89871213	      1.21255171	      0.09193750	      0.92549346	      1.22112971	      0.00861331	      0.92271330	      1.19977367	      0.17114157	      0.43603411	      0.98043975	      0.16021702	      0.10884842	      0.91812329	      0.13682525	      0.11717289	      1.02979860	      0.12445641	      0.08343990	      1.45782950	     -0.03748385	      0.45017708	      1.56276924	     -0.02378290	      0.08077470	      1.51231319	      0.00004826	      0.05186545	      1.62192425	      0.00798178	      0.08485841	      1.25168327	      0.24141334	      0.58782950	      1.09300827	      0.23512826	      0.29077725	      1.40750028	     -0.11463184	      0.61027467	      1.48503476	     -0.10602742	      0.29761114
      2.72000000	      1.35760586	      0.17293598	      0.88516983	      1.38920784	     -0.01908453	      0.89858963	      1.22652159	      0.09314658	      0.92424144	      1.23516932	      0.00980018	      0.92256073	      1.21178629	      0.17209538	      0.43454266	      0.98512333	      0.16239752	      0.11240750	      0.92338285	      0.13916304	      0.12315042	      1.03348507	      0.12678819	      0.08459344	      1.47429825	     -0.03450238	      0.45093578	      1.56886586	     -0.02032772	      0.07798966	      1.51711825	      0.00389139	      0.05038575	      1.62739765	      0.01174653	      0.08109099	      1.26401431	      0.24204430	      0.58637794	      1.10157035	      0.23659489	      0.29217487	      1.42406626	     -0.11273671	      0.61053595	      1.49831689	     -0.10305251	      0.29708852
      2.73000000	      1.37150644	      0.17375821	      0.88254425	      1.40339278	     -0.01803054	      0.89838686	      1.24066991	      0.09434156	      0.92317457	      1.24941234	      0.01099031	      0.92256570	      1.22445694	      0.17321695	      0.43302824	      0.99051036	      0.16478163	      0.11616945	      0.92947707	      0.14162610	      0.12937847	      1.03774523	      0.12937774	      0.08590133	      1.49137092	     -0.03133050	      0.45198705	      1.57337641	     -0.01706431	      0.07514169	      1.52044425	      0.00747777	      0.04901139	      1.63146215	      0.01516364	      0.07697592	      1.27669975	      0.24279163	      0.58503029	      1.11078616	      0.23823391	      0.29370807	      1.44064868	     -0.11075553	      0.61084233	      1.51103098	     -0.09996791	      0.29664767
      2.74000000	      1.38552196	      0.17458796	      0.88005275	      1.41767798	     -0.01695462	      0.89816583	      1.25490127	      0.09553307	      0.92205968	      1.26373818	      0.01219049	      0.92245377	      1.23782890	      0.17461266	      0.43148010	      0.99669167	      0.16732241	      0.12009796	      0.93658812	      0.14427945	      0.13589040	      1.04262956	      0.13217939	      0.08719666	      1.50878456	     -0.02798510	      0.45311618	      1.57660885	     -0.01406030	      0.07240811	      1.52256096	      0.01073118	      0.04777038	      1.63426130	      0.01827581	      0.07291343	      1.28975306	      0.24375640	      0.58378766	      1.12066136	      0.24007257	      0.29537031	      1.45742055	     -0.10863932	      0.61114376	      1.52338805	     -0.09686487	      0.29631838
      2.75000000	      1.39962135	      0.17543986	      0.87776696	      1.43203664	     -0.01586182	      0.89785598	      1.26918986	      0.09669568	      0.92092948	      1.27812189	      0.01337194	      0.92219603	      1.25197343	      0.17627927	      0.42991251	      1.00375997	      0.16999622	      0.12419365	      0.94477197	      0.14702706	      0.14260258	      1.04824053	      0.13516609	      0.08860394	      1.52629021	     -0.02449578	      0.45418144	      1.57884298	     -0.01135576	      0.06994564	      1.52377279	      0.01350466	      0.04675624	      1.63606532	      0.02111193	      0.06908508	      1.30323739	      0.24494722	      0.58265834	      1.13130596	      0.24210015	      0.29715177	      1.47427649	     -0.10637888	      0.61136226	      1.53540126	     -0.09378657	      0.29609346
      2.76000000	      1.41374637	      0.17632192	      0.87574989	      1.44645554	     -0.01474473	      0.89752834	      1.28347288	      0.09778556	      0.91975991	      1.29252502	      0.01448936	      0.92176815	      1.26695776	      0.17822681	      0.42833177	      1.01182014	      0.17275459	      0.12843306	      0.95414402	      0.14989727	      0.14942353	      1.05469310	      0.13827437	      0.09011864	      1.54355555	     -0.02088259	      0.45504787	      1.58032940	     -0.00897095	      0.06785630	      1.52430862	      0.01580830	      0.04599684	      1.63707026	      0.02368307	      0.06571638	      1.31717680	      0.24636548	      0.58166063	      1.14279359	      0.24429606	      0.29904737	      1.49113605	     -0.10397179	      0.61145906	      1.54705690	     -0.09076712	      0.29595099
      2.77000000	      1.42784280	      0.17724327	      0.87404668	      1.46088671	     -0.01360436	      0.89719689	      1.29771319	      0.09880106	      0.91864632	      1.30690998	      0.01553731	      0.92125375	      1.28283906	      0.18041192	      0.42677060	      1.02097586	      0.17554442	      0.13280489	      0.96474352	      0.15283114	      0.15623420	      1.06214077	      0.14143270	      0.09184377	      1.56027024	     -0.01718478	      0.45564116	      1.58129466	     -0.00692504	      0.06619351	      1.52438629	      0.01763965	      0.04553030	      1.63750158	      0.02598036	      0.06289189	      1.33161070	      0.24797921	      0.58081786	      1.15523131	      0.24661549	      0.30104830	      1.50779749	     -0.10143455	      0.61141237	      1.55826819	     -0.08783686	      0.29586265
      2.78000000	      1.44185227	      0.17821093	      0.87268074	      1.47528328	     -0.01243868	      0.89688291	      1.31188409	      0.09975350	      0.91772214	      1.32124934	      0.01652419	      0.92078900	      1.29965634	      0.18278258	      0.42527545	      1.03133488	      0.17831450	      0.13728327	      0.97659625	      0.15568375	      0.16294883	      1.07076100	      0.14459615	      0.09386668	      1.57615322	     -0.01346023	      0.45593462	      1.58190712	     -0.00521038	      0.06496364	      1.52418753	      0.01900725	      0.04533317	      1.63754724	      0.02800905	      0.06064997	      1.34655503	      0.24974856	      0.58016457	      1.16871448	      0.24901102	      0.30314561	      1.52403602	     -0.09880407	      0.61122888	      1.56891450	     -0.08502239	      0.29580144
      2.79000000	      1.45575589	      0.17921335	      0.87166524	      1.48958342	     -0.01125898	      0.89669806	      1.32594487	      0.10067830	      0.91702348	      1.33548459	      0.01748293	      0.92045213	      1.31743531	      0.18532958	      0.42388723	      1.04298528	      0.18098357	      0.14183221	      0.98973252	      0.15840140	      0.16944383	      1.08073863	      0.14769254	      0.09619436	      1.59093314	     -0.00976237	      0.45591450	      1.58229772	     -0.00381510	      0.06412012	      1.52383131	      0.01994244	      0.04534049	      1.63733469	      0.02978957	      0.05898147	      1.36199461	      0.25165794	      0.57973840	      1.18327721	      0.25143746	      0.30534334	      1.53969344	     -0.09611772	      0.61094136	      1.57889856	     -0.08235134	      0.29573481
      2.80000000	      1.46951529	      0.18025804	      0.87103258	      1.50373323	     -0.01005813	      0.89671407	      1.33985370	      0.10160336	      0.91661038	      1.34956650	      0.01844011	      0.92032067	      1.33616615	      0.18800416	      0.42267011	      1.05601302	      0.18348093	      0.14639305	      1.00415155	      0.16090544	      0.17560276	      1.09225826	      0.15064831	      0.09882857	      1.60446118	     -0.00619930	      0.45560766	      1.58254892	     -0.00271175	      0.06359710	      1.52340842	      0.02053059	      0.04550074	      1.63697824	      0.03131086	      0.05781915	      1.37792374	      0.25367296	      0.57957289	      1.19896417	      0.25384033	      0.30762577	      1.55459054	     -0.09345147	      0.61057881	      1.58810119	     -0.07986853	      0.29563344
      2.81000000	      1.48309527	      0.18135422	      0.87080048	      1.51769192	     -0.00882642	      0.89697397	      1.35358160	      0.10255313	      0.91654565	      1.36346180	      0.01941942	      0.92046965	      1.35580781	      0.19076288	      0.42169634	      1.07048629	      0.18573382	      0.15088508	      1.01984193	      0.16309148	      0.18131117	      1.10549062	      0.15340010	      0.10173317	      1.61664903	     -0.00288730	      0.45505903	      1.58270967	     -0.00186534	      0.06332383	      1.52297413	      0.02085893	      0.04576903	      1.63655715	      0.03257219	      0.05707210	      1.39430501	      0.25576641	      0.57970608	      1.21578487	      0.25616677	      0.30997307	      1.56858513	     -0.09088754	      0.61017802	      1.59642700	     -0.07762420	      0.29548173
      2.82000000	      1.49648161	      0.18250741	      0.87097813	      1.53141709	     -0.00756638	      0.89747566	      1.36711988	      0.10356235	      0.91690464	      1.37714577	      0.02045297	      0.92097201	      1.37629195	      0.19355858	      0.42104851	      1.08645906	      0.18767693	      0.15520694	      1.03678876	      0.16482794	      0.18645955	      1.12058907	      0.15590008	      0.10485024	      1.62744286	      0.00008449	      0.45432037	      1.58280676	     -0.00124425	      0.06322968	      1.52255568	      0.02097316	      0.04611774	      1.63611909	      0.03359112	      0.05661535	      1.41108606	      0.25791527	      0.58017788	      1.23372719	      0.25836705	      0.31235805	      1.58157251	     -0.08848569	      0.60977878	      1.60381477	     -0.07565861	      0.29527713
      2.83000000	      1.50969673	      0.18370597	      0.87159956	      1.54486139	     -0.00629281	      0.89833088	      1.38042574	      0.10465805	      0.91760456	      1.39055282	      0.02156597	      0.92177349	      1.39752368	      0.19643527	      0.42079868	      1.10396563	      0.18924482	      0.15922645	      1.05502636	      0.16611254	      0.19091168	      1.13762160	      0.15808604	      0.10799075	      1.63680938	      0.00268921	      0.45343215	      1.58286239	     -0.00082708	      0.06324238	      1.52216495	      0.02093777	      0.04641235	      1.63567374	      0.03438372	      0.05646325	      1.42818402	      0.26014699	      0.58103391	      1.25270478	      0.26042829	      0.31476116	      1.59357658	     -0.08626202	      0.60942793	      1.61027746	     -0.07398497	      0.29502071
      2.84000000	      1.52262665	      0.18498966	      0.87258652	      1.55809039	     -0.00494929	      0.89934791	      1.39354937	      0.10579854	      0.91888819	      1.40379241	      0.02272186	      0.92308066	      1.41940271	      0.19926193	      0.42102886	      1.12302770	      0.19042020	      0.16281842	      1.07452292	      0.16675797	      0.19458355	      1.15668084	      0.15995952	      0.11112016	      1.64482290	      0.00475390	      0.45248663	      1.58287729	     -0.00055791	      0.06334734	      1.52182993	      0.02081189	      0.04679415	      1.63529289	      0.03495527	      0.05639529	      1.44550748	      0.26238247	      0.58230164	      1.27271351	      0.26228744	      0.31712567	      1.60443379	     -0.08435185	      0.60915496	      1.61572134	     -0.07267816	      0.29474482
      2.85000000	      1.53546009	      0.18631502	      0.87401310	      1.57095874	     -0.00363617	      0.90064100	      1.40646246	      0.10711702	      0.92052453	      1.41670692	      0.02403808	      0.92466835	      1.44178906	      0.20219648	      0.42179577	      1.14363782	      0.19114688	      0.16583071	      1.09531723	      0.16678623	      0.19730719	      1.17775943	      0.16147521	      0.11401640	      1.65153673	      0.00638150	      0.45150760	      1.58285846	     -0.00043784	      0.06348741	      1.52153365	      0.02059079	      0.04712089	      1.63494241	      0.03533456	      0.05645556	      1.46296955	      0.26474573	      0.58401029	      1.29358524	      0.26398771	      0.31942580	      1.61428200	     -0.08266802	      0.60898251	      1.62026776	     -0.07168690	      0.29446137
      2.86000000	      1.54801557	      0.18770431	      0.87581617	      1.58366515	     -0.00223954	      0.90229432	      1.41913488	      0.10840779	      0.92248364	      1.42943395	      0.02533276	      0.92657000	      1.46458519	      0.20501001	      0.42309147	      1.16576127	      0.19146981	      0.16812878	      1.11727100	      0.16626498	      0.19883535	      1.20091793	      0.16265877	      0.11666196	      1.65690432	      0.00752500	      0.45052076	      1.58282952	     -0.00044049	      0.06362301	      1.52129494	      0.02034253	      0.04725760	      1.63463089	      0.03554783	      0.05673497	      1.48057412	      0.26703730	      0.58609926	      1.31531840	      0.26544361	      0.32156284	      1.62322365	     -0.08125883	      0.60894780	      1.62393131	     -0.07103333	      0.29417051
      2.87000000	      1.56044526	      0.18914949	      0.87796921	      1.59606481	     -0.00084877	      0.90409509	      1.43163071	      0.10984517	      0.92480574	      1.44190018	      0.02675958	      0.92874969	      1.48762875	      0.20786316	      0.42497026	      1.18937842	      0.19138432	      0.16959353	      1.14052136	      0.16507280	      0.19921242	      1.22598767	      0.16352079	      0.11886704	      1.66115909	      0.00820818	      0.44961090	      1.58278864	     -0.00054384	      0.06378937	      1.52109045	      0.02005191	      0.04749792	      1.63438124	      0.03560608	      0.05694919	      1.49815829	      0.26941282	      0.58860198	      1.33775280	      0.26672831	      0.32350842	      1.63122170	     -0.08010340	      0.60905023	      1.62678315	     -0.07069129	      0.29393862
      2.88000000	      1.57274872	      0.19064892	      0.88051322	      1.60821056	      0.00055306	      0.90613887	      1.44390881	      0.11135782	      0.92730237	      1.45410094	      0.02825289	      0.93103357	      1.51078147	      0.21067213	      0.42739849	      1.21443134	      0.19096209	      0.17011489	      1.16503904	      0.16319221	      0.19834903	      1.25285923	      0.16412933	      0.12057362	      1.66436199	      0.00850426	      0.44877449	      1.58275677	     -0.00074051	      0.06395780	      1.52092936	      0.01968745	      0.04776824	      1.63418547	      0.03555163	      0.05711935	      1.51573107	      0.27180800	      0.59144872	      1.36081589	      0.26783663	      0.32517402	      1.63846182	     -0.07914481	      0.60928276	      1.62893565	     -0.07061812	      0.29376095
      2.89000000	      1.58487483	      0.19219397	      0.88323590	      1.62015235	      0.00197091	      0.90816251	      1.45606029	      0.11292827	      0.93013777	      1.46615084	      0.02979840	      0.93357839	      1.53393475	      0.21346989	      0.43036416	      1.24088485	      0.19023950	      0.16967184	      1.19086423	      0.16107410	      0.19619270	      1.28134874	      0.16441189	      0.12160254	      1.66672296	      0.00835461	      0.44810472	      1.58272722	     -0.00098816	      0.06420667	      1.52084581	      0.01934939	      0.04813578	      1.63409530	      0.03535584	      0.05732304	      1.53312120	      0.27422944	      0.59462671	      1.38441357	      0.26879449	      0.32654786	      1.64487912	     -0.07846645	      0.60966286	      1.63040504	     -0.07082716	      0.29371526
      2.90000000	      1.59694880	      0.19379064	      0.88629699	      1.63183845	      0.00337773	      0.91030302	      1.46801978	      0.11459353	      0.93299979	      1.47793132	      0.03142672	      0.93604506	      1.55694442	      0.21616165	      0.43378271	      1.26865752	      0.18932749	      0.16820925	      1.21792472	      0.15856807	      0.19272386	      1.31135631	      0.16451119	      0.12203089	      1.66832429	      0.00799114	      0.44754371	      1.58272594	     -0.00130702	      0.06448084	      1.52081102	      0.01891644	      0.04855653	      1.63405630	      0.03509394	      0.05749281	      1.55043464	      0.27665109	      0.59801797	      1.40848908	      0.26961767	      0.32752682	      1.65076993	     -0.07785797	      0.61014092	      1.63140669	     -0.07119326	      0.29376441
      2.91000000	      1.60887176	      0.19540842	      0.88940510	      1.64337415	      0.00480801	      0.91246414	      1.47982084	      0.11626787	      0.93586644	      1.48955540	      0.03306622	      0.93850386	      1.57976759	      0.21878790	      0.43752364	      1.29769064	      0.18833427	      0.16576725	      1.24627687	      0.15578027	      0.18807562	      1.34267337	      0.16454579	      0.12179471	      1.66933050	      0.00732980	      0.44716758	      1.58275292	     -0.00164402	      0.06486260	      1.52083979	      0.01852644	      0.04912690	      1.63410446	      0.03475809	      0.05771219	      1.56756560	      0.27903332	      0.60152416	      1.43298016	      0.27036265	      0.32809272	      1.65613864	     -0.07744549	      0.61073777	      1.63195748	     -0.07174139	      0.29396984
      2.92000000	      1.62072901	      0.19704919	      0.89260480	      1.65470288	      0.00622001	      0.91452863	      1.49149123	      0.11801157	      0.93872071	      1.50098867	      0.03476842	      0.94086740	      1.60227904	      0.22127970	      0.44154841	      1.32793180	      0.18736156	      0.16239733	      1.27590089	      0.15297183	      0.18235344	      1.37514104	      0.16453715	      0.12087244	      1.66993503	      0.00653269	      0.44695555	      1.58281259	     -0.00199471	      0.06534718	      1.52092961	      0.01814497	      0.04982674	      1.63422661	      0.03437435	      0.05797876	      1.58452786	      0.28137542	      0.60509648	      1.45784963	      0.27105419	      0.32822365	      1.66111242	     -0.07709520	      0.61140803	      1.63221290	     -0.07237250	      0.29432629
      2.93000000	      1.63251685	      0.19869672	      0.89579981	      1.66586047	      0.00761835	      0.91648580	      1.50303057	      0.11979601	      0.94145070	      1.51225076	      0.03650957	      0.94305938	      1.62444172	      0.22361450	      0.44573650	      1.35931682	      0.18652746	      0.15819669	      1.30672220	      0.15034645	      0.17559547	      1.40869296	      0.16459493	      0.11937072	      1.67026983	      0.00566462	      0.44690073	      1.58290447	     -0.00233068	      0.06594473	      1.52106693	      0.01779443	      0.05067787	      1.63440685	      0.03398257	      0.05829808	      1.60133982	      0.28364476	      0.60863905	      1.48307905	      0.27173651	      0.32791350	      1.66581722	     -0.07677827	      0.61212611	      1.63227488	     -0.07303625	      0.29482929
      2.94000000	      1.64425434	      0.20032746	      0.89890302	      1.67684238	      0.00898087	      0.91827195	      1.51446121	      0.12162900	      0.94402861	      1.52335130	      0.03829758	      0.94506412	      1.64620794	      0.22577550	      0.45000302	      1.39180153	      0.18595374	      0.15327294	      1.33873509	      0.14804817	      0.16798921	      1.44320683	      0.16482235	      0.11732799	      1.67049766	      0.00480375	      0.44699899	      1.58302805	     -0.00262579	      0.06666820	      1.52124492	      0.01749977	      0.05168786	      1.63463519	      0.03361285	      0.05869319	      1.61800450	      0.28582483	      0.61209316	      1.50865622	      0.27246182	      0.32717751	      1.67034927	     -0.07645511	      0.61286959	      1.63225441	     -0.07367485	      0.29547741
      2.95000000	      1.65593909	      0.20193438	      0.90184627	      1.68767783	      0.01031346	      0.91986649	      1.52579195	      0.12349357	      0.94639721	      1.53431344	      0.04011842	      0.94684483	      1.66755616	      0.22773724	      0.45425814	      1.42533477	      0.18575537	      0.14775793	      1.37188333	      0.14626432	      0.15967162	      1.47860865	      0.16531215	      0.11484790	      1.67075655	      0.00400204	      0.44722822	      1.58318378	     -0.00286160	      0.06751318	      1.52145621	      0.01728245	      0.05285659	      1.63490304	      0.03328620	      0.05916187	      1.63455209	      0.28789237	      0.61539988	      1.53458484	      0.27327733	      0.32604364	      1.67481320	     -0.07610144	      0.61361047	      1.63224471	     -0.07424970	      0.29625238
      2.96000000	      1.66760312	      0.20350480	      0.90455615	      1.69836343	      0.01160259	      0.92122944	      1.53705219	      0.12541586	      0.94854019	      1.54514904	      0.04199732	      0.94840140	      1.68847561	      0.22949507	      0.45842863	      1.45987794	      0.18602753	      0.14179610	      1.40612848	      0.14519491	      0.15083938	      1.51482806	      0.16612849	      0.11200042	      1.67116326	      0.00331068	      0.44756260	      1.58336019	     -0.00300997	      0.06846797	      1.52168865	      0.01718493	      0.05415465	      1.63519742	      0.03302362	      0.05971846	      1.65100943	      0.28984398	      0.61851880	      1.56087370	      0.27423219	      0.32455622	      1.67926619	     -0.07569381	      0.61432205	      1.63231063	     -0.07471848	      0.29713060
      2.97000000	      1.67926216	      0.20501384	      0.90698924	      1.70890647	      0.01282765	      0.92236255	      1.54825126	      0.12738543	      0.95041732	      1.55586472	      0.04392425	      0.94971265	      1.70895039	      0.23106220	      0.46244761	      1.49538643	      0.18684443	      0.13553530	      1.44141126	      0.14495739	      0.14161836	      1.55183227	      0.16734257	      0.10893221	      1.67183092	      0.00277267	      0.44797163	      1.58355308	     -0.00304863	      0.06951725	      1.52192983	      0.01722094	      0.05557705	      1.63550300	      0.03285673	      0.06034329	      1.66738889	      0.29167649	      0.62142282	      1.58751302	      0.27537158	      0.32277072	      1.68379872	     -0.07521556	      0.61497669	      1.63253439	     -0.07504730	      0.29808208
      2.98000000	      1.69093070	      0.20644878	      0.90908716	      1.71932981	      0.01398172	      0.92324964	      1.55941896	      0.12939828	      0.95202789	      1.56649195	      0.04589565	      0.95079762	      1.72896433	      0.23243366	      0.46625656	      1.53180550	      0.18826233	      0.12912861	      1.47766590	      0.14565910	      0.13217849	      1.58955974	      0.16899227	      0.10576615	      1.67284665	      0.00240507	      0.44842382	      1.58375511	     -0.00296031	      0.07064221	      1.52217067	      0.01742530	      0.05710181	      1.63581237	      0.03279397	      0.06102971	      1.68370344	      0.29337847	      0.62409113	      1.61449530	      0.27672663	      0.32074785	      1.68845705	     -0.07466945	      0.61555225	      1.63295961	     -0.07521896	      0.29907702
      2.99000000	      1.70263939	      0.20778331	      0.91077363	      1.72964054	      0.01503990	      0.92387196	      1.57059928	      0.13146459	      0.95339857	      1.57706047	      0.04792037	      0.95171080	      1.74847804	      0.23365612	      0.46980516	      1.56906626	      0.19028687	      0.12273515	      1.51481537	      0.14756855	      0.12276497	      1.62795599	      0.17104647	      0.10250993	      1.67427390	      0.00224231	      0.44889441	      1.58395066	     -0.00273172	      0.07183006	      1.52243032	      0.01774761	      0.05854566	      1.63612254	      0.03286932	      0.06193290	      1.69990566	      0.29496167	      0.62651165	      1.64176188	      0.27832171	      0.31855824	      1.69330663	     -0.07404028	      0.61603148	      1.63365350	     -0.07521004	      0.30008733
      3.00000000	      1.71437629	      0.20904115	      0.91213260	      1.73990981	      0.01603730	      0.92430658	      1.58176024	      0.13352659	      0.95440032	      1.58758525	      0.04994465	      0.95231231	      1.76748389	      0.23463849	      0.47300182	      1.60703642	      0.19295707	      0.11648595	      1.55271242	      0.15033925	      0.11331278	      1.66687756	      0.17356993	      0.09956740	      1.67614685	      0.00222876	      0.44932318	      1.58414850	     -0.00236076	      0.07303584	      1.52266636	      0.01828545	      0.06014777	      1.63642706	      0.03304728	      0.06272705	      1.71611667	      0.29637970	      0.62864243	      1.66932178	      0.28015275	      0.31623307	      1.69836034	     -0.07337545	      0.61637600	      1.63457116	     -0.07504930	      0.30106827
      3.01000000	      1.72619281	      0.21019355	      0.91308640	      1.75013605	      0.01694028	      0.92451220	      1.59296678	      0.13561313	      0.95509367	      1.59810183	      0.05199465	      0.95268291	      1.78591208	      0.23545782	      0.47579775	      1.64558586	      0.19621956	      0.11053267	      1.59125957	      0.15399845	      0.10405437	      1.70617596	      0.17650441	      0.09698452	      1.67854383	      0.00237659	      0.44968886	      1.58433028	     -0.00184541	      0.07425507	      1.52287649	      0.01905059	      0.06184380	      1.63671813	      0.03331571	      0.06347086	      1.73225015	      0.29766274	      0.63047650	      1.69705754	      0.28222814	      0.31384194	      1.70362670	     -0.07268411	      0.61658051	      1.63574108	     -0.07472760	      0.30200487
      3.02000000	      1.73812271	      0.21123016	      0.91363604	      1.76034444	      0.01774001	      0.92451759	      1.60423951	      0.13772147	      0.95544254	      1.60862959	      0.05406767	      0.95279666	      1.80371385	      0.23611982	      0.47811006	      1.68450195	      0.20000183	      0.10500514	      1.63024773	      0.15853657	      0.09516861	      1.74562589	      0.17975072	      0.09482604	      1.68146290	      0.00268725	      0.44995973	      1.58449753	     -0.00119988	      0.07546939	      1.52306225	      0.01998626	      0.06357815	      1.63698279	      0.03369033	      0.06418597	      1.74830605	      0.29880436	      0.63197751	      1.72486025	      0.28452138	      0.31142491	      1.70917442	     -0.07195680	      0.61662232	      1.63720572	     -0.07425265	      0.30286771
      3.03000000	      1.75020579	      0.21213774	      0.91378810	      1.77056648	      0.01842454	      0.92433753	      1.61560452	      0.13984241	      0.95540430	      1.61919367	      0.05615517	      0.95261250	      1.82083457	      0.23673846	      0.47986356	      1.72352376	      0.20415863	      0.10002967	      1.66941767	      0.16424163	      0.08695640	      1.78504626	      0.18312146	      0.09294483	      1.68497108	      0.00312850	      0.45009538	      1.58464482	     -0.00044252	      0.07666463	      1.52317289	      0.02127849	      0.06541828	      1.63719862	      0.03407973	      0.06485171	      1.76419168	      0.29985809	      0.63310215	      1.75252619	      0.28700506	      0.30901961	      1.71501921	     -0.07122882	      0.61648102	      1.63896209	     -0.07364774	      0.30363486
      3.04000000	      1.76247741	      0.21291731	      0.91354439	      1.78082479	      0.01899875	      0.92401413	      1.62708197	      0.14199192	      0.95494109	      1.62981146	      0.05827362	      0.95210792	      1.83729224	      0.23722306	      0.48097480	      1.76231447	      0.20866484	      0.09567490	      1.70848696	      0.17008615	      0.07921066	      1.82392276	      0.18669969	      0.09189313	      1.68904538	      0.00372034	      0.45008369	      1.58475550	      0.00042489	      0.07785062	      1.52332043	      0.02246383	      0.06710953	      1.63740666	      0.03463039	      0.06557070	      1.78005779	      0.30076355	      0.63381914	      1.78000443	      0.28964863	      0.30664920	      1.72125504	     -0.07046683	      0.61614055	      1.64106587	     -0.07290770	      0.30429340
      3.05000000	      1.77491312	      0.21358491	      0.91292340	      1.79120927	      0.01949188	      0.92355280	      1.63868092	      0.14410149	      0.95401921	      1.64054370	      0.06035754	      0.95124186	      1.85308120	      0.23765652	      0.48141107	      1.80050349	      0.21332795	      0.09201239	      1.74702045	      0.17649001	      0.07234216	      1.86198083	      0.19019854	      0.09127533	      1.69374745	      0.00438985	      0.44989439	      1.58484605	      0.00137947	      0.07902839	      1.52345147	      0.02385358	      0.06882423	      1.63760510	      0.03519048	      0.06627777	      1.79584733	      0.30154995	      0.63410843	      1.80708164	      0.29238857	      0.30435083	      1.72785249	     -0.06974385	      0.61559629	      1.64346640	     -0.07207683	      0.30484399
      3.06000000	      1.78755655	      0.21412650	      0.91189364	      1.80172199	      0.01989002	      0.92294730	      1.65044609	      0.14619599	      0.95266360	      1.65141446	      0.06243160	      0.95005200	      1.86826034	      0.23809309	      0.48116588	      1.83766043	      0.21803227	      0.08906045	      1.78460216	      0.18306639	      0.06630451	      1.89875869	      0.19355852	      0.09121397	      1.69917782	      0.00514143	      0.44951099	      1.58491735	      0.00239710	      0.08022557	      1.52357163	      0.02536297	      0.07062898	      1.63778332	      0.03576049	      0.06693536	      1.81159182	      0.30223207	      0.63397111	      1.83358636	      0.29519204	      0.30215957	      1.73487444	     -0.06905765	      0.61484801	      1.64623652	     -0.07116183	      0.30528979
      3.07000000	      1.80041173	      0.21454983	      0.91050608	      1.81239519	      0.02020676	      0.92224577	      1.66237294	      0.14825603	      0.95083531	      1.66243576	      0.06447805	      0.94849507	      1.88295918	      0.23861771	      0.48027494	      1.87334052	      0.22263087	      0.08678369	      1.82076188	      0.18954296	      0.06115127	      1.93382881	      0.19669460	      0.09159796	      1.70535400	      0.00596730	      0.44892696	      1.58499284	      0.00346555	      0.08147313	      1.52370036	      0.02693110	      0.07256068	      1.63794644	      0.03636115	      0.06756401	      1.82732108	      0.30284744	      0.63342034	      1.85933110	      0.29801333	      0.30009728	      1.74240270	     -0.06840021	      0.61389044	      1.64943364	     -0.07017498	      0.30563671
      3.08000000	      1.81346373	      0.21485906	      0.90874538	      1.82324216	      0.02045168	      0.92142632	      1.67448969	      0.15027205	      0.94862973	      1.67364182	      0.06648862	      0.94666796	      1.89731404	      0.23928192	      0.47884833	      1.90711369	      0.22699087	      0.08510912	      1.85496872	      0.19580393	      0.05703356	      1.96685292	      0.19951465	      0.09211112	      1.71237450	      0.00688242	      0.44813933	      1.58510192	      0.00456580	      0.08282071	      1.52385574	      0.02856375	      0.07459365	      1.63811819	      0.03697653	      0.06831845	      1.84300979	      0.30341772	      0.63251100	      1.88412115	      0.30079309	      0.29819606	      1.75051209	     -0.06775475	      0.61273246	      1.65316135	     -0.06911812	      0.30589795
      3.09000000	      1.82670829	      0.21508303	      0.90687157	      1.83430405	      0.02064843	      0.92058810	      1.68673200	      0.15218052	      0.94593478	      1.68500428	      0.06840210	      0.94437824	      1.91154416	      0.24016749	      0.47700533	      1.93856424	      0.23101377	      0.08387672	      1.88693166	      0.20141131	      0.05348982	      1.99740523	      0.20210515	      0.09295356	      1.72029318	      0.00782693	      0.44712517	      1.58529383	      0.00569613	      0.08430341	      1.52411735	      0.03021663	      0.07703316	      1.63833344	      0.03758661	      0.06888270	      1.85869836	      0.30402245	      0.63129219	      1.90775529	      0.30349511	      0.29642962	      1.75920125	     -0.06715612	      0.61138041	      1.65737627	     -0.06801495	      0.30610434
      3.10000000	      1.84006803	      0.21522945	      0.90482077	      1.84557456	      0.02080644	      0.91965393	      1.69913502	      0.15395938	      0.94302927	      1.69657077	      0.07019539	      0.94191163	      1.92573600	      0.24118197	      0.47494562	      1.96737699	      0.23462257	      0.08294873	      1.91609991	      0.20636749	      0.05079496	      2.02532772	      0.20439318	      0.09354619	      1.72931455	      0.00885886	      0.44589865	      1.58562490	      0.00685182	      0.08602284	      1.52453072	      0.03192258	      0.07976902	      1.63865300	      0.03818907	      0.06962525	      1.87429545	      0.30461287	      0.62988096	      1.93007541	      0.30602427	      0.29482572	      1.76858332	     -0.06655775	      0.60986931	      1.66228569	     -0.06683840	      0.30629025
      3.11000000	      1.85350462	      0.21534444	      0.90268273	      1.85704802	      0.02096153	      0.91860074	      1.71169920	      0.15561747	      0.94009845	      1.70834879	      0.07187661	      0.93940933	      1.93997905	      0.24224420	      0.47284758	      1.99330820	      0.23776721	      0.08216296	      1.94218937	      0.21054405	      0.04874242	      2.05043061	      0.20638243	      0.09378455	      1.73951277	      0.00997591	      0.44447056	      1.58618988	      0.00803263	      0.08805329	      1.52519970	      0.03368910	      0.08294458	      1.63915683	      0.03877362	      0.07053573	      1.88977834	      0.30518574	      0.62838799	      1.95096893	      0.30830996	      0.29337985	      1.77864386	     -0.06593638	      0.60824529	      1.66795010	     -0.06558481	      0.30650374
      3.12000000	      1.86693230	      0.21547190	      0.90057399	      1.86872231	      0.02114516	      0.91744310	      1.72436768	      0.15712070	      0.93726852	      1.72031535	      0.07340862	      0.93695486	      1.95433172	      0.24322314	      0.47085915	      2.01619198	      0.24042175	      0.08136287	      1.96521261	      0.21423201	      0.04687520	      2.07255991	      0.20799279	      0.09377837	      1.75099237	      0.01115642	      0.44285180	      1.58711718	      0.00923960	      0.09047869	      1.52625732	      0.03554736	      0.08690320	      1.63989051	      0.03934195	      0.07143838	      1.90517760	      0.30569216	      0.62692344	      1.97039989	      0.31027849	      0.29208683	      1.78941200	     -0.06528657	      0.60654811	      1.67446898	     -0.06426163	      0.30679348
      3.13000000	      1.88038962	      0.21561811	      0.89864149	      1.88053228	      0.02133831	      0.91613421	      1.73715502	      0.15852116	      0.93469440	      1.73243696	      0.07484341	      0.93462163	      1.96870582	      0.24410804	      0.46907074	      2.03604237	      0.24261017	      0.08044135	      1.98461257	      0.21669854	      0.04576761	      2.09181782	      0.20939186	      0.09284122	      1.76396058	      0.01240251	      0.44099669	      1.58850081	      0.01050239	      0.09338653	      1.52786027	      0.03746165	      0.09130427	      1.64107497	      0.03987918	      0.07279353	      1.92039634	      0.30618681	      0.62555393	      1.98828353	      0.31193389	      0.29090460	      1.80091954	     -0.06457398	      0.60477928	      1.68196415	     -0.06284437	      0.30718483
      3.14000000	      1.89375356	      0.21584680	      0.89690433	      1.89249770	      0.02159746	      0.91468827	      1.74997241	      0.15977785	      0.93239064	      1.74468669	      0.07613401	      0.93242164	      1.98321970	      0.24479273	      0.46756368	      2.05284420	      0.24432774	      0.07932279	      2.00088358	      0.21851443	      0.04465990	      2.10812541	      0.21049240	      0.09153331	      1.77848699	      0.01358174	      0.43892359	      1.59053047	      0.01184450	      0.09686609	      1.53022386	      0.03959481	      0.09671956	      1.64274008	      0.04037079	      0.07423495	      1.93548433	      0.30662401	      0.62432080	      2.00468227	      0.31322433	      0.28983444	      1.81313838	     -0.06387359	      0.60298466	      1.69049512	     -0.06138584	      0.30774340
      3.15000000	      1.90697971	      0.21619222	      0.89541110	      1.90460905	      0.02194516	      0.91310610	      1.76277154	      0.16088782	      0.93036036	      1.75703308	      0.07727382	      0.93033620	      1.99787825	      0.24523048	      0.46636368	      2.06671981	      0.24556910	      0.07799339	      2.01426588	      0.22017568	      0.04354621	      2.12170817	      0.21118647	      0.08978070	      1.79455740	      0.01465760	      0.43665201	      1.59337342	      0.01327166	      0.10098497	      1.53350821	      0.04208800	      0.10308421	      1.64502058	      0.04082261	      0.07607587	      1.95042991	      0.30700268	      0.62323120	      2.01964802	      0.31412685	      0.28886195	      1.82614782	     -0.06317006	      0.60115423	      1.70019726	     -0.05991231	      0.30848830
      3.16000000	      1.92015014	      0.21663111	      0.89413526	      1.91672754	      0.02235256	      0.91130448	      1.77561250	      0.16200107	      0.92878279	      1.76942950	      0.07841915	      0.92852735	      2.01240808	      0.24534771	      0.46541666	      2.07796870	      0.24647903	      0.07650660	      2.02425107	      0.22071165	      0.04312568	      2.13262087	      0.21160868	      0.08711886	      1.81214999	      0.01570763	      0.43421454	      1.59721644	      0.01480574	      0.10578350	      1.53796469	      0.04445007	      0.11043638	      1.64804319	      0.04144581	      0.07819109	      1.96542058	      0.30724128	      0.62237503	      2.03347382	      0.31471243	      0.28803881	      1.83996763	     -0.06236417	      0.59928135	      1.71124133	     -0.05838748	      0.30941535
      3.17000000	      1.93314891	      0.21720581	      0.89310596	      1.92893627	      0.02286611	      0.90938444	      1.78835812	      0.16299343	      0.92735024	      1.78184353	      0.07943880	      0.92670667	      2.02707213	      0.24523463	      0.46471787	      2.08673482	      0.24701022	      0.07490739	      2.03194980	      0.22111886	      0.04261266	      2.14118919	      0.21176430	      0.08434425	      1.83116618	      0.01653625	      0.43166168	      1.60225271	      0.01645811	      0.11127562	      1.54379542	      0.04719815	      0.11875456	      1.65197898	      0.04210623	      0.08085403	      1.98022804	      0.30745413	      0.62159022	      2.04603686	      0.31496447	      0.28729233	      1.85457937	     -0.06159927	      0.59738055	      1.72359446	     -0.05691213	      0.31056899
      3.18000000	      1.94599235	      0.21791163	      0.89231469	      1.94119930	      0.02348379	      0.90733121	      1.80101096	      0.16390050	      0.92606698	      1.79425440	      0.08037109	      0.92487644	      2.04167702	      0.24487054	      0.46418461	      2.09334407	      0.24722805	      0.07329654	      2.03754947	      0.22158641	      0.04226497	      2.14769881	      0.21158449	      0.08137204	      1.85146335	      0.01718163	      0.42906154	      1.60863953	      0.01822533	      0.11742979	      1.55112418	      0.05017876	      0.12769907	      1.65709854	      0.04286860	      0.08431640	      1.99490814	      0.30760359	      0.62087477	      2.05752849	      0.31492368	      0.28664136	      1.86997607	     -0.06083389	      0.59545546	      1.73730958	     -0.05548335	      0.31194433
      3.19000000	      1.95876109	      0.21868144	      0.89172841	      1.95343489	      0.02416193	      0.90530955	      1.81356634	      0.16479979	      0.92476290	      1.80659783	      0.08129908	      0.92294552	      2.05624833	      0.24444992	      0.46373124	      2.09814681	      0.24723564	      0.07174991	      2.04116124	      0.22116131	      0.04244659	      2.15248278	      0.21149459	      0.07817261	      1.87275546	      0.01766376	      0.42656449	      1.61655429	      0.02009455	      0.12412660	      1.56035499	      0.05328140	      0.13795344	      1.66309211	      0.04387130	      0.08772800	      2.00927947	      0.30782849	      0.62010148	      2.06792639	      0.31472415	      0.28602425	      1.88607931	     -0.06008429	      0.59357885	      1.75234049	     -0.05411520	      0.31354645
      3.20000000	      1.97137588	      0.21954753	      0.89131002	      1.96570073	      0.02493211	      0.90328017	      1.82600218	      0.16563207	      0.92349133	      1.81890560	      0.08216046	      0.92096947	      2.07053307	      0.24390157	      0.46328593	      2.10144076	      0.24705630	      0.07036544	      2.04347207	      0.22085909	      0.04270335	      2.15577550	      0.21120492	      0.07521515	      1.89494334	      0.01796887	      0.42423772	      1.62606398	      0.02206036	      0.13128205	      1.57133985	      0.05652005	      0.14839498	      1.67059638	      0.04501833	      0.09198654	      2.02339668	      0.30803076	      0.61929932	      2.07743837	      0.31436310	      0.28548203	      1.90281056	     -0.05936661	      0.59178894	      1.76863385	     -0.05281856	      0.31537942
      3.21000000	      1.98386347	      0.22046895	      0.89107520	      1.97796603	      0.02576451	      0.90137332	      1.83830926	      0.16641703	      0.92219412	      1.83114927	      0.08297633	      0.91893607	      2.08439909	      0.24335119	      0.46277663	      2.10355603	      0.24675785	      0.06918985	      2.04475082	      0.22050491	      0.04315397	      2.15792138	      0.21085892	      0.07250794	      1.91778812	      0.01811675	      0.42221349	      1.63723827	      0.02409958	      0.13871641	      1.58421466	      0.05983429	      0.15909355	      1.67955023	      0.04634362	      0.09668210	      2.03712777	      0.30827758	      0.61841903	      2.08608705	      0.31393522	      0.28497563	      1.92006277	     -0.05869687	      0.59017353	      1.78608100	     -0.05160074	      0.31743450
      3.22000000	      1.99622083	      0.22142374	      0.89101224	      1.99021467	      0.02664219	      0.89965668	      1.85049187	      0.16716212	      0.92092499	      1.84332513	      0.08375381	      0.91693462	      2.09766355	      0.24285644	      0.46216140	      2.10478717	      0.24639894	      0.06825172	      2.04530632	      0.22015256	      0.04372384	      2.15919146	      0.21049572	      0.07016618	      1.94110320	      0.01811651	      0.42060838	      1.65008595	      0.02619538	      0.14624724	      1.59890924	      0.06315949	      0.16968142	      1.69011564	      0.04782726	      0.10176695	      2.05038439	      0.30857889	      0.61746694	      2.09393854	      0.31350278	      0.28449429	      1.93770362	     -0.05809095	      0.58882534	      1.80455690	     -0.05046533	      0.31970247
      3.23000000	      2.00844054	      0.22239186	      0.89113378	      2.00243560	      0.02754648	      0.89819590	      1.86255078	      0.16786203	      0.91974672	      1.85543042	      0.08448643	      0.91505181	      2.11016563	      0.24246337	      0.46142115	      2.10539543	      0.24603394	      0.06754801	      2.04539405	      0.21985000	      0.04434031	      2.15983571	      0.21015224	      0.06824299	      1.96471525	      0.01797402	      0.41952242	      1.66457661	      0.02832589	      0.15366974	      1.61530558	      0.06644942	      0.17984658	      1.70239171	      0.04943704	      0.10709602	      2.06308866	      0.30894061	      0.61646664	      2.10105052	      0.31311876	      0.28402483	      1.95560831	     -0.05756410	      0.58782909	      1.82392557	     -0.04941781	      0.32215916
      3.24000000	      2.02045080	      0.22339125	      0.89139282	      2.01467768	      0.02849128	      0.89698980	      1.87448964	      0.16845683	      0.91884412	      1.86750863	      0.08510862	      0.91349889	      2.12170017	      0.24208798	      0.46057647	      2.10560665	      0.24571701	      0.06706682	      2.04514836	      0.21970369	      0.04504568	      2.16002584	      0.20979478	      0.06666180	      1.98846276	      0.01765992	      0.41905719	      1.68064625	      0.03049032	      0.16078689	      1.63311209	      0.06960089	      0.18911036	      1.71661210	      0.05113125	      0.11260754	      2.07519428	      0.30926703	      0.61549176	      2.10752887	      0.31277332	      0.28358754	      1.97361691	     -0.05714989	      0.58728078	      1.84402750	     -0.04846944	      0.32478928
      3.25000000	      2.03245430	      0.22429667	      0.89193712	      2.02673217	      0.02936194	      0.89622207	      1.88633678	      0.16912419	      0.91804635	      1.87942972	      0.08580983	      0.91211001	      2.13240482	      0.24209757	      0.45962295	      2.10554875	      0.24543930	      0.06675287	      2.04487732	      0.21943311	      0.04553744	      2.16004099	      0.20964964	      0.06563449	      2.01218550	      0.01729169	      0.41924629	      1.69819756	      0.03261727	      0.16734986	      1.65239476	      0.07268978	      0.19763062	      1.73240486	      0.05288638	      0.11780412	      2.08655359	      0.30985186	      0.61448286	      2.11322006	      0.31263568	      0.28310273	      1.99168851	     -0.05678903	      0.58719867	      1.86475728	     -0.04759276	      0.32750312
      3.26000000	      2.04424366	      0.22521039	      0.89261404	      2.03877861	      0.03024692	      0.89578106	      1.89807794	      0.16968826	      0.91769191	      1.89131915	      0.08639883	      0.91125594	      2.14200235	      0.24215571	      0.45862639	      2.10538363	      0.24526120	      0.06658657	      2.04452146	      0.21933247	      0.04604308	      2.15989795	      0.20953533	      0.06487283	      2.03574562	      0.01674218	      0.42017718	      1.71713726	      0.03473515	      0.17319117	      1.67270923	      0.07562808	      0.20477813	      1.75014866	      0.05462930	      0.12275225	      2.09721596	      0.31039810	      0.61358356	      2.11834432	      0.31257838	      0.28264648	      2.00961566	     -0.05656928	      0.58768461	      1.88592185	     -0.04683129	      0.33030112
      3.27000000	      2.05587369	      0.22609526	      0.89346775	      2.05077604	      0.03110914	      0.89572157	      1.90972497	      0.17017710	      0.91775219	      1.90315181	      0.08690521	      0.91090993	      2.15054686	      0.24233191	      0.45761681	      2.10518249	      0.24517395	      0.06652185	      2.04418285	      0.21931120	      0.04647214	      2.15970429	      0.20950122	      0.06438416	      2.05901712	      0.01609212	      0.42184253	      1.73734255	      0.03680988	      0.17811862	      1.69393555	      0.07838433	      0.21049751	      1.76965392	      0.05634626	      0.12714818	      2.10716366	      0.31096010	      0.61280263	      2.12289481	      0.31262898	      0.28220115	      2.02735504	     -0.05645242	      0.58872837	      1.90741086	     -0.04615745	      0.33309618
      3.28000000	      2.06731284	      0.22695859	      0.89450146	      2.06275292	      0.03195240	      0.89606615	      1.92126372	      0.17055071	      0.91824653	      1.91493858	      0.08728519	      0.91109965	      2.15802560	      0.24258025	      0.45663022	      2.10500262	      0.24518171	      0.06651777	      2.04385949	      0.21938995	      0.04693653	      2.15950699	      0.20952793	      0.06398573	      2.08187637	      0.01528395	      0.42423395	      1.75871696	      0.03882350	      0.18196396	      1.71597026	      0.08097610	      0.21464941	      1.79083776	      0.05799188	      0.13078856	      2.11640977	      0.31149507	      0.61217263	      2.12691424	      0.31276674	      0.28177020	      2.04480880	     -0.05648114	      0.59034188	      1.92907964	     -0.04560274	      0.33582631
      3.29000000	      2.07866508	      0.22775440	      0.89568866	      2.07462186	      0.03273370	      0.89679927	      1.93274129	      0.17090425	      0.91914781	      1.92664509	      0.08763893	      0.91180240	      2.16456860	      0.24299892	      0.45569689	      2.10484822	      0.24524628	      0.06656063	      2.04367929	      0.21945092	      0.04710648	      2.15936150	      0.20965837	      0.06395909	      2.10423599	      0.01442167	      0.42729723	      1.78115078	      0.04073080	      0.18461470	      1.73869278	      0.08339308	      0.21715563	      1.81357609	      0.05952106	      0.13355733	      2.12495349	      0.31209000	      0.61168290	      2.13038270	      0.31301889	      0.28135433	      2.06193597	     -0.05659474	      0.59247429	      1.95085702	     -0.04513189	      0.33840758
      3.30000000	      2.08992868	      0.22848078	      0.89708763	      2.08638346	      0.03344896	      0.89790728	      1.94413930	      0.17122317	      0.92039099	      1.93825954	      0.08795353	      0.91291922	      2.17019246	      0.24355289	      0.45483922	      2.10474045	      0.24535168	      0.06662243	      2.04358658	      0.21946266	      0.04715301	      2.15927050	      0.20985728	      0.06410130	      2.12601633	      0.01348892	      0.43093636	      1.80456580	      0.04251163	      0.18597274	      1.76200133	      0.08560752	      0.21787032	      1.83782578	      0.06088656	      0.13537434	      2.13285715	      0.31272452	      0.61135098	      2.13334380	      0.31336159	      0.28095387	      2.07869404	     -0.05679428	      0.59506117	      1.97264736	     -0.04475548	      0.34075613
      3.31000000	      2.10097018	      0.22919722	      0.89848232	      2.09818572	      0.03415326	      0.89935122	      1.95545057	      0.17137788	      0.92208300	      1.94988038	      0.08808431	      0.91464080	      2.17493253	      0.24402795	      0.45408903	      2.10468363	      0.24549665	      0.06669993	      2.04348913	      0.21956694	      0.04731501	      2.15919362	      0.21003163	      0.06416219	      2.14709664	      0.01250110	      0.43512899	      1.82890944	      0.04414712	      0.18600083	      1.78596473	      0.08761138	      0.21688724	      1.86338943	      0.06210296	      0.13613580	      2.14017395	      0.31320807	      0.61118938	      2.13591686	      0.31368680	      0.28060658	      2.09501295	     -0.05711161	      0.59809352	      1.99436275	     -0.04447462	      0.34283274
      3.32000000	      2.11190068	      0.22986579	      0.90002833	      2.10992647	      0.03481278	      0.90106676	      1.96667995	      0.17146430	      0.92403307	      1.96143674	      0.08814213	      0.91667401	      2.17888634	      0.24454072	      0.45345056	      2.10466283	      0.24563474	      0.06678290	      2.04344155	      0.21963695	      0.04740639	      2.15914501	      0.21019212	      0.06431145	      2.16747456	      0.01147951	      0.43967673	      1.85412352	      0.04559297	      0.18469872	      1.81053407	      0.08938233	      0.21415137	      1.89021447	      0.06309147	      0.13588334	      2.14697604	      0.31366842	      0.61117711	      2.13808691	      0.31403140	      0.28029213	      2.11091326	     -0.05748911	      0.60141797	      2.01597700	     -0.04428905	      0.34454092
      3.33000000	      2.12265687	      0.23049333	      0.90158276	      2.12167939	      0.03543589	      0.90309706	      1.97781130	      0.17141240	      0.92618416	      1.97296954	      0.08804705	      0.91904227	      2.18217444	      0.24497398	      0.45290833	      2.10466450	      0.24576592	      0.06685891	      2.04339387	      0.21970258	      0.04749468	      2.15909434	      0.21031470	      0.06445194	      2.18705866	      0.01049547	      0.44450648	      1.88018001	      0.04681710	      0.18210382	      1.83574905	      0.09086659	      0.20975730	      1.91817663	      0.06385688	      0.13464252	      2.15335047	      0.31398651	      0.61127821	      2.13994445	      0.31433398	      0.28001428	      2.12639805	     -0.05793311	      0.60498670	      2.03745369	     -0.04418052	      0.34583921
      3.34000000	      2.13327633	      0.23107528	      0.90312574	      2.13340685	      0.03602126	      0.90526207	      1.98887040	      0.17125795	      0.92851941	      1.98446988	      0.08784427	      0.92166196	      2.18487605	      0.24538110	      0.45248970	      2.10468087	      0.24585349	      0.06695607	      2.04334994	      0.21972413	      0.04763310	      2.15905375	      0.21038251	      0.06459309	      2.20585252	      0.00956189	      0.44945727	      1.90706099	      0.04777780	      0.17830130	      1.86170301	      0.09207023	      0.20386646	      1.94714173	      0.06435423	      0.13246543	      2.15930845	      0.31423333	      0.61148730	      2.14149764	      0.31460406	      0.27979252	      2.14144324	     -0.05840307	      0.60866873	      2.05879103	     -0.04415542	      0.34667926
      3.35000000	      2.14373826	      0.23161235	      0.90461496	      2.14512795	      0.03657341	      0.90753623	      1.99983887	      0.17097770	      0.93092900	      1.99594058	      0.08751048	      0.92442835	      2.18711068	      0.24573020	      0.45217447	      2.10470037	      0.24589082	      0.06707067	      2.04329939	      0.21971504	      0.04781847	      2.15901192	      0.21038453	      0.06472499	      2.22383960	      0.00872376	      0.45439723	      1.93475581	      0.04843715	      0.17340127	      1.88844538	      0.09296992	      0.19663497	      1.97701980	      0.06455890	      0.12945278	      2.16493386	      0.31438180	      0.61176682	      2.14280981	      0.31482128	      0.27962121	      2.15608299	     -0.05888281	      0.61236709	      2.07999608	     -0.04420887	      0.34702972
      3.36000000	      2.15403631	      0.23210068	      0.90599802	      2.15684332	      0.03709305	      0.90984482	      2.01071292	      0.17056391	      0.93334134	      2.00738176	      0.08704055	      0.92726008	      2.18899693	      0.24602589	      0.45194910	      2.10471626	      0.24586844	      0.06720970	      2.04324547	      0.21966575	      0.04805916	      2.15897404	      0.21032428	      0.06484947	      2.24102267	      0.00801314	      0.45920042	      1.96325894	      0.04875941	      0.16754359	      1.91602396	      0.09354426	      0.18825052	      2.00773071	      0.06444643	      0.12572655	      2.17027468	      0.31444091	      0.61208477	      2.14392340	      0.31498178	      0.27950104	      2.17033851	     -0.05935450	      0.61598509	      2.10108686	     -0.04434186	      0.34687701
      3.37000000	      2.16415236	      0.23253624	      0.90721888	      2.16857138	      0.03758316	      0.91216077	      2.02147813	      0.16999309	      0.93565201	      2.01879804	      0.08641189	      0.93006343	      2.19068867	      0.24630285	      0.45178547	      2.10471906	      0.24577872	      0.06737852	      2.04320648	      0.21963074	      0.04843163	      2.15897815	      0.21022079	      0.06488315	      2.25740534	      0.00743603	      0.46375286	      1.99257776	      0.04870982	      0.16087480	      1.94461445	      0.09376376	      0.17921522	      2.03901970	      0.06405386	      0.12115464	      2.17535314	      0.31443870	      0.61239960	      2.14485657	      0.31509470	      0.27942979	      2.18424323	     -0.05982601	      0.61944230	      2.12208321	     -0.04456999	      0.34621791
      3.38000000	      2.17415288	      0.23291989	      0.90837267	      2.18023423	      0.03803760	      0.91425154	      2.03215771	      0.16932662	      0.93785642	      2.03015070	      0.08569918	      0.93269358	      2.19214722	      0.24647151	      0.45169105	      2.10472819	      0.24564789	      0.06756719	      2.04313313	      0.21944363	      0.04870318	      2.15891523	      0.21004079	      0.06508524	      2.27310764	      0.00705470	      0.46790988	      2.02267120	      0.04827234	      0.15361357	      1.97379874	      0.09359249	      0.16879816	      2.07141908	      0.06318573	      0.11672362	      2.18036089	      0.31434058	      0.61271726	      2.14575572	      0.31513916	      0.27939063	      2.19784812	     -0.06019633	      0.62260113	      2.14305950	     -0.04486704	      0.34507262
      3.39000000	      2.18395340	      0.23323924	      0.90924099	      2.19190908	      0.03846056	      0.91621411	      2.04272872	      0.16848399	      0.93987386	      2.04148439	      0.08481263	      0.93520626	      2.19366452	      0.24667605	      0.45161455	      2.10472306	      0.24545053	      0.06779958	      2.04311593	      0.21925015	      0.04914014	      2.15895002	      0.20988347	      0.06517157	      2.28804039	      0.00678716	      0.47165755	      2.05357856	      0.04743295	      0.14589542	      2.00408165	      0.09294396	      0.15831845	      2.10422143	      0.06207505	      0.11157238	      2.18512650	      0.31423567	      0.61297554	      2.14651658	      0.31515639	      0.27940266	      2.21111880	     -0.06058313	      0.62547690	      2.16397794	     -0.04528971	      0.34347917
      3.40000000	      2.19362691	      0.23352856	      0.91006096	      2.20352386	      0.03886965	      0.91784647	      2.05319281	      0.16753190	      0.94166363	      2.05274570	      0.08383257	      0.93736786	      2.19507959	      0.24675411	      0.45156676	      2.10473233	      0.24522668	      0.06803800	      2.04306587	      0.21911668	      0.04956322	      2.15892879	      0.20960200	      0.06529642	      2.30237931	      0.00670717	      0.47484628	      2.08524338	      0.04616492	      0.13792859	      2.03517843	      0.09188677	      0.14729562	      2.13774843	      0.06054514	      0.10651378	      2.18996218	      0.31403648	      0.61318812	      2.14735698	      0.31510562	      0.27941808	      2.22416944	     -0.06085042	      0.62793210	      2.18494076	     -0.04580986	      0.34146220
      3.41000000	      2.20312185	      0.23373764	      0.91053660	      2.21513386	      0.03923692	      0.91924481	      2.06355979	      0.16641049	      0.94317879	      2.06398418	      0.08269051	      0.93930374	      2.19676655	      0.24691892	      0.45147313	      2.10473160	      0.24496476	      0.06830999	      2.04308461	      0.21875545	      0.05006799	      2.15902275	      0.20947123	      0.06537909	      2.31601551	      0.00670361	      0.47751147	      2.11766119	      0.04450583	      0.12990021	      2.06715168	      0.09034394	      0.13613444	      2.17187507	      0.05870595	      0.10152073	      2.19459589	      0.31388730	      0.61329121	      2.14809904	      0.31505993	      0.27946728	      2.23692214	     -0.06114925	      0.63001166	      2.20587563	     -0.04647842	      0.33910091
      3.42000000	      2.21253672	      0.23390782	      0.91098204	      2.22664867	      0.03957421	      0.92025317	      2.07382603	      0.16520726	      0.94438266	      2.07512495	      0.08148460	      0.94076864	      2.19845553	      0.24698501	      0.45136370	      2.10475489	      0.24469822	      0.06856785	      2.04308353	      0.21850206	      0.05055409	      2.15907567	      0.20923557	      0.06546167	      2.32912488	      0.00685409	      0.47953303	      2.15076484	      0.04242745	      0.12198246	      2.09994985	      0.08841640	      0.12497836	      2.20650921	      0.05649866	      0.09682837	      2.19938450	      0.31367827	      0.61330726	      2.14897868	      0.31497096	      0.27948837	      2.24949729	     -0.06133152	      0.63160620	      2.22688053	     -0.04726634	      0.33642659
      3.43000000	      2.22178973	      0.23400838	      0.91109447	      2.23816307	      0.03987844	      0.92089915	      2.08402464	      0.16383384	      0.94533390	      2.08626399	      0.08012058	      0.94197150	      2.20047461	      0.24711047	      0.45118208	      2.10477926	      0.24441525	      0.06885043	      2.04315414	      0.21808338	      0.05110408	      2.15923706	      0.20914475	      0.06549629	      2.34158403	      0.00702317	      0.48096243	      2.18450575	      0.04001732	      0.11437472	      2.13352349	      0.08598648	      0.11406452	      2.24160990	      0.05405479	      0.09252953	      2.20404393	      0.31351613	      0.61320713	      2.14983153	      0.31488423	      0.27953001	      2.26177257	     -0.06154889	      0.63276522	      2.24783988	     -0.04821036	      0.33353111
      3.44000000	      2.23103556	      0.23403845	      0.91115617	      2.24957203	      0.04011518	      0.92119692	      2.09414778	      0.16240335	      0.94588614	      2.09729893	      0.07871489	      0.94263918	      2.20263424	      0.24720709	      0.45092638	      2.10481822	      0.24413940	      0.06910335	      2.04324259	      0.21774453	      0.05160366	      2.15940159	      0.20902922	      0.06551078	      2.35352175	      0.00734125	      0.48170859	      2.21876616	      0.03725795	      0.10721775	      2.16775786	      0.08324686	      0.10380922	      2.27693389	      0.05138681	      0.08859105	      2.20886190	      0.31335130	      0.61297800	      2.15079918	      0.31478730	      0.27952220	      2.27391800	     -0.06166626	      0.63342309	      2.26884030	     -0.04926315	      0.33044754
      3.45000000	      2.24019511	      0.23402155	      0.91102220	      2.26096765	      0.04032257	      0.92101501	      2.10424199	      0.16083757	      0.94619150	      2.10833438	      0.07719005	      0.94293931	      2.20501246	      0.24727278	      0.45059613	      2.10487561	      0.24387850	      0.06935005	      2.04334982	      0.21744899	      0.05212612	      2.15958860	      0.20892901	      0.06547652	      2.36493023	      0.00764942	      0.48180471	      2.25340959	      0.03427522	      0.10071763	      2.20249629	      0.07996807	      0.09396468	      2.31253897	      0.04858622	      0.08548837	      2.21376453	      0.31317715	      0.61262880	      2.15188909	      0.31467839	      0.27948947	      2.28581600	     -0.06177625	      0.63358448	      2.28976511	     -0.05044176	      0.32727042
      3.46000000	      2.24931177	      0.23393647	      0.91071647	      2.27238658	      0.04048698	      0.92048904	      2.11430463	      0.15912383	      0.94610246	      2.11937572	      0.07553329	      0.94276536	      2.20770122	      0.24738190	      0.45013889	      2.10493864	      0.24364177	      0.06957181	      2.04350225	      0.21708277	      0.05264414	      2.15983886	      0.20895165	      0.06537034	      2.37582262	      0.00789562	      0.48122596	      2.28825387	      0.03113012	      0.09500380	      2.23759397	      0.07639143	      0.08493483	      2.34814652	      0.04571435	      0.08317144	      2.21871874	      0.31304750	      0.61213029	      2.15303109	      0.31458822	      0.27941744	      2.29752024	     -0.06192565	      0.63324507	      2.31054329	     -0.05174913	      0.32404325
      3.47000000	      2.25853270	      0.23376035	      0.91037706	      2.28373295	      0.04054847	      0.91958419	      2.12436881	      0.15736908	      0.94559705	      2.13035559	      0.07384917	      0.94201745	      2.21055655	      0.24749315	      0.44957974	      2.10501636	      0.24343405	      0.06975405	      2.04367477	      0.21682524	      0.05309721	      2.16009316	      0.20897143	      0.06523614	      2.38630517	      0.00826035	      0.47996362	      2.32306912	      0.02787863	      0.09017512	      2.27272206	      0.07246357	      0.07695502	      2.38350488	      0.04293478	      0.08156787	      2.22388329	      0.31294329	      0.61148480	      2.15430182	      0.31451407	      0.27927741	      2.30919785	     -0.06197972	      0.63240008	      2.33124734	     -0.05309675	      0.32082845
      3.48000000	      2.26783180	      0.23348927	      0.90982411	      2.29510462	      0.04052256	      0.91823205	      2.13451382	      0.15552320	      0.94480456	      2.14139244	      0.07208742	      0.94088216	      2.21373302	      0.24766796	      0.44889843	      2.10509760	      0.24324917	      0.06993214	      2.04394907	      0.21663720	      0.05346587	      2.16043898	      0.20909876	      0.06510856	      2.39638043	      0.00859473	      0.47809325	      2.35759146	      0.02464660	      0.08636043	      2.30751745	      0.06816088	      0.07050493	      2.41842001	      0.04042514	      0.08037472	      2.22909280	      0.31290787	      0.61070820	      2.15561561	      0.31446479	      0.27911563	      2.32077344	     -0.06204607	      0.63109502	      2.35173330	     -0.05450173	      0.31771747
      3.49000000	      2.27728629	      0.23313618	      0.90931311	      2.30650117	      0.04040583	      0.91653497	      2.14469970	      0.15359792	      0.94352548	      2.15243289	      0.07026323	      0.93908061	      2.21698887	      0.24780828	      0.44811555	      2.10520813	      0.24313052	      0.07004815	      2.04413252	      0.21646348	      0.05391510	      2.16071038	      0.20921019	      0.06483623	      2.40637720	      0.00895424	      0.47562680	      2.39144379	      0.02151294	      0.08354986	      2.34186200	      0.06399047	      0.06450704	      2.45243888	      0.03805689	      0.08082465	      2.23464289	      0.31285715	      0.60976811	      2.15712851	      0.31444302	      0.27885492	      2.33257297	     -0.06204807	      0.62933981	      2.37209484	     -0.05591523	      0.31475400
      3.50000000	      2.28681336	      0.23270776	      0.90868372	      2.31808011	      0.04025846	      0.91470958	      2.15492545	      0.15150180	      0.94165639	      2.16358460	      0.06828894	      0.93666943	      2.22068519	      0.24802437	      0.44714278	      2.10529264	      0.24305513	      0.07015085	      2.04439720	      0.21630257	      0.05426448	      2.16105925	      0.20949899	      0.06455804	      2.41633949	      0.00901374	      0.47268063	      2.42432614	      0.01863773	      0.08172711	      2.37519545	      0.05984295	      0.06021629	      2.48542142	      0.03607099	      0.08145750	      2.24034529	      0.31286411	      0.60864775	      2.15869020	      0.31445298	      0.27855554	      2.34443503	     -0.06221559	      0.62718698	      2.39202755	     -0.05737661	      0.31195195
      3.51000000	      2.29663040	      0.23216672	      0.90798483	      2.32964069	      0.03996690	      0.91247976	      2.16532871	      0.14946399	      0.93954665	      2.17478135	      0.06638160	      0.93387256	      2.22447291	      0.24822180	      0.44612922	      2.10541561	      0.24303335	      0.07026541	      2.04465259	      0.21629600	      0.05464507	      2.16138509	      0.20974832	      0.06428506	      2.42652077	      0.00913000	      0.46945129	      2.45585353	      0.01605753	      0.08080278	      2.40713329	      0.05574677	      0.05690971	      2.51689067	      0.03460243	      0.08283839	      2.24634068	      0.31287320	      0.60742574	      2.16043620	      0.31449059	      0.27822710	      2.35667718	     -0.06230104	      0.62480752	      2.41179478	     -0.05876257	      0.30946331
      3.52000000	      2.30669260	      0.23154355	      0.90716559	      2.34126460	      0.03958634	      0.90996869	      2.17591982	      0.14746357	      0.93724984	      2.18608631	      0.06452062	      0.93082013	      2.22845978	      0.24838415	      0.44507880	      2.10556226	      0.24307028	      0.07043943	      2.04492422	      0.21651052	      0.05503708	      2.16170344	      0.20997204	      0.06410016	      2.43709569	      0.00910925	      0.46613072	      2.48569581	      0.01388646	      0.08061446	      2.43728182	      0.05178964	      0.05479935	      2.54666827	      0.03369689	      0.08435128	      2.25264153	      0.31285660	      0.60611642	      2.16238950	      0.31454621	      0.27790827	      2.36919710	     -0.06242464	      0.62229975	      2.43118488	     -0.06006518	      0.30729611
      3.53000000	      2.31705550	      0.23082296	      0.90627062	      2.35298241	      0.03909899	      0.90762309	      2.18664874	      0.14554450	      0.93451392	      2.19746347	      0.06273792	      0.92741861	      2.23266317	      0.24855518	      0.44395386	      2.10573881	      0.24318358	      0.07064471	      2.04516025	      0.21659902	      0.05561730	      2.16201735	      0.21032300	      0.06382144	      2.44816435	      0.00892597	      0.46285794	      2.51354025	      0.01217386	      0.08090707	      2.46560070	      0.04861101	      0.05306533	      2.57423668	      0.03311820	      0.08659526	      2.25923903	      0.31281961	      0.60469706	      2.16446282	      0.31463639	      0.27759266	      2.38210985	     -0.06265030	      0.61979652	      2.45007664	     -0.06125960	      0.30541710
      3.54000000	      2.32772274	      0.23003353	      0.90521655	      2.36474629	      0.03851355	      0.90529261	      2.19759759	      0.14378306	      0.93175569	      2.20894535	      0.06110031	      0.92407313	      2.23707881	      0.24864251	      0.44285855	      2.10596367	      0.24336571	      0.07098399	      2.04541065	      0.21687340	      0.05629725	      2.16232320	      0.21064532	      0.06370981	      2.45971245	      0.00865896	      0.45982260	      2.53917606	      0.01095741	      0.08146732	      2.49154940	      0.04590468	      0.05214498	      2.59962888	      0.03306348	      0.08847667	      2.26619810	      0.31268976	      0.60324741	      2.16679316	      0.31472898	      0.27735387	      2.39524023	     -0.06293220	      0.61741105	      2.46833693	     -0.06227098	      0.30382801
      3.55000000	      2.33870612	      0.22917512	      0.90397462	      2.37656382	      0.03782014	      0.90312803	      2.20877898	      0.14220058	      0.92908222	      2.22054014	      0.05961674	      0.92096962	      2.24171783	      0.24861942	      0.44182273	      2.10625903	      0.24361180	      0.07148980	      2.04567356	      0.21726302	      0.05719129	      2.16263359	      0.21095063	      0.06373232	      2.47170894	      0.00835756	      0.45715930	      2.56242681	      0.01025353	      0.08207591	      2.51502267	      0.04382852	      0.05161567	      2.62263774	      0.03345314	      0.09005274	      2.27351133	      0.31242462	      0.60179973	      2.16938925	      0.31480682	      0.27722582	      2.40854039	     -0.06328343	      0.61525226	      2.48584673	     -0.06305678	      0.30249811
      3.56000000	      2.34999378	      0.22827253	      0.90253574	      2.38842876	      0.03703566	      0.90116981	      2.22020038	      0.14081788	      0.92664763	      2.23225066	      0.05830043	      0.91828744	      2.24662964	      0.24843653	      0.44087944	      2.10664568	      0.24392011	      0.07221321	      2.04595473	      0.21782380	      0.05832715	      2.16294314	      0.21118372	      0.06397522	      2.48405069	      0.00808821	      0.45493478	      2.58319942	      0.01004346	      0.08253358	      2.53583590	      0.04233132	      0.05139747	      2.64324187	      0.03428601	      0.09096124	      2.28125562	      0.31197694	      0.60037310	      2.17234881	      0.31485306	      0.27723292	      2.42190413	     -0.06368150	      0.61337402	      2.50248494	     -0.06358217	      0.30136982
      3.57000000	      2.36162524	      0.22731602	      0.90093186	      2.40034803	      0.03613658	      0.89965978	      2.23183351	      0.13965684	      0.92429847	      2.24404958	      0.05716211	      0.91595465	      2.25193830	      0.24817079	      0.44000038	      2.10713780	      0.24428376	      0.07318098	      2.04628304	      0.21833722	      0.05990232	      2.16331349	      0.21148920	      0.06429050	      2.49661468	      0.00788408	      0.45313324	      2.60145375	      0.01028259	      0.08266374	      2.55409982	      0.04169538	      0.05093398	      2.66120197	      0.03536630	      0.09161731	      2.28936952	      0.31140337	      0.59898187	      2.17558776	      0.31487893	      0.27741710	      2.43538607	     -0.06413805	      0.61181516	      2.51820250	     -0.06386225	      0.30037141
      3.58000000	      2.37352352	      0.22633498	      0.89915152	      2.41235358	      0.03517450	      0.89840961	      2.24371766	      0.13865678	      0.92236780	      2.25600081	      0.05615037	      0.91424082	      2.25767531	      0.24768878	      0.43924036	      2.10777976	      0.24469053	      0.07445729	      2.04667253	      0.21905305	      0.06189857	      2.16371580	      0.21167262	      0.06484476	      2.50924585	      0.00780852	      0.45176068	      2.61723725	      0.01092144	      0.08240390	      2.56971195	      0.04160285	      0.05037069	      2.67668395	      0.03679197	      0.09160061	      2.29801209	      0.31059095	      0.59764121	      2.17933547	      0.31483821	      0.27778105	      2.44887177	     -0.06459911	      0.61059451	      2.53296679	     -0.06389313	      0.29948943
      3.59000000	      2.38578993	      0.22530716	      0.89727859	      2.42437525	      0.03409604	      0.89764672	      2.25579889	      0.13791583	      0.92054033	      2.26800089	      0.05535288	      0.91287855	      2.26397124	      0.24713310	      0.43855043	      2.10858780	      0.24511326	      0.07606122	      2.04721362	      0.21967399	      0.06431719	      2.16426216	      0.21191808	      0.06564452	      2.52211780	      0.00782480	      0.45085645	      2.63063114	      0.01189563	      0.08168162	      2.58271171	      0.04215354	      0.04982803	      2.68987321	      0.03836643	      0.09067077	      2.30708563	      0.30967868	      0.59635971	      2.18344342	      0.31475706	      0.27836753	      2.46231470	     -0.06510951	      0.60966532	      2.54673133	     -0.06367229	      0.29864974
      3.60000000	      2.39832636	      0.22425311	      0.89530728	      2.43649227	      0.03296663	      0.89717837	      2.26811299	      0.13732436	      0.91905375	      2.28014445	      0.05467926	      0.91203507	      2.27093536	      0.24642319	      0.43793817	      2.10962606	      0.24554380	      0.07804611	      2.04793687	      0.22028447	      0.06727339	      2.16496509	      0.21213878	      0.06670606	      2.53502469	      0.00795379	      0.45033518	      2.64179548	      0.01312157	      0.08053615	      2.59330060	      0.04321105	      0.04922198	      2.70088149	      0.04004730	      0.08900141	      2.31668110	      0.30860213	      0.59515037	      2.18809186	      0.31460208	      0.27918174	      2.47563187	     -0.06563629	      0.60899542	      2.55950041	     -0.06324368	      0.29783946
      3.61000000	      2.41113036	      0.22317738	      0.89336592	      2.44868032	      0.03179315	      0.89693371	      2.28064151	      0.13688332	      0.91790199	      2.29240561	      0.05414071	      0.91161727	      2.27856645	      0.24549815	      0.43743403	      2.11096689	      0.24597687	      0.08043655	      2.04883246	      0.22087398	      0.07091145	      2.16579063	      0.21222793	      0.06802879	      2.54793655	      0.00825230	      0.45012001	      2.65094358	      0.01448491	      0.07901495	      2.60151485	      0.04481664	      0.04872763	      2.70979455	      0.04180556	      0.08657601	      2.32698472	      0.30732562	      0.59398308	      2.19345945	      0.31436035	      0.28018676	      2.48900365	     -0.06608735	      0.60860222	      2.57150724	     -0.06266628	      0.29710305
      3.62000000	      2.42415129	      0.22207476	      0.89136221	      2.46100837	      0.03060392	      0.89694134	      2.29338857	      0.13653017	      0.91703823	      2.30484039	      0.05368184	      0.91163066	      2.28723713	      0.24448315	      0.43689087	      2.11264025	      0.24635141	      0.08329049	      2.05016853	      0.22144547	      0.07508958	      2.16700418	      0.21237576	      0.06966286	      2.56101541	      0.00856683	      0.45028782	      2.65821802	      0.01598460	      0.07724083	      2.60813757	      0.04640230	      0.04788601	      2.71703272	      0.04346044	      0.08393113	      2.33774361	      0.30597811	      0.59291022	      2.19939713	      0.31401166	      0.28147425	      2.50207374	     -0.06662471	      0.60836436	      2.58251537	     -0.06193016	      0.29638292
      3.63000000	      2.43740647	      0.22095382	      0.88951477	      2.47342041	      0.02939543	      0.89719794	      2.30629852	      0.13628596	      0.91631186	      2.31737549	      0.05333199	      0.91182078	      2.29683034	      0.24332892	      0.43637319	      2.11475650	      0.24666880	      0.08660743	      2.05193435	      0.22191839	      0.07999278	      2.16856125	      0.21246294	      0.07156436	      2.57412699	      0.00896070	      0.45065697	      2.66392592	      0.01748599	      0.07529032	      2.61308334	      0.04808585	      0.04711845	      2.72270981	      0.04507034	      0.08086759	      2.34917867	      0.30453903	      0.59189665	      2.20608247	      0.31356143	      0.28299075	      2.51516332	     -0.06711970	      0.60829941	      2.59287032	     -0.06113418	      0.29573267
      3.64000000	      2.45085757	      0.21982909	      0.88782569	      2.48592060	      0.02819063	      0.89762040	      2.31936714	      0.13613113	      0.91577105	      2.33002043	      0.05307694	      0.91220152	      2.30753771	      0.24203058	      0.43581464	      2.11740006	      0.24689514	      0.09042964	      2.05425134	      0.22222619	      0.08569293	      2.17054743	      0.21249729	      0.07374103	      2.58718355	      0.00938881	      0.45117008	      2.66832026	      0.01893004	      0.07330305	      2.61667965	      0.04977679	      0.04648246	      2.72707381	      0.04656945	      0.07760965	      2.36131619	      0.30302796	      0.59093319	      2.21361364	      0.31298391	      0.28474045	      2.52818099	     -0.06758579	      0.60836324	      2.60260598	     -0.06032544	      0.29517026
      3.65000000	      2.46444425	      0.21871176	      0.88635321	      2.49853771	      0.02700642	      0.89807292	      2.33261093	      0.13600795	      0.91561209	      2.34281842	      0.05286567	      0.91289199	      2.31927355	      0.24047367	      0.43526656	      2.12070927	      0.24704358	      0.09474156	      2.05720051	      0.22236262	      0.09288071	      2.17281478	      0.21238507	      0.07567415	      2.59998198	      0.00994797	      0.45173680	      2.67166342	      0.02022653	      0.07140347	      2.61911990	      0.05148281	      0.04594963	      2.73019253	      0.04796737	      0.07452535	      2.37425163	      0.30134991	      0.59001172	      2.22217060	      0.31224585	      0.28666792	      2.54127927	     -0.06791150	      0.60860609	      2.61196333	     -0.05954707	      0.29477967
      3.66000000	      2.47820613	      0.21760007	      0.88515471	      2.51115653	      0.02581817	      0.89874247	      2.34592006	      0.13599471	      0.91543646	      2.35561980	      0.05276896	      0.91353375	      2.33232373	      0.23889871	      0.43461268	      2.12472530	      0.24701442	      0.09962579	      2.06107713	      0.22224946	      0.10036724	      2.17587471	      0.21227344	      0.07836106	      2.61272005	      0.01045940	      0.45235977	      2.67413860	      0.02139146	      0.06964031	      2.62081355	      0.05289343	      0.04558623	      2.73254046	      0.04918274	      0.07145877	      2.38779008	      0.29975767	      0.58919030	      2.23156091	      0.31138164	      0.28889935	      2.55421002	     -0.06824365	      0.60887970	      2.62078374	     -0.05881129	      0.29446387
      3.67000000	      2.49202049	      0.21651333	      0.88422929	      2.52384975	      0.02467351	      0.89956003	      2.35928692	      0.13597798	      0.91540428	      2.36849165	      0.05268211	      0.91426311	      2.34663554	      0.23719394	      0.43387018	      2.12957580	      0.24680902	      0.10506441	      2.06596623	      0.22190277	      0.10874019	      2.17960702	      0.21206509	      0.08133087	      2.62516884	      0.01093211	      0.45295891	      2.67595981	      0.02238947	      0.06809550	      2.62193839	      0.05405917	      0.04537493	      2.73423050	      0.05021880	      0.06865142	      2.40201151	      0.29813854	      0.58844646	      2.24195792	      0.31035177	      0.29138146	      2.56697883	     -0.06856214	      0.60919805	      2.62914173	     -0.05815912	      0.29424776
      3.68000000	      2.50587940	      0.21544504	      0.88354667	      2.53653636	      0.02354535	      0.90043786	      2.37269930	      0.13600687	      0.91561942	      2.38138171	      0.05264837	      0.91516376	      2.36223995	      0.23541227	      0.43304449	      2.13536693	      0.24639007	      0.11108132	      2.07202142	      0.22123683	      0.11790716	      2.18413669	      0.21175867	      0.08470160	      2.63717453	      0.01143204	      0.45350965	      2.67728492	      0.02320590	      0.06682061	      2.62262235	      0.05484870	      0.04530402	      2.73539002	      0.05115406	      0.06618133	      2.41684529	      0.29654683	      0.58781979	      2.25338689	      0.30916335	      0.29414490	      2.57956061	     -0.06880939	      0.60958025	      2.63711742	     -0.05758300	      0.29416305
      3.69000000	      2.51977696	      0.21439161	      0.88314263	      2.54914161	      0.02241296	      0.90137913	      2.38611103	      0.13611029	      0.91602849	      2.39421808	      0.05269274	      0.91616559	      2.37907251	      0.23361176	      0.43217680	      2.14219221	      0.24572016	      0.11766707	      2.07935542	      0.22019353	      0.12775602	      2.18956951	      0.21131984	      0.08855919	      2.64869772	      0.01194939	      0.45398277	      2.67823961	      0.02383954	      0.06580727	      2.62299350	      0.05532732	      0.04536206	      2.73615171	      0.05195290	      0.06406750	      2.43225189	      0.29503141	      0.58733526	      2.26584862	      0.30783128	      0.29720193	      2.59188480	     -0.06898687	      0.60998820	      2.64470939	     -0.05708179	      0.29417609
      3.70000000	      2.53359647	      0.21336541	      0.88296509	      2.56174389	      0.02133152	      0.90249355	      2.39946939	      0.13617901	      0.91655390	      2.40703783	      0.05271373	      0.91725822	      2.39707376	      0.23179775	      0.43126401	      2.15012063	      0.24478455	      0.12477326	      2.08808212	      0.21875987	      0.13829691	      2.19591773	      0.21072815	      0.09280788	      2.65962113	      0.01237405	      0.45434526	      2.67891105	      0.02431717	      0.06504681	      2.62318296	      0.05564188	      0.04547846	      2.73662773	      0.05255922	      0.06241481	      2.44818975	      0.29355534	      0.58698081	      2.27934730	      0.30635133	      0.30053293	      2.60384588	     -0.06919720	      0.61039439	      2.65180681	     -0.05669325	      0.29423566
      3.71000000	      2.54731008	      0.21235686	      0.88298825	      2.57428537	      0.02028558	      0.90376347	      2.41274002	      0.13622876	      0.91721452	      2.41979146	      0.05272461	      0.91846529	      2.41615443	      0.23001392	      0.43035692	      2.15921407	      0.24356268	      0.13236497	      2.09823558	      0.21691818	      0.14929051	      2.20330917	      0.20995072	      0.09758680	      2.66980838	      0.01274184	      0.45457687	      2.67937730	      0.02465867	      0.06451159	      2.62323479	      0.05574728	      0.04563074	      2.73688896	      0.05305167	      0.06117182	      2.46459595	      0.29213786	      0.58678136	      2.29387022	      0.30473876	      0.30414004	      2.61540114	     -0.06941596	      0.61080115	      2.65841496	     -0.05640084	      0.29432628
      3.72000000	      2.56100119	      0.21136086	      0.88328361	      2.58659799	      0.01920544	      0.90500346	      2.42592780	      0.13639896	      0.91809620	      2.43236839	      0.05285277	      0.91976461	      2.43611812	      0.22837292	      0.42959825	      2.16952456	      0.24201970	      0.14037538	      2.10978651	      0.21462238	      0.16046804	      2.21190876	      0.20893328	      0.10301407	      2.67936284	      0.01308463	      0.45469753	      2.67966713	      0.02486716	      0.06415377	      2.62316204	      0.05566187	      0.04586798	      2.73698768	      0.05341748	      0.06017693	      2.48135687	      0.29090081	      0.58681876	      2.30933824	      0.30304318	      0.30803497	      2.62646249	     -0.06958680	      0.61116819	      2.66456216	     -0.05617392	      0.29443413
      3.73000000	      2.57447215	      0.21038663	      0.88371690	      2.59890535	      0.01820082	      0.90648287	      2.43896070	      0.13644449	      0.91900473	      2.44489158	      0.05287094	      0.92113027	      2.45689079	      0.22683080	      0.42893595	      2.18104286	      0.24018345	      0.14868018	      2.12278047	      0.21189757	      0.17187883	      2.22161205	      0.20769964	      0.10881557	      2.68808773	      0.01319208	      0.45466993	      2.67982293	      0.02501161	      0.06394691	      2.62308740	      0.05558362	      0.04601549	      2.73700521	      0.05362256	      0.05961505	      2.49843598	      0.28971563	      0.58703106	      2.32571373	      0.30125018	      0.31215085	      2.63694426	     -0.06992079	      0.61149046	      2.67005244	     -0.05609192	      0.29449324
      3.74000000	      2.58785415	      0.20942010	      0.88437649	      2.61098987	      0.01717097	      0.90794897	      2.45187215	      0.13656264	      0.92010758	      2.45723156	      0.05296029	      0.92258824	      2.47825669	      0.22548649	      0.42853766	      2.19378946	      0.23803534	      0.15716847	      2.13706371	      0.20873916	      0.18309755	      2.23265820	      0.20620157	      0.11514512	      2.69606083	      0.01322134	      0.45451981	      2.67986395	      0.02507741	      0.06384225	      2.62294434	      0.05540420	      0.04619255	      2.73693379	      0.05374431	      0.05921980	      2.51571347	      0.28871162	      0.58751610	      2.34289920	      0.29941217	      0.31648149	      2.64684569	     -0.07025794	      0.61176217	      2.67501399	     -0.05608286	      0.29452460
      3.75000000	      2.60108926	      0.20846265	      0.88523674	      2.62291078	      0.01614418	      0.90948716	      2.46463090	      0.13667689	      0.92131921	      2.46941364	      0.05304893	      0.92409780	      2.50008641	      0.22433949	      0.42842849	      2.20773846	      0.23560014	      0.16568174	      2.15257441	      0.20516930	      0.19400359	      2.24503980	      0.20445339	      0.12180997	      2.70322434	      0.01311231	      0.45423891	      2.67981585	      0.02509410	      0.06380360	      2.62277986	      0.05518598	      0.04632156	      2.73681082	      0.05378554	      0.05901168	      2.53313238	      0.28785553	      0.58826668	      2.36081718	      0.29754133	      0.32096105	      2.65615169	     -0.07065851	      0.61198141	      2.67939721	     -0.05616644	      0.29450125
      3.76000000	      2.61417034	      0.20750885	      0.88628427	      2.63466142	      0.01511192	      0.91106710	      2.47723451	      0.13678095	      0.92264588	      2.48143436	      0.05312980	      0.92565864	      2.52224083	      0.22341718	      0.42865517	      2.22285338	      0.23290714	      0.17405483	      2.16918932	      0.20122111	      0.20436892	      2.25881176	      0.20247846	      0.12868196	      2.70959714	      0.01286205	      0.45384772	      2.67970357	      0.02507879	      0.06380940	      2.62260447	      0.05495612	      0.04643463	      2.73666100	      0.05376475	      0.05891460	      2.55060972	      0.28715947	      0.58929979	      2.37937317	      0.29566726	      0.32552822	      2.66485823	     -0.07112675	      0.61215247	      2.68321722	     -0.05633666	      0.29442604
      3.77000000	      2.62708887	      0.20656825	      0.88752872	      2.64624696	      0.01407827	      0.91265299	      2.48968225	      0.13686743	      0.92409700	      2.49329819	      0.05319458	      0.92726087	      2.54459746	      0.22272605	      0.42926154	      2.23911409	      0.22997809	      0.18209394	      2.18683442	      0.19691890	      0.21400567	      2.27399700	      0.20028669	      0.13556065	      2.71522105	      0.01246449	      0.45336213	      2.67953297	      0.02504284	      0.06383826	      2.62243090	      0.05474762	      0.04651090	      2.73649779	      0.05367384	      0.05890653	      2.56808014	      0.28663088	      0.59062853	      2.39849195	      0.29380637	      0.33010109	      2.67296348	     -0.07166285	      0.61227395	      2.68648063	     -0.05658863	      0.29430060
      3.78000000	      2.63985170	      0.20563137	      0.88893871	      2.65766617	      0.01303472	      0.91423350	      2.50197801	      0.13693585	      0.92565103	      2.50500555	      0.05324258	      0.92889171	      2.56706045	      0.22226945	      0.43025274	      2.25646969	      0.22686098	      0.18962041	      2.20539638	      0.19232278	      0.22271241	      2.29060030	      0.19792265	      0.14226858	      2.72012585	      0.01195522	      0.45280742	      2.67933511	      0.02499212	      0.06388270	      2.62226511	      0.05453856	      0.04658201	      2.73633762	      0.05354894	      0.05893286	      2.58549624	      0.28626308	      0.59223887	      2.41809653	      0.29198317	      0.33459397	      2.68052433	     -0.07224643	      0.61236269	      2.68925133	     -0.05690526	      0.29414200
      3.79000000	      2.65246307	      0.20470065	      0.89049288	      2.66893098	      0.01198314	      0.91577969	      2.51413147	      0.13698333	      0.92729992	      2.51656873	      0.05327078	      0.93054033	      2.58954601	      0.22204203	      0.43163144	      2.27488706	      0.22359376	      0.19644308	      2.22480824	      0.18752007	      0.23030439	      2.30860958	      0.19541202	      0.14858946	      2.72437034	      0.01134407	      0.45220653	      2.67912641	      0.02493178	      0.06393803	      2.62211167	      0.05434472	      0.04668346	      2.73619393	      0.05339374	      0.05894697	      2.60281508	      0.28605130	      0.59411626	      2.43812357	      0.29021321	      0.33891118	      2.68757329	     -0.07287128	      0.61242460	      2.69156882	     -0.05727774	      0.29396333
      3.80000000	      2.66490441	      0.20375873	      0.89218922	      2.68005800	      0.01091510	      0.91733590	      2.52612150	      0.13696476	      0.92898451	      2.52798597	      0.05323521	      0.93216528	      2.61198587	      0.22208038	      0.43339767	      2.29434893	      0.22019897	      0.20237391	      2.24515494	      0.18297956	      0.23671212	      2.32788939	      0.19270548	      0.15411251	      2.72794085	      0.01070988	      0.45157622	      2.67894585	      0.02484798	      0.06399762	      2.62188756	      0.05414121	      0.04706700	      2.73603741	      0.05328904	      0.05869225	      2.61997944	      0.28600070	      0.59626223	      2.45849973	      0.28852075	      0.34297304	      2.69424819	     -0.07349090	      0.61248337	      2.69354333	     -0.05768500	      0.29378030
      3.81000000	      2.67722162	      0.20286006	      0.89397161	      2.69101180	      0.00985807	      0.91868428	      2.53800492	      0.13699128	      0.93079602	      2.53926802	      0.05324377	      0.93379425	      2.63432199	      0.22227878	      0.43552330	      2.31481914	      0.21679232	      0.20725370	      2.26605922	      0.17772440	      0.24150292	      2.34874260	      0.19009300	      0.15920617	      2.73125179	      0.00991038	      0.45097441	      2.67873265	      0.02478899	      0.06410754	      2.62186873	      0.05402366	      0.04704023	      2.73599057	      0.05300287	      0.05892404	      2.63701530	      0.28609249	      0.59860343	      2.47923764	      0.28691718	      0.34664712	      2.70039204	     -0.07418471	      0.61250389	      2.69511924	     -0.05813418	      0.29362897
      3.82000000	      2.68940939	      0.20195823	      0.89583473	      2.70185099	      0.00879611	      0.92000607	      2.54975934	      0.13697686	      0.93259487	      2.55043106	      0.05321457	      0.93536219	      2.65651244	      0.22266619	      0.43797751	      2.33629348	      0.21336479	      0.21092912	      2.28789846	      0.17283816	      0.24491281	      2.37074084	      0.18737338	      0.16313173	      2.73403971	      0.00914472	      0.45038032	      2.67857551	      0.02470630	      0.06423067	      2.62179121	      0.05385546	      0.04732696	      2.73594915	      0.05279212	      0.05885492	      2.65388878	      0.28629650	      0.60113042	      2.50026863	      0.28540212	      0.34986882	      2.70629057	     -0.07483288	      0.61253404	      2.69648170	     -0.05858856	      0.29350385
      3.83000000	      2.70147923	      0.20106226	      0.89773587	      2.71258714	      0.00773431	      0.92122137	      2.56141348	      0.13693601	      0.93441601	      2.56149908	      0.05316192	      0.93689093	      2.67851525	      0.22319431	      0.44073587	      2.35877049	      0.20996006	      0.21328887	      2.31071219	      0.16846070	      0.24693514	      2.39381317	      0.18456350	      0.16571196	      2.73644768	      0.00842917	      0.44981911	      2.67846792	      0.02460227	      0.06438203	      2.62170666	      0.05368810	      0.04772947	      2.73591526	      0.05260819	      0.05874264	      2.67058407	      0.28659093	      0.60380804	      2.52158138	      0.28397194	      0.35255955	      2.71199886	     -0.07542005	      0.61256937	      2.69770417	     -0.05903538	      0.29342256
      3.84000000	      2.71345247	      0.20020697	      0.89959464	      2.72322033	      0.00671171	      0.92228442	      2.57297869	      0.13692337	      0.93617777	      2.57247500	      0.05314141	      0.93831345	      2.70033441	      0.22380585	      0.44370168	      2.38222933	      0.20667258	      0.21428252	      2.33392130	      0.16384768	      0.24679285	      2.41854840	      0.18195291	      0.16759227	      2.73879943	      0.00760380	      0.44931945	      2.67837651	      0.02451628	      0.06460288	      2.62175266	      0.05358666	      0.04809776	      2.73599249	      0.05230822	      0.05876019	      2.68715196	      0.28695177	      0.60653099	      2.54319969	      0.28264401	      0.35463333	      2.71740266	     -0.07606454	      0.61259183	      2.69871564	     -0.05950010	      0.29340940
      3.85000000	      2.72537871	      0.19933914	      0.90140134	      2.73376125	      0.00568155	      0.92324446	      2.58448956	      0.13692356	      0.93787829	      2.58337726	      0.05313905	      0.93965309	      2.72190280	      0.22449715	      0.44685975	      2.40669056	      0.20349583	      0.21383909	      2.35841504	      0.15989081	      0.24557295	      2.44400808	      0.17930173	      0.16773128	      2.74092675	      0.00688813	      0.44887728	      2.67834705	      0.02440596	      0.06487111	      2.62177233	      0.05346854	      0.04861669	      2.73605886	      0.05206903	      0.05875035	      2.70354978	      0.28735459	      0.60929952	      2.56507697	      0.28140648	      0.35605422	      2.72278793	     -0.07661522	      0.61262786	      2.69974492	     -0.05993472	      0.29346165
      3.86000000	      2.73722513	      0.19853747	      0.90319440	      2.74428861	      0.00471803	      0.92404598	      2.59594358	      0.13691339	      0.93949895	      2.59425309	      0.05313064	      0.94084973	      2.74321054	      0.22505799	      0.45016223	      2.43212128	      0.20050833	      0.21202976	      2.38321707	      0.15606580	      0.24206588	      2.47112781	      0.17685814	      0.16722165	      2.74303641	      0.00617683	      0.44846261	      2.67835629	      0.02429568	      0.06517196	      2.62187449	      0.05329453	      0.04915319	      2.73620827	      0.05180327	      0.05872519	      2.71987577	      0.28770207	      0.61204421	      2.58727638	      0.28020280	      0.35679562	      2.72807719	     -0.07713177	      0.61263319	      2.70071388	     -0.06035064	      0.29355759
      3.87000000	      2.74908280	      0.19773718	      0.90485969	      2.75474740	      0.00376920	      0.92473402	      2.60738331	      0.13696413	      0.94096947	      2.60508233	      0.05319023	      0.94190176	      2.76421795	      0.22560239	      0.45351466	      2.45850676	      0.19769753	      0.20888696	      2.40909135	      0.15273637	      0.23734257	      2.49908903	      0.17449710	      0.16530670	      2.74515699	      0.00551732	      0.44811207	      2.67841115	      0.02417533	      0.06553918	      2.62199916	      0.05312935	      0.04979241	      2.73638265	      0.05153884	      0.05873377	      2.73606678	      0.28803801	      0.61470981	      2.60972402	      0.27907211	      0.35684975	      2.73337959	     -0.07760085	      0.61263788	      2.70173420	     -0.06074320	      0.29372712
      3.88000000	      2.76093266	      0.19696330	      0.90641151	      2.76519142	      0.00286116	      0.92530271	      2.61880825	      0.13704231	      0.94227447	      2.61589721	      0.05328374	      0.94278428	      2.78488520	      0.22600609	      0.45686598	      2.48577466	      0.19508509	      0.20456021	      2.43572465	      0.14986006	      0.23121699	      2.52804550	      0.17226256	      0.16238917	      2.74731040	      0.00491255	      0.44780227	      2.67850996	      0.02404561	      0.06595376	      2.62215083	      0.05295791	      0.05049666	      2.73658321	      0.05127933	      0.05877144	      2.75215240	      0.28829276	      0.61725146	      2.63241247	      0.27796735	      0.35624855	      2.73873619	     -0.07801669	      0.61262127	      2.70282067	     -0.06111115	      0.29394975
      3.89000000	      2.77279941	      0.19620150	      0.90780401	      2.77558286	      0.00198101	      0.92572900	      2.63023807	      0.13719119	      0.94344205	      2.62668691	      0.05345582	      0.94353747	      2.80513881	      0.22623942	      0.46016001	      2.51380531	      0.19268956	      0.19922475	      2.46320095	      0.14720581	      0.22417511	      2.55765100	      0.17017937	      0.15849649	      2.74953725	      0.00437922	      0.44754359	      2.67864609	      0.02390382	      0.06642554	      2.62232296	      0.05278426	      0.05123573	      2.73679642	      0.05102436	      0.05890330	      2.76809732	      0.28845109	      0.61963479	      2.65526819	      0.27688359	      0.35504863	      2.74416568	     -0.07836731	      0.61258976	      2.70401422	     -0.06145011	      0.29423253
      3.90000000	      2.78463231	      0.19548385	      0.90914193	      2.78597947	      0.00116433	      0.92613487	      2.64158119	      0.13733480	      0.94422879	      2.63742543	      0.05362781	      0.94391361	      2.82495369	      0.22628175	      0.46328461	      2.54236592	      0.19044872	      0.19317362	      2.49087451	      0.14525650	      0.21576404	      2.58812365	      0.16818289	      0.15428832	      2.75181820	      0.00384070	      0.44728232	      2.67881106	      0.02376501	      0.06691604	      2.62252607	      0.05261279	      0.05206913	      2.73704814	      0.05075768	      0.05894763	      2.78393222	      0.28849520	      0.62178160	      2.67818321	      0.27578018	      0.35334126	      2.74964791	     -0.07871566	      0.61249678	      2.70521352	     -0.06178023	      0.29453365
      3.91000000	      2.79641634	      0.19477022	      0.91026969	      2.79623770	      0.00036973	      0.92636531	      2.65287973	      0.13757164	      0.94493360	      2.64807532	      0.05390175	      0.94422688	      2.84414023	      0.22611473	      0.46625259	      2.57116375	      0.18841119	      0.18664843	      2.51905549	      0.14320458	      0.20728298	      2.61848805	      0.16634120	      0.14948902	      2.75415682	      0.00339715	      0.44707842	      2.67900010	      0.02361207	      0.06746407	      2.62273546	      0.05239024	      0.05288616	      2.73729327	      0.05052330	      0.05913769	      2.79947245	      0.28842213	      0.62372369	      2.70095022	      0.27467531	      0.35125536	      2.75518693	     -0.07898187	      0.61239242	      2.70654566	     -0.06207787	      0.29489171
      3.92000000	      2.80804798	      0.19407867	      0.91134224	      2.80631852	     -0.00038207	      0.92659624	      2.66395143	      0.13783744	      0.94524111	      2.65850748	      0.05421080	      0.94415524	      2.86262377	      0.22576736	      0.46893605	      2.59973032	      0.18650455	      0.18000426	      2.54696678	      0.14147805	      0.19850797	      2.64862270	      0.16458013	      0.14470606	      2.75646557	      0.00297250	      0.44688197	      2.67920206	      0.02346590	      0.06802786	      2.62295601	      0.05216137	      0.05372870	      2.73754791	      0.05030367	      0.05932389	      2.81469940	      0.28823986	      0.62538096	      2.72331551	      0.27354668	      0.34891795	      2.76071811	     -0.07923070	      0.61223199	      2.70787393	     -0.06236197	      0.29526420
