Coordinates
version=1
nRows=376
nColumns=19
inDegrees=yes

Units are S.I. units (second, meters, Newtons, ...)
If the header above contains a line with 'inDegrees', this indicates whether rotational values are in degrees (yes) or radians (no).

endheader
time	subtalar_angle_l	subtalar_angle_r	pelvis_list	pelvis_rotation	pelvis_tilt	pelvis_tx	pelvis_ty	pelvis_tz	hip_flexion_l	hip_adduction_l	hip_rotation_l	hip_flexion_r	hip_adduction_r	hip_rotation_r	knee_flexion_l	knee_flexion_r	ankle_angle_l	ankle_angle_r
      2.13000000	      3.08038040	      7.39262761	     86.37369875	      8.03862368	      1.79306100	     -1.54815974	     -0.71726226	      0.66514827	     13.36565539	      1.02633601	     -9.70002971	     -3.24190624	      4.08885398	     21.88421206	    -45.77304169	     -3.35222110	    -13.72570448	    -22.98345057
      2.14000000	      3.08810733	      7.57573721	     86.30555566	      7.20313543	      1.85303340	     -1.54103341	     -0.71681092	      0.66533687	     15.75304254	      1.30104086	     -9.20360828	     -4.25381122	      4.04737899	     22.28050071	    -46.70397182	     -2.63395070	    -13.32852531	    -23.12209719
      2.15000000	      3.12764653	      7.76701451	     86.19196872	      6.38056945	      2.02026948	     -1.53388450	     -0.71634795	      0.66537829	     17.93460684	      1.66089684	     -8.82448009	     -5.38391087	      4.02875063	     22.65961038	    -47.43383968	     -1.90956328	    -12.79738774	    -23.33075205
      2.16000000	      3.19258070	      7.94888385	     86.04441804	      5.57376850	      2.27456569	     -1.52669491	     -0.71585454	      0.66528513	     19.89908355	      2.08216303	     -8.57910786	     -6.60849186	      4.02409354	     23.02846874	    -47.91404638	     -1.19614366	    -12.26418151	    -23.55309612
      2.17000000	      3.25699246	      8.11213576	     85.88407010	      4.77339993	      2.57885742	     -1.51943965	     -0.71531848	      0.66507849	     21.65150616	      2.53834824	     -8.46126773	     -7.88430157	      4.01394608	     23.39322429	    -48.09890025	     -0.51284938	    -11.81262524	    -23.75492368
      2.18000000	      3.29788940	      8.25909700	     85.71379233	      3.97389179	      2.90777540	     -1.51209575	     -0.71473564	      0.66476397	     23.19375724	      3.02281975	     -8.47147665	     -9.17699355	      3.99679639	     23.77451446	    -47.96338603	      0.11990496	    -11.47599306	    -23.92320649
      2.19000000	      3.31947681	      8.39253656	     85.53387451	      3.17318224	      3.24805480	     -1.50462768	     -0.71410422	      0.66435553	     24.50838797	      3.52592326	     -8.61481072	    -10.47757062	      3.97101985	     24.19391121	    -47.48155808	      0.70866007	    -11.22068670	    -24.08213450
      2.20000000	      3.31107954	      8.51719497	     85.34739605	      2.36804288	      3.58778085	     -1.49700641	     -0.71341459	      0.66385311	     25.58736033	      4.04046287	     -8.87721641	    -11.76258672	      3.93407588	     24.63744255	    -46.65689542	      1.22745628	    -11.08895918	    -24.20396816
      2.21000000	      3.28648561	      8.63731068	     85.12399088	      1.58822223	      3.91350322	     -1.48922131	     -0.71268003	      0.66325197	     26.43004688	      4.55591502	     -9.33726882	    -13.01240784	      3.92464637	     25.08489793	    -45.50784035	      1.66528026	    -11.06150769	    -24.28573342
      2.22000000	      3.22630944	      8.76253992	     84.94282593	      0.73958468	      4.27315280	     -1.48120307	     -0.71184623	      0.66258234	     26.92536995	      5.06835128	     -9.77764120	    -14.27838150	      3.83479668	     25.62002726	    -44.01098196	      2.02464326	    -11.12008172	    -24.39060300
      2.23000000	      3.15087472	      8.87497751	     84.73201653	     -0.05699836	      4.58847198	     -1.47292835	     -0.71096785	      0.66180533	     27.18751862	      5.55451259	    -10.40155560	    -15.50389340	      3.75534321	     26.10110602	    -42.25909390	      2.35817454	    -11.26364845	    -24.47452283
      2.24000000	      3.02119585	      8.98895799	     84.49398658	     -0.89884719	      4.95284715	     -1.46440124	     -0.71002460	      0.66092353	     27.09628494	      6.07250643	    -11.06578493	    -16.71748768	      3.68906182	     26.63816245	    -40.30242695	      2.52017741	    -11.51610550	    -24.57309531
      2.25000000	      2.72415013	      9.09460779	     84.18540233	     -1.74339423	      5.36866996	     -1.45559375	     -0.70905936	      0.65989675	     26.69650363	      6.66196890	    -11.75603100	    -17.94343211	      3.68601994	     27.19083864	    -38.25762783	      2.55026841	    -11.97842555	    -24.72665493
      2.26000000	      2.38964182	      9.20240547	     83.90411207	     -2.55753829	      5.71861420	     -1.44646908	     -0.70802698	      0.65878715	     26.05824060	      7.16040375	    -12.53857211	    -19.06316680	      3.64496921	     27.66587997	    -36.11593565	      2.46668070	    -12.43062118	    -24.86113788
      2.27000000	      1.92952625	      9.32833383	     83.62150681	     -3.35556179	      6.07151234	     -1.43702416	     -0.70695125	      0.65756691	     25.16893494	      7.63487464	    -13.29682621	    -20.13127504	      3.60567511	     28.10789075	    -34.00939844	      2.23196897	    -12.94412763	    -25.03585740
      2.28000000	      1.52853705	      9.45164080	     83.34663027	     -4.10883316	      6.37376306	     -1.42727653	     -0.70585288	      0.65624731	     24.12026645	      8.06023202	    -14.02223225	    -21.08103080	      3.57474416	     28.46957363	    -32.01108125	      1.83448667	    -13.32279002	    -25.21546874
      2.29000000	      0.46338968	      9.66183892	     83.12257385	     -4.82998116	      6.56326807	     -1.41724421	     -0.70470354	      0.65487798	     22.98256868	      8.39641764	    -14.67496271	    -21.82062406	      3.51696710	     28.75158709	    -30.14993482	      1.23853096	    -14.02103595	    -25.63143851
      2.30000000	      0.30231084	      9.72720280	     82.94319568	     -5.45810678	      6.81277861	     -1.40693061	     -0.70356161	      0.65340512	     21.68549799	      8.65406576	    -15.13471771	    -22.54486484	      3.45952640	     28.94344560	    -28.55648401	      0.46777685	    -14.06579405	    -25.80369111
      2.31000000	      0.04866399	      9.80684123	     82.85378457	     -5.99772841	      6.99483000	     -1.39639121	     -0.70239697	      0.65190756	     20.35196015	      8.77872084	    -15.43636921	    -23.09024606	      3.36895057	     29.01528088	    -27.19232016	     -0.50486463	    -14.09529972	    -26.16393007
      2.32000000	     -0.24950205	      9.87559570	     82.88195269	     -6.42582222	      7.09088188	     -1.38567597	     -0.70120688	      0.65041838	     19.03380087	      8.74268691	    -15.57721257	    -23.41305271	      3.23788800	     28.91940495	    -26.04885795	     -1.70841999	    -14.04526883	    -26.68679239
      2.33000000	     -0.46451724	      9.89834733	     83.04265080	     -6.72845217	      7.08294606	     -1.37484508	     -0.69998980	      0.64897534	     17.77715427	      8.53854078	    -15.56621424	    -23.47825212	      3.06563166	     28.67157965	    -25.09880249	     -3.15338248	    -13.89470569	    -27.27901250
      2.34000000	     -0.57542580	      9.87760975	     83.35688445	     -6.88853139	      6.99922834	     -1.36395754	     -0.69874430	      0.64761165	     16.56744977	      8.15709421	    -15.43036929	    -23.30532218	      2.83832379	     28.22652791	    -24.28425398	     -4.83757878	    -13.65617547	    -27.97008221
      2.35000000	     -0.54372041	      9.97242563	     83.83817547	     -6.89918190	      6.81403433	     -1.35307152	     -0.69744983	      0.64637495	     15.44190938	      7.58831476	    -15.23232881	    -22.86521900	      2.54539202	     27.62737201	    -23.55377164	     -6.74799765	    -13.22523114	    -29.10790595
      2.36000000	     -0.37726979	      9.78888304	     84.48815237	     -6.75597431	      6.60619028	     -1.34226614	     -0.69612027	      0.64525343	     14.35211268	      6.86524227	    -14.93139428	    -22.18240704	      2.18605004	     26.68551607	    -22.86888009	     -8.98601037	    -12.98836635	    -29.72372009
      2.37000000	      0.15997929	      9.87196580	     85.30861470	     -6.46197320	      6.22396310	     -1.33160298	     -0.69470820	      0.64435000	     13.40848892	      5.95650329	    -14.72889741	    -21.14302945	      1.73671855	     25.56944234	    -22.11419177	    -11.43792834	    -12.52355188	    -31.00320608
      2.38000000	      0.54509893	      9.65646695	     86.26689450	     -6.05995806	      5.90889275	     -1.32113592	     -0.69323619	      0.64357658	     12.43660530	      4.97025492	    -14.37212408	    -19.94963123	      1.19661627	     24.15367304	    -21.34920853	    -14.19950151	    -12.32890069	    -31.66086559
      2.39000000	      1.08513308	      9.52764833	     87.36028487	     -5.53731961	      5.46236123	     -1.31092475	     -0.69166618	      0.64303541	     11.56601173	      3.84708442	    -14.15983953	    -18.44107357	      0.54409822	     22.56979122	    -20.44248766	    -17.15762873	    -12.15056102	    -32.46979474
      2.40000000	      2.23918310	      9.89136237	     88.53094961	     -4.96489597	      4.80461552	     -1.30099789	     -0.68997611	      0.64277160	     10.87708116	      2.65875643	    -14.03041158	    -16.56542684	     -0.18931282	     21.01111765	    -19.38292615	    -20.24184057	    -11.92559667	    -33.76320108
      2.41000000	      3.04395796	      9.90296746	     89.75694558	     -4.32919348	      4.31001481	     -1.29136005	     -0.68820412	      0.64264907	     10.01519461	      1.44075412	    -13.90181738	    -14.70743624	     -1.02809002	     19.30677649	    -18.22710818	    -23.46658179	    -11.85899331	    -34.32942442
      2.42000000	      3.86704864	      9.94960811	     90.95924534	     -3.68841871	      3.75950756	     -1.28202681	     -0.68633926	      0.64275673	      9.17930497	      0.26072008	    -13.78785566	    -12.68125291	     -1.90165243	     17.66253125	    -16.93884940	    -26.71849091	    -11.89214841	    -34.79741612
      2.43000000	      4.35569583	      9.75266864	     92.11582295	     -3.02709080	      3.34843384	     -1.27300958	     -0.68438842	      0.64299538	      8.21475777	     -0.88679410	    -13.72919528	    -10.70498305	     -2.79693905	     16.06988466	    -15.64492968	    -29.97231288	    -11.93957133	    -34.97095600
      2.44000000	      5.08926463	      9.73369354	     93.13933920	     -2.42922395	      2.75561088	     -1.26427832	     -0.68236817	      0.64354198	      7.32352651	     -1.91861962	    -13.82544592	     -8.48171590	     -3.59783755	     14.75633134	    -14.12593622	    -33.09237492	    -12.13684104	    -34.98264956
      2.45000000	      5.74832473	      9.68790018	     94.03234852	     -1.85167385	      2.32636831	     -1.25584097	     -0.68031087	      0.64417634	      6.33977549	     -2.83034614	    -13.81125942	     -6.33867444	     -4.33943123	     13.47669041	    -12.71499885	    -36.13794745	    -12.39167968	    -34.55561265
      2.46000000	      6.06073538	      9.42132337	     94.75598112	     -1.31018475	      1.95084241	     -1.24765017	     -0.67824011	      0.64500262	      5.23550363	     -3.60887985	    -14.00649245	     -4.21403050	     -4.93933979	     12.38442708	    -11.21783256	    -38.97794151	    -12.49672329	    -34.09765672
      2.47000000	      6.28368126	      9.10509603	     95.28938222	     -0.77325409	      1.64329110	     -1.23970668	     -0.67618873	      0.64592792	      4.13588783	     -4.21501334	    -14.18279400	     -2.10014765	     -5.40209035	     11.29135983	     -9.84621933	    -41.63325337	    -12.61861628	    -33.49637293
      2.48000000	      6.33817852	      8.64444432	     95.64843335	     -0.34048679	      1.40217616	     -1.23199337	     -0.67416585	      0.64695920	      3.00382942	     -4.65125923	    -14.27141982	      0.01123601	     -5.67718005	     10.45329446	     -8.52508200	    -44.07963504	    -12.95402523	    -31.97038700
      2.49000000	      6.44444157	      8.30822750	     95.83603537	      0.11989518	      1.19026459	     -1.22446877	     -0.67222968	      0.64806443	      1.89051786	     -4.93507107	    -14.53672607	      2.12835117	     -5.81776047	      9.53293018	     -7.31051342	    -46.28586518	    -13.05650763	    -31.15157470
      2.50000000	      6.33678269	      7.79120058	     95.88109574	      0.49195153	      1.09115201	     -1.21711768	     -0.67036349	      0.64918556	      0.75524727	     -5.06016776	    -14.59271947	      4.18477826	     -5.79507659	      8.77790727	     -6.22063361	    -48.26607440	    -13.33935726	    -29.37607900
      2.51000000	      6.26600973	      7.39273861	     95.81457229	      0.91028536	      1.03526011	     -1.20992114	     -0.66861485	      0.65029358	     -0.32892178	     -5.06990766	    -14.73743860	      6.22528433	     -5.69516099	      7.90113522	     -5.29259601	    -50.01665487	    -13.55598826	    -27.97446269
      2.52000000	      6.34534527	      7.08372342	     95.64794373	      1.37464445	      0.96854831	     -1.20285514	     -0.66700135	      0.65138386	     -1.32788924	     -4.96337061	    -15.02890210	      8.29016249	     -5.51488479	      6.94382147	     -4.48773457	    -51.52567274	    -13.68681232	    -27.00385117
      2.53000000	      6.27827302	      6.66599654	     95.45162789	      1.78060382	      1.06852900	     -1.19587228	     -0.66548318	      0.65234932	     -2.37896474	     -4.79594894	    -15.04394540	     10.22215433	     -5.30482400	      6.06138709	     -3.84126122	    -52.85197221	    -13.99271499	    -25.24135158
      2.54000000	      6.32453311	      6.38762163	     95.21664452	      2.23786500	      1.15123912	     -1.18896765	     -0.66410587	      0.65323670	     -3.36478228	     -4.56335571	    -15.23301800	     12.17086493	     -5.07829986	      5.11510913	     -3.27374104	    -53.96376256	    -14.23309208	    -23.98924845
      2.55000000	      6.43554601	      6.11916406	     94.98025720	      2.71188866	      1.27636396	     -1.18210914	     -0.66285225	      0.65399375	     -4.33437352	     -4.29906802	    -15.44019392	     14.07707768	     -4.86689080	      4.17391027	     -2.79545441	    -54.88895259	    -14.46849694	    -22.85382348
      2.56000000	      6.58639970	      5.87344448	     94.76010422	      3.20867945	      1.44038271	     -1.17527099	     -0.66172117	      0.65460338	     -5.29776058	     -4.02113751	    -15.68254326	     15.93354296	     -4.69136357	      3.24926906	     -2.39109233	    -55.63476353	    -14.70208827	    -21.84273166
      2.57000000	      6.77323054	      5.67318336	     94.55371899	      3.71396134	      1.60310198	     -1.16843069	     -0.66070715	      0.65507475	     -6.25060147	     -3.72656135	    -15.99908065	     17.76861137	     -4.52907540	      2.40502730	     -2.00285109	    -56.19046786	    -14.85968698	    -21.18638108
      2.58000000	      6.96801417	      5.44470009	     94.41059003	      4.23290360	      1.81814605	     -1.16157005	     -0.65978222	      0.65535432	     -7.22292350	     -3.47506805	    -16.29436795	     19.52608477	     -4.45607023	      1.62505150	     -1.67974176	    -56.58617801	    -15.05120189	    -20.47741167
      2.59000000	      7.15906896	      5.22819871	     94.31688947	      4.75452286	      2.06861064	     -1.15465596	     -0.65894646	      0.65545676	     -8.21585901	     -3.25348221	    -16.56894399	     21.20056110	     -4.43934617	      0.95715829	     -1.39841394	    -56.79320928	    -15.25018849	    -19.82099784
      2.60000000	      7.32236750	      5.08528286	     94.31698087	      5.28606602	      2.32615017	     -1.14768585	     -0.65816930	      0.65535769	     -9.19194454	     -3.11672101	    -16.82207407	     22.81500800	     -4.54315626	      0.39433630	     -1.18675645	    -56.82459605	    -15.36733475	    -19.46536731
      2.61000000	      7.51133165	      4.94361915	     94.30514417	      5.79091099	      2.56650253	     -1.14059042	     -0.65748817	      0.65514546	    -10.21399583	     -2.94309592	    -17.13953249	     24.33664346	     -4.57407460	      0.06261967	     -0.89073790	    -56.56881898	    -15.51695386	    -19.06244501
      2.62000000	      7.67397332	      4.84918350	     94.37884967	      6.29616358	      2.82048601	     -1.13336876	     -0.65684859	      0.65473798	    -11.23687740	     -2.84956375	    -17.39676986	     25.73381675	     -4.70088266	     -0.12691794	     -0.65923603	    -56.08097511	    -15.65309781	    -18.76600635
      2.63000000	      7.83753546	      4.80192101	     94.48927033	      6.84021197	      3.08848740	     -1.12597050	     -0.65626131	      0.65417729	    -12.28233458	     -2.77629102	    -17.68491194	     26.94721610	     -4.87416938	     -0.19621618	     -0.45944491	    -55.30068052	    -15.84824641	    -18.47278543
      2.64000000	      7.97694307	      4.85220176	     94.65352452	      7.34654462	      3.30384247	     -1.11838015	     -0.65570518	      0.65346077	    -13.30266038	     -2.75119774	    -17.95011724	     28.03502330	     -5.04078335	     -0.00296101	     -0.26189976	    -54.22128834	    -15.96705955	    -18.38774662
      2.65000000	      8.11599541	      4.97212566	     94.86042920	      7.86647729	      3.51008147	     -1.11054762	     -0.65517128	      0.65258701	    -14.33324985	     -2.75709737	    -18.24034100	     28.90444844	     -5.23103971	      0.36955172	     -0.09329564	    -52.83801736	    -16.07658605	    -18.40597089
      2.66000000	      8.22106063	      5.12576441	     95.08079161	      8.36641653	      3.66997916	     -1.10243655	     -0.65465337	      0.65156712	    -15.30551482	     -2.77158444	    -18.42645907	     29.56637256	     -5.37888697	      0.97865919	      0.00944363	    -51.14691592	    -16.15126003	    -18.48376703
      2.67000000	      8.37797299	      5.42649894	     95.36449543	      8.95166800	      3.92481089	     -1.09402006	     -0.65414374	      0.65036365	    -16.40700348	     -2.82952247	    -18.86315993	     29.84311939	     -5.62075026	      1.69219555	      0.04742262	    -49.22864735	    -16.29796262	    -18.74556839
      2.68000000	      8.48671475	      5.75964262	     95.63988537	      9.51495463	      4.12761909	     -1.08525852	     -0.65363252	      0.64901411	    -17.41956031	     -2.87799728	    -19.16368137	     29.88641231	     -5.80351277	      2.62953215	     -0.02526719	    -47.09377175	    -16.42587630	    -19.06485703
      2.69000000	      8.55508908	      5.94460900	     95.89890541	     10.06155880	      4.18284163	     -1.07615614	     -0.65312507	      0.64754659	    -18.20114166	     -2.91994262	    -19.38062117	     29.79181010	     -5.92525653	      3.78719210	     -0.29322677	    -44.80141796	    -16.47060779	    -19.18823109
      2.70000000	      8.69045442	      6.22228266	     96.18302066	     10.67794347	      4.52368982	     -1.06667564	     -0.65258783	      0.64586792	    -19.31203008	     -2.96969252	    -19.79676490	     29.14394918	     -6.13132964	      4.95691619	     -0.61012632	    -42.55680299	    -16.60064970	    -19.63826087
      2.71000000	      8.75269988	      6.38144026	     96.38169112	     11.25963047	      4.56251750	     -1.05686727	     -0.65207989	      0.64416495	    -19.95554475	     -2.95984927	    -20.10401683	     28.55377309	     -6.20553647	      6.30415757	     -1.21769098	    -40.30577765	    -16.66926544	    -19.77282451
      2.72000000	      8.85564445	      6.44655841	     96.55910371	     11.84316839	      4.89347944	     -1.04674069	     -0.65152945	      0.64230106	    -20.84039979	     -2.95112630	    -20.43246108	     27.49823423	     -6.30478064	      7.59113566	     -1.99339144	    -38.31218822	    -16.83773988	    -20.09894799
      2.73000000	      8.95407279	      6.31564149	     96.59748869	     12.40722986	      5.04807986	     -1.03634822	     -0.65102560	      0.64049073	    -21.36313547	     -2.84120109	    -20.75745894	     26.45769614	     -6.27273695	      8.82656894	     -3.06625790	    -36.50596703	    -17.06177966	    -20.26744088
      2.74000000	      8.98338052	      6.33414655	     96.53411186	     12.90718090	      5.04676736	     -1.02578020	     -0.65056211	      0.63875951	    -21.56563597	     -2.69046117	    -21.14717833	     25.48473547	     -6.12146356	     10.00971200	     -4.39583897	    -34.99171965	    -17.19141899	    -20.21265347
      2.75000000	      9.15735210	      5.80897451	     96.31179304	     13.32597284	      5.22389591	     -1.01506329	     -0.65010923	      0.63709428	    -21.70416558	     -2.46475861	    -21.30340278	     24.28873375	     -5.82912781	     10.97142427	     -6.07456863	    -33.82192500	    -17.70673797	    -19.96129243
      2.76000000	      9.15776358	      5.71695936	     95.92494562	     13.63255192	      5.20782053	     -1.00431520	     -0.64975433	      0.63566950	    -21.43410163	     -2.16600492	    -21.52077582	     23.25959050	     -5.32953459	     11.81677568	     -8.01703384	    -32.90280136	    -17.98252010	    -19.73489746
      2.77000000	      9.19878751	      5.56397534	     95.34673117	     13.86657078	      5.13900909	     -0.99357555	     -0.64948927	      0.63451963	    -20.84989709	     -1.76703911	    -21.70240697	     22.26798765	     -4.65866274	     12.36442158	    -10.26150846	    -32.19033771	    -18.43545841	    -19.34529932
      2.78000000	      9.25599137	      5.43877861	     94.58373229	     13.98856943	      5.00338171	     -0.98291560	     -0.64933947	      0.63369616	    -19.96443609	     -1.28243336	    -21.87671806	     21.33902490	     -3.79025681	     12.70750489	    -12.74266950	    -31.60505493	    -18.98068833	    -18.89607414
      2.79000000	      9.35922089	      5.34789073	     93.66320831	     13.98281188	      4.79766900	     -0.97240262	     -0.64931421	      0.63323994	    -18.78732063	     -0.73625653	    -22.00837239	     20.46822484	     -2.74532766	     12.90860121	    -15.41594254	    -31.04801404	    -19.64837745	    -18.38661384
      2.80000000	      9.73603051	      5.29183221	     92.61113556	     13.87710411	      4.49337684	     -0.96206190	     -0.64941643	      0.63321295	    -17.34634877	     -0.14212437	    -22.20358582	     19.65652360	     -1.57054020	     12.97733246	    -18.17998642	    -30.40781715	    -20.69139059	    -17.68442136
      2.81000000	      9.69388320	      5.37665659	     91.43580655	     13.62538277	      4.26181885	     -0.95194217	     -0.64964083	      0.63355848	    -15.78609711	      0.51943895	    -22.19860784	     18.72820262	     -0.26191114	     12.98467257	    -21.05212093	    -29.61801185	    -21.11805675	    -17.42256272
      2.82000000	      9.93570048	      5.52611894	     90.24080445	     13.25070960	      3.79395169	     -0.94208569	     -0.65001279	      0.63436770	    -13.88852190	      1.15377683	    -22.20785466	     17.96202314	      1.09795986	     13.11438653	    -23.88389307	    -28.60216894	    -21.94409502	    -17.01041756
      2.83000000	     10.02084449	      5.70517773	     89.03947160	     12.78590128	      3.43172321	     -0.93246550	     -0.65051213	      0.63553121	    -12.00184037	      1.79959225	    -22.06826196	     17.00648559	      2.44159560	     13.20277204	    -26.66062042	    -27.36100163	    -22.46289681	    -16.79917214
      2.84000000	      9.97794122	      5.87567115	     87.89497281	     12.23643109	      3.09204997	     -0.92309780	     -0.65113950	      0.63702892	    -10.07518235	      2.41694673	    -21.78502681	     15.94253382	      3.71398697	     13.31580823	    -29.32289637	    -25.89827916	    -22.77296773	    -16.69704025
      2.85000000	      9.98705676	      6.10107596	     86.88764822	     11.61555959	      2.58598524	     -0.91397661	     -0.65188178	      0.63891830	     -7.98987632	      2.91779107	    -21.48705300	     14.89961785	      4.86418742	     13.68871963	    -31.76373300	    -24.12307177	    -23.06979590	    -16.73693428
      2.86000000	      9.83088934	      6.30470032	     86.02786364	     10.93860449	      2.16101665	     -0.90509360	     -0.65272769	      0.64103219	     -5.96420182	      3.34023699	    -20.99438795	     13.68489202	      5.84651943	     14.13925653	    -34.01554491	    -22.16879403	    -23.10952666	    -16.88886947
      2.87000000	      9.50465867	      6.47648534	     85.34918629	     10.23681370	      1.71990151	     -0.89642945	     -0.65366523	      0.64335799	     -3.93198667	      3.63950210	    -20.41871001	     12.38647030	      6.63167450	     14.73742062	    -36.03614252	    -20.03126109	    -22.89233623	    -17.24560738
      2.88000000	      8.84355250	      6.49704230	     84.87276670	      9.49529848	      1.33587213	     -0.88798823	     -0.65463985	      0.64577955	     -1.94816584	      3.81635471	    -19.63844766	     10.98613385	      7.18308043	     15.39502675	    -37.84399997	    -17.82849991	    -22.28478155	    -17.92857243
      2.89000000	      8.40867137	      6.69227507	     84.60212761	      8.72985287	      0.99991525	     -0.87974166	     -0.65564180	      0.64825898	     -0.01694931	      3.86180852	    -18.69209608	      9.50260758	      7.51098672	     16.20352403	    -39.42073909	    -15.58736186	    -21.93587944	    -18.14138982
      2.90000000	      7.29246936	      6.60664455	     84.51127532	      8.01310328	      0.72014464	     -0.87167716	     -0.65662586	      0.65072495	      1.86688766	      3.77106541	    -17.73968065	      7.96575787	      7.60446905	     16.94356096	    -40.80756717	    -13.35864336	    -20.76122385	    -19.11088454
      2.91000000	      6.43382362	      6.60265678	     84.59204514	      7.28116170	      0.47983652	     -0.86378563	     -0.65755824	      0.65312316	      3.72666975	      3.56872507	    -16.64216536	      6.43093888	      7.50025431	     17.75458977	    -42.00246640	    -11.21417754	    -19.89549931	    -19.72908595
      2.92000000	      5.89075625	      6.80283519	     84.80975475	      6.50601436	      0.28879025	     -0.85608570	     -0.65840089	      0.65537080	      5.59151579	      3.31355865	    -15.32018259	      4.97067635	      7.23554412	     18.53017334	    -43.06077346	     -9.29981339	    -19.28996220	    -20.06655279
      2.93000000	      5.16237028	      6.97189161	     85.10420706	      5.76349759	      0.17318444	     -0.84851340	     -0.65913754	      0.65745167	      7.42084816	      3.01799495	    -14.00417260	      3.51995584	      6.85818142	     19.23079040	    -44.00214254	     -7.52669792	    -18.31250081	    -20.65767488
      2.94000000	      4.51538910	      7.10084677	     85.43483082	      5.05576497	      0.12240249	     -0.84106220	     -0.65976081	      0.65931121	      9.25280215	      2.73158516	    -12.68317350	      2.13371421	      6.41978976	     19.76084763	    -44.86889027	     -5.97681701	    -17.36616924	    -21.23286011
      2.95000000	      3.97389733	      7.21838271	     85.76578520	      4.36381169	      0.12135153	     -0.83370956	     -0.66025656	      0.66093369	     11.09742236	      2.48571577	    -11.38344621	      0.81043485	      5.96455002	     20.23070780	    -45.67147332	     -4.61848663	    -16.45035844	    -21.79528872
      2.96000000	      3.57792962	      7.31933256	     86.08348643	      3.68274336	      0.17075978	     -0.82644256	     -0.66062321	      0.66230699	     12.94446611	      2.28205007	    -10.15112406	     -0.45401897	      5.50955757	     20.63046446	    -46.41442896	     -3.44915515	    -15.60453925	    -22.32506803
      2.97000000	      3.32175385	      7.30866617	     86.33246575	      3.03053273	      0.30352839	     -0.81921666	     -0.66088067	      0.66339391	     14.77051422	      2.18273231	     -9.01778739	     -1.69840263	      5.11878904	     20.89084871	    -47.12715660	     -2.47434621	    -14.62540237	    -22.97973034
      2.98000000	      3.25761810	      7.45704391	     86.55771483	      2.33999782	      0.39263759	     -0.81203646	     -0.66100103	      0.66425742	     16.65138126	      2.12664705	     -7.98193187	     -2.83235329	      4.74043349	     21.32850898	    -47.73477651	     -1.61052832	    -14.26797827	    -23.18706997
      2.99000000	      3.32904701	      7.51276038	     86.68534434	      1.68498883	      0.57034554	     -0.80485536	     -0.66104720	      0.66483295	     18.47640491	      2.18720453	     -7.12548657	     -4.00446882	      4.45400819	     21.66313689	    -48.29189841	     -0.85310154	    -13.50847878	    -23.68969379
      3.00000000	      3.35430502	      7.64782801	     86.77185119	      0.98919303	      0.71823531	     -0.79766742	     -0.66099805	      0.66518877	     20.30320344	      2.31094943	     -6.39395659	     -5.08753633	      4.20188704	     22.08098216	    -48.70348784	     -0.21615543	    -13.27531279	    -23.81879801
      3.01000000	      3.40970045	      7.77303933	     86.77766891	      0.29929234	      0.90455124	     -0.79043618	     -0.66089620	      0.66530439	     22.05746593	      2.52400967	     -5.85118542	     -6.19004438	      4.02239014	     22.49939370	    -48.97878322	      0.36308913	    -12.97104707	    -24.00499058
      3.02000000	      3.48827463	      7.87552241	     86.71955692	     -0.39553352	      1.10958132	     -0.78313838	     -0.66075398	      0.66520871	     23.71990863	      2.80575793	     -5.48707029	     -7.29487019	      3.89873333	     22.91800135	    -49.06745972	      0.88178495	    -12.68534591	    -24.17736216
      3.03000000	      3.51898877	      7.94649642	     86.54957296	     -1.05779284	      1.34397037	     -0.77576806	     -0.66062341	      0.66488647	     25.27597504	      3.18858005	     -5.35434412	     -8.39132276	      3.90015753	     23.17336398	    -48.97852208	      1.27733939	    -12.54672020	    -24.25079446
      3.04000000	      3.60118428	      8.05493702	     86.44561130	     -1.81740894	      1.54951219	     -0.76824487	     -0.66040070	      0.66448319	     26.64219249	      3.51798998	     -5.27387304	     -9.51504032	      3.77685265	     23.80650403	    -48.52428788	      1.77434890	    -12.29501584	    -24.39899261
      3.05000000	      3.63115524	      8.11238661	     86.19168778	     -2.50877871	      1.77762154	     -0.76061144	     -0.66024521	      0.66386914	     27.85989969	      3.95723469	     -5.47546344	    -10.61196936	      3.83379986	     24.16515115	    -47.87226648	      2.10311063	    -12.19164956	    -24.45720910
      3.06000000	      3.64731112	      8.20204672	     85.97098167	     -3.25488621	      2.01321101	     -0.75278274	     -0.66005089	      0.66317200	     28.81052346	      4.36309333	     -5.74787892	    -11.75317907	      3.81207472	     24.75067697	    -46.86450056	      2.47694646	    -12.10289817	    -24.52330166
      3.07000000	      3.63220145	      8.25379164	     85.72054630	     -4.02311027	      2.27267253	     -0.74475349	     -0.65985610	      0.66236556	     29.48072808	      4.78861438	     -6.12730090	    -12.89438679	      3.80621257	     25.28971976	    -45.55580713	      2.75321190	    -12.07047369	    -24.59907389
      3.08000000	      3.58940344	      8.30789583	     85.42153282	     -4.74397970	      2.50192361	     -0.73648754	     -0.65969924	      0.66144757	     29.91858748	      5.20147321	     -6.70825888	    -14.01517514	      3.84047839	     25.77020970	    -43.98022401	      2.99733271	    -12.11071777	    -24.65070904
      3.09000000	      3.45821070	      8.36040902	     85.09698775	     -5.52542418	      2.81049210	     -0.72797082	     -0.65955190	      0.66043375	     29.97371398	      5.65988336	     -7.30481769	    -15.17674129	      3.88094905	     26.35783836	    -42.16417341	      3.10523523	    -12.25594851	    -24.74073146
      3.10000000	      2.92620176	      8.30104305	     84.77225801	     -6.26422109	      3.07014830	     -0.71917136	     -0.65941734	      0.65934531	     29.76435086	      6.04240926	     -8.08190576	    -16.27582880	      3.90961499	     26.88584544	    -40.12690495	      3.14904391	    -12.73542986	    -24.98084456
      3.11000000	      2.80809259	      8.41642541	     84.41284831	     -6.98581038	      3.37554090	     -0.71006629	     -0.65932261	      0.65814424	     29.23750839	      6.44175510	     -8.90123976	    -17.39719965	      3.96813841	     27.41103118	    -37.99943686	      3.08653322	    -12.86635487	    -25.01324550
      3.12000000	      2.55929656	      8.55488360	     84.06532908	     -7.68376950	      3.68848002	     -0.70064698	     -0.65924957	      0.65686164	     28.42640768	      6.80002560	     -9.75753806	    -18.48430304	      4.01227699	     27.89997768	    -35.81923930	      2.90281284	    -13.11369656	    -25.13975089
      3.13000000	      2.21486520	      8.71519370	     83.73916561	     -8.33928349	      3.99306209	     -0.69092305	     -0.65920344	      0.65550076	     27.38595700	      7.10669646	    -10.62470529	    -19.51079105	      4.04248533	     28.33636392	    -33.67522915	      2.59113609	    -13.39027670	    -25.33161809
      3.14000000	      1.79574562	      8.89759162	     83.45689585	     -8.94300282	      4.27392452	     -0.68090883	     -0.65917941	      0.65407750	     26.17266698	      7.34322626	    -11.45928307	    -20.44300691	      4.04793120	     28.70832080	    -31.64600663	      2.13345160	    -13.64561485	    -25.59014099
      3.15000000	      1.32300823	      9.10464070	     83.24734678	     -9.48024910	      4.51143165	     -0.67063176	     -0.65917459	      0.65261615	     24.85425155	      7.48601398	    -12.20953790	    -21.24136485	      4.01470544	     28.99271382	    -29.79483755	      1.51393945	    -13.84144462	    -25.92788745
      3.16000000	      0.89718550	      9.31120498	     83.13617292	     -9.94641339	      4.67958154	     -0.66012546	     -0.65916428	      0.65115037	     23.49715087	      7.50335633	    -12.86237176	    -21.86482419	      3.92537507	     29.17787231	    -28.17203747	      0.73563736	    -13.92542291	    -26.32334924
      3.17000000	      0.44324276	      9.55015651	     83.15501229	    -10.28443555	      4.81104123	     -0.64944844	     -0.65917753	      0.64969960	     22.13301167	      7.37569368	    -13.35045216	    -22.32931828	      3.78355879	     29.23114417	    -26.79146021	     -0.22452107	    -13.91283913	    -26.86280599
      3.18000000	     -0.07226828	      9.88467876	     83.32590726	    -10.54778998	      4.81395930	     -0.63864585	     -0.65915700	      0.64832912	     20.87367710	      7.09964386	    -13.63605765	    -22.51371679	      3.55924329	     29.16314785	    -25.65191251	     -1.37558370	    -13.78985306	    -27.62732179
      3.19000000	     -0.16775208	      9.98453604	     83.65021455	    -10.62438468	      4.76200476	     -0.62780014	     -0.65912895	      0.64705241	     19.65840996	      6.61205222	    -13.94625268	    -22.51483862	      3.28815986	     28.95180069	    -24.70243781	     -2.67537734	    -13.59835465	    -28.15513122
      3.20000000	     -0.26360341	     10.29191713	     84.15676277	    -10.60658831	      4.61774848	     -0.61693799	     -0.65904138	      0.64591873	     18.57114881	      5.97783548	    -14.01127892	    -22.25620361	      2.92435461	     28.59964269	    -23.93371227	     -4.17455873	    -13.21368552	    -29.22545446
      3.21000000	     -0.13999826	     10.28365024	     84.83889522	    -10.40058871	      4.41680729	     -0.60614717	     -0.65891793	      0.64494988	     17.54515559	      5.14654501	    -14.11048836	    -21.77216359	      2.50591884	     28.00031972	    -23.22964570	     -5.88451050	    -12.96456838	    -29.89697636
      3.22000000	      0.09126860	     10.29199562	     85.68817366	    -10.06516855	      4.11959150	     -0.59546662	     -0.65871589	      0.64419660	     16.62716664	      4.17720416	    -14.12631117	    -21.02202827	      2.01279958	     27.21181291	    -22.53520571	     -7.79038707	    -12.67011375	    -30.81332233
      3.23000000	      0.46412708	     10.30341466	     86.67548164	     -9.59870271	      3.74282171	     -0.58494147	     -0.65843080	      0.64366967	     15.79043523	      3.09935902	    -14.11694754	    -20.03501885	      1.46257465	     26.24103909	    -21.79418685	     -9.88395308	    -12.39360559	    -31.85304609
      3.24000000	      1.25503494	     10.64142124	     87.76370909	     -9.05355337	      3.26008880	     -0.57460237	     -0.65803796	      0.64340201	     15.05601203	      1.97290144	    -14.00958431	    -18.80277664	      0.86140951	     25.19525782	    -20.96382305	    -12.12550933	    -12.05286046	    -33.45745306
      3.25000000	      2.03553513	     10.75478528	     88.93310239	     -8.38309962	      2.75928889	     -0.56450584	     -0.65754370	      0.64335434	     14.29146595	      0.77487499	    -14.01874103	    -17.38637511	      0.21780376	     23.87496765	    -19.97616235	    -14.58590589	    -11.90289822	    -34.45798051
      3.26000000	      2.48560575	     10.53850273	     90.13798973	     -7.64215391	      2.30431170	     -0.55466166	     -0.65693475	      0.64350841	     13.42559478	     -0.43125631	    -14.07366648	    -15.88311873	     -0.46692063	     22.41471779	    -18.82980500	    -17.20476911	    -11.87030435	    -34.99135852
      3.27000000	      3.39002967	     10.73551049	     91.30814542	     -6.89336105	      1.65540608	     -0.54508803	     -0.65618594	      0.64392570	     12.70211223	     -1.58517126	    -14.15555909	    -14.06965765	     -1.14406210	     20.98747670	    -17.52361487	    -19.91269116	    -11.96371836	    -36.06258345
      3.28000000	      3.84827070	     10.51751802	     92.43773107	     -6.12211130	      1.23109053	     -0.53576693	     -0.65532421	      0.64445076	     11.72474399	     -2.67717431	    -14.17558777	    -12.37931900	     -1.84639318	     19.45269090	    -16.13921080	    -22.72331237	    -11.99864414	    -36.38651151
      3.29000000	      4.37217408	     10.37396138	     93.43457193	     -5.36997428	      0.72794337	     -0.52673187	     -0.65435713	      0.64517073	     10.75869323	     -3.64554695	    -14.30183354	    -10.52454468	     -2.47422658	     18.01249357	    -14.62805580	    -25.54871530	    -12.12543210	    -36.67816366
      3.30000000	      4.84600830	     10.21686413	     94.28793012	     -4.65619219	      0.27711684	     -0.51795414	     -0.65329799	      0.64602119	      9.71861542	     -4.47623067	    -14.41166177	     -8.65059598	     -3.02972450	     16.66913866	    -13.08094279	    -28.35260832	    -12.28368884	    -36.78205678
      3.31000000	      5.23517331	     10.01326106	     94.97762405	     -3.97439746	     -0.11136396	     -0.50941756	     -0.65217836	      0.64696467	      8.62073548	     -5.15871582	    -14.51471683	     -6.77964416	     -3.49069295	     15.40608989	    -11.55592694	    -31.09364027	    -12.44216608	    -36.67256395
      3.32000000	      5.68860578	      9.83480760	     95.47814160	     -3.34923248	     -0.52647550	     -0.50111273	     -0.65103331	      0.64803464	      7.50518184	     -5.67741408	    -14.77169666	     -4.83548106	     -3.79410307	     14.37120147	     -9.98892580	    -33.71058912	    -12.81957465	    -35.99300743
      3.33000000	      5.89512066	      9.50917469	     95.82088860	     -2.74479695	     -0.80201365	     -0.49303319	     -0.64987757	      0.64909171	      6.35654933	     -6.05352318	    -14.93386518	     -2.96561927	     -4.01248582	     13.32124497	     -8.62579727	    -36.23756109	    -13.04319784	    -35.12357045
      3.34000000	      5.91127935	      9.05975322	     96.00795179	     -2.16456910	     -0.98387319	     -0.48515394	     -0.64874406	      0.65013845	      5.22181727	     -6.28561705	    -15.01601040	     -1.13899278	     -4.12731897	     12.31557273	     -7.46277293	    -38.62543298	    -13.28852556	    -33.86251331
      3.35000000	      6.00832145	      8.69343192	     96.04838192	     -1.56831647	     -1.18629079	     -0.47745530	     -0.64766691	      0.65119740	      4.17318541	     -6.38801447	    -15.26263469	      0.74651755	     -4.14045233	     11.29862166	     -6.44338570	    -40.83587271	    -13.36720279	    -33.09410189
      3.36000000	      5.92560886	      8.13264749	     95.99123657	     -1.07504531	     -1.31310979	     -0.46989458	     -0.64663598	      0.65222027	      3.11188160	     -6.38059572	    -15.40115921	      2.60863029	     -4.05696691	     10.52190422	     -5.52024466	    -42.88296923	    -13.58390960	    -31.36852024
      3.37000000	      5.85333669	      7.69585847	     95.85505126	     -0.52729517	     -1.39260700	     -0.46246440	     -0.64569275	      0.65315294	      2.13473825	     -6.28928727	    -15.56342279	      4.45905114	     -3.95899788	      9.60419053	     -4.82826688	    -44.76528880	    -13.73879126	    -29.98156720
      3.38000000	      5.80288906	      7.30940105	     95.67056194	      0.02997077	     -1.43255845	     -0.45512622	     -0.64483654	      0.65399181	      1.20864930	     -6.13288242	    -15.74220166	      6.30328087	     -3.85305568	      8.67383484	     -4.28839991	    -46.48421363	    -13.88094689	    -28.59138668
      3.39000000	      5.87338550	      7.01813787	     95.43604602	      0.64383297	     -1.50511500	     -0.44786197	     -0.64409440	      0.65475032	      0.36981679	     -5.90090939	    -16.09785396	      8.19280411	     -3.73602809	      7.68867679	     -3.84596936	    -48.01907882	    -13.96527683	    -27.59407357
      3.40000000	      5.92193206	      6.70572743	     95.21924992	      1.23941060	     -1.51284944	     -0.44065041	     -0.64341889	      0.65536136	     -0.47677642	     -5.65662100	    -16.38878437	     10.05573037	     -3.67448179	      6.75103249	     -3.47813391	    -49.43246746	    -14.07893783	    -26.32611787
      3.41000000	      5.88878504	      6.46238611	     95.04389370	      1.80691485	     -1.38235134	     -0.43346077	     -0.64279842	      0.65579033	     -1.39254447	     -5.42483790	    -16.49783230	     11.81231431	     -3.69721792	      5.86324878	     -3.20722617	    -50.74531438	    -14.23968693	    -24.78114015
      3.42000000	      6.01772314	      6.30178746	     94.85699989	      2.44164897	     -1.36547335	     -0.42629269	     -0.64229016	      0.65614170	     -2.22202413	     -5.14517225	    -16.91507413	     13.67694061	     -3.74196744	      4.95889331	     -2.89854026	    -51.89133859	    -14.29971885	    -24.08273134
      3.43000000	      6.07116727	      6.09659674	     94.73531477	      3.05157331	     -1.22209353	     -0.41912451	     -0.64183032	      0.65630073	     -3.13059499	     -4.90390220	    -17.13706025	     15.43764484	     -3.89065036	      4.13284706	     -2.65355496	    -52.95714569	    -14.44582314	    -22.70430452
      3.44000000	      6.17796159	      5.96702617	     94.63706738	      3.67493446	     -1.11423566	     -0.41195317	     -0.64144256	      0.65635032	     -4.03022228	     -4.65488600	    -17.47364097	     17.23013640	     -4.08884222	      3.37332034	     -2.36568594	    -53.88740336	    -14.54408090	    -21.80902946
      3.45000000	      6.33618645	      5.82070660	     94.56763267	      4.29551759	     -1.03782595	     -0.40477456	     -0.64111662	      0.65629362	     -4.92002495	     -4.40797314	    -17.86859533	     19.04503126	     -4.33245878	      2.71218585	     -2.04050843	    -54.67575110	    -14.59112509	    -21.31567966
      3.46000000	      6.45357141	      5.58594975	     94.55140000	      4.88905329	     -0.87453949	     -0.39757173	     -0.64083346	      0.65608535	     -5.88883416	     -4.19388591	    -18.12956254	     20.76273908	     -4.64423601	      2.17615073	     -1.72630073	    -55.34024292	    -14.72134412	    -20.35167480
      3.47000000	      6.61032694	      5.45135726	     94.55187824	      5.46758905	     -0.78510569	     -0.39034772	     -0.64061337	      0.65580188	     -6.81312846	     -3.97446762	    -18.47629756	     22.52048596	     -4.96733819	      1.76930330	     -1.36801547	    -55.81253936	    -14.77171524	    -19.98335853
      3.48000000	      6.76691992	      5.27166373	     94.58873175	      6.01996754	     -0.66839775	     -0.38308032	     -0.64044318	      0.65540638	     -7.77750663	     -3.77471640	    -18.79896179	     24.20396863	     -5.31823765	      1.50503536	     -0.99870191	    -56.09047503	    -14.86324613	    -19.49416089
      3.49000000	      6.91615324	      5.10822123	     94.65468462	      6.53706753	     -0.54107905	     -0.37575702	     -0.64032177	      0.65490984	     -8.75651593	     -3.59096116	    -19.08127620	     25.81025307	     -5.67243125	      1.40107228	     -0.63281037	    -56.13912715	    -14.97389514	    -19.05696074
      3.50000000	      7.06533635	      4.98940420	     94.74713880	      7.01801450	     -0.41376048	     -0.36835801	     -0.64025258	      0.65431723	     -9.74054003	     -3.42268267	    -19.34882407	     27.32294926	     -6.01163642	      1.46875646	     -0.27432818	    -55.92318939	    -15.09133876	    -18.72877597
      3.51000000	      7.18297368	      4.95456950	     94.86954773	      7.40931560	     -0.27483115	     -0.36086395	     -0.64022169	      0.65361710	    -10.71856317	     -3.28936986	    -19.47130667	     28.71209681	     -6.28463914	      1.80592112	      0.03935336	    -55.41513983	    -15.15350245	    -18.59466116
      3.52000000	      7.38276873	      4.92629802	     94.99130943	      7.88660734	     -0.15455522	     -0.35319700	     -0.64029377	      0.65283678	    -11.72391087	     -3.11132560	    -19.90649408	     29.92906539	     -6.58317607	      2.12873596	      0.38423672	    -54.58403047	    -15.32731228	    -18.39990515
      3.53000000	      7.53991320	      4.98421190	     95.14475130	      8.27800051	     -0.00152280	     -0.34537159	     -0.64040909	      0.65192862	    -12.72599229	     -2.97618248	    -20.19680847	     30.93337610	     -6.78817696	      2.75883602	      0.63253705	    -53.43684052	    -15.46621835	    -18.34613980
      3.54000000	      7.71219090	      5.12250120	     95.30911429	      8.65200814	      0.17363862	     -0.33729906	     -0.64057696	      0.65089208	    -13.77273561	     -2.83647570	    -20.52000548	     31.68842310	     -6.95955525	      3.51901755	      0.87745593	    -51.98242633	    -15.63589663	    -18.39418924
      3.55000000	      7.87406850	      5.33730051	     95.48629214	      9.00384947	      0.37977147	     -0.32897027	     -0.64080255	      0.64971231	    -14.82450554	     -2.71013552	    -20.83433907	     32.16047525	     -7.06590360	      4.48182042	      1.01889726	    -50.24936577	    -15.80685640	    -18.54984303
      3.56000000	      8.02977679	      5.57020158	     95.67918040	      9.33871798	      0.61578974	     -0.32033803	     -0.64107791	      0.64837052	    -15.88893917	     -2.59997011	    -21.16132938	     32.33746591	     -7.12679200	      5.62746315	      1.06118904	    -48.30136085	    -15.94314017	    -18.76436012
      3.57000000	      8.12696774	      5.73952136	     95.85933695	      9.63882128	      0.74089464	     -0.31138710	     -0.64140755	      0.64689812	    -16.76644631	     -2.49468355	    -21.38426063	     32.35863762	     -7.09855189	      6.98668831	      0.93333092	    -46.18559231	    -15.99854870	    -18.86823766
      3.58000000	      8.29955943	      5.95504352	     96.05555708	      9.95913833	      1.17433091	     -0.30208615	     -0.64174014	      0.64520343	    -17.98972990	     -2.40743834	    -21.78031155	     31.81994574	     -7.11709660	      8.34463174	      0.74029520	    -44.07554645	    -16.14224417	    -19.19691116
      3.59000000	      8.38758513	      6.10403905	     96.19433762	     10.23213004	      1.31552023	     -0.29245644	     -0.64214197	      0.64344442	    -18.79344928	     -2.29768710	    -22.06346556	     31.33988608	     -7.01175633	      9.87889025	      0.31755789	    -41.95941338	    -16.21613147	    -19.30914699
      3.60000000	      8.51339284	      6.16403352	     96.31499492	     10.48618310	      1.79515970	     -0.28251005	     -0.64251386	      0.64149069	    -19.89437958	     -2.21354275	    -22.35310455	     30.35631560	     -6.93741278	     11.29786368	     -0.28284568	    -40.07876616	    -16.37744272	    -19.53891300
      3.61000000	      8.57715724	      6.22400948	     96.31955870	     10.69270421	      1.92245133	     -0.27229020	     -0.64296132	      0.63958692	    -20.49853617	     -2.06551222	    -22.67314854	     29.56137275	     -6.72158675	     12.71296260	     -1.12044264	    -38.35485683	    -16.48154613	    -19.55806198
      3.62000000	      8.64626371	      6.10739778	     96.26215281	     10.83319708	      2.32596501	     -0.26185657	     -0.64338187	      0.63759623	    -21.24577394	     -1.94253716	    -22.84402881	     28.42329613	     -6.47518858	     13.91701109	     -2.23024300	    -37.01630527	    -16.70749275	    -19.52531143
      3.63000000	      8.69496398	      5.93966072	     96.04960234	     10.90924705	      2.51607998	     -0.25126141	     -0.64386671	      0.63575365	    -21.59853998	     -1.74919600	    -23.05011807	     27.42034500	     -6.07761482	     14.91885348	     -3.61402690	    -35.94193819	    -16.97951473	    -19.34038433
      3.64000000	      8.78333632	      5.59896145	     95.68166468	     10.93551431	      2.60108953	     -0.24056696	     -0.64440899	      0.63409560	    -21.64019837	     -1.49518362	    -23.26981576	     26.47900989	     -5.56080953	     15.59279724	     -5.30022855	    -35.15121163	    -17.44706347	    -18.91355396
      3.65000000	      8.73154132	      5.55952943	     95.17252638	     10.82595636	      2.60174395	     -0.22986831	     -0.64498553	      0.63267255	    -21.39751100	     -1.23076604	    -23.44557905	     25.60169749	     -4.87707359	     16.08142448	     -7.26566800	    -34.59475556	    -17.73163643	    -18.62491219
      3.66000000	      8.70078452	      5.50725024	     94.49643189	     10.64058957	      2.50307336	     -0.21920389	     -0.64564267	      0.63155544	    -20.82096584	     -0.91047314	    -23.59844404	     24.79923549	     -4.04953984	     16.26684451	     -9.53069945	    -34.19847260	    -18.20580733	    -18.13431744
      3.67000000	      8.70274534	      5.54574946	     93.67595448	     10.35743650	      2.28578242	     -0.20862875	     -0.64636071	      0.63082182	    -19.94708666	     -0.56321131	    -23.81833837	     24.06255710	     -3.08084988	     16.28015472	    -11.99636469	    -33.82947309	    -18.82316642	    -17.52860742
      3.68000000	      8.59928119	      5.62807811	     92.72858666	      9.99756432	      2.08826906	     -0.19820106	     -0.64713537	      0.63042995	    -18.85628501	     -0.18803022	    -23.91094683	     23.27920391	     -2.03513146	     16.00138973	    -14.72709142	    -33.47215617	    -19.23616206	    -17.17732897
      3.69000000	      8.51831532	      5.76273328	     91.66824472	      9.54045506	      1.77350588	     -0.18794570	     -0.64799835	      0.63046996	    -17.47159087	      0.22002365	    -23.94259700	     22.53389120	     -0.86347038	     15.71071502	    -17.59009371	    -32.97019620	    -19.71688142	    -16.78783474
      3.70000000	      8.57446388	      6.09022820	     90.55922254	      9.00478865	      1.30556094	     -0.17789280	     -0.64894238	      0.63096974	    -15.80747385	      0.61707663	    -23.98142504	     21.84957756	      0.36560281	     15.46463039	    -20.48742147	    -32.26791216	    -20.40729860	    -16.25405273
      3.71000000	      8.45071930	      6.27825806	     89.41671247	      8.42369272	      1.01450619	     -0.16804920	     -0.64996985	      0.63180205	    -14.15457466	      1.05276133	    -23.76913617	     20.91470113	      1.59088794	     15.12336809	    -23.44281418	    -31.40228446	    -20.70041629	    -16.05361019
      3.72000000	      8.35025206	      6.51291629	     88.30837893	      7.78764297	      0.59050235	     -0.15842225	     -0.65107604	      0.63307713	    -12.27527088	      1.46815893	    -23.46671557	     19.98729999	      2.79945483	     14.96504191	    -26.30506473	    -30.25088835	    -20.96902874	    -15.89046703
      3.73000000	      8.27287431	      6.83100211	     87.28616984	      7.14557621	      0.07652350	     -0.14899197	     -0.65226503	      0.63476313	    -10.24151446	      1.84162852	    -23.12057151	     19.02140904	      3.92099660	     14.96480148	    -29.00742699	    -28.82413930	    -21.16735406	    -15.81191465
      3.74000000	      8.08357484	      7.07268979	     86.37437863	      6.48706520	     -0.31426350	     -0.13975546	     -0.65351767	      0.63672715	     -8.25006301	      2.19261197	    -22.54398371	     17.84151862	      4.92144258	     15.06402567	    -31.54478097	    -27.21330582	    -21.18526753	    -15.83480670
      3.75000000	      7.81286862	      7.29234793	     85.60850879	      5.84476467	     -0.72286760	     -0.13070823	     -0.65482722	      0.63898513	     -6.18890308	      2.48403697	    -21.87662288	     16.57328615	      5.77691583	     15.37110567	    -33.85461591	    -25.38951160	    -21.06029440	    -15.95642322
      3.76000000	      7.24479795	      7.40898552	     85.03139817	      5.23946260	     -1.17751749	     -0.12181984	     -0.65614545	      0.64149206	     -4.04379264	      2.67052308	    -21.15167574	     15.25529587	      6.41645493	     15.81872582	    -35.90353582	    -23.37111050	    -20.50167042	    -16.51538805
      3.77000000	      6.59063978	      7.37267803	     84.62730255	      4.65009692	     -1.52105421	     -0.11308809	     -0.65746014	      0.64412095	     -1.96443876	      2.78212831	    -20.27128602	     13.76615443	      6.87522807	     16.47559787	    -37.70785649	    -21.24726419	    -19.94429765	    -16.99570868
      3.78000000	      6.12956595	      7.49029263	     84.41426422	      4.08180523	     -1.80132794	     -0.10450559	     -0.65872890	      0.64681180	      0.09391443	      2.79194527	    -19.25703563	     12.18817788	      7.11779352	     17.28668556	    -39.26413414	    -19.07467745	    -19.57002230	    -17.23380899
      3.79000000	      5.54220934	      7.57371107	     84.35711928	      3.54244405	     -2.04825841	     -0.09606403	     -0.65990587	      0.64948801	      2.17590948	      2.72402148	    -18.13501330	     10.58663317	      7.16029363	     18.15439208	    -40.61195189	    -16.89574170	    -18.97733775	    -17.63425900
      3.80000000	      4.46840043	      7.25435989	     84.43259439	      3.12369493	     -2.21151100	     -0.08774211	     -0.66098881	      0.65207775	      4.22311894	      2.56215854	    -17.11553513	      8.91907486	      7.00316422	     18.91628514	    -41.78601653	    -14.72115839	    -17.73290916	    -18.64450126
      3.81000000	      4.03002091	      7.32502661	     84.62816698	      2.61636694	     -2.31859125	     -0.07956370	     -0.66191621	      0.65447946	      6.27994265	      2.37996446	    -15.78471120	      7.30676173	      6.70889273	     19.77365449	    -42.79884960	    -12.73756564	    -17.27986618	    -18.93522985
      3.82000000	      3.48767019	      7.35708706	     84.88728535	      2.16818843	     -2.35431392	     -0.07149115	     -0.66269921	      0.65668077	      8.31512692	      2.16586015	    -14.51326144	      5.68047839	      6.30277621	     20.57656435	    -43.69056172	    -10.82592335	    -16.52061238	    -19.45359715
      3.83000000	      2.98811046	      7.35581671	     85.17189327	      1.75010677	     -2.31322796	     -0.06350746	     -0.66332801	      0.65861135	     10.33311108	      1.96781401	    -13.25594655	      4.07461033	      5.83310706	     21.24422387	    -44.49911853	     -9.07071693	    -15.69113711	    -20.03884008
      3.84000000	      2.61294266	      7.37017642	     85.45129551	      1.34774080	     -2.20428975	     -0.05560414	     -0.66381584	      0.66024072	     12.33848686	      1.81103104	    -12.04050663	      2.49879825	      5.34276299	     21.79102806	    -45.24363740	     -7.47840719	    -14.93555960	    -20.57863905
      3.85000000	      2.30739972	      7.13164519	     85.68875310	      0.99798661	     -2.00193055	     -0.04775542	     -0.66417810	      0.66153789	     14.30470358	      1.71500448	    -10.95914093	      0.91260528	      4.87203981	     22.12968315	    -45.94827538	     -6.03519329	    -13.84397750	    -21.44984283
      3.86000000	      2.22072719	      7.27007104	     85.89958727	      0.57794296	     -1.81027620	     -0.03995991	     -0.66440009	      0.66254142	     16.29810940	      1.68759919	     -9.89547983	     -0.58142007	      4.42371650	     22.60801412	    -46.55678538	     -4.73710929	    -13.50909733	    -21.66363014
      3.87000000	      2.15298640	      7.42073304	     86.03228887	      0.17503760	     -1.54424734	     -0.03217348	     -0.66452947	      0.66321328	     18.23748086	      1.75881798	     -8.99118059	     -2.09667177	      4.04524098	     23.00266940	    -47.10068360	     -3.55168225	    -13.02886547	    -21.99957553
      3.88000000	      2.13837511	      7.56358580	     86.10050394	     -0.23259226	     -1.24007919	     -0.02437820	     -0.66457540	      0.66357110	     20.13257679	      1.91112862	     -8.24690916	     -3.59513616	      3.72699074	     23.32831566	    -47.54167866	     -2.48876249	    -12.57408491	    -22.32244880
      3.89000000	      2.17812737	      7.69228349	     86.09298812	     -0.64182880	     -0.90786813	     -0.01654244	     -0.66456811	      0.66363172	     21.96424956	      2.14828230	     -7.68958328	     -5.08817107	      3.48510250	     23.63794711	    -47.84577104	     -1.51950600	    -12.15455749	    -22.62206866
      3.90000000	      2.18528549	      7.77635464	     85.96572333	     -1.00687105	     -0.58896189	     -0.00865669	     -0.66456514	      0.66338453	     23.77563234	      2.49623828	     -7.39086584	     -6.49548543	      3.39051382	     23.70289268	    -48.01617464	     -0.73838634	    -11.98826753	    -22.72521383
      3.91000000	      2.26156910	      7.94840163	     85.88725359	     -1.51328421	     -0.20418547	     -0.00061821	     -0.66443971	      0.66296149	     25.33550850	      2.83845460	     -7.09445921	     -8.02631445	      3.19306004	     24.25393554	    -47.86048097	      0.13344388	    -11.64669373	    -22.97591327
      3.92000000	      2.35260588	      8.03775092	     85.69457738	     -1.97440699	      0.16308968	      0.00754339	     -0.66434408	      0.66227585	     26.80079435	      3.27211994	     -7.06072475	     -9.48750126	      3.13356743	     24.58794567	    -47.49650614	      0.84197120	    -11.41645730	    -23.15480191
      3.93000000	      2.43572474	      8.11413752	     85.46287064	     -2.45259471	      0.52212996	      0.01589667	     -0.66423778	      0.66140115	     28.07227247	      3.73665338	     -7.18661981	    -10.92414516	      3.10993440	     24.94679663	    -46.82537706	      1.46254069	    -11.27885311	    -23.28161462
      3.94000000	      2.49619767	      8.18596048	     85.19055126	     -2.95685043	      0.87419040	      0.02446987	     -0.66410965	      0.66034253	     29.11639219	      4.22419090	     -7.46983498	    -12.33958001	      3.11497466	     25.32581205	    -45.85746197	      2.00214685	    -11.22582444	    -23.37432690
      3.95000000	      2.52748730	      8.25776342	     84.88987598	     -3.48897289	      1.21967749	      0.03331734	     -0.66396912	      0.65913827	     29.88060110	      4.72137802	     -7.89005221	    -13.72846861	      3.13749131	     25.73355057	    -44.57200961	      2.44258385	    -11.24749320	    -23.45422022
      3.96000000	      2.52105705	      8.33865719	     84.56823975	     -4.03002187	      1.55377361	      0.04247603	     -0.66382246	      0.65779270	     30.35252051	      5.21911217	     -8.42840490	    -15.09032041	      3.16843103	     26.15220046	    -43.00244114	      2.79452588	    -11.33374175	    -23.52543185
      3.97000000	      2.45350840	      8.42118552	     84.23217369	     -4.59493029	      1.90005967	      0.05196835	     -0.66366066	      0.65631734	     30.48471707	      5.71165760	     -9.06585833	    -16.42247217	      3.20350231	     26.60222420	    -41.19782120	      3.00355820	    -11.49869450	    -23.63351740
      3.98000000	      2.38334429	      8.51099511	     83.90954097	     -5.12145324	      2.14886083	      0.06183391	     -0.66347068	      0.65474108	     30.38106033	      6.11532619	     -9.88196652	    -17.62550593	      3.22161477	     26.97421772	    -39.20365640	      3.11175131	    -11.63859206	    -23.71963278
      3.99000000	      2.13241245	      8.64311723	     83.55766731	     -5.72222813	      2.56584834	      0.07206178	     -0.66328373	      0.65302294	     29.82523966	      6.62855893	    -10.55484623	    -18.93622454	      3.25312744	     27.45280432	    -37.18497381	      3.03528744	    -11.91992295	    -23.93406495
      4.00000000	      1.79658705	      8.78506890	     83.25814996	     -6.26481467	      2.88148336	      0.08266322	     -0.66305502	      0.65124266	     29.07496320	      7.00998245	    -11.36059115	    -20.07983926	      3.24345973	     27.83162761	    -35.14983115	      2.81824821	    -12.18211087	    -24.20865634
      4.01000000	      1.42107083	      8.94468036	     83.00123285	     -6.77515668	      3.15460595	      0.09359958	     -0.66279464	      0.64940710	     28.13704404	      7.32837135	    -12.14716819	    -21.08232413	      3.21310182	     28.14578331	    -33.22661029	      2.40398225	    -12.37978691	    -24.54778007
      4.02000000	      0.56563282	      9.23434777	     82.82868108	     -7.24698974	      3.32093070	      0.10484418	     -0.66247733	      0.64757798	     27.10380283	      7.53134944	    -12.91452353	    -21.86212048	      3.12803668	     28.37565847	    -31.47452809	      1.79939164	    -12.67814990	    -25.23131447
      4.03000000	      0.41781947	      9.34345891	     82.73928434	     -7.63168916	      3.53915753	      0.11634191	     -0.66213633	      0.64573412	     25.92153824	      7.63475737	    -13.54079229	    -22.56844264	      3.01937228	     28.52153612	    -30.02514149	      0.97673669	    -12.63897086	    -25.56620045
      4.04000000	      0.16656049	      9.52731619	     82.77835310	     -7.92990031	      3.69532777	      0.12802607	     -0.66173155	      0.64397289	     24.71848473	      7.58146201	    -14.05091676	    -23.05458562	      2.85370329	     28.52932485	    -28.86177550	     -0.07470058	    -12.52182889	    -26.26978127
      4.05000000	     -0.03316261	      9.70606060	     82.96139763	     -8.12304141	      3.73355178	      0.13981582	     -0.66125315	      0.64235268	     23.59156798	      7.35373518	    -14.43749666	    -23.23434091	      2.63762916	     28.38895594	    -27.97625697	     -1.38310232	    -12.32941298	    -27.14381904
      4.06000000	     -0.16171538	      9.99277064	     83.29487699	     -8.22824997	      3.64681788	      0.15163748	     -0.66067609	      0.64093715	     22.57981054	      6.97034086	    -14.63659547	    -23.10395576	      2.36161467	     28.22436464	    -27.34338423	     -2.91256795	    -12.03586160	    -28.36625536
      4.07000000	     -0.06173262	     10.01987253	     83.79502539	     -8.14907913	      3.55802593	      0.16340279	     -0.66002958	      0.63971539	     21.57779327	      6.36985570	    -14.80833350	    -22.74922694	      2.05394320	     27.71898951	    -26.91133311	     -4.75100827	    -11.80111828	    -29.24665074
      4.08000000	      0.16094606	     10.06840780	     84.44873326	     -7.94697033	      3.37157252	      0.17504824	     -0.65928361	      0.63877370	     20.68197635	      5.61790881	    -14.84900780	    -22.08766135	      1.69965506	     27.07839981	    -26.59208809	     -6.83683026	    -11.52434801	    -30.37795349
      4.09000000	      0.76009911	     10.41022793	     85.24721273	     -7.63202668	      3.10251010	      0.18651974	     -0.65842758	      0.63816153	     19.86034750	      4.72963526	    -14.79231443	    -21.17333398	      1.29075536	     26.42808942	    -26.29386292	     -9.08457162	    -11.11736450	    -32.14390879
      4.10000000	      1.14653648	     10.27128371	     86.17722848	     -7.15668419	      2.84242076	      0.19771129	     -0.65747729	      0.63781287	     19.03252473	      3.70356814	    -14.73566098	    -20.01213044	      0.84473276	     25.37669352	    -25.97433758	    -11.67319379	    -10.97796558	    -32.95553230
      4.11000000	      2.06637267	     10.59691557	     87.19036458	     -6.58928833	      2.42079618	      0.20861071	     -0.65640207	      0.63785350	     18.31569032	      2.59752598	    -14.69797137	    -18.53214853	      0.36340778	     24.32393446	    -25.50762701	    -14.37605252	    -10.76466579	    -34.64471552
      4.12000000	      2.54926252	     10.43778955	     88.26750058	     -5.91712229	      2.14971894	      0.21916573	     -0.65523731	      0.63813015	     17.43972550	      1.45640453	    -14.59342074	    -17.00655256	     -0.16965982	     22.99456364	    -24.95044309	    -17.30033297	    -10.71049881	    -35.29408921
      4.13000000	      3.64971261	     10.85374357	     89.34145990	     -5.20700413	      1.67159311	      0.22935404	     -0.65394365	      0.63879958	     16.69136077	      0.31529271	    -14.55701151	    -15.13736827	     -0.71042248	     21.72411584	    -24.16683595	    -20.26631933	    -10.71134251	    -36.61369360
      4.14000000	      4.05330915	     10.63671127	     90.40014732	     -4.42258372	      1.43176914	      0.23918941	     -0.65257147	      0.63967621	     15.65109753	     -0.80516665	    -14.55565705	    -13.39757291	     -1.28641989	     20.32930156	    -23.24319605	    -23.27684828	    -10.71536919	    -36.90702177
      4.15000000	      4.58384284	     10.55007323	     91.37140907	     -3.61683236	      1.07988624	      0.24863778	     -0.65109607	      0.64084758	     14.65929733	     -1.86466824	    -14.69227210	    -11.44632526	     -1.82437197	     19.01273818	    -22.15902218	    -26.24777111	    -10.81129153	    -37.22859546
      4.16000000	      5.09034714	     10.48140279	     92.20103839	     -2.82373835	      0.77398534	      0.25774538	     -0.64956355	      0.64226134	     13.56041844	     -2.77599427	    -14.84794240	     -9.46546383	     -2.29572742	     17.74712113	    -20.92808821	    -29.12344316	    -10.94445472	    -37.35858769
      4.17000000	      5.52626456	     10.39913524	     92.88178657	     -2.04657507	      0.51876350	      0.26651983	     -0.64798329	      0.64386828	     12.37228324	     -3.54975884	    -15.06220566	     -7.47328302	     -2.69263782	     16.54622956	    -19.60877805	    -31.86054830	    -11.09862260	    -37.22797598
      4.18000000	      5.86907211	     10.28123523	     93.39103234	     -1.29088241	      0.31743339	      0.27497387	     -0.64637441	      0.64561554	     11.11830591	     -4.16724792	    -15.34644116	     -5.47552220	     -2.98987506	     15.40472686	    -18.25952443	    -34.43851940	    -11.27376719	    -36.78922205
      4.19000000	      6.04669025	     10.22454704	     93.73413116	     -0.60084488	      0.17788048	      0.28316108	     -0.64476627	      0.64746786	      9.80469192	     -4.60630872	    -15.57470326	     -3.48279050	     -3.19141413	     14.34748446	    -16.88572483	    -36.82820143	    -11.64542122	    -35.46787664
      4.20000000	      6.13851782	      9.97920671	     93.89467512	      0.12144966	      0.10988949	      0.29108110	     -0.64318933	      0.64936112	      8.45247823	     -4.88834861	    -15.98122875	     -1.53178977	     -3.28839081	     13.20165624	    -15.58292851	    -38.99725901	    -11.69899923	    -34.85320434
      4.21000000	      5.91223112	      9.62972066	     93.92919184	      0.72012786	      0.10534784	      0.29876074	     -0.64163977	      0.65124462	      7.07621285	     -5.01865296	    -16.28327649	      0.41982478	     -3.29201796	     12.25165473	    -14.31920530	    -40.98744493	    -11.96354864	    -33.13273952
      4.22000000	      5.64826377	      9.32086647	     93.83060865	      1.35174185	      0.16575831	      0.30623085	     -0.64016366	      0.65303977	      5.74966131	     -5.00673259	    -16.58671089	      2.34214322	     -3.25106663	     11.11799073	    -13.22849902	    -42.78152362	    -12.17072050	    -31.73038092
      4.23000000	      5.40753999	      9.02157336	     93.63961998	      1.95812177	      0.25566155	      0.31351945	     -0.63876572	      0.65473021	      4.47282185	     -4.88279244	    -16.89886336	      4.26859563	     -3.17110050	      9.96039634	    -12.24897839	    -44.38706887	    -12.36572246	    -30.34853977
      4.24000000	      5.39507401	      8.77063221	     93.37597041	      2.56772345	      0.32361667	      0.32065783	     -0.63747172	      0.65630678	      3.26634960	     -4.66448591	    -17.33132021	      6.23020210	     -3.05833186	      8.77154292	    -11.33059761	    -45.79465048	    -12.45932189	    -29.45352869
      4.25000000	      5.13360111	      8.46766161	     93.11868243	      3.11780295	      0.51136837	      0.32766782	     -0.63624987	      0.65761869	      2.08475668	     -4.40458991	    -17.47845132	      8.11846814	     -3.01065060	      7.57283134	    -10.60731361	    -47.10484481	    -12.72639284	    -27.71198761
      4.26000000	      5.02640416	      8.28777389	     92.85953669	      3.67214317	      0.66540479	      0.33458107	     -0.63513170	      0.65874548	      0.96214406	     -4.11536223	    -17.76018814	     10.04463983	     -2.99624420	      6.36210257	     -9.91415452	    -48.26164232	    -12.93513434	    -26.49896294
      4.27000000	      5.00472876	      8.12381737	     92.63631337	      4.21360525	      0.83545707	      0.34141855	     -0.63410987	      0.65962492	     -0.12211771	     -3.82629322	    -18.02123018	     11.96190543	     -3.05079775	      5.17375883	     -9.29413015	    -49.30304486	    -13.13750095	    -25.38219053
      4.28000000	      5.07073715	      7.96155840	     92.45443366	      4.75247581	      1.00204743	      0.34820912	     -0.63319211	      0.66025978	     -1.17042268	     -3.54041865	    -18.28689791	     13.87498069	     -3.16807849	      4.03624194	     -8.71380108	    -50.22494889	    -13.32680748	    -24.38298714
      4.29000000	      5.19075795	      7.81261516	     92.34588520	      5.27231339	      1.17388967	      0.35496650	     -0.63236486	      0.66063317	     -2.20970264	     -3.29527461	    -18.53903195	     15.77364609	     -3.37028253	      2.99732672	     -8.15589800	    -51.03942133	    -13.51282835	    -23.46280986
      4.30000000	      5.37172278	      7.66936683	     92.29436764	      5.78937809	      1.30551329	      0.36171755	     -0.63163344	      0.66078465	     -3.22696944	     -3.07490214	    -18.86055758	     17.67927685	     -3.62481152	      2.08401207	     -7.57399279	    -51.70937264	    -13.59450017	    -22.99494434
      4.31000000	      5.58026430	      7.49281710	     92.31994474	      6.29233513	      1.44770524	      0.36848237	     -0.63098749	      0.66068734	     -4.26058810	     -2.90259344	    -19.15163033	     19.53574103	     -3.94854032	      1.31970040	     -6.99568185	    -52.24100108	    -13.73658382	    -22.31406556
      4.32000000	      5.80163089	      7.33030039	     92.42273869	      6.77890357	      1.59841762	      0.37527951	     -0.63042402	      0.66036123	     -5.31971225	     -2.78002734	    -19.40433111	     21.32692075	     -4.32829722	      0.73041322	     -6.40666692	    -52.60744021	    -13.89013478	    -21.62643424
      4.33000000	      6.03548184	      7.19295401	     92.59826299	      7.24232335	      1.78319811	      0.38213604	     -0.62993332	      0.65981798	     -6.42364967	     -2.70632184	    -19.55480691	     23.00625913	     -4.74567587	      0.33873759	     -5.81982363	    -52.78262618	    -14.09117389	    -20.81968500
      4.34000000	      6.24696304	      7.12856183	     92.81711611	      7.70003549	      1.87958817	      0.38907216	     -0.62952406	      0.65913862	     -7.50882042	     -2.65271214	    -19.85341191	     24.65785311	     -5.15560525	      0.15237895	     -5.15370298	    -52.69493985	    -14.13782055	    -20.56722336
      4.35000000	      6.47395449	      7.06497862	     93.09608694	      8.15296089	      2.00348081	      0.39612089	     -0.62918060	      0.65828619	     -8.65797747	     -2.63782390	    -20.15279009	     26.14416668	     -5.58355108	      0.15576979	     -4.46722321	    -52.35579359	    -14.22100048	    -20.24674895
      4.36000000	      6.69461422	      7.04015186	     93.42439997	      8.59517278	      2.13257263	      0.40331517	     -0.62889126	      0.65729035	     -9.84357324	     -2.65315744	    -20.44765769	     27.45227631	     -6.00445500	      0.36610751	     -3.77080644	    -51.73197005	    -14.30687629	    -19.97723249
      4.37000000	      6.90710266	      7.06244685	     93.78667261	      9.03766039	      2.27162286	      0.41068654	     -0.62865609	      0.65616564	    -11.06206578	     -2.68514984	    -20.76265279	     28.54483563	     -6.40610101	      0.76042561	     -3.08585483	    -50.81557358	    -14.39049260	    -19.78625500
      4.38000000	      7.11068006	      7.12945212	     94.17962757	      9.48582889	      2.42275294	      0.41827968	     -0.62846513	      0.65492015	    -12.30982241	     -2.73059916	    -21.10326136	     29.38918298	     -6.78628988	      1.33458568	     -2.42872080	    -49.61834834	    -14.46913691	    -19.68493686
      4.39000000	      7.30515173	      7.23004281	     94.59107511	      9.94611787	      2.59492039	      0.42612362	     -0.62831008	      0.65356477	    -13.57534184	     -2.78282320	    -21.46808625	     29.94966159	     -7.14202230	      2.06399085	     -1.84001971	    -48.15881323	    -14.54629870	    -19.66922027
      4.40000000	      7.48802489	      7.34820405	     95.01305503	     10.42329451	      2.79288033	      0.43425143	     -0.62818126	      0.65210552	    -14.84379282	     -2.83930250	    -21.85591008	     30.20582487	     -7.47323047	      2.93333384	     -1.36027192	    -46.48356457	    -14.62635982	    -19.73203611
      4.41000000	      7.66288279	      7.45286875	     95.43895254	     10.91847517	      3.00913107	      0.44269033	     -0.62806796	      0.65054833	    -16.08853104	     -2.89996495	    -22.25564509	     30.16306451	     -7.78546399	      3.91861650	     -1.02426802	    -44.65913543	    -14.70284267	    -19.85337181
      4.42000000	      7.83113417	      7.51784304	     95.85173721	     11.42827204	      3.24324315	      0.45145804	     -0.62796285	      0.64890916	    -17.28610250	     -2.95720838	    -22.65918862	     29.82950878	     -8.07057692	      4.99351848	     -0.87157659	    -42.75973289	    -14.78595430	    -20.01053430
      4.43000000	      7.94975066	      7.58448361	     96.21949849	     11.90187658	      3.32911816	      0.46054280	     -0.62787643	      0.64724219	    -18.20584196	     -3.00424352	    -22.95390149	     29.39807418	     -8.25502180	      6.22693733	     -0.97693237	    -40.83604070	    -14.83394367	    -20.08514739
      4.44000000	      8.15173031	      7.47626922	     96.57560680	     12.46716633	      3.71817086	      0.46997237	     -0.62776255	      0.64546811	    -19.38162884	     -3.04968063	    -23.43867393	     28.44353823	     -8.53191202	      7.26217116	     -1.28431334	    -39.09455381	    -14.97281940	    -20.26063259
      4.45000000	      8.31057867	      7.29401718	     96.84068718	     12.97080843	      3.93459797	      0.47967999	     -0.62766840	      0.64373396	    -20.20522872	     -3.06679209	    -23.79825328	     27.48887669	     -8.66730583	      8.37905156	     -1.90450595	    -37.48868290	    -15.12661514	    -20.33119965
      4.46000000	      8.57753983	      6.66139168	     96.99103092	     13.47137767	      4.06964826	      0.48964497	     -0.62760301	      0.64207314	    -20.76502128	     -3.02745974	    -24.16422595	     26.46913589	     -8.70283991	      9.40092115	     -2.84126961	    -36.09096684	    -15.41885904	    -20.33351170
      4.47000000	      8.60969726	      6.66376494	     97.01962521	     13.91494668	      4.08653036	      0.49979936	     -0.62756677	      0.64052538	    -21.00434533	     -2.95037096	    -24.50834239	     25.48926613	     -8.60481382	     10.30564833	     -4.10404117	    -34.95882002	    -15.52305060	    -20.24669258
      4.48000000	      8.85581371	      6.15944277	     96.92423640	     14.29747934	      4.24123771	      0.51010001	     -0.62752634	      0.63905846	    -21.17556869	     -2.85100178	    -24.75201515	     24.33884895	     -8.40345176	     10.99364961	     -5.69630966	    -34.14789165	    -15.97675479	    -19.83101991
      4.49000000	      8.86648171	      6.05904062	     96.63527020	     14.60803207	      4.23209955	      0.52047276	     -0.62756736	      0.63782328	    -20.93023957	     -2.66150585	    -24.97968312	     23.32918750	     -7.98945567	     11.51153300	     -7.62191876	    -33.54598762	    -16.23540421	    -19.59849003
      4.50000000	      8.92902462	      5.88887707	     96.18573342	     14.85423783	      4.15264668	      0.53085782	     -0.62766839	      0.63683763	    -20.38869333	     -2.41521350	    -25.19749111	     22.37622968	     -7.42337769	     11.81864539	     -9.82264840	    -33.10444082	    -16.67336848	    -19.18690237
      4.51000000	      9.12415649	      5.68790033	     95.55260483	     15.00747849	      3.97366673	      0.54120720	     -0.62786582	      0.63616103	    -19.56192648	     -2.09399523	    -25.48998013	     21.52183789	     -6.64704096	     12.01785985	    -12.21027550	    -32.74679204	    -17.36120706	    -18.57859621
      4.52000000	      9.10561570	      5.66837900	     94.75918228	     15.08813020	      3.84260947	      0.55146070	     -0.62813207	      0.63574468	    -18.53782289	     -1.71140004	    -25.64995625	     20.64500134	     -5.74897187	     11.92672665	    -14.85717260	    -32.45385838	    -17.79609958	    -18.25314163
      4.53000000	      9.25613418	      5.70231688	     93.81658195	     15.04666013	      3.55291530	      0.56157789	     -0.62851087	      0.63571309	    -17.20027705	     -1.26926209	    -25.80061113	     19.90843177	     -4.65147387	     11.89115763	    -17.57911461	    -32.05201478	    -18.55427045	    -17.71130966
      4.54000000	      9.22454955	      5.78169022	     92.77566439	     14.93823750	      3.39127010	      0.57152669	     -0.62897570	      0.63595814	    -15.81347015	     -0.77885431	    -25.78585785	     19.05164894	     -3.50385780	     11.62001555	    -20.41041237	    -31.58740267	    -18.99876097	    -17.44447853
      4.55000000	      9.21790003	      5.91112315	     91.65817620	     14.72195926	      3.13434527	      0.58129128	     -0.62956879	      0.63657594	    -14.21588787	     -0.24344474	    -25.66406862	     18.25491923	     -2.24559339	     11.42745416	    -23.21886277	    -30.92815959	    -19.49227043	    -17.17804110
      4.56000000	      9.26437047	      6.11115664	     90.55318924	     14.41073289	      2.81777665	      0.59083956	     -0.63026484	      0.63753744	    -12.47323354	      0.27767494	    -25.39139153	     17.46702951	     -0.97791097	     11.33724737	    -25.95305000	    -30.07009175	    -20.02439628	    -16.93989009
      4.57000000	      9.26509988	      6.33760224	     89.48019627	     14.03969532	      2.50616953	      0.60020344	     -0.63108011	      0.63883185	    -10.67122508	      0.80759097	    -24.94661057	     16.59316099	      0.25496129	     11.28200063	    -28.55632578	    -28.97159003	    -20.42969031	    -16.80209460
      4.58000000	      9.18789879	      6.56619057	     88.49453029	     13.61091764	      2.19269688	      0.60936928	     -0.63200513	      0.64041493	     -8.82614869	      1.30694300	    -24.32998437	     15.64215083	      1.41354118	     11.33483672	    -30.99477734	    -27.67125174	    -20.68108652	    -16.76244695
      4.59000000	      9.02005029	      6.79442250	     87.64169791	     13.13836118	      1.85602655	      0.61833182	     -0.63302314	      0.64226205	     -6.92551456	      1.74897939	    -23.53031544	     14.61887024	      2.45205039	     11.53640466	    -33.23760187	    -26.16647032	    -20.78388653	    -16.81993976
      4.60000000	      8.73208082	      7.00057464	     86.94446210	     12.62447272	      1.51960191	      0.62711211	     -0.63411378	      0.64431795	     -5.00490567	      2.12277366	    -22.53129209	     13.50575975	      3.34340693	     11.87764198	    -35.26344154	    -24.49519148	    -20.72385828	    -16.95704902
      4.61000000	      8.27541117	      7.17748681	     86.42577191	     12.08925110	      1.15285171	      0.63570987	     -0.63525028	      0.64655059	     -3.04509215	      2.39791702	    -21.39467795	     12.32730408	      4.06395997	     12.40893480	    -37.05702154	    -22.66623122	    -20.45596262	    -17.23021875
      4.62000000	      7.61967529	      7.28657516	     86.08900126	     11.54070513	      0.80457761	      0.64412987	     -0.63639679	      0.64887739	     -1.08693824	      2.56985107	    -20.11317629	     11.06183905	      4.59451076	     13.08100048	    -38.63233424	    -20.74490826	    -19.97196099	    -17.61628543
      4.63000000	      6.30062647	      7.03598628	     85.91229395	     11.04093180	      0.49269913	      0.65238133	     -0.63752806	      0.65121374	      0.87103887	      2.64285360	    -18.79906511	      9.72960192	      4.91652764	     13.67670282	    -40.02795225	    -18.79603193	    -18.91624086	    -18.47418883
      4.64000000	      5.24709467	      6.77658659	     85.89833161	     10.49745238	      0.23847125	      0.66047000	     -0.63859007	      0.65352661	      2.78923672	      2.62143458	    -17.30903121	      8.31349197	      5.06960991	     14.47767089	    -41.21214242	    -16.83588563	    -18.17584284	    -19.00410902
      4.65000000	      4.30894474	      6.62729548	     86.01102376	      9.96853437	      0.01297126	      0.66839877	     -0.63956526	      0.65574843	      4.72097295	      2.51476877	    -15.77866935	      6.88419104	      5.05749568	     15.27098536	    -42.23480100	    -14.92066704	    -17.34580550	    -19.51038154
      4.66000000	      3.79761185	      6.73697501	     86.23489814	      9.41829704	     -0.18249751	      0.67617385	     -0.64041361	      0.65784270	      6.65280007	      2.32624948	    -14.20327220	      5.46424373	      4.90181942	     16.11352981	    -43.09126577	    -13.08873411	    -16.86224068	    -19.71524938
      4.67000000	      2.72699366	      6.45265975	     86.49761380	      8.91758911	     -0.29224786	      0.68380375	     -0.64113553	      0.65972175	      8.56446055	      2.10492182	    -12.73535383	      4.03005471	      4.64982873	     16.74846186	    -43.85902795	    -11.37684249	    -15.57831951	    -20.47924931
      4.68000000	      2.33502107	      6.51754407	     86.81511926	      8.38272515	     -0.39926406	      0.69130251	     -0.64170094	      0.66141442	     10.49713422	      1.82762764	    -11.31036623	      2.65568789	      4.32055165	     17.49313361	    -44.47816379	     -9.77274368	    -15.10355593	    -20.70805053
      4.69000000	      1.73826720	      6.29617501	     87.09306066	      7.89138016	     -0.39682991	      0.69869625	     -0.64213808	      0.66282527	     12.39284509	      1.58280288	    -10.05196584	      1.26458818	      3.98793886	     17.99922438	    -45.04556972	     -8.31842891	    -14.04787017	    -21.36628350
      4.70000000	      1.56462642	      6.38199537	     87.38052147	      7.35570280	     -0.39666515	      0.70598703	     -0.64242080	      0.66401035	     14.29862371	      1.30950727	     -8.91884970	     -0.03905862	      3.62441854	     18.55610907	    -45.47315444	     -7.00492739	    -13.69181301	    -21.55298376
      4.71000000	      1.42771833	      6.24414803	     87.57806663	      6.84266204	     -0.29686324	      0.71321630	     -0.64260324	      0.66489762	     16.15457252	      1.11178437	     -7.99589932	     -1.36800282	      3.32793854	     18.98580165	    -45.84363742	     -5.80695986	    -12.87898288	    -22.12529114
      4.72000000	      1.40113939	      6.36592557	     87.69037591	      6.32657978	     -0.18919808	      0.72039216	     -0.64269946	      0.66551468	     18.02182303	      0.97891660	     -7.29535206	     -2.61928609	      3.10841753	     19.35597718	    -46.11540885	     -4.74830283	    -12.72130392	    -22.20821182
      4.73000000	      1.41803309	      6.49853090	     87.77107800	      5.77032940	     -0.04093060	      0.72757675	     -0.64269080	      0.66589549	     19.79566219	      0.85112906	     -6.79778891	     -3.86972659	      2.90225227	     19.78558845	    -46.21564436	     -3.77049351	    -12.48731768	    -22.38255534
      4.74000000	      1.54121165	      6.59102454	     87.81663689	      5.13280205	      0.16587282	      0.73479524	     -0.64259150	      0.66603870	     21.43807482	      0.77672249	     -6.40830211	     -5.11858089	      2.71151388	     20.23506925	    -46.12864714	     -2.91377770	    -12.18710731	    -22.67526255
      4.75000000	      1.72822100	      6.65278858	     87.73539085	      4.51679594	      0.39926826	      0.74207209	     -0.64248760	      0.66592177	     23.00568405	      0.80676021	     -6.29835758	     -6.36252444	      2.64613034	     20.63745775	    -45.90394984	     -2.12270527	    -11.99523721	    -22.91137978
      4.76000000	      1.88947024	      6.73027869	     87.59319427	      3.85273143	      0.65045379	      0.74944975	     -0.64235419	      0.66559194	     24.42581229	      0.90018363	     -6.37222335	     -7.58785771	      2.63006080	     21.04020201	    -45.45291957	     -1.42443388	    -11.92345439	    -23.05484752
      4.77000000	      2.05453438	      6.80892117	     87.38998766	      3.14093693	      0.92399117	      0.75697217	     -0.64221340	      0.66506304	     25.66165727	      1.06669475	     -6.60958377	     -8.81984122	      2.66252259	     21.49631281	    -44.76100752	     -0.79130782	    -11.91666090	    -23.18218023
      4.78000000	      2.19717579	      6.88819314	     87.13004810	      2.38315055	      1.21090593	      0.76467622	     -0.64207378	      0.66434908	     26.68408248	      1.30197488	     -7.00933761	    -10.05376986	      2.73638556	     21.99748008	    -43.81298697	     -0.22516486	    -11.97391652	    -23.28211863
      4.79000000	      2.30676095	      6.96284937	     86.82073210	      1.58057412	      1.50939056	      0.77260459	     -0.64195008	      0.66346490	     27.46081630	      1.60638615	     -7.54886758	    -11.29280338	      2.84258593	     22.54006027	    -42.60560593	      0.27250328	    -12.09135697	    -23.36506980
      4.80000000	      2.36572508	      7.04080354	     86.46994517	      0.73336803	      1.82279848	      0.78078833	     -0.64184621	      0.66242168	     27.95811106	      1.97391928	     -8.21395142	    -12.53874703	      2.97096214	     23.14094143	    -41.15091050	      0.68964614	    -12.25966062	    -23.43186098
      4.81000000	      2.38170964	      7.12090279	     86.08602462	     -0.09697874	      2.07211206	      0.78927701	     -0.64177577	      0.66122940	     28.24022380	      2.35564314	     -9.07189611	    -13.72746063	      3.11765484	     23.66858021	    -39.47769808	      1.05494537	    -12.41661864	    -23.46724958
      4.82000000	      2.33066271	      7.22109629	     85.68406407	     -1.00756812	      2.41602066	      0.79807858	     -0.64172366	      0.65989728	     28.13105236	      2.82829317	     -9.90184003	    -14.99183936	      3.25359294	     24.36597245	    -37.63665873	      1.30181428	    -12.63952802	    -23.52502962
      4.83000000	      2.21080003	      7.31014041	     85.26934251	     -1.91495886	      2.74061310	      0.80722165	     -0.64171507	      0.65842972	     27.76826395	      3.33447649	    -10.77770078	    -16.21441971	      3.39103587	     25.02731830	    -35.70619741	      1.43196490	    -12.87410307	    -23.60268088
      4.84000000	      1.96185962	      7.39681262	     84.84525844	     -2.83315718	      3.10689075	      0.81670433	     -0.64174383	      0.65682800	     27.12028094	      3.89497036	    -11.59860580	    -17.44759867	      3.52355200	     25.71122196	    -33.78898061	      1.43046217	    -13.14541802	    -23.73161437
      4.85000000	      0.97544228	      7.35840593	     84.45630207	     -3.72624186	      3.38689046	      0.82651962	     -0.64180103	      0.65515422	     26.32202145	      4.44087652	    -12.36808330	    -18.52222043	      3.62627224	     26.32105163	    -31.91115918	      1.24061599	    -13.72625073	    -24.13045658
      4.86000000	      0.89831309	      7.46225519	     84.13313200	     -4.49580276	      3.57034559	      0.83665289	     -0.64187546	      0.65342258	     25.42941211	      4.85547749	    -13.19705087	    -19.44687939	      3.69039659	     26.81642124	    -30.16534812	      0.92131052	    -13.71311509	    -24.20123921
      4.87000000	      0.55307691	      7.62280913	     83.82491563	     -5.22273362	      3.89841972	      0.84706275	     -0.64201188	      0.65159778	     24.31967030	      5.32412547	    -13.70376022	    -20.43790863	      3.76817339	     27.31424556	    -28.74411211	      0.40792359	    -13.70184297	    -24.50608480
      4.88000000	      0.24542017	      7.76839989	     83.67918020	     -5.82450920	      4.03495216	      0.85770587	     -0.64211560	      0.64984253	     23.25850403	      5.56790745	    -14.17813742	    -21.10322219	      3.73992113	     27.63525893	    -27.49731062	     -0.31749451	    -13.60546402	    -24.89498496
      4.89000000	     -0.04372970	      7.92062680	     83.66149939	     -6.29977100	      4.09583085	      0.86852474	     -0.64221371	      0.64815278	     22.22047038	      5.66446356	    -14.48247150	    -21.54536149	      3.65821082	     27.80161658	    -26.52617323	     -1.27398501	    -13.40653853	    -25.42878370
      4.90000000	     -0.23142336	      8.06087023	     83.79811952	     -6.61983986	      4.04042597	      0.87945087	     -0.64227791	      0.64658131	     21.27291474	      5.57331978	    -14.64650394	    -21.69657292	      3.51894601	     27.79362463	    -25.80556966	     -2.48227347	    -13.11592598	    -26.08184632
      4.91000000	     -0.27388907	      8.18006514	     84.08974259	     -6.78088544	      3.87518857	      0.89042373	     -0.64228937	      0.64517730	     20.41910387	      5.29854089	    -14.69647352	    -21.56065695	      3.32708386	     27.64641291	    -25.28970484	     -3.92229212	    -12.77389026	    -26.81317004
      4.92000000	     -0.17431903	      8.26777491	     84.55066857	     -6.76001062	      3.63168200	      0.90138242	     -0.64224271	      0.64396829	     19.63776765	      4.82747294	    -14.67081467	    -21.16145872	      3.08181554	     27.33518612	    -24.91877534	     -5.60061345	    -12.41057884	    -27.61684496
      4.93000000	      0.21901578	      8.54657671	     85.16871949	     -6.56974809	      3.28803487	      0.91227925	     -0.64211548	      0.64301188	     18.93624315	      4.18261426	    -14.60460490	    -20.50066240	      2.78618129	     26.95262283	    -24.60429107	     -7.45623149	    -11.86093592	    -28.86721410
      4.94000000	      0.51148680	      8.46301158	     85.93559975	     -6.19525943	      2.93013665	      0.92303154	     -0.64191128	      0.64227071	     18.24534114	      3.38734724	    -14.50081424	    -19.58545964	      2.45373874	     26.17745359	    -24.30370760	     -9.65379669	    -11.63404163	    -29.52377776
      4.95000000	      1.31095181	      8.82324897	     86.81377337	     -5.68465489	      2.40726339	      0.93360900	     -0.64158666	      0.64184375	     17.67706603	      2.47835339	    -14.42016876	    -18.34320750	      2.08492634	     25.33562798	    -23.91047887	    -12.01425570	    -11.18328137	    -30.93952663
      4.96000000	      1.72407934	      8.69682413	     87.80221290	     -5.01910982	      1.96891662	      0.94395496	     -0.64115975	      0.64163038	     16.98411262	      1.46567314	    -14.37104275	    -16.97898336	      1.65636723	     24.14924823	    -23.40939302	    -14.65320752	    -11.04969856	    -31.52222197
      4.97000000	      2.80474723	      9.29524821	     88.82097317	     -4.28915432	      1.37756624	      0.95404459	     -0.64059151	      0.64172459	     16.40157745	      0.45094759	    -14.26032675	    -15.29552890	      1.20516471	     22.86145651	    -22.75085047	    -17.45204321	    -10.80950490	    -32.75833521
      4.98000000	      3.18957400	      9.12693782	     89.87690557	     -3.44062221	      0.87646206	      0.96385357	     -0.63990402	      0.64204214	     15.62636627	     -0.62252190	    -14.34989221	    -13.56979404	      0.69972242	     21.41877004	    -21.88544330	    -20.38080619	    -10.77376456	    -33.11493700
      4.99000000	      4.13141102	      9.76011636	     90.88186896	     -2.61344937	      0.20717871	      0.97334840	     -0.63905345	      0.64262344	     14.99527436	     -1.61017602	    -14.30875241	    -11.51624266	      0.18279262	     19.94505114	    -20.88324417	    -23.42250227	    -10.83611679	    -33.85111018
      5.00000000	      4.60056681	      9.77842219	     91.83901636	     -1.72169288	     -0.34185496	      0.98256811	     -0.63809833	      0.64341772	     14.11179551	     -2.58485462	    -14.53025173	     -9.52194756	     -0.34972111	     18.46771300	    -19.65531794	    -26.43612884	    -10.87016785	    -33.97731679
      5.01000000	      4.94776098	      9.68116146	     92.67828466	     -0.84531549	     -0.76532393	      0.99149375	     -0.63702831	      0.64434562	     13.11444562	     -3.41483780	    -14.60515206	     -7.55695147	     -0.87173430	     16.93753407	    -18.39844161	    -29.44246568	    -10.93217373	    -33.99728520
      5.02000000	      5.29932855	      9.63929144	     93.38564682	     -0.00928852	     -1.22681973	      1.00014908	     -0.63584941	      0.64546234	     12.09457295	     -4.12549170	    -14.76021177	     -5.48645964	     -1.34815667	     15.52236247	    -17.01729705	    -32.34979248	    -11.04699635	    -33.83313542
      5.03000000	      5.63712565	      9.67912009	     93.94088825	      0.75971464	     -1.68294934	      1.00853809	     -0.63459420	      0.64673455	     11.02627381	     -4.69197146	    -14.98521419	     -3.35642657	     -1.75335880	     14.24618731	    -15.54883016	    -35.12007470	    -11.24653366	    -33.30462915
      5.04000000	      5.80109976	      9.79183963	     94.32704385	      1.50006266	     -1.99731992	      1.01671977	     -0.63329091	      0.64806213	      9.87796319	     -5.06917944	    -15.03540386	     -1.31507920	     -2.10494145	     12.90959000	    -14.14364275	    -37.72075745	    -11.54772170	    -32.14975176
      5.05000000	      5.86912421	      9.59431781	     94.56423177	      2.19199947	     -2.27335991	      1.02468194	     -0.63195479	      0.64947191	      8.67262581	     -5.31854940	    -15.27229470	      0.72798644	     -2.36887697	     11.70261621	    -12.72119342	    -40.10738976	    -11.66479428	    -31.29383000
      5.06000000	      5.95386533	      9.30065283	     94.64125741	      2.91129229	     -2.48385046	      1.03245490	     -0.63063273	      0.65087428	      7.50839941	     -5.40635001	    -15.52403033	      2.74536901	     -2.57253202	     10.37082037	    -11.46358019	    -42.27381622	    -11.74220129	    -30.56685112
      5.07000000	      5.80914673	      8.87203576	     94.62403686	      3.48561210	     -2.62045565	      1.04006637	     -0.62929366	      0.65225382	      6.31518364	     -5.37466660	    -15.63008540	      4.75426291	     -2.72251370	      9.26026814	    -10.24400311	    -44.24421701	    -12.00598957	    -28.86776619
      5.08000000	      5.85531975	      8.56346771	     94.48774503	      4.12419499	     -2.75622863	      1.04753709	     -0.62801615	      0.65358744	      5.20572058	     -5.22401809	    -15.94704974	      6.78562787	     -2.84163114	      7.97566729	     -9.16844689	    -45.96806360	    -12.09995590	    -28.04194423
      5.09000000	      5.68014556	      8.11257027	     94.31074611	      4.67479011	     -2.76834578	      1.05489398	     -0.62676120	      0.65478238	      4.08418213	     -4.99907606	    -16.03703353	      8.74768157	     -2.96989115	      6.77874430	     -8.23798552	    -47.51545811	    -12.38019250	    -26.32205980
      5.10000000	      5.76849754	      7.83585981	     94.07379185	      5.24378247	     -2.84184216	      1.06215640	     -0.62557778	      0.65590292	      3.05128972	     -4.70037618	    -16.38756653	     10.79076951	     -3.08431366	      5.54982350	     -7.35159617	    -48.83253264	    -12.47900345	    -25.55885676
      5.11000000	      5.82949054	      7.47724265	     93.84034636	      5.78146364	     -2.85820912	      1.06934778	     -0.62445381	      0.65684304	      2.03794490	     -4.37551373	    -16.69317185	     12.81076863	     -3.24444868	      4.35805130	     -6.57535418	    -49.98833335	    -12.66580645	    -24.39466277
      5.12000000	      5.77978299	      7.10256527	     93.63304403	      6.27658681	     -2.72643145	      1.07649272	     -0.62338225	      0.65755586	      0.98246209	     -4.04463844	    -16.78191170	     14.71195934	     -3.46701151	      3.22605205	     -5.95723004	    -51.01093179	    -12.97656660	    -22.85585065
      5.13000000	      5.92034669	      6.89071389	     93.43380023	      6.78266982	     -2.69084740	      1.08360007	     -0.62240042	      0.65813615	     -0.00368708	     -3.69795251	    -17.16350061	     16.71533604	     -3.70543116	      2.16493250	     -5.30423067	    -51.84917896	    -13.09035013	    -22.24261195
      5.14000000	      6.06309076	      6.61020490	     93.28636157	      7.26959091	     -2.59617295	      1.09069395	     -0.62148902	      0.65849770	     -1.01709122	     -3.37487148	    -17.51386724	     18.66982525	     -4.00348086	      1.21762158	     -4.70773344	    -52.55738430	    -13.27933763	    -21.36997686
      5.15000000	      6.13950806	      6.29262619	     93.21007165	      7.72053178	     -2.38559343	      1.09779212	     -0.62063738	      0.65861283	     -2.09770740	     -3.09867973	    -17.69154868	     20.51462630	     -4.37070167	      0.42079299	     -4.19832008	    -53.15064289	    -13.58414829	    -20.21426520
      5.16000000	      6.30596520	      6.11873087	     93.16289227	      8.17263341	     -2.24877337	      1.10491228	     -0.61988080	      0.65858439	     -3.15381309	     -2.82387184	    -18.07426026	     22.40556903	     -4.73075592	     -0.20159083	     -3.62580016	    -53.54952569	    -13.70264357	    -19.76211574
      5.17000000	      6.47777878	      5.92264257	     93.18457205	      8.60523422	     -2.05818064	      1.11206880	     -0.61918618	      0.65834776	     -4.26960471	     -2.59715385	    -18.42440891	     24.21205961	     -5.12781908	     -0.62925004	     -3.06597464	    -53.78728431	    -13.85189915	    -19.26902203
      5.18000000	      6.61500561	      5.80994509	     93.31130088	      8.95553398	     -1.82589371	      1.11926405	     -0.61852798	      0.65788775	     -5.41765374	     -2.46983384	    -18.57675702	     25.94735506	     -5.55042009	     -0.74627189	     -2.54729724	    -53.86369172	    -13.92841002	    -19.02202818
      5.19000000	      6.83093650	      5.65159285	     93.40039068	      9.43884028	     -1.59087646	      1.12661993	     -0.61801981	      0.65734364	     -6.63714602	     -2.24939314	    -19.08982878	     27.51934861	     -5.93211367	     -0.83705885	     -1.94530629	    -53.61856871	    -14.12318671	    -18.58885124
      5.20000000	      7.00159493	      5.59255566	     93.58454433	      9.84107397	     -1.31660197	      1.13407501	     -0.61753395	      0.65659572	     -7.89507541	     -2.12325322	    -19.41749013	     28.95789942	     -6.30576648	     -0.59459746	     -1.38349595	    -53.15471066	    -14.27907577	    -18.35316825
      5.21000000	      7.17865795	      5.61620770	     93.80806965	     10.25847782	     -1.02413083	      1.14170458	     -0.61711215	      0.65570631	     -9.18606521	     -2.01633121	    -19.76817713	     30.19918140	     -6.65049771	     -0.14530493	     -0.84074996	    -52.39335730	    -14.42037191	    -18.25506851
      5.22000000	      7.36273359	      5.72461203	     94.06423967	     10.69027164	     -0.70418354	      1.14954620	     -0.61674496	      0.65468010	    -10.51294762	     -1.92594390	    -20.13561849	     31.19607424	     -6.95785148	      0.50750076	     -0.33679532	    -51.32735818	    -14.55827607	    -18.27957361
      5.23000000	      7.54880843	      5.89048943	     94.35254476	     11.13184740	     -0.38431098	      1.15765201	     -0.61642460	      0.65351614	    -11.84375747	     -1.85287889	    -20.47531967	     31.94450516	     -7.23063918	      1.35371478	      0.12475535	    -49.97086915	    -14.66490617	    -18.40411674
      5.24000000	      7.75603657	      6.13943874	     94.65383041	     11.62024828	      0.01287260	      1.16603069	     -0.61614954	      0.65223106	    -13.21165916	     -1.78936101	    -20.90419044	     32.31449884	     -7.45670174	      2.38716037	      0.42390567	    -48.32734709	    -14.79851207	    -18.64942884
      5.25000000	      7.95635482	      6.40391257	     94.96787965	     12.11733721	      0.40443468	      1.17474803	     -0.61589826	      0.65082035	    -14.54579961	     -1.73777982	    -21.28624824	     32.39187048	     -7.64985344	      3.57602835	      0.61329486	    -46.46406049	    -14.91593431	    -18.94827474
      5.26000000	      8.15275329	      6.65053443	     95.27892912	     12.63002834	      0.80648310	      1.18381985	     -0.61567062	      0.64929806	    -15.83265981	     -1.69292835	    -21.65830525	     32.14885825	     -7.80369431	      4.90382060	      0.62657464	    -44.44167602	    -15.02784106	    -19.27027752
      5.27000000	      8.34340843	      6.84579136	     95.57309156	     13.15377489	      1.22028355	      1.19325319	     -0.61546063	      0.64767899	    -17.05291280	     -1.65176664	    -22.02652691	     31.59716717	     -7.92330030	      6.32383422	      0.42803501	    -42.34729487	    -15.14676864	    -19.58993627
      5.28000000	      8.51575901	      6.96026445	     95.83419880	     13.66973987	      1.62789114	      1.20304020	     -0.61526848	      0.64598709	    -18.16342488	     -1.61299140	    -22.37795780	     30.78634191	     -7.99983817	      7.79744723	     -0.01744494	    -40.27684687	    -15.27708725	    -19.85678881
      5.29000000	      8.66644328	      6.97764362	     96.03331581	     14.16329648	      2.01849301	      1.21315737	     -0.61510016	      0.64426370	    -19.12510303	     -1.56229137	    -22.71030706	     29.76752205	     -8.01617278	      9.25603227	     -0.74006535	    -38.31892991	    -15.43484300	    -20.04869490
      5.30000000	      8.74191506	      7.02038278	     96.11533526	     14.61434020	      2.19267306	      1.22355688	     -0.61499540	      0.64261990	    -19.68829286	     -1.46103542	    -23.08557569	     28.77594909	     -7.90784232	     10.66349770	     -1.78238174	    -36.49365718	    -15.55601782	    -20.07125876
      5.31000000	      8.99702272	      6.33081688	     96.13809080	     15.01718403	      2.65087365	      1.23418859	     -0.61490027	      0.64094412	    -20.38030519	     -1.38238724	    -23.33801906	     27.39480561	     -7.77312147	     11.88071335	     -3.12538195	    -35.00873020	    -16.05601288	    -20.13894657
      5.32000000	      8.95937096	      6.26825861	     95.99590410	     15.31533130	      2.86795886	      1.24495960	     -0.61489714	      0.63945171	    -20.55574356	     -1.25114989	    -23.51719727	     26.18170794	     -7.45633067	     12.91495820	     -4.87789204	    -33.75042573	    -16.23328523	    -19.99133060
      5.33000000	      9.00933256	      5.86511844	     95.69122774	     15.54356346	      3.00153348	      1.25581699	     -0.61500315	      0.63816813	    -20.41060739	     -1.06062784	    -23.72776136	     25.00387630	     -6.99367366	     13.67470413	     -6.96457440	    -32.73553880	    -16.71857835	    -19.55989303
      5.34000000	      8.90610497	      5.79839562	     95.21754028	     15.63429858	      3.05282146	      1.26665649	     -0.61521680	      0.63713630	    -19.91581434	     -0.83153530	    -23.85393807	     23.89688818	     -6.33893514	     14.23091829	     -9.40175905	    -31.91789814	    -17.00434008	    -19.29286379
      5.35000000	      8.79924699	      5.69741197	     94.55873887	     15.62117041	      3.01832847	      1.27742580	     -0.61557145	      0.63639910	    -19.06081883	     -0.53196950	    -23.92963357	     22.87337876	     -5.50762227	     14.51362555	    -12.16359479	    -31.23374314	    -17.40126690	    -18.89507698
      5.36000000	      8.77539986	      5.55288811	     93.73633852	     15.47968488	      2.84172372	      1.28805153	     -0.61608462	      0.63602027	    -17.83265509	     -0.17944467	    -24.00162057	     21.97422318	     -4.48586458	     14.69281730	    -15.15403118	    -30.56957698	    -18.01788735	    -18.26292609
      5.37000000	      8.62782005	      5.55943121	     92.76061007	     15.24510131	      2.73016572	      1.29848721	     -0.61673599	      0.63594558	    -16.41775716	      0.24792527	    -23.93705374	     21.01450908	     -3.35453822	     14.55529685	    -18.37802054	    -29.90994160	    -18.37821027	    -17.92763106
      5.38000000	      8.56740068	      5.61902788	     91.66850966	     14.88222516	      2.41828787	      1.30869122	     -0.61756111	      0.63628270	    -14.63152070	      0.72554318	    -23.85870909	     20.20686484	     -2.06424660	     14.49525863	    -21.67323140	    -29.09399600	    -18.87026449	    -17.44228330
      5.39000000	      8.41546569	      5.71771129	     90.50255950	     14.43591158	      2.23094380	      1.31864635	     -0.61853079	      0.63692095	    -12.79821978	      1.26805046	    -23.60173604	     19.24879712	     -0.73582494	     14.25513996	    -25.01773136	    -28.16525616	    -19.16319388	    -17.17206135
      5.40000000	      8.26748262	      5.86641978	     89.32784397	     13.89866503	      1.93087640	      1.32833799	     -0.61965087	      0.63794285	    -10.75222766	      1.82546921	    -23.28006895	     18.31917133	      0.61902600	     14.12786588	    -28.27328913	    -26.99935714	    -19.41241536	    -16.93319279
      5.41000000	      8.10260010	      6.05633491	     88.19718338	     13.29696659	      1.59730456	      1.33776182	     -0.62090748	      0.63930300	     -8.59915305	      2.37921027	    -22.86364860	     17.33722218	      1.93313221	     14.09392529	    -31.37304193	    -25.61513167	    -19.56954642	    -16.77079649
      5.42000000	      7.89766869	      6.30217488	     87.17148757	     12.65702710	      1.19791586	      1.34692979	     -0.62228214	      0.64098837	     -6.34286735	      2.88265809	    -22.39339451	     16.31178152	      3.14720908	     14.22382734	    -34.24397898	    -23.99376214	    -19.58602614	    -16.72318142
      5.43000000	      7.61762138	      6.51557066	     86.27435862	     11.97082963	      0.90261185	      1.35584078	     -0.62375351	      0.64286468	     -4.13928435	      3.35287881	    -21.71594853	     15.12326915	      4.22759932	     14.43554863	    -36.88073870	    -22.25822752	    -19.48301248	    -16.76547818
      5.44000000	      7.23750492	      6.73735920	     85.56547295	     11.26551147	      0.55565062	      1.36451888	     -0.62527478	      0.64497973	     -1.88410691	      3.71272706	    -20.95718355	     13.87621405	      5.11632051	     14.86286627	    -39.18907051	    -20.32554518	    -19.20040637	    -16.94446130
      5.45000000	      6.74547522	      6.92772567	     85.04480878	     10.56345892	      0.24311467	      1.37295156	     -0.62683020	      0.64720771	      0.35570172	      3.96211312	    -20.11093807	     12.54603225	      5.81004712	     15.45678021	    -41.20161838	    -18.33057231	    -18.74907381	    -17.25208573
      5.46000000	      6.15433265	      7.06345423	     84.72124443	      9.86514617	     -0.02294571	      1.38116008	     -0.62836151	      0.64949147	      2.55935924	      4.09098680	    -19.15279436	     11.14573315	      6.28384225	     16.16025735	    -42.89560875	    -16.32129974	    -18.15425300	    -17.66246146
      5.47000000	      5.52550340	      7.15495194	     84.58174476	      9.17631360	     -0.23155070	      1.38914605	     -0.62983324	      0.65175939	      4.71969676	      4.10513509	    -18.08918458	      9.70731463	      6.54471730	     16.91790971	    -44.28215637	    -14.37151905	    -17.48557096	    -18.11232151
      5.48000000	      4.44045878	      6.84026728	     84.58779775	      8.54167076	     -0.34096355	      1.39693133	     -0.63120972	      0.65393374	      6.80385224	      4.01937719	    -17.00864933	      8.22730285	      6.61407331	     17.56504046	    -45.39998567	    -12.54238710	    -16.23857917	    -19.09058693
      5.49000000	      4.06637032	      6.95162643	     84.75020344	      7.83916079	     -0.44867734	      1.40450877	     -0.63243522	      0.65600709	      8.88423691	      3.84129863	    -15.73728583	      6.83408794	      6.52433852	     18.39739366	    -46.21778849	    -10.89393703	    -15.83321226	    -19.30231402
      5.50000000	      3.59398293	      7.02795632	     84.98753177	      7.16199819	     -0.48038479	      1.41191600	     -0.63350289	      0.65791172	     10.90620782	      3.61776539	    -14.46786452	      5.46318631	      6.32772574	     19.17030018	    -46.80685362	     -9.42199914	    -15.14377822	    -19.69632635
      5.51000000	      3.13721243	      7.04814470	     85.26660613	      6.50180909	     -0.43496974	      1.41917602	     -0.63440143	      0.65961207	     12.86384627	      3.37497984	    -13.22242613	      4.13395950	      6.06376829	     19.85026256	    -47.19342350	     -8.16278592	    -14.34780617	    -20.16497771
      5.52000000	      2.70762555	      6.82058949	     85.54214444	      5.85369170	     -0.25867709	      1.42630184	     -0.63513037	      0.66106275	     14.71072786	      3.16129931	    -12.01987620	      2.81650602	      5.78135198	     20.32069447	    -47.42500968	     -7.16233419	    -13.31984266	    -20.84179088
      5.53000000	      2.59848152	      6.93454592	     85.80368064	      5.16798835	     -0.07865962	      1.43331952	     -0.63568304	      0.66229525	     16.54679877	      2.98229134	    -10.86431871	      1.62593550	      5.51069696	     20.78679608	    -47.48814498	     -6.39549999	    -13.09621868	    -20.93781977
      5.54000000	      2.49758723	      7.07025465	     86.04796697	      4.51140435	      0.14610350	      1.44028792	     -0.63606421	      0.66333703	     18.29749067	      2.78145099	     -9.94004936	      0.41783067	      5.23628624	     21.36824972	    -47.38132926	     -5.67186710	    -12.73010522	    -21.12562276
      5.55000000	      2.44551472	      7.17489892	     86.21809115	      3.86103313	      0.45217964	      1.44723032	     -0.63631425	      0.66413470	     19.94086125	      2.64619845	     -9.20870997	     -0.79654219	      5.02452408	     21.85495329	    -47.15732329	     -5.08987706	    -12.37010106	    -21.33289289
      5.56000000	      2.52160422	      7.18307533	     86.31609251	      3.26830840	      0.81799228	      1.45419363	     -0.63646483	      0.66472290	     21.46495547	      2.52359827	     -8.80371394	     -2.07396618	      4.86704089	     22.35258309	    -46.79825261	     -4.50639369	    -11.87738238	    -21.67965082
      5.57000000	      2.56426766	      7.25897840	     86.36309986	      2.56770854	      1.22668287	      1.46116632	     -0.63650563	      0.66509010	     22.86607711	      2.51596619	     -8.42378560	     -3.28280846	      4.76140055	     22.77566055	    -46.29744918	     -4.15825425	    -11.77547957	    -21.76375021
      5.58000000	      2.63826706	      7.34949938	     86.32970295	      1.93959655	      1.66567699	      1.46823641	     -0.63650132	      0.66528786	     24.11075392	      2.50475230	     -8.44338992	     -4.58620443	      4.71440507	     23.26431169	    -45.62869583	     -3.70629694	    -11.72163814	    -21.84977676
      5.59000000	      2.71821781	      7.42891901	     86.24343200	      1.25446190	      2.16205393	      1.47541148	     -0.63644859	      0.66530606	     25.14969234	      2.57823002	     -8.57826788	     -5.93387718	      4.70698630	     23.76839023	    -44.79192347	     -3.31732902	    -11.74430367	    -21.93525503
      5.60000000	      2.79268727	      7.49623359	     86.10240406	      0.55475286	      2.68179357	      1.48273404	     -0.63637793	      0.66517103	     25.97609010	      2.69945247	     -8.91778400	     -7.32381920	      4.73628095	     24.28462828	    -43.76749662	     -2.93350537	    -11.85397166	    -22.01499924
      5.61000000	      2.83643174	      7.52823837	     85.91239931	     -0.19759227	      3.24852269	      1.49024589	     -0.63631098	      0.66488857	     26.54680133	      2.92343974	     -9.31141838	     -8.78945475	      4.78979556	     24.85005695	    -42.56139885	     -2.54134986	    -12.09726857	    -22.12263442
      5.62000000	      2.81777080	      7.56616333	     85.68257501	     -0.94783065	      3.80844905	      1.49796771	     -0.63626094	      0.66448449	     26.86942685	      3.16847495	     -9.90124306	    -10.26941705	      4.86544770	     25.42802933	    -41.15955003	     -2.16328166	    -12.41360808	    -22.21137662
      5.63000000	      2.72772147	      7.61150197	     85.41871203	     -1.72497791	      4.37212662	      1.50593107	     -0.63624183	      0.66395990	     26.92624823	      3.47877520	    -10.54712213	    -11.77236606	      4.95156846	     26.00835361	    -39.58881652	     -1.80150655	    -12.80374865	    -22.30231534
      5.64000000	      2.55634445	      7.65905556	     85.12896106	     -2.52056643	      4.92949763	      1.51416242	     -0.63626497	      0.66332614	     26.71098492	      3.83985219	    -11.22824445	    -13.27523296	      5.04518827	     26.59447660	    -37.87501203	     -1.48574582	    -13.26804943	    -22.41297270
      5.65000000	      1.92052447	      7.54923985	     84.85340671	     -3.34507507	      5.39868862	      1.52266211	     -0.63630876	      0.66262508	     26.27668558	      4.20582268	    -11.92382277	    -14.66777551	      5.10319763	     27.18390460	    -36.01061838	     -1.25218543	    -14.20762011	    -22.71678001
      5.66000000	      1.75563117	      7.65350915	     84.52094372	     -4.14605959	      5.91801011	      1.53146091	     -0.63643815	      0.66178742	     25.56373568	      4.64937159	    -12.57022799	    -16.09189923	      5.22099809	     27.69495772	    -34.15982657	     -1.13044373	    -14.45520900	    -22.77316456
      5.67000000	      1.50461804	      7.76379185	     84.21250169	     -4.95055958	      6.37884870	      1.54055542	     -0.63660170	      0.66088802	     24.64496279	      5.08461810	    -13.12384123	    -17.41455337	      5.30721399	     28.18455464	    -32.28978676	     -1.12973205	    -14.83367750	    -22.92927924
      5.68000000	      0.65177212	      7.82570789	     83.94355933	     -5.74872321	      6.69701063	      1.54991781	     -0.63678588	      0.65996042	     23.61606623	      5.47797361	    -13.60393100	    -18.51518954	      5.35636611	     28.61232484	    -30.43016952	     -1.29343721	    -15.62447262	    -23.36663624
      5.69000000	      0.51041894	      7.91962697	     83.69260206	     -6.48922582	      7.02316584	      1.55956010	     -0.63703050	      0.65895659	     22.41838094	      5.84690968	    -13.91875446	    -19.55098328	      5.40918440	     28.92346023	    -28.72803144	     -1.62818337	    -15.71892261	    -23.50299258
      5.70000000	      0.28746772	      8.04014239	     83.50363261	     -7.17823177	      7.25942255	      1.56943935	     -0.63729008	      0.65794138	     21.15123248	      6.13600932	    -14.08773015	    -20.40378508	      5.42032674	     29.16606618	    -27.16864065	     -2.12495912	    -15.83127404	    -23.80885658
      5.71000000	      0.03232467	      8.17059771	     83.39370636	     -7.78793182	      7.39987307	      1.57951961	     -0.63756152	      0.65693365	     19.86154562	      6.31232921	    -14.13968567	    -21.05102147	      5.38606620	     29.29247024	    -25.78753022	     -2.78993920	    -15.86613893	    -24.23801369
      5.72000000	     -0.21698965	      8.32045775	     83.38361668	     -8.29927545	      7.44759155	      1.58975726	     -0.63782043	      0.65596376	     18.58283999	      6.35131837	    -14.09041770	    -21.48633600	      5.29208193	     29.30027994	    -24.59495302	     -3.61016291	    -15.78000033	    -24.80025760
      5.73000000	     -0.46213150	      8.58061878	     83.49302513	     -8.69522322	      7.34336721	      1.60009702	     -0.63804510	      0.65507883	     17.40214014	      6.22986707	    -13.99094017	    -21.65168251	      5.12495768	     29.25223860	    -23.56731969	     -4.54398770	    -15.52184364	    -25.64656218
      5.74000000	     -0.46995115	      8.65934795	     83.73860412	     -8.95194687	      7.24567859	      1.61050002	     -0.63824249	      0.65425514	     16.21652161	      5.95428145	    -13.78932599	    -21.68293553	      4.87925256	     28.99291836	    -22.72632676	     -5.63509676	    -15.26453083	    -26.21970384
      5.75000000	     -0.31908452	      8.97630165	     84.11449180	     -9.07332061	      7.00959722	      1.62089953	     -0.63836382	      0.65358683	     15.16507428	      5.52258561	    -13.61560744	    -21.48166431	      4.55114788	     28.76460746	    -21.99464308	     -6.74801459	    -14.74190653	    -27.38391871
      5.76000000	     -0.10590945	      9.03700130	     84.64037009	     -9.02480824	      6.77217745	      1.63124011	     -0.63842080	      0.65304346	     14.13823651	      4.93100123	    -13.47808296	    -21.12931389	      4.13778390	     28.27805657	    -21.34145044	     -7.99945656	    -14.43408431	    -28.14914464
      5.77000000	      0.43938253	      9.38789929	     85.28436943	     -8.85419254	      6.43439979	      1.64148776	     -0.63836316	      0.65270260	     13.25709239	      4.24252954	    -13.30872201	    -20.60870787	      3.64727548	     27.89769164	    -20.74184781	     -9.21565609	    -13.91589581	    -29.65183593
      5.78000000	      0.84045300	      9.39508764	     86.04493101	     -8.47975758	      6.10740837	      1.65156520	     -0.63820588	      0.65253268	     12.36048518	      3.41413972	    -13.39626908	    -19.95987833	      3.10465989	     27.21931719	    -20.08346810	    -10.56093434	    -13.71008740	    -30.49082987
      5.79000000	      1.45708078	      9.53602995	     86.87889554	     -7.98445885	      5.73611079	      1.66144509	     -0.63790965	      0.65257193	     11.54672830	      2.54404380	    -13.51069883	    -19.16984013	      2.52234934	     26.47128461	    -19.39537424	    -11.95119429	    -13.50493528	    -31.81673892
      5.80000000	      2.50266398	      9.94546317	     87.76195512	     -7.41486772	      5.35081881	      1.67115657	     -0.63744807	      0.65283395	     10.79095545	      1.68545071	    -13.47878426	    -18.32301438	      1.90239485	     25.81722770	    -18.65761424	    -13.30448724	    -13.31742995	    -33.70207518
      5.81000000	      3.09695081	      9.92298066	     88.66595468	     -6.65936987	      5.01387604	      1.68058783	     -0.63684337	      0.65327288	      9.92104994	      0.76239273	    -13.88070265	    -17.40406954	      1.30035753	     24.90341761	    -17.74747521	    -14.80487313	    -13.30422667	    -34.53793972
      5.82000000	      4.24962763	     10.36358488	     89.54981393	     -5.88512825	      4.67156237	      1.68980733	     -0.63603388	      0.65389705	      9.10552061	     -0.08006613	    -14.02818104	    -16.40253376	      0.69730578	     23.96758637	    -16.79464848	    -16.35585978	    -13.43559878	    -36.42441524
      5.83000000	      4.80300075	     10.30433267	     90.40977869	     -4.98230106	      4.42157177	      1.69876320	     -0.63505442	      0.65464484	      8.12100810	     -0.93809586	    -14.51840487	    -15.40078407	      0.11863849	     22.87658656	    -15.68469384	    -18.03447303	    -13.50635137	    -37.08608524
      5.84000000	      5.87095258	     10.79900895	     91.17846618	     -4.08662923	      4.20536240	      1.70749716	     -0.63388655	      0.65553288	      7.09180111	     -1.67228752	    -14.84427467	    -14.35942163	     -0.40782426	     21.77428908	    -14.47944106	    -19.78188502	    -13.86436654	    -38.77232941
      5.85000000	      6.36808452	     10.76294062	     91.90873197	     -3.12962530	      4.09897997	      1.71598439	     -0.63254707	      0.65642882	      5.94005679	     -2.39315206	    -15.29073547	    -13.33313914	     -0.93276421	     20.54934435	    -13.24668302	    -21.68060971	    -13.97419164	    -39.30561985
      5.86000000	      7.16026133	     11.22630657	     92.53693633	     -2.17684713	      4.07084479	      1.72430631	     -0.63107628	      0.65741216	      4.61271224	     -3.00303283	    -15.77591073	    -12.38194748	     -1.40642839	     19.37546845	    -11.83306630	    -23.54659321	    -14.36972190	    -40.51668650
      5.87000000	      7.71994099	     11.62613706	     93.12228076	     -1.23017559	      4.14286203	      1.73238762	     -0.62948707	      0.65829732	      3.25070007	     -3.56798226	    -16.13816586	    -11.46387871	     -1.90267628	     18.10933991	    -10.52026863	    -25.52563191	    -14.65833901	    -41.32172909
      5.88000000	      8.14641687	     11.90581208	     93.65146735	     -0.29067320	      4.26950935	      1.74024478	     -0.62785746	      0.65912727	      1.79045830	     -4.07290240	    -16.63904020	    -10.63673303	     -2.38571462	     16.93784194	     -9.15133142	    -27.44368566	    -14.91924061	    -41.97124786
