ply
format ascii 1.0
comment VTK generated PLY File
obj_info vtkPolyData points and polygons: vtk4.0
element vertex 4683
property float x
property float y
property float z
element face 9366
property list uchar int vertex_indices
end_header
615.446533203125 68.295501708984375 676.896484375 
612.68853759765625 69.404708862304688 674.0947265625 
614.97308349609375 68.293243408203125 673.4747314453125 
650.6551513671875 132.82168579101562 729.686767578125 
651.753173828125 133.83636474609375 731.52691650390625 
651.3038330078125 131.37742614746094 731.43658447265625 
650.5140380859375 130.17582702636719 730.7091064453125 
617.52166748046875 67.863197326660156 672.99114990234375 
617.696044921875 67.42889404296875 676.8956298828125 
649.650146484375 132.15924072265625 727.6435546875 
649.8486328125 129.26283264160156 728.71710205078125 
649.0068359375 130.55206298828125 725.8765869140625 
648.85748291015625 127.85295867919922 727.133056640625 
648.1712646484375 128.86856079101562 724.2276611328125 
647.86865234375 126.79732513427734 725.3609619140625 
646.89984130859375 126.16877746582031 723.4105224609375 
646.92303466796875 128.78385925292969 722.22601318359375 
645.66827392578125 125.40160369873047 721.70733642578125 
645.49200439453125 128.11268615722656 720.441162109375 
644.18743896484375 124.50635528564453 720.20361328125 
643.96453857421875 127.17491912841797 718.8157958984375 
642.67889404296875 123.74306488037109 718.65484619140625 
642.366943359375 126.09108734130859 717.27581787109375 
641.2083740234375 122.72321319580078 717.1402587890625 
640.8741455078125 124.83209991455078 715.754638671875 
639.609130859375 123.17247772216797 714.418212890625 
639.81671142578125 121.20954895019531 715.9334716796875 
638.38800048828125 121.50832366943359 713.09246826171875 
638.87322998046875 118.75897979736328 715.7943115234375 
638.1070556640625 117.18611907958984 714.22442626953125 
637.059326171875 120.02659606933594 711.659912109375 
637.5115966796875 115.84140014648438 712.3865966796875 
636.38165283203125 117.76548004150391 710.584228515625 
636.4461669921875 115.41290283203125 710.04937744140625 
637.09173583984375 114.02177429199219 711.0125732421875 
636.63818359375 112.92837524414062 709.68707275390625 
637.177490234375 111.55274200439453 710.43585205078125 
636.93359375 110.69792938232422 709.0860595703125 
637.25433349609375 109.56370544433594 709.32421875 
636.4488525390625 109.53103637695312 707.22283935546875 
637.01934814453125 107.83726501464844 707.94781494140625 
636.06634521484375 108.66074371337891 705.1424560546875 
636.8323974609375 106.75763702392578 705.957275390625 
636.3138427734375 107.90512847900391 702.88580322265625 
637.2509765625 105.73472595214844 703.815185546875 
620.15814208984375 67.290084838867188 674.06988525390625 
619.8118896484375 68.444999694824219 672.05780029296875 
620.545654296875 66.960380554199219 676.99468994140625 
622.665283203125 68.445816040039062 672.25421142578125 
636.10699462890625 108.40702819824219 700.14556884765625 
637.2646484375 106.40909576416016 701.6697998046875 
637.6337890625 104.23361206054688 701.9139404296875 
636.18084716796875 107.52460479736328 697.76373291015625 
637.25244140625 105.62538146972656 699.829833984375 
635.73583984375 106.36094665527344 695.548583984375 
636.79852294921875 104.44705200195312 697.76470947265625 
622.24127197265625 67.098487854003906 674.8367919921875 
623.40277099609375 66.678741455078125 677.1077880859375 
624.055419921875 67.469886779785156 674.33575439453125 
625.4249267578125 68.817306518554688 672.6912841796875 
626.0927734375 67.591598510742188 675.24114990234375 
628.1832275390625 69.28826904296875 673.48486328125 
634.82318115234375 105.30808258056641 693.47357177734375 
636.04486083984375 103.40000152587891 695.67822265625 
633.623291015625 104.3712158203125 691.5064697265625 
635.164306640625 102.37664031982422 693.62017822265625 
632.75 102.82422637939453 689.9276123046875 
634.20306396484375 101.18559265136719 691.69232177734375 
637.298095703125 102.62645721435547 700.17327880859375 
636.7144775390625 101.44410705566406 698.1273193359375 
635.9771728515625 100.52827453613281 695.938232421875 
635.231689453125 99.397178649902344 693.919921875 
629.33551025390625 67.910316467285156 676.00469970703125 
631.1177978515625 70.009330749511719 673.660400390625 
632.60479736328125 69.211616516113281 675.6644287109375 
633.61468505859375 71.318557739257812 674.37310791015625 
634.50390625 70.423431396484375 676.7869873046875 
635.33502197265625 73.154014587402344 675.15484619140625 
636.2628173828125 72.442359924316406 678.30419921875 
636.553955078125 74.9842529296875 676.19805908203125 
636.93695068359375 74.555923461914062 678.9007568359375 
637.49310302734375 76.448074340820312 677.88397216796875 
634.5567626953125 97.953414916992188 692.18914794921875 
631.21759033203125 100.08699035644531 687.2615966796875 
631.3314208984375 102.08195495605469 688.093505859375 
632.9913330078125 100.38319396972656 689.55804443359375 
631.248291015625 98.096473693847656 686.50506591796875 
632.99871826171875 98.145271301269531 688.93170166015625 
631.576416015625 96.064964294433594 686.04571533203125 
632.9068603515625 96.150115966796875 688.14385986328125 
632.15179443359375 93.982437133789062 685.85699462890625 
633.0166015625 94.191680908203125 687.6051025390625 
632.7149658203125 91.952102661132812 685.647216796875 
633.12994384765625 92.6907958984375 687.14837646484375 
634.0750732421875 96.154823303222656 690.8037109375 
633.7857666015625 94.262504577636719 689.61712646484375 
633.84454345703125 92.062431335449219 689.29095458984375 
633.51519775390625 91.297409057617188 687.49676513671875 
634.00714111328125 89.915931701660156 688.9771728515625 
632.4156494140625 90.598243713378906 683.96856689453125 
633.61163330078125 89.903694152832031 686.51324462890625 
632.18487548828125 89.261581420898438 682.2548828125 
633.82330322265625 88.044776916503906 684.86669921875 
633.20050048828125 87.344894409179688 681.7919921875 
634.2252197265625 87.813362121582031 688.70037841796875 
634.4903564453125 85.862411499023438 687.93865966796875 
634.65325927734375 85.743110656738281 684.17376708984375 
634.202392578125 85.480247497558594 681.0408935546875 
634.7593994140625 83.933525085449219 687.03814697265625 
635.4207763671875 83.91448974609375 683.3037109375 
635.2530517578125 82.386962890625 685.427734375 
635.2357177734375 83.6365966796875 680.29034423828125 
636.0020751953125 82.476593017578125 682.4844970703125 
635.80865478515625 80.809158325195312 683.88262939453125 
636.37420654296875 81.713790893554688 679.90557861328125 
636.23583984375 79.14471435546875 682.62701416015625 
636.9432373046875 80.1871337890625 678.526123046875 
636.57440185546875 77.401237487792969 681.5792236328125 
637.33782958984375 78.377098083496094 678.0008544921875 
636.77069091796875 75.586265563964844 680.7109375 
636.17950439453125 73.597160339355469 680.9295654296875 
635.0791015625 71.370880126953125 680.85986328125 
634.2105712890625 69.650779724121094 678.991943359375 
633.42877197265625 69.288375854492188 680.34185791015625 
631.67279052734375 67.458831787109375 679.43243408203125 
632.33447265625 68.055587768554688 677.6297607421875 
628.953125 66.463569641113281 678.74652099609375 
626.028076171875 66.487907409667969 678.1318359375 
598.9615478515625 86.185165405273438 661.697998046875 
600.84033203125 84.879341125488281 662.2718505859375 
598.38323974609375 85.778045654296875 661.470458984375 
589.33135986328125 92.775802612304688 660.80279541015625 
587.93719482421875 94.351722717285156 660.83294677734375 
590.23529052734375 93.477691650390625 661.1739501953125 
597.36474609375 87.805976867675781 661.54608154296875 
596.44476318359375 87.341758728027344 661.2132568359375 
595.77239990234375 89.424575805664062 661.532470703125 
593.9005126953125 88.218147277832031 661.042724609375 
594.03997802734375 90.915077209472656 661.5137939453125 
592.666259765625 89.951400756835938 660.81231689453125 
591.9808349609375 92.064918518066406 661.18658447265625 
591.1019287109375 91.449554443359375 660.8341064453125 
568.32879638671875 114.62074279785156 690.01519775390625 
569.08074951171875 115.98114776611328 691.4114990234375 
568.463134765625 115.89502716064453 689.33203125 
636.32293701171875 79.467216491699219 676.33209228515625 
567.80938720703125 113.8153076171875 688.31732177734375 
567.99798583984375 115.83475494384766 687.2257080078125 
567.43719482421875 113.25212860107422 686.260498046875 
567.702880859375 115.74812316894531 685.06243896484375 
567.17999267578125 112.80903625488281 684.15289306640625 
567.7088623046875 115.81060791015625 682.8121337890625 
567.05352783203125 112.38188934326172 682.01007080078125 
568.18963623046875 116.25462341308594 680.4669189453125 
567.0765380859375 111.97354888916016 679.79937744140625 
568.6336669921875 116.00891876220703 678.0047607421875 
567.372314453125 112.06468200683594 677.50018310546875 
569.26470947265625 115.60574340820312 675.57183837890625 
568.00457763671875 112.30844116210938 675.11639404296875 
570.30914306640625 115.24247741699219 673.16717529296875 
568.8792724609375 111.82562255859375 672.79803466796875 
571.21697998046875 114.38167572021484 671.012939453125 
569.95587158203125 111.08588409423828 670.583740234375 
572.35906982421875 113.27665710449219 669.0108642578125 
571.16943359375 110.07620239257812 668.54998779296875 
573.76416015625 111.9801025390625 667.26690673828125 
572.5487060546875 108.87053680419922 666.8331298828125 
575.077392578125 110.31451416015625 665.85406494140625 
576.06427001953125 108.33935546875 664.63909912109375 
573.59002685546875 106.99813079833984 665.59283447265625 
575.4427490234375 106.27784729003906 664.27862548828125 
577.330322265625 106.41854858398438 663.6177978515625 
574.0277099609375 104.68288421630859 665.13092041015625 
575.658203125 103.00167846679688 663.9537353515625 
576.49688720703125 104.74686431884766 663.50201416015625 
635.0496826171875 78.518539428710938 674.7882080078125 
636.63165283203125 77.481468200683594 675.9793701171875 
635.420654296875 76.716773986816406 674.750732421875 
633.72845458984375 77.135772705078125 673.89251708984375 
634.6185302734375 75.225151062011719 674.14312744140625 
632.826171875 75.329330444335938 673.34716796875 
633.20263671875 73.582763671875 673.4554443359375 
631.25726318359375 72.205093383789062 672.53369140625 
628.740478515625 71.010086059570312 672.16082763671875 
626.5859375 70.175323486328125 671.96234130859375 
577.28192138671875 101.27082824707031 663.05963134765625 
577.90582275390625 103.03312683105469 662.61749267578125 
578.9810791015625 104.68339538574219 662.7789306640625 
580.543212890625 102.89698791503906 662.1617431640625 
624.36224365234375 70.000358581542969 671.24798583984375 
622.056640625 69.750030517578125 671.14154052734375 
631.235595703125 73.898460388183594 672.63067626953125 
628.876953125 72.564826965332031 671.5906982421875 
626.16387939453125 71.622077941894531 670.72760009765625 
623.2464599609375 71.193550109863281 670.38665771484375 
620.28485107421875 70.759307861328125 670.1123046875 
579.19281005859375 101.54676055908203 662.08111572265625 
578.84735107421875 99.492973327636719 662.45269775390625 
581.92474365234375 101.08531188964844 661.735107421875 
582.82562255859375 99.078262329101562 661.2613525390625 
580.40203857421875 97.717582702636719 661.9952392578125 
581.97607421875 95.96044921875 661.66595458984375 
584.23065185546875 97.279411315917969 660.963623046875 
583.63970947265625 94.291580200195312 661.53009033203125 
586.07952880859375 95.796089172363281 660.88446044921875 
585.50262451171875 92.784225463867188 661.42626953125 
587.4154052734375 91.326698303222656 661.3553466796875 
588.78533935546875 89.535781860351562 661.8499755859375 
591.2501220703125 88.708885192871094 661.3282470703125 
592.84521484375 87.022178649902344 661.739501953125 
595.3199462890625 86.408462524414062 661.4232177734375 
594.45184326171875 85.337173461914062 662.2535400390625 
597.084716796875 84.825424194335938 661.82879638671875 
596.1597900390625 83.722740173339844 662.84649658203125 
598.985107421875 83.329994201660156 662.20550537109375 
597.9671630859375 82.173088073730469 663.4237060546875 
600.53619384765625 81.672164916992188 662.96429443359375 
599.98492431640625 80.795761108398438 663.8092041015625 
602.90423583984375 80.618545532226562 663.38848876953125 
601.99713134765625 79.42437744140625 664.4488525390625 
604.534423828125 79.115547180175781 664.21649169921875 
603.6719970703125 77.991584777832031 665.36474609375 
606.2877197265625 77.755950927734375 665.00103759765625 
604.93695068359375 76.453353881835938 666.805908203125 
606.731201171875 76.069061279296875 666.32928466796875 
608.6546630859375 76.917327880859375 665.4847412109375 
606.15472412109375 74.911895751953125 668.142822265625 
608.09332275390625 74.952316284179688 666.84771728515625 
610.6397705078125 75.99395751953125 665.9857177734375 
609.6915283203125 73.628082275390625 667.51239013671875 
612.4320068359375 74.8353271484375 666.6522216796875 
611.5074462890625 72.295982360839844 668.2039794921875 
614.14947509765625 73.561363220214844 667.3731689453125 
613.72998046875 71.24322509765625 668.75811767578125 
616.1873779296875 72.677947998046875 668.0799560546875 
616.0533447265625 70.497146606445312 669.56195068359375 
618.296875 71.805061340332031 668.99481201171875 
618.0308837890625 69.599296569824219 670.64056396484375 
616.08746337890625 68.945549011230469 671.2349853515625 
613.899658203125 69.402313232421875 670.90380859375 
610.83984375 70.573638916015625 672.0194091796875 
607.51312255859375 73.398094177246094 669.33612060546875 
608.97320556640625 71.990547180175781 670.81927490234375 
607.09136962890625 78.449623107910156 664.8006591796875 
602.298095703125 83.108253479003906 662.70513916015625 
603.74017333984375 81.3096923828125 663.28326416015625 
605.27557373046875 79.737594604492188 664.02362060546875 
603.1956787109375 103.14949798583984 753.66802978515625 
601.002197265625 102.80777740478516 753.22418212890625 
602.80767822265625 102.96714019775391 752.2088623046875 
623.2471923828125 104.38772583007812 729.753173828125 
624.6571044921875 103.90580749511719 727.83941650390625 
625.25848388671875 105.09516143798828 729.7987060546875 
604.49835205078125 103.25370788574219 752.92523193359375 
604.70538330078125 103.248779296875 751.45208740234375 
605.23748779296875 103.67334747314453 754.1290283203125 
606.2607421875 103.5511474609375 752.90472412109375 
606.740478515625 103.53399658203125 750.95074462890625 
621.9324951171875 104.90520477294922 731.64508056640625 
623.8912353515625 105.26450347900391 731.25921630859375 
625.52386474609375 106.22759246826172 731.83148193359375 
620.92303466796875 105.43633270263672 733.61236572265625 
623.4102783203125 105.84480285644531 733.02362060546875 
608.6162109375 103.96875 753.04571533203125 
608.8818359375 103.80847930908203 750.64080810546875 
607.37457275390625 104.21603393554688 754.39215087890625 
609.87176513671875 103.88033294677734 751.6724853515625 
610.72381591796875 104.18968963623047 749.589599609375 
612.29400634765625 104.17755126953125 751.19281005859375 
612.3299560546875 104.65065002441406 748.34844970703125 
614.6407470703125 104.78862762451172 750.64129638671875 
614.95562744140625 105.15103149414062 748.2064208984375 
613.24322509765625 105.16748046875 746.56427001953125 
616.89068603515625 105.61602783203125 749.89654541015625 
619.00054931640625 106.57160949707031 748.8302001953125 
617.10357666015625 105.83229064941406 747.472412109375 
620.0269775390625 105.876708984375 735.6187744140625 
622.70379638671875 106.49764251708984 735.43096923828125 
615.31756591796875 105.48654174804688 746.38287353515625 
614.17340087890625 105.62301635742188 744.75238037109375 
617.04559326171875 106.00711059570312 745.00830078125 
615.3115234375 105.96292877197266 742.9793701171875 
618.14532470703125 106.35945892333984 742.7952880859375 
616.641845703125 106.18887329101562 741.2701416015625 
625.405029296875 107.1636962890625 734.00634765625 
619.25238037109375 106.57542419433594 740.873779296875 
617.907470703125 106.25942230224609 739.47735595703125 
625.2308349609375 108.00836181640625 736.21124267578125 
620.954345703125 107.66925811767578 747.56268310546875 
619.22979736328125 106.67491912841797 746.43731689453125 
621.31585693359375 107.7296142578125 745.425537109375 
622.84222412109375 107.32941436767578 738.03570556640625 
625.1015625 108.74680328369141 738.4259033203125 
623.8297119140625 108.29676818847656 739.6334228515625 
620.97747802734375 106.44100189208984 737.11517333984375 
619.0653076171875 106.15897369384766 737.5955810546875 
620.3018798828125 106.60145568847656 738.94171142578125 
621.724609375 107.77964019775391 743.2816162109375 
619.71734619140625 106.86571502685547 744.22137451171875 
621.68048095703125 107.31529998779297 740.25958251953125 
623.09942626953125 108.35106658935547 741.6895751953125 
620.6392822265625 107.12956237792969 742.214599609375 
618.407470703125 84.51458740234375 681.5936279296875 
620.17462158203125 86.166084289550781 682.16943359375 
619.5517578125 85.273857116699219 680.15191650390625 
585.4251708984375 105.38912963867188 674.5802001953125 
586.23504638671875 105.50126647949219 676.4276123046875 
585.18963623046875 103.67504119873047 675.14251708984375 
617.5076904296875 83.937263488769531 679.9339599609375 
618.39105224609375 84.317474365234375 678.1646728515625 
616.54815673828125 83.389266967773438 678.3009033203125 
616.6619873046875 83.504478454589844 676.77349853515625 
614.40087890625 82.152702331542969 677.99908447265625 
614.38946533203125 82.710365295410156 676.19830322265625 
611.78509521484375 80.862739562988281 677.23712158203125 
612.166015625 82.250106811523438 675.46038818359375 
609.62420654296875 80.717254638671875 675.985595703125 
609.91119384765625 82.102928161621094 674.71734619140625 
607.26019287109375 80.391883850097656 674.96014404296875 
607.68475341796875 82.198188781738281 674.0037841796875 
605.4130859375 81.455284118652344 673.91473388671875 
605.927978515625 83.105033874511719 672.8076171875 
603.52252197265625 82.610252380371094 673.0068359375 
604.16650390625 84.166175842285156 671.7918701171875 
601.6497802734375 83.883384704589844 672.2130126953125 
602.36053466796875 85.421806335449219 671.0146484375 
599.68109130859375 85.310722351074219 671.6729736328125 
600.6285400390625 86.804611206054688 670.52984619140625 
597.64288330078125 86.679222106933594 671.4549560546875 
598.92681884765625 88.305870056152344 670.24017333984375 
595.5767822265625 88.051292419433594 671.372802734375 
596.478271484375 89.262367248535156 670.7958984375 
593.5054931640625 89.424240112304688 671.28021240234375 
594.62982177734375 90.997024536132812 670.669189453125 
591.52972412109375 90.905990600585938 671.20709228515625 
592.7410888671875 92.729850769042969 670.60980224609375 
589.825439453125 92.584999084472656 671.19549560546875 
591.34063720703125 94.793144226074219 670.1123046875 
589.04931640625 93.3720703125 671.193603515625 
588.2579345703125 94.162185668945312 671.18609619140625 
589.518310546875 96.149482727050781 670.1788330078125 
586.7720947265625 95.912857055664062 671.36328125 
588.00518798828125 97.759849548339844 670.24945068359375 
585.67022705078125 97.867218017578125 671.6959228515625 
586.728759765625 99.574981689453125 670.22174072265625 
585.18658447265625 100.01251983642578 672.39349365234375 
585.5838623046875 101.14324951171875 671.1719970703125 
584.84967041015625 101.87754058837891 673.7042236328125 
584.96600341796875 103.18466949462891 671.75201416015625 
584.72515869140625 105.19884490966797 672.66766357421875 
585.00445556640625 103.8709716796875 673.5775146484375 
620.51324462890625 97.076202392578125 684.8941650390625 
621.86279296875 98.397735595703125 684.10919189453125 
622.3555908203125 96.1168212890625 683.99603271484375 
621.4691162109375 95.156639099121094 684.65423583984375 
584.29827880859375 104.89897918701172 670.6552734375 
623.58673095703125 94.057327270507812 683.3265380859375 
622.38519287109375 93.16729736328125 684.3658447265625 
623.77197265625 92.028785705566406 683.17291259765625 
622.81658935546875 91.158363342285156 683.918212890625 
623.9114990234375 90.078346252441406 682.63525390625 
622.427978515625 89.114845275878906 683.42718505859375 
623.85400390625 88.363922119140625 681.38775634765625 
622.2244873046875 87.706085205078125 682.0577392578125 
623.1275634765625 86.774620056152344 680.0859375 
621.57000732421875 86.484893798828125 680.50421142578125 
621.49853515625 85.594871520996094 679.031005859375 
619.89813232421875 84.537872314453125 677.5726318359375 
618.1982421875 83.671112060546875 676.0225830078125 
616.02996826171875 83.088394165039062 675.1334228515625 
613.81793212890625 82.806884765625 674.25469970703125 
611.6715087890625 82.81689453125 673.2694091796875 
609.55865478515625 83.10614013671875 672.36370849609375 
607.59649658203125 83.757034301757812 671.484375 
605.7047119140625 84.656097412109375 670.68621826171875 
604.03717041015625 85.906303405761719 669.69525146484375 
602.224365234375 87.247596740722656 669.09930419921875 
600.56329345703125 88.75152587890625 668.65887451171875 
585.33111572265625 101.99689483642578 667.5863037109375 
583.9591064453125 103.36960601806641 666.1898193359375 
584.29693603515625 103.89351654052734 668.56707763671875 
598.99371337890625 90.322708129882812 668.015869140625 
597.480712890625 90.412055969238281 669.58038330078125 
597.43603515625 91.827392578125 667.2120361328125 
595.79296875 92.342987060546875 669.21038818359375 
595.6021728515625 93.191246032714844 666.9935302734375 
593.894287109375 94.082527160644531 669.1566162109375 
593.8321533203125 94.558280944824219 667.56512451171875 
586.85186767578125 100.37106323242188 668.28387451171875 
588.4407958984375 98.750465393066406 668.41802978515625 
590.22894287109375 97.339088439941406 668.25103759765625 
592.04278564453125 95.952537536621094 668.01226806640625 
594.64898681640625 103.30059051513672 752.82470703125 
596.91986083984375 103.23596954345703 752.22991943359375 
596.40240478515625 102.78237915039062 753.42510986328125 
594.19439697265625 102.93657684326172 754.206787109375 
592.3624267578125 103.33121490478516 753.390625 
592.093505859375 102.98700714111328 755.34698486328125 
589.905029296875 103.63446044921875 753.62835693359375 
589.667236328125 103.22455596923828 755.29791259765625 
582.25567626953125 104.87347412109375 756.10247802734375 
581.6474609375 105.58647918701172 755.4423828125 
583.31793212890625 105.09577178955078 754.50347900390625 
584.73828125 104.16827392578125 755.84942626953125 
584.889892578125 105.04158020019531 753.6065673828125 
587.185546875 103.66156768798828 755.298095703125 
587.394775390625 104.14337158203125 753.7230224609375 
581.24298095703125 106.26647186279297 755.0694580078125 
579.464599609375 106.85403442382812 757.20452880859375 
580.742919921875 107.22755432128906 755.4248046875 
599.86474609375 111.67314147949219 731.81414794921875 
600.0128173828125 110.62556457519531 729.537109375 
600.9952392578125 110.45474243164062 731.50201416015625 
582.3052978515625 107.55619049072266 753.948486328125 
583.3209228515625 106.11687469482422 753.49322509765625 
584.23577880859375 107.49669647216797 752.896240234375 
585.70947265625 105.75049591064453 752.71295166015625 
586.38409423828125 107.12824249267578 752.32525634765625 
588.222900390625 104.98464202880859 752.52020263671875 
589.38311767578125 106.15281677246094 751.76654052734375 
588.0833740234375 108.01700592041016 751.90386962890625 
590.7530517578125 107.27620697021484 751.17572021484375 
589.611572265625 109.20234680175781 751.57257080078125 
592.33087158203125 108.26431274414062 750.60589599609375 
591.232666015625 110.32815551757812 751.18853759765625 
594.0650634765625 109.08836364746094 749.95220947265625 
593.03753662109375 111.27874755859375 750.6680908203125 
594.873779296875 112.04213714599609 750.00830078125 
595.80621337890625 109.81429290771484 749.14703369140625 
596.70819091796875 112.29715728759766 748.92401123046875 
597.50469970703125 110.35033416748047 748.05706787109375 
598.32550048828125 112.58826446533203 747.626220703125 
599.0150146484375 110.83937072753906 746.745849609375 
599.6741943359375 113.46563720703125 746.29046630859375 
600.24530029296875 111.50752258300781 745.2548828125 
600.69329833984375 113.63685607910156 744.47174072265625 
601.1102294921875 112.35449981689453 743.6060791015625 
601.26556396484375 113.71930694580078 742.47503662109375 
601.91143798828125 111.97698211669922 741.7103271484375 
601.490966796875 113.53485870361328 740.39569091796875 
602.50201416015625 111.513427734375 739.74169921875 
601.52008056640625 112.98387145996094 738.2884521484375 
602.5059814453125 111.42336273193359 737.58563232421875 
601.23681640625 112.57451629638672 736.11865234375 
602.46026611328125 110.89791870117188 735.395263671875 
600.78411865234375 111.92314147949219 733.9429931640625 
602.4847412109375 110.11367034912109 733.1893310546875 
577.38299560546875 106.72299957275391 765.5904541015625 
576.759765625 107.24589538574219 768.03240966796875 
577.1455078125 107.92661285400391 766.0863037109375 
604.09136962890625 109.56946563720703 734.75555419921875 
577.240966796875 107.44001770019531 764.0352783203125 
577.4007568359375 106.38837432861328 763.26055908203125 
577.52545166015625 106.74882507324219 762.00927734375 
578.01824951171875 105.97020721435547 760.87164306640625 
578.33209228515625 106.82431030273438 759.5096435546875 
579.255615234375 105.56078338623047 758.68426513671875 
580.47796630859375 105.65174865722656 756.66094970703125 
603.71563720703125 110.19477081298828 736.51153564453125 
605.39990234375 109.14014434814453 736.58056640625 
604.16754150390625 110.03035736083984 738.16998291015625 
606.24072265625 108.74044799804688 738.5283203125 
604.71514892578125 109.52649688720703 740.0023193359375 
606.78924560546875 108.21657562255859 740.47271728515625 
590.5904541015625 104.6011962890625 752.1688232421875 
605.1026611328125 108.84147644042969 741.8131103515625 
607.0897216796875 107.57462310791016 742.34918212890625 
605.3076171875 107.92164611816406 743.682373046875 
591.240966796875 105.63462829589844 751.46405029296875 
592.79571533203125 106.07405853271484 750.990478515625 
594.50396728515625 106.77735900878906 750.33740234375 
596.00274658203125 107.59446716308594 749.533203125 
597.55950927734375 108.17078399658203 748.70867919921875 
592.79180908203125 104.48197937011719 751.82476806640625 
599.0638427734375 108.71957397460938 747.6971435546875 
603.11224365234375 109.75144958496094 743.0712890625 
603.52911376953125 108.17811584472656 744.97198486328125 
600.4166259765625 109.38964080810547 746.42034912109375 
601.69122314453125 109.82344818115234 744.8936767578125 
601.849365234375 108.23927307128906 746.2799072265625 
600.49603271484375 107.58901977539062 747.6490478515625 
599.47772216796875 106.51543426513672 748.87933349609375 
595.212646484375 104.66288757324219 751.2437744140625 
598.11480712890625 104.11355590820312 751.08795166015625 
598.82720947265625 105.24491119384766 750.02764892578125 
596.71783447265625 105.710693359375 750.22332763671875 
597.70819091796875 106.585205078125 749.447509765625 
603.43743896484375 110.22584533691406 741.2445068359375 
629.28619384765625 129.42094421386719 799.6131591796875 
628.0130615234375 128.5318603515625 801.68328857421875 
627.49468994140625 127.49443817138672 799.3800048828125 
669.10894775390625 141.41384887695312 748.41033935546875 
668.53759765625 143.81341552734375 748.12677001953125 
668.97686767578125 142.76687622070312 750.45294189453125 
668.4261474609375 144.70768737792969 750.3499755859375 
668.226318359375 145.15486145019531 752.53863525390625 
626.9178466796875 126.71391296386719 797.03851318359375 
626.073974609375 125.75936889648438 794.917236328125 
627.8377685546875 127.73564910888672 795.09832763671875 
627.18621826171875 127.0960693359375 793.0035400390625 
668.7845458984375 141.99273681640625 752.7611083984375 
668.1820068359375 144.32534790039062 755.0936279296875 
641.90087890625 122.81674957275391 732.94366455078125 
643.8282470703125 123.82006072998047 730.554931640625 
643.9298095703125 124.55959320068359 733.5908203125 
646.38543701171875 125.80096435546875 730.4154052734375 
628.60870361328125 128.54965209960938 797.34466552734375 
630.54925537109375 130.62631225585938 797.73956298828125 
651.96209716796875 131.5694580078125 733.3436279296875 
653.1905517578125 134.09564208984375 733.28021240234375 
646.7088623046875 126.48915100097656 732.90478515625 
648.70416259765625 127.86652374267578 730.34033203125 
648.7447509765625 128.14030456542969 732.85009765625 
650.3887939453125 129.72633361816406 733.1875 
628.7742919921875 128.87150573730469 793.0394287109375 
628.11199951171875 128.28372192382812 790.898681640625 
667.962890625 141.55755615234375 755.313720703125 
667.513427734375 143.87814331054688 757.5755615234375 
629.66375732421875 129.96522521972656 790.84228515625 
628.87841796875 129.27476501464844 788.621337890625 
630.51458740234375 130.95135498046875 788.4783935546875 
629.646240234375 130.12075805664062 786.2822265625 
631.32745361328125 131.74397277832031 785.99658203125 
630.26690673828125 130.71189880371094 783.84649658203125 
632.06072998046875 132.29130554199219 783.43426513671875 
630.7435302734375 131.02091979980469 781.35382080078125 
632.7288818359375 132.58113098144531 780.8455810546875 
631.2738037109375 131.15196228027344 778.867431640625 
633.253173828125 132.64157104492188 778.22705078125 
631.5634765625 130.99859619140625 776.39630126953125 
633.62152099609375 132.43722534179688 775.58526611328125 
631.77764892578125 130.643310546875 773.9501953125 
633.9090576171875 132.06953430175781 773.00909423828125 
632.10986328125 130.26527404785156 771.55816650390625 
634.22509765625 131.625732421875 770.51910400390625 
632.60845947265625 129.97113037109375 769.204345703125 
634.63543701171875 131.17404174804688 768.16748046875 
633.17547607421875 129.59588623046875 766.9019775390625 
635.1802978515625 130.76475524902344 765.89996337890625 
633.79736328125 129.22569274902344 764.61248779296875 
635.82073974609375 130.35777282714844 763.64898681640625 
634.472412109375 128.81277465820312 762.3533935546875 
636.4794921875 129.94581604003906 761.3946533203125 
635.0743408203125 128.32719421386719 760.09527587890625 
637.0208740234375 129.41314697265625 759.13787841796875 
635.364990234375 127.65212249755859 757.86932373046875 
652.80853271484375 131.97215270996094 735.36407470703125 
654.61712646484375 134.85433959960938 734.79449462890625 
667.32598876953125 140.17776489257812 741.95745849609375 
668.2432861328125 141.616455078125 744.09747314453125 
668.2484130859375 139.09619140625 744.97601318359375 
669.05645751953125 140.64961242675781 747.2725830078125 
665.93853759765625 138.77597045898438 740.90948486328125 
666.72686767578125 137.74716186523438 743.4539794921875 
666.6849365234375 141.31996154785156 757.83349609375 
666.6348876953125 143.89324951171875 760.13775634765625 
664.99224853515625 141.35054016113281 760.24127197265625 
665.6007080078125 143.89508056640625 762.63775634765625 
663.54840087890625 141.81979370117188 762.684814453125 
664.3927001953125 143.85868835449219 765.0609130859375 
662.136474609375 142.2940673828125 765.20758056640625 
663.13525390625 143.99079895019531 767.50872802734375 
660.778564453125 142.79908752441406 767.84954833984375 
661.92950439453125 144.35118103027344 769.98944091796875 
659.55230712890625 143.27033996582031 770.53814697265625 
660.82330322265625 144.89239501953125 772.53179931640625 
658.3983154296875 143.62406921386719 773.160888671875 
659.47015380859375 145.10902404785156 775.0001220703125 
657.21697998046875 143.87974548339844 775.7540283203125 
658.1923828125 145.46966552734375 777.53448486328125 
656.00067138671875 144.07232666015625 778.4715576171875 
656.8216552734375 145.89192199707031 780.02435302734375 
654.98236083984375 144.47540283203125 781.4541015625 
655.40728759765625 146.60716247558594 782.44134521484375 
653.88116455078125 145.65391540527344 784.49755859375 
652.86602783203125 143.73040771484375 783.35833740234375 
652.26129150390625 144.99185180664062 786.58074951171875 
650.7847900390625 143.13716125488281 785.6402587890625 
650.56170654296875 144.46548461914062 788.63311767578125 
648.468017578125 142.45989990234375 788.1712646484375 
648.836181640625 144.239013671875 790.70697021484375 
647.118408203125 142.86601257324219 791.7833251953125 
645.77960205078125 141.31648254394531 789.5946044921875 
645.1968994140625 141.70845031738281 792.68121337890625 
643.59979248046875 140.3514404296875 791.009033203125 
643.26788330078125 140.72378540039062 793.8839111328125 
642.05572509765625 139.62374877929688 792.29547119140625 
641.336181640625 139.48439025878906 794.41680908203125 
640.37506103515625 138.58634948730469 792.2305908203125 
639.37103271484375 138.1092529296875 794.494873046875 
638.4407958984375 137.32766723632812 792.21856689453125 
637.43035888671875 136.68280029296875 794.46209716796875 
636.45318603515625 135.90217590332031 792.3135986328125 
635.5186767578125 135.18461608886719 794.60748291015625 
634.4501953125 134.33479309082031 792.66729736328125 
633.69720458984375 133.63336181640625 795.2293701171875 
632.3023681640625 132.42771911621094 793.36285400390625 
632.0142822265625 132.08168029785156 796.25439453125 
629.494140625 129.55821228027344 795.2435302734375 
630.93426513671875 131.05992126464844 795.1405029296875 
637.3670654296875 128.7637939453125 756.89361572265625 
635.25335693359375 126.66130065917969 755.769287109375 
637.71514892578125 128.06562805175781 754.6414794921875 
635.98797607421875 126.27764129638672 753.56341552734375 
638.1080322265625 127.42642974853516 752.36822509765625 
636.45025634765625 125.69923400878906 751.3597412109375 
638.3741455078125 126.64768218994141 750.10040283203125 
636.32794189453125 124.74562072753906 749.29876708984375 
638.4276123046875 125.74094390869141 747.86431884765625 
635.9727783203125 123.60825347900391 747.3704833984375 
638.51788330078125 124.70439910888672 745.32080078125 
635.5992431640625 122.46723175048828 745.44427490234375 
637.4892578125 123.09664916992188 743.3145751953125 
635.2786865234375 121.34459686279297 743.511474609375 
636.90234375 122.01158905029297 741.86114501953125 
635.41619873046875 120.49888610839844 741.38726806640625 
637.63134765625 121.78178405761719 739.93585205078125 
636.17352294921875 120.14102172851562 739.09906005859375 
638.53570556640625 121.55213165283203 737.5006103515625 
637.22418212890625 120.09999847412109 736.7623291015625 
639.42706298828125 121.28481292724609 734.70843505859375 
641.0111083984375 122.93711853027344 735.7401123046875 
654.08349609375 132.79762268066406 737.09466552734375 
655.9779052734375 136.37966918945312 735.8995361328125 
655.78021240234375 133.80607604980469 738.378173828125 
658.1295166015625 136.90000915527344 736.56494140625 
657.45111083984375 134.47982788085938 739.69964599609375 
660.0325927734375 136.36529541015625 738.0955810546875 
663.9464111328125 138.33566284179688 739.97796630859375 
664.83966064453125 136.7652587890625 742.3363037109375 
661.8995361328125 137.08193969726562 739.36492919921875 
662.79107666015625 136.03863525390625 741.63946533203125 
659.25152587890625 134.99050903320312 740.91162109375 
660.75323486328125 135.34162902832031 741.8115234375 
668.85626220703125 140.0966796875 750.3831787109375 
668.65570068359375 139.09866333007812 747.80352783203125 
630.397216796875 130.6170654296875 793.0814208984375 
631.3966064453125 131.72297668457031 790.76678466796875 
642.50299072265625 124.45670318603516 736.941162109375 
645.08758544921875 125.90134429931641 735.497802734375 
647.11981201171875 127.15512084960938 734.60009765625 
648.60125732421875 128.34800720214844 735.0672607421875 
650.55157470703125 129.97660827636719 735.44415283203125 
633.343505859375 133.5040283203125 790.4974365234375 
632.32916259765625 132.67475891113281 788.22344970703125 
667.62725830078125 139.5709228515625 752.776611328125 
667.3184814453125 138.44212341308594 750.0626220703125 
666.14971923828125 139.80839538574219 755.24481201171875 
664.47991943359375 140.23440551757812 757.77435302734375 
662.74945068359375 140.68258666992188 760.297119140625 
635.4078369140625 135.14401245117188 790.13958740234375 
637.47137451171875 136.63349914550781 789.96405029296875 
639.5302734375 137.96943664550781 789.9483642578125 
641.62994384765625 139.18113708496094 790.1175537109375 
634.34716796875 134.32461547851562 787.90521240234375 
633.2388916015625 133.40211486816406 785.6458740234375 
634.1226806640625 133.89723205566406 783.0377197265625 
636.463134765625 135.88023376464844 787.6949462890625 
635.375 135.009521484375 785.36907958984375 
638.596923828125 137.29244995117188 787.6314697265625 
640.83258056640625 138.60481262207031 787.65338134765625 
637.57537841796875 136.52572631835938 785.25677490234375 
639.81610107421875 137.89094543457031 785.27203369140625 
643.53887939453125 140.05364990234375 787.80853271484375 
642.17926025390625 139.15950012207031 785.23834228515625 
636.4100341796875 135.52130126953125 782.76239013671875 
638.754638671875 137.06382751464844 782.79852294921875 
641.08221435546875 138.38888549804688 782.9285888671875 
661.140869140625 141.14872741699219 762.88629150390625 
665.77728271484375 138.74266052246094 752.658203125 
634.9327392578125 134.19125366210938 780.3397216796875 
639.940673828125 123.09149169921875 738.54180908203125 
638.84100341796875 123.22837066650391 741.04412841796875 
641.3223876953125 124.61776733398438 739.8045654296875 
640.0404052734375 124.71495819091797 742.51531982421875 
635.48748779296875 134.17979431152344 777.5250244140625 
637.5506591796875 135.95671081542969 779.84619140625 
640.09326171875 137.5848388671875 780.53106689453125 
659.576904296875 141.65638732910156 765.6192626953125 
658.1534423828125 142.1619873046875 768.524658203125 
657.04583740234375 142.65966796875 771.3712158203125 
656.02716064453125 142.96345520019531 773.98468017578125 
654.784912109375 143.14488220214844 776.6439208984375 
653.258544921875 143.20016479492188 779.8963623046875 
640.86529541015625 126.83262634277344 746.47711181640625 
641.56292724609375 126.37202453613281 744.06396484375 
640.61431884765625 127.63364410400391 748.76959228515625 
640.35498046875 128.44526672363281 751.102294921875 
640.06121826171875 129.2225341796875 753.47918701171875 
639.669189453125 129.94071960449219 755.8297119140625 
635.84637451171875 133.87510681152344 774.7197265625 
636.1676025390625 133.40643310546875 771.9805908203125 
636.32281494140625 132.79473876953125 769.4337158203125 
636.61822509765625 132.26612854003906 767.18231201171875 
637.2520751953125 131.90019226074219 764.9813232421875 
637.96710205078125 131.50018310546875 762.7130126953125 
638.64154052734375 131.06785583496094 760.4266357421875 
637.769775390625 135.56838989257812 776.69903564453125 
639.39410400390625 136.84690856933594 778.32177734375 
639.214111328125 130.56422424316406 758.1397705078125 
650.810546875 130.51173400878906 738.0303955078125 
648.291259765625 128.63883972167969 737.38360595703125 
646.4510498046875 127.19362640380859 736.6634521484375 
643.95953369140625 125.92856597900391 738.2376708984375 
638.2681884765625 135.2598876953125 773.8427734375 
640.121826171875 136.82252502441406 776.075927734375 
641.40850830078125 137.94107055664062 778.36004638671875 
642.42425537109375 138.80973815917969 780.64190673828125 
643.47943115234375 139.57780456542969 782.8221435546875 
644.68890380859375 140.34957885742188 784.853271484375 
646.3621826171875 141.25210571289062 786.52301025390625 
648.74371337890625 142.08474731445312 784.86572265625 
646.89508056640625 141.26083374023438 784.22052001953125 
646.01531982421875 140.68904113769531 782.531005859375 
644.93328857421875 139.95616149902344 780.49603271484375 
643.82989501953125 139.11953735351562 778.32952880859375 
650.89593505859375 142.67926025390625 782.60845947265625 
648.528076171875 141.71087646484375 782.40338134765625 
650.41473388671875 142.1195068359375 780.0133056640625 
647.6551513671875 141.09562683105469 780.2462158203125 
646.4976806640625 140.25331115722656 778.06103515625 
649.36151123046875 141.3359375 777.6917724609375 
652.15863037109375 142.31169128417969 777.32421875 
653.66461181640625 142.30140686035156 774.66796875 
654.953857421875 142.21214294433594 772.45147705078125 
651.10882568359375 141.44955444335938 775.05963134765625 
652.8922119140625 141.50283813476562 772.4825439453125 
648.1121826171875 140.34053039550781 775.21929931640625 
650.35333251953125 140.60113525390625 772.71649169921875 
642.63531494140625 138.1214599609375 776.00579833984375 
645.2294921875 139.286865234375 775.9757080078125 
638.72479248046875 134.69981384277344 770.67437744140625 
638.0167236328125 133.58590698242188 768.34014892578125 
638.674072265625 133.37158203125 766.399169921875 
639.5228271484375 133.05511474609375 764.12066650390625 
640.2789306640625 132.61784362792969 761.7548828125 
640.93804931640625 132.13369750976562 759.4271240234375 
641.5728759765625 131.66670227050781 757.10321044921875 
666.79254150390625 137.54917907714844 746.9697265625 
665.33331298828125 137.733642578125 750.0418701171875 
664.81634521484375 136.48321533203125 745.3046875 
664.6444091796875 136.93760681152344 747.90411376953125 
662.74957275390625 135.77789306640625 744.361572265625 
660.63177490234375 135.303955078125 743.8529052734375 
662.399658203125 136.32328796386719 747.48065185546875 
660.38055419921875 135.64337158203125 746.30694580078125 
643.06524658203125 126.34034729003906 741.2181396484375 
645.73834228515625 127.40399169921875 739.11041259765625 
647.7047119140625 128.86520385742188 739.8067626953125 
645.37762451171875 127.81998443603516 741.13311767578125 
644.16632080078125 127.73905181884766 743.0902099609375 
642.93756103515625 128.58494567871094 747.47833251953125 
643.32525634765625 127.991455078125 745.3167724609375 
649.50335693359375 130.25529479980469 740.8916015625 
652.60076904296875 131.86514282226562 739.74468994140625 
654.1700439453125 132.90618896484375 741.2923583984375 
655.71368408203125 133.81272888183594 743.1258544921875 
646.7265625 128.94035339355469 742.09576416015625 
645.72222900390625 129.05482482910156 744.19171142578125 
639.9742431640625 134.75225830078125 768.14990234375 
641.00885009765625 134.54194641113281 765.81890869140625 
642.2359619140625 134.29495239257812 763.2119140625 
642.58935546875 133.55685424804688 760.681396484375 
643.3046875 133.1119384765625 758.40447998046875 
655.1492919921875 141.52879333496094 769.75634765625 
652.236328125 140.60284423828125 770.11566162109375 
656.8358154296875 141.04788208007812 766.3641357421875 
654.034423828125 140.36309814453125 767.203125 
658.47479248046875 140.54399108886719 763.3685302734375 
660.21087646484375 140.08843994140625 760.59759521484375 
662.0469970703125 139.67236328125 757.9522705078125 
663.95916748046875 139.21566772460938 755.296875 
663.5133056640625 138.22865295410156 752.77642822265625 
663.02801513671875 137.28828430175781 750.2147216796875 
655.71563720703125 139.90188598632812 764.09490966796875 
657.51068115234375 139.46002197265625 761.10882568359375 
659.4215087890625 139.09115600585938 758.32965087890625 
661.453125 138.707275390625 755.5579833984375 
660.94140625 137.75021362304688 753.05609130859375 
660.46124267578125 136.846435546875 750.5205078125 
659.88690185546875 136.13655090332031 748.57373046875 
641.24041748046875 136.77001953125 773.13134765625 
641.5185546875 136.11006164550781 770.0523681640625 
644.11309814453125 138.32820129394531 773.8154296875 
646.26226806640625 139.28273010253906 773.99420166015625 
648.004150390625 139.65165710449219 772.5733642578125 
649.72357177734375 139.76409912109375 770.48406982421875 
643.63299560546875 137.5028076171875 771.3265380859375 
645.89007568359375 138.64321899414062 772.02191162109375 
647.65362548828125 139.00640869140625 770.67156982421875 
645.92578125 137.97422790527344 769.4521484375 
643.57684326171875 136.87922668457031 769.19769287109375 
642.33502197265625 135.8585205078125 767.6688232421875 
651.32843017578125 139.61830139160156 767.92401123046875 
648.739013671875 138.84315490722656 768.58209228515625 
652.92498779296875 139.27279663085938 765.0482177734375 
650.19879150390625 138.59454345703125 765.98980712890625 
647.4669189453125 137.82173156738281 766.773193359375 
644.80975341796875 136.8746337890625 767.27294921875 
643.55712890625 135.69023132324219 765.36944580078125 
646.18792724609375 136.71095275878906 764.93560791015625 
644.95245361328125 135.5677490234375 763.14642333984375 
644.147705078125 134.63449096679688 761.567626953125 
644.87249755859375 134.29856872558594 759.67181396484375 
648.8919677734375 137.53054809570312 764.2269287109375 
647.52825927734375 136.43121337890625 762.56988525390625 
646.2225341796875 135.36538696289062 761.02001953125 
651.61505126953125 138.20013427734375 763.2327880859375 
654.56646728515625 138.72117614746094 761.7156982421875 
650.1309814453125 137.11549377441406 761.66534423828125 
652.677001953125 137.61195373535156 760.44140625 
648.6748046875 136.04286193847656 760.17559814453125 
647.24041748046875 134.98643493652344 758.76495361328125 
651.19317626953125 136.5841064453125 758.9901123046875 
645.748291015625 133.88041687011719 757.4080810546875 
644.1202392578125 132.60748291015625 756.01361083984375 
642.15484619140625 131.02876281738281 754.67071533203125 
642.52520751953125 130.21444702148438 752.1666259765625 
642.70855712890625 129.35147094726562 749.747802734375 
645.19134521484375 129.41337585449219 746.1739501953125 
645.04718017578125 130.10511779785156 748.23516845703125 
645.01220703125 130.96200561523438 750.53228759765625 
645.16351318359375 132.03749084472656 753.22186279296875 
646.72357177734375 133.45782470703125 755.07806396484375 
647.08331298828125 130.0882568359375 744.97796630859375 
648.192138671875 130.12882995605469 743.19036865234375 
650.968505859375 131.38165283203125 742.33538818359375 
647.2667236328125 130.69905090332031 746.55767822265625 
649.22802734375 131.11207580566406 744.61181640625 
652.0830078125 132.34529113769531 744.02813720703125 
658.41845703125 134.75875854492188 743.5687255859375 
658.15814208984375 135.07987976074219 745.947998046875 
657.94366455078125 135.60714721679688 748.32281494140625 
655.63824462890625 134.27737426757812 745.8504638671875 
655.589599609375 134.86643981933594 748.18768310546875 
652.688720703125 133.15391540527344 746.0845947265625 
649.786376953125 131.93856811523438 746.43853759765625 
647.43310546875 131.49009704589844 748.594482421875 
647.67333984375 132.37075805664062 750.8043212890625 
648.23760986328125 133.33595275878906 752.843505859375 
652.93353271484375 133.86441040039062 748.29010009765625 
650.11322021484375 132.72337341308594 748.5352783203125 
650.44561767578125 133.54621887207031 750.63214111328125 
653.064208984375 134.58372497558594 750.5316162109375 
655.4705810546875 135.50289916992188 750.71405029296875 
657.9000244140625 136.32310485839844 750.828857421875 
648.86212158203125 134.14155578613281 754.4185791015625 
650.69097900390625 134.31629943847656 752.72869873046875 
648.16375732421875 134.52139282226562 756.4080810546875 
649.67828369140625 135.55448913574219 757.630126953125 
658.2266845703125 137.19932556152344 753.45062255859375 
658.80328369140625 138.15768432617188 755.96771240234375 
656.81787109375 138.45426940917969 758.8065185546875 
654.77020263671875 137.86863708496094 759.04833984375 
653.68017578125 137.00971984863281 757.55828857421875 
655.22027587890625 136.43313598632812 753.9844970703125 
652.90057373046875 135.30247497558594 753.10614013671875 
650.44146728515625 134.97767639160156 755.05419921875 
652.19830322265625 135.98237609863281 756.0787353515625 
656.19781494140625 137.52688598632812 756.4888916015625 
607.7200927734375 79.029869079589844 675.200439453125 
641.3564453125 121.79479217529297 730.56378173828125 
639.55633544921875 120.70407867431641 732.53302001953125 
639.19952392578125 119.69724273681641 730.1812744140625 
609.92510986328125 79.040298461914062 676.70281982421875 
608.4908447265625 77.812385559082031 675.42138671875 
610.6031494140625 77.654457092285156 676.9224853515625 
609.24822998046875 76.571388244628906 675.5888671875 
611.5118408203125 76.075386047363281 677.0567626953125 
610.37457275390625 74.606819152832031 675.64324951171875 
625.7659912109375 125.44370269775391 792.36810302734375 
624.733642578125 124.12008666992188 793.90008544921875 
626.6429443359375 126.570556640625 790.61895751953125 
615.5625 69.676811218261719 678.24090576171875 
616.8177490234375 68.481857299804688 678.82696533203125 
617.1136474609375 70.51898193359375 679.43841552734375 
618.7923583984375 69.13824462890625 680.3260498046875 
627.36114501953125 127.54164886474609 788.62396240234375 
624.54705810546875 123.88733673095703 791.43536376953125 
623.42840576171875 122.45384979248047 792.870361328125 
628.0196533203125 128.41595458984375 786.47637939453125 
628.62841796875 129.07391357421875 784.2657470703125 
629.130859375 129.52061462402344 782.00335693359375 
618.76800537109375 71.369613647460938 680.57037353515625 
620.8089599609375 69.839378356933594 681.42529296875 
620.523193359375 72.242759704589844 681.6973876953125 
622.75640869140625 70.699790954589844 682.38323974609375 
622.4359130859375 73.108795166015625 682.769287109375 
624.66290283203125 71.762901306152344 683.130126953125 
623.330810546875 122.26600646972656 790.388671875 
622.156005859375 120.77951812744141 791.84466552734375 
629.53082275390625 129.76347351074219 779.70574951171875 
629.87652587890625 129.73002624511719 777.3958740234375 
630.13787841796875 129.50288391113281 775.03131103515625 
633.49468994140625 72.739013671875 682.81787109375 
634.35650634765625 74.657302856445312 683.07452392578125 
635.04730224609375 76.216987609863281 683.17938232421875 
634.34783935546875 77.688674926757812 684.31317138671875 
633.89117431640625 79.399795532226562 685.5653076171875 
633.40679931640625 81.022972106933594 686.94146728515625 
632.8424072265625 82.521759033203125 688.65594482421875 
631.65655517578125 83.952644348144531 691.07904052734375 
634.03656005859375 85.021591186523438 689.54510498046875 
632.07568359375 85.136054992675781 692.3135986328125 
633.46697998046875 86.091583251953125 691.984130859375 
630.7061767578125 86.135101318359375 694.268798828125 
632.53326416015625 87.017677307128906 694.48468017578125 
611.48626708984375 72.531166076660156 675.77716064453125 
612.57501220703125 70.318092346191406 675.9027099609375 
613.8006591796875 72.055473327636719 677.4498291015625 
615.64691162109375 71.744384765625 678.71771240234375 
630.25665283203125 72.231292724609375 683.6427001953125 
630.99810791015625 74.17144775390625 684.17669677734375 
622.0718994140625 120.55339050292969 789.42987060546875 
620.888671875 119.08490753173828 790.91204833984375 
620.80609130859375 118.79710388183594 788.48773193359375 
619.63671875 117.40564727783203 790.0205078125 
619.4832763671875 116.97115325927734 787.605712890625 
618.39447021484375 115.81252288818359 789.05712890625 
617.931640625 114.98368072509766 786.85260009765625 
622.80108642578125 99.338546752929688 718.946533203125 
621.35186767578125 98.676406860351562 717.58856201171875 
623.84344482421875 98.587455749511719 717.01336669921875 
622.30023193359375 97.891334533691406 715.40704345703125 
624.07550048828125 100.11360931396484 720.33935546875 
625.24639892578125 99.443939208984375 718.49359130859375 
625.15899658203125 100.98077392578125 721.73040771484375 
626.42962646484375 100.38793182373047 719.93438720703125 
630.39251708984375 129.18452453613281 772.65386962890625 
626.028076171875 101.94678497314453 723.18463134765625 
627.424072265625 101.4505615234375 721.35919189453125 
612.001953125 79.010704040527344 678.0943603515625 
613.5499267578125 80.544944763183594 678.85693359375 
627.28753662109375 71.951499938964844 683.60430908203125 
627.73236083984375 73.929832458496094 684.1917724609375 
624.81781005859375 73.69482421875 683.656494140625 
630.80279541015625 128.81776428222656 770.25872802734375 
631.30548095703125 128.40968322753906 767.8927001953125 
631.86956787109375 127.98599243164062 765.591064453125 
632.47369384765625 127.57868194580078 763.34405517578125 
633.01220703125 127.10109710693359 761.15533447265625 
633.43341064453125 126.51345825195312 759.036865234375 
633.6358642578125 125.82076263427734 756.95062255859375 
624.89605712890625 97.788230895996094 714.9530029296875 
623.12738037109375 97.179191589355469 713.047607421875 
612.620361328125 74.169357299804688 677.158447265625 
619.221923828125 116.40038299560547 785.2481689453125 
617.56365966796875 114.22688293457031 784.609130859375 
618.95281982421875 115.75198364257812 782.8486328125 
617.2703857421875 113.47469329833984 782.3770751953125 
618.6119384765625 114.84526062011719 780.5391845703125 
617.21405029296875 112.84749603271484 780.12030029296875 
618.35430908203125 113.8656005859375 778.44989013671875 
617.1396484375 112.11087036132812 777.92559814453125 
618.31646728515625 113.11648559570312 776.491943359375 
617.134765625 111.35904693603516 775.7635498046875 
618.5556640625 112.5555419921875 774.4937744140625 
617.55023193359375 110.89103698730469 773.62628173828125 
618.9700927734375 112.11671447753906 772.4766845703125 
618.00006103515625 110.39727020263672 771.51177978515625 
619.4710693359375 111.81294250488281 770.5128173828125 
618.66015625 110.15957641601562 769.47564697265625 
620.02142333984375 111.72362518310547 768.64117431640625 
619.33367919921875 110.10670471191406 767.4765625 
620.6728515625 111.99993896484375 766.83001708984375 
620.26263427734375 110.60231781005859 765.6748046875 
637.60821533203125 119.46520233154297 734.27130126953125 
625.8494873046875 97.088050842285156 712.5103759765625 
623.64117431640625 96.2843017578125 710.83770751953125 
621.313720703125 112.30841064453125 764.87799072265625 
620.7642822265625 110.56147003173828 763.6456298828125 
627.11871337890625 95.752128601074219 710.19195556640625 
623.58624267578125 95.17724609375 708.785400390625 
626.82373046875 94.269424438476562 707.89678955078125 
623.60186767578125 94.102622985839844 706.6614990234375 
626.4765625 93.060295104980469 705.854736328125 
623.203369140625 93.112411499023438 704.5289306640625 
626.120849609375 91.965309143066406 703.7978515625 
623.0211181640625 92.148674011230469 702.33929443359375 
625.89666748046875 90.886611938476562 701.73834228515625 
622.89990234375 91.1796875 700.19439697265625 
625.757568359375 89.765411376953125 699.664794921875 
622.5428466796875 90.239036560058594 698.06390380859375 
625.6279296875 88.422843933105469 697.37908935546875 
622.05902099609375 89.325447082519531 695.87628173828125 
624.07977294921875 87.770462036132812 695.4490966796875 
621.53955078125 88.430564880371094 693.60186767578125 
624.5704345703125 86.304679870605469 693.779541015625 
620.98870849609375 87.582511901855469 691.2364501953125 
623.3922119140625 85.044486999511719 691.53448486328125 
620.500244140625 86.7672119140625 688.7098388671875 
621.54888916015625 84.442054748535156 689.480712890625 
619.9273681640625 85.997428894042969 686.40130615234375 
620.626220703125 83.394989013671875 687.77105712890625 
619.14892578125 84.550155639648438 684.95556640625 
619.906494140625 82.144256591796875 686.21783447265625 
618.23101806640625 83.055534362792969 683.58612060546875 
618.97723388671875 80.788856506347656 684.5966796875 
616.96246337890625 81.86505126953125 682.01641845703125 
621.7906494140625 112.26699829101562 762.78521728515625 
621.0029296875 110.22467803955078 761.577392578125 
622.22967529296875 112.20938873291016 760.6995849609375 
621.5328369140625 110.41557312011719 759.5321044921875 
622.73895263671875 112.32738494873047 758.5281982421875 
621.91510009765625 110.35226440429688 757.4420166015625 
623.48699951171875 112.60073852539062 755.94171142578125 
622.02020263671875 109.92322540283203 755.37115478515625 
623.46612548828125 111.61930084228516 753.6756591796875 
622.146240234375 109.59741973876953 753.3018798828125 
623.44427490234375 111.04298400878906 752.0576171875 
622.790283203125 109.88184356689453 751.19244384765625 
624.10845947265625 111.38636779785156 750.26910400390625 
623.29644775390625 109.98585510253906 749.067138671875 
624.77288818359375 111.56929779052734 748.15350341796875 
623.83258056640625 110.06619262695312 746.93218994140625 
625.39959716796875 111.59729766845703 745.943359375 
624.30218505859375 110.00160980224609 744.78509521484375 
625.9996337890625 111.41159057617188 743.65350341796875 
624.63690185546875 109.72817230224609 742.64788818359375 
626.44354248046875 110.97909545898438 741.3421630859375 
624.9017333984375 109.32045745849609 740.52789306640625 
626.75469970703125 110.35858154296875 739.14630126953125 
627.38140869140625 109.81185913085938 736.6824951171875 
627.37640380859375 108.67381286621094 734.35028076171875 
627.46533203125 107.64492797851562 732.24420166015625 
627.52532958984375 106.55651092529297 730.1746826171875 
627.716796875 105.35906219482422 727.90679931640625 
627.1480712890625 103.99130249023438 726.08294677734375 
624.91058349609375 103.11137390136719 726.10980224609375 
626.78179931640625 102.91757202148438 724.48883056640625 
625.075439453125 102.27214050292969 724.37091064453125 
628.254150390625 102.59735107421875 722.716552734375 
617.6060791015625 79.563194274902344 682.91363525390625 
615.32806396484375 80.972518920898438 680.4404296875 
633.9097900390625 125.19120025634766 754.87957763671875 
634.34051513671875 124.68810272216797 752.86053466796875 
634.47552490234375 124.00689697265625 750.9835205078125 
634.23590087890625 122.97314453125 749.2073974609375 
633.8238525390625 121.77419281005859 747.371337890625 
633.38995361328125 120.48889923095703 745.378173828125 
633.11346435546875 119.0831298828125 743.0299072265625 
633.966552734375 118.64257049560547 740.4119873046875 
634.7513427734375 118.2462158203125 738.032958984375 
635.501708984375 117.94783020019531 735.67926025390625 
633.76605224609375 98.717391967773438 710.0931396484375 
634.2979736328125 100.15589141845703 711.47393798828125 
632.49371337890625 99.198524475097656 712.82025146484375 
633.54510498046875 101.14463806152344 714.48236083984375 
633.32647705078125 97.232696533203125 708.77960205078125 
631.6085205078125 97.7138671875 711.31488037109375 
633.1748046875 95.816375732421875 707.22430419921875 
630.823486328125 96.258110046386719 709.85699462890625 
632.981689453125 94.43121337890625 705.616455078125 
630.2237548828125 94.827590942382812 708.2073974609375 
632.4688720703125 93.053237915039062 704.18218994140625 
629.81915283203125 93.446220397949219 706.43853759765625 
632.0030517578125 91.751716613769531 702.59576416015625 
629.3714599609375 92.203941345214844 704.64202880859375 
631.9163818359375 90.5693359375 700.7093505859375 
629.0316162109375 90.996803283691406 702.7371826171875 
632.1119384765625 89.464149475097656 698.5557861328125 
628.96435546875 89.832130432128906 700.7373046875 
632.5631103515625 88.371315002441406 696.3056640625 
629.1209716796875 88.650642395019531 698.6175537109375 
629.6146240234375 87.372314453125 696.42730712890625 
637.8729248046875 119.06021118164062 732.40179443359375 
637.48455810546875 117.59374237060547 729.37115478515625 
636.9176025390625 117.69708251953125 731.49932861328125 
636.01031494140625 115.41967010498047 728.5953369140625 
635.61334228515625 115.91339874267578 730.83123779296875 
634.5877685546875 113.14618682861328 728.09564208984375 
634.220458984375 113.96410369873047 730.4349365234375 
616.11395263671875 78.318161010742188 681.2955322265625 
613.9677734375 78.85125732421875 679.6407470703125 
634.2122802734375 111.51602935791016 726.4818115234375 
632.80108642578125 110.78383636474609 728.4019775390625 
632.73199462890625 111.93175506591797 730.3236083984375 
634.48321533203125 110.427001953125 724.35858154296875 
632.8759765625 109.54777526855469 726.53253173828125 
634.65191650390625 109.14662933349609 722.36712646484375 
633.05596923828125 108.34343719482422 724.63641357421875 
634.80810546875 107.78182983398438 720.43817138671875 
633.1556396484375 107.06742095947266 722.8017578125 
634.4840087890625 105.99416351318359 719.02239990234375 
633.17822265625 105.7427978515625 721.09857177734375 
634.1947021484375 104.30257415771484 717.5303955078125 
633.017333984375 104.35939788818359 719.6015625 
633.92510986328125 102.71082305908203 715.98248291015625 
632.61688232421875 102.86870574951172 718.19921875 
632.0885009765625 101.37094879150391 716.77294921875 
631.268798828125 99.815399169921875 715.28961181640625 
625.49603271484375 125.14239501953125 790.3477783203125 
625.9556884765625 125.85973358154297 788.5870361328125 
626.5484619140625 126.74217224121094 786.56298828125 
616.80224609375 72.701774597167969 679.64862060546875 
614.77484130859375 73.635459899902344 678.55426025390625 
627.12335205078125 127.50028991699219 784.48492431640625 
627.66802978515625 128.07186889648438 782.4412841796875 
628.028564453125 128.37200927734375 780.40283203125 
624.53631591796875 123.94313812255859 788.86004638671875 
631.794189453125 76.27960205078125 684.8504638671875 
618.23583984375 73.7646484375 680.80145263671875 
619.862060546875 74.7254638671875 682.09637451171875 
612.68402099609375 77.39849853515625 678.445068359375 
613.670166015625 75.634117126464844 678.5589599609375 
614.81964111328125 76.972251892089844 679.89801025390625 
615.88238525390625 74.919509887695312 679.8662109375 
617.21942138671875 76.13775634765625 681.14447021484375 
618.83367919921875 77.252143859863281 682.63055419921875 
628.3050537109375 128.40310668945312 778.23590087890625 
628.542236328125 128.28352355957031 776.0040283203125 
628.79400634765625 127.97457885742188 773.70989990234375 
623.175048828125 122.09894561767578 787.99945068359375 
621.08978271484375 78.297599792480469 684.44189453125 
636.1761474609375 117.71067810058594 733.50787353515625 
635.298095703125 116.33867645263672 732.59197998046875 
633.98699951171875 114.73278045654297 732.49713134765625 
632.55615234375 112.87759399414062 732.32342529296875 
628.15338134765625 75.923316955566406 684.96282958984375 
626.3895263671875 98.693977355957031 716.5572509765625 
621.94769287109375 120.41455841064453 787.02520751953125 
620.66943359375 118.51493072509766 786.0670166015625 
627.5435791015625 97.929344177246094 714.41119384765625 
627.67352294921875 99.751457214355469 718.04034423828125 
628.89324951171875 99.080375671386719 715.9842529296875 
628.72711181640625 100.92089080810547 719.4683837890625 
629.578125 102.17485046386719 720.8250732421875 
629.9814453125 100.37902069091797 717.45257568359375 
630.81011962890625 101.74305725097656 718.8564453125 
629.10205078125 127.58269500732422 771.33294677734375 
629.50274658203125 127.16925048828125 768.93328857421875 
630.02996826171875 126.73186492919922 766.59375 
630.5762939453125 126.30129241943359 764.32977294921875 
631.12677001953125 125.85085296630859 762.147705078125 
631.57330322265625 125.32855987548828 760.06036376953125 
631.853515625 124.72264099121094 758.03082275390625 
632.095703125 124.08218383789062 755.9964599609375 
621.91436767578125 75.596702575683594 683.407470703125 
624.78662109375 75.922782897949219 684.47528076171875 
625.17254638671875 125.02184295654297 786.67144775390625 
624.06597900390625 123.44515228271484 786.772705078125 
623.12493896484375 122.18242645263672 785.6455078125 
625.70831298828125 125.86312866210938 784.60009765625 
626.30499267578125 126.60110473632812 782.5904541015625 
626.898193359375 127.19923400878906 780.98876953125 
626.915283203125 127.09503936767578 779.1656494140625 
627.05712890625 126.94246673583984 776.96563720703125 
627.2420654296875 126.68556976318359 774.70355224609375 
627.47259521484375 126.30661010742188 772.39239501953125 
624.3548583984375 124.06455230712891 784.83221435546875 
624.92120361328125 124.97854614257812 782.59234619140625 
625.78338623046875 125.9737548828125 780.5791015625 
621.88409423828125 120.41548919677734 784.50042724609375 
620.46826171875 118.18697357177734 783.55560302734375 
631.277099609375 78.349037170410156 686.09051513671875 
628.310791015625 77.814682006835938 686.0142822265625 
630.98760986328125 80.111053466796875 687.43280029296875 
630.67230224609375 81.639907836914062 688.87969970703125 
629.72186279296875 82.963462829589844 690.61083984375 
627.45831298828125 84.389289855957031 692.3349609375 
627.8125 125.85347747802734 770.01666259765625 
628.2744140625 125.41630554199219 767.63287353515625 
628.79541015625 124.97146606445312 765.3431396484375 
629.31597900390625 124.54204559326172 763.1490478515625 
629.78076171875 124.07278442382812 761.0582275390625 
630.11865234375 123.48308563232422 759.0203857421875 
630.28826904296875 122.78816986083984 756.93951416015625 
628.952880859375 85.286903381347656 693.512939453125 
627.208984375 86.785392761230469 695.36541748046875 
628.82806396484375 97.198509216308594 711.945068359375 
630.1519775390625 98.3978271484375 713.6998291015625 
631.4464111328125 103.12735748291016 720.18853759765625 
630.3486328125 103.52040863037109 722.10845947265625 
631.93218994140625 104.36971282958984 721.2763671875 
631.3309326171875 105.13955688476562 723.19573974609375 
631.47320556640625 106.57078552246094 724.96209716796875 
631.38824462890625 107.72109222412109 726.66229248046875 
628.97857666015625 103.85519409179688 724.09033203125 
629.51458740234375 105.15692138671875 725.55645751953125 
629.97113037109375 106.3406982421875 726.7413330078125 
629.566162109375 107.10726928710938 728.45513916015625 
626.47900390625 83.398605346679688 691.029541015625 
631.2127685546875 108.83784484863281 728.5018310546875 
624.03729248046875 83.563346862792969 690.34112548828125 
628.32147216796875 82.259620666503906 689.95953369140625 
628.31707763671875 81.109024047851562 688.780517578125 
629.40045166015625 108.19095611572266 730.403076171875 
625.99774169921875 82.310737609863281 689.7513427734375 
631.10418701171875 109.97017669677734 730.400146484375 
628.26947021484375 79.579505920410156 687.38458251953125 
631.02264404296875 111.04073333740234 732.30987548828125 
624.863037109375 77.943153381347656 685.7049560546875 
625.19586181640625 79.633720397949219 687.03851318359375 
629.31439208984375 109.28797912597656 732.36370849609375 
621.94189453125 80.09393310546875 686.16131591796875 
629.2860107421875 110.36593627929688 734.3433837890625 
625.5675048828125 81.076591491699219 688.42852783203125 
630.98895263671875 112.09267425537109 734.1998291015625 
632.4686279296875 113.82286834716797 734.2374267578125 
622.591552734375 81.493568420410156 687.6837158203125 
629.483642578125 111.55068206787109 736.13665771484375 
628.32073974609375 111.30379486083984 737.9185791015625 
631.082763671875 113.18301391601562 735.98297119140625 
629.7568359375 112.73737335205078 737.849609375 
623.2698974609375 82.696327209472656 689.06610107421875 
634.09466552734375 115.87099456787109 734.500732421875 
632.446044921875 114.65094757080078 735.8740234375 
633.38818359375 116.23494720458984 736.86962890625 
631.4676513671875 114.49702453613281 737.631103515625 
632.2611083984375 116.33441925048828 739.41259765625 
628.21551513671875 112.08714294433594 739.71441650390625 
629.99237060546875 113.99822235107422 739.74847412109375 
628.06939697265625 113.12070465087891 742.12274169921875 
630.2760009765625 115.36497497558594 741.6903076171875 
632.04620361328125 117.28409576416016 741.60003662109375 
627.12921142578125 113.30484008789062 744.7696533203125 
628.84320068359375 114.80279541015625 743.62249755859375 
626.4078369140625 113.38208770751953 747.14447021484375 
625.554443359375 113.16268157958984 749.459716796875 
624.620361328125 112.70001220703125 751.64898681640625 
630.60601806640625 116.72724151611328 743.55364990234375 
631.0501708984375 118.20622253417969 745.49920654296875 
628.5391845703125 115.57389831542969 745.8526611328125 
627.28265380859375 115.20480346679688 748.54632568359375 
629.34027099609375 117.47349548339844 747.828125 
626.1761474609375 114.7703857421875 750.9349365234375 
631.58636474609375 119.74955749511719 747.48541259765625 
632.17437744140625 121.16101837158203 749.30810546875 
632.6724853515625 122.39617919921875 750.98138427734375 
633.02911376953125 123.35623931884766 752.35260009765625 
632.510498046875 123.59994506835938 754.00006103515625 
630.66778564453125 122.26359558105469 754.8338623046875 
627.99957275390625 116.98165893554688 750.1488037109375 
630.04931640625 119.1436767578125 749.60076904296875 
630.74102783203125 120.69296264648438 751.2769775390625 
631.45587158203125 122.12720489501953 752.81793212890625 
625.67047119140625 125.6217041015625 778.279541015625 
625.7545166015625 125.26240539550781 775.8564453125 
625.903564453125 124.84716033935547 773.48065185546875 
626.16998291015625 124.40284729003906 771.11895751953125 
626.60699462890625 123.970703125 768.74798583984375 
627.09912109375 123.56363677978516 766.42578125 
627.6175537109375 123.12383270263672 764.23291015625 
628.05963134765625 122.70281982421875 762.1416015625 
628.41302490234375 122.16571044921875 760.114990234375 
628.58251953125 121.46100616455078 758.04034423828125 
628.61395263671875 120.42440795898438 755.70904541015625 
623.33905029296875 122.7423095703125 782.7789306640625 
624.4854736328125 124.33391571044922 780.20159912109375 
621.73724365234375 120.3199462890625 781.76275634765625 
623.071533203125 122.313232421875 779.68975830078125 
620.198486328125 117.57785034179688 780.66680908203125 
619.4688720703125 115.81204986572266 778.57904052734375 
619.0594482421875 114.63633728027344 777.07421875 
619.2520751953125 114.32986450195312 775.34002685546875 
619.5758056640625 113.91687774658203 773.32977294921875 
619.98785400390625 113.62287139892578 771.32269287109375 
620.46807861328125 113.42990875244141 769.40972900390625 
620.8870849609375 113.28877258300781 767.83074951171875 
621.82196044921875 114.46921539306641 766.03167724609375 
622.49359130859375 114.48129272460938 763.745361328125 
624.95977783203125 114.04721832275391 753.34783935546875 
626.8016357421875 116.48213958740234 752.510986328125 
628.7491455078125 118.70216369628906 751.7552490234375 
629.57452392578125 120.43238067626953 753.3504638671875 
627.64434814453125 118.37962341308594 753.97052001953125 
625.50653076171875 115.95429229736328 755.179931640625 
626.833251953125 118.24500274658203 755.81964111328125 
627.02545166015625 119.28824615478516 757.4383544921875 
624.122314453125 114.66002655029297 757.5948486328125 
625.57891845703125 117.05610656738281 757.24041748046875 
627.00555419921875 120.13851928710938 759.39019775390625 
626.76312255859375 120.78171539306641 761.3492431640625 
625.626953125 118.01288604736328 758.96539306640625 
624.5819091796875 116.09587860107422 758.78057861328125 
626.42730712890625 121.22402954101562 763.34185791015625 
625.973388671875 121.62107086181641 765.43731689453125 
625.4693603515625 121.95429229736328 767.630859375 
625.44622802734375 118.66360473632812 760.816162109375 
624.28857421875 116.41654968261719 760.37567138671875 
625.14599609375 119.13336181640625 762.7408447265625 
624.79248046875 119.49140167236328 764.72161865234375 
624.32061767578125 119.81924438476562 766.82000732421875 
623.94256591796875 116.75666046142578 762.28948974609375 
623.50750732421875 117.04344177246094 764.2855224609375 
623.06597900390625 117.38043212890625 766.30938720703125 
623.40093994140625 114.28765106201172 759.65753173828125 
622.93963623046875 114.36357116699219 761.66729736328125 
621.56134033203125 115.26268005371094 767.99749755859375 
621.109619140625 115.49122619628906 769.982177734375 
622.59210205078125 117.69203948974609 768.409912109375 
623.73907470703125 120.028076171875 769.05181884765625 
624.93658447265625 122.29177856445312 769.96356201171875 
620.59820556640625 115.64898681640625 772.10333251953125 
620.18499755859375 115.90085601806641 774.2789306640625 
619.8585205078125 116.07877349853516 776.47393798828125 
622.00738525390625 117.79178619384766 770.632080078125 
621.46002197265625 117.9432373046875 772.998779296875 
623.156494140625 120.21832275390625 771.44512939453125 
624.49932861328125 122.65032196044922 772.39288330078125 
624.3424072265625 123.22173309326172 774.90191650390625 
622.6319580078125 120.53839874267578 774.26385498046875 
624.3834228515625 123.84725952148438 777.5242919921875 
622.929443359375 121.70381927490234 776.89520263671875 
621.6640625 120.00698089599609 778.97509765625 
620.55914306640625 117.89203643798828 777.869140625 
620.96795654296875 117.98246765136719 775.42431640625 
621.6807861328125 119.66525268554688 776.66949462890625 
608.21990966796875 107.53195190429688 740.65606689453125 
580.605224609375 103.51270294189453 682.38427734375 
581.682373046875 103.02104949951172 680.14984130859375 
583.58538818359375 103.19975280761719 681.8353271484375 
582.1256103515625 103.5650634765625 684.0775146484375 
584.62860107421875 103.27040863037109 684.11212158203125 
579.527587890625 104.05805206298828 684.62933349609375 
607.929931640625 107.90100860595703 738.7415771484375 
609.64385986328125 107.19805145263672 739.1197509765625 
618.7886962890625 98.82818603515625 718.01361083984375 
620.57373046875 99.370895385742188 719.27239990234375 
617.964111328125 99.692222595214844 719.912109375 
619.735595703125 100.22395324707031 721.27471923828125 
616.93670654296875 98.405746459960938 716.756103515625 
616.10760498046875 99.247352600097656 718.53875732421875 
578.80816650390625 104.54710388183594 686.97821044921875 
581.077880859375 103.95516967773438 686.29217529296875 
579.25885009765625 104.72403717041016 689.5953369140625 
580.917236328125 104.19513702392578 688.72735595703125 
583.4739990234375 103.50585174560547 686.07904052734375 
585.7515869140625 103.20607757568359 686.38690185546875 
607.27734375 108.21231079101562 736.838623046875 
615.47918701171875 98.124160766601562 715.064453125 
614.34173583984375 98.931404113769531 716.8955078125 
614.26593017578125 97.925933837890625 713.20916748046875 
612.85943603515625 98.728523254394531 714.96337890625 
612.94696044921875 97.600288391113281 711.49334716796875 
611.4361572265625 98.250762939453125 713.03216552734375 
610.6097412109375 97.688919067382812 710.59698486328125 
617.22772216796875 100.59588623046875 721.804931640625 
619.07440185546875 101.13400268554688 723.2545166015625 
616.67047119140625 101.52602386474609 723.68359375 
618.61083984375 102.06343078613281 725.25701904296875 
578.2884521484375 105.30678558349609 716.29571533203125 
576.3720703125 105.50116729736328 714.62469482421875 
578.23675537109375 103.63770294189453 714.27801513671875 
576.4481201171875 104.52577209472656 712.70025634765625 
584.71441650390625 103.43626403808594 688.43157958984375 
586.96514892578125 103.047119140625 688.6290283203125 
616.32958984375 102.44213104248047 725.58880615234375 
618.37908935546875 102.96700286865234 727.29949951171875 
615.856689453125 103.32099914550781 727.4307861328125 
617.49737548828125 103.80400848388672 729.1849365234375 
615.05963134765625 104.17849731445312 729.23712158203125 
616.56494140625 104.58412170410156 731.05810546875 
614.1158447265625 104.96714019775391 730.9964599609375 
615.5814208984375 105.27400207519531 732.921875 
613.05096435546875 105.66358184814453 732.6715087890625 
614.31103515625 105.83602905273438 734.64483642578125 
611.865234375 106.27802276611328 734.29058837890625 
612.95843505859375 106.30741882324219 736.318359375 
610.61053466796875 106.85409545898438 735.78729248046875 
611.3773193359375 106.72661590576172 737.8118896484375 
609.26239013671875 107.38231658935547 737.22601318359375 
578.39483642578125 102.93735504150391 712.1900634765625 
576.5372314453125 104.02520751953125 710.7364501953125 
578.589111328125 102.79885101318359 710.123046875 
576.55908203125 103.86741638183594 708.7216796875 
578.72528076171875 103.08672332763672 708.08306884765625 
576.58453369140625 104.04957580566406 706.7005615234375 
578.65936279296875 103.55893707275391 706.040771484375 
576.49169921875 104.56261444091797 704.68096923828125 
578.37451171875 104.02704620361328 703.97247314453125 
576.42578125 105.15707397460938 702.64971923828125 
578.4090576171875 104.45871734619141 701.86822509765625 
576.75408935546875 105.42426300048828 700.58013916015625 
578.94549560546875 104.67812347412109 699.90386962890625 
577.24542236328125 105.52739715576172 698.50042724609375 
579.52294921875 104.78547668457031 697.84185791015625 
577.7158203125 105.50920867919922 696.3553466796875 
580.20001220703125 104.70133209228516 695.6990966796875 
578.37200927734375 105.30394744873047 694.20794677734375 
580.99652099609375 104.48593139648438 693.515380859375 
579.08013916015625 104.99208831787109 691.99017333984375 
585.60870361328125 103.34454345703125 690.77606201171875 
588.31488037109375 102.82621765136719 690.82037353515625 
586.802734375 103.15072631835938 692.869384765625 
589.71734619140625 102.55381774902344 692.99530029296875 
588.42889404296875 102.85643768310547 695.029541015625 
591.1243896484375 102.25302124023438 695.192626953125 
606.2261962890625 108.49662017822266 734.8966064453125 
579.997802734375 106.02579498291016 717.8487548828125 
580.12158203125 103.72441101074219 715.9732666015625 
582.14825439453125 105.83512115478516 719.2593994140625 
581.84893798828125 104.16058349609375 717.52764892578125 
584.2711181640625 106.16049957275391 720.53350830078125 
584.0113525390625 104.38132476806641 718.7635498046875 
586.58465576171875 106.27001953125 721.50970458984375 
586.0704345703125 104.520751953125 719.4200439453125 
581.29486083984375 104.29598236083984 691.279052734375 
590.171875 102.52349090576172 697.3800048828125 
592.89898681640625 101.89034271240234 697.093505859375 
608.5787353515625 98.260208129882812 709.40643310546875 
608.9339599609375 98.620742797851562 712.4189453125 
606.56915283203125 98.929573059082031 708.25823974609375 
606.88104248046875 99.225395202636719 711.3232421875 
604.46539306640625 99.591011047363281 707.21087646484375 
604.67498779296875 99.832023620605469 709.88568115234375 
602.5347900390625 100.09120178222656 705.75225830078125 
602.44110107421875 100.38258361816406 708.31854248046875 
594.690185546875 112.00421905517578 724.73480224609375 
591.96905517578125 112.88747406005859 724.0948486328125 
593.714599609375 109.852783203125 723.54095458984375 
590.36419677734375 111.86714172363281 724.1707763671875 
591.734130859375 109.14054107666016 723.2877197265625 
589.6739501953125 109.44521331787109 723.60845947265625 
597.1187744140625 111.10887145996094 725.73858642578125 
596.34979248046875 109.3621826171875 724.1678466796875 
599.02838134765625 110.51610565185547 727.33404541015625 
598.81268310546875 108.83191680908203 725.46624755859375 
590.776611328125 107.22286987304688 722.468994140625 
588.34100341796875 107.55172729492188 722.72021484375 
600.84857177734375 100.47900390625 703.75244140625 
600.47784423828125 100.79591369628906 706.37432861328125 
599.16705322265625 100.80049133300781 701.72845458984375 
598.74444580078125 101.10905456542969 704.22265625 
597.29217529296875 101.11940002441406 699.892578125 
596.686279296875 101.43531036376953 702.42340087890625 
595.1341552734375 101.45411682128906 698.42913818359375 
594.6671142578125 101.75883483886719 701.015869140625 
592.5599365234375 102.11616516113281 699.31793212890625 
604.858154296875 108.74555206298828 733.020263671875 
603.43487548828125 108.87876892089844 731.27325439453125 
602.0496826171875 108.90045166015625 729.5723876953125 
600.552490234375 108.91115570068359 727.6177978515625 
589.3194580078125 105.77706146240234 721.32110595703125 
587.94244384765625 104.74053955078125 719.927734375 
582.6597900390625 103.77780151367188 687.96624755859375 
583.19873046875 103.80364990234375 690.222412109375 
608.375732421875 107.57876586914062 735.28521728515625 
609.49932861328125 106.91971588134766 733.789794921875 
607.1881103515625 107.73707580566406 733.2950439453125 
610.636962890625 106.20976257324219 732.2703857421875 
611.69329833984375 105.46983337402344 730.685302734375 
612.659912109375 104.67129516601562 729.0816650390625 
613.54931640625 103.82718658447266 727.48077392578125 
614.07867431640625 102.9117431640625 725.68701171875 
615.3280029296875 100.12701416015625 720.38726806640625 
613.44573974609375 99.751976013183594 718.78912353515625 
614.7039794921875 101.09108734130859 722.12542724609375 
612.77020263671875 100.71721649169922 720.59527587890625 
608.2593994140625 106.90982055664062 731.77398681640625 
609.3416748046875 106.04598999023438 730.2457275390625 
610.34075927734375 105.16944122314453 728.6707763671875 
611.22039794921875 104.31842803955078 727.156494140625 
605.87371826171875 107.78046417236328 731.33953857421875 
607.02325439453125 106.77070617675781 729.814453125 
608.23370361328125 105.69584655761719 728.193115234375 
609.10809326171875 104.64540100097656 726.42578125 
580.30322265625 102.74353790283203 713.83734130859375 
580.51910400390625 102.58258819580078 711.79522705078125 
581.99652099609375 103.02588653564453 715.47406005859375 
583.5438232421875 103.43932342529297 716.968017578125 
580.71240234375 102.78555297851562 709.67144775390625 
604.54473876953125 107.66134643554688 729.41192626953125 
602.599609375 107.75726318359375 727.75634765625 
606.19927978515625 106.29831695556641 727.89764404296875 
604.38580322265625 106.84082794189453 727.438232421875 
607.18841552734375 105.10248565673828 726.02783203125 
605.228759765625 105.74219512939453 725.87786865234375 
601.0396728515625 107.54163360595703 725.99066162109375 
603.119140625 106.57804870605469 725.9022216796875 
582.30426025390625 102.66482543945312 713.5130615234375 
584.0482177734375 102.89493560791016 715.2669677734375 
582.5303955078125 102.70165252685547 711.37908935546875 
584.32080078125 102.75225830078125 713.2598876953125 
611.7542724609375 99.504005432128906 716.86248779296875 
610.94073486328125 100.42393493652344 718.83245849609375 
610.0859375 99.183258056640625 714.77044677734375 
609.26470947265625 100.22677612304688 716.66461181640625 
607.3492431640625 99.821342468261719 714.33740234375 
604.87603759765625 100.20543670654297 712.587890625 
602.37127685546875 100.76185607910156 710.877685546875 
585.52032470703125 103.45903778076172 717.34912109375 
587.70452880859375 103.63229370117188 717.66107177734375 
614.28863525390625 102.0238037109375 723.90997314453125 
612.12200927734375 103.47618103027344 725.861572265625 
610.15863037109375 103.63391876220703 724.98443603515625 
608.0992431640625 103.79739379882812 723.90130615234375 
606.0325927734375 104.5770263671875 724.01300048828125 
612.25640869140625 101.73812866210938 722.394287109375 
612.02825927734375 102.68424987792969 724.14697265625 
610.391357421875 101.50051879882812 720.87640380859375 
610.01568603515625 102.66179656982422 722.92529296875 
608.32769775390625 102.48775482177734 721.36865234375 
606.47393798828125 103.40839385986328 721.8101806640625 
608.7548828125 101.31306457519531 718.9603271484375 
606.9635009765625 101.02262878417969 716.84881591796875 
604.84906005859375 100.91969299316406 715.0677490234375 
606.74359130859375 102.27347564697266 719.26763916015625 
602.38299560546875 101.23284149169922 713.32861328125 
586.09930419921875 102.98514556884766 715.37310791015625 
604.01409912109375 105.43601989746094 724.138916015625 
604.5743408203125 104.30074310302734 722.11993408203125 
604.82440185546875 103.27002716064453 719.76275634765625 
580.89508056640625 103.10737609863281 707.41424560546875 
582.80340576171875 102.92630767822266 708.938232421875 
584.5810546875 102.81083679199219 710.87396240234375 
586.34075927734375 102.85000610351562 712.95538330078125 
583.75909423828125 103.78748321533203 692.72442626953125 
582.79901123046875 104.04930877685547 695.0772705078125 
585.4671630859375 103.46864318847656 694.7880859375 
581.94696044921875 104.20112609863281 697.31451416015625 
581.26678466796875 104.19979095458984 699.46710205078125 
580.7071533203125 104.02446746826172 701.46929931640625 
580.08905029296875 103.82687377929688 703.2154541015625 
580.704345703125 103.44871520996094 705.253173828125 
584.44097900390625 103.71298980712891 696.9334716796875 
587.10882568359375 103.15116882324219 696.783935546875 
583.5806884765625 103.80089569091797 699.16693115234375 
582.94207763671875 103.73049163818359 701.41314697265625 
582.1839599609375 103.54729461669922 703.6527099609375 
585.93060302734375 103.41338348388672 698.90008544921875 
588.267333984375 102.96154022216797 698.7159423828125 
590.2391357421875 102.62874603271484 700.11431884765625 
585.2271728515625 103.44966125488281 701.20452880859375 
587.68896484375 103.08977508544922 700.84942626953125 
584.3734130859375 103.37034606933594 703.66357421875 
586.862060546875 103.16339874267578 703.20172119140625 
583.14862060546875 103.18672943115234 706.210693359375 
585.77508544921875 103.14438629150391 705.71099853515625 
584.97882080078125 102.98971557617188 708.2579345703125 
586.73052978515625 102.90814971923828 710.3255615234375 
587.4569091796875 103.02499389648438 707.69134521484375 
589.54449462890625 102.83940887451172 702.58087158203125 
588.5123291015625 102.99723052978516 705.10302734375 
592.22119140625 102.39002227783203 701.91796875 
594.15966796875 102.12588500976562 703.88897705078125 
596.5953369140625 101.66609954833984 704.701904296875 
598.2381591796875 101.4803466796875 706.75537109375 
591.33203125 102.66732788085938 704.46502685546875 
590.15887451171875 102.88808441162109 707.06427001953125 
589.1181640625 102.98612976074219 709.70233154296875 
592.9395751953125 102.53751373291016 706.54083251953125 
595.56341552734375 102.08478546142578 706.6431884765625 
588.42181396484375 102.95946502685547 712.4073486328125 
588.07501220703125 103.06460571289062 715.110595703125 
600.14599609375 101.21772766113281 708.970703125 
591.807373046875 102.84694671630859 709.083984375 
590.779052734375 102.99601745605469 711.666015625 
590.12591552734375 103.07917785644531 714.39044189453125 
589.8780517578125 103.47697448730469 717.05035400390625 
589.89337158203125 104.33472442626953 719.32904052734375 
594.62646484375 102.50167846679688 708.87957763671875 
597.52606201171875 101.90560150146484 709.04913330078125 
593.5111083984375 102.83482360839844 711.1533203125 
592.3387451171875 103.07191467285156 713.56787109375 
591.84832763671875 103.37100219726562 716.29486083984375 
599.63916015625 101.73580169677734 711.57501220703125 
596.5103759765625 102.40009307861328 711.13726806640625 
595.013916015625 102.83090209960938 713.2528076171875 
593.73333740234375 103.19641876220703 715.37359619140625 
597.646728515625 102.54630279541016 713.52191162109375 
595.8089599609375 103.18173217773438 715.79620361328125 
600.1180419921875 102.18513488769531 714.4111328125 
597.98602294921875 103.1090087890625 716.24993896484375 
602.49212646484375 101.96956634521484 715.860595703125 
604.76513671875 102.04411315917969 717.44329833984375 
600.2667236328125 102.93716430664062 717.0015869140625 
602.625 102.98968505859375 718.201416015625 
602.9156494140625 104.12609100341797 720.32763671875 
602.7183837890625 105.19594573974609 722.463134765625 
601.93243408203125 106.31835174560547 724.24591064453125 
599.84063720703125 107.16560363769531 724.1728515625 
597.6357421875 107.49703216552734 723.2933349609375 
595.4248046875 107.23090362548828 722.55450439453125 
593.2454833984375 107.08863830566406 722.3436279296875 
600.6402587890625 103.90779113769531 719.15362548828125 
601.21923828125 104.92808532714844 720.95330810546875 
600.66070556640625 105.91104125976562 722.55804443359375 
598.72882080078125 106.24012756347656 722.32391357421875 
596.75115966796875 105.40851593017578 721.01263427734375 
594.288818359375 105.10418701171875 720.5390625 
591.80072021484375 105.43900299072266 720.9442138671875 
592.0491943359375 104.16214752197266 718.848876953125 
593.953125 103.75582885742188 717.86773681640625 
596.05853271484375 103.99474334716797 718.57598876953125 
598.2525634765625 103.99514007568359 718.7598876953125 
599.10211181640625 104.99585723876953 720.6878662109375 
577.15093994140625 104.14039611816406 782.34454345703125 
578.121826171875 102.18316650390625 780.49603271484375 
579.094970703125 102.76682281494141 782.70263671875 
658.08203125 151.71945190429688 775.07269287109375 
658.9412841796875 152.42935180664062 772.44525146484375 
656.454833984375 153.63046264648438 773.61956787109375 
655.1527099609375 153.38555908203125 776.177001953125 
657.35894775390625 150.72431945800781 777.6456298828125 
653.75146484375 153.06465148925781 778.7193603515625 
655.980712890625 150.18118286132812 780.18377685546875 
653.93524169921875 151.50286865234375 781.455810546875 
651.974853515625 152.85577392578125 780.967529296875 
654.77978515625 149.18783569335938 782.6160888671875 
653.147705078125 148.81515502929688 784.85784912109375 
652.220703125 151.27981567382812 783.46661376953125 
578.221435546875 104.82946014404297 784.44781494140625 
580.26763916015625 103.47426605224609 784.79388427734375 
576.56903076171875 106.83634948730469 783.37750244140625 
577.1480712890625 109.35935211181641 784.32879638671875 
577.88568115234375 107.37625885009766 785.58935546875 
579.48858642578125 105.66822814941406 786.38299560546875 
581.5064697265625 104.39697265625 786.80706787109375 
580.59381103515625 106.86002349853516 788.16070556640625 
582.76068115234375 105.43441009521484 788.78509521484375 
581.7935791015625 108.15691375732422 789.88299560546875 
584.10467529296875 106.49631500244141 790.6748046875 
583.09613037109375 109.43791961669922 791.4991455078125 
585.5809326171875 107.52982330322266 792.4189453125 
584.6094970703125 110.64768218994141 793.179443359375 
587.1893310546875 108.47979736328125 794.06640625 
640.12420654296875 147.07646179199219 794.86590576171875 
638.21978759765625 146.48916625976562 795.5286865234375 
640.45367431640625 145.34205627441406 797.0731201171875 
637.9456787109375 145.31884765625 797.2464599609375 
651.62261962890625 148.01783752441406 787.10736083984375 
650.8641357421875 150.28030395507812 785.9898681640625 
649.8468017578125 147.51689147949219 789.272705078125 
649.5184326171875 149.48837280273438 788.06585693359375 
648.01593017578125 147.02180480957031 791.27191162109375 
647.89434814453125 148.86222839355469 790.072998046875 
650.4739990234375 152.89605712890625 782.1322021484375 
649.05474853515625 152.22235107421875 784.37908935546875 
648.80364990234375 150.96601867675781 786.62335205078125 
647.01458740234375 151.82209777832031 786.00360107421875 
647.387939453125 150.45944213867188 788.21612548828125 
645.2635498046875 151.07974243164062 787.868408203125 
645.75372314453125 149.8009033203125 790.05712890625 
643.49969482421875 150.24583435058594 789.7401123046875 
644.3626708984375 149.06024169921875 791.571044921875 
642.455078125 149.03451538085938 791.92694091796875 
644.08770751953125 147.58151245117188 793.643798828125 
641.51324462890625 148.02861022949219 793.54052734375 
642.51300048828125 146.28778076171875 795.61541748046875 
639.37481689453125 143.87178039550781 798.7138671875 
637.15765380859375 144.15306091308594 798.70648193359375 
638.373779296875 143.05436706542969 799.5477294921875 
636.6290283203125 143.378662109375 799.6185302734375 
638.1363525390625 141.50260925292969 800.26019287109375 
636.12738037109375 141.89704895019531 800.8905029296875 
634.5032958984375 142.43357849121094 800.39947509765625 
634.96783447265625 141.05740356445312 801.6173095703125 
632.98138427734375 140.93899536132812 801.8131103515625 
578.1087646484375 111.89640808105469 784.3287353515625 
578.38043212890625 109.99166870117188 786.160400390625 
579.79498291015625 113.98719024658203 784.3829345703125 
579.52471923828125 112.56238555908203 786.30255126953125 
581.5948486328125 115.00550842285156 785.756591796875 
582.4564208984375 114.75499725341797 788.1060791015625 
581.00372314453125 112.91717529296875 788.27642822265625 
586.5494384765625 111.89146423339844 795.0335693359375 
589.171630859375 108.87299346923828 795.4251708984375 
588.9931640625 111.74076080322266 796.849365234375 
591.3726806640625 108.98641967773438 796.54107666015625 
591.0079345703125 111.49169158935547 798.05804443359375 
593.03253173828125 110.01224517822266 798.00628662109375 
592.476318359375 112.549072265625 799.18927001953125 
595.132568359375 110.45877075195312 799.08294677734375 
594.46441650390625 113.20343017578125 800.3841552734375 
597.20367431640625 111.05206298828125 800.1298828125 
596.59161376953125 113.83608245849609 801.4698486328125 
599.06341552734375 112.04914855957031 801.2076416015625 
598.684814453125 114.57277679443359 802.4190673828125 
601.06439208984375 112.82147979736328 802.04345703125 
646.4259033203125 145.90998840332031 793.14813232421875 
646.13787841796875 148.20925903320312 791.9373779296875 
644.78924560546875 144.75590515136719 794.9033203125 
643.48876953125 142.95497131347656 796.1475830078125 
641.61883544921875 142.09098815917969 797.71551513671875 
640.34747314453125 141.55656433105469 798.7564697265625 
636.3060302734375 140.53364562988281 801.53271484375 
634.82183837890625 138.87753295898438 802.545166015625 
600.9334716796875 115.16795349121094 803.29510498046875 
603.37652587890625 112.99734497070312 802.38287353515625 
603.615966796875 115.54639434814453 804.01153564453125 
605.67523193359375 113.10452270507812 802.54278564453125 
606.93817138671875 114.69237518310547 803.79180908203125 
632.9376220703125 137.80131530761719 803.529541015625 
630.8563232421875 139.93508911132812 802.38885498046875 
631.115966796875 136.47096252441406 804.4119873046875 
628.78875732421875 138.72860717773438 802.80889892578125 
628.3306884765625 136.48777770996094 804.79266357421875 
626.80242919921875 137.36520385742188 803.33831787109375 
629.82379150390625 134.39163208007812 804.901123046875 
628.3328857421875 132.44854736328125 805.35845947265625 
627.77783203125 134.69900512695312 805.47698974609375 
626.6593017578125 130.70909118652344 805.88421630859375 
626.35223388671875 133.40896606445312 805.9158935546875 
626.4039306640625 135.51762390136719 804.9842529296875 
624.84600830078125 135.96482849121094 803.9144287109375 
625.12603759765625 128.67289733886719 806.0562744140625 
624.72979736328125 131.71333312988281 806.31787109375 
623.395751953125 126.87992095947266 806.24774169921875 
623.020263671875 129.94332885742188 806.6678466796875 
621.57330322265625 125.25576019287109 806.38238525390625 
621.2127685546875 128.21435546875 806.96246337890625 
619.873046875 123.45985412597656 806.29534912109375 
619.3409423828125 126.50514984130859 807.146484375 
618.30615234375 121.66936492919922 805.85675048828125 
617.4615478515625 124.84653472900391 807.21209716796875 
616.68426513671875 119.98947143554688 805.292236328125 
615.64190673828125 123.24359130859375 807.10980224609375 
614.90301513671875 118.56035614013672 804.967041015625 
613.805908203125 121.75526428222656 806.9371337890625 
612.963134765625 117.35211181640625 804.82757568359375 
611.97796630859375 120.31508636474609 806.5941162109375 
611.10467529296875 116.11635589599609 804.3529052734375 
610.20159912109375 118.87631225585938 806.087158203125 
609.174560546875 115.05210876464844 803.8621826171875 
608.970947265625 117.42287445068359 805.37548828125 
606.962890625 117.32442474365234 805.26861572265625 
604.9779052734375 117.15737152099609 804.9140625 
624.59490966796875 134.16162109375 805.47589111328125 
622.84619140625 134.56376647949219 804.2630615234375 
622.7705078125 132.57279968261719 806.0556640625 
620.95489501953125 133.00282287597656 804.7724609375 
620.940673828125 130.87335205078125 806.48321533203125 
619.017333984375 131.47950744628906 805.09576416015625 
619.02947998046875 129.26484680175781 806.7554931640625 
617.0350341796875 130.02598571777344 805.07745361328125 
616.998291015625 127.77982330322266 806.82830810546875 
615.05035400390625 128.65336608886719 804.70416259765625 
614.9844970703125 126.34001922607422 806.8013916015625 
613.1402587890625 127.26274108886719 804.633544921875 
613.03375244140625 124.94401550292969 806.68304443359375 
611.248291015625 125.91676330566406 804.2740478515625 
611.083251953125 123.56027984619141 806.50244140625 
609.31719970703125 124.63637542724609 803.84722900390625 
609.19561767578125 122.20471954345703 806.2198486328125 
607.3507080078125 123.31838226318359 803.711669921875 
607.27020263671875 120.31667327880859 805.79254150390625 
605.369384765625 122.16050720214844 803.16058349609375 
604.8021240234375 119.74350738525391 804.93011474609375 
603.377197265625 121.08158874511719 802.53759765625 
602.8427734375 118.75335693359375 804.2818603515625 
601.35797119140625 119.9444580078125 802.11749267578125 
600.84759521484375 117.80816650390625 803.44989013671875 
599.3682861328125 119.22490692138672 801.04656982421875 
598.643310546875 117.28647613525391 802.3226318359375 
597.41107177734375 118.68698883056641 799.72149658203125 
596.53424072265625 116.65979766845703 801.2086181640625 
595.33905029296875 118.00606536865234 798.68170166015625 
594.4456787109375 116.0682373046875 799.99847412109375 
593.38372802734375 117.56138610839844 797.27227783203125 
592.37548828125 115.52732086181641 798.70062255859375 
591.41033935546875 117.06373596191406 795.90020751953125 
590.080078125 114.53951263427734 797.3695068359375 
589.33172607421875 116.14263153076172 795.1690673828125 
584.19146728515625 115.39664459228516 789.75054931640625 
582.65509033203125 112.94701385498047 790.66546630859375 
585.87896728515625 115.74301147460938 791.55084228515625 
584.6629638671875 113.84488677978516 792.5374755859375 
587.7471923828125 116.22032928466797 793.11505126953125 
586.27911376953125 114.58823394775391 793.7230224609375 
587.85308837890625 114.40682220458984 795.46942138671875 
581.43597412109375 110.87225341796875 789.9141845703125 
579.12457275390625 107.99371337890625 787.0936279296875 
579.99658203125 110.05329895019531 788.20660400390625 
667.3277587890625 145.94825744628906 757.0538330078125 
667.4605712890625 146.59274291992188 754.40679931640625 
666.1298828125 148.40898132324219 756.87353515625 
627.560791015625 130.07553100585938 804.93853759765625 
625.8775634765625 127.99185943603516 804.91827392578125 
626.988525390625 128.04377746582031 803.23486328125 
629.0587158203125 130.04669189453125 802.6575927734375 
630.28228759765625 130.64338684082031 800.42877197265625 
631.62109375 131.7476806640625 798.53936767578125 
633.26092529296875 133.29208374023438 797.52813720703125 
635.0408935546875 134.89938354492188 796.911376953125 
636.8812255859375 136.41619873046875 796.3770751953125 
638.7642822265625 137.94969177246094 796.279296875 
640.58697509765625 139.46452331542969 796.326171875 
642.43170166015625 140.9017333984375 795.830078125 
644.15155029296875 142.4365234375 795.270751953125 
645.82421875 143.61561584472656 793.93035888671875 
647.552001953125 144.50248718261719 792.2569580078125 
649.201416015625 145.35296630859375 790.5091552734375 
650.9415283203125 145.84866333007812 788.515380859375 
652.500732421875 146.70420837402344 786.52313232421875 
653.96588134765625 147.43035888671875 784.4283447265625 
656.27520751953125 148.29069519042969 780.94219970703125 
656.97900390625 146.64602661132812 780.00091552734375 
666.365478515625 147.40254211425781 758.89739990234375 
665.2059326171875 149.28514099121094 759.53173828125 
666.688720703125 145.71353149414062 759.678955078125 
657.53826904296875 148.62164306640625 778.9384765625 
658.51849365234375 146.59005737304688 777.52191162109375 
665.704833984375 147.77253723144531 761.1240234375 
663.99273681640625 150.36189270019531 762.1131591796875 
664.87054443359375 148.16531372070312 763.7044677734375 
663.1319580078125 150.75672912597656 764.83062744140625 
658.90814208984375 149.01966857910156 776.52978515625 
659.957275390625 146.28074645996094 774.9761962890625 
660.23443603515625 149.29930114746094 774.04998779296875 
660.2823486328125 152.18382263183594 769.825439453125 
661.6187744140625 149.23709106445312 771.51617431640625 
661.60723876953125 151.73280334472656 767.23919677734375 
662.791015625 148.89482116699219 768.8670654296875 
663.9613037109375 148.54837036132812 766.34051513671875 
661.33013916015625 145.96792602539062 772.41192626953125 
662.51165771484375 145.25341796875 769.84332275390625 
663.7939453125 145.26829528808594 767.36676025390625 
664.947509765625 145.65739440917969 764.91961669921875 
665.88470458984375 145.71687316894531 762.33087158203125 
648.1490478515625 127.21634674072266 728.9652099609375 
634.0625 86.530555725097656 689.9532470703125 
634.0262451171875 87.916679382324219 691.469970703125 
633.67425537109375 88.594718933105469 693.98370361328125 
646.517578125 125.6749267578125 728.0997314453125 
645.70343017578125 124.94934844970703 725.90362548828125 
644.70318603515625 124.19084167480469 724.211669921875 
643.33056640625 123.20398712158203 722.83087158203125 
642.05609130859375 122.12403106689453 721.341796875 
640.8607177734375 120.880126953125 719.90338134765625 
639.76971435546875 119.48792266845703 718.32781982421875 
633.93426513671875 90.075935363769531 695.29595947265625 
633.76239013671875 91.069023132324219 697.94921875 
633.83563232421875 92.086822509765625 699.95513916015625 
634.11859130859375 93.253776550292969 701.61175537109375 
634.4664306640625 94.518013000488281 703.17706298828125 
634.71209716796875 95.841384887695312 704.83349609375 
634.85858154296875 97.199981689453125 706.49139404296875 
634.91314697265625 98.642585754394531 707.90350341796875 
635.26519775390625 100.18280029296875 709.03204345703125 
634.17547607421875 89.983085632324219 691.9591064453125 
634.35357666015625 91.974456787109375 692.40301513671875 
634.59686279296875 93.951728820800781 692.8095703125 
634.89959716796875 95.613197326660156 693.71832275390625 
635.37286376953125 96.970954895019531 695.07464599609375 
635.96405029296875 98.133323669433594 696.736572265625 
636.52587890625 99.207794189453125 698.6307373046875 
637.0478515625 100.29660034179688 700.605224609375 
637.4373779296875 101.54494476318359 702.584716796875 
637.2451171875 102.95612335205078 704.6329345703125 
636.97991943359375 104.26786804199219 706.53118896484375 
636.9337158203125 105.38433074951172 708.3643798828125 
637.1431884765625 106.47272491455078 710.2056884765625 
637.224365234375 107.60577392578125 712.43585205078125 
637.3839111328125 110.140869140625 713.5487060546875 
637.60748291015625 112.45845794677734 713.99676513671875 
637.804931640625 113.28793334960938 715.759765625 
638.0916748046875 114.65634155273438 717.6180419921875 
638.46112060546875 116.09928131103516 719.45513916015625 
643.900634765625 123.52273559570312 728.22027587890625 
641.78216552734375 121.70103454589844 727.9588623046875 
639.9775390625 119.80833435058594 727.27716064453125 
638.208251953125 117.60329437255859 726.6334228515625 
636.6605224609375 115.28624725341797 726.223388671875 
635.66815185546875 113.46505737304688 725.78985595703125 
635.89544677734375 112.78414154052734 724.0479736328125 
636.66107177734375 112.47573852539062 721.32916259765625 
636.723876953125 110.95673370361328 719.1448974609375 
636.83746337890625 109.45904541015625 716.927490234375 
636.29193115234375 106.84311676025391 715.83856201171875 
635.8387451171875 104.68682861328125 714.68731689453125 
635.49151611328125 102.61722564697266 713.0006103515625 
636.076171875 101.85649108886719 710.12347412109375 
634.5185546875 92.192779541015625 695.2257080078125 
634.8818359375 93.869003295898438 695.1197509765625 
635.20477294921875 94.839347839355469 696.33746337890625 
635.6571044921875 95.946449279785156 697.79608154296875 
636.1021728515625 97.043647766113281 699.46185302734375 
636.52923583984375 98.181007385253906 701.29083251953125 
643.755615234375 123.30180358886719 726.2755126953125 
634.683837890625 92.909423828125 697.323486328125 
634.9783935546875 93.920600891113281 698.94207763671875 
635.3458251953125 95.058631896972656 700.50634765625 
635.69873046875 96.25677490234375 702.1710205078125 
642.43359375 122.10701751708984 725.41497802734375 
640.7630615234375 120.2813720703125 724.24273681640625 
638.61370849609375 117.49360656738281 724.161865234375 
635.9454345703125 97.51275634765625 703.950439453125 
636.8690185546875 99.382431030273438 703.1822509765625 
636.03717041015625 98.81884765625 705.6715087890625 
636.876708984375 100.64256286621094 705.17742919921875 
635.99542236328125 99.973472595214844 707.09844970703125 
636.62646484375 101.792724609375 707.3880615234375 
636.82421875 103.37714385986328 708.635498046875 
636.83734130859375 104.00318908691406 710.49005126953125 
636.7864990234375 104.97747039794922 712.26763916015625 
637.38946533203125 114.59550476074219 722.11865234375 
637.1099853515625 115.04570770263672 724.0201416015625 
638.95135498046875 117.48771667480469 721.50738525390625 
640.27703857421875 119.64593505859375 722.22808837890625 
582.9027099609375 98.129104614257812 672.5235595703125 
584.01727294921875 97.355079650878906 672.1004638671875 
583.92779541015625 99.176780700683594 672.86126708984375 
620.8406982421875 88.685768127441406 689.4532470703125 
582.71875 99.944099426269531 673.76806640625 
584.20550537109375 100.91519165039062 673.81329345703125 
582.75634765625 101.49644470214844 675.33782958984375 
584.51470947265625 102.41733551025391 675.0782470703125 
583.39166259765625 102.59642028808594 677.24090576171875 
585.1485595703125 103.55799865722656 676.59185791015625 
585.21270751953125 103.54308319091797 678.38067626953125 
584.1978759765625 103.11892700195312 679.36187744140625 
586.64251708984375 104.00994873046875 679.5687255859375 
586.12078857421875 103.35366821289062 680.937255859375 
588.31048583984375 103.88867950439453 681.43572998046875 
587.89471435546875 103.37239837646484 682.62255859375 
590.43365478515625 103.8624267578125 682.83660888671875 
590.1439208984375 103.37467193603516 683.74285888671875 
592.5914306640625 103.51209259033203 684.1588134765625 
591.95684814453125 102.87156677246094 685.36895751953125 
594.723876953125 102.77568054199219 685.407470703125 
594.009521484375 102.23031616210938 686.66583251953125 
596.86517333984375 101.96169281005859 686.57861328125 
596.19976806640625 101.52388763427734 687.640869140625 
598.18865966796875 100.69236755371094 688.87091064453125 
598.990478515625 101.00707244873047 687.58404541015625 
600.165283203125 99.988525390625 690.11053466796875 
601.1075439453125 100.16756439208984 688.5391845703125 
602.04791259765625 99.4107666015625 691.59112548828125 
602.08013916015625 99.612434387207031 690.130615234375 
603.34173583984375 99.600250244140625 689.3109130859375 
620.88116455078125 89.126739501953125 691.4879150390625 
620.630615234375 90.633003234863281 689.98516845703125 
603.76593017578125 99.199684143066406 691.1180419921875 
603.888671875 98.950096130371094 693.1988525390625 
605.577880859375 99.082656860351562 690.02850341796875 
619.63336181640625 98.081268310546875 716.0770263671875 
617.9573974609375 97.782638549804688 714.43658447265625 
616.55029296875 97.741180419921875 712.684814453125 
615.2030029296875 97.481964111328125 711.0447998046875 
614.0709228515625 97.173324584960938 709.69024658203125 
612.146240234375 97.090133666992188 709.30889892578125 
614.10723876953125 96.774543762207031 707.7598876953125 
611.8704833984375 96.736625671386719 706.85223388671875 
614.06842041015625 96.35345458984375 705.416259765625 
611.841064453125 96.51629638671875 704.34161376953125 
620.516357421875 97.501602172851562 713.76611328125 
621.24688720703125 96.905136108398438 711.4769287109375 
621.55426025390625 95.989479064941406 709.55413818359375 
613.90924072265625 96.102790832519531 702.97125244140625 
611.792236328125 96.476898193359375 701.814697265625 
605.6685791015625 98.715591430664062 692.331298828125 
607.645263671875 98.556053161621094 691.111328125 
621.4583740234375 95.128410339355469 707.68487548828125 
621.01947021484375 94.393547058105469 705.6209716796875 
620.68414306640625 90.440910339355469 693.00494384765625 
620.75213623046875 91.13067626953125 695.8197021484375 
620.68927001953125 91.831855773925781 698.2864990234375 
620.585693359375 92.670967102050781 700.645263671875 
605.8143310546875 98.511878967285156 694.669677734375 
620.33282470703125 93.728424072265625 703.1141357421875 
607.52557373046875 98.202835083007812 693.6859130859375 
607.7991943359375 98.06048583984375 696.02703857421875 
609.796142578125 97.405647277832031 697.25201416015625 
609.38494873046875 97.623367309570312 694.9334716796875 
613.722412109375 96.136917114257812 700.50103759765625 
611.16937255859375 96.798133850097656 699.3052978515625 
619.7220458984375 92.489059448242188 690.50860595703125 
619.56134033203125 92.52838134765625 693.390380859375 
618.37054443359375 94.150680541992188 691.09521484375 
616.58282470703125 95.559974670410156 691.64178466796875 
617.79864501953125 94.256721496582031 693.7353515625 
614.580810546875 96.809074401855469 691.71142578125 
615.63922119140625 95.740226745605469 693.919189453125 
612.4520263671875 97.809219360351562 691.39111328125 
613.21124267578125 96.780143737792969 693.82537841796875 
610.09088134765625 98.278167724609375 691.07562255859375 
610.89739990234375 97.490791320800781 693.408203125 
609.0589599609375 98.002593994140625 692.86553955078125 
611.66949462890625 96.870223999023438 696.19171142578125 
613.406982421875 96.31207275390625 698.22210693359375 
614.57611083984375 96.166221618652344 696.1756591796875 
618.898193359375 97.38043212890625 712.11248779296875 
617.4136962890625 97.207969665527344 710.46160888671875 
619.53155517578125 96.652740478515625 710.0654296875 
615.94024658203125 96.959587097167969 708.92779541015625 
618.1318359375 96.462631225585938 708.496337890625 
619.95367431640625 95.938980102539062 708.5074462890625 
619.3800048828125 92.974601745605469 695.9949951171875 
616.68408203125 96.347404479980469 706.47406005859375 
616.15875244140625 95.818099975585938 703.93109130859375 
619.3050537109375 95.586563110351562 706.83673095703125 
618.6085205078125 95.195610046386719 704.70330810546875 
616.066162109375 95.495216369628906 701.70806884765625 
617.87994384765625 94.86663818359375 702.88385009765625 
618.39617919921875 94.278663635253906 700.935791015625 
618.88885498046875 93.618438720703125 698.484130859375 
617.18377685546875 94.754524230957031 696.1884765625 
616.19561767578125 95.424530029296875 698.869140625 
576.12420654296875 105.75494384765625 713.314208984375 
577.20697021484375 105.58737945556641 690.8651123046875 
577.3978271484375 105.23876953125 688.73590087890625 
575.5797119140625 106.04907989501953 711.37939453125 
575.47991943359375 105.52733612060547 709.35400390625 
575.30474853515625 105.50688171386719 707.27447509765625 
576.43353271484375 106.07232666015625 692.8177490234375 
575.02984619140625 105.97767639160156 705.22100830078125 
574.8594970703125 106.53787231445312 703.161376953125 
574.92706298828125 106.83443450927734 701.052490234375 
575.20220947265625 106.81523895263672 698.93170166015625 
575.37457275390625 106.78038024902344 696.75482177734375 
575.339599609375 106.71021270751953 694.5025634765625 
598.48297119140625 120.64793395996094 717.421630859375 
601.205810546875 119.2093505859375 716.3302001953125 
599.36505126953125 121.16376495361328 715.22064208984375 
579.00848388671875 103.49332427978516 680.4962158203125 
592.469970703125 124.39868927001953 698.5826416015625 
592.24859619140625 123.9393310546875 696.47479248046875 
590.12396240234375 123.90261077880859 697.3016357421875 
596.8056640625 122.44068908691406 716.23297119140625 
597.71002197265625 123.17545318603516 714.28460693359375 
595.68707275390625 121.04988861083984 718.58453369140625 
568.53594970703125 112.40286254882812 689.7515869140625 
568.41796875 111.39727783203125 687.8929443359375 
578.031982421875 104.16783142089844 682.7545166015625 
576.451904296875 104.26470947265625 680.9114990234375 
574.031494140625 105.34284210205078 681.49945068359375 
575.48431396484375 105.12207794189453 683.19866943359375 
572.92803955078125 106.42958068847656 683.7196044921875 
569.72528076171875 110.181640625 689.1966552734375 
569.9190673828125 109.30550384521484 687.156982421875 
568.92706298828125 113.5015869140625 691.4468994140625 
570.41424560546875 117.19872283935547 692.97308349609375 
569.62115478515625 114.8265380859375 693.09552001953125 
572.21270751953125 118.51961517333984 694.2283935546875 
570.7684326171875 116.19208526611328 694.669189453125 
574.01922607421875 119.26858520507812 695.69110107421875 
572.330322265625 117.34480285644531 696.132568359375 
576.01324462890625 119.73184967041016 696.85406494140625 
574.2332763671875 118.37411499023438 697.50665283203125 
577.04541015625 104.84384155273438 685.01104736328125 
576.09417724609375 105.53160095214844 687.16632080078125 
595.39727783203125 124.18608093261719 714.59722900390625 
596.1251220703125 124.30181121826172 712.603515625 
589.93292236328125 124.31882476806641 699.71331787109375 
587.83697509765625 122.99661254882812 697.98577880859375 
592.853271484375 124.63812255859375 700.778076171875 
593.288330078125 124.82089233398438 703.1004638671875 
590.9066162109375 124.77108001708984 702.26995849609375 
593.53289794921875 125.10198974609375 705.562255859375 
591.51605224609375 124.9857177734375 704.7039794921875 
593.84912109375 125.22315216064453 708.1722412109375 
592.083251953125 125.14298248291016 707.2623291015625 
578.291259765625 120.14652252197266 697.53350830078125 
576.45587158203125 119.05459594726562 698.61883544921875 
580.61309814453125 120.45999145507812 698.121337890625 
578.8875732421875 119.38267517089844 699.5191650390625 
583.010498046875 121.15916442871094 698.4278564453125 
581.54644775390625 120.07099151611328 700.0406494140625 
585.42303466796875 122.03009796142578 698.28277587890625 
584.25531005859375 121.27941131591797 700.0933837890625 
586.9390869140625 122.62250518798828 699.94232177734375 
574.42340087890625 105.98061370849609 685.40240478515625 
571.53192138671875 107.69326782226562 685.68707275390625 
593.901123046875 124.88294982910156 712.46148681640625 
594.66827392578125 124.92096710205078 710.60931396484375 
592.7569580078125 125.12667083740234 709.934326171875 
571.48321533203125 108.28636932373047 688.388916015625 
573.65496826171875 106.77895355224609 687.63714599609375 
583.1551513671875 108.06735992431641 720.3204345703125 
585.16192626953125 108.08985137939453 721.69720458984375 
584.3697509765625 109.67855072021484 720.96343994140625 
586.57098388671875 109.77133941650391 722.81390380859375 
581.25830078125 107.83198547363281 718.8980712890625 
582.3408203125 109.51174926757812 719.11724853515625 
579.53118896484375 107.60043334960938 717.16754150390625 
580.412353515625 109.16037750244141 717.235595703125 
577.84661865234375 107.14048767089844 715.6748046875 
578.66888427734375 108.49752044677734 715.46905517578125 
576.32275390625 106.2210693359375 714.06500244140625 
577.00811767578125 107.67473602294922 714.108642578125 
576.17657470703125 107.94812774658203 712.321044921875 
585.824462890625 111.35877990722656 721.79345703125 
588.22943115234375 111.15589141845703 723.605224609375 
587.5130615234375 112.83037567138672 722.61614990234375 
589.26202392578125 114.10931396484375 723.1151123046875 
590.8966064453125 115.58194732666016 723.05718994140625 
593.11871337890625 114.70381927490234 723.4464111328125 
592.993408203125 117.42520141601562 722.48504638671875 
575.38421630859375 106.16249084472656 689.27423095703125 
574.84759521484375 106.69815826416016 691.365966796875 
574.25244140625 107.29529571533203 693.333984375 
573.8782958984375 107.86660003662109 695.30743408203125 
573.7139892578125 108.2991943359375 697.364501953125 
573.53448486328125 108.86054229736328 699.40362548828125 
573.52777099609375 109.52473449707031 701.6903076171875 
573.9254150390625 108.9849853515625 704.08001708984375 
574.55181884765625 108.77645874023438 706.5675048828125 
574.89483642578125 107.53144073486328 708.4580078125 
575.37451171875 107.91983032226562 710.2523193359375 
590.2301025390625 117.81877136230469 721.82562255859375 
591.60601806640625 119.55223083496094 720.8724365234375 
593.89019775390625 119.55269622802734 720.58099365234375 
592.8907470703125 121.54187774658203 719.0909423828125 
594.27520751953125 123.30730438232422 716.93511962890625 
591.74517822265625 123.03436279296875 717.3603515625 
588.27960205078125 123.44570922851562 701.9066162109375 
569.6558837890625 111.03837585449219 691.14190673828125 
573.19952392578125 107.42250823974609 689.87744140625 
571.2305908203125 109.03016662597656 690.55035400390625 
572.78546142578125 108.06730651855469 691.9617919921875 
571.040771484375 109.92038726806641 692.53558349609375 
572.4901123046875 108.84728240966797 693.91571044921875 
588.6572265625 115.99954986572266 721.78668212890625 
587.1229248046875 114.3636474609375 721.212890625 
569.85675048828125 112.27973175048828 692.93731689453125 
571.07220458984375 110.99089813232422 694.40838623046875 
572.373291015625 109.72374725341797 695.880126953125 
570.38922119140625 113.5445556640625 694.67620849609375 
571.37066650390625 112.1910400390625 696.2293701171875 
572.3870849609375 110.56673431396484 697.7972412109375 
571.27215576171875 114.87678527832031 696.3363037109375 
571.98431396484375 113.44039154052734 697.9832763671875 
572.6329345703125 116.22843170166016 697.91351318359375 
589.26092529296875 124.03299713134766 704.11004638671875 
590.02423095703125 124.38704681396484 706.4869384765625 
574.50115966796875 117.28746032714844 699.3343505859375 
572.9974365234375 114.69247436523438 699.65771484375 
572.6766357421875 111.71721649169922 699.71673583984375 
573.45587158203125 112.94651794433594 701.45501708984375 
573.832763671875 111.46321868896484 703.04388427734375 
574.67388916015625 115.83094787597656 701.2716064453125 
574.74786376953125 113.92253112792969 703.1187744140625 
576.79351806640625 117.94196319580078 700.65191650390625 
579.6148681640625 118.44453430175781 702.0416259765625 
582.86944580078125 120.03404998779297 702.06451416015625 
585.62835693359375 121.71326446533203 701.93731689453125 
586.8817138671875 122.31526184082031 703.9215087890625 
587.8643798828125 122.86034393310547 705.99688720703125 
576.7537841796875 116.37021636962891 702.8609619140625 
590.6221923828125 124.5897216796875 709.09637451171875 
588.48150634765625 123.13473510742188 708.27777099609375 
574.63482666015625 111.62898254394531 704.8203125 
576.31024169921875 114.21514892578125 705.02386474609375 
578.8116455078125 116.32636260986328 704.81134033203125 
581.64306640625 118.34170532226562 704.42327880859375 
577.77337646484375 109.30715179443359 713.45166015625 
579.6845703125 110.15049743652344 715.1068115234375 
581.6727294921875 110.80101013183594 717.23895263671875 
583.72662353515625 111.15899658203125 719.52685546875 
585.38909912109375 112.82789611816406 720.3338623046875 
585.4256591796875 114.45695495605469 719.0054931640625 
587.0062255859375 115.93381500244141 719.94378662109375 
583.37518310546875 112.82245635986328 717.461181640625 
581.14666748046875 112.00147247314453 714.79180908203125 
578.95263671875 111.33560943603516 712.26226806640625 
576.76318359375 109.73519134521484 711.11907958984375 
575.5848388671875 109.69132232666016 708.811767578125 
575.87811279296875 111.82160949707031 707.00531005859375 
577.336669921875 111.73767852783203 709.37677001953125 
578.00799560546875 114.03697204589844 707.22998046875 
579.511474609375 113.53536987304688 709.720458984375 
581.0302734375 113.44992065429688 712.16839599609375 
580.778076171875 116.11814880371094 707.3763427734375 
584.38427734375 120.36322021484375 704.0731201171875 
585.73248291015625 120.97540283203125 706.0106201171875 
586.7926025390625 121.62669372558594 707.64544677734375 
583.43670654296875 118.73555755615234 706.5086669921875 
585.10675048828125 119.65810394287109 708.40142822265625 
581.4061279296875 115.06581115722656 710.0242919921875 
583.03082275390625 117.21575927734375 709.21856689453125 
586.8477783203125 121.21513366699219 709.85247802734375 
588.86328125 123.09184265136719 710.88330078125 
582.829833984375 115.65631866455078 711.900634765625 
582.76239013671875 114.08476257324219 714.522216796875 
584.45526123046875 115.03867340087891 716.6842041015625 
585.83599853515625 115.94098663330078 718.1998291015625 
591.296875 124.56571960449219 712.19671630859375 
592.99224853515625 124.56864166259766 714.80987548828125 
590.39776611328125 123.32915496826172 715.062744140625 
590.59051513671875 120.78561401367188 719.2371826171875 
589.8385009765625 119.04595947265625 720.42608642578125 
588.4573974609375 117.65425109863281 720.43505859375 
587.069580078125 117.50737762451172 718.62860107421875 
588.6854248046875 119.27736663818359 718.97503662109375 
589.35760498046875 121.25052642822266 717.26580810546875 
589.09185791015625 122.76090240478516 713.21026611328125 
587.234130859375 120.96766662597656 712.53424072265625 
584.9495849609375 118.51740264892578 711.515625 
584.3519287109375 116.43381500244141 714.29046630859375 
586.1588134765625 118.86122894287109 714.5343017578125 
585.73681640625 117.09992980957031 716.590576171875 
587.3709716796875 119.16001892089844 716.96832275390625 
588.13726806640625 121.12909698486328 715.01849365234375 
580.78863525390625 105.01594543457031 758.06536865234375 
579.48870849609375 105.11961364746094 760.2137451171875 
578.1468505859375 105.51848602294922 762.44549560546875 
577.97760009765625 105.87964630126953 764.40899658203125 
578.11224365234375 105.92002105712891 766.3712158203125 
577.6585693359375 105.59777069091797 768.203125 
578.877685546875 104.82775115966797 768.2830810546875 
603.52789306640625 111.09499359130859 799.25726318359375 
606.3641357421875 111.52619171142578 798.8619384765625 
605.3843994140625 111.93921661376953 800.86822509765625 
603.09271240234375 111.55908966064453 800.75823974609375 
600.7471923828125 111.31257629394531 800.5982666015625 
600.67926025390625 110.67945098876953 799.3729248046875 
598.8011474609375 110.559326171875 799.5765380859375 
599.0474853515625 109.88427734375 797.82867431640625 
596.9483642578125 109.61045837402344 798.3380126953125 
597.4320068359375 108.89028167724609 796.344970703125 
594.97216796875 108.77539825439453 797.17938232421875 
595.3753662109375 108.08322143554688 795.60357666015625 
592.988037109375 107.98968505859375 795.9801025390625 
593.5086669921875 107.10600280761719 794.53173828125 
591.0474853515625 107.20405578613281 794.68865966796875 
591.729248046875 106.23388671875 793.20440673828125 
589.057861328125 106.63750457763672 793.35638427734375 
590.02008056640625 105.38392639160156 791.7640380859375 
587.21295166015625 106.0032958984375 791.8409423828125 
588.2694091796875 104.70336151123047 790.27520751953125 
585.70098876953125 105.02907562255859 790.04254150390625 
586.87750244140625 103.84676361083984 788.4454345703125 
584.380615234375 104.06112670898438 788.052490234375 
585.8245849609375 102.96973419189453 786.35626220703125 
583.23712158203125 103.09152221679688 785.948486328125 
584.89666748046875 102.16150665283203 784.21514892578125 
581.99822998046875 102.29472351074219 783.89691162109375 
583.65228271484375 101.70455169677734 782.268310546875 
580.68670654296875 101.84419250488281 781.885498046875 
582.4278564453125 101.3792724609375 780.32763671875 
581.03240966796875 101.4552001953125 778.58331298828125 
579.1865234375 101.74179077148438 780.05645751953125 
579.2998046875 101.71783447265625 777.159423828125 
577.742431640625 102.07279968261719 778.18157958984375 
576.651123046875 104.6810302734375 770.81756591796875 
579.0533447265625 103.79882049560547 770.41021728515625 
577.34625244140625 103.64052581787109 772.2239990234375 
578.8958740234375 102.95100402832031 772.6876220703125 
575.4783935546875 104.99441528320312 771.7205810546875 
576.41302490234375 103.47365570068359 773.71221923828125 
578.041748046875 102.32882690429688 776.15020751953125 
576.37615966796875 102.92062377929688 776.239013671875 
578.99761962890625 102.25359344482422 774.9329833984375 
577.695068359375 102.83389282226562 774.3140869140625 
623.015380859375 108.67174530029297 743.8074951171875 
622.7000732421875 108.77994537353516 745.93560791015625 
622.2713623046875 108.72645568847656 748.06610107421875 
621.79522705078125 108.59796142578125 750.185791015625 
621.33123779296875 108.4906005859375 752.31060791015625 
621.22711181640625 108.74784851074219 754.38330078125 
621.0615234375 108.97301483154297 756.46929931640625 
620.72784423828125 109.04608154296875 758.56634521484375 
620.29010009765625 109.06727600097656 760.63568115234375 
619.80194091796875 109.09672546386719 762.68603515625 
619.32086181640625 109.20283508300781 764.72265625 
618.818115234375 109.36820220947266 766.7545166015625 
618.1519775390625 109.51132965087891 768.7568359375 
616.97900390625 109.46900177001953 770.6009521484375 
616.688720703125 109.93241119384766 772.67041015625 
616.16278076171875 110.30397796630859 774.778564453125 
615.6475830078125 110.62192535400391 776.9324951171875 
615.154296875 110.93878173828125 779.148193359375 
614.7598876953125 111.25713348388672 781.461181640625 
614.64324951171875 111.71764373779297 783.80938720703125 
614.93450927734375 112.31410217285156 786.11651611328125 
614.56719970703125 112.49041748046875 788.63604736328125 
616.7877197265625 114.34935760498047 789.79693603515625 
614.50555419921875 112.95295715332031 791.31646728515625 
615.12750244140625 113.86594390869141 793.6915283203125 
616.64422607421875 114.67386627197266 792.14691162109375 
626.5572509765625 126.85019683837891 801.30487060546875 
625.51171875 126.35969543457031 803.0692138671875 
624.0010986328125 126.16085052490234 805.07763671875 
623.96978759765625 124.61154174804688 802.560546875 
622.291259765625 124.15043640136719 804.6673583984375 
625.9105224609375 125.78363800048828 799.1885986328125 
625.2000732421875 124.80373382568359 796.73956298828125 
622.23052978515625 122.64063262939453 801.7974853515625 
620.53021240234375 122.23996734619141 804.2559814453125 
615.34234619140625 114.79545593261719 796.3302001953125 
616.7354736328125 115.33795166015625 794.430419921875 
615.58349609375 115.94368743896484 798.95745849609375 
616.962646484375 116.28509521484375 796.73699951171875 
616.0196533203125 117.30615997314453 801.44146728515625 
617.43865966796875 117.47112274169922 799.08599853515625 
616.7528076171875 118.84217071533203 803.62384033203125 
618.10430908203125 118.88827514648438 801.45208740234375 
618.690673828125 120.45866394042969 803.87005615234375 
620.18011474609375 120.66290283203125 801.4803466796875 
623.54400634765625 122.84056091308594 795.94000244140625 
622.0263671875 120.94484710693359 794.6749267578125 
620.73712158203125 119.22651672363281 793.3121337890625 
619.51483154296875 117.57938385009766 792.10406494140625 
618.2154541015625 115.93158721923828 790.989990234375 
618.12335205078125 116.25513458251953 793.1063232421875 
625.2056884765625 125.40961456298828 801.1492919921875 
624.0179443359375 123.804443359375 799.40093994140625 
617.9949951171875 116.64295196533203 795.0244140625 
619.2974853515625 117.7557373046875 794.3741455078125 
618.5916748046875 117.7445068359375 796.73016357421875 
620.347412109375 119.30491638183594 796.05609130859375 
621.73175048828125 121.24215698242188 798.30670166015625 
619.416259765625 119.12062072753906 798.91424560546875 
615.9996337890625 82.4224853515625 680.128173828125 
605.75384521484375 79.710037231445312 674.26849365234375 
603.99371337890625 80.750022888183594 673.57916259765625 
602.1636962890625 81.816253662109375 672.95062255859375 
600.2969970703125 82.968193054199219 672.41180419921875 
617.5633544921875 83.201148986816406 682.08349609375 
618.79730224609375 84.731613159179688 683.38519287109375 
619.9566650390625 86.414939880371094 684.43304443359375 
621.0811767578125 87.475112915039062 683.44287109375 
620.99810791015625 88.155509948730469 685.34136962890625 
598.3629150390625 84.25640869140625 671.99285888671875 
596.437255859375 85.534637451171875 671.67364501953125 
621.07733154296875 89.948722839355469 686.34405517578125 
621.94976806640625 90.649337768554688 685.09307861328125 
620.703369140625 91.864173889160156 687.01983642578125 
621.36639404296875 92.579917907714844 685.69000244140625 
619.77081298828125 93.703971862792969 687.38427734375 
620.18310546875 94.372566223144531 686.153564453125 
618.475341796875 95.415229797363281 687.69049072265625 
619.0787353515625 96.221290588378906 686.161376953125 
616.98260498046875 96.963424682617188 687.92327880859375 
617.649658203125 97.835418701171875 686.1981201171875 
615.09759521484375 98.184005737304688 688.0693359375 
615.8505859375 99.133277893066406 686.36273193359375 
594.50616455078125 86.831977844238281 671.39501953125 
592.5899658203125 88.121231079101562 671.21282958984375 
590.56768798828125 89.328399658203125 670.95135498046875 
589.2469482421875 91.029258728027344 671.0205078125 
588.1304931640625 92.870643615722656 671.15704345703125 
589.0164794921875 93.355392456054688 671.19891357421875 
587.0125732421875 94.683067321777344 671.33740234375 
585.191650390625 95.924346923828125 671.62420654296875 
586.28662109375 104.37436676025391 678.13916015625 
587.4132080078125 105.28024291992188 678.61083984375 
588.918212890625 104.95603942871094 680.5623779296875 
590.810791015625 104.63698577880859 682.158203125 
592.88800048828125 104.32880401611328 683.5294189453125 
595.0670166015625 103.87447357177734 684.71923828125 
597.2462158203125 103.13496398925781 685.77099609375 
599.2996826171875 102.02323150634766 686.728271484375 
601.5535888671875 101.36882781982422 687.326416015625 
603.98101806640625 101.10352325439453 687.64874267578125 
605.8035888671875 99.6728515625 688.8883056640625 
606.4207763671875 100.93551635742188 687.5616455078125 
608.27410888671875 99.806777954101562 688.24945068359375 
608.8616943359375 100.72245025634766 687.1658935546875 
610.65887451171875 99.598068237304688 688.00299072265625 
611.30059814453125 100.43576812744141 686.8165283203125 
612.92529296875 98.984016418457031 688.1048583984375 
613.7147216796875 100.06211853027344 686.55096435546875 
575.00201416015625 104.99536895751953 773.1083984375 
575.6043701171875 103.71282196044922 775.72418212890625 
576.125244140625 103.20278167724609 778.51483154296875 
607.1201171875 112.89331817626953 801.94775390625 
609.13616943359375 113.83211517333984 802.326416015625 
611.04913330078125 114.95627593994141 802.7955322265625 
612.9349365234375 116.18585968017578 803.23431396484375 
614.81646728515625 117.53401947021484 803.52398681640625 
629.43890380859375 131.63087463378906 804.10986328125 
630.9813232421875 133.72453308105469 804.04351806640625 
632.38397216796875 135.92396545410156 803.678955078125 
634.689697265625 136.87040710449219 802.26324462890625 
636.11468505859375 138.97625732421875 801.7955322265625 
638.100830078125 139.95036315917969 800.29193115234375 
640.17388916015625 140.44998168945312 798.5235595703125 
574.46051025390625 105.85672760009766 772.7088623046875 
612.996826171875 111.46310424804688 787.10992431640625 
612.49224853515625 111.63627624511719 789.78363037109375 
610.8505859375 110.84378051757812 788.4239501953125 
613.17431640625 111.10066986083984 784.54296875 
611.22894287109375 110.56159210205078 785.86578369140625 
609.18994140625 110.08391571044922 787.0775146484375 
613.31085205078125 110.63249206542969 782.0809326171875 
611.44696044921875 110.14199066162109 783.3316650390625 
609.51763916015625 109.74478912353516 784.51837158203125 
607.5103759765625 109.29998016357422 785.71466064453125 
613.55010986328125 110.19506072998047 779.68951416015625 
611.6842041015625 109.63632202148438 780.8023681640625 
613.94036865234375 109.87351226806641 777.371337890625 
612.0107421875 109.22873687744141 778.2923583984375 
614.4676513671875 109.74423980712891 775.17510986328125 
612.41766357421875 109.14502716064453 775.952392578125 
615.127685546875 109.655029296875 773.0601806640625 
612.92218017578125 109.21245574951172 773.7857666015625 
615.7808837890625 109.31016540527344 770.95977783203125 
613.598876953125 109.25520324707031 771.67535400390625 
616.6378173828125 109.10951995849609 768.93487548828125 
614.33905029296875 109.03086853027344 769.55035400390625 
617.384521484375 108.87987518310547 766.89483642578125 
615.1361083984375 108.96894836425781 767.5206298828125 
617.8631591796875 108.58039855957031 764.8070068359375 
615.81646728515625 108.92025756835938 765.47015380859375 
618.29461669921875 108.27320861816406 762.7125244140625 
616.27642822265625 108.56113433837891 763.3275146484375 
618.7799072265625 107.92164611816406 760.6175537109375 
616.74462890625 107.92079162597656 761.16741943359375 
617.29248046875 107.12701416015625 759.03009033203125 
607.792236328125 108.94042205810547 783.1658935546875 
605.74566650390625 108.54861450195312 784.4537353515625 
615.84271240234375 106.56077575683594 757.33038330078125 
615.26806640625 107.55484008789062 759.48358154296875 
613.99639892578125 106.06796264648438 756.01483154296875 
613.638916015625 106.90822601318359 758.06719970703125 
611.7376708984375 105.49628448486328 755.30621337890625 
612.06072998046875 106.27262878417969 756.8709716796875 
609.56207275390625 104.80519104003906 754.79833984375 
609.91253662109375 105.73372650146484 756.70654296875 
607.811279296875 105.14949798583984 756.37109375 
605.63519287109375 104.51554107666016 755.97802734375 
603.41650390625 103.87806701660156 755.6649169921875 
601.25848388671875 103.33206939697266 755.19146728515625 
599.0645751953125 102.76519012451172 754.20599365234375 
605.954833984375 108.30833435058594 781.92510986328125 
603.78839111328125 107.76407623291016 783.52001953125 
603.9163818359375 107.66436767578125 780.94036865234375 
601.72021484375 106.86946105957031 782.83929443359375 
601.83123779296875 106.77802276611328 780.14215087890625 
599.728271484375 105.87337493896484 782.13226318359375 
599.77703857421875 105.79463958740234 779.4229736328125 
597.79327392578125 104.85021209716797 781.3662109375 
597.6981201171875 104.86469268798828 778.73333740234375 
595.75567626953125 103.99156188964844 780.65087890625 
595.6832275390625 104.2144775390625 778.12945556640625 
593.6680908203125 103.35506439208984 779.91143798828125 
593.85418701171875 103.76882934570312 777.59765625 
592.0135498046875 103.16070556640625 778.418212890625 
592.7294921875 103.76119995117188 775.928466796875 
590.542236328125 103.15802764892578 776.83087158203125 
591.3701171875 103.88594818115234 774.29156494140625 
589.2476806640625 103.29721832275391 775.03985595703125 
587.2615966796875 103.17252349853516 774.02032470703125 
585.75421142578125 103.36701965332031 772.29559326171875 
587.8221435546875 103.94632720947266 771.29718017578125 
585.7550048828125 103.97515106201172 769.83343505859375 
589.6031494140625 103.93310546875 772.7371826171875 
587.90576171875 104.50841522216797 768.68316650390625 
585.69219970703125 104.47286987304688 767.31646728515625 
587.97589111328125 104.75460052490234 765.89111328125 
585.7135009765625 104.61203765869141 764.753173828125 
588.00189208984375 104.48046875 763.05474853515625 
585.94915771484375 104.24209594726562 762.30438232421875 
587.61041259765625 103.69290924072266 760.35009765625 
589.90966796875 104.00334167480469 761.2646484375 
589.4647216796875 103.24082946777344 758.6697998046875 
591.92205810546875 103.54617309570312 759.17950439453125 
591.08709716796875 103.00429534912109 756.771484375 
593.21527099609375 102.97307586669922 756.1927490234375 
594.45147705078125 103.52410888671875 758.05609130859375 
595.2523193359375 102.94758605957031 755.4112548828125 
596.75299072265625 103.61383819580078 757.169921875 
597.0982666015625 102.74246215820312 754.29638671875 
598.98663330078125 103.42539978027344 756.00189208984375 
609.777587890625 109.29605865478516 781.95916748046875 
608.0567626953125 108.63935089111328 780.60882568359375 
610.057861328125 108.87016296386719 779.40399169921875 
590.165771484375 104.81438446044922 764.29156494140625 
590.08416748046875 104.72062683105469 767.49267578125 
590.061279296875 104.52941131591797 770.2218017578125 
591.9168701171875 104.50265502929688 771.9461669921875 
606.15447998046875 108.25953674316406 779.4173583984375 
608.28955078125 108.43311309814453 778.09466552734375 
610.352783203125 108.55228424072266 776.9014892578125 
593.673828125 104.41667938232422 773.775390625 
595.0054931640625 104.36796569824219 775.6922607421875 
597.1832275390625 104.90232086181641 776.1602783203125 
599.40118408203125 105.67103576660156 776.9586181640625 
601.74017333984375 106.65541076660156 777.53076171875 
603.94671630859375 107.63637542724609 778.3568115234375 
591.77569580078125 104.60054779052734 761.96075439453125 
593.4124755859375 104.31731414794922 760.1744384765625 
591.90374755859375 104.78556823730469 766.52410888671875 
592.84130859375 104.81369781494141 764.37322998046875 
592.50445556640625 104.83527374267578 769.2947998046875 
594.3231201171875 104.86328887939453 771.5755615234375 
596.22332763671875 104.91384887695312 773.6405029296875 
598.8687744140625 105.55234527587891 774.5347900390625 
601.1226806640625 106.41497039794922 775.19775390625 
603.86260986328125 107.50593566894531 775.69781494140625 
606.21783447265625 108.18217468261719 776.95025634765625 
608.4996337890625 108.23904418945312 775.68035888671875 
610.74200439453125 108.53537750244141 774.59356689453125 
611.281005859375 108.72103118896484 772.42706298828125 
612.0081787109375 108.95334625244141 770.2823486328125 
612.70977783203125 108.79917144775391 768.08428955078125 
613.3541259765625 108.68231201171875 765.9990234375 
613.91461181640625 108.45944213867188 763.90093994140625 
614.54339599609375 108.15569305419922 761.70538330078125 
612.86956787109375 107.49883270263672 760.0582275390625 
611.08380126953125 106.68875885009766 758.4801025390625 
608.9471435546875 108.13411712646484 773.3272705078125 
606.50921630859375 108.1790771484375 774.5240478515625 
595.4849853515625 104.48073577880859 759.66119384765625 
594.263916015625 104.84571075439453 762.2633056640625 
612.1978759765625 107.75384521484375 762.18756103515625 
610.5355224609375 107.11770629882812 760.35601806640625 
608.56787109375 106.16567230224609 758.474365234375 
606.1470947265625 105.48905944824219 757.86065673828125 
603.84130859375 104.77040863037109 757.44464111328125 
601.35260009765625 104.15673828125 757.0784912109375 
598.85748291015625 104.18519592285156 757.60296630859375 
597.4951171875 104.62248992919922 759.35186767578125 
611.498779296875 107.91034698486328 764.33050537109375 
610.89654541015625 108.14749145507812 766.4215087890625 
610.33746337890625 108.53335571289062 768.755126953125 
609.6630859375 108.28430938720703 770.98968505859375 
607.29205322265625 107.83438873291016 771.9161376953125 
600.034423828125 104.75935363769531 759.029052734375 
602.298828125 105.10219573974609 758.95416259765625 
604.412353515625 105.80479431152344 759.348876953125 
606.585205078125 106.36226654052734 759.9261474609375 
608.56365966796875 106.83151245117188 760.64898681640625 
609.88287353515625 107.36913299560547 762.55853271484375 
604.88653564453125 107.54798126220703 772.9365234375 
602.69476318359375 106.93826293945312 773.58294677734375 
600.74298095703125 106.17612457275391 772.4808349609375 
598.3734130859375 105.44010925292969 772.5126953125 
596.72723388671875 105.17848205566406 771.117431640625 
595.15753173828125 104.99912261962891 769.22137451171875 
594.07232666015625 104.80696105957031 766.93792724609375 
595.2257080078125 104.79017639160156 764.57733154296875 
608.00811767578125 107.81720733642578 769.467041015625 
605.64971923828125 107.24404907226562 770.33984375 
608.63055419921875 107.87088775634766 767.160888671875 
608.8677978515625 107.49749755859375 764.6292724609375 
607.4525146484375 107.02714538574219 762.3692626953125 
605.12420654296875 106.65460205078125 761.61065673828125 
603.00457763671875 106.18370819091797 761.00750732421875 
601.06756591796875 105.43000030517578 760.66119384765625 
603.24139404296875 106.82981109619141 771.21112060546875 
601.68865966796875 106.14617919921875 769.81805419921875 
599.34100341796875 105.61094665527344 770.50921630859375 
597.6903076171875 105.22596740722656 768.93157958984375 
596.3231201171875 104.92303466796875 766.97186279296875 
604.0701904296875 106.58920288085938 768.677490234375 
606.272216796875 107.19097900390625 767.931884765625 
606.86444091796875 107.31352233886719 765.8795166015625 
606.04693603515625 107.06639099121094 763.984619140625 
603.90130615234375 106.56613159179688 763.48846435546875 
601.9775390625 105.99906158447266 762.74017333984375 
604.58642578125 106.65813446044922 766.0552978515625 
602.56195068359375 106.095947265625 765.02679443359375 
602.45220947265625 106.10179901123047 767.35430908203125 
600.158203125 105.61163330078125 768.29864501953125 
598.52691650390625 105.16561889648438 766.84033203125 
597.22845458984375 104.91960144042969 764.74365234375 
596.537353515625 104.97008514404297 762.09259033203125 
598.7730712890625 105.04537200927734 760.959228515625 
600.17669677734375 105.42321014404297 762.2960205078125 
598.565673828125 105.07390594482422 763.12744140625 
600.67633056640625 105.56621551513672 764.1219482421875 
600.7347412109375 105.61136627197266 766.2042236328125 
599.16229248046875 105.19296264648438 765.02435302734375 
613.45513916015625 112.28653717041016 791.0413818359375 
608.1634521484375 111.99479675292969 798.65972900390625 
607.84149169921875 111.11582946777344 796.14202880859375 
609.87353515625 112.01869201660156 796.84735107421875 
609.94818115234375 111.30072784423828 794.1820068359375 
609.5565185546875 112.84270477294922 799.6229248046875 
614.28656005859375 116.00795745849609 801.16925048828125 
611.8074951171875 112.29682159423828 794.9637451171875 
612.0782470703125 111.80654907226562 792.3575439453125 
612.65203857421875 115.03785705566406 801.22967529296875 
611.27923583984375 113.94248962402344 800.3682861328125 
613.4737548828125 112.69285583496094 793.163330078125 
613.55157470703125 113.42350769042969 795.7257080078125 
613.52545166015625 114.48744201660156 798.73138427734375 
611.639404296875 113.09829711914062 797.6629638671875 
598.77838134765625 102.70524597167969 753.26690673828125 
597.44873046875 102.83890533447266 753.02801513671875 
600.6317138671875 102.86463165283203 752.28265380859375 
602.33197021484375 103.27631378173828 751.33270263671875 
600.4755859375 104.05230712890625 750.66632080078125 
621.87139892578125 100.07681274414062 720.78057861328125 
622.9373779296875 100.84387969970703 722.25164794921875 
624.05279541015625 101.73378753662109 723.7855224609375 
621.00244140625 100.76614379882812 722.3822021484375 
600.561279296875 105.07632446289062 749.6392822265625 
601.656005859375 105.62358093261719 748.77227783203125 
603.08831787109375 106.19837951660156 747.67608642578125 
604.4979248046875 106.64602661132812 746.31982421875 
605.532958984375 107.01927185058594 745.0706787109375 
607.23779296875 106.77812194824219 744.19598388671875 
621.3955078125 101.62249755859375 724.26165771484375 
620.69482421875 102.62737274169922 726.60162353515625 
602.23065185546875 104.30012512207031 749.98345947265625 
604.264404296875 103.57499694824219 750.57598876953125 
606.23431396484375 103.88481140136719 749.83953857421875 
603.93536376953125 104.67831420898438 749.0887451171875 
608.29937744140625 104.19126129150391 749.16650390625 
605.98284912109375 105.10501861572266 747.89349365234375 
610.29827880859375 104.54458618164062 748.25177001953125 
608.72381591796875 105.03373718261719 747.15203857421875 
611.22747802734375 105.10946655273438 746.50994873046875 
612.001953125 105.64116668701172 744.66192626953125 
609.4381103515625 105.85609436035156 744.982421875 
612.7122802734375 106.04311370849609 742.7559814453125 
610.70111083984375 106.14369201660156 743.331787109375 
619.86688232421875 103.48720550537109 728.61627197265625 
618.84356689453125 104.24111175537109 730.55169677734375 
617.79925537109375 104.91902160644531 732.44744873046875 
616.699462890625 105.49828338623047 734.3150634765625 
615.47235107421875 105.94605255126953 736.1993408203125 
614.05029296875 106.27216339111328 738.40631103515625 
612.06170654296875 106.51039886474609 740.11474609375 
610.37139892578125 106.65415191650391 741.451904296875 
608.879150390625 106.73616027832031 742.83538818359375 
623.34307861328125 102.60263824462891 725.880615234375 
622.466064453125 103.41049957275391 727.936767578125 
621.19525146484375 104.05965423583984 729.86859130859375 
620.0218505859375 104.69973754882812 731.78466796875 
618.98712158203125 105.29669952392578 733.7420654296875 
617.94207763671875 105.74644470214844 735.69793701171875 
616.7957763671875 106.04457092285156 737.60296630859375 
615.5257568359375 106.17022705078125 739.41851806640625 
614.08074951171875 106.17878723144531 741.107177734375 
606.95379638671875 105.96575164794922 746.0006103515625 
588.92236328125 103.18729400634766 756.74676513671875 
587.20062255859375 103.41054534912109 757.74920654296875 
604.93609619140625 110.72147369384766 796.66912841796875 
610.4051513671875 111.03029632568359 791.2130126953125 
608.79132080078125 110.39593505859375 789.82666015625 
607.12994384765625 109.76361083984375 788.50128173828125 
605.38507080078125 108.99136352539062 787.335693359375 
603.5142822265625 108.17179870605469 786.3721923828125 
601.510986328125 107.26654052734375 785.7540283203125 
599.0540771484375 106.02926635742188 785.89794921875 
597.02484130859375 104.77194213867188 784.7974853515625 
595.0830078125 103.69570922851562 783.8486328125 
592.55157470703125 102.91044616699219 783.01910400390625 
602.0220947265625 110.38267517089844 797.1070556640625 
600.462646484375 109.47157287597656 794.6785888671875 
608.31402587890625 110.64645385742188 792.76690673828125 
606.10675048828125 110.43929290771484 793.97344970703125 
585.3304443359375 103.84700012207031 759.332763671875 
583.002197265625 104.30379486083984 758.4112548828125 
581.495849609375 104.60385131835938 760.0625 
580.69805908203125 104.81060028076172 762.529541015625 
580.5311279296875 105.01348114013672 765.70428466796875 
598.08355712890625 108.18589782714844 793.54339599609375 
596.193115234375 107.07610321044922 792.58489990234375 
594.51678466796875 105.95091247558594 791.49896240234375 
592.85137939453125 104.93798828125 790.31756591796875 
591.1219482421875 104.07630920410156 789.05267333984375 
589.51068115234375 103.47554016113281 787.65850830078125 
588.2857666015625 102.87920379638672 785.99334716796875 
587.35711669921875 102.25479888916016 784.01983642578125 
586.744140625 101.93692779541016 781.34185791015625 
585.1722412109375 101.76575469970703 779.2744140625 
583.6968994140625 101.77780914306641 777.4647216796875 
581.89935302734375 102.11042022705078 775.640380859375 
581.4429931640625 102.75584411621094 773.12872314453125 
581.3541259765625 103.39451599121094 770.77630615234375 
581.15985107421875 104.20425415039062 768.40203857421875 
591.0806884765625 102.62442016601562 781.05487060546875 
589.5498046875 102.48605346679688 779.5543212890625 
587.9915771484375 102.43547821044922 777.98431396484375 
586.43365478515625 102.45555114746094 776.3751220703125 
584.84698486328125 102.57079315185547 774.83026123046875 
583.5911865234375 103.36895751953125 771.37799072265625 
583.55078125 102.81856536865234 773.4488525390625 
583.52105712890625 103.97570037841797 769.00750732421875 
583.31854248046875 104.55641937255859 766.46380615234375 
583.25341796875 104.69348907470703 763.73980712890625 
583.31536865234375 104.38814544677734 761.05889892578125 
588.85626220703125 102.18976593017578 781.974853515625 
603.5960693359375 110.14258575439453 794.49560546875 
604.9461669921875 109.97766876220703 792.3681640625 
589.7503662109375 102.44046783447266 783.6640625 
590.43048095703125 102.85274505615234 785.4093017578125 
592.10528564453125 103.26569366455078 786.21661376953125 
594.00390625 104.11460113525391 787.25372314453125 
595.7889404296875 105.16291046142578 788.31634521484375 
597.28558349609375 106.31606292724609 789.5074462890625 
599.57879638671875 106.93639373779297 787.9736328125 
601.234130859375 107.84764862060547 788.44287109375 
603.18353271484375 108.78488922119141 789.171630859375 
605.07696533203125 109.56553649902344 790.0738525390625 
606.74468994140625 110.11569213867188 791.252197265625 
598.79010009765625 107.44155883789062 790.54559326171875 
600.742431640625 108.52162170410156 791.3590087890625 
602.98748779296875 109.46768188476562 791.99652099609375 
607.08306884765625 73.382972717285156 670.73016357421875 
605.46759033203125 74.772109985351562 669.88238525390625 
603.8341064453125 76.114372253417969 669.07305908203125 
603.21484375 77.179389953613281 667.18450927734375 
602.070068359375 77.419754028320312 668.59185791015625 
601.760986328125 78.239433288574219 666.55078125 
600.1666259765625 78.748847961425781 668.53277587890625 
599.90057373046875 79.47540283203125 665.97747802734375 
598.2794189453125 80.067291259765625 667.91680908203125 
568.13897705078125 110.86595153808594 685.7462158203125 
569.558349609375 109.03703308105469 685.1414794921875 
570.47625732421875 107.84356689453125 683.52398681640625 
571.65252685546875 106.57878875732422 681.5545654296875 
574.81103515625 104.29550933837891 679.1668701171875 
572.682373046875 105.41211700439453 679.46697998046875 
568.1829833984375 109.89665985107422 683.4185791015625 
567.70849609375 109.93659973144531 680.9019775390625 
567.54730224609375 110.01531219482422 678.605712890625 
567.72412109375 110.08277893066406 676.3157958984375 
568.173828125 110.33164215087891 674.31292724609375 
568.859130859375 109.45957946777344 672.5421142578125 
569.82391357421875 108.60049438476562 670.464599609375 
570.9130859375 107.56480407714844 668.65557861328125 
572.15924072265625 106.16152191162109 667.01220703125 
597.8531494140625 80.78082275390625 665.56951904296875 
596.40911865234375 81.542350769042969 668.3525390625 
595.9638671875 82.040084838867188 665.05511474609375 
594.89532470703125 82.527183532714844 667.04302978515625 
594.03448486328125 83.388320922851562 664.61773681640625 
593.045166015625 84.075447082519531 667.42047119140625 
592.05230712890625 84.799026489257812 664.462890625 
591.31982421875 85.669891357421875 667.74700927734375 
590.01007080078125 86.212692260742188 664.69384765625 
589.71612548828125 87.288169860839844 668.235107421875 
588.09039306640625 87.6795654296875 664.886962890625 
588.25238037109375 88.982955932617188 668.79296875 
586.0736083984375 89.456954956054688 665.625 
586.91900634765625 90.663627624511719 669.46588134765625 
584.71234130859375 91.215911865234375 667.38555908203125 
585.80810546875 92.467559814453125 670.2833251953125 
583.55084228515625 92.82098388671875 668.3482666015625 
584.193115234375 93.957389831542969 670.4775390625 
582.00323486328125 94.358070373535156 668.8114013671875 
582.38153076171875 95.422210693359375 670.5419921875 
580.22515869140625 96.013229370117188 669.3642578125 
580.82037353515625 97.008270263671875 671.14508056640625 
576.23858642578125 103.06784820556641 677.24188232421875 
573.6170654296875 104.16133117675781 677.341796875 
577.5350341796875 101.75803375244141 675.3858642578125 
574.50469970703125 102.68693542480469 674.8482666015625 
578.6368408203125 100.28911590576172 673.7213134765625 
576.16009521484375 100.97630310058594 673.06414794921875 
579.7081298828125 98.693145751953125 672.3084716796875 
577.3973388671875 99.4100341796875 671.60546875 
578.688232421875 97.7618408203125 670.35467529296875 
584.2261962890625 91.092735290527344 664.18536376953125 
582.81005859375 92.757644653320312 663.39288330078125 
581.3114013671875 94.4439697265625 663.0765380859375 
580.23321533203125 96.030143737792969 662.8831787109375 
578.7132568359375 97.247055053710938 663.5172119140625 
576.9532470703125 98.829360961914062 664.3125 
575.2547607421875 100.45558929443359 665.22686767578125 
573.65850830078125 102.02294921875 666.453857421875 
572.203857421875 103.52474975585938 667.93524169921875 
582.8831787109375 92.252510070800781 665.98590087890625 
581.21893310546875 93.64129638671875 665.25128173828125 
581.874267578125 93.483291625976562 667.10247802734375 
569.4359130859375 108.05165100097656 681.463623046875 
570.5662841796875 106.6982421875 679.6329345703125 
568.75006103515625 108.10708618164062 679.404052734375 
571.4217529296875 105.54655456542969 677.742431640625 
569.76849365234375 106.78810119628906 678.1123046875 
568.48443603515625 108.03488159179688 677.3306884765625 
579.9193115234375 95.039070129394531 667.06744384765625 
579.611328125 95.31903076171875 664.5567626953125 
568.621337890625 107.88815307617188 674.84197998046875 
569.9771728515625 106.10315704345703 676.35650634765625 
571.98468017578125 104.39032745361328 675.62286376953125 
573.79144287109375 101.78641510009766 672.08343505859375 
572.13067626953125 103.40007019042969 673.2686767578125 
575.135986328125 100.27846527099609 670.68719482421875 
569.36883544921875 106.90374755859375 672.41143798828125 
570.260986328125 105.20119476318359 674.1612548828125 
570.1357421875 106.46675109863281 670.48248291015625 
571.000244140625 105.06552886962891 669.38824462890625 
570.5286865234375 104.67272186279297 671.82379150390625 
573.21722412109375 101.42881774902344 669.483154296875 
571.91033935546875 102.90083312988281 670.82293701171875 
574.57635498046875 99.985557556152344 668.1011962890625 
576.45172119140625 98.725433349609375 669.36175537109375 
576.03033447265625 98.413589477539062 666.83642578125 
578.00323486328125 96.99835205078125 668.188720703125 
577.83148193359375 96.792434692382812 665.75091552734375 
620.5107421875 107.50412750244141 749.75323486328125 
620.077880859375 107.38011932373047 751.9420166015625 
619.78204345703125 107.40765380859375 754.1348876953125 
619.54937744140625 107.54170227050781 756.31707763671875 
619.2523193359375 107.69882965087891 758.4813232421875 
598.4617919921875 80.248184204101562 669.49383544921875 
600.343994140625 78.841468811035156 670.026611328125 
602.16253662109375 77.4508056640625 670.50006103515625 
603.9560546875 76.107536315917969 671.14990234375 
605.77899169921875 74.784660339355469 671.9300537109375 
607.5902099609375 73.447509765625 672.74102783203125 
609.0379638671875 72.052070617675781 672.56976318359375 
610.79400634765625 71.123161315917969 674.12164306640625 
588.52587890625 102.97190856933594 685.84368896484375 
589.65191650390625 102.70410919189453 688.08807373046875 
610.2265625 97.434745788574219 708.22119140625 
590.9278564453125 102.37397766113281 690.48162841796875 
592.54949951171875 101.94754028320312 692.32635498046875 
594.16546630859375 101.52791595458984 693.9644775390625 
595.536376953125 101.17601013183594 695.64898681640625 
597.69195556640625 100.69741058349609 696.52178955078125 
608.44989013671875 98.17755126953125 707.35430908203125 
591.96551513671875 102.38861083984375 688.0396728515625 
593.69793701171875 101.90939331054688 689.53692626953125 
595.5428466796875 101.3226318359375 690.9737548828125 
597.43060302734375 100.75119018554688 692.74798583984375 
599.60211181640625 100.12758636474609 694.0101318359375 
601.60589599609375 99.679611206054688 694.9090576171875 
603.08367919921875 99.538970947265625 696.75830078125 
605.0267333984375 99.326942443847656 698.288330078125 
607.0318603515625 98.901397705078125 699.69647216796875 
608.8404541015625 97.824020385742188 700.95703125 
609.07928466796875 97.672042846679688 703.47320556640625 
609.68902587890625 97.404777526855469 705.75146484375 
607.16070556640625 98.683303833007812 705.6185302734375 
605.97723388671875 99.072830200195312 703.47271728515625 
603.9569091796875 99.684844970703125 701.96893310546875 
601.99468994140625 100.01361083984375 700.13079833984375 
600.01275634765625 100.28263854980469 697.987060546875 
607.92791748046875 74.665580749511719 673.93072509765625 
605.90338134765625 75.683433532714844 672.92132568359375 
604.0020751953125 76.843414306640625 672.15643310546875 
602.17706298828125 78.096153259277344 671.589599609375 
600.37158203125 79.42236328125 671.06695556640625 
598.55133056640625 80.800132751464844 670.50152587890625 
596.47698974609375 82.108245849609375 669.72637939453125 
594.53436279296875 83.380325317382812 668.827392578125 
592.89111328125 85.025367736816406 669.17279052734375 
591.31182861328125 86.681106567382812 669.48077392578125 
589.81549072265625 88.420021057128906 669.8125 
588.45013427734375 90.192352294921875 670.24969482421875 
587.19354248046875 91.998275756835938 670.74139404296875 
586.1580810546875 93.94091796875 671.211669921875 
579.6829833984375 102.50716400146484 677.8193359375 
577.25775146484375 103.45127868652344 679.0738525390625 
611.2752685546875 104.4744873046875 753.3741455078125 
617.61761474609375 106.53106689453125 756.85882568359375 
618.451171875 106.30553436279297 750.98199462890625 
617.846435546875 106.25059509277344 754.72894287109375 
618.403076171875 106.37019348144531 752.89935302734375 
613.80047607421875 104.84394836425781 753.52069091796875 
616.283447265625 105.35259246826172 752.5428466796875 
615.76092529296875 105.62857055664062 755.04217529296875 
619.12860107421875 67.694244384765625 679.26922607421875 
632.33953857421875 70.605850219726562 682.35052490234375 
629.453125 70.457427978515625 683.18719482421875 
627.256591796875 69.696365356445312 682.9698486328125 
625.202392578125 69.130165100097656 682.53155517578125 
623.174072265625 68.468032836914062 681.7894287109375 
621.0693359375 68.081756591796875 680.88641357421875 
630.544921875 68.680923461914062 681.864013671875 
628.36761474609375 67.507484436035156 681.4764404296875 
625.9066162109375 67.026039123535156 681.02886962890625 
623.63714599609375 66.828994750976562 679.9451904296875 
621.5687255859375 66.935340881347656 678.85003662109375 
609.581787109375 73.14569091796875 674.466796875 
629.59967041015625 101.41161346435547 686.45263671875 
582.48291015625 102.06527709960938 662.38775634765625 
581.3197021484375 104.03507232666016 663.05865478515625 
582.7720947265625 103.95690155029297 664.40771484375 
630.44061279296875 75.887054443359375 672.679931640625 
628.6705322265625 75.237205505371094 672.07562255859375 
630.93316650390625 77.426216125488281 673.328125 
584.0980224609375 102.04032897949219 664.09765625 
584.1195068359375 100.34973907470703 662.26171875 
585.05889892578125 101.66919708251953 665.563720703125 
586.39892578125 100.49645233154297 666.01568603515625 
587.74755859375 99.384147644042969 666.59832763671875 
589.11810302734375 98.145332336425781 666.1448974609375 
623.44012451171875 97.563140869140625 683.37689208984375 
623.24798583984375 99.236473083496094 683.8629150390625 
625.6658935546875 98.223045349121094 683.56494140625 
625.5194091796875 100.06679534912109 684.30865478515625 
623.5714111328125 95.851165771484375 683.19158935546875 
625.88104248046875 96.358680725097656 682.95526123046875 
629.5875244140625 99.454048156738281 685.68707275390625 
627.69915771484375 100.66548156738281 685.2105712890625 
625.9390869140625 94.552574157714844 682.351806640625 
625.59228515625 93.033157348632812 682.16387939453125 
628.342529296875 77.137802124023438 672.8685302734375 
626.04998779296875 76.502227783203125 672.02740478515625 
590.76873779296875 96.702568054199219 665.81048583984375 
592.39923095703125 95.049331665039062 664.94775390625 
627.72796630859375 98.813346862792969 684.4642333984375 
626.3145751953125 91.419044494628906 681.50518798828125 
594.1407470703125 93.699943542480469 664.94659423828125 
627.08349609375 89.267936706542969 680.458251953125 
625.70947265625 78.499458312988281 673.1685791015625 
623.4542236328125 77.704490661621094 672.03631591796875 
631.587890625 79.484382629394531 674.1986083984375 
623.1168212890625 79.809440612792969 673.36444091796875 
620.954345703125 78.855766296386719 671.85565185546875 
633.87896728515625 80.746612548828125 675.052734375 
635.4412841796875 81.504219055175781 676.73834228515625 
634.57373046875 83.279640197753906 677.67755126953125 
633.38348388671875 84.97869873046875 678.58843994140625 
632.07763671875 86.701339721679688 679.48089599609375 
630.684814453125 88.566825866699219 680.268310546875 
629.75726318359375 97.500251770019531 684.9736328125 
630.22357177734375 95.410606384277344 684.3802490234375 
631.11297607421875 93.115829467773438 683.97015380859375 
630.3096923828125 91.842536926269531 682.43310546875 
629.26300048828125 90.612419128417969 681.05889892578125 
625.9344482421875 87.109481811523438 679.5614013671875 
585.5728759765625 100.39614868164062 663.95068359375 
585.4000244140625 98.521697998046875 661.8095703125 
586.9005126953125 96.841957092285156 661.51953125 
587.37677001953125 98.785934448242188 664.1929931640625 
588.85076904296875 95.440956115722656 661.66900634765625 
589.10589599609375 97.034881591796875 663.77520751953125 
590.87158203125 94.185081481933594 662.033447265625 
590.533935546875 95.770072937011719 663.645751953125 
592.8470458984375 92.917572021484375 662.3829345703125 
594.83404541015625 91.672721862792969 662.85333251953125 
596.6146240234375 90.139251708984375 662.82568359375 
598.57916259765625 90.259796142578125 665.1156005859375 
598.24578857421875 88.456375122070312 662.6658935546875 
599.84130859375 86.713417053222656 662.60394287109375 
600.0186767578125 89.068138122558594 665.32135009765625 
601.59527587890625 85.192001342773438 663.08642578125 
601.727783203125 87.701644897460938 665.64312744140625 
603.56890869140625 84.277725219726562 664.30419921875 
603.49456787109375 86.420196533203125 666.22857666015625 
605.2672119140625 85.212348937988281 667.1539306640625 
605.5733642578125 83.30755615234375 665.49432373046875 
607.0516357421875 84.199081420898438 668.169921875 
607.5052490234375 82.361366271972656 666.5587158203125 
608.8934326171875 83.284156799316406 669.126953125 
609.521728515625 81.523025512695312 667.5738525390625 
610.85882568359375 82.60406494140625 670.07037353515625 
611.681884765625 80.831306457519531 668.44915771484375 
612.9503173828125 82.166557312011719 670.96954345703125 
613.929443359375 80.2041015625 669.270751953125 
615.1143798828125 81.812484741210938 671.77789306640625 
616.2513427734375 79.573966979980469 670.026611328125 
617.31353759765625 81.254768371582031 672.22857666015625 
618.5849609375 78.90460205078125 670.788330078125 
618.63232421875 82.280967712402344 674.05401611328125 
619.2508544921875 80.590660095214844 672.45098876953125 
620.8021240234375 81.117568969726562 673.6485595703125 
620.40283203125 83.013923645019531 675.38592529296875 
622.29400634765625 83.854057312011719 676.7725830078125 
624.68597412109375 85.016891479492188 678.04315185546875 
622.739501953125 81.854949951171875 674.92669677734375 
627.9598388671875 96.865028381347656 683.74432373046875 
628.5208740234375 94.504585266113281 682.87274169921875 
627.82916259765625 92.7225341796875 681.744384765625 
629.1785888671875 87.307167053222656 678.97613525390625 
630.98492431640625 85.600761413574219 677.86102294921875 
628.06561279296875 85.413459777832031 678.00537109375 
625.36151123046875 80.526901245117188 674.49713134765625 
624.996826171875 82.622291564941406 676.0262451171875 
627.70355224609375 83.314842224121094 676.596923828125 
628.01348876953125 81.126365661621094 675.1820068359375 
628.27313232421875 79.070014953613281 673.903564453125 
630.7808837890625 81.914505004882812 675.40167236328125 
630.466552734375 83.928695678710938 676.6236572265625 
632.53765869140625 84.204795837402344 677.14080810546875 
633.03558349609375 82.698867797851562 676.05828857421875 
598.86505126953125 116.57615661621094 689.3245849609375 
599.15374755859375 115.26525115966797 688.2933349609375 
597.0516357421875 116.51891326904297 687.88812255859375 
597.23516845703125 118.39426422119141 690.41168212890625 
626.440185546875 74.165809631347656 671.01141357421875 
624.4046630859375 73.2308349609375 670.07708740234375 
595.2271728515625 118.46771240234375 688.76434326171875 
594.8070068359375 116.68434143066406 686.9849853515625 
595.853515625 120.11013793945312 691.82293701171875 
595.14874267578125 119.74597930908203 690.3248291015625 
594.30364990234375 122.02443695068359 692.89453125 
593.783203125 121.24527740478516 691.25775146484375 
621.672607421875 73.326065063476562 669.3948974609375 
624.01055908203125 75.279281616210938 670.68560791015625 
621.486572265625 76.209381103515625 670.28790283203125 
619.0732421875 76.963226318359375 669.69744873046875 
593.07562255859375 118.53335571289062 687.78369140625 
592.53076171875 116.57582092285156 685.985595703125 
590.7457275390625 118.46853637695312 686.9041748046875 
590.31695556640625 116.55165100097656 684.81072998046875 
588.60845947265625 118.72270202636719 685.800537109375 
588.24615478515625 116.80488586425781 683.46710205078125 
586.549072265625 119.19802856445312 684.5391845703125 
586.2496337890625 117.36848449707031 682.08349609375 
584.55328369140625 119.78898620605469 683.2412109375 
584.30255126953125 118.25625610351562 680.7861328125 
582.72698974609375 120.54604339599609 681.9844970703125 
582.4051513671875 119.26142120361328 679.59478759765625 
580.997314453125 121.26335906982422 680.93597412109375 
580.73583984375 120.17555236816406 678.49920654296875 
590.69525146484375 123.51033782958984 695.20654296875 
593.0755615234375 123.35819244384766 694.4700927734375 
588.33709716796875 123.02939605712891 696.10894775390625 
586.3697509765625 122.52304077148438 696.80242919921875 
584.10791015625 122.12094879150391 696.44256591796875 
581.8729248046875 121.39800262451172 696.9150390625 
579.99505615234375 121.26153564453125 696.3140869140625 
577.902587890625 121.02849578857422 695.59967041015625 
575.8868408203125 120.71787261962891 694.72125244140625 
573.97735595703125 120.25801086425781 693.5968017578125 
572.08477783203125 119.37126159667969 692.33148193359375 
570.20196533203125 118.15399932861328 690.6094970703125 
616.76702880859375 77.559226989746094 668.98199462890625 
614.5469970703125 78.268936157226562 668.238525390625 
612.38800048828125 78.91192626953125 667.458984375 
609.8924560546875 79.279289245605469 666.38372802734375 
608.0264892578125 80.330322265625 665.7283935546875 
579.7333984375 106.06818389892578 663.679931640625 
577.91412353515625 107.96586608886719 664.3162841796875 
576.76397705078125 110.11803436279297 665.46319580078125 
577.479248046875 111.99887847900391 666.81561279296875 
575.64788818359375 111.97473907470703 666.77667236328125 
578.21527099609375 113.65907287597656 668.543212890625 
576.53546142578125 113.40016937255859 667.73931884765625 
578.73077392578125 115.24821472167969 670.368408203125 
576.38836669921875 115.14572906494141 669.2156982421875 
579.36444091796875 116.63854217529297 672.27886962890625 
577.243408203125 116.81721496582031 671.10491943359375 
579.79510498046875 118.15924835205078 674.13690185546875 
577.553466796875 118.23551940917969 672.95831298828125 
579.61749267578125 119.65426635742188 676.09527587890625 
577.47369384765625 119.55744934082031 674.9188232421875 
591.7427978515625 122.78742218017578 692.843505859375 
569.289794921875 117.85629272460938 688.21551513671875 
568.86773681640625 117.71571350097656 686.085693359375 
568.858154296875 117.73850250244141 683.85791015625 
569.13165283203125 117.80049133300781 681.50604248046875 
569.84393310546875 117.94542694091797 679.0390625 
571.3836669921875 118.23116302490234 676.08984375 
571.99566650390625 117.26230621337891 673.48236083984375 
572.73626708984375 116.25099182128906 671.44140625 
573.6573486328125 115.09107971191406 669.62554931640625 
574.6270751953125 113.61558532714844 668.0528564453125 
578.95281982421875 121.10408782958984 678.1923828125 
577.34710693359375 120.84481048583984 677.0494384765625 
579.3631591796875 121.86026000976562 680.21563720703125 
610.9794921875 77.631675720214844 666.2174072265625 
619.0770263671875 74.441818237304688 668.72747802734375 
616.8387451171875 75.284690856933594 668.0714111328125 
614.72027587890625 76.112388610839844 667.4173583984375 
612.74395751953125 76.986167907714844 666.78802490234375 
575.05645751953125 116.43038177490234 670.56524658203125 
593.42706298828125 120.08441162109375 689.55633544921875 
575.077880859375 117.71083831787109 672.051025390625 
574.88714599609375 118.98555755615234 673.929931640625 
574.9610595703125 120.18647766113281 676.11480712890625 
572.3016357421875 119.79269409179688 678.2608642578125 
591.1519775390625 120.05930328369141 688.85955810546875 
591.46038818359375 121.35281372070312 690.75201416015625 
570.78033447265625 119.20341491699219 680.31610107421875 
575.05963134765625 121.21884155273438 678.59844970703125 
572.74346923828125 120.72357940673828 680.67529296875 
577.37493896484375 121.90048217773438 679.53125 
570.6282958984375 119.47222137451172 682.46044921875 
570.4404296875 119.51583862304688 684.92144775390625 
570.26080322265625 119.25107574462891 686.9224853515625 
571.2337646484375 119.88142395019531 688.73712158203125 
572.267822265625 120.28359222412109 690.549072265625 
575.28302001953125 122.05877685546875 681.53143310546875 
577.79107666015625 122.64437103271484 682.1937255859375 
574.12261962890625 121.2059326171875 691.4884033203125 
572.8153076171875 121.22264862060547 683.54461669921875 
572.27471923828125 120.96881103515625 686.47283935546875 
574.2138671875 121.89292907714844 688.76025390625 
575.99951171875 121.69428253173828 692.6573486328125 
577.85089111328125 121.97446441650391 693.60491943359375 
579.86688232421875 122.16832733154297 694.3909912109375 
581.94366455078125 122.17381286621094 695.24420166015625 
588.8795166015625 120.20156097412109 688.057861328125 
589.10693359375 121.08793640136719 690.12030029296875 
589.1881103515625 122.04391479492188 692.05126953125 
588.79339599609375 122.73886108398438 694.1036376953125 
586.34356689453125 122.50807952880859 695.1466064453125 
584.23736572265625 122.46199798583984 694.1143798828125 
586.71783447265625 122.36406707763672 693.05828857421875 
587.27789306640625 121.80705261230469 691.2545166015625 
586.81634521484375 121.36172485351562 689.47601318359375 
586.6976318359375 120.62725830078125 687.08624267578125 
584.65228271484375 121.19549560546875 685.8758544921875 
582.73919677734375 121.73804473876953 684.57769775390625 
581.01910400390625 122.19773864746094 683.318603515625 
579.68524169921875 122.44817352294922 682.263671875 
584.57080078125 121.99454498291016 688.64508056640625 
584.78436279296875 122.39089202880859 691.45745849609375 
582.1046142578125 122.73326110839844 693.02294921875 
582.2425537109375 122.91173553466797 690.375732421875 
582.44366455078125 122.58883666992188 687.46881103515625 
580.52008056640625 122.96245574951172 686.08270263671875 
578.87274169921875 123.02499389648438 684.43865966796875 
579.9134521484375 122.83870697021484 692.1507568359375 
577.9635009765625 122.60601043701172 691.6904296875 
576.5640869140625 122.52216339111328 690.30029296875 
579.65496826171875 123.17591857910156 689.41436767578125 
577.64404296875 123.09660339355469 687.40240478515625 
575.68603515625 122.63204956054688 684.997802734375 
631.702880859375 133.1602783203125 718.29547119140625 
629.43621826171875 131.7725830078125 717.72808837890625 
628.41241455078125 133.3218994140625 719.35394287109375 
631.92138671875 131.28262329101562 716.6607666015625 
631.87823486328125 129.60986328125 715.7591552734375 
630.0970458984375 129.91337585449219 716.685546875 
636.29779052734375 130.83674621582031 715.63629150390625 
633.79632568359375 130.33319091796875 715.4215087890625 
634.73980712890625 132.39299011230469 717.01593017578125 
635.48321533203125 128.73980712890625 714.4471435546875 
632.9482421875 128.2357177734375 714.82293701171875 
630.76483154296875 127.94377136230469 715.8746337890625 
631.4591064453125 125.94642639160156 715.05035400390625 
634.244140625 120.57086181640625 711.37713623046875 
636.2161865234375 119.79203033447266 711.1160888671875 
634.8431396484375 118.51654815673828 710.3125 
635.6470947265625 121.7012939453125 711.71868896484375 
635.0810546875 116.22368621826172 709.48370361328125 
635.51123046875 113.71755981445312 708.91644287109375 
637.30145263671875 125.11283874511719 713.32427978515625 
634.629638671875 126.25665283203125 713.58453369140625 
637.49981689453125 127.03018951416016 713.9835205078125 
636.40301513671875 123.42012786865234 712.5257568359375 
633.15234375 122.22008514404297 712.81329345703125 
632.1343994140625 123.90171813964844 714.1610107421875 
637.68133544921875 128.89581298828125 714.789794921875 
636.07281494140625 111.38658142089844 708.2635498046875 
635.55511474609375 110.28557586669922 706.59234619140625 
635.1917724609375 109.39197540283203 704.7591552734375 
633.84600830078125 109.67084503173828 697.6917724609375 
634.472900390625 109.37245941162109 700.15771484375 
634.82769775390625 108.98490142822266 702.6370849609375 
632.1480712890625 108.752685546875 693.06719970703125 
633.9483642578125 107.51335906982422 693.6536865234375 
632.9637451171875 106.83108520507812 691.9266357421875 
633.28594970703125 109.26142883300781 695.23516845703125 
627.47564697265625 105.11483764648438 687.16522216796875 
629.4666748046875 103.63285064697266 687.36376953125 
627.65478515625 102.89646911621094 686.16363525390625 
631.46240234375 105.91847229003906 689.8865966796875 
630.4249267578125 108.38007354736328 691.3856201171875 
628.57568359375 107.90491485595703 690.02166748046875 
629.290283203125 105.81822204589844 688.33477783203125 
626.86712646484375 107.14278411865234 688.76873779296875 
630.9525146484375 104.10231018066406 688.6483154296875 
625.1717529296875 106.19330596923828 687.685791015625 
625.54742431640625 102.07058715820312 685.22052001953125 
625.63262939453125 104.15396118164062 686.14056396484375 
623.36676025390625 103.11360931396484 685.395751953125 
623.130126953125 101.19633483886719 684.480712890625 
623.912353515625 104.90318298339844 686.5135498046875 
645.6641845703125 152.55841064453125 784.14404296875 
647.38555908203125 152.96467590332031 783.241943359375 
646.62701416015625 152.97584533691406 781.59259033203125 
648.12200927734375 133.76815795898438 727.2083740234375 
647.32373046875 133.1759033203125 725.1575927734375 
644.97711181640625 134.40016174316406 726.14794921875 
576.1253662109375 103.97600555419922 780.6309814453125 
576.02777099609375 106.34841156005859 770.00262451171875 
575.194580078125 107.06003570556641 771.65020751953125 
575.49603271484375 106.19951629638672 781.54803466796875 
656.77716064453125 153.28028869628906 766.0146484375 
657.87591552734375 153.58749389648438 766.01239013671875 
657.76885986328125 152.63453674316406 763.94451904296875 
660.31829833984375 152.75550842285156 763.22265625 
658.8851318359375 151.85365295410156 761.69598388671875 
661.16253662109375 151.82406616210938 760.6494140625 
659.6387939453125 150.95414733886719 759.3328857421875 
662.15277099609375 150.76467895507812 758.10833740234375 
662.72698974609375 145.46304321289062 745.42034912109375 
663.02362060546875 144.33335876464844 742.621337890625 
660.3414306640625 144.80850219726562 744.80084228515625 
661.040283203125 143.63560485839844 741.61614990234375 
576.29150390625 108.05644989013672 770.06427001953125 
577.18402099609375 108.93233489990234 768.14117431640625 
604.15264892578125 118.75508880615234 719.18878173828125 
603.30255126953125 117.88440704345703 717.23236083984375 
601.07373046875 119.3363037109375 718.80780029296875 
604.43951416015625 120.60566711425781 720.7406005859375 
602.16815185546875 119.72148132324219 720.7532958984375 
604.1470947265625 123.28524017333984 722.0089111328125 
602.3465576171875 121.35813903808594 722.245361328125 
604.17864990234375 125.30078125 723.12518310546875 
602.389892578125 123.54808807373047 723.47900390625 
660.500244140625 149.9114990234375 756.823486328125 
663.2589111328125 149.66526794433594 755.57269287109375 
661.384521484375 148.87516784667969 754.24383544921875 
664.03045654296875 148.58418273925781 752.93701171875 
662.17181396484375 148.005615234375 751.99969482421875 
664.099853515625 147.482421875 750.24566650390625 
661.6297607421875 147.09939575195312 750.05926513671875 
663.64190673828125 146.36015319824219 747.6815185546875 
661.058837890625 145.97274780273438 747.654541015625 
598.2073974609375 119.32968139648438 720.17059326171875 
596.0087890625 118.93119812011719 720.823486328125 
595.187255859375 117.41157531738281 722.3974609375 
594.6285400390625 115.75782775878906 723.48388671875 
595.4434814453125 113.89644622802734 724.70361328125 
605.138671875 126.66980743408203 724.25213623046875 
602.97882080078125 125.32557678222656 724.7999267578125 
606.19085693359375 127.56863403320312 725.14776611328125 
604.134033203125 126.47826385498047 726.11016845703125 
648.864013671875 134.56369018554688 729.15032958984375 
646.08837890625 135.30044555664062 728.675048828125 
649.66241455078125 135.55422973632812 730.95965576171875 
646.9569091796875 136.26866149902344 730.8123779296875 
650.964599609375 136.31549072265625 732.60040283203125 
648.04412841796875 137.1810302734375 732.740966796875 
652.4698486328125 137.00848388671875 734.10125732421875 
649.45721435546875 138.05085754394531 734.4947509765625 
653.72332763671875 138.04241943359375 735.6119384765625 
651.06121826171875 138.94514465332031 736.11328125 
643.32159423828125 135.33932495117188 728.238525390625 
642.5718994140625 134.45156860351562 725.76708984375 
640.78948974609375 135.12745666503906 727.99493408203125 
639.96453857421875 134.42723083496094 725.927001953125 
638.27301025390625 134.92581176757812 728.154052734375 
637.26873779296875 134.3836669921875 726.43048095703125 
635.67205810546875 134.73390197753906 728.57232666015625 
635.08953857421875 134.23448181152344 726.90252685546875 
622.47100830078125 134.55062866210938 802.875244140625 
624.31817626953125 135.98554992675781 802.42950439453125 
623.509033203125 135.00173950195312 800.43316650390625 
625.36944580078125 136.70404052734375 800.41229248046875 
620.67816162109375 133.02375793457031 803.3785400390625 
621.64556884765625 133.45132446289062 800.75262451171875 
618.78759765625 131.59638977050781 803.6328125 
619.765625 131.98187255859375 801.115966796875 
616.91351318359375 130.13450622558594 803.968017578125 
617.87353515625 130.53408813476562 801.49261474609375 
615.98382568359375 129.16731262207031 801.97491455078125 
614.1585693359375 127.91283416748047 802.34088134765625 
612.4378662109375 126.71846008300781 802.24658203125 
610.646240234375 125.48161315917969 801.84527587890625 
608.69256591796875 124.30333709716797 801.4554443359375 
606.69970703125 123.14131164550781 801.0623779296875 
604.68975830078125 122.05718994140625 800.57476806640625 
602.7099609375 121.06319427490234 800.0439453125 
600.794677734375 120.22895050048828 799.4029541015625 
599.00213623046875 119.55282592773438 798.408203125 
597.13427734375 118.96613311767578 797.1689453125 
595.0994873046875 118.43991851806641 795.84649658203125 
592.9251708984375 117.98183441162109 794.4163818359375 
590.2708740234375 117.40814971923828 792.94293212890625 
658.91632080078125 140.62576293945312 738.40216064453125 
658.29986572265625 138.41761779785156 736.94970703125 
655.4908447265625 140.7808837890625 738.828369140625 
655.83697509765625 138.33441162109375 736.55206298828125 
659.8575439453125 142.30441284179688 740.01275634765625 
656.89990234375 142.34979248046875 741.03009033203125 
658.4637451171875 143.57173156738281 742.89642333984375 
652.96099853515625 139.829833984375 737.56622314453125 
575.87261962890625 108.77080535888672 782.1141357421875 
576.783203125 111.10663604736328 782.41290283203125 
578.338134765625 113.19332122802734 782.28961181640625 
596.9666748046875 114.00776672363281 726.08575439453125 
597.8350830078125 112.53984069824219 727.16265869140625 
598.50250244140625 112.7305908203125 728.7357177734375 
598.8101806640625 113.34702301025391 730.79962158203125 
599.1741943359375 114.05979919433594 732.92584228515625 
599.90301513671875 114.6136474609375 734.9552001953125 
600.58502197265625 115.10737609863281 736.8909912109375 
601.0887451171875 115.60753631591797 738.90191650390625 
601.53985595703125 115.98159027099609 741.02032470703125 
601.8013916015625 116.25274658203125 743.51031494140625 
600.90545654296875 115.37062072753906 745.96258544921875 
574.421630859375 106.00844573974609 774.70574951171875 
574.67291259765625 107.58229827880859 773.55218505859375 
574.44854736328125 105.70187377929688 777.136474609375 
574.89349365234375 105.86073303222656 779.44610595703125 
585.88653564453125 108.80410766601562 752.75347900390625 
587.634521484375 110.05329132080078 752.65631103515625 
589.544189453125 111.19073486328125 752.42498779296875 
591.577392578125 112.24417114257812 752.015380859375 
593.70233154296875 113.13312530517578 751.37872314453125 
583.72528076171875 109.28973388671875 754.148681640625 
581.62646484375 109.24005126953125 756.1129150390625 
580.02734375 108.33189392089844 757.22113037109375 
579.04974365234375 108.28701782226562 759.1820068359375 
578.07598876953125 108.02842712402344 761.55853271484375 
577.93023681640625 108.99227142333984 763.66046142578125 
578.09393310546875 109.83220672607422 765.89276123046875 
595.77447509765625 113.77411651611328 750.45355224609375 
597.69775390625 114.23243713378906 749.24847412109375 
599.453857421875 114.77291870117188 747.81060791015625 
633.0247802734375 133.78834533691406 725.034912109375 
630.483154296875 133.80976867675781 723.5594482421875 
629.77545166015625 133.72972106933594 725.80511474609375 
627.7606201171875 133.912841796875 723.7889404296875 
631.77947998046875 134.01414489746094 727.485595703125 
633.33563232421875 134.46990966796875 728.755126953125 
626.7930908203125 133.64608764648438 726.26788330078125 
625.14727783203125 134.04530334472656 723.98236083984375 
623.96282958984375 133.47885131835938 726.22723388671875 
622.63531494140625 134.08050537109375 724.0849609375 
621.45965576171875 133.40538024902344 725.9515380859375 
620.18743896484375 133.82168579101562 723.96221923828125 
619.24920654296875 133.12582397460938 725.844482421875 
617.80010986328125 133.20512390136719 723.76361083984375 
617.04168701171875 132.55384826660156 725.98248291015625 
615.44134521484375 132.49119567871094 724.09979248046875 
614.72198486328125 131.79948425292969 726.2152099609375 
613.0438232421875 131.58660888671875 724.386962890625 
612.37457275390625 130.96629333496094 726.4720458984375 
610.68035888671875 130.46894836425781 724.5849609375 
610.007080078125 129.98085021972656 726.69378662109375 
608.419677734375 129.09494018554688 724.806640625 
607.75872802734375 128.77792358398438 726.9571533203125 
605.6402587890625 127.40483093261719 727.56878662109375 
639.19329833984375 148.05099487304688 792.95965576171875 
640.8760986328125 148.80888366699219 791.8145751953125 
639.7283935546875 148.24763488769531 790.21038818359375 
641.43994140625 149.88037109375 789.437744140625 
637.86456298828125 146.78204345703125 793.82977294921875 
638.23541259765625 146.88117980957031 791.203857421875 
636.430908203125 145.53465270996094 794.66510009765625 
636.82470703125 145.52255249023438 792.1942138671875 
635.19073486328125 144.58251953125 796.1021728515625 
635.464599609375 144.18211364746094 793.26739501953125 
633.68560791015625 143.44683837890625 796.4483642578125 
633.97161865234375 143.00726318359375 794.32781982421875 
632.21923828125 142.45234680175781 798.32342529296875 
632.3358154296875 141.94160461425781 795.51617431640625 
630.63494873046875 141.16514587402344 799.624755859375 
630.80328369140625 140.90113830566406 796.95281982421875 
628.87200927734375 139.74592590332031 800.0411376953125 
629.511962890625 140.01730346679688 798.0797119140625 
627.1343994140625 138.20556640625 800.08184814453125 
628.09442138671875 138.721435546875 797.90863037109375 
626.3607177734375 137.13996887207031 797.885498046875 
624.50653076171875 135.45895385742188 798.02679443359375 
588.07989501953125 117.03666687011719 790.7318115234375 
586.22613525390625 116.61985778808594 788.98956298828125 
584.5517578125 116.222412109375 787.412109375 
583.292236328125 115.88716125488281 786.08941650390625 
640.51861572265625 148.30839538574219 787.53521728515625 
641.8583984375 149.63890075683594 786.804931640625 
642.771484375 150.8787841796875 787.654052734375 
642.7989501953125 150.49661254882812 784.95941162109375 
644.480712890625 151.65046691894531 786.13287353515625 
644.11065673828125 151.47756958007812 783.2042236328125 
645.2830810546875 152.18342590332031 781.77056884765625 
646.00823974609375 152.21754455566406 779.71630859375 
647.48687744140625 153.3948974609375 778.92138671875 
647.00201416015625 152.36244201660156 777.3284912109375 
648.97027587890625 153.63349914550781 776.77703857421875 
648.35150146484375 152.39036560058594 775.057861328125 
650.43426513671875 153.80860900878906 774.58392333984375 
649.82562255859375 152.52435302734375 772.7957763671875 
652.08990478515625 153.91108703613281 772.55694580078125 
651.3590087890625 152.73129272460938 770.56085205078125 
653.77874755859375 153.98193359375 770.5137939453125 
652.914794921875 152.79450988769531 768.396728515625 
655.28875732421875 153.76322937011719 768.29913330078125 
654.43927001953125 152.57257080078125 766.302490234375 
655.83123779296875 152.13119506835938 764.271484375 
581.47821044921875 115.30802154541016 783.5308837890625 
583.14715576171875 116.04665374755859 784.07598876953125 
580.3551025390625 114.84441375732422 781.84375 
600.2174072265625 119.26359558105469 720.93585205078125 
657.02752685546875 151.73002624511719 762.5941162109375 
600.63055419921875 119.8873291015625 722.4619140625 
657.326171875 150.94145202636719 760.702880859375 
596.48968505859375 115.84470367431641 724.29217529296875 
600.67138671875 121.59592437744141 723.9219970703125 
574.411376953125 107.79203796386719 775.70062255859375 
597.1505126953125 117.88722229003906 722.50531005859375 
598.955322265625 118.74927520751953 722.50958251953125 
598.09918212890625 117.49577331542969 724.48077392578125 
597.59625244140625 116.10190582275391 726.25103759765625 
597.62847900390625 114.62388610839844 727.7589111328125 
597.94140625 115.35244750976562 729.712158203125 
598.52239990234375 116.19673919677734 731.72943115234375 
599.38763427734375 119.32968139648438 724.40179443359375 
598.50946044921875 118.31953430175781 726.415283203125 
597.94305419921875 117.03732299804688 728.2130126953125 
574.9937744140625 108.234130859375 780.05194091796875 
574.50177001953125 107.91358947753906 777.9420166015625 
657.8394775390625 149.9788818359375 758.28985595703125 
575.7626953125 108.74346923828125 772.1361083984375 
575.33575439453125 109.17147064208984 774.28900146484375 
575.0867919921875 109.44190216064453 776.40203857421875 
575.1771240234375 109.82553863525391 778.3636474609375 
575.757080078125 110.41813659667969 780.34130859375 
577.104248046875 112.40061950683594 780.281494140625 
576.3397216796875 111.53315734863281 778.3619384765625 
575.928466796875 110.75070953369141 776.89910888671875 
576.2291259765625 110.64566040039062 775.0792236328125 
576.635986328125 110.29656219482422 772.79071044921875 
577.0296630859375 109.69712829589844 770.42266845703125 
599.5382080078125 120.93023681640625 726.14093017578125 
598.88470458984375 119.57167053222656 728.32666015625 
598.50830078125 118.04566955566406 730.20684814453125 
599.28729248046875 116.65431976318359 733.68359375 
600.126953125 117.03131866455078 735.4794921875 
644.01348876953125 136.32997131347656 730.6182861328125 
645.035400390625 137.29566955566406 732.859619140625 
600.99810791015625 123.54383850097656 725.456787109375 
600.1959228515625 122.3349609375 727.927001953125 
599.755859375 120.74344635009766 730.1602783203125 
599.5150146484375 119.00393676757812 732.3316650390625 
600.08758544921875 118.53856658935547 734.21588134765625 
578.25732421875 110.61724853515625 768.3509521484375 
578.99755859375 114.05912780761719 779.86773681640625 
577.92822265625 113.06503295898438 777.8858642578125 
577.08563232421875 111.92420196533203 776.22802734375 
646.451904296875 138.24085998535156 734.871337890625 
648.085693359375 139.15530395507812 736.6783447265625 
649.9564208984375 140.09494018554688 738.37322998046875 
651.92742919921875 141.10621643066406 740.01336669921875 
653.6741943359375 142.18760681152344 741.88787841796875 
601.96209716796875 124.85919189453125 727.03448486328125 
603.45599365234375 125.92741394042969 728.47906494140625 
577.67120361328125 111.7691650390625 773.78582763671875 
578.128173828125 111.28857421875 771.067138671875 
601.48199462890625 123.43133544921875 729.5196533203125 
601.1690673828125 121.94078063964844 731.770751953125 
601.10382080078125 120.57045745849609 733.80975341796875 
658.60968017578125 148.92022705078125 755.665283203125 
659.5352783203125 147.83660888671875 752.73504638671875 
659.05291748046875 146.66551208496094 750.24713134765625 
658.3291015625 145.56443786621094 747.98516845703125 
657.19384765625 144.46012878417969 745.919921875 
601.0262451171875 117.48737335205078 737.31219482421875 
601.0712890625 119.17576599121094 735.6297607421875 
601.896484375 117.88165283203125 739.2786865234375 
602.73681640625 118.15824890136719 741.390869140625 
584.91644287109375 116.52371978759766 785.04046630859375 
586.63568115234375 116.92870330810547 786.3968505859375 
588.45281982421875 117.28187561035156 787.98760986328125 
590.48065185546875 117.62239074707031 789.74517822265625 
592.7403564453125 117.96375274658203 791.4727783203125 
655.0650634765625 143.410400390625 744.32806396484375 
628.6712646484375 133.90684509277344 728.2872314453125 
630.8035888671875 134.30534362792969 729.7991943359375 
622.68914794921875 133.76075744628906 798.21575927734375 
620.7835693359375 132.20310974121094 798.54241943359375 
618.89837646484375 130.67695617675781 798.9500732421875 
616.98419189453125 129.2633056640625 799.433349609375 
615.09881591796875 128.03817749023438 799.99957275390625 
613.5604248046875 127.10845184326172 800.556884765625 
612.183837890625 126.07722473144531 799.9185791015625 
610.346435546875 124.84733581542969 799.32598876953125 
608.28533935546875 123.64283752441406 798.87109375 
606.22833251953125 122.54707336425781 798.4754638671875 
604.2098388671875 121.56085968017578 797.99456787109375 
602.22210693359375 120.70883941650391 797.4901123046875 
600.50537109375 120.03435516357422 797.202392578125 
599.1168212890625 119.49393463134766 795.87347412109375 
597.1939697265625 118.87472534179688 794.46209716796875 
595.049560546875 118.37139129638672 793.007568359375 
602.31317138671875 119.68659973144531 737.48004150390625 
603.44683837890625 119.87041473388672 739.51123046875 
602.67852783203125 121.40805816650391 735.46173095703125 
603.15869140625 124.4510498046875 731.01129150390625 
602.9132080078125 123.00074768066406 733.2818603515625 
605.29071044921875 126.59901428222656 730.09619140625 
607.41644287109375 128.10173034667969 729.26226806640625 
609.4842529296875 129.24794006347656 728.7862548828125 
611.710205078125 130.20555114746094 728.56243896484375 
614.0478515625 131.0791015625 728.31719970703125 
616.36175537109375 131.87319946289062 728.0631103515625 
618.55718994140625 132.51860046386719 727.74981689453125 
620.35211181640625 132.96356201171875 727.4185791015625 
622.27069091796875 133.18025207519531 728.15081787109375 
604.51458740234375 121.97158813476562 737.56976318359375 
604.896240234375 123.70091247558594 734.93804931640625 
605.15771484375 125.21059417724609 732.5194091796875 
607.409912109375 127.09104919433594 731.58953857421875 
609.093505859375 128.38436889648438 730.6253662109375 
611.07440185546875 129.24581909179688 730.6234130859375 
613.39642333984375 130.25456237792969 730.40576171875 
615.73309326171875 131.16983032226562 730.15191650390625 
618.04876708984375 132.00532531738281 729.8223876953125 
620.25994873046875 132.68624877929688 729.2674560546875 
625.20220947265625 133.57643127441406 729.0377197265625 
622.40997314453125 132.98542785644531 730.58184814453125 
627.72943115234375 133.99005126953125 730.87005615234375 
624.77178955078125 133.43742370605469 731.99212646484375 
585.73748779296875 110.56184387207031 754.184326171875 
587.88934326171875 111.69805145263672 754.08380126953125 
590.13775634765625 112.85829925537109 753.78466796875 
592.5333251953125 113.96816253662109 753.21173095703125 
594.9244384765625 114.85962677001953 752.32757568359375 
597.151123046875 115.43905639648438 751.16082763671875 
599.1861572265625 115.94804382324219 749.75390625 
601.22027587890625 116.74111175537109 748.03155517578125 
638.84344482421875 146.81820678710938 788.5311279296875 
637.23382568359375 145.44670104980469 789.57427978515625 
635.72412109375 144.06996154785156 790.62103271484375 
634.1949462890625 142.7080078125 791.69970703125 
632.51068115234375 141.45826721191406 792.9058837890625 
630.75811767578125 140.386962890625 794.33001708984375 
629.25775146484375 139.38906860351562 795.98883056640625 
627.5550537109375 137.70155334472656 795.5732421875 
625.68145751953125 135.92835998535156 795.53369140625 
623.769287109375 134.07362365722656 795.73419189453125 
621.8680419921875 132.38621520996094 796.0191650390625 
619.93634033203125 130.81048583984375 796.404296875 
617.9788818359375 129.30918884277344 796.8817138671875 
615.9501953125 127.94196319580078 797.5323486328125 
613.95465087890625 126.81317901611328 798.46820068359375 
612.31549072265625 125.48016357421875 797.32440185546875 
610.17327880859375 124.10312652587891 796.61578369140625 
607.8968505859375 122.88883972167969 796.26727294921875 
605.77630615234375 121.84611511230469 795.89215087890625 
603.72027587890625 120.92617797851562 795.4161376953125 
601.409912109375 120.0545654296875 794.8909912109375 
599.43170166015625 119.24246215820312 793.20849609375 
597.36834716796875 118.62349700927734 791.64263916015625 
595.1031494140625 118.14556884765625 790.12408447265625 
579.14569091796875 109.40552520751953 761.1728515625 
580.36328125 109.51979827880859 758.73101806640625 
619.95452880859375 132.18345642089844 731.47406005859375 
617.515380859375 131.26008605957031 731.94866943359375 
615.12408447265625 130.30230712890625 732.20306396484375 
612.76171875 129.2333984375 732.48956298828125 
610.035888671875 127.82920074462891 732.85150146484375 
607.45269775390625 125.85700988769531 734.116943359375 
622.0684814453125 132.52885437011719 733.0494384765625 
607.074951171875 124.33051300048828 736.73095703125 
627.0811767578125 133.94854736328125 733.4423828125 
624.31866455078125 133.08226013183594 734.54443359375 
628.9906005859375 138.61013793945312 793.39892578125 
627.02490234375 136.626708984375 793.0428466796875 
624.9395751953125 134.66204833984375 793.189208984375 
622.97442626953125 132.71820068359375 793.50341796875 
630.8504638671875 139.75947570800781 791.596435546875 
632.79962158203125 141.10044860839844 790.2354736328125 
634.4635009765625 142.587646484375 789.08428955078125 
636.0433349609375 144.0404052734375 788.01025390625 
637.70867919921875 145.34085083007812 786.93878173828125 
639.42999267578125 146.81474304199219 785.735595703125 
620.994873046875 130.9840087890625 793.89617919921875 
618.97698974609375 129.44195556640625 794.33416748046875 
616.87908935546875 127.93587493896484 794.92156982421875 
614.576416015625 126.53907775878906 795.816162109375 
641.34686279296875 148.59419250488281 784.4356689453125 
643.022216796875 149.94627380371094 782.26922607421875 
644.48297119140625 151.14730834960938 780.70892333984375 
645.16796875 151.0609130859375 778.189208984375 
643.3651123046875 149.778564453125 779.427001953125 
646.1767578125 151.06269836425781 775.62554931640625 
644.040771484375 149.71916198730469 776.6087646484375 
647.47137451171875 151.11959838867188 773.13330078125 
648.9788818359375 151.31452941894531 770.7274169921875 
650.57672119140625 151.5452880859375 768.47576904296875 
652.19390869140625 151.59965515136719 766.44970703125 
653.712158203125 151.31745910644531 764.43084716796875 
655.31365966796875 151.01235961914062 762.3858642578125 
645.0208740234375 149.72230529785156 773.7135009765625 
646.49072265625 149.81439208984375 770.94244384765625 
648.25244140625 150.12284851074219 768.49066162109375 
655.33026123046875 149.92739868164062 760.035400390625 
655.83001708984375 148.90678405761719 757.3453369140625 
656.64056396484375 147.89675903320312 754.61627197265625 
657.30859375 147.10745239257812 752.33740234375 
656.47900390625 146.21965026855469 750.714111328125 
655.53826904296875 145.21994018554688 748.7811279296875 
654.6314697265625 144.336181640625 747.0841064453125 
654.95672607421875 146.91134643554688 753.3623046875 
653.79339599609375 147.74589538574219 756.225341796875 
653.03375244140625 148.73292541503906 759.23052978515625 
653.73291015625 145.84527587890625 751.5947265625 
652.8013916015625 144.77130126953125 749.54449462890625 
652.2271728515625 143.82342529296875 747.17608642578125 
651.66021728515625 142.8594970703125 744.72125244140625 
650.5072021484375 141.88383483886719 742.58966064453125 
648.84014892578125 140.95700073242188 740.78216552734375 
652.745849609375 149.94728088378906 762.3359375 
651.7186279296875 150.56327819824219 764.7564697265625 
650.07049560546875 150.40811157226562 766.3929443359375 
650.0499267578125 149.39686584472656 764.08538818359375 
650.31396484375 148.40037536621094 761.36572265625 
647.8985595703125 148.99795532226562 766.077880859375 
647.88983154296875 147.98631286621094 763.4921875 
650.54931640625 147.25619506835938 758.09539794921875 
647.97796630859375 147.05455017089844 760.77471923828125 
652.09942626953125 146.51698303222656 754.6282958984375 
650.7513427734375 145.304931640625 752.59246826171875 
649.09033203125 145.832275390625 755.823974609375 
647.90399169921875 146.22824096679688 758.47222900390625 
649.81634521484375 144.21604919433594 750.1568603515625 
649.33221435546875 143.24392700195312 747.5076904296875 
648.76959228515625 142.38972473144531 745.135986328125 
647.6485595703125 141.57188415527344 743.250244140625 
647.20196533203125 144.421875 753.72412109375 
646.20574951171875 145.12640380859375 757.357421875 
645.7852783203125 145.73971557617188 760.23858642578125 
645.64691162109375 146.53880310058594 762.9393310546875 
645.6405029296875 147.48724365234375 765.65966796875 
645.832763671875 148.57418823242188 768.38494873046875 
646.849365234375 143.37263488769531 750.38134765625 
643.82769775390625 143.75651550292969 756.4366455078125 
644.056396484375 143.08494567871094 753.15093994140625 
643.50323486328125 144.36013793945312 759.5706787109375 
643.365234375 145.05857849121094 762.46319580078125 
643.36224365234375 145.91584777832031 765.2469482421875 
643.4571533203125 146.88636779785156 768.10125732421875 
643.6483154296875 147.99969482421875 771.4063720703125 
642.67950439453125 148.16142272949219 774.9910888671875 
642.024169921875 148.22013854980469 778.09814453125 
641.5963134765625 148.34950256347656 781.10198974609375 
639.76226806640625 146.85313415527344 782.8062744140625 
638.05645751953125 145.31887817382812 784.270751953125 
636.44403076171875 143.91020202636719 785.47357177734375 
634.8182373046875 142.52218627929688 786.51702880859375 
633.20703125 140.93586730957031 787.6185302734375 
640.072998046875 146.69944763183594 779.8660888671875 
638.2935791015625 145.22724914550781 781.58984375 
636.7850341796875 143.78541564941406 783.0443115234375 
635.18707275390625 142.50244140625 784.0645751953125 
633.59027099609375 140.941650390625 785.06903076171875 
640.5047607421875 146.44673156738281 776.84942626953125 
641.06805419921875 146.31391906738281 773.6875 
641.308837890625 145.9713134765625 770.62261962890625 
641.16497802734375 145.11318969726562 767.8018798828125 
640.99237060546875 144.22761535644531 765.03179931640625 
640.88470458984375 143.46197509765625 762.14990234375 
640.90557861328125 142.82342529296875 759.11328125 
631.3177490234375 139.40504455566406 788.8194580078125 
631.94512939453125 139.39002990722656 786.26763916015625 
628.8609619140625 137.66777038574219 790.2991943359375 
626.3248291015625 135.39541625976562 790.58154296875 
624.16180419921875 133.30421447753906 790.94677734375 
622.08502197265625 131.351806640625 791.37213134765625 
620.01690673828125 129.64654541015625 791.82574462890625 
617.90533447265625 128.06333923339844 792.33807373046875 
615.54205322265625 126.49363708496094 793.0162353515625 
612.60797119140625 124.86168670654297 794.0899658203125 
609.7156982421875 123.24627685546875 793.91864013671875 
607.3717041015625 122.099365234375 793.72760009765625 
605.28662109375 121.12548828125 793.37322998046875 
603.23260498046875 120.29622650146484 792.88018798828125 
601.3824462890625 119.62718200683594 792.306640625 
599.9449462890625 118.99903869628906 790.18603515625 
597.41650390625 118.37031555175781 788.7718505859375 
592.9173583984375 117.83455657958984 788.47039794921875 
595.34259033203125 117.98700714111328 787.15625 
590.82757568359375 117.57241058349609 786.7589111328125 
588.84820556640625 117.27317810058594 785.1219482421875 
586.92901611328125 116.93905639648438 783.6661376953125 
584.971435546875 116.52421569824219 782.46649169921875 
582.7545166015625 115.91543579101562 781.42242431640625 
581.24835205078125 115.2274169921875 779.2578125 
579.9595947265625 114.34593963623047 777.13232421875 
578.7606201171875 113.11184692382812 775.25775146484375 
579.34832763671875 112.83481597900391 772.275390625 
579.827392578125 112.33289337158203 768.8282470703125 
606.7099609375 123.00635528564453 739.18267822265625 
605.06475830078125 121.3878173828125 739.81475830078125 
604.433349609375 120.10991668701172 741.4954833984375 
606.30950927734375 121.85675048828125 741.3681640625 
603.6053466796875 118.63824462890625 743.4869384765625 
602.56298828125 117.43801116943359 745.63714599609375 
604.46502685546875 119.29981231689453 745.5028076171875 
603.2763671875 118.37723541259766 747.42333984375 
605.55218505859375 120.57682037353516 743.47796630859375 
579.56134033203125 111.32891845703125 765.92791748046875 
579.356689453125 110.44744873046875 763.4046630859375 
641.0130615234375 142.27009582519531 755.81036376953125 
630.0576171875 134.56959533691406 732.26007080078125 
633.42498779296875 134.97428894042969 730.87060546875 
636.732177734375 135.39430236816406 730.2667236328125 
639.139404296875 135.50863647460938 729.66619873046875 
641.24176025390625 135.96884155273438 730.18426513671875 
641.43511962890625 136.97283935546875 732.90478515625 
643.320556640625 138.02708435058594 735.19232177734375 
645.07452392578125 139.01382446289062 737.173095703125 
646.916748046875 139.98788452148438 739.02655029296875 
645.82403564453125 140.64485168457031 741.54302978515625 
638.60009765625 136.15463256835938 731.6485595703125 
635.50885009765625 135.86236572265625 732.61456298828125 
632.306884765625 135.36660766601562 733.63873291015625 
629.3304443359375 134.70208740234375 734.7735595703125 
639.99188232421875 137.64405822753906 735.74725341796875 
637.7642822265625 136.71867370605469 734.09918212890625 
634.537109375 136.23797607421875 735.0860595703125 
631.54241943359375 135.56773376464844 736.10491943359375 
641.94818115234375 138.63993835449219 737.63800048828125 
643.84210205078125 139.62840270996094 739.64019775390625 
636.74774169921875 137.13050842285156 736.55059814453125 
638.8448486328125 138.07762145996094 738.1561279296875 
633.7305908203125 136.50370788574219 737.45428466796875 
640.73101806640625 139.04595947265625 740.05224609375 
642.5003662109375 140.13748168945312 742.55706787109375 
644.9591064453125 141.20364379882812 744.21954345703125 
646.56158447265625 141.93525695800781 745.4132080078125 
646.70062255859375 142.56484985351562 747.576171875 
644.1990966796875 142.4088134765625 749.9537353515625 
641.37103271484375 141.80641174316406 752.3414306640625 
644.47796630859375 141.78274536132812 746.99066162109375 
642.3565673828125 140.86785888671875 745.805419921875 
641.91448974609375 141.37699890136719 748.94854736328125 
583.90386962890625 110.70795440673828 756.05615234375 
582.25360107421875 110.73792266845703 758.28314208984375 
580.80108642578125 110.70387268066406 760.81414794921875 
581.33905029296875 111.90917205810547 763.3819580078125 
580.93328857421875 112.50224304199219 766.1063232421875 
586.20465087890625 111.95600891113281 755.97528076171875 
588.63177490234375 113.16024017333984 755.81451416015625 
584.50885009765625 111.99699401855469 758.0877685546875 
582.8851318359375 111.95550537109375 760.46124267578125 
586.988037109375 113.27224731445312 758.02593994140625 
591.30804443359375 114.46595764160156 755.44873046875 
589.79058837890625 114.63903045654297 757.8865966796875 
594.103271484375 115.59908294677734 754.64227294921875 
596.6700439453125 116.38166809082031 753.37689208984375 
598.893798828125 116.88893127441406 751.93267822265625 
600.84063720703125 117.38584136962891 750.40863037109375 
602.3773193359375 118.04529571533203 749.14910888671875 
593.28900146484375 116.14783477783203 757.7100830078125 
596.41650390625 117.08611297607422 756.03887939453125 
598.8138427734375 117.71326446533203 754.3299560546875 
600.8409423828125 118.14859771728516 752.60394287109375 
602.61456298828125 118.63368988037109 750.88897705078125 
604.01239013671875 119.17893981933594 749.06292724609375 
604.9161376953125 119.69396209716797 747.26934814453125 
606.63116455078125 121.06816101074219 745.8984375 
607.67041015625 122.31207275390625 743.31939697265625 
608.3626708984375 123.47844696044922 741.04901123046875 
609.04364013671875 124.76871490478516 738.74383544921875 
610.0494384765625 126.41853332519531 736.0714111328125 
612.400146484375 128.16972351074219 734.67901611328125 
614.543701171875 129.36366271972656 734.160888671875 
616.8521728515625 130.3968505859375 734.05316162109375 
619.4393310546875 131.48492431640625 733.7640380859375 
638.46673583984375 144.98146057128906 778.81695556640625 
636.89752197265625 143.54942321777344 780.686767578125 
635.62664794921875 142.56922912597656 782.05889892578125 
633.989990234375 140.94114685058594 782.2943115234375 
632.25750732421875 139.29745483398438 783.8760986328125 
638.67156982421875 144.45701599121094 775.64288330078125 
639.63201904296875 144.77482604980469 772.755859375 
639.29864501953125 144.08860778808594 770.5108642578125 
636.84661865234375 143.09103393554688 778.19818115234375 
635.35003662109375 141.95986938476562 780.13897705078125 
637.869140625 143.17218017578125 773.251708984375 
636.5987548828125 142.33534240722656 775.79742431640625 
635.1953125 141.3948974609375 777.8087158203125 
633.7528076171875 140.26097106933594 779.5592041015625 
632.2171630859375 138.94218444824219 781.32379150390625 
638.8955078125 143.23699951171875 767.895751953125 
637.25238037109375 142.1805419921875 770.88885498046875 
636.0196533203125 141.34516906738281 773.6904296875 
635.105224609375 140.93568420410156 775.7996826171875 
633.7708740234375 139.86260986328125 777.01165771484375 
638.48431396484375 142.40863037109375 765.119873046875 
638.15869140625 141.64472961425781 762.11883544921875 
638.03118896484375 141.09675598144531 758.78887939453125 
637.94061279296875 140.55986022949219 754.91094970703125 
639.136962890625 140.59271240234375 750.85009765625 
636.60345458984375 141.2052001953125 768.35064697265625 
635.2047119140625 140.28167724609375 771.53515625 
634.217041015625 139.8675537109375 774.40472412109375 
635.888916015625 140.31695556640625 765.556884765625 
634.25830078125 139.19296264648438 769.11541748046875 
633.11572265625 138.60897827148438 772.4833984375 
632.4373779296875 138.41168212890625 775.6312255859375 
632.16693115234375 138.55036926269531 778.57574462890625 
635.05889892578125 139.39363098144531 762.31048583984375 
635.25372314453125 139.29412841796875 758.52252197265625 
634.64520263671875 138.71235656738281 755.4864501953125 
636.2203369140625 139.37080383300781 752.1346435546875 
633.1534423828125 138.08441162109375 766.4471435546875 
631.8551025390625 137.2548828125 770.229248046875 
631.03546142578125 136.91744995117188 773.8388671875 
630.5291748046875 136.80343627929688 777.2958984375 
630.4381103515625 137.04988098144531 780.48370361328125 
631.9945068359375 136.95895385742188 763.8116455078125 
633.22332763671875 137.93038940429688 760.88861083984375 
632.78857421875 137.57164001464844 758.45062255859375 
631.0888671875 136.21551513671875 761.2379150390625 
630.1695556640625 135.54946899414062 767.66162109375 
629.3597412109375 134.70603942871094 764.1976318359375 
629.49627685546875 135.33212280273438 771.8511962890625 
628.8544921875 135.06617736816406 775.57598876953125 
628.1021728515625 134.76171875 779.61895751953125 
627.64398193359375 133.5794677734375 770.260498046875 
627.4171142578125 133.1317138671875 767.026123046875 
627.23590087890625 133.4842529296875 773.66717529296875 
626.356689453125 132.9464111328125 777.1981201171875 
630.6702880859375 137.61679077148438 783.16796875 
630.8831787109375 138.12399291992188 785.1607666015625 
630.048583984375 137.81736755371094 787.27288818359375 
627.81378173828125 136.05563354492188 787.8778076171875 
629.2130126953125 136.68618774414062 785.31982421875 
628.6533203125 135.78155517578125 782.8868408203125 
625.53033447265625 133.99493408203125 788.31488037109375 
623.260498046875 131.96286010742188 788.78009033203125 
627.01043701171875 134.81706237792969 785.59979248046875 
626.2005615234375 133.64627075195312 783.13140869140625 
625.0028076171875 132.28561401367188 780.6920166015625 
624.60174560546875 132.77156066894531 786.07257080078125 
621.087890625 130.08525085449219 789.292724609375 
618.955078125 128.36917114257812 789.8167724609375 
616.7421875 126.72716522216797 790.3604736328125 
622.2012939453125 130.77134704589844 786.65380859375 
619.96124267578125 128.88766479492188 787.2852783203125 
617.801513671875 127.16385650634766 787.85211181640625 
623.51043701171875 131.52462768554688 783.85516357421875 
614.20770263671875 125.10369110107422 790.95855712890625 
615.490478515625 125.53390502929688 788.3592529296875 
611.46722412109375 123.62156677246094 791.3642578125 
608.9310302734375 122.35932922363281 791.4442138671875 
606.72479248046875 121.36414337158203 791.28326416015625 
604.68182373046875 120.50459289550781 790.90130615234375 
602.56982421875 119.72676849365234 790.44134521484375 
621.01507568359375 129.53952026367188 784.6578369140625 
618.7525634765625 127.70431518554688 785.3463134765625 
616.5615234375 126.00675964355469 785.90576171875 
612.9290771484375 124.06065368652344 788.78326416015625 
614.17669677734375 124.4935302734375 786.3251953125 
610.38372802734375 122.71037292480469 789.065185546875 
608.07879638671875 121.64979553222656 789.132080078125 
606.01470947265625 120.77463531494141 788.93475341796875 
603.992919921875 119.98934173583984 788.4830322265625 
601.76666259765625 119.27690887451172 787.91015625 
599.39703369140625 118.67023468017578 787.145751953125 
597.38543701171875 118.25506591796875 786.277099609375 
593.326171875 117.69445037841797 785.31817626953125 
596.22222900390625 118.04483032226562 783.81781005859375 
591.2176513671875 117.43986511230469 783.5750732421875 
589.13397216796875 117.14552307128906 782.01043701171875 
587.03643798828125 116.78897094726562 780.722900390625 
584.94696044921875 116.38114166259766 779.69525146484375 
583.21014404296875 115.89084625244141 778.7318115234375 
582.4599609375 115.34128570556641 776.0867919921875 
580.73779296875 114.15727233886719 774.00439453125 
622.1783447265625 130.13658142089844 781.79583740234375 
623.30657958984375 130.59188842773438 778.385986328125 
624.899658203125 131.51155090332031 775.07421875 
619.695556640625 128.23043823242188 782.75579833984375 
617.43316650390625 126.54378509521484 783.41180419921875 
615.17205810546875 124.95191192626953 783.87738037109375 
611.66595458984375 123.11993408203125 786.6697998046875 
612.73486328125 123.54720306396484 784.2364501953125 
609.26776123046875 121.98465728759766 786.9049072265625 
607.16583251953125 121.08301544189453 786.9752197265625 
605.28607177734375 120.32984924316406 786.66949462890625 
603.31005859375 119.66192626953125 786.0146484375 
620.59765625 128.67855834960938 780.0521240234375 
618.25543212890625 127.0020751953125 780.85626220703125 
615.9871826171875 125.37377166748047 781.3548583984375 
613.58209228515625 123.92934417724609 781.70660400390625 
610.259765625 122.35786437988281 784.53973388671875 
611.0416259765625 122.677978515625 782.008544921875 
608.02490234375 121.37726593017578 784.88006591796875 
606.3380126953125 120.70174407958984 785.209716796875 
604.72589111328125 120.1358642578125 784.34637451171875 
581.165283203125 113.86034393310547 770.70660400390625 
581.729248046875 113.50426483154297 767.70135498046875 
582.51251220703125 113.239990234375 765.1221923828125 
583.6585693359375 113.09368896484375 762.660888671875 
585.24932861328125 113.20562744140625 760.2889404296875 
587.9407958984375 114.65163421630859 760.6116943359375 
585.79931640625 114.24882507324219 762.66888427734375 
584.34954833984375 114.15573120117188 764.82177734375 
583.26068115234375 114.12732696533203 766.73126220703125 
583.08843994140625 114.62647247314453 769.15386962890625 
582.84173583984375 114.98406982421875 772.37994384765625 
584.66119384765625 115.85609436035156 773.83941650390625 
584.78680419921875 116.1083984375 776.85125732421875 
586.9119873046875 116.58505249023438 777.695068359375 
586.62646484375 116.35697937011719 774.79425048828125 
586.23834228515625 115.10404205322266 765.0771484375 
584.75762939453125 114.99593353271484 767.2593994140625 
585.12451171875 115.61330413818359 770.40057373046875 
586.40692138671875 116.19532775878906 772.3798828125 
591.0692138671875 115.86024475097656 760.29974365234375 
589.57470703125 115.8160400390625 762.78497314453125 
587.55096435546875 115.18721771240234 763.20867919921875 
596.8145751953125 117.79466247558594 759.37030029296875 
593.953857421875 116.95462799072266 760.80047607421875 
599.14434814453125 118.42477416992188 757.0035400390625 
601.12457275390625 118.89215087890625 754.99896240234375 
603.00469970703125 119.36011505126953 753.05828857421875 
604.7506103515625 119.91682434082031 750.99835205078125 
606.044189453125 120.56987762451172 748.6441650390625 
589.22650146484375 116.95911407470703 778.638427734375 
588.90362548828125 116.76310729980469 775.37640380859375 
588.30194091796875 116.53356170654297 772.58282470703125 
591.55963134765625 117.32342529296875 780.0408935546875 
593.79913330078125 117.68470001220703 781.8458251953125 
587.57232666015625 116.27159118652344 770.14105224609375 
586.8101806640625 115.80892181396484 767.63214111328125 
588.29620361328125 115.83908843994141 765.21771240234375 
589.0694580078125 116.36122894287109 767.62530517578125 
589.85992431640625 116.70089721679688 770.0762939453125 
590.57159423828125 116.41398620605469 765.10308837890625 
592.06793212890625 116.57948303222656 762.73419189453125 
591.403076171875 116.85818481445312 767.48699951171875 
592.8858642578125 117.03456115722656 765.00054931640625 
594.123046875 117.24352264404297 763.0355224609375 
596.14447021484375 117.81157684326172 762.37042236328125 
590.72076416015625 117.01825714111328 772.69677734375 
592.29913330078125 117.21714019775391 769.89642333984375 
591.8458251953125 117.31360626220703 775.9599609375 
593.44659423828125 117.64729309082031 772.38238525390625 
593.81439208984375 117.44754791259766 767.2442626953125 
594.86279296875 117.89958953857422 769.500244140625 
595.186767578125 117.68592834472656 764.7840576171875 
594.2821044921875 117.83114624023438 778.20068359375 
596.5692138671875 118.24758911132812 780.1385498046875 
595.11962890625 118.06766510009766 774.73968505859375 
596.26483154296875 118.34122467041016 771.69036865234375 
596.2838134765625 118.13266754150391 766.90765380859375 
597.4775390625 118.55177307128906 768.999267578125 
597.61865234375 118.39283752441406 764.52215576171875 
598.80364990234375 118.80326843261719 766.6602783203125 
599.9825439453125 119.17400360107422 768.63470458984375 
599.0274658203125 119.01078033447266 771.03509521484375 
598.120361328125 118.85400390625 773.8115234375 
597.26751708984375 118.5634765625 776.85809326171875 
599.5556640625 119.03839874267578 778.9462890625 
598.7994384765625 118.6290283203125 781.8228759765625 
598.8553466796875 118.51254272460938 784.53155517578125 
601.06787109375 119.04006958007812 785.33013916015625 
602.53668212890625 119.52128601074219 783.5660400390625 
600.5189208984375 118.98805999755859 783.15374755859375 
601.4437255859375 119.35433959960938 781.16619873046875 
600.41302490234375 119.39580535888672 775.98321533203125 
604.14166259765625 120.09539031982422 781.79119873046875 
606.39044189453125 120.77536010742188 783.151611328125 
608.55731201171875 121.62779998779297 782.43896484375 
606.31842041015625 120.85298156738281 780.451904296875 
608.9527587890625 121.82093811035156 779.6669921875 
601.83917236328125 119.61055755615234 757.521240234375 
600.14996337890625 119.12395477294922 759.7457275390625 
598.77996826171875 118.693603515625 762.1370849609375 
603.6165771484375 120.06296539306641 755.42181396484375 
605.454833984375 120.61532592773438 753.3045654296875 
603.1259765625 120.00370025634766 778.60186767578125 
601.04168701171875 119.57096099853516 773.10968017578125 
606.3212890625 120.9842529296875 777.41802978515625 
603.50927734375 120.16597747802734 775.26922607421875 
607.48126220703125 121.52625274658203 750.85626220703125 
608.33538818359375 122.0960693359375 747.89801025390625 
609.08221435546875 122.89776611328125 745.35321044921875 
609.83367919921875 123.90818786621094 743.04376220703125 
610.58441162109375 125.02301788330078 740.87738037109375 
611.523681640625 126.26862335205078 738.74127197265625 
612.817626953125 127.56349945068359 736.93701171875 
614.1422119140625 128.60740661621094 735.77996826171875 
616.0098876953125 129.44473266601562 735.8623046875 
618.68011474609375 130.5323486328125 736.25933837890625 
621.61029052734375 131.94456481933594 735.5040283203125 
626.56756591796875 133.84614562988281 735.91033935546875 
628.80078125 134.74351501464844 737.1956787109375 
630.99322509765625 135.71043395996094 738.4595947265625 
623.95623779296875 132.70896911621094 737.01904296875 
626.240478515625 133.70616149902344 738.32305908203125 
628.46026611328125 134.74169921875 739.54376220703125 
621.2950439453125 131.38233947753906 738.0457763671875 
623.73541259765625 132.43858337402344 739.475830078125 
626.050048828125 133.59684753417969 740.66595458984375 
618.6824951171875 129.99273681640625 738.84552001953125 
616.89404296875 129.41517639160156 737.51715087890625 
614.98699951171875 128.51739501953125 737.3890380859375 
613.93304443359375 127.50395965576172 739.03955078125 
612.9005126953125 126.40724945068359 740.9224853515625 
612.014404296875 125.3433837890625 742.9102783203125 
611.26177978515625 124.39566802978516 744.99530029296875 
610.58331298828125 123.56066131591797 747.22021484375 
610.0115966796875 122.95970916748047 749.58636474609375 
621.023681640625 130.8643798828125 740.7889404296875 
623.75775146484375 132.28475952148438 741.802490234375 
616.2657470703125 128.68913269042969 739.1712646484375 
615.32501220703125 127.74310302734375 741.056640625 
614.3211669921875 126.71916961669922 742.96044921875 
613.423828125 125.75405120849609 744.87841796875 
612.68499755859375 124.88270568847656 746.86224365234375 
612.0770263671875 124.18350982666016 748.88726806640625 
617.9560546875 129.18418884277344 741.03582763671875 
616.87933349609375 128.16552734375 743.10223388671875 
615.7203369140625 127.10608673095703 744.95892333984375 
614.784423828125 126.17526245117188 746.763916015625 
614.09503173828125 125.37656402587891 748.70550537109375 
619.6136474609375 129.74818420410156 743.04119873046875 
621.929931640625 131.11264038085938 742.89166259765625 
618.5277099609375 128.67692565917969 745.37701416015625 
616.7374267578125 127.358154296875 746.73773193359375 
616.30218505859375 126.73503112792969 748.6007080078125 
618.57843017578125 128.24922180175781 747.97332763671875 
621.38946533203125 130.52761840820312 744.7723388671875 
620.99774169921875 129.930908203125 747.09332275390625 
623.72076416015625 132.07081604003906 743.96234130859375 
625.92974853515625 133.46437072753906 742.9368896484375 
628.2276611328125 134.73342895507812 741.853515625 
630.64154052734375 135.81764221191406 740.7713623046875 
633.172119140625 136.70632934570312 739.7454833984375 
635.890625 137.4132080078125 738.84759521484375 
637.86212158203125 138.3214111328125 740.36328125 
623.45831298828125 131.66352844238281 746.1749267578125 
625.7767333984375 133.24620056152344 745.204345703125 
628.08367919921875 134.67655944824219 744.199462890625 
630.4525146484375 135.90463256835938 743.1539306640625 
632.878173828125 136.90184020996094 742.0726318359375 
635.30657958984375 137.66940307617188 741.03399658203125 
639.34765625 139.19415283203125 742.25885009765625 
637.0872802734375 138.46632385253906 742.1549072265625 
640.0546875 139.92660522460938 744.71539306640625 
639.88421630859375 140.38993835449219 747.55859375 
637.33197021484375 139.53373718261719 748.81463623046875 
635.22021484375 137.99208068847656 743.32574462890625 
637.61590576171875 139.00735473632812 744.11712646484375 
638.1563720703125 139.56021118164062 746.265869140625 
632.840576171875 137.14773559570312 744.6114501953125 
630.33184814453125 135.93489074707031 745.6585693359375 
627.934814453125 134.51557922363281 746.59130859375 
625.5885009765625 132.93389892578125 747.53955078125 
635.535888671875 138.50770568847656 746.2833251953125 
634.58935546875 138.3212890625 749.64996337890625 
632.597412109375 137.18760681152344 747.43914794921875 
633.46466064453125 137.86866760253906 752.8184814453125 
632.0458984375 137.00357055664062 755.75091552734375 
631.9451904296875 136.90802001953125 750.3514404296875 
630.04107666015625 135.76541137695312 748.27740478515625 
627.6754150390625 134.22923278808594 749.0408935546875 
629.53192138671875 135.38026428222656 750.8831787109375 
630.9844970703125 136.30082702636719 753.1610107421875 
630.42681884765625 135.78176879882812 758.540283203125 
629.71044921875 135.31008911132812 755.82806396484375 
628.6649169921875 134.19441223144531 761.2646484375 
628.123779296875 133.88603210449219 758.37945556640625 
623.23016357421875 131.21835327148438 748.548095703125 
625.398681640625 132.58151245117188 749.9560546875 
627.3236083984375 133.82167053222656 751.45941162109375 
628.76458740234375 134.72927856445312 753.37713623046875 
627.5740966796875 133.66343688964844 755.6583251953125 
620.77886962890625 129.39967346191406 749.581298828125 
623.04254150390625 130.74607849121094 751.16290283203125 
625.2535400390625 132.19747924804688 752.5020751953125 
626.9566650390625 133.37831115722656 753.54742431640625 
618.21246337890625 127.57244873046875 750.4669189453125 
615.42950439453125 125.76473999023438 751.0302734375 
613.3297119140625 124.68882751464844 750.30377197265625 
611.6968994140625 123.74684906005859 750.896484375 
609.84759521484375 122.73011779785156 751.9393310546875 
607.99334716796875 121.82177734375 753.6502685546875 
606.2171630859375 121.19227600097656 755.71075439453125 
604.5111083984375 120.66323089599609 757.8106689453125 
602.9649658203125 120.19626617431641 759.995361328125 
601.5833740234375 119.71923828125 762.3028564453125 
600.22454833984375 119.21408843994141 764.52099609375 
605.67755126953125 121.14250183105469 760.1002197265625 
604.337158203125 120.64487457275391 762.3260498046875 
607.18695068359375 121.63600158691406 757.99053955078125 
608.81060791015625 122.21250152587891 755.9718017578125 
610.34796142578125 122.87993621826172 754.09930419921875 
611.560302734375 123.53299713134766 752.6392822265625 
613.2998046875 124.41529846191406 752.1343994140625 
611.683349609375 122.97799682617188 779.29779052734375 
614.30523681640625 124.30289459228516 779.09442138671875 
616.75054931640625 125.77424621582031 778.75701904296875 
619.12176513671875 127.30570220947266 778.3023681640625 
621.18768310546875 128.73153686523438 777.74786376953125 
622.524658203125 129.55305480957031 775.67108154296875 
623.602294921875 130.24876403808594 773.12310791015625 
625.6416015625 131.89007568359375 772.09893798828125 
609.36309814453125 122.01535797119141 776.4420166015625 
612.42950439453125 123.32660675048828 776.69366455078125 
615.0128173828125 124.68558502197266 776.46160888671875 
617.612060546875 126.11334991455078 776.08447265625 
620.2144775390625 127.62187194824219 775.80657958984375 
621.43017578125 128.32501220703125 773.43359375 
606.2745361328125 120.92862701416016 774.3729248046875 
603.68804931640625 120.18521118164062 772.41131591796875 
601.55096435546875 119.61277008056641 770.52374267578125 
601.97802734375 119.66757202148438 768.5458984375 
601.2674560546875 119.50110626220703 766.7152099609375 
603.73077392578125 120.13865661621094 769.863525390625 
603.52716064453125 120.11585998535156 767.52618408203125 
606.00567626953125 120.82497406005859 771.52471923828125 
605.6956787109375 120.69992065429688 768.94195556640625 
608.57513427734375 121.65837097167969 773.18914794921875 
610.871337890625 122.56985473632812 774.49853515625 
608.0556640625 121.45146179199219 770.4100341796875 
613.099609375 123.58449554443359 774.1754150390625 
610.845703125 122.48565673828125 771.8426513671875 
603.166015625 120.13813781738281 764.881103515625 
605.4638671875 120.761962890625 766.57135009765625 
605.85772705078125 121.01406097412109 764.37030029296875 
607.518798828125 121.32102203369141 767.90447998046875 
607.19342041015625 121.32179260253906 765.94189453125 
606.96478271484375 121.49783325195312 762.2747802734375 
608.3624267578125 122.04421234130859 760.213623046875 
608.18170166015625 121.74799346923828 764.39453125 
609.7701416015625 122.05146026611328 769.03314208984375 
609.0877685546875 121.9134521484375 766.609130859375 
618.67596435546875 126.3507080078125 773.04974365234375 
615.692626953125 124.93716430664062 773.74383544921875 
613.55596923828125 123.72609710693359 771.60858154296875 
611.84320068359375 122.88388061523438 769.8326416015625 
611.36749267578125 122.70120239257812 767.5703125 
610.6168212890625 122.55665588378906 764.97808837890625 
616.04791259765625 124.92698669433594 770.83917236328125 
613.69842529296875 123.66976165771484 768.9608154296875 
609.5633544921875 122.31837463378906 762.5115966796875 
609.8760986328125 122.59746551513672 758.21734619140625 
613.317626953125 123.54910278320312 766.07470703125 
616.0504150390625 124.81224060058594 767.77227783203125 
612.3817138671875 123.29875946044922 763.1656494140625 
611.1138916015625 122.96023559570312 760.5472412109375 
615.95458984375 124.76630401611328 764.2716064453125 
611.3529052734375 123.23165130615234 756.2095947265625 
612.599853515625 123.63430786132812 758.5098876953125 
612.59027099609375 123.88903045654297 754.20404052734375 
614.962890625 125.06791687011719 753.8428955078125 
617.621826171875 126.71378326416016 753.19671630859375 
620.42706298828125 128.71810913085938 752.3349609375 
613.96063232421875 124.35344696044922 756.2857666015625 
614.1138916015625 124.09841156005859 761.0728759765625 
616.7593994140625 125.80925750732422 756.03143310546875 
619.714111328125 127.74790954589844 755.37628173828125 
622.86370849609375 130.15000915527344 754.39678955078125 
625.50701904296875 132.08457946777344 755.0843505859375 
625.90643310546875 132.13916015625 757.790771484375 
624.0025634765625 130.69999694824219 756.92181396484375 
621.67535400390625 128.82644653320312 757.65203857421875 
618.53076171875 126.20845794677734 769.80975341796875 
620.46356201171875 127.46263122558594 771.3487548828125 
618.8831787109375 126.35629272460938 766.860595703125 
617.44427490234375 125.68351745605469 761.26348876953125 
619.758056640625 126.95118713378906 763.8687744140625 
622.4014892578125 129.06446838378906 771.19586181640625 
624.20941162109375 130.56394958496094 770.982421875 
620.96331787109375 127.82244873046875 769.1068115234375 
625.589599609375 131.65576171875 769.34429931640625 
626.6820068359375 132.43986511230469 763.9359130859375 
623.36041259765625 129.74119567871094 768.97552490234375 
624.79913330078125 130.84664916992188 766.56048583984375 
621.920166015625 128.4937744140625 766.46356201171875 
623.46697998046875 129.74093627929688 763.2391357421875 
626.1334228515625 132.08653259277344 760.80914306640625 
623.7183837890625 130.1719970703125 759.6260986328125 
620.8148193359375 127.87043762207031 760.79205322265625 
618.66070556640625 126.66855621337891 758.409912109375 
615.5528564453125 124.91204833984375 758.673828125 
586.79864501953125 108.00202941894531 722.35748291015625 
588.0205078125 109.24968719482422 723.132568359375 
605.57916259765625 105.39395904541016 688.51483154296875 
607.4566650390625 104.40169525146484 687.58465576171875 
605.11181640625 103.95279693603516 687.22509765625 
603.613525390625 105.48095703125 687.88629150390625 
602.735595703125 104.22006988525391 686.8985595703125 
603.75396728515625 106.52779388427734 689.26544189453125 
601.62274169921875 105.8116455078125 687.42803955078125 
600.47283935546875 104.99592590332031 686.525146484375 
581.6097412109375 105.75894927978516 664.945068359375 
583.06756591796875 105.10572052001953 666.7574462890625 
599.6937255859375 107.18367004394531 687.16497802734375 
598.24713134765625 105.80608367919922 685.85882568359375 
597.39678955078125 107.85612487792969 686.2724609375 
596.02587890625 106.57771301269531 684.9730224609375 
583.2769775390625 106.09384155273438 669.10772705078125 
582.06640625 106.87203216552734 667.02508544921875 
583.52203369140625 107.10040283203125 670.78369140625 
581.61993408203125 108.77711486816406 668.3551025390625 
583.821044921875 108.25721740722656 672.316650390625 
582.1240234375 110.12328338623047 670.61578369140625 
580.56341552734375 107.85597229003906 665.62310791015625 
579.46588134765625 109.80966186523438 666.33599853515625 
580.1539306640625 111.30841827392578 668.40185546875 
580.7508544921875 112.71215057373047 670.59576416015625 
581.13006591796875 114.23426818847656 672.5577392578125 
581.1439208984375 116.24408721923828 674.35748291015625 
580.89361572265625 118.39101409912109 676.03265380859375 
582.2418212890625 117.21736145019531 676.902099609375 
583.88848876953125 115.57410430908203 677.86297607421875 
585.63458251953125 114.47187042236328 679.29595947265625 
587.61090087890625 113.867431640625 681.05224609375 
589.6041259765625 113.46489715576172 682.67218017578125 
591.53326416015625 113.65304565429688 684.19403076171875 
593.85736083984375 113.90908050537109 685.5478515625 
596.00665283203125 114.78132629394531 686.5267333984375 
597.796875 114.07196044921875 687.14959716796875 
599.35723876953125 112.96092224121094 688.0499267578125 
601.06500244140625 113.14675140380859 689.23046875 
599.78826904296875 110.94241333007812 688.68011474609375 
601.57861328125 110.65451812744141 689.85443115234375 
600.65728759765625 108.85550689697266 688.58941650390625 
602.5472412109375 108.37337493896484 689.8643798828125 
601.85296630859375 107.11031341552734 688.43402099609375 
585.10772705078125 108.45935821533203 674.7471923828125 
583.04412841796875 111.37570953369141 673.364990234375 
586.7646484375 108.37009429931641 676.9794921875 
584.8714599609375 111.78388214111328 676.3997802734375 
588.47943115234375 108.29593658447266 679.087646484375 
586.933837890625 111.27659606933594 678.71966552734375 
595.069091796875 108.58396911621094 685.194580078125 
593.9207763671875 106.82609558105469 683.78485107421875 
592.9130859375 109.06377410888672 683.86090087890625 
592.0076904296875 106.91314697265625 682.35699462890625 
590.8277587890625 110.14785766601562 682.53839111328125 
590.23760986328125 107.01781463623047 680.76458740234375 
589.00482177734375 110.61836242675781 680.7794189453125 
598.62762451171875 109.25167846679688 687.54144287109375 
597.7266845703125 111.51067352294922 687.63702392578125 
595.76983642578125 112.40439605712891 686.66168212890625 
596.395263671875 109.95571899414062 686.60687255859375 
594.193603515625 110.84632110595703 685.650390625 
592.42864990234375 111.46080017089844 684.497314453125 
582.826904296875 114.08698272705078 675.18768310546875 
602.11676025390625 112.71476745605469 691.268310546875 
606.1558837890625 121.18601226806641 720.73284912109375 
605.6568603515625 123.62155914306641 721.42047119140625 
608.28033447265625 121.49947357177734 720.978515625 
608.22723388671875 123.81565093994141 721.52825927734375 
606.384033203125 118.963134765625 719.9632568359375 
608.52392578125 118.87465667724609 720.3824462890625 
602.7030029296875 109.92026519775391 692.1287841796875 
602.45306396484375 112.23497009277344 693.59051513671875 
606.13751220703125 117.22686004638672 718.972900390625 
608.5050048828125 116.59569549560547 719.40667724609375 
602.96343994140625 109.95867919921875 694.8341064453125 
602.012451171875 111.98863983154297 695.8013916015625 
602.52978515625 109.73175048828125 697.32440185546875 
601.189453125 111.82161712646484 697.877685546875 
602.03094482421875 109.57009124755859 699.70465087890625 
600.714111328125 111.85607147216797 700.109130859375 
601.73028564453125 109.95355224609375 702.07769775390625 
600.340576171875 112.52721405029297 702.24884033203125 
601.5194091796875 110.760498046875 704.28497314453125 
600.1917724609375 113.59751892089844 704.41949462890625 
601.41094970703125 111.99788665771484 706.125 
600.58355712890625 114.38114929199219 706.86541748046875 
602.2410888671875 112.61412811279297 707.9830322265625 
601.12725830078125 114.98441314697266 709.380126953125 
603.0535888671875 113.35517120361328 710.14410400390625 
602.20489501953125 115.257568359375 711.701904296875 
604.16876220703125 113.76929473876953 712.33038330078125 
603.3223876953125 115.34992980957031 713.89324951171875 
605.325927734375 113.82675170898438 714.4642333984375 
604.37823486328125 115.59706115722656 715.89495849609375 
606.498291015625 114.1715087890625 716.49749755859375 
605.3685302734375 116.19815826416016 717.6314697265625 
607.7796630859375 115.03313446044922 718.14556884765625 
610.572998046875 122.20645141601562 721.4691162109375 
610.542724609375 124.87705230712891 721.91314697265625 
625.25177001953125 133.89546203613281 721.1944580078125 
626.718017578125 132.20307922363281 719.0302734375 
622.884765625 133.48564147949219 721.282470703125 
624.502197265625 132.43165588378906 719.991943359375 
620.78118896484375 132.52687072753906 721.230712890625 
622.77276611328125 131.42381286621094 720.3306884765625 
618.7991943359375 131.25839233398438 721.4501953125 
620.957275390625 130.24142456054688 720.79534912109375 
627.5692138671875 130.29104614257812 718.081787109375 
616.74371337890625 129.79586791992188 721.70794677734375 
619.0047607421875 128.86578369140625 721.2347412109375 
614.673095703125 128.19497680664062 721.96319580078125 
616.9215087890625 127.26567077636719 721.59490966796875 
612.59515380859375 126.50699615478516 722.106201171875 
614.8582763671875 125.47305297851562 721.85260009765625 
612.798828125 123.67095184326172 721.86492919921875 
628.3551025390625 128.28694152832031 717.4598388671875 
629.15911865234375 126.22671508789062 716.75115966796875 
629.98193359375 124.12039947509766 715.92120361328125 
630.814453125 122.01211547851562 714.8428955078125 
631.5625 120.16736602783203 713.3919677734375 
632.7010498046875 118.65781402587891 711.59576416015625 
633.0018310546875 116.74917602539062 710.32257080078125 
633.28277587890625 114.63407897949219 709.34173583984375 
633.65240478515625 112.54878234863281 708.4844970703125 
633.62030029296875 110.98765563964844 707.338623046875 
633.321044921875 109.94373321533203 705.733642578125 
632.96868896484375 109.14921569824219 703.8739013671875 
632.4771728515625 109.14620208740234 701.506103515625 
631.9649658203125 109.47985076904297 698.85125732421875 
632.15802001953125 109.53778076171875 695.885498046875 
629.91607666015625 108.86366271972656 697.76397705078125 
630.29296875 109.03778839111328 694.5626220703125 
628.2681884765625 108.23423767089844 695.99725341796875 
628.56719970703125 108.48748779296875 693.14678955078125 
626.4918212890625 107.53499603271484 694.77862548828125 
626.65240478515625 107.84432220458984 692.0914306640625 
624.62158203125 106.85268402099609 693.6920166015625 
624.708251953125 107.19882202148438 691.12774658203125 
622.748779296875 106.11454010009766 692.73736572265625 
622.855224609375 106.45095062255859 690.15167236328125 
620.896728515625 105.46237182617188 691.85986328125 
621.1434326171875 105.67076873779297 689.29217529296875 
619.06622314453125 105.01619720458984 690.96746826171875 
619.40228271484375 104.90023803710938 688.4510498046875 
617.1578369140625 104.64369964599609 690.275146484375 
617.261962890625 104.27109527587891 688.34259033203125 
615.11505126953125 104.31602478027344 689.46868896484375 
615.29827880859375 103.69186401367188 687.697509765625 
613.26361083984375 104.20671081542969 687.986083984375 
603.92462158203125 107.66481018066406 691.5560302734375 
605.5477294921875 106.17045593261719 690.78131103515625 
607.49493408203125 105.34270477294922 689.8343505859375 
609.3568115234375 103.87164306640625 687.0987548828125 
609.4407958984375 105.06015777587891 688.728515625 
611.4000244140625 104.07573699951172 687.298095703125 
611.42529296875 105.18196105957031 689.2681884765625 
613.3330078125 104.896728515625 690.2203369140625 
603.87890625 108.10279083251953 693.9365234375 
610.66400146484375 119.56179809570312 720.85467529296875 
610.7098388671875 116.964599609375 719.9140625 
612.86676025390625 120.87648773193359 721.37249755859375 
612.96771240234375 118.17051696777344 720.54058837890625 
610.4666748046875 114.46913146972656 718.62237548828125 
603.90509033203125 108.00046539306641 696.62164306640625 
605.35748291015625 106.90320587158203 695.579345703125 
625.1309814453125 130.61149597167969 719.3048095703125 
623.36102294921875 129.21388244628906 720.0174560546875 
621.4273681640625 127.89797973632812 720.68768310546875 
625.85693359375 128.58892822265625 718.90557861328125 
619.20849609375 126.44577026367188 721.18701171875 
617.10791015625 124.64878845214844 721.51239013671875 
615.01507568359375 122.66091156005859 721.60247802734375 
626.740478515625 126.56614685058594 718.38555908203125 
627.7430419921875 124.43401336669922 717.634521484375 
624.04205322265625 126.92111206054688 719.7935791015625 
621.47149658203125 125.67818450927734 720.6390380859375 
625.48675537109375 124.75411987304688 719.0780029296875 
623.3519287109375 124.74384307861328 720.03570556640625 
619.3468017578125 123.98448181152344 721.00970458984375 
621.5169677734375 123.29715728759766 720.34222412109375 
617.241943359375 122.07484436035156 721.16571044921875 
619.529296875 121.61934661865234 720.53082275390625 
615.11578369140625 119.90824890136719 720.99481201171875 
617.40911865234375 119.6915283203125 720.49267578125 
628.529541015625 122.27847290039062 716.75592041015625 
626.2584228515625 122.58890533447266 718.365478515625 
623.92559814453125 122.81214904785156 719.51580810546875 
621.9820556640625 121.22552490234375 719.70233154296875 
620.01226806640625 119.57174682617188 719.77679443359375 
629.1724853515625 120.24376678466797 715.6612548828125 
626.8568115234375 120.45988464355469 717.478271484375 
624.4517822265625 120.78340911865234 718.77520751953125 
622.42205810546875 119.12506866455078 718.89495849609375 
624.87786865234375 118.66956329345703 717.90673828125 
627.17523193359375 118.36798095703125 716.49542236328125 
629.25384521484375 118.26687622070312 714.726318359375 
630.80487060546875 117.98777770996094 713.04241943359375 
631.09393310546875 116.37416076660156 711.82025146484375 
631.29925537109375 114.54908752441406 710.68011474609375 
631.57415771484375 112.53184509277344 709.735595703125 
631.782470703125 110.59388732910156 708.81988525390625 
631.6859130859375 109.37384033203125 707.31549072265625 
631.3902587890625 108.54325866699219 705.5018310546875 
630.82861328125 108.42329406738281 703.24835205078125 
630.18939208984375 108.82598114013672 700.63916015625 
605.4296875 106.57733917236328 693.13250732421875 
607.309814453125 105.50462341308594 692.228759765625 
609.4459228515625 105.19976043701172 691.273681640625 
611.59228515625 105.24258422851562 691.3380126953125 
612.90435791015625 115.63108825683594 719.44482421875 
615.41632080078125 117.19663238525391 719.99810791015625 
618.083984375 117.91279602050781 719.694580078125 
620.30816650390625 117.44184875488281 718.8370361328125 
622.71661376953125 116.96261596679688 717.93231201171875 
625.11181640625 116.53572845458984 716.8033447265625 
627.297119140625 116.28374481201172 715.30474853515625 
629.17010498046875 116.09960174560547 713.63018798828125 
629.32635498046875 114.29762268066406 712.30108642578125 
629.48272705078125 112.48160552978516 711.08123779296875 
629.7371826171875 110.53385162353516 710.07574462890625 
629.8330078125 108.96031188964844 708.80133056640625 
629.736572265625 107.89015960693359 707.15997314453125 
629.37890625 107.36238861083984 705.14642333984375 
628.660888671875 107.66931915283203 702.77459716796875 
627.98699951171875 108.05673980712891 700.345947265625 
627.5445556640625 107.84363555908203 698.40966796875 
625.9678955078125 107.10745239257812 697.41046142578125 
624.37847900390625 106.31829071044922 696.199462890625 
622.676025390625 105.45349884033203 695.1785888671875 
620.84356689453125 104.73048400878906 694.28863525390625 
618.89520263671875 104.41079711914062 693.42523193359375 
616.9500732421875 104.38710784912109 692.54986572265625 
615.04351806640625 104.45145416259766 691.6004638671875 
613.1824951171875 104.95384979248047 692.60968017578125 
614.87884521484375 104.34604644775391 693.81304931640625 
616.754150390625 103.90550994873047 694.81121826171875 
618.7340087890625 103.76969909667969 695.7440185546875 
620.6435546875 104.20591735839844 696.63494873046875 
622.37518310546875 105.01094818115234 697.52813720703125 
623.9915771484375 105.87464141845703 698.69158935546875 
625.539306640625 106.72818756103516 700.16278076171875 
627.26702880859375 114.29514312744141 713.90838623046875 
625.182373046875 114.51508331298828 715.42401123046875 
627.34698486328125 112.50270843505859 712.4866943359375 
627.61407470703125 110.49391937255859 711.38946533203125 
627.86767578125 108.66575622558594 710.25897216796875 
622.84783935546875 114.89411926269531 716.69085693359375 
620.33209228515625 115.39002990722656 717.7587890625 
627.87652587890625 107.46460723876953 708.6556396484375 
627.8319091796875 106.44376373291016 706.96514892578125 
627.3148193359375 106.32036590576172 704.74078369140625 
626.39447021484375 106.82761383056641 702.36181640625 
617.77728271484375 115.93416595458984 718.85198974609375 
615.36981201171875 114.74529266357422 718.67510986328125 
625.2288818359375 112.60544586181641 713.96221923828125 
623.00701904296875 112.86668395996094 715.335693359375 
620.536376953125 113.39381408691406 716.44342041015625 
617.94708251953125 113.958984375 717.54437255859375 
625.36334228515625 110.71002197265625 712.5780029296875 
625.68829345703125 108.68262481689453 711.474853515625 
625.8248291015625 107.26641845703125 709.9913330078125 
625.8720703125 106.19468688964844 708.35858154296875 
625.87213134765625 105.44412231445312 706.59722900390625 
625.2691650390625 105.26864624023438 704.4964599609375 
624.19415283203125 105.55387878417969 702.60638427734375 
623.29815673828125 105.27457427978516 700.98577880859375 
621.8634033203125 104.54819488525391 699.73297119140625 
620.220947265625 103.85597991943359 698.900634765625 
618.4349365234375 103.49908447265625 697.9798583984375 
616.50372314453125 103.63702392578125 696.98114013671875 
614.6015625 104.07888031005859 695.99609375 
612.795166015625 104.59029388427734 694.8017578125 
611.0050048828125 104.94109344482422 693.351318359375 
608.9801025390625 104.99150848388672 693.8485107421875 
607.05462646484375 105.71506500244141 694.5552978515625 
623.19085693359375 110.86235046386719 713.98480224609375 
620.79833984375 111.39289093017578 715.09814453125 
618.3001708984375 111.94704437255859 716.21038818359375 
615.68487548828125 112.65980529785156 717.201171875 
613.08154296875 113.40948486328125 718.08184814453125 
623.4356689453125 108.96417236328125 712.64654541015625 
621.1121826171875 109.36254119873047 713.81378173828125 
618.67584228515625 110.04144287109375 714.77764892578125 
616.1873779296875 110.55305480957031 715.8597412109375 
623.6669921875 107.19611358642578 711.33306884765625 
623.79681396484375 105.94672393798828 709.725341796875 
623.886962890625 104.98429107666016 708.07769775390625 
624.025390625 104.52982330322266 706.328125 
622.9112548828125 104.13729858398438 704.986572265625 
621.98590087890625 104.05110168457031 703.4561767578125 
621.35321044921875 104.00689697265625 701.78253173828125 
619.6588134765625 103.33175659179688 701.3062744140625 
618.0867919921875 103.20197296142578 700.27008056640625 
616.24945068359375 103.3907470703125 699.0902099609375 
614.3603515625 104.026611328125 698.12603759765625 
612.4774169921875 104.33891296386719 697.03436279296875 
610.707763671875 104.62323760986328 695.6224365234375 
608.767822265625 105.10440063476562 696.2152099609375 
606.98077392578125 105.99942779541016 696.701904296875 
621.38360595703125 107.54168701171875 712.45281982421875 
619.05419921875 108.24629211425781 713.36285400390625 
616.652099609375 108.82366943359375 714.29052734375 
621.5848388671875 106.04656982421875 710.8892822265625 
621.74444580078125 104.85821533203125 709.1964111328125 
621.93212890625 104.07556915283203 707.20013427734375 
619.30670166015625 106.74912261962891 711.73883056640625 
617.05645751953125 107.68700408935547 712.46197509765625 
619.51324462890625 105.44899749755859 710.01751708984375 
619.803466796875 104.37274169921875 708.108154296875 
617.37066650390625 106.6064453125 710.5972900390625 
617.59869384765625 105.32907867431641 708.8543701171875 
620.2840576171875 103.59932708740234 705.7744140625 
619.74383544921875 103.17380523681641 703.59649658203125 
618.04241943359375 104.38377380371094 706.92572021484375 
617.92120361328125 103.48538208007812 705.00225830078125 
617.36163330078125 103.15675354003906 702.85791015625 
616.16424560546875 103.31066131591797 701.13421630859375 
614.29608154296875 104.02732849121094 700.23919677734375 
612.27099609375 104.46808624267578 699.23699951171875 
610.3897705078125 104.71836853027344 697.93756103515625 
608.28302001953125 105.48899841308594 698.45947265625 
605.71844482421875 106.6170654296875 698.3709716796875 
603.76214599609375 107.88404846191406 699.13525390625 
603.55023193359375 108.19268798828125 701.6556396484375 
605.4791259765625 106.86246490478516 700.94061279296875 
607.5374755859375 105.87310791015625 700.3389892578125 
610.1961669921875 105.03986358642578 700.278076171875 
612.58221435546875 104.65793609619141 701.45257568359375 
614.78118896484375 103.99330139160156 702.42437744140625 
615.53448486328125 104.24810028076172 704.3248291015625 
616.1551513671875 104.65052795410156 705.9581298828125 
615.766845703125 105.68096923828125 707.47967529296875 
615.5938720703125 106.52529144287109 709.3486328125 
615.254638671875 107.562255859375 711.26220703125 
614.67095947265625 108.36260986328125 713.1558837890625 
614.1805419921875 109.58329772949219 714.9776611328125 
613.6497802734375 111.49761962890625 716.41241455078125 
611.189697265625 112.35790252685547 716.88311767578125 
608.8626708984375 113.17295837402344 716.9176025390625 
607.497314453125 112.64830017089844 714.7864990234375 
606.297119140625 112.5123291015625 712.6258544921875 
604.94140625 112.08115386962891 710.81109619140625 
603.9012451171875 111.10668182373047 708.72235107421875 
603.15765380859375 109.82933044433594 706.54974365234375 
603.25323486328125 108.63761138916016 704.18145751953125 
605.2081298828125 107.09407043457031 703.55511474609375 
607.2431640625 106.17530822753906 702.8111572265625 
609.1158447265625 105.49102783203125 702.05694580078125 
611.12451171875 105.15072631835938 702.88763427734375 
613.271240234375 104.90906524658203 703.82489013671875 
613.76751708984375 105.33146667480469 706.1348876953125 
613.58807373046875 106.11483001708984 708.32513427734375 
611.48388671875 105.98956298828125 707.73779296875 
611.49310302734375 105.50349426269531 705.34686279296875 
609.31964111328125 105.6788330078125 704.37750244140625 
607.21380615234375 106.40413665771484 705.33038330078125 
609.3680419921875 106.06240081787109 706.85479736328125 
605.0294189453125 107.56575012207031 706.03985595703125 
605.164306640625 108.66094970703125 708.09771728515625 
605.50555419921875 110.00247192382812 709.86572265625 
606.91595458984375 110.51209259033203 711.28125 
608.3798828125 111.31717681884766 712.7735595703125 
607.23211669921875 107.01393890380859 707.72454833984375 
607.13067626953125 108.17192077636719 709.83526611328125 
608.77197265625 109.03305816650391 711.319580078125 
609.38055419921875 107.02598571777344 709.345947265625 
611.67578125 106.91248321533203 709.85321044921875 
610.7623291015625 108.41400146484375 711.3421630859375 
613.72857666015625 107.05477142333984 710.09234619140625 
612.94586181640625 108.143798828125 711.53173828125 
612.42474365234375 109.37786102294922 713.16949462890625 
610.320556640625 110.27638244628906 712.973388671875 
609.6639404296875 111.63890075683594 714.96429443359375 
611.84503173828125 110.624755859375 715.06463623046875 
650.1302490234375 154.14659118652344 777.69384765625 
648.83013916015625 153.76547241210938 780.22967529296875 
651.56427001953125 153.63734436035156 779.43212890625 
664.41015625 144.91477966308594 743.837646484375 
652.390380859375 154.01390075683594 777.2518310546875 
651.47760009765625 154.33740234375 775.20452880859375 
653.3956298828125 154.32078552246094 775.23455810546875 
653.24755859375 154.41934204101562 773.0689697265625 
654.35736083984375 154.44877624511719 773.18701171875 
655.02838134765625 154.39791870117188 770.89202880859375 
656.0028076171875 154.25051879882812 771.21856689453125 
656.62115478515625 154.07316589355469 768.5740966796875 
657.40216064453125 153.98556518554688 769.077392578125 
665.14910888671875 145.86033630371094 746.42254638671875 
665.4725341796875 146.94476318359375 749.2056884765625 
665.449951171875 148.08819580078125 752.00372314453125 
664.83868408203125 149.19413757324219 754.783203125 
663.799560546875 150.29806518554688 757.37042236328125 
662.74053955078125 151.41578674316406 759.9500732421875 
661.59063720703125 152.38539123535156 762.50787353515625 
660.35125732421875 152.97090148925781 764.7767333984375 
658.7567138671875 153.61503601074219 766.862060546875 
648.51763916015625 153.32345581054688 781.91009521484375 
602.59100341796875 117.31451416015625 715.26629638671875 
600.54779052734375 115.04179382324219 690.2569580078125 
600.826416015625 114.49981689453125 692.28668212890625 
600.97637939453125 114.01720428466797 694.30859375 
600.70452880859375 113.82061767578125 696.44464111328125 
600.20635986328125 113.89627075195312 698.46368408203125 
599.896240234375 114.26618194580078 700.60638427734375 
599.5059814453125 115.23500061035156 702.93084716796875 
600.82373046875 119.23673248291016 714.3211669921875 
599.2213134765625 116.86053466796875 691.28411865234375 
597.80865478515625 118.48363494873047 692.474853515625 
601.71380615234375 117.06976318359375 713.1446533203125 
599.17950439453125 121.1851806640625 712.99676513671875 
597.797607421875 122.45394897460938 711.62261962890625 
596.53863525390625 123.42848205566406 710.08453369140625 
595.45220947265625 124.28585052490234 708.50128173828125 
595.08905029296875 123.98543548583984 706.38665771484375 
594.790283203125 123.71610260009766 704.16192626953125 
594.5291748046875 123.64060211181641 701.81475830078125 
594.2322998046875 123.62115478515625 699.57720947265625 
593.99102783203125 123.43649291992188 697.56707763671875 
594.02691650390625 123.13604736328125 695.83734130859375 
595.14569091796875 121.84860229492188 694.60577392578125 
596.44244384765625 120.16767883300781 693.58831787109375 
600.368896484375 117.0185546875 710.85595703125 
598.8822021484375 116.51213836669922 705.57611083984375 
599.1259765625 117.21931457519531 708.440185546875 
600.2364501953125 118.89059448242188 712.40875244140625 
598.9635009765625 119.55830383300781 710.731201171875 
597.67681884765625 120.55587005615234 709.238525390625 
596.382080078125 122.09246826171875 707.7159423828125 
597.4730224609375 119.18685913085938 706.94976806640625 
596.04315185546875 121.58383178710938 705.5108642578125 
597.049560546875 119.10636901855469 704.58331298828125 
598.07073974609375 117.39033508300781 703.11053466796875 
595.73175048828125 121.62439727783203 703.19537353515625 
596.58929443359375 119.69083404541016 702.16827392578125 
595.52862548828125 121.86090087890625 700.79571533203125 
599.341064453125 116.27184295654297 693.26483154296875 
599.58154296875 115.56925201416016 695.0579833984375 
599.2127685546875 115.87306213378906 696.73687744140625 
598.04345703125 117.83061218261719 694.70648193359375 
598.99658203125 115.97189331054688 698.7598876953125 
598.7418212890625 116.36776733398438 700.906005859375 
597.489013671875 118.2088623046875 700.98077392578125 
597.6744384765625 117.94835662841797 699.0087890625 
597.8477783203125 117.82167816162109 696.930419921875 
596.6866455078125 119.82976531982422 695.57977294921875 
596.46826171875 119.98652648925781 699.77203369140625 
595.46282958984375 121.93353271484375 698.551513671875 
595.4818115234375 121.76398468017578 696.549560546875 
596.6019287109375 119.85222625732422 697.669921875 
626.062744140625 137.37265014648438 801.92169189453125 
627.80908203125 138.756591796875 801.567626953125 
629.635498046875 140.03594970703125 801.37786865234375 
631.3917236328125 141.28855895996094 800.74969482421875 
633.13592529296875 142.47250366210938 799.7591552734375 
635.0401611328125 143.4830322265625 799.06085205078125 
645.4002685546875 133.73104858398438 723.62811279296875 
605.7449951171875 124.62270355224609 721.91619873046875 
606.87677001953125 126.05082702636719 722.419677734375 
641.9410400390625 134.0211181640625 723.9254150390625 
643.8460693359375 133.27255249023438 721.868896484375 
637.58868408203125 132.08953857421875 717.23712158203125 
636.1181640625 132.86137390136719 718.10870361328125 
638.18951416015625 132.82723999023438 718.67059326171875 
636.76763916015625 133.3433837890625 719.71783447265625 
640.72174072265625 131.99850463867188 718.33734130859375 
642.29010009765625 132.69851684570312 720.1044921875 
639.3375244140625 133.19821166992188 720.17095947265625 
640.59033203125 133.63047790527344 722.08740234375 
635.8084716796875 133.9365234375 724.67236328125 
638.80291748046875 134.02215576171875 724.2186279296875 
609.51904296875 127.26675415039062 722.47723388671875 
611.94622802734375 128.95257568359375 722.49237060546875 
614.39691162109375 130.58744812011719 722.38824462890625 
616.856201171875 132.02880859375 722.37750244140625 
619.04742431640625 133.21163940429688 722.33929443359375 
621.39215087890625 133.98426818847656 722.592529296875 
623.8922119140625 134.23646545410156 722.78448486328125 
626.46441650390625 134.28407287597656 722.775390625 
627.9364013671875 134.1768798828125 721.1015625 
629.16943359375 134.13497924804688 722.54290771484375 
630.7802734375 134.10769653320312 720.71856689453125 
631.95050048828125 133.90504455566406 722.5291748046875 
633.79083251953125 133.79814147949219 720.67767333984375 
633.8258056640625 133.83029174804688 723.67095947265625 
637.00982666015625 133.73493957519531 722.19189453125 
607.689453125 127.81906127929688 723.4793701171875 
610.12939453125 129.4615478515625 723.34100341796875 
612.64007568359375 130.90402221679688 723.27655029296875 
615.2919921875 132.00895690917969 723.1783447265625 
584.0262451171875 106.40529632568359 671.5579833984375 
584.9659423828125 106.83622741699219 673.86676025390625 
586.23846435546875 106.97344970703125 676.06787109375 
587.6749267578125 106.87776947021484 678.1448974609375 
589.2161865234375 106.14791107177734 680.03118896484375 
591.08038330078125 106.04303741455078 681.64373779296875 
593.08233642578125 105.72348785400391 683.1240234375 
595.2276611328125 105.2763671875 684.43182373046875 
597.50775146484375 104.69268798828125 685.46728515625 
599.71435546875 103.67258453369141 686.295166015625 
602.0269775390625 102.90724945068359 686.81634521484375 
604.53411865234375 102.689453125 687.02618408203125 
607.01263427734375 102.43711090087891 687.0357666015625 
609.45343017578125 101.99903106689453 686.75323486328125 
612.01751708984375 102.01950073242188 686.5025634765625 
614.6029052734375 101.98361206054688 686.3143310546875 
616.509521484375 101.15277862548828 685.82794189453125 
617.80584716796875 99.79437255859375 685.46343994140625 
619.13995361328125 98.446495056152344 685.18402099609375 
621.51983642578125 100.40815734863281 684.3714599609375 
621.47674560546875 102.37850952148438 685.09722900390625 
621.69720458984375 104.1923828125 686.3184814453125 
622.1280517578125 105.49921417236328 688.17584228515625 
612.93170166015625 103.11679840087891 687.18951416015625 
611.06280517578125 103.02843475341797 686.860107421875 
620.771240234375 104.88327026367188 687.66668701171875 
619.084716796875 101.84206390380859 685.12322998046875 
617.06158447265625 102.85939788818359 686.4381103515625 
619.57159423828125 103.77987670898438 686.4620361328125 
659.02484130859375 137.26089477539062 736.73089599609375 
667.2769775390625 143.13641357421875 743.96612548828125 
668.32611083984375 142.44850158691406 745.28338623046875 
659.46270751953125 138.91580200195312 737.5921630859375 
667.30303955078125 142.00344848632812 742.8497314453125 
666.42657470703125 141.39271545410156 741.54681396484375 
663.95416259765625 141.91607666015625 740.53582763671875 
661.143310546875 141.93269348144531 739.7769775390625 
660.247314453125 140.56483459472656 738.65423583984375 
639.1822509765625 138.95451354980469 798.04266357421875 
630.73443603515625 131.8701171875 802.3404541015625 
631.66162109375 132.16874694824219 800.667724609375 
632.904541015625 133.29481506347656 799.9552001953125 
634.41558837890625 134.73860168457031 799.51806640625 
637.72625732421875 137.78944396972656 798.69464111328125 
636.05303955078125 136.32492065429688 799.22222900390625 
632.26068115234375 133.45619201660156 802.06451416015625 
633.55950927734375 134.64216613769531 801.50152587890625 
662.4951171875 142.8741455078125 740.86505126953125 
663.7767333984375 143.760498046875 742.00445556640625 
665.42108154296875 144.19596862792969 743.33953857421875 
666.22259521484375 145.12222290039062 745.5167236328125 
667.9261474609375 143.71533203125 745.9534912109375 
666.45343017578125 146.19094848632812 748.14642333984375 
663.42535400390625 151.08419799804688 760.65069580078125 
664.5185546875 150.15921020507812 758.31463623046875 
665.4378662109375 149.15644836425781 755.89532470703125 
666.23626708984375 148.09764099121094 753.43634033203125 
666.42486572265625 147.20718383789062 750.81005859375 
637.40118408203125 122.19469451904297 712.4296875 
638.7840576171875 130.40107727050781 715.98028564453125 
638.02850341796875 124.21311187744141 713.32763671875 
638.8370361328125 126.17364501953125 714.22064208984375 
647.6318359375 131.62635803222656 724.0579833984375 
646.606689453125 131.33021545410156 722.5103759765625 
640.73260498046875 126.9132080078125 715.71954345703125 
639.1422119140625 128.32223510742188 715.02520751953125 
641.60833740234375 128.896484375 716.916259765625 
645.17822265625 130.88714599609375 720.75177001953125 
643.57037353515625 130.15162658691406 718.96929931640625 
634.3843994140625 133.26055908203125 718.65234375 
632.5673828125 133.74201965332031 719.6209716796875 
3 0 1 2 
3 3 4 5 
3 3 5 6 
3 0 2 7 
3 8 0 7 
3 9 3 6 
3 9 6 10 
3 11 9 10 
3 11 10 12 
3 13 11 12 
3 13 12 14 
3 13 14 15 
3 16 13 15 
3 16 15 17 
3 18 16 17 
3 18 17 19 
3 20 18 19 
3 20 19 21 
3 22 20 21 
3 22 21 23 
3 24 22 23 
3 25 24 23 
3 25 23 26 
3 27 25 26 
3 27 26 28 
3 27 28 29 
3 30 27 29 
3 31 30 29 
3 32 30 31 
3 33 32 31 
3 33 31 34 
3 35 33 34 
3 35 34 36 
3 37 35 36 
3 37 36 38 
3 39 37 38 
3 39 38 40 
3 41 39 40 
3 41 40 42 
3 43 41 42 
3 43 42 44 
3 8 7 45 
3 45 7 46 
3 47 8 45 
3 45 46 48 
3 49 43 50 
3 50 43 44 
3 50 44 51 
3 52 49 53 
3 53 49 50 
3 54 52 55 
3 55 52 53 
3 47 45 56 
3 56 45 48 
3 57 47 56 
3 56 48 58 
3 58 48 59 
3 58 59 60 
3 60 59 61 
3 62 54 63 
3 63 54 55 
3 64 62 65 
3 65 62 63 
3 66 64 67 
3 67 64 65 
3 53 50 51 
3 53 51 68 
3 55 53 68 
3 55 68 69 
3 63 55 69 
3 63 69 70 
3 65 63 70 
3 65 70 71 
3 60 61 72 
3 72 61 73 
3 72 73 74 
3 74 73 75 
3 74 75 76 
3 76 75 77 
3 76 77 78 
3 78 77 79 
3 78 79 80 
3 80 79 81 
3 67 65 71 
3 67 71 82 
3 83 84 85 
3 85 84 66 
3 85 66 67 
3 86 83 87 
3 87 83 85 
3 88 86 89 
3 89 86 87 
3 90 88 91 
3 91 88 89 
3 92 90 93 
3 93 90 91 
3 85 67 82 
3 87 85 82 
3 87 82 94 
3 89 87 94 
3 89 94 95 
3 91 89 95 
3 91 95 96 
3 93 91 96 
3 93 96 97 
3 97 96 98 
3 92 93 97 
3 99 92 100 
3 100 92 97 
3 101 99 102 
3 102 99 100 
3 103 101 102 
3 100 97 98 
3 100 98 104 
3 102 100 104 
3 102 104 105 
3 103 102 106 
3 106 102 105 
3 107 103 106 
3 106 105 108 
3 107 106 109 
3 109 106 108 
3 109 108 110 
3 111 107 109 
3 111 109 112 
3 112 109 110 
3 112 110 113 
3 114 111 112 
3 114 112 113 
3 114 113 115 
3 116 114 115 
3 116 115 117 
3 118 116 117 
3 118 117 119 
3 81 118 119 
3 80 81 119 
3 80 119 120 
3 78 80 120 
3 78 120 121 
3 122 78 121 
3 122 121 123 
3 122 123 124 
3 125 122 124 
3 74 76 125 
3 125 124 126 
3 72 74 125 
3 72 125 126 
3 72 126 127 
3 60 72 127 
3 60 127 57 
3 56 58 57 
3 57 58 60 
3 125 76 122 
3 78 122 76 
3 128 129 130 
3 131 132 133 
3 134 128 130 
3 134 130 135 
3 136 134 135 
3 136 135 137 
3 138 136 137 
3 138 137 139 
3 140 138 139 
3 140 139 141 
3 140 141 133 
3 133 141 131 
3 142 143 144 
3 145 116 118 
3 146 142 144 
3 146 144 147 
3 148 146 147 
3 148 147 149 
3 150 148 149 
3 150 149 151 
3 152 150 151 
3 152 151 153 
3 154 152 153 
3 154 153 155 
3 156 154 155 
3 156 155 157 
3 158 156 157 
3 158 157 159 
3 160 158 159 
3 160 159 161 
3 162 160 161 
3 162 161 163 
3 164 162 163 
3 164 163 165 
3 166 164 165 
3 166 165 167 
3 166 167 168 
3 169 166 168 
3 169 168 170 
3 170 168 171 
3 172 169 170 
3 173 172 174 
3 174 172 170 
3 175 145 176 
3 176 145 118 
3 176 118 81 
3 176 81 79 
3 175 176 177 
3 177 176 79 
3 178 175 177 
3 177 79 179 
3 179 79 77 
3 178 177 179 
3 180 178 179 
3 179 77 181 
3 181 77 75 
3 181 75 182 
3 182 75 73 
3 182 73 183 
3 183 73 61 
3 183 61 184 
3 184 61 59 
3 185 173 186 
3 186 173 174 
3 174 170 171 
3 174 171 187 
3 186 174 187 
3 186 187 188 
3 184 59 189 
3 189 59 48 
3 189 48 190 
3 190 48 46 
3 180 179 181 
3 191 180 181 
3 191 181 182 
3 192 191 182 
3 192 182 183 
3 193 192 183 
3 193 183 184 
3 193 184 189 
3 194 193 189 
3 194 189 190 
3 195 194 190 
3 185 186 196 
3 196 186 188 
3 197 185 196 
3 196 188 198 
3 197 196 198 
3 197 198 199 
3 200 197 199 
3 201 200 199 
3 201 199 202 
3 203 201 202 
3 203 202 204 
3 205 203 204 
3 205 204 132 
3 131 205 132 
3 206 205 131 
3 206 131 141 
3 207 206 141 
3 208 207 141 
3 208 141 139 
3 208 139 137 
3 209 208 137 
3 209 137 210 
3 211 209 210 
3 211 210 212 
3 213 211 212 
3 213 212 214 
3 215 213 214 
3 215 214 216 
3 217 215 216 
3 217 216 218 
3 219 217 218 
3 219 218 220 
3 221 219 220 
3 221 220 222 
3 223 221 222 
3 223 222 224 
3 224 222 225 
3 226 223 224 
3 224 225 227 
3 227 225 228 
3 227 228 229 
3 229 228 230 
3 229 230 231 
3 231 230 232 
3 231 232 233 
3 233 232 234 
3 233 234 235 
3 235 234 236 
3 235 236 237 
3 237 236 195 
3 195 190 46 
3 237 195 46 
3 237 46 7 
3 237 7 238 
3 238 7 2 
3 238 2 239 
3 239 2 1 
3 239 1 240 
3 235 237 238 
3 226 224 227 
3 241 226 227 
3 241 227 229 
3 242 241 229 
3 242 229 231 
3 240 242 231 
3 240 231 233 
3 239 240 233 
3 233 235 239 
3 239 235 238 
3 243 225 222 
3 210 137 135 
3 210 135 130 
3 212 210 130 
3 214 212 130 
3 214 130 129 
3 214 129 244 
3 216 214 244 
3 218 216 244 
3 218 244 245 
3 218 245 246 
3 220 218 246 
3 220 246 222 
3 222 246 243 
3 247 248 249 
3 250 251 252 
3 247 249 253 
3 253 249 254 
3 255 247 253 
3 253 254 256 
3 256 254 257 
3 258 250 259 
3 259 250 252 
3 259 252 260 
3 261 258 262 
3 262 258 259 
3 256 257 263 
3 263 257 264 
3 256 263 265 
3 265 255 256 
3 256 255 253 
3 266 263 264 
3 266 264 267 
3 268 266 267 
3 268 267 269 
3 270 268 269 
3 270 269 271 
3 271 269 272 
3 273 270 271 
3 274 273 275 
3 275 273 271 
3 276 261 277 
3 277 261 262 
3 275 271 278 
3 278 271 272 
3 278 272 279 
3 278 279 280 
3 280 279 281 
3 280 281 282 
3 282 281 283 
3 262 259 260 
3 262 260 284 
3 282 283 285 
3 285 283 286 
3 277 262 284 
3 277 284 287 
3 288 274 289 
3 289 274 275 
3 290 288 289 
3 277 287 291 
3 291 287 292 
3 291 292 293 
3 276 277 294 
3 294 277 291 
3 295 276 294 
3 285 286 296 
3 296 286 295 
3 296 295 294 
3 297 290 298 
3 298 290 289 
3 291 293 299 
3 299 293 300 
3 299 300 301 
3 301 300 297 
3 301 297 298 
3 296 294 291 
3 296 291 299 
3 285 296 299 
3 285 299 301 
3 285 301 282 
3 282 301 298 
3 280 282 298 
3 280 298 289 
3 289 275 280 
3 280 275 278 
3 302 303 304 
3 305 306 307 
3 308 304 309 
3 308 302 304 
3 310 308 309 
3 310 309 311 
3 312 310 311 
3 312 311 313 
3 314 312 313 
3 314 313 315 
3 316 314 315 
3 316 315 317 
3 318 316 317 
3 318 317 319 
3 320 318 319 
3 320 319 321 
3 322 320 321 
3 322 321 323 
3 324 322 323 
3 324 323 325 
3 326 324 325 
3 326 325 327 
3 328 326 327 
3 328 327 329 
3 330 329 331 
3 330 328 329 
3 332 330 331 
3 332 331 333 
3 334 332 333 
3 334 333 335 
3 336 334 335 
3 336 335 337 
3 338 336 337 
3 339 337 340 
3 339 338 337 
3 341 339 340 
3 341 340 342 
3 343 341 342 
3 343 342 344 
3 345 343 344 
3 345 344 346 
3 347 345 346 
3 347 346 348 
3 349 305 350 
3 350 305 307 
3 350 307 347 
3 349 350 348 
3 348 350 347 
3 351 352 353 
3 354 351 353 
3 355 349 348 
3 354 353 356 
3 357 354 356 
3 357 356 358 
3 359 357 358 
3 359 358 360 
3 361 359 360 
3 361 360 362 
3 363 361 362 
3 363 362 364 
3 365 363 364 
3 365 364 366 
3 304 365 366 
3 304 366 367 
3 309 304 367 
3 309 367 368 
3 311 309 368 
3 311 368 369 
3 313 311 369 
3 313 369 370 
3 315 313 370 
3 315 370 371 
3 317 315 371 
3 317 371 372 
3 319 317 372 
3 319 372 373 
3 321 319 373 
3 321 373 374 
3 323 321 374 
3 323 374 375 
3 325 323 375 
3 325 375 376 
3 327 325 376 
3 327 376 377 
3 329 327 377 
3 378 379 380 
3 329 377 381 
3 382 329 381 
3 382 381 383 
3 384 382 383 
3 384 383 385 
3 386 384 385 
3 386 385 387 
3 380 355 348 
3 380 348 346 
3 378 380 346 
3 388 378 346 
3 388 346 344 
3 389 388 344 
3 389 344 342 
3 390 389 342 
3 390 342 340 
3 391 390 340 
3 391 340 337 
3 337 386 387 
3 391 337 387 
3 392 393 394 
3 392 394 395 
3 396 392 395 
3 396 395 397 
3 398 396 397 
3 398 397 399 
3 400 401 402 
3 403 400 402 
3 403 402 404 
3 405 403 404 
3 405 404 406 
3 398 399 406 
3 406 399 405 
3 407 408 409 
3 410 411 412 
3 407 409 413 
3 414 407 413 
3 414 413 415 
3 416 414 415 
3 416 415 417 
3 418 416 417 
3 419 418 417 
3 419 417 420 
3 421 419 420 
3 421 420 422 
3 423 421 422 
3 423 422 424 
3 425 423 424 
3 425 424 426 
3 425 426 427 
3 428 425 427 
3 428 427 429 
3 430 428 429 
3 430 429 431 
3 432 430 431 
3 432 431 433 
3 434 432 433 
3 434 433 435 
3 436 434 435 
3 436 435 437 
3 438 436 437 
3 438 437 439 
3 440 438 439 
3 440 439 441 
3 442 440 441 
3 442 441 443 
3 444 442 443 
3 444 443 445 
3 446 444 445 
3 446 445 412 
3 412 445 410 
3 447 448 449 
3 444 446 450 
3 447 449 451 
3 452 447 451 
3 452 451 453 
3 454 452 453 
3 454 453 455 
3 456 454 455 
3 456 455 408 
3 457 456 408 
3 457 408 407 
3 401 457 407 
3 402 401 407 
3 414 402 407 
3 404 402 414 
3 404 414 416 
3 406 404 416 
3 406 416 418 
3 398 406 418 
3 444 450 458 
3 458 450 459 
3 442 444 458 
3 458 459 460 
3 460 459 461 
3 460 461 462 
3 462 461 463 
3 398 418 464 
3 464 418 419 
3 396 398 464 
3 462 463 465 
3 465 463 466 
3 465 466 467 
3 464 419 468 
3 468 419 421 
3 468 421 469 
3 469 421 423 
3 469 423 470 
3 470 423 425 
3 470 425 471 
3 471 425 428 
3 471 428 472 
3 472 428 430 
3 396 464 473 
3 473 464 468 
3 392 396 473 
3 472 430 474 
3 474 430 432 
3 442 458 460 
3 440 442 460 
3 465 467 475 
3 475 467 476 
3 474 432 477 
3 477 432 434 
3 475 476 478 
3 478 476 479 
3 477 434 478 
3 477 478 479 
3 477 479 480 
3 474 477 480 
3 474 480 481 
3 393 392 482 
3 482 392 473 
3 483 393 482 
3 484 483 485 
3 485 483 482 
3 481 484 486 
3 486 484 485 
3 472 474 481 
3 472 481 486 
3 478 434 436 
3 475 478 436 
3 475 436 438 
3 465 475 487 
3 487 475 438 
3 487 438 440 
3 440 460 462 
3 471 472 486 
3 440 462 487 
3 487 462 465 
3 471 486 485 
3 470 471 485 
3 470 485 482 
3 469 470 482 
3 482 473 469 
3 469 473 468 
3 488 489 490 
3 491 492 493 
3 493 492 494 
3 493 494 495 
3 496 497 498 
3 498 497 499 
3 493 495 500 
3 500 495 501 
3 502 503 504 
3 504 503 505 
3 488 490 506 
3 506 490 496 
3 506 496 498 
3 507 488 506 
3 5 4 508 
3 508 4 509 
3 504 505 510 
3 510 505 511 
3 510 511 512 
3 512 511 6 
3 512 6 513 
3 513 6 5 
3 513 5 508 
3 498 499 514 
3 514 499 515 
3 500 501 516 
3 516 501 517 
3 514 515 518 
3 518 515 519 
3 518 519 520 
3 520 519 521 
3 520 521 522 
3 522 521 523 
3 522 523 524 
3 524 523 525 
3 524 525 526 
3 526 525 527 
3 526 527 528 
3 528 527 529 
3 528 529 530 
3 530 529 531 
3 530 531 532 
3 532 531 533 
3 532 533 534 
3 534 533 535 
3 534 535 536 
3 536 535 537 
3 536 537 538 
3 538 537 539 
3 538 539 540 
3 540 539 541 
3 540 541 542 
3 542 541 543 
3 542 543 544 
3 544 543 545 
3 508 509 546 
3 546 509 547 
3 548 549 550 
3 550 549 551 
3 552 548 553 
3 553 548 550 
3 516 517 554 
3 554 517 555 
3 554 555 556 
3 556 555 557 
3 556 557 558 
3 558 557 559 
3 558 559 560 
3 560 559 561 
3 560 561 562 
3 562 561 563 
3 562 563 564 
3 564 563 565 
3 564 565 566 
3 566 565 567 
3 566 567 568 
3 568 567 569 
3 568 569 570 
3 570 569 571 
3 570 571 572 
3 572 571 573 
3 572 573 574 
3 572 574 575 
3 575 574 576 
3 575 576 577 
3 577 576 578 
3 577 578 579 
3 579 578 580 
3 579 580 581 
3 579 581 582 
3 582 581 583 
3 582 583 584 
3 584 583 585 
3 584 585 586 
3 586 585 587 
3 586 587 588 
3 588 587 589 
3 588 589 590 
3 590 589 591 
3 590 591 592 
3 592 591 593 
3 592 593 594 
3 594 593 595 
3 594 595 596 
3 596 595 597 
3 506 498 598 
3 598 498 514 
3 507 506 598 
3 597 507 599 
3 599 507 598 
3 596 597 599 
3 544 545 600 
3 600 545 601 
3 600 601 602 
3 602 601 603 
3 602 603 604 
3 604 603 605 
3 604 605 606 
3 606 605 607 
3 606 607 608 
3 608 607 609 
3 608 609 610 
3 610 609 611 
3 610 611 612 
3 612 611 613 
3 612 613 614 
3 614 613 615 
3 614 615 616 
3 616 615 617 
3 616 617 618 
3 618 617 619 
3 618 619 620 
3 618 620 621 
3 621 620 502 
3 621 502 504 
3 546 547 622 
3 622 547 623 
3 622 623 624 
3 624 623 625 
3 624 625 626 
3 626 625 627 
3 628 552 629 
3 629 552 553 
3 630 628 631 
3 631 628 629 
3 627 630 632 
3 626 627 632 
3 632 630 633 
3 633 630 631 
3 491 493 634 
3 551 491 635 
3 635 491 634 
3 550 551 635 
3 634 493 500 
3 599 598 636 
3 636 598 514 
3 636 514 518 
3 596 599 636 
3 596 636 637 
3 637 636 518 
3 637 518 520 
3 621 504 638 
3 639 504 510 
3 639 510 640 
3 640 510 512 
3 640 512 641 
3 641 512 513 
3 641 513 642 
3 642 513 508 
3 642 508 546 
3 594 596 643 
3 643 596 637 
3 643 637 644 
3 644 637 520 
3 644 520 522 
3 634 500 645 
3 645 500 516 
3 635 634 646 
3 646 634 645 
3 645 516 647 
3 647 516 554 
3 647 554 648 
3 648 554 556 
3 648 556 649 
3 649 556 558 
3 592 594 650 
3 650 594 643 
3 590 592 651 
3 651 592 650 
3 588 590 652 
3 652 590 651 
3 586 588 653 
3 653 588 652 
3 584 586 653 
3 650 643 654 
3 654 643 644 
3 654 644 655 
3 644 522 655 
3 655 522 524 
3 655 524 656 
3 656 524 526 
3 651 650 657 
3 657 650 654 
3 657 654 658 
3 658 654 655 
3 658 655 656 
3 652 651 659 
3 659 651 657 
3 653 652 660 
3 660 652 659 
3 659 657 661 
3 661 657 658 
3 660 659 662 
3 662 659 661 
3 584 653 663 
3 663 653 660 
3 582 584 663 
3 663 660 664 
3 664 660 662 
3 661 658 665 
3 665 658 656 
3 662 661 666 
3 666 661 665 
3 664 662 667 
3 667 662 666 
3 649 558 668 
3 668 558 560 
3 646 645 669 
3 669 645 647 
3 656 526 670 
3 670 526 528 
3 665 656 670 
3 616 618 671 
3 671 618 621 
3 614 616 672 
3 672 616 671 
3 612 614 672 
3 671 621 638 
3 638 504 639 
3 672 671 673 
3 673 671 638 
3 610 612 674 
3 674 612 672 
3 674 672 673 
3 670 528 675 
3 675 528 530 
3 665 670 676 
3 676 670 675 
3 666 665 676 
3 667 666 677 
3 677 666 676 
3 668 560 678 
3 678 560 562 
3 678 562 679 
3 679 562 564 
3 679 564 680 
3 680 564 566 
3 680 566 681 
3 681 566 568 
3 681 568 682 
3 682 568 570 
3 682 570 683 
3 683 570 572 
3 683 572 575 
3 608 610 684 
3 685 610 674 
3 606 608 686 
3 686 608 684 
3 604 606 687 
3 687 606 686 
3 602 604 688 
3 688 604 687 
3 600 602 689 
3 675 530 690 
3 690 530 532 
3 690 532 691 
3 691 532 534 
3 691 534 692 
3 692 534 536 
3 692 536 693 
3 693 536 538 
3 693 538 694 
3 694 538 540 
3 694 540 695 
3 695 540 542 
3 695 542 696 
3 696 542 544 
3 676 675 697 
3 697 675 690 
3 677 676 698 
3 698 676 697 
3 696 544 699 
3 699 544 600 
3 699 600 689 
3 689 602 688 
3 642 546 700 
3 700 546 622 
3 641 642 701 
3 701 642 700 
3 640 641 702 
3 702 641 701 
3 639 640 702 
3 638 639 703 
3 703 639 702 
3 673 638 703 
3 697 690 704 
3 704 690 691 
3 698 697 705 
3 705 697 704 
3 677 698 706 
3 706 698 705 
3 667 677 707 
3 707 677 706 
3 664 667 708 
3 708 667 707 
3 663 664 709 
3 709 664 708 
3 582 663 710 
3 579 582 710 
3 710 663 709 
3 577 579 711 
3 711 579 710 
3 711 710 712 
3 712 710 709 
3 712 709 713 
3 713 709 708 
3 713 708 714 
3 714 708 707 
3 714 707 715 
3 715 707 706 
3 716 711 717 
3 716 577 711 
3 717 711 712 
3 683 716 718 
3 718 716 717 
3 717 713 719 
3 717 712 713 
3 719 713 714 
3 718 717 719 
3 719 714 720 
3 720 714 715 
3 718 719 721 
3 721 719 720 
3 683 718 722 
3 682 683 722 
3 722 718 721 
3 681 682 723 
3 723 682 722 
3 680 681 724 
3 724 681 723 
3 723 722 725 
3 725 722 721 
3 724 723 726 
3 726 723 725 
3 725 721 727 
3 727 721 720 
3 726 725 728 
3 728 725 727 
3 715 706 729 
3 729 706 705 
3 720 715 730 
3 730 715 729 
3 727 720 730 
3 704 691 731 
3 731 691 692 
3 731 692 732 
3 732 692 693 
3 732 693 733 
3 733 693 694 
3 733 694 734 
3 734 694 695 
3 734 695 735 
3 735 695 696 
3 735 696 736 
3 736 696 699 
3 736 699 737 
3 737 699 689 
3 550 635 738 
3 553 550 738 
3 738 635 646 
3 738 646 739 
3 739 646 669 
3 629 553 740 
3 740 553 738 
3 740 738 741 
3 741 738 739 
3 631 629 742 
3 742 629 740 
3 633 631 743 
3 743 631 742 
3 742 740 744 
3 744 740 741 
3 743 742 745 
3 745 742 744 
3 674 673 746 
3 746 673 703 
3 685 674 746 
3 746 703 747 
3 747 703 702 
3 747 702 701 
3 747 701 748 
3 748 701 700 
3 746 747 749 
3 749 747 748 
3 685 746 750 
3 750 746 749 
3 686 684 751 
3 752 684 685 
3 748 700 753 
3 753 700 754 
3 700 622 754 
3 754 622 624 
3 754 624 755 
3 755 624 626 
3 755 626 756 
3 749 748 757 
3 757 748 753 
3 750 749 757 
3 752 750 758 
3 758 750 757 
3 731 732 759 
3 759 732 733 
3 759 733 760 
3 760 733 734 
3 760 734 761 
3 761 734 735 
3 761 735 762 
3 762 735 736 
3 762 736 763 
3 763 736 737 
3 679 680 764 
3 764 680 724 
3 764 724 726 
3 764 726 765 
3 765 726 728 
3 678 679 766 
3 766 679 764 
3 766 764 767 
3 767 764 765 
3 668 678 768 
3 768 678 766 
3 649 668 769 
3 769 668 768 
3 648 649 770 
3 770 649 769 
3 647 648 771 
3 771 648 770 
3 669 647 771 
3 739 669 772 
3 772 669 771 
3 741 739 773 
3 773 739 772 
3 744 741 773 
3 768 766 774 
3 774 766 767 
3 769 768 775 
3 775 768 774 
3 770 769 776 
3 776 769 775 
3 771 770 777 
3 777 770 776 
3 772 771 777 
3 773 772 778 
3 778 772 777 
3 744 773 779 
3 779 773 778 
3 745 744 780 
3 780 744 779 
3 705 704 781 
3 781 704 731 
3 729 705 781 
3 781 731 782 
3 782 731 759 
3 730 729 783 
3 783 729 781 
3 727 730 784 
3 784 730 783 
3 728 727 785 
3 785 727 784 
3 765 728 786 
3 786 728 785 
3 783 781 787 
3 787 781 782 
3 784 783 788 
3 788 783 787 
3 785 784 788 
3 786 785 789 
3 789 785 788 
3 789 788 790 
3 790 788 787 
3 790 787 791 
3 791 787 782 
3 791 782 792 
3 792 782 759 
3 792 759 760 
3 767 765 793 
3 793 765 786 
3 793 786 794 
3 794 786 789 
3 794 789 790 
3 774 767 795 
3 795 767 793 
3 795 793 796 
3 796 793 794 
3 796 794 797 
3 797 794 790 
3 797 790 798 
3 798 790 791 
3 798 791 792 
3 798 792 799 
3 799 792 760 
3 799 760 761 
3 797 798 800 
3 800 798 799 
3 800 799 801 
3 801 799 761 
3 801 761 802 
3 802 761 762 
3 802 762 803 
3 803 762 763 
3 796 797 804 
3 804 797 800 
3 804 800 805 
3 805 800 801 
3 805 801 806 
3 806 801 802 
3 806 802 803 
3 795 796 807 
3 807 796 804 
3 774 795 808 
3 775 774 808 
3 808 795 807 
3 807 804 809 
3 809 804 805 
3 808 807 810 
3 810 807 809 
3 809 805 811 
3 811 805 806 
3 811 806 812 
3 812 806 803 
3 810 809 813 
3 813 809 811 
3 812 803 814 
3 814 803 763 
3 814 763 815 
3 815 763 737 
3 815 737 816 
3 816 737 689 
3 816 689 688 
3 816 688 817 
3 817 688 687 
3 817 687 818 
3 818 687 686 
3 818 686 751 
3 751 684 752 
3 751 752 819 
3 819 752 758 
3 818 751 820 
3 820 751 819 
3 817 818 821 
3 821 818 820 
3 816 817 822 
3 815 816 822 
3 822 817 821 
3 814 815 823 
3 823 815 822 
3 819 758 824 
3 824 758 825 
3 758 757 825 
3 825 757 753 
3 825 753 826 
3 826 753 754 
3 826 754 755 
3 820 819 827 
3 827 819 824 
3 827 824 828 
3 828 824 825 
3 828 825 826 
3 828 826 829 
3 829 826 755 
3 756 626 632 
3 829 755 756 
3 756 632 830 
3 830 632 633 
3 830 633 743 
3 830 743 831 
3 831 743 745 
3 831 745 832 
3 832 745 780 
3 756 830 833 
3 833 830 831 
3 833 831 834 
3 834 831 832 
3 829 756 835 
3 835 756 833 
3 828 829 836 
3 836 829 835 
3 827 828 836 
3 820 827 837 
3 837 827 836 
3 821 820 837 
3 822 821 838 
3 838 821 837 
3 823 822 839 
3 839 822 838 
3 835 833 840 
3 840 833 834 
3 836 835 841 
3 837 836 841 
3 841 835 840 
3 838 837 841 
3 839 838 842 
3 838 841 842 
3 842 841 840 
3 842 840 843 
3 843 840 834 
3 843 834 844 
3 844 834 832 
3 844 832 845 
3 845 832 780 
3 845 780 779 
3 823 839 846 
3 846 839 847 
3 814 823 848 
3 848 823 846 
3 812 814 848 
3 811 812 849 
3 849 812 848 
3 813 811 849 
3 845 779 850 
3 850 779 778 
3 850 778 851 
3 778 777 851 
3 851 777 776 
3 851 776 852 
3 852 776 775 
3 852 775 808 
3 852 808 853 
3 853 808 810 
3 853 810 854 
3 844 845 855 
3 855 845 850 
3 843 844 856 
3 856 844 855 
3 847 843 856 
3 846 847 857 
3 857 847 856 
3 848 846 857 
3 849 848 857 
3 813 849 858 
3 858 849 857 
3 810 813 854 
3 854 813 858 
3 852 853 859 
3 859 853 854 
3 851 852 859 
3 850 851 859 
3 855 850 859 
3 855 859 854 
3 855 854 858 
3 856 855 858 
3 856 858 857 
3 577 716 575 
3 683 575 716 
3 750 752 685 
3 610 685 684 
3 839 842 847 
3 843 847 842 
3 316 318 860 
3 861 503 502 
3 861 502 862 
3 862 502 620 
3 863 861 862 
3 316 860 864 
3 864 860 865 
3 314 316 864 
3 864 865 866 
3 866 865 867 
3 866 867 868 
3 868 867 869 
3 499 497 870 
3 870 497 871 
3 515 499 872 
3 872 499 870 
3 873 874 875 
3 875 874 876 
3 519 515 877 
3 877 515 872 
3 870 871 878 
3 878 871 879 
3 521 519 880 
3 880 519 877 
3 523 521 881 
3 881 521 880 
3 525 523 882 
3 882 523 881 
3 875 876 883 
3 883 876 884 
3 883 884 885 
3 885 884 886 
3 885 886 887 
3 887 886 888 
3 878 879 889 
3 889 879 890 
3 527 525 891 
3 891 525 882 
3 529 527 892 
3 892 527 891 
3 531 529 893 
3 893 529 892 
3 894 120 895 
3 895 120 119 
3 895 119 896 
3 896 119 117 
3 896 117 897 
3 897 117 115 
3 897 115 898 
3 898 115 113 
3 898 113 899 
3 899 113 110 
3 899 110 900 
3 900 110 108 
3 900 108 901 
3 901 108 902 
3 901 902 903 
3 903 902 904 
3 903 904 905 
3 905 904 906 
3 907 908 909 
3 909 908 873 
3 909 873 910 
3 910 873 875 
3 911 894 912 
3 912 894 895 
3 889 890 913 
3 913 890 914 
3 913 914 915 
3 915 914 916 
3 915 916 917 
3 917 916 918 
3 917 918 919 
3 920 921 922 
3 922 921 923 
3 924 920 925 
3 925 920 922 
3 926 924 927 
3 927 924 925 
3 533 531 928 
3 928 531 893 
3 929 926 930 
3 930 926 927 
3 314 864 931 
3 931 864 866 
3 932 314 931 
3 933 911 934 
3 934 911 912 
3 888 933 935 
3 935 933 934 
3 887 888 935 
3 535 533 936 
3 936 533 928 
3 537 535 937 
3 937 535 936 
3 539 537 938 
3 938 537 937 
3 541 539 939 
3 939 539 938 
3 543 541 940 
3 940 541 939 
3 545 543 941 
3 941 543 940 
3 601 545 942 
3 942 545 941 
3 922 923 943 
3 943 923 944 
3 868 869 945 
3 945 869 907 
3 945 907 909 
3 917 919 946 
3 946 919 947 
3 946 947 948 
3 948 947 949 
3 948 949 950 
3 950 949 951 
3 950 951 952 
3 952 951 953 
3 952 953 954 
3 954 953 955 
3 954 955 956 
3 956 955 957 
3 956 957 958 
3 958 957 959 
3 958 959 960 
3 960 959 961 
3 960 961 962 
3 962 961 963 
3 962 963 964 
3 964 963 965 
3 862 620 966 
3 966 620 619 
3 943 944 967 
3 967 944 968 
3 964 965 969 
3 969 965 970 
3 967 968 971 
3 971 968 972 
3 971 972 973 
3 973 972 974 
3 973 974 975 
3 975 974 976 
3 975 976 977 
3 977 976 978 
3 977 978 979 
3 979 978 980 
3 979 980 981 
3 981 980 982 
3 981 982 983 
3 983 982 984 
3 983 984 985 
3 985 984 986 
3 985 986 987 
3 987 986 988 
3 987 988 989 
3 989 988 990 
3 989 990 991 
3 991 990 992 
3 991 992 993 
3 993 992 994 
3 993 994 995 
3 995 994 996 
3 995 996 997 
3 997 996 998 
3 969 970 999 
3 999 970 1000 
3 999 1000 1001 
3 1001 1000 1002 
3 1001 1002 1003 
3 1003 1002 1004 
3 1003 1004 1005 
3 1005 1004 1006 
3 1005 1006 1007 
3 1007 1006 1008 
3 1007 1008 1009 
3 1009 1008 1010 
3 1009 1010 1011 
3 1011 1010 1012 
3 1011 1012 1013 
3 1013 1012 1014 
3 1013 1014 1015 
3 1015 1014 1016 
3 1015 1016 1017 
3 1017 1016 1018 
3 1017 1018 1019 
3 1019 1018 1020 
3 1019 1020 1021 
3 1021 1020 292 
3 1021 292 1022 
3 1022 292 287 
3 1022 287 1023 
3 1023 287 284 
3 1023 284 1024 
3 1024 284 260 
3 1024 260 1025 
3 1025 260 252 
3 1025 252 1026 
3 1026 252 251 
3 1026 251 1027 
3 1027 251 1028 
3 1027 1028 1029 
3 1029 1028 1030 
3 1029 1030 929 
3 1029 929 1031 
3 1031 929 930 
3 997 998 1032 
3 1032 998 1033 
3 603 601 1034 
3 1034 601 942 
3 605 603 1035 
3 1035 603 1034 
3 607 605 1036 
3 1036 605 1035 
3 609 607 1037 
3 1037 607 1036 
3 611 609 1038 
3 1038 609 1037 
3 613 611 1039 
3 1039 611 1038 
3 615 613 1040 
3 1040 613 1039 
3 617 615 1041 
3 1041 615 1040 
3 619 617 1042 
3 1042 617 1041 
3 966 619 1043 
3 1043 619 1042 
3 1044 1045 1046 
3 1046 1045 1047 
3 1048 1044 1049 
3 1049 1044 1046 
3 1050 1048 1051 
3 1051 1048 1049 
3 1052 1050 1053 
3 1053 1050 1051 
3 1054 1052 1055 
3 1055 1052 1053 
3 1056 1054 1057 
3 1057 1054 1055 
3 1058 1056 1059 
3 1059 1056 1057 
3 1060 1058 1061 
3 1061 1058 1059 
3 1062 1060 1063 
3 1063 1060 1061 
3 906 1062 1064 
3 1064 1062 1063 
3 905 906 1064 
3 863 862 1065 
3 1065 862 966 
3 1066 863 1067 
3 1067 863 1065 
3 1068 1066 1069 
3 1069 1066 1067 
3 1070 1068 1071 
3 1071 1068 1069 
3 1032 1033 1072 
3 1072 1033 1073 
3 1073 1033 932 
3 1073 932 931 
3 1074 1070 1075 
3 1075 1070 1076 
3 1076 1070 1071 
3 1077 1074 1078 
3 1078 1074 1075 
3 1079 1077 1080 
3 1080 1077 1078 
3 1081 1079 1082 
3 1082 1079 1080 
3 1083 1081 1084 
3 1084 1081 1082 
3 1085 1083 1086 
3 1086 1083 1084 
3 1087 1085 1088 
3 1088 1085 1086 
3 1047 1087 1089 
3 1089 1087 1088 
3 1046 1047 1090 
3 1090 1047 1089 
3 872 870 1091 
3 1091 870 878 
3 877 872 1092 
3 1092 872 1091 
3 880 877 1093 
3 1093 877 1092 
3 910 875 1094 
3 1094 875 883 
3 945 909 1095 
3 1095 909 910 
3 1095 910 1094 
3 881 880 1096 
3 1096 880 1093 
3 882 881 1097 
3 1097 881 1096 
3 891 882 1098 
3 1098 882 1097 
3 1091 878 1099 
3 1099 878 889 
3 1092 1091 1099 
3 912 895 1100 
3 1100 895 896 
3 1100 896 897 
3 1094 883 1101 
3 1101 883 885 
3 1101 885 1102 
3 1102 885 887 
3 931 866 1103 
3 1103 866 868 
3 1073 931 1103 
3 1103 868 1104 
3 1104 868 945 
3 1104 945 1095 
3 1072 1073 1105 
3 1105 1073 1103 
3 1105 1103 1104 
3 1105 1104 1106 
3 1106 1104 1095 
3 1106 1095 1094 
3 1106 1094 1101 
3 1072 1105 1107 
3 1107 1105 1106 
3 1107 1106 1101 
3 1107 1101 1102 
3 1032 1072 1108 
3 1072 1107 1108 
3 1108 1107 1102 
3 892 891 1109 
3 1109 891 1098 
3 893 892 1110 
3 1110 892 1109 
3 928 893 1111 
3 1111 893 1110 
3 1099 889 1112 
3 1112 889 913 
3 997 1032 1113 
3 1113 1032 1108 
3 1065 966 1114 
3 1114 966 1043 
3 1067 1065 1114 
3 1069 1067 1115 
3 1115 1067 1114 
3 1071 1069 1116 
3 1116 1069 1115 
3 1076 1071 1117 
3 1117 1071 1116 
3 934 912 1118 
3 1118 912 1100 
3 925 922 1119 
3 1119 922 943 
3 1112 913 1120 
3 1120 913 915 
3 1120 915 1121 
3 1121 915 917 
3 1121 917 946 
3 1119 943 1122 
3 1122 943 967 
3 927 925 1123 
3 1123 925 1119 
3 1123 1119 1124 
3 1124 1119 1122 
3 930 927 1125 
3 1125 927 1123 
3 1031 930 1126 
3 1126 930 1125 
3 1125 1123 1127 
3 1127 1123 1124 
3 1126 1125 1128 
3 1128 1125 1127 
3 936 928 1129 
3 1129 928 1111 
3 937 936 1130 
3 1130 936 1129 
3 938 937 1131 
3 1131 937 1130 
3 939 938 1132 
3 1132 938 1131 
3 940 939 1133 
3 1133 939 1132 
3 941 940 1134 
3 1134 940 1133 
3 942 941 1135 
3 1135 941 1134 
3 1034 942 1136 
3 1136 942 1135 
3 1102 887 1137 
3 1137 887 935 
3 1108 1102 1137 
3 1113 1108 1137 
3 935 934 1138 
3 1138 934 1118 
3 1137 935 1138 
3 1113 1137 1138 
3 1093 1092 1139 
3 1139 1092 1099 
3 1139 1099 1140 
3 1140 1099 1112 
3 1140 1112 1141 
3 1141 1112 1120 
3 1096 1093 1142 
3 1142 1093 1139 
3 1097 1096 1143 
3 1143 1096 1142 
3 1098 1097 1144 
3 1144 1097 1143 
3 1109 1098 1145 
3 1145 1098 1144 
3 1110 1109 1146 
3 1146 1109 1145 
3 1111 1110 1147 
3 1147 1110 1146 
3 1129 1111 1148 
3 1148 1111 1147 
3 1142 1139 1149 
3 1149 1139 1140 
3 1149 1140 1141 
3 1143 1142 1150 
3 1150 1142 1149 
3 1144 1143 1151 
3 1151 1143 1150 
3 1145 1144 1151 
3 1141 1120 1152 
3 1152 1120 1121 
3 1152 1121 1153 
3 1153 1121 946 
3 1153 946 948 
3 1100 897 1154 
3 1154 897 898 
3 1155 1100 1154 
3 1154 898 1156 
3 1156 898 899 
3 1156 899 1157 
3 1157 899 900 
3 1157 900 1158 
3 1158 900 901 
3 1158 901 1159 
3 1130 1129 1160 
3 1160 1129 1148 
3 1131 1130 1161 
3 1161 1130 1160 
3 1132 1131 1162 
3 1162 1131 1161 
3 1133 1132 1163 
3 1163 1132 1162 
3 1134 1133 1164 
3 1164 1133 1163 
3 1135 1134 1165 
3 1165 1134 1164 
3 1136 1135 1166 
3 1166 1135 1165 
3 901 903 1167 
3 1167 903 905 
3 1167 905 1168 
3 1168 905 1064 
3 1122 967 1169 
3 1169 967 971 
3 1124 1122 1170 
3 1170 1122 1169 
3 1127 1124 1090 
3 1090 1124 1170 
3 1127 1090 1089 
3 1046 1090 1170 
3 1128 1127 1089 
3 1049 1046 1170 
3 1128 1089 1088 
3 1049 1170 1169 
3 1126 1128 1171 
3 1171 1128 1088 
3 1051 1049 1169 
3 1171 1088 1086 
3 1051 1169 971 
3 1031 1126 1172 
3 1051 971 1053 
3 1172 1126 1171 
3 1053 971 973 
3 1172 1171 1173 
3 1173 1171 1086 
3 1055 1053 973 
3 1173 1086 1084 
3 1055 973 975 
3 1173 1084 1174 
3 1174 1084 1082 
3 1057 1055 975 
3 1172 1173 1174 
3 1057 975 977 
3 1174 1082 1175 
3 1175 1082 1080 
3 1059 1057 977 
3 1175 1080 1176 
3 1176 1080 1078 
3 1059 977 979 
3 1029 1031 1177 
3 1061 1059 979 
3 1177 1031 1172 
3 1061 979 981 
3 1177 1172 1174 
3 1063 1061 981 
3 1027 1029 1177 
3 1063 981 983 
3 1177 1174 1178 
3 1178 1174 1175 
3 1064 1063 983 
3 1027 1177 1178 
3 1168 1064 983 
3 1026 1027 1178 
3 1168 983 985 
3 1178 1175 1179 
3 1179 1175 1176 
3 1168 985 987 
3 1026 1178 1179 
3 1167 1168 987 
3 1025 1026 1180 
3 1180 1026 1179 
3 1159 987 989 
3 1180 1179 1176 
3 1158 1159 1181 
3 1181 1159 989 
3 1180 1176 1182 
3 1181 989 1183 
3 1183 989 991 
3 1182 1176 1078 
3 1157 1158 1184 
3 1184 1158 1181 
3 1182 1078 1075 
3 1156 1157 1185 
3 1185 1157 1184 
3 1025 1180 1186 
3 1186 1180 1182 
3 1184 1181 1187 
3 1187 1181 1183 
3 1024 1025 1186 
3 1185 1184 1187 
3 1186 1182 1188 
3 1188 1182 1075 
3 1154 1156 1189 
3 1189 1156 1185 
3 1188 1075 1076 
3 1155 1154 1189 
3 1188 1076 1190 
3 1190 1076 1117 
3 1138 1118 1191 
3 1191 1155 1192 
3 1024 1186 1193 
3 1193 1186 1188 
3 1113 1138 1191 
3 1193 1188 1190 
3 997 1113 1194 
3 1194 1113 1191 
3 1023 1024 1193 
3 995 997 1194 
3 1023 1193 1195 
3 1195 1193 1190 
3 1194 1191 1192 
3 1192 1155 1189 
3 1022 1023 1195 
3 1192 1189 1196 
3 1196 1189 1185 
3 1195 1190 1197 
3 1197 1190 1117 
3 1196 1185 1187 
3 1197 1117 1198 
3 1198 1117 1116 
3 1194 1192 1199 
3 1022 1195 1200 
3 1200 1195 1197 
3 1199 1192 1196 
3 1021 1022 1201 
3 1201 1022 1200 
3 995 1194 1199 
3 1200 1197 1202 
3 1202 1197 1198 
3 993 995 1199 
3 1201 1200 1203 
3 1203 1200 1202 
3 991 993 1204 
3 1198 1116 1205 
3 1205 1116 1115 
3 1183 991 1204 
3 1205 1115 1114 
3 1183 1204 1187 
3 1187 1204 1196 
3 1205 1114 1043 
3 1202 1198 1206 
3 1206 1198 1205 
3 1206 1205 1207 
3 1207 1205 1043 
3 1207 1043 1042 
3 1203 1202 1208 
3 1208 1202 1206 
3 1208 1206 1207 
3 1207 1042 1209 
3 1209 1042 1041 
3 1208 1207 1209 
3 1019 1021 1210 
3 1210 1021 1201 
3 1210 1201 1203 
3 1210 1203 1211 
3 1211 1203 1208 
3 1211 1208 1209 
3 1017 1019 1212 
3 1212 1019 1210 
3 1212 1210 1211 
3 1212 1211 1213 
3 1213 1211 1209 
3 1213 1209 1214 
3 1214 1209 1041 
3 1214 1041 1040 
3 1015 1017 1215 
3 1215 1017 1212 
3 1215 1212 1216 
3 1216 1212 1213 
3 1013 1015 1217 
3 1217 1015 1215 
3 1011 1013 1218 
3 1218 1013 1217 
3 1009 1011 1219 
3 1219 1011 1218 
3 1007 1009 1219 
3 1216 1213 1220 
3 1220 1213 1214 
3 1220 1214 1040 
3 1220 1040 1221 
3 1221 1040 1039 
3 1217 1215 1222 
3 1222 1215 1216 
3 1222 1216 1220 
3 1222 1220 1221 
3 1218 1217 1223 
3 1223 1217 1222 
3 1223 1222 1224 
3 1224 1222 1221 
3 1219 1218 1225 
3 1225 1218 1223 
3 1224 1221 1226 
3 1226 1221 1039 
3 1226 1039 1038 
3 1226 1038 1227 
3 1227 1038 1037 
3 1227 1037 1228 
3 1228 1037 1036 
3 1228 1036 1229 
3 1229 1036 1035 
3 1229 1035 1230 
3 1035 1034 1230 
3 1230 1034 1136 
3 1230 1136 1231 
3 1231 1136 1166 
3 1225 1223 1232 
3 1232 1223 1224 
3 1232 1224 1233 
3 1224 1226 1233 
3 1233 1226 1227 
3 1233 1227 1234 
3 1234 1227 1228 
3 1234 1228 1235 
3 1235 1228 1229 
3 1235 1229 1230 
3 1235 1230 1231 
3 1146 1145 1236 
3 1236 1145 1151 
3 1147 1146 1237 
3 1237 1146 1236 
3 1148 1147 1238 
3 1238 1147 1237 
3 1160 1148 1239 
3 1239 1148 1238 
3 1161 1160 1240 
3 1240 1160 1239 
3 1162 1161 1241 
3 1241 1161 1240 
3 1163 1162 1242 
3 1242 1162 1241 
3 1164 1163 1243 
3 1243 1163 1242 
3 1165 1164 1244 
3 1244 1164 1243 
3 1166 1165 1245 
3 1245 1165 1244 
3 1231 1166 1246 
3 1150 1149 1247 
3 1247 1149 1141 
3 1247 1141 1152 
3 1151 1150 1248 
3 1248 1150 1247 
3 1236 1151 1248 
3 1247 1152 1249 
3 1249 1152 1153 
3 1250 1247 1249 
3 1249 1153 1251 
3 1251 1153 948 
3 1251 948 950 
3 1251 950 1252 
3 1252 950 952 
3 1252 952 1253 
3 1253 952 954 
3 1253 954 1254 
3 1254 954 956 
3 1254 956 1255 
3 1255 956 958 
3 1255 958 1256 
3 1256 958 960 
3 1256 960 1257 
3 1257 960 962 
3 1257 962 1258 
3 1258 962 964 
3 1258 964 1259 
3 1259 964 969 
3 1259 969 1260 
3 1260 969 999 
3 1007 1219 1261 
3 1261 1219 1225 
3 1005 1007 1261 
3 1261 1225 1262 
3 1262 1225 1232 
3 1262 1232 1263 
3 1263 1232 1233 
3 1263 1233 1234 
3 1263 1234 1264 
3 1264 1234 1235 
3 1264 1235 1231 
3 1262 1263 1265 
3 1265 1263 1264 
3 1265 1264 1246 
3 1246 1264 1231 
3 1246 1166 1245 
3 1261 1262 1266 
3 1266 1262 1265 
3 1005 1261 1266 
3 1266 1265 1267 
3 1267 1265 1246 
3 1267 1246 1268 
3 1268 1246 1245 
3 1003 1005 1269 
3 1269 1005 1266 
3 1269 1266 1270 
3 1270 1266 1267 
3 1270 1267 1268 
3 1268 1245 1271 
3 1271 1245 1244 
3 1271 1244 1272 
3 1272 1244 1243 
3 1270 1268 1273 
3 1273 1268 1271 
3 1269 1270 1274 
3 1274 1270 1273 
3 1272 1243 1275 
3 1275 1243 1242 
3 1275 1242 1276 
3 1276 1242 1241 
3 1276 1241 1277 
3 1277 1241 1240 
3 1273 1271 1278 
3 1278 1271 1272 
3 1274 1273 1279 
3 1279 1273 1278 
3 1278 1272 1280 
3 1280 1272 1275 
3 1280 1275 1281 
3 1281 1275 1276 
3 1281 1276 1282 
3 1282 1276 1277 
3 1279 1278 1283 
3 1283 1278 1280 
3 1283 1280 1284 
3 1284 1280 1281 
3 1284 1281 1285 
3 1285 1281 1282 
3 1003 1269 1286 
3 1286 1269 1274 
3 1001 1003 1286 
3 1286 1274 1279 
3 999 1001 1287 
3 1287 1001 1286 
3 1287 1286 1279 
3 1287 1279 1283 
3 1260 999 1287 
3 1260 1287 1283 
3 1260 1283 1284 
3 1260 1284 1259 
3 1259 1284 1285 
3 1258 1259 1288 
3 1288 1259 1285 
3 1257 1288 1289 
3 1257 1258 1288 
3 1256 1257 1289 
3 1288 1285 1290 
3 1290 1285 1282 
3 1289 1288 1290 
3 1290 1282 1291 
3 1291 1282 1277 
3 1291 1277 1292 
3 1292 1277 1240 
3 1292 1240 1239 
3 1255 1256 1293 
3 1293 1256 1289 
3 1254 1255 1294 
3 1294 1255 1293 
3 1253 1254 1295 
3 1293 1289 1296 
3 1296 1289 1290 
3 1294 1293 1297 
3 1297 1293 1296 
3 1296 1291 1298 
3 1296 1290 1291 
3 1298 1291 1292 
3 1297 1296 1298 
3 1298 1292 1299 
3 1299 1292 1239 
3 1299 1239 1238 
3 1299 1238 1300 
3 1300 1238 1237 
3 1298 1299 1301 
3 1301 1299 1300 
3 1297 1298 1301 
3 1300 1237 1302 
3 1302 1237 1236 
3 1302 1236 1248 
3 1302 1250 1303 
3 1303 1250 1304 
3 1250 1249 1304 
3 1304 1249 1251 
3 1304 1251 1305 
3 1305 1251 1252 
3 1305 1252 1295 
3 1295 1252 1253 
3 1295 1254 1294 
3 1295 1294 1306 
3 1306 1294 1297 
3 1306 1297 1301 
3 1305 1306 1307 
3 1305 1295 1306 
3 1304 1305 1307 
3 1307 1306 1301 
3 1307 1301 1303 
3 1303 1301 1300 
3 1303 1300 1302 
3 1307 1303 1304 
3 901 1167 1159 
3 987 1159 1167 
3 993 1199 1204 
3 1196 1204 1199 
3 1191 1118 1155 
3 1100 1155 1118 
3 1302 1248 1250 
3 1247 1250 1248 
3 1308 466 463 
3 1309 1310 1311 
3 1309 1311 1312 
3 1312 1311 1313 
3 1314 1309 1312 
3 1308 463 1315 
3 1315 463 461 
3 1316 1308 1315 
3 1317 1318 1319 
3 1319 1318 1320 
3 1321 1317 1322 
3 1322 1317 1319 
3 1323 1314 1324 
3 1324 1314 1312 
3 1325 1323 1326 
3 1326 1323 1324 
3 1324 1312 1327 
3 1327 1312 1313 
3 1327 1313 1328 
3 1315 461 1329 
3 1329 461 459 
3 1330 1321 1331 
3 1331 1321 1322 
3 1332 1330 1333 
3 1333 1330 1331 
3 1334 1332 1335 
3 1335 1332 1333 
3 1336 1334 1335 
3 1319 1320 1337 
3 1337 1320 1338 
3 1337 1338 1339 
3 1339 1338 1340 
3 1341 1342 1343 
3 1343 1342 1344 
3 1327 1328 1345 
3 1345 1328 1346 
3 1339 1340 1347 
3 1347 1340 1348 
3 1347 1348 1349 
3 1349 1348 1350 
3 1349 1350 1351 
3 1351 1350 1352 
3 1351 1352 1353 
3 1353 1352 1354 
3 1353 1354 1355 
3 1355 1354 1356 
3 1355 1356 1357 
3 1357 1356 1358 
3 1357 1358 1359 
3 1359 1358 1360 
3 1359 1360 1361 
3 1361 1360 1316 
3 1361 1316 1315 
3 1361 1315 1329 
3 1343 1344 1362 
3 1362 1344 1363 
3 1362 1363 1364 
3 1364 1363 1365 
3 1364 1365 1366 
3 1366 1365 1367 
3 1366 1367 1368 
3 1368 1367 1369 
3 1368 1369 1370 
3 1370 1369 1371 
3 1370 1371 1372 
3 1372 1371 1373 
3 1372 1373 1374 
3 1374 1373 1375 
3 1374 1375 1376 
3 1376 1375 1377 
3 1376 1377 1378 
3 1378 1377 1379 
3 1378 1379 1380 
3 1380 1379 1381 
3 1345 1346 1382 
3 1382 1346 1383 
3 1382 1383 1384 
3 1384 1383 1385 
3 1384 1385 1386 
3 1386 1385 1387 
3 1329 459 1388 
3 1388 459 450 
3 1389 1341 1390 
3 1390 1341 1343 
3 1391 1389 1392 
3 1392 1389 1390 
3 1393 1391 1394 
3 1394 1391 1392 
3 1395 1393 1396 
3 1396 1393 1394 
3 1380 1381 1397 
3 1397 1381 1325 
3 1397 1325 1326 
3 1386 1387 1398 
3 1398 1387 1399 
3 1400 1336 1401 
3 1401 1336 1335 
3 1402 1400 1403 
3 1403 1400 1401 
3 1404 1402 1405 
3 1405 1402 1403 
3 1406 1404 1407 
3 1407 1404 1405 
3 1408 1409 1410 
3 1410 1409 1411 
3 1410 1411 1412 
3 1412 1411 1413 
3 1414 1408 1415 
3 1415 1408 1410 
3 1416 1414 1417 
3 1417 1414 1415 
3 1412 1413 1418 
3 1418 1413 1419 
3 1420 1406 1421 
3 1421 1406 1407 
3 1422 1420 1423 
3 1423 1420 1421 
3 1424 1422 1425 
3 1425 1422 1423 
3 1426 1424 1427 
3 1427 1424 1425 
3 1399 1426 1428 
3 1428 1426 1427 
3 1398 1399 1428 
3 1388 450 1429 
3 1429 450 446 
3 1429 446 1430 
3 1430 446 412 
3 1430 412 1431 
3 1431 412 411 
3 1431 411 1432 
3 1432 411 1416 
3 1432 1416 1417 
3 1418 1419 1433 
3 1433 1419 1395 
3 1433 1395 1434 
3 1434 1395 1396 
3 1324 1327 1435 
3 1435 1327 1345 
3 1326 1324 1435 
3 1397 1326 1436 
3 1326 1435 1436 
3 1436 1435 1345 
3 1436 1345 1382 
3 1361 1329 1437 
3 1437 1329 1388 
3 1359 1361 1437 
3 1357 1359 1438 
3 1438 1359 1437 
3 1438 1437 1439 
3 1439 1437 1388 
3 1439 1388 1429 
3 1355 1357 1440 
3 1440 1357 1438 
3 1353 1355 1441 
3 1441 1355 1440 
3 1351 1353 1442 
3 1442 1353 1441 
3 1349 1351 1443 
3 1443 1351 1442 
3 1347 1349 1444 
3 1322 1319 1445 
3 1445 1319 1337 
3 1331 1322 1446 
3 1446 1322 1445 
3 1445 1337 1447 
3 1447 1337 1339 
3 1446 1445 1448 
3 1448 1445 1447 
3 1440 1438 1449 
3 1449 1438 1439 
3 1441 1440 1450 
3 1450 1440 1449 
3 1442 1441 1451 
3 1451 1441 1450 
3 1443 1442 1452 
3 1452 1442 1451 
3 1449 1439 1453 
3 1453 1439 1429 
3 1453 1429 1430 
3 1450 1449 1454 
3 1454 1449 1453 
3 1451 1450 1455 
3 1455 1450 1454 
3 1452 1451 1456 
3 1456 1451 1455 
3 1390 1343 1457 
3 1457 1343 1362 
3 1457 1362 1458 
3 1458 1362 1364 
3 1392 1390 1459 
3 1459 1390 1457 
3 1394 1392 1460 
3 1460 1392 1459 
3 1458 1364 1461 
3 1461 1364 1366 
3 1454 1453 1462 
3 1462 1453 1430 
3 1462 1430 1431 
3 1462 1431 1463 
3 1463 1431 1432 
3 1455 1454 1464 
3 1464 1454 1462 
3 1464 1462 1465 
3 1465 1462 1463 
3 1456 1455 1466 
3 1466 1455 1464 
3 1466 1464 1467 
3 1467 1464 1465 
3 1463 1432 1468 
3 1468 1432 1417 
3 1465 1463 1469 
3 1469 1463 1468 
3 1467 1465 1469 
3 1459 1457 1470 
3 1470 1457 1458 
3 1460 1459 1471 
3 1471 1459 1470 
3 1470 1458 1472 
3 1472 1458 1461 
3 1471 1470 1473 
3 1473 1470 1472 
3 1333 1331 1474 
3 1474 1331 1446 
3 1474 1446 1475 
3 1475 1446 1448 
3 1335 1333 1476 
3 1476 1333 1474 
3 1401 1335 1476 
3 1476 1474 1477 
3 1477 1474 1475 
3 1401 1476 1478 
3 1478 1476 1477 
3 1403 1401 1478 
3 1405 1403 1479 
3 1479 1403 1478 
3 1407 1405 1480 
3 1480 1405 1479 
3 1396 1394 1481 
3 1481 1394 1460 
3 1481 1460 1471 
3 1434 1396 1482 
3 1482 1396 1481 
3 1447 1339 1483 
3 1483 1339 1347 
3 1444 1349 1443 
3 1444 1443 1484 
3 1484 1443 1452 
3 1484 1452 1485 
3 1485 1452 1456 
3 1485 1456 1486 
3 1486 1456 1466 
3 1486 1466 1487 
3 1487 1466 1467 
3 1448 1447 1488 
3 1488 1447 1483 
3 1488 1483 1489 
3 1489 1444 1484 
3 1489 1484 1485 
3 1475 1448 1490 
3 1490 1448 1488 
3 1490 1488 1491 
3 1491 1488 1489 
3 1491 1489 1485 
3 1491 1485 1486 
3 1491 1486 1492 
3 1493 1486 1487 
3 1490 1491 1492 
3 1492 1486 1493 
3 1475 1490 1494 
3 1494 1490 1492 
3 1477 1475 1494 
3 1478 1477 1495 
3 1495 1477 1494 
3 1479 1478 1496 
3 1496 1478 1495 
3 1495 1494 1497 
3 1497 1494 1492 
3 1497 1492 1493 
3 1480 1479 1498 
3 1498 1479 1496 
3 1481 1471 1499 
3 1499 1471 1473 
3 1482 1481 1499 
3 1487 1467 1500 
3 1500 1467 1469 
3 1493 1487 1501 
3 1501 1487 1500 
3 1497 1493 1502 
3 1502 1493 1501 
3 1461 1366 1503 
3 1503 1366 1368 
3 1472 1461 1504 
3 1504 1461 1503 
3 1473 1472 1505 
3 1505 1472 1504 
3 1499 1473 1506 
3 1506 1473 1505 
3 1436 1382 1507 
3 1507 1382 1384 
3 1397 1436 1507 
3 1380 1397 1507 
3 1378 1380 1508 
3 1508 1380 1507 
3 1508 1507 1509 
3 1509 1507 1384 
3 1509 1384 1386 
3 1376 1378 1510 
3 1510 1378 1508 
3 1374 1376 1511 
3 1511 1376 1510 
3 1372 1374 1512 
3 1512 1374 1511 
3 1370 1372 1513 
3 1513 1372 1512 
3 1368 1370 1514 
3 1514 1370 1513 
3 1503 1368 1514 
3 1510 1508 1515 
3 1515 1508 1509 
3 1515 1509 1516 
3 1516 1509 1386 
3 1516 1386 1398 
3 1511 1510 1517 
3 1517 1510 1515 
3 1512 1511 1518 
3 1518 1511 1517 
3 1513 1512 1519 
3 1519 1512 1518 
3 1514 1513 1519 
3 1517 1515 1520 
3 1520 1515 1516 
3 1520 1516 1521 
3 1521 1516 1398 
3 1521 1398 1522 
3 1522 1398 1428 
3 1518 1517 1523 
3 1523 1517 1520 
3 1523 1520 1524 
3 1524 1520 1521 
3 1524 1521 1522 
3 1519 1518 1525 
3 1525 1518 1523 
3 1525 1523 1526 
3 1526 1523 1524 
3 1503 1514 1527 
3 1527 1514 1519 
3 1504 1503 1527 
3 1527 1519 1525 
3 1527 1525 1528 
3 1528 1525 1526 
3 1504 1527 1529 
3 1529 1527 1528 
3 1505 1504 1529 
3 1506 1505 1530 
3 1530 1505 1529 
3 1530 1529 1531 
3 1531 1529 1528 
3 1526 1524 1532 
3 1532 1524 1522 
3 1528 1526 1533 
3 1533 1526 1532 
3 1531 1528 1533 
3 1532 1522 1534 
3 1534 1522 1428 
3 1534 1428 1427 
3 1534 1427 1535 
3 1535 1427 1425 
3 1535 1425 1536 
3 1536 1425 1423 
3 1536 1423 1537 
3 1537 1423 1421 
3 1533 1532 1538 
3 1538 1532 1534 
3 1538 1534 1535 
3 1531 1533 1539 
3 1539 1533 1538 
3 1530 1531 1540 
3 1540 1531 1539 
3 1539 1538 1541 
3 1541 1538 1535 
3 1541 1535 1542 
3 1542 1535 1536 
3 1542 1536 1537 
3 1506 1530 1543 
3 1543 1530 1540 
3 1499 1506 1544 
3 1544 1506 1543 
3 1482 1499 1544 
3 1537 1421 1545 
3 1545 1421 1407 
3 1545 1407 1480 
3 1540 1539 1546 
3 1546 1539 1541 
3 1543 1540 1547 
3 1547 1540 1546 
3 1544 1543 1548 
3 1548 1543 1547 
3 1482 1544 1549 
3 1549 1544 1548 
3 1434 1482 1550 
3 1550 1482 1549 
3 1433 1434 1550 
3 1546 1541 1551 
3 1551 1541 1542 
3 1551 1542 1552 
3 1552 1542 1537 
3 1552 1537 1545 
3 1547 1546 1553 
3 1553 1546 1551 
3 1548 1547 1554 
3 1554 1547 1553 
3 1549 1548 1555 
3 1555 1548 1554 
3 1545 1480 1556 
3 1556 1480 1498 
3 1552 1545 1556 
3 1551 1552 1557 
3 1557 1552 1556 
3 1553 1551 1557 
3 1554 1553 1558 
3 1558 1553 1557 
3 1555 1554 1559 
3 1559 1554 1558 
3 1558 1557 1560 
3 1560 1557 1556 
3 1559 1558 1561 
3 1561 1558 1560 
3 1560 1556 1562 
3 1562 1556 1498 
3 1561 1560 1563 
3 1563 1560 1562 
3 1562 1498 1564 
3 1564 1498 1496 
3 1565 1496 1495 
3 1565 1495 1497 
3 1565 1497 1502 
3 1563 1562 1566 
3 1566 1562 1564 
3 1566 1564 1567 
3 1567 1565 1502 
3 1567 1502 1568 
3 1568 1502 1501 
3 1568 1501 1569 
3 1569 1501 1500 
3 1569 1500 1570 
3 1570 1500 1469 
3 1570 1469 1468 
3 1570 1468 1571 
3 1571 1468 1417 
3 1571 1417 1572 
3 1572 1417 1415 
3 1572 1415 1573 
3 1573 1415 1410 
3 1573 1410 1574 
3 1574 1410 1412 
3 1574 1412 1418 
3 1566 1567 1575 
3 1575 1567 1568 
3 1575 1568 1576 
3 1576 1568 1569 
3 1576 1569 1577 
3 1577 1569 1570 
3 1577 1570 1571 
3 1577 1571 1578 
3 1578 1571 1572 
3 1578 1572 1579 
3 1579 1572 1573 
3 1579 1573 1580 
3 1580 1573 1574 
3 1580 1574 1581 
3 1581 1574 1418 
3 1581 1418 1433 
3 1581 1433 1550 
3 1582 1550 1549 
3 1582 1549 1555 
3 1582 1555 1583 
3 1583 1555 1559 
3 1583 1559 1561 
3 1583 1561 1584 
3 1584 1561 1563 
3 1585 1563 1566 
3 1585 1566 1575 
3 1576 1577 1586 
3 1586 1577 1578 
3 1575 1576 1586 
3 1585 1575 1586 
3 1586 1578 1579 
3 1585 1586 1579 
3 1584 1579 1580 
3 1583 1584 1580 
3 1582 1583 1580 
3 1580 1581 1582 
3 1582 1581 1550 
3 1489 1483 1444 
3 1347 1444 1483 
3 1567 1564 1565 
3 1496 1565 1564 
3 1563 1585 1584 
3 1579 1584 1585 
3 1587 1588 1589 
3 1590 1591 1592 
3 1590 1592 1593 
3 1594 1590 1593 
3 1594 1593 1595 
3 1596 1594 1595 
3 1596 1595 1597 
3 1597 1595 1598 
3 1599 1596 1597 
3 1600 1599 1601 
3 1601 1599 1597 
3 1587 1589 1602 
3 1602 1589 1603 
3 1604 1587 1602 
3 1605 1604 1606 
3 1606 1604 1602 
3 1606 1602 1607 
3 1607 1602 1603 
3 1607 1603 1608 
3 1607 1608 1609 
3 1609 1608 1610 
3 1609 1610 1611 
3 1611 1610 1612 
3 1611 1612 1613 
3 1613 1612 1614 
3 1613 1614 1615 
3 1615 1614 1616 
3 1617 1618 1619 
3 1619 1618 1620 
3 1621 1600 1622 
3 1622 1600 1601 
3 1623 1621 1624 
3 1624 1621 1622 
3 1625 1623 1626 
3 1626 1623 1624 
3 1601 1597 1598 
3 1601 1598 1627 
3 1601 1627 1628 
3 1622 1601 1628 
3 1624 1622 1629 
3 1629 1622 1628 
3 1629 1628 1630 
3 1629 1630 1631 
3 1631 1630 1632 
3 1631 1632 1633 
3 1633 1632 1634 
3 1633 1634 1635 
3 1635 1634 1636 
3 1635 1636 1637 
3 1637 1636 1638 
3 1637 1638 1639 
3 1639 1638 1617 
3 1639 1617 1619 
3 1619 1620 1640 
3 1640 1620 1641 
3 1640 1641 1642 
3 1642 1641 1643 
3 1644 1643 1645 
3 1645 1643 1646 
3 1645 1646 1647 
3 1647 1646 1648 
3 1649 1605 1650 
3 1650 1605 1606 
3 1651 1649 1652 
3 1652 1649 1650 
3 1653 1651 1652 
3 1654 1653 1655 
3 1655 1653 1652 
3 1615 1616 1656 
3 1656 1616 1657 
3 1656 1657 1658 
3 1658 1657 1659 
3 1658 1659 1660 
3 1660 1659 1661 
3 1660 1661 1662 
3 1662 1661 1663 
3 1662 1663 1664 
3 1664 1663 1665 
3 1664 1665 1666 
3 1666 1665 1667 
3 1666 1667 1668 
3 1668 1667 1669 
3 1670 1625 1671 
3 1671 1625 1626 
3 1672 1670 1637 
3 1672 1637 1639 
3 1673 1672 1639 
3 1673 1639 1619 
3 1674 1673 1619 
3 1674 1619 1640 
3 1675 1674 1640 
3 1675 1640 1642 
3 1644 1675 1642 
3 1644 1642 1643 
3 1676 1644 1645 
3 1676 1645 1647 
3 1677 1676 1647 
3 1668 1669 1678 
3 1678 1669 1679 
3 1678 1679 1680 
3 1680 1679 1681 
3 1680 1681 1682 
3 1677 1647 1648 
3 1683 1677 1648 
3 1683 1648 1684 
3 1685 1683 1684 
3 1685 1684 1686 
3 1685 1686 1687 
3 1687 1686 1688 
3 1689 1685 1687 
3 1690 1689 1691 
3 1691 1689 1687 
3 1692 1690 1693 
3 1693 1690 1691 
3 1691 1687 1694 
3 1694 1687 1688 
3 1694 1688 1695 
3 1696 1692 1697 
3 1697 1692 1693 
3 1698 1696 1699 
3 1699 1696 1697 
3 1700 1698 1701 
3 1701 1698 1699 
3 1702 1700 1703 
3 1703 1700 1701 
3 1704 1702 1705 
3 1705 1702 1703 
3 1706 1704 1707 
3 1707 1704 1705 
3 1708 1706 1709 
3 1709 1706 1707 
3 1710 1708 1711 
3 1711 1708 1709 
3 1712 1710 1713 
3 1713 1710 1711 
3 1714 1712 1715 
3 1715 1712 1713 
3 1682 1714 1716 
3 1716 1714 1715 
3 1680 1682 1717 
3 1717 1682 1716 
3 1694 1695 1718 
3 1718 1695 1719 
3 1718 1719 1720 
3 1720 1719 1721 
3 1720 1721 1722 
3 1722 1721 1723 
3 1722 1723 1724 
3 1724 1723 1725 
3 1724 1725 1726 
3 1726 1725 1727 
3 1726 1727 1728 
3 1728 1727 1729 
3 1728 1729 1730 
3 1730 1729 1731 
3 1730 1731 1732 
3 1732 1731 1733 
3 1732 1733 1734 
3 1734 1733 1735 
3 1734 1735 1736 
3 1736 1735 1737 
3 1736 1737 1738 
3 1738 1737 1739 
3 1738 1739 1740 
3 1740 1739 1741 
3 1740 1741 1742 
3 1742 1741 1743 
3 1742 1743 1744 
3 1744 1743 1745 
3 1744 1745 1746 
3 1746 1745 1747 
3 1746 1747 1748 
3 1748 1747 1749 
3 1748 1749 1750 
3 1750 1749 1751 
3 1750 1751 1752 
3 1752 1751 1753 
3 1754 1654 1755 
3 1755 1654 1655 
3 1756 1754 1757 
3 1757 1754 1755 
3 1758 1756 1759 
3 1759 1756 1757 
3 1753 1758 1760 
3 1760 1758 1759 
3 1637 1670 1671 
3 1752 1753 1760 
3 1635 1637 1671 
3 1691 1694 1693 
3 1624 1629 1631 
3 1693 1694 1718 
3 1626 1624 1631 
3 1697 1693 1718 
3 1626 1631 1633 
3 1697 1718 1720 
3 1626 1633 1671 
3 1671 1633 1635 
3 1699 1697 1720 
3 1699 1720 1722 
3 1701 1699 1722 
3 1701 1722 1724 
3 1703 1701 1724 
3 1703 1724 1726 
3 1705 1703 1726 
3 1705 1726 1728 
3 1707 1705 1728 
3 1707 1728 1730 
3 1709 1707 1730 
3 1709 1730 1732 
3 1711 1709 1732 
3 1713 1711 1734 
3 1711 1732 1734 
3 1713 1734 1736 
3 1715 1713 1736 
3 1716 1715 1736 
3 1716 1736 1738 
3 1717 1716 1738 
3 1717 1738 1740 
3 1680 1717 1740 
3 1680 1740 1742 
3 1678 1680 1742 
3 1678 1742 1744 
3 1668 1678 1744 
3 1668 1744 1746 
3 1666 1668 1746 
3 1666 1746 1748 
3 1664 1666 1748 
3 1664 1748 1750 
3 1662 1664 1750 
3 1662 1750 1752 
3 1660 1662 1752 
3 1658 1660 1752 
3 1658 1752 1760 
3 1656 1658 1760 
3 1656 1760 1759 
3 1656 1759 1757 
3 1615 1656 1757 
3 1615 1757 1755 
3 1613 1615 1755 
3 1611 1613 1761 
3 1761 1613 1755 
3 1761 1755 1655 
3 1650 1606 1762 
3 1762 1606 1607 
3 1762 1607 1609 
3 1761 1655 1763 
3 1763 1655 1652 
3 1763 1652 1650 
3 1763 1650 1762 
3 1611 1761 1763 
3 1611 1763 1609 
3 1609 1763 1762 
3 1764 1765 1766 
3 1767 1768 1769 
3 489 1767 1769 
3 1770 1767 489 
3 1770 489 488 
3 1771 1770 488 
3 1771 488 507 
3 1772 1771 507 
3 1772 507 597 
3 1773 1772 597 
3 1773 597 595 
3 1774 1773 595 
3 1774 595 593 
3 1775 1774 593 
3 1775 593 591 
3 1776 1775 591 
3 1776 591 589 
3 1777 1776 589 
3 1777 589 587 
3 1778 1777 587 
3 1778 587 585 
3 1779 1778 585 
3 1779 585 583 
3 1780 1779 583 
3 1780 583 581 
3 1781 1780 581 
3 1781 581 580 
3 1782 1781 580 
3 1782 580 578 
3 1783 1782 578 
3 1783 578 576 
3 1784 1783 576 
3 1784 576 574 
3 1785 1784 574 
3 1785 574 573 
3 1599 1785 573 
3 1599 573 1786 
3 1786 573 1787 
3 1596 1599 1786 
3 1764 1766 1788 
3 1788 1766 1789 
3 1790 1764 1788 
3 1786 1787 1791 
3 1791 1787 1792 
3 1596 1786 1791 
3 1594 1596 1791 
3 1788 1789 1793 
3 1793 1789 1794 
3 1793 1794 1795 
3 1795 1794 1796 
3 1594 1791 1797 
3 1590 1594 1797 
3 1797 1791 1792 
3 1797 1792 1798 
3 1591 1590 1799 
3 1799 1590 1797 
3 1800 1591 1801 
3 1801 1591 1799 
3 1802 1800 1803 
3 1803 1800 1801 
3 1796 1802 1804 
3 1804 1802 1803 
3 1795 1796 1804 
3 1799 1797 1798 
3 1799 1798 1805 
3 1801 1799 1805 
3 1801 1805 1806 
3 1803 1801 1806 
3 1803 1806 1807 
3 1804 1803 1807 
3 1804 1807 1808 
3 1795 1804 1808 
3 1795 1808 1809 
3 1793 1795 1809 
3 1809 1790 1793 
3 1793 1790 1788 
3 902 108 105 
3 10 6 511 
3 12 10 1810 
3 1810 10 511 
3 1810 511 505 
3 904 902 1811 
3 1811 902 105 
3 1811 105 104 
3 906 904 1812 
3 1812 904 1811 
3 1062 906 1813 
3 1813 906 1812 
3 14 12 1814 
3 1814 12 1810 
3 15 14 1815 
3 1815 14 1814 
3 17 15 1816 
3 1816 15 1815 
3 19 17 1817 
3 1817 17 1816 
3 21 19 1818 
3 1818 19 1817 
3 23 21 1819 
3 1819 21 1818 
3 26 23 1820 
3 1820 23 1819 
3 28 26 1820 
3 1060 1062 1821 
3 1821 1062 1813 
3 1058 1060 1822 
3 1822 1060 1821 
3 1056 1058 1823 
3 1823 1058 1822 
3 1054 1056 1824 
3 1824 1056 1823 
3 1052 1054 1825 
3 1825 1054 1824 
3 1050 1052 1826 
3 1826 1052 1825 
3 1048 1050 1827 
3 1827 1050 1826 
3 1044 1048 1828 
3 1828 1048 1827 
3 1045 1044 1829 
3 1829 1044 1828 
3 1812 1811 104 
3 1812 104 98 
3 1813 1812 1830 
3 1830 1812 98 
3 1830 98 96 
3 1830 96 1831 
3 1831 96 95 
3 1831 95 1832 
3 1832 95 94 
3 1832 94 1833 
3 1833 94 82 
3 1833 82 1834 
3 1834 82 71 
3 1834 71 1835 
3 1835 71 70 
3 1835 70 1836 
3 1836 70 69 
3 1836 69 1837 
3 1837 69 68 
3 1837 68 1838 
3 1838 68 51 
3 1838 51 1839 
3 1839 51 44 
3 1839 44 1840 
3 1840 44 42 
3 1840 42 1841 
3 1841 42 40 
3 1841 40 1842 
3 1842 40 38 
3 1842 38 1843 
3 1843 38 36 
3 1843 36 1844 
3 1844 36 34 
3 1844 34 1845 
3 1845 34 31 
3 1845 31 1846 
3 1846 31 29 
3 1846 29 1847 
3 1847 29 28 
3 1847 28 1848 
3 1848 28 1820 
3 1814 1810 505 
3 1814 505 503 
3 1815 1814 1849 
3 1849 1814 503 
3 1849 503 861 
3 1849 861 1850 
3 1850 861 863 
3 1850 863 1851 
3 1851 863 1066 
3 1851 1066 1852 
3 1852 1066 1068 
3 1852 1068 1853 
3 1853 1068 1070 
3 1853 1070 1854 
3 1854 1070 1074 
3 1854 1074 1855 
3 1855 1074 1077 
3 1855 1077 1856 
3 1856 1077 1079 
3 1856 1079 1857 
3 1857 1079 1081 
3 1857 1081 1858 
3 1858 1081 1083 
3 1858 1083 1859 
3 1859 1083 1085 
3 1859 1085 1860 
3 1860 1085 1087 
3 1860 1087 1861 
3 1861 1087 1047 
3 1861 1047 1045 
3 1861 1045 1862 
3 1862 1045 1829 
3 1821 1813 1830 
3 1821 1830 1831 
3 1822 1821 1863 
3 1863 1821 1831 
3 1863 1831 1832 
3 1863 1832 1864 
3 1864 1832 1833 
3 1864 1833 1865 
3 1865 1833 1834 
3 1865 1834 1866 
3 1866 1834 1835 
3 1866 1835 1867 
3 1867 1835 1836 
3 1867 1836 1868 
3 1868 1836 1837 
3 1815 1849 1869 
3 1869 1849 1850 
3 1816 1815 1869 
3 1823 1822 1870 
3 1870 1822 1863 
3 1870 1863 1864 
3 1870 1864 1865 
3 1824 1823 1871 
3 1871 1823 1870 
3 1871 1870 1865 
3 1871 1865 1866 
3 1825 1824 1872 
3 1872 1824 1871 
3 1872 1871 1866 
3 1872 1866 1867 
3 1872 1867 1873 
3 1873 1867 1868 
3 1825 1872 1873 
3 1826 1825 1873 
3 1817 1816 1874 
3 1874 1816 1869 
3 1874 1869 1850 
3 1874 1850 1851 
3 1818 1817 1875 
3 1875 1817 1874 
3 1875 1874 1851 
3 1875 1851 1852 
3 1875 1852 1876 
3 1876 1852 1853 
3 1827 1826 1877 
3 1877 1826 1873 
3 1877 1873 1868 
3 1877 1868 1878 
3 1878 1868 1837 
3 1878 1837 1838 
3 1827 1877 1879 
3 1879 1877 1878 
3 1828 1827 1879 
3 1879 1878 1880 
3 1880 1878 1838 
3 1880 1838 1839 
3 1828 1879 1881 
3 1881 1879 1880 
3 1829 1828 1881 
3 1881 1880 1882 
3 1882 1880 1839 
3 1882 1839 1840 
3 1829 1881 1882 
3 1862 1829 1882 
3 1862 1882 1883 
3 1883 1882 1840 
3 1883 1840 1841 
3 1861 1862 1884 
3 1884 1862 1883 
3 1884 1883 1841 
3 1884 1841 1842 
3 1861 1884 1885 
3 1885 1884 1842 
3 1860 1861 1885 
3 1885 1842 1843 
3 1860 1885 1843 
3 1859 1860 1843 
3 1859 1843 1844 
3 1858 1859 1844 
3 1858 1844 1845 
3 1858 1845 1846 
3 1857 1858 1846 
3 1857 1846 1847 
3 1856 1857 1847 
3 1856 1847 1848 
3 1855 1856 1886 
3 1886 1856 1848 
3 1854 1855 1887 
3 1887 1855 1886 
3 1853 1854 1887 
3 1876 1853 1887 
3 1887 1886 1888 
3 1888 1886 1848 
3 1876 1887 1888 
3 1888 1848 1820 
3 1888 1820 1819 
3 1888 1819 1889 
3 1889 1819 1818 
3 1889 1818 1875 
3 1875 1876 1889 
3 1889 1876 1888 
3 1890 1891 1892 
3 1893 990 988 
3 1894 1890 1892 
3 1894 1892 1895 
3 1896 1894 1895 
3 1896 1895 1897 
3 921 1318 1317 
3 1898 1896 1897 
3 1898 1897 1899 
3 1900 1898 1899 
3 1901 1898 1900 
3 1902 1901 1900 
3 1903 1901 1902 
3 1903 1902 1904 
3 1905 1903 1904 
3 1905 1904 1906 
3 1907 1905 1906 
3 1907 1906 1908 
3 1909 1907 1908 
3 1909 1908 1910 
3 1911 1909 1910 
3 1911 1910 1912 
3 1913 1911 1912 
3 1914 1913 1915 
3 1915 1913 1912 
3 1916 1914 1915 
3 1916 1915 1917 
3 1918 1916 1919 
3 1919 1916 1917 
3 1919 1917 1920 
3 1893 988 1921 
3 1921 988 986 
3 1922 1893 1921 
3 1918 1919 1923 
3 1923 1919 1920 
3 1924 1918 1923 
3 1923 1920 1925 
3 923 921 1926 
3 1926 921 1317 
3 1926 1317 1321 
3 1926 1321 1927 
3 1927 1321 1330 
3 1927 1330 1928 
3 1928 1330 1332 
3 1928 1332 1929 
3 1929 1332 1334 
3 1929 1334 1930 
3 1930 1334 1931 
3 1930 1931 1932 
3 1932 1931 1933 
3 1932 1933 1934 
3 1934 1933 1935 
3 944 923 1936 
3 1936 923 1926 
3 968 944 1937 
3 1937 944 1936 
3 972 968 1938 
3 1938 968 1937 
3 1934 1935 1939 
3 1939 1935 1940 
3 1923 1925 1941 
3 1941 1925 1942 
3 974 972 1943 
3 1943 972 1938 
3 976 974 1944 
3 1944 974 1943 
3 1921 986 1945 
3 1945 986 984 
3 1945 984 1946 
3 1946 984 982 
3 1946 982 1947 
3 1947 982 980 
3 1947 980 1948 
3 1948 980 978 
3 1924 1923 1941 
3 1949 1924 1941 
3 1948 978 1950 
3 1950 978 976 
3 1950 976 1944 
3 1949 1941 1951 
3 1952 1949 1951 
3 1953 1952 1954 
3 1954 1952 1951 
3 1939 1940 1955 
3 1955 1940 1956 
3 1922 1921 1945 
3 1957 1922 1945 
3 1957 1945 1958 
3 1958 1945 1946 
3 1959 1957 1958 
3 1960 1959 1961 
3 1961 1959 1958 
3 1962 1960 1963 
3 1963 1960 1961 
3 1964 1962 1965 
3 1965 1962 1963 
3 1966 1964 1967 
3 1967 1964 1965 
3 1942 1966 1968 
3 1968 1966 1967 
3 1951 1941 1942 
3 1951 1942 1968 
3 1954 1951 1968 
3 1954 1968 1967 
3 1953 1954 1969 
3 1956 1953 1969 
3 1955 1956 1970 
3 1970 1956 1969 
3 1969 1954 1967 
3 1969 1967 1965 
3 1936 1926 1927 
3 1970 1969 1971 
3 1971 1969 1965 
3 1971 1965 1963 
3 1936 1927 1972 
3 1972 1927 1928 
3 1937 1936 1972 
3 1972 1928 1973 
3 1973 1928 1929 
3 1937 1972 1974 
3 1974 1972 1973 
3 1938 1937 1974 
3 1973 1929 1975 
3 1975 1929 1930 
3 1975 1930 1932 
3 1974 1973 1976 
3 1976 1973 1975 
3 1938 1974 1977 
3 1977 1974 1976 
3 1943 1938 1977 
3 1958 1946 1978 
3 1978 1946 1947 
3 1961 1958 1978 
3 1975 1932 1979 
3 1979 1932 1934 
3 1976 1975 1979 
3 1979 1934 1980 
3 1980 1934 1939 
3 1977 1976 1981 
3 1981 1976 1979 
3 1943 1977 1981 
3 1944 1943 1981 
3 1981 1979 1982 
3 1982 1979 1980 
3 1944 1981 1982 
3 1950 1944 1982 
3 1980 1939 1983 
3 1983 1939 1955 
3 1982 1980 1984 
3 1984 1980 1983 
3 1950 1982 1984 
3 1948 1950 1985 
3 1985 1950 1984 
3 1985 1984 1983 
3 1947 1948 1986 
3 1986 1948 1985 
3 1978 1947 1986 
3 1961 1978 1987 
3 1987 1978 1986 
3 1963 1961 1987 
3 1971 1963 1987 
3 1955 1970 1988 
3 1988 1970 1971 
3 1983 1955 1988 
3 1985 1983 1988 
3 1986 1985 1988 
3 1986 1988 1987 
3 1987 1988 1971 
3 1344 1342 1989 
3 1990 1991 1325 
3 1990 1325 1381 
3 1344 1989 1992 
3 1363 1344 1992 
3 1363 1992 1993 
3 1365 1363 1993 
3 1365 1993 1994 
3 1367 1365 1994 
3 1995 1990 1381 
3 1995 1381 1379 
3 1367 1994 1996 
3 1369 1367 1996 
3 1369 1996 1997 
3 1371 1369 1997 
3 1371 1997 1998 
3 1373 1371 1998 
3 1373 1998 1999 
3 1375 1373 1999 
3 1375 1999 2000 
3 1377 1375 2000 
3 1377 2000 2001 
3 1377 2001 1379 
3 1379 2001 1995 
3 2002 2003 2004 
3 2005 1310 1309 
3 2006 2007 2008 
3 2002 2004 2009 
3 2009 2004 2010 
3 2011 2002 2009 
3 142 146 2012 
3 2012 146 2013 
3 2005 1309 2014 
3 2014 1309 1314 
3 2015 2005 2014 
3 2016 2015 2017 
3 2017 2015 2014 
3 2018 2016 2017 
3 2012 2013 2019 
3 2019 2013 2020 
3 143 142 2021 
3 2021 142 2012 
3 2022 143 2023 
3 2023 143 2021 
3 2024 2022 2025 
3 2025 2022 2023 
3 2026 2024 2027 
3 2027 2024 2025 
3 2028 2026 2029 
3 2029 2026 2027 
3 2017 2014 2030 
3 2030 2014 1314 
3 2030 1314 1323 
3 2030 1323 2031 
3 2031 1323 1991 
3 2009 2010 2032 
3 2032 2010 2033 
3 2006 2008 2034 
3 2034 2008 2035 
3 2036 2006 2034 
3 2037 2036 2038 
3 2038 2036 2034 
3 2039 2037 2040 
3 2040 2037 2038 
3 2041 2039 2042 
3 2042 2039 2040 
3 2043 2028 2044 
3 2044 2028 2029 
3 2045 2043 2046 
3 2046 2043 2044 
3 2047 2045 2048 
3 2048 2045 2046 
3 2049 2047 2050 
3 2050 2047 2048 
3 2035 2049 2051 
3 2051 2049 2050 
3 2034 2035 2051 
3 2018 2017 2052 
3 2053 2018 2052 
3 2032 2033 2054 
3 2054 2033 2055 
3 2055 2041 2056 
3 2056 2041 2042 
3 2054 2055 2056 
3 2020 2053 2057 
3 2019 2020 2057 
3 2058 2053 2052 
3 2059 2060 2061 
3 2061 2060 2062 
3 2063 2059 2064 
3 2064 2059 2061 
3 2065 2063 2066 
3 2066 2063 2064 
3 2067 2065 2068 
3 2068 2065 2066 
3 2069 2067 2070 
3 2070 2067 2068 
3 1989 2069 2070 
3 2071 1989 2070 
3 1992 1989 2071 
3 2061 2062 2072 
3 2072 2062 2073 
3 2072 2073 2074 
3 2074 2073 1411 
3 2074 1411 2075 
3 2075 1411 1409 
3 2075 1409 2076 
3 2076 1409 2077 
3 2076 2077 2078 
3 2031 1991 2079 
3 2079 1991 1990 
3 2079 1990 2080 
3 2080 1990 1995 
3 2080 1995 2081 
3 2081 1995 2001 
3 2081 2001 2082 
3 2082 2001 2000 
3 2082 2000 2083 
3 2083 2000 1999 
3 2083 1999 2084 
3 2084 1999 1998 
3 2084 1998 2085 
3 2085 1998 1997 
3 2085 1997 2086 
3 2086 1997 1996 
3 2086 1996 2087 
3 2087 1996 1994 
3 2087 1994 2088 
3 2088 1994 1993 
3 2088 1993 2089 
3 2089 1993 1992 
3 2089 1992 2071 
3 2076 2078 2090 
3 2090 2078 2091 
3 2091 2078 2092 
3 2091 2092 2093 
3 2093 2092 2011 
3 2011 2009 2094 
3 2093 2011 2094 
3 2052 2017 2030 
3 2052 2030 2031 
3 2093 2094 2095 
3 2052 2031 2058 
3 2058 2031 2079 
3 2057 2053 2058 
3 2038 2034 2096 
3 2096 2034 2051 
3 2021 2012 2097 
3 2097 2012 2019 
3 2057 2058 2098 
3 2098 2058 2079 
3 2098 2079 2080 
3 2019 2057 2099 
3 2099 2057 2098 
3 2097 2019 2099 
3 2098 2080 2100 
3 2100 2080 2081 
3 2099 2098 2100 
3 2097 2099 2101 
3 2101 2099 2100 
3 2100 2081 2102 
3 2102 2081 2082 
3 2101 2100 2102 
3 2075 2076 2103 
3 2103 2076 2090 
3 2104 2075 2103 
3 2023 2021 2105 
3 2105 2021 2097 
3 2105 2097 2101 
3 2105 2101 2106 
3 2106 2101 2102 
3 2106 2102 2107 
3 2102 2082 2107 
3 2025 2023 2108 
3 2108 2023 2105 
3 2108 2105 2106 
3 2108 2106 2109 
3 2109 2106 2107 
3 2109 2107 2110 
3 2110 2083 2084 
3 2027 2025 2111 
3 2111 2025 2108 
3 2111 2108 2109 
3 2111 2109 2112 
3 2112 2109 2110 
3 2029 2027 2113 
3 2113 2027 2111 
3 2113 2111 2112 
3 2040 2038 2114 
3 2114 2038 2096 
3 2042 2040 2115 
3 2115 2040 2114 
3 2044 2029 2116 
3 2116 2029 2113 
3 2116 2113 2117 
3 2117 2113 2112 
3 2117 2112 2118 
3 2118 2112 2110 
3 2118 2110 2084 
3 2118 2084 2085 
3 2117 2118 2119 
3 2119 2118 2085 
3 2119 2085 2120 
3 2120 2085 2086 
3 2116 2117 2121 
3 2121 2117 2119 
3 2121 2119 2122 
3 2122 2119 2120 
3 2044 2116 2123 
3 2123 2116 2121 
3 2046 2044 2123 
3 2048 2046 2124 
3 2124 2046 2123 
3 2050 2048 2125 
3 2125 2048 2124 
3 2051 2050 2126 
3 2126 2050 2125 
3 2096 2051 2126 
3 2114 2096 2127 
3 2127 2096 2126 
3 2115 2114 2128 
3 2128 2114 2127 
3 2123 2121 2129 
3 2129 2121 2122 
3 2124 2123 2129 
3 2056 2042 2130 
3 2130 2042 2115 
3 2130 2115 2131 
3 2131 2115 2128 
3 2120 2086 2132 
3 2132 2086 2087 
3 2122 2120 2132 
3 2129 2122 2133 
3 2133 2122 2132 
3 2124 2129 2134 
3 2134 2129 2133 
3 2125 2124 2135 
3 2071 2070 2136 
3 2136 2070 2068 
3 2136 2068 2137 
3 2137 2068 2066 
3 2137 2066 2138 
3 2138 2066 2064 
3 2138 2064 2139 
3 2139 2064 2061 
3 2139 2061 2072 
3 2139 2072 2140 
3 2140 2072 2074 
3 2141 2104 2142 
3 2142 2104 2103 
3 2138 2139 2143 
3 2143 2139 2140 
3 2137 2138 2144 
3 2144 2138 2143 
3 2136 2137 2145 
3 2145 2137 2144 
3 2071 2136 2146 
3 2146 2136 2145 
3 2089 2071 2146 
3 2088 2089 2147 
3 2147 2089 2146 
3 2087 2088 2147 
3 2132 2087 2148 
3 2148 2087 2147 
3 2133 2132 2148 
3 2148 2147 2149 
3 2149 2147 2146 
3 2149 2146 2145 
3 2133 2148 2150 
3 2150 2148 2149 
3 2134 2133 2150 
3 2150 2149 2151 
3 2151 2149 2145 
3 2151 2145 2152 
3 2152 2145 2144 
3 2134 2150 2153 
3 2153 2150 2151 
3 2124 2134 2135 
3 2135 2134 2153 
3 2126 2125 2154 
3 2154 2125 2135 
3 2127 2126 2154 
3 2128 2127 2155 
3 2155 2127 2154 
3 2131 2128 2156 
3 2156 2128 2155 
3 2155 2154 2157 
3 2157 2154 2135 
3 2156 2155 2158 
3 2157 2135 2153 
3 2153 2151 2159 
3 2159 2151 2152 
3 2157 2153 2160 
3 2160 2153 2159 
3 2155 2157 2158 
3 2158 2157 2160 
3 2131 2156 2161 
3 2161 2156 2158 
3 2130 2131 2162 
3 2162 2131 2161 
3 2159 2152 2163 
3 2164 2152 2144 
3 2164 2144 2143 
3 2164 2143 2165 
3 2165 2143 2141 
3 2165 2141 2166 
3 2166 2141 2142 
3 2056 2130 2167 
3 2167 2130 2162 
3 2054 2056 2167 
3 2094 2168 2095 
3 2095 2168 2169 
3 2091 2093 2170 
3 2170 2093 2095 
3 2090 2091 2171 
3 2171 2091 2170 
3 2103 2090 2172 
3 2172 2090 2171 
3 2142 2103 2172 
3 2166 2142 2173 
3 2173 2142 2172 
3 2173 2172 2174 
3 2174 2172 2171 
3 2174 2171 2170 
3 2174 2170 2175 
3 2175 2170 2095 
3 2175 2095 2169 
3 2169 2168 2167 
3 2169 2167 2176 
3 2176 2167 2162 
3 2176 2162 2177 
3 2177 2162 2161 
3 2177 2161 2178 
3 2178 2161 2158 
3 2178 2158 2160 
3 2178 2160 2163 
3 2163 2160 2159 
3 2163 2152 2164 
3 2163 2164 2179 
3 2179 2164 2165 
3 2178 2163 2179 
3 2177 2178 2180 
3 2180 2178 2179 
3 2180 2179 2181 
3 2181 2179 2165 
3 2181 2165 2166 
3 2181 2166 2173 
3 2181 2173 2182 
3 2182 2173 2174 
3 2182 2174 2175 
3 2180 2181 2182 
3 2182 2175 2183 
3 2183 2175 2169 
3 2180 2182 2183 
3 2177 2180 2183 
3 2177 2183 2176 
3 2176 2183 2169 
3 2082 2083 2107 
3 2110 2107 2083 
3 2032 2054 2168 
3 2167 2168 2054 
3 2075 2104 2074 
3 2140 2074 2104 
3 2009 2032 2094 
3 2168 2094 2032 
3 2104 2141 2140 
3 2143 2140 2141 
3 457 400 2184 
3 456 457 2184 
3 456 2184 2185 
3 454 456 2185 
3 454 2185 2186 
3 452 454 2186 
3 452 2186 2187 
3 447 452 2187 
3 447 2187 2188 
3 2189 447 2188 
3 2189 2188 2190 
3 2191 2192 2193 
3 2191 2193 2194 
3 2195 2191 2194 
3 2196 2191 2195 
3 2196 2195 2197 
3 2198 2196 2197 
3 2198 2197 2199 
3 2200 2198 2199 
3 2200 2199 2201 
3 2202 2200 2201 
3 2202 2201 2203 
3 2204 2202 2203 
3 2204 2203 2205 
3 2206 2204 2205 
3 2206 2205 2207 
3 2208 2206 2207 
3 2208 2207 2209 
3 2210 2208 2209 
3 2210 2209 2211 
3 2212 2210 2211 
3 2212 2211 2213 
3 2214 2212 2213 
3 2214 2213 2215 
3 2216 2214 2215 
3 2216 2215 2217 
3 2218 2216 2217 
3 2218 2217 2219 
3 2220 2218 2219 
3 2221 2220 2219 
3 2221 2219 2222 
3 2223 2221 2222 
3 2223 2222 2224 
3 2225 2189 2190 
3 2225 2190 2226 
3 2225 2226 2227 
3 2227 2226 2228 
3 2229 2225 2227 
3 2230 2229 2227 
3 2223 2224 2231 
3 2231 2224 2232 
3 2233 2223 2231 
3 2234 2232 2230 
3 2230 2227 2234 
3 2234 2227 2228 
3 2231 2232 2234 
3 2228 2233 2234 
3 2234 2233 2231 
3 293 292 1020 
3 300 293 1020 
3 300 1020 1018 
3 2235 300 1018 
3 2235 1018 1016 
3 2236 2235 1016 
3 2236 1016 1014 
3 2237 2236 1014 
3 2237 1014 1012 
3 2238 2237 1012 
3 2238 1012 1010 
3 2239 2238 1010 
3 2239 1010 1008 
3 2240 2239 1008 
3 2240 1008 1006 
3 2241 2240 1006 
3 2241 1006 1004 
3 2242 2241 1004 
3 2242 1004 1002 
3 2243 2242 1002 
3 2243 1002 1000 
3 2244 2243 1000 
3 2244 1000 970 
3 2245 2244 970 
3 2245 970 965 
3 2246 2245 965 
3 2246 965 963 
3 2247 2246 963 
3 2247 963 961 
3 2248 2247 961 
3 2248 961 959 
3 2249 2248 959 
3 2249 959 957 
3 2250 2249 957 
3 2250 957 955 
3 2251 2250 955 
3 2251 955 953 
3 2252 2251 953 
3 2252 953 951 
3 2253 2252 951 
3 2253 951 949 
3 2254 2253 949 
3 2254 949 947 
3 2255 2254 947 
3 2255 947 919 
3 2256 2255 919 
3 2256 919 2257 
3 2257 919 918 
3 2258 2256 2257 
3 2259 2258 2260 
3 2260 2258 2257 
3 490 489 2261 
3 2261 489 1769 
3 2261 1769 2262 
3 2262 1769 1768 
3 2262 1768 2263 
3 2262 2263 2264 
3 2264 2263 2265 
3 496 490 2266 
3 2266 490 2261 
3 497 496 2267 
3 2267 496 2266 
3 871 497 2267 
3 2264 2265 2268 
3 2268 2265 2269 
3 2270 2259 2271 
3 2271 2259 2260 
3 2272 2270 2273 
3 2273 2270 2271 
3 2274 2272 2275 
3 2275 2272 2273 
3 2276 2274 2277 
3 2277 2274 2275 
3 2278 2276 2277 
3 2268 2269 2279 
3 2279 2269 2278 
3 2279 2278 2277 
3 879 871 2280 
3 2280 871 2267 
3 890 879 2281 
3 2281 879 2280 
3 914 890 2282 
3 2282 890 2281 
3 916 914 2283 
3 2283 914 2282 
3 918 916 2284 
3 2284 916 2283 
3 2257 918 2284 
3 2260 2257 2284 
3 2271 2260 2285 
3 2285 2260 2284 
3 2285 2284 2283 
3 2261 2262 2286 
3 2286 2262 2264 
3 2266 2261 2286 
3 2286 2264 2287 
3 2287 2264 2268 
3 2266 2286 2287 
3 2267 2266 2287 
3 2280 2267 2287 
3 2271 2285 2288 
3 2288 2285 2289 
3 2273 2271 2288 
3 2285 2283 2289 
3 2289 2283 2282 
3 2273 2288 2290 
3 2290 2288 2289 
3 2275 2273 2290 
3 2289 2282 2291 
3 2291 2282 2281 
3 2290 2289 2291 
3 2291 2281 2292 
3 2292 2281 2280 
3 2292 2280 2287 
3 2292 2287 2268 
3 2292 2268 2279 
3 2292 2279 2293 
3 2291 2292 2293 
3 2291 2293 2290 
3 2290 2293 2275 
3 2279 2277 2293 
3 2275 2293 2277 
3 310 312 2294 
3 2295 860 318 
3 2295 318 320 
3 2296 2295 320 
3 2296 320 322 
3 2297 2296 322 
3 2297 322 324 
3 2298 2297 324 
3 308 310 2294 
3 308 2294 2299 
3 302 308 2299 
3 302 2299 2300 
3 303 302 2300 
3 303 2300 2301 
3 2302 303 2301 
3 2302 2301 2303 
3 361 2302 2303 
3 2298 324 326 
3 2304 2298 326 
3 2304 326 328 
3 2305 2304 328 
3 361 2303 2306 
3 2307 361 2306 
3 2307 2306 2308 
3 2309 2307 2308 
3 2309 2308 2310 
3 2311 2309 2310 
3 2311 2310 2312 
3 2313 2311 2312 
3 2313 2312 2314 
3 2315 2313 2314 
3 2315 2314 2316 
3 2317 2315 2316 
3 2318 328 330 
3 2318 2305 328 
3 2319 2318 330 
3 2319 330 332 
3 2320 2319 332 
3 2320 332 334 
3 2321 2320 334 
3 2321 334 336 
3 2322 2321 336 
3 2322 336 2323 
3 2322 2323 339 
3 2324 2322 339 
3 2324 339 341 
3 2325 2324 341 
3 2325 341 343 
3 1891 2325 343 
3 1892 343 345 
3 1892 1891 343 
3 1895 1892 345 
3 1895 345 347 
3 1897 1895 347 
3 1897 347 307 
3 1899 1897 307 
3 1899 307 306 
3 2326 1899 306 
3 2326 306 2327 
3 1902 2326 2327 
3 1902 2327 2328 
3 1904 1902 2328 
3 1904 2328 2329 
3 1906 1904 2329 
3 1906 2329 2330 
3 1908 1906 2330 
3 1908 2330 2331 
3 1910 1908 2331 
3 1910 2331 2332 
3 1912 1910 2332 
3 1912 2332 2333 
3 1915 1912 2333 
3 1915 2333 2334 
3 1917 1915 2334 
3 1917 2334 2335 
3 1920 1917 2335 
3 2336 1920 2335 
3 2336 2335 2337 
3 2338 2336 2337 
3 2338 2337 2339 
3 2340 2338 2339 
3 2340 2339 2341 
3 2342 2340 2341 
3 2342 2341 2343 
3 2343 2317 2342 
3 2342 2317 2316 
3 2302 361 363 
3 365 304 303 
3 365 303 363 
3 363 303 2302 
3 2229 2230 2344 
3 2230 2232 2345 
3 2232 2224 2346 
3 2224 2222 1588 
3 2222 2219 1589 
3 2219 2217 1603 
3 2217 2215 1603 
3 2215 2213 1608 
3 2213 2211 1610 
3 2211 2209 1614 
3 2209 2207 1616 
3 2207 2205 1657 
3 2205 2203 1659 
3 2203 2201 1661 
3 2201 2199 1663 
3 2199 2197 1665 
3 2197 2195 1667 
3 2195 2194 1669 
3 2194 2193 1679 
3 2347 1681 2193 
3 1682 1681 2347 
3 2347 2348 1682 
3 2348 2349 1714 
3 2349 2350 1712 
3 2350 2351 1710 
3 2351 2276 1708 
3 2276 2278 1706 
3 2278 2269 1704 
3 2269 2265 1702 
3 2265 2263 1700 
3 2263 1768 1696 
3 1768 1767 1692 
3 1767 2352 1690 
3 2352 2353 1689 
3 2353 2354 1685 
3 2354 2355 1683 
3 2356 1677 2355 
3 1676 1677 2356 
3 2356 2357 1676 
3 2357 2358 1644 
3 2358 1675 1644 
3 2357 1644 1676 
3 1677 1683 2355 
3 1683 1685 2354 
3 1685 1689 2353 
3 1689 1690 2352 
3 1690 1692 1767 
3 1692 1696 1768 
3 1696 1698 2263 
3 2263 1698 1700 
3 2265 1700 1702 
3 2269 1702 1704 
3 2278 1704 1706 
3 2276 1706 1708 
3 2351 1708 1710 
3 2350 1710 1712 
3 2349 1712 1714 
3 2348 1714 1682 
3 1681 1679 2193 
3 1679 1669 2194 
3 1669 1667 2195 
3 1667 1665 2197 
3 1665 1663 2199 
3 1663 1661 2201 
3 1661 1659 2203 
3 1659 1657 2205 
3 1657 1616 2207 
3 1616 1614 2209 
3 1614 1612 2211 
3 2211 1612 1610 
3 2213 1610 1608 
3 2215 1608 1603 
3 2219 1603 1589 
3 1589 1588 2222 
3 1588 2346 2224 
3 2346 2345 2232 
3 2345 2344 2230 
3 2344 2359 2229 
3 2360 2361 2362 
3 2363 2360 2364 
3 2364 2360 2362 
3 2364 2362 2365 
3 2366 2363 2367 
3 2367 2363 2364 
3 2367 2364 2368 
3 2368 2364 2365 
3 2368 2365 2369 
3 2370 2366 2371 
3 2371 2366 2367 
3 2372 2370 2373 
3 2373 2370 2371 
3 2374 2372 2375 
3 2375 2372 2373 
3 2376 2374 2377 
3 2377 2374 2375 
3 2378 2376 2379 
3 2379 2376 2377 
3 2380 2378 2381 
3 2381 2378 2379 
3 2382 2380 2383 
3 2383 2380 2381 
3 2384 2382 2385 
3 2385 2382 2383 
3 2386 2384 2387 
3 2387 2384 2385 
3 2388 2386 2389 
3 2389 2386 2387 
3 2390 2388 2389 
3 2368 2369 2391 
3 2391 2369 2392 
3 2393 2390 2394 
3 2394 2390 2389 
3 2395 2393 2396 
3 2396 2393 2394 
3 2397 2395 2398 
3 2398 2395 2396 
3 2399 2397 2400 
3 2400 2397 2398 
3 265 2399 2401 
3 2401 2399 2400 
3 255 265 2402 
3 2402 265 2401 
3 247 255 2403 
3 2403 255 2402 
3 248 247 2404 
3 2404 247 2403 
3 2405 248 2404 
3 2391 2392 2406 
3 2406 2392 2407 
3 2406 2407 2408 
3 2408 2407 2409 
3 2408 2409 2410 
3 2410 2409 2411 
3 2410 2411 2412 
3 2412 2411 2413 
3 2412 2413 2414 
3 2414 2413 2415 
3 2414 2415 2416 
3 2416 2415 2417 
3 2416 2417 2418 
3 2418 2417 2419 
3 2418 2419 2420 
3 2420 2419 2421 
3 2420 2421 2422 
3 2422 2421 2423 
3 2424 2425 2426 
3 2426 2425 2427 
3 2423 2424 2428 
3 2428 2424 2426 
3 2422 2423 2428 
3 2426 2427 2429 
3 2429 2427 2430 
3 2429 2430 2431 
3 2431 2430 2432 
3 2431 2432 2433 
3 2433 2432 2434 
3 2433 2434 2435 
3 2433 2435 2436 
3 2436 2435 2437 
3 2436 2437 2438 
3 2438 2437 2439 
3 2438 2439 2440 
3 2438 2440 2441 
3 2441 2440 2442 
3 2441 2442 2443 
3 2443 2442 2444 
3 2443 2444 2445 
3 2445 2444 2405 
3 2445 2405 2404 
3 2367 2368 2446 
3 2446 2368 2391 
3 2371 2367 2446 
3 2446 2391 2447 
3 2447 2391 2406 
3 2371 2446 2448 
3 2448 2446 2447 
3 2373 2371 2448 
3 2431 2433 2449 
3 2449 2433 2436 
3 2429 2431 2450 
3 2450 2431 2449 
3 2426 2429 2451 
3 2451 2429 2450 
3 2428 2426 2451 
3 2422 2428 2452 
3 2452 2428 2451 
3 2447 2406 2453 
3 2453 2406 2408 
3 2448 2447 2454 
3 2454 2447 2453 
3 2373 2448 2455 
3 2455 2448 2454 
3 2420 2422 2456 
3 2456 2422 2452 
3 2418 2420 2457 
3 2457 2420 2456 
3 2416 2418 2457 
3 2414 2416 2458 
3 2458 2416 2457 
3 2412 2414 2459 
3 2459 2414 2458 
3 2410 2412 2460 
3 2460 2412 2459 
3 2408 2410 2461 
3 2461 2410 2460 
3 2453 2408 2461 
3 2449 2436 2462 
3 2462 2436 2438 
3 2462 2438 2463 
3 2463 2438 2441 
3 2450 2449 2464 
3 2465 2449 2462 
3 2451 2450 2466 
3 2466 2450 2464 
3 2452 2451 2466 
3 2456 2452 2467 
3 2467 2452 2466 
3 2457 2456 2468 
3 2468 2456 2467 
3 2458 2457 2468 
3 2459 2458 2469 
3 2469 2458 2468 
3 2460 2459 2470 
3 2470 2459 2469 
3 2461 2460 2471 
3 2471 2460 2470 
3 2453 2461 2472 
3 2472 2461 2471 
3 2454 2453 2472 
3 2455 2454 2473 
3 2473 2454 2472 
3 2377 2375 2474 
3 2474 2455 2473 
3 2379 2377 2475 
3 2475 2377 2474 
3 2381 2379 2476 
3 2476 2379 2475 
3 2383 2381 2477 
3 2477 2381 2476 
3 2385 2383 2478 
3 2478 2383 2477 
3 2387 2385 2479 
3 2479 2385 2478 
3 2389 2387 2480 
3 2480 2387 2479 
3 2394 2389 2480 
3 2396 2394 2481 
3 2481 2394 2480 
3 2398 2396 2482 
3 2482 2396 2481 
3 2400 2398 2482 
3 2474 2473 2483 
3 2483 2473 2484 
3 2475 2474 2483 
3 2473 2472 2484 
3 2484 2472 2471 
3 2463 2441 2485 
3 2485 2441 2443 
3 2462 2463 2486 
3 2486 2463 2485 
3 2465 2462 2486 
3 2481 2480 2487 
3 2487 2480 2479 
3 2482 2481 2488 
3 2488 2481 2487 
3 2400 2482 2489 
3 2489 2482 2488 
3 2401 2400 2489 
3 2402 2401 2490 
3 2490 2401 2489 
3 2403 2402 2491 
3 2491 2402 2490 
3 2404 2403 2492 
3 2492 2403 2491 
3 2445 2404 2492 
3 2443 2445 2493 
3 2493 2445 2492 
3 2485 2443 2494 
3 2494 2443 2493 
3 2487 2479 2495 
3 2495 2479 2478 
3 2495 2478 2496 
3 2496 2478 2477 
3 2496 2477 2497 
3 2497 2477 2476 
3 2497 2476 2498 
3 2498 2476 2475 
3 2498 2475 2483 
3 2498 2483 2499 
3 2499 2483 2484 
3 2494 2493 2500 
3 2500 2493 2492 
3 2500 2492 2501 
3 2501 2492 2491 
3 2501 2491 2502 
3 2502 2491 2490 
3 2502 2490 2503 
3 2503 2490 2489 
3 2503 2489 2504 
3 2504 2489 2488 
3 2504 2488 2505 
3 2505 2488 2487 
3 2505 2487 2495 
3 2499 2484 2506 
3 2506 2484 2471 
3 2506 2471 2507 
3 2507 2471 2470 
3 2507 2470 2508 
3 2508 2470 2469 
3 2508 2469 2509 
3 2509 2469 2468 
3 2509 2468 2510 
3 2510 2468 2467 
3 2510 2467 2511 
3 2511 2467 2466 
3 2511 2466 2512 
3 2512 2466 2464 
3 2512 2465 2513 
3 2513 2465 2486 
3 2498 2499 2514 
3 2515 2499 2506 
3 2497 2498 2514 
3 2514 2499 2515 
3 2496 2497 2516 
3 2516 2497 2514 
3 2495 2496 2517 
3 2505 2495 2517 
3 2517 2496 2516 
3 2504 2505 2518 
3 2518 2505 2517 
3 2503 2504 2518 
3 2502 2503 2519 
3 2519 2503 2518 
3 2501 2502 2520 
3 2520 2502 2519 
3 2500 2501 2521 
3 2521 2501 2520 
3 2506 2507 2522 
3 2522 2507 2508 
3 2515 2506 2522 
3 2522 2508 2523 
3 2524 2508 2509 
3 2524 2509 2510 
3 2524 2510 2525 
3 2525 2510 2511 
3 2525 2511 2526 
3 2526 2511 2512 
3 2526 2512 2513 
3 2515 2522 2527 
3 2527 2522 2523 
3 2514 2515 2528 
3 2528 2515 2527 
3 2516 2514 2528 
3 2517 2516 2529 
3 2529 2516 2528 
3 2518 2517 2530 
3 2530 2517 2529 
3 2519 2518 2530 
3 2520 2519 2531 
3 2531 2519 2530 
3 2521 2520 2532 
3 2532 2520 2531 
3 2529 2528 2533 
3 2533 2528 2527 
3 2530 2529 2533 
3 2531 2530 2533 
3 2532 2531 2534 
3 2534 2531 2533 
3 2534 2533 2535 
3 2535 2533 2527 
3 2535 2527 2523 
3 2535 2523 2536 
3 2536 2524 2525 
3 2536 2525 2537 
3 2537 2525 2526 
3 2537 2526 2538 
3 2538 2526 2513 
3 2538 2513 2539 
3 2513 2486 2539 
3 2539 2486 2485 
3 2539 2485 2494 
3 2539 2494 2540 
3 2540 2494 2500 
3 2540 2500 2521 
3 2540 2521 2541 
3 2541 2521 2532 
3 2539 2540 2542 
3 2542 2540 2541 
3 2538 2539 2542 
3 2541 2532 2543 
3 2543 2532 2534 
3 2542 2541 2543 
3 2543 2534 2544 
3 2544 2534 2535 
3 2544 2535 2536 
3 2544 2536 2537 
3 2543 2544 2545 
3 2545 2544 2537 
3 2542 2543 2545 
3 2542 2545 2538 
3 2538 2545 2537 
3 2373 2455 2375 
3 2474 2375 2455 
3 2449 2465 2464 
3 2512 2464 2465 
3 2536 2523 2524 
3 2508 2524 2523 
3 2546 2256 2258 
3 2274 2276 2351 
3 2347 2193 2192 
3 2547 2347 2192 
3 2547 2192 2548 
3 2547 2548 2549 
3 2549 2548 2550 
3 2348 2347 2551 
3 2551 2347 2547 
3 2274 2351 2552 
3 2552 2351 2350 
3 2272 2274 2552 
3 2549 2550 2553 
3 2553 2550 2554 
3 2552 2350 2555 
3 2555 2350 2349 
3 2349 2348 2556 
3 2556 2348 2551 
3 2555 2349 2556 
3 2553 2554 2557 
3 2557 2554 2546 
3 2557 2546 2258 
3 2557 2258 2259 
3 2557 2259 2558 
3 2558 2259 2270 
3 2558 2270 2559 
3 2559 2270 2272 
3 2559 2272 2552 
3 2559 2552 2555 
3 2553 2557 2558 
3 2559 2555 2556 
3 2558 2559 2560 
3 2560 2559 2556 
3 2553 2558 2560 
3 2549 2553 2560 
3 2560 2556 2551 
3 2560 2551 2549 
3 2549 2551 2547 
3 1318 921 920 
3 2561 2562 483 
3 2563 2561 483 
3 2564 2563 2565 
3 2565 2563 483 
3 2565 483 484 
3 1320 1318 2566 
3 2566 1318 920 
3 2566 920 924 
3 2566 924 2567 
3 2567 924 926 
3 2567 926 2568 
3 1320 2566 2569 
3 2569 2566 2567 
3 1338 1320 2569 
3 2565 484 2570 
3 2570 484 481 
3 2570 481 2571 
3 2571 481 480 
3 2571 480 2572 
3 2572 480 479 
3 2572 479 2573 
3 2573 479 476 
3 2573 476 2574 
3 2574 476 467 
3 2574 467 2575 
3 2575 467 466 
3 1340 1338 2576 
3 2576 1338 2569 
3 1348 1340 2577 
3 2577 1340 2576 
3 2564 2565 2578 
3 2578 2565 2570 
3 2579 2564 2578 
3 2580 2579 2581 
3 2581 2579 2578 
3 2582 2580 2583 
3 2583 2580 2581 
3 2584 2582 2585 
3 2585 2582 2583 
3 2586 2584 2585 
3 2587 2586 2588 
3 2588 2586 2585 
3 2589 2587 2590 
3 2590 2587 2588 
3 1350 1348 2591 
3 2591 1348 2577 
3 1352 1350 2592 
3 2592 1350 2591 
3 1354 1352 2593 
3 2593 1352 2592 
3 1356 1354 2594 
3 2594 1354 2593 
3 1358 1356 2595 
3 2595 1356 2594 
3 1360 1358 2596 
3 2596 1358 2595 
3 1316 1360 2597 
3 2597 1360 2596 
3 1308 1316 2598 
3 2598 1316 2597 
3 466 1308 2599 
3 2599 1308 2598 
3 2575 466 2599 
3 2576 2569 2567 
3 2576 2567 2568 
3 2576 2568 2600 
3 2577 2576 2600 
3 2577 2600 2601 
3 2591 2577 2601 
3 2591 2601 2602 
3 2592 2591 2602 
3 2592 2602 2603 
3 2593 2592 2603 
3 2593 2603 2604 
3 2594 2593 2604 
3 2594 2604 2605 
3 2595 2594 2605 
3 2595 2605 2606 
3 2596 2595 2606 
3 2596 2606 2607 
3 2596 2607 2608 
3 2597 2596 2608 
3 2597 2608 2589 
3 2598 2597 2589 
3 2598 2589 2590 
3 2599 2598 2590 
3 2581 2578 2571 
3 2578 2570 2571 
3 2581 2571 2572 
3 2583 2581 2572 
3 2583 2572 2573 
3 2583 2573 2609 
3 2609 2573 2574 
3 2588 2609 2575 
3 2609 2574 2575 
3 2575 2599 2588 
3 2588 2599 2590 
3 2588 2585 2609 
3 2583 2609 2585 
3 2562 2561 2444 
3 394 2562 2444 
3 394 2444 2442 
3 395 394 2442 
3 395 2442 2440 
3 397 395 2440 
3 397 2440 2439 
3 399 397 2439 
3 399 2439 2610 
3 2610 2439 2437 
3 405 399 2610 
3 2610 2437 2611 
3 2611 2437 2435 
3 2548 2192 2612 
3 2612 2192 2191 
3 2362 2361 2613 
3 2613 2361 2554 
3 2613 2554 2550 
3 2365 2362 2614 
3 2614 2362 2613 
3 2369 2365 2615 
3 2615 2365 2614 
3 2392 2369 2616 
3 2616 2369 2615 
3 2407 2392 2617 
3 2617 2392 2616 
3 2409 2407 2618 
3 2618 2407 2617 
3 2411 2409 2619 
3 2619 2409 2618 
3 2413 2411 2620 
3 2620 2411 2619 
3 2415 2413 2621 
3 2621 2413 2620 
3 2417 2415 2622 
3 2622 2415 2621 
3 2612 2191 2623 
3 2623 2191 2196 
3 2623 2196 2198 
3 2623 2198 2624 
3 2624 2198 2200 
3 2614 2613 2625 
3 2625 2613 2550 
3 2625 2550 2548 
3 2625 2548 2626 
3 2626 2548 2612 
3 405 2610 2611 
3 403 405 2611 
3 2611 2435 2627 
3 2627 2435 2434 
3 2184 400 2628 
3 2628 400 403 
3 403 2611 2627 
3 2628 403 2627 
3 2185 2184 2629 
3 2629 2184 2628 
3 2186 2185 2630 
3 2630 2185 2629 
3 2187 2186 2630 
3 2188 2187 2631 
3 2631 2187 2630 
3 2190 2188 2631 
3 2624 2200 2632 
3 2632 2200 2202 
3 2632 2202 2633 
3 2633 2202 2204 
3 2633 2204 2634 
3 2634 2204 2206 
3 2634 2206 2635 
3 2635 2206 2208 
3 2635 2208 2636 
3 2636 2208 2210 
3 2636 2210 2637 
3 2637 2210 2212 
3 2637 2212 2638 
3 2638 2212 2214 
3 2638 2214 2639 
3 2639 2214 2216 
3 2639 2216 2640 
3 2640 2216 2218 
3 2640 2218 2641 
3 2641 2218 2220 
3 2641 2220 2642 
3 2642 2220 2221 
3 2642 2221 2643 
3 2643 2221 2223 
3 2643 2223 2233 
3 2643 2233 2644 
3 2644 2233 2228 
3 2644 2228 2645 
3 2645 2228 2226 
3 2645 2226 2646 
3 2646 2226 2190 
3 2646 2190 2631 
3 2419 2417 2647 
3 2647 2417 2622 
3 2421 2419 2648 
3 2648 2419 2647 
3 2423 2421 2649 
3 2649 2421 2648 
3 2424 2423 2650 
3 2650 2423 2649 
3 2425 2424 2651 
3 2651 2424 2650 
3 2427 2425 2652 
3 2652 2425 2653 
3 2653 2425 2651 
3 2430 2427 2654 
3 2654 2427 2652 
3 2432 2430 2655 
3 2655 2430 2654 
3 2434 2432 2656 
3 2656 2432 2655 
3 2627 2434 2657 
3 2657 2434 2656 
3 2628 2627 2657 
3 2629 2628 2657 
3 2630 2629 2657 
3 2630 2657 2656 
3 2631 2630 2656 
3 2631 2656 2655 
3 2646 2631 2655 
3 2646 2655 2654 
3 2645 2646 2654 
3 2645 2654 2652 
3 2644 2645 2652 
3 2644 2652 2653 
3 2643 2644 2653 
3 2643 2653 2651 
3 2642 2643 2651 
3 2642 2651 2650 
3 2641 2642 2650 
3 2641 2650 2649 
3 2641 2649 2640 
3 2640 2649 2648 
3 2639 2640 2658 
3 2658 2640 2648 
3 2658 2648 2647 
3 2626 2659 2660 
3 2659 2612 2623 
3 2638 2639 2661 
3 2661 2639 2658 
3 2661 2658 2647 
3 2661 2647 2622 
3 2637 2638 2662 
3 2662 2638 2661 
3 2662 2661 2622 
3 2636 2637 2663 
3 2663 2637 2662 
3 2663 2662 2622 
3 2663 2622 2621 
3 2635 2636 2664 
3 2664 2636 2663 
3 2664 2663 2621 
3 2664 2621 2620 
3 2634 2635 2665 
3 2665 2635 2664 
3 2665 2664 2620 
3 2665 2620 2619 
3 2633 2634 2666 
3 2666 2634 2665 
3 2666 2665 2619 
3 2666 2619 2667 
3 2667 2619 2618 
3 2667 2618 2668 
3 2668 2618 2617 
3 2668 2617 2669 
3 2669 2617 2616 
3 2669 2616 2670 
3 2670 2616 2615 
3 2670 2615 2671 
3 2671 2615 2614 
3 2671 2614 2625 
3 2671 2625 2626 
3 2671 2626 2660 
3 2670 2671 2660 
3 2633 2666 2672 
3 2672 2666 2667 
3 2632 2633 2672 
3 2672 2667 2668 
3 2632 2672 2673 
3 2673 2672 2668 
3 2624 2632 2673 
3 2673 2668 2669 
3 2673 2669 2674 
3 2674 2669 2670 
3 2674 2670 2660 
3 2624 2673 2674 
3 2624 2674 2659 
3 2624 2659 2623 
3 2674 2660 2659 
3 2612 2659 2626 
3 1925 1920 2336 
3 312 314 932 
3 312 932 1033 
3 2294 312 1033 
3 2294 1033 998 
3 2299 2294 998 
3 2299 998 996 
3 2300 2299 996 
3 2300 996 994 
3 2301 2300 994 
3 2301 994 992 
3 2303 2301 992 
3 2303 992 990 
3 2303 990 1893 
3 2306 2303 1893 
3 2306 1893 1922 
3 2308 2306 1922 
3 2308 1922 1957 
3 2310 2308 1957 
3 2310 1957 1959 
3 2312 2310 1959 
3 2312 1959 1960 
3 2314 2312 1960 
3 2314 1960 1962 
3 2316 2314 1962 
3 2316 1962 1964 
3 2342 2316 1964 
3 2342 1964 1966 
3 2340 2342 1966 
3 2338 2340 1966 
3 2338 1966 1942 
3 1942 1925 2338 
3 2338 1925 2336 
3 241 242 2675 
3 2013 146 148 
3 241 2675 2676 
3 226 241 2676 
3 226 2676 2677 
3 223 226 2677 
3 223 2677 2678 
3 2678 2677 2679 
3 221 223 2678 
3 2678 2679 2680 
3 2680 2679 2681 
3 2680 2681 2682 
3 2682 2681 2683 
3 221 2678 2680 
3 219 221 2680 
3 2020 2013 2684 
3 2684 2013 148 
3 2684 148 150 
3 2053 2020 2685 
3 2685 2020 2684 
3 2018 2053 2686 
3 2686 2053 2685 
3 2016 2018 2687 
3 2687 2018 2686 
3 2688 2016 2689 
3 2689 2016 2687 
3 2684 150 2690 
3 2690 150 152 
3 2690 152 2691 
3 2691 152 154 
3 2691 154 2692 
3 2692 154 156 
3 2692 156 2693 
3 2693 156 158 
3 2693 158 2694 
3 2694 158 160 
3 2694 160 2695 
3 2695 160 162 
3 2695 162 2696 
3 2696 162 164 
3 2696 164 2697 
3 2697 164 166 
3 2697 166 2698 
3 2698 166 169 
3 2698 169 172 
3 2682 2683 2699 
3 2699 2683 2700 
3 2699 2700 2701 
3 2701 2700 2702 
3 219 2680 2682 
3 217 219 2682 
3 217 2682 2699 
3 215 217 2699 
3 2701 2702 2703 
3 2703 2702 2704 
3 2703 2704 2705 
3 2705 2704 2706 
3 2705 2706 2707 
3 2707 2706 2708 
3 2707 2708 2709 
3 2709 2708 2710 
3 2709 2710 2711 
3 2711 2710 2712 
3 2711 2712 2713 
3 2713 2712 2714 
3 2713 2714 2715 
3 2715 2714 2716 
3 2715 2716 2717 
3 2717 2716 2718 
3 2717 2718 2719 
3 2719 2718 2720 
3 2721 2688 2722 
3 2722 2688 2689 
3 2723 2721 2724 
3 2724 2721 2722 
3 2725 2723 2726 
3 2726 2723 2724 
3 2727 2725 2728 
3 2728 2725 2726 
3 2720 2727 2729 
3 2729 2727 2728 
3 2719 2720 2729 
3 215 2699 2701 
3 213 215 2701 
3 213 2701 2703 
3 211 213 2703 
3 211 2703 2705 
3 209 211 2705 
3 209 2705 2707 
3 208 209 2707 
3 208 2707 2709 
3 207 208 2709 
3 207 2709 2711 
3 206 207 2711 
3 206 2711 2730 
3 2730 2711 2713 
3 205 206 2730 
3 203 205 2731 
3 2731 205 2730 
3 201 203 2732 
3 2732 203 2731 
3 200 201 2733 
3 2733 201 2732 
3 197 200 2734 
3 2734 200 2733 
3 185 197 2735 
3 2735 197 2734 
3 173 185 2736 
3 2736 185 2735 
3 172 173 2737 
3 2737 173 2736 
3 2698 172 2738 
3 2738 172 2737 
3 2685 2684 2690 
3 2686 2685 2690 
3 2731 2730 2739 
3 2739 2730 2713 
3 2739 2713 2715 
3 2732 2731 2740 
3 2740 2731 2739 
3 2740 2739 2741 
3 2741 2739 2715 
3 2741 2715 2717 
3 2686 2690 2742 
3 2742 2690 2691 
3 2687 2686 2742 
3 2689 2687 2743 
3 2743 2687 2742 
3 2742 2691 2744 
3 2744 2691 2692 
3 2743 2742 2744 
3 2722 2689 2745 
3 2745 2689 2743 
3 2745 2743 2746 
3 2746 2743 2744 
3 2746 2744 2747 
3 2747 2744 2692 
3 2747 2692 2693 
3 2741 2717 2748 
3 2748 2717 2719 
3 2740 2741 2748 
3 2732 2740 2749 
3 2749 2740 2748 
3 2733 2732 2749 
3 2747 2693 2750 
3 2750 2693 2694 
3 2750 2694 2695 
3 2746 2747 2751 
3 2751 2747 2750 
3 2745 2746 2751 
3 2722 2745 2752 
3 2752 2745 2751 
3 2724 2722 2752 
3 2726 2724 2753 
3 2754 2724 2752 
3 2728 2726 2755 
3 2755 2726 2753 
3 2750 2695 2756 
3 2756 2695 2696 
3 2751 2750 2757 
3 2752 2751 2757 
3 2757 2750 2756 
3 2754 2752 2757 
3 2756 2696 2758 
3 2758 2696 2697 
3 2758 2697 2759 
3 2759 2697 2698 
3 2759 2698 2738 
3 2757 2756 2760 
3 2760 2756 2758 
3 2754 2757 2760 
3 2760 2758 2759 
3 2755 2753 2761 
3 2762 2754 2760 
3 2762 2760 2759 
3 2762 2759 2738 
3 2762 2738 2761 
3 2761 2738 2737 
3 2753 2762 2761 
3 2761 2737 2763 
3 2763 2737 2736 
3 2755 2761 2763 
3 2728 2755 2764 
3 2764 2755 2763 
3 2729 2728 2764 
3 2763 2736 2765 
3 2765 2736 2735 
3 2764 2763 2765 
3 2729 2764 2766 
3 2766 2764 2765 
3 2719 2729 2766 
3 2765 2735 2767 
3 2767 2735 2734 
3 2766 2765 2767 
3 2719 2766 2748 
3 2748 2766 2767 
3 2749 2748 2767 
3 2767 2734 2749 
3 2749 2734 2733 
3 2762 2753 2754 
3 2724 2754 2753 
3 297 300 2235 
3 2256 2361 2360 
3 2255 2256 2360 
3 2255 2360 2363 
3 2254 2255 2363 
3 2254 2363 2366 
3 2253 2254 2366 
3 2253 2366 2370 
3 2252 2253 2370 
3 2252 2370 2372 
3 2251 2252 2372 
3 2251 2372 2374 
3 2250 2251 2374 
3 2250 2374 2376 
3 2249 2250 2376 
3 2249 2376 2378 
3 2248 2249 2378 
3 2248 2378 2380 
3 2247 2248 2380 
3 2247 2380 2382 
3 2246 2247 2382 
3 290 297 2235 
3 290 2235 2236 
3 288 290 2236 
3 288 2236 2237 
3 2768 288 2237 
3 2768 2237 2238 
3 2246 2382 2384 
3 2245 2246 2384 
3 2769 2768 2238 
3 2769 2238 2239 
3 2770 2769 2239 
3 2770 2239 2240 
3 2245 2384 2386 
3 2244 2245 2386 
3 2771 2770 2240 
3 2771 2240 2241 
3 2244 2386 2388 
3 2243 2244 2388 
3 2772 2771 2241 
3 2772 2241 2242 
3 2242 2243 2772 
3 2772 2243 2388 
3 2546 2361 2256 
3 2773 2700 2683 
3 0 874 873 
3 2773 2683 2681 
3 2774 2773 2681 
3 0 873 908 
3 1 0 908 
3 2774 2681 2679 
3 2775 2774 2679 
3 2775 2679 2677 
3 2776 2775 2677 
3 2776 2677 2676 
3 2777 2776 2676 
3 2777 2676 2675 
3 2778 2777 2675 
3 2778 2675 242 
3 2779 2778 242 
3 2779 242 240 
3 2780 2779 240 
3 240 1 2780 
3 2780 1 908 
3 1931 1334 1336 
3 1311 1310 1901 
3 1311 1901 1903 
3 1313 1311 1903 
3 1313 1903 1905 
3 1328 1313 1905 
3 2781 1905 1907 
3 1346 1328 2781 
3 2781 1328 1905 
3 2781 1907 1909 
3 1383 1346 2782 
3 2782 1346 2781 
3 1931 1336 2783 
3 2783 1336 1400 
3 1933 1931 2783 
3 1385 1383 2784 
3 2784 1383 2782 
3 1387 1385 2785 
3 2785 1385 2784 
3 1399 1387 2786 
3 2786 1387 2785 
3 1426 1399 2787 
3 2787 1399 2786 
3 1424 1426 2788 
3 2788 1426 2787 
3 2783 1400 2789 
3 2789 1400 1402 
3 2782 2781 1909 
3 2782 1909 2790 
3 2790 1909 1911 
3 2790 1911 2791 
3 2791 1911 1913 
3 2791 1913 2792 
3 2792 1913 1914 
3 2792 1914 2793 
3 2793 1914 1916 
3 2793 1916 2794 
3 2794 1916 1918 
3 2794 1918 2795 
3 2795 1918 1924 
3 2795 1924 2796 
3 2796 1924 1949 
3 2796 1949 2797 
3 2797 1949 1952 
3 2797 1952 2798 
3 2798 1952 1953 
3 2798 1953 2799 
3 2799 1953 1956 
3 2799 1956 1940 
3 2799 1940 2800 
3 2800 1940 1935 
3 2800 1935 2801 
3 2801 1935 1933 
3 2801 1933 2783 
3 2789 1402 2802 
3 2802 1402 1404 
3 2802 1404 2803 
3 2803 1404 1406 
3 2803 1406 2804 
3 2804 1406 1420 
3 2804 1420 2805 
3 2805 1420 1422 
3 2805 1422 2806 
3 2806 1422 1424 
3 2806 1424 2788 
3 2801 2783 2789 
3 2784 2782 2790 
3 2784 2790 2791 
3 2785 2784 2791 
3 2785 2791 2792 
3 2786 2785 2792 
3 2786 2792 2793 
3 2787 2786 2793 
3 2788 2787 2793 
3 2788 2793 2794 
3 2806 2788 2794 
3 2806 2794 2795 
3 2806 2795 2796 
3 2805 2806 2796 
3 2805 2796 2797 
3 2804 2805 2797 
3 2804 2797 2798 
3 2803 2804 2798 
3 2802 2803 2800 
3 2800 2803 2799 
3 2803 2798 2799 
3 2800 2801 2802 
3 2802 2801 2789 
3 2015 2016 2688 
3 2777 2778 2807 
3 2777 2807 2808 
3 2776 2777 2808 
3 2776 2808 2809 
3 2775 2776 2809 
3 2775 2809 2810 
3 2774 2775 2810 
3 2774 2810 2811 
3 2773 2774 2811 
3 2773 2811 2812 
3 2700 2773 2812 
3 2700 2812 2813 
3 1898 1901 1310 
3 2702 2700 2814 
3 2814 2700 2813 
3 2704 2702 2814 
3 2704 2814 2815 
3 2706 2704 2815 
3 2706 2815 2816 
3 2708 2706 2816 
3 2708 2816 2817 
3 2710 2708 2817 
3 2710 2817 2818 
3 2712 2710 2818 
3 2712 2818 2819 
3 2714 2712 2819 
3 2714 2819 2820 
3 2716 2714 2820 
3 2716 2820 2325 
3 2718 2716 2325 
3 2718 2325 1891 
3 2720 2718 1891 
3 2720 1891 1890 
3 2727 2720 1890 
3 2727 1890 1894 
3 2725 2727 1894 
3 2725 1894 1896 
3 2723 2725 1896 
3 2723 1896 2821 
3 2821 1896 1898 
3 2821 1898 1310 
3 2821 1310 2005 
3 2721 2723 2821 
3 2015 2688 2822 
3 2822 2688 2721 
3 2005 2015 2822 
3 2721 2821 2822 
3 2822 2821 2005 
3 2568 926 929 
3 2568 929 1030 
3 2600 2568 1030 
3 2600 1030 1028 
3 248 2405 2561 
3 248 2561 2563 
3 249 248 2563 
3 249 2563 2564 
3 254 249 2564 
3 254 2564 2579 
3 257 254 2579 
3 257 2579 2580 
3 2601 2600 1028 
3 2601 1028 251 
3 2601 251 250 
3 2602 2601 250 
3 2602 250 258 
3 2603 2602 258 
3 2603 258 261 
3 2604 2603 261 
3 2604 261 276 
3 2605 2604 276 
3 2605 276 295 
3 2606 2605 295 
3 2606 295 286 
3 2607 2606 286 
3 2607 286 283 
3 2608 2607 283 
3 2608 283 281 
3 2589 2608 281 
3 2589 281 279 
3 2587 2589 279 
3 2587 279 272 
3 2586 2587 272 
3 2586 272 269 
3 2584 2586 269 
3 2584 269 267 
3 2582 2584 267 
3 2582 267 264 
3 2582 264 2580 
3 2580 264 257 
3 8 874 0 
3 2324 2325 2820 
3 2322 2324 2820 
3 2322 2820 2819 
3 2321 2322 2819 
3 2321 2819 2818 
3 2320 2321 2818 
3 2320 2818 2817 
3 2319 2320 2817 
3 2319 2817 2816 
3 2318 2319 2816 
3 2318 2816 2815 
3 2305 2318 2815 
3 2305 2815 2814 
3 2304 2305 2814 
3 2304 2814 2813 
3 2298 2304 2813 
3 2298 2813 2812 
3 2297 2298 2812 
3 2297 2812 2811 
3 2296 2297 2811 
3 2296 2811 2810 
3 2295 2296 2810 
3 2295 2810 2809 
3 2808 2807 867 
3 2808 867 865 
3 860 2295 2809 
3 2809 2808 865 
3 860 2809 865 
3 331 329 382 
3 386 337 335 
3 384 386 335 
3 384 335 333 
3 384 333 382 
3 382 333 331 
3 2772 2388 2390 
3 274 288 2768 
3 2399 265 263 
3 2399 263 2823 
3 2823 263 266 
3 2823 266 268 
3 2397 2399 2823 
3 2771 2772 2824 
3 2824 2772 2390 
3 2824 2390 2393 
3 274 2768 2825 
3 2825 2768 2769 
3 273 274 2825 
3 2770 2771 2826 
3 2826 2771 2824 
3 2769 2770 2827 
3 2827 2770 2826 
3 2825 2769 2827 
3 2397 2823 2828 
3 2395 2397 2828 
3 2828 2823 268 
3 2828 268 270 
3 2828 270 2829 
3 2829 270 273 
3 2829 273 2825 
3 2829 2825 2827 
3 2826 2824 2830 
3 2830 2824 2393 
3 2830 2393 2395 
3 2830 2395 2828 
3 2830 2828 2829 
3 2830 2829 2826 
3 2826 2829 2827 
3 2554 2361 2546 
3 121 120 894 
3 876 874 2831 
3 2831 874 8 
3 2831 8 47 
3 121 894 2832 
3 2832 894 911 
3 123 121 2832 
3 2832 911 2833 
3 2833 911 933 
3 2833 933 2834 
3 2834 933 888 
3 2834 888 2835 
3 2835 888 886 
3 2835 886 2836 
3 2836 886 884 
3 884 876 2837 
3 2837 876 2831 
3 2836 884 2837 
3 123 2832 2838 
3 2838 2832 2833 
3 124 123 2838 
3 126 124 2839 
3 2839 124 2838 
3 127 126 2840 
3 2840 126 2839 
3 57 127 2841 
3 2841 127 2840 
3 47 57 2842 
3 2842 57 2841 
3 2831 47 2842 
3 2837 2831 2842 
3 2836 2837 2841 
3 2841 2837 2842 
3 2836 2841 2840 
3 2835 2836 2840 
3 2834 2835 2839 
3 2835 2840 2839 
3 2839 2838 2834 
3 2834 2838 2833 
3 2780 908 907 
3 869 867 2807 
3 2779 2780 2843 
3 2843 2780 907 
3 2843 907 869 
3 2778 2779 2843 
3 869 2807 2843 
3 2843 2807 2778 
3 1323 1325 1991 
3 2844 84 83 
3 2845 2846 2847 
3 180 191 2848 
3 2848 191 2849 
3 178 180 2850 
3 2850 180 2848 
3 2845 2847 2851 
3 2851 2847 379 
3 2852 2845 2851 
3 2851 379 2853 
3 2853 379 378 
3 2853 378 2854 
3 2854 378 388 
3 2854 388 2855 
3 2855 388 389 
3 2855 389 2856 
3 2856 389 390 
3 2857 2858 2859 
3 2859 2858 2860 
3 2861 2857 2862 
3 2862 2857 2859 
3 2844 83 2863 
3 2863 83 86 
3 2864 2844 2863 
3 356 2861 2865 
3 2865 2861 2862 
3 358 356 2866 
3 2866 356 2865 
3 2848 2849 2867 
3 2867 2849 2868 
3 2856 390 2869 
3 2869 390 391 
3 2869 391 2870 
3 2870 391 387 
3 2859 2860 2871 
3 2871 2860 2864 
3 2871 2864 2863 
3 360 358 2872 
3 2872 358 2866 
3 2870 387 2873 
3 2873 387 385 
3 362 360 2874 
3 2874 360 2872 
3 2867 2868 2875 
3 2875 2868 2876 
3 175 178 2877 
3 2877 178 2850 
3 2875 2876 2878 
3 2878 2876 2879 
3 145 175 2880 
3 2880 175 2877 
3 116 145 2881 
3 2881 145 2880 
3 114 116 2881 
3 111 114 2882 
3 2882 114 2881 
3 107 111 2883 
3 2883 111 2882 
3 103 107 2884 
3 2884 107 2883 
3 101 103 2885 
3 2885 103 2884 
3 2871 2863 2886 
3 2886 2863 86 
3 2886 86 88 
3 2886 88 2887 
3 2887 88 90 
3 2887 90 2888 
3 2888 90 92 
3 2888 92 99 
3 2888 99 2889 
3 2889 99 101 
3 2889 101 2890 
3 2890 101 2885 
3 364 362 2891 
3 2891 362 2874 
3 2852 2851 2892 
3 2892 2851 2853 
3 2893 2852 2892 
3 2894 2893 2895 
3 2895 2893 2892 
3 2896 2894 2897 
3 2897 2894 2895 
3 2898 2896 2899 
3 2899 2896 2897 
3 2900 2898 2870 
3 2900 2870 2873 
3 2901 2900 2873 
3 2901 2873 385 
3 2901 385 383 
3 2902 2901 383 
3 2902 383 2903 
3 2903 383 381 
3 2904 2902 2903 
3 2905 2904 2906 
3 2906 2904 2903 
3 2907 2905 2908 
3 2908 2905 2906 
3 2909 2907 2910 
3 2910 2907 2908 
3 2906 2903 381 
3 2906 381 377 
3 2908 2906 377 
3 2908 377 376 
3 2910 2908 376 
3 2910 376 375 
3 2909 2910 2911 
3 2911 2910 375 
3 2912 2909 2911 
3 2911 375 374 
3 2912 2911 2913 
3 2913 2911 374 
3 2914 2912 2913 
3 2913 374 373 
3 2914 2913 2915 
3 2915 2913 373 
3 2916 2914 2915 
3 2915 373 372 
3 2916 2915 2917 
3 2917 2915 372 
3 2918 2916 2917 
3 2917 372 371 
3 2918 2917 2919 
3 2919 2917 371 
3 2920 2918 2919 
3 2919 371 370 
3 2920 2919 2921 
3 2921 2919 370 
3 2922 2920 2921 
3 2921 370 369 
3 2922 2921 2923 
3 2923 2921 369 
3 2924 2922 2923 
3 2923 369 2925 
3 2925 369 368 
3 2924 2923 2926 
3 2926 2923 2925 
3 2879 2924 2926 
3 2878 2879 2927 
3 2927 2879 2926 
3 2925 368 2928 
3 2928 368 367 
3 2928 367 2929 
3 2929 367 366 
3 2929 366 2930 
3 2930 366 364 
3 2930 364 2891 
3 2870 2898 2899 
3 2850 2848 2867 
3 2869 2870 2899 
3 2926 2925 2927 
3 2892 2853 2854 
3 2927 2925 2928 
3 2895 2892 2854 
3 2927 2928 2931 
3 2931 2928 2929 
3 2895 2854 2855 
3 2878 2927 2931 
3 2895 2855 2856 
3 2871 2886 2932 
3 2932 2886 2887 
3 2897 2895 2856 
3 2859 2871 2932 
3 2856 2869 2897 
3 2897 2869 2899 
3 2862 2859 2932 
3 2865 2862 2933 
3 2933 2862 2932 
3 2933 2932 2887 
3 2933 2887 2888 
3 2933 2888 2889 
3 2865 2933 2934 
3 2866 2865 2934 
3 2872 2866 2934 
3 2872 2934 2890 
3 2874 2872 2890 
3 2874 2890 2885 
3 2874 2885 2935 
3 2935 2885 2884 
3 2891 2874 2935 
3 2935 2884 2936 
3 2936 2884 2883 
3 2891 2935 2937 
3 2930 2891 2937 
3 2937 2935 2936 
3 2875 2878 2938 
3 2938 2878 2931 
3 2938 2931 2939 
3 2939 2931 2929 
3 2939 2929 2930 
3 2939 2930 2940 
3 2940 2930 2937 
3 2938 2939 2941 
3 2941 2939 2940 
3 2875 2938 2942 
3 2942 2938 2941 
3 2867 2875 2942 
3 2850 2867 2942 
3 2877 2850 2942 
3 2877 2942 2941 
3 2880 2877 2943 
3 2943 2877 2941 
3 2943 2941 2940 
3 2943 2940 2944 
3 2944 2940 2937 
3 2944 2937 2936 
3 2944 2936 2945 
3 2945 2936 2883 
3 2945 2883 2882 
3 2945 2882 2946 
3 2943 2944 2946 
3 2946 2944 2945 
3 2946 2882 2881 
3 2881 2880 2946 
3 2946 2880 2943 
3 2890 2934 2889 
3 2933 2889 2934 
3 2849 191 192 
3 2947 2948 2949 
3 2950 2947 2949 
3 2849 192 2951 
3 2951 192 193 
3 2868 2849 2951 
3 2951 193 2952 
3 2952 193 194 
3 2950 2949 2953 
3 2953 2949 2954 
3 2955 2950 2956 
3 2956 2950 2953 
3 2957 2955 2958 
3 2958 2955 2956 
3 2952 194 2959 
3 2959 194 195 
3 2959 195 236 
3 2868 2951 2960 
3 2960 2951 2952 
3 2876 2868 2960 
3 2879 2876 2961 
3 2961 2876 2960 
3 2924 2879 2962 
3 2962 2879 2961 
3 2953 2954 2963 
3 2963 2954 2964 
3 2963 2964 2965 
3 2965 2964 2966 
3 2965 2966 2967 
3 2967 2966 2968 
3 2967 2968 2969 
3 2969 2968 2970 
3 2969 2970 2971 
3 2971 2970 2972 
3 2971 2972 2973 
3 2973 2972 2974 
3 2973 2974 2975 
3 2975 2974 2976 
3 2008 2007 2977 
3 2977 2007 2978 
3 2035 2008 2979 
3 2979 2008 2977 
3 2049 2035 2980 
3 2980 2035 2979 
3 2047 2049 2981 
3 2981 2049 2980 
3 2045 2047 2982 
3 2982 2047 2981 
3 2043 2045 2983 
3 2983 2045 2982 
3 2028 2043 2984 
3 2984 2043 2983 
3 2026 2028 2985 
3 2985 2028 2984 
3 2024 2026 2986 
3 2986 2026 2985 
3 2022 2024 2987 
3 2987 2024 2986 
3 143 2022 2988 
3 2988 2022 2987 
3 144 143 2988 
3 2922 2924 2989 
3 2989 2924 2962 
3 2920 2922 2990 
3 2990 2922 2989 
3 2918 2920 2991 
3 2991 2920 2990 
3 2916 2918 2992 
3 2992 2918 2991 
3 2914 2916 2993 
3 2993 2916 2992 
3 2912 2914 246 
3 2912 246 245 
3 2909 2912 245 
3 2909 245 244 
3 2907 2909 244 
3 2907 244 129 
3 2905 2907 129 
3 2905 129 128 
3 2904 2905 128 
3 2904 128 134 
3 2902 2904 134 
3 2902 134 136 
3 2901 2902 136 
3 2901 136 138 
3 2900 2901 138 
3 2900 138 140 
3 2900 140 133 
3 2898 2900 133 
3 2896 2898 132 
3 132 2898 133 
3 2896 132 204 
3 2894 2896 204 
3 2894 204 202 
3 2893 2894 202 
3 2893 202 199 
3 2852 2893 199 
3 2852 199 198 
3 2845 2852 198 
3 2845 198 188 
3 2846 2845 188 
3 2846 188 187 
3 2994 2846 187 
3 2994 187 171 
3 2995 2994 171 
3 2995 171 168 
3 2996 2995 168 
3 2996 168 167 
3 2997 2996 2998 
3 2998 2996 167 
3 2998 167 165 
3 2999 2997 3000 
3 3000 2997 2998 
3 3001 2999 3002 
3 3002 2999 3000 
3 3003 3001 3004 
3 3004 3001 3002 
3 3005 3003 3006 
3 3006 3003 3004 
3 3007 3005 3008 
3 3008 3005 3006 
3 2978 2957 3009 
3 3009 2957 2958 
3 2977 2978 3009 
3 147 144 3010 
3 3010 144 2988 
3 149 147 3011 
3 3011 147 3010 
3 151 149 3012 
3 3012 149 3011 
3 153 151 3013 
3 3013 151 3012 
3 155 153 3014 
3 3014 153 3013 
3 157 155 3015 
3 3015 155 3014 
3 159 157 3016 
3 3016 157 3015 
3 161 159 3017 
3 3017 159 3016 
3 163 161 3018 
3 3018 161 3017 
3 165 163 3019 
3 3019 163 3018 
3 2998 165 3019 
3 3000 2998 3019 
3 2976 3007 3020 
3 3020 3007 3021 
3 3021 3007 3008 
3 2975 2976 3022 
3 3022 2976 3020 
3 246 2914 2993 
3 243 246 2993 
3 243 2993 2992 
3 225 243 2992 
3 225 2992 3023 
3 3023 2992 2991 
3 228 225 3023 
3 2959 236 3024 
3 3024 236 234 
3 3024 234 3025 
3 3025 234 232 
3 3025 232 3026 
3 3026 232 230 
3 3026 230 3027 
3 3027 230 228 
3 3027 228 3023 
3 3002 3000 3019 
3 3027 3023 2991 
3 3002 3019 3018 
3 3027 2991 2990 
3 3004 3002 3028 
3 3028 3002 3018 
3 3026 3027 2990 
3 3028 3018 3017 
3 3026 2990 2989 
3 2956 2953 3029 
3 3029 2953 2963 
3 3025 3026 2989 
3 2958 2956 3029 
3 3024 3025 2962 
3 3006 3004 3030 
3 3030 3004 3028 
3 3025 2989 2962 
3 3030 3028 3017 
3 3024 2962 2961 
3 3030 3017 3016 
3 2959 3024 2961 
3 3008 3006 3031 
3 3031 3006 3030 
3 2961 2960 2959 
3 2959 2960 2952 
3 3031 3030 3016 
3 3031 3016 3015 
3 3021 3008 3032 
3 3032 3008 3031 
3 3032 3031 3015 
3 3032 3015 3033 
3 3033 3015 3014 
3 3029 2963 3034 
3 3034 2963 2965 
3 2958 3029 3035 
3 3035 3029 3034 
3 3009 2958 3035 
3 3033 3014 3036 
3 3036 3014 3013 
3 3032 3033 3037 
3 3037 3033 3038 
3 3021 3032 3037 
3 3020 3021 3039 
3 3039 3021 3037 
3 3022 3020 3039 
3 3036 3013 3040 
3 3040 3013 3012 
3 3040 3012 3041 
3 3041 3012 3011 
3 3033 3036 3038 
3 3038 3036 3040 
3 3041 3011 3042 
3 3042 3011 3010 
3 3042 3010 3043 
3 3043 3010 2988 
3 3043 2988 3044 
3 3044 2988 2987 
3 3039 3037 3045 
3 3045 3037 3038 
3 3022 3039 3046 
3 3044 2987 3047 
3 3047 2987 2986 
3 3038 3040 3048 
3 3048 3040 3041 
3 3045 3038 3048 
3 3048 3041 3049 
3 3049 3041 3042 
3 3049 3042 3043 
3 3049 3043 3050 
3 3050 3043 3044 
3 3050 3044 3047 
3 3047 2986 3051 
3 3051 2986 2985 
3 3051 2985 3052 
3 3052 2985 2984 
3 3052 2984 3053 
3 3053 2984 2983 
3 3053 2983 3054 
3 3054 2983 2982 
3 3054 2982 2981 
3 3034 2965 3055 
3 3055 2965 2967 
3 3035 3034 3056 
3 3056 3034 3055 
3 3009 3035 3057 
3 3057 3035 3056 
3 2977 3009 3058 
3 2979 2977 3058 
3 3058 3009 3057 
3 2980 2979 3059 
3 3059 2979 3058 
3 2981 2980 3059 
3 3054 2981 3060 
3 3060 2981 3059 
3 3059 3058 3061 
3 3061 3058 3057 
3 3060 3059 3061 
3 3061 3057 3062 
3 3062 3057 3056 
3 3062 3056 3063 
3 3063 3056 3055 
3 3063 3055 3064 
3 3064 3055 2967 
3 3064 2967 2969 
3 3064 2969 3065 
3 3065 2969 2971 
3 3065 2971 3066 
3 3066 2971 2973 
3 3066 2973 3067 
3 3067 2973 2975 
3 3067 2975 3068 
3 3068 2975 3022 
3 3063 3064 3069 
3 3069 3064 3065 
3 3062 3063 3070 
3 3070 3063 3069 
3 3061 3062 3070 
3 3060 3061 3070 
3 3054 3060 3071 
3 3071 3060 3070 
3 3053 3054 3071 
3 3071 3070 3072 
3 3072 3070 3069 
3 3072 3069 3073 
3 3073 3069 3065 
3 3073 3065 3066 
3 3073 3066 3074 
3 3074 3066 3067 
3 3074 3067 3075 
3 3075 3067 3068 
3 3053 3071 3076 
3 3076 3071 3072 
3 3052 3053 3076 
3 3051 3052 3077 
3 3077 3052 3076 
3 3047 3051 3078 
3 3078 3051 3077 
3 3050 3047 3078 
3 3072 3073 3079 
3 3079 3073 3074 
3 3076 3072 3079 
3 3077 3076 3079 
3 3078 3077 3079 
3 3079 3074 3080 
3 3080 3074 3075 
3 3078 3079 3080 
3 3050 3078 3080 
3 3049 3050 3081 
3 3081 3050 3080 
3 3081 3080 3075 
3 3081 3075 3046 
3 3046 3075 3068 
3 3046 3068 3022 
3 3046 3039 3045 
3 3081 3046 3045 
3 3045 3048 3081 
3 3081 3048 3049 
3 3082 3083 3084 
3 3082 3085 3083 
3 3085 3086 3087 
3 3088 3089 3090 
3 3089 3085 3090 
3 3088 3091 3089 
3 3092 3086 3089 
3 3087 3086 3093 
3 3089 3091 3092 
3 3093 3092 3094 
3 3095 3096 3097 
3 3098 3096 3095 
3 32 33 3099 
3 33 35 3100 
3 3101 3102 3103 
3 3101 3104 3102 
3 3104 3105 3106 
3 3102 3091 3103 
3 3091 3088 3107 
3 3091 3102 3092 
3 3102 3106 3094 
3 3104 3098 3105 
3 3098 3095 3105 
3 37 3108 35 
3 3108 37 39 
3 3109 39 41 
3 3110 41 43 
3 3111 3112 49 
3 3112 3113 49 
3 3114 3115 3116 
3 54 62 3115 
3 62 64 3116 
3 52 3117 3111 
3 3114 3117 3115 
3 3117 52 54 
3 3118 3119 3120 
3 84 2844 3119 
3 2844 2864 3120 
3 3116 3121 3122 
3 3121 3116 64 
3 3121 3123 3122 
3 3123 3124 3125 
3 3124 3119 3118 
3 66 3126 3121 
3 3126 3124 3121 
3 3124 3126 3119 
3 3126 66 84 
3 3125 3118 3127 
3 3120 3128 3129 
3 3127 3118 3129 
3 3128 3130 3129 
3 3131 3130 3128 
3 2864 2860 3128 
3 2860 2858 3131 
3 3131 3128 2860 
3 3128 3120 2864 
3 3130 3132 3129 
3 3129 3132 3127 
3 3129 3118 3120 
3 84 3119 3126 
3 3124 3123 3121 
3 3118 3125 3124 
3 64 66 3121 
3 3122 3114 3116 
3 2844 3120 3119 
3 54 3115 3117 
3 3111 49 52 
3 62 3116 3115 
3 3113 43 49 
3 3110 43 3113 
3 41 3110 3109 
3 39 3109 3108 
3 3108 3100 35 
3 3094 3092 3102 
3 3107 3103 3091 
3 3104 3106 3102 
3 3100 3099 33 
3 3099 3097 32 
3 3096 32 3097 
3 3092 3093 3086 
3 3086 3085 3089 
3 3085 3082 3090 
3 3087 3083 3085 
3 336 338 2323 
3 2323 338 339 
3 2077 1409 1408 
3 3133 3134 3135 
3 3136 3137 3138 
3 2346 1588 3139 
3 3139 1588 1587 
3 3140 2229 3141 
3 3141 2229 2359 
3 3139 1587 3142 
3 3142 1587 1604 
3 3143 3144 3145 
3 3145 3144 3146 
3 3145 3146 3147 
3 3147 3146 3148 
3 3147 3148 3149 
3 3149 3148 3150 
3 3151 3152 3153 
3 3153 3152 3154 
3 448 3140 3155 
3 3155 3140 3141 
3 449 448 3156 
3 3156 448 3155 
3 3157 3158 3159 
3 3159 3158 2003 
3 3159 2003 2002 
3 3160 3157 3161 
3 3161 3157 3159 
3 3162 3160 3163 
3 3163 3160 3161 
3 3164 3162 3165 
3 3165 3162 3163 
3 3149 3150 3166 
3 3166 3150 3167 
3 3166 3167 3168 
3 3168 3167 3169 
3 3168 3169 3170 
3 3170 3169 3171 
3 3170 3171 3172 
3 3172 3171 3173 
3 3172 3173 3174 
3 3174 3173 3151 
3 3174 3151 3153 
3 3159 2002 3175 
3 3175 2002 2011 
3 3175 2011 3176 
3 3176 2011 2092 
3 3176 2092 3177 
3 3177 2092 2078 
3 3177 2078 3178 
3 3178 2078 2077 
3 3178 2077 3179 
3 3179 2077 1408 
3 3179 1408 1414 
3 3180 3164 3181 
3 3181 3164 3165 
3 3182 3180 3183 
3 3183 3180 3181 
3 3184 3136 3185 
3 3185 3136 3138 
3 3186 3184 3187 
3 3187 3184 3185 
3 3188 3186 3189 
3 3189 3186 3187 
3 3190 3188 3191 
3 3191 3188 3189 
3 3192 3190 3193 
3 3193 3190 3191 
3 3185 3138 3194 
3 3194 3138 3195 
3 3194 3195 3196 
3 3196 3195 3197 
3 3196 3197 3198 
3 3198 3197 3199 
3 3198 3199 3200 
3 3200 3199 3201 
3 3202 3203 3204 
3 3204 3203 3205 
3 3206 3202 3207 
3 3207 3202 3204 
3 3208 3206 3209 
3 3209 3206 3207 
3 3210 3208 3211 
3 3211 3208 3209 
3 1727 3210 3212 
3 3212 3210 3211 
3 1729 1727 3213 
3 3213 1727 3212 
3 1731 1729 3214 
3 3214 1729 3213 
3 1733 1731 3215 
3 3215 1731 3214 
3 1735 1733 3216 
3 3216 1733 3215 
3 1737 1735 3217 
3 3217 1735 3216 
3 1739 1737 3218 
3 3218 1737 3217 
3 1741 1739 3219 
3 3219 1739 3218 
3 1743 1741 3220 
3 3220 1741 3219 
3 1745 1743 3221 
3 3221 1743 3220 
3 1747 1745 3222 
3 3222 1745 3221 
3 1749 1747 3223 
3 3223 1747 3222 
3 1751 1749 3224 
3 3224 1749 3223 
3 1753 1751 3225 
3 3225 1751 3224 
3 1758 1753 3225 
3 3226 3227 3228 
3 3228 3227 3229 
3 3230 3226 3231 
3 3231 3226 3228 
3 3154 3230 3232 
3 3232 3230 3231 
3 3153 3154 3232 
3 3229 3192 3233 
3 3233 3192 3193 
3 3228 3229 3233 
3 3142 1604 3234 
3 3234 1604 1605 
3 3234 1605 3235 
3 3235 1605 1649 
3 3235 1649 3236 
3 3236 1649 1651 
3 3179 1414 3237 
3 3237 1414 3238 
3 3238 1414 1416 
3 3238 1416 3239 
3 3239 1416 411 
3 3239 411 3240 
3 3240 411 410 
3 3240 410 3241 
3 3241 410 445 
3 3241 445 3242 
3 3242 445 443 
3 3242 443 3243 
3 3243 443 441 
3 3243 441 3244 
3 3244 441 439 
3 3244 439 3245 
3 3245 439 437 
3 3245 437 3246 
3 3246 437 435 
3 3246 435 3247 
3 3247 435 433 
3 2359 2344 3248 
3 3248 2344 2345 
3 3141 2359 3249 
3 3249 2359 3248 
3 3248 2345 3250 
3 3250 2345 2346 
3 3250 2346 3251 
3 3251 2346 3139 
3 420 417 3252 
3 3252 417 415 
3 422 420 3253 
3 3253 420 3252 
3 424 422 3254 
3 3254 422 3253 
3 426 424 3255 
3 3255 424 3254 
3 427 426 3256 
3 3256 426 3255 
3 3252 415 3257 
3 3257 415 413 
3 3257 413 3258 
3 3258 413 409 
3 3258 409 3259 
3 3259 409 408 
3 3259 408 3260 
3 3260 408 455 
3 3260 455 3261 
3 3261 455 453 
3 3261 453 451 
3 3261 451 3262 
3 3262 451 449 
3 3262 449 3263 
3 3263 449 3156 
3 429 427 3264 
3 3264 427 3256 
3 431 429 3265 
3 3265 429 3264 
3 433 431 3266 
3 3266 431 3265 
3 3247 433 3266 
3 3267 3268 3269 
3 3269 3268 3270 
3 3201 3267 3271 
3 3271 3267 3269 
3 3200 3201 3272 
3 3272 3201 3271 
3 3269 3270 3273 
3 3273 3270 3274 
3 3273 3274 3275 
3 3275 3274 3276 
3 3275 3276 3277 
3 3277 3276 3278 
3 3277 3278 3279 
3 3279 3278 3280 
3 3279 3280 3281 
3 3281 3280 3282 
3 3281 3282 3283 
3 3283 3282 3284 
3 3283 3284 3285 
3 3285 3284 3286 
3 3285 3286 3287 
3 3287 3286 3288 
3 3287 3288 3289 
3 3289 3288 3182 
3 3289 3182 3290 
3 3290 3182 3183 
3 3291 3292 3293 
3 3293 3292 3294 
3 3295 3291 3296 
3 3296 3291 3293 
3 3297 3295 3298 
3 3298 3295 3296 
3 3299 3297 3300 
3 3300 3297 3298 
3 3301 3299 3302 
3 3302 3299 3300 
3 3303 3301 3304 
3 3304 3301 3302 
3 3305 3303 3306 
3 3306 3303 3304 
3 3307 3305 3308 
3 3308 3305 3306 
3 3309 3307 3310 
3 3310 3307 3308 
3 3205 3309 3311 
3 3311 3309 3310 
3 3204 3205 3312 
3 3312 3205 3311 
3 1756 1758 3313 
3 3313 1758 3225 
3 1754 1756 3314 
3 3314 1756 3313 
3 1654 1754 3315 
3 3315 1754 3314 
3 1653 1654 3316 
3 3316 1654 3315 
3 3293 3294 3317 
3 3317 3294 3318 
3 3318 3294 3319 
3 3318 3319 3320 
3 3320 3319 3321 
3 3320 3321 3322 
3 3322 3321 3133 
3 3322 3133 3323 
3 3323 3133 3135 
3 3323 3135 3324 
3 3324 3135 3325 
3 3324 3325 3326 
3 3326 3325 3327 
3 3326 3327 3328 
3 3328 3327 3329 
3 3328 3329 3330 
3 3330 3329 3331 
3 3330 3331 3332 
3 3332 3331 3333 
3 3332 3333 3334 
3 3334 3333 3335 
3 3334 3335 3336 
3 3336 3335 3143 
3 3336 3143 3337 
3 3337 3143 3145 
3 1651 1653 3338 
3 3338 1653 3339 
3 3339 1653 3316 
3 3236 1651 3340 
3 3340 1651 3338 
3 3251 3139 3142 
3 3161 3159 3341 
3 3341 3159 3175 
3 3337 3145 3342 
3 3342 3145 3147 
3 3163 3161 3343 
3 3343 3161 3341 
3 3342 3147 3344 
3 3344 3147 3149 
3 3178 3179 3345 
3 3345 3179 3237 
3 3177 3178 3345 
3 3165 3163 3346 
3 3346 3163 3343 
3 3249 3248 3347 
3 3347 3248 3250 
3 3176 3177 3348 
3 3348 3177 3345 
3 3175 3176 3348 
3 3341 3175 3349 
3 3349 3175 3348 
3 3343 3341 3349 
3 3349 3348 3350 
3 3350 3348 3345 
3 3350 3345 3351 
3 3351 3345 3237 
3 3351 3237 3352 
3 3352 3237 3238 
3 3352 3238 3239 
3 3352 3239 3353 
3 3353 3239 3240 
3 3353 3240 3354 
3 3343 3349 3355 
3 3355 3349 3350 
3 3346 3343 3355 
3 3355 3350 3356 
3 3356 3350 3351 
3 3356 3351 3357 
3 3357 3351 3352 
3 3357 3352 3353 
3 3251 3142 3358 
3 3358 3142 3234 
3 3250 3251 3359 
3 3359 3251 3358 
3 3347 3250 3359 
3 3344 3149 3360 
3 3360 3149 3166 
3 3155 3141 3361 
3 3361 3141 3249 
3 3361 3249 3362 
3 3362 3249 3347 
3 3362 3347 3363 
3 3363 3347 3359 
3 3363 3359 3364 
3 3364 3359 3358 
3 3364 3358 3365 
3 3365 3358 3234 
3 3365 3234 3235 
3 3365 3235 3366 
3 3366 3235 3236 
3 3364 3365 3367 
3 3367 3365 3366 
3 3363 3364 3368 
3 3368 3364 3367 
3 3362 3363 3369 
3 3369 3363 3368 
3 3361 3362 3370 
3 3370 3362 3369 
3 3155 3361 3371 
3 3371 3361 3370 
3 3156 3155 3371 
3 3346 3355 3372 
3 3372 3355 3356 
3 3372 3356 3373 
3 3373 3356 3357 
3 3373 3357 3374 
3 3374 3357 3353 
3 3374 3353 3354 
3 3354 3240 3241 
3 3354 3241 3375 
3 3375 3241 3242 
3 3375 3242 3376 
3 3376 3242 3243 
3 3187 3185 3377 
3 3377 3185 3194 
3 3189 3187 3378 
3 3378 3187 3377 
3 3181 3165 3379 
3 3379 3165 3346 
3 3379 3346 3372 
3 3379 3372 3380 
3 3380 3372 3373 
3 3380 3373 3381 
3 3381 3373 3374 
3 3381 3374 3382 
3 3382 3374 3354 
3 3382 3354 3375 
3 3382 3375 3383 
3 3383 3375 3376 
3 3263 3156 3384 
3 3384 3156 3371 
3 3366 3236 3385 
3 3385 3236 3340 
3 3367 3366 3386 
3 3386 3366 3385 
3 3368 3367 3387 
3 3387 3367 3386 
3 3369 3368 3387 
3 3191 3189 3388 
3 3388 3189 3378 
3 3193 3191 3389 
3 3389 3191 3388 
3 3233 3193 3390 
3 3390 3193 3389 
3 3228 3233 3391 
3 3391 3233 3390 
3 3231 3228 3392 
3 3392 3228 3391 
3 3183 3181 3393 
3 3393 3181 3379 
3 3393 3379 3380 
3 3290 3183 3394 
3 3394 3183 3393 
3 3370 3369 3395 
3 3395 3369 3387 
3 3371 3370 3396 
3 3396 3370 3395 
3 3384 3371 3396 
3 3394 3393 3397 
3 3397 3393 3380 
3 3397 3380 3381 
3 3397 3381 3398 
3 3398 3381 3382 
3 3399 3382 3383 
3 3360 3166 3400 
3 3400 3166 3168 
3 3400 3168 3401 
3 3401 3168 3170 
3 3401 3170 3172 
3 3401 3172 3402 
3 3402 3172 3174 
3 3402 3174 3403 
3 3403 3174 3153 
3 3403 3153 3404 
3 3404 3153 3232 
3 3376 3243 3405 
3 3405 3243 3244 
3 3383 3376 3406 
3 3406 3376 3405 
3 3399 3383 3406 
3 3405 3244 3407 
3 3407 3244 3245 
3 3407 3245 3408 
3 3408 3245 3246 
3 3339 3316 3409 
3 3409 3316 3315 
3 3409 3315 3410 
3 3410 3315 3314 
3 3410 3314 3411 
3 3411 3314 3313 
3 3411 3313 3412 
3 3412 3313 3225 
3 3412 3225 3413 
3 3413 3225 3224 
3 3232 3231 3414 
3 3414 3231 3392 
3 3404 3232 3414 
3 3271 3269 3415 
3 3415 3269 3273 
3 3272 3271 3416 
3 3416 3271 3415 
3 3207 3204 3417 
3 3417 3204 3312 
3 3209 3207 3418 
3 3418 3207 3417 
3 3211 3209 3419 
3 3419 3209 3418 
3 3212 3211 3420 
3 3420 3211 3419 
3 3213 3212 3421 
3 3421 3212 3420 
3 3214 3213 3422 
3 3422 3213 3421 
3 3215 3214 3423 
3 3423 3214 3422 
3 3216 3215 3424 
3 3424 3215 3423 
3 3217 3216 3425 
3 3425 3216 3424 
3 3218 3217 3426 
3 3426 3217 3425 
3 3219 3218 3427 
3 3427 3218 3426 
3 3220 3219 3428 
3 3428 3219 3427 
3 3221 3220 3429 
3 3429 3220 3428 
3 3222 3221 3430 
3 3430 3221 3429 
3 3223 3222 3431 
3 3431 3222 3430 
3 3224 3223 3432 
3 3432 3223 3431 
3 3413 3224 3432 
3 3406 3405 3433 
3 3433 3405 3407 
3 3433 3407 3434 
3 3434 3407 3408 
3 3399 3406 3435 
3 3435 3406 3433 
3 3397 3398 3436 
3 3437 3399 3435 
3 3394 3397 3436 
3 3436 3398 3437 
3 3290 3394 3438 
3 3438 3394 3436 
3 3289 3290 3439 
3 3439 3290 3438 
3 3287 3289 3440 
3 3440 3289 3439 
3 3285 3287 3441 
3 3441 3287 3440 
3 3283 3285 3442 
3 3442 3285 3441 
3 3281 3283 3443 
3 3443 3283 3442 
3 3279 3281 3444 
3 3444 3281 3443 
3 3277 3279 3445 
3 3445 3279 3444 
3 3275 3277 3446 
3 3446 3277 3445 
3 3435 3433 3447 
3 3447 3433 3434 
3 3437 3435 3448 
3 3448 3435 3447 
3 3436 3437 3449 
3 3449 3437 3448 
3 3438 3436 3449 
3 3439 3438 3450 
3 3450 3438 3449 
3 3440 3439 3451 
3 3451 3439 3450 
3 3441 3440 3452 
3 3452 3440 3451 
3 3442 3441 3453 
3 3453 3441 3452 
3 3443 3442 3454 
3 3454 3442 3453 
3 3444 3443 3455 
3 3455 3443 3454 
3 3445 3444 3456 
3 3456 3444 3455 
3 3446 3445 3456 
3 3273 3275 3457 
3 3457 3275 3446 
3 3415 3273 3457 
3 3457 3446 3458 
3 3458 3446 3456 
3 3416 3415 3459 
3 3459 3415 3457 
3 3459 3457 3460 
3 3460 3457 3458 
3 3253 3252 3461 
3 3461 3252 3257 
3 3254 3253 3462 
3 3462 3253 3461 
3 3255 3254 3463 
3 3463 3254 3462 
3 3256 3255 3464 
3 3464 3255 3463 
3 3264 3256 3465 
3 3465 3256 3464 
3 3265 3264 3466 
3 3466 3264 3465 
3 3266 3265 3467 
3 3467 3265 3466 
3 3247 3266 3468 
3 3468 3266 3467 
3 3296 3293 3469 
3 3469 3293 3317 
3 3298 3296 3470 
3 3470 3296 3469 
3 3300 3298 3471 
3 3471 3298 3470 
3 3302 3300 3472 
3 3472 3300 3471 
3 3304 3302 3473 
3 3473 3302 3472 
3 3306 3304 3474 
3 3474 3304 3473 
3 3308 3306 3475 
3 3475 3306 3474 
3 3310 3308 3475 
3 3311 3310 3476 
3 3476 3310 3475 
3 3312 3311 3477 
3 3477 3311 3476 
3 3417 3312 3478 
3 3478 3312 3477 
3 3418 3417 3479 
3 3479 3417 3478 
3 3419 3418 3480 
3 3480 3418 3479 
3 3420 3419 3481 
3 3481 3419 3480 
3 3421 3420 3482 
3 3482 3420 3481 
3 3422 3421 3483 
3 3483 3421 3482 
3 3423 3422 3483 
3 3424 3423 3484 
3 3484 3423 3483 
3 3425 3424 3485 
3 3485 3424 3484 
3 3426 3425 3486 
3 3486 3425 3485 
3 3427 3426 3487 
3 3487 3426 3486 
3 3428 3427 3488 
3 3488 3427 3487 
3 3429 3428 3489 
3 3489 3428 3488 
3 3430 3429 3489 
3 3431 3430 3490 
3 3490 3430 3489 
3 3432 3431 3491 
3 3491 3431 3490 
3 3413 3432 3492 
3 3492 3432 3491 
3 3260 3261 3493 
3 3493 3261 3262 
3 3259 3260 3494 
3 3494 3260 3493 
3 3258 3259 3494 
3 3458 3456 3495 
3 3495 3456 3455 
3 3495 3455 3496 
3 3496 3455 3454 
3 3496 3454 3497 
3 3497 3454 3453 
3 3497 3453 3498 
3 3498 3453 3452 
3 3498 3452 3499 
3 3499 3452 3451 
3 3499 3451 3450 
3 3499 3450 3500 
3 3500 3450 3449 
3 3500 3449 3448 
3 3460 3458 3501 
3 3501 3458 3495 
3 3500 3448 3502 
3 3502 3448 3447 
3 3459 3460 3503 
3 3503 3460 3504 
3 3476 3475 3505 
3 3505 3475 3474 
3 3477 3476 3506 
3 3506 3476 3505 
3 3478 3477 3507 
3 3507 3477 3506 
3 3479 3478 3508 
3 3508 3478 3507 
3 3505 3474 3509 
3 3509 3474 3473 
3 3509 3473 3510 
3 3510 3473 3472 
3 3510 3472 3511 
3 3511 3472 3471 
3 3511 3471 3512 
3 3512 3471 3470 
3 3512 3470 3513 
3 3513 3470 3469 
3 3513 3469 3514 
3 3514 3469 3317 
3 3480 3479 3515 
3 3515 3479 3508 
3 3481 3480 3516 
3 3516 3480 3515 
3 3482 3481 3517 
3 3517 3481 3516 
3 3483 3482 3518 
3 3518 3482 3517 
3 3484 3483 3518 
3 3514 3317 3519 
3 3519 3317 3318 
3 3519 3318 3320 
3 3519 3320 3520 
3 3520 3320 3322 
3 3520 3322 3521 
3 3521 3322 3323 
3 3521 3323 3324 
3 3521 3324 3522 
3 3522 3324 3326 
3 3520 3521 3523 
3 3523 3521 3522 
3 3522 3326 3524 
3 3524 3326 3328 
3 3523 3522 3525 
3 3525 3522 3524 
3 3524 3328 3526 
3 3526 3328 3330 
3 3526 3330 3527 
3 3527 3330 3332 
3 3527 3332 3528 
3 3528 3332 3334 
3 3528 3334 3529 
3 3529 3334 3336 
3 3529 3336 3530 
3 3530 3336 3337 
3 3530 3337 3531 
3 3531 3337 3342 
3 3531 3342 3344 
3 3525 3524 3532 
3 3532 3524 3526 
3 3532 3526 3533 
3 3533 3526 3527 
3 3533 3527 3534 
3 3534 3527 3528 
3 3531 3344 3535 
3 3535 3344 3360 
3 3535 3360 3536 
3 3536 3360 3400 
3 3536 3400 3537 
3 3537 3400 3401 
3 3537 3401 3538 
3 3538 3401 3402 
3 3538 3402 3539 
3 3539 3402 3403 
3 3539 3403 3540 
3 3540 3403 3404 
3 3540 3404 3541 
3 3541 3404 3414 
3 3537 3538 3542 
3 3542 3538 3539 
3 3536 3537 3543 
3 3543 3537 3542 
3 3535 3536 3544 
3 3544 3536 3543 
3 3542 3539 3545 
3 3545 3539 3540 
3 3545 3540 3546 
3 3546 3540 3541 
3 3546 3541 3547 
3 3547 3541 3414 
3 3547 3414 3548 
3 3548 3414 3392 
3 3548 3392 3549 
3 3549 3392 3391 
3 3549 3391 3550 
3 3550 3391 3390 
3 3531 3535 3551 
3 3551 3535 3544 
3 3530 3531 3551 
3 3529 3530 3552 
3 3552 3530 3551 
3 3528 3529 3553 
3 3534 3528 3553 
3 3553 3529 3552 
3 3553 3552 3554 
3 3554 3552 3551 
3 3554 3551 3555 
3 3555 3551 3544 
3 3534 3553 3556 
3 3556 3553 3554 
3 3556 3554 3557 
3 3557 3554 3555 
3 3555 3544 3558 
3 3558 3544 3543 
3 3557 3555 3559 
3 3559 3555 3558 
3 3543 3542 3560 
3 3560 3542 3545 
3 3558 3543 3560 
3 3560 3545 3561 
3 3561 3545 3546 
3 3558 3560 3562 
3 3562 3560 3561 
3 3559 3558 3563 
3 3563 3558 3562 
3 3561 3546 3564 
3 3564 3546 3547 
3 3564 3547 3565 
3 3565 3547 3548 
3 3565 3548 3566 
3 3566 3548 3549 
3 3566 3549 3567 
3 3567 3549 3550 
3 3562 3561 3568 
3 3568 3561 3564 
3 3563 3562 3569 
3 3569 3562 3568 
3 3559 3563 3570 
3 3570 3563 3569 
3 3557 3559 3571 
3 3571 3559 3570 
3 3556 3557 3572 
3 3572 3557 3571 
3 3534 3556 3573 
3 3573 3556 3572 
3 3533 3534 3573 
3 3568 3564 3574 
3 3574 3564 3565 
3 3569 3568 3575 
3 3575 3568 3576 
3 3570 3569 3577 
3 3577 3569 3575 
3 3571 3570 3578 
3 3578 3570 3577 
3 3572 3571 3579 
3 3579 3571 3578 
3 3573 3572 3580 
3 3580 3572 3579 
3 3533 3573 3581 
3 3581 3573 3580 
3 3532 3533 3581 
3 3525 3532 3582 
3 3582 3532 3581 
3 3523 3525 3583 
3 3583 3525 3582 
3 3520 3523 3584 
3 3584 3523 3583 
3 3519 3520 3584 
3 3514 3519 3585 
3 3585 3519 3584 
3 3513 3514 3586 
3 3586 3514 3585 
3 3512 3513 3587 
3 3587 3513 3586 
3 3511 3512 3588 
3 3588 3512 3587 
3 3510 3511 3589 
3 3589 3511 3588 
3 3585 3584 3590 
3 3590 3584 3583 
3 3586 3585 3591 
3 3591 3585 3590 
3 3587 3586 3592 
3 3592 3586 3591 
3 3588 3587 3593 
3 3593 3587 3592 
3 3589 3588 3594 
3 3594 3588 3593 
3 3590 3583 3595 
3 3595 3583 3582 
3 3595 3582 3596 
3 3596 3582 3581 
3 3596 3581 3597 
3 3597 3581 3580 
3 3597 3580 3598 
3 3598 3580 3579 
3 3598 3579 3599 
3 3599 3579 3578 
3 3599 3578 3600 
3 3600 3578 3577 
3 3600 3577 3601 
3 3601 3577 3575 
3 3509 3510 3602 
3 3602 3510 3589 
3 3602 3589 3603 
3 3603 3589 3594 
3 3505 3509 3604 
3 3604 3509 3602 
3 3506 3505 3604 
3 3507 3506 3605 
3 3605 3506 3604 
3 3508 3507 3606 
3 3606 3507 3605 
3 3515 3508 3607 
3 3607 3508 3606 
3 3516 3515 3608 
3 3608 3515 3607 
3 3517 3516 3609 
3 3609 3516 3608 
3 3518 3517 3610 
3 3610 3517 3609 
3 3484 3518 3611 
3 3611 3518 3610 
3 3485 3484 3611 
3 3486 3485 3612 
3 3612 3485 3611 
3 3487 3486 3613 
3 3613 3486 3612 
3 3488 3487 3614 
3 3614 3487 3613 
3 3489 3488 3615 
3 3615 3488 3614 
3 3490 3489 3616 
3 3616 3489 3615 
3 3491 3490 3617 
3 3617 3490 3616 
3 3492 3491 3618 
3 3618 3491 3617 
3 3413 3492 3619 
3 3620 3492 3618 
3 3412 3413 3619 
3 3619 3492 3620 
3 3411 3412 3621 
3 3621 3412 3619 
3 3410 3411 3622 
3 3622 3411 3621 
3 3409 3410 3623 
3 3623 3410 3622 
3 3339 3409 3624 
3 3624 3409 3623 
3 3338 3339 3625 
3 3625 3339 3624 
3 3340 3338 3625 
3 3385 3340 3626 
3 3626 3340 3625 
3 3386 3385 3627 
3 3627 3385 3626 
3 3387 3386 3628 
3 3628 3386 3627 
3 3395 3387 3628 
3 3396 3395 3629 
3 3629 3395 3628 
3 3384 3396 3630 
3 3630 3396 3629 
3 3502 3447 3631 
3 3631 3447 3632 
3 3632 3447 3434 
3 3632 3434 3633 
3 3633 3434 3408 
3 3631 3632 3634 
3 3634 3632 3633 
3 3633 3408 3635 
3 3635 3408 3246 
3 3635 3246 3636 
3 3635 3636 3637 
3 3638 3636 3468 
3 3634 3633 3639 
3 3639 3633 3635 
3 3639 3635 3637 
3 3637 3636 3638 
3 3263 3384 3640 
3 3640 3384 3630 
3 3262 3263 3641 
3 3641 3263 3640 
3 3493 3262 3641 
3 3601 3575 3642 
3 3642 3575 3576 
3 3576 3568 3574 
3 3416 3459 3643 
3 3643 3459 3503 
3 3272 3416 3644 
3 3644 3416 3643 
3 3200 3272 3644 
3 3198 3200 3645 
3 3645 3200 3644 
3 3196 3198 3646 
3 3646 3198 3645 
3 3194 3196 3647 
3 3377 3194 3647 
3 3647 3196 3646 
3 3378 3377 3648 
3 3648 3377 3647 
3 3388 3378 3649 
3 3649 3378 3648 
3 3389 3388 3650 
3 3650 3388 3649 
3 3390 3389 3651 
3 3651 3389 3650 
3 3550 3390 3651 
3 3567 3550 3652 
3 3652 3550 3651 
3 3647 3646 3653 
3 3653 3646 3645 
3 3648 3647 3653 
3 3653 3645 3654 
3 3654 3645 3644 
3 3654 3644 3655 
3 3655 3644 3643 
3 3655 3643 3656 
3 3656 3643 3503 
3 3649 3648 3657 
3 3657 3648 3658 
3 3648 3653 3658 
3 3658 3653 3654 
3 3658 3654 3659 
3 3659 3654 3655 
3 3659 3655 3660 
3 3660 3655 3656 
3 3650 3649 3661 
3 3661 3649 3657 
3 3651 3650 3662 
3 3662 3650 3661 
3 3652 3651 3662 
3 3657 3658 3663 
3 3663 3658 3659 
3 3661 3657 3664 
3 3664 3657 3663 
3 3663 3659 3665 
3 3665 3659 3660 
3 3662 3661 3666 
3 3666 3661 3664 
3 3652 3662 3667 
3 3667 3662 3666 
3 3567 3652 3668 
3 3668 3652 3667 
3 3566 3567 3669 
3 3669 3567 3668 
3 3565 3566 3670 
3 3574 3565 3670 
3 3670 3566 3669 
3 3576 3574 3671 
3 3671 3574 3670 
3 3642 3576 3672 
3 3672 3576 3671 
3 3670 3669 3673 
3 3673 3669 3668 
3 3671 3670 3673 
3 3673 3668 3674 
3 3674 3668 3667 
3 3671 3673 3675 
3 3675 3673 3674 
3 3672 3671 3675 
3 3461 3257 3676 
3 3676 3257 3258 
3 3676 3258 3677 
3 3677 3258 3494 
3 3677 3494 3678 
3 3678 3494 3493 
3 3678 3493 3641 
3 3678 3641 3679 
3 3679 3641 3640 
3 3679 3640 3680 
3 3680 3640 3630 
3 3462 3461 3681 
3 3681 3461 3676 
3 3463 3462 3682 
3 3682 3462 3681 
3 3676 3677 3683 
3 3684 3677 3678 
3 3684 3678 3679 
3 3681 3676 3683 
3 3683 3677 3684 
3 3682 3681 3685 
3 3685 3681 3683 
3 3464 3463 3686 
3 3686 3463 3682 
3 3686 3682 3687 
3 3687 3682 3685 
3 3465 3464 3688 
3 3688 3464 3686 
3 3466 3465 3689 
3 3689 3465 3688 
3 3467 3466 3690 
3 3690 3466 3689 
3 3468 3467 3691 
3 3691 3467 3690 
3 3638 3468 3692 
3 3692 3468 3691 
3 3688 3686 3693 
3 3693 3686 3687 
3 3689 3688 3694 
3 3694 3688 3693 
3 3690 3689 3695 
3 3695 3689 3694 
3 3691 3690 3696 
3 3696 3690 3695 
3 3692 3691 3697 
3 3697 3691 3696 
3 3638 3692 3698 
3 3698 3692 3697 
3 3637 3638 3699 
3 3699 3638 3698 
3 3639 3637 3700 
3 3700 3637 3699 
3 3634 3639 3701 
3 3701 3639 3700 
3 3631 3634 3702 
3 3702 3634 3701 
3 3502 3631 3703 
3 3703 3631 3702 
3 3500 3502 3704 
3 3704 3502 3703 
3 3499 3500 3704 
3 3498 3499 3705 
3 3705 3499 3704 
3 3497 3498 3706 
3 3706 3498 3705 
3 3496 3497 3707 
3 3707 3497 3706 
3 3495 3496 3708 
3 3708 3496 3707 
3 3501 3495 3708 
3 3591 3590 3709 
3 3709 3590 3595 
3 3592 3591 3710 
3 3710 3591 3709 
3 3593 3592 3711 
3 3711 3592 3710 
3 3594 3593 3712 
3 3712 3593 3711 
3 3603 3594 3713 
3 3713 3594 3712 
3 3709 3595 3714 
3 3714 3595 3596 
3 3714 3596 3715 
3 3715 3596 3597 
3 3715 3597 3716 
3 3716 3597 3598 
3 3710 3709 3717 
3 3717 3709 3714 
3 3711 3710 3718 
3 3718 3710 3717 
3 3712 3711 3718 
3 3714 3715 3719 
3 3719 3715 3716 
3 3717 3714 3720 
3 3720 3714 3719 
3 3718 3717 3721 
3 3721 3717 3720 
3 3712 3718 3722 
3 3722 3718 3721 
3 3713 3712 3723 
3 3716 3598 3724 
3 3724 3598 3599 
3 3719 3716 3725 
3 3725 3716 3724 
3 3720 3719 3726 
3 3726 3719 3725 
3 3721 3720 3727 
3 3727 3720 3726 
3 3722 3721 3728 
3 3728 3721 3727 
3 3724 3599 3729 
3 3729 3599 3600 
3 3729 3600 3730 
3 3730 3600 3601 
3 3730 3601 3731 
3 3731 3601 3642 
3 3731 3642 3732 
3 3732 3642 3672 
3 3732 3672 3733 
3 3733 3672 3675 
3 3725 3724 3734 
3 3734 3724 3729 
3 3726 3725 3735 
3 3735 3725 3734 
3 3727 3726 3736 
3 3736 3726 3735 
3 3728 3727 3736 
3 3734 3729 3737 
3 3737 3729 3730 
3 3735 3734 3738 
3 3738 3734 3737 
3 3736 3735 3739 
3 3739 3735 3738 
3 3728 3736 3740 
3 3740 3736 3739 
3 3722 3728 3741 
3 3741 3728 3740 
3 3712 3722 3723 
3 3723 3722 3741 
3 3737 3730 3742 
3 3742 3730 3731 
3 3742 3731 3743 
3 3743 3731 3732 
3 3743 3732 3744 
3 3744 3732 3745 
3 3738 3737 3746 
3 3746 3737 3742 
3 3739 3738 3747 
3 3747 3738 3746 
3 3740 3739 3748 
3 3748 3739 3747 
3 3741 3740 3749 
3 3749 3740 3748 
3 3723 3741 3750 
3 3750 3741 3749 
3 3746 3742 3751 
3 3751 3742 3752 
3 3752 3742 3743 
3 3752 3743 3753 
3 3753 3743 3744 
3 3751 3752 3754 
3 3754 3752 3753 
3 3747 3746 3755 
3 3755 3746 3751 
3 3755 3751 3756 
3 3756 3751 3754 
3 3748 3747 3757 
3 3757 3747 3755 
3 3749 3748 3758 
3 3758 3748 3757 
3 3750 3749 3759 
3 3759 3749 3758 
3 3757 3755 3760 
3 3760 3755 3761 
3 3758 3757 3762 
3 3762 3757 3760 
3 3759 3758 3763 
3 3763 3758 3762 
3 3713 3723 3764 
3 3764 3723 3750 
3 3603 3713 3765 
3 3765 3713 3764 
3 3602 3603 3766 
3 3604 3602 3766 
3 3766 3603 3765 
3 3605 3604 3767 
3 3767 3604 3766 
3 3766 3765 3768 
3 3768 3765 3764 
3 3767 3766 3768 
3 3768 3764 3769 
3 3769 3764 3750 
3 3769 3750 3759 
3 3606 3605 3770 
3 3770 3605 3767 
3 3607 3606 3771 
3 3771 3606 3770 
3 3770 3767 3772 
3 3772 3767 3768 
3 3772 3768 3769 
3 3772 3769 3773 
3 3773 3769 3759 
3 3773 3759 3774 
3 3771 3770 3775 
3 3775 3770 3772 
3 3775 3772 3773 
3 3608 3607 3776 
3 3776 3607 3771 
3 3609 3608 3777 
3 3777 3608 3776 
3 3610 3609 3778 
3 3778 3609 3777 
3 3776 3771 3779 
3 3779 3771 3775 
3 3777 3776 3780 
3 3780 3776 3779 
3 3778 3777 3781 
3 3781 3777 3780 
3 3779 3775 3782 
3 3782 3775 3773 
3 3782 3773 3774 
3 3774 3759 3763 
3 3611 3610 3783 
3 3783 3610 3778 
3 3783 3778 3784 
3 3784 3778 3781 
3 3612 3611 3785 
3 3785 3611 3783 
3 3613 3612 3786 
3 3786 3612 3785 
3 3614 3613 3787 
3 3787 3613 3786 
3 3615 3614 3788 
3 3788 3614 3787 
3 3616 3615 3789 
3 3789 3615 3788 
3 3617 3616 3789 
3 3780 3779 3790 
3 3790 3779 3782 
3 3781 3780 3791 
3 3791 3780 3790 
3 3784 3781 3792 
3 3792 3781 3791 
3 3785 3783 3793 
3 3793 3783 3784 
3 3793 3784 3794 
3 3794 3784 3792 
3 3786 3785 3795 
3 3795 3785 3793 
3 3787 3786 3796 
3 3796 3786 3795 
3 3788 3787 3797 
3 3797 3787 3796 
3 3789 3788 3798 
3 3798 3788 3797 
3 3617 3789 3799 
3 3799 3789 3798 
3 3618 3617 3800 
3 3800 3617 3799 
3 3620 3618 3801 
3 3801 3618 3800 
3 3619 3620 3802 
3 3802 3620 3803 
3 3621 3619 3802 
3 3622 3621 3804 
3 3804 3621 3802 
3 3623 3622 3805 
3 3805 3622 3804 
3 3624 3623 3806 
3 3806 3623 3805 
3 3625 3624 3807 
3 3807 3624 3806 
3 3626 3625 3808 
3 3808 3625 3807 
3 3627 3626 3809 
3 3809 3626 3808 
3 3628 3627 3810 
3 3810 3627 3809 
3 3629 3628 3810 
3 3790 3782 3811 
3 3811 3782 3774 
3 3811 3774 3812 
3 3812 3774 3763 
3 3812 3763 3813 
3 3813 3763 3762 
3 3791 3790 3814 
3 3814 3790 3811 
3 3792 3791 3815 
3 3815 3791 3814 
3 3794 3792 3816 
3 3816 3792 3815 
3 3793 3794 3817 
3 3818 3794 3816 
3 3795 3793 3817 
3 3817 3794 3818 
3 3796 3795 3819 
3 3819 3795 3817 
3 3797 3796 3820 
3 3820 3796 3819 
3 3798 3797 3821 
3 3821 3797 3820 
3 3799 3798 3822 
3 3822 3798 3821 
3 3814 3811 3823 
3 3823 3811 3812 
3 3815 3814 3824 
3 3824 3814 3823 
3 3816 3815 3825 
3 3825 3815 3824 
3 3818 3816 3826 
3 3826 3816 3825 
3 3817 3818 3827 
3 3827 3818 3828 
3 3819 3817 3827 
3 3820 3819 3829 
3 3829 3819 3827 
3 3821 3820 3830 
3 3830 3820 3829 
3 3822 3821 3831 
3 3831 3821 3830 
3 3630 3629 3832 
3 3832 3629 3810 
3 3680 3630 3833 
3 3833 3630 3832 
3 3679 3680 3834 
3 3834 3680 3833 
3 3684 3679 3835 
3 3835 3679 3834 
3 3683 3684 3836 
3 3836 3684 3835 
3 3685 3683 3836 
3 3687 3685 3837 
3 3837 3685 3836 
3 3837 3836 3838 
3 3838 3836 3835 
3 3838 3835 3839 
3 3839 3835 3834 
3 3839 3834 3840 
3 3840 3834 3833 
3 3840 3833 3841 
3 3841 3833 3832 
3 3841 3832 3842 
3 3842 3832 3810 
3 3842 3809 3843 
3 3842 3810 3809 
3 3843 3809 3844 
3 3844 3809 3808 
3 3844 3808 3807 
3 3844 3807 3845 
3 3845 3807 3806 
3 3843 3844 3846 
3 3846 3844 3845 
3 3838 3839 3847 
3 3847 3839 3848 
3 3839 3840 3848 
3 3848 3840 3841 
3 3848 3841 3849 
3 3849 3841 3842 
3 3849 3842 3843 
3 3849 3843 3850 
3 3850 3843 3846 
3 3693 3687 3851 
3 3851 3687 3837 
3 3851 3837 3852 
3 3853 3837 3838 
3 3853 3838 3847 
3 3694 3693 3854 
3 3855 3693 3851 
3 3695 3694 3856 
3 3854 3693 3855 
3 3696 3695 3857 
3 3857 3695 3856 
3 3697 3696 3858 
3 3858 3696 3857 
3 3698 3697 3859 
3 3859 3697 3858 
3 3699 3698 3860 
3 3860 3698 3859 
3 3700 3699 3860 
3 3845 3806 3861 
3 3861 3806 3805 
3 3846 3845 3862 
3 3862 3845 3861 
3 3850 3846 3863 
3 3863 3846 3862 
3 3861 3805 3864 
3 3864 3805 3804 
3 3864 3804 3865 
3 3865 3804 3802 
3 3865 3802 3803 
3 3803 3620 3801 
3 3849 3850 3866 
3 3866 3850 3863 
3 3848 3849 3867 
3 3867 3849 3866 
3 3847 3848 3867 
3 3853 3847 3868 
3 3868 3847 3867 
3 3868 3867 3869 
3 3869 3867 3866 
3 3869 3866 3870 
3 3870 3866 3863 
3 3852 3868 3871 
3 3871 3868 3869 
3 3851 3852 3872 
3 3872 3852 3871 
3 3855 3851 3872 
3 3871 3869 3873 
3 3873 3869 3870 
3 3872 3871 3874 
3 3874 3871 3873 
3 3855 3872 3875 
3 3875 3872 3874 
3 3854 3855 3876 
3 3876 3855 3875 
3 3870 3863 3877 
3 3877 3863 3862 
3 3873 3870 3878 
3 3878 3870 3877 
3 3877 3862 3879 
3 3879 3862 3861 
3 3879 3861 3864 
3 3878 3877 3880 
3 3880 3877 3879 
3 3874 3873 3881 
3 3881 3873 3878 
3 3881 3878 3882 
3 3882 3878 3880 
3 3875 3874 3883 
3 3883 3874 3881 
3 3876 3875 3883 
3 3864 3865 3884 
3 3885 3865 3803 
3 3879 3864 3884 
3 3884 3865 3885 
3 3880 3879 3886 
3 3886 3879 3884 
3 3882 3880 3887 
3 3887 3880 3886 
3 3881 3882 3888 
3 3889 3882 3887 
3 3883 3881 3888 
3 3888 3882 3889 
3 3876 3883 3890 
3 3890 3883 3888 
3 3890 3888 3891 
3 3891 3888 3889 
3 3892 3889 3893 
3 3893 3889 3887 
3 3893 3887 3894 
3 3894 3887 3886 
3 3894 3886 3895 
3 3895 3886 3884 
3 3895 3884 3885 
3 3895 3885 3896 
3 3897 3885 3803 
3 3897 3803 3898 
3 3898 3803 3801 
3 3898 3801 3800 
3 3898 3800 3899 
3 3899 3800 3799 
3 3899 3799 3822 
3 3899 3822 3900 
3 3900 3822 3831 
3 3898 3899 3901 
3 3901 3899 3900 
3 3897 3898 3901 
3 3897 3901 3902 
3 3902 3901 3900 
3 3885 3897 3896 
3 3896 3897 3902 
3 3894 3895 3903 
3 3903 3895 3896 
3 3902 3900 3904 
3 3904 3900 3831 
3 3904 3831 3905 
3 3905 3831 3830 
3 3905 3830 3829 
3 3905 3829 3906 
3 3906 3829 3827 
3 3906 3827 3828 
3 3828 3818 3826 
3 3904 3905 3907 
3 3907 3905 3906 
3 3907 3906 3908 
3 3908 3906 3828 
3 3857 3856 3909 
3 3909 3856 3910 
3 3854 3911 3910 
3 3854 3876 3911 
3 3858 3857 3912 
3 3912 3857 3909 
3 3859 3858 3913 
3 3913 3858 3912 
3 3902 3904 3914 
3 3914 3904 3907 
3 3896 3902 3914 
3 3903 3896 3914 
3 3894 3903 3915 
3 3893 3894 3915 
3 3914 3907 3916 
3 3916 3907 3908 
3 3903 3914 3917 
3 3917 3914 3916 
3 3915 3903 3917 
3 3860 3859 3918 
3 3918 3859 3913 
3 3700 3860 3919 
3 3919 3860 3918 
3 3701 3700 3920 
3 3920 3700 3919 
3 3702 3701 3921 
3 3921 3701 3920 
3 3703 3702 3922 
3 3922 3702 3921 
3 3704 3703 3923 
3 3923 3703 3922 
3 3705 3704 3924 
3 3924 3704 3923 
3 3706 3705 3925 
3 3925 3705 3924 
3 3707 3706 3926 
3 3926 3706 3925 
3 3708 3707 3927 
3 3927 3707 3926 
3 3501 3708 3928 
3 3928 3708 3927 
3 3460 3501 3504 
3 3504 3501 3928 
3 3656 3503 3929 
3 3929 3503 3504 
3 3660 3656 3930 
3 3930 3656 3929 
3 3665 3660 3931 
3 3931 3660 3930 
3 3929 3504 3932 
3 3932 3504 3928 
3 3930 3929 3933 
3 3933 3929 3932 
3 3931 3930 3934 
3 3934 3930 3933 
3 3932 3928 3935 
3 3935 3928 3927 
3 3933 3932 3936 
3 3936 3932 3935 
3 3934 3933 3937 
3 3937 3933 3936 
3 3935 3927 3938 
3 3938 3927 3939 
3 3939 3927 3926 
3 3939 3926 3940 
3 3940 3926 3925 
3 3940 3925 3924 
3 3940 3924 3941 
3 3941 3924 3923 
3 3941 3923 3942 
3 3942 3923 3922 
3 3942 3922 3943 
3 3943 3922 3921 
3 3943 3921 3944 
3 3944 3921 3920 
3 3944 3920 3945 
3 3945 3920 3919 
3 3945 3919 3946 
3 3946 3919 3918 
3 3936 3935 3947 
3 3947 3935 3938 
3 3937 3936 3948 
3 3948 3936 3947 
3 3939 3940 3949 
3 3949 3940 3941 
3 3938 3939 3949 
3 3949 3941 3950 
3 3950 3941 3942 
3 3950 3942 3951 
3 3951 3942 3943 
3 3951 3943 3952 
3 3952 3943 3944 
3 3952 3944 3953 
3 3953 3944 3945 
3 3953 3945 3954 
3 3954 3945 3946 
3 3938 3949 3955 
3 3955 3949 3950 
3 3947 3938 3955 
3 3955 3950 3956 
3 3956 3950 3951 
3 3956 3951 3957 
3 3957 3951 3952 
3 3957 3952 3958 
3 3958 3952 3953 
3 3958 3953 3959 
3 3959 3953 3954 
3 3947 3955 3960 
3 3960 3955 3956 
3 3948 3947 3961 
3 3961 3947 3960 
3 3960 3956 3962 
3 3962 3956 3957 
3 3962 3957 3963 
3 3963 3957 3958 
3 3963 3958 3964 
3 3964 3958 3959 
3 3962 3963 3965 
3 3965 3963 3964 
3 3961 3960 3966 
3 3966 3960 3962 
3 3966 3962 3967 
3 3967 3962 3965 
3 3948 3961 3968 
3 3968 3961 3966 
3 3937 3948 3969 
3 3969 3948 3968 
3 3934 3937 3970 
3 3970 3937 3969 
3 3931 3934 3971 
3 3971 3934 3970 
3 3665 3931 3972 
3 3972 3931 3971 
3 3663 3665 3973 
3 3973 3665 3972 
3 3664 3973 3974 
3 3664 3663 3973 
3 3666 3664 3974 
3 3968 3966 3975 
3 3975 3966 3967 
3 3969 3968 3976 
3 3976 3968 3975 
3 3970 3969 3977 
3 3977 3969 3976 
3 3971 3970 3978 
3 3978 3970 3977 
3 3972 3971 3979 
3 3979 3971 3978 
3 3973 3972 3980 
3 3980 3972 3979 
3 3974 3973 3980 
3 3666 3974 3981 
3 3982 3974 3980 
3 3667 3666 3981 
3 3981 3974 3982 
3 3674 3667 3983 
3 3983 3667 3981 
3 3675 3674 3984 
3 3984 3674 3983 
3 3733 3984 3985 
3 3733 3675 3984 
3 3732 3733 3745 
3 3745 3733 3985 
3 3982 3980 3986 
3 3986 3980 3979 
3 3981 3982 3987 
3 3987 3982 3986 
3 3983 3981 3987 
3 3984 3983 3988 
3 3988 3983 3987 
3 3985 3984 3988 
3 3986 3979 3989 
3 3989 3979 3978 
3 3989 3978 3990 
3 3990 3978 3977 
3 3990 3977 3991 
3 3991 3977 3976 
3 3991 3976 3992 
3 3992 3976 3975 
3 3988 3987 3993 
3 3993 3987 3986 
3 3993 3986 3989 
3 3985 3988 3993 
3 3745 3985 3994 
3 3994 3985 3993 
3 3994 3993 3995 
3 3995 3993 3989 
3 3995 3989 3990 
3 3744 3745 3996 
3 3996 3745 3994 
3 3753 3744 3997 
3 3997 3744 3996 
3 3996 3994 3998 
3 3998 3994 3995 
3 3998 3995 3999 
3 3999 3995 3990 
3 3999 3990 3991 
3 3999 3991 4000 
3 4000 3991 3992 
3 3998 3999 4001 
3 4001 3999 4000 
3 3996 3998 4002 
3 4002 3998 4001 
3 3997 3996 4002 
3 3754 3753 4003 
3 4003 3753 3997 
3 4003 3997 4004 
3 4004 3997 4002 
3 3756 3754 4005 
3 4005 3754 4003 
3 4005 4003 4006 
3 4006 4003 4004 
3 3992 3975 4007 
3 4007 3975 3967 
3 4000 3992 4008 
3 4008 3992 4007 
3 4001 4000 4009 
3 4009 4000 4008 
3 4002 4001 4010 
3 4010 4001 4009 
3 4004 4002 4010 
3 4006 4004 4011 
3 4011 4004 4010 
3 4007 3967 4012 
3 4012 3967 3965 
3 4008 4007 4013 
3 4013 4007 4012 
3 4009 4008 4014 
3 4014 4008 4013 
3 4010 4009 4015 
3 4015 4009 4014 
3 4011 4010 4015 
3 4012 3965 4016 
3 4016 3965 3964 
3 4016 3964 4017 
3 4017 3964 3959 
3 4017 3959 4018 
3 4018 3959 3954 
3 4018 3954 4019 
3 4019 3954 3946 
3 4019 3946 4020 
3 4020 3946 3918 
3 4020 3918 4021 
3 4021 3918 3913 
3 4021 3913 4022 
3 4022 3913 3912 
3 4022 3912 4023 
3 4023 3912 3909 
3 4023 3909 4024 
3 4024 3909 3910 
3 4024 3910 4025 
3 4025 3910 3911 
3 4025 3911 4026 
3 4026 3911 3890 
3 4023 4024 4027 
3 4027 4024 4028 
3 4022 4023 4029 
3 4029 4023 4027 
3 4021 4022 4030 
3 4030 4022 4029 
3 4020 4021 4031 
3 4031 4021 4030 
3 4019 4020 4032 
3 4032 4020 4031 
3 4018 4019 4033 
3 4033 4019 4032 
3 4017 4018 4033 
3 3908 3828 4034 
3 4034 3828 3826 
3 4034 3826 4035 
3 4035 3826 3825 
3 4035 3825 4036 
3 4036 3825 3824 
3 4036 3824 4037 
3 4037 3824 3823 
3 4037 3823 4038 
3 4038 3823 3812 
3 4038 3812 4039 
3 4039 3812 3813 
3 4039 3813 4040 
3 4040 3813 4041 
3 3813 3762 4041 
3 4041 3762 3760 
3 3916 3908 4042 
3 4042 3908 4034 
3 4042 4034 4043 
3 4043 4034 4035 
3 4043 4035 4044 
3 4044 4035 4036 
3 4044 4036 4045 
3 4045 4036 4037 
3 4045 4037 4046 
3 4037 4038 4046 
3 4046 4038 4039 
3 4046 4039 4047 
3 4047 4039 4040 
3 3917 3916 4048 
3 4048 3916 4042 
3 3915 3917 4049 
3 4049 3917 4048 
3 3893 3915 4050 
3 4050 3915 4049 
3 3892 4050 4051 
3 3892 3893 4050 
3 4052 3892 4051 
3 4051 4050 4053 
3 4053 4050 4049 
3 4054 4051 4053 
3 4053 4049 4055 
3 4055 4049 4048 
3 4054 4053 4056 
3 4056 4053 4055 
3 4055 4048 4057 
3 4057 4048 4042 
3 4057 4042 4058 
3 4058 4042 4043 
3 4056 4055 4059 
3 4059 4055 4057 
3 4058 4043 4060 
3 4060 4043 4044 
3 4057 4058 4061 
3 4061 4058 4060 
3 4059 4057 4061 
3 4025 4026 4062 
3 4062 4052 4054 
3 4052 4051 4054 
3 4024 4025 4028 
3 4028 4025 4062 
3 4062 4054 4063 
3 4063 4054 4056 
3 4028 4062 4064 
3 4064 4062 4063 
3 4063 4056 4065 
3 4065 4056 4059 
3 4064 4063 4066 
3 4066 4063 4065 
3 4027 4028 4067 
3 4067 4028 4064 
3 4029 4027 4068 
3 4067 4064 4069 
3 4069 4064 4066 
3 4065 4059 4070 
3 4070 4059 4061 
3 4066 4065 4071 
3 4071 4065 4070 
3 4069 4066 4071 
3 4045 4046 4072 
3 4072 4046 4047 
3 4044 4045 4073 
3 4073 4045 4072 
3 4060 4044 4073 
3 4061 4060 4074 
3 4074 4060 4073 
3 4070 4061 4075 
3 4075 4061 4074 
3 4071 4070 4076 
3 4076 4070 4075 
3 4069 4071 4077 
3 4077 4071 4076 
3 4074 4073 4078 
3 4078 4073 4072 
3 4075 4074 4079 
3 4079 4074 4078 
3 4076 4075 4079 
3 4027 4067 4068 
3 4080 4067 4069 
3 4080 4069 4077 
3 4030 4029 4081 
3 4081 4029 4068 
3 4077 4076 4082 
3 4082 4076 4079 
3 4082 4079 4083 
3 4083 4079 4078 
3 4080 4077 4084 
3 4084 4077 4082 
3 4081 4068 4085 
3 4085 4080 4084 
3 4084 4082 4086 
3 4086 4082 4083 
3 4030 4081 4087 
3 4087 4081 4088 
3 4031 4030 4087 
3 4032 4031 4089 
3 4089 4031 4087 
3 4033 4032 4089 
3 4017 4033 4090 
3 4090 4033 4089 
3 4016 4017 4091 
3 4091 4017 4090 
3 4012 4016 4092 
3 4092 4016 4091 
3 4013 4012 4092 
3 4090 4089 4093 
3 4093 4089 4087 
3 4093 4087 4088 
3 4088 4081 4085 
3 4088 4085 4094 
3 4094 4085 4084 
3 4091 4090 4095 
3 4095 4090 4093 
3 4092 4091 4096 
3 4096 4091 4095 
3 4013 4092 4097 
3 4097 4092 4096 
3 4014 4013 4097 
3 4015 4014 4098 
3 4098 4014 4097 
3 4011 4015 4098 
3 4006 4011 4099 
3 4099 4011 4098 
3 4099 4098 4100 
3 4100 4098 4097 
3 4100 4097 4101 
3 4101 4097 4096 
3 4083 4078 4102 
3 4102 4078 4072 
3 4102 4072 4103 
3 4103 4072 4047 
3 4086 4083 4104 
3 4104 4083 4102 
3 4084 4086 4094 
3 4105 4086 4106 
3 4103 4047 4107 
3 4107 4047 4040 
3 4107 4040 4108 
3 4108 4040 4041 
3 4102 4103 4109 
3 4109 4103 4107 
3 4104 4102 4109 
3 4108 4041 4110 
3 4110 4041 3760 
3 4110 3760 3761 
3 3761 3755 3756 
3 3761 3756 4111 
3 4111 3756 4005 
3 4107 4108 4112 
3 4112 4108 4110 
3 4109 4107 4112 
3 4112 4110 4113 
3 4113 4110 3761 
3 4113 3761 4111 
3 4109 4112 4114 
3 4114 4112 4113 
3 4104 4109 4114 
3 4086 4104 4106 
3 4106 4104 4114 
3 4114 4113 4115 
3 4115 4113 4111 
3 4106 4114 4115 
3 4111 4005 4116 
3 4116 4005 4006 
3 4115 4111 4116 
3 4116 4006 4099 
3 4099 4100 4117 
3 4117 4100 4101 
3 4116 4099 4117 
3 4115 4116 4117 
3 4118 4115 4117 
3 4118 4117 4101 
3 4119 4101 4096 
3 4119 4096 4095 
3 4105 4119 4120 
3 4120 4119 4095 
3 4105 4094 4086 
3 4095 4093 4120 
3 4120 4093 4088 
3 3868 3852 3853 
3 3837 3853 3852 
3 3876 3890 3911 
3 3891 4026 3890 
3 4052 3891 3892 
3 3889 3892 3891 
3 4067 4080 4068 
3 4085 4068 4080 
3 4088 4094 4120 
3 4105 4120 4094 
3 4105 4118 4119 
3 4101 4119 4118 
3 4115 4118 4106 
3 4105 4106 4118 
3 3246 3247 3636 
3 3468 3636 3247 
3 3437 3398 3399 
3 3382 3399 3398 
3 3694 3854 3856 
3 3910 3856 3854 
3 3891 4052 4026 
3 4062 4026 4052 
3 1899 2326 1900 
3 1900 2326 1902 
3 2069 1989 1342 
3 1393 1395 2060 
3 1393 2060 2059 
3 1391 1393 2059 
3 1391 2059 2063 
3 1389 1391 2063 
3 1389 2063 2065 
3 2067 2069 1342 
3 2067 1342 1341 
3 1389 2065 1341 
3 1341 2065 2067 
3 1413 1411 2073 
3 2060 1395 4121 
3 4121 1395 1419 
3 2062 2060 4121 
3 1413 2073 4122 
3 4122 2073 2062 
3 1419 1413 4122 
3 2062 4121 4122 
3 4122 4121 1419 
3 448 447 2189 
3 2225 2229 3140 
3 2225 3140 2189 
3 2189 3140 448 
3 4123 4124 4125 
3 4123 4125 4126 
3 4126 4125 4127 
3 4128 4123 4126 
3 4126 4127 4129 
3 4129 4127 4130 
3 2847 2846 4131 
3 4131 2846 2994 
3 4132 2847 4131 
3 4129 4130 4133 
3 4133 4130 4134 
3 4133 4134 4135 
3 4135 4134 4136 
3 4137 4132 4138 
3 4138 4132 4131 
3 4139 4137 4140 
3 4140 4137 4138 
3 4141 4139 4142 
3 4142 4139 4140 
3 4138 4131 4143 
3 4143 4131 2994 
3 4143 2994 2995 
3 4143 2995 4144 
3 4144 2995 2996 
3 4144 2996 2997 
3 4144 2997 4145 
3 4145 2997 2999 
3 4145 2999 4146 
3 4146 2999 3001 
3 4146 3001 4147 
3 4147 3001 3003 
3 4147 3003 4148 
3 4148 3003 3005 
3 4148 3005 4149 
3 4149 3005 3007 
3 4149 3007 2976 
3 4149 2976 4150 
3 4150 2976 2974 
3 4150 2974 4151 
3 4151 2974 2972 
3 4151 2972 4152 
3 4152 2972 2970 
3 4152 2970 4153 
3 4153 2970 2968 
3 4153 2968 4154 
3 4154 2968 2966 
3 4154 2966 4155 
3 4155 2966 2964 
3 4155 2964 4156 
3 4156 2964 2954 
3 4156 2954 4157 
3 4157 2954 2949 
3 4157 2949 4158 
3 4158 2949 2948 
3 4158 2948 4159 
3 4159 2948 4160 
3 4159 4160 4161 
3 4161 4160 4162 
3 4161 4162 4163 
3 4163 4162 4164 
3 4163 4164 4165 
3 4165 4164 4128 
3 4165 4128 4126 
3 4165 4126 4129 
3 4166 4141 4167 
3 4167 4141 4142 
3 4168 4166 4169 
3 4169 4166 4167 
3 4170 4168 4171 
3 4171 4168 4169 
3 4135 4136 4172 
3 4172 4136 4173 
3 4172 4173 4174 
3 4174 4173 4175 
3 4174 4175 4176 
3 4176 4175 4177 
3 4176 4177 4178 
3 4178 4177 4170 
3 4178 4170 4171 
3 4165 4129 4133 
3 4163 4165 4133 
3 4163 4133 4179 
3 4179 4133 4135 
3 4161 4163 4179 
3 4159 4161 4180 
3 4180 4161 4179 
3 4158 4159 4180 
3 4157 4158 4181 
3 4181 4158 4180 
3 4156 4157 4181 
3 4180 4179 4182 
3 4181 4180 4182 
3 4182 4179 4135 
3 4182 4135 4172 
3 4181 4182 4183 
3 4183 4182 4172 
3 4156 4181 4183 
3 4183 4172 4174 
3 4155 4156 4184 
3 4184 4156 4183 
3 4184 4183 4174 
3 4184 4174 4176 
3 4155 4184 4176 
3 4154 4155 4176 
3 4154 4176 4178 
3 4153 4154 4178 
3 4153 4178 4171 
3 4152 4153 4171 
3 4152 4171 4169 
3 4151 4152 4169 
3 4151 4169 4185 
3 4185 4169 4167 
3 4150 4151 4185 
3 4148 4149 4150 
3 4148 4150 4185 
3 4147 4148 4185 
3 4147 4185 4167 
3 4147 4167 4146 
3 4146 4167 4142 
3 4145 4146 4142 
3 4145 4142 4140 
3 4144 4145 4140 
3 4144 4140 4143 
3 4143 4140 4138 
3 4162 4160 4186 
3 4187 4188 4189 
3 4189 4188 4190 
3 4191 4187 4192 
3 4192 4187 4189 
3 4162 4186 4193 
3 4193 4186 4194 
3 4164 4162 4193 
3 4195 4191 4196 
3 4196 4191 4192 
3 4193 4194 4197 
3 4197 4194 4198 
3 4197 4198 4199 
3 4199 4198 4200 
3 4199 4200 4201 
3 4201 4200 4202 
3 4201 4202 4203 
3 4203 4202 4204 
3 4203 4204 4205 
3 4205 4204 4206 
3 4205 4206 4207 
3 4207 4206 4208 
3 4207 4208 4209 
3 4209 4208 4210 
3 4209 4210 4211 
3 4211 4210 4212 
3 4211 4212 4213 
3 4213 4212 4214 
3 4213 4214 4215 
3 4215 4214 4216 
3 4215 4216 4217 
3 4217 4216 4218 
3 4217 4218 4219 
3 4219 4218 4195 
3 4219 4195 4196 
3 4189 4190 4220 
3 4220 4190 4221 
3 4222 3084 4223 
3 4223 3084 3083 
3 4224 4222 4225 
3 4225 4222 4223 
3 4226 4224 4227 
3 4227 4224 4225 
3 4228 4226 4229 
3 4229 4226 4227 
3 4223 3083 4230 
3 4230 3083 3087 
3 4231 4228 4232 
3 4232 4228 4229 
3 4233 4231 4234 
3 4234 4231 4232 
3 4235 4233 4236 
3 4236 4233 4234 
3 4221 4235 4237 
3 4237 4235 4236 
3 4220 4221 4237 
3 4230 3087 4238 
3 4238 3087 3093 
3 4238 3093 4239 
3 4239 3093 3094 
3 4239 3094 4240 
3 4240 3094 3106 
3 4240 3106 4241 
3 4241 3106 3105 
3 4241 3105 4242 
3 4242 3105 3095 
3 4242 3095 4243 
3 4243 3095 3097 
3 4243 3097 4244 
3 4244 3097 3099 
3 4244 3099 4245 
3 4245 3099 3100 
3 4245 3100 4246 
3 4246 3100 3108 
3 4246 3108 4247 
3 4247 3108 3109 
3 4247 3109 4248 
3 4248 3109 3110 
3 4248 3110 4249 
3 4249 3110 3113 
3 4249 3113 4250 
3 4250 3113 3112 
3 4250 3112 4251 
3 4251 3112 3111 
3 4251 3111 4252 
3 4251 4252 4253 
3 4253 4252 4254 
3 4253 4254 4255 
3 4255 4254 4256 
3 4255 4256 4257 
3 4257 4256 4258 
3 4257 4258 4259 
3 4259 4258 4260 
3 4259 4260 4261 
3 4261 4260 4262 
3 4261 4262 4263 
3 4263 4262 4264 
3 4263 4264 4265 
3 4265 4264 4266 
3 4265 4266 4267 
3 4267 4266 4268 
3 4267 4268 4269 
3 4269 4268 4270 
3 4269 4270 4271 
3 4128 4164 4272 
3 4272 4164 4193 
3 4123 4128 4273 
3 4273 4128 4272 
3 4124 4123 4274 
3 4274 4123 4273 
3 4275 4124 4276 
3 4276 4124 4274 
3 4277 4275 4276 
3 4271 4277 4278 
3 4278 4277 4276 
3 4269 4271 4279 
3 4279 4271 4278 
3 4272 4193 4280 
3 4280 4193 4197 
3 4192 4189 4281 
3 4281 4189 4220 
3 4196 4192 4282 
3 4282 4192 4281 
3 4281 4220 4283 
3 4283 4220 4237 
3 4282 4281 4284 
3 4284 4281 4283 
3 4219 4196 4285 
3 4285 4196 4282 
3 4280 4286 4287 
3 4280 4197 4286 
3 4227 4225 4288 
3 4288 4225 4223 
3 4288 4223 4230 
3 4229 4227 4289 
3 4289 4227 4288 
3 4232 4229 4290 
3 4290 4229 4289 
3 4288 4230 4291 
3 4291 4230 4238 
3 4289 4288 4291 
3 4234 4232 4292 
3 4292 4232 4290 
3 4236 4234 4293 
3 4293 4234 4292 
3 4237 4236 4294 
3 4294 4236 4293 
3 4283 4237 4294 
3 4291 4238 4295 
3 4295 4238 4239 
3 4295 4239 4296 
3 4296 4239 4240 
3 4289 4291 4297 
3 4297 4291 4295 
3 4290 4289 4297 
3 4292 4290 4298 
3 4298 4290 4297 
3 4297 4295 4299 
3 4299 4295 4296 
3 4298 4297 4300 
3 4300 4297 4299 
3 4293 4292 4301 
3 4301 4292 4298 
3 4301 4298 4302 
3 4302 4298 4300 
3 4294 4293 4303 
3 4303 4293 4301 
3 4303 4301 4304 
3 4304 4301 4302 
3 4283 4294 4305 
3 4305 4294 4303 
3 4284 4283 4305 
3 4305 4303 4306 
3 4306 4303 4304 
3 4296 4240 4307 
3 4307 4240 4241 
3 4299 4296 4308 
3 4308 4296 4307 
3 4300 4299 4309 
3 4309 4299 4308 
3 4302 4300 4309 
3 4304 4302 4310 
3 4310 4302 4309 
3 4306 4304 4311 
3 4311 4304 4310 
3 4307 4241 4312 
3 4312 4241 4242 
3 4308 4307 4313 
3 4313 4307 4312 
3 4309 4308 4314 
3 4314 4308 4313 
3 4310 4309 4314 
3 4311 4310 4315 
3 4315 4310 4314 
3 4315 4314 4316 
3 4316 4314 4313 
3 4316 4313 4317 
3 4317 4313 4312 
3 4317 4312 4318 
3 4318 4312 4242 
3 4318 4242 4319 
3 4319 4242 4243 
3 4319 4243 4320 
3 4320 4243 4244 
3 4320 4244 4321 
3 4321 4244 4245 
3 4321 4245 4322 
3 4322 4245 4246 
3 4322 4246 4323 
3 4323 4246 4247 
3 4323 4247 4324 
3 4324 4247 4248 
3 4324 4248 4325 
3 4325 4248 4249 
3 4325 4249 4326 
3 4326 4249 4250 
3 4326 4250 4327 
3 4327 4250 4251 
3 4327 4251 4253 
3 4273 4272 4328 
3 4328 4272 4280 
3 4328 4280 4287 
3 4274 4273 4329 
3 4329 4273 4328 
3 4276 4274 4330 
3 4330 4274 4329 
3 4278 4276 4330 
3 4279 4278 4331 
3 4331 4278 4330 
3 4285 4282 4332 
3 4332 4282 4284 
3 4332 4284 4333 
3 4333 4284 4305 
3 4333 4305 4306 
3 4333 4306 4334 
3 4334 4306 4311 
3 4334 4311 4335 
3 4335 4311 4315 
3 4335 4315 4336 
3 4336 4315 4316 
3 4336 4316 4337 
3 4337 4316 4317 
3 4337 4317 4338 
3 4338 4317 4318 
3 4338 4318 4339 
3 4339 4318 4319 
3 4339 4319 4320 
3 4339 4320 4340 
3 4340 4320 4321 
3 4340 4321 4341 
3 4341 4321 4322 
3 4341 4322 4342 
3 4342 4322 4323 
3 4342 4323 4343 
3 4343 4323 4324 
3 4343 4324 4344 
3 4344 4324 4325 
3 4344 4325 4345 
3 4345 4325 4326 
3 4345 4326 4346 
3 4346 4326 4327 
3 4346 4327 4347 
3 4347 4327 4253 
3 4347 4253 4348 
3 4348 4253 4255 
3 4348 4255 4349 
3 4349 4255 4257 
3 4349 4257 4350 
3 4350 4257 4259 
3 4350 4259 4351 
3 4351 4259 4261 
3 4351 4261 4352 
3 4352 4261 4263 
3 4352 4263 4353 
3 4353 4263 4265 
3 4353 4265 4354 
3 4354 4265 4267 
3 4354 4267 4355 
3 4355 4267 4269 
3 4355 4269 4279 
3 4355 4279 4356 
3 4356 4279 4331 
3 4354 4355 4357 
3 4357 4355 4356 
3 4353 4354 4358 
3 4358 4354 4357 
3 4352 4353 4359 
3 4359 4353 4358 
3 4351 4352 4360 
3 4360 4352 4359 
3 4350 4351 4361 
3 4361 4351 4360 
3 4349 4350 4362 
3 4362 4350 4361 
3 4348 4349 4363 
3 4363 4349 4362 
3 4347 4348 4363 
3 4338 4339 4364 
3 4364 4339 4340 
3 4337 4338 4365 
3 4365 4338 4364 
3 4364 4340 4366 
3 4366 4340 4341 
3 4366 4341 4367 
3 4367 4341 4342 
3 4367 4342 4368 
3 4368 4342 4343 
3 4336 4337 4369 
3 4369 4337 4365 
3 4335 4336 4370 
3 4370 4336 4369 
3 4368 4343 4371 
3 4371 4343 4344 
3 4371 4344 4372 
3 4372 4344 4345 
3 4372 4345 4373 
3 4373 4345 4346 
3 4373 4346 4374 
3 4374 4346 4347 
3 4374 4347 4363 
3 4334 4335 4375 
3 4375 4335 4370 
3 4333 4334 4375 
3 4332 4333 4376 
3 4376 4333 4375 
3 4365 4364 4377 
3 4377 4364 4366 
3 4369 4365 4378 
3 4378 4365 4377 
3 4370 4369 4379 
3 4379 4369 4378 
3 4375 4370 4380 
3 4380 4370 4379 
3 4376 4375 4380 
3 4377 4366 4381 
3 4381 4366 4367 
3 4381 4367 4382 
3 4382 4367 4368 
3 4382 4368 4383 
3 4383 4368 4371 
3 4383 4371 4384 
3 4384 4371 4372 
3 4384 4372 4385 
3 4385 4372 4373 
3 4385 4373 4386 
3 4386 4373 4374 
3 4386 4374 4387 
3 4387 4374 4363 
3 4387 4363 4388 
3 4388 4363 4362 
3 4388 4362 4389 
3 4389 4362 4361 
3 4389 4361 4390 
3 4390 4361 4360 
3 4390 4360 4391 
3 4391 4360 4359 
3 4391 4359 4392 
3 4392 4359 4358 
3 4392 4358 4393 
3 4393 4358 4357 
3 4393 4357 4394 
3 4394 4357 4356 
3 4394 4356 4395 
3 4395 4356 4331 
3 4395 4331 4330 
3 4395 4330 4396 
3 4396 4330 4329 
3 4396 4329 4397 
3 4397 4329 4328 
3 4397 4328 4287 
3 4378 4377 4398 
3 4398 4377 4381 
3 4379 4378 4399 
3 4399 4378 4398 
3 4380 4379 4400 
3 4400 4379 4399 
3 4376 4380 4401 
3 4401 4380 4400 
3 4332 4376 4402 
3 4402 4376 4401 
3 4285 4332 4402 
3 4398 4381 4403 
3 4403 4381 4382 
3 4399 4398 4404 
3 4404 4398 4403 
3 4400 4399 4405 
3 4405 4399 4404 
3 4401 4400 4406 
3 4406 4400 4405 
3 4403 4382 4407 
3 4407 4382 4383 
3 4407 4383 4408 
3 4408 4383 4384 
3 4408 4384 4409 
3 4409 4384 4385 
3 4409 4385 4410 
3 4410 4385 4386 
3 4410 4386 4411 
3 4411 4386 4387 
3 4411 4387 4412 
3 4412 4387 4388 
3 4412 4388 4413 
3 4413 4388 4389 
3 4413 4389 4414 
3 4414 4389 4390 
3 4414 4390 4415 
3 4415 4390 4391 
3 4415 4391 4416 
3 4416 4391 4392 
3 4416 4392 4417 
3 4417 4392 4393 
3 4417 4393 4418 
3 4418 4393 4394 
3 4418 4394 4419 
3 4419 4394 4395 
3 4419 4395 4396 
3 4419 4396 4420 
3 4420 4396 4397 
3 4420 4397 4421 
3 4421 4397 4287 
3 4404 4403 4422 
3 4422 4403 4407 
3 4405 4404 4423 
3 4423 4404 4422 
3 4406 4405 4424 
3 4424 4405 4423 
3 4422 4407 4425 
3 4425 4407 4408 
3 4425 4408 4426 
3 4426 4408 4409 
3 4426 4409 4427 
3 4427 4409 4410 
3 4427 4410 4411 
3 4423 4422 4428 
3 4428 4422 4425 
3 4424 4423 4429 
3 4429 4423 4428 
3 4428 4425 4430 
3 4430 4425 4426 
3 4430 4426 4431 
3 4431 4426 4427 
3 4429 4428 4432 
3 4432 4428 4430 
3 4432 4430 4433 
3 4433 4430 4431 
3 4431 4427 4434 
3 4434 4427 4411 
3 4434 4411 4412 
3 4434 4412 4435 
3 4435 4412 4413 
3 4435 4413 4414 
3 4433 4431 4436 
3 4436 4431 4434 
3 4436 4434 4437 
3 4437 4434 4435 
3 4437 4435 4438 
3 4438 4435 4414 
3 4438 4414 4415 
3 4438 4415 4439 
3 4439 4415 4416 
3 4439 4416 4440 
3 4440 4416 4417 
3 4440 4417 4441 
3 4441 4417 4418 
3 4441 4418 4442 
3 4442 4418 4419 
3 4442 4419 4420 
3 4442 4420 4443 
3 4443 4420 4421 
3 4421 4287 4444 
3 4444 4287 4286 
3 4443 4421 4444 
3 4444 4286 4445 
3 4445 4199 4201 
3 4445 4201 4446 
3 4446 4201 4203 
3 4444 4445 4447 
3 4447 4445 4446 
3 4443 4444 4448 
3 4448 4444 4447 
3 4442 4443 4449 
3 4449 4443 4448 
3 4441 4442 4449 
3 4440 4441 4450 
3 4450 4441 4449 
3 4439 4440 4451 
3 4451 4440 4450 
3 4438 4439 4451 
3 4437 4438 4452 
3 4452 4438 4451 
3 4436 4437 4453 
3 4453 4437 4452 
3 4433 4436 4454 
3 4454 4436 4453 
3 4432 4433 4455 
3 4455 4433 4454 
3 4429 4432 4456 
3 4456 4432 4455 
3 4424 4429 4457 
3 4457 4429 4456 
3 4406 4424 4458 
3 4458 4424 4457 
3 4401 4406 4459 
3 4402 4401 4459 
3 4459 4406 4458 
3 4285 4402 4460 
3 4460 4402 4459 
3 4219 4285 4461 
3 4217 4219 4461 
3 4461 4285 4460 
3 4215 4217 4462 
3 4462 4217 4461 
3 4213 4215 4463 
3 4463 4215 4462 
3 4211 4213 4464 
3 4464 4213 4463 
3 4209 4211 4465 
3 4465 4211 4464 
3 4207 4209 4466 
3 4466 4209 4465 
3 4205 4207 4466 
3 4446 4203 4467 
3 4467 4203 4205 
3 4467 4205 4466 
3 4447 4446 4468 
3 4468 4446 4467 
3 4448 4447 4469 
3 4469 4447 4468 
3 4449 4448 4470 
3 4470 4448 4469 
3 4450 4449 4471 
3 4471 4449 4470 
3 4451 4450 4472 
3 4472 4450 4471 
3 4452 4451 4472 
3 4453 4452 4473 
3 4473 4452 4472 
3 4454 4453 4473 
3 4455 4454 4474 
3 4474 4454 4473 
3 4474 4473 4475 
3 4476 4473 4472 
3 4476 4471 4477 
3 4476 4472 4471 
3 4477 4471 4470 
3 4477 4470 4469 
3 4477 4469 4478 
3 4478 4469 4468 
3 4476 4477 4479 
3 4479 4477 4478 
3 4478 4468 4480 
3 4480 4468 4467 
3 4480 4467 4466 
3 4480 4466 4481 
3 4481 4466 4465 
3 4481 4465 4482 
3 4482 4465 4464 
3 4482 4464 4483 
3 4483 4464 4463 
3 4483 4463 4484 
3 4484 4463 4462 
3 4479 4478 4485 
3 4485 4478 4480 
3 4485 4480 4481 
3 4485 4481 4486 
3 4481 4482 4486 
3 4486 4482 4483 
3 4486 4483 4487 
3 4487 4483 4484 
3 4479 4485 4488 
3 4488 4485 4486 
3 4475 4479 4488 
3 4474 4475 4489 
3 4488 4486 4487 
3 4475 4488 4489 
3 4490 4488 4487 
3 4455 4474 4491 
3 4491 4474 4489 
3 4456 4455 4491 
3 4457 4456 4492 
3 4492 4456 4491 
3 4492 4491 4489 
3 4492 4489 4490 
3 4493 4490 4494 
3 4494 4487 4484 
3 4494 4484 4495 
3 4495 4484 4462 
3 4495 4462 4461 
3 4495 4461 4460 
3 4495 4460 4496 
3 4496 4460 4459 
3 4494 4495 4496 
3 4493 4494 4496 
3 4457 4493 4458 
3 4493 4496 4458 
3 4458 4496 4459 
3 4197 4199 4286 
3 4445 4286 4199 
3 4489 4488 4490 
3 4494 4490 4487 
3 4479 4475 4476 
3 4473 4476 4475 
3 4457 4492 4493 
3 4490 4493 4492 
3 4497 4498 4499 
3 4500 3152 3151 
3 4497 4499 4501 
3 4502 4497 4501 
3 4502 4501 4503 
3 4504 4502 4503 
3 4504 4503 4505 
3 4506 4504 4505 
3 4506 4505 4507 
3 4508 4506 4507 
3 4508 4507 4509 
3 4510 4500 3151 
3 4510 3151 3173 
3 4511 4510 3173 
3 4511 3173 3171 
3 4512 4511 3171 
3 4512 3171 3169 
3 4513 4512 3169 
3 4513 3169 3167 
3 4514 4513 3167 
3 4514 3167 3150 
3 4515 4514 3150 
3 4515 3150 3148 
3 4516 4515 3148 
3 4516 3148 3146 
3 4517 4516 3146 
3 4517 3146 3144 
3 4518 4517 3144 
3 3144 4508 4518 
3 4518 4508 4509 
3 4519 4498 3135 
3 4498 4497 3325 
3 4497 4502 3329 
3 4502 4504 3331 
3 4504 4506 3333 
3 4506 4508 3335 
3 4508 3144 3143 
3 3143 3335 4508 
3 3335 3333 4506 
3 3333 3331 4504 
3 3331 3329 4502 
3 4497 3329 3327 
3 4497 3327 3325 
3 4498 3325 3135 
3 4519 3135 3134 
3 3158 4218 4216 
3 2003 3158 4520 
3 4520 3158 4216 
3 4520 4216 4214 
3 4160 2948 4521 
3 4521 2948 2947 
3 4186 4160 4521 
3 4194 4186 4522 
3 4522 4186 4521 
3 4198 4194 4523 
3 4523 4194 4522 
3 4200 4198 4524 
3 4524 4198 4523 
3 4202 4200 4525 
3 4525 4200 4524 
3 4204 4202 4526 
3 4526 4202 4525 
3 4206 4204 4527 
3 4527 4204 4526 
3 2004 2003 4528 
3 4528 2003 4520 
3 4521 2947 4529 
3 4529 2947 2950 
3 4529 2950 4530 
3 4530 2950 2955 
3 4528 4520 4531 
3 4531 4520 4214 
3 4531 4214 4212 
3 2010 2004 4532 
3 4532 2004 4528 
3 2033 2010 4533 
3 4533 2010 4532 
3 2055 2033 4534 
3 4534 2033 4533 
3 2041 2055 4535 
3 4535 2055 4534 
3 2039 2041 4536 
3 4536 2041 4535 
3 2037 2039 4537 
3 4537 2039 4536 
3 2036 2037 4538 
3 4538 2037 4537 
3 2006 2036 4539 
3 4539 2036 4538 
3 2007 2006 4540 
3 4540 2006 4539 
3 2978 2007 4541 
3 4541 2007 4540 
3 2957 2978 4542 
3 4542 2978 4541 
3 2955 2957 4543 
3 4543 2957 4542 
3 4530 2955 4543 
3 4531 4212 4544 
3 4544 4212 4210 
3 4208 4206 4545 
3 4545 4206 4527 
3 4210 4208 4546 
3 4546 4208 4545 
3 4544 4210 4546 
3 4522 4521 4529 
3 4528 4531 4547 
3 4547 4531 4544 
3 4532 4528 4547 
3 4533 4532 4548 
3 4548 4532 4547 
3 4548 4547 4544 
3 4548 4544 4546 
3 4534 4533 4549 
3 4549 4533 4548 
3 4549 4548 4546 
3 4535 4534 4550 
3 4550 4534 4549 
3 4536 4535 4550 
3 4550 4549 4551 
3 4551 4549 4546 
3 4551 4546 4545 
3 4537 4536 4552 
3 4552 4536 4550 
3 4552 4550 4551 
3 4552 4551 4553 
3 4553 4551 4545 
3 4553 4545 4554 
3 4554 4545 4527 
3 4538 4537 4555 
3 4555 4537 4552 
3 4555 4552 4553 
3 4555 4553 4556 
3 4556 4553 4554 
3 4538 4555 4557 
3 4557 4555 4556 
3 4539 4538 4557 
3 4523 4522 4558 
3 4558 4522 4529 
3 4558 4529 4530 
3 4524 4523 4559 
3 4559 4523 4558 
3 4525 4524 4560 
3 4560 4524 4559 
3 4559 4558 4561 
3 4561 4558 4530 
3 4561 4530 4543 
3 4560 4559 4561 
3 4526 4525 4562 
3 4562 4525 4560 
3 4527 4526 4563 
3 4563 4526 4562 
3 4554 4527 4563 
3 4556 4554 4564 
3 4564 4554 4563 
3 4564 4563 4565 
3 4565 4563 4562 
3 4565 4562 4566 
3 4566 4562 4560 
3 4566 4560 4561 
3 4566 4561 4567 
3 4567 4561 4543 
3 4567 4543 4542 
3 4557 4556 4568 
3 4568 4556 4564 
3 4568 4564 4565 
3 4539 4557 4569 
3 4569 4557 4568 
3 4540 4539 4569 
3 4567 4542 4570 
3 4570 4542 4541 
3 4570 4541 4540 
3 4570 4540 4569 
3 4570 4569 4571 
3 4571 4569 4568 
3 4571 4568 4565 
3 4567 4570 4571 
3 4567 4571 4566 
3 4566 4571 4565 
3 3205 3203 4572 
3 3309 3205 4572 
3 3309 4572 4573 
3 3307 3309 4573 
3 3307 4573 4574 
3 3305 3307 4574 
3 3305 4574 4575 
3 1620 1618 3297 
3 3303 3305 4575 
3 3303 4575 4576 
3 1620 3297 3299 
3 1641 1620 3299 
3 4577 1641 3299 
3 4577 3299 3301 
3 4577 3301 4576 
3 4576 3301 3303 
3 3138 3137 4578 
3 3195 3138 4578 
3 4188 3162 4579 
3 4579 3162 3164 
3 4579 3164 4580 
3 4190 4188 4579 
3 3195 4578 4581 
3 4581 4578 4582 
3 3197 3195 4581 
3 4583 4584 4585 
3 4585 4584 4586 
3 4587 4583 4585 
3 4588 4587 4589 
3 4589 4587 4585 
3 4581 4582 4590 
3 4590 4582 4588 
3 4590 4588 4589 
3 4591 3199 4592 
3 4592 3199 3197 
3 4592 3197 4581 
3 4190 4579 4580 
3 4190 4580 4593 
3 4221 4190 4593 
3 4235 4221 4593 
3 4235 4593 4594 
3 4233 4235 4594 
3 4233 4594 4595 
3 4231 4233 4595 
3 4231 4595 4596 
3 4228 4231 4596 
3 4228 4596 4597 
3 4226 4228 4597 
3 4226 4597 4598 
3 4224 4226 4598 
3 4224 4598 4599 
3 4222 4224 4599 
3 4222 4599 4600 
3 4601 4222 4600 
3 4601 4600 4602 
3 4603 4601 4602 
3 4603 4602 4604 
3 4605 4603 4604 
3 4605 4604 4606 
3 4586 4605 4607 
3 4607 4605 4606 
3 4607 4606 4591 
3 4607 4591 4592 
3 4592 4581 4590 
3 4607 4592 4590 
3 4607 4590 4589 
3 4607 4589 4586 
3 4586 4589 4585 
3 4188 4187 3162 
3 4187 4191 3160 
3 4191 4195 3157 
3 4195 4218 3157 
3 4218 3158 3157 
3 3157 3160 4191 
3 4187 3160 3162 
3 4591 3201 3199 
3 3267 3201 4591 
3 3267 4591 4606 
3 4608 3180 3182 
3 4608 3182 3288 
3 4609 4608 3288 
3 4609 3288 3286 
3 4610 4609 3286 
3 4610 3286 3284 
3 4611 4610 3284 
3 4611 3284 3282 
3 4604 3267 4606 
3 3268 3267 4604 
3 3268 4604 4602 
3 3270 3268 4602 
3 3270 4602 4600 
3 3274 3270 4600 
3 3274 4600 4599 
3 3276 3274 4599 
3 3276 4599 4598 
3 3278 3276 4598 
3 3278 4598 4597 
3 3280 3278 4597 
3 3280 4597 4596 
3 3280 4596 4611 
3 3282 3280 4611 
3 4611 4596 4595 
3 4610 4611 4595 
3 4610 4595 4594 
3 4609 4610 4594 
3 4609 4594 4593 
3 4608 4609 4593 
3 4608 4593 4580 
3 4608 4580 3180 
3 3180 4580 3164 
3 379 2847 4132 
3 380 379 4132 
3 4132 4137 380 
3 380 4137 355 
3 359 361 2307 
3 355 4137 4612 
3 349 355 4612 
3 349 4612 4613 
3 305 349 4613 
3 305 4613 4614 
3 306 305 4614 
3 306 4614 4615 
3 2327 306 4615 
3 2327 4615 4616 
3 2328 2327 4616 
3 2328 4616 4617 
3 2329 2328 4617 
3 2329 4617 4618 
3 2330 2329 4618 
3 2330 4618 4619 
3 2331 2330 4619 
3 2331 4619 4620 
3 2332 2331 4620 
3 2332 4620 4621 
3 2333 2332 4621 
3 2333 4621 4622 
3 2334 2333 4622 
3 359 2307 2309 
3 357 359 2309 
3 2335 2334 4622 
3 2335 4622 4623 
3 2337 2335 4623 
3 2337 4623 4624 
3 2339 2337 4624 
3 2339 4624 4625 
3 2341 2339 4625 
3 2341 4625 4626 
3 2343 2341 4626 
3 2343 4626 4627 
3 2343 4627 4628 
3 2317 2343 4628 
3 2317 4628 4629 
3 2315 2317 4629 
3 2315 4629 4630 
3 2313 2315 4630 
3 2313 4630 351 
3 2313 351 354 
3 2311 2313 354 
3 354 357 2311 
3 2311 357 2309 
3 2861 356 353 
3 4252 3111 3117 
3 2857 2861 353 
3 2857 353 352 
3 2858 2857 352 
3 2858 352 4631 
3 3131 2858 4631 
3 3131 4631 4632 
3 3130 3131 4632 
3 3130 4632 4633 
3 3132 3130 4633 
3 3132 4633 4634 
3 3127 3132 4634 
3 3127 4634 4262 
3 3127 4262 4260 
3 3125 3127 4260 
3 3125 4260 4258 
3 3123 3125 4258 
3 3123 4258 4256 
3 3122 3123 4256 
3 3122 4256 4254 
3 3114 3122 4254 
3 4254 4252 3114 
3 3114 4252 3117 
3 4612 4137 4139 
3 4612 4139 4141 
3 4613 4612 4141 
3 4613 4141 4166 
3 4614 4613 4166 
3 4614 4166 4168 
3 4615 4614 4168 
3 4615 4168 4170 
3 4616 4615 4170 
3 4616 4170 4177 
3 4617 4616 4177 
3 4617 4177 4175 
3 4618 4617 4175 
3 4618 4175 4173 
3 4619 4618 4173 
3 4619 4173 4136 
3 4620 4619 4136 
3 4620 4136 4134 
3 4621 4620 4134 
3 4621 4134 4130 
3 4622 4621 4130 
3 4622 4130 4127 
3 4623 4622 4127 
3 4623 4127 4125 
3 4624 4623 4125 
3 4624 4125 4124 
3 4624 4124 4275 
3 4625 4624 4275 
3 4271 4270 4635 
3 4635 4270 4627 
3 4635 4627 4626 
3 4277 4271 4635 
3 4625 4275 4636 
3 4636 4275 4277 
3 4626 4625 4636 
3 4277 4635 4636 
3 4636 4635 4626 
3 4264 4262 4634 
3 352 351 4630 
3 4631 352 4630 
3 4631 4630 4629 
3 4266 4264 4637 
3 4637 4264 4634 
3 4637 4634 4633 
3 4632 4631 4638 
3 4638 4631 4629 
3 4638 4629 4628 
3 4628 4627 4639 
3 4639 4627 4270 
3 4638 4628 4639 
3 4639 4270 4268 
3 4638 4639 4640 
3 4640 4639 4268 
3 4640 4268 4266 
3 4640 4266 4637 
3 4632 4638 4640 
3 4632 4640 4633 
3 4633 4640 4637 
3 401 400 457 
3 394 393 2562 
3 483 2562 393 
3 2561 2405 2444 
3 627 625 4641 
3 4642 4643 549 
3 627 4641 4644 
3 4645 4642 549 
3 4645 549 548 
3 4646 4645 548 
3 4646 548 552 
3 4647 4646 552 
3 4647 552 628 
3 4648 4647 628 
3 4648 628 630 
3 4649 4648 630 
3 627 4644 630 
3 630 4644 4649 
3 1785 1599 1600 
3 2352 1767 1770 
3 1784 1785 1600 
3 1784 1600 1621 
3 1783 1784 1621 
3 1783 1621 1623 
3 1782 1783 1623 
3 1782 1623 1625 
3 1781 1782 1625 
3 1781 1625 1670 
3 1780 1781 1670 
3 1780 1670 1672 
3 1779 1780 1672 
3 1779 1672 1673 
3 1778 1779 1673 
3 1778 1673 1674 
3 1777 1778 1674 
3 1777 1674 2358 
3 1776 1777 4650 
3 4650 1777 2358 
3 4650 2358 2357 
3 2352 1770 4651 
3 4651 1770 1771 
3 2353 2352 4651 
3 4651 1771 4652 
3 4652 1771 1772 
3 4652 1772 4653 
3 4653 1772 1773 
3 4653 1773 4654 
3 4654 1773 1774 
3 1775 1776 4655 
3 4655 1776 4650 
3 1774 1775 4656 
3 4656 1775 4655 
3 4654 1774 4656 
3 2353 4651 4657 
3 4657 4651 4652 
3 2354 2353 4657 
3 2355 2354 4658 
3 4658 2354 4657 
3 4655 4650 2357 
3 4655 2357 2356 
3 4656 4655 2356 
3 4656 2356 2355 
3 4654 4656 2355 
3 4654 2355 4658 
3 4653 4654 4658 
3 4658 4657 4653 
3 4653 4657 4652 
3 549 4643 551 
3 551 4643 491 
3 4647 4648 4659 
3 4647 4659 4660 
3 4646 4647 4660 
3 4646 4660 4661 
3 4645 4646 4661 
3 4507 4505 1592 
3 4642 4645 4661 
3 4642 4661 4662 
3 4663 4642 4662 
3 4663 4662 4664 
3 492 4663 4664 
3 4507 1592 1591 
3 4509 4507 1591 
3 4509 1591 1800 
3 4518 4509 1800 
3 4518 1800 1802 
3 4517 4518 1802 
3 4517 1802 1796 
3 4516 4517 1796 
3 4516 1796 1794 
3 4665 4516 1794 
3 4665 1794 1789 
3 4666 4665 1789 
3 4666 1789 1766 
3 4667 4666 1766 
3 4667 1766 1765 
3 4668 4667 1765 
3 4668 1765 495 
3 4669 4668 495 
3 4669 495 494 
3 4669 494 4664 
3 4664 494 492 
3 1787 573 571 
3 501 495 1765 
3 501 1765 1764 
3 517 501 1764 
3 517 1764 1790 
3 555 517 1790 
3 555 1790 1809 
3 557 555 1809 
3 557 1809 1808 
3 559 557 1808 
3 559 1808 1807 
3 561 559 1807 
3 561 1807 1806 
3 563 561 1806 
3 563 1806 1805 
3 565 563 1805 
3 565 1805 1798 
3 567 565 1798 
3 567 1798 1792 
3 569 567 1792 
3 1792 1787 569 
3 569 1787 571 
3 4642 4663 4643 
3 491 4663 492 
3 4663 491 4643 
3 27 30 4670 
3 3227 4644 4641 
3 4671 4583 4587 
3 3227 4641 625 
3 3229 3227 625 
3 3229 625 623 
3 3192 3229 623 
3 3192 623 547 
3 3190 3192 547 
3 3190 547 509 
3 3188 3190 509 
3 3188 509 4 
3 3186 3188 4 
3 3186 4 3 
3 3184 3186 3 
3 3184 3 9 
3 3136 3184 9 
3 3136 9 11 
3 3137 3136 11 
3 27 4670 4672 
3 25 27 4672 
3 25 4672 4673 
3 24 25 4673 
3 3137 11 4674 
3 4674 11 13 
3 4578 3137 4674 
3 4674 13 4675 
3 4675 13 16 
3 24 4673 4676 
3 4676 4673 4677 
3 22 24 4676 
3 4578 4674 4675 
3 4582 4578 4675 
3 4676 4677 4678 
3 4678 4677 4671 
3 4678 4671 4587 
3 4582 4675 4679 
3 4679 4675 16 
3 4679 16 18 
3 4588 4582 4679 
3 4588 4679 4680 
3 4680 4679 18 
3 4680 18 20 
3 4587 4588 4680 
3 4678 4587 4680 
3 4678 4680 20 
3 20 22 4678 
3 4678 22 4676 
3 30 32 3096 
3 3084 4222 4601 
3 30 3096 3098 
3 4670 30 3098 
3 4670 3098 3104 
3 4672 4670 3104 
3 4672 3104 3101 
3 4673 4672 3101 
3 4673 3101 3103 
3 4677 4673 3103 
3 4677 3103 3107 
3 4671 4677 3107 
3 4671 3107 3088 
3 4583 4671 3088 
3 4583 3088 3090 
3 4584 4583 3090 
3 4681 4584 3090 
3 4681 3090 3082 
3 4682 4681 3082 
3 3084 4601 4603 
3 3084 4603 3082 
3 3082 4603 4682 
3 3210 1727 1725 
3 1643 1641 4577 
3 1646 1643 4577 
3 1646 4577 4576 
3 1648 1646 4576 
3 1648 4576 4575 
3 1684 1648 4575 
3 1684 4575 4574 
3 1686 1684 4574 
3 1686 4574 4573 
3 1688 1686 4573 
3 1688 4573 4572 
3 1695 1688 4572 
3 1695 4572 3203 
3 1719 1695 3203 
3 1719 3203 3202 
3 1721 1719 3202 
3 1721 3202 3206 
3 1723 1721 3206 
3 1723 3206 3208 
3 1723 3208 1725 
3 1725 3208 3210 
3 4682 4603 4605 
3 4586 4681 4605 
3 4605 4681 4682 
3 4586 4584 4681 
3 4499 1598 1595 
3 4501 4499 1595 
3 1593 1592 4505 
3 1593 4505 4503 
3 1595 1593 4501 
3 4501 1593 4503 
3 4498 1598 4499 
3 1627 1598 4498 
3 1627 4498 4519 
3 1628 1627 4519 
3 1628 4519 3134 
3 1630 1628 3134 
3 1630 3134 3133 
3 3294 3292 1636 
3 3294 1636 1634 
3 3319 3294 1634 
3 3319 1634 1632 
3 3321 3319 1632 
3 3133 3321 1630 
3 1630 3321 1632 
3 1638 1636 3292 
3 3295 3297 1618 
3 1638 3292 3291 
3 1617 1638 3291 
3 3291 3295 1617 
3 1617 3295 1618 
3 1675 2358 1674 
3 4515 4516 4665 
3 4515 4665 4666 
3 4514 4515 4666 
3 4514 4666 4667 
3 4513 4514 4667 
3 4513 4667 4668 
3 4512 4513 4668 
3 4512 4668 4669 
3 4511 4512 4669 
3 4511 4669 4664 
3 4510 4511 4664 
3 4510 4664 4662 
3 4500 4510 4662 
3 4500 4662 4661 
3 4661 4660 4500 
3 4500 4660 3152 
3 3227 3226 4644 
3 3226 3230 4649 
3 3230 3154 4648 
3 4660 4659 3152 
3 4659 4648 3154 
3 4659 3154 3152 
3 4648 4649 3230 
3 4649 4644 3226 
