ply
format ascii 1.0
comment VTK generated PLY File
obj_info vtkPolyData points and polygons: vtk4.0
element vertex 6724
property float x
property float y
property float z
element face 13444
property list uchar int vertex_indices
end_header
486.98541259765625 -4.7869067192077637 162.89990234375 
488.93096923828125 -4.3401637077331543 164.6224365234375 
487.14028930664062 -4.5918331146240234 164.98812866210938 
488.77774047851562 -4.5623445510864258 162.49504089355469 
486.67898559570312 -4.8262605667114258 160.96560668945312 
488.45843505859375 -4.5935354232788086 160.51206970214844 
486.32977294921875 -4.8409528732299805 159.07856750488281 
488.12374877929688 -4.5608959197998047 158.52560424804688 
486.02349853515625 -4.9974517822265625 157.20005798339844 
487.899169921875 -4.7383074760437012 156.60740661621094 
485.75860595703125 -5.1714463233947754 155.33740234375 
487.74835205078125 -4.8556275367736816 154.71548461914062 
485.46063232421875 -5.2619442939758301 153.48698425292969 
487.433837890625 -4.8575758934020996 152.82432556152344 
485.11981201171875 -5.1593379974365234 151.646728515625 
486.91845703125 -4.6591801643371582 150.89517211914062 
484.76547241210938 -4.7781028747558594 149.9918212890625 
486.26577758789062 -4.1539778709411621 149.21536254882812 
510.649658203125 -5.306220531463623 334.22537231445312 
510.20504760742188 -5.0924415588378906 331.98684692382812 
510.27365112304688 -6.0328359603881836 332.7967529296875 
511.62136840820312 -6.7925739288330078 339.314453125 
511.19345092773438 -6.7910528182983398 337.12747192382812 
511.70938110351562 -7.9721188545227051 338.04379272460938 
511.49462890625 -5.4938540458679199 338.38296508789062 
511.06204223632812 -5.4509177207946777 336.30953979492188 
511.27499389648438 -7.9730448722839355 335.73175048828125 
510.7474365234375 -6.6500697135925293 334.95416259765625 
512.11883544921875 -7.9226398468017578 340.39813232421875 
511.99835205078125 -6.8356189727783203 341.17214965820312 
511.97747802734375 -5.3996896743774414 340.44448852539062 
510.85772705078125 -7.9547266960144043 333.43600463867188 
512.3260498046875 -6.1707954406738281 342.72329711914062 
512.496826171875 -7.8249197006225586 342.74072265625 
510.00875854492188 -6.5970258712768555 331.23870849609375 
510.4586181640625 -7.948185920715332 331.15798950195312 
510.10012817382812 -7.9228725433349609 328.91485595703125 
509.5386962890625 -6.2764272689819336 329.02902221679688 
509.11312866210938 -6.2453041076660156 326.84860229492188 
509.73568725585938 -7.9014883041381836 326.61483764648438 
508.69503784179688 -6.2057809829711914 324.66122436523438 
509.24801635742188 -7.7164196968078613 324.35198974609375 
508.28836059570312 -6.1688385009765625 322.49215698242188 
508.77297973632812 -7.5436244010925293 322.13027954101562 
507.87893676757812 -6.1169233322143555 320.33197021484375 
508.56134033203125 -7.7380189895629883 319.89996337890625 
507.46466064453125 -6.0656113624572754 318.09255981445312 
508.20462036132812 -7.687873363494873 317.67108154296875 
507.03985595703125 -6.0079474449157715 315.83331298828125 
507.843994140625 -7.6347289085388184 315.40176391601562 
506.63113403320312 -5.9348173141479492 313.56997680664062 
507.45138549804688 -7.5458307266235352 313.12411499023438 
506.21636962890625 -5.8682126998901367 311.30841064453125 
507.01409912109375 -7.45025634765625 310.85986328125 
505.80313110351562 -5.8051958084106445 309.05581665039062 
506.62109375 -7.3804278373718262 308.56790161132812 
505.4210205078125 -5.7290859222412109 306.81817626953125 
506.27395629882812 -7.3081097602844238 306.21939086914062 
505.0545654296875 -5.6454296112060547 304.56979370117188 
505.96664428710938 -7.2533416748046875 303.83544921875 
504.67953491210938 -5.5815587043762207 302.33868408203125 
505.71295166015625 -7.2193036079406738 301.55401611328125 
504.35836791992188 -5.7085990905761719 300.12109375 
505.50869750976562 -7.2185611724853516 299.419677734375 
504.08615112304688 -5.9156494140625 297.97164916992188 
506.1192626953125 -7.5058126449584961 297.02352905273438 
503.78622436523438 -6.0404748916625977 295.755859375 
505.75418090820312 -7.3707132339477539 294.8494873046875 
503.56692504882812 -6.1624231338500977 293.51312255859375 
505.35995483398438 -7.2309117317199707 292.6470947265625 
503.3983154296875 -6.2574386596679688 291.28829956054688 
504.98220825195312 -7.0824675559997559 290.38870239257812 
503.03976440429688 -6.1566286087036133 289.04183959960938 
504.62875366210938 -6.947237491607666 288.10284423828125 
502.63140869140625 -6.033266544342041 286.7576904296875 
504.28628540039062 -6.820502758026123 285.8199462890625 
502.26193237304688 -5.912813663482666 284.4580078125 
503.94314575195312 -6.697141170501709 283.5919189453125 
501.92501831054688 -5.7965793609619141 282.19219970703125 
503.56185913085938 -6.5420069694519043 281.39923095703125 
501.59664916992188 -5.6592226028442383 280.01507568359375 
503.20574951171875 -6.3599653244018555 279.19229125976562 
501.27835083007812 -5.5308518409729004 277.82327270507812 
502.90725708007812 -6.1768994331359863 276.989501953125 
500.92959594726562 -5.4012808799743652 275.56381225585938 
502.47048950195312 -5.9993433952331543 274.75421142578125 
500.59323120117188 -5.2923579216003418 273.27423095703125 
501.94363403320312 -5.8188648223876953 272.505126953125 
500.25668334960938 -5.1675424575805664 270.961181640625 
501.512939453125 -5.6764326095581055 270.20651245117188 
500.09722900390625 -5.1240110397338867 269.22344970703125 
501.06051635742188 -5.5390329360961914 267.8931884765625 
499.75299072265625 -5.0088286399841309 267.53826904296875 
500.51907348632812 -5.381462574005127 265.61874389648438 
498.9515380859375 -4.5506391525268555 265.83786010742188 
500.00588989257812 -5.2020182609558105 263.37112426757812 
498.22470092773438 -3.9956352710723877 264.18734741210938 
497.90682983398438 -3.9101493358612061 261.9317626953125 
499.61798095703125 -5.0332159996032715 261.12429809570312 
497.60516357421875 -3.847853422164917 259.66094970703125 
499.27566528320312 -4.8981647491455078 258.84033203125 
497.30099487304688 -3.8013935089111328 257.44088745117188 
498.96841430664062 -4.792475700378418 256.5709228515625 
497.01971435546875 -3.7479407787322998 255.25520324707031 
498.66470336914062 -4.6921133995056152 254.28970336914062 
496.727783203125 -3.7115716934204102 253.05940246582031 
498.37841796875 -4.5914936065673828 251.98298645019531 
496.43222045898438 -3.6668710708618164 250.85504150390625 
498.17929077148438 -4.5127530097961426 249.49368286132812 
496.18511962890625 -3.6307692527770996 248.65264892578125 
497.8768310546875 -4.4058775901794434 247.12045288085938 
495.95169067382812 -3.5587084293365479 246.40560913085938 
497.5584716796875 -4.2844552993774414 244.76109313964844 
495.7298583984375 -3.50103759765625 244.18696594238281 
497.2762451171875 -4.1870880126953125 242.41140747070312 
495.491455078125 -3.4556891918182373 242.0423583984375 
496.93850708007812 -4.0968227386474609 240.06069946289062 
495.26153564453125 -3.4394752979278564 239.89529418945312 
496.52230834960938 -3.9988472461700439 237.71688842773438 
495.03823852539062 -3.4316563606262207 237.73907470703125 
512.8104248046875 -6.3833022117614746 345.08660888671875 
496.0655517578125 -3.8820743560791016 235.29132080078125 
500.4075927734375 -4.7260088920593262 248.39700317382812 
499.50180053710938 -4.7852702140808105 250.16082763671875 
499.9774169921875 -4.6141552925109863 246.21195983886719 
499.58786010742188 -4.5053653717041016 244.04743957519531 
499.23794555664062 -4.4129109382629395 241.88627624511719 
498.88400268554688 -4.3253278732299805 239.72538757324219 
498.47027587890625 -4.2333493232727051 237.52481079101562 
498.04641723632812 -4.1449494361877441 235.26615905761719 
497.71160888671875 -4.060279369354248 233.01443481445312 
495.7347412109375 -3.8042936325073242 232.95587158203125 
497.42654418945312 -3.9689986705780029 230.76371765136719 
495.42593383789062 -3.744732141494751 230.67575073242188 
497.1553955078125 -3.8864898681640625 228.54080200195312 
495.14492797851562 -3.6849429607391357 228.43476867675781 
496.86276245117188 -3.8205909729003906 226.34432983398438 
494.87237548828125 -3.6321408748626709 226.23957824707031 
496.54800415039062 -3.7905275821685791 224.12358093261719 
494.56845092773438 -3.5895540714263916 224.01593017578125 
496.23516845703125 -3.752727746963501 221.87382507324219 
494.2752685546875 -3.5469110012054443 221.73812866210938 
495.9559326171875 -3.6952452659606934 219.62680053710938 
493.99951171875 -3.5125751495361328 219.42938232421875 
495.69000244140625 -3.6412227153778076 217.35841369628906 
493.73477172851562 -3.4896669387817383 217.14445495605469 
495.45477294921875 -3.5736374855041504 215.10311889648438 
493.49163818359375 -3.4595842361450195 214.88572692871094 
495.21136474609375 -3.4956192970275879 212.83924865722656 
493.263671875 -3.4319429397583008 212.60137939453125 
494.95263671875 -3.4351203441619873 210.57008361816406 
493.0181884765625 -3.4231116771697998 210.28823852539062 
494.650146484375 -3.3744523525238037 208.31939697265625 
492.7464599609375 -3.4175500869750977 207.978759765625 
494.32522583007812 -3.3310286998748779 206.07618713378906 
492.47430419921875 -3.3955309391021729 205.68183898925781 
494.05313110351562 -3.2570393085479736 203.816650390625 
492.23046875 -3.3662352561950684 203.38963317871094 
493.82794189453125 -3.1468768119812012 201.5101318359375 
492.01483154296875 -3.332371711730957 201.10054016113281 
493.615234375 -3.021317720413208 199.16831970214844 
491.81796264648438 -3.2928404808044434 198.7799072265625 
493.419677734375 -2.8869292736053467 196.89073181152344 
491.6446533203125 -3.256758451461792 196.51115417480469 
493.23367309570312 -2.7070045471191406 194.65718078613281 
491.45748901367188 -3.205650806427002 194.24461364746094 
493.02474975585938 -2.5440740585327148 192.41334533691406 
491.22586059570312 -3.1344048976898193 191.93385314941406 
492.8084716796875 -2.4395489692687988 190.17158508300781 
490.97357177734375 -3.0946300029754639 189.58924865722656 
492.57028198242188 -2.3987939357757568 187.90628051757812 
490.70217895507812 -3.0908548831939697 187.26028442382812 
492.3118896484375 -2.3614528179168701 185.62777709960938 
490.42794799804688 -3.0876607894897461 184.9683837890625 
492.03060913085938 -2.3231627941131592 183.39566040039062 
490.14376831054688 -3.0903491973876953 182.68894958496094 
491.77072143554688 -2.3208489418029785 181.16854858398438 
489.8638916015625 -3.1149723529815674 180.36932373046875 
491.54531860351562 -2.3475604057312012 178.92031860351562 
489.60354614257812 -3.1732420921325684 178.00421142578125 
491.3216552734375 -2.4192829132080078 176.63357543945312 
489.38522338867188 -3.2732934951782227 175.68231201171875 
491.09234619140625 -2.5549972057342529 174.35455322265625 
489.20782470703125 -3.4057607650756836 173.46565246582031 
490.88699340820312 -2.7421610355377197 172.13441467285156 
489.04345703125 -3.5938739776611328 171.29351806640625 
490.71286010742188 -2.9625098705291748 169.96771240234375 
488.95477294921875 -3.7898375988006592 169.09419250488281 
490.61868286132812 -3.2259020805358887 167.8253173828125 
488.93429565429688 -4.0336427688598633 166.84835815429688 
490.62548828125 -3.5477132797241211 165.6768798828125 
490.64297485351562 -3.8597803115844727 163.54901123046875 
490.52996826171875 -4.0052180290222168 161.5675048828125 
490.27154541015625 -3.9717543125152588 159.60804748535156 
489.96878051757812 -3.9299845695495605 157.61856079101562 
489.77896118164062 -4.0520133972167969 155.71908569335938 
489.52359008789062 -4.0919589996337891 153.85472106933594 
489.021728515625 -4.0327358245849609 151.96903991699219 
488.35223388671875 -3.7378175258636475 150.1236572265625 
487.5643310546875 -3.0809645652770996 148.46527099609375 
486.34909057617188 -2.1237683296203613 147.36415100097656 
487.85995483398438 -1.9869171380996704 147.79643249511719 
484.76248168945312 -3.1051628589630127 147.71820068359375 
483.463134765625 -3.8505551815032959 148.39608764648438 
482.22616577148438 -4.2842545509338379 149.39064025878906 
483.0931396484375 -4.9781098365783691 150.88645935058594 
487.86740112304688 -0.93136709928512573 147.45924377441406 
526.19189453125 -16.707977294921875 384.50253295898438 
528.23614501953125 -16.402727127075195 384.39974975585938 
525.99884033203125 -15.986308097839355 386.36898803710938 
526.23248291015625 -16.983112335205078 382.65838623046875 
528.17724609375 -16.587150573730469 382.61517333984375 
525.99346923828125 -16.807844161987305 380.86434936523438 
527.90106201171875 -16.344480514526367 380.834716796875 
525.4774169921875 -16.263105392456055 379.05587768554688 
527.48040771484375 -15.761656761169434 379.01187133789062 
524.8692626953125 -15.533843040466309 377.11886596679688 
526.84283447265625 -15.021851539611816 377.038818359375 
524.1314697265625 -14.893536567687988 375.16510009765625 
526.13037109375 -14.331923484802246 374.99627685546875 
523.3050537109375 -14.305006980895996 373.20755004882812 
525.3392333984375 -13.785218238830566 373.03628540039062 
522.6055908203125 -13.787610054016113 371.22869873046875 
524.557373046875 -13.332303047180176 371.04449462890625 
522.06231689453125 -13.30721378326416 369.17828369140625 
523.88189697265625 -12.903473854064941 368.98013305664062 
523.259033203125 -12.502749443054199 366.83590698242188 
521.573486328125 -12.879769325256348 367.08059692382812 
522.66314697265625 -12.156497001647949 364.62615966796875 
519.63427734375 -11.945822715759277 360.52215576171875 
522.05352783203125 -11.886968612670898 362.38796997070312 
520.25927734375 -12.206693649291992 362.74038696289062 
519.16650390625 -11.713099479675293 358.30755615234375 
521.47332763671875 -11.655800819396973 360.14630126953125 
518.79779052734375 -11.506393432617188 356.10443115234375 
520.97967529296875 -11.453895568847656 357.94403076171875 
518.44854736328125 -11.303136825561523 353.86135864257812 
520.56170654296875 -11.24110221862793 355.76077270507812 
518.013671875 -11.129022598266602 351.56671142578125 
520.16156005859375 -11.018476486206055 353.52847290039062 
517.55621337890625 -10.972763061523438 349.2296142578125 
519.7371826171875 -10.810612678527832 351.280517578125 
517.15716552734375 -10.822342872619629 346.94485473632812 
519.29754638671875 -10.632131576538086 349.0250244140625 
516.7913818359375 -10.675707817077637 344.6683349609375 
518.90008544921875 -10.470191955566406 346.759521484375 
516.36614990234375 -10.517621040344238 342.35641479492188 
518.49847412109375 -10.315036773681641 344.452392578125 
515.97509765625 -10.354002952575684 340.06268310546875 
517.69580078125 -10.003054618835449 339.85150146484375 
515.53271484375 -10.208283424377441 337.830078125 
517.2708740234375 -9.8758792877197266 337.63699340820312 
515.092041015625 -10.095377922058105 335.60104370117188 
516.892578125 -9.7412662506103516 335.41519165039062 
514.75439453125 -9.977391242980957 333.2974853515625 
516.514404296875 -9.6019468307495117 333.1727294921875 
514.41015625 -9.8411111831665039 330.98373413085938 
516.1376953125 -9.4768104553222656 330.903564453125 
514.0504150390625 -9.7004194259643555 328.654296875 
515.76171875 -9.3525524139404297 328.61233520507812 
513.65618896484375 -9.5636863708496094 326.30191040039062 
515.3651123046875 -9.2334690093994141 326.28659057617188 
513.23370361328125 -9.4494524002075195 323.96490478515625 
514.94378662109375 -9.1290864944458008 323.9521484375 
512.7821044921875 -9.3283061981201172 321.65432739257812 
514.52130126953125 -9.0340442657470703 321.66851806640625 
512.33856201171875 -9.1997737884521484 319.4130859375 
514.11083984375 -8.9417629241943359 319.42788696289062 
511.931640625 -9.0736875534057617 317.21383666992188 
513.73309326171875 -8.8287458419799805 317.20391845703125 
511.56964111328125 -8.9555149078369141 314.99252319335938 
513.39508056640625 -8.6863937377929688 314.9844970703125 
511.21231079101562 -8.8448600769042969 312.714599609375 
513.06304931640625 -8.5336160659790039 312.72512817382812 
510.82339477539062 -8.7143144607543945 310.36929321289062 
512.693603515625 -8.3766536712646484 310.46649169921875 
510.39065551757812 -8.5516862869262695 307.99887084960938 
512.29583740234375 -8.2207984924316406 308.217041015625 
509.92816162109375 -8.3878660202026367 305.67153930664062 
511.87969970703125 -8.0862159729003906 305.958984375 
509.46200561523438 -8.2378578186035156 303.39126586914062 
511.4532470703125 -7.9443306922912598 303.7109375 
509.01263427734375 -8.0898618698120117 301.18386840820312 
511.00680541992188 -7.8066377639770508 301.4410400390625 
508.60263061523438 -7.9452323913574219 298.9677734375 
510.59930419921875 -7.660984992980957 299.23580932617188 
508.1922607421875 -7.7848501205444336 296.74322509765625 
510.24496459960938 -7.5210723876953125 297.03305053710938 
507.76455688476562 -7.6295962333679199 294.48025512695312 
509.88491821289062 -7.3804192543029785 294.78192138671875 
507.36376953125 -7.4828157424926758 292.19540405273438 
509.52911376953125 -7.2359728813171387 292.52780151367188 
507.00527954101562 -7.3263931274414062 289.91116333007812 
509.20016479492188 -7.0864124298095703 290.27871704101562 
506.65701293945312 -7.1783742904663086 287.64480590820312 
508.8748779296875 -6.9148597717285156 288.04714965820312 
506.31106567382812 -7.0237383842468262 285.41500854492188 
508.53424072265625 -6.7449941635131836 285.8206787109375 
505.99740600585938 -6.8576498031616211 283.15512084960938 
508.18585205078125 -6.5590596199035645 283.57940673828125 
505.68844604492188 -6.7002005577087402 280.85775756835938 
507.82693481445312 -6.3743643760681152 281.26901245117188 
505.39553833007812 -6.5343432426452637 278.55923461914062 
507.46994018554688 -6.1947369575500488 278.93685913085938 
505.10638427734375 -6.3500185012817383 276.21975708007812 
507.08740234375 -6.0389518737792969 276.6099853515625 
504.75656127929688 -6.1848969459533691 273.87200927734375 
506.69363403320312 -5.899632453918457 274.36148071289062 
504.39154052734375 -6.0342268943786621 271.52838134765625 
506.307861328125 -5.7598476409912109 272.1307373046875 
503.99737548828125 -5.9069576263427734 269.18682861328125 
505.93685913085938 -5.6406726837158203 269.89712524414062 
503.55557250976562 -5.788970947265625 266.86761474609375 
505.56805419921875 -5.521571159362793 267.6151123046875 
503.12652587890625 -5.6535077095031738 264.56814575195312 
505.1820068359375 -5.4051618576049805 265.29537963867188 
502.74066162109375 -5.4954361915588379 262.27716064453125 
504.81155395507812 -5.2598438262939453 263.00863647460938 
502.40005493164062 -5.344202995300293 260.019775390625 
504.46917724609375 -5.065159797668457 260.7572021484375 
502.06393432617188 -5.213447093963623 257.76959228515625 
504.15487670898438 -4.8870463371276855 258.54013061523438 
501.70660400390625 -5.078242301940918 255.45420837402344 
503.82192993164062 -4.7478265762329102 256.3133544921875 
501.29031372070312 -4.9587373733520508 253.06605529785156 
503.3846435546875 -4.6349039077758789 254.032958984375 
502.57122802734375 -4.4272894859313965 249.458251953125 
500.85638427734375 -4.8409490585327148 250.69708251953125 
502.16329956054688 -4.326176643371582 247.2083740234375 
501.31167602539062 -4.1539373397827148 242.76922607421875 
501.73602294921875 -4.2384138107299805 245.00968933105469 
500.94549560546875 -4.0411276817321777 240.48428344726562 
500.65789794921875 -3.9060688018798828 238.21343994140625 
499.82431030273438 -3.5256762504577637 231.38581848144531 
500.10385131835938 -3.6618001461029053 233.66207885742188 
498.78976440429688 -3.9182615280151367 232.18972778320312 
500.38870239257812 -3.7776877880096436 235.93952941894531 
499.04684448242188 -4.0369658470153809 234.37605285644531 
499.30850219726562 -4.1071014404296875 236.25764465332031 
499.238037109375 -3.2776813507080078 226.85206604003906 
499.547607421875 -3.3853919506072998 229.11636352539062 
498.28204345703125 -3.6993825435638428 227.71148681640625 
498.5386962890625 -3.7986550331115723 229.93949890136719 
498.59597778320312 -3.113041877746582 222.35784912109375 
498.90689086914062 -3.2033743858337402 224.6064453125 
497.63882446289062 -3.6049437522888184 223.25834655761719 
497.96713256835938 -3.6377127170562744 225.49299621582031 
497.33206176757812 -3.5505950450897217 220.97857666015625 
497.78759765625 -2.5448453426361084 215.427734375 
498.05465698242188 -2.7761707305908203 217.76116943359375 
496.84890747070312 -3.3163971900939941 216.39176940917969 
498.322265625 -2.9686787128448486 220.07905578613281 
497.06524658203125 -3.4541690349578857 218.69364929199219 
497.13604736328125 -2.2833390235900879 210.94317626953125 
497.47213745117188 -2.3978066444396973 213.19500732421875 
496.36001586914062 -3.0453813076019287 211.85826110839844 
496.61892700195312 -3.1644992828369141 214.11106872558594 
496.384765625 -2.1988697052001953 206.49549865722656 
496.764404296875 -2.2343063354492188 208.71966552734375 
495.65780639648438 -2.9437065124511719 207.37126159667969 
496.028076171875 -2.9774758815765381 209.59628295898438 
495.29806518554688 -2.8724894523620605 205.13064575195312 
495.58425903320312 -1.4484738111495972 199.59677124023438 
495.6614990234375 -1.9858871698379517 201.90058898925781 
494.77627563476562 -2.5423064231872559 200.5267333984375 
495.99627685546875 -2.1239562034606934 204.19757080078125 
494.99148559570312 -2.7504832744598389 202.83334350585938 
495.04031372070312 -0.97385269403457642 195.15847778320312 
495.37057495117188 -1.0821146965026855 197.34651184082031 
494.37762451171875 -2.0428140163421631 195.94728088378906 
494.60064697265625 -2.2804169654846191 198.20277404785156 
494.62191772460938 -0.39043939113616943 190.70729064941406 
494.8365478515625 -0.62745070457458496 192.96240234375 
493.99343872070312 -1.5746563673019409 191.50779724121094 
494.1800537109375 -1.7910499572753906 193.73562622070312 
493.77798461914062 -1.4680807590484619 189.2403564453125 
493.85195922851562 -0.17174433171749115 183.71466064453125 
494.13818359375 -0.23392128944396973 186.08058166503906 
493.25762939453125 -1.3524768352508545 184.67738342285156 
494.41259765625 -0.27153816819190979 188.39877319335938 
493.52664184570312 -1.4161008596420288 186.95968627929688 
493.47225952148438 -0.17411091923713684 179.08308410644531 
493.64663696289062 -0.12527595460414886 181.37661743164062 
492.82876586914062 -1.2990050315856934 180.12948608398438 
493.02117919921875 -1.3008242845535278 182.39967346191406 
493.02056884765625 -0.74725258350372314 174.51234436035156 
493.276123046875 -0.38246515393257141 176.80081176757812 
492.3284912109375 -1.5795086622238159 175.57110595703125 
492.61972045898438 -1.3785001039505005 177.86904907226562 
492.04193115234375 -1.8600617647171021 173.3046875 
492.37554931640625 -1.9345520734786987 167.90475463867188 
492.5386962890625 -1.4896632432937622 170.08128356933594 
491.59622192382812 -2.4668340682983398 168.94718933105469 
492.763916015625 -1.1076159477233887 172.28607177734375 
491.78573608398438 -2.1477298736572266 171.10401916503906 
492.41278076171875 -2.6608140468597412 163.6834716796875 
492.34164428710938 -2.3525459766387939 165.75894165039062 
491.55715942382812 -3.1755964756011963 164.67755126953125 
491.51553344726562 -2.8321688175201416 166.79985046386719 
492.18484497070312 -2.8205134868621826 159.74372863769531 
492.41024780273438 -2.8033182621002197 161.68206787109375 
491.4434814453125 -3.4843358993530273 160.67210388183594 
491.58746337890625 -3.4182677268981934 162.61711120605469 
491.17105102539062 -3.4314770698547363 158.67622375488281 
491.35470581054688 -2.8729841709136963 153.90757751464844 
491.66455078125 -2.8369491100311279 155.83164978027344 
490.69647216796875 -3.4982545375823975 154.82046508789062 
491.86993408203125 -2.7889833450317383 157.77761840820312 
490.913330078125 -3.4380450248718262 156.71981811523438 
490.27206420898438 -2.2261166572570801 150.13935852050781 
490.886962890625 -2.6727938652038574 152.01649475097656 
489.71905517578125 -3.2727005481719971 151.07817077636719 
490.31353759765625 -3.465280294418335 152.95545959472656 
489.2149658203125 -1.5191658735275269 148.46054077148438 
488.94549560546875 -2.7410757541656494 149.22698974609375 
502.97161865234375 -4.5335769653320312 251.73939514160156 
518.08941650390625 -10.150734901428223 342.1168212890625 
520.961669921875 -12.511704444885254 364.96347045898438 
527.9317626953125 -15.650075912475586 386.4600830078125 
485.28619384765625 -0.80162334442138672 147.06138610839844 
482.4825439453125 -2.6285154819488525 147.70726013183594 
483.70584106445312 -1.7436903715133667 147.23190307617188 
481.41943359375 -3.5878429412841797 148.81875610351562 
486.76596069335938 0.22219215333461761 147.29191589355469 
485.62762451171875 1.3878569602966309 147.8590087890625 
481.293701171875 -1.3974955081939697 147.81149291992188 
482.53378295898438 -0.50394004583358765 147.50810241699219 
483.97406005859375 0.48332607746124268 147.50633239746094 
506.5711669921875 0.27788993716239929 297.8939208984375 
504.96774291992188 -0.75940829515457153 298.47500610351562 
505.97543334960938 -0.27979001402854919 299.77777099609375 
504.4146728515625 -0.78678339719772339 296.25433349609375 
506.20590209960938 0.46561542153358459 295.658935546875 
503.9910888671875 -0.70726239681243896 294.01699829101562 
505.98550415039062 0.69128984212875366 293.40283203125 
504.65863037109375 0.28353783488273621 292.2318115234375 
503.62637329101562 -0.53638875484466553 291.8209228515625 
505.85565185546875 0.92556959390640259 291.10614013671875 
504.40597534179688 0.47735437750816345 290.38980102539062 
503.21719360351562 -0.3838525116443634 289.61456298828125 
504.0281982421875 0.66613298654556274 288.223388671875 
505.69088745117188 1.1642665863037109 288.80908203125 
502.80859375 -0.2033090740442276 287.34356689453125 
505.16690063476562 1.3430955410003662 286.6539306640625 
503.5457763671875 0.81217312812805176 286.0162353515625 
504.26773071289062 1.3761975765228271 284.61865234375 
502.415283203125 0.0021223109215497971 285.0635986328125 
503.12954711914062 0.97468411922454834 283.79815673828125 
502.02047729492188 0.17888990044593811 282.81683349609375 
503.94183349609375 1.5618669986724854 282.41098022460938 
502.73574829101562 1.1234990358352661 281.54022216796875 
501.61676025390625 0.34980100393295288 280.55300903320312 
503.59210205078125 1.7655647993087769 280.22036743164062 
502.366943359375 1.2936258316040039 279.33462524414062 
501.20541381835938 0.50116080045700073 278.32061767578125 
503.28375244140625 1.9430972337722778 278.02725219726562 
502.01242065429688 1.4870213270187378 277.109130859375 
500.798095703125 0.63183021545410156 276.0284423828125 
502.99957275390625 2.1491048336029053 275.7520751953125 
501.68255615234375 1.6912150382995605 274.80587768554688 
500.42919921875 0.79521787166595459 273.74105834960938 
502.70504760742188 2.3465583324432373 273.39340209960938 
501.37191772460938 1.9186521768569946 272.50057983398438 
500.04733276367188 0.95736920833587646 271.45458984375 
502.4742431640625 2.5409567356109619 271.05020141601562 
501.08059692382812 2.1052181720733643 270.243408203125 
499.68096923828125 1.1067174673080444 269.22332763671875 
502.26101684570312 2.6834831237792969 268.77459716796875 
500.76849365234375 2.2263939380645752 267.998291015625 
499.304443359375 1.204430103302002 267.0177001953125 
502.01852416992188 2.8218426704406738 266.55484008789062 
500.41802978515625 2.3507382869720459 265.731201171875 
498.91119384765625 1.3001725673675537 264.75506591796875 
501.73004150390625 2.9695303440093994 264.2802734375 
500.03030395507812 2.4777901172637939 263.40274047851562 
501.276611328125 3.0756769180297852 262.08627319335938 
498.49667358398438 1.4193629026412964 262.45413208007812 
499.52630615234375 2.5213916301727295 261.21670532226562 
500.24203491210938 2.9802212715148926 260.06094360351562 
498.098876953125 1.5929454565048218 260.13211059570312 
499.01947021484375 2.5578997135162354 258.971923828125 
499.77310180664062 3.082700252532959 257.77886962890625 
497.70904541015625 1.7441520690917969 257.79620361328125 
498.57400512695312 2.6714966297149658 256.6246337890625 
499.371337890625 3.2200515270233154 255.43136596679688 
497.29483032226562 1.8619112968444824 255.48689270019531 
498.164306640625 2.8003942966461182 254.341796875 
499.01992797851562 3.3568201065063477 253.15547180175781 
496.90399169921875 1.9968690872192383 253.2275390625 
497.8056640625 2.9219167232513428 252.11604309082031 
498.68515014648438 3.4508311748504639 250.91839599609375 
496.5384521484375 2.1754560470581055 250.97213745117188 
497.47244262695312 3.0532574653625488 249.91078186035156 
498.3385009765625 3.547356128692627 248.65699768066406 
496.20510864257812 2.3556716442108154 248.76052856445312 
497.13735961914062 3.1748182773590088 247.68023681640625 
497.96011352539062 3.6754076480865479 246.42657470703125 
495.88394165039062 2.5249607563018799 246.521484375 
496.8035888671875 3.3233945369720459 245.43731689453125 
497.62060546875 3.7859132289886475 244.19418334960938 
495.562255859375 2.7178232669830322 244.26432800292969 
496.46380615234375 3.453883171081543 243.19039916992188 
497.25698852539062 3.8890657424926758 241.93211364746094 
495.19879150390625 2.8744738101959229 242.00193786621094 
496.12057495117188 3.5825564861297607 240.8538818359375 
496.91339111328125 3.9788632392883301 239.61550903320312 
494.82376098632812 2.9755539894104004 239.71369934082031 
495.76031494140625 3.6669292449951172 238.52928161621094 
496.59365844726562 4.0377593040466309 237.28359985351562 
494.456298828125 3.0454428195953369 237.41319274902344 
495.37478637695312 3.7165892124176025 236.25386047363281 
496.26708984375 4.0952415466308594 234.9766845703125 
494.06900024414062 3.1121807098388672 235.13357543945312 
494.973876953125 3.7631826400756836 234.00730895996094 
495.92742919921875 4.1498947143554688 232.69503784179688 
493.68182373046875 3.1904551982879639 232.88006591796875 
494.6181640625 3.823509693145752 231.73783874511719 
495.61624145507812 4.2098250389099121 230.4012451171875 
493.33279418945312 3.3036637306213379 230.64152526855469 
494.2977294921875 3.9137911796569824 229.45590209960938 
495.3663330078125 4.2838420867919922 228.15611267089844 
493.05337524414062 3.4500548839569092 228.40254211425781 
494.02947998046875 4.0313096046447754 227.2171630859375 
495.15676879882812 4.3650164604187012 225.95297241210938 
492.80435180664062 3.6252305507659912 226.15885925292969 
493.78744506835938 4.1660985946655273 224.97543334960938 
507.04177856445312 0.10379510372877121 300.05072021484375 
505.16326904296875 -1.1401832103729248 300.68832397460938 
506.19302368164062 -0.50341576337814331 301.53677368164062 
507.46795654296875 -0.083755925297737122 302.19699096679688 
505.4451904296875 -1.5272413492202759 302.92898559570312 
506.5048828125 -0.73051220178604126 303.69683837890625 
507.82302856445312 -0.26630833745002747 304.40948486328125 
505.812255859375 -1.7351310253143311 305.14859008789062 
506.85488891601562 -0.91217899322509766 305.91537475585938 
508.13494873046875 -0.44370457530021667 306.63021850585938 
506.20071411132812 -1.8868482112884521 307.3695068359375 
507.25653076171875 -1.0649278163909912 308.1378173828125 
508.57080078125 -0.58577340841293335 308.80133056640625 
506.63681030273438 -2.0122513771057129 309.60836791992188 
507.71041870117188 -1.1494336128234863 310.3316650390625 
507.05130004882812 -2.1340913772583008 311.84307861328125 
508.10980224609375 -1.2720792293548584 312.52792358398438 
509.3046875 -0.68072831630706787 310.88201904296875 
509.48220825195312 -0.87379318475723267 313.11495971679688 
507.43991088867188 -2.2673342227935791 314.06301879882812 
508.44815063476562 -1.455605149269104 314.755615234375 
509.77255249023438 -1.0676248073577881 315.36392211914062 
507.84591674804688 -2.3897891044616699 316.2989501953125 
508.82135009765625 -1.6294106245040894 316.93927001953125 
510.11181640625 -1.253349781036377 317.62005615234375 
508.31704711914062 -2.4852089881896973 318.54803466796875 
509.26004028320312 -1.8039939403533936 319.17669677734375 
510.47348022460938 -1.4413472414016724 319.8865966796875 
508.81619262695312 -2.6144411563873291 320.7735595703125 
509.69232177734375 -2.0009090900421143 321.40945434570312 
510.8419189453125 -1.6437097787857056 322.12832641601562 
509.27783203125 -2.7958803176879883 322.96368408203125 
510.08221435546875 -2.2116296291351318 323.60726928710938 
511.21328735351562 -1.8391742706298828 324.353515625 
509.67852783203125 -3.007742166519165 325.14389038085938 
510.432373046875 -2.4252688884735107 325.83111572265625 
511.55303955078125 -2.026226282119751 326.60922241210938 
510.0548095703125 -3.2011177539825439 327.38116455078125 
510.8077392578125 -2.6006050109863281 328.11322021484375 
511.88607788085938 -2.194756031036377 328.887451171875 
510.4456787109375 -3.37284255027771 329.6673583984375 
511.22653198242188 -2.7546062469482422 330.40045166015625 
512.27362060546875 -2.3512530326843262 331.14260864257812 
510.890625 -3.5158824920654297 331.94940185546875 
511.66629028320312 -2.91131591796875 332.638916015625 
512.69866943359375 -2.5118749141693115 333.44094848632812 
511.38577270507812 -3.6386048793792725 334.26687622070312 
512.064697265625 -3.0352323055267334 334.580810546875 
513.10870361328125 -2.6939656734466553 335.78515625 
511.86593627929688 -3.7950999736785889 336.59115600585938 
512.6083984375 -3.2404041290283203 337.40036010742188 
513.49029541015625 -2.8830759525299072 338.134521484375 
512.2921142578125 -4.0006508827209473 338.9139404296875 
513.0108642578125 -3.4511175155639648 339.7427978515625 
513.875732421875 -3.073188304901123 340.48568725585938 
512.69989013671875 -4.2648005485534668 341.28329467773438 
513.472900390625 -3.7285258769989014 342.52096557617188 
494.90399169921875 4.4259195327758789 223.72323608398438 
492.54873657226562 3.8048040866851807 223.90269470214844 
493.51629638671875 4.2873034477233887 222.71977233886719 
494.63284301757812 4.4784145355224609 221.47714233398438 
492.250732421875 3.9510500431060791 221.63690185546875 
493.20321655273438 4.3679080009460449 220.44760131835938 
494.34976196289062 4.5161228179931641 219.20216369628906 
491.9285888671875 4.0598969459533691 219.33659362792969 
492.87060546875 4.4154391288757324 218.1434326171875 
494.03494262695312 4.5390729904174805 216.90814208984375 
491.59255981445312 4.1451144218444824 217.02749633789062 
492.5406494140625 4.4753355979919434 215.83642578125 
514.2821044921875 -3.2574722766876221 342.79055786132812 
513.0992431640625 -4.5472841262817383 343.63681030273438 
513.79925537109375 -3.9255979061126709 344.40121459960938 
493.70782470703125 4.5699524879455566 214.60018920898438 
491.26156616210938 4.2314457893371582 214.72879028320312 
492.22601318359375 4.5360045433044434 213.5263671875 
493.4036865234375 4.6079950332641602 212.31208801269531 
490.99334716796875 4.333672046661377 212.40803527832031 
491.96917724609375 4.6202406883239746 211.23783874511719 
490.75482177734375 4.4325017929077148 210.11799621582031 
491.75714111328125 4.6943306922912598 209.02679443359375 
490.5396728515625 4.5434432029724121 207.84454345703125 
491.65780639648438 4.7450394630432129 207.1754150390625 
493.16268920898438 4.6420369148254395 210.038330078125 
492.91531372070312 4.6789083480834961 207.77029418945312 
514.65509033203125 -3.4523780345916748 345.0797119140625 
513.5054931640625 -4.8278093338012695 345.9337158203125 
514.25653076171875 -4.0673398971557617 346.54168701171875 
515.20947265625 -3.5368344783782959 347.31353759765625 
514.7960205078125 -4.0515847206115723 348.32281494140625 
514.066162109375 -4.8438897132873535 348.1390380859375 
515.72064208984375 -3.6699893474578857 349.52435302734375 
514.91632080078125 -4.4183392524719238 350.06002807617188 
490.61285400390625 4.6873464584350586 205.62779235839844 
492.76730346679688 4.6939873695373535 205.50540161132812 
491.21560668945312 4.834505558013916 203.41767883300781 
516.1416015625 -3.8190193176269531 351.73907470703125 
527.3614501953125 -14.421649932861328 388.20260620117188 
526.1214599609375 -14.360360145568848 388.55795288085938 
525.5380859375 -15.146239280700684 387.70510864257812 
529.24755859375 -14.203773498535156 387.49786376953125 
529.80810546875 -14.955561637878418 386.25369262695312 
524.86187744140625 -14.069355964660645 388.8511962890625 
530.94537353515625 -13.390564918518066 386.60507202148438 
530.1082763671875 -12.219472885131836 387.98883056640625 
528.80194091796875 -13.512845993041992 388.2467041015625 
529.049560546875 -15.815640449523926 385.42617797851562 
520.73529052734375 -8.8573694229125977 388.69937133789062 
520.28851318359375 -7.0129337310791016 387.47317504882812 
520.006103515625 -8.0137157440185547 387.431640625 
521.38348388671875 -6.7051386833190918 388.60794067382812 
519.4195556640625 -7.4670171737670898 386.00714111328125 
488.29830932617188 6.5314106941223145 172.4434814453125 
490.068115234375 5.8967180252075195 171.1612548828125 
489.04391479492188 6.3700008392333984 170.61651611328125 
490.29879760742188 5.7930488586425781 173.36323547363281 
488.00454711914062 6.5016946792602539 174.45571899414062 
490.5367431640625 5.6823282241821289 175.57025146484375 
488.213623046875 6.3747296333312988 176.54002380371094 
490.83306884765625 5.5061631202697754 177.79017639160156 
488.5196533203125 6.2029414176940918 178.69459533691406 
491.08078002929688 5.3154339790344238 180.04627990722656 
488.77520751953125 5.9997010231018066 180.87739562988281 
491.25396728515625 5.1571412086486816 182.28866577148438 
488.97018432617188 5.7990460395812988 183.08699035644531 
491.43466186523438 5.0372939109802246 184.53742980957031 
489.17282104492188 5.6207470893859863 185.31117248535156 
491.6800537109375 4.9053430557250977 186.82009887695312 
489.4490966796875 5.4547810554504395 187.57131958007812 
491.93072509765625 4.7698783874511719 189.14060974121094 
489.72537231445312 5.3270697593688965 189.8292236328125 
492.16802978515625 4.6561059951782227 191.51374816894531 
489.98785400390625 5.219914436340332 192.12123107910156 
492.42626953125 4.5511713027954102 193.86233520507812 
490.27685546875 5.127173900604248 194.41604614257812 
492.68942260742188 4.4831080436706543 196.18084716796875 
490.56723022460938 5.0374975204467773 196.68017578125 
492.96749877929688 4.4304580688476562 198.500244140625 
490.83377075195312 4.9520330429077148 198.91569519042969 
491.03823852539062 4.8917503356933594 201.1678466796875 
493.26986694335938 4.3760538101196289 200.80252075195312 
493.61428833007812 4.3289766311645508 203.09870910644531 
490.06033325195312 5.9626007080078125 168.97320556640625 
482.4427490234375 3.2831850051879883 151.02734375 
484.24945068359375 3.683962345123291 150.67901611328125 
482.88958740234375 2.3119261264801025 149.43937683105469 
483.84963989257812 4.7849230766296387 152.34686279296875 
482.1226806640625 4.3041353225708008 152.70053100585938 
483.49819946289062 5.8847637176513672 154.08470153808594 
481.80648803710938 5.3033452033996582 154.36770629882812 
483.1912841796875 6.6764369010925293 155.76223754882812 
481.48629760742188 5.9812736511230469 156.00074768066406 
482.81692504882812 7.0405397415161133 157.47467041015625 
481.323974609375 6.3535895347595215 157.75279235839844 
482.49920654296875 7.1979966163635254 159.36576843261719 
481.27078247070312 6.5710616111755371 159.65211486816406 
482.32574462890625 7.3063464164733887 161.39910888671875 
481.15606689453125 6.6405434608459473 161.33830261230469 
481.48785400390625 6.8893914222717285 163.09677124023438 
482.25628662109375 7.2983417510986328 163.50125122070312 
482.25558471679688 6.9485807418823242 165.58831787109375 
500.27752685546875 -4.1740574836730957 278.7818603515625 
500.27777099609375 -2.8744251728057861 280.32077026367188 
499.89297485351562 -2.7119991779327393 278.019775390625 
500.66079711914062 -4.3350620269775391 281.0643310546875 
500.68557739257812 -2.9859766960144043 282.60940551757812 
501.064208984375 -4.4962654113769531 283.40106201171875 
501.10504150390625 -3.0530364513397217 284.84841918945312 
501.46002197265625 -4.5943722724914551 285.76144409179688 
501.53570556640625 -3.1297898292541504 287.08441162109375 
501.85379028320312 -4.6878008842468262 288.10348510742188 
501.95443725585938 -3.3162846565246582 289.37326049804688 
502.2747802734375 -4.7471718788146973 290.44601440429688 
502.390380859375 -3.4835388660430908 291.62918090820312 
500.4141845703125 -1.2115525007247925 279.35787963867188 
500.84857177734375 -1.3528672456741333 281.60366821289062 
501.2889404296875 -1.4700227975845337 283.81619262695312 
501.7506103515625 -1.4914023876190186 286.05068969726562 
502.11880493164062 -1.732985258102417 288.31515502929688 
502.50277709960938 -1.9941681623458862 290.61834716796875 
502.717041015625 -4.7426204681396484 292.78497314453125 
502.87164306640625 -2.3282985687255859 292.87918090820312 
502.83071899414062 -3.5450055599212646 293.87887573242188 
500.0284423828125 -1.0605143308639526 277.10379028320312 
499.89532470703125 -4.0473074913024902 276.45571899414062 
499.50057983398438 -2.5175139904022217 275.71359252929688 
499.65838623046875 -0.92900276184082031 274.84286499023438 
499.4613037109375 -3.8862552642822266 274.11468505859375 
499.1090087890625 -2.345395565032959 273.41079711914062 
499.26174926757812 -0.77333372831344604 272.55413818359375 
498.72000122070312 -2.1552379131317139 271.1865234375 
498.85086059570312 -0.60256904363632202 270.28543090820312 
498.3983154296875 -1.8259350061416626 269.38656616210938 
499.03863525390625 -3.6775219440460205 271.78067016601562 
498.5726318359375 -3.3379299640655518 269.51687622070312 
498.03994750976562 -2.3218858242034912 267.58511352539062 
498.44223022460938 -0.49520814418792725 268.09194946289062 
498.00347900390625 -0.44449493288993835 265.85702514648438 
497.63345336914062 -2.3045623302459717 265.28756713867188 
497.59921264648438 -0.38462895154953003 263.62765502929688 
497.25479125976562 -2.257049560546875 262.91574096679688 
497.25372314453125 -0.10729948431253433 261.37936401367188 
496.85614013671875 -2.1605257987976074 260.5057373046875 
496.96719360351562 0.30642002820968628 259.13180541992188 
496.45584106445312 -2.0090134143829346 258.20965576171875 
496.45223999023438 0.14799340069293976 256.88595581054688 
496.07046508789062 -1.8717601299285889 256.02651977539062 
496.03451538085938 0.22181436419487 254.70893859863281 
495.65512084960938 -1.7114200592041016 253.83711242675781 
495.65988159179688 0.43754291534423828 252.50018310546875 
495.24700927734375 -1.519720196723938 251.60078430175781 
495.2952880859375 0.66490846872329712 250.26248168945312 
494.84909057617188 -1.2568780183792114 249.3687744140625 
494.96063232421875 0.88509440422058105 248.03945922851562 
494.44473266601562 -0.81023073196411133 247.13217163085938 
494.60061645507812 1.122667670249939 245.8040771484375 
494.08901977539062 -0.41885671019554138 244.93515014648438 
494.22317504882812 1.3344999551773071 243.52394104003906 
493.69772338867188 -0.41282880306243896 242.64712524414062 
493.85455322265625 1.4769006967544556 241.24520874023438 
493.31655883789062 -0.37559604644775391 240.33515930175781 
493.48922729492188 1.5997858047485352 238.98628234863281 
492.95010375976562 -0.27333426475524902 238.03077697753906 
493.13958740234375 1.7195006608963013 236.7218017578125 
492.580810546875 -0.080185540020465851 235.768798828125 
492.78240966796875 1.8228374719619751 234.47967529296875 
492.20883178710938 0.18221913278102875 233.51814270019531 
492.41427612304688 1.9460995197296143 232.26722717285156 
491.840087890625 0.41039016842842102 231.23812866210938 
492.06243896484375 2.093231201171875 230.057373046875 
491.4735107421875 0.61322480440139771 228.98397827148438 
491.74752807617188 2.3089754581451416 227.83258056640625 
491.10165405273438 0.83246755599975586 226.72703552246094 
491.46139526367188 2.5704324245452881 225.56712341308594 
490.7425537109375 1.1116729974746704 224.4371337890625 
491.168701171875 2.8083939552307129 223.28720092773438 
490.35418701171875 1.3236913681030273 222.09884643554688 
490.84701538085938 2.9823052883148193 221.01771545410156 
489.98745727539062 1.6215448379516602 219.80380249023438 
490.4830322265625 3.1013603210449219 218.72509765625 
489.64437866210938 1.9137145280838013 217.50521850585938 
490.13546752929688 3.2304704189300537 216.45172119140625 
489.3004150390625 2.1163637638092041 215.185546875 
489.82855224609375 3.3561840057373047 214.17515563964844 
488.91162109375 2.0430741310119629 212.92034912109375 
489.54605102539062 3.4906811714172363 211.93350219726562 
488.58135986328125 2.105827808380127 210.69183349609375 
489.25503540039062 3.6013083457946777 209.69145202636719 
488.2640380859375 2.274397611618042 208.41069030761719 
488.95773315429688 3.7193026542663574 207.4344482421875 
487.92987060546875 2.4065432548522949 206.14703369140625 
488.64321899414062 3.8354909420013428 205.20555114746094 
487.59738159179688 2.5326573848724365 203.895751953125 
488.3265380859375 3.9594612121582031 202.9796142578125 
487.269775390625 2.6730194091796875 201.58526611328125 
488.009765625 4.0793914794921875 200.73446655273438 
486.92962646484375 2.8228957653045654 199.33840942382812 
487.6903076171875 4.2151412963867188 198.50247192382812 
486.57354736328125 3.0000927448272705 197.07101440429688 
487.39852905273438 4.3752450942993164 196.25094604492188 
486.228759765625 3.1690640449523926 194.7347412109375 
487.1004638671875 4.5169858932495117 193.94027709960938 
485.89794921875 3.3149218559265137 192.42155456542969 
486.78262329101562 4.6334710121154785 191.58042907714844 
485.557373046875 3.4756381511688232 190.11900329589844 
486.48263549804688 4.7865476608276367 189.2470703125 
485.2110595703125 3.6700410842895508 187.82528686523438 
486.1595458984375 4.952937126159668 186.97415161132812 
484.88204956054688 3.8355269432067871 185.58152770996094 
485.85043334960938 5.1585497856140137 184.70889282226562 
484.531494140625 4.0090789794921875 183.3756103515625 
485.4798583984375 5.3530182838439941 182.47030639648438 
484.14434814453125 4.2076530456542969 181.15419006347656 
485.151611328125 5.5546584129333496 180.25531005859375 
483.76766967773438 4.3817863464355469 178.9267578125 
484.81906127929688 5.7158365249633789 178.0382080078125 
483.37863159179688 4.541985034942627 176.64274597167969 
484.4703369140625 5.869563102722168 175.82879638671875 
483.02835083007812 4.7343473434448242 174.42303466796875 
484.30740356445312 6.1142597198486328 173.69618225097656 
482.6424560546875 4.9604530334472656 172.31149291992188 
484.123291015625 6.4090714454650879 171.63792419433594 
482.19390869140625 5.2413911819458008 170.24420166015625 
483.48779296875 6.5782222747802734 169.59684753417969 
481.74777221679688 5.5923800468444824 168.18428039550781 
482.88330078125 6.8032402992248535 167.53596496582031 
481.29180908203125 5.9317722320556641 166.19088745117188 
480.89505004882812 6.0872340202331543 164.29997253417969 
480.58346557617188 6.031409740447998 162.30337524414062 
480.3890380859375 5.7879095077514648 160.17933654785156 
480.19757080078125 5.4426174163818359 158.18998718261719 
480.1572265625 5.0556588172912598 156.45913696289062 
480.29531860351562 4.433870792388916 154.76242065429688 
480.51126098632812 3.6138012409210205 153.16693115234375 
480.76681518554688 2.7059204578399658 151.58949279785156 
484.84674072265625 2.5977802276611328 149.12167358398438 
483.70989990234375 1.57486891746521 148.33476257324219 
503.1383056640625 -4.6108436584472656 295.1190185546875 
503.27041625976562 -2.4839553833007812 295.13470458984375 
503.19577026367188 -3.5222852230072021 295.79132080078125 
481.0887451171875 1.7685782909393311 149.92636108398438 
481.67410278320312 0.6681022047996521 148.47012329101562 
503.54580688476562 -4.370450496673584 297.3775634765625 
503.64968872070312 -2.6654560565948486 297.37066650390625 
504.03677368164062 -2.9315459728240967 299.5753173828125 
527.59259033203125 -11.990170478820801 389.4034423828125 
527.38037109375 -10.185073852539062 389.81863403320312 
526.09393310546875 -11.308969497680664 390.16488647460938 
528.9075927734375 -11.512088775634766 388.92376708984375 
529.10736083984375 -9.79095458984375 388.86648559570312 
528.18450927734375 -8.5096549987792969 389.22100830078125 
526.86737060546875 -8.1307096481323242 389.80618286132812 
525.73724365234375 -9.7315025329589844 390.4918212890625 
526.84979248046875 -13.130908012390137 389.18099975585938 
524.37823486328125 -11.006195068359375 390.5736083984375 
525.256103515625 -12.618745803833008 389.84097290039062 
524.267333984375 -9.0984439849853516 390.698486328125 
525.386474609375 -7.8255143165588379 390.2537841796875 
530.439208984375 -10.896119117736816 387.948974609375 
530.388427734375 -9.3298063278198242 387.82211303710938 
529.5059814453125 -7.9110045433044434 388.11370849609375 
528.33331298828125 -6.6812167167663574 388.41156005859375 
526.56683349609375 -6.2188282012939453 389.1776123046875 
523.73876953125 -12.724311828613281 389.75869750976562 
524.799072265625 -6.2591123580932617 389.69580078125 
523.749267578125 -7.2051444053649902 390.11883544921875 
522.91436767578125 -8.419581413269043 390.30551147460938 
522.796875 -9.8341217041015625 390.41583251953125 
522.66278076171875 -11.285737991333008 390.147216796875 
520.29742431640625 -12.622664451599121 366.12503051757812 
519.28460693359375 -12.237105369567871 365.08731079101562 
519.92974853515625 -12.351051330566406 364.35458374023438 
519.54437255859375 -12.514947891235352 367.37692260742188 
520.62347412109375 -12.931039810180664 367.84759521484375 
519.7930908203125 -12.821714401245117 369.57818603515625 
520.254638671875 -13.270000457763672 371.62100219726562 
520.95294189453125 -13.894627571105957 373.58334350585938 
521.83612060546875 -14.610376358032227 375.37405395507812 
522.61981201171875 -15.327229499816895 377.26370239257812 
523.255126953125 -16.025600433349609 379.13668823242188 
523.76470947265625 -16.574245452880859 380.96847534179688 
523.99285888671875 -16.716842651367188 382.86257934570312 
523.9952392578125 -16.355173110961914 384.75070190429688 
524.0277099609375 -15.762578010559082 386.17019653320312 
523.69610595703125 -15.056602478027344 387.27737426757812 
523.34716796875 -13.68759822845459 388.87026977539062 
519.00537109375 -12.010493278503418 362.86325073242188 
522.504150390625 -13.655366897583008 388.42544555664062 
522.3504638671875 -12.573685646057129 389.31338500976562 
512.42291259765625 -3.973045825958252 291.76885986328125 
511.71246337890625 -2.065028190612793 291.8106689453125 
512.7252197265625 -3.6909394264221191 293.96490478515625 
511.47976684570312 -2.08966064453125 289.56155395507812 
512.02838134765625 -4.0143857002258301 289.37628173828125 
511.63314819335938 -4.0439996719360352 287.09066772460938 
511.2454833984375 -2.162736177444458 287.35934448242188 
510.63150024414062 -2.2394349575042725 282.786865234375 
510.95266723632812 -2.2372241020202637 285.09588623046875 
511.19924926757812 -4.0702157020568848 284.85540771484375 
510.28656005859375 -2.1729779243469238 280.44784545898438 
510.77999877929688 -4.0631251335144043 282.656005859375 
509.92138671875 -2.0665771961212158 278.13186645507812 
510.37725830078125 -3.9578151702880859 280.40191650390625 
509.57260131835938 -1.9777249097824097 275.76458740234375 
509.98248291015625 -3.8443987369537354 278.09042358398438 
509.59390258789062 -3.7760689258575439 275.7760009765625 
509.22634887695312 -1.9385859966278076 273.43222045898438 
507.27249145507812 -2.2922213077545166 261.90939331054688 
507.70556640625 -2.2939116954803467 264.31118774414062 
507.55389404296875 -3.2992775440216064 264.39047241210938 
508.3450927734375 -3.474252462387085 268.94686889648438 
507.9305419921875 -3.4128158092498779 266.68057250976562 
508.11688232421875 -2.186981201171875 266.71905517578125 
508.49609375 -2.0317502021789551 268.90740966796875 
508.77578735351562 -3.5365238189697266 271.17831420898438 
508.3438720703125 -0.70962166786193848 271.264404296875 
509.19723510742188 -3.6528110504150391 273.47372436523438 
512.103515625 -2.233431339263916 294.00595092773438 
512.78277587890625 -2.8596749305725098 296.06900024414062 
506.82003784179688 -0.047443296760320663 262.15557861328125 
507.4195556640625 -1.2272802591323853 263.43994140625 
506.51296997070312 -0.11542011052370071 259.81027221679688 
506.83892822265625 -2.2292096614837646 259.59799194335938 
506.1671142578125 -0.11293625831604004 257.51687622070312 
506.41787719726562 -2.134702205657959 257.37103271484375 
505.76959228515625 -0.049294419586658478 255.20988464355469 
505.97695922851562 -2.0903124809265137 255.15347290039062 
505.37783813476562 0.022181453183293343 252.92231750488281 
505.53692626953125 -2.0789551734924316 252.91143798828125 
505.35702514648438 -1.0812488794326782 251.52983093261719 
504.986328125 0.10282372683286667 250.60446166992188 
505.00051879882812 -1.0132002830505371 249.45948791503906 
505.13360595703125 -2.1025285720825195 250.62083435058594 
504.72296142578125 -2.0016987323760986 248.314697265625 
504.59024047851562 0.12197364866733551 248.2408447265625 
504.59982299804688 -0.92521631717681885 247.27186584472656 
507.07931518554688 0.079237088561058044 264.55355834960938 
507.73040771484375 -1.1392678022384644 265.57254028320312 
504.31964111328125 -1.7890678644180298 246.00221252441406 
504.18096923828125 0.13458582758903503 245.93035888671875 
504.19790649414062 -0.79555433988571167 245.15541076660156 
508.01876831054688 -1.1043863296508789 267.64700317382812 
507.3453369140625 0.1114480122923851 266.91754150390625 
507.75592041015625 -0.14361073076725006 269.14669799804688 
503.88885498046875 -1.5219583511352539 243.72503662109375 
503.78634643554688 0.14169682562351227 243.66458129882812 
503.38211059570312 0.13648605346679688 241.4134521484375 
499.34503173828125 -1.7401868104934692 220.84214782714844 
498.7510986328125 -2.244952917098999 219.00151062011719 
499.69296264648438 -1.9854615926742554 223.08872985839844 
500.04953002929688 -2.1917088031768799 225.3079833984375 
500.40728759765625 -2.3073058128356934 227.52610778808594 
500.77566528320312 -2.4013497829437256 229.73445129394531 
501.13809204101562 -2.539456844329834 231.94694519042969 
501.541259765625 -2.6283352375030518 234.18260192871094 
501.97299194335938 -2.6487033367156982 236.35250854492188 
501.6441650390625 -3.2768259048461914 237.55387878417969 
502.44857788085938 -2.6317272186279297 238.53634643554688 
501.99490356445312 -3.388272762298584 239.64199829101562 
502.92050170898438 -2.6515264511108398 240.79063415527344 
502.27783203125 -3.5713553428649902 241.78067016601562 
503.20382690429688 -2.9516384601593018 243.04277038574219 
502.45721435546875 -3.8151481151580811 243.93011474609375 
499.00625610351562 -1.5354467630386353 218.66670227050781 
498.4959716796875 -2.0029890537261963 216.96322631835938 
503.35055541992188 -3.340503454208374 245.19392395019531 
503.75299072265625 -3.4352977275848389 247.44415283203125 
504.1636962890625 -3.5404584407806396 249.72154235839844 
504.57760620117188 -3.627173900604248 252.01106262207031 
505.02911376953125 -3.6754822731018066 254.31405639648438 
505.43881225585938 -3.7695844173431396 256.56622314453125 
505.8154296875 -3.9461886882781982 258.76080322265625 
506.1566162109375 -4.1846632957458496 260.99850463867188 
506.51617431640625 -4.3814897537231445 263.27749633789062 
506.84857177734375 -4.5940151214599609 265.66497802734375 
507.22750854492188 -4.7465472221374512 267.99960327148438 
507.63934326171875 -4.8490414619445801 270.29080200195312 
508.03497314453125 -4.9613513946533203 272.53152465820312 
508.41372680664062 -5.0921330451965332 274.81863403320312 
508.78103637695312 -5.2220826148986816 277.12319946289062 
509.19729614257812 -5.3868017196655273 279.4404296875 
509.64059448242188 -5.5513200759887695 281.71981811523438 
510.08221435546875 -5.6797795295715332 284.01617431640625 
510.49435424804688 -5.8287181854248047 286.26840209960938 
510.811767578125 -6.0257325172424316 288.49526977539062 
511.12066650390625 -6.2248883247375488 290.7015380859375 
511.37576293945312 -6.4554734230041504 292.97933959960938 
511.70367431640625 -6.6588516235351562 295.293212890625 
512.05841064453125 -6.8221826553344727 297.56512451171875 
512.45294189453125 -6.956364631652832 299.808349609375 
512.88201904296875 -7.0898380279541016 302.07974243164062 
513.33551025390625 -7.2142825126647949 304.37945556640625 
513.782470703125 -7.327265739440918 306.66714477539062 
514.18505859375 -7.4615993499755859 308.92431640625 
514.53857421875 -7.6149883270263672 311.16583251953125 
514.837158203125 -7.7911925315856934 313.39361572265625 
515.16192626953125 -7.9487972259521484 315.64059448242188 
515.50701904296875 -8.1054773330688477 317.89535522460938 
515.83990478515625 -8.229426383972168 320.13253784179688 
516.1611328125 -8.325831413269043 322.33746337890625 
516.50982666015625 -8.4535121917724609 324.61688232421875 
516.89581298828125 -8.5897617340087891 326.9814453125 
517.310546875 -8.6824731826782227 329.34823608398438 
517.7474365234375 -8.7426795959472656 331.64797973632812 
518.18359375 -8.8165569305419922 333.892822265625 
518.586181640625 -8.9301176071166992 336.10794067382812 
518.96539306640625 -9.0706081390380859 338.32186889648438 
519.35113525390625 -9.2079944610595703 340.57614135742188 
519.73406982421875 -9.3369960784912109 342.87960815429688 
520.12200927734375 -9.4783267974853516 345.19281005859375 
520.53680419921875 -9.6215457916259766 347.45654296875 
520.96038818359375 -9.7768287658691406 349.67764282226562 
521.4095458984375 -9.9353961944580078 351.87698364257812 
521.8411865234375 -10.122407913208008 354.09811401367188 
522.22357177734375 -10.371050834655762 356.3194580078125 
522.6593017578125 -10.601167678833008 358.52740478515625 
523.2279052734375 -10.757551193237305 360.74642944335938 
523.82928466796875 -10.954095840454102 362.96942138671875 
524.43365478515625 -11.234021186828613 365.16641235351562 
524.99798583984375 -11.630619049072266 367.32510375976562 
525.68426513671875 -12.008505821228027 369.41476440429688 
526.43798828125 -12.340669631958008 371.38934326171875 
527.2484130859375 -12.739459991455078 373.31060791015625 
527.99652099609375 -13.352160453796387 375.2359619140625 
528.64215087890625 -14.135529518127441 377.19589233398438 
529.2313232421875 -14.921751022338867 379.12423706054688 
529.73681640625 -15.458078384399414 380.93792724609375 
530.050048828125 -15.619645118713379 382.68829345703125 
530.05908203125 -15.546313285827637 384.48736572265625 
494.0384521484375 4.2925066947937012 205.38287353515625 
494.50933837890625 4.2279496192932129 207.66801452636719 
494.9329833984375 4.1826138496398926 209.92558288574219 
495.27798461914062 4.1765923500061035 212.18937683105469 
495.63894653320312 4.159670352935791 214.49101257324219 
495.96261596679688 4.1697220802307129 216.80674743652344 
496.28118896484375 4.1967263221740723 219.1038818359375 
496.62435913085938 4.2034692764282227 221.35755920410156 
496.9447021484375 4.2064933776855469 223.58317565917969 
497.2275390625 4.2025079727172852 225.83316040039062 
497.45758056640625 4.2096719741821289 228.08195495605469 
497.65576171875 4.2080607414245605 230.38043212890625 
497.92156982421875 4.1854124069213867 232.68402099609375 
498.26150512695312 4.1481614112854004 235.00393676757812 
498.583740234375 4.1189546585083008 237.30975341796875 
498.89215087890625 4.0968871116638184 239.63475036621094 
499.19204711914062 4.0417385101318359 241.96661376953125 
499.4940185546875 3.9591317176818848 244.22029113769531 
499.83563232421875 3.864619255065918 246.4722900390625 
500.23251342773438 3.7578451633453369 248.73580932617188 
500.6142578125 3.6681478023529053 251.02522277832031 
500.941162109375 3.579519510269165 253.35617065429688 
501.29751586914062 3.4816839694976807 255.71067810058594 
501.72015380859375 3.3565101623535156 258.0557861328125 
502.18505859375 3.2356917858123779 260.35879516601562 
503.868896484375 2.7458546161651611 262.3272705078125 
504.016357421875 2.7121114730834961 264.66403198242188 
504.18548583984375 2.6397650241851807 267.05404663085938 
504.38372802734375 2.5254266262054443 269.40005493164062 
504.60211181640625 2.4205958843231201 271.65814208984375 
504.86123657226562 2.2845771312713623 273.96365356445312 
505.09527587890625 2.1393094062805176 276.29315185546875 
505.35159301757812 1.9881528615951538 278.58404541015625 
505.64743041992188 1.8078246116638184 280.80001831054688 
505.99530029296875 1.6238887310028076 283.06646728515625 
506.46954345703125 1.3911017179489136 285.34765625 
507.22958374023438 1.1162030696868896 286.74798583984375 
508.26010131835938 0.69744223356246948 287.82293701171875 
508.08615112304688 0.74375545978546143 290.05709838867188 
507.969970703125 0.72577559947967529 292.2901611328125 
508.32772827148438 0.54661720991134644 294.44644165039062 
508.73056030273438 0.33872261643409729 296.64779663085938 
508.99505615234375 0.16460296511650085 298.950927734375 
509.31320190429688 -0.032525785267353058 301.25527954101562 
509.6746826171875 -0.22164933383464813 303.54782104492188 
510.01602172851562 -0.39101198315620422 305.823486328125 
510.329345703125 -0.55474519729614258 308.09732055664062 
493.5972900390625 0.92719942331314087 174.93586730957031 
493.27407836914062 2.5865592956542969 172.96969604492188 
493.44973754882812 2.3706812858581543 175.13336181640625 
493.50048828125 0.57178854942321777 172.7080078125 
493.48544311523438 0.56697845458984375 170.47135925292969 
493.13638305664062 2.7877693176269531 170.86601257324219 
493.56475830078125 0.81138598918914795 168.33050537109375 
493.074951171875 2.9738202095031738 168.79450988769531 
493.67715454101562 1.3890535831451416 166.32502746582031 
493.09085083007812 3.1761844158172607 166.74909973144531 
493.8179931640625 1.6511328220367432 164.35615539550781 
493.19888305664062 3.317516565322876 164.7452392578125 
493.26812744140625 3.3832492828369141 162.78363037109375 
493.95272827148438 1.6755074262619019 162.29290771484375 
493.10986328125 3.3374855518341064 160.83563232421875 
493.7947998046875 1.6685361862182617 160.27568054199219 
492.76455688476562 3.3499901294708252 158.91645812988281 
493.47720336914062 1.7104170322418213 158.31028747558594 
492.45010375976562 3.4100933074951172 157.07508850097656 
493.1962890625 1.7939659357070923 156.39210510253906 
492.16159057617188 3.3808703422546387 155.27377319335938 
492.85830688476562 1.7566813230514526 154.5018310546875 
491.71908569335938 3.1948676109313965 153.57479858398438 
492.25906372070312 1.6369465589523315 152.68458557128906 
491.07550048828125 2.8747601509094238 151.92221069335938 
491.42416381835938 1.3341436386108398 150.92854309082031 
490.1763916015625 2.4152164459228516 150.28515625 
490.34902954101562 0.80477261543273926 149.33863830566406 
489.10934448242188 1.8061342239379883 148.926513671875 
489.15054321289062 0.027085768058896065 148.09678649902344 
488.05279541015625 1.1334896087646484 147.97526550292969 
493.6121826171875 2.1911945343017578 177.32884216308594 
506.816162109375 1.218030571937561 272.0057373046875 
506.73046875 1.3690675497055054 274.20895385742188 
506.67361450195312 1.2407723665237427 269.90402221679688 
506.13787841796875 1.5820178985595703 267.718017578125 
505.90237426757812 1.639085054397583 265.50051879882812 
505.7320556640625 1.6169232130050659 263.19638061523438 
505.54489135742188 1.5694882869720459 260.90972900390625 
503.7235107421875 2.7544143199920654 260.04412841796875 
505.29354858398438 1.5436701774597168 258.63888549804688 
503.51809692382812 2.7827997207641602 257.802978515625 
505.01010131835938 1.5658079385757446 256.37310791015625 
503.33197021484375 2.7984004020690918 255.47682189941406 
504.70187377929688 1.6080086231231689 254.11666870117188 
503.13442993164062 2.8271114826202393 253.13676452636719 
504.38763427734375 1.6543853282928467 251.85592651367188 
502.9051513671875 2.8801717758178711 250.79107666015625 
504.0579833984375 1.6967700719833374 249.57708740234375 
502.63009643554688 2.9318535327911377 248.42465209960938 
503.71572875976562 1.7342303991317749 247.31130981445312 
502.30996704101562 2.9915063381195068 246.11738586425781 
503.35629272460938 1.7736798524856567 245.04832458496094 
501.96240234375 3.0522096157073975 243.82072448730469 
503.00274658203125 1.7973514795303345 242.76618957519531 
501.615478515625 3.0849020481109619 241.51931762695312 
502.65164184570312 1.8050285577774048 240.54643249511719 
501.27716064453125 3.1113138198852539 239.20899963378906 
502.30682373046875 1.805219292640686 238.31683349609375 
500.93341064453125 3.1236588954925537 236.898193359375 
501.94113159179688 1.7915995121002197 236.06172180175781 
500.53564453125 3.1444222927093506 234.60087585449219 
501.55615234375 1.7714952230453491 233.80955505371094 
500.126708984375 3.183039665222168 232.36445617675781 
501.17587280273438 1.7674587965011597 231.57386779785156 
499.72634887695312 3.2349114418029785 230.11235046386719 
500.79049682617188 1.8006261587142944 229.34722900390625 
499.33084106445312 3.2564215660095215 227.82633972167969 
500.37423706054688 1.8444974422454834 227.12724304199219 
498.94058227539062 3.2744929790496826 225.53291320800781 
499.97552490234375 1.8530957698822021 224.89378356933594 
498.55392456054688 3.2713015079498291 223.2877197265625 
499.57815551757812 1.8308000564575195 222.66423034667969 
498.1927490234375 3.260840892791748 221.060791015625 
499.16729736328125 1.7997748851776123 220.46401977539062 
497.8385009765625 3.238445520401001 218.8226318359375 
498.77874755859375 1.7464087009429932 218.28985595703125 
497.49343872070312 3.188377857208252 216.58308410644531 
498.438720703125 1.6741225719451904 216.10853576660156 
497.13088989257812 3.1643087863922119 214.3236083984375 
498.09280395507812 1.6018146276473999 213.88191223144531 
496.76754760742188 3.1639094352722168 212.00804138183594 
497.75039672851562 1.5542778968811035 211.66590881347656 
496.4178466796875 3.1595809459686279 209.72126770019531 
497.37252807617188 1.5717760324478149 209.48918151855469 
496.014892578125 3.1947343349456787 207.47756958007812 
496.96697998046875 1.6335843801498413 207.29283142089844 
495.59097290039062 3.2566354274749756 205.23077392578125 
496.57528686523438 1.7005892992019653 205.04949951171875 
495.19546508789062 3.3022494316101074 202.90261840820312 
496.21551513671875 1.7092680931091309 202.7445068359375 
494.84664916992188 3.3304293155670166 200.56510925292969 
495.89138793945312 1.6506713628768921 200.38957214355469 
494.564208984375 3.3257765769958496 198.28106689453125 
495.603759765625 1.571000337600708 198.09695434570312 
494.31341552734375 3.30851149559021 196.01837158203125 
495.33343505859375 1.5294373035430908 195.88325500488281 
495.07064819335938 1.5290420055389404 193.62702941894531 
494.09005737304688 3.3159379959106445 193.72254943847656 
494.85665893554688 1.5529117584228516 191.31207275390625 
493.89932250976562 3.3582088947296143 191.35841369628906 
494.66189575195312 1.6019964218139648 189.01593017578125 
493.71463012695312 3.43524169921875 188.99037170410156 
494.44387817382812 1.6743688583374023 186.70991516113281 
493.46881103515625 3.561089038848877 186.68104553222656 
494.19342041015625 1.7971193790435791 184.37184143066406 
493.18392944335938 3.7334015369415283 184.43251037597656 
493.98580932617188 1.953571081161499 182.02497863769531 
492.99227905273438 3.8571295738220215 182.14056396484375 
493.7806396484375 2.0892903804779053 179.64248657226562 
492.83340454101562 3.9571096897125244 179.84739685058594 
492.6492919921875 4.1094913482666016 177.55889892578125 
492.42684936523438 4.26068115234375 175.29315185546875 
492.2059326171875 4.3791065216064453 173.08253479003906 
492.01223754882812 4.4854488372802734 170.92344665527344 
491.89437866210938 4.6179862022399902 168.76411437988281 
491.86434936523438 4.7743897438049316 166.61410522460938 
491.96926879882812 4.8344755172729492 164.49560546875 
491.9102783203125 4.8161797523498535 162.46478271484375 
491.66049194335938 4.723970890045166 160.44712829589844 
491.30307006835938 4.6376352310180664 158.41119384765625 
490.96310424804688 4.6762456893920898 156.43214416503906 
490.62307739257812 4.5482015609741211 154.57170104980469 
490.07373046875 4.1974730491638184 152.81613159179688 
489.2470703125 3.6991806030273438 151.13233947753906 
488.23562622070312 3.0271964073181152 149.69818115234375 
487.041259765625 2.2259540557861328 148.59365844726562 
507.03018188476562 1.2546917200088501 276.45458984375 
507.34231567382812 1.1410399675369263 278.68374633789062 
507.64694213867188 1.0065445899963379 280.93167114257812 
507.92599487304688 0.88087993860244751 283.19744873046875 
508.17864990234375 0.76243656873703003 285.52639770507812 
486.02182006835938 7.4528985023498535 166.90769958496094 
486.95135498046875 7.4666600227355957 165.34336853027344 
485.29278564453125 7.6888809204101562 165.48513793945312 
484.07000732421875 7.4492363929748535 166.44822692871094 
488.78976440429688 6.7371091842651367 162.78501892089844 
486.97329711914062 7.320744514465332 161.69313049316406 
487.16873168945312 7.4302492141723633 163.52690124511719 
488.51690673828125 6.599764347076416 160.85481262207031 
490.29193115234375 5.8284749984741211 161.66453552246094 
490.56060791015625 5.8861918449401855 163.64730834960938 
489.04855346679688 6.731381893157959 164.95945739746094 
488.26715087890625 6.904149055480957 167.15228271484375 
485.41226196289062 7.7832798957824707 163.99436950683594 
486.59207153320312 7.1408681869506836 168.71324157714844 
484.6165771484375 7.202113151550293 168.274658203125 
483.79641723632812 7.6501269340515137 164.6337890625 
485.34561157226562 7.7146406173706055 162.23387145996094 
483.751953125 7.7184200286865234 162.76824951171875 
486.83468627929688 7.1663217544555664 159.87823486328125 
485.31048583984375 7.5675754547119141 160.40281677246094 
483.78579711914062 7.6045379638671875 160.8509521484375 
483.976806640625 7.4607925415039062 158.9326171875 
485.47021484375 7.384181022644043 158.57693481445312 
486.83328247070312 7.0295877456665039 158.30740356445312 
488.28460693359375 6.4991631507873535 158.97209167480469 
489.97036743164062 5.7162275314331055 159.67915344238281 
484.34457397460938 7.2217311859130859 157.05476379394531 
486.0640869140625 7.0503010749816895 156.90956115722656 
487.87918090820312 6.5185837745666504 157.14939880371094 
489.67190551757812 5.6913161277770996 157.6962890625 
488.25765991210938 6.727910041809082 169.1409912109375 
485.24282836914062 6.9386434555053711 170.27882385253906 
487.23779296875 6.8532114028930664 170.63821411132812 
487.36495971679688 6.3754734992980957 155.45716857910156 
489.31802368164062 5.6506376266479492 155.81735229492188 
485.15359497070312 6.6737337112426758 155.13529968261719 
486.94223022460938 5.9283633232116699 153.80596923828125 
488.89468383789062 5.3828434944152832 154.11204528808594 
485.24063110351562 5.7451004981994629 153.25595092773438 
486.71209716796875 5.3175969123840332 152.48994445800781 
488.317626953125 4.927884578704834 152.50717163085938 
485.5721435546875 4.7110142707824707 151.60154724121094 
487.48495483398438 4.3410978317260742 151.14031982421875 
486.09530639648438 6.7242221832275391 172.64370727539062 
519.69635009765625 -5.1466107368469238 384.65771484375 
518.87005615234375 -7.1305432319641113 384.13998413085938 
519.87689208984375 -5.9985065460205078 385.994873046875 
519.3634033203125 -5.0827388763427734 383.16757202148438 
486.13433837890625 6.5183682441711426 175.07496643066406 
486.37631225585938 6.367058277130127 177.23219299316406 
486.69659423828125 6.2214446067810059 179.37014770507812 
486.973876953125 6.0236778259277344 181.56643676757812 
487.23171997070312 5.7990508079528809 183.8333740234375 
487.49420166015625 5.5678973197937012 186.12741088867188 
487.79547119140625 5.3828158378601074 188.41482543945312 
488.1092529296875 5.2600383758544922 190.66325378417969 
488.41268920898438 5.1543655395507812 192.95216369628906 
488.70687866210938 5.039609432220459 195.27677917480469 
488.9942626953125 4.9103708267211914 197.54812622070312 
489.24038696289062 4.7832112312316895 199.78265380859375 
489.42538452148438 4.6684117317199707 201.96685791015625 
489.5040283203125 4.5358715057373047 203.827880859375 
511.18310546875 -4.4350275993347168 335.35540771484375 
510.82144165039062 -4.3364458084106445 333.55978393554688 
511.52911376953125 -4.564915657043457 337.11444091796875 
518.61328125 -6.9751925468444824 382.21221923828125 
519.1883544921875 -5.0282135009765625 381.26144409179688 
518.427490234375 -7.1181321144104004 380.23013305664062 
519.033203125 -5.1662616729736328 379.28192138671875 
518.26824951171875 -7.3466057777404785 378.179931640625 
518.8861083984375 -5.3870735168457031 377.29620361328125 
518.12493896484375 -7.5245003700256348 376.15985107421875 
518.71075439453125 -5.5703349113464355 375.26593017578125 
517.960205078125 -7.5331611633300781 374.045166015625 
518.4808349609375 -5.6297874450683594 373.10452270507812 
517.745849609375 -7.4564194679260254 371.84988403320312 
518.21636962890625 -5.6268119812011719 370.90631103515625 
517.479248046875 -7.3615241050720215 369.63156127929688 
517.90380859375 -5.5921158790588379 368.6978759765625 
517.16546630859375 -7.2802672386169434 367.42861938476562 
517.544921875 -5.5645046234130859 366.453369140625 
516.79364013671875 -7.232940673828125 365.21932983398438 
517.17144775390625 -5.5441193580627441 364.2193603515625 
516.37493896484375 -7.2130312919616699 362.97506713867188 
516.7637939453125 -5.5183157920837402 361.97848510742188 
515.96820068359375 -7.2096729278564453 360.72573852539062 
516.30975341796875 -5.5256538391113281 359.67047119140625 
515.54791259765625 -7.1866116523742676 358.4244384765625 
515.842529296875 -5.4840826988220215 357.37164306640625 
515.11083984375 -7.126183032989502 356.16506958007812 
515.38275146484375 -5.4004058837890625 355.08493041992188 
514.6727294921875 -7.0300159454345703 353.98080444335938 
514.9793701171875 -5.2323122024536133 352.78878784179688 
514.22491455078125 -6.910515308380127 351.77801513671875 
513.7607421875 -6.7086634635925293 349.56857299804688 
513.28021240234375 -6.5396103858947754 347.3443603515625 
509.75030517578125 -4.9353857040405273 329.77212524414062 
509.33953857421875 -4.7596001625061035 327.58865356445312 
508.938232421875 -4.5931777954101562 325.46615600585938 
508.55545043945312 -4.3967380523681641 323.36422729492188 
508.17684936523438 -4.0710968971252441 321.23007202148438 
507.70199584960938 -4.0160913467407227 319.07357788085938 
507.23016357421875 -4.0244612693786621 316.89181518554688 
506.83544921875 -3.9422459602355957 314.73638916015625 
506.44601440429688 -3.8186831474304199 312.54656982421875 
506.01693725585938 -3.7286491394042969 310.31619262695312 
505.58511352539062 -3.6753084659576416 308.10128784179688 
505.19818115234375 -3.5726423263549805 305.95220947265625 
504.82943725585938 -3.3994441032409668 303.84765625 
504.43783569335938 -3.1900298595428467 301.720703125 
490.30300903320312 5.9597392082214355 166.77870178222656 
516.37872314453125 -4.0309915542602539 353.9725341796875 
516.70465087890625 -4.1895027160644531 356.223388671875 
491.00778198242188 5.5882515907287598 165.518310546875 
486.228271484375 3.5190691947937012 150.00801086425781 
517.18487548828125 -4.256309986114502 358.47674560546875 
517.63702392578125 -4.2600469589233398 360.764892578125 
518.03802490234375 -4.2639226913452148 363.04104614257812 
518.40374755859375 -4.258913516998291 365.27999877929688 
518.7626953125 -4.2616958618164062 367.54251098632812 
519.10955810546875 -4.2359318733215332 369.82400512695312 
519.4207763671875 -4.1606483459472656 372.10208129882812 
519.68017578125 -4.0479340553283691 374.29949951171875 
519.8831787109375 -3.8570787906646729 376.42391967773438 
520.05145263671875 -3.6223492622375488 378.5313720703125 
520.19622802734375 -3.415719747543335 380.58807373046875 
520.36370849609375 -3.3600645065307617 382.45687866210938 
520.47418212890625 -3.687354564666748 384.171875 
520.7666015625 -4.4629812240600586 385.9864501953125 
521.0855712890625 -5.4592885971069336 387.41366577148438 
499.14956665039062 3.8567531108856201 233.72013854980469 
499.54824829101562 3.8192739486694336 235.96138000488281 
499.89376831054688 3.7985770702362061 238.28085327148438 
500.208984375 3.7775623798370361 240.61720275878906 
500.53424072265625 3.727386474609375 242.89915466308594 
500.87359619140625 3.6491801738739014 245.11186218261719 
501.2470703125 3.5537281036376953 247.35874938964844 
501.5799560546875 3.4684152603149414 249.68771362304688 
501.85885620117188 3.3684005737304688 252.02333068847656 
502.097900390625 3.3016293048858643 254.29240417480469 
502.35903930664062 3.2358980178833008 256.55142211914062 
498.79974365234375 3.8923063278198242 231.51963806152344 
502.67050170898438 3.1395728588104248 258.74990844726562 
498.49859619140625 3.8965044021606445 229.42056274414062 
531.52435302734375 -12.075224876403809 386.5869140625 
531.76739501953125 -10.574039459228516 386.4820556640625 
531.194091796875 -8.3675756454467773 386.531494140625 
530.3736572265625 -7.9004645347595215 387.3099365234375 
530.14056396484375 -6.714756965637207 386.791015625 
493.22314453125 -1.0499149560928345 166.4180908203125 
493.744384765625 0.15135721862316132 165.26589965820312 
493.56591796875 0.15383100509643555 166.94439697265625 
493.34945678710938 -1.3077692985534668 164.45433044433594 
493.922607421875 0.11336132884025574 163.2928466796875 
493.47378540039062 -1.4578269720077515 162.42835998535156 
493.968994140625 0.023457854986190796 161.27468872070312 
493.38165283203125 -1.5067393779754639 160.50250244140625 
493.73355102539062 0.0034085400402545929 159.34049987792969 
493.06863403320312 -1.5030517578125 158.61872863769531 
493.43902587890625 0.056291267275810242 157.45445251464844 
492.85650634765625 -1.5040010213851929 156.69230651855469 
493.24874877929688 0.078758262097835541 155.5989990234375 
492.61972045898438 -1.5332916975021362 154.7799072265625 
492.878173828125 0.037331834435462952 153.72946166992188 
492.17462158203125 -1.4710851907730103 152.92153930664062 
492.18753051757812 0.054543852806091309 151.93702697753906 
491.47186279296875 -1.2601546049118042 151.10604858398438 
491.36669921875 0.09143732488155365 150.47300720214844 
493.27017211914062 -0.50798779726028442 168.37771606445312 
515.8287353515625 -6.1992254257202148 312.08621215820312 
515.3724365234375 -6.1565337181091309 309.85174560546875 
515.65716552734375 -6.986788272857666 313.24661254882812 
514.93646240234375 -6.100435733795166 307.61837768554688 
514.49365234375 -6.1151833534240723 305.33554077148438 
514.0958251953125 -6.0234560966491699 303.05181884765625 
513.72222900390625 -5.8810491561889648 300.780517578125 
513.34527587890625 -5.7253684997558594 298.51116943359375 
512.94775390625 -5.5665183067321777 296.19796752929688 
512.557373046875 -5.3873467445373535 293.9161376953125 
512.21771240234375 -5.1838698387145996 291.72531127929688 
503.44622802734375 -1.7743058204650879 241.71830749511719 
516.2933349609375 -6.1339526176452637 314.32797241210938 
516.02301025390625 -7.0144448280334473 315.08560180664062 
503.13662719726562 -1.4461607933044434 239.86207580566406 
503.00930786132812 0.10877181589603424 239.1314697265625 
502.71337890625 -1.4039473533630371 237.66188049316406 
502.62713623046875 0.087239429354667664 236.85281372070312 
502.28018188476562 -1.4165463447570801 235.40516662597656 
502.20675659179688 0.059968359768390656 234.5191650390625 
501.84274291992188 -1.4291999340057373 233.16593933105469 
501.7919921875 0.042494997382164001 232.21965026855469 
501.436279296875 -1.3550974130630493 230.95233154296875 
501.37136840820312 0.1107451543211937 229.97035217285156 
501.03851318359375 -1.2331769466400146 228.69862365722656 
500.90573120117188 0.41888415813446045 227.68601989746094 
500.61990356445312 -1.1488621234893799 226.44439697265625 
500.47720336914062 0.30754229426383972 225.414306640625 
500.19113159179688 -1.0875436067581177 224.20237731933594 
500.04998779296875 0.044387582689523697 223.17066955566406 
499.77413940429688 -0.98547720909118652 222.04655456542969 
499.60818481445312 -0.026861710473895073 220.8878173828125 
499.4306640625 -0.8980787992477417 220.21693420410156 
499.20819091796875 -0.13554947078227997 218.6409912109375 
498.8382568359375 -0.223150834441185 216.39857482910156 
498.45159912109375 -0.35181459784507751 214.15130615234375 
498.05734252929688 -0.48139011859893799 211.93130493164062 
497.6424560546875 -0.56640893220901489 209.72271728515625 
497.22787475585938 -0.61289000511169434 207.5059814453125 
496.80569458007812 -0.63261604309082031 205.20252990722656 
496.44293212890625 -0.48458182811737061 202.78495788574219 
496.11328125 -0.21529226005077362 200.38468933105469 
495.79629516601562 0.14926396310329437 198.11354064941406 
490.50372314453125 -0.68060338497161865 149.419189453125 
516.7252197265625 -6.0471305847167969 316.5645751953125 
516.4114990234375 -7.0798578262329102 317.25442504882812 
517.126708984375 -5.9806532859802246 318.8243408203125 
516.7530517578125 -7.2018918991088867 319.44497680664062 
516.84222412109375 -7.6273407936096191 321.63363647460938 
517.509521484375 -5.9131412506103516 321.13681030273438 
517.58984375 -7.1424250602722168 323.4149169921875 
517.88330078125 -5.8191914558410645 323.43734741210938 
518.17083740234375 -6.462399959564209 325.21697998046875 
517.9320068359375 -7.1537604331970215 325.13433837890625 
518.21185302734375 -7.2600812911987305 326.89218139648438 
529.19146728515625 -5.1049418449401855 386.27850341796875 
527.28179931640625 -5.388054370880127 388.23046875 
527.18634033203125 -3.8029146194458008 386.70947265625 
526.272705078125 -4.2272305488586426 387.69381713867188 
528.19415283203125 -3.6866545677185059 385.6055908203125 
511.69940185546875 -1.3843525648117065 297.32208251953125 
512.751708984375 -2.4931488037109375 297.72964477539062 
510.895751953125 -0.84499454498291016 295.32943725585938 
510.43377685546875 -0.59537625312805176 293.19769287109375 
510.27490234375 -0.55676287412643433 291.044677734375 
510.11245727539062 -0.53678792715072632 288.87191772460938 
509.9317626953125 -0.52842998504638672 286.68783569335938 
509.71432495117188 -0.52217233180999756 284.4874267578125 
509.44976806640625 -0.4710364043712616 282.23199462890625 
509.1663818359375 -0.40885025262832642 279.95358276367188 
508.88565063476562 -0.34924107789993286 277.7005615234375 
508.58309936523438 -0.27078479528427124 275.49462890625 
508.28512573242188 -0.20405185222625732 273.33636474609375 
512.59869384765625 -2.0975525379180908 299.2750244140625 
515.186279296875 -2.4382774829864502 332.01168823242188 
513.58203125 -2.1117393970489502 330.22747802734375 
513.58001708984375 -2.2402656078338623 332.20477294921875 
515.13232421875 -2.3964719772338867 329.4188232421875 
513.53106689453125 -1.9742275476455688 327.63909912109375 
515.267578125 -2.4554159641265869 327.54010009765625 
514.78240966796875 -2.2812786102294922 325.72393798828125 
512.94073486328125 -1.7733117341995239 325.12506103515625 
514.339599609375 -2.11580491065979 323.52621459960938 
512.572021484375 -1.6187597513198853 322.87213134765625 
513.9603271484375 -1.9926936626434326 321.26528930664062 
512.23486328125 -1.479168176651001 320.61056518554688 
513.66546630859375 -1.8912863731384277 318.95913696289062 
511.91876220703125 -1.3278696537017822 318.32620239257812 
513.39654541015625 -1.7763895988464355 316.63449096679688 
511.5408935546875 -1.1594427824020386 316.05258178710938 
512.88824462890625 -1.5495145320892334 314.09375 
510.98248291015625 -0.97804176807403564 314.19168090820312 
511.11224365234375 -0.91165387630462646 312.39166259765625 
512.8707275390625 -1.5820766687393188 311.58746337890625 
514.13897705078125 -2.3599212169647217 334.09658813476562 
515.77099609375 -2.627291202545166 334.63876342773438 
514.564697265625 -2.5041525363922119 336.43646240234375 
516.1943359375 -2.7593278884887695 337.04769897460938 
514.95208740234375 -2.6572978496551514 338.80303955078125 
516.62908935546875 -2.8904843330383301 339.39987182617188 
515.3433837890625 -2.8051941394805908 341.13946533203125 
523.47198486328125 -2.1765983104705811 384.87850952148438 
521.943115234375 -3.0564332008361816 385.474853515625 
523.450927734375 -3.022139310836792 386.36862182617188 
521.7623291015625 -2.4417805671691895 383.70574951171875 
516.99530029296875 -2.9906830787658691 341.69970703125 
523.2646484375 -1.7093629837036133 383.280517578125 
515.7454833984375 -2.9376213550567627 343.3896484375 
522.0020751953125 -2.0413284301757812 381.744384765625 
517.337646484375 -3.090341329574585 343.92364501953125 
524.27276611328125 -1.4602208137512207 381.8841552734375 
516.2608642578125 -3.05816650390625 345.56320190429688 
523.5811767578125 -1.5893980264663696 379.97808837890625 
517.73895263671875 -3.2000637054443359 345.842529296875 
521.65185546875 -2.2539353370666504 379.46676635742188 
511.2000732421875 -0.86855661869049072 310.4925537109375 
523.18548583984375 -1.840753436088562 378.2930908203125 
512.52801513671875 -1.4626518487930298 309.33282470703125 
521.6131591796875 -2.4614260196685791 377.35812377929688 
517.27374267578125 -3.160783052444458 347.83880615234375 
525.3707275390625 -1.8754754066467285 384.00668334960938 
526.312255859375 -1.7504904270172119 381.9893798828125 
525.8570556640625 -1.7358630895614624 380.1356201171875 
525.13427734375 -1.8953442573547363 378.23617553710938 
524.32855224609375 -2.20265793800354 376.24502563476562 
521.6197509765625 -2.7016303539276123 375.26873779296875 
523.70550537109375 -2.5856404304504395 374.14437866210938 
521.3201904296875 -3.0113093852996826 373.11746215820312 
523.147705078125 -2.9059460163116455 372.02529907226562 
520.929443359375 -3.2412731647491455 370.9036865234375 
522.66619873046875 -3.1602370738983154 369.83474731445312 
520.5599365234375 -3.4022648334503174 368.67251586914062 
522.30242919921875 -3.3652818202972412 367.58450317382812 
520.21771240234375 -3.4870798587799072 366.4136962890625 
521.9561767578125 -3.5162653923034668 365.32763671875 
519.874267578125 -3.5182900428771973 364.155029296875 
521.6431884765625 -3.6486194133758545 363.0294189453125 
519.52093505859375 -3.5464460849761963 361.86563110351562 
521.233642578125 -3.7276647090911865 360.67138671875 
519.12615966796875 -3.569915771484375 359.54901123046875 
520.82208251953125 -3.7307357788085938 358.33428955078125 
518.70257568359375 -3.5493876934051514 357.2808837890625 
520.43145751953125 -3.7008123397827148 356.09759521484375 
518.31103515625 -3.4707715511322021 355.01690673828125 
520.08203125 -3.7027745246887207 353.8868408203125 
517.99798583984375 -3.3894743919372559 352.73944091796875 
519.7489013671875 -3.6834475994110107 351.65969848632812 
517.67828369140625 -3.285872220993042 350.44265747070312 
519.4383544921875 -3.6575651168823242 349.39700317382812 
519.0445556640625 -3.6074643135070801 347.11276245117188 
518.80096435546875 -3.5792136192321777 344.80691528320312 
518.68109130859375 -3.6021850109100342 342.42266845703125 
518.38934326171875 -3.5603294372558594 340.01718139648438 
517.8319091796875 -3.3680949211120605 337.71652221679688 
517.28656005859375 -3.1940634250640869 335.42733764648438 
517.010986328125 -3.1577558517456055 333.10647583007812 
516.72265625 -3.0986349582672119 330.8533935546875 
516.4306640625 -3.0092113018035889 328.61856079101562 
512.12872314453125 -1.289933443069458 307.01907348632812 
516.5460205078125 -3.2131738662719727 326.37985229492188 
516.0792236328125 -3.0542843341827393 324.14901733398438 
515.55316162109375 -2.8518798351287842 321.94891357421875 
511.8115234375 -1.1408302783966064 304.74505615234375 
511.545654296875 -1.0194655656814575 302.570068359375 
511.48110961914062 -1.0411612987518311 300.75665283203125 
510.73764038085938 -0.59418594837188721 299.10580444335938 
510.23580932617188 -0.31673699617385864 297.451904296875 
515.27288818359375 -2.7970595359802246 319.6767578125 
515.00640869140625 -2.7408747673034668 317.3697509765625 
514.75946044921875 -2.683565616607666 315.07156372070312 
514.47430419921875 -2.613262414932251 312.76382446289062 
514.15350341796875 -2.5316462516784668 310.4859619140625 
513.83514404296875 -2.4582104682922363 308.2064208984375 
513.5123291015625 -2.3692014217376709 305.92633056640625 
513.18902587890625 -2.2747671604156494 303.66390991210938 
512.87469482421875 -2.1615064144134521 301.50009155273438 
496.9525146484375 0.43913841247558594 205.77743530273438 
496.63055419921875 0.49479278922080994 203.86360168457031 
496.28033447265625 0.59457159042358398 201.62779235839844 
522.3165283203125 -4.0602436065673828 387.14349365234375 
495.9912109375 0.70617449283599854 199.67913818359375 
525.2457275390625 -2.8125090599060059 386.05380249023438 
524.013916015625 -4.0074257850646973 387.8350830078125 
532.7437744140625 -11.218791961669922 383.850830078125 
532.45111083984375 -12.781458854675293 383.2010498046875 
532.7603759765625 -11.116849899291992 382.22171020507812 
532.061767578125 -12.906685829162598 385.05105590820312 
532.329833984375 -11.342123031616211 385.29293823242188 
532.3907470703125 -9.8715591430664062 384.93673706054688 
532.64923095703125 -9.3905086517333984 383.33328247070312 
532.58111572265625 -9.0556211471557617 381.4901123046875 
532.4669189453125 -10.90282154083252 380.64337158203125 
531.99713134765625 -13.024991989135742 381.31100463867188 
531.57440185546875 -12.298486709594727 379.376220703125 
531.95330810546875 -10.50342845916748 379.04217529296875 
532.18853759765625 -8.8290691375732422 379.6356201171875 
531.0826416015625 -11.128665924072266 377.59207153320312 
531.4327392578125 -9.2593107223510742 377.76705932617188 
530.46099853515625 -9.9059028625488281 375.92474365234375 
524.45269775390625 -9.7971630096435547 361.93429565429688 
525.32525634765625 -8.4711990356445312 363.052978515625 
525.1153564453125 -9.9254550933837891 364.09848022460938 
524.7227783203125 -8.4743757247924805 361.0177001953125 
526.01409912109375 -8.4977188110351562 365.21444702148438 
525.8297119140625 -10.114602088928223 366.280029296875 
526.81494140625 -8.5876340866088867 367.58462524414062 
526.61761474609375 -10.314045906066895 368.43695068359375 
527.77886962890625 -8.8182363510131836 370.17654418945312 
527.2464599609375 -10.745852470397949 370.34280395507812 
528.41900634765625 -10.365398406982422 372.28140258789062 
528.66754150390625 -7.8538179397583008 372.32098388671875 
529.60150146484375 -8.894073486328125 374.11044311523438 
529.10986328125 -11.252708435058594 374.25595092773438 
529.7191162109375 -12.184000968933105 376.0941162109375 
530.27459716796875 -13.164466857910156 377.98257446289062 
530.81378173828125 -13.966523170471191 379.98660278320312 
531.2957763671875 -14.367154121398926 381.9564208984375 
523.9730224609375 -9.4708423614501953 359.681396484375 
527.5994873046875 -6.8157777786254883 370.44195556640625 
526.89007568359375 -6.9528603553771973 368.33706665039062 
526.19110107421875 -7.0187883377075195 366.1295166015625 
525.49981689453125 -6.9782657623291016 363.88800048828125 
524.913818359375 -7.2516508102416992 361.63198852539062 
524.34173583984375 -7.5066943168640137 359.34036254882812 
523.581298828125 -9.1902742385864258 357.72564697265625 
523.802001953125 -7.665123462677002 357.0198974609375 
523.060791015625 -9.0865859985351562 355.525146484375 
523.296630859375 -7.6808657646179199 354.69125366210938 
522.59423828125 -8.9179162979125977 353.26318359375 
522.81732177734375 -7.6813292503356934 352.38058471679688 
522.11871337890625 -8.8082513809204102 351.00189208984375 
522.35113525390625 -7.6678857803344727 350.09109497070312 
521.66351318359375 -8.6892795562744141 348.77426147460938 
521.9017333984375 -7.6037478446960449 347.82464599609375 
521.23681640625 -8.560643196105957 346.50384521484375 
521.4920654296875 -7.5287466049194336 345.50839233398438 
520.82183837890625 -8.4633092880249023 344.16146850585938 
521.11285400390625 -7.4447207450866699 343.15313720703125 
520.4134521484375 -8.3620643615722656 341.809814453125 
520.71649169921875 -7.3567585945129395 340.80609130859375 
520.030029296875 -8.2511920928955078 339.51669311523438 
520.31011962890625 -7.3007664680480957 338.47689819335938 
519.6385498046875 -8.1632022857666016 337.26898193359375 
519.9107666015625 -7.2741680145263672 336.17947387695312 
519.227294921875 -8.0930843353271484 335.02560424804688 
519.51068115234375 -7.2435154914855957 333.88955688476562 
518.78826904296875 -8.0555553436279297 332.77337646484375 
519.07421875 -7.2414488792419434 331.60931396484375 
518.3272705078125 -8.0668125152587891 330.51239013671875 
518.648193359375 -7.2572851181030273 329.29421997070312 
517.8797607421875 -8.056696891784668 328.20309448242188 
517.45452880859375 -7.978670597076416 325.91018676757812 
517.089111328125 -7.8507308959960938 323.76824951171875 
531.459228515625 -14.383496284484863 383.7020263671875 
531.090576171875 -14.363606452941895 385.29861450195312 
531.12451171875 -5.7452778816223145 383.15850830078125 
532.101806640625 -7.3392963409423828 382.3155517578125 
531.09417724609375 -5.4681186676025391 380.91110229492188 
531.83447265625 -7.0934081077575684 380.13674926757812 
531.84820556640625 -7.7297344207763672 384.46237182617188 
530.67535400390625 -6.0940732955932617 385.13253784179688 
530.57513427734375 -5.4515528678894043 378.7821044921875 
531.1888427734375 -7.206301212310791 378.04986572265625 
530.4234619140625 -7.8236699104309082 375.97821044921875 
529.867431640625 -5.7693047523498535 376.603271484375 
529.67633056640625 -4.1565103530883789 383.6142578125 
529.85491943359375 -3.9535670280456543 381.64822387695312 
529.5634765625 -3.9494984149932861 379.7344970703125 
529.00927734375 -4.0691356658935547 377.90664672851562 
528.29071044921875 -4.3033208847045898 375.88143920898438 
529.1746826171875 -6.4434304237365723 374.39468383789062 
527.59600830078125 -4.600125789642334 373.87109375 
528.13067626953125 -6.1095695495605469 372.51077270507812 
526.91400146484375 -4.9111342430114746 371.74270629882812 
526.2041015625 -5.1262474060058594 369.5135498046875 
525.6019287109375 -5.3137292861938477 367.30441284179688 
525.06622314453125 -5.4813261032104492 365.07015991210938 
524.53253173828125 -5.6075773239135742 362.75857543945312 
524.0404052734375 -5.7544898986816406 360.41455078125 
523.58172607421875 -5.8675737380981445 358.068115234375 
523.16204833984375 -5.9150142669677734 355.75299072265625 
522.74615478515625 -5.9587445259094238 353.44384765625 
522.33123779296875 -5.9895176887512207 351.16934204101562 
521.9305419921875 -5.9826726913452148 348.89373779296875 
521.5413818359375 -5.8905601501464844 346.60086059570312 
521.16424560546875 -5.7564201354980469 344.30572509765625 
520.74298095703125 -5.5842795372009277 341.98080444335938 
520.3665771484375 -5.5855560302734375 339.60781860351562 
520.00775146484375 -5.6267647743225098 337.2894287109375 
519.68035888671875 -5.7239780426025391 335.0302734375 
519.31640625 -5.6895880699157715 332.75543212890625 
518.96929931640625 -5.6566963195800781 330.44464111328125 
518.7115478515625 -6.4159517288208008 328.4075927734375 
518.62310791015625 -5.6437973976135254 328.1412353515625 
518.421875 -5.9678916931152344 326.5728759765625 
517.8837890625 -4.6760716438293457 325.84536743164062 
517.99822998046875 -5.267876148223877 324.79031372070312 
517.19818115234375 -4.1509995460510254 323.66445922851562 
517.4384765625 -4.8720765113830566 322.03338623046875 
516.74176025390625 -3.9658894538879395 321.39743041992188 
517.13140869140625 -4.8850259780883789 319.90496826171875 
516.420166015625 -3.9220638275146484 319.02230834960938 
516.81109619140625 -4.950981616973877 317.65139770507812 
516.13275146484375 -3.9133734703063965 316.658203125 
516.4520263671875 -5.0240082740783691 315.34774780273438 
515.82061767578125 -3.9197096824645996 314.33282470703125 
516.07611083984375 -5.0825581550598145 313.08636474609375 
515.48443603515625 -3.9120023250579834 312.02850341796875 
515.69134521484375 -5.0823860168457031 310.84646606445312 
515.1268310546875 -3.8649399280548096 309.72567749023438 
515.28973388671875 -5.0456032752990723 308.63247680664062 
514.791259765625 -3.8354618549346924 307.42453002929688 
514.93267822265625 -5.0586562156677246 306.4090576171875 
514.4873046875 -3.8347744941711426 305.1334228515625 
514.58807373046875 -5.0481929779052734 304.18948364257812 
514.17547607421875 -3.8489177227020264 302.8505859375 
514.21923828125 -4.9884047508239746 301.94781494140625 
513.83209228515625 -4.8551321029663086 299.7154541015625 
513.46673583984375 -4.8030991554260254 297.71664428710938 
513.8568115234375 -3.8547680377960205 300.52914428710938 
513.4288330078125 -3.6023492813110352 298.2344970703125 
513.1470947265625 -4.3321938514709473 295.82785034179688 
528.10552978515625 -3.0199151039123535 384.29556274414062 
527.94537353515625 -2.5643560886383057 382.8597412109375 
518.05963134765625 -4.1565427780151367 330.15280151367188 
517.8624267578125 -4.2347588539123535 327.99569702148438 
518.39166259765625 -4.228020191192627 332.357421875 
518.7325439453125 -4.2872843742370605 334.58859252929688 
519.085205078125 -4.3368558883666992 336.86441040039062 
519.4542236328125 -4.408909797668457 339.16778564453125 
519.8463134765625 -4.4876508712768555 341.49752807617188 
520.201904296875 -4.5515613555908203 343.81259155273438 
520.53192138671875 -4.6203923225402832 346.10354614257812 
520.85406494140625 -4.6401710510253906 348.378173828125 
521.201416015625 -4.62066650390625 350.64471435546875 
521.59564208984375 -4.6095724105834961 352.90017700195312 
521.9754638671875 -4.5813016891479492 355.15066528320312 
522.310546875 -4.5495038032531738 357.40609741210938 
522.64910888671875 -4.499079704284668 359.66189575195312 
523.04571533203125 -4.3997554779052734 361.95333862304688 
523.48907470703125 -4.2833991050720215 364.26583862304688 
523.95196533203125 -4.1345558166503906 366.54556274414062 
524.44610595703125 -3.9359054565429688 368.74127197265625 
525.01611328125 -3.69938063621521 370.9100341796875 
525.6181640625 -3.4229977130889893 373.03878784179688 
526.23052978515625 -3.0888631343841553 375.09603881835938 
526.90740966796875 -2.7968270778656006 377.12643432617188 
527.58447265625 -2.6317903995513916 379.05557250976562 
527.97430419921875 -2.5279717445373535 380.92514038085938 
526.87542724609375 -2.6082851886749268 384.91815185546875 
522.4454345703125 -5.1492486000061035 388.37796020507812 
523.024658203125 -6.2963085174560547 389.43820190429688 
523.987548828125 -5.1112051010131836 388.92926025390625 
525.49176025390625 -4.9616131782531738 388.6942138671875 
521.57025146484375 -10.137919425964355 389.65606689453125 
520.76837158203125 -10.714350700378418 388.69439697265625 
521.6160888671875 -11.509049415588379 389.39227294921875 
521.86181640625 -8.9471025466918945 389.84417724609375 
522.03131103515625 -7.6191449165344238 389.60061645507812 
521.3228759765625 -12.392217636108398 388.53662109375 
513.5374755859375 -2.9358012676239014 301.68548583984375 
526.92901611328125 -2.1775681972503662 383.610107421875 
513.2325439453125 -2.807814359664917 299.85595703125 
487.10540771484375 -4.3083291053771973 167.14573669433594 
487.05242919921875 -4.0525503158569336 169.33348083496094 
499.45846557617188 -4.6999831199645996 269.27890014648438 
498.69583129882812 -4.1197175979614258 267.46701049804688 
487.12081909179688 -3.8458695411682129 171.45921325683594 
498.43621826171875 -4.0119266510009766 265.85198974609375 
495.25851440429688 -2.5410940647125244 249.12222290039062 
494.91989135742188 -2.4353427886962891 246.93980407714844 
494.600830078125 -2.3443429470062256 244.63706970214844 
494.28640747070312 -2.2741897106170654 242.37071228027344 
493.95477294921875 -2.2117128372192383 240.11434936523438 
487.24627685546875 -3.6383111476898193 173.53584289550781 
493.6304931640625 -2.1641848087310791 237.88714599609375 
487.38546752929688 -3.4602844715118408 175.607421875 
487.62527465820312 -3.3250961303710938 177.80886840820312 
487.91522216796875 -3.2177352905273438 180.19215393066406 
488.02511596679688 -3.1275038719177246 182.58241271972656 
488.00128173828125 -2.9852635860443115 184.92727661132812 
493.2750244140625 -2.1137738227844238 235.62835693359375 
494.31430053710938 -3.069936990737915 236.13316345214844 
489.25396728515625 -3.1432168483734131 186.64820861816406 
487.74859619140625 -2.728654146194458 187.20066833496094 
494.26409912109375 -3.1554372310638428 234.17698669433594 
489.27096557617188 -3.075211763381958 188.53663635253906 
487.72186279296875 -2.5044295787811279 189.45376586914062 
492.9324951171875 -2.0945403575897217 233.2821044921875 
492.6268310546875 -2.0957229137420654 230.91328430175781 
493.98660278320312 -3.1202824115753174 231.92716979980469 
493.67971801757812 -3.0633375644683838 229.65766906738281 
489.40243530273438 -3.0121254920959473 190.76220703125 
487.82171630859375 -2.3276643753051758 191.68399047851562 
489.58798217773438 -2.9982693195343018 193.02597045898438 
488.07925415039062 -2.2406010627746582 194.0086669921875 
489.80386352539062 -2.9824440479278564 195.32112121582031 
488.35299682617188 -2.1449902057647705 196.35516357421875 
492.31588745117188 -2.0550010204315186 228.5975341796875 
490.003173828125 -2.9299020767211914 197.58468627929688 
488.58901977539062 -2.0297582149505615 198.70663452148438 
493.39776611328125 -3.0216879844665527 227.41505432128906 
492.01226806640625 -2.0172204971313477 226.34234619140625 
493.12112426757812 -2.9782276153564453 225.17686462402344 
491.72274780273438 -1.9976218938827515 224.09211730957031 
492.87380981445312 -2.9440104961395264 222.910400390625 
491.43832397460938 -1.9699978828430176 221.84078979492188 
492.61709594726562 -2.9223701953887939 220.61073303222656 
491.16290283203125 -1.9557143449783325 219.54837036132812 
492.34649658203125 -2.8999052047729492 218.29672241210938 
490.85775756835938 -1.9467606544494629 217.23130798339844 
492.07464599609375 -2.876115083694458 216.00723266601562 
490.5262451171875 -1.9151152372360229 214.91551208496094 
491.80294799804688 -2.8710851669311523 213.73127746582031 
490.2161865234375 -1.9096665382385254 212.62197875976562 
491.54205322265625 -2.8990070819854736 211.45133972167969 
489.89511108398438 -1.9218504428863525 210.32109069824219 
491.26165771484375 -2.9232790470123291 209.149169921875 
489.54519653320312 -1.9110383987426758 208.00216674804688 
490.94094848632812 -2.9303882122039795 206.83335876464844 
489.22030639648438 -1.900470495223999 205.66749572753906 
490.63119506835938 -2.9059724807739258 204.49813842773438 
488.92581176757812 -1.8541935682296753 203.35308837890625 
488.69833374023438 -1.87059485912323 201.04014587402344 
490.3934326171875 -2.876373291015625 202.17076110839844 
490.19595336914062 -2.875664234161377 199.86451721191406 
514.69842529296875 -9.5634441375732422 350.33279418945312 
514.291259765625 -9.5207786560058594 348.0880126953125 
515.880615234375 -10.593538284301758 349.42706298828125 
515.08978271484375 -9.6068181991577148 352.52273559570312 
516.2391357421875 -10.717309951782227 351.74658203125 
515.4876708984375 -9.6544208526611328 354.69381713867188 
516.593505859375 -10.813772201538086 354.05596923828125 
515.8607177734375 -9.6769771575927734 356.8997802734375 
516.926513671875 -10.902732849121094 356.30856323242188 
516.19793701171875 -9.7272768020629883 359.08746337890625 
517.2220458984375 -11.016019821166992 358.5362548828125 
516.50714111328125 -9.7679109573364258 361.26589965820312 
517.51580810546875 -11.157161712646484 360.7933349609375 
513.5252685546875 -9.4074277877807617 343.47872924804688 
513.19512939453125 -9.3456363677978516 341.21920776367188 
514.82427978515625 -10.275775909423828 342.53121948242188 
513.89093017578125 -9.4713411331176758 345.7786865234375 
515.1318359375 -10.376973152160645 344.82122802734375 
515.49810791015625 -10.480385780334473 347.1063232421875 
512.8463134765625 -9.3091487884521484 338.9671630859375 
514.56915283203125 -10.186426162719727 340.20831298828125 
514.24407958984375 -10.094764709472656 337.92691040039062 
513.17962646484375 -9.7789440155029297 336.11990356445312 
512.45562744140625 -9.2814188003540039 336.72637939453125 
512.051513671875 -9.2211389541625977 334.50164794921875 
518.28662109375 -11.614260673522949 367.7359619140625 
518.5172119140625 -11.805853843688965 370.00640869140625 
517.40142822265625 -9.996058464050293 367.99472045898438 
518.03485107421875 -11.444910049438477 365.40982055664062 
517.10400390625 -9.895716667175293 365.75436401367188 
517.7813720703125 -11.279387474060059 363.08251953125 
516.8121337890625 -9.8117008209228516 363.489013671875 
517.95062255859375 -10.348531723022461 372.45159912109375 
518.9422607421875 -12.28276538848877 374.42727661132812 
518.14019775390625 -10.523393630981445 374.66726684570312 
518.746337890625 -12.026388168334961 372.20907592773438 
517.69744873046875 -10.15645694732666 370.21841430664062 
519.11248779296875 -12.621252059936523 376.63079833984375 
519.26898193359375 -12.970657348632812 378.73422241210938 
518.6253662109375 -11.724725723266602 378.31002807617188 
518.2325439453125 -10.501909255981445 376.80276489257812 
519.34075927734375 -13.158614158630371 380.7274169921875 
518.7952880859375 -11.659563064575195 382.78912353515625 
518.62908935546875 -11.505958557128906 380.6839599609375 
518.28759765625 -10.370251655578613 378.7698974609375 
519.41949462890625 -13.168947219848633 382.542724609375 
519.2020263671875 -12.222991943359375 384.24130249023438 
519.55560302734375 -13.063858032226562 384.04550170898438 
520.01055908203125 -12.947501182556152 385.67730712890625 
499.84271240234375 -4.9025454521179199 252.47434997558594 
520.440185546875 -14.281181335449219 384.07440185546875 
521.0587158203125 -14.320050239562988 385.57901000976562 
519.96484375 -14.018440246582031 382.43878173828125 
522.5037841796875 -15.508695602416992 385.20590209960938 
522.8779296875 -16.22559928894043 383.71112060546875 
522.47674560546875 -16.143819808959961 382.36117553710938 
521.89208984375 -15.721035003662109 380.59222412109375 
521.606201171875 -15.378605842590332 383.89382934570312 
521.15765380859375 -14.939956665039062 378.75759887695312 
520.5533447265625 -14.162814140319824 376.9085693359375 
520.0875244140625 -13.550256729125977 375.0093994140625 
519.7249755859375 -13.075026512145996 373.32940673828125 
500.1783447265625 -5.0145044326782227 254.80377197265625 
500.5013427734375 -5.1209707260131836 257.09149169921875 
500.822021484375 -5.2312774658203125 259.37142944335938 
501.13943481445312 -5.3749322891235352 261.63177490234375 
501.54379272460938 -5.5320887565612793 263.88900756835938 
502.0322265625 -5.6883468627929688 266.19046020507812 
502.48892211914062 -5.8347702026367188 268.51229858398438 
502.92221069335938 -5.969029426574707 270.82745361328125 
503.36111450195312 -6.0950593948364258 273.15451049804688 
503.75970458984375 -6.2477569580078125 275.42007446289062 
504.0133056640625 -6.3812284469604492 277.3125 
520.321533203125 -14.45262336730957 380.56781005859375 
513.20648193359375 -9.8257865905761719 333.94302368164062 
511.68276977539062 -9.1432180404663086 332.27899169921875 
512.94091796875 -9.734919548034668 331.68417358398438 
511.35708618164062 -9.0818548202514648 330.06210327148438 
512.62640380859375 -9.6277303695678711 329.41769409179688 
511.03457641601562 -9.0322971343994141 327.85125732421875 
512.3148193359375 -9.5265789031982422 327.14459228515625 
510.69595336914062 -8.960205078125 325.62661743164062 
511.9971923828125 -9.416844367980957 324.86566162109375 
510.38870239257812 -8.9039392471313477 323.39678955078125 
511.6824951171875 -9.3065576553344727 322.63693237304688 
510.18826293945312 -8.885066032409668 321.17813110351562 
511.40029907226562 -9.1979198455810547 320.79263305664062 
509.91412353515625 -8.8091640472412109 319.0364990234375 
509.64727783203125 -8.7378940582275391 316.86376953125 
509.4100341796875 -8.6759767532348633 314.67214965820312 
509.14935302734375 -8.6142244338989258 312.43499755859375 
508.89794921875 -8.5167627334594727 310.11660766601562 
508.58380126953125 -8.3823060989379883 307.84127807617188 
508.05386352539062 -8.1952085494995117 305.6881103515625 
507.34133911132812 -7.9611225128173828 303.47940063476562 
506.95285034179688 -7.8229560852050781 301.27374267578125 
506.58306884765625 -7.6831884384155273 299.15121459960938 
521.0294189453125 -15.125377655029297 382.39364624023438 
521.170654296875 -13.429610252380371 387.208251953125 
507.01333618164062 -7.7977919578552246 305.216552734375 
507.45050048828125 -7.9668660163879395 307.26885986328125 
519.88916015625 -10.017584800720215 387.38931274414062 
519.2374267578125 -9.3728084564208984 386.06158447265625 
518.83746337890625 -8.6501617431640625 384.79998779296875 
518.524169921875 -8.6927108764648438 383.19793701171875 
518.347412109375 -8.5151700973510742 381.403564453125 
518.21197509765625 -8.6385412216186523 379.38345336914062 
520.229248046875 -11.863515853881836 387.24163818359375 
519.3670654296875 -11.14877986907959 385.82077026367188 
507.8148193359375 -8.1105413436889648 309.368896484375 
508.09072875976562 -8.1865262985229492 311.44168090820312 
513.01959228515625 -8.0447635650634766 345.29904174804688 
513.50628662109375 -8.1035709381103516 347.80996704101562 
518.08966064453125 -8.8989057540893555 377.428466796875 
518.752197265625 -10.389523506164551 384.26443481445312 
517.974365234375 -9.02484130859375 375.4039306640625 
517.80963134765625 -8.990269660949707 373.26434326171875 
517.57720947265625 -8.8555450439453125 371.0233154296875 
517.29083251953125 -8.7068929672241211 368.78424072265625 
516.97528076171875 -8.6136207580566406 366.56216430664062 
516.61224365234375 -8.5529079437255859 364.31173706054688 
516.24310302734375 -8.5225372314453125 362.07952880859375 
515.877685546875 -8.5051259994506836 359.83880615234375 
515.4873046875 -8.431239128112793 357.5748291015625 
515.0626220703125 -8.3462409973144531 355.29336547851562 
514.58489990234375 -8.2710437774658203 352.9256591796875 
514.05865478515625 -8.2733173370361328 350.34359741210938 
518.32696533203125 -9.9624366760253906 380.52749633789062 
518.45867919921875 -10.245023727416992 382.28656005859375 
486.72952270507812 1.5268909931182861 199.30337524414062 
479.72802734375 4.7409758567810059 159.63436889648438 
479.6356201171875 4.415839672088623 161.61860656738281 
479.92257690429688 4.5092697143554688 163.64015197753906 
480.34756469726562 4.4190659523010254 165.615966796875 
480.83450317382812 4.0625505447387695 167.604736328125 
481.33718872070312 3.6351721286773682 169.61302185058594 
481.85177612304688 3.3230094909667969 171.68687438964844 
482.2958984375 2.9729633331298828 173.83775329589844 
482.68167114257812 2.7179081439971924 176.06524658203125 
483.09255981445312 2.4982075691223145 178.36421203613281 
483.53607177734375 2.3096199035644531 180.6492919921875 
483.98263549804688 2.1281147003173828 182.93284606933594 
484.38150024414062 1.9618479013442993 185.22119140625 
484.79452514648438 1.8290109634399414 187.53071594238281 
485.22393798828125 1.7025620937347412 189.87669372558594 
485.60968017578125 1.659119725227356 192.225341796875 
485.97943115234375 1.6209520101547241 194.6083984375 
486.35626220703125 1.521515965461731 196.98748779296875 
480.65267944335938 2.6661384105682373 167.77713012695312 
480.614013671875 -0.57802623510360718 148.40509033203125 
480.1629638671875 -2.3346846103668213 148.94242858886719 
479.3681640625 -1.6076985597610474 149.742431640625 
480.30831909179688 3.3295912742614746 166.33494567871094 
480.07745361328125 2.2254419326782227 165.78607177734375 
479.84335327148438 3.3526487350463867 164.5576171875 
479.5579833984375 2.2065286636352539 163.71551513671875 
479.9356689453125 0.29289296269416809 149.66984558105469 
478.84317016601562 -0.92227888107299805 150.929931640625 
478.55416870117188 0.061331510543823242 152.68795776367188 
479.50564575195312 1.0679856538772583 151.16561889648438 
479.42431640625 3.3508672714233398 162.64308166503906 
479.1724853515625 2.1814529895782471 161.64825439453125 
479.29510498046875 1.9714328050613403 152.7982177734375 
479.12918090820312 2.7831363677978516 154.39311218261719 
479.1005859375 3.4382004737854004 156.03684997558594 
478.48541259765625 0.94529420137405396 154.33766174316406 
478.54205322265625 1.7009891271591187 155.90077209472656 
479.32284545898438 4.1163935661315918 157.58062744140625 
479.22885131835938 3.3882789611816406 160.61204528808594 
478.94415283203125 2.1148750782012939 159.58224487304688 
478.70907592773438 2.1283531188964844 157.59553527832031 
479.08609008789062 3.3431971073150635 158.86399841308594 
491.21188354492188 -0.56534337997436523 226.55563354492188 
478.47381591796875 -1.4835208654403687 152.67919921875 
490.84048461914062 0.24311941862106323 225.228759765625 
490.88787841796875 -0.53907793760299683 224.37211608886719 
478.55633544921875 -1.8265297412872314 154.46192932128906 
478.31060791015625 -0.45064374804496765 153.9703369140625 
478.9322509765625 -1.8326826095581055 156.27725219726562 
478.38412475585938 -0.15408393740653992 155.50447082519531 
490.49371337890625 0.31780099868774414 223.08399963378906 
490.57318115234375 -0.54623204469680786 222.10966491699219 
479.42630004882812 -1.7728829383850098 158.16566467285156 
478.634765625 0.05535772442817688 157.14805603027344 
490.10638427734375 0.41265401244163513 220.79949951171875 
490.24295043945312 -0.56401711702346802 219.82708740234375 
479.84820556640625 -1.6139953136444092 160.09941101074219 
478.949462890625 0.14361290633678436 158.90628051757812 
480.17510986328125 -1.5302008390426636 162.10606384277344 
479.27703857421875 0.22278566658496857 160.84007263183594 
480.57708740234375 -1.517220139503479 164.11402893066406 
479.60086059570312 0.23818168044090271 162.91322326660156 
481.07546997070312 -1.3937867879867554 166.11814880371094 
480.10687255859375 0.24344873428344727 165.0108642578125 
481.5626220703125 -1.1495660543441772 168.18800354003906 
480.6390380859375 0.46965435147285461 167.11846923828125 
482.05258178710938 -0.93656879663467407 170.26167297363281 
481.12985229492188 0.9862217903137207 169.15773010253906 
482.51742553710938 -0.78724491596221924 172.34580993652344 
481.62655639648438 1.2469810247421265 171.01502990722656 
482.98968505859375 -0.77475106716156006 174.45748901367188 
482.12847900390625 1.1474580764770508 173.07571411132812 
483.4788818359375 -0.7943769097328186 176.63957214355469 
482.58096313476562 0.98823624849319458 175.23934936523438 
483.93609619140625 -0.75273823738098145 178.934814453125 
483.03317260742188 0.8653678297996521 177.467529296875 
484.38150024414062 -0.71472704410552979 181.2930908203125 
483.50469970703125 0.80316871404647827 179.78465270996094 
484.8409423828125 -0.75463622808456421 183.61953735351562 
483.97665405273438 0.74149847030639648 182.09623718261719 
485.3271484375 -0.83956575393676758 185.86195373535156 
484.43798828125 0.63426613807678223 184.39886474609375 
485.79232788085938 -0.87435108423233032 188.12545776367188 
484.91925048828125 0.48521316051483154 186.70359802246094 
486.21197509765625 -0.87026822566986084 190.38633728027344 
485.38790893554688 0.39457345008850098 189.03822326660156 
486.57492065429688 -0.85534846782684326 192.64372253417969 
485.78045654296875 0.36144763231277466 191.31428527832031 
486.90853881835938 -0.82717633247375488 194.96392822265625 
486.13037109375 0.33516249060630798 193.57862854003906 
487.13662719726562 -0.64040732383728027 197.31161499023438 
486.43685913085938 0.35087418556213379 195.73188781738281 
487.18911743164062 -0.12076723575592041 199.62893676757812 
486.75921630859375 0.54271692037582397 198.32078552246094 
489.73004150390625 0.53352296352386475 218.56343078613281 
489.92025756835938 -0.58661925792694092 217.57722473144531 
489.34945678710938 0.65253227949142456 216.32850646972656 
489.58441162109375 -0.55288267135620117 215.32536315917969 
488.99853515625 0.72723245620727539 214.12246704101562 
489.24673461914062 -0.5117800235748291 213.08062744140625 
488.6715087890625 0.7854648232460022 211.86981201171875 
488.89389038085938 -0.47809004783630371 210.81790161132812 
488.32015991210938 0.87535423040390015 209.59869384765625 
488.54440307617188 -0.41674080491065979 208.53451538085938 
487.97036743164062 0.97318291664123535 207.31375122070312 
488.1998291015625 -0.35966706275939941 206.26579284667969 
487.61090087890625 1.0876790285110474 204.9627685546875 
487.87045288085938 -0.32195276021957397 204.0306396484375 
487.209228515625 1.2514616250991821 202.39492797851562 
487.537109375 -0.22948221862316132 201.8184814453125 
486.13909912109375 -1.9924764633178711 185.21376037597656 
486.11956787109375 -3.2356982231140137 175.81840515136719 
484.27578735351562 -2.2608742713928223 175.15153503417969 
485.37344360351562 -3.2635419368743896 173.62631225585938 
486.232177734375 -2.9357063770294189 178.83270263671875 
485.13162231445312 -1.9832284450531006 180.13180541992188 
486.463134765625 -2.7539665699005127 181.27304077148438 
484.73248291015625 -2.1473793983459473 177.58201599121094 
485.56512451171875 -1.9149589538574219 182.56678771972656 
486.69699096679688 -2.6411023139953613 183.30982971191406 
484.76519775390625 -3.3797564506530762 171.36126708984375 
483.71652221679688 -2.2772839069366455 172.87419128417969 
484.27413940429688 -3.5714287757873535 169.09434509277344 
482.96231079101562 -2.2707445621490479 170.22756958007812 
482.5709228515625 -2.8818128108978271 167.18649291992188 
484.33001708984375 -3.9976136684417725 166.84323120117188 
481.75860595703125 -2.8673417568206787 164.62353515625 
481.13717651367188 -2.769212007522583 162.17971801757812 
483.2764892578125 -3.8679723739624023 165.06474304199219 
482.89859008789062 -3.9812228679656982 163.0953369140625 
478.93548583984375 -2.3457789421081543 151.25315856933594 
479.87509155273438 -3.073413610458374 149.94073486328125 
478.98562622070312 -2.9439718723297119 152.95095825195312 
479.64306640625 -3.5108747482299805 154.54998779296875 
479.9862060546875 -4.0200538635253906 152.92242431640625 
480.98666381835938 -4.5641188621520996 153.61146545410156 
479.76849365234375 -3.6952059268951416 151.56507873535156 
480.944091796875 -4.1765456199645996 150.310546875 
480.77593994140625 -4.457402229309082 151.92424011230469 
480.1478271484375 -3.3624973297119141 156.638671875 
481.31942749023438 -4.4910039901733398 155.33055114746094 
480.63677978515625 -3.170250415802002 158.56982421875 
481.70843505859375 -4.3209576606750488 157.13258361816406 
481.172119140625 -3.2047345638275146 160.22567749023438 
482.60671997070312 -4.0675973892211914 161.09590148925781 
482.17953491210938 -4.1189508438110352 159.11421203613281 
492.18161010742188 -0.9737401008605957 232.21754455566406 
491.77688598632812 -0.84681028127670288 229.75593566894531 
492.51214599609375 -1.0961095094680786 234.15684509277344 
522.38763427734375 -14.661946296691895 386.85260009765625 
485.43551635742188 -4.051760196685791 168.35113525390625 
485.72418212890625 -4.4209342002868652 166.05252075195312 
485.76559448242188 -4.6657834053039551 164.196044921875 
484.36697387695312 -4.3506088256835938 164.65812683105469 
484.38870239257812 -4.6109347343444824 162.48455810546875 
484.3028564453125 -4.6950316429138184 160.45309448242188 
484.07489013671875 -4.7963180541992188 158.44154357910156 
483.80633544921875 -5.0274033546447754 156.50990295410156 
483.52548217773438 -5.1743025779724121 154.56498718261719 
483.27890014648438 -5.1966376304626465 152.6251220703125 
503.40118408203125 32.620166778564453 156.28398132324219 
504.45294189453125 30.986490249633789 156.57656860351562 
502.80096435546875 31.33378791809082 156.92807006835938 
504.78500366210938 32.230800628662109 156.32524108886719 
504.49691772460938 21.97685432434082 158.95916748046875 
503.95486450195312 24.088672637939453 159.21368408203125 
505.15725708007812 23.474782943725586 158.91030883789062 
505.27838134765625 9.1694936752319336 160.33106994628906 
507.26351928710938 10.64024543762207 161.59126281738281 
506.09356689453125 8.8038530349731445 161.41644287109375 
505.9234619140625 11.434619903564453 159.71502685546875 
508.2315673828125 12.558751106262207 161.84590148925781 
507.78817749023438 13.81980037689209 160.31576538085938 
505.154296875 13.331014633178711 158.91249084472656 
507.21392822265625 15.075628280639648 159.24990844726562 
504.434814453125 15.042107582092285 158.68914794921875 
506.39236450195312 16.470680236816406 158.77455139160156 
503.74713134765625 16.868547439575195 158.80816650390625 
505.65667724609375 18.225440979003906 158.61592102050781 
503.1365966796875 18.813936233520508 159.07740783691406 
504.97198486328125 20.046483993530273 158.73225402832031 
502.61026000976562 20.82965087890625 159.38722229003906 
502.11648559570312 22.789817810058594 159.69371032714844 
501.59976196289062 24.768033981323242 159.87098693847656 
503.35592651367188 26.133546829223633 159.26475524902344 
501.03860473632812 26.704978942871094 159.81340026855469 
502.77871704101562 28.169839859008789 158.78817749023438 
500.40353393554688 28.548757553100586 159.39529418945312 
504.75704956054688 7.0671777725219727 161.54594421386719 
502.08242797851562 29.995208740234375 157.93594360351562 
501.01364135742188 31.273685455322266 157.56597900390625 
499.804931640625 30.054773330688477 158.68937683105469 
499.34100341796875 31.591760635375977 157.89743041992188 
501.23287963867188 32.917476654052734 156.740478515625 
498.99490356445312 33.019622802734375 157.37565612792969 
522.70697021484375 9.8511943817138672 304.95318603515625 
520.97119140625 11.393728256225586 303.98196411132812 
522.2357177734375 9.9345016479492188 302.8369140625 
521.99658203125 10.643301963806152 306.12509155273438 
520.7742919921875 11.133906364440918 301.68292236328125 
522.0137939453125 9.8403902053833008 300.58416748046875 
520.49041748046875 10.987346649169922 299.39004516601562 
521.802490234375 9.7460689544677734 298.3162841796875 
520.3155517578125 10.715868949890137 297.1104736328125 
521.60699462890625 9.6508407592773438 295.98379516601562 
520.06976318359375 10.539285659790039 294.84808349609375 
521.371337890625 9.593653678894043 293.6676025390625 
519.746337890625 10.459600448608398 292.58480834960938 
521.103271484375 9.5623788833618164 291.37881469726562 
519.38128662109375 10.427199363708496 290.356689453125 
520.84161376953125 9.5265789031982422 289.10076904296875 
519.04345703125 10.366432189941406 288.12716674804688 
520.5906982421875 9.4707212448120117 286.8231201171875 
518.7174072265625 10.277951240539551 285.880615234375 
520.378173828125 9.3966274261474609 284.537353515625 
518.4268798828125 10.155561447143555 283.63311767578125 
520.2412109375 9.2977609634399414 282.24441528320312 
518.147705078125 10.027135848999023 281.37225341796875 
520.06207275390625 9.2130517959594727 280.0096435546875 
517.8814697265625 9.9036941528320312 279.09182739257812 
519.74493408203125 9.1608724594116211 277.75994873046875 
517.6041259765625 9.7982721328735352 276.81277465820312 
519.3975830078125 9.1147756576538086 275.44668579101562 
517.30548095703125 9.7073268890380859 274.51025390625 
519.07611083984375 9.067805290222168 273.13458251953125 
517.00555419921875 9.6221036911010742 272.2030029296875 
518.7335205078125 9.0243091583251953 270.809814453125 
516.7052001953125 9.52972412109375 269.901123046875 
518.396484375 8.97662353515625 268.48690795898438 
516.4287109375 9.4190034866333008 267.59274291992188 
518.0684814453125 8.9222879409790039 266.1529541015625 
516.15887451171875 9.3148384094238281 265.29586791992188 
517.78076171875 8.8716297149658203 263.80303955078125 
515.9031982421875 9.2073478698730469 263.01083374023438 
517.560302734375 8.815587043762207 261.4508056640625 
515.62274169921875 9.1172285079956055 260.72845458984375 
517.37078857421875 8.7622995376586914 259.11703491210938 
515.34088134765625 9.0341768264770508 258.46087646484375 
517.195068359375 8.7118730545043945 256.8209228515625 
515.0736083984375 8.9456644058227539 256.18173217773438 
517.0167236328125 8.6654205322265625 254.54928588867188 
514.83966064453125 8.8499631881713867 253.89013671875 
516.8201904296875 8.6195430755615234 252.29365539550781 
514.6192626953125 8.7579402923583984 251.59089660644531 
516.56549072265625 8.5922737121582031 250.02684020996094 
514.3724365234375 8.6719017028808594 249.28398132324219 
516.2734375 8.5730190277099609 247.77064514160156 
514.117919921875 8.5978221893310547 246.98733520507812 
515.93890380859375 8.5578708648681641 245.5003662109375 
513.82281494140625 8.5405511856079102 244.69976806640625 
515.56378173828125 8.5454263687133789 243.23008728027344 
513.50177001953125 8.4956264495849609 242.41839599609375 
515.1712646484375 8.5378303527832031 240.95068359375 
513.18353271484375 8.4569034576416016 240.13868713378906 
514.80572509765625 8.5337677001953125 238.65779113769531 
512.8773193359375 8.4258413314819336 237.8583984375 
514.48333740234375 8.5327091217041016 236.3450927734375 
512.592041015625 8.4020681381225586 235.55680847167969 
514.185791015625 8.54168701171875 234.02175903320312 
512.32989501953125 8.376093864440918 233.24253845214844 
513.90771484375 8.5616865158081055 231.6878662109375 
512.069091796875 8.3559761047363281 230.92097473144531 
513.61627197265625 8.5912685394287109 229.35520935058594 
511.79855346679688 8.3463678359985352 228.60585021972656 
513.32672119140625 8.6400718688964844 227.01029968261719 
511.488525390625 8.3449010848999023 226.31150817871094 
513.122802734375 8.7244501113891602 224.68533325195312 
511.1829833984375 8.3467855453491211 224.04133605957031 
512.9398193359375 8.8196182250976562 222.4542236328125 
510.88162231445312 8.3513240814208984 221.77197265625 
512.66107177734375 8.8925323486328125 220.25271606445312 
510.59918212890625 8.3650226593017578 219.51473999023438 
512.34710693359375 8.9516658782958984 218.0491943359375 
510.34613037109375 8.3841485977172852 217.25672912597656 
511.98583984375 8.984318733215332 215.87518310546875 
510.096435546875 8.4014215469360352 215.00990295410156 
511.53610229492188 8.9685401916503906 213.6739501953125 
509.824462890625 8.4099245071411133 212.763916015625 
511.12518310546875 8.965479850769043 211.37104797363281 
509.521240234375 8.4033184051513672 210.50254821777344 
510.75839233398438 8.9714498519897461 209.10450744628906 
509.19036865234375 8.3844470977783203 208.23872375488281 
510.36224365234375 8.9585466384887695 206.83743286132812 
508.84774780273438 8.3587760925292969 205.96163940429688 
509.9661865234375 8.9510431289672852 204.58056640625 
508.49801635742188 8.3371362686157227 203.68077087402344 
509.50439453125 8.8883562088012695 202.37229919433594 
508.15780639648438 8.308690071105957 201.41787719726562 
510.13507080078125 9.3958272933959961 200.88839721679688 
509.06298828125 8.8209619522094727 200.01473999023438 
507.81198120117188 8.2581329345703125 199.17483520507812 
509.89501953125 9.4665851593017578 198.64851379394531 
508.78677368164062 8.826848030090332 197.72341918945312 
507.47311401367188 8.1822900772094727 196.9412841796875 
509.67813110351562 9.5489625930786133 196.37744140625 
508.47698974609375 8.7816343307495117 195.50749206542969 
507.12863159179688 8.0727977752685547 194.70098876953125 
508.14593505859375 8.7049961090087891 193.27864074707031 
506.78277587890625 7.9426193237304688 192.45802307128906 
507.874755859375 8.6418142318725586 191.10844421386719 
506.65231323242188 7.9009170532226562 190.18801879882812 
507.64849853515625 8.5769157409667969 189.01922607421875 
506.51419067382812 7.8347959518432617 187.95993041992188 
508.43499755859375 9.3175878524780273 187.29583740234375 
505.86984252929688 7.423335075378418 185.84918212890625 
507.2110595703125 8.3445529937744141 186.23719787597656 
506.881103515625 8.1063575744628906 184.21478271484375 
505.4993896484375 7.1193141937255859 183.67225646972656 
506.6885986328125 7.9098782539367676 182.09294128417969 
505.25286865234375 6.8195104598999023 181.47041320800781 
506.44317626953125 7.5989861488342285 180.11863708496094 
504.99032592773438 6.4347844123840332 179.28941345214844 
506.03451538085938 7.0776200294494629 178.19989013671875 
504.712646484375 5.9454865455627441 177.15321350097656 
506.66622924804688 7.4270534515380859 176.586181640625 
505.75027465820312 6.4308681488037109 175.37870788574219 
507.29782104492188 8.2523641586303711 178.53579711914062 
507.83184814453125 8.9025249481201172 180.58131408691406 
507.889404296875 8.9849662780761719 182.84410095214844 
508.11422729492188 9.1381549835205078 185.07736206054688 
508.71652221679688 9.4058713912963867 189.52925109863281 
509.01324462890625 9.4602737426757812 191.80372619628906 
509.315673828125 9.4971847534179688 194.10566711425781 
523.27410888671875 9.7104587554931641 307.3050537109375 
521.1065673828125 11.757200241088867 306.22573852539062 
522.08740234375 10.885974884033203 308.21078491210938 
523.6239013671875 9.6591939926147461 309.29861450195312 
522.8154296875 10.469293594360352 310.42300415039062 
523.9710693359375 9.6168651580810547 311.30462646484375 
510.81988525390625 9.615020751953125 203.08961486816406 
511.24786376953125 9.6192092895507812 205.38119506835938 
511.68014526367188 9.6144247055053711 207.69200134277344 
512.10662841796875 9.5976991653442383 209.98263549804688 
512.4708251953125 9.5445518493652344 212.26455688476562 
513.06219482421875 9.6225347518920898 214.48374938964844 
513.614501953125 9.6634845733642578 216.680419921875 
514.00018310546875 9.5911827087402344 218.9146728515625 
514.41192626953125 9.5230636596679688 221.13862609863281 
514.65777587890625 9.3671073913574219 223.37493896484375 
514.76025390625 9.1626615524291992 225.63108825683594 
514.999755859375 9.0364847183227539 227.91720581054688 
515.36724853515625 8.9701633453369141 230.23103332519531 
515.69873046875 8.9099330902099609 232.5555419921875 
516.039794921875 8.8652105331420898 234.86163330078125 
516.40423583984375 8.8295965194702148 237.16300964355469 
516.819580078125 8.8053445816040039 239.44657897949219 
517.278076171875 8.7890863418579102 241.72453308105469 
517.75531005859375 8.7790203094482422 244.00212097167969 
518.2010498046875 8.7690420150756836 246.27787780761719 
518.6025390625 8.7581634521484375 248.55613708496094 
518.94671630859375 8.7440891265869141 250.83212280273438 
519.22576904296875 8.7274866104125977 253.10289001464844 
519.399169921875 8.710413932800293 255.38375854492188 
519.50531005859375 8.7008037567138672 257.67864990234375 
519.58740234375 8.699397087097168 259.989013671875 
519.665283203125 8.7076482772827148 262.32550048828125 
519.86767578125 8.7270374298095703 264.66680908203125 
520.15960693359375 8.7429208755493164 267.00701904296875 
520.51513671875 8.7624826431274414 269.32693481445312 
520.85394287109375 8.7827692031860352 271.67208862304688 
521.1964111328125 8.806640625 274.01217651367188 
521.53326416015625 8.8327007293701172 276.32611083984375 
521.99981689453125 8.8504495620727539 278.61135864257812 
522.35137939453125 8.8798723220825195 280.87310791015625 
522.338623046875 8.9443874359130859 283.16268920898438 
522.51019287109375 8.9896478652954102 285.437255859375 
522.72552490234375 9.01611328125 287.71701049804688 
522.9588623046875 9.0330123901367188 290.00546264648438 
523.1802978515625 9.0317697525024414 292.30349731445312 
523.39715576171875 9.0192031860351562 294.62542724609375 
523.5555419921875 9.0156574249267578 296.96084594726562 
523.71002197265625 9.020594596862793 299.30502319335938 
523.86602783203125 9.0323085784912109 301.62261962890625 
524.0550537109375 9.0452032089233398 303.93051147460938 
504.45919799804688 5.393740177154541 175.08843994140625 
505.77175903320312 6.0865616798400879 173.41764831542969 
504.27847290039062 4.8083267211914062 173.09779357910156 
505.736572265625 5.7086577415466309 171.48992919921875 
524.4698486328125 8.9932022094726562 306.18316650390625 
506.942626953125 7.3646364212036133 174.2908935546875 
507.12863159179688 7.2067551612854004 172.02113342285156 
504.21176147460938 4.3573908805847168 171.09457397460938 
505.6185302734375 5.4381823539733887 169.49177551269531 
506.9737548828125 6.7800230979919434 169.84768676757812 
524.963134765625 8.9077529907226562 308.4359130859375 
525.30987548828125 8.8720865249633789 310.68740844726562 
524.99957275390625 9.1195802688598633 312.8560791015625 
523.2996826171875 10.351909637451172 312.76071166992188 
504.14666748046875 4.2522215843200684 169.03752136230469 
524.38043212890625 9.6569309234619141 314.80349731445312 
508.09634399414062 8.8751029968261719 175.38302612304688 
509.09890747070312 10.331489562988281 176.71856689453125 
508.00399780273438 8.9354991912841797 177.17845153808594 
509.46298217773438 10.715634346008301 174.38731384277344 
508.19766235351562 8.7352495193481445 173.27598571777344 
509.08242797851562 9.8964166641235352 172.25823974609375 
508.3448486328125 8.7161550521850586 171.45578002929688 
508.71893310546875 9.8929691314697266 178.70114135742188 
509.97247314453125 11.679643630981445 178.47364807128906 
526.45953369140625 8.8545923233032227 288.33502197265625 
524.8995361328125 8.8697185516357422 290.83126831054688 
526.14727783203125 8.8726024627685547 286.035888671875 
525.8818359375 8.8776512145996094 283.73193359375 
525.97216796875 8.9073476791381836 281.43017578125 
524.34100341796875 8.8343114852905273 279.01824951171875 
526.7911376953125 8.8365983963012695 290.65057373046875 
525.103759765625 8.8557510375976562 292.77053833007812 
523.67352294921875 8.8098764419555664 276.77059936523438 
526.5728759765625 9.0055112838745117 279.16748046875 
525.795166015625 8.9494714736938477 277.049560546875 
525.36968994140625 8.944432258605957 274.804931640625 
523.24981689453125 8.7971858978271484 274.4913330078125 
525.0494384765625 8.9566650390625 272.5128173828125 
522.92510986328125 8.7929086685180664 272.1812744140625 
524.772705078125 8.9769554138183594 270.22119140625 
522.6275634765625 8.7865819931030273 269.85662841796875 
524.46490478515625 8.9944133758544922 267.93646240234375 
522.3148193359375 8.7860269546508789 267.5618896484375 
524.081787109375 9.004023551940918 265.67630004882812 
521.94683837890625 8.7798080444335938 265.33224487304688 
523.6468505859375 9.0133695602416992 263.42767333984375 
521.37841796875 8.7623577117919922 263.49090576171875 
521.57745361328125 8.8033323287963867 261.66012573242188 
523.381103515625 9.0648794174194336 261.14895629882812 
521.63031005859375 8.860508918762207 259.52810668945312 
522.07220458984375 8.9854154586791992 257.74209594726562 
521.71661376953125 9.0010719299316406 255.935791015625 
521.479248046875 9.0596551895141602 253.74395751953125 
521.16558837890625 9.1064920425415039 251.51060485839844 
520.79888916015625 9.149749755859375 249.26133728027344 
520.35894775390625 9.1865863800048828 247.00967407226562 
519.83184814453125 9.2006902694702148 244.75888061523438 
519.2591552734375 9.2091751098632812 242.51795959472656 
518.6995849609375 9.2198419570922852 240.27435302734375 
518.1832275390625 9.2538785934448242 238.03646850585938 
527.12335205078125 8.8108530044555664 292.96563720703125 
525.32867431640625 8.8286123275756836 295.04916381835938 
517.71380615234375 9.3064174652099609 235.77018737792969 
517.2904052734375 9.3647089004516602 233.50358581542969 
516.89202880859375 9.4411001205444336 231.23046875 
516.50262451171875 9.5199136734008789 229.00906372070312 
523.51873779296875 9.2162618637084961 258.90621948242188 
523.665283203125 9.4161396026611328 256.66143798828125 
523.50860595703125 9.5606164932250977 254.39022827148438 
523.08782958984375 9.6275491714477539 252.14080810546875 
522.65826416015625 9.6883783340454102 249.88978576660156 
522.24798583984375 9.769927978515625 247.62844848632812 
521.67144775390625 9.7856931686401367 245.41328430175781 
521.03143310546875 9.7743930816650391 243.22312927246094 
520.37591552734375 9.7652292251586914 241.03256225585938 
519.78277587890625 9.7924776077270508 238.82908630371094 
519.24346923828125 9.8443422317504883 236.61018371582031 
518.74591064453125 9.9197521209716797 234.37345886230469 
518.27423095703125 10.00223445892334 232.12506103515625 
517.82183837890625 10.101901054382324 229.85658264160156 
516.15582275390625 9.5973005294799805 227.11846923828125 
517.33233642578125 10.187914848327637 227.59030151367188 
516.7510986328125 10.215976715087891 225.3690185546875 
516.721435546875 10.635632514953613 223.23918151855469 
516.83416748046875 11.259766578674316 221.17768859863281 
516.268798828125 11.267160415649414 218.94914245605469 
515.7738037109375 11.340429306030273 216.74264526367188 
515.1954345703125 11.291553497314453 214.58012390136719 
514.48455810546875 11.061029434204102 212.48509216308594 
514.14227294921875 11.267548561096191 210.16645812988281 
513.63348388671875 11.273659706115723 207.89956665039062 
513.16558837890625 11.312277793884277 205.62223815917969 
512.70892333984375 11.321131706237793 203.34716796875 
512.19390869140625 11.211236953735352 201.09568786621094 
511.81536865234375 11.243175506591797 198.83952331542969 
511.49478149414062 11.327035903930664 196.55314636230469 
511.13409423828125 11.32648754119873 194.27162170410156 
510.79806518554688 11.312056541442871 191.97282409667969 
510.494140625 11.290192604064941 189.68565368652344 
510.22454833984375 11.268025398254395 187.4219970703125 
510.00131225585938 11.256746292114258 185.18428039550781 
509.829345703125 11.242162704467773 182.94485473632812 
509.82296752929688 11.381306648254395 180.699951171875 
527.41973876953125 8.7778472900390625 295.28976440429688 
525.54058837890625 8.7944631576538086 297.3760986328125 
510.20431518554688 12.054531097412109 176.27082824707031 
527.69622802734375 8.7346649169921875 297.615478515625 
525.73834228515625 8.7549839019775391 299.72225952148438 
527.958251953125 8.6829767227172852 299.93258666992188 
525.93994140625 8.7140903472900391 302.05136108398438 
528.1981201171875 8.6290016174316406 302.23770141601562 
526.20135498046875 8.6671380996704102 304.34182739257812 
528.51708984375 8.5666465759277344 304.520751953125 
526.56939697265625 8.6033601760864258 306.59658813476562 
528.80059814453125 8.4995584487915039 306.80838012695312 
527.0224609375 8.5309982299804688 308.859130859375 
529.064208984375 8.4306020736694336 309.10604858398438 
528.015625 8.3966989517211914 311.18310546875 
508.115234375 8.2373571395874023 169.88722229003906 
509.1290283203125 9.7547664642333984 169.98809814453125 
527.1080322265625 8.4376764297485352 313.22988891601562 
526.32763671875 8.6450223922729492 315.20028686523438 
525.67218017578125 8.9968767166137695 317.1239013671875 
530.5113525390625 7.7604756355285645 324.09539794921875 
528.12982177734375 8.1948537826538086 322.52484130859375 
530.794677734375 7.8628969192504883 322.005126953125 
532.8822021484375 7.8261270523071289 323.23452758789062 
532.78076171875 7.6750593185424805 325.42730712890625 
530.3746337890625 7.6806745529174805 326.29653930664062 
532.3560791015625 7.5230841636657715 327.62847900390625 
530.25128173828125 7.6291875839233398 328.43179321289062 
528.351806640625 8.1932468414306641 327.32388305664062 
528.20233154296875 8.2034540176391602 325.05288696289062 
529.30767822265625 8.0109386444091797 320.45437622070312 
531.14306640625 7.9931120872497559 320.321533203125 
532.82244873046875 7.9746899604797363 321.15634155273438 
530.31634521484375 8.0598907470703125 318.72543334960938 
532.40679931640625 8.099452018737793 319.07159423828125 
534.62249755859375 8.165313720703125 319.87408447265625 
534.96240234375 8.024928092956543 322.146728515625 
535.152587890625 7.8774409294128418 324.39907836914062 
531.771484375 7.4341635704040527 329.38864135742188 
528.56951904296875 8.1675424575805664 329.57211303710938 
530.34259033203125 7.5733699798583984 330.488525390625 
535.131591796875 7.6754307746887207 327.0135498046875 
533.6953125 7.4351902008056641 329.30413818359375 
532.1966552734375 7.326408863067627 331.05111694335938 
536.07464599609375 7.5478506088256836 329.46005249023438 
534.32635498046875 7.3052473068237305 331.32635498046875 
536.606689453125 7.4047694206237793 331.66250610351562 
534.73065185546875 7.1666326522827148 333.40487670898438 
532.560302734375 7.1953372955322266 333.05709838867188 
530.6248779296875 7.4697408676147461 332.57748413085938 
528.85467529296875 8.104792594909668 331.83441162109375 
537.01824951171875 7.2575039863586426 333.8299560546875 
535.08746337890625 7.005399227142334 335.48129272460938 
532.8770751953125 7.0505452156066895 335.10086059570312 
530.92230224609375 7.347144603729248 334.701171875 
529.15997314453125 8.0182332992553711 334.090087890625 
537.40142822265625 7.0970125198364258 335.99545288085938 
535.4837646484375 6.8598384857177734 337.53936767578125 
533.3201904296875 6.9017982482910156 337.091064453125 
531.30645751953125 7.2048873901367188 336.76837158203125 
529.47906494140625 7.9047865867614746 336.32476806640625 
533.8441162109375 6.7490215301513672 338.78189086914062 
531.9241943359375 6.9949135780334473 338.7611083984375 
529.92291259765625 7.720555305480957 338.50152587890625 
537.75714111328125 6.9303851127624512 338.21090698242188 
535.669677734375 6.6769471168518066 339.642578125 
533.16619873046875 6.6515979766845703 340.80859375 
530.5771484375 7.4121708869934082 340.60736083984375 
531.310791015625 7.0474958419799805 342.82803344726562 
533.84765625 6.3744039535522461 343.34652709960938 
535.872314453125 6.457664966583252 341.916748046875 
538.073486328125 6.7380332946777344 340.49984741210938 
538.410888671875 6.5031185150146484 342.8055419921875 
536.39581298828125 6.2284641265869141 344.18963623046875 
534.76837158203125 6.1199283599853516 345.28030395507812 
532.30523681640625 6.5952720642089844 345.33547973632812 
536.86114501953125 5.9943709373474121 346.38833618164062 
534.67572021484375 5.9670629501342773 347.14840698242188 
532.35809326171875 6.4634547233581543 347.92941284179688 
534.6771240234375 5.7563834190368652 349.43814086914062 
537.119140625 5.724555492401123 348.62753295898438 
532.3104248046875 6.3924717903137207 350.20330810546875 
534.13555908203125 5.6831378936767578 351.65399169921875 
537.04644775390625 5.3851785659790039 351.32125854492188 
532.10125732421875 6.4249835014343262 352.099853515625 
532.9439697265625 5.9692826271057129 353.69223022460938 
535.31890869140625 5.2673244476318359 353.66259765625 
537.89288330078125 5.0603857040405273 353.92581176757812 
538.8555908203125 6.2673840522766113 345.10647583007812 
539.2960205078125 6.0339808464050293 347.39727783203125 
539.61505126953125 5.7509574890136719 349.72149658203125 
540.001953125 5.4513916969299316 352.09808349609375 
533.71099853515625 5.5322904586791992 355.67532348632812 
535.96441650390625 4.9296698570251465 355.8994140625 
538.4036865234375 4.7457480430603027 356.210693359375 
540.47601318359375 5.1577348709106445 354.39987182617188 
540.95050048828125 4.840909481048584 356.62469482421875 
538.9080810546875 4.4039120674133301 358.3984375 
536.47686767578125 4.5805988311767578 358.10986328125 
541.45538330078125 4.4980506896972656 358.8096923828125 
539.46038818359375 4.030489444732666 360.5450439453125 
537.0439453125 4.1831579208374023 360.24557495117188 
542.0059814453125 4.1218900680541992 360.9918212890625 
540.072998046875 3.6201739311218262 362.6907958984375 
537.69207763671875 3.7326030731201172 362.3665771484375 
542.6114501953125 3.7213263511657715 363.19143676757812 
540.75201416015625 3.1910724639892578 364.85076904296875 
538.3626708984375 3.2616915702819824 364.47848510742188 
543.30828857421875 3.3344993591308594 365.36923217773438 
541.516845703125 2.7484312057495117 366.980712890625 
539.11004638671875 2.7702689170837402 366.55661010742188 
544.02081298828125 2.9082136154174805 367.5499267578125 
542.26226806640625 2.2576408386230469 369.06036376953125 
539.9207763671875 2.2515881061553955 368.61251831054688 
540.79449462890625 1.7120248079299927 370.60049438476562 
542.869140625 1.7731066942214966 370.884521484375 
544.58941650390625 2.3729994297027588 369.79205322265625 
541.95904541015625 1.1443097591400146 372.49801635742188 
544.8465576171875 1.5612590312957764 372.3499755859375 
546.94671630859375 2.6873390674591064 370.62033081054688 
547.7191162109375 2.0883431434631348 372.99215698242188 
546.251708984375 0.82468259334564209 374.82763671875 
543.36383056640625 0.45647338032722473 374.48782348632812 
544.83306884765625 -0.48317152261734009 376.83648681640625 
547.64544677734375 0.17285966873168945 377.02102661132812 
548.736083984375 1.5596916675567627 375.2623291015625 
534.2493896484375 5.1648116111755371 357.82000732421875 
534.7677001953125 4.7486281394958496 359.97857666015625 
535.40167236328125 4.250030517578125 362.091064453125 
536.09051513671875 3.691868782043457 364.202880859375 
536.8377685546875 3.1178774833679199 366.26791381835938 
537.64031982421875 2.5271036624908447 368.29391479492188 
538.5037841796875 1.9150791168212891 370.29266357421875 
539.4580078125 1.238984227180481 372.259521484375 
540.56854248046875 0.48275816440582275 374.2052001953125 
541.76629638671875 -0.40231281518936157 376.16976928710938 
527.245361328125 8.4505338668823242 320.22116088867188 
528.3404541015625 8.1543169021606445 318.66256713867188 
546.40789794921875 3.238581657409668 368.28173828125 
545.824462890625 3.6526422500610352 366.01644897460938 
545.18402099609375 3.9694390296936035 363.81292724609375 
544.5792236328125 4.3017058372497559 361.61599731445312 
544.01708984375 4.6503481864929199 359.40045166015625 
543.50177001953125 4.9901862144470215 357.19647216796875 
543.01385498046875 5.3030810356140137 354.9849853515625 
542.5633544921875 5.5939569473266602 352.75177001953125 
542.14300537109375 5.8746910095214844 350.49545288085938 
541.75653076171875 6.1429476737976074 348.2330322265625 
541.32855224609375 6.3888788223266602 345.94876098632812 
540.89019775390625 6.6212673187255859 343.6431884765625 
540.52691650390625 6.8644719123840332 341.32525634765625 
540.13970947265625 7.0699124336242676 338.994873046875 
539.742431640625 7.2540183067321777 336.70135498046875 
539.32794189453125 7.4212546348571777 334.44085693359375 
538.9425048828125 7.59503173828125 332.23068237304688 
538.50390625 7.7480382919311523 330.00640869140625 
537.98443603515625 7.8909697532653809 327.72531127929688 
537.5699462890625 8.0567464828491211 325.38360595703125 
537.27899169921875 8.2349843978881836 323.06195068359375 
536.907470703125 8.3741254806518555 320.77093505859375 
534.04638671875 8.277562141418457 317.25054931640625 
536.4857177734375 8.4940319061279297 318.42156982421875 
531.49664306640625 8.1723146438598633 316.9451904296875 
529.33343505859375 8.145263671875 316.84713745117188 
536.18389892578125 8.6172723770141602 316.08251953125 
534.50390625 8.4247159957885742 315.12310791015625 
532.647216796875 8.3000736236572266 315.0726318359375 
530.40771484375 8.2347126007080078 314.92855834960938 
526.80670166015625 8.5536136627197266 318.47869873046875 
527.39422607421875 8.3636550903320312 316.89633178710938 
528.24432373046875 8.2624006271362305 315.0247802734375 
535.87640380859375 8.7151355743408203 313.89566040039062 
533.85382080078125 8.4543600082397461 313.33712768554688 
531.6328125 8.3439922332763672 313.04803466796875 
529.27716064453125 8.3028125762939453 313.04443359375 
533.07318115234375 8.4966287612915039 311.28713989257812 
535.3858642578125 8.7833890914916992 311.73931884765625 
530.52923583984375 8.3889474868774414 311.07791137695312 
532.09765625 8.5233583450317383 309.226318359375 
534.7442626953125 8.8196506500244141 309.529296875 
533.829345703125 8.8213882446289062 307.10513305664062 
531.0555419921875 8.5290756225585938 307.51516723632812 
531.31494140625 8.6234703063964844 305.53909301757812 
533.9637451171875 9.0313186645507812 304.52084350585938 
531.4876708984375 8.7477750778198242 302.95169067382812 
534.1849365234375 9.2356033325195312 302.5487060546875 
533.3839111328125 9.1713991165161133 300.7923583984375 
530.70025634765625 8.7783203125 300.45791625976562 
532.82733154296875 9.2042827606201172 298.6080322265625 
530.257568359375 8.8261041641235352 298.151123046875 
532.43023681640625 9.2652292251586914 296.31570434570312 
529.91400146484375 8.8784112930297852 295.8319091796875 
532.11083984375 9.3473787307739258 294.00244140625 
529.59613037109375 8.9308252334594727 293.501220703125 
531.82574462890625 9.4407520294189453 291.66476440429688 
529.29986572265625 8.9978828430175781 291.16531372070312 
531.5633544921875 9.5445394515991211 289.34701538085938 
529.0047607421875 9.0558204650878906 288.85357666015625 
531.29559326171875 9.6296768188476562 287.02264404296875 
528.710205078125 9.1024999618530273 286.54949951171875 
530.9615478515625 9.6915998458862305 284.68392944335938 
528.34356689453125 9.1323776245117188 284.26727294921875 
530.3638916015625 9.6692953109741211 282.11245727539062 
527.79986572265625 9.1014919281005859 282.4019775390625 
528.266357421875 9.2436618804931641 280.42477416992188 
530.275146484375 9.8396902084350586 279.2908935546875 
528.1131591796875 9.3069553375244141 278.04901123046875 
529.71795654296875 9.8373813629150391 276.75283813476562 
531.58990478515625 10.675274848937988 277.74581909179688 
530.9892578125 10.658975601196289 275.3397216796875 
527.6181640625 9.3045921325683594 275.70135498046875 
529.18670654296875 9.8342781066894531 274.4119873046875 
530.4620361328125 10.667238235473633 273.10287475585938 
527.208740234375 9.3154516220092773 273.40789794921875 
528.7572021484375 9.8714103698730469 272.1641845703125 
529.99627685546875 10.718386650085449 270.91897583007812 
526.8909912109375 9.3549404144287109 271.14776611328125 
528.42279052734375 9.9477930068969727 269.96221923828125 
529.58294677734375 10.805989265441895 268.751708984375 
528.201904296875 10.088825225830078 267.79458618164062 
526.64556884765625 9.4184494018554688 268.87799072265625 
528.10760498046875 10.281099319458008 265.99978637695312 
526.53204345703125 9.5560903549194336 266.38641357421875 
529.1944580078125 10.928310394287109 266.6741943359375 
528.709716796875 10.970452308654785 264.66299438476562 
527.448486328125 10.141435623168945 264.32968139648438 
542.78045654296875 -1.36164391040802 378.03253173828125 
544.8134765625 -1.5595359802246094 378.68084716796875 
546.7362060546875 -1.1373245716094971 378.73272705078125 
525.73077392578125 9.4671831130981445 264.07009887695312 
528.05078125 10.861180305480957 262.60800170898438 
526.661865234375 9.9963388442993164 262.33908081054688 
525.10650634765625 9.4098548889160156 262.28265380859375 
527.188232421875 10.627817153930664 260.50958251953125 
525.45977783203125 9.6825447082519531 260.51580810546875 
543.68292236328125 -2.3631746768951416 379.71823120117188 
545.847900390625 -2.3510406017303467 380.2569580078125 
525.5718994140625 9.2318801879882812 319.34750366210938 
525.79180908203125 9.2863311767578125 321.6334228515625 
526.1573486328125 9.22283935546875 323.92080688476562 
526.53192138671875 9.1445198059082031 326.21005249023438 
526.903076171875 9.0730056762695312 328.52877807617188 
527.2620849609375 9.017003059387207 330.86917114257812 
527.59674072265625 8.9608983993530273 333.23513793945312 
527.91357421875 8.8920049667358398 335.61260986328125 
528.22979736328125 8.8045930862426758 337.97799682617188 
528.68853759765625 8.5808839797973633 340.25027465820312 
529.2850341796875 8.2239561080932617 342.43341064453125 
529.99737548828125 7.7623777389526367 344.53839111328125 
530.37420654296875 7.5283107757568359 346.72714233398438 
530.41912841796875 7.5168242454528809 349.02951049804688 
530.52178955078125 7.450681209564209 351.39035034179688 
530.79656982421875 7.2421793937683105 353.67041015625 
531.80938720703125 6.4887213706970215 355.48052978515625 
525.90814208984375 10.191007614135742 258.15545654296875 
525.44085693359375 10.34373664855957 255.6571044921875 
525.2481689453125 10.560040473937988 253.76481628417969 
524.57415771484375 10.391770362854004 252.17916870117188 
523.934326171875 10.259403228759766 250.5704345703125 
532.40765380859375 10.755528450012207 280.70745849609375 
532.97247314453125 11.852249145507812 278.29342651367188 
532.4219970703125 11.822569847106934 276.15945434570312 
531.8751220703125 11.813920974731445 274.005615234375 
531.33258056640625 11.819202423095703 271.84423828125 
530.8026123046875 11.867035865783691 269.657958984375 
530.27264404296875 11.946673393249512 267.45205688476562 
529.76739501953125 12.083941459655762 265.260986328125 
529.17529296875 12.096310615539551 263.05093383789062 
528.49859619140625 11.956329345703125 260.85360717773438 
527.73040771484375 11.676774024963379 258.72372436523438 
527.04803466796875 11.562088012695312 256.56280517578125 
526.4024658203125 11.515045166015625 254.386474609375 
525.798095703125 11.505906105041504 252.22268676757812 
525.244384765625 11.575076103210449 250.0611572265625 
523.77618408203125 10.50750732421875 248.679443359375 
532.7664794921875 10.658223152160645 282.94992065429688 
533.118408203125 10.570389747619629 285.20974731445312 
533.451171875 10.471760749816895 287.49990844726562 
533.77239990234375 10.359312057495117 289.82284545898438 
534.08062744140625 10.246400833129883 292.13421630859375 
534.38714599609375 10.130165100097656 294.4315185546875 
534.731201171875 10.024687767028809 296.71163940429688 
535.17840576171875 9.9533405303955078 298.93637084960938 
535.76654052734375 9.94940185546875 301.100341796875 
536.21392822265625 9.8842554092407227 303.33792114257812 
536.45855712890625 9.7161750793457031 305.58917236328125 
536.5858154296875 9.4972095489501953 307.84744262695312 
536.98931884765625 9.3910713195800781 310.12213134765625 
537.38421630859375 9.2740755081176758 312.41268920898438 
537.77801513671875 9.1520271301269531 314.72909545898438 
538.1920166015625 9.0382499694824219 317.046142578125 
538.609375 8.9154024124145508 319.35809326171875 
539.031982421875 8.7760705947875977 321.64572143554688 
539.4310302734375 8.6005115509033203 323.9305419921875 
539.84027099609375 8.4216527938842773 326.19973754882812 
540.25531005859375 8.2498397827148438 328.45553588867188 
540.68243408203125 8.0819263458251953 330.71649169921875 
541.0797119140625 7.8989567756652832 332.97708129882812 
541.45355224609375 7.6873469352722168 335.24917602539062 
541.89349365234375 7.493743896484375 337.54397583007812 
542.3385009765625 7.2910871505737305 339.84381103515625 
542.7847900390625 7.0750832557678223 342.14419555664062 
543.212646484375 6.8361215591430664 344.43197631835938 
543.65228271484375 6.5898480415344238 346.69778442382812 
544.0888671875 6.3353509902954102 348.94378662109375 
544.5308837890625 6.069127082824707 351.18246459960938 
544.97509765625 5.7925190925598145 353.40115356445312 
545.439208984375 5.4987049102783203 355.629638671875 
545.92230224609375 5.2041597366333008 357.84848022460938 
546.4342041015625 4.9263300895690918 360.07275390625 
546.97943115234375 4.674898624420166 362.3033447265625 
547.5484619140625 4.4574041366577148 364.54293823242188 
548.0931396484375 4.1957426071166992 366.81011962890625 
548.64312744140625 3.8497664928436279 369.03488159179688 
549.26873779296875 3.4566097259521484 371.25106811523438 
549.946044921875 3.0369017124176025 373.4688720703125 
524.74786376953125 11.742236137390137 247.8865966796875 
523.38299560546875 10.788459777832031 246.07090759277344 
550.61248779296875 2.6039955615997314 375.6865234375 
549.89306640625 1.1667548418045044 377.46609497070312 
548.9443359375 -0.31945487856864929 379.04098510742188 
532.43768310546875 6.0126705169677734 357.5054931640625 
547.9072265625 -1.8018914461135864 380.61041259765625 
532.760009765625 5.6724367141723633 359.71359252929688 
533.3865966796875 5.1236677169799805 361.80853271484375 
534.067138671875 4.4997806549072266 363.90310668945312 
534.79766845703125 3.8279445171356201 365.98358154296875 
535.55157470703125 3.157271146774292 368.02642822265625 
536.3603515625 2.4460258483886719 370.0228271484375 
537.197021484375 1.6981439590454102 372.0128173828125 
538.0765380859375 0.86406725645065308 373.95492553710938 
539.06982421875 -0.068702191114425659 375.89324951171875 
540.14837646484375 -1.0609915256500244 377.66671752929688 
541.333984375 -2.1211209297180176 379.329345703125 
524.35302734375 12.12370491027832 245.65780639648438 
523.74444580078125 12.060880661010742 243.60777282714844 
522.48321533203125 10.620182037353516 243.58497619628906 
522.8638916015625 11.535724639892578 241.72613525390625 
521.751220703125 10.537439346313477 241.40939331054688 
522.25152587890625 11.546391487121582 239.58636474609375 
521.118896484375 10.542061805725098 239.23715209960938 
521.65386962890625 11.577890396118164 237.42286682128906 
520.54339599609375 10.592039108276367 237.04513549804688 
521.06988525390625 11.629058837890625 235.24864196777344 
520.00048828125 10.665194511413574 234.84129333496094 
520.5118408203125 11.713641166687012 233.04953002929688 
519.4871826171875 10.760575294494629 232.63250732421875 
519.98492431640625 11.840380668640137 230.86172485351562 
518.996826171875 10.882051467895508 230.42599487304688 
519.5106201171875 12.054253578186035 228.63314819335938 
518.49749755859375 10.983135223388672 228.23966979980469 
519.03668212890625 12.240915298461914 226.44511413574219 
517.9061279296875 10.955304145812988 226.23037719726562 
518.12335205078125 11.572011947631836 224.88771057128906 
517.3924560546875 10.900311470031738 224.58834838867188 
542.5343017578125 -3.243222713470459 380.92666625976562 
544.72186279296875 -3.4485254287719727 381.57015991210938 
517.35369873046875 11.25377082824707 223.12176513671875 
546.783203125 -3.2392988204956055 382.22607421875 
508.75711059570312 29.903495788574219 158.14114379882812 
506.90310668945312 29.589548110961914 157.10092163085938 
507.80023193359375 32.462528228759766 158.19534301757812 
507.58224487304688 27.696414947509766 158.02403259277344 
506.04693603515625 31.547407150268555 156.59024047851562 
508.93389892578125 13.398385047912598 162.85136413574219 
509.70266723632812 15.39399242401123 163.0228271484375 
509.47308349609375 13.23494815826416 164.29891967773438 
508.27294921875 11.259620666503906 163.3243408203125 
510.2789306640625 12.895214080810547 166.29393005371094 
509.43704223632812 10.910368919372559 166.6768798828125 
508.9854736328125 11.346255302429199 165.05780029296875 
509.876708984375 11.278777122497559 168.15084838867188 
510.72586059570312 12.983381271362305 168.36323547363281 
511.32421875 14.850984573364258 167.38401794433594 
510.56610107421875 14.757487297058105 165.20541381835938 
511.44204711914062 16.598554611206055 165.92036437988281 
510.68258666992188 16.513544082641602 164.21165466308594 
511.22933959960938 18.273881912231445 164.48248291015625 
510.25161743164062 17.547298431396484 162.6573486328125 
510.9437255859375 19.492185592651367 163.0224609375 
512.02532958984375 18.776872634887695 166.19361877441406 
511.74920654296875 20.237005233764648 164.67845153808594 
512.06158447265625 17.191667556762695 167.62974548339844 
508.51495361328125 9.4614143371582031 166.41368103027344 
507.94888305664062 9.6307973861694336 164.68022155761719 
508.8858642578125 9.524470329284668 168.21305847167969 
511.3515625 21.536643981933594 163.04977416992188 
510.469482421875 20.796970367431641 161.67219543457031 
509.90374755859375 18.940526962280273 161.27076721191406 
507.49612426757812 8.0538702011108398 166.31471252441406 
507.872802734375 8.0334024429321289 168.11903381347656 
506.917724609375 8.0405998229980469 164.60398864746094 
506.3682861328125 6.7516360282897949 166.27778625488281 
506.7255859375 6.6818933486938477 168.02362060546875 
507.14678955078125 9.3555593490600586 163.02752685546875 
505.82806396484375 6.6695518493652344 164.64808654785156 
506.04891967773438 7.6539373397827148 162.97344970703125 
504.71026611328125 5.5535502433776855 164.84820556640625 
504.76910400390625 6.1552915573120117 163.24481201171875 
505.12313842773438 5.5650172233581543 166.2481689453125 
505.43338012695312 5.4476299285888672 167.82627868652344 
509.34304809570312 20.817781448364258 160.29635620117188 
510.39874267578125 22.793813705444336 161.14276123046875 
508.76980590820312 22.648351669311523 159.6673583984375 
509.65130615234375 24.570850372314453 159.99195861816406 
507.95059204101562 24.514980316162109 159.02787780761719 
508.7998046875 26.36053466796875 158.97181701660156 
509.20474243164062 16.817998886108398 161.0303955078125 
508.9326171875 14.681018829345703 161.5784912109375 
512.0643310546875 16.30421257019043 169.37898254394531 
511.42111206054688 14.465768814086914 169.81997680664062 
508.64071655273438 18.662405014038086 159.89736938476562 
507.79721069335938 20.589031219482422 159.21296691894531 
506.9046630859375 22.699680328369141 158.90887451171875 
511.57571411132812 23.360137939453125 163.02073669433594 
510.9427490234375 24.855119705200195 161.47969055175781 
512.141845703125 22.158355712890625 164.80264282226562 
512.5028076171875 20.82948112487793 166.48152160644531 
512.620849609375 19.344196319580078 168.07000732421875 
510.277099609375 26.50367546081543 160.18478393554688 
512.5203857421875 17.74244499206543 169.68354797363281 
510.66592407226562 12.660099983215332 170.30177307128906 
509.92941284179688 11.187172889709473 170.117919921875 
506.08416748046875 24.875162124633789 158.72183227539062 
506.8192138671875 26.309040069580078 158.38897705078125 
503.19216918945312 5.2007884979248047 162.85063171386719 
503.54833984375 4.8743705749511719 164.38035583496094 
503.8466796875 4.5730400085449219 165.95045471191406 
504.04312133789062 4.3621759414672852 167.48844909667969 
509.55947875976562 28.195526123046875 159.05038452148438 
506.22222900390625 33.168209075927734 157.21853637695312 
504.43618774414062 33.867404937744141 156.75489807128906 
502.62484741210938 34.554958343505859 156.84051513671875 
501.44659423828125 35.305061340332031 157.39814758300781 
499.73977661132812 34.613571166992188 157.48651123046875 
500.34609985351562 36.111858367919922 158.32115173339844 
550.77313232421875 5.1643610000610352 369.53445434570312 
550.18255615234375 4.2333765029907227 370.82254028320312 
550.2347412109375 5.3389625549316406 367.28652954101562 
549.7635498046875 5.4766845703125 364.99652099609375 
549.27008056640625 5.585566520690918 362.70880126953125 
548.75445556640625 5.7096700668334961 360.44891357421875 
548.243896484375 5.8785662651062012 358.19338989257812 
547.74993896484375 6.0924892425537109 355.9395751953125 
547.27362060546875 6.349266529083252 353.66238403320312 
546.84454345703125 6.6312384605407715 351.3922119140625 
546.422607421875 6.9136571884155273 349.10894775390625 
545.97100830078125 7.1791329383850098 346.8323974609375 
545.4949951171875 7.4313087463378906 344.550048828125 
545.00982666015625 7.6728301048278809 342.25564575195312 
544.52825927734375 7.9098629951477051 339.9525146484375 
544.2977294921875 8.2591056823730469 337.6461181640625 
543.79241943359375 8.4701442718505859 335.37701416015625 
543.1884765625 8.6176967620849609 333.11660766601562 
542.75958251953125 8.834040641784668 330.82818603515625 
542.34039306640625 9.0520668029785156 328.52926635742188 
541.9298095703125 9.2753438949584961 326.22360229492188 
541.51116943359375 9.4937200546264648 323.91030883789062 
541.0970458984375 9.7026262283325195 321.58804321289062 
539.912109375 9.3550558090209961 319.98370361328125 
540.8955078125 10.026769638061523 319.28323364257812 
539.73291015625 9.5684652328491211 318.07791137695312 
539.392578125 9.7438411712646484 315.85211181640625 
541.0045166015625 10.599053382873535 317.0418701171875 
540.33990478515625 10.550168991088867 314.766845703125 
538.87640380859375 9.8099489212036133 313.57028198242188 
539.69976806640625 10.536361694335938 312.47210693359375 
538.39373779296875 9.9070730209350586 311.2841796875 
539.14715576171875 10.583398818969727 310.18972778320312 
537.9700927734375 10.013637542724609 309.07025146484375 
538.7020263671875 10.695306777954102 307.90182495117188 
537.6658935546875 10.126425743103027 307.19332885742188 
538.2872314453125 10.822280883789062 305.61636352539062 
537.8917236328125 10.958713531494141 303.34539794921875 
537.50897216796875 11.101815223693848 301.0860595703125 
536.62884521484375 11.048683166503906 297.92068481445312 
536.060302734375 11.053150177001953 295.512451171875 
535.57867431640625 11.092185974121094 293.18814086914062 
535.13525390625 11.138411521911621 290.8809814453125 
538.03155517578125 12.38609504699707 298.7091064453125 
537.45294189453125 12.311264038085938 296.4495849609375 
536.88385009765625 12.246417045593262 294.16744995117188 
536.32427978515625 12.192073822021484 291.85806274414062 
535.80035400390625 12.170620918273926 289.53146362304688 
534.71588134765625 11.189497947692871 288.609130859375 
534.3721923828125 11.266525268554688 286.70071411132812 
551.38287353515625 4.971590518951416 371.81918334960938 
550.69140625 3.9681720733642578 372.63165283203125 
535.29754638671875 12.184901237487793 287.22024536132812 
551.05120849609375 3.5904474258422852 374.37887573242188 
552.0177001953125 4.8440184593200684 374.12738037109375 
551.68682861328125 3.6004219055175781 376.11981201171875 
534.8427734375 12.305840492248535 284.95870971679688 
534.39990234375 12.472739219665527 282.69772338867188 
533.9564208984375 12.688533782958984 280.44827270507812 
552.55303955078125 4.7806110382080078 376.4832763671875 
512.378173828125 25.751813888549805 168.11898803710938 
512.62030029296875 25.779439926147461 169.98030090332031 
512.924560546875 24.304651260375977 169.51014709472656 
511.8570556640625 27.514558792114258 168.66183471679688 
512.27606201171875 26.943511962890625 170.59251403808594 
511.82308959960938 27.002780914306641 166.74407958984375 
512.27032470703125 25.417566299438477 166.35527038574219 
512.7769775390625 23.917192459106445 167.88606262207031 
511.6622314453125 28.171331405639648 170.54838562011719 
512.0906982421875 27.321050643920898 172.23310852050781 
512.7376708984375 25.782785415649414 171.94230651855469 
513.12066650390625 24.216178894042969 171.52659606933594 
513.129150390625 22.404560089111328 169.47845458984375 
511.21478271484375 28.736652374267578 172.40899658203125 
511.78521728515625 26.942815780639648 164.89578247070312 
500.94931030273438 37.14508056640625 161.39030456542969 
502.67474365234375 36.6988525390625 160.02018737792969 
500.70098876953125 36.807075500488281 159.54815673828125 
499.03521728515625 37.292636871337891 161.14076232910156 
503.80743408203125 32.473434448242188 176.67674255371094 
506.1583251953125 31.355161666870117 177.26094055175781 
505.25381469726562 32.487922668457031 175.04518127441406 
503.19021606445312 33.36993408203125 174.66606140136719 
504.55960083007812 33.427146911621094 173.11076354980469 
506.53121948242188 32.491634368896484 173.21444702148438 
507.36669921875 31.411590576171875 175.06581115722656 
504.324462890625 31.628124237060547 178.75743103027344 
502.29031372070312 32.362464904785156 178.18028259277344 
501.73611450195312 33.193943023681641 176.13897705078125 
505.63330078125 33.5142822265625 171.30169677734375 
503.92813110351562 34.189472198486328 171.47160339355469 
502.69491577148438 34.189201354980469 172.73342895507812 
501.2557373046875 34.016445159912109 174.17689514160156 
500.84375 34.800830841064453 172.15220642089844 
502.38037109375 34.890884399414062 170.69300842285156 
504.19894409179688 34.587310791015625 169.32612609863281 
500.48614501953125 35.473648071289062 170.03599548339844 
502.06527709960938 35.442790985107422 168.43170166015625 
506.42123413085938 33.548164367675781 169.16403198242188 
503.430419921875 35.256946563720703 167.15449523925781 
505.1068115234375 34.512500762939453 167.10491943359375 
500.14999389648438 35.973545074462891 167.69255065917969 
501.9027099609375 36.026256561279297 165.76371765136719 
503.99554443359375 35.493221282958984 165.25633239746094 
505.8472900390625 34.679336547851562 165.00080871582031 
506.92791748046875 33.435012817382812 166.9013671875 
507.52252197265625 32.445472717285156 171.15016174316406 
508.19241333007812 32.311195373535156 168.97607421875 
508.67361450195312 32.136985778808594 166.75038146972656 
507.5576171875 33.544361114501953 164.74014282226562 
506.50015258789062 34.762882232666016 162.973876953125 
504.84634399414062 35.759593963623047 163.32630920410156 
503.03741455078125 36.356529235839844 163.48316955566406 
501.28085327148438 36.857692718505859 163.49034118652344 
499.83029174804688 36.626255035400391 165.41123962402344 
506.00888061523438 30.773683547973633 179.42112731933594 
504.75064086914062 30.884323120117188 180.85945129394531 
502.7794189453125 31.5941162109375 180.28036499023438 
500.87750244140625 32.079174041748047 179.70782470703125 
500.32086181640625 32.854419708251953 177.60575866699219 
499.800048828125 33.655933380126953 175.64425659179688 
499.35089111328125 34.465686798095703 173.64874267578125 
498.93612670898438 35.197257995605469 171.56132507324219 
498.58975219726562 35.744861602783203 169.37626647949219 
498.27789306640625 36.332988739013672 167.24980163574219 
505.47344970703125 35.595817565917969 161.38188171386719 
503.8798828125 36.412826538085938 161.59431457519531 
502.37570190429688 36.866935729980469 161.88739013671875 
499.51211547851562 37.227031707763672 163.26162719726562 
497.9959716796875 36.917472839355469 165.2322998046875 
497.61953735351562 37.271759033203125 163.27067565917969 
504.56594848632812 35.942058563232422 159.82489013671875 
505.85824584960938 35.161567687988281 159.83767700195312 
506.8609619140625 34.562404632568359 160.93324279785156 
508.02194213867188 33.559581756591797 162.57197570800781 
508.40481567382812 31.358537673950195 173.05183410644531 
509.20962524414062 31.214496612548828 170.96270751953125 
509.1478271484375 32.131229400634766 164.47879028320312 
509.7728271484375 30.917943954467773 168.84848022460938 
510.22747802734375 30.329521179199219 166.47407531738281 
501.94393920898438 36.052234649658203 158.24058532714844 
503.69476318359375 35.605461120605469 158.18426513671875 
505.40231323242188 34.828636169433594 158.32078552246094 
506.83895874023438 34.113372802734375 159.03659057617188 
508.13970947265625 33.278186798095703 160.35931396484375 
509.35943603515625 32.073345184326172 162.13285827636719 
510.3111572265625 30.448728561401367 163.88980102539062 
511.12765502929688 28.686729431152344 165.39671325683594 
511.29513549804688 28.586465835571289 167.24433898925781 
511.02621459960938 29.280467987060547 168.81571960449219 
510.58209228515625 29.821699142456055 170.75387573242188 
509.97525024414062 30.099807739257812 172.76577758789062 
509.20132446289062 30.209823608398438 174.80366516113281 
508.3848876953125 30.186136245727539 176.864013671875 
507.69915771484375 30.002103805541992 179.002685546875 
506.86236572265625 29.855464935302734 181.36393737792969 
505.04446411132812 30.25495719909668 182.97894287109375 
503.186279296875 30.937551498413086 182.35758972167969 
503.54730224609375 30.433078765869141 184.11795043945312 
506.81021118164062 29.320880889892578 183.94102478027344 
504.99172973632812 29.809036254882812 185.13662719726562 
501.31039428710938 31.389581680297852 181.83743286132812 
501.7965087890625 30.791362762451172 183.91697692871094 
502.7728271484375 30.160892486572266 186.07908630371094 
504.90213012695312 29.431123733520508 187.36650085449219 
506.81576538085938 28.897775650024414 186.22911071777344 
502.98556518554688 29.6478271484375 188.61030578613281 
504.9466552734375 29.054656982421875 189.62236022949219 
528.52337646484375 25.980039596557617 362.15826416015625 
527.5927734375 23.975305557250977 362.32025146484375 
527.98956298828125 25.000698089599609 363.74270629882812 
528.0308837890625 25.044445037841797 360.00198364257812 
506.81817626953125 28.546306610107422 188.47518920898438 
527.21319580078125 22.876672744750977 360.889892578125 
503.17425537109375 29.236831665039062 190.8751220703125 
527.15472412109375 22.910654067993164 358.92642211914062 
504.9871826171875 28.721334457397461 191.76701354980469 
527.94866943359375 24.965459823608398 357.41412353515625 
506.73858642578125 28.256645202636719 190.71180725097656 
527.05010986328125 22.935523986816406 356.62234497070312 
503.43829345703125 28.863956451416016 193.02679443359375 
527.7872314453125 24.81138801574707 355.1368408203125 
505.0084228515625 28.470468521118164 193.57638549804688 
526.9010009765625 22.930482864379883 354.35818481445312 
506.57879638671875 28.037229537963867 192.89358520507812 
527.59027099609375 24.644870758056641 352.846923828125 
506.04660034179688 27.953184127807617 195.21580505371094 
526.72552490234375 22.905447006225586 352.10464477539062 
503.875732421875 28.506046295166016 195.0489501953125 
527.2841796875 24.33966064453125 350.59909057617188 
504.445068359375 28.14900016784668 197.07185363769531 
526.505859375 22.760969161987305 350.15887451171875 
506.27227783203125 27.642812728881836 197.30204772949219 
526.7320556640625 23.665420532226562 348.2060546875 
508.34005737304688 28.690404891967773 182.82431030273438 
528.01129150390625 25.508134841918945 348.98403930664062 
508.48934936523438 28.179800033569336 185.07647705078125 
508.60324096679688 27.75347900390625 187.352783203125 
508.54360961914062 27.478620529174805 189.63954162597656 
508.41644287109375 27.269651412963867 191.92691040039062 
508.17578125 27.14305305480957 194.20133972167969 
507.8348388671875 27.093219757080078 196.419189453125 
507.80136108398438 26.90324592590332 198.67050170898438 
505.20138549804688 27.768938064575195 199.03817749023438 
506.27670288085938 27.304691314697266 200.90141296386719 
503.50888061523438 27.785552978515625 201.13800048828125 
505.66336059570312 27.305686950683594 202.91159057617188 
503.00625610351562 28.072704315185547 198.93247985839844 
502.36141967773438 28.376733779907227 196.77182006835938 
501.96749877929688 28.721023559570312 194.53413391113281 
501.56765747070312 29.107593536376953 192.26390075683594 
501.1771240234375 29.532251358032227 189.97242736816406 
501.04754638671875 30.001567840576172 187.67756652832031 
500.41552734375 30.478141784667969 185.5406494140625 
499.75961303710938 31.013189315795898 183.42030334472656 
499.65847778320312 31.679697036743164 181.2071533203125 
503.63211059570312 27.507354736328125 203.47221374511719 
505.62890625 27.148933410644531 204.92330932617188 
504.04330444335938 27.258687973022461 205.77687072753906 
505.81851196289062 26.974769592285156 206.90289306640625 
504.45574951171875 27.032585144042969 208.07057189941406 
506.0220947265625 26.825540542602539 208.67243957519531 
507.88079833984375 26.699594497680664 200.92835998535156 
507.6090087890625 26.712427139282227 202.60626220703125 
507.34939575195312 26.720363616943359 204.295654296875 
507.3709716796875 26.622291564941406 206.05216979980469 
507.43948364257812 26.52232551574707 207.80484008789062 
504.85598754882812 26.82347297668457 210.36369323730469 
507.57461547851562 26.380558013916016 210.13201904296875 
505.24630737304688 26.631284713745117 212.64541625976562 
507.78482055664062 26.244411468505859 212.43669128417969 
505.63250732421875 26.452972412109375 214.915771484375 
508.0640869140625 26.118186950683594 214.71354675292969 
506.02008056640625 26.289339065551758 217.18522644042969 
508.3956298828125 25.998838424682617 216.97196960449219 
506.40005493164062 26.141460418701172 219.45726013183594 
508.73904418945312 25.895313262939453 219.23614501953125 
506.77200317382812 26.003236770629883 221.73721313476562 
509.09677124023438 25.800636291503906 221.49540710449219 
507.13092041015625 25.868671417236328 224.03556823730469 
509.45346069335938 25.720735549926758 223.77015686035156 
507.47705078125 25.744035720825195 226.3258056640625 
509.79827880859375 25.6519775390625 226.05670166015625 
508.03952026367188 25.657394409179688 228.574951171875 
510.14566040039062 25.594955444335938 228.35575866699219 
508.77374267578125 25.598659515380859 230.76718139648438 
510.51239013671875 25.539089202880859 230.6485595703125 
510.9073486328125 25.487508773803711 232.92277526855469 
508.75738525390625 25.421991348266602 233.08035278320312 
508.999755859375 25.264978408813477 235.38034057617188 
511.33602905273438 25.441455841064453 235.18156433105469 
509.44338989257812 25.16546630859375 237.65800476074219 
511.76556396484375 25.403505325317383 237.43661499023438 
509.89932250976562 25.082126617431641 239.935546875 
512.17730712890625 25.377010345458984 239.69334411621094 
510.33920288085938 24.997735977172852 242.22010803222656 
512.57696533203125 25.363121032714844 241.97702026367188 
510.76556396484375 24.911561965942383 244.52999877929688 
512.9503173828125 25.35850715637207 244.29304504394531 
511.15512084960938 24.809528350830078 246.83535766601562 
513.29248046875 25.347431182861328 246.61782836914062 
511.52740478515625 24.69304084777832 249.12944030761719 
513.61865234375 25.3310546875 248.9425048828125 
511.88119506835938 24.560796737670898 251.40272521972656 
513.94183349609375 25.297809600830078 251.24369812011719 
512.21820068359375 24.410219192504883 253.67172241210938 
514.26361083984375 25.255342483520508 253.51518249511719 
512.53753662109375 24.242197036743164 255.93510437011719 
514.5709228515625 25.199419021606445 255.7752685546875 
512.85028076171875 24.072036743164062 258.17941284179688 
514.8636474609375 25.13566780090332 258.03994750976562 
513.16937255859375 23.907646179199219 260.41680908203125 
515.14263916015625 25.068235397338867 260.32003784179688 
513.51080322265625 23.766021728515625 262.6629638671875 
515.42437744140625 25.006860733032227 262.61380004882812 
513.8675537109375 23.633977890014648 264.91110229492188 
515.70477294921875 24.946025848388672 264.89425659179688 
514.25830078125 23.539567947387695 267.14938354492188 
516.00384521484375 24.88232421875 267.14334106445312 
514.712646484375 23.499013900756836 269.38967895507812 
516.31866455078125 24.819412231445312 269.36935424804688 
515.1226806640625 23.435897827148438 271.61639404296875 
516.65277099609375 24.751842498779297 271.59927368164062 
515.5443115234375 23.387477874755859 273.84796142578125 
517.00128173828125 24.685333251953125 273.84075927734375 
515.9708251953125 23.349416732788086 276.08963012695312 
517.35845947265625 24.626918792724609 276.08941650390625 
516.37677001953125 23.308889389038086 278.3421630859375 
517.726806640625 24.592992782592773 278.3447265625 
516.77337646484375 23.263517379760742 280.59231567382812 
518.10699462890625 24.574880599975586 280.60614013671875 
517.18243408203125 23.233991622924805 282.84414672851562 
518.495361328125 24.571783065795898 282.86697387695312 
517.59307861328125 23.216594696044922 285.10110473632812 
518.884765625 24.562826156616211 285.14410400390625 
517.99151611328125 23.194580078125 287.34808349609375 
519.2745361328125 24.548622131347656 287.4307861328125 
518.38031005859375 23.174667358398438 289.611328125 
519.651123046875 24.534887313842773 289.71588134765625 
518.7613525390625 23.158275604248047 291.88876342773438 
520.0250244140625 24.533750534057617 292.02078247070312 
519.138671875 23.137744903564453 294.1859130859375 
520.393798828125 24.537076950073242 294.31442260742188 
519.48779296875 23.088472366333008 296.47140502929688 
520.747802734375 24.540443420410156 296.60751342773438 
519.80401611328125 23.020872116088867 298.73300170898438 
521.06671142578125 24.523159027099609 298.8714599609375 
520.08795166015625 22.917308807373047 300.988525390625 
521.37322998046875 24.510242462158203 301.11557006835938 
520.3526611328125 22.791982650756836 303.24301147460938 
521.6663818359375 24.484502792358398 303.34658813476562 
520.61920166015625 22.660238265991211 305.48880004882812 
521.95159912109375 24.447185516357422 305.59817504882812 
520.89739990234375 22.544549942016602 307.73907470703125 
522.240478515625 24.413908004760742 307.87094116210938 
521.1829833984375 22.435325622558594 309.98947143554688 
522.59735107421875 24.447847366333008 310.13296508789062 
522.16766357421875 23.637718200683594 311.64569091796875 
521.47503662109375 22.334821701049805 312.23941040039062 
523.2242431640625 24.74949836730957 312.30917358398438 
522.4664306640625 23.667936325073242 313.51351928710938 
521.7705078125 22.247976303100586 314.49197387695312 
523.5263671875 24.727897644042969 314.59396362304688 
522.7421875 23.614749908447266 315.72390747070312 
522.06890869140625 22.18989372253418 316.75100708007812 
523.791015625 24.684574127197266 316.89849853515625 
523.0185546875 23.562959671020508 317.99380493164062 
522.36798095703125 22.151327133178711 319.02688598632812 
524.05755615234375 24.659458160400391 319.202880859375 
523.2877197265625 23.516242980957031 320.2880859375 
522.66510009765625 22.125204086303711 321.31222534179688 
524.25323486328125 24.567258834838867 321.51617431640625 
523.54144287109375 23.458522796630859 322.58837890625 
522.9625244140625 22.107683181762695 323.60977172851562 
524.495849609375 24.507953643798828 323.81573486328125 
523.83233642578125 23.444986343383789 324.87237548828125 
523.26458740234375 22.095317840576172 325.88851928710938 
524.8087158203125 24.519613265991211 326.1041259765625 
524.143798828125 23.450799942016602 327.15017700195312 
523.57696533203125 22.090118408203125 328.16671752929688 
525.12603759765625 24.546003341674805 328.3834228515625 
524.45855712890625 23.461479187011719 329.43038940429688 
523.884033203125 22.088357925415039 330.42739868164062 
525.43853759765625 24.582351684570312 330.66635131835938 
524.76898193359375 23.491720199584961 331.70486450195312 
524.18017578125 22.095252990722656 332.688232421875 
525.74114990234375 24.618690490722656 332.95037841796875 
525.05450439453125 23.499879837036133 333.9808349609375 
524.462158203125 22.084615707397461 334.94879150390625 
526.03643798828125 24.648054122924805 335.22515869140625 
525.3502197265625 23.515880584716797 336.26937866210938 
524.75543212890625 22.096391677856445 337.23312377929688 
526.34564208984375 24.691719055175781 337.51153564453125 
525.649169921875 23.537031173706055 338.56561279296875 
525.05712890625 22.111024856567383 339.53805541992188 
526.66326904296875 24.752864837646484 339.80252075195312 
525.9669189453125 23.594085693359375 340.87277221679688 
499.04620361328125 32.361034393310547 179.12956237792969 
498.3590087890625 33.100650787353516 177.10650634765625 
497.88836669921875 33.901134490966797 175.13040161132812 
497.43374633789062 34.671100616455078 173.07177734375 
497.06759643554688 35.324695587158203 170.95755004882812 
496.81103515625 35.784206390380859 168.7344970703125 
499.09344482421875 36.650104522705078 159.23291015625 
496.5244140625 36.417881011962891 166.93260192871094 
496.2491455078125 36.848217010498047 165.15457153320312 
497.9486083984375 37.009918212890625 160.27033996582031 
496.99130249023438 37.180042266845703 161.74623107910156 
495.96444702148438 37.002681732177734 163.23887634277344 
525.3731689453125 22.159164428710938 341.85003662109375 
526.9859619140625 24.84625244140625 342.09768676757812 
526.293701171875 23.70142936706543 343.195556640625 
509.22406005859375 31.630157470703125 159.87115478515625 
510.3182373046875 30.3050537109375 161.61557006835938 
508.904052734375 28.768220901489258 180.68161010742188 
509.50338745117188 28.836437225341797 178.58499145507812 
510.07080078125 28.922901153564453 176.51103210449219 
510.64334106445312 28.9248046875 174.4658203125 
511.12454223632812 28.661012649536133 163.24322509765625 
525.75408935546875 22.39967155456543 344.24664306640625 
527.32061767578125 25.008790969848633 344.3907470703125 
526.56317138671875 23.761821746826172 345.55517578125 
527.65191650390625 25.223281860351562 346.69204711914062 
525.88665771484375 22.07316780090332 346.533203125 
528.37738037109375 25.840154647827148 351.28103637695312 
528.75640869140625 26.214807510375977 353.56820678710938 
528.96923828125 26.436750411987305 355.85964965820312 
529.20220947265625 26.74360466003418 358.1038818359375 
529.46533203125 27.14886474609375 360.31549072265625 
525.89727783203125 21.321916580200195 348.7520751953125 
526.1202392578125 21.224815368652344 351.12142944335938 
526.3094482421875 21.074359893798828 353.49581909179688 
529.71917724609375 27.650938034057617 362.52822875976562 
528.7899169921875 26.5880126953125 364.17111206054688 
526.47607421875 20.887729644775391 355.8673095703125 
526.61749267578125 20.729122161865234 358.21878051757812 
526.77362060546875 20.851058959960938 360.61758422851562 
527.00262451171875 21.690044403076172 362.757568359375 
527.3701171875 23.213850021362305 364.49740600585938 
527.9923095703125 25.128646850585938 365.64468383789062 
529.93914794921875 28.198383331298828 364.71185302734375 
528.90606689453125 27.052309036254883 366.36996459960938 
530.12213134765625 28.777711868286133 366.84661865234375 
512.063232421875 23.968063354492188 164.86207580566406 
512.5208740234375 23.046480178833008 166.38786315917969 
511.67581176757812 25.334861755371094 163.71955871582031 
511.1522216796875 26.830577850341797 162.38258361816406 
510.53579711914062 28.366096496582031 161.03153991699219 
512.8629150390625 21.707029342651367 167.87113952636719 
509.78045654296875 29.810771942138672 159.75823974609375 
512.96240234375 20.050687789916992 169.0755615234375 
545.926513671875 8.3794126510620117 341.15841674804688 
545.5057373046875 8.6273412704467773 339.04693603515625 
546.43804931640625 8.1606531143188477 343.39566040039062 
547.1043701171875 9.0112733840942383 342.11279296875 
546.5826416015625 9.243351936340332 339.81707763671875 
546.08465576171875 9.4953794479370117 337.53164672851562 
545.21160888671875 9.6300621032714844 334.58889770507812 
546.461181640625 10.904950141906738 335.08917236328125 
545.78253173828125 10.887751579284668 332.7911376953125 
544.48828125 9.728602409362793 332.01815795898438 
545.1253662109375 10.903520584106445 330.49459838867188 
543.87933349609375 9.859619140625 329.61428833007812 
544.49432373046875 10.95087718963623 328.1893310546875 
543.32916259765625 10.023880958557129 327.27398681640625 
543.90966796875 11.073695182800293 325.87753295898438 
542.837890625 10.233716011047363 324.94131469726562 
547.64544677734375 8.806828498840332 344.40228271484375 
547.002197265625 7.9581851959228516 345.69467163085938 
543.42083740234375 11.299776077270508 323.52114868164062 
542.41180419921875 10.444133758544922 322.71939086914062 
541.96002197265625 10.5382080078125 320.7808837890625 
542.9620361328125 11.562758445739746 321.1611328125 
541.9432373046875 10.997245788574219 319.049072265625 
542.6400146484375 12.021030426025391 318.86456298828125 
542.05230712890625 11.719486236572266 317.31411743164062 
541.62841796875 11.76837158203125 315.52789306640625 
542.6031494140625 13.190844535827637 316.8309326171875 
542.02337646484375 13.108145713806152 314.5286865234375 
541.049560546875 11.704122543334961 313.41061401367188 
541.45147705078125 13.045022010803223 312.23373413085938 
540.48297119140625 11.694894790649414 311.1998291015625 
540.89837646484375 13.018125534057617 309.931884765625 
539.98431396484375 11.762046813964844 308.95220947265625 
548.26837158203125 8.6982088088989258 346.64654541015625 
547.56072998046875 7.7587966918945312 347.95089721679688 
540.41754150390625 13.17817497253418 307.63583374023438 
539.533935546875 11.87802791595459 306.75823974609375 
539.91986083984375 13.220346450805664 305.37191772460938 
539.04266357421875 11.864397048950195 304.68896484375 
548.8673095703125 8.5946750640869141 348.90716552734375 
548.09307861328125 7.5579586029052734 350.22207641601562 
549.43731689453125 8.4966192245483398 351.18698120117188 
548.5928955078125 7.3460712432861328 352.49176025390625 
549.98895263671875 8.4243240356445312 353.46160888671875 
549.09893798828125 7.1694674491882324 354.73828125 
550.51007080078125 8.3829364776611328 355.71176147460938 
549.573974609375 7.014777660369873 356.95358276367188 
550.93438720703125 8.2809677124023438 357.96636962890625 
550.00360107421875 6.8702259063720703 359.17971801757812 
551.28955078125 8.1484823226928711 360.22235107421875 
550.38720703125 6.7445816993713379 361.41342163085938 
551.58917236328125 8.0127096176147461 362.4937744140625 
550.75897216796875 6.6388134956359863 363.69113159179688 
551.88812255859375 7.9102787971496582 364.77359008789062 
551.11376953125 6.5391087532043457 365.96493530273438 
552.17181396484375 7.7778348922729492 367.03817749023438 
551.46392822265625 6.3754301071166992 368.21624755859375 
552.4635009765625 7.5800399780273438 369.28683471679688 
551.93017578125 6.2228884696960449 370.46725463867188 
552.89385986328125 7.4887228012084961 371.60748291015625 
552.4515380859375 6.129542350769043 372.71743774414062 
552.91156005859375 6.096189022064209 374.81710815429688 
539.23443603515625 12.707998275756836 303.19207763671875 
538.48138427734375 11.76283073425293 302.55453491210938 
553.35064697265625 7.475562572479248 373.96908569335938 
538.59381103515625 12.458517074584961 300.964599609375 
553.20831298828125 6.1087865829467773 376.39901733398438 
553.75408935546875 7.5291123390197754 376.31732177734375 
524.0321044921875 18.196069717407227 394.19342041015625 
524.3115234375 16.202463150024414 394.09951782226562 
524.20098876953125 16.691160202026367 396.19223022460938 
523.593505859375 19.735929489135742 392.14498901367188 
523.99847412109375 17.627115249633789 392.04345703125 
524.4117431640625 14.614140510559082 396.06536865234375 
524.6629638671875 12.928873062133789 393.9014892578125 
524.516357421875 12.563843727111816 395.90756225585938 
524.5364990234375 14.506194114685059 393.70074462890625 
524.7843017578125 13.355352401733398 391.76370239257812 
524.413330078125 15.492246627807617 391.90264892578125 
523.67364501953125 20.203824996948242 394.29473876953125 
523.91986083984375 18.762788772583008 396.33773803710938 
523.40765380859375 22.147312164306641 394.43002319335938 
523.3790283203125 21.84625244140625 392.27182006835938 
523.49676513671875 20.782119750976562 396.53500366210938 
522.920166015625 26.173444747924805 392.49224853515625 
523.17608642578125 23.987638473510742 392.40060424804688 
522.93670654296875 25.37885856628418 394.66409301757812 
523.1666259765625 23.783252716064453 394.90731811523438 
522.8421630859375 24.887172698974609 396.90365600585938 
523.14208984375 22.780378341674805 396.73800659179688 
532.84893798828125 -6.2548151016235352 391.87710571289062 
533.42901611328125 -5.6855278015136719 390.029296875 
534.89508056640625 -6.7171149253845215 391.03482055664062 
531.53668212890625 -4.7216615676879883 390.55740356445312 
530.674560546875 -5.1247658729553223 392.20587158203125 
531.774658203125 -6.2389016151428223 393.510986328125 
533.5458984375 -7.0559005737304688 393.88931274414062 
535.09674072265625 -7.2071480751037598 392.54214477539062 
536.81243896484375 -6.8288030624389648 390.60769653320312 
535.53741455078125 -6.1930947303771973 389.84310913085938 
537.01458740234375 -7.2546296119689941 391.72116088867188 
530.1558837890625 -5.510714054107666 394.39544677734375 
529.0787353515625 -4.1340551376342773 393.09188842773438 
529.68035888671875 -3.3726708889007568 391.35848999023438 
531.87744140625 -6.6480622291564941 395.73513793945312 
537.9326171875 -6.5336337089538574 389.79302978515625 
538.8331298828125 -7.0575852394104004 390.87872314453125 
527.99609375 -2.5247893333435059 392.81417846679688 
527.93731689453125 -1.4552991390228271 391.78274536132812 
529.64923095703125 -1.9934154748916626 390.04647827148438 
531.1766357421875 -3.2873163223266602 389.53173828125 
532.88079833984375 -4.3580374717712402 388.9852294921875 
534.75146484375 -5.1611828804016113 389.12567138671875 
536.90570068359375 -5.7609724998474121 389.12374877929688 
527.61279296875 -2.9879946708679199 394.1947021484375 
526.46185302734375 -0.77822005748748779 394.18975830078125 
528.4327392578125 -0.42965793609619141 390.30947875976562 
526.7222900390625 0.30144989490509033 392.5361328125 
527.3360595703125 1.2851382493972778 390.60617065429688 
525.68890380859375 1.4249522686004639 394.91036987304688 
525.9808349609375 2.2219390869140625 392.87069702148438 
526.45709228515625 3.1729950904846191 390.87710571289062 
525.26458740234375 3.43660569190979 395.17474365234375 
525.489990234375 4.2760004997253418 393.16876220703125 
525.9852294921875 5.168978214263916 391.1326904296875 
525.00164794921875 5.5006375312805176 395.37762451171875 
525.24169921875 6.3293681144714355 393.41116333007812 
525.6702880859375 7.2296595573425293 391.34600830078125 
524.869873046875 7.5807247161865234 395.56610107421875 
525.10479736328125 8.4425630569458008 393.62661743164062 
525.39801025390625 9.2708988189697266 391.52218627929688 
524.79449462890625 9.6675128936767578 395.744873046875 
524.923095703125 10.698002815246582 393.90206909179688 
535.878173828125 -7.6890931129455566 394.2169189453125 
534.4581298828125 -7.5535244941711426 395.72015380859375 
539.1517333984375 -6.2312440872192383 388.8896484375 
540.2142333984375 -6.6956729888916016 389.94888305664062 
528.5059814453125 -4.3615550994873047 395.3902587890625 
529.6627197265625 -5.2991728782653809 396.68032836914062 
531.03521728515625 -5.9085988998413086 397.865234375 
533.52911376953125 -7.1569762229919434 397.41140747070312 
537.58758544921875 -7.6509246826171875 393.09716796875 
539.2923583984375 -7.4340057373046875 392.10964965820312 
540.96966552734375 -7.0974235534667969 391.170166015625 
541.43658447265625 -6.473024845123291 388.6624755859375 
542.4769287109375 -6.7366313934326172 389.89801025390625 
525.13336181640625 11.31496524810791 391.65252685546875 
543.8218994140625 -6.3256740570068359 388.40386962890625 
541.38153076171875 -7.5471572875976562 394.90728759765625 
542.7930908203125 -7.0363450050354004 393.48117065429688 
543.12054443359375 -7.0199012756347656 395.2109375 
541.12152099609375 -7.4046525955200195 392.88702392578125 
539.5797119140625 -7.7359418869018555 393.76058959960938 
539.6236572265625 -7.8574490547180176 395.44979858398438 
537.80767822265625 -7.8816461563110352 394.56478881835938 
538.01068115234375 -7.9609174728393555 395.97369384765625 
542.5267333984375 -6.7780194282531738 391.7479248046875 
544.12945556640625 -6.2890510559082031 392.24050903320312 
544.33221435546875 -6.4340710639953613 394.20355224609375 
536.2520751953125 -7.8631610870361328 395.74972534179688 
537.24322509765625 -7.8434305191040039 397.08938598632812 
539.1339111328125 -7.7865610122680664 397.03994750976562 
540.81304931640625 -7.5603194236755371 396.83709716796875 
543.98004150390625 -6.2593245506286621 390.29244995117188 
535.36041259765625 -7.6404342651367188 397.20095825195312 
542.4835205078125 -7.1231918334960938 396.7974853515625 
544.48480224609375 -6.3473577499389648 396.16458129882812 
544.45501708984375 -5.8229537010192871 398.01123046875 
547.15606689453125 10.960001945495605 337.45236206054688 
541.074951171875 -4.1330838203430176 382.2713623046875 
543.62188720703125 -4.5586504936218262 382.95599365234375 
542.051025390625 -5.1706662178039551 383.79776000976562 
545.5838623046875 -4.3663272857666016 383.5711669921875 
544.41351318359375 -5.2779717445373535 385.00442504882812 
541.391845703125 -5.915837287902832 385.31143188476562 
539.72735595703125 -4.9531316757202148 383.75048828125 
543.273193359375 -5.8680076599121094 386.58187866210938 
540.357666015625 -6.0896811485290527 386.82568359375 
538.34771728515625 -5.5320296287536621 385.31240844726562 
537.63275146484375 -5.6894083023071289 387.08956909179688 
536.7119140625 -5.3271632194519043 386.36843872070312 
535.0714111328125 -4.7293291091918945 387.32492065429688 
526.9432373046875 25.85542106628418 378.1361083984375 
527.530517578125 28.356985092163086 378.48663330078125 
527.57269287109375 26.992774963378906 376.35009765625 
527.00048828125 24.547826766967773 376.137939453125 
530.6878662109375 5.857879638671875 374.778564453125 
531.27618408203125 4.4743285179138184 376.84619140625 
530.00390625 6.5454115867614746 376.87799072265625 
529.53582763671875 7.9957242012023926 374.8603515625 
526.5682373046875 23.37652587890625 378.14630126953125 
526.44024658203125 20.938558578491211 378.30929565429688 
526.16827392578125 22.536947250366211 380.24044799804688 
526.3826904296875 24.69622802734375 380.00311279296875 
526.562255859375 17.040765762329102 359.27944946289062 
526.75299072265625 17.322099685668945 362.2269287109375 
526.55462646484375 18.891075134277344 359.966796875 
526.3270263671875 18.535905838012695 357.01913452148438 
526.7265625 22.188108444213867 376.04702758789062 
526.7015380859375 19.999702453613281 375.86758422851562 
529.139404296875 9.6284017562866211 368.8638916015625 
529.7381591796875 8.2133398056030273 370.81033325195312 
528.7950439453125 10.43297290802002 370.7294921875 
530.0361328125 7.8391046524047852 368.82647705078125 
529.56524658203125 8.7971620559692383 366.81405639648438 
528.7203369140625 10.61259651184082 366.98394775390625 
528.28631591796875 11.888246536254883 368.70733642578125 
528.81756591796875 10.280253410339355 364.77273559570312 
528.014892578125 12.522439956665039 366.28955078125 
527.60174560546875 14.232163429260254 368.31570434570312 
527.992431640625 12.878606796264648 370.66336059570312 
528.4564208984375 11.210749626159668 372.535400390625 
529.20819091796875 9.1270046234130859 372.86990356445312 
530.253662109375 6.9913949966430664 372.64865112304688 
530.94378662109375 6.3052463531494141 370.16995239257812 
530.7080078125 6.9441752433776855 367.44149780273438 
530.0745849609375 7.9900679588317871 365.15859985351562 
529.54754638671875 8.8364143371582031 363.07168579101562 
528.47174072265625 10.82993221282959 362.4453125 
527.84600830078125 12.690383911132812 363.9732666015625 
527.388427734375 14.733487129211426 365.8017578125 
527.10986328125 16.773065567016602 367.848388671875 
527.0084228515625 16.581016540527344 364.82586669921875 
527.18084716796875 14.923579216003418 363.11416625976562 
527.6019287109375 12.975983619689941 361.60430908203125 
529.14422607421875 9.3956842422485352 360.78396606445312 
528.1556396484375 11.234306335449219 360.10470581054688 
526.946533203125 15.235738754272461 360.8074951171875 
527.3553466796875 13.224001884460449 359.37167358398438 
526.80303955078125 15.086823463439941 358.64886474609375 
526.87335205078125 18.512947082519531 365.29458618164062 
526.75714111328125 19.531455993652344 362.8494873046875 
526.9891357421875 13.812559127807617 357.09869384765625 
526.4617919921875 16.155221939086914 356.87750244140625 
527.7716064453125 11.750301361083984 357.79498291015625 
528.71868896484375 9.9080791473388672 358.46307373046875 
527.31317138671875 12.450728416442871 355.62982177734375 
526.59967041015625 14.541947364807129 355.0379638671875 
526.18792724609375 16.747140884399414 354.77764892578125 
528.25030517578125 10.475536346435547 356.16372680664062 
527.703857421875 11.246617317199707 354.21682739257812 
526.91375732421875 12.968938827514648 353.40435791015625 
526.28228759765625 14.944045066833496 352.83026123046875 
529.82647705078125 8.3031082153320312 358.98837280273438 
529.28582763671875 8.8833446502685547 356.61874389648438 
526.10357666015625 18.897165298461914 354.37628173828125 
525.9261474609375 17.017110824584961 352.41793823242188 
528.60589599609375 9.6296405792236328 353.99969482421875 
527.4942626953125 11.297246932983398 352.14962768554688 
526.622314453125 13.158102035522461 351.1798095703125 
525.9840087890625 15.185721397399902 350.53009033203125 
530.3062744140625 7.7441034317016602 361.27386474609375 
530.80999755859375 7.0812110900878906 363.43917846679688 
531.39654541015625 6.2741107940673828 365.601318359375 
527.418212890625 15.217101097106934 370.55331420898438 
527.871826171875 13.138378143310547 372.968017578125 
531.89678955078125 5.5006122589111328 367.97998046875 
528.528564453125 10.619609832763672 374.83456420898438 
531.463623046875 5.271263599395752 372.4359130859375 
532.3486328125 4.7264904975891113 370.19650268554688 
528.96990966796875 8.8990268707275391 376.88174438476562 
532.03680419921875 4.1359367370605469 374.58343505859375 
532.97479248046875 3.7736775875091553 372.31082153320312 
526.93121337890625 19.206605911254883 368.12615966796875 
527.04437255859375 17.614429473876953 370.72125244140625 
527.3724365234375 15.298192977905273 373.043701171875 
527.76995849609375 13.153896331787109 375.23977661132812 
528.14959716796875 11.314838409423828 377.14877319335938 
527.06005859375 17.066858291625977 373.58316040039062 
527.2508544921875 15.406938552856445 375.61990356445312 
527.4915771484375 13.682270050048828 377.59542846679688 
526.9205322265625 20.091407775878906 370.81610107421875 
526.888916015625 19.039272308349609 373.24191284179688 
530.490234375 5.0820903778076172 378.80795288085938 
529.35333251953125 7.3492617607116699 378.85617065429688 
528.47479248046875 9.6748008728027344 379.01678466796875 
527.73046875 12.038488388061523 379.48992919921875 
526.86724853515625 17.777603149414062 375.79986572265625 
526.9652099609375 16.096729278564453 377.86734008789062 
527.130615234375 14.326858520507812 379.87478637695312 
526.86395263671875 21.184144973754883 373.49945068359375 
526.60479736328125 18.53776741027832 378.03067016601562 
526.64422607421875 16.685323715209961 380.021484375 
526.6824951171875 15.075385093688965 382.02484130859375 
527.24224853515625 12.750622749328613 381.88558959960938 
527.96246337890625 10.450177192687988 381.08251953125 
528.69921875 8.2248325347900391 380.85128784179688 
529.58880615234375 6.0688800811767578 380.71954345703125 
531.950439453125 2.9678139686584473 378.85171508789062 
530.7159423828125 3.9951393604278564 380.6795654296875 
532.7894287109375 2.816946268081665 376.58615112304688 
533.71673583984375 2.7054281234741211 374.33193969726562 
527.53948974609375 10.856980323791504 382.95022583007812 
528.08544921875 8.9762592315673828 382.80364990234375 
528.7623291015625 7.013641357421875 382.65548706054688 
529.60791015625 5.0541625022888184 382.5089111328125 
530.6072998046875 3.1355161666870117 382.630615234375 
531.8231201171875 2.2029469013214111 381.10177612304688 
534.63726806640625 1.5088437795639038 376.17822265625 
533.75958251953125 1.387856125831604 378.2330322265625 
533.24053955078125 1.0725877285003662 380.12744140625 
532.8653564453125 0.51744073629379272 382.01910400390625 
531.680908203125 1.2326811552047729 383.13711547851562 
530.3623046875 2.2758350372314453 384.35430908203125 
529.39862060546875 4.1891388893127441 384.25704956054688 
528.601806640625 6.0557131767272949 384.4007568359375 
527.94842529296875 7.957974910736084 384.57943725585938 
527.406982421875 9.9078731536865234 384.69412231445312 
526.9893798828125 11.975573539733887 384.36227416992188 
526.5960693359375 13.894630432128906 384.03976440429688 
526.31024169921875 18.926418304443359 380.18966674804688 
526.2259521484375 17.313133239746094 382.1697998046875 
526.1011962890625 15.968338012695312 384.10321044921875 
526.09442138671875 20.727136611938477 380.71987915039062 
525.87615966796875 19.405038833618164 382.47036743164062 
525.65216064453125 18.04688835144043 384.2056884765625 
526.9630126953125 20.873683929443359 365.63882446289062 
527.03265380859375 21.525970458984375 368.6290283203125 
527.07672119140625 22.389938354492188 371.31497192382812 
527.04656982421875 23.402772903442383 373.88726806640625 
525.67962646484375 21.59895133972168 382.62051391601562 
525.8739013671875 23.749549865722656 381.90756225585938 
529.0548095703125 3.3058309555053711 385.87490844726562 
528.29254150390625 5.0987968444824219 386.07196044921875 
527.66387939453125 6.9656071662902832 386.27542114257812 
527.15704345703125 8.9073266983032227 386.4114990234375 
526.740478515625 10.921645164489746 386.36019897460938 
526.35028076171875 12.902191162109375 386.20867919921875 
525.9193115234375 14.842221260070801 386.11471557617188 
525.3267822265625 20.111562728881836 384.3717041015625 
525.42633056640625 16.860029220581055 386.1309814453125 
524.9776611328125 18.884698867797852 386.21115112304688 
525.40313720703125 23.230871200561523 383.667724609375 
525.06890869140625 22.01472282409668 384.86453247070312 
524.64971923828125 20.887718200683594 386.46054077148438 
529.96142578125 8.0144281387329102 355.03268432617188 
530.66644287109375 7.3443078994750977 357.20944213867188 
531.178955078125 6.8486042022705078 359.3896484375 
531.697021484375 6.303619384765625 361.57980346679688 
532.27587890625 5.6464881896972656 363.70303344726562 
532.89984130859375 4.9197564125061035 365.8875732421875 
533.52294921875 4.184596061706543 368.05914306640625 
534.153076171875 3.4161789417266846 370.14495849609375 
534.89453125 2.5565118789672852 372.1510009765625 
535.75018310546875 1.6019891500473022 374.07803344726562 
529.9666748046875 1.4763919115066528 385.88104248046875 
531.41619873046875 0.3129996657371521 384.77688598632812 
533.03369140625 -0.75988084077835083 383.72344970703125 
534.26812744140625 -0.61573344469070435 381.714599609375 
534.981201171875 -0.17999626696109772 379.80462646484375 
535.743408203125 0.22178921103477478 377.8966064453125 
536.76654052734375 0.54598665237426758 375.93756103515625 
527.33758544921875 23.18958854675293 366.98248291015625 
527.4334716796875 23.883857727050781 369.4779052734375 
527.49359130859375 24.732273101806641 371.91256713867188 
527.5250244140625 25.765434265136719 374.21884155273438 
526.69830322265625 26.813840866088867 380.11215209960938 
528.38555908203125 29.248542785644531 376.57748413085938 
528.33831787109375 28.082426071166992 374.49960327148438 
528.24139404296875 27.05903434753418 372.37252807617188 
528.1497802734375 26.201482772827148 370.16580200195312 
528.02294921875 25.475780487060547 367.90194702148438 
528.59393310546875 2.3228063583374023 387.35894775390625 
527.85491943359375 4.0512943267822266 387.53659057617188 
527.260498046875 5.874636173248291 387.7730712890625 
526.7845458984375 7.8068418502807617 387.984375 
526.39642333984375 9.8045625686645508 388.070556640625 
526.038330078125 11.790770530700684 388.07040405273438 
525.64111328125 13.764102935791016 388.05111694335938 
525.182373046875 15.739230155944824 388.08212280273438 
526.048583984375 25.786596298217773 381.92868041992188 
525.45220947265625 25.025856018066406 383.7183837890625 
524.890869140625 24.063573837280273 385.36444091796875 
524.395263671875 22.968599319458008 386.76193237304688 
524.69232177734375 17.759714126586914 388.14352416992188 
524.2601318359375 19.808780670166016 388.25387573242188 
523.97821044921875 21.885257720947266 388.45867919921875 
526.94476318359375 28.606283187866211 380.67514038085938 
526.23583984375 27.750411987304688 382.24624633789062 
525.55023193359375 26.912166595458984 383.88265991210938 
524.8770751953125 26.058210372924805 385.52371215820312 
524.252685546875 25.114845275878906 387.09030151367188 
523.75885009765625 24.051855087280273 388.68206787109375 
529.40167236328125 0.71644997596740723 387.35806274414062 
530.68951416015625 -0.38050544261932373 386.5576171875 
532.1805419921875 -1.4887057542800903 385.739013671875 
528.433837890625 30.605413436889648 378.52194213867188 
527.55902099609375 30.2479248046875 380.39901733398438 
526.60345458984375 29.792354583740234 382.41928100585938 
525.75341796875 28.928955078125 384.04510498046875 
524.95526123046875 28.024078369140625 385.58694458007812 
533.77093505859375 -2.4160826206207275 384.922607421875 
534.84259033203125 -1.9453918933868408 383.09698486328125 
524.20458984375 27.207725524902344 387.27108764648438 
523.570556640625 26.295894622802734 388.9168701171875 
523.244140625 25.181449890136719 390.61172485351562 
523.47216796875 22.964588165283203 390.454345703125 
523.651123046875 20.810636520385742 390.2554931640625 
524.0208740234375 18.720985412597656 390.14419555664062 
524.4786376953125 16.640666961669922 390.047607421875 
524.9171142578125 14.593230247497559 389.93252563476562 
525.32763671875 12.578821182250977 389.8388671875 
525.6800537109375 10.548406600952148 389.81121826171875 
525.99853515625 8.529627799987793 389.7139892578125 
526.35784912109375 6.5105142593383789 389.5283203125 
526.812744140625 4.5635442733764648 389.27166748046875 
527.43609619140625 2.6815476417541504 389.022216796875 
528.323486328125 0.87739646434783936 388.88790893554688 
529.58251953125 -0.77939313650131226 388.4901123046875 
531.1055908203125 -2.0497980117797852 387.87603759765625 
532.8819580078125 -3.2530558109283447 387.21646118164062 
534.7525634765625 -3.8822169303894043 385.83987426757812 
535.63616943359375 -3.2715444564819336 384.103759765625 
529.3834228515625 8.5373744964599609 352.60000610351562 
528.2000732421875 9.9468202590942383 351.2718505859375 
527.142333984375 11.583800315856934 349.73794555664062 
525.87640380859375 19.163606643676758 351.89950561523438 
525.6546630859375 17.321163177490234 350.03945922851562 
526.30078125 13.411152839660645 348.92098999023438 
525.656494140625 15.545893669128418 348.24295043945312 
525.9354248046875 13.834446907043457 346.92431640625 
526.78265380859375 11.792238235473633 347.12106323242188 
527.88165283203125 10.14814567565918 348.77444458007812 
529.12017822265625 8.70111083984375 350.20709228515625 
536.0623779296875 -1.6177771091461182 381.3218994140625 
536.95062255859375 -1.1050485372543335 379.51531982421875 
537.90106201171875 -0.57907307147979736 377.70657348632812 
528.99298095703125 8.7183675765991211 348.0003662109375 
527.7744140625 10.039319038391113 346.48663330078125 
526.917236328125 11.077062606811523 344.620849609375 
525.96551513671875 13.134593963623047 344.99578857421875 
525.3494873046875 15.586149215698242 345.68209838867188 
525.36859130859375 17.572175979614258 347.63848876953125 
525.63812255859375 19.378650665283203 349.47720336914062 
527.20184326171875 31.655536651611328 382.3599853515625 
528.35888671875 32.147495269775391 380.49490356445312 
529.53363037109375 32.593067169189453 378.7357177734375 
529.5162353515625 31.316287994384766 376.78656005859375 
529.43157958984375 30.195270538330078 374.81158447265625 
529.30145263671875 29.206304550170898 372.74313354492188 
529.1912841796875 28.377843856811523 370.63330078125 
529.04058837890625 27.645606994628906 368.50958251953125 
536.83758544921875 -2.876154899597168 382.56375122070312 
536.544677734375 -4.5000958442687988 385.00921630859375 
537.74151611328125 -4.2101163864135742 383.76239013671875 
538.0103759765625 -2.3656215667724609 380.96896362304688 
538.93389892578125 -3.6397514343261719 382.32070922851562 
539.0723876953125 -1.7365310192108154 379.32839965820312 
529.4185791015625 34.021038055419922 380.69821166992188 
527.99786376953125 33.543857574462891 382.38668823242188 
526.072509765625 30.998926162719727 384.20462036132812 
526.59429931640625 32.898674011230469 384.19949340820312 
540.184326171875 -2.9348206520080566 380.84423828125 
528.97418212890625 8.6339874267578125 345.9951171875 
528.20758056640625 9.3020954132080078 344.206298828125 
526.08441162109375 12.283346176147461 342.85617065429688 
527.36767578125 10.081158638000488 342.17340087890625 
526.098876953125 11.783865928649902 340.72369384765625 
527.13409423828125 10.068774223327637 339.67074584960938 
525.94879150390625 11.577363014221191 338.408935546875 
526.83807373046875 10.104358673095703 337.1334228515625 
525.6795654296875 11.539716720581055 335.96038818359375 
526.52880859375 10.141189575195312 334.64788818359375 
525.33154296875 11.633045196533203 333.5762939453125 
526.1939697265625 10.198074340820312 332.2381591796875 
524.9805908203125 11.717887878417969 331.24774169921875 
525.8450927734375 10.258574485778809 329.86920166015625 
524.6241455078125 11.802355766296387 328.94720458984375 
525.48907470703125 10.30827522277832 327.548095703125 
524.27154541015625 11.853617668151855 326.65960693359375 
525.1204833984375 10.369574546813965 325.22357177734375 
523.92279052734375 11.883114814758301 324.37594604492188 
524.73992919921875 10.421722412109375 322.83828735351562 
523.58709716796875 11.883829116821289 322.11300659179688 
524.3475341796875 10.451343536376953 320.29025268554688 
523.1654052734375 12.061543464660645 320.02752685546875 
523.44580078125 11.142070770263672 318.01336669921875 
522.61492919921875 12.505400657653809 318.06503295898438 
524.420654296875 9.9594841003417969 317.54962158203125 
523.36639404296875 10.741948127746582 315.48355102539062 
522.48291015625 12.165063858032227 316.090576171875 
527.36273193359375 34.716560363769531 384.14120483398438 
529.10040283203125 35.494571685791016 382.58148193359375 
525.10162353515625 17.989362716674805 345.53262329101562 
525.4205322265625 19.808076858520508 347.17486572265625 
528.15814208984375 36.401260375976562 384.34616088867188 
525.2645263671875 14.677883148193359 343.29147338867188 
524.9517822265625 16.617399215698242 343.58767700195312 
524.87237548828125 18.642463684082031 343.5296630859375 
525.26556396484375 20.343145370483398 345.09283447265625 
522.364013671875 11.792609214782715 313.9591064453125 
522.1507568359375 11.607870101928711 311.84976196289062 
525.20306396484375 14.052028656005859 341.24676513671875 
525.13446044921875 13.523930549621582 339.16262817382812 
525.02386474609375 13.12908935546875 337.02499389648438 
529.30560302734375 37.4786376953125 384.09320068359375 
530.59075927734375 37.236740112304688 382.74612426757812 
530.77667236328125 35.683223724365234 380.93795776367188 
530.86578369140625 34.301898956298828 379.06216430664062 
530.88189697265625 33.118328094482422 377.16265869140625 
530.81695556640625 32.070289611816406 375.21685791015625 
530.6693115234375 31.100667953491211 373.2139892578125 
525.12396240234375 29.992263793945312 385.69125366210938 
524.2447509765625 29.098737716674805 387.13931274414062 
523.46832275390625 28.542987823486328 389.01486206054688 
523.02484130859375 27.550655364990234 390.82882690429688 
524.68865966796875 13.240703582763672 334.78335571289062 
524.34173583984375 13.358469009399414 332.53073120117188 
523.99560546875 13.448931694030762 330.28518676757812 
523.6502685546875 13.519648551940918 328.05569458007812 
523.31231689453125 13.56682300567627 325.82757568359375 
522.9708251953125 13.607324600219727 323.59857177734375 
522.62579345703125 13.63525390625 321.37283325195312 
522.269287109375 13.66859245300293 319.14996337890625 
521.9014892578125 13.712002754211426 316.95346069335938 
521.6180419921875 13.531159400939941 314.79190063476562 
521.4466552734375 13.097136497497559 312.650634765625 
530.51202392578125 30.275131225585938 371.125732421875 
530.33905029296875 29.502691268920898 368.996826171875 
525.3516845703125 32.205066680908203 385.85894775390625 
525.97491455078125 34.314907073974609 385.76321411132812 
527.0233154296875 36.351486206054688 385.57986450195312 
521.82904052734375 11.59529972076416 309.85150146484375 
525.03680419921875 20.515434265136719 342.97506713867188 
521.177978515625 12.906322479248047 310.46401977539062 
528.36016845703125 38.153892517089844 385.50067138671875 
521.0560302734375 12.446869850158691 308.3258056640625 
530.3353271484375 38.832851409912109 384.58114624023438 
529.1995849609375 39.23541259765625 385.895263671875 
530.1195068359375 40.163459777832031 386.41415405273438 
553.06927490234375 4.7762546539306641 380.9027099609375 
552.461669921875 3.8874444961547852 378.55816650390625 
553.2353515625 5.5064563751220703 378.76907348632812 
553.764892578125 6.6958885192871094 380.87551879882812 
553.48150634765625 6.3269658088684082 383.09136962890625 
552.07421875 2.7499122619628906 380.11416625976562 
552.39910888671875 3.3139944076538086 381.98779296875 
551.57061767578125 1.6754246950149536 381.90966796875 
551.833251953125 2.5868186950683594 383.8699951171875 
552.75811767578125 4.543907642364502 383.482666015625 
554.3065185546875 8.5953493118286133 380.62911987304688 
554.1016845703125 8.2756938934326172 382.89883422851562 
553.88604736328125 7.2533402442932129 378.65167236328125 
551.3992919921875 2.3825042247772217 378.064697265625 
550.7423095703125 0.9088294506072998 379.88848876953125 
550.6893310546875 0.20027166604995728 382.18304443359375 
550.89862060546875 0.7372397780418396 384.02020263671875 
549.70904541015625 -0.7568594217300415 381.25686645507812 
549.82977294921875 -1.0815037488937378 383.8193359375 
548.66717529296875 -2.1607983112335205 382.55694580078125 
548.38214111328125 -2.7107548713684082 384.44503784179688 
554.33502197265625 9.0728359222412109 378.32373046875 
547.32537841796875 -3.4481327533721924 383.54193115234375 
546.448486328125 -4.2313213348388672 384.85885620117188 
547.34393310546875 -3.5157828330993652 386.00265502929688 
548.814208984375 -1.9017893075942993 385.83892822265625 
554.6943359375 10.472076416015625 380.36181640625 
554.54644775390625 10.180527687072754 382.5208740234375 
554.7138671875 11.146580696105957 378.2154541015625 
554.30426025390625 9.689326286315918 376.20758056640625 
549.98895263671875 -0.11296994239091873 385.89627075195312 
551.0159912109375 1.7900403738021851 385.80538940429688 
551.956787109375 3.7704646587371826 385.60458374023438 
552.81585693359375 5.8553371429443359 385.44259643554688 
553.57861328125 7.999138355255127 385.16802978515625 
545.461669921875 -4.856112003326416 386.2738037109375 
554.22589111328125 10.186733245849609 384.72482299804688 
554.6043701171875 11.936287879943848 376.11532592773438 
536.845458984375 37.746608734130859 401.07955932617188 
538.59320068359375 39.701622009277344 400.21243286132812 
536.90313720703125 39.670494079589844 400.18048095703125 
538.88800048828125 37.571590423583984 401.19573974609375 
540.37139892578125 39.594852447509766 400.2374267578125 
541.015869140625 37.514568328857422 401.20571899414062 
542.18115234375 39.418846130371094 400.18533325195312 
543.1832275390625 37.358463287353516 401.16677856445312 
535.01629638671875 38.532608032226562 400.64266967773438 
546.186279296875 38.394733428955078 399.83523559570312 
546.9144287109375 36.015205383300781 401.28079223632812 
547.9979248046875 37.384941101074219 399.71536254882812 
545.02923583984375 36.717227935791016 401.27279663085938 
544.2276611328125 39.063762664794922 400.0177001953125 
548.83502197265625 35.248157501220703 401.08074951171875 
537.13433837890625 40.775157928466797 399.38665771484375 
539.14056396484375 40.886608123779297 399.3048095703125 
537.6640625 41.841148376464844 398.16293334960938 
539.7857666015625 41.828517913818359 397.9813232421875 
535.626708984375 41.455650329589844 398.4666748046875 
535.19293212890625 40.080970764160156 399.7564697265625 
541.1708984375 40.737499237060547 399.21005249023438 
541.9888916015625 41.474025726318359 397.79763793945312 
543.31524658203125 40.348121643066406 399.02731323242188 
544.1812744140625 40.769405364990234 397.51889038085938 
533.82928466796875 40.804141998291016 398.79193115234375 
533.37554931640625 39.190223693847656 400.0625 
532.24456787109375 40.086875915527344 399.01138305664062 
531.26861572265625 38.618812561035156 399.95156860351562 
528.0694580078125 36.398708343505859 400.0888671875 
529.81866455078125 35.061790466308594 401.49954223632812 
529.65509033203125 37.490100860595703 400.15347290039062 
527.93365478515625 34.805316925048828 401.02651977539062 
531.5596923828125 36.319103240966797 401.23431396484375 
533.28631591796875 37.457954406738281 400.94589233398438 
526.510986328125 34.857761383056641 400.06588745117188 
528.3204345703125 33.448966979980469 401.8585205078125 
526.71441650390625 33.196834564208984 401.28155517578125 
542.84716796875 41.614246368408203 396.15447998046875 
540.56463623046875 42.237430572509766 396.40060424804688 
538.27459716796875 42.435146331787109 396.67007446289062 
536.03369140625 42.265697479248047 396.94442749023438 
534.12255859375 41.850837707519531 397.19680786132812 
532.35736083984375 41.202850341796875 397.4638671875 
530.83441162109375 40.295269012451172 397.81317138671875 
529.23602294921875 39.101470947265625 398.10830688476562 
527.716552734375 37.7032470703125 398.314697265625 
526.340576171875 36.103111267089844 398.53237915039062 
545.47509765625 39.681236267089844 398.610107421875 
525.1971435546875 34.262229919433594 398.85275268554688 
525.39654541015625 32.998222351074219 400.37493896484375 
544.9617919921875 40.561485290527344 395.98220825195312 
546.2918701171875 39.723751068115234 396.75274658203125 
547.4744873046875 38.828948974609375 397.6798095703125 
527.08599853515625 31.47681999206543 402.22811889648438 
525.69708251953125 31.310092926025391 401.53585815429688 
526.11810302734375 29.318073272705078 402.4111328125 
528.78448486328125 39.868629455566406 387.87420654296875 
527.739013671875 38.782382965087891 387.410400390625 
525.7281494140625 36.687820434570312 388.86614990234375 
526.62548828125 38.051887512207031 389.21212768554688 
526.866943359375 37.55572509765625 387.18130493164062 
526.07464599609375 37.341640472412109 391.01809692382812 
527.45220947265625 38.673023223876953 390.96572875976562 
528.8118896484375 39.943695068359375 389.88299560546875 
529.9920654296875 40.730609893798828 388.36968994140625 
527.67926025390625 39.175132751464844 389.1300048828125 
528.82293701171875 39.583316802978516 391.79373168945312 
530.218505859375 40.85565185546875 390.262939453125 
528.891357421875 39.405048370361328 393.61019897460938 
530.4974365234375 40.758316040039062 392.14797973632812 
527.17510986328125 38.123699188232422 394.92425537109375 
528.8756103515625 39.473377227783203 395.32620239257812 
527.072509765625 38.118671417236328 392.93142700195312 
530.64703369140625 40.579750061035156 395.9771728515625 
529.02581787109375 39.390815734863281 396.93069458007812 
530.67816162109375 40.604034423828125 394.11724853515625 
525.8494873046875 36.336772918701172 396.76690673828125 
525.73138427734375 36.510395050048828 394.7413330078125 
524.7039794921875 34.506069183349609 396.73410034179688 
527.3153076171875 37.983310699462891 396.75088500976562 
524.5491943359375 34.956378936767578 392.33392333984375 
525.53094482421875 36.440032958984375 392.73492431640625 
524.9505615234375 35.739250183105469 390.5357666015625 
524.60052490234375 34.633449554443359 394.50115966796875 
523.2113037109375 30.574317932128906 396.3837890625 
523.5528564453125 31.214828491210938 398.11083984375 
523.97564697265625 32.808383941650391 395.9954833984375 
524.07049560546875 32.957618713378906 393.20220947265625 
523.614013671875 31.475799560546875 394.60879516601562 
523.5418701171875 29.648723602294922 399.65771484375 
524.35394287109375 31.396724700927734 400.04611206054688 
524.7120361328125 29.619709014892578 401.31915283203125 
523.97308349609375 28.024772644042969 400.8148193359375 
523.0142822265625 29.029201507568359 398.06344604492188 
523.20306396484375 27.329460144042969 399.51986694335938 
524.28131103515625 32.902263641357422 398.377685546875 
522.90191650390625 28.439226150512695 396.25927734375 
522.81622314453125 26.79417610168457 397.86856079101562 
522.79949951171875 26.562711715698242 396.0189208984375 
523.12481689453125 29.533649444580078 394.5064697265625 
522.88616943359375 27.403507232666016 394.27926635742188 
523.44775390625 30.778619766235352 392.76406860351562 
522.97430419921875 28.544349670410156 392.64178466796875 
523.67926025390625 31.847238540649414 390.99325561523438 
523.24822998046875 29.731163024902344 390.86923217773438 
523.73883056640625 30.597446441650391 388.984619140625 
524.19036865234375 33.754001617431641 390.88177490234375 
524.1285400390625 32.672378540039062 388.99642944335938 
524.48480224609375 31.305845260620117 387.240478515625 
524.91546630859375 33.530193328857422 387.2982177734375 
524.740478515625 34.730426788330078 388.96139526367188 
525.73199462890625 35.643917083740234 387.25225830078125 
523.27557373046875 25.089574813842773 399.316162109375 
524.06524658203125 26.087551116943359 400.932373046875 
525.10174560546875 27.50956916809082 401.96713256835938 
540.9365234375 -2.4479320049285889 402.0401611328125 
540.40972900390625 -4.7047743797302246 401.0225830078125 
542.625 -3.2865095138549805 401.34909057617188 
543.3165283203125 -1.0092648267745972 402.10818481445312 
539.53424072265625 15.943013191223145 407.23721313476562 
539.46923828125 13.476078987121582 406.86651611328125 
541.55096435546875 14.97613525390625 406.44955444335938 
541.3409423828125 17.706745147705078 407.01828002929688 
529.27203369140625 20.67474365234375 405.35626220703125 
530.27313232421875 18.601474761962891 406.31561279296875 
531.03546142578125 21.195898056030273 406.33389282226562 
530.06134033203125 23.34971809387207 405.40408325195312 
530.11761474609375 0.79248958826065063 402.6722412109375 
528.82391357421875 -0.82122725248336792 401.33175659179688 
531.51141357421875 -0.9075285792350769 402.42877197265625 
533.08099365234375 1.0520285367965698 403.36672973632812 
544.20404052734375 1.3271307945251465 402.58059692382812 
541.4884033203125 -0.23338672518730164 402.68533325195312 
545.3404541015625 19.476667404174805 406.077392578125 
543.53167724609375 17.088342666625977 406.19500732421875 
546.12152099609375 17.49553108215332 405.42062377929688 
547.782958984375 19.375881195068359 405.22140502929688 
546.73187255859375 23.385587692260742 405.74072265625 
548.779296875 24.90690803527832 404.90655517578125 
546.14691162109375 25.247188568115234 405.49578857421875 
544.0052490234375 23.766864776611328 406.32244873046875 
538.070068359375 20.739946365356445 407.86505126953125 
539.7373046875 22.434961318969727 407.52114868164062 
536.91741943359375 22.774633407592773 407.68820190429688 
540.70013427734375 20.27459716796875 407.48104858398438 
539.08624267578125 18.487333297729492 407.68408203125 
543.0389404296875 19.740991592407227 406.81088256835938 
542.2742919921875 22.132680892944336 407.0421142578125 
538.5831298828125 24.123615264892578 407.23846435546875 
541.1826171875 24.414583206176758 406.71151733398438 
544.78515625 21.667922973632812 406.40219116210938 
545.12261962890625 15.484472274780273 405.27761840820312 
543.359130859375 14.088601112365723 405.59500122070312 
537.60015869140625 16.858371734619141 407.69741821289062 
537.35009765625 14.636372566223145 407.48870849609375 
541.4317626953125 12.072285652160645 405.91598510742188 
536.547119140625 18.889350891113281 407.87576293945312 
535.55908203125 16.519523620605469 407.736083984375 
535.38922119140625 21.10197639465332 407.76654052734375 
534.24627685546875 19.005710601806641 407.63406372070312 
538.60699462890625 25.876880645751953 406.43331909179688 
536.1405029296875 24.92674446105957 406.98828125 
534.42132568359375 23.317264556884766 407.29367065429688 
533.07061767578125 21.368499755859375 407.21026611328125 
537.053466796875 12.497811317443848 407.1021728515625 
538.9678955078125 11.257536888122559 406.44943237304688 
534.93939208984375 14.146283149719238 407.48519897460938 
533.52838134765625 16.619880676269531 407.53475952148438 
532.20220947265625 19.100015640258789 407.08944702148438 
531.48809814453125 16.886983871459961 406.9912109375 
532.28631591796875 14.79258918762207 407.17062377929688 
533.16204833984375 12.861278533935547 407.02999877929688 
534.9052734375 11.621349334716797 406.90963745117188 
536.6124267578125 10.163793563842773 406.47369384765625 
531.0150146484375 13.050071716308594 406.576171875 
532.54302978515625 10.90152645111084 406.44732666015625 
534.3585205078125 9.270503044128418 406.1685791015625 
529.91845703125 15.646926879882812 406.3677978515625 
529.24737548828125 13.134793281555176 405.88912963867188 
530.42138671875 10.817842483520508 405.90426635742188 
531.86981201171875 8.780517578125 405.68994140625 
538.24072265625 9.0422353744506836 405.88076782226562 
536.27838134765625 7.6186680793762207 405.61614990234375 
533.5157470703125 7.1548032760620117 405.40646362304688 
529.7100830078125 8.5759067535400391 405.05276489257812 
531.09088134765625 6.6080279350280762 404.83502197265625 
528.635498046875 10.832789421081543 405.192626953125 
540.348876953125 9.4941806793212891 405.57809448242188 
538.8790283203125 7.1432480812072754 405.15939331054688 
537.21771240234375 5.202580451965332 404.7423095703125 
534.970947265625 5.5788655281066895 404.93844604492188 
532.67889404296875 4.7920317649841309 404.52188110351562 
543.97027587890625 11.682886123657227 404.8818359375 
542.43792724609375 9.6622743606567383 405.00729370117188 
541.2447509765625 7.3163390159606934 404.72268676757812 
539.77032470703125 5.1194939613342285 404.41696166992188 
534.795654296875 3.240276575088501 404.17645263671875 
537.90936279296875 3.0961263179779053 404.052734375 
528.689208984375 17.946054458618164 405.39279174804688 
528.22747802734375 15.420989990234375 405.3077392578125 
527.6531982421875 13.06840705871582 404.8756103515625 
527.080810546875 10.932279586791992 404.18475341796875 
527.8785400390625 8.7076091766357422 404.25143432617188 
528.858642578125 6.5481767654418945 404.09951782226562 
530.09539794921875 4.5381722450256348 403.89846801757812 
531.6646728515625 2.7155799865722656 403.67922973632812 
526.7645263671875 15.005292892456055 403.96786499023438 
526.2606201171875 12.893680572509766 403.48928833007812 
525.84100341796875 11.08271598815918 402.895263671875 
526.296630859375 9.1143131256103516 403.08981323242188 
526.945556640625 6.9392886161804199 403.10723876953125 
527.8253173828125 4.7736568450927734 403.02157592773438 
528.932861328125 2.7052187919616699 402.88565063476562 
536.049072265625 1.3176511526107788 403.60623168945312 
544.62652587890625 9.522435188293457 404.22463989257812 
543.55767822265625 7.4511318206787109 404.134765625 
542.30364990234375 5.3062252998352051 403.97659301757812 
540.68817138671875 3.2319014072418213 403.75823974609375 
539.21112060546875 1.0065655708312988 403.34219360351562 
545.80853271484375 13.198451042175293 404.50784301757812 
546.67120361328125 10.721564292907715 403.681884765625 
545.94012451171875 7.9436154365539551 403.447021484375 
544.76641845703125 5.5979022979736328 403.39321899414062 
543.40020751953125 3.4700491428375244 403.30990600585938 
541.8681640625 1.6835314035415649 403.1673583984375 
548.04022216796875 8.3559970855712891 402.70046997070312 
547.0198974609375 5.8554520606994629 402.65878295898438 
545.751708984375 3.5614941120147705 402.65640258789062 
539.1217041015625 -1.3846004009246826 402.61605834960938 
537.097900390625 -0.41819223761558533 403.0546875 
532.09869384765625 23.611427307128906 406.44577026367188 
527.24029541015625 17.375749588012695 404.17291259765625 
527.7344970703125 19.970170974731445 404.25930786132812 
528.2366943359375 22.674184799194336 404.27435302734375 
533.72491455078125 25.465524673461914 406.35665893554688 
531.42919921875 25.844890594482422 405.42886352539062 
529.121826171875 25.239013671875 404.47232055664062 
534.41021728515625 -0.69714385271072388 402.93441772460938 
527.7225341796875 1.3059229850769043 401.57919311523438 
526.77227783203125 3.4000074863433838 401.63754272460938 
526.0047607421875 5.6266913414001465 401.6064453125 
525.48138427734375 7.8451480865478516 401.56256103515625 
525.1361083984375 10.034270286560059 401.46316528320312 
525.13519287109375 12.286764144897461 401.69265747070312 
525.5528564453125 14.331254005432129 402.338623046875 
525.97149658203125 16.601306915283203 402.76126098632812 
526.30218505859375 19.119840621948242 402.92892456054688 
526.6627197265625 21.701589584350586 403.09210205078125 
525.0052490234375 15.697491645812988 401.0966796875 
525.21392822265625 18.035135269165039 401.43441772460938 
525.33026123046875 20.467363357543945 401.671875 
527.09600830078125 24.470062255859375 403.28903198242188 
525.51507568359375 22.86265754699707 401.97775268554688 
536.06207275390625 26.782241821289062 405.92529296875 
533.844970703125 27.424417495727539 405.30230712890625 
532.2122802734375 28.153011322021484 404.6456298828125 
530.31756591796875 27.637241363525391 404.38461303710938 
528.2581787109375 27.08526611328125 403.72976684570312 
540.86810302734375 26.659347534179688 405.73715209960938 
543.37554931640625 25.77391242980957 405.77813720703125 
547.341552734375 15.224089622497559 404.46963500976562 
548.26153564453125 17.191631317138672 404.61831665039062 
547.27777099609375 21.409761428833008 405.639892578125 
538.40478515625 27.772390365600586 405.24813842773438 
536.1259765625 28.662300109863281 404.70291137695312 
548.22406005859375 13.004928588867188 403.5809326171875 
549.79681396484375 15.295446395874023 403.53707885742188 
549.84832763671875 18.345207214355469 404.19647216796875 
549.5677490234375 20.848018646240234 404.67434692382812 
549.248291015625 22.955934524536133 404.90475463867188 
548.09613037109375 26.783073425292969 404.66751098632812 
545.5565185546875 27.164794921875 404.93865966796875 
542.98785400390625 27.863269805908203 404.8572998046875 
540.60992431640625 28.742172241210938 404.50912475585938 
538.32464599609375 29.724372863769531 404.02835083007812 
534.10711669921875 29.451007843017578 404.15576171875 
536.18914794921875 30.606163024902344 403.57888793945312 
531.8900146484375 29.907924652099609 403.73297119140625 
529.54736328125 29.311975479125977 403.60540771484375 
534.07568359375 31.314107894897461 403.22024536132812 
536.11370849609375 32.579925537109375 402.69546508789062 
538.20343017578125 31.772361755371094 403.03707885742188 
540.3651123046875 30.776922225952148 403.44619750976562 
530.52276611328125 31.166130065917969 403.11093139648438 
532.20709228515625 32.186958312988281 402.82284545898438 
533.99151611328125 33.372539520263672 402.4022216796875 
538.09088134765625 33.960536956787109 402.26077270507812 
535.8079833984375 34.644451141357422 402.04132080078125 
540.13592529296875 32.753414154052734 402.66409301757812 
549.0858154296875 10.598348617553711 402.67333984375 
536.35394287109375 -2.2353761196136475 402.45840454101562 
533.46868896484375 -2.5560505390167236 402.14114379882812 
530.8983154296875 -2.6418330669403076 401.42877197265625 
538.453369140625 -3.4376449584960938 401.9263916015625 
535.64013671875 -3.9735302925109863 401.72216796875 
533.00286865234375 -4.2490692138671875 401.11917114257812 
537.7933349609375 -5.2594232559204102 400.95748901367188 
535.24993896484375 -5.6500091552734375 400.50912475585938 
550.4248046875 12.709026336669922 402.544921875 
544.85443115234375 -2.1769187450408936 401.18060302734375 
545.85601806640625 -0.17595323920249939 401.6097412109375 
546.97003173828125 1.777295708656311 401.7510986328125 
548.16888427734375 3.8373203277587891 401.72457885742188 
549.22412109375 6.0823173522949219 401.66311645507812 
550.26593017578125 8.2388105392456055 401.52841186523438 
551.33294677734375 10.285310745239258 401.35400390625 
525.42926025390625 25.120048522949219 402.11639404296875 
526.60064697265625 26.974620819091797 402.9271240234375 
532.97174072265625 -5.9662637710571289 399.45803833007812 
530.96142578125 -4.5303597450256348 399.96044921875 
529.083984375 -2.9175937175750732 400.03701782226562 
542.61328125 29.976181030273438 403.81149291992188 
545.00341796875 29.256015777587891 404.10421752929688 
547.4049072265625 28.741775512695312 404.1571044921875 
542.26141357421875 31.990327835083008 402.9718017578125 
544.4488525390625 31.319738388061523 403.28173828125 
546.70989990234375 30.765632629394531 403.4864501953125 
551.5067138671875 17.131372451782227 403.06375122070312 
551.430419921875 19.878433227539062 403.57794189453125 
551.40887451171875 22.308145523071289 403.78668212890625 
551.232177734375 24.421810150146484 403.85641479492188 
550.63446044921875 26.427608489990234 403.8919677734375 
549.8707275390625 28.296171188354492 403.73577880859375 
549.01385498046875 30.26109504699707 403.34756469726562 
527.6788330078125 29.249248504638672 403.13650512695312 
528.77325439453125 31.335929870605469 402.81103515625 
530.21441650390625 33.076118469238281 402.3721923828125 
531.89495849609375 34.293930053710938 402.03317260742188 
533.61578369140625 35.459129333496094 401.69342041015625 
537.38775634765625 35.986568450927734 401.67337036132812 
535.2545166015625 36.639095306396484 401.40267944335938 
540.23309326171875 34.496128082275391 402.12857055664062 
542.0538330078125 33.95648193359375 402.32479858398438 
543.9779052734375 33.375339508056641 402.56051635742188 
546.034912109375 32.797828674316406 402.77410888671875 
548.184814453125 32.242794036865234 402.77886962890625 
524.72821044921875 13.455761909484863 400.396484375 
524.4852294921875 14.778733253479004 399.2767333984375 
524.56976318359375 16.933544158935547 399.73831176757812 
524.52264404296875 19.186670303344727 400.02316284179688 
524.31365966796875 15.921740531921387 397.88031005859375 
524.17193603515625 18.002067565917969 398.14227294921875 
524.36517333984375 21.503381729125977 400.35089111328125 
523.91595458984375 20.177188873291016 398.41525268554688 
524.24835205078125 23.76103401184082 400.64254760742188 
523.545654296875 22.41932487487793 398.74813842773438 
539.44580078125 35.928558349609375 401.71524047851562 
541.6341552734375 35.922771453857422 401.74703979492188 
543.5233154296875 35.435993194580078 401.88845825195312 
545.448486328125 34.825214385986328 402.049072265625 
547.4312744140625 34.192699432373047 402.08941650390625 
524.36334228515625 14.000698089599609 397.49496459960938 
524.42242431640625 12.559096336364746 398.31069946289062 
524.582275390625 11.235616683959961 399.83853149414062 
524.6883544921875 9.1002683639526367 399.76681518554688 
524.92620849609375 6.9207696914672852 399.6771240234375 
525.257568359375 4.7730569839477539 399.5865478515625 
525.7672119140625 2.6941912174224854 399.6861572265625 
526.47259521484375 0.64569836854934692 399.66619873046875 
527.2432861328125 -1.2981795072555542 399.270751953125 
542.8304443359375 -5.0603384971618652 400.07467651367188 
544.2628173828125 -4.1413469314575195 400.21133422851562 
552.02728271484375 14.565302848815918 402.08709716796875 
552.519775390625 12.19410514831543 401.01260375976562 
541.773193359375 -6.123631477355957 399.36865234375 
539.5079345703125 -6.497105598449707 399.60037231445312 
537.39117431640625 -6.8322281837463379 399.377685546875 
535.3773193359375 -7.1124863624572754 398.64669799804688 
553.30828857421875 17.212835311889648 401.72030639648438 
553.10443115234375 19.281501770019531 402.29571533203125 
529.32000732421875 -4.5603947639465332 398.21478271484375 
527.75286865234375 -3.0914971828460693 397.93698120117188 
553.093017578125 21.447343826293945 402.54446411132812 
553.320556640625 23.64044189453125 402.33770751953125 
552.931396484375 25.798017501831055 402.466064453125 
552.217041015625 27.812765121459961 402.64871215820312 
551.2889404296875 29.713905334472656 402.67288208007812 
550.4127197265625 31.615970611572266 402.35073852539062 
549.56781005859375 33.508346557617188 401.79373168945312 
545.92022705078125 -3.2910497188568115 399.90469360351562 
547.11627197265625 -1.6488801240921021 400.23358154296875 
548.2469482421875 0.16080944240093231 400.37619018554688 
549.3389892578125 2.0628130435943604 400.3709716796875 
550.36138916015625 4.091148853302002 400.287109375 
551.32037353515625 6.1431665420532227 400.10699462890625 
552.271484375 8.1918573379516602 399.84915161132812 
553.25799560546875 10.272652626037598 399.51943969726562 
524.595458984375 10.483279228210449 397.79641723632812 
532.22113037109375 41.372829437255859 396.09182739257812 
534.20361328125 42.120738983154297 396.006591796875 
536.10675048828125 42.494754791259766 394.9151611328125 
533.87774658203125 42.068668365478516 394.62063598632812 
532.07427978515625 41.426963806152344 394.5089111328125 
535.21075439453125 42.348918914794922 393.28201293945312 
533.32568359375 41.949775695800781 392.87869262695312 
531.7823486328125 41.380321502685547 392.806640625 
532.386962890625 41.564971923828125 391.01296997070312 
532.0528564453125 40.724765777587891 385.93814086914062 
532.0167236328125 41.219928741455078 387.2840576171875 
534.13641357421875 41.06048583984375 385.537109375 
532.072998046875 41.551830291748047 389.06838989257812 
534.03826904296875 41.884830474853516 387.46734619140625 
534.08544921875 42.166667938232422 389.50308227539062 
534.46234130859375 42.203567504882812 391.48385620117188 
547.8411865234375 11.261549949645996 339.54226684570312 
548.46331787109375 13.162003517150879 340.82467651367188 
548.2476806640625 10.95405387878418 341.5361328125 
547.4068603515625 13.150233268737793 336.41555786132812 
547.93902587890625 13.160434722900391 338.61810302734375 
548.76922607421875 10.823847770690918 343.69387817382812 
549.4794921875 13.13454532623291 345.24658203125 
548.977294921875 13.155209541320801 343.03814697265625 
549.2962646484375 10.714533805847168 345.86767578125 
549.96490478515625 13.109395027160645 347.45175170898438 
549.8345947265625 10.642823219299316 348.12936401367188 
550.350341796875 10.584005355834961 350.38235473632812 
550.89532470703125 13.061328887939453 351.89266967773438 
550.83929443359375 10.545000076293945 352.63330078125 
550.43603515625 13.090461730957031 349.6728515625 
551.30029296875 10.530947685241699 354.87179565429688 
551.74505615234375 12.959546089172363 356.31430053710938 
551.70208740234375 10.487216949462891 357.10726928710938 
551.33721923828125 13.023451805114746 354.10992431640625 
554.09185791015625 9.6573638916015625 374.71917724609375 
553.79840087890625 9.7075300216674805 372.69662475585938 
553.44964599609375 9.7513303756713867 370.51904296875 
553.93536376953125 12.065779685974121 371.74261474609375 
553.58270263671875 12.198105812072754 369.55108642578125 
553.12554931640625 9.9050130844116211 368.2999267578125 
553.284912109375 12.429524421691895 367.362548828125 
552.8402099609375 10.064940452575684 366.08517456054688 
552.98895263671875 12.585085868835449 365.15762329101562 
552.56982421875 10.16820240020752 363.8380126953125 
552.705078125 12.677061080932617 362.93304443359375 
552.303955078125 10.260544776916504 361.57748413085938 
552.42022705078125 12.779208183288574 360.72085571289062 
552.01544189453125 10.371257781982422 359.325927734375 
552.10552978515625 12.874358177185059 358.52020263671875 
554.28338623046875 11.975915908813477 373.9454345703125 
543.1490478515625 13.24935245513916 319.02487182617188 
543.689697265625 13.276411056518555 321.21942138671875 
544.2171630859375 13.280217170715332 323.39706420898438 
544.74688720703125 13.268521308898926 325.57199096679688 
545.277099609375 13.244833946228027 327.73428344726562 
545.80975341796875 13.220180511474609 329.90005493164062 
546.33905029296875 13.192145347595215 332.06109619140625 
546.871337890625 13.158034324645996 334.23162841796875 
554.13433837890625 13.127899169921875 372.9566650390625 
554.50836181640625 13.060469627380371 375.2171630859375 
554.65093994140625 14.100750923156738 376.38259887695312 
554.77618408203125 12.739274024963379 377.49185180664062 
553.88372802734375 14.327234268188477 371.94232177734375 
554.295654296875 14.234469413757324 374.19207763671875 
554.8695068359375 12.345417022705078 379.5577392578125 
555.04498291015625 13.92838191986084 380.69107055664062 
554.89190673828125 13.96495246887207 378.53927612304688 
554.5306396484375 11.870367050170898 384.8431396484375 
554.74749755859375 11.94053840637207 383.38116455078125 
554.7431640625 13.507393836975098 385.08050537109375 
554.88775634765625 12.092095375061035 381.51815795898438 
553.7525634765625 13.255039215087891 370.72073364257812 
553.39990234375 13.454198837280273 368.51824951171875 
553.4842529296875 14.500234603881836 369.71261596679688 
553.0682373046875 13.650954246520996 366.29052734375 
553.1043701171875 14.694188117980957 367.46194458007812 
552.75213623046875 13.762884140014648 364.05694580078125 
552.44500732421875 13.856249809265137 361.81484985351562 
552.40081787109375 14.940471649169922 362.93807983398438 
552.06280517578125 15.046322822570801 360.68017578125 
552.12811279296875 13.96684741973877 359.580078125 
551.7001953125 15.157154083251953 358.42385864257812 
551.77703857421875 14.058364868164062 357.3609619140625 
551.37518310546875 14.124040603637695 355.12054443359375 
551.3052978515625 15.213312149047852 356.17129516601562 
550.8687744140625 15.264190673828125 353.91537475585938 
550.93408203125 14.175451278686523 352.87570190429688 
550.40545654296875 15.296502113342285 351.64935302734375 
550.4710693359375 14.217423439025879 350.62286376953125 
550.00537109375 14.21258544921875 348.392333984375 
549.929443359375 15.315069198608398 349.38809204101562 
549.44195556640625 15.335538864135742 347.13165283203125 
549.52423095703125 14.228292465209961 346.15362548828125 
548.94915771484375 15.361536979675293 344.873291015625 
549.03515625 14.245715141296387 343.91348266601562 
548.53277587890625 14.264060974121094 341.66635131835938 
548.447509765625 15.39031982421875 342.607666015625 
547.944091796875 15.401980400085449 340.33013916015625 
548.0220947265625 14.266083717346191 339.42044067382812 
547.432373046875 15.392941474914551 338.04080200195312 
547.50213623046875 14.254722595214844 337.18045043945312 
546.97125244140625 14.266904830932617 334.93893432617188 
546.9012451171875 15.410374641418457 335.7564697265625 
546.37744140625 15.430602073669434 333.49868774414062 
546.44708251953125 14.288178443908691 332.72854614257812 
545.86285400390625 15.453083038330078 331.25180053710938 
545.92303466796875 14.325806617736816 330.51870727539062 
545.40899658203125 14.364248275756836 328.30966186523438 
545.34814453125 15.499747276306152 329.01010131835938 
544.842529296875 15.535255432128906 326.76834106445312 
544.894287109375 14.396834373474121 326.10427856445312 
544.343994140625 15.555512428283691 324.5245361328125 
544.3819580078125 14.41520881652832 323.91104125976562 
543.87530517578125 14.410242080688477 321.70809936523438 
543.84710693359375 15.547286033630371 322.28643798828125 
543.353271484375 15.521513938903809 320.03759765625 
543.36151123046875 14.385601043701172 319.48214721679688 
542.853271484375 15.493084907531738 317.78842163085938 
542.84088134765625 14.33693790435791 317.24676513671875 
542.31805419921875 14.266172409057617 315.0147705078125 
542.35162353515625 15.450395584106445 315.54519653320312 
541.84375 15.392191886901855 313.306884765625 
541.7845458984375 14.197689056396484 312.77676391601562 
541.33575439453125 15.319864273071289 311.06387329101562 
541.2613525390625 14.136541366577148 310.54946899414062 
540.75103759765625 14.138379096984863 308.31051635742188 
540.8370361328125 15.242595672607422 308.81808471679688 
540.35711669921875 15.180871963500977 306.57293701171875 
540.23321533203125 14.158054351806641 305.95108032226562 
539.87823486328125 15.127531051635742 304.31378173828125 
539.69622802734375 13.971412658691406 303.58468627929688 
539.17926025390625 13.746703147888184 301.4259033203125 
539.39691162109375 15.063451766967773 302.07406616210938 
538.8973388671875 14.986270904541016 299.83572387695312 
538.6527099609375 13.629643440246582 299.25253295898438 
538.38214111328125 14.912452697753906 297.6004638671875 
538.107666015625 13.550207138061523 297.01541137695312 
537.55889892578125 13.4613037109375 294.75729370117188 
537.854736328125 14.841428756713867 295.3592529296875 
537.3177490234375 14.756681442260742 293.11862182617188 
537.00714111328125 13.377346038818359 292.5018310546875 
536.78143310546875 14.662992477416992 290.876708984375 
536.468505859375 13.306789398193359 290.24325561523438 
535.94073486328125 13.263199806213379 287.99365234375 
536.245849609375 14.57469654083252 288.64089965820312 
535.70867919921875 14.506657600402832 286.4061279296875 
535.42987060546875 13.277372360229492 285.8048095703125 
535.1630859375 14.458701133728027 284.17745971679688 
534.92822265625 13.338833808898926 283.6436767578125 
534.439453125 13.436505317687988 281.55157470703125 
534.61090087890625 14.420165061950684 281.96499633789062 
534.0484619140625 14.38411808013916 279.76663208007812 
533.63397216796875 13.131200790405273 278.6322021484375 
533.48236083984375 14.35007381439209 277.5906982421875 
533.10699462890625 12.981717109680176 276.72677612304688 
532.56781005859375 12.964249610900879 274.648681640625 
532.90692138671875 14.334516525268555 275.41610717773438 
532.33160400390625 14.305408477783203 273.233642578125 
532.0142822265625 12.954792976379395 272.50631713867188 
531.74420166015625 14.28660774230957 271.03073120117188 
531.45068359375 12.96857738494873 270.33355712890625 
530.879150390625 12.993176460266113 268.15240478515625 
531.1507568359375 14.247856140136719 268.81585693359375 
530.55029296875 14.221771240234375 266.57904052734375 
530.30035400390625 13.040682792663574 265.95278930664062 
529.94207763671875 14.170928955078125 264.33346557617188 
529.68310546875 13.068910598754883 263.65597534179688 
529.03558349609375 12.98760986328125 261.35626220703125 
529.32232666015625 14.113909721374512 262.07180786132812 
528.69793701171875 14.044995307922363 259.81048583984375 
528.37353515625 12.811347961425781 259.11895751953125 
528.0787353515625 13.966659545898438 257.55816650390625 
527.7283935546875 12.671511650085449 256.97369384765625 
527.100830078125 12.596677780151367 254.8328857421875 
527.45709228515625 13.890378952026367 255.32539367675781 
526.844482421875 13.823102951049805 253.10209655761719 
526.4954833984375 12.556051254272461 252.71734619140625 
526.23199462890625 13.780588150024414 250.88874816894531 
525.94171142578125 12.570199012756348 250.69004821777344 
522.62310791015625 12.660458564758301 238.7227783203125 
523.265625 12.611222267150879 241.05921936035156 
522.675537109375 13.948308944702148 237.67469787597656 
523.2603759765625 13.916922569274902 239.85899353027344 
524.44512939453125 13.833047866821289 244.25396728515625 
525.6319580078125 13.778359413146973 248.68270874023438 
525.03778076171875 13.798501014709473 246.47024536132812 
522.0123291015625 12.697553634643555 236.48593139648438 
520.9307861328125 13.960415840148926 231.02174377441406 
521.50994873046875 13.973535537719727 233.24789428710938 
520.86920166015625 12.807042121887207 232.13923645019531 
522.08892822265625 13.96428108215332 235.46498107910156 
521.42962646484375 12.74116325378418 234.30162048339844 
520.33209228515625 12.894034385681152 230.02426147460938 
520.34405517578125 13.925394058227539 228.79116821289062 
519.81719970703125 12.982933044433594 227.94172668457031 
519.75531005859375 13.864687919616699 226.56655883789062 
518.34906005859375 12.491713523864746 223.38699340820312 
519.16546630859375 13.790707588195801 224.34356689453125 
518.9757080078125 12.779434204101562 225.14588928222656 
511.18093872070312 13.868134498596191 171.63018798828125 
511.73666381835938 15.235527992248535 171.2210693359375 
510.47250366210938 12.499547004699707 174.27082824707031 
510.93267822265625 13.468955993652344 176.16439819335938 
510.6473388671875 12.739922523498535 172.25276184082031 
511.03067016601562 13.638344764709473 173.8896484375 
511.46255493164062 14.632418632507324 175.54275512695312 
511.51669311523438 14.735650062561035 173.3037109375 
510.84622192382812 13.244314193725586 178.16612243652344 
511.59774780273438 14.848666191101074 177.785888671875 
510.7322998046875 12.905033111572266 180.14617919921875 
511.53839111328125 14.503119468688965 179.95457458496094 
510.5621337890625 12.46048641204834 181.92044067382812 
511.42190551757812 13.991957664489746 182.10316467285156 
510.74359130859375 12.545970916748047 183.76034545898438 
510.90289306640625 12.492431640625 185.8779296875 
511.69216918945312 13.760467529296875 186.54255676269531 
511.52435302734375 13.846739768981934 184.31288146972656 
511.12109375 12.464896202087402 188.09213256835938 
511.90280151367188 13.704686164855957 188.78079223632812 
511.38095092773438 12.451951026916504 190.35768127441406 
511.68814086914062 12.463637351989746 192.63359069824219 
512.47882080078125 13.697815895080566 193.27444458007812 
512.17169189453125 13.694591522216797 191.02577209472656 
512.02734375 12.462936401367188 194.91015625 
512.814697265625 13.698617935180664 195.50361633300781 
512.38226318359375 12.436689376831055 197.18856811523438 
512.75543212890625 12.404088020324707 199.42295837402344 
513.5694580078125 13.690420150756836 199.93133544921875 
513.179443359375 13.698478698730469 197.72463989257812 
513.173583984375 12.418331146240234 201.61747741699219 
513.987548828125 13.683638572692871 202.15367126464844 
513.645751953125 12.457379341125488 203.873046875 
514.1083984375 12.429957389831543 206.1470947265625 
514.9122314453125 13.686765670776367 206.63848876953125 
514.4345703125 13.688046455383301 204.39511108398438 
514.607666015625 12.420866012573242 208.42681884765625 
515.4085693359375 13.703858375549316 208.87104797363281 
515.13580322265625 12.420360565185547 210.71719360351562 
515.66180419921875 12.488835334777832 212.78591918945312 
516.55029296875 14.074094772338867 213.271240234375 
516.0089111328125 13.978466987609863 211.04560852050781 
516.23455810546875 12.580242156982422 214.93449401855469 
517.0521240234375 14.011852264404297 215.51107788085938 
516.72015380859375 12.463884353637695 217.14349365234375 
517.2174072265625 12.359198570251465 219.3599853515625 
518.02093505859375 13.685876846313477 219.92306518554688 
517.49591064453125 13.733444213867188 217.7147216796875 
517.7772216796875 12.387096405029297 221.47506713867188 
518.58038330078125 13.71358585357666 222.14035034179688 
523.85345458984375 13.880776405334473 242.05055236816406 
552.7470703125 14.841114044189453 365.20306396484375 
555.00152587890625 13.751897811889648 382.86236572265625 
552.20263671875 30.696332931518555 401.59152221679688 
552.2808837890625 32.042140960693359 400.62451171875 
551.12750244140625 32.371868133544922 401.55532836914062 
553.51629638671875 30.051214218139648 400.16299438476562 
553.0059814453125 28.97413444519043 401.55068969726562 
554.22998046875 27.949060440063477 400.1439208984375 
553.62359619140625 27.05775260925293 401.46759033203125 
554.649169921875 25.772077560424805 400.2696533203125 
554.04644775390625 24.989833831787109 401.39712524414062 
554.97283935546875 23.540918350219727 400.2017822265625 
555.0380859375 19.018104553222656 399.93685913085938 
554.23431396484375 20.257205963134766 401.28878784179688 
554.20477294921875 18.340782165527344 401.00872802734375 
555.11236572265625 21.274866104125977 400.08148193359375 
554.26239013671875 22.195779800415039 401.37820434570312 
554.78106689453125 16.803548812866211 399.83392333984375 
553.58563232421875 15.532262802124023 401.00772094726562 
554.30224609375 14.615339279174805 399.83938598632812 
553.22760009765625 13.784111976623535 400.85372924804688 
553.75823974609375 12.437097549438477 399.76785278320312 
550.68865966796875 33.793350219726562 400.93841552734375 
540.49627685546875 -7.1102399826049805 398.36636352539062 
546.26190185546875 -4.414647102355957 398.3553466796875 
547.79351806640625 -3.3081390857696533 397.82928466796875 
548.92498779296875 -1.7540276050567627 398.01651000976562 
549.95306396484375 0.051503133028745651 398.20556640625 
550.96209716796875 1.9523035287857056 398.15042114257812 
551.93365478515625 3.9868118762969971 397.966796875 
552.82861328125 6.0107564926147461 397.718505859375 
553.6287841796875 8.0139875411987305 397.45816040039062 
554.30059814453125 10.044468879699707 397.33505249023438 
554.85296630859375 12.116228103637695 397.33615112304688 
555.29656982421875 14.253942489624023 397.38018798828125 
555.61590576171875 16.433771133422852 397.4022216796875 
555.77398681640625 18.590887069702148 397.47332763671875 
555.77593994140625 20.743740081787109 397.66549682617188 
555.61773681640625 22.875707626342773 398.0831298828125 
555.3531494140625 25.003454208374023 398.12966918945312 
554.95111083984375 27.068975448608398 398.17086791992188 
554.3663330078125 29.103357315063477 398.33929443359375 
553.58026123046875 31.099742889404297 398.5550537109375 
552.563232421875 33.017898559570312 398.75796508789062 
551.2205810546875 34.801830291748047 399.051025390625 
550.36065673828125 36.033706665039062 398.36312866210938 
549.57208251953125 37.05328369140625 397.4503173828125 
509.57449340820312 25.635107040405273 205.84513854980469 
511.33563232421875 24.553031921386719 200.05003356933594 
509.675537109375 25.748947143554688 200.52278137207031 
510.75433349609375 24.969783782958984 201.92898559570312 
509.04733276367188 26.030855178833008 202.52748107910156 
510.12710571289062 25.355663299560547 203.87252807617188 
511.93743896484375 24.038309097290039 197.93093872070312 
511.02334594726562 24.938962936401367 197.05363464355469 
509.69863891601562 26.071983337402344 195.65306091308594 
509.68313598632812 25.896690368652344 198.11970520019531 
512.5594482421875 23.400936126708984 191.54890441894531 
511.44012451171875 24.831790924072266 192.44686889648438 
512.59906005859375 23.302129745483398 193.72915649414062 
509.92877197265625 26.107990264892578 193.34230041503906 
511.29086303710938 24.830478668212891 194.65997314453125 
512.36297607421875 23.602016448974609 195.84123229980469 
510.12567138671875 26.453897476196289 188.80111694335938 
510.06524658203125 26.23533821105957 191.07257080078125 
512.45379638671875 23.927543640136719 184.83323669433594 
511.43936157226562 25.483634948730469 185.68568420410156 
512.46478271484375 23.740121841430664 187.09449768066406 
510.1097412109375 26.761634826660156 186.5059814453125 
511.44564819335938 25.224340438842773 187.93905639648438 
512.50653076171875 23.555326461791992 189.33345031738281 
511.46380615234375 24.994251251220703 190.19972229003906 
513.0174560546875 24.497047424316406 173.65768432617188 
512.4300537109375 26.147642135620117 174.41780090332031 
511.6649169921875 27.721231460571289 173.96733093261719 
512.85614013671875 24.519294738769531 175.84323120117188 
512.1568603515625 26.074991226196289 176.826171875 
512.691650390625 24.438072204589844 178.05316162109375 
511.42816162109375 27.565824508666992 175.83930969238281 
511.01214599609375 27.536045074462891 177.88816833496094 
511.87664794921875 25.995746612548828 179.10115051269531 
510.58969116210938 27.459491729736328 179.98681640625 
512.47882080078125 24.119104385375977 182.56866455078125 
511.4765625 25.722532272338867 183.4769287109375 
512.5517578125 24.307065963745117 180.29855346679688 
511.61355590820312 25.90113639831543 181.27890014648438 
510.06936645507812 27.132282257080078 184.25621032714844 
510.20101928710938 27.374477386474609 182.11996459960938 
551.88519287109375 18.698585510253906 368.08218383789062 
550.57159423828125 20.213430404663086 366.45046997070312 
550.83990478515625 20.455915451049805 368.39306640625 
551.3992919921875 18.536764144897461 365.2940673828125 
552.47503662109375 16.707891464233398 366.46682739257812 
552.97467041015625 16.557832717895508 368.91867065429688 
552.6669921875 18.187360763549805 370.5899658203125 
551.57275390625 19.984136581420898 370.215087890625 
553.44598388671875 16.284576416015625 371.11868286132812 
553.24310302734375 17.629177093505859 372.35446166992188 
552.48651123046875 19.44073486328125 372.71884155273438 
553.8741455078125 16.109657287597656 373.20953369140625 
553.57177734375 17.791145324707031 374.252685546875 
553.13165283203125 19.556255340576172 375.4560546875 
551.92266845703125 21.191991806030273 374.38067626953125 
551.09521484375 21.359241485595703 371.88229370117188 
550.31610107421875 21.633573532104492 369.62237548828125 
549.7210693359375 21.734947204589844 367.5169677734375 
550.564697265625 22.833555221557617 373.46279907226562 
549.72711181640625 23.013099670410156 371.07305908203125 
548.986572265625 23.174991607666016 368.79217529296875 
549.14202880859375 24.414957046508789 372.59463500976562 
548.30279541015625 24.580724716186523 370.22314453125 
547.59344482421875 25.957263946533203 371.748291015625 
548.477294921875 25.833826065063477 374.05465698242188 
549.9993896484375 24.305448532104492 374.92913818359375 
554.27825927734375 16.003185272216797 375.35321044921875 
554.07598876953125 17.803316116333008 376.52346801757812 
551.39447021484375 22.760612487792969 375.86221313476562 
552.65252685546875 21.18951416015625 376.8507080078125 
553.726318359375 19.578662872314453 377.80718994140625 
554.52569580078125 17.802114486694336 378.71832275390625 
554.67010498046875 15.910398483276367 377.5545654296875 
552.002685546875 16.818117141723633 363.99053955078125 
546.84912109375 27.332794189453125 373.26388549804688 
554.97210693359375 15.792126655578613 379.90536499023438 
554.83087158203125 17.868701934814453 380.73165893554688 
555.06231689453125 16.099807739257812 381.70538330078125 
555.07373046875 14.865621566772461 381.6568603515625 
554.24334716796875 19.638420104980469 379.98443603515625 
553.29315185546875 21.278575897216797 379.19332885742188 
552.1392822265625 22.820291519165039 378.21255493164062 
550.814208984375 24.300769805908203 377.20248413085938 
549.3431396484375 25.775234222412109 376.25933837890625 
547.76287841796875 27.247541427612305 375.42059326171875 
550.8734130859375 18.561418533325195 362.73486328125 
551.503173828125 16.996162414550781 361.48773193359375 
550.082763671875 20.133218765258789 364.02243041992188 
549.210205078125 21.688270568847656 365.29019165039062 
548.33892822265625 23.251729965209961 366.5579833984375 
547.5086669921875 24.742317199707031 367.88577270507812 
546.7183837890625 26.134004592895508 369.39657592773438 
545.9482421875 27.432502746582031 371.00790405273438 
546.12994384765625 28.664230346679688 374.7520751953125 
545.18475341796875 28.72125244140625 372.64682006835938 
512.404052734375 17.014873504638672 178.29971313476562 
512.009521484375 15.993498802185059 176.51931762695312 
512.430908203125 16.790370941162109 180.50308227539062 
512.509033203125 16.624431610107422 182.71603393554688 
512.646484375 16.528818130493164 184.94032287597656 
512.8359375 16.484455108642578 187.16683959960938 
513.05804443359375 16.464887619018555 189.40971374511719 
513.30633544921875 16.451824188232422 191.6519775390625 
513.587158203125 16.44343376159668 193.87872314453125 
513.89013671875 16.40992546081543 196.08723449707031 
514.21295166015625 16.366203308105469 198.29325866699219 
514.55438232421875 16.29820442199707 200.51026916503906 
514.91815185546875 16.245563507080078 202.74984741210938 
515.31146240234375 16.199838638305664 204.99906921386719 
515.72808837890625 16.15711784362793 207.2620849609375 
516.1671142578125 16.118619918823242 209.51962280273438 
516.62091064453125 16.070840835571289 211.77806091308594 
517.08843994140625 16.030467987060547 214.05009460449219 
517.5653076171875 16.007003784179688 216.29710388183594 
518.05401611328125 15.994645118713379 218.52537536621094 
518.5474853515625 15.987460136413574 220.74555969238281 
519.04278564453125 15.986629486083984 222.97065734863281 
519.54132080078125 15.995024681091309 225.2166748046875 
520.04736328125 16.026103973388672 227.46009826660156 
520.5653076171875 16.058469772338867 229.69515991210938 
521.0860595703125 16.073980331420898 231.92636108398438 
521.61663818359375 16.052757263183594 234.16767883300781 
522.15484619140625 16.018495559692383 236.41012573242188 
522.70697021484375 15.999316215515137 238.63458251953125 
523.2696533203125 15.971532821655273 240.84352111816406 
523.8382568359375 15.927247047424316 243.04469299316406 
524.408447265625 15.879387855529785 245.25138854980469 
524.98931884765625 15.84675121307373 247.46015930175781 
525.5748291015625 15.839048385620117 249.66574096679688 
526.16015625 15.853249549865723 251.88166809082031 
526.74432373046875 15.888077735900879 254.11392211914062 
527.32916259765625 15.93134880065918 256.36282348632812 
527.91790771484375 15.999073028564453 258.62277221679688 
528.50836181640625 16.068153381347656 260.87384033203125 
529.1031494140625 16.14006233215332 263.12759399414062 
529.7022705078125 16.185871124267578 265.37588500976562 
530.29534912109375 16.228235244750977 267.60250854492188 
530.88739013671875 16.26768684387207 269.81704711914062 
531.468017578125 16.303146362304688 272.01495361328125 
532.04205322265625 16.334333419799805 274.20245361328125 
532.6114501953125 16.387332916259766 276.37979125976562 
533.1868896484375 16.413639068603516 278.55850219726562 
533.75408935546875 16.451353073120117 280.74911499023438 
534.3055419921875 16.509738922119141 282.9508056640625 
534.85174560546875 16.566083908081055 285.16986083984375 
535.3909912109375 16.617647171020508 287.38949584960938 
535.927734375 16.676900863647461 289.61270141601562 
536.465087890625 16.740882873535156 291.830322265625 
536.993408203125 16.827520370483398 294.06048583984375 
537.5081787109375 16.927219390869141 296.27825927734375 
538.01568603515625 17.002618789672852 298.51412963867188 
538.50213623046875 17.073936462402344 300.7396240234375 
538.97625732421875 17.136104583740234 302.96490478515625 
539.4425048828125 17.176168441772461 305.1873779296875 
539.8997802734375 17.222560882568359 307.41983032226562 
540.3695068359375 17.265535354614258 309.66790771484375 
540.8516845703125 17.307405471801758 311.91177368164062 
541.34173583984375 17.351896286010742 314.15875244140625 
541.8228759765625 17.401433944702148 316.3997802734375 
542.29571533203125 17.446605682373047 318.65069580078125 
542.7706298828125 17.471920013427734 320.91006469726562 
543.240478515625 17.493589401245117 323.16754150390625 
543.7181396484375 17.491436004638672 325.41387939453125 
544.20098876953125 17.482784271240234 327.65628051757812 
544.69500732421875 17.458776473999023 329.90151977539062 
545.19305419921875 17.447568893432617 332.15936279296875 
545.69281005859375 17.440589904785156 334.42645263671875 
546.19842529296875 17.446258544921875 336.70968627929688 
546.713134765625 17.438051223754883 339.01004028320312 
547.225830078125 17.414817810058594 341.30105590820312 
547.73101806640625 17.389595031738281 343.5709228515625 
548.2440185546875 17.352409362792969 345.82672119140625 
548.76287841796875 17.30604362487793 348.0606689453125 
549.2762451171875 17.260808944702148 350.30511474609375 
549.7724609375 17.211877822875977 352.54141235351562 
550.24578857421875 17.166469573974609 354.78298950195312 
550.69097900390625 17.113548278808594 357.0091552734375 
551.10601806640625 17.059852600097656 359.24981689453125 
512.02947998046875 16.105363845825195 174.70428466796875 
512.11236572265625 16.299640655517578 172.659912109375 
512.2181396484375 16.620817184448242 170.93620300292969 
512.48822021484375 17.47675895690918 176.126708984375 
512.53350830078125 17.648141860961914 173.94882202148438 
512.55206298828125 17.651857376098633 171.80967712402344 
555.01409912109375 14.670618057250977 383.24298095703125 
544.45843505859375 29.987297058105469 374.26800537109375 
538.76690673828125 42.451004028320312 392.42205810546875 
536.61651611328125 42.532802581787109 391.98147583007812 
537.4295654296875 42.656959533691406 393.9676513671875 
537.95892333984375 42.416683197021484 390.55264282226562 
536.00701904296875 42.400714874267578 390.15390014648438 
537.3262939453125 42.262302398681641 389.06729125976562 
539.99371337890625 42.476116180419922 394.46295166015625 
540.75531005859375 42.081172943115234 392.52285766601562 
539.831787109375 42.123592376708984 390.8223876953125 
542.042724609375 41.855186462402344 393.9066162109375 
541.78533935546875 42.00390625 395.228515625 
535.838134765625 42.175643920898438 388.27621459960938 
539.08819580078125 41.974128723144531 388.92681884765625 
537.7156982421875 41.815521240234375 387.43670654296875 
536.000244140625 41.511985778808594 386.29632568359375 
543.47686767578125 41.333786010742188 395.01266479492188 
555.23126220703125 13.869589805603027 391.80206298828125 
555.1021728515625 11.992231369018555 393.43655395507812 
554.959716796875 12.14522647857666 391.30291748046875 
555.44854736328125 14.359515190124512 393.6929931640625 
555.3087158203125 13.03781795501709 395.47805786132812 
555.61785888671875 15.304296493530273 395.59930419921875 
555.37353515625 15.942052841186523 391.9293212890625 
555.58746337890625 16.635898590087891 393.818115234375 
554.8714599609375 10.90234375 395.48193359375 
554.6885986328125 10.399650573730469 391.73126220703125 
554.58880615234375 9.6691884994506836 393.72860717773438 
554.2506103515625 8.7756681442260742 395.69564819335938 
553.9183349609375 7.5510506629943848 394.00833129882812 
554.10211181640625 8.4088201522827148 392.03152465820312 
554.010498046875 9.3001337051391602 390.207275390625 
554.49188232421875 11.192991256713867 389.87957763671875 
554.77557373046875 13.227256774902344 389.96224975585938 
554.97247314453125 15.162589073181152 390.19287109375 
555.2733154296875 18.000883102416992 392.0584716796875 
554.9757080078125 17.164203643798828 390.256103515625 
555.7633056640625 17.555171966552734 395.69070434570312 
555.53643798828125 18.808147430419922 393.96075439453125 
554.76641845703125 19.114700317382812 390.33615112304688 
555.0888671875 20.008920669555664 392.20339965820312 
554.61138916015625 18.140804290771484 388.5478515625 
554.697998046875 16.107936859130859 388.6007080078125 
554.654296875 14.150611877441406 388.46163940429688 
554.3681640625 12.122492790222168 388.39456176757812 
553.916259765625 10.137994766235352 388.48876953125 
553.42047119140625 7.3772525787353516 390.4429931640625 
553.3507080078125 8.2046127319335938 388.74349975585938 
555.75482177734375 19.749439239501953 395.85018920898438 
555.40179443359375 20.930173873901367 394.11972045898438 
554.80377197265625 21.972412109375 392.4324951171875 
554.55670166015625 21.063812255859375 390.47625732421875 
554.5875244140625 20.31013298034668 388.39678955078125 
554.7918701171875 19.288171768188477 386.63873291015625 
554.7161865234375 17.021915435791016 386.86395263671875 
554.7220458984375 14.965173721313477 386.8148193359375 
554.8353271484375 15.659886360168457 385.17156982421875 
554.8951416015625 17.849863052368164 385.04019165039062 
554.79522705078125 19.792461395263672 384.58700561523438 
554.65313720703125 21.527582168579102 386.26504516601562 
554.97857666015625 16.478912353515625 383.54852294921875 
554.94268798828125 18.111642837524414 382.91342163085938 
554.61639404296875 19.769796371459961 382.25604248046875 
554.3656005859375 21.512495040893555 383.79702758789062 
554.61016845703125 22.369712829589844 388.53067016601562 
554.1064453125 23.279811859130859 384.892822265625 
554.36785888671875 23.699678421020508 386.98184204101562 
554.49188232421875 23.148578643798828 390.63604736328125 
554.3511962890625 24.431465148925781 389.02011108398438 
553.67694091796875 25.132343292236328 385.7103271484375 
553.98333740234375 25.742937088012695 387.67236328125 
554.51739501953125 23.978256225585938 392.6763916015625 
554.21954345703125 25.169761657714844 390.99957275390625 
553.9034423828125 26.429929733276367 389.5687255859375 
553.2264404296875 26.980731964111328 386.43109130859375 
553.50250244140625 27.718206405639648 388.35626220703125 
555.120361328125 22.949306488037109 394.3909912109375 
554.2724609375 25.972309112548828 392.91375732421875 
554.82220458984375 25.021860122680664 394.60580444335938 
553.81671142578125 27.179685592651367 391.41549682617188 
553.82647705078125 27.862937927246094 393.216552734375 
554.4239501953125 27.198678970336914 394.74014282226562 
555.63739013671875 21.925731658935547 396.11520385742188 
555.41357421875 24.027898788452148 396.342529296875 
555.03759765625 26.181936264038086 396.43154907226562 
553.33660888671875 28.459758758544922 390.2335205078125 
553.24163818359375 29.206974029541016 392.24453735351562 
553.600341796875 29.476461410522461 394.58319091796875 
554.4674072265625 28.345975875854492 396.4462890625 
552.72052001953125 28.775335311889648 387.13241577148438 
552.763671875 29.614980697631836 389.01577758789062 
552.60919189453125 30.468084335327148 390.8626708984375 
552.65576171875 30.983633041381836 393.07858276367188 
552.08526611328125 30.402774810791016 387.81253051757812 
551.89361572265625 31.795080184936523 389.38458251953125 
551.90478515625 32.323543548583984 391.55770874023438 
553.7967529296875 30.34288215637207 396.64724731445312 
552.87261962890625 31.56294059753418 395.117919921875 
551.93084716796875 32.877750396728516 393.7198486328125 
551.014404296875 34.154804229736328 392.4315185546875 
551.0130615234375 33.710762023925781 390.3187255859375 
550.71746826171875 33.235260009765625 388.40243530273438 
551.131591796875 31.667240142822266 387.2752685546875 
551.55609130859375 29.920059204101562 386.13339233398438 
552.12786865234375 28.187509536743164 385.32928466796875 
552.65167236328125 26.435979843139648 384.53378295898438 
553.13037109375 24.718841552734375 383.67938232421875 
553.551513671875 23.102977752685547 382.65365600585938 
553.911865234375 21.402290344238281 381.43020629882812 
554.53631591796875 12.965533256530762 386.75454711914062 
554.23321533203125 11.04212474822998 386.642822265625 
553.71435546875 9.0973129272460938 386.75997924804688 
553.3939208984375 6.4602408409118652 392.33120727539062 
552.69451904296875 5.5033526420593262 390.744873046875 
552.656494140625 6.1961002349853516 389.01516723632812 
553.04547119140625 7.0397300720214844 387.09100341796875 
551.89837646484375 26.093002319335938 382.59170532226562 
551.35992431640625 27.742658615112305 383.52908325195312 
550.76324462890625 29.438098907470703 384.41455078125 
550.222900390625 31.15179443359375 385.39154052734375 
549.79193115234375 32.750026702880859 386.38339233398438 
550.50262451171875 27.441019058227539 381.6297607421875 
549.89178466796875 29.07427978515625 382.63717651367188 
549.2489013671875 30.763681411743164 383.60635375976562 
548.99786376953125 28.769857406616211 380.75262451171875 
548.31390380859375 30.383369445800781 381.79519653320312 
552.397216796875 24.504253387451172 381.55300903320312 
551.062744140625 25.889692306518555 380.53799438476562 
549.60675048828125 27.255929946899414 379.60049438476562 
547.43011474609375 30.041698455810547 379.92819213867188 
548.0970458984375 28.571359634399414 378.76174926757812 
548.65057373046875 32.429920196533203 384.5711669921875 
547.5787353515625 32.04296875 382.772216796875 
546.64227294921875 31.593233108520508 380.94015502929688 
546.577392578125 29.784082412719727 377.99484252929688 
545.83343505859375 31.169290542602539 379.12347412109375 
552.86279296875 22.920656204223633 380.42462158203125 
553.52197265625 6.7234978675842285 395.94964599609375 
553.13446044921875 5.5247149467468262 394.27877807617188 
552.6246337890625 4.5562772750854492 392.553466796875 
552.00653076171875 3.7392475605010986 390.92822265625 
551.94927978515625 4.1981925964355469 389.24755859375 
552.2359619140625 4.9529213905334473 387.3619384765625 
552.68939208984375 4.6631512641906738 396.17025756835938 
552.32073974609375 3.5274405479431152 394.29629516601562 
551.759765625 2.645923376083374 392.260009765625 
551.21014404296875 2.1580417156219482 389.903564453125 
551.4683837890625 2.9447693824768066 387.7188720703125 
550.6351318359375 1.1131205558776855 387.9495849609375 
550.22381591796875 0.19186842441558838 389.96469116210938 
550.94677734375 1.0331451892852783 391.92724609375 
551.5037841796875 1.6628930568695068 394.15621948242188 
551.82196044921875 2.6294167041778564 396.25067138671875 
550.0921630859375 -0.55063068866729736 392.2952880859375 
550.64447021484375 -0.015873603522777557 394.19671630859375 
550.96185302734375 0.74392116069793701 396.2864990234375 
549.25482177734375 -1.558008074760437 391.06393432617188 
549.2880859375 -2.0434548854827881 392.77908325195312 
549.628662109375 -1.6849285364151001 394.46002197265625 
549.9051513671875 -1.0744774341583252 396.3424072265625 
552.93988037109375 32.319755554199219 397.0687255859375 
551.98992919921875 33.533374786376953 395.74392700195312 
550.95989990234375 34.701278686523438 394.54470825195312 
551.60943603515625 24.373495101928711 379.38455200195312 
548.94927978515625 -1.5543367862701416 389.37310791015625 
548.20098876953125 -3.0015254020690918 390.50335693359375 
548.41192626953125 -3.1951124668121338 392.1136474609375 
547.7265625 -3.0658524036407471 389.07089233398438 
546.93121337890625 -4.3445048332214355 389.77029418945312 
547.112060546875 -4.396949291229248 391.54092407226562 
549.6456298828125 -0.69227766990661621 387.77606201171875 
548.2027587890625 -2.4607417583465576 387.57351684570312 
546.76153564453125 -4.169403076171875 387.8385009765625 
545.51129150390625 -5.3748335838317871 389.15328979492188 
545.68310546875 -5.4534955024719238 390.9315185546875 
550.19866943359375 25.789581298828125 378.39959716796875 
551.79437255859375 34.240634918212891 397.57757568359375 
550.85980224609375 35.413959503173828 396.52731323242188 
548.5181884765625 -3.2208273410797119 394.13897705078125 
547.2440185546875 -4.4940967559814453 393.40493774414062 
545.773193359375 -5.5503544807434082 392.83538818359375 
548.69207763671875 27.191961288452148 377.4981689453125 
548.71307373046875 -2.8498203754425049 396.1614990234375 
547.111083984375 28.561519622802734 376.6986083984375 
547.40509033203125 -4.4075989723205566 395.26193237304688 
545.93603515625 -5.5781950950622559 394.78439331054688 
545.121337890625 30.839635848999023 377.3873291015625 
545.43157958984375 29.892070770263672 376.02825927734375 
547.30419921875 -4.2275853157043457 396.85739135742188 
545.96856689453125 -5.3628811836242676 396.71621704101562 
544.95037841796875 -5.3675975799560547 387.69024658203125 
549.40667724609375 34.199840545654297 387.2794189453125 
549.77825927734375 34.985240936279297 389.2021484375 
549.97821044921875 35.503620147705078 391.25338745117188 
549.97119140625 35.874496459960938 393.3846435546875 
549.7945556640625 36.44195556640625 395.48992919921875 
548.206787109375 34.022800445556641 385.58407592773438 
546.94317626953125 33.688114166259766 383.79495239257812 
545.82940673828125 33.151760101318359 381.88461303710938 
544.9227294921875 32.564952850341797 379.956298828125 
544.19976806640625 31.979166030883789 378.01080322265625 
543.74676513671875 31.364723205566406 376.11199951171875 
510.27777099609375 25.205951690673828 207.99006652832031 
510.81295776367188 24.889068603515625 210.23931884765625 
509.69873046875 25.501066207885742 213.24412536621094 
511.493408203125 24.567516326904297 214.87614440917969 
509.91531372070312 25.42317008972168 215.82829284667969 
511.82968139648438 24.467716217041016 217.15786743164062 
511.19610595703125 24.692693710327148 212.5491943359375 
510.26815795898438 25.322282791137695 218.20133972167969 
512.1856689453125 24.375175476074219 219.43243408203125 
510.63165283203125 25.233846664428711 220.49444580078125 
512.55877685546875 24.294612884521484 221.69679260253906 
510.99893188476562 25.158470153808594 222.77163696289062 
512.95074462890625 24.221939086914062 223.96122741699219 
511.36895751953125 25.097431182861328 225.05574035644531 
513.35107421875 24.159557342529297 226.23504638671875 
511.74099731445312 25.05122184753418 227.35270690917969 
513.77789306640625 24.102033615112305 228.50419616699219 
512.153076171875 25.007434844970703 229.6737060546875 
514.2803955078125 24.020971298217773 230.74641418457031 
512.61199951171875 24.963203430175781 232.01925659179688 
514.80438232421875 23.943185806274414 232.95892333984375 
512.83837890625 25.032655715942383 234.46524047851562 
514.6444091796875 24.295597076416016 235.21321105957031 
514.6346435546875 24.538002014160156 237.47451782226562 
514.90997314453125 24.632495880126953 239.7696533203125 
515.2645263671875 24.687511444091797 242.07481384277344 
515.61553955078125 24.75672721862793 244.40080261230469 
515.96563720703125 24.829534530639648 246.74655151367188 
516.3189697265625 24.89964485168457 249.09281921386719 
516.69464111328125 24.95976448059082 251.41514587402344 
517.0938720703125 25.011039733886719 253.70034790039062 
517.54827880859375 25.042930603027344 255.96315002441406 
517.979248046875 25.08148193359375 258.20785522460938 
516.90869140625 25.303239822387695 261.0938720703125 
518.39605712890625 25.124561309814453 260.45941162109375 
518.8095703125 25.179454803466797 262.72207641601562 
517.20074462890625 25.318452835083008 263.6875 
519.22442626953125 25.244474411010742 264.99176025390625 
517.55853271484375 25.341184616088867 266.06704711914062 
519.63616943359375 25.312950134277344 267.27090454101562 
517.89935302734375 25.35948371887207 268.35467529296875 
520.01947021484375 25.385122299194336 269.54135131835938 
518.2266845703125 25.371669769287109 270.6085205078125 
520.383056640625 25.452089309692383 271.80484008789062 
518.5501708984375 25.374629974365234 272.8642578125 
520.70721435546875 25.505260467529297 274.04879760742188 
518.8519287109375 25.351432800292969 275.09698486328125 
520.9422607421875 25.564733505249023 276.300537109375 
519.11456298828125 25.330068588256836 277.30914306640625 
521.0433349609375 25.624250411987305 278.55130004882812 
519.3638916015625 25.310993194580078 279.49349975585938 
521.12408447265625 25.665985107421875 280.813232421875 
519.615478515625 25.295572280883789 281.59408569335938 
521.2535400390625 25.686544418334961 283.09246826171875 
521.4642333984375 25.702033996582031 285.39187622070312 
521.7220458984375 25.707233428955078 287.7034912109375 
522.015869140625 25.718173980712891 290.0244140625 
522.33563232421875 25.742849349975586 292.35836791992188 
522.65594482421875 25.769807815551758 294.67584228515625 
522.9857177734375 25.805160522460938 296.96548461914062 
523.28717041015625 25.835086822509766 299.23074340820312 
523.56048583984375 25.853883743286133 301.48410034179688 
523.7794189453125 25.841148376464844 303.75027465820312 
524.026123046875 25.83012580871582 306.01022338867188 
524.32061767578125 25.837368011474609 308.29287719726562 
524.7645263671875 25.9132080078125 310.569091796875 
525.56793212890625 26.128807067871094 312.7679443359375 
524.8211669921875 25.620498657226562 315.50289916992188 
526.16070556640625 26.185934066772461 317.33200073242188 
524.997802734375 25.538839340209961 318.0811767578125 
526.29833984375 26.155097961425781 319.64932250976562 
526.013427734375 26.207019805908203 315.01690673828125 
525.192138671875 25.479036331176758 320.52359008789062 
526.44989013671875 26.11627197265625 321.97052001953125 
525.4075927734375 25.429744720458984 322.90847778320312 
526.78143310546875 26.157482147216797 324.24990844726562 
525.76202392578125 25.473842620849609 325.21929931640625 
527.415283203125 26.336282730102539 326.46566772460938 
526.1527099609375 25.55877685546875 327.40890502929688 
527.797607421875 26.411985397338867 328.69720458984375 
526.398193359375 25.557083129882812 329.52725219726562 
527.69482421875 26.262090682983398 330.98974609375 
526.5802001953125 25.514337539672852 331.6845703125 
527.90460205078125 26.261379241943359 333.2791748046875 
528.13531494140625 26.271059036254883 335.56753540039062 
528.3387451171875 26.274782180786133 337.8643798828125 
528.20806884765625 26.052263259887695 340.50668334960938 
529.30902099609375 26.713447570800781 339.46762084960938 
530.4539794921875 27.140937805175781 341.0382080078125 
528.7564697265625 26.335271835327148 342.64578247070312 
532.1717529296875 39.857036590576172 384.71563720703125 
534.2880859375 39.723777770996094 383.74801635742188 
532.37060546875 38.526329040527344 383.04220581054688 
534.439453125 38.254241943359375 381.87387084960938 
532.53497314453125 37.059707641601562 381.25387573242188 
534.54168701171875 36.836032867431641 380.0235595703125 
532.61968994140625 35.693317413330078 379.395751953125 
532.63818359375 34.515213012695312 377.50189208984375 
534.59234619140625 34.566043853759766 376.24038696289062 
532.5960693359375 33.502456665039062 375.57373046875 
534.57965087890625 35.618152618408203 378.12872314453125 
532.47576904296875 32.593658447265625 373.60543823242188 
534.4437255859375 32.843666076660156 372.29312133789062 
532.3096923828125 31.777971267700195 371.55194091796875 
534.55413818359375 33.653514862060547 374.30038452148438 
534.26531982421875 32.114589691162109 370.20980834960938 
532.12176513671875 31.048784255981445 369.43087768554688 
531.908935546875 30.349206924438477 367.2574462890625 
533.778564453125 30.784830093383789 365.8399658203125 
531.6612548828125 29.724262237548828 365.09310913085938 
534.03985595703125 31.43333625793457 368.05288696289062 
531.40667724609375 29.151088714599609 362.901611328125 
533.20416259765625 29.666955947875977 361.39328002929688 
531.15216064453125 28.641822814941406 360.69741821289062 
533.4979248046875 30.198703765869141 363.6097412109375 
532.90252685546875 29.20037841796875 359.17913818359375 
530.8887939453125 28.205825805664062 358.50296020507812 
530.61602783203125 27.842008590698242 356.30569458007812 
532.27642822265625 28.4735107421875 354.76214599609375 
530.3411865234375 27.5389404296875 354.0830078125 
532.602783203125 28.809854507446289 356.9725341796875 
530.0260009765625 27.248311996459961 351.79052734375 
531.6298828125 27.907989501953125 350.269775390625 
529.68792724609375 26.964643478393555 349.5062255859375 
531.9486083984375 28.176116943359375 352.5328369140625 
531.32672119140625 27.669897079467773 347.97586059570312 
529.36431884765625 26.712648391723633 347.202880859375 
529.0552978515625 26.502111434936523 344.9178466796875 
530.75274658203125 27.283073425292969 343.33218383789062 
531.04150390625 27.462850570678711 345.64828491210938 
514.44873046875 22.040912628173828 213.5380859375 
515.26483154296875 21.464418411254883 216.23095703125 
515.72552490234375 20.462066650390625 213.81497192382812 
515.125244140625 20.951236724853516 211.57679748535156 
545.73828125 36.760757446289062 385.68267822265625 
544.03851318359375 37.220722198486328 384.53521728515625 
544.88702392578125 38.259830474853516 386.51992797851562 
546.63201904296875 37.477161407470703 387.47479248046875 
539.62237548828125 40.262779235839844 385.11660766601562 
540.97686767578125 39.016311645507812 384.2613525390625 
539.24359130859375 39.126796722412109 383.54452514648438 
541.77984619140625 40.450038909912109 386.75350952148438 
542.99884033203125 38.760589599609375 385.39959716796875 
542.04315185546875 37.198272705078125 382.86105346679688 
543.88897705078125 39.700313568115234 387.64410400390625 
544.99920654296875 36.014171600341797 384.16046142578125 
543.7548828125 35.786701202392578 382.71224975585938 
539.8248291015625 37.888511657714844 382.3155517578125 
539.6197509765625 41.415618896484375 387.0894775390625 
537.8372802734375 41.015666961669922 385.69873046875 
537.8143310546875 39.819591522216797 383.9656982421875 
537.91705322265625 38.497570037841797 382.33145141601562 
542.3646240234375 35.274524688720703 380.82180786132812 
540.35186767578125 36.305019378662109 380.64569091796875 
538.23358154296875 37.108444213867188 380.6796875 
544.1544189453125 34.173698425292969 381.21792602539062 
543.0933837890625 33.638404846191406 379.28445434570312 
540.9686279296875 34.735038757324219 378.86190795898438 
538.63909912109375 35.711971282958984 378.867919921875 
539.2188720703125 34.30731201171875 376.7933349609375 
542.01654052734375 33.192523956298828 377.29757690429688 
540.71075439453125 32.867961883544922 375.15655517578125 
538.4658203125 33.591014862060547 374.80169677734375 
538.8668212890625 32.791603088378906 373.16400146484375 
541.5364990234375 31.531610488891602 372.99407958984375 
538.77911376953125 32.031539916992188 370.93447875976562 
540.6475830078125 30.991775512695312 370.01910400390625 
543.021240234375 30.023061752319336 371.41900634765625 
542.12060546875 29.801322937011719 368.77810668945312 
538.27447509765625 31.416126251220703 368.46624755859375 
540.0355224609375 30.537948608398438 367.4683837890625 
541.55706787109375 29.488174438476562 366.40444946289062 
539.6788330078125 30.028575897216797 365.09457397460938 
537.873046875 30.821235656738281 366.05233764648438 
544.124755859375 28.706520080566406 369.94076538085938 
543.39971923828125 28.561136245727539 367.47280883789062 
541.20458984375 29.154504776000977 364.48684692382812 
542.810791015625 28.359285354614258 365.25164794921875 
539.816650390625 29.339624404907227 362.615234375 
542.1009521484375 28.26494026184082 363.12420654296875 
537.646240234375 30.25739860534668 363.65322875976562 
537.34881591796875 29.763111114501953 361.26712036132812 
539.16070556640625 28.983818054199219 360.00326538085938 
541.34771728515625 28.166604995727539 360.89028930664062 
540.74969482421875 27.982414245605469 358.64755249023438 
536.90875244140625 29.360445022583008 358.94677734375 
538.6572265625 28.695077896118164 357.74725341796875 
545.15716552734375 27.392570495605469 368.48226928710938 
544.5098876953125 27.271970748901367 366.14028930664062 
543.8968505859375 27.1466064453125 363.89761352539062 
543.29840087890625 27.037021636962891 361.67547607421875 
542.68609619140625 26.943613052368164 359.45779418945312 
540.2352294921875 27.801877975463867 356.54714965820312 
542.1124267578125 26.845508575439453 357.30984497070312 
536.5159912109375 29.019266128540039 356.71121215820312 
538.32476806640625 28.401399612426758 355.58053588867188 
546.1031494140625 26.023515701293945 367.02099609375 
545.506103515625 25.922723770141602 364.7415771484375 
544.96038818359375 25.808002471923828 362.50302124023438 
544.4266357421875 25.718360900878906 360.28976440429688 
543.8472900390625 25.675193786621094 358.10995483398438 
539.86590576171875 27.629487991333008 354.77432250976562 
541.5396728515625 26.776500701904297 355.27157592773438 
543.28143310546875 25.632661819458008 355.96734619140625 
536.26104736328125 28.699134826660156 354.46234130859375 
538.447021484375 27.939361572265625 353.18606567382812 
540.79876708984375 26.828094482421875 353.311279296875 
542.6702880859375 25.631233215332031 353.86087036132812 
540.03143310546875 26.859170913696289 351.22451782226562 
542.03192138671875 25.650861740112305 351.73550415039062 
537.84271240234375 27.734010696411133 350.66354370117188 
539.48931884765625 26.737367630004883 348.96810913085938 
541.4283447265625 25.636556625366211 349.5538330078125 
537.39739990234375 27.521551132202148 348.33163452148438 
539.031982421875 26.58448600769043 346.70053100585938 
540.8966064453125 25.565103530883789 347.31979370117188 
535.9808349609375 28.406845092773438 352.15570068359375 
535.58111572265625 28.149253845214844 349.811767578125 
537.02325439453125 27.329132080078125 346.03387451171875 
535.211669921875 27.915153503417969 347.42611694335938 
534.938232421875 27.709701538085938 345.10733032226562 
536.59478759765625 27.182590484619141 343.87176513671875 
538.56573486328125 26.456781387329102 344.45480346679688 
540.3931884765625 25.481117248535156 345.08175659179688 
539.85675048828125 25.431194305419922 342.84915161132812 
537.989013671875 26.406858444213867 342.28121948242188 
534.83013916015625 27.547740936279297 343.31893920898438 
535.91339111328125 27.158302307128906 341.89743041992188 
539.25701904296875 25.434049606323242 340.63702392578125 
537.27777099609375 26.432304382324219 340.11538696289062 
538.63995361328125 25.457351684570312 338.4000244140625 
536.62054443359375 26.430086135864258 337.86090087890625 
534.815673828125 27.22198486328125 339.76132202148438 
534.5228271484375 27.075244903564453 337.33206176757812 
538.0455322265625 25.475580215454102 336.149169921875 
536.05145263671875 26.405431747436523 335.5809326171875 
533.08392333984375 27.374311447143555 338.70187377929688 
533.90313720703125 27.037469863891602 335.17483520507812 
532.415283203125 27.313156127929688 336.9693603515625 
535.342529296875 26.455339431762695 333.3199462890625 
537.46484375 25.503242492675781 333.90420532226562 
531.733154296875 27.238735198974609 334.9248046875 
533.11431884765625 27.056468963623047 333.06448364257812 
534.37274169921875 26.571428298950195 330.79800415039062 
536.83746337890625 25.554109573364258 331.59658813476562 
531.191162109375 27.171573638916016 333.12872314453125 
531.8043212890625 27.113698959350586 331.2479248046875 
532.4281005859375 26.927452087402344 329.01458740234375 
534.40313720703125 26.310190200805664 328.17098999023438 
536.34710693359375 25.518524169921875 329.24542236328125 
533.75677490234375 27.556539535522461 341.93063354492188 
532.45263671875 27.471981048583984 340.43463134765625 
531.26336669921875 27.295759201049805 338.93197631835938 
530.029296875 27.003339767456055 336.86737060546875 
529.7037353515625 26.939050674438477 334.30722045898438 
529.64306640625 26.944046020507812 332.09466552734375 
529.93572998046875 26.993186950683594 329.53652954101562 
531.030517578125 27.003337860107422 327.67184448242188 
532.645751953125 26.739265441894531 326.8741455078125 
534.29193115234375 26.126430511474609 325.96240234375 
536.03753662109375 25.38899040222168 326.95999145507812 
529.3021240234375 26.878179550170898 327.18560791015625 
530.92327880859375 26.932502746582031 325.77389526367188 
532.6629638671875 26.565431594848633 324.71978759765625 
534.1719970703125 25.970552444458008 324.1025390625 
535.69195556640625 25.296707153320312 324.79922485351562 
536.64154052734375 35.226963043212891 377.37985229492188 
536.43121337890625 36.407794952392578 379.2672119140625 
536.6400146484375 34.236377716064453 375.44448852539062 
536.57025146484375 33.421611785888672 373.52633666992188 
536.51123046875 32.674037933349609 371.52651977539062 
545.30914306640625 34.697772979736328 383.06454467773438 
536.24481201171875 31.983041763305664 369.32058715820312 
535.90936279296875 31.326240539550781 367.011962890625 
535.6085205078125 30.716440200805664 364.69656372070312 
535.17218017578125 25.301162719726562 322.69329833984375 
532.992431640625 26.244401931762695 322.29815673828125 
530.8414306640625 26.833040237426758 323.53350830078125 
530.68902587890625 26.713523864746094 321.12503051757812 
532.56256103515625 26.13372802734375 319.64346313476562 
534.58966064453125 25.318965911865234 320.44662475585938 
528.9334716796875 26.809503555297852 324.97506713867188 
528.62933349609375 26.752450942993164 322.70166015625 
528.3800048828125 26.695354461669922 320.3497314453125 
530.408935546875 26.614635467529297 318.78060913085938 
532.185302734375 26.039508819580078 317.28482055664062 
534.14849853515625 25.247879028320312 318.10226440429688 
528.1505126953125 26.640922546386719 318.04214477539062 
530.090576171875 26.524042129516602 316.49447631835938 
531.77825927734375 25.972736358642578 315.03347778320312 
533.72296142578125 25.179452896118164 315.82623291015625 
527.87738037109375 26.578832626342773 315.77166748046875 
529.68505859375 26.455413818359375 314.25479125976562 
531.3348388671875 25.919256210327148 312.80819702148438 
533.286865234375 25.127765655517578 313.57952880859375 
527.4945068359375 26.507474899291992 313.501953125 
529.19891357421875 26.405105590820312 312.02459716796875 
530.87054443359375 25.87592887878418 310.59030151367188 
532.8271484375 25.08411979675293 311.347900390625 
528.75653076171875 26.350290298461914 309.77838134765625 
526.94781494140625 26.437252044677734 311.25369262695312 
530.4957275390625 25.804214477539062 308.39569091796875 
532.37152099609375 25.042324066162109 309.12933349609375 
531.93438720703125 24.990076065063477 306.96490478515625 
530.280029296875 25.69413948059082 306.47686767578125 
528.55377197265625 26.25932502746582 307.49179077148438 
526.4908447265625 26.381683349609375 308.9783935546875 
531.3267822265625 25.033510208129883 304.91091918945312 
528.89752197265625 26.004430770874023 304.895263671875 
526.324462890625 26.350833892822266 306.60284423828125 
526.18035888671875 26.307146072387695 304.188720703125 
528.41204833984375 25.92030143737793 302.30001831054688 
530.68560791015625 25.07862663269043 302.75320434570312 
525.891845703125 26.238498687744141 301.8804931640625 
527.99822998046875 25.842178344726562 300.01351928710938 
530.1954345703125 25.030399322509766 300.4654541015625 
525.5428466796875 26.168661117553711 299.63473510742188 
527.57000732421875 25.772319793701172 297.78436279296875 
529.72039794921875 24.982885360717773 298.26422119140625 
525.18280029296875 26.096426010131836 297.40997314453125 
527.13922119140625 25.694660186767578 295.55886840820312 
529.2496337890625 24.926136016845703 296.04684448242188 
524.81756591796875 26.025203704833984 295.16552734375 
528.7852783203125 24.857414245605469 293.812744140625 
526.7125244140625 25.614566802978516 293.31924438476562 
524.44500732421875 25.954795837402344 292.8927001953125 
526.28729248046875 25.53239631652832 291.0423583984375 
528.32159423828125 24.780025482177734 291.55386352539062 
530.119140625 23.812534332275391 292.18447875976562 
530.6142578125 23.877134323120117 294.45208740234375 
531.104736328125 23.927419662475586 296.6949462890625 
531.60101318359375 23.966598510742188 298.90646362304688 
532.11688232421875 23.989547729492188 301.10556030273438 
532.63311767578125 24.010566711425781 303.3143310546875 
533.1558837890625 24.016445159912109 305.4923095703125 
533.64544677734375 24.040899276733398 307.68402099609375 
534.11627197265625 24.074651718139648 309.9031982421875 
534.583251953125 24.115493774414062 312.13345336914062 
535.04730224609375 24.152919769287109 314.3720703125 
535.4920654296875 24.201305389404297 316.61917114257812 
535.93951416015625 24.259685516357422 318.88058471679688 
536.41558837890625 24.289346694946289 321.13858032226562 
536.9122314453125 24.301937103271484 323.36740112304688 
537.3775634765625 24.329143524169922 325.58489990234375 
537.81085205078125 24.382272720336914 327.8192138671875 
538.27166748046875 24.413095474243164 330.08123779296875 
538.80224609375 24.401590347290039 332.34332275390625 
539.33734130859375 24.37358283996582 334.58432006835938 
539.87158203125 24.353664398193359 336.81985473632812 
540.42962646484375 24.330156326293945 339.05853271484375 
540.998779296875 24.318658828735352 341.30886840820312 
541.55047607421875 24.320159912109375 343.5634765625 
542.08148193359375 24.347806930541992 345.80252075195312 
542.60748291015625 24.373052597045898 348.03253173828125 
543.1632080078125 24.374580383300781 350.24996948242188 
543.739501953125 24.3663330078125 352.44192504882812 
544.30517578125 24.366472244262695 354.60769653320312 
544.8607177734375 24.375391006469727 356.77703857421875 
545.39874267578125 24.403312683105469 358.95840454101562 
545.91033935546875 24.457742691040039 361.16567993164062 
546.42877197265625 24.537647247314453 363.38031005859375 
546.96136474609375 24.638813018798828 365.61944580078125 
535.326171875 30.175142288208008 362.39303588867188 
534.99932861328125 29.693376541137695 360.12063598632812 
534.64227294921875 29.285627365112305 357.88262939453125 
534.310302734375 28.939647674560547 355.6572265625 
534.0006103515625 28.640914916992188 353.43148803710938 
546.42724609375 35.219150543212891 384.81005859375 
547.4908447265625 35.760562896728516 386.52230834960938 
545.6407470703125 38.877311706542969 388.540283203125 
542.8446044921875 40.802364349365234 389.07565307617188 
544.5662841796875 39.982685089111328 389.75381469726562 
540.9083251953125 41.504055023193359 388.84347534179688 
543.4510498046875 40.878273010253906 391.0511474609375 
541.77484130859375 41.525791168212891 390.73931884765625 
533.67559814453125 28.367713928222656 351.16326904296875 
533.33404541015625 28.118038177490234 348.80828857421875 
532.90997314453125 27.867460250854492 346.12249755859375 
531.77349853515625 22.709535598754883 292.95376586914062 
532.28826904296875 22.759672164916992 295.21060180664062 
532.80426025390625 22.795038223266602 297.44058227539062 
533.3221435546875 22.821138381958008 299.6561279296875 
533.8348388671875 22.838020324707031 301.85540771484375 
534.33331298828125 22.861377716064453 304.04977416992188 
534.813232421875 22.894601821899414 306.25198364257812 
535.28668212890625 22.926950454711914 308.47103881835938 
535.760986328125 22.953701019287109 310.69219970703125 
536.23614501953125 22.979516983032227 312.93215942382812 
536.69952392578125 23.019325256347656 315.17974853515625 
537.1517333984375 23.064384460449219 317.42095947265625 
537.60845947265625 23.108711242675781 319.6739501953125 
538.08074951171875 23.131153106689453 321.91934204101562 
538.55804443359375 23.155002593994141 324.16796875 
539.0357666015625 23.174762725830078 326.402099609375 
539.51324462890625 23.181743621826172 328.63800048828125 
539.9996337890625 23.180261611938477 330.86587524414062 
540.5069580078125 23.158071517944336 333.10711669921875 
541.01239013671875 23.150348663330078 335.33535766601562 
541.5264892578125 23.141468048095703 337.583251953125 
542.062255859375 23.121866226196289 339.83871459960938 
542.60284423828125 23.106683731079102 342.11257934570312 
543.13330078125 23.108463287353516 344.37112426757812 
543.6639404296875 23.103071212768555 346.62356567382812 
544.1953125 23.086654663085938 348.85629272460938 
544.74005126953125 23.061578750610352 351.06719970703125 
545.28131103515625 23.045631408691406 353.2547607421875 
545.815673828125 23.038606643676758 355.46548461914062 
546.323486328125 23.050493240356445 357.6724853515625 
546.82110595703125 23.071161270141602 359.87762451171875 
547.30865478515625 23.112630844116211 362.08001708984375 
547.83203125 23.177236557006836 364.31619262695312 
531.26263427734375 22.645326614379883 290.69253540039062 
529.62030029296875 23.745651245117188 289.92138671875 
527.8555908203125 24.703861236572266 289.29098510742188 
524.07647705078125 25.887119293212891 290.60076904296875 
525.8612060546875 25.449378967285156 288.78231811523438 
523.7222900390625 25.816051483154297 288.322265625 
525.4351806640625 25.370458602905273 286.60049438476562 
527.36907958984375 24.638114929199219 287.0897216796875 
529.10980224609375 23.693418502807617 287.68557739257812 
530.739013671875 22.595874786376953 288.42514038085938 
523.40216064453125 25.747148513793945 286.09304809570312 
524.99078369140625 25.315868377685547 284.52978515625 
526.83758544921875 24.605810165405273 284.97021484375 
528.5838623046875 23.654182434082031 285.48638916015625 
530.21343994140625 22.553421020507812 286.19216918945312 
523.13079833984375 25.685022354125977 283.95626831054688 
524.56890869140625 25.280950546264648 282.82391357421875 
526.2086181640625 24.632232666015625 282.94134521484375 
528.002685546875 23.660846710205078 283.34780883789062 
529.6671142578125 22.532173156738281 283.97640991210938 
523.09368896484375 25.579168319702148 281.86380004882812 
525.21148681640625 24.831003189086914 280.89520263671875 
527.33978271484375 23.717279434204102 281.23776245117188 
529.0894775390625 22.535619735717773 281.80633544921875 
526.70257568359375 23.762092590332031 279.12786865234375 
528.49102783203125 22.557449340820312 279.656494140625 
524.9893798828125 24.657999038696289 278.73516845703125 
526.04351806640625 23.831205368041992 277.09609985351562 
527.90557861328125 22.576568603515625 277.52816772460938 
523.19256591796875 25.399408340454102 279.6353759765625 
523.58258056640625 25.044857025146484 277.09432983398438 
525.384765625 23.882951736450195 274.95541381835938 
527.325439453125 22.586204528808594 275.37619018554688 
523.1087646484375 24.942073822021484 274.55368041992188 
524.89666748046875 23.801097869873047 272.68594360351562 
526.7855224609375 22.548171997070312 273.1773681640625 
522.71502685546875 24.848627090454102 272.2620849609375 
524.44854736328125 23.700559616088867 270.44003295898438 
526.2833251953125 22.459196090698242 270.95339965820312 
522.32025146484375 24.757551193237305 270.01113891601562 
523.99310302734375 23.596609115600586 268.18905639648438 
525.79449462890625 22.362533569335938 268.72769165039062 
521.8895263671875 24.667507171630859 267.75018310546875 
523.51324462890625 23.503881454467773 265.94873046875 
525.291259765625 22.281003952026367 266.50961303710938 
521.43365478515625 24.575393676757812 265.4903564453125 
524.7847900390625 22.202291488647461 264.28024291992188 
523.0191650390625 23.420938491821289 263.69635009765625 
520.963623046875 24.499164581298828 263.21749877929688 
524.27392578125 22.12469482421875 262.036376953125 
522.52569580078125 23.342325210571289 261.44717407226562 
520.5003662109375 24.425901412963867 260.9661865234375 
522.04522705078125 23.269344329833984 259.22515869140625 
523.76300048828125 22.055353164672852 259.8089599609375 
525.2950439453125 20.737453460693359 260.50634765625 
525.83050537109375 20.809030532836914 262.75344848632812 
526.36663818359375 20.878265380859375 264.98837280273438 
526.90277099609375 20.94093132019043 267.20706176757812 
527.4359130859375 21.010692596435547 269.42141723632812 
527.96636962890625 21.086597442626953 271.63507080078125 
528.49652099609375 21.149080276489258 273.834228515625 
524.767333984375 20.657688140869141 258.27499389648438 
523.2572021484375 21.97266960144043 257.57077026367188 
520.04705810546875 24.360906600952148 258.73001098632812 
521.5546875 23.199676513671875 257.0047607421875 
519.57672119140625 24.300836563110352 256.49331665039062 
521.0589599609375 23.12925910949707 254.77305603027344 
522.742431640625 21.906398773193359 255.35408020019531 
524.24493408203125 20.580282211303711 256.04638671875 
525.6146240234375 19.162309646606445 256.84585571289062 
526.15167236328125 19.243803024291992 259.08206176757812 
526.6944580078125 19.330600738525391 261.32684326171875 
527.25506591796875 19.392078399658203 263.57180786132812 
527.8287353515625 19.440452575683594 265.81097412109375 
528.404296875 19.4832763671875 268.0333251953125 
528.9644775390625 19.536777496337891 270.24005126953125 
529.52001953125 19.588397979736328 272.43533325195312 
529.04534912109375 21.179967880249023 276.02059936523438 
529.59320068359375 21.208484649658203 278.19677734375 
530.14678955078125 21.222343444824219 280.36956787109375 
530.06890869140625 19.636445999145508 274.62918090820312 
530.61163330078125 19.682527542114258 276.81527709960938 
531.15863037109375 19.713987350463867 278.99868774414062 
525.0784912109375 19.092323303222656 254.62254333496094 
523.70703125 20.536920547485352 253.83309936523438 
522.209716796875 21.859279632568359 253.14088439941406 
519.09747314453125 24.248189926147461 254.25148010253906 
520.55084228515625 23.079807281494141 252.55979919433594 
524.5081787109375 19.090429306030273 252.396240234375 
523.1512451171875 20.516355514526367 251.60282897949219 
521.66827392578125 21.83091926574707 250.93247985839844 
518.62567138671875 24.188934326171875 252.0069580078125 
520.0286865234375 23.044784545898438 250.35459899902344 
518.1663818359375 24.132455825805664 249.78044128417969 
519.46075439453125 23.070348739624023 248.24192810058594 
521.07122802734375 21.864418029785156 248.74227905273438 
522.5687255859375 20.527320861816406 249.38070678710938 
523.93994140625 19.090610504150391 250.16864013671875 
517.7281494140625 24.086490631103516 247.63180541992188 
518.90185546875 23.169029235839844 246.51112365722656 
520.329345703125 22.062376022338867 246.66242980957031 
521.90313720703125 20.645912170410156 247.16490173339844 
523.3343505859375 19.136777877807617 247.93910217285156 
517.481201171875 23.939102172851562 245.52265930175781 
519.21112060546875 22.622524261474609 244.80830383300781 
521.00885009765625 21.015771865844727 244.94720458984375 
522.6390380859375 19.304941177368164 245.68435668945312 
517.4453125 23.643047332763672 243.30722045898438 
519.68328857421875 21.737022399902344 242.48390197753906 
521.82916259765625 19.617033004760742 243.35615539550781 
521.09735107421875 19.823398590087891 240.9755859375 
519.144775390625 21.652629852294922 239.77955627441406 
517.2713623046875 23.400674819946289 240.94332885742188 
520.5579833984375 19.824838638305664 238.64215087890625 
518.73291015625 21.548995971679688 237.43856811523438 
516.94720458984375 23.263687133789062 238.58067321777344 
520.0989990234375 19.770469665527344 236.3734130859375 
516.7060546875 23.084833145141602 236.27760314941406 
518.3746337890625 21.428798675537109 235.14990234375 
519.6510009765625 19.728851318359375 234.08074951171875 
516.51800537109375 22.871889114379883 233.98582458496094 
517.99822998046875 21.349422454833984 232.85835266113281 
519.20257568359375 19.710414886474609 231.79402160644531 
516.21221923828125 22.773771286010742 231.72897338867188 
517.5927734375 21.317193984985352 230.55801391601562 
518.75396728515625 19.713079452514648 229.52084350585938 
515.77020263671875 22.805986404418945 229.47158813476562 
517.158935546875 21.346027374267578 228.27444458007812 
518.3189697265625 19.725488662719727 227.25588989257812 
515.32470703125 22.864240646362305 227.20709228515625 
516.7330322265625 21.387552261352539 226.00689697265625 
517.90362548828125 19.756406784057617 224.99505615234375 
514.90240478515625 22.924196243286133 224.94584655761719 
516.32513427734375 21.439140319824219 223.74549865722656 
517.50103759765625 19.793315887451172 222.73464965820312 
514.49774169921875 22.992189407348633 222.68556213378906 
515.92889404296875 21.503437042236328 221.46627807617188 
517.10943603515625 19.831809997558594 220.44757080078125 
514.12078857421875 23.057451248168945 220.37825012207031 
515.57342529296875 21.530782699584961 219.07994079589844 
516.76446533203125 19.786046981811523 218.06655883789062 
513.76788330078125 23.117225646972656 217.96409606933594 
516.56085205078125 19.51356315612793 215.72390747070312 
516.49786376953125 19.036165237426758 213.8948974609375 
513.3450927734375 23.261098861694336 215.48468017578125 
512.857421875 23.495203018188477 213.08302307128906 
513.8768310546875 22.427585601806641 211.25691223144531 
516.07659912109375 19.366744995117188 212.04655456542969 
512.43035888671875 23.735061645507812 210.77861022949219 
513.40289306640625 22.779502868652344 209.40946960449219 
514.5416259765625 21.461944580078125 209.40538024902344 
515.57977294921875 19.78424072265625 209.79945373535156 
516.7156982421875 17.749567031860352 212.89598083496094 
516.297607421875 17.919734954833984 210.69125366210938 
530.70428466796875 21.242240905761719 282.55642700195312 
531.25238037109375 21.269052505493164 284.76480102539062 
531.78680419921875 21.304512023925781 287.00531005859375 
517.099853515625 17.754671096801758 215.00660705566406 
517.46929931640625 17.886270523071289 217.19876098632812 
517.87689208984375 17.939750671386719 219.47427368164062 
518.3114013671875 17.926239013671875 221.75489807128906 
518.74945068359375 17.913299560546875 224.01976013183594 
519.19189453125 17.9058837890625 226.2762451171875 
519.64208984375 17.918247222900391 228.51719665527344 
520.110107421875 17.915084838867188 230.76678466796875 
520.59344482421875 17.915380477905273 233.020263671875 
521.09124755859375 17.915962219238281 235.29791259765625 
521.59234619140625 17.927305221557617 237.55836486816406 
522.1221923828125 17.924755096435547 239.80380249023438 
522.71258544921875 17.853921890258789 242.06074523925781 
523.349609375 17.709142684936523 244.31864929199219 
523.988037109375 17.5770263671875 246.5626220703125 
532.310302734375 21.35161018371582 289.263916015625 
532.84210205078125 21.395383834838867 291.52090454101562 
533.36407470703125 21.45298957824707 293.77084350585938 
533.89434814453125 21.492786407470703 296.01385498046875 
534.41400146484375 21.522722244262695 298.23565673828125 
534.92767333984375 21.541233062744141 300.44772338867188 
535.4271240234375 21.565322875976562 302.65255737304688 
535.90478515625 21.599618911743164 304.84872436523438 
536.37908935546875 21.633230209350586 307.064208984375 
536.85015869140625 21.662460327148438 309.2894287109375 
537.32403564453125 21.685871124267578 311.52670288085938 
537.7996826171875 21.712005615234375 313.779052734375 
538.2603759765625 21.755428314208984 316.02127075195312 
538.72271728515625 21.799768447875977 318.25927734375 
539.1842041015625 21.832220077514648 320.50674438476562 
539.6524658203125 21.857860565185547 322.75531005859375 
540.13433837890625 21.870954513549805 325.00051879882812 
540.6143798828125 21.874750137329102 327.230224609375 
541.09503173828125 21.870473861694336 329.45391845703125 
524.58831787109375 17.516809463500977 248.782958984375 
525.1712646484375 17.512630462646484 251.00592041015625 
525.75006103515625 17.51466178894043 253.2373046875 
526.32171630859375 17.534561157226562 255.47212219238281 
526.882080078125 17.610267639160156 257.7225341796875 
527.44818115234375 17.685152053833008 259.9757080078125 
528.02008056640625 17.758722305297852 262.22726440429688 
528.60882568359375 17.808963775634766 264.4813232421875 
529.20404052734375 17.835731506347656 266.7132568359375 
529.7860107421875 17.873693466186523 268.92523193359375 
530.3590087890625 17.911457061767578 271.11856079101562 
530.9224853515625 17.951900482177734 273.31167602539062 
531.482177734375 18.002098083496094 275.496337890625 
532.0380859375 18.049501419067383 277.67840576171875 
531.7064208984375 19.756776809692383 281.19580078125 
532.59747314453125 18.088417053222656 279.86538696289062 
532.25543212890625 19.786096572875977 283.38980102539062 
533.14630126953125 18.133275985717773 282.04867553710938 
532.797607421875 19.827051162719727 285.617431640625 
533.6900634765625 18.18403434753418 284.2530517578125 
533.3319091796875 19.873767852783203 287.85916137695312 
534.23577880859375 18.230842590332031 286.4835205078125 
533.8558349609375 19.92314338684082 290.09963989257812 
534.7674560546875 18.288749694824219 288.71090698242188 
534.37664794921875 19.980667114257812 292.35726928710938 
535.30145263671875 18.344179153442383 290.95660400390625 
534.90966796875 20.023677825927734 294.60275268554688 
535.82647705078125 18.408454895019531 293.19512939453125 
535.43701171875 20.063625335693359 296.83587646484375 
535.94000244140625 20.111886978149414 299.05072021484375 
536.35101318359375 18.467189788818359 295.42410278320312 
536.85528564453125 18.543777465820312 297.65292358398438 
536.4326171875 20.148769378662109 301.25738525390625 
537.344482421875 18.611858367919922 299.8704833984375 
536.910400390625 20.190221786499023 303.45858764648438 
537.81805419921875 18.671674728393555 302.07907104492188 
537.3804931640625 20.225515365600586 305.6663818359375 
538.28558349609375 18.719823837280273 304.28512573242188 
537.8536376953125 20.258647918701172 307.8912353515625 
538.75616455078125 18.757871627807617 306.5142822265625 
538.32666015625 20.294868469238281 310.13888549804688 
539.22161865234375 18.805614471435547 308.75796508789062 
538.799560546875 20.328531265258789 312.38754272460938 
539.69549560546875 18.841279983520508 311.00384521484375 
539.26556396484375 20.370443344116211 314.63473510742188 
540.17218017578125 18.88011360168457 313.2506103515625 
539.732666015625 20.414968490600586 316.87689208984375 
540.64337158203125 18.923999786376953 315.4993896484375 
540.19744873046875 20.452133178710938 319.11962890625 
541.10870361328125 18.968963623046875 317.75152587890625 
540.66876220703125 20.469879150390625 321.37130737304688 
541.5784912109375 19.000204086303711 320.00509643554688 
536.24993896484375 37.736045837402344 381.08486938476562 
541.58905029296875 21.857484817504883 331.69149780273438 
541.14178466796875 20.488075256347656 323.62149047851562 
541.62396240234375 20.481056213378906 325.86907958984375 
542.1021728515625 20.474903106689453 328.10348510742188 
542.5946044921875 20.454065322875977 330.33251953125 
542.05023193359375 19.013282775878906 322.2640380859375 
542.52349853515625 19.013460159301758 324.5186767578125 
543.0048828125 18.995334625244141 326.75994873046875 
543.4912109375 18.98011589050293 328.99713134765625 
542.0870361328125 21.846103668212891 333.92779541015625 
543.08782958984375 20.451547622680664 332.57015991210938 
543.97967529296875 18.973094940185547 331.23516845703125 
542.59063720703125 21.828989028930664 336.18081665039062 
543.58087158203125 20.446695327758789 334.8160400390625 
544.470458984375 18.975446701049805 333.48834228515625 
543.0985107421875 21.829929351806641 338.44573974609375 
544.080322265625 20.450851440429688 337.09481811523438 
544.9613037109375 18.987682342529297 335.76388549804688 
543.61431884765625 21.818698883056641 340.71414184570312 
544.58929443359375 20.44334602355957 339.38079833984375 
545.465576171875 18.993494033813477 338.05169677734375 
544.1373291015625 21.803302764892578 342.99710083007812 
545.09869384765625 20.435146331787109 341.66583251953125 
545.97161865234375 18.991048812866211 340.34072875976562 
544.6566162109375 21.793340682983398 345.27093505859375 
545.608642578125 20.419218063354492 343.94723510742188 
546.486083984375 18.965620040893555 342.62979125976562 
545.17852783203125 21.766000747680664 347.52850341796875 
546.12774658203125 20.3861083984375 346.2215576171875 
547.001220703125 18.932737350463867 344.90472412109375 
545.7115478515625 21.723739624023438 349.75894165039062 
546.24908447265625 21.678382873535156 351.96292114257812 
546.7764892578125 21.643251419067383 354.16888427734375 
547.27960205078125 21.627500534057617 356.38577270507812 
546.65313720703125 20.339754104614258 348.468505859375 
547.19085693359375 20.275686264038086 350.68768310546875 
547.72894287109375 20.20953369140625 352.904541015625 
548.2347412109375 20.162534713745117 355.11447143554688 
547.76007080078125 21.619386672973633 358.59567260742188 
548.70916748046875 20.132614135742188 357.3221435546875 
548.23077392578125 21.628351211547852 360.8131103515625 
548.7156982421875 21.644197463989258 363.03842163085938 
547.5296630859375 18.87567138671875 347.14996337890625 
548.06414794921875 18.819326400756836 349.39089965820312 
548.59515380859375 18.753692626953125 351.61761474609375 
549.10076904296875 18.695314407348633 353.838134765625 
549.57537841796875 18.644783020019531 356.05010986328125 
549.16314697265625 20.109947204589844 359.5311279296875 
550.0274658203125 18.597967147827148 358.26513671875 
515.87188720703125 18.16172981262207 208.37446594238281 
514.9818115234375 20.41993522644043 207.26258850097656 
513.72900390625 22.306631088256836 207.58599853515625 
513.9892578125 21.829374313354492 205.77702331542969 
514.659912109375 20.532411575317383 204.67483520507812 
515.4713134765625 18.365636825561523 205.98361206054688 
549.62060546875 20.107702255249023 361.76492309570312 
550.45489501953125 18.551103591918945 360.46688842773438 
536.1103515625 39.141330718994141 382.86456298828125 
548.30657958984375 36.310192108154297 388.35842895507812 
547.24505615234375 37.879039764404297 389.42379760742188 
546.1015625 39.082061767578125 390.58978271484375 
548.70703125 36.687694549560547 390.31277465820312 
547.49212646484375 38.068195343017578 391.46755981445312 
544.85162353515625 40.053432464599609 391.80807495117188 
546.18072509765625 39.189243316650391 392.6904296875 
512.15118408203125 23.877298355102539 208.22540283203125 
512.78509521484375 23.229654312133789 205.8284912109375 
513.445068359375 22.408737182617188 203.97706604003906 
511.17056274414062 24.611989974975586 205.90936279296875 
511.87948608398438 24.032953262329102 203.86213684082031 
514.18402099609375 21.110933303833008 202.37335205078125 
512.6571044921875 23.249458312988281 201.93084716796875 
515.080322265625 18.709465026855469 203.574951171875 
548.78338623046875 36.991054534912109 392.39288330078125 
547.54229736328125 38.345050811767578 393.54147338867188 
542.3712158203125 41.488727569580078 392.23028564453125 
543.52459716796875 40.938289642333984 392.99441528320312 
544.84930419921875 40.240287780761719 393.90805053710938 
546.263427734375 39.527355194091797 394.73880004882812 
536.0357666015625 40.500782012939453 384.62548828125 
548.81573486328125 37.394039154052734 394.39505004882812 
547.62591552734375 38.738742828369141 395.49261474609375 
514.73236083984375 19.037485122680664 201.22615051269531 
513.558837890625 21.967330932617188 199.83773803710938 
514.4342041015625 19.162521362304688 198.91996765136719 
513.6024169921875 21.641073226928711 197.31803894042969 
514.18731689453125 19.043977737426758 196.70845031738281 
513.5928955078125 21.337673187255859 195.11865234375 
513.95050048828125 18.82567024230957 194.53924560546875 
513.5604248046875 20.917074203491211 192.70320129394531 
513.73431396484375 18.334323883056641 192.72538757324219 
513.577392578125 18.812524795532227 190.88713073730469 
513.339111328125 21.312156677246094 190.21273803710938 
513.39813232421875 18.982673645019531 188.64814758300781 
513.22808837890625 21.467092514038086 187.91949462890625 
513.24578857421875 19.061244964599609 186.38345336914062 
513.1466064453125 21.599637985229492 185.64974975585938 
513.1190185546875 19.157619476318359 184.1390380859375 
513.0997314453125 21.716529846191406 183.39334106445312 
513.03887939453125 19.271930694580078 181.9227294921875 
513.07861328125 21.874599456787109 181.14828491210938 
513.00384521484375 19.449132919311523 179.71881103515625 
513.08721923828125 22.081960678100586 178.90672302246094 
513.00616455078125 19.776542663574219 177.46539306640625 
513.1351318359375 22.362163543701172 176.69331359863281 
513.0858154296875 20.284170150756836 175.03240966796875 
513.1834716796875 22.79524040222168 174.88917541503906 
513.2652587890625 22.135492324829102 173.19332885742188 
513.02203369140625 19.725681304931641 172.67765808105469 
513.20892333984375 21.317270278930664 171.12962341308594 
512.9197998046875 19.305784225463867 170.87007141113281 
548.73394775390625 37.786731719970703 396.09622192382812 
532.92779541015625 27.697044372558594 343.67999267578125 
531.84228515625 27.595930099487305 344.22073364257812 
531.6583251953125 27.475378036499023 342.34658813476562 
504.69967651367188 25.153968811035156 159.01225280761719 
505.15179443359375 26.588451385498047 158.64692687988281 
505.3685302734375 29.660015106201172 157.06076049804688 
503.60171508789062 29.614156723022461 157.55708312988281 
506.03091430664062 28.102298736572266 157.90974426269531 
504.31341552734375 28.065629959106445 158.33505249023438 
531.6534423828125 27.472568511962891 342.3411865234375 
506.17230224609375 21.12841796875 158.8414306640625 
506.521484375 19.564641952514648 158.7794189453125 
507.33511352539062 18.291252136230469 159.01353454589844 
507.97720336914062 16.844825744628906 159.51518249511719 
508.32330322265625 15.464828491210938 160.19108581542969 
509.96310424804688 11.423798561096191 172.28602600097656 
495.13824462890625 31.610017776489258 159.16299438476562 
495.62026977539062 32.850170135498047 158.7786865234375 
497.04266357421875 32.366485595703125 158.25515747070312 
498.40896606445312 34.919925689697266 157.83695983886719 
496.50161743164062 34.170925140380859 158.39250183105469 
494.60647583007812 33.482421875 159.2510986328125 
493.86163330078125 32.164302825927734 159.61405944824219 
492.12396240234375 31.460315704345703 160.48941040039062 
490.48089599609375 30.715551376342773 161.3736572265625 
491.12020874023438 32.137382507324219 161.37449645996094 
492.79214477539062 32.819633483886719 160.26533508300781 
491.55233764648438 30.037282943725586 160.69186401367188 
489.84033203125 29.277942657470703 161.41743469238281 
493.30862426757812 30.821252822875977 159.97474670410156 
495.99099731445312 36.250389099121094 160.22261047363281 
492.53155517578125 35.006362915039062 165.76986694335938 
494.21331787109375 36.159374237060547 164.57267761230469 
492.50115966796875 34.817581176757812 163.45370483398438 
492.567626953125 34.302913665771484 161.48908996582031 
493.96420288085938 35.849643707275391 162.5706787109375 
494.21176147460938 35.378105163574219 160.79229736328125 
495.3642578125 36.492389678955078 161.65460205078125 
493.821044921875 34.217277526855469 160.1728515625 
497.25973510742188 35.798961639404297 158.93904113769531 
495.48599243164062 35.001316070556641 159.41378784179688 
497.86639404296875 30.526010513305664 158.94786071777344 
496.24761962890625 30.725574493408203 159.28350830078125 
494.63088989257812 29.696035385131836 160.048583984375 
498.295654296875 28.756608963012695 159.78056335449219 
498.86373901367188 26.964149475097656 160.20323181152344 
499.50637817382812 25.069114685058594 160.29922485351562 
500.1575927734375 23.112892150878906 160.17124938964844 
500.71011352539062 21.134519577026367 159.93247985839844 
501.19729614257812 19.108932495117188 159.66221618652344 
501.74581909179688 17.041603088378906 159.40750122070312 
502.31423950195312 15.025507926940918 159.20713806152344 
502.98583984375 13.18266773223877 159.11408996582031 
504.13217163085938 11.598193168640137 159.13653564453125 
492.897705078125 28.713844299316406 160.58219909667969 
491.0245361328125 27.849117279052734 161.03585815429688 
488.89743041992188 27.453277587890625 161.64593505859375 
490.28030395507812 25.828205108642578 161.25071716308594 
487.88418579101562 25.648872375488281 161.83566284179688 
488.75341796875 23.930444717407227 161.49653625488281 
486.86355590820312 23.868194580078125 162.00296020507812 
487.72079467773438 21.913444519042969 161.58505249023438 
485.92361450195312 22.108940124511719 162.13677978515625 
486.88787841796875 19.93256950378418 161.71153259277344 
485.04840087890625 20.428012847900391 162.37249755859375 
485.96853637695312 18.23785400390625 161.95875549316406 
484.24383544921875 18.851442337036133 162.80247497558594 
484.71774291992188 16.870759963989258 162.62886047363281 
503.104736328125 9.8932895660400391 159.47459411621094 
501.66354370117188 11.362116813659668 159.55329895019531 
502.08883666992188 8.239130973815918 159.94125366210938 
500.68551635742188 9.5407495498657227 160.053466796875 
500.08749389648438 7.5043191909790039 160.60591125488281 
498.2978515625 6.8416218757629395 161.70359802246094 
498.60711669921875 8.8297357559204102 160.92547607421875 
496.54376220703125 7.6029801368713379 162.30278015136719 
494.72897338867188 8.4716682434082031 162.77238464355469 
496.91329956054688 9.7456455230712891 161.404541015625 
492.85623168945312 9.4179668426513672 163.09193420410156 
494.95297241210938 10.546291351318359 161.85101318359375 
490.98745727539062 10.391803741455078 163.31396484375 
492.91925048828125 11.410327911376953 162.19105529785156 
489.17507934570312 11.357206344604492 163.39241027832031 
490.88485717773438 12.345978736877441 162.39414978027344 
487.44680786132812 12.290678977966309 163.41685485839844 
488.92098999023438 13.324123382568359 162.48600769042969 
485.8480224609375 13.23825740814209 163.41365051269531 
487.09408569335938 14.249649047851562 162.53863525390625 
485.268310546875 14.984870910644531 162.8052978515625 
486.62939453125 16.221115112304688 162.07357788085938 
496.35394287109375 29.024347305297852 160.01947021484375 
496.58822631835938 27.124500274658203 160.51069641113281 
497.197998046875 25.335166931152344 160.63275146484375 
498.06964111328125 23.435249328613281 160.54368591308594 
498.73843383789062 21.441240310668945 160.36973571777344 
499.26077270507812 19.433067321777344 160.17897033691406 
499.78506469726562 17.364953994750977 159.96257019042969 
500.3272705078125 15.238761901855469 159.79960632324219 
500.77880859375 13.108643531799316 159.66441345214844 
494.57275390625 27.650861740112305 160.60897827148438 
492.61947631835938 26.62037467956543 160.92192077636719 
494.6485595703125 25.506765365600586 160.88449096679688 
495.867919921875 23.716257095336914 160.815185546875 
496.7408447265625 21.756933212280273 160.68104553222656 
497.240478515625 19.765157699584961 160.56063842773438 
497.80963134765625 17.750089645385742 160.42277526855469 
498.36196899414062 15.652915000915527 160.32785034179688 
498.82681274414062 13.428033828735352 160.27461242675781 
499.1805419921875 11.122767448425293 160.31550598144531 
497.056884765625 11.883182525634766 160.92007446289062 
496.76968383789062 14.060067176818848 160.77520751953125 
494.91864013671875 12.632647514343262 161.37065124511719 
496.29873657226562 16.141725540161133 160.74650573730469 
494.56268310546875 14.679118156433105 161.15567016601562 
492.70791625976562 13.410967826843262 161.69113159179688 
495.75228881835938 18.139945983886719 160.76881408691406 
494.09585571289062 16.651996612548828 161.07447814941406 
492.24859619140625 15.371513366699219 161.45646667480469 
490.51425170898438 14.339739799499512 161.8897705078125 
488.47109985351562 15.414455413818359 161.9521484375 
490.02743530273438 16.369638442993164 161.59788513183594 
495.12957763671875 20.112632751464844 160.84611511230469 
493.65484619140625 18.672163009643555 161.03480529785156 
491.91156005859375 17.239927291870117 161.29544067382812 
494.81564331054688 21.943662643432617 160.908935546875 
492.95697021484375 20.893123626708984 161.07830810546875 
491.82357788085938 19.086942672729492 161.19747924804688 
489.97503662109375 18.337894439697266 161.40228271484375 
493.64349365234375 23.320581436157227 161.030029296875 
492.30667114257812 24.705051422119141 161.09844970703125 
490.53436279296875 23.816928863525391 161.24989318847656 
489.58001708984375 21.969470977783203 161.34527587890625 
488.71221923828125 19.918434143066406 161.45378112792969 
488.00933837890625 17.697698593139648 161.65638732910156 
490.69570922851562 20.444223403930664 161.2706298828125 
491.66552734375 22.419050216674805 161.18757629394531 
502.61871337890625 6.5215263366699219 160.97103881835938 
504.4998779296875 10.078011512756348 159.66297912597656 
503.68417358398438 8.1628751754760742 160.28848266601562 
510.97515869140625 23.257484436035156 253.7939453125 
511.23675537109375 23.923896789550781 252.24188232421875 
510.38772583007812 23.218982696533203 251.53395080566406 
494.45562744140625 35.817691802978516 166.32926940917969 
492.75173950195312 34.519962310791016 167.61152648925781 
492.99472045898438 34.311782836914062 169.78250122070312 
494.73056030273438 35.319580078125 168.17373657226562 
510.78399658203125 23.993000030517578 250.11837768554688 
509.8094482421875 23.197572708129883 249.26927185058594 
494.99514770507812 34.944328308105469 170.33930969238281 
495.3038330078125 34.500244140625 172.54512023925781 
493.29132080078125 33.981800079345703 171.98159790039062 
493.71170043945312 33.419971466064453 174.08003234863281 
494.18377685546875 32.686252593994141 176.03842163085938 
495.75564575195312 33.820816040039062 174.63902282714844 
494.64291381835938 31.905385971069336 177.98129272460938 
496.20700073242188 33.025115966796875 176.58099365234375 
495.1044921875 31.155195236206055 180.0418701171875 
496.723876953125 32.258747100830078 178.60542297363281 
495.56558227539062 30.453342437744141 182.16346740722656 
497.26126098632812 31.561578750610352 180.682373046875 
496.0166015625 29.811080932617188 184.31108093261719 
497.65542602539062 30.901239395141602 182.79072570800781 
496.4815673828125 29.26447868347168 186.498291015625 
498.08642578125 30.294763565063477 185.03578186035156 
496.9173583984375 28.767240524291992 188.68899536132812 
498.62130737304688 29.81330680847168 187.21737670898438 
497.32574462890625 28.287519454956055 190.928955078125 
499.00860595703125 29.34984016418457 189.39645385742188 
497.72796630859375 27.835529327392578 193.1844482421875 
499.3536376953125 28.888265609741211 191.6993408203125 
498.11660766601562 27.423601150512695 195.43647766113281 
499.73910522460938 28.48077392578125 193.99893188476562 
498.5078125 27.04449462890625 197.68373107910156 
500.12451171875 28.112541198730469 196.27580261230469 
498.90628051757812 26.690086364746094 199.93560791015625 
500.56411743164062 27.796100616455078 198.52891540527344 
499.32476806640625 26.370000839233398 202.20240783691406 
501.01840209960938 27.521894454956055 200.72381591796875 
499.75457763671875 26.075431823730469 204.468994140625 
501.36676025390625 27.224191665649414 202.94854736328125 
500.18258666992188 25.799032211303711 206.75140380859375 
501.72879028320312 26.939601898193359 205.26271057128906 
500.59039306640625 25.520256042480469 209.04133605957031 
502.15130615234375 26.696084976196289 207.56314086914062 
500.994873046875 25.242996215820312 211.31048583984375 
502.5552978515625 26.463027954101562 209.84877014160156 
501.41751098632812 24.979043960571289 213.57232666015625 
502.94027709960938 26.239892959594727 212.10911560058594 
501.99319458007812 24.85845947265625 215.81962585449219 
503.3797607421875 26.0479736328125 214.32635498046875 
502.58865356445312 24.763566970825195 218.06782531738281 
503.88180541992188 25.88093376159668 216.56684875488281 
504.34027099609375 25.706035614013672 218.86421203613281 
504.6727294921875 25.500812530517578 221.18382263183594 
504.9732666015625 25.294456481933594 223.46012878417969 
505.29400634765625 25.071367263793945 225.73066711425781 
510.30288696289062 24.05293083190918 247.96138000488281 
509.24176025390625 23.200374603271484 247.02578735351562 
509.86685180664062 24.151477813720703 245.80787658691406 
508.78985595703125 23.366708755493164 244.7457275390625 
509.46029663085938 24.283744812011719 243.61860656738281 
508.34121704101562 23.544809341430664 242.46488952636719 
505.6318359375 24.82215690612793 228.04145812988281 
503.03448486328125 24.549383163452148 220.34844970703125 
506.1197509765625 24.692098617553711 230.28105163574219 
506.548095703125 24.517097473144531 232.45130920410156 
506.98226928710938 24.305135726928711 234.56910705566406 
503.26492309570312 24.095203399658203 222.61599731445312 
503.57705688476562 23.672313690185547 224.89704895019531 
504.00375366210938 23.355918884277344 227.19578552246094 
504.44699096679688 23.057533264160156 229.49592590332031 
504.93173217773438 22.81318473815918 231.78901672363281 
505.5023193359375 22.730459213256836 234.03466796875 
506.08172607421875 22.684238433837891 236.2852783203125 
507.50790405273438 24.237791061401367 236.64747619628906 
506.84588623046875 23.028980255126953 238.35609436035156 
508.18795776367188 24.357107162475586 238.5938720703125 
507.90789794921875 23.743551254272461 240.19679260253906 
509.06015014648438 24.415170669555664 241.49674987792969 
524.835205078125 15.355779647827148 341.08407592773438 
501.69793701171875 3.9425048828125 165.09649658203125 
501.96603393554688 3.6469392776489258 167.11770629882812 
502.15036010742188 3.3900492191314697 169.12811279296875 
502.26031494140625 3.4160585403442383 171.1685791015625 
502.36026000976562 3.8406050205230713 173.1917724609375 
502.50103759765625 4.4218325614929199 175.21214294433594 
502.70855712890625 4.9894809722900391 177.27037048339844 
502.96282958984375 5.4775590896606445 179.39247131347656 
503.22903442382812 5.8856182098388672 181.54768371582031 
503.51126098632812 6.2295761108398438 183.72683715820312 
503.799560546875 6.5187721252441406 185.90878295898438 
504.10391235351562 6.7669315338134766 188.10023498535156 
504.42626953125 6.9827880859375 190.31063842773438 
504.74453735351562 7.1774992942810059 192.53314208984375 
505.0699462890625 7.3556647300720215 194.75735473632812 
505.39053344726562 7.4946255683898926 196.96629333496094 
505.69976806640625 7.5988101959228516 199.17550659179688 
506.01412963867188 7.6762394905090332 201.39918518066406 
506.31674194335938 7.7362899780273438 203.6451416015625 
506.623046875 7.7945585250854492 205.90354919433594 
506.92214965820312 7.8535604476928711 208.16966247558594 
507.19970703125 7.9135026931762695 210.43777465820312 
507.45022583007812 7.9698648452758789 212.70263671875 
507.68157958984375 8.0220451354980469 214.95806884765625 
507.91729736328125 8.0714111328125 217.21780395507812 
508.1763916015625 8.1198501586914062 219.48382568359375 
508.45596313476562 8.1740818023681641 221.75750732421875 
508.74966430664062 8.2325191497802734 224.02511596679688 
509.04971313476562 8.2925024032592773 226.30223083496094 
509.33847045898438 8.3601970672607422 228.57240295410156 
509.62445068359375 8.4291524887084961 230.85888671875 
509.89599609375 8.5074558258056641 233.15261840820312 
510.159912109375 8.594569206237793 235.43742370605469 
510.46435546875 8.6793193817138672 237.716552734375 
510.80142211914062 8.7629308700561523 239.9901123046875 
511.15478515625 8.8512248992919922 242.26828002929688 
511.4598388671875 8.9676074981689453 244.5460205078125 
511.74295043945312 9.1052494049072266 246.84507751464844 
511.98703002929688 9.2719402313232422 249.15080261230469 
512.2357177734375 9.4528512954711914 251.44886779785156 
512.48388671875 9.6396856307983398 253.73101806640625 
512.72021484375 9.8430185317993164 255.99591064453125 
512.9815673828125 10.044567108154297 258.23721313476562 
513.27227783203125 10.220383644104004 260.46005249023438 
513.565673828125 10.404288291931152 262.6600341796875 
513.9805908203125 10.486411094665527 264.84909057617188 
514.467529296875 10.500066757202148 267.04336547851562 
514.92803955078125 10.525130271911621 269.26889038085938 
515.37744140625 10.54607105255127 271.51544189453125 
515.834716796875 10.556083679199219 273.78240966796875 
515.71221923828125 11.00269889831543 275.30819702148438 
515.515625 11.636528968811035 276.72540283203125 
515.90447998046875 11.746743202209473 278.94970703125 
516.28924560546875 11.87159252166748 281.14984130859375 
516.6383056640625 12.04205322265625 283.33035278320312 
517.00347900390625 12.175758361816406 285.48501586914062 
517.38873291015625 12.264152526855469 287.64349365234375 
517.7734375 12.33133602142334 289.7967529296875 
518.1575927734375 12.388088226318359 291.9561767578125 
518.5308837890625 12.461384773254395 294.11898803710938 
518.89642333984375 12.549946784973145 296.29046630859375 
519.25537109375 12.642333984375 298.46603393554688 
519.6099853515625 12.707432746887207 300.63864135742188 
520.1588134765625 12.332056045532227 302.66531372070312 
519.44622802734375 13.892148971557617 302.54208374023438 
520.20489501953125 12.829209327697754 304.4412841796875 
519.61114501953125 14.514560699462891 304.6923828125 
524.81561279296875 14.708718299865723 339.59530639648438 
524.45263671875 15.851950645446777 338.82049560546875 
520.33221435546875 13.337640762329102 306.49810791015625 
519.9000244140625 14.872031211853027 306.96875 
524.59149169921875 14.678417205810547 337.76422119140625 
524.304443359375 14.679265975952148 335.60433959960938 
523.9686279296875 14.776217460632324 333.36685180664062 
523.61663818359375 14.886394500732422 331.12664794921875 
523.281982421875 14.954242706298828 328.885986328125 
522.95587158203125 14.992012023925781 326.65106201171875 
522.63946533203125 14.975338935852051 324.4486083984375 
522.42889404296875 14.756573677062988 322.59906005859375 
522.081787109375 15.025224685668945 320.79037475585938 
521.678955078125 15.261761665344238 318.53607177734375 
520.4744873046875 13.750949859619141 308.30532836914062 
520.1910400390625 15.242366790771484 309.23760986328125 
520.45721435546875 15.733146667480469 311.45538330078125 
520.70037841796875 16.37725830078125 313.58819580078125 
521.05743408203125 16.378559112548828 315.83514404296875 
521.41094970703125 16.366321563720703 318.114501953125 
521.76019287109375 16.346134185791016 320.4215087890625 
522.10205078125 16.34184455871582 322.74057006835938 
522.4415283203125 16.339292526245117 325.06878662109375 
522.77313232421875 16.329109191894531 327.37823486328125 
523.0994873046875 16.291261672973633 329.66607666015625 
523.43035888671875 16.222824096679688 331.935791015625 
523.77117919921875 16.119264602661133 334.22354125976562 
524.11676025390625 15.987998962402344 336.53012084960938 
491.42474365234375 33.946483612060547 165.91484069824219 
483.369873046875 13.35986328125 167.09503173828125 
483.79937744140625 12.721511840820312 169.01930236816406 
483.04757690429688 14.250369071960449 168.83270263671875 
482.71087646484375 15.104564666748047 167.11190795898438 
482.638427734375 16.044981002807617 168.76382446289062 
482.44940185546875 16.925994873046875 167.17005920410156 
524.63348388671875 17.347587585449219 341.68429565429688 
524.4105224609375 17.076135635375977 339.77047729492188 
524.659912109375 19.134391784667969 341.694580078125 
524.74481201171875 20.604030609130859 340.62020874023438 
482.75491333007812 17.928558349609375 168.62704467773438 
482.61685180664062 18.84663200378418 167.14076232910156 
483.0086669921875 19.819952011108398 168.60888671875 
482.99411010742188 20.757591247558594 167.1173095703125 
483.47332763671875 21.723695755004883 168.59889221191406 
483.58895874023438 22.657785415649414 167.08149719238281 
484.13949584960938 23.624994277954102 168.58975219726562 
484.43771362304688 24.520259857177734 166.96432495117188 
484.9427490234375 25.481178283691406 168.58210754394531 
485.52688598632812 26.240209579467773 166.72567749023438 
486.07583618164062 27.17460823059082 168.40353393554688 
486.70379638671875 27.937017440795898 166.52030944824219 
487.30023193359375 28.790180206298828 168.25140380859375 
487.8375244140625 29.646354675292969 166.43278503417969 
488.46664428710938 30.402673721313477 168.17977905273438 
489.01971435546875 31.286066055297852 166.30328369140625 
489.77093505859375 31.851217269897461 167.93055725097656 
490.36062622070312 32.803955078125 166.07377624511719 
491.15853881835938 33.171260833740234 167.59257507324219 
491.83840942382812 33.565395355224609 169.08773803710938 
491.77374267578125 33.236431121826172 171.08430480957031 
491.90829467773438 32.747547149658203 173.07733154296875 
492.1534423828125 32.035331726074219 175.01509094238281 
492.67901611328125 31.369009017944336 176.83615112304688 
493.35870361328125 30.714168548583984 178.86521911621094 
493.88934326171875 29.963651657104492 181.05886840820312 
494.29135131835938 29.199075698852539 183.22015380859375 
494.698974609375 28.530721664428711 185.36166381835938 
495.13262939453125 27.94207763671875 187.52302551269531 
495.5458984375 27.37725830078125 189.72537231445312 
495.90087890625 26.798925399780273 191.91777038574219 
496.3245849609375 26.367639541625977 194.07254028320312 
496.90493774414062 26.063932418823242 196.39010620117188 
497.3775634765625 25.673269271850586 198.72323608398438 
497.80886840820312 25.248077392578125 201.05625915527344 
498.18362426757812 24.801599502563477 203.31893920898438 
498.60745239257812 24.451595306396484 205.53823852539062 
499.0853271484375 24.194286346435547 207.76998901367188 
499.59759521484375 23.974227905273438 210.04806518554688 
500.10498046875 23.732078552246094 212.34095764160156 
524.0673828125 18.000478744506836 337.60305786132812 
500.64114379882812 23.512231826782227 214.65785217285156 
501.23126220703125 23.422378540039062 216.912353515625 
501.74871826171875 23.250774383544922 219.15492248535156 
502.16921997070312 22.903566360473633 221.38337707519531 
502.52609252929688 22.402486801147461 223.57785034179688 
523.7427978515625 18.053972244262695 335.318359375 
523.42010498046875 18.142644882202148 333.03363037109375 
523.1104736328125 18.200742721557617 330.76177978515625 
522.80267333984375 18.232168197631836 328.48068237304688 
522.487060546875 18.2396240234375 326.18142700195312 
522.164306640625 18.252426147460938 323.86212158203125 
521.83453369140625 18.266788482666016 321.54116821289062 
521.50360107421875 18.279821395874023 319.22491455078125 
521.1644287109375 18.298093795776367 316.92532348632812 
520.81304931640625 18.29240608215332 314.62615966796875 
498.70004272460938 5.8397669792175293 180.58364868164062 
498.95587158203125 6.1865062713623047 182.81449890136719 
497.18780517578125 6.7854328155517578 181.70791625976562 
497.17562866210938 6.2920393943786621 179.38444519042969 
495.69036865234375 7.4182090759277344 180.52680969238281 
495.58212280273438 6.9794988632202148 178.32038879394531 
494.26531982421875 8.0762386322021484 179.24784851074219 
493.9267578125 7.8131217956542969 177.35853576660156 
492.59225463867188 8.9759531021118164 178.15252685546875 
492.26824951171875 8.6874217987060547 176.43983459472656 
490.94882202148438 9.9603214263916016 177.41691589355469 
490.62954711914062 9.5377740859985352 175.62226867675781 
489.40658569335938 10.828836441040039 176.68659973144531 
489.05099487304688 10.292411804199219 174.9276123046875 
499.23129272460938 6.4839634895324707 185.02391052246094 
497.44464111328125 7.0811605453491211 183.81436157226562 
499.51974487304688 6.7492518424987793 187.22117614746094 
497.70785522460938 7.4036054611206055 186.09445190429688 
499.837158203125 6.9835896492004395 189.40223693847656 
497.71240234375 7.8537940979003906 188.26028442382812 
500.1610107421875 7.209754467010498 191.60414123535156 
498.36984252929688 7.9115910530090332 190.55949401855469 
500.47702026367188 7.4214258193969727 193.82122802734375 
498.69479370117188 8.1440029144287109 192.77423095703125 
500.78582763671875 7.6111135482788086 196.05488586425781 
499.07723999023438 8.3390617370605469 195.02525329589844 
501.0867919921875 7.7826962471008301 198.30130004882812 
499.42877197265625 8.5406312942504883 197.30143737792969 
501.40328979492188 7.9347739219665527 200.55844116210938 
499.77215576171875 8.7381706237792969 199.57762145996094 
501.73443603515625 8.0759439468383789 202.83430480957031 
500.1170654296875 8.9124431610107422 201.83203125 
502.06161499023438 8.2142820358276367 205.10972595214844 
500.48162841796875 9.0679206848144531 204.060546875 
502.36056518554688 8.3766803741455078 207.39888000488281 
500.82894897460938 9.2372770309448242 206.28424072265625 
502.58462524414062 8.5863075256347656 209.69078063964844 
501.13833618164062 9.4447956085205078 208.50860595703125 
502.7742919921875 8.8385457992553711 211.97439575195312 
501.39666748046875 9.7361297607421875 210.75517272949219 
502.95706176757812 9.1238222122192383 214.26698303222656 
501.63177490234375 10.091593742370605 212.99665832519531 
503.16180419921875 9.4228906631469727 216.54396057128906 
501.88284301757812 10.482858657836914 215.26759338378906 
503.39645385742188 9.7358283996582031 218.81884765625 
502.16152954101562 10.905892372131348 217.57463073730469 
503.7181396484375 9.9850072860717773 221.07823181152344 
502.49703979492188 11.273653984069824 219.89309692382812 
487.84283447265625 11.528437614440918 175.73426818847656 
487.36566162109375 10.860553741455078 173.9842529296875 
502.96597290039062 22.000707626342773 225.82203674316406 
503.47171020507812 21.700397491455078 228.11222839355469 
503.966796875 21.320274353027344 230.46775817871094 
504.46029663085938 20.987577438354492 232.75651550292969 
504.98056030273438 20.798858642578125 235.00201416015625 
524.37408447265625 20.266548156738281 338.36727905273438 
524.05517578125 20.103097915649414 336.24310302734375 
523.7491455078125 20.113731384277344 334.0201416015625 
523.466064453125 20.165672302246094 331.76568603515625 
523.16693115234375 20.176446914672852 329.49862670898438 
522.86114501953125 20.186132431030273 327.21121215820312 
522.54754638671875 20.197013854980469 324.90182495117188 
522.23126220703125 20.208139419555664 322.5863037109375 
521.9156494140625 20.224647521972656 320.28875732421875 
521.59454345703125 20.243118286132812 317.9970703125 
521.261962890625 20.264564514160156 315.69577026367188 
520.90771484375 20.232715606689453 313.40164184570312 
520.54693603515625 20.151973724365234 311.18118286132812 
520.2857666015625 20.386348724365234 309.10964965820312 
519.999755859375 20.681390762329102 306.77499389648438 
519.6253662109375 20.603866577148438 304.54669189453125 
519.305419921875 20.70073127746582 302.34112548828125 
519.01812744140625 20.944700241088867 300.0322265625 
518.6854248046875 21.097751617431641 297.6888427734375 
518.3077392578125 21.167613983154297 295.34356689453125 
517.8953857421875 21.168630599975586 293.008544921875 
517.4708251953125 21.142036437988281 290.67803955078125 
517.0462646484375 21.09593391418457 288.40036010742188 
516.61260986328125 21.041679382324219 286.14932250976562 
516.18841552734375 21.010673522949219 283.9853515625 
515.8140869140625 21.099954605102539 281.87606811523438 
515.48638916015625 21.308385848999023 279.75027465820312 
515.15740966796875 21.560409545898438 277.51434326171875 
514.77764892578125 21.736885070800781 275.23568725585938 
514.3795166015625 21.880027770996094 272.95806884765625 
513.96697998046875 22.002315521240234 270.67733764648438 
513.560302734375 22.127513885498047 268.38955688476562 
513.124267578125 22.234098434448242 266.07015991210938 
512.680908203125 22.336124420166016 263.75201416015625 
512.1983642578125 22.420297622680664 261.4271240234375 
511.75650024414062 22.574153900146484 259.09860229492188 
511.34280395507812 22.830059051513672 256.622802734375 
504.264404296875 9.9999713897705078 223.3328857421875 
502.94668579101562 11.470518112182617 222.22256469726562 
504.81076049804688 10.014923095703125 225.60536193847656 
503.46994018554688 11.508725166320801 224.52285766601562 
505.35113525390625 10.033175468444824 227.89080810546875 
504.00778198242188 11.507737159729004 226.78948974609375 
505.89202880859375 10.054116249084473 230.16531372070312 
504.52703857421875 11.499228477478027 228.99697875976562 
505.90216064453125 10.620855331420898 232.25205993652344 
504.95919799804688 11.566575050354004 230.97846984863281 
505.78509521484375 11.52072811126709 234.29246520996094 
504.827880859375 12.761932373046875 232.80110168457031 
505.82705688476562 12.402205467224121 236.361328125 
504.86688232421875 14.201863288879395 234.86708068847656 
484.61380004882812 12.024640083312988 170.87486267089844 
483.65249633789062 13.419652938842773 170.78009033203125 
485.84652709960938 11.389163970947266 172.62052917480469 
484.66415405273438 12.867234230041504 172.99154663085938 
486.20358276367188 12.175274848937988 174.52641296386719 
505.61068725585938 20.893936157226562 237.35688781738281 
506.31390380859375 21.205818176269531 239.6875 
507.22341918945312 22.249671936035156 241.47772216796875 
507.63992309570312 21.976144790649414 243.60418701171875 
508.10565185546875 21.748315811157227 245.85470581054688 
508.5650634765625 21.509956359863281 248.15574645996094 
509.01715087890625 21.264142990112305 250.44795227050781 
509.76971435546875 21.610906600952148 252.95848083496094 
510.25735473632812 21.391899108886719 255.40963745117188 
506.24050903320312 12.643110275268555 238.53681945800781 
505.38113403320312 14.568000793457031 237.38664245605469 
506.79989624023438 12.58209228515625 240.80894470214844 
505.93112182617188 14.635401725769043 239.77574157714844 
507.36782836914062 12.50261116027832 243.08157348632812 
506.50613403320312 14.481675148010254 242.07846069335938 
507.93704223632812 12.433756828308105 245.355224609375 
507.10281372070312 14.29493236541748 244.43861389160156 
508.522705078125 12.341550827026367 247.63722229003906 
507.62033081054688 14.650368690490723 246.98283386230469 
509.11279296875 12.243698120117188 249.91346740722656 
508.21673583984375 14.343605041503906 249.2469482421875 
509.81149291992188 11.93902587890625 252.11721801757812 
508.83782958984375 14.009086608886719 251.5181884765625 
510.54135131835938 11.61021900177002 254.28636169433594 
509.46990966796875 13.605957984924316 253.65110778808594 
510.91717529296875 11.868587493896484 256.50375366210938 
510.05279541015625 13.222621917724609 255.53219604492188 
511.33657836914062 12.062174797058105 258.7786865234375 
510.29217529296875 13.956112861633301 257.54290771484375 
511.78372192382812 12.207489967346191 261.01593017578125 
510.70489501953125 14.264443397521973 259.6636962890625 
512.24359130859375 12.315935134887695 263.2542724609375 
511.24227905273438 14.298964500427246 262.05010986328125 
512.71124267578125 12.403002738952637 265.50482177734375 
511.759765625 14.540871620178223 264.56988525390625 
513.18841552734375 12.43216609954834 267.75531005859375 
512.3446044921875 14.356971740722656 267.06332397460938 
513.676513671875 12.413669586181641 270.02142333984375 
512.85736083984375 14.300904273986816 269.42642211914062 
514.18548583984375 12.333494186401367 272.29275512695312 
513.36767578125 14.154140472412109 271.70489501953125 
514.810791015625 12.033076286315918 274.52679443359375 
513.910400390625 13.866239547729492 273.93081665039062 
514.49566650390625 13.45677375793457 276.0687255859375 
515.02093505859375 13.2064208984375 278.14678955078125 
515.3896484375 13.528684616088867 280.46075439453125 
515.68548583984375 13.932233810424805 282.52163696289062 
516.07891845703125 14.078243255615234 284.68667602539062 
516.46466064453125 14.231998443603516 286.87265014648438 
516.8502197265625 14.361743927001953 289.06320190429688 
517.23406982421875 14.461862564086914 291.24908447265625 
517.61962890625 14.542584419250488 293.4476318359375 
518.01092529296875 14.608098030090332 295.65267944335938 
518.404541015625 14.653769493103027 297.88369750976562 
518.8271484375 14.582450866699219 300.1695556640625 
520.4327392578125 18.065690994262695 312.29598999023438 
520.06298828125 17.753635406494141 310.04342651367188 
519.71826171875 16.878049850463867 307.74749755859375 
519.3692626953125 16.612001419067383 305.470458984375 
519.1087646484375 16.040090560913086 303.53683471679688 
518.7584228515625 16.392551422119141 301.69216918945312 
492.81585693359375 11.802837371826172 185.95066833496094 
492.74075317382812 12.807772636413574 187.53388977050781 
491.6324462890625 13.426450729370117 185.7176513671875 
491.65957641601562 12.320572853088379 184.049072265625 
492.957275390625 10.865421295166016 184.33433532714844 
494.29443359375 10.194275856018066 186.30253601074219 
494.10263061523438 11.125313758850098 188.093505859375 
491.95968627929688 11.157660484313965 182.51234436035156 
493.65017700195312 9.6281013488769531 182.81599426269531 
494.6480712890625 9.2889642715454102 184.56454467773438 
493.79803466796875 12.288458824157715 189.63514709472656 
492.6434326171875 14.079226493835449 189.11283874511719 
491.6826171875 14.646408081054688 187.27635192871094 
524.37152099609375 18.762229919433594 339.7508544921875 
490.69100952148438 15.152144432067871 185.39627075195312 
490.5677490234375 13.825905799865723 183.79025268554688 
490.53533935546875 12.610993385314941 182.06112670898438 
491.82009887695312 15.96097469329834 188.71217346191406 
490.89584350585938 16.620298385620117 186.83123779296875 
489.99374389648438 17.00311279296875 184.95545959472656 
489.6876220703125 15.444564819335938 183.48448181152344 
489.4774169921875 14.042425155639648 181.84854125976562 
495.99639892578125 8.6853408813476562 186.54330444335938 
495.58883666992188 9.5244150161743164 188.22480773925781 
495.30838012695312 10.546195983886719 190.29524230957031 
495.51681518554688 8.0723361968994141 182.72979736328125 
496.18020629882812 8.0867214202880859 184.71817016601562 
492.437255859375 10.117188453674316 181.11518859863281 
494.1851806640625 8.6806306838989258 181.20115661621094 
490.80029296875 11.458202362060547 180.57113647460938 
489.30081176757812 12.770627975463867 179.91891479492188 
519.8072509765625 18.78594970703125 307.9974365234375 
492.98504638671875 9.2032499313354492 179.80500793457031 
496.67105102539062 8.9492931365966797 189.76174926757812 
490.572509765625 32.490379333496094 169.61575317382812 
519.44842529296875 18.606716156005859 305.87838745117188 
491.46893310546875 10.240871429443359 179.24501037597656 
482.98068237304688 15.140850067138672 170.48088073730469 
482.83517456054688 17.006246566772461 170.40122985839844 
489.95852661132812 11.317543029785156 178.635498046875 
489.27957153320312 31.174478530883789 169.95655822753906 
519.0430908203125 18.341506958007812 303.515869140625 
483.02951049804688 18.924167633056641 170.2822265625 
488.51870727539062 12.150769233703613 177.675048828125 
483.3658447265625 20.853719711303711 170.26223754882812 
483.90921020507812 22.756549835205078 170.27665710449219 
484.65560913085938 24.648235321044922 170.28237915039062 
487.9893798828125 29.692953109741211 170.145751953125 
496.97744750976562 9.2399168014526367 191.72940063476562 
485.56985473632812 26.45866584777832 170.30531311035156 
486.72268676757812 28.132450103759766 170.24185180664062 
518.6810302734375 18.668689727783203 301.11984252929688 
518.32244873046875 18.909706115722656 298.75607299804688 
518.35626220703125 16.729389190673828 299.4825439453125 
517.92626953125 18.993429183959961 296.40835571289062 
517.95721435546875 16.826179504394531 297.210693359375 
517.50872802734375 18.991199493408203 294.0716552734375 
517.55035400390625 16.8272705078125 294.92996215820312 
517.07867431640625 18.94468879699707 291.72589111328125 
517.13818359375 16.781213760375977 292.6395263671875 
516.72479248046875 16.704130172729492 290.35604858398438 
516.316650390625 16.575111389160156 288.10919189453125 
516.64697265625 18.874011993408203 289.41567993164062 
515.89642333984375 16.402450561523438 285.8531494140625 
515.46136474609375 16.253910064697266 283.626953125 
515.0152587890625 16.206623077392578 281.40151977539062 
514.7740478515625 15.01877498626709 279.43853759765625 
514.3289794921875 15.299629211425781 277.53057861328125 
513.8614501953125 15.645443916320801 275.51992797851562 
516.216552734375 18.760263442993164 287.13916015625 
515.76806640625 18.617395401000977 284.89212036132812 
515.33270263671875 18.563657760620117 282.73049926757812 
514.96759033203125 18.845308303833008 280.7005615234375 
514.635498046875 19.368341445922852 278.56063842773438 
514.53851318359375 17.090644836425781 279.24539184570312 
514.11199951171875 17.518417358398438 277.12362670898438 
514.277099609375 19.724313735961914 276.36962890625 
513.692626953125 17.874267578125 274.97335815429688 
513.8876953125 19.993362426757812 274.12451171875 
513.47479248046875 20.208803176879883 271.83120727539062 
513.2618408203125 18.189170837402344 272.74789428710938 
513.37615966796875 16.012689590454102 273.38027954101562 
513.049560546875 20.388545989990234 269.52212524414062 
512.81842041015625 18.424234390258789 270.48153686523438 
512.89776611328125 16.285215377807617 271.1661376953125 
512.421142578125 16.442338943481445 268.90631103515625 
512.37237548828125 18.60565185546875 268.21823120117188 
511.94793701171875 16.564916610717773 266.68954467773438 
512.62628173828125 20.558860778808594 267.22735595703125 
511.9510498046875 18.852779388427734 266.02694702148438 
511.53543090820312 17.013833999633789 264.78057861328125 
511.10238647460938 16.569046020507812 262.76614379882812 
512.168212890625 20.673357009887695 264.888671875 
511.4556884765625 18.88160514831543 263.69879150390625 
511.6583251953125 20.717397689819336 262.54849243164062 
510.93121337890625 18.740419387817383 261.44949340820312 
510.5716552734375 16.533229827880859 260.40310668945312 
511.14456176757812 20.761190414428711 260.23501586914062 
510.68167114257812 20.991292953491211 257.87799072265625 
510.40628051757812 18.808027267456055 259.09698486328125 
509.92816162109375 19.167085647583008 256.76913452148438 
509.45669555664062 19.633991241455078 254.39234924316406 
509.99093627929688 16.587594985961914 257.86679077148438 
509.57302856445312 15.28618335723877 255.67074584960938 
509.39212036132812 17.432535171508789 255.31437683105469 
508.96994018554688 15.761965751647949 253.37641906738281 
508.83840942382812 17.869363784790039 252.89265441894531 
497.46115112304688 9.3991537094116211 193.95217895507812 
490.38815307617188 31.993101119995117 171.7078857421875 
489.04458618164062 30.538103103637695 171.988037109375 
487.71676635742188 28.966156005859375 172.08222961425781 
497.90335083007812 9.6145715713500977 196.25541687011719 
486.45880126953125 27.294422149658203 172.0892333984375 
485.36737060546875 25.55535888671875 172.08778381347656 
484.47732543945312 23.751388549804688 172.07321166992188 
483.8077392578125 21.870271682739258 172.08815002441406 
483.3701171875 19.913150787353516 172.11872863769531 
498.2869873046875 9.8544883728027344 198.53886413574219 
498.66000366210938 10.07716178894043 200.796875 
499.04306030273438 10.270290374755859 203.02020263671875 
499.44171142578125 10.456377029418945 205.21464538574219 
499.81951904296875 10.670027732849121 207.38845825195312 
500.16461181640625 10.952423095703125 209.55210876464844 
500.47845458984375 11.310409545898438 211.74879455566406 
500.80062866210938 11.736617088317871 213.99696350097656 
501.13705444335938 12.227615356445312 216.31051635742188 
501.50558471679688 12.726231575012207 218.70159912109375 
483.2166748046875 17.940017700195312 172.18228149414062 
483.2755126953125 16.019346237182617 172.26094055175781 
483.60455322265625 14.292232513427734 172.18887329101562 
508.999267578125 19.906806945800781 252.20124816894531 
508.38909912109375 16.234470367431641 251.07548522949219 
508.37994384765625 18.601249694824219 250.6368408203125 
508.07205200195312 19.3724365234375 248.77662658691406 
507.86642456054688 16.699834823608398 248.92204284667969 
507.6630859375 19.816886901855469 246.65052795410156 
507.4586181640625 17.476108551025391 247.12237548828125 
507.07199096679688 16.138002395629883 245.46835327148438 
507.00140380859375 18.174901962280273 244.99815368652344 
507.19503784179688 20.178060531616211 244.36491394042969 
506.56988525390625 16.356679916381836 243.394287109375 
506.0279541015625 16.659887313842773 241.17308044433594 
506.485107421875 18.456995010375977 242.74739074707031 
506.68392944335938 20.458086013793945 242.03585815429688 
505.95849609375 18.858699798583984 240.43467712402344 
505.40676879882812 18.906650543212891 238.18763732910156 
505.47607421875 16.763511657714844 238.88819885253906 
486.94296264648438 12.880927085876465 176.42105102539062 
487.77664184570312 13.509392738342285 178.31462097167969 
488.32223510742188 14.408060073852539 180.07435607910156 
488.6068115234375 15.684102058410645 181.54576110839844 
489.00869750976562 17.101593017578125 182.96237182617188 
501.94796752929688 13.070291519165039 221.06431579589844 
502.46319580078125 13.199423789978027 223.42762756347656 
503.02593994140625 13.179381370544434 225.81654357910156 
503.5799560546875 13.190715789794922 228.21261596679688 
504.12973022460938 13.189740180969238 230.55020141601562 
504.14486694335938 14.774955749511719 232.36857604980469 
495.9881591796875 10.640464782714844 192.74945068359375 
494.68038940429688 12.018710136413574 191.73558044433594 
496.5396728515625 10.855655670166016 195.12962341308594 
496.98574829101562 11.144094467163086 197.43202209472656 
497.41207885742188 11.44124698638916 199.69084167480469 
497.83425903320312 11.688721656799316 201.93319702148438 
498.26199340820312 11.918268203735352 204.13706970214844 
498.67181396484375 12.16908073425293 206.27362060546875 
499.07504272460938 12.440844535827637 208.38192749023438 
499.47137451171875 12.744185447692871 210.49996948242188 
499.87799072265625 13.106697082519531 212.68836975097656 
500.28302001953125 13.599010467529297 214.9954833984375 
500.70895385742188 14.152727127075195 217.38815307617188 
493.51470947265625 13.681387901306152 191.03704833984375 
492.66851806640625 15.493362426757812 190.56869506835938 
501.17047119140625 14.72893238067627 219.84437561035156 
495.34243774414062 12.16203784942627 194.05343627929688 
494.29534912109375 13.50447940826416 193.04925537109375 
493.43560791015625 15.186758995056152 192.42665100097656 
495.84536743164062 12.535740852355957 196.35267639160156 
496.30172729492188 12.900998115539551 198.52780151367188 
496.79055786132812 13.203203201293945 200.757568359375 
497.26312255859375 13.516195297241211 203.01942443847656 
497.6966552734375 13.862993240356445 205.1510009765625 
498.12796020507812 14.161293029785156 207.20549011230469 
498.58206176757812 14.428430557250977 209.26107788085938 
499.0552978515625 14.67097282409668 211.37590026855469 
499.536376953125 15.012869834899902 213.58985900878906 
500.03317260742188 15.542133331298828 215.96697998046875 
500.55401611328125 16.171592712402344 218.40739440917969 
494.89645385742188 13.828652381896973 195.29029846191406 
494.1258544921875 14.960023880004883 194.23223876953125 
495.32180786132812 14.488243103027344 197.41398620605469 
494.540771484375 15.794465065002441 196.14491271972656 
495.85415649414062 14.766644477844238 199.47483825683594 
495.06344604492188 16.694698333740234 198.31939697265625 
496.44070434570312 15.037298202514648 201.80905151367188 
496.89154052734375 15.624547958374023 203.95013427734375 
497.3524169921875 16.083209991455078 205.98141479492188 
497.84439086914062 16.343530654907227 207.98954772949219 
498.36767578125 16.486442565917969 210.060791015625 
498.9024658203125 16.654687881469727 212.19857788085938 
499.45086669921875 16.88658332824707 214.40992736816406 
499.99566650390625 17.516387939453125 216.72441101074219 
495.76693725585938 16.415281295776367 200.49147033691406 
496.2408447265625 17.1773681640625 202.51217651367188 
496.77456665039062 18.001686096191406 204.60502624511719 
497.31948852539062 18.41215705871582 206.64179992675781 
497.89129638671875 18.473287582397461 208.78292846679688 
498.45947265625 18.504522323608398 210.91738891601562 
499.02239990234375 18.566638946533203 213.0460205078125 
499.56915283203125 18.637149810791016 215.12059020996094 
485.41165161132812 13.688584327697754 175.11015319824219 
484.17636108398438 14.758147239685059 173.89974975585938 
486.22665405273438 14.503291130065918 176.87104797363281 
487.04852294921875 15.015811920166016 178.43772888183594 
487.37033081054688 16.08551025390625 179.57627868652344 
501.69842529296875 14.992873191833496 222.21711730957031 
502.30062866210938 14.918769836425781 224.69358825683594 
502.90579223632812 14.842144012451172 227.20849609375 
503.51104736328125 14.929803848266602 229.84288024902344 
501.11761474609375 16.941709518432617 220.95388793945312 
500.52975463867188 18.175287246704102 218.84323120117188 
500.098876953125 19.770929336547852 216.8380126953125 
501.76715087890625 16.775615692138672 223.53134155273438 
502.38201904296875 16.612936019897461 226.03286743164062 
503.01409912109375 16.494583129882812 228.60809326171875 
503.6849365234375 16.892978668212891 231.48106384277344 
490.45785522460938 31.282649993896484 173.70506286621094 
490.6368408203125 30.382041931152344 175.69796752929688 
491.64358520507812 30.047574996948242 177.70616149902344 
492.34829711914062 29.393861770629883 179.88754272460938 
492.70867919921875 28.541225433349609 181.95726013183594 
489.03924560546875 29.737728118896484 173.89279174804688 
487.617431640625 28.02484130859375 173.81109619140625 
486.42831420898438 26.284814834594727 173.78338623046875 
485.44406127929688 24.500425338745117 173.76943969726562 
484.66476440429688 22.672468185424805 173.75263977050781 
484.11141967773438 20.759511947631836 173.79110717773438 
493.0367431640625 27.692903518676758 184.02671813964844 
483.86422729492188 18.793397903442383 173.86746215820312 
483.90853881835938 16.776304244995117 173.98382568359375 
484.97412109375 15.634903907775879 175.64846801757812 
493.46340942382812 26.984682083129883 186.115478515625 
493.9669189453125 26.350717544555664 188.30921936035156 
494.317626953125 25.639669418334961 190.42716979980469 
494.66641235351562 24.906467437744141 192.57386779785156 
495.46578979492188 24.769296646118164 195.02970886230469 
496.08767700195312 24.497650146484375 197.33399963378906 
496.5810546875 24.020862579345703 199.69015502929688 
496.96365356445312 23.401212692260742 201.93104553222656 
497.39193725585938 22.82359504699707 204.23207092285156 
497.88442993164062 22.477994918823242 206.43281555175781 
498.47430419921875 22.354410171508789 208.72769165039062 
499.04953002929688 22.197053909301758 211.01954650878906 
499.63214111328125 22.021749496459961 213.34181213378906 
500.20938110351562 21.779541015625 215.71963500976562 
488.93209838867188 28.643976211547852 175.4610595703125 
490.05413818359375 28.869436264038086 177.08952331542969 
490.99139404296875 28.755075454711914 178.78440856933594 
491.23904418945312 27.876907348632812 180.5279541015625 
491.54721069335938 26.952028274536133 182.40509033203125 
491.88134765625 25.963396072387695 184.40606689453125 
487.61199951171875 26.89805793762207 175.42929077148438 
486.56463623046875 25.139753341674805 175.38433837890625 
485.71331787109375 23.383270263671875 175.30722045898438 
485.07012939453125 21.536985397338867 175.31961059570312 
484.71392822265625 19.590385437011719 175.42251586914062 
484.73965454101562 17.597888946533203 175.60519409179688 
488.7603759765625 27.277311325073242 177.02610778808594 
489.8775634765625 27.475261688232422 178.73701477050781 
487.6875 25.626863479614258 176.96357727050781 
486.80322265625 23.932315826416016 176.89830017089844 
486.08746337890625 22.203689575195312 176.78025817871094 
485.63778686523438 20.357101440429688 176.84941101074219 
485.58062744140625 18.413455963134766 177.1351318359375 
485.93716430664062 16.437154769897461 177.41981506347656 
488.83734130859375 25.979621887207031 178.6683349609375 
490.12014770507812 26.392953872680664 180.52432250976562 
487.92306518554688 24.383329391479492 178.544921875 
489.13265991210938 24.83106803894043 180.37271118164062 
487.16970825195312 22.736715316772461 178.40200805664062 
486.5972900390625 21.082122802734375 178.24050903320312 
486.400634765625 19.289617538452148 178.41264343261719 
486.67575073242188 17.594795227050781 178.87492370605469 
487.9132080078125 17.249006271362305 180.92974853515625 
488.28927612304688 23.184465408325195 180.1422119140625 
487.658203125 21.586261749267578 179.914306640625 
487.19610595703125 20.122982025146484 179.61930847167969 
487.439697265625 18.700870513916016 180.25715637207031 
488.4959716796875 18.669523239135742 182.19654846191406 
488.11062622070312 20.182441711425781 181.26420593261719 
488.68505859375 21.860479354858398 181.69659423828125 
489.41790771484375 23.608388900756836 181.95579528808594 
490.44552612304688 25.348962783813477 182.30976867675781 
490.53164672851562 24.089153289794922 183.75892639160156 
489.69000244140625 22.173013687133789 183.50743103027344 
489.06649780273438 20.346210479736328 183.05532836914062 
489.4991455078125 18.721366882324219 184.19364929199219 
492.58944702148438 25.354160308837891 186.74371337890625 
491.45355224609375 24.338361740112305 185.44891357421875 
490.64663696289062 22.537590026855469 185.27618408203125 
490.00555419921875 20.53129768371582 184.95257568359375 
500.770263671875 21.69514274597168 217.89247131347656 
501.29428100585938 21.419918060302734 220.1680908203125 
501.69204711914062 20.862691879272461 222.2364501953125 
502.15414428710938 20.45897102355957 224.34515380859375 
502.6749267578125 20.16864013671875 226.57656860351562 
490.47396850585938 18.820720672607422 186.33567810058594 
491.32666015625 17.974443435668945 188.26315307617188 
492.15106201171875 17.341157913208008 190.19363403320312 
492.94778442382812 16.943746566772461 192.17851257324219 
493.72714233398438 16.582094192504883 194.21859741210938 
503.22079467773438 19.913778305053711 228.88229370117188 
492.93380737304688 24.507179260253906 188.66952514648438 
491.72463989257812 23.340866088867188 187.04966735839844 
490.93716430664062 21.167118072509766 186.76361083984375 
491.3687744140625 20.086448669433594 188.22120666503906 
491.99163818359375 19.291584014892578 189.93846130371094 
492.70553588867188 18.710483551025391 191.86972045898438 
493.49093627929688 18.290264129638672 194.04234313964844 
492.01199340820312 22.367612838745117 188.58628845214844 
492.345703125 21.468465805053711 190.05377197265625 
492.76449584960938 20.608736038208008 191.61183166503906 
493.43435668945312 22.814611434936523 191.90118408203125 
493.250732421875 23.724748611450195 190.44206237792969 
494.35806274414062 23.291748046875 193.97276306152344 
493.56619262695312 21.659955978393555 193.23233032226562 
493.42068481445312 19.988004684448242 193.65422058105469 
494.98251342773438 22.957830429077148 196.19639587402344 
494.2196044921875 21.416276931762695 195.28399658203125 
494.17788696289062 19.594413757324219 195.96153259277344 
494.279541015625 17.685611724853516 196.2598876953125 
495.61517333984375 22.861387252807617 198.24655151367188 
494.97552490234375 21.022859573364258 197.82684326171875 
494.8878173828125 18.92017936706543 198.23358154296875 
495.57211303710938 18.241571426391602 200.4521484375 
495.9697265625 22.082992553710938 200.2200927734375 
496.49099731445312 21.384647369384766 202.59498596191406 
497.01361083984375 20.482818603515625 205.02883911132812 
497.6851806640625 20.504997253417969 207.4781494140625 
498.29885864257812 20.453067779541016 209.77366638183594 
498.9029541015625 20.389873504638672 212.04269409179688 
499.51522827148438 20.30803108215332 214.37904357910156 
500.68002319335938 20.051042556762695 218.9197998046875 
501.0745849609375 19.247623443603516 220.80477905273438 
501.54782104492188 18.731515884399414 222.80088806152344 
502.10430908203125 18.515998840332031 225.05348205566406 
496.25936889648438 19.345314025878906 202.75442504882812 
502.66314697265625 18.304048538208008 227.33024597167969 
495.63436889648438 20.214839935302734 200.35031127929688 
503.21292114257812 18.120206832885742 229.56254577636719 
503.73126220703125 19.342134475708008 231.232666015625 
504.2076416015625 18.80436897277832 233.39393615722656 
504.32485961914062 16.567771911621094 234.06440734863281 
504.90484619140625 16.587276458740234 236.48403930664062 
504.79266357421875 18.752321243286133 235.79110717773438 
488.56832885742188 9.6254730224609375 170.41574096679688 
489.9759521484375 9.0806608200073242 169.24172973632812 
489.93292236328125 9.0118818283081055 171.5855712890625 
491.37814331054688 8.2810201644897461 170.60932922363281 
491.65679931640625 8.1127090454101562 172.43519592285156 
488.58554077148438 9.8877277374267578 172.79771423339844 
487.15081787109375 10.443840026855469 171.77833557128906 
490.26119995117188 9.1726789474487305 173.68002319335938 
486.10458374023438 11.239982604980469 166.63212585449219 
487.7237548828125 10.541969299316406 165.92286682128906 
486.8134765625 10.649710655212402 168.05720520019531 
487.38531494140625 10.229404449462891 169.61126708984375 
488.612060546875 9.8388290405273438 167.77302551269531 
485.18499755859375 11.593568801879883 168.69190979003906 
484.60934448242188 12.14862060546875 167.00181579589844 
485.960693359375 11.024922370910645 170.33183288574219 
491.81158447265625 8.0366487503051758 168.91778564453125 
493.14022827148438 7.0943737030029297 171.20637512207031 
493.29483032226562 6.9723291397094727 168.7061767578125 
494.59060668945312 6.0193099975585938 170.09381103515625 
489.40011596679688 9.7296247482299805 165.51318359375 
491.12026977539062 8.8430194854736328 165.31947326660156 
490.40673828125 8.9816045761108398 167.21632385253906 
492.14605712890625 7.9487543106079102 166.94187927246094 
496.03836059570312 4.9295792579650879 169.06758117675781 
494.75057983398438 5.9790315628051758 167.83865356445312 
493.74789428710938 6.9564433097839355 166.45085144042969 
492.5689697265625 8.1033458709716797 164.9405517578125 
496.08047485351562 4.9960899353027344 167.35183715820312 
497.37332153320312 4.1804304122924805 166.69207763671875 
497.55740356445312 3.8526012897491455 168.23362731933594 
495.29437255859375 5.794032096862793 165.58120727539062 
497.224365234375 4.5024828910827637 165.14070129394531 
493.98013305664062 7.3942828178405762 164.51470947265625 
491.96832275390625 8.3517379760742188 174.417236328125 
493.73553466796875 7.3912734985351562 175.16635131835938 
493.32647705078125 7.2523131370544434 173.17880249023438 
494.5552978515625 6.1812505722045898 171.89334106445312 
495.04693603515625 6.1399340629577637 173.6097412109375 
496.199462890625 4.9285368919372559 171.43338012695312 
497.72610473632812 3.7329425811767578 170.23033142089844 
497.92282104492188 3.847489595413208 172.2178955078125 
496.54458618164062 5.057337760925293 173.62277221679688 
498.161865234375 4.1870040893554688 174.24234008789062 
495.4217529296875 6.4176530838012695 175.84977722167969 
496.99716186523438 5.2749638557434082 175.41963195800781 
496.94363403320312 5.8730969429016113 177.31434631347656 
498.50439453125 5.3674731254577637 178.4013671875 
498.31036376953125 4.8170585632324219 176.27711486816406 
499.6385498046875 3.6663203239440918 165.30291748046875 
499.83993530273438 3.4122231006622314 167.33235168457031 
510.78274536132812 10.834782600402832 252.85275268554688 
510.92904663085938 10.281930923461914 251.26171875 
510.41082763671875 10.231460571289062 249.02067565917969 
509.88555908203125 10.190547943115234 246.76828002929688 
509.36196899414062 10.156271934509277 244.50996398925781 
508.85861206054688 10.099493980407715 242.25856018066406 
508.38516235351562 10.01627254486084 240.01072692871094 
508.1187744140625 9.7616338729858398 237.75263977050781 
507.86785888671875 9.5215425491333008 235.49256896972656 
507.63150024414062 9.2949504852294922 233.21957397460938 
507.48968505859375 9.041595458984375 230.95695495605469 
507.30755615234375 8.8377466201782227 228.69731140136719 
506.97186279296875 8.7233114242553711 226.41842651367188 
506.59024047851562 8.6331443786621094 224.14727783203125 
506.22296142578125 8.5417556762695312 221.87791442871094 
505.92388916015625 8.4234323501586914 219.62059020996094 
505.66146850585938 8.2952394485473633 217.35711669921875 
505.42593383789062 8.1622447967529297 215.08770751953125 
505.19570922851562 8.0323648452758789 212.81283569335938 
504.95358276367188 7.9125018119812012 210.53347778320312 
504.68045043945312 7.8020353317260742 208.26118469238281 
504.37985229492188 7.7022981643676758 205.99174499511719 
504.07266235351562 7.6041145324707031 203.72994995117188 
503.76507568359375 7.5075497627258301 201.48155212402344 
503.46438598632812 7.3968973159790039 199.25175476074219 
503.16717529296875 7.2723016738891602 197.046630859375 
502.87908935546875 7.120673656463623 194.84852600097656 
502.58587646484375 6.9402408599853516 192.65341186523438 
502.28225708007812 6.7287101745605469 190.46116638183594 
501.98233032226562 6.4959206581115723 188.26734924316406 
501.696044921875 6.2405290603637695 186.07902526855469 
501.40557861328125 5.9518589973449707 183.89352416992188 
501.13699340820312 5.6087007522583008 181.71189880371094 
500.8839111328125 5.1704211235046387 179.55738830566406 
500.65985107421875 4.6386532783508301 177.45654296875 
500.49066162109375 4.0479178428649902 175.38800048828125 
500.34161376953125 3.4805712699890137 173.35450744628906 
500.16604614257812 3.1289081573486328 171.32441711425781 
500.0010986328125 3.1672382354736328 169.33912658691406 
498.4952392578125 3.7473573684692383 166.67271423339844 
510.03671264648438 11.055826187133789 250.61427307128906 
498.73654174804688 3.5544848442077637 168.36334228515625 
509.41644287109375 11.145186424255371 248.37509155273438 
508.84552001953125 11.177304267883301 246.110107421875 
508.28982543945312 11.190607070922852 243.8580322265625 
507.7574462890625 11.177830696105957 241.60545349121094 
507.24856567382812 11.148062705993652 239.40792846679688 
506.74169921875 11.255256652832031 237.58660888671875 
506.75244140625 10.692834854125977 235.93934631347656 
506.72250366210938 10.245883941650391 234.24366760253906 
502.46148681640625 4.5441145896911621 163.90913391113281 
501.78009033203125 5.1938323974609375 162.18754577636719 
500.81515502929688 4.2331137657165527 163.66748046875 
483.09088134765625 14.87349796295166 165.69068908691406 
489.94970703125 32.222137451171875 164.442626953125 
489.46487426757812 31.458436965942383 163.19410705566406 
488.26876831054688 30.205165863037109 164.20243835449219 
488.84097290039062 30.950105667114258 164.92039489746094 
482.71426391601562 16.437088012695312 165.8453369140625 
483.09359741210938 16.514698028564453 164.51878356933594 
482.828857421875 18.194730758666992 165.03120422363281 
482.92337036132812 19.937234878540039 165.3388671875 
483.37982177734375 21.756681442260742 165.26060485839844 
484.14453125 23.484760284423828 165.07460021972656 
485.07907104492188 25.215221405029297 164.897705078125 
486.0938720703125 26.948905944824219 164.73934936523438 
487.15863037109375 28.655603408813477 164.59898376464844 
489.67745971679688 9.9502620697021484 164.62940979003906 
483.64376831054688 14.595969200134277 164.70437622070312 
488.113525390625 10.943184852600098 164.31703186035156 
486.35711669921875 11.688987731933594 164.67926025390625 
485.06784057617188 12.136752128601074 165.77227783203125 
484.658203125 12.869068145751953 164.9349365234375 
483.94400024414062 13.256499290466309 165.78631591796875 
496.8795166015625 6.631901741027832 162.73799133300781 
495.4451904296875 6.8470759391784668 163.7071533203125 
499.56350708007812 5.560427188873291 161.98948669433594 
497.24667358398438 5.5990571975708008 163.50814819335938 
498.8250732421875 4.5960803031921387 163.68516540527344 
484.12786865234375 20.722875595092773 163.19029235839844 
484.5531005859375 22.594533920288086 163.30511474609375 
484.97308349609375 21.772603988647461 162.67349243164062 
485.43234252929688 24.414054870605469 163.09765625 
485.65036010742188 23.285558700561523 162.55313110351562 
491.17459106445312 33.2801513671875 163.18806457519531 
486.52359008789062 24.834695816040039 162.41238403320312 
486.5372314453125 26.165338516235352 162.85887145996094 
488.70394897460938 29.727455139160156 162.52420043945312 
487.68246459960938 27.926794052124023 162.59512329101562 
484.638671875 14.181136131286621 163.81332397460938 
487.757568359375 28.951892852783203 163.44882202148438 
486.81878662109375 27.449457168579102 163.62539672851562 
484.0408935546875 15.792534828186035 163.55125427246094 
485.83505249023438 25.895700454711914 163.81416320800781 
484.66140747070312 23.793176651000977 164.04566955566406 
483.9732666015625 22.166711807250977 164.14723205566406 
483.49462890625 20.706743240356445 164.30206298828125 
483.4278564453125 19.222763061523438 163.94677734375 
483.59478759765625 17.566646575927734 163.58500671386719 
492.82479858398438 11.804211616516113 185.95748901367188 
525.95709228515625 -0.055621370673179626 396.02880859375 
526.66888427734375 -1.7553175687789917 395.42578125 
526.5758056640625 -1.6089215278625488 397.07656860351562 
528.4573974609375 -4.2084412574768066 396.92703247070312 
527.45501708984375 -3.1157245635986328 396.14508056640625 
526.060791015625 0.10101597011089325 397.88812255859375 
524.71490478515625 8.2964839935302734 397.66552734375 
525.66461181640625 1.901854395866394 398.26687622070312 
524.897216796875 6.1218099594116211 397.53350830078125 
525.1922607421875 3.9640355110168457 397.4111328125 
525.55413818359375 1.9050536155700684 396.59866333007812 
3 0 1 2 
3 3 1 0 
3 4 3 0 
3 5 3 4 
3 6 5 4 
3 7 5 6 
3 8 7 6 
3 9 7 8 
3 10 9 8 
3 11 9 10 
3 12 11 10 
3 13 11 12 
3 14 13 12 
3 15 13 14 
3 16 15 14 
3 17 15 16 
3 18 19 20 
3 21 22 23 
3 21 24 22 
3 25 22 24 
3 26 23 22 
3 27 22 25 
3 27 26 22 
3 28 21 23 
3 29 21 28 
3 30 21 29 
3 30 24 21 
3 18 27 25 
3 20 27 18 
3 31 27 20 
3 31 26 27 
3 32 30 29 
3 33 29 28 
3 33 32 29 
3 34 31 20 
3 35 31 34 
3 36 35 34 
3 37 36 34 
3 38 36 37 
3 39 36 38 
3 40 39 38 
3 41 39 40 
3 42 41 40 
3 43 41 42 
3 44 43 42 
3 45 43 44 
3 46 45 44 
3 47 45 46 
3 48 47 46 
3 49 47 48 
3 50 49 48 
3 51 49 50 
3 52 51 50 
3 53 51 52 
3 54 53 52 
3 55 53 54 
3 56 55 54 
3 57 55 56 
3 58 57 56 
3 59 57 58 
3 60 59 58 
3 61 59 60 
3 62 61 60 
3 63 61 62 
3 64 63 62 
3 65 63 64 
3 66 65 64 
3 67 65 66 
3 68 67 66 
3 69 67 68 
3 70 69 68 
3 71 69 70 
3 72 71 70 
3 73 71 72 
3 74 73 72 
3 75 73 74 
3 76 75 74 
3 77 75 76 
3 78 77 76 
3 79 77 78 
3 80 79 78 
3 81 79 80 
3 82 81 80 
3 83 81 82 
3 84 83 82 
3 85 83 84 
3 86 85 84 
3 87 85 86 
3 88 87 86 
3 89 87 88 
3 90 89 88 
3 91 89 90 
3 92 91 90 
3 93 91 92 
3 94 93 92 
3 95 93 94 
3 96 95 94 
3 97 95 96 
3 98 95 97 
3 99 98 97 
3 100 98 99 
3 101 100 99 
3 102 100 101 
3 103 102 101 
3 104 102 103 
3 105 104 103 
3 106 104 105 
3 107 106 105 
3 108 106 107 
3 109 108 107 
3 110 108 109 
3 111 110 109 
3 112 110 111 
3 113 112 111 
3 114 112 113 
3 115 114 113 
3 116 114 115 
3 117 116 115 
3 118 116 117 
3 119 118 117 
3 120 32 33 
3 121 118 119 
3 108 122 123 
3 108 110 122 
3 124 122 110 
3 112 124 110 
3 125 124 112 
3 114 125 112 
3 126 125 114 
3 116 126 114 
3 127 126 116 
3 128 127 116 
3 118 128 116 
3 129 128 118 
3 121 129 118 
3 130 129 121 
3 131 130 121 
3 132 130 131 
3 133 132 131 
3 134 132 133 
3 135 134 133 
3 136 134 135 
3 137 136 135 
3 138 136 137 
3 139 138 137 
3 140 138 139 
3 141 140 139 
3 142 140 141 
3 143 142 141 
3 144 142 143 
3 145 144 143 
3 146 144 145 
3 147 146 145 
3 148 146 147 
3 149 148 147 
3 150 148 149 
3 151 150 149 
3 152 150 151 
3 153 152 151 
3 154 152 153 
3 155 154 153 
3 156 154 155 
3 157 156 155 
3 158 156 157 
3 159 158 157 
3 160 158 159 
3 161 160 159 
3 162 160 161 
3 163 162 161 
3 164 162 163 
3 165 164 163 
3 166 164 165 
3 167 166 165 
3 168 166 167 
3 169 168 167 
3 170 168 169 
3 171 170 169 
3 172 170 171 
3 173 172 171 
3 174 172 173 
3 175 174 173 
3 176 174 175 
3 177 176 175 
3 178 176 177 
3 179 178 177 
3 180 178 179 
3 181 180 179 
3 182 180 181 
3 183 182 181 
3 184 182 183 
3 185 184 183 
3 186 184 185 
3 187 186 185 
3 188 186 187 
3 189 188 187 
3 190 188 189 
3 1 190 189 
3 191 190 1 
3 3 191 1 
3 192 191 3 
3 5 192 3 
3 193 192 5 
3 7 193 5 
3 194 193 7 
3 9 194 7 
3 195 194 9 
3 11 195 9 
3 196 195 11 
3 13 196 11 
3 197 196 13 
3 15 197 13 
3 198 197 15 
3 17 198 15 
3 199 198 17 
3 106 108 123 
3 199 200 201 
3 199 202 200 
3 17 202 199 
3 203 202 17 
3 16 203 17 
3 204 203 16 
3 205 204 16 
3 206 201 200 
3 207 208 209 
3 210 211 207 
3 210 212 213 
3 212 214 215 
3 214 216 217 
3 216 218 219 
3 218 220 221 
3 220 222 223 
3 222 224 225 
3 226 227 228 
3 229 230 231 
3 232 233 229 
3 234 235 232 
3 236 237 234 
3 238 239 236 
3 240 241 238 
3 242 243 240 
3 244 245 242 
3 246 247 244 
3 248 249 246 
3 248 250 251 
3 250 252 253 
3 252 254 255 
3 254 256 257 
3 256 258 259 
3 258 260 261 
3 260 262 263 
3 262 264 265 
3 264 266 267 
3 266 268 269 
3 268 270 271 
3 270 272 273 
3 272 274 275 
3 274 276 277 
3 276 278 279 
3 278 280 281 
3 280 282 283 
3 282 284 285 
3 284 286 287 
3 286 288 289 
3 288 290 291 
3 290 292 293 
3 292 294 295 
3 294 296 297 
3 296 298 299 
3 298 300 301 
3 300 302 303 
3 302 304 305 
3 304 306 307 
3 306 308 309 
3 308 310 311 
3 310 312 313 
3 312 314 315 
3 314 316 317 
3 316 318 319 
3 318 320 321 
3 320 322 323 
3 322 324 325 
3 122 326 327 
3 124 328 122 
3 329 330 125 
3 125 126 329 
3 126 127 331 
3 127 128 332 
3 333 334 335 
3 334 336 337 
3 335 337 130 
3 337 338 129 
3 339 340 341 
3 340 333 342 
3 341 342 134 
3 342 335 132 
3 343 344 345 
3 344 339 346 
3 345 346 138 
3 346 341 136 
3 345 347 343 
3 138 140 345 
3 348 349 350 
3 349 351 352 
3 350 352 144 
3 352 347 142 
3 353 354 355 
3 354 348 356 
3 355 356 148 
3 356 350 146 
3 357 358 359 
3 358 353 360 
3 359 360 152 
3 360 355 150 
3 359 361 357 
3 152 154 359 
3 362 363 364 
3 363 365 366 
3 364 366 158 
3 366 361 156 
3 367 368 369 
3 368 362 370 
3 369 370 162 
3 370 364 160 
3 371 372 373 
3 372 367 374 
3 373 374 166 
3 374 369 164 
3 373 375 371 
3 166 168 373 
3 376 377 378 
3 377 379 380 
3 378 380 172 
3 380 375 170 
3 381 382 383 
3 382 376 384 
3 383 384 176 
3 384 378 174 
3 385 386 387 
3 386 381 388 
3 387 388 180 
3 388 383 178 
3 387 389 385 
3 180 182 387 
3 390 391 392 
3 391 393 394 
3 392 394 186 
3 394 389 184 
3 395 396 397 
3 396 390 398 
3 397 398 190 
3 398 392 188 
3 399 400 401 
3 400 395 402 
3 401 402 192 
3 402 397 191 
3 401 403 399 
3 192 193 401 
3 404 405 406 
3 405 407 408 
3 406 408 195 
3 408 403 194 
3 409 410 411 
3 410 404 412 
3 411 412 197 
3 412 406 196 
3 206 413 201 
3 413 409 414 
3 201 414 199 
3 414 411 198 
3 197 198 411 
3 198 199 414 
3 411 414 409 
3 414 201 413 
3 195 196 406 
3 196 197 412 
3 406 412 404 
3 412 411 410 
3 193 194 403 
3 194 195 408 
3 403 408 407 
3 408 406 405 
3 403 401 193 
3 407 399 403 
3 190 191 397 
3 191 192 402 
3 397 402 395 
3 402 401 400 
3 186 188 392 
3 188 190 398 
3 392 398 390 
3 398 397 396 
3 182 184 389 
3 184 186 394 
3 389 394 393 
3 394 392 391 
3 389 387 182 
3 393 385 389 
3 176 178 383 
3 178 180 388 
3 383 388 381 
3 388 387 386 
3 172 174 378 
3 174 176 384 
3 378 384 376 
3 384 383 382 
3 168 170 375 
3 170 172 380 
3 375 380 379 
3 380 378 377 
3 375 373 168 
3 379 371 375 
3 162 164 369 
3 164 166 374 
3 369 374 367 
3 374 373 372 
3 158 160 364 
3 160 162 370 
3 364 370 362 
3 370 369 368 
3 154 156 361 
3 156 158 366 
3 361 366 365 
3 366 364 363 
3 361 359 154 
3 365 357 361 
3 148 150 355 
3 150 152 360 
3 355 360 353 
3 360 359 358 
3 144 146 350 
3 146 148 356 
3 350 356 348 
3 356 355 354 
3 140 142 347 
3 142 144 352 
3 347 352 351 
3 352 350 349 
3 347 345 140 
3 351 343 347 
3 134 136 341 
3 136 138 346 
3 341 346 339 
3 346 345 344 
3 130 132 335 
3 132 134 342 
3 335 342 333 
3 342 341 340 
3 128 129 338 
3 129 130 337 
3 338 337 336 
3 337 335 334 
3 338 336 332 
3 338 332 128 
3 332 331 127 
3 331 329 126 
3 330 328 124 
3 330 124 125 
3 328 326 122 
3 326 415 327 
3 324 327 415 
3 324 415 325 
3 325 323 322 
3 323 321 320 
3 321 319 318 
3 319 317 316 
3 317 315 314 
3 315 313 312 
3 313 311 310 
3 311 309 308 
3 309 307 306 
3 307 305 304 
3 305 303 302 
3 303 301 300 
3 301 299 298 
3 299 297 296 
3 297 295 294 
3 295 293 292 
3 293 291 290 
3 291 289 288 
3 289 287 286 
3 287 285 284 
3 285 283 282 
3 283 281 280 
3 281 279 278 
3 279 277 276 
3 277 275 274 
3 275 273 272 
3 273 271 270 
3 271 269 268 
3 269 267 266 
3 267 265 264 
3 265 263 262 
3 263 261 260 
3 261 259 258 
3 259 257 256 
3 257 255 254 
3 255 253 252 
3 253 251 250 
3 249 416 246 
3 251 249 248 
3 416 247 246 
3 247 245 244 
3 245 243 242 
3 243 241 240 
3 241 239 238 
3 239 237 236 
3 237 235 234 
3 235 233 232 
3 233 230 229 
3 230 228 231 
3 227 417 228 
3 224 227 226 
3 417 231 228 
3 226 225 224 
3 225 223 222 
3 223 221 220 
3 221 219 218 
3 219 217 216 
3 217 215 214 
3 215 213 212 
3 213 211 210 
3 211 208 207 
3 208 418 209 
3 200 419 206 
3 420 421 202 
3 420 203 422 
3 202 203 420 
3 203 204 422 
3 421 200 202 
3 421 419 200 
3 419 423 206 
3 423 419 424 
3 425 426 420 
3 426 427 421 
3 426 421 420 
3 419 421 427 
3 419 427 424 
3 428 429 430 
3 428 431 429 
3 432 431 428 
3 433 431 432 
3 434 433 432 
3 435 433 434 
3 436 433 435 
3 437 435 434 
3 438 435 437 
3 438 436 435 
3 439 436 438 
3 440 439 438 
3 441 438 437 
3 441 440 438 
3 442 439 440 
3 443 440 441 
3 444 440 443 
3 444 442 440 
3 445 444 443 
3 446 442 444 
3 447 444 445 
3 447 446 444 
3 448 446 447 
3 449 447 445 
3 450 447 449 
3 450 448 447 
3 451 448 450 
3 452 450 449 
3 453 450 452 
3 453 451 450 
3 454 451 453 
3 455 453 452 
3 456 453 455 
3 456 454 453 
3 457 454 456 
3 458 456 455 
3 459 456 458 
3 459 457 456 
3 460 457 459 
3 461 459 458 
3 462 459 461 
3 462 460 459 
3 463 460 462 
3 464 462 461 
3 465 462 464 
3 465 463 462 
3 466 463 465 
3 467 465 464 
3 468 465 467 
3 468 466 465 
3 469 466 468 
3 470 468 467 
3 471 468 470 
3 471 469 468 
3 472 469 471 
3 473 471 470 
3 474 471 473 
3 474 472 471 
3 475 474 473 
3 476 472 474 
3 477 474 475 
3 477 476 474 
3 478 477 475 
3 479 476 477 
3 480 477 478 
3 480 479 477 
3 481 480 478 
3 482 479 480 
3 483 480 481 
3 483 482 480 
3 484 483 481 
3 485 482 483 
3 486 483 484 
3 486 485 483 
3 487 486 484 
3 488 485 486 
3 489 486 487 
3 489 488 486 
3 490 489 487 
3 491 488 489 
3 492 489 490 
3 492 491 489 
3 493 492 490 
3 494 491 492 
3 495 492 493 
3 495 494 492 
3 496 495 493 
3 497 494 495 
3 498 495 496 
3 498 497 495 
3 499 498 496 
3 500 497 498 
3 501 498 499 
3 501 500 498 
3 502 501 499 
3 503 500 501 
3 504 501 502 
3 504 503 501 
3 505 504 502 
3 506 503 504 
3 507 504 505 
3 507 506 504 
3 508 507 505 
3 509 506 507 
3 510 507 508 
3 510 509 507 
3 511 510 508 
3 512 509 510 
3 513 510 511 
3 513 512 510 
3 514 513 511 
3 515 512 513 
3 516 513 514 
3 516 515 513 
3 517 516 514 
3 518 515 516 
3 519 516 517 
3 519 518 516 
3 520 519 517 
3 521 518 519 
3 522 519 520 
3 522 521 519 
3 523 522 520 
3 524 521 522 
3 525 522 523 
3 525 524 522 
3 526 428 430 
3 527 430 429 
3 528 430 527 
3 528 526 430 
3 529 526 528 
3 530 528 527 
3 531 528 530 
3 531 529 528 
3 532 529 531 
3 533 531 530 
3 534 531 533 
3 534 532 531 
3 535 532 534 
3 536 534 533 
3 537 534 536 
3 537 535 534 
3 538 535 537 
3 539 537 536 
3 540 537 539 
3 540 538 537 
3 541 540 539 
3 542 540 541 
3 543 540 542 
3 543 538 540 
3 544 543 542 
3 545 542 541 
3 546 542 545 
3 546 544 542 
3 547 544 546 
3 548 546 545 
3 549 546 548 
3 549 547 546 
3 550 547 549 
3 551 549 548 
3 552 549 551 
3 552 550 549 
3 553 550 552 
3 554 552 551 
3 555 552 554 
3 555 553 552 
3 556 553 555 
3 557 555 554 
3 558 555 557 
3 558 556 555 
3 559 556 558 
3 560 558 557 
3 561 558 560 
3 561 559 558 
3 562 559 561 
3 563 561 560 
3 564 561 563 
3 564 562 561 
3 565 562 564 
3 566 564 563 
3 567 564 566 
3 567 565 564 
3 568 565 567 
3 569 567 566 
3 570 567 569 
3 570 568 567 
3 571 568 570 
3 572 570 569 
3 573 570 572 
3 573 571 570 
3 574 571 573 
3 575 573 572 
3 574 573 575 
3 576 574 575 
3 577 574 576 
3 578 576 575 
3 577 576 578 
3 579 577 578 
3 580 577 579 
3 581 579 578 
3 580 579 581 
3 582 580 581 
3 583 525 523 
3 584 524 525 
3 585 525 583 
3 585 584 525 
3 586 585 583 
3 587 584 585 
3 588 585 586 
3 588 587 585 
3 589 588 586 
3 590 587 588 
3 591 588 589 
3 591 590 588 
3 592 591 589 
3 593 590 591 
3 594 591 592 
3 594 593 591 
3 595 580 582 
3 596 582 581 
3 597 582 596 
3 597 595 582 
3 598 594 592 
3 599 593 594 
3 600 594 598 
3 600 599 594 
3 601 600 598 
3 602 599 600 
3 603 600 601 
3 603 602 600 
3 604 602 603 
3 605 604 603 
3 606 604 605 
3 607 606 605 
3 608 603 601 
3 608 605 603 
3 609 605 608 
3 609 607 605 
3 610 595 597 
3 611 597 596 
3 612 597 611 
3 612 610 597 
3 613 610 612 
3 614 613 612 
3 615 612 611 
3 615 614 612 
3 616 613 614 
3 617 614 615 
3 617 616 614 
3 618 606 607 
3 619 607 609 
3 619 618 607 
3 620 618 619 
3 621 616 617 
3 418 622 623 
3 624 418 623 
3 418 624 209 
3 625 622 418 
3 626 625 418 
3 627 624 623 
3 628 625 626 
3 628 629 625 
3 630 625 629 
3 630 622 625 
3 418 631 626 
3 418 208 631 
3 632 633 634 
3 632 635 633 
3 636 634 633 
3 637 638 639 
3 637 640 638 
3 641 640 637 
3 642 640 641 
3 643 642 641 
3 644 642 643 
3 645 644 643 
3 646 644 645 
3 647 646 645 
3 648 646 647 
3 649 648 647 
3 650 648 649 
3 651 650 649 
3 652 650 651 
3 653 652 651 
3 654 652 653 
3 655 654 653 
3 656 654 655 
3 657 656 655 
3 658 656 657 
3 659 658 657 
3 660 658 659 
3 661 660 659 
3 662 660 661 
3 663 662 661 
3 664 662 663 
3 665 662 664 
3 620 665 664 
3 666 665 620 
3 619 666 620 
3 667 639 638 
3 668 669 670 
3 671 669 668 
3 672 671 668 
3 673 671 672 
3 674 673 672 
3 675 673 674 
3 676 675 674 
3 677 675 676 
3 678 677 676 
3 679 677 678 
3 680 679 678 
3 681 680 682 
3 681 679 680 
3 683 681 682 
3 684 681 683 
3 685 684 683 
3 686 687 688 
3 686 689 687 
3 690 687 689 
3 691 690 689 
3 692 690 691 
3 693 692 691 
3 694 692 693 
3 695 694 693 
3 696 694 695 
3 697 696 695 
3 698 696 697 
3 699 688 687 
3 700 687 690 
3 700 699 687 
3 701 690 692 
3 701 700 690 
3 702 692 694 
3 702 701 692 
3 703 694 696 
3 703 702 694 
3 704 703 696 
3 698 704 696 
3 705 698 697 
3 706 704 698 
3 707 698 705 
3 707 706 698 
3 708 688 699 
3 709 686 688 
3 710 688 708 
3 710 709 688 
3 711 710 708 
3 712 709 710 
3 713 710 711 
3 713 712 710 
3 714 713 711 
3 715 713 714 
3 716 715 714 
3 717 715 716 
3 718 713 715 
3 718 712 713 
3 719 715 717 
3 719 718 715 
3 720 719 717 
3 721 717 716 
3 721 720 717 
3 722 720 721 
3 723 720 722 
3 724 723 722 
3 725 723 724 
3 726 725 724 
3 727 725 726 
3 728 727 726 
3 729 727 728 
3 730 729 728 
3 731 729 730 
3 732 731 730 
3 733 731 732 
3 734 733 732 
3 735 733 734 
3 736 735 734 
3 737 735 736 
3 738 737 736 
3 739 737 738 
3 740 739 738 
3 741 739 740 
3 742 741 740 
3 743 741 742 
3 744 743 742 
3 745 743 744 
3 746 745 744 
3 747 745 746 
3 748 747 746 
3 749 747 748 
3 750 749 748 
3 751 749 750 
3 752 751 750 
3 753 751 752 
3 754 753 752 
3 755 753 754 
3 756 755 754 
3 757 755 756 
3 758 757 756 
3 759 757 758 
3 760 759 758 
3 761 759 760 
3 762 761 760 
3 763 761 762 
3 764 763 762 
3 765 763 764 
3 766 765 764 
3 767 765 766 
3 768 767 766 
3 769 767 768 
3 770 769 768 
3 771 769 770 
3 772 771 770 
3 773 771 772 
3 774 773 772 
3 775 773 774 
3 776 775 774 
3 777 775 776 
3 778 777 776 
3 779 777 778 
3 780 779 778 
3 781 779 780 
3 782 781 780 
3 783 781 782 
3 784 783 782 
3 785 783 784 
3 786 785 784 
3 787 785 786 
3 788 787 786 
3 789 787 788 
3 790 789 788 
3 791 789 790 
3 792 791 790 
3 793 791 792 
3 794 793 792 
3 795 793 794 
3 796 795 794 
3 797 795 796 
3 798 797 796 
3 799 797 798 
3 800 799 798 
3 801 799 800 
3 802 801 800 
3 803 801 802 
3 804 803 802 
3 805 803 804 
3 806 805 804 
3 807 805 806 
3 808 807 806 
3 809 807 808 
3 810 809 808 
3 811 809 810 
3 685 811 810 
3 812 685 683 
3 812 811 685 
3 813 683 682 
3 813 812 683 
3 814 682 680 
3 814 813 682 
3 815 680 678 
3 815 814 680 
3 816 678 676 
3 816 815 678 
3 817 676 674 
3 817 816 676 
3 818 674 672 
3 818 817 674 
3 819 672 668 
3 819 818 672 
3 820 670 669 
3 821 670 820 
3 822 707 705 
3 823 706 707 
3 824 707 822 
3 824 823 707 
3 825 668 670 
3 825 819 668 
3 826 670 821 
3 826 825 670 
3 427 826 821 
3 424 821 820 
3 424 427 821 
3 827 824 822 
3 828 824 827 
3 828 823 824 
3 426 826 427 
3 829 828 827 
3 830 831 832 
3 830 833 831 
3 834 831 833 
3 835 831 834 
3 836 831 835 
3 837 831 836 
3 837 832 831 
3 838 830 832 
3 839 832 837 
3 840 838 832 
3 839 840 832 
3 841 839 837 
3 842 837 836 
3 842 841 837 
3 630 830 838 
3 630 833 830 
3 629 833 630 
3 843 833 629 
3 843 834 833 
3 844 834 843 
3 845 834 844 
3 845 835 834 
3 846 835 845 
3 846 836 835 
3 847 836 846 
3 847 842 836 
3 622 630 838 
3 623 838 840 
3 623 622 838 
3 627 623 840 
3 848 840 839 
3 848 627 840 
3 849 842 847 
3 850 842 849 
3 850 841 842 
3 851 841 850 
3 852 841 851 
3 852 839 841 
3 853 839 852 
3 853 848 839 
3 854 855 856 
3 854 857 855 
3 858 857 854 
3 859 857 858 
3 224 859 858 
3 860 859 224 
3 222 860 224 
3 861 860 222 
3 220 861 222 
3 862 861 220 
3 218 862 220 
3 863 862 218 
3 216 863 218 
3 864 863 216 
3 214 864 216 
3 865 864 214 
3 212 865 214 
3 210 865 212 
3 866 865 210 
3 207 866 210 
3 867 866 207 
3 209 867 207 
3 868 867 209 
3 624 868 209 
3 869 868 624 
3 627 869 624 
3 870 869 627 
3 227 858 854 
3 227 224 858 
3 417 854 856 
3 417 227 854 
3 871 856 855 
3 231 856 871 
3 231 417 856 
3 872 869 870 
3 848 870 627 
3 873 870 848 
3 873 872 870 
3 853 873 848 
3 229 231 871 
3 874 875 876 
3 877 875 878 
3 879 880 878 
3 881 882 883 
3 884 881 885 
3 886 884 887 
3 888 886 889 
3 888 890 891 
3 892 893 894 
3 895 896 897 
3 897 898 895 
3 891 899 900 
3 899 898 900 
3 898 899 895 
3 896 893 897 
3 893 896 894 
3 890 901 891 
3 889 890 888 
3 901 899 891 
3 886 887 889 
3 884 885 887 
3 881 883 885 
3 882 879 883 
3 882 880 879 
3 880 877 878 
3 875 874 878 
3 875 902 876 
3 902 903 876 
3 892 904 905 
3 892 906 904 
3 907 906 892 
3 908 906 907 
3 909 908 907 
3 910 908 909 
3 911 910 909 
3 912 910 911 
3 913 912 911 
3 914 912 913 
3 915 912 914 
3 916 915 914 
3 917 914 913 
3 917 916 914 
3 918 916 917 
3 919 915 916 
3 920 916 918 
3 920 919 916 
3 893 892 905 
3 921 905 904 
3 922 905 921 
3 922 893 905 
3 923 920 918 
3 924 919 920 
3 925 920 923 
3 925 924 920 
3 897 893 922 
3 926 897 922 
3 927 922 921 
3 927 926 922 
3 898 897 926 
3 928 926 927 
3 928 898 926 
3 929 925 923 
3 930 925 929 
3 930 924 925 
3 900 898 928 
3 931 930 929 
3 932 351 933 
3 932 343 351 
3 934 343 932 
3 344 343 934 
3 935 344 934 
3 339 344 935 
3 936 339 935 
3 340 339 936 
3 937 340 936 
3 333 340 937 
3 938 333 937 
3 334 333 938 
3 939 334 938 
3 336 334 939 
3 940 336 939 
3 941 336 940 
3 332 336 941 
3 942 941 940 
3 943 941 942 
3 943 332 941 
3 331 332 943 
3 944 943 942 
3 945 943 944 
3 945 331 943 
3 329 331 945 
3 946 945 944 
3 947 945 946 
3 947 329 945 
3 948 932 933 
3 349 933 351 
3 949 933 349 
3 949 948 933 
3 950 947 946 
3 348 949 349 
3 950 330 947 
3 950 328 330 
3 951 328 950 
3 326 328 951 
3 952 326 951 
3 415 326 952 
3 953 415 952 
3 325 415 953 
3 954 325 953 
3 323 325 954 
3 955 323 954 
3 321 323 955 
3 956 321 955 
3 319 321 956 
3 957 319 956 
3 317 319 957 
3 958 317 957 
3 315 317 958 
3 959 315 958 
3 313 315 959 
3 960 313 959 
3 311 313 960 
3 961 311 960 
3 309 311 961 
3 962 309 961 
3 307 309 962 
3 963 307 962 
3 305 307 963 
3 964 305 963 
3 303 305 964 
3 965 303 964 
3 301 303 965 
3 966 301 965 
3 299 301 966 
3 967 299 966 
3 297 299 967 
3 968 297 967 
3 295 297 968 
3 969 295 968 
3 293 295 969 
3 970 293 969 
3 291 293 970 
3 971 291 970 
3 289 291 971 
3 972 289 971 
3 287 289 972 
3 973 287 972 
3 285 287 973 
3 974 285 973 
3 283 285 974 
3 975 283 974 
3 281 283 975 
3 976 281 975 
3 279 281 976 
3 977 279 976 
3 277 279 977 
3 978 277 977 
3 275 277 978 
3 979 275 978 
3 273 275 979 
3 980 273 979 
3 271 273 980 
3 981 271 980 
3 269 271 981 
3 982 269 981 
3 267 269 982 
3 983 267 982 
3 265 267 983 
3 984 265 983 
3 263 265 984 
3 985 263 984 
3 261 263 985 
3 986 261 985 
3 259 261 986 
3 987 259 986 
3 257 259 987 
3 988 257 987 
3 255 257 988 
3 989 255 988 
3 253 255 989 
3 990 253 989 
3 251 253 990 
3 991 251 990 
3 249 251 991 
3 992 249 991 
3 416 249 992 
3 993 416 992 
3 247 416 993 
3 994 247 993 
3 245 247 994 
3 995 245 994 
3 243 245 995 
3 996 243 995 
3 241 243 996 
3 997 241 996 
3 239 241 997 
3 998 239 997 
3 237 239 998 
3 999 237 998 
3 235 237 999 
3 1000 235 999 
3 233 235 1000 
3 1001 233 1000 
3 230 233 1001 
3 1002 230 1001 
3 228 230 1002 
3 1003 228 1002 
3 226 228 1003 
3 1004 226 1003 
3 225 226 1004 
3 1005 225 1004 
3 223 225 1005 
3 1006 223 1005 
3 221 223 1006 
3 1007 221 1006 
3 219 221 1007 
3 1008 219 1007 
3 217 219 1008 
3 1009 217 1008 
3 215 217 1009 
3 1010 215 1009 
3 213 215 1010 
3 1011 213 1010 
3 211 213 1011 
3 1012 211 1011 
3 208 211 1012 
3 1013 208 1012 
3 631 208 1013 
3 626 631 1013 
3 329 947 330 
3 609 1014 619 
3 609 1015 1014 
3 608 1015 609 
3 1016 1015 608 
3 601 1016 608 
3 1017 1016 601 
3 598 1017 601 
3 1018 1017 598 
3 592 1018 598 
3 1019 1018 592 
3 589 1019 592 
3 1020 1019 589 
3 586 1020 589 
3 1021 1020 586 
3 583 1021 586 
3 1022 1021 583 
3 523 1022 583 
3 1023 1022 523 
3 520 1023 523 
3 1024 1023 520 
3 517 1024 520 
3 1025 1024 517 
3 514 1025 517 
3 1026 1025 514 
3 511 1026 514 
3 1027 1026 511 
3 508 1027 511 
3 1028 1027 508 
3 505 1028 508 
3 1029 1028 505 
3 502 1029 505 
3 1030 1029 502 
3 499 1030 502 
3 1031 1030 499 
3 496 1031 499 
3 1032 1031 496 
3 493 1032 496 
3 1033 1032 493 
3 490 1033 493 
3 1034 1033 490 
3 487 1034 490 
3 1035 1034 487 
3 484 1035 487 
3 1036 1035 484 
3 481 1036 484 
3 1037 1036 481 
3 478 1037 481 
3 1038 1037 478 
3 475 1038 478 
3 1039 1038 475 
3 473 1039 475 
3 1040 1039 473 
3 470 1040 473 
3 1041 1040 470 
3 467 1041 470 
3 1042 1041 467 
3 464 1042 467 
3 1043 1042 464 
3 461 1043 464 
3 1044 1043 461 
3 458 1044 461 
3 1045 1044 458 
3 455 1045 458 
3 1046 1045 455 
3 452 1046 455 
3 1047 1046 452 
3 449 1047 452 
3 1048 1047 449 
3 445 1048 449 
3 1049 1048 445 
3 443 1049 445 
3 1050 1049 443 
3 441 1050 443 
3 1051 1050 441 
3 1052 1051 441 
3 437 1052 441 
3 1053 1052 437 
3 434 1053 437 
3 1054 1053 434 
3 432 1054 434 
3 1055 1054 432 
3 428 1055 432 
3 1056 1055 428 
3 526 1056 428 
3 1057 1056 526 
3 529 1057 526 
3 1058 1057 529 
3 532 1058 529 
3 1059 1058 532 
3 535 1059 532 
3 1060 1059 535 
3 538 1060 535 
3 543 1060 538 
3 666 619 1014 
3 1061 1062 1063 
3 1061 1064 1062 
3 1065 1062 1064 
3 1066 1062 1065 
3 1067 1066 1065 
3 1068 1066 1067 
3 1069 1068 1067 
3 1070 1068 1069 
3 1071 1070 1069 
3 1072 1070 1071 
3 1073 1072 1071 
3 1074 1073 1071 
3 1075 1073 1074 
3 1076 1075 1074 
3 1077 1075 1076 
3 1078 1077 1076 
3 1079 1077 1078 
3 1080 1079 1078 
3 1081 1079 1080 
3 1082 1081 1080 
3 1083 1081 1082 
3 1084 1083 1082 
3 1085 1083 1084 
3 1086 1085 1084 
3 1087 1085 1086 
3 1088 1087 1086 
3 1089 1087 1088 
3 1090 1089 1088 
3 1091 1089 1090 
3 206 1091 1090 
3 423 1091 206 
3 1092 1061 1063 
3 1093 1044 1094 
3 1093 1043 1044 
3 1095 1043 1093 
3 1042 1043 1095 
3 1096 1042 1095 
3 1041 1042 1096 
3 1097 1041 1096 
3 1040 1041 1097 
3 1098 1040 1097 
3 1039 1040 1098 
3 1099 1039 1098 
3 1100 1039 1099 
3 1101 1100 1099 
3 1102 1100 1101 
3 1103 1102 1101 
3 1104 1102 1103 
3 1105 1104 1103 
3 1106 1104 1105 
3 1107 1106 1105 
3 1108 1106 1107 
3 1109 1108 1107 
3 1110 1108 1109 
3 1111 1110 1109 
3 1112 1110 1111 
3 1113 1112 1111 
3 1114 1112 1113 
3 1115 1114 1113 
3 1116 1114 1115 
3 1117 1116 1115 
3 1118 1116 1117 
3 1119 1118 1117 
3 1120 1118 1119 
3 1121 1120 1119 
3 1122 1120 1121 
3 1123 1122 1121 
3 1124 1122 1123 
3 1125 1124 1123 
3 1126 1124 1125 
3 1127 1126 1125 
3 1128 1126 1127 
3 1129 1128 1127 
3 1130 1128 1129 
3 1131 1130 1129 
3 1132 1130 1131 
3 1133 1132 1131 
3 1134 1132 1133 
3 1135 1134 1133 
3 1136 1134 1135 
3 1137 1136 1135 
3 1138 1136 1137 
3 1139 1138 1137 
3 1140 1138 1139 
3 1141 1140 1139 
3 1142 1140 1141 
3 1143 1142 1141 
3 1144 1142 1143 
3 1145 1144 1143 
3 1146 1144 1145 
3 1147 1146 1145 
3 1148 1146 1147 
3 1149 1148 1147 
3 1150 1148 1149 
3 1151 1150 1149 
3 1152 1150 1151 
3 1153 1152 1151 
3 1154 1152 1153 
3 1155 1154 1153 
3 1156 1154 1155 
3 1157 1156 1155 
3 1158 1156 1157 
3 1159 1156 1158 
3 1160 1159 1158 
3 1161 1159 1160 
3 1162 1161 1160 
3 1163 1161 1162 
3 1164 1163 1162 
3 1165 1163 1164 
3 1166 1165 1164 
3 1167 1165 1166 
3 1168 1167 1166 
3 1169 1167 1168 
3 1170 1169 1168 
3 1171 1169 1170 
3 1092 1171 1170 
3 1172 1171 1092 
3 1063 1172 1092 
3 1173 1172 1063 
3 1062 1173 1063 
3 1174 1173 1062 
3 1066 1174 1062 
3 1175 1174 1066 
3 1068 1175 1066 
3 1176 1175 1068 
3 1070 1176 1068 
3 1177 1176 1070 
3 1072 1177 1070 
3 1178 1177 1072 
3 1073 1178 1072 
3 1179 1178 1073 
3 1075 1179 1073 
3 1180 1179 1075 
3 1077 1180 1075 
3 1181 1180 1077 
3 1079 1181 1077 
3 1182 1181 1079 
3 1081 1182 1079 
3 1183 1182 1081 
3 1083 1183 1081 
3 1184 1183 1083 
3 1085 1184 1083 
3 1185 1184 1085 
3 1087 1185 1085 
3 1186 1185 1087 
3 1089 1186 1087 
3 1187 1186 1089 
3 1091 1187 1089 
3 424 1187 1091 
3 423 424 1091 
3 1045 1094 1044 
3 1188 1094 1045 
3 1046 1188 1045 
3 1189 1188 1046 
3 1047 1189 1046 
3 1190 1189 1047 
3 1048 1190 1047 
3 1191 1190 1048 
3 1049 1191 1048 
3 1192 1191 1049 
3 1050 1192 1049 
3 1051 1192 1050 
3 1193 1194 1195 
3 1195 1196 1193 
3 1197 1198 1199 
3 1197 1200 1198 
3 1201 1200 1197 
3 1202 1201 1197 
3 1203 1197 1199 
3 1203 1202 1197 
3 1194 1203 1199 
3 1204 1203 1194 
3 1205 1194 1199 
3 1195 1194 1205 
3 1193 1204 1194 
3 1206 1204 1193 
3 1207 1206 1193 
3 1196 1207 1193 
3 1208 1195 1205 
3 1208 1196 1195 
3 1209 1199 1198 
3 1209 1205 1199 
3 1210 1205 1209 
3 1210 1208 1205 
3 1211 1198 1200 
3 1212 1198 1211 
3 1212 1209 1198 
3 1213 1209 1212 
3 1213 1210 1209 
3 1214 1213 1212 
3 1215 1212 1211 
3 1215 1214 1212 
3 1216 1215 1211 
3 1217 1211 1200 
3 1217 1216 1211 
3 1218 1200 1201 
3 1218 1217 1200 
3 1219 1214 1215 
3 1220 1215 1216 
3 1220 1219 1215 
3 1221 1216 1217 
3 1221 1220 1216 
3 1222 1217 1218 
3 1222 1221 1217 
3 1223 1204 1206 
3 1224 1206 1207 
3 1225 1206 1224 
3 1225 1223 1206 
3 1226 1220 1221 
3 1227 1221 1222 
3 1227 1226 1221 
3 1228 1220 1226 
3 1228 1219 1220 
3 1229 1228 1226 
3 1230 1226 1227 
3 1230 1229 1226 
3 1231 1228 1229 
3 1232 1231 1229 
3 1233 1229 1230 
3 1233 1232 1229 
3 1234 1231 1232 
3 1235 1232 1233 
3 1235 1234 1232 
3 1236 1225 1224 
3 637 1225 1236 
3 1237 1238 1239 
3 1237 1240 1238 
3 641 637 1236 
3 1241 641 1236 
3 643 641 1241 
3 1242 643 1241 
3 645 1242 1243 
3 645 643 1242 
3 647 1243 1244 
3 647 645 1243 
3 649 647 1244 
3 1245 649 1244 
3 651 649 1245 
3 1246 651 1245 
3 653 651 1246 
3 1247 653 1246 
3 655 653 1247 
3 1248 655 1247 
3 657 655 1248 
3 1249 657 1248 
3 659 657 1249 
3 1250 659 1249 
3 661 659 1250 
3 1251 661 1250 
3 663 661 1251 
3 1252 663 1251 
3 664 663 1252 
3 1253 664 1252 
3 620 664 1253 
3 1254 620 1253 
3 618 620 1254 
3 776 618 1254 
3 1255 572 1256 
3 1255 575 572 
3 1257 575 1255 
3 578 575 1257 
3 1258 1238 1240 
3 1259 1258 1240 
3 1260 1258 1259 
3 1261 1260 1259 
3 1262 1260 1261 
3 1263 1262 1261 
3 1264 1262 1263 
3 1265 1264 1263 
3 1266 1264 1265 
3 1267 1266 1265 
3 1268 1266 1267 
3 1269 1268 1267 
3 1270 1268 1269 
3 1271 1270 1269 
3 1272 1270 1271 
3 1273 1272 1271 
3 1274 1272 1273 
3 1275 1274 1273 
3 1276 1274 1275 
3 1277 1276 1275 
3 1278 1276 1277 
3 1279 1278 1277 
3 1280 1278 1279 
3 1281 1280 1279 
3 1282 1280 1281 
3 1283 1282 1281 
3 1284 1282 1283 
3 1285 1284 1283 
3 1286 1284 1285 
3 1287 1286 617 
3 617 1286 1285 
3 615 1287 617 
3 1288 1287 615 
3 611 1288 615 
3 120 1288 611 
3 596 120 611 
3 32 120 596 
3 581 32 596 
3 30 32 581 
3 578 30 581 
3 24 578 1257 
3 24 30 578 
3 25 1257 1255 
3 25 24 1257 
3 18 1255 1256 
3 18 25 1255 
3 569 1256 572 
3 19 1256 569 
3 19 18 1256 
3 1289 19 569 
3 566 1289 569 
3 1290 1289 566 
3 563 1290 566 
3 1291 1290 563 
3 560 1291 563 
3 1292 1291 560 
3 557 1292 560 
3 1293 1292 557 
3 554 1293 557 
3 1294 1293 554 
3 551 1294 554 
3 1295 1294 551 
3 548 1295 551 
3 1296 1295 548 
3 545 1296 548 
3 1297 1296 545 
3 541 1297 545 
3 1298 1297 541 
3 539 1298 541 
3 1299 1298 539 
3 536 1299 539 
3 1300 1299 536 
3 533 1300 536 
3 1301 1300 533 
3 530 1301 533 
3 1302 1301 530 
3 527 1302 530 
3 829 1302 527 
3 429 829 527 
3 828 829 429 
3 431 828 429 
3 823 828 431 
3 433 823 431 
3 706 823 433 
3 436 706 433 
3 704 706 436 
3 439 704 436 
3 703 704 439 
3 442 703 439 
3 702 703 442 
3 446 702 442 
3 701 702 446 
3 448 701 446 
3 700 701 448 
3 451 700 448 
3 699 700 451 
3 454 699 451 
3 708 699 454 
3 457 708 454 
3 711 708 457 
3 460 711 457 
3 714 711 460 
3 463 714 460 
3 716 714 463 
3 466 716 463 
3 721 716 466 
3 469 721 466 
3 722 721 469 
3 472 722 469 
3 724 722 472 
3 476 724 472 
3 726 724 476 
3 479 726 476 
3 728 726 479 
3 482 728 479 
3 730 728 482 
3 485 730 482 
3 732 730 485 
3 488 732 485 
3 734 732 488 
3 491 734 488 
3 736 734 491 
3 494 736 491 
3 738 736 494 
3 497 738 494 
3 740 738 497 
3 500 740 497 
3 742 740 500 
3 503 742 500 
3 744 742 503 
3 506 744 503 
3 746 744 506 
3 509 746 506 
3 748 746 509 
3 512 748 509 
3 750 748 512 
3 515 750 512 
3 752 750 515 
3 518 752 515 
3 754 752 518 
3 521 754 518 
3 756 754 521 
3 524 756 521 
3 758 756 524 
3 584 758 524 
3 760 758 584 
3 587 760 584 
3 762 760 587 
3 590 762 587 
3 764 762 590 
3 593 764 590 
3 766 764 593 
3 599 766 593 
3 768 766 599 
3 602 768 599 
3 770 768 602 
3 604 770 602 
3 772 770 604 
3 606 772 604 
3 774 772 606 
3 618 774 606 
3 776 774 618 
3 778 1254 1253 
3 778 776 1254 
3 780 1253 1252 
3 780 778 1253 
3 782 1252 1251 
3 782 780 1252 
3 784 1251 1250 
3 784 782 1251 
3 786 1250 1249 
3 786 784 1250 
3 788 1249 1248 
3 788 786 1249 
3 790 1248 1247 
3 790 788 1248 
3 792 1247 1246 
3 792 790 1247 
3 794 1246 1245 
3 794 792 1246 
3 796 1245 1244 
3 796 794 1245 
3 798 1244 1243 
3 798 796 1244 
3 800 1243 1242 
3 800 798 1243 
3 802 1242 1241 
3 802 800 1242 
3 804 1241 1236 
3 804 802 1241 
3 806 1236 1224 
3 806 804 1236 
3 639 1225 637 
3 639 1223 1225 
3 667 1223 639 
3 667 1204 1223 
3 1303 1204 667 
3 1303 1203 1204 
3 808 1224 1207 
3 808 806 1224 
3 810 1207 1196 
3 810 808 1207 
3 685 1196 1208 
3 685 810 1196 
3 684 1208 1210 
3 684 685 1208 
3 681 1210 1213 
3 681 684 1210 
3 679 1213 1214 
3 679 681 1213 
3 677 1214 1219 
3 677 679 1214 
3 675 1219 1228 
3 675 677 1219 
3 621 617 1285 
3 1304 1285 1283 
3 1304 621 1285 
3 1305 1283 1281 
3 1305 1304 1283 
3 1306 1203 1303 
3 1306 1202 1203 
3 1179 1201 1202 
3 1178 1202 1306 
3 1178 1179 1202 
3 1180 1201 1179 
3 1180 1218 1201 
3 673 1228 1231 
3 673 675 1228 
3 671 1231 1234 
3 671 673 1231 
3 669 671 1234 
3 1307 1234 1235 
3 1307 669 1234 
3 1308 1281 1279 
3 1308 1305 1281 
3 1309 1279 1277 
3 1309 1308 1279 
3 1310 1277 1275 
3 1310 1309 1277 
3 1311 1275 1273 
3 1311 1310 1275 
3 1312 1273 1271 
3 1312 1311 1273 
3 1313 1271 1269 
3 1313 1312 1271 
3 1314 1269 1267 
3 1314 1313 1269 
3 1315 1267 1265 
3 1315 1314 1267 
3 1316 1265 1263 
3 1316 1315 1265 
3 1317 1263 1261 
3 1317 1316 1263 
3 1181 1218 1180 
3 1181 1222 1218 
3 1182 1222 1181 
3 1182 1227 1222 
3 1183 1227 1182 
3 1183 1230 1227 
3 1184 1230 1183 
3 1184 1233 1230 
3 1185 1233 1184 
3 1185 1235 1233 
3 1186 1235 1185 
3 1186 1307 1235 
3 820 669 1307 
3 1187 1307 1186 
3 1187 820 1307 
3 1318 1261 1259 
3 1318 1317 1261 
3 1319 1259 1240 
3 1319 1318 1259 
3 1320 1240 1237 
3 1320 1319 1240 
3 1321 1237 1239 
3 1321 1320 1237 
3 636 1239 1238 
3 633 1239 636 
3 1322 1239 633 
3 1322 1321 1239 
3 424 820 1187 
3 635 1322 633 
3 1323 1324 1122 
3 1323 1027 1324 
3 1120 1122 1324 
3 1028 1324 1027 
3 1325 1324 1028 
3 1325 1120 1324 
3 1118 1120 1325 
3 1029 1325 1028 
3 1326 1325 1029 
3 1326 1118 1325 
3 1116 1118 1326 
3 1030 1326 1029 
3 1327 1326 1030 
3 1327 1116 1326 
3 1031 1327 1030 
3 1114 1116 1327 
3 1328 1327 1031 
3 1328 1114 1327 
3 1032 1328 1031 
3 1112 1114 1328 
3 1329 1328 1032 
3 1329 1112 1328 
3 1033 1329 1032 
3 1110 1112 1329 
3 1330 1329 1033 
3 1330 1110 1329 
3 1034 1330 1033 
3 1108 1110 1330 
3 1331 1330 1034 
3 1331 1108 1330 
3 1035 1331 1034 
3 1106 1108 1331 
3 1332 1331 1035 
3 1332 1106 1331 
3 1036 1332 1035 
3 1104 1106 1332 
3 1333 1332 1036 
3 1333 1104 1332 
3 1026 1027 1323 
3 1124 1323 1122 
3 1334 1323 1124 
3 1334 1026 1323 
3 1037 1333 1036 
3 1102 1104 1333 
3 1335 1333 1037 
3 1335 1102 1333 
3 1126 1334 1124 
3 1336 1334 1126 
3 1025 1334 1336 
3 1025 1026 1334 
3 1038 1335 1037 
3 1100 1335 1038 
3 1100 1102 1335 
3 1128 1336 1126 
3 1024 1336 1128 
3 1024 1025 1336 
3 1130 1024 1128 
3 1023 1024 1130 
3 1132 1023 1130 
3 1022 1023 1132 
3 1134 1022 1132 
3 1021 1022 1134 
3 1136 1021 1134 
3 1020 1021 1136 
3 1138 1020 1136 
3 1019 1020 1138 
3 1140 1019 1138 
3 1018 1019 1140 
3 1142 1018 1140 
3 1017 1018 1142 
3 1144 1017 1142 
3 1016 1017 1144 
3 1146 1016 1144 
3 1015 1016 1146 
3 1148 1015 1146 
3 1014 1015 1148 
3 1150 1014 1148 
3 666 1014 1150 
3 1152 666 1150 
3 665 666 1152 
3 1154 665 1152 
3 662 665 1154 
3 1156 662 1154 
3 660 662 1156 
3 1159 660 1156 
3 658 660 1159 
3 656 658 1159 
3 1161 656 1159 
3 654 656 1161 
3 1163 654 1161 
3 652 654 1163 
3 1165 652 1163 
3 650 652 1165 
3 1167 650 1165 
3 1169 650 1167 
3 648 650 1169 
3 1171 648 1169 
3 646 648 1171 
3 1172 646 1171 
3 644 646 1172 
3 1173 644 1172 
3 642 644 1173 
3 640 642 1173 
3 1174 640 1173 
3 638 640 1174 
3 1175 638 1174 
3 667 638 1175 
3 1176 667 1175 
3 1303 667 1176 
3 1177 1303 1176 
3 1306 1303 1177 
3 1178 1306 1177 
3 1039 1100 1038 
3 843 1337 1338 
3 843 629 1337 
3 844 843 1338 
3 1339 844 1338 
3 628 1337 629 
3 1339 1340 844 
3 1339 1341 1340 
3 1342 1343 1344 
3 1342 1345 1343 
3 1346 1343 1345 
3 1347 1346 1345 
3 1348 1346 1347 
3 1349 1348 1347 
3 1350 1348 1349 
3 1351 1350 1349 
3 1352 1350 1351 
3 1353 1352 1351 
3 1354 1352 1353 
3 1355 1354 1353 
3 1356 1354 1355 
3 1357 1356 1355 
3 1358 1356 1357 
3 1359 1358 1357 
3 1360 1358 1359 
3 1361 1342 1344 
3 1362 979 1363 
3 1362 1364 979 
3 978 1363 979 
3 1365 1363 978 
3 977 1365 978 
3 1366 1365 977 
3 976 1366 977 
3 1367 1366 976 
3 975 1367 976 
3 1368 1367 975 
3 974 1368 975 
3 1369 1368 974 
3 973 1369 974 
3 1370 1369 973 
3 972 1370 973 
3 1371 1370 972 
3 971 1371 972 
3 1372 1371 971 
3 970 1372 971 
3 878 1372 970 
3 878 970 969 
3 879 878 969 
3 968 879 969 
3 883 879 968 
3 967 883 968 
3 885 883 967 
3 966 885 967 
3 887 885 966 
3 965 887 966 
3 889 887 965 
3 964 889 965 
3 890 889 964 
3 963 890 964 
3 901 890 963 
3 962 901 963 
3 899 901 962 
3 961 899 962 
3 895 899 961 
3 960 895 961 
3 896 895 960 
3 959 896 960 
3 894 896 959 
3 958 894 959 
3 892 894 958 
3 892 958 957 
3 907 892 957 
3 956 907 957 
3 909 907 956 
3 955 909 956 
3 911 909 955 
3 954 911 955 
3 913 911 954 
3 953 913 954 
3 917 913 953 
3 952 917 953 
3 918 917 952 
3 951 918 952 
3 923 918 951 
3 950 923 951 
3 929 923 950 
3 946 929 950 
3 1373 929 946 
3 980 979 1364 
3 1374 1364 1362 
3 1375 1364 1374 
3 1375 980 1364 
3 931 929 1373 
3 1376 931 1373 
3 1377 931 1376 
3 1378 1377 1376 
3 1379 1377 1378 
3 1380 1379 1378 
3 1381 1379 1380 
3 1382 1381 1380 
3 1383 1381 1382 
3 1384 1383 1382 
3 1385 1383 1384 
3 1386 1385 1384 
3 1387 1385 1386 
3 1388 1387 1386 
3 1389 1387 1388 
3 1390 1389 1388 
3 1391 1389 1390 
3 1392 1391 1390 
3 944 1373 946 
3 944 1376 1373 
3 942 1376 944 
3 942 1378 1376 
3 940 1378 942 
3 940 1380 1378 
3 939 1380 940 
3 939 1382 1380 
3 938 1382 939 
3 938 1384 1382 
3 937 1384 938 
3 937 1386 1384 
3 936 1386 937 
3 936 1388 1386 
3 935 1388 936 
3 935 1390 1388 
3 934 1390 935 
3 934 1392 1390 
3 1393 1391 1392 
3 932 1392 934 
3 1394 1392 932 
3 1394 1393 1392 
3 1395 1393 1394 
3 948 1394 932 
3 948 1395 1394 
3 1396 1395 948 
3 949 1396 948 
3 1397 1396 949 
3 348 1397 949 
3 354 1397 348 
3 1398 1397 354 
3 353 1398 354 
3 1399 1398 353 
3 358 1399 353 
3 1400 1399 358 
3 357 1400 358 
3 1401 1400 357 
3 365 1401 357 
3 1402 1401 365 
3 363 1402 365 
3 1403 1402 363 
3 362 1403 363 
3 1404 1403 362 
3 368 1404 362 
3 1157 1404 368 
3 1157 368 367 
3 1158 1157 367 
3 372 1158 367 
3 1160 1158 372 
3 371 1160 372 
3 1162 1160 371 
3 379 1162 371 
3 1164 1162 379 
3 377 1164 379 
3 1166 1164 377 
3 376 1166 377 
3 1168 1166 376 
3 382 1168 376 
3 1170 1168 382 
3 381 1170 382 
3 1092 1170 381 
3 386 1092 381 
3 1061 1092 386 
3 385 1061 386 
3 1064 1061 385 
3 393 1064 385 
3 1065 1064 393 
3 391 1065 393 
3 1361 1065 391 
3 390 1361 391 
3 390 1342 1361 
3 396 1342 390 
3 396 1345 1342 
3 395 1345 396 
3 395 1347 1345 
3 400 1347 395 
3 400 1349 1347 
3 399 1349 400 
3 399 1351 1349 
3 407 1351 399 
3 407 1353 1351 
3 405 1353 407 
3 405 1355 1353 
3 404 1355 405 
3 404 1357 1355 
3 410 1357 404 
3 410 1359 1357 
3 409 1359 410 
3 1405 1359 409 
3 1405 1360 1359 
3 1067 1361 1344 
3 1067 1065 1361 
3 981 980 1375 
3 1406 1375 1374 
3 1407 1375 1406 
3 1407 981 1375 
3 1069 1344 1343 
3 1069 1067 1344 
3 1071 1343 1346 
3 1071 1069 1343 
3 1074 1346 1348 
3 1074 1071 1346 
3 1076 1348 1350 
3 1076 1074 1348 
3 1078 1350 1352 
3 1078 1076 1350 
3 982 981 1407 
3 1408 1407 1406 
3 1409 1407 1408 
3 1409 982 1407 
3 1080 1352 1354 
3 1080 1078 1352 
3 1082 1354 1356 
3 1082 1080 1354 
3 1084 1356 1358 
3 1084 1082 1356 
3 1086 1358 1360 
3 1086 1084 1358 
3 1088 1360 1405 
3 1088 1086 1360 
3 413 1405 409 
3 1090 1405 413 
3 1090 1088 1405 
3 983 982 1409 
3 1410 983 1409 
3 1411 1409 1408 
3 1411 1410 1409 
3 1412 1410 1411 
3 1413 1412 1411 
3 1412 1413 1414 
3 1415 1412 1414 
3 206 1090 413 
3 1416 1415 1414 
3 1341 845 1340 
3 1341 846 845 
3 1417 846 1341 
3 1418 846 1417 
3 1419 1418 1417 
3 1420 1418 1419 
3 1421 1419 1417 
3 844 1340 845 
3 903 1422 1423 
3 903 1424 1422 
3 902 1424 903 
3 1425 1424 902 
3 875 1425 902 
3 1426 1425 875 
3 877 1426 875 
3 1427 1426 877 
3 880 1427 877 
3 1428 1427 880 
3 882 1428 880 
3 1429 1428 882 
3 881 1429 882 
3 1430 1429 881 
3 884 1430 881 
3 1431 1430 884 
3 886 1431 884 
3 1432 1431 886 
3 888 1432 886 
3 1433 1432 888 
3 891 1433 888 
3 1434 1433 891 
3 900 1434 891 
3 1435 1423 1422 
3 1436 1437 1438 
3 1436 1439 1437 
3 1440 1437 1439 
3 1441 1440 1439 
3 1442 1440 1441 
3 1443 1440 1442 
3 1444 1443 1442 
3 1445 1443 1444 
3 1446 1445 1444 
3 1447 1445 1446 
3 1448 1447 1446 
3 1449 1447 1448 
3 1450 1449 1448 
3 1451 1449 1450 
3 1452 1451 1450 
3 1453 1451 1452 
3 1454 1453 1452 
3 1455 1454 1452 
3 1456 1436 1438 
3 1457 1436 1456 
3 1458 1457 1456 
3 1459 1457 1458 
3 1460 1459 1458 
3 1461 1459 1460 
3 1462 1461 1460 
3 1463 1464 1465 
3 1463 1466 1464 
3 1467 1461 1462 
3 1468 1466 1463 
3 1469 1467 1462 
3 1470 1466 1468 
3 1471 1467 1469 
3 1472 1470 1468 
3 1473 1471 1469 
3 1474 1470 1472 
3 1475 1471 1473 
3 1476 1470 1474 
3 1477 1454 1455 
3 1478 1476 1474 
3 1479 1477 1455 
3 1480 1476 1478 
3 1481 1475 1473 
3 1482 1468 1463 
3 1482 1472 1468 
3 1483 1472 1482 
3 1484 1472 1483 
3 1484 1474 1472 
3 1485 1474 1484 
3 1485 1478 1474 
3 1486 1478 1485 
3 1486 1480 1478 
3 1487 1480 1486 
3 1488 1487 1486 
3 1489 1487 1488 
3 1490 1489 1488 
3 1491 1489 1490 
3 1492 1491 1490 
3 1493 1491 1492 
3 1494 1493 1492 
3 1495 1493 1494 
3 1496 1495 1494 
3 1497 1495 1496 
3 1498 1497 1496 
3 1499 1497 1498 
3 1500 1499 1498 
3 1501 1499 1500 
3 1502 1501 1500 
3 1503 1501 1502 
3 1504 1503 1502 
3 1505 1503 1504 
3 1506 1505 1504 
3 1507 1505 1506 
3 1508 1507 1506 
3 1509 1507 1508 
3 1510 1509 1508 
3 1481 1509 1510 
3 1511 1481 1510 
3 1511 1475 1481 
3 1512 1475 1511 
3 1512 1471 1475 
3 1513 1471 1512 
3 1513 1467 1471 
3 1514 1467 1513 
3 1514 1461 1467 
3 1515 1461 1514 
3 1515 1459 1461 
3 1516 1459 1515 
3 1516 1457 1459 
3 1517 1457 1516 
3 1517 1436 1457 
3 1518 1436 1517 
3 1518 1439 1436 
3 1519 1439 1518 
3 1519 1441 1439 
3 1060 1477 1479 
3 1520 1060 1479 
3 543 1477 1060 
3 543 1454 1477 
3 544 1454 543 
3 544 1453 1454 
3 547 1453 544 
3 547 1451 1453 
3 550 1451 547 
3 550 1449 1451 
3 553 1449 550 
3 553 1447 1449 
3 556 1447 553 
3 556 1445 1447 
3 559 1445 556 
3 559 1443 1445 
3 562 1443 559 
3 562 1440 1443 
3 565 1440 562 
3 565 1437 1440 
3 568 1437 565 
3 568 1438 1437 
3 571 1438 568 
3 571 1456 1438 
3 574 1456 571 
3 574 1458 1456 
3 577 1458 574 
3 577 1460 1458 
3 580 1460 577 
3 580 1462 1460 
3 595 1462 580 
3 595 1469 1462 
3 610 1469 595 
3 610 1473 1469 
3 613 1473 610 
3 613 1481 1473 
3 616 1481 613 
3 616 1509 1481 
3 621 1509 616 
3 621 1507 1509 
3 1304 1507 621 
3 1304 1505 1507 
3 1305 1505 1304 
3 1305 1503 1505 
3 1308 1503 1305 
3 1308 1501 1503 
3 1309 1501 1308 
3 1309 1499 1501 
3 1310 1499 1309 
3 1310 1497 1499 
3 1311 1497 1310 
3 1311 1495 1497 
3 1312 1495 1311 
3 1312 1493 1495 
3 1313 1493 1312 
3 1313 1491 1493 
3 1314 1491 1313 
3 1314 1489 1491 
3 1315 1489 1314 
3 1315 1487 1489 
3 1316 1487 1315 
3 1316 1480 1487 
3 1317 1480 1316 
3 1317 1476 1480 
3 1318 1476 1317 
3 1318 1470 1476 
3 1319 1470 1318 
3 1319 1466 1470 
3 1521 1441 1519 
3 1521 1442 1441 
3 1522 1442 1521 
3 1522 1444 1442 
3 1523 1444 1522 
3 1523 1446 1444 
3 1320 1466 1319 
3 1320 1464 1466 
3 1059 1060 1520 
3 1524 1059 1520 
3 1058 1059 1524 
3 1525 1058 1524 
3 1057 1058 1525 
3 1526 1057 1525 
3 1527 1057 1526 
3 1056 1057 1527 
3 1528 1056 1527 
3 1529 1446 1523 
3 1529 1448 1446 
3 1530 1448 1529 
3 1530 1450 1448 
3 1531 1450 1530 
3 1531 1452 1450 
3 1532 1452 1531 
3 1532 1455 1452 
3 1533 1455 1532 
3 1533 1479 1455 
3 1534 1479 1533 
3 1534 1520 1479 
3 1535 1520 1534 
3 1535 1524 1520 
3 1536 1524 1535 
3 1536 1525 1524 
3 1537 1525 1536 
3 1537 1526 1525 
3 1435 1526 1537 
3 1435 1527 1526 
3 1422 1527 1435 
3 1422 1528 1527 
3 1055 1056 1528 
3 1424 1528 1422 
3 1424 1055 1528 
3 1054 1055 1424 
3 1425 1054 1424 
3 1053 1054 1425 
3 1426 1053 1425 
3 1052 1053 1426 
3 1427 1052 1426 
3 1051 1052 1427 
3 1428 1051 1427 
3 1192 1051 1428 
3 1429 1192 1428 
3 1191 1192 1429 
3 1430 1191 1429 
3 1190 1191 1430 
3 1431 1190 1430 
3 1189 1190 1431 
3 1432 1189 1431 
3 1188 1189 1432 
3 1433 1188 1432 
3 1094 1188 1433 
3 1434 1094 1433 
3 1093 1094 1434 
3 900 1093 1434 
3 1095 1093 900 
3 928 1095 900 
3 1096 1095 928 
3 927 1096 928 
3 1097 1096 927 
3 921 1097 927 
3 1098 1097 921 
3 904 1098 921 
3 1099 1098 904 
3 906 1099 904 
3 1101 1099 906 
3 908 1101 906 
3 1103 1101 908 
3 910 1103 908 
3 1105 1103 910 
3 912 1105 910 
3 1107 1105 912 
3 915 1107 912 
3 1109 1107 915 
3 919 1109 915 
3 1111 1109 919 
3 924 1111 919 
3 1113 1111 924 
3 930 1113 924 
3 1115 1113 930 
3 931 1115 930 
3 1117 1115 931 
3 1377 1117 931 
3 1119 1117 1377 
3 1379 1119 1377 
3 1121 1119 1379 
3 1381 1121 1379 
3 1123 1121 1381 
3 1383 1123 1381 
3 1125 1123 1383 
3 1385 1125 1383 
3 1127 1125 1385 
3 1387 1127 1385 
3 1129 1127 1387 
3 1389 1129 1387 
3 1131 1129 1389 
3 1391 1131 1389 
3 1133 1131 1391 
3 1393 1133 1391 
3 1135 1133 1393 
3 1395 1135 1393 
3 1137 1135 1395 
3 1396 1137 1395 
3 1139 1137 1396 
3 1397 1139 1396 
3 1141 1139 1397 
3 1398 1141 1397 
3 1143 1141 1398 
3 1399 1143 1398 
3 1145 1143 1399 
3 1400 1145 1399 
3 1147 1145 1400 
3 1538 1147 1400 
3 1401 1538 1400 
3 1539 1538 1401 
3 1149 1538 1539 
3 1149 1147 1538 
3 1402 1539 1401 
3 1151 1149 1539 
3 1540 1539 1402 
3 1540 1151 1539 
3 1321 1464 1320 
3 1541 1464 1321 
3 1541 1465 1464 
3 1403 1540 1402 
3 1153 1151 1540 
3 1542 1540 1403 
3 1542 1153 1540 
3 1543 1463 1465 
3 1543 1482 1463 
3 1544 1465 1541 
3 1544 1543 1465 
3 1404 1542 1403 
3 1155 1542 1404 
3 1155 1153 1542 
3 1157 1155 1404 
3 1545 1546 1547 
3 1545 1548 1546 
3 1549 1548 1545 
3 1337 1548 1549 
3 1338 1337 1549 
3 1550 1549 1545 
3 1550 1338 1549 
3 1551 1545 1547 
3 1551 1550 1545 
3 1552 1551 1547 
3 1553 1552 1547 
3 1554 1547 1546 
3 1554 1553 1547 
3 1555 1553 1554 
3 1556 1553 1555 
3 1557 1553 1556 
3 1557 1552 1553 
3 1558 1556 1555 
3 1559 1556 1558 
3 1559 1557 1556 
3 628 1548 1337 
3 1560 1559 1558 
3 1561 1562 1563 
3 1561 1564 1562 
3 1565 1563 1562 
3 1566 1563 1565 
3 1567 1566 1565 
3 1568 1566 1567 
3 1569 1568 1567 
3 1570 1568 1569 
3 1571 1570 1569 
3 1572 1571 1569 
3 1573 1571 1572 
3 1574 1571 1573 
3 1560 1574 1573 
3 1575 1574 1560 
3 1558 1575 1560 
3 1576 1575 1558 
3 1555 1576 1558 
3 1577 1576 1555 
3 1554 1577 1555 
3 1578 1577 1554 
3 1011 1577 1578 
3 1010 1577 1011 
3 1010 1576 1577 
3 1009 1576 1010 
3 1009 1575 1576 
3 1008 1575 1009 
3 1008 1574 1575 
3 1007 1574 1008 
3 1007 1571 1574 
3 1006 1571 1007 
3 1006 1570 1571 
3 1005 1570 1006 
3 1005 1568 1570 
3 1004 1568 1005 
3 1004 1566 1568 
3 1003 1566 1004 
3 1003 1563 1566 
3 1002 1563 1003 
3 1002 1561 1563 
3 1001 1561 1002 
3 1579 1561 1001 
3 1579 1564 1561 
3 1580 1572 1569 
3 1581 1569 1567 
3 1581 1580 1569 
3 1582 1567 1565 
3 1582 1581 1567 
3 1583 1565 1562 
3 1583 1582 1565 
3 1584 1562 1564 
3 1584 1583 1562 
3 1585 1564 1579 
3 1585 1584 1564 
3 1000 1579 1001 
3 1586 1579 1000 
3 1586 1585 1579 
3 1587 1585 1586 
3 999 1586 1000 
3 1588 1586 999 
3 1588 1587 1586 
3 1589 1587 1588 
3 998 1588 999 
3 1590 1588 998 
3 1590 1589 1588 
3 1591 1589 1590 
3 997 1590 998 
3 1592 1590 997 
3 1592 1591 1590 
3 1593 1591 1592 
3 996 1592 997 
3 1594 1592 996 
3 1594 1593 1592 
3 1595 1593 1594 
3 995 1594 996 
3 1596 1594 995 
3 1596 1595 1594 
3 1597 1595 1596 
3 994 1596 995 
3 1598 1596 994 
3 1598 1597 1596 
3 1599 1597 1598 
3 993 1598 994 
3 1600 1598 993 
3 1600 1599 1598 
3 1601 1599 1600 
3 992 1600 993 
3 1602 1600 992 
3 1602 1601 1600 
3 1603 1601 1602 
3 991 1602 992 
3 1604 1602 991 
3 1604 1603 1602 
3 1605 1603 1604 
3 990 1604 991 
3 1606 1604 990 
3 1606 1605 1604 
3 1607 1605 1606 
3 989 1606 990 
3 1608 1606 989 
3 1608 1607 1606 
3 1609 1607 1608 
3 988 1608 989 
3 1610 1608 988 
3 1610 1609 1608 
3 1611 1609 1610 
3 987 1610 988 
3 1612 1610 987 
3 1612 1611 1610 
3 986 1612 987 
3 1416 1611 1612 
3 1613 1612 986 
3 1613 1416 1612 
3 1415 1416 1613 
3 985 1613 986 
3 1614 1613 985 
3 1614 1415 1613 
3 1012 1011 1578 
3 1615 1012 1578 
3 1013 1012 1615 
3 1616 1013 1615 
3 1546 1578 1554 
3 1546 1615 1578 
3 1548 1615 1546 
3 1548 1616 1615 
3 626 1013 1616 
3 628 1616 1548 
3 628 626 1616 
3 1412 1415 1614 
3 984 1614 985 
3 1410 1614 984 
3 1410 1412 1614 
3 983 1410 984 
3 1617 1618 1619 
3 1619 1618 1620 
3 1621 1618 1617 
3 1622 1621 1617 
3 1623 1619 1620 
3 1624 1623 1620 
3 1557 1624 1620 
3 1559 1624 1557 
3 1625 1624 1559 
3 1626 1624 1625 
3 1626 1623 1624 
3 1627 1622 1617 
3 1628 1617 1619 
3 1628 1627 1617 
3 1629 1619 1623 
3 1629 1628 1619 
3 1630 1623 1626 
3 1630 1629 1623 
3 1631 1630 1626 
3 1632 1626 1625 
3 1632 1631 1626 
3 1633 1631 1632 
3 1634 1633 1632 
3 1560 1625 1559 
3 1573 1625 1560 
3 1573 1632 1625 
3 1572 1632 1573 
3 1572 1634 1632 
3 1635 1633 1634 
3 1580 1634 1572 
3 1580 1635 1634 
3 1636 1635 1580 
3 1581 1636 1580 
3 1637 1636 1581 
3 1582 1637 1581 
3 1638 1637 1582 
3 1583 1638 1582 
3 1639 1638 1583 
3 1584 1639 1583 
3 1640 1639 1584 
3 1585 1640 1584 
3 1641 1640 1585 
3 1587 1641 1585 
3 1642 1641 1587 
3 1589 1642 1587 
3 1643 1642 1589 
3 1591 1643 1589 
3 1644 1643 1591 
3 1593 1644 1591 
3 1645 1644 1593 
3 1595 1645 1593 
3 1646 1645 1595 
3 1597 1646 1595 
3 1647 1646 1597 
3 1599 1647 1597 
3 1648 1647 1599 
3 1601 1648 1599 
3 1649 1648 1601 
3 1603 1649 1601 
3 1650 1649 1603 
3 1605 1650 1603 
3 1651 1650 1605 
3 1607 1651 1605 
3 1652 1651 1607 
3 1609 1652 1607 
3 1653 1652 1609 
3 1611 1653 1609 
3 1654 1653 1611 
3 1655 1653 1654 
3 1656 1655 1654 
3 1416 1654 1611 
3 1416 1656 1654 
3 1414 1656 1416 
3 1657 1655 1656 
3 1658 1656 1414 
3 1658 1657 1656 
3 1413 1658 1414 
3 1659 1657 1658 
3 1659 1658 1413 
3 1660 1659 1413 
3 1661 1659 1660 
3 1411 1660 1413 
3 1662 1660 1411 
3 1662 1661 1660 
3 1663 1661 1662 
3 1408 1662 1411 
3 1664 1662 1408 
3 1664 1663 1662 
3 1665 1663 1664 
3 1406 1664 1408 
3 1666 1664 1406 
3 1666 1665 1664 
3 1667 1665 1666 
3 1374 1666 1406 
3 1668 1666 1374 
3 1668 1667 1666 
3 1669 1667 1668 
3 1362 1668 1374 
3 1670 1668 1362 
3 1670 1669 1668 
3 1671 1669 1670 
3 1363 1670 1362 
3 1672 1670 1363 
3 1672 1671 1670 
3 1673 1671 1672 
3 1365 1672 1363 
3 1674 1672 1365 
3 1674 1673 1672 
3 1366 1674 1365 
3 1675 1673 1674 
3 1676 1674 1366 
3 1676 1675 1674 
3 1552 1620 1618 
3 1552 1557 1620 
3 1551 1618 1621 
3 1551 1552 1618 
3 1417 1622 1627 
3 1341 1622 1417 
3 1339 1622 1341 
3 1339 1621 1622 
3 1550 1621 1339 
3 1550 1551 1621 
3 1367 1676 1366 
3 1677 1675 1676 
3 1678 1676 1367 
3 1678 1677 1676 
3 1368 1678 1367 
3 1679 1678 1368 
3 1369 1679 1368 
3 1680 1679 1369 
3 1681 1678 1679 
3 1681 1677 1678 
3 1682 1679 1680 
3 1682 1681 1679 
3 1370 1680 1369 
3 1683 1680 1370 
3 1683 1682 1680 
3 903 1682 1683 
3 876 903 1683 
3 1371 1683 1370 
3 1371 876 1683 
3 874 876 1371 
3 1372 874 1371 
3 1421 1417 1627 
3 1338 1550 1339 
3 878 874 1372 
3 1684 1627 1685 
3 1684 1421 1627 
3 1686 1655 1687 
3 1686 1653 1655 
3 1688 1653 1686 
3 1652 1653 1688 
3 1689 1652 1688 
3 1651 1652 1689 
3 1690 1651 1689 
3 1650 1651 1690 
3 1691 1650 1690 
3 1649 1650 1691 
3 1692 1649 1691 
3 1648 1649 1692 
3 1693 1648 1692 
3 1647 1648 1693 
3 1694 1647 1693 
3 1646 1647 1694 
3 1695 1646 1694 
3 1645 1646 1695 
3 1696 1645 1695 
3 1644 1645 1696 
3 1697 1644 1696 
3 1643 1644 1697 
3 1698 1643 1697 
3 1642 1643 1698 
3 1699 1642 1698 
3 1641 1642 1699 
3 1700 1641 1699 
3 1640 1641 1700 
3 1701 1640 1700 
3 1639 1640 1701 
3 1702 1639 1701 
3 1638 1639 1702 
3 1703 1638 1702 
3 1637 1638 1703 
3 1704 1637 1703 
3 1636 1637 1704 
3 1705 1636 1704 
3 1635 1636 1705 
3 1706 1635 1705 
3 1633 1635 1706 
3 1707 1633 1706 
3 1631 1633 1707 
3 1708 1631 1707 
3 1630 1631 1708 
3 1709 1630 1708 
3 1629 1630 1709 
3 1710 1629 1709 
3 1628 1629 1710 
3 1685 1628 1710 
3 1627 1628 1685 
3 1657 1687 1655 
3 1711 1419 1421 
3 1711 1543 1419 
3 1420 1419 1543 
3 1482 1543 1711 
3 1420 1543 1544 
3 1321 1322 1541 
3 1322 635 1712 
3 1541 1712 1544 
3 1712 1713 1714 
3 1714 1715 1544 
3 1715 847 1418 
3 1714 849 1715 
3 847 1715 849 
3 846 1418 847 
3 1715 1418 1420 
3 1715 1420 1544 
3 849 1714 1713 
3 1714 1544 1712 
3 1713 1712 635 
3 1712 1541 1322 
3 1716 1717 1718 
3 1716 632 1717 
3 1719 632 1716 
3 1720 632 1719 
3 851 1720 1719 
3 852 1719 1716 
3 852 851 1719 
3 853 1716 1718 
3 853 852 1716 
3 1721 1718 1717 
3 873 1718 1721 
3 873 853 1718 
3 635 632 1720 
3 1713 635 1720 
3 850 1720 851 
3 850 1713 1720 
3 872 873 1721 
3 849 1713 850 
3 1536 1677 1722 
3 1536 1675 1677 
3 1535 1675 1536 
3 1673 1675 1535 
3 1534 1673 1535 
3 1671 1673 1534 
3 1533 1671 1534 
3 1669 1671 1533 
3 1532 1669 1533 
3 1667 1669 1532 
3 1531 1667 1532 
3 1665 1667 1531 
3 1530 1665 1531 
3 1663 1665 1530 
3 1529 1663 1530 
3 1661 1663 1529 
3 1523 1661 1529 
3 1659 1661 1523 
3 1522 1659 1523 
3 1521 1659 1522 
3 1657 1659 1521 
3 1687 1657 1521 
3 1519 1687 1521 
3 1686 1687 1519 
3 1518 1686 1519 
3 1688 1686 1518 
3 1517 1688 1518 
3 1689 1688 1517 
3 1516 1689 1517 
3 1690 1689 1516 
3 1515 1690 1516 
3 1691 1690 1515 
3 1514 1691 1515 
3 1692 1691 1514 
3 1513 1692 1514 
3 1693 1692 1513 
3 1512 1693 1513 
3 1694 1693 1512 
3 1511 1694 1512 
3 1695 1694 1511 
3 1510 1695 1511 
3 1696 1695 1510 
3 1508 1696 1510 
3 1697 1696 1508 
3 1506 1697 1508 
3 1698 1697 1506 
3 1504 1698 1506 
3 1699 1698 1504 
3 1502 1699 1504 
3 1700 1699 1502 
3 1500 1700 1502 
3 1701 1700 1500 
3 1498 1701 1500 
3 1702 1701 1498 
3 1496 1702 1498 
3 1703 1702 1496 
3 1494 1703 1496 
3 1704 1703 1494 
3 1492 1704 1494 
3 1705 1704 1492 
3 1490 1705 1492 
3 1706 1705 1490 
3 1488 1706 1490 
3 1707 1706 1488 
3 1486 1707 1488 
3 1708 1707 1486 
3 1485 1708 1486 
3 1709 1708 1485 
3 1484 1709 1485 
3 1710 1709 1484 
3 1483 1710 1484 
3 1685 1710 1483 
3 1723 1685 1483 
3 1537 1536 1722 
3 1681 1722 1677 
3 1724 1722 1681 
3 1724 1537 1722 
3 1684 1685 1723 
3 1711 1684 1723 
3 1482 1723 1483 
3 1482 1711 1723 
3 1435 1537 1724 
3 1682 1724 1681 
3 1423 1724 1682 
3 1423 1435 1724 
3 1421 1684 1711 
3 903 1423 1682 
3 1 189 2 
3 2 189 1725 
3 20 19 34 
3 19 1289 34 
3 34 1289 37 
3 1289 1290 37 
3 37 1290 38 
3 1290 1291 38 
3 38 1291 40 
3 1291 1292 40 
3 40 1292 42 
3 1292 1293 42 
3 42 1293 44 
3 1293 1294 44 
3 44 1294 46 
3 1294 1295 46 
3 46 1295 48 
3 1295 1296 48 
3 48 1296 50 
3 1296 1297 50 
3 50 1297 52 
3 1297 1298 52 
3 52 1298 54 
3 1298 1299 54 
3 54 1299 56 
3 1299 1300 56 
3 56 1300 58 
3 1300 1301 58 
3 58 1301 60 
3 1301 1302 60 
3 60 1302 62 
3 1302 829 62 
3 829 64 62 
3 829 827 64 
3 64 827 66 
3 827 822 66 
3 66 822 68 
3 822 705 68 
3 189 187 1725 
3 1725 187 1726 
3 68 705 70 
3 705 697 70 
3 70 697 72 
3 697 695 72 
3 72 695 74 
3 695 693 74 
3 74 693 76 
3 693 691 76 
3 76 691 78 
3 691 689 78 
3 78 689 80 
3 689 686 80 
3 80 686 82 
3 686 709 82 
3 82 709 84 
3 709 712 84 
3 84 712 86 
3 712 718 86 
3 86 718 88 
3 88 718 1727 
3 718 719 1727 
3 1727 719 1728 
3 719 720 1728 
3 187 185 1726 
3 1726 185 1729 
3 720 1730 1728 
3 720 723 1730 
3 1730 723 96 
3 723 725 96 
3 96 725 97 
3 725 727 97 
3 97 727 99 
3 727 729 99 
3 99 729 101 
3 729 731 101 
3 101 731 103 
3 731 733 103 
3 103 733 105 
3 733 735 105 
3 105 735 107 
3 735 1731 107 
3 107 1731 109 
3 1731 1732 109 
3 109 1732 111 
3 1732 1733 111 
3 111 1733 113 
3 1733 1734 113 
3 113 1734 115 
3 1734 1735 115 
3 115 1735 117 
3 185 183 1729 
3 1729 183 1736 
3 1735 1737 117 
3 117 1737 119 
3 183 181 1736 
3 1736 181 1738 
3 1738 181 1739 
3 181 179 1739 
3 1739 179 1740 
3 179 177 1740 
3 1740 177 1741 
3 177 175 1741 
3 1741 175 1742 
3 175 173 1742 
3 1737 1743 1744 
3 1737 1744 119 
3 119 1744 121 
3 1742 173 1745 
3 1742 1745 1746 
3 173 171 1745 
3 121 1744 1747 
3 121 1747 131 
3 1746 1745 1748 
3 1746 1748 1749 
3 1744 1743 1747 
3 1743 1750 1747 
3 1750 1751 1752 
3 1750 1752 1747 
3 1747 1752 131 
3 131 1752 133 
3 133 1752 1753 
3 133 1753 135 
3 1745 171 1748 
3 171 169 1748 
3 1749 1748 1754 
3 1749 1754 1755 
3 1755 1754 1756 
3 1755 1756 1757 
3 1757 1756 1758 
3 1757 1758 1759 
3 1752 1751 1753 
3 1751 1760 1753 
3 1759 1758 1761 
3 1759 1761 1762 
3 1753 1760 1763 
3 1753 1763 135 
3 135 1763 137 
3 1760 1764 1763 
3 1763 1764 1765 
3 1763 1765 137 
3 137 1765 139 
3 1764 1766 1765 
3 1765 1766 1767 
3 1765 1767 139 
3 139 1767 141 
3 1766 1768 1767 
3 1767 1768 1769 
3 1767 1769 141 
3 141 1769 143 
3 1768 1770 1769 
3 1769 1770 1771 
3 1769 1771 143 
3 143 1771 145 
3 1770 1772 1771 
3 1771 1772 1773 
3 1771 1773 145 
3 145 1773 147 
3 1772 1774 1773 
3 1773 1774 1775 
3 1773 1775 147 
3 147 1775 149 
3 1774 1776 1775 
3 149 1775 1777 
3 149 1777 151 
3 1775 1776 1777 
3 1776 1778 1777 
3 1777 1778 1779 
3 1777 1779 151 
3 151 1779 153 
3 1778 1780 1779 
3 1779 1780 1781 
3 1779 1781 153 
3 153 1781 155 
3 1780 1782 1781 
3 1781 1782 1783 
3 1781 1783 155 
3 155 1783 157 
3 1782 1784 1783 
3 1784 1785 1786 
3 1784 1786 1783 
3 1785 1762 1787 
3 1785 1787 1786 
3 1762 1761 1787 
3 1783 1786 157 
3 157 1786 159 
3 1786 1787 159 
3 159 1787 161 
3 1787 1761 161 
3 161 1761 163 
3 1761 1758 163 
3 163 1758 165 
3 1758 1756 165 
3 165 1756 167 
3 1756 1754 167 
3 169 167 1754 
3 169 1754 1748 
3 88 1727 90 
3 96 94 1730 
3 90 1727 92 
3 1727 1728 92 
3 94 92 1728 
3 94 1728 1730 
3 1788 1789 1790 
3 1791 1788 1792 
3 1793 1791 1794 
3 1795 1793 1796 
3 1797 1795 1798 
3 1799 1797 1800 
3 1801 1802 1803 
3 1804 1801 1805 
3 1789 1804 1806 
3 1807 1808 1802 
3 1809 1808 1807 
3 1810 1809 1811 
3 1810 1811 1812 
3 1813 1814 1815 
3 1816 1813 1817 
3 1818 1816 1819 
3 1820 1821 1822 
3 1821 1820 1823 
3 1823 1824 1814 
3 1825 1826 1827 
3 1822 1825 1828 
3 1829 1830 1831 
3 1826 1829 1831 
3 1827 1831 1832 
3 1830 1829 1833 
3 1834 1833 1835 
3 1836 1834 1835 
3 1834 1830 1833 
3 1828 1827 1832 
3 1827 1826 1831 
3 1827 1828 1825 
3 1815 1814 1824 
3 1824 1823 1820 
3 1825 1822 1821 
3 1799 1818 1819 
3 1819 1816 1817 
3 1817 1813 1815 
3 1807 1811 1809 
3 1803 1802 1808 
3 1790 1789 1806 
3 1806 1804 1805 
3 1805 1801 1803 
3 1818 1799 1800 
3 1800 1797 1798 
3 1798 1795 1796 
3 1796 1793 1794 
3 1794 1791 1792 
3 1792 1788 1790 
3 122 327 123 
3 123 327 1837 
3 123 1837 106 
3 327 324 1837 
3 106 1837 104 
3 1836 1835 1838 
3 1836 1838 1839 
3 1835 1833 1840 
3 1835 1840 1838 
3 1833 1829 1840 
3 867 1841 1842 
3 867 1842 866 
3 866 1842 1843 
3 866 1843 865 
3 865 1843 1844 
3 865 1844 864 
3 1839 1838 1845 
3 1839 1845 1841 
3 1841 1845 1842 
3 864 1844 1846 
3 864 1846 863 
3 863 1846 1847 
3 863 1847 862 
3 862 1847 1848 
3 862 1848 861 
3 861 1848 1849 
3 861 1849 860 
3 1837 324 1850 
3 1837 1850 104 
3 324 322 1850 
3 104 1850 102 
3 1850 322 1851 
3 1850 1851 102 
3 322 320 1851 
3 102 1851 100 
3 1851 320 1852 
3 1851 1852 100 
3 320 318 1852 
3 100 1852 98 
3 1852 318 1853 
3 1852 1853 98 
3 318 316 1853 
3 98 1853 95 
3 1853 316 1854 
3 1853 1854 95 
3 316 314 1854 
3 95 1854 93 
3 1854 314 1855 
3 1854 1855 93 
3 314 312 1855 
3 93 1855 91 
3 1855 312 1856 
3 1855 1856 91 
3 312 310 1856 
3 91 1856 89 
3 1856 310 1857 
3 1856 1857 89 
3 310 308 1857 
3 89 1857 87 
3 1857 308 1858 
3 1857 1858 87 
3 308 306 1858 
3 87 1858 85 
3 1858 306 1859 
3 1858 1859 85 
3 306 304 1859 
3 85 1859 83 
3 1859 304 1860 
3 1859 1860 83 
3 304 302 1860 
3 83 1860 81 
3 860 1849 1823 
3 1823 1849 1821 
3 1849 1848 1821 
3 1821 1848 1825 
3 1848 1847 1825 
3 1825 1847 1826 
3 1847 1846 1826 
3 1826 1846 1861 
3 1826 1861 1829 
3 1829 1861 1840 
3 1823 1814 860 
3 860 1814 859 
3 1814 1813 859 
3 859 1813 857 
3 1813 1816 857 
3 857 1816 855 
3 1816 1818 855 
3 855 1818 871 
3 1818 1800 871 
3 871 1800 229 
3 229 1800 232 
3 1800 1798 232 
3 232 1798 234 
3 1798 1796 234 
3 234 1796 236 
3 1796 1794 236 
3 236 1794 238 
3 1794 1792 238 
3 238 1792 240 
3 1792 1790 240 
3 240 1790 242 
3 1790 1806 242 
3 242 1806 244 
3 1806 1805 244 
3 244 1805 246 
3 1805 1803 246 
3 246 1803 248 
3 1803 1808 248 
3 248 1808 250 
3 1808 1809 250 
3 250 1809 252 
3 1809 1810 252 
3 252 1810 1862 
3 252 1862 254 
3 1810 1812 1862 
3 1812 1863 1862 
3 1862 1863 1864 
3 1862 1864 254 
3 254 1864 256 
3 1863 1865 1864 
3 1864 1865 1866 
3 1864 1866 256 
3 256 1866 258 
3 1865 1867 1866 
3 1866 1867 1868 
3 1866 1868 258 
3 258 1868 260 
3 1867 1869 1868 
3 1868 1869 1870 
3 1868 1870 260 
3 260 1870 262 
3 1869 1871 1870 
3 1870 1871 1872 
3 1870 1872 262 
3 262 1872 264 
3 1871 1873 1872 
3 1872 1873 1874 
3 1872 1874 264 
3 264 1874 266 
3 1873 1875 1874 
3 1874 1875 266 
3 266 1875 268 
3 1875 1876 268 
3 268 1876 270 
3 1876 1877 270 
3 270 1877 272 
3 1877 1878 272 
3 272 1878 274 
3 1878 1879 274 
3 274 1879 276 
3 1879 1880 276 
3 276 1880 278 
3 1880 1881 278 
3 278 1881 280 
3 1881 1882 280 
3 280 1882 282 
3 1882 1883 282 
3 282 1883 284 
3 1883 1884 284 
3 284 1884 286 
3 1884 65 286 
3 286 65 288 
3 65 67 288 
3 288 67 290 
3 67 69 290 
3 290 69 292 
3 69 71 292 
3 71 73 292 
3 292 73 294 
3 73 75 294 
3 294 75 296 
3 75 77 296 
3 296 77 298 
3 77 79 298 
3 298 79 300 
3 79 81 300 
3 302 300 81 
3 302 81 1860 
3 1846 1844 1861 
3 1861 1844 1885 
3 1844 1843 1885 
3 1861 1885 1840 
3 1845 1843 1842 
3 1840 1885 1838 
3 1885 1843 1845 
3 1845 1838 1885 
3 65 1884 63 
3 872 1721 1886 
3 1884 1883 63 
3 63 1883 61 
3 1883 1882 61 
3 61 1882 59 
3 59 1882 1887 
3 59 1887 57 
3 1882 1881 1887 
3 57 1887 1888 
3 57 1888 55 
3 632 634 1889 
3 632 1889 1717 
3 634 636 1890 
3 634 1890 1889 
3 636 1238 1891 
3 636 1891 1890 
3 1238 1258 1892 
3 1238 1892 1891 
3 1258 1260 1893 
3 1258 1893 1892 
3 1260 1262 1894 
3 1260 1894 1893 
3 1886 1721 1895 
3 1886 1895 1836 
3 1721 1717 1895 
3 1717 1889 1895 
3 1836 1895 1896 
3 1836 1896 1834 
3 55 1888 1897 
3 55 1897 53 
3 53 1897 1898 
3 53 1898 51 
3 51 1878 1877 
3 51 1898 1878 
3 1878 1898 1879 
3 1898 1897 1879 
3 1879 1897 1880 
3 1897 1888 1880 
3 1881 1880 1888 
3 1881 1888 1887 
3 51 1877 49 
3 1877 1876 49 
3 49 1876 47 
3 1876 1875 47 
3 47 1875 45 
3 1875 1873 45 
3 45 1873 43 
3 1873 1871 43 
3 43 1871 41 
3 1871 1869 41 
3 41 1869 39 
3 1869 1867 39 
3 39 1867 36 
3 1867 1865 36 
3 36 1865 35 
3 1865 1863 35 
3 35 1863 31 
3 1863 1812 31 
3 31 1812 26 
3 1812 1811 26 
3 26 1811 23 
3 1811 1807 23 
3 23 1807 28 
3 1807 1802 28 
3 28 1802 33 
3 1802 1801 33 
3 33 1801 1899 
3 33 1899 120 
3 1801 1804 1899 
3 120 1899 1288 
3 1899 1804 1900 
3 1899 1900 1288 
3 1804 1789 1900 
3 1288 1900 1287 
3 1262 1264 1901 
3 1262 1901 1894 
3 1834 1896 1902 
3 1834 1902 1830 
3 1264 1266 1903 
3 1264 1903 1901 
3 1266 1268 1904 
3 1266 1904 1903 
3 1268 1270 1905 
3 1268 1905 1904 
3 1270 1272 1906 
3 1270 1906 1905 
3 1272 1274 1907 
3 1272 1907 1906 
3 1274 1276 1908 
3 1274 1908 1907 
3 1276 1278 1909 
3 1276 1909 1908 
3 1278 1280 1910 
3 1278 1910 1909 
3 1280 1282 1911 
3 1280 1911 1910 
3 1282 1284 1912 
3 1282 1912 1911 
3 1284 1286 1913 
3 1284 1913 1912 
3 1286 1287 1914 
3 1286 1914 1913 
3 1287 1900 1914 
3 1900 1789 1914 
3 1789 1788 1914 
3 1788 1791 1914 
3 1914 1791 1913 
3 1791 1793 1913 
3 1913 1793 1912 
3 1793 1795 1912 
3 1912 1795 1911 
3 1795 1797 1911 
3 1911 1797 1910 
3 1797 1799 1910 
3 1910 1799 1909 
3 1799 1819 1909 
3 1909 1819 1908 
3 1819 1817 1908 
3 1908 1817 1907 
3 1817 1815 1907 
3 1907 1815 1906 
3 1815 1824 1906 
3 1906 1824 1905 
3 1824 1820 1905 
3 1905 1820 1904 
3 1820 1822 1904 
3 1904 1822 1903 
3 1822 1828 1903 
3 1903 1828 1901 
3 1828 1832 1901 
3 1901 1832 1894 
3 1832 1831 1915 
3 1832 1915 1894 
3 1831 1830 1916 
3 1831 1916 1915 
3 1830 1902 1916 
3 1894 1915 1893 
3 1895 1889 1896 
3 1889 1890 1896 
3 1896 1890 1902 
3 1890 1891 1902 
3 1915 1916 1893 
3 1893 1916 1892 
3 1892 1916 1902 
3 1892 1902 1891 
3 779 781 1917 
3 815 1918 814 
3 1918 1919 814 
3 814 1919 813 
3 1919 1920 813 
3 813 1920 812 
3 1920 1921 812 
3 812 1921 811 
3 1921 1922 811 
3 811 1922 809 
3 1922 1923 809 
3 809 1923 807 
3 1923 1924 807 
3 807 1924 805 
3 1924 1925 805 
3 805 1925 803 
3 1925 1926 803 
3 803 1926 801 
3 1926 1927 801 
3 801 1927 799 
3 1927 1928 799 
3 799 1928 797 
3 1928 1929 797 
3 797 1929 795 
3 1929 1930 795 
3 795 1930 793 
3 1930 1931 793 
3 793 1931 791 
3 1931 1932 791 
3 791 1932 789 
3 1932 1933 789 
3 789 1933 787 
3 1933 1934 787 
3 787 1934 785 
3 1934 1935 785 
3 785 1935 783 
3 783 1935 1917 
3 783 1917 781 
3 1923 1922 1936 
3 426 425 1937 
3 426 1937 826 
3 425 1938 1937 
3 1938 1939 1937 
3 1936 1922 1940 
3 1936 1940 1941 
3 1922 1921 1940 
3 1941 1940 1942 
3 1941 1942 1943 
3 826 1937 1944 
3 826 1944 825 
3 1937 1939 1944 
3 1939 1945 1944 
3 1945 1946 1947 
3 1945 1947 1944 
3 1943 1942 1948 
3 1943 1948 1949 
3 1944 1947 825 
3 825 1947 819 
3 819 1947 1950 
3 819 1950 818 
3 818 1950 1951 
3 818 1951 817 
3 817 1951 1952 
3 817 1952 816 
3 1947 1946 1950 
3 1946 1953 1950 
3 1950 1953 1951 
3 1953 1954 1951 
3 816 1952 1955 
3 816 1955 815 
3 815 1955 1918 
3 1949 1948 1956 
3 1949 1956 1957 
3 1951 1954 1952 
3 1954 1958 1952 
3 1957 1956 1959 
3 1957 1959 1958 
3 1952 1958 1955 
3 1958 1959 1955 
3 1955 1959 1918 
3 1959 1956 1918 
3 1918 1956 1919 
3 1956 1948 1919 
3 1919 1948 1920 
3 1948 1942 1920 
3 1921 1920 1942 
3 1921 1942 1940 
3 755 757 1960 
3 1945 1961 1946 
3 1960 757 1962 
3 1960 1962 1963 
3 757 759 1962 
3 1961 1964 1965 
3 1961 1965 1946 
3 1946 1965 1953 
3 1964 1966 1967 
3 1964 1967 1965 
3 1963 1962 1968 
3 1963 1968 1969 
3 1962 759 1968 
3 759 761 1968 
3 1966 1970 1971 
3 1966 1971 1967 
3 1968 761 1972 
3 1968 1972 1969 
3 1969 1972 1973 
3 761 763 1972 
3 1970 1974 1975 
3 1970 1975 1971 
3 1974 1976 1977 
3 1974 1977 1975 
3 1976 1978 1979 
3 1976 1979 1977 
3 1978 1980 1981 
3 1978 1981 1979 
3 1980 1982 1983 
3 1980 1983 1981 
3 1982 1984 1985 
3 1982 1985 1983 
3 1984 1986 1987 
3 1984 1987 1985 
3 1986 1988 1989 
3 1986 1989 1987 
3 1988 1990 1991 
3 1988 1991 1989 
3 1990 1992 1993 
3 1990 1993 1991 
3 1992 1994 1995 
3 1992 1995 1993 
3 1994 1996 1997 
3 1994 1997 1995 
3 1996 1998 1999 
3 1996 1999 1997 
3 1998 2000 2001 
3 1998 2001 1999 
3 2000 2002 2003 
3 2000 2003 2001 
3 2002 2004 2005 
3 2002 2005 2003 
3 2004 2006 2007 
3 2004 2007 2005 
3 2006 2008 2009 
3 2006 2009 2007 
3 2008 2010 2011 
3 2008 1935 2009 
3 1965 1967 1953 
3 1953 1967 1954 
3 1967 1971 1954 
3 1954 1971 1958 
3 1971 1975 1958 
3 1958 1975 1957 
3 1975 1977 1957 
3 1957 1977 1949 
3 1977 1979 1949 
3 1949 1979 1943 
3 1979 1981 1943 
3 1943 1981 1941 
3 1981 1983 1941 
3 1941 1983 1936 
3 1983 1985 1936 
3 1936 1985 1923 
3 1985 1987 1923 
3 1923 1987 1924 
3 1987 1989 1924 
3 1924 1989 1925 
3 1989 1991 1925 
3 1925 1991 1926 
3 1991 1993 1926 
3 1926 1993 1927 
3 1993 1995 1927 
3 1927 1995 1928 
3 1995 1997 1928 
3 1928 1997 1929 
3 1997 1999 1929 
3 1929 1999 1930 
3 1999 2001 1930 
3 1930 2001 1931 
3 2001 2003 1931 
3 1931 2003 1932 
3 2003 2005 1932 
3 1932 2005 1933 
3 2005 2007 1933 
3 1933 2007 1934 
3 2007 2009 1934 
3 1934 2009 1935 
3 2008 2011 1935 
3 1935 2011 1917 
3 1972 763 2012 
3 1972 2012 1973 
3 1973 2012 2013 
3 763 765 2012 
3 2012 765 2014 
3 2012 2014 2013 
3 2013 2014 2015 
3 765 767 2014 
3 767 769 2016 
3 767 2016 2014 
3 2014 2016 2015 
3 2015 2016 2017 
3 2016 769 2018 
3 2016 2018 2017 
3 2017 2018 2019 
3 769 771 2018 
3 2018 771 2020 
3 2018 2020 2019 
3 2019 2020 2021 
3 771 773 2020 
3 2020 773 2022 
3 2020 2022 2021 
3 2021 2022 2023 
3 773 775 2022 
3 2022 775 2024 
3 2022 2024 2023 
3 2023 2024 2025 
3 775 777 2024 
3 2024 777 2026 
3 2024 2026 2025 
3 2025 2026 2027 
3 777 779 2026 
3 779 1917 2026 
3 2026 1917 2027 
3 2010 2027 1917 
3 2010 1917 2011 
3 1996 2028 1998 
3 2000 1746 1749 
3 2028 1746 2000 
3 2002 2000 1749 
3 2004 2002 1755 
3 2006 2004 1757 
3 2029 2030 2031 
3 2032 1739 1740 
3 2033 2032 2034 
3 2032 2029 1739 
3 1992 1990 2035 
3 2033 1992 2035 
3 2035 1990 2030 
3 2032 2035 2029 
3 2034 1740 1741 
3 2036 1996 1994 
3 2034 2036 2033 
3 2037 1742 2028 
3 2036 2037 2028 
3 1741 1742 2037 
3 2034 1741 2037 
3 2033 1994 1992 
3 2028 1742 1746 
3 2038 2031 2039 
3 2039 2030 1988 
3 2040 2038 2041 
3 2041 2039 1986 
3 2008 2006 1759 
3 2010 2008 1762 
3 2027 2010 1785 
3 2025 2027 1784 
3 2023 2025 1782 
3 2021 2023 1780 
3 2019 2021 1778 
3 2017 2019 1776 
3 1984 2041 1986 
3 2042 2041 1982 
3 2040 2041 2042 
3 2043 2040 2042 
3 1980 2042 1982 
3 2044 1978 2045 
3 2046 2044 2047 
3 2044 2046 2042 
3 1978 2044 1980 
3 2045 1978 1976 
3 1974 2045 1976 
3 1961 1945 2048 
3 2048 1939 2049 
3 2049 1938 422 
3 2050 2051 1964 
3 2048 2050 1961 
3 2052 2053 2051 
3 2050 2052 2051 
3 2054 2049 2055 
3 2052 2054 2056 
3 2054 2052 2050 
3 2049 2054 2048 
3 1966 1964 2051 
3 2057 2051 2058 
3 1970 1966 2057 
3 2059 2057 2060 
3 2061 1974 2059 
3 2061 2045 1974 
3 2062 2047 2045 
3 2063 2062 2061 
3 1772 1770 2013 
3 1774 1772 2015 
3 1973 1768 1969 
3 1768 1973 1770 
3 1764 1963 1766 
3 1963 1764 1960 
3 751 753 2064 
3 2064 2065 1751 
3 749 751 2066 
3 2066 2064 1750 
3 2065 753 755 
3 1760 2065 1960 
3 1735 745 747 
3 1735 1734 745 
3 1750 1743 2066 
3 749 1737 747 
3 1743 1737 749 
3 737 1732 1731 
3 739 1733 1732 
3 737 739 1732 
3 1733 739 741 
3 1734 1733 743 
3 745 1734 743 
3 743 1733 741 
3 735 737 1731 
3 2066 1743 749 
3 1737 1735 747 
3 755 1960 2065 
3 1751 1750 2064 
3 2064 2066 751 
3 1760 1751 2065 
3 2065 2064 753 
3 1760 1960 1764 
3 1969 1766 1963 
3 2013 1770 1973 
3 1766 1969 1768 
3 2017 1774 2015 
3 2015 1772 2013 
3 2059 2063 2061 
3 2061 2062 2045 
3 1970 2059 1974 
3 2063 2059 2060 
3 2059 1970 2057 
3 2060 2057 2058 
3 2057 1966 2051 
3 2048 2054 2050 
3 2053 2052 2056 
3 2056 2054 2055 
3 2058 2051 2053 
3 1961 2050 1964 
3 2055 2049 422 
3 1938 2049 1939 
3 1939 2048 1945 
3 2042 1980 2044 
3 2045 2047 2044 
3 2046 2043 2042 
3 1984 1982 2041 
3 1774 2017 1776 
3 1776 2019 1778 
3 1778 2021 1780 
3 1780 2023 1782 
3 1782 2025 1784 
3 1784 2027 1785 
3 1785 2010 1762 
3 1762 2008 1759 
3 1988 1986 2039 
3 2039 2041 2038 
3 1990 1988 2030 
3 2030 2039 2031 
3 2036 2034 2037 
3 1996 2036 2028 
3 1994 2033 2036 
3 2030 2029 2035 
3 2032 2033 2035 
3 1740 2034 2032 
3 1759 2006 1757 
3 1757 2004 1755 
3 1755 2002 1749 
3 1998 2028 2000 
3 1886 1836 1839 
3 869 872 2067 
3 1886 1839 2067 
3 868 869 2067 
3 867 868 1841 
3 1841 868 2067 
3 1841 2067 1839 
3 1886 2067 872 
3 422 1938 425 
3 420 422 425 
3 1738 1739 2029 
3 1736 1738 2031 
3 1736 2031 1729 
3 1725 1726 2068 
3 1726 1729 2038 
3 2068 1726 2038 
3 2069 2 1725 
3 2043 2069 2068 
3 2070 0 2 
3 2071 2070 2069 
3 2070 2072 0 
3 2070 2071 2072 
3 4 2072 2073 
3 6 2073 2074 
3 8 2074 2075 
3 10 2075 2076 
3 12 2076 2077 
3 14 2077 205 
3 16 14 205 
3 14 12 2077 
3 12 10 2076 
3 10 8 2075 
3 8 6 2074 
3 6 4 2073 
3 0 2072 4 
3 2043 2071 2069 
3 2069 2070 2 
3 2040 2043 2068 
3 2068 2069 1725 
3 2040 2068 2038 
3 1729 2031 2038 
3 2031 1738 2029 
3 2043 2046 2071 
3 422 204 2055 
3 2046 2047 2071 
3 2071 2047 2072 
3 2047 2062 2072 
3 2072 2062 2073 
3 2062 2063 2073 
3 2073 2063 2074 
3 2063 2060 2074 
3 2074 2060 2075 
3 2060 2058 2075 
3 2075 2058 2076 
3 2058 2053 2076 
3 2076 2053 2077 
3 2053 2056 2077 
3 2077 2056 205 
3 205 2056 2055 
3 205 2055 204 
3 2078 2079 2080 
3 2078 2081 2079 
3 2082 2083 2084 
3 2085 2086 2087 
3 2085 2088 2086 
3 2089 2086 2088 
3 2090 2089 2088 
3 2091 2090 2088 
3 2092 2090 2091 
3 2093 2092 2091 
3 2094 2092 2093 
3 2095 2094 2093 
3 2096 2094 2095 
3 2097 2096 2095 
3 2098 2096 2097 
3 2099 2098 2097 
3 2082 2098 2099 
3 2100 2082 2099 
3 2083 2082 2100 
3 2101 2083 2100 
3 2102 2083 2101 
3 2103 2102 2101 
3 2104 2102 2103 
3 2105 2104 2103 
3 2106 2085 2087 
3 2107 2108 2080 
3 2107 2109 2108 
3 2110 2108 2109 
3 2111 2108 2110 
3 2111 2080 2108 
3 2078 2080 2111 
3 2112 2111 2110 
3 2105 2109 2107 
3 2113 2114 2115 
3 2113 2116 2114 
3 2117 2115 2114 
3 2118 2115 2117 
3 2119 2118 2117 
3 2120 2118 2119 
3 2121 2120 2119 
3 2122 2120 2121 
3 2123 2122 2121 
3 2124 2122 2123 
3 2125 2124 2123 
3 2126 2124 2125 
3 2127 2126 2125 
3 2128 2126 2127 
3 2129 2128 2127 
3 2130 2128 2129 
3 2131 2130 2129 
3 2132 2130 2131 
3 2133 2132 2131 
3 2134 2132 2133 
3 2135 2134 2133 
3 2136 2134 2135 
3 2137 2136 2135 
3 2138 2136 2137 
3 2139 2138 2137 
3 2140 2138 2139 
3 2141 2140 2139 
3 2142 2140 2141 
3 2143 2142 2141 
3 2144 2142 2143 
3 2145 2144 2143 
3 2146 2144 2145 
3 2147 2146 2145 
3 2148 2146 2147 
3 2149 2148 2147 
3 2150 2148 2149 
3 2151 2150 2149 
3 2152 2150 2151 
3 2153 2152 2151 
3 2154 2152 2153 
3 2155 2154 2153 
3 2156 2154 2155 
3 2157 2156 2155 
3 2158 2156 2157 
3 2159 2158 2157 
3 2160 2158 2159 
3 2161 2160 2159 
3 2162 2160 2161 
3 2163 2162 2161 
3 2164 2162 2163 
3 2165 2164 2163 
3 2166 2164 2165 
3 2167 2166 2165 
3 2168 2166 2167 
3 2169 2168 2167 
3 2170 2168 2169 
3 2171 2170 2169 
3 2172 2170 2171 
3 2173 2172 2171 
3 2174 2172 2173 
3 2175 2174 2173 
3 2176 2174 2175 
3 2177 2176 2175 
3 2178 2176 2177 
3 2179 2178 2177 
3 2180 2178 2179 
3 2181 2180 2179 
3 2182 2180 2181 
3 2183 2182 2181 
3 2184 2182 2183 
3 2185 2184 2183 
3 2186 2184 2185 
3 2187 2186 2185 
3 2188 2186 2187 
3 2189 2188 2187 
3 2190 2188 2189 
3 2191 2190 2189 
3 2192 2190 2191 
3 2193 2192 2191 
3 2194 2192 2193 
3 2195 2194 2193 
3 2196 2194 2195 
3 2197 2196 2195 
3 2198 2196 2197 
3 2199 2198 2197 
3 2200 2198 2199 
3 2201 2200 2199 
3 2202 2200 2201 
3 2203 2202 2201 
3 2204 2202 2203 
3 2205 2204 2203 
3 2206 2204 2207 
3 2208 2207 2205 
3 2209 2207 2210 
3 2211 2210 2208 
3 2212 2210 2213 
3 2214 2213 2211 
3 2215 2213 2214 
3 2216 2215 2214 
3 2217 2215 2216 
3 2218 2217 2216 
3 2219 2217 2218 
3 2220 2219 2218 
3 2221 2219 2220 
3 2222 2223 2220 
3 2224 2223 2222 
3 2225 2224 2222 
3 2226 2224 2225 
3 2227 2226 2225 
3 2228 2226 2227 
3 2229 2228 2227 
3 2230 2228 2229 
3 2231 2230 2229 
3 2232 2230 2231 
3 2233 2232 2231 
3 2234 2230 2232 
3 2234 2228 2230 
3 2235 2228 2234 
3 2235 2226 2228 
3 2236 2226 2235 
3 2236 2224 2226 
3 2237 2224 2236 
3 2237 2223 2224 
3 2221 2223 2237 
3 2221 2220 2223 
3 2238 2219 2221 
3 2238 2217 2219 
3 2239 2217 2238 
3 2239 2215 2217 
3 2240 2215 2239 
3 2240 2213 2215 
3 2212 2213 2240 
3 2210 2211 2213 
3 2209 2210 2212 
3 2207 2208 2210 
3 2206 2207 2209 
3 2204 2205 2207 
3 2241 2116 2113 
3 2242 2114 2116 
3 2243 2116 2241 
3 2243 2242 2116 
3 2244 2243 2241 
3 2245 2243 2244 
3 2246 2245 2244 
3 2247 2204 2206 
3 2247 2202 2204 
3 2248 2202 2247 
3 2248 2200 2202 
3 2249 2200 2248 
3 2249 2198 2200 
3 2250 2198 2249 
3 2250 2196 2198 
3 2251 2196 2250 
3 2251 2194 2196 
3 2252 2194 2251 
3 2252 2192 2194 
3 2253 2192 2252 
3 2253 2190 2192 
3 2254 2190 2253 
3 2254 2188 2190 
3 2255 2188 2254 
3 2255 2186 2188 
3 2256 2186 2255 
3 2256 2184 2186 
3 2257 2184 2256 
3 2257 2182 2184 
3 2258 2182 2257 
3 2258 2180 2182 
3 2259 2180 2258 
3 2259 2178 2180 
3 2260 2178 2259 
3 2260 2176 2178 
3 2261 2176 2260 
3 2261 2174 2176 
3 2262 2174 2261 
3 2262 2172 2174 
3 2263 2172 2262 
3 2263 2170 2172 
3 2264 2170 2263 
3 2264 2168 2170 
3 2265 2168 2264 
3 2265 2166 2168 
3 2266 2166 2265 
3 2266 2164 2166 
3 2267 2164 2266 
3 2267 2162 2164 
3 2268 2162 2267 
3 2268 2160 2162 
3 2269 2160 2268 
3 2269 2158 2160 
3 2270 2158 2269 
3 2270 2156 2158 
3 2271 2156 2270 
3 2271 2154 2156 
3 2272 2154 2271 
3 2272 2152 2154 
3 2273 2152 2272 
3 2273 2150 2152 
3 2274 2150 2273 
3 2274 2148 2150 
3 2275 2148 2274 
3 2275 2146 2148 
3 2276 2146 2275 
3 2276 2144 2146 
3 2277 2144 2276 
3 2277 2142 2144 
3 2278 2142 2277 
3 2278 2140 2142 
3 2279 2140 2278 
3 2279 2138 2140 
3 2280 2138 2279 
3 2280 2136 2138 
3 2281 2136 2280 
3 2281 2134 2136 
3 2282 2134 2281 
3 2282 2132 2134 
3 2283 2132 2282 
3 2283 2130 2132 
3 2284 2130 2283 
3 2284 2128 2130 
3 2285 2128 2284 
3 2285 2126 2128 
3 2286 2126 2285 
3 2286 2124 2126 
3 2287 2124 2286 
3 2287 2122 2124 
3 2288 2122 2287 
3 2288 2120 2122 
3 2289 2120 2288 
3 2289 2118 2120 
3 2290 2118 2289 
3 2290 2115 2118 
3 2291 2115 2290 
3 2291 2113 2115 
3 2292 2233 2231 
3 2293 2233 2292 
3 2294 2293 2292 
3 2295 2293 2294 
3 2296 2113 2291 
3 2296 2241 2113 
3 2297 2233 2293 
3 2297 2232 2233 
3 2298 2293 2295 
3 2298 2297 2293 
3 2299 2295 2294 
3 2300 2295 2299 
3 2301 2295 2300 
3 2301 2298 2295 
3 2302 2241 2296 
3 2302 2244 2241 
3 2303 2244 2302 
3 2303 2246 2244 
3 2304 2246 2303 
3 2305 2246 2304 
3 2305 2245 2246 
3 2306 2300 2299 
3 2307 2305 2304 
3 2308 2309 2310 
3 2308 2311 2309 
3 2312 2311 2308 
3 2313 2311 2312 
3 2314 2313 2312 
3 2315 2310 2309 
3 2316 2315 2309 
3 2317 2318 2285 
3 2284 2317 2285 
3 2319 2317 2284 
3 2283 2319 2284 
3 2320 2319 2283 
3 2282 2320 2283 
3 2321 2320 2282 
3 2281 2321 2282 
3 2322 2321 2281 
3 2323 2318 2317 
3 2286 2285 2318 
3 2324 2318 2323 
3 2324 2286 2318 
3 2280 2322 2281 
3 2325 2322 2280 
3 2326 2321 2322 
3 2327 2322 2325 
3 2327 2326 2322 
3 2328 2327 2325 
3 2329 2328 2325 
3 2330 2328 2329 
3 2331 2330 2329 
3 2332 2330 2331 
3 2333 2332 2331 
3 2334 2332 2333 
3 2335 2334 2333 
3 2336 2334 2335 
3 2337 2336 2335 
3 2338 2336 2337 
3 2339 2338 2337 
3 2340 2338 2339 
3 2341 2338 2340 
3 2342 2341 2340 
3 2279 2325 2280 
3 2279 2329 2325 
3 2278 2329 2279 
3 2278 2331 2329 
3 2277 2331 2278 
3 2277 2333 2331 
3 2276 2333 2277 
3 2276 2335 2333 
3 2275 2335 2276 
3 2275 2337 2335 
3 2274 2337 2275 
3 2274 2339 2337 
3 2273 2339 2274 
3 2273 2340 2339 
3 2272 2340 2273 
3 2272 2342 2340 
3 2271 2342 2272 
3 2343 2342 2271 
3 2344 2343 2271 
3 2270 2344 2271 
3 2345 2344 2270 
3 2269 2345 2270 
3 2346 2345 2269 
3 2268 2346 2269 
3 2347 2346 2268 
3 2267 2347 2268 
3 2348 2347 2267 
3 2266 2348 2267 
3 2349 2348 2266 
3 2265 2349 2266 
3 2350 2349 2265 
3 2264 2350 2265 
3 2351 2350 2264 
3 2263 2351 2264 
3 2352 2351 2263 
3 2353 2324 2323 
3 2287 2286 2324 
3 2354 2324 2353 
3 2354 2287 2324 
3 2262 2352 2263 
3 2355 2352 2262 
3 2261 2355 2262 
3 2356 2355 2261 
3 2260 2356 2261 
3 2357 2356 2260 
3 2259 2357 2260 
3 2358 2357 2259 
3 2359 2342 2343 
3 2359 2341 2342 
3 2360 2343 2344 
3 2360 2359 2343 
3 2361 2344 2345 
3 2361 2360 2344 
3 2362 2345 2346 
3 2362 2361 2345 
3 2363 2346 2347 
3 2363 2362 2346 
3 2364 2347 2348 
3 2364 2363 2347 
3 2365 2348 2349 
3 2365 2364 2348 
3 2366 2349 2350 
3 2366 2365 2349 
3 2367 2350 2351 
3 2367 2366 2350 
3 2368 2351 2352 
3 2368 2367 2351 
3 2369 2352 2355 
3 2369 2368 2352 
3 2370 2355 2356 
3 2370 2369 2355 
3 2371 2356 2357 
3 2371 2370 2356 
3 2372 2357 2358 
3 2372 2371 2357 
3 2258 2358 2259 
3 2373 2358 2258 
3 2374 2358 2373 
3 2374 2372 2358 
3 2257 2373 2258 
3 2375 2373 2257 
3 2375 2374 2373 
3 2256 2375 2257 
3 2376 2375 2256 
3 2255 2376 2256 
3 2377 2376 2255 
3 2378 2377 2255 
3 2254 2378 2255 
3 2379 2378 2254 
3 2253 2379 2254 
3 2380 2379 2253 
3 2252 2380 2253 
3 2381 2380 2252 
3 2251 2381 2252 
3 2382 2381 2251 
3 2250 2382 2251 
3 2383 2382 2250 
3 2249 2383 2250 
3 2384 2383 2249 
3 2248 2384 2249 
3 2385 2384 2248 
3 2247 2385 2248 
3 2386 2385 2247 
3 2206 2386 2247 
3 2387 2386 2206 
3 2209 2387 2206 
3 2388 2387 2209 
3 2212 2388 2209 
3 2389 2388 2212 
3 2240 2389 2212 
3 2390 2389 2240 
3 2239 2390 2240 
3 2391 2390 2239 
3 2238 2391 2239 
3 2392 2391 2238 
3 2221 2392 2238 
3 2393 2392 2221 
3 2237 2393 2221 
3 2394 2393 2237 
3 2236 2394 2237 
3 2395 2394 2236 
3 2235 2395 2236 
3 2315 2395 2235 
3 2396 2354 2353 
3 2288 2287 2354 
3 2397 2354 2396 
3 2397 2288 2354 
3 2316 2395 2315 
3 2398 2309 2311 
3 2398 2316 2309 
3 2399 2397 2396 
3 2289 2288 2397 
3 2400 2397 2399 
3 2400 2289 2397 
3 2234 2315 2235 
3 2234 2310 2315 
3 2232 2310 2234 
3 2232 2308 2310 
3 2297 2308 2232 
3 2297 2312 2308 
3 2401 2400 2399 
3 2290 2289 2400 
3 2402 2400 2401 
3 2402 2290 2400 
3 2403 2402 2401 
3 2291 2290 2402 
3 2404 2402 2403 
3 2404 2291 2402 
3 2405 2404 2403 
3 2296 2291 2404 
3 2406 2404 2405 
3 2406 2296 2404 
3 2407 2406 2405 
3 2302 2296 2406 
3 2408 2406 2407 
3 2408 2302 2406 
3 2409 2408 2407 
3 2303 2302 2408 
3 2410 2408 2409 
3 2410 2303 2408 
3 2298 2312 2297 
3 2298 2314 2312 
3 2411 2314 2298 
3 2412 2314 2411 
3 2412 2313 2314 
3 2413 2303 2410 
3 2304 2303 2413 
3 2301 2411 2298 
3 2414 2304 2413 
3 2307 2304 2414 
3 2415 2307 2414 
3 2416 2417 2418 
3 2418 2419 2416 
3 2420 2416 2419 
3 2420 2421 2416 
3 2422 2421 2420 
3 2423 2421 2422 
3 2424 2421 2423 
3 2425 2421 2424 
3 2425 2416 2421 
3 2417 2416 2425 
3 2426 2418 2417 
3 2427 2418 2426 
3 2428 2418 2427 
3 2428 2419 2418 
3 2429 2427 2426 
3 2430 2427 2429 
3 2430 2428 2427 
3 2431 2428 2430 
3 2432 2428 2431 
3 2432 2419 2428 
3 2433 2419 2432 
3 2433 2420 2419 
3 2434 2423 2422 
3 2435 2424 2423 
3 2436 2423 2434 
3 2436 2435 2423 
3 2437 2420 2433 
3 2437 2422 2420 
3 2438 2422 2437 
3 2438 2434 2422 
3 2439 2434 2438 
3 2439 2436 2434 
3 2440 2438 2437 
3 2441 2438 2440 
3 2441 2439 2438 
3 2442 2441 2440 
3 2443 2441 2442 
3 2444 2441 2443 
3 2444 2439 2441 
3 2445 2439 2444 
3 2445 2436 2439 
3 2446 2436 2445 
3 2446 2435 2436 
3 2447 2443 2442 
3 2448 2443 2447 
3 2449 2443 2448 
3 2449 2444 2443 
3 2450 2444 2449 
3 2450 2445 2444 
3 2451 2445 2450 
3 2451 2446 2445 
3 2452 2448 2447 
3 2453 2448 2452 
3 2454 2448 2453 
3 2454 2449 2448 
3 2455 2449 2454 
3 2455 2450 2449 
3 2456 2450 2455 
3 2456 2451 2450 
3 2457 2454 2453 
3 2458 2454 2457 
3 2458 2455 2454 
3 2459 2455 2458 
3 2459 2456 2455 
3 2460 2453 2452 
3 2461 2453 2460 
3 2461 2457 2453 
3 2462 2457 2461 
3 2462 2458 2457 
3 2463 2458 2462 
3 2463 2459 2458 
3 2464 2463 2462 
3 2465 2464 2462 
3 2466 2462 2461 
3 2466 2465 2462 
3 2467 2461 2460 
3 2467 2466 2461 
3 2468 2466 2467 
3 2469 2466 2468 
3 2469 2465 2466 
3 2470 2465 2469 
3 2471 2465 2470 
3 2471 2464 2465 
3 2472 2470 2469 
3 2473 2470 2472 
3 2473 2471 2470 
3 2474 2471 2473 
3 2475 2474 2473 
3 2476 2473 2472 
3 2476 2475 2473 
3 2477 2474 2475 
3 2478 2477 2475 
3 2479 2475 2476 
3 2479 2478 2475 
3 2480 2477 2478 
3 2481 2480 2478 
3 2482 2481 2478 
3 2483 2482 2479 
3 2479 2482 2478 
3 2484 2469 2468 
3 2484 2472 2469 
3 2485 2472 2484 
3 2485 2476 2472 
3 2486 2476 2485 
3 2486 2479 2476 
3 2487 2479 2486 
3 2487 2483 2479 
3 2488 2481 2482 
3 2489 2482 2483 
3 2489 2488 2482 
3 2490 2489 2483 
3 2491 2483 2487 
3 2491 2490 2483 
3 2492 2490 2491 
3 2493 2490 2492 
3 2494 2490 2493 
3 2494 2489 2490 
3 2495 2493 2492 
3 2496 2493 2495 
3 2497 2493 2496 
3 2497 2494 2493 
3 2498 2496 2495 
3 2499 2496 2498 
3 2500 2496 2499 
3 2500 2497 2496 
3 2501 2499 2498 
3 2502 2499 2501 
3 2503 2499 2502 
3 2503 2500 2499 
3 2504 2502 2501 
3 2505 2502 2504 
3 2506 2502 2505 
3 2506 2503 2502 
3 2507 2505 2504 
3 2508 2505 2507 
3 2509 2505 2508 
3 2509 2506 2505 
3 2510 2509 2508 
3 2511 2510 2508 
3 2512 2508 2507 
3 2512 2511 2508 
3 2513 2510 2511 
3 2514 2511 2512 
3 2514 2513 2511 
3 2515 2514 2512 
3 2516 2514 2515 
3 2517 2514 2516 
3 2518 2514 2517 
3 2518 2513 2514 
3 2519 2518 2517 
3 2520 2519 2517 
3 2521 2517 2516 
3 2521 2520 2517 
3 2522 2489 2494 
3 2522 2488 2489 
3 2523 2494 2497 
3 2523 2522 2494 
3 2524 2497 2500 
3 2524 2523 2497 
3 2525 2500 2503 
3 2525 2524 2500 
3 2526 2503 2506 
3 2526 2525 2503 
3 2527 2506 2509 
3 2527 2526 2506 
3 2528 2509 2510 
3 2528 2527 2509 
3 2529 2510 2513 
3 2529 2528 2510 
3 2530 2513 2518 
3 2530 2529 2513 
3 2531 2518 2519 
3 2531 2530 2518 
3 2532 2426 2417 
3 2533 2426 2532 
3 2533 2429 2426 
3 2534 2512 2507 
3 2534 2515 2512 
3 2535 2507 2504 
3 2535 2534 2507 
3 2536 2504 2501 
3 2536 2535 2504 
3 2537 2501 2498 
3 2537 2536 2501 
3 2538 2498 2495 
3 2538 2537 2498 
3 2539 2495 2492 
3 2539 2538 2495 
3 2540 2492 2491 
3 2540 2539 2492 
3 2541 2491 2487 
3 2541 2540 2491 
3 2542 2487 2486 
3 2542 2541 2487 
3 2543 2486 2485 
3 2543 2542 2486 
3 2544 2485 2484 
3 2544 2543 2485 
3 2545 2484 2468 
3 2545 2544 2484 
3 2546 2468 2467 
3 2546 2545 2468 
3 2547 2467 2460 
3 2547 2546 2467 
3 2548 2460 2452 
3 2548 2547 2460 
3 2549 2452 2447 
3 2549 2548 2452 
3 2550 2447 2442 
3 2550 2549 2447 
3 2551 2442 2440 
3 2551 2550 2442 
3 2552 2440 2437 
3 2552 2551 2440 
3 2553 2437 2433 
3 2553 2552 2437 
3 2554 2433 2432 
3 2554 2553 2433 
3 2555 2432 2431 
3 2555 2554 2432 
3 2556 2431 2430 
3 2557 2555 2431 
3 2556 2557 2431 
3 2558 2430 2429 
3 2558 2556 2430 
3 2559 2429 2533 
3 2559 2558 2429 
3 2560 2557 2556 
3 2561 2560 2556 
3 2562 2556 2558 
3 2562 2561 2556 
3 2563 2558 2559 
3 2563 2562 2558 
3 2564 2533 2532 
3 2565 2533 2564 
3 2565 2559 2533 
3 2566 2559 2565 
3 2566 2563 2559 
3 2567 2560 2561 
3 2568 2561 2562 
3 2568 2567 2561 
3 2569 2562 2563 
3 2569 2568 2562 
3 2570 2563 2566 
3 2570 2569 2563 
3 2571 2568 2569 
3 2572 2568 2571 
3 2572 2567 2568 
3 2573 2569 2570 
3 2573 2571 2569 
3 2574 2571 2573 
3 2575 2571 2574 
3 2575 2572 2571 
3 2576 2575 2574 
3 2577 2576 2574 
3 2578 2576 2577 
3 2579 2576 2578 
3 2580 2579 2578 
3 2581 2579 2580 
3 2582 2581 2580 
3 2583 2582 2580 
3 2584 2582 2583 
3 2585 2584 2583 
3 2586 2584 2585 
3 2587 2586 2585 
3 2588 2586 2587 
3 2589 2588 2587 
3 2590 2588 2589 
3 2591 2590 2589 
3 2592 2590 2591 
3 2593 2592 2591 
3 2594 2592 2593 
3 2595 2594 2593 
3 2596 2594 2595 
3 2597 2596 2595 
3 2598 2596 2597 
3 2599 2598 2597 
3 2600 2598 2599 
3 2601 2598 2600 
3 2602 2601 2600 
3 2603 2601 2602 
3 2604 2601 2603 
3 2605 2604 2603 
3 2606 2603 2602 
3 2607 2603 2606 
3 2607 2605 2603 
3 2608 2605 2607 
3 2609 2607 2606 
3 2610 2607 2609 
3 2610 2608 2607 
3 2611 2608 2610 
3 2612 2610 2609 
3 2613 2610 2612 
3 2613 2611 2610 
3 2614 2611 2613 
3 2615 2614 2613 
3 2616 2613 2612 
3 2616 2615 2613 
3 2617 2615 2618 
3 2619 2615 2617 
3 2619 2614 2615 
3 2618 2615 2616 
3 2620 2619 2617 
3 2621 2617 2618 
3 2621 2620 2617 
3 2622 2531 2519 
3 2623 2622 2519 
3 2624 2519 2520 
3 2624 2623 2519 
3 2625 2621 2618 
3 2626 2620 2621 
3 2627 2621 2625 
3 2627 2626 2621 
3 2628 2627 2625 
3 2629 2626 2627 
3 2630 2627 2628 
3 2630 2629 2627 
3 2631 2622 2623 
3 2632 2623 2624 
3 2632 2631 2623 
3 2326 2602 2600 
3 2321 2600 2599 
3 2321 2326 2600 
3 2320 2599 2597 
3 2320 2321 2599 
3 2319 2597 2595 
3 2319 2320 2597 
3 2317 2595 2593 
3 2317 2319 2595 
3 2323 2593 2591 
3 2323 2317 2593 
3 2353 2591 2589 
3 2353 2323 2591 
3 2396 2589 2587 
3 2396 2353 2589 
3 2399 2587 2585 
3 2399 2396 2587 
3 2401 2585 2583 
3 2401 2399 2585 
3 2403 2583 2580 
3 2403 2401 2583 
3 2405 2580 2578 
3 2405 2403 2580 
3 2407 2578 2577 
3 2407 2405 2578 
3 2409 2574 2573 
3 2409 2577 2574 
3 2409 2407 2577 
3 2410 2573 2570 
3 2410 2409 2573 
3 2413 2570 2566 
3 2413 2410 2570 
3 2414 2566 2565 
3 2414 2413 2566 
3 2415 2565 2564 
3 2415 2414 2565 
3 2633 2564 2532 
3 2633 2415 2564 
3 2634 2532 2417 
3 2634 2633 2532 
3 2635 2417 2425 
3 2635 2634 2417 
3 2636 2425 2424 
3 2636 2635 2425 
3 2637 2424 2435 
3 2637 2636 2424 
3 2638 2435 2446 
3 2638 2637 2435 
3 2639 2446 2451 
3 2639 2638 2446 
3 2640 2451 2456 
3 2640 2639 2451 
3 2641 2456 2459 
3 2641 2640 2456 
3 2642 2459 2463 
3 2642 2641 2459 
3 2643 2463 2464 
3 2643 2642 2463 
3 2644 2464 2471 
3 2644 2643 2464 
3 2645 2471 2474 
3 2645 2644 2471 
3 2646 2474 2477 
3 2646 2645 2474 
3 2647 2477 2480 
3 2647 2646 2477 
3 2648 2480 2481 
3 2648 2647 2480 
3 2649 2481 2488 
3 2649 2648 2481 
3 2327 2602 2326 
3 2327 2606 2602 
3 2328 2606 2327 
3 2328 2609 2606 
3 2330 2609 2328 
3 2330 2612 2609 
3 2332 2612 2330 
3 2332 2616 2612 
3 2334 2616 2332 
3 2334 2618 2616 
3 2336 2618 2334 
3 2336 2625 2618 
3 2338 2625 2336 
3 2338 2628 2625 
3 2341 2628 2338 
3 2341 2630 2628 
3 2359 2630 2341 
3 2650 2630 2359 
3 2650 2629 2630 
3 2360 2650 2359 
3 2651 2650 2360 
3 2361 2651 2360 
3 2652 2651 2361 
3 2653 2652 2361 
3 2362 2653 2361 
3 2654 2653 2362 
3 2655 2601 2604 
3 2655 2598 2601 
3 2656 2655 2604 
3 2657 2604 2605 
3 2657 2656 2604 
3 2658 2605 2608 
3 2658 2657 2605 
3 2659 2608 2611 
3 2659 2658 2608 
3 2660 2611 2614 
3 2660 2659 2611 
3 2661 2614 2619 
3 2661 2660 2614 
3 2662 2619 2620 
3 2662 2661 2619 
3 2663 2620 2626 
3 2663 2662 2620 
3 2664 2626 2629 
3 2664 2663 2626 
3 2665 2629 2650 
3 2665 2664 2629 
3 2666 2650 2651 
3 2666 2665 2650 
3 2667 2651 2652 
3 2667 2666 2651 
3 2668 2652 2653 
3 2668 2667 2652 
3 2669 2653 2654 
3 2669 2668 2653 
3 2363 2654 2362 
3 2670 2654 2363 
3 2670 2669 2654 
3 2671 2598 2655 
3 2671 2596 2598 
3 2672 2596 2671 
3 2672 2594 2596 
3 2673 2594 2672 
3 2673 2592 2594 
3 2674 2592 2673 
3 2674 2590 2592 
3 2675 2590 2674 
3 2675 2588 2590 
3 2676 2588 2675 
3 2676 2586 2588 
3 2677 2586 2676 
3 2677 2584 2586 
3 2678 2584 2677 
3 2678 2582 2584 
3 2679 2582 2678 
3 2679 2581 2582 
3 2680 2581 2679 
3 2680 2579 2581 
3 2681 2579 2680 
3 2681 2576 2579 
3 2682 2576 2681 
3 2682 2575 2576 
3 2683 2575 2682 
3 2683 2572 2575 
3 2684 2572 2683 
3 2684 2567 2572 
3 2685 2567 2684 
3 2685 2560 2567 
3 2686 2560 2685 
3 2686 2557 2560 
3 2687 2557 2686 
3 2687 2555 2557 
3 2688 2555 2687 
3 2688 2554 2555 
3 2689 2554 2688 
3 2689 2553 2554 
3 2690 2553 2689 
3 2690 2552 2553 
3 2691 2552 2690 
3 2691 2551 2552 
3 2692 2551 2691 
3 2692 2550 2551 
3 2693 2550 2692 
3 2693 2549 2550 
3 2694 2549 2693 
3 2694 2548 2549 
3 2695 2548 2694 
3 2695 2547 2548 
3 2696 2547 2695 
3 2696 2546 2547 
3 2697 2546 2696 
3 2697 2545 2546 
3 2698 2545 2697 
3 2698 2544 2545 
3 2699 2544 2698 
3 2699 2543 2544 
3 2700 2543 2699 
3 2700 2542 2543 
3 2701 2542 2700 
3 2701 2541 2542 
3 2702 2541 2701 
3 2702 2540 2541 
3 2703 2540 2702 
3 2703 2539 2540 
3 2704 2539 2703 
3 2704 2538 2539 
3 2705 2538 2704 
3 2705 2537 2538 
3 2706 2537 2705 
3 2706 2536 2537 
3 2707 2536 2706 
3 2707 2535 2536 
3 2708 2535 2707 
3 2708 2534 2535 
3 2709 2534 2708 
3 2709 2515 2534 
3 2710 2515 2709 
3 2710 2516 2515 
3 2711 2516 2710 
3 2711 2521 2516 
3 2712 2669 2670 
3 2364 2670 2363 
3 2713 2670 2364 
3 2713 2712 2670 
3 2714 2521 2711 
3 2715 2521 2714 
3 2715 2520 2521 
3 2716 2520 2715 
3 2716 2624 2520 
3 2717 2488 2522 
3 2717 2649 2488 
3 2718 2624 2716 
3 2718 2632 2624 
3 2719 2522 2523 
3 2719 2717 2522 
3 2720 2523 2524 
3 2720 2719 2523 
3 2721 2524 2525 
3 2721 2720 2524 
3 2722 2525 2526 
3 2722 2721 2525 
3 2723 2526 2527 
3 2723 2722 2526 
3 2724 2527 2528 
3 2724 2723 2527 
3 2725 2528 2529 
3 2725 2724 2528 
3 2726 2529 2530 
3 2726 2725 2529 
3 2727 2530 2531 
3 2727 2726 2530 
3 2728 2531 2622 
3 2728 2727 2531 
3 2729 2622 2631 
3 2729 2728 2622 
3 2730 2712 2713 
3 2731 2730 2713 
3 2732 2731 2713 
3 2733 2731 2732 
3 2734 2733 2732 
3 2735 2733 2734 
3 2736 2735 2734 
3 2737 2735 2736 
3 2738 2737 2736 
3 2739 2737 2738 
3 2740 2739 2738 
3 2741 2739 2740 
3 2742 2741 2740 
3 2743 2741 2742 
3 2744 2743 2742 
3 2745 2743 2744 
3 2746 2745 2744 
3 2747 2745 2746 
3 2748 2747 2746 
3 2749 2748 2750 
3 2749 2747 2748 
3 2365 2713 2364 
3 2365 2732 2713 
3 2366 2732 2365 
3 2366 2734 2732 
3 2367 2734 2366 
3 2367 2736 2734 
3 2368 2736 2367 
3 2368 2738 2736 
3 2369 2738 2368 
3 2369 2740 2738 
3 2370 2740 2369 
3 2370 2742 2740 
3 2371 2742 2370 
3 2371 2744 2742 
3 2372 2744 2371 
3 2372 2746 2744 
3 2374 2746 2372 
3 2374 2748 2746 
3 2751 2729 2631 
3 2752 2631 2632 
3 2752 2751 2631 
3 2375 2748 2374 
3 2375 2750 2748 
3 2753 2749 2750 
3 2376 2750 2375 
3 2376 2753 2750 
3 2754 2632 2718 
3 2754 2752 2632 
3 2377 2753 2376 
3 2755 2756 2757 
3 2758 2756 2755 
3 2756 2759 2757 
3 2760 2761 2762 
3 2762 2763 2760 
3 2764 2765 2766 
3 2764 2767 2765 
3 2768 2767 2764 
3 2769 2768 2764 
3 2770 2769 2764 
3 2762 2764 2766 
3 2762 2770 2764 
3 2771 2769 2770 
3 2772 2771 2770 
3 2761 2770 2762 
3 2761 2772 2770 
3 2773 2771 2772 
3 2774 2772 2761 
3 2774 2773 2772 
3 2775 2773 2774 
3 2776 2771 2773 
3 2777 2773 2775 
3 2777 2776 2773 
3 2778 2771 2776 
3 2778 2769 2771 
3 2763 2762 2766 
3 2779 2766 2765 
3 2780 2763 2766 
3 2779 2780 2766 
3 2781 2765 2767 
3 2781 2779 2765 
3 2782 2777 2775 
3 2783 2782 2775 
3 2784 2775 2774 
3 2784 2783 2775 
3 2785 2780 2779 
3 2786 2779 2781 
3 2786 2785 2779 
3 2787 2780 2785 
3 2788 2787 2785 
3 2789 2785 2786 
3 2789 2788 2785 
3 2790 2780 2787 
3 2790 2763 2780 
3 2791 2787 2788 
3 2792 2787 2791 
3 2792 2790 2787 
3 2793 2794 2791 
3 2795 2791 2788 
3 2795 2793 2791 
3 2796 2788 2789 
3 2796 2795 2788 
3 2797 2783 2784 
3 2798 2783 2797 
3 2798 2782 2783 
3 2794 2792 2791 
3 2799 2798 2797 
3 2800 2798 2799 
3 2801 2800 2799 
3 2802 2800 2801 
3 2803 2774 2761 
3 2803 2784 2774 
3 2804 2761 2760 
3 2804 2803 2761 
3 2089 2760 2763 
3 2089 2804 2760 
3 2805 2769 2778 
3 2806 2769 2805 
3 2806 2768 2769 
3 2807 2784 2803 
3 2807 2797 2784 
3 2808 2797 2807 
3 2808 2799 2797 
3 2809 2799 2808 
3 2809 2801 2799 
3 2810 2782 2798 
3 2811 2798 2800 
3 2811 2810 2798 
3 2812 2782 2810 
3 2812 2777 2782 
3 2813 2777 2812 
3 2813 2776 2777 
3 2814 2776 2813 
3 2814 2778 2776 
3 2815 2800 2802 
3 2815 2811 2800 
3 2086 2763 2790 
3 2086 2089 2763 
3 2087 2790 2792 
3 2087 2086 2790 
3 2106 2792 2794 
3 2106 2087 2792 
3 2816 2778 2814 
3 2816 2805 2778 
3 2817 2768 2806 
3 2818 2768 2817 
3 2818 2767 2768 
3 2412 2767 2818 
3 2412 2781 2767 
3 2411 2781 2412 
3 2411 2786 2781 
3 2301 2786 2411 
3 2301 2789 2786 
3 2300 2789 2301 
3 2300 2796 2789 
3 2819 2801 2809 
3 2820 2801 2819 
3 2820 2802 2801 
3 2821 2106 2794 
3 2822 2794 2793 
3 2822 2821 2794 
3 2823 2793 2795 
3 2823 2822 2793 
3 2824 2795 2796 
3 2824 2823 2795 
3 2306 2796 2300 
3 2306 2824 2796 
3 2758 2802 2820 
3 2825 2802 2758 
3 2825 2815 2802 
3 2755 2825 2758 
3 2081 2826 2759 
3 2081 2827 2826 
3 2078 2827 2081 
3 2828 2827 2078 
3 2111 2828 2078 
3 2829 2828 2111 
3 2830 2829 2111 
3 2831 2829 2830 
3 2112 2830 2111 
3 2757 2759 2826 
3 2709 2832 2833 
3 2709 2834 2832 
3 2708 2834 2709 
3 2835 2834 2708 
3 2707 2835 2708 
3 2836 2835 2707 
3 2706 2836 2707 
3 2837 2836 2706 
3 2705 2837 2706 
3 2838 2837 2705 
3 2704 2838 2705 
3 2839 2838 2704 
3 2703 2839 2704 
3 2840 2839 2703 
3 2702 2840 2703 
3 2841 2840 2702 
3 2701 2841 2702 
3 2842 2841 2701 
3 2700 2842 2701 
3 2843 2842 2700 
3 2699 2843 2700 
3 2844 2843 2699 
3 2698 2844 2699 
3 2845 2844 2698 
3 2697 2845 2698 
3 2846 2845 2697 
3 2696 2846 2697 
3 2847 2846 2696 
3 2695 2847 2696 
3 2848 2847 2695 
3 2694 2848 2695 
3 2849 2848 2694 
3 2693 2849 2694 
3 2850 2849 2693 
3 2692 2850 2693 
3 2851 2850 2692 
3 2691 2851 2692 
3 2852 2851 2691 
3 2690 2852 2691 
3 2853 2852 2690 
3 2689 2853 2690 
3 2854 2853 2689 
3 2688 2854 2689 
3 2855 2854 2688 
3 2856 2854 2855 
3 2687 2855 2688 
3 2857 2855 2687 
3 2857 2856 2855 
3 2686 2857 2687 
3 2858 2857 2686 
3 2859 2857 2858 
3 2859 2856 2857 
3 2860 2859 2858 
3 2685 2858 2686 
3 2861 2858 2685 
3 2861 2860 2858 
3 2862 2860 2861 
3 2684 2861 2685 
3 2863 2861 2684 
3 2863 2862 2861 
3 2864 2862 2863 
3 2683 2863 2684 
3 2865 2863 2683 
3 2865 2864 2863 
3 2866 2864 2865 
3 2867 2866 2865 
3 2682 2865 2683 
3 2682 2867 2865 
3 2868 2866 2867 
3 2681 2867 2682 
3 2681 2868 2867 
3 2869 2868 2681 
3 2680 2869 2681 
3 2870 2869 2680 
3 2679 2870 2680 
3 2678 2870 2679 
3 2871 2870 2678 
3 2677 2871 2678 
3 2872 2871 2677 
3 2676 2872 2677 
3 2873 2872 2676 
3 2675 2873 2676 
3 2874 2873 2675 
3 2875 2870 2871 
3 2876 2871 2872 
3 2876 2875 2871 
3 2877 2872 2873 
3 2877 2876 2872 
3 2878 2877 2873 
3 2874 2878 2873 
3 2879 2878 2874 
3 2674 2874 2675 
3 2880 2874 2674 
3 2880 2879 2874 
3 2673 2880 2674 
3 2881 2880 2673 
3 2710 2709 2833 
3 2882 2833 2832 
3 2883 2833 2882 
3 2883 2710 2833 
3 2884 2880 2881 
3 2884 2879 2880 
3 2711 2710 2883 
3 2885 2711 2883 
3 2886 2883 2882 
3 2886 2885 2883 
3 2887 2885 2886 
3 2714 2885 2887 
3 2714 2711 2885 
3 2672 2881 2673 
3 2888 2881 2672 
3 2888 2884 2881 
3 2671 2888 2672 
3 2889 2888 2671 
3 2655 2889 2671 
3 2890 2889 2655 
3 2891 2887 2886 
3 2656 2890 2655 
3 2892 2893 2894 
3 2892 2895 2893 
3 2896 2893 2895 
3 2897 2895 2892 
3 2898 2897 2892 
3 2899 2892 2894 
3 2899 2898 2892 
3 2900 2896 2895 
3 2901 2896 2900 
3 2902 2896 2901 
3 2902 2893 2896 
3 2903 2893 2902 
3 2903 2894 2893 
3 2904 2894 2903 
3 2904 2899 2894 
3 2905 2901 2900 
3 2906 2897 2898 
3 2907 2908 2909 
3 2909 2910 2907 
3 2911 2912 2913 
3 2913 2914 2911 
3 2913 2915 2914 
3 2913 2916 2915 
3 2917 2916 2913 
3 2912 2917 2913 
3 2918 2912 2911 
3 2919 2918 2911 
3 2920 2911 2914 
3 2920 2919 2911 
3 2921 2915 2916 
3 2922 2915 2921 
3 2923 2915 2922 
3 2923 2914 2915 
3 2924 2914 2923 
3 2924 2920 2914 
3 2925 2924 2923 
3 2926 2923 2922 
3 2926 2925 2923 
3 2927 2922 2921 
3 2927 2926 2922 
3 2928 2925 2926 
3 2929 2926 2927 
3 2929 2928 2926 
3 2930 2927 2921 
3 2931 2929 2927 
3 2932 2927 2930 
3 2932 2931 2927 
3 2933 2928 2929 
3 2934 2929 2931 
3 2934 2933 2929 
3 2935 2931 2932 
3 2935 2934 2931 
3 2936 2935 2932 
3 2937 2932 2930 
3 2937 2936 2932 
3 2938 2921 2916 
3 2938 2930 2921 
3 2939 2930 2938 
3 2939 2937 2930 
3 2940 2937 2939 
3 2941 2937 2940 
3 2941 2936 2937 
3 2942 2936 2941 
3 2943 2936 2942 
3 2943 2935 2936 
3 2944 2935 2943 
3 2944 2934 2935 
3 2945 2934 2944 
3 2946 2934 2945 
3 2946 2933 2934 
3 2947 2912 2918 
3 2948 2947 2918 
3 2949 2918 2919 
3 2949 2948 2918 
3 2950 2949 2919 
3 2951 2919 2920 
3 2951 2950 2919 
3 2952 2920 2924 
3 2952 2951 2920 
3 2953 2924 2925 
3 2953 2952 2924 
3 2954 2925 2928 
3 2954 2953 2925 
3 2955 2928 2933 
3 2955 2954 2928 
3 2956 2933 2946 
3 2956 2955 2933 
3 2957 2943 2942 
3 2958 2943 2957 
3 2958 2944 2943 
3 2959 2944 2958 
3 2959 2945 2944 
3 2907 2945 2959 
3 2960 2946 2945 
3 2961 2946 2960 
3 2961 2956 2946 
3 2962 2961 2960 
3 2910 2962 2960 
3 2907 2960 2945 
3 2907 2910 2960 
3 2908 2959 2958 
3 2908 2907 2959 
3 2963 2958 2957 
3 2963 2908 2958 
3 2964 2963 2957 
3 2965 2957 2942 
3 2965 2964 2957 
3 2966 2942 2941 
3 2966 2965 2942 
3 2967 2916 2917 
3 2967 2938 2916 
3 2968 2938 2967 
3 2968 2939 2938 
3 2969 2941 2940 
3 2969 2966 2941 
3 2970 2939 2968 
3 2970 2940 2939 
3 2971 2940 2970 
3 2971 2969 2940 
3 2972 2909 2908 
3 2973 2908 2963 
3 2973 2972 2908 
3 2974 2963 2964 
3 2974 2973 2963 
3 2975 2964 2965 
3 2975 2974 2964 
3 2976 2965 2966 
3 2976 2975 2965 
3 2977 2966 2969 
3 2977 2976 2966 
3 2978 2969 2971 
3 2978 2977 2969 
3 2979 2978 2971 
3 2980 2979 2971 
3 2981 2971 2970 
3 2981 2980 2971 
3 2982 2970 2968 
3 2982 2981 2970 
3 2983 2968 2967 
3 2983 2982 2968 
3 2984 2967 2917 
3 2984 2983 2967 
3 2985 2917 2912 
3 2985 2984 2917 
3 2986 2912 2947 
3 2986 2985 2912 
3 2987 2947 2948 
3 2987 2986 2947 
3 2988 2987 2948 
3 2989 2948 2949 
3 2989 2988 2948 
3 2990 2988 2989 
3 2991 2987 2988 
3 2992 2988 2990 
3 2992 2991 2988 
3 2993 2949 2950 
3 2993 2989 2949 
3 2994 2989 2993 
3 2994 2990 2989 
3 2995 2990 2994 
3 2995 2992 2990 
3 2996 2992 2995 
3 2997 2992 2996 
3 2997 2991 2992 
3 2998 2996 2995 
3 2999 2996 2998 
3 3000 3001 3002 
3 3000 3003 3001 
3 3004 2996 2999 
3 3004 2997 2996 
3 3005 3001 3003 
3 3006 2999 2998 
3 3007 3005 3003 
3 3008 2999 3006 
3 3009 3007 3003 
3 3010 2999 3008 
3 3010 3004 2999 
3 3011 3007 3009 
3 3012 3008 3006 
3 3013 3011 3009 
3 3014 3008 3012 
3 3015 3011 3013 
3 3016 3008 3014 
3 3016 3010 3008 
3 3017 3015 3013 
3 3018 3016 3014 
3 3019 3015 3017 
3 3020 3014 3012 
3 3020 3018 3014 
3 3021 3019 3017 
3 3022 3018 3020 
3 3023 3019 3021 
3 3024 3018 3022 
3 3025 3023 3021 
3 3026 2987 2991 
3 3027 3025 3021 
3 3028 2991 2997 
3 3028 3026 2991 
3 3029 2997 3004 
3 3029 3028 2997 
3 3030 3004 3010 
3 3030 3029 3004 
3 3031 3010 3016 
3 3031 3030 3010 
3 3032 3016 3018 
3 3032 3031 3016 
3 3033 3018 3024 
3 3033 3032 3018 
3 3034 3033 3024 
3 3035 3024 3022 
3 3035 3034 3024 
3 3036 3034 3035 
3 3037 3036 3035 
3 3038 3036 3037 
3 3039 3035 3022 
3 3039 3037 3035 
3 3040 3022 3020 
3 3040 3039 3022 
3 3041 3020 3012 
3 3041 3040 3020 
3 3042 3012 3006 
3 3042 3041 3012 
3 3043 3006 2998 
3 3043 3042 3006 
3 3044 2998 2995 
3 3044 3043 2998 
3 3045 2995 2994 
3 3045 3044 2995 
3 3046 2994 2993 
3 3046 3045 2994 
3 3047 2993 2950 
3 3047 3046 2993 
3 3048 3038 3037 
3 3049 3038 3048 
3 3050 3049 3048 
3 3051 3049 3050 
3 3052 3051 3050 
3 3053 3051 3052 
3 3054 3034 3036 
3 3055 3036 3038 
3 3055 3054 3036 
3 3056 3038 3049 
3 3056 3055 3038 
3 3057 3049 3051 
3 3057 3056 3049 
3 3058 3051 3053 
3 3058 3057 3051 
3 3059 3053 3052 
3 3060 3053 3059 
3 3060 3058 3053 
3 3061 3060 3059 
3 3062 3060 3061 
3 3063 3062 3061 
3 3064 3062 3063 
3 3065 3064 3063 
3 3066 3064 3065 
3 3067 3066 3065 
3 3068 3066 3067 
3 3069 3068 3067 
3 3070 3068 3069 
3 3071 3070 3069 
3 3072 3070 3071 
3 3073 3072 3071 
3 3074 3072 3073 
3 3075 3074 3073 
3 3076 3074 3075 
3 3077 3076 3075 
3 3078 3076 3077 
3 3079 3078 3077 
3 3080 3079 3077 
3 3081 3079 3080 
3 3082 3079 3081 
3 3083 3082 3081 
3 3084 3082 3083 
3 3085 3084 3083 
3 3086 3084 3085 
3 3087 3086 3085 
3 3088 3086 3087 
3 3089 3088 3087 
3 3090 3088 3089 
3 3091 3090 3089 
3 3092 3090 3091 
3 3093 3092 3091 
3 3094 3092 3093 
3 3095 3094 3093 
3 3096 3094 3095 
3 3097 3096 3095 
3 3098 3096 3097 
3 3099 3098 3097 
3 3100 3098 3099 
3 3101 3100 3099 
3 3102 3100 3101 
3 3103 3102 3101 
3 3104 3102 3103 
3 3105 3104 3103 
3 3106 3104 3105 
3 3107 3106 3105 
3 3108 3106 3107 
3 3109 3108 3107 
3 3110 3108 3109 
3 3111 3110 3109 
3 3112 3110 3111 
3 3113 3112 3111 
3 3114 3112 3113 
3 3115 3114 3113 
3 3116 3114 3115 
3 3117 3116 3115 
3 3118 3116 3117 
3 3119 3118 3117 
3 3120 3118 3119 
3 3121 3120 3119 
3 3122 3120 3121 
3 3123 3122 3121 
3 3124 3122 3123 
3 3125 3124 3123 
3 3126 3124 3125 
3 3127 3126 3125 
3 3128 3126 3127 
3 3129 3128 3127 
3 3130 3128 3129 
3 3131 3130 3129 
3 3132 3130 3131 
3 3133 3132 3131 
3 3134 3132 3133 
3 3135 3134 3133 
3 3136 3134 3135 
3 3137 3136 3135 
3 3138 3136 3137 
3 3139 3138 3137 
3 3140 3138 3139 
3 3141 3140 3139 
3 3142 3140 3141 
3 3143 3142 3141 
3 3144 3142 3143 
3 3145 3144 3143 
3 3146 3144 3145 
3 3147 3146 3145 
3 3148 3146 3147 
3 3149 3148 3147 
3 3150 3149 3147 
3 3151 3148 3149 
3 3152 3149 3150 
3 3152 3151 3149 
3 3153 3152 3150 
3 3154 3151 3152 
3 3155 3152 3153 
3 3155 3154 3152 
3 3156 3155 3153 
3 3157 3154 3155 
3 3158 3155 3156 
3 3158 3157 3155 
3 3159 3158 3156 
3 3160 3157 3158 
3 3161 3158 3159 
3 3161 3160 3158 
3 3162 3161 3159 
3 3163 3160 3161 
3 3164 3161 3162 
3 3164 3163 3161 
3 3165 3164 3162 
3 3166 3163 3164 
3 3167 3164 3165 
3 3167 3166 3164 
3 3168 3167 3165 
3 3169 3166 3167 
3 3170 3167 3168 
3 3170 3169 3167 
3 3171 3170 3168 
3 3172 3169 3170 
3 3173 3170 3171 
3 3173 3172 3170 
3 3174 3173 3171 
3 3175 3172 3173 
3 3176 3173 3174 
3 3176 3175 3173 
3 3177 3176 3174 
3 3178 3175 3176 
3 3179 3176 3177 
3 3179 3178 3176 
3 3180 3179 3177 
3 3181 3178 3179 
3 3182 3179 3180 
3 3182 3181 3179 
3 3183 3182 3180 
3 3184 3181 3182 
3 3185 3182 3183 
3 3185 3184 3182 
3 3186 3185 3183 
3 3187 3184 3185 
3 3188 3185 3186 
3 3188 3187 3185 
3 3189 2950 2951 
3 3189 3047 2950 
3 3190 2951 2952 
3 3190 3189 2951 
3 3191 2952 2953 
3 3191 3190 2952 
3 3192 2953 2954 
3 3192 3191 2953 
3 3193 2954 2955 
3 3193 3192 2954 
3 3194 2955 2956 
3 3194 3193 2955 
3 2831 2909 2972 
3 3195 2909 2831 
3 3195 2910 2909 
3 3196 2956 2961 
3 3196 3194 2956 
3 3197 2961 2962 
3 3197 3196 2961 
3 3198 2910 3195 
3 3199 2910 3198 
3 3199 2962 2910 
3 3200 2962 3199 
3 3200 3197 2962 
3 3201 3188 3186 
3 3202 3187 3188 
3 3203 3188 3201 
3 3203 3202 3188 
3 2829 2831 2972 
3 2828 2972 2973 
3 2828 2829 2972 
3 2827 2973 2974 
3 2827 2828 2973 
3 2826 2974 2975 
3 2826 2827 2974 
3 2757 2975 2976 
3 2757 2826 2975 
3 3204 2976 2977 
3 3204 2757 2976 
3 3205 2977 2978 
3 3205 3204 2977 
3 3206 2987 3026 
3 3206 2986 2987 
3 3207 2986 3206 
3 3207 2985 2986 
3 3208 2985 3207 
3 3208 2984 2985 
3 3209 2984 3208 
3 3209 2983 2984 
3 2905 2983 3209 
3 2905 2982 2983 
3 3210 2978 2979 
3 3210 3205 2978 
3 2900 2982 2905 
3 2900 2981 2982 
3 2895 2981 2900 
3 2895 2980 2981 
3 2897 2980 2895 
3 2897 2979 2980 
3 2906 2979 2897 
3 2906 3210 2979 
3 3211 3203 3201 
3 3212 3202 3203 
3 3213 3203 3211 
3 3213 3212 3203 
3 3214 3212 3213 
3 3215 3213 3211 
3 3025 3213 3215 
3 3025 3214 3213 
3 3027 3214 3025 
3 3216 3021 3017 
3 3216 3027 3021 
3 3217 3017 3013 
3 3217 3216 3017 
3 3218 3013 3009 
3 3218 3217 3013 
3 3219 3009 3003 
3 3219 3218 3009 
3 3220 3003 3000 
3 3220 3219 3003 
3 3221 3025 3215 
3 3221 3023 3025 
3 3222 3023 3221 
3 3222 3019 3023 
3 3223 3019 3222 
3 3223 3015 3019 
3 3224 3220 3000 
3 3225 3000 3002 
3 3225 3224 3000 
3 3226 3015 3223 
3 3226 3011 3015 
3 3227 3011 3226 
3 3227 3007 3011 
3 3228 3007 3227 
3 3228 3005 3007 
3 3229 3005 3228 
3 3229 3001 3005 
3 3230 3001 3229 
3 3230 3002 3001 
3 3231 3002 3230 
3 3231 3225 3002 
3 3232 3224 3225 
3 3233 3225 3231 
3 3233 3232 3225 
3 3234 3232 3233 
3 3235 2898 3236 
3 3235 3237 2898 
3 2906 2898 3237 
3 3238 2906 3237 
3 3210 2906 3238 
3 3239 3210 3238 
3 2899 3236 2898 
3 3240 3236 2899 
3 2813 3236 3240 
3 2812 3236 2813 
3 2812 3235 3236 
3 2810 3235 2812 
3 2810 3237 3235 
3 2811 3237 2810 
3 2811 3238 3237 
3 2815 3238 2811 
3 2815 3239 3238 
3 2825 3239 2815 
3 3241 3239 2825 
3 3205 3239 3241 
3 3205 3210 3239 
3 2755 3241 2825 
3 3204 3241 2755 
3 3204 3205 3241 
3 2904 3240 2899 
3 3242 3240 2904 
3 2814 3240 3242 
3 2814 2813 3240 
3 2757 3204 2755 
3 2816 2814 3242 
3 3243 2846 3244 
3 3243 2845 2846 
3 3245 2845 3243 
3 3246 3245 3243 
3 3247 3243 3244 
3 3247 3246 3243 
3 2847 3244 2846 
3 3248 3244 2847 
3 3248 3247 3244 
3 2848 3248 2847 
3 3249 3248 2848 
3 3250 3248 3249 
3 3251 3250 3249 
3 2849 3249 2848 
3 3252 3249 2849 
3 3252 3251 3249 
3 3253 3251 3252 
3 2850 3252 2849 
3 3254 3252 2850 
3 3254 3253 3252 
3 3255 3253 3254 
3 2851 3254 2850 
3 3256 3254 2851 
3 3256 3255 3254 
3 2852 3256 2851 
3 3257 3255 3256 
3 3258 3256 2852 
3 3258 3257 3256 
3 2844 2845 3245 
3 3259 3245 3246 
3 3260 3245 3259 
3 3260 2844 3245 
3 2853 3258 2852 
3 3261 3257 3258 
3 3262 3258 2853 
3 3262 3261 3258 
3 2854 3262 2853 
3 3263 3262 2854 
3 3264 3262 3263 
3 3264 3261 3262 
3 3265 3264 3263 
3 2856 3263 2854 
3 2856 3265 3263 
3 3266 3264 3265 
3 3267 3266 3265 
3 2859 3265 2856 
3 2859 3267 3265 
3 3268 3267 2859 
3 3269 3267 3268 
3 3269 3266 3267 
3 3270 3269 3268 
3 3271 3270 3268 
3 3272 3270 3271 
3 3273 3272 3271 
3 3274 3272 3273 
3 3275 3274 3273 
3 2843 2844 3260 
3 3276 3260 3259 
3 3277 3260 3276 
3 3277 2843 3260 
3 3278 3274 3275 
3 3279 3278 3275 
3 3280 3278 3279 
3 3281 3280 3279 
3 2842 2843 3277 
3 3282 3277 3276 
3 3283 3277 3282 
3 3283 2842 3277 
3 2841 2842 3283 
3 3284 3283 3282 
3 3285 3283 3284 
3 3285 2841 3283 
3 2840 2841 3285 
3 3286 3285 3284 
3 3287 3285 3286 
3 3287 2840 3285 
3 2839 2840 3287 
3 3288 3287 3286 
3 3289 3287 3288 
3 3289 2839 3287 
3 2838 2839 3289 
3 3290 3289 3288 
3 3291 3289 3290 
3 3291 2838 3289 
3 3292 3291 3290 
3 2837 2838 3291 
3 3293 3291 3292 
3 3293 2837 3291 
3 3294 3293 3292 
3 2836 2837 3293 
3 3295 3293 3294 
3 3295 2836 3293 
3 3296 3295 3294 
3 2835 2836 3295 
3 3297 3295 3296 
3 3297 2835 3295 
3 3298 3297 3296 
3 2834 2835 3297 
3 3299 3297 3298 
3 3299 2834 3297 
3 3300 3299 3298 
3 2832 2834 3299 
3 3301 3299 3300 
3 3301 2832 3299 
3 3302 3301 3300 
3 2882 2832 3301 
3 3303 3301 3302 
3 3303 2882 3301 
3 2860 3268 2859 
3 2860 3271 3268 
3 2862 3271 2860 
3 2862 3273 3271 
3 2864 3273 2862 
3 2864 3275 3273 
3 2866 3275 2864 
3 2866 3279 3275 
3 2868 3279 2866 
3 2868 3281 3279 
3 2886 2882 3303 
3 3304 2886 3303 
3 3305 3280 3281 
3 3306 3305 3281 
3 2869 3281 2868 
3 2869 3306 3281 
3 3307 3303 3302 
3 3307 3304 3303 
3 3308 3305 3306 
3 2870 3306 2869 
3 2870 3308 3306 
3 3309 3304 3310 
3 2891 3304 3309 
3 2891 2886 3304 
3 3310 3304 3307 
3 2875 3308 2870 
3 3311 3312 3313 
3 3314 3315 3311 
3 3316 3317 3318 
3 3317 3319 3320 
3 3319 3312 3321 
3 3311 3322 3314 
3 3313 3323 3311 
3 3322 3324 3325 
3 3323 3326 3322 
3 3327 3328 3329 
3 3329 3330 3331 
3 3330 3324 3332 
3 3326 3332 3324 
3 3332 3331 3330 
3 3324 3330 3328 
3 3330 3329 3328 
3 3324 3322 3326 
3 3328 3325 3324 
3 3322 3311 3323 
3 3325 3314 3322 
3 3315 3321 3312 
3 3321 3320 3319 
3 3312 3319 3316 
3 3319 3317 3316 
3 3312 3311 3315 
3 3316 3313 3312 
3 3333 3334 3335 
3 3333 3336 3334 
3 3337 3336 3333 
3 3338 3337 3333 
3 3339 3338 3333 
3 3340 3333 3335 
3 3340 3339 3333 
3 3341 3335 3342 
3 3342 3335 3334 
3 3343 3335 3341 
3 3343 3340 3335 
3 3344 3337 3338 
3 3345 3337 3344 
3 3346 3337 3345 
3 3346 3336 3337 
3 3347 3338 3339 
3 3347 3344 3338 
3 3348 3341 3342 
3 3349 3341 3348 
3 3349 3343 3341 
3 3350 3346 3345 
3 3351 3346 3350 
3 3352 3346 3351 
3 3353 3346 3352 
3 3353 3336 3346 
3 3354 3336 3353 
3 3354 3334 3336 
3 3355 3334 3354 
3 3355 3342 3334 
3 3356 3342 3355 
3 3356 3348 3342 
3 3357 3350 3345 
3 3358 3350 3357 
3 3358 3351 3350 
3 3359 3352 3351 
3 3360 3351 3358 
3 3360 3359 3351 
3 3361 3359 3360 
3 3362 3360 3358 
3 3363 3360 3362 
3 3363 3361 3360 
3 3364 3361 3363 
3 3365 3363 3362 
3 3366 3363 3365 
3 3366 3364 3363 
3 3367 3364 3366 
3 3368 3366 3365 
3 3369 3366 3368 
3 3369 3367 3366 
3 3370 3367 3369 
3 3371 3369 3368 
3 3372 3369 3371 
3 3372 3370 3369 
3 3373 3370 3372 
3 3374 3372 3371 
3 3375 3372 3374 
3 3375 3373 3372 
3 3376 3339 3340 
3 3377 3339 3376 
3 3377 3347 3339 
3 3378 3348 3356 
3 3379 3348 3378 
3 3379 3349 3348 
3 3380 3345 3344 
3 3380 3357 3345 
3 3381 3344 3347 
3 3381 3380 3344 
3 3382 3381 3347 
3 3383 3347 3377 
3 3383 3382 3347 
3 3384 3340 3343 
3 3384 3376 3340 
3 3385 3343 3349 
3 3385 3384 3343 
3 3386 3349 3379 
3 3386 3385 3349 
3 3387 3379 3378 
3 3388 3379 3387 
3 3388 3386 3379 
3 3389 3373 3375 
3 3317 3389 3375 
3 3318 3375 3374 
3 3318 3317 3375 
3 3320 3389 3317 
3 3390 3388 3387 
3 3391 3392 3393 
3 3391 3394 3392 
3 3395 3394 3391 
3 3396 3395 3391 
3 3397 3395 3396 
3 3398 3397 3396 
3 3399 3392 3394 
3 3386 3399 3394 
3 3385 3394 3395 
3 3385 3386 3394 
3 3400 3392 3399 
3 3401 3392 3400 
3 3401 3393 3392 
3 3384 3395 3397 
3 3384 3385 3395 
3 3402 3397 3398 
3 3403 3402 3398 
3 3404 3398 3396 
3 3404 3403 3398 
3 3405 3396 3391 
3 3405 3404 3396 
3 3388 3399 3386 
3 3406 3399 3388 
3 3406 3400 3399 
3 3376 3397 3402 
3 3376 3384 3397 
3 3407 3402 3403 
3 3377 3402 3407 
3 3377 3376 3402 
3 3408 3391 3393 
3 3408 3405 3391 
3 3409 3393 3401 
3 3409 3408 3393 
3 3410 3408 3409 
3 3383 3377 3407 
3 3390 3406 3388 
3 3248 3250 3411 
3 3412 3413 3414 
3 3412 2751 3413 
3 2752 3413 2751 
3 3415 3413 2752 
3 3416 3413 3415 
3 3416 3414 3413 
3 3417 3414 3416 
3 3418 3414 3417 
3 3418 3412 3414 
3 3419 3417 3416 
3 3420 3417 3419 
3 3421 3417 3420 
3 3421 3418 3417 
3 3422 3421 3420 
3 3423 3421 3422 
3 2754 3415 2752 
3 3424 3423 3422 
3 3425 3426 3427 
3 3427 3428 3425 
3 3429 3430 3431 
3 3431 3432 3429 
3 3433 3434 3435 
3 3435 3436 3433 
3 3437 3438 3439 
3 3439 3440 3437 
3 3434 3433 3441 
3 3441 3442 3434 
3 3443 3444 3445 
3 3446 3444 3443 
3 3447 3446 3443 
3 3448 3447 3443 
3 3449 3443 3445 
3 3449 3448 3443 
3 3450 3447 3448 
3 3451 3448 3449 
3 3451 3450 3448 
3 3452 3451 3449 
3 3453 3449 3445 
3 3453 3452 3449 
3 3454 3453 3445 
3 3455 3445 3444 
3 3455 3454 3445 
3 3456 3455 3444 
3 3457 3444 3446 
3 3457 3456 3444 
3 3458 3446 3447 
3 3458 3457 3446 
3 3459 3447 3450 
3 3459 3458 3447 
3 3460 3459 3450 
3 3461 3460 3450 
3 3462 3450 3451 
3 3462 3461 3450 
3 3463 3451 3452 
3 3463 3462 3451 
3 3464 3463 3452 
3 3465 3463 3464 
3 3466 3463 3465 
3 3466 3462 3463 
3 3467 3462 3466 
3 3467 3461 3462 
3 3468 3460 3461 
3 3469 3461 3467 
3 3469 3468 3461 
3 3470 3467 3466 
3 3438 3466 3465 
3 3438 3470 3466 
3 3471 3467 3470 
3 3471 3469 3467 
3 3437 3470 3438 
3 3472 3471 3470 
3 3473 3465 3464 
3 3473 3438 3465 
3 3474 3438 3473 
3 3439 3438 3474 
3 3437 3472 3470 
3 3475 3471 3472 
3 3476 3472 3437 
3 3476 3475 3472 
3 3477 3471 3475 
3 3477 3469 3471 
3 3478 3469 3477 
3 3478 3468 3469 
3 3479 3477 3475 
3 3480 3475 3476 
3 3480 3479 3475 
3 3440 3476 3437 
3 3481 3476 3440 
3 3481 3480 3476 
3 3482 3477 3479 
3 3482 3478 3477 
3 3483 3482 3479 
3 3484 3479 3480 
3 3484 3483 3479 
3 3485 3480 3481 
3 3485 3484 3480 
3 3486 3468 3478 
3 3487 3478 3482 
3 3487 3486 3478 
3 3488 3481 3440 
3 3489 3481 3488 
3 3489 3485 3481 
3 3490 3482 3483 
3 3490 3487 3482 
3 3491 3483 3484 
3 3491 3490 3483 
3 3492 3484 3485 
3 3492 3491 3484 
3 3493 3485 3489 
3 3493 3492 3485 
3 3494 3468 3486 
3 3494 3460 3468 
3 3495 3460 3494 
3 3495 3459 3460 
3 3496 3459 3495 
3 3496 3458 3459 
3 3497 3452 3453 
3 3497 3464 3452 
3 3498 3453 3454 
3 3498 3497 3453 
3 3499 3458 3496 
3 3499 3457 3458 
3 3500 3454 3455 
3 3500 3498 3454 
3 3432 3455 3456 
3 3432 3500 3455 
3 3501 3456 3457 
3 3501 3429 3456 
3 3502 3457 3499 
3 3502 3501 3457 
3 3503 3500 3432 
3 3429 3432 3456 
3 3431 3503 3432 
3 3504 3429 3501 
3 3505 3501 3502 
3 3505 3504 3501 
3 3506 3473 3464 
3 3507 3464 3497 
3 3507 3506 3464 
3 3508 3497 3498 
3 3508 3507 3497 
3 3509 3498 3500 
3 3509 3508 3498 
3 3510 3500 3503 
3 3510 3509 3500 
3 3511 3507 3508 
3 3512 3508 3509 
3 3512 3511 3508 
3 3513 3509 3510 
3 3513 3512 3509 
3 3514 3506 3507 
3 3515 3507 3511 
3 3515 3514 3507 
3 3430 3429 3504 
3 3516 3431 3430 
3 3517 3431 3516 
3 3517 3503 3431 
3 3518 3503 3517 
3 3518 3510 3503 
3 3519 3510 3518 
3 3519 3513 3510 
3 3520 3511 3512 
3 3520 3515 3511 
3 3521 3512 3513 
3 3521 3520 3512 
3 3522 3513 3519 
3 3522 3521 3513 
3 3523 3514 3515 
3 3442 3515 3520 
3 3442 3523 3515 
3 3524 3520 3521 
3 3524 3442 3520 
3 3525 3521 3522 
3 3525 3524 3521 
3 3526 3525 3522 
3 3527 3522 3519 
3 3527 3526 3522 
3 3528 3519 3518 
3 3528 3527 3519 
3 3529 3518 3517 
3 3529 3528 3518 
3 3530 3517 3516 
3 3530 3529 3517 
3 3531 3516 3430 
3 3532 3530 3516 
3 3531 3532 3516 
3 3533 3430 3504 
3 3533 3531 3430 
3 3534 3504 3505 
3 3534 3533 3504 
3 3535 3527 3528 
3 3536 3528 3529 
3 3536 3535 3528 
3 3537 3529 3530 
3 3537 3536 3529 
3 3538 3530 3532 
3 3538 3537 3530 
3 3539 3538 3532 
3 3540 3532 3531 
3 3540 3539 3532 
3 3541 3533 3534 
3 3542 3533 3541 
3 3542 3531 3533 
3 3543 3531 3542 
3 3543 3540 3531 
3 3544 3540 3543 
3 3545 3540 3544 
3 3545 3539 3540 
3 3546 3539 3545 
3 3547 3539 3546 
3 3547 3538 3539 
3 3548 3538 3547 
3 3548 3537 3538 
3 3549 3537 3548 
3 3549 3536 3537 
3 3550 3536 3549 
3 3550 3535 3536 
3 3551 3535 3550 
3 3551 3527 3535 
3 3552 3527 3551 
3 3552 3526 3527 
3 3434 3442 3524 
3 3441 3523 3442 
3 3553 3524 3525 
3 3553 3434 3524 
3 3554 3525 3526 
3 3554 3553 3525 
3 3555 3526 3552 
3 3555 3554 3526 
3 3556 3434 3553 
3 3557 3553 3554 
3 3557 3556 3553 
3 3558 3554 3555 
3 3558 3557 3554 
3 3559 3473 3506 
3 3559 3474 3473 
3 3560 3506 3514 
3 3560 3559 3506 
3 3561 3514 3523 
3 3561 3560 3514 
3 3562 3523 3441 
3 3562 3561 3523 
3 3428 3562 3441 
3 3435 3434 3556 
3 3433 3428 3441 
3 3563 3556 3557 
3 3563 3435 3556 
3 3436 3425 3433 
3 3564 3435 3563 
3 3564 3436 3435 
3 3565 3547 3546 
3 3566 3547 3565 
3 3566 3548 3547 
3 3567 3548 3566 
3 3567 3549 3548 
3 3568 3549 3567 
3 3568 3550 3549 
3 3569 3550 3568 
3 3569 3551 3550 
3 3570 3551 3569 
3 3570 3552 3551 
3 3571 3552 3570 
3 3571 3555 3552 
3 3572 3557 3558 
3 3572 3563 3557 
3 3573 3555 3571 
3 3573 3558 3555 
3 3574 3558 3573 
3 3574 3572 3558 
3 3575 3564 3563 
3 3576 3563 3572 
3 3576 3575 3563 
3 3577 3572 3574 
3 3577 3576 3572 
3 3578 3487 3490 
3 3579 3487 3578 
3 3579 3486 3487 
3 3580 3486 3579 
3 3580 3494 3486 
3 3581 3494 3580 
3 3581 3495 3494 
3 3582 3495 3581 
3 3582 3496 3495 
3 3583 3496 3582 
3 3583 3499 3496 
3 3584 3499 3583 
3 3584 3502 3499 
3 3585 3502 3584 
3 3585 3505 3502 
3 3586 3505 3585 
3 3586 3534 3505 
3 3587 3534 3586 
3 3587 3541 3534 
3 3588 3565 3546 
3 3589 3546 3545 
3 3589 3588 3546 
3 3590 3545 3544 
3 3590 3589 3545 
3 3591 3544 3543 
3 3591 3590 3544 
3 3592 3543 3542 
3 3592 3591 3543 
3 3593 3542 3541 
3 3593 3592 3542 
3 3594 3541 3587 
3 3594 3593 3541 
3 3595 3559 3560 
3 3596 3560 3561 
3 3596 3595 3560 
3 3597 3561 3562 
3 3597 3596 3561 
3 3598 3562 3428 
3 3598 3597 3562 
3 3425 3428 3433 
3 3427 3598 3428 
3 3599 3425 3436 
3 3426 3425 3599 
3 3600 3427 3426 
3 3601 3427 3600 
3 3601 3598 3427 
3 3602 3598 3601 
3 3602 3597 3598 
3 3603 3597 3602 
3 3603 3596 3597 
3 3604 3596 3603 
3 3604 3595 3596 
3 3605 3565 3588 
3 3606 3565 3605 
3 3606 3566 3565 
3 3607 3566 3606 
3 3607 3567 3566 
3 3608 3567 3607 
3 3608 3568 3567 
3 3609 3568 3608 
3 3609 3569 3568 
3 3610 3569 3609 
3 3610 3570 3569 
3 3611 3570 3610 
3 3611 3571 3570 
3 3612 3571 3611 
3 3612 3573 3571 
3 3613 3436 3564 
3 3613 3599 3436 
3 3614 3564 3575 
3 3614 3613 3564 
3 3615 3575 3576 
3 3615 3614 3575 
3 3616 3576 3577 
3 3616 3615 3576 
3 3617 3573 3612 
3 3617 3574 3573 
3 3618 3574 3617 
3 3618 3577 3574 
3 3619 3577 3618 
3 3619 3616 3577 
3 3620 3426 3599 
3 3621 3599 3613 
3 3621 3620 3599 
3 3622 3613 3614 
3 3622 3621 3613 
3 3623 3614 3615 
3 3623 3622 3614 
3 3624 3615 3616 
3 3624 3623 3615 
3 3625 3616 3619 
3 3625 3624 3616 
3 3626 3605 3588 
3 3627 3588 3589 
3 3627 3626 3588 
3 3628 3589 3590 
3 3628 3627 3589 
3 3629 3600 3426 
3 3630 3426 3620 
3 3630 3629 3426 
3 3631 3620 3621 
3 3631 3630 3620 
3 3632 3621 3622 
3 3632 3631 3621 
3 3633 3622 3623 
3 3633 3632 3622 
3 3634 3628 3590 
3 3635 3590 3591 
3 3635 3634 3590 
3 3636 3623 3624 
3 3636 3633 3623 
3 3637 3624 3625 
3 3637 3636 3624 
3 3638 3637 3625 
3 3639 3625 3619 
3 3639 3638 3625 
3 3640 3619 3618 
3 3640 3639 3619 
3 3641 3618 3617 
3 3641 3640 3618 
3 3642 3617 3612 
3 3642 3641 3617 
3 3643 3612 3611 
3 3643 3642 3612 
3 3644 3611 3610 
3 3644 3643 3611 
3 3645 3610 3609 
3 3645 3644 3610 
3 3646 3609 3608 
3 3646 3645 3609 
3 3647 3608 3607 
3 3647 3646 3608 
3 3648 3607 3606 
3 3648 3647 3607 
3 3649 3606 3605 
3 3649 3648 3606 
3 3650 3605 3626 
3 3650 3649 3605 
3 3651 3626 3627 
3 3651 3650 3626 
3 3652 3627 3628 
3 3652 3651 3627 
3 3653 3628 3634 
3 3653 3652 3628 
3 3654 3653 3634 
3 3655 3634 3635 
3 3655 3654 3634 
3 3656 3578 3490 
3 3657 3490 3491 
3 3657 3656 3490 
3 3658 3491 3492 
3 3658 3657 3491 
3 3659 3489 3488 
3 3660 3489 3659 
3 3660 3493 3489 
3 3661 3492 3493 
3 3661 3658 3492 
3 3662 3493 3660 
3 3662 3661 3493 
3 3663 3661 3662 
3 3664 3661 3663 
3 3664 3658 3661 
3 3665 3658 3664 
3 3665 3657 3658 
3 3666 3657 3665 
3 3666 3656 3657 
3 3667 3591 3592 
3 3667 3635 3591 
3 3668 3592 3593 
3 3668 3667 3592 
3 3669 3593 3594 
3 3669 3668 3593 
3 3670 3666 3665 
3 3671 3665 3664 
3 3671 3670 3665 
3 3672 3671 3664 
3 3673 3664 3663 
3 3673 3672 3664 
3 3674 3663 3662 
3 3674 3673 3663 
3 3675 3662 3660 
3 3675 3674 3662 
3 3676 3660 3659 
3 3676 3675 3660 
3 3677 3630 3631 
3 3678 3630 3677 
3 3678 3629 3630 
3 3679 3629 3678 
3 3680 3629 3679 
3 3680 3600 3629 
3 3681 3600 3680 
3 3681 3601 3600 
3 3682 3601 3681 
3 3682 3602 3601 
3 3683 3602 3682 
3 3683 3603 3602 
3 3684 3603 3683 
3 3684 3604 3603 
3 3685 3635 3667 
3 3685 3655 3635 
3 3686 3654 3655 
3 3687 3655 3685 
3 3687 3686 3655 
3 3688 3667 3668 
3 3688 3685 3667 
3 3689 3685 3688 
3 3689 3687 3685 
3 3690 3668 3669 
3 3690 3688 3668 
3 3691 3679 3678 
3 3692 3678 3677 
3 3692 3691 3678 
3 3693 3631 3632 
3 3693 3677 3631 
3 3694 3677 3693 
3 3694 3692 3677 
3 3695 3688 3690 
3 3695 3689 3688 
3 3696 3670 3671 
3 3697 3671 3672 
3 3697 3696 3671 
3 3698 3672 3673 
3 3698 3699 3672 
3 3699 3697 3672 
3 3700 3699 3698 
3 3701 3699 3700 
3 3702 3701 3700 
3 3703 3701 3702 
3 3704 3703 3702 
3 3705 3703 3704 
3 3706 3705 3704 
3 3707 3705 3706 
3 3708 3707 3706 
3 3709 3707 3708 
3 3710 3709 3708 
3 3711 3709 3710 
3 3712 3711 3710 
3 3713 3711 3712 
3 3714 3713 3712 
3 3715 3713 3714 
3 3716 3715 3714 
3 3717 3715 3716 
3 3718 3717 3716 
3 3719 3717 3718 
3 3720 3719 3718 
3 3721 3717 3719 
3 3722 3721 3719 
3 3723 3719 3720 
3 3723 3722 3719 
3 3724 3692 3694 
3 3725 3692 3724 
3 3725 3691 3692 
3 3726 3674 3675 
3 3727 3675 3676 
3 3727 3726 3675 
3 3728 3725 3724 
3 3729 3673 3674 
3 3729 3698 3673 
3 3730 3674 3726 
3 3730 3729 3674 
3 3228 3439 3474 
3 3229 3474 3559 
3 3229 3228 3474 
3 3731 3730 3726 
3 3732 3726 3727 
3 3732 3731 3726 
3 3230 3559 3595 
3 3230 3229 3559 
3 3227 3439 3228 
3 3227 3440 3439 
3 3226 3440 3227 
3 3226 3488 3440 
3 3223 3488 3226 
3 3223 3659 3488 
3 3222 3659 3223 
3 3222 3676 3659 
3 3221 3676 3222 
3 3221 3727 3676 
3 3733 3722 3723 
3 2305 3722 3733 
3 3734 2305 3733 
3 2307 3722 2305 
3 2307 3721 3722 
3 2648 3578 3656 
3 2647 3656 3666 
3 2647 2648 3656 
3 2646 3666 3670 
3 2646 2647 3666 
3 2645 3670 3696 
3 2645 2646 3670 
3 2644 3696 3697 
3 2644 2645 3696 
3 2643 3697 3699 
3 2643 2644 3697 
3 2642 3699 3701 
3 2642 2643 3699 
3 2641 3701 3703 
3 2641 2642 3701 
3 2640 3703 3705 
3 2640 2641 3703 
3 2639 3705 3707 
3 2639 2640 3705 
3 2638 3707 3709 
3 2638 2639 3707 
3 2637 3709 3711 
3 2637 2638 3709 
3 2636 3711 3713 
3 2636 2637 3711 
3 2635 3713 3715 
3 2635 2636 3713 
3 2634 3715 3717 
3 2634 2635 3715 
3 2633 3717 3721 
3 2633 2634 3717 
3 2415 3721 2307 
3 2415 2633 3721 
3 3735 3698 3729 
3 3735 3700 3698 
3 3736 3700 3735 
3 3736 3702 3700 
3 3737 3702 3736 
3 3737 3704 3702 
3 3231 3595 3604 
3 3231 3230 3595 
3 2649 3578 2648 
3 2649 3579 3578 
3 2717 3579 2649 
3 2717 3580 3579 
3 2719 3580 2717 
3 2719 3581 3580 
3 3233 3604 3684 
3 3233 3231 3604 
3 2720 3581 2719 
3 2720 3582 3581 
3 2721 3582 2720 
3 2721 3583 3582 
3 2722 3583 2721 
3 2722 3584 3583 
3 2723 3584 2722 
3 2723 3585 3584 
3 2724 3585 2723 
3 2724 3586 3585 
3 2725 3586 2724 
3 2725 3587 3586 
3 2726 3587 2725 
3 2726 3594 3587 
3 2727 3594 2726 
3 2727 3669 3594 
3 2728 3669 2727 
3 2728 3690 3669 
3 3738 3725 3728 
3 3739 3725 3738 
3 3740 3725 3739 
3 3740 3691 3725 
3 3741 3691 3740 
3 3741 3679 3691 
3 3742 3679 3741 
3 3742 3680 3679 
3 3743 3680 3742 
3 3743 3681 3680 
3 3744 3681 3743 
3 3744 3682 3681 
3 3745 3632 3633 
3 3745 3693 3632 
3 3746 3633 3636 
3 3746 3745 3633 
3 3747 3636 3637 
3 3747 3746 3636 
3 3748 3637 3638 
3 3748 3747 3637 
3 3327 3748 3638 
3 3328 3638 3639 
3 3328 3327 3638 
3 3325 3639 3640 
3 3325 3328 3639 
3 3314 3640 3641 
3 3314 3325 3640 
3 3315 3641 3642 
3 3315 3314 3641 
3 3321 3642 3643 
3 3321 3315 3642 
3 3320 3643 3644 
3 3320 3321 3643 
3 3389 3644 3645 
3 3389 3320 3644 
3 3373 3645 3646 
3 3373 3389 3645 
3 3370 3646 3647 
3 3370 3373 3646 
3 3367 3647 3648 
3 3367 3370 3647 
3 3364 3648 3649 
3 3364 3367 3648 
3 3361 3649 3650 
3 3361 3364 3649 
3 3359 3650 3651 
3 3359 3361 3650 
3 3352 3651 3652 
3 3352 3359 3651 
3 3353 3652 3653 
3 3353 3352 3652 
3 3354 3353 3653 
3 3424 3653 3654 
3 3424 3354 3653 
3 3749 3704 3737 
3 3749 3706 3704 
3 3750 3706 3749 
3 3750 3708 3706 
3 3751 3708 3750 
3 3751 3710 3708 
3 3752 3710 3751 
3 3752 3712 3710 
3 3753 3712 3752 
3 3753 3714 3712 
3 3754 3714 3753 
3 3754 3716 3714 
3 3755 3716 3754 
3 3755 3718 3716 
3 3756 3718 3755 
3 3756 3720 3718 
3 3757 3720 3756 
3 3757 3723 3720 
3 3758 3723 3757 
3 3758 3733 3723 
3 3759 3733 3758 
3 3759 3734 3733 
3 2729 3690 2728 
3 2729 3695 3690 
3 3760 3682 3744 
3 3760 3683 3682 
3 3761 3683 3760 
3 3761 3684 3683 
3 3234 3684 3761 
3 3234 3233 3684 
3 3423 3654 3686 
3 3423 3424 3654 
3 3421 3686 3687 
3 3421 3423 3686 
3 3418 3687 3689 
3 3418 3421 3687 
3 3412 3689 3695 
3 3412 3418 3689 
3 3762 3693 3745 
3 3762 3694 3693 
3 3763 3694 3762 
3 3763 3724 3694 
3 3764 3724 3763 
3 3764 3728 3724 
3 2751 3695 2729 
3 2751 3412 3695 
3 2245 2305 3734 
3 3765 2245 3734 
3 3215 3727 3221 
3 3215 3732 3727 
3 3766 3731 3732 
3 3211 3732 3215 
3 3211 3766 3732 
3 3767 3734 3759 
3 3767 3765 3734 
3 3768 3728 3764 
3 3768 3738 3728 
3 2243 2245 3765 
3 3769 3765 3767 
3 3769 2243 3765 
3 3770 3739 3738 
3 3771 3738 3768 
3 3771 3770 3738 
3 3201 3766 3211 
3 3772 3770 3771 
3 2242 2243 3769 
3 3773 3774 3775 
3 3776 3777 3773 
3 3776 3773 3775 
3 3773 3778 3774 
3 3779 3778 3773 
3 3780 3778 3779 
3 3781 3780 3779 
3 3782 3779 3773 
3 3782 3781 3779 
3 3777 3782 3773 
3 3783 3784 3776 
3 3785 3776 3775 
3 3785 3783 3776 
3 3786 3774 3778 
3 3787 3778 3780 
3 3787 3786 3778 
3 3788 3787 3780 
3 3789 3780 3781 
3 3789 3788 3780 
3 3790 3787 3788 
3 3791 3788 3789 
3 3791 3790 3788 
3 3784 3777 3776 
3 3792 3790 3791 
3 3793 3792 3791 
3 3794 3783 3785 
3 3795 3792 3793 
3 3796 3795 3793 
3 3797 3796 3793 
3 3798 3793 3791 
3 3798 3797 3793 
3 3799 3783 3794 
3 3800 3783 3799 
3 3800 3784 3783 
3 3801 3799 3794 
3 3802 3801 3794 
3 3310 3794 3785 
3 3310 3802 3794 
3 3309 3785 3775 
3 3309 3310 3785 
3 2891 3775 3774 
3 2891 3309 3775 
3 3803 3791 3789 
3 3803 3798 3791 
3 3804 3789 3781 
3 3804 3803 3789 
3 3805 3781 3782 
3 3805 3804 3781 
3 2715 3786 3787 
3 2716 3787 3790 
3 2716 2715 3787 
3 2718 3790 3792 
3 2718 2716 3790 
3 2887 3774 3786 
3 2887 2891 3774 
3 2714 3786 2715 
3 2714 2887 3786 
3 3806 3782 3777 
3 3806 3805 3782 
3 3807 3777 3784 
3 3807 3806 3777 
3 2754 3792 3795 
3 2754 2718 3792 
3 3415 3795 3796 
3 3415 2754 3795 
3 3808 3796 3797 
3 3416 3796 3808 
3 3416 3415 3796 
3 3809 3784 3800 
3 3809 3807 3784 
3 3810 3801 3802 
3 3419 3416 3808 
3 3811 3812 3813 
3 3811 3814 3812 
3 3815 3812 3814 
3 3816 3815 3814 
3 3817 3815 3816 
3 3818 3817 3816 
3 3819 3811 3813 
3 3820 3821 3822 
3 3820 3823 3821 
3 3824 3823 3820 
3 3818 3823 3824 
3 3817 3818 3824 
3 3825 3822 3821 
3 3826 3827 3828 
3 3828 3827 3829 
3 3830 3826 3828 
3 3831 3826 3830 
3 3832 3829 3827 
3 3833 3829 3832 
3 3834 3833 3832 
3 3835 3833 3834 
3 3836 3831 3830 
3 3837 3831 3836 
3 3838 3837 3836 
3 3839 3837 3838 
3 3840 3841 3842 
3 3840 3843 3841 
3 3844 3842 3841 
3 3839 3842 3844 
3 3845 3839 3844 
3 3845 3837 3839 
3 3819 3837 3845 
3 3819 3831 3837 
3 3813 3831 3819 
3 3813 3826 3831 
3 3846 3843 3840 
3 3847 3841 3843 
3 3848 3843 3846 
3 3848 3847 3843 
3 3849 3833 3835 
3 3850 3833 3849 
3 3850 3829 3833 
3 3851 3829 3850 
3 3851 3828 3829 
3 3852 3828 3851 
3 3852 3830 3828 
3 3853 3830 3852 
3 3853 3836 3830 
3 3854 3836 3853 
3 3854 3838 3836 
3 3855 3838 3854 
3 3855 3839 3838 
3 3856 3839 3855 
3 3856 3842 3839 
3 3857 3842 3856 
3 3857 3840 3842 
3 3858 3840 3857 
3 3858 3846 3840 
3 3812 3826 3813 
3 3812 3827 3826 
3 3815 3827 3812 
3 3815 3832 3827 
3 3817 3832 3815 
3 3817 3834 3832 
3 3824 3834 3817 
3 3859 3834 3824 
3 3859 3835 3834 
3 3860 3846 3858 
3 3861 3846 3860 
3 3861 3848 3846 
3 3862 3849 3835 
3 3863 3835 3859 
3 3863 3862 3835 
3 3820 3859 3824 
3 3864 3859 3820 
3 3864 3863 3859 
3 3865 3847 3848 
3 3866 3848 3861 
3 3866 3865 3848 
3 3822 3864 3820 
3 3867 3865 3866 
3 3771 3868 3772 
3 3768 3869 3771 
3 3870 3871 3872 
3 3871 3873 3874 
3 3871 3870 3873 
3 3868 3875 3876 
3 3869 3877 3868 
3 3875 3878 3879 
3 3877 3874 3875 
3 3878 3880 3881 
3 3880 3882 3883 
3 3874 3884 3878 
3 3885 3886 3855 
3 3887 3883 3885 
3 3856 3886 3857 
3 3888 3889 3890 
3 3858 3888 3860 
3 3891 3882 3888 
3 3857 3891 3858 
3 3892 3893 3894 
3 3889 3893 3895 
3 3893 3884 3873 
3 3882 3884 3889 
3 3884 3893 3889 
3 3874 3873 3884 
3 3893 3892 3895 
3 3873 3894 3893 
3 3891 3888 3858 
3 3882 3889 3888 
3 3888 3890 3860 
3 3889 3895 3890 
3 3886 3883 3891 
3 3886 3891 3857 
3 3886 3885 3883 
3 3856 3855 3886 
3 3884 3882 3880 
3 3884 3880 3878 
3 3891 3883 3882 
3 3880 3883 3887 
3 3880 3887 3881 
3 3874 3878 3875 
3 3878 3881 3879 
3 3877 3875 3868 
3 3875 3879 3876 
3 3894 3873 3870 
3 3871 3874 3877 
3 3871 3877 3869 
3 3871 3869 3872 
3 3872 3869 3768 
3 3869 3868 3771 
3 3868 3876 3772 
3 3896 3897 3898 
3 3898 3899 3900 
3 3901 3902 3897 
3 3901 3903 3902 
3 3904 3903 3901 
3 3905 3901 3897 
3 3906 3901 3905 
3 3906 3904 3901 
3 3907 3897 3902 
3 3898 3897 3907 
3 3896 3905 3897 
3 3908 3905 3896 
3 3909 3906 3905 
3 3910 3909 3908 
3 3908 3909 3905 
3 3911 3908 3896 
3 3900 3896 3898 
3 3900 3911 3896 
3 3912 3908 3911 
3 3912 3910 3908 
3 3913 3911 3900 
3 3914 3911 3913 
3 3914 3912 3911 
3 3899 3913 3900 
3 3915 3913 3899 
3 3916 3914 3913 
3 3915 3916 3913 
3 3917 3916 3915 
3 3918 3915 3899 
3 3919 3915 3918 
3 3919 3917 3915 
3 3920 3917 3919 
3 3921 3920 3919 
3 3922 3919 3918 
3 3922 3921 3919 
3 3892 3918 3899 
3 3895 3899 3898 
3 3895 3892 3899 
3 3890 3898 3907 
3 3890 3895 3898 
3 3894 3918 3892 
3 3894 3922 3918 
3 3762 3920 3921 
3 3763 3762 3921 
3 3923 3921 3922 
3 3923 3763 3921 
3 3747 3916 3917 
3 3748 3916 3747 
3 3748 3914 3916 
3 3870 3922 3894 
3 3870 3923 3922 
3 3860 3890 3907 
3 3861 3907 3902 
3 3861 3860 3907 
3 3866 3902 3903 
3 3866 3861 3902 
3 3327 3914 3748 
3 3327 3912 3914 
3 3329 3912 3327 
3 3329 3910 3912 
3 3331 3910 3329 
3 3331 3909 3910 
3 3924 3909 3331 
3 3924 3906 3909 
3 3925 3906 3924 
3 3925 3904 3906 
3 3926 3904 3925 
3 3926 3903 3904 
3 3867 3903 3926 
3 3867 3866 3903 
3 3746 3917 3920 
3 3746 3747 3917 
3 3745 3920 3762 
3 3745 3746 3920 
3 3872 3923 3870 
3 3764 3923 3872 
3 3764 3763 3923 
3 3768 3764 3872 
3 3927 3928 3929 
3 3929 3930 3927 
3 3931 3932 3933 
3 3933 3934 3931 
3 3935 3936 3937 
3 3937 3938 3935 
3 3939 3940 3941 
3 3941 3942 3939 
3 3930 3943 3944 
3 3944 3927 3930 
3 3945 3946 3947 
3 3947 3948 3945 
3 3949 3950 3951 
3 3951 3952 3949 
3 3953 3954 3955 
3 3953 3956 3954 
3 3957 3956 3953 
3 3934 3956 3957 
3 3958 3956 3934 
3 3959 3956 3958 
3 3959 3954 3956 
3 3960 3955 3954 
3 3961 3954 3959 
3 3961 3960 3954 
3 3952 3961 3959 
3 3962 3959 3958 
3 3962 3952 3959 
3 3945 3962 3958 
3 3946 3958 3934 
3 3946 3945 3958 
3 3931 3934 3957 
3 3933 3946 3934 
3 3963 3947 3946 
3 3964 3946 3933 
3 3964 3963 3946 
3 3965 3931 3957 
3 3966 3931 3965 
3 3932 3967 3933 
3 3968 3957 3953 
3 3968 3965 3957 
3 3966 3932 3931 
3 3969 3965 3968 
3 3969 3966 3965 
3 3970 3953 3955 
3 3970 3968 3953 
3 3971 3968 3970 
3 3971 3969 3968 
3 3972 3960 3961 
3 3972 3973 3960 
3 3973 3955 3960 
3 3974 3955 3973 
3 3974 3970 3955 
3 3975 3970 3974 
3 3975 3971 3970 
3 3967 3964 3933 
3 3976 3932 3966 
3 3977 3932 3976 
3 3977 3967 3932 
3 3978 3966 3969 
3 3978 3976 3966 
3 3979 3969 3971 
3 3979 3978 3969 
3 3980 3971 3975 
3 3980 3979 3971 
3 3981 3979 3980 
3 3982 3979 3981 
3 3982 3978 3979 
3 3983 3978 3982 
3 3984 3978 3983 
3 3984 3976 3978 
3 3985 3976 3984 
3 3985 3977 3976 
3 3986 3983 3982 
3 3987 3983 3986 
3 3987 3984 3983 
3 3988 3984 3987 
3 3988 3985 3984 
3 3989 3982 3981 
3 3989 3986 3982 
3 3990 3986 3989 
3 3990 3991 3986 
3 3992 3988 3987 
3 3991 3987 3986 
3 3991 3992 3987 
3 3993 3977 3985 
3 3994 3985 3988 
3 3994 3993 3985 
3 3995 3988 3992 
3 3995 3994 3988 
3 3996 3992 3991 
3 3997 3995 3992 
3 3996 3997 3992 
3 3998 3991 3990 
3 3998 3996 3991 
3 3999 3977 3993 
3 3999 3967 3977 
3 4000 3993 3994 
3 4000 3999 3993 
3 4001 4000 3994 
3 4002 3994 3995 
3 4002 4001 3994 
3 4003 3995 3997 
3 4003 4002 3995 
3 4004 3964 3967 
3 4005 3967 3999 
3 4005 4004 3967 
3 4006 3999 4000 
3 4006 4005 3999 
3 4007 4000 4001 
3 4007 4006 4000 
3 4008 4002 4003 
3 4008 4001 4002 
3 4009 4001 4008 
3 4009 4007 4001 
3 3936 3981 3980 
3 3936 3989 3981 
3 4010 3989 3936 
3 4011 3990 3989 
3 4012 3990 4011 
3 4012 3998 3990 
3 4013 3998 4012 
3 4014 3998 4013 
3 4014 3996 3998 
3 4015 3996 4014 
3 4015 3997 3996 
3 4016 3997 4015 
3 4016 4003 3997 
3 4017 4003 4016 
3 4017 4008 4003 
3 4018 4012 4011 
3 4019 4012 4018 
3 4019 4013 4012 
3 4020 4013 4019 
3 4021 4013 4020 
3 4021 4014 4013 
3 4022 4014 4021 
3 4022 4015 4014 
3 4023 4015 4022 
3 4023 4016 4015 
3 4024 4016 4023 
3 4024 4017 4016 
3 3939 4017 4024 
3 3942 4008 4017 
3 4025 4008 3942 
3 4025 4009 4008 
3 4026 4004 4005 
3 4027 4005 4006 
3 4027 4026 4005 
3 4028 4006 4007 
3 4028 4027 4006 
3 4029 4007 4009 
3 4029 4028 4007 
3 4030 4009 4025 
3 4030 4029 4009 
3 4031 3964 4004 
3 4031 3963 3964 
3 4032 4004 4026 
3 4032 4031 4004 
3 4033 4026 4027 
3 4033 4032 4026 
3 4034 4027 4028 
3 4034 4033 4027 
3 4035 4028 4029 
3 4035 4034 4028 
3 4036 4029 4030 
3 4036 4035 4029 
3 4037 4032 4033 
3 4038 4033 4034 
3 4038 4037 4033 
3 4039 4034 4035 
3 4039 4038 4034 
3 3943 4035 4036 
3 3943 4039 4035 
3 3944 4036 4030 
3 3944 3943 4036 
3 4040 3944 4030 
3 4041 4030 4025 
3 4041 4040 4030 
3 4042 3975 3974 
3 4042 3937 3975 
3 3937 3980 3975 
3 3937 3936 3980 
3 4010 3936 3935 
3 4010 4011 3989 
3 4043 4011 4010 
3 4043 4018 4011 
3 4044 4010 3935 
3 4044 4043 4010 
3 3938 3937 4042 
3 3938 4045 3935 
3 4046 3974 3973 
3 4046 4042 3974 
3 4047 4042 4046 
3 4047 3938 4042 
3 4045 4044 3935 
3 4048 3938 4047 
3 4048 4045 3938 
3 4049 4025 3942 
3 4049 4041 4025 
3 3939 3942 4017 
3 3941 4049 3942 
3 4050 3939 4024 
3 4051 4024 4023 
3 4051 4050 4024 
3 4052 4023 4022 
3 4052 4051 4023 
3 4053 4022 4021 
3 4053 4052 4022 
3 4054 4021 4020 
3 4054 4053 4021 
3 4055 4020 4019 
3 4055 4054 4020 
3 4056 4019 4018 
3 4056 4055 4019 
3 4057 4018 4043 
3 4057 4056 4018 
3 4058 4043 4044 
3 4058 4057 4043 
3 4059 4044 4045 
3 4059 4058 4044 
3 4060 4056 4057 
3 4061 4057 4058 
3 4061 4060 4057 
3 4062 4058 4059 
3 4062 4061 4058 
3 4063 4045 4048 
3 4063 4059 4045 
3 4064 4059 4063 
3 4064 4062 4059 
3 4065 3973 3972 
3 4065 4046 3973 
3 4066 4046 4065 
3 4066 4047 4046 
3 4067 4047 4066 
3 4068 4047 4067 
3 4068 4048 4047 
3 4069 4048 4068 
3 4069 4063 4048 
3 4070 3972 3961 
3 4071 3961 3952 
3 4071 4070 3961 
3 4072 3963 4031 
3 4072 3947 3963 
3 4073 3947 4072 
3 3948 3947 4073 
3 3948 4074 3945 
3 3949 3952 3962 
3 3951 4071 3952 
3 4074 3962 3945 
3 4074 3949 3962 
3 4075 3972 4070 
3 4075 4065 3972 
3 4076 4065 4075 
3 4076 4066 4065 
3 4077 4031 4032 
3 4077 4072 4031 
3 4078 4072 4077 
3 4078 4073 4072 
3 4079 4073 4078 
3 4079 3948 4073 
3 4080 3948 4079 
3 4080 4074 3948 
3 4081 4074 4080 
3 4081 3949 4074 
3 3950 3949 4081 
3 4082 3951 3950 
3 4083 3951 4082 
3 4083 4071 3951 
3 4084 4071 4083 
3 4084 4070 4071 
3 4085 4070 4084 
3 4085 4075 4070 
3 4086 4075 4085 
3 4086 4076 4075 
3 4087 4066 4076 
3 4087 4067 4066 
3 4088 4076 4086 
3 4088 4087 4076 
3 4089 4067 4087 
3 4089 4068 4067 
3 4090 4068 4089 
3 4090 4069 4068 
3 4091 4087 4088 
3 4091 4089 4087 
3 4092 4091 4088 
3 4093 4088 4086 
3 4093 4092 4088 
3 4094 4086 4085 
3 4094 4093 4086 
3 4095 4090 4089 
3 4096 4089 4091 
3 4096 4095 4089 
3 4097 4091 4092 
3 4097 4096 4091 
3 4098 4092 4093 
3 4099 4097 4092 
3 4098 4099 4092 
3 4100 4093 4094 
3 4100 4098 4093 
3 4101 4032 4037 
3 4101 4077 4032 
3 4102 4041 4049 
3 4102 4040 4041 
3 4103 4049 3941 
3 4103 4102 4049 
3 3940 3939 4050 
3 4104 3941 3940 
3 4104 4103 3941 
3 3927 3944 4040 
3 4105 4040 4102 
3 4105 3927 4040 
3 4106 4102 4103 
3 4106 4105 4102 
3 4107 4103 4104 
3 4107 4106 4103 
3 3928 3927 4105 
3 4108 4105 4106 
3 4108 3928 4105 
3 4109 4106 4107 
3 4109 4108 4106 
3 4110 4077 4101 
3 4110 4078 4077 
3 4111 3930 3929 
3 4112 3930 4111 
3 4112 3943 3930 
3 4113 3943 4112 
3 4113 4039 3943 
3 4114 4039 4113 
3 4114 4038 4039 
3 4115 4038 4114 
3 4115 4037 4038 
3 4116 4037 4115 
3 4116 4101 4037 
3 4117 4101 4116 
3 4117 4110 4101 
3 4118 4064 4063 
3 4119 4063 4069 
3 4119 4118 4063 
3 4120 4109 4107 
3 4121 4107 4104 
3 4121 4120 4107 
3 4122 4104 3940 
3 4122 4121 4104 
3 4123 4085 4084 
3 4123 4094 4085 
3 4124 4084 4083 
3 4124 4123 4084 
3 4125 4083 4082 
3 4125 4124 4083 
3 4126 4094 4123 
3 4126 4100 4094 
3 4127 4123 4124 
3 4127 4126 4123 
3 4128 4124 4125 
3 4128 4127 4124 
3 4129 4079 4078 
3 4130 4079 4129 
3 4130 4080 4079 
3 4131 4080 4130 
3 4131 4081 4080 
3 4132 4081 4131 
3 4132 3950 4081 
3 4133 3950 4132 
3 4133 4082 3950 
3 4134 4082 4133 
3 4134 4125 4082 
3 4135 4125 4134 
3 4135 4128 4125 
3 4136 4069 4090 
3 4136 4119 4069 
3 4137 4090 4095 
3 4137 4136 4090 
3 4138 4095 4096 
3 4138 4137 4095 
3 4139 4096 4097 
3 4139 4138 4096 
3 4140 4097 4099 
3 4140 4139 4097 
3 4141 4099 4098 
3 4142 4099 4141 
3 4142 4140 4099 
3 4143 4098 4100 
3 4144 4100 4126 
3 4144 4143 4100 
3 4145 4126 4127 
3 4145 4144 4126 
3 4146 4127 4128 
3 4146 4145 4127 
3 4147 4128 4135 
3 4147 4146 4128 
3 4148 4056 4060 
3 4148 4055 4056 
3 4149 4148 4060 
3 4150 4060 4061 
3 4150 4149 4060 
3 4151 4061 4062 
3 4151 4150 4061 
3 4152 4149 4150 
3 4153 4150 4151 
3 4153 4152 4150 
3 4154 4062 4064 
3 4154 4151 4062 
3 4155 4151 4154 
3 4155 4153 4151 
3 4156 4064 4118 
3 4156 4154 4064 
3 4157 4154 4156 
3 4157 4155 4154 
3 4158 4098 4143 
3 4158 4141 4098 
3 4159 4143 4144 
3 4159 4158 4143 
3 4160 4144 4145 
3 4160 4159 4144 
3 4161 4145 4146 
3 4161 4160 4145 
3 4162 4146 4147 
3 4162 4161 4146 
3 4163 4149 4152 
3 4164 4149 4163 
3 4164 4148 4149 
3 4165 4148 4164 
3 4165 4055 4148 
3 4165 4054 4055 
3 4166 4054 4165 
3 4166 4053 4054 
3 4167 4053 4166 
3 4167 4052 4053 
3 4168 4052 4167 
3 4168 4051 4052 
3 4169 4051 4168 
3 4169 4050 4051 
3 4170 4050 4169 
3 4170 3940 4050 
3 4171 3940 4170 
3 4171 4122 3940 
3 4172 3929 3928 
3 4173 3929 4172 
3 4173 4111 3929 
3 4174 4078 4110 
3 4174 4129 4078 
3 4175 4110 4117 
3 4175 4174 4110 
3 3926 4118 4119 
3 3867 4119 4136 
3 3867 3926 4119 
3 4176 4172 3928 
3 4177 3928 4108 
3 4177 4176 3928 
3 4178 4108 4109 
3 4178 4177 4108 
3 4179 4109 4120 
3 4179 4178 4109 
3 3925 4118 3926 
3 3925 4156 4118 
3 4180 4129 4174 
3 4181 4129 4180 
3 4181 4130 4129 
3 3383 4179 4120 
3 3382 4120 4121 
3 3382 3383 4120 
3 4182 4121 4122 
3 4182 3382 4121 
3 4183 4122 4171 
3 4183 4182 4122 
3 4184 4130 4181 
3 4184 4131 4130 
3 4185 4131 4184 
3 4185 4132 4131 
3 4186 4132 4185 
3 4186 4133 4132 
3 4187 4133 4186 
3 4187 4134 4133 
3 4188 4134 4187 
3 4188 4135 4134 
3 4189 4135 4188 
3 4189 4147 4135 
3 4190 4147 4189 
3 4190 4162 4147 
3 3811 4142 4141 
3 3814 4141 4158 
3 3814 3811 4141 
3 3816 4158 4159 
3 3816 3814 4158 
3 3818 4159 4160 
3 3818 3816 4159 
3 3823 4160 4161 
3 3823 3818 4160 
3 3821 4161 4162 
3 3821 3823 4161 
3 3825 4162 4190 
3 3825 3821 4162 
3 4191 4111 4173 
3 4192 4111 4191 
3 4192 4112 4111 
3 4193 4112 4192 
3 4193 4113 4112 
3 4194 4113 4193 
3 4194 4114 4113 
3 4195 4114 4194 
3 4195 4115 4114 
3 4196 4115 4195 
3 4196 4116 4115 
3 4197 4116 4196 
3 4197 4117 4116 
3 4198 4117 4197 
3 4198 4175 4117 
3 3865 4136 4137 
3 3865 3867 4136 
3 3847 4137 4138 
3 3847 3865 4137 
3 3841 4138 4139 
3 3841 3847 4138 
3 3844 4139 4140 
3 3844 3841 4139 
3 3845 4140 4142 
3 3845 3844 4140 
3 3819 4142 3811 
3 3819 3845 4142 
3 3924 4156 3925 
3 3924 4157 4156 
3 3332 4157 3924 
3 3326 4157 3332 
3 3326 4155 4157 
3 3323 4155 3326 
3 3323 4153 4155 
3 3313 4153 3323 
3 3313 4152 4153 
3 3316 4152 3313 
3 3316 4163 4152 
3 3318 4163 3316 
3 3318 4164 4163 
3 4199 4164 3318 
3 4199 4165 4164 
3 3331 3332 3924 
3 3374 4199 3318 
3 3854 4200 3855 
3 3853 4201 3854 
3 4201 4202 4203 
3 3853 3852 4201 
3 4200 4203 4204 
3 4203 4205 4206 
3 3887 4207 3881 
3 3885 4204 3887 
3 4207 4206 4208 
3 4209 4210 4211 
3 4210 3876 4212 
3 4209 3772 4210 
3 4213 4212 4214 
3 4212 3879 4208 
3 3881 4208 3879 
3 4208 4214 4212 
3 3876 4210 3772 
3 3879 4212 3876 
3 4210 4212 4213 
3 4210 4213 4211 
3 4206 4215 4208 
3 4208 4215 4214 
3 4204 4206 4207 
3 4207 3887 4204 
3 4208 3881 4207 
3 4215 4206 4205 
3 4206 4204 4203 
3 4202 4201 3852 
3 4205 4203 4202 
3 4201 4203 4200 
3 4201 4200 3854 
3 4200 4204 3885 
3 4200 3885 3855 
3 3411 3247 3248 
3 4216 4217 4218 
3 4219 4220 3411 
3 4221 3246 4218 
3 4222 4221 4223 
3 3259 4224 3276 
3 3246 4221 3259 
3 4224 4225 4226 
3 4221 4222 4224 
3 3282 4227 3284 
3 3276 4226 3282 
3 4227 4228 4229 
3 4226 4230 4227 
3 3286 4231 3288 
3 3284 4229 3286 
3 4231 4232 4233 
3 4229 4234 4231 
3 3802 4235 3810 
3 4235 3307 4236 
3 3802 3310 4235 
3 4237 4238 4236 
3 3300 4237 3302 
3 4239 4240 4241 
3 4238 4237 4239 
3 4240 3298 4242 
3 4237 3300 4240 
3 4243 4244 4245 
3 4241 4242 4243 
3 4244 3294 4246 
3 4242 3296 4244 
3 4247 4248 4249 
3 4245 4246 4247 
3 4248 3290 4233 
3 4246 3292 4248 
3 3292 3290 4248 
3 3290 3288 4233 
3 4246 4248 4247 
3 4248 4233 4249 
3 3296 3294 4244 
3 3294 3292 4246 
3 4242 4244 4243 
3 4244 4246 4245 
3 3300 3298 4240 
3 3298 3296 4242 
3 4237 4240 4239 
3 4240 4242 4241 
3 4237 4236 3302 
3 4238 4250 4236 
3 3310 3307 4235 
3 3307 3302 4236 
3 4235 4236 4250 
3 4235 4250 3810 
3 4234 4232 4231 
3 4232 4249 4233 
3 4229 4231 3286 
3 4231 4233 3288 
3 4230 4228 4227 
3 4228 4234 4229 
3 4226 4227 3282 
3 4227 4229 3284 
3 4222 4225 4224 
3 4225 4230 4226 
3 4221 4224 3259 
3 4224 4226 3276 
3 4221 4218 4223 
3 3246 3247 4218 
3 4220 4217 4216 
3 4220 4216 3411 
3 4217 4223 4218 
3 4216 4218 3247 
3 4216 3247 3411 
3 4251 3264 3266 
3 4251 4252 3264 
3 3261 3264 4252 
3 4253 3261 4252 
3 4254 3261 4253 
3 3257 3261 4254 
3 4255 3257 4254 
3 3255 3257 4255 
3 4256 3255 4255 
3 3253 3255 4256 
3 4257 3253 4256 
3 3251 3253 4257 
3 4258 3251 4257 
3 3250 3251 4258 
3 4219 3250 4258 
3 3411 3250 4219 
3 3269 4251 3266 
3 4259 4260 4250 
3 4260 4261 4262 
3 4263 4264 4259 
3 4265 3801 4262 
3 4266 4265 4267 
3 4268 4269 4270 
3 4269 3800 4271 
3 4268 3809 4269 
3 4265 4266 4271 
3 3801 4265 3799 
3 4259 4272 4263 
3 4250 4238 4259 
3 4272 4273 4274 
3 4238 4239 4272 
3 4273 4275 4276 
3 4275 4243 4277 
3 4273 4241 4275 
3 4278 4279 4277 
3 4247 4278 4245 
3 4280 4281 4282 
3 4279 4278 4280 
3 4281 4249 4283 
3 4278 4247 4281 
3 4284 4285 4283 
3 4234 4284 4232 
3 4286 4287 4288 
3 4285 4284 4286 
3 4287 4228 4289 
3 4284 4234 4287 
3 4290 4291 4289 
3 4225 4290 4230 
3 4292 4293 4294 
3 4291 4290 4292 
3 4293 4222 4295 
3 4290 4225 4293 
3 4296 4297 4295 
3 4217 4296 4223 
3 4298 4299 4300 
3 4297 4296 4298 
3 4299 4220 4301 
3 4296 4217 4299 
3 4302 4303 4301 
3 4258 4302 4219 
3 4304 4305 4306 
3 4303 4302 4304 
3 4305 4257 4307 
3 4302 4258 4305 
3 4308 4309 4307 
3 4255 4308 4256 
3 4310 4311 4312 
3 4309 4308 4310 
3 4311 4254 4313 
3 4308 4255 4311 
3 4314 4315 4313 
3 4252 4314 4253 
3 4316 4317 4318 
3 4315 4314 4316 
3 4317 4251 4319 
3 4314 4252 4317 
3 4320 4321 4319 
3 3270 4320 3269 
3 4322 4323 4324 
3 4321 4320 4322 
3 4323 3272 4325 
3 4320 3270 4323 
3 4326 4327 4325 
3 3278 4326 3274 
3 4328 4329 4330 
3 4327 4326 4328 
3 4329 3280 4331 
3 4326 3278 4329 
3 4332 4333 4331 
3 3308 4332 3305 
3 4334 4335 4336 
3 4333 4332 4334 
3 4335 2875 4337 
3 4332 3308 4335 
3 4338 4339 4337 
3 2877 4338 2876 
3 4340 4341 4342 
3 4339 4338 4340 
3 4341 2878 4343 
3 4338 2877 4341 
3 4344 4345 4343 
3 2884 4344 2879 
3 4346 4347 4348 
3 4345 4344 4346 
3 4347 2888 4349 
3 4344 2884 4347 
3 4350 4351 4349 
3 2890 4350 2889 
3 4352 4353 4354 
3 4351 4350 4352 
3 4353 2656 4355 
3 4350 2890 4352 
3 4356 4357 4355 
3 2658 4356 2657 
3 4358 4359 4360 
3 4357 4356 4358 
3 4359 2659 4361 
3 4356 2658 4359 
3 4362 4363 4361 
3 2661 4362 2660 
3 4364 4365 4366 
3 4363 4362 4364 
3 4365 2662 4367 
3 4362 2661 4365 
3 4368 4369 4367 
3 2664 4368 2663 
3 4370 4371 4372 
3 4369 4368 4370 
3 4371 2665 4373 
3 4368 2664 4371 
3 4374 4375 4373 
3 2667 4374 2666 
3 4376 4377 4378 
3 4375 4374 4376 
3 4377 2668 4379 
3 4374 2667 4377 
3 4380 4381 2735 
3 4382 4383 4380 
3 2733 4381 2731 
3 2731 4384 2730 
3 4385 2712 4386 
3 4385 2669 2712 
3 4380 4387 4382 
3 2735 2737 4380 
3 4388 4389 4390 
3 4389 4391 4392 
3 4390 4392 2741 
3 4392 4387 2739 
3 4390 4393 4388 
3 2741 2743 4390 
3 4394 4395 4396 
3 4396 4395 2747 
3 4395 4393 2745 
3 4397 4398 4399 
3 2747 2749 4399 
3 2806 4400 2817 
3 2805 4401 2806 
3 2398 4402 4403 
3 4402 4404 4405 
3 4403 4405 4406 
3 4405 4400 4407 
3 4403 4408 2398 
3 4406 4409 4403 
3 4408 4410 2316 
3 4409 4411 4408 
3 2395 4412 2394 
3 4412 4413 4414 
3 4412 4410 4413 
3 4415 2393 4414 
3 4416 4415 4417 
3 2392 4418 2391 
3 2393 4415 2392 
3 4418 4419 4420 
3 4415 4416 4418 
3 4421 2390 4420 
3 4422 4421 4423 
3 2389 4424 2388 
3 2390 4421 2389 
3 4424 4425 4426 
3 4421 4422 4424 
3 4427 2387 4426 
3 4428 4427 4429 
3 2386 4430 2385 
3 2387 4427 2386 
3 4430 4431 4432 
3 4427 4428 4430 
3 4433 2384 4432 
3 4434 4433 4435 
3 2383 4436 2382 
3 2384 4433 2383 
3 4436 4437 4438 
3 4433 4434 4436 
3 4439 2381 4438 
3 4440 4439 4441 
3 2380 4442 2379 
3 2381 4439 2380 
3 4442 4443 4444 
3 4439 4440 4442 
3 4445 2378 4444 
3 4446 4445 4447 
3 2377 4448 2753 
3 2378 4445 2377 
3 4448 4449 4397 
3 4445 4446 4448 
3 4446 4449 4448 
3 4449 4398 4397 
3 4445 4448 2377 
3 4448 4397 2753 
3 4445 4444 4447 
3 2378 2379 4444 
3 4440 4443 4442 
3 4443 4447 4444 
3 4439 4442 2380 
3 4442 4444 2379 
3 4439 4438 4441 
3 2381 2382 4438 
3 4434 4437 4436 
3 4437 4441 4438 
3 4433 4436 2383 
3 4436 4438 2382 
3 4433 4432 4435 
3 2384 2385 4432 
3 4428 4431 4430 
3 4431 4435 4432 
3 4427 4430 2386 
3 4430 4432 2385 
3 4427 4426 4429 
3 2387 2388 4426 
3 4422 4425 4424 
3 4425 4429 4426 
3 4421 4424 2389 
3 4424 4426 2388 
3 4421 4420 4423 
3 2390 2391 4420 
3 4416 4419 4418 
3 4419 4423 4420 
3 4415 4418 2392 
3 4418 4420 2391 
3 4415 4414 4417 
3 2393 2394 4414 
3 4411 4413 4410 
3 4413 4417 4414 
3 4410 4412 2395 
3 4412 4414 2394 
3 4410 4408 4411 
3 2395 2316 4410 
3 4408 4403 4409 
3 2316 2398 4408 
3 4401 4407 4400 
3 4407 4406 4405 
3 4400 4405 4404 
3 4405 4403 4402 
3 4400 2806 4401 
3 4404 2817 4400 
3 2749 2753 4397 
3 2749 4397 4399 
3 4398 4396 4399 
3 2743 2745 4393 
3 2745 2747 4395 
3 4393 4395 4394 
3 2747 4399 4396 
3 4393 4390 2743 
3 4394 4388 4393 
3 2737 2739 4387 
3 2739 2741 4392 
3 4387 4392 4391 
3 4392 4390 4389 
3 4387 4380 2737 
3 4391 4382 4387 
3 4378 4379 4385 
3 4379 2669 4385 
3 2712 2730 4386 
3 4450 4384 2731 
3 4384 4386 2730 
3 4381 4383 4450 
3 4381 4450 2731 
3 4381 4380 4383 
3 2733 2735 4381 
3 2667 2668 4377 
3 2668 2669 4379 
3 4374 4377 4376 
3 4377 4379 4378 
3 4374 4373 2666 
3 4375 4372 4373 
3 2664 2665 4371 
3 2665 2666 4373 
3 4368 4371 4370 
3 4371 4373 4372 
3 4368 4367 2663 
3 4369 4366 4367 
3 2661 2662 4365 
3 2662 2663 4367 
3 4362 4365 4364 
3 4365 4367 4366 
3 4362 4361 2660 
3 4363 4360 4361 
3 2658 2659 4359 
3 2659 2660 4361 
3 4356 4359 4358 
3 4359 4361 4360 
3 4356 4355 2657 
3 4357 4354 4355 
3 2890 2656 4353 
3 2656 2657 4355 
3 2890 4353 4352 
3 4353 4355 4354 
3 4350 4349 2889 
3 4351 4348 4349 
3 2884 2888 4347 
3 2888 2889 4349 
3 4344 4347 4346 
3 4347 4349 4348 
3 4344 4343 2879 
3 4345 4342 4343 
3 2877 2878 4341 
3 2878 2879 4343 
3 4338 4341 4340 
3 4341 4343 4342 
3 4338 4337 2876 
3 4339 4336 4337 
3 3308 2875 4335 
3 2875 2876 4337 
3 4332 4335 4334 
3 4335 4337 4336 
3 4332 4331 3305 
3 4333 4330 4331 
3 3278 3280 4329 
3 3280 3305 4331 
3 4326 4329 4328 
3 4329 4331 4330 
3 4326 4325 3274 
3 4327 4324 4325 
3 3270 3272 4323 
3 3272 3274 4325 
3 4320 4323 4322 
3 4323 4325 4324 
3 4320 4319 3269 
3 4321 4318 4319 
3 4252 4251 4317 
3 4251 3269 4319 
3 4314 4317 4316 
3 4317 4319 4318 
3 4314 4313 4253 
3 4315 4312 4313 
3 4255 4254 4311 
3 4254 4253 4313 
3 4308 4311 4310 
3 4311 4313 4312 
3 4308 4307 4256 
3 4309 4306 4307 
3 4258 4257 4305 
3 4257 4256 4307 
3 4302 4305 4304 
3 4305 4307 4306 
3 4302 4301 4219 
3 4303 4300 4301 
3 4217 4220 4299 
3 4220 4219 4301 
3 4296 4299 4298 
3 4299 4301 4300 
3 4296 4295 4223 
3 4297 4294 4295 
3 4225 4222 4293 
3 4222 4223 4295 
3 4290 4293 4292 
3 4293 4295 4294 
3 4290 4289 4230 
3 4291 4288 4289 
3 4234 4228 4287 
3 4228 4230 4289 
3 4284 4287 4286 
3 4287 4289 4288 
3 4284 4283 4232 
3 4285 4282 4283 
3 4247 4249 4281 
3 4249 4232 4283 
3 4278 4281 4280 
3 4281 4283 4282 
3 4278 4277 4245 
3 4279 4451 4277 
3 4239 4241 4273 
3 4241 4243 4275 
3 4243 4245 4277 
3 4275 4277 4451 
3 4275 4451 4276 
3 4273 4272 4239 
3 4276 4274 4273 
3 4272 4259 4238 
3 4274 4263 4272 
3 4265 4271 3799 
3 4266 4452 4271 
3 3809 3800 4269 
3 3800 3799 4271 
3 4269 4271 4452 
3 4269 4452 4270 
3 4265 4262 4267 
3 3801 3810 4262 
3 4264 4261 4260 
3 4264 4260 4259 
3 4261 4267 4262 
3 4260 4262 3810 
3 4260 3810 4250 
3 4453 4454 4455 
3 4453 4456 4454 
3 4457 4456 4453 
3 4458 4456 4457 
3 4459 4458 4457 
3 4460 4458 4459 
3 4461 4460 4459 
3 4462 4460 4461 
3 4463 4464 4465 
3 4463 4466 4464 
3 4467 4464 4466 
3 4468 4463 4465 
3 4180 4468 4465 
3 4469 4468 4180 
3 4181 4465 4464 
3 4181 4180 4465 
3 4184 4464 4467 
3 4184 4181 4464 
3 4462 4467 4466 
3 4185 4462 4461 
3 4185 4467 4462 
3 4185 4184 4467 
3 4186 4461 4459 
3 4186 4185 4461 
3 4187 4459 4457 
3 4187 4186 4459 
3 4188 4457 4453 
3 4188 4187 4457 
3 4189 4453 4455 
3 4189 4188 4453 
3 4470 4468 4469 
3 4471 4470 4469 
3 4174 4469 4180 
3 4174 4471 4469 
3 4175 4471 4174 
3 4472 4471 4175 
3 4472 4470 4471 
3 4473 4455 4454 
3 4190 4455 4473 
3 4190 4189 4455 
3 4198 4472 4175 
3 3825 4190 4473 
3 3408 4474 3405 
3 3408 4176 4474 
3 3410 4176 3408 
3 4172 4176 3410 
3 4173 4172 3410 
3 4475 4173 3410 
3 4191 4173 4475 
3 4476 4191 4475 
3 4192 4191 4476 
3 4477 4192 4476 
3 4193 4192 4477 
3 4478 4193 4477 
3 4194 4193 4478 
3 4479 4194 4478 
3 4195 4194 4479 
3 4480 4195 4479 
3 4196 4195 4480 
3 4481 4196 4480 
3 4197 4196 4481 
3 4482 4197 4481 
3 4198 4197 4482 
3 4483 4198 4482 
3 4484 4198 4483 
3 4472 4198 4484 
3 4485 4472 4484 
3 4470 4472 4485 
3 4486 4470 4485 
3 4468 4470 4486 
3 4487 4468 4486 
3 4463 4468 4487 
3 4488 4463 4487 
3 4466 4463 4488 
3 4489 4466 4488 
3 4462 4466 4489 
3 4490 4462 4489 
3 4460 4462 4490 
3 4491 4460 4490 
3 4458 4460 4491 
3 4492 4458 4491 
3 4456 4458 4492 
3 4493 4456 4492 
3 4454 4456 4493 
3 4494 4454 4493 
3 4473 4454 4494 
3 4495 4473 4494 
3 3825 4473 4495 
3 4496 3825 4495 
3 3822 3825 4496 
3 4497 3822 4496 
3 3864 3822 4497 
3 3404 3405 4474 
3 3057 4498 3056 
3 3057 3058 4498 
3 4499 4500 4501 
3 4500 3054 4502 
3 4503 4502 3056 
3 4502 3055 3056 
3 4498 4503 3056 
3 4501 4502 4503 
3 3055 4502 3054 
3 4502 4501 4500 
3 3054 4500 3034 
3 4504 4505 4499 
3 3033 4506 3032 
3 3034 4507 3033 
3 4508 4509 4510 
3 4509 4511 4512 
3 4510 4512 4513 
3 4512 4506 4505 
3 3030 4514 3029 
3 3031 4515 3030 
3 3032 4511 3031 
3 4516 4517 4518 
3 4517 4519 4520 
3 4521 4522 4508 
3 4518 4520 4521 
3 4522 4515 4509 
3 4520 4514 4522 
3 2903 2902 4523 
3 2902 2901 4524 
3 2901 2905 4525 
3 4526 4527 4528 
3 4523 4524 4526 
3 4525 4529 4524 
3 4529 3208 4530 
3 4525 3209 4529 
3 4527 4530 4531 
3 4530 3207 4532 
3 4533 4534 4516 
3 4535 4536 4533 
3 4528 4531 4535 
3 3029 4519 3028 
3 4519 4517 4537 
3 3026 4538 3206 
3 3028 4537 3026 
3 4538 4536 4532 
3 4537 4534 4538 
3 4536 4538 4534 
3 4531 4532 4536 
3 4538 3026 4537 
3 4532 3206 4538 
3 4534 4537 4517 
3 4537 3028 4519 
3 4536 4535 4531 
3 4534 4533 4536 
3 4517 4516 4534 
3 3206 4532 3207 
3 4532 4531 4530 
3 3208 4529 3209 
3 3207 4530 3208 
3 4529 4530 4527 
3 4529 4527 4524 
3 4527 4526 4524 
3 4531 4528 4527 
3 3209 4525 2905 
3 4525 4524 2901 
3 4524 4523 2902 
3 4515 4522 4514 
3 4511 4509 4515 
3 4522 4521 4520 
3 4509 4508 4522 
3 4514 4520 4519 
3 4520 4518 4517 
3 4515 3031 4511 
3 4514 3030 4515 
3 4519 3029 4514 
3 4507 4505 4506 
3 4505 4513 4512 
3 4506 4512 4511 
3 4512 4510 4509 
3 4506 3033 4507 
3 4511 3032 4506 
3 4505 4507 4499 
3 4499 4507 4500 
3 4513 4505 4504 
3 4507 3034 4500 
3 4539 4540 4541 
3 4539 4542 4540 
3 4543 4542 4539 
3 4544 4543 4539 
3 4545 4544 4539 
3 4546 4539 4541 
3 4546 4545 4539 
3 4547 4544 4545 
3 4548 4547 4545 
3 4549 4545 4546 
3 4549 4548 4545 
3 4550 4547 4548 
3 4551 4548 4549 
3 4551 4550 4548 
3 4552 4551 4549 
3 4553 4552 4549 
3 4554 4549 4546 
3 4554 4553 4549 
3 4555 4546 4541 
3 4555 4554 4546 
3 4556 4541 4540 
3 4556 4555 4541 
3 4557 4553 4554 
3 4558 4554 4555 
3 4558 4557 4554 
3 4559 4555 4556 
3 4559 4558 4555 
3 4560 4557 4558 
3 4561 4558 4559 
3 4561 4560 4558 
3 4562 4560 4561 
3 4563 4560 4562 
3 4564 4560 4563 
3 4564 4557 4560 
3 4565 4550 4551 
3 4566 4551 4552 
3 4566 4565 4551 
3 4567 4557 4564 
3 4567 4553 4557 
3 4568 4553 4567 
3 4568 4552 4553 
3 4569 4552 4568 
3 4569 4566 4552 
3 4570 4566 4569 
3 4571 4566 4570 
3 4571 4565 4566 
3 4572 4542 4543 
3 4573 4563 4562 
3 4574 4571 4570 
3 4575 4574 4570 
3 4574 4576 4577 
3 4575 4576 4574 
3 4578 4570 4569 
3 4578 4575 4570 
3 4579 4569 4568 
3 4579 4578 4569 
3 4580 4568 4567 
3 4580 4579 4568 
3 4581 4567 4564 
3 4581 4580 4567 
3 4582 4564 4563 
3 4582 4581 4564 
3 4583 4563 4573 
3 4583 4582 4563 
3 4584 4542 4572 
3 4585 4584 4572 
3 4586 4542 4584 
3 4586 4540 4542 
3 4587 4540 4586 
3 4587 4556 4540 
3 4588 4556 4587 
3 4588 4559 4556 
3 4589 4559 4588 
3 4589 4561 4559 
3 4590 4561 4589 
3 4590 4562 4561 
3 4591 4562 4590 
3 4591 4573 4562 
3 4592 4583 4573 
3 4593 4573 4591 
3 4593 4592 4573 
3 4594 4409 4595 
3 4594 4411 4409 
3 4596 4411 4594 
3 4413 4411 4596 
3 4597 4413 4596 
3 4417 4413 4597 
3 4598 4417 4597 
3 4416 4417 4598 
3 4599 4416 4598 
3 4419 4416 4599 
3 4600 4419 4599 
3 4423 4419 4600 
3 4601 4423 4600 
3 4422 4423 4601 
3 4602 4422 4601 
3 4425 4422 4602 
3 4603 4425 4602 
3 4429 4425 4603 
3 4604 4429 4603 
3 4428 4429 4604 
3 4605 4428 4604 
3 4431 4428 4605 
3 4606 4431 4605 
3 4435 4431 4606 
3 4607 4435 4606 
3 4434 4435 4607 
3 4608 4434 4607 
3 4437 4434 4608 
3 4609 4437 4608 
3 4441 4437 4609 
3 4610 4441 4609 
3 4440 4441 4610 
3 4611 4440 4610 
3 4443 4440 4611 
3 4612 4443 4611 
3 4447 4443 4612 
3 4613 4447 4612 
3 4446 4447 4613 
3 4614 4446 4613 
3 4449 4446 4614 
3 4615 4449 4614 
3 4398 4449 4615 
3 4616 4398 4615 
3 4396 4398 4616 
3 4617 4396 4616 
3 4394 4396 4617 
3 4618 4394 4617 
3 4388 4394 4618 
3 4619 4388 4618 
3 4389 4388 4619 
3 4620 4389 4619 
3 4391 4389 4620 
3 4621 4391 4620 
3 4382 4391 4621 
3 4622 4382 4621 
3 4383 4382 4622 
3 4623 4383 4622 
3 4450 4383 4623 
3 4624 4450 4623 
3 4384 4450 4624 
3 4625 4384 4624 
3 4386 4384 4625 
3 4626 4386 4625 
3 4385 4386 4626 
3 4627 4385 4626 
3 4378 4385 4627 
3 4628 4378 4627 
3 4376 4378 4628 
3 4629 4376 4628 
3 4375 4376 4629 
3 4630 4375 4629 
3 4372 4375 4630 
3 4631 4372 4630 
3 4370 4372 4631 
3 4632 4370 4631 
3 4369 4370 4632 
3 4633 4369 4632 
3 4366 4369 4633 
3 4634 4366 4633 
3 4364 4366 4634 
3 4635 4364 4634 
3 4363 4364 4635 
3 4636 4363 4635 
3 4360 4363 4636 
3 4637 4360 4636 
3 4358 4360 4637 
3 4638 4358 4637 
3 4357 4358 4638 
3 4639 4357 4638 
3 4354 4357 4639 
3 4640 4354 4639 
3 4352 4354 4640 
3 4641 4352 4640 
3 4351 4352 4641 
3 4642 4351 4641 
3 4348 4351 4642 
3 4643 4348 4642 
3 4346 4348 4643 
3 4644 4346 4643 
3 4345 4346 4644 
3 4645 4345 4644 
3 4342 4345 4645 
3 4646 4342 4645 
3 4340 4342 4646 
3 4647 4340 4646 
3 4339 4340 4647 
3 4648 4339 4647 
3 4336 4339 4648 
3 4649 4336 4648 
3 4334 4336 4649 
3 4650 4334 4649 
3 4333 4334 4650 
3 4651 4333 4650 
3 4330 4333 4651 
3 4652 4330 4651 
3 4328 4330 4652 
3 4653 4328 4652 
3 4327 4328 4653 
3 4654 4327 4653 
3 4324 4327 4654 
3 4655 4324 4654 
3 4322 4324 4655 
3 4656 4322 4655 
3 4321 4322 4656 
3 4657 4321 4656 
3 4318 4321 4657 
3 4658 4318 4657 
3 4316 4318 4658 
3 4659 4316 4658 
3 4315 4316 4659 
3 4660 4315 4659 
3 4312 4315 4660 
3 4661 4312 4660 
3 4310 4312 4661 
3 4662 4310 4661 
3 4309 4310 4662 
3 4663 4309 4662 
3 4306 4309 4663 
3 4664 4306 4663 
3 4304 4306 4664 
3 4665 4304 4664 
3 4303 4304 4665 
3 4666 4303 4665 
3 4300 4303 4666 
3 4667 4300 4666 
3 4298 4300 4667 
3 4668 4298 4667 
3 4297 4298 4668 
3 4669 4297 4668 
3 4294 4297 4669 
3 4670 4294 4669 
3 4292 4294 4670 
3 4671 4292 4670 
3 4291 4292 4671 
3 4672 4291 4671 
3 4288 4291 4672 
3 4673 4288 4672 
3 4286 4288 4673 
3 4674 4286 4673 
3 4285 4286 4674 
3 4675 4285 4674 
3 4282 4285 4675 
3 4676 4282 4675 
3 4280 4282 4676 
3 4585 4280 4676 
3 4279 4585 4572 
3 4279 4280 4585 
3 4451 4572 4543 
3 4451 4279 4572 
3 4276 4543 4544 
3 4276 4451 4543 
3 4274 4544 4547 
3 4274 4276 4544 
3 4263 4547 4550 
3 4263 4274 4547 
3 4264 4550 4565 
3 4264 4263 4550 
3 4261 4565 4571 
3 4261 4264 4565 
3 4267 4571 4574 
3 4267 4261 4571 
3 4266 4574 4577 
3 4266 4267 4574 
3 4406 4595 4409 
3 4677 4595 4406 
3 4407 4677 4406 
3 4678 4677 4407 
3 4401 4678 4407 
3 4679 4678 4401 
3 4680 4595 4677 
3 4680 4594 4595 
3 4681 4677 4678 
3 4681 4680 4677 
3 4682 4678 4679 
3 4682 4681 4678 
3 4683 4577 4576 
3 4452 4577 4683 
3 4452 4266 4577 
3 2805 4679 4401 
3 2816 4679 2805 
3 2816 4682 4679 
3 4684 4592 4593 
3 4270 4452 4683 
3 4685 4686 4687 
3 4685 4688 4686 
3 4689 4686 4688 
3 4690 4689 4688 
3 4691 4685 4687 
3 4692 4685 4691 
3 4693 4685 4692 
3 4693 4688 4685 
3 4694 4692 4691 
3 4695 4694 4691 
3 3850 4695 4691 
3 3851 4691 4687 
3 3851 3850 4691 
3 4202 3851 4687 
3 4205 4687 4686 
3 4205 4202 4687 
3 4215 4686 4689 
3 4215 4205 4686 
3 4214 4215 4689 
3 4696 4689 4690 
3 4696 4214 4689 
3 4697 4688 4693 
3 4697 4690 4688 
3 4698 4690 4697 
3 4698 4696 4690 
3 4213 4214 4696 
3 4699 4696 4698 
3 4699 4213 4696 
3 3849 4695 3850 
3 4700 4695 3849 
3 4700 4694 4695 
3 3852 3851 4202 
3 4211 4213 4699 
3 3862 4700 3849 
3 4701 4702 4703 
3 4701 4704 4702 
3 4705 4702 4704 
3 4706 4705 4704 
3 4707 4704 4701 
3 4708 4704 4707 
3 4708 4706 4704 
3 4709 4702 4705 
3 4710 4703 4702 
3 4711 4702 4709 
3 4711 4710 4702 
3 4712 4711 4709 
3 4713 4711 4712 
3 4714 4711 4713 
3 4714 4710 4711 
3 4715 4710 4714 
3 4716 4710 4715 
3 4716 4703 4710 
3 4717 4703 4716 
3 4717 4701 4703 
3 4718 4701 4717 
3 4718 4707 4701 
3 4719 4708 4707 
3 4720 4707 4718 
3 4720 4719 4707 
3 4721 4706 4708 
3 4722 4708 4719 
3 4722 4721 4708 
3 4723 4719 4720 
3 4724 4722 4719 
3 4723 4724 4719 
3 4725 4723 4720 
3 4726 4720 4718 
3 4726 4725 4720 
3 4727 4718 4717 
3 4727 4726 4718 
3 4728 4717 4716 
3 4728 4727 4717 
3 4729 4716 4715 
3 4729 4728 4716 
3 4730 4715 4714 
3 4731 4715 4730 
3 4731 4729 4715 
3 4732 4721 4722 
3 4733 4722 4724 
3 4733 4732 4722 
3 4734 4733 4724 
3 4735 4724 4723 
3 4735 4734 4724 
3 4736 4723 4725 
3 4736 4735 4723 
3 4737 4736 4725 
3 4738 4725 4726 
3 4738 4737 4725 
3 4739 4726 4727 
3 4739 4738 4726 
3 4740 4738 4739 
3 4741 4738 4740 
3 4741 4737 4738 
3 4742 4737 4741 
3 4742 4743 4737 
3 4744 4741 4740 
3 4745 4741 4744 
3 4745 4742 4741 
3 4743 4736 4737 
3 4746 4742 4745 
3 4747 4742 4746 
3 4747 4743 4742 
3 4748 4736 4743 
3 4748 4735 4736 
3 4749 4743 4747 
3 4750 4743 4749 
3 4750 4748 4743 
3 4751 4735 4748 
3 4751 4734 4735 
3 4752 4748 4750 
3 4752 4751 4748 
3 4753 4750 4749 
3 4754 4750 4753 
3 4754 4752 4750 
3 4755 4734 4751 
3 4756 4751 4752 
3 4756 4755 4751 
3 4757 4752 4754 
3 4757 4756 4752 
3 4758 4754 4753 
3 4759 4754 4758 
3 4759 4757 4754 
3 4760 4734 4755 
3 4760 4733 4734 
3 4761 4755 4756 
3 4762 4755 4761 
3 4762 4760 4755 
3 4763 4756 4757 
3 4763 4761 4756 
3 4764 4761 4763 
3 4765 4761 4764 
3 4765 4762 4761 
3 4766 4733 4760 
3 4766 4732 4733 
3 4767 4760 4762 
3 4767 4766 4760 
3 4768 4762 4765 
3 4768 4767 4762 
3 4769 4757 4759 
3 4769 4763 4757 
3 4770 4763 4769 
3 4770 4764 4763 
3 4771 4764 4770 
3 4771 4765 4764 
3 4772 4765 4771 
3 4772 4768 4765 
3 4773 4759 4758 
3 4774 4759 4773 
3 4774 4769 4759 
3 4775 4769 4774 
3 4775 4770 4769 
3 4776 4770 4775 
3 4776 4771 4770 
3 4777 4774 4773 
3 4778 4774 4777 
3 4778 4775 4774 
3 4779 4775 4778 
3 4779 4776 4775 
3 4780 4772 4771 
3 4781 4771 4776 
3 4781 4780 4771 
3 4782 4776 4779 
3 4782 4781 4776 
3 4783 4782 4779 
3 4784 4779 4778 
3 4784 4783 4779 
3 4785 4784 4778 
3 4786 4778 4777 
3 4786 4785 4778 
3 4787 4777 4773 
3 4787 4786 4777 
3 4788 4773 4758 
3 4788 4787 4773 
3 4789 4758 4753 
3 4789 4788 4758 
3 4790 4753 4749 
3 4790 4789 4753 
3 4791 4749 4747 
3 4791 4790 4749 
3 4792 4747 4746 
3 4792 4791 4747 
3 4793 4727 4728 
3 4793 4739 4727 
3 4794 4728 4729 
3 4794 4793 4728 
3 4795 4729 4731 
3 4795 4794 4729 
3 4796 4714 4713 
3 4797 4730 4796 
3 4796 4730 4714 
3 4798 4730 4797 
3 4798 4731 4730 
3 4799 4731 4798 
3 4799 4795 4731 
3 4800 4789 4790 
3 4801 4789 4800 
3 4801 4788 4789 
3 4802 4788 4801 
3 4802 4787 4788 
3 4803 4787 4802 
3 4803 4786 4787 
3 4804 4786 4803 
3 4804 4785 4786 
3 4805 4801 4800 
3 4806 4801 4805 
3 4806 4802 4801 
3 4807 4802 4806 
3 4807 4803 4802 
3 4808 4806 4805 
3 4809 4806 4808 
3 4809 4807 4806 
3 4810 4790 4791 
3 4810 4800 4790 
3 4811 4800 4810 
3 4811 4805 4800 
3 4812 4805 4811 
3 4812 4808 4805 
3 4813 4809 4808 
3 4814 4808 4812 
3 4814 4813 4808 
3 4815 4803 4807 
3 4815 4804 4803 
3 4816 4807 4809 
3 4816 4815 4807 
3 4817 4809 4813 
3 4817 4816 4809 
3 4818 4813 4814 
3 4819 4813 4818 
3 4819 4817 4813 
3 4820 4791 4792 
3 4820 4810 4791 
3 4821 4713 4712 
3 4822 4713 4821 
3 4822 4796 4713 
3 4823 4796 4822 
3 4823 4797 4796 
3 4824 4797 4823 
3 4824 4825 4797 
3 4825 4798 4797 
3 4826 4798 4825 
3 4826 4799 4798 
3 4827 4822 4821 
3 4828 4822 4827 
3 4828 4823 4822 
3 4829 4823 4828 
3 4829 4824 4823 
3 4830 4824 4829 
3 4830 4825 4824 
3 4831 4825 4830 
3 4831 4826 4825 
3 4832 4831 4830 
3 4833 4832 4830 
3 4834 4830 4829 
3 4834 4833 4830 
3 4835 4829 4828 
3 4835 4834 4829 
3 4836 4828 4827 
3 4836 4835 4828 
3 4837 4833 4834 
3 4838 4834 4835 
3 4838 4837 4834 
3 4839 4835 4836 
3 4839 4838 4835 
3 4840 4833 4837 
3 4841 4840 4837 
3 4842 4837 4838 
3 4842 4841 4837 
3 4843 4838 4839 
3 4843 4842 4838 
3 4844 4780 4781 
3 4845 4781 4782 
3 4845 4844 4781 
3 4846 4782 4783 
3 4846 4845 4782 
3 4847 4810 4820 
3 4847 4811 4810 
3 4848 4833 4840 
3 4849 4848 4840 
3 4850 4840 4841 
3 4850 4849 4840 
3 4851 4848 4849 
3 4852 4851 4849 
3 4853 4849 4850 
3 4853 4852 4849 
3 4854 4833 4848 
3 4854 4832 4833 
3 4855 4848 4851 
3 4855 4854 4848 
3 4856 4851 4852 
3 4856 4855 4851 
3 4857 4856 4852 
3 4858 4852 4853 
3 4858 4857 4852 
3 4859 4811 4847 
3 4859 4812 4811 
3 4860 4844 4845 
3 4861 4845 4846 
3 4861 4860 4845 
3 4862 4841 4842 
3 4862 4850 4841 
3 4863 4850 4862 
3 4863 4853 4850 
3 4864 4853 4863 
3 4864 4858 4853 
3 4865 4812 4859 
3 4865 4814 4812 
3 4866 4842 4843 
3 4866 4862 4842 
3 4867 4814 4865 
3 4867 4818 4814 
3 4868 4862 4866 
3 4868 4863 4862 
3 4869 4863 4868 
3 4869 4864 4863 
3 4870 4819 4818 
3 4871 4818 4867 
3 4871 4870 4818 
3 4872 4868 4866 
3 4873 4868 4872 
3 4873 4869 4868 
3 4874 4856 4857 
3 4476 4872 4866 
3 4477 4866 4843 
3 4477 4476 4866 
3 4478 4843 4839 
3 4478 4477 4843 
3 4479 4839 4836 
3 4479 4478 4839 
3 4480 4836 4827 
3 4480 4479 4836 
3 4481 4827 4821 
3 4481 4480 4827 
3 4482 4821 4712 
3 4482 4481 4821 
3 4483 4712 4709 
3 4483 4482 4712 
3 4484 4709 4705 
3 4484 4483 4709 
3 4485 4705 4706 
3 4485 4484 4705 
3 4486 4706 4721 
3 4486 4485 4706 
3 4487 4721 4732 
3 4487 4486 4721 
3 4488 4732 4766 
3 4488 4487 4732 
3 4489 4766 4767 
3 4489 4488 4766 
3 4490 4767 4768 
3 4490 4489 4767 
3 4491 4768 4772 
3 4491 4490 4768 
3 4492 4772 4780 
3 4492 4491 4772 
3 4493 4780 4844 
3 4493 4492 4780 
3 4494 4844 4860 
3 4494 4493 4844 
3 4270 4739 4793 
3 4270 4740 4739 
3 4683 4740 4270 
3 4683 4744 4740 
3 4576 4744 4683 
3 4576 4745 4744 
3 4575 4745 4576 
3 4575 4746 4745 
3 4578 4746 4575 
3 4578 4792 4746 
3 4579 4792 4578 
3 4579 4820 4792 
3 4268 4793 4794 
3 4268 4270 4793 
3 3809 4794 4795 
3 3809 4268 4794 
3 3807 4795 4799 
3 3807 3809 4795 
3 4875 4785 4804 
3 4876 4785 4875 
3 4876 4784 4785 
3 4877 4784 4876 
3 4877 4783 4784 
3 4878 4783 4877 
3 4878 4846 4783 
3 3806 4799 4826 
3 3806 3807 4799 
3 3805 4826 4831 
3 3805 3806 4826 
3 3804 4831 4832 
3 3804 3805 4831 
3 3803 4832 4854 
3 3803 3804 4832 
3 4879 4846 4878 
3 4879 4861 4846 
3 4580 4820 4579 
3 4580 4847 4820 
3 4581 4847 4580 
3 4581 4859 4847 
3 3798 4854 4855 
3 3798 3803 4854 
3 3797 4855 4856 
3 3797 3798 4855 
3 3808 4856 4874 
3 3808 3797 4856 
3 4582 4859 4581 
3 4582 4865 4859 
3 3406 4857 4858 
3 3400 4858 4864 
3 3400 3406 4858 
3 4583 4865 4582 
3 4583 4867 4865 
3 4592 4867 4583 
3 4592 4871 4867 
3 4880 4804 4815 
3 4880 4875 4804 
3 4881 4815 4816 
3 4881 4880 4815 
3 4882 4816 4817 
3 4882 4881 4816 
3 4883 4817 4819 
3 4883 4882 4817 
3 4884 4819 4870 
3 4884 4883 4819 
3 4885 4870 4871 
3 4885 4884 4870 
3 4684 4871 4592 
3 4684 4885 4871 
3 3401 4864 4869 
3 3401 3400 4864 
3 4495 4494 4860 
3 4496 4860 4861 
3 4496 4495 4860 
3 4497 4861 4879 
3 4497 4496 4861 
3 3390 4857 3406 
3 3390 4874 4857 
3 3409 4869 4873 
3 3409 3401 4869 
3 4475 4872 4476 
3 4475 4873 4872 
3 3410 4873 4475 
3 3410 3409 4873 
3 3419 4874 3390 
3 3419 3808 4874 
3 3060 4886 3058 
3 3062 4887 3060 
3 3062 4888 4887 
3 4889 4890 4891 
3 4892 4888 4889 
3 4890 3066 4893 
3 4888 3064 4890 
3 4894 4895 4896 
3 4891 4893 4894 
3 4895 3070 4897 
3 4893 3068 4895 
3 4896 4897 4898 
3 4897 3072 4899 
3 4900 4901 4902 
3 4898 4899 4900 
3 4901 3076 4903 
3 4899 3074 4901 
3 4904 4905 4906 
3 4902 4903 4904 
3 4905 3079 4907 
3 4903 3078 4905 
3 4908 4907 3084 
3 3086 4909 3084 
3 3088 4910 3086 
3 3090 4911 3088 
3 3092 4912 3090 
3 3094 4913 3092 
3 3096 4914 3094 
3 3098 4915 3096 
3 3100 4916 3098 
3 3102 4917 3100 
3 3104 4918 3102 
3 3104 4919 4918 
3 4920 4919 4921 
3 4919 3106 4922 
3 4923 4924 4925 
3 4921 4922 4923 
3 4924 3110 4926 
3 4922 3108 4924 
3 4925 4926 4927 
3 4926 3112 4928 
3 4929 4930 4931 
3 4927 4928 4929 
3 4930 3116 4932 
3 4928 3114 4930 
3 4933 4934 4935 
3 4931 4932 4933 
3 4934 3120 4936 
3 4932 3118 4934 
3 4935 4936 4937 
3 4936 3122 4938 
3 4939 3124 3126 
3 3128 4940 3126 
3 3130 4941 3128 
3 3132 4942 3130 
3 3134 4943 3132 
3 3136 4944 3134 
3 3138 4945 3136 
3 3140 4946 3138 
3 3142 4947 3140 
3 3144 4948 3142 
3 3146 4949 3144 
3 3148 4950 3146 
3 3151 4951 3148 
3 3154 4952 3151 
3 3154 4953 4952 
3 4954 4955 4956 
3 4957 4953 4954 
3 4955 3160 4958 
3 4953 3157 4955 
3 4959 4960 4961 
3 4956 4958 4959 
3 4960 3166 4962 
3 4958 3163 4960 
3 4961 4962 4963 
3 4962 3169 4964 
3 4965 4966 4967 
3 4963 4964 4965 
3 4966 3175 4968 
3 4964 3172 4966 
3 3181 4969 3178 
3 3184 4970 3181 
3 3187 4971 3184 
3 3187 4972 4971 
3 4973 4972 4974 
3 4972 3202 4975 
3 4209 4976 3772 
3 4976 4977 4978 
3 4209 4211 4976 
3 3770 4978 3739 
3 4978 4979 4980 
3 3739 4980 3740 
3 4980 4981 4982 
3 3741 4983 3742 
3 3740 4982 3741 
3 4983 4984 4985 
3 4982 4986 4983 
3 3743 4987 3744 
3 3742 4985 3743 
3 4987 4988 4989 
3 4985 4990 4987 
3 3744 4989 3760 
3 4989 4991 4992 
3 3761 4993 3234 
3 3760 4992 3761 
3 4993 4994 4995 
3 4992 4996 4993 
3 3232 4997 3224 
3 3234 4995 3232 
3 4997 4998 4999 
3 4995 5000 4997 
3 3224 4999 3220 
3 4999 5001 5002 
3 3219 5003 3218 
3 3220 5002 3219 
3 5003 5004 5005 
3 5002 5006 5003 
3 3217 5007 3216 
3 3218 5005 3217 
3 5007 5008 5009 
3 5005 5010 5007 
3 3216 5009 3027 
3 5009 5011 5012 
3 3214 5013 3212 
3 3027 5012 3214 
3 5013 5014 4975 
3 5012 5015 5013 
3 5014 5013 5015 
3 4974 4975 5014 
3 5013 3214 5012 
3 4975 3212 5013 
3 5015 5012 5011 
3 5012 3027 5009 
3 5008 5007 5010 
3 5011 5009 5008 
3 5007 3217 5005 
3 5009 3216 5007 
3 5004 5003 5006 
3 5010 5005 5004 
3 5003 3219 5002 
3 5005 3218 5003 
3 5006 5002 5001 
3 5002 3220 4999 
3 4998 4997 5000 
3 5001 4999 4998 
3 4997 3232 4995 
3 4999 3224 4997 
3 4994 4993 4996 
3 5000 4995 4994 
3 4993 3761 4992 
3 4995 3234 4993 
3 4996 4992 4991 
3 4992 3760 4989 
3 4988 4987 4990 
3 4991 4989 4988 
3 4987 3743 4985 
3 4989 3744 4987 
3 4984 4983 4986 
3 4990 4985 4984 
3 4983 3741 4982 
3 4985 3742 4983 
3 4986 4982 4981 
3 4982 3740 4980 
3 4981 4980 4979 
3 4980 3739 4978 
3 4977 4976 4211 
3 4979 4978 4977 
3 4976 4978 3770 
3 4976 3770 3772 
3 3212 4975 3202 
3 4975 4974 4972 
3 3202 4972 3187 
3 4972 4973 4971 
3 4970 3184 4971 
3 4969 3181 4970 
3 4967 4968 4969 
3 4968 3178 4969 
3 3175 4966 3172 
3 3178 4968 3175 
3 4966 4965 4964 
3 4968 4967 4966 
3 3172 4964 3169 
3 4964 4963 4962 
3 3166 4960 3163 
3 3169 4962 3166 
3 4960 4959 4958 
3 4962 4961 4960 
3 3160 4955 3157 
3 3163 4958 3160 
3 4955 4954 4953 
3 4958 4956 4955 
3 3157 4953 3154 
3 4953 4957 4952 
3 4951 3151 4952 
3 4950 3148 4951 
3 4949 3146 4950 
3 4948 3144 4949 
3 4947 3142 4948 
3 4946 3140 4947 
3 4945 3138 4946 
3 4944 3136 4945 
3 4943 3134 4944 
3 4942 3132 4943 
3 4941 3130 4942 
3 4940 3128 4941 
3 4939 3126 4940 
3 4937 4938 4939 
3 4938 3124 4939 
3 3124 4938 3122 
3 4938 4937 4936 
3 3120 4934 3118 
3 3122 4936 3120 
3 4934 4933 4932 
3 4936 4935 4934 
3 3116 4930 3114 
3 3118 4932 3116 
3 4930 4929 4928 
3 4932 4931 4930 
3 3114 4928 3112 
3 4928 4927 4926 
3 3110 4924 3108 
3 3112 4926 3110 
3 4924 4923 4922 
3 4926 4925 4924 
3 3108 4922 3106 
3 4922 4921 4919 
3 3106 4919 3104 
3 4919 4920 4918 
3 4917 3102 4918 
3 4916 3100 4917 
3 4915 3098 4916 
3 4914 3096 4915 
3 4913 3094 4914 
3 4912 3092 4913 
3 4911 3090 4912 
3 4910 3088 4911 
3 4909 3086 4910 
3 4908 3084 4909 
3 4906 4907 4908 
3 4907 3082 3084 
3 3079 4905 3078 
3 3082 4907 3079 
3 4905 4904 4903 
3 4907 4906 4905 
3 3076 4901 3074 
3 3078 4903 3076 
3 4901 4900 4899 
3 4903 4902 4901 
3 3074 4899 3072 
3 4899 4898 4897 
3 3070 4895 3068 
3 3072 4897 3070 
3 4895 4894 4893 
3 4897 4896 4895 
3 3066 4890 3064 
3 3068 4893 3066 
3 4890 4889 4888 
3 4893 4891 4890 
3 3064 4888 3062 
3 4888 4892 4887 
3 4886 3060 4887 
3 4498 3058 4886 
3 5016 5017 5018 
3 5018 5019 5016 
3 5020 5021 5022 
3 5022 5023 5020 
3 5024 5025 5026 
3 5024 5027 5025 
3 5028 5025 5027 
3 5021 5029 5028 
3 5030 5028 5027 
3 5022 5028 5030 
3 5022 5021 5028 
3 5031 5021 5020 
3 5032 5021 5031 
3 5029 5021 5032 
3 5029 5025 5028 
3 5033 5025 5029 
3 5033 5026 5025 
3 5034 5027 5024 
3 5035 5034 5024 
3 5036 5024 5026 
3 5036 5035 5024 
3 5037 5026 5033 
3 5037 5036 5026 
3 5038 5029 5032 
3 5039 5029 5038 
3 5039 5033 5029 
3 5040 5033 5039 
3 5040 5037 5033 
3 5041 5038 5032 
3 5042 5038 5041 
3 5043 5038 5042 
3 5043 5039 5038 
3 5044 5039 5043 
3 5044 5040 5039 
3 5045 5044 5043 
3 5046 5043 5042 
3 5046 5045 5043 
3 5047 5045 5046 
3 5048 5045 5047 
3 5049 5048 5047 
3 5050 5049 5047 
3 5051 5049 5050 
3 5052 5051 5050 
3 5053 5052 5050 
3 5054 5052 5053 
3 5055 5051 5052 
3 5056 5052 5054 
3 5056 5055 5052 
3 5057 5056 5054 
3 5058 5056 5057 
3 5059 5056 5058 
3 5059 5055 5056 
3 5060 5054 5053 
3 5061 5054 5060 
3 5061 5057 5054 
3 5062 5058 5057 
3 5063 5057 5061 
3 5063 5062 5057 
3 5064 5058 5062 
3 5065 5062 5063 
3 5065 5064 5062 
3 5066 5058 5064 
3 5066 5059 5058 
3 5067 5066 5064 
3 5068 5067 5064 
3 5069 5064 5065 
3 5069 5068 5064 
3 5070 5068 5069 
3 5071 5067 5068 
3 5072 5068 5070 
3 5072 5071 5068 
3 5073 5061 5060 
3 5074 5061 5073 
3 5074 5063 5061 
3 5075 5063 5074 
3 5075 5065 5063 
3 5076 5065 5075 
3 5076 5069 5065 
3 5077 5069 5076 
3 5077 5070 5069 
3 5078 5072 5070 
3 5079 5070 5077 
3 5079 5078 5070 
3 5080 5071 5072 
3 5081 5072 5078 
3 5081 5080 5072 
3 5082 5074 5073 
3 5083 5074 5082 
3 5083 5075 5074 
3 5084 5075 5083 
3 5084 5076 5075 
3 5085 5076 5084 
3 5085 5077 5076 
3 5086 5077 5085 
3 5086 5079 5077 
3 5087 5081 5078 
3 5088 5078 5079 
3 5088 5087 5078 
3 5089 5079 5086 
3 5089 5088 5079 
3 5090 5080 5081 
3 5091 5081 5087 
3 5091 5090 5081 
3 5092 5087 5088 
3 5092 5091 5087 
3 5093 5088 5089 
3 5093 5092 5088 
3 5094 5091 5092 
3 5095 5092 5093 
3 5095 5094 5092 
3 5096 5091 5094 
3 5097 5096 5094 
3 5098 5094 5095 
3 5098 5097 5094 
3 5099 5096 5097 
3 5100 5099 5097 
3 5101 5097 5098 
3 5101 5100 5097 
3 5102 5091 5096 
3 5102 5090 5091 
3 5103 5096 5099 
3 5103 5102 5096 
3 5104 5099 5100 
3 5105 5099 5104 
3 5105 5103 5099 
3 5106 5105 5104 
3 5107 5106 5104 
3 5108 5104 5100 
3 5108 5107 5104 
3 5109 5100 5101 
3 5109 5108 5100 
3 5110 5108 5109 
3 5111 5108 5110 
3 5111 5107 5108 
3 5112 5106 5107 
3 5113 5107 5111 
3 5113 5112 5107 
3 5114 5111 5110 
3 5115 5111 5114 
3 5115 5113 5111 
3 5116 5115 5114 
3 5117 5115 5116 
3 5117 5118 5115 
3 5118 5113 5115 
3 5119 5118 5117 
3 5120 5117 5116 
3 5121 5117 5120 
3 5121 5119 5117 
3 5122 5118 5119 
3 5123 5119 5121 
3 5123 5124 5119 
3 5125 5123 5121 
3 5126 5121 5120 
3 5126 5125 5121 
3 5124 5122 5119 
3 5127 5124 5123 
3 5128 5123 5125 
3 5128 5127 5123 
3 5129 5128 5125 
3 5130 5125 5126 
3 5130 5129 5125 
3 5131 5127 5128 
3 5132 5128 5129 
3 5132 5131 5128 
3 5133 5132 5129 
3 5134 5133 5129 
3 5135 5129 5130 
3 5135 5134 5129 
3 5136 5113 5118 
3 5136 5112 5113 
3 5137 5118 5122 
3 5137 5136 5118 
3 5138 5122 5124 
3 5138 5137 5122 
3 5139 5124 5127 
3 5139 5138 5124 
3 5140 5127 5131 
3 5140 5139 5127 
3 5141 5131 5132 
3 5141 5140 5131 
3 5142 5132 5133 
3 5142 5141 5132 
3 5143 5142 5133 
3 5144 5133 5134 
3 5144 5143 5133 
3 5145 5144 5134 
3 5146 5134 5135 
3 5146 5145 5134 
3 5147 5142 5143 
3 5148 5143 5144 
3 5148 5147 5143 
3 5149 5144 5145 
3 5149 5148 5144 
3 5150 5149 5145 
3 5151 5145 5146 
3 5151 5150 5145 
3 5152 5044 5045 
3 5153 5040 5044 
3 5152 5153 5044 
3 5154 5045 5048 
3 5154 5152 5045 
3 5155 5048 5049 
3 5155 5154 5048 
3 5156 5049 5051 
3 5156 5155 5049 
3 5157 5032 5031 
3 5157 5041 5032 
3 5158 5051 5055 
3 5158 5156 5051 
3 5159 5055 5059 
3 5159 5158 5055 
3 5160 5059 5066 
3 5160 5159 5059 
3 5161 5150 5151 
3 5162 5150 5161 
3 5162 5149 5150 
3 5163 5149 5162 
3 5163 5148 5149 
3 5164 5163 5162 
3 5165 5164 5162 
3 5166 5162 5161 
3 5166 5165 5162 
3 5167 5148 5163 
3 5167 5147 5148 
3 5168 5163 5164 
3 5168 5167 5163 
3 5169 5168 5164 
3 5170 5164 5165 
3 5170 5169 5164 
3 5171 5170 5165 
3 5172 5165 5166 
3 5172 5171 5165 
3 5173 5169 5170 
3 5174 5170 5171 
3 5174 5173 5170 
3 5175 5174 5171 
3 5176 5171 5172 
3 5176 5175 5171 
3 5177 5173 5174 
3 5178 5174 5175 
3 5178 5177 5174 
3 5179 5178 5175 
3 5180 5175 5176 
3 5180 5179 5175 
3 5181 5177 5178 
3 5182 5178 5179 
3 5182 5181 5178 
3 5183 5182 5179 
3 5184 5179 5180 
3 5184 5183 5179 
3 5185 5182 5183 
3 5186 5182 5185 
3 5186 5181 5182 
3 5187 5185 5183 
3 5188 5183 5184 
3 5188 5187 5183 
3 5189 5187 5188 
3 5190 5187 5189 
3 5191 5187 5190 
3 5191 5185 5187 
3 5192 5185 5191 
3 5192 5186 5185 
3 5193 5190 5189 
3 5194 5190 5193 
3 5194 5191 5190 
3 5195 5191 5194 
3 5195 5192 5191 
3 5196 5195 5194 
3 5197 5196 5194 
3 5198 5194 5193 
3 5198 5197 5194 
3 5199 5196 5197 
3 5200 5199 5197 
3 5201 5197 5198 
3 5201 5200 5197 
3 5202 5199 5200 
3 5203 5202 5200 
3 5204 5200 5201 
3 5204 5203 5200 
3 5205 5202 5203 
3 5206 5205 5203 
3 5207 5203 5204 
3 5207 5206 5203 
3 5208 5205 5206 
3 5209 5206 5207 
3 5210 5206 5209 
3 5210 5208 5206 
3 5211 5208 5210 
3 5212 5211 5210 
3 5213 5210 5209 
3 5213 5212 5210 
3 5214 5213 5209 
3 5215 5209 5207 
3 5215 5214 5209 
3 5216 5207 5204 
3 5216 5215 5207 
3 5217 5204 5201 
3 5217 5216 5204 
3 5218 5201 5198 
3 5218 5217 5201 
3 5219 5198 5193 
3 5219 5218 5198 
3 5220 5193 5189 
3 5220 5219 5193 
3 5221 5189 5188 
3 5221 5220 5189 
3 5222 5188 5184 
3 5222 5221 5188 
3 5223 5184 5180 
3 5223 5222 5184 
3 5224 5180 5176 
3 5224 5223 5180 
3 5225 5176 5172 
3 5225 5224 5176 
3 5226 5172 5166 
3 5226 5225 5172 
3 5227 5166 5161 
3 5227 5226 5166 
3 5228 5161 5151 
3 5228 5227 5161 
3 5229 5151 5146 
3 5229 5228 5151 
3 5230 5146 5135 
3 5230 5229 5146 
3 5231 5135 5130 
3 5231 5230 5135 
3 5232 5130 5126 
3 5232 5231 5130 
3 5233 5126 5120 
3 5233 5232 5126 
3 5234 5120 5116 
3 5234 5233 5120 
3 5235 5116 5114 
3 5235 5234 5116 
3 5236 5114 5110 
3 5236 5235 5114 
3 5237 5110 5109 
3 5237 5236 5110 
3 5238 5109 5101 
3 5238 5237 5109 
3 5239 5101 5098 
3 5239 5238 5101 
3 5240 5098 5095 
3 5240 5239 5098 
3 5241 5095 5093 
3 5241 5240 5095 
3 5242 5093 5089 
3 5242 5241 5093 
3 5243 5089 5086 
3 5243 5242 5089 
3 5244 5086 5085 
3 5244 5243 5086 
3 5245 5085 5084 
3 5245 5244 5085 
3 5246 5084 5083 
3 5246 5245 5084 
3 5247 5083 5082 
3 5247 5246 5083 
3 5248 5066 5067 
3 5248 5160 5066 
3 5249 5067 5071 
3 5249 5248 5067 
3 5250 5071 5080 
3 5250 5249 5071 
3 5251 5080 5090 
3 5251 5250 5080 
3 5252 5090 5102 
3 5252 5251 5090 
3 5253 5031 5020 
3 5253 5157 5031 
3 5023 5254 5020 
3 5255 5022 5030 
3 5255 5023 5022 
3 5256 5030 5027 
3 5257 5030 5256 
3 5257 5255 5030 
3 5258 5027 5034 
3 5258 5256 5027 
3 5259 5257 5256 
3 5260 5256 5258 
3 5260 5259 5256 
3 5261 5102 5103 
3 5261 5252 5102 
3 5262 5103 5105 
3 5262 5261 5103 
3 5263 5105 5106 
3 5263 5262 5105 
3 5264 5214 5215 
3 5265 5215 5216 
3 5265 5264 5215 
3 5266 5216 5217 
3 5266 5265 5216 
3 5267 5217 5218 
3 5267 5266 5217 
3 5268 5218 5219 
3 5268 5267 5218 
3 5269 5219 5220 
3 5269 5268 5219 
3 5270 5220 5221 
3 5270 5269 5220 
3 5271 5221 5222 
3 5271 5270 5221 
3 5272 5222 5223 
3 5272 5271 5222 
3 5273 5223 5224 
3 5273 5272 5223 
3 5274 5224 5225 
3 5274 5273 5224 
3 5275 5225 5226 
3 5275 5274 5225 
3 5276 5226 5227 
3 5276 5275 5226 
3 5277 5227 5228 
3 5277 5276 5227 
3 5278 5228 5229 
3 5278 5277 5228 
3 5279 5229 5230 
3 5279 5278 5229 
3 5280 5230 5231 
3 5280 5279 5230 
3 5281 5231 5232 
3 5281 5280 5231 
3 5282 5232 5233 
3 5282 5281 5232 
3 5283 5233 5234 
3 5283 5282 5233 
3 5284 5234 5235 
3 5284 5283 5234 
3 5285 5235 5236 
3 5285 5284 5235 
3 5286 5236 5237 
3 5286 5285 5236 
3 5287 5237 5238 
3 5287 5286 5237 
3 5288 5238 5239 
3 5288 5287 5238 
3 5289 5239 5240 
3 5289 5288 5239 
3 5290 5240 5241 
3 5290 5289 5240 
3 5291 5241 5242 
3 5291 5290 5241 
3 5292 5242 5243 
3 5292 5291 5242 
3 5293 5243 5244 
3 5293 5292 5243 
3 5294 5244 5245 
3 5294 5293 5244 
3 5295 5245 5246 
3 5295 5294 5245 
3 5296 5246 5247 
3 5296 5295 5246 
3 5297 5214 5264 
3 5298 5214 5297 
3 5298 5213 5214 
3 5299 5213 5298 
3 5299 5212 5213 
3 5300 5211 5212 
3 5301 5212 5299 
3 5301 5300 5212 
3 5302 5300 5301 
3 5303 5302 5301 
3 5304 5301 5299 
3 5304 5303 5301 
3 5305 5299 5298 
3 5305 5304 5299 
3 5306 5298 5297 
3 5306 5305 5298 
3 5307 5302 5303 
3 5308 5307 5303 
3 5309 5303 5304 
3 5309 5308 5303 
3 5310 5304 5305 
3 5310 5309 5304 
3 5311 5305 5306 
3 5311 5310 5305 
3 5312 5307 5308 
3 5313 5312 5308 
3 5314 5308 5309 
3 5314 5313 5308 
3 5315 5309 5310 
3 5315 5314 5309 
3 5316 5310 5311 
3 5316 5315 5310 
3 5317 5312 5313 
3 5318 5313 5314 
3 5318 5317 5313 
3 5319 5314 5315 
3 5319 5318 5314 
3 5320 5315 5316 
3 5320 5319 5315 
3 5321 5318 5319 
3 5322 5319 5320 
3 5322 5321 5319 
3 5323 5318 5321 
3 5324 5323 5321 
3 5325 5321 5322 
3 5325 5324 5321 
3 5326 5318 5323 
3 5326 5317 5318 
3 5327 5323 5324 
3 5327 5326 5323 
3 5328 5327 5324 
3 5329 5324 5325 
3 5329 5328 5324 
3 5330 5327 5328 
3 5331 5330 5328 
3 5332 5328 5329 
3 5332 5331 5328 
3 5333 5330 5331 
3 5334 5333 5331 
3 5335 5331 5332 
3 5335 5334 5331 
3 5336 5333 5334 
3 5337 5336 5334 
3 5338 5334 5335 
3 5338 5337 5334 
3 5339 5336 5337 
3 5340 5339 5337 
3 5341 5337 5338 
3 5341 5340 5337 
3 5342 5339 5340 
3 5343 5340 5341 
3 5344 5340 5343 
3 5344 5342 5340 
3 5345 5342 5344 
3 5346 5344 5343 
3 5347 5344 5346 
3 5347 5345 5344 
3 5348 5345 5347 
3 5349 5348 5347 
3 5350 5347 5346 
3 5350 5349 5347 
3 5351 5350 5346 
3 5352 5346 5343 
3 5352 5351 5346 
3 5353 5343 5341 
3 5353 5352 5343 
3 5354 5341 5338 
3 5354 5353 5341 
3 5355 5338 5335 
3 5355 5354 5338 
3 5356 5335 5332 
3 5356 5355 5335 
3 5357 5332 5329 
3 5357 5356 5332 
3 5358 5350 5351 
3 5359 5350 5358 
3 5359 5349 5350 
3 5360 5348 5349 
3 5361 5349 5359 
3 5361 5360 5349 
3 5362 5360 5361 
3 5363 5362 5361 
3 5364 5361 5359 
3 5364 5363 5361 
3 5365 5359 5358 
3 5365 5364 5359 
3 5366 5365 5358 
3 5367 5358 5351 
3 5367 5366 5358 
3 5368 5351 5352 
3 5368 5367 5351 
3 5369 5352 5353 
3 5369 5368 5352 
3 5370 5353 5354 
3 5370 5369 5353 
3 5371 5354 5355 
3 5371 5370 5354 
3 5372 5355 5356 
3 5372 5371 5355 
3 5373 5356 5357 
3 5373 5372 5356 
3 5374 5329 5325 
3 5374 5357 5329 
3 5375 5325 5322 
3 5375 5374 5325 
3 5376 5322 5320 
3 5376 5375 5322 
3 5377 5357 5374 
3 5377 5373 5357 
3 5378 5374 5375 
3 5378 5377 5374 
3 5379 5375 5376 
3 5379 5378 5375 
3 5380 5365 5366 
3 5381 5365 5380 
3 5381 5364 5365 
3 5382 5364 5381 
3 5382 5363 5364 
3 5383 5362 5363 
3 5384 5363 5382 
3 5384 5383 5363 
3 5385 5381 5380 
3 5386 5381 5385 
3 5386 5382 5381 
3 5387 5382 5386 
3 5387 5384 5382 
3 5388 5383 5384 
3 5389 5384 5387 
3 5389 5388 5384 
3 5390 5388 5389 
3 5391 5390 5389 
3 5392 5389 5387 
3 5392 5391 5389 
3 5393 5387 5386 
3 5393 5392 5387 
3 5394 5386 5385 
3 5394 5393 5386 
3 5395 5390 5391 
3 5396 5395 5391 
3 5397 5391 5392 
3 5397 5396 5391 
3 5398 5392 5393 
3 5398 5397 5392 
3 5399 5393 5394 
3 5399 5398 5393 
3 5400 5395 5396 
3 5401 5396 5397 
3 5401 5400 5396 
3 5402 5397 5398 
3 5402 5401 5397 
3 5403 5398 5399 
3 5403 5402 5398 
3 5404 5400 5401 
3 5405 5401 5402 
3 5405 5404 5401 
3 5406 5402 5403 
3 5406 5405 5402 
3 5407 5405 5406 
3 5408 5405 5407 
3 5409 5405 5408 
3 5409 5404 5405 
3 5410 5408 5407 
3 5411 5408 5410 
3 5412 5408 5411 
3 5412 5409 5408 
3 5413 5411 5410 
3 5414 5412 5411 
3 5415 5411 5413 
3 5415 5414 5411 
3 5416 5415 5413 
3 5417 5414 5415 
3 5418 5415 5416 
3 5418 5417 5415 
3 5419 5418 5416 
3 5420 5417 5418 
3 5421 5418 5419 
3 5421 5420 5418 
3 5422 5421 5419 
3 5423 5420 5421 
3 5424 5421 5422 
3 5424 5423 5421 
3 5425 5424 5422 
3 5426 5423 5424 
3 5427 5424 5425 
3 5427 5426 5424 
3 5428 5427 5425 
3 5429 5426 5427 
3 5430 5427 5428 
3 5430 5429 5427 
3 5431 5430 5428 
3 5432 5429 5430 
3 5433 5430 5431 
3 5433 5432 5430 
3 5434 5433 5431 
3 5435 5432 5433 
3 5436 5433 5434 
3 5436 5435 5433 
3 5437 5436 5434 
3 5438 5435 5436 
3 5017 5436 5437 
3 5017 5438 5436 
3 5439 5017 5437 
3 5440 5018 5439 
3 5018 5017 5439 
3 5441 5017 5016 
3 5441 5438 5017 
3 5442 5441 5016 
3 5443 5442 5016 
3 5019 5443 5016 
3 5444 5018 5440 
3 5444 5019 5018 
3 5445 5442 5443 
3 5446 5445 5443 
3 5447 5443 5019 
3 5447 5446 5443 
3 5448 5019 5444 
3 5448 5447 5019 
3 5449 5444 5440 
3 5450 5444 5449 
3 5450 5448 5444 
3 5451 5320 5316 
3 5451 5376 5320 
3 5452 5316 5311 
3 5452 5451 5316 
3 5453 5311 5306 
3 5453 5452 5311 
3 5454 5440 5439 
3 5454 5449 5440 
3 5455 5439 5437 
3 5455 5454 5439 
3 5456 5437 5434 
3 5456 5455 5437 
3 5457 5434 5431 
3 5457 5456 5434 
3 5458 5431 5428 
3 5458 5457 5431 
3 5459 5428 5425 
3 5459 5458 5428 
3 5460 5425 5422 
3 5460 5459 5425 
3 5461 5422 5419 
3 5461 5460 5422 
3 5462 5419 5416 
3 5462 5461 5419 
3 5463 5416 5413 
3 5463 5462 5416 
3 5464 5413 5410 
3 5464 5463 5413 
3 5465 5410 5407 
3 5465 5464 5410 
3 5466 5407 5406 
3 5466 5465 5407 
3 5467 5406 5403 
3 5467 5466 5406 
3 5468 5403 5399 
3 5468 5467 5403 
3 5469 5306 5297 
3 5469 5453 5306 
3 5470 5297 5264 
3 5470 5469 5297 
3 5471 5264 5265 
3 5471 5470 5264 
3 5472 5265 5266 
3 5472 5471 5265 
3 5473 5266 5267 
3 5473 5472 5266 
3 5474 5267 5268 
3 5474 5473 5267 
3 5475 5268 5269 
3 5475 5474 5268 
3 5476 5269 5270 
3 5476 5475 5269 
3 5477 5270 5271 
3 5477 5476 5270 
3 5478 5271 5272 
3 5478 5477 5271 
3 5479 5272 5273 
3 5479 5478 5272 
3 5480 5273 5274 
3 5480 5479 5273 
3 5481 5274 5275 
3 5481 5480 5274 
3 5482 5275 5276 
3 5482 5481 5275 
3 5483 5276 5277 
3 5483 5482 5276 
3 5484 5277 5278 
3 5484 5483 5277 
3 5485 5278 5279 
3 5485 5484 5278 
3 5486 5279 5280 
3 5486 5485 5279 
3 5487 5280 5281 
3 5487 5486 5280 
3 5488 5399 5394 
3 5488 5468 5399 
3 5489 5394 5385 
3 5489 5488 5394 
3 5490 5385 5380 
3 5490 5489 5385 
3 5491 5380 5366 
3 5491 5490 5380 
3 5492 5366 5367 
3 5492 5491 5366 
3 5493 5367 5368 
3 5493 5492 5367 
3 5494 5368 5369 
3 5494 5493 5368 
3 5495 5369 5370 
3 5495 5494 5369 
3 5496 5370 5371 
3 5496 5495 5370 
3 5497 5371 5372 
3 5497 5496 5371 
3 5498 5372 5373 
3 5498 5497 5372 
3 5499 5373 5377 
3 5499 5498 5373 
3 5500 5377 5378 
3 5500 5499 5377 
3 5501 5378 5379 
3 5501 5500 5378 
3 5502 5376 5451 
3 5502 5379 5376 
3 5503 5379 5502 
3 5503 5501 5379 
3 5504 5451 5452 
3 5504 5502 5451 
3 5505 5502 5504 
3 5505 5503 5502 
3 5506 5452 5453 
3 5506 5504 5452 
3 5507 5504 5506 
3 5507 5505 5504 
3 5508 5453 5469 
3 5508 5506 5453 
3 5509 5506 5508 
3 5509 5507 5506 
3 5510 5469 5470 
3 5510 5508 5469 
3 5511 5508 5510 
3 5511 5509 5508 
3 5512 5470 5471 
3 5512 5510 5470 
3 5513 5510 5512 
3 5513 5511 5510 
3 5514 5471 5472 
3 5514 5512 5471 
3 5515 5512 5514 
3 5515 5513 5512 
3 5516 5472 5473 
3 5516 5514 5472 
3 5517 5473 5474 
3 5517 5516 5473 
3 5518 5514 5516 
3 5518 5515 5514 
3 5519 5516 5517 
3 5519 5518 5516 
3 5520 5474 5475 
3 5520 5517 5474 
3 5521 5517 5520 
3 5521 5519 5517 
3 5522 5475 5476 
3 5522 5520 5475 
3 5523 5520 5522 
3 5523 5521 5520 
3 5524 5476 5477 
3 5524 5522 5476 
3 5525 5522 5524 
3 5525 5523 5522 
3 5526 5477 5478 
3 5526 5524 5477 
3 5527 5524 5526 
3 5527 5525 5524 
3 5528 5478 5479 
3 5528 5526 5478 
3 5529 5526 5528 
3 5529 5527 5526 
3 5530 5479 5480 
3 5530 5528 5479 
3 5531 5528 5530 
3 5531 5529 5528 
3 5532 5480 5481 
3 5532 5530 5480 
3 5533 5530 5532 
3 5533 5531 5530 
3 5534 5481 5482 
3 5534 5532 5481 
3 5535 5532 5534 
3 5535 5533 5532 
3 5536 5482 5483 
3 5536 5534 5482 
3 5537 5534 5536 
3 5537 5535 5534 
3 5538 5483 5484 
3 5538 5536 5483 
3 5539 5536 5538 
3 5539 5537 5536 
3 5540 5040 5153 
3 5540 5037 5040 
3 5541 5281 5282 
3 5541 5487 5281 
3 5542 5484 5485 
3 5542 5538 5484 
3 5543 5485 5486 
3 5543 5542 5485 
3 5544 5486 5487 
3 5544 5543 5486 
3 5545 5487 5541 
3 5545 5544 5487 
3 5546 5538 5542 
3 5546 5539 5538 
3 5547 5542 5543 
3 5547 5546 5542 
3 5548 5543 5544 
3 5548 5547 5543 
3 5549 5544 5545 
3 5549 5548 5544 
3 5550 5282 5283 
3 5550 5541 5282 
3 5551 5541 5550 
3 5551 5545 5541 
3 5552 5545 5551 
3 5552 5549 5545 
3 5553 5283 5284 
3 5553 5550 5283 
3 5554 5550 5553 
3 5554 5551 5550 
3 5555 5551 5554 
3 5555 5552 5551 
3 5556 5284 5285 
3 5556 5553 5284 
3 5557 5553 5556 
3 5557 5554 5553 
3 5558 5554 5557 
3 5558 5555 5554 
3 5559 5285 5286 
3 5559 5556 5285 
3 5560 5556 5559 
3 5560 5557 5556 
3 5561 5557 5560 
3 5561 5558 5557 
3 5562 5286 5287 
3 5562 5559 5286 
3 5563 5559 5562 
3 5563 5560 5559 
3 5564 5560 5563 
3 5564 5561 5560 
3 5565 5287 5288 
3 5565 5562 5287 
3 5566 5562 5565 
3 5566 5563 5562 
3 5567 5563 5566 
3 5567 5564 5563 
3 5568 5288 5289 
3 5568 5565 5288 
3 5569 5565 5568 
3 5569 5566 5565 
3 5570 5566 5569 
3 5570 5567 5566 
3 5571 5289 5290 
3 5571 5568 5289 
3 5572 5290 5291 
3 5572 5571 5290 
3 5573 5291 5292 
3 5573 5572 5291 
3 5574 5292 5293 
3 5574 5573 5292 
3 5575 5568 5571 
3 5575 5569 5568 
3 5576 5571 5572 
3 5576 5575 5571 
3 5577 5572 5573 
3 5577 5576 5572 
3 5578 5573 5574 
3 5578 5577 5573 
3 5579 5293 5294 
3 5579 5574 5293 
3 5580 5574 5579 
3 5580 5578 5574 
3 5581 5294 5295 
3 5581 5579 5294 
3 5582 5295 5296 
3 5582 5581 5295 
3 5583 5569 5575 
3 5583 5570 5569 
3 5584 5575 5576 
3 5584 5583 5575 
3 5585 5576 5577 
3 5585 5584 5576 
3 5586 5577 5578 
3 5586 5585 5577 
3 5587 5578 5580 
3 5587 5586 5578 
3 5588 5579 5581 
3 5588 5580 5579 
3 5589 5580 5588 
3 5589 5587 5580 
3 5590 5448 5450 
3 5591 5448 5590 
3 5591 5447 5448 
3 5592 5447 5591 
3 5592 5446 5447 
3 5593 5592 5591 
3 5594 5593 5591 
3 5595 5591 5590 
3 5595 5594 5591 
3 5596 5581 5582 
3 5596 5588 5581 
3 5597 5588 5596 
3 5597 5589 5588 
3 5598 5037 5540 
3 5598 5036 5037 
3 5254 5253 5020 
3 5599 5254 5023 
3 5600 5023 5255 
3 5600 5599 5023 
3 5601 5255 5257 
3 5601 5600 5255 
3 5602 5599 5600 
3 5603 5600 5601 
3 5603 5602 5600 
3 5604 5257 5259 
3 5604 5601 5257 
3 5605 5601 5604 
3 5605 5603 5601 
3 5606 5446 5592 
3 5606 5445 5446 
3 5607 5592 5593 
3 5607 5606 5592 
3 5608 5593 5594 
3 5608 5607 5593 
3 5609 5606 5607 
3 5610 5607 5608 
3 5610 5609 5607 
3 5611 5608 5594 
3 5612 5608 5611 
3 5612 5610 5608 
3 5613 5594 5595 
3 5613 5611 5594 
3 5614 5602 5603 
3 5615 5603 5605 
3 5615 5614 5603 
3 5616 5259 5260 
3 5617 5259 5616 
3 5617 5604 5259 
3 5618 5604 5617 
3 5618 5605 5604 
3 5619 5605 5618 
3 5619 5615 5605 
3 5620 5036 5598 
3 5620 5035 5036 
3 5621 5614 5615 
3 5622 5615 5619 
3 5622 5621 5615 
3 5623 5611 5613 
3 5624 5611 5623 
3 5624 5612 5611 
3 5625 5624 5623 
3 5626 5624 5625 
3 5627 5626 5625 
3 5628 5626 5627 
3 5629 5628 5627 
3 5630 5628 5629 
3 5631 5630 5629 
3 5632 5630 5631 
3 5633 5630 5632 
3 5634 5633 5632 
3 5635 5633 5634 
3 5636 5635 5634 
3 5637 5635 5636 
3 5638 5637 5636 
3 5639 5637 5638 
3 5640 5639 5638 
3 5641 5639 5640 
3 5642 5641 5640 
3 5643 5641 5642 
3 5644 5643 5642 
3 5645 5643 5644 
3 5646 5645 5644 
3 5647 5645 5646 
3 5648 5647 5646 
3 5649 5648 5646 
3 5650 5648 5649 
3 5651 5650 5649 
3 5652 5621 5622 
3 5653 5112 5136 
3 5653 5106 5112 
3 5653 5263 5106 
3 5654 5263 5653 
3 5655 5136 5137 
3 5655 5653 5136 
3 4974 5137 5138 
3 4974 5655 5137 
3 4973 5138 5139 
3 4973 4974 5138 
3 4971 4973 5139 
3 4970 5139 5140 
3 4970 4971 5139 
3 4969 5140 5141 
3 4969 4970 5140 
3 4967 5141 5142 
3 4967 4969 5141 
3 4965 5142 5147 
3 4965 4967 5142 
3 4963 5147 5167 
3 4963 4965 5147 
3 4961 5167 5168 
3 4961 4963 5167 
3 4959 5168 5169 
3 4959 4961 5168 
3 4956 5169 5173 
3 4956 4959 5169 
3 4954 5173 5177 
3 4954 4956 5173 
3 4957 5177 5181 
3 4957 4954 5177 
3 4952 5181 5186 
3 4952 4957 5181 
3 4951 5186 5192 
3 4951 4952 5186 
3 4950 5192 5195 
3 4950 4951 5192 
3 4949 5195 5196 
3 4949 4950 5195 
3 4948 5196 5199 
3 4948 4949 5196 
3 4947 5199 5202 
3 4947 4948 5199 
3 4946 5202 5205 
3 4946 4947 5202 
3 4945 5205 5208 
3 4945 4946 5205 
3 4944 5208 5211 
3 4944 4945 5208 
3 4943 5211 5300 
3 4943 4944 5211 
3 4942 5300 5302 
3 4942 4943 5300 
3 4941 5302 5307 
3 4941 4942 5302 
3 4940 5307 5312 
3 4940 4941 5307 
3 4939 5312 5317 
3 4939 4940 5312 
3 4937 5317 5326 
3 4937 4939 5317 
3 4935 5326 5327 
3 4935 4937 5326 
3 4933 5327 5330 
3 4933 4935 5327 
3 4931 5330 5333 
3 4931 4933 5330 
3 4929 5333 5336 
3 4929 4931 5333 
3 4927 5336 5339 
3 4927 4929 5336 
3 4925 5339 5342 
3 4925 4927 5339 
3 4923 5342 5345 
3 4923 4925 5342 
3 4921 5345 5348 
3 4921 4923 5345 
3 4920 5348 5360 
3 4920 4921 5348 
3 4918 5360 5362 
3 4918 4920 5360 
3 4917 5362 5383 
3 4917 4918 5362 
3 4916 5383 5388 
3 4916 4917 5383 
3 4915 5388 5390 
3 4915 4916 5388 
3 4914 5390 5395 
3 4914 4915 5390 
3 4913 5395 5400 
3 4913 4914 5395 
3 4912 5400 5404 
3 4912 4913 5400 
3 4911 5404 5409 
3 4911 4912 5404 
3 4910 5409 5412 
3 4910 4911 5409 
3 4909 5412 5414 
3 4909 4910 5412 
3 4908 5414 5417 
3 4908 4909 5414 
3 4906 5417 5420 
3 4906 4908 5417 
3 4904 5420 5423 
3 4904 4906 5420 
3 4902 5423 5426 
3 4902 4904 5423 
3 4900 5426 5429 
3 4900 4902 5426 
3 4898 5429 5432 
3 4898 4900 5429 
3 4896 5432 5435 
3 4896 4898 5432 
3 4894 5435 5438 
3 4894 4896 5435 
3 4891 5438 5441 
3 4891 4894 5438 
3 4889 5441 5442 
3 4889 4891 5441 
3 4892 5442 5445 
3 4892 4889 5442 
3 4887 5445 5606 
3 4887 4892 5445 
3 4886 5606 5609 
3 4886 4887 5606 
3 4498 4886 5609 
3 4503 5609 5610 
3 4503 4498 5609 
3 4501 5610 5612 
3 4501 4503 5610 
3 4499 5612 5624 
3 4499 4501 5612 
3 4504 5624 5626 
3 4504 4499 5624 
3 4513 5626 5628 
3 4513 4504 5626 
3 4510 5628 5630 
3 4510 4513 5628 
3 4697 5258 5034 
3 4698 5034 5035 
3 4698 4697 5034 
3 4885 5047 5046 
3 4885 5050 5047 
3 4684 5050 4885 
3 4684 5053 5050 
3 4593 5053 4684 
3 4593 5060 5053 
3 4591 5060 4593 
3 4591 5073 5060 
3 4590 5073 4591 
3 4590 5082 5073 
3 4699 5035 5620 
3 4699 4698 5035 
3 4589 5082 4590 
3 4589 5247 5082 
3 4884 5046 5042 
3 4884 4885 5046 
3 4883 5042 5041 
3 4883 4884 5042 
3 4882 5041 5157 
3 4882 4883 5041 
3 4881 5157 5253 
3 4881 4882 5157 
3 5015 5263 5654 
3 5011 5263 5015 
3 5011 5262 5263 
3 5008 5262 5011 
3 5008 5261 5262 
3 5010 5261 5008 
3 5010 5252 5261 
3 5004 5252 5010 
3 5004 5251 5252 
3 5006 5251 5004 
3 5006 5250 5251 
3 5001 5250 5006 
3 5001 5249 5250 
3 4998 5249 5001 
3 4998 5248 5249 
3 5000 5248 4998 
3 5000 5160 5248 
3 4994 5160 5000 
3 4994 5159 5160 
3 4996 5159 4994 
3 4996 5158 5159 
3 4991 5158 4996 
3 4991 5156 5158 
3 4988 5156 4991 
3 4988 5155 5156 
3 4990 5155 4988 
3 4990 5154 5155 
3 4984 5154 4990 
3 4984 5152 5154 
3 4986 5152 4984 
3 4986 5153 5152 
3 4981 5153 4986 
3 4981 5540 5153 
3 4880 5253 5254 
3 4880 4881 5253 
3 4875 5254 5599 
3 4875 4880 5254 
3 4876 5599 5602 
3 4876 4875 5599 
3 4877 5602 5614 
3 4877 4876 5602 
3 4680 5646 5644 
3 4681 5646 4680 
3 4681 5649 5646 
3 4588 5247 4589 
3 4588 5296 5247 
3 4508 5630 5633 
3 4508 4510 5630 
3 4521 5633 5635 
3 4521 4508 5633 
3 4979 5540 4981 
3 4979 5598 5540 
3 4587 5296 4588 
3 4587 5582 5296 
3 4586 5582 4587 
3 4586 5596 5582 
3 4518 5635 5637 
3 4518 4521 5635 
3 4584 5596 4586 
3 4584 5597 5596 
3 4594 5644 5642 
3 4594 4680 5644 
3 4596 5642 5640 
3 4596 4594 5642 
3 4597 5640 5638 
3 4597 4596 5640 
3 4598 5638 5636 
3 4598 4597 5638 
3 4599 5636 5634 
3 4599 4598 5636 
3 4600 5634 5632 
3 4600 4599 5634 
3 4601 5632 5631 
3 4601 4600 5632 
3 4602 5631 5629 
3 4602 4601 5631 
3 4603 5629 5627 
3 4603 4602 5629 
3 4604 5627 5625 
3 4604 4603 5627 
3 4605 5625 5623 
3 4605 4604 5625 
3 4606 5623 5613 
3 4606 4605 5623 
3 4607 5613 5595 
3 4607 4606 5613 
3 4608 5595 5590 
3 4608 4607 5595 
3 4609 5590 5450 
3 4609 4608 5590 
3 4610 5450 5449 
3 4610 4609 5450 
3 4611 5449 5454 
3 4611 4610 5449 
3 4612 5454 5455 
3 4612 4611 5454 
3 4613 5455 5456 
3 4613 4612 5455 
3 4614 5456 5457 
3 4614 4613 5456 
3 4615 5457 5458 
3 4615 4614 5457 
3 4616 5458 5459 
3 4616 4615 5458 
3 4617 5459 5460 
3 4617 4616 5459 
3 4618 5460 5461 
3 4618 4617 5460 
3 4619 5461 5462 
3 4619 4618 5461 
3 4620 5462 5463 
3 4620 4619 5462 
3 4621 5463 5464 
3 4621 4620 5463 
3 4622 5464 5465 
3 4622 4621 5464 
3 4623 5465 5466 
3 4623 4622 5465 
3 4624 5466 5467 
3 4624 4623 5466 
3 4625 5467 5468 
3 4625 4624 5467 
3 4626 5468 5488 
3 4626 4625 5468 
3 4627 5488 5489 
3 4627 4626 5488 
3 4628 5489 5490 
3 4628 4627 5489 
3 4629 5490 5491 
3 4629 4628 5490 
3 4630 5491 5492 
3 4630 4629 5491 
3 4631 5492 5493 
3 4631 4630 5492 
3 4632 5493 5494 
3 4632 4631 5493 
3 4633 5494 5495 
3 4633 4632 5494 
3 4634 5495 5496 
3 4634 4633 5495 
3 4635 5496 5497 
3 4635 4634 5496 
3 4636 5497 5498 
3 4636 4635 5497 
3 4637 5498 5499 
3 4637 4636 5498 
3 4638 5499 5500 
3 4638 4637 5499 
3 4639 5500 5501 
3 4639 4638 5500 
3 4640 5501 5503 
3 4640 4639 5501 
3 4641 5503 5505 
3 4641 4640 5503 
3 4642 5505 5507 
3 4642 4641 5505 
3 4643 5507 5509 
3 4643 4642 5507 
3 4644 5509 5511 
3 4644 4643 5509 
3 4645 5511 5513 
3 4645 4644 5511 
3 4646 5513 5515 
3 4646 4645 5513 
3 4647 5515 5518 
3 4647 4646 5515 
3 4648 5518 5519 
3 4648 4647 5518 
3 4649 5519 5521 
3 4649 4648 5519 
3 4650 5521 5523 
3 4650 4649 5521 
3 4651 5523 5525 
3 4651 4650 5523 
3 4652 5525 5527 
3 4652 4651 5525 
3 4653 5527 5529 
3 4653 4652 5527 
3 4654 5529 5531 
3 4654 4653 5529 
3 4655 5531 5533 
3 4655 4654 5531 
3 4656 5533 5535 
3 4656 4655 5533 
3 4657 5535 5537 
3 4657 4656 5535 
3 4658 5537 5539 
3 4658 4657 5537 
3 4659 5539 5546 
3 4659 4658 5539 
3 4660 5546 5547 
3 4660 4659 5546 
3 4661 5547 5548 
3 4661 4660 5547 
3 4662 5548 5549 
3 4662 4661 5548 
3 4663 5549 5552 
3 4663 4662 5549 
3 4664 5552 5555 
3 4664 4663 5552 
3 4665 5555 5558 
3 4665 4664 5555 
3 4666 5558 5561 
3 4666 4665 5558 
3 4667 5561 5564 
3 4667 4666 5561 
3 4668 5564 5567 
3 4668 4667 5564 
3 4669 5567 5570 
3 4669 4668 5567 
3 4670 5570 5583 
3 4670 4669 5570 
3 4671 5583 5584 
3 4671 4670 5583 
3 4672 5584 5585 
3 4672 4671 5584 
3 4673 5585 5586 
3 4673 4672 5585 
3 4674 5586 5587 
3 4674 4673 5586 
3 4675 5587 5589 
3 4675 4674 5587 
3 4676 5589 5597 
3 4676 4675 5589 
3 4977 5598 4979 
3 4977 5620 5598 
3 4516 5637 5639 
3 4516 4518 5637 
3 4585 5597 4584 
3 4585 4676 5597 
3 4533 5639 5641 
3 4533 4516 5639 
3 4535 5641 5643 
3 4535 4533 5641 
3 4528 5643 5645 
3 4528 4535 5643 
3 4526 5645 5647 
3 4526 4528 5645 
3 4878 5614 5621 
3 4878 4877 5614 
3 4682 5649 4681 
3 4682 5651 5649 
3 4523 5647 5648 
3 4523 4526 5647 
3 2903 5648 5650 
3 2903 4523 5648 
3 4879 5621 5652 
3 4879 4878 5621 
3 4693 5258 4697 
3 4693 5260 5258 
3 4692 5260 4693 
3 4692 5616 5260 
3 4694 5616 4692 
3 4694 5617 5616 
3 4700 5617 4694 
3 4700 5618 5617 
3 3862 5618 4700 
3 3862 5619 5618 
3 3863 5619 3862 
3 3863 5622 5619 
3 4211 5620 4977 
3 4211 4699 5620 
3 2904 2903 5650 
3 3242 5650 5651 
3 3242 2904 5650 
3 2816 5651 4682 
3 2816 3242 5651 
3 3864 5622 3863 
3 3864 5652 5622 
3 4497 5652 3864 
3 4497 4879 5652 
3 5014 5015 5654 
3 5655 5654 5653 
3 5655 5014 5654 
3 4974 5014 5655 
3 2081 2759 2079 
3 2084 2083 5656 
3 2084 5656 2819 
3 2083 2102 5656 
3 2819 5656 5657 
3 2819 5657 2820 
3 2759 2756 5658 
3 2759 5658 2079 
3 2080 2079 5659 
3 2080 5659 2107 
3 2107 5659 2104 
3 2820 5657 5660 
3 2820 5660 2758 
3 2758 5660 2756 
3 2756 5660 5658 
3 2079 5658 5659 
3 5656 2102 5657 
3 2102 2104 5661 
3 2102 5661 5657 
3 2104 5659 5661 
3 5657 5661 5660 
3 5658 5660 5661 
3 5658 5661 5659 
3 2107 2104 2105 
3 5653 5662 5655 
3 5662 4974 5655 
3 5662 5653 5655 
3 5655 4974 5662 
3 2089 2090 2804 
3 2819 2809 2084 
3 2084 2809 2082 
3 2082 2809 5663 
3 2082 5663 2098 
3 2809 2808 5663 
3 2098 5663 5664 
3 2098 5664 2096 
3 2096 5664 5665 
3 2096 5665 2094 
3 2094 5665 5666 
3 2094 5666 2092 
3 2092 5666 5667 
3 2092 5667 2090 
3 2090 5667 2804 
3 2804 5667 2803 
3 5667 5666 2803 
3 2803 5666 2807 
3 5666 5665 2807 
3 2807 5665 2808 
3 2808 5665 5664 
3 2808 5664 5663 
3 4402 2398 2311 
3 5668 4404 4402 
3 2313 5668 2311 
3 2818 2817 5668 
3 2412 2818 2313 
3 5668 2313 2818 
3 4404 5668 2817 
3 2311 5668 4402 
3 5669 5670 5671 
3 2112 5671 5672 
3 5670 5673 5671 
3 5674 5673 5670 
3 5675 5670 5669 
3 5676 5677 5678 
3 5675 5676 5679 
3 5680 5681 5677 
3 5682 5680 5676 
3 5675 5682 5676 
3 5676 5680 5677 
3 5674 5675 5679 
3 5679 5676 5678 
3 5682 5675 5669 
3 5675 5674 5670 
3 5672 5671 5673 
3 5672 2831 2830 
3 5672 2830 2112 
3 3198 5683 3199 
3 5684 5685 5686 
3 5687 5686 5688 
3 5687 5688 5689 
3 5686 5685 5688 
3 5685 3200 5688 
3 5688 3200 5690 
3 5688 5690 5689 
3 5689 5690 5683 
3 5690 3200 3199 
3 5690 3199 5683 
3 5678 5687 5679 
3 2831 5672 3195 
3 5687 5689 5691 
3 5687 5691 5679 
3 5679 5691 5674 
3 3195 5672 5692 
3 3195 5692 3198 
3 3198 5692 5683 
3 5672 5673 5692 
3 5689 5683 5693 
3 5689 5693 5691 
3 5683 5692 5693 
3 5692 5673 5693 
3 5693 5673 5674 
3 5693 5674 5691 
3 2112 2110 5671 
3 2110 2109 5694 
3 2110 5694 5671 
3 5671 5694 5695 
3 5671 5695 5669 
3 5669 5695 5696 
3 5669 5696 5682 
3 2109 2105 5697 
3 2109 5697 5694 
3 2105 2103 5698 
3 2105 5698 5697 
3 2103 2101 5699 
3 2103 5699 5698 
3 2101 2100 5700 
3 2101 5700 5699 
3 2100 2099 5701 
3 2100 5701 5700 
3 2099 2097 5702 
3 2099 5702 5701 
3 2097 2095 5703 
3 2097 5703 5702 
3 2095 2093 5704 
3 2095 5704 5703 
3 2093 2091 5705 
3 2093 5705 5704 
3 2091 5706 5705 
3 5682 5696 5707 
3 5682 5707 5680 
3 5680 5707 5708 
3 5680 5708 5681 
3 5681 5708 5709 
3 5709 5708 5710 
3 5709 5710 5711 
3 5711 5710 5712 
3 5711 5712 5713 
3 5713 5712 5714 
3 5713 5714 5715 
3 5715 5714 5716 
3 5715 5716 5717 
3 5717 5716 5718 
3 5717 5718 5719 
3 5719 5718 5720 
3 5706 5721 5722 
3 5706 5722 5705 
3 5721 5723 5724 
3 5721 5724 5722 
3 5723 5725 5724 
3 5725 5726 5727 
3 5725 5727 5724 
3 5726 5728 5727 
3 5728 5729 5730 
3 5728 5730 5727 
3 5729 5731 5732 
3 5729 5732 5730 
3 5731 5733 5734 
3 5731 5734 5732 
3 5733 5735 5736 
3 5733 5736 5734 
3 5735 5737 5738 
3 5735 5738 5736 
3 5737 5739 5740 
3 5737 5740 5738 
3 5739 5741 5740 
3 5741 5720 5742 
3 5720 5718 5742 
3 5741 5742 5740 
3 5694 5697 5743 
3 5694 5743 5695 
3 5695 5743 5696 
3 5697 5698 5744 
3 5697 5744 5743 
3 5698 5699 5745 
3 5698 5745 5744 
3 5699 5700 5746 
3 5699 5746 5745 
3 5700 5701 5747 
3 5700 5747 5746 
3 5701 5702 5748 
3 5701 5748 5747 
3 5702 5703 5749 
3 5702 5749 5748 
3 5703 5704 5750 
3 5703 5750 5749 
3 5704 5705 5751 
3 5704 5751 5750 
3 5705 5722 5751 
3 5696 5743 5752 
3 5696 5752 5707 
3 5743 5744 5752 
3 5707 5752 5753 
3 5707 5753 5708 
3 5708 5753 5710 
3 5744 5745 5754 
3 5744 5754 5752 
3 5752 5754 5753 
3 5745 5746 5755 
3 5745 5755 5754 
3 5746 5747 5756 
3 5746 5756 5755 
3 5747 5748 5757 
3 5747 5757 5756 
3 5748 5749 5758 
3 5748 5758 5757 
3 5749 5750 5759 
3 5749 5759 5758 
3 5750 5751 5760 
3 5750 5760 5759 
3 5751 5722 5761 
3 5751 5761 5760 
3 5722 5724 5761 
3 5724 5727 5761 
3 5727 5730 5761 
3 5761 5730 5762 
3 5761 5762 5760 
3 5730 5732 5762 
3 5760 5762 5763 
3 5760 5763 5759 
3 5762 5732 5764 
3 5762 5764 5763 
3 5732 5734 5764 
3 5759 5763 5765 
3 5759 5765 5758 
3 5763 5764 5766 
3 5763 5766 5765 
3 5764 5734 5767 
3 5764 5767 5766 
3 5734 5736 5767 
3 5758 5765 5768 
3 5758 5768 5757 
3 5765 5766 5769 
3 5765 5769 5768 
3 5766 5767 5770 
3 5766 5770 5769 
3 5767 5736 5771 
3 5736 5738 5771 
3 5767 5771 5770 
3 5738 5740 5772 
3 5738 5772 5771 
3 5740 5742 5772 
3 5771 5772 5773 
3 5771 5773 5770 
3 5757 5768 5774 
3 5757 5774 5756 
3 5768 5769 5775 
3 5768 5775 5774 
3 5769 5770 5776 
3 5769 5776 5775 
3 5770 5773 5776 
3 5756 5774 5777 
3 5756 5777 5755 
3 5774 5775 5778 
3 5774 5778 5777 
3 5775 5776 5779 
3 5775 5779 5778 
3 5776 5773 5780 
3 5776 5780 5779 
3 5755 5777 5781 
3 5755 5781 5754 
3 5754 5781 5782 
3 5753 5754 5782 
3 5753 5782 5710 
3 5710 5782 5783 
3 5710 5783 5712 
3 5712 5783 5784 
3 5712 5784 5714 
3 5714 5784 5785 
3 5714 5785 5716 
3 5716 5785 5786 
3 5716 5786 5718 
3 5718 5786 5742 
3 5742 5786 5772 
3 5772 5786 5773 
3 5773 5786 5780 
3 5786 5785 5780 
3 5780 5785 5787 
3 5780 5787 5779 
3 5785 5784 5787 
3 5779 5787 5778 
3 5784 5783 5788 
3 5784 5788 5787 
3 5783 5782 5788 
3 5787 5788 5778 
3 5782 5781 5788 
3 5778 5788 5781 
3 5778 5781 5777 
3 2091 2088 5706 
3 2821 5789 2106 
3 2088 2085 5790 
3 2088 5790 5706 
3 5706 5790 5721 
3 5789 5723 5791 
3 5789 5791 2106 
3 2106 5791 2085 
3 5723 5721 5791 
3 5791 5721 5790 
3 5791 5790 2085 
3 3099 3097 5792 
3 3200 5685 3197 
3 3097 3095 5793 
3 3097 5793 5792 
3 5792 5793 5794 
3 3197 5685 5795 
3 3197 5795 3196 
3 5685 5684 5795 
3 5684 5796 5795 
3 5796 5797 5798 
3 5796 5798 5795 
3 5793 3095 5799 
3 5793 5799 5794 
3 3095 3093 5799 
3 5794 5799 5800 
3 5795 5798 3196 
3 3196 5798 3194 
3 3194 5798 5801 
3 3194 5801 3193 
3 3193 5801 5802 
3 3193 5802 3192 
3 5798 5797 5801 
3 5797 5803 5801 
3 5801 5803 5802 
3 5803 5804 5802 
3 5804 5805 5806 
3 5804 5806 5802 
3 5805 5807 5808 
3 5805 5808 5806 
3 5807 5809 5810 
3 5807 5810 5808 
3 5809 5811 5812 
3 5809 5812 5810 
3 5811 5813 5814 
3 5811 5814 5812 
3 5813 5815 5816 
3 5813 5816 5814 
3 5815 5817 5818 
3 5815 5818 5816 
3 5817 5819 5820 
3 5817 5820 5818 
3 5819 5821 5822 
3 5819 5822 5820 
3 5821 5823 5824 
3 5821 5824 5822 
3 5823 5825 5826 
3 5823 5826 5824 
3 5825 5827 5828 
3 5825 5828 5826 
3 5827 5829 5830 
3 5827 5830 5828 
3 5829 5831 5832 
3 5829 5832 5830 
3 5831 5833 5834 
3 5831 5834 5832 
3 5833 5835 5836 
3 5833 5836 5834 
3 5835 5837 5838 
3 5835 5838 5836 
3 5837 5839 5840 
3 5837 5840 5838 
3 5839 5841 5842 
3 5839 5842 5840 
3 5841 5843 5844 
3 5841 5844 5842 
3 5802 5806 3192 
3 3192 5806 3191 
3 5806 5808 3191 
3 3191 5808 3190 
3 5808 5810 3190 
3 3190 5810 3189 
3 5810 5812 3189 
3 3189 5812 3047 
3 5812 5814 3047 
3 3047 5814 3046 
3 5814 5816 3046 
3 3046 5816 3045 
3 5816 5818 3045 
3 3045 5818 3044 
3 5818 5820 3044 
3 3044 5820 3043 
3 5820 5822 3043 
3 3043 5822 3042 
3 5822 5824 3042 
3 3042 5824 3041 
3 5824 5826 3041 
3 3041 5826 3040 
3 5826 5828 3040 
3 3040 5828 3039 
3 5828 5830 3039 
3 3039 5830 3037 
3 5830 5832 3037 
3 3037 5832 3048 
3 5832 5834 3048 
3 3048 5834 3050 
3 5834 5836 3050 
3 3050 5836 3052 
3 5836 5838 3052 
3 3052 5838 3059 
3 5838 5840 3059 
3 3059 5840 3061 
3 5840 5842 3061 
3 3061 5842 3063 
3 5842 5844 3063 
3 3063 5844 3065 
3 3065 5844 5845 
3 3065 5845 3067 
3 3067 5845 5846 
3 3067 5846 3069 
3 3069 5846 5847 
3 3069 5847 3071 
3 3071 5847 5848 
3 3071 5848 3073 
3 5799 3093 5849 
3 5799 5849 5800 
3 3093 3091 5849 
3 5800 5849 5850 
3 5850 5849 5851 
3 5850 5851 5852 
3 5849 3091 5851 
3 3091 3089 5851 
3 5851 3089 5853 
3 5851 5853 5852 
3 3089 3087 5853 
3 5852 5853 5854 
3 3073 5848 5855 
3 3073 5855 3075 
3 5844 5843 5845 
3 5843 5856 5845 
3 3075 5855 5857 
3 3075 5857 3077 
3 3077 5857 5858 
3 3077 5858 3080 
3 3080 5858 5859 
3 3080 5859 3081 
3 5845 5856 5846 
3 5856 5860 5846 
3 5846 5860 5847 
3 5860 5861 5847 
3 5847 5861 5848 
3 5861 5862 5848 
3 5848 5862 5855 
3 5862 5863 5855 
3 5855 5863 5857 
3 5863 5864 5857 
3 5857 5864 5858 
3 5864 5865 5858 
3 5858 5865 5859 
3 5865 5866 5859 
3 5859 5866 5867 
3 5859 5867 3081 
3 5866 5868 5867 
3 3081 5867 3083 
3 5867 5868 5869 
3 5867 5869 3083 
3 5868 5870 5869 
3 3083 5869 3085 
3 5869 5870 3085 
3 3085 5870 5871 
3 3085 5871 3087 
3 5870 5854 5871 
3 5853 3087 5871 
3 5853 5871 5854 
3 3729 5872 3735 
3 5873 2823 5874 
3 2823 2824 5874 
3 5874 2824 5875 
3 2824 2306 5875 
3 5875 2306 5876 
3 2306 2299 5876 
3 5876 2299 5877 
3 2299 2294 5877 
3 5877 2294 5878 
3 2294 2292 5878 
3 5878 2292 5879 
3 2292 2231 5879 
3 5879 2231 5880 
3 2231 2229 5880 
3 5880 2229 5881 
3 2229 2227 5881 
3 5881 2227 5882 
3 2227 2225 5882 
3 5882 2225 5883 
3 2225 2222 5883 
3 5883 2222 5884 
3 2222 2220 5884 
3 5884 2220 5885 
3 2220 2218 5885 
3 5885 2218 5886 
3 2218 2216 5886 
3 5886 2216 5887 
3 2216 2214 5887 
3 5887 2214 5888 
3 2214 2211 5888 
3 5888 2211 5889 
3 2211 2208 5889 
3 5889 2208 5890 
3 2208 2205 5890 
3 5890 2205 5891 
3 2205 2203 5891 
3 5891 2203 5892 
3 2203 2201 5892 
3 5892 2201 5893 
3 2201 2199 5893 
3 5893 2199 5894 
3 2199 2197 5894 
3 5894 2197 5895 
3 2197 2195 5895 
3 5895 2195 5896 
3 2195 2193 5896 
3 5896 2193 5897 
3 2193 2191 5897 
3 5897 2191 5898 
3 2191 2189 5898 
3 5898 2189 5899 
3 2189 2187 5899 
3 5899 2187 5900 
3 2187 2185 5900 
3 5900 2185 5901 
3 2185 2183 5901 
3 5901 2183 5902 
3 2183 2181 5902 
3 5902 2181 5903 
3 2181 2179 5903 
3 5903 2179 5904 
3 2179 2177 5904 
3 5904 2177 5905 
3 2177 2175 5905 
3 5905 2175 5906 
3 2175 2173 5906 
3 5906 2173 5907 
3 2173 2171 5907 
3 5907 2171 5908 
3 2171 2169 5908 
3 5908 2169 5909 
3 2169 2167 5909 
3 5909 2167 5910 
3 2167 2165 5910 
3 5910 2165 5911 
3 2165 2163 5911 
3 5911 2163 5912 
3 2163 2161 5912 
3 5912 2161 5913 
3 2161 2159 5913 
3 5913 2159 5914 
3 2159 2157 5914 
3 5914 2157 5915 
3 2157 2155 5915 
3 5915 2155 5916 
3 2155 2153 5916 
3 5916 2153 5917 
3 2153 2151 5917 
3 5917 2151 5918 
3 2151 2149 5918 
3 5918 2149 5919 
3 2149 2147 5919 
3 5919 2147 5920 
3 2147 2145 5920 
3 5920 2145 5921 
3 2145 2143 5921 
3 5921 2143 5922 
3 2143 2141 5922 
3 5922 2141 5923 
3 2141 2139 5923 
3 5923 2139 5924 
3 5924 2139 5925 
3 2139 2137 5925 
3 5925 2137 5926 
3 2137 2135 5926 
3 5926 2135 5927 
3 2135 2133 5927 
3 5927 2133 5928 
3 2133 2131 5928 
3 5928 2131 5929 
3 2131 2129 5929 
3 5929 2129 5930 
3 2129 2127 5930 
3 5930 2127 5931 
3 2127 2125 5931 
3 5931 2125 5932 
3 2125 2123 5932 
3 5932 2123 5933 
3 2123 2121 5933 
3 5933 2121 5934 
3 2121 2119 5934 
3 5934 2119 5935 
3 2119 2117 5935 
3 5935 2117 5936 
3 5935 5936 5937 
3 2117 2114 5936 
3 5937 5936 5938 
3 5937 5938 5939 
3 3735 5872 5940 
3 3735 5940 3736 
3 5872 5941 5940 
3 5939 5938 5942 
3 5939 5942 5943 
3 3736 5940 5944 
3 3736 5944 3737 
3 3737 5944 5945 
3 3737 5945 3749 
3 3749 5945 5946 
3 3749 5946 3750 
3 3750 5946 5947 
3 3750 5947 3751 
3 3751 5947 5948 
3 3751 5948 3752 
3 3752 5948 5949 
3 3752 5949 3753 
3 3753 5949 5950 
3 3753 5950 3754 
3 3754 5950 5951 
3 3754 5951 3755 
3 3755 5951 5952 
3 3755 5952 3756 
3 3756 5952 5953 
3 3756 5953 3757 
3 5943 5942 5954 
3 5943 5954 5955 
3 5936 2114 5938 
3 2114 2242 5938 
3 5938 2242 5942 
3 2242 3769 5942 
3 5942 3769 5954 
3 3769 3767 5954 
3 5954 3767 5955 
3 5955 3767 5956 
3 3767 3759 5956 
3 5956 3759 5957 
3 3759 3758 5957 
3 5957 3758 5958 
3 3758 3757 5958 
3 3757 5953 5958 
3 5958 5953 5959 
3 5959 5953 5960 
3 5953 5952 5960 
3 5960 5952 5961 
3 5952 5951 5961 
3 5951 5950 5961 
3 5961 5950 5962 
3 5950 5949 5962 
3 5962 5949 5963 
3 5949 5948 5963 
3 5963 5948 5964 
3 5948 5947 5964 
3 5964 5947 5965 
3 5947 5946 5965 
3 5965 5946 5966 
3 5946 5945 5966 
3 5966 5945 5967 
3 5945 5944 5967 
3 5941 5967 5944 
3 5941 5944 5940 
3 3729 3730 5872 
3 5684 5968 5796 
3 5969 5970 5971 
3 5969 5971 5972 
3 5972 5971 5973 
3 5972 5973 5974 
3 3730 3731 5975 
3 3730 5975 5872 
3 5872 5975 5976 
3 5872 5976 5941 
3 3731 3766 5977 
3 3731 5977 5975 
3 3766 3201 5978 
3 3766 5978 5977 
3 3201 3186 5978 
3 5974 5973 5979 
3 5974 5979 5980 
3 5980 5979 5981 
3 5980 5981 5982 
3 5982 5981 5983 
3 5982 5983 5984 
3 5984 5983 5985 
3 5984 5985 5986 
3 5986 5985 5987 
3 5986 5987 5988 
3 5988 5987 5989 
3 5988 5989 5990 
3 5990 5989 5991 
3 5990 5991 5992 
3 5992 5991 5993 
3 5992 5993 5994 
3 5994 5993 5995 
3 5994 5995 5996 
3 5996 5995 5997 
3 5996 5997 5968 
3 5968 5997 5796 
3 5796 5997 5998 
3 5796 5998 5797 
3 5797 5998 5999 
3 5797 5999 5803 
3 5803 5999 6000 
3 5803 6000 5804 
3 5804 6000 6001 
3 5804 6001 5805 
3 5805 6001 6002 
3 5805 6002 5807 
3 5807 6002 6003 
3 5807 6003 5809 
3 5809 6003 6004 
3 5809 6004 5811 
3 5811 6004 6005 
3 5811 6005 5813 
3 5813 6005 6006 
3 5813 6006 5815 
3 5815 6006 6007 
3 5815 6007 5817 
3 5817 6007 6008 
3 5817 6008 5819 
3 5819 6008 6009 
3 5819 6009 5821 
3 5821 6009 6010 
3 5821 6010 5823 
3 5823 6010 6011 
3 5823 6011 5825 
3 5825 6011 6012 
3 5825 6012 5827 
3 5827 6012 6013 
3 5827 6013 5829 
3 5829 6013 6014 
3 5829 6014 5831 
3 5831 6014 6015 
3 5831 6015 5833 
3 5833 6015 6016 
3 5833 6016 5835 
3 5835 6016 6017 
3 5835 6017 5837 
3 5837 6017 6018 
3 5837 6018 5839 
3 5941 5976 6019 
3 5941 6019 5967 
3 5839 6018 6020 
3 5839 6020 5841 
3 5841 6020 6021 
3 5841 6021 5843 
3 5843 6021 6022 
3 5843 6022 5856 
3 5856 6022 6023 
3 5856 6023 5860 
3 5860 6023 6024 
3 5860 6024 5861 
3 5967 6019 6025 
3 5967 6025 5966 
3 5966 6025 6026 
3 5966 6026 5965 
3 5965 6026 6027 
3 5965 6027 5964 
3 5964 6027 6028 
3 5964 6028 5963 
3 5963 6028 6029 
3 5963 6029 5962 
3 5962 6029 6030 
3 5962 6030 5961 
3 5961 6030 6031 
3 5961 6031 5960 
3 5960 6031 6032 
3 5960 6032 5959 
3 5959 6032 6033 
3 5959 6033 5958 
3 5958 6033 6034 
3 5958 6034 5957 
3 6035 6036 6037 
3 6035 6037 6038 
3 6038 6037 6039 
3 6038 6039 6040 
3 6040 6039 6041 
3 6040 6041 6042 
3 6042 6041 6043 
3 6042 6043 6044 
3 6044 6043 6045 
3 6044 6045 6046 
3 6046 6045 6047 
3 6046 6047 6048 
3 6036 6049 6050 
3 6036 6050 6037 
3 6049 6051 6052 
3 6049 6052 6050 
3 6051 6053 6054 
3 6051 6054 6052 
3 6053 6055 6056 
3 6053 6056 6054 
3 6055 6057 6058 
3 6055 6058 6056 
3 6057 6059 6060 
3 6057 6060 6058 
3 6059 6061 6062 
3 6059 6062 6060 
3 6061 6063 6064 
3 6061 6064 6062 
3 6063 6065 6066 
3 6063 6066 6064 
3 6065 6067 6068 
3 6065 6068 6066 
3 6067 6069 6070 
3 6067 6070 6068 
3 6069 6071 6072 
3 6069 6072 6070 
3 6071 6073 6074 
3 6071 6074 6072 
3 6073 6075 6076 
3 6073 6076 6074 
3 6075 6077 6078 
3 6075 6078 6076 
3 6077 6079 6080 
3 6077 6080 6078 
3 6079 6081 6082 
3 6079 6082 6080 
3 6048 6047 6083 
3 6048 6083 6084 
3 5861 6024 6085 
3 5861 6085 5862 
3 5862 6085 6086 
3 5862 6086 5863 
3 5863 6086 6087 
3 5863 6087 5864 
3 5864 6087 6088 
3 5864 6088 5865 
3 5865 6088 6089 
3 5865 6089 5866 
3 3186 3183 6090 
3 3186 6090 5978 
3 3183 3180 6091 
3 3183 6091 6090 
3 3180 3177 6092 
3 3180 6092 6091 
3 3177 3174 6093 
3 3177 6093 6092 
3 3174 3171 6094 
3 3174 6094 6093 
3 3171 3168 6095 
3 3171 6095 6094 
3 3168 3165 6096 
3 3168 6096 6095 
3 3165 3162 6097 
3 3165 6097 6096 
3 3162 3159 6098 
3 3162 6098 6097 
3 3159 3156 6099 
3 3159 6099 6098 
3 3156 3153 6100 
3 3156 6100 6099 
3 3153 3150 6101 
3 3153 6101 6100 
3 3150 3147 6102 
3 3150 6102 6101 
3 3147 3145 6103 
3 3147 6103 6102 
3 3145 3143 6104 
3 3145 6104 6103 
3 3143 3141 6105 
3 3143 6105 6104 
3 3141 3139 6106 
3 3141 6106 6105 
3 3139 3137 6107 
3 3139 6107 6106 
3 3137 3135 6108 
3 3137 6108 6107 
3 3135 3133 6109 
3 3135 6109 6108 
3 3133 3131 6110 
3 3133 6110 6109 
3 3131 3129 6111 
3 3131 6111 6110 
3 3129 3127 6112 
3 3129 6112 6111 
3 3127 3125 6113 
3 3127 6113 6112 
3 3125 3123 6114 
3 3125 6114 6113 
3 3123 3121 6115 
3 3123 6115 6114 
3 3121 3119 6116 
3 3121 6116 6115 
3 3119 3117 6117 
3 3119 6117 6116 
3 3117 3115 6118 
3 3117 6118 6117 
3 3115 3113 6119 
3 3115 6119 6118 
3 3113 3111 6120 
3 3113 6120 6119 
3 3111 3109 6121 
3 3111 6121 6120 
3 3109 3107 6122 
3 3109 6122 6121 
3 3107 3105 6123 
3 3107 6123 6122 
3 3105 3103 6124 
3 3105 6124 6123 
3 3103 3101 6125 
3 3103 6125 6124 
3 3101 3099 6126 
3 3101 6126 6125 
3 3099 5792 6126 
3 6081 6127 6128 
3 6081 6128 6082 
3 6127 6129 6130 
3 6127 6130 6128 
3 6129 6131 6132 
3 6129 6132 6130 
3 6131 6133 6134 
3 6131 6134 6132 
3 6133 6135 6136 
3 6133 6136 6134 
3 6135 6137 6138 
3 6135 6138 6136 
3 6137 6139 6140 
3 6137 6140 6138 
3 5970 6141 6142 
3 5970 6142 5971 
3 6141 6143 6144 
3 6141 6144 6142 
3 6143 6084 6145 
3 6143 6145 6144 
3 6084 6083 6145 
3 5866 6089 6146 
3 5866 6146 5868 
3 5868 6146 6147 
3 5868 6147 5870 
3 5870 6147 6148 
3 5870 6148 5854 
3 5854 6148 6149 
3 5854 6149 5852 
3 5852 6149 6150 
3 5852 6150 5850 
3 5850 6150 6151 
3 5850 6151 5800 
3 5800 6151 6152 
3 5800 6152 5794 
3 5794 6152 6153 
3 5794 6153 5792 
3 5792 6153 6154 
3 5792 6154 6126 
3 6139 6155 6156 
3 6139 6156 6140 
3 6155 6157 6158 
3 6155 6158 6156 
3 6157 6159 6160 
3 6157 6160 6158 
3 6159 6161 6162 
3 6159 6162 6160 
3 6161 6163 6164 
3 6161 6164 6162 
3 6163 6165 6166 
3 6163 6166 6164 
3 6165 6167 6168 
3 6165 6168 6166 
3 6167 6169 6170 
3 6167 6170 6168 
3 6169 6171 6172 
3 6169 6172 6170 
3 6171 6173 6174 
3 6171 6174 6172 
3 6173 6175 6176 
3 6173 6176 6174 
3 6175 6177 6178 
3 6175 6178 6176 
3 6177 6179 6180 
3 6177 6180 6178 
3 6179 6181 6182 
3 6179 6182 6180 
3 6181 6183 6184 
3 6181 6184 6182 
3 6183 6185 6186 
3 6183 6186 6184 
3 6185 6187 6188 
3 6185 6188 6186 
3 6187 5924 6189 
3 6187 6189 6188 
3 5924 5925 6190 
3 5924 6190 6189 
3 5925 5926 6191 
3 5925 6191 6190 
3 5926 5927 6192 
3 5926 6192 6191 
3 5927 5928 6193 
3 5927 6193 6192 
3 5928 5929 6194 
3 5928 6194 6193 
3 5929 5930 6195 
3 5929 6195 6194 
3 5930 5931 6196 
3 5930 6196 6195 
3 5931 5932 6197 
3 5931 6197 6196 
3 5932 5933 6198 
3 5932 6198 6197 
3 5933 5934 6199 
3 5933 6199 6198 
3 5934 5935 6200 
3 5934 6200 6199 
3 5935 5937 6200 
3 5957 6034 6201 
3 5957 6201 5956 
3 5956 6201 6202 
3 5956 6202 5955 
3 5955 6202 6203 
3 5955 6203 5943 
3 5943 6203 6204 
3 5943 6204 5939 
3 5939 6204 6205 
3 5939 6205 5937 
3 5937 6205 6206 
3 5937 6206 6200 
3 6207 6208 6209 
3 6207 6209 6210 
3 6207 6210 6211 
3 6207 6211 6212 
3 6207 6212 6213 
3 6207 6213 6208 
3 6211 6210 6214 
3 6211 6214 6215 
3 6211 6215 6216 
3 6211 6216 6212 
3 6208 6213 6217 
3 6208 6217 6218 
3 6208 6218 6219 
3 6208 6219 6209 
3 5978 6090 6220 
3 5978 6220 5977 
3 6209 6219 6221 
3 5977 6220 5975 
3 6209 6221 6222 
3 6209 6222 6210 
3 5975 6220 5976 
3 6210 6222 6223 
3 5976 6220 6019 
3 6210 6223 6214 
3 6220 6090 6019 
3 6219 6218 6224 
3 6090 6091 6019 
3 6219 6224 6225 
3 6219 6225 6221 
3 6019 6091 6025 
3 6221 6225 6226 
3 6091 6092 6025 
3 6221 6226 6227 
3 6221 6227 6222 
3 6025 6092 6026 
3 6222 6227 6228 
3 6222 6228 6223 
3 6092 6093 6026 
3 6212 6216 6229 
3 6026 6093 6027 
3 6212 6229 6230 
3 6212 6230 6213 
3 6093 6094 6027 
3 6213 6230 6231 
3 6027 6094 6028 
3 6213 6231 6217 
3 6094 6095 6028 
3 6216 6215 6232 
3 6028 6095 6029 
3 6216 6232 6233 
3 6216 6233 6229 
3 6095 6096 6029 
3 6215 6214 6234 
3 6029 6096 6030 
3 6215 6234 6235 
3 6215 6235 6232 
3 6096 6097 6030 
3 6214 6223 6236 
3 6030 6097 6031 
3 6214 6236 6234 
3 6097 6098 6031 
3 6223 6228 6237 
3 6031 6098 6032 
3 6223 6237 6236 
3 6098 6099 6032 
3 6232 6235 6039 
3 6039 6235 6041 
3 6032 6099 6033 
3 6099 6100 6033 
3 6033 6100 6034 
3 6100 6101 6034 
3 6034 6101 6201 
3 6101 6102 6201 
3 6039 6037 6232 
3 6037 6050 6232 
3 6232 6050 6233 
3 6050 6052 6233 
3 6233 6052 6229 
3 6201 6102 6202 
3 6102 6103 6202 
3 6052 6054 6229 
3 6229 6054 6230 
3 6202 6103 6238 
3 6202 6238 6203 
3 6103 6104 6238 
3 6041 6235 6239 
3 6041 6239 6043 
3 6235 6234 6239 
3 6054 6056 6240 
3 6054 6240 6230 
3 6230 6240 6231 
3 5997 5995 6241 
3 5997 6241 5998 
3 5998 6241 5999 
3 6203 6238 6242 
3 6203 6242 6204 
3 6238 6104 6242 
3 6104 6105 6242 
3 6043 6239 6243 
3 6043 6243 6045 
3 6239 6234 6243 
3 6234 6236 6243 
3 5971 6142 6244 
3 5971 6244 5973 
3 5973 6244 6245 
3 5973 6245 5979 
3 6045 6243 6246 
3 6045 6246 6047 
3 6243 6236 6246 
3 6236 6237 6246 
3 5995 5993 6247 
3 5995 6247 6241 
3 6204 6242 6248 
3 6204 6248 6205 
3 6242 6105 6248 
3 6105 6106 6248 
3 5979 6245 6249 
3 5979 6249 5981 
3 6047 6246 6250 
3 6047 6250 6083 
3 6246 6237 6250 
3 5981 6249 6251 
3 5981 6251 5983 
3 5983 6251 6252 
3 5983 6252 5985 
3 5985 6252 6253 
3 5985 6253 5987 
3 5993 5991 6254 
3 5993 6254 6247 
3 6056 6058 6255 
3 6056 6255 6240 
3 6240 6255 6231 
3 5987 6253 6256 
3 5987 6256 5989 
3 5991 5989 6257 
3 5991 6257 6254 
3 5989 6256 6257 
3 6106 6107 6258 
3 6106 6258 6248 
3 6248 6258 6206 
3 6248 6206 6205 
3 6107 6108 6259 
3 6107 6259 6258 
3 6258 6259 6260 
3 6258 6260 6206 
3 6206 6260 6200 
3 6200 6260 6199 
3 6108 6109 6261 
3 6108 6261 6259 
3 6259 6261 6262 
3 6259 6262 6260 
3 6260 6262 6199 
3 6199 6262 6198 
3 6109 6110 6263 
3 6109 6263 6261 
3 6261 6263 6264 
3 6261 6264 6262 
3 6262 6264 6198 
3 6198 6264 6197 
3 6110 6111 6265 
3 6110 6265 6263 
3 6263 6265 6266 
3 6263 6266 6264 
3 6264 6266 6197 
3 6197 6266 6196 
3 6196 6266 6267 
3 6196 6267 6195 
3 6266 6265 6267 
3 6195 6267 6268 
3 6195 6268 6194 
3 6265 6111 6269 
3 6265 6269 6267 
3 6111 6112 6269 
3 6194 6268 6270 
3 6194 6270 6193 
3 6193 6270 6271 
3 6193 6271 6192 
3 6192 6271 6272 
3 6192 6272 6191 
3 6191 6272 6273 
3 6191 6273 6190 
3 6190 6273 6274 
3 6190 6274 6189 
3 6189 6274 6275 
3 6189 6275 6188 
3 6112 6113 6276 
3 6112 6276 6269 
3 6269 6276 6268 
3 6267 6269 6268 
3 6268 6276 6270 
3 6270 6276 6277 
3 6270 6277 6271 
3 6276 6113 6277 
3 6113 6114 6277 
3 6114 6115 6278 
3 6271 6277 6278 
3 6271 6278 6272 
3 6277 6114 6278 
3 6115 6116 6279 
3 6116 6117 6280 
3 6116 6280 6279 
3 6279 6280 6281 
3 6279 6281 6272 
3 6272 6281 6273 
3 6274 6281 6282 
3 6273 6281 6274 
3 6281 6280 6282 
3 6274 6282 6275 
3 6117 6118 6283 
3 6117 6283 6280 
3 6280 6283 6282 
3 6282 6283 6284 
3 6282 6284 6275 
3 6118 6119 6285 
3 6118 6285 6283 
3 6283 6285 6284 
3 6119 6120 6286 
3 6119 6286 6285 
3 6285 6286 6287 
3 6285 6287 6284 
3 6284 6287 6288 
3 6284 6288 6275 
3 6275 6288 6188 
3 6188 6288 6186 
3 6120 6121 6289 
3 6120 6289 6286 
3 6286 6289 6290 
3 6286 6290 6287 
3 6287 6290 6291 
3 6287 6291 6288 
3 6288 6291 6186 
3 6186 6291 6184 
3 6291 6290 6292 
3 6291 6292 6184 
3 6184 6292 6182 
3 6290 6289 6293 
3 6290 6293 6292 
3 6292 6293 6294 
3 6292 6294 6182 
3 6182 6294 6180 
3 6289 6121 6295 
3 6289 6295 6293 
3 6121 6122 6295 
3 6293 6295 6296 
3 6293 6296 6294 
3 6294 6296 6297 
3 6294 6297 6180 
3 6180 6297 6298 
3 6180 6298 6178 
3 6295 6122 6299 
3 6295 6299 6296 
3 6122 6123 6299 
3 6296 6299 6300 
3 6296 6300 6297 
3 6297 6300 6298 
3 6299 6123 6301 
3 6299 6301 6300 
3 6123 6124 6301 
3 6300 6301 6302 
3 6178 6298 6303 
3 6178 6303 6176 
3 6124 6125 6304 
3 6124 6304 6301 
3 6301 6304 6302 
3 6300 6302 6298 
3 6298 6302 6303 
3 6125 6126 6305 
3 6125 6305 6304 
3 6126 6154 6305 
3 6304 6305 6306 
3 6304 6306 6302 
3 6302 6306 6303 
3 6305 6154 6307 
3 6305 6307 6306 
3 6154 6153 6308 
3 6154 6308 6307 
3 6306 6307 6309 
3 6306 6309 6303 
3 6303 6309 6176 
3 6176 6309 6174 
3 6174 6309 6310 
3 6174 6310 6172 
3 6172 6310 6170 
3 6309 6307 6311 
3 6309 6311 6310 
3 6307 6308 6311 
3 6310 6311 6312 
3 6310 6312 6170 
3 6170 6312 6168 
3 6311 6308 6313 
3 6311 6313 6312 
3 6058 6060 6314 
3 6058 6314 6255 
3 6241 6247 6315 
3 6241 6315 5999 
3 5999 6315 6000 
3 6247 6254 6316 
3 6247 6316 6315 
3 6254 6257 6317 
3 6254 6317 6316 
3 6060 6062 6318 
3 6060 6318 6314 
3 6257 6256 6319 
3 6257 6319 6317 
3 6256 6253 6320 
3 6256 6320 6319 
3 6253 6252 6321 
3 6253 6321 6320 
3 6252 6251 6322 
3 6252 6322 6321 
3 6251 6249 6323 
3 6251 6323 6322 
3 6062 6064 6324 
3 6062 6324 6318 
3 6064 6066 6325 
3 6064 6325 6324 
3 6066 6068 6326 
3 6066 6326 6325 
3 6068 6070 6327 
3 6068 6327 6326 
3 6070 6072 6328 
3 6070 6328 6327 
3 6072 6074 6329 
3 6072 6329 6328 
3 6074 6076 6330 
3 6074 6330 6329 
3 6076 6078 6331 
3 6076 6331 6330 
3 6078 6080 6332 
3 6078 6332 6331 
3 6080 6082 6333 
3 6080 6333 6332 
3 6249 6245 6334 
3 6249 6334 6323 
3 6245 6244 6335 
3 6245 6335 6334 
3 6244 6142 6336 
3 6142 6144 6336 
3 6244 6336 6335 
3 6153 6152 6337 
3 6153 6337 6308 
3 6308 6337 6313 
3 6312 6313 6338 
3 6312 6338 6168 
3 6168 6338 6166 
3 6313 6337 6339 
3 6152 6151 6340 
3 6152 6339 6337 
3 6313 6339 6338 
3 6338 6339 6341 
3 6338 6341 6166 
3 6166 6341 6164 
3 6151 6150 6342 
3 6151 6342 6340 
3 6340 6342 6343 
3 6340 6343 6341 
3 6341 6343 6164 
3 6164 6343 6344 
3 6164 6344 6162 
3 6343 6342 6345 
3 6343 6345 6344 
3 6342 6150 6346 
3 6342 6346 6345 
3 6150 6149 6346 
3 6162 6344 6347 
3 6162 6347 6160 
3 6344 6345 6347 
3 6160 6347 6348 
3 6160 6348 6158 
3 6345 6346 6349 
3 6345 6349 6347 
3 6347 6349 6348 
3 6346 6149 6350 
3 6346 6350 6349 
3 6149 6148 6350 
3 6148 6147 6350 
3 6349 6350 6351 
3 6349 6351 6348 
3 6350 6147 6351 
3 6147 6146 6352 
3 6147 6352 6351 
3 6351 6352 6353 
3 6351 6353 6348 
3 6348 6353 6158 
3 6158 6353 6156 
3 6083 6250 6354 
3 6083 6354 6145 
3 6250 6237 6355 
3 6250 6355 6354 
3 6237 6228 6356 
3 6237 6356 6355 
3 6228 6227 6357 
3 6228 6357 6356 
3 6227 6226 6358 
3 6227 6358 6357 
3 6082 6128 6359 
3 6082 6359 6333 
3 6128 6130 6360 
3 6128 6360 6359 
3 6130 6132 6361 
3 6130 6361 6360 
3 6132 6134 6362 
3 6132 6362 6361 
3 6134 6136 6363 
3 6134 6363 6362 
3 6136 6138 6363 
3 6138 6140 6364 
3 6138 6364 6363 
3 6255 6314 6365 
3 6255 6365 6231 
3 6231 6365 6366 
3 6231 6366 6217 
3 6314 6318 6367 
3 6314 6367 6365 
3 6318 6324 6368 
3 6318 6368 6367 
3 6324 6325 6369 
3 6324 6369 6368 
3 6325 6326 6370 
3 6325 6370 6369 
3 6326 6327 6371 
3 6326 6371 6370 
3 6327 6328 6372 
3 6327 6372 6371 
3 6328 6329 6373 
3 6328 6373 6372 
3 6329 6330 6374 
3 6329 6374 6373 
3 6330 6331 6375 
3 6330 6375 6374 
3 6331 6332 6376 
3 6331 6376 6375 
3 6332 6333 6377 
3 6332 6377 6376 
3 6217 6366 6378 
3 6217 6378 6218 
3 6218 6378 6379 
3 6218 6379 6224 
3 6333 6359 6380 
3 6333 6380 6377 
3 6365 6367 6381 
3 6365 6381 6366 
3 6366 6381 6382 
3 6366 6382 6378 
3 6378 6382 6383 
3 6378 6383 6379 
3 6367 6368 6384 
3 6367 6384 6381 
3 6368 6369 6385 
3 6368 6385 6384 
3 6369 6370 6386 
3 6369 6386 6385 
3 6370 6371 6387 
3 6370 6387 6386 
3 6371 6372 6388 
3 6371 6388 6387 
3 6372 6373 6389 
3 6372 6389 6388 
3 6373 6374 6390 
3 6373 6390 6389 
3 6374 6375 6391 
3 6374 6391 6390 
3 6375 6376 6392 
3 6375 6392 6391 
3 6376 6377 6393 
3 6376 6393 6392 
3 6377 6380 6394 
3 6377 6394 6393 
3 6381 6384 6395 
3 6381 6395 6382 
3 6382 6395 6396 
3 6382 6396 6383 
3 6384 6385 6397 
3 6384 6397 6395 
3 6395 6397 6398 
3 6395 6398 6396 
3 6385 6386 6399 
3 6385 6399 6397 
3 6397 6399 6400 
3 6397 6400 6398 
3 6386 6387 6401 
3 6386 6401 6399 
3 6387 6388 6402 
3 6387 6402 6401 
3 6388 6389 6403 
3 6388 6403 6402 
3 6389 6390 6404 
3 6389 6404 6403 
3 6390 6391 6405 
3 6390 6405 6404 
3 6391 6392 6406 
3 6391 6406 6405 
3 6392 6393 6407 
3 6392 6407 6406 
3 6393 6394 6408 
3 6393 6408 6407 
3 6399 6401 6409 
3 6399 6409 6400 
3 6401 6402 6410 
3 6401 6410 6409 
3 6402 6403 6411 
3 6402 6411 6410 
3 6403 6404 6412 
3 6403 6412 6411 
3 6404 6405 6413 
3 6404 6413 6412 
3 6405 6406 6414 
3 6405 6414 6413 
3 6406 6407 6415 
3 6406 6415 6414 
3 6407 6408 6416 
3 6407 6416 6415 
3 6144 6145 6417 
3 6144 6418 6336 
3 6145 6354 6417 
3 6354 6355 6419 
3 6354 6419 6417 
3 6355 6356 6420 
3 6355 6420 6419 
3 6356 6357 6421 
3 6359 6360 6422 
3 6359 6422 6380 
3 6360 6361 6423 
3 6360 6423 6422 
3 6361 6362 6424 
3 6361 6424 6423 
3 6362 6363 6425 
3 6362 6425 6424 
3 6363 6364 6425 
3 6380 6422 6426 
3 6380 6426 6394 
3 6394 6426 6427 
3 6394 6427 6408 
3 6408 6427 6428 
3 6408 6428 6416 
3 6422 6423 6429 
3 6422 6429 6426 
3 6423 6424 6430 
3 6423 6430 6429 
3 6424 6425 6431 
3 6424 6431 6430 
3 6425 6364 6432 
3 6425 6432 6431 
3 6315 6316 6433 
3 6315 6433 6000 
3 6000 6433 6001 
3 6001 6433 6434 
3 6001 6434 6002 
3 6002 6434 6435 
3 6002 6435 6003 
3 6003 6435 6436 
3 6003 6436 6004 
3 6004 6436 6437 
3 6004 6437 6005 
3 6316 6317 6438 
3 6316 6438 6433 
3 6433 6438 6434 
3 6317 6319 6439 
3 6317 6439 6438 
3 6319 6320 6440 
3 6319 6440 6439 
3 6320 6321 6441 
3 6320 6441 6440 
3 6321 6322 6442 
3 6321 6442 6441 
3 6322 6323 6443 
3 6322 6443 6442 
3 6005 6437 6444 
3 6005 6444 6006 
3 6323 6334 6445 
3 6323 6445 6443 
3 6334 6335 6446 
3 6334 6446 6445 
3 6335 6336 6418 
3 6335 6418 6446 
3 6418 6417 6447 
3 6418 6447 6446 
3 6006 6444 6448 
3 6006 6448 6007 
3 6007 6448 6449 
3 6007 6449 6008 
3 6008 6449 6450 
3 6008 6450 6009 
3 6009 6450 6451 
3 6009 6451 6010 
3 6010 6451 6452 
3 6010 6452 6011 
3 6011 6452 6453 
3 6011 6453 6012 
3 6012 6453 6454 
3 6012 6454 6013 
3 6013 6454 6455 
3 6013 6455 6014 
3 6014 6455 6456 
3 6014 6456 6015 
3 6015 6456 6457 
3 6015 6457 6016 
3 6016 6457 6458 
3 6016 6458 6017 
3 6017 6458 6459 
3 6017 6459 6018 
3 6018 6459 6460 
3 6018 6460 6020 
3 6020 6460 6461 
3 6020 6461 6021 
3 6438 6439 6462 
3 6438 6462 6434 
3 6434 6462 6463 
3 6434 6463 6435 
3 6435 6463 6464 
3 6435 6464 6436 
3 6436 6464 6465 
3 6436 6465 6437 
3 6437 6465 6466 
3 6437 6466 6444 
3 6444 6466 6467 
3 6444 6467 6448 
3 6439 6440 6468 
3 6439 6468 6462 
3 6440 6441 6469 
3 6440 6469 6468 
3 6441 6442 6470 
3 6441 6470 6469 
3 6442 6443 6471 
3 6442 6471 6470 
3 6443 6445 6472 
3 6443 6472 6471 
3 6445 6446 6473 
3 6445 6473 6472 
3 6446 6447 6473 
3 6462 6468 6474 
3 6462 6474 6463 
3 6463 6474 6475 
3 6463 6475 6464 
3 6464 6475 6465 
3 6468 6469 6476 
3 6468 6476 6474 
3 6469 6470 6477 
3 6469 6477 6476 
3 6470 6471 6478 
3 6470 6478 6477 
3 6471 6472 6479 
3 6471 6479 6478 
3 6472 6473 6480 
3 6472 6480 6479 
3 6473 6447 6481 
3 6473 6481 6480 
3 6447 6419 6481 
3 6419 6420 6481 
3 6474 6476 6482 
3 6474 6482 6475 
3 6475 6482 6483 
3 6475 6483 6465 
3 6465 6483 6466 
3 6476 6477 6484 
3 6476 6484 6482 
3 6482 6484 6485 
3 6482 6485 6483 
3 6477 6478 6486 
3 6477 6486 6484 
3 6478 6479 6487 
3 6478 6487 6486 
3 6479 6480 6488 
3 6479 6488 6487 
3 6480 6481 6489 
3 6480 6489 6488 
3 6481 6421 6489 
3 6421 6357 6490 
3 6421 6490 6489 
3 6357 6358 6490 
3 6484 6486 6491 
3 6484 6491 6485 
3 6486 6487 6492 
3 6486 6492 6491 
3 6487 6488 6493 
3 6487 6493 6492 
3 6488 6489 6494 
3 6488 6494 6493 
3 6489 6490 6494 
3 6490 6358 6495 
3 6490 6495 6494 
3 6494 6495 6496 
3 6493 6494 6496 
3 6493 6496 6492 
3 6492 6496 6497 
3 6492 6497 6491 
3 6491 6497 6498 
3 6491 6498 6485 
3 6485 6498 6499 
3 6485 6499 6483 
3 6483 6499 6466 
3 6466 6499 6467 
3 6499 6498 6500 
3 6499 6500 6467 
3 6498 6497 6501 
3 6498 6501 6500 
3 6497 6496 6502 
3 6497 6502 6501 
3 6496 6495 6502 
3 6495 6358 6503 
3 6495 6503 6502 
3 6358 6226 6503 
3 6448 6467 6504 
3 6448 6504 6449 
3 6467 6500 6505 
3 6467 6505 6504 
3 6500 6501 6506 
3 6500 6506 6505 
3 6501 6502 6507 
3 6501 6507 6506 
3 6502 6503 6507 
3 6021 6461 6508 
3 6021 6508 6022 
3 6022 6508 6509 
3 6022 6509 6023 
3 6023 6509 6510 
3 6023 6510 6024 
3 6024 6510 6511 
3 6024 6511 6085 
3 6085 6511 6512 
3 6085 6512 6086 
3 6503 6226 6513 
3 6226 6225 6513 
3 6503 6513 6507 
3 6225 6224 6514 
3 6225 6514 6513 
3 6224 6379 6515 
3 6224 6515 6514 
3 6379 6383 6516 
3 6379 6516 6515 
3 6383 6396 6517 
3 6383 6517 6516 
3 6396 6398 6517 
3 6086 6512 6518 
3 6086 6518 6087 
3 6449 6504 6519 
3 6449 6519 6450 
3 6504 6505 6520 
3 6504 6520 6519 
3 6505 6506 6520 
3 6506 6507 6521 
3 6506 6521 6520 
3 6507 6513 6521 
3 6513 6514 6522 
3 6513 6522 6521 
3 6514 6515 6523 
3 6514 6523 6522 
3 6515 6516 6524 
3 6515 6524 6523 
3 6516 6517 6525 
3 6516 6525 6524 
3 6521 6522 6526 
3 6521 6526 6520 
3 6522 6523 6527 
3 6520 6526 6519 
3 6523 6524 6528 
3 6523 6528 6527 
3 6527 6528 6529 
3 6526 6530 6519 
3 6519 6530 6450 
3 6450 6530 6451 
3 6451 6529 6531 
3 6451 6531 6452 
3 6529 6528 6532 
3 6529 6532 6531 
3 6528 6524 6533 
3 6528 6533 6532 
3 6524 6525 6533 
3 6452 6531 6534 
3 6452 6534 6453 
3 6531 6532 6535 
3 6531 6535 6534 
3 6532 6533 6535 
3 6533 6525 6536 
3 6533 6536 6535 
3 6525 6517 6537 
3 6525 6537 6536 
3 6517 6398 6537 
3 6398 6400 6537 
3 6453 6534 6538 
3 6453 6538 6454 
3 6534 6535 6539 
3 6534 6539 6538 
3 6535 6536 6539 
3 6536 6537 6540 
3 6536 6540 6539 
3 6537 6400 6540 
3 6400 6409 6541 
3 6400 6541 6540 
3 6454 6538 6542 
3 6454 6542 6455 
3 6455 6542 6543 
3 6455 6543 6456 
3 6456 6543 6544 
3 6456 6544 6457 
3 6457 6544 6545 
3 6457 6545 6458 
3 6458 6545 6546 
3 6458 6546 6459 
3 6459 6546 6547 
3 6459 6547 6460 
3 6460 6547 6548 
3 6460 6548 6461 
3 6461 6548 6428 
3 6461 6428 6508 
3 6428 6548 6416 
3 6428 6427 6549 
3 6428 6549 6508 
3 6416 6548 6415 
3 6508 6549 6509 
3 6548 6547 6415 
3 6509 6549 6550 
3 6509 6550 6510 
3 6415 6547 6414 
3 6549 6427 6550 
3 6547 6546 6414 
3 6427 6426 6550 
3 6414 6546 6413 
3 6426 6429 6551 
3 6546 6545 6413 
3 6510 6550 6551 
3 6510 6551 6511 
3 6413 6545 6412 
3 6550 6426 6551 
3 6545 6544 6412 
3 6429 6430 6552 
3 6429 6552 6551 
3 6412 6544 6411 
3 6551 6552 6511 
3 6411 6544 6553 
3 6411 6553 6410 
3 6511 6552 6512 
3 6544 6543 6553 
3 6512 6552 6554 
3 6512 6554 6518 
3 6543 6542 6555 
3 6543 6555 6553 
3 6552 6430 6554 
3 6410 6553 6541 
3 6410 6541 6409 
3 6430 6431 6554 
3 6553 6555 6541 
3 6554 6431 6556 
3 6554 6556 6518 
3 6431 6432 6556 
3 6518 6556 6557 
3 6518 6557 6087 
3 6541 6555 6540 
3 6087 6557 6088 
3 6540 6555 6539 
3 6556 6432 6557 
3 6539 6555 6542 
3 6539 6542 6538 
3 6557 6432 6558 
3 6557 6558 6088 
3 6088 6558 6089 
3 6432 6364 6559 
3 6432 6559 6558 
3 6364 6140 6559 
3 6140 6156 6560 
3 6156 6353 6560 
3 6140 6560 6559 
3 6559 6560 6561 
3 6559 6561 6558 
3 6558 6561 6089 
3 6089 6561 6146 
3 6146 6561 6352 
3 6352 6561 6560 
3 6352 6560 6353 
3 6278 6115 6279 
3 6279 6272 6278 
3 6340 6341 6339 
3 6339 6152 6340 
3 6418 6144 6417 
3 6417 6419 6447 
3 6421 6481 6420 
3 6420 6356 6421 
3 6526 6522 6527 
3 6527 6530 6526 
3 6530 6527 6529 
3 6529 6451 6530 
3 6562 6563 6564 
3 6564 6565 6566 
3 6567 6084 6568 
3 6564 6567 6562 
3 6569 6048 6567 
3 6566 6569 6564 
3 6570 6571 6572 
3 6573 6574 6562 
3 6573 6572 6574 
3 6575 5970 6576 
3 6572 6575 6570 
3 6568 6143 6577 
3 6577 6141 6575 
3 6562 6568 6573 
3 6573 6577 6572 
3 6563 6578 6565 
3 6579 6580 6581 
3 6578 6580 6579 
3 6582 6583 6584 
3 6584 6585 6578 
3 6571 6582 6574 
3 6574 6584 6563 
3 6586 6581 6587 
3 6587 6580 6588 
3 6588 6585 6589 
3 6590 6591 6592 
3 6587 6590 6586 
3 6593 6594 6591 
3 6589 6595 6588 
3 6587 6593 6590 
3 6595 6593 6588 
3 6587 6588 6593 
3 6590 6593 6591 
3 6586 6590 6592 
3 6583 6589 6585 
3 6585 6588 6580 
3 6580 6587 6581 
3 6578 6563 6584 
3 6584 6574 6582 
3 6580 6578 6585 
3 6585 6584 6583 
3 6565 6578 6579 
3 6575 6572 6577 
3 6577 6573 6568 
3 5970 6575 6141 
3 6141 6577 6143 
3 6576 6570 6575 
3 5969 6576 5970 
3 6563 6562 6574 
3 6574 6572 6571 
3 6567 6564 6569 
3 6084 6567 6048 
3 6568 6562 6567 
3 6143 6568 6084 
3 6579 6566 6565 
3 6565 6564 6563 
3 6046 6048 6569 
3 6596 6044 6046 
3 6566 6596 6569 
3 6597 6042 6044 
3 6598 6596 6566 
3 6598 6597 6596 
3 6599 6598 6579 
3 6599 6600 6598 
3 6599 6581 6601 
3 6601 6586 6602 
3 6600 6599 6601 
3 6603 6604 6601 
3 6603 6605 6604 
3 6606 6040 6042 
3 6600 6606 6597 
3 6606 6600 6604 
3 6607 6604 6605 
3 6608 6038 6040 
3 6607 6608 6606 
3 6609 6035 6038 
3 6610 6609 6608 
3 6607 6610 6608 
3 6608 6609 6038 
3 6606 6608 6040 
3 6610 6607 6605 
3 6607 6606 6604 
3 6598 6600 6597 
3 6597 6606 6042 
3 6602 6603 6601 
3 6604 6600 6601 
3 6592 6602 6586 
3 6586 6601 6581 
3 6581 6599 6579 
3 6579 6598 6566 
3 6596 6597 6044 
3 6569 6596 6046 
3 5924 6187 5923 
3 5923 6187 5922 
3 5873 5874 6611 
3 6611 5874 6612 
3 6187 6185 5922 
3 5922 6185 5921 
3 6185 6183 5921 
3 5921 6183 5920 
3 6183 6181 5920 
3 5920 6181 5919 
3 6181 6179 5919 
3 5919 6179 5918 
3 6179 6177 5918 
3 5918 6177 5917 
3 6177 6175 5917 
3 5917 6175 5916 
3 6175 6173 5916 
3 5916 6173 5915 
3 6173 6171 5915 
3 5915 6171 5914 
3 6171 6169 5914 
3 5914 6169 5913 
3 6169 6613 5913 
3 5913 6614 5912 
3 6613 6614 5913 
3 5912 6614 5911 
3 6614 6615 5911 
3 5911 6615 5910 
3 6615 6616 5910 
3 5910 6616 5909 
3 6616 6617 5909 
3 5909 6617 5908 
3 6617 6618 5908 
3 5908 6618 5907 
3 6618 6619 5907 
3 5907 6619 5906 
3 6619 6620 5906 
3 5906 6620 5905 
3 6620 6621 5905 
3 5905 6621 5904 
3 6621 6622 5904 
3 5904 6622 5903 
3 6622 6623 5903 
3 5903 6623 5902 
3 6623 6624 5902 
3 5902 6624 5901 
3 6624 6625 5901 
3 5901 6625 5900 
3 6625 6626 5900 
3 5900 6626 5899 
3 6626 6627 5899 
3 5899 6627 5898 
3 6627 6628 5898 
3 5898 6628 5897 
3 6628 6629 5897 
3 5897 6629 5896 
3 6629 6630 5896 
3 5896 6630 5895 
3 6630 6631 5895 
3 5895 6631 5894 
3 6631 6632 5894 
3 5894 6632 5893 
3 6632 6633 5893 
3 5893 6633 5892 
3 6633 6634 5892 
3 5892 6634 5891 
3 6634 6635 5891 
3 5891 6635 5890 
3 6635 6636 5890 
3 5890 6636 5889 
3 6636 6637 5889 
3 5889 6637 5888 
3 6637 6638 5888 
3 5888 6638 5887 
3 6638 6639 5887 
3 5887 6639 5886 
3 6639 6640 5886 
3 5886 6640 5885 
3 6640 6641 5885 
3 5885 6641 5884 
3 6641 6642 5884 
3 5884 6642 5883 
3 6642 6643 5883 
3 5883 6643 5882 
3 6643 6644 5882 
3 5882 6644 5881 
3 6644 6645 5881 
3 5881 6645 5880 
3 6645 6646 5880 
3 6646 6647 5880 
3 5880 6647 5879 
3 6647 6648 5879 
3 5879 6648 5878 
3 6648 6649 5878 
3 5878 6649 5877 
3 6649 6650 5877 
3 5877 6650 5876 
3 5876 6650 5875 
3 6650 6651 5875 
3 5874 5875 6651 
3 5874 6651 6612 
3 6611 6612 6652 
3 6169 6167 6613 
3 6613 6167 6653 
3 6613 6653 6614 
3 6167 6165 6653 
3 6614 6653 6615 
3 6652 6612 6654 
3 6652 6654 6592 
3 6612 6651 6654 
3 6592 6654 6602 
3 6653 6165 6655 
3 6653 6655 6615 
3 6165 6163 6655 
3 6615 6655 6616 
3 6655 6163 6656 
3 6655 6656 6616 
3 6163 6161 6656 
3 6616 6656 6617 
3 6656 6161 6657 
3 6656 6657 6617 
3 6161 6159 6657 
3 6617 6657 6618 
3 6657 6159 6658 
3 6657 6658 6618 
3 6159 6157 6658 
3 6618 6658 6619 
3 6658 6157 6659 
3 6658 6659 6619 
3 6157 6155 6659 
3 6619 6659 6620 
3 6659 6155 6660 
3 6659 6660 6620 
3 6155 6139 6660 
3 6620 6661 6621 
3 6139 6137 6661 
3 6139 6661 6660 
3 6660 6661 6620 
3 6621 6661 6662 
3 6621 6662 6622 
3 6661 6137 6662 
3 6137 6135 6662 
3 6662 6135 6622 
3 6622 6135 6623 
3 6135 6133 6623 
3 6623 6133 6624 
3 6133 6131 6624 
3 6624 6131 6625 
3 6131 6129 6625 
3 6625 6129 6626 
3 6129 6127 6626 
3 6626 6127 6627 
3 6127 6081 6627 
3 6627 6081 6628 
3 6081 6079 6628 
3 6628 6079 6629 
3 6079 6077 6629 
3 6629 6077 6630 
3 6077 6075 6630 
3 6630 6075 6631 
3 6075 6073 6631 
3 6631 6073 6632 
3 6073 6071 6632 
3 6632 6071 6633 
3 6071 6069 6633 
3 6633 6069 6634 
3 6069 6067 6634 
3 6634 6067 6635 
3 6067 6065 6635 
3 6635 6065 6636 
3 6065 6063 6636 
3 6636 6063 6637 
3 6063 6061 6637 
3 6637 6061 6638 
3 6061 6059 6638 
3 6638 6059 6639 
3 6059 6057 6639 
3 6639 6057 6640 
3 6057 6055 6640 
3 6640 6055 6641 
3 6055 6053 6641 
3 6641 6053 6642 
3 6053 6051 6642 
3 6642 6051 6643 
3 6051 6049 6643 
3 6643 6049 6644 
3 6049 6036 6644 
3 6644 6036 6645 
3 6036 6035 6645 
3 6645 6035 6646 
3 6035 6609 6646 
3 6646 6609 6647 
3 6609 6610 6647 
3 6647 6610 6648 
3 6610 6605 6648 
3 6648 6605 6649 
3 6605 6603 6649 
3 6649 6603 6650 
3 6603 6602 6650 
3 6651 6650 6602 
3 6651 6602 6654 
3 3354 3424 3355 
3 3390 3387 3419 
3 3419 3387 3420 
3 3387 3378 3420 
3 3420 3378 3422 
3 3378 3356 3422 
3 3424 3422 3356 
3 3424 3356 3355 
3 4179 3383 3407 
3 4178 4179 3403 
3 4178 3403 3404 
3 4177 3404 4474 
3 4177 4474 4176 
3 4177 4178 3404 
3 3407 3403 4179 
3 6663 2821 2822 
3 6663 2822 5873 
3 5873 2822 2823 
3 5789 2821 6664 
3 6611 6665 5873 
3 5873 6665 6663 
3 6663 6665 6664 
3 6663 6664 2821 
3 5969 5972 6666 
3 5996 6667 5994 
3 6668 6669 6670 
3 6668 6670 6667 
3 6667 6670 5994 
3 5994 6670 5992 
3 5972 5974 6671 
3 5972 6671 6666 
3 6666 6671 6672 
3 6672 6671 6673 
3 6671 5974 6673 
3 5974 5980 6673 
3 6673 5980 6674 
3 5980 5982 6674 
3 6674 5982 6675 
3 5982 5984 6675 
3 6675 5984 6676 
3 5984 5986 6676 
3 6676 5986 6677 
3 5986 5988 6677 
3 6677 5988 6678 
3 5988 5990 6678 
3 6678 5990 6679 
3 5990 5992 6679 
3 6669 6679 5992 
3 6669 5992 6670 
3 6583 6582 6680 
3 6672 6681 6666 
3 6582 6571 6682 
3 6582 6682 6680 
3 6682 6571 6683 
3 6571 6570 6683 
3 6683 6570 6684 
3 6683 6684 6685 
3 6570 6576 6684 
3 6666 6681 6686 
3 6666 6686 5969 
3 6681 6685 6686 
3 5969 6686 6576 
3 6684 6576 6686 
3 6684 6686 6685 
3 5726 6687 5728 
3 5739 5737 6683 
3 6683 5737 6682 
3 5737 5735 6682 
3 6682 5735 6680 
3 5735 5733 6680 
3 6687 6688 5728 
3 5728 6688 5729 
3 6688 6595 5729 
3 6680 5733 6583 
3 5733 5731 6583 
3 6583 5731 6589 
3 5731 5729 6595 
3 5731 6595 6589 
3 6595 6688 6593 
3 5723 5789 5725 
3 5789 6664 5725 
3 5725 6664 6689 
3 5725 6689 5726 
3 6664 6665 6689 
3 6593 6688 6690 
3 6593 6690 6594 
3 6688 6687 6690 
3 6665 6611 6691 
3 6665 6691 6689 
3 6611 6594 6691 
3 6594 6690 6691 
3 6691 6690 6689 
3 5726 6689 6690 
3 5726 6690 6687 
3 5719 6692 5717 
3 5684 5686 5968 
3 6692 6693 6694 
3 6692 6694 5717 
3 5717 6694 5715 
3 6693 6695 6696 
3 6693 6696 6694 
3 5687 5678 6697 
3 5687 6697 5686 
3 5686 6697 5968 
3 5968 6697 5996 
3 5996 6697 6667 
3 6667 6697 6668 
3 6694 6696 5715 
3 5715 6696 5713 
3 6696 6695 6698 
3 6696 6698 5713 
3 6695 6699 6698 
3 5713 6698 5711 
3 6697 5678 6668 
3 5678 5677 6668 
3 6668 5677 6700 
3 5677 5681 6700 
3 5681 5709 6700 
3 6700 5709 6701 
3 5709 5711 6701 
3 6699 6701 5711 
3 6699 5711 6698 
3 6652 6592 6591 
3 6652 6591 6594 
3 6611 6652 6594 
3 6683 6685 5739 
3 6668 6700 6669 
3 6685 6681 6702 
3 6685 6702 5739 
3 5739 6702 5741 
3 6669 6700 6703 
3 6669 6703 6679 
3 6700 6701 6703 
3 6679 6703 6704 
3 6679 6704 6678 
3 6681 6672 6705 
3 6681 6705 6702 
3 6678 6704 6706 
3 6678 6706 6677 
3 6677 6695 6707 
3 6677 6707 6676 
3 6676 6707 6708 
3 6676 6708 6675 
3 6675 6708 6709 
3 6675 6709 6674 
3 6674 6709 6710 
3 6674 6710 6673 
3 6673 6710 6711 
3 6673 6711 6672 
3 6672 6711 6705 
3 6703 6701 6704 
3 6701 6699 6704 
3 6704 6699 6706 
3 6699 6695 6706 
3 6706 6695 6677 
3 6695 6693 6707 
3 6707 6693 6708 
3 6693 6692 6708 
3 6708 6692 6709 
3 6692 5719 6710 
3 6692 6710 6709 
3 6710 5719 6711 
3 5719 5720 6711 
3 6711 5720 6705 
3 6705 5720 5741 
3 6705 5741 6702 
3 6211 6207 6712 
3 6207 6208 6712 
3 3382 4182 3381 
3 3362 3358 6713 
3 6713 3358 6714 
3 6713 6714 6715 
3 3358 3357 6714 
3 4182 4183 6716 
3 4182 6716 3381 
3 3381 6716 3380 
3 6715 6714 6717 
3 6715 6717 4183 
3 4183 6717 6716 
3 6714 3357 6717 
3 6717 3357 3380 
3 6717 3380 6716 
3 4183 4171 6715 
3 4165 4199 4166 
3 4171 4170 6718 
3 4171 6718 6715 
3 6715 6718 6713 
3 3374 3371 6719 
3 3374 6719 4199 
3 4199 6719 4166 
3 4166 6719 4167 
3 4170 4169 6720 
3 4170 6720 6718 
3 3371 3368 6721 
3 3371 6721 6719 
3 4169 6722 6720 
3 3368 3365 6722 
3 3368 6722 6721 
3 3365 3362 6723 
3 3365 6723 6722 
3 3362 6713 6723 
3 6713 6718 6723 
3 6718 6720 6723 
3 6723 6720 6722 
3 6719 6721 4167 
3 4167 6721 4168 
3 6722 4169 4168 
3 6722 4168 6721 
3 6207 6211 6712 
3 6712 6208 6207 
