ply
format ascii 1.0
comment VTK generated PLY File
obj_info vtkPolyData points and polygons: vtk4.0
element vertex 4683
property float x
property float y
property float z
element face 9366
property list uchar int vertex_indices
end_header
609.45855712890625 56.774040222167969 676.56982421875 
606.9364013671875 56.455894470214844 674.46795654296875 
608.9705810546875 56.622425079345703 674.2379150390625 
620.0224609375 -16.210321426391602 734.75018310546875 
620.777587890625 -17.620506286621094 736.5426025390625 
621.30499267578125 -15.261245727539062 736.2760009765625 
620.9881591796875 -13.84662914276123 735.5401611328125 
611.03350830078125 56.299907684326172 673.99884033203125 
611.51806640625 56.880363464355469 676.8154296875 
619.22625732421875 -15.096826553344727 732.7552490234375 
620.43170166015625 -12.768918037414551 733.50604248046875 
619.15460205078125 -13.41057014465332 730.870849609375 
619.99346923828125 -11.105715751647949 731.82098388671875 
618.979248046875 -11.564237594604492 729.057373046875 
619.4703369140625 -9.7345304489135742 729.91253662109375 
618.8084716796875 -8.7015724182128906 727.86810302734375 
617.934814453125 -10.834711074829102 727.036865234375 
618.00323486328125 -7.4750785827636719 726.02203369140625 
616.88067626953125 -9.6372690200805664 725.10443115234375 
617.002685546875 -6.1447725296020508 724.3297119140625 
615.74005126953125 -8.2559137344360352 723.32073974609375 
615.77392578125 -5.0075821876525879 722.5999755859375 
614.47515869140625 -6.8521785736083984 721.610107421875 
614.5240478515625 -3.7505309581756592 720.90850830078125 
613.27301025390625 -5.3656291961669922 719.932373046875 
612.431640625 -3.6062016487121582 718.43060302734375 
613.5029296875 -2.169541597366333 719.48583984375 
611.6583251953125 -1.8010613918304443 717.01336669921875 
613.28326416015625 0.13148397207260132 719.03515625 
612.86676025390625 1.8884234428405762 717.4755859375 
610.77825927734375 0.0070521067827939987 715.66546630859375 
612.55291748046875 3.5959968566894531 715.75030517578125 
610.79595947265625 2.4361796379089355 714.51898193359375 
611.55511474609375 4.7256917953491211 713.7392578125 
612.62628173828125 5.6927342414855957 714.36370849609375 
612.4361572265625 7.0443024635314941 713.057861328125 
613.38092041015625 8.0649576187133789 713.51104736328125 
613.31085205078125 9.0141429901123047 712.0958251953125 
613.94952392578125 9.8697471618652344 712.07379150390625 
613.13116455078125 10.165678024291992 710.0572509765625 
614.25714111328125 11.373447418212891 710.361328125 
612.942626953125 10.817124366760254 707.69720458984375 
614.38427734375 12.156367301940918 708.07281494140625 
613.2275390625 11.048611640930176 705.0052490234375 
614.90997314453125 12.55111026763916 705.5283203125 
613.482666015625 56.108737945556641 674.88446044921875 
612.808837890625 55.065803527832031 672.99017333984375 
614.011474609375 56.60528564453125 677.24774169921875 
615.392333984375 53.838165283203125 673.10858154296875 
612.55029296875 10.684658050537109 702.3074951171875 
614.35443115234375 11.923328399658203 703.40374755859375 
615.465087890625 13.598518371582031 703.41168212890625 
612.53741455078125 11.547663688659668 699.94549560546875 
614.31402587890625 12.630239486694336 701.52545166015625 
612.3013916015625 12.79084587097168 697.90289306640625 
614.10699462890625 13.848019599914551 699.51141357421875 
615.4287109375 55.737091064453125 675.54144287109375 
616.6181640625 55.988784790039062 677.64599609375 
617.00225830078125 54.678539276123047 674.98248291015625 
617.81689453125 52.525112152099609 673.510009765625 
618.8736572265625 54.185253143310547 675.7652587890625 
620.2122802734375 51.371303558349609 674.21380615234375 
611.7623291015625 14.053248405456543 696.0245361328125 
613.6854248046875 15.108983039855957 697.59033203125 
610.9935302734375 15.276507377624512 694.26470947265625 
613.20111083984375 16.431478500366211 695.7623291015625 
610.8226318359375 17.027486801147461 692.805419921875 
612.80267333984375 17.986598968505859 694.054931640625 
615.57012939453125 15.138070106506348 701.56964111328125 
615.33013916015625 16.517795562744141 699.58331298828125 
614.88720703125 17.740383148193359 697.584228515625 
614.61773681640625 19.220331192016602 695.78778076171875 
621.66815185546875 52.875606536865234 676.5841064453125 
622.42169189453125 49.513481140136719 674.73052978515625 
624.04119873046875 50.149101257324219 676.35186767578125 
624.36346435546875 47.702262878417969 675.55194091796875 
625.6353759765625 48.794948577880859 677.3062744140625 
625.56646728515625 45.708347320556641 676.32440185546875 
626.82366943359375 46.800670623779297 678.70172119140625 
626.28582763671875 43.716602325439453 677.37091064453125 
627.00335693359375 44.48553466796875 679.417236328125 
626.6624755859375 41.983867645263672 679.15008544921875 
614.66571044921875 21.008476257324219 694.248291015625 
610.69744873046875 20.332509994506836 690.4757080078125 
609.88677978515625 18.308441162109375 691.30242919921875 
612.0758056640625 19.318161010742188 692.2703857421875 
611.66845703125 22.345052719116211 689.6788330078125 
613.12042236328125 21.554346084594727 691.5850830078125 
612.8990478515625 24.197725296020508 689.0579833984375 
614.00457763671875 23.543144226074219 690.75836181640625 
614.3916015625 25.932706832885742 688.6065673828125 
615.08514404296875 25.363353729248047 690.09942626953125 
615.8623046875 27.574869155883789 688.1484375 
615.933349609375 26.73292350769043 689.51654052734375 
615.11346435546875 23.015777587890625 692.96575927734375 
615.80975341796875 24.989997863769531 691.79937744140625 
617.046630859375 27.105276107788086 691.26708984375 
617.04937744140625 27.91309928894043 689.6314697265625 
618.29388427734375 29.180999755859375 690.733642578125 
616.18743896484375 28.96122932434082 686.5234375 
617.7735595703125 29.181299209594727 688.62109375 
616.54290771484375 30.351066589355469 684.86358642578125 
618.8394775390625 30.858104705810547 686.96319580078125 
618.42047119140625 31.742616653442383 684.13763427734375 
619.48992919921875 31.256088256835938 690.2591552734375 
620.55078125 33.186279296875 689.41290283203125 
620.73931884765625 32.866603851318359 686.11993408203125 
620.29736328125 33.177555084228516 683.18218994140625 
621.5333251953125 35.114982604980469 688.44769287109375 
622.22564697265625 34.506061553955078 685.1884765625 
622.61285400390625 36.493003845214844 686.90838623046875 
622.208740234375 34.704475402832031 682.25921630859375 
623.3558349609375 35.828567504882812 684.30633544921875 
623.818115234375 37.880455017089844 685.29925537109375 
624.040283203125 36.411964416503906 681.76806640625 
624.9637451171875 39.451099395751953 683.815185546875 
624.99908447265625 37.88916015625 680.37548828125 
625.94073486328125 41.297389984130859 682.4678955078125 
625.96636962890625 39.843837738037109 679.65155029296875 
626.59088134765625 43.429656982421875 681.33892822265625 
626.40325927734375 46.000858306884766 681.45697021484375 
625.76025390625 48.729629516601562 681.4813232421875 
625.54638671875 50.295696258544922 679.569091796875 
624.77484130859375 51.046340942382812 681.14453125 
623.5791015625 52.655117034912109 680.43109130859375 
624.08251953125 51.776119232177734 678.35992431640625 
621.52294921875 54.170688629150391 679.66058349609375 
619.0218505859375 55.304630279541016 678.8076171875 
588.4600830078125 42.951141357421875 667.3419189453125 
590.4866943359375 43.629638671875 667.817626953125 
588.2513427734375 43.410137176513672 667.0401611328125 
577.7552490234375 39.602668762207031 666.53472900390625 
575.87579345703125 38.491493225097656 666.711669921875 
578.14080810546875 38.626667022705078 667.00592041015625 
586.4329833984375 41.968120574951172 667.20599365234375 
585.97088623046875 42.592205047607422 666.7579345703125 
584.4432373046875 40.958473205566406 667.2049560546875 
583.541748046875 42.603195190429688 666.457275390625 
582.40216064453125 40.027866363525391 667.22552490234375 
581.76947021484375 41.326164245605469 666.44012451171875 
580.23065185546875 39.495037078857422 666.94952392578125 
579.8106689453125 40.35662841796875 666.495849609375 
547.72027587890625 27.45005989074707 692.4345703125 
547.72515869140625 25.937700271606445 694.059814453125 
547.31072998046875 26.290851593017578 691.87042236328125 
624.38287353515625 38.804939270019531 678.26373291015625 
547.83721923828125 28.399124145507812 690.52783203125 
547.142822265625 26.574565887451172 689.63525390625 
548.042724609375 29.115184783935547 688.30303955078125 
547.20379638671875 26.914129257202148 687.31170654296875 
548.34686279296875 29.644792556762695 686.139404296875 
547.56610107421875 27.000093460083008 685.03411865234375 
548.708740234375 30.074817657470703 684.03924560546875 
547.98223876953125 26.584516525268555 682.77874755859375 
549.29241943359375 30.418500900268555 682.0159912109375 
548.8021240234375 26.70307731628418 680.638427734375 
549.802978515625 30.228219985961914 680.0458984375 
549.86041259765625 26.709375381469727 678.77947998046875 
550.51690673828125 29.727954864501953 678.0938720703125 
551.19268798828125 26.797216415405273 676.6982421875 
551.74127197265625 29.8629150390625 676.1236572265625 
552.69732666015625 27.321405410766602 674.79949951171875 
553.2677001953125 30.19972038269043 674.216064453125 
554.438720703125 27.940473556518555 673.10272216796875 
555.0386962890625 30.68806266784668 672.5611572265625 
556.41790771484375 28.576799392700195 671.7008056640625 
556.8831787109375 31.283653259277344 671.1986083984375 
558.31451416015625 29.413978576660156 670.61431884765625 
560.05413818359375 30.569547653198242 669.72454833984375 
558.644775390625 32.397369384765625 670.2449951171875 
560.4771728515625 32.332355499267578 669.32794189453125 
561.96246337890625 31.593681335449219 669.0447998046875 
560.03851318359375 34.032032012939453 669.83990478515625 
562.12847900390625 34.847648620605469 668.972900390625 
562.04449462890625 33.173198699951172 668.7803955078125 
623.26458740234375 40.203971862792969 676.76416015625 
625.3876953125 40.861976623535156 677.6885986328125 
624.3961181640625 42.007080078125 676.41650390625 
622.480712890625 42.148796081542969 675.7275390625 
624.10430908203125 43.837070465087891 675.67266845703125 
622.2711181640625 44.338649749755859 674.9302978515625 
623.2337646484375 45.845062255859375 674.90606689453125 
621.65423583984375 47.488632202148438 674.11553955078125 
619.8939208984375 49.301460266113281 673.45648193359375 
618.345458984375 50.762790679931641 673.04779052734375 
564.2142333984375 35.692474365234375 668.3038330078125 
563.9715576171875 34.023204803466797 668.23486328125 
564.05029296875 32.391250610351562 668.5855712890625 
566.06842041015625 33.277252197265625 668.21710205078125 
616.37750244140625 51.606037139892578 672.42047119140625 
614.46881103515625 52.868106842041016 672.07373046875 
621.19403076171875 46.193675994873047 674.1578369140625 
619.31982421875 47.922981262207031 673.27618408203125 
617.2109375 49.446376800537109 672.45977783203125 
614.9779052734375 50.983684539794922 671.7398681640625 
612.55438232421875 52.555217742919922 671.22821044921875 
565.67486572265625 34.766990661621094 667.8232421875 
566.25506591796875 36.622978210449219 667.8084716796875 
567.94366455078125 34.304237365722656 667.831787109375 
569.59100341796875 35.700141906738281 667.3099365234375 
568.32659912109375 37.647994995117188 667.4410400390625 
570.42730712890625 38.745216369628906 667.17730712890625 
571.53277587890625 36.853572845458984 666.98394775390625 
572.5556640625 39.85107421875 667.00421142578125 
573.69598388671875 37.673496246337891 666.83062744140625 
574.744873046875 40.811595916748047 666.86663818359375 
576.9434814453125 41.703865051269531 666.78314208984375 
578.75921630859375 43.065853118896484 667.1419677734375 
581.1439208984375 43.082366943359375 666.68646240234375 
583.11749267578125 44.188266754150391 666.95123291015625 
585.4964599609375 43.824405670166016 666.6656494140625 
585.08966064453125 45.230724334716797 667.3177490234375 
587.60357666015625 44.709949493408203 666.948486328125 
587.0606689453125 46.189441680908203 667.7418212890625 
589.74053955078125 45.495738983154297 667.28472900390625 
589.09405517578125 47.111896514892578 668.16217041015625 
591.56622314453125 46.675613403320312 667.790771484375 
591.29229736328125 47.86541748046875 668.41650390625 
593.98956298828125 47.02886962890625 668.150634765625 
593.5186767578125 48.743583679199219 668.81060791015625 
595.885986328125 48.259716033935547 668.5751953125 
595.48028564453125 49.95281982421875 669.3277587890625 
597.87060546875 49.399978637695312 668.9146728515625 
597.19561767578125 51.474185943603516 670.1981201171875 
598.90924072265625 51.400718688964844 669.64068603515625 
600.20404052734375 49.734954833984375 669.040771484375 
599.00506591796875 52.83184814453125 671.0364990234375 
600.58697509765625 52.283226013183594 669.8597412109375 
602.2730712890625 50.213642120361328 669.162109375 
602.50946044921875 53.256118774414062 670.169189453125 
604.2666015625 50.961681365966797 669.3299560546875 
604.51300048828125 54.0478515625 670.533447265625 
606.22021484375 51.776939392089844 669.61334228515625 
606.68035888671875 54.297492980957031 670.74859619140625 
608.284423828125 52.000225067138672 669.97271728515625 
608.87225341796875 54.294322967529297 671.06256103515625 
610.4395751953125 52.185195922851562 670.496826171875 
610.8861083984375 54.554187774658203 671.7774658203125 
609.433349609375 55.728763580322266 672.60552978515625 
607.55828857421875 55.837596893310547 672.50128173828125 
605.00286865234375 55.815433502197266 673.1639404296875 
600.96612548828125 53.985286712646484 671.7108154296875 
602.8809814453125 54.991798400878906 672.516357421875 
598.2705078125 48.344425201416016 668.86126708984375 
592.42535400390625 44.803524017333984 668.02734375 
594.4110107421875 46.107624053955078 668.28778076171875 
596.27777099609375 47.356510162353516 668.57757568359375 
589.701171875 31.602617263793945 758.438720703125 
587.6024169921875 33.073520660400391 758.297607421875 
589.17315673828125 31.932998657226562 756.8350830078125 
605.22906494140625 20.293447494506836 730.24383544921875 
606.6199951171875 20.114019393920898 728.250732421875 
606.8140869140625 18.755716323852539 730.50872802734375 
590.824951171875 30.80058479309082 757.37420654296875 
590.74713134765625 30.615726470947266 755.61474609375 
591.6080322265625 30.132410049438477 758.6170654296875 
592.406494140625 29.623165130615234 757.07086181640625 
592.47857666015625 29.219388961791992 754.72430419921875 
603.897216796875 20.419525146484375 732.27655029296875 
605.57977294921875 19.244422912597656 731.97723388671875 
606.7325439453125 17.586481094360352 732.843505859375 
602.84002685546875 20.420074462890625 734.4483642578125 
605.01953125 18.952358245849609 733.9044189453125 
594.4639892578125 28.088291168212891 756.8857421875 
594.2821044921875 27.840572357177734 754.08770751953125 
593.5487060546875 28.645662307739258 758.6229248046875 
595.325439453125 27.350879669189453 755.13458251953125 
595.606689453125 26.526443481445312 752.69482421875 
597.20330810546875 25.8338623046875 754.26275634765625 
596.697509765625 25.294652938842773 751.1649169921875 
598.92169189453125 24.2227783203125 753.36578369140625 
598.8465576171875 23.666713714599609 750.72198486328125 
597.11163330078125 24.325084686279297 749.15899658203125 
600.4881591796875 22.446409225463867 752.36651611328125 
601.8441162109375 20.471626281738281 751.16314697265625 
600.41583251953125 22.063394546508789 749.74755859375 
601.9759521484375 20.448539733886719 736.69000244140625 
604.299072265625 18.72552490234375 736.5379638671875 
598.86138916015625 23.125537872314453 748.74267578125 
597.57568359375 23.417348861694336 747.1280517578125 
600.10406494140625 21.839754104614258 747.1219482421875 
598.30059814453125 22.546176910400391 745.122314453125 
600.77960205078125 20.961257934570312 744.66448974609375 
599.27813720703125 21.732908248901367 743.15533447265625 
606.404541015625 16.779323577880859 735.26397705078125 
601.54022216796875 20.254981994628906 742.52374267578125 
600.23590087890625 21.091373443603516 741.08197021484375 
606.1005859375 16.096214294433594 737.7275390625 
603.0147705078125 18.347076416015625 749.87286376953125 
601.8863525390625 20.215871810913086 748.5675048828125 
603.2364501953125 18.139045715332031 747.55279541015625 
604.328857421875 17.899074554443359 739.4888916015625 
605.87432861328125 15.428088188171387 740.2203369140625 
604.9859619140625 16.483846664428711 741.39044189453125 
602.840576171875 19.571809768676758 738.352783203125 
601.15771484375 20.644449234008789 738.924560546875 
602.31304931640625 19.735773086547852 740.369140625 
603.51104736328125 17.940715789794922 745.2427978515625 
602.1248779296875 19.784523010253906 746.16748046875 
603.4556884765625 18.456361770629883 741.889892578125 
604.44757080078125 16.74138069152832 743.6121826171875 
602.72283935546875 19.104864120483398 743.997802734375 
604.6622314453125 40.201763153076172 683.3260498046875 
605.86102294921875 38.062393188476562 684.13323974609375 
605.52911376953125 39.073768615722656 682.2113037109375 
567.755126953125 29.253105163574219 679.6588134765625 
568.27099609375 28.864484786987305 681.32586669921875 
568.3045654296875 31.169111251831055 679.881103515625 
603.94415283203125 40.909927368164062 681.8812255859375 
604.76519775390625 40.217426300048828 680.36016845703125 
603.21099853515625 41.545001983642578 680.44091796875 
603.41522216796875 41.333587646484375 679.11077880859375 
601.5826416015625 43.326728820800781 680.141845703125 
601.47027587890625 42.566829681396484 678.6739501953125 
599.6591796875 45.311687469482422 679.33453369140625 
599.52899169921875 43.548721313476562 678.16241455078125 
597.7783203125 45.935272216796875 678.2978515625 
597.50897216796875 44.317707061767578 677.645263671875 
595.8955078125 46.831935882568359 677.33294677734375 
595.4931640625 44.868312835693359 677.1134033203125 
593.8739013671875 46.260120391845703 676.76031494140625 
593.6883544921875 44.442859649658203 676.3211669921875 
591.842041015625 45.714099884033203 676.2607421875 
591.87591552734375 43.904533386230469 675.6490478515625 
589.8037109375 45.073085784912109 675.8326416015625 
590.02667236328125 43.269115447998047 675.17083740234375 
587.5965576171875 44.406375885009766 675.527587890625 
588.037109375 42.554065704345703 674.89227294921875 
585.42535400390625 43.790309906005859 675.43499755859375 
586.16058349609375 41.770137786865234 674.814697265625 
583.19989013671875 43.141704559326172 675.4053955078125 
583.5809326171875 41.816398620605469 675.28369140625 
580.99407958984375 42.444992065429688 675.36431884765625 
581.450927734375 40.771953582763672 675.31744384765625 
578.8389892578125 41.633960723876953 675.36407470703125 
579.28631591796875 39.745182037353516 675.38104248046875 
576.79437255859375 40.566738128662109 675.49505615234375 
577.4908447265625 38.181831359863281 675.19537353515625 
575.83941650390625 40.052021026611328 675.56329345703125 
574.88427734375 39.553836822509766 675.62353515625 
575.44500732421875 37.311687469482422 675.248291015625 
572.93341064453125 38.341388702392578 675.93194580078125 
573.54486083984375 36.1383056640625 675.3929443359375 
571.23028564453125 36.847518920898438 676.3858642578125 
571.796142578125 34.669696807861328 675.47174072265625 
569.9400634765625 34.923110961914062 677.19207763671875 
570.089599609375 33.480056762695312 676.30462646484375 
568.8170166015625 33.205322265625 678.46990966796875 
568.650390625 31.606094360351562 676.9248046875 
567.4111328125 29.672178268432617 677.893310546875 
568.2198486328125 30.974664688110352 678.542724609375 
603.17022705078125 26.780668258666992 689.309326171875 
603.6619873046875 25.175638198852539 688.738037109375 
605.19415283203125 27.310152053833008 688.3397216796875 
604.84503173828125 28.498350143432617 688.742431640625 
567.35028076171875 30.11114501953125 676.05865478515625 
607.09130859375 29.04924201965332 687.306396484375 
606.3232421875 30.257076263427734 688.00848388671875 
607.8922119140625 31.013900756835938 686.65496826171875 
607.2247314453125 32.171615600585938 687.0555419921875 
608.52410888671875 32.914882659912109 685.63226318359375 
607.29864501953125 34.383686065673828 686.0389404296875 
608.93707275390625 34.693675994873047 684.05926513671875 
607.4412841796875 35.899089813232422 684.4390869140625 
608.69134521484375 36.540645599365234 682.4912109375 
607.16387939453125 37.339778900146484 682.76861572265625 
607.44573974609375 38.220436096191406 681.27490234375 
606.25225830078125 39.652843475341797 679.84307861328125 
604.94830322265625 40.850570678710938 678.46368408203125 
603.06707763671875 41.796249389648438 677.70635986328125 
601.104736328125 42.506546020507812 677.06329345703125 
599.16717529296875 42.975288391113281 676.38043212890625 
597.1981201171875 43.205451965332031 675.77801513671875 
595.25067138671875 43.132438659667969 675.23089599609375 
593.3505859375 42.801040649414062 674.7210693359375 
591.656494140625 42.13629150390625 674.01934814453125 
589.66461181640625 41.481441497802734 673.5965576171875 
587.8509521484375 40.689746856689453 673.36175537109375 
569.846923828125 32.532341003417969 673.1168212890625 
568.1845703125 31.797731399536133 671.71405029296875 
568.02044677734375 31.104942321777344 674.06158447265625 
586.11090087890625 39.81317138671875 672.95697021484375 
584.42022705078125 40.303432464599609 674.49322509765625 
584.38677978515625 38.946102142333984 672.4014892578125 
582.3985595703125 39.117153167724609 674.43963623046875 
582.3514404296875 38.193840026855469 672.34881591796875 
580.1419677734375 38.116710662841797 674.59881591796875 
580.2225341796875 37.505977630615234 673.1199951171875 
571.764892578125 33.705142974853516 673.94549560546875 
573.767578125 34.911903381347656 674.102294921875 
575.8763427734375 35.888896942138672 673.9642333984375 
578.04150390625 36.749416351318359 673.6907958984375 
580.967529296875 35.955821990966797 758.5445556640625 
583.1832275390625 34.932849884033203 757.6900634765625 
582.9857177734375 35.519832611083984 759.07489013671875 
580.754638671875 36.468936920166016 760.06243896484375 
578.73468017578125 36.919120788574219 759.2958984375 
578.67767333984375 37.336101531982422 761.3736572265625 
576.27093505859375 37.677078247070312 759.66357421875 
576.21240234375 38.143104553222656 761.47845458984375 
568.715576171875 39.536102294921875 763.03765869140625 
567.8927001953125 39.048267364501953 762.25054931640625 
569.63885498046875 38.916309356689453 761.1483154296875 
571.28076171875 39.302478790283203 762.54205322265625 
571.11492919921875 38.363384246826172 759.912109375 
573.731689453125 38.768489837646484 761.67254638671875 
573.761474609375 38.224220275878906 759.8826904296875 
567.34893798828125 38.438694000244141 761.767578125 
565.61456298828125 38.421306610107422 764.03125 
566.62042236328125 37.532173156738281 762.1009521484375 
580.52728271484375 21.75257682800293 735.057861328125 
580.7098388671875 22.562629699707031 732.772705078125 
582.0233154296875 22.543317794799805 734.49835205078125 
567.94140625 36.556369781494141 760.2471923828125 
569.295166015625 37.81781005859375 759.7816162109375 
569.5736083984375 35.918281555175781 758.64691162109375 
571.53399658203125 37.294212341308594 758.59332275390625 
571.41644287109375 35.570167541503906 757.737548828125 
574.1234130859375 37.071773529052734 758.34033203125 
574.50006103515625 35.35955810546875 757.1800537109375 
572.4127197265625 33.878440856933594 757.07696533203125 
575.0872802734375 33.495388031005859 756.32440185546875 
573.27191162109375 31.834173202514648 756.7098388671875 
575.96710205078125 31.607177734375 755.6322021484375 
574.3148193359375 29.733001708984375 756.3624267578125 
577.0938720703125 29.752988815307617 754.86273193359375 
575.54864501953125 27.758747100830078 755.829833984375 
576.85284423828125 25.949834823608398 755.07769775390625 
578.301513671875 27.950351715087891 753.92279052734375 
578.31085205078125 24.671674728393555 753.78668212890625 
579.61279296875 26.354951858520508 752.6473388671875 
579.66717529296875 23.419744491577148 752.26861572265625 
580.83660888671875 24.910623550415039 751.11651611328125 
580.67291259765625 21.741552352905273 750.79119873046875 
581.748046875 23.467245101928711 749.40728759765625 
581.52618408203125 21.001274108886719 748.71417236328125 
582.2452392578125 22.10734748840332 747.575927734375 
581.96282958984375 20.545623779296875 746.47857666015625 
583.0567626953125 22.071203231811523 745.35040283203125 
582.09857177734375 20.497274398803711 744.13507080078125 
583.6787109375 22.139303207397461 743.046142578125 
582.13909912109375 20.850337982177734 741.7479248046875 
583.58489990234375 22.014698028564453 740.67919921875 
581.8311767578125 21.071386337280273 739.39715576171875 
583.60552978515625 22.243087768554688 738.30145263671875 
581.47039794921875 21.514171600341797 737.1134033203125 
583.77301025390625 22.660636901855469 735.947509765625 
564.18621826171875 39.824668884277344 772.743896484375 
563.3343505859375 39.726097106933594 775.46966552734375 
563.6893310546875 38.525844573974609 773.4134521484375 
585.7093505859375 22.908906936645508 737.3160400390625 
564.054931640625 38.814998626708984 771.09967041015625 
564.4901123046875 39.830852508544922 770.12548828125 
564.43157958984375 39.267780303955078 768.8546142578125 
564.96368408203125 39.895336151123047 767.59765625 
564.8436279296875 38.837444305419922 766.3104248046875 
565.9127197265625 39.866111755371094 765.50616455078125 
566.83245849609375 39.377426147460938 763.539306640625 
585.2054443359375 22.678056716918945 739.271484375 
587.288330078125 23.095897674560547 739.08648681640625 
585.80767822265625 22.872781753540039 740.99969482421875 
588.379638671875 23.350671768188477 741.10198974609375 
586.63848876953125 23.326282501220703 742.9071044921875 
589.225830078125 23.777847290039062 743.16351318359375 
576.47174072265625 36.432441711425781 757.92315673828125 
587.4085693359375 23.990667343139648 744.8297119140625 
589.91796875 24.415987014770508 745.1795654296875 
588.14166259765625 24.972217559814453 746.80120849609375 
576.51580810546875 35.061416625976562 756.9228515625 
577.70001220703125 33.891788482666016 756.27880859375 
578.8406982421875 32.260795593261719 755.37969970703125 
579.66802978515625 30.467155456542969 754.3299560546875 
580.7266845703125 28.919981002807617 753.272216796875 
578.58709716796875 35.617778778076172 757.472412109375 
581.80413818359375 27.416971206665039 751.99810791015625 
585.08795166015625 23.973682403564453 746.4952392578125 
586.3358154296875 25.610742568969727 748.42230224609375 
582.7083740234375 25.851856231689453 750.475341796875 
583.71307373046875 24.655269622802734 748.6768798828125 
584.710693359375 26.462917327880859 750.05645751953125 
583.84771728515625 28.012992858886719 751.72125244140625 
583.6297607421875 29.941360473632812 753.25189208984375 
580.78533935546875 34.346649169921875 756.62921142578125 
583.8433837890625 33.532199859619141 756.1820068359375 
583.8533935546875 31.892307281494141 754.75933837890625 
581.5716552734375 32.397861480712891 755.1917724609375 
581.9344482421875 30.822816848754883 754.117431640625 
585.15423583984375 23.221321105957031 744.46966552734375 
605.72882080078125 -4.0770001411437988 803.13043212890625 
604.93890380859375 -2.6630797386169434 804.85113525390625 
604.93963623046875 -1.7679176330566406 803.23974609375 
633.560546875 -31.412162780761719 753.360107421875 
632.04791259765625 -33.291515350341797 752.829833984375 
632.9019775390625 -32.475322723388672 755.341552734375 
631.59521484375 -33.916694641113281 755.0562744140625 
631.2862548828125 -34.135444641113281 757.39068603515625 
604.83331298828125 -1.0428144931793213 801.56890869140625 
604.48455810546875 0.034804858267307281 800.09466552734375 
605.32232666015625 -2.3796036243438721 799.8907470703125 
604.9935302734375 -1.6148679256439209 798.3270263671875 
632.93548583984375 -31.633949279785156 758.045654296875 
631.58148193359375 -33.193935394287109 760.32440185546875 
616.0447998046875 -4.0755410194396973 738.02191162109375 
617.332763671875 -5.418269157409668 735.6497802734375 
617.30670166015625 -6.3062577247619629 738.88287353515625 
618.9683837890625 -8.101283073425293 735.52783203125 
605.6007080078125 -3.2481083869934082 801.49530029296875 
606.48516845703125 -5.6792116165161133 801.51513671875 
622.1201171875 -15.670658111572266 738.2088623046875 
622.19195556640625 -18.479509353637695 738.16058349609375 
619.13299560546875 -8.9688119888305664 738.22412109375 
620.288330078125 -10.945565223693848 735.2669677734375 
620.43365478515625 -11.262570381164551 738.043212890625 
621.39129638671875 -13.372867584228516 738.22271728515625 
605.7855224609375 -3.7443406581878662 798.0465087890625 
605.39080810546875 -2.9767830371856689 796.37249755859375 
632.2879638671875 -30.893503189086914 760.97119140625 
631.25787353515625 -32.307334899902344 763.0909423828125 
606.20880126953125 -5.0119128227233887 796.0458984375 
605.699951171875 -4.0671262741088867 794.264404296875 
606.58795166015625 -6.1264286041259766 793.9075927734375 
606.0128173828125 -5.0541496276855469 792.094970703125 
606.95806884765625 -7.111961841583252 791.66363525390625 
606.26629638671875 -5.7982954978942871 789.87188720703125 
607.30364990234375 -7.9310727119445801 789.39141845703125 
606.48175048828125 -6.3271470069885254 787.6104736328125 
607.64617919921875 -8.5846767425537109 787.06231689453125 
606.7506103515625 -6.7862405776977539 785.29595947265625 
607.94171142578125 -8.9803409576416016 784.68121337890625 
606.892822265625 -6.8399438858032227 782.9395751953125 
608.1590576171875 -9.0534791946411133 782.22515869140625 
607.01898193359375 -6.6820282936096191 780.57928466796875 
608.35565185546875 -8.9153289794921875 779.770263671875 
607.2384033203125 -6.5510082244873047 778.2415771484375 
608.59844970703125 -8.7115421295166016 777.37213134765625 
607.612548828125 -6.5714597702026367 775.9422607421875 
608.924560546875 -8.5400314331054688 775.055419921875 
608.0556640625 -6.5867781639099121 773.65533447265625 
609.3701171875 -8.4657211303710938 772.7667236328125 
608.5594482421875 -6.6010870933532715 771.330810546875 
609.91461181640625 -8.4491405487060547 770.4281005859375 
609.132080078125 -6.6098709106445312 768.93817138671875 
610.5169677734375 -8.4030523300170898 768.00439453125 
609.69232177734375 -6.4936580657958984 766.47137451171875 
611.08038330078125 -8.2165508270263672 765.5211181640625 
610.080810546875 -6.0454530715942383 763.9554443359375 
623.00640869140625 -16.306957244873047 740.33404541015625 
623.5035400390625 -19.765506744384766 739.60516357421875 
632.45220947265625 -29.384883880615234 747.08203125 
632.7520751953125 -31.060333251953125 749.0921630859375 
633.928466796875 -28.978666305541992 750.2891845703125 
633.81610107421875 -30.724458694458008 752.316650390625 
631.9801025390625 -27.707164764404297 746.04254150390625 
633.2410888671875 -27.189762115478516 748.92608642578125 
631.2672119140625 -30.200145721435547 763.59320068359375 
630.53509521484375 -31.829494476318359 765.52252197265625 
629.99066162109375 -29.448204040527344 765.96575927734375 
629.70947265625 -31.357257843017578 767.7105712890625 
628.86407470703125 -29.117231369018555 768.15167236328125 
628.7772216796875 -30.841251373291016 769.78656005859375 
627.74761962890625 -28.848421096801758 770.33392333984375 
627.73577880859375 -30.420759201049805 771.89544677734375 
626.6258544921875 -28.624919891357422 772.60345458984375 
626.626953125 -30.134536743164062 774.0931396484375 
625.49676513671875 -28.40736198425293 774.96697998046875 
625.49273681640625 -30.02672004699707 776.376953125 
624.37274169921875 -28.174205780029297 777.37237548828125 
624.30767822265625 -29.594993591308594 778.647705078125 
623.236083984375 -27.857692718505859 779.75103759765625 
623.13128662109375 -29.293642044067383 780.8765869140625 
622.06585693359375 -27.497163772583008 782.15509033203125 
621.963623046875 -28.979803085327148 783.004638671875 
620.9376220703125 -27.328256607055664 784.5341796875 
620.70330810546875 -28.858259201049805 785.072265625 
619.69903564453125 -27.540239334106445 786.870361328125 
619.6282958984375 -25.982173919677734 786.38629150390625 
618.55029296875 -26.435567855834961 788.6854248046875 
618.231201171875 -24.729995727539062 788.4638671875 
617.33251953125 -25.396221160888672 790.5247802734375 
616.64776611328125 -23.270112991333008 790.84002685546875 
616.0040283203125 -24.510164260864258 792.4605712890625 
615.11199951171875 -22.88330078125 793.720458984375 
615.09429931640625 -21.254465103149414 792.63140869140625 
614.09967041015625 -21.238325119018555 795.01763916015625 
613.74871826171875 -19.505208969116211 794.28558349609375 
612.96673583984375 -19.591117858886719 796.51361083984375 
612.73797607421875 -18.180780410766602 795.69384765625 
611.97882080078125 -17.691366195678711 797.5120849609375 
611.87408447265625 -16.524448394775391 795.96630859375 
611.0330810546875 -15.637538909912109 798.02703857421875 
610.83001708984375 -14.554886817932129 796.203369140625 
610.0740966796875 -13.547258377075195 798.25262451171875 
609.76025390625 -12.513162612915039 796.46917724609375 
609.107421875 -11.480527877807617 798.5255126953125 
608.7020263671875 -10.406082153320312 796.9407958984375 
608.167724609375 -9.4625473022460938 799.18536376953125 
607.58465576171875 -8.0163974761962891 797.7567138671875 
607.2919921875 -7.5071768760681152 800.170654296875 
606.133056640625 -4.5394806861877441 799.70208740234375 
606.8421630859375 -6.3198637962341309 799.40509033203125 
611.53594970703125 -7.8330206871032715 763.02105712890625 
610.17340087890625 -5.1499557495117188 761.531494140625 
611.96923828125 -7.4054546356201172 760.51556396484375 
610.84661865234375 -5.1398749351501465 759.08917236328125 
612.4278564453125 -7.0187363624572754 758.03485107421875 
611.330322265625 -4.8286428451538086 756.67498779296875 
612.7412109375 -6.4337382316589355 755.56903076171875 
611.41180419921875 -3.9329164028167725 754.37982177734375 
612.9261474609375 -5.6504650115966797 753.11358642578125 
611.3118896484375 -2.7645809650421143 752.200927734375 
613.1484375 -4.7690958976745605 750.33740234375 
611.24267578125 -1.59208083152771 750.0615234375 
612.65814208984375 -2.9413683414459229 748.0338134765625 
611.23931884765625 -0.4796907901763916 747.93408203125 
612.42572021484375 -1.7627209424972534 746.40802001953125 
611.54840087890625 0.15578722953796387 745.6878662109375 
613.04595947265625 -1.8757826089859009 744.51141357421875 
612.22760009765625 0.10418952256441116 743.4007568359375 
613.7904052734375 -2.0220623016357422 742.15338134765625 
613.0513916015625 -0.29533085227012634 741.1497802734375 
614.48565673828125 -2.0473980903625488 739.4495849609375 
615.4005126953125 -4.0354490280151367 740.7476806640625 
624.06036376953125 -17.498720169067383 742.16796875 
624.5181884765625 -21.793500900268555 740.7117919921875 
625.33111572265625 -18.992912292480469 743.56866455078125 
626.19281005859375 -23.019914627075195 741.53546142578125 
626.5845947265625 -20.174873352050781 745.1241455078125 
628.05706787109375 -23.24848747253418 743.09136962890625 
630.77349853515625 -26.693340301513672 744.86846923828125 
631.97088623046875 -25.499359130859375 747.80743408203125 
629.66986083984375 -24.722103118896484 744.3253173828125 
630.4925537109375 -23.947341918945312 747.11981201171875 
627.8505859375 -21.334171295166016 746.56243896484375 
628.9354248046875 -22.32026481628418 747.52081298828125 
633.7088623046875 -30.394044876098633 755.73712158203125 
634.07568359375 -29.518314361572266 753.21649169921875 
606.62652587890625 -5.8138484954833984 797.79901123046875 
607.131591796875 -7.120182991027832 795.7303466796875 
616.30218505859375 -5.9201459884643555 742.0889892578125 
618.04705810546875 -8.0421295166015625 740.84100341796875 
619.41705322265625 -9.8527412414550781 739.96746826171875 
620.41522216796875 -11.541082382202148 740.3958740234375 
621.677490234375 -13.691728591918945 740.6884765625 
608.17803955078125 -9.3291397094726562 795.260986328125 
607.59783935546875 -8.2630424499511719 793.47607421875 
632.87298583984375 -29.520435333251953 758.68414306640625 
633.31231689453125 -28.49730110168457 756.0145263671875 
631.5562744140625 -28.878543853759766 761.4129638671875 
630.03948974609375 -28.282556533813477 764.00140380859375 
628.601806640625 -27.806602478027344 766.34063720703125 
609.29937744140625 -11.504297256469727 794.71124267578125 
610.44146728515625 -13.574169158935547 794.357177734375 
611.62030029296875 -15.587421417236328 794.1082763671875 
612.7890625 -17.574352264404297 793.967041015625 
608.72186279296875 -10.439608573913574 792.97149658203125 
608.05609130859375 -9.2763347625732422 791.192626953125 
608.525146484375 -10.16976261138916 788.889404296875 
609.93377685546875 -12.585127830505371 792.539794921875 
609.2989501953125 -11.486004829406738 790.73907470703125 
611.1895751953125 -14.651371955871582 792.24658203125 
612.5181884765625 -16.710903167724609 791.9888916015625 
610.62298583984375 -13.637319564819336 790.406494140625 
611.99444580078125 -15.701329231262207 790.13592529296875 
614.10906982421875 -19.123804092407227 791.720703125 
613.45135498046875 -17.760868072509766 789.779052734375 
609.90496826171875 -12.439773559570312 788.457275390625 
611.3773193359375 -14.651141166687012 788.248291015625 
612.85540771484375 -16.709789276123047 788.05059814453125 
627.3192138671875 -27.4776611328125 768.61083984375 
631.87860107421875 -27.811679840087891 758.93927001953125 
608.97344970703125 -10.87388801574707 786.51611328125 
614.5855712890625 -3.8590238094329834 743.4130859375 
613.7220458984375 -3.591536283493042 745.827392578125 
615.4027099609375 -5.7031264305114746 744.8486328125 
614.3646240234375 -5.3337674140930176 747.52923583984375 
609.3089599609375 -11.21075439453125 784.0213623046875 
610.61029052734375 -13.371569633483887 785.92864990234375 
612.25408935546875 -15.699387550354004 786.23175048828125 
626.12982177734375 -27.228734970092773 770.96868896484375 
624.98138427734375 -27.028110504150391 773.49981689453125 
623.95941162109375 -26.920351028442383 776.066650390625 
622.9697265625 -26.737783432006836 778.4932861328125 
621.83160400390625 -26.332712173461914 780.967529296875 
620.4722900390625 -25.74085807800293 783.83001708984375 
614.605712890625 -7.5421452522277832 751.99188232421875 
615.24346923828125 -7.371741771697998 749.4178466796875 
614.31329345703125 -8.1530942916870117 754.49884033203125 
614.03759765625 -8.792750358581543 757.019287109375 
613.67901611328125 -9.3493680953979492 759.56658935546875 
613.23828125 -9.7990493774414062 762.095458984375 
609.5452880859375 -11.197867393493652 781.46636962890625 
609.78265380859375 -11.00989818572998 778.9058837890625 
609.95147705078125 -10.593610763549805 776.4234619140625 
610.23004150390625 -10.300951957702637 774.16033935546875 
610.7607421875 -10.293155670166016 771.90301513671875 
611.39727783203125 -10.303046226501465 769.515625 
612.05828857421875 -10.25200080871582 767.06500244140625 
610.75579833984375 -13.28325080871582 783.218505859375 
611.7991943359375 -14.897377967834473 784.48712158203125 
612.6915283203125 -10.104438781738281 764.59625244140625 
621.94915771484375 -14.373906135559082 743.42401123046875 
620.2579345703125 -11.826749801635742 742.7669677734375 
618.9853515625 -9.7779951095581055 742.020263671875 
617.24786376953125 -7.8071436882019043 743.48577880859375 
611.09747314453125 -13.326352119445801 780.6495361328125 
612.2718505859375 -15.255451202392578 782.52642822265625 
613.1270751953125 -16.619070053100586 784.30841064453125 
613.76934814453125 -17.674633026123047 786.01885986328125 
614.37396240234375 -18.691520690917969 787.6136474609375 
615.001953125 -19.823850631713867 789.11602783203125 
615.8353271484375 -21.349361419677734 790.1756591796875 
617.3265380859375 -23.012166976928711 788.4173583984375 
616.35601806640625 -21.513826370239258 788.267578125 
615.965576171875 -20.681390762329102 787.02313232421875 
615.41290283203125 -19.679122924804688 785.526611328125 
614.75262451171875 -18.592502593994141 783.958251953125 
618.7880859375 -24.365291595458984 786.325927734375 
617.48553466796875 -22.578907012939453 786.55657958984375 
618.8583984375 -23.719228744506836 784.39337158203125 
617.1636962890625 -21.740150451660156 784.9478759765625 
616.57379150390625 -20.665397644042969 783.346435546875 
618.46722412109375 -22.738182067871094 782.6431884765625 
620.23028564453125 -24.642543792724609 781.95648193359375 
621.49200439453125 -25.299503326416016 779.45458984375 
622.5487060546875 -25.762523651123047 777.31011962890625 
619.83734130859375 -23.632814407348633 780.17095947265625 
621.25579833984375 -24.443305969238281 777.65087890625 
617.82891845703125 -21.534114837646484 780.75958251953125 
619.52301025390625 -22.743547439575195 778.2379150390625 
613.9803466796875 -17.360784530639648 782.22357177734375 
615.7769775390625 -19.42582893371582 781.84716796875 
611.455322265625 -13.127111434936523 777.680419921875 
611.08465576171875 -11.950340270996094 775.3897705078125 
611.62078857421875 -12.069217681884766 773.423583984375 
612.33892822265625 -12.208267211914062 771.052734375 
613.06903076171875 -12.210908889770508 768.54559326171875 
613.7623291015625 -12.125858306884766 766.10101318359375 
614.4549560546875 -12.006313323974609 763.669189453125 
633.4140625 -27.343006134033203 752.80169677734375 
632.057373046875 -26.748729705810547 756.302490234375 
632.08233642578125 -25.358482360839844 751.20220947265625 
631.7799072265625 -25.683279037475586 754.10467529296875 
630.3956298828125 -23.692432403564453 750.3277587890625 
628.67041015625 -22.218774795532227 749.9639892578125 
629.98699951171875 -24.046331405639648 753.80169677734375 
628.341064453125 -22.476198196411133 752.71673583984375 
616.47283935546875 -7.8799405097961426 746.4835205078125 
618.45635986328125 -9.8267097473144531 744.4593505859375 
619.81048583984375 -11.90992546081543 745.26507568359375 
618.0933837890625 -10.086830139160156 746.57373046875 
617.10369873046875 -9.5500450134277344 748.64581298828125 
615.925048828125 -9.8480148315429688 753.4803466796875 
616.33111572265625 -9.4620695114135742 751.078125 
621.0123291015625 -13.818460464477539 746.50653076171875 
623.12420654296875 -16.200412750244141 745.28985595703125 
624.1142578125 -17.620960235595703 747.09893798828125 
625.04412841796875 -18.954404830932617 749.286376953125 
618.9761962890625 -11.623154640197754 747.7198486328125 
618.08941650390625 -11.311885833740234 750.0506591796875 
612.40753173828125 -13.707392692565918 775.1942138671875 
613.24603271484375 -14.015681266784668 772.77679443359375 
614.33306884765625 -14.39014720916748 770.02691650390625 
614.8292236328125 -13.986068725585938 767.42071533203125 
615.5650634765625 -13.938118934631348 765.0975341796875 
622.94232177734375 -25.351408004760742 774.92938232421875 
620.98956298828125 -23.536949157714844 775.6571044921875 
624.25396728515625 -25.605501174926758 771.834228515625 
622.33380126953125 -24.009439468383789 772.85882568359375 
625.472412109375 -25.831268310546875 769.17315673828125 
626.80303955078125 -26.150476455688477 766.6978759765625 
628.333984375 -26.583763122558594 764.26580810546875 
630.0845947265625 -27.146661758422852 761.709716796875 
630.21295166015625 -26.121480941772461 759.21270751953125 
630.25567626953125 -25.135200500488281 756.62103271484375 
623.59393310546875 -24.268621444702148 769.9840087890625 
624.94757080078125 -24.586650848388672 767.24139404296875 
626.47198486328125 -25.009702682495117 764.613037109375 
628.230224609375 -25.516168594360352 761.959716796875 
628.24530029296875 -24.555271148681641 759.5013427734375 
628.2071533203125 -23.618844985961914 757.0106201171875 
627.86102294921875 -22.741546630859375 755.10430908203125 
613.05889892578125 -15.765106201171875 779.85662841796875 
613.3531494140625 -15.430488586425781 776.97918701171875 
615.04443359375 -18.230377197265625 780.1697998046875 
616.57373046875 -19.946975708007812 780.01361083984375 
617.88330078125 -21.036712646484375 778.5098876953125 
619.20611572265625 -21.881103515625 776.3707275390625 
614.7864990234375 -17.432065963745117 778.0023193359375 
616.38006591796875 -19.336305618286133 778.3394775390625 
617.71337890625 -20.421659469604492 776.85589599609375 
616.529052734375 -18.880752563476562 775.95379638671875 
614.847900390625 -16.968606948852539 775.9764404296875 
614.0716552734375 -15.628997802734375 774.578125 
620.47161865234375 -22.428955078125 773.828125 
618.60345458984375 -20.777900695800781 774.75982666015625 
621.7066650390625 -22.756496429443359 771.032958984375 
619.792724609375 -21.192520141601562 772.14599609375 
617.81207275390625 -19.452123641967773 773.1728515625 
615.85858154296875 -17.540298461914062 773.958251953125 
615.09716796875 -16.066818237304688 772.14178466796875 
617.0396728515625 -18.04926872253418 771.4713134765625 
616.28826904296875 -16.61151123046875 769.78668212890625 
615.852783203125 -15.533914566040039 768.259521484375 
616.55706787109375 -15.59348201751709 766.33551025390625 
619.0115966796875 -19.845348358154297 770.55712890625 
618.18798828125 -18.434053421020508 769.0357666015625 
617.39849853515625 -17.036243438720703 767.603271484375 
620.939697265625 -21.429269790649414 769.42822265625 
622.99786376953125 -22.927177429199219 767.88446044921875 
620.08233642578125 -20.047325134277344 768.01129150390625 
621.875 -21.405378341674805 766.747314453125 
619.2178955078125 -18.640422821044922 766.64788818359375 
618.32330322265625 -17.190385818481445 765.3619384765625 
621.03472900390625 -20.071437835693359 765.42144775390625 
617.38531494140625 -15.647934913635254 764.08917236328125 
616.3402099609375 -13.880236625671387 762.6806640625 
615.06219482421875 -11.732418060302734 761.13958740234375 
615.43817138671875 -11.166876792907715 758.534423828125 
615.67236328125 -10.467860221862793 755.9610595703125 
617.55682373046875 -11.443191528320312 752.3037109375 
617.3433837890625 -12.014248847961426 754.63299560546875 
617.23089599609375 -12.78300952911377 757.12445068359375 
617.22247314453125 -13.819106101989746 759.91064453125 
618.23114013671875 -15.701092720031738 761.79766845703125 
618.99884033203125 -12.764205932617188 751.05487060546875 
619.9334716796875 -13.242971420288086 749.060791015625 
621.8941650390625 -15.336095809936523 748.2039794921875 
619.008544921875 -13.385417938232422 752.89007568359375 
620.53802490234375 -14.480100631713867 750.7398681640625 
622.48663330078125 -16.53516960144043 750.2081298828125 
626.9840087890625 -20.778154373168945 749.76739501953125 
626.62945556640625 -21.030305862426758 752.43719482421875 
626.36407470703125 -21.47905158996582 754.905517578125 
624.74755859375 -19.377552032470703 752.3582763671875 
624.64276123046875 -19.95806884765625 754.8023681640625 
622.7489013671875 -17.458425521850586 752.534423828125 
620.77288818359375 -15.404169082641602 752.853759765625 
619.01092529296875 -14.162863731384277 755.18255615234375 
619.0985107421875 -15.081003189086914 757.525634765625 
619.41534423828125 -16.185001373291016 759.5843505859375 
622.80316162109375 -18.213680267333984 754.9013671875 
620.88995361328125 -16.264455795288086 755.14739990234375 
621.03924560546875 -17.153085708618164 757.3282470703125 
622.82647705078125 -18.957202911376953 757.1773681640625 
624.48455810546875 -20.58867073059082 757.30535888671875 
626.23193359375 -22.136457443237305 757.36077880859375 
619.7767333984375 -17.154224395751953 761.11322021484375 
621.12738037109375 -17.972555160522461 759.4022216796875 
619.15301513671875 -17.211091995239258 763.06024169921875 
620.123046875 -18.669178009033203 764.18212890625 
626.25958251953125 -23.041667938232422 759.8826904296875 
626.34124755859375 -24.019207000732422 762.333740234375 
624.7071533203125 -23.556371688842773 765.09771728515625 
623.36541748046875 -22.370372772216797 765.3731689453125 
622.80950927734375 -21.319545745849609 763.97601318359375 
624.14141845703125 -21.351203918457031 760.48193359375 
622.6192626953125 -19.606718063354492 759.701904296875 
620.8370361328125 -18.491384506225586 761.6781005859375 
621.95550537109375 -19.971343994140625 762.59051513671875 
624.55865478515625 -22.601385116577148 762.88311767578125 
596.9649658203125 48.142036437988281 677.13470458984375 
615.7940673828125 -2.8557496070861816 735.354736328125 
614.654541015625 -1.4817997217178345 737.15283203125 
614.51898193359375 -0.37535539269447327 734.45428466796875 
598.88006591796875 47.622966766357422 678.357666015625 
598.29541015625 49.346324920654297 676.96844482421875 
600.2474365234375 49.076614379882812 678.11871337890625 
599.72845458984375 50.663581848144531 676.75689697265625 
602.01519775390625 50.834110260009766 677.7725830078125 
602.02874755859375 52.848606109619141 676.30694580078125 
604.266845703125 0.43514806032180786 798.0592041015625 
603.83367919921875 2.0224196910858154 799.4932861328125 
604.61419677734375 -0.88934624195098877 796.3929443359375 
608.92449951171875 56.126449584960938 677.8095703125 
610.38616943359375 56.348106384277344 678.25787353515625 
609.80413818359375 55.351734161376953 679.07684326171875 
611.67901611328125 55.496776580810547 679.828125 
604.8740234375 -1.9531036615371704 794.491943359375 
603.62591552734375 2.3500945568084717 797.42578125 
603.20745849609375 4.0616302490234375 798.771240234375 
605.11260986328125 -2.8852543830871582 792.46307373046875 
605.3482666015625 -3.6798050403594971 790.38165283203125 
605.54925537109375 -4.2769932746887207 788.2760009765625 
610.88104248046875 54.137863159179688 680.32196044921875 
613.1158447265625 54.459449768066406 681.035400390625 
612.09765625 52.593006134033203 681.55108642578125 
614.5377197265625 53.157516479492188 682.0654296875 
613.55352783203125 51.055568695068359 682.67034912109375 
616.008544921875 51.6795654296875 682.94097900390625 
602.99810791015625 4.3801217079162598 796.57379150390625 
602.6134033203125 6.1452250480651855 797.93646240234375 
605.73046875 -4.6923246383666992 786.11737060546875 
605.8785400390625 -4.873262882232666 783.88226318359375 
606.0032958984375 -4.8370628356933594 781.571044921875 
624.10638427734375 47.894702911376953 683.31707763671875 
624.49517822265625 45.402492523193359 683.66949462890625 
624.7381591796875 43.280937194824219 683.92401123046875 
623.5753173828125 41.949348449707031 685.1876220703125 
622.4771728515625 40.337368011474609 686.51385498046875 
621.40679931640625 38.888278961181641 687.8963623046875 
620.26202392578125 37.644504547119141 689.448974609375 
618.441162109375 36.780235290527344 691.42657470703125 
620.4027099609375 34.441608428955078 690.55072021484375 
618.4327392578125 35.355903625488281 692.54742431640625 
619.38525390625 33.693881988525391 692.5201416015625 
616.73101806640625 34.976852416992188 694.15277099609375 
618.10272216796875 33.2596435546875 694.534423828125 
604.33172607421875 54.837696075439453 675.98577880859375 
606.42095947265625 56.111850738525391 675.823974609375 
606.4307861328125 55.020484924316406 677.29803466796875 
608.08935546875 54.883251190185547 678.45751953125 
621.2183837890625 49.485637664794922 683.81280517578125 
621.43780517578125 47.201969146728516 684.53021240234375 
602.3890380859375 6.5517635345458984 795.74249267578125 
602.04595947265625 8.2723884582519531 797.117919921875 
601.81304931640625 8.7697839736938477 794.9010009765625 
601.4930419921875 10.401504516601562 796.3343505859375 
601.23516845703125 11.107149124145508 794.12225341796875 
600.95367431640625 12.477664947509766 795.52972412109375 
600.60638427734375 13.679386138916016 793.529296875 
605.80572509765625 24.592050552368164 718.4820556640625 
604.5455322265625 25.596391677856445 717.01751708984375 
606.87158203125 24.855714797973633 716.48614501953125 
605.56121826171875 25.966236114501953 714.856201171875 
606.8359375 23.549629211425781 719.99481201171875 
607.94842529296875 23.685592651367188 718.08001708984375 
607.6456298828125 22.449199676513672 721.5604248046875 
608.81072998046875 22.465551376342773 719.671142578125 
606.1572265625 -4.6982579231262207 779.2257080078125 
608.2257080078125 21.29133415222168 723.20068359375 
609.45416259765625 21.162801742553711 721.30487060546875 
600.825439453125 47.283649444580078 679.48236083984375 
601.50555419921875 45.339206695556641 680.50152587890625 
618.47698974609375 50.740333557128906 683.52203369140625 
618.36004638671875 48.616928100585938 684.29669189453125 
615.61541748046875 49.764942169189453 683.608642578125 
606.43280029296875 -4.6354703903198242 776.86822509765625 
606.82049560546875 -4.6429023742675781 774.53192138671875 
607.2774658203125 -4.6735649108886719 772.21502685546875 
607.78070068359375 -4.6882414817810059 769.88934326171875 
608.2685546875 -4.582484245300293 767.534423828125 
608.6837158203125 -4.2824053764343262 765.15618896484375 
608.98150634765625 -3.7544419765472412 762.7855224609375 
607.9312744140625 25.251857757568359 714.4234619140625 
606.434814453125 26.433193206787109 712.71588134765625 
604.19354248046875 53.053234100341797 677.38006591796875 
600.94049072265625 11.968776702880859 791.8897705078125 
600.30926513671875 14.765224456787109 791.408447265625 
600.647216796875 12.921144485473633 789.5311279296875 
600.069580078125 15.796014785766602 789.203857421875 
600.38201904296875 14.063811302185059 787.1805419921875 
599.94580078125 16.608230590820312 786.850341796875 
600.21685791015625 15.205835342407227 784.96807861328125 
599.88720703125 17.520656585693359 784.47198486328125 
600.18927001953125 16.03179931640625 782.796875 
599.92755126953125 18.442581176757812 782.0654296875 
600.30499267578125 16.488006591796875 780.5220947265625 
600.1746826171875 18.786720275878906 779.577880859375 
600.5379638671875 16.691125869750977 778.19036865234375 
600.52435302734375 19.062482833862305 777.09906005859375 
600.84906005859375 16.646144866943359 775.91326904296875 
600.97320556640625 18.861166000366211 774.68609619140625 
601.18017578125 16.321001052856445 773.78680419921875 
601.41400146484375 18.403720855712891 772.3441162109375 
601.4788818359375 15.512801170349121 771.79669189453125 
601.76641845703125 17.130681991577148 770.3267822265625 
613.4300537109375 0.15133979916572571 738.5863037109375 
608.93963623046875 25.74516487121582 712.29022216796875 
607.09259033203125 27.18389892578125 710.60723876953125 
601.79718017578125 14.644092559814453 769.7047119140625 
602.09405517578125 16.639968872070312 768.0758056640625 
610.3734130859375 26.671665191650391 709.8663330078125 
607.3223876953125 28.293022155761719 708.452880859375 
610.51690673828125 28.239143371582031 707.427734375 
607.65887451171875 29.373500823974609 706.28851318359375 
610.5919189453125 29.549259185791016 705.30853271484375 
607.64556884765625 30.46611213684082 704.12188720703125 
610.6748046875 30.767471313476562 703.2125244140625 
607.86083984375 31.470375061035156 701.968505859375 
610.885498046875 31.929096221923828 701.13824462890625 
608.15130615234375 32.478183746337891 699.85943603515625 
611.169677734375 33.106704711914062 699.06689453125 
608.16949462890625 33.492950439453125 697.77264404296875 
611.4537353515625 34.510471343994141 696.80706787109375 
607.9622802734375 34.498111724853516 695.6861572265625 
610.18408203125 35.645401000976562 694.9674072265625 
607.595458984375 35.492431640625 693.594482421875 
610.89251708984375 37.054859161376953 693.2896728515625 
607.0941162109375 36.47906494140625 691.50445556640625 
610.00653076171875 38.723522186279297 691.1363525390625 
606.578125 37.46453857421875 689.38037109375 
608.40203857421875 39.803543090820312 689.30780029296875 
606.02593994140625 38.429931640625 687.431640625 
607.79541015625 41.151832580566406 687.76190185546875 
605.64105224609375 40.175212860107422 685.9617919921875 
607.49493408203125 42.657100677490234 686.35418701171875 
605.21661376953125 41.969291687011719 684.59161376953125 
607.1195068359375 44.253837585449219 684.9049072265625 
604.38311767578125 43.446727752685547 683.1708984375 
602.16357421875 14.210601806640625 767.4146728515625 
602.384033203125 16.600414276123047 765.7369384765625 
602.52679443359375 13.825985908508301 765.10858154296875 
602.652587890625 15.849516868591309 763.494873046875 
602.9127197265625 13.274005889892578 762.7366943359375 
602.92529296875 15.482924461364746 761.158203125 
603.44268798828125 12.471097946166992 759.9185791015625 
603.14129638671875 15.684285163879395 758.79205322265625 
603.7220458984375 13.27015209197998 757.22723388671875 
603.34674072265625 15.820865631103516 756.45831298828125 
603.90045166015625 13.766718864440918 755.35565185546875 
603.7373046875 15.172761917114258 754.19720458984375 
604.36578369140625 13.086647033691406 753.45709228515625 
604.1343994140625 14.803041458129883 751.8917236328125 
604.90386962890625 12.617910385131836 751.18048095703125 
604.5714111328125 14.507655143737793 749.57379150390625 
605.46002197265625 12.358877182006836 748.7822265625 
604.99603271484375 14.407536506652832 747.2396240234375 
606.0125732421875 12.309572219848633 746.27764892578125 
605.33819580078125 14.60211181640625 744.886962890625 
606.47662353515625 12.575060844421387 743.7410888671875 
605.63336181640625 14.936026573181152 742.55047607421875 
606.8380126953125 13.057956695556641 741.29742431640625 
607.420166015625 13.276413917541504 738.62725830078125 
607.63470458984375 14.359311103820801 735.99713134765625 
607.938232421875 15.28101634979248 733.6380615234375 
608.27801513671875 16.284948348999023 731.31134033203125 
608.77349853515625 17.337636947631836 728.7540283203125 
608.695068359375 18.928384780883789 726.588623046875 
607.0330810546875 20.720952987670898 726.344482421875 
608.6536865234375 20.100591659545898 724.7371826171875 
607.34320068359375 21.391641616821289 724.4390869140625 
609.9149169921875 19.759654998779297 722.93792724609375 
606.278076171875 45.723415374755859 683.42596435546875 
603.1029052734375 44.61566162109375 681.807373046875 
609.3316650390625 -3.2926061153411865 760.41839599609375 
609.78143310546875 -3.0155670642852783 758.1490478515625 
610.02392578125 -2.4568188190460205 756.05902099609375 
610.0015869140625 -1.436909556388855 754.0247802734375 
609.91156005859375 -0.20234334468841553 751.9361572265625 
609.87347412109375 1.0973634719848633 749.70635986328125 
609.9801025390625 2.4018583297729492 747.08831787109375 
610.77947998046875 2.3417773246765137 744.392333984375 
611.46563720703125 2.2904369831085205 741.97723388671875 
612.103271484375 2.2359116077423096 739.57952880859375 
615.03778076171875 21.270200729370117 710.69842529296875 
614.9755859375 19.531063079833984 712.20440673828125 
613.84808349609375 21.296665191650391 713.04766845703125 
614.09918212890625 18.890247344970703 714.9609375 
615.1143798828125 22.987602233886719 709.17120361328125 
613.56988525390625 23.192516326904297 711.40057373046875 
615.3663330078125 24.491373062133789 707.43902587890625 
613.306640625 24.964906692504883 709.72650146484375 
615.58636474609375 25.94532585144043 705.66119384765625 
613.194580078125 26.60746955871582 707.87786865234375 
615.55877685546875 27.516908645629883 704.02099609375 
613.2462158203125 28.076082229614258 705.9478759765625 
615.61712646484375 28.945728302001953 702.26336669921875 
613.277587890625 29.444807052612305 704.016845703125 
616.00482177734375 30.120019912719727 700.32550048828125 
613.42999267578125 30.728504180908203 702.03411865234375 
616.6802978515625 31.096372604370117 698.2808837890625 
613.819091796875 31.905876159667969 700.020751953125 
617.5794677734375 31.943511962890625 696.23406982421875 
614.42095947265625 33.038425445556641 698.00250244140625 
615.299560546875 34.148666381835938 696.00634765625 
613.67388916015625 0.48538696765899658 736.603515625 
613.5623779296875 1.9742422103881836 733.01995849609375 
613.15692138671875 2.0088040828704834 735.29461669921875 
612.82550048828125 4.3379693031311035 731.57379150390625 
612.47857666015625 4.0220394134521484 734.100830078125 
612.21014404296875 6.8508167266845703 730.43218994140625 
611.802001953125 6.2722029685974121 733.11822509765625 
605.34918212890625 47.241558074951172 681.9312744140625 
602.8548583984375 47.085197448730469 680.69012451171875 
612.26519775390625 8.4041862487792969 728.38720703125 
611.3809814453125 9.7183494567871094 730.25518798828125 
611.0797119140625 8.7297458648681641 732.49786376953125 
612.69610595703125 9.2279062271118164 726.02020263671875 
611.71710205078125 10.812296867370605 728.1014404296875 
613.0887451171875 10.33100414276123 723.8701171875 
612.13543701171875 11.851431846618652 725.974609375 
613.4814453125 11.610367774963379 721.83966064453125 
612.525146484375 13.059695243835449 723.976318359375 
613.66607666015625 13.598149299621582 720.22589111328125 
612.85662841796875 14.390045166015625 722.10650634765625 
613.83740234375 15.456127166748047 718.51568603515625 
613.04986572265625 15.903417587280273 720.41064453125 
613.99456787109375 17.186574935913086 716.72381591796875 
613.084228515625 17.600013732910156 718.75079345703125 
613.0146484375 19.318197250366211 717.0198974609375 
612.7342529296875 21.158987045288086 715.27294921875 
604.0140380859375 0.86704784631729126 796.32403564453125 
604.1375732421875 0.13671228289604187 794.6707763671875 
604.328125 -0.77282941341400146 792.73736572265625 
608.6358642578125 53.588111877441406 679.51263427734375 
606.39910888671875 53.181232452392578 678.5484619140625 
604.53021240234375 -1.5944851636886597 790.74127197265625 
604.74102783203125 -2.2998995780944824 788.783203125 
604.88665771484375 -2.7203078269958496 786.8306884765625 
603.44390869140625 2.4326775074005127 795.074951171875 
621.56280517578125 44.625530242919922 685.40283203125 
609.46746826171875 51.821151733398438 680.79913330078125 
610.5777587890625 50.120456695556641 682.16180419921875 
602.3748779296875 48.925670623779297 679.322998046875 
604.28790283203125 50.843090057373047 678.9783935546875 
604.71337890625 48.937717437744141 680.477294921875 
606.77496337890625 51.100643157958984 680.04241943359375 
607.478515625 49.308624267578125 681.44073486328125 
608.56231689453125 47.764919281005859 682.89605712890625 
604.97259521484375 -2.8778350353240967 784.72857666015625 
605.048828125 -2.8772103786468506 782.514404296875 
605.1512451171875 -2.753218412399292 780.216552734375 
602.7484130859375 4.7686901092529297 794.371826171875 
610.25189208984375 46.218784332275391 684.5462646484375 
612.63726806640625 2.2006096839904785 737.365234375 
612.1993408203125 3.7387533187866211 736.04669189453125 
611.49456787109375 5.6730208396911621 735.49078369140625 
610.76104736328125 7.9504718780517578 734.80169677734375 
618.07550048828125 46.431976318359375 685.23779296875 
609.047119140625 23.940193176269531 716.06732177734375 
602.1468505859375 6.9462103843688965 793.48858642578125 
601.55072021484375 9.3207969665527344 792.60565185546875 
610.1727294921875 24.311880111694336 713.99786376953125 
609.9244384765625 22.567174911499023 717.6895751953125 
611.0235595703125 22.754074096679688 715.655517578125 
610.57513427734375 21.121088027954102 719.3382568359375 
611.01483154296875 19.594217300415039 720.9903564453125 
611.638427734375 21.131418228149414 717.32440185546875 
612.012451171875 19.491975784301758 719.00958251953125 
605.32769775390625 -2.6115658283233643 777.8470458984375 
605.63037109375 -2.5840189456939697 775.4794921875 
606.04901123046875 -2.6403498649597168 773.13140869140625 
606.51629638671875 -2.6972866058349609 770.82000732421875 
606.990966796875 -2.6753890514373779 768.514404296875 
607.414306640625 -2.4835383892059326 766.21502685546875 
607.74468994140625 -2.0669035911560059 763.9171142578125 
608.05633544921875 -1.5663703680038452 761.58367919921875 
612.18194580078125 48.663784027099609 683.44757080078125 
614.75244140625 47.536037445068359 684.53753662109375 
603.6273193359375 1.3702874183654785 792.98748779296875 
603.0740966796875 3.2626454830169678 793.15985107421875 
602.56207275390625 4.9219450950622559 792.12994384765625 
603.791015625 0.52119070291519165 790.99249267578125 
604.01361083984375 -0.33424597978591919 789.02423095703125 
604.26824951171875 -1.1187273263931274 787.4505615234375 
604.20867919921875 -0.98711127042770386 785.6787109375 
604.1990966796875 -0.89035427570343018 783.495361328125 
604.21826171875 -0.72240054607391357 781.2213134765625 
604.29791259765625 -0.52203100919723511 778.89227294921875 
603.1136474609375 2.7380058765411377 791.299072265625 
603.29248046875 1.8120614290237427 789.1253662109375 
603.65179443359375 0.56926447153091431 787.1298828125 
601.93060302734375 7.192939281463623 791.05548095703125 
601.26580810546875 9.9440841674804688 790.15289306640625 
620.25457763671875 42.653129577636719 686.71844482421875 
617.412353515625 44.445075988769531 686.36474609375 
619.22344970703125 41.002593994140625 688.0509033203125 
618.271484375 39.629592895507812 689.377685546875 
616.7076416015625 38.706718444824219 690.78704833984375 
613.958740234375 38.146690368652344 692.0963134765625 
604.51416015625 -0.42871829867362976 776.50396728515625 
604.8751220703125 -0.48740455508232117 774.12127685546875 
605.32135009765625 -0.60245656967163086 771.78594970703125 
605.79010009765625 -0.66744780540466309 769.50042724609375 
606.2264404296875 -0.58391338586807251 767.23162841796875 
606.5810546875 -0.25405201315879822 764.94384765625 
606.86676025390625 0.31382614374160767 762.55926513671875 
615.23492431640625 36.603099822998047 693.3104248046875 
613.24066162109375 35.699684143066406 694.91680908203125 
611.45635986328125 24.727577209472656 711.83123779296875 
612.19842529296875 23.01500129699707 713.542236328125 
612.2039794921875 17.840621948242188 720.65228271484375 
611.31842041015625 17.939334869384766 722.5743408203125 
612.28350830078125 16.361906051635742 721.98486328125 
611.6546630859375 15.846869468688965 724.007568359375 
611.38623046875 14.335522651672363 726.0386962890625 
611.01611328125 13.253939628601074 727.9666748046875 
610.189453125 18.231689453125 724.60443115234375 
610.25762939453125 16.672021865844727 726.37066650390625 
610.285888671875 15.293224334716797 727.81072998046875 
609.7513427734375 14.742181777954102 729.70428466796875 
613.27288818359375 39.549442291259766 690.7847900390625 
610.60003662109375 12.283032417297363 730.04852294921875 
610.9373779296875 40.160560607910156 689.9674072265625 
615.47039794921875 40.026557922363281 690.0350341796875 
615.9097900390625 41.194587707519531 688.96014404296875 
609.3330078125 13.783866882324219 731.8914794921875 
613.12554931640625 40.858871459960938 689.55792236328125 
610.2481689453125 11.27953052520752 732.1939697265625 
616.5390625 42.712982177734375 687.66693115234375 
609.9559326171875 10.327698707580566 734.3720703125 
613.930908203125 45.525398254394531 685.73681640625 
613.45733642578125 43.797554016113281 687.01214599609375 
609.00823974609375 12.802712440490723 734.09161376953125 
610.25006103515625 44.296436309814453 686.09869384765625 
608.76385498046875 11.799652099609375 736.33587646484375 
613.16046142578125 42.256542205810547 688.30712890625 
609.72186279296875 9.3898658752441406 736.55865478515625 
610.522705078125 7.1285233497619629 737.0347900390625 
610.29510498046875 42.729572296142578 687.4678955078125 
608.69073486328125 10.612863540649414 738.44659423828125 
607.86566162109375 11.405500411987305 740.2254638671875 
609.59393310546875 8.3550224304199219 738.66552734375 
608.68048095703125 9.3820104598999023 740.47491455078125 
610.4832763671875 41.315605163574219 688.76251220703125 
611.39453125 4.6121578216552734 737.8515625 
610.35382080078125 6.3940830230712891 738.9293212890625 
610.78717041015625 4.5946259498596191 740.3408203125 
609.6424560546875 7.003662109375 740.67608642578125 
609.90704345703125 5.0410404205322266 742.92071533203125 
607.6387939453125 10.726578712463379 742.24957275390625 
608.6160888671875 8.1373462677001953 742.71875 
607.31512451171875 9.8250255584716797 744.981201171875 
608.55755615234375 6.8183951377868652 744.99932861328125 
609.54937744140625 4.3775219917297363 745.305419921875 
606.5107421875 10.062274932861328 747.81915283203125 
607.560302734375 7.9789633750915527 746.88787841796875 
605.82403564453125 10.27699089050293 750.40374755859375 
605.10552978515625 10.827729225158691 752.89141845703125 
604.40386962890625 11.704093933105469 755.21917724609375 
608.5069580078125 5.522003173828125 747.18389892578125 
608.4981689453125 4.0918388366699219 749.46356201171875 
607.11322021484375 7.4358491897583008 749.39263916015625 
606.0758056640625 8.3150691986083984 752.22674560546875 
607.25787353515625 5.4904608726501465 751.80035400390625 
605.2027587890625 9.1930122375488281 754.77313232421875 
608.55889892578125 2.5610129833221436 751.771728515625 
608.6893310546875 1.0833941698074341 753.90380859375 
608.83258056640625 -0.23075705766677856 755.86236572265625 
608.95037841796875 -1.247979998588562 757.466552734375 
608.47222900390625 -1.2613356113433838 759.31195068359375 
607.26776123046875 0.70173364877700806 760.12359619140625 
606.2406005859375 6.5212588310241699 754.2335205078125 
607.4222412109375 3.7702226638793945 753.94683837890625 
607.6336669921875 2.1306469440460205 755.9803466796875 
607.9208984375 0.53056532144546509 757.851318359375 
603.47821044921875 1.0083721876144409 784.855712890625 
603.3887939453125 1.3348017930984497 782.4063720703125 
603.36541748046875 1.6516612768173218 779.99310302734375 
603.47979736328125 1.8237837553024292 777.593017578125 
603.77203369140625 1.7800211906433105 775.18817138671875 
604.17864990234375 1.6314654350280762 772.82244873046875 
604.65142822265625 1.4760226011276245 770.52099609375 
605.093994140625 1.4548965692520142 768.2867431640625 
605.4737548828125 1.6688672304153442 766.0311279296875 
605.75335693359375 2.23512864112854 763.6600341796875 
605.9833984375 3.1919665336608887 760.8902587890625 
602.49871826171875 4.5529556274414062 789.3568115234375 
602.93927001953125 2.7134377956390381 786.80322265625 
601.68414306640625 7.5326695442199707 788.35748291015625 
602.18072509765625 5.2171053886413574 786.2978515625 
600.934814453125 10.789361000061035 787.2435302734375 
600.53076171875 12.819234848022461 785.0557861328125 
600.35992431640625 14.15851879119873 783.44403076171875 
600.387451171875 14.357525825500488 781.52734375 
600.498046875 14.53809642791748 779.27410888671875 
600.697509765625 14.526939392089844 777.014892578125 
600.960205078125 14.340914726257324 774.8824462890625 
601.22412109375 14.12987232208252 773.1240234375 
601.54998779296875 12.311775207519531 771.38458251953125 
602.0330810546875 11.751429557800293 768.89495849609375 
604.330322265625 10.422699928283691 757.3114013671875 
605.31903076171875 7.4787120819091797 756.76568603515625 
606.45086669921875 4.7301459312438965 756.23370361328125 
606.7528076171875 2.8376748561859131 758.2427978515625 
605.6080322265625 5.4665985107421875 758.65399169921875 
604.36883544921875 8.5543498992919922 759.66339111328125 
604.98724365234375 5.9224705696105957 760.728515625 
604.9295654296875 4.8909296989440918 762.7081298828125 
603.44464111328125 10.383913993835449 762.1427001953125 
604.1708984375 7.5364694595336914 762.15960693359375 
604.72454833984375 4.1236090660095215 765.00201416015625 
604.3970947265625 3.7447655200958252 767.2474365234375 
604.01190185546875 6.6722750663757324 764.2435302734375 
603.49249267578125 8.902256965637207 763.71636962890625 
604.00054931640625 3.6654202938079834 769.432861328125 
603.55029296875 3.7808637619018555 771.671875 
603.103515625 4.0172710418701172 773.95953369140625 
603.7139892578125 6.246427059173584 766.39306640625 
603.158447265625 8.8237438201904297 765.554931640625 
603.33221435546875 6.1056809425354004 768.5582275390625 
602.921875 6.1551351547241211 770.715576171875 
602.4852294921875 6.3522658348083496 772.96405029296875 
602.7515869140625 8.7969684600830078 767.72216796875 
602.309814453125 8.9229011535644531 769.945068359375 
601.89776611328125 9.0335273742675781 772.1715087890625 
602.90032958984375 11.189817428588867 764.38006591796875 
602.46453857421875 11.488872528076172 766.609130859375 
601.22412109375 11.870499610900879 773.65191650390625 
600.93609619140625 12.039960861206055 775.8079833984375 
601.52587890625 9.2014217376708984 774.43402099609375 
602.0595703125 6.6932992935180664 775.31256103515625 
602.72235107421875 4.2498979568481445 776.3670654296875 
600.70965576171875 12.273619651794434 778.10089111328125 
600.58892822265625 12.347847938537598 780.46661376953125 
600.5562744140625 12.38725757598877 782.81903076171875 
601.1943359375 9.5627336502075195 776.77734375 
600.98681640625 9.8254661560058594 779.25103759765625 
601.73388671875 6.9956459999084473 777.799072265625 
602.5009765625 4.2899889945983887 778.87066650390625 
602.53216552734375 3.8934979438781738 781.44677734375 
601.5841064453125 7.0709872245788574 780.72613525390625 
602.71600341796875 3.2828686237335205 784.111083984375 
601.9132080078125 5.8953661918640137 783.46356201171875 
601.44671630859375 7.9430675506591797 785.529541015625 
600.88714599609375 10.396430015563965 784.35308837890625 
600.8929443359375 10.109133720397949 781.7969970703125 
601.29107666015625 8.286128044128418 783.16387939453125 
590.85955810546875 23.838779449462891 743.22540283203125 
563.75531005859375 32.935497283935547 685.63916015625 
564.9833984375 33.142501831054688 683.68975830078125 
566.59735107421875 32.222530364990234 685.35443115234375 
565.1328125 32.324985504150391 687.2431640625 
567.44854736328125 31.687379837036133 687.4241943359375 
562.49957275390625 32.679954528808594 687.65728759765625 
590.3076171875 23.463905334472656 741.16351318359375 
592.1741943359375 23.429965972900391 741.42156982421875 
602.0963134765625 26.329797744750977 717.3944091796875 
603.726806640625 25.3267822265625 718.77685546875 
601.1943359375 25.982522964477539 719.44390869140625 
602.8189697265625 24.98272705078125 720.9095458984375 
600.3583984375 27.253786087036133 716.04315185546875 
599.45538330078125 26.925102233886719 717.96966552734375 
561.6046142578125 32.396903991699219 689.79949951171875 
563.97607421875 32.233295440673828 689.2174072265625 
561.8795166015625 32.080055236816406 692.23443603515625 
563.65570068359375 32.027690887451172 691.45184326171875 
566.322021484375 31.853397369384766 689.09661865234375 
568.41973876953125 31.36292839050293 689.51251220703125 
589.45660400390625 23.278017044067383 739.13739013671875 
598.947998046875 27.974897384643555 714.4375 
597.74847412109375 27.750892639160156 716.3349609375 
597.7318115234375 28.522914886474609 712.73223876953125 
596.23553466796875 28.373119354248047 714.5277099609375 
596.45684814453125 29.068363189697266 711.04425048828125 
594.8585205078125 29.002851486206055 712.550537109375 
594.07867431640625 29.454727172851562 710.14837646484375 
600.3695068359375 25.578241348266602 721.52496337890625 
602.0477294921875 24.543384552001953 723.06951904296875 
599.69171142578125 25.067899703979492 723.6319580078125 
601.41748046875 23.996213912963867 725.28387451171875 
562.1468505859375 33.969093322753906 719.483642578125 
560.69891357421875 33.774772644042969 717.76654052734375 
562.3603515625 35.036449432373047 717.3067626953125 
560.69610595703125 34.416721343994141 715.66192626953125 
567.3770751953125 31.535837173461914 691.29461669921875 
569.50201416015625 31.148761749267578 691.61090087890625 
599.16937255859375 24.456447601318359 725.78460693359375 
600.9908447265625 23.358787536621094 727.539306640625 
598.50506591796875 23.903228759765625 727.89520263671875 
599.9154052734375 22.986745834350586 729.69512939453125 
597.49639892578125 23.477108001708984 730.00079345703125 
598.82110595703125 22.699714660644531 731.8634033203125 
596.41131591796875 23.186553955078125 732.03411865234375 
597.73291015625 22.537509918212891 734.02178955078125 
595.2808837890625 23.045692443847656 733.98052978515625 
596.47607421875 22.58073616027832 736.06097412109375 
594.10479736328125 23.028945922851562 735.870361328125 
595.23248291015625 22.757390975952148 738.04315185546875 
592.9041748046875 23.108610153198242 737.65411376953125 
593.80706787109375 23.068948745727539 739.8272705078125 
591.6192626953125 23.267890930175781 739.36273193359375 
562.66400146484375 35.03741455078125 714.8294677734375 
560.77874755859375 34.383159637451172 713.47357177734375 
562.832763671875 34.582096099853516 712.4808349609375 
560.72161865234375 33.985237121582031 711.2735595703125 
562.661865234375 33.993167877197266 710.36871337890625 
560.45538330078125 33.423419952392578 709.17059326171875 
562.1822509765625 33.416110992431641 708.393798828125 
559.8397216796875 32.788406372070312 707.158935546875 
561.50946044921875 32.892120361328125 706.40020751953125 
559.207763671875 32.231349945068359 705.156494140625 
561.11407470703125 32.445514678955078 704.3341064453125 
559.1446533203125 31.954299926757812 703.08831787109375 
561.31561279296875 32.166023254394531 702.382080078125 
559.4049072265625 31.830183029174805 700.965576171875 
561.7178955078125 31.980253219604492 700.29248046875 
559.85223388671875 31.802333831787109 698.78271484375 
562.41943359375 31.879856109619141 698.13543701171875 
560.6053466796875 31.844432830810547 696.62188720703125 
563.34332275390625 31.832555770874023 695.98321533203125 
561.4952392578125 31.924003601074219 694.47406005859375 
568.1162109375 31.390779495239258 693.52239990234375 
570.76165771484375 30.998952865600586 693.73443603515625 
569.20343017578125 31.262149810791016 695.5987548828125 
572.151611328125 30.885915756225586 695.86505126953125 
570.76708984375 31.107452392578125 697.75567626953125 
573.59661865234375 30.790748596191406 697.967041015625 
588.21246337890625 23.20930290222168 737.14984130859375 
563.259033203125 33.118282318115234 720.86639404296875 
563.809814453125 34.855106353759766 718.86785888671875 
565.15380859375 32.947624206542969 721.92376708984375 
565.21734619140625 34.272010803222656 720.16229248046875 
566.997802734375 32.164443969726562 722.94244384765625 
567.1728515625 33.501583099365234 721.03240966796875 
569.17645263671875 31.373100280761719 723.79034423828125 
569.044921875 32.718494415283203 721.50396728515625 
563.83551025390625 31.859325408935547 693.8338623046875 
572.56500244140625 30.938919067382812 700.050537109375 
575.45501708984375 30.644069671630859 699.7005615234375 
591.8006591796875 29.469898223876953 709.2269287109375 
592.250732421875 29.242435455322266 712.02294921875 
589.53759765625 29.435544967651367 708.3724365234375 
589.95574951171875 29.263360977172852 711.19842529296875 
587.26025390625 29.473476409912109 707.6461181640625 
587.54827880859375 29.323062896728516 710.10955810546875 
585.23614501953125 29.61213493347168 706.5426025390625 
585.1617431640625 29.477680206298828 708.91253662109375 
574.54669189453125 23.050872802734375 728.28509521484375 
571.83880615234375 23.072652816772461 727.5250244140625 
574.1446533203125 25.721446990966797 727.019775390625 
570.7913818359375 24.722494125366211 727.35601806640625 
572.66339111328125 27.169099807739258 726.55401611328125 
570.87701416015625 27.546134948730469 726.56317138671875 
577.121826171875 23.04560661315918 729.27862548828125 
576.81866455078125 25.063737869262695 727.571044921875 
579.40380859375 22.957115173339844 730.728759765625 
579.5921630859375 24.471858978271484 728.607666015625 
572.5877685546875 29.186531066894531 725.2607421875 
570.38970947265625 29.746278762817383 725.25335693359375 
583.5008544921875 29.798130035400391 704.975341796875 
583.11358642578125 29.686578750610352 707.3931884765625 
581.79888916015625 30.009286880493164 703.3857421875 
581.3482666015625 29.918561935424805 705.67828369140625 
579.9259033203125 30.225469589233398 701.93670654296875 
579.2796630859375 30.182949066162109 704.287109375 
577.7591552734375 30.443597793579102 700.7880859375 
577.22125244140625 30.42451286315918 703.2137451171875 
575.046142578125 30.666774749755859 701.80712890625 
586.64263916015625 23.195699691772461 735.3619384765625 
585.0257568359375 23.253782272338867 733.7652587890625 
583.43377685546875 23.426242828369141 732.2742919921875 
581.64697265625 23.771017074584961 730.55657958984375 
571.7669677734375 30.750680923461914 723.66033935546875 
570.70684814453125 31.908336639404297 722.00750732421875 
565.43560791015625 31.869184494018555 690.780029296875 
565.79681396484375 31.708736419677734 692.9010009765625 
590.58551025390625 23.26502799987793 737.3133544921875 
591.73736572265625 23.287115097045898 735.5469970703125 
589.27606201171875 23.355976104736328 735.29486083984375 
592.882568359375 23.37054443359375 733.76953125 
594.009033203125 23.538373947143555 731.93658447265625 
595.10675048828125 23.819431304931641 730.07989501953125 
596.178466796875 24.200531005859375 728.20489501953125 
596.92730712890625 24.770835876464844 726.1337890625 
598.60693359375 26.539880752563477 719.99420166015625 
596.81292724609375 27.40545654296875 718.351806640625 
597.8787841796875 26.027681350708008 722.0242919921875 
596.0601806640625 26.884815216064453 720.440673828125 
590.43707275390625 23.533176422119141 733.50543212890625 
591.62261962890625 23.756980895996094 731.72137451171875 
592.753662109375 24.073368072509766 729.8822021484375 
593.81982421875 24.464427947998047 728.1251220703125 
587.8203125 23.508071899414062 733.4132080078125 
589.1346435546875 23.821977615356445 731.5853271484375 
590.5438232421875 24.198530197143555 729.6610107421875 
591.654541015625 24.722898483276367 727.58740234375 
564.2288818359375 35.012790679931641 716.29736328125 
564.43157958984375 34.635505676269531 713.935546875 
565.58447265625 34.646560668945312 717.76434326171875 
566.87664794921875 34.080944061279297 719.10498046875 
564.426513671875 34.0908203125 711.7425537109375 
586.3466796875 23.758035659790039 731.59967041015625 
584.17449951171875 24.055252075195312 730.21038818359375 
588.32989501953125 24.231351852416992 729.6485595703125 
586.269775390625 24.259689331054688 729.4957275390625 
589.6082763671875 24.806415557861328 727.4334716796875 
587.38690185546875 24.781284332275391 727.61328125 
582.4833984375 24.639848709106445 728.5848388671875 
584.9462890625 24.714820861816406 728.0430908203125 
565.91302490234375 34.409149169921875 715.483154296875 
567.4307861328125 33.952968597412109 717.09429931640625 
566.0435791015625 33.955970764160156 713.24444580078125 
567.664794921875 33.637630462646484 714.94989013671875 
595.0943603515625 28.106115341186523 716.51416015625 
594.2437744140625 27.63227653503418 718.69769287109375 
593.38958740234375 28.73686408996582 714.424072265625 
592.4678955078125 28.250614166259766 716.61700439453125 
590.49212646484375 28.879959106445312 714.21484375 
587.8133544921875 29.110023498535156 712.72125244140625 
585.10186767578125 29.321985244750977 711.39373779296875 
568.689697265625 33.362434387207031 719.20965576171875 
570.6392822265625 32.487918853759766 719.413330078125 
597.329345703125 25.422605514526367 724.080810546875 
594.91497802734375 24.869903564453125 726.56005859375 
592.95159912109375 25.246280670166016 725.82806396484375 
590.84405517578125 25.610925674438477 724.92584228515625 
588.5078125 25.464075088500977 725.409423828125 
595.4119873046875 26.23628044128418 722.57012939453125 
595.01593017578125 25.532642364501953 724.6258544921875 
593.59661865234375 26.929643630981445 721.078369140625 
593.03338623046875 26.076787948608398 723.50823974609375 
591.333251953125 26.666177749633789 722.01202392578125 
589.22479248046875 26.354837417602539 722.86676025390625 
591.88671875 27.553739547729492 719.2340087890625 
590.00836181640625 28.206447601318359 717.13482666015625 
587.79046630859375 28.719257354736328 715.389892578125 
589.64874267578125 27.306684494018555 719.99310302734375 
585.1285400390625 29.082668304443359 713.91741943359375 
569.26983642578125 33.155887603759766 716.971435546875 
586.1221923828125 25.314004898071289 725.9444580078125 
586.9932861328125 26.101181030273438 723.593505859375 
587.43597412109375 26.991022109985352 720.940185546875 
564.30743408203125 33.506969451904297 709.5723876953125 
566.11029052734375 33.379581451416016 710.890869140625 
567.82049560546875 33.170757293701172 712.5802001953125 
569.45526123046875 32.836681365966797 714.4852294921875 
566.159912109375 31.620058059692383 695.3065185546875 
565.0386962890625 31.739313125610352 697.59228515625 
567.7352294921875 31.468770980834961 697.41192626953125 
564.1234130859375 31.890237808227539 699.8170166015625 
563.52581787109375 32.096527099609375 701.9749755859375 
563.22454833984375 32.377826690673828 703.94317626953125 
562.9393310546875 32.708663940429688 705.62860107421875 
563.81695556640625 33.054157257080078 707.55072021484375 
566.6162109375 31.647552490234375 699.51953125 
569.3568115234375 31.321617126464844 699.4462890625 
565.79876708984375 31.868461608886719 701.73382568359375 
565.340576171875 32.149028778076172 703.92828369140625 
564.91961669921875 32.550613403320312 706.040283203125 
568.15240478515625 31.548370361328125 701.52447509765625 
570.56805419921875 31.210453033447266 701.35882568359375 
572.62274169921875 30.9534912109375 702.65863037109375 
567.58349609375 31.783082962036133 703.75762939453125 
570.0159912109375 31.355188369750977 703.41973876953125 
566.98382568359375 32.16094970703125 706.04736328125 
569.341796875 31.620534896850586 705.6185302734375 
566.14312744140625 32.780952453613281 708.37255859375 
568.51409912109375 32.075958251953125 707.88641357421875 
568.00164794921875 32.621482849121094 710.1614990234375 
569.71466064453125 32.366851806640625 711.978515625 
570.22027587890625 31.847484588623047 709.62823486328125 
571.955078125 31.089208602905273 705.0126953125 
571.0582275390625 31.386823654174805 707.31939697265625 
574.65875244140625 30.672029495239258 704.27679443359375 
576.65252685546875 30.396425247192383 705.913330078125 
579.1483154296875 30.0946044921875 706.40093994140625 
580.79949951171875 29.845409393310547 708.0819091796875 
573.79248046875 30.808927536010742 706.6614990234375 
572.7232666015625 31.128890991210938 709.02752685546875 
571.8438720703125 31.572116851806641 711.41339111328125 
575.43048095703125 30.556859970092773 708.43353271484375 
578.06842041015625 30.155096054077148 708.30938720703125 
571.30487060546875 32.037975311279297 713.903564453125 
571.0328369140625 32.376609802246094 716.59710693359375 
582.75274658203125 29.571952819824219 709.89886474609375 
574.3543701171875 30.843694686889648 710.8072509765625 
573.4224853515625 31.249652862548828 713.20050048828125 
572.88006591796875 31.611114501953125 715.81805419921875 
572.6375732421875 31.699382781982422 718.65533447265625 
572.5521240234375 31.358970642089844 721.29986572265625 
577.10040283203125 30.268726348876953 710.48193359375 
580.044921875 29.844093322753906 710.33697509765625 
576.0045166015625 30.521718978881836 712.674560546875 
574.8935546875 30.881547927856445 715.02362060546875 
574.44488525390625 31.023893356323242 717.83563232421875 
582.21209716796875 29.471277236938477 712.54058837890625 
578.97930908203125 29.928823471069336 712.469482421875 
577.47802734375 30.190959930419922 714.63909912109375 
576.22412109375 30.457830429077148 716.8472900390625 
580.1097412109375 29.611272811889648 714.78668212890625 
578.21844482421875 29.824630737304688 717.283935546875 
582.67877197265625 29.128509521484375 715.4425048828125 
580.402587890625 29.192623138427734 717.6865234375 
585.2264404296875 28.609249114990234 716.685791015625 
587.592529296875 27.9913330078125 718.19476318359375 
582.78167724609375 28.574800491333008 718.30157470703125 
585.2197265625 27.831022262573242 719.41058349609375 
585.2239990234375 26.806941986083984 721.89813232421875 
584.7359619140625 25.914688110351562 724.34039306640625 
583.64886474609375 25.271339416503906 726.47760009765625 
581.1749267578125 25.403594970703125 726.830078125 
578.76141357421875 26.109594345092773 726.24072265625 
576.7581787109375 27.315689086914062 725.54766845703125 
574.82696533203125 28.337629318237305 725.28448486328125 
582.94805908203125 27.719438552856445 720.796875 
583.20953369140625 26.694562911987305 722.8876953125 
582.3553466796875 26.079004287719727 724.805419921875 
580.30517578125 26.608720779418945 724.81500244140625 
578.6717529296875 28.041833877563477 723.37103271484375 
576.45172119140625 29.223918914794922 722.8349609375 
574.07269287109375 30.008632659912109 723.32281494140625 
574.53778076171875 30.630044937133789 720.7498779296875 
576.3892822265625 30.126834869384766 719.5888671875 
578.35528564453125 29.251604080200195 720.39190673828125 
580.5093994140625 28.475830078125 720.53631591796875 
581.08685302734375 27.407743453979492 722.77252197265625 
566.7186279296875 42.772674560546875 790.6112060546875 
568.4285888671875 44.394084930419922 788.25543212890625 
569.619873046875 43.41021728515625 790.45233154296875 
620.676513671875 -34.622520446777344 778.07586669921875 
621.02642822265625 -35.525707244873047 775.79345703125 
618.6131591796875 -35.54833984375 777.104736328125 
617.60205078125 -34.806137084960938 779.34564208984375 
620.517822265625 -33.453559875488281 780.34814453125 
616.5345458984375 -33.931835174560547 781.6136474609375 
619.69671630859375 -32.405441284179688 782.70233154296875 
617.48748779296875 -32.626598358154297 783.8392333984375 
614.9715576171875 -33.010116577148438 783.738525390625 
619.1651611328125 -30.989597320556641 785.0526123046875 
617.98876953125 -29.987470626831055 787.16546630859375 
616.13507080078125 -31.770784378051758 785.82568359375 
568.06719970703125 41.684494018554688 792.5855712890625 
570.96343994140625 42.239204406738281 792.49127197265625 
565.3475341796875 40.252998352050781 791.878173828125 
565.359130859375 37.566574096679688 793.08038330078125 
566.97918701171875 39.274723052978516 793.96087646484375 
569.411376953125 40.494529724121094 794.43499755859375 
572.1512451171875 40.890285491943359 794.5238037109375 
570.34014892578125 39.024211883544922 796.2193603515625 
573.2232666015625 39.408466339111328 796.520751953125 
571.2633056640625 37.328403472900391 797.9578857421875 
574.260498046875 37.860515594482422 798.36053466796875 
572.2738037109375 35.560420989990234 799.53338623046875 
575.3948974609375 36.290271759033203 800.034912109375 
573.55633544921875 33.711330413818359 801.081298828125 
576.680908203125 34.700569152832031 801.607177734375 
607.48590087890625 -22.958234786987305 796.93414306640625 
606.1522216796875 -21.55950927734375 797.6861572265625 
608.72467041015625 -21.493108749389648 798.6697998046875 
606.5281982421875 -20.399894714355469 799.29632568359375 
616.99200439453125 -28.679353713989258 789.2301025390625 
615.3817138671875 -30.357959747314453 788.20697021484375 
615.63568115234375 -27.54762077331543 791.18310546875 
614.532958984375 -29.099878311157227 790.126953125 
614.23333740234375 -26.390352249145508 793.01629638671875 
613.3936767578125 -27.84004020690918 791.94659423828125 
613.4334716796875 -32.353103637695312 784.95416259765625 
612.51910400390625 -31.192380905151367 787.0545654296875 
613.1368408203125 -30.096551895141602 788.98773193359375 
610.8001708984375 -29.95872688293457 788.69842529296875 
612.10797119140625 -29.047588348388672 790.50347900390625 
609.65753173828125 -28.591485977172852 790.42816162109375 
610.9940185546875 -27.734701156616211 792.18536376953125 
608.6346435546875 -27.099252700805664 792.09246826171875 
610.169189453125 -26.506471633911133 793.60791015625 
608.4400634765625 -25.650022506713867 794.0787353515625 
610.74066162109375 -25.050197601318359 795.30059814453125 
608.1951904296875 -24.376771926879883 795.5845947265625 
609.9984130859375 -23.22955322265625 797.09326171875 
608.43603515625 -19.66636848449707 800.12713623046875 
606.446533203125 -18.971094131469727 800.62713623046875 
607.96051025390625 -18.488883972167969 801.00836181640625 
606.37548828125 -17.999408721923828 801.41046142578125 
608.34197998046875 -17.136873245239258 801.6776123046875 
606.6226806640625 -16.451593399047852 802.482666015625 
604.98187255859375 -16.26484489440918 802.50494384765625 
606.0238037109375 -15.190299987792969 803.29266357421875 
604.39324951171875 -14.239592552185059 803.83880615234375 
565.619384765625 34.850208282470703 793.2176513671875 
566.75152587890625 36.6123046875 794.91046142578125 
566.6300048828125 32.272232055664062 792.97235107421875 
567.16986083984375 33.828033447265625 795.16510009765625 
568.32452392578125 30.636138916015625 794.0572509765625 
569.629150390625 30.616243362426758 796.49560546875 
568.79681396484375 33.001815795898438 796.99029541015625 
575.26104736328125 31.65252685546875 802.7462158203125 
578.54644775390625 33.469577789306641 802.85003662109375 
577.6097412109375 30.816057205200195 804.2388916015625 
580.77728271484375 32.416908264160156 803.765869140625 
579.57958984375 30.283952713012695 805.1895751953125 
582.04779052734375 30.914054870605469 805.0684814453125 
580.7257080078125 28.791469573974609 806.16607666015625 
584.03125 29.729425430297852 805.8663330078125 
582.40130615234375 27.473323822021484 807.111083984375 
585.8902587890625 28.393918991088867 806.65838623046875 
584.18780517578125 26.110376358032227 807.966552734375 
587.2799072265625 26.783937454223633 807.62066650390625 
585.85595703125 24.589164733886719 808.7283935546875 
588.86767578125 25.193656921386719 808.3524169921875 
613.296142578125 -24.816501617431641 794.75885009765625 
612.16375732421875 -26.510463714599609 793.65338134765625 
612.342041015625 -23.161724090576172 796.41424560546875 
611.94549560546875 -21.155736923217773 797.72601318359375 
610.76763916015625 -19.52142333984375 799.2740478515625 
609.97552490234375 -18.403913497924805 800.26806640625 
607.29266357421875 -15.388811111450195 802.8994140625 
606.78485107421875 -13.335637092590332 803.9271240234375 
587.7047119140625 23.061962127685547 809.38909912109375 
590.94317626953125 23.810033798217773 808.61041259765625 
590.03411865234375 21.476222991943359 809.9095458984375 
592.83856201171875 22.325174331665039 808.67254638671875 
593.3516845703125 20.354881286621094 809.6611328125 
605.72607421875 -11.564785003662109 804.9757080078125 
603.0394287109375 -12.489564895629883 804.64422607421875 
604.81390380859375 -9.6518306732177734 805.9158935546875 
601.80853271484375 -10.647676467895508 805.3154296875 
602.4337158203125 -8.4606256484985352 806.79290771484375 
600.71051025390625 -8.6955337524414062 805.9892578125 
604.63037109375 -7.4649186134338379 806.49700927734375 
604.16534423828125 -5.3213481903076172 807.060546875 
602.79180908203125 -6.7589693069458008 807.34613037109375 
603.46807861328125 -3.2006638050079346 807.68890380859375 
602.16448974609375 -5.1160120964050293 807.9200439453125 
601.1856689453125 -6.9119324684143066 807.34381103515625 
599.6629638671875 -6.6889410018920898 806.649169921875 
602.92181396484375 -0.97315394878387451 808.11663818359375 
601.5419921875 -3.0450606346130371 808.52655029296875 
602.1768798828125 1.2601099014282227 808.6290283203125 
600.886962890625 -0.82849889993667603 809.10589599609375 
601.34674072265625 3.486849308013916 809.13970947265625 
600.120849609375 1.4328662157058716 809.64813232421875 
600.626953125 5.7619390487670898 809.469970703125 
599.28369140625 3.7703347206115723 810.136474609375 
600.009033203125 8.0234451293945312 809.56304931640625 
598.396728515625 6.1306381225585938 810.5421142578125 
599.3564453125 10.251391410827637 809.5352783203125 
597.5234375 8.4716863632202148 810.8292236328125 
598.49273681640625 12.426592826843262 809.61639404296875 
596.5849609375 10.729154586791992 811.00213623046875 
597.37310791015625 14.571259498596191 809.80548095703125 
595.58984375 12.953744888305664 811.04022216796875 
596.29925537109375 16.671266555786133 809.71649169921875 
594.61138916015625 15.125901222229004 810.93310546875 
595.07647705078125 18.684850692749023 809.5599365234375 
594.09844970703125 17.049480438232422 810.631103515625 
592.35870361328125 18.165294647216797 810.646728515625 
590.6287841796875 19.303672790527344 810.46099853515625 
600.23797607421875 -5.0478968620300293 807.989990234375 
598.5885009765625 -4.681551456451416 807.15142822265625 
599.40625 -2.9749126434326172 808.67333984375 
597.68048095703125 -2.5508346557617188 807.88519287109375 
598.63714599609375 -0.77283483743667603 809.314453125 
596.73773193359375 -0.3746044933795929 808.49365234375 
597.78369140625 1.4582923650741577 809.86138916015625 
595.73126220703125 1.7960574626922607 808.90716552734375 
596.7816162109375 3.7312777042388916 810.3046875 
594.64300537109375 3.9410076141357422 809.08038330078125 
595.763427734375 6.0465235710144043 810.66119384765625 
593.70928955078125 6.1370596885681152 809.443603515625 
594.7681884765625 8.3286981582641602 810.91748046875 
592.6776123046875 8.2701511383056641 809.5755615234375 
593.72998046875 10.582793235778809 811.048583984375 
591.55572509765625 10.31834602355957 809.52716064453125 
592.65899658203125 12.735635757446289 811.04766845703125 
590.4451904296875 12.418458938598633 809.58062744140625 
591.62188720703125 15.359281539916992 810.94403076171875 
589.115478515625 14.291930198669434 809.21173095703125 
589.66412353515625 16.958591461181641 810.45465087890625 
587.704833984375 16.112888336181641 808.745849609375 
588.24713134765625 18.722249984741211 810.01507568359375 
586.32293701171875 18.026161193847656 808.4388427734375 
586.76080322265625 20.456319808959961 809.48309326171875 
584.74200439453125 19.527317047119141 807.595458984375 
584.951416015625 21.852207183837891 808.70526123046875 
583.1151123046875 20.880327224731445 806.53948974609375 
583.27520751953125 23.314664840698242 807.9273681640625 
581.5260009765625 22.43092155456543 805.80841064453125 
581.5899658203125 24.692390441894531 807.06005859375 
579.8897705078125 23.673101425170898 804.69427490234375 
579.88299560546875 25.964117050170898 806.079833984375 
578.24005126953125 24.900287628173828 803.5745849609375 
578.0635986328125 27.713628768920898 804.97503662109375 
576.68218994140625 26.491827011108398 803.04901123046875 
571.44573974609375 29.269834518432617 797.912353515625 
570.8328857421875 32.303554534912109 799.11236572265625 
573.24151611328125 28.210714340209961 799.59722900390625 
572.8101806640625 30.553586959838867 800.74871826171875 
575.02764892578125 27.040502548217773 801.06170654296875 
574.2569580078125 29.132463455200195 801.7950439453125 
575.94012451171875 28.683683395385742 803.364501953125 
570.099609375 34.780914306640625 798.39630126953125 
568.23773193359375 38.403942108154297 795.47119140625 
568.6123046875 36.112449645996094 796.80999755859375 
630.27960205078125 -34.236522674560547 762.2257080078125 
630.07269287109375 -34.951274871826172 759.36285400390625 
628.1734619140625 -35.895092010498047 761.87213134765625 
604.21124267578125 -3.3226425647735596 806.971923828125 
603.54388427734375 -0.97603672742843628 807.3616943359375 
604.28289794921875 -1.6857672929763794 806.1005859375 
605.2557373046875 -4.269132137298584 805.3310546875 
606.09051513671875 -5.420860767364502 803.61456298828125 
606.89813232421875 -6.9632458686828613 802.03668212890625 
607.75384521484375 -8.9114007949829102 801.1102294921875 
608.64337158203125 -10.978034019470215 800.50457763671875 
609.56463623046875 -13.050876617431641 799.902099609375 
610.43035888671875 -15.165698051452637 799.51885986328125 
611.179931640625 -17.227573394775391 799.051513671875 
612.0037841796875 -19.191688537597656 798.07763671875 
612.70947265625 -21.124935150146484 797.01947021484375 
613.6595458984375 -22.78101921081543 795.59112548828125 
614.82318115234375 -24.177547454833984 793.9351806640625 
615.9339599609375 -25.479326248168945 792.28399658203125 
617.24530029296875 -26.514595031738281 790.43511962890625 
618.275634765625 -27.784923553466797 788.6903076171875 
619.264892578125 -29.004243850708008 786.845458984375 
620.7879638671875 -30.763301849365234 783.63909912109375 
621.9222412109375 -29.599273681640625 782.93603515625 
628.8472900390625 -35.139156341552734 763.93963623046875 
626.9949951171875 -36.241790771484375 764.39813232421875 
629.9278564453125 -33.572154998779297 764.98492431640625 
621.59613037109375 -31.621482849121094 781.79345703125 
623.11370849609375 -30.24250602722168 780.754150390625 
628.1517333984375 -35.110031127929688 766.02716064453125 
625.5867919921875 -36.521358489990234 766.73236083984375 
627.31866455078125 -34.943157196044922 768.3463134765625 
624.77923583984375 -36.335300445556641 769.149658203125 
622.44091796875 -32.579994201660156 779.5947265625 
624.3304443359375 -30.657520294189453 778.51165771484375 
623.287109375 -33.420982360839844 777.35052490234375 
622.13970947265625 -36.010654449462891 773.54534912109375 
624.28887939453125 -33.989479064941406 775.1129150390625 
623.30609130859375 -36.343505859375 771.27166748046875 
625.3963623046875 -34.356433868408203 772.83642578125 
626.40936279296875 -34.667198181152344 770.6153564453125 
625.52899169921875 -31.050342559814453 776.2183837890625 
626.75665283203125 -31.023456573486328 773.90240478515625 
627.7855224609375 -31.609546661376953 771.72247314453125 
628.55224609375 -32.490322113037109 769.62701416015625 
629.297119140625 -33.043190002441406 767.40093994140625 
619.9600830078125 -10.140070915222168 733.75482177734375 
619.91021728515625 32.837417602539062 691.11468505859375 
619.27471923828125 31.50958251953125 692.500244140625 
618.6270751953125 31.158348083496094 694.54913330078125 
619.12164306640625 -8.034113883972168 732.8341064453125 
618.68817138671875 -7.1162028312683105 730.2611083984375 
618.05670166015625 -6.1012887954711914 728.282958984375 
617.123046875 -4.7761139869689941 726.608642578125 
616.12158203125 -3.5107502937316895 724.87591552734375 
615.12945556640625 -2.1891465187072754 723.23406982421875 
614.24908447265625 -0.77022707462310791 721.50738525390625 
618.22918701171875 29.649129867553711 695.8712158203125 
617.5938720703125 28.884037017822266 698.26019287109375 
617.18231201171875 27.906770706176758 700.1927490234375 
616.95965576171875 26.645998001098633 701.9105224609375 
616.80108642578125 25.205999374389648 703.58599853515625 
616.61285400390625 23.711788177490234 705.32965087890625 
616.3394775390625 22.219367980957031 707.11700439453125 
615.98309326171875 20.728191375732422 708.76220703125 
615.7635498046875 19.02532958984375 710.10614013671875 
618.52557373046875 29.348770141601562 693.20709228515625 
617.71624755859375 27.25578498840332 693.86968994140625 
616.87945556640625 25.111541748046875 694.45294189453125 
616.29296875 23.270986557006836 695.39166259765625 
616.0633544921875 21.675189971923828 696.661865234375 
616.0872802734375 20.217008590698242 698.17578125 
616.234130859375 18.866247177124023 699.93011474609375 
616.400390625 17.488557815551758 701.82647705078125 
616.44482421875 16.079879760742188 703.84417724609375 
616.07427978515625 15.030189514160156 706.06298828125 
615.52978515625 14.214160919189453 708.2261962890625 
615.14666748046875 13.449689865112305 710.30584716796875 
614.9609375 12.466184616088867 712.3162841796875 
614.77874755859375 11.325650215148926 714.64208984375 
614.277587890625 8.8799009323120117 716.1376953125 
613.8270263671875 6.5826015472412109 716.8455810546875 
613.88946533203125 5.490044116973877 718.5194091796875 
613.89813232421875 3.9769232273101807 720.32977294921875 
614.01220703125 2.5280678272247314 722.20574951171875 
617.50408935546875 -5.116086483001709 732.9541015625 
616.1517333984375 -2.8016209602355957 732.42877197265625 
615.03521728515625 -0.61722344160079956 731.2791748046875 
614.029541015625 1.7428572177886963 730.0267333984375 
613.27801513671875 4.192746639251709 728.97467041015625 
612.904052734375 6.0944027900695801 728.07666015625 
613.1685791015625 6.5134000778198242 726.13702392578125 
613.6541748046875 6.3897061347961426 723.43365478515625 
613.94281005859375 7.7797050476074219 721.19854736328125 
614.28125 9.3102855682373047 718.99346923828125 
614.5372314453125 12.093761444091797 717.55084228515625 
614.7431640625 14.392694473266602 716.04443359375 
615.035888671875 16.517646789550781 714.04656982421875 
615.704345703125 16.935317993164062 711.32928466796875 
617.833984375 27.220134735107422 696.23065185546875 
617.3028564453125 25.262659072875977 696.397705078125 
617.14007568359375 24.152122497558594 697.5673828125 
617.032958984375 22.815187454223633 698.9610595703125 
616.9910888671875 21.448257446289062 700.5611572265625 
616.9857177734375 20.01957893371582 702.31268310546875 
617.512939453125 -4.8806462287902832 730.61041259765625 
617.654052734375 26.577873229980469 698.1217041015625 
617.4703369140625 25.451259613037109 699.70306396484375 
617.32794189453125 24.116449356079102 701.26507568359375 
617.19549560546875 22.66229248046875 702.94818115234375 
616.6441650390625 -3.3918013572692871 729.45806884765625 
615.5174560546875 -1.3745254278182983 727.85333251953125 
614.25518798828125 1.5764763355255127 727.245849609375 
617.015625 21.190593719482422 704.77008056640625 
616.93316650390625 18.584087371826172 704.22161865234375 
616.7183837890625 19.799943923950195 706.62371826171875 
616.6705322265625 17.403934478759766 706.35211181640625 
616.35772705078125 18.705221176147461 708.1934814453125 
616.17584228515625 16.61335563659668 708.72802734375 
615.74609375 15.160675048828125 710.19097900390625 
615.50872802734375 14.614802360534668 712.056396484375 
615.2022705078125 13.749895095825195 713.9017333984375 
613.75823974609375 4.2781634330749512 724.556396484375 
613.587158203125 4.1152920722961426 726.56793212890625 
614.3189697265625 1.2709208726882935 724.4130859375 
615.10107421875 -0.87197571992874146 725.49462890625 
568.572265625 37.311676025390625 677.1033935546875 
569.89093017578125 37.697689056396484 676.693359375 
569.04229736328125 36.187004089355469 677.42315673828125 
606.372802734375 35.296741485595703 690.5511474609375 
567.56414794921875 35.866313934326172 678.20703125 
568.556884765625 34.443809509277344 678.38140869140625 
566.87738037109375 34.484397888183594 679.55902099609375 
568.17889404296875 32.832115173339844 679.59979248046875 
566.891845703125 33.142024993896484 681.27325439453125 
568.200439453125 31.371217727661133 681.05255126953125 
568.13165283203125 31.375982284545898 682.54656982421875 
567.2962646484375 32.179157257080078 683.22979736328125 
569.1083984375 30.301406860351562 683.82269287109375 
568.80224609375 31.110532760620117 684.89013671875 
570.44561767578125 29.794994354248047 685.68157958984375 
570.2310791015625 30.424354553222656 686.57177734375 
572.22735595703125 29.150211334228516 687.19122314453125 
572.142578125 29.694686889648438 687.8480224609375 
574.24603271484375 28.857172012329102 688.60015869140625 
573.92047119140625 29.597694396972656 689.42742919921875 
576.444091796875 28.875246047973633 689.86029052734375 
576.01312255859375 29.546699523925781 690.72186279296875 
578.7412109375 28.986440658569336 690.9439697265625 
578.29449462890625 29.520286560058594 691.684326171875 
580.481201171875 29.676912307739258 692.72021484375 
581.0716552734375 29.194398880004883 691.81610107421875 
582.68548583984375 29.770307540893555 693.69622802734375 
583.45281982421875 29.311447143554688 692.57623291015625 
584.79766845703125 29.80213737487793 694.80975341796875 
584.70147705078125 29.555164337158203 693.73602294921875 
585.93634033203125 29.178407669067383 693.159423828125 
606.51239013671875 34.833503723144531 692.2177734375 
605.69000244140625 33.2027587890625 691.5716552734375 
586.5889892578125 29.466449737548828 694.4422607421875 
586.8399658203125 29.750705718994141 695.97088623046875 
588.4508056640625 28.92658805847168 693.653076171875 
603.00408935546875 26.632328033447266 715.42425537109375 
601.3935546875 27.465909957885742 713.88555908203125 
599.9462890625 28.004739761352539 712.37591552734375 
598.6380615234375 28.590152740478516 710.77728271484375 
597.58404541015625 29.075725555419922 709.4085693359375 
595.74249267578125 29.517370223999023 708.91461181640625 
597.6690673828125 29.302219390869141 707.614013671875 
595.50250244140625 29.737796783447266 706.697509765625 
597.7283935546875 29.541448593139648 705.4400634765625 
595.4981689453125 29.819379806518555 704.49420166015625 
603.8929443359375 26.914003372192383 713.3553466796875 
604.6387939453125 27.305978775024414 711.32403564453125 
605.13409423828125 28.080415725708008 709.34967041015625 
597.63836669921875 29.639535903930664 703.253662109375 
595.46826171875 29.763545989990234 702.32720947265625 
588.741455078125 29.345720291137695 695.273681640625 
590.80023193359375 28.735042572021484 694.329345703125 
605.2640380859375 28.936393737792969 707.4339599609375 
605.08648681640625 29.761081695556641 705.39898681640625 
606.02984619140625 33.494132995605469 693.80218505859375 
606.03936767578125 32.869308471679688 696.2242431640625 
605.810546875 32.225723266601562 698.4212646484375 
605.39630126953125 31.47496223449707 700.61041259765625 
588.93658447265625 29.602493286132812 697.00579833984375 
604.69256591796875 30.531303405761719 703.00933837890625 
590.80413818359375 29.225002288818359 696.17584228515625 
591.061279296875 29.405290603637695 697.9354248046875 
593.251220703125 29.347522735595703 698.73907470703125 
592.8734130859375 29.151716232299805 696.96881103515625 
597.44366455078125 29.488458633422852 701.129150390625 
594.77142333984375 29.53843879699707 700.277587890625 
604.38909912109375 31.405805587768555 692.4921875 
604.28082275390625 31.445035934448242 694.6722412109375 
602.62542724609375 29.920162200927734 693.3314208984375 
600.49481201171875 28.848814010620117 694.01837158203125 
602.04779052734375 29.95081901550293 695.30712890625 
598.166259765625 28.086233139038086 694.293212890625 
599.52813720703125 28.90818977355957 695.71624755859375 
595.7781982421875 27.762529373168945 694.255615234375 
596.902099609375 28.57026481628418 695.8558349609375 
593.32745361328125 28.130687713623047 694.18878173828125 
594.442138671875 28.658159255981445 695.73065185546875 
592.4488525390625 28.810361862182617 695.48236083984375 
595.35638427734375 29.125370025634766 697.73529052734375 
597.12884521484375 29.244829177856445 699.23492431640625 
598.30352783203125 28.890775680541992 697.52978515625 
602.26702880859375 27.580417633056641 711.90618896484375 
600.7987060546875 28.174118041992188 710.3516845703125 
602.985595703125 28.039237976074219 709.9385986328125 
599.39324951171875 28.757406234741211 708.81317138671875 
601.629150390625 28.584709167480469 708.42352294921875 
603.57171630859375 28.578536987304688 708.356689453125 
603.9566650390625 31.116338729858398 696.8406982421875 
600.19915771484375 28.995231628417969 706.528564453125 
599.8541259765625 29.438985824584961 704.1033935546875 
602.99761962890625 29.054670333862305 706.767333984375 
602.41949462890625 29.528604507446289 704.74676513671875 
599.87860107421875 29.605205535888672 702.07208251953125 
601.86663818359375 29.896106719970703 703.01953125 
602.560546875 30.259632110595703 701.2220458984375 
603.287841796875 30.691545486450195 699.01922607421875 
601.238525390625 29.682416915893555 697.314697265625 
599.9925537109375 29.399785995483398 699.62701416015625 
560.06854248046875 33.433578491210938 716.3267822265625 
559.57476806640625 32.000606536865234 693.40283203125 
559.9609375 32.239830017089844 691.4163818359375 
559.208984375 32.828895568847656 714.1649169921875 
559.05108642578125 32.939052581787109 712.0030517578125 
558.67132568359375 32.554180145263672 709.83575439453125 
558.57269287109375 31.79094123840332 695.2799072265625 
557.933349609375 31.876768112182617 707.76055908203125 
557.21661376953125 31.316431045532227 705.73291015625 
556.86212158203125 31.111734390258789 703.6671142578125 
556.97607421875 31.205541610717773 701.51837158203125 
557.1234130859375 31.334562301635742 699.28497314453125 
557.21136474609375 31.508363723754883 696.9970703125 
575.36614990234375 11.382946014404297 721.214111328125 
578.030029296875 11.755850791931152 720.1314697265625 
575.8106689453125 10.584285736083984 719.10614013671875 
562.31494140625 33.671390533447266 683.84381103515625 
567.65966796875 11.486769676208496 702.71588134765625 
567.4681396484375 11.850817680358887 700.63037109375 
565.348876953125 12.440668106079102 701.2252197265625 
573.26263427734375 10.440074920654297 720.0745849609375 
573.71331787109375 9.7699041366577148 718.16351318359375 
572.93548583984375 12.142905235290527 722.359619140625 
548.82177734375 29.366817474365234 691.98492431640625 
549.405029296875 30.432121276855469 689.96075439453125 
561.0565185546875 33.230072021484375 685.890869140625 
559.55364990234375 33.874599456787109 684.10369873046875 
556.90216064453125 33.817207336425781 684.421630859375 
558.205810546875 33.339401245117188 686.17413330078125 
555.3590087890625 33.229812622070312 686.375 
550.81488037109375 31.015382766723633 691.4072265625 
551.53924560546875 31.817119598388672 689.3148193359375 
548.4891357421875 28.164041519165039 693.8924560546875 
548.265625 24.351581573486328 695.7938232421875 
548.478271484375 26.731264114379883 695.7398681640625 
549.33013916015625 22.299694061279297 697.134521484375 
548.966796875 25.143798828125 697.5269775390625 
550.83050537109375 20.717109680175781 698.63360595703125 
549.97833251953125 23.420255661010742 699.1502685546875 
552.568115234375 19.283041000366211 699.87615966796875 
551.51605224609375 21.526832580566406 700.63494873046875 
559.79931640625 32.845417022705078 687.94854736328125 
558.6114501953125 32.502719879150391 689.94061279296875 
571.41510009765625 9.9732170104980469 718.4378662109375 
571.8404541015625 9.7038145065307617 716.39007568359375 
565.21112060546875 12.331493377685547 703.6326904296875 
563.1865234375 13.529561042785645 701.738037109375 
568.09625244140625 11.188064575195312 704.85321044921875 
568.61932373046875 10.900057792663574 707.06878662109375 
566.2890625 11.797060966491699 706.19305419921875 
568.93524169921875 10.624814987182617 709.4158935546875 
567.04266357421875 11.453685760498047 708.553955078125 
569.33660888671875 10.340996742248535 711.95172119140625 
567.74346923828125 11.136255264282227 711.0115966796875 
554.416748046875 17.983860015869141 700.66412353515625 
553.370361328125 19.8555908203125 701.84405517578125 
556.3702392578125 17.057138442993164 701.46954345703125 
555.3265380859375 18.653982162475586 702.92694091796875 
558.5152587890625 16.043523788452148 701.97515869140625 
557.52569580078125 17.403726577758789 703.70166015625 
560.82525634765625 14.831350326538086 701.93084716796875 
559.909912109375 15.847869873046875 703.84967041015625 
562.43658447265625 14.13697338104248 703.74853515625 
556.82415771484375 32.871482849121094 688.174072265625 
553.596923828125 32.636333465576172 688.08001708984375 
569.73779296875 10.294830322265625 716.21124267578125 
570.249755859375 10.003574371337891 714.36395263671875 
568.53033447265625 10.772977828979492 713.64617919921875 
553.1689453125 31.966175079345703 690.75506591796875 
555.75341796875 32.390739440917969 690.271240234375 
565.24981689453125 30.411920547485352 722.963623046875 
567.1588134765625 30.10377311706543 724.2274169921875 
565.78271484375 28.324409484863281 723.63714599609375 
567.97686767578125 27.976091384887695 725.4459228515625 
563.69000244140625 30.856012344360352 721.69146728515625 
563.96539306640625 28.600709915161133 721.82415771484375 
562.24017333984375 31.206775665283203 720.14849853515625 
562.383056640625 29.055103302001953 720.00909423828125 
561.06365966796875 31.8690185546875 718.78192138671875 
561.05712890625 29.923669815063477 718.37628173828125 
560.18548583984375 32.984016418457031 717.1500244140625 
560.03326416015625 31.078306198120117 717.09039306640625 
559.03179931640625 30.61823844909668 715.15850830078125 
566.70074462890625 26.221466064453125 724.52337646484375 
569.10845947265625 26.077360153198242 726.47064208984375 
567.90130615234375 24.314907073974609 725.49774169921875 
569.13531494140625 22.414911270141602 726.19793701171875 
570.19158935546875 20.13995361328125 726.26702880859375 
572.30303955078125 20.40850830078125 726.88848876953125 
571.64056396484375 17.104709625244141 725.8212890625 
557.64501953125 32.157608032226562 691.91552734375 
556.8699951171875 31.816646575927734 693.92498779296875 
555.9779052734375 31.435911178588867 695.8809814453125 
555.26904296875 30.972587585449219 697.914306640625 
554.865478515625 30.468164443969727 700.05889892578125 
554.49224853515625 29.808080673217773 702.176513671875 
554.42315673828125 28.991304397583008 704.47998046875 
555.3885498046875 29.256504058837891 706.75579833984375 
556.3572998046875 29.388969421386719 709.2430419921875 
557.5074462890625 30.763385772705078 711.07513427734375 
558.0628662109375 30.504486083984375 712.962158203125 
569.163818359375 17.793458938598633 724.8084716796875 
569.920166015625 15.312140464782715 724.02239990234375 
571.8802490234375 14.297270774841309 724.033935546875 
570.4962158203125 12.976521492004395 722.62353515625 
571.01080322265625 11.070500373840332 720.7850341796875 
568.96246337890625 12.676698684692383 720.91900634765625 
563.89404296875 13.359018325805664 705.73944091796875 
550.23822021484375 30.110574722290039 693.44390869140625 
555.02655029296875 31.900901794433594 692.4337158203125 
552.537841796875 31.301982879638672 692.94268798828125 
554.3367919921875 31.391166687011719 694.49365234375 
551.8414306640625 30.482948303222656 695.017578125 
553.5888671875 30.742221832275391 696.51397705078125 
568.1123046875 20.385457992553711 724.62615966796875 
567.02569580078125 22.616926193237305 723.95526123046875 
549.65869140625 28.837728500366211 695.4429931640625 
551.2208251953125 29.407135009765625 697.053955078125 
552.92626953125 29.8599853515625 698.60894775390625 
549.55584716796875 27.455167770385742 697.3712158203125 
550.92803955078125 28.063577651977539 699.033203125 
552.606689453125 28.86082649230957 700.63482666015625 
549.9659423828125 25.949939727783203 699.23681640625 
551.19378662109375 26.614944458007812 700.97491455078125 
550.910400390625 24.202245712280273 701.02056884765625 
565.02532958984375 12.815822601318359 707.8968505859375 
565.94171142578125 12.437168121337891 710.1546630859375 
552.3985595703125 22.352138519287109 702.60931396484375 
551.9814453125 25.093603134155273 702.81396484375 
552.6151123046875 27.569938659667969 702.6763916015625 
553.151611328125 26.146312713623047 704.55169677734375 
554.17608642578125 27.15875244140625 705.99310302734375 
553.35430908203125 23.399213790893555 704.56195068359375 
554.23828125 24.825933456420898 706.30242919921875 
554.28875732421875 20.777490615844727 704.038330078125 
556.631103515625 19.517143249511719 705.6683349609375 
559.12066650390625 17.352006912231445 705.86822509765625 
561.49176025390625 15.298778533935547 705.76318359375 
562.96734619140625 14.624698638916016 707.670166015625 
564.14849853515625 14.086254119873047 709.59527587890625 
555.1363525390625 22.167802810668945 706.25689697265625 
566.71014404296875 12.171816825866699 712.66827392578125 
564.9769287109375 13.874471664428711 711.6689453125 
555.08148193359375 26.721004486083984 707.76824951171875 
555.764404296875 24.075210571289062 708.20263671875 
557.10552978515625 21.641326904296875 708.24267578125 
558.88543701171875 19.227993011474609 708.08233642578125 
559.852294921875 28.831178665161133 716.214111328125 
561.23345947265625 27.759780883789062 717.79681396484375 
562.8897705078125 26.998470306396484 719.86871337890625 
564.68609619140625 26.558366775512695 722.18408203125 
565.7923583984375 24.584129333496094 722.9892578125 
565.37701416015625 22.762094497680664 721.47821044921875 
566.52294921875 20.842723846435547 722.47406005859375 
563.84503173828125 24.68934440612793 719.955322265625 
561.8818359375 25.645420074462891 717.37091064453125 
559.90576171875 26.431982040405273 714.97088623046875 
558.54052734375 28.334259033203125 713.86248779296875 
557.2271728515625 28.414865493774414 711.5599365234375 
556.4166259765625 26.257034301757812 709.91802978515625 
558.037109375 26.116113662719727 712.2059326171875 
557.55096435546875 23.848348617553711 710.3126220703125 
559.35003662109375 24.121820449829102 712.61761474609375 
561.067626953125 24.092983245849609 714.85260009765625 
559.310302734375 21.471378326416016 710.613037109375 
560.919921875 16.805934906005859 707.80792236328125 
562.50128173828125 16.045463562011719 709.5455322265625 
563.640625 15.365996360778809 710.98150634765625 
560.90240478515625 18.520050048828125 709.95379638671875 
562.65484619140625 17.3638916015625 711.5386962890625 
560.63238525390625 22.404897689819336 712.91204833984375 
561.46337890625 20.072328567504883 712.21356201171875 
564.13189697265625 15.78919792175293 712.84197998046875 
565.63726806640625 13.920475959777832 714.044189453125 
562.1282958984375 21.663984298706055 714.52020263671875 
562.7685546875 23.333009719848633 716.9757080078125 
564.2706298828125 22.191377639770508 718.9793701171875 
565.40240478515625 21.041404724121094 720.5218505859375 
567.57086181640625 11.937156677246094 715.7652587890625 
569.31201171875 11.082859039306641 718.63751220703125 
567.39190673828125 13.206067085266113 718.38287353515625 
568.6446533203125 14.688226699829102 722.278564453125 
568.4388427734375 16.565324783325195 723.271240234375 
567.525634765625 18.590606689453125 723.09417724609375 
566.19573974609375 19.12639045715332 720.99627685546875 
567.25830078125 16.826875686645508 721.58660888671875 
567.2415771484375 14.94908332824707 720.108154296875 
566.1661376953125 14.099981307983398 716.2318115234375 
564.90692138671875 15.980790138244629 715.19012451171875 
563.3385009765625 18.553033828735352 714.10614013671875 
563.65740966796875 20.706289291381836 716.5721435546875 
564.71759033203125 18.046234130859375 716.79962158203125 
564.95953369140625 19.836368560791016 718.7864990234375 
565.95855712890625 17.410442352294922 719.29986572265625 
565.955078125 15.573164939880371 717.64483642578125 
567.351806640625 39.939529418945312 765.109619140625 
566.379150390625 40.289745330810547 767.21533203125 
565.353759765625 40.435836791992188 769.30224609375 
565.0350341796875 40.381072998046875 771.43731689453125 
564.9473876953125 40.671993255615234 773.59710693359375 
564.6011962890625 41.463165283203125 775.4901123046875 
566.171630859375 41.844520568847656 775.64898681640625 
592.12225341796875 25.307405471801758 805.59588623046875 
594.189697265625 23.210739135742188 805.2845458984375 
593.150146484375 23.418750762939453 807.1236572265625 
591.4119873046875 25.126251220703125 807.00970458984375 
589.40264892578125 26.60235595703125 806.91241455078125 
589.792724609375 27.180145263671875 805.6876220703125 
587.9478759765625 28.144561767578125 805.9747314453125 
588.7200927734375 28.594291687011719 804.26666259765625 
586.53179931640625 29.647418975830078 804.8193359375 
587.52496337890625 29.97576904296875 802.87640380859375 
584.83282470703125 31.057235717773438 803.8485107421875 
585.68060302734375 31.3829345703125 802.2498779296875 
583.04986572265625 32.4395751953125 802.8807373046875 
584.05731201171875 32.808963775634766 801.2635498046875 
581.31866455078125 33.875186920166016 801.76092529296875 
582.5120849609375 34.273097991943359 800.09722900390625 
579.4564208984375 35.307666778564453 800.6312255859375 
581.03271484375 35.793510437011719 798.78076171875 
577.77313232421875 36.774604797363281 799.25860595703125 
579.43701171875 37.334011077880859 797.4271240234375 
576.56756591796875 38.317489624023438 797.485107421875 
578.20526123046875 38.857585906982422 795.61773681640625 
575.46142578125 39.8406982421875 795.4876708984375 
577.29931640625 40.272876739501953 793.495361328125 
574.48175048828125 41.296749114990234 793.2899169921875 
576.46734619140625 41.521739959716797 791.2806396484375 
573.30078125 42.588966369628906 791.1812744140625 
575.150146484375 42.611579895019531 789.3607177734375 
571.82135009765625 43.696895599365234 789.18951416015625 
573.70587158203125 43.507175445556641 787.42498779296875 
571.9267578125 44.294483184814453 785.7630615234375 
569.9349365234375 44.564060211181641 787.4539794921875 
569.74267578125 44.953498840332031 784.4388427734375 
567.80474853515625 45.061676025390625 785.84173583984375 
564.21923828125 43.008152008056641 778.11737060546875 
567.09588623046875 43.030063629150391 777.7669677734375 
565.613037109375 44.037399291992188 779.5711669921875 
567.76123046875 44.130397796630859 779.97979736328125 
563.1322021484375 42.951847076416016 779.214111328125 
564.916748046875 44.510261535644531 781.35308837890625 
567.7183837890625 45.173557281494141 783.665771484375 
565.4251708984375 44.90460205078125 784.21343994140625 
568.70208740234375 44.821987152099609 782.23052978515625 
566.74591064453125 44.858203887939453 781.7708740234375 
604.3162841796875 16.394800186157227 745.9361572265625 
604.04644775390625 16.355875015258789 748.26885986328125 
603.708740234375 16.580718994140625 750.588134765625 
603.38690185546875 16.933212280273438 752.8822021484375 
603.102783203125 17.334732055664062 755.18798828125 
602.97833251953125 17.218914031982422 757.51361083984375 
602.8206787109375 17.24720573425293 759.8714599609375 
602.61444091796875 17.586013793945312 762.23309326171875 
602.38238525390625 18.116847991943359 764.5694580078125 
602.1121826171875 18.683074951171875 766.8870849609375 
601.79571533203125 19.14849853515625 769.204833984375 
601.4168701171875 19.482421875 771.54541015625 
600.94769287109375 19.889728546142578 773.898193359375 
600.29241943359375 20.721261978149414 776.174560546875 
599.98809814453125 20.347805023193359 778.60321044921875 
599.656005859375 20.148260116577148 781.07843017578125 
599.40216064453125 19.917627334594727 783.5538330078125 
599.2257080078125 19.64653205871582 786.02752685546875 
599.133056640625 19.307289123535156 788.494384765625 
599.19000244140625 18.716228485107422 790.87298583984375 
599.43597412109375 17.744714736938477 793.094970703125 
599.41455078125 17.555007934570312 795.44732666015625 
600.3988037109375 14.513757705688477 796.30914306640625 
599.50421142578125 16.974868774414062 797.84356689453125 
599.83544921875 15.649821281433105 799.84857177734375 
600.46612548828125 14.127671241760254 798.38037109375 
604.341064453125 -0.67280137538909912 804.83062744140625 
603.66632080078125 0.32510331273078918 806.29754638671875 
602.724853515625 1.3911597728729248 807.8988037109375 
603.0684814453125 2.4768884181976318 806.25921630859375 
602.059326171875 3.8196594715118408 808.0477294921875 
604.24603271484375 0.34348717331886292 803.39324951171875 
604.060546875 1.324040412902832 801.671630859375 
602.4306640625 4.9135951995849609 805.9906005859375 
601.3778076171875 6.2260870933532715 808.11956787109375 
599.89886474609375 14.711883544921875 802.0889892578125 
600.5692138671875 13.442834854125977 800.32745361328125 
599.84405517578125 13.734046936035156 804.37890625 
600.6376953125 12.603509902954102 802.29302978515625 
599.78338623046875 12.530307769775391 806.5404052734375 
600.70635986328125 11.470913887023926 804.2791748046875 
599.7945556640625 10.983551025390625 808.28466796875 
600.75042724609375 10.08949089050293 806.25811767578125 
600.6441650390625 8.6067800521850586 808.16107177734375 
601.62322998046875 7.5652923583984375 806.0213623046875 
603.347900390625 3.720416784286499 801.29736328125 
602.7015380859375 6.0389132499694824 800.38372802734375 
602.142578125 8.1185760498046875 799.24896240234375 
601.6016845703125 10.153974533081055 798.19818115234375 
601.0322265625 12.26771354675293 797.26483154296875 
601.10504150390625 11.935717582702637 799.10540771484375 
603.76202392578125 1.1329618692398071 804.9840087890625 
603.403564453125 2.903231143951416 803.89813232421875 
601.1004638671875 11.676793098449707 800.75836181640625 
601.61083984375 10.051253318786621 800.15655517578125 
601.33270263671875 10.522089958190918 802.19293212890625 
602.046630859375 8.285975456237793 801.57525634765625 
602.5338134765625 6.0911593437194824 803.33880615234375 
601.5577392578125 9.0553178787231445 803.98004150390625 
603.06610107421875 42.864944458007812 681.84295654296875 
595.03216552734375 47.87054443359375 676.58074951171875 
593.1309814453125 47.251171112060547 676.28125 
591.21429443359375 46.700771331787109 675.99554443359375 
589.15185546875 46.136081695556641 675.7037353515625 
604.37109375 41.841209411621094 683.4814453125 
605.09173583984375 39.980403900146484 684.80413818359375 
605.7171630859375 37.925655364990234 686.03778076171875 
606.41424560546875 36.470104217529297 685.544189453125 
606.27239990234375 35.791122436523438 687.2679443359375 
587.1300048828125 45.526409149169922 675.51715087890625 
585.0841064453125 44.899871826171875 675.35626220703125 
606.01605224609375 33.849666595458984 688.6217041015625 
606.56573486328125 32.913486480712891 687.8740234375 
605.2822265625 31.917831420898438 689.7337646484375 
605.6197509765625 31.067056655883789 688.92388916015625 
603.96832275390625 30.226030349731445 690.54168701171875 
604.06597900390625 29.521968841552734 689.783203125 
602.215087890625 28.746856689453125 691.1810302734375 
602.35943603515625 27.909582138061523 690.21343994140625 
600.2144775390625 27.497917175292969 691.6480712890625 
600.3426513671875 26.634584426879883 690.54315185546875 
597.94598388671875 26.747913360595703 691.97052001953125 
598.0877685546875 25.818550109863281 690.87884521484375 
583.02215576171875 44.253101348876953 675.1937255859375 
580.95318603515625 43.575138092041016 675.08642578125 
578.89373779296875 42.986934661865234 674.94061279296875 
577.05120849609375 41.903728485107422 675.13311767578125 
575.313720703125 40.632045745849609 675.43115234375 
575.82037353515625 40.078094482421875 675.56201171875 
573.597900390625 39.3447265625 675.7760009765625 
571.5380859375 38.648410797119141 676.16217041015625 
568.7537841796875 30.054254531860352 682.5924072265625 
569.25927734375 28.704160690307617 683.28009033203125 
570.5771484375 28.55992317199707 685.11932373046875 
572.2783203125 28.327995300292969 686.75469970703125 
574.23388671875 28.065515518188477 688.18017578125 
576.42279052734375 27.900178909301758 689.40093994140625 
578.7421875 27.956066131591797 690.410888671875 
581.05767822265625 28.323331832885742 691.2391357421875 
583.4716796875 28.242040634155273 691.77105712890625 
585.94122314453125 27.708236694335938 692.0667724609375 
588.3909912109375 28.326845169067383 692.885498046875 
588.3564453125 27.027938842773438 692.0501708984375 
590.73370361328125 27.358404159545898 692.44793701171875 
590.786376953125 26.394838333129883 691.77978515625 
593.1231689453125 26.765005111694336 692.22271728515625 
593.24725341796875 25.894342422485352 691.478271484375 
595.563720703125 26.595399856567383 692.15960693359375 
595.67889404296875 25.54167366027832 691.17364501953125 
562.72979736328125 43.218387603759766 781.009521484375 
564.02783203125 44.369365692138672 783.91064453125 
565.20660400390625 44.316135406494141 786.7822265625 
594.1397705078125 21.568572998046875 808.07843017578125 
595.47149658203125 19.588369369506836 808.32135009765625 
596.6741943359375 17.524314880371094 808.52105712890625 
597.78863525390625 15.388498306274414 808.6063232421875 
598.814453125 13.197206497192383 808.543701171875 
605.12884521484375 -5.4517908096313477 806.11724853515625 
605.66552734375 -7.684058666229248 805.718505859375 
606.02935791015625 -9.9194765090942383 805.22430419921875 
607.3792724609375 -11.882598876953125 803.89337158203125 
607.7169189453125 -14.103549003601074 803.18707275390625 
608.87261962890625 -15.954025268554688 801.8707275390625 
610.24554443359375 -17.548639297485352 800.3197021484375 
562.124267578125 42.253376007080078 780.6463623046875 
598.59332275390625 19.727785110473633 794.1527099609375 
598.44940185546875 19.661968231201172 796.63433837890625 
597.451416015625 21.70970344543457 795.4833984375 
598.55462646484375 20.161705017089844 791.69818115234375 
597.53533935546875 21.902725219726562 793.08251953125 
596.2803955078125 23.608085632324219 794.26959228515625 
598.4927978515625 20.724018096923828 789.24896240234375 
597.5233154296875 22.269208908081055 790.62548828125 
596.338134765625 23.795047760009766 791.838623046875 
594.9681396484375 25.286989212036133 792.9666748046875 
598.51336669921875 21.217475891113281 786.7684326171875 
597.5147705078125 22.702274322509766 788.09478759765625 
598.63970947265625 21.584274291992188 784.2696533203125 
597.574951171875 23.072246551513672 785.470703125 
598.88055419921875 21.723102569580078 781.7716064453125 
597.7249755859375 23.235513687133789 782.88250732421875 
599.249755859375 21.658771514892578 779.28912353515625 
597.98626708984375 23.156946182250977 780.363525390625 
599.68499755859375 21.668296813964844 776.76190185546875 
598.400390625 22.896543502807617 777.850341796875 
600.2772216796875 21.344959259033203 774.29888916015625 
598.91845703125 22.69151496887207 775.28564453125 
600.8280029296875 20.999391555786133 771.86309814453125 
599.5364990234375 22.28062629699707 772.85406494140625 
601.2305908203125 20.789827346801758 769.419189453125 
600.1124267578125 21.82695198059082 770.46771240234375 
601.5799560546875 20.508884429931641 766.98822021484375 
600.53228759765625 21.639928817749023 767.9930419921875 
601.8836669921875 20.186708450317383 764.5361328125 
600.89556884765625 21.587387084960938 765.42901611328125 
601.19049072265625 21.587234497070312 762.8052978515625 
594.99560546875 25.427024841308594 790.47760009765625 
593.48858642578125 26.760601043701172 791.69586181640625 
600.35491943359375 22.717119216918945 760.983642578125 
600.08673095703125 22.515302658081055 763.71533203125 
599.08636474609375 24.037796020507812 759.6986083984375 
598.96563720703125 23.737922668457031 762.22711181640625 
597.33709716796875 25.589740753173828 759.14208984375 
597.73760986328125 24.959632873535156 760.9849853515625 
595.47906494140625 27.142845153808594 758.80084228515625 
595.99432373046875 26.391452789306641 760.99847412109375 
594.16851806640625 27.840997695922852 760.82135009765625 
592.15740966796875 29.387701034545898 760.630859375 
590.0361328125 30.977993011474609 760.5946044921875 
587.935302734375 32.525020599365234 760.3831787109375 
585.79095458984375 34.120643615722656 759.6357421875 
593.4703369140625 26.825983047485352 789.169921875 
591.77947998046875 28.166513442993164 790.767578125 
591.70599365234375 28.177972793579102 788.142822265625 
589.97149658203125 29.636812210083008 790.18170166015625 
589.889404296875 29.643308639526367 787.4107666015625 
588.31439208984375 31.173252105712891 789.6058349609375 
588.1844482421875 31.22882080078125 786.814697265625 
586.83160400390625 32.780399322509766 788.90069580078125 
586.54583740234375 32.916015625 786.139892578125 
585.3365478515625 34.494663238525391 788.1368408203125 
584.95111083984375 34.573104858398438 785.478271484375 
583.73516845703125 36.295513153076172 787.26287841796875 
583.4365234375 36.074691772460938 784.82110595703125 
582.13519287109375 37.679763793945312 785.58050537109375 
582.11566162109375 36.811809539794922 782.95758056640625 
580.45166015625 38.656894683837891 783.842041015625 
580.495361328125 37.468635559082031 781.24627685546875 
578.76153564453125 39.161972045898438 782.01171875 
576.58306884765625 40.198753356933594 781.0721435546875 
574.58935546875 40.563144683837891 779.46856689453125 
576.353759765625 38.896717071533203 778.36505126953125 
573.917724609375 39.652690887451172 777.0145263671875 
578.4498291015625 38.221771240234375 779.72894287109375 
575.76715087890625 38.119617462158203 775.75238037109375 
573.22088623046875 38.996433258056641 774.49530029296875 
575.221923828125 37.713645935058594 772.88507080078125 
572.74407958984375 38.724922180175781 771.90753173828125 
574.814208984375 37.848320007324219 769.9613037109375 
572.7579345703125 38.801490783691406 769.391357421875 
574.30364990234375 38.504997253417969 767.16961669921875 
576.5875244140625 37.347648620605469 767.92181396484375 
576.1087646484375 38.098590850830078 765.148681640625 
578.56134033203125 36.860610961914062 765.510986328125 
577.71478271484375 37.691017150878906 762.95513916015625 
579.885986328125 36.823055267333984 762.21026611328125 
581.1248779296875 35.791194915771484 764.1070556640625 
581.93975830078125 35.936504364013672 761.24554443359375 
583.443359375 34.691738128662109 762.95184326171875 
583.806640625 35.180355072021484 759.93896484375 
585.69171142578125 33.699848175048828 761.5181884765625 
596.353515625 24.060197830200195 789.32745361328125 
595.0294189453125 25.556947708129883 787.90728759765625 
596.36810302734375 24.352062225341797 786.71875 
577.13726806640625 36.733589172363281 771.128173828125 
577.6683349609375 36.863151550292969 774.47344970703125 
578.23004150390625 37.278339385986328 777.24530029296875 
580.3896484375 36.540908813476562 778.95172119140625 
593.484130859375 26.81591796875 786.57379150390625 
595.04052734375 25.67633056640625 785.27685546875 
596.41424560546875 24.572408676147461 784.05389404296875 
582.423095703125 35.710918426513672 780.7681884765625 
583.98291015625 34.961345672607422 782.8134765625 
585.846435546875 33.261592864990234 783.36260986328125 
587.72833251953125 31.519397735595703 784.18505859375 
589.6900634765625 29.758504867553711 784.67376708984375 
591.59033203125 28.197254180908203 785.4273681640625 
578.4854736328125 36.229591369628906 768.53961181640625 
580.06634521484375 35.739906311035156 766.45941162109375 
579.26678466796875 35.952007293701172 773.44635009765625 
579.860107421875 35.530124664306641 771.14288330078125 
580.34075927734375 35.808177947998047 776.30511474609375 
582.5111083984375 34.9681396484375 778.57086181640625 
584.6324462890625 33.855964660644531 780.68963623046875 
587.0462646484375 31.922435760498047 781.60894775390625 
589.02996826171875 30.233711242675781 782.2275390625 
591.37744140625 28.329296112060547 782.626708984375 
593.387939453125 26.874404907226562 783.92877197265625 
595.0357666015625 25.76823616027832 782.66259765625 
596.56964111328125 24.556215286254883 781.45074462890625 
596.87646484375 24.293249130249023 778.90533447265625 
597.37652587890625 23.848901748657227 776.34796142578125 
597.907958984375 23.5826416015625 773.75640869140625 
598.44805908203125 23.277769088745117 771.31256103515625 
598.97601318359375 22.993423461914062 768.90045166015625 
599.5419921875 22.691442489624023 766.37322998046875 
598.4122314453125 23.849990844726562 764.6502685546875 
597.04827880859375 25.209590911865234 762.97393798828125 
595.22296142578125 25.655681610107422 780.03814697265625 
593.47100830078125 26.767837524414062 781.32958984375 
582.182861328125 34.716651916503906 765.71697998046875 
581.0867919921875 34.957668304443359 768.73211669921875 
597.81781005859375 24.127424240112305 767.1165771484375 
596.61407470703125 25.269372940063477 765.1832275390625 
595.01104736328125 26.81439208984375 763.1767578125 
592.86444091796875 28.511180877685547 762.6697998046875 
590.64898681640625 30.163274765014648 762.44683837890625 
588.137451171875 31.906890869140625 762.35552978515625 
585.6151123046875 33.269729614257812 763.18316650390625 
584.291259765625 33.650054931640625 765.17816162109375 
597.1756591796875 24.486488342285156 769.59515380859375 
596.63189697265625 24.739955902099609 772.03021240234375 
596.18829345703125 24.833795547485352 774.734375 
595.68438720703125 25.270502090454102 777.34490966796875 
593.9022216796875 26.585905075073242 778.48828125 
586.9718017578125 32.216732025146484 764.54388427734375 
589.30169677734375 30.789960861206055 764.22149658203125 
591.4132080078125 29.285898208618164 764.4384765625 
593.403564453125 27.787101745605469 764.95379638671875 
595.0479736328125 26.453126907348633 765.6632080078125 
596.03192138671875 25.496501922607422 767.73101806640625 
592.0433349609375 27.862771987915039 779.65447998046875 
590.24603271484375 29.220386505126953 780.4329833984375 
588.45916748046875 30.636020660400391 779.368408203125 
586.35198974609375 32.301433563232422 779.49908447265625 
584.62738037109375 33.416263580322266 778.09075927734375 
582.819091796875 34.346584320068359 776.178466796875 
581.42138671875 34.92071533203125 773.828125 
582.29150390625 34.380744934082031 771.240234375 
594.39251708984375 26.2684326171875 775.71563720703125 
592.5059814453125 27.662517547607422 776.81402587890625 
594.88970947265625 25.970212936401367 773.05548095703125 
595.1546630859375 25.992412567138672 770.156005859375 
594.11602783203125 26.965541839599609 767.67633056640625 
592.1622314453125 28.46929931640625 766.9281005859375 
590.177001953125 29.893335342407227 766.3631591796875 
588.1798095703125 31.259750366210938 766.18682861328125 
590.5269775390625 29.066883087158203 777.87628173828125 
589.04132080078125 30.243728637695312 776.4527587890625 
586.95428466796875 31.736648559570312 777.3421630859375 
585.18798828125 32.867733001708984 775.75469970703125 
583.60870361328125 33.737678527832031 773.760009765625 
591.09722900390625 28.80131721496582 775.06097412109375 
592.970947265625 27.420461654663086 774.096923828125 
593.51153564453125 27.114431381225586 771.7227783203125 
592.90252685546875 27.710784912109375 769.58587646484375 
591.0260009765625 29.135494232177734 769.119140625 
589.16448974609375 30.459962844848633 768.4130859375 
591.54693603515625 28.601234436035156 772.05419921875 
589.70086669921875 29.994388580322266 771.0091552734375 
589.59417724609375 29.952007293701172 773.68048095703125 
587.4766845703125 31.37458610534668 774.91009521484375 
585.76934814453125 32.480751037597656 773.43865966796875 
584.3226318359375 33.315254211425781 771.23883056640625 
583.44403076171875 33.799201965332031 768.327392578125 
585.75811767578125 32.662136077880859 766.7945556640625 
587.3035888671875 31.671609878540039 768.11639404296875 
585.6234130859375 32.626026153564453 769.26568603515625 
587.832763671875 31.266256332397461 770.1441650390625 
587.91632080078125 31.142829895019531 772.52069091796875 
586.29150390625 32.187847137451172 771.35400390625 
598.98736572265625 18.277324676513672 797.691162109375 
595.41619873046875 21.679859161376953 805.08685302734375 
595.490478515625 22.722869873046875 802.685791015625 
596.74688720703125 20.585226058959961 803.2451171875 
596.97119140625 21.274759292602539 800.767333984375 
596.19659423828125 20.076089859008789 805.89599609375 
598.91033935546875 14.577535629272461 806.58990478515625 
598.066650390625 19.121910095214844 801.3292236328125 
598.26849365234375 19.520805358886719 798.96038818359375 
597.9373779296875 16.376066207885742 806.93463134765625 
597.2093505859375 18.091621398925781 806.37615966796875 
599.02532958984375 17.734346389770508 799.55859375 
599.0101318359375 16.970743179321289 801.79669189453125 
598.77490234375 16.145936965942383 804.5006103515625 
597.77197265625 18.516580581665039 803.8126220703125 
585.415771484375 34.364814758300781 758.65380859375 
583.97894287109375 34.983303070068359 758.5152587890625 
587.070556640625 33.258701324462891 757.27093505859375 
588.42315673828125 31.988607406616211 755.85430908203125 
586.13616943359375 32.342723846435547 755.3355712890625 
604.85040283203125 24.348285675048828 720.41107177734375 
605.7120361328125 23.377935409545898 722.0234375 
606.556396484375 22.2454833984375 723.7242431640625 
603.9415283203125 24.138532638549805 722.13714599609375 
585.59368896484375 31.134092330932617 754.0859375 
586.2503662109375 29.837257385253906 752.8939208984375 
587.220458984375 28.326587677001953 751.4326171875 
588.2132568359375 26.944498062133789 749.76556396484375 
588.913818359375 25.927083969116211 748.2874755859375 
590.58343505859375 25.292881011962891 747.1705322265625 
604.157958984375 23.33415412902832 724.1619873046875 
603.2760009765625 22.794792175292969 726.6978759765625 
587.6517333984375 31.073585510253906 754.25494384765625 
590.0364990234375 30.589862823486328 754.6505126953125 
591.6585693359375 29.149175643920898 753.51397705078125 
588.99017333984375 29.662202835083008 752.97003173828125 
593.35162353515625 27.731899261474609 752.5048828125 
590.59942626953125 28.005559921264648 751.3651123046875 
594.89581298828125 26.353841781616211 751.294921875 
593.0916748046875 26.591089248657227 750.26190185546875 
595.28094482421875 25.277217864990234 749.30670166015625 
595.5445556640625 24.326051712036133 747.266357421875 
593.13104248046875 25.28765869140625 747.8477783203125 
595.8089599609375 23.53863525390625 745.13824462890625 
593.9808349609375 24.301858901977539 745.94000244140625 
602.271240234375 22.414554595947266 728.931640625 
601.093994140625 22.183807373046875 731.10614013671875 
599.92816162109375 22.039505004882812 733.29156494140625 
598.79193115234375 22.022279739379883 735.4732666015625 
597.6556396484375 22.169704437255859 737.6866455078125 
596.45281982421875 22.535871505737305 740.26806640625 
594.72857666015625 23.186792373657227 742.32574462890625 
593.271484375 23.805591583251953 743.92559814453125 
592.00634765625 24.481147766113281 745.5565185546875 
605.74139404296875 21.795646667480469 725.9720458984375 
604.75189208984375 21.466461181640625 728.19244384765625 
603.39813232421875 21.418617248535156 730.288330078125 
602.1165771484375 21.365047454833984 732.43011474609375 
601.0235595703125 21.322910308837891 734.65447998046875 
600.01519775390625 21.400842666625977 736.9014892578125 
599.01507568359375 21.66309928894043 739.11468505859375 
597.98736572265625 22.114728927612305 741.24713134765625 
596.8421630859375 22.766452789306641 743.23114013671875 
590.8702392578125 26.43043327331543 749.1693115234375 
575.526123046875 38.44488525390625 763.09503173828125 
573.83734130859375 38.941513061523438 764.37548828125 
593.4566650390625 24.950481414794922 803.1923828125 
597.27447509765625 21.549240112304688 798.0379638671875 
596.1766357421875 23.410404205322266 796.84368896484375 
594.916259765625 25.103618621826172 795.623291015625 
593.46038818359375 26.667018890380859 794.48712158203125 
591.828857421875 28.10090446472168 793.56011962890625 
590.07562255859375 29.532526016235352 793.03790283203125 
588.11572265625 31.343223571777344 793.21881103515625 
586.53277587890625 33.065933227539062 792.1966552734375 
585.15887451171875 34.746795654296875 791.19293212890625 
583.30645751953125 36.913246154785156 790.23626708984375 
591.26837158203125 26.863283157348633 803.61956787109375 
590.14385986328125 28.4443359375 801.50518798828125 
595.93743896484375 23.181768417358398 799.544189453125 
594.40447998046875 24.746633529663086 800.69866943359375 
572.02734375 39.340450286865234 766.33294677734375 
569.67169189453125 39.843605041503906 765.5357666015625 
568.32672119140625 40.125179290771484 767.32586669921875 
567.75482177734375 40.331089019775391 769.8543701171875 
567.57958984375 40.628810882568359 773.09478759765625 
588.20050048828125 30.283119201660156 800.37603759765625 
586.56683349609375 31.777305603027344 799.4212646484375 
585.15020751953125 33.211353302001953 798.3192138671875 
583.7552490234375 34.701377868652344 797.177734375 
582.3070068359375 36.282630920410156 795.9842529296875 
580.87548828125 37.831577301025391 794.66888427734375 
579.765625 39.198184967041016 793.03350830078125 
578.90582275390625 40.381549835205078 791.03289794921875 
578.04827880859375 41.321903228759766 788.37567138671875 
576.11651611328125 42.36956787109375 786.366455078125 
574.16204833984375 43.148094177246094 784.65045166015625 
571.76165771484375 43.866401672363281 782.94921875 
570.40576171875 43.390487670898438 780.4951171875 
569.647705078125 42.456691741943359 778.17803955078125 
568.806396484375 41.463764190673828 775.83642578125 
581.93072509765625 38.367259979248047 788.22540283203125 
580.306640625 39.621501922607422 786.6259765625 
578.4564208984375 40.623935699462891 785.01416015625 
576.470947265625 41.416835784912109 783.46026611328125 
574.41363525390625 42.043476104736328 782.03369140625 
572.08477783203125 41.518077850341797 778.67816162109375 
572.6392822265625 42.362964630126953 780.74554443359375 
571.4140625 40.612663269042969 776.3231201171875 
570.60125732421875 39.939075469970703 773.809814453125 
570.15948486328125 39.643592834472656 771.0765380859375 
570.11199951171875 39.717578887939453 768.3262939453125 
580.14605712890625 39.901931762695312 789.027587890625 
592.5811767578125 26.447662353515625 801.24127197265625 
593.5433349609375 25.998989105224609 799.2550048828125 
581.10400390625 38.932090759277344 790.7213134765625 
581.72900390625 37.989818572998047 792.43878173828125 
583.11236572265625 36.541461944580078 793.248046875 
584.55084228515625 34.850055694580078 794.312255859375 
585.91754150390625 33.274017333984375 795.3861083984375 
587.1563720703125 31.903251647949219 796.56732177734375 
588.7662353515625 30.593624114990234 795.20294189453125 
590.1961669921875 29.34202766418457 795.640869140625 
591.9039306640625 27.890558242797852 796.29608154296875 
593.49737548828125 26.38496208190918 797.126220703125 
594.81512451171875 24.862770080566406 798.1871337890625 
588.49053955078125 30.585880279541016 797.6375732421875 
590.1837158203125 29.08349609375 798.42547607421875 
592.03924560546875 27.439540863037109 798.98797607421875 
600.59796142578125 54.06207275390625 672.76434326171875 
598.46417236328125 53.005832672119141 672.49371337890625 
596.34136962890625 51.944526672363281 672.21917724609375 
595.33575439453125 51.091876983642578 670.7501220703125 
594.1815185546875 50.915519714355469 672.16265869140625 
593.63140869140625 50.254066467285156 670.449951171875 
591.9642333984375 49.898517608642578 672.42474365234375 
591.4683837890625 49.372859954833984 670.17291259765625 
589.72100830078125 49.026405334472656 672.06396484375 
549.76824951171875 31.09605598449707 687.71746826171875 
551.61761474609375 32.261333465576172 687.2572021484375 
552.9761962890625 32.976547241210938 685.8270263671875 
554.55572509765625 33.656303405761719 684.15032958984375 
558.24981689453125 34.475749969482422 682.3746337890625 
556.048828125 34.309879302978516 682.3614501953125 
550.62896728515625 31.986692428588867 685.4298095703125 
550.6357421875 32.078948974609375 683.0208740234375 
550.72705078125 32.039546966552734 681.00006103515625 
551.1109619140625 31.840452194213867 679.0079345703125 
551.607666015625 31.401660919189453 677.33001708984375 
552.75457763671875 31.880062103271484 675.7987060546875 
554.27056884765625 32.203945159912109 674.011474609375 
555.89849853515625 32.671146392822266 672.532958984375 
557.7215576171875 33.411262512207031 671.21527099609375 
589.32574462890625 48.560939788818359 670.0081787109375 
587.5850830078125 48.063098907470703 672.6185302734375 
587.35162353515625 47.798431396484375 669.72369384765625 
586.045166015625 47.600666046142578 671.5035400390625 
585.33221435546875 47.015937805175781 669.42724609375 
583.8504638671875 46.713462829589844 671.86871337890625 
583.18695068359375 46.251716613769531 669.33355712890625 
581.72381591796875 45.807872772216797 672.10174560546875 
580.943115234375 45.504043579101562 669.52001953125 
579.66973876953125 44.8643798828125 672.47454833984375 
578.788330078125 44.725662231445312 669.6435546875 
577.6695556640625 43.838279724121094 672.99713134765625 
576.23974609375 43.786064147949219 670.19146728515625 
575.7255859375 42.686428070068359 673.7528076171875 
574.019775390625 42.725589752197266 671.82757568359375 
573.865234375 41.355930328369141 674.70477294921875 
572.18975830078125 41.666961669921875 672.93829345703125 
571.83599853515625 40.399948120117188 675.09552001953125 
570.131591796875 40.707832336425781 673.55181884765625 
569.6767578125 39.60040283203125 675.30712890625 
567.82293701171875 39.71575927734375 674.16064453125 
567.58929443359375 38.637973785400391 675.92498779296875 
560.23138427734375 35.068973541259766 680.82171630859375 
557.63250732421875 35.016017913818359 680.582275390625 
562.14569091796875 35.757266998291016 679.35137939453125 
559.372802734375 35.923423767089844 678.54150390625 
563.95556640625 36.595111846923828 678.0552978515625 
561.70074462890625 36.800361633300781 677.21673583984375 
565.753173828125 37.563285827636719 676.93035888671875 
563.63214111328125 37.680320739746094 676.099365234375 
565.61260986328125 38.661968231201172 675.059326171875 
574.2220458984375 42.722206115722656 669.0738525390625 
572.37872314453125 41.543685913085938 668.440673828125 
570.43756103515625 40.372814178466797 668.1976318359375 
568.84197998046875 39.238616943359375 668.03558349609375 
566.97369384765625 38.636768341064453 668.52557373046875 
564.79962158203125 37.828025817871094 669.130859375 
562.70367431640625 36.98828125 669.83099365234375 
560.6578369140625 36.197681427001953 670.76239013671875 
558.71710205078125 35.464584350585938 671.9173583984375 
572.25238037109375 42.180145263671875 670.6031494140625 
570.33221435546875 41.292503356933594 669.98602294921875 
570.655029296875 41.437198638916016 671.72540283203125 
552.53240966796875 33.169876098632812 683.76788330078125 
554.09912109375 33.934436798095703 682.25677490234375 
552.41973876953125 33.310657501220703 681.8323974609375 
555.44805908203125 34.591594696044922 680.6669921875 
553.84814453125 34.059234619140625 680.8245849609375 
552.59478759765625 33.422645568847656 679.97564697265625 
568.29345703125 40.544094085693359 671.71148681640625 
568.35882568359375 40.144428253173828 669.38372802734375 
553.0496826171875 33.440479278564453 677.78082275390625 
554.59033203125 34.516345977783203 679.30084228515625 
556.70709228515625 35.293716430664062 678.8551025390625 
559.7098388671875 36.765960693359375 675.9422607421875 
557.6712646484375 35.951507568359375 676.79150390625 
561.580078125 37.589199066162109 674.844970703125 
554.42938232421875 33.822162628173828 675.7283935546875 
555.5504150390625 35.028640747070312 677.3719482421875 
555.47796630859375 33.837112426757812 674.03680419921875 
556.91448974609375 34.654525756835938 673.0968017578125 
556.35125732421875 35.231147766113281 675.26025390625 
559.95550537109375 36.960365295410156 673.39080810546875 
558.21588134765625 36.199451446533203 674.47747802734375 
561.770751953125 37.699516296386719 672.240478515625 
563.47705078125 38.452850341796875 673.76287841796875 
563.77410888671875 38.520732879638672 671.240966796875 
565.65185546875 39.405525207519531 672.76385498046875 
566.03692626953125 39.402774810791016 670.36962890625 
602.76776123046875 18.724626541137695 752.24212646484375 
602.54693603515625 19.140735626220703 754.63946533203125 
602.4149169921875 19.367456436157227 757.082763671875 
602.299560546875 19.529413223266602 759.5618896484375 
602.14166259765625 19.783561706542969 762.0496826171875 
589.68865966796875 48.700176239013672 673.42584228515625 
591.98748779296875 49.589160919189453 673.69525146484375 
594.1702880859375 50.589420318603516 673.803466796875 
596.36688232421875 51.641239166259766 673.95684814453125 
598.5782470703125 52.763092041015625 674.1104736328125 
600.83380126953125 53.947479248046875 674.2335205078125 
602.86126708984375 55.077629089355469 673.692138671875 
604.67608642578125 55.725719451904297 674.56640625 
570.8948974609375 30.636013031005859 689.321044921875 
572.0081787109375 30.595623016357422 691.3931884765625 
593.6473388671875 29.628625869750977 708.00836181640625 
573.3304443359375 30.583358764648438 693.623291015625 
575.02166748046875 30.522197723388672 695.3707275390625 
576.73236083984375 30.461305618286133 696.84649658203125 
578.185546875 30.420492172241211 698.2813720703125 
580.39208984375 30.282655715942383 698.909423828125 
591.56719970703125 29.513980865478516 707.42529296875 
574.2022705078125 30.138439178466797 691.60565185546875 
576.01727294921875 30.098152160644531 693.01763916015625 
577.98114013671875 30.106243133544922 694.30096435546875 
580.0072021484375 30.142646789550781 695.76873779296875 
582.3018798828125 30.107021331787109 696.7332763671875 
584.384765625 29.989322662353516 697.38507080078125 
585.88421630859375 29.819534301757812 698.8370361328125 
587.802490234375 29.513809204101562 700.00830078125 
589.83978271484375 29.25373649597168 701.0621337890625 
591.98748779296875 29.50294303894043 701.89990234375 
592.2607421875 29.609075546264648 703.99163818359375 
593.02325439453125 29.696718215942383 705.8753662109375 
590.05816650390625 29.450912475585938 706.04644775390625 
588.734619140625 29.470962524414062 704.29705810546875 
586.61822509765625 29.597248077392578 703.1796875 
584.67657470703125 29.853128433227539 701.7259521484375 
582.73004150390625 30.097211837768555 700.022216796875 
600.1334228515625 52.833076477050781 675.2572021484375 
597.94769287109375 51.852367401123047 674.9520263671875 
595.79962158203125 50.840465545654297 674.779296875 
593.69549560546875 49.869495391845703 674.6668701171875 
591.5975341796875 48.969913482666016 674.5052490234375 
589.3748779296875 48.163043975830078 674.210205078125 
587.26470947265625 47.499492645263672 673.780517578125 
585.2008056640625 46.933971405029297 673.10284423828125 
583.1162109375 45.94927978515625 673.3958740234375 
581.03887939453125 44.965930938720703 673.6177978515625 
578.9931640625 43.914180755615234 673.90802001953125 
577.00140380859375 42.738025665283203 674.39813232421875 
575.0677490234375 41.454151153564453 675.02032470703125 
573.2467041015625 40.063106536865234 675.63714599609375 
563.4716796875 34.448150634765625 681.53021240234375 
560.765625 34.362449645996094 682.50830078125 
596.7098388671875 26.371488571166992 756.9034423828125 
601.33465576171875 21.605831146240234 760.1844482421875 
601.60064697265625 21.058757781982422 753.5023193359375 
601.40771484375 21.562217712402344 757.7115478515625 
601.66253662109375 21.075727462768555 755.63250732421875 
598.6263427734375 24.794546127319336 756.69525146484375 
600.28533935546875 23.048574447631836 755.28900146484375 
600.12432861328125 23.261257171630859 758.2227783203125 
612.52423095703125 56.401500701904297 678.83099365234375 
623.52587890625 50.379257202148438 682.7855224609375 
620.8792724609375 51.358654022216797 683.17608642578125 
619.01641845703125 52.672817230224609 682.7337646484375 
617.25616455078125 53.697906494140625 682.1751708984375 
615.63433837890625 54.718265533447266 681.36688232421875 
613.95416259765625 55.527271270751953 680.39776611328125 
622.385498046875 52.382377624511719 682.20782470703125 
620.7652587890625 53.798206329345703 681.65283203125 
618.713623046875 54.892662048339844 681.0133056640625 
616.76068115234375 55.777553558349609 679.933837890625 
614.88751220703125 56.349124908447266 678.8204345703125 
602.46661376953125 54.283779144287109 675.220703125 
608.71234130859375 19.573915481567383 690.02777099609375 
567.9202880859375 33.401268005371094 668.48944091796875 
566.115234375 32.213150024414062 669.03863525390625 
567.158935546875 31.839988708496094 670.17742919921875 
619.82391357421875 44.615818023681641 674.42132568359375 
618.421875 45.824493408203125 673.73468017578125 
619.8514404296875 42.957260131835938 675.21929931640625 
569.06085205078125 32.962551116943359 669.796142578125 
569.96923828125 34.314247131347656 668.30712890625 
569.9088134765625 32.939826965332031 671.08978271484375 
571.518310546875 33.643611907958984 671.604248046875 
573.094482421875 34.363487243652344 672.2694091796875 
574.83526611328125 35.192131042480469 671.80657958984375 
605.4283447265625 25.637796401977539 687.94293212890625 
604.4111328125 23.983741760253906 688.46307373046875 
606.98175048828125 24.216339111328125 687.884033203125 
605.94873046875 22.371959686279297 688.59332275390625 
606.35504150390625 27.315988540649414 687.55548095703125 
608.08660888671875 26.057523727416992 687.17840576171875 
609.64825439453125 21.543548583984375 689.2545166015625 
607.47760009765625 20.958965301513672 689.12457275390625 
608.9434814453125 27.859766006469727 686.3924560546875 
609.24957275390625 29.465471267700195 685.94903564453125 
617.615478515625 44.108600616455078 674.62744140625 
615.70159912109375 45.474872589111328 673.7032470703125 
576.889892578125 36.097698211669922 671.35919189453125 
579.0645751953125 37.092918395996094 670.26959228515625 
608.411865234375 22.821504592895508 688.40252685546875 
610.46246337890625 30.795513153076172 684.94757080078125 
581.111328125 37.886009216308594 670.1741943359375 
611.93890380859375 32.621322631835938 683.500732421875 
614.656005859375 43.539531707763672 675.064453125 
612.7957763671875 45.021781921386719 673.847412109375 
619.7823486328125 40.634147644042969 676.40655517578125 
611.56884765625 42.967254638671875 675.51953125 
609.83807373046875 44.517112731933594 674.0357666015625 
621.3638916015625 38.498294830322266 677.40478515625 
622.85650634765625 37.003219604492188 678.88037109375 
621.39971923828125 35.492420196533203 679.918701171875 
619.56219482421875 34.194969177246094 680.9781494140625 
617.566162109375 33.002040863037109 682.06951904296875 
615.4920654296875 31.785900115966797 683.12139892578125 
610.73175048828125 23.463815689086914 688.489013671875 
612.1046142578125 25.343618392944336 687.713623046875 
613.8851318359375 27.16374397277832 686.965087890625 
613.7708740234375 28.725137710571289 685.5333251953125 
613.39068603515625 30.424543380737305 684.23114013671875 
611.53240966796875 35.160236358642578 682.23431396484375 
570.9854736328125 33.922348022460938 669.60272216796875 
571.83160400390625 35.464385986328125 667.816162109375 
573.83734130859375 36.490726470947266 667.4952392578125 
573.18170166015625 34.857215881347656 669.702880859375 
576.07073974609375 37.228607177734375 667.5203857421875 
575.445556640625 35.947952270507812 669.22235107421875 
578.3017578125 37.879615783691406 667.7252197265625 
577.23040771484375 36.724266052246094 669.02435302734375 
580.49951171875 38.572284698486328 667.95721435546875 
582.6341552734375 39.258678436279297 668.2724609375 
584.71490478515625 40.205596923828125 668.20916748046875 
586.1004638671875 39.892578125 670.10882568359375 
586.74920654296875 41.292095184326172 668.042724609375 
588.78448486328125 42.396125793457031 668.017822265625 
587.6942138671875 40.583518981933594 670.21722412109375 
590.7958984375 43.249736785888672 668.38116455078125 
589.5572509765625 41.323570251464844 670.49896240234375 
592.615966796875 43.598178863525391 669.25482177734375 
591.43505859375 41.979827880859375 670.9957275390625 
593.3568115234375 42.505672454833984 671.751220703125 
594.56134033203125 43.981174468994141 670.13916015625 
595.17291259765625 42.914012908935547 672.50994873046875 
596.47265625 44.381866455078125 670.87353515625 
597.04852294921875 43.246261596679688 673.16259765625 
598.46923828125 44.682228088378906 671.531494140625 
598.9595947265625 43.376613616943359 673.80084228515625 
600.57366943359375 44.846454620361328 672.11102294921875 
600.941650390625 43.311607360839844 674.40234375 
602.7733154296875 44.925891876220703 672.59405517578125 
602.9920654296875 43.154323577880859 674.9019775390625 
605.1005859375 44.977451324462891 672.97760009765625 
605.2603759765625 43.1600341796875 675.0552978515625 
607.55078125 45.07354736328125 673.2625732421875 
606.02435302734375 41.927059173583984 676.61700439453125 
607.39013671875 43.291683197021484 675.03662109375 
608.6822509765625 42.379367828369141 676.05029296875 
607.45892333984375 40.860416412353516 677.78472900390625 
609.01361083984375 39.529243469238281 679.06573486328125 
611.00555419921875 37.632091522216797 680.47100830078125 
610.32470703125 41.146900177001953 677.2452392578125 
609.5794677734375 24.744014739990234 687.6107177734375 
611.1361083984375 26.902786254882812 686.5147705078125 
611.301025390625 28.952789306640625 685.34710693359375 
614.63677978515625 33.742153167724609 681.87872314453125 
617.0093994140625 34.714523315429688 680.62640380859375 
614.3232421875 35.981464385986328 680.7099609375 
613.5262451171875 41.580459594726562 676.68743896484375 
612.309326171875 39.700714111328125 678.3966064453125 
614.79132080078125 38.126491546630859 679.15704345703125 
615.94305419921875 40.148475646972656 677.5057373046875 
616.924072265625 42.161849975585938 675.9361572265625 
618.258056640625 38.532855987548828 677.920166015625 
617.20843505859375 36.626972198486328 679.35260009765625 
619.0062255859375 35.501091003417969 679.702392578125 
620.000732421875 36.867561340332031 678.57110595703125 
576.103515625 15.982456207275391 694.5147705078125 
576.54248046875 17.03215217590332 693.7030029296875 
573.91851806640625 16.641475677490234 693.14404296875 
574.01922607421875 14.716375350952148 695.2659912109375 
616.7081298828125 47.460418701171875 672.74261474609375 
615.19061279296875 48.833671569824219 671.9368896484375 
571.63580322265625 15.538795471191406 693.57989501953125 
571.4234619140625 17.323617935180664 691.99981689453125 
572.19342041015625 13.578527450561523 696.39306640625 
571.4095458984375 14.318851470947266 694.95648193359375 
570.039794921875 12.731124877929688 697.32110595703125 
569.626708984375 13.589069366455078 695.66436767578125 
612.855224609375 49.702888488769531 671.14764404296875 
614.22021484375 47.285289764404297 672.4130859375 
611.5849609375 47.151920318603516 672.11480712890625 
609.00775146484375 47.016937255859375 671.80523681640625 
569.3140869140625 16.333541870117188 692.34930419921875 
569.20343017578125 18.210384368896484 690.6749267578125 
567.093017578125 17.010507583618164 691.129638671875 
567.179931640625 18.834938049316406 689.19329833984375 
565.03741455078125 17.285425186157227 689.78448486328125 
565.2530517578125 19.064811706542969 687.6583251953125 
563.014892578125 17.240287780761719 688.4014892578125 
563.30267333984375 18.95811653137207 686.18890380859375 
560.98797607421875 17.06364631652832 687.043212890625 
561.28143310546875 18.618585586547852 684.83837890625 
559.01220703125 16.902267456054688 685.76300048828125 
559.258056640625 18.295913696289062 683.57177734375 
557.07037353515625 16.915008544921875 684.68975830078125 
557.3997802734375 18.219575881958008 682.46026611328125 
565.95367431640625 12.563717842102051 699.16925048828125 
568.4134521484375 12.156924247741699 698.74774169921875 
563.63427734375 13.357293128967285 699.826904296875 
561.6822509765625 14.194689750671387 700.3875732421875 
559.40985107421875 15.002671241760254 699.81695556640625 
557.3350830078125 15.980467796325684 700.162109375 
555.6588134765625 16.498653411865234 699.34112548828125 
553.83734130859375 17.285985946655273 698.458984375 
552.1185302734375 18.320207595825195 697.475830078125 
550.49188232421875 19.621603012084961 696.3338623046875 
548.9947509765625 21.354040145874023 695.11480712890625 
547.77716064453125 23.383769989013672 693.39569091796875 
606.62872314453125 46.972187042236328 671.42657470703125 
604.3302001953125 46.776042938232422 671.137451171875 
602.151611328125 46.620635986328125 670.7603759765625 
599.9306640625 46.821048736572266 670.003173828125 
597.919677734375 46.149055480957031 669.79931640625 
563.976806640625 31.119897842407227 669.40692138671875 
561.7056884765625 30.263097763061523 669.71624755859375 
559.78271484375 29.014415740966797 670.51141357421875 
559.42132568359375 27.352558135986328 671.7972412109375 
557.9239501953125 27.924810409545898 671.43450927734375 
559.0484619140625 25.71470832824707 673.42608642578125 
557.89208984375 26.516700744628906 672.4310302734375 
558.491455078125 24.10981559753418 675.14404296875 
556.72479248046875 25.064020156860352 673.75653076171875 
558.159912109375 22.547710418701172 676.940673828125 
556.38397216796875 23.201580047607422 675.6290283203125 
557.69775390625 21.005958557128906 678.62738037109375 
555.7314453125 21.629995346069336 677.38482666015625 
556.72662353515625 19.466852188110352 680.29046630859375 
554.79376220703125 20.24736213684082 679.164794921875 
567.16192626953125 12.974785804748535 696.95587158203125 
547.27911376953125 24.087060928344727 690.9407958984375 
547.14349365234375 24.490188598632812 688.65863037109375 
547.4354248046875 24.604448318481445 686.3629150390625 
547.92919921875 24.589570999145508 684.00933837890625 
548.8111572265625 24.212080001831055 681.85479736328125 
550.31182861328125 23.439308166503906 679.50677490234375 
551.52032470703125 24.470922470092773 677.22808837890625 
552.83990478515625 25.303230285644531 675.3970947265625 
554.52716064453125 26.091812133789062 673.83087158203125 
556.2164306640625 26.993608474731445 672.4810791015625 
555.29736328125 18.130527496337891 682.17431640625 
553.93505859375 19.007234573364258 681.159423828125 
555.24407958984375 17.14411735534668 684.0535888671875 
601.741455078125 48.335647583007812 669.51300048828125 
610.17657470703125 49.536167144775391 670.58673095703125 
607.86187744140625 49.359119415283203 670.178466796875 
605.63800048828125 49.078582763671875 669.88458251953125 
603.52691650390625 48.614246368408203 669.7130126953125 
554.75457763671875 24.352397918701172 674.869140625 
569.4307861328125 14.772686004638672 694.01190185546875 
553.90478515625 23.128131866455078 676.30560302734375 
552.90142822265625 21.848806381225586 678.12310791015625 
552.2236328125 20.503208160400391 680.1826171875 
550.11749267578125 21.472412109375 681.74310302734375 
567.13421630859375 15.446938514709473 692.98223876953125 
567.177734375 14.153556823730469 694.829345703125 
548.89910888671875 22.424659729003906 683.33331298828125 
551.7039794921875 19.353113174438477 682.513671875 
549.87396240234375 20.282638549804688 684.09246826171875 
553.38555908203125 17.900003433227539 683.47454833984375 
548.41827392578125 22.088739395141602 685.35333251953125 
547.9954833984375 21.996187210083008 687.7076416015625 
547.7821044921875 22.251035690307617 689.6611328125 
548.3714599609375 21.197877883911133 691.48291015625 
549.10980224609375 20.324390411376953 693.23834228515625 
551.4404296875 18.307361602783203 685.2142333984375 
553.37872314453125 16.902786254882812 685.90338134765625 
550.55853271484375 18.632225036621094 694.10308837890625 
549.6402587890625 19.606969833374023 686.726318359375 
549.17474365234375 19.819107055664062 689.33050537109375 
550.59521484375 18.147340774536133 691.47723388671875 
552.092041015625 17.444019317626953 695.24444580078125 
553.67816162109375 16.558788299560547 696.2706298828125 
555.453369140625 15.842254638671875 697.18609619140625 
557.33746337890625 15.366486549377441 698.271240234375 
564.895263671875 15.822840690612793 691.90362548828125 
564.89581298828125 14.797808647155762 693.8795166015625 
564.71893310546875 13.942662239074707 695.78509521484375 
564.15948486328125 13.462858200073242 697.8115234375 
561.65692138671875 14.13880729675293 698.63055419921875 
559.5289306640625 14.592811584472656 697.30792236328125 
562.10321044921875 14.144579887390137 696.50616455078125 
562.8570556640625 14.455169677734375 694.763671875 
562.5574951171875 14.949342727661133 692.9759521484375 
562.70001220703125 15.818149566650391 690.73846435546875 
560.57110595703125 15.706880569458008 689.4534912109375 
558.52923583984375 15.702385902404785 688.1407470703125 
556.6439208984375 15.937382698059082 686.905029296875 
555.24432373046875 16.354938507080078 685.94873046875 
560.16571044921875 14.860233306884766 691.9588623046875 
560.18548583984375 14.473634719848633 694.6680908203125 
557.46588134765625 14.866477012634277 695.92889404296875 
557.61029052734375 14.687755584716797 693.36749267578125 
557.89813232421875 14.926416397094727 690.71826171875 
555.861328125 15.327390670776367 689.36639404296875 
554.24346923828125 16.015802383422852 687.891845703125 
555.426513671875 15.351096153259277 694.884033203125 
553.6873779296875 16.090911865234375 694.31475830078125 
552.464599609375 16.674680709838867 692.94537353515625 
555.06414794921875 15.279415130615234 692.27911376953125 
553.2032470703125 16.127321243286133 690.40655517578125 
551.61138916015625 17.388633728027344 688.2557373046875 
601.80169677734375 -9.4056339263916016 724.22900390625 
600.34173583984375 -7.9206504821777344 723.234375 
598.950439453125 -8.5785531997680664 725.02862548828125 
602.6300048828125 -8.3254785537719727 722.26873779296875 
603.30316162109375 -6.9764113426208496 721.0556640625 
601.6865234375 -6.662661075592041 721.8590087890625 
606.54400634765625 -9.0369462966918945 721.3770751953125 
604.568359375 -8.0586071014404297 721.03662109375 
604.6400146484375 -9.7305870056152344 722.96966552734375 
606.62664794921875 -7.2330694198608398 719.75665283203125 
604.74310302734375 -6.1302447319030762 719.93658447265625 
603.02557373046875 -5.2000217437744141 720.732177734375 
604.24676513671875 -3.6394252777099609 719.68328857421875 
608.14849853515625 0.50262254476547241 715.87481689453125 
610.06390380859375 0.55106228590011597 715.267333984375 
609.2431640625 2.3183143138885498 714.634033203125 
609.0460205078125 -1.0604127645492554 716.10650634765625 
610.11883544921875 4.4925637245178223 713.56231689453125 
611.19989013671875 6.7219023704528809 712.60565185546875 
609.519287109375 -4.6499767303466797 717.8465576171875 
606.8375244140625 -4.892672061920166 718.4403076171875 
609.0323486328125 -6.3387188911437988 718.859130859375 
609.2261962890625 -2.8949925899505615 716.9278564453125 
606.7261962890625 -0.77779430150985718 717.3101806640625 
605.3721923828125 -2.0253655910491943 718.6336669921875 
608.5086669921875 -7.9039521217346191 720.06268310546875 
612.32208251953125 8.7202110290527344 711.51837158203125 
612.09625244140625 9.82183837890625 709.70745849609375 
611.927978515625 10.496585845947266 707.6158447265625 
610.10284423828125 10.517833709716797 700.52264404296875 
610.958251953125 10.386555671691895 702.793701171875 
611.57830810546875 10.656776428222656 705.25799560546875 
608.4871826171875 12.101332664489746 696.30731201171875 
610.3380126953125 12.464594841003418 696.52294921875 
609.59686279296875 13.403082847595215 694.9962158203125 
609.4984130859375 11.198417663574219 698.23193359375 
605.44036865234375 16.982498168945312 691.025146484375 
607.62603759765625 17.480291366577148 690.94110107421875 
606.413330078125 18.818218231201172 690.02215576171875 
608.51806640625 14.753392219543457 693.1865234375 
607.0423583984375 13.048005104064941 694.87274169921875 
605.598876953125 14.165373802185059 693.68426513671875 
606.69805908203125 15.689579010009766 691.970947265625 
604.38482666015625 15.485316276550293 692.56341552734375 
608.716796875 16.489448547363281 691.9521484375 
603.27734375 16.945032119750977 691.63037109375 
605.0322265625 20.366275787353516 689.38623046875 
604.27606201171875 18.532199859619141 690.24029541015625 
602.75799560546875 20.288351058959961 689.76104736328125 
603.3692626953125 22.118349075317383 689.02032470703125 
602.6053466796875 18.550395965576172 690.67584228515625 
609.21087646484375 -29.672399520874023 787.31292724609375 
610.4278564453125 -30.87646484375 786.35382080078125 
609.72137451171875 -30.578559875488281 785.20465087890625 
617.30108642578125 -15.784358024597168 732.47015380859375 
616.68414306640625 -14.729769706726074 730.45849609375 
614.179931640625 -14.965419769287109 731.40179443359375 
565.32293701171875 43.270050048828125 788.97784423828125 
562.92755126953125 41.216945648193359 777.501953125 
562.06292724609375 40.679943084716797 779.5806884765625 
564.24932861328125 41.163646697998047 790.09808349609375 
618.2926025390625 -36.01702880859375 770.91876220703125 
619.29345703125 -36.538948059082031 770.75469970703125 
619.3414306640625 -35.979545593261719 768.94598388671875 
621.62518310546875 -36.852104187011719 767.99273681640625 
620.4952392578125 -35.819541931152344 766.84661865234375 
622.41925048828125 -36.501663208007812 765.708984375 
621.3668212890625 -35.307971954345703 764.6981201171875 
623.45654296875 -36.070945739746094 763.42767333984375 
626.046142578125 -32.162879943847656 750.670654296875 
626.7037353515625 -31.29344367980957 747.8134765625 
624.13690185546875 -30.589536666870117 750.3685302734375 
625.14459228515625 -29.814796447753906 747.07061767578125 
562.6153564453125 39.03375244140625 777.880859375 
563.3095703125 37.439620971679688 775.78143310546875 
581.3182373046875 11.757113456726074 722.996337890625 
580.3897705078125 12.601517677307129 720.94256591796875 
578.2310791015625 11.9881591796875 722.612060546875 
581.4210205078125 9.9146108627319336 724.72833251953125 
579.458251953125 11.520190238952637 724.6646728515625 
580.5418701171875 7.4471373558044434 726.31982421875 
579.43914794921875 10.037929534912109 726.39593505859375 
580.1275634765625 5.92645263671875 727.72393798828125 
579.029541015625 8.2128000259399414 728.0389404296875 
622.3702392578125 -34.773807525634766 762.40411376953125 
624.7381591796875 -35.677162170410156 761.0458984375 
623.458984375 -34.275653839111328 759.94635009765625 
625.83245849609375 -35.137977600097656 758.41455078125 
624.4326171875 -33.885746002197266 757.639404296875 
626.3731689453125 -34.330898284912109 755.61077880859375 
624.3446044921875 -32.921245574951172 755.6402587890625 
626.52996826171875 -33.358268737792969 752.91009521484375 
624.3209228515625 -31.862083435058594 753.17059326171875 
575.8355712890625 13.098183631896973 723.906494140625 
573.97052001953125 14.254180908203125 724.3831787109375 
573.60150146484375 16.286334991455078 725.82440185546875 
573.5001220703125 18.52247428894043 726.950439453125 
574.73284912109375 20.569816589355469 728.2958984375 
580.6298828125 4.5678014755249023 729.031494140625 
579.23162841796875 6.7287802696228027 729.65228271484375 
581.2962646484375 3.5644016265869141 730.054931640625 
580.05810546875 5.4974255561828613 731.1748046875 
617.76513671875 -16.93565559387207 734.4266357421875 
614.88226318359375 -16.374345779418945 734.12176513671875 
618.1676025390625 -18.202470779418945 736.26373291015625 
615.36419677734375 -17.642889022827148 736.3917236328125 
619.170654296875 -19.476404190063477 737.81866455078125 
616.17626953125 -18.964941024780273 738.28521728515625 
620.42742919921875 -20.826066970825195 739.21929931640625 
617.30230712890625 -20.395994186401367 739.8870849609375 
621.3406982421875 -22.394222259521484 740.72747802734375 
618.56256103515625 -21.921586990356445 741.43096923828125 
612.29302978515625 -15.254578590393066 733.8489990234375 
611.86578369140625 -14.042049407958984 731.06048583984375 
609.970703125 -14.056453704833984 733.67376708984375 
609.36358642578125 -13.017098426818848 731.30670166015625 
607.71795654296875 -12.907829284667969 733.85760498046875 
606.895751953125 -11.969592094421387 731.92340087890625 
605.51007080078125 -11.781471252441406 734.25592041015625 
605.02783203125 -11.107778549194336 732.3875732421875 
598.21636962890625 -4.7376112937927246 806.05572509765625 
599.1591796875 -6.7275476455688477 805.46490478515625 
598.77142333984375 -5.9814052581787109 803.92437744140625 
599.6878662109375 -8.0558385848999023 803.6258544921875 
597.3004150390625 -2.6524562835693359 806.87054443359375 
597.8028564453125 -3.8652701377868652 804.51239013671875 
596.33026123046875 -0.53701150417327881 807.42510986328125 
596.79071044921875 -1.6910009384155273 805.171142578125 
595.40325927734375 1.6654292345046997 808.1309814453125 
595.75469970703125 0.53048068284988403 805.92083740234375 
594.7242431640625 2.7522368431091309 806.77557373046875 
593.7703857421875 4.8320655822753906 807.48394775390625 
592.83856201171875 6.7683720588684082 807.71563720703125 
591.80950927734375 8.7148408889770508 807.605712890625 
590.66082763671875 10.681496620178223 807.41473388671875 
589.4202880859375 12.595858573913574 807.18865966796875 
588.10614013671875 14.412799835205078 806.8287353515625 
586.7188720703125 16.171474456787109 806.4407958984375 
585.3148193359375 17.798696517944336 805.92779541015625 
583.91131591796875 19.253692626953125 805.0943603515625 
582.41064453125 20.676149368286133 804.0654296875 
580.7958984375 22.090480804443359 802.9996337890625 
579.073974609375 23.45054817199707 801.82440185546875 
576.931884765625 25.032463073730469 800.5955810546875 
625.01513671875 -26.85260009765625 743.62481689453125 
625.85650634765625 -24.629276275634766 741.94488525390625 
621.76470947265625 -25.475347518920898 744.3017578125 
623.3919677734375 -23.679317474365234 741.59075927734375 
624.76776123046875 -28.416128158569336 745.42779541015625 
622.236083984375 -27.304033279418945 746.704345703125 
623.04620361328125 -28.896291732788086 748.614501953125 
619.99658203125 -23.571449279785156 742.92803955078125 
563.921875 38.553070068359375 790.88702392578125 
564.28656005859375 35.93035888671875 791.26348876953125 
565.12823486328125 33.349143981933594 790.8914794921875 
576.27142333984375 20.017581939697266 729.77935791015625 
577.59429931640625 21.400793075561523 730.817626953125 
578.42388916015625 21.060806274414062 732.366943359375 
578.85009765625 20.433664321899414 734.380615234375 
579.22125244140625 19.743179321289062 736.516357421875 
579.88787841796875 19.195474624633789 738.60137939453125 
580.55859375 18.721755981445312 740.676513671875 
581.116943359375 18.279647827148438 742.895751953125 
581.60528564453125 17.98216438293457 745.22821044921875 
581.87432861328125 17.860454559326172 747.91766357421875 
581.29217529296875 19.268518447875977 750.5047607421875 
562.0030517578125 42.376182556152344 783.10626220703125 
561.62615966796875 40.320884704589844 781.922607421875 
562.51220703125 42.552356719970703 785.7496337890625 
563.25360107421875 41.997352600097656 788.1007080078125 
570.38427734375 33.837642669677734 758.2216796875 
571.4483642578125 31.66229248046875 758.12091064453125 
572.72381591796875 29.456430435180664 757.971435546875 
574.16326904296875 27.321866989135742 757.57958984375 
575.711669921875 25.381185531616211 756.863037109375 
568.53076171875 34.033592224121094 760.223876953125 
566.8145751953125 34.81658935546875 762.77301025390625 
565.7384033203125 36.489265441894531 764.04632568359375 
565.02801513671875 36.962680816650391 766.09210205078125 
564.4398193359375 37.715511322021484 768.5457763671875 
564.22247314453125 36.803352355957031 770.86334228515625 
564.07470703125 35.932388305664062 773.3792724609375 
577.28045654296875 23.683368682861328 755.76397705078125 
578.7928466796875 22.170009613037109 754.31036376953125 
580.1763916015625 20.658430099487305 752.602783203125 
603.2901611328125 -10.014506340026855 730.39239501953125 
601.079833984375 -9.1814994812011719 728.97857666015625 
600.64984130859375 -8.9428176879882812 731.04925537109375 
598.78106689453125 -8.4244232177734375 729.11968994140625 
602.33154296875 -9.8166971206665039 732.8502197265625 
603.614990234375 -10.727690696716309 734.30908203125 
598.24169921875 -7.9516377449035645 731.3145751953125 
596.4786376953125 -7.6922478675842285 729.1806640625 
595.83624267578125 -6.9968433380126953 731.08642578125 
594.16412353515625 -6.8926010131835938 729.148681640625 
593.53973388671875 -6.1323208808898926 730.72808837890625 
591.87835693359375 -5.9180231094360352 728.9254150390625 
591.48797607421875 -5.1992158889770508 730.58392333984375 
589.776611328125 -4.6736598014831543 728.71331787109375 
589.5548095703125 -4.055457592010498 730.7022705078125 
587.86431884765625 -3.2892181873321533 728.9912109375 
587.64154052734375 -2.6662523746490479 730.94622802734375 
586.00244140625 -1.7658636569976807 729.23004150390625 
585.78521728515625 -1.0955588817596436 731.25433349609375 
584.26275634765625 -0.1313508152961731 729.41705322265625 
584.05401611328125 0.62173557281494141 731.60162353515625 
582.718505859375 1.6142749786376953 729.68212890625 
582.54925537109375 2.4385313987731934 732.045654296875 
581.29425048828125 4.3650975227355957 732.74029541015625 
606.19158935546875 -23.218599319458008 795.1357421875 
607.12115478515625 -24.785646438598633 794.10443115234375 
606.1907958984375 -23.949054718017578 793.0970458984375 
607.06109619140625 -25.767913818359375 791.9884033203125 
605.55242919921875 -21.740581512451172 796.33734130859375 
605.489990234375 -22.225488662719727 794.28985595703125 
604.857177734375 -20.127086639404297 797.4595947265625 
604.8621826171875 -20.554653167724609 795.53302001953125 
604.35833740234375 -18.691183090209961 798.895751953125 
604.2882080078125 -18.941450119018555 796.87457275390625 
603.59881591796875 -17.091325759887695 799.47265625 
603.6536865234375 -17.263364791870117 798.0069580078125 
602.9849853515625 -15.430576324462891 801.13555908203125 
602.957275390625 -15.531559944152832 799.07666015625 
602.27276611328125 -13.64285945892334 802.42864990234375 
602.27679443359375 -13.899892807006836 800.34381103515625 
601.38568115234375 -11.782065391540527 802.96380615234375 
601.68731689453125 -12.543950080871582 801.32635498046875 
600.54083251953125 -9.9454412460327148 803.20501708984375 
601.08642578125 -11.02660083770752 801.2677001953125 
600.3446044921875 -9.1477766036987305 801.35870361328125 
599.48046875 -7.0706243515014648 801.6822509765625 
574.94525146484375 26.196720123291016 798.49432373046875 
573.07696533203125 27.279247283935547 796.83807373046875 
571.29779052734375 28.289148330688477 795.34161376953125 
569.8956298828125 29.082452774047852 794.096435546875 
606.47210693359375 -24.694974899291992 791.152099609375 
607.12286376953125 -26.193136215209961 790.210693359375 
607.67120361328125 -27.108949661254883 790.41455078125 
607.5657958984375 -27.152444839477539 788.56390380859375 
608.6328125 -28.601837158203125 789.07806396484375 
608.24029541015625 -28.393339157104492 786.93798828125 
608.89324951171875 -29.427341461181641 785.5921630859375 
609.3641357421875 -29.932392120361328 783.84796142578125 
610.2430419921875 -31.173116683959961 782.89849853515625 
610.071044921875 -30.573139190673828 781.71282958984375 
611.30841064453125 -32.266548156738281 780.958251953125 
611.0736083984375 -31.499000549316406 779.65057373046875 
612.44476318359375 -33.229114532470703 778.9912109375 
612.22808837890625 -32.412296295166016 777.54815673828125 
613.83660888671875 -34.235401153564453 777.1151123046875 
613.50738525390625 -33.249031066894531 775.46221923828125 
615.348388671875 -35.100555419921875 775.2037353515625 
614.9071044921875 -33.972087860107422 773.40936279296875 
616.803955078125 -35.659008026123047 773.102783203125 
616.3851318359375 -34.507671356201172 771.3572998046875 
617.81927490234375 -34.830352783203125 769.3642578125 
567.8045654296875 30.206985473632812 791.6441650390625 
569.53131103515625 28.851009368896484 792.01507568359375 
566.61676025390625 30.937198638916016 790.01947021484375 
577.79156494140625 12.583690643310547 724.76800537109375 
619.00665283203125 -35.017936706542969 767.74114990234375 
578.23370361328125 12.122203826904297 726.4986572265625 
619.5614013671875 -34.430000305175781 766.0020751953125 
575.223388671875 17.820747375488281 727.8580322265625 
578.05908203125 10.780953407287598 728.346923828125 
561.62567138671875 40.325126647949219 784.40093994140625 
575.37835693359375 15.169522285461426 726.07952880859375 
576.926025390625 13.741837501525879 726.3248291015625 
576.46466064453125 15.555849075317383 728.20098876953125 
576.44134521484375 17.455562591552734 730.0277099609375 
577.02410888671875 19.24793815612793 731.53521728515625 
577.45184326171875 18.490501403808594 733.55731201171875 
578.00970458984375 17.550909042358398 735.65557861328125 
577.40765380859375 13.352091789245605 728.44012451171875 
576.89569091796875 14.862323760986328 730.3883056640625 
576.8662109375 16.526430130004883 732.18084716796875 
562.858642578125 39.480804443359375 788.869873046875 
562.07257080078125 40.147975921630859 786.76898193359375 
620.32147216796875 -33.730117797851562 763.80145263671875 
562.12567138671875 38.40020751953125 780.27783203125 
561.8680419921875 38.111324310302734 782.736572265625 
561.90826416015625 38.044178009033203 785.05938720703125 
562.32745361328125 37.670326232910156 787.122802734375 
563.12896728515625 36.898117065429688 789.14898681640625 
563.97076416015625 34.314216613769531 788.87542724609375 
563.0811767578125 35.277076721191406 786.91046142578125 
562.51385498046875 36.179275512695312 785.43341064453125 
562.524169921875 36.028854370117188 783.4483642578125 
562.69610595703125 36.153682708740234 780.96624755859375 
562.9832763671875 36.646091461181641 778.34783935546875 
577.38037109375 12.049674034118652 730.53900146484375 
577.20458984375 13.632076263427734 732.5513916015625 
577.42156982421875 15.426352500915527 734.32623291015625 
578.8016357421875 17.001476287841797 737.67449951171875 
579.66070556640625 16.570232391357422 739.580078125 
612.6485595703125 -16.494791030883789 736.5369873046875 
613.385498046875 -17.826021194458008 738.8209228515625 
578.0565185546875 9.2417879104614258 730.26708984375 
577.84429931640625 10.672360420227051 732.55133056640625 
578.0008544921875 12.271310806274414 734.58123779296875 
578.4371337890625 14.226828575134277 736.624755859375 
579.2657470703125 14.748635292053223 738.52001953125 
563.9613037109375 35.040969848632812 776.10748291015625 
565.30224609375 31.97374153137207 788.1181640625 
564.205322265625 33.098625183105469 786.1824951171875 
563.30804443359375 34.394626617431641 784.5267333984375 
614.52630615234375 -19.278562545776367 740.65545654296875 
615.85845947265625 -20.815402984619141 742.27532958984375 
617.33294677734375 -22.471473693847656 743.89178466796875 
618.73297119140625 -24.187252044677734 745.6378173828125 
619.79571533203125 -25.845439910888672 747.7275390625 
578.79168701171875 7.9080500602722168 732.07012939453125 
580.07720947265625 6.5849809646606445 733.65069580078125 
563.5458984375 34.176567077636719 781.881591796875 
563.78717041015625 34.40850830078125 779.0079345703125 
578.97265625 9.2497396469116211 734.3045654296875 
579.32208251953125 10.775586128234863 736.42041015625 
579.82611083984375 12.262058258056641 738.3853759765625 
621.3206787109375 -33.173381805419922 761.37158203125 
622.4329833984375 -32.635807037353516 758.55517578125 
622.46527099609375 -31.493597030639648 756.1234130859375 
622.2755126953125 -30.387256622314453 753.921875 
621.76458740234375 -29.132621765136719 751.9031982421875 
580.5704345703125 16.036920547485352 741.56329345703125 
580.2296142578125 13.939404487609863 740.09722900390625 
581.45196533203125 15.644626617431641 743.685791015625 
582.22576904296875 15.387015342712402 745.91265869140625 
571.43890380859375 27.715665817260742 792.94586181640625 
573.34716796875 26.700901031494141 794.2591552734375 
575.19195556640625 25.70208740234375 795.77227783203125 
577.0267333984375 24.614009857177734 797.39849853515625 
578.88623046875 23.370386123657227 798.9375 
620.4970703125 -27.446151733398438 750.38702392578125 
599.9127197265625 -8.6569528579711914 733.47210693359375 
601.67828369140625 -9.7604751586914062 735.19586181640625 
598.5430908203125 -4.9146232604980469 802.1947021484375 
597.52838134765625 -2.6863903999328613 802.79315185546875 
596.45281982421875 -0.40423083305358887 803.55462646484375 
595.3453369140625 1.884360671043396 804.35699462890625 
594.2659912109375 4.0228276252746582 805.1861572265625 
593.38543701171875 5.7018599510192871 805.9417724609375 
592.64520263671875 7.2611474990844727 805.46734619140625 
591.62884521484375 9.1843719482421875 805.048583984375 
590.42584228515625 11.15919303894043 804.770751953125 
589.13043212890625 13.033587455749512 804.5438232421875 
587.77374267578125 14.800015449523926 804.24346923828125 
586.33221435546875 16.50743293762207 803.88482666015625 
585.00238037109375 17.962764739990234 803.7578125 
583.9228515625 19.089651107788086 802.59576416015625 
582.39324951171875 20.550508499145508 801.440673828125 
580.7093505859375 21.988929748535156 800.2489013671875 
581.427001953125 13.319314002990723 742.0938720703125 
582.46258544921875 13.140637397766113 744.1827392578125 
581.316162109375 11.164910316467285 740.22369384765625 
580.51019287109375 7.9034228324890137 735.94403076171875 
580.9573974609375 9.4067010879516602 738.12921142578125 
581.75311279296875 5.4660077095031738 735.2664794921875 
582.92523193359375 3.4341022968292236 734.426513671875 
584.22088623046875 1.6676112413406372 733.81317138671875 
585.7940673828125 -0.034653175622224808 733.39715576171875 
587.58245849609375 -1.6874533891677856 733.01800537109375 
589.46453857421875 -3.1857180595397949 732.6741943359375 
591.313720703125 -4.4520039558410645 732.35247802734375 
592.85552978515625 -5.3870711326599121 732.0521240234375 
594.6820068359375 -6.0922985076904297 732.8310546875 
582.95440673828125 10.447729110717773 742.45233154296875 
582.70147705078125 8.3693094253540039 739.87994384765625 
582.279296875 6.7457981109619141 737.51568603515625 
583.5650634765625 4.4152522087097168 736.6640625 
584.460205078125 2.7014341354370117 735.67852783203125 
585.8792724609375 1.2332618236541748 735.55084228515625 
587.59912109375 -0.51531130075454712 735.1722412109375 
589.44989013671875 -2.1682579517364502 734.79974365234375 
591.3489990234375 -3.6636538505554199 734.40692138671875 
593.140625 -4.9711856842041016 733.85345458984375 
597.239990234375 -7.2485651969909668 733.9033203125 
595.1727294921875 -5.8355813026428223 735.2410888671875 
599.38372802734375 -8.4291105270385742 735.97320556640625 
597.23260498046875 -6.9703021049499512 736.82476806640625 
569.744384765625 31.780134201049805 760.190185546875 
571.17047119140625 29.514541625976562 760.099365234375 
572.81494140625 27.237874984741211 759.79974365234375 
574.63299560546875 25.08326530456543 759.14825439453125 
576.472900390625 23.151889801025391 758.09771728515625 
578.188720703125 21.479499816894531 756.690185546875 
579.79180908203125 19.89478874206543 754.97650146484375 
581.36077880859375 18.073503494262695 752.90899658203125 
605.71392822265625 -22.774621963500977 792.2969970703125 
605.03460693359375 -20.913127899169922 793.455810546875 
604.41619873046875 -19.140619277954102 794.64801025390625 
603.80157470703125 -17.36619758605957 795.859130859375 
603.12420654296875 -15.521743774414062 796.99737548828125 
602.40374755859375 -13.738415718078613 798.15020751953125 
601.71258544921875 -12.220486640930176 799.5867919921875 
601.04901123046875 -10.284811019897461 799.374755859375 
600.2301025390625 -8.1290807723999023 799.50677490234375 
599.28717041015625 -5.861846923828125 800.00592041015625 
598.28131103515625 -3.5681703090667725 800.58099365234375 
597.21832275390625 -1.24556565284729 801.25390625 
596.10284423828125 1.108031153678894 802.00018310546875 
594.9278564453125 3.4442346096038818 802.8326416015625 
593.7437744140625 5.5609712600708008 803.88616943359375 
592.950927734375 7.4621796607971191 802.93853759765625 
591.80419921875 9.622797966003418 802.4381103515625 
590.437255859375 11.712540626525879 802.31610107421875 
589.052978515625 13.571420669555664 802.175537109375 
587.60162353515625 15.33759593963623 801.9132080078125 
585.8284912109375 17.280963897705078 801.57452392578125 
584.26776123046875 18.934215545654297 800.19268798828125 
582.59442138671875 20.489850997924805 798.860107421875 
580.7786865234375 21.962329864501953 797.53277587890625 
564.94232177734375 35.777732849121094 768.24566650390625 
565.7603759765625 35.067512512207031 765.67071533203125 
593.281494140625 -4.3596291542053223 736.0855712890625 
591.333251953125 -2.7455735206604004 736.60113525390625 
589.414794921875 -1.0333247184753418 736.96185302734375 
587.59967041015625 0.79805266857147217 737.3594970703125 
585.6810302734375 3.0327081680297852 737.8731689453125 
584.218017578125 5.667485237121582 739.1444091796875 
595.23583984375 -5.364957332611084 737.74481201171875 
584.53515625 7.4049415588378906 741.73834228515625 
599.1287841796875 -8.2879705429077148 738.4844970703125 
597.12615966796875 -6.6394052505493164 739.37713623046875 
601.7991943359375 -11.667482376098633 797.49444580078125 
600.9969482421875 -9.2982425689697266 797.391357421875 
600.03570556640625 -6.8349876403808594 797.749267578125 
599.0150146484375 -4.4104299545288086 798.39117431640625 
602.59722900390625 -13.497017860412598 796.012939453125 
603.36822509765625 -15.556757926940918 794.83154296875 
604.0345458984375 -17.514331817626953 793.6495361328125 
604.657958984375 -19.38926887512207 792.47784423828125 
605.310302734375 -21.30206298828125 791.39306640625 
606.026123046875 -23.278411865234375 790.13629150390625 
597.9510498046875 -2.0115530490875244 799.06903076171875 
596.85235595703125 0.37452664971351624 799.7276611328125 
595.67962646484375 2.8130035400390625 800.46014404296875 
594.3634033203125 5.2841482162475586 801.40869140625 
606.88433837890625 -25.454822540283203 788.675537109375 
607.72857666015625 -27.145055770874023 786.58380126953125 
608.505126953125 -28.521732330322266 784.962890625 
609.0267333984375 -28.896778106689453 782.7811279296875 
608.06646728515625 -27.186038970947266 784.197021484375 
609.78814697265625 -29.480783462524414 780.4373779296875 
608.62701416015625 -27.473751068115234 781.7037353515625 
610.77252197265625 -30.247097015380859 778.114990234375 
611.976318359375 -31.097932815551758 775.81903076171875 
613.344482421875 -31.942693710327148 773.64013671875 
614.798828125 -32.684722900390625 771.6256103515625 
616.28277587890625 -33.196460723876953 769.6082763671875 
617.85247802734375 -33.663555145263672 767.61712646484375 
609.40936279296875 -27.929235458374023 779.0230712890625 
610.532470703125 -28.761539459228516 776.34478759765625 
611.93475341796875 -29.785465240478516 773.8720703125 
618.37384033203125 -32.699317932128906 765.43121337890625 
619.2186279296875 -31.993705749511719 762.98004150390625 
620.22113037109375 -31.5435791015625 760.49053955078125 
621.00616455078125 -31.167459487915039 758.3316650390625 
620.656005859375 -30.141620635986328 756.86175537109375 
620.2608642578125 -29.003137588500977 755.04339599609375 
619.84906005859375 -27.989387512207031 753.363037109375 
619.264892578125 -30.035778045654297 759.45831298828125 
618.0579833984375 -30.19439697265625 762.07757568359375 
617.0330810546875 -30.685466766357422 764.7962646484375 
618.64678955078125 -28.710868835449219 757.9088134765625 
618.240234375 -27.538248062133789 755.9771728515625 
618.11627197265625 -26.554519653320312 753.59075927734375 
618.004150390625 -25.550254821777344 750.91644287109375 
617.35986328125 -24.247148513793945 748.53619384765625 
616.16650390625 -22.70111083984375 746.59967041015625 
616.1473388671875 -31.582370758056641 767.67156982421875 
614.88446044921875 -31.633110046386719 770.0374755859375 
613.44927978515625 -30.76219367980957 771.712890625 
613.96807861328125 -29.970909118652344 769.50177001953125 
614.78680419921875 -29.301383972167969 766.86639404296875 
612.18389892578125 -28.736770629882812 771.62158203125 
612.70819091796875 -27.956975936889648 769.08599853515625 
615.56829833984375 -28.473239898681641 763.86077880859375 
613.31201171875 -27.251399993896484 766.423095703125 
617.12811279296875 -28.53169059753418 760.74493408203125 
616.425048828125 -27.037891387939453 758.9434814453125 
614.8822021484375 -26.771774291992188 761.85943603515625 
613.65753173828125 -26.571063995361328 764.2615966796875 
615.992431640625 -25.767681121826172 756.68585205078125 
615.89599609375 -24.791969299316406 754.041748046875 
615.70831298828125 -23.854270935058594 751.48748779296875 
614.97296142578125 -22.667867660522461 749.435302734375 
613.7474365234375 -24.877096176147461 759.96661376953125 
612.6077880859375 -24.985734939575195 763.26361083984375 
611.8853759765625 -25.306135177612305 766.00518798828125 
611.35797119140625 -25.874013900756836 768.7095947265625 
610.88555908203125 -26.577091217041016 771.46905517578125 
610.55841064453125 -27.475780487060547 774.0986328125 
613.74737548828125 -23.832149505615234 756.93133544921875 
611.00433349609375 -22.933094024658203 762.49407958984375 
611.45965576171875 -22.468477249145508 759.486083984375 
610.4224853515625 -23.266462326049805 765.50714111328125 
609.950927734375 -23.711565017700195 768.42340087890625 
609.60089111328125 -24.334133148193359 771.288818359375 
609.3035888671875 -25.083333969116211 774.12054443359375 
609.00030517578125 -26.026185989379883 777.24810791015625 
608.161865234375 -25.72547721862793 780.63067626953125 
607.59423828125 -25.530084609985352 783.41387939453125 
607.17938232421875 -25.439470291137695 785.98748779296875 
606.33447265625 -23.493452072143555 787.73101806640625 
605.59808349609375 -21.560644149780273 789.23223876953125 
604.93682861328125 -19.658958435058594 790.46832275390625 
604.2999267578125 -17.731168746948242 791.557861328125 
603.6494140625 -15.739797592163086 792.731689453125 
606.66546630859375 -23.548913955688477 785.28533935546875 
605.86614990234375 -21.617700576782227 787.0435791015625 
605.196044921875 -19.836711883544922 788.5078125 
604.5721435546875 -17.948680877685547 789.54986572265625 
603.9168701171875 -15.938104629516602 790.6202392578125 
607.05902099609375 -23.604698181152344 782.69500732421875 
607.5662841796875 -23.69645881652832 779.76922607421875 
607.96990966796875 -23.400482177734375 776.8248291015625 
608.1497802734375 -22.67329216003418 774.0733642578125 
608.29730224609375 -21.968650817871094 771.29791259765625 
608.48748779296875 -21.400474548339844 768.38507080078125 
608.77569580078125 -20.991758346557617 765.30841064453125 
602.89617919921875 -13.549322128295898 793.8665771484375 
603.23284912109375 -13.889608383178711 791.80804443359375 
601.88714599609375 -10.927220344543457 795.1163330078125 
600.792724609375 -7.9337596893310547 795.5457763671875 
599.74468994140625 -5.3188199996948242 796.158447265625 
598.67449951171875 -2.8097679615020752 796.84552001953125 
597.5799560546875 -0.36699464917182922 797.516357421875 
596.43896484375 2.0938658714294434 798.1617431640625 
595.14447021484375 4.6953868865966797 798.8907470703125 
593.4544677734375 7.630098819732666 799.98443603515625 
591.78839111328125 10.365912437438965 800.073974609375 
590.29974365234375 12.436498641967773 800.1463623046875 
588.85498046875 14.243005752563477 800.04034423828125 
587.33099365234375 15.974852561950684 799.74896240234375 
585.86279296875 17.514963150024414 799.32891845703125 
584.68145751953125 18.758735656738281 797.4263916015625 
582.5950927734375 20.557085037231445 796.117431640625 
579.0440673828125 23.194919586181641 796.05950927734375 
580.907958984375 21.815145492553711 794.5885009765625 
577.30615234375 24.277229309082031 794.4998779296875 
575.50445556640625 25.278898239135742 793.00250244140625 
573.5391845703125 26.301698684692383 791.63739013671875 
571.31561279296875 27.461267471313477 790.4481201171875 
568.8487548828125 28.909042358398438 789.37359619140625 
567.1400146484375 29.978818893432617 787.240966796875 
565.7735595703125 31.117473602294922 785.15240478515625 
564.547607421875 32.545509338378906 783.31573486328125 
564.8551025390625 32.438129425048828 780.26507568359375 
565.11529541015625 32.677043914794922 776.8126220703125 
584.67352294921875 9.1197290420532227 744.16351318359375 
583.609619140625 11.243279457092285 744.66497802734375 
583.33184814453125 12.954710006713867 746.247314453125 
584.6148681640625 10.701324462890625 746.29730224609375 
582.91107177734375 14.917648315429688 748.13018798828125 
582.3109130859375 16.668804168701172 750.29425048828125 
583.576171875 14.28419303894043 750.3077392578125 
582.81134033203125 15.757216453552246 752.30303955078125 
584.232177734375 12.476348876953125 748.33856201171875 
564.95355224609375 33.752571105957031 773.62774658203125 
564.94793701171875 34.683853149414062 770.7728271484375 
609.12469482421875 -20.624763488769531 762.08819580078125 
601.28692626953125 -9.8070964813232422 737.65521240234375 
603.800537109375 -11.288809776306152 736.58660888671875 
606.420654296875 -12.816319465637207 736.20709228515625 
608.42877197265625 -13.835464477539062 735.614990234375 
610.22540283203125 -15.06693172454834 736.2198486328125 
610.3331298828125 -16.138586044311523 739.1964111328125 
611.86016845703125 -17.860074996948242 741.37432861328125 
613.2379150390625 -19.415397644042969 743.150390625 
614.7008056640625 -21.038167953491211 744.8597412109375 
613.61871337890625 -21.118808746337891 747.6939697265625 
607.99005126953125 -14.246113777160645 737.84112548828125 
605.5772705078125 -12.898171424865723 738.6583251953125 
603.17303466796875 -11.368460655212402 739.35626220703125 
600.962158203125 -9.7844772338867188 740.11920166015625 
609.24267578125 -16.296533584594727 742.101318359375 
607.4637451171875 -14.597659111022949 740.37774658203125 
605.04058837890625 -13.03462028503418 741.11016845703125 
602.80511474609375 -11.410749435424805 741.7666015625 
610.739501953125 -17.881647109985352 743.91998291015625 
612.14794921875 -19.463954925537109 745.8193359375 
606.81463623046875 -14.699304580688477 742.7857666015625 
608.39251708984375 -16.281694412231445 744.4808349609375 
604.5928955078125 -13.069007873535156 743.39825439453125 
609.74298095703125 -17.782535552978516 746.41705322265625 
610.9176025390625 -19.334770202636719 749.03533935546875 
612.70782470703125 -21.211557388305664 750.7330322265625 
613.8955078125 -22.498058319091797 751.94378662109375 
613.8336181640625 -23.082918167114258 754.2093505859375 
611.75830078125 -21.903507232666016 756.55828857421875 
609.5733642578125 -20.333385467529297 758.8094482421875 
612.14544677734375 -21.482282638549805 753.6741943359375 
610.59588623046875 -19.853981018066406 752.49560546875 
610.1234130859375 -20.128793716430664 755.625 
568.192138671875 32.300357818603516 762.5931396484375 
566.91259765625 32.979595184326172 765.22161865234375 
565.8809814453125 33.731834411621094 768.0064697265625 
566.13897705078125 32.388458251953125 771.00164794921875 
565.91668701171875 32.04132080078125 774.06207275390625 
569.72216796875 29.951068878173828 762.48114013671875 
571.51800537109375 27.568334579467773 762.2293701171875 
568.39398193359375 30.690439224243164 765.01031494140625 
567.2127685546875 31.559856414794922 767.73541259765625 
570.2127685546875 28.289758682250977 764.82012939453125 
573.6204833984375 25.169488906860352 761.662841796875 
572.48309326171875 25.749034881591797 764.325927734375 
575.81365966796875 22.942779541015625 760.6805419921875 
577.7900390625 21.057281494140625 759.28302001953125 
579.487548828125 19.469768524169922 757.5826416015625 
580.9976806640625 17.972187042236328 755.71771240234375 
582.17449951171875 16.602346420288086 754.24407958984375 
575.34918212890625 22.868879318237305 763.7762451171875 
577.732666015625 20.673795700073242 762.0599365234375 
579.52484130859375 19.020915985107422 760.2685546875 
581.04229736328125 17.589504241943359 758.29656982421875 
582.3826904296875 16.210287094116211 756.25836181640625 
583.3927001953125 14.973210334777832 754.16204833984375 
583.99005126953125 13.981841087341309 752.24139404296875 
585.1717529296875 11.977865219116211 750.912841796875 
585.747802734375 10.112833023071289 748.34808349609375 
586.04486083984375 8.4218664169311523 746.08428955078125 
586.22802734375 6.662104606628418 743.77740478515625 
586.42388916015625 4.5338053703308105 741.10308837890625 
587.8065185546875 2.0262727737426758 739.646240234375 
589.35321044921875 0.12509819865226746 739.0330810546875 
591.20037841796875 -1.6629294157028198 738.85858154296875 
593.23883056640625 -3.5673315525054932 738.4842529296875 
606.12762451171875 -21.514039993286133 784.70355224609375 
605.3861083984375 -19.731853485107422 786.5509033203125 
604.8370361328125 -18.277835845947266 787.86590576171875 
604.20489501953125 -16.142175674438477 788.2838134765625 
603.45001220703125 -13.983080863952637 789.81610107421875 
606.413818359375 -21.267803192138672 781.9039306640625 
607.0101318359375 -21.880691528320312 779.09539794921875 
607.0263671875 -21.101863861083984 776.934326171875 
605.52056884765625 -19.359224319458008 784.42510986328125 
604.84515380859375 -17.701271057128906 786.2838134765625 
606.22003173828125 -19.873727798461914 779.75042724609375 
605.5552978515625 -18.689441680908203 782.29949951171875 
604.91455078125 -17.206159591674805 784.2611083984375 
604.26458740234375 -15.526276588439941 785.94781494140625 
603.56494140625 -13.663097381591797 787.6324462890625 
607.011962890625 -20.218708038330078 774.3671875 
606.0845947265625 -18.753503799438477 777.4818115234375 
605.424560546875 -17.629913330078125 780.3072509765625 
604.98193359375 -16.819936752319336 782.40277099609375 
604.40716552734375 -15.262301445007324 783.60125732421875 
606.9827880859375 -19.433061599731445 771.6124267578125 
606.99560546875 -18.843883514404297 768.6357421875 
607.1185302734375 -18.484025955200195 765.26995849609375 
607.24981689453125 -18.048511505126953 761.3668212890625 
608.11376953125 -18.442178726196289 757.40533447265625 
605.9075927734375 -17.660120010375977 774.9697265625 
605.18487548828125 -16.347253799438477 778.18707275390625 
604.6995849609375 -15.51767635345459 781.05975341796875 
605.70001220703125 -16.697637557983398 772.22119140625 
604.86529541015625 -15.027223587036133 775.7713623046875 
604.33111572265625 -13.970052719116211 779.0831298828125 
603.9566650390625 -13.429055213928223 782.2313232421875 
603.6988525390625 -13.334635734558105 785.1304931640625 
605.43896484375 -15.803513526916504 769.01751708984375 
605.652587890625 -15.961240768432617 765.12188720703125 
605.3126220703125 -15.221015930175781 761.99755859375 
606.23394775390625 -16.325822830200195 758.623779296875 
604.4423828125 -13.734867095947266 773.14013671875 
603.84716796875 -12.33149242401123 776.78948974609375 
603.452880859375 -11.5726318359375 780.35137939453125 
603.109130859375 -11.135292053222656 783.844482421875 
602.90325927734375 -11.239622116088867 786.9483642578125 
603.94049072265625 -12.540571212768555 770.58282470703125 
604.58221435546875 -13.977145195007324 767.64251708984375 
604.3525390625 -13.551445007324219 765.11285400390625 
603.49749755859375 -11.691104888916016 768.04095458984375 
603.07989501953125 -10.336365699768066 774.2437744140625 
602.64453125 -9.5529241561889648 770.97430419921875 
602.79693603515625 -9.6121387481689453 778.25830078125 
602.4522705078125 -8.9686822891235352 782.03594970703125 
601.977783203125 -8.2382602691650391 786.10797119140625 
601.85638427734375 -7.3280129432678223 776.62481689453125 
601.672607421875 -7.0827531814575195 773.5889892578125 
601.6751708984375 -6.9161057472229004 780.0008544921875 
601.22418212890625 -5.9726448059082031 783.666015625 
602.8536376953125 -11.793415069580078 789.34576416015625 
602.85906982421875 -12.334709167480469 791.0118408203125 
602.4534912109375 -11.658931732177734 792.75982666015625 
601.5223388671875 -9.1021242141723633 793.34527587890625 
602.18646240234375 -10.28474235534668 791.22210693359375 
602.060791015625 -9.2537412643432617 789.14239501953125 
600.49761962890625 -6.3983407020568848 793.9014892578125 
599.40545654296875 -3.733095645904541 794.55133056640625 
601.26153564453125 -7.6759681701660156 791.552734375 
601.0107421875 -6.3166213035583496 789.44903564453125 
600.53814697265625 -4.6692609786987305 787.190673828125 
600.175537109375 -4.8843412399291992 792.123291015625 
598.2999267578125 -1.1853679418563843 795.25640869140625 
597.17547607421875 1.3038554191589355 795.90936279296875 
595.97723388671875 3.8405373096466064 796.5291748046875 
599.02386474609375 -2.1563980579376221 792.8455810546875 
597.8680419921875 0.44228965044021606 793.61773681640625 
596.70751953125 2.9428753852844238 794.25750732421875 
599.76934814453125 -3.3333139419555664 790.24517822265625 
594.56817626953125 6.5194363594055176 797.176025390625 
595.420166015625 5.5089631080627441 794.8099365234375 
592.989990234375 9.1349048614501953 797.7042236328125 
591.41851806640625 11.394668579101562 798.00714111328125 
589.9444580078125 13.278576850891113 798.08673095703125 
588.4576416015625 15.012728691101074 797.924560546875 
586.80047607421875 16.76240348815918 797.59088134765625 
598.5228271484375 -0.51267457008361816 791.1517333984375 
597.32440185546875 2.0909790992736816 791.94439697265625 
596.094970703125 4.5967960357666016 792.56060791015625 
593.94439697265625 8.0682706832885742 795.3055419921875 
594.70098876953125 7.1094808578491211 793.04534912109375 
592.38128662109375 10.416591644287109 795.760498046875 
590.85986328125 12.417741775512695 796.0299072265625 
589.40301513671875 14.144070625305176 796.00518798828125 
587.85845947265625 15.811081886291504 795.661376953125 
586.06805419921875 17.560140609741211 795.13092041015625 
584.1182861328125 19.273138046264648 794.36663818359375 
582.45330810546875 20.593412399291992 793.5291748046875 
579.2474365234375 22.883790969848633 792.862548828125 
581.36920166015625 21.223398208618164 790.9927978515625 
577.456298828125 23.913629531860352 791.3076171875 
575.5355224609375 24.942121505737305 789.9501953125 
573.350341796875 26.094264984130859 788.81744384765625 
570.98443603515625 27.359771728515625 787.77545166015625 
569.02239990234375 28.506425857543945 786.74908447265625 
567.93450927734375 29.143674850463867 784.14947509765625 
566.15008544921875 30.764019012451172 782.05242919921875 
599.1468505859375 -1.536159873008728 788.38067626953125 
599.658935546875 -2.4565610885620117 784.92901611328125 
600.4169921875 -4.0528740882873535 781.4532470703125 
597.85101318359375 1.2470030784606934 789.460693359375 
596.59283447265625 3.8092823028564453 790.21514892578125 
595.24951171875 6.3055577278137207 790.75396728515625 
593.164794921875 9.5135078430175781 793.4842529296875 
593.74859619140625 8.7322397232055664 791.17095947265625 
591.6136474609375 11.622507095336914 793.857177734375 
590.16546630859375 13.370264053344727 794.05291748046875 
588.7611083984375 14.91559886932373 793.8101806640625 
587.1900634765625 16.482002258300781 793.1533203125 
598.2630615234375 0.49362114071846008 786.76202392578125 
596.964599609375 3.116765022277832 787.6807861328125 
595.617919921875 5.6535329818725586 788.31085205078125 
594.115478515625 8.1228952407836914 788.728759765625 
592.1632080078125 10.953267097473145 791.55511474609375 
592.49053955078125 10.450797080993652 789.07708740234375 
590.65509033203125 12.819126129150391 791.94903564453125 
589.457763671875 14.165040016174316 792.30401611328125 
588.1942138671875 15.449726104736328 791.41534423828125 
566.37322998046875 30.747943878173828 778.90625 
566.6279296875 30.788761138916016 775.93511962890625 
567.0406494140625 30.672090530395508 773.16204833984375 
567.7630615234375 30.217412948608398 770.32421875 
568.8990478515625 29.292430877685547 767.50775146484375 
571.11590576171875 26.743741989135742 767.4803466796875 
569.47344970703125 28.20720100402832 770.187255859375 
568.47039794921875 29.028974533081055 772.857666015625 
567.78387451171875 29.570306777954102 775.02801513671875 
567.91424560546875 29.251886367797852 777.57537841796875 
567.94915771484375 29.11277961730957 780.66796875 
569.89306640625 27.593286514282227 782.1844482421875 
570.3843994140625 27.464183807373047 785.06121826171875 
572.7471923828125 26.095369338989258 785.92645263671875 
571.96435546875 26.254665374755859 783.15106201171875 
570.11297607421875 27.342741012573242 772.9652099609375 
569.146728515625 28.154331207275391 775.595703125 
569.86663818359375 27.497299194335938 778.84033203125 
571.38665771484375 26.429338455200195 780.776123046875 
573.749267578125 24.20289421081543 766.58447265625 
572.69830322265625 25.06706428527832 769.59686279296875 
571.0257568359375 26.58967399597168 770.5086669921875 
578.4520263671875 19.931026458740234 765.38409423828125 
576.24969482421875 21.918731689453125 766.889404296875 
580.0526123046875 18.418996810913086 763.0167236328125 
581.474853515625 17.059337615966797 760.91094970703125 
582.8441162109375 15.677950859069824 758.7098388671875 
584.08880615234375 14.252089500427246 756.34527587890625 
584.9400634765625 12.951678276062012 753.80657958984375 
575.13067626953125 24.763256072998047 786.671875 
574.25396728515625 24.855365753173828 783.57720947265625 
573.15972900390625 25.219776153564453 780.88690185546875 
577.324951171875 23.556644439697266 787.74005126953125 
579.31756591796875 22.461587905883789 789.2283935546875 
572.0537109375 25.780942916870117 778.431884765625 
570.98095703125 26.523397445678711 775.802734375 
571.887939453125 25.739009857177734 772.76275634765625 
572.9063720703125 24.966577529907227 775.4927978515625 
574.04949951171875 24.319795608520508 778.146728515625 
573.79345703125 24.133937835693359 772.2392578125 
574.83453369140625 23.187294006347656 769.1722412109375 
574.8970947265625 23.424793243408203 775.0439453125 
575.8277587890625 22.475387573242188 771.86285400390625 
576.65911865234375 21.656030654907227 769.39959716796875 
578.31768798828125 20.232982635498047 768.593994140625 
575.38482666015625 23.738779067993164 780.76318359375 
576.18890380859375 22.786752700805664 777.69744873046875 
576.976318359375 23.183509826660156 783.7823486328125 
577.75653076171875 22.09990119934082 780.164794921875 
577.00421142578125 21.817605972290039 774.5330810546875 
578.43890380859375 21.141096115112305 777.042724609375 
577.842041015625 20.864313125610352 771.4757080078125 
579.33087158203125 21.948366165161133 785.59832763671875 
581.36663818359375 20.801197052001953 787.23382568359375 
579.6043701171875 21.240364074707031 782.30194091796875 
580.1123046875 20.369043350219727 779.2589111328125 
579.1890869140625 20.150945663452148 773.97265625 
580.67315673828125 19.461532592773438 776.3216552734375 
579.9388427734375 19.201377868652344 771.05670166015625 
581.383544921875 18.482015609741211 773.5098876953125 
582.77703857421875 17.86375617980957 775.77850341796875 
582.381591796875 18.643468856811523 778.4686279296875 
582.04766845703125 19.389801025390625 781.2724609375 
581.6766357421875 20.13038444519043 784.1258544921875 
583.75799560546875 18.872959136962891 785.95068359375 
583.2938232421875 19.559865951538086 788.752685546875 
583.50286865234375 19.640621185302734 791.57049560546875 
585.36041259765625 18.134317398071289 792.39886474609375 
586.441650390625 17.067710876464844 790.52349853515625 
584.7825927734375 18.482988357543945 790.08013916015625 
585.42626953125 17.767816543579102 788.05584716796875 
584.20513916015625 18.132057189941406 783.227783203125 
587.583251953125 15.895654678344727 788.75274658203125 
589.3626708984375 14.203160285949707 790.21002197265625 
590.849609375 12.516281127929688 789.5126953125 
589.0870361328125 14.317317008972168 787.4893798828125 
590.85540771484375 12.319841384887695 786.767333984375 
582.408203125 16.328481674194336 763.4814453125 
581.3128662109375 17.484699249267578 765.7801513671875 
580.53485107421875 18.39814567565918 768.3084716796875 
583.63275146484375 15.042482376098633 761.244140625 
584.92303466796875 13.589250564575195 758.90460205078125 
586.58221435546875 16.513973236083984 785.6185302734375 
584.3531494140625 17.564779281616211 780.509765625 
588.80078125 14.310392379760742 784.54052734375 
586.52447509765625 16.141349792480469 782.5052490234375 
586.302978515625 11.761074066162109 756.26422119140625 
586.6669921875 10.626633644104004 753.14117431640625 
587.0076904296875 9.3022365570068359 750.51800537109375 
587.34991455078125 7.7592320442199707 748.1514892578125 
587.6678466796875 6.1261873245239258 745.94659423828125 
588.02032470703125 4.3812198638916016 743.78924560546875 
588.6168212890625 2.5511586666107178 741.93536376953125 
589.3802490234375 1.0346313714981079 740.7386474609375 
590.856201171875 -0.45803949236869812 740.76776123046875 
593.025390625 -2.4681127071380615 741.13232421875 
595.17913818359375 -4.7665996551513672 740.3143310546875 
598.9542236328125 -8.1116361618041992 740.9697265625 
600.7509765625 -9.7131938934326172 742.5478515625 
602.53466796875 -11.38629150390625 744.11395263671875 
597.071044921875 -6.2729287147521973 741.95458984375 
598.879150390625 -7.9055047035217285 743.505859375 
600.635498046875 -9.5985298156738281 745.01031494140625 
595.220458984375 -4.1576418876647949 743.01898193359375 
597.1236572265625 -5.8879356384277344 744.64306640625 
598.90252685546875 -7.664736270904541 746.08038330078125 
593.41217041015625 -1.8922122716903687 743.88153076171875 
591.856201171875 -0.72525608539581299 742.4844970703125 
590.363037109375 0.8526797890663147 742.37261962890625 
589.869140625 2.3069818019866943 744.07733154296875 
589.407470703125 3.9062981605529785 746.00262451171875 
589.0186767578125 5.4779243469238281 748.0498046875 
588.686767578125 6.9436130523681641 750.2215576171875 
588.40313720703125 8.2432079315185547 752.54730224609375 
588.22021484375 9.2642183303833008 755.0264892578125 
595.33502197265625 -3.4454622268676758 746.027099609375 
597.35467529296875 -5.6109881401062012 747.26715087890625 
591.6566162109375 0.26381590962409973 744.21240234375 
591.260009765625 1.6514369249343872 746.16326904296875 
590.79107666015625 3.1935462951660156 748.1378173828125 
590.3707275390625 4.6838517189025879 750.14410400390625 
590.05560302734375 5.9952445030212402 752.22894287109375 
589.82061767578125 7.1030111312866211 754.36602783203125 
593.192626953125 -0.73756730556488037 746.21533203125 
592.7022705078125 0.78963375091552734 748.3804931640625 
592.1258544921875 2.4088664054870605 750.3150634765625 
591.67730712890625 3.8286871910095215 752.1923828125 
591.42413330078125 5.0041742324829102 754.242919921875 
594.62371826171875 -1.721232533454895 748.46966552734375 
596.19757080078125 -3.8196065425872803 748.41802978515625 
594.1632080078125 -0.14156118035316467 750.93145751953125 
593.1080322265625 1.8958054780960083 752.26849365234375 
593.064208984375 2.773756742477417 754.228271484375 
594.54754638671875 0.42546138167381287 753.705810546875 
596.02191162109375 -2.9237692356109619 750.4674072265625 
596.0245361328125 -2.0572049617767334 752.9261474609375 
597.52764892578125 -5.2285199165344238 749.69329833984375 
598.9921875 -7.3724732398986816 748.63031005859375 
600.59698486328125 -9.422032356262207 747.548828125 
602.36309814453125 -11.328907012939453 746.51727294921875 
604.239990234375 -13.050374984741211 745.657470703125 
606.2496337890625 -14.678957939147949 744.99151611328125 
607.65179443359375 -16.145330429077148 746.646484375 
597.5548095703125 -4.5703740119934082 752.10406494140625 
599.05975341796875 -6.9414663314819336 751.1436767578125 
600.6204833984375 -9.172642707824707 750.1239013671875 
602.29595947265625 -11.241867065429688 749.087646484375 
604.05535888671875 -13.072432518005371 748.05596923828125 
605.81890869140625 -14.643095970153809 747.15911865234375 
608.63397216796875 -17.363134384155273 748.69000244140625 
607.04681396484375 -15.930726051330566 748.45587158203125 
608.98492431640625 -18.175800323486328 751.31939697265625 
608.739501953125 -18.493476867675781 754.23046875 
606.97100830078125 -16.833206176757812 755.35418701171875 
605.7020263671875 -14.816656112670898 749.55084228515625 
607.32818603515625 -16.509897232055664 750.5595703125 
607.60723876953125 -17.129362106323242 752.83587646484375 
604.02008056640625 -13.150198936462402 750.7681884765625 
602.27972412109375 -11.080031394958496 751.78662109375 
600.63665771484375 -8.8002033233642578 752.7130126953125 
599.11724853515625 -6.4125199317932129 753.65081787109375 
605.84515380859375 -15.271490097045898 752.683837890625 
605.1922607421875 -14.762233734130859 756.07781982421875 
603.87701416015625 -13.013286590576172 753.7403564453125 
604.5419921875 -13.941387176513672 759.2552490234375 
603.84307861328125 -12.720481872558594 762.28546142578125 
603.51043701171875 -12.447086334228516 756.72027587890625 
602.1773681640625 -10.699577331542969 754.53350830078125 
600.6375732421875 -8.3148918151855469 755.28997802734375 
601.987548828125 -10.081888198852539 757.23516845703125 
603.05792236328125 -11.55064868927002 759.59283447265625 
603.08331298828125 -11.068602561950684 765.253662109375 
602.50762939453125 -10.284860610961914 762.3961181640625 
602.22064208984375 -8.9582576751708984 768.11962890625 
601.77984619140625 -8.4847021102905273 765.1591796875 
597.65936279296875 -3.9199225902557373 754.640380859375 
599.236572265625 -5.9083294868469238 756.2301025390625 
600.64056396484375 -7.7914209365844727 757.84136962890625 
601.7203369140625 -9.2457742691040039 759.83587646484375 
601.238037109375 -7.9393682479858398 762.28515625 
596.21954345703125 -1.3536428213119507 755.57861328125 
597.89227294921875 -3.3596696853637695 757.43145751953125 
599.4581298828125 -5.5293426513671875 758.95855712890625 
600.647705078125 -7.3262243270874023 760.05145263671875 
594.69061279296875 1.2798596620559692 756.33892822265625 
592.8221435546875 4.1193037033081055 756.7796630859375 
591.0618896484375 6.0961785316467285 755.91619873046875 
589.80218505859375 7.8237662315368652 756.4835205078125 
588.415771484375 9.6997756958007812 757.5238037109375 
587.12164306640625 11.444014549255371 759.29150390625 
585.922607421875 12.954806327819824 761.47088623046875 
584.786376953125 14.283100128173828 763.683349609375 
583.796630859375 15.4385986328125 765.96380615234375 
583.01092529296875 16.438253402709961 768.39630126953125 
582.22918701171875 17.438484191894531 770.9166259765625 
586.23187255859375 13.419990539550781 766.045654296875 
585.4276123046875 14.501198768615723 768.37481689453125 
587.19659423828125 12.193008422851562 763.881103515625 
588.25567626953125 10.812115669250488 761.81646728515625 
589.237060546875 9.38818359375 759.8770751953125 
589.99237060546875 8.1566257476806641 758.36016845703125 
591.34490966796875 6.4177393913269043 757.881591796875 
592.64984130859375 10.045774459838867 786.39019775390625 
594.34814453125 7.595179557800293 786.12310791015625 
595.877197265625 5.066765308380127 785.6727294921875 
597.270751953125 2.5003623962402344 785.0755615234375 
598.43035888671875 0.19397509098052979 784.39434814453125 
599.06634521484375 -1.1491435766220093 782.162353515625 
599.5799560546875 -2.2815368175506592 779.46514892578125 
600.7606201171875 -4.8228878974914551 778.39886474609375 
590.7886962890625 12.069209098815918 783.5784912109375 
592.8712158203125 9.4970998764038086 783.75579833984375 
594.54412841796875 7.0613212585449219 783.39251708984375 
596.13299560546875 4.4508123397827148 782.849853515625 
597.6685791015625 1.7068600654602051 782.469970703125 
598.2412109375 0.49469795823097229 779.91497802734375 
588.43939208984375 14.27248477935791 781.58648681640625 
586.32086181640625 15.859489440917969 779.7275390625 
584.38629150390625 17.052366256713867 777.827392578125 
584.44482421875 16.595029830932617 775.585693359375 
583.54327392578125 16.88157844543457 773.44696044921875 
586.027099609375 15.618503570556641 777.01275634765625 
585.560546875 15.498209953308105 774.3284912109375 
587.9578857421875 14.260743141174316 778.71209716796875 
587.46636962890625 14.20454216003418 775.90814208984375 
589.95953369140625 12.563472747802734 780.33837890625 
591.62872314453125 10.849475860595703 781.591552734375 
589.3812255859375 12.706559181213379 777.4569091796875 
593.0924072265625 8.9444131851196289 781.1695556640625 
591.43133544921875 10.747848510742188 778.8997802734375 
584.8536376953125 15.481472015380859 771.2330322265625 
587.0430908203125 14.070381164550781 773.19439697265625 
587.0921630859375 13.557785987854004 770.679443359375 
588.8017578125 12.789440155029297 774.73602294921875 
588.3831787109375 12.770697593688965 772.50872802734375 
587.7501220703125 12.555737495422363 768.41571044921875 
588.663330078125 11.322874069213867 766.31072998046875 
589.05816650390625 11.841447830200195 770.8358154296875 
590.5592041015625 11.273350715637207 775.977783203125 
589.94122314453125 11.452164649963379 773.34136962890625 
596.5198974609375 3.670344352722168 779.70550537109375 
594.7471923828125 6.5331664085388184 780.551025390625 
593.26019287109375 8.4645395278930664 778.548828125 
592.05859375 9.7474184036254883 776.80731201171875 
591.68743896484375 9.8245582580566406 774.46453857421875 
591.05718994140625 10.035594940185547 771.6832275390625 
594.8438720703125 6.1895637512207031 777.632568359375 
593.306640625 8.1213521957397461 775.90069580078125 
590.025634765625 10.555631637573242 768.90472412109375 
589.646484375 9.9753599166870117 764.29766845703125 
593.06005859375 8.0213327407836914 772.98681640625 
594.85198974609375 5.9140772819519043 774.65399169921875 
592.33685302734375 8.3359603881835938 769.90228271484375 
591.0853271484375 9.0953226089477539 766.955322265625 
594.841552734375 5.4644083976745605 771.2354736328125 
590.52960205078125 8.59832763671875 762.24981689453125 
592.01654052734375 7.6265778541564941 764.8963623046875 
591.16094970703125 7.3266153335571289 760.1221923828125 
592.992919921875 4.9948868751525879 759.8404541015625 
594.7823486328125 2.2971417903900146 759.28753662109375 
596.444580078125 -0.58367902040481567 758.5355224609375 
592.689453125 6.2144083976745605 762.52886962890625 
593.478759765625 6.5813212394714355 767.8150634765625 
594.70770263671875 3.5182111263275146 762.43597412109375 
596.52252197265625 0.50540059804916382 761.87017822265625 
598.267578125 -2.8472886085510254 760.93731689453125 
599.94683837890625 -5.6681370735168457 761.72509765625 
600.46453857421875 -5.9796409606933594 764.594482421875 
599.27490234375 -3.8854408264160156 763.69525146484375 
598.00531005859375 -1.2661721706390381 764.45184326171875 
596.35357666015625 3.7562823295593262 776.48553466796875 
597.55108642578125 1.7368775606155396 777.8685302734375 
596.60467529296875 3.1088650226593018 773.66082763671875 
595.74102783203125 3.5954179763793945 768.1998291015625 
597.1875 1.7371001243591309 770.7933349609375 
598.76031494140625 -0.65556418895721436 777.5811767578125 
599.8702392578125 -2.9446794986724854 777.3189697265625 
597.84075927734375 1.0650604963302612 775.6602783203125 
600.671142578125 -4.7233710289001465 775.72705078125 
601.20733642578125 -6.3956794738769531 770.72064208984375 
599.32281494140625 -1.9005067348480225 775.40435791015625 
600.161865234375 -3.8420591354370117 773.14166259765625 
598.44476318359375 -0.30252054333686829 773.13946533203125 
599.3570556640625 -2.5638954639434814 770.10443115234375 
600.80438232421875 -6.0321903228759766 767.70941162109375 
599.355712890625 -3.3126235008239746 766.54193115234375 
597.75537109375 0.10231129825115204 767.748779296875 
596.29052734375 1.9642999172210693 765.1905517578125 
594.2650146484375 4.9856138229370117 765.31817626953125 
568.71746826171875 29.810556411743164 724.91119384765625 
569.41986083984375 28.230337142944336 725.894287109375 
585.8297119140625 23.3302001953125 693.0267333984375 
587.8748779296875 23.718158721923828 692.29205322265625 
585.79046630859375 24.829973220825195 692.01116943359375 
583.898193359375 23.871469497680664 692.56524658203125 
583.46966552734375 25.372955322265625 691.72174072265625 
583.82177734375 22.780876159667969 693.65936279296875 
581.91510009765625 24.192569732666016 692.185791015625 
581.09490966796875 25.366018295288086 691.37750244140625 
565.4378662109375 30.766620635986328 670.58380126953125 
566.63409423828125 30.645015716552734 672.29522705078125 
579.62860107421875 23.474245071411133 692.00067138671875 
578.730712890625 25.297904968261719 690.74615478515625 
577.2178955078125 23.592239379882812 691.130615234375 
576.38330078125 25.270187377929688 689.852294921875 
566.08270263671875 29.508352279663086 674.5059814453125 
565.0423583984375 29.58123779296875 672.4703369140625 
565.6202392578125 28.442632675170898 676.1688232421875 
563.71075439453125 28.14702033996582 673.64801025390625 
565.16119384765625 27.265373229980469 677.6351318359375 
563.18902587890625 26.647056579589844 675.78448486328125 
563.68280029296875 29.513957977294922 671.14093017578125 
561.93829345703125 28.360811233520508 671.6060791015625 
561.55780029296875 26.846872329711914 673.508544921875 
561.10968017578125 25.279787063598633 675.553955078125 
560.540771484375 23.688814163208008 677.34210205078125 
559.59039306640625 21.86503791809082 678.91510009765625 
558.41265869140625 20.060052871704102 680.33990478515625 
559.9454345703125 20.363046646118164 681.208740234375 
561.8800048828125 21.018610000610352 682.25146484375 
563.74493408203125 21.355274200439453 683.70025634765625 
565.6820068359375 21.402070999145508 685.4569091796875 
567.6217041015625 21.306049346923828 687.14862060546875 
569.29791259765625 20.668167114257812 688.8184814453125 
571.34222412109375 19.709789276123047 690.4990234375 
573.1182861328125 18.376272201538086 691.81591796875 
575.243408203125 18.246059417724609 692.5909423828125 
577.3416748046875 18.480197906494141 693.38165283203125 
579.2681884765625 18.040189743041992 694.42108154296875 
578.51806640625 19.75384521484375 693.6519775390625 
580.52044677734375 19.60749626159668 694.61761474609375 
580.0523681640625 21.450286865234375 693.36041259765625 
582.14862060546875 21.381612777709961 694.31365966796875 
581.76397705078125 22.81629753112793 693.0726318359375 
565.93695068359375 26.502918243408203 679.95855712890625 
563.07037353515625 24.983259201049805 678.335693359375 
567.21875 26.036586761474609 682.10748291015625 
564.1934814453125 23.793355941772461 681.22467041015625 
568.6539306640625 25.651679992675781 684.0618896484375 
566.08050537109375 23.580238342285156 683.47760009765625 
574.7490234375 23.684782028198242 689.98248291015625 
574.30322265625 25.626810073852539 688.6348876953125 
572.521728515625 23.909151077270508 688.58050537109375 
572.453857421875 26.028985977172852 687.2081298828125 
570.10345458984375 23.553110122680664 687.1575927734375 
570.77618408203125 26.330451965332031 685.66119384765625 
568.18658447265625 23.620244979858398 685.46771240234375 
577.8919677734375 21.715982437133789 692.434814453125 
576.189453125 19.892471313476562 692.67724609375 
573.859130859375 19.933132171630859 691.64959716796875 
575.48651123046875 21.848360061645508 691.44677734375 
573.05322265625 21.836528778076172 690.3349609375 
571.102783203125 21.975246429443359 689.08953857421875 
561.68768310546875 22.763492584228516 679.82086181640625 
580.71136474609375 18.056064605712891 696.0006103515625 
582.83526611328125 8.7385482788085938 724.812744140625 
581.7816162109375 6.5604829788208008 725.73358154296875 
584.62744140625 7.712646484375 725.109130859375 
583.93438720703125 5.4312210083007812 725.7421875 
583.494384765625 10.995800971984863 723.85479736328125 
585.55914306640625 10.485612869262695 724.37115478515625 
582.06494140625 19.915422439575195 696.308837890625 
581.31597900390625 18.26276969909668 697.92718505859375 
583.52093505859375 12.802823066711426 722.70587158203125 
586.0999755859375 12.909852027893066 723.2822265625 
582.452880859375 19.89576530456543 698.66241455078125 
580.97509765625 18.387134552001953 699.9266357421875 
582.149169921875 20.207544326782227 700.9697265625 
580.218994140625 18.479455947875977 701.88934326171875 
581.685791015625 20.506099700927734 703.283935546875 
579.71588134765625 18.504911422729492 704.1143798828125 
581.21844482421875 20.294933319091797 705.7470703125 
579.13671875 18.007978439331055 706.325439453125 
580.7113037109375 19.680984497070312 708.0274658203125 
578.6920166015625 17.176599502563477 708.4840087890625 
580.23321533203125 18.645292282104492 709.91058349609375 
578.786376953125 16.532876968383789 710.7630615234375 
580.80908203125 18.116113662719727 711.75030517578125 
579.04156494140625 15.881176948547363 713.0462646484375 
581.32037353515625 17.319398880004883 713.8812255859375 
579.88763427734375 15.419028282165527 715.297607421875 
582.25384521484375 16.671899795532227 716.0867919921875 
580.8948974609375 15.038305282592773 717.44329833984375 
583.391845703125 16.271699905395508 718.1649169921875 
581.9261474609375 14.609259605407715 719.4542236328125 
584.56951904296875 15.670002937316895 720.16546630859375 
582.87786865234375 13.904384613037109 721.27630615234375 
585.7135009765625 14.594432830810547 721.90570068359375 
586.34869384765625 6.1878323554992676 725.5771484375 
585.52081298828125 3.6844089031219482 726.08612060546875 
596.15423583984375 -7.8702926635742188 726.61724853515625 
597.85992431640625 -7.3575072288513184 724.36083984375 
594.1220703125 -6.8745007514953613 726.52557373046875 
595.84161376953125 -6.7869658470153809 725.2052001953125 
592.47589111328125 -5.4761171340942383 726.31402587890625 
594.60723876953125 -5.4651980400085449 725.2412109375 
591.04803466796875 -3.8841538429260254 726.30255126953125 
593.31414794921875 -3.9743947982788086 725.41339111328125 
599.3624267578125 -6.142578125 723.06390380859375 
589.59625244140625 -2.1436686515808105 726.327392578125 
591.888427734375 -2.276752233505249 725.629638671875 
588.15936279296875 -0.30979666113853455 726.3533935546875 
590.3814697265625 -0.37513095140457153 725.82611083984375 
586.792724609375 1.6371604204177856 726.31414794921875 
588.9915771484375 1.7126975059509277 725.961181640625 
587.7288818359375 3.9804673194885254 725.92523193359375 
600.7890625 -4.6826863288879395 722.09246826171875 
602.1180419921875 -3.0906400680541992 721.1763916015625 
603.37200927734375 -1.436191201210022 720.190185546875 
604.653564453125 0.16843660175800323 718.98297119140625 
605.86529541015625 1.6691348552703857 717.56378173828125 
607.3504638671875 2.7895395755767822 715.88800048828125 
608.21142578125 4.6305413246154785 714.5770263671875 
609.09442138671875 6.6054286956787109 713.389404296875 
610.0013427734375 8.4433450698852539 712.247314453125 
610.34197998046875 9.8927745819091797 710.8931884765625 
610.246826171875 10.831406593322754 709.09075927734375 
610.00408935546875 11.357877731323242 706.9541015625 
609.407470703125 11.256012916564941 704.4761962890625 
608.70458984375 11.143980979919434 701.90325927734375 
608.58203125 11.19857120513916 699.00933837890625 
607.0172119140625 12.33769416809082 700.846923828125 
607.03216552734375 12.171711921691895 697.81365966796875 
605.6297607421875 13.380538940429688 699.04656982421875 
605.61895751953125 13.241020202636719 696.46240234375 
604.23736572265625 14.563465118408203 697.78350830078125 
604.15093994140625 14.474239349365234 695.4302978515625 
602.81085205078125 15.798188209533691 696.696533203125 
602.692626953125 15.77495002746582 694.52862548828125 
601.417724609375 17.047891616821289 695.77459716796875 
601.34130859375 17.122703552246094 693.65594482421875 
600.0386962890625 18.235969543457031 694.99407958984375 
600.1038818359375 18.404148101806641 692.94146728515625 
598.60699462890625 19.310092926025391 694.28643798828125 
598.824951171875 19.684045791625977 692.327392578125 
597.0650634765625 20.302602767944336 693.79156494140625 
597.161865234375 20.831932067871094 692.32672119140625 
595.3162841796875 21.295892715454102 693.2586669921875 
595.591552734375 21.95941162109375 691.9530029296875 
593.56060791015625 22.178777694702148 692.3055419921875 
583.85821533203125 21.649402618408203 695.5059814453125 
585.77996826171875 22.562677383422852 694.71435546875 
587.80810546875 22.740991592407227 693.9208984375 
589.86456298828125 23.65379524230957 691.8841552734375 
589.682373046875 22.535356521606445 693.069580078125 
591.78118896484375 22.916061401367188 691.93621826171875 
591.59796142578125 21.881015777587891 693.3734130859375 
593.55908203125 21.407121658325195 693.95501708984375 
583.8408203125 21.307891845703125 697.521728515625 
587.3157958984375 9.1360807418823242 724.92584228515625 
588.15045166015625 11.999417304992676 723.88946533203125 
588.760986328125 7.0214719772338867 725.43414306640625 
589.87066650390625 10.149088859558105 724.53790283203125 
588.58221435546875 14.574642181396484 722.42315673828125 
583.972412109375 21.553876876831055 699.93060302734375 
585.642822265625 22.165485382080078 698.7559814453125 
597.04583740234375 -5.6193833351135254 724.14630126953125 
595.86761474609375 -3.9580988883972168 724.4666748046875 
594.39617919921875 -2.2812702655792236 724.9013671875 
598.4002685546875 -4.1750259399414062 723.37078857421875 
592.6744384765625 -0.3523174524307251 725.31396484375 
591.2076416015625 1.8673979043960571 725.5863037109375 
589.97576904296875 4.416414737701416 725.67169189453125 
599.78656005859375 -2.6094918251037598 722.6455078125 
601.22808837890625 -0.90866321325302124 721.77154541015625 
597.1226806640625 -2.1790902614593506 723.9490966796875 
594.9725341796875 -0.27597865462303162 724.71234130859375 
598.99615478515625 -0.50583648681640625 723.1251220703125 
596.9639892578125 0.1198374405503273 724.05047607421875 
593.435546875 2.0373282432556152 725.09417724609375 
595.66705322265625 2.2787084579467773 724.4312744140625 
592.17926025390625 4.627495288848877 725.26434326171875 
594.4600830078125 4.6858487129211426 724.64654541015625 
591.1375732421875 7.6167221069335938 725.03936767578125 
593.326904296875 7.3766689300537109 724.5498046875 
602.51171875 0.87510687112808228 720.74383544921875 
600.31231689453125 1.4596885442733765 722.3123779296875 
598.07757568359375 2.0487616062164307 723.5123291015625 
596.884765625 4.4989809989929199 723.76885986328125 
595.79058837890625 6.8731727600097656 723.796630859375 
603.71832275390625 2.5527148246765137 719.492919921875 
601.59130859375 3.3374271392822266 721.2222900390625 
599.3009033203125 4.0445051193237305 722.652587890625 
598.19000244140625 6.5752429962158203 722.7442626953125 
600.58001708984375 5.9507708549499512 721.475341796875 
602.70550537109375 5.1663632392883301 719.97662353515625 
604.4881591796875 4.3623380661010742 718.4188232421875 
605.90740966796875 4.0406932830810547 717.0052490234375 
606.7142333984375 5.5432682037353516 715.7874755859375 
607.4964599609375 7.2883882522583008 714.5970458984375 
608.3590087890625 9.1372585296630859 713.49493408203125 
609.05926513671875 10.906664848327637 712.38031005859375 
609.1527099609375 12.038030624389648 710.76043701171875 
608.92962646484375 12.683262825012207 708.74920654296875 
608.2501220703125 12.68031120300293 706.35797119140625 
607.47393798828125 12.464954376220703 703.7645263671875 
585.720947265625 22.268600463867188 696.59454345703125 
587.76007080078125 22.61088752746582 695.7110595703125 
589.8387451171875 22.241262435913086 694.90948486328125 
591.8902587890625 21.624303817749023 694.91180419921875 
590.63427734375 12.817120552062988 723.2847900390625 
592.474609375 10.558123588562012 723.86181640625 
594.69830322265625 9.1370096206665039 723.5909423828125 
596.98773193359375 9.0030689239501953 722.6148681640625 
599.41827392578125 8.530517578125 721.45654296875 
601.729248046875 7.8287873268127441 720.09869384765625 
603.65289306640625 7.05560302734375 718.64654541015625 
605.23004150390625 6.4463419914245605 717.2015380859375 
606.00360107421875 8.1935691833496094 715.9190673828125 
606.7239990234375 9.9541759490966797 714.71746826171875 
607.4884033203125 11.718228340148926 713.61712646484375 
607.90838623046875 13.153752326965332 712.25946044921875 
607.914794921875 14.038954734802246 710.4686279296875 
607.45599365234375 14.348008155822754 708.2779541015625 
606.570068359375 14.165596961975098 705.84661865234375 
605.81243896484375 14.077024459838867 703.4462890625 
605.3251953125 14.185919761657715 701.39813232421875 
604.10833740234375 15.289435386657715 700.2615966796875 
602.88323974609375 16.335538864135742 698.946044921875 
601.62762451171875 17.47337532043457 697.8463134765625 
600.283203125 18.611415863037109 696.958984375 
598.7349853515625 19.583057403564453 696.22784423828125 
597.07257080078125 20.346456527709961 695.568603515625 
595.32672119140625 21.019491195678711 694.889892578125 
593.53826904296875 21.3076171875 695.82525634765625 
595.30859375 21.123468399047852 696.68084716796875 
597.1044921875 20.765703201293945 697.406005859375 
598.8311767578125 20.129707336425781 698.15234375 
600.324951171875 19.184629440307617 699.01025390625 
601.6160888671875 18.118989944458008 700.00140380859375 
602.84381103515625 17.087440490722656 701.3397216796875 
604.067138671875 16.0592041015625 703.03607177734375 
604.388671875 9.0162725448608398 717.28662109375 
602.59844970703125 9.7222967147827148 718.681396484375 
605.0509033203125 10.789717674255371 715.97540283203125 
605.87701416015625 12.566169738769531 714.83197021484375 
606.56121826171875 14.146748542785645 713.63018798828125 
600.38238525390625 10.416779518127441 720.0521240234375 
597.83648681640625 10.968156814575195 721.33441162109375 
606.687744140625 15.159006118774414 711.95782470703125 
606.67547607421875 15.87440299987793 710.0750732421875 
605.9376220703125 15.871150016784668 707.71075439453125 
604.8968505859375 15.783526420593262 705.34185791015625 
595.167724609375 11.209187507629395 722.5711669921875 
593.27056884765625 13.030889511108398 722.39801025390625 
603.31903076171875 11.575642585754395 717.30419921875 
601.27874755859375 12.244533538818359 718.63336181640625 
598.77056884765625 12.770853996276855 719.88104248046875 
596.04833984375 13.089715957641602 721.1412353515625 
604.0177001953125 13.28874397277832 715.976318359375 
604.85479736328125 14.945640563964844 714.779296875 
605.19873046875 16.098697662353516 713.23150634765625 
605.2886962890625 16.864200592041016 711.45233154296875 
605.21502685546875 17.273141860961914 709.496337890625 
604.4578857421875 17.393894195556641 707.22967529296875 
603.3714599609375 17.575931549072266 705.3236083984375 
602.56072998046875 18.005773544311523 703.5484619140625 
601.4141845703125 18.889768600463867 702.0906982421875 
600.143310546875 19.840105056762695 701.106689453125 
598.68914794921875 20.644584655761719 700.15386962890625 
596.9793701171875 21.196985244750977 699.2894287109375 
595.1689453125 21.53083610534668 698.5242919921875 
593.33880615234375 21.73347282409668 697.61065673828125 
591.50653076171875 21.971603393554688 696.47216796875 
589.56988525390625 22.562305450439453 696.9139404296875 
587.55657958984375 22.627214431762695 697.642333984375 
602.13189697265625 14.028923034667969 717.28143310546875 
599.73077392578125 14.513714790344238 718.42864990234375 
597.08746337890625 14.866698265075684 719.62628173828125 
594.255859375 14.952572822570801 720.79925537109375 
591.45654296875 14.919065475463867 721.7999267578125 
602.8973388671875 15.613287925720215 715.89697265625 
600.69122314453125 16.168252944946289 717.00726318359375 
598.124267578125 16.482410430908203 718.02777099609375 
595.46429443359375 16.77442741394043 719.168701171875 
603.51312255859375 16.981922149658203 714.43756103515625 
603.75604248046875 17.881998062133789 712.6832275390625 
603.8397216796875 18.481344223022461 710.834716796875 
603.81842041015625 18.579187393188477 708.94036865234375 
602.77008056640625 19.161718368530273 707.375732421875 
601.84625244140625 19.471807479858398 705.74029541015625 
601.19573974609375 19.618486404418945 704.01904296875 
599.84716796875 20.643287658691406 703.320068359375 
598.48541259765625 21.219991683959961 702.26129150390625 
596.8126220703125 21.665994644165039 701.1868896484375 
594.95068359375 21.866600036621094 700.45819091796875 
593.10888671875 22.18083381652832 699.54364013671875 
591.34954833984375 22.41773796081543 698.3477783203125 
589.36376953125 22.732292175292969 698.97894287109375 
587.4273681640625 22.599349975585938 699.6138916015625 
601.44232177734375 17.58793830871582 715.45867919921875 
599.04669189453125 17.907186508178711 716.37677001953125 
596.49761962890625 18.227146148681641 717.37030029296875 
601.9000244140625 18.675981521606445 713.6910400390625 
602.12994384765625 19.436420440673828 711.76214599609375 
602.2099609375 19.789115905761719 709.5709228515625 
599.63958740234375 19.018486022949219 714.5211181640625 
597.2396240234375 19.142278671264648 715.3953857421875 
600.0159912109375 19.892227172851562 712.52984619140625 
600.32244873046875 20.46417236328125 710.37042236328125 
597.76239013671875 19.926742553710938 713.31585693359375 
598.13555908203125 20.70903205871582 711.2430419921875 
600.6722412109375 20.645502090454102 707.8653564453125 
600.06951904296875 20.945981979370117 705.5438232421875 
598.581298828125 21.106880187988281 709.081787109375 
598.47039794921875 21.591930389404297 706.92388916015625 
597.91461181640625 21.811422348022461 704.723876953125 
596.75262451171875 21.975559234619141 703.09893798828125 
594.86700439453125 22.121315002441406 702.453857421875 
592.8514404296875 22.392927169799805 701.63433837890625 
590.9971923828125 22.672214508056641 700.48040771484375 
588.77886962890625 22.793449401855469 701.15447998046875 
586.06927490234375 22.530097961425781 701.33038330078125 
583.85546875 21.849025726318359 702.36846923828125 
583.5013427734375 21.737335205078125 704.95654296875 
585.72412109375 22.547836303710938 703.9151611328125 
587.95477294921875 22.838653564453125 703.07293701171875 
590.7049560546875 22.734182357788086 702.78326416015625 
593.08349609375 22.417881011962891 703.79901123046875 
595.34222412109375 22.198335647583008 704.5301513671875 
596.05999755859375 21.965160369873047 706.43402099609375 
596.6688232421875 21.616004943847656 708.1488037109375 
596.2108154296875 21.190681457519531 709.950927734375 
595.994384765625 20.684307098388672 712.0540771484375 
595.49908447265625 19.963682174682617 714.226318359375 
594.69287109375 19.334465026855469 716.2515869140625 
593.77801513671875 18.281438827514648 718.26837158203125 
592.622314453125 16.634918212890625 720.03338623046875 
589.8939208984375 16.45536994934082 720.66748046875 
587.2862548828125 16.218782424926758 720.71002197265625 
586.03314208984375 17.113182067871094 718.693603515625 
584.84674072265625 17.663711547851562 716.62841796875 
583.5968017578125 18.383750915527344 714.61492919921875 
582.8428955078125 19.417963027954102 712.36566162109375 
582.5130615234375 20.576391220092773 710.0411376953125 
583.00091552734375 21.512552261352539 707.55078125 
585.3564453125 22.549428939819336 706.55712890625 
587.5592041015625 22.828601837158203 705.56378173828125 
589.54388427734375 22.84345817565918 704.63623046875 
591.56396484375 22.622882843017578 705.33319091796875 
593.73638916015625 22.259981155395508 706.1475830078125 
594.22308349609375 21.982873916625977 708.509033203125 
594.016845703125 21.571928024291992 710.89080810546875 
591.8917236328125 22.201244354248047 710.2589111328125 
591.90496826171875 22.449796676635742 707.800048828125 
589.70330810546875 22.804725646972656 706.9317626953125 
587.46771240234375 22.790292739868164 708.07708740234375 
589.713623046875 22.628448486328125 709.43255615234375 
585.01202392578125 22.319141387939453 709.09014892578125 
584.81182861328125 21.433088302612305 711.3355712890625 
584.76300048828125 20.206361770629883 713.34954833984375 
586.078857421875 19.515388488769531 714.97845458984375 
587.39556884765625 18.463657379150391 716.80059814453125 
587.3472900390625 22.403696060180664 710.5677490234375 
586.93267822265625 21.507055282592773 712.94464111328125 
588.4307861328125 20.419858932495117 714.72869873046875 
589.55535888671875 21.943094253540039 712.16571044921875 
591.964111328125 21.482761383056641 712.6346435546875 
590.6925048828125 20.49879264831543 714.60418701171875 
594.04217529296875 20.857572555541992 712.92437744140625 
593.03228759765625 20.174436569213867 714.70263671875 
592.14459228515625 19.161075592041016 716.661865234375 
589.7293701171875 18.953653335571289 716.78839111328125 
588.57061767578125 17.626245498657227 718.8846435546875 
591.10302734375 18.017803192138672 718.72540283203125 
612.21160888671875 -33.142360687255859 781.4815673828125 
611.27569580078125 -32.147617340087891 783.71044921875 
613.95343017578125 -33.436847686767578 782.564208984375 
627.74462890625 -32.428508758544922 748.88433837890625 
614.48895263671875 -34.185249328613281 780.6959228515625 
613.2794189453125 -34.01806640625 779.322509765625 
615.27520751953125 -34.848262786865234 778.9556884765625 
614.8746337890625 -35.000633239746094 777.34307861328125 
616.101806640625 -35.431102752685547 777.2127685546875 
616.57012939453125 -35.807018280029297 775.29974365234375 
617.7603759765625 -36.062774658203125 775.3507080078125 
618.15618896484375 -36.355033874511719 773.1143798828125 
619.09002685546875 -36.517539978027344 773.3577880859375 
628.21087646484375 -33.668922424316406 751.39849853515625 
628.08477783203125 -34.605510711669922 754.27960205078125 
627.51318359375 -35.358249664306641 757.20257568359375 
626.4783935546875 -35.950950622558594 760.0533447265625 
625.151611328125 -36.381458282470703 762.56005859375 
623.973876953125 -36.752792358398438 764.8936767578125 
622.8814697265625 -36.974506378173828 767.199462890625 
621.8099365234375 -36.986202239990234 769.282470703125 
620.317138671875 -36.817886352539062 771.2947998046875 
611.2154541015625 -31.712350845336914 785.1138916015625 
579.65509033203125 13.20467472076416 718.89410400390625 
578.42315673828125 16.6898193359375 695.31292724609375 
579.00830078125 16.711505889892578 696.94903564453125 
579.3646240234375 16.907535552978516 698.72412109375 
579.1668701171875 16.971921920776367 700.74822998046875 
578.66485595703125 16.884906768798828 702.7529296875 
578.26593017578125 16.634029388427734 704.931884765625 
577.62030029296875 15.90294361114502 707.21246337890625 
577.49005126953125 11.757485389709473 718.08416748046875 
576.6671142578125 15.347088813781738 696.1285400390625 
574.80181884765625 14.156124114990234 697.086669921875 
578.85333251953125 13.608637809753418 716.7589111328125 
575.4776611328125 10.697261810302734 716.857177734375 
573.8511962890625 10.283576011657715 715.406982421875 
572.37481689453125 10.132587432861328 713.81982421875 
571.0699462890625 10.137319564819336 712.28887939453125 
570.74749755859375 10.489633560180664 710.2110595703125 
570.45269775390625 10.82054615020752 708.0836181640625 
570.1053466796875 11.072592735290527 705.8907470703125 
569.69775390625 11.269862174987793 703.7691650390625 
569.41668701171875 11.51799201965332 701.8309326171875 
569.4881591796875 11.813262939453125 700.15423583984375 
571.027587890625 12.322343826293945 699.0050048828125 
572.890380859375 13.122304916381836 698.054931640625 
577.69793701171875 13.937692642211914 714.40570068359375 
576.663330078125 14.728334426879883 709.55841064453125 
576.62542724609375 13.992186546325684 712.081787109375 
577.00885009765625 12.286988258361816 716.0870361328125 
575.70794677734375 12.032712936401367 714.37957763671875 
574.280517578125 11.561275482177734 712.88946533203125 
572.603271484375 10.939942359924316 711.4449462890625 
574.55712890625 12.600066184997559 710.6666259765625 
572.4073486328125 11.402279853820801 709.3203125 
574.16546630859375 12.820401191711426 708.5059814453125 
575.65045166015625 14.159083366394043 707.28131103515625 
572.0146484375 11.617597579956055 707.17138671875 
573.466552734375 12.650712013244629 706.26019287109375 
571.63409423828125 11.731931686401367 704.93865966796875 
577.05572509765625 15.344369888305664 697.8095703125 
577.5303955078125 15.660281181335449 699.4447021484375 
577.0936279296875 15.390842437744141 701.083251953125 
575.29974365234375 14.170889854431152 699.10906982421875 
576.88848876953125 15.307452201843262 703.11993408203125 
576.55712890625 15.024605751037598 705.25030517578125 
574.786865234375 13.657479286193848 705.2247314453125 
574.99554443359375 13.888896942138672 703.3043212890625 
575.15185546875 14.025006294250488 701.243896484375 
573.30645751953125 12.995551109313965 699.9227294921875 
573.15972900390625 12.649314880371094 703.97906494140625 
571.4554443359375 11.858213424682617 702.8045654296875 
571.46319580078125 12.080810546875 700.87347412109375 
573.28143310546875 12.837465286254883 701.9400634765625 
600.04278564453125 -8.5931625366210938 804.85882568359375 
600.94677734375 -10.40410041809082 804.3828125 
601.95404052734375 -12.16837215423584 804.0120849609375 
602.8779296875 -13.95736026763916 803.24578857421875 
603.77532958984375 -15.77653694152832 802.24725341796875 
604.90740966796875 -17.498777389526367 801.37799072265625 
614.6343994140625 -14.124216079711914 729.05218505859375 
581.61614990234375 5.674530029296875 726.30804443359375 
582.19586181640625 4.1256375312805176 726.87957763671875 
611.38360595703125 -13.233792304992676 729.12591552734375 
613.303955078125 -13.065078735351562 727.23193359375 
607.41033935546875 -10.195041656494141 722.99920654296875 
605.855224609375 -10.321303367614746 723.9716796875 
607.86773681640625 -10.815671920776367 724.3560791015625 
606.447021484375 -10.762576103210449 725.41888427734375 
610.53240966796875 -10.943534851074219 723.83245849609375 
611.94329833984375 -11.990511894226074 725.49481201171875 
608.97918701171875 -11.441265106201172 725.639892578125 
610.1405029296875 -12.278094291687012 727.35772705078125 
605.6522216796875 -11.014565467834473 730.0545654296875 
608.3751220703125 -12.112600326538086 729.5101318359375 
584.0589599609375 2.2400305271148682 726.89776611328125 
585.64837646484375 0.23035477101802826 727.06439208984375 
587.3526611328125 -1.7294217348098755 727.183837890625 
589.148681640625 -3.6355652809143066 727.34149169921875 
590.78497314453125 -5.1695413589477539 727.4254150390625 
592.74481201171875 -6.4997248649597168 727.7283935546875 
595.061279296875 -7.4627475738525391 728.0499267578125 
597.419677734375 -8.2147111892700195 728.2255859375 
598.50274658203125 -8.7089576721191406 726.78985595703125 
599.79736328125 -8.9151105880737305 728.1390380859375 
600.95599365234375 -9.427851676940918 726.57568359375 
602.22320556640625 -9.6312704086303711 728.11187744140625 
603.6739501953125 -10.129660606384277 726.461181640625 
603.90850830078125 -10.207514762878418 729.1168212890625 
606.70562744140625 -11.13294792175293 727.63616943359375 
582.38946533203125 2.5841100215911865 728.144775390625 
584.00640869140625 0.63740050792694092 728.080810546875 
585.77593994140625 -1.2030731439590454 728.107666015625 
587.789306640625 -2.9895415306091309 728.0955810546875 
566.31060791015625 28.799810409545898 676.89599609375 
566.6842041015625 28.006591796875 679.1162109375 
567.5264892578125 27.4320068359375 681.18914794921875 
568.698486328125 27.084360122680664 683.094970703125 
570.29833984375 27.353679656982422 684.83526611328125 
571.9527587890625 26.994728088378906 686.45989990234375 
573.907958984375 26.804546356201172 687.9498291015625 
576.09521484375 26.651899337768555 689.25555419921875 
578.4517822265625 26.535463333129883 690.29010009765625 
580.89923095703125 26.815940856933594 691.03900146484375 
583.33966064453125 26.781829833984375 691.51666259765625 
585.7523193359375 26.14073371887207 691.75872802734375 
588.204345703125 25.546138763427734 691.78704833984375 
590.720947265625 25.138492584228516 691.55364990234375 
593.14337158203125 24.381319046020508 691.29315185546875 
595.56817626953125 23.683782577514648 691.0152587890625 
597.64825439453125 23.911584854125977 690.549072265625 
599.45166015625 24.797998428344727 690.162841796875 
601.299072265625 25.769632339477539 689.76947021484375 
602.3565673828125 23.36182975769043 689.07208251953125 
601.4381103515625 21.568639755249023 689.66961669921875 
600.96697998046875 19.855819702148438 690.60906982421875 
600.94775390625 18.360662460327148 692.02899169921875 
593.59393310546875 23.152992248535156 691.72454833984375 
591.8238525390625 23.828182220458984 691.6082763671875 
599.9776611328125 19.381917953491211 691.6761474609375 
599.5977783203125 22.766645431518555 689.880859375 
597.42669677734375 22.278387069702148 690.955078125 
599.2821044921875 20.837156295776367 690.83294677734375 
626.7073974609375 -23.693454742431641 741.78076171875 
631.0157470703125 -32.317035675048828 748.62542724609375 
632.4991455078125 -31.997018814086914 750.16461181640625 
626.8895263671875 -25.607809066772461 742.464599609375 
631.55877685546875 -31.152469635009766 747.58819580078125 
631.05377197265625 -30.227964401245117 746.24713134765625 
629.0963134765625 -29.828277587890625 745.11700439453125 
626.571533203125 -28.88487434387207 744.766357421875 
626.7186279296875 -27.459383010864258 743.52569580078125 
610.15673828125 -16.033126831054688 800.51373291015625 
606.004638671875 -6.420753002166748 804.84686279296875 
606.65618896484375 -7.1968393325805664 803.6148681640625 
607.2930908203125 -8.6626005172729492 802.9779052734375 
607.993896484375 -10.474065780639648 802.492431640625 
609.45526123046875 -14.422118186950684 801.32745361328125 
608.70001220703125 -12.465271949768066 802.04083251953125 
606.6527099609375 -8.3270292282104492 804.41314697265625 
607.26202392578125 -9.8742599487304688 803.84063720703125 
627.2752685546875 -30.163219451904297 745.7720947265625 
627.82879638671875 -31.317070007324219 746.93377685546875 
628.998291015625 -32.433223724365234 748.09881591796875 
629.4544677734375 -33.549224853515625 750.297607421875 
631.5078125 -33.0518798828125 750.6695556640625 
629.40020751953125 -34.45281982421875 752.97503662109375 
624.7890625 -36.831272125244141 765.42254638671875 
625.98211669921875 -36.563705444335938 763.2821044921875 
627.17425537109375 -36.172740936279297 760.98486328125 
628.37042236328125 -35.674587249755859 758.477294921875 
628.9560546875 -35.136039733886719 755.753662109375 
610.47509765625 -2.0835533142089844 716.5909423828125 
609.0428466796875 -9.2982292175292969 721.4901123046875 
610.478271484375 -4.0530500411987305 717.6527099609375 
610.5955810546875 -5.9487118721008301 718.837646484375 
617.51007080078125 -13.564273834228516 729.24114990234375 
616.6453857421875 -12.803991317749023 727.6978759765625 
612.30523681640625 -7.0661778450012207 720.32061767578125 
610.106689453125 -7.7828054428100586 720.09942626953125 
612.47698974609375 -8.9336566925048828 721.85772705078125 
615.41900634765625 -11.799990653991699 725.87969970703125 
614.07879638671875 -10.580879211425781 724.022705078125 
604.17877197265625 -10.105401039123535 724.57574462890625 
602.49359130859375 -9.8223600387573242 725.548828125 
3 2 1 0 
3 5 4 3 
3 6 5 3 
3 7 2 0 
3 7 0 8 
3 6 3 9 
3 10 6 9 
3 10 9 11 
3 12 10 11 
3 12 11 13 
3 14 12 13 
3 15 14 13 
3 15 13 16 
3 17 15 16 
3 17 16 18 
3 19 17 18 
3 19 18 20 
3 21 19 20 
3 21 20 22 
3 23 21 22 
3 23 22 24 
3 23 24 25 
3 26 23 25 
3 26 25 27 
3 28 26 27 
3 29 28 27 
3 29 27 30 
3 29 30 31 
3 31 30 32 
3 31 32 33 
3 34 31 33 
3 34 33 35 
3 36 34 35 
3 36 35 37 
3 38 36 37 
3 38 37 39 
3 40 38 39 
3 40 39 41 
3 42 40 41 
3 42 41 43 
3 44 42 43 
3 45 7 8 
3 46 7 45 
3 45 8 47 
3 48 46 45 
3 50 43 49 
3 44 43 50 
3 51 44 50 
3 53 49 52 
3 50 49 53 
3 55 52 54 
3 53 52 55 
3 56 45 47 
3 48 45 56 
3 56 47 57 
3 58 48 56 
3 59 48 58 
3 60 59 58 
3 61 59 60 
3 63 54 62 
3 55 54 63 
3 65 62 64 
3 63 62 65 
3 67 64 66 
3 65 64 67 
3 51 50 53 
3 68 51 53 
3 68 53 55 
3 69 68 55 
3 69 55 63 
3 70 69 63 
3 70 63 65 
3 71 70 65 
3 72 61 60 
3 73 61 72 
3 74 73 72 
3 75 73 74 
3 76 75 74 
3 77 75 76 
3 78 77 76 
3 79 77 78 
3 80 79 78 
3 81 79 80 
3 71 65 67 
3 82 71 67 
3 85 84 83 
3 66 84 85 
3 67 66 85 
3 87 83 86 
3 85 83 87 
3 89 86 88 
3 87 86 89 
3 91 88 90 
3 89 88 91 
3 93 90 92 
3 91 90 93 
3 82 67 85 
3 82 85 87 
3 94 82 87 
3 94 87 89 
3 95 94 89 
3 95 89 91 
3 96 95 91 
3 96 91 93 
3 97 96 93 
3 98 96 97 
3 97 93 92 
3 100 92 99 
3 97 92 100 
3 102 99 101 
3 100 99 102 
3 102 101 103 
3 98 97 100 
3 104 98 100 
3 104 100 102 
3 105 104 102 
3 106 102 103 
3 105 102 106 
3 106 103 107 
3 108 105 106 
3 109 106 107 
3 108 106 109 
3 110 108 109 
3 109 107 111 
3 112 109 111 
3 110 109 112 
3 113 110 112 
3 112 111 114 
3 113 112 114 
3 115 113 114 
3 115 114 116 
3 117 115 116 
3 117 116 118 
3 119 117 118 
3 119 118 81 
3 119 81 80 
3 120 119 80 
3 120 80 78 
3 121 120 78 
3 121 78 122 
3 123 121 122 
3 124 123 122 
3 124 122 125 
3 125 76 74 
3 126 124 125 
3 125 74 72 
3 126 125 72 
3 127 126 72 
3 127 72 60 
3 57 127 60 
3 57 58 56 
3 60 58 57 
3 122 76 125 
3 76 122 78 
3 130 129 128 
3 133 132 131 
3 130 128 134 
3 135 130 134 
3 135 134 136 
3 137 135 136 
3 137 136 138 
3 139 137 138 
3 139 138 140 
3 141 139 140 
3 133 141 140 
3 131 141 133 
3 144 143 142 
3 118 116 145 
3 144 142 146 
3 147 144 146 
3 147 146 148 
3 149 147 148 
3 149 148 150 
3 151 149 150 
3 151 150 152 
3 153 151 152 
3 153 152 154 
3 155 153 154 
3 155 154 156 
3 157 155 156 
3 157 156 158 
3 159 157 158 
3 159 158 160 
3 161 159 160 
3 161 160 162 
3 163 161 162 
3 163 162 164 
3 165 163 164 
3 165 164 166 
3 167 165 166 
3 168 167 166 
3 168 166 169 
3 170 168 169 
3 171 168 170 
3 170 169 172 
3 174 172 173 
3 170 172 174 
3 176 145 175 
3 118 145 176 
3 81 118 176 
3 79 81 176 
3 177 176 175 
3 79 176 177 
3 177 175 178 
3 179 79 177 
3 77 79 179 
3 179 177 178 
3 179 178 180 
3 181 77 179 
3 75 77 181 
3 182 75 181 
3 73 75 182 
3 183 73 182 
3 61 73 183 
3 184 61 183 
3 59 61 184 
3 186 173 185 
3 174 173 186 
3 171 170 174 
3 187 171 174 
3 187 174 186 
3 188 187 186 
3 189 59 184 
3 48 59 189 
3 190 48 189 
3 46 48 190 
3 181 179 180 
3 181 180 191 
3 182 181 191 
3 182 191 192 
3 183 182 192 
3 183 192 193 
3 184 183 193 
3 189 184 193 
3 189 193 194 
3 190 189 194 
3 190 194 195 
3 196 186 185 
3 188 186 196 
3 196 185 197 
3 198 188 196 
3 198 196 197 
3 199 198 197 
3 199 197 200 
3 199 200 201 
3 202 199 201 
3 202 201 203 
3 204 202 203 
3 204 203 205 
3 132 204 205 
3 132 205 131 
3 131 205 206 
3 141 131 206 
3 141 206 207 
3 141 207 208 
3 139 141 208 
3 137 139 208 
3 137 208 209 
3 210 137 209 
3 210 209 211 
3 212 210 211 
3 212 211 213 
3 214 212 213 
3 214 213 215 
3 216 214 215 
3 216 215 217 
3 218 216 217 
3 218 217 219 
3 220 218 219 
3 220 219 221 
3 222 220 221 
3 222 221 223 
3 224 222 223 
3 225 222 224 
3 224 223 226 
3 227 225 224 
3 228 225 227 
3 229 228 227 
3 230 228 229 
3 231 230 229 
3 232 230 231 
3 233 232 231 
3 234 232 233 
3 235 234 233 
3 236 234 235 
3 237 236 235 
3 195 236 237 
3 46 190 195 
3 46 195 237 
3 7 46 237 
3 238 7 237 
3 2 7 238 
3 239 2 238 
3 1 2 239 
3 240 1 239 
3 238 237 235 
3 227 224 226 
3 227 226 241 
3 229 227 241 
3 229 241 242 
3 231 229 242 
3 231 242 240 
3 233 231 240 
3 233 240 239 
3 239 235 233 
3 238 235 239 
3 222 225 243 
3 135 137 210 
3 130 135 210 
3 130 210 212 
3 130 212 214 
3 129 130 214 
3 244 129 214 
3 244 214 216 
3 244 216 218 
3 245 244 218 
3 246 245 218 
3 246 218 220 
3 222 246 220 
3 243 246 222 
3 249 248 247 
3 252 251 250 
3 253 249 247 
3 254 249 253 
3 253 247 255 
3 256 254 253 
3 257 254 256 
3 259 250 258 
3 252 250 259 
3 260 252 259 
3 262 258 261 
3 259 258 262 
3 263 257 256 
3 264 257 263 
3 265 263 256 
3 256 255 265 
3 253 255 256 
3 264 263 266 
3 267 264 266 
3 267 266 268 
3 269 267 268 
3 269 268 270 
3 271 269 270 
3 272 269 271 
3 271 270 273 
3 275 273 274 
3 271 273 275 
3 277 261 276 
3 262 261 277 
3 278 271 275 
3 272 271 278 
3 279 272 278 
3 280 279 278 
3 281 279 280 
3 282 281 280 
3 283 281 282 
3 260 259 262 
3 284 260 262 
3 285 283 282 
3 286 283 285 
3 284 262 277 
3 287 284 277 
3 289 274 288 
3 275 274 289 
3 289 288 290 
3 291 287 277 
3 292 287 291 
3 293 292 291 
3 294 277 276 
3 291 277 294 
3 294 276 295 
3 296 286 285 
3 295 286 296 
3 294 295 296 
3 298 290 297 
3 289 290 298 
3 299 293 291 
3 300 293 299 
3 301 300 299 
3 297 300 301 
3 298 297 301 
3 291 294 296 
3 299 291 296 
3 299 296 285 
3 301 299 285 
3 282 301 285 
3 298 301 282 
3 298 282 280 
3 289 298 280 
3 280 275 289 
3 278 275 280 
3 304 303 302 
3 307 306 305 
3 309 304 308 
3 304 302 308 
3 309 308 310 
3 311 309 310 
3 311 310 312 
3 313 311 312 
3 313 312 314 
3 315 313 314 
3 315 314 316 
3 317 315 316 
3 317 316 318 
3 319 317 318 
3 319 318 320 
3 321 319 320 
3 321 320 322 
3 323 321 322 
3 323 322 324 
3 325 323 324 
3 325 324 326 
3 327 325 326 
3 327 326 328 
3 329 327 328 
3 331 329 330 
3 329 328 330 
3 331 330 332 
3 333 331 332 
3 333 332 334 
3 335 333 334 
3 335 334 336 
3 337 335 336 
3 337 336 338 
3 340 337 339 
3 337 338 339 
3 340 339 341 
3 342 340 341 
3 342 341 343 
3 344 342 343 
3 344 343 345 
3 346 344 345 
3 346 345 347 
3 348 346 347 
3 350 305 349 
3 307 305 350 
3 347 307 350 
3 348 350 349 
3 347 350 348 
3 353 352 351 
3 353 351 354 
3 348 349 355 
3 356 353 354 
3 356 354 357 
3 358 356 357 
3 358 357 359 
3 360 358 359 
3 360 359 361 
3 362 360 361 
3 362 361 363 
3 364 362 363 
3 364 363 365 
3 366 364 365 
3 366 365 304 
3 367 366 304 
3 367 304 309 
3 368 367 309 
3 368 309 311 
3 369 368 311 
3 369 311 313 
3 370 369 313 
3 370 313 315 
3 371 370 315 
3 371 315 317 
3 372 371 317 
3 372 317 319 
3 373 372 319 
3 373 319 321 
3 374 373 321 
3 374 321 323 
3 375 374 323 
3 375 323 325 
3 376 375 325 
3 376 325 327 
3 377 376 327 
3 377 327 329 
3 380 379 378 
3 381 377 329 
3 381 329 382 
3 383 381 382 
3 383 382 384 
3 385 383 384 
3 385 384 386 
3 387 385 386 
3 348 355 380 
3 346 348 380 
3 346 380 378 
3 346 378 388 
3 344 346 388 
3 344 388 389 
3 342 344 389 
3 342 389 390 
3 340 342 390 
3 340 390 391 
3 337 340 391 
3 387 386 337 
3 387 337 391 
3 394 393 392 
3 395 394 392 
3 395 392 396 
3 397 395 396 
3 397 396 398 
3 399 397 398 
3 402 401 400 
3 402 400 403 
3 404 402 403 
3 404 403 405 
3 406 404 405 
3 406 399 398 
3 405 399 406 
3 409 408 407 
3 412 411 410 
3 413 409 407 
3 413 407 414 
3 415 413 414 
3 415 414 416 
3 417 415 416 
3 417 416 418 
3 417 418 419 
3 420 417 419 
3 420 419 421 
3 422 420 421 
3 422 421 423 
3 424 422 423 
3 424 423 425 
3 426 424 425 
3 427 426 425 
3 427 425 428 
3 429 427 428 
3 429 428 430 
3 431 429 430 
3 431 430 432 
3 433 431 432 
3 433 432 434 
3 435 433 434 
3 435 434 436 
3 437 435 436 
3 437 436 438 
3 439 437 438 
3 439 438 440 
3 441 439 440 
3 441 440 442 
3 443 441 442 
3 443 442 444 
3 445 443 444 
3 445 444 446 
3 412 445 446 
3 410 445 412 
3 449 448 447 
3 450 446 444 
3 451 449 447 
3 451 447 452 
3 453 451 452 
3 453 452 454 
3 455 453 454 
3 455 454 456 
3 408 455 456 
3 408 456 457 
3 407 408 457 
3 407 457 401 
3 407 401 402 
3 407 402 414 
3 414 402 404 
3 416 414 404 
3 416 404 406 
3 418 416 406 
3 418 406 398 
3 458 450 444 
3 459 450 458 
3 458 444 442 
3 460 459 458 
3 461 459 460 
3 462 461 460 
3 463 461 462 
3 464 418 398 
3 419 418 464 
3 464 398 396 
3 465 463 462 
3 466 463 465 
3 467 466 465 
3 468 419 464 
3 421 419 468 
3 469 421 468 
3 423 421 469 
3 470 423 469 
3 425 423 470 
3 471 425 470 
3 428 425 471 
3 472 428 471 
3 430 428 472 
3 473 464 396 
3 468 464 473 
3 473 396 392 
3 474 430 472 
3 432 430 474 
3 460 458 442 
3 460 442 440 
3 475 467 465 
3 476 467 475 
3 477 432 474 
3 434 432 477 
3 478 476 475 
3 479 476 478 
3 478 434 477 
3 479 478 477 
3 480 479 477 
3 480 477 474 
3 481 480 474 
3 482 392 393 
3 473 392 482 
3 482 393 483 
3 485 483 484 
3 482 483 485 
3 486 484 481 
3 485 484 486 
3 481 474 472 
3 486 481 472 
3 436 434 478 
3 436 478 475 
3 438 436 475 
3 487 475 465 
3 438 475 487 
3 440 438 487 
3 462 460 440 
3 486 472 471 
3 487 462 440 
3 465 462 487 
3 485 486 471 
3 485 471 470 
3 482 485 470 
3 482 470 469 
3 469 473 482 
3 468 473 469 
3 490 489 488 
3 493 492 491 
3 494 492 493 
3 495 494 493 
3 498 497 496 
3 499 497 498 
3 500 495 493 
3 501 495 500 
3 504 503 502 
3 505 503 504 
3 506 490 488 
3 496 490 506 
3 498 496 506 
3 506 488 507 
3 508 4 5 
3 509 4 508 
3 510 505 504 
3 511 505 510 
3 512 511 510 
3 6 511 512 
3 513 6 512 
3 5 6 513 
3 508 5 513 
3 514 499 498 
3 515 499 514 
3 516 501 500 
3 517 501 516 
3 518 515 514 
3 519 515 518 
3 520 519 518 
3 521 519 520 
3 522 521 520 
3 523 521 522 
3 524 523 522 
3 525 523 524 
3 526 525 524 
3 527 525 526 
3 528 527 526 
3 529 527 528 
3 530 529 528 
3 531 529 530 
3 532 531 530 
3 533 531 532 
3 534 533 532 
3 535 533 534 
3 536 535 534 
3 537 535 536 
3 538 537 536 
3 539 537 538 
3 540 539 538 
3 541 539 540 
3 542 541 540 
3 543 541 542 
3 544 543 542 
3 545 543 544 
3 546 509 508 
3 547 509 546 
3 550 549 548 
3 551 549 550 
3 553 548 552 
3 550 548 553 
3 554 517 516 
3 555 517 554 
3 556 555 554 
3 557 555 556 
3 558 557 556 
3 559 557 558 
3 560 559 558 
3 561 559 560 
3 562 561 560 
3 563 561 562 
3 564 563 562 
3 565 563 564 
3 566 565 564 
3 567 565 566 
3 568 567 566 
3 569 567 568 
3 570 569 568 
3 571 569 570 
3 572 571 570 
3 573 571 572 
3 574 573 572 
3 575 574 572 
3 576 574 575 
3 577 576 575 
3 578 576 577 
3 579 578 577 
3 580 578 579 
3 581 580 579 
3 582 581 579 
3 583 581 582 
3 584 583 582 
3 585 583 584 
3 586 585 584 
3 587 585 586 
3 588 587 586 
3 589 587 588 
3 590 589 588 
3 591 589 590 
3 592 591 590 
3 593 591 592 
3 594 593 592 
3 595 593 594 
3 596 595 594 
3 597 595 596 
3 598 498 506 
3 514 498 598 
3 598 506 507 
3 599 507 597 
3 598 507 599 
3 599 597 596 
3 600 545 544 
3 601 545 600 
3 602 601 600 
3 603 601 602 
3 604 603 602 
3 605 603 604 
3 606 605 604 
3 607 605 606 
3 608 607 606 
3 609 607 608 
3 610 609 608 
3 611 609 610 
3 612 611 610 
3 613 611 612 
3 614 613 612 
3 615 613 614 
3 616 615 614 
3 617 615 616 
3 618 617 616 
3 619 617 618 
3 620 619 618 
3 621 620 618 
3 502 620 621 
3 504 502 621 
3 622 547 546 
3 623 547 622 
3 624 623 622 
3 625 623 624 
3 626 625 624 
3 627 625 626 
3 629 552 628 
3 553 552 629 
3 631 628 630 
3 629 628 631 
3 632 630 627 
3 632 627 626 
3 633 630 632 
3 631 630 633 
3 634 493 491 
3 635 491 551 
3 634 491 635 
3 635 551 550 
3 500 493 634 
3 636 598 599 
3 514 598 636 
3 518 514 636 
3 636 599 596 
3 637 636 596 
3 518 636 637 
3 520 518 637 
3 638 504 621 
3 510 504 639 
3 640 510 639 
3 512 510 640 
3 641 512 640 
3 513 512 641 
3 642 513 641 
3 508 513 642 
3 546 508 642 
3 643 596 594 
3 637 596 643 
3 644 637 643 
3 520 637 644 
3 522 520 644 
3 645 500 634 
3 516 500 645 
3 646 634 635 
3 645 634 646 
3 647 516 645 
3 554 516 647 
3 648 554 647 
3 556 554 648 
3 649 556 648 
3 558 556 649 
3 650 594 592 
3 643 594 650 
3 651 592 590 
3 650 592 651 
3 652 590 588 
3 651 590 652 
3 653 588 586 
3 652 588 653 
3 653 586 584 
3 654 643 650 
3 644 643 654 
3 655 644 654 
3 655 522 644 
3 524 522 655 
3 656 524 655 
3 526 524 656 
3 657 650 651 
3 654 650 657 
3 658 654 657 
3 655 654 658 
3 656 655 658 
3 659 651 652 
3 657 651 659 
3 660 652 653 
3 659 652 660 
3 661 657 659 
3 658 657 661 
3 662 659 660 
3 661 659 662 
3 663 653 584 
3 660 653 663 
3 663 584 582 
3 664 660 663 
3 662 660 664 
3 665 658 661 
3 656 658 665 
3 666 661 662 
3 665 661 666 
3 667 662 664 
3 666 662 667 
3 668 558 649 
3 560 558 668 
3 669 645 646 
3 647 645 669 
3 670 526 656 
3 528 526 670 
3 670 656 665 
3 671 618 616 
3 621 618 671 
3 672 616 614 
3 671 616 672 
3 672 614 612 
3 638 621 671 
3 639 504 638 
3 673 671 672 
3 638 671 673 
3 674 612 610 
3 672 612 674 
3 673 672 674 
3 675 528 670 
3 530 528 675 
3 676 670 665 
3 675 670 676 
3 676 665 666 
3 677 666 667 
3 676 666 677 
3 678 560 668 
3 562 560 678 
3 679 562 678 
3 564 562 679 
3 680 564 679 
3 566 564 680 
3 681 566 680 
3 568 566 681 
3 682 568 681 
3 570 568 682 
3 683 570 682 
3 572 570 683 
3 575 572 683 
3 684 610 608 
3 674 610 685 
3 686 608 606 
3 684 608 686 
3 687 606 604 
3 686 606 687 
3 688 604 602 
3 687 604 688 
3 689 602 600 
3 690 530 675 
3 532 530 690 
3 691 532 690 
3 534 532 691 
3 692 534 691 
3 536 534 692 
3 693 536 692 
3 538 536 693 
3 694 538 693 
3 540 538 694 
3 695 540 694 
3 542 540 695 
3 696 542 695 
3 544 542 696 
3 697 675 676 
3 690 675 697 
3 698 676 677 
3 697 676 698 
3 699 544 696 
3 600 544 699 
3 689 600 699 
3 688 602 689 
3 700 546 642 
3 622 546 700 
3 701 642 641 
3 700 642 701 
3 702 641 640 
3 701 641 702 
3 702 640 639 
3 703 639 638 
3 702 639 703 
3 703 638 673 
3 704 690 697 
3 691 690 704 
3 705 697 698 
3 704 697 705 
3 706 698 677 
3 705 698 706 
3 707 677 667 
3 706 677 707 
3 708 667 664 
3 707 667 708 
3 709 664 663 
3 708 664 709 
3 710 663 582 
3 710 582 579 
3 709 663 710 
3 711 579 577 
3 710 579 711 
3 712 710 711 
3 709 710 712 
3 713 709 712 
3 708 709 713 
3 714 708 713 
3 707 708 714 
3 715 707 714 
3 706 707 715 
3 717 711 716 
3 711 577 716 
3 712 711 717 
3 718 716 683 
3 717 716 718 
3 719 713 717 
3 713 712 717 
3 714 713 719 
3 719 717 718 
3 720 714 719 
3 715 714 720 
3 721 719 718 
3 720 719 721 
3 722 718 683 
3 722 683 682 
3 721 718 722 
3 723 682 681 
3 722 682 723 
3 724 681 680 
3 723 681 724 
3 725 722 723 
3 721 722 725 
3 726 723 724 
3 725 723 726 
3 727 721 725 
3 720 721 727 
3 728 725 726 
3 727 725 728 
3 729 706 715 
3 705 706 729 
3 730 715 720 
3 729 715 730 
3 730 720 727 
3 731 691 704 
3 692 691 731 
3 732 692 731 
3 693 692 732 
3 733 693 732 
3 694 693 733 
3 734 694 733 
3 695 694 734 
3 735 695 734 
3 696 695 735 
3 736 696 735 
3 699 696 736 
3 737 699 736 
3 689 699 737 
3 738 635 550 
3 738 550 553 
3 646 635 738 
3 739 646 738 
3 669 646 739 
3 740 553 629 
3 738 553 740 
3 741 738 740 
3 739 738 741 
3 742 629 631 
3 740 629 742 
3 743 631 633 
3 742 631 743 
3 744 740 742 
3 741 740 744 
3 745 742 743 
3 744 742 745 
3 746 673 674 
3 703 673 746 
3 746 674 685 
3 747 703 746 
3 702 703 747 
3 701 702 747 
3 748 701 747 
3 700 701 748 
3 749 747 746 
3 748 747 749 
3 750 746 685 
3 749 746 750 
3 751 684 686 
3 685 684 752 
3 753 700 748 
3 754 700 753 
3 754 622 700 
3 624 622 754 
3 755 624 754 
3 626 624 755 
3 756 626 755 
3 757 748 749 
3 753 748 757 
3 757 749 750 
3 758 750 752 
3 757 750 758 
3 759 732 731 
3 733 732 759 
3 760 733 759 
3 734 733 760 
3 761 734 760 
3 735 734 761 
3 762 735 761 
3 736 735 762 
3 763 736 762 
3 737 736 763 
3 764 680 679 
3 724 680 764 
3 726 724 764 
3 765 726 764 
3 728 726 765 
3 766 679 678 
3 764 679 766 
3 767 764 766 
3 765 764 767 
3 768 678 668 
3 766 678 768 
3 769 668 649 
3 768 668 769 
3 770 649 648 
3 769 649 770 
3 771 648 647 
3 770 648 771 
3 771 647 669 
3 772 669 739 
3 771 669 772 
3 773 739 741 
3 772 739 773 
3 773 741 744 
3 774 766 768 
3 767 766 774 
3 775 768 769 
3 774 768 775 
3 776 769 770 
3 775 769 776 
3 777 770 771 
3 776 770 777 
3 777 771 772 
3 778 772 773 
3 777 772 778 
3 779 773 744 
3 778 773 779 
3 780 744 745 
3 779 744 780 
3 781 704 705 
3 731 704 781 
3 781 705 729 
3 782 731 781 
3 759 731 782 
3 783 729 730 
3 781 729 783 
3 784 730 727 
3 783 730 784 
3 785 727 728 
3 784 727 785 
3 786 728 765 
3 785 728 786 
3 787 781 783 
3 782 781 787 
3 788 783 784 
3 787 783 788 
3 788 784 785 
3 789 785 786 
3 788 785 789 
3 790 788 789 
3 787 788 790 
3 791 787 790 
3 782 787 791 
3 792 782 791 
3 759 782 792 
3 760 759 792 
3 793 765 767 
3 786 765 793 
3 794 786 793 
3 789 786 794 
3 790 789 794 
3 795 767 774 
3 793 767 795 
3 796 793 795 
3 794 793 796 
3 797 794 796 
3 790 794 797 
3 798 790 797 
3 791 790 798 
3 792 791 798 
3 799 792 798 
3 760 792 799 
3 761 760 799 
3 800 798 797 
3 799 798 800 
3 801 799 800 
3 761 799 801 
3 802 761 801 
3 762 761 802 
3 803 762 802 
3 763 762 803 
3 804 797 796 
3 800 797 804 
3 805 800 804 
3 801 800 805 
3 806 801 805 
3 802 801 806 
3 803 802 806 
3 807 796 795 
3 804 796 807 
3 808 795 774 
3 808 774 775 
3 807 795 808 
3 809 804 807 
3 805 804 809 
3 810 807 808 
3 809 807 810 
3 811 805 809 
3 806 805 811 
3 812 806 811 
3 803 806 812 
3 813 809 810 
3 811 809 813 
3 814 803 812 
3 763 803 814 
3 815 763 814 
3 737 763 815 
3 816 737 815 
3 689 737 816 
3 688 689 816 
3 817 688 816 
3 687 688 817 
3 818 687 817 
3 686 687 818 
3 751 686 818 
3 752 684 751 
3 819 752 751 
3 758 752 819 
3 820 751 818 
3 819 751 820 
3 821 818 817 
3 820 818 821 
3 822 817 816 
3 822 816 815 
3 821 817 822 
3 823 815 814 
3 822 815 823 
3 824 758 819 
3 825 758 824 
3 825 757 758 
3 753 757 825 
3 826 753 825 
3 754 753 826 
3 755 754 826 
3 827 819 820 
3 824 819 827 
3 828 824 827 
3 825 824 828 
3 826 825 828 
3 829 826 828 
3 755 826 829 
3 632 626 756 
3 756 755 829 
3 830 632 756 
3 633 632 830 
3 743 633 830 
3 831 743 830 
3 745 743 831 
3 832 745 831 
3 780 745 832 
3 833 830 756 
3 831 830 833 
3 834 831 833 
3 832 831 834 
3 835 756 829 
3 833 756 835 
3 836 829 828 
3 835 829 836 
3 836 828 827 
3 837 827 820 
3 836 827 837 
3 837 820 821 
3 838 821 822 
3 837 821 838 
3 839 822 823 
3 838 822 839 
3 840 833 835 
3 834 833 840 
3 841 835 836 
3 841 836 837 
3 840 835 841 
3 841 837 838 
3 842 838 839 
3 842 841 838 
3 840 841 842 
3 843 840 842 
3 834 840 843 
3 844 834 843 
3 832 834 844 
3 845 832 844 
3 780 832 845 
3 779 780 845 
3 846 839 823 
3 847 839 846 
3 848 823 814 
3 846 823 848 
3 848 814 812 
3 849 812 811 
3 848 812 849 
3 849 811 813 
3 850 779 845 
3 778 779 850 
3 851 778 850 
3 851 777 778 
3 776 777 851 
3 852 776 851 
3 775 776 852 
3 808 775 852 
3 853 808 852 
3 810 808 853 
3 854 810 853 
3 855 845 844 
3 850 845 855 
3 856 844 843 
3 855 844 856 
3 856 843 847 
3 857 847 846 
3 856 847 857 
3 857 846 848 
3 857 848 849 
3 858 849 813 
3 857 849 858 
3 854 813 810 
3 858 813 854 
3 859 853 852 
3 854 853 859 
3 859 852 851 
3 859 851 850 
3 859 850 855 
3 854 859 855 
3 858 854 855 
3 858 855 856 
3 857 858 856 
3 575 716 577 
3 716 575 683 
3 685 752 750 
3 684 685 610 
3 847 842 839 
3 842 847 843 
3 860 318 316 
3 502 503 861 
3 862 502 861 
3 620 502 862 
3 862 861 863 
3 864 860 316 
3 865 860 864 
3 864 316 314 
3 866 865 864 
3 867 865 866 
3 868 867 866 
3 869 867 868 
3 870 497 499 
3 871 497 870 
3 872 499 515 
3 870 499 872 
3 875 874 873 
3 876 874 875 
3 877 515 519 
3 872 515 877 
3 878 871 870 
3 879 871 878 
3 880 519 521 
3 877 519 880 
3 881 521 523 
3 880 521 881 
3 882 523 525 
3 881 523 882 
3 883 876 875 
3 884 876 883 
3 885 884 883 
3 886 884 885 
3 887 886 885 
3 888 886 887 
3 889 879 878 
3 890 879 889 
3 891 525 527 
3 882 525 891 
3 892 527 529 
3 891 527 892 
3 893 529 531 
3 892 529 893 
3 895 120 894 
3 119 120 895 
3 896 119 895 
3 117 119 896 
3 897 117 896 
3 115 117 897 
3 898 115 897 
3 113 115 898 
3 899 113 898 
3 110 113 899 
3 900 110 899 
3 108 110 900 
3 901 108 900 
3 902 108 901 
3 903 902 901 
3 904 902 903 
3 905 904 903 
3 906 904 905 
3 909 908 907 
3 873 908 909 
3 910 873 909 
3 875 873 910 
3 912 894 911 
3 895 894 912 
3 913 890 889 
3 914 890 913 
3 915 914 913 
3 916 914 915 
3 917 916 915 
3 918 916 917 
3 919 918 917 
3 922 921 920 
3 923 921 922 
3 925 920 924 
3 922 920 925 
3 927 924 926 
3 925 924 927 
3 928 531 533 
3 893 531 928 
3 930 926 929 
3 927 926 930 
3 931 864 314 
3 866 864 931 
3 931 314 932 
3 934 911 933 
3 912 911 934 
3 935 933 888 
3 934 933 935 
3 935 888 887 
3 936 533 535 
3 928 533 936 
3 937 535 537 
3 936 535 937 
3 938 537 539 
3 937 537 938 
3 939 539 541 
3 938 539 939 
3 940 541 543 
3 939 541 940 
3 941 543 545 
3 940 543 941 
3 942 545 601 
3 941 545 942 
3 943 923 922 
3 944 923 943 
3 945 869 868 
3 907 869 945 
3 909 907 945 
3 946 919 917 
3 947 919 946 
3 948 947 946 
3 949 947 948 
3 950 949 948 
3 951 949 950 
3 952 951 950 
3 953 951 952 
3 954 953 952 
3 955 953 954 
3 956 955 954 
3 957 955 956 
3 958 957 956 
3 959 957 958 
3 960 959 958 
3 961 959 960 
3 962 961 960 
3 963 961 962 
3 964 963 962 
3 965 963 964 
3 966 620 862 
3 619 620 966 
3 967 944 943 
3 968 944 967 
3 969 965 964 
3 970 965 969 
3 971 968 967 
3 972 968 971 
3 973 972 971 
3 974 972 973 
3 975 974 973 
3 976 974 975 
3 977 976 975 
3 978 976 977 
3 979 978 977 
3 980 978 979 
3 981 980 979 
3 982 980 981 
3 983 982 981 
3 984 982 983 
3 985 984 983 
3 986 984 985 
3 987 986 985 
3 988 986 987 
3 989 988 987 
3 990 988 989 
3 991 990 989 
3 992 990 991 
3 993 992 991 
3 994 992 993 
3 995 994 993 
3 996 994 995 
3 997 996 995 
3 998 996 997 
3 999 970 969 
3 1000 970 999 
3 1001 1000 999 
3 1002 1000 1001 
3 1003 1002 1001 
3 1004 1002 1003 
3 1005 1004 1003 
3 1006 1004 1005 
3 1007 1006 1005 
3 1008 1006 1007 
3 1009 1008 1007 
3 1010 1008 1009 
3 1011 1010 1009 
3 1012 1010 1011 
3 1013 1012 1011 
3 1014 1012 1013 
3 1015 1014 1013 
3 1016 1014 1015 
3 1017 1016 1015 
3 1018 1016 1017 
3 1019 1018 1017 
3 1020 1018 1019 
3 1021 1020 1019 
3 292 1020 1021 
3 1022 292 1021 
3 287 292 1022 
3 1023 287 1022 
3 284 287 1023 
3 1024 284 1023 
3 260 284 1024 
3 1025 260 1024 
3 252 260 1025 
3 1026 252 1025 
3 251 252 1026 
3 1027 251 1026 
3 1028 251 1027 
3 1029 1028 1027 
3 1030 1028 1029 
3 929 1030 1029 
3 1031 929 1029 
3 930 929 1031 
3 1032 998 997 
3 1033 998 1032 
3 1034 601 603 
3 942 601 1034 
3 1035 603 605 
3 1034 603 1035 
3 1036 605 607 
3 1035 605 1036 
3 1037 607 609 
3 1036 607 1037 
3 1038 609 611 
3 1037 609 1038 
3 1039 611 613 
3 1038 611 1039 
3 1040 613 615 
3 1039 613 1040 
3 1041 615 617 
3 1040 615 1041 
3 1042 617 619 
3 1041 617 1042 
3 1043 619 966 
3 1042 619 1043 
3 1046 1045 1044 
3 1047 1045 1046 
3 1049 1044 1048 
3 1046 1044 1049 
3 1051 1048 1050 
3 1049 1048 1051 
3 1053 1050 1052 
3 1051 1050 1053 
3 1055 1052 1054 
3 1053 1052 1055 
3 1057 1054 1056 
3 1055 1054 1057 
3 1059 1056 1058 
3 1057 1056 1059 
3 1061 1058 1060 
3 1059 1058 1061 
3 1063 1060 1062 
3 1061 1060 1063 
3 1064 1062 906 
3 1063 1062 1064 
3 1064 906 905 
3 1065 862 863 
3 966 862 1065 
3 1067 863 1066 
3 1065 863 1067 
3 1069 1066 1068 
3 1067 1066 1069 
3 1071 1068 1070 
3 1069 1068 1071 
3 1072 1033 1032 
3 1073 1033 1072 
3 932 1033 1073 
3 931 932 1073 
3 1075 1070 1074 
3 1076 1070 1075 
3 1071 1070 1076 
3 1078 1074 1077 
3 1075 1074 1078 
3 1080 1077 1079 
3 1078 1077 1080 
3 1082 1079 1081 
3 1080 1079 1082 
3 1084 1081 1083 
3 1082 1081 1084 
3 1086 1083 1085 
3 1084 1083 1086 
3 1088 1085 1087 
3 1086 1085 1088 
3 1089 1087 1047 
3 1088 1087 1089 
3 1090 1047 1046 
3 1089 1047 1090 
3 1091 870 872 
3 878 870 1091 
3 1092 872 877 
3 1091 872 1092 
3 1093 877 880 
3 1092 877 1093 
3 1094 875 910 
3 883 875 1094 
3 1095 909 945 
3 910 909 1095 
3 1094 910 1095 
3 1096 880 881 
3 1093 880 1096 
3 1097 881 882 
3 1096 881 1097 
3 1098 882 891 
3 1097 882 1098 
3 1099 878 1091 
3 889 878 1099 
3 1099 1091 1092 
3 1100 895 912 
3 896 895 1100 
3 897 896 1100 
3 1101 883 1094 
3 885 883 1101 
3 1102 885 1101 
3 887 885 1102 
3 1103 866 931 
3 868 866 1103 
3 1103 931 1073 
3 1104 868 1103 
3 945 868 1104 
3 1095 945 1104 
3 1105 1073 1072 
3 1103 1073 1105 
3 1104 1103 1105 
3 1106 1104 1105 
3 1095 1104 1106 
3 1094 1095 1106 
3 1101 1094 1106 
3 1107 1105 1072 
3 1106 1105 1107 
3 1101 1106 1107 
3 1102 1101 1107 
3 1108 1072 1032 
3 1108 1107 1072 
3 1102 1107 1108 
3 1109 891 892 
3 1098 891 1109 
3 1110 892 893 
3 1109 892 1110 
3 1111 893 928 
3 1110 893 1111 
3 1112 889 1099 
3 913 889 1112 
3 1113 1032 997 
3 1108 1032 1113 
3 1114 966 1065 
3 1043 966 1114 
3 1114 1065 1067 
3 1115 1067 1069 
3 1114 1067 1115 
3 1116 1069 1071 
3 1115 1069 1116 
3 1117 1071 1076 
3 1116 1071 1117 
3 1118 912 934 
3 1100 912 1118 
3 1119 922 925 
3 943 922 1119 
3 1120 913 1112 
3 915 913 1120 
3 1121 915 1120 
3 917 915 1121 
3 946 917 1121 
3 1122 943 1119 
3 967 943 1122 
3 1123 925 927 
3 1119 925 1123 
3 1124 1119 1123 
3 1122 1119 1124 
3 1125 927 930 
3 1123 927 1125 
3 1126 930 1031 
3 1125 930 1126 
3 1127 1123 1125 
3 1124 1123 1127 
3 1128 1125 1126 
3 1127 1125 1128 
3 1129 928 936 
3 1111 928 1129 
3 1130 936 937 
3 1129 936 1130 
3 1131 937 938 
3 1130 937 1131 
3 1132 938 939 
3 1131 938 1132 
3 1133 939 940 
3 1132 939 1133 
3 1134 940 941 
3 1133 940 1134 
3 1135 941 942 
3 1134 941 1135 
3 1136 942 1034 
3 1135 942 1136 
3 1137 887 1102 
3 935 887 1137 
3 1137 1102 1108 
3 1137 1108 1113 
3 1138 934 935 
3 1118 934 1138 
3 1138 935 1137 
3 1138 1137 1113 
3 1139 1092 1093 
3 1099 1092 1139 
3 1140 1099 1139 
3 1112 1099 1140 
3 1141 1112 1140 
3 1120 1112 1141 
3 1142 1093 1096 
3 1139 1093 1142 
3 1143 1096 1097 
3 1142 1096 1143 
3 1144 1097 1098 
3 1143 1097 1144 
3 1145 1098 1109 
3 1144 1098 1145 
3 1146 1109 1110 
3 1145 1109 1146 
3 1147 1110 1111 
3 1146 1110 1147 
3 1148 1111 1129 
3 1147 1111 1148 
3 1149 1139 1142 
3 1140 1139 1149 
3 1141 1140 1149 
3 1150 1142 1143 
3 1149 1142 1150 
3 1151 1143 1144 
3 1150 1143 1151 
3 1151 1144 1145 
3 1152 1120 1141 
3 1121 1120 1152 
3 1153 1121 1152 
3 946 1121 1153 
3 948 946 1153 
3 1154 897 1100 
3 898 897 1154 
3 1154 1100 1155 
3 1156 898 1154 
3 899 898 1156 
3 1157 899 1156 
3 900 899 1157 
3 1158 900 1157 
3 901 900 1158 
3 1159 901 1158 
3 1160 1129 1130 
3 1148 1129 1160 
3 1161 1130 1131 
3 1160 1130 1161 
3 1162 1131 1132 
3 1161 1131 1162 
3 1163 1132 1133 
3 1162 1132 1163 
3 1164 1133 1134 
3 1163 1133 1164 
3 1165 1134 1135 
3 1164 1134 1165 
3 1166 1135 1136 
3 1165 1135 1166 
3 1167 903 901 
3 905 903 1167 
3 1168 905 1167 
3 1064 905 1168 
3 1169 967 1122 
3 971 967 1169 
3 1170 1122 1124 
3 1169 1122 1170 
3 1090 1124 1127 
3 1170 1124 1090 
3 1089 1090 1127 
3 1170 1090 1046 
3 1089 1127 1128 
3 1170 1046 1049 
3 1088 1089 1128 
3 1169 1170 1049 
3 1171 1128 1126 
3 1088 1128 1171 
3 1169 1049 1051 
3 1086 1088 1171 
3 971 1169 1051 
3 1172 1126 1031 
3 1053 971 1051 
3 1171 1126 1172 
3 973 971 1053 
3 1173 1171 1172 
3 1086 1171 1173 
3 973 1053 1055 
3 1084 1086 1173 
3 975 973 1055 
3 1174 1084 1173 
3 1082 1084 1174 
3 975 1055 1057 
3 1174 1173 1172 
3 977 975 1057 
3 1175 1082 1174 
3 1080 1082 1175 
3 977 1057 1059 
3 1176 1080 1175 
3 1078 1080 1176 
3 979 977 1059 
3 1177 1031 1029 
3 979 1059 1061 
3 1172 1031 1177 
3 981 979 1061 
3 1174 1172 1177 
3 981 1061 1063 
3 1177 1029 1027 
3 983 981 1063 
3 1178 1174 1177 
3 1175 1174 1178 
3 983 1063 1064 
3 1178 1177 1027 
3 983 1064 1168 
3 1178 1027 1026 
3 985 983 1168 
3 1179 1175 1178 
3 1176 1175 1179 
3 987 985 1168 
3 1179 1178 1026 
3 987 1168 1167 
3 1180 1026 1025 
3 1179 1026 1180 
3 989 987 1159 
3 1176 1179 1180 
3 1181 1159 1158 
3 989 1159 1181 
3 1182 1176 1180 
3 1183 989 1181 
3 991 989 1183 
3 1078 1176 1182 
3 1184 1158 1157 
3 1181 1158 1184 
3 1075 1078 1182 
3 1185 1157 1156 
3 1184 1157 1185 
3 1186 1180 1025 
3 1182 1180 1186 
3 1187 1181 1184 
3 1183 1181 1187 
3 1186 1025 1024 
3 1187 1184 1185 
3 1188 1182 1186 
3 1075 1182 1188 
3 1189 1156 1154 
3 1185 1156 1189 
3 1076 1075 1188 
3 1189 1154 1155 
3 1190 1076 1188 
3 1117 1076 1190 
3 1191 1118 1138 
3 1192 1155 1191 
3 1193 1186 1024 
3 1188 1186 1193 
3 1191 1138 1113 
3 1190 1188 1193 
3 1194 1113 997 
3 1191 1113 1194 
3 1193 1024 1023 
3 1194 997 995 
3 1195 1193 1023 
3 1190 1193 1195 
3 1192 1191 1194 
3 1189 1155 1192 
3 1195 1023 1022 
3 1196 1189 1192 
3 1185 1189 1196 
3 1197 1190 1195 
3 1117 1190 1197 
3 1187 1185 1196 
3 1198 1117 1197 
3 1116 1117 1198 
3 1199 1192 1194 
3 1200 1195 1022 
3 1197 1195 1200 
3 1196 1192 1199 
3 1201 1022 1021 
3 1200 1022 1201 
3 1199 1194 995 
3 1202 1197 1200 
3 1198 1197 1202 
3 1199 995 993 
3 1203 1200 1201 
3 1202 1200 1203 
3 1204 993 991 
3 1205 1116 1198 
3 1115 1116 1205 
3 1204 991 1183 
3 1114 1115 1205 
3 1187 1204 1183 
3 1196 1204 1187 
3 1043 1114 1205 
3 1206 1198 1202 
3 1205 1198 1206 
3 1207 1205 1206 
3 1043 1205 1207 
3 1042 1043 1207 
3 1208 1202 1203 
3 1206 1202 1208 
3 1207 1206 1208 
3 1209 1042 1207 
3 1041 1042 1209 
3 1209 1207 1208 
3 1210 1021 1019 
3 1201 1021 1210 
3 1203 1201 1210 
3 1211 1203 1210 
3 1208 1203 1211 
3 1209 1208 1211 
3 1212 1019 1017 
3 1210 1019 1212 
3 1211 1210 1212 
3 1213 1211 1212 
3 1209 1211 1213 
3 1214 1209 1213 
3 1041 1209 1214 
3 1040 1041 1214 
3 1215 1017 1015 
3 1212 1017 1215 
3 1216 1212 1215 
3 1213 1212 1216 
3 1217 1015 1013 
3 1215 1015 1217 
3 1218 1013 1011 
3 1217 1013 1218 
3 1219 1011 1009 
3 1218 1011 1219 
3 1219 1009 1007 
3 1220 1213 1216 
3 1214 1213 1220 
3 1040 1214 1220 
3 1221 1040 1220 
3 1039 1040 1221 
3 1222 1215 1217 
3 1216 1215 1222 
3 1220 1216 1222 
3 1221 1220 1222 
3 1223 1217 1218 
3 1222 1217 1223 
3 1224 1222 1223 
3 1221 1222 1224 
3 1225 1218 1219 
3 1223 1218 1225 
3 1226 1221 1224 
3 1039 1221 1226 
3 1038 1039 1226 
3 1227 1038 1226 
3 1037 1038 1227 
3 1228 1037 1227 
3 1036 1037 1228 
3 1229 1036 1228 
3 1035 1036 1229 
3 1230 1035 1229 
3 1230 1034 1035 
3 1136 1034 1230 
3 1231 1136 1230 
3 1166 1136 1231 
3 1232 1223 1225 
3 1224 1223 1232 
3 1233 1224 1232 
3 1233 1226 1224 
3 1227 1226 1233 
3 1234 1227 1233 
3 1228 1227 1234 
3 1235 1228 1234 
3 1229 1228 1235 
3 1230 1229 1235 
3 1231 1230 1235 
3 1236 1145 1146 
3 1151 1145 1236 
3 1237 1146 1147 
3 1236 1146 1237 
3 1238 1147 1148 
3 1237 1147 1238 
3 1239 1148 1160 
3 1238 1148 1239 
3 1240 1160 1161 
3 1239 1160 1240 
3 1241 1161 1162 
3 1240 1161 1241 
3 1242 1162 1163 
3 1241 1162 1242 
3 1243 1163 1164 
3 1242 1163 1243 
3 1244 1164 1165 
3 1243 1164 1244 
3 1245 1165 1166 
3 1244 1165 1245 
3 1246 1166 1231 
3 1247 1149 1150 
3 1141 1149 1247 
3 1152 1141 1247 
3 1248 1150 1151 
3 1247 1150 1248 
3 1248 1151 1236 
3 1249 1152 1247 
3 1153 1152 1249 
3 1249 1247 1250 
3 1251 1153 1249 
3 948 1153 1251 
3 950 948 1251 
3 1252 950 1251 
3 952 950 1252 
3 1253 952 1252 
3 954 952 1253 
3 1254 954 1253 
3 956 954 1254 
3 1255 956 1254 
3 958 956 1255 
3 1256 958 1255 
3 960 958 1256 
3 1257 960 1256 
3 962 960 1257 
3 1258 962 1257 
3 964 962 1258 
3 1259 964 1258 
3 969 964 1259 
3 1260 969 1259 
3 999 969 1260 
3 1261 1219 1007 
3 1225 1219 1261 
3 1261 1007 1005 
3 1262 1225 1261 
3 1232 1225 1262 
3 1263 1232 1262 
3 1233 1232 1263 
3 1234 1233 1263 
3 1264 1234 1263 
3 1235 1234 1264 
3 1231 1235 1264 
3 1265 1263 1262 
3 1264 1263 1265 
3 1246 1264 1265 
3 1231 1264 1246 
3 1245 1166 1246 
3 1266 1262 1261 
3 1265 1262 1266 
3 1266 1261 1005 
3 1267 1265 1266 
3 1246 1265 1267 
3 1268 1246 1267 
3 1245 1246 1268 
3 1269 1005 1003 
3 1266 1005 1269 
3 1270 1266 1269 
3 1267 1266 1270 
3 1268 1267 1270 
3 1271 1245 1268 
3 1244 1245 1271 
3 1272 1244 1271 
3 1243 1244 1272 
3 1273 1268 1270 
3 1271 1268 1273 
3 1274 1270 1269 
3 1273 1270 1274 
3 1275 1243 1272 
3 1242 1243 1275 
3 1276 1242 1275 
3 1241 1242 1276 
3 1277 1241 1276 
3 1240 1241 1277 
3 1278 1271 1273 
3 1272 1271 1278 
3 1279 1273 1274 
3 1278 1273 1279 
3 1280 1272 1278 
3 1275 1272 1280 
3 1281 1275 1280 
3 1276 1275 1281 
3 1282 1276 1281 
3 1277 1276 1282 
3 1283 1278 1279 
3 1280 1278 1283 
3 1284 1280 1283 
3 1281 1280 1284 
3 1285 1281 1284 
3 1282 1281 1285 
3 1286 1269 1003 
3 1274 1269 1286 
3 1286 1003 1001 
3 1279 1274 1286 
3 1287 1001 999 
3 1286 1001 1287 
3 1279 1286 1287 
3 1283 1279 1287 
3 1287 999 1260 
3 1283 1287 1260 
3 1284 1283 1260 
3 1259 1284 1260 
3 1285 1284 1259 
3 1288 1259 1258 
3 1285 1259 1288 
3 1289 1288 1257 
3 1288 1258 1257 
3 1289 1257 1256 
3 1290 1285 1288 
3 1282 1285 1290 
3 1290 1288 1289 
3 1291 1282 1290 
3 1277 1282 1291 
3 1292 1277 1291 
3 1240 1277 1292 
3 1239 1240 1292 
3 1293 1256 1255 
3 1289 1256 1293 
3 1294 1255 1254 
3 1293 1255 1294 
3 1295 1254 1253 
3 1296 1289 1293 
3 1290 1289 1296 
3 1297 1293 1294 
3 1296 1293 1297 
3 1298 1291 1296 
3 1291 1290 1296 
3 1292 1291 1298 
3 1298 1296 1297 
3 1299 1292 1298 
3 1239 1292 1299 
3 1238 1239 1299 
3 1300 1238 1299 
3 1237 1238 1300 
3 1301 1299 1298 
3 1300 1299 1301 
3 1301 1298 1297 
3 1302 1237 1300 
3 1236 1237 1302 
3 1248 1236 1302 
3 1303 1250 1302 
3 1304 1250 1303 
3 1304 1249 1250 
3 1251 1249 1304 
3 1305 1251 1304 
3 1252 1251 1305 
3 1295 1252 1305 
3 1253 1252 1295 
3 1294 1254 1295 
3 1306 1294 1295 
3 1297 1294 1306 
3 1301 1297 1306 
3 1307 1306 1305 
3 1306 1295 1305 
3 1307 1305 1304 
3 1301 1306 1307 
3 1303 1301 1307 
3 1300 1301 1303 
3 1302 1300 1303 
3 1304 1303 1307 
3 1159 1167 901 
3 1167 1159 987 
3 1204 1199 993 
3 1199 1204 1196 
3 1155 1118 1191 
3 1118 1155 1100 
3 1250 1248 1302 
3 1248 1250 1247 
3 463 466 1308 
3 1311 1310 1309 
3 1312 1311 1309 
3 1313 1311 1312 
3 1312 1309 1314 
3 1315 463 1308 
3 461 463 1315 
3 1315 1308 1316 
3 1319 1318 1317 
3 1320 1318 1319 
3 1322 1317 1321 
3 1319 1317 1322 
3 1324 1314 1323 
3 1312 1314 1324 
3 1326 1323 1325 
3 1324 1323 1326 
3 1327 1312 1324 
3 1313 1312 1327 
3 1328 1313 1327 
3 1329 461 1315 
3 459 461 1329 
3 1331 1321 1330 
3 1322 1321 1331 
3 1333 1330 1332 
3 1331 1330 1333 
3 1335 1332 1334 
3 1333 1332 1335 
3 1335 1334 1336 
3 1337 1320 1319 
3 1338 1320 1337 
3 1339 1338 1337 
3 1340 1338 1339 
3 1343 1342 1341 
3 1344 1342 1343 
3 1345 1328 1327 
3 1346 1328 1345 
3 1347 1340 1339 
3 1348 1340 1347 
3 1349 1348 1347 
3 1350 1348 1349 
3 1351 1350 1349 
3 1352 1350 1351 
3 1353 1352 1351 
3 1354 1352 1353 
3 1355 1354 1353 
3 1356 1354 1355 
3 1357 1356 1355 
3 1358 1356 1357 
3 1359 1358 1357 
3 1360 1358 1359 
3 1361 1360 1359 
3 1316 1360 1361 
3 1315 1316 1361 
3 1329 1315 1361 
3 1362 1344 1343 
3 1363 1344 1362 
3 1364 1363 1362 
3 1365 1363 1364 
3 1366 1365 1364 
3 1367 1365 1366 
3 1368 1367 1366 
3 1369 1367 1368 
3 1370 1369 1368 
3 1371 1369 1370 
3 1372 1371 1370 
3 1373 1371 1372 
3 1374 1373 1372 
3 1375 1373 1374 
3 1376 1375 1374 
3 1377 1375 1376 
3 1378 1377 1376 
3 1379 1377 1378 
3 1380 1379 1378 
3 1381 1379 1380 
3 1382 1346 1345 
3 1383 1346 1382 
3 1384 1383 1382 
3 1385 1383 1384 
3 1386 1385 1384 
3 1387 1385 1386 
3 1388 459 1329 
3 450 459 1388 
3 1390 1341 1389 
3 1343 1341 1390 
3 1392 1389 1391 
3 1390 1389 1392 
3 1394 1391 1393 
3 1392 1391 1394 
3 1396 1393 1395 
3 1394 1393 1396 
3 1397 1381 1380 
3 1325 1381 1397 
3 1326 1325 1397 
3 1398 1387 1386 
3 1399 1387 1398 
3 1401 1336 1400 
3 1335 1336 1401 
3 1403 1400 1402 
3 1401 1400 1403 
3 1405 1402 1404 
3 1403 1402 1405 
3 1407 1404 1406 
3 1405 1404 1407 
3 1410 1409 1408 
3 1411 1409 1410 
3 1412 1411 1410 
3 1413 1411 1412 
3 1415 1408 1414 
3 1410 1408 1415 
3 1417 1414 1416 
3 1415 1414 1417 
3 1418 1413 1412 
3 1419 1413 1418 
3 1421 1406 1420 
3 1407 1406 1421 
3 1423 1420 1422 
3 1421 1420 1423 
3 1425 1422 1424 
3 1423 1422 1425 
3 1427 1424 1426 
3 1425 1424 1427 
3 1428 1426 1399 
3 1427 1426 1428 
3 1428 1399 1398 
3 1429 450 1388 
3 446 450 1429 
3 1430 446 1429 
3 412 446 1430 
3 1431 412 1430 
3 411 412 1431 
3 1432 411 1431 
3 1416 411 1432 
3 1417 1416 1432 
3 1433 1419 1418 
3 1395 1419 1433 
3 1434 1395 1433 
3 1396 1395 1434 
3 1435 1327 1324 
3 1345 1327 1435 
3 1435 1324 1326 
3 1436 1326 1397 
3 1436 1435 1326 
3 1345 1435 1436 
3 1382 1345 1436 
3 1437 1329 1361 
3 1388 1329 1437 
3 1437 1361 1359 
3 1438 1359 1357 
3 1437 1359 1438 
3 1439 1437 1438 
3 1388 1437 1439 
3 1429 1388 1439 
3 1440 1357 1355 
3 1438 1357 1440 
3 1441 1355 1353 
3 1440 1355 1441 
3 1442 1353 1351 
3 1441 1353 1442 
3 1443 1351 1349 
3 1442 1351 1443 
3 1444 1349 1347 
3 1445 1319 1322 
3 1337 1319 1445 
3 1446 1322 1331 
3 1445 1322 1446 
3 1447 1337 1445 
3 1339 1337 1447 
3 1448 1445 1446 
3 1447 1445 1448 
3 1449 1438 1440 
3 1439 1438 1449 
3 1450 1440 1441 
3 1449 1440 1450 
3 1451 1441 1442 
3 1450 1441 1451 
3 1452 1442 1443 
3 1451 1442 1452 
3 1453 1439 1449 
3 1429 1439 1453 
3 1430 1429 1453 
3 1454 1449 1450 
3 1453 1449 1454 
3 1455 1450 1451 
3 1454 1450 1455 
3 1456 1451 1452 
3 1455 1451 1456 
3 1457 1343 1390 
3 1362 1343 1457 
3 1458 1362 1457 
3 1364 1362 1458 
3 1459 1390 1392 
3 1457 1390 1459 
3 1460 1392 1394 
3 1459 1392 1460 
3 1461 1364 1458 
3 1366 1364 1461 
3 1462 1453 1454 
3 1430 1453 1462 
3 1431 1430 1462 
3 1463 1431 1462 
3 1432 1431 1463 
3 1464 1454 1455 
3 1462 1454 1464 
3 1465 1462 1464 
3 1463 1462 1465 
3 1466 1455 1456 
3 1464 1455 1466 
3 1467 1464 1466 
3 1465 1464 1467 
3 1468 1432 1463 
3 1417 1432 1468 
3 1469 1463 1465 
3 1468 1463 1469 
3 1469 1465 1467 
3 1470 1457 1459 
3 1458 1457 1470 
3 1471 1459 1460 
3 1470 1459 1471 
3 1472 1458 1470 
3 1461 1458 1472 
3 1473 1470 1471 
3 1472 1470 1473 
3 1474 1331 1333 
3 1446 1331 1474 
3 1475 1446 1474 
3 1448 1446 1475 
3 1476 1333 1335 
3 1474 1333 1476 
3 1476 1335 1401 
3 1477 1474 1476 
3 1475 1474 1477 
3 1478 1476 1401 
3 1477 1476 1478 
3 1478 1401 1403 
3 1479 1403 1405 
3 1478 1403 1479 
3 1480 1405 1407 
3 1479 1405 1480 
3 1481 1394 1396 
3 1460 1394 1481 
3 1471 1460 1481 
3 1482 1396 1434 
3 1481 1396 1482 
3 1483 1339 1447 
3 1347 1339 1483 
3 1443 1349 1444 
3 1484 1443 1444 
3 1452 1443 1484 
3 1485 1452 1484 
3 1456 1452 1485 
3 1486 1456 1485 
3 1466 1456 1486 
3 1487 1466 1486 
3 1467 1466 1487 
3 1488 1447 1448 
3 1483 1447 1488 
3 1489 1483 1488 
3 1484 1444 1489 
3 1485 1484 1489 
3 1490 1448 1475 
3 1488 1448 1490 
3 1491 1488 1490 
3 1489 1488 1491 
3 1485 1489 1491 
3 1486 1485 1491 
3 1492 1486 1491 
3 1487 1486 1493 
3 1492 1491 1490 
3 1493 1486 1492 
3 1494 1490 1475 
3 1492 1490 1494 
3 1494 1475 1477 
3 1495 1477 1478 
3 1494 1477 1495 
3 1496 1478 1479 
3 1495 1478 1496 
3 1497 1494 1495 
3 1492 1494 1497 
3 1493 1492 1497 
3 1498 1479 1480 
3 1496 1479 1498 
3 1499 1471 1481 
3 1473 1471 1499 
3 1499 1481 1482 
3 1500 1467 1487 
3 1469 1467 1500 
3 1501 1487 1493 
3 1500 1487 1501 
3 1502 1493 1497 
3 1501 1493 1502 
3 1503 1366 1461 
3 1368 1366 1503 
3 1504 1461 1472 
3 1503 1461 1504 
3 1505 1472 1473 
3 1504 1472 1505 
3 1506 1473 1499 
3 1505 1473 1506 
3 1507 1382 1436 
3 1384 1382 1507 
3 1507 1436 1397 
3 1507 1397 1380 
3 1508 1380 1378 
3 1507 1380 1508 
3 1509 1507 1508 
3 1384 1507 1509 
3 1386 1384 1509 
3 1510 1378 1376 
3 1508 1378 1510 
3 1511 1376 1374 
3 1510 1376 1511 
3 1512 1374 1372 
3 1511 1374 1512 
3 1513 1372 1370 
3 1512 1372 1513 
3 1514 1370 1368 
3 1513 1370 1514 
3 1514 1368 1503 
3 1515 1508 1510 
3 1509 1508 1515 
3 1516 1509 1515 
3 1386 1509 1516 
3 1398 1386 1516 
3 1517 1510 1511 
3 1515 1510 1517 
3 1518 1511 1512 
3 1517 1511 1518 
3 1519 1512 1513 
3 1518 1512 1519 
3 1519 1513 1514 
3 1520 1515 1517 
3 1516 1515 1520 
3 1521 1516 1520 
3 1398 1516 1521 
3 1522 1398 1521 
3 1428 1398 1522 
3 1523 1517 1518 
3 1520 1517 1523 
3 1524 1520 1523 
3 1521 1520 1524 
3 1522 1521 1524 
3 1525 1518 1519 
3 1523 1518 1525 
3 1526 1523 1525 
3 1524 1523 1526 
3 1527 1514 1503 
3 1519 1514 1527 
3 1527 1503 1504 
3 1525 1519 1527 
3 1528 1525 1527 
3 1526 1525 1528 
3 1529 1527 1504 
3 1528 1527 1529 
3 1529 1504 1505 
3 1530 1505 1506 
3 1529 1505 1530 
3 1531 1529 1530 
3 1528 1529 1531 
3 1532 1524 1526 
3 1522 1524 1532 
3 1533 1526 1528 
3 1532 1526 1533 
3 1533 1528 1531 
3 1534 1522 1532 
3 1428 1522 1534 
3 1427 1428 1534 
3 1535 1427 1534 
3 1425 1427 1535 
3 1536 1425 1535 
3 1423 1425 1536 
3 1537 1423 1536 
3 1421 1423 1537 
3 1538 1532 1533 
3 1534 1532 1538 
3 1535 1534 1538 
3 1539 1533 1531 
3 1538 1533 1539 
3 1540 1531 1530 
3 1539 1531 1540 
3 1541 1538 1539 
3 1535 1538 1541 
3 1542 1535 1541 
3 1536 1535 1542 
3 1537 1536 1542 
3 1543 1530 1506 
3 1540 1530 1543 
3 1544 1506 1499 
3 1543 1506 1544 
3 1544 1499 1482 
3 1545 1421 1537 
3 1407 1421 1545 
3 1480 1407 1545 
3 1546 1539 1540 
3 1541 1539 1546 
3 1547 1540 1543 
3 1546 1540 1547 
3 1548 1543 1544 
3 1547 1543 1548 
3 1549 1544 1482 
3 1548 1544 1549 
3 1550 1482 1434 
3 1549 1482 1550 
3 1550 1434 1433 
3 1551 1541 1546 
3 1542 1541 1551 
3 1552 1542 1551 
3 1537 1542 1552 
3 1545 1537 1552 
3 1553 1546 1547 
3 1551 1546 1553 
3 1554 1547 1548 
3 1553 1547 1554 
3 1555 1548 1549 
3 1554 1548 1555 
3 1556 1480 1545 
3 1498 1480 1556 
3 1556 1545 1552 
3 1557 1552 1551 
3 1556 1552 1557 
3 1557 1551 1553 
3 1558 1553 1554 
3 1557 1553 1558 
3 1559 1554 1555 
3 1558 1554 1559 
3 1560 1557 1558 
3 1556 1557 1560 
3 1561 1558 1559 
3 1560 1558 1561 
3 1562 1556 1560 
3 1498 1556 1562 
3 1563 1560 1561 
3 1562 1560 1563 
3 1564 1498 1562 
3 1496 1498 1564 
3 1495 1496 1565 
3 1497 1495 1565 
3 1502 1497 1565 
3 1566 1562 1563 
3 1564 1562 1566 
3 1567 1564 1566 
3 1502 1565 1567 
3 1568 1502 1567 
3 1501 1502 1568 
3 1569 1501 1568 
3 1500 1501 1569 
3 1570 1500 1569 
3 1469 1500 1570 
3 1468 1469 1570 
3 1571 1468 1570 
3 1417 1468 1571 
3 1572 1417 1571 
3 1415 1417 1572 
3 1573 1415 1572 
3 1410 1415 1573 
3 1574 1410 1573 
3 1412 1410 1574 
3 1418 1412 1574 
3 1575 1567 1566 
3 1568 1567 1575 
3 1576 1568 1575 
3 1569 1568 1576 
3 1577 1569 1576 
3 1570 1569 1577 
3 1571 1570 1577 
3 1578 1571 1577 
3 1572 1571 1578 
3 1579 1572 1578 
3 1573 1572 1579 
3 1580 1573 1579 
3 1574 1573 1580 
3 1581 1574 1580 
3 1418 1574 1581 
3 1433 1418 1581 
3 1550 1433 1581 
3 1549 1550 1582 
3 1555 1549 1582 
3 1583 1555 1582 
3 1559 1555 1583 
3 1561 1559 1583 
3 1584 1561 1583 
3 1563 1561 1584 
3 1566 1563 1585 
3 1575 1566 1585 
3 1586 1577 1576 
3 1578 1577 1586 
3 1586 1576 1575 
3 1586 1575 1585 
3 1579 1578 1586 
3 1579 1586 1585 
3 1580 1579 1584 
3 1580 1584 1583 
3 1580 1583 1582 
3 1582 1581 1580 
3 1550 1581 1582 
3 1444 1483 1489 
3 1483 1444 1347 
3 1565 1564 1567 
3 1564 1565 1496 
3 1584 1585 1563 
3 1585 1584 1579 
3 1589 1588 1587 
3 1592 1591 1590 
3 1593 1592 1590 
3 1593 1590 1594 
3 1595 1593 1594 
3 1595 1594 1596 
3 1597 1595 1596 
3 1598 1595 1597 
3 1597 1596 1599 
3 1601 1599 1600 
3 1597 1599 1601 
3 1602 1589 1587 
3 1603 1589 1602 
3 1602 1587 1604 
3 1606 1604 1605 
3 1602 1604 1606 
3 1607 1602 1606 
3 1603 1602 1607 
3 1608 1603 1607 
3 1609 1608 1607 
3 1610 1608 1609 
3 1611 1610 1609 
3 1612 1610 1611 
3 1613 1612 1611 
3 1614 1612 1613 
3 1615 1614 1613 
3 1616 1614 1615 
3 1619 1618 1617 
3 1620 1618 1619 
3 1622 1600 1621 
3 1601 1600 1622 
3 1624 1621 1623 
3 1622 1621 1624 
3 1626 1623 1625 
3 1624 1623 1626 
3 1598 1597 1601 
3 1627 1598 1601 
3 1628 1627 1601 
3 1628 1601 1622 
3 1629 1622 1624 
3 1628 1622 1629 
3 1630 1628 1629 
3 1631 1630 1629 
3 1632 1630 1631 
3 1633 1632 1631 
3 1634 1632 1633 
3 1635 1634 1633 
3 1636 1634 1635 
3 1637 1636 1635 
3 1638 1636 1637 
3 1639 1638 1637 
3 1617 1638 1639 
3 1619 1617 1639 
3 1640 1620 1619 
3 1641 1620 1640 
3 1642 1641 1640 
3 1643 1641 1642 
3 1645 1643 1644 
3 1646 1643 1645 
3 1647 1646 1645 
3 1648 1646 1647 
3 1650 1605 1649 
3 1606 1605 1650 
3 1652 1649 1651 
3 1650 1649 1652 
3 1652 1651 1653 
3 1655 1653 1654 
3 1652 1653 1655 
3 1656 1616 1615 
3 1657 1616 1656 
3 1658 1657 1656 
3 1659 1657 1658 
3 1660 1659 1658 
3 1661 1659 1660 
3 1662 1661 1660 
3 1663 1661 1662 
3 1664 1663 1662 
3 1665 1663 1664 
3 1666 1665 1664 
3 1667 1665 1666 
3 1668 1667 1666 
3 1669 1667 1668 
3 1671 1625 1670 
3 1626 1625 1671 
3 1637 1670 1672 
3 1639 1637 1672 
3 1639 1672 1673 
3 1619 1639 1673 
3 1619 1673 1674 
3 1640 1619 1674 
3 1640 1674 1675 
3 1642 1640 1675 
3 1642 1675 1644 
3 1643 1642 1644 
3 1645 1644 1676 
3 1647 1645 1676 
3 1647 1676 1677 
3 1678 1669 1668 
3 1679 1669 1678 
3 1680 1679 1678 
3 1681 1679 1680 
3 1682 1681 1680 
3 1648 1647 1677 
3 1648 1677 1683 
3 1684 1648 1683 
3 1684 1683 1685 
3 1686 1684 1685 
3 1687 1686 1685 
3 1688 1686 1687 
3 1687 1685 1689 
3 1691 1689 1690 
3 1687 1689 1691 
3 1693 1690 1692 
3 1691 1690 1693 
3 1694 1687 1691 
3 1688 1687 1694 
3 1695 1688 1694 
3 1697 1692 1696 
3 1693 1692 1697 
3 1699 1696 1698 
3 1697 1696 1699 
3 1701 1698 1700 
3 1699 1698 1701 
3 1703 1700 1702 
3 1701 1700 1703 
3 1705 1702 1704 
3 1703 1702 1705 
3 1707 1704 1706 
3 1705 1704 1707 
3 1709 1706 1708 
3 1707 1706 1709 
3 1711 1708 1710 
3 1709 1708 1711 
3 1713 1710 1712 
3 1711 1710 1713 
3 1715 1712 1714 
3 1713 1712 1715 
3 1716 1714 1682 
3 1715 1714 1716 
3 1717 1682 1680 
3 1716 1682 1717 
3 1718 1695 1694 
3 1719 1695 1718 
3 1720 1719 1718 
3 1721 1719 1720 
3 1722 1721 1720 
3 1723 1721 1722 
3 1724 1723 1722 
3 1725 1723 1724 
3 1726 1725 1724 
3 1727 1725 1726 
3 1728 1727 1726 
3 1729 1727 1728 
3 1730 1729 1728 
3 1731 1729 1730 
3 1732 1731 1730 
3 1733 1731 1732 
3 1734 1733 1732 
3 1735 1733 1734 
3 1736 1735 1734 
3 1737 1735 1736 
3 1738 1737 1736 
3 1739 1737 1738 
3 1740 1739 1738 
3 1741 1739 1740 
3 1742 1741 1740 
3 1743 1741 1742 
3 1744 1743 1742 
3 1745 1743 1744 
3 1746 1745 1744 
3 1747 1745 1746 
3 1748 1747 1746 
3 1749 1747 1748 
3 1750 1749 1748 
3 1751 1749 1750 
3 1752 1751 1750 
3 1753 1751 1752 
3 1755 1654 1754 
3 1655 1654 1755 
3 1757 1754 1756 
3 1755 1754 1757 
3 1759 1756 1758 
3 1757 1756 1759 
3 1760 1758 1753 
3 1759 1758 1760 
3 1671 1670 1637 
3 1760 1753 1752 
3 1671 1637 1635 
3 1693 1694 1691 
3 1631 1629 1624 
3 1718 1694 1693 
3 1631 1624 1626 
3 1718 1693 1697 
3 1633 1631 1626 
3 1720 1718 1697 
3 1671 1633 1626 
3 1635 1633 1671 
3 1720 1697 1699 
3 1722 1720 1699 
3 1722 1699 1701 
3 1724 1722 1701 
3 1724 1701 1703 
3 1726 1724 1703 
3 1726 1703 1705 
3 1728 1726 1705 
3 1728 1705 1707 
3 1730 1728 1707 
3 1730 1707 1709 
3 1732 1730 1709 
3 1732 1709 1711 
3 1734 1711 1713 
3 1734 1732 1711 
3 1736 1734 1713 
3 1736 1713 1715 
3 1736 1715 1716 
3 1738 1736 1716 
3 1738 1716 1717 
3 1740 1738 1717 
3 1740 1717 1680 
3 1742 1740 1680 
3 1742 1680 1678 
3 1744 1742 1678 
3 1744 1678 1668 
3 1746 1744 1668 
3 1746 1668 1666 
3 1748 1746 1666 
3 1748 1666 1664 
3 1750 1748 1664 
3 1750 1664 1662 
3 1752 1750 1662 
3 1752 1662 1660 
3 1752 1660 1658 
3 1760 1752 1658 
3 1760 1658 1656 
3 1759 1760 1656 
3 1757 1759 1656 
3 1757 1656 1615 
3 1755 1757 1615 
3 1755 1615 1613 
3 1761 1613 1611 
3 1755 1613 1761 
3 1655 1755 1761 
3 1762 1606 1650 
3 1607 1606 1762 
3 1609 1607 1762 
3 1763 1655 1761 
3 1652 1655 1763 
3 1650 1652 1763 
3 1762 1650 1763 
3 1763 1761 1611 
3 1609 1763 1611 
3 1762 1763 1609 
3 1766 1765 1764 
3 1769 1768 1767 
3 1769 1767 489 
3 489 1767 1770 
3 488 489 1770 
3 488 1770 1771 
3 507 488 1771 
3 507 1771 1772 
3 597 507 1772 
3 597 1772 1773 
3 595 597 1773 
3 595 1773 1774 
3 593 595 1774 
3 593 1774 1775 
3 591 593 1775 
3 591 1775 1776 
3 589 591 1776 
3 589 1776 1777 
3 587 589 1777 
3 587 1777 1778 
3 585 587 1778 
3 585 1778 1779 
3 583 585 1779 
3 583 1779 1780 
3 581 583 1780 
3 581 1780 1781 
3 580 581 1781 
3 580 1781 1782 
3 578 580 1782 
3 578 1782 1783 
3 576 578 1783 
3 576 1783 1784 
3 574 576 1784 
3 574 1784 1785 
3 573 574 1785 
3 573 1785 1599 
3 1786 573 1599 
3 1787 573 1786 
3 1786 1599 1596 
3 1788 1766 1764 
3 1789 1766 1788 
3 1788 1764 1790 
3 1791 1787 1786 
3 1792 1787 1791 
3 1791 1786 1596 
3 1791 1596 1594 
3 1793 1789 1788 
3 1794 1789 1793 
3 1795 1794 1793 
3 1796 1794 1795 
3 1797 1791 1594 
3 1797 1594 1590 
3 1792 1791 1797 
3 1798 1792 1797 
3 1799 1590 1591 
3 1797 1590 1799 
3 1801 1591 1800 
3 1799 1591 1801 
3 1803 1800 1802 
3 1801 1800 1803 
3 1804 1802 1796 
3 1803 1802 1804 
3 1804 1796 1795 
3 1798 1797 1799 
3 1805 1798 1799 
3 1805 1799 1801 
3 1806 1805 1801 
3 1806 1801 1803 
3 1807 1806 1803 
3 1807 1803 1804 
3 1808 1807 1804 
3 1808 1804 1795 
3 1809 1808 1795 
3 1809 1795 1793 
3 1793 1790 1809 
3 1788 1790 1793 
3 105 108 902 
3 511 6 10 
3 1810 10 12 
3 511 10 1810 
3 505 511 1810 
3 1811 902 904 
3 105 902 1811 
3 104 105 1811 
3 1812 904 906 
3 1811 904 1812 
3 1813 906 1062 
3 1812 906 1813 
3 1814 12 14 
3 1810 12 1814 
3 1815 14 15 
3 1814 14 1815 
3 1816 15 17 
3 1815 15 1816 
3 1817 17 19 
3 1816 17 1817 
3 1818 19 21 
3 1817 19 1818 
3 1819 21 23 
3 1818 21 1819 
3 1820 23 26 
3 1819 23 1820 
3 1820 26 28 
3 1821 1062 1060 
3 1813 1062 1821 
3 1822 1060 1058 
3 1821 1060 1822 
3 1823 1058 1056 
3 1822 1058 1823 
3 1824 1056 1054 
3 1823 1056 1824 
3 1825 1054 1052 
3 1824 1054 1825 
3 1826 1052 1050 
3 1825 1052 1826 
3 1827 1050 1048 
3 1826 1050 1827 
3 1828 1048 1044 
3 1827 1048 1828 
3 1829 1044 1045 
3 1828 1044 1829 
3 104 1811 1812 
3 98 104 1812 
3 1830 1812 1813 
3 98 1812 1830 
3 96 98 1830 
3 1831 96 1830 
3 95 96 1831 
3 1832 95 1831 
3 94 95 1832 
3 1833 94 1832 
3 82 94 1833 
3 1834 82 1833 
3 71 82 1834 
3 1835 71 1834 
3 70 71 1835 
3 1836 70 1835 
3 69 70 1836 
3 1837 69 1836 
3 68 69 1837 
3 1838 68 1837 
3 51 68 1838 
3 1839 51 1838 
3 44 51 1839 
3 1840 44 1839 
3 42 44 1840 
3 1841 42 1840 
3 40 42 1841 
3 1842 40 1841 
3 38 40 1842 
3 1843 38 1842 
3 36 38 1843 
3 1844 36 1843 
3 34 36 1844 
3 1845 34 1844 
3 31 34 1845 
3 1846 31 1845 
3 29 31 1846 
3 1847 29 1846 
3 28 29 1847 
3 1848 28 1847 
3 1820 28 1848 
3 505 1810 1814 
3 503 505 1814 
3 1849 1814 1815 
3 503 1814 1849 
3 861 503 1849 
3 1850 861 1849 
3 863 861 1850 
3 1851 863 1850 
3 1066 863 1851 
3 1852 1066 1851 
3 1068 1066 1852 
3 1853 1068 1852 
3 1070 1068 1853 
3 1854 1070 1853 
3 1074 1070 1854 
3 1855 1074 1854 
3 1077 1074 1855 
3 1856 1077 1855 
3 1079 1077 1856 
3 1857 1079 1856 
3 1081 1079 1857 
3 1858 1081 1857 
3 1083 1081 1858 
3 1859 1083 1858 
3 1085 1083 1859 
3 1860 1085 1859 
3 1087 1085 1860 
3 1861 1087 1860 
3 1047 1087 1861 
3 1045 1047 1861 
3 1862 1045 1861 
3 1829 1045 1862 
3 1830 1813 1821 
3 1831 1830 1821 
3 1863 1821 1822 
3 1831 1821 1863 
3 1832 1831 1863 
3 1864 1832 1863 
3 1833 1832 1864 
3 1865 1833 1864 
3 1834 1833 1865 
3 1866 1834 1865 
3 1835 1834 1866 
3 1867 1835 1866 
3 1836 1835 1867 
3 1868 1836 1867 
3 1837 1836 1868 
3 1869 1849 1815 
3 1850 1849 1869 
3 1869 1815 1816 
3 1870 1822 1823 
3 1863 1822 1870 
3 1864 1863 1870 
3 1865 1864 1870 
3 1871 1823 1824 
3 1870 1823 1871 
3 1865 1870 1871 
3 1866 1865 1871 
3 1872 1824 1825 
3 1871 1824 1872 
3 1866 1871 1872 
3 1867 1866 1872 
3 1873 1867 1872 
3 1868 1867 1873 
3 1873 1872 1825 
3 1873 1825 1826 
3 1874 1816 1817 
3 1869 1816 1874 
3 1850 1869 1874 
3 1851 1850 1874 
3 1875 1817 1818 
3 1874 1817 1875 
3 1851 1874 1875 
3 1852 1851 1875 
3 1876 1852 1875 
3 1853 1852 1876 
3 1877 1826 1827 
3 1873 1826 1877 
3 1868 1873 1877 
3 1878 1868 1877 
3 1837 1868 1878 
3 1838 1837 1878 
3 1879 1877 1827 
3 1878 1877 1879 
3 1879 1827 1828 
3 1880 1878 1879 
3 1838 1878 1880 
3 1839 1838 1880 
3 1881 1879 1828 
3 1880 1879 1881 
3 1881 1828 1829 
3 1882 1880 1881 
3 1839 1880 1882 
3 1840 1839 1882 
3 1882 1881 1829 
3 1882 1829 1862 
3 1883 1882 1862 
3 1840 1882 1883 
3 1841 1840 1883 
3 1884 1862 1861 
3 1883 1862 1884 
3 1841 1883 1884 
3 1842 1841 1884 
3 1885 1884 1861 
3 1842 1884 1885 
3 1885 1861 1860 
3 1843 1842 1885 
3 1843 1885 1860 
3 1843 1860 1859 
3 1844 1843 1859 
3 1844 1859 1858 
3 1845 1844 1858 
3 1846 1845 1858 
3 1846 1858 1857 
3 1847 1846 1857 
3 1847 1857 1856 
3 1848 1847 1856 
3 1886 1856 1855 
3 1848 1856 1886 
3 1887 1855 1854 
3 1886 1855 1887 
3 1887 1854 1853 
3 1887 1853 1876 
3 1888 1886 1887 
3 1848 1886 1888 
3 1888 1887 1876 
3 1820 1848 1888 
3 1819 1820 1888 
3 1889 1819 1888 
3 1818 1819 1889 
3 1875 1818 1889 
3 1889 1876 1875 
3 1888 1876 1889 
3 1892 1891 1890 
3 988 990 1893 
3 1892 1890 1894 
3 1895 1892 1894 
3 1895 1894 1896 
3 1897 1895 1896 
3 1317 1318 921 
3 1897 1896 1898 
3 1899 1897 1898 
3 1899 1898 1900 
3 1900 1898 1901 
3 1900 1901 1902 
3 1902 1901 1903 
3 1904 1902 1903 
3 1904 1903 1905 
3 1906 1904 1905 
3 1906 1905 1907 
3 1908 1906 1907 
3 1908 1907 1909 
3 1910 1908 1909 
3 1910 1909 1911 
3 1912 1910 1911 
3 1912 1911 1913 
3 1915 1913 1914 
3 1912 1913 1915 
3 1915 1914 1916 
3 1917 1915 1916 
3 1919 1916 1918 
3 1917 1916 1919 
3 1920 1917 1919 
3 1921 988 1893 
3 986 988 1921 
3 1921 1893 1922 
3 1923 1919 1918 
3 1920 1919 1923 
3 1923 1918 1924 
3 1925 1920 1923 
3 1926 921 923 
3 1317 921 1926 
3 1321 1317 1926 
3 1927 1321 1926 
3 1330 1321 1927 
3 1928 1330 1927 
3 1332 1330 1928 
3 1929 1332 1928 
3 1334 1332 1929 
3 1930 1334 1929 
3 1931 1334 1930 
3 1932 1931 1930 
3 1933 1931 1932 
3 1934 1933 1932 
3 1935 1933 1934 
3 1936 923 944 
3 1926 923 1936 
3 1937 944 968 
3 1936 944 1937 
3 1938 968 972 
3 1937 968 1938 
3 1939 1935 1934 
3 1940 1935 1939 
3 1941 1925 1923 
3 1942 1925 1941 
3 1943 972 974 
3 1938 972 1943 
3 1944 974 976 
3 1943 974 1944 
3 1945 986 1921 
3 984 986 1945 
3 1946 984 1945 
3 982 984 1946 
3 1947 982 1946 
3 980 982 1947 
3 1948 980 1947 
3 978 980 1948 
3 1941 1923 1924 
3 1941 1924 1949 
3 1950 978 1948 
3 976 978 1950 
3 1944 976 1950 
3 1951 1941 1949 
3 1951 1949 1952 
3 1954 1952 1953 
3 1951 1952 1954 
3 1955 1940 1939 
3 1956 1940 1955 
3 1945 1921 1922 
3 1945 1922 1957 
3 1958 1945 1957 
3 1946 1945 1958 
3 1958 1957 1959 
3 1961 1959 1960 
3 1958 1959 1961 
3 1963 1960 1962 
3 1961 1960 1963 
3 1965 1962 1964 
3 1963 1962 1965 
3 1967 1964 1966 
3 1965 1964 1967 
3 1968 1966 1942 
3 1967 1966 1968 
3 1942 1941 1951 
3 1968 1942 1951 
3 1968 1951 1954 
3 1967 1968 1954 
3 1969 1954 1953 
3 1969 1953 1956 
3 1970 1956 1955 
3 1969 1956 1970 
3 1967 1954 1969 
3 1965 1967 1969 
3 1927 1926 1936 
3 1971 1969 1970 
3 1965 1969 1971 
3 1963 1965 1971 
3 1972 1927 1936 
3 1928 1927 1972 
3 1972 1936 1937 
3 1973 1928 1972 
3 1929 1928 1973 
3 1974 1972 1937 
3 1973 1972 1974 
3 1974 1937 1938 
3 1975 1929 1973 
3 1930 1929 1975 
3 1932 1930 1975 
3 1976 1973 1974 
3 1975 1973 1976 
3 1977 1974 1938 
3 1976 1974 1977 
3 1977 1938 1943 
3 1978 1946 1958 
3 1947 1946 1978 
3 1978 1958 1961 
3 1979 1932 1975 
3 1934 1932 1979 
3 1979 1975 1976 
3 1980 1934 1979 
3 1939 1934 1980 
3 1981 1976 1977 
3 1979 1976 1981 
3 1981 1977 1943 
3 1981 1943 1944 
3 1982 1979 1981 
3 1980 1979 1982 
3 1982 1981 1944 
3 1982 1944 1950 
3 1983 1939 1980 
3 1955 1939 1983 
3 1984 1980 1982 
3 1983 1980 1984 
3 1984 1982 1950 
3 1985 1950 1948 
3 1984 1950 1985 
3 1983 1984 1985 
3 1986 1948 1947 
3 1985 1948 1986 
3 1986 1947 1978 
3 1987 1978 1961 
3 1986 1978 1987 
3 1987 1961 1963 
3 1987 1963 1971 
3 1988 1970 1955 
3 1971 1970 1988 
3 1988 1955 1983 
3 1988 1983 1985 
3 1988 1985 1986 
3 1987 1988 1986 
3 1971 1988 1987 
3 1989 1342 1344 
3 1325 1991 1990 
3 1381 1325 1990 
3 1992 1989 1344 
3 1992 1344 1363 
3 1993 1992 1363 
3 1993 1363 1365 
3 1994 1993 1365 
3 1994 1365 1367 
3 1381 1990 1995 
3 1379 1381 1995 
3 1996 1994 1367 
3 1996 1367 1369 
3 1997 1996 1369 
3 1997 1369 1371 
3 1998 1997 1371 
3 1998 1371 1373 
3 1999 1998 1373 
3 1999 1373 1375 
3 2000 1999 1375 
3 2000 1375 1377 
3 2001 2000 1377 
3 1379 2001 1377 
3 1995 2001 1379 
3 2004 2003 2002 
3 1309 1310 2005 
3 2008 2007 2006 
3 2009 2004 2002 
3 2010 2004 2009 
3 2009 2002 2011 
3 2012 146 142 
3 2013 146 2012 
3 2014 1309 2005 
3 1314 1309 2014 
3 2014 2005 2015 
3 2017 2015 2016 
3 2014 2015 2017 
3 2017 2016 2018 
3 2019 2013 2012 
3 2020 2013 2019 
3 2021 142 143 
3 2012 142 2021 
3 2023 143 2022 
3 2021 143 2023 
3 2025 2022 2024 
3 2023 2022 2025 
3 2027 2024 2026 
3 2025 2024 2027 
3 2029 2026 2028 
3 2027 2026 2029 
3 2030 2014 2017 
3 1314 2014 2030 
3 1323 1314 2030 
3 2031 1323 2030 
3 1991 1323 2031 
3 2032 2010 2009 
3 2033 2010 2032 
3 2034 2008 2006 
3 2035 2008 2034 
3 2034 2006 2036 
3 2038 2036 2037 
3 2034 2036 2038 
3 2040 2037 2039 
3 2038 2037 2040 
3 2042 2039 2041 
3 2040 2039 2042 
3 2044 2028 2043 
3 2029 2028 2044 
3 2046 2043 2045 
3 2044 2043 2046 
3 2048 2045 2047 
3 2046 2045 2048 
3 2050 2047 2049 
3 2048 2047 2050 
3 2051 2049 2035 
3 2050 2049 2051 
3 2051 2035 2034 
3 2052 2017 2018 
3 2052 2018 2053 
3 2054 2033 2032 
3 2055 2033 2054 
3 2056 2041 2055 
3 2042 2041 2056 
3 2056 2055 2054 
3 2057 2053 2020 
3 2057 2020 2019 
3 2052 2053 2058 
3 2061 2060 2059 
3 2062 2060 2061 
3 2064 2059 2063 
3 2061 2059 2064 
3 2066 2063 2065 
3 2064 2063 2066 
3 2068 2065 2067 
3 2066 2065 2068 
3 2070 2067 2069 
3 2068 2067 2070 
3 2070 2069 1989 
3 2070 1989 2071 
3 2071 1989 1992 
3 2072 2062 2061 
3 2073 2062 2072 
3 2074 2073 2072 
3 1411 2073 2074 
3 2075 1411 2074 
3 1409 1411 2075 
3 2076 1409 2075 
3 2077 1409 2076 
3 2078 2077 2076 
3 2079 1991 2031 
3 1990 1991 2079 
3 2080 1990 2079 
3 1995 1990 2080 
3 2081 1995 2080 
3 2001 1995 2081 
3 2082 2001 2081 
3 2000 2001 2082 
3 2083 2000 2082 
3 1999 2000 2083 
3 2084 1999 2083 
3 1998 1999 2084 
3 2085 1998 2084 
3 1997 1998 2085 
3 2086 1997 2085 
3 1996 1997 2086 
3 2087 1996 2086 
3 1994 1996 2087 
3 2088 1994 2087 
3 1993 1994 2088 
3 2089 1993 2088 
3 1992 1993 2089 
3 2071 1992 2089 
3 2090 2078 2076 
3 2091 2078 2090 
3 2092 2078 2091 
3 2093 2092 2091 
3 2011 2092 2093 
3 2094 2009 2011 
3 2094 2011 2093 
3 2030 2017 2052 
3 2031 2030 2052 
3 2095 2094 2093 
3 2058 2031 2052 
3 2079 2031 2058 
3 2058 2053 2057 
3 2096 2034 2038 
3 2051 2034 2096 
3 2097 2012 2021 
3 2019 2012 2097 
3 2098 2058 2057 
3 2079 2058 2098 
3 2080 2079 2098 
3 2099 2057 2019 
3 2098 2057 2099 
3 2099 2019 2097 
3 2100 2080 2098 
3 2081 2080 2100 
3 2100 2098 2099 
3 2101 2099 2097 
3 2100 2099 2101 
3 2102 2081 2100 
3 2082 2081 2102 
3 2102 2100 2101 
3 2103 2076 2075 
3 2090 2076 2103 
3 2103 2075 2104 
3 2105 2021 2023 
3 2097 2021 2105 
3 2101 2097 2105 
3 2106 2101 2105 
3 2102 2101 2106 
3 2107 2102 2106 
3 2107 2082 2102 
3 2108 2023 2025 
3 2105 2023 2108 
3 2106 2105 2108 
3 2109 2106 2108 
3 2107 2106 2109 
3 2110 2107 2109 
3 2084 2083 2110 
3 2111 2025 2027 
3 2108 2025 2111 
3 2109 2108 2111 
3 2112 2109 2111 
3 2110 2109 2112 
3 2113 2027 2029 
3 2111 2027 2113 
3 2112 2111 2113 
3 2114 2038 2040 
3 2096 2038 2114 
3 2115 2040 2042 
3 2114 2040 2115 
3 2116 2029 2044 
3 2113 2029 2116 
3 2117 2113 2116 
3 2112 2113 2117 
3 2118 2112 2117 
3 2110 2112 2118 
3 2084 2110 2118 
3 2085 2084 2118 
3 2119 2118 2117 
3 2085 2118 2119 
3 2120 2085 2119 
3 2086 2085 2120 
3 2121 2117 2116 
3 2119 2117 2121 
3 2122 2119 2121 
3 2120 2119 2122 
3 2123 2116 2044 
3 2121 2116 2123 
3 2123 2044 2046 
3 2124 2046 2048 
3 2123 2046 2124 
3 2125 2048 2050 
3 2124 2048 2125 
3 2126 2050 2051 
3 2125 2050 2126 
3 2126 2051 2096 
3 2127 2096 2114 
3 2126 2096 2127 
3 2128 2114 2115 
3 2127 2114 2128 
3 2129 2121 2123 
3 2122 2121 2129 
3 2129 2123 2124 
3 2130 2042 2056 
3 2115 2042 2130 
3 2131 2115 2130 
3 2128 2115 2131 
3 2132 2086 2120 
3 2087 2086 2132 
3 2132 2120 2122 
3 2133 2122 2129 
3 2132 2122 2133 
3 2134 2129 2124 
3 2133 2129 2134 
3 2135 2124 2125 
3 2136 2070 2071 
3 2068 2070 2136 
3 2137 2068 2136 
3 2066 2068 2137 
3 2138 2066 2137 
3 2064 2066 2138 
3 2139 2064 2138 
3 2061 2064 2139 
3 2072 2061 2139 
3 2140 2072 2139 
3 2074 2072 2140 
3 2142 2104 2141 
3 2103 2104 2142 
3 2143 2139 2138 
3 2140 2139 2143 
3 2144 2138 2137 
3 2143 2138 2144 
3 2145 2137 2136 
3 2144 2137 2145 
3 2146 2136 2071 
3 2145 2136 2146 
3 2146 2071 2089 
3 2147 2089 2088 
3 2146 2089 2147 
3 2147 2088 2087 
3 2148 2087 2132 
3 2147 2087 2148 
3 2148 2132 2133 
3 2149 2147 2148 
3 2146 2147 2149 
3 2145 2146 2149 
3 2150 2148 2133 
3 2149 2148 2150 
3 2150 2133 2134 
3 2151 2149 2150 
3 2145 2149 2151 
3 2152 2145 2151 
3 2144 2145 2152 
3 2153 2150 2134 
3 2151 2150 2153 
3 2135 2134 2124 
3 2153 2134 2135 
3 2154 2125 2126 
3 2135 2125 2154 
3 2154 2126 2127 
3 2155 2127 2128 
3 2154 2127 2155 
3 2156 2128 2131 
3 2155 2128 2156 
3 2157 2154 2155 
3 2135 2154 2157 
3 2158 2155 2156 
3 2153 2135 2157 
3 2159 2151 2153 
3 2152 2151 2159 
3 2160 2153 2157 
3 2159 2153 2160 
3 2158 2157 2155 
3 2160 2157 2158 
3 2161 2156 2131 
3 2158 2156 2161 
3 2162 2131 2130 
3 2161 2131 2162 
3 2163 2152 2159 
3 2144 2152 2164 
3 2143 2144 2164 
3 2165 2143 2164 
3 2141 2143 2165 
3 2166 2141 2165 
3 2142 2141 2166 
3 2167 2130 2056 
3 2162 2130 2167 
3 2167 2056 2054 
3 2095 2168 2094 
3 2169 2168 2095 
3 2170 2093 2091 
3 2095 2093 2170 
3 2171 2091 2090 
3 2170 2091 2171 
3 2172 2090 2103 
3 2171 2090 2172 
3 2172 2103 2142 
3 2173 2142 2166 
3 2172 2142 2173 
3 2174 2172 2173 
3 2171 2172 2174 
3 2170 2171 2174 
3 2175 2170 2174 
3 2095 2170 2175 
3 2169 2095 2175 
3 2167 2168 2169 
3 2176 2167 2169 
3 2162 2167 2176 
3 2177 2162 2176 
3 2161 2162 2177 
3 2178 2161 2177 
3 2158 2161 2178 
3 2160 2158 2178 
3 2163 2160 2178 
3 2159 2160 2163 
3 2164 2152 2163 
3 2179 2164 2163 
3 2165 2164 2179 
3 2179 2163 2178 
3 2180 2178 2177 
3 2179 2178 2180 
3 2181 2179 2180 
3 2165 2179 2181 
3 2166 2165 2181 
3 2173 2166 2181 
3 2182 2173 2181 
3 2174 2173 2182 
3 2175 2174 2182 
3 2182 2181 2180 
3 2183 2175 2182 
3 2169 2175 2183 
3 2183 2182 2180 
3 2183 2180 2177 
3 2176 2183 2177 
3 2169 2183 2176 
3 2107 2083 2082 
3 2083 2107 2110 
3 2168 2054 2032 
3 2054 2168 2167 
3 2074 2104 2075 
3 2104 2074 2140 
3 2094 2032 2009 
3 2032 2094 2168 
3 2140 2141 2104 
3 2141 2140 2143 
3 2184 400 457 
3 2184 457 456 
3 2185 2184 456 
3 2185 456 454 
3 2186 2185 454 
3 2186 454 452 
3 2187 2186 452 
3 2187 452 447 
3 2188 2187 447 
3 2188 447 2189 
3 2190 2188 2189 
3 2193 2192 2191 
3 2194 2193 2191 
3 2194 2191 2195 
3 2195 2191 2196 
3 2197 2195 2196 
3 2197 2196 2198 
3 2199 2197 2198 
3 2199 2198 2200 
3 2201 2199 2200 
3 2201 2200 2202 
3 2203 2201 2202 
3 2203 2202 2204 
3 2205 2203 2204 
3 2205 2204 2206 
3 2207 2205 2206 
3 2207 2206 2208 
3 2209 2207 2208 
3 2209 2208 2210 
3 2211 2209 2210 
3 2211 2210 2212 
3 2213 2211 2212 
3 2213 2212 2214 
3 2215 2213 2214 
3 2215 2214 2216 
3 2217 2215 2216 
3 2217 2216 2218 
3 2219 2217 2218 
3 2219 2218 2220 
3 2219 2220 2221 
3 2222 2219 2221 
3 2222 2221 2223 
3 2224 2222 2223 
3 2190 2189 2225 
3 2226 2190 2225 
3 2227 2226 2225 
3 2228 2226 2227 
3 2227 2225 2229 
3 2227 2229 2230 
3 2231 2224 2223 
3 2232 2224 2231 
3 2231 2223 2233 
3 2230 2232 2234 
3 2234 2227 2230 
3 2228 2227 2234 
3 2234 2232 2231 
3 2234 2233 2228 
3 2231 2233 2234 
3 1020 292 293 
3 1020 293 300 
3 1018 1020 300 
3 1018 300 2235 
3 1016 1018 2235 
3 1016 2235 2236 
3 1014 1016 2236 
3 1014 2236 2237 
3 1012 1014 2237 
3 1012 2237 2238 
3 1010 1012 2238 
3 1010 2238 2239 
3 1008 1010 2239 
3 1008 2239 2240 
3 1006 1008 2240 
3 1006 2240 2241 
3 1004 1006 2241 
3 1004 2241 2242 
3 1002 1004 2242 
3 1002 2242 2243 
3 1000 1002 2243 
3 1000 2243 2244 
3 970 1000 2244 
3 970 2244 2245 
3 965 970 2245 
3 965 2245 2246 
3 963 965 2246 
3 963 2246 2247 
3 961 963 2247 
3 961 2247 2248 
3 959 961 2248 
3 959 2248 2249 
3 957 959 2249 
3 957 2249 2250 
3 955 957 2250 
3 955 2250 2251 
3 953 955 2251 
3 953 2251 2252 
3 951 953 2252 
3 951 2252 2253 
3 949 951 2253 
3 949 2253 2254 
3 947 949 2254 
3 947 2254 2255 
3 919 947 2255 
3 919 2255 2256 
3 2257 919 2256 
3 918 919 2257 
3 2257 2256 2258 
3 2260 2258 2259 
3 2257 2258 2260 
3 2261 489 490 
3 1769 489 2261 
3 2262 1769 2261 
3 1768 1769 2262 
3 2263 1768 2262 
3 2264 2263 2262 
3 2265 2263 2264 
3 2266 490 496 
3 2261 490 2266 
3 2267 496 497 
3 2266 496 2267 
3 2267 497 871 
3 2268 2265 2264 
3 2269 2265 2268 
3 2271 2259 2270 
3 2260 2259 2271 
3 2273 2270 2272 
3 2271 2270 2273 
3 2275 2272 2274 
3 2273 2272 2275 
3 2277 2274 2276 
3 2275 2274 2277 
3 2277 2276 2278 
3 2279 2269 2268 
3 2278 2269 2279 
3 2277 2278 2279 
3 2280 871 879 
3 2267 871 2280 
3 2281 879 890 
3 2280 879 2281 
3 2282 890 914 
3 2281 890 2282 
3 2283 914 916 
3 2282 914 2283 
3 2284 916 918 
3 2283 916 2284 
3 2284 918 2257 
3 2284 2257 2260 
3 2285 2260 2271 
3 2284 2260 2285 
3 2283 2284 2285 
3 2286 2262 2261 
3 2264 2262 2286 
3 2286 2261 2266 
3 2287 2264 2286 
3 2268 2264 2287 
3 2287 2286 2266 
3 2287 2266 2267 
3 2287 2267 2280 
3 2288 2285 2271 
3 2289 2285 2288 
3 2288 2271 2273 
3 2289 2283 2285 
3 2282 2283 2289 
3 2290 2288 2273 
3 2289 2288 2290 
3 2290 2273 2275 
3 2291 2282 2289 
3 2281 2282 2291 
3 2291 2289 2290 
3 2292 2281 2291 
3 2280 2281 2292 
3 2287 2280 2292 
3 2268 2287 2292 
3 2279 2268 2292 
3 2293 2279 2292 
3 2293 2292 2291 
3 2290 2293 2291 
3 2275 2293 2290 
3 2293 2277 2279 
3 2277 2293 2275 
3 2294 312 310 
3 318 860 2295 
3 320 318 2295 
3 320 2295 2296 
3 322 320 2296 
3 322 2296 2297 
3 324 322 2297 
3 324 2297 2298 
3 2294 310 308 
3 2299 2294 308 
3 2299 308 302 
3 2300 2299 302 
3 2300 302 303 
3 2301 2300 303 
3 2301 303 2302 
3 2303 2301 2302 
3 2303 2302 361 
3 326 324 2298 
3 326 2298 2304 
3 328 326 2304 
3 328 2304 2305 
3 2306 2303 361 
3 2306 361 2307 
3 2308 2306 2307 
3 2308 2307 2309 
3 2310 2308 2309 
3 2310 2309 2311 
3 2312 2310 2311 
3 2312 2311 2313 
3 2314 2312 2313 
3 2314 2313 2315 
3 2316 2314 2315 
3 2316 2315 2317 
3 330 328 2318 
3 328 2305 2318 
3 330 2318 2319 
3 332 330 2319 
3 332 2319 2320 
3 334 332 2320 
3 334 2320 2321 
3 336 334 2321 
3 336 2321 2322 
3 2323 336 2322 
3 339 2323 2322 
3 339 2322 2324 
3 341 339 2324 
3 341 2324 2325 
3 343 341 2325 
3 343 2325 1891 
3 345 343 1892 
3 343 1891 1892 
3 345 1892 1895 
3 347 345 1895 
3 347 1895 1897 
3 307 347 1897 
3 307 1897 1899 
3 306 307 1899 
3 306 1899 2326 
3 2327 306 2326 
3 2327 2326 1902 
3 2328 2327 1902 
3 2328 1902 1904 
3 2329 2328 1904 
3 2329 1904 1906 
3 2330 2329 1906 
3 2330 1906 1908 
3 2331 2330 1908 
3 2331 1908 1910 
3 2332 2331 1910 
3 2332 1910 1912 
3 2333 2332 1912 
3 2333 1912 1915 
3 2334 2333 1915 
3 2334 1915 1917 
3 2335 2334 1917 
3 2335 1917 1920 
3 2335 1920 2336 
3 2337 2335 2336 
3 2337 2336 2338 
3 2339 2337 2338 
3 2339 2338 2340 
3 2341 2339 2340 
3 2341 2340 2342 
3 2343 2341 2342 
3 2342 2317 2343 
3 2316 2317 2342 
3 363 361 2302 
3 303 304 365 
3 363 303 365 
3 2302 303 363 
3 2344 2230 2229 
3 2345 2232 2230 
3 2346 2224 2232 
3 1588 2222 2224 
3 1589 2219 2222 
3 1603 2217 2219 
3 1603 2215 2217 
3 1608 2213 2215 
3 1610 2211 2213 
3 1614 2209 2211 
3 1616 2207 2209 
3 1657 2205 2207 
3 1659 2203 2205 
3 1661 2201 2203 
3 1663 2199 2201 
3 1665 2197 2199 
3 1667 2195 2197 
3 1669 2194 2195 
3 1679 2193 2194 
3 2193 1681 2347 
3 2347 1681 1682 
3 1682 2348 2347 
3 1714 2349 2348 
3 1712 2350 2349 
3 1710 2351 2350 
3 1708 2276 2351 
3 1706 2278 2276 
3 1704 2269 2278 
3 1702 2265 2269 
3 1700 2263 2265 
3 1696 1768 2263 
3 1692 1767 1768 
3 1690 2352 1767 
3 1689 2353 2352 
3 1685 2354 2353 
3 1683 2355 2354 
3 2355 1677 2356 
3 2356 1677 1676 
3 1676 2357 2356 
3 1644 2358 2357 
3 1644 1675 2358 
3 1676 1644 2357 
3 2355 1683 1677 
3 2354 1685 1683 
3 2353 1689 1685 
3 2352 1690 1689 
3 1767 1692 1690 
3 1768 1696 1692 
3 2263 1698 1696 
3 1700 1698 2263 
3 1702 1700 2265 
3 1704 1702 2269 
3 1706 1704 2278 
3 1708 1706 2276 
3 1710 1708 2351 
3 1712 1710 2350 
3 1714 1712 2349 
3 1682 1714 2348 
3 2193 1679 1681 
3 2194 1669 1679 
3 2195 1667 1669 
3 2197 1665 1667 
3 2199 1663 1665 
3 2201 1661 1663 
3 2203 1659 1661 
3 2205 1657 1659 
3 2207 1616 1657 
3 2209 1614 1616 
3 2211 1612 1614 
3 1610 1612 2211 
3 1608 1610 2213 
3 1603 1608 2215 
3 1589 1603 2219 
3 2222 1588 1589 
3 2224 2346 1588 
3 2232 2345 2346 
3 2230 2344 2345 
3 2229 2359 2344 
3 2362 2361 2360 
3 2364 2360 2363 
3 2362 2360 2364 
3 2365 2362 2364 
3 2367 2363 2366 
3 2364 2363 2367 
3 2368 2364 2367 
3 2365 2364 2368 
3 2369 2365 2368 
3 2371 2366 2370 
3 2367 2366 2371 
3 2373 2370 2372 
3 2371 2370 2373 
3 2375 2372 2374 
3 2373 2372 2375 
3 2377 2374 2376 
3 2375 2374 2377 
3 2379 2376 2378 
3 2377 2376 2379 
3 2381 2378 2380 
3 2379 2378 2381 
3 2383 2380 2382 
3 2381 2380 2383 
3 2385 2382 2384 
3 2383 2382 2385 
3 2387 2384 2386 
3 2385 2384 2387 
3 2389 2386 2388 
3 2387 2386 2389 
3 2389 2388 2390 
3 2391 2369 2368 
3 2392 2369 2391 
3 2394 2390 2393 
3 2389 2390 2394 
3 2396 2393 2395 
3 2394 2393 2396 
3 2398 2395 2397 
3 2396 2395 2398 
3 2400 2397 2399 
3 2398 2397 2400 
3 2401 2399 265 
3 2400 2399 2401 
3 2402 265 255 
3 2401 265 2402 
3 2403 255 247 
3 2402 255 2403 
3 2404 247 248 
3 2403 247 2404 
3 2404 248 2405 
3 2406 2392 2391 
3 2407 2392 2406 
3 2408 2407 2406 
3 2409 2407 2408 
3 2410 2409 2408 
3 2411 2409 2410 
3 2412 2411 2410 
3 2413 2411 2412 
3 2414 2413 2412 
3 2415 2413 2414 
3 2416 2415 2414 
3 2417 2415 2416 
3 2418 2417 2416 
3 2419 2417 2418 
3 2420 2419 2418 
3 2421 2419 2420 
3 2422 2421 2420 
3 2423 2421 2422 
3 2426 2425 2424 
3 2427 2425 2426 
3 2428 2424 2423 
3 2426 2424 2428 
3 2428 2423 2422 
3 2429 2427 2426 
3 2430 2427 2429 
3 2431 2430 2429 
3 2432 2430 2431 
3 2433 2432 2431 
3 2434 2432 2433 
3 2435 2434 2433 
3 2436 2435 2433 
3 2437 2435 2436 
3 2438 2437 2436 
3 2439 2437 2438 
3 2440 2439 2438 
3 2441 2440 2438 
3 2442 2440 2441 
3 2443 2442 2441 
3 2444 2442 2443 
3 2445 2444 2443 
3 2405 2444 2445 
3 2404 2405 2445 
3 2446 2368 2367 
3 2391 2368 2446 
3 2446 2367 2371 
3 2447 2391 2446 
3 2406 2391 2447 
3 2448 2446 2371 
3 2447 2446 2448 
3 2448 2371 2373 
3 2449 2433 2431 
3 2436 2433 2449 
3 2450 2431 2429 
3 2449 2431 2450 
3 2451 2429 2426 
3 2450 2429 2451 
3 2451 2426 2428 
3 2452 2428 2422 
3 2451 2428 2452 
3 2453 2406 2447 
3 2408 2406 2453 
3 2454 2447 2448 
3 2453 2447 2454 
3 2455 2448 2373 
3 2454 2448 2455 
3 2456 2422 2420 
3 2452 2422 2456 
3 2457 2420 2418 
3 2456 2420 2457 
3 2457 2418 2416 
3 2458 2416 2414 
3 2457 2416 2458 
3 2459 2414 2412 
3 2458 2414 2459 
3 2460 2412 2410 
3 2459 2412 2460 
3 2461 2410 2408 
3 2460 2410 2461 
3 2461 2408 2453 
3 2462 2436 2449 
3 2438 2436 2462 
3 2463 2438 2462 
3 2441 2438 2463 
3 2464 2449 2450 
3 2462 2449 2465 
3 2466 2450 2451 
3 2464 2450 2466 
3 2466 2451 2452 
3 2467 2452 2456 
3 2466 2452 2467 
3 2468 2456 2457 
3 2467 2456 2468 
3 2468 2457 2458 
3 2469 2458 2459 
3 2468 2458 2469 
3 2470 2459 2460 
3 2469 2459 2470 
3 2471 2460 2461 
3 2470 2460 2471 
3 2472 2461 2453 
3 2471 2461 2472 
3 2472 2453 2454 
3 2473 2454 2455 
3 2472 2454 2473 
3 2474 2375 2377 
3 2473 2455 2474 
3 2475 2377 2379 
3 2474 2377 2475 
3 2476 2379 2381 
3 2475 2379 2476 
3 2477 2381 2383 
3 2476 2381 2477 
3 2478 2383 2385 
3 2477 2383 2478 
3 2479 2385 2387 
3 2478 2385 2479 
3 2480 2387 2389 
3 2479 2387 2480 
3 2480 2389 2394 
3 2481 2394 2396 
3 2480 2394 2481 
3 2482 2396 2398 
3 2481 2396 2482 
3 2482 2398 2400 
3 2483 2473 2474 
3 2484 2473 2483 
3 2483 2474 2475 
3 2484 2472 2473 
3 2471 2472 2484 
3 2485 2441 2463 
3 2443 2441 2485 
3 2486 2463 2462 
3 2485 2463 2486 
3 2486 2462 2465 
3 2487 2480 2481 
3 2479 2480 2487 
3 2488 2481 2482 
3 2487 2481 2488 
3 2489 2482 2400 
3 2488 2482 2489 
3 2489 2400 2401 
3 2490 2401 2402 
3 2489 2401 2490 
3 2491 2402 2403 
3 2490 2402 2491 
3 2492 2403 2404 
3 2491 2403 2492 
3 2492 2404 2445 
3 2493 2445 2443 
3 2492 2445 2493 
3 2494 2443 2485 
3 2493 2443 2494 
3 2495 2479 2487 
3 2478 2479 2495 
3 2496 2478 2495 
3 2477 2478 2496 
3 2497 2477 2496 
3 2476 2477 2497 
3 2498 2476 2497 
3 2475 2476 2498 
3 2483 2475 2498 
3 2499 2483 2498 
3 2484 2483 2499 
3 2500 2493 2494 
3 2492 2493 2500 
3 2501 2492 2500 
3 2491 2492 2501 
3 2502 2491 2501 
3 2490 2491 2502 
3 2503 2490 2502 
3 2489 2490 2503 
3 2504 2489 2503 
3 2488 2489 2504 
3 2505 2488 2504 
3 2487 2488 2505 
3 2495 2487 2505 
3 2506 2484 2499 
3 2471 2484 2506 
3 2507 2471 2506 
3 2470 2471 2507 
3 2508 2470 2507 
3 2469 2470 2508 
3 2509 2469 2508 
3 2468 2469 2509 
3 2510 2468 2509 
3 2467 2468 2510 
3 2511 2467 2510 
3 2466 2467 2511 
3 2512 2466 2511 
3 2464 2466 2512 
3 2513 2465 2512 
3 2486 2465 2513 
3 2514 2499 2498 
3 2506 2499 2515 
3 2514 2498 2497 
3 2515 2499 2514 
3 2516 2497 2496 
3 2514 2497 2516 
3 2517 2496 2495 
3 2517 2495 2505 
3 2516 2496 2517 
3 2518 2505 2504 
3 2517 2505 2518 
3 2518 2504 2503 
3 2519 2503 2502 
3 2518 2503 2519 
3 2520 2502 2501 
3 2519 2502 2520 
3 2521 2501 2500 
3 2520 2501 2521 
3 2522 2507 2506 
3 2508 2507 2522 
3 2522 2506 2515 
3 2523 2508 2522 
3 2509 2508 2524 
3 2510 2509 2524 
3 2525 2510 2524 
3 2511 2510 2525 
3 2526 2511 2525 
3 2512 2511 2526 
3 2513 2512 2526 
3 2527 2522 2515 
3 2523 2522 2527 
3 2528 2515 2514 
3 2527 2515 2528 
3 2528 2514 2516 
3 2529 2516 2517 
3 2528 2516 2529 
3 2530 2517 2518 
3 2529 2517 2530 
3 2530 2518 2519 
3 2531 2519 2520 
3 2530 2519 2531 
3 2532 2520 2521 
3 2531 2520 2532 
3 2533 2528 2529 
3 2527 2528 2533 
3 2533 2529 2530 
3 2533 2530 2531 
3 2534 2531 2532 
3 2533 2531 2534 
3 2535 2533 2534 
3 2527 2533 2535 
3 2523 2527 2535 
3 2536 2523 2535 
3 2525 2524 2536 
3 2537 2525 2536 
3 2526 2525 2537 
3 2538 2526 2537 
3 2513 2526 2538 
3 2539 2513 2538 
3 2539 2486 2513 
3 2485 2486 2539 
3 2494 2485 2539 
3 2540 2494 2539 
3 2500 2494 2540 
3 2521 2500 2540 
3 2541 2521 2540 
3 2532 2521 2541 
3 2542 2540 2539 
3 2541 2540 2542 
3 2542 2539 2538 
3 2543 2532 2541 
3 2534 2532 2543 
3 2543 2541 2542 
3 2544 2534 2543 
3 2535 2534 2544 
3 2536 2535 2544 
3 2537 2536 2544 
3 2545 2544 2543 
3 2537 2544 2545 
3 2545 2543 2542 
3 2538 2545 2542 
3 2537 2545 2538 
3 2375 2455 2373 
3 2455 2375 2474 
3 2464 2465 2449 
3 2465 2464 2512 
3 2524 2523 2536 
3 2523 2524 2508 
3 2258 2256 2546 
3 2351 2276 2274 
3 2192 2193 2347 
3 2192 2347 2547 
3 2548 2192 2547 
3 2549 2548 2547 
3 2550 2548 2549 
3 2551 2347 2348 
3 2547 2347 2551 
3 2552 2351 2274 
3 2350 2351 2552 
3 2552 2274 2272 
3 2553 2550 2549 
3 2554 2550 2553 
3 2555 2350 2552 
3 2349 2350 2555 
3 2556 2348 2349 
3 2551 2348 2556 
3 2556 2349 2555 
3 2557 2554 2553 
3 2546 2554 2557 
3 2258 2546 2557 
3 2259 2258 2557 
3 2558 2259 2557 
3 2270 2259 2558 
3 2559 2270 2558 
3 2272 2270 2559 
3 2552 2272 2559 
3 2555 2552 2559 
3 2558 2557 2553 
3 2556 2555 2559 
3 2560 2559 2558 
3 2556 2559 2560 
3 2560 2558 2553 
3 2560 2553 2549 
3 2551 2556 2560 
3 2549 2551 2560 
3 2547 2551 2549 
3 920 921 1318 
3 483 2562 2561 
3 483 2561 2563 
3 2565 2563 2564 
3 483 2563 2565 
3 484 483 2565 
3 2566 1318 1320 
3 920 1318 2566 
3 924 920 2566 
3 2567 924 2566 
3 926 924 2567 
3 2568 926 2567 
3 2569 2566 1320 
3 2567 2566 2569 
3 2569 1320 1338 
3 2570 484 2565 
3 481 484 2570 
3 2571 481 2570 
3 480 481 2571 
3 2572 480 2571 
3 479 480 2572 
3 2573 479 2572 
3 476 479 2573 
3 2574 476 2573 
3 467 476 2574 
3 2575 467 2574 
3 466 467 2575 
3 2576 1338 1340 
3 2569 1338 2576 
3 2577 1340 1348 
3 2576 1340 2577 
3 2578 2565 2564 
3 2570 2565 2578 
3 2578 2564 2579 
3 2581 2579 2580 
3 2578 2579 2581 
3 2583 2580 2582 
3 2581 2580 2583 
3 2585 2582 2584 
3 2583 2582 2585 
3 2585 2584 2586 
3 2588 2586 2587 
3 2585 2586 2588 
3 2590 2587 2589 
3 2588 2587 2590 
3 2591 1348 1350 
3 2577 1348 2591 
3 2592 1350 1352 
3 2591 1350 2592 
3 2593 1352 1354 
3 2592 1352 2593 
3 2594 1354 1356 
3 2593 1354 2594 
3 2595 1356 1358 
3 2594 1356 2595 
3 2596 1358 1360 
3 2595 1358 2596 
3 2597 1360 1316 
3 2596 1360 2597 
3 2598 1316 1308 
3 2597 1316 2598 
3 2599 1308 466 
3 2598 1308 2599 
3 2599 466 2575 
3 2567 2569 2576 
3 2568 2567 2576 
3 2600 2568 2576 
3 2600 2576 2577 
3 2601 2600 2577 
3 2601 2577 2591 
3 2602 2601 2591 
3 2602 2591 2592 
3 2603 2602 2592 
3 2603 2592 2593 
3 2604 2603 2593 
3 2604 2593 2594 
3 2605 2604 2594 
3 2605 2594 2595 
3 2606 2605 2595 
3 2606 2595 2596 
3 2607 2606 2596 
3 2608 2607 2596 
3 2608 2596 2597 
3 2589 2608 2597 
3 2589 2597 2598 
3 2590 2589 2598 
3 2590 2598 2599 
3 2571 2578 2581 
3 2571 2570 2578 
3 2572 2571 2581 
3 2572 2581 2583 
3 2573 2572 2583 
3 2609 2573 2583 
3 2574 2573 2609 
3 2575 2609 2588 
3 2575 2574 2609 
3 2588 2599 2575 
3 2590 2599 2588 
3 2609 2585 2588 
3 2585 2609 2583 
3 2444 2561 2562 
3 2444 2562 394 
3 2442 2444 394 
3 2442 394 395 
3 2440 2442 395 
3 2440 395 397 
3 2439 2440 397 
3 2439 397 399 
3 2610 2439 399 
3 2437 2439 2610 
3 2610 399 405 
3 2611 2437 2610 
3 2435 2437 2611 
3 2612 2192 2548 
3 2191 2192 2612 
3 2613 2361 2362 
3 2554 2361 2613 
3 2550 2554 2613 
3 2614 2362 2365 
3 2613 2362 2614 
3 2615 2365 2369 
3 2614 2365 2615 
3 2616 2369 2392 
3 2615 2369 2616 
3 2617 2392 2407 
3 2616 2392 2617 
3 2618 2407 2409 
3 2617 2407 2618 
3 2619 2409 2411 
3 2618 2409 2619 
3 2620 2411 2413 
3 2619 2411 2620 
3 2621 2413 2415 
3 2620 2413 2621 
3 2622 2415 2417 
3 2621 2415 2622 
3 2623 2191 2612 
3 2196 2191 2623 
3 2198 2196 2623 
3 2624 2198 2623 
3 2200 2198 2624 
3 2625 2613 2614 
3 2550 2613 2625 
3 2548 2550 2625 
3 2626 2548 2625 
3 2612 2548 2626 
3 2611 2610 405 
3 2611 405 403 
3 2627 2435 2611 
3 2434 2435 2627 
3 2628 400 2184 
3 403 400 2628 
3 2627 2611 403 
3 2627 403 2628 
3 2629 2184 2185 
3 2628 2184 2629 
3 2630 2185 2186 
3 2629 2185 2630 
3 2630 2186 2187 
3 2631 2187 2188 
3 2630 2187 2631 
3 2631 2188 2190 
3 2632 2200 2624 
3 2202 2200 2632 
3 2633 2202 2632 
3 2204 2202 2633 
3 2634 2204 2633 
3 2206 2204 2634 
3 2635 2206 2634 
3 2208 2206 2635 
3 2636 2208 2635 
3 2210 2208 2636 
3 2637 2210 2636 
3 2212 2210 2637 
3 2638 2212 2637 
3 2214 2212 2638 
3 2639 2214 2638 
3 2216 2214 2639 
3 2640 2216 2639 
3 2218 2216 2640 
3 2641 2218 2640 
3 2220 2218 2641 
3 2642 2220 2641 
3 2221 2220 2642 
3 2643 2221 2642 
3 2223 2221 2643 
3 2233 2223 2643 
3 2644 2233 2643 
3 2228 2233 2644 
3 2645 2228 2644 
3 2226 2228 2645 
3 2646 2226 2645 
3 2190 2226 2646 
3 2631 2190 2646 
3 2647 2417 2419 
3 2622 2417 2647 
3 2648 2419 2421 
3 2647 2419 2648 
3 2649 2421 2423 
3 2648 2421 2649 
3 2650 2423 2424 
3 2649 2423 2650 
3 2651 2424 2425 
3 2650 2424 2651 
3 2652 2425 2427 
3 2653 2425 2652 
3 2651 2425 2653 
3 2654 2427 2430 
3 2652 2427 2654 
3 2655 2430 2432 
3 2654 2430 2655 
3 2656 2432 2434 
3 2655 2432 2656 
3 2657 2434 2627 
3 2656 2434 2657 
3 2657 2627 2628 
3 2657 2628 2629 
3 2657 2629 2630 
3 2656 2657 2630 
3 2656 2630 2631 
3 2655 2656 2631 
3 2655 2631 2646 
3 2654 2655 2646 
3 2654 2646 2645 
3 2652 2654 2645 
3 2652 2645 2644 
3 2653 2652 2644 
3 2653 2644 2643 
3 2651 2653 2643 
3 2651 2643 2642 
3 2650 2651 2642 
3 2650 2642 2641 
3 2649 2650 2641 
3 2640 2649 2641 
3 2648 2649 2640 
3 2658 2640 2639 
3 2648 2640 2658 
3 2647 2648 2658 
3 2660 2659 2626 
3 2623 2612 2659 
3 2661 2639 2638 
3 2658 2639 2661 
3 2647 2658 2661 
3 2622 2647 2661 
3 2662 2638 2637 
3 2661 2638 2662 
3 2622 2661 2662 
3 2663 2637 2636 
3 2662 2637 2663 
3 2622 2662 2663 
3 2621 2622 2663 
3 2664 2636 2635 
3 2663 2636 2664 
3 2621 2663 2664 
3 2620 2621 2664 
3 2665 2635 2634 
3 2664 2635 2665 
3 2620 2664 2665 
3 2619 2620 2665 
3 2666 2634 2633 
3 2665 2634 2666 
3 2619 2665 2666 
3 2667 2619 2666 
3 2618 2619 2667 
3 2668 2618 2667 
3 2617 2618 2668 
3 2669 2617 2668 
3 2616 2617 2669 
3 2670 2616 2669 
3 2615 2616 2670 
3 2671 2615 2670 
3 2614 2615 2671 
3 2625 2614 2671 
3 2626 2625 2671 
3 2660 2626 2671 
3 2660 2671 2670 
3 2672 2666 2633 
3 2667 2666 2672 
3 2672 2633 2632 
3 2668 2667 2672 
3 2673 2672 2632 
3 2668 2672 2673 
3 2673 2632 2624 
3 2669 2668 2673 
3 2674 2669 2673 
3 2670 2669 2674 
3 2660 2670 2674 
3 2674 2673 2624 
3 2659 2674 2624 
3 2623 2659 2624 
3 2659 2660 2674 
3 2626 2659 2612 
3 2336 1920 1925 
3 932 314 312 
3 1033 932 312 
3 1033 312 2294 
3 998 1033 2294 
3 998 2294 2299 
3 996 998 2299 
3 996 2299 2300 
3 994 996 2300 
3 994 2300 2301 
3 992 994 2301 
3 992 2301 2303 
3 990 992 2303 
3 1893 990 2303 
3 1893 2303 2306 
3 1922 1893 2306 
3 1922 2306 2308 
3 1957 1922 2308 
3 1957 2308 2310 
3 1959 1957 2310 
3 1959 2310 2312 
3 1960 1959 2312 
3 1960 2312 2314 
3 1962 1960 2314 
3 1962 2314 2316 
3 1964 1962 2316 
3 1964 2316 2342 
3 1966 1964 2342 
3 1966 2342 2340 
3 1966 2340 2338 
3 1942 1966 2338 
3 2338 1925 1942 
3 2336 1925 2338 
3 2675 242 241 
3 148 146 2013 
3 2676 2675 241 
3 2676 241 226 
3 2677 2676 226 
3 2677 226 223 
3 2678 2677 223 
3 2679 2677 2678 
3 2678 223 221 
3 2680 2679 2678 
3 2681 2679 2680 
3 2682 2681 2680 
3 2683 2681 2682 
3 2680 2678 221 
3 2680 221 219 
3 2684 2013 2020 
3 148 2013 2684 
3 150 148 2684 
3 2685 2020 2053 
3 2684 2020 2685 
3 2686 2053 2018 
3 2685 2053 2686 
3 2687 2018 2016 
3 2686 2018 2687 
3 2689 2016 2688 
3 2687 2016 2689 
3 2690 150 2684 
3 152 150 2690 
3 2691 152 2690 
3 154 152 2691 
3 2692 154 2691 
3 156 154 2692 
3 2693 156 2692 
3 158 156 2693 
3 2694 158 2693 
3 160 158 2694 
3 2695 160 2694 
3 162 160 2695 
3 2696 162 2695 
3 164 162 2696 
3 2697 164 2696 
3 166 164 2697 
3 2698 166 2697 
3 169 166 2698 
3 172 169 2698 
3 2699 2683 2682 
3 2700 2683 2699 
3 2701 2700 2699 
3 2702 2700 2701 
3 2682 2680 219 
3 2682 219 217 
3 2699 2682 217 
3 2699 217 215 
3 2703 2702 2701 
3 2704 2702 2703 
3 2705 2704 2703 
3 2706 2704 2705 
3 2707 2706 2705 
3 2708 2706 2707 
3 2709 2708 2707 
3 2710 2708 2709 
3 2711 2710 2709 
3 2712 2710 2711 
3 2713 2712 2711 
3 2714 2712 2713 
3 2715 2714 2713 
3 2716 2714 2715 
3 2717 2716 2715 
3 2718 2716 2717 
3 2719 2718 2717 
3 2720 2718 2719 
3 2722 2688 2721 
3 2689 2688 2722 
3 2724 2721 2723 
3 2722 2721 2724 
3 2726 2723 2725 
3 2724 2723 2726 
3 2728 2725 2727 
3 2726 2725 2728 
3 2729 2727 2720 
3 2728 2727 2729 
3 2729 2720 2719 
3 2701 2699 215 
3 2701 215 213 
3 2703 2701 213 
3 2703 213 211 
3 2705 2703 211 
3 2705 211 209 
3 2707 2705 209 
3 2707 209 208 
3 2709 2707 208 
3 2709 208 207 
3 2711 2709 207 
3 2711 207 206 
3 2730 2711 206 
3 2713 2711 2730 
3 2730 206 205 
3 2731 205 203 
3 2730 205 2731 
3 2732 203 201 
3 2731 203 2732 
3 2733 201 200 
3 2732 201 2733 
3 2734 200 197 
3 2733 200 2734 
3 2735 197 185 
3 2734 197 2735 
3 2736 185 173 
3 2735 185 2736 
3 2737 173 172 
3 2736 173 2737 
3 2738 172 2698 
3 2737 172 2738 
3 2690 2684 2685 
3 2690 2685 2686 
3 2739 2730 2731 
3 2713 2730 2739 
3 2715 2713 2739 
3 2740 2731 2732 
3 2739 2731 2740 
3 2741 2739 2740 
3 2715 2739 2741 
3 2717 2715 2741 
3 2742 2690 2686 
3 2691 2690 2742 
3 2742 2686 2687 
3 2743 2687 2689 
3 2742 2687 2743 
3 2744 2691 2742 
3 2692 2691 2744 
3 2744 2742 2743 
3 2745 2689 2722 
3 2743 2689 2745 
3 2746 2743 2745 
3 2744 2743 2746 
3 2747 2744 2746 
3 2692 2744 2747 
3 2693 2692 2747 
3 2748 2717 2741 
3 2719 2717 2748 
3 2748 2741 2740 
3 2749 2740 2732 
3 2748 2740 2749 
3 2749 2732 2733 
3 2750 2693 2747 
3 2694 2693 2750 
3 2695 2694 2750 
3 2751 2747 2746 
3 2750 2747 2751 
3 2751 2746 2745 
3 2752 2745 2722 
3 2751 2745 2752 
3 2752 2722 2724 
3 2753 2724 2726 
3 2752 2724 2754 
3 2755 2726 2728 
3 2753 2726 2755 
3 2756 2695 2750 
3 2696 2695 2756 
3 2757 2750 2751 
3 2757 2751 2752 
3 2756 2750 2757 
3 2757 2752 2754 
3 2758 2696 2756 
3 2697 2696 2758 
3 2759 2697 2758 
3 2698 2697 2759 
3 2738 2698 2759 
3 2760 2756 2757 
3 2758 2756 2760 
3 2760 2757 2754 
3 2759 2758 2760 
3 2761 2753 2755 
3 2760 2754 2762 
3 2759 2760 2762 
3 2738 2759 2762 
3 2761 2738 2762 
3 2737 2738 2761 
3 2761 2762 2753 
3 2763 2737 2761 
3 2736 2737 2763 
3 2763 2761 2755 
3 2764 2755 2728 
3 2763 2755 2764 
3 2764 2728 2729 
3 2765 2736 2763 
3 2735 2736 2765 
3 2765 2763 2764 
3 2766 2764 2729 
3 2765 2764 2766 
3 2766 2729 2719 
3 2767 2735 2765 
3 2734 2735 2767 
3 2767 2765 2766 
3 2748 2766 2719 
3 2767 2766 2748 
3 2767 2748 2749 
3 2749 2734 2767 
3 2733 2734 2749 
3 2754 2753 2762 
3 2753 2754 2724 
3 2235 300 297 
3 2360 2361 2256 
3 2360 2256 2255 
3 2363 2360 2255 
3 2363 2255 2254 
3 2366 2363 2254 
3 2366 2254 2253 
3 2370 2366 2253 
3 2370 2253 2252 
3 2372 2370 2252 
3 2372 2252 2251 
3 2374 2372 2251 
3 2374 2251 2250 
3 2376 2374 2250 
3 2376 2250 2249 
3 2378 2376 2249 
3 2378 2249 2248 
3 2380 2378 2248 
3 2380 2248 2247 
3 2382 2380 2247 
3 2382 2247 2246 
3 2235 297 290 
3 2236 2235 290 
3 2236 290 288 
3 2237 2236 288 
3 2237 288 2768 
3 2238 2237 2768 
3 2384 2382 2246 
3 2384 2246 2245 
3 2238 2768 2769 
3 2239 2238 2769 
3 2239 2769 2770 
3 2240 2239 2770 
3 2386 2384 2245 
3 2386 2245 2244 
3 2240 2770 2771 
3 2241 2240 2771 
3 2388 2386 2244 
3 2388 2244 2243 
3 2241 2771 2772 
3 2242 2241 2772 
3 2772 2243 2242 
3 2388 2243 2772 
3 2256 2361 2546 
3 2683 2700 2773 
3 873 874 0 
3 2681 2683 2773 
3 2681 2773 2774 
3 908 873 0 
3 908 0 1 
3 2679 2681 2774 
3 2679 2774 2775 
3 2677 2679 2775 
3 2677 2775 2776 
3 2676 2677 2776 
3 2676 2776 2777 
3 2675 2676 2777 
3 2675 2777 2778 
3 242 2675 2778 
3 242 2778 2779 
3 240 242 2779 
3 240 2779 2780 
3 2780 1 240 
3 908 1 2780 
3 1336 1334 1931 
3 1901 1310 1311 
3 1903 1901 1311 
3 1903 1311 1313 
3 1905 1903 1313 
3 1905 1313 1328 
3 1907 1905 2781 
3 2781 1328 1346 
3 1905 1328 2781 
3 1909 1907 2781 
3 2782 1346 1383 
3 2781 1346 2782 
3 2783 1336 1931 
3 1400 1336 2783 
3 2783 1931 1933 
3 2784 1383 1385 
3 2782 1383 2784 
3 2785 1385 1387 
3 2784 1385 2785 
3 2786 1387 1399 
3 2785 1387 2786 
3 2787 1399 1426 
3 2786 1399 2787 
3 2788 1426 1424 
3 2787 1426 2788 
3 2789 1400 2783 
3 1402 1400 2789 
3 1909 2781 2782 
3 2790 1909 2782 
3 1911 1909 2790 
3 2791 1911 2790 
3 1913 1911 2791 
3 2792 1913 2791 
3 1914 1913 2792 
3 2793 1914 2792 
3 1916 1914 2793 
3 2794 1916 2793 
3 1918 1916 2794 
3 2795 1918 2794 
3 1924 1918 2795 
3 2796 1924 2795 
3 1949 1924 2796 
3 2797 1949 2796 
3 1952 1949 2797 
3 2798 1952 2797 
3 1953 1952 2798 
3 2799 1953 2798 
3 1956 1953 2799 
3 1940 1956 2799 
3 2800 1940 2799 
3 1935 1940 2800 
3 2801 1935 2800 
3 1933 1935 2801 
3 2783 1933 2801 
3 2802 1402 2789 
3 1404 1402 2802 
3 2803 1404 2802 
3 1406 1404 2803 
3 2804 1406 2803 
3 1420 1406 2804 
3 2805 1420 2804 
3 1422 1420 2805 
3 2806 1422 2805 
3 1424 1422 2806 
3 2788 1424 2806 
3 2789 2783 2801 
3 2790 2782 2784 
3 2791 2790 2784 
3 2791 2784 2785 
3 2792 2791 2785 
3 2792 2785 2786 
3 2793 2792 2786 
3 2793 2786 2787 
3 2793 2787 2788 
3 2794 2793 2788 
3 2794 2788 2806 
3 2795 2794 2806 
3 2796 2795 2806 
3 2796 2806 2805 
3 2797 2796 2805 
3 2797 2805 2804 
3 2798 2797 2804 
3 2798 2804 2803 
3 2800 2803 2802 
3 2799 2803 2800 
3 2799 2798 2803 
3 2802 2801 2800 
3 2789 2801 2802 
3 2688 2016 2015 
3 2807 2778 2777 
3 2808 2807 2777 
3 2808 2777 2776 
3 2809 2808 2776 
3 2809 2776 2775 
3 2810 2809 2775 
3 2810 2775 2774 
3 2811 2810 2774 
3 2811 2774 2773 
3 2812 2811 2773 
3 2812 2773 2700 
3 2813 2812 2700 
3 1310 1901 1898 
3 2814 2700 2702 
3 2813 2700 2814 
3 2814 2702 2704 
3 2815 2814 2704 
3 2815 2704 2706 
3 2816 2815 2706 
3 2816 2706 2708 
3 2817 2816 2708 
3 2817 2708 2710 
3 2818 2817 2710 
3 2818 2710 2712 
3 2819 2818 2712 
3 2819 2712 2714 
3 2820 2819 2714 
3 2820 2714 2716 
3 2325 2820 2716 
3 2325 2716 2718 
3 1891 2325 2718 
3 1891 2718 2720 
3 1890 1891 2720 
3 1890 2720 2727 
3 1894 1890 2727 
3 1894 2727 2725 
3 1896 1894 2725 
3 1896 2725 2723 
3 2821 1896 2723 
3 1898 1896 2821 
3 1310 1898 2821 
3 2005 1310 2821 
3 2821 2723 2721 
3 2822 2688 2015 
3 2721 2688 2822 
3 2822 2015 2005 
3 2822 2821 2721 
3 2005 2821 2822 
3 929 926 2568 
3 1030 929 2568 
3 1030 2568 2600 
3 1028 1030 2600 
3 2561 2405 248 
3 2563 2561 248 
3 2563 248 249 
3 2564 2563 249 
3 2564 249 254 
3 2579 2564 254 
3 2579 254 257 
3 2580 2579 257 
3 1028 2600 2601 
3 251 1028 2601 
3 250 251 2601 
3 250 2601 2602 
3 258 250 2602 
3 258 2602 2603 
3 261 258 2603 
3 261 2603 2604 
3 276 261 2604 
3 276 2604 2605 
3 295 276 2605 
3 295 2605 2606 
3 286 295 2606 
3 286 2606 2607 
3 283 286 2607 
3 283 2607 2608 
3 281 283 2608 
3 281 2608 2589 
3 279 281 2589 
3 279 2589 2587 
3 272 279 2587 
3 272 2587 2586 
3 269 272 2586 
3 269 2586 2584 
3 267 269 2584 
3 267 2584 2582 
3 264 267 2582 
3 2580 264 2582 
3 257 264 2580 
3 0 874 8 
3 2820 2325 2324 
3 2820 2324 2322 
3 2819 2820 2322 
3 2819 2322 2321 
3 2818 2819 2321 
3 2818 2321 2320 
3 2817 2818 2320 
3 2817 2320 2319 
3 2816 2817 2319 
3 2816 2319 2318 
3 2815 2816 2318 
3 2815 2318 2305 
3 2814 2815 2305 
3 2814 2305 2304 
3 2813 2814 2304 
3 2813 2304 2298 
3 2812 2813 2298 
3 2812 2298 2297 
3 2811 2812 2297 
3 2811 2297 2296 
3 2810 2811 2296 
3 2810 2296 2295 
3 2809 2810 2295 
3 867 2807 2808 
3 865 867 2808 
3 2809 2295 860 
3 865 2808 2809 
3 865 2809 860 
3 382 329 331 
3 335 337 386 
3 335 386 384 
3 333 335 384 
3 382 333 384 
3 331 333 382 
3 2390 2388 2772 
3 2768 288 274 
3 263 265 2399 
3 2823 263 2399 
3 266 263 2823 
3 268 266 2823 
3 2823 2399 2397 
3 2824 2772 2771 
3 2390 2772 2824 
3 2393 2390 2824 
3 2825 2768 274 
3 2769 2768 2825 
3 2825 274 273 
3 2826 2771 2770 
3 2824 2771 2826 
3 2827 2770 2769 
3 2826 2770 2827 
3 2827 2769 2825 
3 2828 2823 2397 
3 2828 2397 2395 
3 268 2823 2828 
3 270 268 2828 
3 2829 270 2828 
3 273 270 2829 
3 2825 273 2829 
3 2827 2825 2829 
3 2830 2824 2826 
3 2393 2824 2830 
3 2395 2393 2830 
3 2828 2395 2830 
3 2829 2828 2830 
3 2826 2829 2830 
3 2827 2829 2826 
3 2546 2361 2554 
3 894 120 121 
3 2831 874 876 
3 8 874 2831 
3 47 8 2831 
3 2832 894 121 
3 911 894 2832 
3 2832 121 123 
3 2833 911 2832 
3 933 911 2833 
3 2834 933 2833 
3 888 933 2834 
3 2835 888 2834 
3 886 888 2835 
3 2836 886 2835 
3 884 886 2836 
3 2837 876 884 
3 2831 876 2837 
3 2837 884 2836 
3 2838 2832 123 
3 2833 2832 2838 
3 2838 123 124 
3 2839 124 126 
3 2838 124 2839 
3 2840 126 127 
3 2839 126 2840 
3 2841 127 57 
3 2840 127 2841 
3 2842 57 47 
3 2841 57 2842 
3 2842 47 2831 
3 2842 2831 2837 
3 2841 2837 2836 
3 2842 2837 2841 
3 2840 2841 2836 
3 2840 2836 2835 
3 2839 2835 2834 
3 2839 2840 2835 
3 2834 2838 2839 
3 2833 2838 2834 
3 907 908 2780 
3 2807 867 869 
3 2843 2780 2779 
3 907 2780 2843 
3 869 907 2843 
3 2843 2779 2778 
3 2843 2807 869 
3 2778 2807 2843 
3 1991 1325 1323 
3 83 84 2844 
3 2847 2846 2845 
3 2848 191 180 
3 2849 191 2848 
3 2850 180 178 
3 2848 180 2850 
3 2851 2847 2845 
3 379 2847 2851 
3 2851 2845 2852 
3 2853 379 2851 
3 378 379 2853 
3 2854 378 2853 
3 388 378 2854 
3 2855 388 2854 
3 389 388 2855 
3 2856 389 2855 
3 390 389 2856 
3 2859 2858 2857 
3 2860 2858 2859 
3 2862 2857 2861 
3 2859 2857 2862 
3 2863 83 2844 
3 86 83 2863 
3 2863 2844 2864 
3 2865 2861 356 
3 2862 2861 2865 
3 2866 356 358 
3 2865 356 2866 
3 2867 2849 2848 
3 2868 2849 2867 
3 2869 390 2856 
3 391 390 2869 
3 2870 391 2869 
3 387 391 2870 
3 2871 2860 2859 
3 2864 2860 2871 
3 2863 2864 2871 
3 2872 358 360 
3 2866 358 2872 
3 2873 387 2870 
3 385 387 2873 
3 2874 360 362 
3 2872 360 2874 
3 2875 2868 2867 
3 2876 2868 2875 
3 2877 178 175 
3 2850 178 2877 
3 2878 2876 2875 
3 2879 2876 2878 
3 2880 175 145 
3 2877 175 2880 
3 2881 145 116 
3 2880 145 2881 
3 2881 116 114 
3 2882 114 111 
3 2881 114 2882 
3 2883 111 107 
3 2882 111 2883 
3 2884 107 103 
3 2883 107 2884 
3 2885 103 101 
3 2884 103 2885 
3 2886 2863 2871 
3 86 2863 2886 
3 88 86 2886 
3 2887 88 2886 
3 90 88 2887 
3 2888 90 2887 
3 92 90 2888 
3 99 92 2888 
3 2889 99 2888 
3 101 99 2889 
3 2890 101 2889 
3 2885 101 2890 
3 2891 362 364 
3 2874 362 2891 
3 2892 2851 2852 
3 2853 2851 2892 
3 2892 2852 2893 
3 2895 2893 2894 
3 2892 2893 2895 
3 2897 2894 2896 
3 2895 2894 2897 
3 2899 2896 2898 
3 2897 2896 2899 
3 2870 2898 2900 
3 2873 2870 2900 
3 2873 2900 2901 
3 385 2873 2901 
3 383 385 2901 
3 383 2901 2902 
3 2903 383 2902 
3 381 383 2903 
3 2903 2902 2904 
3 2906 2904 2905 
3 2903 2904 2906 
3 2908 2905 2907 
3 2906 2905 2908 
3 2910 2907 2909 
3 2908 2907 2910 
3 381 2903 2906 
3 377 381 2906 
3 377 2906 2908 
3 376 377 2908 
3 376 2908 2910 
3 375 376 2910 
3 2911 2910 2909 
3 375 2910 2911 
3 2911 2909 2912 
3 374 375 2911 
3 2913 2911 2912 
3 374 2911 2913 
3 2913 2912 2914 
3 373 374 2913 
3 2915 2913 2914 
3 373 2913 2915 
3 2915 2914 2916 
3 372 373 2915 
3 2917 2915 2916 
3 372 2915 2917 
3 2917 2916 2918 
3 371 372 2917 
3 2919 2917 2918 
3 371 2917 2919 
3 2919 2918 2920 
3 370 371 2919 
3 2921 2919 2920 
3 370 2919 2921 
3 2921 2920 2922 
3 369 370 2921 
3 2923 2921 2922 
3 369 2921 2923 
3 2923 2922 2924 
3 2925 369 2923 
3 368 369 2925 
3 2926 2923 2924 
3 2925 2923 2926 
3 2926 2924 2879 
3 2927 2879 2878 
3 2926 2879 2927 
3 2928 368 2925 
3 367 368 2928 
3 2929 367 2928 
3 366 367 2929 
3 2930 366 2929 
3 364 366 2930 
3 2891 364 2930 
3 2899 2898 2870 
3 2867 2848 2850 
3 2899 2870 2869 
3 2927 2925 2926 
3 2854 2853 2892 
3 2928 2925 2927 
3 2854 2892 2895 
3 2931 2928 2927 
3 2929 2928 2931 
3 2855 2854 2895 
3 2931 2927 2878 
3 2856 2855 2895 
3 2932 2886 2871 
3 2887 2886 2932 
3 2856 2895 2897 
3 2932 2871 2859 
3 2897 2869 2856 
3 2899 2869 2897 
3 2932 2859 2862 
3 2933 2862 2865 
3 2932 2862 2933 
3 2887 2932 2933 
3 2888 2887 2933 
3 2889 2888 2933 
3 2934 2933 2865 
3 2934 2865 2866 
3 2934 2866 2872 
3 2890 2934 2872 
3 2890 2872 2874 
3 2885 2890 2874 
3 2935 2885 2874 
3 2884 2885 2935 
3 2935 2874 2891 
3 2936 2884 2935 
3 2883 2884 2936 
3 2937 2935 2891 
3 2937 2891 2930 
3 2936 2935 2937 
3 2938 2878 2875 
3 2931 2878 2938 
3 2939 2931 2938 
3 2929 2931 2939 
3 2930 2929 2939 
3 2940 2930 2939 
3 2937 2930 2940 
3 2941 2939 2938 
3 2940 2939 2941 
3 2942 2938 2875 
3 2941 2938 2942 
3 2942 2875 2867 
3 2942 2867 2850 
3 2942 2850 2877 
3 2941 2942 2877 
3 2943 2877 2880 
3 2941 2877 2943 
3 2940 2941 2943 
3 2944 2940 2943 
3 2937 2940 2944 
3 2936 2937 2944 
3 2945 2936 2944 
3 2883 2936 2945 
3 2882 2883 2945 
3 2946 2882 2945 
3 2946 2944 2943 
3 2945 2944 2946 
3 2881 2882 2946 
3 2946 2880 2881 
3 2943 2880 2946 
3 2889 2934 2890 
3 2934 2889 2933 
3 192 191 2849 
3 2949 2948 2947 
3 2949 2947 2950 
3 2951 192 2849 
3 193 192 2951 
3 2951 2849 2868 
3 2952 193 2951 
3 194 193 2952 
3 2953 2949 2950 
3 2954 2949 2953 
3 2956 2950 2955 
3 2953 2950 2956 
3 2958 2955 2957 
3 2956 2955 2958 
3 2959 194 2952 
3 195 194 2959 
3 236 195 2959 
3 2960 2951 2868 
3 2952 2951 2960 
3 2960 2868 2876 
3 2961 2876 2879 
3 2960 2876 2961 
3 2962 2879 2924 
3 2961 2879 2962 
3 2963 2954 2953 
3 2964 2954 2963 
3 2965 2964 2963 
3 2966 2964 2965 
3 2967 2966 2965 
3 2968 2966 2967 
3 2969 2968 2967 
3 2970 2968 2969 
3 2971 2970 2969 
3 2972 2970 2971 
3 2973 2972 2971 
3 2974 2972 2973 
3 2975 2974 2973 
3 2976 2974 2975 
3 2977 2007 2008 
3 2978 2007 2977 
3 2979 2008 2035 
3 2977 2008 2979 
3 2980 2035 2049 
3 2979 2035 2980 
3 2981 2049 2047 
3 2980 2049 2981 
3 2982 2047 2045 
3 2981 2047 2982 
3 2983 2045 2043 
3 2982 2045 2983 
3 2984 2043 2028 
3 2983 2043 2984 
3 2985 2028 2026 
3 2984 2028 2985 
3 2986 2026 2024 
3 2985 2026 2986 
3 2987 2024 2022 
3 2986 2024 2987 
3 2988 2022 143 
3 2987 2022 2988 
3 2988 143 144 
3 2989 2924 2922 
3 2962 2924 2989 
3 2990 2922 2920 
3 2989 2922 2990 
3 2991 2920 2918 
3 2990 2920 2991 
3 2992 2918 2916 
3 2991 2918 2992 
3 2993 2916 2914 
3 2992 2916 2993 
3 246 2914 2912 
3 245 246 2912 
3 245 2912 2909 
3 244 245 2909 
3 244 2909 2907 
3 129 244 2907 
3 129 2907 2905 
3 128 129 2905 
3 128 2905 2904 
3 134 128 2904 
3 134 2904 2902 
3 136 134 2902 
3 136 2902 2901 
3 138 136 2901 
3 138 2901 2900 
3 140 138 2900 
3 133 140 2900 
3 133 2900 2898 
3 132 2898 2896 
3 133 2898 132 
3 204 132 2896 
3 204 2896 2894 
3 202 204 2894 
3 202 2894 2893 
3 199 202 2893 
3 199 2893 2852 
3 198 199 2852 
3 198 2852 2845 
3 188 198 2845 
3 188 2845 2846 
3 187 188 2846 
3 187 2846 2994 
3 171 187 2994 
3 171 2994 2995 
3 168 171 2995 
3 168 2995 2996 
3 167 168 2996 
3 2998 2996 2997 
3 167 2996 2998 
3 165 167 2998 
3 3000 2997 2999 
3 2998 2997 3000 
3 3002 2999 3001 
3 3000 2999 3002 
3 3004 3001 3003 
3 3002 3001 3004 
3 3006 3003 3005 
3 3004 3003 3006 
3 3008 3005 3007 
3 3006 3005 3008 
3 3009 2957 2978 
3 2958 2957 3009 
3 3009 2978 2977 
3 3010 144 147 
3 2988 144 3010 
3 3011 147 149 
3 3010 147 3011 
3 3012 149 151 
3 3011 149 3012 
3 3013 151 153 
3 3012 151 3013 
3 3014 153 155 
3 3013 153 3014 
3 3015 155 157 
3 3014 155 3015 
3 3016 157 159 
3 3015 157 3016 
3 3017 159 161 
3 3016 159 3017 
3 3018 161 163 
3 3017 161 3018 
3 3019 163 165 
3 3018 163 3019 
3 3019 165 2998 
3 3019 2998 3000 
3 3020 3007 2976 
3 3021 3007 3020 
3 3008 3007 3021 
3 3022 2976 2975 
3 3020 2976 3022 
3 2993 2914 246 
3 2993 246 243 
3 2992 2993 243 
3 2992 243 225 
3 3023 2992 225 
3 2991 2992 3023 
3 3023 225 228 
3 3024 236 2959 
3 234 236 3024 
3 3025 234 3024 
3 232 234 3025 
3 3026 232 3025 
3 230 232 3026 
3 3027 230 3026 
3 228 230 3027 
3 3023 228 3027 
3 3019 3000 3002 
3 2991 3023 3027 
3 3018 3019 3002 
3 2990 2991 3027 
3 3028 3002 3004 
3 3018 3002 3028 
3 2990 3027 3026 
3 3017 3018 3028 
3 2989 2990 3026 
3 3029 2953 2956 
3 2963 2953 3029 
3 2989 3026 3025 
3 3029 2956 2958 
3 2962 3025 3024 
3 3030 3004 3006 
3 3028 3004 3030 
3 2962 2989 3025 
3 3017 3028 3030 
3 2961 2962 3024 
3 3016 3017 3030 
3 2961 3024 2959 
3 3031 3006 3008 
3 3030 3006 3031 
3 2959 2960 2961 
3 2952 2960 2959 
3 3016 3030 3031 
3 3015 3016 3031 
3 3032 3008 3021 
3 3031 3008 3032 
3 3015 3031 3032 
3 3033 3015 3032 
3 3014 3015 3033 
3 3034 2963 3029 
3 2965 2963 3034 
3 3035 3029 2958 
3 3034 3029 3035 
3 3035 2958 3009 
3 3036 3014 3033 
3 3013 3014 3036 
3 3037 3033 3032 
3 3038 3033 3037 
3 3037 3032 3021 
3 3039 3021 3020 
3 3037 3021 3039 
3 3039 3020 3022 
3 3040 3013 3036 
3 3012 3013 3040 
3 3041 3012 3040 
3 3011 3012 3041 
3 3038 3036 3033 
3 3040 3036 3038 
3 3042 3011 3041 
3 3010 3011 3042 
3 3043 3010 3042 
3 2988 3010 3043 
3 3044 2988 3043 
3 2987 2988 3044 
3 3045 3037 3039 
3 3038 3037 3045 
3 3046 3039 3022 
3 3047 2987 3044 
3 2986 2987 3047 
3 3048 3040 3038 
3 3041 3040 3048 
3 3048 3038 3045 
3 3049 3041 3048 
3 3042 3041 3049 
3 3043 3042 3049 
3 3050 3043 3049 
3 3044 3043 3050 
3 3047 3044 3050 
3 3051 2986 3047 
3 2985 2986 3051 
3 3052 2985 3051 
3 2984 2985 3052 
3 3053 2984 3052 
3 2983 2984 3053 
3 3054 2983 3053 
3 2982 2983 3054 
3 2981 2982 3054 
3 3055 2965 3034 
3 2967 2965 3055 
3 3056 3034 3035 
3 3055 3034 3056 
3 3057 3035 3009 
3 3056 3035 3057 
3 3058 3009 2977 
3 3058 2977 2979 
3 3057 3009 3058 
3 3059 2979 2980 
3 3058 2979 3059 
3 3059 2980 2981 
3 3060 2981 3054 
3 3059 2981 3060 
3 3061 3058 3059 
3 3057 3058 3061 
3 3061 3059 3060 
3 3062 3057 3061 
3 3056 3057 3062 
3 3063 3056 3062 
3 3055 3056 3063 
3 3064 3055 3063 
3 2967 3055 3064 
3 2969 2967 3064 
3 3065 2969 3064 
3 2971 2969 3065 
3 3066 2971 3065 
3 2973 2971 3066 
3 3067 2973 3066 
3 2975 2973 3067 
3 3068 2975 3067 
3 3022 2975 3068 
3 3069 3064 3063 
3 3065 3064 3069 
3 3070 3063 3062 
3 3069 3063 3070 
3 3070 3062 3061 
3 3070 3061 3060 
3 3071 3060 3054 
3 3070 3060 3071 
3 3071 3054 3053 
3 3072 3070 3071 
3 3069 3070 3072 
3 3073 3069 3072 
3 3065 3069 3073 
3 3066 3065 3073 
3 3074 3066 3073 
3 3067 3066 3074 
3 3075 3067 3074 
3 3068 3067 3075 
3 3076 3071 3053 
3 3072 3071 3076 
3 3076 3053 3052 
3 3077 3052 3051 
3 3076 3052 3077 
3 3078 3051 3047 
3 3077 3051 3078 
3 3078 3047 3050 
3 3079 3073 3072 
3 3074 3073 3079 
3 3079 3072 3076 
3 3079 3076 3077 
3 3079 3077 3078 
3 3080 3074 3079 
3 3075 3074 3080 
3 3080 3079 3078 
3 3080 3078 3050 
3 3081 3050 3049 
3 3080 3050 3081 
3 3075 3080 3081 
3 3046 3075 3081 
3 3068 3075 3046 
3 3022 3068 3046 
3 3045 3039 3046 
3 3045 3046 3081 
3 3081 3048 3045 
3 3049 3048 3081 
3 3084 3083 3082 
3 3083 3085 3082 
3 3087 3086 3085 
3 3090 3089 3088 
3 3090 3085 3089 
3 3089 3091 3088 
3 3089 3086 3092 
3 3093 3086 3087 
3 3092 3091 3089 
3 3094 3092 3093 
3 3097 3096 3095 
3 3095 3096 3098 
3 3099 33 32 
3 3100 35 33 
3 3103 3102 3101 
3 3102 3104 3101 
3 3106 3105 3104 
3 3103 3091 3102 
3 3107 3088 3091 
3 3092 3102 3091 
3 3094 3106 3102 
3 3105 3098 3104 
3 3105 3095 3098 
3 35 3108 37 
3 39 37 3108 
3 41 39 3109 
3 43 41 3110 
3 49 3112 3111 
3 49 3113 3112 
3 3116 3115 3114 
3 3115 62 54 
3 3116 64 62 
3 3111 3117 52 
3 3115 3117 3114 
3 54 52 3117 
3 3120 3119 3118 
3 3119 2844 84 
3 3120 2864 2844 
3 3122 3121 3116 
3 64 3116 3121 
3 3122 3123 3121 
3 3125 3124 3123 
3 3118 3119 3124 
3 3121 3126 66 
3 3121 3124 3126 
3 3119 3126 3124 
3 84 66 3126 
3 3127 3118 3125 
3 3129 3128 3120 
3 3129 3118 3127 
3 3129 3130 3128 
3 3128 3130 3131 
3 3128 2860 2864 
3 3131 2858 2860 
3 2860 3128 3131 
3 2864 3120 3128 
3 3129 3132 3130 
3 3127 3132 3129 
3 3120 3118 3129 
3 3126 3119 84 
3 3121 3123 3124 
3 3124 3125 3118 
3 3121 66 64 
3 3116 3114 3122 
3 3119 3120 2844 
3 3117 3115 54 
3 52 49 3111 
3 3115 3116 62 
3 49 43 3113 
3 3113 43 3110 
3 3109 3110 41 
3 3108 3109 39 
3 35 3100 3108 
3 3102 3092 3094 
3 3091 3103 3107 
3 3102 3106 3104 
3 33 3099 3100 
3 32 3097 3099 
3 3097 32 3096 
3 3086 3093 3092 
3 3089 3085 3086 
3 3090 3082 3085 
3 3085 3083 3087 
3 2323 338 336 
3 339 338 2323 
3 1408 1409 2077 
3 3135 3134 3133 
3 3138 3137 3136 
3 3139 1588 2346 
3 1587 1588 3139 
3 3141 2229 3140 
3 2359 2229 3141 
3 3142 1587 3139 
3 1604 1587 3142 
3 3145 3144 3143 
3 3146 3144 3145 
3 3147 3146 3145 
3 3148 3146 3147 
3 3149 3148 3147 
3 3150 3148 3149 
3 3153 3152 3151 
3 3154 3152 3153 
3 3155 3140 448 
3 3141 3140 3155 
3 3156 448 449 
3 3155 448 3156 
3 3159 3158 3157 
3 2003 3158 3159 
3 2002 2003 3159 
3 3161 3157 3160 
3 3159 3157 3161 
3 3163 3160 3162 
3 3161 3160 3163 
3 3165 3162 3164 
3 3163 3162 3165 
3 3166 3150 3149 
3 3167 3150 3166 
3 3168 3167 3166 
3 3169 3167 3168 
3 3170 3169 3168 
3 3171 3169 3170 
3 3172 3171 3170 
3 3173 3171 3172 
3 3174 3173 3172 
3 3151 3173 3174 
3 3153 3151 3174 
3 3175 2002 3159 
3 2011 2002 3175 
3 3176 2011 3175 
3 2092 2011 3176 
3 3177 2092 3176 
3 2078 2092 3177 
3 3178 2078 3177 
3 2077 2078 3178 
3 3179 2077 3178 
3 1408 2077 3179 
3 1414 1408 3179 
3 3181 3164 3180 
3 3165 3164 3181 
3 3183 3180 3182 
3 3181 3180 3183 
3 3185 3136 3184 
3 3138 3136 3185 
3 3187 3184 3186 
3 3185 3184 3187 
3 3189 3186 3188 
3 3187 3186 3189 
3 3191 3188 3190 
3 3189 3188 3191 
3 3193 3190 3192 
3 3191 3190 3193 
3 3194 3138 3185 
3 3195 3138 3194 
3 3196 3195 3194 
3 3197 3195 3196 
3 3198 3197 3196 
3 3199 3197 3198 
3 3200 3199 3198 
3 3201 3199 3200 
3 3204 3203 3202 
3 3205 3203 3204 
3 3207 3202 3206 
3 3204 3202 3207 
3 3209 3206 3208 
3 3207 3206 3209 
3 3211 3208 3210 
3 3209 3208 3211 
3 3212 3210 1727 
3 3211 3210 3212 
3 3213 1727 1729 
3 3212 1727 3213 
3 3214 1729 1731 
3 3213 1729 3214 
3 3215 1731 1733 
3 3214 1731 3215 
3 3216 1733 1735 
3 3215 1733 3216 
3 3217 1735 1737 
3 3216 1735 3217 
3 3218 1737 1739 
3 3217 1737 3218 
3 3219 1739 1741 
3 3218 1739 3219 
3 3220 1741 1743 
3 3219 1741 3220 
3 3221 1743 1745 
3 3220 1743 3221 
3 3222 1745 1747 
3 3221 1745 3222 
3 3223 1747 1749 
3 3222 1747 3223 
3 3224 1749 1751 
3 3223 1749 3224 
3 3225 1751 1753 
3 3224 1751 3225 
3 3225 1753 1758 
3 3228 3227 3226 
3 3229 3227 3228 
3 3231 3226 3230 
3 3228 3226 3231 
3 3232 3230 3154 
3 3231 3230 3232 
3 3232 3154 3153 
3 3233 3192 3229 
3 3193 3192 3233 
3 3233 3229 3228 
3 3234 1604 3142 
3 1605 1604 3234 
3 3235 1605 3234 
3 1649 1605 3235 
3 3236 1649 3235 
3 1651 1649 3236 
3 3237 1414 3179 
3 3238 1414 3237 
3 1416 1414 3238 
3 3239 1416 3238 
3 411 1416 3239 
3 3240 411 3239 
3 410 411 3240 
3 3241 410 3240 
3 445 410 3241 
3 3242 445 3241 
3 443 445 3242 
3 3243 443 3242 
3 441 443 3243 
3 3244 441 3243 
3 439 441 3244 
3 3245 439 3244 
3 437 439 3245 
3 3246 437 3245 
3 435 437 3246 
3 3247 435 3246 
3 433 435 3247 
3 3248 2344 2359 
3 2345 2344 3248 
3 3249 2359 3141 
3 3248 2359 3249 
3 3250 2345 3248 
3 2346 2345 3250 
3 3251 2346 3250 
3 3139 2346 3251 
3 3252 417 420 
3 415 417 3252 
3 3253 420 422 
3 3252 420 3253 
3 3254 422 424 
3 3253 422 3254 
3 3255 424 426 
3 3254 424 3255 
3 3256 426 427 
3 3255 426 3256 
3 3257 415 3252 
3 413 415 3257 
3 3258 413 3257 
3 409 413 3258 
3 3259 409 3258 
3 408 409 3259 
3 3260 408 3259 
3 455 408 3260 
3 3261 455 3260 
3 453 455 3261 
3 451 453 3261 
3 3262 451 3261 
3 449 451 3262 
3 3263 449 3262 
3 3156 449 3263 
3 3264 427 429 
3 3256 427 3264 
3 3265 429 431 
3 3264 429 3265 
3 3266 431 433 
3 3265 431 3266 
3 3266 433 3247 
3 3269 3268 3267 
3 3270 3268 3269 
3 3271 3267 3201 
3 3269 3267 3271 
3 3272 3201 3200 
3 3271 3201 3272 
3 3273 3270 3269 
3 3274 3270 3273 
3 3275 3274 3273 
3 3276 3274 3275 
3 3277 3276 3275 
3 3278 3276 3277 
3 3279 3278 3277 
3 3280 3278 3279 
3 3281 3280 3279 
3 3282 3280 3281 
3 3283 3282 3281 
3 3284 3282 3283 
3 3285 3284 3283 
3 3286 3284 3285 
3 3287 3286 3285 
3 3288 3286 3287 
3 3289 3288 3287 
3 3182 3288 3289 
3 3290 3182 3289 
3 3183 3182 3290 
3 3293 3292 3291 
3 3294 3292 3293 
3 3296 3291 3295 
3 3293 3291 3296 
3 3298 3295 3297 
3 3296 3295 3298 
3 3300 3297 3299 
3 3298 3297 3300 
3 3302 3299 3301 
3 3300 3299 3302 
3 3304 3301 3303 
3 3302 3301 3304 
3 3306 3303 3305 
3 3304 3303 3306 
3 3308 3305 3307 
3 3306 3305 3308 
3 3310 3307 3309 
3 3308 3307 3310 
3 3311 3309 3205 
3 3310 3309 3311 
3 3312 3205 3204 
3 3311 3205 3312 
3 3313 1758 1756 
3 3225 1758 3313 
3 3314 1756 1754 
3 3313 1756 3314 
3 3315 1754 1654 
3 3314 1754 3315 
3 3316 1654 1653 
3 3315 1654 3316 
3 3317 3294 3293 
3 3318 3294 3317 
3 3319 3294 3318 
3 3320 3319 3318 
3 3321 3319 3320 
3 3322 3321 3320 
3 3133 3321 3322 
3 3323 3133 3322 
3 3135 3133 3323 
3 3324 3135 3323 
3 3325 3135 3324 
3 3326 3325 3324 
3 3327 3325 3326 
3 3328 3327 3326 
3 3329 3327 3328 
3 3330 3329 3328 
3 3331 3329 3330 
3 3332 3331 3330 
3 3333 3331 3332 
3 3334 3333 3332 
3 3335 3333 3334 
3 3336 3335 3334 
3 3143 3335 3336 
3 3337 3143 3336 
3 3145 3143 3337 
3 3338 1653 1651 
3 3339 1653 3338 
3 3316 1653 3339 
3 3340 1651 3236 
3 3338 1651 3340 
3 3142 3139 3251 
3 3341 3159 3161 
3 3175 3159 3341 
3 3342 3145 3337 
3 3147 3145 3342 
3 3343 3161 3163 
3 3341 3161 3343 
3 3344 3147 3342 
3 3149 3147 3344 
3 3345 3179 3178 
3 3237 3179 3345 
3 3345 3178 3177 
3 3346 3163 3165 
3 3343 3163 3346 
3 3347 3248 3249 
3 3250 3248 3347 
3 3348 3177 3176 
3 3345 3177 3348 
3 3348 3176 3175 
3 3349 3175 3341 
3 3348 3175 3349 
3 3349 3341 3343 
3 3350 3348 3349 
3 3345 3348 3350 
3 3351 3345 3350 
3 3237 3345 3351 
3 3352 3237 3351 
3 3238 3237 3352 
3 3239 3238 3352 
3 3353 3239 3352 
3 3240 3239 3353 
3 3354 3240 3353 
3 3355 3349 3343 
3 3350 3349 3355 
3 3355 3343 3346 
3 3356 3350 3355 
3 3351 3350 3356 
3 3357 3351 3356 
3 3352 3351 3357 
3 3353 3352 3357 
3 3358 3142 3251 
3 3234 3142 3358 
3 3359 3251 3250 
3 3358 3251 3359 
3 3359 3250 3347 
3 3360 3149 3344 
3 3166 3149 3360 
3 3361 3141 3155 
3 3249 3141 3361 
3 3362 3249 3361 
3 3347 3249 3362 
3 3363 3347 3362 
3 3359 3347 3363 
3 3364 3359 3363 
3 3358 3359 3364 
3 3365 3358 3364 
3 3234 3358 3365 
3 3235 3234 3365 
3 3366 3235 3365 
3 3236 3235 3366 
3 3367 3365 3364 
3 3366 3365 3367 
3 3368 3364 3363 
3 3367 3364 3368 
3 3369 3363 3362 
3 3368 3363 3369 
3 3370 3362 3361 
3 3369 3362 3370 
3 3371 3361 3155 
3 3370 3361 3371 
3 3371 3155 3156 
3 3372 3355 3346 
3 3356 3355 3372 
3 3373 3356 3372 
3 3357 3356 3373 
3 3374 3357 3373 
3 3353 3357 3374 
3 3354 3353 3374 
3 3241 3240 3354 
3 3375 3241 3354 
3 3242 3241 3375 
3 3376 3242 3375 
3 3243 3242 3376 
3 3377 3185 3187 
3 3194 3185 3377 
3 3378 3187 3189 
3 3377 3187 3378 
3 3379 3165 3181 
3 3346 3165 3379 
3 3372 3346 3379 
3 3380 3372 3379 
3 3373 3372 3380 
3 3381 3373 3380 
3 3374 3373 3381 
3 3382 3374 3381 
3 3354 3374 3382 
3 3375 3354 3382 
3 3383 3375 3382 
3 3376 3375 3383 
3 3384 3156 3263 
3 3371 3156 3384 
3 3385 3236 3366 
3 3340 3236 3385 
3 3386 3366 3367 
3 3385 3366 3386 
3 3387 3367 3368 
3 3386 3367 3387 
3 3387 3368 3369 
3 3388 3189 3191 
3 3378 3189 3388 
3 3389 3191 3193 
3 3388 3191 3389 
3 3390 3193 3233 
3 3389 3193 3390 
3 3391 3233 3228 
3 3390 3233 3391 
3 3392 3228 3231 
3 3391 3228 3392 
3 3393 3181 3183 
3 3379 3181 3393 
3 3380 3379 3393 
3 3394 3183 3290 
3 3393 3183 3394 
3 3395 3369 3370 
3 3387 3369 3395 
3 3396 3370 3371 
3 3395 3370 3396 
3 3396 3371 3384 
3 3397 3393 3394 
3 3380 3393 3397 
3 3381 3380 3397 
3 3398 3381 3397 
3 3382 3381 3398 
3 3383 3382 3399 
3 3400 3166 3360 
3 3168 3166 3400 
3 3401 3168 3400 
3 3170 3168 3401 
3 3172 3170 3401 
3 3402 3172 3401 
3 3174 3172 3402 
3 3403 3174 3402 
3 3153 3174 3403 
3 3404 3153 3403 
3 3232 3153 3404 
3 3405 3243 3376 
3 3244 3243 3405 
3 3406 3376 3383 
3 3405 3376 3406 
3 3406 3383 3399 
3 3407 3244 3405 
3 3245 3244 3407 
3 3408 3245 3407 
3 3246 3245 3408 
3 3409 3316 3339 
3 3315 3316 3409 
3 3410 3315 3409 
3 3314 3315 3410 
3 3411 3314 3410 
3 3313 3314 3411 
3 3412 3313 3411 
3 3225 3313 3412 
3 3413 3225 3412 
3 3224 3225 3413 
3 3414 3231 3232 
3 3392 3231 3414 
3 3414 3232 3404 
3 3415 3269 3271 
3 3273 3269 3415 
3 3416 3271 3272 
3 3415 3271 3416 
3 3417 3204 3207 
3 3312 3204 3417 
3 3418 3207 3209 
3 3417 3207 3418 
3 3419 3209 3211 
3 3418 3209 3419 
3 3420 3211 3212 
3 3419 3211 3420 
3 3421 3212 3213 
3 3420 3212 3421 
3 3422 3213 3214 
3 3421 3213 3422 
3 3423 3214 3215 
3 3422 3214 3423 
3 3424 3215 3216 
3 3423 3215 3424 
3 3425 3216 3217 
3 3424 3216 3425 
3 3426 3217 3218 
3 3425 3217 3426 
3 3427 3218 3219 
3 3426 3218 3427 
3 3428 3219 3220 
3 3427 3219 3428 
3 3429 3220 3221 
3 3428 3220 3429 
3 3430 3221 3222 
3 3429 3221 3430 
3 3431 3222 3223 
3 3430 3222 3431 
3 3432 3223 3224 
3 3431 3223 3432 
3 3432 3224 3413 
3 3433 3405 3406 
3 3407 3405 3433 
3 3434 3407 3433 
3 3408 3407 3434 
3 3435 3406 3399 
3 3433 3406 3435 
3 3436 3398 3397 
3 3435 3399 3437 
3 3436 3397 3394 
3 3437 3398 3436 
3 3438 3394 3290 
3 3436 3394 3438 
3 3439 3290 3289 
3 3438 3290 3439 
3 3440 3289 3287 
3 3439 3289 3440 
3 3441 3287 3285 
3 3440 3287 3441 
3 3442 3285 3283 
3 3441 3285 3442 
3 3443 3283 3281 
3 3442 3283 3443 
3 3444 3281 3279 
3 3443 3281 3444 
3 3445 3279 3277 
3 3444 3279 3445 
3 3446 3277 3275 
3 3445 3277 3446 
3 3447 3433 3435 
3 3434 3433 3447 
3 3448 3435 3437 
3 3447 3435 3448 
3 3449 3437 3436 
3 3448 3437 3449 
3 3449 3436 3438 
3 3450 3438 3439 
3 3449 3438 3450 
3 3451 3439 3440 
3 3450 3439 3451 
3 3452 3440 3441 
3 3451 3440 3452 
3 3453 3441 3442 
3 3452 3441 3453 
3 3454 3442 3443 
3 3453 3442 3454 
3 3455 3443 3444 
3 3454 3443 3455 
3 3456 3444 3445 
3 3455 3444 3456 
3 3456 3445 3446 
3 3457 3275 3273 
3 3446 3275 3457 
3 3457 3273 3415 
3 3458 3446 3457 
3 3456 3446 3458 
3 3459 3415 3416 
3 3457 3415 3459 
3 3460 3457 3459 
3 3458 3457 3460 
3 3461 3252 3253 
3 3257 3252 3461 
3 3462 3253 3254 
3 3461 3253 3462 
3 3463 3254 3255 
3 3462 3254 3463 
3 3464 3255 3256 
3 3463 3255 3464 
3 3465 3256 3264 
3 3464 3256 3465 
3 3466 3264 3265 
3 3465 3264 3466 
3 3467 3265 3266 
3 3466 3265 3467 
3 3468 3266 3247 
3 3467 3266 3468 
3 3469 3293 3296 
3 3317 3293 3469 
3 3470 3296 3298 
3 3469 3296 3470 
3 3471 3298 3300 
3 3470 3298 3471 
3 3472 3300 3302 
3 3471 3300 3472 
3 3473 3302 3304 
3 3472 3302 3473 
3 3474 3304 3306 
3 3473 3304 3474 
3 3475 3306 3308 
3 3474 3306 3475 
3 3475 3308 3310 
3 3476 3310 3311 
3 3475 3310 3476 
3 3477 3311 3312 
3 3476 3311 3477 
3 3478 3312 3417 
3 3477 3312 3478 
3 3479 3417 3418 
3 3478 3417 3479 
3 3480 3418 3419 
3 3479 3418 3480 
3 3481 3419 3420 
3 3480 3419 3481 
3 3482 3420 3421 
3 3481 3420 3482 
3 3483 3421 3422 
3 3482 3421 3483 
3 3483 3422 3423 
3 3484 3423 3424 
3 3483 3423 3484 
3 3485 3424 3425 
3 3484 3424 3485 
3 3486 3425 3426 
3 3485 3425 3486 
3 3487 3426 3427 
3 3486 3426 3487 
3 3488 3427 3428 
3 3487 3427 3488 
3 3489 3428 3429 
3 3488 3428 3489 
3 3489 3429 3430 
3 3490 3430 3431 
3 3489 3430 3490 
3 3491 3431 3432 
3 3490 3431 3491 
3 3492 3432 3413 
3 3491 3432 3492 
3 3493 3261 3260 
3 3262 3261 3493 
3 3494 3260 3259 
3 3493 3260 3494 
3 3494 3259 3258 
3 3495 3456 3458 
3 3455 3456 3495 
3 3496 3455 3495 
3 3454 3455 3496 
3 3497 3454 3496 
3 3453 3454 3497 
3 3498 3453 3497 
3 3452 3453 3498 
3 3499 3452 3498 
3 3451 3452 3499 
3 3450 3451 3499 
3 3500 3450 3499 
3 3449 3450 3500 
3 3448 3449 3500 
3 3501 3458 3460 
3 3495 3458 3501 
3 3502 3448 3500 
3 3447 3448 3502 
3 3503 3460 3459 
3 3504 3460 3503 
3 3505 3475 3476 
3 3474 3475 3505 
3 3506 3476 3477 
3 3505 3476 3506 
3 3507 3477 3478 
3 3506 3477 3507 
3 3508 3478 3479 
3 3507 3478 3508 
3 3509 3474 3505 
3 3473 3474 3509 
3 3510 3473 3509 
3 3472 3473 3510 
3 3511 3472 3510 
3 3471 3472 3511 
3 3512 3471 3511 
3 3470 3471 3512 
3 3513 3470 3512 
3 3469 3470 3513 
3 3514 3469 3513 
3 3317 3469 3514 
3 3515 3479 3480 
3 3508 3479 3515 
3 3516 3480 3481 
3 3515 3480 3516 
3 3517 3481 3482 
3 3516 3481 3517 
3 3518 3482 3483 
3 3517 3482 3518 
3 3518 3483 3484 
3 3519 3317 3514 
3 3318 3317 3519 
3 3320 3318 3519 
3 3520 3320 3519 
3 3322 3320 3520 
3 3521 3322 3520 
3 3323 3322 3521 
3 3324 3323 3521 
3 3522 3324 3521 
3 3326 3324 3522 
3 3523 3521 3520 
3 3522 3521 3523 
3 3524 3326 3522 
3 3328 3326 3524 
3 3525 3522 3523 
3 3524 3522 3525 
3 3526 3328 3524 
3 3330 3328 3526 
3 3527 3330 3526 
3 3332 3330 3527 
3 3528 3332 3527 
3 3334 3332 3528 
3 3529 3334 3528 
3 3336 3334 3529 
3 3530 3336 3529 
3 3337 3336 3530 
3 3531 3337 3530 
3 3342 3337 3531 
3 3344 3342 3531 
3 3532 3524 3525 
3 3526 3524 3532 
3 3533 3526 3532 
3 3527 3526 3533 
3 3534 3527 3533 
3 3528 3527 3534 
3 3535 3344 3531 
3 3360 3344 3535 
3 3536 3360 3535 
3 3400 3360 3536 
3 3537 3400 3536 
3 3401 3400 3537 
3 3538 3401 3537 
3 3402 3401 3538 
3 3539 3402 3538 
3 3403 3402 3539 
3 3540 3403 3539 
3 3404 3403 3540 
3 3541 3404 3540 
3 3414 3404 3541 
3 3542 3538 3537 
3 3539 3538 3542 
3 3543 3537 3536 
3 3542 3537 3543 
3 3544 3536 3535 
3 3543 3536 3544 
3 3545 3539 3542 
3 3540 3539 3545 
3 3546 3540 3545 
3 3541 3540 3546 
3 3547 3541 3546 
3 3414 3541 3547 
3 3548 3414 3547 
3 3392 3414 3548 
3 3549 3392 3548 
3 3391 3392 3549 
3 3550 3391 3549 
3 3390 3391 3550 
3 3551 3535 3531 
3 3544 3535 3551 
3 3551 3531 3530 
3 3552 3530 3529 
3 3551 3530 3552 
3 3553 3529 3528 
3 3553 3528 3534 
3 3552 3529 3553 
3 3554 3552 3553 
3 3551 3552 3554 
3 3555 3551 3554 
3 3544 3551 3555 
3 3556 3553 3534 
3 3554 3553 3556 
3 3557 3554 3556 
3 3555 3554 3557 
3 3558 3544 3555 
3 3543 3544 3558 
3 3559 3555 3557 
3 3558 3555 3559 
3 3560 3542 3543 
3 3545 3542 3560 
3 3560 3543 3558 
3 3561 3545 3560 
3 3546 3545 3561 
3 3562 3560 3558 
3 3561 3560 3562 
3 3563 3558 3559 
3 3562 3558 3563 
3 3564 3546 3561 
3 3547 3546 3564 
3 3565 3547 3564 
3 3548 3547 3565 
3 3566 3548 3565 
3 3549 3548 3566 
3 3567 3549 3566 
3 3550 3549 3567 
3 3568 3561 3562 
3 3564 3561 3568 
3 3569 3562 3563 
3 3568 3562 3569 
3 3570 3563 3559 
3 3569 3563 3570 
3 3571 3559 3557 
3 3570 3559 3571 
3 3572 3557 3556 
3 3571 3557 3572 
3 3573 3556 3534 
3 3572 3556 3573 
3 3573 3534 3533 
3 3574 3564 3568 
3 3565 3564 3574 
3 3575 3568 3569 
3 3576 3568 3575 
3 3577 3569 3570 
3 3575 3569 3577 
3 3578 3570 3571 
3 3577 3570 3578 
3 3579 3571 3572 
3 3578 3571 3579 
3 3580 3572 3573 
3 3579 3572 3580 
3 3581 3573 3533 
3 3580 3573 3581 
3 3581 3533 3532 
3 3582 3532 3525 
3 3581 3532 3582 
3 3583 3525 3523 
3 3582 3525 3583 
3 3584 3523 3520 
3 3583 3523 3584 
3 3584 3520 3519 
3 3585 3519 3514 
3 3584 3519 3585 
3 3586 3514 3513 
3 3585 3514 3586 
3 3587 3513 3512 
3 3586 3513 3587 
3 3588 3512 3511 
3 3587 3512 3588 
3 3589 3511 3510 
3 3588 3511 3589 
3 3590 3584 3585 
3 3583 3584 3590 
3 3591 3585 3586 
3 3590 3585 3591 
3 3592 3586 3587 
3 3591 3586 3592 
3 3593 3587 3588 
3 3592 3587 3593 
3 3594 3588 3589 
3 3593 3588 3594 
3 3595 3583 3590 
3 3582 3583 3595 
3 3596 3582 3595 
3 3581 3582 3596 
3 3597 3581 3596 
3 3580 3581 3597 
3 3598 3580 3597 
3 3579 3580 3598 
3 3599 3579 3598 
3 3578 3579 3599 
3 3600 3578 3599 
3 3577 3578 3600 
3 3601 3577 3600 
3 3575 3577 3601 
3 3602 3510 3509 
3 3589 3510 3602 
3 3603 3589 3602 
3 3594 3589 3603 
3 3604 3509 3505 
3 3602 3509 3604 
3 3604 3505 3506 
3 3605 3506 3507 
3 3604 3506 3605 
3 3606 3507 3508 
3 3605 3507 3606 
3 3607 3508 3515 
3 3606 3508 3607 
3 3608 3515 3516 
3 3607 3515 3608 
3 3609 3516 3517 
3 3608 3516 3609 
3 3610 3517 3518 
3 3609 3517 3610 
3 3611 3518 3484 
3 3610 3518 3611 
3 3611 3484 3485 
3 3612 3485 3486 
3 3611 3485 3612 
3 3613 3486 3487 
3 3612 3486 3613 
3 3614 3487 3488 
3 3613 3487 3614 
3 3615 3488 3489 
3 3614 3488 3615 
3 3616 3489 3490 
3 3615 3489 3616 
3 3617 3490 3491 
3 3616 3490 3617 
3 3618 3491 3492 
3 3617 3491 3618 
3 3619 3492 3413 
3 3618 3492 3620 
3 3619 3413 3412 
3 3620 3492 3619 
3 3621 3412 3411 
3 3619 3412 3621 
3 3622 3411 3410 
3 3621 3411 3622 
3 3623 3410 3409 
3 3622 3410 3623 
3 3624 3409 3339 
3 3623 3409 3624 
3 3625 3339 3338 
3 3624 3339 3625 
3 3625 3338 3340 
3 3626 3340 3385 
3 3625 3340 3626 
3 3627 3385 3386 
3 3626 3385 3627 
3 3628 3386 3387 
3 3627 3386 3628 
3 3628 3387 3395 
3 3629 3395 3396 
3 3628 3395 3629 
3 3630 3396 3384 
3 3629 3396 3630 
3 3631 3447 3502 
3 3632 3447 3631 
3 3434 3447 3632 
3 3633 3434 3632 
3 3408 3434 3633 
3 3634 3632 3631 
3 3633 3632 3634 
3 3635 3408 3633 
3 3246 3408 3635 
3 3636 3246 3635 
3 3637 3636 3635 
3 3468 3636 3638 
3 3639 3633 3634 
3 3635 3633 3639 
3 3637 3635 3639 
3 3638 3636 3637 
3 3640 3384 3263 
3 3630 3384 3640 
3 3641 3263 3262 
3 3640 3263 3641 
3 3641 3262 3493 
3 3642 3575 3601 
3 3576 3575 3642 
3 3574 3568 3576 
3 3643 3459 3416 
3 3503 3459 3643 
3 3644 3416 3272 
3 3643 3416 3644 
3 3644 3272 3200 
3 3645 3200 3198 
3 3644 3200 3645 
3 3646 3198 3196 
3 3645 3198 3646 
3 3647 3196 3194 
3 3647 3194 3377 
3 3646 3196 3647 
3 3648 3377 3378 
3 3647 3377 3648 
3 3649 3378 3388 
3 3648 3378 3649 
3 3650 3388 3389 
3 3649 3388 3650 
3 3651 3389 3390 
3 3650 3389 3651 
3 3651 3390 3550 
3 3652 3550 3567 
3 3651 3550 3652 
3 3653 3646 3647 
3 3645 3646 3653 
3 3653 3647 3648 
3 3654 3645 3653 
3 3644 3645 3654 
3 3655 3644 3654 
3 3643 3644 3655 
3 3656 3643 3655 
3 3503 3643 3656 
3 3657 3648 3649 
3 3658 3648 3657 
3 3658 3653 3648 
3 3654 3653 3658 
3 3659 3654 3658 
3 3655 3654 3659 
3 3660 3655 3659 
3 3656 3655 3660 
3 3661 3649 3650 
3 3657 3649 3661 
3 3662 3650 3651 
3 3661 3650 3662 
3 3662 3651 3652 
3 3663 3658 3657 
3 3659 3658 3663 
3 3664 3657 3661 
3 3663 3657 3664 
3 3665 3659 3663 
3 3660 3659 3665 
3 3666 3661 3662 
3 3664 3661 3666 
3 3667 3662 3652 
3 3666 3662 3667 
3 3668 3652 3567 
3 3667 3652 3668 
3 3669 3567 3566 
3 3668 3567 3669 
3 3670 3566 3565 
3 3670 3565 3574 
3 3669 3566 3670 
3 3671 3574 3576 
3 3670 3574 3671 
3 3672 3576 3642 
3 3671 3576 3672 
3 3673 3669 3670 
3 3668 3669 3673 
3 3673 3670 3671 
3 3674 3668 3673 
3 3667 3668 3674 
3 3675 3673 3671 
3 3674 3673 3675 
3 3675 3671 3672 
3 3676 3257 3461 
3 3258 3257 3676 
3 3677 3258 3676 
3 3494 3258 3677 
3 3678 3494 3677 
3 3493 3494 3678 
3 3641 3493 3678 
3 3679 3641 3678 
3 3640 3641 3679 
3 3680 3640 3679 
3 3630 3640 3680 
3 3681 3461 3462 
3 3676 3461 3681 
3 3682 3462 3463 
3 3681 3462 3682 
3 3683 3677 3676 
3 3678 3677 3684 
3 3679 3678 3684 
3 3683 3676 3681 
3 3684 3677 3683 
3 3685 3681 3682 
3 3683 3681 3685 
3 3686 3463 3464 
3 3682 3463 3686 
3 3687 3682 3686 
3 3685 3682 3687 
3 3688 3464 3465 
3 3686 3464 3688 
3 3689 3465 3466 
3 3688 3465 3689 
3 3690 3466 3467 
3 3689 3466 3690 
3 3691 3467 3468 
3 3690 3467 3691 
3 3692 3468 3638 
3 3691 3468 3692 
3 3693 3686 3688 
3 3687 3686 3693 
3 3694 3688 3689 
3 3693 3688 3694 
3 3695 3689 3690 
3 3694 3689 3695 
3 3696 3690 3691 
3 3695 3690 3696 
3 3697 3691 3692 
3 3696 3691 3697 
3 3698 3692 3638 
3 3697 3692 3698 
3 3699 3638 3637 
3 3698 3638 3699 
3 3700 3637 3639 
3 3699 3637 3700 
3 3701 3639 3634 
3 3700 3639 3701 
3 3702 3634 3631 
3 3701 3634 3702 
3 3703 3631 3502 
3 3702 3631 3703 
3 3704 3502 3500 
3 3703 3502 3704 
3 3704 3500 3499 
3 3705 3499 3498 
3 3704 3499 3705 
3 3706 3498 3497 
3 3705 3498 3706 
3 3707 3497 3496 
3 3706 3497 3707 
3 3708 3496 3495 
3 3707 3496 3708 
3 3708 3495 3501 
3 3709 3590 3591 
3 3595 3590 3709 
3 3710 3591 3592 
3 3709 3591 3710 
3 3711 3592 3593 
3 3710 3592 3711 
3 3712 3593 3594 
3 3711 3593 3712 
3 3713 3594 3603 
3 3712 3594 3713 
3 3714 3595 3709 
3 3596 3595 3714 
3 3715 3596 3714 
3 3597 3596 3715 
3 3716 3597 3715 
3 3598 3597 3716 
3 3717 3709 3710 
3 3714 3709 3717 
3 3718 3710 3711 
3 3717 3710 3718 
3 3718 3711 3712 
3 3719 3715 3714 
3 3716 3715 3719 
3 3720 3714 3717 
3 3719 3714 3720 
3 3721 3717 3718 
3 3720 3717 3721 
3 3722 3718 3712 
3 3721 3718 3722 
3 3723 3712 3713 
3 3724 3598 3716 
3 3599 3598 3724 
3 3725 3716 3719 
3 3724 3716 3725 
3 3726 3719 3720 
3 3725 3719 3726 
3 3727 3720 3721 
3 3726 3720 3727 
3 3728 3721 3722 
3 3727 3721 3728 
3 3729 3599 3724 
3 3600 3599 3729 
3 3730 3600 3729 
3 3601 3600 3730 
3 3731 3601 3730 
3 3642 3601 3731 
3 3732 3642 3731 
3 3672 3642 3732 
3 3733 3672 3732 
3 3675 3672 3733 
3 3734 3724 3725 
3 3729 3724 3734 
3 3735 3725 3726 
3 3734 3725 3735 
3 3736 3726 3727 
3 3735 3726 3736 
3 3736 3727 3728 
3 3737 3729 3734 
3 3730 3729 3737 
3 3738 3734 3735 
3 3737 3734 3738 
3 3739 3735 3736 
3 3738 3735 3739 
3 3740 3736 3728 
3 3739 3736 3740 
3 3741 3728 3722 
3 3740 3728 3741 
3 3723 3722 3712 
3 3741 3722 3723 
3 3742 3730 3737 
3 3731 3730 3742 
3 3743 3731 3742 
3 3732 3731 3743 
3 3744 3732 3743 
3 3745 3732 3744 
3 3746 3737 3738 
3 3742 3737 3746 
3 3747 3738 3739 
3 3746 3738 3747 
3 3748 3739 3740 
3 3747 3739 3748 
3 3749 3740 3741 
3 3748 3740 3749 
3 3750 3741 3723 
3 3749 3741 3750 
3 3751 3742 3746 
3 3752 3742 3751 
3 3743 3742 3752 
3 3753 3743 3752 
3 3744 3743 3753 
3 3754 3752 3751 
3 3753 3752 3754 
3 3755 3746 3747 
3 3751 3746 3755 
3 3756 3751 3755 
3 3754 3751 3756 
3 3757 3747 3748 
3 3755 3747 3757 
3 3758 3748 3749 
3 3757 3748 3758 
3 3759 3749 3750 
3 3758 3749 3759 
3 3760 3755 3757 
3 3761 3755 3760 
3 3762 3757 3758 
3 3760 3757 3762 
3 3763 3758 3759 
3 3762 3758 3763 
3 3764 3723 3713 
3 3750 3723 3764 
3 3765 3713 3603 
3 3764 3713 3765 
3 3766 3603 3602 
3 3766 3602 3604 
3 3765 3603 3766 
3 3767 3604 3605 
3 3766 3604 3767 
3 3768 3765 3766 
3 3764 3765 3768 
3 3768 3766 3767 
3 3769 3764 3768 
3 3750 3764 3769 
3 3759 3750 3769 
3 3770 3605 3606 
3 3767 3605 3770 
3 3771 3606 3607 
3 3770 3606 3771 
3 3772 3767 3770 
3 3768 3767 3772 
3 3769 3768 3772 
3 3773 3769 3772 
3 3759 3769 3773 
3 3774 3759 3773 
3 3775 3770 3771 
3 3772 3770 3775 
3 3773 3772 3775 
3 3776 3607 3608 
3 3771 3607 3776 
3 3777 3608 3609 
3 3776 3608 3777 
3 3778 3609 3610 
3 3777 3609 3778 
3 3779 3771 3776 
3 3775 3771 3779 
3 3780 3776 3777 
3 3779 3776 3780 
3 3781 3777 3778 
3 3780 3777 3781 
3 3782 3775 3779 
3 3773 3775 3782 
3 3774 3773 3782 
3 3763 3759 3774 
3 3783 3610 3611 
3 3778 3610 3783 
3 3784 3778 3783 
3 3781 3778 3784 
3 3785 3611 3612 
3 3783 3611 3785 
3 3786 3612 3613 
3 3785 3612 3786 
3 3787 3613 3614 
3 3786 3613 3787 
3 3788 3614 3615 
3 3787 3614 3788 
3 3789 3615 3616 
3 3788 3615 3789 
3 3789 3616 3617 
3 3790 3779 3780 
3 3782 3779 3790 
3 3791 3780 3781 
3 3790 3780 3791 
3 3792 3781 3784 
3 3791 3781 3792 
3 3793 3783 3785 
3 3784 3783 3793 
3 3794 3784 3793 
3 3792 3784 3794 
3 3795 3785 3786 
3 3793 3785 3795 
3 3796 3786 3787 
3 3795 3786 3796 
3 3797 3787 3788 
3 3796 3787 3797 
3 3798 3788 3789 
3 3797 3788 3798 
3 3799 3789 3617 
3 3798 3789 3799 
3 3800 3617 3618 
3 3799 3617 3800 
3 3801 3618 3620 
3 3800 3618 3801 
3 3802 3620 3619 
3 3803 3620 3802 
3 3802 3619 3621 
3 3804 3621 3622 
3 3802 3621 3804 
3 3805 3622 3623 
3 3804 3622 3805 
3 3806 3623 3624 
3 3805 3623 3806 
3 3807 3624 3625 
3 3806 3624 3807 
3 3808 3625 3626 
3 3807 3625 3808 
3 3809 3626 3627 
3 3808 3626 3809 
3 3810 3627 3628 
3 3809 3627 3810 
3 3810 3628 3629 
3 3811 3782 3790 
3 3774 3782 3811 
3 3812 3774 3811 
3 3763 3774 3812 
3 3813 3763 3812 
3 3762 3763 3813 
3 3814 3790 3791 
3 3811 3790 3814 
3 3815 3791 3792 
3 3814 3791 3815 
3 3816 3792 3794 
3 3815 3792 3816 
3 3817 3794 3793 
3 3816 3794 3818 
3 3817 3793 3795 
3 3818 3794 3817 
3 3819 3795 3796 
3 3817 3795 3819 
3 3820 3796 3797 
3 3819 3796 3820 
3 3821 3797 3798 
3 3820 3797 3821 
3 3822 3798 3799 
3 3821 3798 3822 
3 3823 3811 3814 
3 3812 3811 3823 
3 3824 3814 3815 
3 3823 3814 3824 
3 3825 3815 3816 
3 3824 3815 3825 
3 3826 3816 3818 
3 3825 3816 3826 
3 3827 3818 3817 
3 3828 3818 3827 
3 3827 3817 3819 
3 3829 3819 3820 
3 3827 3819 3829 
3 3830 3820 3821 
3 3829 3820 3830 
3 3831 3821 3822 
3 3830 3821 3831 
3 3832 3629 3630 
3 3810 3629 3832 
3 3833 3630 3680 
3 3832 3630 3833 
3 3834 3680 3679 
3 3833 3680 3834 
3 3835 3679 3684 
3 3834 3679 3835 
3 3836 3684 3683 
3 3835 3684 3836 
3 3836 3683 3685 
3 3837 3685 3687 
3 3836 3685 3837 
3 3838 3836 3837 
3 3835 3836 3838 
3 3839 3835 3838 
3 3834 3835 3839 
3 3840 3834 3839 
3 3833 3834 3840 
3 3841 3833 3840 
3 3832 3833 3841 
3 3842 3832 3841 
3 3810 3832 3842 
3 3843 3809 3842 
3 3809 3810 3842 
3 3844 3809 3843 
3 3808 3809 3844 
3 3807 3808 3844 
3 3845 3807 3844 
3 3806 3807 3845 
3 3846 3844 3843 
3 3845 3844 3846 
3 3847 3839 3838 
3 3848 3839 3847 
3 3848 3840 3839 
3 3841 3840 3848 
3 3849 3841 3848 
3 3842 3841 3849 
3 3843 3842 3849 
3 3850 3843 3849 
3 3846 3843 3850 
3 3851 3687 3693 
3 3837 3687 3851 
3 3852 3837 3851 
3 3838 3837 3853 
3 3847 3838 3853 
3 3854 3693 3694 
3 3851 3693 3855 
3 3856 3694 3695 
3 3855 3693 3854 
3 3857 3695 3696 
3 3856 3695 3857 
3 3858 3696 3697 
3 3857 3696 3858 
3 3859 3697 3698 
3 3858 3697 3859 
3 3860 3698 3699 
3 3859 3698 3860 
3 3860 3699 3700 
3 3861 3806 3845 
3 3805 3806 3861 
3 3862 3845 3846 
3 3861 3845 3862 
3 3863 3846 3850 
3 3862 3846 3863 
3 3864 3805 3861 
3 3804 3805 3864 
3 3865 3804 3864 
3 3802 3804 3865 
3 3803 3802 3865 
3 3801 3620 3803 
3 3866 3850 3849 
3 3863 3850 3866 
3 3867 3849 3848 
3 3866 3849 3867 
3 3867 3848 3847 
3 3868 3847 3853 
3 3867 3847 3868 
3 3869 3867 3868 
3 3866 3867 3869 
3 3870 3866 3869 
3 3863 3866 3870 
3 3871 3868 3852 
3 3869 3868 3871 
3 3872 3852 3851 
3 3871 3852 3872 
3 3872 3851 3855 
3 3873 3869 3871 
3 3870 3869 3873 
3 3874 3871 3872 
3 3873 3871 3874 
3 3875 3872 3855 
3 3874 3872 3875 
3 3876 3855 3854 
3 3875 3855 3876 
3 3877 3863 3870 
3 3862 3863 3877 
3 3878 3870 3873 
3 3877 3870 3878 
3 3879 3862 3877 
3 3861 3862 3879 
3 3864 3861 3879 
3 3880 3877 3878 
3 3879 3877 3880 
3 3881 3873 3874 
3 3878 3873 3881 
3 3882 3878 3881 
3 3880 3878 3882 
3 3883 3874 3875 
3 3881 3874 3883 
3 3883 3875 3876 
3 3884 3865 3864 
3 3803 3865 3885 
3 3884 3864 3879 
3 3885 3865 3884 
3 3886 3879 3880 
3 3884 3879 3886 
3 3887 3880 3882 
3 3886 3880 3887 
3 3888 3882 3881 
3 3887 3882 3889 
3 3888 3881 3883 
3 3889 3882 3888 
3 3890 3883 3876 
3 3888 3883 3890 
3 3891 3888 3890 
3 3889 3888 3891 
3 3893 3889 3892 
3 3887 3889 3893 
3 3894 3887 3893 
3 3886 3887 3894 
3 3895 3886 3894 
3 3884 3886 3895 
3 3885 3884 3895 
3 3896 3885 3895 
3 3803 3885 3897 
3 3898 3803 3897 
3 3801 3803 3898 
3 3800 3801 3898 
3 3899 3800 3898 
3 3799 3800 3899 
3 3822 3799 3899 
3 3900 3822 3899 
3 3831 3822 3900 
3 3901 3899 3898 
3 3900 3899 3901 
3 3901 3898 3897 
3 3902 3901 3897 
3 3900 3901 3902 
3 3896 3897 3885 
3 3902 3897 3896 
3 3903 3895 3894 
3 3896 3895 3903 
3 3904 3900 3902 
3 3831 3900 3904 
3 3905 3831 3904 
3 3830 3831 3905 
3 3829 3830 3905 
3 3906 3829 3905 
3 3827 3829 3906 
3 3828 3827 3906 
3 3826 3818 3828 
3 3907 3905 3904 
3 3906 3905 3907 
3 3908 3906 3907 
3 3828 3906 3908 
3 3909 3856 3857 
3 3910 3856 3909 
3 3910 3911 3854 
3 3911 3876 3854 
3 3912 3857 3858 
3 3909 3857 3912 
3 3913 3858 3859 
3 3912 3858 3913 
3 3914 3904 3902 
3 3907 3904 3914 
3 3914 3902 3896 
3 3914 3896 3903 
3 3915 3903 3894 
3 3915 3894 3893 
3 3916 3907 3914 
3 3908 3907 3916 
3 3917 3914 3903 
3 3916 3914 3917 
3 3917 3903 3915 
3 3918 3859 3860 
3 3913 3859 3918 
3 3919 3860 3700 
3 3918 3860 3919 
3 3920 3700 3701 
3 3919 3700 3920 
3 3921 3701 3702 
3 3920 3701 3921 
3 3922 3702 3703 
3 3921 3702 3922 
3 3923 3703 3704 
3 3922 3703 3923 
3 3924 3704 3705 
3 3923 3704 3924 
3 3925 3705 3706 
3 3924 3705 3925 
3 3926 3706 3707 
3 3925 3706 3926 
3 3927 3707 3708 
3 3926 3707 3927 
3 3928 3708 3501 
3 3927 3708 3928 
3 3504 3501 3460 
3 3928 3501 3504 
3 3929 3503 3656 
3 3504 3503 3929 
3 3930 3656 3660 
3 3929 3656 3930 
3 3931 3660 3665 
3 3930 3660 3931 
3 3932 3504 3929 
3 3928 3504 3932 
3 3933 3929 3930 
3 3932 3929 3933 
3 3934 3930 3931 
3 3933 3930 3934 
3 3935 3928 3932 
3 3927 3928 3935 
3 3936 3932 3933 
3 3935 3932 3936 
3 3937 3933 3934 
3 3936 3933 3937 
3 3938 3927 3935 
3 3939 3927 3938 
3 3926 3927 3939 
3 3940 3926 3939 
3 3925 3926 3940 
3 3924 3925 3940 
3 3941 3924 3940 
3 3923 3924 3941 
3 3942 3923 3941 
3 3922 3923 3942 
3 3943 3922 3942 
3 3921 3922 3943 
3 3944 3921 3943 
3 3920 3921 3944 
3 3945 3920 3944 
3 3919 3920 3945 
3 3946 3919 3945 
3 3918 3919 3946 
3 3947 3935 3936 
3 3938 3935 3947 
3 3948 3936 3937 
3 3947 3936 3948 
3 3949 3940 3939 
3 3941 3940 3949 
3 3949 3939 3938 
3 3950 3941 3949 
3 3942 3941 3950 
3 3951 3942 3950 
3 3943 3942 3951 
3 3952 3943 3951 
3 3944 3943 3952 
3 3953 3944 3952 
3 3945 3944 3953 
3 3954 3945 3953 
3 3946 3945 3954 
3 3955 3949 3938 
3 3950 3949 3955 
3 3955 3938 3947 
3 3956 3950 3955 
3 3951 3950 3956 
3 3957 3951 3956 
3 3952 3951 3957 
3 3958 3952 3957 
3 3953 3952 3958 
3 3959 3953 3958 
3 3954 3953 3959 
3 3960 3955 3947 
3 3956 3955 3960 
3 3961 3947 3948 
3 3960 3947 3961 
3 3962 3956 3960 
3 3957 3956 3962 
3 3963 3957 3962 
3 3958 3957 3963 
3 3964 3958 3963 
3 3959 3958 3964 
3 3965 3963 3962 
3 3964 3963 3965 
3 3966 3960 3961 
3 3962 3960 3966 
3 3967 3962 3966 
3 3965 3962 3967 
3 3968 3961 3948 
3 3966 3961 3968 
3 3969 3948 3937 
3 3968 3948 3969 
3 3970 3937 3934 
3 3969 3937 3970 
3 3971 3934 3931 
3 3970 3934 3971 
3 3972 3931 3665 
3 3971 3931 3972 
3 3973 3665 3663 
3 3972 3665 3973 
3 3974 3973 3664 
3 3973 3663 3664 
3 3974 3664 3666 
3 3975 3966 3968 
3 3967 3966 3975 
3 3976 3968 3969 
3 3975 3968 3976 
3 3977 3969 3970 
3 3976 3969 3977 
3 3978 3970 3971 
3 3977 3970 3978 
3 3979 3971 3972 
3 3978 3971 3979 
3 3980 3972 3973 
3 3979 3972 3980 
3 3980 3973 3974 
3 3981 3974 3666 
3 3980 3974 3982 
3 3981 3666 3667 
3 3982 3974 3981 
3 3983 3667 3674 
3 3981 3667 3983 
3 3984 3674 3675 
3 3983 3674 3984 
3 3985 3984 3733 
3 3984 3675 3733 
3 3745 3733 3732 
3 3985 3733 3745 
3 3986 3980 3982 
3 3979 3980 3986 
3 3987 3982 3981 
3 3986 3982 3987 
3 3987 3981 3983 
3 3988 3983 3984 
3 3987 3983 3988 
3 3988 3984 3985 
3 3989 3979 3986 
3 3978 3979 3989 
3 3990 3978 3989 
3 3977 3978 3990 
3 3991 3977 3990 
3 3976 3977 3991 
3 3992 3976 3991 
3 3975 3976 3992 
3 3993 3987 3988 
3 3986 3987 3993 
3 3989 3986 3993 
3 3993 3988 3985 
3 3994 3985 3745 
3 3993 3985 3994 
3 3995 3993 3994 
3 3989 3993 3995 
3 3990 3989 3995 
3 3996 3745 3744 
3 3994 3745 3996 
3 3997 3744 3753 
3 3996 3744 3997 
3 3998 3994 3996 
3 3995 3994 3998 
3 3999 3995 3998 
3 3990 3995 3999 
3 3991 3990 3999 
3 4000 3991 3999 
3 3992 3991 4000 
3 4001 3999 3998 
3 4000 3999 4001 
3 4002 3998 3996 
3 4001 3998 4002 
3 4002 3996 3997 
3 4003 3753 3754 
3 3997 3753 4003 
3 4004 3997 4003 
3 4002 3997 4004 
3 4005 3754 3756 
3 4003 3754 4005 
3 4006 4003 4005 
3 4004 4003 4006 
3 4007 3975 3992 
3 3967 3975 4007 
3 4008 3992 4000 
3 4007 3992 4008 
3 4009 4000 4001 
3 4008 4000 4009 
3 4010 4001 4002 
3 4009 4001 4010 
3 4010 4002 4004 
3 4011 4004 4006 
3 4010 4004 4011 
3 4012 3967 4007 
3 3965 3967 4012 
3 4013 4007 4008 
3 4012 4007 4013 
3 4014 4008 4009 
3 4013 4008 4014 
3 4015 4009 4010 
3 4014 4009 4015 
3 4015 4010 4011 
3 4016 3965 4012 
3 3964 3965 4016 
3 4017 3964 4016 
3 3959 3964 4017 
3 4018 3959 4017 
3 3954 3959 4018 
3 4019 3954 4018 
3 3946 3954 4019 
3 4020 3946 4019 
3 3918 3946 4020 
3 4021 3918 4020 
3 3913 3918 4021 
3 4022 3913 4021 
3 3912 3913 4022 
3 4023 3912 4022 
3 3909 3912 4023 
3 4024 3909 4023 
3 3910 3909 4024 
3 4025 3910 4024 
3 3911 3910 4025 
3 4026 3911 4025 
3 3890 3911 4026 
3 4027 4024 4023 
3 4028 4024 4027 
3 4029 4023 4022 
3 4027 4023 4029 
3 4030 4022 4021 
3 4029 4022 4030 
3 4031 4021 4020 
3 4030 4021 4031 
3 4032 4020 4019 
3 4031 4020 4032 
3 4033 4019 4018 
3 4032 4019 4033 
3 4033 4018 4017 
3 4034 3828 3908 
3 3826 3828 4034 
3 4035 3826 4034 
3 3825 3826 4035 
3 4036 3825 4035 
3 3824 3825 4036 
3 4037 3824 4036 
3 3823 3824 4037 
3 4038 3823 4037 
3 3812 3823 4038 
3 4039 3812 4038 
3 3813 3812 4039 
3 4040 3813 4039 
3 4041 3813 4040 
3 4041 3762 3813 
3 3760 3762 4041 
3 4042 3908 3916 
3 4034 3908 4042 
3 4043 4034 4042 
3 4035 4034 4043 
3 4044 4035 4043 
3 4036 4035 4044 
3 4045 4036 4044 
3 4037 4036 4045 
3 4046 4037 4045 
3 4046 4038 4037 
3 4039 4038 4046 
3 4047 4039 4046 
3 4040 4039 4047 
3 4048 3916 3917 
3 4042 3916 4048 
3 4049 3917 3915 
3 4048 3917 4049 
3 4050 3915 3893 
3 4049 3915 4050 
3 4051 4050 3892 
3 4050 3893 3892 
3 4051 3892 4052 
3 4053 4050 4051 
3 4049 4050 4053 
3 4053 4051 4054 
3 4055 4049 4053 
3 4048 4049 4055 
3 4056 4053 4054 
3 4055 4053 4056 
3 4057 4048 4055 
3 4042 4048 4057 
3 4058 4042 4057 
3 4043 4042 4058 
3 4059 4055 4056 
3 4057 4055 4059 
3 4060 4043 4058 
3 4044 4043 4060 
3 4061 4058 4057 
3 4060 4058 4061 
3 4061 4057 4059 
3 4062 4026 4025 
3 4054 4052 4062 
3 4054 4051 4052 
3 4028 4025 4024 
3 4062 4025 4028 
3 4063 4054 4062 
3 4056 4054 4063 
3 4064 4062 4028 
3 4063 4062 4064 
3 4065 4056 4063 
3 4059 4056 4065 
3 4066 4063 4064 
3 4065 4063 4066 
3 4067 4028 4027 
3 4064 4028 4067 
3 4068 4027 4029 
3 4069 4064 4067 
3 4066 4064 4069 
3 4070 4059 4065 
3 4061 4059 4070 
3 4071 4065 4066 
3 4070 4065 4071 
3 4071 4066 4069 
3 4072 4046 4045 
3 4047 4046 4072 
3 4073 4045 4044 
3 4072 4045 4073 
3 4073 4044 4060 
3 4074 4060 4061 
3 4073 4060 4074 
3 4075 4061 4070 
3 4074 4061 4075 
3 4076 4070 4071 
3 4075 4070 4076 
3 4077 4071 4069 
3 4076 4071 4077 
3 4078 4073 4074 
3 4072 4073 4078 
3 4079 4074 4075 
3 4078 4074 4079 
3 4079 4075 4076 
3 4068 4067 4027 
3 4069 4067 4080 
3 4077 4069 4080 
3 4081 4029 4030 
3 4068 4029 4081 
3 4082 4076 4077 
3 4079 4076 4082 
3 4083 4079 4082 
3 4078 4079 4083 
3 4084 4077 4080 
3 4082 4077 4084 
3 4085 4068 4081 
3 4084 4080 4085 
3 4086 4082 4084 
3 4083 4082 4086 
3 4087 4081 4030 
3 4088 4081 4087 
3 4087 4030 4031 
3 4089 4031 4032 
3 4087 4031 4089 
3 4089 4032 4033 
3 4090 4033 4017 
3 4089 4033 4090 
3 4091 4017 4016 
3 4090 4017 4091 
3 4092 4016 4012 
3 4091 4016 4092 
3 4092 4012 4013 
3 4093 4089 4090 
3 4087 4089 4093 
3 4088 4087 4093 
3 4085 4081 4088 
3 4094 4085 4088 
3 4084 4085 4094 
3 4095 4090 4091 
3 4093 4090 4095 
3 4096 4091 4092 
3 4095 4091 4096 
3 4097 4092 4013 
3 4096 4092 4097 
3 4097 4013 4014 
3 4098 4014 4015 
3 4097 4014 4098 
3 4098 4015 4011 
3 4099 4011 4006 
3 4098 4011 4099 
3 4100 4098 4099 
3 4097 4098 4100 
3 4101 4097 4100 
3 4096 4097 4101 
3 4102 4078 4083 
3 4072 4078 4102 
3 4103 4072 4102 
3 4047 4072 4103 
3 4104 4083 4086 
3 4102 4083 4104 
3 4094 4086 4084 
3 4106 4086 4105 
3 4107 4047 4103 
3 4040 4047 4107 
3 4108 4040 4107 
3 4041 4040 4108 
3 4109 4103 4102 
3 4107 4103 4109 
3 4109 4102 4104 
3 4110 4041 4108 
3 3760 4041 4110 
3 3761 3760 4110 
3 3756 3755 3761 
3 4111 3756 3761 
3 4005 3756 4111 
3 4112 4108 4107 
3 4110 4108 4112 
3 4112 4107 4109 
3 4113 4110 4112 
3 3761 4110 4113 
3 4111 3761 4113 
3 4114 4112 4109 
3 4113 4112 4114 
3 4114 4109 4104 
3 4106 4104 4086 
3 4114 4104 4106 
3 4115 4113 4114 
3 4111 4113 4115 
3 4115 4114 4106 
3 4116 4005 4111 
3 4006 4005 4116 
3 4116 4111 4115 
3 4099 4006 4116 
3 4117 4100 4099 
3 4101 4100 4117 
3 4117 4099 4116 
3 4117 4116 4115 
3 4117 4115 4118 
3 4101 4117 4118 
3 4096 4101 4119 
3 4095 4096 4119 
3 4120 4119 4105 
3 4095 4119 4120 
3 4086 4094 4105 
3 4120 4093 4095 
3 4088 4093 4120 
3 3853 3852 3868 
3 3852 3853 3837 
3 3911 3890 3876 
3 3890 4026 3891 
3 3892 3891 4052 
3 3891 3892 3889 
3 4068 4080 4067 
3 4080 4068 4085 
3 4120 4094 4088 
3 4094 4120 4105 
3 4119 4118 4105 
3 4118 4119 4101 
3 4106 4118 4115 
3 4118 4106 4105 
3 3636 3247 3246 
3 3247 3636 3468 
3 3399 3398 3437 
3 3398 3399 3382 
3 3856 3854 3694 
3 3854 3856 3910 
3 4026 4052 3891 
3 4052 4026 4062 
3 1900 2326 1899 
3 1902 2326 1900 
3 1342 1989 2069 
3 2060 1395 1393 
3 2059 2060 1393 
3 2059 1393 1391 
3 2063 2059 1391 
3 2063 1391 1389 
3 2065 2063 1389 
3 1342 2069 2067 
3 1341 1342 2067 
3 1341 2065 1389 
3 2067 2065 1341 
3 2073 1411 1413 
3 4121 1395 2060 
3 1419 1395 4121 
3 4121 2060 2062 
3 4122 2073 1413 
3 2062 2073 4122 
3 4122 1413 1419 
3 4122 4121 2062 
3 1419 4121 4122 
3 2189 447 448 
3 3140 2229 2225 
3 2189 3140 2225 
3 448 3140 2189 
3 4125 4124 4123 
3 4126 4125 4123 
3 4127 4125 4126 
3 4126 4123 4128 
3 4129 4127 4126 
3 4130 4127 4129 
3 4131 2846 2847 
3 2994 2846 4131 
3 4131 2847 4132 
3 4133 4130 4129 
3 4134 4130 4133 
3 4135 4134 4133 
3 4136 4134 4135 
3 4138 4132 4137 
3 4131 4132 4138 
3 4140 4137 4139 
3 4138 4137 4140 
3 4142 4139 4141 
3 4140 4139 4142 
3 4143 4131 4138 
3 2994 4131 4143 
3 2995 2994 4143 
3 4144 2995 4143 
3 2996 2995 4144 
3 2997 2996 4144 
3 4145 2997 4144 
3 2999 2997 4145 
3 4146 2999 4145 
3 3001 2999 4146 
3 4147 3001 4146 
3 3003 3001 4147 
3 4148 3003 4147 
3 3005 3003 4148 
3 4149 3005 4148 
3 3007 3005 4149 
3 2976 3007 4149 
3 4150 2976 4149 
3 2974 2976 4150 
3 4151 2974 4150 
3 2972 2974 4151 
3 4152 2972 4151 
3 2970 2972 4152 
3 4153 2970 4152 
3 2968 2970 4153 
3 4154 2968 4153 
3 2966 2968 4154 
3 4155 2966 4154 
3 2964 2966 4155 
3 4156 2964 4155 
3 2954 2964 4156 
3 4157 2954 4156 
3 2949 2954 4157 
3 4158 2949 4157 
3 2948 2949 4158 
3 4159 2948 4158 
3 4160 2948 4159 
3 4161 4160 4159 
3 4162 4160 4161 
3 4163 4162 4161 
3 4164 4162 4163 
3 4165 4164 4163 
3 4128 4164 4165 
3 4126 4128 4165 
3 4129 4126 4165 
3 4167 4141 4166 
3 4142 4141 4167 
3 4169 4166 4168 
3 4167 4166 4169 
3 4171 4168 4170 
3 4169 4168 4171 
3 4172 4136 4135 
3 4173 4136 4172 
3 4174 4173 4172 
3 4175 4173 4174 
3 4176 4175 4174 
3 4177 4175 4176 
3 4178 4177 4176 
3 4170 4177 4178 
3 4171 4170 4178 
3 4133 4129 4165 
3 4133 4165 4163 
3 4179 4133 4163 
3 4135 4133 4179 
3 4179 4163 4161 
3 4180 4161 4159 
3 4179 4161 4180 
3 4180 4159 4158 
3 4181 4158 4157 
3 4180 4158 4181 
3 4181 4157 4156 
3 4182 4179 4180 
3 4182 4180 4181 
3 4135 4179 4182 
3 4172 4135 4182 
3 4183 4182 4181 
3 4172 4182 4183 
3 4183 4181 4156 
3 4174 4172 4183 
3 4184 4156 4155 
3 4183 4156 4184 
3 4174 4183 4184 
3 4176 4174 4184 
3 4176 4184 4155 
3 4176 4155 4154 
3 4178 4176 4154 
3 4178 4154 4153 
3 4171 4178 4153 
3 4171 4153 4152 
3 4169 4171 4152 
3 4169 4152 4151 
3 4185 4169 4151 
3 4167 4169 4185 
3 4185 4151 4150 
3 4150 4149 4148 
3 4185 4150 4148 
3 4185 4148 4147 
3 4167 4185 4147 
3 4146 4167 4147 
3 4142 4167 4146 
3 4142 4146 4145 
3 4140 4142 4145 
3 4140 4145 4144 
3 4143 4140 4144 
3 4138 4140 4143 
3 4186 4160 4162 
3 4189 4188 4187 
3 4190 4188 4189 
3 4192 4187 4191 
3 4189 4187 4192 
3 4193 4186 4162 
3 4194 4186 4193 
3 4193 4162 4164 
3 4196 4191 4195 
3 4192 4191 4196 
3 4197 4194 4193 
3 4198 4194 4197 
3 4199 4198 4197 
3 4200 4198 4199 
3 4201 4200 4199 
3 4202 4200 4201 
3 4203 4202 4201 
3 4204 4202 4203 
3 4205 4204 4203 
3 4206 4204 4205 
3 4207 4206 4205 
3 4208 4206 4207 
3 4209 4208 4207 
3 4210 4208 4209 
3 4211 4210 4209 
3 4212 4210 4211 
3 4213 4212 4211 
3 4214 4212 4213 
3 4215 4214 4213 
3 4216 4214 4215 
3 4217 4216 4215 
3 4218 4216 4217 
3 4219 4218 4217 
3 4195 4218 4219 
3 4196 4195 4219 
3 4220 4190 4189 
3 4221 4190 4220 
3 4223 3084 4222 
3 3083 3084 4223 
3 4225 4222 4224 
3 4223 4222 4225 
3 4227 4224 4226 
3 4225 4224 4227 
3 4229 4226 4228 
3 4227 4226 4229 
3 4230 3083 4223 
3 3087 3083 4230 
3 4232 4228 4231 
3 4229 4228 4232 
3 4234 4231 4233 
3 4232 4231 4234 
3 4236 4233 4235 
3 4234 4233 4236 
3 4237 4235 4221 
3 4236 4235 4237 
3 4237 4221 4220 
3 4238 3087 4230 
3 3093 3087 4238 
3 4239 3093 4238 
3 3094 3093 4239 
3 4240 3094 4239 
3 3106 3094 4240 
3 4241 3106 4240 
3 3105 3106 4241 
3 4242 3105 4241 
3 3095 3105 4242 
3 4243 3095 4242 
3 3097 3095 4243 
3 4244 3097 4243 
3 3099 3097 4244 
3 4245 3099 4244 
3 3100 3099 4245 
3 4246 3100 4245 
3 3108 3100 4246 
3 4247 3108 4246 
3 3109 3108 4247 
3 4248 3109 4247 
3 3110 3109 4248 
3 4249 3110 4248 
3 3113 3110 4249 
3 4250 3113 4249 
3 3112 3113 4250 
3 4251 3112 4250 
3 3111 3112 4251 
3 4252 3111 4251 
3 4253 4252 4251 
3 4254 4252 4253 
3 4255 4254 4253 
3 4256 4254 4255 
3 4257 4256 4255 
3 4258 4256 4257 
3 4259 4258 4257 
3 4260 4258 4259 
3 4261 4260 4259 
3 4262 4260 4261 
3 4263 4262 4261 
3 4264 4262 4263 
3 4265 4264 4263 
3 4266 4264 4265 
3 4267 4266 4265 
3 4268 4266 4267 
3 4269 4268 4267 
3 4270 4268 4269 
3 4271 4270 4269 
3 4272 4164 4128 
3 4193 4164 4272 
3 4273 4128 4123 
3 4272 4128 4273 
3 4274 4123 4124 
3 4273 4123 4274 
3 4276 4124 4275 
3 4274 4124 4276 
3 4276 4275 4277 
3 4278 4277 4271 
3 4276 4277 4278 
3 4279 4271 4269 
3 4278 4271 4279 
3 4280 4193 4272 
3 4197 4193 4280 
3 4281 4189 4192 
3 4220 4189 4281 
3 4282 4192 4196 
3 4281 4192 4282 
3 4283 4220 4281 
3 4237 4220 4283 
3 4284 4281 4282 
3 4283 4281 4284 
3 4285 4196 4219 
3 4282 4196 4285 
3 4287 4286 4280 
3 4286 4197 4280 
3 4288 4225 4227 
3 4223 4225 4288 
3 4230 4223 4288 
3 4289 4227 4229 
3 4288 4227 4289 
3 4290 4229 4232 
3 4289 4229 4290 
3 4291 4230 4288 
3 4238 4230 4291 
3 4291 4288 4289 
3 4292 4232 4234 
3 4290 4232 4292 
3 4293 4234 4236 
3 4292 4234 4293 
3 4294 4236 4237 
3 4293 4236 4294 
3 4294 4237 4283 
3 4295 4238 4291 
3 4239 4238 4295 
3 4296 4239 4295 
3 4240 4239 4296 
3 4297 4291 4289 
3 4295 4291 4297 
3 4297 4289 4290 
3 4298 4290 4292 
3 4297 4290 4298 
3 4299 4295 4297 
3 4296 4295 4299 
3 4300 4297 4298 
3 4299 4297 4300 
3 4301 4292 4293 
3 4298 4292 4301 
3 4302 4298 4301 
3 4300 4298 4302 
3 4303 4293 4294 
3 4301 4293 4303 
3 4304 4301 4303 
3 4302 4301 4304 
3 4305 4294 4283 
3 4303 4294 4305 
3 4305 4283 4284 
3 4306 4303 4305 
3 4304 4303 4306 
3 4307 4240 4296 
3 4241 4240 4307 
3 4308 4296 4299 
3 4307 4296 4308 
3 4309 4299 4300 
3 4308 4299 4309 
3 4309 4300 4302 
3 4310 4302 4304 
3 4309 4302 4310 
3 4311 4304 4306 
3 4310 4304 4311 
3 4312 4241 4307 
3 4242 4241 4312 
3 4313 4307 4308 
3 4312 4307 4313 
3 4314 4308 4309 
3 4313 4308 4314 
3 4314 4309 4310 
3 4315 4310 4311 
3 4314 4310 4315 
3 4316 4314 4315 
3 4313 4314 4316 
3 4317 4313 4316 
3 4312 4313 4317 
3 4318 4312 4317 
3 4242 4312 4318 
3 4319 4242 4318 
3 4243 4242 4319 
3 4320 4243 4319 
3 4244 4243 4320 
3 4321 4244 4320 
3 4245 4244 4321 
3 4322 4245 4321 
3 4246 4245 4322 
3 4323 4246 4322 
3 4247 4246 4323 
3 4324 4247 4323 
3 4248 4247 4324 
3 4325 4248 4324 
3 4249 4248 4325 
3 4326 4249 4325 
3 4250 4249 4326 
3 4327 4250 4326 
3 4251 4250 4327 
3 4253 4251 4327 
3 4328 4272 4273 
3 4280 4272 4328 
3 4287 4280 4328 
3 4329 4273 4274 
3 4328 4273 4329 
3 4330 4274 4276 
3 4329 4274 4330 
3 4330 4276 4278 
3 4331 4278 4279 
3 4330 4278 4331 
3 4332 4282 4285 
3 4284 4282 4332 
3 4333 4284 4332 
3 4305 4284 4333 
3 4306 4305 4333 
3 4334 4306 4333 
3 4311 4306 4334 
3 4335 4311 4334 
3 4315 4311 4335 
3 4336 4315 4335 
3 4316 4315 4336 
3 4337 4316 4336 
3 4317 4316 4337 
3 4338 4317 4337 
3 4318 4317 4338 
3 4339 4318 4338 
3 4319 4318 4339 
3 4320 4319 4339 
3 4340 4320 4339 
3 4321 4320 4340 
3 4341 4321 4340 
3 4322 4321 4341 
3 4342 4322 4341 
3 4323 4322 4342 
3 4343 4323 4342 
3 4324 4323 4343 
3 4344 4324 4343 
3 4325 4324 4344 
3 4345 4325 4344 
3 4326 4325 4345 
3 4346 4326 4345 
3 4327 4326 4346 
3 4347 4327 4346 
3 4253 4327 4347 
3 4348 4253 4347 
3 4255 4253 4348 
3 4349 4255 4348 
3 4257 4255 4349 
3 4350 4257 4349 
3 4259 4257 4350 
3 4351 4259 4350 
3 4261 4259 4351 
3 4352 4261 4351 
3 4263 4261 4352 
3 4353 4263 4352 
3 4265 4263 4353 
3 4354 4265 4353 
3 4267 4265 4354 
3 4355 4267 4354 
3 4269 4267 4355 
3 4279 4269 4355 
3 4356 4279 4355 
3 4331 4279 4356 
3 4357 4355 4354 
3 4356 4355 4357 
3 4358 4354 4353 
3 4357 4354 4358 
3 4359 4353 4352 
3 4358 4353 4359 
3 4360 4352 4351 
3 4359 4352 4360 
3 4361 4351 4350 
3 4360 4351 4361 
3 4362 4350 4349 
3 4361 4350 4362 
3 4363 4349 4348 
3 4362 4349 4363 
3 4363 4348 4347 
3 4364 4339 4338 
3 4340 4339 4364 
3 4365 4338 4337 
3 4364 4338 4365 
3 4366 4340 4364 
3 4341 4340 4366 
3 4367 4341 4366 
3 4342 4341 4367 
3 4368 4342 4367 
3 4343 4342 4368 
3 4369 4337 4336 
3 4365 4337 4369 
3 4370 4336 4335 
3 4369 4336 4370 
3 4371 4343 4368 
3 4344 4343 4371 
3 4372 4344 4371 
3 4345 4344 4372 
3 4373 4345 4372 
3 4346 4345 4373 
3 4374 4346 4373 
3 4347 4346 4374 
3 4363 4347 4374 
3 4375 4335 4334 
3 4370 4335 4375 
3 4375 4334 4333 
3 4376 4333 4332 
3 4375 4333 4376 
3 4377 4364 4365 
3 4366 4364 4377 
3 4378 4365 4369 
3 4377 4365 4378 
3 4379 4369 4370 
3 4378 4369 4379 
3 4380 4370 4375 
3 4379 4370 4380 
3 4380 4375 4376 
3 4381 4366 4377 
3 4367 4366 4381 
3 4382 4367 4381 
3 4368 4367 4382 
3 4383 4368 4382 
3 4371 4368 4383 
3 4384 4371 4383 
3 4372 4371 4384 
3 4385 4372 4384 
3 4373 4372 4385 
3 4386 4373 4385 
3 4374 4373 4386 
3 4387 4374 4386 
3 4363 4374 4387 
3 4388 4363 4387 
3 4362 4363 4388 
3 4389 4362 4388 
3 4361 4362 4389 
3 4390 4361 4389 
3 4360 4361 4390 
3 4391 4360 4390 
3 4359 4360 4391 
3 4392 4359 4391 
3 4358 4359 4392 
3 4393 4358 4392 
3 4357 4358 4393 
3 4394 4357 4393 
3 4356 4357 4394 
3 4395 4356 4394 
3 4331 4356 4395 
3 4330 4331 4395 
3 4396 4330 4395 
3 4329 4330 4396 
3 4397 4329 4396 
3 4328 4329 4397 
3 4287 4328 4397 
3 4398 4377 4378 
3 4381 4377 4398 
3 4399 4378 4379 
3 4398 4378 4399 
3 4400 4379 4380 
3 4399 4379 4400 
3 4401 4380 4376 
3 4400 4380 4401 
3 4402 4376 4332 
3 4401 4376 4402 
3 4402 4332 4285 
3 4403 4381 4398 
3 4382 4381 4403 
3 4404 4398 4399 
3 4403 4398 4404 
3 4405 4399 4400 
3 4404 4399 4405 
3 4406 4400 4401 
3 4405 4400 4406 
3 4407 4382 4403 
3 4383 4382 4407 
3 4408 4383 4407 
3 4384 4383 4408 
3 4409 4384 4408 
3 4385 4384 4409 
3 4410 4385 4409 
3 4386 4385 4410 
3 4411 4386 4410 
3 4387 4386 4411 
3 4412 4387 4411 
3 4388 4387 4412 
3 4413 4388 4412 
3 4389 4388 4413 
3 4414 4389 4413 
3 4390 4389 4414 
3 4415 4390 4414 
3 4391 4390 4415 
3 4416 4391 4415 
3 4392 4391 4416 
3 4417 4392 4416 
3 4393 4392 4417 
3 4418 4393 4417 
3 4394 4393 4418 
3 4419 4394 4418 
3 4395 4394 4419 
3 4396 4395 4419 
3 4420 4396 4419 
3 4397 4396 4420 
3 4421 4397 4420 
3 4287 4397 4421 
3 4422 4403 4404 
3 4407 4403 4422 
3 4423 4404 4405 
3 4422 4404 4423 
3 4424 4405 4406 
3 4423 4405 4424 
3 4425 4407 4422 
3 4408 4407 4425 
3 4426 4408 4425 
3 4409 4408 4426 
3 4427 4409 4426 
3 4410 4409 4427 
3 4411 4410 4427 
3 4428 4422 4423 
3 4425 4422 4428 
3 4429 4423 4424 
3 4428 4423 4429 
3 4430 4425 4428 
3 4426 4425 4430 
3 4431 4426 4430 
3 4427 4426 4431 
3 4432 4428 4429 
3 4430 4428 4432 
3 4433 4430 4432 
3 4431 4430 4433 
3 4434 4427 4431 
3 4411 4427 4434 
3 4412 4411 4434 
3 4435 4412 4434 
3 4413 4412 4435 
3 4414 4413 4435 
3 4436 4431 4433 
3 4434 4431 4436 
3 4437 4434 4436 
3 4435 4434 4437 
3 4438 4435 4437 
3 4414 4435 4438 
3 4415 4414 4438 
3 4439 4415 4438 
3 4416 4415 4439 
3 4440 4416 4439 
3 4417 4416 4440 
3 4441 4417 4440 
3 4418 4417 4441 
3 4442 4418 4441 
3 4419 4418 4442 
3 4420 4419 4442 
3 4443 4420 4442 
3 4421 4420 4443 
3 4444 4287 4421 
3 4286 4287 4444 
3 4444 4421 4443 
3 4445 4286 4444 
3 4201 4199 4445 
3 4446 4201 4445 
3 4203 4201 4446 
3 4447 4445 4444 
3 4446 4445 4447 
3 4448 4444 4443 
3 4447 4444 4448 
3 4449 4443 4442 
3 4448 4443 4449 
3 4449 4442 4441 
3 4450 4441 4440 
3 4449 4441 4450 
3 4451 4440 4439 
3 4450 4440 4451 
3 4451 4439 4438 
3 4452 4438 4437 
3 4451 4438 4452 
3 4453 4437 4436 
3 4452 4437 4453 
3 4454 4436 4433 
3 4453 4436 4454 
3 4455 4433 4432 
3 4454 4433 4455 
3 4456 4432 4429 
3 4455 4432 4456 
3 4457 4429 4424 
3 4456 4429 4457 
3 4458 4424 4406 
3 4457 4424 4458 
3 4459 4406 4401 
3 4459 4401 4402 
3 4458 4406 4459 
3 4460 4402 4285 
3 4459 4402 4460 
3 4461 4285 4219 
3 4461 4219 4217 
3 4460 4285 4461 
3 4462 4217 4215 
3 4461 4217 4462 
3 4463 4215 4213 
3 4462 4215 4463 
3 4464 4213 4211 
3 4463 4213 4464 
3 4465 4211 4209 
3 4464 4211 4465 
3 4466 4209 4207 
3 4465 4209 4466 
3 4466 4207 4205 
3 4467 4203 4446 
3 4205 4203 4467 
3 4466 4205 4467 
3 4468 4446 4447 
3 4467 4446 4468 
3 4469 4447 4448 
3 4468 4447 4469 
3 4470 4448 4449 
3 4469 4448 4470 
3 4471 4449 4450 
3 4470 4449 4471 
3 4472 4450 4451 
3 4471 4450 4472 
3 4472 4451 4452 
3 4473 4452 4453 
3 4472 4452 4473 
3 4473 4453 4454 
3 4474 4454 4455 
3 4473 4454 4474 
3 4475 4473 4474 
3 4472 4473 4476 
3 4477 4471 4476 
3 4471 4472 4476 
3 4470 4471 4477 
3 4469 4470 4477 
3 4478 4469 4477 
3 4468 4469 4478 
3 4479 4477 4476 
3 4478 4477 4479 
3 4480 4468 4478 
3 4467 4468 4480 
3 4466 4467 4480 
3 4481 4466 4480 
3 4465 4466 4481 
3 4482 4465 4481 
3 4464 4465 4482 
3 4483 4464 4482 
3 4463 4464 4483 
3 4484 4463 4483 
3 4462 4463 4484 
3 4485 4478 4479 
3 4480 4478 4485 
3 4481 4480 4485 
3 4486 4481 4485 
3 4486 4482 4481 
3 4483 4482 4486 
3 4487 4483 4486 
3 4484 4483 4487 
3 4488 4485 4479 
3 4486 4485 4488 
3 4488 4479 4475 
3 4489 4475 4474 
3 4487 4486 4488 
3 4489 4488 4475 
3 4487 4488 4490 
3 4491 4474 4455 
3 4489 4474 4491 
3 4491 4455 4456 
3 4492 4456 4457 
3 4491 4456 4492 
3 4489 4491 4492 
3 4490 4489 4492 
3 4494 4490 4493 
3 4484 4487 4494 
3 4495 4484 4494 
3 4462 4484 4495 
3 4461 4462 4495 
3 4460 4461 4495 
3 4496 4460 4495 
3 4459 4460 4496 
3 4496 4495 4494 
3 4496 4494 4493 
3 4458 4493 4457 
3 4458 4496 4493 
3 4459 4496 4458 
3 4286 4199 4197 
3 4199 4286 4445 
3 4490 4488 4489 
3 4487 4490 4494 
3 4476 4475 4479 
3 4475 4476 4473 
3 4493 4492 4457 
3 4492 4493 4490 
3 4499 4498 4497 
3 3151 3152 4500 
3 4501 4499 4497 
3 4501 4497 4502 
3 4503 4501 4502 
3 4503 4502 4504 
3 4505 4503 4504 
3 4505 4504 4506 
3 4507 4505 4506 
3 4507 4506 4508 
3 4509 4507 4508 
3 3151 4500 4510 
3 3173 3151 4510 
3 3173 4510 4511 
3 3171 3173 4511 
3 3171 4511 4512 
3 3169 3171 4512 
3 3169 4512 4513 
3 3167 3169 4513 
3 3167 4513 4514 
3 3150 3167 4514 
3 3150 4514 4515 
3 3148 3150 4515 
3 3148 4515 4516 
3 3146 3148 4516 
3 3146 4516 4517 
3 3144 3146 4517 
3 3144 4517 4518 
3 4518 4508 3144 
3 4509 4508 4518 
3 3135 4498 4519 
3 3325 4497 4498 
3 3329 4502 4497 
3 3331 4504 4502 
3 3333 4506 4504 
3 3335 4508 4506 
3 3143 3144 4508 
3 4508 3335 3143 
3 4506 3333 3335 
3 4504 3331 3333 
3 4502 3329 3331 
3 3327 3329 4497 
3 3325 3327 4497 
3 3135 3325 4498 
3 3134 3135 4519 
3 4216 4218 3158 
3 4520 3158 2003 
3 4216 3158 4520 
3 4214 4216 4520 
3 4521 2948 4160 
3 2947 2948 4521 
3 4521 4160 4186 
3 4522 4186 4194 
3 4521 4186 4522 
3 4523 4194 4198 
3 4522 4194 4523 
3 4524 4198 4200 
3 4523 4198 4524 
3 4525 4200 4202 
3 4524 4200 4525 
3 4526 4202 4204 
3 4525 4202 4526 
3 4527 4204 4206 
3 4526 4204 4527 
3 4528 2003 2004 
3 4520 2003 4528 
3 4529 2947 4521 
3 2950 2947 4529 
3 4530 2950 4529 
3 2955 2950 4530 
3 4531 4520 4528 
3 4214 4520 4531 
3 4212 4214 4531 
3 4532 2004 2010 
3 4528 2004 4532 
3 4533 2010 2033 
3 4532 2010 4533 
3 4534 2033 2055 
3 4533 2033 4534 
3 4535 2055 2041 
3 4534 2055 4535 
3 4536 2041 2039 
3 4535 2041 4536 
3 4537 2039 2037 
3 4536 2039 4537 
3 4538 2037 2036 
3 4537 2037 4538 
3 4539 2036 2006 
3 4538 2036 4539 
3 4540 2006 2007 
3 4539 2006 4540 
3 4541 2007 2978 
3 4540 2007 4541 
3 4542 2978 2957 
3 4541 2978 4542 
3 4543 2957 2955 
3 4542 2957 4543 
3 4543 2955 4530 
3 4544 4212 4531 
3 4210 4212 4544 
3 4545 4206 4208 
3 4527 4206 4545 
3 4546 4208 4210 
3 4545 4208 4546 
3 4546 4210 4544 
3 4529 4521 4522 
3 4547 4531 4528 
3 4544 4531 4547 
3 4547 4528 4532 
3 4548 4532 4533 
3 4547 4532 4548 
3 4544 4547 4548 
3 4546 4544 4548 
3 4549 4533 4534 
3 4548 4533 4549 
3 4546 4548 4549 
3 4550 4534 4535 
3 4549 4534 4550 
3 4550 4535 4536 
3 4551 4549 4550 
3 4546 4549 4551 
3 4545 4546 4551 
3 4552 4536 4537 
3 4550 4536 4552 
3 4551 4550 4552 
3 4553 4551 4552 
3 4545 4551 4553 
3 4554 4545 4553 
3 4527 4545 4554 
3 4555 4537 4538 
3 4552 4537 4555 
3 4553 4552 4555 
3 4556 4553 4555 
3 4554 4553 4556 
3 4557 4555 4538 
3 4556 4555 4557 
3 4557 4538 4539 
3 4558 4522 4523 
3 4529 4522 4558 
3 4530 4529 4558 
3 4559 4523 4524 
3 4558 4523 4559 
3 4560 4524 4525 
3 4559 4524 4560 
3 4561 4558 4559 
3 4530 4558 4561 
3 4543 4530 4561 
3 4561 4559 4560 
3 4562 4525 4526 
3 4560 4525 4562 
3 4563 4526 4527 
3 4562 4526 4563 
3 4563 4527 4554 
3 4564 4554 4556 
3 4563 4554 4564 
3 4565 4563 4564 
3 4562 4563 4565 
3 4566 4562 4565 
3 4560 4562 4566 
3 4561 4560 4566 
3 4567 4561 4566 
3 4543 4561 4567 
3 4542 4543 4567 
3 4568 4556 4557 
3 4564 4556 4568 
3 4565 4564 4568 
3 4569 4557 4539 
3 4568 4557 4569 
3 4569 4539 4540 
3 4570 4542 4567 
3 4541 4542 4570 
3 4540 4541 4570 
3 4569 4540 4570 
3 4571 4569 4570 
3 4568 4569 4571 
3 4565 4568 4571 
3 4571 4570 4567 
3 4566 4571 4567 
3 4565 4571 4566 
3 4572 3203 3205 
3 4572 3205 3309 
3 4573 4572 3309 
3 4573 3309 3307 
3 4574 4573 3307 
3 4574 3307 3305 
3 4575 4574 3305 
3 3297 1618 1620 
3 4575 3305 3303 
3 4576 4575 3303 
3 3299 3297 1620 
3 3299 1620 1641 
3 3299 1641 4577 
3 3301 3299 4577 
3 4576 3301 4577 
3 3303 3301 4576 
3 4578 3137 3138 
3 4578 3138 3195 
3 4579 3162 4188 
3 3164 3162 4579 
3 4580 3164 4579 
3 4579 4188 4190 
3 4581 4578 3195 
3 4582 4578 4581 
3 4581 3195 3197 
3 4585 4584 4583 
3 4586 4584 4585 
3 4585 4583 4587 
3 4589 4587 4588 
3 4585 4587 4589 
3 4590 4582 4581 
3 4588 4582 4590 
3 4589 4588 4590 
3 4592 3199 4591 
3 3197 3199 4592 
3 4581 3197 4592 
3 4580 4579 4190 
3 4593 4580 4190 
3 4593 4190 4221 
3 4593 4221 4235 
3 4594 4593 4235 
3 4594 4235 4233 
3 4595 4594 4233 
3 4595 4233 4231 
3 4596 4595 4231 
3 4596 4231 4228 
3 4597 4596 4228 
3 4597 4228 4226 
3 4598 4597 4226 
3 4598 4226 4224 
3 4599 4598 4224 
3 4599 4224 4222 
3 4600 4599 4222 
3 4600 4222 4601 
3 4602 4600 4601 
3 4602 4601 4603 
3 4604 4602 4603 
3 4604 4603 4605 
3 4606 4604 4605 
3 4607 4605 4586 
3 4606 4605 4607 
3 4591 4606 4607 
3 4592 4591 4607 
3 4590 4581 4592 
3 4590 4592 4607 
3 4589 4590 4607 
3 4586 4589 4607 
3 4585 4589 4586 
3 3162 4187 4188 
3 3160 4191 4187 
3 3157 4195 4191 
3 3157 4218 4195 
3 3157 3158 4218 
3 4191 3160 3157 
3 3162 3160 4187 
3 3199 3201 4591 
3 4591 3201 3267 
3 4606 4591 3267 
3 3182 3180 4608 
3 3288 3182 4608 
3 3288 4608 4609 
3 3286 3288 4609 
3 3286 4609 4610 
3 3284 3286 4610 
3 3284 4610 4611 
3 3282 3284 4611 
3 4606 3267 4604 
3 4604 3267 3268 
3 4602 4604 3268 
3 4602 3268 3270 
3 4600 4602 3270 
3 4600 3270 3274 
3 4599 4600 3274 
3 4599 3274 3276 
3 4598 4599 3276 
3 4598 3276 3278 
3 4597 4598 3278 
3 4597 3278 3280 
3 4596 4597 3280 
3 4611 4596 3280 
3 4611 3280 3282 
3 4595 4596 4611 
3 4595 4611 4610 
3 4594 4595 4610 
3 4594 4610 4609 
3 4593 4594 4609 
3 4593 4609 4608 
3 4580 4593 4608 
3 3180 4580 4608 
3 3164 4580 3180 
3 4132 2847 379 
3 4132 379 380 
3 380 4137 4132 
3 355 4137 380 
3 2307 361 359 
3 4612 4137 355 
3 4612 355 349 
3 4613 4612 349 
3 4613 349 305 
3 4614 4613 305 
3 4614 305 306 
3 4615 4614 306 
3 4615 306 2327 
3 4616 4615 2327 
3 4616 2327 2328 
3 4617 4616 2328 
3 4617 2328 2329 
3 4618 4617 2329 
3 4618 2329 2330 
3 4619 4618 2330 
3 4619 2330 2331 
3 4620 4619 2331 
3 4620 2331 2332 
3 4621 4620 2332 
3 4621 2332 2333 
3 4622 4621 2333 
3 4622 2333 2334 
3 2309 2307 359 
3 2309 359 357 
3 4622 2334 2335 
3 4623 4622 2335 
3 4623 2335 2337 
3 4624 4623 2337 
3 4624 2337 2339 
3 4625 4624 2339 
3 4625 2339 2341 
3 4626 4625 2341 
3 4626 2341 2343 
3 4627 4626 2343 
3 4628 4627 2343 
3 4628 2343 2317 
3 4629 4628 2317 
3 4629 2317 2315 
3 4630 4629 2315 
3 4630 2315 2313 
3 351 4630 2313 
3 354 351 2313 
3 354 2313 2311 
3 2311 357 354 
3 2309 357 2311 
3 353 356 2861 
3 3117 3111 4252 
3 353 2861 2857 
3 352 353 2857 
3 352 2857 2858 
3 4631 352 2858 
3 4631 2858 3131 
3 4632 4631 3131 
3 4632 3131 3130 
3 4633 4632 3130 
3 4633 3130 3132 
3 4634 4633 3132 
3 4634 3132 3127 
3 4262 4634 3127 
3 4260 4262 3127 
3 4260 3127 3125 
3 4258 4260 3125 
3 4258 3125 3123 
3 4256 4258 3123 
3 4256 3123 3122 
3 4254 4256 3122 
3 4254 3122 3114 
3 3114 4252 4254 
3 3117 4252 3114 
3 4139 4137 4612 
3 4141 4139 4612 
3 4141 4612 4613 
3 4166 4141 4613 
3 4166 4613 4614 
3 4168 4166 4614 
3 4168 4614 4615 
3 4170 4168 4615 
3 4170 4615 4616 
3 4177 4170 4616 
3 4177 4616 4617 
3 4175 4177 4617 
3 4175 4617 4618 
3 4173 4175 4618 
3 4173 4618 4619 
3 4136 4173 4619 
3 4136 4619 4620 
3 4134 4136 4620 
3 4134 4620 4621 
3 4130 4134 4621 
3 4130 4621 4622 
3 4127 4130 4622 
3 4127 4622 4623 
3 4125 4127 4623 
3 4125 4623 4624 
3 4124 4125 4624 
3 4275 4124 4624 
3 4275 4624 4625 
3 4635 4270 4271 
3 4627 4270 4635 
3 4626 4627 4635 
3 4635 4271 4277 
3 4636 4275 4625 
3 4277 4275 4636 
3 4636 4625 4626 
3 4636 4635 4277 
3 4626 4635 4636 
3 4634 4262 4264 
3 4630 351 352 
3 4630 352 4631 
3 4629 4630 4631 
3 4637 4264 4266 
3 4634 4264 4637 
3 4633 4634 4637 
3 4638 4631 4632 
3 4629 4631 4638 
3 4628 4629 4638 
3 4639 4627 4628 
3 4270 4627 4639 
3 4639 4628 4638 
3 4268 4270 4639 
3 4640 4639 4638 
3 4268 4639 4640 
3 4266 4268 4640 
3 4637 4266 4640 
3 4640 4638 4632 
3 4633 4640 4632 
3 4637 4640 4633 
3 457 400 401 
3 2562 393 394 
3 393 2562 483 
3 2444 2405 2561 
3 4641 625 627 
3 549 4643 4642 
3 4644 4641 627 
3 549 4642 4645 
3 548 549 4645 
3 548 4645 4646 
3 552 548 4646 
3 552 4646 4647 
3 628 552 4647 
3 628 4647 4648 
3 630 628 4648 
3 630 4648 4649 
3 630 4644 627 
3 4649 4644 630 
3 1600 1599 1785 
3 1770 1767 2352 
3 1600 1785 1784 
3 1621 1600 1784 
3 1621 1784 1783 
3 1623 1621 1783 
3 1623 1783 1782 
3 1625 1623 1782 
3 1625 1782 1781 
3 1670 1625 1781 
3 1670 1781 1780 
3 1672 1670 1780 
3 1672 1780 1779 
3 1673 1672 1779 
3 1673 1779 1778 
3 1674 1673 1778 
3 1674 1778 1777 
3 2358 1674 1777 
3 4650 1777 1776 
3 2358 1777 4650 
3 2357 2358 4650 
3 4651 1770 2352 
3 1771 1770 4651 
3 4651 2352 2353 
3 4652 1771 4651 
3 1772 1771 4652 
3 4653 1772 4652 
3 1773 1772 4653 
3 4654 1773 4653 
3 1774 1773 4654 
3 4655 1776 1775 
3 4650 1776 4655 
3 4656 1775 1774 
3 4655 1775 4656 
3 4656 1774 4654 
3 4657 4651 2353 
3 4652 4651 4657 
3 4657 2353 2354 
3 4658 2354 2355 
3 4657 2354 4658 
3 2357 4650 4655 
3 2356 2357 4655 
3 2356 4655 4656 
3 2355 2356 4656 
3 2355 4656 4654 
3 4658 2355 4654 
3 4658 4654 4653 
3 4653 4657 4658 
3 4652 4657 4653 
3 551 4643 549 
3 491 4643 551 
3 4659 4648 4647 
3 4660 4659 4647 
3 4660 4647 4646 
3 4661 4660 4646 
3 4661 4646 4645 
3 1592 4505 4507 
3 4661 4645 4642 
3 4662 4661 4642 
3 4662 4642 4663 
3 4664 4662 4663 
3 4664 4663 492 
3 1591 1592 4507 
3 1591 4507 4509 
3 1800 1591 4509 
3 1800 4509 4518 
3 1802 1800 4518 
3 1802 4518 4517 
3 1796 1802 4517 
3 1796 4517 4516 
3 1794 1796 4516 
3 1794 4516 4665 
3 1789 1794 4665 
3 1789 4665 4666 
3 1766 1789 4666 
3 1766 4666 4667 
3 1765 1766 4667 
3 1765 4667 4668 
3 495 1765 4668 
3 495 4668 4669 
3 494 495 4669 
3 4664 494 4669 
3 492 494 4664 
3 571 573 1787 
3 1765 495 501 
3 1764 1765 501 
3 1764 501 517 
3 1790 1764 517 
3 1790 517 555 
3 1809 1790 555 
3 1809 555 557 
3 1808 1809 557 
3 1808 557 559 
3 1807 1808 559 
3 1807 559 561 
3 1806 1807 561 
3 1806 561 563 
3 1805 1806 563 
3 1805 563 565 
3 1798 1805 565 
3 1798 565 567 
3 1792 1798 567 
3 1792 567 569 
3 569 1787 1792 
3 571 1787 569 
3 4643 4663 4642 
3 492 4663 491 
3 4643 491 4663 
3 4670 30 27 
3 4641 4644 3227 
3 4587 4583 4671 
3 625 4641 3227 
3 625 3227 3229 
3 623 625 3229 
3 623 3229 3192 
3 547 623 3192 
3 547 3192 3190 
3 509 547 3190 
3 509 3190 3188 
3 4 509 3188 
3 4 3188 3186 
3 3 4 3186 
3 3 3186 3184 
3 9 3 3184 
3 9 3184 3136 
3 11 9 3136 
3 11 3136 3137 
3 4672 4670 27 
3 4672 27 25 
3 4673 4672 25 
3 4673 25 24 
3 4674 11 3137 
3 13 11 4674 
3 4674 3137 4578 
3 4675 13 4674 
3 16 13 4675 
3 4676 4673 24 
3 4677 4673 4676 
3 4676 24 22 
3 4675 4674 4578 
3 4675 4578 4582 
3 4678 4677 4676 
3 4671 4677 4678 
3 4587 4671 4678 
3 4679 4675 4582 
3 16 4675 4679 
3 18 16 4679 
3 4679 4582 4588 
3 4680 4679 4588 
3 18 4679 4680 
3 20 18 4680 
3 4680 4588 4587 
3 4680 4587 4678 
3 20 4680 4678 
3 4678 22 20 
3 4676 22 4678 
3 3096 32 30 
3 4601 4222 3084 
3 3098 3096 30 
3 3098 30 4670 
3 3104 3098 4670 
3 3104 4670 4672 
3 3101 3104 4672 
3 3101 4672 4673 
3 3103 3101 4673 
3 3103 4673 4677 
3 3107 3103 4677 
3 3107 4677 4671 
3 3088 3107 4671 
3 3088 4671 4583 
3 3090 3088 4583 
3 3090 4583 4584 
3 3090 4584 4681 
3 3082 3090 4681 
3 3082 4681 4682 
3 4603 4601 3084 
3 3082 4603 3084 
3 4682 4603 3082 
3 1725 1727 3210 
3 4577 1641 1643 
3 4577 1643 1646 
3 4576 4577 1646 
3 4576 1646 1648 
3 4575 4576 1648 
3 4575 1648 1684 
3 4574 4575 1684 
3 4574 1684 1686 
3 4573 4574 1686 
3 4573 1686 1688 
3 4572 4573 1688 
3 4572 1688 1695 
3 3203 4572 1695 
3 3203 1695 1719 
3 3202 3203 1719 
3 3202 1719 1721 
3 3206 3202 1721 
3 3206 1721 1723 
3 3208 3206 1723 
3 1725 3208 1723 
3 3210 3208 1725 
3 4605 4603 4682 
3 4605 4681 4586 
3 4682 4681 4605 
3 4681 4584 4586 
3 1595 1598 4499 
3 1595 4499 4501 
3 4505 1592 1593 
3 4503 4505 1593 
3 4501 1593 1595 
3 4503 1593 4501 
3 4499 1598 4498 
3 4498 1598 1627 
3 4519 4498 1627 
3 4519 1627 1628 
3 3134 4519 1628 
3 3134 1628 1630 
3 3133 3134 1630 
3 1636 3292 3294 
3 1634 1636 3294 
3 1634 3294 3319 
3 1632 1634 3319 
3 1632 3319 3321 
3 1630 3321 3133 
3 1632 3321 1630 
3 3292 1636 1638 
3 1618 3297 3295 
3 3291 3292 1638 
3 3291 1638 1617 
3 1617 3295 3291 
3 1618 3295 1617 
3 1674 2358 1675 
3 4665 4516 4515 
3 4666 4665 4515 
3 4666 4515 4514 
3 4667 4666 4514 
3 4667 4514 4513 
3 4668 4667 4513 
3 4668 4513 4512 
3 4669 4668 4512 
3 4669 4512 4511 
3 4664 4669 4511 
3 4664 4511 4510 
3 4662 4664 4510 
3 4662 4510 4500 
3 4661 4662 4500 
3 4500 4660 4661 
3 3152 4660 4500 
3 4644 3226 3227 
3 4649 3230 3226 
3 4648 3154 3230 
3 3152 4659 4660 
3 3154 4648 4659 
3 3152 3154 4659 
3 3230 4649 4648 
3 3226 4644 4649 
